timestamp,AdvA,payload,CFO_Hz,CFO_00_Hz,CFO_11_Hz,CFO_10_Hz,CFO_01_Hz,CFO_from_transitions_Hz,nprod_00,nprod_11,nprod_10,nprod_01,nprod_total,crc_ok,is_tag_ecosystem,pdu_type,pdu_type_name,length,channel,phase,polarity,slip,window_start,window_end,aa_pos,aa_corr,pre_corr,cfo_window
0.0,6A:46:A9:E0:EE:94,94eee0a9466a0201021816aafe408b55d035391ca4cdce96f7b575a47ff97e036bb6,-8269.0,60828.0,-81745.0,46196.0,-120358.0,,0,0,0,0,0,0,1,0,ADV_IND,34,37,12,-1,0,-1,-1,4594,30,7,unknown
2.1160000000018044,6A:46:AB:E8:EE:94,94eee8ab466a0201021816aafe408b55d0350d1ea6cdce96a5b575a47ff97e036fb6,-5447.0,70427.0,-98579.0,72225.0,-151346.0,,0,0,0,0,0,1,1,0,ADV_IND,34,37,14,-1,0,-1,-1,5437,32,8,unknown
3.9800000000032014,D8:28:84:85:2D:5A,5a2d858428d81eff4c001219381c467336c26044d00470ba0e9f3ddc2c9191706dd211009f,-26935.0,105603.0,-122605.0,106861.0,-103667.0,,0,0,0,0,0,0,1,0,ADV_IND,37,37,2,-1,0,-1,-1,1108,32,8,unknown
8.385999999998603,6A:46:AB:E8:EE:94,94eee8ab466a0201021816aafe408b55d0350d1ea6cdce96a5b575a47ff97e036fb6,-32039.0,78072.0,-104681.0,77435.0,-139156.0,,0,0,0,0,0,1,1,0,ADV_IND,34,37,13,-1,0,-1,-1,7755,32,8,unknown
18.60899999999674,6A:46:AB:EA:EE:94,94eeeaab466a0201021816aafe408b55d0350d1e8cc74e96a5b574847ff97c0b6ab6,-36007.0,91294.0,-90233.0,47230.0,-133696.0,,0,0,0,0,0,0,1,0,ADV_IND,34,37,5,-1,0,-1,-1,3329,32,8,unknown
20.716999999996915,6A:46:AB:E8:EE:94,94eee8ab466a0201021816aafe408b55d0350d1ea6c5c497f7f535e47fb95c0b6a97,-11549.0,60770.0,-110717.0,62767.0,-133234.0,,0,0,0,0,0,0,1,0,ADV_IND,34,37,9,-1,0,-1,-1,1356,32,8,unknown
23.81199999999808,E7:6D:E8:24:03:60,600324e86de71eff4c0012190000bf13a04b662223037324f05c7cce7c4674117d56785200,-41118.0,56571.0,-106863.0,65784.0,-128175.0,,0,0,0,0,0,0,1,2,ADV_NONCONN_IND,37,37,11,-1,0,-1,-1,3878,32,7,unknown
24.699000000000524,6A:46:AB:E8:EE:94,94eee8ab466a0201021816aafe408b55d0350d1ea6cdce96a5b575a47ff97e036fb6,-50449.0,83559.0,-106868.0,56468.0,-137698.0,,0,0,0,0,0,1,1,0,ADV_IND,34,37,10,-1,0,-1,-1,2490,32,7,unknown
30.56300000000192,6A:46:AB:E8:EE:94,94eee8ab466a0201021816aafe408b55d0350d1ea6cdce96a5b575a47ff97e036fb6,0.0,68087.0,-93063.0,44704.0,-145339.0,,0,0,0,0,0,1,1,0,ADV_IND,34,37,9,-1,0,-1,-1,4101,32,8,unknown
34.00600000000122,F7:6B:B5:97:5E:A0,a05e97b56bf71aff4c00121938f7c320c1ef1e3e61f5c42497d7370406ae9d0cb297107688,-7516.0,77395.0,-120825.0,28769.0,-100516.0,,0,0,0,0,0,0,1,2,ADV_NONCONN_IND,37,37,4,-1,0,-1,-1,3863,32,8,unknown
34.2699999999968,6A:46:AB:E8:EE:94,94eee8ab466a0201021816aafe408b55d0350d1ea6cdce96a5b575a47ff97e036fb6,-22231.0,68788.0,-110325.0,58029.0,-141788.0,,0,0,0,0,0,1,1,0,ADV_IND,34,37,9,-1,0,-1,-1,1995,32,8,unknown
34.93499999999767,4D:77:08:73:A6:B1,b1a67308774d1eff4c00121900cb867b0953aa0b497b96b705aa3c6f9d404f548173cb0000,-7663.0,110548.0,-105484.0,81854.0,-146058.0,,0,0,0,0,0,0,1,2,ADV_NONCONN_IND,37,37,3,-1,0,-1,-1,6420,29,7,unknown
34.93499999999767,D8:22:CC:53:2F:24,242f53cc22d81eff4c001219319d748de7e9126eb041fcd004ca81cd9b6108457dfc9300db,-18413.0,74835.0,-83226.0,85756.0,-108367.0,,0,0,0,0,0,1,1,2,ADV_NONCONN_IND,37,37,12,-1,0,-1,-1,2416,32,8,unknown
36.286999999996624,F7:63:B5:97:4E:A0,a04e97b563f71eff4c00121938f7c32081ef1e7761cd87349e571f21462fbd6c30b7111b39,-5268.0,91513.0,-78979.0,91336.0,-60340.0,,0,0,0,0,0,0,1,2,ADV_NONCONN_IND,37,37,2,-1,0,-1,-1,6175,32,8,unknown
36.73700000000099,6A:46:AB:E8:EE:94,94eee8ab466a0201021816aafe408b55d0350d1ea6c5ce96a5b575a47ff97e036bb6,-26898.0,94742.0,-107087.0,62243.0,-144447.0,,0,0,0,0,0,0,1,0,ADV_IND,34,37,3,-1,0,-1,-1,4772,32,8,unknown
39.13300000000163,D8:22:CC:53:2F:24,242f53cc22d81eff4c00121931dd748de7e9126eb041fcd004ca81cd9b6108457dfc9300db,-20684.0,111992.0,-84189.0,121278.0,-99600.0,,0,0,0,0,0,0,1,2,ADV_NONCONN_IND,37,37,7,-1,0,-1,-1,3651,32,8,unknown
40.66900000000169,6A:46:AB:E8:EE:94,94eee8ab466a0201021816aafe408b14503529c88df74686f7b734047be81c1b2296,-33367.0,83179.0,-111780.0,58905.0,-126223.0,,0,0,0,0,0,0,1,0,ADV_IND,34,37,7,-1,0,-1,-1,7581,32,8,unknown
42.620999999999185,6A:46:AB:E8:EE:94,94eee8ab466a0201021816aafe408b55d0350d1ea6cdce96a5b575a47ff97e036fb6,-18623.0,93248.0,-109661.0,75055.0,-144855.0,,0,0,0,0,0,1,1,0,ADV_IND,34,37,6,-1,0,-1,-1,2915,28,7,unknown
42.620999999999185,C5:77:09:73:A6:91,91a6730977c51eff4c00121900cb867b0953e203497b96b705aa3ce79d404f540973cb0000,-24835.0,86701.0,-80428.0,83484.0,-130223.0,,0,0,0,0,0,0,1,2,ADV_NONCONN_IND,37,37,15,-1,0,-1,-1,6173,32,7,unknown
44.54099999999744,6A:46:AB:E8:EE:94,94eee8ab466a0201021816aafe408b55d0350d1ea6cdce96a5b575a47ff97e036fb6,-511.0,65985.0,-103232.0,67264.0,-138335.0,,0,0,0,0,0,1,1,0,ADV_IND,34,37,5,-1,0,-1,-1,5270,32,8,unknown
44.54099999999744,C5:77:09:73:A6:91,91a6730977c51eff4c00121900cb867a0953aa03497b863706aa34c59d405d048377c95004,-4089.0,75496.0,-96543.0,74562.0,-119124.0,,0,0,0,0,0,0,1,2,ADV_NONCONN_IND,37,37,11,-1,0,-1,-1,7432,32,8,unknown
44.921000000002095,58:22:CC:53:2F:24,242f53cc22581eff4c001219319d748d67e9126eb041fcd004ca81cd9b6108457df49300db,-9838.0,97071.0,-84398.0,103514.0,-127342.0,,0,0,0,0,0,0,1,2,ADV_NONCONN_IND,37,37,1,-1,0,-1,-1,6517,30,8,unknown
45.39300000000367,C7:69:E8:24:03:61,610324e869c71eff4c0012190000bf13a04b620a2b235326f05c74a43c56f4117d54694200,-54361.0,61367.0,-155497.0,47201.0,-176239.0,,0,0,0,0,0,0,1,2,ADV_NONCONN_IND,37,37,9,-1,0,-1,-1,5172,32,8,unknown
46.38999999999942,C7:77:09:73:A6:91,91a6730977c70aff4c00121900cb860453f091c7ccb171d78fc7f44e847d989caa670c5717,8017.0,70678.0,-115202.0,75468.0,-98415.0,,0,0,0,0,0,0,1,2,ADV_NONCONN_IND,37,37,1,-1,0,-1,-1,7199,32,8,unknown
46.38999999999942,6A:46:AB:E8:EE:94,94eee8ab466a0201021816aafe408b55d0350d1ea6cdce96a5b575a47ff97e036fb6,-32697.0,93797.0,-123838.0,81035.0,-155475.0,,0,0,0,0,0,1,1,0,ADV_IND,34,37,9,-1,0,-1,-1,2930,32,8,unknown
48.91100000000006,6A:46:AB:E8:EE:94,94eee8ab466a0201021816aafe408b55d0350d1ea6cdce96b59775a47ff95e0b6f96,-15436.0,63222.0,-105997.0,59247.0,-131404.0,,0,0,0,0,0,0,1,0,ADV_IND,34,37,10,-1,0,-1,-1,1658,32,8,unknown
50.758999999998196,C5:77:09:73:A6:91,91a6730977c51eff4c00121900cb867b0953aa03497b96b705aa3c6f9d404f540173cb0000,-16062.0,91547.0,-91211.0,96334.0,-119375.0,,0,0,0,0,0,1,1,2,ADV_NONCONN_IND,37,37,10,-1,0,-1,-1,7707,32,7,unknown
51.06900000000314,D8:22:CC:53:2F:24,242f53cc22d81aff4c001219319d748d67e9126eb041fdd004caa1cd9b6108057dfcb300da,-14593.0,96194.0,-77760.0,106408.0,-118523.0,,0,0,0,0,0,0,1,2,ADV_NONCONN_IND,37,37,0,-1,0,-1,-1,2438,32,8,unknown
51.42199999999866,C7:6D:E8:24:03:61,610324e86dc71aff4c0012190000bf13a04f660223237324f0dc3e867c56d4117d541d5204,-10642.0,98071.0,-78510.0,87344.0,-145096.0,,0,0,0,0,0,0,1,2,ADV_NONCONN_IND,37,37,2,-1,0,-1,-1,4897,31,7,unknown
52.97099999999773,6A:46:AB:E8:EE:94,94eee8ab466a0201021816aafe408b55d0350d1ea6cdce96a5b575a47ff97e036fb6,-28894.0,82090.0,-105090.0,83508.0,-154638.0,,0,0,0,0,0,1,1,0,ADV_IND,34,37,12,-1,0,-1,-1,3989,32,8,unknown
53.391999999999825,E7:6D:E8:24:03:61,610324e86de71eff4c0012190000bf12a04b660223037324f05c768c7c56f4136d54694600,-41057.0,61176.0,-123422.0,73958.0,-127660.0,,0,0,0,0,0,0,1,2,ADV_NONCONN_IND,37,37,1,-1,0,-1,-1,3465,30,7,unknown
56.69999999999709,C5:77:09:73:A6:91,91a6730977c51aff4c00121900cb867b49d3aa23cd9f87e7162a24e69f425b55a057cb582a,-4343.0,84284.0,-85624.0,62024.0,-109394.0,,0,0,0,0,0,0,1,2,ADV_NONCONN_IND,37,37,7,-1,0,-1,-1,4305,31,8,unknown
57.34100000000035,67:6D:E8:24:03:61,610324e86d670eff4c0012190010bf16240f622a2b275766f4d834c43cc65c036956281204,-24231.0,67657.0,-130584.0,58192.0,-166636.0,,0,0,0,0,0,0,1,2,ADV_NONCONN_IND,37,37,14,-1,0,-1,-1,2399,31,8,unknown
58.41399999999703,C8:10:BE:75:C1:D7,d7c175be10c80201060303edfe0d16edfe02007b27aeb2ad7259e3,-5518.0,85399.0,-84382.0,69974.0,-95350.0,,0,0,0,0,0,1,1,0,ADV_IND,27,37,0,-1,0,-1,-1,4194,32,8,unknown
58.762000000002445,6A:46:AB:E8:EE:94,94eee8ab466a0201021816aafe408b55d0350d1ea6cdce96a5b575a47ff97e036fb6,-14736.0,60577.0,-96642.0,46518.0,-133848.0,,0,0,0,0,0,1,1,0,ADV_IND,34,37,1,-1,0,-1,-1,4259,32,8,unknown
59.47400000000198,E7:6D:E8:24:03:61,610324e86de71eff4c0012190000bf17a04b660223035326f0dc768e7c567c1b7d54690600,-46285.0,48346.0,-137207.0,43736.0,-166077.0,,0,0,0,0,0,0,1,2,ADV_NONCONN_IND,37,37,1,-1,0,-1,-1,6129,32,8,unknown
60.5679999999993,C8:10:BE:75:C1:D7,d7c175be10c80201060303edfe0d16edfe02007b27aeb2ad7259e3,17968.0,105853.0,-93378.0,88790.0,-134160.0,,0,0,0,0,0,1,1,0,ADV_IND,27,37,12,-1,0,-1,-1,3288,31,7,unknown
60.91000000000349,C5:77:09:73:A6:91,91a6730977c51eff4c00121900db867b4b57a203497f96b705ba3ccf1d005f94a077c31000,-3112.0,58698.0,-102692.0,61223.0,-117330.0,,0,0,0,0,0,0,1,2,ADV_NONCONN_IND,37,37,1,-1,0,-1,-1,895,31,8,unknown
60.91000000000349,6A:46:AB:E8:EE:94,94eee8ab466a0201021816aafe408b55d0350d1ea6cdce96a5b575a47ff97e036fb6,-11672.0,77534.0,-115826.0,67995.0,-141086.0,,0,0,0,0,0,1,1,0,ADV_IND,34,37,11,-1,0,-1,-1,5929,32,8,unknown
61.25699999999779,C7:6D:E8:24:03:61,610324e86dc71eff4c0012190000bf13a04b668223037365f05c368e7c56f4116d54690200,-30881.0,44282.0,-109026.0,49196.0,-117595.0,,0,0,0,0,0,0,1,2,ADV_NONCONN_IND,37,37,2,-1,0,-1,-1,4177,31,8,unknown
64.70900000000256,C1:F7:09:73:A6:91,91a67309f7c11eff4c00121900cb867b0953aa03497b96b707aa3cef9d404f14a157cb5200,-19103.0,54514.0,-113972.0,75815.0,-137756.0,,0,0,0,0,0,0,1,2,ADV_NONCONN_IND,37,37,10,-1,0,-1,-1,5141,30,7,unknown
66.44999999999709,C8:10:9E:75:C1:D7,d7c1759e10c8020106030bedfe0d16edfe02017b0faeb2ad7259e5,-30910.0,47187.0,-111009.0,79328.0,-118894.0,,0,0,0,0,0,0,1,0,ADV_IND,27,37,0,-1,0,-1,-1,7491,32,7,unknown
69.14899999999761,6A:46:AB:E8:EE:94,94eee8ab466a0201021816aafe408b55d0370d9e8ccdc696e5b535a47fe97c032bb6,-1529.0,79648.0,-105104.0,45488.0,-138906.0,,0,0,0,0,0,0,1,0,ADV_IND,34,37,15,-1,0,-1,-1,7792,32,8,unknown
69.53300000000309,E7:6D:E8:24:03:61,610324e86de71eff4c0012190000bf12a44b668223077324f05c768c7c5654117d14695220,-39766.0,40509.0,-132479.0,43206.0,-131375.0,,0,0,0,0,0,0,1,2,ADV_NONCONN_IND,37,37,6,-1,0,-1,-1,1303,29,7,unknown
70.88700000000244,6A:46:AB:E8:EE:94,94eee8ab466a0201021816aafe408b55d0350d1eacc5ce96a5b575a47ff95e0b6bb6b0,-21082.0,75311.0,-91347.0,46844.0,-142099.0,,0,0,0,0,0,0,1,0,ADV_IND,35,37,0,-1,0,-1,-1,3446,32,8,unknown
72.28399999999965,C8:10:BE:75:C1:D7,d7c175be10c80201060303edfe0d16edfe02006b27aeb2f3725fe3,-2793.0,79683.0,-82267.0,71024.0,-71534.0,,0,0,0,0,0,0,1,0,ADV_IND,27,37,5,-1,0,-1,-1,4611,32,8,unknown
72.99799999999959,6A:46:AB:C8:EE:94,94eec8ab466a0201021816aafe408b55d0350d1ea6cdce96a5b575a47ff97e036fb6,-41144.0,108801.0,-107987.0,72621.0,-153239.0,,0,0,0,0,0,0,1,2,ADV_NONCONN_IND,34,37,10,-1,0,-1,-1,5291,32,7,unknown
73.6030000000028,67:6D:E8:24:03:61,610324e86d671aff4c0012190000bf12a04f672223276325f0dc74867c1e5c193d54611200,-54389.0,38609.0,-124784.0,47673.0,-130921.0,,0,0,0,0,0,0,1,2,ADV_NONCONN_IND,37,37,15,-1,0,-1,-1,2804,32,7,unknown
74.4429999999993,C8:10:BE:75:C1:D7,d7c175be10c80201060303edfe0d16edfe02007b27aeb2ad7259e3,22591.0,88367.0,-74047.0,97530.0,-126932.0,,0,0,0,0,0,1,1,0,ADV_IND,27,37,5,-1,0,-1,-1,2256,32,8,unknown
74.84399999999732,6A:46:AB:E8:EE:94,94eee8ab466a0201021816aafe408b55d0350d1ea6cdce96a5b575a47ff97e036fb6,-17513.0,70021.0,-103755.0,65633.0,-143837.0,,0,0,0,0,0,1,1,0,ADV_IND,34,37,10,-1,0,-1,-1,7550,32,8,unknown
75.63300000000163,67:6D:E8:24:03:60,600324e86d671eff4c0012190000bf13a04b660223037324f0dc7e8e7c5674117d54690200,-35605.0,52783.0,-102403.0,68246.0,-162256.0,,0,0,0,0,0,0,1,2,ADV_NONCONN_IND,37,37,10,-1,0,-1,-1,1569,32,7,unknown
76.86200000000099,6A:46:AB:E8:EE:94,94eee8ab466a0201021816aafe008955d41a0d8c8cc7c686f78734847be95e0b2a96,-19726.0,88385.0,-115110.0,52408.0,-117662.0,,0,0,0,0,0,0,1,0,ADV_IND,34,37,9,-1,0,-1,-1,5966,32,8,unknown
77.40200000000186,E7:ED:E8:24:03:61,610324e8ede71aff4c0012190402bb16200f624abb37d766f4d830c03cc65c037976385604,-25556.0,52796.0,-148854.0,66890.0,-146656.0,,0,0,0,0,0,0,1,2,ADV_NONCONN_IND,37,37,5,-1,0,-1,-1,4690,32,7,unknown
79.32299999999668,6A:46:AB:E8:EE:94,94eee8ab466a0201021816aafe008955d03d0d1ca6c5c696a59574a47ff97e036e96,-9223.0,82179.0,-105554.0,46354.0,-123612.0,,0,0,0,0,0,0,1,0,ADV_IND,34,37,12,-1,0,-1,-1,3758,32,8,unknown
81.17700000000332,6A:46:AB:E8:EE:94,94eee8ab466a0201021816aafe448b15d43545bdecd7c017e76d34e43fb95c0b6a96,-32442.0,80382.0,-115766.0,56952.0,-133394.0,,0,0,0,0,0,0,1,0,ADV_IND,34,37,6,-1,0,-1,-1,4499,32,8,unknown
83.38100000000122,6A:46:AB:E8:EE:94,94eee8ab466a0201021816aafe408b55d0350d1ea6cdce96a5b575a47ff97e036fb6,-13555.0,79278.0,-104163.0,72832.0,-160615.0,,0,0,0,0,0,1,1,0,ADV_IND,34,37,4,-1,0,-1,-1,3933,32,8,unknown
85.15400000000227,6A:46:AB:E8:EE:94,94eee8ab466a0201021816aafe408b55d0350d1ea6cdce96a5b575a47ff97e036fb6,-32853.0,85685.0,-107138.0,72625.0,-114667.0,,0,0,0,0,0,1,1,0,ADV_IND,34,37,4,-1,0,-1,-1,4742,32,8,unknown
87.53600000000006,E7:6D:E8:24:43:61,614324e86de71eff4c0012190000bb13240f662aab237766f4d834863cc654037954385600,-21899.0,48840.0,-140200.0,59240.0,-154412.0,,0,0,0,0,0,0,1,2,ADV_NONCONN_IND,37,37,15,-1,0,-1,-1,5386,31,7,unknown
88.50699999999779,C8:10:BE:75:C1:D7,d7c175be10c80201060303edfe0d16edfe02007b27aeb2ad7259e3,17404.0,85042.0,-67155.0,71417.0,-90494.0,,0,0,0,0,0,1,1,0,ADV_IND,27,37,6,-1,0,-1,-1,3717,32,8,unknown
89.30500000000029,6A:46:AB:E8:EE:94,94eee8ab466a0201021816aafe408b55d0350d1ea6cdce96a5b575a47ff91c0b6bb6,-43505.0,89052.0,-102612.0,66235.0,-115982.0,,0,0,0,0,0,0,1,0,ADV_IND,34,37,4,-1,0,-1,-1,4174,32,8,unknown
89.57299999999668,C7:6D:E8:24:03:61,610324e86dc71eff4c0012190000bf13a04b660223037324f05c768e7c56f4117d54690200,-30498.0,88594.0,-122241.0,63282.0,-170622.0,,0,0,0,0,0,0,1,2,ADV_NONCONN_IND,37,37,8,-1,0,-1,-1,1050,31,7,unknown
90.6359999999986,C8:10:BE:75:C1:D7,d7c175be10c80201060303edfe0d16edfe02007b27aeb2ad7259e3,8422.0,115896.0,-99132.0,92277.0,-140137.0,,0,0,0,0,0,1,1,0,ADV_IND,27,37,15,-1,0,-1,-1,3235,31,8,unknown
90.90800000000309,7C:1D:0F:B5:C5:7F,7fc5b50f1d7c1eff4c00121900d6468dccf7be953fbf325871e0681e5f84ec84939d721300,22511.0,82082.0,-78998.0,86926.0,-94632.0,,0,0,0,0,0,0,1,2,ADV_NONCONN_IND,37,37,12,-1,0,-1,-1,1436,32,8,unknown
91.30399999999645,6A:46:AB:E0:EE:94,94eee0ab466a0201021816aafe408b55d0350d1ca6cdce96a5b575a47ff97e036fb6,9445.0,92532.0,-122018.0,69946.0,-135501.0,,0,0,0,0,0,0,1,0,ADV_IND,34,37,15,-1,0,-1,-1,4206,32,7,unknown
91.62599999999657,C7:6D:E8:24:03:61,610324e86dc71eff4c0012190000bf12a44b660223037324f05c368c7c56fc137d54290200,-34717.0,75435.0,-142544.0,58150.0,-148473.0,,0,0,0,0,0,0,1,2,ADV_NONCONN_IND,37,37,12,-1,0,-1,-1,1253,32,8,unknown
93.88300000000163,E7:6D:68:24:03:69,690324686de70eff4c0012190000bf13a04b660223037324f05c768c7c565c1b6c14215602,-37744.0,54661.0,-129157.0,55246.0,-136312.0,,0,0,0,0,0,0,1,2,ADV_NONCONN_IND,37,37,10,-1,0,-1,-1,5426,32,7,unknown
94.41700000000128,C8:10:BE:75:C1:D7,d7c175be10c80201060303edfe0d16edfe02007b27aeb2a5fe5be3,-39181.0,98277.0,-92842.0,88662.0,-123541.0,,0,0,0,0,0,0,1,0,ADV_IND,27,37,15,-1,0,-1,-1,4442,31,8,unknown
95.46300000000338,6A:46:AB:E8:EE:94,94eee8ab466a0201021816aafe408b55d0350d1ea6cdce96a5b575a47ff97e036fb6,-14642.0,71129.0,-97645.0,57102.0,-149269.0,,0,0,0,0,0,1,1,0,ADV_IND,34,37,13,-1,0,-1,-1,3470,32,8,unknown
95.46300000000338,E7:6D:E8:24:03:60,600324e86de70eff4c0012190000bf13a44b660223237324f05d748e1ca85c8f4bf7265697,-41413.0,27994.0,-132514.0,60250.0,-131036.0,,0,0,0,0,0,0,1,2,ADV_NONCONN_IND,37,37,1,-1,0,-1,-1,7762,32,8,unknown
96.54000000000087,C8:10:BE:75:C1:D7,d7c175be10c8020106030bedfe0d16edfe26013b27aeb2e5f25be3,26037.0,89339.0,-77326.0,64135.0,-92230.0,,0,0,0,0,0,0,1,2,ADV_NONCONN_IND,27,37,6,-1,0,-1,-1,4843,32,8,unknown
96.54000000000087,F4:5D:0F:B5:C5:7F,7fc5b50f5df41eff4c00121900d6468dcef5be953fbf32d87160681e5da4ec8493dd720300,-396.0,95786.0,-86570.0,97178.0,-132955.0,,0,0,0,0,0,1,1,2,ADV_NONCONN_IND,37,37,11,-1,0,-1,-1,5518,32,7,unknown
97.37299999999959,6A:46:AB:E8:EE:94,94eee8ab466a0201021816aafe408b55d0350d1caccdce96a5b555a47ffd5e0b6fb6,-28574.0,90713.0,-111776.0,51031.0,-129053.0,,0,0,0,0,0,0,1,0,ADV_IND,34,37,6,-1,0,-1,-1,4199,32,8,unknown
97.65200000000186,CF:69:E8:24:03:61,610324e869cf1eff4c0012190000bf13a04f662223237364f1dc748e7d1654392c14215622,-63329.0,55167.0,-118747.0,57432.0,-124005.0,,0,0,0,0,0,0,1,2,ADV_NONCONN_IND,37,37,3,-1,0,-1,-1,3128,32,7,unknown
99.05799999999726,F4:5D:0F:B5:C5:7F,7fc5b50f5df41eff4c00121900d6468dcef5be953fbf3258f1606c1e1fa6ec849bd7704622,17499.0,72609.0,-75148.0,57583.0,-101773.0,,0,0,0,0,0,0,1,2,ADV_NONCONN_IND,37,37,14,-1,0,-1,-1,7647,31,8,unknown
99.64100000000326,6A:46:AB:E8:EE:94,94eee8ab466a0201021816aafe408b55d0350d1ea6cdce96a5b575a47ff97e036fb6,-34473.0,87271.0,-99437.0,66019.0,-167354.0,,0,0,0,0,0,1,1,0,ADV_IND,34,37,4,-1,0,-1,-1,3455,32,8,unknown
99.64100000000326,E6:F1:24:CA:1F:30,301fca24f1e61eff4c001219ea07d1a4ddaefd34bfb484d7f89409c5c1c2260b5b507300e2,-18999.0,68694.0,-108405.0,79160.0,-122936.0,,0,0,0,0,0,0,1,0,ADV_IND,37,37,4,-1,0,-1,-1,1349,31,7,unknown
99.64100000000326,C7:6D:E8:24:03:61,610324e86dc71eff4c0012190004bf13b04f660223037364f05c3e847c565c133d54214602,-33221.0,54899.0,-102377.0,58618.0,-121262.0,,0,0,0,0,0,0,1,2,ADV_NONCONN_IND,37,37,7,-1,0,-1,-1,3576,31,8,unknown
101.01400000000285,C8:10:BE:75:C1:D7,d7c175be10c80201060303edfe0d16edfe02007b27aeb2ad7259e3,24854.0,97105.0,-69583.0,79669.0,-112977.0,,0,0,0,0,0,1,1,0,ADV_IND,27,37,10,-1,0,-1,-1,1290,32,8,unknown
101.6030000000028,6A:46:AB:E8:EE:94,94eee8ab466a0201021816aafe408b55d0350d1ea6cdce96a5b575a47ff97e036fb6,-15524.0,107684.0,-111882.0,64766.0,-162903.0,,0,0,0,0,0,1,1,0,ADV_IND,34,37,13,-1,0,-1,-1,1904,31,8,unknown
102.26800000000367,EA:E1:35:40:20:13,13204035e1ea1eff4c00121920a2984c70492666204e56608e50e9c6c3bc5c9ebaa44101eb,-52900.0,44110.0,-105045.0,54031.0,-136299.0,,0,0,0,0,0,0,1,0,ADV_IND,37,37,2,-1,0,-1,-1,7742,32,8,unknown
105.64100000000326,E7:F1:24:E2:1F:34,341fe224f1e71eff4c0012196a07d1a4fd8efd74bfb4c4d3f8054ec6c1d42a1b58583306ea,-34115.0,96914.0,-67902.0,93005.0,-129392.0,,0,0,0,0,0,0,1,0,ADV_IND,37,37,3,-1,0,-1,-1,2544,31,8,unknown
106.90200000000186,C2:0F:8C:D1:59:27,2759d18c0fc21eff4c0012190011fd5429f898accfba45e6f3c8424584ce7d49a455f10000,-48838.0,51722.0,-118309.0,35532.0,-150052.0,,0,0,0,0,0,0,1,2,ADV_NONCONN_IND,37,37,3,-1,0,-1,-1,3715,30,7,unknown
108.95700000000215,C8:10:BE:75:C1:D7,d7c175be10c80201060303edfe0d16edfe02007b27aeb2ad7259e3,12490.0,89987.0,-66254.0,109704.0,-134609.0,,0,0,0,0,0,1,1,0,ADV_IND,27,37,1,-1,0,-1,-1,1308,31,8,unknown
109.98999999999796,C6:F1:24:CA:1F:34,341fca24f1c60eff4c0012196a07d1a6fd8efd74bfb5c4d3f8054ec4c1d42a1b58587312ee,-12556.0,53927.0,-105989.0,81809.0,-127255.0,,0,0,0,0,0,0,1,2,ADV_NONCONN_IND,37,37,14,-1,0,-1,-1,6186,32,7,unknown
110.98700000000099,EE:97:60:8E:3A:98,983a8e6097ee1eff4c001219008cd68193fe91b00c794e58f5c5d2ec64c687b29de33f0302,-32998.0,33185.0,-123519.0,101937.0,-135180.0,,0,0,0,0,0,0,1,2,ADV_NONCONN_IND,37,37,15,-1,0,-1,-1,5012,31,8,unknown
113.24399999999878,E4:50:21:BC:5E:74,745ebc2150e41eff4c001219000cb9491387a1e54f3441ab11179419f97d9d72ba9f365000,-31117.0,50040.0,-78075.0,62714.0,-101222.0,,0,0,0,0,0,0,1,2,ADV_NONCONN_IND,37,37,9,-1,0,-1,-1,1773,31,7,unknown
114.25499999999738,6A:46:AB:E8:EE:94,94eee8ab466a0201021816aafe408b55d0350d1ea6cdce96a5b575a47ff97e036fb6,-33285.0,85052.0,-104307.0,77274.0,-154998.0,,0,0,0,0,0,1,1,0,ADV_IND,34,37,13,-1,0,-1,-1,7637,32,8,unknown
121.69700000000012,FF:4E:06:23:40:92,924023064eff1eff4c001219aad52e5e5c50bffc0e109d4b6db8cf15138f789aebbb074020,-7935.0,63100.0,-73634.0,68885.0,-99591.0,,0,0,0,0,0,0,1,0,ADV_IND,37,37,10,-1,0,-1,-1,7665,32,8,unknown
126.42599999999948,6A:46:AB:C0:EE:94,94eec0ab466a0201021816aafe40ab55d0350d3ea6cdce96a5b575a47ff97e036fb6,-27602.0,98955.0,-119467.0,79212.0,-140463.0,,0,0,0,0,0,0,1,2,ADV_NONCONN_IND,34,37,9,-1,0,-1,-1,1685,32,7,unknown
128.46600000000035,6A:46:AB:E8:EE:94,94eee8ab466a0201021816aafe408b55d0350d9ea6cdce96a5b575a47ff97e036fb6,-105133.0,109706.0,-126119.0,68289.0,-144616.0,,0,0,0,0,0,0,1,0,ADV_IND,34,37,10,-1,0,-1,-1,4018,32,8,unknown
129.0109999999986,E6:97:60:8E:1A:98,981a8e6097e61eff4c001219008cd68193be91b00c39cc58e5c552ec208e97b29da7bf1484,3576.0,60579.0,-123142.0,84009.0,-136133.0,,0,0,0,0,0,0,1,2,ADV_NONCONN_IND,37,37,15,-1,0,-1,-1,1804,32,8,unknown
130.43800000000192,6A:46:AB:E8:EE:94,94eee8ab466a0201021816aafe408b55d0350d1ea4cdce96a5b575a47ff87e036fb6,-2269.0,52597.0,-101160.0,42835.0,-134104.0,,0,0,0,0,0,0,1,0,ADV_IND,34,37,12,-1,0,-1,-1,3249,32,8,unknown
132.28399999999965,FF:4E:06:27:40:92,924027064eff1eff4c001219aad52e5e5c50bffc0e109d4b6cbacf11139f789ae3ba070030,-306.0,64064.0,-84094.0,84599.0,-107067.0,,0,0,0,0,0,1,1,0,ADV_IND,37,37,6,-1,0,-1,-1,2373,32,8,unknown
132.28399999999965,E6:F1:24:EA:1F:34,341fea24f1e61eff4c0012196a07d1a4fd8efd74bfa4c4d3f8054ec6c1d42a1b58183752ea,-35911.0,67821.0,-91958.0,74828.0,-103440.0,,0,0,0,0,0,0,1,0,ADV_IND,37,37,4,-1,0,-1,-1,2622,30,7,unknown
136.1229999999996,FF:4E:06:27:40:92,924027064eff1eff4c001219abd52e5e5c50bffc0e109d4b6cbacf11139f789ae3ba070030,7742.0,67381.0,-108580.0,80192.0,-127798.0,,0,0,0,0,0,0,1,0,ADV_IND,37,37,2,-1,0,-1,-1,5461,32,8,unknown
138.1359999999986,FF:4E:06:27:40:92,924027064eff1eff4c001219aad52e365450bd950c10951be0bacf01038dda9bab9e070038,-5132.0,52561.0,-75352.0,76968.0,-89357.0,,0,0,0,0,0,0,1,2,ADV_NONCONN_IND,37,37,2,-1,0,-1,-1,2102,32,8,unknown
138.8289999999979,6A:46:AB:E8:EE:94,94eee8ab466a0201221816aafea49914543f298c8ce74686f7953684fbe85c0b2896,10739.0,83958.0,-121725.0,55887.0,-144224.0,,0,0,0,0,0,0,1,0,ADV_IND,34,37,5,-1,0,-1,-1,2133,32,8,unknown
148.92599999999948,E6:D7:60:8E:3E:98,983e8e60d7e61eff4c001219008cd68193ee91b00c79ce58f7c553d4a40ab593b127377585,-15013.0,52481.0,-130442.0,79234.0,-142011.0,,0,0,0,0,0,0,1,2,ADV_NONCONN_IND,37,37,2,-1,0,-1,-1,3321,30,8,unknown
160.91999999999825,6A:46:AB:E8:EE:94,94eee8ab466a0201021816aafe408b55d0350d1ea6cdce96a5b575a47ff97e036fb6,-20698.0,60388.0,-96249.0,65373.0,-132553.0,,0,0,0,0,0,1,1,0,ADV_IND,34,37,8,-1,0,-1,-1,2065,32,8,unknown
162.7019999999975,6A:46:AB:E8:EE:94,94eee8ab466a0201021816aafe408b55d0350d1ea6cdce96a5b575a47ff97e036fb6,-35261.0,99037.0,-100544.0,66520.0,-157089.0,,0,0,0,0,0,1,1,0,ADV_IND,34,37,11,-1,0,-1,-1,7731,32,8,unknown
172.5089999999982,CA:E2:A7:E2:D7:8A,8ad7e2a7e2ca1eff4c00121900c8c22dd66ca0399e689edb0cbdacdb23e1bd00824d5a0100,-11422.0,64667.0,-118838.0,86120.0,-101164.0,,0,0,0,0,0,1,1,2,ADV_NONCONN_IND,37,37,6,-1,0,-1,-1,6479,32,8,unknown
175.3249999999971,6A:46:AB:E8:EE:94,94eee8ab466a0201021816aafe408b5550350d1ea6cdce96e5b535847fe85c0b2ab6,-14121.0,76493.0,-105711.0,43049.0,-130808.0,,0,0,0,0,0,0,1,0,ADV_IND,34,37,2,-1,0,-1,-1,5458,32,8,unknown
176.64600000000064,CB:E2:A7:E2:D7:8A,8ad7e2a7e2cb1eff4c00121900c8c22dd66ca03d9c289edb0cbd2cdb03e09d00a245501100,-17342.0,71244.0,-115834.0,71475.0,-88563.0,,0,0,0,0,0,0,1,2,ADV_NONCONN_IND,37,37,8,-1,0,-1,-1,6795,32,8,unknown
185.2940000000017,6A:46:AB:E8:EE:94,94eee8ab466a0201021816aafe408b55d0350d1ea6cfce96e5b575a47ff97e032fb6,-26639.0,101476.0,-104688.0,39281.0,-108923.0,,0,0,0,0,0,0,1,0,ADV_IND,34,37,15,-1,0,-1,-1,4949,32,8,unknown
188.13100000000122,C7:38:DB:D8:CC:BF,bfccd8db38c71eff4c001219004019dfa3d38b6c4d9f3e1cc5f424930903ec9752e6b64100,-15021.0,65660.0,-66689.0,81123.0,-114032.0,,0,0,0,0,0,0,1,2,ADV_NONCONN_IND,37,37,5,-1,0,-1,-1,7010,31,8,unknown
188.47699999999895,CF:9E:C7:E9:0D:22,220de9c79ecf1eff4c00121900f6dfece3264a96fa16cef6a4da1b4b068f5191230ec71000,-10818.0,63773.0,-107008.0,64256.0,-110749.0,,0,0,0,0,0,0,1,2,ADV_NONCONN_IND,37,37,1,-1,0,-1,-1,3171,32,8,unknown
188.91199999999662,6A:46:AB:E8:EE:94,94eee8ab466a0201021816aafe408b55d0350d1ea6cdce96a525b6847be87c0b2b96,-55428.0,86658.0,-98853.0,62219.0,-149153.0,,0,0,0,0,0,0,1,0,ADV_IND,34,37,9,-1,0,-1,-1,7637,32,8,unknown
191.2410000000018,6A:46:AB:E8:EE:94,94eee8ab466a0201021816aafe408b5550350d1ea4cdce96a5b575e47dbd5c0b6a96,-33809.0,65669.0,-103029.0,50512.0,-150744.0,,0,0,0,0,0,0,1,0,ADV_IND,34,37,9,-1,0,-1,-1,5462,32,8,unknown
191.64100000000326,F3:97:50:A4:17:44,4417a45097f30eff4c0012193721ee0d113027aba22b54106456f7388c0b04553207e412c1,-19144.0,47312.0,-91343.0,95255.0,-134448.0,,0,0,0,0,0,0,1,0,ADV_IND,37,37,10,-1,0,-1,-1,2827,31,7,unknown
191.64100000000326,73:97:50:A4:17:44,4417a45097730eff4c0012193725ee0d143027aba22b5510e556f738cc0c0417330fe000c0,-19835.0,70043.0,-106718.0,76538.0,-114387.0,,0,0,0,0,0,0,1,0,ADV_IND,37,37,9,-1,0,-1,-1,4763,31,7,unknown
194.0460000000021,E2:09:AB:9E:13:F8,f8139eab09e21eff4c0012190000e228661fd6a6cf2946b20fd02bcbc0c34797871fd80100,-23822.0,50810.0,-112388.0,71236.0,-125710.0,,0,0,0,0,0,0,1,2,ADV_NONCONN_IND,37,37,9,-1,0,-1,-1,7962,32,8,unknown
199.387999999999,6A:46:AB:E8:EE:94,94eee8ab466a0201021816aafe408b55d0350d1ea6cdce96a5b575a47ff97e036fb6,-19111.0,99844.0,-109095.0,52864.0,-161902.0,,0,0,0,0,0,1,1,0,ADV_IND,34,37,15,-1,0,-1,-1,7545,32,8,unknown
211.5659999999989,DE:06:B8:46:3B:AF,af3b46b806de0eff4c001219007586883d6c3e90bcd14699ce243be5e680543232ba830200,-10461.0,83201.0,-87770.0,94219.0,-93797.0,,0,0,0,0,0,0,1,2,ADV_NONCONN_IND,37,37,1,-1,0,-1,-1,1326,32,7,unknown
212.0480000000025,E2:09:AB:9E:13:F8,f8139eab09e20eff4c0012190000a228661fd6a4df2946820f502bcacac347978735d80100,-13721.0,81220.0,-101531.0,92184.0,-108725.0,,0,0,0,0,0,0,1,2,ADV_NONCONN_IND,37,37,5,-1,0,-1,-1,4502,28,7,unknown
214.387999999999,C7:1D:6F:4C:47:98,98474c6f1dc71aff4c001219005676c54493692208328104e4af38ce6c772d44ab4f735414,-42440.0,92541.0,-88808.0,72728.0,-106042.0,,0,0,0,0,0,0,1,2,ADV_NONCONN_IND,37,37,15,-1,0,-1,-1,7603,30,8,unknown
220.70700000000215,C5:0D:6F:4C:47:9A,9a474c6f0dc51eff4c001219005666a14593f03065aec5a0c1312cd1dc74af95382fb70000,-1269.0,52533.0,-94487.0,59366.0,-122302.0,,0,0,0,0,0,0,1,2,ADV_NONCONN_IND,37,37,10,-1,0,-1,-1,771,32,8,unknown
225.1010000000024,DE:06:99:46:3A:AF,af3a469906de1aff4c001219007d860a3d7d3e90acd1469bce243be5e2805432b0ba930608,-31638.0,80245.0,-99917.0,72846.0,-167986.0,,0,0,0,0,0,0,1,2,ADV_NONCONN_IND,37,37,11,-1,0,-1,-1,3575,32,7,unknown
227.15099999999802,D4:63:C0:A0:B9:07,07b9a0c063d41eff4c00121900a4e27153a9139f4836be510513c32b80f440cf8716b50122,833.0,71753.0,-102426.0,72522.0,-124038.0,,0,0,0,0,0,0,1,2,ADV_NONCONN_IND,37,37,3,-1,0,-1,-1,1701,32,7,unknown
228.96100000000297,F4:CC:C3:A4:DB:73,73dba4c3ccf40eff4c0012190090398f0dbc210c7260b512b6213ad6047473872e4f345222,-10548.0,86720.0,-82909.0,60867.0,-90233.0,,0,0,0,0,0,0,1,2,ADV_NONCONN_IND,37,37,8,-1,0,-1,-1,2113,31,7,unknown
228.96100000000297,D4:63:C0:A0:B9:07,07b9a0c063d41eff4c00121900a4e27153a9139f4abebe510511c32b88f440ef071eb55584,-48340.0,91446.0,-93805.0,96606.0,-121158.0,,0,0,0,0,0,0,1,2,ADV_NONCONN_IND,37,37,10,-1,0,-1,-1,3677,32,8,unknown
231.00099999999657,E1:79:1F:2B:DB:1B,1bdb2b1f79e11eff4c001219001b8506531361e0d2558566f442344c030e2b0f2908005804,-7171.0,69934.0,-136575.0,53976.0,-138100.0,,0,0,0,0,0,0,1,2,ADV_NONCONN_IND,37,37,11,-1,0,-1,-1,3234,32,7,unknown
234.95500000000175,CC:0F:51:2E:48:F7,f7482e510fcc1aff4c00121900dccad42cab58b4f4df217fe12a34a3e44e5f8c6f6ed3d597,-23457.0,51146.0,-94205.0,47594.0,-108248.0,,0,0,0,0,0,0,1,2,ADV_NONCONN_IND,37,37,8,-1,0,-1,-1,1841,32,8,unknown
234.95500000000175,5C:B1:4C:E2:11:55,5511e24cb15c0201021816aafe408b55d035290e8cc74696f79734a47bf97c0b6e96,-40509.0,89440.0,-116953.0,31386.0,-137150.0,,0,0,0,0,0,0,1,0,ADV_IND,34,37,15,-1,0,-1,-1,2801,32,8,unknown
237.21399999999994,C8:0A:D3:1B:BC:97,97bc1bd30ac81eff4c00121900a9a42a605c52d0bba1fa475081aa31eb186104fe194c1200,0.0,67687.0,-108519.0,78373.0,-136185.0,,0,0,0,0,0,0,1,2,ADV_NONCONN_IND,37,37,14,-1,0,-1,-1,2086,32,7,unknown
238.96899999999732,CC:0F:51:2E:48:F7,f7482e510fcc1eff4c00121900fc8ed666a358b4d4db353ae16a34551d1d5256bd60be0100,-33545.0,45694.0,-116817.0,82372.0,-117845.0,,0,0,0,0,0,0,1,2,ADV_NONCONN_IND,37,37,4,-1,0,-1,-1,5910,32,8,unknown
246.11699999999837,D9:4F:3B:64:2E:B2,b22e643b4fd91eff4c00121900e0ba1d7741dc27b3b924976fdf2be6f6895ecbeaef404020,-47964.0,81102.0,-104871.0,83154.0,-149909.0,,0,0,0,0,0,0,1,2,ADV_NONCONN_IND,37,37,7,-1,0,-1,-1,5706,31,8,unknown
246.11699999999837,E8:37:AF:12:C0:7C,7cc012af37e81eff4c001219aa7d1611581771467db425eff64f8667beeef12e7c9ddf3f07,-3772.0,31269.0,-108201.0,68023.0,-78614.0,,0,0,0,0,0,0,1,0,ADV_IND,37,37,5,-1,0,-1,-1,1234,32,8,unknown
246.76499999999942,CC:0F:51:2E:48:F7,f7482e510fcc1eff4c00121900f88ed466a358b4d4db712ae56a34159d9d5a57fd60be0100,-12843.0,71345.0,-120611.0,83536.0,-133593.0,,0,0,0,0,0,0,1,2,ADV_NONCONN_IND,37,37,12,-1,0,-1,-1,7041,31,7,unknown
247.5350000000035,C8:0A:D3:1B:BC:97,97bc1bd30ac80eff4c00121900ada42e605c52d0bba17a4ff08b8b2fc39b650502db487622,-383.0,80064.0,-99728.0,76020.0,-121307.0,,0,0,0,0,0,0,1,2,ADV_NONCONN_IND,37,37,9,-1,0,-1,-1,6762,30,7,unknown
250.3989999999976,D9:4F:3B:66:2E:B2,b22e663b4fd91eff4c00121900e0ba1d7741dd27b3b924976fdb2bc6f60d5c5beaaf087505,-15596.0,75667.0,-128807.0,80534.0,-112307.0,,0,0,0,0,0,0,1,2,ADV_NONCONN_IND,37,37,14,-1,0,-1,-1,6931,31,8,unknown
250.99700000000303,D4:63:C0:A0:B9:07,07b9a0c063d41eff4c00121900a4e27153a9139f48bebe411711c30b88f440e3871635f922,-18402.0,88825.0,-82142.0,82774.0,-120673.0,,0,0,0,0,0,0,1,2,ADV_NONCONN_IND,37,37,13,-1,0,-1,-1,1341,30,7,unknown
252.04699999999866,C8:1A:D3:1B:BC:97,97bc1bd31ac81eff4c00121900a9a42a645c52d0bba5fa4f5081eb35eb186104fa394c0200,-28127.0,98984.0,-92887.0,98104.0,-143260.0,,0,0,0,0,0,0,1,2,ADV_NONCONN_IND,37,37,4,-1,0,-1,-1,3498,32,7,unknown
253.1030000000028,5C:B1:0C:E2:11:55,5511e20cb15c0201021816aafe408955d0350d1ca4c5c686a7b575a47ff97c032f96,-49234.0,75553.0,-103942.0,40531.0,-137169.0,,0,0,0,0,0,0,1,0,ADV_IND,34,37,10,-1,0,-1,-1,3141,32,8,unknown
254.01800000000367,FF:C8:0D:5E:43:7E,7e435e0dc8ff0eff4c00121900bb46c936e061bc1d99746e73450f546ecc5a3212aa371200,-36131.0,55679.0,-104147.0,66729.0,-120499.0,,0,0,0,0,0,0,1,2,ADV_NONCONN_IND,37,37,2,-1,0,-1,-1,1307,31,8,unknown
254.35899999999674,C9:4F:3B:64:2E:B2,b22e643b4fc90eff4c00121900e0ba1d7741dc2fb3b924956fdf2be6f3895edbeaef480120,-32669.0,87837.0,-105695.0,54349.0,-142562.0,,0,0,0,0,0,0,1,2,ADV_NONCONN_IND,37,37,9,-1,0,-1,-1,2420,31,7,unknown
256.3530000000028,68:37:AF:12:C0:7C,7cc012af37681eff4c001219aa791601585379467db423ef664f8e77952e881f7413df3e1f,-6304.0,99092.0,-73869.0,95560.0,-64450.0,,0,0,0,0,0,0,1,2,ADV_NONCONN_IND,37,37,0,-1,0,-1,-1,2500,31,8,unknown
257.30599999999686,CA:5C:82:20:76:7F,7f7620825cca1eff4c001219f07213bf619a9356da97f67214b796897369bc0ba867f052a2,-33913.0,23298.0,-116753.0,61888.0,-108550.0,,0,0,0,0,0,0,1,2,ADV_NONCONN_IND,37,37,8,-1,0,-1,-1,7058,31,8,unknown
258.3689999999988,E8:37:AF:12:C0:7C,7cc012af37e81eff4c001219aa7d1601581379467db425efd64e8e67aeeef33e7c9ddf0317,6052.0,92642.0,-78270.0,113553.0,-98865.0,,0,0,0,0,0,0,1,8,ADV_SCAN_IND,37,37,4,-1,0,-1,-1,5587,32,7,unknown
259.40899999999965,F7:F4:19:33:BD:38,38bd3319f4f71aff4c00121933e3abe1ef2b511f5339c9a0f222dcab17cf5ae382191f1f63,-10073.0,80266.0,-100395.0,89450.0,-115675.0,,0,0,0,0,0,0,1,0,ADV_IND,37,37,8,-1,0,-1,-1,4711,28,8,unknown
260.3819999999978,E8:37:A7:02:40:5C,5c4002a737e81eff4c001219aa79960158137946fd2005effa5e04a61cefef681a89dfd311,-11147.0,70633.0,-51653.0,57187.0,-93351.0,,0,0,0,0,0,0,1,0,ADV_IND,37,37,4,-1,0,-1,-1,1471,31,8,unknown
263.32800000000134,5C:B1:0C:E2:11:55,5511e20cb15c0201021816aafe408b55d0350d1ea6cdce96a5b575a47ff97e036fb6,-38501.0,97602.0,-111205.0,30738.0,-159404.0,,0,0,0,0,0,1,1,0,ADV_IND,34,37,9,-1,0,-1,-1,2971,31,8,unknown
264.0740000000005,E8:37:AF:12:C0:7C,7cc012af37e81eff4c001219aa791601581379467db427efd64e8e67aeeef53e3c9dde0717,-6987.0,68093.0,-86685.0,82146.0,-122629.0,,0,0,0,0,0,0,1,0,ADV_IND,37,37,5,-1,0,-1,-1,6432,31,8,unknown
267.2149999999965,5C:B1:0C:E2:11:55,5511e20cb15c0201021816aafe408b55d0350d1ea6cdce96a5b575a47ff97e036fb6,-55033.0,101319.0,-112091.0,62288.0,-180822.0,,0,0,0,0,0,1,1,0,ADV_IND,34,37,14,-1,0,-1,-1,6937,30,7,unknown
269.125,5C:B1:0C:E2:11:55,5511e20cb15c0201021816aafe408b55d0350d1ea6cdce96a5b575a47ff95c032fb6,-46672.0,92149.0,-107885.0,23254.0,-151163.0,,0,0,0,0,0,0,1,0,ADV_IND,34,37,6,-1,0,-1,-1,3957,32,8,unknown
271.3000000000029,5C:B1:0C:E2:11:55,5511e20cb15c0201021816aafe408b55d0350d1ea6cdce96a5b575a47ff97e036fb6,-41067.0,75159.0,-109550.0,55052.0,-159074.0,,0,0,0,0,0,1,1,0,ADV_IND,34,37,15,-1,0,-1,-1,7597,32,8,unknown
272.23399999999674,C7:D0:BB:A0:84:6E,6e84a0bbd0c71eff4c001219aabd3f3e4b79b1eac022591f52acd21214cc2b34ec364103fa,-37390.0,65893.0,-113874.0,78065.0,-150622.0,,0,0,0,0,0,1,1,0,ADV_IND,37,37,6,-1,0,-1,-1,1208,32,7,unknown
273.6800000000003,C7:D0:BB:A0:84:6E,6e84a0bbd0c71eff4c0012192abd3f3e4b69b1eac022591f7db4f2501cccba75ec164117fa,-37856.0,91104.0,-89187.0,72783.0,-80235.0,,0,0,0,0,0,0,1,0,ADV_IND,37,37,4,-1,0,-1,-1,8032,32,8,unknown
274.17899999999645,E8:37:AF:12:C0:1C,1cc012af37e81eff4c001219aa7d16014813594e7db423efd64e0e67aeeef13e7c95df0717,-2998.0,58583.0,-79013.0,60016.0,-72674.0,,0,0,0,0,0,0,1,0,ADV_IND,37,37,4,-1,0,-1,-1,1042,32,8,unknown
275.1229999999996,C6:B4:9F:9B:E4:B2,b2e49b9fb4c61eff4c00121979ff2fbf4160e17b19851b973e527daf82baf390a4df4f02e4,-23055.0,95734.0,-99641.0,99191.0,-153209.0,,0,0,0,0,0,1,1,0,ADV_IND,37,37,9,-1,0,-1,-1,1784,31,8,unknown
275.1229999999996,C6:B4:9F:9B:E4:B2,b2e49b9fb4c61eff4c00121979ff2fbf4160e17b19851b973e527daf82baf390a4df4f02e4,-25330.0,59640.0,-96403.0,78007.0,-87995.0,,0,0,0,0,0,0,1,0,ADV_IND,37,37,4,-1,0,-1,-1,2969,32,8,unknown
275.1229999999996,C6:B4:9F:9B:E4:B2,b2e49b9fb4c61eff4c00121979ff2fbf4160e17b19851b973e527daf82baf390a4df4f02e4,-37090.0,76788.0,-95271.0,90995.0,-140349.0,,0,0,0,0,0,1,1,0,ADV_IND,37,37,1,-1,0,-1,-1,7721,32,7,unknown
275.1229999999996,C6:B4:9F:9B:E4:B2,b2e49b9fb4c61eff4c00121979ff2dbf4120e17b198519973e5235af82aaf390b6974ed6e6,-17952.0,59707.0,-109080.0,43067.0,-86163.0,,0,0,0,0,0,0,1,2,ADV_NONCONN_IND,37,37,4,-1,0,-1,-1,3939,32,8,unknown
275.3799999999974,47:94:9F:9B:E4:B2,b2e49b9f94471eff4c00121979ff2fbf4160616b19851b973e5a3da782bef310a4df4f52e4,-18641.0,57185.0,-97399.0,63628.0,-91795.0,,0,0,0,0,0,0,1,2,ADV_NONCONN_IND,37,37,7,-1,0,-1,-1,4546,32,7,unknown
275.3799999999974,C6:B4:9F:DB:64:B2,b264db9fb4c61eff4c00121979ff2fbf4120e17b0d051b877ec83dbf02aab290a4df4f56e4,-19962.0,74299.0,-98631.0,54121.0,-90244.0,,0,0,0,0,0,0,1,0,ADV_IND,37,37,3,-1,0,-1,-1,2366,32,8,unknown
275.3799999999974,C6:B4:9F:9B:E6:B2,b2e69b9fb4c61eff4c00121979ff2fbf4160e17b19855b973e527daf83baf390a4d74f02e4,-17732.0,90457.0,-99722.0,95529.0,-111069.0,,0,0,0,0,0,0,1,0,ADV_IND,37,37,2,-1,0,-1,-1,7192,32,8,unknown
275.3799999999974,F7:A5:B6:42:4B:BE,be4b42b6a5f71aff4c00121900283d98a41e7ed051d960ddc82b5d8a04c4ee8b3901200002,-13906.0,57131.0,-84755.0,61850.0,-117812.0,,0,0,0,0,0,0,1,2,ADV_NONCONN_IND,37,37,8,-1,0,-1,-1,4859,30,8,unknown
275.887999999999,CE:BC:BB:9B:E4:B0,b0e49bbbbcce1eff4c00121979ff2fb74320e17b1d851b973e527daf82aaf390a49f4f02e4,-3400.0,65813.0,-104949.0,73602.0,-112391.0,,0,0,0,0,0,0,1,2,ADV_NONCONN_IND,37,37,10,-1,0,-1,-1,5196,28,8,unknown
275.887999999999,46:B4:9F:DB:E6:B2,b2e6db9fb4460eff4c00121979ff2f9f4160e17b19851b973e527daf82baf390a4df4f02e4,-24364.0,87101.0,-78228.0,70788.0,-109850.0,,0,0,0,0,0,0,1,0,ADV_IND,37,37,11,-1,0,-1,-1,6206,32,8,unknown
275.887999999999,C7:B4:9F:DB:E4:B2,b2e4db9fb4c71eff4c00121979df2fbf4560e17b19851b973e527daf82baf390a4df4f02e4,-12597.0,72492.0,-95033.0,82128.0,-97648.0,,0,0,0,0,0,0,1,0,ADV_IND,37,37,8,-1,0,-1,-1,2084,32,7,unknown
275.887999999999,C7:D0:BB:A0:84:6E,6e84a0bbd0c71eff4c001219aabd3f3e4b79b1eac022591f52acd21214cc2b34ec364103fa,-18398.0,62240.0,-95769.0,92346.0,-130318.0,,0,0,0,0,0,1,1,0,ADV_IND,37,37,9,-1,0,-1,-1,7791,32,8,unknown
276.3130000000019,C8:17:AF:02:C1:5C,5cc102af17c81eff4c001219aa7f1601583379427db427efd64e8e67aeee11267c9ddfd317,-7740.0,81767.0,-106198.0,68463.0,-99567.0,,0,0,0,0,0,0,1,0,ADV_IND,37,37,9,-1,0,-1,-1,3625,31,8,unknown
276.3130000000019,47:B4:9F:9B:E4:B2,b2e49b9fb4471eff4c00121979ff2fbf4160e17b19851b97365275af82bef390a4df4f02e4,-26406.0,69924.0,-94500.0,68723.0,-115434.0,,0,0,0,0,0,0,1,0,ADV_IND,37,37,0,-1,0,-1,-1,5298,30,8,unknown
276.3130000000019,C6:B4:9F:9B:E4:B2,b2e49b9fb4c61eff4c00121979ff6fbf4160e17b09c51b973e52752f81baf390a4df4f5ee4,-8211.0,97563.0,-114801.0,69544.0,-142067.0,,0,0,0,0,0,0,1,1,ADV_DIRECT_IND,37,37,4,-1,0,-1,-1,7404,31,8,unknown
276.6929999999993,CE:B4:9F:9B:EE:B2,b2ee9b9fb4ce0eff4c00121979ff2f9f4560a17b1fb70b9f171a34f943949b86ac970f7266,-15820.0,82366.0,-84680.0,86225.0,-105636.0,,0,0,0,0,0,0,1,2,ADV_NONCONN_IND,37,37,0,-1,0,-1,-1,6984,31,8,unknown
278.22299999999814,47:D0:BB:A0:84:6E,6e84a0bbd0471eff4c001219aabd3f3e4b79b1eac022591f52acd21214cc2b34ec364102fa,-35429.0,95456.0,-118075.0,87384.0,-145201.0,,0,0,0,0,0,0,1,0,ADV_IND,37,37,6,-1,0,-1,-1,2165,31,8,unknown
279.40200000000186,5C:B1:0C:E2:11:55,5511e20cb15c0201021816aafe408b55d0350d1ea6cdce96a5b575a47ff97e036fb6,-32063.0,57195.0,-100154.0,46075.0,-155267.0,,0,0,0,0,0,1,1,0,ADV_IND,34,37,3,-1,0,-1,-1,7772,31,8,unknown
280.35599999999977,E8:37:BF:52:C0:7C,7cc052bf37e81eff4c0012198a791601581379467db427efd6ce8e67aeeef13e7c9ddf0317,-13390.0,95679.0,-118865.0,103008.0,-103020.0,,0,0,0,0,0,0,1,0,ADV_IND,37,37,2,-1,0,-1,-1,4003,31,8,unknown
281.17199999999866,5C:B1:0C:E2:11:55,5511e20cb15c0201021816aafe408b55d0350d1ea6cdce96a5b575a47ff97e036fb6,-28514.0,111768.0,-133884.0,77812.0,-156375.0,,0,0,0,0,0,1,1,0,ADV_IND,34,37,15,-1,0,-1,-1,1706,29,8,unknown
283.5149999999994,5C:B1:0C:E2:11:55,5511e20cb15c0201021816aafe408b55d0350d1ea6cdce96a5b575a47ff97e036fb6,-29290.0,99734.0,-110512.0,33036.0,-160659.0,,0,0,0,0,0,1,1,0,ADV_IND,34,37,11,-1,0,-1,-1,4130,30,7,unknown
284.40499999999884,68:37:AF:12:C0:7C,7cc012af37681aff4c001219aa791601581379467db425e7c6dc8e47eceef12a7c99df4317,-8193.0,58343.0,-72430.0,99796.0,-75723.0,,0,0,0,0,0,0,1,0,ADV_IND,37,37,7,-1,0,-1,-1,5512,32,8,unknown
285.625,5C:B1:0C:E2:11:55,5511e20cb15c0201021816aafe408b55d0350d1ea6cdce96a5b575a47ff97e032fb6,-34245.0,93307.0,-112990.0,36412.0,-123040.0,,0,0,0,0,0,0,1,2,ADV_NONCONN_IND,34,37,11,-1,0,-1,-1,3777,32,8,unknown
286.5520000000033,E8:37:AF:12:C0:7C,7cc012af37e81eff4c001219aa79160158137946bda427e7f64e0e67aeeef13e7c9dcfdb15,-9988.0,79211.0,-75833.0,79866.0,-81114.0,,0,0,0,0,0,0,1,0,ADV_IND,37,37,2,-1,0,-1,-1,7791,32,8,unknown
287.1949999999997,C1:D6:00:D4:D8:95,95d8d400d6c11eff4c001219105f143ab550d0564624f6b08527f4eaff3f598496dbf84395,-8981.0,85704.0,-78322.0,86508.0,-135629.0,,0,0,0,0,0,0,1,2,ADV_NONCONN_IND,37,37,3,-1,0,-1,-1,1051,30,7,unknown
287.1949999999997,5C:B1:0C:E2:11:55,5511e20cb15c0201021816aafe408b55d0350d1ea6cdce96a5b575a47ff97e036fb6,-19912.0,95034.0,-117308.0,73235.0,-171542.0,,0,0,0,0,0,1,1,0,ADV_IND,34,37,12,-1,0,-1,-1,1552,30,7,unknown
290.4830000000002,C7:D0:BB:A0:84:6E,6e84a0bbd0c71eff4c001219aabd3f3e4b79a1eac022591f52bcd25214ce3b34acb64107fa,-10204.0,43967.0,-95465.0,64116.0,-94523.0,,0,0,0,0,0,0,1,2,ADV_NONCONN_IND,37,37,11,-1,0,-1,-1,5300,31,8,unknown
294.122000000003,E2:6D:88:AD:C0:11,11c0ad886de21eff4c001219334cbc05baa0b99b32f0f347024ae182f95699e1ac97bd4156,-1259.0,71215.0,-84215.0,75286.0,-107175.0,,0,0,0,0,0,0,1,0,ADV_IND,37,37,10,-1,0,-1,-1,6817,32,8,unknown
294.122000000003,E2:6D:88:AD:C0:11,11c0ad886de20eff4c001219334cb114b820b99b32b0f34702caf1c2f916dde9aeb6bd71d7,-19731.0,59091.0,-98977.0,67654.0,-115115.0,,0,0,0,0,0,0,1,0,ADV_IND,37,37,8,-1,0,-1,-1,1417,32,8,unknown
294.122000000003,62:6D:88:AD:C0:11,11c0ad886d621aff4c001219334cbc05baa0b99b32f0f347035ae182f95699e1ac97b94157,-30577.0,75988.0,-96152.0,46395.0,-124229.0,,0,0,0,0,0,0,1,0,ADV_IND,37,37,10,-1,0,-1,-1,6433,31,8,unknown
294.122000000003,E2:6D:88:AD:C0:11,11c0ad886de21eff4c001219334cbc05baa0b99b32f0f347024ae182f95699e1acc6bd0157,-18697.0,57005.0,-96370.0,91252.0,-117047.0,,0,0,0,0,0,1,1,0,ADV_IND,37,37,15,-1,0,-1,-1,2869,31,8,unknown
295.14600000000064,62:6D:88:AD:C0:11,11c0ad886d621aff4c001219334cbc05baa0b99b30f0f347024ae582f95699e1acc6bd01d7,-15299.0,84883.0,-72997.0,57711.0,-103206.0,,0,0,0,0,0,0,1,0,ADV_IND,37,37,9,-1,0,-1,-1,3603,32,8,unknown
295.14600000000064,4C:9A:FA:CD:FA:4E,4efacdfa9a4c06ff4c0012192317aa68959e63ac4cac5ef70e68c346a315daab29a8ee5ef8,-49350.0,63410.0,-94668.0,73049.0,-75597.0,,0,0,0,0,0,0,1,4,SCAN_RSP,37,37,3,-1,0,-1,-1,3957,32,8,unknown
295.14600000000064,E2:6D:88:AD:C0:11,11c0ad886de21eff4c001219334cbc05ba608dbf336c1ff70d135ec77e623e7e293ff4dd3e,-23208.0,98703.0,-68193.0,86856.0,-99746.0,,0,0,0,0,0,0,1,0,ADV_IND,37,37,2,-1,0,-1,-1,6201,32,8,unknown
295.14600000000064,E2:6D:88:AD:C0:11,11c0ad886de21eff4c001219334cbc05baa0b99b32f0f347024ae182f95699e1acc6bd0157,-19155.0,89011.0,-60939.0,50691.0,-110168.0,,0,0,0,0,0,1,1,0,ADV_IND,37,37,12,-1,0,-1,-1,1863,32,8,unknown
295.14600000000064,62:6D:88:AD:C0:11,11c0ad886d621aff4c001219334cbc05baa0b99b30f0f367061b75e6fb661c7aa8b7b6753e,-13500.0,75837.0,-110165.0,64049.0,-120433.0,,0,0,0,0,0,0,1,0,ADV_IND,37,37,15,-1,0,-1,-1,4039,31,7,unknown
295.14600000000064,E2:6D:88:AD:C0:11,11c0ad886de20eff4c001219374cb814baa0b99b32f0f367024af182f9169de1ac87bd0146,-22752.0,65584.0,-85264.0,67583.0,-92116.0,,0,0,0,0,0,0,1,0,ADV_IND,37,37,6,-1,0,-1,-1,6385,31,8,unknown
295.7169999999969,E2:6D:88:AD:C0:91,91c0ad886de21eff4c001219330cbc05baa0b99b32f0f347024ae182f95699e1acc6bd0157,-15372.0,109807.0,-92791.0,58646.0,-121850.0,,0,0,0,0,0,0,1,2,ADV_NONCONN_IND,37,37,2,-1,0,-1,-1,3806,31,7,unknown
295.7169999999969,E2:69:88:AD:C0:11,11c0ad8869e21eff4c001219334cbc05baa0b99b32f07347024ae182f95699e1acc6bd0157,-14998.0,67134.0,-90626.0,78652.0,-114706.0,,0,0,0,0,0,0,1,0,ADV_IND,37,37,3,-1,0,-1,-1,6242,32,8,unknown
295.7169999999969,E2:6D:88:AD:C0:11,11c0ad886de21eff4c001219334cbd05baa0b99b32f0f347024ae182f95699e1ac86bd1157,7365.0,71939.0,-103181.0,72182.0,-110550.0,,0,0,0,0,0,0,1,0,ADV_IND,37,37,14,-1,0,-1,-1,2604,32,8,unknown
295.7169999999969,C2:69:88:AD:C0:11,11c0ad8869c21eff4c001219335cbcb54a0ca053f3f784b1252a153ca075e3285554b0ed7b,-15931.0,50955.0,-105110.0,56355.0,-97195.0,,0,0,0,0,0,0,1,2,ADV_NONCONN_IND,37,37,7,-1,0,-1,-1,4833,32,7,unknown
295.7169999999969,E2:6D:88:AD:C0:11,11c0ad886de21eff4c001219334cbc05baa0b99b32f0f347024ae182f95699e1acc6bd0157,-19239.0,69550.0,-76437.0,89423.0,-102488.0,,0,0,0,0,0,1,1,0,ADV_IND,37,37,0,-1,0,-1,-1,8022,32,8,unknown
295.7169999999969,E2:6D:88:AD:C0:11,11c0ad886de21eff4c001219334cbc05baa0b99b32f0f347024ae182f95699e1acc6bd0157,-9870.0,76547.0,-80117.0,84509.0,-120064.0,,0,0,0,0,0,1,1,0,ADV_IND,37,37,14,-1,0,-1,-1,3227,30,7,unknown
296.1929999999993,E2:6D:98:8D:C1:11,11c18d986de21eff4c001219339c3b07a22889b732641e670513fec27f56bc7f29dff5555e,-26471.0,101460.0,-89303.0,79503.0,-83563.0,,0,0,0,0,0,0,1,2,ADV_NONCONN_IND,37,37,7,-1,0,-1,-1,6958,30,7,unknown
296.1929999999993,60:69:88:2D:40:11,11402d8869601bff4c001219370cbd05baa0999b32b0fa4703aad384cc1723002c744891f1,13461.0,79393.0,-67107.0,88214.0,-58993.0,,0,0,0,0,0,0,1,0,ADV_IND,37,37,5,-1,0,-1,-1,7801,31,8,unknown
296.64600000000064,E2:6D:88:AD:C0:11,11c0ad886de21eff4c001219374cbd15baa0b99b32f0f367024ae182f9569de1acd6bd4157,-30250.0,82348.0,-97795.0,57187.0,-125081.0,,0,0,0,0,0,0,1,0,ADV_IND,37,37,6,-1,0,-1,-1,7225,32,8,unknown
296.64600000000064,E2:6D:88:AD:C0:11,11c0ad886de21eff4c001219334cbc05baa0b99b32f0f3670f4ae582fb169de9ac87bd4957,-12352.0,71597.0,-93520.0,46702.0,-101732.0,,0,0,0,0,0,0,1,0,ADV_IND,37,37,10,-1,0,-1,-1,2417,32,8,unknown
296.64600000000064,E2:6D:88:AD:C0:11,11c0ad886de21eff4c001219334cbc05baa0b99b32f0f347024ae182f95699e1acc6bd0157,-16432.0,76063.0,-79453.0,70893.0,-67082.0,,0,0,0,0,0,1,1,0,ADV_IND,37,37,4,-1,0,-1,-1,7502,31,8,unknown
296.93099999999686,E2:6D:88:AD:C0:91,91c0ad886de21eff4c001219334cbc05baa0b99b32f0f347024af182f95699e1acc6bc1156,-26697.0,74309.0,-100279.0,88441.0,-127348.0,,0,0,0,0,0,0,1,0,ADV_IND,37,37,0,-1,0,-1,-1,5375,31,7,unknown
296.93099999999686,E2:6D:88:AD:C0:11,11c0ad886de21eff4c001219330cbc05baa0b99b32f0f347024ae182f95699e1acc6bd0157,-14883.0,86509.0,-82119.0,86386.0,-117597.0,,0,0,0,0,0,0,1,2,ADV_NONCONN_IND,37,37,14,-1,0,-1,-1,3381,31,7,unknown
296.93099999999686,C2:6D:88:AD:C0:11,11c0ad886dc20eff4c001219334cbc05baa0b99b32f0f347024ae182f95699e1acc6bd0117,-15522.0,97338.0,-98308.0,83858.0,-138019.0,,0,0,0,0,0,0,1,0,ADV_IND,37,37,10,-1,0,-1,-1,5700,32,7,unknown
296.93099999999686,E2:6D:88:AD:C0:10,10c0ad886de21aff4c001219334cbc05baa0b99b32f0f347025af182fb5699e3acc6bd0156,-30374.0,104032.0,-71258.0,77975.0,-128446.0,,0,0,0,0,0,0,1,0,ADV_IND,37,37,2,-1,0,-1,-1,2193,32,7,unknown
296.93099999999686,E2:6D:88:AD:C0:10,10c0ad886de21eff4c001219334cbc05baa0b99b32f0f347025ae1c2fd5699ebacc63d0157,1107.0,70627.0,-80556.0,69801.0,-82950.0,,0,0,0,0,0,0,1,0,ADV_IND,37,37,0,-1,0,-1,-1,7423,30,8,unknown
299.6650000000009,4C:B1:1C:E2:51:55,5551e21cb14c0201021816aafe408b55d0350d1ea6cdce96a5b575a47ff97e036fb6,-30460.0,85489.0,-105003.0,49473.0,-164472.0,,0,0,0,0,0,0,1,2,ADV_NONCONN_IND,34,37,5,-1,0,-1,-1,4423,32,8,unknown
299.6650000000009,55:0E:44:07:06:B0,b00607440e550eff4c001219cac5ba7a6d51fd6ceeb3a3f7c49c26c4e04a42f5ab9f38539a,-36855.0,62329.0,-124161.0,79799.0,-99324.0,,0,0,0,0,0,0,1,0,ADV_IND,37,37,11,-1,0,-1,-1,5314,32,8,unknown
303.83899999999994,5C:B9:0C:E2:11:55,5511e20cb95c0201021816aafe008955d0350d1ea6cdce96a5b575a47ff97e036eb6,-46067.0,88904.0,-110342.0,46360.0,-153721.0,,0,0,0,0,0,0,1,0,ADV_IND,34,37,9,-1,0,-1,-1,3670,32,8,unknown
305.6290000000008,5C:B1:0C:C2:11:55,5511c20cb15c0201021816aafe408b55d035451eecc5cc97b7fd34a43fbd7c036f97,-25010.0,78515.0,-118451.0,59544.0,-151000.0,,0,0,0,0,0,0,1,0,ADV_IND,34,37,11,-1,0,-1,-1,2193,32,8,unknown
307.14800000000105,D1:76:68:4A:DE:C3,c3de4a6876d11eff4c00121900cde6be0810e593661a7013f963b0de07b856d1144c641200,-34016.0,63871.0,-115221.0,74214.0,-136099.0,,0,0,0,0,0,0,1,2,ADV_NONCONN_IND,37,37,4,-1,0,-1,-1,7464,31,8,unknown
309.10899999999674,E1:D6:01:D4:D8:95,95d8d401d6e11eff4c001219105fb532b51039d00d26bc04cf2774d2ff36d98cb693f85f57,6705.0,105359.0,-87791.0,79470.0,-113349.0,,0,0,0,0,0,0,1,0,ADV_IND,37,37,0,-1,0,-1,-1,3091,31,8,unknown
309.45500000000175,5C:B1:0C:E2:11:55,5511e20cb15c0201021816aafe408b55d0350d1ea6cdce96a5b575a47ff95e036fb6,-37399.0,92859.0,-102075.0,38398.0,-138672.0,,0,0,0,0,0,0,1,0,ADV_IND,34,37,8,-1,0,-1,-1,3524,32,8,unknown
311.58899999999994,E1:D6:01:D4:D8:95,95d8d401d6e11aff4c001219005f153ab15050564624f6e40f976bff45366c55c5d6b484d3,-16085.0,68982.0,-95106.0,85585.0,-145515.0,,0,0,0,0,0,0,1,0,ADV_IND,37,37,1,-1,0,-1,-1,6621,32,7,unknown
313.7699999999968,C7:D0:BB:A0:84:6E,6e84a0bbd0c71eff4c001219aabd3f3e4b79f1eac022591f73acd21204cc2b34e8364002ea,-25001.0,58556.0,-125648.0,76754.0,-108621.0,,0,0,0,0,0,0,1,0,ADV_IND,37,37,5,-1,0,-1,-1,4752,32,8,unknown
314.4190000000017,5C:B1:0C:E2:11:55,5511e20cb15c0201021816aafe408b55d0350d1ea6cdce96a5b575a47ff97e036fb6,-49727.0,91749.0,-117703.0,51812.0,-153534.0,,0,0,0,0,0,1,1,0,ADV_IND,34,37,3,-1,0,-1,-1,2114,30,7,unknown
315.96100000000297,C7:D0:BB:A0:84:6E,6e84a0bbd0c71eff4c001219aabd3f3e4b79b1eac022591f52acd21214cc2b34ec364103fa,-21062.0,50194.0,-88435.0,77126.0,-127183.0,,0,0,0,0,0,1,1,0,ADV_IND,37,37,2,-1,0,-1,-1,2281,32,8,unknown
316.4300000000003,5C:B1:0C:E2:11:55,5511e20cb15c0201021816aafe408b5550350d9ca4cdce96a5b575a47ff97e036fb6,-39424.0,103727.0,-119543.0,63041.0,-162486.0,,0,0,0,0,0,0,1,0,ADV_IND,34,37,14,-1,0,-1,-1,4458,32,8,unknown
317.0169999999998,E1:D6:01:D4:D8:95,95d8d401d6e11eff4c001219105f143ab150d0564624f6b08727f4caff3f598416dbf94395,-33262.0,73887.0,-100527.0,64957.0,-133007.0,,0,0,0,0,0,0,1,0,ADV_IND,37,37,8,-1,0,-1,-1,6378,32,7,unknown
319.0420000000013,E1:D6:09:C4:D8:95,95d8c409d6e11eff4c001219101f951eb05041544e34f6b08527b4eaffaf590512dbf80384,-30882.0,40833.0,-101238.0,33451.0,-128262.0,,0,0,0,0,0,0,1,0,ADV_IND,37,37,8,-1,0,-1,-1,3798,32,8,unknown
320.01900000000023,C7:D0:BB:A0:84:6E,6e84a0bbd0c71eff4c0012198abd3f3e4b79b1aac023591ff6acd21214ce2b34ec374107fa,-14327.0,49712.0,-107451.0,64487.0,-122073.0,,0,0,0,0,0,0,1,0,ADV_IND,37,37,9,-1,0,-1,-1,3208,31,7,unknown
320.28399999999965,5C:B1:0C:E2:11:55,5511e20cb15c0201021816aafe408b5550350d1ea4cdce96e5b575a47ff97e0320b6,-36044.0,99035.0,-108418.0,41599.0,-125437.0,,0,0,0,0,0,0,1,0,ADV_IND,34,37,4,-1,0,-1,-1,6992,32,8,unknown
321.3139999999985,E1:D6:01:D4:D8:95,95d8d401d6e11eff4c001219105f141ab05050544e34f6b08527f4caffaf5d04169bb21784,-3537.0,75616.0,-74053.0,47882.0,-119495.0,,0,0,0,0,0,0,1,0,ADV_IND,37,37,14,-1,0,-1,-1,7083,32,8,unknown
321.97000000000116,C7:D0:BB:A0:84:6E,6e84a0bbd0c71eff4c001219aabd3f3e4b79a1eac022591f52acf20114ce3b34ec364113fa,-20957.0,52085.0,-98235.0,66950.0,-109587.0,,0,0,0,0,0,0,1,0,ADV_IND,37,37,3,-1,0,-1,-1,2734,32,8,unknown
322.63500000000204,5C:B1:0C:E2:11:55,5511e20cb15c0201021816aafe408b55d0350d1ea6cdce96e5b775a47ff97e036eb6,-28918.0,76049.0,-120001.0,55745.0,-138160.0,,0,0,0,0,0,0,1,0,ADV_IND,34,37,1,-1,0,-1,-1,1280,32,8,unknown
322.63500000000204,89:3B:73:73:D1:9D,9dd173733b890aff4c001219001046f2cd4576bd8aba864ef153001113081e08c811247896,-48884.0,51606.0,-80134.0,68224.0,-98457.0,,0,0,0,0,0,0,1,2,ADV_NONCONN_IND,37,37,3,-1,0,-1,-1,1032,32,8,unknown
324.0590000000011,C7:D0:BB:A0:84:6E,6e84a0bbd0c71eff4c001219aabd3f3e4b79b1eac0235d1f52bcd01014cc2b34ac365106fa,-26995.0,27356.0,-117657.0,70498.0,-111270.0,,0,0,0,0,0,0,1,2,ADV_NONCONN_IND,37,37,3,-1,0,-1,-1,2252,32,7,unknown
324.66399999999703,5C:B1:0C:E2:11:55,5511e20cb15c0201021816aafe408b55d0350d1ea6cdce96a5b575a47ff97e036fb6,-40486.0,87214.0,-117340.0,56325.0,-153748.0,,0,0,0,0,0,1,1,0,ADV_IND,34,37,0,-1,0,-1,-1,4633,32,8,unknown
324.66399999999703,E9:BB:73:73:91:9D,9d917373bbe91eff4c001219009246f24dc476fdcaba864ed113001513aa5c08c811664100,6834.0,58761.0,-97638.0,61181.0,-110169.0,,0,0,0,0,0,0,1,2,ADV_NONCONN_IND,37,37,4,-1,0,-1,-1,7873,32,8,unknown
325.44600000000355,E1:D6:00:D5:98:95,9598d500d6e11eff4c001219105f143ab150d0564634f6b08527f4eaff3f598416dbf90395,3312.0,79042.0,-80650.0,76504.0,-161350.0,,0,0,0,0,0,0,1,0,ADV_IND,37,37,0,-1,0,-1,-1,1622,32,7,unknown
329.7779999999984,61:D6:01:D4:D8:95,95d8d401d6611eff4c001219105f353ab150c0544434f6b08527f4faff3f5994969bb01104,-4920.0,85727.0,-82528.0,75204.0,-82863.0,,0,0,0,0,0,0,1,2,ADV_NONCONN_IND,37,37,4,-1,0,-1,-1,5780,32,8,unknown
330.94600000000355,5C:B1:0C:E2:11:55,5511e20cb15c0201021816aafe40ab5554270dbca4c7c416f7fd14e43fbd5c0b6a97,-23896.0,91710.0,-130081.0,50080.0,-159549.0,,0,0,0,0,0,0,1,0,ADV_IND,34,37,3,-1,0,-1,-1,5667,32,8,unknown
332.7739999999976,5C:B1:0C:E2:11:55,5511e20cb15c0201261816aafe408b55d0350d1ea6cfce96e5b575a47ff97e032bb6,-33981.0,83200.0,-112427.0,48839.0,-150855.0,,0,0,0,0,0,0,1,0,ADV_IND,34,37,5,-1,0,-1,-1,1793,32,8,unknown
332.7739999999976,E9:3B:73:73:91:8D,8d9173733be91eff4c001219009246f2cd4576bd4abba667d19b2005038c1c08c8d0561184,-23305.0,65787.0,-90195.0,59123.0,-143531.0,,0,0,0,0,0,0,1,2,ADV_NONCONN_IND,37,37,9,-1,0,-1,-1,3757,32,8,unknown
333.01800000000367,E1:D6:01:D4:D8:95,95d8d401d6e11eff4c001219105f143ab050d0564634f6b08527f4eaff3f598416dbf91395,-15453.0,69218.0,-89817.0,39871.0,-139435.0,,0,0,0,0,0,0,1,0,ADV_IND,37,37,11,-1,0,-1,-1,1001,32,7,unknown
334.612000000001,5C:B1:0C:E2:11:55,5511e20cb15c0201021816aafe408b55d0350d1ea6cdce96a5b575a47ff97e036fb6,-36355.0,86450.0,-116482.0,63821.0,-176743.0,,0,0,0,0,0,1,1,0,ADV_IND,34,37,0,-1,0,-1,-1,4553,32,8,unknown
334.612000000001,E9:B9:73:73:91:9D,9d917373b9e91eff4c001219009246f24d4576fd8aba864ed113000413285e08c811660100,-18219.0,40133.0,-96220.0,80947.0,-125206.0,,0,0,0,0,0,0,1,2,ADV_NONCONN_IND,37,37,14,-1,0,-1,-1,4323,32,8,unknown
334.86499999999796,E1:D6:01:D4:D8:95,95d8d401d6e11eff4c001219105f143ab150d0544634f6b08527f4eaff3f5904b693f00395,-22441.0,90198.0,-83836.0,62119.0,-131088.0,,0,0,0,0,0,0,1,0,ADV_IND,37,37,4,-1,0,-1,-1,3685,32,7,unknown
338.66999999999825,5C:B1:0C:E2:11:55,5511e20cb15c0201021816aafe408910d4350d8c84edc686e59774a47bf97e0b2a96,-42705.0,88416.0,-117563.0,32475.0,-130788.0,,0,0,0,0,0,0,1,0,ADV_IND,34,37,10,-1,0,-1,-1,4131,32,8,unknown
340.66399999999703,5C:B1:0C:E2:11:55,5511e20cb15c0201021816aafe408b55d0350d1ea6cdce96a5b575a47ff97e036fb6,-30041.0,65741.0,-105865.0,44865.0,-161608.0,,0,0,0,0,0,1,1,0,ADV_IND,34,37,15,-1,0,-1,-1,3298,32,8,unknown
342.58200000000215,E9:39:63:73:91:9D,9d91736339e91eff4c001219009246f2cd4377fd8aba864ef113041113a81e08c811660100,-17533.0,34088.0,-102793.0,71462.0,-101955.0,,0,0,0,0,0,0,1,2,ADV_NONCONN_IND,37,37,0,-1,0,-1,-1,1008,30,7,unknown
342.58200000000215,5C:B1:0C:E2:11:55,5511e20cb15c0201021816aafe408b55d0350d1ea6e7ce96e5b575a47ff97e0b6fb6,-35038.0,70513.0,-113801.0,52512.0,-136892.0,,0,0,0,0,0,0,1,0,ADV_IND,34,37,0,-1,0,-1,-1,5934,32,8,unknown
344.8249999999971,E9:3B:73:73:91:9D,9d9173733be91eff4c001219009246f2cd4576fd8aba864ed113001113281e08c811660100,-20041.0,39276.0,-100153.0,73414.0,-127161.0,,0,0,0,0,0,1,1,2,ADV_NONCONN_IND,37,37,0,-1,0,-1,-1,2762,32,8,unknown
344.8249999999971,5C:B1:0C:E2:11:55,5511e20cb15c0201021816aafe408b55d0350d1ea6cdce96a5b575a47ff97e036fb6,-30491.0,98677.0,-114235.0,50263.0,-160469.0,,0,0,0,0,0,1,1,0,ADV_IND,34,37,6,-1,0,-1,-1,4719,32,8,unknown
346.79499999999825,E9:3B:73:73:91:9D,9d9173733be91eff4c001219009246f2cd4576fd8aba864ed113001113281e08c811660100,-30820.0,54468.0,-89621.0,84731.0,-108089.0,,0,0,0,0,0,1,1,2,ADV_NONCONN_IND,37,37,1,-1,0,-1,-1,1992,32,8,unknown
346.79499999999825,5C:B1:0C:E2:11:55,5511e20cb15c0201021816aafe408b55d0350d1ea6cdce96a5b575a47ff97e036fb6,-60944.0,100943.0,-122051.0,60742.0,-170144.0,,0,0,0,0,0,1,1,0,ADV_IND,34,37,0,-1,0,-1,-1,7690,32,8,unknown
348.89400000000023,5C:B1:0C:E2:11:55,5511e20cb15c0201021816aafe408b55d0350d1ea6cdce96a5b575a47ff97e036fb6,-22902.0,58820.0,-96734.0,38141.0,-158234.0,,0,0,0,0,0,1,1,0,ADV_IND,34,37,9,-1,0,-1,-1,3584,31,8,unknown
350.9320000000007,5C:B1:0C:E2:11:55,5511e20cb15c0201021816aafe408b55d0350d1ea6cdce96a5b575a47ff97e036fb6,-23035.0,64441.0,-107499.0,45470.0,-149463.0,,0,0,0,0,0,1,1,0,ADV_IND,34,37,13,-1,0,-1,-1,7043,32,7,unknown
351.29299999999785,E1:D6:01:D4:D8:95,95d8d401d6e10eff4c001219105f941ab15040564e34e6b08527f4eaff3f598416dbf90384,0.0,65545.0,-83193.0,52058.0,-105593.0,,0,0,0,0,0,0,1,0,ADV_IND,37,37,3,-1,0,-1,-1,4977,32,8,unknown
353.0089999999982,5C:B1:0C:E2:11:55,5511e20cb15c0201021816aafe408b55d0350d1ea6cdce96a5b575a47ff97e036fb6,-37108.0,77239.0,-111038.0,76558.0,-156280.0,,0,0,0,0,0,1,1,0,ADV_IND,34,37,10,-1,0,-1,-1,6640,32,8,unknown
355.2459999999992,5C:B1:0C:E2:11:55,5511e20cb15c0201021816aafe408b55d0350d1ea6cdc696a5b575a47ff97e036fb6,-38634.0,103433.0,-118683.0,56241.0,-155171.0,,0,0,0,0,0,0,1,2,ADV_NONCONN_IND,34,37,12,-1,0,-1,-1,7876,31,7,unknown
355.2459999999992,61:D6:01:D4:D8:95,95d8d401d6611eff4c001219105f343a9550d05e4e34f6e08727f4c8ff3f5d84929fb01785,-11083.0,70309.0,-91219.0,51617.0,-121316.0,,0,0,0,0,0,0,1,0,ADV_IND,37,37,0,-1,0,-1,-1,5972,32,8,unknown
357.3530000000028,5C:B9:08:E2:11:55,5511e208b95c0201021816aafe408b55d4350d3ca6cdce9ea5b575a47ff97e036fb6,-20020.0,103629.0,-134479.0,75929.0,-162580.0,,0,0,0,0,0,0,1,0,ADV_IND,34,37,11,-1,0,-1,-1,6567,32,7,unknown
358.9890000000014,5C:B1:0C:E2:11:55,5511e20cb15c0201021816aafe408b55d0350d1ea6cdce96a5b575a47ff97e036fb6,-36948.0,89367.0,-119282.0,70893.0,-131035.0,,0,0,0,0,0,1,1,0,ADV_IND,34,37,15,-1,0,-1,-1,6277,30,7,unknown
360.974000000002,5C:B9:0C:E2:11:55,5511e20cb95c0201021816aafe408b55d0350d1ea6cdce96a5b575a47ff97e036fb6,-17230.0,87405.0,-123854.0,76529.0,-162541.0,,0,0,0,0,0,0,1,0,ADV_IND,34,37,12,-1,0,-1,-1,1608,31,8,unknown
362.8819999999978,5C:B1:0C:E2:11:55,5511e20cb15c0201021816aafe408b55d0350d1ea6cdce96a5b575a47ff97e036fb6,-30158.0,90665.0,-124001.0,61915.0,-144436.0,,0,0,0,0,0,1,1,0,ADV_IND,34,37,7,-1,0,-1,-1,2335,32,8,unknown
364.9800000000032,5C:B1:D8:E2:11:55,5511e2d8b15c0201021816aafe408b55d0350d1eaee5c696a7b575a47ff97e0b2bb6,-40672.0,101928.0,-108679.0,40065.0,-117376.0,,0,0,0,0,0,0,1,0,ADV_IND,34,37,4,-1,0,-1,-1,1886,32,7,unknown
366.8130000000019,E9:3B:73:73:91:9D,9d9173733be91eff4c001219009246f2cd4576ed8abac64ed113000513281c08ca11660100,-34721.0,50798.0,-96518.0,78106.0,-100391.0,,0,0,0,0,0,0,1,2,ADV_NONCONN_IND,37,37,3,-1,0,-1,-1,3122,32,7,unknown
367.1949999999997,5C:B1:0C:E2:11:55,5511e20cb15c0201021816aafe408b55d035091ea6cdce96a5b575a43fbd4d8f4887,-39027.0,72664.0,-101424.0,58629.0,-139606.0,,0,0,0,0,0,0,1,0,ADV_IND,34,37,0,-1,0,-1,-1,7706,32,7,unknown
369.40499999999884,5C:B1:0C:E2:11:55,5511e20cb15c0201021816aafe408b55d0350d1ea6cdce96a5b575a47ff97e036fb6,-30606.0,89189.0,-115122.0,57485.0,-142241.0,,0,0,0,0,0,0,1,0,ADV_IND,34,37,13,-1,0,-1,-1,3640,32,8,unknown
371.51900000000023,5C:B1:0C:E2:11:55,5511e20cb15c0201021816aafe408b55d0350d1ea6cdc497d7ed34e43fb54c0b6a97,-32635.0,85913.0,-102673.0,37971.0,-145372.0,,0,0,0,0,0,0,1,0,ADV_IND,34,37,10,-1,0,-1,-1,6949,32,8,unknown
372.275999999998,4B:94:3A:73:32:64,6432733a944b0201021816aafe40a9fab91ac4fe9b912f7baeda3881568fc8254fbd,-28150.0,65419.0,-97867.0,43201.0,-82237.0,,0,0,0,0,0,1,1,0,ADV_IND,34,37,2,-1,0,-1,-1,2890,32,8,unknown
373.1779999999999,5C:B1:0C:E2:11:55,5511e20cb15c0201021816aafe408b55d0350d1ea6cdce96a5b575a47ff97e036eb6,-12407.0,85723.0,-100628.0,36514.0,-156689.0,,0,0,0,0,0,0,1,0,ADV_IND,34,37,15,-1,0,-1,-1,6605,32,8,unknown
374.3640000000014,4B:94:3A:73:32:64,6432733a944b0201021816aafe40a9fab91ac4fe9b912f7baeda3881568fc8254fbd,-13262.0,49817.0,-97235.0,83691.0,-92560.0,,0,0,0,0,0,1,1,0,ADV_IND,34,37,0,-1,0,-1,-1,6638,32,8,unknown
375.122000000003,5C:B1:0C:E2:11:55,5511e20cb15c0201021816aafe408b55d0350d1ea6cdce96a5b575a47ff97e036fb6,-27400.0,70709.0,-99032.0,52247.0,-149514.0,,0,0,0,0,0,1,1,0,ADV_IND,34,37,8,-1,0,-1,-1,5162,32,8,unknown
376.2189999999973,4B:94:3A:73:32:64,6432733a944b0201021816aafe40a9fab91ac4fe9b912f7baeda3881568fc8254fbd,-10564.0,57473.0,-100071.0,72688.0,-93627.0,,0,0,0,0,0,1,1,0,ADV_IND,34,37,8,-1,0,-1,-1,3587,32,8,unknown
376.63500000000204,E9:3B:71:73:91:9D,9d9173713be90eff4c001219009246f2cd4576fd8aba864ed113000d13281e08ca11660100,-29186.0,51454.0,-95612.0,83888.0,-129911.0,,0,0,0,0,0,0,1,2,ADV_NONCONN_IND,37,37,15,-1,0,-1,-1,3672,28,7,unknown
377.0020000000004,5C:B9:4C:E2:11:55,5511e24cb95c0201021816aafe408955d0370d1eaecfce96e5b575847ff87e032ab6,-19255.0,71166.0,-102285.0,44831.0,-133574.0,,0,0,0,0,0,0,1,0,ADV_IND,34,37,0,-1,0,-1,-1,3569,32,8,unknown
378.3179999999993,4B:90:B8:73:32:64,643273b8904b0201021816aafe40a9fab91ac4fe8b112f7baeda3881528fc8254fbd,-16673.0,65015.0,-96134.0,38637.0,-86696.0,,0,0,0,0,0,0,1,0,ADV_IND,34,37,11,-1,0,-1,-1,3794,32,8,unknown
379.45700000000215,4C:B1:0C:E2:11:55,5511e20cb14c0201021816aafe408955d03d0d1e84c5ce86a5b535a47bf97e036fb6,-41697.0,76966.0,-115591.0,37948.0,-108825.0,,0,0,0,0,0,0,1,0,ADV_IND,34,37,3,-1,0,-1,-1,4040,32,8,unknown
381.76900000000023,5C:B1:0C:E2:11:55,5511e20cb15c0201021816aafe408b55d0350d1ca6cfc696a5b575a47ff97e036fa7,-43080.0,86330.0,-107367.0,53382.0,-139340.0,,0,0,0,0,0,0,1,0,ADV_IND,34,37,3,-1,0,-1,-1,1968,32,8,unknown
382.3150000000023,4B:94:3A:73:32:64,6432733a944b0201021816aafe40a9fab91ac4fe9bb92f7beeda3881568ec8254fbd,-31522.0,81040.0,-105441.0,65014.0,-95065.0,,0,0,0,0,0,0,1,0,ADV_IND,34,37,9,-1,0,-1,-1,2119,32,8,unknown
383.43299999999726,5D:91:1C:E2:51:55,5551e21c915d0201021816aafe508b55d0350d1ea6cdce96a5b575a47ff97e036fb6,-45987.0,111900.0,-107639.0,52430.0,-154049.0,,0,0,0,0,0,0,1,0,ADV_IND,34,37,6,-1,0,-1,-1,2129,30,7,unknown
384.1900000000023,4B:94:3A:73:32:64,6432733a944b0201021816aafe40a9fab91ac4fe9b912f7baeda3881568fc8254fbd,-13489.0,58249.0,-118757.0,80303.0,-89404.0,,0,0,0,0,0,1,1,0,ADV_IND,34,37,2,-1,0,-1,-1,4943,30,8,unknown
385.1770000000033,5C:B1:0C:E2:11:55,5511e20cb15c0201021816aafe408b55d0350d1ea6cdce96a5b575a47ff97e036fb6,-9514.0,95766.0,-128288.0,78490.0,-153399.0,,0,0,0,0,0,1,1,0,ADV_IND,34,37,3,-1,0,-1,-1,5285,32,8,unknown
386.3899999999994,4B:94:1F:A3:32:64,6432a31f944b0201061816aafe40a9fab91ac4be9b912f39e65b34791b0e543f1a9f,-17063.0,83975.0,-75771.0,27116.0,-92258.0,,0,0,0,0,0,0,1,0,ADV_IND,34,37,6,-1,0,-1,-1,4774,32,8,unknown
389.62400000000343,5C:B1:0C:E2:11:55,5511e20cb15c0201021816aafe408b55d0350d1ea6cdce96a5b575a47ff97e036fb6,-29196.0,122102.0,-125391.0,80402.0,-161524.0,,0,0,0,0,0,1,1,0,ADV_IND,34,37,11,-1,0,-1,-1,4713,32,8,unknown
390.6449999999968,4B:94:3A:73:32:64,6432733a944b0201021816aafe40a9fab91ac4fe9b912f7baeda3881568fc8254fbd,-5503.0,82958.0,-101146.0,95964.0,-118890.0,,0,0,0,0,0,1,1,0,ADV_IND,34,37,8,-1,0,-1,-1,4046,32,8,unknown
391.38300000000163,5C:B1:0C:E2:11:55,5511e20cb15c0201021816aafe408b55d0350d1ea6cdce96a5b575a47ff97e036fb6,-21498.0,93924.0,-109041.0,57978.0,-155742.0,,0,0,0,0,0,0,1,2,ADV_NONCONN_IND,34,37,13,-1,0,-1,-1,4046,32,8,unknown
392.6180000000022,4B:94:3A:73:32:64,6432733a944b0201021816aafe40a9fab91fd4ee9b31267baeda3880528fc8254fbd,-22321.0,94375.0,-103558.0,72082.0,-102549.0,,0,0,0,0,0,0,1,0,ADV_IND,34,37,5,-1,0,-1,-1,1192,32,7,unknown
393.6180000000022,5C:B1:0C:E2:11:55,5511e20cb15c0201021816aafe408b55d0350d1ea6cdce96a5b575a47ff97e036fb6,-22343.0,89130.0,-110214.0,55352.0,-152467.0,,0,0,0,0,0,1,1,0,ADV_IND,34,37,5,-1,0,-1,-1,7348,32,8,unknown
394.67899999999645,4B:94:3A:73:32:64,6432733a944b0241021816aafe6039dab90ec17f9b892b7baedb3885578e40654aa3,-27886.0,67436.0,-101612.0,36838.0,-83537.0,,0,0,0,0,0,0,1,0,ADV_IND,34,37,15,-1,0,-1,-1,2295,32,8,unknown
395.6990000000005,5C:B1:0C:E2:11:55,5511e20cb15c0201021816aafe408b55d0350d1ea6cdce96a5b575a47ff97e036fb6,-27034.0,70091.0,-108156.0,75687.0,-147125.0,,0,0,0,0,0,1,1,0,ADV_IND,34,37,6,-1,0,-1,-1,3353,32,8,unknown
396.5440000000017,4B:94:3A:73:32:64,6432733a944b0241021816aafe44a9fab91a8dfe9b81245b2eda28cc568f74264ffa,-31857.0,61653.0,-108213.0,53827.0,-82669.0,,0,0,0,0,0,0,1,0,ADV_IND,34,37,15,-1,0,-1,-1,2072,32,8,unknown
397.637999999999,5C:B1:0C:E2:11:55,5511e20cb15c0201021816aafe408b55d0350d1ea6cdce96a5b575a47ff97e036fb6,-39228.0,85453.0,-123507.0,80506.0,-154720.0,,0,0,0,0,0,1,1,0,ADV_IND,34,37,15,-1,0,-1,-1,2287,32,8,unknown
398.68299999999726,4B:94:3A:73:32:64,6432733a944b0201021816aafe40a9fab91ac4fe9b912f7baeda3881568fc8254fbd,-9213.0,59581.0,-78054.0,47323.0,-99695.0,,0,0,0,0,0,1,1,0,ADV_IND,34,37,14,-1,0,-1,-1,7766,32,8,unknown
399.69400000000314,5C:B1:0C:E2:11:55,5511e20cb15c0201021816aafe408b55d0350d1ea6cdce96a5b575a47ff97e036fb6,-21122.0,74076.0,-100626.0,60279.0,-142349.0,,0,0,0,0,0,1,1,0,ADV_IND,34,37,8,-1,0,-1,-1,2706,32,8,unknown
400.79499999999825,4B:94:3A:73:32:64,6432733a944b0201021816aafe40a9fab91ac4fe9b912f7baeda3881568fc8254fbd,-11185.0,53448.0,-79275.0,57216.0,-101859.0,,0,0,0,0,0,1,1,0,ADV_IND,34,37,13,-1,0,-1,-1,7570,32,8,unknown
401.5060000000012,5C:B1:0C:E2:11:55,5511e20cb15c0201021816aafe408b55d03d0d1e86c5ce96a5b575a47fb97e036fb6,-22527.0,89021.0,-109413.0,55708.0,-131402.0,,0,0,0,0,0,0,1,0,ADV_IND,34,37,12,-1,0,-1,-1,4518,32,8,unknown
401.8349999999991,C7:D0:BB:A0:8C:6E,6e8ca0bbd0c71eff4c001219aabd3f3e4b69b1eac022591772a4d21214cc2b34ee374103fa,-29199.0,57512.0,-99478.0,101278.0,-101305.0,,0,0,0,0,0,0,1,0,ADV_IND,37,37,15,-1,0,-1,-1,2116,32,7,unknown
402.88500000000204,4B:94:3A:73:32:64,6432733a944b0201021816aafe40a1eab91ac5fe9b952f7bafda3881768fd8254fb5,-34699.0,82307.0,-118179.0,73492.0,-103988.0,,0,0,0,0,0,0,1,0,ADV_IND,34,37,8,-1,0,-1,-1,993,32,8,unknown
402.88500000000204,E9:3B:73:73:91:99,999173733be91eff4c001219009246f60d1a72fd6abaa64ef11b0c15138c1d0ad811664100,-20737.0,68040.0,-90773.0,90415.0,-116107.0,,0,0,0,0,0,0,1,2,ADV_NONCONN_IND,37,37,14,-1,0,-1,-1,4681,29,8,unknown
403.55799999999726,5C:B1:0C:E2:11:55,5511e20cb15c0201021816aafe408b55d0350d1ea6cdce96a5b575a47ff97e036fb6,-29277.0,78597.0,-104531.0,45956.0,-117117.0,,0,0,0,0,0,1,1,0,ADV_IND,34,37,9,-1,0,-1,-1,6090,32,8,unknown
404.73399999999674,4B:94:3A:73:32:64,6432733a944b0201021816aafe40a9fab91acc08da91157fafdb38c4e38e44666adc,0.0,61984.0,-110849.0,57764.0,-87460.0,,0,0,0,0,0,0,1,0,ADV_IND,34,37,8,-1,0,-1,-1,1161,32,8,unknown
405.8110000000015,5C:B1:0C:E2:11:55,5511e20cb15c0201021816aafe408b55d0354df4a9c7801fde6c14f4bdb54d8f4887,-30364.0,80299.0,-108291.0,51752.0,-124882.0,,0,0,0,0,0,0,1,0,ADV_IND,34,37,0,-1,0,-1,-1,3977,32,8,unknown
406.77500000000146,4B:94:3A:73:32:64,6432733a944b0201021816aafe40a9fab91ac4fe9b912f7baeda3881568fc8254fbd,-8845.0,51200.0,-100521.0,61120.0,-83490.0,,0,0,0,0,0,1,1,0,ADV_IND,34,37,12,-1,0,-1,-1,7687,32,8,unknown
408.0040000000008,5C:B1:0C:E2:11:55,5511e20cb15c0201021816aafe408b55d0350d1ea6cdce96a5b575a47ff97e036fb6,-19202.0,109445.0,-117174.0,73498.0,-150643.0,,0,0,0,0,0,1,1,0,ADV_IND,34,37,9,-1,0,-1,-1,2117,30,8,unknown
410.13700000000244,5C:B1:0C:E2:11:55,5511e20cb15c0201021816aafe408b55d0350d1ea6cdce96a5b575a47ff97e036fb6,-29505.0,58336.0,-100126.0,62540.0,-137278.0,,0,0,0,0,0,1,1,0,ADV_IND,34,37,2,-1,0,-1,-1,1872,32,8,unknown
410.13700000000244,C7:90:BB:A0:84:66,6684a0bb90c71eff4c001219a8bd3f3e4b69d4bd8f264a7906468d33865e81c4fbff2c47e9,-19190.0,74841.0,-69635.0,63175.0,-103659.0,,0,0,0,0,0,0,1,2,ADV_NONCONN_IND,37,37,0,-1,0,-1,-1,3604,31,7,unknown
410.9100000000035,4B:94:3A:73:32:64,6432733a944b0201021816aafe40a9faa13a61cee3393cebefdab284098f8c85da9a,-28914.0,70437.0,-113599.0,54991.0,-85989.0,,0,0,0,0,0,0,1,0,ADV_IND,34,37,4,-1,0,-1,-1,6944,32,8,unknown
412.9939999999988,4B:94:3A:73:32:64,6432733a944b0201021816aafe40a9fab91ac4fe9bb877e95bdbb266a98e169cd882,-19754.0,77300.0,-93906.0,51533.0,-92566.0,,0,0,0,0,0,0,1,0,ADV_IND,34,37,7,-1,0,-1,-1,1520,32,8,unknown
414.83400000000256,5C:B1:0C:E2:11:55,5511e20cb15c0201021816aafe408b55d0350d1ea6cdce96a5b575a47ff97e036fb6,-26505.0,107745.0,-123305.0,65870.0,-145586.0,,0,0,0,0,0,1,1,0,ADV_IND,34,37,8,-1,0,-1,-1,7977,31,7,unknown
415.3689999999988,4B:94:3A:73:32:64,6432733a944b0201021816aafe40a9fab91ac4fe9b912f7baeda3881568fc8254fbd,-28577.0,49439.0,-83972.0,53752.0,-91617.0,,0,0,0,0,0,1,1,0,ADV_IND,34,37,14,-1,0,-1,-1,4986,32,8,unknown
416.09100000000035,5C:B1:0C:E2:11:55,5511e20cb15c0201021816aafe408b55d0350d1ea6cdce96e5b475a47ff97e036fb6,-18734.0,96932.0,-115256.0,58833.0,-130929.0,,0,0,0,0,0,0,1,0,ADV_IND,34,37,4,-1,0,-1,-1,1547,32,8,unknown
416.09100000000035,C7:D0:BB:A0:84:6E,6e84a0bbd0c71eff4c001219aabd3f3e4b79b1eac022591f52acd21214cc2b34ec364103fa,-32989.0,84641.0,-115658.0,107118.0,-125866.0,,0,0,0,0,0,1,1,0,ADV_IND,37,37,7,-1,0,-1,-1,4264,31,8,unknown
417.3050000000003,4B:94:3A:73:32:64,6432733a944b0201021816aafe40a9fab91ac4fe9b912f7baeda3881568fc8254fbd,-19375.0,52606.0,-94242.0,51971.0,-88380.0,,0,0,0,0,0,1,1,0,ADV_IND,34,37,8,-1,0,-1,-1,6033,32,8,unknown
417.8229999999967,5C:B1:0C:E2:11:55,5511e20cb15c0201021816aafe408b55d0350d1ea6cdce96a5b575a47ff97e036fb6,-19113.0,82525.0,-93047.0,50057.0,-147270.0,,0,0,0,0,0,1,1,0,ADV_IND,34,37,12,-1,0,-1,-1,3628,32,8,unknown
419.112000000001,4B:94:3A:73:32:64,6432733a944b0201021816aafe40a9fab91ac4fe9b912f7baeda3881568fc8254fbd,-21430.0,51332.0,-95746.0,63043.0,-86775.0,,0,0,0,0,0,1,1,0,ADV_IND,34,37,10,-1,0,-1,-1,2462,32,8,unknown
420.10199999999895,4C:91:0C:E2:11:55,5511e20c914c0201261816aafe408955503d0d1eaec74e96f5b576847bf97c0b6bb6,-47301.0,76836.0,-118180.0,45465.0,-125738.0,,0,0,0,0,0,0,1,0,ADV_IND,34,37,12,-1,0,-1,-1,2524,32,7,unknown
421.5350000000035,4B:94:3A:73:32:64,6432733a944b0201021816aafe40a9fab91ac4fe9b912f7baeda3881568fc8254fbd,-23867.0,55435.0,-95772.0,49443.0,-78733.0,,0,0,0,0,0,1,1,0,ADV_IND,34,37,2,-1,0,-1,-1,4552,32,8,unknown
422.25,5C:B1:0C:E2:11:55,5511e20cb15c0201021816aafe408b55d0350d3eacc3ce96b7fd75a47ffd7e036bb6,-19282.0,91338.0,-120721.0,62263.0,-134597.0,,0,0,0,0,0,0,1,0,ADV_IND,34,37,0,-1,0,-1,-1,2011,32,8,unknown
423.58699999999953,4B:94:3A:73:32:64,6432733a944b0201021816aafe40a9fab91ac4fe9b912f7baeda3881568fc8254fbd,-30503.0,69439.0,-99091.0,41732.0,-75933.0,,0,0,0,0,0,1,1,0,ADV_IND,34,37,11,-1,0,-1,-1,4183,32,8,unknown
425.5369999999966,4B:94:3A:73:32:64,6432733a944b0201021816aafe40a9fab91a44fe9b912f7baeda3881168fc89dcab3,-21828.0,69846.0,-86162.0,47352.0,-90517.0,,0,0,0,0,0,0,1,0,ADV_IND,34,37,5,-1,0,-1,-1,3305,32,8,unknown
425.849000000002,5C:B1:0C:E2:11:55,5511e20cb15c0201021816aafe408b55d0350d1ea6cdce96a5b575a47ff97e036fb6,-60153.0,79888.0,-107399.0,59753.0,-154342.0,,0,0,0,0,0,1,1,0,ADV_IND,34,37,2,-1,0,-1,-1,2088,32,8,unknown
427.25,4B:94:3A:73:32:64,6432733a944b0201021816aafe40a9fab91ac4fe9b912f7baeda3881568fc8254fbd,-19522.0,60539.0,-97745.0,55617.0,-88528.0,,0,0,0,0,0,1,1,0,ADV_IND,34,37,12,-1,0,-1,-1,3211,32,8,unknown
428.30399999999645,5C:B1:0C:E2:11:55,5511e20cb15c0201021816aafe408b55d0350d1ea6cdce96a5b575a47ff97e036fb6,-4445.0,78664.0,-113460.0,65468.0,-159941.0,,0,0,0,0,0,1,1,0,ADV_IND,34,37,15,-1,0,-1,-1,3734,32,8,unknown
429.18099999999686,4B:94:3A:73:32:64,6432733a944b0209021816aafe40a9fab91ac4fe9b912f7baeda3881568fc8254fbd,-4694.0,108699.0,-134462.0,96674.0,-118742.0,,0,0,0,0,0,0,1,0,ADV_IND,34,37,9,-1,0,-1,-1,7488,31,8,unknown
429.7520000000004,F9:45:A2:29:91:C3,c39129a245f91eff4c0012190037bed5148eec60ed77a4f866dac5993c98742b26ab8f1100,9391.0,86159.0,-101914.0,62693.0,-78051.0,,0,0,0,0,0,0,1,2,ADV_NONCONN_IND,37,37,10,-1,0,-1,-1,5394,32,8,unknown
430.1900000000023,5C:B1:0C:E2:11:55,5511e20cb15c0201021816aafe408b55d0350d1ea6cdce96a5b575a47ff97e036fb6,-43119.0,62750.0,-101646.0,64421.0,-121166.0,,0,0,0,0,0,1,1,0,ADV_IND,34,37,3,-1,0,-1,-1,6881,32,8,unknown
431.1010000000024,4B:94:3A:73:32:64,6432733a944b0201021816aafe40a9fab91ac4fe9b912f7baeda3881568fc8254fbd,-11736.0,76929.0,-131102.0,105844.0,-119269.0,,0,0,0,0,0,1,1,0,ADV_IND,34,37,1,-1,0,-1,-1,6822,32,8,unknown
431.5769999999975,DA:6A:91:CD:3E:F3,f33ecd916ada1eff4c00121900496bbca9c50a3b0ca3b46c787d39bdad9a9725974f440000,-334.0,56428.0,-78956.0,58496.0,-135480.0,,0,0,0,0,0,1,1,2,ADV_NONCONN_IND,37,37,7,-1,0,-1,-1,6314,32,8,unknown
432.0509999999995,5C:B1:0C:E2:11:55,5511e20cb15c0201021816aafe408b55d0350d1ea6cdce96b5b575a47ff97e0b6fb6,-46922.0,86303.0,-105648.0,41781.0,-134361.0,,0,0,0,0,0,0,1,0,ADV_IND,34,37,9,-1,0,-1,-1,6204,31,7,unknown
433.2450000000026,4B:94:3A:73:32:64,6432733a944b0201021816aafe40a9fab91ac4fe9b912f7baeda3881568fc8254fbd,-11861.0,91494.0,-93704.0,96490.0,-124734.0,,0,0,0,0,0,1,1,0,ADV_IND,34,37,5,-1,0,-1,-1,7502,32,8,unknown
433.6869999999981,D6:3C:0D:D8:17:3C,3c17d80d3cd61eff4c00121900405adfed969565804fca6eb138ccf8ee3216bf474c1f0100,-16739.0,65766.0,-81823.0,78648.0,-119047.0,,0,0,0,0,0,1,1,2,ADV_NONCONN_IND,37,37,10,-1,0,-1,-1,2281,31,8,unknown
433.6869999999981,DA:6A:91:CD:3E:F3,f33ecd916ada1eff4c00121900096bbca9c50a3b0ca3b46c787d39bd2d9a9725964f440000,-26597.0,65780.0,-96472.0,79874.0,-80665.0,,0,0,0,0,0,0,1,2,ADV_NONCONN_IND,37,37,2,-1,0,-1,-1,2781,32,8,unknown
434.70900000000256,5C:B1:0C:E2:11:55,5511e20cb15c0201021816aafe408b55d0350d1ea6cdce96a5b575a47ff97e036fb6,-16737.0,81208.0,-117190.0,79153.0,-151916.0,,0,0,0,0,0,1,1,0,ADV_IND,34,37,0,-1,0,-1,-1,1396,32,8,unknown
435.5040000000008,4B:94:3A:73:32:64,6432733a944b0201021816aafe40a9fab91ac4fe9b912f7baeda3881568fc8254fbd,-11971.0,69112.0,-108508.0,59342.0,-84656.0,,0,0,0,0,0,1,1,0,ADV_IND,34,37,10,-1,0,-1,-1,2460,32,8,unknown
435.7569999999978,5A:6A:91:CD:3E:F3,f33ecd916a5a1eff4c001219004d6bbca9c50a3b0ca7b464687d39b5ed9aca16d447583228,-1755.0,71036.0,-54713.0,70190.0,-90824.0,,0,0,0,0,0,0,1,2,ADV_NONCONN_IND,37,37,2,-1,0,-1,-1,4392,32,8,unknown
437.51900000000023,4B:94:3A:73:32:64,6432733a944b0201021816aafe40a9fab91ac4fe9b912f7baeda3881568fc8254fbd,-13676.0,58081.0,-117537.0,90167.0,-108885.0,,0,0,0,0,0,1,1,0,ADV_IND,34,37,13,-1,0,-1,-1,2275,32,8,unknown
438.1310000000012,5C:B1:0C:E2:11:55,5511e20cb15c0201021016aafe408b55d0350d1ea6cdce96a5b575a47ff97e036fb6,-27336.0,82981.0,-94555.0,45311.0,-153014.0,,0,0,0,0,0,0,1,0,ADV_IND,34,37,12,-1,0,-1,-1,5372,32,8,unknown
439.6359999999986,4B:94:3A:73:32:64,6432733a944b0201021816aafe40a9fab91ac4fe9b912f7baeda3881568fc8254fbd,-6113.0,58082.0,-87691.0,55149.0,-98409.0,,0,0,0,0,0,1,1,0,ADV_IND,34,37,7,-1,0,-1,-1,3462,32,8,unknown
439.88900000000285,CA:6A:99:CD:3E:F3,f33ecd996aca1aff4c00121900496bbca9d60a3b0ca3b46cf97d39bc0f9ed7259607541000,-12117.0,47704.0,-87741.0,58663.0,-108626.0,,0,0,0,0,0,0,1,2,ADV_NONCONN_IND,37,37,0,-1,0,-1,-1,7819,32,8,unknown
440.18299999999726,5C:B1:0C:E2:11:55,5511e20cb15c0201021816aafe408b55d0350d1ea6cdce96a5b575a47ff97e036fb6,-32109.0,62133.0,-106646.0,47628.0,-114458.0,,0,0,0,0,0,1,1,0,ADV_IND,34,37,13,-1,0,-1,-1,3449,32,8,unknown
441.37599999999657,4B:94:3A:73:32:64,6432733a944b0201021816aafe40a9fab91ac4fe9b912f7baeda3881568fc8254fbd,10081.0,87158.0,-136744.0,103134.0,-123261.0,,0,0,0,0,0,1,1,0,ADV_IND,34,37,15,-1,0,-1,-1,5938,32,8,unknown
443.62400000000343,4B:94:3A:73:32:64,6432733a944b0201021816aafe40a9fab91ac4fe9b912f7baeda3881568fc8254fbd,-11604.0,63010.0,-82686.0,52378.0,-97655.0,,0,0,0,0,0,1,1,0,ADV_IND,34,37,14,-1,0,-1,-1,5789,32,8,unknown
444.2810000000027,5C:B1:0C:E2:11:55,5511e20cb15c0201021816aafe408b55d0350d1ea6cdce96a5b575a47ff97e036fb6,-28123.0,123334.0,-137989.0,85357.0,-162636.0,,0,0,0,0,0,1,1,0,ADV_IND,34,37,14,-1,0,-1,-1,3012,32,7,unknown
446.4599999999991,5C:B1:0C:E2:11:55,5511e20cb15c0201021816aafe408b55d0350d1ea6cdce96a5b575a47ff97e036fb6,-27592.0,77530.0,-106960.0,51821.0,-119492.0,,0,0,0,0,0,1,1,0,ADV_IND,34,37,14,-1,0,-1,-1,1712,32,8,unknown
446.7549999999974,C9:18:26:5E:FA:95,95fa5e2618c90eff4c00121961aa0192e196a96944c08858ff1698a59d69e27c80f0120018,5048.0,71634.0,-88410.0,95840.0,-116102.0,,0,0,0,0,0,0,1,2,ADV_NONCONN_IND,37,37,9,-1,0,-1,-1,3402,30,7,unknown
448.13900000000285,5C:B1:0C:E2:11:55,5511e20cb15c0201021816aafe408b55d4350d8ea6cdce96d29734a47ff97e0b6e96,-34158.0,86557.0,-100851.0,41269.0,-132676.0,,0,0,0,0,0,0,1,0,ADV_IND,34,37,15,-1,0,-1,-1,6726,32,8,unknown
450.31900000000314,5C:B1:0C:E2:11:55,5511e20cb15c0201061816aafe408b55d0350d1ea6cdce96a5fd74a47ff97e036fb6,-14379.0,92395.0,-89566.0,39393.0,-166056.0,,0,0,0,0,0,0,1,0,ADV_IND,34,37,11,-1,0,-1,-1,5237,32,8,unknown
450.97699999999895,C9:10:26:5E:FB:95,95fb5e2610c91eff4c00121971aa0192e196a97944c08848ff169ca59d69e27d80f01a0018,-15270.0,95857.0,-79108.0,82100.0,-109494.0,,0,0,0,0,0,1,1,2,ADV_NONCONN_IND,37,37,10,-1,0,-1,-1,2892,32,8,unknown
451.73099999999977,D0:20:B6:20:8F:47,478f20b620d00aff4c00121900b209d12f1c799cd04b39eb37556f43f9461dcd7095b11f20,-7705.0,48598.0,-91860.0,97084.0,-94623.0,,0,0,0,0,0,0,1,2,ADV_NONCONN_IND,37,37,14,-1,0,-1,-1,2065,32,8,unknown
452.4930000000022,5C:B1:0C:E2:11:55,5511e20cb15c0201021816aafe408b55d0350d1ea6cdce96a5b575a47ff97e036fb6,-25760.0,89866.0,-106793.0,57739.0,-164793.0,,0,0,0,0,0,1,1,0,ADV_IND,34,37,5,-1,0,-1,-1,1082,31,8,unknown
452.7589999999982,C9:10:26:5E:FB:95,95fb5e2610c91aff4c00121971aa81d6e117ad6944c08048f7169ca49d69e27d88f4180418,-18988.0,86437.0,-81634.0,73657.0,-122012.0,,0,0,0,0,0,0,1,2,ADV_NONCONN_IND,37,37,14,-1,0,-1,-1,3473,32,8,unknown
453.09500000000116,41:68:BF:2B:2C:94,942c2bbf684102011f0eff4c0012194927800a1147621aa0,18059.0,71436.0,-85581.0,95658.0,-78297.0,,0,0,0,0,0,0,1,2,ADV_NONCONN_IND,24,37,3,-1,0,-1,-1,4956,32,8,unknown
454.33600000000297,5C:B1:0C:E2:11:54,5411e20cb15c0201021816aafe408b55d0350d1ea6cfce96e5b575a47ff97e036fb6,-5122.0,106601.0,-119981.0,62130.0,-149585.0,,0,0,0,0,0,0,1,0,ADV_IND,34,37,12,-1,0,-1,-1,3378,32,7,unknown
456.20100000000093,5C:B1:0C:E2:51:55,5551e20cb15c0201021816aafe408b55503557fcf9d2801ffe6c14f4bdb54d8f4887,-32523.0,89141.0,-120027.0,52203.0,-111361.0,,0,0,0,0,0,0,1,2,ADV_NONCONN_IND,34,37,13,-1,0,-1,-1,1760,32,7,unknown
456.83000000000175,49:10:26:5E:FB:95,95fb5e2610491eff4c001219712a8192e596a17944d48a48f7169ca59d69e37d02f40a0018,-5046.0,78531.0,-79133.0,79122.0,-115341.0,,0,0,0,0,0,0,1,2,ADV_NONCONN_IND,37,37,2,-1,0,-1,-1,4923,32,8,unknown
458.51800000000367,5C:B1:0C:E2:11:55,5511e20cb15c0229021816aafe408b55d0350d1ea6cdce96a5b575a47ff97e036fb6,-17334.0,80290.0,-121663.0,74937.0,-164018.0,,0,0,0,0,0,0,1,0,ADV_IND,34,37,5,-1,0,-1,-1,5006,32,8,unknown
461.10599999999977,C9:10:26:5E:DF:95,95df5e2610c91eff4c00121971aa0192e196a149cce0c868f70374851f49e17faad03ab01a,-4209.0,66090.0,-94679.0,65849.0,-119526.0,,0,0,0,0,0,0,1,2,ADV_NONCONN_IND,37,37,2,-1,0,-1,-1,4746,32,7,unknown
461.66599999999744,EF:98:F1:F6:CD:F4,f4cdf6f198ef1eff4c0012192a304406d01f934f8499a56265ac0161486edd5f4118ec012f,-33317.0,83578.0,-86936.0,44711.0,-112243.0,,0,0,0,0,0,0,1,0,ADV_IND,37,37,9,-1,0,-1,-1,4987,32,8,unknown
462.5330000000031,5C:B1:0C:E2:11:55,5511e20cb15c0201021816aafe408b55d0350d1ea6cdce96a5b575a47ff97e036fb6,-21706.0,83450.0,-102156.0,55294.0,-158117.0,,0,0,0,0,0,1,1,0,ADV_IND,34,37,1,-1,0,-1,-1,5883,32,8,unknown
462.77900000000227,C9:10:26:5E:FB:95,95fb5e2610c91aff4c001219712ad7561b03139e2e56a76cf7ec6cdcc4b7d3903a8631d1d9,-35311.0,49428.0,-95273.0,53844.0,-124504.0,,0,0,0,0,0,0,1,2,ADV_NONCONN_IND,37,37,11,-1,0,-1,-1,2661,31,8,unknown
464.6650000000009,5C:B1:0C:E2:11:55,5511e20cb15c0201021816aafe408b55d0350d1ea6cdce96a5b575a47ff97e036fb6,-19265.0,69261.0,-112800.0,60842.0,-123609.0,,0,0,0,0,0,1,1,0,ADV_IND,34,37,0,-1,0,-1,-1,6408,32,8,unknown
465.9800000000032,EF:98:F9:F2:CD:F4,f4cdf2f998ef1aff4c001219aa304596501f934f8499a72265ac0141686c5d5f4118ec192f,-17464.0,91583.0,-82855.0,42512.0,-109318.0,,0,0,0,0,0,0,1,0,ADV_IND,37,37,10,-1,0,-1,-1,4515,31,7,unknown
466.752999999997,5C:91:0C:E2:51:55,5551e20c915c0201021816aafe408955d0350d1ea6c5cc96a5fd75a47ff97e036fb6,-53628.0,96183.0,-137966.0,64410.0,-128710.0,,0,0,0,0,0,0,1,2,ADV_NONCONN_IND,34,37,12,-1,0,-1,-1,5940,32,7,unknown
468.5330000000031,5C:B1:0C:E2:19:55,5519e20cb15c0201021816aafe408b55d0350d1ea6cdce96a5b575a47ff97e036fb6,-25521.0,101263.0,-130870.0,70840.0,-150989.0,,0,0,0,0,0,0,1,0,ADV_IND,34,37,10,-1,0,-1,-1,3094,30,8,unknown
468.875,C9:10:26:5E:FB:95,95fb5e2610c91eff4c00121971aa0192e196a97944c08868ff169ca59d69e27d80f01a0018,-907.0,77735.0,-85152.0,99006.0,-147255.0,,0,0,0,0,0,0,1,2,ADV_NONCONN_IND,37,37,11,-1,0,-1,-1,7500,32,8,unknown
470.8139999999985,5C:B1:0C:E2:11:55,5511e20cb15c0201021816aafe408b55d0350d1ea6cdce96a5b575a47ff97e036fb6,-17515.0,85495.0,-107009.0,55216.0,-155114.0,,0,0,0,0,0,1,1,0,ADV_IND,34,37,11,-1,0,-1,-1,6154,32,8,unknown
473.8029999999999,D0:20:B6:20:8F:47,478f20b620d01eff4c00121900b29b812f1dfb9cd54b38eb3d556753f1673d9c7095900302,-23236.0,70473.0,-72584.0,91160.0,-97455.0,,0,0,0,0,0,0,1,2,ADV_NONCONN_IND,37,37,9,-1,0,-1,-1,3756,32,7,unknown
474.6160000000018,5C:B1:0C:E2:11:55,5511e20cb15c0201021816aafe408b55d0350d1ea6cdce96a5b575a47ff97e036fb6,-34600.0,100626.0,-101647.0,35570.0,-155429.0,,0,0,0,0,0,1,1,0,ADV_IND,34,37,6,-1,0,-1,-1,1139,32,8,unknown
478.92899999999645,5C:B1:0C:E2:11:55,5511e20cb15c0201021816aafe408b55d0350d1ea6cdce96a5b575a47ff97e036fb6,-22745.0,80689.0,-102530.0,48015.0,-152506.0,,0,0,0,0,0,1,1,0,ADV_IND,34,37,0,-1,0,-1,-1,1721,32,8,unknown
479.57800000000134,49:10:26:5A:FB:95,95fb5a2610491eff4c00121971aa0192e1b6a1c944c08840ff1d9ca59d69e27c80f01a0018,-2954.0,86955.0,-98454.0,81019.0,-115749.0,,0,0,0,0,0,0,1,2,ADV_NONCONN_IND,37,37,3,-1,0,-1,-1,5243,32,8,unknown
480.7079999999987,5C:B1:0C:E2:11:55,5511e20cb15c0201021816aafe408b55d0350d1ea6cdce96a5b575a47ff97e036fb6,-26949.0,60269.0,-97560.0,61723.0,-151926.0,,0,0,0,0,0,1,1,0,ADV_IND,34,37,9,-1,0,-1,-1,4610,32,8,unknown
482.83400000000256,C1:73:71:04:02:9A,9a02047173c11eff4c0012197840011d12ea73e584929adc2f2f1d92679f1624a436a9021d,-6109.0,99509.0,-104633.0,81668.0,-124531.0,,0,0,0,0,0,1,1,2,ADV_NONCONN_IND,37,37,7,-1,0,-1,-1,5913,32,8,unknown
482.83400000000256,5C:B1:0C:E2:11:55,5511e20cb15c0201021816aafe408b55d0350d1ea6cdce96a5b575a47ff97e036fb6,-19990.0,110750.0,-118345.0,71412.0,-158887.0,,0,0,0,0,0,1,1,0,ADV_IND,34,37,1,-1,0,-1,-1,3320,32,8,unknown
483.2450000000026,49:10:26:5E:DB:95,95db5e2610491eff4c00121971aa0192e196a97944c08848ff169ca59d69e27d80f0180018,7074.0,46701.0,-75416.0,88316.0,-116858.0,,0,0,0,0,0,0,1,2,ADV_NONCONN_IND,37,37,5,-1,0,-1,-1,1768,32,8,unknown
484.0699999999997,C9:10:26:5E:FB:95,95fb5e2610c91eff4c00121971aa0192e196a97944c08848ff169ca59d69e27d80f01a0018,-10339.0,103057.0,-91183.0,99531.0,-131029.0,,0,0,0,0,0,1,1,2,ADV_NONCONN_IND,37,37,0,-1,0,-1,-1,2736,32,8,unknown
484.6800000000003,C1:73:71:04:02:9A,9a02047173c11eff4c0012197840811d12ea73e584929ad40f2f1d92678f5624a43629121d,-7291.0,63762.0,-89609.0,65145.0,-100904.0,,0,0,0,0,0,0,1,2,ADV_NONCONN_IND,37,37,2,-1,0,-1,-1,1851,32,8,unknown
484.6800000000003,5C:B1:0C:E2:11:55,5511e20cb15c0201021816aafe408b55d0350d1ea6cdce96a5b575a47ff97e036fb6,-38240.0,84763.0,-121634.0,76027.0,-134566.0,,0,0,0,0,0,1,1,0,ADV_IND,34,37,4,-1,0,-1,-1,4247,32,8,unknown
486.0740000000005,C9:10:26:5E:7B:95,957b5e2610c91eff4c00121971aa0192e196a97144c08848fb149ca59d69227580f01a1018,-2608.0,66534.0,-94119.0,96357.0,-104386.0,,0,0,0,0,0,0,1,2,ADV_NONCONN_IND,37,37,11,-1,0,-1,-1,4759,32,8,unknown
486.6200000000026,C1:73:71:04:02:9A,9a02047173c11eff4c0012197840011d12ea73e584929a5c2f2b0592c78e4c15a4b603d61d,12706.0,64356.0,-95373.0,65761.0,-91083.0,,0,0,0,0,0,0,1,2,ADV_NONCONN_IND,37,37,2,-1,0,-1,-1,4892,32,8,unknown
486.9259999999995,5C:B1:0C:F2:11:55,5511f20cb15c0201021816aafe408b55d0350d1ea6cdce96a5b575a47ff97e036fb6,-42058.0,117890.0,-130143.0,72754.0,-155556.0,,0,0,0,0,0,0,1,0,ADV_IND,34,37,2,-1,0,-1,-1,1237,32,7,unknown
488.9060000000027,C1:73:71:04:02:9A,9a02047173c11eff4c0012197840011d12ea73e584928adc2f2f1dda639f1634a436a9421d,-9366.0,91235.0,-88866.0,55225.0,-127282.0,,0,0,0,0,0,0,1,2,ADV_NONCONN_IND,37,37,7,-1,0,-1,-1,1921,32,8,unknown
488.9060000000027,5C:B1:0C:E2:11:55,5511e20cb15c0201021816aafe408b55d0350d1ea6cdce96a5b575a47ff97e036fb6,-26635.0,82651.0,-113389.0,78992.0,-141198.0,,0,0,0,0,0,1,1,0,ADV_IND,34,37,2,-1,0,-1,-1,6364,32,8,unknown
490.3570000000036,C9:10:26:5E:FB:95,95fb5e2610c91eff4c00121971aa0192e196a97944c08848ff169ca59d69e27d80f01a0018,-513.0,80802.0,-79176.0,94564.0,-122676.0,,0,0,0,0,0,1,1,2,ADV_NONCONN_IND,37,37,14,-1,0,-1,-1,6238,31,8,unknown
490.627999999997,C1:73:71:04:02:9A,9a02047173c11eff4c0012197840011d12ea73e584929adc2f2f1d92679f1624a436a9021d,0.0,63162.0,-90512.0,63743.0,-118612.0,,0,0,0,0,0,1,1,2,ADV_NONCONN_IND,37,37,7,-1,0,-1,-1,6556,32,8,unknown
490.627999999997,5C:B1:0C:E2:11:55,5511e20cb15c0201021816aafe408b55d0350d1ea6cdce96a5b575a47ff97e036fb6,-18172.0,73081.0,-106192.0,46481.0,-156386.0,,0,0,0,0,0,1,1,0,ADV_IND,34,37,13,-1,0,-1,-1,1047,32,8,unknown
492.02300000000105,C9:10:26:5E:FB:95,95fb5e2610c91eff4c00121971aa0192e196a97944c08848ff169ca59d69e27d84f01a0018,0.0,86326.0,-81989.0,76337.0,-107578.0,,0,0,0,0,0,0,1,2,ADV_NONCONN_IND,37,37,12,-1,0,-1,-1,6947,31,8,unknown
492.7459999999992,C1:73:71:04:02:9A,9a02047173c11eff4c0012197840011d1aea73e584929adc2f2b1d92679f1624a436a9021d,-8450.0,64981.0,-90921.0,76294.0,-109520.0,,0,0,0,0,0,0,1,2,ADV_NONCONN_IND,37,37,6,-1,0,-1,-1,5377,32,8,unknown
493.025999999998,5C:B1:0C:E2:11:55,5511e20cb15c0201021816aafe408b55d0350d1ea6cdce96a5b575a47ff97e036fb6,-42165.0,80000.0,-117974.0,81210.0,-157027.0,,0,0,0,0,0,1,1,0,ADV_IND,34,37,2,-1,0,-1,-1,6006,32,8,unknown
494.8790000000008,5C:B1:0C:E2:11:55,5511e20cb15c0201021816aafe408955d0350d9ea6cdc61ff6fd74e4bdbd5c0b6ab7,-26193.0,91061.0,-123061.0,62027.0,-131524.0,,0,0,0,0,0,0,1,0,ADV_IND,34,37,14,-1,0,-1,-1,7052,32,8,unknown
498.79299999999785,5C:B1:0C:E2:11:55,5511e20cb15c0201021816aafe408b55d0350d1ea6cdce96a5b575a47ff97e036fb6,-29679.0,73114.0,-109581.0,52252.0,-119100.0,,0,0,0,0,0,1,1,0,ADV_IND,34,37,7,-1,0,-1,-1,6178,32,8,unknown
499.8680000000022,CB:15:71:44:14:4F,4f14447115cb1eff4c00121900e883be70b86628c7cc855393b4c7fa02bd59059bab3a0200,-22137.0,56036.0,-106326.0,85998.0,-95790.0,,0,0,0,0,0,0,1,2,ADV_NONCONN_IND,37,37,15,-1,0,-1,-1,979,32,8,unknown
502.29899999999907,CE:45:73:76:47:88,8847767345ce1eff4c001219007f7092313b464fbe7680cbf5f64280880dcf2ba84c7f0100,-54518.0,72193.0,-114791.0,71550.0,-151473.0,,0,0,0,0,0,1,1,2,ADV_NONCONN_IND,37,37,10,-1,0,-1,-1,2495,28,8,unknown
503.97299999999814,CB:15:71:44:14:4F,4f14447115cb1eff4c00121900e883be70b86638c7cca55382b4c7fa02bd59a59bab7a0200,-13400.0,60925.0,-115201.0,64700.0,-144272.0,,0,0,0,0,0,1,1,2,ADV_NONCONN_IND,37,37,1,-1,0,-1,-1,3127,32,8,unknown
503.97299999999814,D0:20:B6:20:8F:47,478f20b620d01aff4c00121900920bc12f1cf99cd14b386335556f53f96435dc7285910300,-3412.0,96529.0,-89150.0,83633.0,-129653.0,,0,0,0,0,0,0,1,2,ADV_NONCONN_IND,37,37,0,-1,0,-1,-1,3965,28,8,unknown
504.3329999999987,CE:45:73:76:47:88,8847767345ce1eff4c001219007f7092313b464fbe7680cbf5f64280880dcf2ba84c7f0100,-39500.0,59886.0,-102864.0,72299.0,-142805.0,,0,0,0,0,0,1,1,2,ADV_NONCONN_IND,37,37,2,-1,0,-1,-1,3578,32,8,unknown
505.1189999999988,5C:B1:0C:E2:11:55,5511e20cb15c0201021816aafe408b55d0350d1ea6cdce96a5b575a47ff97e036fb6,-23970.0,76752.0,-102235.0,77655.0,-174019.0,,0,0,0,0,0,1,1,0,ADV_IND,34,37,5,-1,0,-1,-1,1751,32,8,unknown
505.77300000000105,CB:15:71:44:14:6F,6f14447115cb1eff4c00121900e883be70b86638c7cca55382b4c7fa02bd59a59bab7a0200,-4866.0,60334.0,-110713.0,72769.0,-129565.0,,0,0,0,0,0,0,1,2,ADV_NONCONN_IND,37,37,4,-1,0,-1,-1,7017,32,8,unknown
506.1670000000013,CE:45:73:76:47:88,8847767345ce1eff4c001219007f7092313b464fbe7680cbf5f64280880dcf2ba84c7f0100,-54017.0,63931.0,-121006.0,84609.0,-153186.0,,0,0,0,0,0,1,1,2,ADV_NONCONN_IND,37,37,11,-1,0,-1,-1,5516,32,8,unknown
507.2609999999986,5C:B1:0C:E2:11:55,5511e20cb15c0201021816aafe408b55d0350d1ea6cdce96a5b575a47ff97e036fb6,-37547.0,107295.0,-139372.0,89655.0,-156070.0,,0,0,0,0,0,1,1,0,ADV_IND,34,37,1,-1,0,-1,-1,868,32,7,unknown
508.2330000000002,CE:45:73:76:47:88,8847767345ce1eff4c001219007f7092313b464fbe7680cbf5f64280880dcf2ba84c7f0100,-54447.0,32428.0,-113014.0,71276.0,-127248.0,,0,0,0,0,0,0,1,2,ADV_NONCONN_IND,37,37,8,-1,0,-1,-1,2511,32,7,unknown
509.40899999999965,5C:B1:0C:E2:11:55,5511e20cb15c0201021816aafe408b55d0350d1ea6cdce96a5b575a47ff97e036fb6,-28414.0,95837.0,-117845.0,79758.0,-154874.0,,0,0,0,0,0,1,1,0,ADV_IND,34,37,14,-1,0,-1,-1,3003,32,8,unknown
509.89600000000064,D0:20:B6:20:8F:47,478f20b620d01eff4c00121900b20bc12f1cfb9cd14b38eb3d556f53f96435dc7085910300,-11544.0,89869.0,-77807.0,80280.0,-129373.0,,0,0,0,0,0,1,1,2,ADV_NONCONN_IND,37,37,4,-1,0,-1,-1,5557,31,7,unknown
510.3709999999992,CE:45:73:76:47:88,8847767345ce1eff4c001219007f7092312f66dd7427052177df0ec48a4f5d0b2a5c3f5104,-40109.0,50478.0,-109414.0,52082.0,-123724.0,,0,0,0,0,0,0,1,2,ADV_NONCONN_IND,37,37,9,-1,0,-1,-1,6232,32,8,unknown
511.4080000000031,5C:B1:0C:E2:11:55,5511e20cb15c0201021816aafe408b55d0370d1ea6c5ce96a5b575a47ff95c0b6fb6,-10234.0,60932.0,-98515.0,45451.0,-144195.0,,0,0,0,0,0,0,1,0,ADV_IND,34,37,0,-1,0,-1,-1,7824,32,8,unknown
512.3470000000016,50:20:B6:20:9F:47,479f20b620501eff4c00121900b20bc12f1cfb9cd14b38eb3d556f53f16635dc7085910300,0.0,64195.0,-77485.0,72774.0,-108991.0,,0,0,0,0,0,0,1,2,ADV_NONCONN_IND,37,37,5,-1,0,-1,-1,4418,32,8,unknown
512.3470000000016,CE:41:53:72:47:88,8847725341ce1aff4c001219007f7092313b464fae3680cbf5c642808c0ddf2ba84c7f4100,-46933.0,58720.0,-113227.0,57635.0,-135577.0,,0,0,0,0,0,0,1,2,ADV_NONCONN_IND,37,37,15,-1,0,-1,-1,5949,29,7,unknown
513.5880000000034,5C:B1:0C:E2:11:55,5511e20cb15c0201021816aafe408b55d0350d1ea6c5cc96a5fd75e43ffd5e0b6a96,-26781.0,91193.0,-113937.0,58056.0,-143632.0,,0,0,0,0,0,0,1,0,ADV_IND,34,37,0,-1,0,-1,-1,5997,32,7,unknown
513.8410000000003,D0:20:B6:20:8F:47,478f20b620d01eff4c00121900b209d52d3ce9bcc003386337552fc7f96635d87097914704,761.0,77341.0,-111733.0,79300.0,-109301.0,,0,0,0,0,0,0,1,2,ADV_NONCONN_IND,37,37,15,-1,0,-1,-1,6820,31,8,unknown
515.3150000000023,5C:B1:0C:E2:11:55,5511e20cb15c0201021816aafe408b55d4350fbcecc7c416f7ed35e43fb95c0b6bb7,-40852.0,92318.0,-119291.0,53801.0,-138521.0,,0,0,0,0,0,0,1,0,ADV_IND,34,37,4,-1,0,-1,-1,3888,32,8,unknown
516.4530000000013,D0:20:B6:20:8F:47,478f20b620d01eff4c00121900b20bc12f1cfb9cd14b38eb3d556f53f96435dc7085910304,-15040.0,90129.0,-86951.0,97590.0,-147756.0,,0,0,0,0,0,0,1,2,ADV_NONCONN_IND,37,37,1,-1,0,-1,-1,4322,32,7,unknown
517.4820000000036,5C:B1:0C:E2:51:55,5551e20cb15c0201021816aafe408b55d0350d1ea6cdc696a5b575a47fb97e0b6f96,-35500.0,94834.0,-108492.0,56958.0,-144157.0,,0,0,0,0,0,0,1,0,ADV_IND,34,37,1,-1,0,-1,-1,4610,32,8,unknown
519.9400000000023,D0:20:B6:20:9F:47,479f20b620d01eff4c001219009209c1271cfb9cd17fbd6f37d527c2f74a3fad7a96914722,9117.0,63746.0,-73496.0,83011.0,-80014.0,,0,0,0,0,0,0,1,2,ADV_NONCONN_IND,37,37,6,-1,0,-1,-1,1528,31,8,unknown
521.4170000000013,5C:B9:0C:E2:11:55,5511e20cb95c0201021816aafe408b55d0350d1ea6cdce96a5b575a47ff97e036fb6,-26071.0,98236.0,-125621.0,73325.0,-151179.0,,0,0,0,0,0,0,1,0,ADV_IND,34,37,8,-1,0,-1,-1,6481,30,7,unknown
526.0239999999976,5C:B1:0C:E2:11:55,5511e20cb15c0201021816aafe408b55d0350d1ea6cdce96a5b575a47ff97e036fb6,-16246.0,75153.0,-126111.0,70077.0,-111420.0,,0,0,0,0,0,1,1,0,ADV_IND,34,37,14,-1,0,-1,-1,6580,32,8,unknown
528.2739999999976,5C:B1:0C:E2:11:55,5511e20cb15c0201021816aafe408b55d0350d1ea6cdce96a5fd54e4bdbd4d0f6a87,-35226.0,84741.0,-104616.0,51864.0,-150533.0,,0,0,0,0,0,0,1,0,ADV_IND,34,37,13,-1,0,-1,-1,1208,32,8,unknown
529.5670000000027,5C:B1:0C:E2:11:55,5511e20cb15c0201021816aafe408b55d0350d1ea6cdce96a5b575a47ff97e036fb6,-35183.0,86008.0,-96710.0,46529.0,-158325.0,,0,0,0,0,0,1,1,0,ADV_IND,34,37,14,-1,0,-1,-1,5789,32,8,unknown
534.1679999999978,5C:B1:1C:E2:11:55,5511e21cb15c0201021816aafe408b55d0350d9ea6cdce96a5b575a47ff97e036fb6,-21804.0,134772.0,-145776.0,75418.0,-157615.0,,0,0,0,0,0,0,1,0,ADV_IND,34,37,1,-1,0,-1,-1,6165,31,8,unknown
536.1679999999978,5C:B1:4C:E2:11:55,5511e24cb15c0201021816aafe408b55d0350d1ca6cdce96a5b575a47ff95e034a87,-19235.0,78361.0,-105790.0,50319.0,-145732.0,,0,0,0,0,0,0,1,0,ADV_IND,34,37,13,-1,0,-1,-1,4600,32,8,unknown
536.1679999999978,FC:A4:40:C8:D9:A8,a8d9c840a4fc06ff4c001219004bb1f7db55b3457e2cf98cfea32cf63497aa34f182757d15,-10708.0,80093.0,-84504.0,79665.0,-122637.0,,0,0,0,0,0,0,1,2,ADV_NONCONN_IND,37,37,0,-1,0,-1,-1,4384,32,8,unknown
537.3329999999987,CD:3B:F3:D1:A3:85,85a3d1f33bcd0eff4c00121900a4e4dc80f6089b2c104dd7ee33af3467800cb34f74950200,2021.0,53545.0,-97343.0,83518.0,-110133.0,,0,0,0,0,0,0,1,2,ADV_NONCONN_IND,37,37,12,-1,0,-1,-1,3336,32,7,unknown
538.9760000000024,5C:B1:0C:E2:11:55,5511e20cb15c0201021816aafe408b15d0350d1ea6cdce96b57d74e4bdbd5c8b6a97,-21863.0,94624.0,-107125.0,57337.0,-154208.0,,0,0,0,0,0,0,1,0,ADV_IND,34,37,3,-1,0,-1,-1,1048,32,8,unknown
538.9760000000024,FC:A4:50:C0:D9:A8,a8d9c050a4fc1eff4c001219004ab1ffdb95b3e57eb4bd8cf6a32df674b7a4341cd5ba8200,-19450.0,77752.0,-98284.0,81424.0,-95823.0,,0,0,0,0,0,0,1,2,ADV_NONCONN_IND,37,37,15,-1,0,-1,-1,6195,32,8,unknown
540.3930000000037,5C:B1:0C:E2:11:55,5511e20cb15c0201021816aafe408955d0350d1ca6cdce96f5b575847ff97e036e96,-29266.0,75049.0,-104003.0,43167.0,-130106.0,,0,0,0,0,0,0,1,0,ADV_IND,34,37,8,-1,0,-1,-1,6642,32,8,unknown
541.8989999999976,5C:B1:0C:E2:11:55,5511e20cb15c0201021816aafe408b55d0350d1ea6cdce96a5b575a47ff97e036fb6,-43354.0,62029.0,-95835.0,52710.0,-153385.0,,0,0,0,0,0,1,1,0,ADV_IND,34,37,2,-1,0,-1,-1,4349,31,8,unknown
544.0959999999977,5C:B1:0C:E2:51:55,5551e20cb15c0201021816aafe408b55d0350d1ea6cfce96e5b575a47ff97e036fb6,-26135.0,106267.0,-122557.0,68401.0,-156074.0,,0,0,0,0,0,0,1,0,ADV_IND,34,37,7,-1,0,-1,-1,2874,31,8,unknown
545.8300000000017,5C:B1:0C:E2:11:55,5511e20cb15c0201021816aafe408b55d0370dbceccfc096e5f574a43ff95e0b6eb6,-11575.0,96343.0,-126226.0,51025.0,-145468.0,,0,0,0,0,0,0,1,0,ADV_IND,34,37,6,-1,0,-1,-1,1014,32,8,unknown
547.5910000000003,5C:B1:0C:E2:11:55,5511e20cb15c0201021816aafe408b55d0350d1ea6cdce96a5b575a47ff97e036f96,-31172.0,83834.0,-105758.0,37244.0,-135118.0,,0,0,0,0,0,0,1,0,ADV_IND,34,37,6,-1,0,-1,-1,1426,32,7,unknown
549.9639999999999,5C:B1:08:E2:51:54,5451e208b15c0241021816aafe008b55d0354d9cfccec01777f6244ccc825c0b9a93,-33666.0,89387.0,-135736.0,48122.0,-121699.0,,0,0,0,0,0,0,1,2,ADV_NONCONN_IND,34,37,4,-1,0,-1,-1,926,32,8,unknown
551.9449999999997,5C:B1:0C:E2:11:55,5511e20cb15c0201021816aafe408b55d0350d1ea6cdce96a5b575a47ff97e036fb6,-796.0,94399.0,-107207.0,28134.0,-153508.0,,0,0,0,0,0,1,1,0,ADV_IND,34,37,0,-1,0,-1,-1,7554,32,8,unknown
553.650999999998,5C:B1:0C:E2:11:55,5511e20cb15c0201021816aafe408b55d0350d1ea6cdce96f7b575a47bf97e036ab6,-36718.0,85769.0,-103261.0,47443.0,-136548.0,,0,0,0,0,0,0,1,0,ADV_IND,34,37,6,-1,0,-1,-1,4390,32,8,unknown
556.1319999999978,5C:B1:0C:E2:11:55,5511e20cb15c0201021816aafe408b55d0350d9ea6cdce96a5b575a47ff95e036fb608,-9342.0,82783.0,-123599.0,63314.0,-141189.0,,0,0,0,0,0,0,1,0,ADV_IND,35,37,8,-1,0,-1,-1,2240,32,8,unknown
557.7739999999976,5C:B1:0C:E2:11:55,5511e20cb15c0201021816aafe408b55d0350d1ea6cdce96a5b575a47ff97e036fb6,-25054.0,69763.0,-107712.0,66376.0,-148945.0,,0,0,0,0,0,1,1,0,ADV_IND,34,37,2,-1,0,-1,-1,5870,32,8,unknown
559.5009999999966,47:E9:56:E4:0E:BA,ba0ee456e9470eff4c00121900291e73594851d0461e64177f8356fc01ae5ce8aad0505404,-48442.0,44777.0,-112313.0,47416.0,-141732.0,,0,0,0,0,0,0,1,2,ADV_NONCONN_IND,37,37,1,-1,0,-1,-1,6530,32,8,unknown
560.0809999999983,5C:B1:0C:E2:11:55,5511e20cb15c0201021816aafe408b55d0350d1ea6cdce96a5b575a47ff97e036fb6,-28355.0,96554.0,-100331.0,36353.0,-143639.0,,0,0,0,0,0,1,1,0,ADV_IND,34,37,6,-1,0,-1,-1,3149,32,8,unknown
561.4749999999985,C7:E8:56:64:4E:BA,ba4e6456e8c71eff4c00121900291e73594851d0669e541f778156fc05e65ce82a58707404,-52407.0,45337.0,-110582.0,68513.0,-143933.0,,0,0,0,0,0,0,1,2,ADV_NONCONN_IND,37,37,8,-1,0,-1,-1,7253,32,8,unknown
563.3589999999967,C7:E8:56:64:0E:AA,aa0e6456e8c71eff4c00121900281e73594851d0669e541f7f01567c45e608eca358f01000,-54228.0,51780.0,-122585.0,84538.0,-141085.0,,0,0,0,0,0,0,1,2,ADV_NONCONN_IND,37,37,5,-1,0,-1,-1,5222,32,8,unknown
563.8689999999988,5C:B1:0C:E2:11:55,5511e20cb15c0201021816aafe408b55d0350d1ea6cdc69fb7b534a43ff97e036eb6,-15756.0,82467.0,-114622.0,58740.0,-152865.0,,0,0,0,0,0,0,1,0,ADV_IND,34,37,5,-1,0,-1,-1,1504,32,8,unknown
566.372000000003,5C:B1:0C:E2:11:55,5511e20cb15c0201021816aafe408b55d0350d1ea6cdce96a5b575a47ff97e036fb6,-31759.0,72430.0,-113156.0,77614.0,-160961.0,,0,0,0,0,0,1,1,0,ADV_IND,34,37,2,-1,0,-1,-1,4632,32,8,unknown
568.3090000000011,5C:B1:0C:E2:11:55,5511e20cb15c0201021816aafe50ab55d0350dbcfccdce96e5b575a47ff97e036fb6,-34482.0,111259.0,-133733.0,70427.0,-133621.0,,0,0,0,0,0,0,1,0,ADV_IND,34,37,11,-1,0,-1,-1,2452,32,8,unknown
570.2410000000018,5C:B1:0C:E2:11:55,5511e20cb15c0201021816aafe408b55d0350d1ea6cdce96a5b575a47ff97e036fb6,-29148.0,103713.0,-117256.0,64068.0,-148160.0,,0,0,0,0,0,1,1,0,ADV_IND,34,37,2,-1,0,-1,-1,2390,30,8,unknown
572.2839999999997,5C:B1:0C:E2:11:55,5511e20cb15c0201021816aafe408b55d0350d1ea6cdce96a5b575a47ff97e036fb6,-37193.0,95356.0,-115521.0,66249.0,-160622.0,,0,0,0,0,0,1,1,0,ADV_IND,34,37,13,-1,0,-1,-1,4540,32,8,unknown
574.2160000000003,5C:B1:0C:E2:11:55,5511e20cb15c0201021816aafe408b55d0350d1ea6cdce96a5b575a47ff97e036fb6,-26492.0,107933.0,-116251.0,69124.0,-167648.0,,0,0,0,0,0,1,1,0,ADV_IND,34,37,3,-1,0,-1,-1,4471,32,8,unknown
577.2220000000016,5C:B1:0C:E2:11:55,5511e20cb15c0201021816aafe408b55d0350d1ea6cdce96a5b575a47ff97e036f96,-35332.0,85394.0,-113236.0,70689.0,-159379.0,,0,0,0,0,0,0,1,0,ADV_IND,34,37,13,-1,0,-1,-1,2820,32,7,unknown
578.3570000000036,50:65:DA:CA:73:90,9073cada65500eff4c00121900ddcd8a4466a1eb74e8ee5b34abd47b07f3e0925bb72c0202,-6240.0,58057.0,-101305.0,53796.0,-122898.0,,0,0,0,0,0,0,1,2,ADV_NONCONN_IND,37,37,5,-1,0,-1,-1,7206,31,7,unknown
578.3570000000036,5C:B1:0C:E2:11:55,5511e20cb15c0201021816aafe408b55d0350d1eaecdce96a5b575a47ff97c036f96,-25777.0,79782.0,-100018.0,44545.0,-137850.0,,0,0,0,0,0,0,1,0,ADV_IND,34,37,5,-1,0,-1,-1,1414,32,8,unknown
581.3890000000029,5C:91:08:E2:51:54,5451e208915c0201021816aafe40ab77142355f4fdc2841ffefc14f43fb55c8b4a97,-31446.0,100960.0,-118256.0,41597.0,-119686.0,,0,0,0,0,0,0,1,0,ADV_IND,34,37,3,-1,0,-1,-1,7225,32,7,unknown
583.5089999999982,D1:65:DA:CA:F3:90,90f3cada65d11aff4c00121900dccd8b4446a1eb74e8ee5934abd4da8fb24287d3831e7d15,-27971.0,70263.0,-101973.0,71906.0,-114319.0,,0,0,0,0,0,0,1,2,ADV_NONCONN_IND,37,37,8,-1,0,-1,-1,6751,32,8,unknown
583.5089999999982,5E:B1:18:E2:11:55,5511e218b15e0201021816aafe408b55d0350d1ea6cdce96a5b575a47ff97e036fb6,-35222.0,87282.0,-119528.0,80433.0,-157232.0,,0,0,0,0,0,0,1,0,ADV_IND,34,37,12,-1,0,-1,-1,1012,32,7,unknown
584.6270000000004,F1:3F:5B:4B:F9:C2,c2f94b5b3ff11eff4c0012196114bdfea744299a0099c69a66e68b3f89378eec92d9a00198,-8428.0,92552.0,-90562.0,104445.0,-122313.0,,0,0,0,0,0,0,1,2,ADV_NONCONN_IND,37,37,8,-1,0,-1,-1,6469,32,8,unknown
584.6270000000004,FC:EC:98:11:6A:9E,9e6a1198ecfc1eff4c0012190080f8dc3c55fba3bad4cbcfed8965c77c260a8213679e0004,-27489.0,50090.0,-83877.0,69166.0,-120935.0,,0,0,0,0,0,0,1,2,ADV_NONCONN_IND,37,37,10,-1,0,-1,-1,4003,31,8,unknown
586.1359999999986,C6:2F:04:D9:79:DD,dd79d9042fc61eff4c0012191067107bb4e8dd55cb0b44a608eaa83c6d874c180076c060fd,14221.0,77871.0,-101949.0,94472.0,-90815.0,,0,0,0,0,0,0,1,0,ADV_IND,37,37,10,-1,0,-1,-1,3116,30,7,unknown
587.9380000000019,C6:2F:04:D9:79:DD,dd79d9042fc61eff4c0012191067107bb4a25d7fca4d04e60aba9e3cedc46d580034c100dd,-15569.0,57843.0,-71478.0,94325.0,-103271.0,,0,0,0,0,0,1,1,0,ADV_IND,37,37,4,-1,0,-1,-1,6955,32,8,unknown
588.7010000000009,F1:3F:5B:4B:F9:C2,c2f94b5b3ff11eff4c0012196114fdfea744299a0091c6dc64e64b3f993788ecd2d9800188,-19908.0,76522.0,-73577.0,97082.0,-118070.0,,0,0,0,0,0,1,1,2,ADV_NONCONN_IND,37,37,1,-1,0,-1,-1,7206,32,8,unknown
588.7010000000009,FC:EC:98:11:6A:9E,9e6a1198ecfc1eff4c0012190080f8dc3c557ba3bad4c9cfafc964c77c265a0bd9779e1020,-27277.0,60887.0,-101850.0,54203.0,-89363.0,,0,0,0,0,0,0,1,2,ADV_NONCONN_IND,37,37,11,-1,0,-1,-1,5139,32,8,unknown
589.7139999999999,C6:2F:04:D9:79:DD,dd79d9042fc61eff4c0012191067107bb4a25d7fca4d04e60aba8e3cedc46d580034c100dd,-4786.0,50225.0,-86846.0,89441.0,-100297.0,,0,0,0,0,0,0,1,0,ADV_IND,37,37,15,-1,0,-1,-1,4814,32,8,unknown
589.9729999999981,F9:D6:AF:32:8E:8D,8d8e32afd6f90201060d16edfe0200df2525a3e2e78ee10303edfe,-2130.0,75351.0,-62700.0,83520.0,-109997.0,,0,0,0,0,0,1,1,0,ADV_IND,27,37,3,-1,0,-1,-1,4885,32,7,unknown
590.4789999999994,5C:B1:0C:E2:11:55,5511e20cb15c0201021816aafe408b55d0350d1ea6cdce96a5b575a47ff97e036fb6,-27924.0,82067.0,-111337.0,49052.0,-139724.0,,0,0,0,0,0,1,1,0,ADV_IND,34,37,1,-1,0,-1,-1,6208,32,8,unknown
591.2229999999981,C0:FF:03:83:5A:73,735a8303ffc01eff4c0012193df4605c6b8abffbcd65026326d8fe5f3bad5077ec12b706c5,-19583.0,54897.0,-90202.0,41370.0,-103344.0,,0,0,0,0,0,0,1,0,ADV_IND,37,37,1,-1,0,-1,-1,5752,32,7,unknown
591.2229999999981,C0:FF:03:8B:5A:73,735a8b03ffc01eff4c0012193cf4605c6b8abffacd65026322d8fe6f3badd077ec12b512c5,-29633.0,64361.0,-90601.0,85631.0,-116709.0,,0,0,0,0,0,0,1,0,ADV_IND,37,37,14,-1,0,-1,-1,6267,31,8,unknown
591.2229999999981,C1:FF:03:CB:5E:73,735ecb03ffc11eff4c0012197dfc685c6b8bff28cc65026753d8b2ef72acd4776e12b552c0,-22200.0,38714.0,-100182.0,47996.0,-91322.0,,0,0,0,0,0,0,1,0,ADV_IND,37,37,2,-1,0,-1,-1,3523,31,8,unknown
591.5160000000033,C0:FF:03:8B:5A:53,535a8b03ffc01eff4c0012193df4605c6b8ebffacd654a6b22d8fe6f3badd077ec12b502c4,-34349.0,57954.0,-89382.0,60966.0,-100231.0,,0,0,0,0,0,0,1,0,ADV_IND,37,37,1,-1,0,-1,-1,4913,32,8,unknown
591.5160000000033,C0:FF:03:8B:5A:73,735a8b03ffc01eff4c0012193df4605c6b8abfeacd65826f36d8fe273b8dd0f7ec93354284,-16022.0,57313.0,-99584.0,50616.0,-101816.0,,0,0,0,0,0,0,1,0,ADV_IND,37,37,0,-1,0,-1,-1,7549,31,8,unknown
591.9069999999992,EA:CE:29:DF:35:FC,fc35df29ceea0201060d16edfe0200c14b5e4b953d59120303edfe,2543.0,81231.0,-75776.0,70923.0,-73758.0,,0,0,0,0,0,0,1,0,ADV_IND,27,37,4,-1,0,-1,-1,6028,32,8,unknown
591.9069999999992,C6:2F:04:D9:79:DD,dd79d9042fc61eff4c0012191067107bb4a25d7fca4d04e60aba9e3cedc46d580034c100dd,1566.0,47138.0,-91559.0,111780.0,-66147.0,,0,0,0,0,0,1,1,0,ADV_IND,37,37,12,-1,0,-1,-1,5779,32,8,unknown
591.9069999999992,C5:B3:50:E8:25:84,8425e850b3c50201060d16edfe020025f84b47138eb9b80303edfe,1888.0,88555.0,-97167.0,92298.0,-109689.0,,0,0,0,0,0,1,1,0,ADV_IND,27,37,14,-1,0,-1,-1,8010,32,8,unknown
592.2260000000024,C8:FF:03:83:5A:73,735a8303ffc81eff4c0012193df4605c4b8abdfacc2702632ed8fecb3bad5077ac1231c2c5,-32247.0,37584.0,-89669.0,71076.0,-94630.0,,0,0,0,0,0,0,1,0,ADV_IND,37,37,10,-1,0,-1,-1,927,32,8,unknown
592.2260000000024,C0:FF:43:CB:5A:73,735acb43ffc01eff4c0012193fe4605c6b2a9fdacc65026322d8fe6f3bad4073ee1bbd06e1,-21010.0,65574.0,-91394.0,41727.0,-105901.0,,0,0,0,0,0,0,1,0,ADV_IND,37,37,12,-1,0,-1,-1,4279,32,8,unknown
592.2260000000024,F9:D6:AF:32:8E:8D,8d8e32afd6f90201060d16edfe0200df2525a3e2e78ee10303edfe,0.0,76686.0,-65209.0,50391.0,-104837.0,,0,0,0,0,0,0,1,0,ADV_IND,27,37,10,-1,0,-1,-1,1787,32,8,unknown
592.2260000000024,C0:FF:03:8B:5A:73,735a8b03ffc01aff4c0012193df460506b8abfbacd65026322d8fe6f3badd077ec123502c5,-31603.0,44709.0,-83602.0,61720.0,-107476.0,,0,0,0,0,0,0,1,0,ADV_IND,37,37,2,-1,0,-1,-1,3223,32,8,unknown
592.2260000000024,C0:FF:03:8B:5A:73,735a8b03ffc01eff4c0012193df4605c6b8affc0cf65026322d8fcef3bacd077ac13b556c5,-23522.0,72487.0,-93011.0,55118.0,-111406.0,,0,0,0,0,0,0,1,0,ADV_IND,37,37,1,-1,0,-1,-1,1057,32,8,unknown
592.2260000000024,C0:FF:03:8B:5A:73,735a8b03ffc01eff4c0012193df4605c6b4abf3acd65026322d8fe6f3b8dd077ee12b55ec5,-17989.0,61377.0,-96304.0,68933.0,-103034.0,,0,0,0,0,0,0,1,0,ADV_IND,37,37,9,-1,0,-1,-1,6087,32,8,unknown
592.2260000000024,C0:FF:03:8B:5A:73,735a8b03ffc01eff4c0012193df4605c6b8abffacd65026332d8f66f3badd077ec17b552c5,-8531.0,56904.0,-91959.0,73993.0,-93940.0,,0,0,0,0,0,0,1,0,ADV_IND,37,37,12,-1,0,-1,-1,5949,32,8,unknown
592.2260000000024,C0:FF:13:8B:5A:73,735a8b13ffc01eff4c0012193df4605c6b8abffacd65026126d8fe6f3badd077ec13b502c5,-21444.0,51773.0,-85825.0,92374.0,-114380.0,,0,0,0,0,0,0,1,0,ADV_IND,37,37,2,-1,0,-1,-1,3358,32,8,unknown
592.2260000000024,80:FF:42:42:5E:72,725e4242ff801eff4c0012193df460de6b8abfe6cd65026306d8fe633badd077ec12657fa7,-30813.0,43674.0,-99928.0,-31723.0,-71616.0,,0,0,0,0,0,0,1,0,ADV_IND,37,37,2,-1,0,-1,-1,4529,32,7,unknown
592.6540000000023,5C:B1:0C:E2:11:55,5511e20cb15c0201021816aafe408b55d0350d1ea6cdce96a5b575a47ff97e036fb6,-35429.0,107142.0,-117993.0,68651.0,-154267.0,,0,0,0,0,0,1,1,0,ADV_IND,34,37,1,-1,0,-1,-1,2707,32,8,unknown
592.6540000000023,C0:FF:03:8B:5A:73,735a8b03ffc01eff4c0012193df4605c6ba8bfdacd65026322d8fe6f3badd077ec12b51ac5,-33252.0,60206.0,-83244.0,83128.0,-104288.0,,0,0,0,0,0,0,1,0,ADV_IND,37,37,2,-1,0,-1,-1,5230,31,8,unknown
592.6540000000023,C0:FF:03:8B:5A:73,735a8b03ffc01eff4c0012193ef4685c6b8abffacd6502632ad8b66f3bacd073ee12b546c5,-23876.0,39193.0,-89755.0,70786.0,-106968.0,,0,0,0,0,0,0,1,0,ADV_IND,37,37,6,-1,0,-1,-1,1388,31,8,unknown
592.6540000000023,C0:FF:63:8B:5A:73,735a8b63ffc01eff4c0012193df4605c6a8bbffacc65026326d8fe173bad5077e812b422c7,-31089.0,52967.0,-93769.0,77233.0,-89701.0,,0,0,0,0,0,0,1,0,ADV_IND,37,37,5,-1,0,-1,-1,7513,32,8,unknown
592.6540000000023,F1:1F:5B:4B:F9:C2,c2f94b5b1ff11eff4c0012196114fdfea744299a0091c6dc64e64b3f993788ecd2d9800188,385.0,89330.0,-86342.0,92034.0,-113823.0,,0,0,0,0,0,0,1,2,ADV_NONCONN_IND,37,37,10,-1,0,-1,-1,2947,32,7,unknown
592.6540000000023,C0:FF:03:8B:5A:73,735a8b03ffc01eff4c0012193df4605c6b8ebfeace25426322d8fe6f3bad5077ec12b102c5,-12823.0,55416.0,-90757.0,66143.0,-104863.0,,0,0,0,0,0,0,1,0,ADV_IND,37,37,14,-1,0,-1,-1,4006,32,8,unknown
592.6540000000023,C0:7F:03:8B:5A:73,735a8b037fc01aff4c0012193df4605c6b8abffacd65026322d8fe673badd077ec12b502c5,-28247.0,69144.0,-114900.0,84783.0,-108545.0,,0,0,0,0,0,0,1,0,ADV_IND,37,37,4,-1,0,-1,-1,7512,30,8,unknown
593.711000000003,EA:CE:2D:DF:35:FC,fc35df2dceea0201060d16edfe0200c14b5e4b953d59120303edfe,-2799.0,74342.0,-60368.0,85718.0,-101466.0,,0,0,0,0,0,1,1,0,ADV_IND,27,37,2,-1,0,-1,-1,1073,32,8,unknown
593.711000000003,C6:2F:04:D9:79:DD,dd79d9042fc61aff4c00121910a7097bb4a35d5fcf93e5a709eb61b875abc4227f4648fdfb,-819.0,58433.0,-78380.0,79790.0,-82330.0,,0,0,0,0,0,0,1,0,ADV_IND,37,37,8,-1,0,-1,-1,5609,32,8,unknown
594.351999999999,F9:D6:AF:32:8E:8D,8d8e32afd6f90201060d16edfe0200df2525a3e2e78ee10303edfe,0.0,71054.0,-92273.0,74714.0,-119671.0,,0,0,0,0,0,1,1,0,ADV_IND,27,37,5,-1,0,-1,-1,7643,32,8,unknown
594.351999999999,5F:C7:84:98:EF:13,13ef9884c75f0201021816aafe40a9fab91ac4fe9b912f7baeda3881568fc8254fbd,-12293.0,54225.0,-83745.0,74595.0,-81465.0,,0,0,0,0,0,1,1,0,ADV_IND,34,37,15,-1,0,-1,-1,2187,32,8,unknown
594.351999999999,5C:B1:0C:E2:11:55,5511e20cb15c0201021816aafe408b55d0350d1ea6cdce96a5b575a47ff97e036fb6,-22819.0,82814.0,-113200.0,64326.0,-172004.0,,0,0,0,0,0,1,1,0,ADV_IND,34,37,7,-1,0,-1,-1,1678,32,8,unknown
594.7770000000019,5C:2F:77:B9:CF:3A,3acfb9772f5c0201021816aafe40e28b8e66cd83b57169f779238d9951b1d15db120,-2685.0,67615.0,-73959.0,61044.0,-104390.0,,0,0,0,0,0,1,1,0,ADV_IND,34,37,0,-1,0,-1,-1,5832,32,8,unknown
596.2969999999987,5F:C7:84:98:EF:13,13ef9884c75f0201021816aafe40a9fab91ac4fe9b912f7baeda3881568fc8254fbd,-19576.0,70860.0,-69203.0,58662.0,-106424.0,,0,0,0,0,0,1,1,0,ADV_IND,34,37,8,-1,0,-1,-1,1125,32,8,unknown
596.9910000000018,5C:2F:77:B9:CF:3A,3acfb9772f5c0201021816aafe40e28b8e2ecd83b531696779238d9951b1d15db0b9,-20557.0,63177.0,-72773.0,65729.0,-94942.0,,0,0,0,0,0,0,1,0,ADV_IND,34,37,7,-1,0,-1,-1,2085,32,8,unknown
597.7379999999976,EA:CE:2D:DF:35:FC,fc35df2dceea0201060d16edfe0201c14b1e43953d59520303edfe,-18170.0,90850.0,-73042.0,52333.0,-82534.0,,0,0,0,0,0,0,1,0,ADV_IND,27,37,0,-1,0,-1,-1,2204,31,7,unknown
597.7379999999976,C6:2F:04:D9:79:DD,dd79d9042fc61eff4c0012191067107bb4a25d6fca4d04e60aba9e3ced846fd80014d140dd,-2467.0,33074.0,-86780.0,81714.0,-72903.0,,0,0,0,0,0,0,1,0,ADV_IND,37,37,5,-1,0,-1,-1,4471,32,8,unknown
598.4619999999995,5F:C7:84:90:EF:13,13ef9084c75f0201021816aafe40a9fab91ae4fedb910f7be6da3881178fe8254ea7,-42094.0,73486.0,-93441.0,47055.0,-76044.0,,0,0,0,0,0,0,1,0,ADV_IND,34,37,7,-1,0,-1,-1,4188,32,8,unknown
598.7189999999973,5C:2F:77:B9:CF:3A,3acfb9772f5c0201021816aafe40e28b8e66cd83b57169f779238d9951b1d15db120,-7092.0,79287.0,-86537.0,81525.0,-127657.0,,0,0,0,0,0,1,1,0,ADV_IND,34,37,10,-1,0,-1,-1,2512,32,8,unknown
600.2439999999988,79:D6:AF:32:8E:AD,ad8e32afd6790201060f16edfe0200df2529a3e2e702e54785e155,-7609.0,71405.0,-75904.0,99371.0,-94757.0,,0,0,0,0,0,0,1,0,ADV_IND,27,37,14,-1,0,-1,-1,6249,29,8,unknown
600.2439999999988,5F:C7:84:98:EF:13,13ef9884c75f0201021816aafe40a9fab91ac4fe9b912f7baeda3881568fc8254fbd,-28369.0,61323.0,-99246.0,116407.0,-126169.0,,0,0,0,0,0,1,1,0,ADV_IND,34,37,7,-1,0,-1,-1,2231,32,8,unknown
600.8050000000003,5C:2F:77:B9:CF:3A,3acfb9772f5c0201021816aafe40e28b8e66cd83b57169f779238d9951b1d15db120,0.0,105008.0,-85532.0,57289.0,-143370.0,,0,0,0,0,0,1,1,0,ADV_IND,34,37,6,-1,0,-1,-1,4940,32,8,unknown
601.875,CA:CE:29:DF:35:AC,ac35df29ceca0201060d16edfe0200c14b5c6b9d2d59120303edfe,18811.0,85948.0,-76611.0,75291.0,-78463.0,,0,0,0,0,0,0,1,0,ADV_IND,27,37,0,-1,0,-1,-1,5805,31,7,unknown
602.252999999997,5F:C7:84:98:6F:13,136f9884c75f0241021816aafe44a9fa9d1ac02eda912f7baeda3881568fc824cf91,-13585.0,81128.0,-112479.0,60902.0,-89917.0,,0,0,0,0,0,0,1,2,ADV_NONCONN_IND,34,37,10,-1,0,-1,-1,3021,32,7,unknown
602.9000000000015,F1:BF:5B:4B:F9:C2,c2f94b5bbff11aff4c0012196114fdfea744299800c1c65064e64b3f99b7d8ecd2d98001a8,-20502.0,58049.0,-94866.0,90603.0,-110836.0,,0,0,0,0,0,0,1,2,ADV_NONCONN_IND,37,37,11,-1,0,-1,-1,3971,32,8,unknown
603.9219999999987,C6:2F:04:D9:79:DD,dd79d9042fc61eff4c0012191067187bb4a25d7fca4d04e608ba9e3cedc76d580034c100dd,-7718.0,53078.0,-64759.0,85653.0,-83503.0,,0,0,0,0,0,0,1,0,ADV_IND,37,37,9,-1,0,-1,-1,1676,32,8,unknown
604.487000000001,F9:D6:AF:32:8E:8D,8d8e32afd6f90201060d16edfe02cbdf252da1a2ee2e412713e7f0,1492.0,86030.0,-54874.0,42360.0,-125175.0,,0,0,0,0,0,0,1,0,ADV_IND,27,37,14,-1,0,-1,-1,2235,32,8,unknown
604.487000000001,5F:C7:84:98:EF:13,13ef9884c75f0201021816aafe40a9fab91ac5fe9b912f7baeda3881568fc8254fbd,4914.0,53829.0,-95374.0,44552.0,-76355.0,,0,0,0,0,0,0,1,0,ADV_IND,34,37,12,-1,0,-1,-1,2996,32,8,unknown
605.1659999999974,5C:2F:77:B9:CF:3A,3acfb9772f5c0201021816aafe40e28b8e26cda3b43169f77923ad9951b1d15db120,418.0,83647.0,-81343.0,72152.0,-119777.0,,0,0,0,0,0,0,1,0,ADV_IND,34,37,13,-1,0,-1,-1,1423,32,8,unknown
606.4780000000028,5F:87:84:98:6F:13,136f9884875f0201021816aafe00a9fa991ac4be9b912f7baedb3880128ec8254f9d,-10523.0,71139.0,-96853.0,51380.0,-72581.0,,0,0,0,0,0,0,1,0,ADV_IND,34,37,14,-1,0,-1,-1,5666,32,8,unknown
607.6290000000008,5C:2F:77:B9:CF:3A,3acfb9772f5c0201021816aafe40e28b8e66cd83b57169f779238d9951b1d15db120,-24570.0,91357.0,-57197.0,62111.0,-124447.0,,0,0,0,0,0,0,1,0,ADV_IND,34,37,5,-1,0,-1,-1,6298,32,8,unknown
608.5319999999992,5F:C7:84:98:EF:13,13ef9884c75f0201021816aafe40a9fab91ac4ec8f3174e97fdab2668b8e1c9dd893,-19649.0,73488.0,-98531.0,51573.0,-98889.0,,0,0,0,0,0,0,1,0,ADV_IND,34,37,10,-1,0,-1,-1,2128,32,8,unknown
609.5080000000016,4C:2F:77:B9:CF:3A,3acfb9772f4c0201021816aafe40e28b8e66cd83b57169f779238d9951b0d14db104,-18914.0,77470.0,-75199.0,72306.0,-115990.0,,0,0,0,0,0,0,1,0,ADV_IND,34,37,6,-1,0,-1,-1,4455,32,8,unknown
611.3170000000027,5F:C7:84:98:EF:13,13ef9884c75f0201021816aafe40a9fab91ac4fe9b912f7baeda3881568fc8254fbd,1144.0,37114.0,-93759.0,79630.0,-94760.0,,0,0,0,0,0,1,1,0,ADV_IND,34,37,6,-1,0,-1,-1,6775,32,8,unknown
611.3170000000027,5C:2F:77:B9:CF:3A,3acfb9772f5c0201021816aafe40e28b8e66cd83b57169f779238d9951b1d15db120,-1955.0,67133.0,-85783.0,76224.0,-97573.0,,0,0,0,0,0,1,1,0,ADV_IND,34,37,3,-1,0,-1,-1,7445,32,8,unknown
613.0089999999982,5F:C7:84:98:EF:13,13ef9884c75f0201021816aafe44a9fab91ac4fe9b912f7b8bdab2a6028e1695da96,-45776.0,79668.0,-107674.0,61125.0,-105914.0,,0,0,0,0,0,0,1,0,ADV_IND,34,37,9,-1,0,-1,-1,1986,32,8,unknown
613.0089999999982,5C:2F:77:B9:4F:3A,3a4fb9772f5c0201021816aafe00e20b8e2ecd83b5316967792b8d9901b1d01db820,18253.0,67197.0,-79630.0,72976.0,-92726.0,,0,0,0,0,0,0,1,0,ADV_IND,34,37,15,-1,0,-1,-1,4828,32,8,unknown
614.7989999999991,5F:C7:84:98:EF:13,13ef9884c75f0201021816aafec0a9fab91ac4fe9b912f7baeda3a81568fc8254fbd,-8267.0,77726.0,-94283.0,62974.0,-109667.0,,0,0,0,0,0,0,1,2,ADV_NONCONN_IND,34,37,5,-1,0,-1,-1,3061,32,7,unknown
615.0699999999997,5C:2F:77:B9:CF:3A,3acfb9772f5c0201021816aafe40e20b8466cd83b57169e779238dd953b1d15db120,0.0,68421.0,-80469.0,60288.0,-94958.0,,0,0,0,0,0,0,1,0,ADV_IND,34,37,10,-1,0,-1,-1,1299,32,8,unknown
615.0699999999997,D2:79:C0:E9:3F:D8,d83fe9c079d21eff4c001219b23ec7ae993f0852706423846cf321eb48725f74cb504450c6,-16793.0,55732.0,-87831.0,72439.0,-102078.0,,0,0,0,0,0,0,1,0,ADV_IND,37,37,6,-1,0,-1,-1,7295,31,8,unknown
616.8810000000012,5F:C7:84:98:EF:13,13ef9884c75f0201021816aafe00a9fab91ac4fe9b912f7baeda3881568fc8254fbd,-25431.0,82012.0,-103984.0,52138.0,-89992.0,,0,0,0,0,0,0,1,0,ADV_IND,34,37,2,-1,0,-1,-1,4198,32,8,unknown
618.4669999999969,C0:D9:02:C5:90:A4,a490c502d9c01aff4c00121931f89c6e4e081f704ea8a67aa79017056498ed230fed4900de,-24092.0,97748.0,-99053.0,85422.0,-123555.0,,0,0,0,0,0,0,1,0,ADV_IND,37,37,0,-1,0,-1,-1,3619,32,8,unknown
618.4669999999969,D2:79:C0:E9:3B:D8,d83be9c079d21eff4c001219b23ec78e997f0852706423846cf321eb48725f648b544400c4,-24068.0,92316.0,-106589.0,103512.0,-128465.0,,0,0,0,0,0,1,1,0,ADV_IND,37,37,0,-1,0,-1,-1,6252,32,8,unknown
619.0089999999982,5F:C7:84:98:EF:13,13ef9884c75f0201021816aafe40a9fab91ac4fe9b912f7baeda3881568fc8254fbd,-39994.0,62375.0,-108190.0,80137.0,-98813.0,,0,0,0,0,0,1,1,0,ADV_IND,34,37,9,-1,0,-1,-1,3475,32,8,unknown
619.2790000000023,5C:2F:77:B9:CF:2A,2acfb9772f5c0201021816aafe40e28b8e66cd83b571696779238d9951b1d15db120,-2376.0,106876.0,-76028.0,68030.0,-135986.0,,0,0,0,0,0,0,1,0,ADV_IND,34,37,2,-1,0,-1,-1,5357,30,7,unknown
619.2790000000023,C0:D1:02:C5:90:04,0490c502d1c01eff4c00121931f99c6e6e081f704ea8a47aa3183524308c451aee2b0c74fa,-18070.0,105886.0,-86163.0,57447.0,-126893.0,,0,0,0,0,0,0,1,0,ADV_IND,37,37,13,-1,0,-1,-1,7505,32,8,unknown
619.2790000000023,D2:79:C0:E9:3B:D8,d83be9c079d21eff4c001219b23ec78e997f0852706423846cf321eb48725f648b544400c4,-16858.0,86397.0,-108732.0,89687.0,-119997.0,,0,0,0,0,0,1,1,0,ADV_IND,37,37,4,-1,0,-1,-1,1799,32,8,unknown
620.6100000000006,5F:C7:84:98:EF:13,13ef9884c75f0201021816aafe40a9fab93f35ede77c70e95bdbb266a98e169cd882,-15644.0,66758.0,-97725.0,57829.0,-83738.0,,0,0,0,0,0,0,1,0,ADV_IND,34,37,14,-1,0,-1,-1,7526,32,8,unknown
621.5049999999974,5C:2F:77:B9:CF:3A,3acfb9772f5c0201021816aafe40e28b8e66cd83b57169f779238d9951b1d15db120,13304.0,97858.0,-107430.0,80689.0,-152108.0,,0,0,0,0,0,1,1,0,ADV_IND,34,37,9,-1,0,-1,-1,1906,32,7,unknown
621.5049999999974,C0:D3:42:C5:90:04,0490c542d3c01eff4c00121931f99c6e6c081f70cea8a67af39017056498ed230fef4100de,5621.0,65119.0,-101529.0,62844.0,-102347.0,,0,0,0,0,0,0,1,0,ADV_IND,37,37,8,-1,0,-1,-1,1094,32,8,unknown
621.5049999999974,D2:79:C0:E9:3B:D8,d83be9c079d21eff4c001219b23ec78e997f0952706423846cf320eb48725f648b544400c4,-3855.0,70061.0,-103338.0,91784.0,-126955.0,,0,0,0,0,0,0,1,0,ADV_IND,37,37,0,-1,0,-1,-1,2565,32,8,unknown
622.6080000000002,5F:C7:84:98:EF:13,13ef9884c75f0201021816aafe40a9fab91ac4fe9b912f7baeda3881568fc8254fbd,-19537.0,56802.0,-64019.0,37291.0,-84933.0,,0,0,0,0,0,1,1,0,ADV_IND,34,37,13,-1,0,-1,-1,5462,32,8,unknown
623.0190000000002,C0:93:02:C5:90:04,0490c50293c01eff4c00121931f99c6e6e081f704ea8a67aa39817056498ed230bed4910de,-26810.0,70645.0,-96549.0,74027.0,-85454.0,,0,0,0,0,0,0,1,0,ADV_IND,37,37,11,-1,0,-1,-1,5335,32,8,unknown
623.0190000000002,D2:79:C0:E9:3B:D8,d83be9c079d21eff4c001219b23ec78e997f0852706423846cf321eb48725f648b544400c4,-29327.0,78656.0,-78361.0,67322.0,-146796.0,,0,0,0,0,0,1,1,0,ADV_IND,37,37,13,-1,0,-1,-1,6519,31,7,unknown
625.336000000003,5F:C7:84:98:EF:13,13ef9884c75f0201021816aafe40a9fab91ac4fe9b912f7baeda3881568fc8254fbd,-4658.0,61968.0,-107673.0,50710.0,-106971.0,,0,0,0,0,0,1,1,0,ADV_IND,34,37,4,-1,0,-1,-1,3078,32,8,unknown
625.336000000003,C0:D3:02:C5:90:04,0490c502d3c01eff4c00121931f99c6e6e081f704ea8a67aa39017056498ed290fed49009e,0.0,67903.0,-82554.0,68419.0,-131237.0,,0,0,0,0,0,0,1,0,ADV_IND,37,37,3,-1,0,-1,-1,6789,32,8,unknown
625.336000000003,5C:2F:77:B9:CF:3A,3acfb9772f5c0201021816aafe40e28b8e66cd83b57169f779238d9951b1d15db120,1445.0,77528.0,-80296.0,72890.0,-133008.0,,0,0,0,0,0,1,1,0,ADV_IND,34,37,9,-1,0,-1,-1,1228,32,8,unknown
626.2839999999997,C7:D0:BB:A0:84:6E,6e84a0bbd0c71eff4c001219aabd3f3e4b79b1eac022591f52acd21214cc2b34ec3641038e,-20450.0,89125.0,-105003.0,98333.0,-135254.0,,0,0,0,0,0,1,1,0,ADV_IND,37,37,12,-1,0,-1,-1,3718,32,8,unknown
627.1390000000029,5F:C7:84:98:EF:13,13ef9884c75f0209021816aafe40a9fab91ac4fe9b91277baeda3881568fc8054fbd,-5518.0,81955.0,-111771.0,70827.0,-104080.0,,0,0,0,0,0,0,1,0,ADV_IND,34,37,3,-1,0,-1,-1,1740,32,8,unknown
627.1390000000029,D2:79:C0:E9:3E:D8,d83ee9c079d21eff4c001219b51c87de92af41d352662796f8c326fb0072df748bd60c51e6,-31870.0,91561.0,-107447.0,71181.0,-118323.0,,0,0,0,0,0,0,1,0,ADV_IND,37,37,10,-1,0,-1,-1,5405,31,8,unknown
628.1979999999967,C7:D0:BB:A0:84:6E,6e84a0bbd0c71eff4c001219aabd3f476a8be121d0255d173534d03a2c8eb235e617c3ecae,-27259.0,58159.0,-95509.0,61927.0,-114822.0,,0,0,0,0,0,0,1,0,ADV_IND,37,37,4,-1,0,-1,-1,4194,32,8,unknown
629.1080000000002,5F:C4:E4:98:7F:DB,db7f98e4c45f0201021816aafe70a9fab91a44cedb912f7baeda3881568fc8254fbd,-6951.0,75664.0,-106465.0,91284.0,-96863.0,,0,0,0,0,0,0,1,0,ADV_IND,34,37,5,-1,0,-1,-1,5496,30,7,unknown
629.6489999999976,5C:2F:77:B9:CF:38,38cfb9772f5c0201021816aafe40b41ab80bb73bf02c532fb023e8ea2b911a89274c,-3041.0,87047.0,-85401.0,68638.0,-109696.0,,0,0,0,0,0,0,1,2,ADV_NONCONN_IND,34,37,11,-1,0,-1,-1,7069,31,8,unknown
631.8150000000023,D2:79:C0:E9:3B:D8,d83be9c079d21eff4c001219b21ec78e993f0852706423846cb334ea48725f648b54404276,-12319.0,66205.0,-112053.0,67701.0,-106907.0,,0,0,0,0,0,0,1,2,ADV_NONCONN_IND,37,37,8,-1,0,-1,-1,1649,32,8,unknown
631.8150000000023,5C:2F:77:B9:CF:3A,3acfb9772f5c0201021816aafe40e28b8e66cd83b57169f779238d9951b1d15db120,-9595.0,99385.0,-74970.0,82117.0,-149893.0,,0,0,0,0,0,1,1,0,ADV_IND,34,37,11,-1,0,-1,-1,5606,32,8,unknown
632.0869999999995,C7:D0:BB:A2:84:6E,6e84a2bbd0c71eff4c001219aa9d3e3e4a7991eac022591f52acd21214cc2b34ec3641038e,-26411.0,68452.0,-111898.0,69475.0,-73106.0,,0,0,0,0,0,0,1,0,ADV_IND,37,37,9,-1,0,-1,-1,6386,31,8,unknown
632.9830000000002,5F:C7:84:98:EF:13,13ef9884c75f0201021816aafe40a9fab91ac4eeebb474e95bdbb266298e1e9cd882,-18316.0,80053.0,-90034.0,40784.0,-104066.0,,0,0,0,0,0,0,1,0,ADV_IND,34,37,2,-1,0,-1,-1,4351,32,8,unknown
632.9830000000002,D2:79:C0:E9:3B:D8,d83be9c079d21eff4c001219b23ec78e997f0152706423846cf321eb48725f64ab554410a4,-14252.0,56532.0,-104545.0,71440.0,-107694.0,,0,0,0,0,0,0,1,0,ADV_IND,37,37,9,-1,0,-1,-1,5594,32,8,unknown
633.7750000000015,5C:2F:77:B9:CF:3A,3acfb9772f5c0201021816aafe40e28b8e66cd83b57169677923859911b1d15da500,15675.0,68540.0,-92325.0,55914.0,-97032.0,,0,0,0,0,0,0,1,0,ADV_IND,34,37,8,-1,0,-1,-1,7691,32,8,unknown
634.038999999997,C7:D0:BB:A0:84:6E,6e84a0bbd0c71eff4c001219aabd3f3e4b79b1eac025591f522cd01214cc2b74ec56d1160e,-11858.0,64852.0,-94116.0,54779.0,-93914.0,,0,0,0,0,0,0,1,0,ADV_IND,37,37,10,-1,0,-1,-1,2726,30,8,unknown
634.8340000000026,5F:C7:84:98:EF:13,13ef9884c75f0201021816aafe44a9eab91ac06c9a912f7bafd82c84098f78476bc5,-20440.0,78105.0,-94863.0,54449.0,-88433.0,,0,0,0,0,0,0,1,0,ADV_IND,34,37,3,-1,0,-1,-1,6279,32,8,unknown
635.1109999999971,40:D1:02:C5:90:04,0490c502d1401eff4c00121930fdb0666e081f744ea8a67ae7d017046480ee010bed4910de,-26768.0,72567.0,-89316.0,74269.0,-98746.0,,0,0,0,0,0,0,1,0,ADV_IND,37,37,10,-1,0,-1,-1,7184,31,8,unknown
635.1109999999971,D2:79:C0:E9:3B:D8,d83be9c079d21eff4c001219b23ec78e997f0852706423846cf321eb48725f648b544400c4,-16064.0,72823.0,-96975.0,93977.0,-123863.0,,0,0,0,0,0,1,1,0,ADV_IND,37,37,7,-1,0,-1,-1,1794,32,8,unknown
635.1109999999971,5C:2F:77:B9:CF:3A,3acfb9772f5c0201021816aafe40e28b8e66cd83b57169f779238d9951b1d15db120,-18271.0,101673.0,-76086.0,43376.0,-121458.0,,0,0,0,0,0,1,1,0,ADV_IND,34,37,4,-1,0,-1,-1,4346,32,8,unknown
637.148000000001,5F:C7:84:98:EF:13,13ef9884c75f0201021816aafe40a9fab91ac4fe9b912f7baeda3881568fc825cbba,-14006.0,60803.0,-93533.0,59868.0,-92998.0,,0,0,0,0,0,0,1,0,ADV_IND,34,37,7,-1,0,-1,-1,1208,32,8,unknown
637.148000000001,C0:D3:02:C5:90:04,0490c502d3c01eff4c00121931f99c6e6e081f704ea8a67aa39017056498ed210fed4900de,-674.0,68620.0,-99784.0,78012.0,-129247.0,,0,0,0,0,0,1,1,0,ADV_IND,37,37,11,-1,0,-1,-1,4999,31,8,unknown
638.877999999997,5F:C7:84:98:EF:13,13ef9884c75f0201021816aafe40a9fab91ac4fe9b912f7baeda3881568fc8254fbd,-11769.0,71945.0,-109374.0,80692.0,-122960.0,,0,0,0,0,0,1,1,0,ADV_IND,34,37,10,-1,0,-1,-1,5884,32,8,unknown
639.1489999999976,D2:79:C0:E9:3B:D8,d83be9c079d21aff4c001219b63cc7868b2f0852746403846cf331cb09765fe58a504142e6,-1708.0,66668.0,-75335.0,66250.0,-122535.0,,0,0,0,0,0,0,1,0,ADV_IND,37,37,11,-1,0,-1,-1,2192,32,8,unknown
639.6399999999994,5C:2F:77:BB:CF:38,38cfbb772f5c0209021816aafe40e28b8e66cd83b47169f779238d9951b1d15db120,0.0,114823.0,-113330.0,86433.0,-141214.0,,0,0,0,0,0,0,1,0,ADV_IND,34,37,0,-1,0,-1,-1,6424,30,7,unknown
641.4879999999976,5C:2F:77:B9:CF:3A,3acfb9772f5c0201021816aafe40e28b8e66cd83b56169f779238d9941b1d01db120,8753.0,52171.0,-92308.0,78157.0,-107733.0,,0,0,0,0,0,0,1,0,ADV_IND,34,37,6,-1,0,-1,-1,5986,32,8,unknown
645.5109999999986,5C:AB:77:B9:CF:3A,3acfb977ab5c0201021816aafe40e28b8e66cd83b57169f779238d9951b1d15db120,-2595.0,91858.0,-80866.0,90514.0,-149434.0,,0,0,0,0,0,0,1,2,ADV_NONCONN_IND,34,37,4,-1,0,-1,-1,2254,32,8,unknown
647.1630000000005,5F:C7:84:98:FF:1B,1bff9884c75f0201021816aafe40a9fab91ac4fe9b91037baeda3886c68e58274fb5,-13374.0,77989.0,-83658.0,55303.0,-94327.0,,0,0,0,0,0,0,1,0,ADV_IND,34,37,12,-1,0,-1,-1,1356,29,7,unknown
647.1630000000005,D2:79:C0:E9:3B:D8,d83be9c079d21eff4c001219ba1ec78e997f00d2706427847cd331eb4a725f648a544400c4,-19193.0,91127.0,-86786.0,77410.0,-129996.0,,0,0,0,0,0,0,1,0,ADV_IND,37,37,3,-1,0,-1,-1,3963,31,7,unknown
648.8960000000006,5C:2F:77:B9:CF:3A,3acfb9772f5c0201021816aafe00e28b8e66cd83b57169f779238d9951b1d15db120,-11230.0,95388.0,-78949.0,71150.0,-124884.0,,0,0,0,0,0,0,1,2,ADV_NONCONN_IND,34,37,4,-1,0,-1,-1,2231,32,8,unknown
649.9680000000008,5F:C7:84:98:EF:13,13ef9884c75f0201021816aafe40a9fab91ac4fe8791277baeda38c1548e4c244fb5,-3881.0,70232.0,-114839.0,64741.0,-81532.0,,0,0,0,0,0,0,1,0,ADV_IND,34,37,1,-1,0,-1,-1,3814,32,8,unknown
650.224000000002,5C:2F:77:B9:CF:3A,3acfb9772f5c0201021816aafe40e28b8e66cd83b57169f779238d9951b1d15db120,-12604.0,85270.0,-70231.0,70100.0,-131724.0,,0,0,0,0,0,1,1,0,ADV_IND,34,37,1,-1,0,-1,-1,4638,32,8,unknown
651.2660000000033,5F:C7:84:98:EF:13,13ef9884c75f0201021816aafe40a9fab91ac4dcda11337baeda3885568fc86569bd,-29362.0,57172.0,-85644.0,54214.0,-110475.0,,0,0,0,0,0,0,1,0,ADV_IND,34,37,15,-1,0,-1,-1,5942,32,8,unknown
651.5199999999968,5C:2F:77:B9:CF:3A,3acfb9772f5c0201021816aafe40e28b8e66cd83b57169f779238d9951b1d15db120,-9991.0,107421.0,-97846.0,79266.0,-159242.0,,0,0,0,0,0,1,1,0,ADV_IND,34,37,5,-1,0,-1,-1,2383,31,7,unknown
652.7790000000023,F3:AC:33:DD:53:77,7753dd33acf31eff4c00121900c88031e71040d1cf95f4f64d4ee2c5e1aa2a448853470100,-12730.0,92815.0,-94657.0,113634.0,-118048.0,,0,0,0,0,0,1,1,2,ADV_NONCONN_IND,37,37,6,-1,0,-1,-1,4880,32,8,unknown
653.7490000000034,5C:2F:77:B9:CF:2A,2acfb9772f5c0201021816aafe40e28b8e66cd83b57169f779238d9951b1d15db120,8711.0,98152.0,-112597.0,97974.0,-148566.0,,0,0,0,0,0,0,1,0,ADV_IND,34,37,10,-1,0,-1,-1,7711,30,7,unknown
654.8930000000037,73:AD:33:DD:53:77,7753dd33ad731eff4c00121900c88031e71040d1cf95f4f64d4ee2c5e1ae2a448853470100,-14612.0,96035.0,-97898.0,100194.0,-138187.0,,0,0,0,0,0,0,1,2,ADV_NONCONN_IND,37,37,6,-1,0,-1,-1,4112,30,8,unknown
655.6109999999971,5C:2F:77:B9:CF:3A,3acfb9772f5c0201021816aafe00e28b8e2ecd83b57169f779238d994191d85db120,-7189.0,86258.0,-81257.0,57926.0,-113658.0,,0,0,0,0,0,0,1,0,ADV_IND,34,37,12,-1,0,-1,-1,2662,32,8,unknown
656.8079999999973,F3:AC:33:DD:53:77,7753dd33acf31eff4c00121900c88031e71040d1cf95f4f64d4ee2c5e1aa2a448853470100,5186.0,66705.0,-89515.0,90482.0,-133400.0,,0,0,0,0,0,1,1,2,ADV_NONCONN_IND,37,37,9,-1,0,-1,-1,3851,32,7,unknown
657.2090000000026,5F:C7:84:98:EF:13,13ef9884c75f0201021816aafe40a9fab91ac4fe9b912f7baeda3881568fc8254fbd,-31320.0,82054.0,-91943.0,83599.0,-125161.0,,0,0,0,0,0,1,1,0,ADV_IND,34,37,10,-1,0,-1,-1,6048,32,8,unknown
658.3439999999973,C7:D0:BB:A0:84:6E,6e84a0bbd0c71eff4c001219aabd3f3e4b79a1eac022591f52acd21214cc2b34ec1641038e,-26397.0,97350.0,-111984.0,98249.0,-129494.0,,0,0,0,0,0,0,1,0,ADV_IND,37,37,13,-1,0,-1,-1,5784,32,8,unknown
659.0469999999987,F3:AC:33:DD:53:77,7753dd33acf31eff4c00121900c88031e71040d1cf95f4f64f4ee2c5e1aa2a448853470100,20335.0,50491.0,-105096.0,88176.0,-111970.0,,0,0,0,0,0,0,1,2,ADV_NONCONN_IND,37,37,4,-1,0,-1,-1,1110,32,8,unknown
659.7869999999966,5C:2F:77:B9:CF:3A,3acfb9772f5c0201021816aafe40e28b8e66cd83b57169f779238d9951b1d15db120,0.0,111643.0,-100814.0,76500.0,-146624.0,,0,0,0,0,0,1,1,0,ADV_IND,34,37,15,-1,0,-1,-1,2877,32,7,unknown
660.2090000000026,C7:D8:BB:A0:84:6E,6e84a0bbd8c71eff4c001219aabd3f1e4b79b1eac026591f56acd21214ce2b34ec36c17586,-17277.0,55426.0,-94564.0,93466.0,-106885.0,,0,0,0,0,0,0,1,2,ADV_NONCONN_IND,37,37,12,-1,0,-1,-1,7347,32,8,unknown
660.2090000000026,CB:15:71:44:14:4F,4f14447115cb1eff4c00121900e8833e50b86628c7cca54382b4c7fa02bd59a59bab7a4601,-22121.0,63933.0,-101276.0,68997.0,-117565.0,,0,0,0,0,0,0,1,2,ADV_NONCONN_IND,37,37,14,-1,0,-1,-1,1405,32,8,unknown
661.2459999999992,C0:D3:42:C5:90:04,0490c542d3c01eff4c00121931f99c6e6e081f704ea8a67aa3d0370564986d2e0eef4000de,-4436.0,60986.0,-96238.0,67528.0,-101526.0,,0,0,0,0,0,0,1,0,ADV_IND,37,37,7,-1,0,-1,-1,7215,32,8,unknown
661.2459999999992,5F:C7:84:98:EF:13,13ef9884c75f0201021816aafe40a9fab91ac4fe9b912f7baeda3881568fc8254fbd,-13499.0,81016.0,-133061.0,98196.0,-108633.0,,0,0,0,0,0,1,1,0,ADV_IND,34,37,0,-1,0,-1,-1,1066,32,8,unknown
663.2699999999968,5F:C7:84:98:EF:13,13ef9884c75f0201021816aafe40a9fab91ac4fe9b912f7baeda3881568fc8254fbd,-12796.0,59527.0,-94046.0,47899.0,-77432.0,,0,0,0,0,0,1,1,0,ADV_IND,34,37,7,-1,0,-1,-1,7081,32,8,unknown
665.3159999999989,5F:C7:84:98:EF:13,13ef9884c75f0201021816aafe40a9fab91ac4fe9b912f7baeda3881568fc8254fbd,-19047.0,70208.0,-107193.0,97417.0,-108220.0,,0,0,0,0,0,1,1,0,ADV_IND,34,37,2,-1,0,-1,-1,4625,32,8,unknown
665.7209999999977,5C:2F:77:B9:CF:3A,3acfb9772f5c0201021816aafe40e28b8e66cd83b57169f77923eccaab111aa8274c,-3195.0,78989.0,-89497.0,70106.0,-95382.0,,0,0,0,0,0,0,1,0,ADV_IND,34,37,8,-1,0,-1,-1,4195,32,8,unknown
666.5840000000026,C7:D0:BB:A0:84:6E,6e84a0bbd0c71eff4c001219aabd3f3e4b79b1aac022591f53acd21214cc2b34ec3641028e,-20288.0,63721.0,-110864.0,84528.0,-141818.0,,0,0,0,0,0,0,1,10,ADV_SCAN_IND,37,37,14,-1,0,-1,-1,2413,29,7,unknown
667.0769999999975,76:C4:00:E0:36:71,7136e000c4761eff4c00121900fa9d8b6ca0572f51986a0e23bc27786745259ba83c7f0300,-13844.0,61930.0,-86806.0,68674.0,-108207.0,,0,0,0,0,0,0,1,2,ADV_NONCONN_IND,37,37,4,-1,0,-1,-1,3126,32,8,unknown
667.7739999999976,5C:2F:77:B9:CF:3A,3acfb9772f5c0201021816aafe40e28b8e66cd83b57141e77823acd843915819a320,10865.0,90472.0,-105976.0,71137.0,-122015.0,,0,0,0,0,0,0,1,0,ADV_IND,34,37,8,-1,0,-1,-1,4549,32,8,unknown
668.0509999999995,C7:D0:BB:A0:84:6E,6e84a0bbd0c71eff4c001219aabd3f3e4b79b1eac022591f52acd21214cc2b34ec3641038e,-16878.0,42476.0,-101657.0,83451.0,-108703.0,,0,0,0,0,0,1,1,0,ADV_IND,37,37,1,-1,0,-1,-1,5548,32,8,unknown
669.0040000000008,F2:C4:04:E0:36:71,7136e004c4f21eff4c00121900fa9d8b6ca0572f51986a0e23bc27786745259ba83c7f0300,-15573.0,67041.0,-81230.0,85378.0,-138490.0,,0,0,0,0,0,0,1,2,ADV_NONCONN_IND,37,37,15,-1,0,-1,-1,4440,32,8,unknown
669.525999999998,5F:C7:84:98:EF:13,13ef9884c75f0201021816aafe40a9fab91ac4fe9b912f7baeda3881568fc8254fbd,-26718.0,61991.0,-101029.0,60734.0,-98168.0,,0,0,0,0,0,1,1,0,ADV_IND,34,37,3,-1,0,-1,-1,5032,32,8,unknown
670.1739999999991,5C:2F:77:B9:CF:3A,3acfb9772f5c0201021816aafe40e28b8e2ecd83b57169f779238d995191d85db120,2102.0,75327.0,-88289.0,66652.0,-104693.0,,0,0,0,0,0,0,1,0,ADV_IND,34,37,15,-1,0,-1,-1,5608,32,8,unknown
670.4380000000019,C7:D0:BB:A0:84:6E,6e84a0bbd0c71eff4c001219aabd3f3e4b79b1eac022591f52acd21214cc2b34ec3641038e,-12422.0,55918.0,-108250.0,103251.0,-140961.0,,0,0,0,0,0,1,1,0,ADV_IND,37,37,11,-1,0,-1,-1,2726,32,7,unknown
671.0380000000005,72:C4:40:E0:36:70,7036e040c4721eff4c00121900fa9d8b6ca0572f5398ca0e3ffc2588316b600b2b42175c95,242.0,45741.0,-86245.0,88133.0,-130546.0,,0,0,0,0,0,0,1,2,ADV_NONCONN_IND,37,37,12,-1,0,-1,-1,2175,31,7,unknown
671.5550000000003,5F:C7:84:98:EF:13,13ef9884c75f0201021816aafe40a9fab91ac4fe9b912f7baeda3881568fc8254fbd,-31289.0,74782.0,-79402.0,72663.0,-129430.0,,0,0,0,0,0,1,1,0,ADV_IND,34,37,14,-1,0,-1,-1,3265,32,8,unknown
672.2839999999997,5C:2F:77:B9:CF:3A,3acfb9772f5c0201021816aafe40e28b8e66cd83b57169f779238d9951b1d15db120,-3990.0,93239.0,-110272.0,93934.0,-155317.0,,0,0,0,0,0,1,1,0,ADV_IND,34,37,11,-1,0,-1,-1,2806,30,8,unknown
673.7030000000013,5F:C7:84:98:EF:13,13ef9884c75f0201021816aafe40a9fab91ac4fe9b912f7baeda3881568fc8254fbd,-33553.0,60108.0,-90353.0,70376.0,-91362.0,,0,0,0,0,0,1,1,0,ADV_IND,34,37,5,-1,0,-1,-1,2880,32,8,unknown
674.1430000000037,5C:2F:77:B9:CF:3A,3acfb9772f5c0201021816aafe40e28b8c66cd83b57169f7f92307d943b1511fb120,-12013.0,56324.0,-88094.0,68555.0,-83483.0,,0,0,0,0,0,0,1,0,ADV_IND,34,37,0,-1,0,-1,-1,3663,32,8,unknown
675.7620000000024,5F:C7:84:98:EF:13,13ef9884c75f0201021816aafe40a9fab91ac4fe9b912f7baeda3881568fc8254fbd,-33529.0,38905.0,-75971.0,58136.0,-83891.0,,0,0,0,0,0,1,1,0,ADV_IND,34,37,6,-1,0,-1,-1,2044,32,7,unknown
676.3119999999981,C7:D0:BB:A2:84:6E,6e84a2bbd0c71eff4c001219aabd3f364b6da1eac8234b5f75e0d61214cfab34ec3641138e,-10040.0,66542.0,-106568.0,81150.0,-107848.0,,0,0,0,0,0,0,1,0,ADV_IND,37,37,8,-1,0,-1,-1,1026,32,8,unknown
676.9890000000014,F2:C4:40:E0:36:71,7136e040c4f21aff4c00121900fa9d8b6ca0fa6d02f8d2531d683ddab16b604b2b52b754fb,-3386.0,66762.0,-83582.0,65333.0,-114957.0,,0,0,0,0,0,0,1,2,ADV_NONCONN_IND,37,37,4,-1,0,-1,-1,7144,32,7,unknown
677.5310000000027,5F:C7:84:98:EF:13,13ef9884c75f0201021816aafe40a9fab91ac4fe9b912f7baeda3881568fc8254fbd,-24939.0,67769.0,-78211.0,95768.0,-135269.0,,0,0,0,0,0,1,1,0,ADV_IND,34,37,11,-1,0,-1,-1,3198,32,8,unknown
679.351999999999,5C:2F:77:B9:CF:3A,3acfb9772f5c0201021816aafe40e28b8e66cd83b4716927f123e8ea8a111aa8274c,6626.0,73267.0,-80564.0,69430.0,-112509.0,,0,0,0,0,0,0,1,0,ADV_IND,34,37,3,-1,0,-1,-1,6774,32,8,unknown
679.6059999999998,C7:D0:BB:A0:84:6E,6e84a0bbd0c71eff4c001219aabd3f3e4b79b1eac423591f72acd21214cc2b34ec3653438e,-27044.0,49886.0,-89579.0,72753.0,-102323.0,,0,0,0,0,0,0,1,0,ADV_IND,37,37,8,-1,0,-1,-1,3889,32,8,unknown
680.3700000000026,5F:C7:84:98:EF:13,13ef9884c75f0201021816aafe40a9fab91ac4fe9b912f7baeda3881568fc8254fbd,-22856.0,52666.0,-65851.0,60566.0,-101828.0,,0,0,0,0,0,1,1,0,ADV_IND,34,37,0,-1,0,-1,-1,3587,32,8,unknown
680.8700000000026,5C:2F:77:B9:CF:3A,3acfb9772f5c0201021816aafe40e28b8e66cd83b57169f779238d9951b1d15db120,14583.0,87653.0,-92544.0,96131.0,-148902.0,,0,0,0,0,0,1,1,0,ADV_IND,34,37,4,-1,0,-1,-1,6509,30,7,unknown
681.8969999999972,5F:C7:84:98:EF:13,13ef9884c75f0201021816aafe40a9fab91ac4fe9b912f7baeda3881568fc8254fbd,-15523.0,66811.0,-116300.0,49381.0,-86408.0,,0,0,0,0,0,1,1,0,ADV_IND,34,37,2,-1,0,-1,-1,4561,32,8,unknown
682.1659999999974,5C:2F:77:B9:CF:3A,3acfb9772f5c0201021816aafe40e28b8e66cd83b57169f779238d9951b1d15db120,5398.0,101153.0,-100686.0,80018.0,-149279.0,,0,0,0,0,0,1,1,0,ADV_IND,34,37,10,-1,0,-1,-1,6770,32,7,unknown
683.9570000000022,5F:87:84:9A:6F:13,136f9a84875f0201261816aafe00a9faa91ee1fe9b912f7baeda3881568ec8254fb5,-23161.0,62995.0,-114035.0,55225.0,-86113.0,,0,0,0,0,0,0,1,0,ADV_IND,34,37,0,-1,0,-1,-1,5813,32,8,unknown
683.9570000000022,5C:2F:77:B9:CF:3A,3acfb9772f5c0201021816aafe40e28b8e66cd83b57169f779238d9951b1d15db120,7491.0,89731.0,-118141.0,84783.0,-148374.0,,0,0,0,0,0,1,1,0,ADV_IND,34,37,3,-1,0,-1,-1,7395,32,7,unknown
684.2180000000008,C7:D0:BB:A0:84:6E,6e84a0bbd0c71eff4c001219aabd3f3e4b79b1eac022591f53acd21214ce2b34ec3641028e,-6852.0,55352.0,-97739.0,73700.0,-127005.0,,0,0,0,0,0,0,1,0,ADV_IND,37,37,4,-1,0,-1,-1,6857,32,7,unknown
685.5049999999974,5F:C7:84:98:EF:13,13ef9884c75f0201021816aafe40a9fab91ac4fe9b912f7baeda3881568fc8254fbd,-26609.0,44732.0,-91848.0,57660.0,-90113.0,,0,0,0,0,0,1,1,0,ADV_IND,34,37,9,-1,0,-1,-1,4304,32,8,unknown
685.9530000000013,5C:2F:77:B9:CF:3A,3acfb9772f5c0201021816aafe40e28b8e66cd83b57169f779238d9951b1d15db120,-27488.0,79867.0,-70680.0,85393.0,-133658.0,,0,0,0,0,0,1,1,0,ADV_IND,34,37,12,-1,0,-1,-1,6773,32,7,unknown
687.7810000000027,5F:C7:84:98:EF:13,13ef9884c75f0201021816aafe40a9fab91ac4fe9b912f7baeda3881568fc8254fbd,-14816.0,67932.0,-106379.0,61098.0,-89912.0,,0,0,0,0,0,1,1,0,ADV_IND,34,37,9,-1,0,-1,-1,7744,32,8,unknown
688.377999999997,5C:2F:77:B9:CF:3A,3acfb9772f5c0201021816aafe40e28b8e66cd83b57169f779238d9951b1d15db120,-11045.0,110086.0,-77995.0,96845.0,-146026.0,,0,0,0,0,0,1,1,0,ADV_IND,34,37,10,-1,0,-1,-1,3895,32,7,unknown
690.0020000000004,5F:C7:84:98:EF:13,13ef9884c75f0201021816aafe40a9fab91ae4fe9b912f7bafda3885578f58564ac6,-29424.0,74368.0,-94363.0,50235.0,-79932.0,,0,0,0,0,0,0,1,0,ADV_IND,34,37,7,-1,0,-1,-1,7650,32,7,unknown
690.2490000000034,5C:2F:77:B9:CF:3A,3acfb9772f5c0201021816aafe40e28b8e66cd83b57169f779238d9951b1d15db120,13443.0,66953.0,-98016.0,61600.0,-118137.0,,0,0,0,0,0,1,1,0,ADV_IND,34,37,9,-1,0,-1,-1,1141,32,8,unknown
692.3220000000001,5C:2F:77:B9:CF:3A,3acfb9772f5c0201021816aafe40e28b8e66cd83b57169f779238d9951b1d15db120,-171.0,87767.0,-90566.0,95080.0,-146903.0,,0,0,0,0,0,1,1,0,ADV_IND,34,37,8,-1,0,-1,-1,1972,32,8,unknown
693.8419999999969,5F:C7:84:98:EF:13,13ef9884c75f0201021816aafe40a9fab91ac4fe9b912f7baeda3881568fc8254fbd,2474.0,56587.0,-104526.0,74098.0,-106140.0,,0,0,0,0,0,1,1,0,ADV_IND,34,37,3,-1,0,-1,-1,1214,32,8,unknown
695.8079999999973,5F:C7:84:98:EF:13,13ef9884c75f0201021816aafe40a9fab91ac4fe9b912f7baeda3881568fc8254fbd,-10847.0,88589.0,-87776.0,67921.0,-126705.0,,0,0,0,0,0,1,1,0,ADV_IND,34,37,3,-1,0,-1,-1,7680,32,8,unknown
696.1900000000023,5C:2F:77:B9:CF:3A,3acfb9772f5c0201021816aafe44e28b8c66cd83b53169f779238d9911b1d14db820,-17262.0,85597.0,-69781.0,60053.0,-108308.0,,0,0,0,0,0,0,1,2,ADV_NONCONN_IND,34,37,11,-1,0,-1,-1,2096,32,8,unknown
696.5360000000001,C7:D0:BB:A0:84:6E,6e84a0bbd0c70eff4c001219aabd3f164b79b1eac023591f52acd21214cc2a34ec37410186,-11803.0,43001.0,-83963.0,78428.0,-115933.0,,0,0,0,0,0,0,1,0,ADV_IND,37,37,6,-1,0,-1,-1,6252,31,8,unknown
698.1030000000028,5F:C7:84:98:EF:13,13ef9884c75f0201021816aafe40a9fab91ac4fe9b912f7baeda3881568fc8254fbd,-25269.0,73655.0,-109608.0,62983.0,-115552.0,,0,0,0,0,0,1,1,0,ADV_IND,34,37,9,-1,0,-1,-1,4427,32,8,unknown
698.3470000000016,5C:2F:77:B9:CF:3A,3acfb9772f5c0201021816aafe40e28b8e66cd83b57169f779238d9951b1d15db120,-40585.0,87468.0,-62531.0,83706.0,-124213.0,,0,0,0,0,0,1,1,0,ADV_IND,34,37,12,-1,0,-1,-1,6082,32,7,unknown
698.3470000000016,C7:D0:BB:A0:84:6E,6e84a0bbd0c71eff4c001219aabd3f3e4b79b1eac022591f52acd21214cc2b34ec3741138e,-24447.0,45446.0,-103017.0,76818.0,-112048.0,,0,0,0,0,0,0,1,2,ADV_NONCONN_IND,37,37,8,-1,0,-1,-1,4716,32,8,unknown
700.1610000000001,5F:C7:84:98:EF:13,13ef9884c75f0201021816aafe40a9fab91ac4fe9b912f7baeda3881568fc8254fbd,-27788.0,82558.0,-122608.0,80479.0,-114404.0,,0,0,0,0,0,1,1,0,ADV_IND,34,37,3,-1,0,-1,-1,1762,32,8,unknown
700.510000000002,5C:2F:77:B9:4F:3A,3a4fb9772f5c0241021816aafe40e28b8e66cd2bf42c412fb027ecea8a11182823042f,-7846.0,84867.0,-89440.0,83213.0,-118275.0,,0,0,0,0,0,0,1,0,ADV_IND,35,37,9,-1,0,-1,-1,3601,32,7,unknown
700.510000000002,C7:D0:BB:A0:84:6E,6e84a0bbd0c71eff4c001219aabd3f3e4b79b1eac022591f52acd21214cc2b34ec3641038e,-15388.0,47567.0,-113744.0,75374.0,-85187.0,,0,0,0,0,0,1,1,0,ADV_IND,37,37,6,-1,0,-1,-1,6103,32,8,unknown
701.997000000003,5F:C7:84:98:EF:13,13ef9884c75f0201021816aafe40a9fab91ac4fe9b912f7baeda3881568fc8254fbd,-19959.0,52131.0,-103417.0,81187.0,-90037.0,,0,0,0,0,0,1,1,0,ADV_IND,34,37,1,-1,0,-1,-1,7171,32,8,unknown
702.2509999999966,5C:2F:77:B9:CF:AA,aacfb9772f5c0201021816aafe50e28b8e66cd83b47169f779238d9951b1d15db120,-8180.0,73082.0,-73469.0,82078.0,-109749.0,,0,0,0,0,0,0,1,2,ADV_NONCONN_IND,34,37,3,-1,0,-1,-1,1964,32,8,unknown
702.2509999999966,EF:F3:F6:DC:54:6A,6a54dcf6f3ef1eff4c00121939bdbda2f9854d1b5d30dd17a1c326c987497e5d784a190098,-20713.0,79994.0,-125429.0,92123.0,-128107.0,,0,0,0,0,0,1,1,0,ADV_IND,37,37,14,-1,0,-1,-1,3224,32,7,unknown
702.2509999999966,EF:F3:F6:DC:54:6A,6a54dcf6f3ef1eff4c00121939bdbda2f9854d1b5d30dd17a1c326c987497e5d784a190098,-28182.0,55543.0,-115490.0,85711.0,-152646.0,,0,0,0,0,0,1,1,2,ADV_NONCONN_IND,37,37,15,-1,0,-1,-1,5281,32,8,unknown
702.5109999999986,EF:F3:F6:DC:54:6A,6a54dcf6f3ef1eff4c00121939bdbda2f9854d1b5d30dd17a1c326c987497e5d784a190098,-42178.0,39586.0,-95957.0,64203.0,-124322.0,,0,0,0,0,0,0,1,2,ADV_NONCONN_IND,37,37,9,-1,0,-1,-1,2687,32,8,unknown
702.5109999999986,EF:F3:F6:DC:54:6A,6a54dcf6f3ef1eff4c00121939bdbda2f9854d1b5d30dd17a1c326c987497e5d784a190098,-35001.0,63040.0,-122441.0,100711.0,-132792.0,,0,0,0,0,0,1,1,2,ADV_NONCONN_IND,37,37,14,-1,0,-1,-1,3914,32,8,unknown
702.5109999999986,EF:F3:F6:DC:54:6A,6a54dcf6f3ef1eff4c00121939bdbda2f9854d1b5d30dd17a1c326c987497e5d784a190098,-13622.0,84702.0,-130800.0,58502.0,-132995.0,,0,0,0,0,0,1,1,2,ADV_NONCONN_IND,37,37,14,-1,0,-1,-1,5318,32,8,unknown
702.5109999999986,EF:F3:F6:DC:54:6A,6a54dcf6f3ef1eff4c00121939bdbda2f9854d1b5d30dd17a1c326c987497e5d784a190098,-43404.0,70386.0,-117419.0,78869.0,-136725.0,,0,0,0,0,0,1,1,2,ADV_NONCONN_IND,37,37,8,-1,0,-1,-1,5020,32,8,unknown
702.5109999999986,EF:F3:F6:DC:54:6A,6a54dcf6f3ef1eff4c00121939bdbda2f9854d1b5d30dd17a1c326c987497e5d784a190098,-29814.0,106986.0,-133942.0,81072.0,-137188.0,,0,0,0,0,0,1,1,2,ADV_NONCONN_IND,37,37,10,-1,0,-1,-1,7597,31,7,unknown
702.5109999999986,EF:F1:F6:DC:54:28,2854dcf6f1ef1eff4c00121939bdbda2f9054d1b5d30dd17a1c326c987497e5d786a110098,-41563.0,35284.0,-90095.0,62586.0,-119795.0,,0,0,0,0,0,0,1,2,ADV_NONCONN_IND,37,37,14,-1,0,-1,-1,3109,32,8,unknown
702.5109999999986,EF:F1:F6:DC:54:6A,6a54dcf6f1ef1eff4c00121939bcbdb2d905691a5d30dd07a1c326c907093e5d7e4a39029a,-38010.0,55848.0,-106274.0,58102.0,-97394.0,,0,0,0,0,0,0,1,2,ADV_NONCONN_IND,37,37,1,-1,0,-1,-1,5252,31,8,unknown
702.5109999999986,EF:F1:F6:DC:5C:6A,6a5cdcf6f1ef0eff4c001219393dbda259854d9bdd30dd17a1cb26c983497e4d7a4c314298,-53245.0,44561.0,-121803.0,46466.0,-90528.0,,0,0,0,0,0,0,1,2,ADV_NONCONN_IND,37,37,11,-1,0,-1,-1,2624,32,8,unknown
702.5109999999986,EF:F3:F6:DC:54:6A,6a54dcf6f3ef1eff4c00121939bdbda2f9854d1b5d30dd17a1c326c987497e5d784a190098,-26138.0,61806.0,-111411.0,52584.0,-135898.0,,0,0,0,0,0,1,1,2,ADV_NONCONN_IND,37,37,8,-1,0,-1,-1,6343,31,7,unknown
702.5109999999986,EF:F3:F6:DC:54:6A,6a54dcf6f3ef1eff4c00121939bdbda2f9854d1b5d30dd17a1c326c987497e5d784a190098,-37231.0,50568.0,-101297.0,54476.0,-132835.0,,0,0,0,0,0,1,1,2,ADV_NONCONN_IND,37,37,0,-1,0,-1,-1,3173,31,8,unknown
702.8759999999966,EF:F3:F6:DC:54:6A,6a54dcf6f3ef1eff4c00121939bdbda2f9854d1b5d30dd17a1c326c983497e5d784b191098,-19622.0,52087.0,-112227.0,67125.0,-95247.0,,0,0,0,0,0,0,1,0,ADV_IND,37,37,6,-1,0,-1,-1,4294,32,7,unknown
702.8759999999966,EF:F3:F6:DC:54:6A,6a54dcf6f3ef1eff4c00121939bdbda2f9854d1b5d30dd17a1c326c987497e5d784a190098,-23811.0,67054.0,-115720.0,79548.0,-128549.0,,0,0,0,0,0,1,1,0,ADV_IND,37,37,2,-1,0,-1,-1,5516,32,8,unknown
702.8759999999966,EF:F3:F6:DC:54:6A,6a54dcf6f3ef1eff4c00121939bdbda2f9854d1b5d30dd17a1c326c987497e5d784a190098,-36567.0,56720.0,-119583.0,91923.0,-133074.0,,0,0,0,0,0,1,1,0,ADV_IND,37,37,9,-1,0,-1,-1,7879,32,8,unknown
702.8759999999966,EF:F3:F6:DC:54:6A,6a54dcf6f3ef1eff4c00121939bdbda2f9854d1b5d30dd17a1c326c987497e5d784a190098,-33563.0,61559.0,-99514.0,62648.0,-133014.0,,0,0,0,0,0,1,1,0,ADV_IND,37,37,8,-1,0,-1,-1,7362,32,8,unknown
702.8759999999966,EF:F3:F4:FC:54:6A,6a54fcf4f3ef1eff4c00121939bdbda2f9854d1b5d30dd17a1c326c987497e5d784a110098,-17114.0,32158.0,-88231.0,57760.0,-128689.0,,0,0,0,0,0,0,1,2,ADV_NONCONN_IND,37,37,5,-1,0,-1,-1,4448,32,8,unknown
702.8759999999966,EF:F3:F6:DC:54:6A,6a54dcf6f3ef1aff4c001219393dbda2f9074d1b5d30dd17b1c334c983c95c4d784a395898,-20318.0,58809.0,-99882.0,49750.0,-105009.0,,0,0,0,0,0,0,1,0,ADV_IND,37,37,14,-1,0,-1,-1,5397,32,8,unknown
702.8759999999966,EF:F3:F6:DC:54:6A,6a54dcf6f3ef1eff4c00121939bdbda2f9854d1b5d30dd17a1c326c987497e5d784a190098,-17053.0,76985.0,-124408.0,97324.0,-155039.0,,0,0,0,0,0,1,1,0,ADV_IND,37,37,8,-1,0,-1,-1,6512,32,7,unknown
702.8759999999966,EF:F3:F6:DC:54:6A,6a54dcf6f3ef1eff4c00121939bdbda2f9854d1b5d30dd17a1c326c987497e5d784a190098,-21718.0,46471.0,-117575.0,102792.0,-145645.0,,0,0,0,0,0,1,1,0,ADV_IND,37,37,8,-1,0,-1,-1,1695,31,8,unknown
702.8759999999966,EF:F3:F6:DC:54:6A,6a54dcf6f3ef1eff4c00121939bdbda2f9854d1b5d30dd17a1c326c987497e5d784a190098,-21715.0,67837.0,-115847.0,64419.0,-113183.0,,0,0,0,0,0,1,1,0,ADV_IND,37,37,12,-1,0,-1,-1,5262,32,8,unknown
702.8759999999966,EF:F3:F6:DC:54:6A,6a54dcf6f3ef1eff4c00121939bdbda2f9854d1b5d30dd17a1c326c987497e5d784a190098,-24323.0,62650.0,-114249.0,79383.0,-133699.0,,0,0,0,0,0,1,1,0,ADV_IND,37,37,1,-1,0,-1,-1,2674,32,8,unknown
702.8759999999966,EF:F3:F6:DC:54:6A,6a54dcf6f3ef1eff4c00121939bdbda2f9854d1b5d30dd17a1c326c987497e5d784a190098,-19540.0,42119.0,-96102.0,77930.0,-132917.0,,0,0,0,0,0,1,1,0,ADV_IND,37,37,4,-1,0,-1,-1,1285,32,8,unknown
702.8759999999966,EF:F3:F6:DC:54:6A,6a54dcf6f3ef1eff4c00121939bdbda2f9854d1b5d30dd17a1c326c987497e5d784a190098,-19581.0,57572.0,-112690.0,60972.0,-106876.0,,0,0,0,0,0,1,1,0,ADV_IND,37,37,9,-1,0,-1,-1,4900,32,8,unknown
703.224000000002,EF:F3:F6:DC:54:6A,6a54dcf6f3ef1eff4c00121939bdbda2f9854d1b5d30dd17a1c326c987497e5d784a190098,-11161.0,37802.0,-94475.0,77176.0,-134854.0,,0,0,0,0,0,1,1,0,ADV_IND,37,37,5,-1,0,-1,-1,3261,32,8,unknown
703.224000000002,EF:F3:76:DC:54:6A,6a54dc76f3ef1eff4c00121939bcbda279a54d1b5d305d17bdc3bcc2c1cd4d206279307558,-34989.0,36599.0,-116976.0,53886.0,-73757.0,,0,0,0,0,0,0,1,0,ADV_IND,37,37,7,-1,0,-1,-1,2965,32,8,unknown
703.224000000002,EF:F3:F6:DC:54:6A,6a54dcf6f3ef1eff4c00121939bdbda2f9854d1b5d30dd17a1c326c987497e5d784a190098,-23259.0,37990.0,-93752.0,59204.0,-130270.0,,0,0,0,0,0,1,1,0,ADV_IND,37,37,2,-1,0,-1,-1,6579,32,8,unknown
703.224000000002,EF:F3:F6:DC:54:6A,6a54dcf6f3ef1eff4c00121939bdbda2f9854d1b5d30dd17a1c326c987497e5d784a190098,-23771.0,70465.0,-108819.0,88947.0,-146021.0,,0,0,0,0,0,1,1,0,ADV_IND,37,37,0,-1,0,-1,-1,2799,32,8,unknown
703.224000000002,EF:F3:F6:DC:54:6A,6a54dcf6f3ef1eff4c00121939bdbda2f9854d1b5d30dd17a1c326cd87497e5d784a190098,-14443.0,71289.0,-105816.0,56638.0,-118333.0,,0,0,0,0,0,0,1,0,ADV_IND,37,37,10,-1,0,-1,-1,984,32,8,unknown
703.224000000002,EF:F3:F6:DC:54:6A,6a54dcf6f3ef1eff4c00121939bdbda2f9854d1b5d30dd17a1c326c987497e5d784a190098,-22964.0,86316.0,-122623.0,66399.0,-138637.0,,0,0,0,0,0,1,1,0,ADV_IND,37,37,4,-1,0,-1,-1,4557,30,8,unknown
703.224000000002,EF:F3:F6:DC:54:6A,6a54dcf6f3ef1eff4c00121939bdbdb6f9856d1b5d30dd17a1c326c983497e0d782c33d29a,-20940.0,39117.0,-102600.0,54937.0,-88599.0,,0,0,0,0,0,0,1,0,ADV_IND,37,37,7,-1,0,-1,-1,7796,31,8,unknown
703.224000000002,EF:F3:F6:DC:54:6A,6a54dcf6f3ef1aff4c00121939bdbda2f9854d1b5d30dd17a1c326c987497e5d784a192898,-28267.0,38784.0,-98628.0,58728.0,-111725.0,,0,0,0,0,0,0,1,0,ADV_IND,37,37,10,-1,0,-1,-1,1626,32,8,unknown
703.224000000002,EF:F3:F6:DC:54:6A,6a54dcf6f3ef1eff4c00121939bdbda2f9a5791a4d30dd17a1c326c987497e5f684a110098,-30379.0,45172.0,-95975.0,68272.0,-120858.0,,0,0,0,0,0,0,1,0,ADV_IND,37,37,6,-1,0,-1,-1,2911,32,8,unknown
703.224000000002,EF:F3:F6:DC:54:6A,6a54dcf6f3ef1eff4c00121939bdbda2f9854d1b5d30dd17a1c326c987497e5d784a190098,-30355.0,38336.0,-80983.0,64676.0,-137503.0,,0,0,0,0,0,1,1,0,ADV_IND,37,37,4,-1,0,-1,-1,6539,32,8,unknown
703.224000000002,EF:F3:F6:DC:54:6A,6a54dcf6f3ef1eff4c00121939bdbda2f9854d1b5d30dd17a1c326c987497e5d784a190098,-30258.0,55108.0,-116836.0,66023.0,-109966.0,,0,0,0,0,0,1,1,0,ADV_IND,37,37,7,-1,0,-1,-1,2045,32,8,unknown
703.5740000000005,EF:F3:F6:DC:54:6A,6a54dcf6f3ef0eff4c00121939bdbda2f9854d1b5d30dd175beb34dd0b091d2f0e4e63d29a,-35086.0,42478.0,-89071.0,56969.0,-124502.0,,0,0,0,0,0,0,1,0,ADV_IND,37,37,2,-1,0,-1,-1,6238,32,8,unknown
703.5740000000005,EF:F3:F6:DC:5C:6A,6a5cdcf6f3ef1eff4c00121939bdbda2f9874d1bdd20dd17a1c326c987497e5d784a190098,-25392.0,43466.0,-88466.0,50066.0,-112221.0,,0,0,0,0,0,0,1,0,ADV_IND,37,37,0,-1,0,-1,-1,6606,31,8,unknown
703.5740000000005,EF:FB:F6:DC:54:6A,6a54dcf6fbef1eff4c00121939bdbda2f9874d1b5d30dd17a1c326c887495e5d784a313098,-23012.0,45958.0,-92427.0,53796.0,-121762.0,,0,0,0,0,0,0,1,0,ADV_IND,37,37,1,-1,0,-1,-1,7446,32,8,unknown
703.5740000000005,EF:F3:F6:DC:54:6A,6a54dcf6f3ef1eff4c00121939bdb9a2f9ad4d1b5d30dd17a1c326c987495c206b79247d59,-28201.0,53398.0,-113636.0,97907.0,-102094.0,,0,0,0,0,0,0,1,0,ADV_IND,37,37,6,-1,0,-1,-1,2688,32,7,unknown
703.5740000000005,EF:F3:F6:DC:54:6A,6a54dcf6f3ef1eff4c00121939bdbda6f9854d1b5d30dd17a1c326c987497e5d784a190098,-30447.0,49830.0,-102503.0,69064.0,-100706.0,,0,0,0,0,0,0,1,0,ADV_IND,37,37,9,-1,0,-1,-1,3970,31,8,unknown
703.5740000000005,EF:F3:F6:DC:54:6A,6a54dcf6f3ef1eff4c00121939bdbda2f9854d1b5d30dd17a1c326c987497e5d784a190098,-11949.0,82986.0,-127282.0,72561.0,-117612.0,,0,0,0,0,0,1,1,0,ADV_IND,37,37,12,-1,0,-1,-1,2690,32,8,unknown
703.5740000000005,EF:F3:F6:DC:54:6A,6a54dcf6f3ef1eff4c00121939bdbd92fd854d1b5d30dd17a1c326c987497e5d784a190098,-17074.0,63199.0,-120311.0,81338.0,-114274.0,,0,0,0,0,0,0,1,0,ADV_IND,37,37,2,-1,0,-1,-1,6792,32,8,unknown
703.5740000000005,EF:F3:F6:DC:54:6A,6a54dcf6f3ef1eff4c00121939bdbda2f9854d1b5d30dd17a1c326c987497e5d784a190098,-32300.0,63358.0,-109982.0,98676.0,-133711.0,,0,0,0,0,0,1,1,0,ADV_IND,37,37,2,-1,0,-1,-1,7855,32,8,unknown
703.5740000000005,EF:F3:F6:DC:54:6A,6a54dcf6f3ef0eff4c001219395db1b6092b2ccacf0055067beb14cc03015d8f2e2c73f298,-28177.0,60588.0,-120087.0,61317.0,-115448.0,,0,0,0,0,0,0,1,2,ADV_NONCONN_IND,37,37,15,-1,0,-1,-1,1423,31,8,unknown
703.5740000000005,CF:F3:F6:DC:54:6A,6a54dcf6f3cf1eff4c00121939bdbda279854d1b5d30dd17a1c326c987491e472a0e31409a,-20994.0,52218.0,-97823.0,49163.0,-105422.0,,0,0,0,0,0,0,1,0,ADV_IND,37,37,12,-1,0,-1,-1,7762,32,8,unknown
704.0,EF:F3:F6:DC:54:6A,6a54dcf6f3ef1eff4c0012193bbcbd22f925691bcd305d17e1e334c987497e4d780a19009a,-17856.0,48281.0,-96257.0,47894.0,-123958.0,,0,0,0,0,0,0,1,0,ADV_IND,37,37,0,-1,0,-1,-1,1388,32,8,unknown
704.0,EF:F3:F6:DC:54:6A,6a54dcf6f3ef1eff4c00121939bdbda2f9854d1b4d30dd17a1c326c987497e1d684a190098,-24762.0,46351.0,-99718.0,67007.0,-131722.0,,0,0,0,0,0,0,1,0,ADV_IND,37,37,4,-1,0,-1,-1,5955,31,7,unknown
704.0,6F:F3:F6:DC:54:6A,6a54dcf6f36f1eff4c001219399dbdfe790f4d9b4d20dd17a1eb26c90f495d1d784a110098,-26104.0,58494.0,-104443.0,58866.0,-100365.0,,0,0,0,0,0,0,1,0,ADV_IND,37,37,11,-1,0,-1,-1,2282,31,8,unknown
704.0,EF:B1:F6:DC:54:6A,6a54dcf6b1ef1aff4c00121939bdbda2f9856d1b4d30dd17b1c326c987495e4d6a4a390098,-27060.0,90409.0,-107401.0,65970.0,-130654.0,,0,0,0,0,0,0,1,0,ADV_IND,37,37,6,-1,0,-1,-1,4704,32,7,unknown
704.0,EF:F3:F6:DC:54:6A,6a54dcf6f3ef1eff4c00121939bdbda6d9854d1b5d30dd17a1c326c887495c1d784a190098,-24043.0,49906.0,-108127.0,56326.0,-100438.0,,0,0,0,0,0,0,1,2,ADV_NONCONN_IND,37,37,2,-1,0,-1,-1,7859,31,8,unknown
704.0,EF:F3:F6:DC:54:6A,6a54dcf6f3ef1eff4c00121939bdbda2f9854d1b5d30dd17a1c326c987497e5d784a190098,-20862.0,51845.0,-111001.0,67518.0,-147016.0,,0,0,0,0,0,1,1,0,ADV_IND,37,37,6,-1,0,-1,-1,4244,31,7,unknown
704.0,EF:F3:F6:DC:54:6A,6a54dcf6f3ef1aff4c00121939bdbda2f9854d1bdd30dd17a1c326c987497e5d784a190098,-22479.0,21039.0,-99545.0,41044.0,-109885.0,,0,0,0,0,0,0,1,0,ADV_IND,37,37,12,-1,0,-1,-1,7975,32,7,unknown
704.0,EF:F3:F6:DC:54:6A,6a54dcf6f3ef1eff4c00121939bdbda2f9854d1b5d30dd17a1c326c987497e5d784a190098,-30361.0,58162.0,-113708.0,74094.0,-139112.0,,0,0,0,0,0,1,1,0,ADV_IND,37,37,15,-1,0,-1,-1,5064,32,8,unknown
704.0,EF:F3:F6:DC:56:6A,6a56dcf6f3ef1eff4c00121939bdbda2f9854d1b5d305d17a1c326c987497e5d784a115098,-22228.0,50119.0,-97499.0,50079.0,-132006.0,,0,0,0,0,0,0,1,0,ADV_IND,37,37,15,-1,0,-1,-1,1117,32,8,unknown
704.0,CF:F3:F6:DC:54:6A,6a54dcf6f3cf0eff4c00121939bdb9a2f9854d1a5d08750753eb14de0b011d2f2a2c237a1a,-7472.0,50796.0,-123101.0,50379.0,-113922.0,,0,0,0,0,0,0,1,0,ADV_IND,37,37,5,-1,0,-1,-1,2721,32,8,unknown
704.0,EF:F3:F6:DC:54:6A,6a54dcf6f3ef1aff4c00121939bdbda2f9854d1b5d30dd17a1c326c987c97d096b79207d58,-28343.0,20050.0,-103685.0,48413.0,-110105.0,,0,0,0,0,0,0,1,0,ADV_IND,37,37,6,-1,0,-1,-1,6062,32,8,unknown
704.0,CF:F3:F6:DC:54:6A,6a54dcf6f3cf1eff4c00121939bdbda2f985691a5d305d17e1c336c903013c0f284a19529a,-26074.0,31818.0,-114611.0,57983.0,-108104.0,,0,0,0,0,0,0,1,0,ADV_IND,37,37,8,-1,0,-1,-1,7235,32,7,unknown
704.0,EF:FB:F6:DC:54:6A,6a54dcf6fbef1eff4c001219393dbda2f98d4d1b5d30dd17b1c326c987497c5d7a4a190098,-25804.0,47265.0,-98562.0,58824.0,-134004.0,,0,0,0,0,0,0,1,2,ADV_NONCONN_IND,37,37,0,-1,0,-1,-1,3456,30,8,unknown
704.0,EF:F1:F6:DC:54:6A,6a54dcf6f1ef1aff4c00121939bdbda2f9856d1b5d205d17b1c334c987cd7e0d6a4a290118,-40595.0,59067.0,-94941.0,68480.0,-133187.0,,0,0,0,0,0,0,1,0,ADV_IND,37,37,6,-1,0,-1,-1,5495,30,8,unknown
704.0,EF:FB:D6:DC:5C:2A,2a5cdcd6fbef1eff4c001219393db9a2f9074d1b5d305d17a1c336c983497e0f7a4a315298,-34526.0,56864.0,-91344.0,41317.0,-108828.0,,0,0,0,0,0,0,1,0,ADV_IND,37,37,4,-1,0,-1,-1,8001,31,8,unknown
704.0,EF:F3:76:DC:54:6A,6a54dc76f3ef1eff4c00121939bdbda2f9854d1b5d30dd17a1c326c987497e5d785b2150d9,-31281.0,68473.0,-112845.0,60912.0,-115125.0,,0,0,0,0,0,0,1,0,ADV_IND,37,37,2,-1,0,-1,-1,2939,32,8,unknown
704.3170000000027,EF:F3:F6:DC:54:6A,6a54dcf6f3ef1eff4c00121939bdbda2f9854d1b5d30dd17a1c326c987497e5d6a6b194c58,-19819.0,41665.0,-89806.0,71417.0,-136819.0,,0,0,0,0,0,0,1,0,ADV_IND,37,37,12,-1,0,-1,-1,3451,32,7,unknown
704.3170000000027,EF:F3:F6:DC:54:6A,6a54dcf6f3ef1eff4c00121939bcbd2279a54d1b5d30dd17a1c324c987497e5d784a191098,-41497.0,73078.0,-102122.0,61407.0,-100118.0,,0,0,0,0,0,0,1,0,ADV_IND,37,37,1,-1,0,-1,-1,1132,32,8,unknown
704.3170000000027,EF:F3:F6:DC:54:6A,6a54dcf6f3ef1eff4c00121939bdbda2f9854d1b5d30dd17a1eb34d9e2ad5c084379307df9,-27410.0,49606.0,-122764.0,56993.0,-83058.0,,0,0,0,0,0,0,1,0,ADV_IND,37,37,5,-1,0,-1,-1,4866,32,8,unknown
704.3170000000027,EF:F3:76:DC:54:6A,6a54dc76f3ef1eff4c00121939bdbda2f9854d1b5d30dd17e1c324c987497e4d784a110018,-18744.0,31170.0,-115543.0,51531.0,-77443.0,,0,0,0,0,0,0,1,0,ADV_IND,37,37,11,-1,0,-1,-1,4559,32,8,unknown
704.3170000000027,EF:F3:F6:DC:54:6A,6a54dcf6f3ef1eff4c00121939bdbda2f9854d1b5d30dd17a1c326c987497e5d784a190098,-49014.0,75972.0,-120259.0,78786.0,-128239.0,,0,0,0,0,0,1,1,0,ADV_IND,37,37,14,-1,0,-1,-1,7578,32,8,unknown
704.3170000000027,EF:F3:F6:DC:54:6A,6a54dcf6f3ef1eff4c00121939bdbda2f9854d1b5d30dd17a1c326c987497e5d784a190098,-33941.0,28111.0,-83064.0,64408.0,-142663.0,,0,0,0,0,0,1,1,0,ADV_IND,37,37,0,-1,0,-1,-1,2164,32,8,unknown
704.3170000000027,5C:2F:77:B9:CF:3A,3acfb9772f5c0201021816aafe40e28b8e66cd83b57169f779238d9951b1d15db120,-21695.0,68867.0,-71750.0,83149.0,-121213.0,,0,0,0,0,0,1,1,0,ADV_IND,34,37,4,-1,0,-1,-1,5218,32,8,unknown
704.3170000000027,EF:F3:F6:DC:54:6A,6a54dcf6f3ef1eff4c00121939bdbda279854d1b5d30dd17d1c326c987015e6d784a190098,-28680.0,37972.0,-72978.0,84159.0,-121439.0,,0,0,0,0,0,0,1,0,ADV_IND,37,37,2,-1,0,-1,-1,4725,32,8,unknown
704.6189999999988,EF:F3:F6:DC:5C:6A,6a5cdcf6f3ef0eff4c00121939bdbda6f90d4d1b5d30dd87a3c324c987497e5f384c39409a,-17745.0,51535.0,-77264.0,68548.0,-125746.0,,0,0,0,0,0,0,1,2,ADV_NONCONN_IND,37,37,8,-1,0,-1,-1,3740,32,8,unknown
704.6189999999988,EF:FB:F6:DC:5C:68,685cdcf6fbef1eff4c001219399dbda679a54d9a4d305517b1c336c98b495e5d384e11009a,-33638.0,43118.0,-111723.0,51176.0,-101656.0,,0,0,0,0,0,0,1,2,ADV_NONCONN_IND,37,37,9,-1,0,-1,-1,4553,32,8,unknown
704.6189999999988,EF:F3:F6:DC:54:6A,6a54dcf6f3ef1eff4c00121939bdbda2f9854d1b5d30dd17a1c326c987497e5d784a190098,-23924.0,48164.0,-99500.0,65244.0,-140942.0,,0,0,0,0,0,1,1,0,ADV_IND,37,37,2,-1,0,-1,-1,6869,32,8,unknown
704.6189999999988,EF:F3:F6:DC:54:6A,6a54dcf6f3ef1eff4c00121939bdbda2f9854d1b5d30dd17a1c326c987497e5d784e110098,-50422.0,48573.0,-100649.0,51904.0,-108052.0,,0,0,0,0,0,0,1,0,ADV_IND,37,37,10,-1,0,-1,-1,4564,32,8,unknown
704.6189999999988,EF:F3:F6:DC:54:6A,6a54dcf6f3ef1eff4c00121939bdbda2f9854d1b5d30dd17a1c326c987497e5d784a190098,-23612.0,58494.0,-98947.0,72065.0,-144954.0,,0,0,0,0,0,1,1,0,ADV_IND,37,37,4,-1,0,-1,-1,2732,32,8,unknown
704.6189999999988,EF:F3:F6:DC:54:6A,6a54dcf6f3ef1eff4c00121939bdbda2f9854d1b5d30dd17a1c326c987497e5d784a190098,-8736.0,43186.0,-103359.0,78120.0,-146925.0,,0,0,0,0,0,1,1,0,ADV_IND,37,37,5,-1,0,-1,-1,3796,32,8,unknown
704.6189999999988,EF:F3:F6:DC:54:6A,6a54dcf6f3ef1eff4c00121939bdbda2f9854d1b5d305d17a1c326c987497e5d784a190098,-26907.0,33210.0,-91634.0,40411.0,-127429.0,,0,0,0,0,0,0,1,0,ADV_IND,37,37,1,-1,0,-1,-1,1476,32,8,unknown
704.6189999999988,CF:F1:F6:DC:54:6A,6a54dcf6f1cf1eff4c00121939bdbda2f9854d1bdd20dd17a1c324c987495e5d784a390098,-33172.0,59127.0,-100977.0,73657.0,-134023.0,,0,0,0,0,0,0,1,2,ADV_NONCONN_IND,37,37,2,-1,0,-1,-1,4195,32,8,unknown
705.0469999999987,EF:F3:F6:DC:54:6A,6a54dcf6f3ef1eff4c00121939bcbda2fd854d1b5d307d86a1c324c903495e1f7a4c31129a,-39406.0,69205.0,-114700.0,50698.0,-109871.0,,0,0,0,0,0,0,1,2,ADV_NONCONN_IND,37,37,12,-1,0,-1,-1,7007,32,8,unknown
705.0469999999987,EF:F1:F6:DC:54:6A,6a54dcf6f1ef1aff4c00121939bdbda2f92f4d1b5d30dd17a1c326c983497e5d784a190098,-36804.0,34946.0,-96210.0,39528.0,-128687.0,,0,0,0,0,0,0,1,2,ADV_NONCONN_IND,37,37,13,-1,0,-1,-1,6836,32,8,unknown
705.0469999999987,6F:F3:F6:DC:54:6A,6a54dcf6f36f1eff4c001219395dbda27987491a4d205517b1cb34c907495ccf6a4a315218,-39739.0,43626.0,-121108.0,38631.0,-107332.0,,0,0,0,0,0,0,1,2,ADV_NONCONN_IND,37,37,5,-1,0,-1,-1,4362,32,8,unknown
705.0469999999987,EF:F3:F6:DC:54:EA,ea54dcf6f3ef1eff4c00121939bdbda2f9a54d1b4d305d17a1c326c983497e5d7848311098,-28101.0,54434.0,-114201.0,75444.0,-125714.0,,0,0,0,0,0,0,1,2,ADV_NONCONN_IND,37,37,6,-1,0,-1,-1,4030,32,7,unknown
705.0469999999987,EF:F3:F6:DC:54:6A,6a54dcf6f3ef1eff4c00121939bdbda2f9854d1b5d30dd17a1c326c987497e5d784a190098,-29301.0,41142.0,-93229.0,90518.0,-137397.0,,0,0,0,0,0,1,1,2,ADV_NONCONN_IND,37,37,13,-1,0,-1,-1,6031,32,8,unknown
705.0469999999987,EF:F3:F6:DC:54:6A,6a54dcf6f3ef1eff4c001219393db9a2f9854d1b5d30dd17a1c326c987497e5d784a190098,-42625.0,79457.0,-107047.0,73727.0,-136988.0,,0,0,0,0,0,0,1,2,ADV_NONCONN_IND,37,37,0,-1,0,-1,-1,3444,32,7,unknown
705.0469999999987,EF:F3:F6:DC:54:6A,6a54dcf6f3ef1eff4c001219399dbda2798d4d1b5d30dd17a1c326c987497e1dc88d31d68b,-65014.0,47457.0,-94447.0,38803.0,-108407.0,,0,0,0,0,0,0,1,2,ADV_NONCONN_IND,37,37,11,-1,0,-1,-1,4612,32,8,unknown
705.0469999999987,EF:F3:F6:DC:54:6A,6a54dcf6f3ef1eff4c00121939bdb9a2f9a54d1b5d30dd17a1c326c987097e5d6a0a730098,-29905.0,70776.0,-104016.0,51645.0,-117554.0,,0,0,0,0,0,0,1,2,ADV_NONCONN_IND,37,37,14,-1,0,-1,-1,5233,32,8,unknown
705.3280000000013,EF:F3:F6:DC:54:6A,6a54dcf6f3ef1eff4c00121939bdbda2f9854d1b5d30dd17a1c326c987497e5d784a190098,-35478.0,91488.0,-140835.0,80222.0,-136264.0,,0,0,0,0,0,1,1,2,ADV_NONCONN_IND,37,37,3,-1,0,-1,-1,6338,30,8,unknown
705.3280000000013,EF:F3:F6:DC:54:6A,6a54dcf6f3ef1eff4c00121939bdbda2f9854d1b5d30dd17a1c326c987497e5d784a190098,-31473.0,39028.0,-85383.0,67123.0,-141746.0,,0,0,0,0,0,1,1,2,ADV_NONCONN_IND,37,37,0,-1,0,-1,-1,6789,32,8,unknown
705.3280000000013,EF:F3:F6:DC:54:6A,6a54dcf6f3ef1eff4c00121939bdbda2f9854d1b5d30dd17a1c326c987497e5d784a190098,-37308.0,56951.0,-113038.0,72696.0,-124759.0,,0,0,0,0,0,1,1,2,ADV_NONCONN_IND,37,37,7,-1,0,-1,-1,3001,32,7,unknown
705.3280000000013,EF:F3:F6:DC:54:6A,6a54dcf6f3ef1eff4c00121939bdbda2f9854d1b5d30dd17a1c326c987497e5d784a190098,-25133.0,65856.0,-115437.0,81444.0,-109231.0,,0,0,0,0,0,1,1,2,ADV_NONCONN_IND,37,37,6,-1,0,-1,-1,4515,32,8,unknown
705.3280000000013,0F:B3:F6:DC:54:6A,6a54dcf6b30f1aff4c00121939bdbda2f9854d1b5d30dd17a1c326c987497e5d784a190098,-34631.0,74931.0,-115390.0,70834.0,-134002.0,,0,0,0,0,0,0,1,2,ADV_NONCONN_IND,37,37,13,-1,0,-1,-1,8012,31,8,unknown
705.3280000000013,EF:F3:F6:DC:54:6A,6a54dcf6f3ef1aff4c0012193bbdbda2f9054d1b5d30dd17e1c326cd83497ea72e0c21621a,-45123.0,65664.0,-101786.0,39196.0,-109223.0,,0,0,0,0,0,0,1,2,ADV_NONCONN_IND,37,37,9,-1,0,-1,-1,4164,32,8,unknown
706.0800000000017,5F:C7:84:98:EF:13,13ef9884c75f0201021816aafe40a9fab91ac4fe9b912f7baeda3881568fc8254fbd,-30291.0,79222.0,-75704.0,73970.0,-139846.0,,0,0,0,0,0,1,1,0,ADV_IND,34,37,10,-1,0,-1,-1,5739,32,8,unknown
706.523000000001,C7:D0:BB:A0:84:6E,6e84a0bbd0c71eff4c001219aabd3f3e4b79b1eac022591f52acd21214cc2b34ec3641038e,-22629.0,48221.0,-103289.0,103479.0,-129699.0,,0,0,0,0,0,1,1,0,ADV_IND,37,37,11,-1,0,-1,-1,6084,32,8,unknown
706.523000000001,5C:2F:77:B9:CF:3A,3acfb9772f5c0201021816aafe40e20ec42ecda3bc334d67fb2385d903b0d40fb8b0,-4123.0,80284.0,-86229.0,62119.0,-101111.0,,0,0,0,0,0,0,1,0,ADV_IND,34,37,10,-1,0,-1,-1,2446,32,8,unknown
708.7030000000013,C7:D0:BB:A0:84:6E,6e84a0bbd0c71eff4c001219aabd3f3e4b79b1eac022591f52acd21214cc2b34ec3641038e,-13014.0,53337.0,-109343.0,82240.0,-118589.0,,0,0,0,0,0,0,1,0,ADV_IND,37,37,10,-1,0,-1,-1,4736,32,7,unknown
708.7030000000013,5C:2F:77:B9:CF:3A,3acfb9772f5c0201021816aafe40e28b8e66cd83b57169f779238d9951b1d15db120,0.0,72911.0,-78756.0,64125.0,-138604.0,,0,0,0,0,0,1,1,0,ADV_IND,34,37,8,-1,0,-1,-1,1099,31,7,unknown
711.3819999999978,5C:2F:77:B9:CF:3A,3acfb9772f5c0201021816aafe40e20be12e69a3bc234d77f92b05df03b0540fb8b1,1991.0,70446.0,-97506.0,74735.0,-108070.0,,0,0,0,0,0,0,1,0,ADV_IND,34,37,6,-1,0,-1,-1,2328,32,8,unknown
712.4270000000033,5F:C7:84:98:EF:13,13ef9884c75f0201021816aafe40a9fab91ac4fe9b912f7baeda3885578fcc054eb32a,-15329.0,95517.0,-90276.0,55051.0,-114497.0,,0,0,0,0,0,0,1,1,ADV_DIRECT_IND,35,37,15,-1,0,-1,-1,6595,29,8,unknown
712.7010000000009,C7:D0:BB:A0:84:6E,6e84a0bbd0c71eff4c001219aabd3f3e4b79b1eac022591f52acd21214cc2b34ec3641038e,-24887.0,72726.0,-109953.0,89146.0,-136820.0,,0,0,0,0,0,1,1,0,ADV_IND,37,37,15,-1,0,-1,-1,1739,32,8,unknown
712.7010000000009,5C:2F:77:B9:CF:3A,3acfb9772f5c0201021816aafe40e28b8e66cd83b57169f779238d9951b1d051b120,0.0,63729.0,-72042.0,57246.0,-117530.0,,0,0,0,0,0,0,1,0,ADV_IND,34,37,7,-1,0,-1,-1,1495,32,8,unknown
714.4669999999969,5F:C7:84:D8:EF:13,13efd884c75f0201021816aafe40a9fab91ac5de9a91277beed938c1128e48254fbd,-17484.0,61973.0,-64875.0,34428.0,-101932.0,,0,0,0,0,0,0,1,0,ADV_IND,34,37,12,-1,0,-1,-1,4489,31,8,unknown
714.4669999999969,CF:D0:BB:A0:84:6E,6e84a0bbd0cf1eff4c0012198abd3f3e4b79b1eac22649db75e0560f082e67348857081582,-39104.0,66088.0,-110190.0,75288.0,-93514.0,,0,0,0,0,0,0,1,0,ADV_IND,37,37,12,-1,0,-1,-1,7517,32,8,unknown
714.4669999999969,5C:2F:77:B9:CF:3A,3acfb9772f5c0201021816aafe40e28b8e66cd83b57169f779238d9951b1d15db120,7888.0,85710.0,-84293.0,55127.0,-125601.0,,0,0,0,0,0,1,1,0,ADV_IND,34,37,2,-1,0,-1,-1,3245,32,8,unknown
716.1659999999974,5F:C7:84:98:EF:13,13ef9884c75f0201021816aafe40a9fab91ac4fe9b912f7baeda3881568fc8254fbd,-13768.0,72765.0,-102230.0,69880.0,-118553.0,,0,0,0,0,0,1,1,0,ADV_IND,34,37,9,-1,0,-1,-1,2231,32,8,unknown
716.7569999999978,C7:D0:BB:A0:84:6E,6e84a0bbd0c71eff4c001219aabd3f1e4b79b1eac026491f52ac521708afe7140947807dd2,-16149.0,61001.0,-107713.0,88642.0,-103911.0,,0,0,0,0,0,0,1,0,ADV_IND,37,37,7,-1,0,-1,-1,860,32,7,unknown
716.7569999999978,5C:2F:77:B9:CF:3A,3acfb9772f5c0201021816aafe40e28a8c66e983b57149f779238d9951b1d109a304,-8207.0,66257.0,-80628.0,72077.0,-105004.0,,0,0,0,0,0,0,1,0,ADV_IND,34,37,1,-1,0,-1,-1,4068,32,8,unknown
718.7880000000005,5F:C7:84:98:EF:13,13ef9884c75f0201021816aafe40a9fab91ac4fe9b912f7baeda3881568fc8254fbd,-19285.0,50000.0,-99075.0,86618.0,-96801.0,,0,0,0,0,0,1,1,0,ADV_IND,34,37,12,-1,0,-1,-1,3064,32,7,unknown
718.7880000000005,F6:FF:26:1B:B9:75,75b91b26fff61eff4c001219900a9c87a8cd667eedef476733bcfb376265960942e87840e5,-988.0,96166.0,-96680.0,63323.0,-110439.0,,0,0,0,0,0,0,1,0,ADV_IND,37,37,1,-1,0,-1,-1,6519,32,8,unknown
720.6050000000032,5F:C7:84:98:EF:13,13ef9884c75f0201021816aafe40a9fab91ac4fe9b912f7baeda3881568fc8254fbd,-14454.0,96223.0,-94920.0,85257.0,-130009.0,,0,0,0,0,0,1,1,0,ADV_IND,34,37,12,-1,0,-1,-1,2321,32,8,unknown
720.6050000000032,C7:D0:BB:A0:84:6E,6e84a0bbd0c70eff4c001219aabd3f3e4b79b1eac022591f52acd25214cc2b34ee36410386,-4092.0,42619.0,-113691.0,69812.0,-98612.0,,0,0,0,0,0,0,1,0,ADV_IND,37,37,9,-1,0,-1,-1,3776,32,8,unknown
720.6050000000032,5C:2F:77:B9:CF:3A,3acfb9772f5c0201021816aafe40e28b8e66cd83b57169f779238d9951b1d15db120,-13953.0,87596.0,-76040.0,69664.0,-142306.0,,0,0,0,0,0,1,1,0,ADV_IND,34,37,14,-1,0,-1,-1,3682,32,8,unknown
722.6319999999978,5F:C7:84:98:EF:12,12ef9884c75f0201021816aafe40a9fab91ac4ec9b91277baeda3881568fd825cf86,-8590.0,68205.0,-89167.0,39247.0,-81828.0,,0,0,0,0,0,0,1,0,ADV_IND,34,37,8,-1,0,-1,-1,6531,32,8,unknown
722.6319999999978,C7:D0:BB:A2:8E:6E,6e8ea2bbd0c71aff4c001219aabdbf3e4b29b1cb4826499b52ec46170c2e2f34a9264002c6,-17343.0,68422.0,-94551.0,74102.0,-120341.0,,0,0,0,0,0,0,1,0,ADV_IND,37,37,0,-1,0,-1,-1,1875,32,7,unknown
724.6169999999984,5F:C7:84:98:EF:13,13ef9884c75f0201021816aafe40a9fab91ac4fe9b912f7baeda3881568fc8254fbd,-19829.0,54813.0,-66198.0,80032.0,-126295.0,,0,0,0,0,0,1,1,0,ADV_IND,34,37,1,-1,0,-1,-1,7284,32,8,unknown
724.6169999999984,C7:D0:BB:A0:84:6E,6e84a0bbd0c71eff4c001219aabd3f3e4b79b1eac022591f52acd21214cc2b34ec3641038e,-13333.0,48897.0,-106800.0,87603.0,-118792.0,,0,0,0,0,0,1,1,0,ADV_IND,37,37,13,-1,0,-1,-1,6299,32,8,unknown
724.6169999999984,5C:2F:77:B9:CF:3A,3acfb9772f5c0201021816aafe40e28b8e66cd83b57169f779238d9951b1d15db120,-2003.0,90755.0,-97028.0,63108.0,-149388.0,,0,0,0,0,0,1,1,0,ADV_IND,34,37,5,-1,0,-1,-1,2278,32,8,unknown
724.8660000000018,F6:FF:26:1B:B9:75,75b91b26fff61eff4c001219900a9c87a8cd667eedef0f4711acfb3f7265b60940e87a0175,-404.0,75299.0,-91818.0,83577.0,-113665.0,,0,0,0,0,0,1,1,0,ADV_IND,37,37,0,-1,0,-1,-1,7979,31,7,unknown
726.5579999999973,C7:D0:BB:A0:84:6E,6e84a0bbd0c71eff4c001219aabd3f3e4b79b1eac022591f52acd21214cc2b34ec3641038e,-33249.0,63871.0,-93148.0,57639.0,-130438.0,,0,0,0,0,0,0,1,0,ADV_IND,37,37,4,-1,0,-1,-1,6213,32,7,unknown
726.5579999999973,5F:C7:84:98:EF:13,13ef9884c75f0201021816aafe40a9fab91ac4fe9b912f7baeda3881568fc8254fbd,-17141.0,75181.0,-83267.0,52655.0,-95583.0,,0,0,0,0,0,1,1,0,ADV_IND,34,37,13,-1,0,-1,-1,1417,32,7,unknown
726.8020000000033,5C:2F:77:B9:CF:3A,3acfb9772f5c0201021816aafe40e28b8e66cd83b57169f779238d9951b1d15db120,-8176.0,86978.0,-73414.0,68047.0,-143849.0,,0,0,0,0,0,1,1,0,ADV_IND,34,37,3,-1,0,-1,-1,3583,32,8,unknown
726.8020000000033,D1:9B:39:73:AA:68,68aa73399bd10eff4c001219d0dce5a54a1b4056a02574ab9f2d79367f4867ecbdc93c46fa,1711.0,62493.0,-99790.0,89697.0,-115470.0,,0,0,0,0,0,0,1,0,ADV_IND,37,37,0,-1,0,-1,-1,5346,32,8,unknown
726.8020000000033,F6:FF:26:1B:B9:75,75b91b26fff61eff4c001219900abc07a8cd666eedef474711acfb3f7264b60940e87a0175,311.0,99797.0,-79872.0,70980.0,-115133.0,,0,0,0,0,0,0,1,0,ADV_IND,37,37,8,-1,0,-1,-1,7991,32,8,unknown
727.5199999999968,D2:79:C0:D1:3B:D8,d83bd1c079d21aff4c001219ba3ec78e996f0852702423846cfb25eb40725f748b54440044,3999.0,81130.0,-95338.0,67813.0,-125755.0,,0,0,0,0,0,0,1,0,ADV_IND,37,37,1,-1,0,-1,-1,1338,31,8,unknown
728.3240000000005,C7:D0:BB:A0:84:6E,6e84a0bbd0c71eff4c001219aabd3f3e4b79b1eac022591f52acd21214cc2b34ec3641038e,-14138.0,54912.0,-109782.0,86006.0,-142683.0,,0,0,0,0,0,1,1,0,ADV_IND,37,37,2,-1,0,-1,-1,1316,32,8,unknown
728.3240000000005,5F:C7:84:98:EF:13,13ef9884c75f0201021816aafe40a9fab91ac4fe9b912f7baeda3881568fc8254fbd,-33751.0,66555.0,-72857.0,52869.0,-111443.0,,0,0,0,0,0,1,1,0,ADV_IND,34,37,15,-1,0,-1,-1,3469,32,8,unknown
729.0930000000008,5C:2F:77:B9:CF:3A,3acfb9772f5c0201021816aafe40e28b8e66cd83b57169f779238d9951b1d15db120,5332.0,94315.0,-95729.0,75458.0,-139540.0,,0,0,0,0,0,1,1,0,ADV_IND,34,37,12,-1,0,-1,-1,7136,29,8,unknown
729.3740000000034,D2:79:C0:E9:3B:D8,d83be9c079d21eff4c001219b23ec78e997f0852706423846cf321eb48725f648b544400c4,-28489.0,64075.0,-88055.0,90311.0,-115450.0,,0,0,0,0,0,1,1,0,ADV_IND,37,37,6,-1,0,-1,-1,1949,32,8,unknown
730.5480000000025,C7:D0:BB:A0:84:6E,6e84a0bbd0c71eff4c001219aabd3f3e4b79b1eac022591f52acd21214cc2b34ec3641038e,-7052.0,66583.0,-97037.0,72092.0,-119879.0,,0,0,0,0,0,1,1,0,ADV_IND,37,37,2,-1,0,-1,-1,3146,32,8,unknown
730.5480000000025,5F:C7:84:98:EF:13,13ef9884c75f0201021816aafe40a9fab91ac4fe9b912f7baeda3881568fc8254fbd,-6035.0,39447.0,-81990.0,81055.0,-117213.0,,0,0,0,0,0,1,1,0,ADV_IND,34,37,2,-1,0,-1,-1,2767,32,7,unknown
730.7920000000013,5C:2F:77:B9:CF:3A,3acfb9772f5c0201021816aafe40e28b8e66cd83b57169f779238d9951b1d15db120,-12136.0,84932.0,-96078.0,60589.0,-124039.0,,0,0,0,0,0,1,1,0,ADV_IND,34,37,4,-1,0,-1,-1,2607,30,8,unknown
730.7920000000013,F6:FF:26:1B:B9:75,75b91b26fff60eff4c001219900af432ebd7e0d8c49557ef0e06c7badfb4e40b5008e28342,11278.0,78046.0,-94124.0,66133.0,-127492.0,,0,0,0,0,0,0,1,0,ADV_IND,37,37,15,-1,0,-1,-1,3769,31,8,unknown
732.5239999999976,C7:D0:BB:A0:84:6E,6e84a0bbd0c71eff4c001219aabd3f3e4b79b1eac022591f52acd21214cc2b34ec3641038e,-15559.0,65591.0,-88902.0,58702.0,-101484.0,,0,0,0,0,0,1,1,0,ADV_IND,37,37,1,-1,0,-1,-1,2997,32,8,unknown
732.5239999999976,5F:C7:84:98:EF:13,13ef9884c75f0201021816aafe40a9fab91a44fe9b912f7baeda3880568f68174f9d,-34632.0,56158.0,-81537.0,41128.0,-82105.0,,0,0,0,0,0,0,1,2,ADV_NONCONN_IND,34,37,14,-1,0,-1,-1,1286,32,8,unknown
732.7869999999966,5C:2F:77:B9:CF:3A,3acfb9772f5c0201021816aafe40e28b8e66cd83b57169f779238d9951b1d15db120,-24081.0,83729.0,-71709.0,80403.0,-134254.0,,0,0,0,0,0,1,1,0,ADV_IND,34,37,9,-1,0,-1,-1,6092,32,8,unknown
732.7869999999966,D1:9B:39:73:AA:68,68aa73399bd11eff4c001219d0dce7ad4a1b4056a02574ab9f0d79367f4867ecbdf93e0268,0.0,108215.0,-127722.0,117489.0,-150040.0,,0,0,0,0,0,1,1,0,ADV_IND,37,37,13,-1,0,-1,-1,1165,31,7,unknown
734.5939999999973,C7:D0:BB:A0:84:6E,6e84a0bbd0c71eff4c001219aabd3f3e4b79b1eac022591f52acd21214cc2b34ec3641038e,-17137.0,57021.0,-93878.0,67344.0,-121173.0,,0,0,0,0,0,1,1,0,ADV_IND,37,37,11,-1,0,-1,-1,1609,32,8,unknown
734.5939999999973,5F:C7:84:98:EF:13,13ef9884c75f0201021816aafe40a9fab91ac4fe9b912f7baeda3881568fc8254fbd,-12864.0,86003.0,-117989.0,94244.0,-126942.0,,0,0,0,0,0,1,1,0,ADV_IND,34,37,15,-1,0,-1,-1,3925,32,8,unknown
734.9020000000019,5C:2F:77:B9:CF:3A,3acfb9772f5c0201021816aafe40e28b8e66cd83b57169f779238d9951b1d15db120,-23506.0,93256.0,-68408.0,77731.0,-134126.0,,0,0,0,0,0,1,1,0,ADV_IND,34,37,12,-1,0,-1,-1,4175,32,8,unknown
734.9020000000019,D1:9B:19:73:AA:68,68aa73199bd11eff4c001219d0dce7ad4a1b6056a025742bd70d79363f4867ecb5f93e0268,-21132.0,86893.0,-108949.0,113454.0,-145508.0,,0,0,0,0,0,0,1,0,ADV_IND,37,37,4,-1,0,-1,-1,4915,32,7,unknown
734.9020000000019,F6:FF:26:1B:B9:75,75b91b26fff60eff4c001219900a9c87a8cd667eedef0f4711acfb3f7265b40940e87a0175,-20256.0,86065.0,-88468.0,95335.0,-133414.0,,0,0,0,0,0,0,1,0,ADV_IND,37,37,12,-1,0,-1,-1,3276,32,8,unknown
736.5829999999987,C7:D0:BB:A0:84:6E,6e84a0bbd0c71eff4c001219aabd3f3e4b79b1eac022591f52acd21214cc2b34ec3641038e,-6728.0,44233.0,-99000.0,81968.0,-110014.0,,0,0,0,0,0,1,1,0,ADV_IND,37,37,11,-1,0,-1,-1,4234,32,8,unknown
736.5829999999987,5F:C7:84:98:EF:13,13ef9884c75f0201021816aafe40a9fab91ac4fe9b912f7baeda388106be4923ebe1,-19007.0,38017.0,-71796.0,35588.0,-105576.0,,0,0,0,0,0,0,1,0,ADV_IND,34,37,4,-1,0,-1,-1,6954,32,8,unknown
736.849000000002,51:9B:39:73:AA:68,68aa73399b511eff4c00121990dce7ad4a1f4056a02575ab9f0d79267b4867ecad792c16e8,-8558.0,68607.0,-110730.0,97242.0,-105512.0,,0,0,0,0,0,0,1,0,ADV_IND,37,37,7,-1,0,-1,-1,7083,32,7,unknown
736.849000000002,5C:2F:77:B9:CF:3A,3acfb9772f5c0201021816aafe40e20b8e66cd83b47169f779238d9951b0511db121,-6624.0,81154.0,-72313.0,59916.0,-105023.0,,0,0,0,0,0,0,1,0,ADV_IND,34,37,14,-1,0,-1,-1,4947,32,7,unknown
736.849000000002,F6:FF:26:1B:B9:75,75b91b26fff61eff4c001219900a9c87a8cd667eedef4f4711acfb3f6245b40958e87a01f5,4711.0,96401.0,-93302.0,42100.0,-93618.0,,0,0,0,0,0,0,1,2,ADV_NONCONN_IND,37,37,1,-1,0,-1,-1,6386,32,8,unknown
738.7569999999978,5F:C7:84:98:EF:13,13ef9884c75f0201021816aafe40a9fab91ac4fe9b912f7baeda3881568fc8254fbd,-4461.0,53216.0,-109697.0,65902.0,-89583.0,,0,0,0,0,0,1,1,0,ADV_IND,34,37,14,-1,0,-1,-1,4274,32,8,unknown
738.7569999999978,F6:FF:26:1B:B9:75,75b91b26fff60eff4c001219900a9c86a8cd667cedef0f47312caa337265b50b4ae87a01f4,2948.0,94963.0,-88874.0,53279.0,-100268.0,,0,0,0,0,0,0,1,0,ADV_IND,37,37,0,-1,0,-1,-1,4153,31,8,unknown
741.6829999999973,C7:98:BB:A0:84:6E,6e84a0bb98c71eff4c001219abbdbf364b69b1aac022595f56acd21314cc2f34ec3641038e,-26780.0,103074.0,-141262.0,82199.0,-115257.0,,0,0,0,0,0,0,1,0,ADV_IND,37,37,8,-1,0,-1,-1,5187,32,8,unknown
741.9409999999989,D1:99:39:73:A2:68,68a2733999d11eff4c001219d0dcc5ed4a1b4056a02574ab9f0d79367f4867ecbdf93e0268,-28581.0,84382.0,-107461.0,105605.0,-108624.0,,0,0,0,0,0,0,1,2,ADV_NONCONN_IND,37,37,1,-1,0,-1,-1,2487,32,7,unknown
741.9409999999989,F6:FF:26:1B:B9:75,75b91b26fff61eff4c00121990089b87accd667eede70f4711acfb3f7265b60940e8f21060,-6559.0,100662.0,-90872.0,58432.0,-107360.0,,0,0,0,0,0,0,1,0,ADV_IND,37,37,8,-1,0,-1,-1,7078,32,8,unknown
741.9409999999989,5C:2F:77:B9:CF:3A,3acfb9772f5c0201021816aafe40e28b8e66cd83b57169f779238d9951b1d15db120,-1949.0,97356.0,-99743.0,80049.0,-145983.0,,0,0,0,0,0,1,1,0,ADV_IND,34,37,5,-1,0,-1,-1,1219,32,7,unknown
742.9289999999964,C7:D0:BB:A0:84:6E,6e84a0bbd0c71eff4c001219aabd3f3e4b79b1eac022591f52acd21214cc2b34ec3641038e,-7762.0,66124.0,-105124.0,81194.0,-117788.0,,0,0,0,0,0,1,1,0,ADV_IND,37,37,0,-1,0,-1,-1,6072,32,7,unknown
742.9289999999964,5F:C7:84:98:EF:13,13ef9884c75f0201021816aafe40a9feb91a44fe9b91277baeda3881568fc8254f87,-10215.0,61311.0,-94812.0,64212.0,-90898.0,,0,0,0,0,0,0,1,0,ADV_IND,34,37,14,-1,0,-1,-1,2782,32,8,unknown
743.2010000000009,D1:9B:39:73:AA:68,68aa73399bd11eff4c001219d0dce7ad4a1b4056a02574ab9f0d79367f4867ecbdf93e0268,-9847.0,90188.0,-113713.0,87282.0,-146353.0,,0,0,0,0,0,0,1,2,ADV_NONCONN_IND,37,37,7,-1,0,-1,-1,6823,31,8,unknown
743.2010000000009,5C:2F:77:B9:CF:3A,3acfb9772f5c0201021816aafe40e28b8e66cd83b57169f779238d9951b1d15db120,-21361.0,81362.0,-71083.0,74705.0,-133476.0,,0,0,0,0,0,1,1,0,ADV_IND,34,37,12,-1,0,-1,-1,2913,32,8,unknown
744.7940000000017,5F:C7:84:98:EF:13,13ef9884c75f0201021816aafe40a9fab91ac4fe9b912f7baeda3881568fc8254fbd,-26430.0,61604.0,-80026.0,54735.0,-103991.0,,0,0,0,0,0,1,1,0,ADV_IND,34,37,14,-1,0,-1,-1,6595,32,8,unknown
746.5449999999983,C7:D0:BB:A0:84:6E,6e84a0bbd0c71eff4c001219aabd3f3e4b79b1eac022591f52acd21214cc2b34ec3641038e,-15233.0,69692.0,-111255.0,107760.0,-136403.0,,0,0,0,0,0,1,1,0,ADV_IND,37,37,4,-1,0,-1,-1,2879,31,7,unknown
747.0760000000009,5F:C7:84:98:EF:13,13ef9884c75f0201021816aafe40a9fab91ac4fe9b912f7baeda3881568fc8254fbd,-16210.0,64181.0,-119712.0,80094.0,-98092.0,,0,0,0,0,0,1,1,0,ADV_IND,34,37,12,-1,0,-1,-1,1835,32,8,unknown
747.0760000000009,5C:2F:77:B9:CF:3A,3acfb9772f5c0201021816aafe40e28b8e66cd83b5716977f1238c890391585da100,-1518.0,84262.0,-74188.0,76295.0,-131485.0,,0,0,0,0,0,0,1,0,ADV_IND,34,37,9,-1,0,-1,-1,6163,32,8,unknown
748.6560000000027,C7:D0:BB:A0:84:6E,6e84a0bbd0c71eff4c001219aabd3f3e4b79b1eac022591f52acd21214cc2b34ec3641038e,-15761.0,49164.0,-101846.0,97211.0,-133649.0,,0,0,0,0,0,1,1,0,ADV_IND,37,37,4,-1,0,-1,-1,1832,32,8,unknown
748.913999999997,5C:2F:77:B9:CF:3A,3acfb9772f5c0201021816aafe40e28b8e6ecd83b57169f7f92b07dd83b01a80264c,13164.0,85345.0,-73783.0,63133.0,-122324.0,,0,0,0,0,0,0,1,0,ADV_IND,34,37,13,-1,0,-1,-1,4813,32,7,unknown
750.400999999998,C7:D0:BB:A0:84:6E,6e84a0bbd0c71eff4c001219aabd3f3e4b79b1eac022591f52acd21214cc2b34ec3641038e,-30756.0,49747.0,-92073.0,74187.0,-102104.0,,0,0,0,0,0,1,1,0,ADV_IND,37,37,10,-1,0,-1,-1,5155,32,8,unknown
750.9360000000015,5F:C7:84:98:EF:13,13ef9884c75f0201021816aafe40a9fab91ac4fe9b912f7baeda3881568fc8254fbd,-4604.0,65853.0,-120835.0,60526.0,-79012.0,,0,0,0,0,0,1,1,0,ADV_IND,34,37,13,-1,0,-1,-1,4869,32,8,unknown
750.9360000000015,5C:2F:77:B9:CF:3A,3acfb9772f5c0201021816aafe40e28b8e66cd83b57169f779238d9951b1d15db120,-4458.0,75029.0,-76270.0,72686.0,-123717.0,,0,0,0,0,0,1,1,0,ADV_IND,34,37,9,-1,0,-1,-1,6005,32,8,unknown
752.6900000000023,C7:D0:BB:A0:84:6E,6e84a0bbd0c71eff4c001219aabd3f365b04018f4a254bdb25e0462f082fe7140947887cd2,-17653.0,47132.0,-100974.0,64836.0,-86822.0,,0,0,0,0,0,0,1,0,ADV_IND,37,37,5,-1,0,-1,-1,2876,32,8,unknown
753.101999999999,5F:C7:84:98:EF:13,13ef9884c75f0201021816aafe40a9fab91ac4fe9b912f7baeda3881568fc8254fbd,-20175.0,81271.0,-113956.0,75892.0,-130382.0,,0,0,0,0,0,1,1,0,ADV_IND,34,37,6,-1,0,-1,-1,1589,32,7,unknown
753.101999999999,5C:2F:77:B9:CF:3A,3acfb9772f5c0201021816aafe40e28b8e66cd83b57169f779238d9951b1d15db120,-18083.0,105356.0,-101777.0,83622.0,-143556.0,,0,0,0,0,0,1,1,0,ADV_IND,34,37,15,-1,0,-1,-1,3769,31,8,unknown
754.5570000000007,C7:D0:BB:A0:84:6E,6e84a0bbd0c71eff4c001219aabd3f3e4b79b1eac022591f52acd21214cc2b34ec3641038e,-23090.0,51857.0,-91882.0,92149.0,-136550.0,,0,0,0,0,0,1,1,0,ADV_IND,37,37,0,-1,0,-1,-1,4824,32,8,unknown
754.8340000000026,D1:9B:39:73:AA:68,68aa73399bd11eff4c001219d0dca5a84a0b0056a02774af9f0d7d267b0a67ecbd5b3e12e8,-19533.0,78529.0,-98146.0,93704.0,-121722.0,,0,0,0,0,0,0,1,0,ADV_IND,37,37,7,-1,0,-1,-1,1253,32,7,unknown
754.8340000000026,5F:C7:84:98:EF:13,13ef9884c75f0201021816aafe40a9fab91ac4fe9b912f7baeda3881568fc8254fbd,-10253.0,93973.0,-74339.0,51520.0,-126555.0,,0,0,0,0,0,1,1,0,ADV_IND,34,37,8,-1,0,-1,-1,5228,32,8,unknown
756.5290000000023,C7:D0:BB:A0:84:6E,6e84a0bbd0c71eff4c001219aabd3f3e4b79b1eac022591f52acd21214cc2b34ec3641038e,-27825.0,68541.0,-117894.0,95040.0,-148270.0,,0,0,0,0,0,1,1,0,ADV_IND,37,37,11,-1,0,-1,-1,976,32,8,unknown
757.1540000000023,5F:C7:84:98:EF:13,13ef9884c75f0201021816aafe00a9fab91ac4fe9b912f7bdedab086038e1e9dca96,4511.0,49671.0,-103044.0,54908.0,-87895.0,,0,0,0,0,0,0,1,0,ADV_IND,34,37,1,-1,0,-1,-1,7151,32,8,unknown
757.1540000000023,5C:2F:77:B9:CF:2A,2acfb9772f5c0201021816aafe40e28a8c66cd83b57169f779238d9951b1d11db120,5603.0,66971.0,-83205.0,57286.0,-114435.0,,0,0,0,0,0,0,1,0,ADV_IND,34,37,1,-1,0,-1,-1,1705,32,8,unknown
758.9069999999992,5C:2F:77:B9:CF:3A,3acfb9772f5c0201021816aafe40e28b8e66cd83b57169f779238d9951b1d15db120,-23406.0,99631.0,-67188.0,71308.0,-131555.0,,0,0,0,0,0,1,1,0,ADV_IND,34,37,13,-1,0,-1,-1,2112,32,8,unknown
758.9069999999992,5F:C7:E4:98:EF:13,13ef98e4c75f0201021816aafe40a9fab91ac4fe9b112f7baeda3881568fcc254f9f,-13852.0,71401.0,-99666.0,44916.0,-86889.0,,0,0,0,0,0,0,1,0,ADV_IND,34,37,15,-1,0,-1,-1,3028,32,8,unknown
760.775999999998,C7:D0:BB:A0:84:6E,6e84a0bbd0c71eff4c001219aabd3f1e6a49f1e8c0265917d6acf212140e3a34ec9741d3ae,-29456.0,54469.0,-109608.0,77485.0,-94214.0,,0,0,0,0,0,0,1,0,ADV_IND,37,37,14,-1,0,-1,-1,5866,32,8,unknown
761.4850000000006,5C:2F:77:B9:CF:3A,3acfb9772f5c0201021816aafe40e28b8e66cd83b57169f779238d9951b1d15db120,-8162.0,74773.0,-77890.0,80475.0,-126468.0,,0,0,0,0,0,1,1,0,ADV_IND,34,37,15,-1,0,-1,-1,1005,32,8,unknown
761.4850000000006,5F:C7:84:98:EF:13,13ef9884c75f0201021816aafe40a9fab91ac4fe9b912f7baeda3881568fc8254fbd,-13412.0,61011.0,-79287.0,62405.0,-113399.0,,0,0,0,0,0,1,1,0,ADV_IND,34,37,6,-1,0,-1,-1,4375,32,8,unknown
762.4329999999973,C7:D0:BB:A0:84:6E,6e84a0bbd0c71eff4c001219aabd3f3e4b79b1eac022591f52acd21214cc2b34ec3641038e,-33981.0,56404.0,-96481.0,95860.0,-143693.0,,0,0,0,0,0,1,1,0,ADV_IND,37,37,3,-1,0,-1,-1,7086,32,8,unknown
763.101999999999,5C:2F:77:B9:CF:3A,3acfb9772f5c0201021816aafe40e28b8e66cd83b57169f779238d9951b1d15db120,-4675.0,88108.0,-81881.0,85979.0,-122684.0,,0,0,0,0,0,1,1,0,ADV_IND,34,37,8,-1,0,-1,-1,5266,30,8,unknown
763.101999999999,5F:C7:84:98:EF:13,13ef9884c75f0201021816aafe40a9fab91ac4fe9b912f7baeda3881568fc8254fbd,-29500.0,66715.0,-106741.0,69207.0,-86153.0,,0,0,0,0,0,1,1,0,ADV_IND,34,37,5,-1,0,-1,-1,6809,32,8,unknown
764.4850000000006,C7:D0:BB:A0:84:6E,6e84a0bbd0c71eff4c001219aabd3f3ed30e99afce274b7b15c64d2d020ea7148bff6c43fc,-11168.0,55954.0,-117917.0,70908.0,-101254.0,,0,0,0,0,0,0,1,0,ADV_IND,37,37,15,-1,0,-1,-1,2598,32,8,unknown
765.2640000000029,5C:2F:77:B9:CF:3A,3acfb9772f5c0201021816aafe40e28a8e66cd83b57169f7f9238dd943b0501db8a1,-5933.0,64516.0,-95304.0,81499.0,-88841.0,,0,0,0,0,0,0,1,0,ADV_IND,34,37,12,-1,0,-1,-1,5816,32,8,unknown
765.2640000000029,5F:C7:84:98:EF:13,13ef9884c75f0201021816aafe40a9fab91ac4fe9b912f7baeda3881568fc8254fbd,-21887.0,47590.0,-85881.0,83554.0,-110054.0,,0,0,0,0,0,1,1,0,ADV_IND,34,37,11,-1,0,-1,-1,3630,32,8,unknown
766.4179999999978,C7:D0:BB:A0:84:6E,6e84a0bbd0c71eff4c001219aa3d3f3e4b79b1eac022591f56acd21214cc2334ec3641478e,-418.0,47052.0,-91870.0,92061.0,-98260.0,,0,0,0,0,0,0,1,0,ADV_IND,37,37,12,-1,0,-1,-1,2332,31,8,unknown
767.0250000000015,5C:2F:77:B9:CF:3A,3acfb9772f5c0201021816aafe40e28b8e66cd83b57169f779238d9951b1d15db120,-25120.0,97297.0,-66876.0,89658.0,-146206.0,,0,0,0,0,0,1,1,0,ADV_IND,34,37,4,-1,0,-1,-1,4600,32,8,unknown
768.726999999999,C7:D0:BB:20:84:6E,6e8420bbd0c71eff4c0012190abd3f1e4b79b1eac0225d1f52acd2590ccc3b34ee164193a6,-16019.0,53752.0,-104194.0,47640.0,-103569.0,,0,0,0,0,0,0,1,0,ADV_IND,37,37,5,-1,0,-1,-1,4038,31,8,unknown
769.4820000000036,5C:2F:77:B9:CF:3A,3acfb9772f5c0201021816aafe40e28b8e66cd83b57169f779238d9951b1d15db120,1230.0,78301.0,-87142.0,85161.0,-126795.0,,0,0,0,0,0,1,1,0,ADV_IND,34,37,5,-1,0,-1,-1,5945,32,8,unknown
769.4820000000036,5F:C7:84:98:EF:13,13ef9884c75f0201021816aafe40a9fab91ac4fe9b912f7baeda3881568fc8254fbd,-27228.0,63726.0,-66587.0,54356.0,-118566.0,,0,0,0,0,0,1,1,0,ADV_IND,34,37,14,-1,0,-1,-1,4471,32,8,unknown
772.461000000003,5C:2F:77:B9:CF:3A,3acfb9772f5c0201021816aafe40e28b8e66cd83b57169f779238d9951b1d15da120,9509.0,72922.0,-102996.0,70150.0,-122037.0,,0,0,0,0,0,0,1,0,ADV_IND,34,37,1,-1,0,-1,-1,1539,32,8,unknown
772.461000000003,5F:C7:84:98:EF:13,13ef9884c75f0201021816aafe40a9fab91ac4febb912f7baeda3881528fd80ddfbf,-33097.0,61398.0,-84985.0,62978.0,-95036.0,,0,0,0,0,0,0,1,0,ADV_IND,34,37,12,-1,0,-1,-1,1145,32,8,unknown
772.7320000000036,C0:FF:03:C3:5A:73,735ac303ffc01eff4c0012193df4605c6bafbffacca5026332d8feef3badd077ec12b502c5,-2204.0,50868.0,-97314.0,73002.0,-117415.0,,0,0,0,0,0,0,1,0,ADV_IND,37,37,7,-1,0,-1,-1,4917,32,8,unknown
772.7320000000036,C0:FF:03:8B:5A:73,735a8b03ffc01eff4c0012193df4605c6b8abffacd65026322d8fe6f3badd077ec13b506c5,-22993.0,25010.0,-91081.0,88003.0,-105702.0,,0,0,0,0,0,0,1,0,ADV_IND,37,37,12,-1,0,-1,-1,7994,32,8,unknown
772.7320000000036,C0:FF:03:8B:5A:73,735a8b03ffc01eff4c0012193df4605c6b8bffe0cd25026376d8b66f338cd4f7ae90b9fee5,-29809.0,59794.0,-94061.0,62541.0,-108965.0,,0,0,0,0,0,0,1,0,ADV_IND,37,37,2,-1,0,-1,-1,6387,32,8,unknown
772.7320000000036,C0:FF:03:83:5A:73,735a8303ffc01eff4c0012193df4605c6acabffa8547060b16f9062883a5d088ed97bfbecf,-29354.0,42241.0,-88571.0,54530.0,-96290.0,,0,0,0,0,0,0,1,0,ADV_IND,37,37,15,-1,0,-1,-1,5197,32,8,unknown
773.512999999999,C0:FF:43:4B:5A:73,735a4b43ffc00eff4c0012193bf4605c6a65bf28cf67c36723d8a0a773c844732c953367e4,-31116.0,58927.0,-105348.0,76110.0,-87766.0,,0,0,0,0,0,0,1,0,ADV_IND,37,37,15,-1,0,-1,-1,4387,32,8,unknown
773.7900000000009,5C:2F:77:B9:CF:3A,3acfb9772f5c0201021816aafe40e28b8e66cd83b57169f779238d9951b1d15db120,-5123.0,67719.0,-90898.0,87806.0,-132661.0,,0,0,0,0,0,1,1,0,ADV_IND,34,37,13,-1,0,-1,-1,5091,32,8,unknown
773.7900000000009,5F:C7:84:98:EF:13,13ef9884c75f0201021816aafe40a9fab91ac4fe9b912f7baeda3881568fc8254fbd,-6312.0,62869.0,-97143.0,40368.0,-97652.0,,0,0,0,0,0,1,1,0,ADV_IND,34,37,15,-1,0,-1,-1,5073,32,8,unknown
774.0339999999997,C0:FF:03:83:5A:73,735a8303ffc01eff4c0012193df4201c6b8abfbacde5036322d8e6ef3badd0f7ec1f3596e4,-19350.0,53118.0,-88142.0,57523.0,-102520.0,,0,0,0,0,0,0,1,0,ADV_IND,37,37,1,-1,0,-1,-1,4537,31,8,unknown
774.3450000000012,C0:FF:63:CB:5E:73,735ecb63ffc01eff4c0012193df4401c6a8abffacd65026322d8fe6f3badd077ec1eb502c5,-7973.0,42598.0,-86431.0,65952.0,-103013.0,,0,0,0,0,0,0,1,2,ADV_NONCONN_IND,37,37,3,-1,0,-1,-1,7397,32,8,unknown
774.3450000000012,C0:FF:03:8A:5A:73,735a8a03ffc01eff4c0012193df4605c6b8abfbacd65026322d8fe673badd077e416b516c5,-6902.0,71641.0,-84107.0,40259.0,-121252.0,,0,0,0,0,0,0,1,0,ADV_IND,37,37,12,-1,0,-1,-1,5902,31,8,unknown
774.3450000000012,C0:FF:03:8B:5A:73,735a8b03ffc01eff4c0012193df4605c6b8abffacd25066323dafe4d3fad5a37ad563636e7,-18066.0,90886.0,-107676.0,70930.0,-112017.0,,0,0,0,0,0,0,1,2,ADV_NONCONN_IND,37,37,5,-1,0,-1,-1,1303,32,7,unknown
774.3450000000012,C0:FF:43:83:5A:73,735a8343ffc01eff4c0012193df460586b8bbffacd6502e31dd8feefbbafd037285476c2f7,-3043.0,49268.0,-112430.0,70693.0,-100013.0,,0,0,0,0,0,0,1,0,ADV_IND,37,37,11,-1,0,-1,-1,5856,31,7,unknown
774.3450000000012,C1:FF:03:8B:5A:73,735a8b03ffc10eff4c0012193df4605c6bc9bffacd25026306d8fe6f3badd077ec12b572c4,-26167.0,54504.0,-110714.0,55261.0,-97720.0,,0,0,0,0,0,0,1,2,ADV_NONCONN_IND,37,37,5,-1,0,-1,-1,2513,32,7,unknown
775.4570000000022,5C:2F:77:B9:CF:3A,3acfb9772f5c0201021816aafe40e28b8e66cd83b57169f779238d9951b1d15db120,-12364.0,102870.0,-98282.0,82272.0,-154155.0,,0,0,0,0,0,1,1,0,ADV_IND,34,37,2,-1,0,-1,-1,3074,32,8,unknown
775.4570000000022,5F:C7:84:98:EF:13,13ef9884c75f0201021816aafe40a9fab91ac4fe9b912f7baeda3881568fc8254fbd,-28187.0,51576.0,-102443.0,56213.0,-74152.0,,0,0,0,0,0,1,1,0,ADV_IND,34,37,7,-1,0,-1,-1,7227,32,8,unknown
777.7690000000002,5F:C7:84:98:EF:13,13ef9884c75f0201021816aafe40a9fab91ac4fe9b912f7baeda3881568fc8254fbd,-13549.0,61744.0,-104337.0,60389.0,-90471.0,,0,0,0,0,0,1,1,0,ADV_IND,34,37,7,-1,0,-1,-1,1672,32,8,unknown
781.4210000000021,DA:3A:8F:A0:FA:5A,5afaa08f3ada1eff4c00121910d8fb50c86ec166cd13a94cf01d2bcad1ee6283fba831675a,-39270.0,72537.0,-100140.0,40204.0,-94574.0,,0,0,0,0,0,0,1,0,ADV_IND,37,37,3,-1,0,-1,-1,6902,32,7,unknown
781.6770000000033,5C:2F:77:B9:CF:3A,3acfb9772f5c0201021816aafe40e28bcc2ccd83b5214967f9238d9903b0d41db820,17574.0,74105.0,-88422.0,59099.0,-100259.0,,0,0,0,0,0,0,1,0,ADV_IND,34,37,12,-1,0,-1,-1,2267,32,8,unknown
782.7819999999992,C7:D0:BB:A0:84:6E,6e84a0bbd0c71eff4c001219aabd3f3e4b79b1eac022591f52acd21214cc2b34ec3641038e,-12519.0,52753.0,-99893.0,105929.0,-116772.0,,0,0,0,0,0,1,1,0,ADV_IND,37,37,13,-1,0,-1,-1,4701,32,8,unknown
783.2430000000022,DE:92:8F:A0:7A:5A,5a7aa08f92de1eff4c00121910c8f350c86ec166cd13a96c500d6bca91bc63cbff2831035a,-42735.0,62782.0,-84522.0,40723.0,-119102.0,,0,0,0,0,0,0,1,0,ADV_IND,37,37,2,-1,0,-1,-1,7807,32,8,unknown
783.4979999999996,5C:2F:77:B9:CF:3A,3acfb9772f5c0201021816aafe40e28b8e66cd83b57169f779238d9951b1d15db120,-18480.0,95010.0,-67894.0,75832.0,-115017.0,,0,0,0,0,0,1,1,0,ADV_IND,34,37,2,-1,0,-1,-1,5435,32,8,unknown
783.4979999999996,5F:C7:84:98:EF:13,13ef9884c75f0201021816aafe40a9fab91ac0fc9b912f7baeda3880458fc825cfbd,-10114.0,63384.0,-100943.0,43066.0,-80517.0,,0,0,0,0,0,0,1,0,ADV_IND,34,37,8,-1,0,-1,-1,3825,32,8,unknown
784.5590000000011,C7:D0:BB:A0:84:6E,6e84a0bbd0c71eff4c001219aabd3f3e4b69b1eac02e591f52acd21214cc2b34ecb6c1038e,-7414.0,45214.0,-101157.0,76199.0,-102276.0,,0,0,0,0,0,0,1,0,ADV_IND,37,37,14,-1,0,-1,-1,5228,31,7,unknown
785.262999999999,5C:2F:77:B9:CF:3A,3acfb9772f5c0201021816aafe40e28b8e66cd83b57169f779238dd981b0d40db1b1,-1110.0,79931.0,-87859.0,61442.0,-106103.0,,0,0,0,0,0,0,1,0,ADV_IND,34,37,0,-1,0,-1,-1,5495,32,8,unknown
785.6730000000025,5F:C7:84:98:EF:13,13ef9884c75f0201021816aafe40a9fab91ac4fe9b912f7baeda3881568fc8254fbd,-22773.0,76284.0,-85193.0,42614.0,-112420.0,,0,0,0,0,0,1,1,0,ADV_IND,34,37,4,-1,0,-1,-1,4939,32,8,unknown
786.6679999999978,C7:D0:BB:A0:84:6E,6e84a0bbd0c71eff4c001219aabd3f3e4b79b1eac022591f52acd21214cc2b34ec3641038e,-14778.0,68148.0,-116466.0,90253.0,-114018.0,,0,0,0,0,0,1,1,0,ADV_IND,37,37,5,-1,0,-1,-1,5568,32,8,unknown
787.1909999999989,DA:32:8F:A0:FA:5A,5afaa08f32da1eff4c00121910c8f350c86ec166cd13a94c500d2bcad1bc63c2a9a93147da,-46522.0,60180.0,-103915.0,53951.0,-105460.0,,0,0,0,0,0,0,1,0,ADV_IND,37,37,4,-1,0,-1,-1,3069,32,8,unknown
787.637999999999,5F:C7:84:98:EF:13,13ef9884c75f0201021816aafe40a9fab91ac4fe9b912f7baeda3881568fc8254fbd,-10423.0,90420.0,-114409.0,84074.0,-120877.0,,0,0,0,0,0,1,1,0,ADV_IND,34,37,0,-1,0,-1,-1,6824,32,8,unknown
788.5650000000023,CF:D0:BB:A0:84:6E,6e84a0bbd0cf1eff4c001219aabd3f3e4b79b1eac022591f52acd21214cc2b34ac3641538e,-9327.0,29785.0,-97295.0,86760.0,-113482.0,,0,0,0,0,0,0,1,0,ADV_IND,37,37,5,-1,0,-1,-1,5343,32,8,unknown
789.4879999999976,5F:C7:84:98:EF:13,13ef9884c75f0201021816aafe40a9fab91ac4fe9b912f7baeda3881568fc8254fbd,-12208.0,76400.0,-104998.0,81587.0,-138332.0,,0,0,0,0,0,1,1,0,ADV_IND,34,37,7,-1,0,-1,-1,3657,32,8,unknown
790.6180000000022,C7:D0:BB:A0:84:6E,6e84a0bbd0c71eff4c001219aabd3d3e4b79b1eac022591f52acd202148c3b34ec36d14686,-12402.0,36733.0,-104078.0,73855.0,-124521.0,,0,0,0,0,0,0,1,0,ADV_IND,37,37,14,-1,0,-1,-1,5903,32,7,unknown
790.9800000000032,C0:6A:0A:9B:71:7A,7a719b0a6ac01eff4c001219009e230a08d6938a20bde88fc5240a9bee414121a2ef560300,-22545.0,93056.0,-93964.0,96941.0,-147344.0,,0,0,0,0,0,1,1,2,ADV_NONCONN_IND,37,37,11,-1,0,-1,-1,2104,32,8,unknown
791.7430000000022,5C:2F:77:B9:CF:3A,3acfb9772f5c0201021816aafe40e28b8e66cd83b57169f779238d9951b1d15db120,-3064.0,114500.0,-86376.0,71016.0,-140289.0,,0,0,0,0,0,1,1,0,ADV_IND,34,37,1,-1,0,-1,-1,4631,32,8,unknown
791.7430000000022,5F:C7:84:98:EF:13,13ef9884c75f0201021816aafe40a9fab91ac4fe9b912f7baeda3881568fc8254fbd,7329.0,50783.0,-101483.0,94732.0,-108883.0,,0,0,0,0,0,1,1,0,ADV_IND,34,37,9,-1,0,-1,-1,6374,32,8,unknown
792.7459999999992,C7:D0:BB:A0:84:6E,6e84a0bbd0c71eff4c001219aabd3f3e4b79b1eac023591f52acd21214cc2b34ec3641678e,-12427.0,57875.0,-109766.0,81121.0,-105941.0,,0,0,0,0,0,0,1,0,ADV_IND,37,37,3,-1,0,-1,-1,3488,32,8,unknown
792.9979999999996,C0:6A:0A:9B:71:7A,7a719b0a6ac01eff4c001219009e210e48de93aa203fe8afc7250a9bee41651ba2e77c552a,-9669.0,61700.0,-88251.0,56164.0,-106290.0,,0,0,0,0,0,0,1,2,ADV_NONCONN_IND,37,37,10,-1,0,-1,-1,3520,32,8,unknown
793.2459999999992,5C:2F:77:B9:CF:3A,3acfb9772f5c0201021816aafe40e28b8e66cd83b57169f779238d9951b1d15db120,-10679.0,80137.0,-95035.0,66407.0,-122056.0,,0,0,0,0,0,1,1,0,ADV_IND,34,37,13,-1,0,-1,-1,5766,30,8,unknown
794.0149999999994,5F:C7:84:98:EF:13,13ef9884c75f0201021816aafe40a9fab91ac4fe9b912f7baeda3881568fc8254fbd,-37351.0,48179.0,-93104.0,46509.0,-74992.0,,0,0,0,0,0,1,1,0,ADV_IND,34,37,15,-1,0,-1,-1,3461,32,8,unknown
795.2850000000035,5C:2F:77:B9:CF:3A,3acfb9772f5c0201021816aafe40e28b8caee983b5216977792b859d43b0d40fb131,-59726.0,64216.0,-101376.0,63386.0,-86055.0,,0,0,0,0,0,0,1,0,ADV_IND,34,37,2,-1,0,-1,-1,1172,32,8,unknown
795.8329999999987,5F:C7:84:98:EF:13,13ef9884c75f0201021816aafe40a9fab91ac4fe9b912f7baeda3881568fc8254fbd,-10900.0,62833.0,-107068.0,104322.0,-129310.0,,0,0,0,0,0,1,1,0,ADV_IND,34,37,8,-1,0,-1,-1,5959,32,8,unknown
797.025999999998,5A:32:8F:A0:DA:5A,5adaa08f325a1eff4c00121910c8b350c82e6166cc1fab46d01d2bc2d1bc63c2fb2831175a,-15453.0,78004.0,-93294.0,55712.0,-116441.0,,0,0,0,0,0,0,1,0,ADV_IND,37,37,6,-1,0,-1,-1,5717,32,8,unknown
797.7160000000003,5C:2F:77:B9:CF:3A,3acfb9772f5c0201021816aafe40e20b8e664da3b4316977792b0d5d87b0548db8b1,3167.0,72012.0,-78868.0,67865.0,-113273.0,,0,0,0,0,0,0,1,2,ADV_NONCONN_IND,34,37,8,-1,0,-1,-1,4682,32,7,unknown
797.7160000000003,5F:C7:84:98:EF:13,13ef9884c75f0201021816aafe40a9fab91ac4fe9b912f7baeda3881568fc8254fbd,-16576.0,66827.0,-76074.0,33813.0,-109476.0,,0,0,0,0,0,1,1,0,ADV_IND,34,37,15,-1,0,-1,-1,4906,32,8,unknown
798.4749999999985,C0:6A:0A:9B:71:7A,7a719b0a6ac01eff4c001219005cf018da5310aebaee03136ea4ab6bf569521eaeab037c15,-13071.0,102595.0,-87207.0,78777.0,-123720.0,,0,0,0,0,0,0,1,2,ADV_NONCONN_IND,37,37,5,-1,0,-1,-1,3036,32,7,unknown
799.7430000000022,5C:2F:77:B9:CF:3A,3acfb9772f5c0201021816aafe44e28b8e66ed83b53169f779238d9911f1460fb820,1190.0,66392.0,-76638.0,76490.0,-106907.0,,0,0,0,0,0,0,1,0,ADV_IND,34,37,13,-1,0,-1,-1,2325,32,8,unknown
799.7430000000022,5F:C7:84:98:EF:13,13ef9884c75f0201021816aafe40a9fab91ac4fe9b912f7baeda3881568fc8254fbd,-18895.0,67466.0,-92301.0,66192.0,-118865.0,,0,0,0,0,0,1,1,0,ADV_IND,34,37,12,-1,0,-1,-1,7231,32,8,unknown
802.8309999999983,5C:2F:77:B9:CF:3A,3acfb9772f5c0201021816aafe40e28b8e66cd83b57169f779238d9951b1d15db120,-28550.0,89324.0,-65918.0,77351.0,-124663.0,,0,0,0,0,0,1,1,0,ADV_IND,34,37,14,-1,0,-1,-1,3411,32,8,unknown
802.8309999999983,5F:C7:84:98:EF:13,13ef9884c75f0201021816aafe40a9fab91ac4fe9b912f7baeda3881568fc8254fbd,-9926.0,67875.0,-116496.0,38441.0,-70984.0,,0,0,0,0,0,1,1,0,ADV_IND,34,37,9,-1,0,-1,-1,6072,32,8,unknown
803.6129999999976,C0:6A:0A:9B:71:7A,7a719b0a6ac01eff4c001219009e230a08d6938a20bde88fc5240a9bee414101aeaf125404,0.0,78964.0,-93535.0,79542.0,-120507.0,,0,0,0,0,0,0,1,2,ADV_NONCONN_IND,37,37,11,-1,0,-1,-1,3703,31,7,unknown
804.3640000000014,5F:C7:84:98:EF:13,13ef9884c75f0201021816aafe40a9fab91ac4fe9b912f7baeda3881568fc8254fbd,-3976.0,64768.0,-89109.0,42650.0,-105421.0,,0,0,0,0,0,1,1,0,ADV_IND,34,37,12,-1,0,-1,-1,5836,32,8,unknown
805.1129999999976,C0:6A:1A:9B:71:7A,7a719b1a6ac01aff4c001219009ea30a08d6938a20bd0886c5240a9bee41452ba2ef540200,-6101.0,81372.0,-90499.0,51273.0,-105737.0,,0,0,0,0,0,0,1,2,ADV_NONCONN_IND,37,37,9,-1,0,-1,-1,6628,32,8,unknown
805.3740000000034,DA:3A:8F:A0:FA:5A,5afaa08f3ada1eff4c00121910c8f150c86ec166cd13a94c510d6bc8d7bc63c2bf283107da,-37743.0,73808.0,-87585.0,54333.0,-108028.0,,0,0,0,0,0,0,1,0,ADV_IND,37,37,2,-1,0,-1,-1,2783,32,7,unknown
805.8499999999985,5C:2F:77:B9:CF:3A,3acfb9772f5c0201021816aafe40e28b8e66cd83b57169f779238d9951b1d15db120,9311.0,71536.0,-93589.0,73346.0,-116036.0,,0,0,0,0,0,1,1,0,ADV_IND,34,37,8,-1,0,-1,-1,2362,32,8,unknown
807.2149999999965,DA:32:8F:60:FA:5A,5afa608f32da1eff4c00121910e83350c86ee1decc2eb7efd42a3bc3a306c37966c87057b9,-37656.0,76248.0,-113549.0,48073.0,-109224.0,,0,0,0,0,0,0,1,0,ADV_IND,37,37,6,-1,0,-1,-1,5826,32,8,unknown
807.9539999999979,5F:C7:84:98:EF:13,13ef9884c75f0201021816aafe40a9fab91ac4fe9b912d7bbedb3881568fc8254ebd,-15048.0,78036.0,-90826.0,55337.0,-110107.0,,0,0,0,0,0,0,1,0,ADV_IND,34,37,4,-1,0,-1,-1,2596,32,8,unknown
809.8309999999983,5C:2F:77:B9:CF:3A,3acfb9772f5c0201021816aafe40e28b8e66cd83b57169f779238d9951b1d15db120,-8852.0,97272.0,-71573.0,80641.0,-130039.0,,0,0,0,0,0,1,1,0,ADV_IND,34,37,13,-1,0,-1,-1,2751,32,8,unknown
809.8309999999983,5F:C7:84:98:EF:13,13ef9884c75f0201021816aafe40a9fab91ac4fe9b912f7baeda3881568fc8254fbd,-5016.0,63670.0,-109661.0,47127.0,-68378.0,,0,0,0,0,0,1,1,0,ADV_IND,34,37,3,-1,0,-1,-1,7578,32,8,unknown
810.8110000000015,C0:6A:18:9B:71:7A,7a719b186ac00eff4c001219005eb51a1a57189ab2ef4397e5a4ab8bf749500baeaf867705,-26638.0,83610.0,-97248.0,74796.0,-100681.0,,0,0,0,0,0,0,1,2,ADV_NONCONN_IND,37,37,14,-1,0,-1,-1,3590,31,8,unknown
811.2309999999998,DA:12:8F:A0:FA:5A,5afaa08f12da1eff4c00121910ccbb50c86ec166cd13a964505d6bcad1bc63caff2831125a,-42427.0,73513.0,-92766.0,56685.0,-108412.0,,0,0,0,0,0,0,1,0,ADV_IND,37,37,13,-1,0,-1,-1,1987,32,8,unknown
811.2309999999998,F2:C4:00:E2:16:71,7116e200c4f21eff4c00121900fa990b6ca01f2b51986a0e63bc277c6b45259ba83c3f1500,6639.0,51552.0,-76603.0,72669.0,-87774.0,,0,0,0,0,0,0,1,2,ADV_NONCONN_IND,37,37,10,-1,0,-1,-1,6827,31,7,unknown
811.5619999999981,5C:2F:77:B9:CF:3A,3acfb9772f5c0201021816aafe40e28b8e66cd83b57169f779238d9951b1d15db120,6190.0,93950.0,-105130.0,94199.0,-139679.0,,0,0,0,0,0,1,1,0,ADV_IND,34,37,9,-1,0,-1,-1,3476,32,7,unknown
812.4250000000029,5F:C7:84:98:EF:13,13ef9884c75f0201021816aafe40a9fab91ac4fe9b912f7baeda3881568fc8254fbd,-18884.0,55269.0,-76120.0,71529.0,-117168.0,,0,0,0,0,0,1,1,0,ADV_IND,34,37,7,-1,0,-1,-1,6822,32,8,unknown
813.2669999999998,DA:32:8F:A0:FA:5A,5afaa08f32da1eff4c00121910c8f312c86ec164cd13a94c500e6bcad1ac6383af2931025a,-19941.0,38699.0,-108862.0,69070.0,-100329.0,,0,0,0,0,0,0,1,0,ADV_IND,37,37,6,-1,0,-1,-1,4181,31,8,unknown
813.7929999999978,D2:79:C0:C9:3B:D8,d83bc9c079d206ff4c001219b23cc78e997f2952706423846cf321cb44725f648a544400c4,-7634.0,72673.0,-94722.0,68787.0,-114597.0,,0,0,0,0,0,0,1,0,ADV_IND,37,37,10,-1,0,-1,-1,5258,31,8,unknown
813.7929999999978,5C:2F:77:B9:CF:3A,3acfb9772f5c0201021816aafe40e28b8e26cd83b57169f779238d9951b1d15db120,-12007.0,105821.0,-63660.0,81502.0,-134281.0,,0,0,0,0,0,0,1,2,ADV_NONCONN_IND,34,37,14,-1,0,-1,-1,4880,32,8,unknown
814.1940000000031,5F:C7:84:98:EF:13,13ef9884c75f0201021816aafe40a9fab91ac4fe9b912f7baeda3881568fc8254fbd,-14464.0,73214.0,-90526.0,75908.0,-102061.0,,0,0,0,0,0,1,1,0,ADV_IND,34,37,3,-1,0,-1,-1,921,32,8,unknown
815.1699999999983,F2:C4:00:C0:36:51,5136c000c4f21eff4c00121900fa9d8b6ca0572f51b85a433f283dfaa34b651b2a3e3f0404,-18067.0,81264.0,-87152.0,72924.0,-133909.0,,0,0,0,0,0,0,1,2,ADV_NONCONN_IND,37,37,5,-1,0,-1,-1,2176,31,7,unknown
815.913999999997,5C:2F:77:B9:CF:3A,3acfb9772f5c0201021816aafe40e28b8e66cd83b57169f7fb238d9941b1d15db120,6758.0,62975.0,-93590.0,71284.0,-110090.0,,0,0,0,0,0,0,1,0,ADV_IND,34,37,10,-1,0,-1,-1,2328,32,8,unknown
815.913999999997,5F:C7:84:98:EF:13,13ef9884c75f0201021816aafe40a9fab91ac4fe9b912f7baeda3881568fc8254fbd,-16614.0,80968.0,-111442.0,82958.0,-123512.0,,0,0,0,0,0,1,1,0,ADV_IND,34,37,4,-1,0,-1,-1,4915,32,8,unknown
817.7309999999998,5C:2F:77:B9:CF:2A,2acfb9772f5c0201021816aafe40a28b8e66cd83b57169e779238d994391d8a9274c,9664.0,68720.0,-89364.0,72275.0,-102132.0,,0,0,0,0,0,0,1,0,ADV_IND,34,37,0,-1,0,-1,-1,2594,32,8,unknown
818.0500000000029,5F:C7:84:98:EF:13,13ef9884c75f0201021816aafe40a9fab91ac4fe9b912f7baeda3881568fc8254fbd,-30980.0,43361.0,-78057.0,84584.0,-102467.0,,0,0,0,0,0,1,1,0,ADV_IND,34,37,0,-1,0,-1,-1,1917,32,8,unknown
819.6109999999971,F3:D4:00:E0:3E:71,713ee000d4f31aff4c00121900fa9d8b6ca0572f51986a0e23bc27786345259ba83c7f0300,-359.0,78958.0,-81167.0,76444.0,-140225.0,,0,0,0,0,0,0,1,2,ADV_NONCONN_IND,37,37,3,-1,0,-1,-1,2600,28,8,unknown
819.8790000000008,5C:2F:77:B9:CF:3A,3acfb9772f5c0201021816aafe40e28b8e66cd83b57169f779238d9951b1d15db120,-26233.0,87856.0,-62090.0,77054.0,-135581.0,,0,0,0,0,0,1,1,0,ADV_IND,34,37,12,-1,0,-1,-1,3430,32,8,unknown
819.8790000000008,5F:C7:84:98:EF:13,13ef9884c75f0201021816aafe40a9fab91ae6ee9f91676babda3081568fc8254b95,-29452.0,86108.0,-111660.0,69463.0,-100660.0,,0,0,0,0,0,0,1,0,ADV_IND,34,37,14,-1,0,-1,-1,5792,32,8,unknown
820.9150000000009,C0:6A:0A:DB:71:7A,7a71db0a6ac00eff4c001219009c2b0a08d6938a20bd488fc525089bca01412ba26f7cf62a,-11057.0,73934.0,-96393.0,79189.0,-100561.0,,0,0,0,0,0,0,1,2,ADV_NONCONN_IND,37,37,1,-1,0,-1,-1,3058,32,7,unknown
820.9150000000009,DA:3A:8F:A0:FA:5A,5afaa08f3ada1eff4c00121910d8f350c86e4166cd13a96c710d2bcad1be63c2ff2831035a,-25108.0,65844.0,-101916.0,58170.0,-86490.0,,0,0,0,0,0,0,1,0,ADV_IND,37,37,1,-1,0,-1,-1,2944,31,8,unknown
821.8989999999976,5C:2F:77:B9:CF:3A,3acfb9772f5c0201021816aafe40e28b8e66cd83b57169f779238d9951b1d15db120,-18342.0,92716.0,-66521.0,65563.0,-135547.0,,0,0,0,0,0,1,1,0,ADV_IND,34,37,11,-1,0,-1,-1,4526,32,7,unknown
821.8989999999976,5F:C7:84:98:EF:13,13ef9884c75f0201021816aafe40a9fab91ac4fe9b912f7baeda3881568fc8254fbd,-26104.0,53891.0,-88947.0,60350.0,-89889.0,,0,0,0,0,0,1,1,0,ADV_IND,34,37,0,-1,0,-1,-1,3123,32,8,unknown
823.8280000000013,5C:2F:77:B9:CF:3A,3acfb9772f5c0201021816aafe40e28b8e6ecd83b57169f779238d9951b1d14db104,0.0,65151.0,-69633.0,74486.0,-118134.0,,0,0,0,0,0,0,1,0,ADV_IND,34,37,2,-1,0,-1,-1,6585,32,8,unknown
824.3029999999999,5F:C7:84:98:EF:13,13ef9884c75f0201261816aafe40a9faa912c4fcab032f7b8edb38c1528fc0276bb52a,-9762.0,59650.0,-87380.0,46154.0,-84632.0,,0,0,0,0,0,0,1,0,ADV_IND,35,37,5,-1,0,-1,-1,5296,32,8,unknown
825.336000000003,40:6A:0A:8F:71:7A,7a718f0a6a401eff4c001219009e230a08d6938a20bde88fc5240a9bee414121a2ef560300,-9342.0,88433.0,-105522.0,94792.0,-138900.0,,0,0,0,0,0,0,1,2,ADV_NONCONN_IND,37,37,11,-1,0,-1,-1,3740,31,7,unknown
826.2379999999976,4C:2F:77:B9:CF:3A,3acfb9772f4c0201021816aafe40e28b8e2ecd83b57169f779238d9951b1d15db120,-5731.0,76582.0,-74513.0,69244.0,-113239.0,,0,0,0,0,0,0,1,0,ADV_IND,34,37,15,-1,0,-1,-1,6590,32,8,unknown
826.2379999999976,5F:C7:84:98:EF:13,13ef9884c75f0201021816aafe40a9fab91ac4fe9b912f7baeda3881568fc8254fbd,-26915.0,77532.0,-70069.0,40652.0,-115639.0,,0,0,0,0,0,1,1,0,ADV_IND,34,37,4,-1,0,-1,-1,7587,32,8,unknown
826.773000000001,40:6A:0A:9B:71:6A,6a719b0a6a401eff4c001219009c230a4cdf81aa20bd788fc7250adaeb41450ba2ef561700,-45130.0,76445.0,-94036.0,54652.0,-116082.0,,0,0,0,0,0,0,1,2,ADV_NONCONN_IND,37,37,13,-1,0,-1,-1,4669,32,8,unknown
827.2249999999985,F2:C4:00:E0:36:71,7136e000c4f21aff4c00121900fa9d8b6c21552e51986a0f33bc27786744259baafd7f0300,958.0,67865.0,-83375.0,69995.0,-119716.0,,0,0,0,0,0,0,1,2,ADV_NONCONN_IND,37,37,14,-1,0,-1,-1,4876,32,8,unknown
828.1430000000037,5F:C7:84:98:EF:13,13ef9884c75f0201021816aafe40a9fab91ac4fe9b912f7baeda3881568fc8254fbd,-26235.0,72475.0,-87823.0,54164.0,-111379.0,,0,0,0,0,0,1,1,0,ADV_IND,34,37,7,-1,0,-1,-1,3490,32,7,unknown
828.9270000000033,C8:6A:0A:8A:71:78,78718a0a6ac81eff4c001219009e230a08d6938a20bde88fc5240a9bee414101a2ef560300,-13155.0,90572.0,-97865.0,55665.0,-130100.0,,0,0,0,0,0,0,1,2,ADV_NONCONN_IND,37,37,14,-1,0,-1,-1,7605,31,7,unknown
829.1889999999985,DA:12:8F:A0:FA:5A,5afaa08f12da1eff4c00121910b4ad9a6cae613dcf479d64b9760bc883ab228b29e9337e9e,-18847.0,84884.0,-126011.0,47964.0,-115618.0,,0,0,0,0,0,0,1,0,ADV_IND,37,37,15,-1,0,-1,-1,4201,32,8,unknown
829.1889999999985,5F:C7:84:98:EF:13,13ef9884c75f0201021816aafe40a9fab91ac4fe9b912f7baeda3881568fc8254fbd,-29323.0,77334.0,-89265.0,98009.0,-131750.0,,0,0,0,0,0,1,1,0,ADV_IND,34,37,1,-1,0,-1,-1,1527,32,7,unknown
829.8830000000016,5C:2F:77:B9:CF:3A,3acfb9772f5c0201021816aafe40e28b8e66cd83b57169f779238d9951b1d15db120,-23131.0,89701.0,-67881.0,65930.0,-129100.0,,0,0,0,0,0,1,1,0,ADV_IND,34,37,14,-1,0,-1,-1,3994,31,8,unknown
832.4409999999989,40:6A:0A:9B:71:7A,7a719b0a6a401eff4c001219009e230a48d7938a20bde88fc5240a1bdb41410bb2e7765320,-6414.0,93356.0,-85396.0,65581.0,-115145.0,,0,0,0,0,0,0,1,2,ADV_NONCONN_IND,37,37,7,-1,0,-1,-1,4083,32,7,unknown
832.7130000000034,DA:32:9F:A0:FA:5A,5afaa09f32da1eff4c00121910c8f350c82cc16ecd13a14c740d6bcad1bc63c2ff2831075a,-17880.0,83386.0,-107591.0,61310.0,-117329.0,,0,0,0,0,0,0,1,0,ADV_IND,37,37,3,-1,0,-1,-1,7052,32,8,unknown
832.7130000000034,5F:C7:84:98:EF:13,13ef9884c75f0201021816aafe40a9fab91ac4fe9b912f7baeda3881568fc8254fbd,-3602.0,90233.0,-114286.0,75604.0,-122282.0,,0,0,0,0,0,1,1,0,ADV_IND,34,37,15,-1,0,-1,-1,7448,32,8,unknown
833.1990000000005,5C:2F:77:B9:CF:3A,3acfb9772f5c0201021816aafe40e28b8e66cd83b57169f779238d9951b1d15db120,3906.0,74247.0,-88426.0,64760.0,-123799.0,,0,0,0,0,0,1,1,0,ADV_IND,34,37,9,-1,0,-1,-1,1672,32,8,unknown
833.739999999998,C0:6A:0A:9B:71:7A,7a719b0a6ac01eff4c001219009e230a08d6938a20bde88fc5240a9bee414121a2ef560300,0.0,104268.0,-105972.0,81679.0,-156736.0,,0,0,0,0,0,1,1,2,ADV_NONCONN_IND,37,37,14,-1,0,-1,-1,1737,30,7,unknown
833.739999999998,5F:C7:84:98:EF:13,13ef9884c75f0201021816aafe40a9fab91ac4fe9b912f7baeda3881568fc8254fbd,-26245.0,96060.0,-122315.0,90033.0,-122426.0,,0,0,0,0,0,1,1,0,ADV_IND,34,37,15,-1,0,-1,-1,1305,32,8,unknown
834.2459999999992,5C:2F:77:B9:CF:3A,3acfb9772f5c0201021816aafe40e28b8e66cd83b57169f779238d9951b1d15db120,-840.0,103465.0,-94066.0,75289.0,-153102.0,,0,0,0,0,0,1,1,0,ADV_IND,34,37,10,-1,0,-1,-1,4189,32,8,unknown
835.0889999999999,40:6A:0A:9B:51:7A,7a519b0a6a400eff4c001219009e230a08d693aa20bdc88fc5240a9bef414109aeaf135714,-5177.0,89914.0,-103910.0,66245.0,-132492.0,,0,0,0,0,0,0,1,2,ADV_NONCONN_IND,37,37,10,-1,0,-1,-1,6479,32,8,unknown
835.4519999999975,5F:C7:84:98:EF:13,13ef9884c75f0201021816aafe40a9fab91ac4fe9b912f7baeda3881828cc8056ebd,-3847.0,71856.0,-98913.0,49280.0,-90707.0,,0,0,0,0,0,0,1,0,ADV_IND,34,37,14,-1,0,-1,-1,2393,32,8,unknown
836.4559999999983,5C:2F:77:B9:CF:3A,3acfb9772f5c0201021816aafe40e28b8e66cd83b57169f779238d9951b1d15db120,-12157.0,100186.0,-95045.0,73038.0,-141416.0,,0,0,0,0,0,1,1,0,ADV_IND,34,37,14,-1,0,-1,-1,5380,32,8,unknown
837.2940000000017,DA:32:8F:A0:FA:5A,5afaa08f32da1eff4c00121910c8f350c86ec166cd13a94c500d6bcad1bc63c2ef2831135a,-9986.0,44621.0,-104815.0,60834.0,-103970.0,,0,0,0,0,0,0,1,0,ADV_IND,37,37,7,-1,0,-1,-1,1522,32,8,unknown
837.2940000000017,5F:C7:84:98:EF:13,13ef9884c75f0201021816aafe40a9fab91ac0fe9b912f7baeda3880528e5c0dda96,-17146.0,64460.0,-100274.0,50266.0,-93741.0,,0,0,0,0,0,0,1,0,ADV_IND,34,37,9,-1,0,-1,-1,7607,32,8,unknown
838.4069999999992,5C:2F:77:B9:CF:3A,3acfb9772f5c0201021816aafe40e28b8e66cd83b57169f779238d9951b1d15db120,-19795.0,79183.0,-69587.0,76329.0,-123814.0,,0,0,0,0,0,1,1,0,ADV_IND,34,37,0,-1,0,-1,-1,6076,32,8,unknown
839.1339999999982,5F:C7:84:98:EF:13,13ef9884c75f0201021816aafe40a9fab91ac4fe9b912f7baeda3881568fc8254fbd,-8896.0,73453.0,-108555.0,44499.0,-83406.0,,0,0,0,0,0,1,1,0,ADV_IND,34,37,1,-1,0,-1,-1,5390,32,8,unknown
840.2690000000002,5C:2F:77:B9:CF:3A,3acfb9772f5c0201021816aafe40e28b8e66cd83b57169f779238d9951b1d15db120,9379.0,93628.0,-104002.0,75612.0,-153548.0,,0,0,0,0,0,1,1,0,ADV_IND,34,37,15,-1,0,-1,-1,1862,32,8,unknown
841.1270000000004,C0:6A:0A:9B:71:7A,7a719b0a6ac01eff4c001219009c230a08d7938a20b54e8fd525089bea014529a2ef764420,-22020.0,67094.0,-83885.0,77592.0,-107320.0,,0,0,0,0,0,0,1,2,ADV_NONCONN_IND,37,37,7,-1,0,-1,-1,7251,32,8,unknown
841.7929999999978,5F:C7:84:98:EF:13,13ef9884c75f0201021816aafe40a9fab91ac4fe9b912f7baeda3881568fc8254fbd,-29395.0,95367.0,-74770.0,38665.0,-110145.0,,0,0,0,0,0,1,1,0,ADV_IND,34,37,2,-1,0,-1,-1,1487,32,8,unknown
843.5899999999965,5F:C7:84:9A:EF:13,13ef9a84c75f0201061816aafe40a9fab91ac5ee9b912f7bbeda38c1468fc8254fbd,-4160.0,75644.0,-107178.0,63811.0,-104732.0,,0,0,0,0,0,0,1,0,ADV_IND,34,37,2,-1,0,-1,-1,3564,32,8,unknown
844.148000000001,5C:2F:77:B9:CF:3A,3acfb9772f5c0201021816aafe24e30ac66e6da3b4236967f92b05dd03b0500fb8a1,0.0,74093.0,-92474.0,63184.0,-108617.0,,0,0,0,0,0,0,1,0,ADV_IND,34,37,5,-1,0,-1,-1,1429,32,8,unknown
845.9179999999978,5F:C7:84:98:EF:13,13ef9884c75f0201021816aafe40a9fab91ac4fe9b912f7baeda3881568fc8254fbd,-12049.0,51610.0,-84412.0,91795.0,-108493.0,,0,0,0,0,0,1,1,0,ADV_IND,34,37,11,-1,0,-1,-1,7015,32,8,unknown
846.5449999999983,5C:2F:77:B9:CF:3A,3acfb9772f5c0201021816aafe40e28b8e66cd83b57169f779238d9951b1d10da304,-20555.0,89860.0,-71900.0,75644.0,-127898.0,,0,0,0,0,0,0,1,0,ADV_IND,34,37,15,-1,0,-1,-1,5671,32,8,unknown
847.4400000000023,5F:C7:84:98:EF:13,13ef9884c75f0201021816aafe40a9fab91ac4fe9b912f7baeda3881568fc8254fbd,-4449.0,66921.0,-98152.0,56430.0,-91627.0,,0,0,0,0,0,1,1,0,ADV_IND,34,37,8,-1,0,-1,-1,2673,32,8,unknown
849.4380000000019,5F:C7:84:98:EF:13,13ef9884c75f0201021816aafe40a9fab91ac4fe9b912f7baeda3881568fc8254fbd,-21823.0,72170.0,-85961.0,45352.0,-115131.0,,0,0,0,0,0,1,1,0,ADV_IND,34,37,2,-1,0,-1,-1,3316,32,8,unknown
850.6390000000029,5C:2F:77:B9:CF:3A,3acfb9772f5c0201021816aafe40e28b8e66cd83b57169f779238d9941b1d00da320,0.0,71353.0,-103410.0,82721.0,-114727.0,,0,0,0,0,0,0,1,0,ADV_IND,34,37,7,-1,0,-1,-1,3845,32,8,unknown
851.237000000001,C0:6A:08:9A:71:7A,7a719a086ac01eff4c001219001ea10a08d6938800bdec8fc7240a9bef414129a2ef160300,-6665.0,76926.0,-75335.0,85811.0,-115369.0,,0,0,0,0,0,0,1,2,ADV_NONCONN_IND,37,37,11,-1,0,-1,-1,2804,30,8,unknown
851.4950000000026,5F:C7:84:98:EF:13,13ef9884c75f0201021816aafe40a9fab91ac4fe9b912f7baeda3881568fc8254fbd,-8489.0,60912.0,-113666.0,69224.0,-96808.0,,0,0,0,0,0,1,1,0,ADV_IND,34,37,9,-1,0,-1,-1,4172,32,8,unknown
852.6189999999988,5C:2F:77:B9:CF:3A,3acfb9772f5c0201021816aafe40e28b8e66cd83b57169f779238d9951b1d15db120,-2714.0,95933.0,-77813.0,74147.0,-133483.0,,0,0,0,0,0,1,1,0,ADV_IND,34,37,12,-1,0,-1,-1,4956,32,7,unknown
853.711000000003,5F:C7:84:98:EF:13,13ef9884c75f0201021816aafe40a9fab91ac4fe9b912f7baeda3881568fc8254fbd,-21814.0,55341.0,-70051.0,78138.0,-120946.0,,0,0,0,0,0,1,1,0,ADV_IND,34,37,0,-1,0,-1,-1,1536,32,8,unknown
854.3150000000023,5C:2F:77:B9:CF:3A,3acfb9772f5c0201021816aafe40e28b8e66cd83b57169f779238d9951b1d15db120,1875.0,57333.0,-81747.0,79176.0,-116669.0,,0,0,0,0,0,1,1,0,ADV_IND,34,37,14,-1,0,-1,-1,1292,32,8,unknown
855.7229999999981,5F:C7:84:98:EF:13,13ef9884c75f0201021816aafe40a9fab91ac4fe9b912f7baeda3881568fc8254fbd,-18154.0,104210.0,-102451.0,64107.0,-129507.0,,0,0,0,0,0,1,1,0,ADV_IND,34,37,3,-1,0,-1,-1,6390,32,7,unknown
856.6359999999986,5C:2F:77:B9:CF:3A,3acfb9772f5c0201021816aafe40e20b8e2fe5a3f4256177f123acca03915849a304,13993.0,69957.0,-102827.0,81886.0,-117198.0,,0,0,0,0,0,0,1,0,ADV_IND,34,37,13,-1,0,-1,-1,3362,32,8,unknown
857.7260000000024,5F:C7:84:98:EF:13,13ef9884c75f0201021816aafe40a9fab91ae4fe9b912f7baeda3881168f5c254fbd,-24154.0,64014.0,-87459.0,42506.0,-90749.0,,0,0,0,0,0,0,1,0,ADV_IND,34,37,1,-1,0,-1,-1,4577,32,8,unknown
860.0840000000026,5F:C7:84:98:EF:13,13ef9884c75f0201021816aafe40a9fab91ac4fe9b912f7b5bdab266a98e169cd882,-12288.0,58974.0,-110010.0,79410.0,-91126.0,,0,0,0,0,0,0,1,0,ADV_IND,34,37,13,-1,0,-1,-1,7153,32,8,unknown
862.1460000000006,5C:2F:77:B9:CF:3A,3acfb9772f5c0201021816aafe40e28b8e66cd83b57169f779238d9951b1d15db120,-12887.0,79871.0,-86162.0,87674.0,-114693.0,,0,0,0,0,0,1,1,0,ADV_IND,34,37,6,-1,0,-1,-1,1554,32,8,unknown
863.1580000000031,5C:2F:77:B9:CF:3A,3acfb9772f5c0201021816aafe40e28b8e66cd83b56141e779238c9903911a80274c,-1587.0,95955.0,-75850.0,65958.0,-115128.0,,0,0,0,0,0,0,1,0,ADV_IND,34,37,2,-1,0,-1,-1,1242,32,8,unknown
863.8589999999967,5F:C7:84:98:EF:13,13ef9884c75f0201021816aafe40a9fab91ac4ec9b912f7baeda3881568fd8254fb5,-13420.0,75849.0,-109295.0,69995.0,-99164.0,,0,0,0,0,0,0,1,0,ADV_IND,34,37,8,-1,0,-1,-1,5472,32,8,unknown
865.0959999999977,5C:2F:77:B9:CF:3A,3acfb9772f5c0201021816aafe40e28b8e66cd83b57169f779238d9951b1d15db120,-4142.0,88403.0,-74580.0,73309.0,-136011.0,,0,0,0,0,0,1,1,0,ADV_IND,34,37,7,-1,0,-1,-1,3005,31,8,unknown
866.5809999999983,5C:2F:77:B9:CF:3A,3acfb9772f5c0201021816aafe40e20b8e66cd83b53149f77923ad8811b1d14db120,-2400.0,76321.0,-88246.0,70265.0,-111896.0,,0,0,0,0,0,0,1,0,ADV_IND,34,37,0,-1,0,-1,-1,5754,32,8,unknown
867.9360000000015,5F:C7:84:98:EF:13,13ef9884c75f0201021816aafe40a9fab91ac4fe9b912f7baeda3881568fc8254fbd,-8716.0,69842.0,-105799.0,38780.0,-93915.0,,0,0,0,0,0,1,1,0,ADV_IND,34,37,7,-1,0,-1,-1,2560,32,8,unknown
868.5460000000021,5C:2F:77:B9:CF:3A,3acfb9772f5c0241021816aafe40e28b8e66cd83b57161f7f127ecc8039158012704,-19667.0,82159.0,-82698.0,69711.0,-130461.0,,0,0,0,0,0,0,1,0,ADV_IND,34,37,7,-1,0,-1,-1,3029,32,8,unknown
870.1869999999981,5F:C7:84:98:EF:13,13ef9884c75f0201021816aafe40a9fab91ec4fe9b912d7baeda38c1568fcc35cf82,-19915.0,79057.0,-112767.0,41627.0,-66386.0,,0,0,0,0,0,0,1,0,ADV_IND,34,37,9,-1,0,-1,-1,6883,32,8,unknown
870.7819999999992,5C:2F:77:B9:CF:3A,3acfb9772f5c0201021816aafe40a38a8e6ee9a3b4716d6779230d9953b1d04db120,-9329.0,82998.0,-72682.0,66044.0,-110948.0,,0,0,0,0,0,0,1,0,ADV_IND,34,37,15,-1,0,-1,-1,5080,32,7,unknown
871.7379999999976,5F:C7:84:98:EF:13,13ef9884c75f0201021816aafe40a9fab91ac4fe9b912d7baeda3881568fc8254fbd,-5878.0,65197.0,-84700.0,25465.0,-77297.0,,0,0,0,0,0,0,1,2,ADV_NONCONN_IND,34,37,8,-1,0,-1,-1,4754,32,8,unknown
872.6529999999984,5C:2F:77:B9:CF:3A,3acfb9772f5c0201021816aafe40e28b8e66cd83b57169f779238d9951b1d15db120,-25409.0,75118.0,-72044.0,82948.0,-116786.0,,0,0,0,0,0,1,1,0,ADV_IND,34,37,13,-1,0,-1,-1,7205,32,8,unknown
874.0749999999971,5F:C7:84:98:EF:13,13ef9884c75f0201021816aafe40a9fab91ac4fe9b912f7baeda3881568fc8254fbd,-7457.0,68653.0,-76305.0,65486.0,-131065.0,,0,0,0,0,0,1,1,0,ADV_IND,34,37,15,-1,0,-1,-1,7485,32,7,unknown
874.7220000000016,5C:2F:77:B9:CF:3A,3acfb9772f5c0201021816aafe40e28b8e66cd83b57169f779238d9951b1115db120,-2752.0,77464.0,-71318.0,65520.0,-122787.0,,0,0,0,0,0,0,1,0,ADV_IND,34,37,8,-1,0,-1,-1,6724,32,8,unknown
876.3609999999971,5F:C7:84:98:EF:13,13ef9884c75f0201021816aafe40a9fab91ac4fe9b912f7baeda3881568fc8254fbd,-12123.0,56707.0,-89598.0,88856.0,-118597.0,,0,0,0,0,0,1,1,0,ADV_IND,34,37,6,-1,0,-1,-1,3086,32,8,unknown
876.9530000000013,5C:2F:77:B9:CF:3A,3acfb9772f5c0201021816aafe40e28b8e66cd83b57169f779238d9951b1d10fb120,10832.0,58094.0,-90004.0,87491.0,-112428.0,,0,0,0,0,0,0,1,0,ADV_IND,34,37,6,-1,0,-1,-1,6507,32,8,unknown
878.1659999999974,5F:C7:84:98:EF:13,13ef9884c75f0201021816aafe40a9fab91ac4fe9b912f7baeda3881568fc8254fbd,-22524.0,69076.0,-107034.0,65728.0,-106743.0,,0,0,0,0,0,1,1,0,ADV_IND,34,37,14,-1,0,-1,-1,1516,32,8,unknown
880.989999999998,5C:2F:77:B9:CF:3A,3acfb9772f5c0201021816aafe40e28b8e66cd83b57169f779238d9951b1d15db120,1416.0,62096.0,-74407.0,73390.0,-129898.0,,0,0,0,0,0,1,1,0,ADV_IND,34,37,0,-1,0,-1,-1,3825,32,8,unknown
882.0749999999971,5F:B7:84:98:EF:13,13ef9884b75f0201021816aafe40a9fab91ac4fe9b912f7baeda3881568fc8254fbd,-41480.0,84183.0,-95328.0,74895.0,-126697.0,,0,0,0,0,0,0,1,0,ADV_IND,34,37,14,-1,0,-1,-1,3070,32,8,unknown
882.7410000000018,5C:2F:77:B9:CF:3A,3acfb9772f5c0201021816aafe40e28b8e66cd83b57169f779238d9951b1d15db120,-15379.0,120929.0,-92541.0,84397.0,-155474.0,,0,0,0,0,0,1,1,0,ADV_IND,34,37,12,-1,0,-1,-1,7784,30,8,unknown
885.0809999999983,5C:2F:77:B9:CF:3A,3acfb9772f5c0201021816aafe40e28b8e66cd83b57169f779238d9951b1d15db120,-5034.0,104050.0,-83302.0,60608.0,-154083.0,,0,0,0,0,0,1,1,0,ADV_IND,34,37,3,-1,0,-1,-1,4227,32,8,unknown
886.2280000000028,5F:C7:84:98:EF:13,13ef9884c75f0201021816aafe40a9fab91ac4fe9b912f7baeda3881568fc8254fbd,-26188.0,54167.0,-84985.0,38637.0,-83426.0,,0,0,0,0,0,1,1,0,ADV_IND,34,37,14,-1,0,-1,-1,2265,32,8,unknown
886.625,C7:D0:BB:A0:84:6E,6e84a0bbd0c71eff4c001219ae9d3f3e4b79b1eac022591f52ac5626088e6b14e9368147c2,-26324.0,56402.0,-108459.0,71509.0,-95733.0,,0,0,0,0,0,0,1,0,ADV_IND,37,37,8,-1,0,-1,-1,3778,32,8,unknown
887.5009999999966,C0:6A:4A:9A:71:7A,7a719a4a6ac01eff4c001219009e230a08d6938a20bdc88fc5240a9bee414101aae7560300,5265.0,79001.0,-82653.0,58624.0,-107163.0,,0,0,0,0,0,0,1,2,ADV_NONCONN_IND,37,37,2,-1,0,-1,-1,7852,31,8,unknown
888.4119999999966,5F:C7:84:98:EF:13,13ef9884c75f0201021816aafe40a9fa8d0664ee8b0b157ba6db3cc0138e7c076a97,-22945.0,79965.0,-119297.0,38515.0,-81898.0,,0,0,0,0,0,0,1,0,ADV_IND,34,37,8,-1,0,-1,-1,3579,32,8,unknown
888.6710000000021,C7:90:BB:A0:CC:6E,6ecca0bb90c71eff4c001219aabdbf3e4b79f1eac022591f73acf21204cebb352c17c1c6ae,-42395.0,35543.0,-114706.0,73661.0,-101566.0,,0,0,0,0,0,0,1,0,ADV_IND,37,37,12,-1,0,-1,-1,2880,32,8,unknown
889.0849999999991,5C:2F:77:B9:CF:3A,3acfb9772f5c0201021816aafe40e28b8c66cd83b5714df77b238dd903b151ad9cb1,8482.0,74210.0,-77579.0,61171.0,-106616.0,,0,0,0,0,0,0,1,0,ADV_IND,34,37,6,-1,0,-1,-1,3891,32,8,unknown
890.3439999999973,5F:C7:84:98:EF:13,13ef9884c75f0201021816aafe40a9fab91ac4fe9b912f7bafda3881568ec825cfbd,-17121.0,62222.0,-98274.0,59485.0,-87310.0,,0,0,0,0,0,0,1,0,ADV_IND,34,37,4,-1,0,-1,-1,1895,32,8,unknown
892.6659999999974,C7:D0:BB:A0:84:6E,6e84a0bbd0c71eff4c001219aabd3f3e4b79b1eac022591f52acd21214cc2b34ec3641038e,-9182.0,79220.0,-92636.0,86538.0,-136738.0,,0,0,0,0,0,1,1,0,ADV_IND,37,37,0,-1,0,-1,-1,7870,32,8,unknown
892.6659999999974,5C:2F:77:B9:CF:3A,3acfb9772f5c0201021816aafe40e28b8e66cd83b57169f779238d9951b1d15db120,2712.0,83066.0,-68932.0,59547.0,-117272.0,,0,0,0,0,0,1,1,0,ADV_IND,34,37,6,-1,0,-1,-1,6007,32,8,unknown
893.6650000000009,5F:C7:84:98:EF:13,13ef9884c75f0201021816aafe40a9fab91ac42cffb12d6b8edb3885028fc8254fbd,-30134.0,58879.0,-110661.0,68140.0,-86049.0,,0,0,0,0,0,0,1,0,ADV_IND,34,37,1,-1,0,-1,-1,2279,32,8,unknown
894.1820000000007,5C:2F:77:B9:CF:3A,3acfb9772f5c0201021816aafe40e28b8e66cd83b57169f779238d9951b1d15db120,-20878.0,78501.0,-74803.0,77366.0,-130651.0,,0,0,0,0,0,1,1,0,ADV_IND,34,37,12,-1,0,-1,-1,1209,32,8,unknown
895.1560000000027,5F:C7:84:98:EF:13,13ef9884c75f0201021816aafe40a9fab91ac4fe9b912f7baeda3881568fc8254fbd,-17492.0,58619.0,-107832.0,101502.0,-113743.0,,0,0,0,0,0,1,1,0,ADV_IND,34,37,14,-1,0,-1,-1,2941,32,8,unknown
895.3960000000006,C7:D8:BB:A0:84:6E,6e84a0bbd8c71eff4c001219aabd3f3e4b79b1eac022591f72acd20214ce2b342c57c10286,-8457.0,62129.0,-116488.0,59974.0,-103500.0,,0,0,0,0,0,0,1,0,ADV_IND,37,37,11,-1,0,-1,-1,2684,32,8,unknown
895.6540000000023,C0:6A:0A:93:71:7A,7a71930a6ac01eff4c001219009e230ad44b64a82c316847e9ad8cdbc3092314a497775422,-24294.0,64356.0,-90510.0,58487.0,-88413.0,,0,0,0,0,0,0,1,2,ADV_NONCONN_IND,37,37,9,-1,0,-1,-1,2340,32,8,unknown
896.4219999999987,C0:FF:03:8B:5A:73,735a8b03ffc01eff4c00121935fc205c6b8fdef9cc27c36725d8a6673b8d5073ae95b137a0,-40699.0,62493.0,-106797.0,53403.0,-103158.0,,0,0,0,0,0,0,1,0,ADV_IND,37,37,6,-1,0,-1,-1,4595,32,8,unknown
896.6840000000011,C0:FF:03:8B:5A:73,735a8b03ffc01eff4c0012193df4501c4bae1f6ecd4402672fdafe5d3b8d5877ec17b512c5,-5355.0,40575.0,-125329.0,64346.0,-119333.0,,0,0,0,0,0,0,1,0,ADV_IND,37,37,11,-1,0,-1,-1,2881,32,8,unknown
896.6840000000011,C0:FF:03:8B:5A:73,735a8b03ffc01eff4c0012193df4605c6b8abffacd65026322d8fe4f3badd077ee13b506c5,-29404.0,49219.0,-94762.0,45595.0,-106583.0,,0,0,0,0,0,0,1,0,ADV_IND,37,37,9,-1,0,-1,-1,5353,32,7,unknown
896.6840000000011,C0:FF:03:8A:5A:73,735a8a03ffc00eff4c0012193df460de6b8bbffacd65026322d8fe6d3badd077ec12b502c5,-41729.0,71610.0,-112198.0,61739.0,-110334.0,,0,0,0,0,0,0,1,0,ADV_IND,37,37,8,-1,0,-1,-1,4510,32,7,unknown
896.6840000000011,C0:FF:03:8B:5A:73,735a8b03ffc01eff4c0012193df4601c6b8abffacd65026322d8fe6d3baf5077ac56b502c5,-43364.0,51112.0,-108453.0,67863.0,-114018.0,,0,0,0,0,0,0,1,0,ADV_IND,37,37,7,-1,0,-1,-1,7908,32,8,unknown
897.0149999999994,5C:2F:77:B9:CF:3A,3acfb9772f5c0201021816aafe40e28b8e66cd83b57169f779238d9951b1d15db120,14479.0,78110.0,-97155.0,72816.0,-142947.0,,0,0,0,0,0,1,1,0,ADV_IND,34,37,14,-1,0,-1,-1,7547,29,8,unknown
897.8220000000001,C0:FF:03:8B:5A:73,735a8b03ffc01eff4c0012193df4605c6b8abffacdfd5426035bc6eecd867f94fbf611836e,-14738.0,56277.0,-99855.0,90945.0,-119870.0,,0,0,0,0,0,0,1,0,ADV_IND,37,37,1,-1,0,-1,-1,4285,32,8,unknown
898.0970000000016,C0:FF:03:8B:5A:73,735a8b03ffc01eff4c0012193dc468546b0abd23cc65cb6f7fdcecc3328854f22e963b5ea0,-24768.0,71483.0,-106086.0,50716.0,-100149.0,,0,0,0,0,0,0,1,2,ADV_NONCONN_IND,37,37,6,-1,0,-1,-1,1105,32,8,unknown
898.0970000000016,C0:FF:03:8B:5A:73,735a8b03ffc01aff4c0012191df4605e6b8abfbacd65026722d8fe6f3badd077ec12b512c5,-14987.0,73367.0,-104145.0,102694.0,-124492.0,,0,0,0,0,0,0,1,0,ADV_IND,37,37,5,-1,0,-1,-1,4400,32,8,unknown
898.0970000000016,C0:FF:03:8B:5A:73,735a8b03ffc00eff4c0012193dd4605c6baabfcacd65026322d8feef3bad5077ec14b542c5,-20816.0,47664.0,-93713.0,47170.0,-80599.0,,0,0,0,0,0,0,1,0,ADV_IND,37,37,5,-1,0,-1,-1,6218,32,7,unknown
898.5,5F:C7:84:98:EF:13,13ef9884c75f0201021816aafe40a9fab91ac4fe9b912f7baeda3881568fc8256fa2,-16702.0,56084.0,-110107.0,58689.0,-75971.0,,0,0,0,0,0,0,1,0,ADV_IND,34,37,15,-1,0,-1,-1,3608,32,8,unknown
898.7920000000013,C7:D0:BB:A0:84:6E,6e84a0bbd0c71eff4c001219aabd3f3e4b79b1eac022591f52acd21214cc2b34ec3641038e,-23868.0,57420.0,-97612.0,76683.0,-143131.0,,0,0,0,0,0,1,1,0,ADV_IND,37,37,2,-1,0,-1,-1,4815,32,8,unknown
899.25,5C:2F:77:B9:CF:3A,3acfb9772f5c0201021816aafe40e28b8e66cd83b57169f779238d9951b1d15db120,-8747.0,88923.0,-73180.0,73086.0,-122986.0,,0,0,0,0,0,1,1,0,ADV_IND,34,37,14,-1,0,-1,-1,7109,32,8,unknown
899.5279999999984,C0:6A:0A:9B:71:7A,7a719b0a6ac01eff4c001219009e230a08d6938a20bfe88fc5240a9bee014121a2ef560500,0.0,67616.0,-84014.0,77247.0,-106452.0,,0,0,0,0,0,0,1,2,ADV_NONCONN_IND,37,37,14,-1,0,-1,-1,7948,32,7,unknown
900.6489999999976,5F:C7:84:98:EF:13,13ef9884c75f0201021816aafe40a9fab91ac4fe9b912f7baeda3881568fc8254fbd,-9837.0,53678.0,-88075.0,59366.0,-95104.0,,0,0,0,0,0,1,1,0,ADV_IND,34,37,4,-1,0,-1,-1,1924,32,8,unknown
900.9060000000027,C7:D0:BB:A0:84:6E,6e84a0bbd0c71aff4c0012192a3d3f1e4b69b1eac0225d1f53bcf212148e2a34ec17c1078e,-9713.0,35132.0,-112725.0,54333.0,-117462.0,,0,0,0,0,0,0,1,0,ADV_IND,37,37,1,-1,0,-1,-1,6242,32,7,unknown
901.3240000000005,5C:2F:77:B9:CF:3A,3acfb9772f5c0201021816aafe40e28b8e66cd83b57169f779238d9951b1d15db120,-4633.0,87930.0,-66833.0,68412.0,-122582.0,,0,0,0,0,0,0,1,2,ADV_NONCONN_IND,34,37,7,-1,0,-1,-1,5159,32,8,unknown
902.6940000000031,5F:C7:84:98:EF:13,13ef9884c75f0201021816aafe40a9fab91ac4fe9b912f7baeda3881568fc8254fbd,-13217.0,89287.0,-107240.0,82401.0,-124019.0,,0,0,0,0,0,1,1,0,ADV_IND,34,37,8,-1,0,-1,-1,1887,30,8,unknown
903.4259999999995,5C:2F:77:B9:CF:2A,2acfb9772f5c0201021816aafe40e28a8e666983bd634d67f92b859d03b0d40db8b1,0.0,85004.0,-91966.0,67106.0,-94704.0,,0,0,0,0,0,0,1,0,ADV_IND,34,37,7,-1,0,-1,-1,2947,32,8,unknown
904.3799999999974,5F:C7:84:98:EF:13,13ef9884c75f0201021816aafe40a9fab91ac4fe9b912f7baeda3881568fc8254fbd,-2992.0,48106.0,-90519.0,68936.0,-87362.0,,0,0,0,0,0,1,1,0,ADV_IND,34,37,1,-1,0,-1,-1,2998,32,8,unknown
904.9490000000005,C7:D0:BB:A0:84:6E,6e84a0bbd0c71eff4c001219aabd3f3e4b79b1eac022591f52acd21214cc2b34ec3641038e,-34359.0,42957.0,-90973.0,76155.0,-120761.0,,0,0,0,0,0,1,1,0,ADV_IND,37,37,10,-1,0,-1,-1,6557,31,8,unknown
904.9490000000005,D1:65:DA:4A:F3:90,90f34ada65d11eff4c00121900ddcd0b4446a1eb74e8ee5934abd47917f3e2915bbf6c4000,-32587.0,88902.0,-99677.0,87213.0,-133016.0,,0,0,0,0,0,0,1,2,ADV_NONCONN_IND,37,37,2,-1,0,-1,-1,3608,31,8,unknown
905.2139999999999,5C:2F:77:B9:CF:3A,3acfb9772f5c0201021816aafe40e28b8e66cd83b57169f779238d9951b1d15db120,-3318.0,99171.0,-93930.0,77979.0,-153901.0,,0,0,0,0,0,1,1,0,ADV_IND,34,37,15,-1,0,-1,-1,6559,32,8,unknown
906.3799999999974,5F:C7:84:98:EF:13,13ef9884c75f0201021816aafe40a9fab91ac4fe9b912f7baeda3881568fc8254fbd,-25924.0,67565.0,-113816.0,98438.0,-131454.0,,0,0,0,0,0,1,1,0,ADV_IND,34,37,1,-1,0,-1,-1,3736,32,8,unknown
906.6900000000023,C7:D0:BB:A0:84:2A,2a84a0bbd0c71eff4c001219aabd3f3e4b6bb1eac022591f52acd21214cc2b34ec36411386,-25533.0,21035.0,-102002.0,100525.0,-103628.0,,0,0,0,0,0,0,1,0,ADV_IND,37,37,8,-1,0,-1,-1,7840,31,7,unknown
908.6440000000002,5F:C7:84:98:EF:13,13ef9884c75f0201021816aafe40a9fab91ac4fe9b912f7baeda3881568fc8254fbd,-20869.0,55171.0,-103615.0,57083.0,-77522.0,,0,0,0,0,0,1,1,0,ADV_IND,34,37,15,-1,0,-1,-1,6591,32,8,unknown
908.8960000000006,C7:D0:BB:A0:84:6E,6e84a0bbd0c71eff4c001219aabd3f3e4b79b1eac022591f52acd21214cc2b34ec3641038e,-16424.0,95918.0,-130774.0,105094.0,-148243.0,,0,0,0,0,0,1,1,0,ADV_IND,37,37,15,-1,0,-1,-1,1493,32,7,unknown
909.2869999999966,5C:2F:77:B9:CF:3A,3acfb9772f5c0201021816aafe40e28b8e66cd83b57169f779238d9951b1d15db120,3700.0,86410.0,-98899.0,71411.0,-126454.0,,0,0,0,0,0,1,1,0,ADV_IND,34,37,3,-1,0,-1,-1,3439,31,8,unknown
910.7980000000025,5F:C7:84:98:EF:13,13ef9884c75f0201021816aafe40a9fab91ac4fe9b912f7baeda3881568fc8254fbd,-16949.0,66646.0,-77784.0,61158.0,-123662.0,,0,0,0,0,0,1,1,0,ADV_IND,34,37,2,-1,0,-1,-1,3232,32,8,unknown
911.273000000001,5C:2F:77:B9:CF:3A,3acfb9772f5c0201021816aafe40e28b8e66cd83b57169f779238d9951b1d15db120,2819.0,62512.0,-90741.0,81926.0,-137884.0,,0,0,0,0,0,1,1,0,ADV_IND,34,37,15,-1,0,-1,-1,3313,32,8,unknown
913.0769999999975,5C:2F:77:B9:CF:3A,3acfb9772f5c0201021816aafe40e28b8e66cd83b57169f779238d9951b1d15db120,-36104.0,96558.0,-72148.0,89295.0,-150677.0,,0,0,0,0,0,1,1,0,ADV_IND,34,37,9,-1,0,-1,-1,7419,32,8,unknown
914.6059999999998,5F:C7:84:98:EF:13,13ef9884c75f0201021816aafe40a9fab91ac4fe9b912f7baeda3881568fc8254fbd,-17016.0,72859.0,-95426.0,90734.0,-133321.0,,0,0,0,0,0,1,1,0,ADV_IND,34,37,12,-1,0,-1,-1,5224,32,8,unknown
915.5449999999983,5C:2F:77:B9:CF:3A,3acfb9772f5c0201021816aafe40e28b8666cda3bc7169f779238d9953b1d15db120,-23178.0,75558.0,-74563.0,74637.0,-110089.0,,0,0,0,0,0,0,1,2,ADV_NONCONN_IND,34,37,10,-1,0,-1,-1,2528,32,8,unknown
915.8119999999981,CF:FD:3E:F3:E8:76,76e8f33efdcf1eff4c00121900ac1e2a930aba6faaee9f7061452f984154e7e45fecb90000,-6322.0,62998.0,-95151.0,100796.0,-99778.0,,0,0,0,0,0,1,1,2,ADV_NONCONN_IND,37,37,0,-1,0,-1,-1,1875,32,8,unknown
915.8119999999981,D8:37:29:0E:EC:21,21ec0e2937d81eff4c00121900b76ee427869ed17507f4a316d8a3ff741de671f633360000,-5527.0,70470.0,-100560.0,121253.0,-145157.0,,0,0,0,0,0,1,1,2,ADV_NONCONN_IND,37,37,11,-1,0,-1,-1,3527,32,8,unknown
916.3570000000036,C7:E9:56:64:0E:BA,ba0e6456e9c71eff4c00121900281e73594851d0669e441f7f01567c45e618eca358f00020,-37645.0,44933.0,-107669.0,65068.0,-143872.0,,0,0,0,0,0,0,1,2,ADV_NONCONN_IND,37,37,1,-1,0,-1,-1,7390,32,7,unknown
916.8559999999998,5F:C7:84:98:6F:13,136f9884c75f0201021816aafe40a9fab91ac4fd9b932f7baedb3881368f7445669f,-20246.0,61781.0,-81446.0,47644.0,-71389.0,,0,0,0,0,0,0,1,0,ADV_IND,34,37,9,-1,0,-1,-1,4392,32,7,unknown
916.8559999999998,C7:D0:BB:A0:84:6E,6e84a0bbd0c71eff4c001219aabd3f3e4b79b1eac022591f52acd21214cc2b34ec364107ce,-6404.0,49895.0,-105414.0,73367.0,-118348.0,,0,0,0,0,0,0,1,0,ADV_IND,37,37,13,-1,0,-1,-1,1995,32,8,unknown
917.6089999999967,5C:2F:77:B9:CF:3A,3acfb9772f5c0201021816aafe40e20b8e66cd83b53169f7792b8d9941f0460fb121,-44280.0,79343.0,-65822.0,64425.0,-112997.0,,0,0,0,0,0,0,1,0,ADV_IND,34,37,9,-1,0,-1,-1,1619,32,8,unknown
917.8660000000018,CF:FD:3E:F3:E8:76,76e8f33efdcf1eff4c00121900ac1e2a930aba6f2aaf9f7061472fd84356e7f45fecb05220,-8557.0,74061.0,-91697.0,80217.0,-88788.0,,0,0,0,0,0,0,1,2,ADV_NONCONN_IND,37,37,9,-1,0,-1,-1,3105,32,8,unknown
917.8660000000018,D8:37:29:0E:EC:21,21ec0e2937d81eff4c00121900b76ee427869ed17507f4a316d8a3ff741de671f633360000,47.0,66295.0,-90736.0,63038.0,-110557.0,,0,0,0,0,0,1,1,2,ADV_NONCONN_IND,37,37,0,-1,0,-1,-1,4192,32,8,unknown
918.5829999999987,CF:E8:56:64:0E:B8,b80e6456e8cf1eff4c00121900291e73594851d06e9e455ff79204d820be7ef8aed0705405,-33346.0,30868.0,-120827.0,66185.0,-142308.0,,0,0,0,0,0,0,1,2,ADV_NONCONN_IND,37,37,12,-1,0,-1,-1,1229,30,7,unknown
919.377999999997,5F:C7:84:98:EF:13,13ef9884c75f0201021816aafe40a9f0a1b5230ce77c70e95bdbb266a98e169cca86,-13205.0,71915.0,-108758.0,49571.0,-74796.0,,0,0,0,0,0,0,1,0,ADV_IND,34,37,14,-1,0,-1,-1,2494,32,8,unknown
919.377999999997,5C:2F:77:B9:CF:3A,3acfb9772f5c0201021816aafe40e28b9c6fed8bb56141f77923acd941915059b120,0.0,86070.0,-80578.0,83769.0,-139492.0,,0,0,0,0,0,0,1,0,ADV_IND,34,37,4,-1,0,-1,-1,3794,32,8,unknown
920.8220000000001,5F:C7:84:98:EF:13,13ef9884c75f0201021816aafe40a9fab91ac4fe9b912f7baeda3881568fc8254fbd,-22688.0,63081.0,-76209.0,51092.0,-93696.0,,0,0,0,0,0,1,1,0,ADV_IND,34,37,5,-1,0,-1,-1,2605,32,8,unknown
922.9859999999971,5C:2F:77:B9:CF:3A,3acfb9772f5c0201021816aafe40e28b8e66cd83b57169f779238d9951b1d15db120,-15774.0,102645.0,-77678.0,53343.0,-134982.0,,0,0,0,0,0,1,1,0,ADV_IND,34,37,2,-1,0,-1,-1,5169,28,8,unknown
924.4400000000023,D8:37:29:0E:6E:A9,a96e0e2937d81aff4c00121900177ee437079e51fc07f4e336d8a3ff741de67fb613364000,-8420.0,58832.0,-75381.0,79496.0,-84904.0,,0,0,0,0,0,0,1,2,ADV_NONCONN_IND,37,37,3,-1,0,-1,-1,2111,32,8,unknown
925.224000000002,5F:D7:84:98:C7:13,13c79884d75f0201021016aafe50a9fab91ac4fe9b912f7baeda3881568fc82d4fbd,-17750.0,110370.0,-127494.0,84332.0,-110301.0,,0,0,0,0,0,0,1,0,ADV_IND,34,37,5,-1,0,-1,-1,4618,31,7,unknown
925.4470000000001,5C:2F:77:B9:CF:3A,3acfb9772f5c0201021816aafe40e28b8e66cd83b57169f779238d9951b1d15db120,1786.0,80942.0,-112777.0,70846.0,-108810.0,,0,0,0,0,0,1,1,0,ADV_IND,34,37,11,-1,0,-1,-1,3576,32,8,unknown
927.0729999999967,5F:C7:84:98:EF:13,13ef9884c75f0201021816aafe40a9fab91ac4fe9b912f7baeda3881568fc8254fbd,-12521.0,60982.0,-97913.0,72682.0,-114934.0,,0,0,0,0,0,1,1,0,ADV_IND,34,37,6,-1,0,-1,-1,3592,31,7,unknown
927.6580000000031,5C:2F:77:B9:CF:3A,3acfb9772f5c0201021816aafe40e28b8e66cd83b57169f779238d9951b1d15db120,-16361.0,106208.0,-72194.0,82936.0,-139892.0,,0,0,0,0,0,1,1,0,ADV_IND,34,37,13,-1,0,-1,-1,2013,32,8,unknown
929.0140000000029,5F:C7:84:98:EF:13,13ef9884c75f0201021816aafe40a9fab91ac4fe9b912f7baeda3881568fc8254fbd,0.0,69157.0,-103152.0,51739.0,-104740.0,,0,0,0,0,0,1,1,0,ADV_IND,34,37,9,-1,0,-1,-1,7645,32,8,unknown
929.4199999999983,5C:2F:77:B9:CF:3A,3acfb9772f5c0201221816aafe00e28b8e2ecd83bd33696779238d9951b1515db120,-15335.0,81434.0,-73834.0,71068.0,-106438.0,,0,0,0,0,0,0,1,0,ADV_IND,34,37,10,-1,0,-1,-1,1824,32,8,unknown
930.8810000000012,D1:66:34:D8:AD:D9,d9add83466d11eff4c00121900fa25e0953ec0174df20169d56c3bdd1a5b1d6009beeb0300,-8035.0,95549.0,-132032.0,120635.0,-136195.0,,0,0,0,0,0,1,1,2,ADV_NONCONN_IND,37,37,12,-1,0,-1,-1,2874,30,8,unknown
931.1319999999978,5F:C7:84:98:EF:13,13ef9884c75f0201021816aafe40a9fab91ac4fe9b912f7baeda3881568fc8254fbd,-4609.0,68290.0,-103974.0,40346.0,-95481.0,,0,0,0,0,0,1,1,0,ADV_IND,34,37,5,-1,0,-1,-1,4110,32,8,unknown
931.4700000000012,5C:2F:77:B9:CF:3A,3acfb9772f5c0201021816aafe40e28b8e66cd83b57169f779238d9951b1d15db120,-2662.0,72690.0,-78479.0,72542.0,-113212.0,,0,0,0,0,0,1,1,0,ADV_IND,34,37,15,-1,0,-1,-1,3883,32,8,unknown
932.6319999999978,D1:66:34:D8:AD:D9,d9add83466d11eff4c00121900fa25e0953ec0174df20169d56c3bdd1a5b1d6009beeb0300,5583.0,70076.0,-80395.0,86467.0,-116187.0,,0,0,0,0,0,1,1,2,ADV_NONCONN_IND,37,37,13,-1,0,-1,-1,3709,32,8,unknown
933.3110000000015,5F:C7:84:98:EF:13,13ef9884c75f0201021816aafe40a9fab91ac4fe9b912f7baeda3881568fc8254fd5,-54.0,62035.0,-91995.0,36570.0,-86272.0,,0,0,0,0,0,0,1,0,ADV_IND,34,37,4,-1,0,-1,-1,3493,32,8,unknown
933.5809999999983,5C:2F:77:B9:CF:3A,3acfb9772f5c0201021816aafe40e28b8e66cd83b57169f779238d9951b1d15db120,-33487.0,99415.0,-74738.0,79374.0,-130180.0,,0,0,0,0,0,1,1,0,ADV_IND,34,37,14,-1,0,-1,-1,1330,32,8,unknown
934.7379999999976,D1:66:34:D8:AD:D9,d9add83466d11eff4c00121900fa25f0952ee0174db24169d5643bdd1a6b1d6869b6eb1302,-16862.0,69661.0,-83109.0,90235.0,-132778.0,,0,0,0,0,0,0,1,2,ADV_NONCONN_IND,37,37,14,-1,0,-1,-1,4060,31,7,unknown
934.9809999999998,5F:87:84:98:EF:13,13ef9884875f0201021816aafe20a9fab91ac4fe7b5b277baeda3881568fc8474fbf,-14071.0,71456.0,-95269.0,39105.0,-86382.0,,0,0,0,0,0,0,1,0,ADV_IND,34,37,7,-1,0,-1,-1,2725,32,8,unknown
935.650999999998,5C:AF:77:B9:CF:BA,bacfb977af5c0201021816aafe40e28b8e66cda3b46169e779238d9903b1d10f90f9,-11642.0,88219.0,-75558.0,60791.0,-101910.0,,0,0,0,0,0,0,1,0,ADV_IND,34,37,13,-1,0,-1,-1,6873,32,8,unknown
937.5360000000001,5F:C7:84:98:EF:13,13ef9884c75f0201021816aafe40a9fab91ac4fe9b912f7baeda3881568fcc254fbf,-5834.0,62158.0,-85531.0,68104.0,-86131.0,,0,0,0,0,0,0,1,2,ADV_NONCONN_IND,34,37,3,-1,0,-1,-1,1739,32,8,unknown
937.7989999999991,5C:2F:77:B9:CF:3A,3acfb9772f5c0201021816aafe40e28b8e66cd83b57169f779238d9951b1d15db120,14595.0,74927.0,-97724.0,64119.0,-112593.0,,0,0,0,0,0,1,1,0,ADV_IND,34,37,15,-1,0,-1,-1,3022,31,8,unknown
939.7710000000006,5C:2F:77:B9:CF:3A,3acfb9772f5c0201021816aafe40e28b8e66cd83b57169f779238d9951b1d15db120,-31885.0,109885.0,-67022.0,93526.0,-151002.0,,0,0,0,0,0,1,1,0,ADV_IND,34,37,8,-1,0,-1,-1,1346,32,8,unknown
939.7710000000006,DF:16:90:BE:8B:1E,1e8bbe9016df1eff4c00121900c61a1de818831ba400a777eca4630c8cec0287b29bc80100,-23112.0,87758.0,-91006.0,59857.0,-107525.0,,0,0,0,0,0,0,1,2,ADV_NONCONN_IND,37,37,14,-1,0,-1,-1,4636,32,7,unknown
940.5089999999982,EE:BA:2A:0C:E2:76,76e20c2abaee1eff4c00121900d7cde9a78fc1ed859e6bca6424065e414f40271a05ed0000,-13933.0,68432.0,-88769.0,76694.0,-110885.0,,0,0,0,0,0,1,1,2,ADV_NONCONN_IND,37,37,8,-1,0,-1,-1,6678,32,8,unknown
941.8229999999967,5C:2F:77:B9:CF:3A,3acfb9772f5c0201021816aafe40e28b8e66cd83b57169f779238d9951b1d15db120,-12596.0,75357.0,-74895.0,63260.0,-104844.0,,0,0,0,0,0,1,1,0,ADV_IND,34,37,8,-1,0,-1,-1,3682,32,8,unknown
941.8229999999967,DF:16:90:BE:8B:1E,1e8bbe9016df1eff4c00121900c61a5de818931ba600b7776ca4232e8cec0387f2d3c80100,-16415.0,87693.0,-89821.0,89792.0,-136657.0,,0,0,0,0,0,0,1,2,ADV_NONCONN_IND,37,37,9,-1,0,-1,-1,5834,31,7,unknown
942.5729999999967,EE:BA:2A:0C:E2:76,76e20c2abaee1eff4c00121900d7cde9a78fc1ed859e6bca6424065e414f40271a05ed0000,-5049.0,56003.0,-87887.0,74096.0,-95365.0,,0,0,0,0,0,1,1,2,ADV_NONCONN_IND,37,37,14,-1,0,-1,-1,4830,32,8,unknown
943.137999999999,5F:C7:84:98:EF:13,13ef9884c75f0201021816aafe40a9fab91ac4fe9b912f7baeda3881568fc8254fbd,-496.0,88052.0,-122653.0,75232.0,-120249.0,,0,0,0,0,0,1,1,0,ADV_IND,34,37,15,-1,0,-1,-1,4176,32,8,unknown
944.377999999997,EE:BA:2A:0C:E2:76,76e20c2abaee1eff4c00121900d7cde9a78fc1ed859e6bca6424065e414f40271a05ed0000,-28046.0,76073.0,-89014.0,89245.0,-91190.0,,0,0,0,0,0,1,1,2,ADV_NONCONN_IND,37,37,10,-1,0,-1,-1,7634,32,8,unknown
945.25,5F:C7:84:98:EF:13,13ef9884c75f0201021816aafe40a9fab91ac4fe9b912f7baeda3881568fc8254fbd,-19059.0,80297.0,-79089.0,59484.0,-103856.0,,0,0,0,0,0,1,1,0,ADV_IND,34,37,15,-1,0,-1,-1,4435,32,8,unknown
946.1580000000031,5C:2F:77:B9:CF:3A,3acfb9772f5c0201021816aafe40e28b8e66cd83b57169f779238d9951b1d15db120,-7775.0,90489.0,-74573.0,92502.0,-130137.0,,0,0,0,0,0,1,1,0,ADV_IND,34,37,6,-1,0,-1,-1,4471,32,8,unknown
946.1580000000031,DF:16:90:BE:8F:1E,1e8fbe9016df1eff4c00121900c61a5de818939bae00b7676ca4632e8cec4387b2dbc84100,-19197.0,72578.0,-94911.0,76103.0,-118535.0,,0,0,0,0,0,0,1,2,ADV_NONCONN_IND,37,37,2,-1,0,-1,-1,8028,32,8,unknown
946.4259999999995,EF:BA:2A:0C:E2:76,76e20c2abaef1aff4c00121900d7cde9a78fc1ed859669ca6424145c414f44271a17ed0000,-831.0,69501.0,-95181.0,78685.0,-97976.0,,0,0,0,0,0,0,1,2,ADV_NONCONN_IND,37,37,2,-1,0,-1,-1,1651,32,8,unknown
947.6690000000017,5F:C7:84:98:EE:33,33ee9884c75f0201021816aafe00a9fab91ac4fe9b912f7baeda3881568fc8254fbd,-1669.0,78535.0,-109100.0,89844.0,-119455.0,,0,0,0,0,0,0,1,0,ADV_IND,34,37,12,-1,0,-1,-1,6265,31,8,unknown
947.9250000000029,5C:2F:77:B9:CF:3A,3acfb9772f5c0201021816aafe40e28b8e66cd83b57169f779238d9951b1510fb120,-13424.0,85667.0,-67284.0,65519.0,-106075.0,,0,0,0,0,0,0,1,0,ADV_IND,34,37,3,-1,0,-1,-1,3515,32,8,unknown
947.9250000000029,CF:16:90:BE:8B:1E,1e8bbe9016cf1eff4c00121900c61a5de818939bae243d773ce41f2c443f734fa6b1c81d15,-17915.0,75035.0,-105446.0,93055.0,-107106.0,,0,0,0,0,0,0,1,2,ADV_NONCONN_IND,37,37,11,-1,0,-1,-1,5777,32,8,unknown
948.5380000000005,EE:BA:2A:0C:E2:76,76e20c2abaee1eff4c00121900d7cde9a78fc1edcd9e6bea6424065e414f40271a05ee0084,-10257.0,77342.0,-77273.0,78063.0,-113838.0,,0,0,0,0,0,0,1,2,ADV_NONCONN_IND,37,37,8,-1,0,-1,-1,1255,32,8,unknown
949.5210000000006,5F:C7:84:98:EF:13,13ef9884c75f0201021816aafe40a9fab91ac4fe9b912f7baeda3881568e1615da82,-23048.0,69354.0,-77998.0,42424.0,-93135.0,,0,0,0,0,0,0,1,0,ADV_IND,34,37,9,-1,0,-1,-1,1117,32,8,unknown
950.4729999999981,5C:2F:77:B9:CF:3A,3acfb9772f5c0201021816aafe40e28b8e66cd83b5716927f023e8caa3111a80274c,1299.0,94135.0,-81363.0,58627.0,-104345.0,,0,0,0,0,0,0,1,0,ADV_IND,34,37,15,-1,0,-1,-1,1064,32,8,unknown
951.2439999999988,EE:BA:2A:0C:E2:76,76e20c2abaee1eff4c00121900d7cde9a78fc1ed859e6bca6424065e414f40271a05ed0000,0.0,75383.0,-69549.0,52094.0,-122223.0,,0,0,0,0,0,1,1,2,ADV_NONCONN_IND,37,37,5,-1,0,-1,-1,3441,32,8,unknown
953.5520000000033,5F:C7:84:98:EF:13,13ef9884c75f0201021816aafe40a9fab91ac4fe9b912f7baeda3881568fc8254fbd,-14964.0,80374.0,-101531.0,66957.0,-115890.0,,0,0,0,0,0,0,1,0,ADV_IND,34,37,9,-1,0,-1,-1,2238,32,8,unknown
953.5520000000033,DF:16:90:BE:8B:1E,1e8bbe9016df1eff4c00121900c63a1de818931bac00b7776ce4272404ee0307e29bc85580,2577.0,75591.0,-105468.0,67292.0,-114023.0,,0,0,0,0,0,0,1,2,ADV_NONCONN_IND,37,37,4,-1,0,-1,-1,2688,32,8,unknown
953.8110000000015,EE:BA:2A:0C:E2:76,76e20c2abaee1eff4c00121900d7cde9a78fc1ed859e6bca6424065e414f40271a05ed0000,0.0,45966.0,-92265.0,66790.0,-106771.0,,0,0,0,0,0,1,1,2,ADV_NONCONN_IND,37,37,5,-1,0,-1,-1,2613,32,8,unknown
954.0829999999987,5F:C7:84:98:EF:13,13ef9884c75f0201021816aafe40a9fab91ac4fe9b912f7baeda3881568fc8254fbd,0.0,73134.0,-112239.0,72567.0,-110812.0,,0,0,0,0,0,1,1,0,ADV_IND,34,37,15,-1,0,-1,-1,6740,32,8,unknown
954.0829999999987,5C:2F:77:B9:CF:3A,3acfb9772f5c0201021816aafe40e28b8e66cd83b57169f77923acc803111aa0274c,-12929.0,72138.0,-71403.0,68598.0,-97980.0,,0,0,0,0,0,0,1,0,ADV_IND,34,37,13,-1,0,-1,-1,6258,32,8,unknown
955.3139999999985,EE:BA:28:0C:E2:76,76e20c28baee1eff4c00121900d7cde9a78fc1ed859e6bca6424065e414e40273a06cf0500,-24466.0,106688.0,-105790.0,91383.0,-120197.0,,0,0,0,0,0,0,1,2,ADV_NONCONN_IND,37,37,8,-1,0,-1,-1,1257,31,8,unknown
955.7220000000016,5F:C7:84:98:EF:13,13ef9884c75f0201021816aafe40a9fab83683eccf9d646bafda3085468fc805cfbd,-11280.0,82824.0,-113865.0,65225.0,-94541.0,,0,0,0,0,0,0,1,0,ADV_IND,34,37,10,-1,0,-1,-1,6299,32,8,unknown
955.7220000000016,5C:2F:77:B9:5F:3A,3a5fb9772f5c0201021816aafe40e28b8e66cd83b5716977f1238dc913b1d159b120,688.0,99458.0,-88679.0,81068.0,-127958.0,,0,0,0,0,0,0,1,2,ADV_NONCONN_IND,34,37,3,-1,0,-1,-1,4561,32,8,unknown
957.5420000000013,CF:8D:D9:AE:1C:D8,d81caed98dcf1eff4c001219aa006c0a4424af9610244744b3976a27bf6221fb8587e1013e,-20861.0,64049.0,-113635.0,82809.0,-128039.0,,0,0,0,0,0,0,1,0,ADV_IND,37,37,12,-1,0,-1,-1,2261,31,8,unknown
957.5420000000013,EA:34:B7:0E:5E:61,615e0eb734ea1eff4c0012190051623a125165ca564791528e492188436cf36735305c1300,-24584.0,68892.0,-83896.0,80277.0,-118032.0,,0,0,0,0,0,0,1,2,ADV_NONCONN_IND,37,37,7,-1,0,-1,-1,4539,30,7,unknown
957.5420000000013,5F:C7:84:98:EF:13,13ef9884c75f0201021816aafe40a9fab91ac4fe9b912f7baeda3881568fc8254fbd,-2649.0,61512.0,-88719.0,82436.0,-104536.0,,0,0,0,0,0,1,1,0,ADV_IND,34,37,3,-1,0,-1,-1,7715,32,8,unknown
958.2450000000026,5C:2F:77:B9:CF:3A,3acfb9772f5c0201021816aafe40e28b8e66cd83b57169f779238d9951b1d15db120,-528.0,73850.0,-79834.0,101152.0,-143375.0,,0,0,0,0,0,1,1,0,ADV_IND,34,37,9,-1,0,-1,-1,7565,32,8,unknown
959.5959999999977,5F:C7:84:98:EF:13,13ef9884c75f0201021816aafe40a9fab91ac4fe9b912f7baedb38c0428ede054ebf,2602.0,69638.0,-98776.0,55269.0,-94626.0,,0,0,0,0,0,0,1,0,ADV_IND,34,37,11,-1,0,-1,-1,5735,32,8,unknown
960.1949999999997,5C:2F:77:B9:CF:3A,3acfb9772f5c0201021816aafe40e28b8e66cd83b57169f779238d9951b1d15db120,8626.0,76695.0,-88055.0,77850.0,-122233.0,,0,0,0,0,0,1,1,0,ADV_IND,34,37,12,-1,0,-1,-1,7559,31,8,unknown
961.0849999999991,CF:8D:D9:AE:1C:DA,da1caed98dcf1eff4c001219aa006c0a4424af9610244f44b3976af72d7862f2a19fdc5389,-30682.0,72349.0,-94493.0,64325.0,-124644.0,,0,0,0,0,0,0,1,0,ADV_IND,37,37,2,-1,0,-1,-1,5163,32,8,unknown
961.7300000000032,5F:C7:84:98:EF:13,13ef9884c75f0201021816aafe40a9fab91ac4fe9b912f7baeda3881568fc8254fbd,-13134.0,81518.0,-91431.0,59977.0,-106990.0,,0,0,0,0,0,1,1,0,ADV_IND,34,37,9,-1,0,-1,-1,7222,32,8,unknown
962.2119999999995,5C:2F:77:B9:C7:3A,3ac7b9772f5c0201021816aafe40e28b8e66cd83b57169f779238d9951b1d15db120,1465.0,91268.0,-87995.0,58263.0,-132769.0,,0,0,0,0,0,0,1,0,ADV_IND,34,37,5,-1,0,-1,-1,3314,32,7,unknown
963.101999999999,CF:8D:D9:AE:1C:DA,da1caed98dcf1eff4c0012192a00300e4424af9614244f44b3976a233f4221f98587eb013e,-51539.0,75332.0,-104612.0,65896.0,-117011.0,,0,0,0,0,0,0,1,0,ADV_IND,37,37,2,-1,0,-1,-1,1090,32,8,unknown
963.375,5F:C7:84:98:EF:13,13ef9884c75f0201021816aafe40a9fab91ac4fe9b912f7baeda3881568fc8254fbd,-14255.0,54949.0,-87217.0,74705.0,-82231.0,,0,0,0,0,0,1,1,0,ADV_IND,34,37,6,-1,0,-1,-1,7520,32,8,unknown
964.1330000000016,5C:2F:77:B9:CF:3A,3acfb9772f5c0201021816aafe40e28b8e66cd83b57169f779238d9951b1d15db120,-1154.0,66340.0,-73665.0,85798.0,-118643.0,,0,0,0,0,0,1,1,0,ADV_IND,34,37,12,-1,0,-1,-1,2511,32,8,unknown
965.1750000000029,CF:8D:D9:AE:1C:DA,da1caed98dcf1eff4c001219aa006c0a4424af9610244f44b3976a27bf6221f98585e9013a,-20078.0,68794.0,-102685.0,105779.0,-129146.0,,0,0,0,0,0,1,1,0,ADV_IND,37,37,15,-1,0,-1,-1,6507,32,8,unknown
965.6030000000028,5F:C7:84:98:EF:13,13ef9884c75f0201021816aafe40a9fab91ac4fe9b912f7baeda3881568fc8254fbd,-4358.0,82185.0,-102441.0,80113.0,-106861.0,,0,0,0,0,0,1,1,0,ADV_IND,34,37,15,-1,0,-1,-1,5976,31,8,unknown
966.7869999999966,5C:AF:77:B9:CF:3A,3acfb977af5c0201021816aafe04e28bce26cd83bc7169f779238d995191da1d234c,-7577.0,79369.0,-72946.0,65739.0,-101041.0,,0,0,0,0,0,0,1,0,ADV_IND,34,37,1,-1,0,-1,-1,4054,32,8,unknown
967.599000000002,5F:C7:84:98:EF:13,13ef9884c75f0201021816aafe40a9fab91ac4fe9b912f7baeda3881568fc8254fbd,-3120.0,63935.0,-93428.0,60839.0,-85002.0,,0,0,0,0,0,0,1,0,ADV_IND,34,37,3,-1,0,-1,-1,6998,32,8,unknown
968.6180000000022,5C:2F:77:B9:CF:3A,3acfb9772f5c0201021816aafe40e28b8e66cd83b57169f779238d9951b1d15db120,11402.0,117683.0,-108765.0,87590.0,-148600.0,,0,0,0,0,0,0,1,0,ADV_IND,34,37,6,-1,0,-1,-1,1838,31,8,unknown
969.6909999999989,5F:C7:84:98:EF:13,13ef9884c75f0201021816aafe40a9fab91ac4fe9b912f7baeda3881568fc8254fbd,-22535.0,58124.0,-76801.0,62553.0,-92488.0,,0,0,0,0,0,1,1,0,ADV_IND,34,37,6,-1,0,-1,-1,6411,30,8,unknown
970.2839999999997,5C:2F:77:B9:CF:3A,3acfb9772f5c0201021816aafe40e28b8e66cd83b57169f779238d9951b1d15db120,-7672.0,84333.0,-54366.0,68940.0,-113024.0,,0,0,0,0,0,1,1,0,ADV_IND,34,37,10,-1,0,-1,-1,3652,32,8,unknown
971.4360000000015,5F:C7:84:D0:EF:13,13efd084c75f0201221816aafe40a9ea991accec9b912f5b2fbd4691491e0317a615,9947.0,23090.0,-124996.0,74855.0,-66470.0,,0,0,0,0,0,0,1,0,ADV_IND,34,37,15,-1,0,-1,-1,2597,32,8,unknown
972.4360000000015,5C:2F:77:B9:CF:3A,3acfb9772f5c0201021816aafe40e28b8e66cd83b57169f7f927edca03911800a304,-24956.0,80894.0,-68375.0,62235.0,-103908.0,,0,0,0,0,0,0,1,0,ADV_IND,34,37,15,-1,0,-1,-1,1545,32,8,unknown
974.5639999999985,5C:2F:77:B9:CF:3A,3acfb9772f5c0201021816aafe40e20b8e6ecd83b5714d6779238d9911115b29a304,-10918.0,70559.0,-75465.0,78451.0,-101673.0,,0,0,0,0,0,0,1,0,ADV_IND,34,37,3,-1,0,-1,-1,2921,32,8,unknown
976.4910000000018,5C:2F:77:B9:CF:3A,3acfb9772f5c0201021816aafe40e28b8e66cd83b57169f779238d9951b1d15db120,-10392.0,90348.0,-66796.0,82521.0,-118407.0,,0,0,0,0,0,1,1,0,ADV_IND,34,37,13,-1,0,-1,-1,6586,31,7,unknown
978.273000000001,5C:2F:77:B9:CF:3A,3acfb9772f5c0201021816aafe40e28b8e66cd83b57169f779238d9951b1d15db120,20320.0,78621.0,-97511.0,90954.0,-141184.0,,0,0,0,0,0,1,1,0,ADV_IND,34,37,8,-1,0,-1,-1,3565,32,8,unknown
980.3419999999969,5C:2F:77:B9:CF:3A,3acfb9772f5c0201021816aafe40e28b8e66cd83b57169f779238cd853b1d159b160,931.0,77306.0,-89620.0,71921.0,-110093.0,,0,0,0,0,0,0,1,0,ADV_IND,34,37,14,-1,0,-1,-1,5658,32,8,unknown
984.3689999999988,5C:2F:77:B9:CF:3A,3acfb9772f5c0201021816aafe40e28b8e66cd83b57169f779238d9951b1d161b120,-25729.0,80443.0,-67894.0,84242.0,-111963.0,,0,0,0,0,0,0,1,0,ADV_IND,34,37,12,-1,0,-1,-1,4215,32,8,unknown
987.4599999999991,5C:2F:77:B9:CF:3A,3acfb9772f5c0201021816aafe00e28b8e2ecd83b53169f779238d9911b1d1b59cb1,-13880.0,78024.0,-74374.0,66633.0,-97249.0,,0,0,0,0,0,0,1,0,ADV_IND,34,37,7,-1,0,-1,-1,5196,32,8,unknown
988.614999999998,5C:2F:77:B9:CF:3A,3acfb9772f5c0201021816aafe40e28b8e66cd83b57169f779238d9951b1d15db120,11740.0,96050.0,-107096.0,97170.0,-155386.0,,0,0,0,0,0,1,1,0,ADV_IND,34,37,14,-1,0,-1,-1,1688,32,7,unknown
990.5610000000015,5C:2F:77:B9:CF:3A,3acfb9772f5c0201021816aafe40e28b8e66cd83b57169f779238d9951b1d15db120,0.0,55812.0,-72356.0,92280.0,-123621.0,,0,0,0,0,0,1,1,0,ADV_IND,34,37,12,-1,0,-1,-1,4301,32,8,unknown
994.5449999999983,5C:2F:77:B9:CF:3A,3acfb9772f5c0201021816aafe40e28b8e66cd83b57169f779238d9951b1d15db120,-9603.0,95454.0,-82338.0,75170.0,-119521.0,,0,0,0,0,0,1,1,0,ADV_IND,34,37,0,-1,0,-1,-1,7486,32,8,unknown
996.898000000001,5C:2F:77:B9:CF:3A,3acfb9772f5c0201021816aafe40f28b8e66a7abf00c532fb027e8eaaa111aa0274c,-6131.0,83730.0,-66149.0,57119.0,-117034.0,,0,0,0,0,0,0,1,0,ADV_IND,34,37,0,-1,0,-1,-1,1813,32,8,unknown
998.5160000000033,4E:2F:7F:B9:CF:3A,3acfb97f2f4e0201021816aafe50a28b8e66cd83f47169f779238dd943b1d11db120,15026.0,109593.0,-121324.0,87247.0,-135414.0,,0,0,0,0,0,0,1,0,ADV_IND,34,37,13,-1,0,-1,-1,6836,32,7,unknown
1000.6169999999984,5C:2F:77:B9:CF:3A,3acfb9772f5c0201021816aafe40e28b8e66cd83b57169f779238d9951b1d15db120,-9760.0,94695.0,-67239.0,72246.0,-143907.0,,0,0,0,0,0,1,1,0,ADV_IND,34,37,0,-1,0,-1,-1,5961,32,8,unknown
1002.6129999999976,5C:2F:77:B9:CF:3A,3acfb9772f5c0201021816aafe40e28b8e66cd83b57169f779238d9951b1d15db120,-4629.0,99848.0,-80204.0,95204.0,-149496.0,,0,0,0,0,0,1,1,0,ADV_IND,34,37,8,-1,0,-1,-1,6242,32,8,unknown
1004.7220000000016,4C:2F:77:B9:5F:3A,3a5fb9772f4c0201020816aafe40f28b8e2ecd83b53169f779238d9951b1d15db120,0.0,107905.0,-106093.0,84066.0,-119162.0,,0,0,0,0,0,0,1,2,ADV_NONCONN_IND,34,37,12,-1,0,-1,-1,4989,32,7,unknown
1006.726999999999,5C:2F:77:B9:CF:3A,3acfb9772f5c0201021816aafe40e28b8e66cd83b57169f7f923adea2a911aa9a74c,-3972.0,75744.0,-95048.0,85849.0,-108122.0,,0,0,0,0,0,0,1,0,ADV_IND,34,37,1,-1,0,-1,-1,3228,32,8,unknown
1011.2940000000017,4A:B1:A2:74:ED:CA,caed74a2b14a0201021816aafe40f5516df6bbe3f648a2461a546e63ed024d94fbbf,3751.0,99577.0,-68757.0,79397.0,-110428.0,,0,0,0,0,0,1,1,0,ADV_IND,34,37,7,-1,0,-1,-1,5170,32,8,unknown
1012.6310000000012,EF:FF:A6:55:DE:24,24de55a6ffef1eff4c001219003899caf7c54bef138eec7e6171bd4263fd8f9dc816fe0100,-19828.0,74544.0,-92206.0,68940.0,-123232.0,,0,0,0,0,0,1,1,2,ADV_NONCONN_IND,37,37,7,-1,0,-1,-1,4191,32,7,unknown
1015.1889999999985,5C:2F:77:B9:CF:3A,3acfb9772f5c0201021816aafe40e28b8e66cd83b57169f779238d9951b1d15db120,0.0,115703.0,-99767.0,95813.0,-142235.0,,0,0,0,0,0,1,1,0,ADV_IND,34,37,0,-1,0,-1,-1,7428,32,7,unknown
1015.1889999999985,67:3A:22:6D:7D:53,537d6d223a671eff4c00121900282d9cbd762caa442a09b13f3bb76ccdfff9c8f2c8a00200,-21595.0,70803.0,-104880.0,55070.0,-122296.0,,0,0,0,0,0,0,1,2,ADV_NONCONN_IND,37,37,14,-1,0,-1,-1,5891,32,8,unknown
1018.2339999999967,EF:FF:A6:55:DE:24,24de55a6ffef1eff4c001219007899caf7c54bef138eec7e6193b54263fd8f9dc816fe0100,-13322.0,46286.0,-103242.0,80559.0,-102753.0,,0,0,0,0,0,0,1,2,ADV_NONCONN_IND,37,37,9,-1,0,-1,-1,3885,32,8,unknown
1018.9979999999996,FA:1C:DD:2B:39:C5,c5392bdd1cfa08ff4c00121904f1fc16bb5c9babb0844b7f7dc8ecd3c8a08736a722de0200,-15044.0,102664.0,-117479.0,97959.0,-129110.0,,0,0,0,0,0,0,1,2,ADV_NONCONN_IND,37,37,13,-1,0,-1,-1,4522,32,8,unknown
1019.5120000000024,5C:2F:77:B9:CF:3A,3acfb9772f5c0201021816aafe40e28b8e66cd83b57169f779238d9951b1d15db120,-5788.0,105647.0,-109620.0,94437.0,-156303.0,,0,0,0,0,0,1,1,0,ADV_IND,34,37,2,-1,0,-1,-1,5869,30,7,unknown
1024.4579999999987,64:88:26:3A:8A:72,728a3a2688640201021816aafe40e28b8e66cd83b57169f779238d5907b1540eb1b1,-4852.0,73009.0,-78841.0,60723.0,-106920.0,,0,0,0,0,0,0,1,0,ADV_IND,34,37,12,-1,0,-1,-1,3377,32,8,unknown
1028.474000000002,EF:DF:A6:55:DE:24,24de55a6dfef1eff4c001219001099ce57d56baf73aeee7e51923fc1436cbe9dce95ac510a,-15182.0,49247.0,-116083.0,69210.0,-92541.0,,0,0,0,0,0,0,1,2,ADV_NONCONN_IND,37,37,0,-1,0,-1,-1,2404,32,7,unknown
1028.7900000000009,64:88:26:3A:8A:72,728a3a2688640201021816aafe40e28b8e66cd83b57169f779238d9951b1d15db120,-23535.0,110119.0,-85454.0,92937.0,-146811.0,,0,0,0,0,0,1,1,0,ADV_IND,34,37,5,-1,0,-1,-1,3683,32,8,unknown
1030.2410000000018,D3:F3:CC:F2:43:37,3743f2ccf3d31eff4c001219106fe99d20a0d2c67581dcdca541e171d1ee7eb21c1e8a0127,-18353.0,58318.0,-66236.0,56440.0,-98297.0,,0,0,0,0,0,0,1,0,ADV_IND,37,37,14,-1,0,-1,-1,4508,32,8,unknown
1030.6180000000022,64:88:26:3A:8A:72,728a3a2688640201021816aafe40e28b8e66cd83b57169f779238d9951b1d15db120,-16388.0,80676.0,-80787.0,85974.0,-99295.0,,0,0,0,0,0,1,1,0,ADV_IND,34,37,8,-1,0,-1,-1,5338,32,8,unknown
1033.0670000000027,56:68:21:27:E3:3F,3fe3272168561aff4c00121900174069eea1a4ad5878ed2e7ffac349059d2be55d1fe00202,18054.0,79341.0,-77721.0,70824.0,-82966.0,,0,0,0,0,0,0,1,2,ADV_NONCONN_IND,37,37,8,-1,0,-1,-1,7600,32,8,unknown
1033.3179999999993,E7:3A:22:6D:7D:53,537d6d223ae71eff4c00121900282c9cbd762caa442a09b13f3bb76ccdfff9c8f2c8a00200,-14452.0,57282.0,-103322.0,71513.0,-140971.0,,0,0,0,0,0,1,1,2,ADV_NONCONN_IND,37,37,13,-1,0,-1,-1,5702,30,7,unknown
1034.3329999999987,FA:1C:D9:2B:39:C5,c5392bd91cfa0eff4c00121900f1ec16bb5c9babb08443ff7dc8ee93d8a08736a722de1200,-6544.0,78530.0,-107729.0,102804.0,-123037.0,,0,0,0,0,0,0,1,2,ADV_NONCONN_IND,37,37,8,-1,0,-1,-1,3991,29,7,unknown
1035.173999999999,E7:1A:22:6D:7D:53,537d6d221ae71eff4c0012190028299cbd766daa442a09f13f3bb76ccdffd9c8f2c9b0529f,-20826.0,37217.0,-110307.0,56013.0,-92271.0,,0,0,0,0,0,0,1,2,ADV_NONCONN_IND,37,37,0,-1,0,-1,-1,7947,32,7,unknown
1036.8059999999969,64:88:26:3A:8A:72,728a3a2688640201021816aafe40e28b8e66cd83b57169f779238d9951b1d15db120,-14006.0,102691.0,-71551.0,76882.0,-131467.0,,0,0,0,0,0,1,1,0,ADV_IND,34,37,2,-1,0,-1,-1,7147,32,8,unknown
1040.002999999997,D3:FB:4C:F2:C3:37,37c3f24cfbd31eff4c001219006fe99d20a0d2c67481dcdca541e171d1fc7eb21c1e8a0137,-19325.0,57698.0,-64405.0,68918.0,-132852.0,,0,0,0,0,0,0,1,0,ADV_IND,37,37,2,-1,0,-1,-1,1466,32,7,unknown
1042.8439999999973,64:88:26:3A:8A:72,728a3a2688640201021816aafe00ab8a8e66cd83b57169f7792b8d9911b0d11db1b1,-13961.0,70043.0,-98314.0,60583.0,-80396.0,,0,0,0,0,0,0,1,0,ADV_IND,34,37,4,-1,0,-1,-1,7187,32,8,unknown
1043.3819999999978,D6:68:25:27:E3:3F,3fe3272568d61eff4c00121900174069ee81b4ad5878ed2e5df2430949dd27e4dd5fe80200,402.0,87697.0,-82559.0,90764.0,-75199.0,,0,0,0,0,0,1,1,2,ADV_NONCONN_IND,37,37,14,-1,0,-1,-1,2423,32,8,unknown
1044.8669999999984,64:88:26:3A:8A:72,728a3a2688640201021816aafe40e28b8e66cd83b57169f779238d9951b1d15fb1a0,8827.0,65333.0,-85186.0,59793.0,-83955.0,,0,0,0,0,0,0,1,0,ADV_IND,34,37,2,-1,0,-1,-1,7025,32,8,unknown
1045.4709999999977,D6:68:25:27:E7:BF,bfe7272568d61eff4c001219001740696e81b4adc878ed2edffa430901cc27c4dd5fa81600,20762.0,85678.0,-84978.0,63460.0,-90251.0,,0,0,0,0,0,0,1,2,ADV_NONCONN_IND,37,37,12,-1,0,-1,-1,1634,32,8,unknown
1048.1529999999984,D3:F3:4C:F2:C3:37,37c3f24cf3d31eff4c001219106fe99d20a042c6f581dc54a541e171d1fc7e321c1e8a0137,-26112.0,45628.0,-85171.0,68882.0,-77696.0,,0,0,0,0,0,0,1,2,ADV_NONCONN_IND,37,37,9,-1,0,-1,-1,4103,32,8,unknown
1048.9420000000027,D6:68:25:27:E3:3F,3fe3272568d61eff4c00121900174069ee81b4ad5878ed2e5df2430901dd27e4dd57e8022a,18670.0,74219.0,-85474.0,48498.0,-87714.0,,0,0,0,0,0,0,1,2,ADV_NONCONN_IND,37,37,2,-1,0,-1,-1,2547,32,8,unknown
1049.201000000001,E7:3A:22:4D:7D:53,537d4d223ae71eff4c001219002c2c9ebd762daa442a09b13f3bb76ccdff59c8f2c8a00200,-26207.0,58024.0,-85833.0,56387.0,-130233.0,,0,0,0,0,0,0,1,2,ADV_NONCONN_IND,37,37,5,-1,0,-1,-1,1890,32,7,unknown
1050.4749999999985,D3:F3:CC:F2:C3:37,37c3f2ccf3d31eff4c001219106fe99d20a0d2c67581dcdca541e171d1fc7eb21c3e8a0137,-36358.0,44401.0,-70667.0,92240.0,-123682.0,,0,0,0,0,0,1,1,0,ADV_IND,37,37,6,-1,0,-1,-1,7664,31,8,unknown
1051.0219999999972,EF:FF:A6:55:DE:24,24de55a6ffef1eff4c001219003899caf7c56bef1387f47fb57974c7a3b70d4898d7f60104,-32096.0,61643.0,-118111.0,68809.0,-108348.0,,0,0,0,0,0,0,1,2,ADV_NONCONN_IND,37,37,9,-1,0,-1,-1,6391,31,7,unknown
1051.286,D6:68:25:27:E3:3F,3fe3272568d61eff4c00121900174069e681b4ad5878ed2e5df2430949dd27e4dd5fe8763d,580.0,70694.0,-74184.0,49412.0,-110668.0,,0,0,0,0,0,0,1,2,ADV_NONCONN_IND,37,37,1,-1,0,-1,-1,6628,32,8,unknown
1052.0710000000036,D3:F3:CC:F2:C3:37,37c3f2ccf3d31eff4c001219106fe99d20a0d2c67581dcdca541e171d1fc7eb21c3e8a0137,-12785.0,43821.0,-80362.0,80240.0,-97177.0,,0,0,0,0,0,1,1,0,ADV_IND,37,37,5,-1,0,-1,-1,5122,31,8,unknown
1053.4470000000001,D6:68:25:27:E3:3F,3fe3272568d61eff4c00121900174069ee81b4ad5878ed2e5df2430949dd27e4dd5fe80200,-4438.0,94689.0,-79611.0,90922.0,-121334.0,,0,0,0,0,0,1,1,2,ADV_NONCONN_IND,37,37,13,-1,0,-1,-1,5124,32,8,unknown
1054.6039999999994,EF:FF:A4:55:DE:24,24de55a4ffef0eff4c001219001899cad7454bed038fe47e6559b44263fd8f1dc816fe6730,-36228.0,56828.0,-129938.0,83962.0,-124385.0,,0,0,0,0,0,0,1,2,ADV_NONCONN_IND,37,37,12,-1,0,-1,-1,3182,32,8,unknown
1056.423999999999,EF:FF:A6:55:DE:24,24de55a6ffef1eff4c001219003899caf7c543ef138ee47e6171bd4263fd8f1dca16be0100,-5127.0,59740.0,-101837.0,83872.0,-113676.0,,0,0,0,0,0,0,1,2,ADV_NONCONN_IND,37,37,5,-1,0,-1,-1,4878,28,7,unknown
1058.0190000000002,D3:F3:CC:F2:C3:37,37c3f2ccf3d31eff4c001219107fa99d20a0d2e675a1dcd4b741e171d1fc7eb21c3e8a0127,-19953.0,33803.0,-81114.0,66135.0,-91684.0,,0,0,0,0,0,0,1,0,ADV_IND,37,37,0,-1,0,-1,-1,5314,32,7,unknown
1058.7019999999975,EF:FF:A6:55:DE:24,24de55a6ffef0eff4c001219003899cad7c549ef1386ec7fe170b54263fd851d0a17f65100,-42903.0,78218.0,-112274.0,78771.0,-109508.0,,0,0,0,0,0,0,1,2,ADV_NONCONN_IND,37,37,5,-1,0,-1,-1,3913,32,8,unknown
1059.237000000001,64:88:26:3A:8A:72,728a3a2688640201021816aafe40e28b8e66cd83b57169f779238d9951b1d15db120,-5462.0,102469.0,-89745.0,65685.0,-147076.0,,0,0,0,0,0,1,1,0,ADV_IND,34,37,10,-1,0,-1,-1,4077,32,8,unknown
1059.237000000001,D6:68:25:27:E3:3F,3fe3272568d60eff4c00121900174069ee81a4ad5838ed2e5df2430949dd27e4dd5fe80200,-2239.0,70875.0,-69834.0,61825.0,-105169.0,,0,0,0,0,0,0,1,2,ADV_NONCONN_IND,37,37,13,-1,0,-1,-1,6491,32,8,unknown
1060.673999999999,EF:FF:A6:D5:DE:2E,2eded5a6ffef1eff4c001219003899cad7c54bef128eec7ee171bd4263fd7b0b6856f7f784,-31783.0,73009.0,-96604.0,63132.0,-99806.0,,0,0,0,0,0,0,1,2,ADV_NONCONN_IND,37,37,0,-1,0,-1,-1,6041,29,8,unknown
1061.2200000000012,64:88:26:3A:8A:72,728a3a2688640201021816aafe40e28b8e66cd83b57169f779238d9951b1d15db120,530.0,89678.0,-79625.0,54497.0,-137887.0,,0,0,0,0,0,1,1,0,ADV_IND,34,37,13,-1,0,-1,-1,6531,32,8,unknown
1061.2200000000012,D6:78:25:27:E3:2F,2fe3272578d61eff4c00121900174069ee81b4adc878e52e5ff2430949dc27e4dd5fe80200,17726.0,50381.0,-98952.0,88328.0,-97110.0,,0,0,0,0,0,0,1,2,ADV_NONCONN_IND,37,37,15,-1,0,-1,-1,3022,32,8,unknown
1064.7799999999988,EF:FF:A6:55:DE:24,24de55a6ffef1eff4c001219003c99caf7cf4bef138eec7e6171bd4263fd8f1dc816fe0100,-2792.0,87029.0,-135029.0,85924.0,-131672.0,,0,0,0,0,0,0,1,2,ADV_NONCONN_IND,37,37,10,-1,0,-1,-1,3127,32,8,unknown
1069.5310000000027,D6:68:25:27:E3:3F,3fe3272568d61eff4c00121900174069ee81b4ad5878ed2e5dfa4309419d27e4dd5fe80220,4874.0,94880.0,-76863.0,65043.0,-97083.0,,0,0,0,0,0,0,1,2,ADV_NONCONN_IND,37,37,7,-1,0,-1,-1,1266,32,8,unknown
1071.3930000000037,D6:68:65:27:E3:3F,3fe3276568d61eff4c00121900174069eea1b4ad4878ed2e5df24309499d27e4dd5fe80200,7600.0,114473.0,-88673.0,77310.0,-124851.0,,0,0,0,0,0,0,1,2,ADV_NONCONN_IND,37,37,4,-1,0,-1,-1,1170,30,7,unknown
1071.3930000000037,E7:BA:22:6D:5D:53,535d6d22bae70eff4c00121900283c9cbd762caa442a09b13f3bb76ccdfff9c8f2c8a04228,-20721.0,66514.0,-104045.0,52795.0,-125392.0,,0,0,0,0,0,0,1,2,ADV_NONCONN_IND,37,37,10,-1,0,-1,-1,6574,30,7,unknown
1073.4950000000026,D6:69:65:27:E3:3F,3fe3276569d61eff4c00121900174069ee81b4ad5838ed2e7df2430949dd27e4dd5fe80200,0.0,98394.0,-86827.0,108857.0,-124462.0,,0,0,0,0,0,0,1,2,ADV_NONCONN_IND,37,37,8,-1,0,-1,-1,1443,30,8,unknown
1075.3629999999976,64:88:26:3A:8A:72,728a3a2688640201021816aafe40e20b8e26cda3b53169f7f92b8d9951b0515db120,-17080.0,81676.0,-72803.0,65443.0,-102307.0,,0,0,0,0,0,0,1,0,ADV_IND,34,37,12,-1,0,-1,-1,6183,32,7,unknown
1076.913999999997,D6:68:25:27:E3:3F,3fe3272568d61eff4c00121900174069ee81b4ad4078ed2e37d2430909dd27e4dd5fe90200,-7536.0,79511.0,-79131.0,89607.0,-102583.0,,0,0,0,0,0,0,1,2,ADV_NONCONN_IND,37,37,6,-1,0,-1,-1,3824,31,8,unknown
1079.6789999999964,44:88:26:3A:8A:72,728a3a2688440201021816aafe00e38b8e2ecd83b5316967fb23859941915809a184,4168.0,76708.0,-86485.0,64110.0,-101020.0,,0,0,0,0,0,0,1,0,ADV_IND,34,37,15,-1,0,-1,-1,2880,32,8,unknown
1081.25,64:88:26:3A:8A:72,728a3a2688640201021816aafe00e20b8e26cd83b57169f779238d9951b1d15db120,-6087.0,73609.0,-81703.0,70504.0,-94934.0,,0,0,0,0,0,0,1,0,ADV_IND,34,37,11,-1,0,-1,-1,5085,32,8,unknown
1085.3269999999975,64:88:26:3A:8A:72,728a3a2688640201021816aafe40e28b8e66cd83b57169f779238d9951b1d15db120,0.0,89220.0,-68565.0,61079.0,-136139.0,,0,0,0,0,0,0,1,3,SCAN_REQ,34,37,14,-1,0,-1,-1,4374,32,8,unknown
1087.8510000000024,64:88:26:3A:8A:72,728a3a2688640201021816aafe40e28f8e664da3bc716977f9238d995191d0493520,-22339.0,90211.0,-76937.0,65080.0,-98575.0,,0,0,0,0,0,0,1,0,ADV_IND,34,37,8,-1,0,-1,-1,6545,32,8,unknown
1093.8050000000003,64:88:26:3A:8A:72,728a3a2688640201021816aafe40e28b8e66cd83b57169f779238d9951b1d15db120,-18055.0,72517.0,-92220.0,72740.0,-136697.0,,0,0,0,0,0,1,1,0,ADV_IND,34,37,11,-1,0,-1,-1,7107,32,8,unknown
1097.826000000001,64:88:26:3A:8A:72,728a3a2688640201021816aafe40e28b8c66ed83b57169f779238d9943b1d05db120,-4207.0,71330.0,-87071.0,66115.0,-91760.0,,0,0,0,0,0,0,1,0,ADV_IND,34,37,8,-1,0,-1,-1,1190,32,8,unknown
1099.6200000000026,64:88:26:32:CE:72,72ce322688640241021816aafe40e28b8e66cda3b57169f7792b859953b1501db120,-5793.0,75624.0,-73924.0,56167.0,-114191.0,,0,0,0,0,0,0,1,0,ADV_IND,34,37,0,-1,0,-1,-1,2117,32,8,unknown
1113.9289999999964,64:88:26:3A:8A:72,728a3a2688640201021816aafe40e28b8e66cd83b57169f779238d9951b1d15db120,-6675.0,110326.0,-86051.0,84687.0,-143320.0,,0,0,0,0,0,1,1,0,ADV_IND,34,37,12,-1,0,-1,-1,1117,32,8,unknown
1117.010000000002,EF:FF:A6:55:DE:24,24de55a6ffef1eff4c001219003899caf7c54bef138e2ce152b196e5db52e8aef237c3c31f,-19493.0,91562.0,-110310.0,58102.0,-144308.0,,0,0,0,0,0,0,1,2,ADV_NONCONN_IND,37,37,4,-1,0,-1,-1,2053,32,8,unknown
1118.4570000000022,64:88:26:3A:8E:72,728e3a2688640201021816aafe40e28b8e66cd83b57169f779238d9951b1d15db120,-13624.0,104705.0,-92225.0,52196.0,-152185.0,,0,0,0,0,0,0,1,0,ADV_IND,34,37,5,-1,0,-1,-1,2480,30,7,unknown
1119.5639999999985,E7:3A:22:4D:5D:53,535d4d223ae71eff4c0012190028a894b5762caac42a09b1373bb764cdfff8c8e288b81204,-17356.0,46980.0,-97597.0,52960.0,-138116.0,,0,0,0,0,0,0,1,2,ADV_NONCONN_IND,37,37,2,-1,0,-1,-1,4552,31,7,unknown
1122.4279999999999,FA:1C:DD:2B:39:C5,c5392bdd1cfa1eff4c00121900f1ec06bb5c9babb0844b7f7dc8ee93d8808736a722de0e00,-9164.0,64181.0,-85588.0,88352.0,-90554.0,,0,0,0,0,0,0,1,2,ADV_NONCONN_IND,37,37,1,-1,0,-1,-1,5936,32,8,unknown
1123.1800000000003,6F:FF:A6:45:DE:34,34de45a6ff6f1aff4c001219003899caf7cd73ef13ae6c7e6379bdc063fccf1fcc96fd4122,-22622.0,45905.0,-111085.0,62924.0,-98479.0,,0,0,0,0,0,0,1,2,ADV_NONCONN_IND,37,37,11,-1,0,-1,-1,4471,32,7,unknown
1124.0820000000022,D3:F3:CC:F2:C3:37,37c3f2ccf3d31aff4c001219106fe99d20a0d2c47501dc5cb541e171c3fc7eb31cbe880137,-18869.0,47545.0,-55083.0,65329.0,-123286.0,,0,0,0,0,0,0,1,0,ADV_IND,37,37,0,-1,0,-1,-1,3717,32,7,unknown
1125.716999999997,D6:68:25:27:E3:3F,3fe3272568d61eff4c00121900174069e681b4ad5878ed26ddd2434903cc27e4dd57e81200,1895.0,71383.0,-80043.0,71424.0,-85718.0,,0,0,0,0,0,0,1,2,ADV_NONCONN_IND,37,37,1,-1,0,-1,-1,1276,32,8,unknown
1129.2450000000026,FA:21:CD:73:97:7C,7c9773cd21fa1eff4c00121960dd664357d1136af4117df791c036cd0e56ba4daab72c728a,-16035.0,67415.0,-102646.0,73097.0,-117532.0,,0,0,0,0,0,0,1,0,ADV_IND,37,37,15,-1,0,-1,-1,1860,32,8,unknown
1131.7050000000017,E7:3A:22:4D:7D:53,537d4d223ae71aff4c0012190028a89cbd762caa442a09b13f3bb74ccdfff9c8f248301620,-59687.0,63800.0,-95740.0,55948.0,-128041.0,,0,0,0,0,0,0,1,2,ADV_NONCONN_IND,37,37,7,-1,0,-1,-1,1695,31,8,unknown
1142.6129999999976,64:88:26:3A:8A:72,728a3a2688640201021816aafe40e28b8e66cd83b57169f779238d9951b1d15db120,-18102.0,70103.0,-77285.0,52292.0,-137278.0,,0,0,0,0,0,1,1,0,ADV_IND,34,37,15,-1,0,-1,-1,3457,32,8,unknown
1147.7430000000022,D6:68:25:27:E3:3F,3fe3272568d61eff4c00121900174069ee81b4ad5878ed2eddda430801dca7c5cd57e07602,-9601.0,77894.0,-66462.0,50509.0,-121036.0,,0,0,0,0,0,0,1,2,ADV_NONCONN_IND,37,37,3,-1,0,-1,-1,1441,32,7,unknown
1150.5899999999965,D3:F3:D8:F2:C3:37,37c3f2d8f3d31eff4c001219006fe99d20a0d2c47581dcd4a541e17191fe3eb21c96e8412e,-11037.0,39979.0,-64256.0,71974.0,-91377.0,,0,0,0,0,0,0,1,0,ADV_IND,37,37,12,-1,0,-1,-1,7781,30,7,unknown
1151.8210000000036,64:88:26:3A:8A:72,728a3a2688640201021816aafe40e28b8e66cd83b57169f779238d9951b1d15db120,-14224.0,100730.0,-83435.0,74428.0,-147433.0,,0,0,0,0,0,1,1,0,ADV_IND,34,37,0,-1,0,-1,-1,3467,32,8,unknown
1153.724000000002,D6:68:25:27:E3:3F,3fe3272568d61eff4c00121900174069ee8184ad4868c56e57da4309438d65e4d9df784600,-3458.0,82922.0,-93888.0,78691.0,-123623.0,,0,0,0,0,0,0,1,2,ADV_NONCONN_IND,37,37,15,-1,0,-1,-1,6984,32,8,unknown
1158.252999999997,D3:F3:CC:F2:C3:37,37c3f2ccf3d31eff4c001219146fe99d20a0d2ce7581dcdca741e171d3fc7eb31c3e8a0137,-22388.0,88513.0,-94790.0,73874.0,-150596.0,,0,0,0,0,0,0,1,0,ADV_IND,37,37,13,-1,0,-1,-1,5675,32,8,unknown
1163.6039999999994,56:79:25:27:E7:AF,afe7272579561eff4c00121900174029ee81b4ad5878ed2e7df2430949dd27e4dd5fe80200,-7412.0,93326.0,-93483.0,87639.0,-126838.0,,0,0,0,0,0,0,1,2,ADV_NONCONN_IND,37,37,7,-1,0,-1,-1,6412,31,8,unknown
1173.5369999999966,FA:A1:DD:73:9F:78,789f73dda1fa1eff4c00121960dd665756d1132afc117df7b3c1b4d00e66aa4faa176c120a,-24870.0,51288.0,-103051.0,72406.0,-110176.0,,0,0,0,0,0,0,1,0,ADV_IND,37,37,10,-1,0,-1,-1,7086,32,7,unknown
1173.5369999999966,56:68:25:27:E3:3F,3fe3272568561eff4c00121900174069eea1b4ad5c78ed265df24308439d27e4dd5fa81200,12936.0,76824.0,-93409.0,77111.0,-99307.0,,0,0,0,0,0,0,1,2,ADV_NONCONN_IND,37,37,10,-1,0,-1,-1,6029,30,7,unknown
1176.466999999997,D3:F3:CC:F2:C3:37,37c3f2ccf3d31eff4c001219006fa99d20a0d2c6f581dcdca543b175d1fc7cb21c1e080137,-29764.0,48862.0,-66284.0,56243.0,-105226.0,,0,0,0,0,0,0,1,0,ADV_IND,37,37,3,-1,0,-1,-1,5733,32,7,unknown
1179.1240000000034,64:88:26:3A:8E:72,728e3a2688640201021816aafe40e28b8e66cd83b57169f779238d9951b1d11db120,-2716.0,64140.0,-67193.0,63742.0,-112314.0,,0,0,0,0,0,0,1,0,ADV_IND,34,37,0,-1,0,-1,-1,7100,32,7,unknown
1185.4879999999976,FA:21:CC:73:97:7C,7c9773cc21fa1eff4c00121960dd665357d1136af4117d7791c0b6500eb5e10aaabfb7c3fd,-44193.0,50071.0,-109890.0,84331.0,-109787.0,,0,0,0,0,0,0,1,0,ADV_IND,37,37,9,-1,0,-1,-1,5954,30,7,unknown
1186.9429999999993,64:88:26:3A:8A:72,728a3a2688640201021816aafe40e28b8e66cd83b57169f779238d9951b1d15db1a0,-15301.0,107020.0,-93161.0,85790.0,-141229.0,,0,0,0,0,0,0,1,0,ADV_IND,34,37,10,-1,0,-1,-1,7719,31,7,unknown
1195.3700000000026,74:54:34:71:DC:E3,e3dc7134547402011a0dff4c00121900456fe5ac1cc69a,-37245.0,74782.0,-81733.0,56004.0,-149636.0,,0,0,0,0,0,0,1,2,ADV_NONCONN_IND,23,37,13,-1,0,-1,-1,7409,32,8,unknown
1195.7839999999997,D6:68:25:27:E3:3F,3fe3272568d61eff4c00121900174069ee81b4ad5878ed265df2430909dd27e4dd5fe80200,-4148.0,96897.0,-88197.0,72646.0,-122438.0,,0,0,0,0,0,0,1,2,ADV_NONCONN_IND,37,37,12,-1,0,-1,-1,5867,32,8,unknown
1196.964,64:88:26:3A:8A:72,728a3a2688640201021816aafe00e38bc6664da3bc21697779230ddd41b1545fb0b0,-4420.0,65908.0,-79057.0,52344.0,-106511.0,,0,0,0,0,0,0,1,0,ADV_IND,34,37,8,-1,0,-1,-1,1150,32,8,unknown
1200.6860000000015,CF:FF:A6:55:DE:A4,a4de55a6ffcf1eff4c001219003899caf7cd6bef138eec7ef11f3dc263fc8f0fca17fe4120,-38493.0,45952.0,-105817.0,64661.0,-106792.0,,0,0,0,0,0,0,1,2,ADV_NONCONN_IND,37,37,15,-1,0,-1,-1,3401,31,7,unknown
1201.4230000000025,D6:68:25:27:E3:3F,3fe3272568d61eff4c001219001740696e81b4ad5878cd2efdd2430849dd27e4dd5fe85604,8232.0,70293.0,-87283.0,54331.0,-97083.0,,0,0,0,0,0,0,1,2,ADV_NONCONN_IND,37,37,7,-1,0,-1,-1,2080,32,8,unknown
1203.6370000000024,FA:21:CD:73:9F:7C,7c9f73cd21fa0aff4c00121960dd664357d1136af4117df791c0b6500e62aa4da8372e0088,-21321.0,54654.0,-105313.0,85118.0,-119360.0,,0,0,0,0,0,0,1,0,ADV_IND,37,37,12,-1,0,-1,-1,7136,31,7,unknown
1203.6370000000024,D6:68:25:27:E3:3F,3fe3272568d61eff4c00121900174069ee81a4ad5838ed2e7df2430949dd27e4dd5fe80200,-26167.0,83431.0,-77460.0,79334.0,-101080.0,,0,0,0,0,0,0,1,2,ADV_NONCONN_IND,37,37,4,-1,0,-1,-1,5489,32,8,unknown
1207.1030000000028,44:88:26:3A:8A:72,728a3a2688440201021816aafe40e20b8e66cd83b47169f7f1238de903915809a38c,-20867.0,86833.0,-69759.0,54222.0,-127631.0,,0,0,0,0,0,0,1,0,ADV_IND,34,37,14,-1,0,-1,-1,7633,32,7,unknown
1209.1010000000024,64:88:26:3A:8A:72,728a3a2688640201021816aafe40e28b8e66cd83b57369f779238d990191505db124,295.0,72480.0,-83943.0,79369.0,-109429.0,,0,0,0,0,0,0,1,0,ADV_IND,34,37,10,-1,0,-1,-1,4143,32,8,unknown
1212.0690000000031,D6:68:25:27:E3:27,27e3272568d61eff4c001219001741696e89a1ad5878c16767f30f88030f67ec99df784204,12134.0,71762.0,-91744.0,55746.0,-109985.0,,0,0,0,0,0,0,1,2,ADV_NONCONN_IND,37,37,3,-1,0,-1,-1,1485,32,8,unknown
1221.6410000000033,D6:69:25:27:E3:3F,3fe3272569d60eff4c00121908174069ee81f4ad4878e52e5df2530949dd27e4dd5fe84220,246.0,82499.0,-97042.0,76242.0,-87166.0,,0,0,0,0,0,0,1,2,ADV_NONCONN_IND,37,37,3,-1,0,-1,-1,1218,32,8,unknown
1227.0160000000033,EF:FF:A6:55:DE:24,24de55a6ffef1aff4c001219003899ca77c54bef138eec7e61713d4263fd8f9dc816fe0100,-30536.0,41779.0,-108679.0,79627.0,-122099.0,,0,0,0,0,0,0,1,2,ADV_NONCONN_IND,37,37,8,-1,0,-1,-1,7672,31,7,unknown
1233.2900000000009,EF:FF:A6:55:DE:24,24de55a6ffef1eff4c001219003899caf7c54bef13a7a1b8f0ab3d3b74d96de5d899889828,-29683.0,63471.0,-138252.0,82186.0,-92458.0,,0,0,0,0,0,0,1,2,ADV_NONCONN_IND,37,37,4,-1,0,-1,-1,3147,31,7,unknown
1235.135000000002,EF:FF:A6:55:DE:24,24de55a6ffef1eff4c001219003899caf7c54bef138eec7e6171bd4263fd8f9dc816fe0100,-16165.0,62541.0,-101939.0,74733.0,-107784.0,,0,0,0,0,0,1,1,2,ADV_NONCONN_IND,37,37,1,-1,0,-1,-1,3402,32,8,unknown
1235.7750000000015,C7:3A:20:6D:5D:53,535d6d203ac71eff4c0012190028389e9d3e6caa442a49a33f3bb7ec8dfff988b2c8204620,-34772.0,35730.0,-109949.0,44202.0,-113980.0,,0,0,0,0,0,0,1,2,ADV_NONCONN_IND,37,37,3,-1,0,-1,-1,6906,29,7,unknown
1241.4680000000008,D2:1E:E9:57:42:78,784257e91ed21eff4c0012190040cfb527746a41473593d6975353f24427f41eca1f347694,-31121.0,57393.0,-105797.0,75592.0,-151790.0,,0,0,0,0,0,0,1,2,ADV_NONCONN_IND,37,37,9,-1,0,-1,-1,4538,31,8,unknown
1242.0639999999985,E7:3A:22:6D:7D:53,537d6d223ae71eff4c00121900282c94bd762caa442a09b13f3bb74ccdfff8c8b2c8300202,-27471.0,61845.0,-94860.0,34788.0,-121756.0,,0,0,0,0,0,0,1,2,ADV_NONCONN_IND,37,37,4,-1,0,-1,-1,5533,32,8,unknown
1243.9130000000005,64:88:26:3A:8A:72,728a3a2688640201021816aafe40e28b8e66cd83b57169f779238d9951b1d15db120,0.0,61022.0,-77539.0,57894.0,-104004.0,,0,0,0,0,0,1,1,0,ADV_IND,34,37,6,-1,0,-1,-1,7178,30,8,unknown
1247.6319999999978,D2:0E:E9:57:42:68,684257e90ed20aff4c0012190040cfb527746b74472783d6975b53e2448e142e6e871dd220,-26816.0,38311.0,-97523.0,72550.0,-113733.0,,0,0,0,0,0,0,1,2,ADV_NONCONN_IND,37,37,0,-1,0,-1,-1,2683,32,8,unknown
1247.8899999999994,64:88:26:3A:8A:72,728a3a2688640201021816aafe40e28b8e66cd83b57169f779238d9951b1d15db120,-8807.0,82266.0,-82591.0,70927.0,-135970.0,,0,0,0,0,0,1,1,0,ADV_IND,34,37,3,-1,0,-1,-1,2898,32,8,unknown
1249.1489999999976,6C:88:26:3A:8A:72,728a3a26886c0201061816aafe40e28b8e2cc983bd634967f923859d13b1d40fb0b1,-834.0,72622.0,-93311.0,62407.0,-98054.0,,0,0,0,0,0,0,1,0,ADV_IND,34,37,4,-1,0,-1,-1,4711,32,8,unknown
1250.1779999999999,EF:FF:A6:55:DE:24,24de55a6ffef1eff4c001219001899caf7c563ef138ecc7e619137c063ed9f0fca96fc4102,-39723.0,45671.0,-102080.0,58978.0,-113982.0,,0,0,0,0,0,0,1,2,ADV_NONCONN_IND,37,37,2,-1,0,-1,-1,2306,32,7,unknown
1250.7030000000013,6C:88:26:3A:8A:72,728a3a26886c0201021016aafe40e28b8e66cd83b57169f779238d9951b1d15db120,-26860.0,97970.0,-81216.0,69968.0,-129686.0,,0,0,0,0,0,0,1,0,ADV_IND,34,37,1,-1,0,-1,-1,4850,32,7,unknown
1251.7450000000026,EF:FF:A6:55:DE:24,24de55a6ffef1eff4c001219003899caf7c54bef138eec7e6171bd4263fd8f9dc816fe0100,-30881.0,52066.0,-115052.0,88428.0,-123901.0,,0,0,0,0,0,1,1,2,ADV_NONCONN_IND,37,37,13,-1,0,-1,-1,6741,32,7,unknown
1252.2379999999976,64:88:26:3A:8A:72,728a3a2688640201021816aafe40e28b8e66cd83b5314df779238dd953b1d14fb120,-14767.0,77363.0,-80449.0,76131.0,-119020.0,,0,0,0,0,0,0,1,0,ADV_IND,34,37,2,-1,0,-1,-1,6795,32,8,unknown
1253.0169999999998,EF:FF:A6:55:DE:24,24de55a6ffef1eff4c001219003899caf7c54bef138eec7ef173bd4263ff8f9d8a96fe0100,-45333.0,89311.0,-104551.0,47159.0,-142401.0,,0,0,0,0,0,0,1,2,ADV_NONCONN_IND,37,37,7,-1,0,-1,-1,1941,32,8,unknown
1253.2690000000002,D2:0E:E9:57:42:78,784257e90ed20aff4c0012190000cf3527746a41473593d6975353f24527f43e48973c5e02,-48464.0,41033.0,-106712.0,72945.0,-103696.0,,0,0,0,0,0,0,1,2,ADV_NONCONN_IND,37,37,7,-1,0,-1,-1,1091,30,7,unknown
1253.525999999998,64:88:26:3A:8A:72,728a3a2688640201021816aafe40e28b8e66cd83b57169f779238d9951b0d105b121,-17019.0,66960.0,-79305.0,61200.0,-117365.0,,0,0,0,0,0,0,1,0,ADV_IND,34,37,3,-1,0,-1,-1,5036,32,8,unknown
1255.466999999997,64:88:26:3A:8A:72,728a3a2688640201021816aafe40e28b8e66cd83b57169f779238d9951b1d15db120,-28032.0,87523.0,-77581.0,81566.0,-138276.0,,0,0,0,0,0,1,1,0,ADV_IND,34,37,12,-1,0,-1,-1,1666,32,7,unknown
1257.0509999999995,EF:FF:A6:55:DE:24,24de55a6ffef1eff4c0012190018f9ca77e54bef132ec47e61dbb54243fc9f0dca17be5120,-17759.0,41875.0,-121456.0,59263.0,-90479.0,,0,0,0,0,0,0,1,2,ADV_NONCONN_IND,37,37,13,-1,0,-1,-1,2286,32,7,unknown
1257.7079999999987,64:88:26:3A:9E:72,729e3a2688640201021816aafe40e28bac2ecd83b471697779238d9941b1d15db120,-1948.0,72643.0,-77054.0,34046.0,-109657.0,,0,0,0,0,0,0,1,0,ADV_IND,34,37,5,-1,0,-1,-1,6457,32,8,unknown
1258.815999999999,EF:FF:A6:55:DE:24,24de55a6ffef1eff4c001219003899caf7c74bef1386ec7ef14e3dc043ecde0dca97bc1100,-19084.0,38204.0,-116056.0,83843.0,-102821.0,,0,0,0,0,0,0,1,2,ADV_NONCONN_IND,37,37,7,-1,0,-1,-1,4979,32,7,unknown
1259.487000000001,E7:3A:22:6D:7D:53,537d6d223ae71eff4c0012190028ac9cbd7e2caa442a49b13f3b376ccdfff9c8bac8a01202,-32112.0,50368.0,-114359.0,54611.0,-139149.0,,0,0,0,0,0,0,1,2,ADV_NONCONN_IND,37,37,13,-1,0,-1,-1,5640,32,8,unknown
1259.828999999998,64:88:26:3A:8A:72,728a3a2688640241021816aafe40e28b8e66cd83b57369f77923859951b1545db120,-11162.0,85373.0,-84656.0,67504.0,-115223.0,,0,0,0,0,0,0,1,0,ADV_IND,34,37,11,-1,0,-1,-1,3324,32,8,unknown
1260.8450000000012,6F:FF:A6:55:DE:24,24de55a6ff6f1aff4c001219003cb9aaf7e540ae728c5476cb5135c163fcde1fea95be512a,-30332.0,51290.0,-109066.0,58014.0,-102258.0,,0,0,0,0,0,0,1,2,ADV_NONCONN_IND,37,37,10,-1,0,-1,-1,5270,32,7,unknown
1261.7059999999983,64:88:26:3A:8A:72,728a3a2688640201021816aafe40e28b8e66cd83b56169f779238d9951b1d15db120,2300.0,70191.0,-71530.0,43515.0,-141819.0,,0,0,0,0,0,0,1,0,ADV_IND,34,37,9,-1,0,-1,-1,4739,32,8,unknown
1262.877999999997,EF:FF:A6:55:DE:24,24de55a6ffef1eff4c0012190038998a77c56bae1306cc7e61793d4063fd9f1dc817fe1100,-24193.0,64135.0,-106647.0,48219.0,-113650.0,,0,0,0,0,0,0,1,2,ADV_NONCONN_IND,37,37,13,-1,0,-1,-1,1242,31,8,unknown
1265.8810000000012,CF:1B:20:6D:7D:53,537d6d201bcf1aff4c00121900382c9ebd766caa4c2a49b3773b370c8dffdcc8f288304220,-27317.0,36307.0,-112964.0,60604.0,-119113.0,,0,0,0,0,0,0,1,2,ADV_NONCONN_IND,37,37,3,-1,0,-1,-1,1230,31,7,unknown
1265.8810000000012,64:88:26:3A:8A:72,728a3a2688640201021816aafe40e20b8e26eda3b5356d7779238dd951b1d50db120,-21834.0,82378.0,-77621.0,56923.0,-131104.0,,0,0,0,0,0,0,1,0,ADV_IND,34,37,0,-1,0,-1,-1,4563,30,7,unknown
1267.6100000000006,E7:3A:22:6D:7D:5B,5b7d6d223ae71eff4c00121900282c9eb5762caa442a09b1373bb764cdff59c8f2c8200600,-37228.0,68445.0,-100521.0,38040.0,-123629.0,,0,0,0,0,0,0,1,2,ADV_NONCONN_IND,37,37,10,-1,0,-1,-1,2454,32,7,unknown
1268.2459999999992,64:88:26:3A:8A:72,728a3a2688640201021816aafe40e28b8e66cd83b57169f779238d9901b1d01db120,-10488.0,74778.0,-79679.0,37346.0,-99964.0,,0,0,0,0,0,0,1,0,ADV_IND,34,37,6,-1,0,-1,-1,4543,32,7,unknown
1271.1299999999974,EF:FF:A6:55:DE:24,24de55a6ffef1eff4c0012190038f9cef7c54bef138eec7e6171bd4263fd8f9dca16fe0100,-34947.0,62386.0,-102790.0,58320.0,-102112.0,,0,0,0,0,0,0,1,2,ADV_NONCONN_IND,37,37,5,-1,0,-1,-1,3099,32,7,unknown
1271.7019999999975,EF:3A:22:ED:7D:53,537ded223aef1eff4c0012190028289c9d362caa442a09b13f3bb76ccdfff9c8f2c8300e00,-39104.0,43849.0,-109375.0,71141.0,-105997.0,,0,0,0,0,0,0,1,2,ADV_NONCONN_IND,37,37,15,-1,0,-1,-1,4782,32,7,unknown
1271.7019999999975,64:88:26:3A:8A:72,728a3a2688640201021816aafe40e28b8e66cd83b5314d6779238d9951b1d04db121,-10143.0,74059.0,-70298.0,47753.0,-116879.0,,0,0,0,0,0,0,1,0,ADV_IND,34,37,0,-1,0,-1,-1,5924,32,8,unknown
1273.0429999999978,EF:FF:A6:55:DE:24,24de55a6ffef1eff4c001219003899caf7cd4bef138eec7e6179bd42633535481ad7d77d15,-59358.0,59267.0,-109569.0,59110.0,-117734.0,,0,0,0,0,0,0,1,2,ADV_NONCONN_IND,37,37,0,-1,0,-1,-1,2314,32,8,unknown
1273.9789999999994,64:88:26:3A:8A:72,728a3a2688640201021816aafe40e28b8e26cd83b53169f779238d9951b1d55db120,-19166.0,96003.0,-77442.0,63310.0,-116587.0,,0,0,0,0,0,0,1,0,ADV_IND,34,37,14,-1,0,-1,-1,4148,32,7,unknown
1277.3940000000002,EF:FF:A6:55:DE:24,24de55a6ffef1eff4c001219003899ca77c54bef13a6ec766371b54263fc8f9dc896fc4100,-45288.0,44112.0,-105185.0,60440.0,-112579.0,,0,0,0,0,0,0,1,2,ADV_NONCONN_IND,37,37,2,-1,0,-1,-1,6523,31,8,unknown
1279.4270000000033,64:88:26:3A:9A:72,729a3a2688640201021816aafe40e28b8e66cd83b47169f7f92a8d9911b0d14db020,-18421.0,92081.0,-80745.0,72951.0,-111721.0,,0,0,0,0,0,0,1,0,ADV_IND,34,37,7,-1,0,-1,-1,7047,32,8,unknown
1280.2119999999995,EF:FF:A6:55:DE:24,24de55a6ffef0eff4c001219003c99caf7cd43ef138eec7ee171bd4263fd8f9dc896fe0102,-9690.0,54624.0,-113223.0,57690.0,-136189.0,,0,0,0,0,0,0,1,2,ADV_NONCONN_IND,37,37,1,-1,0,-1,-1,4680,32,7,unknown
1281.434000000001,EF:FF:A6:55:DE:24,24de55a6ffef1eff4c001219003899caf7c54bef1386e57e65533cc223ff8f0dca16f60100,3336.0,62066.0,-132629.0,72337.0,-135878.0,,0,0,0,0,0,0,1,2,ADV_NONCONN_IND,37,37,7,-1,0,-1,-1,1947,32,7,unknown
1281.921000000002,64:88:26:3A:8A:72,728a3a2688640201021816aafe40e28a8e66ed83b57169f779238dd953b1514db120,1794.0,83472.0,-88897.0,53864.0,-113854.0,,0,0,0,0,0,0,1,0,ADV_IND,34,37,13,-1,0,-1,-1,4414,32,7,unknown
1284.3320000000022,64:88:26:3A:8A:72,728a3a2688640201021816aafe40e20b8e66cd83b57169f779238d9911b1d15db120,-17759.0,99174.0,-82214.0,83519.0,-148487.0,,0,0,0,0,0,0,1,0,ADV_IND,34,37,9,-1,0,-1,-1,6716,31,8,unknown
1285.8890000000029,64:88:26:3A:8E:72,728e3a2688640201021816aafe40e28b8e66cd83b57169f779238dd951b1d15db120,-551.0,85495.0,-90431.0,64889.0,-130583.0,,0,0,0,0,0,0,1,0,ADV_IND,34,37,9,-1,0,-1,-1,2407,31,8,unknown
1286.908000000003,EF:FF:A6:D5:DE:24,24ded5a6ffef0eff4c001219001c99caf7cd61ef138eec7e6173bd426369ce0fea97bd7122,-24367.0,52268.0,-112541.0,56823.0,-109736.0,,0,0,0,0,0,0,1,2,ADV_NONCONN_IND,37,37,15,-1,0,-1,-1,5542,32,7,unknown
1288.1419999999998,64:88:26:3A:8A:72,728a3a2688640201021816aafe40e28b8e66cd83b57169f779238d9951b1d15db120,9824.0,82461.0,-98430.0,77578.0,-167491.0,,0,0,0,0,0,1,1,0,ADV_IND,34,37,7,-1,0,-1,-1,2217,31,7,unknown
1288.913999999997,EF:FF:A6:55:DE:A4,a4de55a6ffef1eff4c001219003899cad7c54bef1306ec7e7151b54263fd8f9dc816be0100,-23541.0,35628.0,-100738.0,48009.0,-114365.0,,0,0,0,0,0,0,1,2,ADV_NONCONN_IND,37,37,3,-1,0,-1,-1,7643,31,7,unknown
1290.2540000000008,64:88:26:3A:8A:72,728a3a2688640201021816aafe40e20b8e2e4da3bc7169677b23859943b0d05db920,-21267.0,71489.0,-78610.0,53136.0,-110126.0,,0,0,0,0,0,0,1,0,ADV_IND,34,37,11,-1,0,-1,-1,3772,32,8,unknown
1290.8150000000023,EF:FF:A6:55:DE:24,24de55a6ffef1eff4c001219001899caf7cd4baf138ecc7ee1f1bd4263fd8f0d5a17fe5110,-21388.0,60005.0,-90249.0,70815.0,-112748.0,,0,0,0,0,0,0,1,2,ADV_NONCONN_IND,37,37,8,-1,0,-1,-1,5180,31,8,unknown
1292.1940000000031,64:88:26:3A:8A:72,728a3a2688640201021816aafe40a28b8e66cd83b56169f779238dd951b1d11db120,-11243.0,97412.0,-89353.0,70097.0,-149859.0,,0,0,0,0,0,0,1,0,ADV_IND,34,37,8,-1,0,-1,-1,4745,30,7,unknown
1294.114999999998,4C:88:24:3A:8A:72,728a3a24884c0201221816aafe40e20a8e6eed83b5716977f9238d9941b1d41db130,-9322.0,74374.0,-79232.0,49467.0,-111752.0,,0,0,0,0,0,0,1,0,ADV_IND,34,37,10,-1,0,-1,-1,3628,32,8,unknown
1295.214,CF:FF:A6:D5:DE:24,24ded5a6ffcf0eff4c001219001c99ca57c549ef138eec7ef1f33d4263fc9f9dce16be0100,-27864.0,40349.0,-108720.0,89980.0,-103745.0,,0,0,0,0,0,0,1,2,ADV_NONCONN_IND,37,37,14,-1,0,-1,-1,2948,32,8,unknown
1297.0020000000004,EF:FF:A6:55:DE:24,24de55a6ffef1aff4c001219003899caf74561ed03b3c16ff5437cc6b3ff9d81d8d7de4514,-40306.0,57010.0,-110758.0,68882.0,-116384.0,,0,0,0,0,0,0,1,2,ADV_NONCONN_IND,37,37,10,-1,0,-1,-1,3445,30,8,unknown
1298.4830000000002,64:88:26:3A:8A:72,728a3a2688640201021816aafe40e28b8e66cd83b57169f779238d9951b1d15db120,242.0,107743.0,-77030.0,57442.0,-157369.0,,0,0,0,0,0,1,1,0,ADV_IND,34,37,6,-1,0,-1,-1,6254,30,8,unknown
1300.5169999999998,64:88:26:3A:8A:72,728a3a2688640201021816aafe40e28a8e6ee983b57169f779238dd951b1d15da1cc,-21521.0,65701.0,-74002.0,55423.0,-109899.0,,0,0,0,0,0,0,1,0,ADV_IND,34,37,4,-1,0,-1,-1,4246,31,7,unknown
1300.7690000000002,6F:FF:A6:55:DE:24,24de55a6ff6f1eff4c001219001c99da57cfe1ed13a7e57ef179344263bd8f0dca17fe4104,-9171.0,84712.0,-130277.0,72340.0,-136660.0,,0,0,0,0,0,0,1,2,ADV_NONCONN_IND,37,37,9,-1,0,-1,-1,4941,31,7,unknown
1302.5529999999999,64:88:26:3A:8A:72,728a3a2688640201021816aafe40e28b8e66cd83b57169f779238d9951b1d15db120,-20187.0,96570.0,-83087.0,76676.0,-152730.0,,0,0,0,0,0,1,1,0,ADV_IND,34,37,2,-1,0,-1,-1,4977,31,8,unknown
1304.339,64:89:26:3A:8A:72,728a3a2689640201021816aafe40e28b8e66cd83b57169f779238d9951b1d15db120,-19016.0,99938.0,-78278.0,68684.0,-144783.0,,0,0,0,0,0,0,1,0,ADV_IND,34,37,6,-1,0,-1,-1,6130,31,8,unknown
1308.5,6C:88:26:3A:8E:72,728e3a26886c0201021816aafe40a28b84664d83bc716977f9238d9d41b0d14fb120,-6032.0,77957.0,-76260.0,44180.0,-91738.0,,0,0,0,0,0,0,1,2,ADV_NONCONN_IND,34,37,10,-1,0,-1,-1,2880,32,8,unknown
1311.023000000001,64:88:26:3A:8A:72,728a3a2688640201021816aafe40e28b8e66cd83b57169f779238d9951b1d15db180,6658.0,76295.0,-77380.0,50493.0,-138294.0,,0,0,0,0,0,0,1,0,ADV_IND,34,37,0,-1,0,-1,-1,2719,31,7,unknown
1312.313000000002,64:98:26:3A:8A:70,708a3a2698640201021816aafe40e28b8e66ed83b57169f779238d9951b1d15db120,-7382.0,92948.0,-90550.0,69886.0,-153978.0,,0,0,0,0,0,0,1,0,ADV_IND,34,37,14,-1,0,-1,-1,3304,31,8,unknown
1314.3039999999964,64:88:26:3A:8A:72,728a3a2688640201021816aafe40e28b8e66cd83b57369f779238d9951b1d11d270c,-9537.0,73607.0,-71852.0,69795.0,-128408.0,,0,0,0,0,0,0,1,0,ADV_IND,34,37,5,-1,0,-1,-1,4849,32,8,unknown
1316.9150000000009,64:88:26:3A:8A:72,728a3a2688640201021816aafe40a21a8b0ef73bf02c432ff127ecca831118a0a7c4,-5963.0,72586.0,-80802.0,61138.0,-113041.0,,0,0,0,0,0,0,1,0,ADV_IND,34,37,1,-1,0,-1,-1,2651,32,7,unknown
1319.3070000000007,64:88:26:3A:9A:72,729a3a2688640201021816aafe40e28b8c66ed83b47169f7f9238d9941b15019b180,-17209.0,61838.0,-91423.0,61014.0,-87567.0,,0,0,0,0,0,0,1,0,ADV_IND,34,37,14,-1,0,-1,-1,3508,32,8,unknown
1320.7339999999967,44:88:26:3A:8A:72,728a3a2688440201021816aafe40e28b8e66cd83b57169f779238d9941b1d05db120,0.0,80612.0,-83706.0,62216.0,-148853.0,,0,0,0,0,0,0,1,0,ADV_IND,34,37,12,-1,0,-1,-1,6949,32,8,unknown
1322.9289999999964,44:88:26:3A:8A:72,728a3a2688440201021816aafe40e28a8e66cd83b46169e779238d9911b1d14db120,-865.0,78145.0,-79600.0,44949.0,-116397.0,,0,0,0,0,0,0,1,0,ADV_IND,34,37,2,-1,0,-1,-1,6462,32,8,unknown
1329.125,64:88:26:3A:8A:72,728a3a2688640201021816aafe40e28a8c66cd83b53149f779238d9951b1d05db120,-16776.0,60892.0,-81294.0,52506.0,-101961.0,,0,0,0,0,0,0,1,0,ADV_IND,34,37,0,-1,0,-1,-1,6110,32,7,unknown
1333.1600000000035,64:88:26:3A:8A:72,728a3a2688640201021816aafe40e28a8c66cd83b57169f779238d9951b1514eb020,6470.0,72253.0,-89842.0,46692.0,-110840.0,,0,0,0,0,0,0,1,0,ADV_IND,34,37,9,-1,0,-1,-1,2865,32,8,unknown
1336.8940000000002,64:88:26:3A:9E:72,729e3a2688640201021016aafe40e21bb80ba73bf00c532fb027e8eaaa911aa827cc,-11567.0,72570.0,-58618.0,84226.0,-132309.0,,0,0,0,0,0,0,1,0,ADV_IND,34,37,1,-1,0,-1,-1,3670,32,7,unknown
1365.1699999999983,6F:FF:A6:55:DE:24,24de55a6ff6f1aff4c0012190038b9caf7c54bef138eec766171bd4263fd8f9dc817fe4100,-28907.0,54762.0,-120308.0,48419.0,-97180.0,,0,0,0,0,0,0,1,2,ADV_NONCONN_IND,37,37,4,-1,0,-1,-1,1919,32,7,unknown
1367.4289999999964,EF:FF:A6:55:DE:24,24de55a6ffef1eff4c001219003899caf7c74bef138eec7e6151bd4263fd8f9dc816fe4100,-16636.0,48933.0,-119714.0,78372.0,-139288.0,,0,0,0,0,0,0,1,2,ADV_NONCONN_IND,37,37,5,-1,0,-1,-1,2653,31,8,unknown
1379.714,6C:88:26:3A:8A:72,728a3a26886c0201021816aafe40e20b8de6a1a3b5334d67792b8d1da1a0d00e9039,-11355.0,63938.0,-88393.0,43956.0,-108808.0,,0,0,0,0,0,0,1,2,ADV_NONCONN_IND,34,37,13,-1,0,-1,-1,1704,31,8,unknown
1385.5710000000036,64:88:26:3A:8A:72,728a3a2688640201021816aafe40e28b8c66cda3f4254367f023a8c80311502d238c,-15522.0,69284.0,-86613.0,77364.0,-117920.0,,0,0,0,0,0,0,1,0,ADV_IND,34,37,4,-1,0,-1,-1,1095,31,8,unknown
1387.8039999999964,C7:3A:22:6D:7D:53,537d6d223ac71eff4c00121900282c9cbd762caa442a41b53f3b35ece5be8e6a8698307c04,-21735.0,70213.0,-91386.0,60514.0,-127228.0,,0,0,0,0,0,0,1,2,ADV_NONCONN_IND,37,37,15,-1,0,-1,-1,4728,30,8,unknown
1389.7099999999991,D2:0E:E9:D7:42:78,7842d7e90ed21aff4c0012190040cf3527746a44c737b3c6975373f244075c326a871c5e2a,-30166.0,54907.0,-96670.0,70212.0,-106635.0,,0,0,0,0,0,0,1,2,ADV_NONCONN_IND,37,37,0,-1,0,-1,-1,3996,31,7,unknown
1391.3300000000017,64:88:26:3A:8A:72,728a3a2688640201021816aafe40e20b8e6eeda3bc716d6779238d9911b1d15db031,-18238.0,65610.0,-85603.0,61388.0,-91616.0,,0,0,0,0,0,0,1,0,ADV_IND,34,37,9,-1,0,-1,-1,2893,30,7,unknown
1393.6209999999992,44:88:26:3A:8A:72,728a3a2688440201021816aafe40e20b8c66cd83b53169f779238d9951b1d05db120,-9541.0,81599.0,-83487.0,75217.0,-134630.0,,0,0,0,0,0,0,1,0,ADV_IND,34,37,6,-1,0,-1,-1,3952,30,8,unknown
1397.6849999999977,E7:3A:22:6D:5D:53,535d6d223ae71eff4c00121900282c9cbd762caa442a09b13f3bb744cdffddc8f2c8a00200,-38200.0,50295.0,-109262.0,57083.0,-108194.0,,0,0,0,0,0,0,1,2,ADV_NONCONN_IND,37,37,4,-1,0,-1,-1,6925,32,7,unknown
1404.1010000000024,C7:BA:22:6D:7D:53,537d6d22bac71eff4c00121900282d9ebd762caa442a49b13f1bb76ccdff7dc8fac8a05600,-22424.0,52530.0,-116980.0,50026.0,-108363.0,,0,0,0,0,0,0,1,2,ADV_NONCONN_IND,37,37,7,-1,0,-1,-1,5843,32,8,unknown
1411.1929999999993,EE:09:CD:35:9A:B0,b09a35cd09ee1eff4c00121900feb56896c6a37eb0025b6702a31cc578865438a277f55222,-25348.0,54292.0,-106750.0,58043.0,-141804.0,,0,0,0,0,0,0,1,2,ADV_NONCONN_IND,37,37,3,-1,0,-1,-1,1673,31,7,unknown
1411.9329999999973,44:88:26:3A:8A:72,728a3a2688440201021816aafe40e20b8e66cd83b57169f779238dd951b1d15db1a0,-8507.0,72571.0,-79855.0,67071.0,-147950.0,,0,0,0,0,0,0,1,0,ADV_IND,34,37,3,-1,0,-1,-1,4063,31,8,unknown
1413.1779999999999,EE:09:C9:31:9A:B0,b09a31c909ee1eff4c001219944cb156225e53ac6e5045a75d67bc03e9be3684539f36c7a7,-34228.0,74220.0,-109156.0,61102.0,-149310.0,,0,0,0,0,0,0,1,2,ADV_NONCONN_IND,37,37,8,-1,0,-1,-1,2428,29,8,unknown
1428.2560000000012,6C:88:26:3A:8A:72,728a3a26886c0201021816aafe40e20b8e66cd83b57169f779238d9951b1d15db120,2499.0,99599.0,-92796.0,83321.0,-135160.0,,0,0,0,0,0,0,1,0,ADV_IND,34,37,11,-1,0,-1,-1,1021,28,8,unknown
1442.3029999999999,6C:88:26:3A:8E:72,728e3a26886c0201021816aafe40e28b8e66cd83b46169f779238dd913b1d11db921,-16854.0,74488.0,-84841.0,62940.0,-104182.0,,0,0,0,0,0,0,1,0,ADV_IND,34,37,8,-1,0,-1,-1,5143,32,8,unknown
1448.1140000000014,F8:46:08:8D:7D:BA,ba7d8d0846f81eff4c0012196abf9e565a0a63144c6085149619ca84e33a737beeef06513a,1777.0,71715.0,-100380.0,64679.0,-105493.0,,0,0,0,0,0,0,1,0,ADV_IND,37,37,13,-1,0,-1,-1,1979,32,8,unknown
1450.453999999998,64:88:26:3A:9A:72,729a3a2688640201221816aafe40e20b8666cd83b531497779238d9945b0d14db1a0,-9752.0,69174.0,-77597.0,63820.0,-105569.0,,0,0,0,0,0,0,1,2,ADV_NONCONN_IND,34,37,0,-1,0,-1,-1,3967,30,8,unknown
1456.025999999998,6E:19:CD:35:9A:B0,b09a35cd196e1eff4c00121900feb56894c6a12cb0025b4302a134e5f88edc38aa57f11f22,-45607.0,55892.0,-125437.0,36733.0,-130472.0,,0,0,0,0,0,0,1,2,ADV_NONCONN_IND,37,37,8,-1,0,-1,-1,4679,31,7,unknown
1457.3059999999969,E5:75:C3:8E:55:CA,ca558ec375e50eff4c00121900de2638be4a95cc3ff532ea5406a7c6132ebee1c27b4f1f00,-32339.0,75574.0,-90835.0,58725.0,-79300.0,,0,0,0,0,0,0,1,2,ADV_NONCONN_IND,37,37,13,-1,0,-1,-1,7130,32,7,unknown
1461.8110000000015,6E:09:CD:35:9A:B0,b09a35cd096e1eff4c00121900feb56896c6a37eb0025b6302a11ce57887d838ab7dd55201,-43082.0,67732.0,-124156.0,41748.0,-145651.0,,0,0,0,0,0,0,1,2,ADV_NONCONN_IND,37,37,5,-1,0,-1,-1,4397,32,8,unknown
1465.716999999997,EE:09:4D:35:9E:B0,b09e354d09ee1eff4c00121900feb56896c6a36eb0864363175b14d58b87502da20bfd1609,-54359.0,64581.0,-112992.0,41326.0,-139600.0,,0,0,0,0,0,0,1,2,ADV_NONCONN_IND,37,37,14,-1,0,-1,-1,5907,30,8,unknown
1466.9599999999991,EE:09:C9:35:9A:B0,b09a35c909ee0eff4c00121900feb56896c6a37eb0065b4302a31ce5788fd828aa5df11200,-50696.0,70993.0,-117197.0,38655.0,-140361.0,,0,0,0,0,0,0,1,2,ADV_NONCONN_IND,37,37,15,-1,0,-1,-1,1222,32,8,unknown
1469.4130000000005,CE:19:4D:35:9A:B0,b09a354d19ce1aff4c00121900feb16896c6a37eb0025b4302a11ce47887d838a27dd54202,-53872.0,69081.0,-116211.0,61331.0,-153623.0,,0,0,0,0,0,0,1,2,ADV_NONCONN_IND,37,37,4,-1,0,-1,-1,1880,30,8,unknown
1470.9029999999984,6C:88:26:3A:8A:72,728a3a26886c0201021816aafe40a28b8e6ecd83b57169f779238d9951b1d15db120,-3206.0,98983.0,-70329.0,61206.0,-128181.0,,0,0,0,0,0,0,1,0,ADV_IND,34,37,7,-1,0,-1,-1,3352,31,7,unknown
1474.0199999999968,6E:09:CD:35:9A:B0,b09a35cd096e1eff4c00121900feb568945b21ecf0274b678fe634543e8e9c1aae72507c94,-25663.0,90126.0,-123799.0,45504.0,-160315.0,,0,0,0,0,0,0,1,2,ADV_NONCONN_IND,37,37,4,-1,0,-1,-1,2816,31,8,unknown
1477.4420000000027,6E:09:D9:35:9A:B0,b09a35d9096e1eff4c00121900feb56896cea17ef0274b4702a13cc4788ed838a27fd51200,-37153.0,85094.0,-130736.0,68019.0,-145116.0,,0,0,0,0,0,0,1,2,ADV_NONCONN_IND,37,37,6,-1,0,-1,-1,5566,32,7,unknown
1478.7900000000009,64:88:26:3A:9A:72,729a3a2688640201021816aafe40ea0b8e6eed83b4316de7f9238d9953b0d14db1b0,-2947.0,80831.0,-84560.0,61803.0,-105987.0,,0,0,0,0,0,0,1,0,ADV_IND,34,37,14,-1,0,-1,-1,6585,31,8,unknown
1480.8349999999991,6C:89:26:3A:8E:72,728e3a26896c0201021816aafe00e28b8e66cd83b5e949f7792b0d1943b1504fb020,-22425.0,93653.0,-76808.0,69283.0,-126521.0,,0,0,0,0,0,0,1,0,ADV_IND,34,37,3,-1,0,-1,-1,5006,31,7,unknown
1482.7450000000026,E6:F8:19:CD:D1:1D,1dd1cd19f8e61eff4c0012190067795b402fde9c1d9f9eeff5c9aa2423a0dc8fc2be8c0202,-24767.0,53742.0,-95047.0,41747.0,-108880.0,,0,0,0,0,0,0,1,2,ADV_NONCONN_IND,37,37,4,-1,0,-1,-1,6508,31,7,unknown
1484.5040000000008,E6:F0:39:CD:D1:1D,1dd1cd39f0e61eff4c0012190067715b403dde181d9f9eeff5c8aa2623a0f99fc0be8c0200,-20700.0,62713.0,-90002.0,52500.0,-143418.0,,0,0,0,0,0,1,1,2,ADV_NONCONN_IND,37,37,7,-1,0,-1,-1,5168,31,8,unknown
1486.0409999999974,F8:46:08:CD:7D:BA,ba7dcd0846f81eff4c0012196a93be565a2a2b744c408d14d69bcb64f33a5b72ffef8a012a,-10413.0,74406.0,-92973.0,91946.0,-100395.0,,0,0,0,0,0,0,1,0,ADV_IND,37,37,2,-1,0,-1,-1,5827,30,7,unknown
1486.6330000000016,E6:F0:39:CD:D1:19,19d1cd39f0e60eff4c0012190067511b502f5e188d9f1e67f5c8aa340380c80fc0b70c5200,-32252.0,97336.0,-101038.0,61348.0,-127269.0,,0,0,0,0,0,0,1,2,ADV_NONCONN_IND,37,37,12,-1,0,-1,-1,7941,29,7,unknown
1488.5190000000002,E6:F0:39:CD:D1:1D,1dd1cd39f0e61eff4c0012190067715b403dde181d9f9eeff5c82a2423a0f99fc8bf8c0200,-29932.0,50506.0,-96339.0,64473.0,-135171.0,,0,0,0,0,0,0,1,2,ADV_NONCONN_IND,37,37,5,-1,0,-1,-1,6790,32,8,unknown
1489.125,64:88:26:3A:9A:70,709a3a2688640201021816aafe40e28b8e6ecd83b571697779238dd911b1d05db120,-6564.0,71895.0,-67251.0,53230.0,-124251.0,,0,0,0,0,0,0,1,0,ADV_IND,34,37,3,-1,0,-1,-1,3871,32,7,unknown
1494.9720000000016,66:F0:39:CD:D1:1D,1dd1cd39f0661aff4c0012190067315b402fdf081d9f9e6ff7c8aa2623a0dc0fc0b58c4200,-14720.0,50142.0,-94062.0,45577.0,-117860.0,,0,0,0,0,0,0,1,2,ADV_NONCONN_IND,37,37,13,-1,0,-1,-1,1323,32,7,unknown
1498.7359999999971,E5:75:C3:8E:55:DA,da558ec375e50eff4c00121900de2638be6a95cc3ff732ea5406adc58f8c2d7a9e618f7e95,-16319.0,74557.0,-97381.0,59722.0,-99669.0,,0,0,0,0,0,0,1,2,ADV_NONCONN_IND,37,37,9,-1,0,-1,-1,4077,31,8,unknown
1498.9689999999973,C6:F0:39:CD:D1:1D,1dd1cd39f0c61eff4c0012190067715b403dde181d9f9e6ff5c82a2623a0f99fc4be481200,-31999.0,66112.0,-93905.0,31500.0,-134540.0,,0,0,0,0,0,0,1,2,ADV_NONCONN_IND,37,37,9,-1,0,-1,-1,4523,31,7,unknown
1501.5670000000027,E5:75:C3:8E:55:DA,da558ec375e50eff4c00121900de2630bc4e91cc3ff532ea5402afc61a0cbce9c67b4f0700,-10667.0,74695.0,-88752.0,67266.0,-99965.0,,0,0,0,0,0,0,1,2,ADV_NONCONN_IND,37,37,2,-1,0,-1,-1,1202,29,7,unknown
1502.1339999999982,D2:0E:E9:57:42:78,784257e90ed20eff4c0012190040cfb527746a41473593d69753175600de8811db1f365495,-26692.0,36980.0,-105690.0,74211.0,-129392.0,,0,0,0,0,0,0,1,2,ADV_NONCONN_IND,37,37,4,-1,0,-1,-1,6145,31,8,unknown
1509.0120000000024,E6:F0:39:CD:D1:1C,1cd1cd39f0e61eff4c0012190067715b503dde180d9f9eeff7c8aa2623a0f80fc0be8c7602,-4933.0,53830.0,-93938.0,57885.0,-102808.0,,0,0,0,0,0,0,1,2,ADV_NONCONN_IND,37,37,14,-1,0,-1,-1,3806,32,8,unknown
1513.050000000003,E6:F8:39:CD:D1:1D,1dd1cd39f8e61eff4c0012190067715b403dde181d9f9eeff7d8aa2623a0f90fc2be8c4222,-32800.0,50908.0,-88528.0,49246.0,-128158.0,,0,0,0,0,0,0,1,2,ADV_NONCONN_IND,37,37,8,-1,0,-1,-1,1736,32,8,unknown
1514.5599999999977,E6:F8:39:CD:D1:1D,1dd1cd39f8e60eff4c0012190027711344af5e181c9f9eeff5ca2a2423a05c9bc0beac5200,-17618.0,72697.0,-103507.0,60566.0,-135573.0,,0,0,0,0,0,0,1,2,ADV_NONCONN_IND,37,37,3,-1,0,-1,-1,4683,32,8,unknown
1515.8839999999982,E5:75:C3:8E:55:D8,d8558ec375e50eff4c00121900de2638be4a958cbde536eb7407afce1a2ebe62c66b4f7704,-25892.0,76733.0,-92854.0,72993.0,-115896.0,,0,0,0,0,0,0,1,2,ADV_NONCONN_IND,37,37,7,-1,0,-1,-1,5848,32,7,unknown
1515.8839999999982,F7:E7:79:6B:53:0B,0b536b79e7f71eff4c001219009f75c09cb93f267c35ac675302cdfb033ee3fa360fb31020,-35543.0,52367.0,-84245.0,59434.0,-130675.0,,0,0,0,0,0,0,1,2,ADV_NONCONN_IND,37,37,7,-1,0,-1,-1,6469,29,7,unknown
1516.5820000000022,E6:F0:39:CD:D1:1D,1dd1cd39f0e61eff4c0012190067795b403dde181d9f9eeff5c8aa2603a0f98fc0be8c0600,-20256.0,54267.0,-93900.0,51261.0,-119998.0,,0,0,0,0,0,0,1,2,ADV_NONCONN_IND,37,37,1,-1,0,-1,-1,2140,32,8,unknown
1520.1860000000015,64:88:26:3A:8A:72,728a3a2688640201021816aafe40e28b8e66cd83b57169f779238d9951b1d15db120,-10582.0,96503.0,-92211.0,82121.0,-151641.0,,0,0,0,0,0,1,1,0,ADV_IND,34,37,7,-1,0,-1,-1,3447,32,7,unknown
1521.578999999998,64:88:26:3A:8A:72,728a3a2688640201021816aafe40e28b8e66cd83b56149e7f923ccea23915809a38c,11534.0,73730.0,-85612.0,50982.0,-110582.0,,0,0,0,0,0,0,1,0,ADV_IND,34,37,4,-1,0,-1,-1,6348,32,8,unknown
1521.578999999998,0D:75:C3:CE:55:DA,da55cec3750d1eff4c00121900de2638bc4a85cc2ff5326a5406afc492279ec3c67b4f1302,-8637.0,56361.0,-86191.0,72967.0,-87111.0,,0,0,0,0,0,0,1,2,ADV_NONCONN_IND,37,37,15,-1,0,-1,-1,2833,32,8,unknown
1523.033000000003,C6:F0:39:CD:D1:1D,1dd1cd39f0c61eff4c00121980677112543d5e3c1c9f9e6ff5caaaa403a0f80fc0b78c0200,-15270.0,83867.0,-115235.0,61081.0,-127237.0,,0,0,0,0,0,0,1,2,ADV_NONCONN_IND,37,37,15,-1,0,-1,-1,3440,32,7,unknown
1523.5380000000005,64:88:26:3A:8A:72,728a3a2688640201021816aafe40e28b8e66cd83b57169f779238d9951b1d15db120,-1810.0,80043.0,-79776.0,72054.0,-149391.0,,0,0,0,0,0,0,1,0,ADV_IND,34,37,13,-1,0,-1,-1,4822,29,8,unknown
1525.0420000000013,E6:F0:39:CD:D1:1D,1dd1cd39f0e61eff4c0012190067715b403dde181d9f9eeff5c8aa2623a0f99fc0be8c0200,-13641.0,44991.0,-105131.0,36504.0,-121119.0,,0,0,0,0,0,1,1,2,ADV_NONCONN_IND,37,37,2,-1,0,-1,-1,3581,32,7,unknown
1528.023000000001,64:88:26:3A:8A:72,728a3a2688640281021816aafe40e28b8e66cd83b57169f779238d9951b1d15db1203e,-21884.0,101979.0,-85783.0,81154.0,-149581.0,,0,0,0,0,0,0,1,2,ADV_NONCONN_IND,35,37,8,-1,0,-1,-1,1511,30,8,unknown
1528.023000000001,E5:75:C3:8E:5D:DA,da5d8ec375e50eff4c00121900dea638be4a95cc3ff532ea54062fcc9a24bee1c67b4f0300,-21100.0,64180.0,-94178.0,75587.0,-113107.0,,0,0,0,0,0,0,1,2,ADV_NONCONN_IND,37,37,6,-1,0,-1,-1,4180,30,7,unknown
1528.5120000000024,C6:F1:39:CD:D1:1C,1cd1cd39f1c61eff4c0012199000d905d4ab4ee5f8c973c5375f97fc8bc575aef09d1fc35f,-25132.0,35445.0,-108884.0,54426.0,-113256.0,,0,0,0,0,0,0,1,2,ADV_NONCONN_IND,37,37,5,-1,0,-1,-1,5945,32,8,unknown
1529.0350000000035,CF:88:66:C9:FF:4E,4effc96688cf1eff4c00121900f738078e45986d92daaf8ce997bac8cbc0140bdb940c0084,-13037.0,53088.0,-111878.0,74895.0,-122347.0,,0,0,0,0,0,0,1,2,ADV_NONCONN_IND,37,37,5,-1,0,-1,-1,1694,29,7,unknown
1529.2880000000005,64:88:26:3A:8A:72,728a3a2688640201021816aafe40a28b8e66cd83b57169f779238d9951b1d15db120,-4663.0,64270.0,-78842.0,80430.0,-120010.0,,0,0,0,0,0,0,1,0,ADV_IND,34,37,8,-1,0,-1,-1,2146,32,8,unknown
1530.0570000000007,44:88:26:3A:8E:72,728e3a2688440201021816aafe00e28a8c66ed83b579696779238c8951b1d05db120,-9484.0,84097.0,-95604.0,60187.0,-101694.0,,0,0,0,0,0,0,1,0,ADV_IND,34,37,5,-1,0,-1,-1,5057,32,8,unknown
1530.0570000000007,F6:E7:79:6B:53:0B,0b536b79e7f61eff4c001219008f75d09ca97f667ea725677713ccdb03661f77ec5b717d95,-28584.0,61257.0,-105295.0,55542.0,-139086.0,,0,0,0,0,0,0,1,2,ADV_NONCONN_IND,37,37,8,-1,0,-1,-1,1288,32,8,unknown
1530.4490000000005,E6:F0:39:CD:D1:1D,1dd1cd39f0e61eff4c0012190067715b403d7e181dbfaeeff5daaa240380dc0bc2960c4680,-10743.0,69853.0,-91882.0,63417.0,-123920.0,,0,0,0,0,0,0,1,2,ADV_NONCONN_IND,37,37,11,-1,0,-1,-1,4568,32,8,unknown
1531.425000000003,64:88:26:3A:8A:72,728a3a2688640201021816aafe40e28b8e66cd83b571697779238d9d51b1d05db020,-13601.0,65236.0,-80109.0,64465.0,-91071.0,,0,0,0,0,0,0,1,0,ADV_IND,34,37,2,-1,0,-1,-1,4083,32,8,unknown
1532.4959999999992,68:91:3C:19:F8:A2,a2f8193c91680201021816aafe40e28b8e66cd83b57169f779238d9951b1d15db120,-34860.0,117397.0,-78868.0,73483.0,-149090.0,,0,0,0,0,0,1,1,0,ADV_IND,34,37,13,-1,0,-1,-1,1463,32,7,unknown
1533.7209999999977,CE:8C:67:C9:FF:4E,4effc9678cce1eff4c00121900ff6c0f8f45986d92daaf8ce996bac8c3c0140bdbb04c0000,-34092.0,98886.0,-106390.0,59309.0,-145726.0,,0,0,0,0,0,0,1,2,ADV_NONCONN_IND,37,37,4,-1,0,-1,-1,2178,32,8,unknown
1534.5699999999997,F6:E7:7D:6B:53:0B,0b536b7de7f61eff4c001219008f75d09ca93f66fcb7ac275202cdfb0256f3f3260fa34000,-32693.0,70092.0,-101376.0,57409.0,-157165.0,,0,0,0,0,0,0,1,2,ADV_NONCONN_IND,37,37,2,-1,0,-1,-1,2747,31,7,unknown
1534.5699999999997,68:91:3C:19:F8:A2,a2f8193c91680201021816aafe40e28b8e66cd83b57169f77b238dd943b1d51db120,-1473.0,71961.0,-81459.0,47345.0,-123494.0,,0,0,0,0,0,0,1,0,ADV_IND,34,37,8,-1,0,-1,-1,1470,32,8,unknown
1535.2920000000013,E6:F0:39:CD:D1:1D,1dd1cd39f0e61eff4c0012190067715b403dde181d9f9eeff5c8aa2623a0f99fc0be8c0200,-23268.0,62070.0,-97557.0,61413.0,-144827.0,,0,0,0,0,0,1,1,2,ADV_NONCONN_IND,37,37,9,-1,0,-1,-1,2640,32,8,unknown
1536.5310000000027,E6:F0:39:CD:D1:1D,1dd1cd39f0e61eff4c0012190067715b403dde181d9f9eeff5c8aa2623a0f99fc0be8c0200,0.0,40246.0,-97239.0,60741.0,-124676.0,,0,0,0,0,0,1,1,2,ADV_NONCONN_IND,37,37,4,-1,0,-1,-1,2539,32,8,unknown
1538.497000000003,68:91:3C:19:F8:A2,a2f8193c91680201021816aafe40e28b8e66cd83b57169f779238d9951b1d15db120,4249.0,49119.0,-86812.0,73948.0,-127396.0,,0,0,0,0,0,0,1,0,ADV_IND,34,37,14,-1,0,-1,-1,1090,31,8,unknown
1538.7459999999992,E6:F0:39:CD:D1:1D,1dd1cd39f0e61eff4c0012190067715b403dde181d9f9eeff5c8aa2623a0f99fc0be8c0200,0.0,55413.0,-108131.0,55906.0,-139610.0,,0,0,0,0,0,1,1,2,ADV_NONCONN_IND,37,37,6,-1,0,-1,-1,1937,32,8,unknown
1540.1070000000036,F6:E7:79:62:53:09,09536279e7f60eff4c001219008f75c09cb93f647cb5ac275202cdfb0256f3f3260fa31000,-43781.0,76343.0,-105931.0,58646.0,-152797.0,,0,0,0,0,0,0,1,2,ADV_NONCONN_IND,37,37,1,-1,0,-1,-1,7339,30,7,unknown
1540.8369999999995,68:91:3C:19:F8:A2,a2f8193c91680201021816aafe40e28a8e66cd83b5616de779238d9d01b1d14db0b0,-9952.0,75460.0,-97691.0,58331.0,-113286.0,,0,0,0,0,0,0,1,0,ADV_IND,34,37,14,-1,0,-1,-1,5675,31,8,unknown
1540.8369999999995,6E:F0:39:CD:51:1D,1d51cd39f06e1eff4c0012190067715b403d5e34adbb0c2376da7bb413890c4b0e932e7695,-27816.0,50201.0,-94592.0,36572.0,-125781.0,,0,0,0,0,0,0,1,2,ADV_NONCONN_IND,37,37,9,-1,0,-1,-1,7686,32,7,unknown
1542.1949999999997,F6:E7:7D:6A:53:8B,8b536a7de7f61eff4c001219009f75c09cb93f667eb7a4675602cdfb0256d3f3260fb34000,-27609.0,64368.0,-94504.0,58096.0,-131163.0,,0,0,0,0,0,0,1,2,ADV_NONCONN_IND,37,37,12,-1,0,-1,-1,4626,30,8,unknown
1543.0939999999973,69:91:3C:19:F8:A2,a2f8193c91690201021816aafe40e28a8c66cd83b57169f77923acea83911a2827cc,-822.0,69113.0,-91193.0,62735.0,-111666.0,,0,0,0,0,0,0,1,0,ADV_IND,34,37,8,-1,0,-1,-1,3105,31,8,unknown
1543.0939999999973,E6:F0:39:CD:D1:1D,1dd1cd39f0e61eff4c0012190067711b403dde1c1d9f9eeff7c8aa2623a0f99fc0be2c7e04,-26990.0,58940.0,-90738.0,41544.0,-111718.0,,0,0,0,0,0,0,1,2,ADV_NONCONN_IND,37,37,14,-1,0,-1,-1,3958,32,8,unknown
1545.940999999999,FD:75:D3:CE:55:DA,da55ced375fd0aff4c00121900daa638be4e95cc3ff572ea7406afce9a24bee1c67b4f4302,-4784.0,77355.0,-87534.0,82891.0,-110721.0,,0,0,0,0,0,0,1,2,ADV_NONCONN_IND,37,37,11,-1,0,-1,-1,5176,28,7,unknown
1546.8079999999973,68:99:3C:19:F8:AA,aaf8193c99680201021816aafe40e28a8e66cd83b56141f7b127e8e822111a0027cc,-4202.0,82627.0,-77767.0,55364.0,-138978.0,,0,0,0,0,0,0,1,0,ADV_IND,34,37,2,-1,0,-1,-1,3085,32,7,unknown
1546.8079999999973,E6:F0:39:CD:D1:1D,1dd1cd39f0e61eff4c0012190067715b403dde181d9f9eeff5c8aa2623a0f99fc0be8c4200,-33238.0,63147.0,-100846.0,59808.0,-131067.0,,0,0,0,0,0,0,1,2,ADV_NONCONN_IND,37,37,8,-1,0,-1,-1,4239,32,7,unknown
1548.3470000000016,F6:E7:7D:6B:53:0B,0b536b7de7f61eff4c001219008f75c09cb93f667ea5ac675602cdfb0156d3f3a68fb35002,-19306.0,55076.0,-96056.0,56993.0,-116469.0,,0,0,0,0,0,0,1,2,ADV_NONCONN_IND,37,37,14,-1,0,-1,-1,871,32,8,unknown
1549.0350000000035,E6:F0:39:CD:D1:1D,1dd1cd39f0e61eff4c0012190067715b403dde181d9f9ee7f5cc2a0223a0dc9be08e0c1202,-16933.0,52117.0,-78927.0,36213.0,-131116.0,,0,0,0,0,0,0,1,2,ADV_NONCONN_IND,37,37,0,-1,0,-1,-1,4269,32,8,unknown
1551.1979999999967,68:91:3C:19:F8:A2,a2f8193c91680201021816aafe40e28b8e67cd83b4756977f927acea0a111aa027cc,-15639.0,70771.0,-85262.0,72127.0,-109343.0,,0,0,0,0,0,0,1,0,ADV_IND,34,37,1,-1,0,-1,-1,2574,30,8,unknown
1552.7620000000024,68:91:3C:19:F8:A2,a2f8193c91680201021816aafe40a28b8e664da3bc3169777b23059901b1555db0b0,-20025.0,76612.0,-86734.0,57149.0,-105566.0,,0,0,0,0,0,0,1,0,ADV_IND,34,37,4,-1,0,-1,-1,5423,32,7,unknown
1558.951000000001,66:F0:39:CD:D1:19,19d1cd39f0661eff4c00121900677153443dde181d9f9eeff5c8aa2423a0d99fc0be8c0200,-2284.0,68854.0,-133556.0,71379.0,-141874.0,,0,0,0,0,0,0,1,2,ADV_NONCONN_IND,37,37,4,-1,0,-1,-1,6509,30,7,unknown
1558.951000000001,68:91:38:19:F8:A2,a2f8193891680201021816aafe00a20b8e6ecd83b57169f779238d995191d15da120,-15199.0,71576.0,-84350.0,62738.0,-126419.0,,0,0,0,0,0,0,1,0,ADV_IND,34,37,15,-1,0,-1,-1,7278,32,7,unknown
1563.0369999999966,68:91:3C:19:F8:A2,a2f8193c91680201021816aafe40e28b8e66cd83b57169f779238d9951b1d15db120,-7116.0,93566.0,-105234.0,71384.0,-158572.0,,0,0,0,0,0,1,1,0,ADV_IND,34,37,13,-1,0,-1,-1,8005,30,7,unknown
1564.0210000000006,C6:F1:39:CD:D1:1D,1dd1cd39f1c61eff4c0012190067715b403dde181d9f9eeff5c8aa2623a0f89fc0be8c0220,-26900.0,70276.0,-101132.0,48990.0,-119692.0,,0,0,0,0,0,0,1,2,ADV_NONCONN_IND,37,37,11,-1,0,-1,-1,1511,31,8,unknown
1564.0210000000006,68:91:3C:19:F8:A2,a2f8193c91680201021816aafe40e28b8e66cd83b57169f779238d9951b1d15db120,-12204.0,69831.0,-78409.0,64708.0,-130923.0,,0,0,0,0,0,1,1,0,ADV_IND,34,37,10,-1,0,-1,-1,6220,32,7,unknown
1564.7909999999974,68:91:3C:19:F8:AA,aaf8193c91680201021816aafe40e28b8e6ecd83b571696779238dd903b1d01db120,-24959.0,77332.0,-66882.0,54589.0,-133269.0,,0,0,0,0,0,0,1,2,ADV_NONCONN_IND,34,37,10,-1,0,-1,-1,1737,32,7,unknown
1566.8320000000022,66:F0:39:CD:D1:1D,1dd1cd39f0661eff4c0012190067795b402fde181d9f9e67f7c9aa2403a0f91fc0be8c0600,-34705.0,51175.0,-104934.0,55447.0,-114964.0,,0,0,0,0,0,0,1,2,ADV_NONCONN_IND,37,37,6,-1,0,-1,-1,2971,32,8,unknown
1568.9020000000019,E6:F0:39:CD:D1:1D,1dd1cd39f0e61eff4c0012190067715b403dde181d9f9eeff5c8aa2623a0f99fc0be8c0200,-18310.0,40712.0,-99659.0,46654.0,-114100.0,,0,0,0,0,0,1,1,2,ADV_NONCONN_IND,37,37,10,-1,0,-1,-1,2644,31,7,unknown
1568.9020000000019,68:91:3C:19:F8:AA,aaf8193c91680201021816aafe00e20b8e66cdb3b57169f779238d9991b0505db121,-6692.0,69119.0,-76147.0,67232.0,-110547.0,,0,0,0,0,0,0,1,2,ADV_NONCONN_IND,34,37,14,-1,0,-1,-1,1519,31,8,unknown
1569.997000000003,F6:E7:59:4B:53:0B,0b534b59e7f60aff4c001219001f75c0dc393f667ea7ac675302cdfb0256f3f3260f231000,-44206.0,70231.0,-87664.0,49730.0,-135973.0,,0,0,0,0,0,0,1,2,ADV_NONCONN_IND,37,37,8,-1,0,-1,-1,2481,32,8,unknown
1569.997000000003,D2:1E:E9:57:42:78,784257e91ed21aff4c0012190040cfb527366b41473593d6975353f24427fc3e48871c4600,-31972.0,45418.0,-107167.0,87301.0,-134181.0,,0,0,0,0,0,0,1,2,ADV_NONCONN_IND,37,37,0,-1,0,-1,-1,4273,31,8,unknown
1570.7410000000018,E6:F0:39:CD:D1:1D,1dd1cd39f0e61eff4c0012190067715b403dde181d9f9eeff5c8aa2623a0f99fc0be8c0200,-15361.0,59812.0,-90585.0,38420.0,-136351.0,,0,0,0,0,0,1,1,2,ADV_NONCONN_IND,37,37,4,-1,0,-1,-1,2699,32,8,unknown
1573.5089999999982,E5:75:C3:8E:55:DA,da558ec375e51eff4c00121900de2638be4a95cc3ff532ea5406afc69a24bee1c67b4f5704,-16544.0,63586.0,-91324.0,69065.0,-96174.0,,0,0,0,0,0,0,1,2,ADV_NONCONN_IND,37,37,12,-1,0,-1,-1,5284,32,8,unknown
1574.8190000000031,EE:F0:39:CD:D1:1D,1dd1cd39f0ee1eff4c0012190067715b403ddec84d9f96e7f7c82a2623805c8be8b6881220,-29436.0,55169.0,-98055.0,48834.0,-129918.0,,0,0,0,0,0,0,1,2,ADV_NONCONN_IND,37,37,12,-1,0,-1,-1,4094,32,8,unknown
1575.6059999999998,C4:75:43:8E:55:DA,da558e4375c41eff4c00121900de2638be4a95cc3ff532ea5406afce9a24bee1c67b4f4300,-21901.0,84999.0,-92481.0,83810.0,-124225.0,,0,0,0,0,0,0,1,2,ADV_NONCONN_IND,37,37,2,-1,0,-1,-1,4916,31,7,unknown
1577.190999999999,68:91:3C:19:F8:A2,a2f8193c91680201021816aafe40e28a8e66cd83b471496ff027e8eaaa111aa027cc,-27316.0,96817.0,-80143.0,68462.0,-143895.0,,0,0,0,0,0,0,1,0,ADV_IND,34,37,10,-1,0,-1,-1,4055,32,7,unknown
1577.5800000000017,E7:75:C3:8E:55:DA,da558ec375e71eff4c00121900fd7611211d1b1cb5ce7ea1263579414fdb6d7e8461cf7e95,-20361.0,94755.0,-75696.0,81449.0,-115758.0,,0,0,0,0,0,0,1,2,ADV_NONCONN_IND,37,37,4,-1,0,-1,-1,2553,31,7,unknown
1578.8300000000017,E6:F0:39:CD:D1:1D,1dd1cd39f0e61eff4c0012190067715b400ddf181d9f9ee7f5d8aa0403a0f99beabe8c5600,-25994.0,49304.0,-95944.0,42311.0,-121343.0,,0,0,0,0,0,0,1,2,ADV_NONCONN_IND,37,37,13,-1,0,-1,-1,4058,32,8,unknown
1579.824999999997,E5:75:C3:8E:55:DA,da558ec375e51eff4c00121900de2638be4a95cc3ff532ea5406afce9a24bee1c67b4f0300,-12978.0,66890.0,-93057.0,76791.0,-115934.0,,0,0,0,0,0,1,1,2,ADV_NONCONN_IND,37,37,0,-1,0,-1,-1,6326,31,8,unknown
1581.1030000000028,68:91:3C:99:F8:A2,a2f8993c91680201021816aafe40e20b8e66cd83b56169f779238dd951b1d51db120,-26064.0,87591.0,-87025.0,79879.0,-136199.0,,0,0,0,0,0,0,1,0,ADV_IND,34,37,14,-1,0,-1,-1,4906,30,7,unknown
1581.7949999999983,65:75:C3:8E:55:DA,da558ec375651eff4c00121900de2638bc4a916c2aa532eff44227c4130ebcdbc25b4f5722,0.0,63099.0,-97151.0,67071.0,-89279.0,,0,0,0,0,0,0,1,2,ADV_NONCONN_IND,37,37,0,-1,0,-1,-1,7034,32,7,unknown
1582.3550000000032,52:0E:E9:57:42:78,784257e90e521eff4c0012190040cfb527746a41473593d6975353f2408fdc3fca97340284,-31339.0,37541.0,-101973.0,61935.0,-132214.0,,0,0,0,0,0,0,1,2,ADV_NONCONN_IND,37,37,5,-1,0,-1,-1,1032,32,8,unknown
1582.6140000000014,E6:F0:39:CD:D1:1C,1cd1cd39f0e61eff4c0012190067711b403d5e181d9f9ee7f7c8aa2623a0f99fc8b68c1200,-34067.0,74680.0,-88697.0,57832.0,-103252.0,,0,0,0,0,0,0,1,2,ADV_NONCONN_IND,37,37,9,-1,0,-1,-1,3820,31,7,unknown
1584.8470000000016,EE:F0:39:CD:D1:1D,1dd1cd39f0ee1eff4c0012190067715b403dde181d9f9eeff5c8aa2623a0f99bc8be8c0200,-21896.0,55528.0,-89306.0,37743.0,-123941.0,,0,0,0,0,0,0,1,2,ADV_NONCONN_IND,37,37,3,-1,0,-1,-1,1082,31,8,unknown
1585.4170000000013,68:91:3C:19:D8:A2,a2d8193c91680201021816aafe40e28b8c6ecd83b4216177b127a8e8a3111aa027cc,-24267.0,77803.0,-81778.0,76160.0,-126696.0,,0,0,0,0,0,0,1,2,ADV_NONCONN_IND,34,37,3,-1,0,-1,-1,2187,31,8,unknown
1586.8960000000006,E6:F0:39:CD:D1:1D,1dd1cd39f0e61eff4c0012190067715b403dde181d9f9eeff5c82a2623a0f81fc8be8c0200,-4461.0,49940.0,-97399.0,44804.0,-123657.0,,0,0,0,0,0,0,1,2,ADV_NONCONN_IND,37,37,8,-1,0,-1,-1,1949,32,8,unknown
1589.0120000000024,E6:F0:39:CD:D1:1D,1dd1cd39f0e61eff4c0012190067711b403dde181d9f7ec5375bf3fc93856e0ab2873e5695,-20499.0,61934.0,-94612.0,30564.0,-116481.0,,0,0,0,0,0,0,1,2,ADV_NONCONN_IND,37,37,8,-1,0,-1,-1,3112,32,8,unknown
1592.4199999999983,E5:75:C3:8E:55:DA,da558ec375e50eff4c00121900de2638be4a95cc3ff532ea5406afce9a24bee1c67b4f0300,-12935.0,81661.0,-95031.0,65846.0,-128025.0,,0,0,0,0,0,0,1,2,ADV_NONCONN_IND,37,37,7,-1,0,-1,-1,1473,29,8,unknown
1594.4890000000014,E6:F0:39:CD:D1:1D,1dd1cd39f0e61eff4c0012190067715b403dde181d9f9eeff5c8aa2623a0f99fc0be8c0200,-37118.0,50045.0,-100698.0,55890.0,-126802.0,,0,0,0,0,0,1,1,2,ADV_NONCONN_IND,37,37,14,-1,0,-1,-1,6791,32,8,unknown
1597.0199999999968,F8:46:08:8D:7D:BA,ba7d8d0846f81eff4c0012196ab7be565a0a2b706c008d14569bcb66f1287b3bffef8b012a,-610.0,58837.0,-96743.0,55437.0,-117923.0,,0,0,0,0,0,0,1,0,ADV_IND,37,37,1,-1,0,-1,-1,2688,32,8,unknown
1598.8190000000031,D6:68:25:27:E3:2F,2fe3272568d61eff4c00121900174069ee81b4ad5878e52e5df2420949dd27e4dd5fe80600,11138.0,51587.0,-91364.0,67014.0,-82323.0,,0,0,0,0,0,0,1,2,ADV_NONCONN_IND,37,37,5,-1,0,-1,-1,3560,32,8,unknown
1601.5539999999964,68:91:3C:19:F8:A2,a2f8193c91680201021816aafe40e28f8c66ed83b42169f779238d9953b0d11db121,-38468.0,75078.0,-78372.0,73786.0,-127691.0,,0,0,0,0,0,0,1,2,ADV_NONCONN_IND,34,37,2,-1,0,-1,-1,6777,31,8,unknown
1604.1549999999988,CE:19:CD:35:9A:B0,b09a35cd19ce1eff4c00121900feb56896c6a37eb4065b6303a114e57887d838a27ff14220,-26379.0,68685.0,-120826.0,41422.0,-141028.0,,0,0,0,0,0,0,1,2,ADV_NONCONN_IND,37,37,2,-1,0,-1,-1,5288,31,7,unknown
1604.440999999999,F8:46:C8:8D:5D:BA,ba5d8dc846f80aff4c0012196ab69e565a0a2b706c008d145699cb60f3387b33eee743016a,-29523.0,68374.0,-84161.0,64507.0,-101453.0,,0,0,0,0,0,0,1,0,ADV_IND,37,37,1,-1,0,-1,-1,2647,32,8,unknown
1606.9089999999997,E6:F1:39:CD:D1:1D,1dd1cd39f1e61eff4c0012190067715b403dde181d9f9eeff5c8aa2623a0799bc0be8c0280,-32611.0,65790.0,-98846.0,60922.0,-145573.0,,0,0,0,0,0,0,1,2,ADV_NONCONN_IND,37,37,8,-1,0,-1,-1,5730,32,8,unknown
1609.7209999999977,CE:8C:67:C9:FF:4E,4effc9678cce0eff4c00121900f76c0f8f47986d92daaface996ba88c3c0140bdbb04c4000,-11499.0,67139.0,-115134.0,66193.0,-114799.0,,0,0,0,0,0,0,1,2,ADV_NONCONN_IND,37,37,15,-1,0,-1,-1,3243,28,8,unknown
1610.464,D6:68:25:27:67:3B,3b67272568d60eff4c00121900174069ee81a4ad4c78ed6f235b8fa2a687e1fc91f35c7c95,-45582.0,57983.0,-86003.0,56644.0,-107614.0,,0,0,0,0,0,0,1,2,ADV_NONCONN_IND,37,37,9,-1,0,-1,-1,5305,30,8,unknown
1612.0699999999997,6E:19:CD:35:DA:B0,b0da35cd196e1eff4c00121900fcb56894cea27cb0065b6302a914e57087dc28a25ff31220,-24857.0,63009.0,-113655.0,52055.0,-126270.0,,0,0,0,0,0,0,1,2,ADV_NONCONN_IND,37,37,11,-1,0,-1,-1,2218,32,7,unknown
1612.9720000000016,E6:F0:39:CD:D1:1D,1dd1cd39f0e61eff4c0012190067711b403dde181d9f9eeff5c82a2623a0f89bc8b68c4200,-23309.0,57124.0,-92941.0,27656.0,-121651.0,,0,0,0,0,0,0,1,2,ADV_NONCONN_IND,37,37,5,-1,0,-1,-1,6129,32,7,unknown
1614.9460000000036,56:69:25:27:63:3F,3f63272569561eff4c00121900174069ec83b0ad5878152e55da430901cd26c5dd5fa81600,-7817.0,72604.0,-59196.0,68995.0,-108001.0,,0,0,0,0,0,0,1,2,ADV_NONCONN_IND,37,37,0,-1,0,-1,-1,4074,31,8,unknown
1614.9460000000036,C1:86:9A:A0:97:03,0397a09a86c11eff4c00121900d80c676c313f53489dc42c6a9d36ddf4b6b4ef909bf20600,-34870.0,53687.0,-96251.0,72331.0,-109706.0,,0,0,0,0,0,0,1,2,ADV_NONCONN_IND,37,37,1,-1,0,-1,-1,6438,31,7,unknown
1616.7410000000018,D6:68:25:27:E3:3F,3fe3272568d60eff4c00121900174069eca1e4add8386d2e5dd2430d019d27e4dd17e86622,-1259.0,74417.0,-68587.0,56489.0,-88676.0,,0,0,0,0,0,0,1,2,ADV_NONCONN_IND,37,37,7,-1,0,-1,-1,5659,32,8,unknown
1616.7410000000018,F8:46:08:8D:7D:AA,aa7d8d0846f81eff4c0012196aa7be565a0b2b706c00c504769bcbe6f1287b32ffef8b012a,-10028.0,83069.0,-88921.0,54505.0,-103547.0,,0,0,0,0,0,0,1,0,ADV_IND,37,37,13,-1,0,-1,-1,7733,32,7,unknown
1617.0469999999987,EE:F0:39:CD:D1:1D,1dd1cd39f0ee0eff4c0012190067795b443dde081d9f9e6ff5c82a2623a0d99b40868c2602,-20016.0,68690.0,-91431.0,40156.0,-135221.0,,0,0,0,0,0,0,1,2,ADV_NONCONN_IND,37,37,7,-1,0,-1,-1,4912,30,7,unknown
1618.686999999998,D6:68:25:27:E3:2E,2ee3272568d61eff4c001219001740696681b4ad5838ed3e5fd25a084b9d27d5dd57a01220,-17248.0,72525.0,-93507.0,67269.0,-91455.0,,0,0,0,0,0,0,1,2,ADV_NONCONN_IND,37,37,2,-1,0,-1,-1,6539,32,8,unknown
1619.127999999997,E6:F0:39:CD:D1:1D,1dd1cd39f0e61eff4c0012190067715b500f5e1c1d1fd66ff5c8282603a0d80be2b7885622,-27567.0,56113.0,-95991.0,46049.0,-124102.0,,0,0,0,0,0,0,1,2,ADV_NONCONN_IND,37,37,14,-1,0,-1,-1,4118,32,8,unknown
1623.0149999999994,D6:68:25:27:E3:3F,3fe3272568d61eff4c00121900174069ee81b4ad5878ed2e5df2430949dd27e4dd5fe80200,9698.0,75530.0,-79450.0,57681.0,-122972.0,,0,0,0,0,0,1,1,2,ADV_NONCONN_IND,37,37,8,-1,0,-1,-1,3489,32,7,unknown
1623.2810000000027,F8:46:08:8D:7D:BA,ba7d8d0846f81eff4c001219d8b6be564a0b29746c00cd147619ca64f32a7b33e8ef83012a,-22269.0,97227.0,-90976.0,49921.0,-100351.0,,0,0,0,0,0,0,1,0,ADV_IND,37,37,10,-1,0,-1,-1,2139,32,8,unknown
1623.5480000000025,EE:F0:39:CD:D1:1D,1dd1cd39f0ee1eff4c0012190067711b503dde181d9f9eeff5c8aa2603a0f91fc0be0c0600,-27710.0,48651.0,-90201.0,49403.0,-109662.0,,0,0,0,0,0,0,1,2,ADV_NONCONN_IND,37,37,15,-1,0,-1,-1,8008,32,8,unknown
1625.2920000000013,CE:88:67:C9:DE:4E,4edec96788ce1eff4c00121900f72c0f8f4f986dd2daa78ee9913888cbc21c0bdb90480200,-31826.0,86837.0,-108141.0,80317.0,-150481.0,,0,0,0,0,0,0,1,2,ADV_NONCONN_IND,37,37,5,-1,0,-1,-1,5795,32,8,unknown
1626.0299999999988,E6:F0:38:CD:D1:19,19d1cd38f0e60eff4c0012190067715b503dde580d9f9eeff5c82a2603a0789bc09f0c1200,-31043.0,39987.0,-101404.0,50535.0,-124730.0,,0,0,0,0,0,0,1,2,ADV_NONCONN_IND,37,37,3,-1,0,-1,-1,7052,32,8,unknown
1627.0350000000035,D6:68:25:27:E3:3F,3fe3272568d61eff4c00121900174069ee81b0ad4838c52e55f2430d09dc27e4dd1fe05700,-20053.0,72946.0,-84224.0,80995.0,-70195.0,,0,0,0,0,0,0,1,2,ADV_NONCONN_IND,37,37,2,-1,0,-1,-1,3720,31,7,unknown
1627.0350000000035,F8:66:48:8D:7D:AA,aa7d8d4866f81aff4c00121968bb9e565a0b6310ec008d14579bcbe4e6385b3200ef0e716e,-24634.0,81536.0,-90758.0,63518.0,-113819.0,,0,0,0,0,0,0,1,0,ADV_IND,37,37,14,-1,0,-1,-1,7805,31,7,unknown
1629.0509999999995,D6:68:25:27:E3:3F,3fe3272568d60eff4c00121900174069ee81b4ad5878ed2e5dfa430901dd27e4dd5fe80200,-5425.0,84779.0,-71064.0,93970.0,-101488.0,,0,0,0,0,0,0,1,2,ADV_NONCONN_IND,37,37,6,-1,0,-1,-1,3012,32,7,unknown
1629.0509999999995,C1:86:9A:A0:97:03,0397a09a86c11aff4c00121900dc0c676c313f53e89fd42c6a9d36dcf4b6b4ef94bbf20200,-24168.0,66571.0,-100753.0,89186.0,-141588.0,,0,0,0,0,0,0,1,2,ADV_NONCONN_IND,37,37,7,-1,0,-1,-1,4986,29,7,unknown
1631.3399999999965,E6:F0:39:CD:D1:1D,1dd1cd39f0e61eff4c001219006e315b400d5e085d9f9eeff5d82a0023a27d1bceb60c5222,-37926.0,55598.0,-99836.0,24716.0,-117208.0,,0,0,0,0,0,0,1,2,ADV_NONCONN_IND,37,37,10,-1,0,-1,-1,4696,32,8,unknown
1634.7509999999966,56:68:25:27:E3:3F,3fe3272568561eff4c00121900174069ee81b4ad5878ed2e5df2430949dd27e4dd5fe80200,-8087.0,95870.0,-74784.0,59776.0,-133611.0,,0,0,0,0,0,0,1,2,ADV_NONCONN_IND,37,37,9,-1,0,-1,-1,4507,32,7,unknown
1634.7509999999966,F8:46:08:8D:7D:BA,ba7d8d0846f81eff4c0012196a97be16580a2b706c0085147679cb44735d7f32e9ef8b012a,9314.0,91508.0,-99513.0,47830.0,-121605.0,,0,0,0,0,0,0,1,0,ADV_IND,37,37,8,-1,0,-1,-1,4012,32,8,unknown
1635.3640000000014,48:91:3C:19:F8:A2,a2f8193c91480201021816aafe40e20b8e66cd83b571696779238dd903b1d11db120,-24021.0,48414.0,-98138.0,60545.0,-90368.0,,0,0,0,0,0,0,1,0,ADV_IND,34,37,6,-1,0,-1,-1,4254,32,8,unknown
1636.9060000000027,D6:69:25:27:E3:3F,3fe3272569d61eff4c00121900174069ec81b4ad5878ed2e7df2435c07dd2ec4cd17a05602,-10924.0,74949.0,-73677.0,73857.0,-102901.0,,0,0,0,0,0,0,1,2,ADV_NONCONN_IND,37,37,12,-1,0,-1,-1,3707,32,8,unknown
1637.2589999999982,C6:F0:39:CD:D1:1D,1dd1cd39f0c61eff4c001219006f715b442fde181d1f9eeff5c82a2423a07c1bc2960c5a22,-12662.0,47943.0,-88472.0,41647.0,-112658.0,,0,0,0,0,0,0,1,2,ADV_NONCONN_IND,37,37,11,-1,0,-1,-1,1698,31,7,unknown
1639.0480000000025,C1:86:9A:A0:97:03,0397a09a86c11eff4c0012190096891228292162cc81b276ea953e864765ab4fa4a7f1b70b,-25461.0,40263.0,-88388.0,84633.0,-102916.0,,0,0,0,0,0,0,1,2,ADV_NONCONN_IND,37,37,7,-1,0,-1,-1,2440,32,8,unknown
1639.0480000000025,E6:F0:39:CD:D1:1D,1dd1cd39f0e61eff4c0012190067715b403dde181d9f9eeff5c8aa2623a0f99fc0be8c0200,-25247.0,54840.0,-99432.0,43492.0,-114574.0,,0,0,0,0,0,1,1,2,ADV_NONCONN_IND,37,37,10,-1,0,-1,-1,7799,32,8,unknown
1639.0480000000025,68:91:3C:19:F8:A2,a2f8193c91680241021816aafe40e28b8e66cd83b57169f779238d9951b1d15db120,-5159.0,70443.0,-90252.0,64645.0,-109971.0,,0,0,0,0,0,0,1,0,ADV_IND,34,37,13,-1,0,-1,-1,4519,32,8,unknown
1641.1100000000006,F8:46:08:8D:7D:AA,aa7d8d0846f81eff4c0012196ab79e565a0e6b704c008d14569dcbe6e1387b32be670a016e,-7425.0,69231.0,-95021.0,70624.0,-93988.0,,0,0,0,0,0,0,1,0,ADV_IND,37,37,10,-1,0,-1,-1,4366,32,8,unknown
1641.1100000000006,41:86:9A:A0:97:03,0397a09a86411eff4c001219076dd40adaa8b693e549a135504a74003e806eb2a41c00c3df,-24654.0,84629.0,-115346.0,62769.0,-134491.0,,0,0,0,0,0,0,1,2,ADV_NONCONN_IND,37,37,1,-1,0,-1,-1,4755,32,7,unknown
1642.8960000000006,C1:86:9A:A2:97:03,0397a29a86c10eff4c00121900d80c676c313f53689dd4e6bbd934c878922c69b6d3717e85,-40773.0,86177.0,-110460.0,78586.0,-147537.0,,0,0,0,0,0,0,1,2,ADV_NONCONN_IND,37,37,13,-1,0,-1,-1,8017,31,8,unknown
1643.5219999999972,E6:F0:39:CD:D1:1D,1dd1cd39f0e61eff4c0012190067715b403dde181d9f9eeff5c8aa2623a0f99fc0be8c0200,-32639.0,61398.0,-87902.0,82596.0,-141812.0,,0,0,0,0,0,1,1,2,ADV_NONCONN_IND,37,37,10,-1,0,-1,-1,2842,32,8,unknown
1643.5219999999972,68:91:3C:19:F8:A2,a2f8193c91680201021816aafe40e28b8e66cdb3bc216977fb238dd943b1551db1a1,-15636.0,67693.0,-98859.0,63419.0,-104454.0,,0,0,0,0,0,0,1,0,ADV_IND,34,37,1,-1,0,-1,-1,2193,32,8,unknown
1644.7620000000024,D6:68:25:27:E3:3F,3fe3272568d61eff4c00121900174069ee81b4ad5878ed2e5df2430949dd27e4dd5fe80200,-120.0,104443.0,-92960.0,84224.0,-131463.0,,0,0,0,0,0,1,1,2,ADV_NONCONN_IND,37,37,9,-1,0,-1,-1,5856,31,7,unknown
1645.5270000000019,E6:F0:39:CD:D1:1D,1dd1cd39f0e61eff4c0012190067715b403dde181d9f9eeff5d8aa2623a0fd1fc0c5885602,-16629.0,47568.0,-99772.0,46502.0,-117259.0,,0,0,0,0,0,0,1,2,ADV_NONCONN_IND,37,37,5,-1,0,-1,-1,1104,32,8,unknown
1648.8609999999971,D6:68:25:27:E3:3F,3fe3272568d61eff4c00121900174069ee81f4ad5c78e52eddf2420d0ba82ec5cd1fe04622,2664.0,61110.0,-101039.0,74023.0,-87795.0,,0,0,0,0,0,0,1,2,ADV_NONCONN_IND,37,37,14,-1,0,-1,-1,4401,32,8,unknown
1649.4349999999977,E6:F0:39:CD:D1:1D,1dd1cd39f0e61eff4c0012190067715b403dde181d9f9eeff5c8aa2623a0f99fc0be8c0200,-19499.0,65637.0,-102402.0,42555.0,-135712.0,,0,0,0,0,0,1,1,2,ADV_NONCONN_IND,37,37,13,-1,0,-1,-1,6493,32,8,unknown
1649.4349999999977,68:91:3C:19:F8:A2,a2f8193c91680201021816aafe40e28b8e66cd83b57169f779238d9951b1d15db120,-29335.0,96988.0,-84106.0,79038.0,-131500.0,,0,0,0,0,0,1,1,0,ADV_IND,34,37,10,-1,0,-1,-1,2071,32,8,unknown
1653.4470000000001,C6:F9:39:CD:D1:1D,1dd1cd39f9c60aff4c00121900677953403dde181d9f9eeff5d82a242380fd9fc0be8c1200,-20930.0,72259.0,-113919.0,68821.0,-144000.0,,0,0,0,0,0,0,1,2,ADV_NONCONN_IND,37,37,9,-1,0,-1,-1,1737,28,8,unknown
1653.4470000000001,68:91:3C:19:78:A2,a278193c91680201021816aafe40e28b8e66cd83b47169777b238d9941b1d15db1a0,-14982.0,81603.0,-83227.0,59363.0,-129407.0,,0,0,0,0,0,0,1,0,ADV_IND,34,37,8,-1,0,-1,-1,5823,32,8,unknown
1655.3280000000013,68:91:3C:19:F8:A2,a2f8193c91680201021816aafe40e28b8e66cd83b57169f779238dc9a3111a8027cc,-17186.0,77054.0,-89819.0,63927.0,-129647.0,,0,0,0,0,0,0,1,0,ADV_IND,34,37,4,-1,0,-1,-1,4728,32,8,unknown
1657.7350000000006,D6:68:25:27:E7:3F,3fe7272568d61eff4c001219809d452909f883ac0608954732db8f828227e7fc91d75c5694,15718.0,80526.0,-75225.0,65321.0,-91937.0,,0,0,0,0,0,0,1,2,ADV_NONCONN_IND,37,37,6,-1,0,-1,-1,6474,30,8,unknown
1658.3890000000029,D6:68:25:23:E3:3F,3fe3232568d60aff4c001219001740698ee98eac1a48e143224f87a2a627e1fc91f34c7495,6861.0,96112.0,-84955.0,76715.0,-128444.0,,0,0,0,0,0,0,1,2,ADV_NONCONN_IND,37,37,3,-1,0,-1,-1,4154,30,8,unknown
1662.273000000001,68:91:3C:19:F8:A2,a2f8193c91680201021816aafe40e28b8e66cd83b57169f779238d9951b1d15db120,-7319.0,85156.0,-88918.0,53665.0,-140988.0,,0,0,0,0,0,1,1,0,ADV_IND,34,37,2,-1,0,-1,-1,5530,32,8,unknown
1664.5319999999992,68:91:3C:19:F8:A2,a2f8193c91680201021816aafe40e28b8e66cd83f52541f7f123acd803b15109b304,-11993.0,72864.0,-97140.0,90112.0,-122086.0,,0,0,0,0,0,0,1,0,ADV_IND,34,37,6,-1,0,-1,-1,4341,32,8,unknown
1666.5610000000015,68:91:3C:99:F8:A2,a2f8993c91680201021816aafe40e28b8e66cd83b57169f779238d9951b1d15db120,-8090.0,87856.0,-103986.0,64158.0,-153558.0,,0,0,0,0,0,0,1,0,ADV_IND,34,37,4,-1,0,-1,-1,3357,32,7,unknown
1667.7649999999994,68:91:3C:19:F8:A2,a2f8193c91680201021816aafe40e28b8e66cd83b57169f779238d9951b1d15db120,-28680.0,78083.0,-73400.0,63120.0,-117429.0,,0,0,0,0,0,1,1,0,ADV_IND,34,37,9,-1,0,-1,-1,6222,32,8,unknown
1669.5710000000036,68:91:3C:19:F8:A2,a2f8193c91680201021816aafe40e28b8e66cd83b57169f779238d9951b1d15db120,8529.0,95967.0,-82435.0,77598.0,-142931.0,,0,0,0,0,0,1,1,0,ADV_IND,34,37,0,-1,0,-1,-1,4951,31,8,unknown
1672.0729999999967,68:91:3C:19:F8:A2,a2f8193c91680201021816aafe40e28b8e66cd83b57169f779238d9951b1d15db120,-11843.0,69629.0,-80570.0,53546.0,-124519.0,,0,0,0,0,0,1,1,0,ADV_IND,34,37,15,-1,0,-1,-1,6022,32,8,unknown
1673.400999999998,68:91:3C:19:F8:A2,a2f8193c91680201021816aafe40e28b8e66cd83b57169f779238d9951b1d15db120,-15280.0,70444.0,-80166.0,61629.0,-106096.0,,0,0,0,0,0,1,1,0,ADV_IND,34,37,6,-1,0,-1,-1,4979,32,8,unknown
1675.5420000000013,68:91:3C:19:F8:A2,a2f8193c91680201021816aafe40e28b8e2ecd83b531696779238dd953b1d15db120,-19228.0,80862.0,-73180.0,63768.0,-119649.0,,0,0,0,0,0,0,1,0,ADV_IND,34,37,2,-1,0,-1,-1,2156,32,8,unknown
1677.6070000000036,6E:2B:E4:99:64:F0,f06499e42b6e0201221816aafe40401f04bcb2728dd491dd34dca9852416b888c9aa,-12322.0,86213.0,-90057.0,88278.0,-106474.0,,0,0,0,0,0,0,1,0,ADV_IND,34,37,1,-1,0,-1,-1,5949,32,8,unknown
1677.6070000000036,68:91:3C:09:F8:A2,a2f8093c91680201021816aafe40e28b8e66cd83b57169f779238d9951b1d15db120,-1250.0,80810.0,-90675.0,73100.0,-148935.0,,0,0,0,0,0,0,1,0,ADV_IND,34,37,11,-1,0,-1,-1,7822,32,8,unknown
1679.9590000000026,6E:2B:64:19:64:F0,f06419642b6e0201021816aafe40401f04bcb2728dd491df70d4a9414dbe950c6ded,4261.0,93551.0,-99973.0,89809.0,-119748.0,,0,0,0,0,0,0,1,0,ADV_IND,34,37,13,-1,0,-1,-1,2388,32,8,unknown
1679.9590000000026,68:91:3C:19:F8:A2,a2f8193c91680201021816aafe40e28b8e66cd83b47169f779238d9951b1d1a9a700,-3069.0,69965.0,-95103.0,77754.0,-99004.0,,0,0,0,0,0,0,1,0,ADV_IND,34,37,5,-1,0,-1,-1,4533,32,8,unknown
1683.5,6E:2B:E4:99:64:F0,f06499e42b6e0201021816aafe40401f04bcb2728dd491dd70d4a9414dbe950c6ded,1864.0,77195.0,-77132.0,80959.0,-103013.0,,0,0,0,0,0,1,1,0,ADV_IND,34,37,0,-1,0,-1,-1,3670,32,8,unknown
1683.5,68:91:3C:19:F8:A2,a2f8193c91680201021816aafe40e28b8e66cd83b57169f779238d9901b1511db120,-30635.0,80879.0,-72179.0,84374.0,-117182.0,,0,0,0,0,0,0,1,0,ADV_IND,34,37,3,-1,0,-1,-1,4067,32,8,unknown
1684.2450000000026,6E:2B:E4:99:64:F0,f06499e42b6e0201021816aafe40401f04bcb2728dd491dd70d4a9414dbe950c6ded,20830.0,82861.0,-89821.0,74580.0,-105232.0,,0,0,0,0,0,1,1,0,ADV_IND,34,37,5,-1,0,-1,-1,6123,32,8,unknown
1684.2450000000026,68:91:3C:19:F8:A2,a2f8193c91680201021816aafe40e28b8e66cd83b57169f779238d9951b1d15db120,-2769.0,63490.0,-87181.0,69675.0,-94562.0,,0,0,0,0,0,1,1,0,ADV_IND,34,37,6,-1,0,-1,-1,5875,30,8,unknown
1686.1399999999994,68:91:3C:19:F8:A2,a2f8193c91680201021816aafe40e28b8e66cd83b5716977f923edca03911889a384,-26689.0,85130.0,-77817.0,59258.0,-103953.0,,0,0,0,0,0,0,1,0,ADV_IND,34,37,9,-1,0,-1,-1,1927,32,8,unknown
1687.8179999999993,68:91:3C:19:F8:A2,a2f8193c91680201021816aafe40e28b8e66cd83b5654367f127e8ea83911aa123cc,17540.0,69086.0,-80135.0,60208.0,-119693.0,,0,0,0,0,0,0,1,0,ADV_IND,34,37,1,-1,0,-1,-1,7065,32,8,unknown
1690.7320000000036,68:91:3C:19:F8:A2,a2f8193c91680201021816aafe40e28b8e66cd83b57169f779238d9951b1d15db120,-20157.0,99902.0,-75469.0,76899.0,-135387.0,,0,0,0,0,0,1,1,0,ADV_IND,34,37,7,-1,0,-1,-1,3575,31,7,unknown
1691.9460000000036,68:99:1C:19:F8:AA,aaf8191c99680241061816aafe40e28b8e66cf83b56169f779238d9951b1d15db120,-13512.0,104032.0,-92172.0,71317.0,-135057.0,,0,0,0,0,0,0,1,2,ADV_NONCONN_IND,34,37,11,-1,0,-1,-1,4541,32,7,unknown
1694.1189999999988,68:91:3C:19:F8:A2,a2f8193c91680201021816aafe40e28b8e66cd83b57169f779238d9951b1d15db120,-13805.0,83763.0,-74385.0,83372.0,-138084.0,,0,0,0,0,0,1,1,0,ADV_IND,34,37,12,-1,0,-1,-1,2461,32,8,unknown
1695.6770000000033,E6:F0:39:CD:D1:1D,1dd1cd39f0e61eff4c0012190067715b403dde181d9f9eeff5c8aa2623a0f99fc0be8c0200,-16357.0,64478.0,-108072.0,84966.0,-137879.0,,0,0,0,0,0,1,1,2,ADV_NONCONN_IND,37,37,1,-1,0,-1,-1,1279,32,8,unknown
1698.2580000000016,68:91:3C:19:F8:A0,a0f8193c91680201021816aafe40e28b8e66cd83b57169f779238d9951b1d15db120,0.0,107160.0,-89867.0,83079.0,-142189.0,,0,0,0,0,0,0,1,0,ADV_IND,34,37,8,-1,0,-1,-1,3160,30,8,unknown
1700.1690000000017,68:91:3C:19:F8:A2,a2f8193c91680201021816aafe40e28b8e66cd83b57169f779238d9951b1d15db120,-15423.0,92126.0,-86283.0,68872.0,-124778.0,,0,0,0,0,0,1,1,0,ADV_IND,34,37,10,-1,0,-1,-1,3109,32,8,unknown
1704.3609999999971,68:91:3C:59:F8:A2,a2f8593c91680201021816aafe40e28b8c2ecd83b53169f779238d8951b1515db324,-25125.0,76181.0,-90810.0,62283.0,-103303.0,,0,0,0,0,0,0,1,0,ADV_IND,34,37,9,-1,0,-1,-1,5563,32,8,unknown
1706.6460000000006,68:91:3C:19:F8:A2,a2f8193c91680201021816aafe40e28b8e664d83b47169f779238d9951b1d55da104,-3774.0,70588.0,-78262.0,74987.0,-113857.0,,0,0,0,0,0,0,1,0,ADV_IND,34,37,11,-1,0,-1,-1,6184,32,8,unknown
1707.3070000000007,DA:FE:12:6A:DF:B5,b5df6a12feda1eff4c00121900837e33eabcb2806a27e5e176a44fa1968870628dd4120100,-22672.0,72135.0,-112227.0,71428.0,-116380.0,,0,0,0,0,0,1,1,2,ADV_NONCONN_IND,37,37,1,-1,0,-1,-1,4875,32,8,unknown
1708.536,5D:47:3C:B4:CB:DE,decbb43c475d0201021816aafe40401f04bcb2728dd491dd70d4a9414dbe950c6ded,3398.0,107164.0,-108555.0,108514.0,-132547.0,,0,0,0,0,0,1,1,0,ADV_IND,34,37,6,-1,0,-1,-1,7902,32,8,unknown
1708.940999999999,5A:FE:10:6A:5E:B5,b55e6a10fe5a1eff4c00121900837e37eabcb2906a27656276a44b86028b5043ac9432710a,-4757.0,60538.0,-91134.0,44300.0,-116044.0,,0,0,0,0,0,0,1,2,ADV_NONCONN_IND,37,37,6,-1,0,-1,-1,6417,31,8,unknown
1710.1059999999998,68:91:3C:19:F8:A2,a2f8193c91680201021816aafe40e28b8c66ed83b57169f77923859943b1d01db1a0,-2511.0,52695.0,-88244.0,67310.0,-90370.0,,0,0,0,0,0,0,1,0,ADV_IND,34,37,3,-1,0,-1,-1,6132,32,8,unknown
1710.1059999999998,5D:47:3C:B4:CB:DE,decbb43c475d0201021816aafe40401f84be00436c5e319b3454ba804496bc0cedea,14641.0,89920.0,-105103.0,98246.0,-104268.0,,0,0,0,0,0,0,1,0,ADV_IND,34,37,13,-1,0,-1,-1,3188,32,8,unknown
1714.0299999999988,E6:F0:39:CD:C1:95,95c1cd39f0e61eff4c0012190067715b503dde181d9f9eeff5c8aa2623a0d99fc0be8c0200,-30759.0,89658.0,-94975.0,81704.0,-127208.0,,0,0,0,0,0,0,1,2,ADV_NONCONN_IND,37,37,5,-1,0,-1,-1,3011,28,8,unknown
1714.286,68:91:3C:19:F8:A2,a2f8193c91680201021816aafe40e28b8e66cd83b57169f779238d9951b1d15db120,-16351.0,48212.0,-78467.0,77031.0,-97561.0,,0,0,0,0,0,1,1,0,ADV_IND,34,37,7,-1,0,-1,-1,3664,32,8,unknown
1714.5469999999987,5D:47:3C:B4:CB:DE,decbb43c475d0201021816aafe40401f04bcb2728dd491dd70d4a9414dbe950c6ded,0.0,90201.0,-81414.0,80603.0,-106807.0,,0,0,0,0,0,1,1,0,ADV_IND,34,37,12,-1,0,-1,-1,2288,32,8,unknown
1715.3410000000003,68:91:3C:19:F8:A2,a2f8193c91680201021816aafe40e28b8e66cd83b57169f779238d99511118ad27cc,-12292.0,70358.0,-79618.0,72905.0,-106239.0,,0,0,0,0,0,0,1,0,ADV_IND,34,37,15,-1,0,-1,-1,5471,32,8,unknown
1715.6100000000006,DC:BE:F1:60:B3:78,78b360f1bedc1eff4c001219000ec12854fe5ddcbd57e446c9934401c08a808962169c0200,-46661.0,97165.0,-136495.0,83080.0,-151175.0,,0,0,0,0,0,0,1,2,ADV_NONCONN_IND,37,37,13,-1,0,-1,-1,6819,32,7,unknown
1716.4320000000007,68:91:3C:19:F8:A2,a2f8193c91680201021816aafe40e28b8e66cd83b53149f7f123ecea03911aa9278c,-9826.0,82443.0,-86067.0,63296.0,-113469.0,,0,0,0,0,0,0,1,0,ADV_IND,34,37,13,-1,0,-1,-1,5426,32,8,unknown
1718.5610000000015,68:91:3C:19:F8:A2,a2f8193c91680201021816aafe40e28b8e66cda3b4554967f923acc90391580db380,8005.0,81595.0,-101523.0,76429.0,-116747.0,,0,0,0,0,0,0,1,0,ADV_IND,34,37,7,-1,0,-1,-1,7016,32,8,unknown
1720.599000000002,68:91:3C:19:F8:A2,a2f8193c91680201021816aafe40e28b8e66cd83b57169f779238dd943b151afb0a0,-4763.0,69141.0,-82325.0,57176.0,-104592.0,,0,0,0,0,0,0,1,0,ADV_IND,34,37,2,-1,0,-1,-1,7705,32,8,unknown
1724.7880000000005,68:91:3C:19:F8:A2,a2f8193c916802a9021816aafe40e28b8e66cd83b47169f779238d9951b1d15db120,-11972.0,100797.0,-101204.0,84492.0,-132569.0,,0,0,0,0,0,0,1,0,ADV_IND,34,37,0,-1,0,-1,-1,3263,31,7,unknown
1727.400999999998,68:91:3C:19:F8:A2,a2f8193c91680201021816aafe40e28b8e66cd83b57169f779238d9951b1d15db120,-639.0,79399.0,-96791.0,76889.0,-122207.0,,0,0,0,0,0,1,1,0,ADV_IND,34,37,3,-1,0,-1,-1,1600,32,8,unknown
1728.964,68:91:3C:19:F8:A2,a2f8193c91680201021816aafe40e28b8e66cd83b57169f779238d9951b1d15db120,-18324.0,69827.0,-71474.0,64672.0,-110726.0,,0,0,0,0,0,1,1,0,ADV_IND,34,37,5,-1,0,-1,-1,2783,32,7,unknown
1731.0599999999977,68:91:3C:19:F8:A2,a2f8193c91680201021816aafe40e28b8e66cd83b57169f779238d9951b1d15db120,-3065.0,75434.0,-78882.0,54366.0,-123684.0,,0,0,0,0,0,1,1,0,ADV_IND,34,37,9,-1,0,-1,-1,1670,32,8,unknown
1733.2739999999976,68:91:3C:19:F8:A2,a2f8193c91680201021816aafe40e28b8e66cd83b57169f779238d9951b1d15db120,0.0,97081.0,-100059.0,85814.0,-137963.0,,0,0,0,0,0,1,1,0,ADV_IND,34,37,14,-1,0,-1,-1,2639,31,8,unknown
1734.1339999999982,F8:91:66:FE:7B:EC,ec7bfe6691f81eff4c00121900c82e0d2ce163252e656d3b1ae0d44f466c0b07d932267d15,-8973.0,64805.0,-77276.0,64517.0,-100388.0,,0,0,0,0,0,0,1,2,ADV_NONCONN_IND,37,37,10,-1,0,-1,-1,5933,32,8,unknown
1734.8229999999967,68:91:3C:19:F8:A2,a2f8193c91680201021816aafe40e28b8e66cd83b57169f779238d9951b1d15db120,-30572.0,88345.0,-80168.0,82646.0,-133260.0,,0,0,0,0,0,1,1,0,ADV_IND,34,37,7,-1,0,-1,-1,4335,32,8,unknown
1737.0529999999999,68:91:3C:19:F8:A2,a2f8193c91680201021816aafe40e28b8e66cd83b57169f779238d9951b1d15db120,-31814.0,91640.0,-75830.0,83813.0,-138325.0,,0,0,0,0,0,1,1,0,ADV_IND,34,37,14,-1,0,-1,-1,1187,32,8,unknown
1738.6670000000013,68:91:3C:19:F8:A2,a2f8193c91680201021816aafe40e28b8e66cd83b57169f779238d9951b1d15db120,-23406.0,92034.0,-73713.0,75344.0,-128601.0,,0,0,0,0,0,1,1,0,ADV_IND,34,37,0,-1,0,-1,-1,6343,32,8,unknown
1739.8589999999967,D3:1E:72:F8:B9:D3,d3b9f8721ed31eff4c0012192adb70bdccfefeee12d75ab8002a5a8b05615e2b326bb7756e,-7530.0,87582.0,-88455.0,95762.0,-125579.0,,0,0,0,0,0,0,1,0,ADV_IND,37,37,1,-1,0,-1,-1,2627,32,8,unknown
1742.8079999999973,68:91:3C:19:F8:A2,a2f8193c91680201021816aafe40e28b8e66cd83b57169f779238d9951b1d15db120,-8959.0,86219.0,-81228.0,87806.0,-137939.0,,0,0,0,0,0,0,1,0,ADV_IND,34,37,13,-1,0,-1,-1,4279,31,8,unknown
1746.773000000001,D3:1E:72:F8:B9:D3,d3b9f8721ed31eff4c0012192adb70bdccfefefe12d75ab8002a5a8b056156699b623f01f6,-3059.0,112244.0,-98135.0,115400.0,-133477.0,,0,0,0,0,0,0,1,0,ADV_IND,37,37,12,-1,0,-1,-1,1617,32,7,unknown
1747.5780000000013,68:91:38:19:F8:A2,a2f8193891680201021816aafe40e28b9e66cd83b57169f779238d9951b1d15db120,996.0,80931.0,-86765.0,74860.0,-132210.0,,0,0,0,0,0,0,1,0,ADV_IND,34,37,9,-1,0,-1,-1,3083,32,8,unknown
1748.7339999999967,68:91:3C:19:F8:A2,a2f8193c91680201021816aafe40e20b8e66cd83b57169e779238d9951b1d15d21cc,0.0,78107.0,-85977.0,73414.0,-108775.0,,0,0,0,0,0,0,1,0,ADV_IND,34,37,3,-1,0,-1,-1,2674,32,8,unknown
1750.7969999999987,68:91:3C:19:F8:A2,a2f8193c91680201021816aafe40e28b8e66cd83b57169f779238d9951b1d15db120,1361.0,72480.0,-101629.0,84736.0,-122284.0,,0,0,0,0,0,1,1,0,ADV_IND,34,37,7,-1,0,-1,-1,6236,32,8,unknown
1752.9190000000017,68:91:3C:19:F8:A2,a2f8193c91680201021816aafe40e28b8e66cd83b57169f779238d9951b1d15db120,-12971.0,75088.0,-70808.0,72565.0,-104364.0,,0,0,0,0,0,1,1,0,ADV_IND,34,37,6,-1,0,-1,-1,5706,32,8,unknown
1754.6770000000033,68:99:18:19:F8:AA,aaf8191899680201021816aafe00f40bb82fe5abf42541f7f1238cd903915159a320,-9374.0,84450.0,-110166.0,68000.0,-101416.0,,0,0,0,0,0,0,1,0,ADV_IND,34,37,8,-1,0,-1,-1,2938,32,7,unknown
1757.127999999997,68:91:3C:19:F8:A2,a2f8193c91680201021816aafe40e28b8e66cd83b57169f779238d9951b1d15db120,-13273.0,106605.0,-94135.0,82566.0,-145842.0,,0,0,0,0,0,1,1,0,ADV_IND,34,37,14,-1,0,-1,-1,2691,32,8,unknown
1757.127999999997,70:80:5D:BF:28:51,5128bf5d80700201021816aafe40401f04bcb2728dd491dd70d4a9414dbe950c6ded,0.0,112052.0,-96560.0,111198.0,-132194.0,,0,0,0,0,0,0,1,0,ADV_IND,34,37,6,-1,0,-1,-1,2468,32,8,unknown
1758.675000000003,68:91:3C:19:F8:A2,a2f8193c91680201021816aafe40e28b8e66cd83b57169f779238d9951b1d15db120,7040.0,92534.0,-96861.0,73536.0,-142691.0,,0,0,0,0,0,1,1,0,ADV_IND,34,37,1,-1,0,-1,-1,4480,32,8,unknown
1760.711000000003,68:91:3C:19:F8:A2,a2f8193c91680201021816aafe40e28b8e66cd83b57169f779238d9951b1d059b104,-14208.0,73956.0,-76790.0,72606.0,-106322.0,,0,0,0,0,0,0,1,0,ADV_IND,34,37,11,-1,0,-1,-1,2204,32,8,unknown
1762.6070000000036,C9:AB:77:E8:22:52,5222e877abc91eff4c001219001fbf8665cf6cbcb7a7f1449720bd4184575d1a2e8f114204,-20865.0,78381.0,-117122.0,79187.0,-109779.0,,0,0,0,0,0,0,1,2,ADV_NONCONN_IND,37,37,10,-1,0,-1,-1,4233,32,7,unknown
1764.8439999999973,C9:AB:77:E8:22:52,5222e877abc91eff4c0012190017bf2325c53abc37233020172d2f6f8c171f3a07ce510300,-30772.0,55697.0,-99933.0,90542.0,-109016.0,,0,0,0,0,0,1,1,2,ADV_NONCONN_IND,37,37,11,-1,0,-1,-1,5007,32,8,unknown
1764.8439999999973,68:91:3C:19:F8:A2,a2f8193c91680201021816aafe40e28b8e66cd83b57169f779238d9951b1d15db120,-3348.0,82629.0,-83552.0,63981.0,-130313.0,,0,0,0,0,0,1,1,0,ADV_IND,34,37,2,-1,0,-1,-1,4800,32,8,unknown
1767.1240000000034,C9:A9:77:E8:22:52,5222e877a9c90eff4c0012190017bf2325c73abc37233020172d2f6f8c175f3a07ce511300,-3863.0,83346.0,-96797.0,71491.0,-141623.0,,0,0,0,0,0,0,1,2,ADV_NONCONN_IND,37,37,0,-1,0,-1,-1,1897,32,8,unknown
1767.1240000000034,68:91:3C:19:F8:A2,a2f8193c91680201021816aafe40e28b8e66cd83b57169f779238d9951b1d15db120,-4792.0,60510.0,-71574.0,61366.0,-103897.0,,0,0,0,0,0,1,1,0,ADV_IND,34,37,13,-1,0,-1,-1,7947,32,7,unknown
1769.2869999999966,69:91:3C:19:F8:A2,a2f8193c91690201021816aafe40e28b8e66c583b521416fb127e8eaaa111aa027cc,-6241.0,82195.0,-81841.0,75209.0,-114444.0,,0,0,0,0,0,0,1,0,ADV_IND,34,37,6,-1,0,-1,-1,5642,32,8,unknown
1770.8300000000017,C9:AB:77:E8:22:50,5022e877abc91eff4c001219001fbf2325e57abc37233120172db9158442fd93ec3b805415,-49199.0,67796.0,-83929.0,67016.0,-105634.0,,0,0,0,0,0,0,1,2,ADV_NONCONN_IND,37,37,13,-1,0,-1,-1,1687,31,7,unknown
1773.1829999999973,68:91:3C:19:F8:A2,a2f8193c91680201021816aafe40e28b8e66cd83b57169f779238d9951b1d15db120,2682.0,87330.0,-83765.0,68395.0,-154408.0,,0,0,0,0,0,1,1,0,ADV_IND,34,37,13,-1,0,-1,-1,5139,32,7,unknown
1776.9709999999977,68:91:3C:19:F8:A2,a2f8193c91680201021816aafe40e28b8e66cd83b57169f779238d9951b1d15db120,10673.0,55837.0,-80804.0,75901.0,-122471.0,,0,0,0,0,0,1,1,0,ADV_IND,34,37,10,-1,0,-1,-1,6388,32,8,unknown
1777.4649999999965,C9:A9:77:EA:22:52,5222ea77a9c90eff4c0012190017bf2325c53abc37233020172d2f678c171f3a07ce511300,-13877.0,77152.0,-105707.0,74037.0,-127091.0,,0,0,0,0,0,0,1,2,ADV_NONCONN_IND,37,37,1,-1,0,-1,-1,3637,28,7,unknown
1777.4649999999965,68:91:3C:19:F8:A2,a2f8193c91680201021816aafe40e28b8e66cd83b53149777923add851b1d15db1a0,-20270.0,95306.0,-90635.0,80005.0,-135711.0,,0,0,0,0,0,0,1,0,ADV_IND,34,37,9,-1,0,-1,-1,2146,32,8,unknown
1779.2200000000012,68:91:3C:19:F8:A2,a2f8193c91680201021816aafeb0941bbc0bb73bf02c532fb027e8caaa111aa027cc,-11455.0,73893.0,-71840.0,52909.0,-100635.0,,0,0,0,0,0,0,1,0,ADV_IND,34,37,14,-1,0,-1,-1,1682,30,8,unknown
1781.311999999998,68:91:3C:19:F8:A2,a2f8193c91680201021816aafe40e28b8e66cd83b5716bf779238dd953b1d15db120,-8748.0,81817.0,-91653.0,80027.0,-118769.0,,0,0,0,0,0,0,1,0,ADV_IND,34,37,12,-1,0,-1,-1,4400,32,8,unknown
1783.2130000000034,68:91:3C:19:F8:A2,a2f8193c91680201021816aafe40e28b8e66cd83b57169f779238d9951b1d15db120,-7080.0,111157.0,-102682.0,87272.0,-135387.0,,0,0,0,0,0,1,1,0,ADV_IND,34,37,5,-1,0,-1,-1,1611,32,8,unknown
1787.9259999999995,68:91:3C:19:F8:A2,a2f8193c91680201021816aafe40e28b8e66cd83b57169f779238d9951b1d15db120,3294.0,87331.0,-79829.0,44131.0,-134240.0,,0,0,0,0,0,1,1,0,ADV_IND,34,37,2,-1,0,-1,-1,7044,32,8,unknown
1789.3629999999976,68:91:3C:19:F8:A2,a2f8193c91680201021816aafe40e28b8e66cd83b57169f779238d9951b1d15db120,-23297.0,85205.0,-74128.0,100844.0,-141762.0,,0,0,0,0,0,1,1,0,ADV_IND,34,37,6,-1,0,-1,-1,4726,32,8,unknown
1791.690999999999,68:91:3C:19:F8:A2,a2f8193c91680201021816aafe40e28b8e66cd83b57169f779238d9951b1d15db120,1912.0,69187.0,-94536.0,86192.0,-128450.0,,0,0,0,0,0,1,1,0,ADV_IND,34,37,2,-1,0,-1,-1,1437,29,8,unknown
1793.9910000000018,68:91:3C:19:F8:A2,a2f8193c91680201021816aafe40e28b8e66cd83b57169f779238d9951b1d15db120,-9551.0,90350.0,-89365.0,61757.0,-131805.0,,0,0,0,0,0,1,1,0,ADV_IND,34,37,14,-1,0,-1,-1,1256,31,7,unknown
1797.372000000003,68:91:3C:19:F8:A2,a2f8193c91680201021816aafe40e28b8e66cd83b57169f779238d9951b1d15db120,-22779.0,85243.0,-72916.0,83378.0,-121569.0,,0,0,0,0,0,1,1,0,ADV_IND,34,37,4,-1,0,-1,-1,5395,32,8,unknown
1799.550000000003,68:91:3C:19:F8:A2,a2f8193c91680201021816aafe40e28b8e664da3b47169f779238d9951b1d18da784,-370.0,74268.0,-79835.0,73218.0,-107530.0,,0,0,0,0,0,0,1,0,ADV_IND,34,37,6,-1,0,-1,-1,2846,32,8,unknown
1801.7070000000022,68:91:3C:19:F8:A2,a2f8193c91680201021816aafe40e28b8e66cd83b57169f779238d9951b1d11da3a0,-12858.0,76175.0,-81025.0,71268.0,-98480.0,,0,0,0,0,0,0,1,0,ADV_IND,34,37,0,-1,0,-1,-1,2892,32,8,unknown
1809.336000000003,E0:2F:85:F6:49:40,4049f6852fe01eff4c001219b2b98a8d9607dd11c41185989c66e56c1c8c6317a1f3350344,-7957.0,79941.0,-76896.0,72834.0,-80814.0,,0,0,0,0,0,0,1,0,ADV_IND,37,37,0,-1,0,-1,-1,5989,32,8,unknown
1813.1410000000033,68:91:3C:19:D8:A2,a2d8193c91680201021816aafe40e20f8466cd83b57169f779238d9901b1d11db120,-7124.0,75561.0,-71906.0,56231.0,-111669.0,,0,0,0,0,0,0,1,0,ADV_IND,34,37,7,-1,0,-1,-1,1516,32,7,unknown
1813.4049999999988,68:91:3C:19:F8:A2,a2f8193c91680201021816aafe40e28b8e66cd83b57169f779238d9951b1d15db120,-28796.0,81288.0,-76178.0,89264.0,-140510.0,,0,0,0,0,0,1,1,0,ADV_IND,34,37,0,-1,0,-1,-1,3578,32,8,unknown
1813.663999999997,60:7E:86:25:C0:9D,9dc025867e600201021816aafe40401f04bcb2728dd491dd70d4a9414dbe950c6ded,6813.0,132336.0,-85650.0,103353.0,-113550.0,,0,0,0,0,0,1,1,0,ADV_IND,34,37,0,-1,0,-1,-1,1322,32,8,unknown
1813.663999999997,4D:ED:53:AA:51:0D,0d51aa53ed4d02010403025aff17165afd1397f6023a26ce35a467f04897000000c6312907,-1439.0,105043.0,-92828.0,86905.0,-99444.0,,0,0,0,0,0,0,1,0,ADV_IND,37,37,10,-1,0,-1,-1,5636,31,7,unknown
1814.203999999998,68:91:3C:19:F8:A2,a2f8193c91680201021816aafe40e28b8e66cd83b57169f779238d9951b1d15db120,16890.0,68999.0,-93497.0,74676.0,-113977.0,,0,0,0,0,0,1,1,0,ADV_IND,34,37,10,-1,0,-1,-1,4816,32,8,unknown
1815.4780000000028,68:91:3C:19:F8:A2,a2f8193c91680201021816aafe40e28b8e664d83b57169f779238d9951b1d15db120,-11904.0,100546.0,-91223.0,80360.0,-135896.0,,0,0,0,0,0,0,1,0,ADV_IND,34,37,12,-1,0,-1,-1,2686,32,8,unknown
1817.8689999999988,68:91:3C:19:F8:A2,a2f8193c91680201021816aafe40e28b8e66cd83b57169f779238d9951b1d15db120,0.0,54160.0,-83660.0,88160.0,-113008.0,,0,0,0,0,0,1,1,0,ADV_IND,34,37,2,-1,0,-1,-1,1428,32,8,unknown
1819.989999999998,68:91:3C:19:F8:A2,a2f8193c91680201021816aafe40e28b8e66cd83b57169f779238d9951b1d15db120,-10661.0,70564.0,-86813.0,67879.0,-103660.0,,0,0,0,0,0,1,1,0,ADV_IND,34,37,10,-1,0,-1,-1,6818,32,7,unknown
1821.6259999999966,68:91:3C:19:D8:A2,a2d8193c91680201021816aafe40e20b8e6ecd83b57169f779238d9951915159b100,-29323.0,76020.0,-99469.0,66877.0,-97950.0,,0,0,0,0,0,0,1,0,ADV_IND,34,37,12,-1,0,-1,-1,2836,32,8,unknown
1822.2929999999978,C3:EF:40:A3:E9:D3,d3e9a340efc31eff4c001219102e21e91e90463e1a196009126ee316193268d590c9da4393,-2066.0,90516.0,-59922.0,59597.0,-87102.0,,0,0,0,0,0,0,1,0,ADV_IND,37,37,6,-1,0,-1,-1,6135,31,7,unknown
1822.5509999999995,C5:C9:75:84:10:7A,7a108475c9c51eff4c001219003d4562c6be7a33f70563179b203b3a1be45fb22847340200,-23752.0,69746.0,-94125.0,69822.0,-144266.0,,0,0,0,0,0,0,1,2,ADV_NONCONN_IND,37,37,5,-1,0,-1,-1,1200,32,8,unknown
1824.1310000000012,68:91:3C:19:F8:A2,a2f8193c91680201021816aafe40e28b8e66cd83b57169f779238d9951b1d15db120,-8485.0,96351.0,-92436.0,78527.0,-140126.0,,0,0,0,0,0,1,1,0,ADV_IND,34,37,12,-1,0,-1,-1,1061,32,8,unknown
1825.9159999999974,C1:EF:40:A3:E9:D3,d3e9a340efc11eff4c001219502e21e91690e63c1a194c09166ee306993668d59089da0792,-19827.0,91001.0,-60186.0,52846.0,-98214.0,,0,0,0,0,0,0,1,0,ADV_IND,37,37,0,-1,0,-1,-1,7937,32,8,unknown
1827.7660000000033,68:91:3C:19:F8:A2,a2f8193c91680201021816aafe40e28b8e66cd83b57169f779238d9951b1d15db120,-2663.0,96934.0,-94024.0,76774.0,-162339.0,,0,0,0,0,0,1,1,0,ADV_IND,34,37,15,-1,0,-1,-1,4092,31,8,unknown
1833.0469999999987,C5:D9:75:84:10:7A,7a108475d9c51eff4c001219003d4562c6be7a33770563179b207b3a1be45fb22847350200,-20528.0,59378.0,-101696.0,63325.0,-133367.0,,0,0,0,0,0,0,1,2,ADV_NONCONN_IND,37,37,0,-1,0,-1,-1,4646,32,8,unknown
1833.8210000000036,68:91:3C:19:F8:A2,a2f8193c91680201021816aafe40e28b8e66cd83b57169f779238d9951b1d15db120,353.0,84114.0,-75039.0,53897.0,-131413.0,,0,0,0,0,0,1,1,0,ADV_IND,34,37,3,-1,0,-1,-1,3300,32,8,unknown
1835.3919999999998,C5:C9:75:84:10:7A,7a108475c9c51eff4c001219003d4562d4ae7a33773763179b203b3a1be45f932847350204,-13116.0,85312.0,-107717.0,80155.0,-139019.0,,0,0,0,0,0,0,1,2,ADV_NONCONN_IND,37,37,14,-1,0,-1,-1,1084,32,8,unknown
1836.5959999999977,68:91:3C:19:F8:A2,a2f8193c91680201021816aafe40e28b8e66cd83b57169f779238d9951b1d15db120,-3437.0,59306.0,-86135.0,83995.0,-119249.0,,0,0,0,0,0,1,1,0,ADV_IND,34,37,14,-1,0,-1,-1,5280,32,8,unknown
1837.487000000001,C5:C9:75:86:50:7A,7a508675c9c51eff4c001219003d4562c6be7a33770563179b207b3a1be45f322847350200,-29147.0,69862.0,-101939.0,63615.0,-111092.0,,0,0,0,0,0,0,1,2,ADV_NONCONN_IND,37,37,13,-1,0,-1,-1,4890,32,8,unknown
1838.400999999998,68:91:3C:19:F8:A2,a2f8193c91680201021816aafe40e28b8e66cd83b57169f779238d9951b1d15db120,-881.0,95880.0,-90989.0,65781.0,-147763.0,,0,0,0,0,0,1,1,0,ADV_IND,34,37,4,-1,0,-1,-1,7405,32,7,unknown
1840.4850000000006,68:91:3C:19:F8:A2,a2f8193c91680201021816aafe40e28b8e66cd83b57169f779238d9951b1d15db120,-16537.0,72262.0,-83466.0,53772.0,-105818.0,,0,0,0,0,0,1,1,0,ADV_IND,34,37,12,-1,0,-1,-1,3005,32,7,unknown
1844.3960000000006,C5:89:75:84:10:7A,7a10847589c51aff4c001219003d4566c6be7a33770563179b297b3a1be45fb22847350200,-17532.0,63977.0,-101850.0,64111.0,-134700.0,,0,0,0,0,0,0,1,2,ADV_NONCONN_IND,37,37,11,-1,0,-1,-1,7832,32,8,unknown
1844.6600000000035,68:91:3C:19:F8:A2,a2f8193c91680201021816aafe40e28b8e66cd83b57169f779238d9951b1d15db120,3123.0,83378.0,-87442.0,89062.0,-159010.0,,0,0,0,0,0,1,1,0,ADV_IND,34,37,13,-1,0,-1,-1,5383,32,8,unknown
1844.9619999999995,C8:F3:CF:E9:50:46,4650e9cff3c81eff4c0012193152661215bd405b480ffa84169a30866ff9a21ab60024f5d6,-12420.0,64675.0,-75257.0,91113.0,-102673.0,,0,0,0,0,0,0,1,0,ADV_IND,37,37,4,-1,0,-1,-1,6215,30,7,unknown
1844.9619999999995,E8:73:CF:E9:50:46,4650e9cf73e80eff4c0012193152661615bd8453e91523a084583ce0fb53a4289ab12ad8ae,-5492.0,59353.0,-74088.0,52744.0,-98827.0,,0,0,0,0,0,0,1,0,ADV_IND,37,37,15,-1,0,-1,-1,6754,30,8,unknown
1844.9619999999995,C5:C9:75:84:10:7A,7a108475c9c51eff4c001219003d4562c6be7a33770563179b207b3a1be45fb32847340200,-22026.0,75430.0,-98502.0,67757.0,-137902.0,,0,0,0,0,0,0,1,2,ADV_NONCONN_IND,37,37,2,-1,0,-1,-1,6184,32,8,unknown
1845.4689999999973,68:91:3C:19:F8:A2,a2f8193c91680201021816aafe40e28b8e66cd83b57169f779238d9951b1d15db120,4158.0,79325.0,-93264.0,89276.0,-135838.0,,0,0,0,0,0,1,1,0,ADV_IND,34,37,2,-1,0,-1,-1,3387,32,8,unknown
1845.9630000000034,C6:46:D4:FA:9B:5E,5e9bfad446c61eff4c00121910136ce4d3d2920fa310d97cc9a937f1ace32b0cd04bcf03fe,-1625.0,105053.0,-89783.0,99317.0,-118296.0,,0,0,0,0,0,0,1,0,ADV_IND,37,37,4,-1,0,-1,-1,5200,31,8,unknown
1846.2160000000003,69:91:38:19:F8:A2,a2f8193891690241061816aafe04e28bc62ecda3bc3169f779238d9951b1d15db120,-13839.0,79031.0,-84716.0,67852.0,-105164.0,,0,0,0,0,0,0,1,2,ADV_NONCONN_IND,34,37,4,-1,0,-1,-1,2782,32,8,unknown
1846.739999999998,CD:C9:75:84:10:7A,7a108475c9cd1eff4c001219003d4562c6be7a3377054357db2613bb0ba8dd17287f324c04,-20617.0,66399.0,-98689.0,68639.0,-119664.0,,0,0,0,0,0,0,1,2,ADV_NONCONN_IND,37,37,14,-1,0,-1,-1,6290,32,7,unknown
1847.9579999999987,68:91:3C:19:F8:A2,a2f8193c91680201021816aafe40e28b8e66cd83b57169f779238d9951b1d15db120,-9014.0,100685.0,-102433.0,91810.0,-145876.0,,0,0,0,0,0,1,1,0,ADV_IND,34,37,10,-1,0,-1,-1,5073,32,8,unknown
1849.078999999998,C5:C9:75:84:10:7A,7a108475c9c51eff4c001219003d4562c6be7a33770563179b207b3a1be45fb22847350200,-22263.0,67249.0,-93990.0,49027.0,-129454.0,,0,0,0,0,0,1,1,2,ADV_NONCONN_IND,37,37,9,-1,0,-1,-1,3051,32,8,unknown
1850.3190000000031,68:91:3C:19:F8:A2,a2f8193c91680201021816aafe40e28b8e66cd83b57169f779238d9951b1d15db120,4936.0,78246.0,-99462.0,80460.0,-140105.0,,0,0,0,0,0,1,1,0,ADV_IND,34,37,8,-1,0,-1,-1,6093,32,8,unknown
1852.0469999999987,6C:91:3C:8B:D8:A3,a3d88b3c916c0201021816aafe40e28b8e66cd83f57169f779238d9911b1d15db120,7489.0,105959.0,-111798.0,84795.0,-140755.0,,0,0,0,0,0,0,1,0,ADV_IND,34,37,11,-1,0,-1,-1,6482,32,7,unknown
1853.2880000000005,C7:F8:36:30:F0:0B,0bf03036f8c71eff4c0012190015170d5c01772915dfe917d96586e123152b105e3b680100,-12824.0,57673.0,-85019.0,89467.0,-140085.0,,0,0,0,0,0,1,1,2,ADV_NONCONN_IND,37,37,6,-1,0,-1,-1,1407,31,8,unknown
1854.2030000000013,68:91:3C:19:F8:A2,a2f8193c91680201021816aafe40e28b8e66cd83f525492ff123ecca0a915829a704,1330.0,82868.0,-79264.0,58326.0,-117652.0,,0,0,0,0,0,0,1,0,ADV_IND,34,37,14,-1,0,-1,-1,4784,32,8,unknown
1855.9590000000026,FA:CF:FF:CD:D2:73,73d2cdffcffa0eff4c00121900177a1a7d7e5e1ac27a634ca83bf6f7ec4f7c9ba39ec20304,-19257.0,85102.0,-114538.0,107934.0,-120567.0,,0,0,0,0,0,0,1,2,ADV_NONCONN_IND,37,37,1,-1,0,-1,-1,4229,28,7,unknown
1856.964,C5:D9:70:84:10:6A,6a108470d9c51eff4c001219003d4562d4ae7a33770563179b207b3a1be45fb22847350200,-27020.0,69374.0,-104800.0,66057.0,-129224.0,,0,0,0,0,0,0,1,2,ADV_NONCONN_IND,37,37,7,-1,0,-1,-1,2052,32,8,unknown
1858.5049999999974,FA:CF:FF:CD:52:33,3352cdffcffa1eff4c00121904195e1854a77eb7da2a4666b8abf7d5e4cf7c8b229fc07704,-18679.0,59132.0,-112819.0,78856.0,-118781.0,,0,0,0,0,0,0,1,2,ADV_NONCONN_IND,37,37,4,-1,0,-1,-1,5939,32,8,unknown
1858.5049999999974,68:91:3C:19:F8:A2,a2f8193c91680201021816aafe40e28b8e66cd83b57169f779238d9951b1d15db120,-1135.0,84605.0,-91326.0,55807.0,-122091.0,,0,0,0,0,0,1,1,0,ADV_IND,34,37,3,-1,0,-1,-1,7679,32,7,unknown
1859.0579999999973,C7:F8:36:30:B0:0B,0bb03036f8c71eff4c0012190015170d5c01772915dfe917d96586e123152b105e3b680100,-4045.0,72331.0,-103757.0,106908.0,-129989.0,,0,0,0,0,0,0,1,2,ADV_NONCONN_IND,37,37,2,-1,0,-1,-1,5922,31,8,unknown
1860.0880000000034,68:91:3C:19:F8:A2,a2f8193c91680201021816aafe40e28b8e66cd83b57169f779238d9951b1d15db120,-13070.0,75853.0,-90671.0,71831.0,-130284.0,,0,0,0,0,0,1,1,0,ADV_IND,34,37,4,-1,0,-1,-1,7291,32,8,unknown
1861.0910000000003,C7:F8:36:30:F0:0B,0bf03036f8c71aff4c0012190015970d5c0177291ddfe917d96586e123152b105e3b684101,-5275.0,68699.0,-76513.0,78615.0,-119060.0,,0,0,0,0,0,0,1,2,ADV_NONCONN_IND,37,37,1,-1,0,-1,-1,1642,32,8,unknown
1862.0480000000025,FA:CF:FF:CD:52:73,7352cdffcffa1eff4c00121900177e1a7d7e5e1ae27a634ca83bf6f7ec4f7c9ba39ec20300,-14460.0,53821.0,-100659.0,102009.0,-118512.0,,0,0,0,0,0,1,1,2,ADV_NONCONN_IND,37,37,14,-1,0,-1,-1,4540,32,8,unknown
1862.0480000000025,68:91:3C:19:F8:A2,a2f8193c91680201021816aafe40e28b8e66cd83b57169f779238d9951b1d15db120,-7413.0,62037.0,-76819.0,77426.0,-115053.0,,0,0,0,0,0,1,1,0,ADV_IND,34,37,7,-1,0,-1,-1,3155,32,8,unknown
1864.635000000002,FA:CF:FF:CD:52:73,7352cdffcffa1eff4c00121900177e1a747f5e1ae27a634ca83bf6f7ecee5cc32e93c97c95,-22626.0,54695.0,-92271.0,73456.0,-127626.0,,0,0,0,0,0,0,1,2,ADV_NONCONN_IND,37,37,6,-1,0,-1,-1,2375,32,8,unknown
1864.635000000002,68:91:3C:19:F8:A2,a2f8193c91680201021816aafe40e28b8e66cd83b57169f779238d9951b1d15db120,-24470.0,87451.0,-69715.0,75201.0,-139734.0,,0,0,0,0,0,1,1,0,ADV_IND,34,37,4,-1,0,-1,-1,7800,32,8,unknown
1865.0820000000022,C7:F8:36:30:F0:0B,0bf03036f8c70eff4c0012190015970d5c01772d15dfe917d96586e18313e706d0c19c7d95,-10015.0,53019.0,-92373.0,77909.0,-95723.0,,0,0,0,0,0,0,1,2,ADV_NONCONN_IND,37,37,11,-1,0,-1,-1,5867,32,7,unknown
1866.6759999999995,68:91:3C:19:F8:A2,a2f8193c91680201021816aafe40e28b8e66cd83b57169f779238d9951b1d15db120,1754.0,81445.0,-119662.0,99396.0,-145840.0,,0,0,0,0,0,1,1,0,ADV_IND,34,37,3,-1,0,-1,-1,4290,29,8,unknown
1867.351999999999,C7:F8:36:30:F0:0B,0bf03036f8c71eff4c0012190015170d5c01772915dfe917d96586e123152b105e3b680100,-14436.0,80901.0,-93819.0,88267.0,-122578.0,,0,0,0,0,0,0,1,2,ADV_NONCONN_IND,37,37,3,-1,0,-1,-1,5392,29,7,unknown
1868.1759999999995,DA:8F:FF:CD:52:73,7352cdff8fda0eff4c00121900177e1a7d5e5e1ae27b634ca93bf6f7ec4f7c1ba39ec21300,-17497.0,71971.0,-85211.0,73527.0,-113145.0,,0,0,0,0,0,0,1,2,ADV_NONCONN_IND,37,37,0,-1,0,-1,-1,4692,31,7,unknown
1868.4190000000017,68:91:3C:19:F8:A2,a2f8193c91680201021816aafe40e28b8e66cd83b57169f779238d9951b1d15db120,-16409.0,98033.0,-89447.0,94028.0,-142611.0,,0,0,0,0,0,1,1,0,ADV_IND,34,37,7,-1,0,-1,-1,5029,32,8,unknown
1869.398000000001,D4:45:B2:E8:92:3C,3c92e8b245d41eff4c00121910d34fe09388441a241db8943532cbdc06c0471d12985c060e,8121.0,105563.0,-79128.0,78632.0,-91465.0,,0,0,0,0,0,0,1,0,ADV_IND,37,37,7,-1,0,-1,-1,1259,32,7,unknown
1869.398000000001,C7:F8:36:30:D0:0B,0bd03036f8c70eff4c0012190015070d5c0167291dde6917996596e12394ab1d5a3fa80102,-18293.0,50509.0,-84143.0,86233.0,-89695.0,,0,0,0,0,0,0,1,2,ADV_NONCONN_IND,37,37,1,-1,0,-1,-1,7355,31,7,unknown
1870.6089999999967,68:91:3C:19:F8:A0,a0f8193c91680241021816aafe40e28b8e2ec5bbf00c532fb027e8ea23111880a7cc,-45.0,80903.0,-88429.0,56690.0,-113153.0,,0,0,0,0,0,0,1,0,ADV_IND,34,37,2,-1,0,-1,-1,1983,32,7,unknown
1875.0729999999967,3B:CF:7F:CD:52:73,7352cd7fcf3b1eff4c00121908177e1a7d7e5e1ac209f644d8abd575f4ef4c83ae93c87c85,-26897.0,66323.0,-87835.0,71708.0,-107454.0,,0,0,0,0,0,0,1,2,ADV_NONCONN_IND,37,37,14,-1,0,-1,-1,5759,30,8,unknown
1875.341999999997,68:91:3C:19:F8:A2,a2f8193c91680201021816aafe40e28b8e66cd83b57169f779238d9951b1d15db120,-1049.0,74330.0,-93588.0,86563.0,-126137.0,,0,0,0,0,0,1,1,0,ADV_IND,34,37,6,-1,0,-1,-1,7823,32,8,unknown
1875.8600000000006,68:91:3C:19:F8:A2,a2f8193c91680201021816aafe40a21a8e66cd83f46169f779238d9901b1d15db120,-26536.0,91656.0,-102729.0,83538.0,-125235.0,,0,0,0,0,0,0,1,0,ADV_IND,34,37,10,-1,0,-1,-1,1403,32,8,unknown
1876.6419999999998,68:91:3C:19:F8:A2,a2f8193c91680201021816aafe40e28b8e66cd83b57169f779238d9951b1d15db120,-27759.0,103018.0,-77355.0,72720.0,-138739.0,,0,0,0,0,0,1,1,0,ADV_IND,34,37,8,-1,0,-1,-1,7425,32,8,unknown
1880.788999999997,68:91:3C:19:F8:A2,a2f8193c91680201021816aafe40e28b8e66cd83b57169f779238d9951b1d15db120,-8389.0,74296.0,-90680.0,97373.0,-117884.0,,0,0,0,0,0,1,1,0,ADV_IND,34,37,7,-1,0,-1,-1,4021,32,8,unknown
1882.7350000000006,68:91:3C:19:F8:A2,a2f8193c91680201021816aafe40e28a8e2eed83b53169f7792389d94391d119a320,6221.0,77493.0,-81248.0,59410.0,-114383.0,,0,0,0,0,0,0,1,0,ADV_IND,34,37,10,-1,0,-1,-1,7249,32,8,unknown
1885.086000000003,68:91:3C:19:F8:A2,a2f8193c91680201021816aafe40e28b8e66cd83b57169f779238d9951b1d15db120,-10293.0,61440.0,-62276.0,69977.0,-118114.0,,0,0,0,0,0,1,1,0,ADV_IND,34,37,4,-1,0,-1,-1,1796,32,8,unknown
1886.9709999999977,68:91:3C:19:F8:A2,a2f8193c91680201021816aafe40e28b8e66cd83b57169f779238d9951b1d15db120,10047.0,97619.0,-94017.0,83310.0,-138209.0,,0,0,0,0,0,0,1,0,ADV_IND,34,37,12,-1,0,-1,-1,2597,32,7,unknown
1888.6759999999995,68:91:3C:19:F8:A2,a2f8193c91680201021816aafe40e28bc666cda3bc7169f779238d9951b1515db120,-11391.0,74578.0,-81968.0,64287.0,-110445.0,,0,0,0,0,0,0,1,0,ADV_IND,34,37,5,-1,0,-1,-1,6034,32,8,unknown
1891.101999999999,68:99:3C:19:F8:A2,a2f8193c99680201021816aafe04e28b8e2ecd83b53149777923859951b1d15db020,-17814.0,74436.0,-73803.0,67452.0,-101426.0,,0,0,0,0,0,0,1,0,ADV_IND,34,37,2,-1,0,-1,-1,4542,32,8,unknown
1894.8190000000031,68:91:3C:19:F8:A2,a2f8193c91680201021816aafe408a8e8666cda3bc7169f779238d9911b1d15db120,-25645.0,75284.0,-80674.0,68918.0,-104732.0,,0,0,0,0,0,0,1,0,ADV_IND,34,37,10,-1,0,-1,-1,6803,32,8,unknown
1896.7770000000019,48:91:3C:19:D8:A2,a2d8193c91480201021816aafe40e28b8e2ecd83b5714967f9238d9903b1d00db820,-24486.0,62510.0,-90582.0,69696.0,-89750.0,,0,0,0,0,0,0,1,0,ADV_IND,34,37,9,-1,0,-1,-1,3576,32,8,unknown
1898.9780000000028,68:91:3C:19:F8:A2,a2f8193c91680201021816aafe40e28b8e66cd83b57169f779238d9951b1d15db120,-2437.0,89302.0,-94314.0,98604.0,-139613.0,,0,0,0,0,0,1,1,0,ADV_IND,34,37,8,-1,0,-1,-1,3893,32,7,unknown
1901.0299999999988,68:91:3C:19:F8:A2,a2f8193c91680201021816aafe40e28b8e66cd83b57169f779238d9951b1d15db120,14343.0,64167.0,-91459.0,69358.0,-111033.0,,0,0,0,0,0,1,1,0,ADV_IND,34,37,11,-1,0,-1,-1,2201,32,8,unknown
1905.7289999999994,48:91:3C:19:F8:A2,a2f8193c91480201021816aafe40e28b8e66cd83b52169f77923ad9951b1d15db120,-7478.0,83105.0,-89708.0,81556.0,-108873.0,,0,0,0,0,0,0,1,0,ADV_IND,34,37,9,-1,0,-1,-1,2335,32,8,unknown
1908.574999999997,68:91:3C:19:F8:A2,a2f8193c91680201021816aafe40e28b8e66cda3b57161f779238c9951b1d15db120,-4952.0,90033.0,-89122.0,79691.0,-130404.0,,0,0,0,0,0,0,1,0,ADV_IND,34,37,13,-1,0,-1,-1,7187,32,8,unknown
1909.6310000000012,68:91:3C:19:F8:A2,a2f8193c91680201021816aafe40e28b8e66cd83b57169f779238d9951b1d15db120,-15569.0,96407.0,-110446.0,93516.0,-151569.0,,0,0,0,0,0,1,1,0,ADV_IND,34,37,11,-1,0,-1,-1,3119,32,8,unknown
1910.5299999999988,E8:4F:A7:02:E2:84,84e202a74fe80201060d16edfe020086586c6da05babf90303ecfe,691.0,105339.0,-92371.0,85935.0,-111888.0,,0,0,0,0,0,0,1,0,ADV_IND,27,37,13,-1,0,-1,-1,3504,32,8,unknown
1910.798999999999,68:91:3C:19:F8:A2,a2f8193c91680201021816aafe40e28b8e66cd83b57169f779238d9951b1d15db120,-14656.0,93309.0,-91726.0,73787.0,-141260.0,,0,0,0,0,0,1,1,0,ADV_IND,34,37,6,-1,0,-1,-1,1133,32,7,unknown
1912.421000000002,FA:39:A7:23:31:2B,2b3123a739fa1eff4c0012192081d0945626eed772a635a5d9d7d4db3fb672f7b57e5f9c39,-10641.0,89023.0,-109188.0,91080.0,-88735.0,,0,0,0,0,0,0,1,0,ADV_IND,37,37,13,-1,0,-1,-1,2029,32,8,unknown
1913.1529999999984,68:91:3C:19:F8:A2,a2f8193c91680201021816aafe40e28b8e66cd83b57169f779238d9951b1d15db120,-2854.0,81926.0,-73899.0,73265.0,-147779.0,,0,0,0,0,0,1,1,0,ADV_IND,34,37,13,-1,0,-1,-1,1877,32,8,unknown
1914.1440000000002,E8:4F:A7:02:E2:84,84e202a74fe80201060d16edfe020086587c69a0dba9f90303edfe,5532.0,94845.0,-94038.0,88887.0,-103951.0,,0,0,0,0,0,0,1,0,ADV_IND,27,37,7,-1,0,-1,-1,6313,32,8,unknown
1915.2289999999994,68:91:3C:19:F8:A2,a2f8193c91680201021816aafe40e28b8e66cd83b57169f779238d9951b1d15db120,0.0,85482.0,-94180.0,67819.0,-131459.0,,0,0,0,0,0,1,1,0,ADV_IND,34,37,1,-1,0,-1,-1,2652,32,8,unknown
1917.3150000000023,68:99:3C:19:F8:AA,aaf8193c99680201021816aafe40e29a8f0bf7abf00c5327f027ecca03915a81278c,-17248.0,82207.0,-85401.0,65354.0,-109333.0,,0,0,0,0,0,0,1,0,ADV_IND,34,37,3,-1,0,-1,-1,4776,32,7,unknown
1918.2160000000003,E8:4F:A7:02:E2:84,84e202a74fe80201060d16edfe020086587c69a05babf90303e5fe,-15604.0,113228.0,-93463.0,73361.0,-89112.0,,0,0,0,0,0,0,1,0,ADV_IND,27,37,7,-1,0,-1,-1,3229,32,7,unknown
1919.3139999999985,68:91:3C:19:F8:A2,a2f8193c91680201021816aafe4232189c2fb7abf425412ff123adc803b15109a3a0,-7163.0,82159.0,-89862.0,60168.0,-112985.0,,0,0,0,0,0,0,1,0,ADV_IND,34,37,12,-1,0,-1,-1,3819,32,8,unknown
1920.3600000000006,FA:39:A7:23:B1:2B,2bb123a739fa1eff4c00121920016a12503d7b1fb12427f3aac3f6fe5bb700739d23ff021d,-10553.0,63773.0,-91093.0,110591.0,-76680.0,,0,0,0,0,0,0,1,2,ADV_NONCONN_IND,37,37,12,-1,0,-1,-1,2736,32,8,unknown
1921.0710000000036,68:91:3C:19:F8:A2,a2f8193c91680201021816aafe40e28b8e66cd83b57169f77923859941b0d417b1a0,-8742.0,74305.0,-79655.0,53604.0,-103082.0,,0,0,0,0,0,0,1,0,ADV_IND,34,37,3,-1,0,-1,-1,4020,32,8,unknown
1922.6050000000032,E8:4F:A7:02:E2:84,84e202a74fe80201060d16edfe020086587c69a05babf90303edfe,4750.0,85092.0,-73419.0,70881.0,-100143.0,,0,0,0,0,0,1,1,0,ADV_IND,27,37,8,-1,0,-1,-1,2483,32,8,unknown
1925.4550000000017,68:91:3C:19:F8:A2,a2f8193c91680201021816aafe40e28b8e66cd83b57169f779238d9951b1d15db120,-5670.0,56739.0,-81498.0,78762.0,-116496.0,,0,0,0,0,0,1,1,0,ADV_IND,34,37,11,-1,0,-1,-1,3371,31,8,unknown
1926.2640000000029,E8:4F:A7:02:E2:84,84e202a74fe80201060d16edfe020086587c69a05babf90303edfe,-13336.0,81509.0,-63777.0,71491.0,-98592.0,,0,0,0,0,0,1,1,0,ADV_IND,27,37,1,-1,0,-1,-1,4462,32,8,unknown
1927.400999999998,68:91:3C:19:F8:A2,a2f8193c91680201021816aafe40e28b8e66cd83b57169f779238d9951b1d15db120,-5623.0,82289.0,-75822.0,82089.0,-135819.0,,0,0,0,0,0,1,1,0,ADV_IND,34,37,1,-1,0,-1,-1,3236,32,8,unknown
1930.3890000000029,E0:4F:A7:02:E2:84,84e202a74fe002010e0d16edfe2d89f6584e79b0daabf80703f5c6,8761.0,61206.0,-80585.0,74460.0,-63596.0,,0,0,0,0,0,0,1,0,ADV_IND,27,37,15,-1,0,-1,-1,3177,32,8,unknown
1931.4219999999987,68:91:3C:19:F8:A2,a2f8193c91680201021816aafe40e28b8e66cd83b57169f779238d9951b1d15db120,0.0,56879.0,-84800.0,66584.0,-97840.0,,0,0,0,0,0,1,1,0,ADV_IND,34,37,11,-1,0,-1,-1,3127,32,8,unknown
1937.421000000002,E8:4F:A7:02:22:84,842202a74fe802010f0d16edfe02009658fc69a05babf90303edf6,-9777.0,75624.0,-83112.0,62556.0,-101691.0,,0,0,0,0,0,0,1,0,ADV_IND,27,37,7,-1,0,-1,-1,2012,31,8,unknown
1938.5089999999982,68:91:3C:19:F8:A2,a2f8193c91680201021816aafe00e28b8e2ecd83bd2369e77923059d11b0515db8f1,-4771.0,58546.0,-82689.0,71973.0,-102241.0,,0,0,0,0,0,0,1,0,ADV_IND,34,37,0,-1,0,-1,-1,2296,32,8,unknown
1940.1140000000014,68:91:3C:19:F8:A2,a2f8193c91680201021816aafe40e28b8e66cd83b57169f779238d9911b1d11d9c20,-6628.0,64819.0,-72720.0,71661.0,-117481.0,,0,0,0,0,0,0,1,0,ADV_IND,34,37,12,-1,0,-1,-1,6880,32,8,unknown
1940.3729999999996,E8:4F:A7:02:E2:84,84e202a74fe80201060d16edfe020086587c69a05babf90303edfe,9656.0,84547.0,-76122.0,104787.0,-104848.0,,0,0,0,0,0,1,1,0,ADV_IND,27,37,13,-1,0,-1,-1,8025,32,8,unknown
1941.6699999999983,68:91:3C:19:F8:A2,a2f8193c91680201021816aafe40e28b8e66cd83b57169f779238d9951b1d15db120,-35306.0,108111.0,-70219.0,60705.0,-122292.0,,0,0,0,0,0,1,1,0,ADV_IND,34,37,2,-1,0,-1,-1,3408,31,8,unknown
1943.0049999999974,68:91:3C:19:F8:A0,a0f8193c91680201021816aafe40e28b8e66cd83b57169f779238d9951b1d15db120,-22404.0,80165.0,-85133.0,80237.0,-96934.0,,0,0,0,0,0,0,1,0,ADV_IND,34,37,12,-1,0,-1,-1,4576,32,8,unknown
1943.2690000000002,C8:4F:A7:42:E2:84,84e242a74fc80211060d16edfe020086587c69a05babf90303edfe,12165.0,102210.0,-94545.0,70526.0,-94336.0,,0,0,0,0,0,0,1,0,ADV_IND,27,37,6,-1,0,-1,-1,3961,32,8,unknown
1944.589,68:91:3C:19:F8:A2,a2f8193c91680201021816aafe40e22fc52eed83b5236df7792b859941b1d41db1a0,-6263.0,67099.0,-85318.0,58476.0,-109606.0,,0,0,0,0,0,0,1,0,ADV_IND,34,37,8,-1,0,-1,-1,5380,32,8,unknown
1946.2350000000006,68:91:3C:19:F8:A2,a2f8193c91680201021816aafe40e28b8e66cda3bc3349677b2305dd03b0d46fb9b1,-45174.0,70741.0,-78049.0,63856.0,-106510.0,,0,0,0,0,0,0,1,0,ADV_IND,34,37,15,-1,0,-1,-1,2085,32,8,unknown
1946.2350000000006,E8:4F:A7:02:E2:84,84e202a74fe80201060d16edfe020086587c69a05babf90303edfe,-15769.0,91484.0,-63257.0,110044.0,-86548.0,,0,0,0,0,0,1,1,0,ADV_IND,27,37,15,-1,0,-1,-1,4655,32,7,unknown
1947.5509999999995,68:91:3C:19:F8:A2,a2f8193c91680201021816aafe40e28b8e66cd83b57169f779238d9951b1d15db120,-17360.0,68011.0,-73219.0,67378.0,-113872.0,,0,0,0,0,0,1,1,0,ADV_IND,34,37,3,-1,0,-1,-1,5906,32,8,unknown
1949.4660000000003,68:91:3C:19:F8:A2,a2f8193c91680201021816aafe40e28b8e66cd83b57169f779238d9951b1d15db120,-28155.0,85835.0,-83057.0,71791.0,-139511.0,,0,0,0,0,0,1,1,0,ADV_IND,34,37,14,-1,0,-1,-1,6115,32,8,unknown
1953.5950000000012,E8:4F:A7:02:E2:84,84e202a74fe80201060d16edfe020086587c69a05babf90303edfe,-2329.0,107891.0,-92568.0,111268.0,-127144.0,,0,0,0,0,0,1,1,0,ADV_IND,27,37,10,-1,0,-1,-1,6288,32,8,unknown
1953.5950000000012,68:91:38:19:F8:A2,a2f8193891680201021816aafe40e28bc666cd83b57169f77923acd9a3111a8027cc,-7638.0,65932.0,-94256.0,79312.0,-105479.0,,0,0,0,0,0,0,1,0,ADV_IND,34,37,12,-1,0,-1,-1,6648,32,8,unknown
1955.5520000000033,68:91:3C:19:F8:A2,a2f8193c91680201021816aafe40e28b8e66cd83b57169f779238d9951b1d15db120,-21329.0,96632.0,-68894.0,67087.0,-127478.0,,0,0,0,0,0,0,1,0,ADV_IND,34,37,15,-1,0,-1,-1,1838,32,8,unknown
1957.5679999999993,68:91:3C:19:F8:A2,a2f8193c91680201021816aafe40e28b8e66cd83b57169f779238d9951b1d15db120,-11523.0,95484.0,-83736.0,82493.0,-142478.0,,0,0,0,0,0,1,1,0,ADV_IND,34,37,9,-1,0,-1,-1,4136,32,8,unknown
1959.7419999999984,68:91:3C:19:F8:A0,a0f8193c91680201021816aafe40e28b8e66cd83f47169f779238d9951b1d15db120,-7947.0,95458.0,-87864.0,70950.0,-144488.0,,0,0,0,0,0,0,1,0,ADV_IND,34,37,3,-1,0,-1,-1,7996,32,7,unknown
1965.7880000000005,68:91:3C:19:F8:A2,a2f8193c91680201021816aafe40e28b8e66cd83b57169f779238d9951b1d15db120,-29701.0,86738.0,-77512.0,81212.0,-128245.0,,0,0,0,0,0,1,1,0,ADV_IND,34,37,4,-1,0,-1,-1,5320,32,8,unknown
1967.1059999999998,68:91:3C:19:F8:A2,a2f8193c91680201021816aafe40e28b8e66cd83b57169f779238d9951b1d15db120,-2138.0,79360.0,-101004.0,65727.0,-116126.0,,0,0,0,0,0,1,1,0,ADV_IND,34,37,2,-1,0,-1,-1,1187,32,8,unknown
1967.8709999999992,E8:4F:A7:02:E2:84,84e202a74fe80201060d16edfe020086587c69a05babf90303edfe,12181.0,82348.0,-89169.0,73496.0,-84759.0,,0,0,0,0,0,0,1,0,ADV_IND,27,37,9,-1,0,-1,-1,2495,32,8,unknown
1968.3799999999974,68:91:3C:19:F8:A2,a2f8193c91680201021816aafe40e28b8e66cd83b57169f779238d9951b1d15db120,-3287.0,64323.0,-87801.0,83862.0,-116889.0,,0,0,0,0,0,1,1,0,ADV_IND,34,37,15,-1,0,-1,-1,1842,32,8,unknown
1969.4329999999973,68:91:3C:19:F8:A2,a2f8193c91680201021816aafe40e28b9c2fffabb4255377f923acc843b15909b3a0,4209.0,72809.0,-99714.0,76346.0,-128237.0,,0,0,0,0,0,0,1,0,ADV_IND,34,37,15,-1,0,-1,-1,6606,32,8,unknown
1969.9530000000013,E8:4F:A7:02:E2:84,84e202a74fe80201060d16edfe020086587c69a05babf90303edfe,-1535.0,74800.0,-78964.0,90771.0,-88756.0,,0,0,0,0,0,1,1,0,ADV_IND,27,37,2,-1,0,-1,-1,1598,32,8,unknown
1970.4910000000018,CE:33:BC:66:85:AA,aa8566bc33ce1eff4c0012196a9aa126ee027f7427ec37778cf32bb001d91e777fe1b602d3,6510.0,57329.0,-97861.0,63375.0,-101140.0,,0,0,0,0,0,0,1,0,ADV_IND,37,37,5,-1,0,-1,-1,5038,32,8,unknown
1971.813000000002,CE:72:98:66:85:A2,a285669872ce0eff4c0012196a1aa52eee82ff762fec35778cdb2abc41d90a7169a1fe83fb,-6021.0,56829.0,-79748.0,72887.0,-86644.0,,0,0,0,0,0,0,1,0,ADV_IND,37,37,5,-1,0,-1,-1,3809,32,7,unknown
1972.0740000000005,68:91:3C:19:F8:A2,a2f8193c91680201021816aafe40e28b8e66cd83b57169f779238d9951b1d15db120,-7238.0,60527.0,-85221.0,63005.0,-123021.0,,0,0,0,0,0,0,1,0,ADV_IND,34,37,15,-1,0,-1,-1,1192,32,8,unknown
1973.1529999999984,E8:4F:A7:02:E2:84,84e202a74fe80201060d16edfe020086587c69a05babf90303edfe,1562.0,101868.0,-88540.0,80286.0,-118793.0,,0,0,0,0,0,1,1,0,ADV_IND,27,37,2,-1,0,-1,-1,1929,32,8,unknown
1974.2119999999995,68:91:3C:19:F8:A2,a2f8193c91680201021816aafe40e20b8c66cd83b5814d67792b859901b1d41db8a0,-10637.0,60557.0,-95757.0,66692.0,-94453.0,,0,0,0,0,0,0,1,0,ADV_IND,34,37,1,-1,0,-1,-1,6257,32,7,unknown
1975.824999999997,68:91:3C:19:F8:A2,a2f8193c91680201021816aafe40e28b8e66cd83b57169f779238d9951b1d15db120,-10567.0,59433.0,-84030.0,87549.0,-128498.0,,0,0,0,0,0,1,1,0,ADV_IND,34,37,5,-1,0,-1,-1,4611,32,7,unknown
1976.661,E8:4F:A7:02:E2:84,84e202a74fe80201060d16edfe020086587c69a05babf90303edfe,-4785.0,97711.0,-63157.0,60657.0,-115189.0,,0,0,0,0,0,1,1,0,ADV_IND,27,37,4,-1,0,-1,-1,3469,32,8,unknown
1977.4950000000026,CE:33:8C:66:85:A0,a085668c33ce1eff4c0012196a9af593464b768b8f54c11feed31c46fbc20330ec2f000889,-50267.0,60643.0,-125269.0,105576.0,-162056.0,,0,0,0,0,0,0,1,2,ADV_NONCONN_IND,37,37,14,-1,0,-1,-1,4643,31,7,unknown
1978.0710000000036,68:91:3C:19:F8:A2,a2f8193c91680201021816aafe40e28b8e66cd83b57169f779238d9951b1d15db120,-7299.0,72479.0,-87422.0,61172.0,-108248.0,,0,0,0,0,0,1,1,0,ADV_IND,34,37,15,-1,0,-1,-1,3527,29,8,unknown
1979.423999999999,CE:33:8C:66:81:A2,a281668c33ce1aff4c0012196a98a52eee823f7607ec37778cf3abb441990b31d8e0be66da,0.0,52769.0,-77819.0,76082.0,-75887.0,,0,0,0,0,0,0,1,0,ADV_IND,37,37,14,-1,0,-1,-1,5261,32,7,unknown
1979.964,68:91:3C:19:F8:A0,a0f8193c91680241021816aafe40e20bc52e4da3bc236967fb2b05dd03b0560fb8b1,0.0,77221.0,-92533.0,75529.0,-110013.0,,0,0,0,0,0,0,1,0,ADV_IND,34,37,7,-1,0,-1,-1,1948,32,7,unknown
1980.8410000000003,E8:4F:A7:02:E2:84,84e202a74fe80201060d16edfe020086587c69a05babf90303edfe,2724.0,97645.0,-81485.0,59547.0,-103217.0,,0,0,0,0,0,1,1,0,ADV_IND,27,37,8,-1,0,-1,-1,1233,32,8,unknown
1982.048999999999,68:91:3C:19:F8:A2,a2f8193c91680201021816aafe40e28b8e66cd83b57169f77923add951b1d15db120,-13782.0,80921.0,-91437.0,64210.0,-117835.0,,0,0,0,0,0,0,1,0,ADV_IND,34,37,12,-1,0,-1,-1,5124,32,8,unknown
1984.2119999999995,68:91:3C:19:F8:A2,a2f8193c91680201021816aafe40e28b8e66cd83b57169f779238d9951b1d15db120,-3808.0,60248.0,-83566.0,68764.0,-112397.0,,0,0,0,0,0,1,1,0,ADV_IND,34,37,4,-1,0,-1,-1,7198,32,7,unknown
1984.5060000000012,E8:4E:A7:02:E2:84,84e202a74ee80201060d16edfe020086587c69a4dbaa798607fdb6,-10583.0,69094.0,-76368.0,74573.0,-92183.0,,0,0,0,0,0,0,1,0,ADV_IND,27,37,8,-1,0,-1,-1,3629,32,8,unknown
1988.0959999999977,68:91:3C:19:F8:A2,a2f8193c91680201021816aafe40e28b8e66cd83b57169f779238d9951b1d15db1e8,-8096.0,74657.0,-88380.0,56134.0,-111345.0,,0,0,0,0,0,0,1,0,ADV_IND,34,37,0,-1,0,-1,-1,4690,32,8,unknown
1989.3229999999967,E8:37:AF:02:40:78,784002af37e81eff4c001219a0791619581379467db427aff64e8c67aeeef13e7c9ddf03dc,-14551.0,74755.0,-69654.0,93223.0,-81446.0,,0,0,0,0,0,0,1,0,ADV_IND,37,37,1,-1,0,-1,-1,2156,32,7,unknown
1990.074999999997,68:91:3C:19:F8:A2,a2f8193c91680201021816aafe40e28b8e66cd83b57169f779238d9951b1d15db120,-18790.0,99177.0,-105958.0,72975.0,-154682.0,,0,0,0,0,0,1,1,0,ADV_IND,34,37,9,-1,0,-1,-1,6001,29,7,unknown
1991.690999999999,E8:37:AF:12:C0:78,78c012af37e81eff4c001219a0791601581379467db427efd69f8d17552ee2114116d7647b,12007.0,75757.0,-99150.0,70622.0,-62909.0,,0,0,0,0,0,0,1,0,ADV_IND,37,37,6,-1,0,-1,-1,6218,32,8,unknown
1996.2690000000002,68:91:3C:19:F8:A2,a2f8193c91680201021816aafe40e28b8e66cd83b57169f779238d9951b1d15db120,-76612.0,101271.0,-79801.0,87050.0,-143926.0,,0,0,0,0,0,1,1,0,ADV_IND,34,37,1,-1,0,-1,-1,1486,32,8,unknown
1996.5409999999974,E8:4F:A7:02:E2:84,84e202a74fe80201060d16edfe020086587c69a05babf90303edfe,-2271.0,101135.0,-78840.0,85064.0,-99783.0,,0,0,0,0,0,1,1,0,ADV_IND,27,37,0,-1,0,-1,-1,3745,32,8,unknown
1997.089,E8:37:AF:12:C0:7C,7cc012af37e81eff4c001219a0791601581379487db427efd64ece676eeee13e7c9ddf05de,-9031.0,84997.0,-99396.0,74196.0,-77495.0,,0,0,0,0,0,0,1,0,ADV_IND,37,37,14,-1,0,-1,-1,2490,31,8,unknown
1997.6270000000004,68:91:3C:19:F8:A2,a2f8193c91680201021816aafe40e28b8e66cd83b57169f779238d9951b1d15db120,-86587.0,96913.0,-88426.0,50573.0,-140202.0,,0,0,0,0,0,1,1,0,ADV_IND,34,37,9,-1,0,-1,-1,4372,32,8,unknown
1998.4619999999995,E8:37:AF:12:C0:6C,6cc012af37e81eff4c001219a8791601581379567d94a4efb64e8e678e8ef03e7c9ddf03d8,-658.0,51882.0,-88929.0,86917.0,-70013.0,,0,0,0,0,0,0,1,2,ADV_NONCONN_IND,37,37,11,-1,0,-1,-1,6689,32,8,unknown
1999.3009999999995,68:91:3C:19:F8:A2,a2f8193c91680201021816aafe40e28b8e66cd83b57169f779238d9951b1d15db120,-15030.0,64305.0,-86216.0,56114.0,-104441.0,,0,0,0,0,0,1,1,0,ADV_IND,34,37,11,-1,0,-1,-1,1536,30,7,unknown
1999.3009999999995,E8:4F:A7:02:E2:84,84e202a74fe80201060d16edfe020086587c69a05babf90303edfe,2214.0,104011.0,-82074.0,75095.0,-99399.0,,0,0,0,0,0,1,1,0,ADV_IND,27,37,3,-1,0,-1,-1,7328,32,8,unknown
2000.1039999999994,E8:37:AF:12:C0:7C,7cc012af37e81eff4c001219a0790601581379467db427efd64e8e67aeeef13e7c9ddf03dc,-20643.0,73774.0,-77565.0,91939.0,-94629.0,,0,0,0,0,0,0,1,2,ADV_NONCONN_IND,37,37,3,-1,0,-1,-1,4893,30,8,unknown
2000.8919999999998,68:91:3C:19:F8:A2,a2f8193c91680201021816aafe40e28b8c66cd83b57149f77b238dd903b1d10fb020,-1549.0,66556.0,-81693.0,57277.0,-98752.0,,0,0,0,0,0,0,1,0,ADV_IND,34,37,13,-1,0,-1,-1,7012,32,8,unknown
2002.4440000000031,E8:4F:A7:02:E2:84,84e202a74fe80201060d16edfe020086587c69a05babf90303edfe,0.0,83157.0,-90317.0,118533.0,-126402.0,,0,0,0,0,0,1,1,0,ADV_IND,27,37,6,-1,0,-1,-1,4704,32,8,unknown
2002.4440000000031,68:91:3C:19:F8:A2,a2f8193c91680201021816aafe40e28b8e66cd83b57169f779238d9951b1d15db120,10238.0,62251.0,-98538.0,76340.0,-124214.0,,0,0,0,0,0,1,1,0,ADV_IND,34,37,9,-1,0,-1,-1,2300,32,8,unknown
2002.9579999999987,E8:37:AF:12:C0:7C,7cc012af37e81eff4c001219e07b1601581379467db425efd64e8ec7aceef13e5c9ddf579e,-7230.0,44790.0,-83519.0,88754.0,-70988.0,,0,0,0,0,0,0,1,0,ADV_IND,37,37,5,-1,0,-1,-1,1408,32,8,unknown
2003.7459999999992,68:91:3C:19:F8:A2,a2f8193c91680201021816aafe40e28b8e66cd83b57169f779238d9951b1d15db184,-5656.0,86923.0,-94160.0,65639.0,-146443.0,,0,0,0,0,0,0,1,0,ADV_IND,34,37,2,-1,0,-1,-1,3751,31,8,unknown
2005.0509999999995,E8:4F:A7:02:E2:84,84e202a74fe80201060d16edfe020086587c69a05babf90303edfe,-9448.0,104930.0,-71796.0,81112.0,-115788.0,,0,0,0,0,0,1,1,0,ADV_IND,27,37,0,-1,0,-1,-1,2444,32,8,unknown
2005.3070000000007,68:91:3C:19:F8:A2,a2f8193c91680201021816aafe40e28b8e664d83b5316947ea2b85d943b0540fb1b1,26185.0,67278.0,-87108.0,54860.0,-106380.0,,0,0,0,0,0,0,1,2,ADV_NONCONN_IND,34,37,11,-1,0,-1,-1,3734,32,8,unknown
2006.9029999999984,68:91:3C:19:F8:A2,a2f8193c91680201021816aafe40e28b8e66cd83b571696779238d9951b1d05db120,-14159.0,51255.0,-82863.0,80145.0,-120765.0,,0,0,0,0,0,0,1,0,ADV_IND,34,37,14,-1,0,-1,-1,7712,32,8,unknown
2007.9590000000026,E8:4F:A7:02:E2:84,84e202a74fe80201060d16edfe020086587c69a05babf90303edfe,-9016.0,70242.0,-75865.0,71488.0,-103490.0,,0,0,0,0,0,1,1,0,ADV_IND,27,37,1,-1,0,-1,-1,2696,32,8,unknown
2008.4530000000013,68:91:3C:19:F8:A2,a2f8193c91680201021816aafe40e28b8e66cd83b57169f779238d9951b1d15db120,-39274.0,95422.0,-75379.0,65532.0,-123828.0,,0,0,0,0,0,1,1,0,ADV_IND,34,37,0,-1,0,-1,-1,1401,32,8,unknown
2009.4230000000025,E8:37:AF:12:C0:7C,7cc012af37e81eff4c001219a0791601581379467db427efd64e8e67aeeef13e7c9ddf03dc,5611.0,83707.0,-87094.0,71582.0,-102335.0,,0,0,0,0,0,1,1,0,ADV_IND,37,37,5,-1,0,-1,-1,6721,30,8,unknown
2010.4709999999977,68:91:3C:19:F8:A2,a2f8193c91680201021816aafe40e28b8e66cd83b57169f779238d9951b1d15db120,-26317.0,85249.0,-75152.0,66411.0,-130804.0,,0,0,0,0,0,1,1,0,ADV_IND,34,37,4,-1,0,-1,-1,1810,32,8,unknown
2011.9979999999996,C8:7F:A7:02:E6:84,84e602a77fc80201060d16edfe02005e5806612a87631b5585c0d5,-11460.0,98197.0,-99082.0,70295.0,-103140.0,,0,0,0,0,0,0,1,0,ADV_IND,27,37,6,-1,0,-1,-1,5920,32,8,unknown
2012.5420000000013,68:91:3C:19:F8:A2,a2f8193c91680201021816aafe40e28b8e66cd83b57169f779238d9951b1d10d27cc,7675.0,86325.0,-101765.0,68249.0,-139715.0,,0,0,0,0,0,0,1,0,ADV_IND,34,37,0,-1,0,-1,-1,2187,32,7,unknown
2014.4850000000006,68:91:3C:19:F8:A0,a0f8193c91680201021816aafe40e20b8e66cd83b57169e77923859943b1d51db1a0,-2612.0,65625.0,-92144.0,57631.0,-84945.0,,0,0,0,0,0,0,1,0,ADV_IND,34,37,12,-1,0,-1,-1,7943,32,8,unknown
2016.6330000000016,68:91:3C:19:F8:A2,a2f8193c91680201021816aafe40e28b8e66cd83b57169f779238d9951b1d15db120,-17278.0,80338.0,-94448.0,64899.0,-139195.0,,0,0,0,0,0,1,1,0,ADV_IND,34,37,3,-1,0,-1,-1,1493,32,8,unknown
2018.716999999997,68:91:38:19:F8:A2,a2f8193891680201261816aafe04e28bce6ecd83b57169f77923cdd90391580da3a4,-14251.0,62620.0,-94094.0,77928.0,-113023.0,,0,0,0,0,0,0,1,2,ADV_NONCONN_IND,34,37,10,-1,0,-1,-1,5179,32,8,unknown
2019.747000000003,E8:4F:A7:02:E2:84,84e202a74fe80201060d16edfe020086587c69a05babf90303edfe,6101.0,81024.0,-91240.0,95422.0,-103958.0,,0,0,0,0,0,1,1,0,ADV_IND,27,37,0,-1,0,-1,-1,5697,32,8,unknown
2020.5699999999997,68:91:3C:19:F8:A2,a2f8193c91680201021816aafe40e28b8e66cd83b57169f779238d9951b1d15db120,-29901.0,89391.0,-80685.0,69949.0,-128007.0,,0,0,0,0,0,1,1,0,ADV_IND,34,37,5,-1,0,-1,-1,6834,32,8,unknown
2022.4990000000034,48:91:3C:19:F8:A2,a2f8193c91480201021816aafe40e28b8e66cd83b47169f779238d9951b1d15db120,-22201.0,80268.0,-82387.0,87281.0,-130031.0,,0,0,0,0,0,0,1,0,ADV_IND,34,37,6,-1,0,-1,-1,1485,32,8,unknown
2027.2119999999995,E8:4F:A7:02:E2:84,84e202a74fe80201060d16edfe020086587c69a05babf90303edfe,5129.0,93934.0,-91205.0,87292.0,-120217.0,,0,0,0,0,0,1,1,0,ADV_IND,27,37,14,-1,0,-1,-1,3620,32,8,unknown
2028.211000000003,68:91:3C:19:F8:A2,a2f8193c91680201021816aafe40e28b8e66ed83f53d6b7779238dc901b15809b1a046,2986.0,78628.0,-95727.0,84258.0,-116803.0,,0,0,0,0,0,0,1,0,ADV_IND,35,37,10,-1,0,-1,-1,3964,32,8,unknown
2029.5769999999975,6C:FB:72:93:48:0A,0a489372fb6c0201021816aafe40e28b8e66cd83b57169f779238d9951b1d15db120,-10686.0,113249.0,-98256.0,63160.0,-153574.0,,0,0,0,0,0,1,1,0,ADV_IND,34,37,1,-1,0,-1,-1,7024,32,7,unknown
2031.3269999999975,6C:FB:72:93:48:0A,0a489372fb6c0201021816aafe40e28b8e66cd83b57169f779238d9951b1d15db120,-12020.0,72450.0,-79437.0,38221.0,-126723.0,,0,0,0,0,0,1,1,0,ADV_IND,34,37,13,-1,0,-1,-1,2602,32,8,unknown
2031.3269999999975,E8:4F:A7:02:E2:84,84e202a74fe80201060d16edfe020086587c69a05babf90303edfe,1931.0,76193.0,-69256.0,88904.0,-116320.0,,0,0,0,0,0,1,1,0,ADV_IND,27,37,4,-1,0,-1,-1,3239,32,8,unknown
2035.3949999999968,E8:4F:A7:02:E2:84,84e202a74fe80201060d16edfe020086587c69a05babf90303edfe,-8555.0,95138.0,-82749.0,99513.0,-132507.0,,0,0,0,0,0,1,1,0,ADV_IND,27,37,13,-1,0,-1,-1,6602,32,8,unknown
2035.3949999999968,6C:FB:72:93:48:0A,0a489372fb6c0201021816aafe40e28b8e66cd83b57169f779238d9951b1d15db120,-32665.0,84655.0,-78490.0,76304.0,-146142.0,,0,0,0,0,0,1,1,0,ADV_IND,34,37,13,-1,0,-1,-1,1510,32,8,unknown
2039.7909999999974,E8:4F:A7:02:E2:84,84e202a74fe80201060d16edfe020086587c69a05babf90303edfe,-6303.0,88345.0,-60847.0,80739.0,-115570.0,,0,0,0,0,0,1,1,0,ADV_IND,27,37,5,-1,0,-1,-1,7362,32,8,unknown
2041.601999999999,6C:FB:72:93:48:0A,0a489372fb6c0201021816aafe40e28b8e66cd83b57169f779238d9951b1d15db120,-20018.0,91084.0,-85635.0,69646.0,-127667.0,,0,0,0,0,0,1,1,0,ADV_IND,34,37,12,-1,0,-1,-1,2347,32,7,unknown
2043.487000000001,6C:FB:72:93:48:0A,0a489372fb6c0201021816aafe40e28b8e66cd8352224ee7d4a55ad3d3c1ff9e6c7a,-9258.0,71618.0,-77110.0,59975.0,-107902.0,,0,0,0,0,0,0,1,0,ADV_IND,34,37,15,-1,0,-1,-1,4258,32,8,unknown
2045.7710000000006,6C:FB:72:93:48:0A,0a489372fb6c0201021816aafe40e20b8c66cd83b57169f779238d9951b1d15db120,-21314.0,98142.0,-88731.0,63708.0,-144831.0,,0,0,0,0,0,0,1,0,ADV_IND,34,37,0,-1,0,-1,-1,4013,32,8,unknown
2047.0740000000005,E8:4F:A7:02:E2:84,84e202a74fe80201060d16edfe020086587c69a05babf90303edfe,2347.0,89022.0,-96685.0,99405.0,-120566.0,,0,0,0,0,0,1,1,0,ADV_IND,27,37,8,-1,0,-1,-1,1537,32,8,unknown
2047.5809999999983,6C:FB:72:93:48:0A,0a489372fb6c0201021816aafe40e28b8e66cd83b57169f779238d9951b1d15db120,-9645.0,78051.0,-78287.0,68953.0,-132639.0,,0,0,0,0,0,1,1,0,ADV_IND,34,37,6,-1,0,-1,-1,6336,32,8,unknown
2049.9170000000013,6C:FB:72:93:48:0A,0a489372fb6c0201021816aafe4042bf563dc1276b67bd75e6c504e742f21214116b10,-63729.0,96353.0,-86678.0,39741.0,-109367.0,,0,0,0,0,0,0,1,0,ADV_IND,35,37,9,-1,0,-1,-1,6056,32,8,unknown
2051.0310000000027,E8:4F:A7:02:E2:84,84e202a74fe80201060d16edfe020086587c69a05babf90303edfe,4718.0,82200.0,-90044.0,99834.0,-116471.0,,0,0,0,0,0,1,1,0,ADV_IND,27,37,1,-1,0,-1,-1,1557,32,8,unknown
2051.741000000002,6C:FB:72:93:48:0A,0a489372fb6c0201021816aafe40e28b8e66cd83b57169f779238d9951b1d15db120,-1852.0,65730.0,-101406.0,86726.0,-135817.0,,0,0,0,0,0,1,1,0,ADV_IND,34,37,9,-1,0,-1,-1,7420,32,8,unknown
2053.747000000003,6C:FB:72:D3:58:0A,0a58d372fb6c0201021816aafe40e28b8e66cd83b57169f779238d9951b1d05db120,-16932.0,84825.0,-78761.0,66093.0,-141919.0,,0,0,0,0,0,0,1,0,ADV_IND,34,37,11,-1,0,-1,-1,2386,32,8,unknown
2058.7810000000027,E8:4F:A7:02:E2:84,84e202a74fe80201060d16edfe020086587c69a05babf90303edfe,-6413.0,78810.0,-93908.0,63012.0,-100045.0,,0,0,0,0,0,1,1,0,ADV_IND,27,37,7,-1,0,-1,-1,5274,32,8,unknown
2060.6820000000007,6C:FB:72:93:48:0A,0a489372fb6c0201021816aafe40e28b8e4ecd83f46561f779238c985191d15db120,-11087.0,65560.0,-94703.0,74174.0,-137371.0,,0,0,0,0,0,0,1,0,ADV_IND,34,37,10,-1,0,-1,-1,5960,31,7,unknown
2062.0239999999976,6C:FB:72:93:48:0A,0a489372fb6c0201021816aafe40e28b8e66cd83b57169f779238d9951b1d15db120,-17368.0,82554.0,-72024.0,61517.0,-121250.0,,0,0,0,0,0,1,1,0,ADV_IND,34,37,7,-1,0,-1,-1,7391,32,8,unknown
2063.6010000000024,E8:4F:A7:02:E2:84,84e202a74fe80201060d16edfe020086587c69a05babf90303edfe,-8289.0,78989.0,-101719.0,106996.0,-115720.0,,0,0,0,0,0,1,1,0,ADV_IND,27,37,1,-1,0,-1,-1,1052,32,8,unknown
2064.137999999999,E8:37:AF:12:C0:7C,7cc012af37e81eff4c001219a07b1601581379467db427efd64e8c27aeeed13e3c96ff039e,8482.0,66028.0,-75231.0,71759.0,-88140.0,,0,0,0,0,0,0,1,2,ADV_NONCONN_IND,37,37,3,-1,0,-1,-1,3407,32,8,unknown
2064.3940000000002,6C:FB:72:93:48:0A,0a489372fb6c0201021816aafe40e28b8e66cd83b57169f779238d9951b1d15db120,-5562.0,78142.0,-72469.0,50351.0,-122464.0,,0,0,0,0,0,1,1,0,ADV_IND,34,37,14,-1,0,-1,-1,1555,32,8,unknown
2065.483,68:37:AF:12:C0:7C,7cc012af37681eff4c001219a07df6395813715c7d8006efb65e86637eee7128269dde639c,-5976.0,65848.0,-111306.0,82916.0,-67720.0,,0,0,0,0,0,0,1,0,ADV_IND,37,37,2,-1,0,-1,-1,5711,32,8,unknown
2066.315999999999,6C:FB:72:93:48:0A,0a489372fb6c0201021816aafe40e28b8e66cdabf4245367b027e8caab911a89274c,-761.0,89951.0,-89127.0,45602.0,-119909.0,,0,0,0,0,0,0,1,0,ADV_IND,34,37,4,-1,0,-1,-1,7402,32,8,unknown
2066.5650000000023,E8:4F:A7:02:E2:84,84e202a74fe80201060d16edfe029532973b636feb046a7e4ad646,6010.0,83685.0,-96873.0,58900.0,-85128.0,,0,0,0,0,0,0,1,6,ADV_SCAN_IND,27,37,9,-1,0,-1,-1,1002,32,7,unknown
2067.953999999998,6C:FB:72:93:48:0A,0a489372fb6c0201021816aafe40e28b8e66cd83f5256b6fb023e8ca23111889a744,-10638.0,68554.0,-80047.0,55299.0,-128118.0,,0,0,0,0,0,0,1,0,ADV_IND,34,37,11,-1,0,-1,-1,6196,32,8,unknown
2070.288999999997,6C:FB:72:93:48:0A,0a489372fb6c0201021816aafe40e28b8e6eed83f4256367f123acc903915809a304,-12983.0,65198.0,-90739.0,65921.0,-125519.0,,0,0,0,0,0,0,1,0,ADV_IND,34,37,5,-1,0,-1,-1,7799,32,8,unknown
2074.103000000003,6C:FB:72:93:48:0A,0a489372fb6c0201021816aafe40e28b8e66cd83b57169f779238d9951b1d15db120,6383.0,85205.0,-81610.0,23839.0,-129266.0,,0,0,0,0,0,1,1,0,ADV_IND,34,37,8,-1,0,-1,-1,3187,32,8,unknown
2075.4850000000006,E8:37:AF:12:C0:7C,7cc012af37e81eff4c001219a0791601581379467db427efd64e8e67ae6ef13e7c9ddf03de,-4123.0,92045.0,-92639.0,97673.0,-121413.0,,0,0,0,0,0,0,1,0,ADV_IND,37,37,3,-1,0,-1,-1,2846,31,8,unknown
2076.1719999999987,6C:FB:72:93:48:0A,0a489372fb6c0201021816aafe40e28b8e66cd83b57169f779238d9951b1d15db120,-9702.0,99488.0,-82251.0,46958.0,-150221.0,,0,0,0,0,0,1,1,0,ADV_IND,34,37,12,-1,0,-1,-1,6598,30,7,unknown
2078.290000000001,6C:FB:72:93:48:0A,0a489372fb6c0201021816aafe40e28b8c66cd83b57169f77923adc813115889a704,8142.0,57576.0,-91766.0,63022.0,-115153.0,,0,0,0,0,0,0,1,0,ADV_IND,34,37,2,-1,0,-1,-1,7511,32,8,unknown
2078.290000000001,E8:4F:A7:02:E2:84,84e202a74fe80201060d16edfe020086587c69a05babf90303edfe,0.0,106123.0,-95523.0,95577.0,-128303.0,,0,0,0,0,0,1,1,0,ADV_IND,27,37,2,-1,0,-1,-1,6371,32,8,unknown
2080.3410000000003,6C:FB:72:93:48:0A,0a489372fb6c0201021816aafe40e28b8e66cd83b57169f779238d9951b1d15db120,-12732.0,112374.0,-80227.0,59659.0,-146695.0,,0,0,0,0,0,1,1,0,ADV_IND,34,37,7,-1,0,-1,-1,2583,32,7,unknown
2082.425000000003,E8:4F:A7:02:E2:84,84e202a74fe80201060d16edfe020086587c69a05babf90303edfe,1073.0,80947.0,-78616.0,92430.0,-102707.0,,0,0,0,0,0,1,1,0,ADV_IND,27,37,12,-1,0,-1,-1,1998,32,8,unknown
2084.1630000000005,6C:FB:72:93:48:0A,0a489372fb6c0201021816aafe40e28b8e66cd83b47169f779230ddf11b1505db830,-10397.0,71590.0,-80637.0,44495.0,-107988.0,,0,0,0,0,0,0,1,0,ADV_IND,34,37,5,-1,0,-1,-1,6921,32,8,unknown
2089.4649999999965,E8:4F:A7:02:E2:84,84e202a74fe80201060d16edfe020086587c69a05babf90303edfe,-4561.0,81454.0,-71827.0,66921.0,-98791.0,,0,0,0,0,0,1,1,0,ADV_IND,27,37,10,-1,0,-1,-1,7662,32,8,unknown
2089.4649999999965,6C:FB:72:93:48:0A,0a489372fb6c0201021816aafe40e28b8e66cd83f46d6967f123acc80391d009a320,-5479.0,71268.0,-88152.0,61359.0,-131762.0,,0,0,0,0,0,0,1,0,ADV_IND,34,37,10,-1,0,-1,-1,6907,32,8,unknown
2090.5120000000024,6C:FB:72:93:48:0A,0a489372fb6c0201021816aafe40e28b8e66cd83b57169f779238d9951b1d15db120,-14580.0,95527.0,-83763.0,71497.0,-136358.0,,0,0,0,0,0,1,1,0,ADV_IND,34,37,7,-1,0,-1,-1,5386,32,8,unknown
2091.828999999998,6C:FB:72:93:48:0A,0a489372fb6c0201021816aafe40a20a8e6ee983b5316df779238c9911b1d15db120,-14827.0,95611.0,-88583.0,56909.0,-114203.0,,0,0,0,0,0,0,1,0,ADV_IND,34,37,7,-1,0,-1,-1,6924,32,7,unknown
2092.582000000002,6C:FB:72:93:48:0A,0a489372fb6c0201021816aafe40e28b8e66cd83b57169f779238d9903b119292304,-5689.0,57625.0,-81403.0,69702.0,-111214.0,,0,0,0,0,0,0,1,0,ADV_IND,34,37,9,-1,0,-1,-1,7771,32,8,unknown
2093.605000000003,E8:36:AF:12:C0:7C,7cc012af36e81eff4c001219a0791601581379467db4256fd64e8e67ae4e923e7c9ddf13dc,-9124.0,46718.0,-86369.0,94508.0,-56205.0,,0,0,0,0,0,0,1,0,ADV_IND,37,37,13,-1,0,-1,-1,3852,32,8,unknown
2094.5699999999997,6C:FB:72:93:48:0A,0a489372fb6c0201021816aafe40e28b8e66cd83b57169f779238d9951b1d15db120,-4164.0,61566.0,-80807.0,69375.0,-141150.0,,0,0,0,0,0,1,1,0,ADV_IND,34,37,1,-1,0,-1,-1,3752,32,8,unknown
2096.370999999999,6C:FB:52:93:48:0A,0a489352fb6c0201021816aafe40e20b8e66cd83b52b4d67f923859903b1d40fb8b0,-3046.0,69846.0,-78484.0,40996.0,-105707.0,,0,0,0,0,0,0,1,0,ADV_IND,34,37,14,-1,0,-1,-1,2504,32,8,unknown
2098.0710000000036,E8:4F:A7:02:E2:84,84e202a74fe80201060d16edfe020086587c69a05babf90303edfe,-27648.0,92482.0,-79657.0,110232.0,-129874.0,,0,0,0,0,0,1,1,0,ADV_IND,27,37,13,-1,0,-1,-1,5426,32,8,unknown
2098.7050000000017,6C:FB:72:93:48:0A,0a489372fb6c0201021816aafe40e28b8e66cd83b57169f779238d9951b1d15db120,10261.0,56471.0,-79395.0,47339.0,-127620.0,,0,0,0,0,0,1,1,0,ADV_IND,34,37,15,-1,0,-1,-1,1263,32,8,unknown
2100.324999999997,6C:FB:72:93:48:0A,0a489372fb6c0201021816aafe40e28b8e66cd83b57169f779238d9951b1d15db120,-6100.0,103575.0,-98705.0,68296.0,-152492.0,,0,0,0,0,0,1,1,0,ADV_IND,34,37,6,-1,0,-1,-1,7245,32,8,unknown
2101.980000000003,E8:4F:A7:02:E2:84,84e202a74fe80201060d16edfe020086587c69a05babf90303edfe,0.0,95387.0,-86880.0,79072.0,-111699.0,,0,0,0,0,0,1,1,0,ADV_IND,27,37,6,-1,0,-1,-1,2055,32,8,unknown
2102.25,6C:FB:72:93:48:0A,0a489372fb6c0201021816aafe40e20be02e4da3bc334d77f92b0ddd03b0540fb8f1,-9922.0,71563.0,-89259.0,59313.0,-115689.0,,0,0,0,0,0,0,1,0,ADV_IND,34,37,3,-1,0,-1,-1,6083,32,8,unknown
2104.3229999999967,6C:FB:72:93:48:0A,0a489372fb6c0201021816aafe40e28b8e66cd83b57169f779238d9951b1d15db120,-8964.0,65844.0,-87104.0,43579.0,-108643.0,,0,0,0,0,0,1,1,0,ADV_IND,34,37,2,-1,0,-1,-1,5762,32,8,unknown
2105.8910000000033,E8:4F:A7:02:E2:84,84e202a74fe80201060d16edfe020086587c69a05babf90303edfe,0.0,80726.0,-93902.0,103620.0,-110864.0,,0,0,0,0,0,0,1,0,ADV_IND,27,37,7,-1,0,-1,-1,7765,32,8,unknown
2106.425000000003,6C:FB:72:93:48:0A,0a489372fb6c0201021816aafe40e28b8e66cd83b57169f779238d9951b1d15db120,-14977.0,61454.0,-72180.0,47655.0,-107640.0,,0,0,0,0,0,1,1,0,ADV_IND,34,37,9,-1,0,-1,-1,2955,32,8,unknown
2108.5049999999974,6C:FB:72:93:48:0A,0a489372fb6c0201021816aafe40e28b8e66cd83b57169f779238d9951b1d15db120,-17728.0,109288.0,-112937.0,72355.0,-159522.0,,0,0,0,0,0,1,1,0,ADV_IND,34,37,7,-1,0,-1,-1,1105,28,8,unknown
2110.6600000000035,6C:FB:52:83:48:0A,0a488352fb6c0201021816aafe00220e8e26cd83bc7169677b230d9d43b1545db021,-5760.0,71660.0,-83774.0,43291.0,-101872.0,,0,0,0,0,0,0,1,0,ADV_IND,34,37,4,-1,0,-1,-1,6311,32,8,unknown
2111.7940000000017,E8:27:AF:12:C0:78,78c012af27e81eff4c001219a0791601581379467d8427efd6ce8e67cceef13a7c9ddf05de,-9973.0,67527.0,-76320.0,82795.0,-74384.0,,0,0,0,0,0,0,1,0,ADV_IND,37,37,0,-1,0,-1,-1,5352,32,8,unknown
2112.402000000002,6C:FB:72:93:48:0A,0a489372fb6c0201021816aafe40e28b8e66cd83b57169f779238d9951b1d15db120,-23997.0,83983.0,-76405.0,42274.0,-122520.0,,0,0,0,0,0,1,1,0,ADV_IND,34,37,1,-1,0,-1,-1,6289,32,8,unknown
2114.4550000000017,6C:FB:72:93:48:0A,0a489372fb6c0201021816aafe40e28b8e66cd83bc234d77fb2385dd03b1540fb0b0,0.0,76369.0,-81476.0,47916.0,-116878.0,,0,0,0,0,0,0,1,0,ADV_IND,34,37,14,-1,0,-1,-1,2947,32,8,unknown
2119.536,E8:37:AF:12:C0:7C,7cc012af37e81eff4c001219a0791601581379467db427efd64e8e67aeeef13e7c9ddf03dc,-3583.0,82434.0,-84509.0,111475.0,-110241.0,,0,0,0,0,0,1,1,0,ADV_IND,37,37,13,-1,0,-1,-1,6243,32,8,unknown
2121.1460000000006,68:37:AF:12:C0:7C,7cc012af37681aff4c001219a47916015853794c7db427efd6d7c6a7eceeb13e5c9bdf43de,-1769.0,59148.0,-92177.0,73876.0,-70679.0,,0,0,0,0,0,0,1,0,ADV_IND,37,37,1,-1,0,-1,-1,5531,30,8,unknown
2121.966999999997,6C:FB:7A:93:48:0A,0a48937afb6c0201021816aafe44e28b8e66cd83b53169f779238d9911b1d14db820,7506.0,53398.0,-83440.0,54614.0,-107256.0,,0,0,0,0,0,0,1,0,ADV_IND,34,37,0,-1,0,-1,-1,5308,32,8,unknown
2123.2520000000004,6C:FB:72:93:48:0A,0a489372fb6c0201021816aafe40e28b9e66cd83b57169f779238d9951b1d15db120,0.0,71806.0,-86723.0,61891.0,-133857.0,,0,0,0,0,0,0,1,0,ADV_IND,34,37,13,-1,0,-1,-1,4008,31,8,unknown
2123.7739999999976,E8:4F:A7:02:E2:84,84e202a74fe80201060d16edfe020086587c69a05babf90303edfe,-2140.0,86719.0,-74803.0,80323.0,-107456.0,,0,0,0,0,0,1,1,0,ADV_IND,27,37,0,-1,0,-1,-1,4368,32,8,unknown
2124.0449999999983,E8:77:AF:12:40:7C,7c4012af77e81aff4c001219a0f9a609581779667f9427eff6d6ae07beeec33cf294df0b5d,7192.0,75485.0,-80194.0,77891.0,-84740.0,,0,0,0,0,0,0,1,0,ADV_IND,37,37,3,-1,0,-1,-1,4217,31,8,unknown
2124.5699999999997,6C:FB:72:D2:48:0A,0a48d272fb6c0201021816aafe40a20b8e66cd83b57169e779238dd943b1d15db121,-28065.0,59416.0,-93369.0,46227.0,-86634.0,,0,0,0,0,0,0,1,0,ADV_IND,34,37,14,-1,0,-1,-1,1075,32,8,unknown
2125.364999999998,E8:37:AF:12:C0:7C,7cc012af37e81eff4c001219e0791601581379467da427efd64e8e67aeeef13e7c9ddf43d8,1142.0,73827.0,-91772.0,104940.0,-107914.0,,0,0,0,0,0,0,1,0,ADV_IND,37,37,8,-1,0,-1,-1,4074,32,8,unknown
2125.9060000000027,6C:FB:72:93:48:0A,0a489372fb6c0201021816aafe40e28b8e66cd83b57169f779238d9951b1d15db120,-15398.0,73036.0,-77476.0,61432.0,-145442.0,,0,0,0,0,0,1,1,0,ADV_IND,34,37,9,-1,0,-1,-1,7378,32,8,unknown
2127.226999999999,6C:FB:72:93:48:0A,0a489372fb6c0201021816aafe40e28b8e66cd83b57169f779238d9951b1d15db120,-7579.0,62955.0,-84548.0,37883.0,-126111.0,,0,0,0,0,0,1,1,0,ADV_IND,34,37,9,-1,0,-1,-1,1435,32,8,unknown
2128.881000000001,6C:FB:72:93:48:0A,0a489372fb6c0201021816aafe40e28b8e66cd83b57169f779238d9951b1d15db120,2991.0,82260.0,-91657.0,54110.0,-141821.0,,0,0,0,0,0,1,1,0,ADV_IND,34,37,6,-1,0,-1,-1,4266,32,8,unknown
2129.154999999999,E8:4F:A7:02:E2:84,84e202a74fe80201060d16edfe020086587c69a05babf90303edfe,4342.0,88437.0,-85226.0,76221.0,-92864.0,,0,0,0,0,0,1,1,0,ADV_IND,27,37,11,-1,0,-1,-1,4382,32,8,unknown
2130.3039999999964,6C:FB:72:93:48:0A,0a489372fb6c0201021816aafe40e28b8e66cd83b57169f779238d9951b1d15db120,-19931.0,104080.0,-80982.0,73755.0,-149085.0,,0,0,0,0,0,1,1,0,ADV_IND,34,37,7,-1,0,-1,-1,4198,32,8,unknown
2132.8099999999977,6C:FB:72:83:48:0A,0a488372fb6c0201021816aafe40e28b8e66cd83b57169f779238d9951b1d15db120,-23275.0,100910.0,-93283.0,76406.0,-145854.0,,0,0,0,0,0,0,1,2,ADV_NONCONN_IND,34,37,1,-1,0,-1,-1,2290,32,7,unknown
2134.650999999998,6C:FB:72:93:48:0A,0a489372fb6c0201021816aafe40e28b8e66cd83b57169f779238d9951b1d15db120,3117.0,70161.0,-89735.0,66778.0,-152587.0,,0,0,0,0,0,1,1,0,ADV_IND,34,37,15,-1,0,-1,-1,4943,31,8,unknown
2136.7909999999974,6C:FB:72:93:48:0A,0a489372fb6c0201021816aafe00e20b8e2ecd83b52b69f779238dd943b1d01db120,10516.0,46849.0,-90541.0,44591.0,-90058.0,,0,0,0,0,0,0,1,0,ADV_IND,34,37,7,-1,0,-1,-1,4520,32,8,unknown
2136.7909999999974,E8:4F:A7:02:E2:84,84e202a74fe80201060d16edfe020086587c69a05babf90303edfe,-17870.0,71981.0,-61788.0,85691.0,-107247.0,,0,0,0,0,0,1,1,0,ADV_IND,27,37,6,-1,0,-1,-1,5812,32,8,unknown
2137.8600000000006,C0:37:AF:12:C0:7C,7cc012af37c01eff4c00121980713611581371567db027eff64e8e47aeeef13e7c9dcf83dc,14196.0,65385.0,-90747.0,70063.0,-59170.0,,0,0,0,0,0,0,1,0,ADV_IND,37,37,4,-1,0,-1,-1,2463,32,7,unknown
2138.8539999999994,6C:FB:72:93:48:0A,0a489372fb6c0201021816aafe40e28b8e66cd83b57169f779238d9951b1d15db120,-18804.0,80440.0,-81140.0,66926.0,-123437.0,,0,0,0,0,0,1,1,0,ADV_IND,34,37,0,-1,0,-1,-1,2490,32,8,unknown
2140.9040000000023,6C:FB:72:93:48:0A,0a489372fb6c0201021816aafe40e28b8e66cd83b57169f779238d9951b1d15db120,228.0,80598.0,-92298.0,86007.0,-150297.0,,0,0,0,0,0,1,1,0,ADV_IND,34,37,6,-1,0,-1,-1,6538,32,8,unknown
2140.9040000000023,E8:4F:A7:02:E2:84,84e202a74fe80201060d16edfe020086580e652087611b558dc0d1,0.0,96497.0,-85206.0,92762.0,-131663.0,,0,0,0,0,0,0,1,0,ADV_IND,27,37,12,-1,0,-1,-1,5078,32,8,unknown
2141.7909999999974,C8:36:AF:12:C0:7C,7cc012af36c81eff4c001219a0791609581379667db427eff64e8e67aeeef03e7c9bdf42fc,-6908.0,72983.0,-80415.0,84625.0,-93098.0,,0,0,0,0,0,0,1,2,ADV_NONCONN_IND,37,37,13,-1,0,-1,-1,6269,31,8,unknown
2144.8439999999973,E8:4F:A7:02:E2:84,84e202a74fe80201060d16edfe020086587c69a05babf90303edfe,-1786.0,86772.0,-93337.0,109877.0,-134014.0,,0,0,0,0,0,1,1,0,ADV_IND,27,37,4,-1,0,-1,-1,7418,32,8,unknown
2144.8439999999973,6C:FB:72:93:48:0A,0a489372fb6c0201021816aafe40e28b8e66cd83b57169f779238d9951b1d15db120,-18932.0,70522.0,-83483.0,62002.0,-116220.0,,0,0,0,0,0,1,1,0,ADV_IND,34,37,11,-1,0,-1,-1,6646,32,7,unknown
2149.883999999998,6C:FB:72:93:48:0A,0a489372fb6c0201021816aafe40e28b8e66cd83b57169f779238d9951b1d15db120,-15083.0,86087.0,-99323.0,82707.0,-147396.0,,0,0,0,0,0,1,1,0,ADV_IND,34,37,7,-1,0,-1,-1,6979,32,7,unknown
2150.9329999999973,C8:4F:A7:02:E2:84,84e202a74fc80201060d16edfe020016586e612a87611b558dc0d1,-4477.0,91973.0,-92653.0,68497.0,-108077.0,,0,0,0,0,0,0,1,0,ADV_IND,27,37,3,-1,0,-1,-1,5798,32,8,unknown
2152.0160000000033,6C:FB:7A:93:48:0A,0a48937afb6c0201021816aafe80e39b8e66eda3f47149f77923ad9851b1d11db320,-22671.0,95762.0,-98375.0,62152.0,-136266.0,,0,0,0,0,0,0,1,0,ADV_IND,34,37,9,-1,0,-1,-1,1966,32,7,unknown
2153.0290000000023,E8:4F:A7:02:E2:84,84e202a74fe80201060d16edfe200186587c69a05babf90303edfe,410.0,75519.0,-84134.0,68309.0,-111415.0,,0,0,0,0,0,0,1,0,ADV_IND,27,37,8,-1,0,-1,-1,7630,32,8,unknown
2153.0290000000023,6C:FB:72:93:48:0A,0a489372fb6c0201021816aafe40e28b8e66cd83b57169f779238d9951b1d15db120,-44349.0,85061.0,-78777.0,72989.0,-124754.0,,0,0,0,0,0,1,1,0,ADV_IND,34,37,11,-1,0,-1,-1,3297,32,8,unknown
2154.8410000000003,6C:FB:72:93:48:0A,0a489372fb6c0201021816aafe40e28b8e66c983b48b4de779238d9951b1d15db120,-16920.0,75840.0,-76341.0,59717.0,-106967.0,,0,0,0,0,0,0,1,0,ADV_IND,34,37,10,-1,0,-1,-1,3047,32,7,unknown
2155.796000000002,E8:37:AF:12:C0:7C,7cc012af37e81eff4c001219a0793e1150316d51342434e36751a807153ec9116117c714fd,14601.0,85761.0,-92308.0,84683.0,-81639.0,,0,0,0,0,0,0,1,0,ADV_IND,37,37,15,-1,0,-1,-1,6582,32,8,unknown
2156.404999999999,E8:4F:A7:02:E2:84,84e202a74fe80201060d16edfe020086587c69a05babf90303edfe,6644.0,93245.0,-106646.0,98193.0,-115514.0,,0,0,0,0,0,1,1,0,ADV_IND,27,37,12,-1,0,-1,-1,7669,32,8,unknown
2157.050000000003,6C:FB:70:D3:48:0A,0a48d370fb6c0201021816aafe40e28b8e26e983b57169f779238d9951b1d15db120,13456.0,35388.0,-72490.0,49747.0,-113828.0,,0,0,0,0,0,0,1,0,ADV_IND,34,37,8,-1,0,-1,-1,6174,32,8,unknown
2159.3020000000033,6C:FB:72:93:48:0A,0a489372fb6c0201021816aafe40e28b8e66cd83b57169f779238d9951b1d15db120,-22892.0,77804.0,-73314.0,68538.0,-143378.0,,0,0,0,0,0,1,1,0,ADV_IND,34,37,1,-1,0,-1,-1,1468,31,7,unknown
2161.3110000000015,6C:FB:72:93:48:2A,2a489372fb6c0201021816aafe00e28b8e2eed83f4256167f123acc903915849a304,1987.0,68992.0,-99809.0,51034.0,-109193.0,,0,0,0,0,0,0,1,0,ADV_IND,34,37,2,-1,0,-1,-1,4154,32,7,unknown
2163.3640000000014,6C:FB:72:93:48:0A,0a489372fb6c0201021816aafe40e28b8e66e5abf4254167f923acc823915889a30c,-167.0,73717.0,-96458.0,64290.0,-122397.0,,0,0,0,0,0,0,1,0,ADV_IND,34,37,1,-1,0,-1,-1,5470,32,8,unknown
2167.612000000001,6C:FB:72:93:48:0A,0a489372fb6c0201021816aafe40e28b8e66cd83b57169f779238d9951b1d15db120,-24002.0,111035.0,-88880.0,77671.0,-146190.0,,0,0,0,0,0,1,1,0,ADV_IND,34,37,8,-1,0,-1,-1,3901,31,8,unknown
2168.9809999999998,6C:FB:72:93:48:0A,0a489372fb6c0201021816aafe40e28b8e66cd83b57169f779238d9951b1d15db120,-36517.0,81723.0,-75125.0,71259.0,-135747.0,,0,0,0,0,0,1,1,0,ADV_IND,34,37,9,-1,0,-1,-1,3115,32,8,unknown
2171.324999999997,6C:FB:72:93:48:0A,0a489372fb6c0201021816aafe40e28b8e2ecd83b571697779238d9d51b1d15db120,-22330.0,97842.0,-76211.0,42706.0,-115032.0,,0,0,0,0,0,0,1,0,ADV_IND,34,37,1,-1,0,-1,-1,3577,32,7,unknown
2171.8470000000016,E8:37:AF:12:C0:7C,7cc012af37e810ff4c001219807916015a1369427d3423efd6f0f0ade999e261565d8deb1e,9037.0,71759.0,-87580.0,94507.0,-94034.0,,0,0,0,0,0,0,1,0,ADV_IND,37,37,1,-1,0,-1,-1,5573,30,7,unknown
2172.368000000002,E8:4F:A7:02:E2:84,84e202a74fe80201060d16edfe020086587c69a05babf90303edfe,-16034.0,111179.0,-99674.0,106031.0,-126989.0,,0,0,0,0,0,1,1,0,ADV_IND,27,37,15,-1,0,-1,-1,6764,32,8,unknown
2173.756000000001,6C:FB:72:93:48:0A,0a489372fb6c0201021816aafe40e28b8e66cd83b57169f779238d9951b1d15db120,-6030.0,77512.0,-82121.0,51274.0,-131250.0,,0,0,0,0,0,1,1,0,ADV_IND,34,37,1,-1,0,-1,-1,5074,32,8,unknown
2175.048999999999,6C:FB:58:83:48:0A,0a488358fb6c0201021816aafe40e28b8e2ecd83b531697779238d9951b1d15db120,-29833.0,72402.0,-78487.0,58600.0,-118406.0,,0,0,0,0,0,0,1,0,ADV_IND,34,37,1,-1,0,-1,-1,1671,32,8,unknown
2179.8700000000026,E8:4F:A7:02:E2:84,84e202a74fe80201060d16edfe020086587c69a05babf90303edfe,-7551.0,112724.0,-106022.0,82775.0,-112619.0,,0,0,0,0,0,1,1,0,ADV_IND,27,37,2,-1,0,-1,-1,1295,31,7,unknown
2180.4130000000005,6C:FB:72:93:48:0A,0a489372fb6c0201021816aafe40e28b8e66cd83b57169e7f927a8e8aa111aa8274c,-26107.0,77146.0,-77666.0,62772.0,-122034.0,,0,0,0,0,0,0,1,0,ADV_IND,34,37,4,-1,0,-1,-1,5128,32,8,unknown
2180.694000000003,E8:37:AF:12:C0:7C,7cc012af37e81eff4c001219a0795601581379766fb407efd66b8e67beeef53e7c9dcf03d0,3786.0,69932.0,-82442.0,90364.0,-83467.0,,0,0,0,0,0,0,1,0,ADV_IND,37,37,2,-1,0,-1,-1,5403,31,8,unknown
2181.506000000001,6C:FB:72:93:58:0A,0a589372fb6c0201021816aafe40e28b8e66cd83b57169f779238d9951b1d15db120,-19708.0,95415.0,-87793.0,59640.0,-111934.0,,0,0,0,0,0,0,1,0,ADV_IND,34,37,14,-1,0,-1,-1,5107,32,7,unknown
2181.7549999999974,E8:37:AF:12:C1:7C,7cc112af37e80eff4c001219e079361152316d4f146e74e3679da957753e8b124416df617b,0.0,73139.0,-103921.0,85083.0,-80167.0,,0,0,0,0,0,0,1,2,ADV_NONCONN_IND,37,37,15,-1,0,-1,-1,3684,31,8,unknown
2182.008999999998,E8:4F:A7:02:E2:84,84e202a74fe80201060d16edfe020086584c69a0dbabf90303edfc,-5908.0,81155.0,-88313.0,68317.0,-82218.0,,0,0,0,0,0,0,1,0,ADV_IND,27,37,11,-1,0,-1,-1,2848,32,8,unknown
2182.7909999999974,6C:FB:76:93:48:0A,0a489376fb6c0201021816aafe40e28b8e66cd83b57169f779238d9951b1d15db120,0.0,71596.0,-105120.0,88619.0,-150539.0,,0,0,0,0,0,0,1,0,ADV_IND,34,37,6,-1,0,-1,-1,1177,29,7,unknown
2183.0440000000017,E8:37:AF:12:C0:7C,7cc012af37e81aff4c001219a07916115813715e3d8427efd64f8e67aeeeb1387c9dde13d4,12386.0,77317.0,-99351.0,97776.0,-83697.0,,0,0,0,0,0,0,1,0,ADV_IND,37,37,2,-1,0,-1,-1,2790,32,8,unknown
2184.086000000003,6C:FB:72:93:48:0A,0a489372fb6c0201021816aafe40e28b8e66cd83b57169f779238d9951b1d15db120,-12691.0,88172.0,-100225.0,72993.0,-134688.0,,0,0,0,0,0,1,1,0,ADV_IND,34,37,13,-1,0,-1,-1,2405,31,8,unknown
2184.3570000000036,E8:37:AF:12:C0:7C,7cc012af37e81eff4c00121980797611581379447db427efd6ce8167be4ef06c6e99eedfde,0.0,74338.0,-103424.0,64179.0,-72677.0,,0,0,0,0,0,0,1,0,ADV_IND,37,37,3,-1,0,-1,-1,5460,32,8,unknown
2184.3570000000036,E8:4F:A7:02:E2:84,84e202a74fe80201060d16edfe020086587c69a05babf90303edfe,-3648.0,102573.0,-98818.0,99430.0,-127095.0,,0,0,0,0,0,1,1,0,ADV_IND,27,37,7,-1,0,-1,-1,6605,32,8,unknown
2185.5829999999987,6C:FB:72:93:48:0A,0a489372fb6c0201021816aafe40e28b8e663da3b57149f779238dd911b1d14db020,-42453.0,88997.0,-82996.0,49997.0,-108916.0,,0,0,0,0,0,0,1,0,ADV_IND,34,37,13,-1,0,-1,-1,4322,32,8,unknown
2187.709999999999,6C:FB:72:93:48:0A,0a489372fb6c0201021816aafe40e28b8c66cd83b57169f779238d9951b158a9314c,-11121.0,79423.0,-85403.0,30852.0,-117141.0,,0,0,0,0,0,0,1,0,ADV_IND,34,37,12,-1,0,-1,-1,4648,32,8,unknown
2189.529999999999,6C:FB:72:93:48:0A,0a489372fb6c0201021816aafe40e28b8e664da3b47169f779238d9951b1d15db1a0,-24001.0,70472.0,-86074.0,57740.0,-101051.0,,0,0,0,0,0,0,1,0,ADV_IND,34,37,5,-1,0,-1,-1,5557,32,8,unknown
2192.084999999999,E8:17:A7:12:C0:7C,7cc012a717e81aff4c001219a07f361d52137946752424e3565e8e65afaef03e7c9ddf03dc,-10641.0,79542.0,-66095.0,89310.0,-114836.0,,0,0,0,0,0,0,1,0,ADV_IND,37,37,1,-1,0,-1,-1,7338,32,7,unknown
2193.3300000000017,6C:FB:72:93:48:0A,0a489372fb6c0201021816aafe40e28b8e66cd83b57169f779238d9951b1d15db120,-9686.0,108737.0,-88441.0,53604.0,-152071.0,,0,0,0,0,0,1,1,0,ADV_IND,34,37,10,-1,0,-1,-1,1858,31,8,unknown
2195.423999999999,E8:4F:A7:02:E2:84,84e202a74fe80201060d16edfe020015197eee71bd54220303edfe,374.0,81981.0,-80076.0,75616.0,-69696.0,,0,0,0,0,0,1,1,0,ADV_IND,27,37,1,-1,0,-1,-1,1769,32,8,unknown
2197.7609999999986,6C:FB:72:93:48:0A,0a489372fb6c0201021816aafe40e28b8e66cd83b57169f779238d9951b1d15db120,-15595.0,96463.0,-90147.0,81249.0,-140616.0,,0,0,0,0,0,1,1,0,ADV_IND,34,37,8,-1,0,-1,-1,5431,32,8,unknown
2199.5440000000017,E8:4F:A7:02:E2:84,84e202a74fe80201060d16edfe020015197eee71bd54220303edfe,17658.0,86578.0,-85556.0,122006.0,-103071.0,,0,0,0,0,0,1,1,0,ADV_IND,27,37,15,-1,0,-1,-1,2988,32,8,unknown
2199.5440000000017,6C:FB:72:93:48:0A,0a489372fb6c0201021816aafe40e28b8e66cd83b57169f779238d9951b1d11db120,0.0,88251.0,-86468.0,53343.0,-144050.0,,0,0,0,0,0,0,1,0,ADV_IND,34,37,5,-1,0,-1,-1,2773,31,8,unknown
2201.6770000000033,6C:FB:72:93:48:0A,0a489372fb6c0201021816aafe40e28b8e2ecd83b53169f7e92a8dd901b0d10db020,1613.0,75560.0,-85785.0,49658.0,-108974.0,,0,0,0,0,0,0,1,0,ADV_IND,34,37,14,-1,0,-1,-1,3727,32,8,unknown
2201.6770000000033,E8:37:AF:12:C0:7C,7cc012af37e81eff4c001219a07916015a137d597c2676e367d9e915553e8a11c113c77c7b,-10725.0,71147.0,-59607.0,91415.0,-113530.0,,0,0,0,0,0,0,1,2,ADV_NONCONN_IND,37,37,12,-1,0,-1,-1,2690,31,8,unknown
2203.4159999999974,E8:4E:A7:02:E2:B4,b4e202a74ee80201060d16edfe020015197eee71bd54220303edfe,-8521.0,122453.0,-72120.0,86731.0,-108889.0,,0,0,0,0,0,0,1,2,ADV_NONCONN_IND,27,37,4,-1,0,-1,-1,1006,31,7,unknown
2203.4159999999974,6C:FB:72:93:48:0A,0a489372fb6c0201021816aafe40e28b8e66cd83b57169f779238d9951b1d15db120,-44444.0,92111.0,-74953.0,66231.0,-144343.0,,0,0,0,0,0,1,1,0,ADV_IND,34,37,3,-1,0,-1,-1,2798,32,8,unknown
2203.885000000002,E8:37:AF:12:C0:7C,7cc012af37e81eff4c001219a07916019883790ced19f5fff7dfdb6b0f9e540a44b5dff617,-19651.0,61761.0,-102178.0,71139.0,-96153.0,,0,0,0,0,0,0,1,2,ADV_NONCONN_IND,37,37,7,-1,0,-1,-1,6546,29,7,unknown
2205.6900000000023,6C:FB:72:93:48:0A,0a489372fb6c0201021816aafe40e28b8e66cd83bd6349e7792305d903b0d01db120,6519.0,65405.0,-85305.0,38260.0,-107600.0,,0,0,0,0,0,0,1,0,ADV_IND,34,37,9,-1,0,-1,-1,5177,32,8,unknown
2211.550000000003,6C:FB:72:93:48:0A,0a489372fb6c0201021816aafe00e28b8e66cd83b57169f779238d9951b1d15db120,-13026.0,64253.0,-79788.0,44730.0,-105876.0,,0,0,0,0,0,0,1,0,ADV_IND,34,37,11,-1,0,-1,-1,817,32,8,unknown
2212.832000000002,C7:8F:46:59:75:F8,f87559468fc71eff4c00121900dc45e468fbe32ac62802bd56e77700b099f9c2064efc4100,-34255.0,63834.0,-97715.0,86276.0,-105889.0,,0,0,0,0,0,0,1,2,ADV_NONCONN_IND,37,37,4,-1,0,-1,-1,5235,32,8,unknown
2213.381000000001,E8:4F:A7:02:E2:84,84e202a74fe80201060d16edfe020015197eee71bd54220303edfe,286.0,82497.0,-74266.0,101081.0,-79052.0,,0,0,0,0,0,1,1,0,ADV_IND,27,37,0,-1,0,-1,-1,7590,32,8,unknown
2213.652000000002,6C:FB:72:93:48:0A,0a489372fb6c0201021816aafe40e28b8e66cda3b0214167f1238cc943915819b304,-12453.0,84246.0,-96110.0,57383.0,-122348.0,,0,0,0,0,0,0,1,0,ADV_IND,34,37,8,-1,0,-1,-1,4414,32,7,unknown
2213.652000000002,E8:16:AF:12:C0:7C,7cc012af16e81eff4c0012198079160950136d59146e74a36790e815453ec311c116c77c7b,9683.0,65717.0,-70746.0,86456.0,-91839.0,,0,0,0,0,0,0,1,0,ADV_IND,37,37,11,-1,0,-1,-1,7870,32,8,unknown
2214.6800000000003,6D:DB:7A:93:48:0A,0a48937adb6d0201261816aafe40a28b8e66cdabb43549677123add843b1d15db120,0.0,90885.0,-95992.0,58370.0,-134871.0,,0,0,0,0,0,0,1,0,ADV_IND,34,37,2,-1,0,-1,-1,3675,29,8,unknown
2214.940999999999,C5:CF:06:59:75:F8,f8755906cfc51eff4c00121900d845e468fbe32ac62802bdd2e37704b099fdc2064ebc0100,-50893.0,64949.0,-72240.0,68689.0,-128134.0,,0,0,0,0,0,0,1,2,ADV_NONCONN_IND,37,37,8,-1,0,-1,-1,7866,32,7,unknown
2215.207000000002,4D:60:91:A4:46:6B,6b46a491604d0201021816aafe40c00d908326e0b3f74261f3999ddbc69ec7976a9a,-18372.0,92920.0,-109009.0,57151.0,-146843.0,,0,0,0,0,0,0,1,0,ADV_IND,34,37,8,-1,0,-1,-1,2969,32,8,unknown
2215.466999999997,E8:6F:A7:02:E2:A0,a0e202a76fe80201060d16edfe020015197eee71bd54220303edfe,4995.0,112628.0,-81589.0,86499.0,-104922.0,,0,0,0,0,0,0,1,0,ADV_IND,27,37,8,-1,0,-1,-1,6325,30,8,unknown
2216.572,4D:60:91:A4:46:6B,6b46a491604d0201021816aafe40c00d90836ea4b2a7426bf7d734fa078d783ba284,1607.0,77265.0,-117191.0,57639.0,-147770.0,,0,0,0,0,0,0,1,0,ADV_IND,34,37,2,-1,0,-1,-1,4215,32,8,unknown
2217.834999999999,68:37:AF:12:C0:7C,7cc012af37681eff4c001219a07916115813795d146e74a36791ed15553eba11c112c77c7b,12852.0,66503.0,-86386.0,99289.0,-94437.0,,0,0,0,0,0,0,1,0,ADV_IND,37,37,10,-1,0,-1,-1,3805,30,8,unknown
2218.9329999999973,4D:60:91:A4:46:6B,6b46a491604d0201021816aafe40c00d908326e0b3f70229f7dd66db818f6a17289a,-15077.0,86998.0,-105358.0,73210.0,-168362.0,,0,0,0,0,0,0,1,0,ADV_IND,34,37,15,-1,0,-1,-1,1331,32,8,unknown
2218.9329999999973,E8:4F:A7:02:E2:84,84e202a74fe80201060d16edfe020415196ee671bd54624701edfe,5621.0,87703.0,-72474.0,100287.0,-110344.0,,0,0,0,0,0,0,1,0,ADV_IND,27,37,13,-1,0,-1,-1,4071,32,8,unknown
2220.2289999999994,E8:37:AF:12:C0:7C,7cc012af37e81aff4c001219a0791e015813795e75b437afd65e8a67a7fef13e449ddf127d,-9827.0,64317.0,-74098.0,100187.0,-99566.0,,0,0,0,0,0,0,1,0,ADV_IND,37,37,6,-1,0,-1,-1,3728,32,8,unknown
2220.637999999999,4D:60:91:A4:46:6B,6b46a491604d0201021816aafe40c00d908326e0b3f70229ff7d66fb89af6a323f8c,-1455.0,76476.0,-95372.0,48095.0,-162529.0,,0,0,0,0,0,1,1,0,ADV_IND,34,37,14,-1,0,-1,-1,4453,32,8,unknown
2222.675000000003,4D:60:91:A4:46:6B,6b46a491604d0201021816aafe40c00d908326e0b3f70229ff7d66fb89af6a323b8c,-23019.0,72892.0,-106721.0,66825.0,-149450.0,,0,0,0,0,0,0,1,0,ADV_IND,34,37,7,-1,0,-1,-1,4042,32,8,unknown
2224.9230000000025,4D:60:91:A4:46:6B,6b46a491604d0201021816aafe40c00d948326e0b3f70229f75d66fb89af6a3b2f8c,-12610.0,65447.0,-111942.0,69620.0,-144170.0,,0,0,0,0,0,0,1,0,ADV_IND,34,37,0,-1,0,-1,-1,2433,32,8,unknown
2227.150999999998,E8:4F:A7:02:E2:84,84e202a74fe80201060d16edfe020015197eee71bd9422030fc0d1,5988.0,90005.0,-88370.0,93812.0,-87525.0,,0,0,0,0,0,0,1,0,ADV_IND,27,37,13,-1,0,-1,-1,5086,32,8,unknown
2227.150999999998,4D:68:91:A6:4E:6B,6b4ea691684d0201021816aafe00c00d908326e0b3f70229ff7d66fb89af6a323f8c,-25586.0,102461.0,-123688.0,73694.0,-169365.0,,0,0,0,0,0,0,1,2,ADV_NONCONN_IND,34,37,3,-1,0,-1,-1,1544,28,7,unknown
2228.0899999999965,E8:37:AF:12:C0:7C,7cc012af37e81eff4c001219a0791601581379667d3426efd64f8e67aeeef13e7c9ddf03dc,-9164.0,71916.0,-82605.0,101477.0,-88381.0,,0,0,0,0,0,0,1,0,ADV_IND,37,37,9,-1,0,-1,-1,920,32,8,unknown
2229.959999999999,E8:37:AF:12:C0:7C,7cc012af37e80eff4c001219e07956095813794a7db427efd6468c679aeff12e7c95df27d4,-15635.0,72231.0,-72690.0,68406.0,-76322.0,,0,0,0,0,0,0,1,0,ADV_IND,37,37,2,-1,0,-1,-1,4458,32,8,unknown
2230.9619999999995,4D:60:91:A4:46:6B,6b46a491604d0201021816aafe40c00dd08326e0b2e70229f77d66fb078f783baa84,-13852.0,77557.0,-90734.0,66485.0,-157032.0,,0,0,0,0,0,0,1,0,ADV_IND,34,37,14,-1,0,-1,-1,2502,32,8,unknown
2231.800000000003,E8:37:AF:52:C0:7C,7cc052af37e81eff4c001219a0793601581379467da427eff6ce8e67aeee713e749dcf43dc,-21739.0,63962.0,-76357.0,91768.0,-81104.0,,0,0,0,0,0,0,1,2,ADV_NONCONN_IND,37,37,13,-1,0,-1,-1,3794,31,8,unknown
2232.836000000003,4D:60:91:A4:46:6B,6b46a491604d0201021816aafe40c00d908326e0b3f70229ff7d66fb89af6a323f8c,-35461.0,108942.0,-109939.0,66528.0,-156880.0,,0,0,0,0,0,1,1,0,ADV_IND,34,37,12,-1,0,-1,-1,5408,32,8,unknown
2234.8380000000034,E8:4F:A7:02:E2:84,84e202a74fe80201060d16edfe020015197eee71bd54220303edfe,-7351.0,99166.0,-68393.0,108209.0,-130063.0,,0,0,0,0,0,1,1,0,ADV_IND,27,37,12,-1,0,-1,-1,1427,32,8,unknown
2234.8380000000034,4D:60:D1:A4:4E:6B,6b4ea4d1604d0201021816aafe40800d14bb62a8f3e74661f7d934fb838e4e332a9e,-19449.0,90221.0,-117730.0,62172.0,-137129.0,,0,0,0,0,0,0,1,2,ADV_NONCONN_IND,34,37,10,-1,0,-1,-1,6364,32,8,unknown
2235.7940000000017,68:17:AF:12:C0:7C,7cc012af17681aff4c001219a0795611585379445db427efd7ce8e6527f68a13c113c77c7b,-8394.0,66698.0,-92257.0,79559.0,-80129.0,,0,0,0,0,0,0,1,2,ADV_NONCONN_IND,37,37,14,-1,0,-1,-1,7769,30,8,unknown
2240.6529999999984,4D:60:91:A4:46:6B,6b46a491604d0201021816aafe40c00d908326e0b3f70229ff7d66fb89af6a323f8c,-35208.0,105731.0,-111547.0,71588.0,-152354.0,,0,0,0,0,0,1,1,0,ADV_IND,34,37,5,-1,0,-1,-1,4526,31,7,unknown
2241.7390000000014,E8:4F:A7:02:E2:84,84e202a74fe80201060d16edfe020015197eee71bd54220303edfe,7099.0,93818.0,-65523.0,95771.0,-111008.0,,0,0,0,0,0,1,1,0,ADV_IND,27,37,10,-1,0,-1,-1,5589,32,8,unknown
2242.779999999999,4D:60:91:A4:46:6B,6b46a491604d0201021816aafe40c00d908326a0b3f70269fffde64b630611454f11,-14696.0,77192.0,-106301.0,79989.0,-150649.0,,0,0,0,0,0,0,1,0,ADV_IND,34,37,9,-1,0,-1,-1,5983,32,8,unknown
2243.5610000000015,E8:4F:A7:42:E2:84,84e242a74fe80201060d16edfe020015197eee71bd5e22078bc0f6,17189.0,95729.0,-84697.0,86813.0,-84631.0,,0,0,0,0,0,0,1,2,ADV_NONCONN_IND,27,37,14,-1,0,-1,-1,4677,32,7,unknown
2243.8300000000017,4D:60:91:A4:46:6B,6b46a491604d0201021816aafe40c00d908326e0b3f70229ff7d66fb89af6a323f8c,-881.0,84553.0,-108746.0,56576.0,-158625.0,,0,0,0,0,0,1,1,0,ADV_IND,34,37,3,-1,0,-1,-1,3226,32,8,unknown
2246.413999999997,E8:4F:A7:02:E2:84,84e202a74fe80201060d16edfe020015183eee71bd54220303ecfe,33039.0,105295.0,-72837.0,94897.0,-108387.0,,0,0,0,0,0,0,1,0,ADV_IND,27,37,8,-1,0,-1,-1,1113,32,8,unknown
2247.2690000000002,4D:60:91:A4:46:6B,6b46a491604d0201021816aafe40c10d908326e0b3f70229ff7d66fb89af6a323f8c,-16972.0,97361.0,-116168.0,64613.0,-148460.0,,0,0,0,0,0,0,1,0,ADV_IND,34,37,15,-1,0,-1,-1,927,32,8,unknown
2249.230000000003,4D:60:91:A4:46:6B,6b46a491604d0201021816aafe40c00d908326e0b3f70229ff7d66fb89af6a323f8c,-29492.0,98278.0,-104757.0,68002.0,-150494.0,,0,0,0,0,0,0,1,0,ADV_IND,34,37,2,-1,0,-1,-1,977,32,8,unknown
2251.063000000002,4D:60:91:A4:46:6B,6b46a491604d0201021816aafe40c00d908326e0b3f70229ff7d66fb89af6a323f8c,-2593.0,85930.0,-119251.0,55304.0,-157274.0,,0,0,0,0,0,1,1,0,ADV_IND,34,37,12,-1,0,-1,-1,2313,31,8,unknown
2254.1900000000023,E8:4F:A7:02:E2:84,84e202a74fe80241060d16edfe020495196eee713d56220303ccfe,13455.0,103035.0,-85547.0,100667.0,-99821.0,,0,0,0,0,0,0,1,2,ADV_NONCONN_IND,27,37,12,-1,0,-1,-1,4570,32,8,unknown
2255.449999999997,4D:60:91:A4:46:6B,6b46a491604d0201021816aafe40c00d908326e0f3f74260f7889ddbc69ec797609a,-29949.0,86465.0,-108431.0,68232.0,-153100.0,,0,0,0,0,0,0,1,0,ADV_IND,34,37,8,-1,0,-1,-1,3138,32,8,unknown
2257.2019999999975,4D:60:91:A4:46:6B,6b46a491604d0201021816aafe40c10d908326a8f3e70661ffd914db838e4e132a9e,-16071.0,79540.0,-115335.0,60869.0,-143129.0,,0,0,0,0,0,0,1,0,ADV_IND,34,37,12,-1,0,-1,-1,8027,32,8,unknown
2258.120999999999,E8:4F:A7:02:E2:84,84e202a74fe80201060d16edfe020015197eee71bd54220303edfe,16501.0,95145.0,-63630.0,76103.0,-94437.0,,0,0,0,0,0,1,1,0,ADV_IND,27,37,7,-1,0,-1,-1,974,32,8,unknown
2261.383999999998,4D:60:91:A4:46:6B,6b46a491604d0201021816aafe40c00d908326e0b3f70229ff7d66db81af4a132a8c,-28452.0,81587.0,-100226.0,58521.0,-154283.0,,0,0,0,0,0,0,1,0,ADV_IND,34,37,2,-1,0,-1,-1,6361,32,8,unknown
2262.1440000000002,E8:4F:A7:02:E2:84,84e202a74fe80201060d16edfe020015197eee71bd54220303edfe,2155.0,85729.0,-61901.0,86994.0,-94465.0,,0,0,0,0,0,1,1,0,ADV_IND,27,37,13,-1,0,-1,-1,4165,32,8,unknown
2263.379000000001,4D:60:91:A4:46:6B,6b46a491604d0201021816aafe40c00d908326e0b3f70229ff7d66fb89af6a323f8c,-33994.0,84572.0,-130307.0,82564.0,-167871.0,,0,0,0,0,0,1,1,0,ADV_IND,34,37,2,-1,0,-1,-1,3389,32,8,unknown
2264.4259999999995,68:37:AF:12:C0:4C,4cc012af37681eff4c001219e0795601581379467db435efd64e8e679e2ef13a7c9ddf03da,-5435.0,73110.0,-79490.0,97031.0,-111983.0,,0,0,0,0,0,0,1,0,ADV_IND,37,37,3,-1,0,-1,-1,6569,31,8,unknown
2265.4000000000015,4D:60:91:A4:46:6B,6b46a491604d0201021816aafe40c00dd08326e0b2f70229f77d66fb89af6a323f9e,-32326.0,75695.0,-93319.0,65329.0,-155764.0,,0,0,0,0,0,0,1,0,ADV_IND,34,37,1,-1,0,-1,-1,5285,32,8,unknown
2265.9850000000006,E8:4F:A7:02:E2:84,84e202a74fe80201060d16edfe020015197eee71bd54220303edfe,5044.0,92087.0,-90121.0,84430.0,-75258.0,,0,0,0,0,0,1,1,0,ADV_IND,27,37,7,-1,0,-1,-1,5223,32,8,unknown
2271.190999999999,4D:60:91:A4:46:6B,6b46a491604d0201021016aafe40c00d908326e0b3f70229ff7d66fb8baf6a322f8c,-31826.0,84582.0,-116140.0,57896.0,-153549.0,,0,0,0,0,0,0,1,0,ADV_IND,34,37,14,-1,0,-1,-1,3414,32,8,unknown
2271.453999999998,88:37:AF:02:C0:7C,7cc002af37881eff4c001219a0793611583169591c7675a3571b886517ee9a31e012df5c79,-3852.0,84473.0,-100426.0,69461.0,-78594.0,,0,0,0,0,0,0,1,2,ADV_NONCONN_IND,37,37,14,-1,0,-1,-1,3143,32,7,unknown
2272.2339999999967,4F:60:91:A4:46:6B,6b46a491604f0201061816aafe00c00d902726e0b3b70229f7ff34fb818f7832aa84,-35009.0,74907.0,-98793.0,56352.0,-144180.0,,0,0,0,0,0,0,1,0,ADV_IND,34,37,10,-1,0,-1,-1,4214,32,8,unknown
2272.493000000002,E8:4F:A7:02:E2:84,84e202a74fe80201060d16edfe020015197eee71bd54220303edfe,5683.0,82105.0,-71056.0,99656.0,-87787.0,,0,0,0,0,0,1,1,0,ADV_IND,27,37,12,-1,0,-1,-1,2717,32,8,unknown
2273.262999999999,4D:60:91:A4:46:6B,6b46a491604d0201021816aafe40c00d908326e0b3f70229ff7d66fb89af6a323f8c,-40231.0,105707.0,-121227.0,79396.0,-174204.0,,0,0,0,0,0,1,1,0,ADV_IND,34,37,0,-1,0,-1,-1,3569,30,8,unknown
2274.288999999997,4D:60:91:A4:46:6B,6b46a491604d0201021816aafe40c00d908326e0b3f70229ff7d66fb89af6a323f8c,-34289.0,121462.0,-118408.0,82677.0,-164770.0,,0,0,0,0,0,1,1,0,ADV_IND,34,37,4,-1,0,-1,-1,3891,31,7,unknown
2274.288999999997,E8:4F:A7:02:E2:84,84e202a74fe80201060d16edfe020015197eee71bd54220303edfe,24640.0,86258.0,-70944.0,87491.0,-75007.0,,0,0,0,0,0,1,1,0,ADV_IND,27,37,13,-1,0,-1,-1,1952,32,7,unknown
2276.0699999999997,4D:60:91:A4:46:6B,6b46a491604d0201021816aafe40c10d908326e0b3f70229ff7d66fb89af6a322f9e,-33008.0,83747.0,-113470.0,67998.0,-144600.0,,0,0,0,0,0,0,1,0,ADV_IND,34,37,2,-1,0,-1,-1,1745,32,8,unknown
2277.9089999999997,E8:4F:A7:02:E2:84,84e202a74fe80201060d16edfe020015197eee71bd5422030bedfc,29468.0,102117.0,-72741.0,79942.0,-91379.0,,0,0,0,0,0,0,1,0,ADV_IND,27,37,5,-1,0,-1,-1,3183,32,8,unknown
2277.9089999999997,4D:60:99:A4:46:6B,6b46a499604d0201021816aafe40c00d908326e0b3f70229ff7d66fb89af6a323f8c,-41820.0,110376.0,-107910.0,75969.0,-157623.0,,0,0,0,0,0,0,1,0,ADV_IND,34,37,2,-1,0,-1,-1,1230,32,8,unknown
2279.449999999997,4D:60:91:A4:46:6B,6b46a491604d0201021816aafe40c00d908326e8b3f70229ff7d66fb89af6a323f8c,-41466.0,119569.0,-120950.0,61323.0,-167761.0,,0,0,0,0,0,0,1,0,ADV_IND,34,37,4,-1,0,-1,-1,1608,32,7,unknown
2281.9130000000005,4D:60:91:A4:46:6B,6b46a491604d0201021816aafe40c00d908326e0b3f70229ff7d66fb89af6a323f9c,-21684.0,111632.0,-122888.0,79090.0,-168767.0,,0,0,0,0,0,0,1,0,ADV_IND,34,37,13,-1,0,-1,-1,5485,31,7,unknown
2285.622000000003,E8:4F:A7:02:E2:84,84e202a74fe80201060d16edfe020015197eee71bd54220303edfe,13128.0,91135.0,-86951.0,91383.0,-114746.0,,0,0,0,0,0,0,1,4,SCAN_RSP,27,37,10,-1,0,-1,-1,7694,32,8,unknown
2285.622000000003,4D:68:91:A4:4E:6B,6b4ea491684d0201021816aafe40c00d908366e2f3c76660f7c89cdbc39ecf17229a,-13962.0,81523.0,-120847.0,69087.0,-141254.0,,0,0,0,0,0,0,1,2,ADV_NONCONN_IND,34,37,8,-1,0,-1,-1,4804,31,7,unknown
2286.142,E8:37:AF:12:C0:60,60c012af37e81eff4c001219e0791619581379467db427efd64e8e67aeeef13e7c9ddf13dc,13980.0,63668.0,-104832.0,87303.0,-87268.0,,0,0,0,0,0,0,1,0,ADV_IND,37,37,13,-1,0,-1,-1,5684,32,8,unknown
2287.616000000002,4D:60:91:A4:46:6B,6b46a491604d0201021816aafe40c00ddc2666a0b3a7426bf7df34fb038f6a3baa8c,-44945.0,81588.0,-117966.0,65483.0,-134186.0,,0,0,0,0,0,0,1,0,ADV_IND,34,37,14,-1,0,-1,-1,6948,32,8,unknown
2289.3280000000013,E8:4F:A7:02:E2:84,84e202a74fe80201060d16edfe020015197eee71bd54220303edfe,13817.0,83014.0,-78650.0,95723.0,-117750.0,,0,0,0,0,0,1,1,0,ADV_IND,27,37,6,-1,0,-1,-1,7042,32,8,unknown
2289.644999999997,4D:60:91:A4:46:6B,6b46a491604d0201021816aafe40c10dd42766a0b2a74269f75f34fa038f783baa84,-23056.0,87232.0,-115803.0,65999.0,-125780.0,,0,0,0,0,0,0,1,0,ADV_IND,34,37,15,-1,0,-1,-1,3363,32,8,unknown
2292.0369999999966,4D:60:91:A4:46:6B,6b46a491604d0201021816aafe40c00d908326a0b2f70269ff5d66fb89af6a323f8c,-28050.0,85446.0,-106721.0,77633.0,-143404.0,,0,0,0,0,0,0,1,2,ADV_NONCONN_IND,34,37,5,-1,0,-1,-1,1676,32,8,unknown
2295.868999999999,4D:60:91:A4:46:6B,6b46a491604d0201021816aafe40c00d908326e0b3f70229ff7d66fb89af6a323f8c,-33750.0,70706.0,-99247.0,66259.0,-145758.0,,0,0,0,0,0,1,1,0,ADV_IND,34,37,2,-1,0,-1,-1,982,32,8,unknown
2296.1569999999992,48:37:AF:02:C0:7C,7cc002af37481eff4c001219a0d967115c1379467db025efd64e8067b8eeb13c7c8edf0f82,707.0,67380.0,-89907.0,73150.0,-60831.0,,0,0,0,0,0,0,1,0,ADV_IND,37,37,6,-1,0,-1,-1,5285,32,7,unknown
2301.584999999999,4D:60:91:A4:46:6B,6b46a491604d0201021816aafe40c10d908326e0b3f70229ff7d66fb89af6a322f8c,-20397.0,87375.0,-107063.0,64580.0,-136974.0,,0,0,0,0,0,0,1,0,ADV_IND,34,37,15,-1,0,-1,-1,4986,32,8,unknown
2301.8559999999998,E8:37:AF:12:C0:70,70c012af37e81eff4c001219a07d160158336d5d146e67af67d3eb1555fe8a1fc19bd75c5c,-15010.0,69401.0,-88854.0,75846.0,-76622.0,,0,0,0,0,0,0,1,0,ADV_IND,37,37,10,-1,0,-1,-1,6769,30,8,unknown
2302.6759999999995,4D:60:91:A4:46:6B,6b46a491604d0201021816aafe40c00d908326e0b3f70229ff7d66fb89af6a323f8c,-31960.0,122730.0,-109456.0,75381.0,-147660.0,,0,0,0,0,0,1,1,0,ADV_IND,34,37,7,-1,0,-1,-1,2794,32,8,unknown
2302.934000000001,E8:37:AF:12:C0:7C,7cc012af37e81eff4c001219a0791601581359467db427efd64ecc07aeeef13e641fdf079a,-16048.0,68308.0,-73209.0,79358.0,-101345.0,,0,0,0,0,0,0,1,0,ADV_IND,37,37,7,-1,0,-1,-1,2508,32,8,unknown
2303.199999999997,E8:4F:A7:02:E2:84,84e202a74fe80211060d16edfe020015597fee71bd54220303edfe,18312.0,99399.0,-95210.0,92056.0,-84926.0,,0,0,0,0,0,0,1,0,ADV_IND,27,37,0,-1,0,-1,-1,4496,32,8,unknown
2303.703999999998,4D:60:91:A4:46:6B,6b46a491604d0201021816aafe40c00d908326e0b3f70229ff7d66fb89af6a323f8c,-7278.0,91468.0,-118693.0,76878.0,-175230.0,,0,0,0,0,0,1,1,0,ADV_IND,34,37,9,-1,0,-1,-1,5263,32,8,unknown
2304.989999999998,4D:68:99:A4:46:6B,6b46a499684d0201021816aafe40c80d90a366e0b3e7426bf7dd36fb89af683a3e8c,-12488.0,66280.0,-114800.0,49802.0,-141185.0,,0,0,0,0,0,0,1,0,ADV_IND,34,37,2,-1,0,-1,-1,3948,32,8,unknown
2305.252999999997,E8:37:BF:12:C2:78,78c212bf37e81aff4c001219e07996015c1379467da405efd6cf416788cef5667683ce9d92,-22949.0,45021.0,-93880.0,70016.0,-76511.0,,0,0,0,0,0,0,1,0,ADV_IND,37,37,1,-1,0,-1,-1,1758,32,7,unknown
2305.521999999997,C8:4F:A7:02:E2:84,84e202a74fc80201060d16edfe020011583eee71bfd4220303edfc,2752.0,99085.0,-80657.0,80834.0,-90353.0,,0,0,0,0,0,0,1,0,ADV_IND,27,37,12,-1,0,-1,-1,6579,32,8,unknown
2306.2949999999983,4D:60:91:A4:46:6B,6b46a491604d0201021816aafe40c00d908326e0b3f70229ff7d66fb89af6a322e9e,-44976.0,87811.0,-102536.0,90442.0,-171869.0,,0,0,0,0,0,0,1,0,ADV_IND,34,37,6,-1,0,-1,-1,1962,32,8,unknown
2308.1990000000005,4D:60:91:A4:46:6B,6b46a491604d0201021816aafe04c10dd08366e4b2f70229f75f74fb83af6a3b2a8c,-30678.0,84085.0,-106508.0,64411.0,-134598.0,,0,0,0,0,0,0,1,0,ADV_IND,34,37,1,-1,0,-1,-1,5888,32,8,unknown
2309.8410000000003,4D:60:91:A4:46:6B,6b46a491604d0201021816aafe40c10d908326e0b3b7026bff7d36fa89af6a33ab8c,-13508.0,76572.0,-104372.0,61228.0,-132416.0,,0,0,0,0,0,0,1,0,ADV_IND,34,37,14,-1,0,-1,-1,2870,32,8,unknown
2312.546000000002,4D:60:91:A4:46:6B,6b46a491604d0201021816aafe40c00d908326e0b3e70229ff7d66fb81af6a126a9e,-22058.0,78601.0,-91518.0,58685.0,-158842.0,,0,0,0,0,0,0,1,0,ADV_IND,34,37,5,-1,0,-1,-1,4642,32,8,unknown
2312.8110000000015,E8:4F:A7:02:E2:84,84e202a74fe80201060d16edfe020015197eee71bd54220303edfe,2384.0,90949.0,-69757.0,109495.0,-104973.0,,0,0,0,0,0,1,1,0,ADV_IND,27,37,15,-1,0,-1,-1,7928,32,8,unknown
2313.8989999999976,4D:60:91:A4:46:6B,6b46a491604d0201021816aafe00c00d908366a0b2b7426bffdf34fb038f6a3aaa84,-18295.0,77976.0,-109420.0,60909.0,-132947.0,,0,0,0,0,0,0,1,0,ADV_IND,34,37,10,-1,0,-1,-1,2133,32,8,unknown
2316.1200000000026,4D:60:91:A4:46:6B,6b46a491604d0201021816aafe40c00d908326e0b3f70229ff7d66fb89af6a323f8c,-42769.0,105708.0,-112533.0,80259.0,-165364.0,,0,0,0,0,0,1,1,0,ADV_IND,34,37,4,-1,0,-1,-1,7951,32,8,unknown
2316.7390000000014,E8:4F:A7:02:E2:84,84e202a74fe80201060d16edfe020015197eee71bd54220303edfe,-4451.0,107772.0,-60724.0,93591.0,-108503.0,,0,0,0,0,0,1,1,0,ADV_IND,27,37,3,-1,0,-1,-1,1016,32,8,unknown
2318.1929999999993,4D:60:91:A4:46:6B,6b46a491604d0201021816aafe40c00d908326e0b3f70229f7d894db878e4617289a,-1186.0,92698.0,-112692.0,49327.0,-146942.0,,0,0,0,0,0,0,1,0,ADV_IND,34,37,13,-1,0,-1,-1,6116,32,7,unknown
2318.7079999999987,E8:37:AF:12:C0:7C,7cc012af37e81eff4c001219a0791601581379447d3425efd64e8e078eeeb5367c8ddf0392,-18415.0,55771.0,-79629.0,92037.0,-97508.0,,0,0,0,0,0,0,1,0,ADV_IND,37,37,4,-1,0,-1,-1,2378,32,8,unknown
2320.493000000002,4D:60:91:A4:46:6B,6b46a491604d0201021816aafe40c00d908326e0b3f70229ff7d66fb89af6a323f8c,-23965.0,91390.0,-118357.0,67048.0,-153763.0,,0,0,0,0,0,1,1,0,ADV_IND,34,37,3,-1,0,-1,-1,4997,32,8,unknown
2320.493000000002,E8:37:AF:12:C0:7C,7cc012af37e81eff4c001219a0796e1d52316d59146674a367d1e91555be8a11c112c77e5c,-6966.0,66911.0,-83776.0,76282.0,-87019.0,,0,0,0,0,0,0,1,0,ADV_IND,37,37,10,-1,0,-1,-1,7383,32,8,unknown
2320.493000000002,E8:4F:A7:02:E2:84,84e202a74fe80201060d16edfe020015197eef71bd54220703edf2,803.0,93253.0,-82036.0,90987.0,-64525.0,,0,0,0,0,0,0,1,2,ADV_NONCONN_IND,27,37,3,-1,0,-1,-1,3828,32,8,unknown
2322.3079999999973,4D:60:91:A4:46:6B,6b46a491604d0201021816aafe40c00d908326e0b3f70229ff7d66fb89af6a323f8c,-44195.0,100996.0,-117256.0,71638.0,-148342.0,,0,0,0,0,0,1,1,0,ADV_IND,34,37,10,-1,0,-1,-1,1366,32,8,unknown
2324.3930000000037,4D:60:91:A4:46:6B,6b46a491604d0201021816aafe40c00d908326e0b3f70229ff7d66fb89af6a323f8c,0.0,57396.0,-104989.0,68045.0,-139375.0,,0,0,0,0,0,1,1,0,ADV_IND,34,37,0,-1,0,-1,-1,6596,32,7,unknown
2324.3930000000037,C8:4F:A7:02:E2:84,84e202a74fc80201060d16edfe000115587d6e71ad54220303edfe,33238.0,99463.0,-87250.0,82427.0,-79564.0,,0,0,0,0,0,0,1,0,ADV_IND,27,37,12,-1,0,-1,-1,1893,32,8,unknown
2326.622000000003,4D:60:91:A4:46:6B,6b46a491604d0201021816aafe40c00d908326e0b3f70229ff7d66fb89af6a323f8c,-40679.0,83849.0,-109635.0,72677.0,-137229.0,,0,0,0,0,0,1,1,0,ADV_IND,34,37,15,-1,0,-1,-1,4704,32,8,unknown
2332.086000000003,E8:4F:A7:02:E2:84,84e202a74fe80201060d16edfe020015197eee71bd54220387c4d1,13601.0,91406.0,-77007.0,119186.0,-99252.0,,0,0,0,0,0,0,1,0,ADV_IND,27,37,11,-1,0,-1,-1,2459,32,8,unknown
2332.086000000003,4D:60:91:A4:46:6B,6b46a491604d0201021816aafe40c00d90a366a8f3e74660f7d9b4db838e4613289e,-4526.0,85559.0,-118538.0,60297.0,-160258.0,,0,0,0,0,0,0,1,0,ADV_IND,34,37,12,-1,0,-1,-1,3677,32,8,unknown
2333.095000000001,4D:60:91:A4:46:6B,6b46a491604d0201021816aafe40c00d908326e0b3f70229ff7d66fb89af6a323f8c,-12189.0,97365.0,-129570.0,83597.0,-172691.0,,0,0,0,0,0,1,1,0,ADV_IND,34,37,4,-1,0,-1,-1,5241,30,8,unknown
2334.127999999997,E8:4F:A7:02:E2:84,84e202a74fe80201060d16edfe020015197fee71bd54220303edfe,36144.0,103457.0,-69638.0,84498.0,-102783.0,,0,0,0,0,0,0,1,0,ADV_IND,27,37,12,-1,0,-1,-1,3176,32,8,unknown
2334.917999999998,4D:60:91:A4:46:6B,6b46a491604d0201021816aafe40c00d908326e0b3f70229ff7d66fb89af6a323f8c,-8614.0,112984.0,-122087.0,67278.0,-164131.0,,0,0,0,0,0,1,1,0,ADV_IND,34,37,10,-1,0,-1,-1,6575,31,7,unknown
2336.8329999999987,4D:60:91:A4:46:6B,6b46a491604d0201021816aafe40c00d908326e0b3f70229ff7d66fb89af6a323f8c,0.0,92670.0,-109745.0,39910.0,-170180.0,,0,0,0,0,0,1,1,0,ADV_IND,34,37,13,-1,0,-1,-1,3912,32,7,unknown
2338.529999999999,4D:60:91:A4:46:6B,6b46a491604d0201021816aafe44c00d908326e0b3e70229ffdf10ba038d307b8280,-15967.0,86630.0,-102714.0,61656.0,-146183.0,,0,0,0,0,0,0,1,0,ADV_IND,34,37,11,-1,0,-1,-1,7264,32,8,unknown
2340.0550000000003,E8:4F:A7:02:E2:84,84e202a74fe80201060d16edfe020015197eee71bd54220303edfe,7919.0,93901.0,-72029.0,97099.0,-87095.0,,0,0,0,0,0,1,1,0,ADV_IND,27,37,5,-1,0,-1,-1,2539,32,8,unknown
2340.508999999998,4D:60:91:A4:46:6B,6b46a491604d0209021816aafe40c00d908326e0b3f70229ff7d66fb89af6a323f8c,-14822.0,103936.0,-127780.0,81664.0,-167485.0,,0,0,0,0,0,0,1,0,ADV_IND,34,37,6,-1,0,-1,-1,4232,32,7,unknown
2342.673999999999,4D:60:91:A4:46:6B,6b46a491604d0201021816aafe40c00d908326e0b3f70229ff7d66fb89af6a323f8c,-10503.0,79404.0,-116631.0,55882.0,-148112.0,,0,0,0,0,0,1,1,0,ADV_IND,34,37,7,-1,0,-1,-1,2845,32,8,unknown
2343.913999999997,E8:4F:A7:02:E2:84,84e202a74fe80201060d16edfe020015197eee71bd54220303edfe,276.0,106734.0,-77546.0,104750.0,-106265.0,,0,0,0,0,0,1,1,0,ADV_IND,27,37,4,-1,0,-1,-1,6467,32,8,unknown
2344.4270000000033,4D:60:91:A4:46:6B,6b46a491604d0201021816aafe40c00d908326e0b3f70229ff7d66fb89af6a323f8c,-25450.0,82268.0,-100988.0,81146.0,-166327.0,,0,0,0,0,0,1,1,0,ADV_IND,34,37,3,-1,0,-1,-1,1345,32,8,unknown
2346.625,4D:60:91:A4:46:6B,6b46a491604d0201221816aafe40c01d908b26e0b3f70229ff5976fb898f6a323f8c,-54674.0,101120.0,-116366.0,76018.0,-155747.0,,0,0,0,0,0,0,1,0,ADV_IND,34,37,1,-1,0,-1,-1,5812,31,8,unknown
2347.673999999999,E8:4F:A7:02:E6:A4,a4e602a74fe80201060d16edfe020015197eee71bd54220303edfe,6151.0,103089.0,-70653.0,112725.0,-95589.0,,0,0,0,0,0,0,1,2,ADV_NONCONN_IND,27,37,8,-1,0,-1,-1,5115,32,7,unknown
2348.616000000002,4F:60:91:84:46:6B,6b468491604f0201021816aafe00c004900326e0b3f74269f77d26fa81af783a3a84,-30629.0,85482.0,-104426.0,60763.0,-135638.0,,0,0,0,0,0,0,1,0,ADV_IND,34,37,1,-1,0,-1,-1,5541,32,8,unknown
2351.7289999999994,E8:4F:A7:02:E2:84,84e202a74fe80201060d16edfe020015197eee71bd54220303edfe,11324.0,97210.0,-63137.0,89720.0,-127796.0,,0,0,0,0,0,1,1,0,ADV_IND,27,37,2,-1,0,-1,-1,3392,32,8,unknown
2352.5599999999977,4D:60:91:A4:46:6B,6b46a491604d0201021816aafe40c00d908326e0b3f70229ff7d66fb89af6a323f8c,-36810.0,123525.0,-121192.0,75705.0,-167383.0,,0,0,0,0,0,1,1,0,ADV_IND,34,37,9,-1,0,-1,-1,6081,32,8,unknown
2354.7019999999975,4D:60:91:A4:46:6B,6b46a491604d0201021816aafe40c00d908326e0b3f70229ff7d66fb89af6a323f8c,-36856.0,86150.0,-126055.0,79247.0,-163034.0,,0,0,0,0,0,1,1,0,ADV_IND,34,37,4,-1,0,-1,-1,4066,32,8,unknown
2355.4530000000013,E8:4F:A7:02:E2:84,84e202a74fe80201060d16edfe020015197eee71bd54220303edfe,9426.0,85692.0,-76811.0,104114.0,-106259.0,,0,0,0,0,0,1,1,0,ADV_IND,27,37,9,-1,0,-1,-1,2971,32,8,unknown
2356.728000000003,4D:60:91:A4:46:6B,6b46a491604d0201021816aafe40c00d908326e0b3f70229ff7d66fb89af6a3b3e8c,-20442.0,75574.0,-113715.0,53985.0,-146841.0,,0,0,0,0,0,0,1,0,ADV_IND,34,37,15,-1,0,-1,-1,5310,32,8,unknown
2362.673999999999,4D:60:91:A4:46:6B,6b46a491604d0201021816aafe40c00d908326e0b3f70229ff7d66fb89af6a323f8c,-8703.0,64922.0,-107315.0,80556.0,-156285.0,,0,0,0,0,0,1,1,0,ADV_IND,34,37,3,-1,0,-1,-1,6813,31,7,unknown
2363.478000000003,4D:60:91:A4:46:6B,6b46a491604d0201021816aafe40c00d908326e0b3f70229ff7d66db8bae6e122a9e,-3341.0,65426.0,-119958.0,65947.0,-152779.0,,0,0,0,0,0,0,1,0,ADV_IND,34,37,10,-1,0,-1,-1,7382,32,8,unknown
2364.792999999998,4D:60:91:A4:46:6B,6b46a491604d0201021816aafe40c00d908326e0b3f70229ff7d66fb89af6a323f8c,-35055.0,110143.0,-111315.0,78804.0,-168474.0,,0,0,0,0,0,1,1,0,ADV_IND,34,37,15,-1,0,-1,-1,4559,32,8,unknown
2366.099000000002,4D:60:91:A4:46:6B,6b46a491604d0201021816aafe40c00d908326e0b3f70229ff7d74fb81af4e332a9e,-18508.0,87937.0,-110066.0,68703.0,-140737.0,,0,0,0,0,0,0,1,0,ADV_IND,34,37,7,-1,0,-1,-1,1952,32,8,unknown
2367.1560000000027,4D:60:91:A4:46:6B,6b46a491604d0201261816aafe40c10d948326e0b3f70229ffd964fb89af6a132a8c,-11722.0,83417.0,-121379.0,72005.0,-125972.0,,0,0,0,0,0,0,1,0,ADV_IND,34,37,3,-1,0,-1,-1,5158,32,7,unknown
2367.404999999999,E8:47:A7:02:E2:84,84e202a747e80201060d16edfe020015197eee71bd9662078fc0f1,10841.0,84817.0,-86744.0,110744.0,-103866.0,,0,0,0,0,0,0,1,0,ADV_IND,27,37,14,-1,0,-1,-1,7494,32,8,unknown
2369.112000000001,4D:60:91:A4:46:6B,6b46a491604d0201021816aafe40c00d908326e0b3f70229ff7d66fb89af6a322f8c,-25997.0,80099.0,-114579.0,66222.0,-161647.0,,0,0,0,0,0,0,1,0,ADV_IND,34,37,4,-1,0,-1,-1,1883,32,8,unknown
2371.0020000000004,4A:68:91:A4:46:6B,6b46a491684a0201021816aafe40c00d908326e0b3b70229ff7d34fb89af6a323f8c,-32527.0,89063.0,-109356.0,71049.0,-122254.0,,0,0,0,0,0,0,1,0,ADV_IND,34,37,0,-1,0,-1,-1,3072,32,7,unknown
2371.665000000001,E8:4F:A7:02:E2:84,84e202a74fe80201060d16edfe020015197eee71bd54220303edfe,26904.0,97325.0,-90619.0,109520.0,-117542.0,,0,0,0,0,0,1,1,0,ADV_IND,27,37,14,-1,0,-1,-1,3340,32,8,unknown
2372.923999999999,4D:60:91:A4:46:6B,6b46a491604d0201021816aafe40c00d908326e0b3f70229ff7d66fb89af6a323f8c,-12170.0,87009.0,-116171.0,77534.0,-173546.0,,0,0,0,0,0,1,1,0,ADV_IND,34,37,10,-1,0,-1,-1,3544,32,8,unknown
2374.5,E8:37:AF:12:C0:7C,7cc012af37e81eff4c001219a0791631581779543d1427eff65f8e67aeeef13e7c9ddf1712,-6270.0,57956.0,-86862.0,85866.0,-63415.0,,0,0,0,0,0,0,1,0,ADV_IND,37,37,14,-1,0,-1,-1,1466,32,8,unknown
2374.9060000000027,4D:60:91:A4:46:6B,6b46a491604d0201021816aafe40c00cd033ae60a17f4a6bfffdb4fb83ad6c10bb88,-37601.0,61420.0,-85144.0,73096.0,-123721.0,,0,0,0,0,0,0,1,0,ADV_IND,34,37,4,-1,0,-1,-1,6000,32,8,unknown
2375.536,E8:4F:A7:02:E2:84,84e202a74fe80201060d16edfe020015197eee71bd54220303edfe,16716.0,82715.0,-96045.0,105394.0,-72888.0,,0,0,0,0,0,1,1,0,ADV_IND,27,37,5,-1,0,-1,-1,6083,32,8,unknown
2377.2050000000017,4D:60:91:A4:46:6B,6b46a491604d0201021816aafe40c00d908326e0b2f7022bffdd66fb81af6a38aa84,-5023.0,61886.0,-95062.0,55933.0,-149422.0,,0,0,0,0,0,0,1,0,ADV_IND,34,37,1,-1,0,-1,-1,1173,32,8,unknown
2379.279999999999,E8:4F:A7:02:E2:84,84e202a74fe80201060d16edfe020015197eee71bd54220303edfe,1707.0,82639.0,-89913.0,100176.0,-81103.0,,0,0,0,0,0,1,1,0,ADV_IND,27,37,6,-1,0,-1,-1,1156,32,8,unknown
2379.279999999999,4D:60:91:A4:46:6B,6b46a491604d0201021816aafe40c00d908326e0b3f70229ff7d66fb89af6a323f8c,-10122.0,84741.0,-116611.0,90077.0,-164987.0,,0,0,0,0,0,1,1,0,ADV_IND,34,37,13,-1,0,-1,-1,4371,32,8,unknown
2381.216999999997,4D:60:91:A4:46:6B,6b46a491604d0201021816aafe40c00d908326a0b3b70269ff9570fa83af783b3a84,-18900.0,59676.0,-102019.0,60586.0,-145743.0,,0,0,0,0,0,0,1,0,ADV_IND,34,37,3,-1,0,-1,-1,5191,32,8,unknown
2383.0880000000034,4F:68:91:A4:46:6B,6b46a491684f0241261816aafe00c10dd48726e0b2b70229f75d34fb818f78332a84,-46699.0,76144.0,-104905.0,64292.0,-134171.0,,0,0,0,0,0,0,1,0,ADV_IND,34,37,0,-1,0,-1,-1,5521,32,8,unknown
2385.2309999999998,4D:60:91:A4:46:6B,6b46a491604d0201021816aafe00c00d908326a0b3f70269ff7d74fb89af6a323f8c,-11645.0,86284.0,-119404.0,79079.0,-133408.0,,0,0,0,0,0,0,1,0,ADV_IND,34,37,9,-1,0,-1,-1,3043,32,8,unknown
2389.2479999999996,4D:60:91:A4:46:6B,6b46a491604d0201021816aafe40c00d908326e0b3f70229ff7d66fb89af6a323f8c,-45312.0,107693.0,-115441.0,73383.0,-179956.0,,0,0,0,0,0,1,1,0,ADV_IND,34,37,11,-1,0,-1,-1,2925,30,7,unknown
2394.972999999998,E8:4F:A7:02:E2:84,84e202a74fe80201060d16edfe020015197eee71bd54220303edfe,9.0,75475.0,-73361.0,124718.0,-110207.0,,0,0,0,0,0,1,1,0,ADV_IND,27,37,15,-1,0,-1,-1,7779,32,8,unknown
2395.2419999999984,4D:60:91:A4:46:6B,6b46a491604d0201021816aafe40c00d908326e0b3f70229ff7d66fb89af6e122a9e,204.0,72747.0,-121123.0,70383.0,-146686.0,,0,0,0,0,0,0,1,0,ADV_IND,34,37,3,-1,0,-1,-1,5150,32,8,unknown
2395.769999999997,C8:37:AF:12:C0:7C,7cc012af37c80aff4c001219a0791601581379467db4a7efd64e8e472eeef13e749cdf0592,2902.0,76238.0,-98083.0,96317.0,-88507.0,,0,0,0,0,0,0,1,0,ADV_IND,37,37,10,-1,0,-1,-1,2122,31,8,unknown
2396.2880000000005,4D:60:91:A4:46:6B,6b46a491604d0201021816aafe40811f908366a8b3f74629ff5924fb898f6a122f8c,-15386.0,90661.0,-111600.0,59647.0,-160808.0,,0,0,0,0,0,0,1,0,ADV_IND,34,37,13,-1,0,-1,-1,3580,32,8,unknown
2397.355000000003,4D:60:91:A4:46:6A,6a46a491604d0241021816aafe40c10d900726e0b3e74229ffdd34fa89af323baa84,-23120.0,77386.0,-106492.0,66493.0,-131714.0,,0,0,0,0,0,0,1,2,ADV_NONCONN_IND,34,37,8,-1,0,-1,-1,6350,32,7,unknown
2397.8740000000034,E8:37:AF:12:C0:7C,7cc012af37e81eff4c00121920791601581379467db423ef569eae072eeed91dc092c77c5c,-26069.0,75599.0,-79574.0,81585.0,-91742.0,,0,0,0,0,0,0,1,0,ADV_IND,37,37,8,-1,0,-1,-1,7192,31,8,unknown
2398.415000000001,4D:60:91:A4:46:6B,6b46a491604d0201021816aafe40c10d908326e0b3f70229ff5d66fb89af6a323b8c,-12076.0,70617.0,-113040.0,62810.0,-142914.0,,0,0,0,0,0,0,1,0,ADV_IND,34,37,11,-1,0,-1,-1,7960,32,8,unknown
2398.957000000002,E8:4F:A7:02:E2:84,84e202a74fe80201060d16edfe020015197eee71bd54220303edfe,2159.0,99464.0,-65765.0,90292.0,-122871.0,,0,0,0,0,0,1,1,0,ADV_IND,27,37,5,-1,0,-1,-1,4343,32,8,unknown
2399.4820000000036,4D:60:91:A4:46:6B,6b46a491604d0201021816aafe40c00d908326e0b3f7022bbfdab4cb430e55076a9339,-17599.0,71077.0,-98889.0,56203.0,-139314.0,,0,0,0,0,0,0,1,0,ADV_IND,35,37,6,-1,0,-1,-1,2192,32,8,unknown
2400.4850000000006,E8:37:AF:12:C0:78,78c012af37e80eff4c001219a0791601581379467da425eff65e8e67aeeee1367c9ddf0392,-14353.0,60029.0,-92088.0,75186.0,-76179.0,,0,0,0,0,0,0,1,0,ADV_IND,37,37,0,-1,0,-1,-1,6929,32,7,unknown
2401.470000000001,4D:60:91:A4:46:6B,6b46a491604d0201021816aafe40c00d908326e0b3f70229ff7d66fb89af6a323f8c,-16060.0,76826.0,-104432.0,69504.0,-170007.0,,0,0,0,0,0,1,1,0,ADV_IND,34,37,5,-1,0,-1,-1,1494,32,8,unknown
2402.5869999999995,E8:4F:A7:02:E2:84,84e202a74fe80201060d16edfe020115197eee71bd54220303adfe,28551.0,92274.0,-83688.0,93252.0,-102607.0,,0,0,0,0,0,0,1,0,ADV_IND,27,37,13,-1,0,-1,-1,1004,32,8,unknown
2403.4360000000015,4D:60:91:A4:46:6B,6b46a491604d0201021816aafe40c00d908326e0b3f70229ff7d66fb89af6a323f8c,-71576.0,94448.0,-96047.0,77706.0,-158922.0,,0,0,0,0,0,1,1,0,ADV_IND,34,37,13,-1,0,-1,-1,6215,32,8,unknown
2404.453999999998,C8:37:AF:12:C0:7C,7cc012af37c81eff4c001219a07916015813715e7da427eff65e4e67aeee756e7c99df0392,2551.0,61093.0,-64912.0,90732.0,-88134.0,,0,0,0,0,0,0,1,0,ADV_IND,37,37,9,-1,0,-1,-1,2312,32,8,unknown
2405.438000000002,4D:60:91:A4:46:6B,6b46a491604d0201021816aafe40c00d908366e4b3f74269fffd74fb81af6a323e8c,-22743.0,61533.0,-97653.0,51893.0,-148948.0,,0,0,0,0,0,0,1,0,ADV_IND,34,37,5,-1,0,-1,-1,2039,32,8,unknown
2406.402000000002,E8:4F:A7:02:E2:84,84e202a74fe80201060d16edfe020015197eee71bd54220303edfe,-9782.0,103782.0,-83195.0,100285.0,-118162.0,,0,0,0,0,0,1,1,0,ADV_IND,27,37,14,-1,0,-1,-1,6349,32,8,unknown
2407.2479999999996,4D:60:91:A4:46:6B,6b46a491604d0201021816aafe40c00d908326e0b3f70229ff7d66fb89af6a323f8c,-8157.0,75495.0,-114012.0,65488.0,-151682.0,,0,0,0,0,0,1,1,0,ADV_IND,34,37,15,-1,0,-1,-1,3234,30,8,unknown
2409.415000000001,4D:60:91:A4:46:6B,6b46a491604d0201021816aafe40c00d908326a0b3f70269ff7d64fb89af6a333e8c,-26245.0,66040.0,-99187.0,64953.0,-139247.0,,0,0,0,0,0,0,1,0,ADV_IND,34,37,10,-1,0,-1,-1,6851,32,8,unknown
2410.633999999998,C8:37:AF:12:C0:7C,7cc012af37c81eff4c001219a079a601481379467d2427efd6ce0e072eeef13e7e97df7b82,-22451.0,79249.0,-84609.0,62568.0,-85994.0,,0,0,0,0,0,0,1,0,ADV_IND,37,37,0,-1,0,-1,-1,3265,31,7,unknown
2411.489999999998,4D:60:91:A4:46:6B,6b46a491604d0201021816aafe40c00d908326e0b3f70229ffd934db838e4e132a9a,-19116.0,78856.0,-120241.0,66316.0,-143806.0,,0,0,0,0,0,0,1,0,ADV_IND,34,37,14,-1,0,-1,-1,5721,32,8,unknown
2413.510000000002,4D:60:91:A4:46:6B,6b46a491604d0201021816aafe40c00d908326e0b3f70229ff7d66fb89af6a323f8c,-33847.0,93198.0,-113444.0,76015.0,-137834.0,,0,0,0,0,0,1,1,0,ADV_IND,34,37,0,-1,0,-1,-1,6717,32,8,unknown
2414.1299999999974,E8:4F:A7:02:E2:84,84e202a74fe80201060d16edfe020015197eee71bd54220303edfe,14843.0,94078.0,-98918.0,99635.0,-107600.0,,0,0,0,0,0,1,1,0,ADV_IND,27,37,0,-1,0,-1,-1,2552,32,8,unknown
2416.0570000000007,4D:60:91:A4:46:6B,6b46a491604d0201021816aafe40c00d908326e0b3f70229ff7d66fb89af6a323f8c,-25268.0,79796.0,-107658.0,62094.0,-152219.0,,0,0,0,0,0,1,1,0,ADV_IND,34,37,7,-1,0,-1,-1,1423,32,8,unknown
2417.6229999999996,E5:CF:06:59:75:F8,f8755906cfe51aff4c00121900dc45e468fbe32ac62843bd52e73700b09979ca264ef81102,-11861.0,62974.0,-100607.0,83182.0,-110707.0,,0,0,0,0,0,0,1,2,ADV_NONCONN_IND,37,37,1,-1,0,-1,-1,6034,32,8,unknown
2417.6229999999996,4D:60:91:A4:46:6B,6b46a491604d0201021816aafe40c00d908326e0b3f70229ff7d66fb89af6a323f8c,-9706.0,58077.0,-113100.0,80562.0,-155756.0,,0,0,0,0,0,1,1,0,ADV_IND,34,37,14,-1,0,-1,-1,6635,32,8,unknown
2418.319000000003,E8:4F:A7:02:E2:84,84e202a74fe80201060d16edfe020015197eee71bd54220303edfe,21467.0,105061.0,-114330.0,107094.0,-122129.0,,0,0,0,0,0,1,1,0,ADV_IND,27,37,3,-1,0,-1,-1,3637,32,8,unknown
2419.658000000003,4D:60:91:A4:46:6B,6b46a491604d0201021816aafe40c00d903326a4b2f7426bf7dd34fa018f783baa84,-21594.0,82474.0,-98273.0,62866.0,-162704.0,,0,0,0,0,0,0,1,0,ADV_IND,34,37,8,-1,0,-1,-1,2045,32,8,unknown
2425.5959999999977,4D:60:91:A4:46:6B,6b46a491604d0201021816aafe40c00d908326e0b3f70229ff7d66fb89af6a323f8c,-17193.0,78022.0,-109349.0,69983.0,-150904.0,,0,0,0,0,0,1,1,0,ADV_IND,34,37,6,-1,0,-1,-1,3868,31,8,unknown
2425.8559999999998,E8:4F:A7:02:E2:84,84e202a74fe80201060d16edfe020015197eee71bd54220303edfe,10898.0,81021.0,-77492.0,96543.0,-75372.0,,0,0,0,0,0,1,1,0,ADV_IND,27,37,0,-1,0,-1,-1,5190,32,8,unknown
2427.4320000000007,4D:60:91:A4:46:6B,6b46a491604d0201021816aafe44c10d90a326e0b3f70229ffdd66fb8baf6a323f8c,-29102.0,63181.0,-103378.0,54109.0,-140162.0,,0,0,0,0,0,0,1,0,ADV_IND,34,37,0,-1,0,-1,-1,3918,32,8,unknown
2428.9839999999967,4D:60:91:A4:46:6B,6b46a491604d0201021816aafe40c00d908326e0b3b70229ff7d74fb89af6a328084,-24252.0,76927.0,-101264.0,72408.0,-151996.0,,0,0,0,0,0,0,1,0,ADV_IND,34,37,14,-1,0,-1,-1,5953,32,8,unknown
2428.9839999999967,E8:4F:A7:02:E2:84,84e202a74fe80201060d16edfe020015197eee71bd54220303edfe,-2647.0,87687.0,-83564.0,111213.0,-116560.0,,0,0,0,0,0,1,1,0,ADV_IND,27,37,2,-1,0,-1,-1,3143,32,8,unknown
2430.3399999999965,4D:60:91:A4:46:6B,6b46a491604d0201021816aafe40c00d908326e0b3f70229ff7d66fb89af6a323f8c,-18295.0,113146.0,-115483.0,75757.0,-164710.0,,0,0,0,0,0,1,1,0,ADV_IND,34,37,12,-1,0,-1,-1,4143,32,7,unknown
2431.629000000001,4D:60:91:A4:46:6B,6b46a491604d0201021816aafe40c10d908326e4b3f70229ff7d64fb89ae6a323f8c,-17887.0,84989.0,-113363.0,82317.0,-135395.0,,0,0,0,0,0,0,1,2,ADV_NONCONN_IND,34,37,14,-1,0,-1,-1,6119,32,8,unknown
2434.521999999997,4D:60:91:A4:46:6B,6b46a491604d0201021816aafe40c00dd00326e0b3e70229ffdd74fb89af6a32baa0,-14894.0,81644.0,-101221.0,56051.0,-136281.0,,0,0,0,0,0,0,1,0,ADV_IND,34,37,11,-1,0,-1,-1,2464,32,8,unknown
2436.1540000000023,4D:60:91:A6:46:6B,6b46a691604d0201021816aafe40c00d902366e0b3f74269f7dd36fa038f6a3baa8c,-8873.0,83290.0,-109040.0,50934.0,-134584.0,,0,0,0,0,0,0,1,0,ADV_IND,34,37,13,-1,0,-1,-1,1173,32,8,unknown
2437.8009999999995,E8:4F:A7:02:E2:84,84e202a74fe80201060d16edfe020015197eee71bd54220303edfe,11946.0,97951.0,-95434.0,114174.0,-125236.0,,0,0,0,0,0,1,1,0,ADV_IND,27,37,11,-1,0,-1,-1,4110,32,8,unknown
2438.0809999999983,4D:60:91:A4:46:6B,6b46a491604d0201021816aafe40c00d908366e0b3e74661f7d934db838e4e332a9c,-17879.0,82947.0,-108224.0,64818.0,-167467.0,,0,0,0,0,0,0,1,0,ADV_IND,34,37,10,-1,0,-1,-1,4902,32,8,unknown
2439.849000000002,4D:60:91:A4:46:6B,6b46a491604d0201021816aafe40c00d908326e0b3f70229ff7d66fb89af6a7a2a84,-7945.0,83106.0,-108235.0,64584.0,-125543.0,,0,0,0,0,0,0,1,0,ADV_IND,34,37,0,-1,0,-1,-1,1661,32,8,unknown
2441.6500000000015,E8:4F:A7:02:E2:84,84e202a74fe80201060d16edfe02001512dea6627d9c76470fc0d1,32331.0,87974.0,-87321.0,110519.0,-86566.0,,0,0,0,0,0,0,1,0,ADV_IND,27,37,3,-1,0,-1,-1,2811,32,8,unknown
2445.756000000001,E8:4F:A7:02:E2:84,84e202a74fe80201060d16edfe214b111c7f6fd4acd4022703edbc,-8896.0,75305.0,-69605.0,40770.0,-96862.0,,0,0,0,0,0,0,1,0,ADV_IND,27,37,4,-1,0,-1,-1,6811,32,8,unknown
2446.728000000003,4D:60:91:A4:46:6B,6b46a491604d0201021816aafe40c00d908326e0b3f70229ff7d66fb89af6a323f8c,-21852.0,83596.0,-115168.0,72076.0,-154137.0,,0,0,0,0,0,1,1,0,ADV_IND,34,37,9,-1,0,-1,-1,4898,31,8,unknown
2450.483,4D:60:98:A4:46:6B,6b46a498604d0201021816aafe40c00d908b26e0b3f70229ff7d66fb89af6a323f8c,-13703.0,77435.0,-117020.0,63666.0,-175742.0,,0,0,0,0,0,0,1,0,ADV_IND,34,37,11,-1,0,-1,-1,7211,32,8,unknown
2456.4000000000015,4D:60:91:A4:46:6B,6b46a491604d0201021816aafe40c00d908326e0b3f70229ff7d66fb89af6a323f8c,-16214.0,75580.0,-95602.0,58016.0,-176161.0,,0,0,0,0,0,1,1,0,ADV_IND,34,37,13,-1,0,-1,-1,4273,32,8,unknown
2457.201000000001,E8:4F:A7:02:E2:84,84e202a74fe80201060d16edfe020015197eee71bd54220303edfe,-1765.0,84513.0,-85769.0,88904.0,-77877.0,,0,0,0,0,0,1,1,0,ADV_IND,27,37,11,-1,0,-1,-1,5110,32,8,unknown
2457.743000000002,4D:60:91:A4:46:6B,6b46a491604d0201021816aafe40c00d908326e0b3f70229ff7d66fb89af6a323f8c,-25044.0,74855.0,-107554.0,52090.0,-149772.0,,0,0,0,0,0,1,1,0,ADV_IND,34,37,0,-1,0,-1,-1,2876,31,8,unknown
2459.368999999999,4D:60:91:A4:46:6B,6b46a491604d0201021816aafe40c00d908326e0b3f70229ff7d66fb89af6a323f8c,-26189.0,84474.0,-105515.0,83406.0,-144255.0,,0,0,0,0,0,1,1,0,ADV_IND,34,37,5,-1,0,-1,-1,2373,31,8,unknown
2460.6619999999966,4D:60:91:A4:46:6B,6b46a491604d0201021816aafe40c00d908326e0b3f7422bfffd26fb89af6a322f8c,-11693.0,68400.0,-106100.0,58875.0,-135520.0,,0,0,0,0,0,0,1,0,ADV_IND,34,37,13,-1,0,-1,-1,3302,31,8,unknown
2462.2620000000024,4D:60:91:A4:46:6B,6b46a491604d0201021816aafe40c00d902726e0b3f70229ff5d66fb898f6a322b8c,-33129.0,82318.0,-106656.0,57923.0,-126927.0,,0,0,0,0,0,0,1,0,ADV_IND,34,37,8,-1,0,-1,-1,5964,32,8,unknown
2463.0780000000013,E8:4F:A7:02:E2:84,84e202a74fe80201060d16edfe020015197eee71bd54220303edfe,10148.0,94580.0,-93979.0,112745.0,-112900.0,,0,0,0,0,0,1,1,0,ADV_IND,27,37,11,-1,0,-1,-1,5158,32,8,unknown
2465.2180000000008,4D:60:91:A4:46:6B,6b46a491604d0201021816aafe00c00d908326e0b3a74229f7dd64fb89af63323f9e,-21083.0,66074.0,-105700.0,81053.0,-130990.0,,0,0,0,0,0,0,1,0,ADV_IND,34,37,13,-1,0,-1,-1,4202,32,7,unknown
2466.8369999999995,4D:60:91:A4:46:6B,6b46a491604d0201021816aafe40c00d90c3707fd3d3d47475daf44b610611474e13,-49495.0,79130.0,-101107.0,73046.0,-148281.0,,0,0,0,0,0,0,1,0,ADV_IND,34,37,10,-1,0,-1,-1,1185,32,8,unknown
2468.8870000000024,E8:4F:A7:02:E2:84,84e202a74fe80201060d16edfe020015197eee71bd54220303edfe,2779.0,120535.0,-101483.0,112014.0,-122048.0,,0,0,0,0,0,1,1,0,ADV_IND,27,37,1,-1,0,-1,-1,5966,32,8,unknown
2470.6719999999987,4D:60:91:A4:46:6B,6b46a491604d0201021816aafe00c00d900326e0b3f70229f75d74fb8baf7a32ba84,-55517.0,88565.0,-106901.0,63283.0,-117304.0,,0,0,0,0,0,0,1,0,ADV_IND,34,37,2,-1,0,-1,-1,5842,32,8,unknown
2472.7189999999973,4D:60:D8:A4:46:6B,6b46a4d8604d0201221816aafe40c10d90a326e0b3f74269ffdd26fb898f7a332f8c,-28479.0,84386.0,-103195.0,66455.0,-137657.0,,0,0,0,0,0,0,1,0,ADV_IND,34,37,0,-1,0,-1,-1,4226,32,8,unknown
2473.0080000000016,E8:4F:A7:02:E2:84,84e202a74fe80201060d16edfe020015197eee71bd54220303edfe,22091.0,70283.0,-86809.0,99145.0,-79165.0,,0,0,0,0,0,1,1,0,ADV_IND,27,37,7,-1,0,-1,-1,4197,32,8,unknown
2474.6820000000007,4D:60:91:A4:46:6B,6b46a491604d0201021816aafe40c00d9066e6a4b2a7426be7df34ba178d78798a80,-1842.0,85673.0,-120406.0,68222.0,-157966.0,,0,0,0,0,0,0,1,0,ADV_IND,34,37,0,-1,0,-1,-1,3299,32,8,unknown
2476.5570000000007,4D:60:91:A4:46:6B,6b46a491604d0241021816aafe40c00d908366e0b3f74229ff5d26fb018f6a33bf8c,-20164.0,66747.0,-104974.0,51464.0,-139673.0,,0,0,0,0,0,0,1,0,ADV_IND,34,37,12,-1,0,-1,-1,1619,32,8,unknown
2477.1410000000033,E8:4F:A7:02:E2:84,84e202a74fe80201060d16edfe020015197eee71bd54220303edfe,8651.0,105391.0,-75990.0,110743.0,-125747.0,,0,0,0,0,0,1,1,0,ADV_IND,27,37,13,-1,0,-1,-1,3855,32,8,unknown
2478.7549999999974,4D:60:91:A4:46:6B,6b46a491604d0201021816aafe40c00d908326e0b3f70229ff7d66fb89af6a323f8c,-54810.0,78638.0,-106666.0,64654.0,-146118.0,,0,0,0,0,0,1,1,0,ADV_IND,34,37,10,-1,0,-1,-1,4945,32,8,unknown
2481.1089999999967,4D:68:91:A4:46:6B,6b46a491684d0201021816aafe00c00d908366e0b3f74229f77d64db898f6e122a8e,-29171.0,78661.0,-112838.0,67481.0,-128319.0,,0,0,0,0,0,0,1,0,ADV_IND,34,37,3,-1,0,-1,-1,6965,32,8,unknown
2481.1089999999967,E8:4F:A7:02:E2:84,84e202a74fe80201060d16edfe020015197eee71bd54220303edfe,-1843.0,86742.0,-92956.0,110541.0,-120240.0,,0,0,0,0,0,1,1,0,ADV_IND,27,37,0,-1,0,-1,-1,2480,31,7,unknown
2486.8369999999995,4D:60:91:A4:46:6B,6b46a491604d0201021816aafe40c00d908326e0b3f70229ff7d66fb89af6a323f8c,-24586.0,89670.0,-113309.0,76756.0,-162115.0,,0,0,0,0,0,1,1,0,ADV_IND,34,37,4,-1,0,-1,-1,4316,32,7,unknown
2489.7450000000026,4D:60:91:A4:46:6B,6b46a491604d0201021816aafe40c00d908326e0b3f70229ff7d66fb89af6a323f8c,-25634.0,90578.0,-93888.0,59963.0,-153728.0,,0,0,0,0,0,1,1,0,ADV_IND,34,37,12,-1,0,-1,-1,1669,32,8,unknown
2491.0319999999992,4D:60:91:A4:46:6B,6b46a491604d0201021816aafe00c00d908326e0b3f70229f77d34fb81af6a322a8c,-37607.0,77392.0,-95674.0,62349.0,-136201.0,,0,0,0,0,0,0,1,0,ADV_IND,34,37,10,-1,0,-1,-1,1470,32,8,unknown
2492.326000000001,4D:60:91:A4:46:6B,6b46a491604d0201021816aafe40c00d908326e0b3f70229ff7d64fb89af6a323b8c,-42653.0,84472.0,-103253.0,83141.0,-140370.0,,0,0,0,0,0,0,1,0,ADV_IND,34,37,0,-1,0,-1,-1,3386,32,8,unknown
2495.461000000003,4D:60:91:A4:46:6B,6b46a491604d0201021816aafe40c00d908326e0b3f70229ff7d66fb89af6a323f8c,-28490.0,82287.0,-104401.0,42027.0,-163709.0,,0,0,0,0,0,1,1,0,ADV_IND,34,37,6,-1,0,-1,-1,4966,32,8,unknown
2496.256000000001,E8:47:A7:02:E2:84,84e202a747e80201060d16edfe020015197eee71bd54220303edb2,16310.0,102318.0,-64746.0,91208.0,-80470.0,,0,0,0,0,0,0,1,0,ADV_IND,27,37,10,-1,0,-1,-1,7850,32,8,unknown
2496.8960000000006,4D:60:91:A4:46:6B,6b46a491604d0201021816aafe40c00d908326e0b3f70229fffd64fb89af6a323a8c,-36686.0,69071.0,-101725.0,55548.0,-137161.0,,0,0,0,0,0,0,1,0,ADV_IND,34,37,12,-1,0,-1,-1,6154,32,8,unknown
2498.701000000001,4D:60:91:A4:46:6B,6b46a491604d0201021816aafe40c00d908326e0b3f70229ff7d66fb89af6a323f8c,-65128.0,108866.0,-125400.0,84604.0,-168571.0,,0,0,0,0,0,1,1,0,ADV_IND,34,37,4,-1,0,-1,-1,2915,32,7,unknown
2500.1070000000036,E8:4F:A7:02:E2:84,84e202a74fe80201060d16edfe020015197eee71bd54220303edfe,3035.0,73852.0,-73044.0,101789.0,-85374.0,,0,0,0,0,0,1,1,0,ADV_IND,27,37,15,-1,0,-1,-1,4580,32,8,unknown
2501.2779999999984,4D:60:91:A4:46:6B,6b46a491604d0201021816aafe40c00d908326e0b3f70229ff7d66fb89af6a323f8c,-34823.0,90709.0,-112467.0,78927.0,-155748.0,,0,0,0,0,0,0,1,0,ADV_IND,34,37,12,-1,0,-1,-1,5152,32,8,unknown
2503.0020000000004,4D:60:91:A4:46:6B,6b46a491604d0201021816aafe40c00d908326e0b3f70229ff7d66fb89af6a323f8c,-36341.0,84679.0,-114564.0,51014.0,-157850.0,,0,0,0,0,0,1,1,0,ADV_IND,34,37,8,-1,0,-1,-1,3082,31,7,unknown
2504.1270000000004,E8:4F:A7:02:E2:84,84e202a74fe80201060d16edfe020015197eee71bd54220303edfe,-15550.0,89277.0,-80034.0,88032.0,-72145.0,,0,0,0,0,0,1,1,0,ADV_IND,27,37,6,-1,0,-1,-1,2585,32,8,unknown
2504.8729999999996,4D:60:91:A4:46:6B,6b46a491604d0201021816aafe40c00d908326e0b3f70229ff7d66fb89af6a323f8c,-27820.0,116149.0,-120343.0,74282.0,-162950.0,,0,0,0,0,0,1,1,0,ADV_IND,34,37,2,-1,0,-1,-1,3238,32,7,unknown
2507.0420000000013,08:37:AF:02:C0:7C,7cc002af37081aff4c001219a07916015817794e7d3425efd45ece67aeeed13e7c9ddf0392,-9194.0,74556.0,-83155.0,75485.0,-92390.0,,0,0,0,0,0,0,1,2,ADV_NONCONN_IND,37,37,9,-1,0,-1,-1,2229,29,8,unknown
2508.178,E8:4F:A7:02:E2:84,84e202a74fe80201060d16edfe020015197eee71bd54220303edfe,15115.0,117357.0,-112209.0,107835.0,-122628.0,,0,0,0,0,0,1,1,0,ADV_IND,27,37,4,-1,0,-1,-1,5129,32,7,unknown
2509.0959999999977,4D:60:91:A4:46:6B,6b46a491604d0201021816aafe40c00d908326e0b3f70229ff7d66fb89af6a323f8c,-51620.0,93691.0,-102966.0,69741.0,-155332.0,,0,0,0,0,0,1,1,0,ADV_IND,34,37,6,-1,0,-1,-1,3721,32,8,unknown
2509.506999999998,FA:39:A7:23:35:2B,2b3523a739fa1eff4c00121900016a12513d7b1fb024a4f3aac3f4fe5bb780f39d4dff12cc,-14825.0,73048.0,-96148.0,86054.0,-85440.0,,0,0,0,0,0,0,1,0,ADV_IND,37,37,2,-1,0,-1,-1,6495,32,8,unknown
2511.2790000000023,4D:60:91:A4:46:6B,6b46a491604d0201021816aafe00c00d908326e0b3b7422bffdd94fa038f783ba280,-23042.0,78568.0,-116837.0,68398.0,-134398.0,,0,0,0,0,0,0,1,0,ADV_IND,34,37,7,-1,0,-1,-1,7141,32,7,unknown
2516.4479999999967,E8:4F:A7:02:E2:84,84e202a74fe80201060d16edfe020015197eee71bd54220303edfe,25635.0,84385.0,-54031.0,81430.0,-116600.0,,0,0,0,0,0,1,1,0,ADV_IND,27,37,15,-1,0,-1,-1,2020,32,8,unknown
2517.235999999997,4D:60:91:A4:46:6B,6b46a491604d0201021816aafe40c00d908326e0b3f70229ff7d66fb89af6a323f8c,-9489.0,81978.0,-111711.0,61061.0,-154166.0,,0,0,0,0,0,0,1,0,ADV_IND,34,37,15,-1,0,-1,-1,7946,32,8,unknown
2517.4950000000026,FA:39:A7:23:B5:2B,2bb523a739fa1eff4c00121920016a12513d7b1fb0240767acc3f6f7dbb5047bc54fff42d6,471.0,57484.0,-93343.0,82107.0,-103295.0,,0,0,0,0,0,0,1,0,ADV_IND,37,37,14,-1,0,-1,-1,5276,32,8,unknown
2518.8269999999975,4F:60:91:A4:46:6B,6b46a491604f0201021816aafe40c00d908326e0b3f70229ff5d66fb89af6a323f8c,-27498.0,78096.0,-102350.0,70763.0,-158737.0,,0,0,0,0,0,0,1,0,ADV_IND,34,37,11,-1,0,-1,-1,4479,32,8,unknown
2519.0959999999977,E8:4F:A7:02:E2:84,84e202a74fe80201060d16edfe020015197eee71bd54220303edfe,-3637.0,91364.0,-70965.0,95705.0,-106053.0,,0,0,0,0,0,1,1,0,ADV_IND,27,37,5,-1,0,-1,-1,5350,32,8,unknown
2520.4449999999997,4D:60:91:A4:46:6B,6b46a491604d0201021816aafe40c00d908326e0b3f70269ff5d76fa8baf6a333f8c,0.0,81508.0,-110728.0,51593.0,-133235.0,,0,0,0,0,0,0,1,0,ADV_IND,34,37,5,-1,0,-1,-1,5194,31,7,unknown
2521.777000000002,4D:60:91:A4:46:6B,6b46a491604d0201021816aafe00c00d908326e0b3f70229ff7d66fb89af7a323f8c,-27735.0,84175.0,-93843.0,75402.0,-138946.0,,0,0,0,0,0,0,1,0,ADV_IND,34,37,8,-1,0,-1,-1,977,32,7,unknown
2522.3269999999975,E8:4F:A7:02:E2:84,84e202a74fe80201060d16edfe020015197eee71bd54220303edfe,247.0,72790.0,-82813.0,115177.0,-83506.0,,0,0,0,0,0,1,1,0,ADV_IND,27,37,4,-1,0,-1,-1,2921,32,8,unknown
2523.398000000001,4D:60:91:A4:46:6B,6b46a491604d0201021816aafe40c00d908326e0b3f70229ff7d66fb81af6a3b2a8c,-10066.0,73125.0,-99043.0,66642.0,-158422.0,,0,0,0,0,0,0,1,0,ADV_IND,34,37,12,-1,0,-1,-1,4550,32,8,unknown
2525.336000000003,E8:4F:A7:02:E2:84,84e202a74fe80201060d16edfe020015197eee71bd54220303edfe,0.0,88931.0,-82068.0,91844.0,-98042.0,,0,0,0,0,0,1,1,0,ADV_IND,27,37,3,-1,0,-1,-1,8032,32,8,unknown
2526.402000000002,4D:60:91:A4:46:6B,6b46a491604d0201021816aafe00c00d908366e0b3f74229ffdd26fb898f4e132a8c,-20132.0,81679.0,-112934.0,78194.0,-139810.0,,0,0,0,0,0,0,1,0,ADV_IND,34,37,2,-1,0,-1,-1,2505,32,8,unknown
2527.9979999999996,4D:60:98:A4:46:6B,6b46a498604d0201021816aafe40c00d908326e0b3f70229ff7d66fb89af6a333f8c,-29791.0,99965.0,-112854.0,74499.0,-162339.0,,0,0,0,0,0,0,1,0,ADV_IND,34,37,7,-1,0,-1,-1,4694,32,7,unknown
2528.269999999997,E8:4F:A7:02:E2:84,84e202a74fe80201060d16edfe020015197eee71bd54220303edfe,-9410.0,95868.0,-82767.0,105080.0,-96319.0,,0,0,0,0,0,1,1,0,ADV_IND,27,37,7,-1,0,-1,-1,3936,32,8,unknown
2529.5869999999995,4D:60:91:A4:46:6B,6b46a491604d0201021816aafe40c00d908326e0b3f70229ff7d66fb89af6a323f8c,-26704.0,98477.0,-101010.0,48238.0,-165557.0,,0,0,0,0,0,1,1,0,ADV_IND,34,37,4,-1,0,-1,-1,5635,30,7,unknown
2531.2850000000035,4D:60:91:A4:46:6B,6b46a491604d0201021816aafe40c10d908326e0b3f70229ff7db6fa83af6a3b2a84,-4072.0,66394.0,-114303.0,56603.0,-138907.0,,0,0,0,0,0,0,1,0,ADV_IND,34,37,14,-1,0,-1,-1,5945,32,8,unknown
2531.2850000000035,E8:4F:A7:02:E2:84,84e202a74fe80201060d16edfe020015197eee71bd54220303edfe,13389.0,108643.0,-76054.0,99845.0,-123083.0,,0,0,0,0,0,1,1,0,ADV_IND,27,37,4,-1,0,-1,-1,4623,32,8,unknown
2535.0469999999987,E8:4F:A7:02:E2:84,84e202a74fe80201060d16edfe020015197eee71bdd4220303edfc,-2783.0,85834.0,-70780.0,112972.0,-78207.0,,0,0,0,0,0,0,1,0,ADV_IND,27,37,0,-1,0,-1,-1,3136,32,7,unknown
2535.6820000000007,4D:60:91:A4:46:6B,6b46a491604d0201021816aafe40c00d908326e0b3f70229ff7d66fb89af6a323f8c,-20734.0,96652.0,-124911.0,79998.0,-166519.0,,0,0,0,0,0,1,1,0,ADV_IND,34,37,15,-1,0,-1,-1,6560,31,8,unknown
2537.497000000003,4D:60:91:A4:46:6B,6b46a491604d0201021816aafe40c00d9c8326e0b3f70229ff7d26fb898f6a32bb8c,-41982.0,78942.0,-115178.0,64500.0,-116074.0,,0,0,0,0,0,0,1,0,ADV_IND,34,37,3,-1,0,-1,-1,1072,32,7,unknown
2539.0579999999973,E8:4F:A7:02:E2:84,84e202a74fe80201060d16edfe020015197eee71bd54220303edfe,11994.0,81810.0,-79049.0,92073.0,-97693.0,,0,0,0,0,0,1,1,0,ADV_IND,27,37,14,-1,0,-1,-1,5104,32,8,unknown
2543.506999999998,4D:60:91:A4:46:6B,6b46a491604d0281021816aafe40c00d908326e0b3f7022bff5d64fb81af6a33ae8c,-40466.0,93689.0,-120003.0,73909.0,-132760.0,,0,0,0,0,0,0,1,0,ADV_IND,34,37,2,-1,0,-1,-1,2009,31,7,unknown
2549.504000000001,4D:60:91:A4:46:6B,6b46a491604d0201021816aafe40c00d908326e0b3f70229ff7d66fb89af6a323f8c,-9669.0,95781.0,-114044.0,54130.0,-166257.0,,0,0,0,0,0,1,1,0,ADV_IND,34,37,11,-1,0,-1,-1,5874,30,8,unknown
2550.3199999999997,E8:4F:A7:02:E2:84,84e202a74fe80201060d16edfe020015197eee71bd54220303edfe,9970.0,92046.0,-55304.0,84329.0,-116037.0,,0,0,0,0,0,1,1,0,ADV_IND,27,37,13,-1,0,-1,-1,6851,32,8,unknown
2550.5809999999983,4D:60:91:A4:46:6B,6b46a491604d0241021816aafe00c00d908326a0b3f74229ff7d66fb81af6a333e8c,-35723.0,83037.0,-102335.0,74752.0,-137966.0,,0,0,0,0,0,0,1,0,ADV_IND,34,37,14,-1,0,-1,-1,1637,32,8,unknown
2552.1569999999992,4D:60:91:A4:46:6B,6b46a491604d0201021816aafe40c00d908326e0b3f70229ff7d66fb89af6a323f8c,-10120.0,92787.0,-118170.0,67937.0,-165062.0,,0,0,0,0,0,1,1,0,ADV_IND,34,37,1,-1,0,-1,-1,6455,31,7,unknown
2552.953999999998,FC:4F:A7:02:E2:84,84e202a74ffc0201060d16edfe020015197eee71bd54220303edfe,-1242.0,88001.0,-83499.0,101605.0,-115679.0,,0,0,0,0,0,0,1,0,ADV_IND,27,37,7,-1,0,-1,-1,1648,32,8,unknown
2553.737000000001,4F:60:91:A4:46:6B,6b46a491604f0201021816aafe40c00d908326e0b3f702e9f7dd74ba0baf7a3bae84,-7314.0,74595.0,-110963.0,57592.0,-136600.0,,0,0,0,0,0,0,1,0,ADV_IND,34,37,1,-1,0,-1,-1,5260,32,8,unknown
2554.8199999999997,4D:60:91:A4:46:6B,6b46a491604d0201021816aafe40c00d908326e0b3f70229ff7d26fb89af6a323f8c,-28723.0,96198.0,-97169.0,67086.0,-139067.0,,0,0,0,0,0,0,1,0,ADV_IND,34,37,2,-1,0,-1,-1,2491,32,8,unknown
2555.6100000000006,E8:4F:A7:02:E2:84,84e202a74fe80201060d16edfe020015197eee71bd54220303edfe,19665.0,90094.0,-69364.0,108118.0,-121866.0,,0,0,0,0,0,1,1,0,ADV_IND,27,37,4,-1,0,-1,-1,5614,32,8,unknown
2556.154999999999,4D:60:91:A4:46:6B,6b46a491604d0241021816aafe40c00d908326e0b3f70629ffdd66fb89af6a454f11,-16228.0,76629.0,-107502.0,65304.0,-152803.0,,0,0,0,0,0,0,1,0,ADV_IND,34,37,8,-1,0,-1,-1,4236,32,8,unknown
2557.546000000002,4D:60:91:A4:46:6B,6b46a491604d0201021816aafe40c00d908326e0b3f70229ff7d66fb89af6a323f8c,-28203.0,79525.0,-92650.0,59790.0,-154082.0,,0,0,0,0,0,0,1,0,ADV_IND,34,37,12,-1,0,-1,-1,5634,32,8,unknown
2558.7779999999984,C8:4F:A7:02:E2:84,84e202a74fc80201060d16edfe020015596eee71bd54220303edfe,10359.0,100491.0,-78540.0,92782.0,-114836.0,,0,0,0,0,0,0,1,2,ADV_NONCONN_IND,27,37,14,-1,0,-1,-1,6571,30,8,unknown
2559.521999999997,4D:60:99:A4:46:6B,6b46a499604d0201021816aafe40c00d908326e0b3f74229f77d66fb8baf6a333b8c,-6230.0,70276.0,-103645.0,47688.0,-143940.0,,0,0,0,0,0,0,1,0,ADV_IND,34,37,7,-1,0,-1,-1,4659,31,8,unknown
2561.75,4D:60:91:A4:46:6B,6b46a491604d0201361816aafe40c00dd48326a0b3b70229ffdf76fb0b8f6a3bae8c,-16029.0,66236.0,-106403.0,54766.0,-132719.0,,0,0,0,0,0,0,1,0,ADV_IND,34,37,12,-1,0,-1,-1,6852,32,8,unknown
2563.8510000000024,4D:60:91:A4:46:6B,6b46a491604d0201021816aafe40c00d908326e0b3f70229ff5d66fb89af6a323f8c,-15569.0,71007.0,-96401.0,54273.0,-150819.0,,0,0,0,0,0,0,1,0,ADV_IND,34,37,3,-1,0,-1,-1,7613,32,7,unknown
2566.728000000003,E8:4F:A7:02:E2:84,84e202a74fe80201060d16edfe020015197eee71bd54220303edfe,7603.0,84167.0,-73360.0,95184.0,-108089.0,,0,0,0,0,0,1,1,0,ADV_IND,27,37,14,-1,0,-1,-1,2198,32,8,unknown
2567.756999999998,4D:60:91:A4:46:6B,6b46a491604d0201021816aafe40c00d908322a8f3f74661f7d934db838e4e122a9e,1973.0,66337.0,-110189.0,60878.0,-155877.0,,0,0,0,0,0,0,1,0,ADV_IND,34,37,7,-1,0,-1,-1,7291,32,8,unknown
2570.0380000000005,4D:60:91:A4:46:6B,6b46a491604d0201021816aafe40c00dd0a726a4b2b7426bffdf34fa018f783baa8c,-32848.0,84240.0,-106420.0,62431.0,-149623.0,,0,0,0,0,0,0,1,0,ADV_IND,34,37,3,-1,0,-1,-1,3955,32,8,unknown
2570.451000000001,E8:4F:A7:02:E2:84,84e202a74fe80201060d16edfe020015197eee71bd54220303edfe,-4394.0,90658.0,-72233.0,85338.0,-91715.0,,0,0,0,0,0,1,1,0,ADV_IND,27,37,15,-1,0,-1,-1,1578,32,8,unknown
2571.6699999999983,4D:60:91:A4:46:6B,6b46a491604d0201021816aafe40c00d908326e0b3f70229ff7d66fb89af6a323f8c,-5073.0,84559.0,-114291.0,53072.0,-157931.0,,0,0,0,0,0,1,1,0,ADV_IND,34,37,1,-1,0,-1,-1,2873,32,8,unknown
2574.0650000000023,4D:60:91:A4:46:6B,6b46a491604d0201021816aafe40c00d908326e0b3f70229f77d64fb81af6a72a284,-20702.0,76383.0,-93321.0,62342.0,-152699.0,,0,0,0,0,0,0,1,0,ADV_IND,34,37,11,-1,0,-1,-1,3724,32,8,unknown
2579.989999999998,4D:60:91:A4:46:6B,6b46a491604d0201021816aafe40c00d908326e0b3f70229ff7d66fb89af6a323f8c,-5544.0,95443.0,-117270.0,68137.0,-174707.0,,0,0,0,0,0,1,1,0,ADV_IND,34,37,4,-1,0,-1,-1,5891,32,8,unknown
2581.059000000001,4D:60:91:A4:46:6B,6b46a491604d0201021816aafe40c00d908326e0b3f74661f7d9b4db828e4e172a9e,-32519.0,74019.0,-113940.0,69013.0,-132173.0,,0,0,0,0,0,0,1,0,ADV_IND,34,37,13,-1,0,-1,-1,1126,32,7,unknown
2582.6359999999986,4D:60:91:A4:46:6B,6b46a491604d0201021816aafe40c00d908326e0b3f70229ff7d66fb89af6a323f8c,-11063.0,81666.0,-108273.0,45334.0,-152611.0,,0,0,0,0,0,1,1,0,ADV_IND,34,37,8,-1,0,-1,-1,1284,32,8,unknown
2583.9689999999973,4D:60:91:A4:46:6B,6b46a491604d0201021816aafe40c00d908326e0b3f70229ff7d66fb89af6a323f8c,-30105.0,72262.0,-106164.0,81426.0,-148305.0,,0,0,0,0,0,1,1,0,ADV_IND,34,37,14,-1,0,-1,-1,7805,32,8,unknown
2583.9689999999973,E8:4F:A7:02:E2:84,84e202a74fe80201060d16edfe020015197eee71bd54220303cdff,2264.0,89751.0,-71254.0,80528.0,-108848.0,,0,0,0,0,0,0,1,0,ADV_IND,27,37,8,-1,0,-1,-1,2737,32,8,unknown
2585.0120000000024,4D:60:91:A4:46:6B,6b46a491604d0201021816aafe40c00d908326e0b3f70229ff7d66fb89af6a323f8c,-21167.0,86668.0,-114149.0,49342.0,-157111.0,,0,0,0,0,0,1,1,0,ADV_IND,34,37,1,-1,0,-1,-1,3538,28,7,unknown
2586.033000000003,4F:60:91:E4:46:6B,6b46e491604f0201021816aafe40c00d908326e0b3f70229ff7d66fb89af6a323f8c,-13372.0,81446.0,-106623.0,68564.0,-175565.0,,0,0,0,0,0,0,1,0,ADV_IND,34,37,7,-1,0,-1,-1,3992,30,8,unknown
2588.4029999999984,4D:60:91:A4:46:6B,6b46a491604d0201021816aafe40c00d908326e0b3f70229ff7d66fb89af6a323f8c,-18278.0,94250.0,-106354.0,55450.0,-144088.0,,0,0,0,0,0,1,1,0,ADV_IND,34,37,2,-1,0,-1,-1,6879,32,8,unknown
2589.675000000003,C8:4F:A7:02:E2:84,84e202a74fc80201060c16edfe020015596fee71bd54220f03edfe,13697.0,108020.0,-65654.0,83258.0,-103212.0,,0,0,0,0,0,0,1,0,ADV_IND,27,37,12,-1,0,-1,-1,6796,32,8,unknown
2590.209999999999,4D:68:91:A4:46:6A,6a46a491684d0201021816aafe00c00d94036ea4b2a74a6bf7df34ba038f783baa84,3925.0,72811.0,-124205.0,71057.0,-138447.0,,0,0,0,0,0,0,1,0,ADV_IND,34,37,6,-1,0,-1,-1,4651,32,8,unknown
2592.512999999999,4D:60:91:A4:46:6B,6b46a491604d0201021816aafe40c00d908326e0b3f70229ff7d66fb89af6a323f8c,-3523.0,92449.0,-115015.0,53642.0,-150608.0,,0,0,0,0,0,1,1,0,ADV_IND,34,37,2,-1,0,-1,-1,6307,30,8,unknown
2594.381000000001,4F:68:91:A4:46:2A,2a46a491684f0201021816aafe10c10d10ab62e0f3e74629f7dd66fb818f6a123e8c,-6597.0,94437.0,-111165.0,75016.0,-164288.0,,0,0,0,0,0,0,1,0,ADV_IND,34,37,2,-1,0,-1,-1,4592,32,7,unknown
2596.686999999998,4F:68:91:A4:46:6B,6b46a491684f0241021816aafe40c00c902326e0b2f7422bff7d34fa898f783baa84,-34188.0,74296.0,-101836.0,58815.0,-151871.0,,0,0,0,0,0,0,1,0,ADV_IND,34,37,4,-1,0,-1,-1,1062,32,8,unknown
2598.341999999997,4D:60:91:A4:46:6B,6b46a491604d0201021816aafe40c00d908326e0b3f70229ff7d66fb89af6a323f8c,-19725.0,86759.0,-108522.0,78864.0,-159977.0,,0,0,0,0,0,1,1,0,ADV_IND,34,37,8,-1,0,-1,-1,3753,32,8,unknown
2600.504000000001,4D:60:91:A4:46:6B,6b46a491604d0201021816aafe40c00d908326e0b3f70229ff7d66fb89af6a323f8c,6328.0,74090.0,-102146.0,80166.0,-171221.0,,0,0,0,0,0,1,1,0,ADV_IND,34,37,9,-1,0,-1,-1,6564,32,8,unknown
2602.633999999998,4D:60:91:A4:46:6B,6b46a491604d0201021816aafe40c00d908326e0b3f70229ff7d66fb89af7a323e8c,-13084.0,91414.0,-112071.0,73420.0,-134993.0,,0,0,0,0,0,0,1,0,ADV_IND,34,37,0,-1,0,-1,-1,6469,32,8,unknown
2607.1730000000025,4D:60:91:A4:46:6B,6b46a491604d0201021816aafe40c00d908326e0b3f70229ff7d66fb89af6a323f8c,-31323.0,97048.0,-105767.0,76721.0,-167667.0,,0,0,0,0,0,1,1,0,ADV_IND,34,37,15,-1,0,-1,-1,2405,32,8,unknown
2613.1600000000035,4D:60:91:A4:46:6B,6b46a491604d0201021816aafe40c00d908326e0b3f70229ff7d66fb89af6a323f8c,-10578.0,76118.0,-123074.0,76129.0,-151796.0,,0,0,0,0,0,1,1,0,ADV_IND,34,37,2,-1,0,-1,-1,6851,32,7,unknown
2614.474000000002,4D:60:91:A6:4E:6B,6b4ea691604d0201021816aafe40c10d908326e0b3f70229ff7d66fb89af6a322a8c,-17875.0,96656.0,-111514.0,46309.0,-122352.0,,0,0,0,0,0,0,1,0,ADV_IND,34,37,15,-1,0,-1,-1,7340,32,8,unknown
2616.7949999999983,4D:60:91:A4:46:6B,6b46a491604d0201021816aafe40c00d908326e0b3f70229ff7d66fb89af6a323f8c,-39038.0,78200.0,-111458.0,70797.0,-152867.0,,0,0,0,0,0,1,1,0,ADV_IND,34,37,0,-1,0,-1,-1,3663,32,8,unknown
2618.101999999999,4D:60:D1:A4:46:6B,6b46a4d1604d0201261816aafe40c00d908326e0f3e70269ff5d74fb898f6a323e9c,-25147.0,101679.0,-113617.0,77406.0,-173070.0,,0,0,0,0,0,0,1,2,ADV_NONCONN_IND,34,37,7,-1,0,-1,-1,3505,31,7,unknown
2619.4219999999987,4D:60:91:A4:46:6B,6b46a491604d0201021816aafe00c00d908326e0b3f702fbffdf34fa038f7a3baa8c,8670.0,93025.0,-103932.0,48402.0,-133480.0,,0,0,0,0,0,0,1,0,ADV_IND,34,37,3,-1,0,-1,-1,7059,32,8,unknown
2621.6270000000004,4D:60:91:A4:46:6B,6b46a491604d0201021816aafe40c00d908326e0b3f70229ff7d66fb89af6a323f8c,-17831.0,92095.0,-120264.0,59040.0,-167104.0,,0,0,0,0,0,1,1,0,ADV_IND,34,37,6,-1,0,-1,-1,6221,28,8,unknown
2623.332000000002,4D:60:91:A4:46:6B,6b46a491604d0201021816aafe40c00d908326e0b3f70229ff7d66fb89af6a323f8c,-44330.0,90980.0,-105895.0,67810.0,-141339.0,,0,0,0,0,0,1,1,0,ADV_IND,34,37,7,-1,0,-1,-1,4768,32,8,unknown
2624.9329999999973,C8:4F:A7:02:E2:84,84e202a74fc80201060d16edfe020115196eee51bd44220303edfe,12684.0,91617.0,-71280.0,98787.0,-102399.0,,0,0,0,0,0,0,1,0,ADV_IND,27,37,3,-1,0,-1,-1,7742,31,8,unknown
2625.675000000003,4D:60:91:A4:46:6B,6b46a491604d0201021816aafe40c00d908326e0b3f74229ff5d26fb89af6a333f8c,-12135.0,75298.0,-102196.0,43333.0,-149187.0,,0,0,0,0,0,0,1,0,ADV_IND,34,37,6,-1,0,-1,-1,7288,32,8,unknown
2627.745999999999,4D:60:91:A4:46:6B,6b46a491604d0201021816aafe40c80d908326a0b3f702e9f7dd34fa038f683baa84,-13875.0,67491.0,-111840.0,57825.0,-142696.0,,0,0,0,0,0,0,1,0,ADV_IND,34,37,0,-1,0,-1,-1,1453,32,7,unknown
2629.612000000001,4D:60:91:A4:46:6B,6b46a491604d0201021816aafe40c00d908326e0b3f70229ff7d66fb89af6a323f8c,0.0,77593.0,-119182.0,58386.0,-153791.0,,0,0,0,0,0,1,1,0,ADV_IND,34,37,4,-1,0,-1,-1,1428,32,8,unknown
2631.832000000002,4D:60:91:A4:46:6B,6b46a491604d0201021816aafe40c00d908326e0b3f70229ff7d66fb89af6a323f8c,-35526.0,96056.0,-116006.0,65720.0,-156312.0,,0,0,0,0,0,1,1,0,ADV_IND,34,37,10,-1,0,-1,-1,6715,32,8,unknown
2633.8179999999993,4D:60:91:A4:46:6B,6b46a491604d0201021816aafe00c00d94732624b2a7426bf7df34fa138f783baa84,-37315.0,77759.0,-118395.0,66535.0,-146841.0,,0,0,0,0,0,0,1,0,ADV_IND,34,37,7,-1,0,-1,-1,4710,32,8,unknown
2635.633999999998,4D:60:91:A4:46:6B,6b46a491604d0201021816aafe40c00d908326e0b3f70229ff7d66fb89af6a323f8c,-13265.0,82482.0,-115299.0,47256.0,-144735.0,,0,0,0,0,0,1,1,0,ADV_IND,34,37,1,-1,0,-1,-1,1568,32,8,unknown
2639.783000000003,4D:60:91:A4:46:6B,6b46a491604d0201021816aafe40c00d908366e0b3f7426bf7df34fb038f783baaa0,-20023.0,76904.0,-115778.0,48274.0,-136952.0,,0,0,0,0,0,0,1,0,ADV_IND,34,37,2,-1,0,-1,-1,2927,32,8,unknown
2645.7220000000016,4D:60:91:A4:46:6B,6b46a491604d0201021816aafe40c00d948326e0b3f7422bffdd26fb89af6a322e8c,-19872.0,80045.0,-113423.0,51638.0,-128875.0,,0,0,0,0,0,0,1,0,ADV_IND,34,37,13,-1,0,-1,-1,3071,32,8,unknown
2647.059000000001,4D:60:91:A4:46:6B,6b46a491604d0201021816aafe40c00d908326e0b3f70229ff5d66fb89af6a323f8c,-13090.0,71337.0,-105754.0,59161.0,-142629.0,,0,0,0,0,0,0,1,0,ADV_IND,34,37,10,-1,0,-1,-1,1234,32,8,unknown
2647.5800000000017,E8:4F:A7:02:E2:84,84e202a74fe80201060d16edfe022015596eee727dd6660307edf6,29147.0,94573.0,-89969.0,96053.0,-110640.0,,0,0,0,0,0,0,1,0,ADV_IND,27,37,2,-1,0,-1,-1,5511,31,8,unknown
2648.3830000000016,4D:60:91:A4:46:6B,6b46a491604d0201021816aafe40c00d908326e0b3f70229ff7d66fb89af6a323f8c,-29221.0,107779.0,-107858.0,85842.0,-168604.0,,0,0,0,0,0,1,1,0,ADV_IND,34,37,6,-1,0,-1,-1,2879,32,8,unknown
2649.7119999999995,4D:60:91:A4:46:6B,6b46a491604d0201021816aafe40c00d908326e0b3f70229ff7d66fb89af6a323f8c,0.0,74936.0,-113213.0,69767.0,-174427.0,,0,0,0,0,0,1,1,0,ADV_IND,34,37,4,-1,0,-1,-1,4042,32,8,unknown
2651.2790000000023,4D:60:91:A4:46:6B,6b46a491604d0201021816aafe40c00d908326e0b3f70229ff7d66fb89af6a323f8c,-17002.0,73787.0,-112420.0,71312.0,-139527.0,,0,0,0,0,0,1,1,0,ADV_IND,34,37,7,-1,0,-1,-1,3997,32,8,unknown
2652.5970000000016,4D:60:91:A4:46:6B,6b46a491604d0201021816aafe40c00d908326e0b3f70229ff7d66fb89af6a323f8c,-21216.0,85750.0,-111096.0,49220.0,-141141.0,,0,0,0,0,0,1,1,0,ADV_IND,34,37,7,-1,0,-1,-1,3463,32,8,unknown
2656.1460000000006,4D:60:91:A4:46:6B,6b46a491604d0201021816aafe10c00d14ab2228f3e74661f7d934db838e4e132a9e,-9920.0,82273.0,-116744.0,68635.0,-146866.0,,0,0,0,0,0,0,1,0,ADV_IND,34,37,4,-1,0,-1,-1,6225,32,7,unknown
2656.1460000000006,E8:4F:A7:02:E2:84,84e202a74fe80201060d16edfe020015493eee713d54220303edfe,39984.0,88163.0,-92657.0,107748.0,-86165.0,,0,0,0,0,0,0,1,0,ADV_IND,27,37,6,-1,0,-1,-1,3575,30,7,unknown
2661.9300000000003,D5:B9:28:5D:F2:B6,b6f25d28b9d51aff4c001219001bb5e6648502b65c868399f7673a5b68f68d1384,-29857.0,80110.0,-89646.0,68293.0,-133388.0,,0,0,0,0,0,0,1,2,ADV_NONCONN_IND,33,37,4,-1,0,-1,-1,3027,32,7,unknown
2662.237000000001,CD:4C:D8:D3:01:1E,1e01d3d84ccd1eff4c00121939baa222aa6e83bcbc0814f7835434e484798c14aa604b57f4,5669.0,87725.0,-116654.0,66487.0,-103793.0,,0,0,0,0,0,0,1,0,ADV_IND,37,37,6,-1,0,-1,-1,7845,32,8,unknown
2662.709999999999,CD:4C:D8:D3:01:1E,1e01d3d84ccd1eff4c00121939baa222aaee078c7c2004bf475c36e4947d9c14ab640d56e6,16659.0,96232.0,-121767.0,57328.0,-104171.0,,0,0,0,0,0,0,1,0,ADV_IND,37,37,15,-1,0,-1,-1,1334,32,8,unknown
2662.709999999999,CD:4C:D8:D3:01:1E,1e01d3d84ccd1eff4c00121939baa2a2aae487fcbe0896d38254a1a0ac798d54a3604b03b4,-7460.0,104290.0,-89638.0,72989.0,-125569.0,,0,0,0,0,0,1,1,0,ADV_IND,37,37,6,-1,0,-1,-1,5603,31,8,unknown
2662.709999999999,CD:4C:D8:D3:01:1E,1e01d3d84ccd1eff4c00121939baa2a2aae487fcbe0896d38254a1a0ac798d54a3604b03b4,-19725.0,115990.0,-92607.0,92765.0,-141230.0,,0,0,0,0,0,1,1,0,ADV_IND,37,37,5,-1,0,-1,-1,2857,32,8,unknown
2662.709999999999,CD:4C:D8:D3:01:1E,1e01d3d84ccd1eff4c00121939baa2a2aae487fcbe0896d38254a1a0ac798d54a3604b03b4,-16372.0,82243.0,-83002.0,68883.0,-105415.0,,0,0,0,0,0,1,1,0,ADV_IND,37,37,6,-1,0,-1,-1,4246,32,8,unknown
2662.709999999999,CD:5C:D8:D3:01:1E,1e01d3d85ccd1eff4c00121939baa2a2aae487fcbe0896d38254a1a44d79dd14aa704b42e6,-2831.0,84506.0,-99301.0,62724.0,-74438.0,,0,0,0,0,0,0,1,0,ADV_IND,37,37,14,-1,0,-1,-1,6910,32,8,unknown
2662.709999999999,CF:4C:D8:D3:01:1E,1e01d3d84ccf1aff4c00121939baa2a2aae487fcbe0896d31655b1a4ac698d54ab704b47e6,-5826.0,86591.0,-84567.0,58412.0,-82437.0,,0,0,0,0,0,0,1,0,ADV_IND,37,37,7,-1,0,-1,-1,2151,32,8,unknown
2662.709999999999,CD:4C:D8:D3:01:1E,1e01d3d84ccd1eff4c00121939baa2a2aae487fcbe0886d782542184ad798d14a3604b17f4,10330.0,62904.0,-90215.0,83812.0,-77740.0,,0,0,0,0,0,0,1,0,ADV_IND,37,37,1,-1,0,-1,-1,7015,32,7,unknown
2662.709999999999,CD:4C:D8:D3:01:1E,1e01d3d84ccd1eff4c00121939b8a2a2aae487ecbe0896d78254b1a08c799d54a3604b07b4,2201.0,77560.0,-70746.0,69434.0,-111321.0,,0,0,0,0,0,0,1,0,ADV_IND,37,37,9,-1,0,-1,-1,1267,32,8,unknown
2662.709999999999,CD:4C:D8:D3:01:1E,1e01d3d84ccd1eff4c00121939baa2a2aaec87fcbe08e6d692543184ac61dd54ab694bd6a6,5795.0,70986.0,-100461.0,72769.0,-88101.0,,0,0,0,0,0,0,1,0,ADV_IND,37,37,8,-1,0,-1,-1,2331,32,7,unknown
2662.709999999999,CD:4C:D8:D3:01:1E,1e01d3d84ccd1eff4c00121939baa2a2aae487fcbe0896d38254a1a0ac798d54a3604b03b4,-4681.0,71780.0,-76933.0,67578.0,-120994.0,,0,0,0,0,0,1,1,0,ADV_IND,37,37,13,-1,0,-1,-1,4477,32,8,unknown
2662.709999999999,CD:4C:D8:D3:01:1E,1e01d3d84ccd1eff4c00121939baa2a2aae487fcbe08960f86543184ac798d14aa604317e4,-9583.0,86847.0,-79915.0,64583.0,-93547.0,,0,0,0,0,0,0,1,0,ADV_IND,37,37,8,-1,0,-1,-1,3413,32,8,unknown
2662.9890000000014,CD:4C:D8:D2:01:1E,1e01d2d84ccd1eff4c00121939baa2a2aaec87fcbe2896d39254b1a4ac798d14a3604b03e6,-3084.0,82064.0,-86814.0,69321.0,-76685.0,,0,0,0,0,0,0,1,0,ADV_IND,37,37,12,-1,0,-1,-1,2482,32,8,unknown
2662.9890000000014,CD:4C:D8:D3:01:1E,1e01d3d84ccd1eff4c00121939baa2a2aae487fcbe0896d38254a1a0ac799d54a3604b03b6,-6865.0,88295.0,-87432.0,57729.0,-108793.0,,0,0,0,0,0,0,1,0,ADV_IND,37,37,2,-1,0,-1,-1,1620,32,8,unknown
2662.9890000000014,CD:4C:D8:D3:01:1E,1e01d3d84ccd1eff4c00121939baa2a2aae487fcbe0896d38254a1a0ac798d54a3604b03b4,0.0,82298.0,-74700.0,74876.0,-119043.0,,0,0,0,0,0,1,1,0,ADV_IND,37,37,14,-1,0,-1,-1,5078,32,8,unknown
2662.9890000000014,CD:4C:D8:D3:01:1E,1e01d3d84ccd1eff4c00121939baa2a2aae487fcbe0896d38254a1a0ac798d54a3604b03b4,0.0,87610.0,-94122.0,95133.0,-146652.0,,0,0,0,0,0,1,1,0,ADV_IND,37,37,11,-1,0,-1,-1,1488,31,7,unknown
2662.9890000000014,CD:4C:D8:D3:01:1E,1e01d3d84ccd1eff4c00121939baa2a2aae487fcbe0896d38254b1a0ac799d54a3604b03b6,-1975.0,81127.0,-92281.0,51090.0,-69232.0,,0,0,0,0,0,0,1,0,ADV_IND,37,37,12,-1,0,-1,-1,1046,32,7,unknown
2662.9890000000014,CD:4C:D8:D3:01:1E,1e01d3d84ccd1eff4c00121939baa2a2aae487fcbe08e2ce8654b5a0ac79cd54a2604b13f4,-4914.0,79446.0,-91528.0,76408.0,-82899.0,,0,0,0,0,0,0,1,0,ADV_IND,37,37,14,-1,0,-1,-1,7282,32,8,unknown
2662.9890000000014,CF:4C:D8:D3:01:1E,1e01d3d84ccf1eff4c001219393aa2a2aae487fcbe2896d38254b5a0ac798d54a3604b43b4,-14824.0,87729.0,-87946.0,78735.0,-88974.0,,0,0,0,0,0,0,1,0,ADV_IND,37,37,15,-1,0,-1,-1,7250,31,8,unknown
2663.296000000002,CF:5C:D8:D2:41:1E,1e41d2d85ccf1eff4c00121939baa2a2aae487ecbe0896d38254a1a0ac798d54a3604b03b4,-4247.0,91746.0,-89672.0,76420.0,-116713.0,,0,0,0,0,0,0,1,2,ADV_NONCONN_IND,37,37,11,-1,0,-1,-1,7492,29,7,unknown
2663.296000000002,CD:4C:D8:D3:01:1E,1e01d3d84ccd1eff4c00121939baa2a6aaa487fcbe0896d782d429a0ac798d54a2704b03f4,-21379.0,84713.0,-73919.0,81319.0,-100049.0,,0,0,0,0,0,0,1,0,ADV_IND,37,37,0,-1,0,-1,-1,1209,32,8,unknown
2663.296000000002,CD:4C:D8:D3:01:1E,1e01d3d84ccd1aff4c001219399aa2a2aab8a4acac29871794d531845d69dd14ab714356e6,6647.0,87888.0,-107238.0,51715.0,-100658.0,,0,0,0,0,0,0,1,0,ADV_IND,37,37,14,-1,0,-1,-1,7381,32,7,unknown
2663.296000000002,CD:4C:D8:D3:01:1E,1e01d3d84ccd1eff4c00121939baa2a6aae487bcbe0896d78254a5a01c799d54a3604b42f6,-6623.0,89514.0,-79724.0,73750.0,-122925.0,,0,0,0,0,0,0,1,0,ADV_IND,37,37,3,-1,0,-1,-1,5930,32,8,unknown
2663.296000000002,CD:4C:D8:D3:01:1E,1e01d3d84ccd1eff4c001219399aa2a2a8e4adad2c29c78714d515845d69df14aa7943d4e6,9339.0,91161.0,-107864.0,62404.0,-94977.0,,0,0,0,0,0,0,1,2,ADV_NONCONN_IND,37,37,5,-1,0,-1,-1,4649,32,8,unknown
2663.296000000002,CD:48:D8:D3:01:1E,1e01d3d848cd1eff4c00121939baa2a6aaa487fcbe0896d78254b1a01d69dd14aa714354e6,4559.0,64712.0,-95723.0,73013.0,-87318.0,,0,0,0,0,0,0,1,2,ADV_NONCONN_IND,37,37,15,-1,0,-1,-1,6857,32,8,unknown
2663.296000000002,CD:4C:D8:D3:01:1E,1e01d3d84ccd1eff4c00121939baa2a2aae487fcbe0896d38254a1a0ac798d54a3604b03b4,-6084.0,91168.0,-81626.0,84203.0,-133635.0,,0,0,0,0,0,1,1,0,ADV_IND,37,37,7,-1,0,-1,-1,5419,32,8,unknown
2663.8830000000016,CD:4C:D8:D3:01:1E,1e01d3d84ccd1eff4c00121939baa2a2aae887ecbe0896d38254a1a0ac798d14a3604b42a6,-18924.0,79553.0,-92552.0,70211.0,-85312.0,,0,0,0,0,0,0,1,0,ADV_IND,37,37,5,-1,0,-1,-1,4007,32,8,unknown
2663.8830000000016,CD:4C:D8:D3:01:0C,0c01d3d84ccd1eff4c00121939baa2a2aaeca7fcbc0886d382d4a5a02c798d14aa604b52a6,-2431.0,66332.0,-96710.0,52134.0,-79858.0,,0,0,0,0,0,0,1,0,ADV_IND,37,37,2,-1,0,-1,-1,6810,32,7,unknown
2663.8830000000016,CD:4C:D8:D3:01:1E,1e01d3d84ccd1eff4c00121939baa2a2aae487fcbe0896d38254a1a0ac798d54a3604b03b4,-7489.0,100158.0,-96256.0,89656.0,-139625.0,,0,0,0,0,0,1,1,0,ADV_IND,37,37,11,-1,0,-1,-1,3029,31,8,unknown
2663.8830000000016,CD:4C:D8:D3:01:1E,1e01d3d84ccd1eff4c00121939baa2a2aae487fcbe0896d38254a1a0ac798d54a3604b03b4,-12582.0,94822.0,-94528.0,79273.0,-123008.0,,0,0,0,0,0,1,1,0,ADV_IND,37,37,12,-1,0,-1,-1,4036,32,8,unknown
2663.8830000000016,CD:4C:D8:D3:01:1E,1e01d3d84ccd1eff4c00121939baa2a2aae487fcbe0896539654a1a0ac798d54a3604b07b4,-8944.0,96584.0,-78855.0,62637.0,-110310.0,,0,0,0,0,0,0,1,0,ADV_IND,37,37,5,-1,0,-1,-1,2373,32,7,unknown
2663.8830000000016,CD:4C:D8:D3:01:1E,1e01d3d84ccd1eff4c00121939baa2a2aae487fcbe0896d38254a1a0ac798d54a3604b03b4,-1778.0,70803.0,-79285.0,85001.0,-109592.0,,0,0,0,0,0,1,1,0,ADV_IND,37,37,0,-1,0,-1,-1,5219,31,7,unknown
2664.171000000002,4F:4C:D8:D3:01:1E,1e01d3d84c4f1aff4c00121939baa2a2aae487fcbc0896d38254a10c0d69fd14aa7143d6c6,0.0,77874.0,-91847.0,66979.0,-99891.0,,0,0,0,0,0,0,1,0,ADV_IND,37,37,3,-1,0,-1,-1,2021,32,8,unknown
2664.171000000002,CD:4C:D8:D3:01:1E,1e01d3d84ccd1eff4c00121939baa2a2aae487ecbe0896d782543184ac799d14a2604b17b4,-7905.0,76387.0,-83997.0,54789.0,-84972.0,,0,0,0,0,0,0,1,2,ADV_NONCONN_IND,37,37,9,-1,0,-1,-1,6123,32,7,unknown
2664.171000000002,CD:4C:D8:D3:01:1E,1e01d3d84ccd1eff4c00121939baa2a2aae487fcbe0886d38254a1a08c799d44aa600b56e6,-19352.0,76093.0,-90996.0,57171.0,-90545.0,,0,0,0,0,0,0,1,0,ADV_IND,37,37,8,-1,0,-1,-1,5946,32,8,unknown
2664.171000000002,CD:4C:D8:D3:01:1E,1e01d3d84ccd1eff4c00121939baa2a2aae487bcbe0896d38254a1a0ac798d54a3604b03b4,-12526.0,100478.0,-95043.0,47172.0,-97116.0,,0,0,0,0,0,0,1,0,ADV_IND,37,37,4,-1,0,-1,-1,3026,32,8,unknown
2664.171000000002,CD:4C:D8:D3:01:1E,1e01d3d84ccd1eff4c0012193b9ab0a2aaec87acbe0896d3c254b4a48c7d8d14aa604b52e6,17266.0,98725.0,-96910.0,60945.0,-112211.0,,0,0,0,0,0,0,1,0,ADV_IND,37,37,11,-1,0,-1,-1,4308,32,8,unknown
2664.171000000002,CD:4C:D8:D3:01:1E,1e01d3d84ccd1eff4c00121939baa2a2aae487fcbe0896d38254a1a0ac798d54a3604b03b4,-12943.0,82651.0,-78878.0,70819.0,-102434.0,,0,0,0,0,0,1,1,0,ADV_IND,37,37,10,-1,0,-1,-1,6730,32,8,unknown
2664.171000000002,CD:4C:D8:D2:01:1E,1e01d2d84ccd1eff4c001219399aa2a2aae487fcbe2896438654a1a0ac79cd54a3604713e4,-2197.0,77475.0,-93050.0,57369.0,-95217.0,,0,0,0,0,0,0,1,0,ADV_IND,37,37,11,-1,0,-1,-1,4363,32,7,unknown
2664.171000000002,CD:4C:D8:D3:01:1E,1e01d3d84ccd1eff4c00121939baa2a2aae487fcbe0896d38254a1a0ac798d54ab604b03b4,1351.0,80557.0,-91712.0,75832.0,-112513.0,,0,0,0,0,0,0,1,0,ADV_IND,37,37,4,-1,0,-1,-1,7752,32,8,unknown
2664.171000000002,CD:4C:D8:D3:01:1E,1e01d3d84ccd1eff4c00121939baa2a2aae487fcbe0896d38254a1a0ac798d54a3604b03b4,-10271.0,102324.0,-76890.0,66013.0,-128923.0,,0,0,0,0,0,1,1,0,ADV_IND,37,37,8,-1,0,-1,-1,3844,32,7,unknown
2664.612000000001,CD:4C:D8:D3:01:1E,1e01d3d84ccd1eff4c001219393aaabaa8aca5adac08c74696d531840d69dd14aa614347c6,11868.0,104286.0,-93104.0,59500.0,-92287.0,,0,0,0,0,0,0,1,0,ADV_IND,37,37,14,-1,0,-1,-1,2890,32,7,unknown
2664.612000000001,CD:4C:D8:D2:01:9E,9e01d2d84ccd1eff4c0012193998a222aae4a7acbe28c6c3825425a4ad798d54a3604b03b6,-11685.0,89243.0,-94114.0,61778.0,-79021.0,,0,0,0,0,0,0,1,0,ADV_IND,37,37,11,-1,0,-1,-1,8019,32,8,unknown
2664.612000000001,CD:4C:D8:D3:01:1E,1e01d3d84ccd1eff4c00121939baa2a2aae487fcbe0896d38254a1a0ac798d54a3604b03b4,-8180.0,101815.0,-109187.0,87125.0,-132917.0,,0,0,0,0,0,1,1,0,ADV_IND,37,37,14,-1,0,-1,-1,3059,32,7,unknown
2664.612000000001,CD:4C:D8:D3:01:1E,1e01d3d84ccd1eff4c00121939baa2a2aae487fcbe0896d38254a1a0ac798d54a3604b03b4,-12548.0,95829.0,-90689.0,67807.0,-134917.0,,0,0,0,0,0,1,1,0,ADV_IND,37,37,11,-1,0,-1,-1,3149,32,8,unknown
2664.612000000001,CD:4C:D8:D3:01:1E,1e01d3d84ccd1eff4c00121939baa2a2aae487fcbe0896c38254a1a0ac798d54a2604306b4,-19614.0,81913.0,-79554.0,68124.0,-92823.0,,0,0,0,0,0,0,1,0,ADV_IND,37,37,12,-1,0,-1,-1,3981,32,8,unknown
2664.612000000001,CD:4C:D8:D3:01:1E,1e01d3d84ccd1eff4c00121939baa2a2aae487fcbe0896d38254a1a0ac798d54a3604b03b4,-14280.0,83663.0,-77253.0,63959.0,-119568.0,,0,0,0,0,0,1,1,0,ADV_IND,37,37,3,-1,0,-1,-1,1342,32,7,unknown
2664.612000000001,CD:4C:D8:D3:01:1E,1e01d3d84ccd1eff4c0012193958aaa6aaa4a58cbe08c6c786d435840d79dd14aa614b72e6,-17813.0,80716.0,-95112.0,73063.0,-93081.0,,0,0,0,0,0,0,1,0,ADV_IND,37,37,4,-1,0,-1,-1,3549,32,8,unknown
2664.612000000001,CD:4C:D8:D3:01:1E,1e01d3d84ccd1eff4c00121939baa2a2aae487fcbe08e6c68254a1a0ac798d54a3604b02e4,-7809.0,89485.0,-96804.0,62103.0,-82956.0,,0,0,0,0,0,0,1,0,ADV_IND,37,37,6,-1,0,-1,-1,6901,32,8,unknown
2664.612000000001,CD:4C:D8:D3:01:1E,1e01d3d84ccd1eff4c00121919b8a2a2aae487fcbe0896d38254a1a0ac798d54a3604b03b4,-18024.0,96571.0,-76918.0,69491.0,-127983.0,,0,0,0,0,0,0,1,0,ADV_IND,37,37,11,-1,0,-1,-1,2570,32,8,unknown
2664.612000000001,CD:48:58:D3:01:1E,1e01d35848cd1eff4c0012193bbaa2a2aae487fcbe0896d38254b1a0ac798d54a2206e56e6,0.0,82102.0,-81777.0,61917.0,-107929.0,,0,0,0,0,0,0,1,0,ADV_IND,37,37,14,-1,0,-1,-1,7216,32,8,unknown
2664.913999999997,CD:4C:D8:D3:01:1E,1e01d3d84ccd1eff4c00121939baa2a2aae487fcbe0896d38254a1a0ac798d54a3604b03b4,5077.0,81866.0,-85348.0,76684.0,-131429.0,,0,0,0,0,0,1,1,0,ADV_IND,37,37,7,-1,0,-1,-1,1489,32,8,unknown
2664.913999999997,CD:4C:D8:C3:01:1E,1e01c3d84ccd1aff4c001219399aa2a2aae487fcbe0896d38254a1a0ac798d54a3604703f4,-4897.0,88947.0,-80342.0,59649.0,-105467.0,,0,0,0,0,0,0,1,0,ADV_IND,37,37,1,-1,0,-1,-1,3492,32,8,unknown
2664.913999999997,CD:4C:D8:D3:01:1E,1e01d3d84ccd0eff4c00121939baa2a2aae487fcbe0896d38254a1a4ac69df34aa70c356e6,144.0,64651.0,-101649.0,69652.0,-74019.0,,0,0,0,0,0,0,1,0,ADV_IND,37,37,2,-1,0,-1,-1,4615,32,8,unknown
2664.913999999997,4D:4C:D8:D3:01:1E,1e01d3d84c4d1eff4c00121939baa2a2aaec87fcac0896d7925435a4ac798d54ab604b03b4,-18747.0,76980.0,-86837.0,70933.0,-91686.0,,0,0,0,0,0,0,1,0,ADV_IND,37,37,5,-1,0,-1,-1,7583,32,8,unknown
2664.913999999997,CD:4C:D8:D3:01:1E,1e01d3d84ccd1eff4c00121939baa2a2aaec87ecbe0894d38254a5a0a4798d14ab604b52a6,-33718.0,103629.0,-82831.0,64774.0,-116090.0,,0,0,0,0,0,0,1,0,ADV_IND,37,37,14,-1,0,-1,-1,4037,32,7,unknown
2664.913999999997,CD:4C:D8:C2:01:1E,1e01c2d84ccd1eff4c00121939baa2a2aae487fcbe0896d38254a1a0ac799d54aa604b07b4,-20830.0,81963.0,-76689.0,52851.0,-96012.0,,0,0,0,0,0,0,1,0,ADV_IND,37,37,6,-1,0,-1,-1,7611,32,8,unknown
2664.913999999997,CD:4C:D8:D3:01:1E,1e01d3d84ccd1eff4c00121939baa2a2aae487fcbe0896d3825417a4ac798d54aa604b46a6,675.0,97331.0,-87428.0,53792.0,-92890.0,,0,0,0,0,0,0,1,0,ADV_IND,37,37,11,-1,0,-1,-1,1485,32,8,unknown
2665.4619999999995,F8:71:18:87:F3:1B,1bf3871871f81eff4c00121900e8dd52d2c11f4748a65c7cc34b9e4cc6c3341aa90eb3d72a,-46710.0,47718.0,-89867.0,41639.0,-131051.0,,0,0,0,0,0,0,1,2,ADV_NONCONN_IND,37,37,7,-1,0,-1,-1,3095,32,8,unknown
2665.4619999999995,CD:4C:D8:D3:01:1E,1e01d3d84ccd1eff4c00121939baa2a2aae487fcbe0896d38254a1a0ac798d54a3604b03b4,-4983.0,75172.0,-89902.0,72767.0,-116395.0,,0,0,0,0,0,1,1,0,ADV_IND,37,37,15,-1,0,-1,-1,7605,30,7,unknown
2665.4619999999995,CD:4C:D8:D2:01:1E,1e01d2d84ccd1eff4c00121939baa2a2aae487fcbe38c7438654a5a02c69cd14ab704357e6,-19495.0,81991.0,-95939.0,72112.0,-70857.0,,0,0,0,0,0,0,1,0,ADV_IND,37,37,13,-1,0,-1,-1,1632,32,7,unknown
2665.4619999999995,CD:4C:D8:D3:01:1E,1e01d3d84ccd0aff4c001219399aa2a2aae487fcbe0886d38254a1a4ac798d54a3604b43b4,-20453.0,104608.0,-97140.0,94671.0,-146716.0,,0,0,0,0,0,0,1,0,ADV_IND,37,37,7,-1,0,-1,-1,4176,30,7,unknown
2665.4619999999995,CD:4C:D8:D3:01:1E,1e01d3d84ccd1eff4c00121939baa2a2aae487fcbe0896d38254a1a0ac798d54a3604b03b4,-7437.0,106666.0,-88517.0,87998.0,-126664.0,,0,0,0,0,0,1,1,0,ADV_IND,37,37,2,-1,0,-1,-1,1639,31,7,unknown
2665.4619999999995,CD:4C:D8:D3:01:1E,1e01d3d84ccd1aff4c00121939baa2a2aae487fcbe0896d3825421a0ac798d14a3604b03a4,-21285.0,96611.0,-88887.0,76266.0,-108216.0,,0,0,0,0,0,0,1,0,ADV_IND,37,37,5,-1,0,-1,-1,4443,32,8,unknown
2665.4619999999995,CD:4C:D8:D3:01:1E,1e01d3d84ccd1eff4c00121939baa2a2aae487fcbe0896d38254a1a4ac798d54a3604b0364,-2059.0,69737.0,-76843.0,57100.0,-131571.0,,0,0,0,0,0,0,1,0,ADV_IND,37,37,0,-1,0,-1,-1,1971,32,7,unknown
2665.4619999999995,CD:4C:D8:D3:01:1E,1e01d3d84ccd1eff4c00121939baa2a2aae487fcbe0996d3825421a0ac798d54ab604356a6,-7741.0,80233.0,-94563.0,63192.0,-83839.0,,0,0,0,0,0,0,1,0,ADV_IND,37,37,9,-1,0,-1,-1,7353,32,8,unknown
2665.4619999999995,4D:58:D8:C3:41:1E,1e41c3d8584d0eff4c001219399aa2a6aae4a5acbe0896d38254a1a0ac799d54a3604b13b4,2095.0,61009.0,-92932.0,65553.0,-78427.0,,0,0,0,0,0,0,1,0,ADV_IND,37,37,14,-1,0,-1,-1,3738,32,8,unknown
2665.7580000000016,CD:4C:D8:D3:01:1E,1e01d3d84ccd1eff4c00121939baa2a2aae487bcbe0896d38254a5a0ac798d54ab604b03b4,-22042.0,87413.0,-90560.0,61208.0,-106484.0,,0,0,0,0,0,0,1,0,ADV_IND,37,37,12,-1,0,-1,-1,7990,32,8,unknown
2665.7580000000016,CD:4C:D8:D3:01:1E,1e01d3d84ccd1eff4c00121939baa2a2aae487fcbe0896d38254a1a0ac798d54a3604b03b4,-18496.0,90094.0,-93105.0,75224.0,-132636.0,,0,0,0,0,0,1,1,0,ADV_IND,37,37,6,-1,0,-1,-1,3492,31,8,unknown
2665.7580000000016,CD:4C:D8:C2:01:1E,1e01c2d84ccd1eff4c00121939baa2a2aae487fc2839c74716c535840d69ff14aa794754e6,22.0,91617.0,-103783.0,64328.0,-88060.0,,0,0,0,0,0,0,1,0,ADV_IND,37,37,5,-1,0,-1,-1,2022,32,8,unknown
2665.7580000000016,CD:4C:D8:D3:01:1E,1e01d3d84ccd1aff4c00121939baa2a2aae487bcbc0896d3825425a4ac798d54aa604b07b4,-7914.0,84350.0,-85494.0,60920.0,-88820.0,,0,0,0,0,0,0,1,0,ADV_IND,37,37,10,-1,0,-1,-1,1633,32,8,unknown
2668.2309999999998,D5:3B:2C:5D:F2:36,36f25d2c3bd50eff4c001219001bb4e666850ab6cea6c319fde73a5b48f68d11a4d3d34200,-25465.0,66835.0,-98787.0,68405.0,-118692.0,,0,0,0,0,0,0,1,2,ADV_NONCONN_IND,37,37,11,-1,0,-1,-1,3167,31,8,unknown
2668.2309999999998,4D:60:91:A4:46:6B,6b46a491604d0201021816aafe40c00d908326e0b3f70229ff7d66fb89af6a323f8c,-48404.0,120917.0,-106618.0,78488.0,-168072.0,,0,0,0,0,0,1,1,0,ADV_IND,34,37,2,-1,0,-1,-1,7317,32,8,unknown
2670.271999999997,4D:60:91:A4:46:6B,6b46a491604d0201021816aafe40c00d908326e0b3f70229ff7d66fb89af6a323f8c,-3287.0,78911.0,-117957.0,86713.0,-172753.0,,0,0,0,0,0,1,1,0,ADV_IND,34,37,6,-1,0,-1,-1,1212,32,8,unknown
2675.5440000000017,F8:71:18:87:F3:1B,1bf3871871f81eff4c00121900e8dd12d0c11f4748865c744749b64cc6c3161aa80eb31300,-37408.0,52103.0,-85172.0,64911.0,-131502.0,,0,0,0,0,0,0,1,2,ADV_NONCONN_IND,37,37,4,-1,0,-1,-1,6083,32,8,unknown
2676.3430000000008,E8:4F:A7:02:E2:84,84e202a74fe80201060d16edfe022015197eee71bd56220303edf7,31542.0,98995.0,-98722.0,106887.0,-101110.0,,0,0,0,0,0,0,1,0,ADV_IND,27,37,0,-1,0,-1,-1,2143,31,8,unknown
2676.3430000000008,D5:BB:2C:5D:F2:36,36f25d2cbbd51eff4c001219003bb4e666850ab65e868319bd673a5b68f68d1184d2f75322,-15753.0,48568.0,-96920.0,65540.0,-109105.0,,0,0,0,0,0,0,1,2,ADV_NONCONN_IND,37,37,3,-1,0,-1,-1,4302,32,8,unknown
2676.610999999997,4D:60:91:A4:46:6B,6b46a491604d0201021816aafe40c00d908326e0b3f70229ff7d66fb89af6a323f8c,-36375.0,87686.0,-98615.0,73846.0,-145122.0,,0,0,0,0,0,1,1,0,ADV_IND,34,37,3,-1,0,-1,-1,7730,32,8,unknown
2677.131999999998,78:71:18:87:F3:1B,1bf3871871781aff4c00121900e8dd52d2c11f47d8865c7c4349be4cc6c3361aa90fa30320,-30750.0,51314.0,-95417.0,41341.0,-113292.0,,0,0,0,0,0,0,1,2,ADV_NONCONN_IND,37,37,3,-1,0,-1,-1,5149,32,8,unknown
2678.2030000000013,D5:3B:28:DD:F2:B6,b6f2dd283bd51eff4c001219003bb4e666850ab65e060719f747324b2ab61d13a496d10084,-27023.0,73143.0,-81862.0,49405.0,-124301.0,,0,0,0,0,0,0,1,2,ADV_NONCONN_IND,37,37,15,-1,0,-1,-1,4337,32,7,unknown
2678.9979999999996,E8:4F:A7:02:E2:84,84e202a74fe80201060d16edfe020015197eee71bd54220303edfe,20930.0,73924.0,-84451.0,100018.0,-112299.0,,0,0,0,0,0,1,1,0,ADV_IND,27,37,7,-1,0,-1,-1,6192,32,8,unknown
2679.5440000000017,4D:60:91:A4:46:6B,6b46a491604d0201021816aafe00c00d9083a6a4b2f74269f77d34fa838f6a3baa8c,-28077.0,85254.0,-104604.0,60314.0,-151282.0,,0,0,0,0,0,0,1,0,ADV_IND,34,37,1,-1,0,-1,-1,2250,32,8,unknown
2679.8020000000033,F8:71:18:87:F3:1B,1bf3871871f81aff4c00121900e8d952d2c31f47c8865c7cd3c93e44c6c3161ba987335722,-23715.0,45512.0,-97765.0,52491.0,-120922.0,,0,0,0,0,0,0,1,2,ADV_NONCONN_IND,37,37,14,-1,0,-1,-1,5512,32,8,unknown
2680.5809999999983,D5:3B:2C:5D:D2:36,36d25d2c3bd51eff4c001219003bb4f666850ab65e868319bd47ba4bab09483d7657638d1e,-20022.0,68946.0,-90025.0,42595.0,-144533.0,,0,0,0,0,0,0,1,2,ADV_NONCONN_IND,37,37,9,-1,0,-1,-1,5508,31,8,unknown
2680.8329999999987,4D:60:91:A4:46:6B,6b46a491604d0201021816aafe40c00d908326e0b3f70229ff7d66fb89af6a323f8c,-37462.0,98614.0,-115515.0,47719.0,-161637.0,,0,0,0,0,0,1,1,0,ADV_IND,34,37,15,-1,0,-1,-1,3699,31,7,unknown
2681.0869999999995,F8:71:18:87:F3:1B,1bf3871871f81eff4c00121900e8dd52d2c11f4758865c7c43499e4cc6c3361aa90ea30300,-23842.0,50372.0,-123876.0,64982.0,-156539.0,,0,0,0,0,0,1,1,2,ADV_NONCONN_IND,37,37,5,-1,0,-1,-1,5910,32,7,unknown
2682.105000000003,4D:60:91:A4:46:6B,6b46a491604d0201021816aafe40c00d908326e0b3f70229ff7d66fb89af6a323f8c,-16053.0,96602.0,-100485.0,52838.0,-160946.0,,0,0,0,0,0,1,1,0,ADV_IND,34,37,11,-1,0,-1,-1,2674,32,7,unknown
2683.4680000000008,D5:3B:2C:5D:F2:36,36f25d2c3bd51eff4c001219003bb4e666850ab65e868319bd673a5b68f68d1184d2d30000,-31208.0,81873.0,-88937.0,75438.0,-143356.0,,0,0,0,0,0,1,1,2,ADV_NONCONN_IND,37,37,13,-1,0,-1,-1,5903,32,8,unknown
2683.7289999999994,4D:60:91:A4:46:6B,6b46a491604d0201021816aafe40c00d908326e0b3f70229ff7d66fb89af6a323f8c,-12291.0,82038.0,-108143.0,55064.0,-153441.0,,0,0,0,0,0,1,1,0,ADV_IND,34,37,2,-1,0,-1,-1,4658,32,8,unknown
2684.017,F8:71:18:87:F3:1B,1bf3871871f80eff4c00121900e8d952d2c31f4758865c7c63c99e4cc6c3361aa90ea30300,-45313.0,59484.0,-100888.0,64566.0,-142996.0,,0,0,0,0,0,0,1,2,ADV_NONCONN_IND,37,37,10,-1,0,-1,-1,6719,32,7,unknown
2684.7920000000013,D5:BB:B0:DD:F2:36,36f2ddb0bbd51eff4c001219003bb1e6668d0ab64e868319b76738db48f68d13a6d7d20202,-2391.0,43774.0,-103756.0,64727.0,-101943.0,,0,0,0,0,0,0,1,2,ADV_NONCONN_IND,37,37,1,-1,0,-1,-1,6078,31,8,unknown
2685.050000000003,4D:60:91:A4:46:6B,6b46a491604d0201021816aafe40c00d908326a0b3f70269ff7f66fb898f6a332f8c,-19195.0,86003.0,-101904.0,52399.0,-143251.0,,0,0,0,0,0,0,1,0,ADV_IND,34,37,11,-1,0,-1,-1,6459,32,8,unknown
2685.324999999997,F8:71:18:87:F3:1B,1bf3871871f81eff4c00121900e8dd52d2c11f4758865c7c43499e4cc6c3361aa90ea30300,-36591.0,62276.0,-88569.0,65418.0,-150514.0,,0,0,0,0,0,1,1,2,ADV_NONCONN_IND,37,37,14,-1,0,-1,-1,7046,32,8,unknown
2686.3499999999985,D5:3B:2C:5D:F2:36,36f25d2c3bd51eff4c001219003bb4e666a50ab65e868319bd673a5b68f68d1184d2d34000,0.0,66125.0,-92840.0,59892.0,-162191.0,,0,0,0,0,0,0,1,2,ADV_NONCONN_IND,37,37,1,-1,0,-1,-1,3870,31,8,unknown
2686.627999999997,4D:60:91:A4:46:6B,6b46a491604d0201021816aafe40c00d908326e0b3f70229f75f26fb83af6a323b8c,-4124.0,93614.0,-109288.0,56476.0,-124084.0,,0,0,0,0,0,0,1,0,ADV_IND,34,37,2,-1,0,-1,-1,5537,32,7,unknown
2688.1200000000026,D5:3B:2C:5D:F2:36,36f25d2c3bd51eff4c001219003bb4e666850ab64e068319b5673a5b60f68d1184d2d30000,-26645.0,75960.0,-91333.0,63657.0,-138516.0,,0,0,0,0,0,0,1,2,ADV_NONCONN_IND,37,37,12,-1,0,-1,-1,2451,32,7,unknown
2688.639000000003,4D:60:91:A4:46:6B,6b46a491604d0201021816aafe40c00d908326e0b3f70229f7fd66fb81af6a393e8c,-11872.0,65069.0,-98214.0,48199.0,-147151.0,,0,0,0,0,0,0,1,0,ADV_IND,34,37,11,-1,0,-1,-1,5311,32,8,unknown
2688.9029999999984,F8:71:18:87:F3:1B,1bf3871871f81eff4c00121900e8d952d2c11f4758065c7c43499e4cc6c3361aa906a35302,-48708.0,60754.0,-79405.0,52820.0,-138609.0,,0,0,0,0,0,0,1,2,ADV_NONCONN_IND,37,37,6,-1,0,-1,-1,3985,32,7,unknown
2690.1600000000035,55:3B:2C:5D:F2:36,36f25d2c3b550bff4c001219003bb4e666850ab65e868319bd673a5b68f68d1184d2d30000,-28873.0,65039.0,-73314.0,46687.0,-136255.0,,0,0,0,0,0,0,1,2,ADV_NONCONN_IND,37,37,9,-1,0,-1,-1,4149,32,8,unknown
2690.9420000000027,4D:60:91:A4:46:6B,6b46a491604d0201021816aafe40c00d908326e0b3f70229ff7d66fb89af6a323f8c,-16927.0,108510.0,-121638.0,79671.0,-170276.0,,0,0,0,0,0,1,1,0,ADV_IND,34,37,3,-1,0,-1,-1,3583,31,7,unknown
2691.3210000000036,F8:59:58:87:F3:1B,1bf3875859f81eff4c00121900f8d952d2c31f4758865c7c43d9bc4cc683341aa90ea34302,-24203.0,23260.0,-91746.0,56876.0,-122820.0,,0,0,0,0,0,0,1,2,ADV_NONCONN_IND,37,37,3,-1,0,-1,-1,4110,32,8,unknown
2691.6229999999996,E8:4F:A7:02:E2:84,84e202a74fe80201060d16edfe020015197eee71bd54220303edfe,4129.0,72899.0,-75928.0,86333.0,-110915.0,,0,0,0,0,0,1,1,0,ADV_IND,27,37,13,-1,0,-1,-1,3588,32,8,unknown
2693.0650000000023,F8:71:18:87:F3:1B,1bf3871871f81eff4c00121900e8dd52d2c11f4758865c7c43499e4cc6c3361aa90ea30300,-9026.0,47497.0,-110921.0,52237.0,-144317.0,,0,0,0,0,0,1,1,2,ADV_NONCONN_IND,37,37,4,-1,0,-1,-1,1095,32,8,unknown
2693.949999999997,D5:3B:2C:DD:F2:36,36f2dd2c3bd51eff4c001219003bb4e64fcf50a104372658d385b30b367234063c15415d95,-29738.0,76396.0,-99686.0,80140.0,-137280.0,,0,0,0,0,0,0,1,2,ADV_NONCONN_IND,37,37,6,-1,0,-1,-1,1153,31,7,unknown
2694.8110000000015,4D:60:91:A4:46:6B,6b46a491604d0201021816aafe40c00d908326e0b3f70229ff7d66fb89af6a323f8c,-43577.0,89086.0,-97910.0,70857.0,-157641.0,,0,0,0,0,0,1,1,0,ADV_IND,34,37,2,-1,0,-1,-1,7994,32,8,unknown
2695.0899999999965,F8:71:18:87:F3:1B,1bf3871871f81eff4c00121900e8dd52d2c11f4758865c7c47499c44c283140ba90fa31320,-27585.0,23150.0,-104339.0,67723.0,-92514.0,,0,0,0,0,0,0,1,2,ADV_NONCONN_IND,37,37,12,-1,0,-1,-1,4231,32,8,unknown
2695.4100000000035,E8:4F:A7:02:E2:84,84e202a74fe80201060d16edfe020015197eee71bd54220303edfe,5322.0,94085.0,-75482.0,102725.0,-115258.0,,0,0,0,0,0,1,1,0,ADV_IND,27,37,8,-1,0,-1,-1,4826,32,8,unknown
2696.097999999998,D5:3B:28:5D:F2:36,36f25d283bd51eff4c001219003bb4e666850ab65e868319ff67b24b363234063d35417d95,-37803.0,48915.0,-79167.0,78579.0,-138828.0,,0,0,0,0,0,0,1,2,ADV_NONCONN_IND,37,37,14,-1,0,-1,-1,5505,31,8,unknown
2696.8570000000036,4D:60:91:A4:46:6B,6b46a491604d0201021816aafe40c00d908326e0b3f70229ff7d66fb89af6a323f8c,-30211.0,110030.0,-104386.0,70931.0,-159838.0,,0,0,0,0,0,1,1,0,ADV_IND,34,37,14,-1,0,-1,-1,1074,31,8,unknown
2697.144999999997,F8:71:18:87:F3:1B,1bf3871871f81eff4c00121900e8dd52d2c11f7fcd265475d7db34c482871c0ba887335722,-44769.0,42265.0,-109533.0,67408.0,-126114.0,,0,0,0,0,0,0,1,2,ADV_NONCONN_IND,37,37,14,-1,0,-1,-1,4913,32,7,unknown
2698.1949999999997,D5:3B:2C:5D:F2:36,36f25d2c3bd51eff4c001219003bb4e666850ab65e068319bd633a5b68f68d1986d2d34000,-15290.0,54169.0,-89993.0,62769.0,-120558.0,,0,0,0,0,0,0,1,2,ADV_NONCONN_IND,37,37,8,-1,0,-1,-1,2838,32,8,unknown
2698.716999999997,4D:61:91:A4:46:6B,6b46a491614d0201021816aafe40c00d908326e0b3f70229ff7d66fb89af6a323f8c,-38068.0,109611.0,-120456.0,86580.0,-175758.0,,0,0,0,0,0,0,1,0,ADV_IND,34,37,9,-1,0,-1,-1,2110,32,7,unknown
2698.989999999998,F8:71:18:87:F3:1B,1bf3871871f81eff4c00121900e8dd52d2c11f4758865c7c43499e4cc6c3361aa90ea30300,-54363.0,67946.0,-100003.0,80154.0,-160572.0,,0,0,0,0,0,1,1,2,ADV_NONCONN_IND,37,37,11,-1,0,-1,-1,3139,31,7,unknown
2699.269999999997,E8:4F:A7:02:E2:84,84e202a74fe80201060d16edfe020015197eee71bd54220303edfe,17293.0,83205.0,-83382.0,94184.0,-126388.0,,0,0,0,0,0,1,1,0,ADV_IND,27,37,9,-1,0,-1,-1,1961,32,8,unknown
2700.4060000000027,D5:3B:2C:5D:F2:36,36f25d2c3bd51eff4c001219003bb4e666850ab65e868319bd673a5b68f68d1184d2d30000,-22451.0,59996.0,-89759.0,72731.0,-140939.0,,0,0,0,0,0,1,1,2,ADV_NONCONN_IND,37,37,4,-1,0,-1,-1,2227,32,7,unknown
2705.686999999998,4D:60:91:A4:46:6B,6b46a491604d0201021816aafe40c00d908326e0b3f70229ff7d66fb89af6a322f8c,-42038.0,92203.0,-125535.0,54006.0,-161154.0,,0,0,0,0,0,0,1,0,ADV_IND,34,37,15,-1,0,-1,-1,6047,31,8,unknown
2705.686999999998,F8:71:18:87:F3:1B,1bf3871871f81eff4c00121900e8dd52d2c11f4758865c7c434b34d482833e0aa80f335722,-17913.0,24795.0,-113426.0,62013.0,-112636.0,,0,0,0,0,0,0,1,2,ADV_NONCONN_IND,37,37,10,-1,0,-1,-1,4908,32,7,unknown
2707.2289999999994,F8:71:18:87:F3:1B,1bf3871871f81eff4c00121900e8dd52d2c11f4758865c7c43499e4cc6c3361aa90ea30300,-27114.0,55513.0,-81904.0,46879.0,-158265.0,,0,0,0,0,0,1,1,2,ADV_NONCONN_IND,37,37,2,-1,0,-1,-1,7014,32,8,unknown
2707.2289999999994,E8:4E:A7:02:82:84,848202a74ee80201060d16edfe020115d95eee71bd54220381c1d0,-13885.0,105228.0,-86119.0,116538.0,-121210.0,,0,0,0,0,0,0,1,2,ADV_NONCONN_IND,27,37,6,-1,0,-1,-1,1368,32,7,unknown
2708.0109999999986,57:99:AC:5D:F2:36,36f25dac99571aff4c001219001bb4e6768d02b64ea6831bbf633adb60f69d1186d7d30000,-24345.0,53941.0,-93100.0,64596.0,-106255.0,,0,0,0,0,0,0,1,2,ADV_NONCONN_IND,37,37,9,-1,0,-1,-1,5797,32,8,unknown
2708.5310000000027,F8:71:18:87:F3:1B,1bf3871871f80eff4c00121900e8dd52d2c11f4758865c7c4349944cc683340aa80f330700,-32072.0,48102.0,-95012.0,54719.0,-114622.0,,0,0,0,0,0,0,1,2,ADV_NONCONN_IND,37,37,0,-1,0,-1,-1,4763,32,8,unknown
2709.8340000000026,4D:60:91:A4:46:6B,6b46a491604d0201021816aafe40c00d908326e0b3f70229ff7d66fb89af6a323f8c,-14785.0,80435.0,-108577.0,49480.0,-139635.0,,0,0,0,0,0,1,1,0,ADV_IND,34,37,0,-1,0,-1,-1,4721,32,8,unknown
2710.110999999997,F8:71:18:87:F3:1B,1bf3871871f81eff4c00121900e8dd52d2c11f4758865c7c43499e4cc6c3361aa90ea30300,-40147.0,55678.0,-99446.0,64058.0,-156209.0,,0,0,0,0,0,1,1,2,ADV_NONCONN_IND,37,37,11,-1,0,-1,-1,5350,29,7,unknown
2710.110999999997,E8:4F:A7:02:E2:84,84e202a74fe80201060d16edfe020015197eee71bd54220303edfe,4701.0,79677.0,-86297.0,108715.0,-100300.0,,0,0,0,0,0,1,1,0,ADV_IND,27,37,2,-1,0,-1,-1,6674,32,8,unknown
2711.392,4D:60:91:A4:46:6B,6b46a491604d0201021816aafe40c00d908326e0b3f70229ff7d66fb89af6a323f8c,-13008.0,89709.0,-108528.0,44110.0,-148655.0,,0,0,0,0,0,1,1,0,ADV_IND,34,37,10,-1,0,-1,-1,4688,32,8,unknown
2711.6399999999994,78:71:18:87:F3:1B,1bf3871871781aff4c00121900e8dd52d2c11f4758865c7c535bbcc4c6c3161ba986a34720,-33133.0,39487.0,-109342.0,41014.0,-121417.0,,0,0,0,0,0,0,1,2,ADV_NONCONN_IND,37,37,9,-1,0,-1,-1,4928,32,8,unknown
2712.4389999999985,55:3B:2C:5D:F2:36,36f25d2c3b550aff4c001219003bb0e6660d0ab65e068319b5e73a5b60fe9d1184d7d24002,-35083.0,80046.0,-86649.0,40288.0,-101443.0,,0,0,0,0,0,0,1,2,ADV_NONCONN_IND,37,37,10,-1,0,-1,-1,6381,32,8,unknown
2712.703999999998,4D:60:91:A0:46:6B,6b46a091604d0201021816aafe40c00d908326e0b3f70229ff7d66fb89af6a323f8c,-24643.0,82253.0,-113532.0,89769.0,-156511.0,,0,0,0,0,0,0,1,0,ADV_IND,34,37,14,-1,0,-1,-1,1129,32,7,unknown
2714.235999999997,4D:60:D8:86:4E:6B,6b4e86d8604d0209021816aafe40c00d908326e0b3f70229ff7d74fb89af6a323f8c,-23916.0,106522.0,-121291.0,84097.0,-152831.0,,0,0,0,0,0,0,1,2,ADV_NONCONN_IND,34,37,8,-1,0,-1,-1,3047,28,7,unknown
2714.235999999997,F8:71:18:87:F3:1B,1bf3871871f81eff4c00121900e8dd52d2c11f4758865c7c43499e4cc6c3361aa90ea30300,-52599.0,57278.0,-94310.0,57169.0,-151368.0,,0,0,0,0,0,1,1,2,ADV_NONCONN_IND,37,37,10,-1,0,-1,-1,6602,32,8,unknown
2715.286,D5:3B:2C:5D:F2:36,36f25d2c3bd51eff4c001219003bb4e666850ab65e868319bd673a5b68f68d1184d2d30000,-31385.0,89662.0,-103496.0,70144.0,-132758.0,,0,0,0,0,0,1,1,2,ADV_NONCONN_IND,37,37,13,-1,0,-1,-1,6563,32,7,unknown
2715.815999999999,4D:60:91:A4:46:6B,6b46a491604d0201021816aafe40c00d908326e0b3f70229ff7d66fb89af6a323f8c,-31421.0,78382.0,-103810.0,79604.0,-156708.0,,0,0,0,0,0,1,1,0,ADV_IND,34,37,2,-1,0,-1,-1,6111,32,7,unknown
2716.6140000000014,D5:3B:2C:5D:F2:36,36f25d2c3bd51eff4c001219003bb4e666850ab65e868319bd673a5b68f68d1984d2d34000,-25610.0,65363.0,-84134.0,52617.0,-130535.0,,0,0,0,0,0,0,1,2,ADV_NONCONN_IND,37,37,15,-1,0,-1,-1,7767,32,8,unknown
2717.1410000000033,4D:60:91:A4:46:6B,6b46a491604d0201021816aafe40c00dd02726e0b2e74229f7df34fb098f6833aa84,-15414.0,72614.0,-98589.0,59159.0,-148632.0,,0,0,0,0,0,0,1,0,ADV_IND,34,37,1,-1,0,-1,-1,2432,32,7,unknown
2717.1410000000033,F8:71:18:87:F3:1B,1bf3871871f81eff4c00121900e8dd52d2c11f4758865c7c43499e4cc6c3361aa90ea30300,-54708.0,67486.0,-91155.0,71446.0,-134700.0,,0,0,0,0,0,1,1,2,ADV_NONCONN_IND,37,37,7,-1,0,-1,-1,4793,31,8,unknown
2718.654999999999,E8:4F:A7:02:E2:84,84e202a74fe80201060d16edfe208115596eee51ad44a22703effe,-12176.0,87835.0,-70506.0,83079.0,-91579.0,,0,0,0,0,0,0,1,0,ADV_IND,27,37,7,-1,0,-1,-1,2569,32,8,unknown
2719.129000000001,4D:60:91:A4:46:6B,6b46a491604d0201021816aafe40c01d90ab62a0f3e74669f7dd66db818f6a133a8c,-6571.0,91955.0,-109707.0,64104.0,-162500.0,,0,0,0,0,0,0,1,0,ADV_IND,34,37,5,-1,0,-1,-1,7770,32,8,unknown
2719.129000000001,F8:71:18:87:F3:19,19f3871871f81eff4c0012190421a184d594be9ee90fc361da5f56a6723d10cfea7154c31f,-25394.0,65476.0,-108658.0,52606.0,-123496.0,,0,0,0,0,0,0,1,2,ADV_NONCONN_IND,37,37,11,-1,0,-1,-1,2183,31,7,unknown
2720.4000000000015,D5:3B:2C:5D:D2:36,36d25d2c3bd51eff4c001219003bb0e666a50ab45e868319bd673a5bc8f68d118492d30020,-360.0,40279.0,-101732.0,59322.0,-112026.0,,0,0,0,0,0,0,1,2,ADV_NONCONN_IND,37,37,13,-1,0,-1,-1,2014,31,8,unknown
2721.1410000000033,4D:60:91:A4:46:6B,6b46a491604d0201021816aafe40c00d908326e0b3f70229ff7d66fb89af6a323f8c,-7333.0,84173.0,-119577.0,55635.0,-161348.0,,0,0,0,0,0,1,1,0,ADV_IND,34,37,15,-1,0,-1,-1,4266,32,8,unknown
2721.1410000000033,78:71:58:C3:F3:1B,1bf3c35871781aff4c00121900e8d952d2c11f4748865c7443593644c6c31c1ba80eb35702,-35163.0,45554.0,-94059.0,48377.0,-123494.0,,0,0,0,0,0,0,1,2,ADV_NONCONN_IND,37,37,14,-1,0,-1,-1,7603,32,8,unknown
2722.786,D5:3B:2C:5D:F2:36,36f25d2c3bd51eff4c001219001bb4e676850ab65e868319b5673a5b68f68c1184d2d25200,-22117.0,49148.0,-110044.0,76466.0,-111134.0,,0,0,0,0,0,0,1,2,ADV_NONCONN_IND,37,37,13,-1,0,-1,-1,5699,32,8,unknown
2724.243999999999,CD:4C:D8:D3:01:1E,1e01d3d84ccd1eff4c00121939baa2a2aae4a7fcbe0896d7925435a0ac79ad54ab714b16b4,-6241.0,78760.0,-76139.0,51177.0,-96563.0,,0,0,0,0,0,0,1,0,ADV_IND,37,37,11,-1,0,-1,-1,2439,32,8,unknown
2724.243999999999,CD:58:58:D3:01:1E,1e01d35858cd1eff4c001219399aa276a8a487acbe0897d38254a5a42c79cd14aa604b63a6,-8479.0,91204.0,-91578.0,50073.0,-91545.0,,0,0,0,0,0,0,1,0,ADV_IND,37,37,15,-1,0,-1,-1,1624,32,7,unknown
2724.243999999999,CD:4C:D8:D3:01:1E,1e01d3d84ccd1eff4c00121939baa2a2aae487fcbe0896d38254a1a0ac798d54a3604b03b4,-5270.0,93050.0,-92081.0,76325.0,-141859.0,,0,0,0,0,0,1,1,0,ADV_IND,37,37,13,-1,0,-1,-1,5191,30,8,unknown
2724.243999999999,CD:4C:D8:C3:01:1E,1e01c3d84ccd1aff4c001219399aa2a2aae487fcbc0896d78254a5a4ac698d54aa604b03f4,-24648.0,73065.0,-82536.0,65169.0,-89088.0,,0,0,0,0,0,0,1,0,ADV_IND,37,37,8,-1,0,-1,-1,5323,32,8,unknown
2724.243999999999,CD:4C:D8:D3:01:1E,1e01d3d84ccd0eff4c001219399aa2a2aae487fcbe08c6c7825421a42d798d14aa604b42e6,1884.0,79360.0,-88094.0,61462.0,-85596.0,,0,0,0,0,0,0,1,0,ADV_IND,37,37,13,-1,0,-1,-1,5568,32,8,unknown
2724.7189999999973,CD:4C:D8:D3:01:1E,1e01d3d84ccd1eff4c00121939baa2a2aae487fcbe0896d38254a1a0ac798d54a3604b03b4,-1364.0,93307.0,-93246.0,50729.0,-113578.0,,0,0,0,0,0,1,1,0,ADV_IND,37,37,3,-1,0,-1,-1,5324,32,8,unknown
2724.7189999999973,4D:4C:D8:D3:01:1E,1e01d3d84c4d1eff4c0012193998a236a8a487bcbc2887d7925535848d79dd14a2604356e6,-30465.0,83035.0,-107751.0,66335.0,-80105.0,,0,0,0,0,0,0,1,0,ADV_IND,37,37,9,-1,0,-1,-1,7018,32,8,unknown
2724.7189999999973,CD:4C:D8:D3:01:1E,1e01d3d84ccd1eff4c00121939baa2a2aae487fcbe0896d38254a1a0ac798d54a3604b03b4,-2162.0,85444.0,-87513.0,74363.0,-113977.0,,0,0,0,0,0,1,1,0,ADV_IND,37,37,1,-1,0,-1,-1,6174,32,8,unknown
2724.7189999999973,CD:4C:D8:C2:61:1E,1e61c2d84ccd1eff4c0012193bbaa2a6aae4a7acbc0896d786d521a08d69dd54ab714343e6,-10510.0,85162.0,-115162.0,61459.0,-80767.0,,0,0,0,0,0,0,1,0,ADV_IND,37,37,6,-1,0,-1,-1,1138,32,8,unknown
2724.7189999999973,4D:4C:D8:D3:01:1E,1e01d3d84c4d1aff4c001219399aa2a2aae487bcac0896d39254a1a02c798d54ab614b17f4,4079.0,86594.0,-99898.0,60858.0,-93836.0,,0,0,0,0,0,0,1,0,ADV_IND,37,37,9,-1,0,-1,-1,2244,32,8,unknown
2724.7189999999973,CD:4C:D8:D3:01:1E,1e01d3d84ccd1eff4c00121939baa2a2aae487fcbe0886d38254a1a0ac798d54a3604b03b4,-16477.0,69771.0,-72032.0,59366.0,-116334.0,,0,0,0,0,0,0,1,0,ADV_IND,37,37,12,-1,0,-1,-1,6520,31,8,unknown
2724.9850000000006,CD:4C:D8:D3:01:1E,1e01d3d84ccd1eff4c00121939baa2a2aae487fcbe0896d38254a1a0ac798d54a3604b03b4,-4453.0,109151.0,-101416.0,95862.0,-138449.0,,0,0,0,0,0,1,1,0,ADV_IND,37,37,11,-1,0,-1,-1,5351,31,8,unknown
2724.9850000000006,CD:4C:D8:D3:01:1E,1e01d3d84ccd1eff4c00121939bab222aa6683ecbc0806d7825431e4ac798d44a2600b17b4,0.0,84073.0,-114261.0,82547.0,-99665.0,,0,0,0,0,0,0,1,0,ADV_IND,37,37,7,-1,0,-1,-1,2282,32,8,unknown
2724.9850000000006,CD:4C:D8:D3:01:1E,1e01d3d84ccd1eff4c00121939baa2a2aae487fcbe0896d38254a1a0ac798d54a3604b03b4,-10071.0,116870.0,-84748.0,63845.0,-131731.0,,0,0,0,0,0,1,1,0,ADV_IND,37,37,11,-1,0,-1,-1,3477,30,7,unknown
2724.9850000000006,CD:4C:D8:D3:01:1E,1e01d3d84ccd1aff4c00121939baa2a2aae4a4fcbe0886d79255a1a0ac798d14a3704b13a4,-8595.0,87902.0,-81443.0,66718.0,-97658.0,,0,0,0,0,0,0,1,0,ADV_IND,37,37,8,-1,0,-1,-1,5687,32,8,unknown
2724.9850000000006,CD:4C:D8:D3:01:1E,1e01d3d84ccd1eff4c00121939baa2a2aae487ecbe0896d38254a1a02c798d54a3604b5ef6,-10775.0,80215.0,-94494.0,56484.0,-93597.0,,0,0,0,0,0,0,1,0,ADV_IND,37,37,1,-1,0,-1,-1,3808,32,8,unknown
2724.9850000000006,CD:4C:D8:D3:01:1E,1e01d3d84ccd1eff4c00121939baa2a2aae4879cac0896d382d4a5a0ac79cd54a3604b07b6,-2521.0,60264.0,-89337.0,69141.0,-98265.0,,0,0,0,0,0,0,1,0,ADV_IND,37,37,9,-1,0,-1,-1,7741,32,8,unknown
2724.9850000000006,CD:4C:D8:D3:01:1E,1e01d3d84ccd1eff4c00121939baa2a2aae407a4f5a02cbd4d1c7e76d475b4a42e6c8d7ccf,10896.0,74943.0,-85560.0,53249.0,-104468.0,,0,0,0,0,0,0,1,0,ADV_IND,37,37,2,-1,0,-1,-1,6751,32,8,unknown
2724.9850000000006,CD:4C:D8:D3:01:1E,1e01d3d84ccd1aff4c00121939baa2a2aae487bcbc0896d38254a1808c79cd54aa604bf1e6,-7178.0,78386.0,-90604.0,56056.0,-86231.0,,0,0,0,0,0,0,1,0,ADV_IND,37,37,1,-1,0,-1,-1,1085,32,8,unknown
2724.9850000000006,CD:4C:D8:D3:01:1E,1e01d3d84ccd1eff4c001219399aa2a6aae487ecbe0886d382d4a5a40c698d54aa704b07b6,-658.0,84335.0,-78673.0,83766.0,-68054.0,,0,0,0,0,0,0,1,0,ADV_IND,37,37,11,-1,0,-1,-1,2437,31,8,unknown
2725.5109999999986,CD:4C:D8:D3:01:1E,1e01d3d84ccd1eff4c00121939baa222aae487bcbe0896d382d4a1a0ac798d54a3604b03b4,3199.0,73974.0,-89632.0,79291.0,-109946.0,,0,0,0,0,0,0,1,0,ADV_IND,37,37,1,-1,0,-1,-1,3034,31,7,unknown
2725.5109999999986,F8:71:18:87:F3:1B,1bf3871871f81eff4c00121900e8dd52d2c11f4758865c7c43499e4cc6c3361aa90ea30300,-24032.0,58094.0,-89610.0,56232.0,-159755.0,,0,0,0,0,0,1,1,2,ADV_NONCONN_IND,37,37,10,-1,0,-1,-1,4413,32,8,unknown
2725.5109999999986,CD:48:D8:D3:01:1E,1e01d3d848cd1eff4c00121939b8a2a2aaec87fcbe2886d38254a1a0ac799d54a3604353f4,-14486.0,81827.0,-96552.0,54902.0,-81973.0,,0,0,0,0,0,0,1,0,ADV_IND,37,37,9,-1,0,-1,-1,5699,31,8,unknown
2725.5109999999986,CD:4C:D8:D3:01:1E,1e01d3d84ccd1eff4c001219399aa2a2aae487fcbe0896d38254a1a4ac79df14aa704356e4,0.0,82891.0,-102302.0,62452.0,-78896.0,,0,0,0,0,0,0,1,0,ADV_IND,37,37,14,-1,0,-1,-1,1728,32,8,unknown
2725.5109999999986,CD:4C:D8:D3:01:1E,1e01d3d84ccd1eff4c001219399aa2a2aae487fcbe2016bf4d1c3666d47594a42e6c8974c7,-4857.0,85896.0,-112748.0,49594.0,-74480.0,,0,0,0,0,0,0,1,0,ADV_IND,37,37,10,-1,0,-1,-1,4076,32,8,unknown
2725.5109999999986,CD:4C:D8:D3:01:1E,1e01d3d84ccd1eff4c00121939baa2a2aae487bcbc2084d3425425e08c79ac04aa604b12e6,-17756.0,112495.0,-85149.0,75110.0,-124514.0,,0,0,0,0,0,0,1,0,ADV_IND,37,37,7,-1,0,-1,-1,7478,31,8,unknown
2725.5109999999986,CD:5C:D8:D2:41:1E,1e41d2d85ccd1eff4c00121939baa2a2aae487fcbe0896d38254a1a0ac798d54a2604b03b4,-17223.0,75321.0,-81497.0,73347.0,-85073.0,,0,0,0,0,0,0,1,0,ADV_IND,37,37,10,-1,0,-1,-1,1902,31,8,unknown
2725.5109999999986,CD:4C:D8:D3:41:1E,1e41d3d84ccd0eff4c00121939baa2a6aae4a7ecbc0886d78254a1a4ad698d94a871cb14e6,10439.0,88276.0,-79624.0,60493.0,-94067.0,,0,0,0,0,0,0,1,2,ADV_NONCONN_IND,37,37,11,-1,0,-1,-1,6613,32,7,unknown
2725.7819999999992,CD:4C:D8:C3:01:1E,1e01c3d84ccd0eff4c00121939baa2a2aae487bcbc0886d3cf5c3474c475b4a4ae648b56c6,-8483.0,93092.0,-87466.0,55076.0,-101516.0,,0,0,0,0,0,0,1,0,ADV_IND,37,37,6,-1,0,-1,-1,7388,32,8,unknown
2725.7819999999992,CD:4C:D8:D3:01:1E,1e01d3d84ccd1eff4c00121939baa232aae4873ca809d7c38654a1a4ac69dd14a3604352b4,15043.0,69640.0,-98072.0,72570.0,-82325.0,,0,0,0,0,0,0,1,0,ADV_IND,37,37,11,-1,0,-1,-1,7195,32,8,unknown
2725.7819999999992,CD:4C:D8:D3:01:1E,1e01d3d84ccd1eff4c00121939baa2a2aae487fcbe0896d38254a1a0ac798d54a3604b03b4,-5336.0,86549.0,-84436.0,71105.0,-128381.0,,0,0,0,0,0,1,1,0,ADV_IND,37,37,4,-1,0,-1,-1,7474,32,7,unknown
2725.7819999999992,CD:4C:D8:D3:01:1E,1e01d3d84ccd1eff4c0012193bbaa2a2aae487fcbe0896d38254a1a0ac798d54a3604b03b4,-22515.0,89960.0,-81525.0,84251.0,-129593.0,,0,0,0,0,0,0,1,2,ADV_NONCONN_IND,37,37,4,-1,0,-1,-1,5159,31,8,unknown
2725.7819999999992,CD:4C:D8:D3:01:1E,1e01d3d84ccd1eff4c00121939baa2a2aae487fcbe0896d312d5a584ac79dd14a2604b56f6,-11149.0,98804.0,-98731.0,49840.0,-89440.0,,0,0,0,0,0,0,1,0,ADV_IND,37,37,1,-1,0,-1,-1,7484,32,8,unknown
2725.7819999999992,CD:4C:D8:D3:01:1E,1e01d3d84ccd1eff4c00121939baa2a2aae487fcbe0896d38254a1a0ac798d54a3604b03b4,-5266.0,68790.0,-90211.0,73845.0,-89108.0,,0,0,0,0,0,1,1,0,ADV_IND,37,37,7,-1,0,-1,-1,5607,32,7,unknown
2725.7819999999992,CD:48:D8:D3:01:1E,1e01d3d848cd1eff4c00121939baa2a2aae487fcbe0896d38254a1a0ac798d54a2604b02b4,-25404.0,108645.0,-91567.0,60340.0,-103183.0,,0,0,0,0,0,0,1,0,ADV_IND,37,37,15,-1,0,-1,-1,2232,31,8,unknown
2725.7819999999992,CD:4C:D8:D3:01:1E,1e01d3d84ccd1eff4c00121939baa2a2aae487fcbe0896d38254a1a0ac798d54a3604b03b4,11407.0,85526.0,-96643.0,77391.0,-132079.0,,0,0,0,0,0,1,1,0,ADV_IND,37,37,3,-1,0,-1,-1,3372,32,8,unknown
2725.7819999999992,CD:4C:D8:D3:01:1E,1e01d3d84ccd1eff4c00121939baa2a2aae487fcbe0896d38254a1a0ac798d54a3604b03b4,-5906.0,114963.0,-92772.0,83575.0,-142083.0,,0,0,0,0,0,1,1,0,ADV_IND,37,37,9,-1,0,-1,-1,5584,31,7,unknown
2726.3899999999994,CD:4C:58:D2:41:1E,1e41d2584ccd1aff4c001219399aa222aaec87fcae08961716d5b5a40c69dfd4ba794776c2,5749.0,87385.0,-93684.0,59019.0,-105169.0,,0,0,0,0,0,0,1,2,ADV_NONCONN_IND,37,37,9,-1,0,-1,-1,3185,32,7,unknown
2726.3899999999994,4D:4C:D8:D3:01:1E,1e01d3d84c4d1eff4c00121939baa2a2aae486fcbe2896d3825421a0ac798d54a2604b02b6,-7278.0,93220.0,-83129.0,71926.0,-79273.0,,0,0,0,0,0,0,1,0,ADV_IND,37,37,2,-1,0,-1,-1,5668,32,7,unknown
2726.3899999999994,4D:4C:D8:D3:01:1E,1e01d3d84c4d1eff4c00121939baa2aaaae487fcbe288743825421a4ac79fd54a3604b17ac,2280.0,82454.0,-55255.0,75007.0,-100291.0,,0,0,0,0,0,0,1,2,ADV_NONCONN_IND,37,37,6,-1,0,-1,-1,5284,31,7,unknown
2726.3899999999994,CD:4C:D8:D3:01:1E,1e01d3d84ccd1eff4c001219399aa2a2aac093ac7c2816ff4d5cb5a0c471bd24ab600b17a4,-3402.0,107203.0,-102380.0,74781.0,-113171.0,,0,0,0,0,0,0,1,0,ADV_IND,37,37,13,-1,0,-1,-1,1479,32,8,unknown
2726.6889999999985,CF:4C:D8:D3:01:1E,1e01d3d84ccf0eff4c00121939baa272a9ac85fcbe0886d38254a1a4ac798d14a3604b03f4,-17634.0,68886.0,-89795.0,80370.0,-95709.0,,0,0,0,0,0,0,1,0,ADV_IND,37,37,11,-1,0,-1,-1,6849,32,8,unknown
2727.0970000000016,CD:4C:D8:D2:01:1E,1e01d2d84ccd1eff4c0012193bbaa222a9e487fcbe2896d3925435a0ac798d54aa704b56b4,7.0,71030.0,-90136.0,67817.0,-98057.0,,0,0,0,0,0,0,1,0,ADV_IND,37,37,4,-1,0,-1,-1,1562,30,8,unknown
2727.3740000000034,F8:71:18:83:F3:1B,1bf3831871f80aff4c00121900e8dd12d2c11f47c8645c74d3db3644c683341ba88f335720,-12983.0,40896.0,-109475.0,49058.0,-109929.0,,0,0,0,0,0,0,1,2,ADV_NONCONN_IND,37,37,7,-1,0,-1,-1,5117,32,8,unknown
2727.3740000000034,4D:60:91:A4:46:6B,6b46a491604d0201021816aafe40c00d908326e0b3f70229ffdf34fa038d6a3baa84,-23357.0,84554.0,-103886.0,57223.0,-145631.0,,0,0,0,0,0,0,1,0,ADV_IND,34,37,14,-1,0,-1,-1,5633,32,8,unknown
2731.25,F8:71:18:87:F3:1B,1bf3871871f81eff4c00121900e8dd52d6c11f4758a65c7c43491e4cc6c3361aa90ea30300,-40704.0,81377.0,-95680.0,65920.0,-161976.0,,0,0,0,0,0,0,1,2,ADV_NONCONN_IND,37,37,11,-1,0,-1,-1,3303,32,8,unknown
2736.546000000002,4D:60:91:A4:46:6B,6b46a491604d0201021816aafe40c00d908326e0b3f70229ff7d66fb89af6a323f8c,-9220.0,95632.0,-130780.0,80218.0,-166976.0,,0,0,0,0,0,1,1,0,ADV_IND,34,37,5,-1,0,-1,-1,5470,32,7,unknown
2737.855000000003,F8:71:18:87:F3:1B,1bf3871871f81eff4c00121900e8dd52d2c11f4758a65c7c4349be4cc6c3be29ac0f335320,-32591.0,35106.0,-97375.0,68564.0,-122805.0,,0,0,0,0,0,0,1,2,ADV_NONCONN_IND,37,37,13,-1,0,-1,-1,7704,32,8,unknown
2737.855000000003,4D:60:91:A4:46:6B,6b46a491604d0201021816aafe40c00d908326e0b3f70229ff7d66fb89af6a323f8c,-6563.0,68629.0,-111203.0,72213.0,-166365.0,,0,0,0,0,0,1,1,0,ADV_IND,34,37,8,-1,0,-1,-1,2758,30,7,unknown
2739.154999999999,F8:71:18:87:F3:1B,1bf3871871f81eff4c00121900e8dd52d2c11d4758865c7cc3c9104cc2887c0ba91ff35614,-11588.0,29465.0,-122455.0,61120.0,-128271.0,,0,0,0,0,0,0,1,2,ADV_NONCONN_IND,37,37,0,-1,0,-1,-1,6866,31,7,unknown
2739.436999999998,4D:60:91:A4:46:6B,6b46a491604d0201021816aafe40c01d90ab26e0b3f70229ff7d74fb89af6a322f8c,-69288.0,100775.0,-94488.0,77608.0,-161676.0,,0,0,0,0,0,0,1,0,ADV_IND,34,37,9,-1,0,-1,-1,6667,32,8,unknown
2742.271999999997,4D:60:91:A4:46:6B,6b46a491604d0201021816aafe40c00d908326e0b3f70229fffd66fb89af6a132a9e,-27964.0,78016.0,-101569.0,68853.0,-157422.0,,0,0,0,0,0,0,1,0,ADV_IND,34,37,12,-1,0,-1,-1,4613,32,8,unknown
2742.805999999997,77:2F:10:45:21:95,952145102f770201021816aafe40c10d908326e0b3f70229ff7d66fb89af6a323f8c,-2129.0,102406.0,-105266.0,54212.0,-161724.0,,0,0,0,0,0,0,1,2,ADV_NONCONN_IND,34,37,3,-1,0,-1,-1,7618,32,7,unknown
2744.4029999999984,77:2F:10:45:21:95,952145102f770201021816aafe40c00d908326e0b3f70229ff7d66fb89af6a323f8c,-5952.0,85720.0,-103975.0,61087.0,-135328.0,,0,0,0,0,0,1,1,0,ADV_IND,34,37,7,-1,0,-1,-1,6644,32,8,unknown
2745.938000000002,77:2F:10:45:21:95,952145102f770201021816aafe40c00d10fb660af3cf6640f3c89ddbc69ec717601a,-6937.0,90100.0,-97720.0,50818.0,-142521.0,,0,0,0,0,0,0,1,0,ADV_IND,34,37,15,-1,0,-1,-1,1495,32,8,unknown
2748.542999999998,77:2F:10:C5:21:95,9521c5102f770201021816aafe40c00d148b6228f3c76640f7c9bcdbc28ece172a9a,-12395.0,90079.0,-100835.0,58389.0,-129198.0,,0,0,0,0,0,0,1,0,ADV_IND,34,37,0,-1,0,-1,-1,2634,32,8,unknown
2750.0729999999967,E8:4F:A7:02:E2:84,84e202a74fe80201060d16edfe020015196dee71bd54220703edfe,17224.0,82777.0,-71542.0,90745.0,-100883.0,,0,0,0,0,0,0,1,0,ADV_IND,27,37,13,-1,0,-1,-1,6146,32,8,unknown
2750.0729999999967,77:2F:10:45:21:95,952145102f770201021816aafe40c00d908326e0b3f70229ff7d66fb89af6a333f8c,-16649.0,84863.0,-85985.0,47843.0,-150202.0,,0,0,0,0,0,0,1,0,ADV_IND,34,37,4,-1,0,-1,-1,4670,32,8,unknown
2752.2940000000017,77:2F:10:45:21:95,952145102f770201021816aafe40c00d908326e0b3f70229ff7d66fb89af6a3b3f8c,-16139.0,81203.0,-95635.0,64330.0,-151841.0,,0,0,0,0,0,0,1,0,ADV_IND,34,37,6,-1,0,-1,-1,1102,32,8,unknown
2758.0149999999994,E8:4F:A7:02:E2:84,84e202a74fe80201060d16edfe020015197eee71bd54220303edfc,13706.0,94369.0,-61331.0,75758.0,-96212.0,,0,0,0,0,0,0,1,0,ADV_IND,27,37,7,-1,0,-1,-1,4688,32,8,unknown
2758.2869999999966,77:2F:10:45:21:95,952145102f770201021816aafe40c00d908326e0b3f70229ff7d66fb89af6a323f8c,-13982.0,103305.0,-98843.0,85503.0,-154383.0,,0,0,0,0,0,1,1,0,ADV_IND,34,37,12,-1,0,-1,-1,3626,32,8,unknown
2762.089,E8:0F:A7:02:E2:84,84e202a70fe80201060d16edfe020815197eef71bd54220303edfe,37472.0,84349.0,-89286.0,86884.0,-87966.0,,0,0,0,0,0,0,1,0,ADV_IND,27,37,10,-1,0,-1,-1,1053,32,8,unknown
2767.4890000000014,77:2F:10:C1:21:95,9521c1102f770201021816aafe40c00d908326e0b3f70229ff7d26fb89af6a322b8c,-16316.0,103028.0,-99080.0,56528.0,-131793.0,,0,0,0,0,0,0,1,0,ADV_IND,34,37,1,-1,0,-1,-1,4993,32,8,unknown
2768.815999999999,77:2F:10:45:21:95,952145102f770201021816aafe40c00d908326e0b3f70229ff7d66fb89af6a323f8c,-10274.0,86191.0,-90349.0,60876.0,-156965.0,,0,0,0,0,0,1,1,0,ADV_IND,34,37,15,-1,0,-1,-1,1278,32,8,unknown
2770.1140000000014,77:2F:10:45:21:95,952145102f770201021816aafe40c00d908326e0b3f70229ff7d66fb89af6a323f8c,-29737.0,115257.0,-97119.0,77780.0,-162141.0,,0,0,0,0,0,1,1,0,ADV_IND,34,37,6,-1,0,-1,-1,2395,32,8,unknown
2771.665000000001,77:2F:10:45:21:95,952145102f770201021816aafe04c104d48766a4b2a7426be7df34ba038f787baa84,-16581.0,88546.0,-103815.0,65564.0,-153223.0,,0,0,0,0,0,0,1,0,ADV_IND,34,37,3,-1,0,-1,-1,1480,32,8,unknown
2772.980000000003,77:2F:10:45:21:95,952145102f770201021816aafe40c00d908326e0b3f74229ff7d64fb89af6a323b8c,-12554.0,94327.0,-101673.0,55567.0,-135916.0,,0,0,0,0,0,0,1,0,ADV_IND,34,37,0,-1,0,-1,-1,1803,32,8,unknown
2774.2680000000037,77:2F:10:C5:21:95,9521c5102f770209021816aafe40c00d908326e0b3f70229ff7d66fb89af6a323f8c,0.0,95050.0,-113167.0,81150.0,-168507.0,,0,0,0,0,0,0,1,2,ADV_NONCONN_IND,34,37,3,-1,0,-1,-1,1505,29,7,unknown
2775.5710000000036,77:2F:10:45:21:95,952145102f770201021816aafe40c00d908326e0b3f70229ff7d66fb89af6a323f8c,-8359.0,95698.0,-114853.0,66938.0,-155651.0,,0,0,0,0,0,1,1,0,ADV_IND,34,37,9,-1,0,-1,-1,2050,28,8,unknown
2777.129000000001,77:2F:10:45:21:95,952145102f770201021816aafe40c00d908326e0b3f70229ff7d66fb89af6a323f8c,691.0,91499.0,-105641.0,51752.0,-152881.0,,0,0,0,0,0,1,1,0,ADV_IND,34,37,9,-1,0,-1,-1,7375,32,8,unknown
2777.9349999999977,E8:4F:A7:42:C2:84,84c242a74fe80201060d16edfe020015197eee71bd54230303ade6,9139.0,87526.0,-70015.0,103918.0,-110709.0,,0,0,0,0,0,0,1,0,ADV_IND,27,37,9,-1,0,-1,-1,7553,32,8,unknown
2778.720000000001,77:2F:10:45:21:95,952145102f770201021816aafe40c00d908326e0b3f70229ff7d66fb89af6a323f8c,-14465.0,101486.0,-99150.0,72805.0,-168731.0,,0,0,0,0,0,1,1,0,ADV_IND,34,37,2,-1,0,-1,-1,6114,32,8,unknown
2780.5520000000033,77:2F:10:45:21:95,952145102f770201021816aafe40c00d908326e0b3f70229ff7d66fb89af6a323f8c,-44043.0,107022.0,-102838.0,59806.0,-150127.0,,0,0,0,0,0,1,1,0,ADV_IND,34,37,15,-1,0,-1,-1,4724,31,7,unknown
2782.5080000000016,77:2F:10:45:21:95,952145102f770201021816aafe40c00d908366e0b3f74229ffdf26fb038f6a3bae8c,-11946.0,72792.0,-104896.0,55756.0,-118428.0,,0,0,0,0,0,0,1,0,ADV_IND,34,37,1,-1,0,-1,-1,8006,32,7,unknown
2785.3269999999975,4D:48:D8:C3:41:1C,1c41c3d8484d0aff4c00121939baa2a2aae487fcbe2896d7825431a4ad798d54a3604b03b4,3147.0,90970.0,-83994.0,62640.0,-108315.0,,0,0,0,0,0,0,1,0,ADV_IND,37,37,6,-1,0,-1,-1,6918,30,7,unknown
2786.6730000000025,77:2F:10:45:21:95,952145102f770201021816aafe40c00d908326e0b3f7027bffff74fa83af7a3b2a84,-16661.0,84123.0,-100286.0,50070.0,-132268.0,,0,0,0,0,0,0,1,0,ADV_IND,34,37,4,-1,0,-1,-1,3359,32,8,unknown
2792.8600000000006,77:2F:10:45:21:95,952145102f770201021816aafe40c00d908326e0b3f70229ffdf64fb018f6a33be84,-4793.0,83362.0,-85643.0,50771.0,-155191.0,,0,0,0,0,0,0,1,0,ADV_IND,34,37,12,-1,0,-1,-1,6775,32,8,unknown
2799.309000000001,77:2F:10:45:21:95,952145102f770201021816aafe40c00d908326e0b3f74229fffd66fbc38ec797601a,-9480.0,100785.0,-89076.0,52552.0,-142791.0,,0,0,0,0,0,0,1,0,ADV_IND,34,37,0,-1,0,-1,-1,4564,32,8,unknown
2801.652000000002,77:2F:50:45:21:95,952145502f770201021816aafe44c10d908726e0b3f70229fffd66fb81cf783baa84,-37911.0,77110.0,-89927.0,47753.0,-139847.0,,0,0,0,0,0,0,1,0,ADV_IND,34,37,2,-1,0,-1,-1,7497,32,8,unknown
2802.9479999999967,E8:4F:A7:02:E2:84,84e202a74fe80201060d16edfe020015197eee71bd54220303edfe,9783.0,88706.0,-70836.0,80573.0,-99486.0,,0,0,0,0,0,1,1,0,ADV_IND,27,37,3,-1,0,-1,-1,3682,32,8,unknown
2802.9479999999967,77:2F:10:45:21:95,952145102f770201021816aafe40c00d908326e0b3f70229ff7d66fb89af6a323f8c,-16458.0,108136.0,-92395.0,73371.0,-146947.0,,0,0,0,0,0,1,1,0,ADV_IND,34,37,4,-1,0,-1,-1,5018,32,8,unknown
2805.5120000000024,88:4F:A7:03:62:84,846203a74f880241060d16edfe020015197eee71bd54220303edfe,23623.0,84879.0,-82325.0,92870.0,-96074.0,,0,0,0,0,0,0,1,0,ADV_IND,27,37,0,-1,0,-1,-1,7484,31,8,unknown
2805.5120000000024,77:2F:10:45:21:95,952145102f770201021816aafe40c00d908326e0b3f70229ff7d66fb89af6a323f8c,-27683.0,89062.0,-90881.0,77873.0,-167443.0,,0,0,0,0,0,1,1,0,ADV_IND,34,37,4,-1,0,-1,-1,5339,32,8,unknown
2806.8439999999973,77:2F:10:45:21:95,952145102f770201021816aafe40c00d908326e0b3f70229ff7d66fb89af6a323f8c,-14385.0,117326.0,-108575.0,72544.0,-158215.0,,0,0,0,0,0,1,1,0,ADV_IND,34,37,1,-1,0,-1,-1,3351,32,8,unknown
2808.9259999999995,77:2F:10:45:21:95,952145102f770201021816aafe40c00d908326e0b3f70229ff7d66fb89af6a323f8c,-1169.0,87967.0,-111524.0,75687.0,-162706.0,,0,0,0,0,0,1,1,0,ADV_IND,34,37,8,-1,0,-1,-1,4669,32,8,unknown
2810.832000000002,77:2F:10:45:21:95,952145102f770201021816aafe40c00d908326e0b3f7426bf7ff34fa038f3033aa84,-5907.0,75988.0,-106511.0,44786.0,-142070.0,,0,0,0,0,0,0,1,0,ADV_IND,34,37,14,-1,0,-1,-1,6132,32,8,unknown
2812.627999999997,48:47:A7:02:E2:B4,b4e202a747480201060d16edfe020015597eee71bd54220303edfe,-4564.0,130678.0,-81906.0,93834.0,-127597.0,,0,0,0,0,0,0,1,0,ADV_IND,27,37,9,-1,0,-1,-1,6746,29,8,unknown
2812.9300000000003,77:2F:10:45:21:91,912145102f770201021816aafe00c00d908326e0b3f70269ff7d34fa89af6a3b2b8c,-9262.0,93138.0,-102349.0,72081.0,-130989.0,,0,0,0,0,0,0,1,0,ADV_IND,34,37,9,-1,0,-1,-1,6917,32,8,unknown
2814.985999999997,77:2F:10:45:21:95,952145102f770201021816aafe40c00d908326e0b3f70229ff7d66fb89af6a323f8c,-3559.0,93850.0,-93915.0,76246.0,-170225.0,,0,0,0,0,0,1,1,0,ADV_IND,34,37,13,-1,0,-1,-1,6883,31,8,unknown
2816.3669999999984,E8:4F:A7:02:E2:84,84e202a74fe80201060d16edfe020015197eee71bd54220303edfe,1062.0,114483.0,-79547.0,88736.0,-102731.0,,0,0,0,0,0,1,1,0,ADV_IND,27,37,7,-1,0,-1,-1,4114,32,8,unknown
2817.095000000001,77:2F:10:45:21:95,952145102f770201021816aafe40c00d908326e0b3f70229ff7d66fb89af6a323b8ceb,-6604.0,70790.0,-110222.0,85245.0,-126735.0,,0,0,0,0,0,0,1,0,ADV_IND,35,37,2,-1,0,-1,-1,6763,32,8,unknown
2819.118999999999,77:2F:58:45:21:95,952145582f770201021816aafe40c00d908326e0b3f70229ff7d66fb89af6a323f8c,-4191.0,114362.0,-108616.0,64192.0,-157141.0,,0,0,0,0,0,0,1,0,ADV_IND,34,37,6,-1,0,-1,-1,6664,30,8,unknown
2819.491000000002,F8:71:18:87:F3:0B,0bf3871871f81eff4c00121900e8d952d2c19f6ed8a6547dd7db3cc4c287340ba987b35722,-28734.0,39831.0,-104819.0,43797.0,-114297.0,,0,0,0,0,0,0,1,2,ADV_NONCONN_IND,37,37,0,-1,0,-1,-1,2633,32,7,unknown
2821.326000000001,F8:71:18:87:F3:1B,1bf3871871f81eff4c00121900e8dd12d2c11f4758865c7c4349be4cc6c3361aa90ea31700,-28718.0,72216.0,-114188.0,49521.0,-155453.0,,0,0,0,0,0,0,1,2,ADV_NONCONN_IND,37,37,10,-1,0,-1,-1,3099,32,7,unknown
2822.9749999999985,77:2F:10:45:21:95,952145102f770201021816aafe00c905d4a766a4b2e7426bf7df34fa038f783baa84,12887.0,76083.0,-117472.0,59147.0,-143598.0,,0,0,0,0,0,0,1,0,ADV_IND,34,37,2,-1,0,-1,-1,2346,32,8,unknown
2829.4559999999983,77:2F:10:45:21:95,952145102f770201021816aafe40c00d908326e0b3f70229ff7d34fb89af6a323b8c,-18672.0,99805.0,-104873.0,56980.0,-107633.0,,0,0,0,0,0,0,1,0,ADV_IND,34,37,6,-1,0,-1,-1,4556,32,8,unknown
2829.4559999999983,F8:71:18:87:F3:1B,1bf3871871f80eff4c00121900e8dd52d2c11f4758864c7ce7db3404c38afc83ab1fb15e04,-58541.0,47599.0,-103828.0,48413.0,-131321.0,,0,0,0,0,0,0,1,2,ADV_NONCONN_IND,37,37,12,-1,0,-1,-1,4178,32,8,unknown
2830.9890000000014,77:2F:10:45:21:95,952145102f770201021816aafe40c00d908326e0b3f70229ff7d66fb89af6a323f8c,-11330.0,86127.0,-103431.0,66439.0,-173101.0,,0,0,0,0,0,1,1,0,ADV_IND,34,37,12,-1,0,-1,-1,3357,32,8,unknown
2830.9890000000014,F8:71:18:87:F3:1B,1bf3871871f81eff4c00121900e8dd52d2c11f4748865c7cc3499e44c6c3361aa98eb34300,-9224.0,30843.0,-112644.0,54569.0,-128419.0,,0,0,0,0,0,0,1,2,ADV_NONCONN_IND,37,37,10,-1,0,-1,-1,1712,30,8,unknown
2832.2710000000006,77:2F:10:45:21:95,952145102f770201021816aafe40c00d908326e0b3f70229ff7d66fb89af6a323f8c,-14908.0,102444.0,-117218.0,84275.0,-175640.0,,0,0,0,0,0,1,1,0,ADV_IND,34,37,2,-1,0,-1,-1,1242,32,7,unknown
2832.2710000000006,F8:71:18:87:F3:1B,1bf3871871f81eff4c00121900e8dd52d2c11f4758865c7c43499e4cc6c3361aa90ea30300,-14542.0,44796.0,-115242.0,48138.0,-152726.0,,0,0,0,0,0,1,1,2,ADV_NONCONN_IND,37,37,1,-1,0,-1,-1,1582,29,8,unknown
2834.868000000002,77:2F:10:45:21:95,952145102f770201021816aafe40c00d908326e0b3f70229ff7d66fb89af6a323f8c,-12366.0,104802.0,-136710.0,85566.0,-168711.0,,0,0,0,0,0,1,1,0,ADV_IND,34,37,12,-1,0,-1,-1,2026,30,7,unknown
2836.1860000000015,77:2F:10:45:21:95,952145102f770201021816aafe40010d14ab62aaf3e74661f7d834db838e4a172a9e,-5428.0,110834.0,-97978.0,46662.0,-153376.0,,0,0,0,0,0,0,1,0,ADV_IND,34,37,8,-1,0,-1,-1,973,32,8,unknown
2837.230000000003,F8:71:18:87:F3:1B,1bf3871871f81eff4c00121900e8dd56d2c11f475c865c7c47499c44c2c33e1aa80eb30700,-47128.0,31820.0,-105289.0,80452.0,-115910.0,,0,0,0,0,0,0,1,2,ADV_NONCONN_IND,37,37,6,-1,0,-1,-1,2138,31,7,unknown
2839.334999999999,77:2F:10:45:21:95,952145102f770201021816aafe40c00d908326e0b3f70229ff7d66fb89af6a323f8c,-34926.0,132695.0,-97445.0,76185.0,-175931.0,,0,0,0,0,0,1,1,0,ADV_IND,34,37,13,-1,0,-1,-1,5428,32,8,unknown
2841.3830000000016,77:2F:10:45:21:95,952145102f770201021816aafe40c105908326a0b3f7c2747572e04b630651854fd5,223.0,73219.0,-100732.0,70763.0,-130625.0,,0,0,0,0,0,0,1,0,ADV_IND,34,37,12,-1,0,-1,-1,2688,32,8,unknown
2843.504000000001,77:2F:10:45:21:95,952145102f770201021816aafe40c00dd42366e0b3b74269fffd34fa898f6a33aa84,-12469.0,106693.0,-105742.0,53781.0,-131436.0,,0,0,0,0,0,0,1,0,ADV_IND,34,37,6,-1,0,-1,-1,7717,32,7,unknown
2845.911,77:2F:50:45:21:95,952145502f770201021816aafe40c00d908366e0b3f76269f7d934db838e4e132a1e,19609.0,81719.0,-93719.0,50376.0,-154315.0,,0,0,0,0,0,0,1,0,ADV_IND,34,37,1,-1,0,-1,-1,2436,32,8,unknown
2847.805999999997,77:2F:10:45:21:95,952145102f770201021816aafe40c00d908326e0b3f70229ff7d66fb89af6a323f8c,-12042.0,87440.0,-95365.0,50353.0,-166716.0,,0,0,0,0,0,1,1,0,ADV_IND,34,37,3,-1,0,-1,-1,3207,31,8,unknown
2849.341999999997,77:2F:10:45:21:95,952145102f770201021816aafe40c10d90a326e0b3f70261f7f974db898e46126a9a,-7031.0,74896.0,-111282.0,62202.0,-148128.0,,0,0,0,0,0,0,1,0,ADV_IND,34,37,12,-1,0,-1,-1,1830,32,8,unknown
2851.756000000001,77:2F:10:45:21:95,952145102f770201021816aafe40c00d908326e0b3f70229ff7d66fb89af6a323f8c,-25146.0,101631.0,-101188.0,58167.0,-157941.0,,0,0,0,0,0,1,1,0,ADV_IND,34,37,11,-1,0,-1,-1,1692,30,8,unknown
2853.5509999999995,77:2F:10:45:21:95,952145102f770201021816aafe40c10d908326e0b3f74229ff6976db838e4e132a9e,12926.0,73837.0,-112868.0,59916.0,-153181.0,,0,0,0,0,0,0,1,0,ADV_IND,34,37,11,-1,0,-1,-1,2686,32,8,unknown
2860.2660000000033,77:2F:10:45:21:95,952145102f770201021816aafe40c00d908326e0b3f70229ff7d66fb89af6a323f8c,-13973.0,107507.0,-112942.0,66818.0,-158459.0,,0,0,0,0,0,1,1,0,ADV_IND,34,37,3,-1,0,-1,-1,1988,32,8,unknown
2861.858,77:2F:10:41:21:95,952141102f770201021816aafe40c00d908326e0b3f70229ff7d66fb89af6a323f8c,-9611.0,94243.0,-107186.0,71308.0,-166625.0,,0,0,0,0,0,0,1,0,ADV_IND,34,37,5,-1,0,-1,-1,7051,32,8,unknown
2863.1889999999985,F8:71:18:87:F3:1B,1bf3871871f81eff4c00121900e8dd52d2c11f4758865c7cc3c9bcccc6c33e0aa90ea31702,-31358.0,30735.0,-102435.0,75320.0,-128675.0,,0,0,0,0,0,0,1,2,ADV_NONCONN_IND,37,37,9,-1,0,-1,-1,3320,28,7,unknown
2863.1889999999985,77:2F:10:45:21:95,952145102f770201121816aafe40c00d908326e0b3f70229ff7d66fb89af6a323f8c,-19776.0,109055.0,-105420.0,73378.0,-166654.0,,0,0,0,0,0,0,1,2,ADV_NONCONN_IND,34,37,7,-1,0,-1,-1,3910,32,7,unknown
2864.5239999999976,77:2F:10:45:21:95,952145102f770201021816aafe40c00d908326e0b3f70229ff7d66fb89af6a323f8c,-7422.0,99039.0,-119333.0,88223.0,-152806.0,,0,0,0,0,0,1,1,0,ADV_IND,34,37,6,-1,0,-1,-1,3317,32,8,unknown
2865.8179999999993,77:2F:10:45:21:95,952145102f770201021816aafe40c004908326a0b3f70269ff7d66fb89af6a323f9c,-17076.0,101671.0,-94779.0,57542.0,-147062.0,,0,0,0,0,0,0,1,0,ADV_IND,34,37,2,-1,0,-1,-1,3710,32,7,unknown
2867.1089999999967,77:2F:10:45:21:95,952145102f770201021816aafe40c00d908326e0b3f70229ff7d66fb89af6a323f8c,-19906.0,92242.0,-116073.0,77065.0,-169030.0,,0,0,0,0,0,1,1,0,ADV_IND,34,37,15,-1,0,-1,-1,7415,31,7,unknown
2868.4060000000027,77:2F:10:45:21:95,952145102f770201021816aafe40c00d908326e0b3f70229ff7d66fb89af6a323f8c,-1485.0,66337.0,-105811.0,76643.0,-145392.0,,0,0,0,0,0,1,1,0,ADV_IND,34,37,8,-1,0,-1,-1,3465,32,8,unknown
2869.9360000000015,77:2F:10:45:21:95,952145102f770241021816aafe40c00d908326e0b3f7022bfffd26fb818f6a323e8c,1037.0,82967.0,-98608.0,49997.0,-142249.0,,0,0,0,0,0,0,1,0,ADV_IND,34,37,11,-1,0,-1,-1,5554,32,8,unknown
2871.938000000002,77:2F:10:45:21:95,952145102f770201021816aafe00c00d908326e0b3f70229f77de6cb430e51076b11,-14416.0,67892.0,-115130.0,70104.0,-106643.0,,0,0,0,0,0,0,1,0,ADV_IND,34,37,13,-1,0,-1,-1,3989,32,8,unknown
2873.9329999999973,77:2F:10:45:21:95,952145102f770201021816aafe40c00d908326e0b3f70229ff7d66fb89af6a323f8c,-14238.0,101013.0,-98074.0,74580.0,-151050.0,,0,0,0,0,0,1,1,0,ADV_IND,34,37,11,-1,0,-1,-1,5760,32,8,unknown
2874.985999999997,68:4F:A7:02:E2:94,94e202a74f6802010e0f16edfe020015197eef71ad54238303eda4,22483.0,78425.0,-82134.0,86785.0,-94919.0,,0,0,0,0,0,0,1,0,ADV_IND,27,37,8,-1,0,-1,-1,3446,32,8,unknown
2875.9460000000036,77:2F:10:45:21:95,952145102f770201021816aafe40c00d908326e0b3f70229ff7d66fb89af6a323f8c,-4048.0,108556.0,-120489.0,78126.0,-170374.0,,0,0,0,0,0,1,1,0,ADV_IND,34,37,5,-1,0,-1,-1,3054,32,7,unknown
2877.993000000002,77:2F:10:45:21:95,952145102f770201021816aafe40c00d908326e0b3f70229ff7d66fb89af6a323f8c,-2804.0,85010.0,-97389.0,56559.0,-139022.0,,0,0,0,0,0,1,1,0,ADV_IND,34,37,11,-1,0,-1,-1,4880,32,8,unknown
2882.2220000000016,77:2F:10:45:21:95,952145102f770201021816aafe40c00d908326e0b3f70229ff7d66fb89af6a323f8c,-22521.0,78763.0,-94881.0,73976.0,-143992.0,,0,0,0,0,0,1,1,0,ADV_IND,34,37,12,-1,0,-1,-1,6174,32,8,unknown
2884.279999999999,77:2F:10:45:21:95,952145102f770201021816aafe40c00d908326e0b3f70229ff7d66fb89af6a323f8c,-20974.0,116388.0,-95037.0,63842.0,-142034.0,,0,0,0,0,0,1,1,0,ADV_IND,34,37,5,-1,0,-1,-1,6249,31,8,unknown
2890.707000000002,77:2F:10:45:21:95,952145102f770201021816aafe40c00d908326e0b3f70229ff7d66fb898f78323a84,-23736.0,91148.0,-104343.0,64178.0,-123504.0,,0,0,0,0,0,0,1,0,ADV_IND,34,37,14,-1,0,-1,-1,7443,32,8,unknown
2892.0009999999966,77:2F:10:45:21:95,952145102f770201021816aafe40c00d908326e0b3f70229ff7d66fb89af6a323f8c,-25379.0,106674.0,-97040.0,74524.0,-163298.0,,0,0,0,0,0,1,1,0,ADV_IND,34,37,12,-1,0,-1,-1,2067,32,7,unknown
2893.311999999998,77:2F:10:45:21:95,952145102f770201021816aafe00c00d908326e0b3f70229ff7d66fb89af6a323f8c,-13761.0,111873.0,-100495.0,54865.0,-154680.0,,0,0,0,0,0,0,1,0,ADV_IND,34,37,9,-1,0,-1,-1,7708,32,8,unknown
2894.639000000003,77:2F:10:45:21:95,952145102f770201021816aafe40c00d908326e0b3f70229ff7d66fb89af6a323f8c,-2284.0,86943.0,-106535.0,60184.0,-149577.0,,0,0,0,0,0,1,1,0,ADV_IND,34,37,3,-1,0,-1,-1,5987,31,7,unknown
2895.9809999999998,77:2F:10:45:21:95,952145102f770201021816aafe40c00d908326e0b3f70229ff7d66fb89af6a323f8c,57.0,59902.0,-104738.0,71976.0,-134752.0,,0,0,0,0,0,1,1,0,ADV_IND,34,37,4,-1,0,-1,-1,6198,32,8,unknown
2895.9809999999998,E8:4F:A7:02:E2:A4,a4e202a74fe80201060d16edfe020115196eee71bd54220307edf6,-2422.0,102799.0,-87298.0,94823.0,-102724.0,,0,0,0,0,0,0,1,0,ADV_IND,27,37,14,-1,0,-1,-1,7872,32,8,unknown
2897.0160000000033,77:2F:10:45:21:95,952145102f770201021816aafe40c00d908326e0b3f70229ff7d66fb89af6a323f8c,-19346.0,91280.0,-104681.0,68809.0,-138832.0,,0,0,0,0,0,1,1,0,ADV_IND,34,37,14,-1,0,-1,-1,1716,32,8,unknown
2898.3050000000003,77:2F:10:45:21:95,952145102f770201021816aafe40c00d908326e0b3f70229ff7d66fb89af6a323f8c,-13468.0,94702.0,-111377.0,64337.0,-161839.0,,0,0,0,0,0,1,1,0,ADV_IND,34,37,15,-1,0,-1,-1,7625,31,8,unknown
2898.559000000001,E8:4F:A7:02:E2:84,84e202a74fe80201060d16edfe020015596eee71bd54220303edf6,1041.0,96903.0,-75598.0,95751.0,-124668.0,,0,0,0,0,0,0,1,0,ADV_IND,27,37,14,-1,0,-1,-1,7360,32,7,unknown
2902.197,E8:4F:A7:42:E6:A0,a0e642a74fe80201060d16edfe020015b34ea642749e76558fc0f6,34708.0,94960.0,-100863.0,78606.0,-85166.0,,0,0,0,0,0,0,1,2,ADV_NONCONN_IND,27,37,2,-1,0,-1,-1,4442,32,8,unknown
2902.197,77:2F:10:45:21:95,952145102f770201021816aafe10c50d148b62e0f3f74229ffdd24fb898f6e323b8c,-11228.0,105216.0,-123410.0,64558.0,-158934.0,,0,0,0,0,0,0,1,0,ADV_IND,34,37,2,-1,0,-1,-1,5604,32,8,unknown
2903.610999999997,78:71:18:87:F3:1B,1bf3871871781aff4c00121900e8dd52d2c11f4758865c7c43499c4cc6c33683ab1ef95415,-59203.0,69935.0,-87877.0,58215.0,-132201.0,,0,0,0,0,0,0,1,2,ADV_NONCONN_IND,37,37,11,-1,0,-1,-1,1706,32,8,unknown
2904.288999999997,77:2F:10:45:21:95,952145102f770201021816aafe40c00d908326e0b3f70229ff7d66fb89af6a323f8c,-26237.0,107559.0,-98412.0,67219.0,-136128.0,,0,0,0,0,0,1,1,0,ADV_IND,34,37,13,-1,0,-1,-1,5518,32,8,unknown
2905.569000000003,F8:71:18:87:F3:1B,1bf3871871f81eff4c00121900e8dd52d2c11f4758865c7c43d9144cc283361ba90ea31300,-46126.0,63455.0,-91161.0,54410.0,-134582.0,,0,0,0,0,0,0,1,2,ADV_NONCONN_IND,37,37,10,-1,0,-1,-1,2148,32,8,unknown
2906.538999999997,77:2F:10:45:21:95,952145102f770201021816aafe40c00d908326e0b3f70229ff7d66fb89af6a323f8c,2288.0,98332.0,-126954.0,79584.0,-175442.0,,0,0,0,0,0,1,1,0,ADV_IND,34,37,4,-1,0,-1,-1,4365,32,8,unknown
2907.5570000000007,F8:71:18:87:F3:1B,1bf3871871f81eff4c00121900e8dd52d2c11f475c86547c4749b44cc6c3360aa90fa30320,-20461.0,14589.0,-104677.0,73111.0,-114025.0,,0,0,0,0,0,0,1,2,ADV_NONCONN_IND,37,37,8,-1,0,-1,-1,3948,31,7,unknown
2908.2419999999984,77:2F:10:45:21:95,952145102f770201021816aafe00c00d908326e0b3b74229ffdd24fb898f6a32a08c,-5014.0,81496.0,-109413.0,63787.0,-118129.0,,0,0,0,0,0,0,1,0,ADV_IND,34,37,1,-1,0,-1,-1,7368,32,8,unknown
2909.3039999999964,78:71:18:87:F3:1B,1bf3871871780eff4c00121900e8dd52d2c11f47c8865c7cd7c99444c68f44cfaa5350d617,-25817.0,32729.0,-96983.0,50860.0,-136086.0,,0,0,0,0,0,0,1,2,ADV_NONCONN_IND,37,37,8,-1,0,-1,-1,7847,31,8,unknown
2910.5910000000003,77:2F:10:45:21:95,952145102f770201021816aafe40c00d908326a0b3b7422bff7d66fb89af6a322f8c,-19996.0,76765.0,-101382.0,59841.0,-128604.0,,0,0,0,0,0,0,1,0,ADV_IND,34,37,12,-1,0,-1,-1,3914,32,7,unknown
2910.855000000003,CD:4C:D8:D2:01:1E,1e01d2d84ccd1eff4c00121939baa2a2aae487fcbe0896d38254a1a08c798d54a3604b03e4,-11506.0,90048.0,-86917.0,72559.0,-116042.0,,0,0,0,0,0,0,1,0,ADV_IND,37,37,12,-1,0,-1,-1,7952,31,7,unknown
2910.855000000003,4D:5C:D8:D2:01:1E,1e01d2d85c4d1eff4c00121939baa2a2aae487bcae0896d78654b1a0ac798d54a3604b42b6,0.0,84411.0,-91607.0,72815.0,-109097.0,,0,0,0,0,0,0,1,0,ADV_IND,37,37,0,-1,0,-1,-1,6729,31,8,unknown
2910.855000000003,CD:4C:D8:D3:41:DE,de41d3d84ccd1eff4c00121939baa2a2aae487ecbc0897d38254a1a4ac698d14ab604b5fa6,-13558.0,92908.0,-89277.0,65749.0,-111799.0,,0,0,0,0,0,0,1,0,ADV_IND,37,37,13,-1,0,-1,-1,6187,31,7,unknown
2911.118999999999,4D:7C:D8:D3:01:5E,5e01d3d87c4d0eff4c00121939daa232aaf487acbe2896d7825431a48c79fd54a3614b1bf4,-7256.0,75743.0,-97375.0,82545.0,-76693.0,,0,0,0,0,0,0,1,2,ADV_NONCONN_IND,37,37,4,-1,0,-1,-1,4825,30,7,unknown
2911.118999999999,CD:4C:D8:D3:01:1E,1e01d3d84ccd0aff4c00121939baa2a2a8e487bcac0896d7825425a0ac798d54aa604b13d4,-14703.0,103798.0,-71070.0,55141.0,-105923.0,,0,0,0,0,0,0,1,0,ADV_IND,37,37,2,-1,0,-1,-1,4881,32,8,unknown
2912.487000000001,77:2F:10:45:21:95,952145102f770201021816aafe40c00d908326e0b3f70229ff7d74fb89af6a322e8c,-5628.0,91044.0,-104144.0,67510.0,-124669.0,,0,0,0,0,0,0,1,0,ADV_IND,34,37,5,-1,0,-1,-1,2298,32,8,unknown
2914.1440000000002,E8:4F:A7:02:E2:84,84e202a74fe80201060d16edfe020015197eee71bd54220303edfe,-8213.0,103762.0,-68249.0,94520.0,-115719.0,,0,0,0,0,0,1,1,0,ADV_IND,27,37,1,-1,0,-1,-1,7530,32,8,unknown
2914.569000000003,77:2F:10:45:21:95,952145102f770201021816aafe00c10d908726e0b3f7026bff7d34fa89af6a3b8884,-6294.0,92852.0,-94959.0,61106.0,-137039.0,,0,0,0,0,0,0,1,0,ADV_IND,34,37,3,-1,0,-1,-1,3015,32,8,unknown
2921.5279999999984,77:2F:10:45:21:95,952145102f770201021816aafe40c00d908326e0b3f70229ff7d66fb89af6a323f8c,-1055.0,85434.0,-101293.0,64349.0,-147353.0,,0,0,0,0,0,1,1,0,ADV_IND,34,37,2,-1,0,-1,-1,6355,29,8,unknown
2922.3050000000003,F8:71:18:87:F3:1B,1bf3871871f81eff4c00121900e8dd52d2c11f4758865c7c43499e4cc6c3361aa90ea30300,-31958.0,58513.0,-100238.0,72807.0,-150474.0,,0,0,0,0,0,1,1,2,ADV_NONCONN_IND,37,37,14,-1,0,-1,-1,5226,32,8,unknown
2922.559000000001,7C:6B:8E:B2:C1:E0,e0c1b28e6b7c0aff4c001219000156e831584ab4e79f765bfe5712ba7f5ee694098c380300,-18986.0,76761.0,-102609.0,81498.0,-109120.0,,0,0,0,0,0,0,1,2,ADV_NONCONN_IND,37,37,14,-1,0,-1,-1,5294,31,7,unknown
2922.559000000001,E8:4F:A7:02:E2:84,84e202a74fe80201060d16edfe020015197eee71bd54220303edfe,-54.0,103185.0,-95757.0,112526.0,-125896.0,,0,0,0,0,0,1,1,0,ADV_IND,27,37,15,-1,0,-1,-1,2665,30,8,unknown
2923.074999999997,77:2F:10:45:21:95,952145102f770241021816aafe40c00c9083e6a4b2e7426bf7df34fb018f7833aa84,14176.0,95955.0,-94559.0,49120.0,-138795.0,,0,0,0,0,0,0,1,0,ADV_IND,34,37,4,-1,0,-1,-1,7696,32,7,unknown
2923.860999999997,7C:2B:8E:B2:C1:E0,e0c1b28e2b7c1eff4c001219000056e831584ab4e79f765afe5712b87f5ee614298c301320,-7283.0,73698.0,-109392.0,84386.0,-103880.0,,0,0,0,0,0,0,1,2,ADV_NONCONN_IND,37,37,8,-1,0,-1,-1,2020,31,8,unknown
2924.381000000001,FA:39:A7:23:35:2B,2b3523a739fa1eff4c00121920016a12512d7b1fb02424f3aac3f6be5bb700739d4dff32c4,-21038.0,58360.0,-103184.0,85165.0,-94850.0,,0,0,0,0,0,0,1,0,ADV_IND,37,37,9,-1,0,-1,-1,5058,32,8,unknown
2924.631999999998,77:2F:10:45:21:95,952145102f770201021816aafe40c00d908326e0b3f70229ff7d66fb89af6a323f8c,-5308.0,81323.0,-105321.0,51262.0,-139997.0,,0,0,0,0,0,1,1,0,ADV_IND,34,37,9,-1,0,-1,-1,4971,32,8,unknown
2925.1759999999995,F8:71:18:87:D7:1B,1bd7871871f80eff4c00121900f8d952d2c31f675c86547c43db9c4c82171c0aa807335722,-38539.0,55198.0,-99590.0,42768.0,-119484.0,,0,0,0,0,0,0,1,2,ADV_NONCONN_IND,37,37,12,-1,0,-1,-1,1132,32,8,unknown
2925.4300000000003,FC:2B:8E:B2:41:E0,e041b28e2bfc1aff4c001219000056e831586ab4e59f765af65732ba7f5ee484098c300700,-30473.0,92753.0,-95962.0,93134.0,-145017.0,,0,0,0,0,0,0,1,2,ADV_NONCONN_IND,37,37,5,-1,0,-1,-1,3486,30,8,unknown
2925.4300000000003,E8:4F:A7:02:E2:84,84e202a74fe80201060d16edfe020015197eee71bd54220303edfe,0.0,86864.0,-72636.0,102983.0,-88037.0,,0,0,0,0,0,1,1,0,ADV_IND,27,37,5,-1,0,-1,-1,7828,32,8,unknown
2926.7309999999998,F8:71:18:87:F3:1B,1bf3871871f81eff4c00121900e8dd52d2c11f4758865c7c43499e4cc6c3361aa90ea30300,-21551.0,77876.0,-111134.0,54188.0,-159489.0,,0,0,0,0,0,1,1,2,ADV_NONCONN_IND,37,37,8,-1,0,-1,-1,7390,31,8,unknown
2926.7309999999998,FC:2B:9E:A0:C1:E0,e0c1a09e2bfc1eff4c001219000156e831584ab4e79f765bfe5732ba7f4ee694098c380300,-10775.0,64532.0,-96626.0,88251.0,-104386.0,,0,0,0,0,0,0,1,2,ADV_NONCONN_IND,37,37,5,-1,0,-1,-1,3634,32,8,unknown
2927.472999999998,77:2F:10:45:21:95,952145102f770201021816aafe40c00d908326e0b3f70229ff7d66fb89af6a323b8c,-19610.0,106591.0,-117244.0,74759.0,-138351.0,,0,0,0,0,0,0,1,0,ADV_IND,34,37,15,-1,0,-1,-1,7441,32,8,unknown
2928.2609999999986,F8:71:18:87:F3:1B,1bf3871871f81eff4c00121900e8dd52d2c11f4758865c7c43499e4cc6c3361aa90e331700,-44184.0,38608.0,-95122.0,64711.0,-150445.0,,0,0,0,0,0,0,1,2,ADV_NONCONN_IND,37,37,0,-1,0,-1,-1,983,32,7,unknown
2928.2609999999986,E8:4F:A7:02:E2:84,84e202a74fe80201060d16edfe020015197eee71bd54620703edf6,13397.0,89077.0,-92634.0,84862.0,-88259.0,,0,0,0,0,0,0,1,0,ADV_IND,27,37,1,-1,0,-1,-1,1365,32,8,unknown
2930.288999999997,77:AF:50:45:21:95,95214550af770201021816aafe40c80d90a366e0b3e7426bfffd34fa178f783bae84,0.0,75887.0,-105341.0,52859.0,-121989.0,,0,0,0,0,0,0,1,0,ADV_IND,34,37,11,-1,0,-1,-1,2450,32,8,unknown
2930.792999999998,E8:4F:A7:02:E2:84,84e202a74fe80201060d16edfe020015197eee71bd54220303edfe,5057.0,69218.0,-83902.0,93309.0,-69955.0,,0,0,0,0,0,1,1,0,ADV_IND,27,37,1,-1,0,-1,-1,1242,32,8,unknown
2931.3110000000015,77:2F:10:45:21:95,952145102f770201021816aafe40c00d900326a0b3e70269ffff76fb89af6a33bf8ceb,-15981.0,73836.0,-91451.0,60790.0,-139272.0,,0,0,0,0,0,0,1,0,ADV_IND,35,37,15,-1,0,-1,-1,5512,32,8,unknown
2932.6229999999996,77:2F:10:45:21:95,952145102f770201021816aafe40c00d900326e0f3e74669f77d34db838e4e172a9e,-3434.0,84576.0,-103047.0,62958.0,-152124.0,,0,0,0,0,0,0,1,0,ADV_IND,34,37,0,-1,0,-1,-1,2853,32,8,unknown
2933.466999999997,F8:71:18:87:F3:1B,1bf3871871f81eff4c00121900e8dd52d2c11f4758865c7c43499e4cc6c3361aa90ea30300,-26140.0,56904.0,-110056.0,72952.0,-159723.0,,0,0,0,0,0,1,1,2,ADV_NONCONN_IND,37,37,8,-1,0,-1,-1,6694,29,7,unknown
2934.991000000002,77:2F:10:45:21:95,952145102f770201021816aafe40c00d908326e0b3f70229fffd66fb81af4e323f9c,-45066.0,88540.0,-86906.0,58875.0,-152776.0,,0,0,0,0,0,0,1,0,ADV_IND,34,37,12,-1,0,-1,-1,3672,32,8,unknown
2935.741000000002,F8:71:18:C7:F3:1B,1bf3c71871f81eff4c00121900e8d952d2c19f6ecc26547447dbb4dc82c31c09a887331722,-14865.0,34186.0,-122366.0,59706.0,-121666.0,,0,0,0,0,0,0,1,2,ADV_NONCONN_IND,37,37,11,-1,0,-1,-1,4755,32,7,unknown
2936.9879999999976,77:2F:10:45:21:95,952145102f770201021816aafe40c00d908326e0b3f70229ff7d66fb89af6a323f8c,-19492.0,80368.0,-103500.0,59039.0,-150617.0,,0,0,0,0,0,1,1,0,ADV_IND,34,37,2,-1,0,-1,-1,7292,32,8,unknown
2938.6929999999993,FA:39:A7:23:35:2B,2b3523a739fa1eff4c00121920016a12513d7b1fb02486f3aac3f6fe5bb740739d4dbf42cc,-3878.0,78805.0,-113527.0,64803.0,-89013.0,,0,0,0,0,0,0,1,0,ADV_IND,37,37,2,-1,0,-1,-1,5052,32,8,unknown
2939.127999999997,77:2F:10:45:21:95,952145102f770201021816aafe40c00d908326e0b3f70229ff7d66fb89af6a323f8c,-59325.0,105181.0,-106294.0,78380.0,-168865.0,,0,0,0,0,0,1,1,0,ADV_IND,34,37,9,-1,0,-1,-1,3069,32,8,unknown
2939.813000000002,F8:71:18:87:D3:1B,1bd3871871f81eff4c00121900f8d956d2c31f675c065c7c9fdb14c4c6873c1aa807331720,-41004.0,67741.0,-90401.0,39593.0,-137527.0,,0,0,0,0,0,0,1,2,ADV_NONCONN_IND,37,37,14,-1,0,-1,-1,2534,30,7,unknown
2941.1670000000013,77:2F:10:45:21:95,952145102f770201021816aafe40c00d908326e0b3f70229ff7d66fb89af6a323f8c,-10769.0,77147.0,-88682.0,70222.0,-140572.0,,0,0,0,0,0,1,1,0,ADV_IND,34,37,15,-1,0,-1,-1,3070,32,8,unknown
2941.6540000000023,E8:4F:A7:02:E2:84,84e202a74fe80201060d16edfe020015197eee71bd54220303edfe,22689.0,93607.0,-69970.0,92424.0,-126116.0,,0,0,0,0,0,1,1,0,ADV_IND,27,37,6,-1,0,-1,-1,3669,32,8,unknown
2942.8600000000006,77:2F:10:45:21:95,952145102f770201021816aafe40c00d908326e0b3f70229ff7d66fb89af6a323f8c,-12023.0,97666.0,-109647.0,63370.0,-165547.0,,0,0,0,0,0,1,1,0,ADV_IND,34,37,9,-1,0,-1,-1,5433,30,8,unknown
2943.6359999999986,F8:71:18:87:F3:1B,1bf3871871f81eff4c00121900e8dd52d2c11f4758865c7c43499e4cc6c33e1aa90ea33322,-15120.0,30318.0,-111747.0,62152.0,-133545.0,,0,0,0,0,0,0,1,2,ADV_NONCONN_IND,37,37,9,-1,0,-1,-1,3040,31,7,unknown
2945.0670000000027,77:2F:10:45:21:95,952145102f770201021816aafe40c00d908326e0b3f70229ff7d66fb89af6a323f8c,0.0,119119.0,-126232.0,85361.0,-164927.0,,0,0,0,0,0,1,1,0,ADV_IND,34,37,5,-1,0,-1,-1,6128,32,8,unknown
2950.845000000001,E8:4F:A7:02:E2:84,84e202a74fe80201060d16edfe020015197eee71bd54220303edfe,21701.0,77985.0,-72983.0,96592.0,-104011.0,,0,0,0,0,0,1,1,0,ADV_IND,27,37,5,-1,0,-1,-1,1436,32,8,unknown
2952.377999999997,F8:71:18:87:F3:1B,1bf3871871f81eff4c00121900e8dd52d2c11f4758865c7c43499e4cc6c3361aa90ea30300,-6973.0,42043.0,-115803.0,49635.0,-155412.0,,0,0,0,0,0,1,1,2,ADV_NONCONN_IND,37,37,2,-1,0,-1,-1,3659,32,8,unknown
2953.328999999998,77:2F:10:45:21:95,952145102f770201021816aafe40c10d90a326e0b3f70229ff5d66fb81af6a332f8c,-32334.0,85452.0,-102741.0,55351.0,-118091.0,,0,0,0,0,0,0,1,0,ADV_IND,34,37,11,-1,0,-1,-1,7934,31,7,unknown
2953.826000000001,F8:71:18:87:F3:1B,1bf3871871f81aff4c00121900e8d952d2c11f4758865c7c43499e4ce2c3741aab0fb34704,-64574.0,59610.0,-87658.0,57478.0,-152332.0,,0,0,0,0,0,0,1,2,ADV_NONCONN_IND,37,37,5,-1,0,-1,-1,1029,32,8,unknown
2953.826000000001,FC:2B:8E:B0:C1:E0,e0c1b08e2bfc1eff4c001219000156e8315842b4e79f765bff5712ba7b5ee614edac384220,5159.0,71143.0,-103549.0,73791.0,-121703.0,,0,0,0,0,0,0,1,2,ADV_NONCONN_IND,37,37,2,-1,0,-1,-1,7423,32,8,unknown
2954.3910000000033,77:2F:10:45:21:95,952145102f770201021816aafe40c00d908326e0b3e70229ff7d66fb89af6a323f8c,-24965.0,101539.0,-97923.0,90891.0,-162930.0,,0,0,0,0,0,0,1,0,ADV_IND,34,37,9,-1,0,-1,-1,5391,32,8,unknown
2954.7479999999996,F8:71:18:87:F3:1B,1bf3871871f81eff4c00121900e8dd52d2c11f674d06547547db34c482871c0ba807335722,-16864.0,28426.0,-104554.0,47675.0,-123699.0,,0,0,0,0,0,0,1,2,ADV_NONCONN_IND,37,37,1,-1,0,-1,-1,5292,32,8,unknown
2955.608,77:2F:10:45:21:95,952145102f770201021816aafe40c00d908326e0b3f70229ff7d66fb89af6a323f8c,-1281.0,87710.0,-102940.0,72261.0,-167584.0,,0,0,0,0,0,1,1,0,ADV_IND,34,37,12,-1,0,-1,-1,2564,32,7,unknown
2956.0449999999983,F8:71:18:87:F3:1B,1bf3871871f81eff4c00121900e8f95252c11f47c8865c74d349be4cc6c3361aa80ea31300,-23382.0,29511.0,-117899.0,49236.0,-99936.0,,0,0,0,0,0,0,1,2,ADV_NONCONN_IND,37,37,7,-1,0,-1,-1,5882,32,8,unknown
2957.8240000000005,E8:4F:A7:02:E2:84,84e202a74fe80201060d16edfe020015197eee71bd54220303edfe,-1380.0,101220.0,-59071.0,100802.0,-123892.0,,0,0,0,0,0,1,1,0,ADV_IND,27,37,15,-1,0,-1,-1,7470,32,8,unknown
2958.021999999997,77:2F:10:45:21:95,952145102f770201021816aafe40c00d908326e0b3f70229ff7d66fb89af6a323f8c,-3709.0,81682.0,-109936.0,56192.0,-139993.0,,0,0,0,0,0,1,1,0,ADV_IND,34,37,8,-1,0,-1,-1,6506,32,8,unknown
2959.565999999999,77:2F:10:45:21:95,952145102f770201021816aafe40c00d908366a4b2f7026bf77d76fa838f783aba84,-3902.0,86062.0,-99064.0,64237.0,-128577.0,,0,0,0,0,0,0,1,0,ADV_IND,34,37,5,-1,0,-1,-1,7585,32,8,unknown
2960.0670000000027,FC:2B:8E:B0:41:E0,e041b08e2bfc1eff4c001219000156e815596ab4e79f765afe5712ba7f5ee4940984300302,-4093.0,68921.0,-111632.0,83522.0,-98485.0,,0,0,0,0,0,0,1,2,ADV_NONCONN_IND,37,37,14,-1,0,-1,-1,3085,31,8,unknown
2960.993999999999,E8:4F:A7:02:E2:84,84e202a74fe80201060d16edfe02c015197eee71bd54020703edfe,7059.0,87780.0,-60310.0,85332.0,-98832.0,,0,0,0,0,0,0,1,0,ADV_IND,27,37,0,-1,0,-1,-1,3155,32,8,unknown
2961.8139999999985,F8:71:58:87:F3:1B,1bf3875871f81eff4c00121900e8dd52d2c11f4748865c7c43c9be4cc6c3341aa90eb30300,-19808.0,40067.0,-119875.0,43292.0,-125392.0,,0,0,0,0,0,0,1,2,ADV_NONCONN_IND,37,37,12,-1,0,-1,-1,3952,32,8,unknown
2963.1500000000015,77:2F:10:45:21:95,952145102f770201021816aafe40480c908326e0b3f74229f77f26fb838f6a3b3e8c,0.0,82613.0,-99813.0,54905.0,-130270.0,,0,0,0,0,0,0,1,0,ADV_IND,34,37,6,-1,0,-1,-1,2396,32,8,unknown
2963.5930000000008,F8:71:18:87:F3:1B,1bf3871871f81eff4c00121900e8dd52d2c11f4758865c7c47499e4cc6c33e1aa98fa30320,-27917.0,40664.0,-85140.0,65691.0,-113368.0,,0,0,0,0,0,0,1,2,ADV_NONCONN_IND,37,37,11,-1,0,-1,-1,6027,32,8,unknown
2964.9519999999975,E8:4F:A7:02:E2:84,84e202a74fe80201060d16edfe020015197eee71bd54220303edfe,12008.0,82927.0,-70846.0,78030.0,-88172.0,,0,0,0,0,0,1,1,0,ADV_IND,27,37,6,-1,0,-1,-1,7641,32,8,unknown
2965.243000000002,77:2F:10:45:21:95,952145102f770201021816aafe40c00d908326a0b3f74229f77d66fb89af6a322f8c,-10045.0,87830.0,-103593.0,57960.0,-159622.0,,0,0,0,0,0,0,1,0,ADV_IND,34,37,12,-1,0,-1,-1,4961,30,7,unknown
2966.0190000000002,EC:2B:8E:B2:C1:E0,e0c1b28e2bec1eff4c001219000256e835584ab4e79f7670f6dfed00ca5ab813af9b3e8ec6,-60867.0,5791.0,-133405.0,60671.0,-189097.0,,0,0,0,0,0,0,1,2,ADV_NONCONN_IND,37,37,2,-1,0,-1,-1,2960,29,7,unknown
2967.095000000001,77:2F:10:45:21:95,952145102f770201021816aafe40c00d908326e0b3f70229ff7d26fb89af6a323f8c,-16569.0,91312.0,-98643.0,64482.0,-152496.0,,0,0,0,0,0,0,1,0,ADV_IND,34,37,8,-1,0,-1,-1,1485,31,8,unknown
2967.783000000003,F8:71:18:87:F3:1B,1bf3871871f81eff4c00121900e8dd52d2c11f4758865c7c43499e4cc6c3361aa90ea30300,-14496.0,35069.0,-109186.0,54736.0,-133209.0,,0,0,0,0,0,1,1,2,ADV_NONCONN_IND,37,37,7,-1,0,-1,-1,5081,32,8,unknown
2968.559000000001,E8:4F:A7:02:E2:84,84e202a74fe80201060d16edfe020015197eee71bd54220303edfe,19671.0,67555.0,-73488.0,114096.0,-103340.0,,0,0,0,0,0,1,1,0,ADV_IND,27,37,5,-1,0,-1,-1,5823,32,8,unknown
2969.5740000000005,CD:4C:D8:D3:01:1E,1e01d3d84ccd1eff4c00121939baa2a2aae487fcbe0886d78254318c0d799d14a3604b52a6,-14160.0,89470.0,-84848.0,60208.0,-84487.0,,0,0,0,0,0,0,1,0,ADV_IND,37,37,3,-1,0,-1,-1,4581,32,7,unknown
2969.5740000000005,CF:2C:D8:D2:01:1E,1e01d2d82ccf1eff4c00121939baa2a2aae487bcbc0896d38254a1a0ac799d54a3604b13a6,7709.0,86873.0,-90505.0,61072.0,-86181.0,,0,0,0,0,0,0,1,0,ADV_IND,37,37,14,-1,0,-1,-1,4161,32,8,unknown
2969.5740000000005,CD:4C:D8:D3:01:1E,1e01d3d84ccd1eff4c00121939baa2a2aae487fcbe0896d38254a1a0ac798d54a3604b03b4,-2559.0,88954.0,-93824.0,65033.0,-99134.0,,0,0,0,0,0,1,1,0,ADV_IND,37,37,0,-1,0,-1,-1,6250,32,8,unknown
2969.9320000000007,CD:4C:D8:D3:01:1E,1e01d3d84ccd1eff4c00121939baa2a2aae487fcbe0896d38254a1a0ac798d54a3604b47b4,-25489.0,100733.0,-75040.0,79500.0,-139679.0,,0,0,0,0,0,0,1,0,ADV_IND,37,37,14,-1,0,-1,-1,3041,30,8,unknown
2969.9320000000007,CD:4C:D8:D3:01:1E,1e01d3d84ccd1eff4c00121939baa222aae487fcbe0896d382d4a5a08c798d54a3604313a6,12040.0,93260.0,-93695.0,48661.0,-87828.0,,0,0,0,0,0,0,1,0,ADV_IND,37,37,15,-1,0,-1,-1,2199,32,8,unknown
2969.9320000000007,CD:4C:D8:C3:01:1E,1e01c3d84ccd0eff4c00121939baa2a2aae487fcbe0896d38254a1a08c798d54a3604b03b4,-10292.0,102145.0,-93452.0,81531.0,-137292.0,,0,0,0,0,0,0,1,0,ADV_IND,37,37,14,-1,0,-1,-1,4407,32,7,unknown
2969.9320000000007,CD:4C:D8:D3:01:1E,1e01d3d84ccd1eff4c00121939baa2a2aae487fcbe0897c38654a1a0ac79cd54a2604303a4,-3500.0,69658.0,-94968.0,69898.0,-70448.0,,0,0,0,0,0,0,1,2,ADV_NONCONN_IND,37,37,0,-1,0,-1,-1,1279,32,8,unknown
2969.9320000000007,CD:4C:D8:D3:01:1E,1e01d3d84ccd1eff4c00121939baa2a2aae487bcbe08960b2ab8111de8f3a85c686a6ec372,-20142.0,93335.0,-86443.0,79439.0,-117791.0,,0,0,0,0,0,0,1,0,ADV_IND,37,37,5,-1,0,-1,-1,4101,31,7,unknown
2969.9320000000007,CD:4C:D8:D3:01:1E,1e01d3d84ccd1eff4c00121939baa2a2aae487fcbe0896d38254a1a0ac798d14a3604b43b4,-6391.0,107539.0,-113776.0,77727.0,-131740.0,,0,0,0,0,0,0,1,0,ADV_IND,37,37,14,-1,0,-1,-1,3914,32,8,unknown
2969.9320000000007,CD:4C:D8:D3:01:1E,1e01d3d84ccd1eff4c0012193bbaa2a2aae487fcbe0896d38654a1a4ac79dd14aa604b03b4,-14365.0,63733.0,-81590.0,72034.0,-91260.0,,0,0,0,0,0,0,1,0,ADV_IND,37,37,10,-1,0,-1,-1,6227,32,8,unknown
2969.9320000000007,CD:48:D8:D3:01:1E,1e01d3d848cd1eff4c00121939baa2a2aae487ecbe0896d38254a1a0ac798d54a3604b42b4,-4253.0,118610.0,-92633.0,71815.0,-126063.0,,0,0,0,0,0,0,1,0,ADV_IND,37,37,7,-1,0,-1,-1,2932,32,8,unknown
2970.2690000000002,CD:4C:D8:C3:41:1E,1e41c3d84ccd1aff4c001219399aa2a2aae485fcbc2896d78254a1a0ac79fd54a3604b12b6,-2176.0,87252.0,-95362.0,67842.0,-86405.0,,0,0,0,0,0,0,1,0,ADV_IND,37,37,5,-1,0,-1,-1,1101,32,8,unknown
2970.2690000000002,CD:4C:D8:D2:01:1E,1e01d2d84ccd1eff4c001219399aa2a2aae487fcbe0896d38254a1a0ac798d54a3604b03a4,-993.0,92487.0,-96689.0,62743.0,-102944.0,,0,0,0,0,0,0,1,2,ADV_NONCONN_IND,37,37,11,-1,0,-1,-1,2410,31,7,unknown
2970.2690000000002,4D:4C:D8:D3:01:1E,1e01d3d84c4d1eff4c00121939baa2a2aae487bcbc0886d78254a5a0ac698d54a3604b43e4,-9255.0,91961.0,-89880.0,60443.0,-93494.0,,0,0,0,0,0,0,1,0,ADV_IND,37,37,14,-1,0,-1,-1,4563,32,7,unknown
2970.2690000000002,CD:4C:D8:D3:01:1E,1e01d3d84ccd1eff4c00121939baa2a2a8e487fcbe0896d38254a5a0ac798d54a3604b13b4,-7420.0,79906.0,-81017.0,61222.0,-98883.0,,0,0,0,0,0,0,1,0,ADV_IND,37,37,5,-1,0,-1,-1,8021,32,8,unknown
2970.2690000000002,CD:4C:D8:D3:01:1E,1e01d3d84ccd0eff4c00121939baa2a2aae487fcbe0896d78254a1a0bc798d54a3604b07b4,-5393.0,80961.0,-89695.0,82575.0,-111996.0,,0,0,0,0,0,0,1,0,ADV_IND,37,37,13,-1,0,-1,-1,4892,32,7,unknown
2970.7490000000034,CD:4C:D8:D3:01:1E,1e01d3d84ccd1eff4c00121939baa2a2aae487adbc2886d382d531a42c798d14a3604356e4,-3395.0,79236.0,-84137.0,58426.0,-106590.0,,0,0,0,0,0,0,1,0,ADV_IND,37,37,10,-1,0,-1,-1,944,32,8,unknown
2970.7490000000034,CD:4C:D8:D3:01:1E,1e01d3d84ccd1eff4c00121939baa2a2aae487fcbe0886d3825521a0ac799d14a3604b07a6,-6012.0,83138.0,-84524.0,61546.0,-95060.0,,0,0,0,0,0,0,1,0,ADV_IND,37,37,9,-1,0,-1,-1,4452,32,8,unknown
2970.7490000000034,CD:4C:D8:D3:01:1E,1e01d3d84ccd1eff4c00121939baa2a2aae487fcbe0896d38254a1a0ac798d14aa608956e6,-7211.0,71107.0,-86417.0,63340.0,-104116.0,,0,0,0,0,0,0,1,0,ADV_IND,37,37,12,-1,0,-1,-1,6544,32,8,unknown
2970.7490000000034,CD:4C:D8:D3:01:1E,1e01d3d84ccd1eff4c00121939baa2a2aae487fcbe0896d38254a1a0ac798d54a3604b03b4,-6190.0,99116.0,-81832.0,68281.0,-129949.0,,0,0,0,0,0,1,1,0,ADV_IND,37,37,5,-1,0,-1,-1,4339,32,8,unknown
2970.7490000000034,CD:4C:D8:C3:01:1E,1e01c3d84ccd1eff4c00121939baa2a6aae487fc2e09860786d431a40c699d54aa714b17f4,4172.0,67154.0,-102627.0,66635.0,-85949.0,,0,0,0,0,0,0,1,0,ADV_IND,37,37,7,-1,0,-1,-1,2402,32,8,unknown
2970.7490000000034,CD:4C:D8:D2:01:1E,1e01d2d84ccd1eff4c00121939baa2a2aae487bcbe0886d38254a1a02c798d14a3604b46a6,-11069.0,92846.0,-102022.0,57425.0,-76226.0,,0,0,0,0,0,0,1,0,ADV_IND,37,37,9,-1,0,-1,-1,5313,32,7,unknown
2970.7490000000034,CD:4C:D8:D3:01:1E,1e01d3d84ccd1eff4c00121939baa2a2aae487fcbe0896d38254a1a0ac798d54a3604b43b4,3573.0,89793.0,-96361.0,74436.0,-137233.0,,0,0,0,0,0,0,1,0,ADV_IND,37,37,10,-1,0,-1,-1,7685,32,7,unknown
2970.7490000000034,CD:4C:D8:D3:01:1E,1e01d3d84ccd1eff4c00121939baa2a2aae487fcbe0896d38254a1a0ac798d54a3604b03b4,-5005.0,79786.0,-78071.0,71139.0,-114668.0,,0,0,0,0,0,1,1,0,ADV_IND,37,37,13,-1,0,-1,-1,4724,32,8,unknown
2970.7490000000034,CD:4C:D8:D3:01:1E,1e01d3d84ccd1eff4c001219399aa2a2aaec87acbe0896d38254a1a0ac798d54a3604b03b4,-6440.0,91476.0,-86573.0,64001.0,-126093.0,,0,0,0,0,0,0,1,0,ADV_IND,37,37,9,-1,0,-1,-1,6324,32,8,unknown
2970.7490000000034,CD:4C:D8:D3:01:1E,1e01d3d84ccd1eff4c00121939baa2a2aae487bcbe0896d38254a1a0ac798d54a3604b03b4,-14395.0,93171.0,-93598.0,68247.0,-99376.0,,0,0,0,0,0,0,1,0,ADV_IND,37,37,3,-1,0,-1,-1,3195,31,8,unknown
2971.211000000003,CD:4C:D8:D3:01:1E,1e01d3d84ccd1eff4c00121939baa2a2aae487fcbe0896d38254a1a0ac798d54a3714b16e6,-4457.0,104089.0,-99492.0,51823.0,-119101.0,,0,0,0,0,0,0,1,0,ADV_IND,37,37,5,-1,0,-1,-1,3115,32,8,unknown
2971.211000000003,CD:4C:D8:D3:01:1E,1e01d3d84ccd1eff4c00121939baa2a2aae487fcbe0896d38254a1a0ac798d54a3604b03b4,-20628.0,95529.0,-90802.0,67220.0,-110088.0,,0,0,0,0,0,1,1,0,ADV_IND,37,37,11,-1,0,-1,-1,2439,31,8,unknown
2971.211000000003,CD:4C:D8:D3:01:1E,1e01d3d84ccd0aff4c00121939baa2a2aae487fcbe0886d38254a1a4ac798d54ab604b03b4,-8106.0,69890.0,-82583.0,81857.0,-93342.0,,0,0,0,0,0,0,1,0,ADV_IND,37,37,13,-1,0,-1,-1,5782,32,8,unknown
2971.211000000003,CD:4C:D8:D3:01:1E,1e01d3d84ccd1eff4c00121939baa2a2aae487fcbe0896d38254a1a0ac798d54a3604b03b4,-4864.0,82596.0,-93213.0,93996.0,-141689.0,,0,0,0,0,0,1,1,0,ADV_IND,37,37,7,-1,0,-1,-1,1675,32,8,unknown
2971.211000000003,CD:4C:D8:D3:01:1E,1e01d3d84ccd0eff4c00121939baa2a2aae487fcbe0896d38254a1a0ac798d54a3604b03b4,0.0,108206.0,-94917.0,67543.0,-132522.0,,0,0,0,0,0,0,1,0,ADV_IND,37,37,0,-1,0,-1,-1,5345,31,8,unknown
2971.211000000003,CD:4C:D8:D3:01:1E,1e01d3d84ccd1eff4c00121939baa2a2aae487fcbe08c6c78254a5a4ac799d54a3604b12e6,-25582.0,91773.0,-91965.0,67806.0,-108136.0,,0,0,0,0,0,0,1,0,ADV_IND,37,37,1,-1,0,-1,-1,1567,32,8,unknown
2971.211000000003,CD:4C:D8:D3:41:1E,1e41d3d84ccd1aff4c00121939baa2a2aae487fcbe0886d38654a1a0ac798d54a3604b03b4,0.0,92336.0,-83128.0,76610.0,-89797.0,,0,0,0,0,0,0,1,0,ADV_IND,37,37,5,-1,0,-1,-1,7889,30,7,unknown
2971.211000000003,CD:4C:D8:D3:01:1E,1e01d3d84ccd1eff4c00121939baa2a2aae487fcbe0896d38254a1a0ac798d54a3604b03b4,-24886.0,78455.0,-89283.0,83767.0,-113153.0,,0,0,0,0,0,0,1,2,ADV_NONCONN_IND,37,37,14,-1,0,-1,-1,5349,31,7,unknown
2971.211000000003,4D:5C:D8:D3:01:1E,1e01d3d85c4d1aff4c00121939baa2a2aae487bcbe0896d38254a1a0ac798d54ab604b07ae,-21485.0,101001.0,-75071.0,61358.0,-102152.0,,0,0,0,0,0,0,1,0,ADV_IND,37,37,3,-1,0,-1,-1,1725,31,8,unknown
2971.6690000000017,CD:4C:D8:D3:41:1A,1a41d3d84ccd1eff4c00121939baa2a2aae487fcbe0896d38254a1a0ac798d54a3604b07b4,132.0,79656.0,-76452.0,59604.0,-116502.0,,0,0,0,0,0,0,1,2,ADV_NONCONN_IND,37,37,14,-1,0,-1,-1,3199,30,7,unknown
2971.6690000000017,CD:4C:D8:D3:01:1E,1e01d3d84ccd1eff4c00121939baa2a2aae487fcbe0896d38254a1a0ac798d54a3604b03b4,-4546.0,76050.0,-79949.0,79811.0,-114368.0,,0,0,0,0,0,1,1,0,ADV_IND,37,37,8,-1,0,-1,-1,7768,32,8,unknown
2971.6690000000017,CD:4C:D8:D3:01:1E,1e01d3d84ccd1eff4c001219399aa2a2aae487bcac0896d7825435a4ac799d54ab7847d6e6,-10137.0,88588.0,-91205.0,62497.0,-78334.0,,0,0,0,0,0,0,1,0,ADV_IND,37,37,6,-1,0,-1,-1,4964,32,8,unknown
2971.6690000000017,4D:4C:D8:D3:01:1E,1e01d3d84c4d1aff4c0012193bbaa2a2aae4a7bcbc0896d3825421a4ac79cd14a3604307e6,-4774.0,83304.0,-95742.0,62490.0,-72190.0,,0,0,0,0,0,0,1,0,ADV_IND,37,37,2,-1,0,-1,-1,6331,32,8,unknown
2971.6690000000017,CD:5C:D8:D3:01:1E,1e01d3d85ccd1eff4c00121939b8a2a2aae487bcbc0896d3825425a04c61fd14b861435ee6,-3039.0,93131.0,-95162.0,75108.0,-87321.0,,0,0,0,0,0,0,1,0,ADV_IND,37,37,0,-1,0,-1,-1,4404,32,8,unknown
2971.6690000000017,CD:4C:D8:D3:01:1E,1e01d3d84ccd1eff4c00121939baa2a2aae487fcbc0896d38254a1a0ac798d54a3604b03b4,-15119.0,111553.0,-78096.0,63469.0,-132071.0,,0,0,0,0,0,0,1,0,ADV_IND,37,37,2,-1,0,-1,-1,7510,31,7,unknown
2971.6690000000017,4D:4C:D8:D3:01:1E,1e01d3d84c4d1eff4c00121939baa2a6aaec87fcae0996438655a5a0ac798d54ab784713a6,8382.0,71477.0,-103256.0,71226.0,-67437.0,,0,0,0,0,0,0,1,0,ADV_IND,37,37,4,-1,0,-1,-1,5456,32,7,unknown
2971.6690000000017,CD:4C:D8:D3:01:1E,1e01d3d84ccd1eff4c00121939baa2a2aae4a7fcbe0896d38254b1a4ac799d54a2604b46a6,-8583.0,75678.0,-76880.0,70115.0,-87694.0,,0,0,0,0,0,0,1,0,ADV_IND,37,37,9,-1,0,-1,-1,4384,32,8,unknown
2972.129000000001,CD:4C:D8:D3:01:1E,1e01d3d84ccd1eff4c00121939baa2a2aae487fcbe0896d38254a1a0ac798d54a3604b03b4,-10825.0,88300.0,-80300.0,73462.0,-122837.0,,0,0,0,0,0,1,1,0,ADV_IND,37,37,7,-1,0,-1,-1,1454,32,8,unknown
2972.129000000001,CD:4C:D8:D3:01:1E,1e01d3d84ccd1eff4c00121939baaa26aae487acbc28975382d4a5a42d699d54a3704316f6,-7179.0,76982.0,-96818.0,63861.0,-82894.0,,0,0,0,0,0,0,1,0,ADV_IND,37,37,10,-1,0,-1,-1,7838,32,8,unknown
2972.129000000001,CD:4C:D8:D3:01:1E,1e01d3d84ccd1eff4c00121939baa2a2aae487fcbe0896d38254a1a0ac798d54a3604b03f4,1882.0,79974.0,-90064.0,66129.0,-105307.0,,0,0,0,0,0,0,1,0,ADV_IND,37,37,3,-1,0,-1,-1,1223,31,8,unknown
2972.129000000001,CD:4C:D8:D3:01:1E,1e01d3d84ccd1eff4c00121939baa2a2aae487fcbe2896d38254a1a0ac798d54a3604b03a4,-19914.0,88163.0,-94315.0,59773.0,-77358.0,,0,0,0,0,0,0,1,0,ADV_IND,37,37,12,-1,0,-1,-1,4463,32,8,unknown
2972.129000000001,CD:4C:D8:D3:01:1E,1e01d3d84ccd1eff4c00121939baa2a2aae487fcbe0896d7825421a40c799d14ba614b56a6,8109.0,83666.0,-81595.0,56376.0,-93671.0,,0,0,0,0,0,0,1,0,ADV_IND,37,37,0,-1,0,-1,-1,1112,32,7,unknown
2972.129000000001,CD:4C:D8:D3:01:1E,1e01d3d84ccd1eff4c00121939baa2a2aae487fcbe0896d38254a1a0ac798d54a3604b03b4,-14190.0,90161.0,-78870.0,66990.0,-141204.0,,0,0,0,0,0,1,1,0,ADV_IND,37,37,9,-1,0,-1,-1,5952,32,8,unknown
2972.129000000001,CD:4C:D8:D3:01:1E,1e01d3d84ccd1eff4c00121939baa2a2aae487fcbe0896d38254a1a0ac79dd14ab604342e6,-10540.0,92278.0,-78875.0,60237.0,-90012.0,,0,0,0,0,0,0,1,0,ADV_IND,37,37,6,-1,0,-1,-1,2051,32,8,unknown
2972.129000000001,CD:4C:D8:D3:01:1E,1e01d3d84ccd1eff4c00121939baa2a2aae487fcbe0896d382543c74a47594242a6c0954e6,-13240.0,114501.0,-89621.0,64647.0,-113872.0,,0,0,0,0,0,0,1,0,ADV_IND,37,37,7,-1,0,-1,-1,3755,32,8,unknown
2972.5290000000023,CD:4C:D8:D3:01:1E,1e01d3d84ccd1eff4c00121939baa2a2aae487ecbe0896d382543184ad799f54aa604b46e6,-3253.0,76706.0,-98161.0,65789.0,-63130.0,,0,0,0,0,0,0,1,0,ADV_IND,37,37,9,-1,0,-1,-1,5234,32,8,unknown
2972.5290000000023,CD:4C:D8:D3:01:1E,1e01d3d84ccd1eff4c00121939baa2a2aaec87fcbc08e2c782d4a1a08c698d54aa604b16e6,11161.0,69605.0,-105326.0,66713.0,-76374.0,,0,0,0,0,0,0,1,0,ADV_IND,37,37,10,-1,0,-1,-1,4672,32,8,unknown
2972.5290000000023,CD:4C:D8:D3:01:1E,1e01d3d84ccd1eff4c00121939baa2a2aae487fcbe0896d38254a1a0ac798d54a3604b03b4,-15494.0,108785.0,-92706.0,61151.0,-103367.0,,0,0,0,0,0,1,1,0,ADV_IND,37,37,6,-1,0,-1,-1,7265,32,8,unknown
2972.5290000000023,CD:4C:D8:D3:01:1E,1e01d3d84ccd1eff4c00121939baa2a2aae487fcbe0896d38254a1a0ac798d54a3604b03b4,-1716.0,101145.0,-83080.0,78469.0,-127376.0,,0,0,0,0,0,1,1,0,ADV_IND,37,37,4,-1,0,-1,-1,5038,32,8,unknown
2972.5290000000023,CD:4C:D8:D3:01:1E,1e01d3d84ccd1eff4c00121939baa2a2aae487fc2c09c747865525a40c69dd14aa714b56e6,-8416.0,79281.0,-107312.0,76500.0,-88612.0,,0,0,0,0,0,0,1,0,ADV_IND,37,37,5,-1,0,-1,-1,3273,32,8,unknown
2972.5290000000023,CD:4C:D8:D3:01:1E,1e01d3d84ccd1eff4c00121939baa2a2aae487fcbe0896d38254a1a0ac798d54ab604b03b4,-16563.0,101487.0,-82905.0,87395.0,-138142.0,,0,0,0,0,0,0,1,0,ADV_IND,37,37,13,-1,0,-1,-1,4484,31,8,unknown
2972.953999999998,CD:4C:D8:D3:01:3E,3e01d3d84ccd1eff4c00121939baa2a2aae487fcbe0896d38254a1a0ac798d54a3604b03b4,-9221.0,80414.0,-68943.0,47190.0,-88120.0,,0,0,0,0,0,0,1,2,ADV_NONCONN_IND,37,37,5,-1,0,-1,-1,3081,30,7,unknown
2972.953999999998,CD:4C:D8:D3:01:1E,1e01d3d84ccd1eff4c00121939baa2a2aae487ecbe0896d38254a1a0ac798d54a3604b13b4,-5187.0,77388.0,-89757.0,72198.0,-100667.0,,0,0,0,0,0,0,1,0,ADV_IND,37,37,6,-1,0,-1,-1,5584,32,8,unknown
2972.953999999998,CD:4C:D8:D3:01:0E,0e01d3d84ccd1eff4c00121939baa2a2aae487fcbc0886d39254a1a0ac798d54a3604b03b4,15825.0,84117.0,-84086.0,68587.0,-85492.0,,0,0,0,0,0,0,1,0,ADV_IND,37,37,13,-1,0,-1,-1,2565,30,8,unknown
2972.953999999998,4D:48:D8:D3:41:1E,1e41d3d8484d0eff4c00121939baa2a2aaec87fcbe2896d78654a1a08c798d54a3704b16f4,-11638.0,74054.0,-73487.0,56186.0,-90630.0,,0,0,0,0,0,0,1,0,ADV_IND,37,37,14,-1,0,-1,-1,4915,32,7,unknown
2972.953999999998,4D:5C:D8:D3:01:1E,1e01d3d85c4d1eff4c00121939baa2a2aae487ecbc0896d38254a1a02c798d54a3604b03b4,-10182.0,81918.0,-69933.0,59346.0,-90668.0,,0,0,0,0,0,0,1,0,ADV_IND,37,37,7,-1,0,-1,-1,5687,32,8,unknown
2973.6670000000013,77:2F:10:45:21:95,952145102f770201021816aafe40c00d908326e0b3f70229ff7d66fb89af6a332f8c,-26281.0,86419.0,-94000.0,55748.0,-148545.0,,0,0,0,0,0,0,1,0,ADV_IND,34,37,11,-1,0,-1,-1,5746,32,8,unknown
2974.1569999999992,FC:3B:8E:B0:C1:E0,e0c1b08e3bfc1aff4c001219000156e831596ab4ef9f765af7d712b87f1ee694a98c325266,-37651.0,63776.0,-98419.0,87559.0,-109965.0,,0,0,0,0,0,0,1,2,ADV_NONCONN_IND,37,37,7,-1,0,-1,-1,5367,31,8,unknown
2975.523000000001,77:3F:50:45:21:91,912145503f770201021816aafe00c105940326e0b3f70269ff7de4fb81cf6a323e8c,0.0,66069.0,-83731.0,60521.0,-134497.0,,0,0,0,0,0,0,1,0,ADV_IND,34,37,15,-1,0,-1,-1,5013,32,8,unknown
2979.936999999998,FC:2B:8E:B0:C1:E0,e0c1b08e2bfc1eff4c001219000156e831584ab4e79f765afe5312ba7f5ee694898c300600,0.0,71910.0,-100062.0,69617.0,-119330.0,,0,0,0,0,0,0,1,2,ADV_NONCONN_IND,37,37,13,-1,0,-1,-1,5083,32,8,unknown
2980.1569999999992,E8:4F:A7:02:E2:84,84e202a74fe80201060d16edfe020015197eee71bd54220303edfe,6302.0,102891.0,-96248.0,102346.0,-117264.0,,0,0,0,0,0,1,1,0,ADV_IND,27,37,10,-1,0,-1,-1,1914,32,8,unknown
2980.800000000003,77:2F:10:45:21:95,952145102f770201021816aafe40c00d908326e0b3f70229ff7d66fb89af6a323f8c,-13796.0,104687.0,-101717.0,74796.0,-168735.0,,0,0,0,0,0,1,1,0,ADV_IND,34,37,8,-1,0,-1,-1,6655,32,7,unknown
2980.9950000000026,FC:2B:8E:B0:C1:E0,e0c1b08e2bfc1eff4c001219000156e8b1594ab4e79f765afe5712ba7f5ee694098c304702,-11494.0,73702.0,-111402.0,79901.0,-110224.0,,0,0,0,0,0,0,1,2,ADV_NONCONN_IND,37,37,9,-1,0,-1,-1,6566,32,8,unknown
2981.8459999999977,77:2F:10:45:21:95,952145102f770201021816aafe40c00d908326e0b3f70229ff7d66fb89af6a323f8c,10962.0,88116.0,-106170.0,74818.0,-158337.0,,0,0,0,0,0,1,1,0,ADV_IND,34,37,10,-1,0,-1,-1,6523,31,8,unknown
2982.072,F8:71:18:87:F3:1B,1bf3871871f81eff4c00121900e8dd1250c11f475c865c7cc3493e44c6833c1ba907a34322,-22696.0,12295.0,-120820.0,60306.0,-101635.0,,0,0,0,0,0,0,1,2,ADV_NONCONN_IND,37,37,13,-1,0,-1,-1,7174,32,8,unknown
2983.3669999999984,F8:71:18:87:F3:1B,1bf3871871f81eff4c00121998fcb9d612e10b4e30d6de7e63dac45cdd88101baa2ba35362,-17436.0,25044.0,-98347.0,53622.0,-105488.0,,0,0,0,0,0,0,1,2,ADV_NONCONN_IND,37,37,10,-1,0,-1,-1,5940,32,8,unknown
2983.591999999997,FC:2B:8E:B0:C1:E0,e0c1b08e2bfc1eff4c001219000156e831584ab4e79f765afe5712ba7f5ee694098c380300,-11911.0,81378.0,-93800.0,76006.0,-127052.0,,0,0,0,0,0,1,1,2,ADV_NONCONN_IND,37,37,5,-1,0,-1,-1,5320,32,8,unknown
2984.667999999998,DC:2B:8E:B0:D1:E0,e0d1b08e2bdc0eff4c001219000156e831584ab4cf9f765aff5712ba7f5ee694098c380300,5933.0,97771.0,-117955.0,84064.0,-134209.0,,0,0,0,0,0,0,1,2,ADV_NONCONN_IND,37,37,15,-1,0,-1,-1,6176,31,7,unknown
2985.5319999999992,77:2F:18:45:21:94,942145182f770201021816aafe40c00c908326e0b3f70269ff7d34fb83af6a3b3a8c,1440.0,76167.0,-105698.0,74748.0,-129437.0,,0,0,0,0,0,0,1,0,ADV_IND,34,37,9,-1,0,-1,-1,5538,31,7,unknown
2985.9000000000015,F8:71:18:87:F3:1B,1bf3871871f80eff4c00121900e8dd52d2c11f675886547c435b1e4cc6c3360aa90ea31300,-38384.0,47849.0,-84069.0,44099.0,-135315.0,,0,0,0,0,0,0,1,2,ADV_NONCONN_IND,37,37,3,-1,0,-1,-1,5465,32,8,unknown
2986.2949999999983,FC:2B:8E:B0:C1:E0,e0c1b08e2bfc1eff4c001219000557e831584abce79f665bf6d732ba7b5e6694098c385602,-7110.0,68004.0,-106353.0,78546.0,-111469.0,,0,0,0,0,0,0,1,2,ADV_NONCONN_IND,37,37,9,-1,0,-1,-1,5942,32,8,unknown
2988.230000000003,E8:4F:A7:02:E2:84,84e202a74fe80201060d16edfe020015197eee71bd54220303edfe,11741.0,85459.0,-74197.0,87549.0,-105566.0,,0,0,0,0,0,1,1,0,ADV_IND,27,37,6,-1,0,-1,-1,1483,32,8,unknown
2989.730000000003,F8:71:18:87:F3:1B,1bf3871871f81aff4c00121900e8dd52d2c11f4758865c7c434b9e4cc6c3361aa90ea30300,-35490.0,88308.0,-101544.0,69248.0,-156378.0,,0,0,0,0,0,0,1,2,ADV_NONCONN_IND,37,37,6,-1,0,-1,-1,5632,30,7,unknown
2991.9100000000035,77:2F:10:45:21:95,952145102f770201361816aafe44c00d90032660b2a7022bf77d16fb818f6a3aa888,-18988.0,81574.0,-95833.0,69182.0,-127313.0,,0,0,0,0,0,0,1,0,ADV_IND,34,37,15,-1,0,-1,-1,1573,32,7,unknown
2991.9100000000035,78:71:18:83:D3:1B,1bd3831871781eff4c00121900e8dd52d2c11f475c865c7c43499e4cc6c3361aa90ea30300,-34055.0,43554.0,-95667.0,61011.0,-136651.0,,0,0,0,0,0,0,1,2,ADV_NONCONN_IND,37,37,0,-1,0,-1,-1,1209,31,7,unknown
2992.216999999997,E8:4F:A7:02:E2:84,84e202a74fe80201060d16edfe020015197eee71bd54220303edfe,5699.0,82216.0,-83218.0,96074.0,-89693.0,,0,0,0,0,0,1,1,0,ADV_IND,27,37,7,-1,0,-1,-1,5757,32,8,unknown
2994.118999999999,77:2F:10:45:21:95,952145102f770201021816aafe40c00d908326e0b3f70229ff7d26fb89af6a323f8c,-22113.0,87473.0,-107727.0,79111.0,-159255.0,,0,0,0,0,0,0,1,0,ADV_IND,34,37,10,-1,0,-1,-1,2262,31,8,unknown
2994.118999999999,F8:71:18:87:F3:8B,8bf3871871f81aff4c00121900e8dd52d2c11d4758865c7c43491cccc2c3341aa906a30320,-36429.0,16842.0,-112912.0,61034.0,-110511.0,,0,0,0,0,0,0,1,2,ADV_NONCONN_IND,37,37,5,-1,0,-1,-1,3160,32,8,unknown
2994.118999999999,FC:2B:8E:B0:C1:E0,e0c1b08e2bfc1eff4c001219000156e831584ab4e79f765eff5712ba7f1ee694098c205302,-20884.0,61950.0,-91919.0,64046.0,-131580.0,,0,0,0,0,0,0,1,2,ADV_NONCONN_IND,37,37,12,-1,0,-1,-1,1859,32,8,unknown
2996.0279999999984,77:2F:10:45:21:95,952145102f770201021816aafe40c00d908326e0b3f70229ff7d66fb89af6a323f8c,-13051.0,93789.0,-93307.0,65302.0,-164864.0,,0,0,0,0,0,1,1,0,ADV_IND,34,37,11,-1,0,-1,-1,1984,32,8,unknown
2996.0279999999984,F8:71:18:C7:F3:1B,1bf3c71871f81eff4c00121900e8dd52d0c31f4748865c7c87cb3c4cc6c31e1ba90ea35302,-30578.0,40011.0,-93558.0,50498.0,-126351.0,,0,0,0,0,0,0,1,2,ADV_NONCONN_IND,37,37,4,-1,0,-1,-1,5257,32,8,unknown
2996.0279999999984,FC:2B:8E:B2:C1:E0,e0c1b28e2bfc1aff4c001219000156e8315842b4c79f765efe5712ba7f5ee494098c380320,-15807.0,74008.0,-100633.0,76683.0,-109131.0,,0,0,0,0,0,0,1,2,ADV_NONCONN_IND,37,37,12,-1,0,-1,-1,7471,31,7,unknown
2996.0279999999984,E8:4F:A7:02:E2:84,84e202a74fe80201060d16edfe020015197eee71bd54220303edfe,4189.0,93156.0,-74019.0,102561.0,-111341.0,,0,0,0,0,0,1,1,0,ADV_IND,27,37,6,-1,0,-1,-1,3765,32,8,unknown
2997.805999999997,77:2F:10:45:21:95,952145102f770201021816aafe40c00d907766e0b2e7026bf7df34fb038f6833aa84,0.0,83123.0,-105092.0,59953.0,-127256.0,,0,0,0,0,0,0,1,0,ADV_IND,34,37,7,-1,0,-1,-1,4494,32,8,unknown
2997.805999999997,F8:71:18:87:F3:1B,1bf3871871f81eff4c00121900e8dd52d2c11f475886547cc3499e4cc683361aa90ea34202,-58057.0,44737.0,-94955.0,49592.0,-131143.0,,0,0,0,0,0,0,1,2,ADV_NONCONN_IND,37,37,10,-1,0,-1,-1,6634,32,8,unknown
2998.110999999997,FC:2B:8E:B0:C1:E0,e0c1b08e2bfc1eff4c001219000156e831584ab4e79f765afe5712ba7f5ee694098c380300,-10553.0,66973.0,-103447.0,88379.0,-128500.0,,0,0,0,0,0,1,1,2,ADV_NONCONN_IND,37,37,9,-1,0,-1,-1,2680,32,8,unknown
2999.637999999999,F8:71:18:87:F3:1B,1bf3871871f81eff4c00121900e8dd52d2c11f4758865c7c43499e4cc6c3361aa90ea30300,-16014.0,27415.0,-116341.0,60860.0,-138950.0,,0,0,0,0,0,1,1,2,ADV_NONCONN_IND,37,37,4,-1,0,-1,-1,5051,32,8,unknown
2999.637999999999,77:2F:10:45:21:95,952145102f770201021816aafe40c00d908326e0f3c70261f3d914db838e4e132a9e,-13739.0,95327.0,-105681.0,54496.0,-127359.0,,0,0,0,0,0,0,1,2,ADV_NONCONN_IND,34,37,0,-1,0,-1,-1,7123,32,7,unknown
3002.0699999999997,77:2F:10:45:21:95,952145102f770201021816aafe40c00d10ab2208f3cf4640f3c895dbc29ec713621a,2380.0,75810.0,-104007.0,56743.0,-117707.0,,0,0,0,0,0,0,1,0,ADV_IND,34,37,5,-1,0,-1,-1,7043,32,8,unknown
3003.771999999997,F8:71:18:87:F3:1B,1bf3871871f80aff4c00121900e8dd12d0c11f4e48865c7d4349be44c6c30c1ba886b30322,-35666.0,47782.0,-99471.0,39047.0,-122158.0,,0,0,0,0,0,0,1,2,ADV_NONCONN_IND,37,37,3,-1,0,-1,-1,5207,31,7,unknown
3003.771999999997,77:2F:10:45:21:95,952145102f770201021816aafe40c00d908326e0b3f70229ff7d66fb89af6a323f8c,-11950.0,99770.0,-93099.0,75178.0,-144180.0,,0,0,0,0,0,1,1,0,ADV_IND,34,37,10,-1,0,-1,-1,2796,32,8,unknown
3003.771999999997,7C:2B:CE:B0:C1:A8,a8c1b0ce2b7c1eff4c001219000156e8315842b4e79f765aff575bc1491e4157c2df32d206,-36792.0,25382.0,-110403.0,25305.0,-85661.0,,0,0,0,0,0,0,1,2,ADV_NONCONN_IND,37,37,7,-1,0,-1,-1,2513,30,7,unknown
3005.7620000000024,77:2F:10:45:21:95,952145102f770201021816aafe40c00d908326e0b3f70229ff7d66fb89af6a323f8c,11686.0,97660.0,-106576.0,54654.0,-152054.0,,0,0,0,0,0,1,1,0,ADV_IND,34,37,4,-1,0,-1,-1,3287,31,8,unknown
3010.7940000000017,58:71:58:87:F3:1B,1bf3875871581eff4c0012190068d952d2411f4758865c7c43499e4cc6c3361aa90ea34300,-34126.0,86555.0,-127323.0,75542.0,-164245.0,,0,0,0,0,0,0,1,2,ADV_NONCONN_IND,37,37,6,-1,0,-1,-1,3947,32,8,unknown
3010.997000000003,77:2F:10:45:21:95,952145102f770201021816aafe40c00d908326e0b3f70229ff7d66fb89af6a323f8c,-28281.0,74528.0,-128685.0,98551.0,-157878.0,,0,0,0,0,0,1,1,0,ADV_IND,34,37,10,-1,0,-1,-1,2244,32,8,unknown
3010.997000000003,FC:2B:9E:B0:41:E0,e041b09e2bfc1eff4c001219000156e831584ab4e79f765afe5712ba7f5e66342d84301622,1371.0,64465.0,-102814.0,79696.0,-103006.0,,0,0,0,0,0,0,1,2,ADV_NONCONN_IND,37,37,5,-1,0,-1,-1,4385,32,8,unknown
3011.836000000003,F8:71:18:87:F3:1B,1bf3871871f81eff4c00121900e8dd52d2c11f4758865c7c43499e4cc6c3361aa90ea30300,-30620.0,56110.0,-120377.0,78752.0,-164614.0,,0,0,0,0,0,1,1,2,ADV_NONCONN_IND,37,37,5,-1,0,-1,-1,3045,32,8,unknown
3012.0449999999983,77:2F:10:45:21:95,952145102f770201021816aafe40c00d908326e0b3f70229ff7d66fb89af6a323f8c,-5015.0,91329.0,-117241.0,76537.0,-161327.0,,0,0,0,0,0,1,1,0,ADV_IND,34,37,1,-1,0,-1,-1,1594,32,8,unknown
3012.0449999999983,7C:2B:8E:B2:C1:A0,a0c1b28e2b7c1eff4c001219000156e831584ab4e79f765bff5712ba7f5ee694098c380300,-17281.0,95690.0,-108005.0,89794.0,-137336.0,,0,0,0,0,0,0,1,2,ADV_NONCONN_IND,37,37,10,-1,0,-1,-1,1239,30,7,unknown
3012.9029999999984,E8:4F:A7:02:E2:84,84e202a74fe80201060d16edfe220b155c2eee313fc5030303fff8,31839.0,72559.0,-84399.0,88404.0,-86117.0,,0,0,0,0,0,0,1,2,ADV_NONCONN_IND,27,37,10,-1,0,-1,-1,3110,32,8,unknown
3013.1059999999998,F8:71:18:87:F3:1B,1bf3871871f81eff4c00121900e8dd12d2c11f4f58865c7c43499e4cc2c3361aa90e330700,-34845.0,40231.0,-81814.0,41891.0,-139665.0,,0,0,0,0,0,0,1,2,ADV_NONCONN_IND,37,37,2,-1,0,-1,-1,1127,32,8,unknown
3013.1059999999998,77:2F:10:45:21:95,952145102f770201021816aafe40c00d908326e0b3f70229ff7d66fb89af6a323f8c,-23838.0,105689.0,-94019.0,78340.0,-156897.0,,0,0,0,0,0,1,1,0,ADV_IND,34,37,1,-1,0,-1,-1,2294,32,8,unknown
3014.175000000003,F8:71:18:87:F3:1B,1bf3871871f81aff4c00121900e8dd52d2c11f4758865c7c9b5a3c44c2873c1aa987330700,-37747.0,53040.0,-94913.0,43960.0,-126558.0,,0,0,0,0,0,0,1,2,ADV_NONCONN_IND,37,37,14,-1,0,-1,-1,4383,32,8,unknown
3014.3859999999986,77:2F:50:C5:21:95,9521c5502f770201021816aafe40c00d948326e0b3f7022bfffd66fb89af78333b8c,-18060.0,81652.0,-93772.0,56060.0,-145158.0,,0,0,0,0,0,0,1,0,ADV_IND,34,37,11,-1,0,-1,-1,5591,32,8,unknown
3014.3859999999986,FC:29:8E:B0:41:E0,e041b08e29fc1eff4c001219000056e831584ab4e79f665aff5710ba7f5ee614098c305300,-7157.0,64031.0,-102821.0,70014.0,-94383.0,,0,0,0,0,0,0,1,2,ADV_NONCONN_IND,37,37,11,-1,0,-1,-1,7771,30,8,unknown
3015.5310000000027,F8:71:18:87:F3:1B,1bf3871871f81eff4c00121900e8dd52d2c11f4758865c7c43499e4cc6c3361aa90ea30300,-31856.0,29911.0,-84970.0,59913.0,-145402.0,,0,0,0,0,0,1,1,2,ADV_NONCONN_IND,37,37,12,-1,0,-1,-1,3125,32,7,unknown
3015.9190000000017,77:2F:10:45:21:95,952145102f770201021816aafe40c00d908326e0b3f70229ff7d66fb89af6a323f8c,-17223.0,126469.0,-108518.0,78990.0,-153018.0,,0,0,0,0,0,1,1,0,ADV_IND,34,37,10,-1,0,-1,-1,4688,32,8,unknown
3017.7090000000026,F8:71:18:87:F3:1B,1bf3871871f81eff4c00121900e8dd12d2c11f4758865c7443cbbe4cc6973c0aa887235720,-10701.0,38659.0,-110106.0,53946.0,-121518.0,,0,0,0,0,0,0,1,2,ADV_NONCONN_IND,37,37,15,-1,0,-1,-1,4728,32,8,unknown
3017.928,77:2F:10:45:21:95,952145102f770201021816aafe40c00d908326e0b3f70229ff7d66fb89af6a323f8c,-19276.0,81373.0,-106232.0,87289.0,-168392.0,,0,0,0,0,0,1,1,0,ADV_IND,34,37,6,-1,0,-1,-1,3407,31,8,unknown
3019.341999999997,E8:4F:A7:02:E2:84,84e202a74fe80201060d16edfe0200151d7fee73bd54220307eda0,14215.0,82215.0,-83107.0,84630.0,-85812.0,,0,0,0,0,0,0,1,0,ADV_IND,27,37,13,-1,0,-1,-1,7634,32,8,unknown
3020.0800000000017,77:2F:10:45:21:95,952145102f770201021816aafe40c00d908326e0b3f70229ff7d66fb89af6a323f8c,-9090.0,87056.0,-103349.0,58493.0,-149099.0,,0,0,0,0,0,1,1,0,ADV_IND,34,37,2,-1,0,-1,-1,1038,31,7,unknown
3021.716999999997,F8:71:18:87:F3:1B,1bf3871871f81eff4c00121900ecdd52d2c11f4758865c7c43cb964cc6c3361aa98ea30700,-21827.0,43976.0,-92926.0,45591.0,-127255.0,,0,0,0,0,0,0,1,2,ADV_NONCONN_IND,37,37,1,-1,0,-1,-1,5404,32,8,unknown
3022.0910000000003,FC:2B:8E:B0:C1:E0,e0c1b08e2bfc0eff4c001219000156e8355842b4e71f665bff5732b87b1e6494a984385f22,-18807.0,71056.0,-98706.0,89527.0,-125096.0,,0,0,0,0,0,0,1,2,ADV_NONCONN_IND,37,37,8,-1,0,-1,-1,2772,32,8,unknown
3023.0910000000003,E8:4F:A7:02:62:86,866202a74fe80201060d16edfe020015197eee71bd54220303edfe,22327.0,126230.0,-117950.0,97416.0,-113729.0,,0,0,0,0,0,0,1,0,ADV_IND,27,37,1,-1,0,-1,-1,5512,32,8,unknown
3023.8499999999985,F8:71:18:87:F3:1B,1bf3871871f81eff4c00121900e8dd52d2c11f4758865675c3d93444c6871c0ba98f335702,-32100.0,52795.0,-86773.0,42780.0,-146535.0,,0,0,0,0,0,0,1,2,ADV_NONCONN_IND,37,37,4,-1,0,-1,-1,2988,32,8,unknown
3024.3440000000046,77:2F:10:45:21:95,952145102f770201021816aafe40c00d908326e0b3f70229f7fd24fa81af6a3b3e8c,-8853.0,89371.0,-92288.0,53864.0,-137223.0,,0,0,0,0,0,0,1,0,ADV_IND,34,37,4,-1,0,-1,-1,5095,32,8,unknown
3025.8989999999976,F8:71:18:87:F3:1B,1bf3871871f80eff4c00121900e8dd52d2c11f4758865c7c43491c4cc6c2341aa90ea30300,-50319.0,69346.0,-102038.0,74937.0,-145112.0,,0,0,0,0,0,0,1,2,ADV_NONCONN_IND,37,37,6,-1,0,-1,-1,969,32,8,unknown
3026.2469999999958,77:2F:10:45:21:95,952145102f770201021816aafe40c00d908326e0b3f70229ff7d66fb89af6a323f8c,0.0,86882.0,-99351.0,54189.0,-146795.0,,0,0,0,0,0,1,1,0,ADV_IND,34,37,14,-1,0,-1,-1,6600,32,8,unknown
3027.3719999999958,E8:4F:A7:02:E2:84,84e202a74fe80201060d16edfe020015197eee71bd54220303bdb0,16415.0,89311.0,-86993.0,94693.0,-95412.0,,0,0,0,0,0,0,1,0,ADV_IND,27,37,3,-1,0,-1,-1,2034,32,8,unknown
3027.742999999995,F8:71:18:87:F3:1B,1bf3871871f81eff4c00121900e8dd52d2c11f4758865c7c47499c4cc6c3361aa906a30300,-31837.0,46737.0,-91779.0,54616.0,-143934.0,,0,0,0,0,0,0,1,2,ADV_NONCONN_IND,37,37,9,-1,0,-1,-1,2561,31,7,unknown
3028.233,77:2F:10:45:21:95,952145102f770201021816aafe40c00d908326e0b3f70229ff7d66fb89af6a323f8c,-13205.0,100516.0,-119294.0,79758.0,-168130.0,,0,0,0,0,0,1,1,0,ADV_IND,34,37,13,-1,0,-1,-1,5375,32,7,unknown
3029.6229999999996,F8:71:18:87:F3:1B,1bf3871871f81eff4c00121900e8dd12d2c11f4758865c7c43499e4cc6c3361aa90ea30300,-29393.0,77414.0,-127115.0,66297.0,-152590.0,,0,0,0,0,0,0,1,2,ADV_NONCONN_IND,37,37,0,-1,0,-1,-1,4207,32,8,unknown
3030.4230000000025,77:2F:10:45:21:95,952145102f770201021816aafe40c00d908326e0b3b7426bf7df36fb838f7a3baa8c,-1573.0,60009.0,-97002.0,59828.0,-137370.0,,0,0,0,0,0,0,1,0,ADV_IND,34,37,15,-1,0,-1,-1,1086,32,8,unknown
3031.1500000000015,E8:4F:A7:02:E2:84,84e202a74fe80201060d16edfe020015197eee71bd54220303edfe,12912.0,85007.0,-81180.0,87946.0,-112215.0,,0,0,0,0,0,1,1,0,ADV_IND,27,37,14,-1,0,-1,-1,6262,32,8,unknown
3031.1500000000015,CD:4C:D8:D3:01:1E,1e01d3d84ccd1eff4c00121939baa2a2aae487fcbc0896d38254a1a0ac798d54ab614b03e6,-7725.0,79819.0,-79396.0,50098.0,-85892.0,,0,0,0,0,0,0,1,0,ADV_IND,37,37,14,-1,0,-1,-1,2906,32,8,unknown
3031.409000000007,CD:4C:D8:D3:01:1E,1e01d3d84ccd1eff4c00121939baa2a2aae487fcbe0896d382d43f840c69dd14a2604316e4,-10388.0,83209.0,-81957.0,64733.0,-94279.0,,0,0,0,0,0,0,1,0,ADV_IND,37,37,11,-1,0,-1,-1,3937,32,8,unknown
3031.409000000007,CD:4C:D8:D3:01:1E,1e01d3d84ccd1eff4c00121939baa2a2aae487fcbe0896d38254a1a0ac798d54a3604b03b4,-6619.0,102598.0,-86480.0,83202.0,-143488.0,,0,0,0,0,0,1,1,0,ADV_IND,37,37,13,-1,0,-1,-1,7718,32,8,unknown
3031.409000000007,CD:4C:D8:D3:01:1E,1e01d3d84ccd1eff4c00121939baa2a2aae487acbe0896d382c437a48c69dd14aa714356e6,-2439.0,84694.0,-94538.0,60371.0,-90701.0,,0,0,0,0,0,0,1,0,ADV_IND,37,37,7,-1,0,-1,-1,2960,32,8,unknown
3031.409000000007,CD:4C:D8:D3:01:1E,1e01d3d84ccd1eff4c00121939baa2a2aae487bcbe0896d38254a1a0ac798d54a3604b03b4,-13295.0,103521.0,-106488.0,91934.0,-120338.0,,0,0,0,0,0,0,1,0,ADV_IND,37,37,9,-1,0,-1,-1,1525,31,8,unknown
3031.409000000007,CD:4C:D8:D3:01:1E,1e01d3d84ccd1eff4c00121939baa2a6aae487fcbe0896d782d4a1a0ad699d54aa604b13e4,-6524.0,65680.0,-82985.0,68397.0,-89686.0,,0,0,0,0,0,0,1,2,ADV_NONCONN_IND,37,37,8,-1,0,-1,-1,5031,32,8,unknown
3031.409000000007,CD:4C:D8:D3:01:1E,1e01d3d84ccd1eff4c00121939baa2a2aae487fcbe0886d38254b1a0ac798d54ab604b1ff4,-3452.0,71468.0,-84298.0,73665.0,-99969.0,,0,0,0,0,0,0,1,0,ADV_IND,37,37,0,-1,0,-1,-1,4129,32,8,unknown
3031.409000000007,CD:4C:D8:D3:01:1E,1e01d3d84ccd1eff4c00121939baa2a2aae487fcbe0896d38254a1a0ac798d54a3604b03b4,-8900.0,85863.0,-68451.0,69549.0,-130946.0,,0,0,0,0,0,1,1,0,ADV_IND,37,37,5,-1,0,-1,-1,5222,32,8,unknown
3031.409000000007,CD:4C:D8:D2:01:1E,1e01d2d84ccd1eff4c001219399aa2a2aae487fcbe2886d3c2542064a4799c44a3644b52a6,11701.0,90441.0,-97634.0,64184.0,-104283.0,,0,0,0,0,0,0,1,0,ADV_IND,37,37,2,-1,0,-1,-1,1495,32,8,unknown
3031.8780000000042,CD:4C:D8:D2:01:1E,1e01d2d84ccd1eff4c00121939baa2a2aae487fcac2896d38654a1a0ac799d54a3604b03b4,-18216.0,92811.0,-95628.0,54720.0,-87949.0,,0,0,0,0,0,0,1,0,ADV_IND,37,37,0,-1,0,-1,-1,3183,32,8,unknown
3031.8780000000042,CD:4C:D8:D3:01:1E,1e01d3d84ccd1eff4c00121939baa2a2aae4a7ecbe0997d3825435a0ac799d54a3604b53b6,-4884.0,71211.0,-78488.0,55779.0,-99460.0,,0,0,0,0,0,0,1,0,ADV_IND,37,37,14,-1,0,-1,-1,7784,32,8,unknown
3031.8780000000042,CD:4C:D8:D2:01:1E,1e01d2d84ccd1aff4c00121939baa2a2aae487fcfe0884d3825c31a4ac798d54aa604b03a4,-9313.0,96809.0,-100386.0,69662.0,-118401.0,,0,0,0,0,0,0,1,0,ADV_IND,37,37,3,-1,0,-1,-1,5064,31,8,unknown
3031.8780000000042,CD:4C:D8:D3:01:1E,1e01d3d84ccd1eff4c001219399aa2a2aaac87ecbe0886d38254a1a02d798d54aa60cb56e6,-22910.0,69140.0,-101742.0,53291.0,-66356.0,,0,0,0,0,0,0,1,0,ADV_IND,37,37,10,-1,0,-1,-1,2805,32,7,unknown
3031.8780000000042,CD:4C:D8:D3:01:1E,1e01d3d84ccd1eff4c00121939baa2a2aae487fcbe0896d3825421a0ac798d54a3604316a4,0.0,77401.0,-102763.0,73484.0,-99959.0,,0,0,0,0,0,0,1,0,ADV_IND,37,37,15,-1,0,-1,-1,3977,32,8,unknown
3031.8780000000042,CD:4C:D8:D3:01:1E,1e01d3d84ccd1eff4c00121939baa2a2aae487fcbe0896d38255a1a0ac798d54a3604b03b4,-12290.0,79854.0,-73641.0,67186.0,-109181.0,,0,0,0,0,0,0,1,0,ADV_IND,37,37,4,-1,0,-1,-1,3137,32,8,unknown
3031.8780000000042,4D:48:D8:D3:01:1E,1e01d3d8484d1eff4c0012193992a2a6aae485bcbe2896d38654a184ac699d54ab604313b4,-8264.0,66093.0,-83025.0,73660.0,-93090.0,,0,0,0,0,0,0,1,0,ADV_IND,37,37,14,-1,0,-1,-1,3874,30,7,unknown
3032.086000000003,F8:71:18:87:F3:1B,1bf3871871f80eff4c00121900e8dd56d2c11f674c865c7547c9b44cc2871c0ba88f335702,-48739.0,42605.0,-100880.0,61043.0,-123282.0,,0,0,0,0,0,0,1,2,ADV_NONCONN_IND,37,37,14,-1,0,-1,-1,1109,32,8,unknown
3032.086000000003,FC:2B:8E:B0:C1:E0,e0c1b08e2bfc1eff4c001219000156e831584abce79f665ee7d332ba7f4ee614ad8430c622,4394.0,71193.0,-98402.0,89822.0,-116978.0,,0,0,0,0,0,0,1,2,ADV_NONCONN_IND,37,37,15,-1,0,-1,-1,4003,32,8,unknown
3032.590999999993,77:2F:10:45:21:95,952145102f770201021816aafe40c00d908326e0b3f70229ffdd74fb89af6a323e8c,643.0,79577.0,-98809.0,67711.0,-151959.0,,0,0,0,0,0,0,1,0,ADV_IND,34,37,0,-1,0,-1,-1,7911,32,8,unknown
3032.590999999993,CD:08:D8:D2:01:1E,1e01d2d808cd1bff4c00121939baa232abe487ecbe38d2479ec521858d79df94a2704353a2,-3485.0,83826.0,-97350.0,59297.0,-85016.0,,0,0,0,0,0,0,1,0,ADV_IND,37,37,12,-1,0,-1,-1,2502,31,8,unknown
3032.590999999993,4D:4C:D8:D2:01:1E,1e01d2d84c4d0aff4c00121939baa2a6aae487fcbc0896d38254b1a4ac799c54ab688b02e4,-11834.0,72815.0,-79307.0,69622.0,-109322.0,,0,0,0,0,0,0,1,0,ADV_IND,37,37,4,-1,0,-1,-1,6237,32,7,unknown
3032.829000000005,CD:50:D8:C3:01:1E,1e01c3d850cd0eff4c00121939baa2a2aaec87fcae2896d39254a1a4ac799d54a3604b07b4,-7543.0,74487.0,-96053.0,88168.0,-95023.0,,0,0,0,0,0,0,1,0,ADV_IND,37,37,9,-1,0,-1,-1,3787,28,7,unknown
3032.829000000005,CD:4C:D8:D3:01:1E,1e01d3d84ccd0eff4c00121939baa2a2aae487fcbe0896d38254a5a0ac798d54a3604b07b6,-10153.0,76801.0,-86525.0,59236.0,-110103.0,,0,0,0,0,0,0,1,0,ADV_IND,37,37,4,-1,0,-1,-1,1334,31,8,unknown
3033.321999999993,CD:4C:D8:D2:01:1E,1e01d2d84ccd1eff4c001219393aa2a2aae487bcbe2896d38254a1a0ac798d14a3604312b4,-17090.0,99385.0,-111760.0,64989.0,-85763.0,,0,0,0,0,0,0,1,0,ADV_IND,37,37,10,-1,0,-1,-1,6735,31,7,unknown
3033.321999999993,4D:4C:D8:D3:01:1E,1e01d3d84c4d1eff4c00121939baa2a2aae487fcbe0896d38254a1a0ac798d54a3604b07b4,-9495.0,110212.0,-94610.0,77246.0,-148402.0,,0,0,0,0,0,0,1,0,ADV_IND,37,37,10,-1,0,-1,-1,7270,32,8,unknown
3033.321999999993,CD:4C:D8:D3:01:1E,1e01d3d84ccd1eff4c00121939baa2a2aae487fcbe0896d38254a1201d798d54ab604b57a6,-14018.0,77126.0,-90390.0,61382.0,-99258.0,,0,0,0,0,0,0,1,0,ADV_IND,37,37,10,-1,0,-1,-1,2724,30,8,unknown
3033.321999999993,CD:4C:D8:D3:01:1E,1e01d3d84ccd1eff4c001219399aa2a2aae487bcbe0896d38254b1a0ac799d54a3604b52b4,-7177.0,79396.0,-98795.0,75022.0,-99613.0,,0,0,0,0,0,0,1,2,ADV_NONCONN_IND,37,37,7,-1,0,-1,-1,6338,32,8,unknown
3033.321999999993,CD:4C:D8:D2:01:1E,1e01d2d84ccd1eff4c00121939baa2a6a9e487bcbe28c3d78ed437841d69dd94aa694fc4a6,6094.0,60086.0,-93207.0,74505.0,-98603.0,,0,0,0,0,0,0,1,2,ADV_NONCONN_IND,37,37,13,-1,0,-1,-1,975,31,7,unknown
3033.839,CF:48:D8:D3:01:1E,1e01d3d848cf1eff4c00121939baa2a2aae487acbe0896d3825425a0ac798d54a3604b42ef,-27790.0,89809.0,-62827.0,74915.0,-111108.0,,0,0,0,0,0,0,1,0,ADV_IND,37,37,3,-1,0,-1,-1,7436,32,8,unknown
3033.839,CD:58:D8:D3:01:1E,1e01d3d858cd1eff4c0012193bbaa2a2aaec85fcbe0896d7825421a48c799d94aa784746f6,2350.0,82147.0,-90013.0,72846.0,-79992.0,,0,0,0,0,0,0,1,2,ADV_NONCONN_IND,37,37,10,-1,0,-1,-1,3441,31,8,unknown
3033.839,CD:4C:D8:D3:41:1E,1e41d3d84ccd1eff4c00121939baa222aae487fcbe0886d38254b1a0ac798d54a3604b17a4,22543.0,94627.0,-79469.0,82125.0,-116901.0,,0,0,0,0,0,0,1,0,ADV_IND,37,37,9,-1,0,-1,-1,1239,28,8,unknown
3033.839,CF:4C:D8:D3:01:1E,1e01d3d84ccf1eff4c00121939baa2a2aae487bcbe2896d38254a1a0ac798d54a2604b03f4,-17109.0,107625.0,-86570.0,74094.0,-114216.0,,0,0,0,0,0,0,1,2,ADV_NONCONN_IND,37,37,5,-1,0,-1,-1,4752,30,7,unknown
3033.839,CF:48:D8:D3:01:1E,1e01d3d848cf0eff4c0012193bbaa2a2aae487ecbe0896d7865433a0ac799d54ab604b0376,-20942.0,93305.0,-72472.0,66165.0,-80383.0,,0,0,0,0,0,0,1,0,ADV_IND,37,37,13,-1,0,-1,-1,5592,31,7,unknown
3034.136999999995,CD:48:D8:D3:01:1E,1e01d3d848cd1eff4c001219399aa2a2aae487fcbe0886d38254a1a0ac798d54a3604b07b4,-3541.0,107006.0,-88788.0,66490.0,-122960.0,,0,0,0,0,0,0,1,0,ADV_IND,37,37,9,-1,0,-1,-1,7915,31,8,unknown
3034.136999999995,CF:4C:D8:D3:01:1E,1e01d3d84ccf1aff4c00121939baa2a2aae487fcbe0896d79654b5a0ac798d54a2604b07f4,2554.0,81232.0,-78186.0,50900.0,-86165.0,,0,0,0,0,0,0,1,2,ADV_NONCONN_IND,37,37,2,-1,0,-1,-1,6274,32,8,unknown
3034.136999999995,CD:4C:D8:D3:41:1E,1e41d3d84ccd0eff4c00121939baa2a2aaec87fcbe0896d38254a1a0ac798d54a3604b03a4,-1544.0,89490.0,-93029.0,76216.0,-105396.0,,0,0,0,0,0,0,1,2,ADV_NONCONN_IND,37,37,10,-1,0,-1,-1,3698,29,7,unknown
3034.136999999995,CD:4C:D8:D3:01:1E,1e01d3d84ccd1eff4c001219399aa2a2aae487fc3e4996d38255a1a08c79cd54a3704b43a4,-3930.0,90024.0,-97878.0,78916.0,-89951.0,,0,0,0,0,0,0,1,0,ADV_IND,37,37,8,-1,0,-1,-1,1745,31,8,unknown
3034.136999999995,4D:4C:D8:D3:41:1E,1e41d3d84c4d1aff4c00121939baa2a2aae487bcbe0896c38254a1a0ac798d54a0604b42f6,-7825.0,98331.0,-85918.0,50835.0,-90614.0,,0,0,0,0,0,0,1,0,ADV_IND,37,37,4,-1,0,-1,-1,2410,32,7,unknown
3036.8170000000027,77:2F:10:45:21:95,952145102f770201021816aafe40c00d90836ee4b3b70229ff7d34fb898f78333a8c,-10134.0,102743.0,-95958.0,55294.0,-113521.0,,0,0,0,0,0,0,1,2,ADV_NONCONN_IND,34,37,15,-1,0,-1,-1,2146,32,8,unknown
3041.6229999999996,F8:71:18:87:F3:1B,1bf3871871f81eff4c00121900e899345759ded90ee7c96ea5d27104e1a8698b2b5bf97614,-44014.0,52337.0,-93138.0,56564.0,-130852.0,,0,0,0,0,0,0,1,2,ADV_NONCONN_IND,37,37,15,-1,0,-1,-1,2651,32,8,unknown
3041.836000000003,77:2F:10:45:21:95,952145102f770201021816aafe40c00d908326e0b3f70229ff7d66fb89af6a323f8c,-25523.0,77002.0,-114662.0,95524.0,-148976.0,,0,0,0,0,0,1,1,0,ADV_IND,34,37,13,-1,0,-1,-1,1635,32,8,unknown
3042.4490000000005,E8:37:AF:12:40:7C,7c4012af37e81eff4c001219a0799601581379663db427e7d65e8e67ae6ef13e7c9ddf0392,-9448.0,69757.0,-78622.0,57163.0,-85363.0,,0,0,0,0,0,0,1,2,ADV_NONCONN_IND,37,37,12,-1,0,-1,-1,7139,32,7,unknown
3042.662999999993,77:2F:10:45:21:94,942145102f770201021816aafe40c00d908326e0b3f70269ff7d66fb89af6a323e8c,-16266.0,110693.0,-120825.0,72052.0,-153321.0,,0,0,0,0,0,0,1,0,ADV_IND,34,37,7,-1,0,-1,-1,5681,29,7,unknown
3043.3240000000005,F8:79:18:87:F3:1B,1bf3871879f81eff4c00121900e8dd52d2c11f4758865c7c43dbb64cc2c3361ba90fa30700,-39235.0,76847.0,-84031.0,53997.0,-145408.0,,0,0,0,0,0,0,1,2,ADV_NONCONN_IND,37,37,5,-1,0,-1,-1,1809,32,8,unknown
3043.5229999999938,FC:2B:8E:B2:C1:E0,e0c1b28e2bfc0eff4c001219000156e831584ab4e79f767bff9f37fa3dee86843b98b05e94,-25766.0,69417.0,-102413.0,86475.0,-122401.0,,0,0,0,0,0,0,1,2,ADV_NONCONN_IND,37,37,13,-1,0,-1,-1,2157,32,8,unknown
3043.987000000001,E8:4F:A7:02:E2:84,84e202a74fe80201060d16edfe020015197eee71bd54220303edfe,-504.0,82586.0,-61973.0,95819.0,-105118.0,,0,0,0,0,0,1,1,0,ADV_IND,27,37,10,-1,0,-1,-1,2032,32,8,unknown
3045.037999999993,77:2F:50:45:21:95,952145502f770201021816aafe40c00d908326e0b3f70229ff7d66fb89af6a323f8c,2398.0,73773.0,-96349.0,62543.0,-155337.0,,0,0,0,0,0,0,1,0,ADV_IND,34,37,13,-1,0,-1,-1,2758,31,8,unknown
3046.087000000007,F8:71:18:87:F3:1B,1bf3871871f81eff4c00121900e8dd5252e21f67cca6547cd7db34c486871c0ba987335702,-1117.0,33684.0,-123362.0,45698.0,-130491.0,,0,0,0,0,0,0,1,2,ADV_NONCONN_IND,37,37,6,-1,0,-1,-1,6402,32,8,unknown
3046.4420000000027,FC:2B:8E:B0:C1:E0,e0c1b08e2bfc1eff4c001219000156e831584ab4e79f765afe5712ba7f5ee694898c380602,-16269.0,71254.0,-92307.0,65552.0,-130065.0,,0,0,0,0,0,0,1,2,ADV_NONCONN_IND,37,37,14,-1,0,-1,-1,3014,30,7,unknown
3046.8109999999942,E8:4F:A7:02:E2:84,84e202a74fe80201060d16edfe020015197eee71bd54220303edfe,8332.0,85255.0,-84709.0,105356.0,-94937.0,,0,0,0,0,0,1,1,0,ADV_IND,27,37,12,-1,0,-1,-1,3028,32,8,unknown
3047.159000000007,77:2F:10:45:21:95,952145102f770201021816aafe40c00d908326e0b3f70229ff7d66fb89af6a323f8c,5977.0,67653.0,-99491.0,46107.0,-126172.0,,0,0,0,0,0,1,1,0,ADV_IND,34,37,3,-1,0,-1,-1,4208,32,8,unknown
3048.267,F8:71:18:87:F3:1B,1bf3871871f81eff4c00121900e8dd5652c11d475c86547c97de34c482871c0ba887335722,-40911.0,26072.0,-116388.0,70145.0,-106468.0,,0,0,0,0,0,0,1,2,ADV_NONCONN_IND,37,37,14,-1,0,-1,-1,6230,32,7,unknown
3048.267,3C:AB:8E:A2:C0:B8,b8c0a28eab3c0eff4c001219000176e8355842b4ce1f665ef74712b87f4ee4342980381602,0.0,73494.0,-104200.0,74627.0,-101451.0,,0,0,0,0,0,0,1,2,ADV_NONCONN_IND,37,37,13,-1,0,-1,-1,6917,31,7,unknown
3050.011999999995,F8:71:18:87:F3:1B,1bf3871871f81eff4c00121900e8dd52d2c11f4758865c7c43499e4cc6c3361aa90ea30300,-51665.0,53254.0,-90306.0,64235.0,-139193.0,,0,0,0,0,0,1,1,2,ADV_NONCONN_IND,37,37,3,-1,0,-1,-1,3737,32,8,unknown
3050.3489999999947,FC:2B:8E:B0:41:E0,e041b08e2bfc1eff4c001219000156e815594ab4e79f765bf6d712b87f4e6e14098c305202,-14466.0,62983.0,-108457.0,78297.0,-96461.0,,0,0,0,0,0,0,1,2,ADV_NONCONN_IND,37,37,1,-1,0,-1,-1,1845,32,7,unknown
3051.2209999999977,77:2F:10:45:21:95,952145102f770201021816aafe40c00d90a366e0b3f70229ff7d66fb89af6a323f8c,-230.0,74222.0,-96099.0,64137.0,-142974.0,,0,0,0,0,0,0,1,0,ADV_IND,34,37,5,-1,0,-1,-1,2092,32,8,unknown
3051.9300000000003,F8:71:18:81:13:1B,1b13811871f81eff4c00121900e8dd52d2c31f4758265c7c43c994ccc2833c0ba907a35717,-35602.0,36029.0,-107228.0,70110.0,-98531.0,,0,0,0,0,0,0,1,2,ADV_NONCONN_IND,37,37,15,-1,0,-1,-1,1899,32,8,unknown
3052.864999999998,77:2F:10:45:21:95,952145102f770201021816aafe40c00d90832620b2a7426bffdd66fb038f6a3baa8c,0.0,73412.0,-100001.0,58785.0,-141676.0,,0,0,0,0,0,0,1,0,ADV_IND,34,37,3,-1,0,-1,-1,2518,32,8,unknown
3053.7739999999976,F8:71:18:87:F3:1B,1bf3871871f81eff4c00121900e8dd52d2c19f6ecc065475d7db34c482871c0ba887335722,-35581.0,40530.0,-97550.0,50132.0,-137620.0,,0,0,0,0,0,0,1,2,ADV_NONCONN_IND,37,37,4,-1,0,-1,-1,5790,32,8,unknown
3054.0970000000016,FC:2B:8E:B0:C1:E0,e0c1b08e2bfc1eff4c001219000156e831584ab4e79f765afe5712ba7f5ee694098c384300,-22204.0,62613.0,-104915.0,87553.0,-142772.0,,0,0,0,0,0,0,1,2,ADV_NONCONN_IND,37,37,0,-1,0,-1,-1,7529,32,8,unknown
3054.4950000000026,E8:4F:A7:02:E2:84,84e202a74fe80201060d16edfe020015197eee71bd54220303edde,20513.0,106011.0,-84269.0,95172.0,-117090.0,,0,0,0,0,0,0,1,1,ADV_DIRECT_IND,27,37,14,-1,0,-1,-1,3668,31,8,unknown
3054.7969999999987,77:2F:10:45:21:95,952145102f770201021816aafec0cb0dd42726a0b2a7426bf7df34fa038d783baa84,6781.0,88817.0,-92881.0,64250.0,-151786.0,,0,0,0,0,0,0,1,0,ADV_IND,34,37,2,-1,0,-1,-1,5066,32,8,unknown
3056.212000000007,F8:71:18:87:F3:1B,1bf3871871f81eff4c00121900e8dd52d2c11f4758865c7c43499c4cc6c30c0ba90f335702,-60816.0,32687.0,-96027.0,72982.0,-130350.0,,0,0,0,0,0,0,1,2,ADV_NONCONN_IND,37,37,5,-1,0,-1,-1,1998,32,8,unknown
3056.969999999994,77:2F:10:45:21:95,952145102f770201021816aafe40c00d948366e0b3e742fbe7df95ba138d3079a0a0,-13108.0,87861.0,-108212.0,61666.0,-129452.0,,0,0,0,0,0,0,1,0,ADV_IND,34,37,1,-1,0,-1,-1,2540,32,8,unknown
3058.008999999998,F8:71:18:87:F3:1B,1bf3871871f81eff4c00121900e8d952d2c11f4758865c7c435b964cc6c3361aa90ea34300,-20778.0,54805.0,-107809.0,53974.0,-152178.0,,0,0,0,0,0,0,1,2,ADV_NONCONN_IND,37,37,9,-1,0,-1,-1,1914,32,8,unknown
3061.0260000000053,77:2F:10:45:21:95,952145102f770201021816aafe40c00d908326e0b3f70229ff7d66fb89af6a323f8c,0.0,82489.0,-92069.0,63659.0,-156681.0,,0,0,0,0,0,1,1,0,ADV_IND,34,37,11,-1,0,-1,-1,4168,32,8,unknown
3062.0049999999974,38:71:18:87:F3:1B,1bf3871871380eff4c00121900e8dd5652c11f465ca65c7d47db944cc2873c0aa90e331300,-26053.0,44494.0,-86310.0,51495.0,-121888.0,,0,0,0,0,0,0,1,2,ADV_NONCONN_IND,37,37,10,-1,0,-1,-1,3336,31,8,unknown
3062.0049999999974,FE:2B:BE:B0:C1:E0,e0c1b0be2bfe0eff4c0012190001d6e8315842b4e79f345afe5713ba7fdee694298c304304,2901.0,62449.0,-119990.0,89836.0,-118215.0,,0,0,0,0,0,0,1,2,ADV_NONCONN_IND,37,37,5,-1,0,-1,-1,7219,30,7,unknown
3063.116000000002,77:2F:10:45:21:95,952145102f770201021816aafe40c00d908326e0b3f70229ff7d66fb89af6a323f8c,-11689.0,86160.0,-99867.0,50123.0,-142301.0,,0,0,0,0,0,1,1,0,ADV_IND,34,37,4,-1,0,-1,-1,4912,32,8,unknown
3065.1890000000058,77:2F:10:45:21:95,952145102f770201021816aafe40c00d908326e0b3f70229ff7d66fb89af6a323f8c,-17784.0,132201.0,-110674.0,82109.0,-166352.0,,0,0,0,0,0,1,1,0,ADV_IND,34,37,8,-1,0,-1,-1,2494,31,7,unknown
3065.9730000000054,F1:F2:D8:4B:36:4E,4e364bd8f2f10eff4c001219008ed61a7c9380642c6f2926716f1c5a787d9e0beaa5514204,-36868.0,65112.0,-86937.0,65215.0,-140595.0,,0,0,0,0,0,0,1,2,ADV_NONCONN_IND,37,37,10,-1,0,-1,-1,3795,32,8,unknown
3065.9730000000054,FC:2B:8E:B0:C1:E0,e0c1b08e2bfc1eff4c001219000156e831584ab4e79f76fafedf37fb3de680c47b9ab87685,-4922.0,68886.0,-101884.0,76787.0,-123202.0,,0,0,0,0,0,0,1,2,ADV_NONCONN_IND,37,37,6,-1,0,-1,-1,2863,32,8,unknown
3065.9730000000054,F1:F2:DC:4B:36:4E,4e364bdcf2f11eff4c001219008ed61af99380602c6f2902716f9c5a787d8e02e3e15b0300,-56028.0,90775.0,-101278.0,66563.0,-148687.0,,0,0,0,0,0,1,1,2,ADV_NONCONN_IND,37,37,4,-1,0,-1,-1,6142,31,8,unknown
3066.3799999999974,E8:47:A7:02:E2:84,84e202a747e80201060d16edfe020015197eee51bd54230303adf4,17407.0,65967.0,-115011.0,100085.0,-99805.0,,0,0,0,0,0,0,1,2,ADV_NONCONN_IND,27,37,1,-1,0,-1,-1,6937,32,8,unknown
3067.0670000000027,77:2F:10:45:21:95,952145102f770201021816aafe40c00d908326e0b3f70229ff7d66fb89af6a323f8c,5917.0,72722.0,-94141.0,59928.0,-149165.0,,0,0,0,0,0,1,1,0,ADV_IND,34,37,0,-1,0,-1,-1,1816,32,8,unknown
3071.8339999999953,73:F2:DC:4B:36:4E,4e364bdcf2731aff4c001219009cd61a599780642c272926736f34d8786ddc0aaaf3731602,-26814.0,53077.0,-92974.0,56927.0,-125972.0,,0,0,0,0,0,0,1,2,ADV_NONCONN_IND,37,37,11,-1,0,-1,-1,2214,32,8,unknown
3072.5009999999966,77:2F:10:45:21:95,952145102f770201021816aafe40c00d908326e0b3f70229ff7d66fb89af6a323f8c,-14247.0,139450.0,-113173.0,85645.0,-167346.0,,0,0,0,0,0,1,1,0,ADV_IND,34,37,3,-1,0,-1,-1,5103,32,8,unknown
3073.1489999999976,FC:2B:9E:B0:C1:E0,e0c1b09e2bfc1eff4c001219000156e831584ab4e79f765afe5712ba7f5e6694098c201322,-443.0,73850.0,-105275.0,73814.0,-119764.0,,0,0,0,0,0,0,1,2,ADV_NONCONN_IND,37,37,15,-1,0,-1,-1,1641,32,8,unknown
3073.1489999999976,F1:F2:DC:4B:36:4E,4e364bdcf2f11eff4c001219008ed61af99380602c6f2902716f9c5a787d8e02e3e15b0300,-36567.0,65610.0,-89805.0,62146.0,-161149.0,,0,0,0,0,0,1,1,2,ADV_NONCONN_IND,37,37,5,-1,0,-1,-1,3087,31,8,unknown
3073.765999999996,77:2F:10:45:21:95,952145102f770201021816aafe40c10d908326e0b3a70269ffdd76fa8baf6a3b2b8c,2075.0,68994.0,-82612.0,50467.0,-137486.0,,0,0,0,0,0,0,1,0,ADV_IND,34,37,3,-1,0,-1,-1,1959,32,8,unknown
3074.3979999999938,FC:3B:8E:B0:C1:E8,e8c1b08e3bfc1eff4c001219000056e8315862b4e79f765afe5712ba7f5eee94098c300300,-40866.0,73853.0,-85243.0,72181.0,-112903.0,,0,0,0,0,0,0,1,2,ADV_NONCONN_IND,37,37,0,-1,0,-1,-1,2951,32,8,unknown
3074.3979999999938,F1:F2:DC:4B:36:4E,4e364bdcf2f11eff4c001219008ed61af99380602c6f2943f5cb640a3effbc8baaad115605,-18023.0,45537.0,-112418.0,71392.0,-150874.0,,0,0,0,0,0,0,1,2,ADV_NONCONN_IND,37,37,14,-1,0,-1,-1,5016,32,7,unknown
3074.833000000006,77:2F:10:45:21:95,952145102f770201021816aafe40c10d908326a0b3f74269fffd74fa83af6a3b2a84,-6154.0,81195.0,-91059.0,47885.0,-145648.0,,0,0,0,0,0,0,1,0,ADV_IND,34,37,12,-1,0,-1,-1,4403,32,8,unknown
3075.4690000000046,E8:4F:A7:02:E2:84,84e202a74fe80201060d16edfe020015197eee71bd54220303edfe,25291.0,79449.0,-83834.0,114820.0,-114712.0,,0,0,0,0,0,1,1,0,ADV_IND,27,37,10,-1,0,-1,-1,7168,32,8,unknown
3075.4690000000046,F1:F2:DC:4B:36:4E,4e364bdcf2f11aff4c001219008ed61af99380600c262902716b9c5a787d9e0aa3e17b4222,-12347.0,27324.0,-87618.0,67641.0,-122287.0,,0,0,0,0,0,0,1,2,ADV_NONCONN_IND,37,37,4,-1,0,-1,-1,6809,32,8,unknown
3076.0680000000066,77:2F:10:45:21:95,952145102f770201021816aafe40c00d908326e0b3f70229ff7d66fb89af6a323f8c,5955.0,81364.0,-82872.0,55578.0,-143710.0,,0,0,0,0,0,1,1,0,ADV_IND,34,37,2,-1,0,-1,-1,1717,32,8,unknown
3076.491000000002,F1:F2:D8:4B:36:4E,4e364bd8f2f10eff4c0012190098d61add9380600c272902f3fbb45a706d9e0aeaf37b5622,-15819.0,39513.0,-98999.0,60992.0,-116656.0,,0,0,0,0,0,0,1,2,ADV_NONCONN_IND,37,37,3,-1,0,-1,-1,5891,32,8,unknown
3076.491000000002,FC:2B:8E:B0:C1:E0,e0c1b08e2bfc1eff4c001219000156e831586aa0cdfbdcf9f39d27fb3de681c47b9ab47c95,-28755.0,91842.0,-76919.0,73982.0,-151976.0,,0,0,0,0,0,0,1,2,ADV_NONCONN_IND,37,37,15,-1,0,-1,-1,6975,31,8,unknown
3077.5020000000004,77:2F:10:45:21:95,952145102f770201021816aafe40c00d908326e0b3f70229ff7d66fb89af6a323f8c,-43089.0,82975.0,-90278.0,78985.0,-161554.0,,0,0,0,0,0,1,1,0,ADV_IND,34,37,15,-1,0,-1,-1,7057,32,8,unknown
3078.1719999999987,E8:4F:A7:02:E2:84,84e202a74fe80201060d16edfe020015197eee71bd54220303edfe,15306.0,89846.0,-77095.0,98165.0,-90568.0,,0,0,0,0,0,1,1,0,ADV_IND,27,37,13,-1,0,-1,-1,5346,32,8,unknown
3078.1719999999987,71:F2:DC:4B:36:4E,4e364bdcf2711eff4c001219009ed61af99380602c6f2902f36f3c5af47cde0aabf17b4622,-43607.0,38293.0,-95231.0,53100.0,-118432.0,,0,0,0,0,0,0,1,2,ADV_NONCONN_IND,37,37,9,-1,0,-1,-1,7073,32,8,unknown
3079.670999999995,77:2F:10:45:21:95,952145102f770201021816aafe40c00d908366e0b3f74269ff5d26fb898f6a332f8c,-19393.0,75721.0,-96634.0,50658.0,-116408.0,,0,0,0,0,0,0,1,0,ADV_IND,34,37,10,-1,0,-1,-1,5191,32,8,unknown
3080.4000000000015,F1:F2:DC:4B:36:4E,4e364bdcf2f11eff4c001219008ed61af99380602c6f2902716f9c5a787d8e02e3e15b0300,-27699.0,60632.0,-109699.0,69717.0,-158073.0,,0,0,0,0,0,1,1,2,ADV_NONCONN_IND,37,37,4,-1,0,-1,-1,4715,31,8,unknown
3081.7450000000026,77:2F:10:45:21:95,952145102f770201021816aafe40c10d908326e0b3f70229ff7d66fb89af6a323f8c,-574.0,93196.0,-96035.0,62185.0,-135984.0,,0,0,0,0,0,0,1,0,ADV_IND,34,37,2,-1,0,-1,-1,2002,32,8,unknown
3084.181000000004,FC:2B:8E:B0:C1:E0,e0c1b08e2bfc1eff4c001219000156e831584ab4e79f765afe5712ba7f5ee694098c380300,-15681.0,74252.0,-108241.0,93996.0,-122541.0,,0,0,0,0,0,1,1,2,ADV_NONCONN_IND,37,37,3,-1,0,-1,-1,4048,32,7,unknown
3085.9549999999945,E8:4F:A7:02:E2:84,84e202a74fe80201060d16edfe020015197eee71bd54220303edfe,22568.0,79091.0,-71660.0,125580.0,-122820.0,,0,0,0,0,0,1,1,0,ADV_IND,27,37,5,-1,0,-1,-1,1014,32,8,unknown
3086.409999999996,FC:2B:8E:B0:C1:E0,e0c1b08e2bfc1eff4c001219000156e831584ab4e79f765afe5712b87f5ee694098c385602,-821.0,51036.0,-102171.0,86931.0,-125265.0,,0,0,0,0,0,0,1,2,ADV_NONCONN_IND,37,37,14,-1,0,-1,-1,4624,32,8,unknown
3086.409999999996,F1:F2:DC:4B:36:4E,4e364bdcf2f11eff4c001219008ed61af99380602c6f2902716f9c5a787d8e02e3e15b0300,-25134.0,39696.0,-101583.0,78056.0,-132509.0,,0,0,0,0,0,1,1,2,ADV_NONCONN_IND,37,37,3,-1,0,-1,-1,5891,32,8,unknown
3087.3740000000034,77:2F:10:45:21:95,952145102f770201021816aafe40c00d908326e0b3f70229ff7d66fb89af6a323f8c,20769.0,79388.0,-106306.0,62201.0,-143124.0,,0,0,0,0,0,1,1,0,ADV_IND,34,37,10,-1,0,-1,-1,1590,32,8,unknown
3088.1990000000005,F1:F2:DC:4B:36:4E,4e364bdcf2f11eff4c001219008ed61af99380602c6f2902716f9c5a787d8e02e3e15b0300,-10219.0,71695.0,-89144.0,59681.0,-136582.0,,0,0,0,0,0,1,1,2,ADV_NONCONN_IND,37,37,15,-1,0,-1,-1,7087,32,8,unknown
3089.667999999998,77:AF:10:45:21:95,95214510af770201021816aafe40c10d908326e0b3f7422bff7d66fb89af6a323f98,-11161.0,85519.0,-96463.0,64530.0,-140706.0,,0,0,0,0,0,0,1,0,ADV_IND,34,37,13,-1,0,-1,-1,1534,32,8,unknown
3089.667999999998,E8:4F:A7:02:E2:84,84e202a74fe80201060d16edfe020197d0a7ee427c9e260785c0fe,26309.0,89257.0,-89215.0,99478.0,-104269.0,,0,0,0,0,0,0,1,0,ADV_IND,27,37,10,-1,0,-1,-1,6956,32,8,unknown
3090.3539999999994,7C:2B:8E:B0:C1:E0,e0c1b08e2b7c1eff4c001219000556e8315842b4c79b547bf75f36ba3fdee4842b8e385084,-12972.0,59305.0,-105057.0,72448.0,-131957.0,,0,0,0,0,0,0,1,2,ADV_NONCONN_IND,37,37,15,-1,0,-1,-1,3385,32,8,unknown
3090.3539999999994,F1:F2:DC:4B:36:4E,4e364bdcf2f11eff4c001219008ed61af99380602c6f2902716f9c5a787d8e02e3e15b0300,-29439.0,70655.0,-95496.0,74975.0,-154962.0,,0,0,0,0,0,1,1,2,ADV_NONCONN_IND,37,37,9,-1,0,-1,-1,7570,31,8,unknown
3092.362000000001,FC:2B:8E:B0:C1:E0,e0c1b08e2bfc0eff4c001219000156e831584ab4e7bf765afe5712ba7f5ee694098c380300,-15996.0,79611.0,-107731.0,93260.0,-118117.0,,0,0,0,0,0,0,1,2,ADV_NONCONN_IND,37,37,1,-1,0,-1,-1,1020,32,8,unknown
3092.362000000001,F1:F2:DC:4B:36:4E,4e364bdcf2f11eff4c001219008ed61af99380602c6f2902716f9c5a787d8e02e3e15b0300,-27214.0,55496.0,-108523.0,60830.0,-142291.0,,0,0,0,0,0,1,1,2,ADV_NONCONN_IND,37,37,8,-1,0,-1,-1,2179,31,8,unknown
3092.6510000000053,CD:4C:D8:D3:01:1E,1e01d3d84ccd1eff4c00121939baa2a2aae487fcbe0896d38254a1a0ac798d54a3640d57a6,-26239.0,105311.0,-89166.0,67029.0,-125601.0,,0,0,0,0,0,0,1,0,ADV_IND,37,37,14,-1,0,-1,-1,7998,32,7,unknown
3092.6510000000053,CD:4C:D8:D3:01:1E,1e01d3d84ccd1eff4c00121939baa2a2aae4a7fcbe08960b86d431a4ad799d54aa604357f6,-10195.0,89583.0,-81872.0,56988.0,-93821.0,,0,0,0,0,0,0,1,0,ADV_IND,37,37,3,-1,0,-1,-1,2214,32,8,unknown
3092.6510000000053,4D:4C:D8:D3:01:1E,1e01d3d84c4d1aff4c00121939baa2a2aae487fcbe0886d3825421a0ac798d54ab604b02e4,-8453.0,71847.0,-85220.0,73372.0,-101384.0,,0,0,0,0,0,0,1,0,ADV_IND,37,37,13,-1,0,-1,-1,6700,32,8,unknown
3092.6510000000053,CD:4C:D8:D2:01:1E,1e01d2d84ccd1eff4c00121939baa2a2aae487fcbe0896d38254a1a0ac798d54a2604b03f6,-1246.0,83649.0,-75461.0,76801.0,-118172.0,,0,0,0,0,0,0,1,0,ADV_IND,37,37,2,-1,0,-1,-1,6235,32,8,unknown
3092.6510000000053,CD:4C:D8:D3:01:1E,1e01d3d84ccd1eff4c00121939baa2a2aaec87ecbe0896d38254a1a08c798d54a3604b03b4,-290.0,77198.0,-85562.0,70810.0,-75058.0,,0,0,0,0,0,0,1,0,ADV_IND,37,37,5,-1,0,-1,-1,2835,30,8,unknown
3092.6510000000053,CD:4C:D8:D3:01:1E,1e01d3d84ccd1eff4c00121939baa2a2aae487fcbe0896d38254a1a0ac798d54a3604b03b4,0.0,98309.0,-90073.0,81365.0,-125131.0,,0,0,0,0,0,1,1,0,ADV_IND,37,37,14,-1,0,-1,-1,4983,32,8,unknown
3092.6510000000053,CD:4C:D8:D3:01:1E,1e01d3d84ccd1eff4c00121939baa2a2aae487fcbe0896d38254a1a0ac798d54a3604b03b4,-1193.0,87159.0,-86300.0,82114.0,-131521.0,,0,0,0,0,0,1,1,0,ADV_IND,37,37,7,-1,0,-1,-1,7574,32,7,unknown
3092.6510000000053,CD:4C:D8:D3:01:1E,1e01d3d84ccd1eff4c00121939baa2a2aae487fcbe0896d38254a1a0ac79ff14aa614356e6,-8025.0,88092.0,-104873.0,55002.0,-81548.0,,0,0,0,0,0,0,1,0,ADV_IND,37,37,4,-1,0,-1,-1,1673,32,8,unknown
3092.6510000000053,CD:48:D8:D3:01:1E,1e01d3d848cd1eff4c00121939baa2a6aaaca7fcbe0887d782d431a4ac698d14aa604357e6,-9385.0,76938.0,-97260.0,67365.0,-76203.0,,0,0,0,0,0,0,1,2,ADV_NONCONN_IND,37,37,14,-1,0,-1,-1,2096,31,8,unknown
3092.6510000000053,CD:4C:D8:D3:01:1E,1e01d3d84ccd1eff4c00121939baa2a2aae487fcbe0886d3825431a4ac799d04aa6c8d7ccf,-14547.0,91074.0,-83609.0,64969.0,-98682.0,,0,0,0,0,0,0,1,0,ADV_IND,37,37,7,-1,0,-1,-1,2965,32,8,unknown
3093.040000000001,CD:4C:D8:D3:01:1E,1e01d3d84ccd1eff4c00121939baa2a2aae487fcbe0896d3825ca1a0ac799c54a2604b06f4,-1587.0,88839.0,-113226.0,74515.0,-112099.0,,0,0,0,0,0,0,1,0,ADV_IND,37,37,10,-1,0,-1,-1,3535,32,8,unknown
3093.040000000001,CD:4C:D8:D3:01:1E,1e01d3d84ccd1eff4c00121939baa2a2aae487fcbe0896d38654b1a0ac79cd54a9614345a4,-7633.0,84995.0,-84645.0,60392.0,-90949.0,,0,0,0,0,0,0,1,0,ADV_IND,37,37,5,-1,0,-1,-1,6933,32,8,unknown
3093.040000000001,CF:4C:D8:D3:01:1E,1e01d3d84ccf0eff4c00121939baa2a6aae487fcbe0896d78254a1a4ac698d54a2604b03b4,-8126.0,83426.0,-78823.0,62707.0,-97845.0,,0,0,0,0,0,0,1,0,ADV_IND,37,37,4,-1,0,-1,-1,3777,32,8,unknown
3093.040000000001,CD:4C:D8:D3:01:1E,1e01d3d84ccd1eff4c00121939baa2a2aae487fcbe0896d38254a1a0ac798d54a3604b03b4,-20960.0,90092.0,-89615.0,64972.0,-113642.0,,0,0,0,0,0,1,1,0,ADV_IND,37,37,0,-1,0,-1,-1,1245,32,8,unknown
3093.040000000001,CD:4C:D8:D3:01:1E,1e01d3d84ccd1eff4c001219399aa2a2aae487fcbe0896d7825431a4ac79cd14aa714b56a6,1411.0,68468.0,-90400.0,69751.0,-89607.0,,0,0,0,0,0,0,1,0,ADV_IND,37,37,12,-1,0,-1,-1,1829,32,8,unknown
3093.387999999999,CD:4C:D8:D3:01:1E,1e01d3d84ccd1eff4c00121939baa2a2aae487bcbe08d6479a54a1a0ac799d14a3714b42e6,-20294.0,93517.0,-90749.0,64628.0,-112522.0,,0,0,0,0,0,0,1,0,ADV_IND,37,37,1,-1,0,-1,-1,2817,32,8,unknown
3093.387999999999,4D:4C:D8:D3:01:1E,1e01d3d84c4d1eff4c00121939baa2a2a8e487fcbc0886d38254a5a08c798d14a3604736f4,-15985.0,96129.0,-78438.0,55759.0,-96809.0,,0,0,0,0,0,0,1,0,ADV_IND,37,37,2,-1,0,-1,-1,6156,32,8,unknown
3093.387999999999,CD:4C:D8:D3:01:1E,1e01d3d84ccd1aff4c00121939baa2a2aaec87ecbe0896d78254a1a05c69fd14ab714b12e6,7959.0,74861.0,-77946.0,58694.0,-104220.0,,0,0,0,0,0,0,1,0,ADV_IND,37,37,15,-1,0,-1,-1,4842,31,8,unknown
3093.387999999999,CF:48:D8:D3:01:1E,1e01d3d848cf1aff4c00121939baa222aaac87fcbe29d6d38255a1a0ac79cd54a2604b5eb6,-11899.0,83539.0,-86919.0,67534.0,-57921.0,,0,0,0,0,0,0,1,0,ADV_IND,37,37,11,-1,0,-1,-1,7419,31,7,unknown
3093.387999999999,CD:48:D8:D2:01:1E,1e01d2d848cd1eff4c00121939baa2a2aae487fcbc0896438654a1a0ac718d44a2604952e4,-4560.0,92769.0,-90735.0,57894.0,-96875.0,,0,0,0,0,0,0,1,0,ADV_IND,37,37,13,-1,0,-1,-1,2327,32,8,unknown
3093.387999999999,CD:4C:D8:D3:01:1E,1e01d3d84ccd0eff4c00121939baa2a2aae487fcbe0896d38254b1a0ac798d54a3604b43b6,-2464.0,64598.0,-76704.0,60614.0,-90221.0,,0,0,0,0,0,0,1,0,ADV_IND,37,37,6,-1,0,-1,-1,6061,32,8,unknown
3093.387999999999,CD:4C:D8:D3:01:1E,1e01d3d84ccd1eff4c00121939baa2a2aae487fcbe0896d38254a1a0ac798d54a3604b03b4,1106.0,73178.0,-89233.0,74953.0,-122321.0,,0,0,0,0,0,1,1,0,ADV_IND,37,37,5,-1,0,-1,-1,3483,32,7,unknown
3093.387999999999,CD:4C:D8:D3:01:1E,1e01d3d84ccd1eff4c00121939baa2a2aae487fcbe0894d3825425a0ac798d54a3604b03a4,-6508.0,90336.0,-95732.0,80474.0,-118772.0,,0,0,0,0,0,0,1,0,ADV_IND,37,37,13,-1,0,-1,-1,2176,32,7,unknown
3093.387999999999,CD:5C:D8:D3:41:1E,1e41d3d85ccd1eff4c00121939baa2a2aae487bcbe0896d38254b1a0ac798d54a3604b03b4,-29006.0,101918.0,-79120.0,93066.0,-125888.0,,0,0,0,0,0,0,1,0,ADV_IND,37,37,6,-1,0,-1,-1,4327,30,8,unknown
3093.387999999999,CD:4C:D8:D3:01:1E,1e01d3d84ccd1eff4c00121939baa2a2aaec87fcbe0886d38254b1a08c799d54a3604b03b4,-11303.0,96669.0,-98436.0,74005.0,-114935.0,,0,0,0,0,0,0,1,0,ADV_IND,37,37,5,-1,0,-1,-1,1033,31,7,unknown
3093.387999999999,CD:4C:D8:D3:01:1E,1e01d3d84ccd1eff4c00121939baa2a2aae487fcbe0896538254a5a0ac798d94aa704317b6,-9651.0,81849.0,-82067.0,60587.0,-88194.0,,0,0,0,0,0,0,1,0,ADV_IND,37,37,7,-1,0,-1,-1,5467,31,8,unknown
3093.387999999999,77:2F:58:45:21:95,952145582f770201021816aafe40c00d908366a8b3f74261ff5d66fb8baf6a333b8c,-4753.0,97342.0,-107493.0,69278.0,-154233.0,,0,0,0,0,0,0,1,0,ADV_IND,34,37,5,-1,0,-1,-1,6747,32,7,unknown
3093.689999999995,E8:4F:A7:02:E2:84,84e202a74fe80201060d16edfe0200d55893f13011a2ac0303edfe,4269.0,89471.0,-88698.0,100227.0,-112764.0,,0,0,0,0,0,1,1,0,ADV_IND,27,37,15,-1,0,-1,-1,3641,32,8,unknown
3093.689999999995,CD:4C:D8:D3:01:1E,1e01d3d84ccd1eff4c001219399aa2a2aae487fcbe0896d38254a1a4ac798d54a3604b53a6,-14204.0,92993.0,-94307.0,58081.0,-91194.0,,0,0,0,0,0,0,1,0,ADV_IND,37,37,9,-1,0,-1,-1,3096,32,7,unknown
3093.689999999995,CD:4C:D8:D3:01:1E,1e01d3d84ccd1eff4c00121939baa2a2aae487fcae2896d3825431a0ac798dd4a9714b43e6,-13011.0,95595.0,-88741.0,67171.0,-90679.0,,0,0,0,0,0,0,1,0,ADV_IND,37,37,1,-1,0,-1,-1,7096,32,8,unknown
3093.689999999995,CD:4C:D8:D3:01:1E,1e01d3d84ccd1eff4c00121939baa2a2aae487bcbe0896d38254a1a0ac798d54a2604b72e2,764.0,88771.0,-96334.0,69703.0,-86157.0,,0,0,0,0,0,0,1,0,ADV_IND,37,37,3,-1,0,-1,-1,3041,32,8,unknown
3093.689999999995,CD:4C:D8:D3:01:1E,1e01d3d84ccd1eff4c00121939baa2a2aae487fcbe0896d38254a1a0ac798d54a3604b03b4,-23022.0,93601.0,-85339.0,80285.0,-131277.0,,0,0,0,0,0,1,1,0,ADV_IND,37,37,4,-1,0,-1,-1,5299,32,8,unknown
3093.689999999995,CD:4C:D8:D3:01:1E,1e01d3d84ccd0fff4c001219399aa2a2aae487fcae0896d7825431a0ad698d14a3604b13b6,0.0,81489.0,-82752.0,78039.0,-69646.0,,0,0,0,0,0,0,1,2,ADV_NONCONN_IND,37,37,8,-1,0,-1,-1,7957,32,8,unknown
3093.689999999995,CD:5C:D8:D3:01:1E,1e01d3d85ccd1eff4c001219399aa2a2aaec87bcbc0896d38254b1a0ac798d54ab604b43b4,-11735.0,95344.0,-71267.0,54216.0,-89405.0,,0,0,0,0,0,0,1,0,ADV_IND,37,37,10,-1,0,-1,-1,4723,32,8,unknown
3094.094999999994,CD:4C:D8:D3:01:1E,1e01d3d84ccd1aff4c00121939baa2a2aae487fcbe0896d38254a1a0ac798d54a3604b03b4,-7563.0,93229.0,-90504.0,96992.0,-130089.0,,0,0,0,0,0,0,1,0,ADV_IND,37,37,3,-1,0,-1,-1,3669,30,8,unknown
3094.094999999994,CF:48:D8:D3:01:1E,1e01d3d848cf1eff4c00121939baa2a2a8e487fcbe2886d78655b1a42c799d54ab714b47f6,-6803.0,81531.0,-77864.0,65217.0,-106408.0,,0,0,0,0,0,0,1,0,ADV_IND,37,37,7,-1,0,-1,-1,1087,32,8,unknown
3094.094999999994,CD:4C:D8:D3:01:1E,1e01d3d84ccd1eff4c00121939baa2a2aae487bcbe0896d38255a1a0ac798d54a2604b03b4,-15495.0,87760.0,-84278.0,65343.0,-103926.0,,0,0,0,0,0,0,1,0,ADV_IND,37,37,15,-1,0,-1,-1,2853,32,8,unknown
3094.094999999994,FC:2B:8E:B0:41:E0,e041b08e2bfc1eff4c001219000156e831584ab4e79f765af65712ba7f5ee694898c380300,-2183.0,81956.0,-97875.0,70231.0,-133657.0,,0,0,0,0,0,0,1,2,ADV_NONCONN_IND,37,37,7,-1,0,-1,-1,4080,32,8,unknown
3094.094999999994,F1:F2:DC:4B:36:4E,4e364bdcf2f11eff4c001219008ed61ade9380602c6f2906f3eb1c58787d8c0aeaf35b4222,-6345.0,38680.0,-91135.0,67034.0,-122160.0,,0,0,0,0,0,0,1,2,ADV_NONCONN_IND,37,37,3,-1,0,-1,-1,5215,32,8,unknown
3094.094999999994,CD:4C:D8:D3:01:1E,1e01d3d84ccd1eff4c00121939baa2a2aae487ecbe0896d38254a1a0ac798d54a3604b03b4,-4012.0,116170.0,-110335.0,76155.0,-131603.0,,0,0,0,0,0,0,1,0,ADV_IND,37,37,5,-1,0,-1,-1,6526,31,7,unknown
3094.094999999994,4F:48:D8:C2:41:1E,1e41c2d8484f0eff4c00121939baa2a6a8a487bcbc08970f9cd523251d61fd34aa7947d6c2,906.0,95547.0,-97880.0,76734.0,-92197.0,,0,0,0,0,0,0,1,0,ADV_IND,37,37,8,-1,0,-1,-1,3795,32,7,unknown
3094.3989999999976,CD:4C:D8:D3:01:1E,1e01d3d84ccd1aff4c00121939baa2a6aae483bcfd20249f421c34e48c7d9d04aa600956f6,153.0,99435.0,-89311.0,63627.0,-101134.0,,0,0,0,0,0,0,1,0,ADV_IND,37,37,10,-1,0,-1,-1,2464,32,8,unknown
3094.3989999999976,CD:4C:D8:D3:01:1E,1e01d3d84ccd1eff4c00121939baa2a2aae487fcbe0896d38254a1a0ac798d54a3604b03b4,9951.0,98203.0,-83901.0,57281.0,-121042.0,,0,0,0,0,0,1,1,0,ADV_IND,37,37,13,-1,0,-1,-1,1781,32,8,unknown
3094.3989999999976,CD:4C:D8:D3:01:1E,1e01d3d84ccd1eff4c00121939baa2a2aae487fcbe0896d38254a1a0ac798d54a3604b07b4,-17013.0,88794.0,-84848.0,60446.0,-99728.0,,0,0,0,0,0,0,1,0,ADV_IND,37,37,15,-1,0,-1,-1,3107,32,8,unknown
3094.3989999999976,CD:4C:D8:D3:01:1E,1e01d3d84ccd0eff4c00121939baa2a2aae487fcbe0896d38254a1a0ac798d54a3604b03b4,-13395.0,99869.0,-96076.0,69165.0,-126528.0,,0,0,0,0,0,0,1,2,ADV_NONCONN_IND,37,37,5,-1,0,-1,-1,7650,30,8,unknown
3094.3989999999976,CD:4C:D8:D3:01:1E,1e01d3d84ccd1eff4c00121939baa2a2aae487fcbe0896d38254a1a0ac798d54a3604b03b4,591.0,69774.0,-82112.0,89377.0,-136705.0,,0,0,0,0,0,1,1,0,ADV_IND,37,37,8,-1,0,-1,-1,2891,31,7,unknown
3094.3989999999976,CD:4C:D8:D3:01:1E,1e01d3d84ccd1eff4c00121939baa2a2aae48cfcae2886d38254b5a48c798d54aa604b13a4,0.0,82743.0,-93391.0,59766.0,-83805.0,,0,0,0,0,0,0,1,0,ADV_IND,37,37,13,-1,0,-1,-1,1062,32,8,unknown
3094.3989999999976,CD:5C:D8:D3:01:5E,5e01d3d85ccd1eff4c001219399aa2a2aae4a7dcbe0886d39c543180ec798f34b2604b57b4,-2854.0,84434.0,-75939.0,79106.0,-79432.0,,0,0,0,0,0,0,1,0,ADV_IND,37,37,8,-1,0,-1,-1,3842,30,8,unknown
3094.3989999999976,CD:4C:D8:D3:01:1E,1e01d3d84ccd1eff4c00121939baa2a2aae487fcbe08d6d38254a1a0ac798d54a2604b47a6,0.0,81019.0,-77640.0,66920.0,-77197.0,,0,0,0,0,0,0,1,0,ADV_IND,37,37,7,-1,0,-1,-1,4652,32,8,unknown
3094.3989999999976,CD:48:D8:D3:01:1E,1e01d3d848cd1eff4c00121939baa2a2aaec06ac3c08a6fd051c766684759c84ab648f57e6,8109.0,87470.0,-114825.0,57374.0,-101985.0,,0,0,0,0,0,0,1,0,ADV_IND,37,37,1,-1,0,-1,-1,6692,32,8,unknown
3094.7520000000004,CD:48:D8:D2:01:1E,1e01d2d848cd1eff4c00121939baa2a2aae487bcbe0886d78254a1a4ac798d14a3604b43a6,-504.0,96852.0,-91380.0,75849.0,-104566.0,,0,0,0,0,0,0,1,0,ADV_IND,37,37,1,-1,0,-1,-1,1330,31,8,unknown
3094.7520000000004,CD:4C:D8:D3:01:1E,1e01d3d84ccd1eff4c00121939baa236a9e487fcbc2996d78254b9a0ac79cd54a2604b03b4,-11551.0,78922.0,-70034.0,87865.0,-90132.0,,0,0,0,0,0,0,1,0,ADV_IND,37,37,13,-1,0,-1,-1,7612,30,7,unknown
3094.7520000000004,CD:4C:D8:D3:01:1E,1e01d3d84ccd0eff4c00121939baa222aae487bcbe2896d38254b1a0ac798d54a3614b03a4,-13817.0,110067.0,-86206.0,75280.0,-119729.0,,0,0,0,0,0,0,1,0,ADV_IND,37,37,11,-1,0,-1,-1,2686,32,8,unknown
3094.7520000000004,CD:4C:D8:D2:01:1E,1e01d2d84ccd1eff4c00121939baa2a2aae487fcbe08d6d7825421a4ac798d14a3604b07b4,-3178.0,74978.0,-80570.0,67021.0,-95634.0,,0,0,0,0,0,0,1,0,ADV_IND,37,37,1,-1,0,-1,-1,7961,31,8,unknown
3094.7520000000004,CD:58:D8:D3:41:1E,1e41d3d858cd1eff4c00121939baa2b2aae487ecbc0886d7925421a4ac798d54a3704b53c6,3037.0,66191.0,-92160.0,58366.0,-83392.0,,0,0,0,0,0,0,1,0,ADV_IND,37,37,13,-1,0,-1,-1,6465,32,7,unknown
3095.1259999999966,4D:0C:D8:D3:01:1E,1e01d3d80c4d0aff4c00121939bab2a6aaec87bcbc0896d3865421a0ac798c54a3604b07a4,1903.0,102530.0,-110036.0,72742.0,-111960.0,,0,0,0,0,0,0,1,0,ADV_IND,37,37,14,-1,0,-1,-1,5187,30,8,unknown
3095.1259999999966,CD:4C:D8:D3:41:1E,1e41d3d84ccd1aff4c0012193bbaa276a9e485acac29c7d39e55b5805d69cd54aa614b17e4,10044.0,83498.0,-100163.0,63881.0,-98300.0,,0,0,0,0,0,0,1,0,ADV_IND,37,37,4,-1,0,-1,-1,7611,32,7,unknown
3095.1259999999966,CD:4C:D8:D3:01:1E,1e01d3d84ccd1eff4c00121939baa2a2aaec87fcbe0896d38254a1a0ac798d54a3604b03b4,-2412.0,67786.0,-89748.0,77378.0,-94990.0,,0,0,0,0,0,0,1,2,ADV_NONCONN_IND,37,37,1,-1,0,-1,-1,1814,32,8,unknown
3095.1259999999966,CD:4C:D8:D3:01:1E,1e01d3d84ccd1eff4c00121939baa2a2aae487fcbe0896d38254a1a08c798d54a3604b02e4,-30250.0,89591.0,-92828.0,69690.0,-105405.0,,0,0,0,0,0,0,1,0,ADV_IND,37,37,9,-1,0,-1,-1,1510,32,8,unknown
3095.1259999999966,CD:48:D8:D3:01:1E,1e01d3d848cd1eff4c00121939baa2a2aae487fcbe0896d38254a1a4ac798d54a3604b07b4,-8395.0,63885.0,-87531.0,69568.0,-93449.0,,0,0,0,0,0,0,1,0,ADV_IND,37,37,0,-1,0,-1,-1,5455,32,7,unknown
3095.1259999999966,CD:50:D8:D3:01:1E,1e01d3d850cd1eff4c001219399aa2a2aae487fcbe0886d38255a1a0ac79cd14ab604b13a4,125.0,81696.0,-86831.0,65290.0,-84919.0,,0,0,0,0,0,0,1,0,ADV_IND,37,37,10,-1,0,-1,-1,4770,30,7,unknown
3095.1259999999966,CD:5C:D8:D3:01:1E,1e01d3d85ccd1eff4c001219399aa2a2aae487fcbe0896d38254b180ac798d54a3604b03f4,-18393.0,106579.0,-96740.0,65969.0,-121637.0,,0,0,0,0,0,0,1,0,ADV_IND,37,37,12,-1,0,-1,-1,2453,31,8,unknown
3095.1259999999966,CD:48:D8:D3:01:1E,1e01d3d848cd1eff4c00121939baa2a2aae487bcbe0896d78254a5a08c798d14aa704b76b4,-696.0,87612.0,-84407.0,66235.0,-104383.0,,0,0,0,0,0,0,1,2,ADV_NONCONN_IND,37,37,7,-1,0,-1,-1,1395,30,8,unknown
3095.4479999999967,4F:4C:D8:D2:41:1E,1e41d2d84c4f1aff4c00121939baa2a2aae487fcbe0896d38254a1a02c698d54a2604b02a4,-3537.0,98203.0,-75239.0,57442.0,-90879.0,,0,0,0,0,0,0,1,0,ADV_IND,37,37,3,-1,0,-1,-1,6961,31,7,unknown
3095.4479999999967,4D:4C:D8:D3:01:1E,1e01d3d84c4d1eff4c00121939baa2a2aae487ecbe0896d38254a1a0ac798d54a2604b03f4,-12278.0,94580.0,-68011.0,69116.0,-107757.0,,0,0,0,0,0,0,1,0,ADV_IND,37,37,5,-1,0,-1,-1,6286,31,7,unknown
3095.4479999999967,CD:4C:D8:D3:01:1E,1e01d3d84ccd1eff4c00121939baa2a2aae487fcbe0896d38254a1a4ac798d54a3604b03b4,-15603.0,88791.0,-80340.0,77822.0,-95807.0,,0,0,0,0,0,0,1,0,ADV_IND,37,37,5,-1,0,-1,-1,1633,31,7,unknown
3095.4479999999967,CD:4C:D8:D3:01:1E,1e01d3d84ccd1eff4c001219399aa2a2aae487fcbc0896d38254a5a0ac798d54a2604b17b4,0.0,96884.0,-77758.0,56564.0,-108616.0,,0,0,0,0,0,0,1,0,ADV_IND,37,37,12,-1,0,-1,-1,2149,31,8,unknown
3095.4479999999967,4F:0C:D8:D3:41:1E,1e41d3d80c4f1eff4c001219391aa2a2aaac87bcbc0986c382d5a1a40c799dd4ab714b47a6,0.0,66497.0,-115264.0,76812.0,-70810.0,,0,0,0,0,0,0,1,2,ADV_NONCONN_IND,37,37,13,-1,0,-1,-1,2312,32,8,unknown
3097.3960000000006,E8:4F:A7:02:E2:84,84e202a74fe80201060d16edfe0200d55893f13011a2ac0303edfe,2982.0,89246.0,-91167.0,104786.0,-117080.0,,0,0,0,0,0,1,1,0,ADV_IND,27,37,14,-1,0,-1,-1,2883,32,8,unknown
3102.0980000000054,F1:F2:DC:4B:36:4E,4e364bdcf2f11eff4c001219008ed61af99380602c6f2902716fbc5a787d8e0aa3e1530600,-30090.0,57712.0,-118167.0,72258.0,-165732.0,,0,0,0,0,0,0,1,2,ADV_NONCONN_IND,37,37,3,-1,0,-1,-1,1123,32,7,unknown
3102.7490000000034,57:2F:10:45:21:95,952145102f570209021016aafe40c00d90a326e0b3f70629ff5d66fb89af6a323f8c,10633.0,120748.0,-116579.0,75557.0,-163680.0,,0,0,0,0,0,0,1,0,ADV_IND,34,37,0,-1,0,-1,-1,5727,32,8,unknown
3103.582000000002,E8:4F:A7:02:E2:84,84e202a74fe80201060d16edfe0200d55893f13011a2ac0303edfe,-5337.0,76890.0,-78003.0,104172.0,-96188.0,,0,0,0,0,0,1,1,0,ADV_IND,27,37,15,-1,0,-1,-1,7661,32,8,unknown
3103.7940000000017,77:2F:10:45:21:95,952145102f770201021816aafe40c00d908326e0b3f70229ff7d66fb89af6a323f8c,-35580.0,103230.0,-94727.0,79506.0,-141314.0,,0,0,0,0,0,1,1,0,ADV_IND,34,37,1,-1,0,-1,-1,2243,32,7,unknown
3104.007000000005,FC:2B:8E:B2:C1:E0,e0c1b28e2bfc0eff4c001219000156e8355862b4e7bf545afe5f12ba7f5ee484298c304304,14814.0,81600.0,-115395.0,84978.0,-138494.0,,0,0,0,0,0,0,1,2,ADV_NONCONN_IND,37,37,13,-1,0,-1,-1,7762,32,8,unknown
3104.007000000005,F1:F2:DC:4B:36:4E,4e364bdcf2f11eff4c001219008ed61ad99380602c2f2902716f9c5a787d8e02e3e15b0200,-30084.0,42032.0,-82660.0,70335.0,-136577.0,,0,0,0,0,0,0,1,2,ADV_NONCONN_IND,37,37,11,-1,0,-1,-1,3051,31,7,unknown
3104.636000000006,77:2F:10:45:21:95,952145102f770201021816aafe40c00d908326e0b3f70229ff7d66fb89af3a3b3a8c,-14130.0,93864.0,-85478.0,41240.0,-135928.0,,0,0,0,0,0,0,1,0,ADV_IND,34,37,1,-1,0,-1,-1,6239,31,7,unknown
3105.4920000000056,E8:4F:A7:02:E2:84,84e202a74fe80201060d16edfe0200d55893f13011a2ac0303edfe,20439.0,107380.0,-111915.0,97441.0,-114839.0,,0,0,0,0,0,1,1,0,ADV_IND,27,37,2,-1,0,-1,-1,3731,32,8,unknown
3105.708000000006,77:2F:10:45:21:95,952145102f770201021816aafe40c00d908326e0b3f70229ff5d66fb89af6a323f8c,-2105.0,79329.0,-92474.0,53430.0,-154475.0,,0,0,0,0,0,0,1,0,ADV_IND,34,37,3,-1,0,-1,-1,6066,32,8,unknown
3105.962000000007,F3:F2:DC:43:36:4E,4e3643dcf2f31aff4c001219008ed61a4997a0200c672907f1ff95da707dde0aaae1f25602,-21219.0,31908.0,-94426.0,76100.0,-116506.0,,0,0,0,0,0,0,1,2,ADV_NONCONN_IND,37,37,12,-1,0,-1,-1,5512,30,8,unknown
3107.564999999995,77:AF:10:45:21:95,95214510af770201021816aafe40c00d908326e0b3f70229ff7d66fb89af6a323f8c,-16536.0,109642.0,-110592.0,78357.0,-157747.0,,0,0,0,0,0,0,1,0,ADV_IND,34,37,4,-1,0,-1,-1,4698,30,7,unknown
3108.243999999999,F1:F2:DC:4B:36:4E,4e364bdcf2f11eff4c001219008ed61af99380602c2f2902716f9cda747cce0aa2e1531320,-26793.0,58639.0,-102317.0,60915.0,-107413.0,,0,0,0,0,0,0,1,2,ADV_NONCONN_IND,37,37,4,-1,0,-1,-1,5553,32,7,unknown
3109.7030000000013,77:2F:10:45:21:95,952145102f770201021816aafe40c00d908326e0b3f70229ff7d66fb89af6a323f8c,-7491.0,81145.0,-110647.0,73583.0,-158962.0,,0,0,0,0,0,1,1,0,ADV_IND,34,37,13,-1,0,-1,-1,2705,32,8,unknown
3111.661,77:2F:10:45:21:95,952145102f770201021816aafe40c00d908326e0b3f70229ff7d66fb89af6a323f8c,-13420.0,111088.0,-94439.0,81516.0,-154450.0,,0,0,0,0,0,1,1,0,ADV_IND,34,37,3,-1,0,-1,-1,5728,32,8,unknown
3112.083000000006,FC:2B:8E:B0:C1:E0,e0c1b08e2bfc1eff4c001219000156e831d862b4c79f665ff75710b87f5eee94098c305302,-12292.0,63238.0,-105216.0,97723.0,-114685.0,,0,0,0,0,0,0,1,2,ADV_NONCONN_IND,37,37,1,-1,0,-1,-1,3457,32,8,unknown
3113.0809999999983,E8:4F:A7:02:E2:84,84e202a74fe802010e0d16edfe0201d55893613011a22c0703edfc,2087.0,115162.0,-97349.0,90563.0,-110362.0,,0,0,0,0,0,0,1,2,ADV_NONCONN_IND,27,37,8,-1,0,-1,-1,1517,28,8,unknown
3113.0809999999983,FA:39:A7:23:35:2B,2b3523a739fa1eff4c00121920016a12513d7b1fb02424f3aac3f6fe5bb700739d4dff02cc,-19193.0,59037.0,-91581.0,88699.0,-87695.0,,0,0,0,0,0,1,1,0,ADV_IND,37,37,14,-1,0,-1,-1,6002,32,8,unknown
3115.587000000007,FA:39:A7:23:35:2B,2b3523a739fa1eff4c00121920016a12513d7b1fb02424f3aac3f6fe5bb700739d4dff02cc,-11639.0,82547.0,-118523.0,99340.0,-127494.0,,0,0,0,0,0,1,1,0,ADV_IND,37,37,3,-1,0,-1,-1,5888,32,8,unknown
3116.2230000000054,77:2F:10:45:21:95,952145102f770201021816aafe40c00d908326e0b3f70229ff7d66fb89af6a323f8c,-12287.0,71854.0,-100192.0,86821.0,-116350.0,,0,0,0,0,0,1,1,0,ADV_IND,34,37,6,-1,0,-1,-1,5127,32,7,unknown
3117.0509999999995,E8:4F:A7:02:E2:84,84e202a74fe80201060d16edfe0200d55813f11411a2ac0707e5fe,18741.0,90431.0,-81772.0,85447.0,-104585.0,,0,0,0,0,0,0,1,0,ADV_IND,27,37,5,-1,0,-1,-1,4228,32,8,unknown
3117.0509999999995,FA:39:A7:23:35:2B,2b3523a739fa1eff4c00121920016a12513d7b1fb02424f3aac3f6fe5bb700739d4dff02cc,-12129.0,107572.0,-122524.0,106362.0,-128519.0,,0,0,0,0,0,1,1,0,ADV_IND,37,37,2,-1,0,-1,-1,3744,30,8,unknown
3118.4010000000053,77:2F:10:45:21:95,952145102f770201021816aafe40c00d908326e0b3f70229ff7d66fb89af6a323f8c,-2759.0,95071.0,-97886.0,53092.0,-147171.0,,0,0,0,0,0,0,1,0,ADV_IND,34,37,13,-1,0,-1,-1,2320,32,8,unknown
3119.0930000000008,F2:39:A7:23:35:2B,2b3523a739f21eff4c00121920016a12502d7b1b302425f3a8cbf6fb5bb724738d49bf42e6,-21947.0,84700.0,-101092.0,74453.0,-102407.0,,0,0,0,0,0,0,1,0,ADV_IND,37,37,11,-1,0,-1,-1,2796,32,8,unknown
3120.2969999999987,77:2F:50:45:21:95,952145502f770241021816aafe40c00d908366a0b3f74269ff5d66fb89af6a323f8c,3845.0,78900.0,-100591.0,54404.0,-141054.0,,0,0,0,0,0,0,1,0,ADV_IND,34,37,7,-1,0,-1,-1,1952,32,8,unknown
3121.642,FA:39:A7:23:35:2B,2b3523a739fa1eff4c00121920016a12513d7b1fb02424f3aac3f6fe5bb700739d4dff02cc,1372.0,74867.0,-114707.0,104280.0,-132678.0,,0,0,0,0,0,1,1,0,ADV_IND,37,37,3,-1,0,-1,-1,3835,32,8,unknown
3123.207000000002,F8:39:A7:23:35:2B,2b3523a739f81eff4c0012192081d2145726ecf572a675add9d755d9af9272b7b17a777cf3,-5213.0,57571.0,-99980.0,78580.0,-105802.0,,0,0,0,0,0,0,1,0,ADV_IND,37,37,4,-1,0,-1,-1,5812,32,7,unknown
3123.964,77:2F:10:45:21:95,952145102f770201021816aafe40c00d908326e0b3f70229ff7d66fb89af6a323f8c,-18078.0,115150.0,-105412.0,81931.0,-161016.0,,0,0,0,0,0,1,1,0,ADV_IND,34,37,5,-1,0,-1,-1,5655,32,8,unknown
3124.7279999999955,E8:4F:A7:02:E2:84,84e202a74fe80201060d16edfe0209d55893f13011a2ac0307edfc,12510.0,99687.0,-110267.0,69525.0,-72533.0,,0,0,0,0,0,0,1,2,ADV_NONCONN_IND,27,37,5,-1,0,-1,-1,5306,32,8,unknown
3125.2520000000004,FA:39:A7:23:35:2B,2b3523a739fa1eff4c00121920006a12513f7b1fb02425f3aac3f6fe5bb70073bd4dff02ce,-15350.0,88102.0,-92596.0,72115.0,-106176.0,,0,0,0,0,0,0,1,0,ADV_IND,37,37,8,-1,0,-1,-1,3987,32,8,unknown
3126.059000000001,77:2F:10:45:21:95,952145102f770201021816aafe40c00d908326e0b3f70229ff7d66fb89af6a323f8c,-20262.0,84504.0,-101588.0,54749.0,-134868.0,,0,0,0,0,0,1,1,0,ADV_IND,34,37,1,-1,0,-1,-1,6441,32,8,unknown
3127.1559999999954,FA:39:A7:23:35:2B,2b3523a739fa0eff4c00121920016a12513d7b1fb02424f3aac3f6fe5bb700739d4dff02cc,7979.0,97803.0,-132453.0,94498.0,-122931.0,,0,0,0,0,0,0,1,2,ADV_NONCONN_IND,37,37,1,-1,0,-1,-1,3032,31,8,unknown
3128.568999999996,77:2F:10:45:21:95,952145102f770201021816aafe40c00d908326e0b3f70229ff7d66fb89af6a323f8c,-12860.0,111628.0,-98059.0,77888.0,-157359.0,,0,0,0,0,0,1,1,0,ADV_IND,34,37,9,-1,0,-1,-1,3360,32,8,unknown
3133.1250000000073,E8:4F:A7:02:E2:84,84e202a74fe80201060d16edfe0200d55893f13011a2ac0303edfe,15727.0,76326.0,-86537.0,87844.0,-98629.0,,0,0,0,0,0,1,1,0,ADV_IND,27,37,8,-1,0,-1,-1,7285,32,8,unknown
3133.5319999999992,77:2F:10:45:21:95,952145102f770201021816aafe40c00d908326e0b3f70229ff7d66fb89af6a323f8c,-25991.0,89609.0,-100899.0,66492.0,-150129.0,,0,0,0,0,0,1,1,0,ADV_IND,34,37,9,-1,0,-1,-1,7165,31,8,unknown
3133.9589999999953,FA:39:A7:23:35:2B,2b3523a739fa1eff4c00121920016a12513d7b1fb02424f3aac3f6fe5bb700739d4dff02cc,-32471.0,85479.0,-101882.0,103879.0,-116085.0,,0,0,0,0,0,1,1,0,ADV_IND,37,37,15,-1,0,-1,-1,3481,32,8,unknown
3134.1819999999934,77:2F:10:45:21:95,952145102f770201021816aafe40c00d908326e0b3f70229ff7d66fb89af6a323f8c,-15565.0,95798.0,-93422.0,75200.0,-149135.0,,0,0,0,0,0,0,1,0,ADV_IND,34,37,14,-1,0,-1,-1,5607,32,8,unknown
3134.8309999999983,FA:39:A7:23:35:2B,2b3523a739fa1eff4c00121920016a12513d7b1fb02424f3aac3f6fe5bb700739d4dff02cc,-18949.0,64648.0,-105782.0,91554.0,-117129.0,,0,0,0,0,0,1,1,0,ADV_IND,37,37,7,-1,0,-1,-1,7758,32,8,unknown
3135.036,77:2F:10:45:21:95,952145102f770201021816aafe40c00d948326e0b3f70229ff7d66fb89af6a323f8c,10034.0,82526.0,-110244.0,90947.0,-164838.0,,0,0,0,0,0,0,1,0,ADV_IND,34,37,3,-1,0,-1,-1,6678,32,8,unknown
3135.2500000000073,FA:39:A7:23:35:2B,2b3523a739fa1eff4c00121920016a12513d7b1fb02424f3aac3f6fe5bb700739d4dff02cc,-10654.0,60013.0,-99809.0,90447.0,-116901.0,,0,0,0,0,0,1,1,0,ADV_IND,37,37,15,-1,0,-1,-1,4290,32,8,unknown
3136.0680000000066,77:2F:10:45:21:91,912145102f770201021816aafe40c10d908326e0b3f70269ff7d26fb89af6a332f8c,-14788.0,71579.0,-97370.0,55796.0,-118532.0,,0,0,0,0,0,0,1,0,ADV_IND,34,37,12,-1,0,-1,-1,4832,32,7,unknown
3137.5980000000054,FA:39:A7:23:35:2B,2b3523a739fa1eff4c00121920016a12512d7b1fb02424f3aac3f6fe5bb700739d4dff02cc,-8578.0,79777.0,-88515.0,71077.0,-120504.0,,0,0,0,0,0,0,1,0,ADV_IND,37,37,15,-1,0,-1,-1,6708,32,8,unknown
3138.8710000000065,7F:BF:10:45:21:95,95214510bf7f0201021816aafe44c00d908326e0b3f70229fffd66fb89af6a323b8c,-12025.0,76898.0,-95244.0,58106.0,-137891.0,,0,0,0,0,0,0,1,0,ADV_IND,34,37,7,-1,0,-1,-1,1060,32,8,unknown
3139.5750000000044,FA:39:A7:23:35:2B,2b3523a739fa1eff4c00121920016a12513d7b1fb02424f3aac3f6fe5bb700739d4dff02cc,9933.0,69850.0,-104385.0,98710.0,-130689.0,,0,0,0,0,0,1,1,0,ADV_IND,37,37,0,-1,0,-1,-1,2560,32,8,unknown
3140.6329999999944,E8:4F:A7:02:E2:84,84e202a74fe80201060d16edfe0200d55853296220e531558dc051,-7986.0,92521.0,-83795.0,86557.0,-105768.0,,0,0,0,0,0,0,1,0,ADV_IND,27,37,15,-1,0,-1,-1,2573,32,8,unknown
3141.3970000000045,FA:39:A7:23:35:2B,2b3523a739fa1eff4c00121920016a12513d7b1fb02424f3aac3f6fe5bb700739d4dff02cc,1604.0,63386.0,-103805.0,91315.0,-113357.0,,0,0,0,0,0,1,1,0,ADV_IND,37,37,0,-1,0,-1,-1,5303,32,8,unknown
3142.4249999999956,77:2F:10:45:21:95,952145102f770201021816aafe40c00d908326e0b3f70229ff7d74fb89af6a323f8c,-86.0,106818.0,-108321.0,72589.0,-140118.0,,0,0,0,0,0,0,1,0,ADV_IND,34,37,14,-1,0,-1,-1,4189,32,8,unknown
3143.239999999998,FA:39:A7:23:35:2B,2b3523a739fa1eff4c00121920016a12513d7b1fb02424f3aac3f6fe5bb700739d4dff02cc,-13332.0,60944.0,-95158.0,91508.0,-122442.0,,0,0,0,0,0,1,1,0,ADV_IND,37,37,13,-1,0,-1,-1,7701,32,8,unknown
3144.2190000000046,77:2F:10:45:21:95,952145102f770201021816aafe40c00d948326e0b3f7422bffdd26fb81af6a333f8c,-27003.0,90639.0,-95435.0,52752.0,-118347.0,,0,0,0,0,0,0,1,0,ADV_IND,34,37,7,-1,0,-1,-1,1463,32,8,unknown
3145.341999999997,FA:39:A7:23:35:2B,2b3523a739fa1eff4c00121920016a12513d7b1fb02424f3aac3f6fe5bb700739d4dff02cc,-39417.0,91760.0,-103347.0,108703.0,-118860.0,,0,0,0,0,0,1,1,0,ADV_IND,37,37,5,-1,0,-1,-1,7879,32,8,unknown
3148.508999999998,77:2F:10:45:21:95,952145102f770201021016aafe50811b34f9420af3cf6660f3889ddbc69ec797601a,-10177.0,86400.0,-96408.0,57397.0,-138842.0,,0,0,0,0,0,0,1,0,ADV_IND,34,37,13,-1,0,-1,-1,1623,32,8,unknown
3149.2260000000024,FA:39:A7:23:35:2B,2b3523a739fa1eff4c00121920016a12513d7b1fb02424f3aac3f6fe5bb700739d4dff02cc,-24087.0,80596.0,-101819.0,75475.0,-112717.0,,0,0,0,0,0,1,1,0,ADV_IND,37,37,14,-1,0,-1,-1,5248,32,8,unknown
3150.5049999999974,77:2F:50:45:21:95,952145502f770201021816aafe40c90d90a766e0b3f74269ffdd64fb81af6a322f8c,10723.0,77780.0,-86590.0,48765.0,-133004.0,,0,0,0,0,0,0,1,0,ADV_IND,34,37,8,-1,0,-1,-1,2792,32,8,unknown
3151.340999999993,FA:39:A7:23:35:2B,2b3523a739fa1eff4c00121920016a12513d7b1fb02424f3aac3f6fe5bb700739d4dff02cc,-9435.0,100045.0,-116767.0,105831.0,-130936.0,,0,0,0,0,0,1,1,0,ADV_IND,37,37,10,-1,0,-1,-1,2146,32,8,unknown
3152.131000000001,E8:47:A7:02:E2:84,84e202a747e80201060d16edfe2200954c13f134132e868617fca0,2934.0,109123.0,-79231.0,81639.0,-96622.0,,0,0,0,0,0,0,1,0,ADV_IND,27,37,5,-1,0,-1,-1,4189,32,8,unknown
3152.4819999999963,77:2F:10:45:21:95,952145102f770201021816aafe40c00d908326e0b3f70229ff7d66fb89af6a323f8c,-21801.0,85537.0,-97689.0,85816.0,-169243.0,,0,0,0,0,0,1,1,0,ADV_IND,34,37,4,-1,0,-1,-1,3818,32,8,unknown
3153.1960000000036,FA:39:A7:23:35:2B,2b3523a739fa1eff4c00121920016a12513d7b1f302424f3a8c3f6fe5bb7007b9d4dff4acc,-8614.0,70022.0,-94468.0,67485.0,-98041.0,,0,0,0,0,0,0,1,0,ADV_IND,37,37,14,-1,0,-1,-1,7923,32,8,unknown
3154.731000000007,C9:DE:2D:8A:B0:0B,0bb08a2ddec90eff4c001219002dd3e137bc64922b9b4485acd393dcbc4fed292aef3c0300,-37195.0,53213.0,-114482.0,73205.0,-110550.0,,0,0,0,0,0,0,1,2,ADV_NONCONN_IND,37,37,5,-1,0,-1,-1,5330,31,7,unknown
3155.3430000000008,FA:39:A7:23:35:2B,2b3523a739fa1eff4c00121920016a12513d7b1fb02424f3aac3f6fe5bb700739d4dff02cc,-8327.0,68622.0,-96028.0,73578.0,-118084.0,,0,0,0,0,0,0,1,0,ADV_IND,37,37,7,-1,0,-1,-1,5849,32,8,unknown
3156.159999999996,E8:5F:A7:02:E2:84,84e202a75fe80201060d16edfe0200d55893f13011a2ac0303edfe,-12037.0,106667.0,-73992.0,81330.0,-92508.0,,0,0,0,0,0,0,1,0,ADV_IND,27,37,3,-1,0,-1,-1,1092,32,8,unknown
3156.159999999996,F1:F2:DC:43:36:4E,4e3643dcf2f11eff4c001219008ed61af99380602c6f2902716bbc5a787d8c02e3e11b0700,-29605.0,71092.0,-112220.0,74102.0,-138105.0,,0,0,0,0,0,0,1,2,ADV_NONCONN_IND,37,37,1,-1,0,-1,-1,6724,30,8,unknown
3156.7249999999985,77:2F:10:45:21:95,952145102f770201021816aafe40c02594a326e0b3f7022bff7d26fb898f6a322e8c,-4407.0,88655.0,-98999.0,66554.0,-122965.0,,0,0,0,0,0,0,1,0,ADV_IND,34,37,9,-1,0,-1,-1,1517,31,8,unknown
3156.7249999999985,CF:49:D8:D3:01:1E,1e01d3d849cf1eff4c00121939baa2a2aaec87eca4273795c1bca2378cf2b474a26ec99391,-16994.0,87187.0,-91225.0,74652.0,-103775.0,,0,0,0,0,0,0,1,0,ADV_IND,37,37,13,-1,0,-1,-1,6582,28,8,unknown
3157.2479999999996,FA:39:A7:23:35:2B,2b3523a739fa1eff4c00121920016a12513d7b1fb02424f3aac3f6fe5bb700739d4dff02cc,-28997.0,99548.0,-106465.0,112224.0,-125627.0,,0,0,0,0,0,1,1,0,ADV_IND,37,37,9,-1,0,-1,-1,1777,32,8,unknown
3158.507000000005,71:F2:D8:43:36:4E,4e3643d8f2710eff4c001219008ed61af99380602c6f290271ef9c5a787d8e0aebe15b1300,-22774.0,51689.0,-83209.0,65912.0,-118770.0,,0,0,0,0,0,0,1,2,ADV_NONCONN_IND,37,37,13,-1,0,-1,-1,5682,31,7,unknown
3158.507000000005,77:2F:18:45:21:95,952145182f770201021816aafe40c10d908326e0b3b70229ffdd64fb01af6a336a8e,0.0,82042.0,-83214.0,52190.0,-140292.0,,0,0,0,0,0,0,1,0,ADV_IND,34,37,11,-1,0,-1,-1,6651,32,8,unknown
3158.507000000005,D9:CE:2D:8A:B0:0B,0bb08a2dced90eff4c001219002dd3e137bc64923b9b4485acd3b35cbc4f6d292aef7c4700,-10765.0,79527.0,-91656.0,59727.0,-141353.0,,0,0,0,0,0,0,1,2,ADV_NONCONN_IND,37,37,14,-1,0,-1,-1,1169,31,7,unknown
3159.310000000005,BA:39:A7:23:35:2B,2b3523a739ba1eff4c00121920016812503d7b1fb02404738ac3f6de73b700739d4dff6acc,-16303.0,71763.0,-81566.0,80396.0,-111482.0,,0,0,0,0,0,0,1,0,ADV_IND,37,37,1,-1,0,-1,-1,6258,31,8,unknown
3164.0229999999938,C8:4F:A7:02:E2:84,84e202a74fc80201060d16edfe0200d55893f13015a284ae07ada4,15319.0,76532.0,-91592.0,87106.0,-87714.0,,0,0,0,0,0,0,1,0,ADV_IND,27,37,3,-1,0,-1,-1,2980,32,8,unknown
3164.230000000003,77:2F:10:45:21:95,952145102f770201361816aafe40c00d908326e0b3f70229ffdd74fb838f7a3b3b8c,-31055.0,89128.0,-91842.0,56063.0,-140896.0,,0,0,0,0,0,0,1,0,ADV_IND,34,37,15,-1,0,-1,-1,2229,32,8,unknown
3164.230000000003,D9:CE:29:8A:B0:AA,aab08a29ced91eff4c001219002dd1e137bc64923b9f4487acd3125cbc4ffd29aaef789600,-40156.0,65872.0,-89124.0,53217.0,-125144.0,,0,0,0,0,0,0,1,2,ADV_NONCONN_IND,37,37,7,-1,0,-1,-1,3599,32,8,unknown
3164.6529999999984,FA:39:A7:23:31:2B,2b3123a739fa1eff4c00121920016a12593f7b1f302425f3eac3f4fa5bb700739d4dff1acc,-8710.0,78087.0,-88234.0,81468.0,-108730.0,,0,0,0,0,0,0,1,0,ADV_IND,37,37,5,-1,0,-1,-1,5838,31,8,unknown
3165.2809999999954,77:2F:10:45:21:95,952145102f770201021816aafe40c00d908326e8b3f74629f7dd74fb89af4e333f9c,-5717.0,106876.0,-109856.0,75539.0,-163161.0,,0,0,0,0,0,0,1,0,ADV_IND,34,37,13,-1,0,-1,-1,1046,32,8,unknown
3166.0970000000016,77:2F:10:45:21:95,952145102f770201021816aafe40c10d92ab42a8f3e74660f7d914db838e4e132a9e,-2735.0,89969.0,-102433.0,64623.0,-146029.0,,0,0,0,0,0,0,1,0,ADV_IND,34,37,9,-1,0,-1,-1,5698,32,8,unknown
3166.707000000002,77:2F:10:45:21:95,952145102f770201021816aafe40c00d90cd707dd3d3d56675dbe4cb210e1845ca55,-2015.0,105929.0,-102816.0,61933.0,-152420.0,,0,0,0,0,0,0,1,0,ADV_IND,34,37,6,-1,0,-1,-1,1974,32,8,unknown
3167.136999999995,FA:39:A7:23:35:2B,2b3523a739fa1eff4c00121920016a12513d7b1fb02425f3aac3f6fe5bb780fb8c2fafdfe6,-21101.0,79863.0,-99734.0,58515.0,-102904.0,,0,0,0,0,0,0,1,0,ADV_IND,37,37,14,-1,0,-1,-1,4114,32,8,unknown
3167.887999999999,E8:4F:A7:02:E2:84,84e202a74fe80201060d16edfe0200d55893f13011a2ac0303edfe,3477.0,88988.0,-87952.0,94936.0,-91045.0,,0,0,0,0,0,1,1,0,ADV_IND,27,37,2,-1,0,-1,-1,7215,32,8,unknown
3168.811999999998,77:2F:10:45:21:95,952145102f770201021816aafe40c00d908326e0b3f70229ff7d66fb89af6a323f8c,-23594.0,75929.0,-95132.0,73511.0,-137722.0,,0,0,0,0,0,1,1,0,ADV_IND,34,37,14,-1,0,-1,-1,3189,32,8,unknown
3169.3729999999996,FA:39:A7:23:35:2B,2b3523a739fa1eff4c00121920016a12513d7b1fb02424f3aac3f6fe5bb700739d4dff12c4,-23713.0,87619.0,-91069.0,90296.0,-118870.0,,0,0,0,0,0,0,1,0,ADV_IND,37,37,5,-1,0,-1,-1,2665,32,8,unknown
3170.5959999999977,77:2F:10:45:21:95,952145102f770201021816aafe40c00d908326e0b3f70229ff7d66fb839ece176a1a,-14004.0,84430.0,-85465.0,62768.0,-152756.0,,0,0,0,0,0,0,1,0,ADV_IND,34,37,9,-1,0,-1,-1,7606,32,8,unknown
3171.6749999999956,FA:39:A7:23:35:2B,2b3523a739fa1eff4c00121920016a12513d7b1fb02424f3a8c3f6feebb272b3b17e5776df,-6479.0,67665.0,-88415.0,97179.0,-116260.0,,0,0,0,0,0,0,1,0,ADV_IND,37,37,11,-1,0,-1,-1,1024,32,8,unknown
3171.6749999999956,E8:4F:A7:02:E2:84,84e202a74fe80201060d16edfe0200d55893f13011a2ac0303edfe,15572.0,76806.0,-79956.0,97699.0,-126469.0,,0,0,0,0,0,1,1,0,ADV_IND,27,37,11,-1,0,-1,-1,5409,32,8,unknown
3172.8979999999938,77:2F:10:45:21:95,952145102f770201021816aafe40c90d900326e0b3f70229ff7d66fb89af6a323a8c,-16054.0,90500.0,-99961.0,62918.0,-107825.0,,0,0,0,0,0,0,1,0,ADV_IND,34,37,6,-1,0,-1,-1,1719,32,7,unknown
3174.7500000000073,77:2F:10:45:21:95,952145102f770201021816aafe40c00d908326e0b3f70229ff5d66fb89af6a7aa88c,13204.0,77963.0,-97862.0,57750.0,-130593.0,,0,0,0,0,0,0,1,0,ADV_IND,34,37,3,-1,0,-1,-1,1334,32,7,unknown
3175.489999999998,FA:39:A7:23:35:2B,2b3523a739fa1eff4c00121920016a12513d7b1fb02424f3aac3f6fe5bb700739d4dff02cc,-3483.0,80834.0,-123492.0,105456.0,-118772.0,,0,0,0,0,0,1,1,0,ADV_IND,37,37,11,-1,0,-1,-1,2301,32,8,unknown
3176.1559999999954,E8:4F:A7:02:E2:84,84e202a74fe80201060d16edfe0200d55893f13011a2ac0303edfe,13563.0,88875.0,-98914.0,108939.0,-121793.0,,0,0,0,0,0,1,1,0,ADV_IND,27,37,13,-1,0,-1,-1,3233,32,8,unknown
3176.556000000004,F1:FA:D8:4B:36:4E,4e364bd8faf11eff4c001219008cd61af99380602c6f2906716f1c5a787ddc02a3e17b0304,-31069.0,66384.0,-92416.0,70808.0,-141328.0,,0,0,0,0,0,0,1,2,ADV_NONCONN_IND,37,37,7,-1,0,-1,-1,7033,31,7,unknown
3177.7579999999944,FA:39:A7:23:35:2B,2b3523a739fa1eff4c00121920016a12513d7b1fb02424f3aac3f6fe5bb700739d4dff02cc,-9897.0,71017.0,-90435.0,68808.0,-107369.0,,0,0,0,0,0,1,1,0,ADV_IND,37,37,13,-1,0,-1,-1,3438,32,7,unknown
3178.711000000003,FC:2B:8E:B0:41:E0,e041b08e2bfc0eff4c001219000156e830584ab4ce9f765bfed712ba7f0eee94298c384202,-19478.0,53899.0,-96346.0,89626.0,-113724.0,,0,0,0,0,0,0,1,2,ADV_NONCONN_IND,37,37,10,-1,0,-1,-1,5842,32,7,unknown
3179.209999999999,7A:39:A7:03:35:2B,2b3503a7397a1aff4c00121920016a12513d7b1f302424f3aac3f6fe5bb760739d4dff02cc,-13252.0,79078.0,-98267.0,64845.0,-97162.0,,0,0,0,0,0,0,1,0,ADV_IND,37,37,14,-1,0,-1,-1,4112,32,8,unknown
3180.716999999997,77:2F:10:45:21:95,952145102f770201021816aafe40c00d908326e0b3f70229ff7d66fb89af6a323f8c,-6890.0,83492.0,-94793.0,61173.0,-142212.0,,0,0,0,0,0,1,1,0,ADV_IND,34,37,13,-1,0,-1,-1,3801,31,8,unknown
3181.769999999997,FA:39:A7:23:35:2B,2b3523a739fa1eff4c00121920016a12513d7b1fb02424f3aac3f6fe5bb700739d4dff02cc,2805.0,78382.0,-103057.0,80237.0,-128042.0,,0,0,0,0,0,1,1,0,ADV_IND,37,37,7,-1,0,-1,-1,4018,32,8,unknown
3182.739999999998,77:2F:10:45:21:95,952145102f770201021816aafe40c00d900326a0b3e7c27bf7df90fa038f303baaa0,5521.0,84835.0,-97590.0,65561.0,-140278.0,,0,0,0,0,0,0,1,0,ADV_IND,34,37,10,-1,0,-1,-1,6682,32,8,unknown
3183.708000000006,E8:4F:A7:02:E2:84,84e202a74fe80201060d16edfe0200d55893f13011a2ac0303edfe,11897.0,131043.0,-114054.0,108297.0,-121473.0,,0,0,0,0,0,1,1,0,ADV_IND,27,37,15,-1,0,-1,-1,6581,32,8,unknown
3186.491000000002,FA:39:A7:23:35:2B,2b3523a739fa1eff4c00121920016a12513d7b1fb02424f3aac3f6fe5bb700739d4dff0225,-7971.0,63792.0,-105734.0,119919.0,-107495.0,,0,0,0,0,0,1,1,0,ADV_IND,37,37,11,-1,0,-1,-1,5427,32,8,unknown
3186.491000000002,F1:F2:DC:4B:3E:4E,4e3e4bdcf2f10eff4c001219009ed61af99380602c6f2902716b945a787d8e02e3e15b1600,-22895.0,34729.0,-92585.0,63584.0,-126952.0,,0,0,0,0,0,0,1,2,ADV_NONCONN_IND,37,37,9,-1,0,-1,-1,7185,31,7,unknown
3186.8440000000046,77:2F:10:45:21:95,952145102f770201021816aafe40c00d908326e0b3f70229ff7d66fb89af6a323f8c,-974.0,68862.0,-89458.0,59095.0,-149223.0,,0,0,0,0,0,1,1,0,ADV_IND,34,37,0,-1,0,-1,-1,7675,32,8,unknown
3188.459999999999,FA:39:A7:23:35:2B,2b3523a739fa1eff4c00121920017a12513d7b1fb02424f3aac3f6fe5bb700739d4dff0225,-12579.0,108003.0,-104730.0,86418.0,-125354.0,,0,0,0,0,0,0,1,0,ADV_IND,37,37,2,-1,0,-1,-1,4026,32,8,unknown
3188.459999999999,F1:F2:DC:4B:36:4E,4e364bdcf2f11aff4c001219008ed61af99380602c6f2906716f1c5a787d8e02e2e15b0700,-23984.0,68447.0,-95372.0,64375.0,-133786.0,,0,0,0,0,0,0,1,2,ADV_NONCONN_IND,37,37,2,-1,0,-1,-1,4127,32,8,unknown
3190.2509999999966,7C:2B:8E:B0:C1:E0,e0c1b08e2b7c1aff4c001219000156e8315842b4c79f765afed732ba7f5ee694098c305700,-19287.0,71705.0,-94221.0,85949.0,-108635.0,,0,0,0,0,0,0,1,2,ADV_NONCONN_IND,37,37,4,-1,0,-1,-1,3480,30,8,unknown
3195.608,FA:39:A7:23:35:2B,2b3523a739fa1eff4c00121920016a12513d7b1fb02424f3aac3f6fe5bb700739d4dff1225,-18562.0,58889.0,-98944.0,70416.0,-101347.0,,0,0,0,0,0,0,1,0,ADV_IND,37,37,6,-1,0,-1,-1,3751,32,8,unknown
3196.4300000000003,FA:39:A7:23:35:2B,2b3523a739fa1eff4c00121968006a12513d7b1fb02425f3aec3f4fe5bb7c4f39d6dffce25,-12665.0,83449.0,-96953.0,69793.0,-91423.0,,0,0,0,0,0,0,1,0,ADV_IND,37,37,13,-1,0,-1,-1,1705,32,8,unknown
3197.041999999994,FA:39:A7:23:35:2B,2b3523a739fa1eff4c00121920016a12513d7b1fb02424f3aac3f6fe5bb700739d4dff0225,-17050.0,81207.0,-110146.0,99821.0,-131098.0,,0,0,0,0,0,1,1,0,ADV_IND,37,37,10,-1,0,-1,-1,3942,32,8,unknown
3201.2509999999966,77:2F:10:45:21:95,952145102f770201021816aafe40c00d908326e0b3f70229ff7d66fb89af6a323f8c,-18883.0,115044.0,-102895.0,88652.0,-163642.0,,0,0,0,0,0,1,1,0,ADV_IND,34,37,6,-1,0,-1,-1,3157,32,8,unknown
3203.237000000001,77:2D:10:45:21:95,952145102d770201021816aafe00c00c908366e0b3e74221f75934db8b8f4a332f8c,-13424.0,109673.0,-101668.0,60556.0,-146009.0,,0,0,0,0,0,0,1,0,ADV_IND,34,37,11,-1,0,-1,-1,3543,32,8,unknown
3205.079000000005,77:2F:10:45:21:95,952145102f770201021816aafe40c00d908326e0b3f70229ff7d66fb89af6a323f8c,-16696.0,101035.0,-122411.0,94046.0,-158152.0,,0,0,0,0,0,1,1,0,ADV_IND,34,37,12,-1,0,-1,-1,6808,31,7,unknown
3207.215000000004,77:2F:10:45:21:95,952145102f770201021816aafe40c00d908326e0b3f70229ff7d66fb89af6a323f8c,2834.0,79620.0,-104326.0,71492.0,-132504.0,,0,0,0,0,0,1,1,0,ADV_IND,34,37,2,-1,0,-1,-1,2646,32,8,unknown
3209.358,77:2F:10:45:21:95,952145102f770201021816aafe40c00d908326e0b3f70229ff7d66fb89af6a323f8c,6915.0,84833.0,-102816.0,76225.0,-168189.0,,0,0,0,0,0,1,1,0,ADV_IND,34,37,4,-1,0,-1,-1,3795,32,8,unknown
3211.2450000000026,77:2F:10:45:21:95,952145102f770201021816aafe40c00d908326e0b3f70229ff7d66fb89af6a323f8c,-15576.0,103365.0,-88996.0,75182.0,-154609.0,,0,0,0,0,0,0,1,0,ADV_IND,34,37,14,-1,0,-1,-1,6023,32,8,unknown
3215.920999999995,77:2F:10:45:21:95,952145102f770201021816aafe40c00d908326e0b3f70229ff7d66fb89af6a323f8c,1731.0,95441.0,-92565.0,78146.0,-156090.0,,0,0,0,0,0,1,1,0,ADV_IND,34,37,8,-1,0,-1,-1,2055,32,8,unknown
3217.2779999999984,77:2F:50:45:E1:95,95e145502f770201021816aafe40c00d908326e0b3f70229ff7d66fb89af6a323f8c,0.0,104336.0,-112100.0,74657.0,-156880.0,,0,0,0,0,0,0,1,0,ADV_IND,34,37,2,-1,0,-1,-1,6846,32,8,unknown
3219.329000000005,77:2F:10:45:21:95,952145102f770201021816aafe40c00d908326e0b3f70229ff7d66fb89af6a323f8c,-12959.0,98063.0,-90025.0,87236.0,-148473.0,,0,0,0,0,0,1,1,0,ADV_IND,34,37,4,-1,0,-1,-1,1737,31,8,unknown
3224.161,77:2F:10:45:21:95,952145102f770201021816aafe40c00d908326e0b3f70229ff7d66fb89af6a323f8c,7730.0,106379.0,-115892.0,84821.0,-149843.0,,0,0,0,0,0,1,1,0,ADV_IND,34,37,6,-1,0,-1,-1,5919,31,8,unknown
3229.3750000000073,50:2F:5A:F4:0F:DC,dc0ff45a2f500201021816aafe40c00d908326e0b3f70229ff7d66fb89af6a323f8c,1304.0,95278.0,-114786.0,69937.0,-147306.0,,0,0,0,0,0,1,1,0,ADV_IND,34,37,3,-1,0,-1,-1,4457,32,8,unknown
3229.9969999999958,50:2F:5A:F4:0F:DC,dc0ff45a2f500201021816aafe40c00d908326e0b3f70229ff7d66fb89af6a323f8c,-6043.0,84700.0,-114657.0,72820.0,-144645.0,,0,0,0,0,0,1,1,0,ADV_IND,34,37,4,-1,0,-1,-1,7076,31,8,unknown
3230.606000000007,C8:0D:6F:5C:B7:3F,3fb75c6f0dc81aff4c001219500bf81d8b339e44c4249ce7c567b540bb6f3f8bce6bf1d1ec,13350.0,79022.0,-115039.0,82818.0,-86983.0,,0,0,0,0,0,0,1,0,ADV_IND,37,37,3,-1,0,-1,-1,5272,32,8,unknown
3230.606000000007,4C:0D:D3:F5:24:ED,ed24f5d30d4c0201021816aafe4024282a5da508c25fdf79649a02d3989ff8b2e214,-11358.0,76744.0,-92143.0,107728.0,-146836.0,,0,0,0,0,0,1,1,0,ADV_IND,34,37,14,-1,0,-1,-1,6936,32,8,unknown
3230.8050000000003,50:2F:5A:F4:0F:DC,dc0ff45a2f500201021816aafe40c00d908326e0b3f70229ff7d66fb89af6a323f8c,-18229.0,61964.0,-91757.0,98407.0,-138363.0,,0,0,0,0,0,1,1,0,ADV_IND,34,37,7,-1,0,-1,-1,6517,32,8,unknown
3232.7009999999937,50:2F:5A:F4:0F:DC,dc0ff45a2f500201021816aafe40c00d948326e0b3f70229ff6926db83af4e132e8c,-16345.0,87338.0,-108927.0,63711.0,-113809.0,,0,0,0,0,0,0,1,0,ADV_IND,34,37,10,-1,0,-1,-1,1217,32,8,unknown
3234.612000000001,50:2F:5A:F4:0F:DC,dc0ff45a2f500201021816aafe40c00d908326e0b3f70229ff7d66fb89af6a323f8c,-6796.0,83351.0,-109181.0,61761.0,-132197.0,,0,0,0,0,0,1,1,0,ADV_IND,34,37,3,-1,0,-1,-1,7065,32,8,unknown
3236.053000000007,C2:3A:3A:03:61:C8,c861033a3ac21eff4c00121977f729e49e49572e4e2ce227905f964110fd7d9235e8b140e0,-50504.0,60767.0,-89594.0,94027.0,-124500.0,,0,0,0,0,0,0,1,0,ADV_IND,37,37,10,-1,0,-1,-1,3068,30,7,unknown
3236.053000000007,C2:1A:38:03:61:C8,c86103381ac21eff4c00121973f7b9e4964957ae4e2ce223905f964110b74d8229a87065c4,-27282.0,86026.0,-106617.0,88962.0,-136214.0,,0,0,0,0,0,0,1,2,ADV_NONCONN_IND,37,37,9,-1,0,-1,-1,5511,31,8,unknown
3236.053000000007,C2:3A:3A:03:61:C8,c861033a3ac21aff4c00121973f729e69649572e4e2ce26f90df964110fd5d123d68b21020,-17960.0,62850.0,-95835.0,69965.0,-120215.0,,0,0,0,0,0,0,1,2,ADV_NONCONN_IND,37,37,4,-1,0,-1,-1,1946,32,7,unknown
3236.053000000007,C2:3A:3A:03:61:C8,c861033a3ac20eff4c00121977ff29f4dc49172e4c24e22398df964110bddc973da87154e0,-32700.0,51526.0,-89622.0,83660.0,-109002.0,,0,0,0,0,0,0,1,0,ADV_IND,37,37,15,-1,0,-1,-1,5113,32,8,unknown
3236.329000000005,C2:3A:3A:02:61:C8,c861023a3ac21eff4c00121973f7b9e69c49572c4e2ce26390dfb64500fc5d933de8b140a2,-24507.0,53056.0,-89980.0,52839.0,-124497.0,,0,0,0,0,0,0,1,0,ADV_IND,37,37,14,-1,0,-1,-1,2231,31,8,unknown
3236.756000000001,50:2F:5A:F4:0F:DC,dc0ff45a2f500201021816aafe40c00d908326e0b3f70229ff7d66fb89af6a323f8c,-17793.0,87365.0,-99037.0,98226.0,-138996.0,,0,0,0,0,0,1,1,0,ADV_IND,34,37,2,-1,0,-1,-1,6785,32,8,unknown
3236.756000000001,C2:3A:3A:03:61:C8,c861033a3ac21eff4c00121973f729e49e49572e4e244323905fb64110fd7d123de8b150a0,-56210.0,64508.0,-92814.0,60055.0,-141974.0,,0,0,0,0,0,0,1,0,ADV_IND,37,37,11,-1,0,-1,-1,2389,31,8,unknown
3237.840999999993,C2:3A:3A:03:61:C8,c861033a3ac21eff4c00121977f739e69649572c4c24e223905f96c110fd7d123de8b043e0,-37756.0,61038.0,-118806.0,81642.0,-114656.0,,0,0,0,0,0,0,1,0,ADV_IND,37,37,1,-1,0,-1,-1,5038,31,8,unknown
3238.139000000003,C2:1A:3A:03:61:C8,c861033a1ac21eff4c00121973f739e49e49572e4e2cc223905fb64110fd7d932de8b100a0,-28733.0,55646.0,-113921.0,62438.0,-123423.0,,0,0,0,0,0,0,1,0,ADV_IND,37,37,11,-1,0,-1,-1,3995,31,8,unknown
3238.8529999999955,50:2F:5A:F4:0F:DC,dc0ff45a2f500201021816aafe40c00d908326e0b3f70229ff7d66fb89af6a323f8c,-13301.0,120915.0,-143986.0,90337.0,-152737.0,,0,0,0,0,0,1,1,0,ADV_IND,34,37,4,-1,0,-1,-1,4414,31,7,unknown
3241.0440000000017,50:2F:5A:F4:0F:DC,dc0ff45a2f500201021816aafe40c00d908326e0b3f70229ff7d66fb89af6a323f8c,-3168.0,85306.0,-103992.0,78015.0,-135040.0,,0,0,0,0,0,1,1,0,ADV_IND,34,37,15,-1,0,-1,-1,1066,32,8,unknown
3243.190999999999,50:2F:5A:F4:0F:DC,dc0ff45a2f500201021816aafe40c00d908326e0b3f70229ff7d66fb89af6a323f8c,-24644.0,92754.0,-98575.0,95560.0,-146097.0,,0,0,0,0,0,1,1,0,ADV_IND,34,37,1,-1,0,-1,-1,970,32,8,unknown
3244.045999999995,E2:59:76:0F:9D:50,509d0f7659e21eff4c0012190a67b78479b9bddb03aa579d2fc3604d82c6626625040d00de,-15473.0,74262.0,-74258.0,88292.0,-110122.0,,0,0,0,0,0,0,1,0,ADV_IND,37,37,0,-1,0,-1,-1,2129,32,8,unknown
3246.1489999999976,E2:58:76:0F:9D:50,509d0f7658e21eff4c0012192a67b78479b9bddb03aa579d2bc1606d82c6e26625440d00df,-741.0,75095.0,-96693.0,96469.0,-124219.0,,0,0,0,0,0,1,1,0,ADV_IND,37,37,14,-1,0,-1,-1,6188,32,8,unknown
3247.2999999999956,50:2F:5A:F4:0F:DC,dc0ff45a2f500201021816aafe40c00d908326a0b3f7426bff7d66fb89af6a323f8c,-5402.0,97879.0,-113055.0,75902.0,-130511.0,,0,0,0,0,0,0,1,0,ADV_IND,34,37,11,-1,0,-1,-1,7292,32,7,unknown
3248.9449999999997,50:2F:5A:F4:0F:DC,dc0ff45a2f500201021816aafe40c00d908326e0b3f70229ff7d66fb89af6a323f8c,-19274.0,100069.0,-117741.0,79326.0,-139116.0,,0,0,0,0,0,1,1,0,ADV_IND,34,37,10,-1,0,-1,-1,5596,31,7,unknown
3250.8829999999944,50:2F:5A:F4:0F:DC,dc0ff45a2f500201021816aafe40c00d908326e0b3f70229ff7d66fb89af6a323f8c,-13007.0,82602.0,-116708.0,96553.0,-147000.0,,0,0,0,0,0,1,1,0,ADV_IND,34,37,5,-1,0,-1,-1,5098,32,8,unknown
3252.568999999996,E2:58:74:0F:9D:50,509d0f7458e21eff4c0012192a67b7c47939bddf2b604c1a99d59e1043aa83ad6d5e2efd7a,856.0,70085.0,-92528.0,94301.0,-94438.0,,0,0,0,0,0,0,1,0,ADV_IND,37,37,6,-1,0,-1,-1,2464,32,7,unknown
3252.9160000000047,50:2F:5A:F4:0F:DC,dc0ff45a2f500201021816aafe40c00d908326e0b3f70229ff7d66fb89af6a323f8c,-12761.0,79728.0,-96658.0,66901.0,-138960.0,,0,0,0,0,0,1,1,0,ADV_IND,34,37,14,-1,0,-1,-1,7466,32,8,unknown
3254.584999999999,F3:20:DD:59:6B:68,686b59dd20f31eff4c0012190093d88b8c1490f3869991797ad3d42618669bdb9d43de4000,-8642.0,92031.0,-85122.0,89609.0,-121531.0,,0,0,0,0,0,0,1,2,ADV_NONCONN_IND,37,37,10,-1,0,-1,-1,7783,32,8,unknown
3259.393999999993,50:2F:5A:F4:0E:DC,dc0ef45a2f500201021816aafe40c00d908326e0b3f70229ff7d66fb89af6a323f8c,-15720.0,96889.0,-121869.0,86932.0,-134273.0,,0,0,0,0,0,0,1,0,ADV_IND,34,37,1,-1,0,-1,-1,6098,32,8,unknown
3260.184000000001,50:2F:5A:F4:0F:DC,dc0ff45a2f500201021816aafe40c00d908326e0b3f70229ff7d66fb89af6a323f8c,-33320.0,80311.0,-92683.0,95286.0,-159690.0,,0,0,0,0,0,1,1,0,ADV_IND,34,37,4,-1,0,-1,-1,4389,32,8,unknown
3260.7980000000025,50:2F:5A:F4:0F:DC,dc0ff45a2f500201021816aafe40c00d908326e0b3f70229ff7d66fb89af6a323f8c,-1250.0,81528.0,-104135.0,86049.0,-130449.0,,0,0,0,0,0,1,1,0,ADV_IND,34,37,3,-1,0,-1,-1,3427,32,8,unknown
3261.606000000007,50:2F:5A:F4:0F:DC,dc0ff45a2f500201021816aafe40c00d908326e0b3f70229ff7d66fb89af6a323f8c,-13002.0,98845.0,-118526.0,90806.0,-138093.0,,0,0,0,0,0,1,1,0,ADV_IND,34,37,10,-1,0,-1,-1,5345,32,8,unknown
3265.136000000006,50:2F:5A:F4:0F:DC,dc0ff45a2f500201021816aafe40c00d908326e0b3f70229ff7d66fb89af6a323f8c,-20134.0,76850.0,-97095.0,84433.0,-134203.0,,0,0,0,0,0,1,1,0,ADV_IND,34,37,6,-1,0,-1,-1,2084,32,8,unknown
3267.487000000001,50:2F:5A:F4:0F:DC,dc0ff45a2f500201021816aafe40c00d908326e0b3f70229ff7d66fb89af6a323f8c,0.0,90560.0,-99418.0,55580.0,-154393.0,,0,0,0,0,0,1,1,0,ADV_IND,34,37,4,-1,0,-1,-1,2287,32,7,unknown
3269.1039999999994,50:2F:5A:F4:0F:DC,dc0ff45a2f500201021816aafe40c00d908326e0b3f70229ff7d66fb89af6a323f8c,0.0,77383.0,-118987.0,95102.0,-149728.0,,0,0,0,0,0,1,1,0,ADV_IND,34,37,5,-1,0,-1,-1,4280,32,8,unknown
3271.1240000000034,50:2F:5A:F4:0F:DC,dc0ff45a2f500201021816aafe40c00d908326e0b3f70229ff7d66fb89af6a323f8c,-31711.0,86416.0,-96007.0,86226.0,-139596.0,,0,0,0,0,0,1,1,0,ADV_IND,34,37,7,-1,0,-1,-1,4941,32,8,unknown
3273.0229999999938,50:2F:5A:F4:0F:DC,dc0ff45a2f500201021816aafe40c00d908326e0b3f70661f3c934dbc38e4e13289c,-27792.0,93159.0,-93187.0,69469.0,-130090.0,,0,0,0,0,0,0,1,0,ADV_IND,34,37,9,-1,0,-1,-1,2876,32,8,unknown
3275.1069999999963,50:2F:5A:F4:0F:DC,dc0ff45a2f500201021816aafe40c00d908326e0b3f70229ff7d66fb89af6a323f8c,-20290.0,85327.0,-100948.0,80412.0,-131265.0,,0,0,0,0,0,1,1,0,ADV_IND,34,37,13,-1,0,-1,-1,3373,32,8,unknown
3277.135000000002,50:2F:5A:F4:0F:DC,dc0ff45a2f500201221816aafe00c00d948326e0b3f70229ff5d66fb89af6a323f8c,-21535.0,101756.0,-106447.0,66650.0,-116165.0,,0,0,0,0,0,0,1,0,ADV_IND,34,37,5,-1,0,-1,-1,2303,32,7,unknown
3279.1489999999976,50:2F:5A:F4:0F:DC,dc0ff45a2f500201021816aafe40c00d908326e0b3f70229ff7d66fb89af6a323f8c,-31793.0,88233.0,-83264.0,54237.0,-130255.0,,0,0,0,0,0,1,1,0,ADV_IND,34,37,2,-1,0,-1,-1,2702,32,8,unknown
3281.765999999996,50:2F:5A:F4:0F:DC,dc0ff45a2f500201021816aafe40c10d908326a0b3f70269ff7d66fb89af6a323f8c,-10902.0,80689.0,-89929.0,58409.0,-121370.0,,0,0,0,0,0,0,1,0,ADV_IND,34,37,9,-1,0,-1,-1,3085,32,8,unknown
3283.6789999999964,50:2F:5A:F4:0F:DC,dc0ff45a2f500201021816aafe40c00d908326e0b3f70229ff7d74fb89af6a323f8c,-17697.0,83620.0,-99679.0,65492.0,-112291.0,,0,0,0,0,0,0,1,0,ADV_IND,34,37,0,-1,0,-1,-1,1566,32,8,unknown
3285.2579999999944,50:2F:5A:F4:0F:DC,dc0ff45a2f500201021816aafe40c00d908326e0f3f70241f7fdf4db83ae6a122a8c,-1455.0,85292.0,-110797.0,72071.0,-139231.0,,0,0,0,0,0,0,1,0,ADV_IND,34,37,13,-1,0,-1,-1,7851,32,8,unknown
3291.7990000000063,50:2F:5A:F4:0F:DC,dc0ff45a2f500201021816aafe40c10d10a326a0b3f70269ff7d66fb89af6a323f8c,-21319.0,116823.0,-116354.0,68221.0,-139040.0,,0,0,0,0,0,0,1,0,ADV_IND,34,37,11,-1,0,-1,-1,1320,31,8,unknown
3292.2220000000016,50:2F:5A:F4:0F:DC,dc0ff45a2f500201021816aafe40c00d908326e0b3f70229ff7d66fb89af6a323f8c,-27888.0,94639.0,-88931.0,52745.0,-124963.0,,0,0,0,0,0,1,1,0,ADV_IND,34,37,14,-1,0,-1,-1,3502,32,8,unknown
3293.457000000002,50:2F:5A:F4:0F:DC,dc0ff45a2f500201021816aafe40c00d908326e0b3f70229ff7d66fb89af6a323f8c,-6442.0,84022.0,-109938.0,75810.0,-145084.0,,0,0,0,0,0,1,1,0,ADV_IND,34,37,14,-1,0,-1,-1,4557,32,8,unknown
3295.530000000006,50:2F:5A:F4:4F:DC,dc4ff45a2f500201061816aafe404b00d477e6a4b287426bf7dfb5ba03cd303b80a0,4388.0,81418.0,-118709.0,79311.0,-144298.0,,0,0,0,0,0,0,1,2,ADV_NONCONN_IND,34,37,14,-1,0,-1,-1,6045,32,8,unknown
3298.219999999994,50:2F:5A:F6:0F:CC,cc0ff65a2f500201021816aafe00801f10a362aaf3f74661ff5974fb83af6a133a8c,-2371.0,103189.0,-127755.0,72879.0,-138643.0,,0,0,0,0,0,0,1,0,ADV_IND,34,37,9,-1,0,-1,-1,3822,28,7,unknown
3299.9230000000025,50:2F:5A:F4:0F:DC,dc0ff45a2f500201021816aafe40c00d908326e0b3f70229ff7d66fb89af6a323f8c,-11947.0,96401.0,-109105.0,74470.0,-159131.0,,0,0,0,0,0,1,1,0,ADV_IND,34,37,3,-1,0,-1,-1,5284,32,8,unknown
3302.2779999999984,50:2F:5A:F4:0F:DC,dc0ff45a2f500241021816aafe40c00d908326e0b3c74668f3889ddbc79ec797601a,-14864.0,100067.0,-90367.0,53826.0,-126851.0,,0,0,0,0,0,0,1,2,ADV_NONCONN_IND,34,37,13,-1,0,-1,-1,2053,32,7,unknown
3304.0319999999992,50:2F:5A:F4:0F:DC,dc0ff45a2f500201021816aafe40c00d908326e0b3f70229ff7d66fb89af6a338b84,-24846.0,66440.0,-88770.0,91006.0,-125920.0,,0,0,0,0,0,0,1,0,ADV_IND,34,37,11,-1,0,-1,-1,7422,32,8,unknown
3306.428000000007,C7:51:B4:B0:F9:AB,abf9b0b451c71eff4c001219005cbbdaf809c73cbaf264df548f322ab22a8737b5a0770000,-26473.0,39485.0,-85858.0,86465.0,-107528.0,,0,0,0,0,0,0,1,2,ADV_NONCONN_IND,37,37,13,-1,0,-1,-1,6001,32,7,unknown
3308.3069999999934,50:2F:5A:F4:0F:DC,dc0ff45a2f500201021816aafe40c00d908326e0b3f70229ff7d66fb89af6a323f8c,-9504.0,79129.0,-98087.0,53259.0,-130683.0,,0,0,0,0,0,1,1,0,ADV_IND,34,37,11,-1,0,-1,-1,7591,32,8,unknown
3309.6489999999976,E5:10:FC:7B:3E:92,923e7bfc10e51eff4c00121900577681215cce6d4964457dbf7b572f44aa22baf733420300,-17591.0,79271.0,-100338.0,100716.0,-98833.0,,0,0,0,0,0,1,1,2,ADV_NONCONN_IND,37,37,15,-1,0,-1,-1,3703,32,8,unknown
3310.8440000000046,50:2F:5A:F4:4F:DC,dc4ff45a2f500201021816aafe40c00d900326e0b3f7422bff7d74fb89af6a323f8c,-17011.0,69689.0,-101939.0,65639.0,-121102.0,,0,0,0,0,0,0,1,0,ADV_IND,34,37,7,-1,0,-1,-1,3084,32,7,unknown
3311.663999999997,E4:10:F8:7A:3E:92,923e7af810e41eff4c00121900577681215cfe6d4f64457fb37b573f44ae62faf7b7421300,-20764.0,84525.0,-92621.0,72872.0,-119396.0,,0,0,0,0,0,0,1,2,ADV_NONCONN_IND,37,37,5,-1,0,-1,-1,5897,32,7,unknown
3311.663999999997,50:2F:5A:F4:0F:DC,dc0ff45a2f500201021816aafe40c00d908326e0b3f70229ff7d66fb89af6a323f8c,-25662.0,76707.0,-85611.0,91799.0,-147990.0,,0,0,0,0,0,1,1,0,ADV_IND,34,37,13,-1,0,-1,-1,4383,32,8,unknown
3314.3280000000013,50:2F:5A:F4:0F:DC,dc0ff45a2f500201021816aafe40c00d908326e0b3f70229ff7d66fb89af6a323f8c,0.0,109258.0,-106907.0,71429.0,-138971.0,,0,0,0,0,0,1,1,0,ADV_IND,34,37,8,-1,0,-1,-1,2008,31,7,unknown
3316.493999999999,50:2F:5A:F4:0F:DC,dc0ff45a2f500201021816aafe40c00d908326e0b3f70229ff7d66fb89af6a323f8c,-29059.0,85822.0,-103283.0,85491.0,-120392.0,,0,0,0,0,0,1,1,0,ADV_IND,34,37,13,-1,0,-1,-1,5996,32,8,unknown
3323.3970000000045,50:2F:5A:F4:0F:DC,dc0ff45a2f500201021816aafe40c00d908326e0b3f70229ff7d66fb89ae6a133e8e,-19424.0,79287.0,-105218.0,74472.0,-110099.0,,0,0,0,0,0,0,1,0,ADV_IND,34,37,9,-1,0,-1,-1,2237,32,8,unknown
3323.6660000000047,C7:51:B4:B1:D9:AB,abd9b1b451c71eff4c001219005db9dad82947acbaf3645ff49b322a220eeb3294b8367122,-9289.0,50249.0,-94701.0,70632.0,-105397.0,,0,0,0,0,0,0,1,2,ADV_NONCONN_IND,37,37,6,-1,0,-1,-1,7712,32,7,unknown
3323.9420000000027,50:2F:5A:F4:0E:DC,dc0ef45a2f500201061816aafe40c00d908326e0b3f70228f7d834db8b8e4e332a8e,-19920.0,86169.0,-106441.0,71768.0,-120416.0,,0,0,0,0,0,0,1,2,ADV_NONCONN_IND,34,37,1,-1,0,-1,-1,5534,32,8,unknown
3324.991000000002,50:2F:5A:F4:0F:DC,dc0ff45a2f500201021816aafe40001b10f9620af3cf4640f388bddbc69e47976a1a,-10381.0,88096.0,-98668.0,68369.0,-123683.0,,0,0,0,0,0,0,1,0,ADV_IND,34,37,11,-1,0,-1,-1,4069,32,8,unknown
3326.5520000000033,50:AF:5A:F4:0F:DC,dc0ff45aaf500201021816aafe40c00d908326e0b2e7022bf7fd66bb03cd703ba2a0,-17709.0,100732.0,-100588.0,62874.0,-109763.0,,0,0,0,0,0,0,1,0,ADV_IND,34,37,14,-1,0,-1,-1,1041,32,8,unknown
3327.841999999997,E0:8E:47:B8:78:17,1778b8478ee01eff4c0012192ac2df529692f13e7b3fb5072663d79a05a684cd26e83c6c71,-11267.0,79274.0,-94230.0,70988.0,-96117.0,,0,0,0,0,0,0,1,0,ADV_IND,37,37,0,-1,0,-1,-1,6662,32,7,unknown
3328.0980000000054,50:2F:5A:F4:0F:DC,dc0ff45a2f500241021816aafe40c004908326a0b3f70229ff7d66fb89af6a323f8c,-22553.0,83544.0,-95073.0,60882.0,-128062.0,,0,0,0,0,0,0,1,0,ADV_IND,34,37,3,-1,0,-1,-1,6949,32,8,unknown
3330.087999999996,50:2F:5A:F4:0F:DC,dc0ff45a2f500201021816aafe40c00d908326e0b3e74669f7f97cdb838e47332a9a,-15824.0,73112.0,-92387.0,78929.0,-147147.0,,0,0,0,0,0,0,1,0,ADV_IND,34,37,4,-1,0,-1,-1,5127,32,8,unknown
3332.4549999999945,50:2F:5A:F4:0F:DC,dc0ff45a2f500201021816aafe40c00d908326a0b3f7026bff7d66fb89af6a323f8c,-3558.0,79994.0,-105021.0,63873.0,-124669.0,,0,0,0,0,0,0,1,0,ADV_IND,34,37,6,-1,0,-1,-1,4353,32,8,unknown
3334.390999999996,50:2F:5A:F4:0F:DC,dc0ff45a2f500201021816aafe40c00d908326e0b3f70229ff7d66fb89af6a323f8c,-40831.0,78082.0,-99345.0,83389.0,-145660.0,,0,0,0,0,0,1,1,0,ADV_IND,34,37,12,-1,0,-1,-1,4954,32,8,unknown
3336.1270000000004,50:2F:5A:F4:0E:DC,dc0ef45a2f500201021816aafe40c00d908362e2f3f74229ff5934fb8b8f6a322b9e,-5616.0,105638.0,-133427.0,80585.0,-136538.0,,0,0,0,0,0,0,1,2,ADV_NONCONN_IND,34,37,1,-1,0,-1,-1,5023,31,7,unknown
3338.530000000006,50:2F:5A:F4:0F:DC,dc0ff45a2f500201021816aafe40c00d908326e0b3f70229ff7d66fb89af6a323f8c,-19297.0,78659.0,-108733.0,70857.0,-134329.0,,0,0,0,0,0,1,1,0,ADV_IND,34,37,5,-1,0,-1,-1,4729,32,8,unknown
3340.5609999999942,50:2F:5A:F4:0F:DC,dc0ff45a2f500201021816aafe40c00d908326e0b3f70229ff7d66fb89af6a323f8c,-30317.0,106748.0,-119574.0,81251.0,-144395.0,,0,0,0,0,0,1,1,0,ADV_IND,34,37,7,-1,0,-1,-1,6955,32,8,unknown
3342.616000000002,50:2F:58:F4:0F:DC,dc0ff4582f500201021816aafe40c00d1081420af3cf4641f3989ddbc29ec7176a1a,-14516.0,106296.0,-99994.0,64629.0,-134258.0,,0,0,0,0,0,0,1,0,ADV_IND,34,37,9,-1,0,-1,-1,1501,31,7,unknown
3342.616000000002,E9:08:9A:8F:D9:7B,7bd98f9a08e91eff4c00121910cb824ff6a42dd46c9c2111338f532385561fc7330687d2b7,-28359.0,71698.0,-65304.0,58876.0,-110310.0,,0,0,0,0,0,0,1,0,ADV_IND,37,37,0,-1,0,-1,-1,4825,32,7,unknown
3346.8829999999944,50:2F:5A:E6:4F:DC,dc4fe65a2f500201021816aafe30c00d908326e0b3f70229ff7d66fb89af6a323f8c,-18565.0,117021.0,-118148.0,75200.0,-136599.0,,0,0,0,0,0,0,1,2,ADV_NONCONN_IND,34,37,7,-1,0,-1,-1,2617,32,8,unknown
3354.0539999999964,50:2F:5A:D4:0F:DC,dc0fd45a2f500201021816aafe40c00d908326e0b3f70229ff7d66fb89af6a323f8c,-9351.0,84265.0,-107035.0,65371.0,-138740.0,,0,0,0,0,0,0,1,0,ADV_IND,34,37,0,-1,0,-1,-1,1127,32,7,unknown
3355.106000000007,C8:28:48:B5:27:5C,5c27b54828c81eff4c001219001d6725d00e697dd2217965861bcbdf9c3b4dec9250b55702,-6516.0,85785.0,-101764.0,89668.0,-123640.0,,0,0,0,0,0,0,1,2,ADV_NONCONN_IND,37,37,5,-1,0,-1,-1,4905,31,8,unknown
3355.8930000000037,50:2F:5A:F4:0E:DC,dc0ef45a2f500201261816aafe40c00d908326e4b2f70229ff7d66fb89af6a327f1e,-17217.0,70982.0,-108168.0,68847.0,-102178.0,,0,0,0,0,0,0,1,2,ADV_NONCONN_IND,34,37,14,-1,0,-1,-1,1797,32,8,unknown
3356.6949999999997,E9:08:9A:8F:D9:7B,7bd98f9a08e90eff4c00121910cb824efe042dd46c9c2510338f532395564dc8631f27f6c6,-20460.0,83836.0,-76937.0,73690.0,-128969.0,,0,0,0,0,0,0,1,0,ADV_IND,37,37,6,-1,0,-1,-1,4162,32,8,unknown
3356.6949999999997,50:2F:5A:F4:0F:DC,dc0ff45a2f500201021816aafe40c00d908326e0b3f70229ff7d66fb89af6a922a8c,-30527.0,85472.0,-107110.0,62440.0,-117665.0,,0,0,0,0,0,0,1,0,ADV_IND,34,37,1,-1,0,-1,-1,5456,32,8,unknown
3357.7710000000006,EA:18:9A:8F:D9:79,79d98f9a18ea1eff4c00121900838e4f568c29d44c9c651833bf43b7096644c9634643167e,-14325.0,43919.0,-94005.0,77753.0,-108081.0,,0,0,0,0,0,0,1,0,ADV_IND,37,37,11,-1,0,-1,-1,3228,31,8,unknown
3358.041999999994,50:2F:5A:F4:0F:DC,dc0ff45a2f500201021816aafe40c00d908326e0b3f70229ff7d66fb89af6a323f8c,-36676.0,97859.0,-102248.0,94275.0,-167793.0,,0,0,0,0,0,1,1,0,ADV_IND,34,37,11,-1,0,-1,-1,2888,32,8,unknown
3358.8280000000013,CC:29:58:85:27:5C,5c27855829cc1eff4c001219001d6725d00e4979d2307b448e3bcb4f9c3bd5fc9630760300,-20206.0,100309.0,-124824.0,80986.0,-115930.0,,0,0,0,0,0,0,1,2,ADV_NONCONN_IND,37,37,7,-1,0,-1,-1,2820,30,7,unknown
3359.091999999997,50:2F:5A:F4:0F:DC,dc0ff45a2f500201021816aafe40c00d908326e0b3f70229ff7d66fb89af6a323f8c,-37423.0,90412.0,-102685.0,85944.0,-149150.0,,0,0,0,0,0,1,1,0,ADV_IND,34,37,4,-1,0,-1,-1,1573,32,8,unknown
3360.083000000006,65:62:FB:33:51:F8,f85133fb62650201021816aafe4024282a5da508c25fdf79649a02d3989ff8b2e214,-12118.0,97279.0,-76620.0,79747.0,-139064.0,,0,0,0,0,0,1,1,0,ADV_IND,34,37,15,-1,0,-1,-1,4443,32,8,unknown
3360.6510000000053,50:2F:5A:F4:0F:DC,dc0ff45a2f500201021816aafe40c00d908326e0b3f70229ff7d66fb89af6a323f8c,-26062.0,83918.0,-88884.0,60491.0,-135161.0,,0,0,0,0,0,0,1,0,ADV_IND,34,37,6,-1,0,-1,-1,6165,32,8,unknown
3363.033000000003,50:2F:5A:F4:0F:DC,dc0ff45a2f500201021816aafe40c00d908326e0b3f70229ff7d66fb89af6a323f8c,-20428.0,84740.0,-107056.0,78018.0,-160905.0,,0,0,0,0,0,1,1,0,ADV_IND,34,37,12,-1,0,-1,-1,3909,30,7,unknown
3364.8520000000062,50:2F:5A:F4:0F:DC,dc0ff45a2f500201021816aafe50c00d908326e0b3f70229ff7d66fb89af6a323f8c,-4296.0,108385.0,-124879.0,92042.0,-152759.0,,0,0,0,0,0,0,1,0,ADV_IND,34,37,13,-1,0,-1,-1,1725,30,7,unknown
3366.6460000000006,50:2F:5A:F4:0F:DC,dc0ff45a2f500201021816aafe40c00d96eb4208f3ef4661f3d834dbc69e4e176a1a,-1026.0,82799.0,-104570.0,62604.0,-118792.0,,0,0,0,0,0,0,1,0,ADV_IND,34,37,15,-1,0,-1,-1,4663,32,8,unknown
3368.659000000007,50:2F:5A:F4:0F:DC,dc0ff45a2f500201021816aafe40c00d908326e0b3f70229ff7d76fb8baf6a333f8c,-19936.0,79258.0,-101223.0,66555.0,-132770.0,,0,0,0,0,0,0,1,0,ADV_IND,34,37,7,-1,0,-1,-1,3553,32,8,unknown
3371.0809999999983,50:2F:5A:F4:0F:DC,dc0ff45a2f500201021816aafe40c00d908326e0b3f70229ff7d66fb89af6a323f8c,-7257.0,69630.0,-95876.0,77963.0,-127981.0,,0,0,0,0,0,1,1,0,ADV_IND,34,37,0,-1,0,-1,-1,5307,32,8,unknown
3373.113000000005,50:2F:5A:F4:0F:DC,dc0ff45a2f500201021816aafe40c00d908326e0b3f70229ff7d66fb89af6a323f8c,-10457.0,75322.0,-100583.0,85970.0,-140979.0,,0,0,0,0,0,1,1,0,ADV_IND,34,37,4,-1,0,-1,-1,4770,32,8,unknown
3374.7490000000034,50:2F:5A:F4:4F:DC,dc4ff45a2f500201021816aafe40c00d908326e0b3f70261f7999ddbc69ec797601a,-22878.0,93990.0,-99861.0,59388.0,-119036.0,,0,0,0,0,0,0,1,0,ADV_IND,34,37,12,-1,0,-1,-1,4761,32,7,unknown
3377.3539999999994,50:2F:5A:F4:0F:DC,dc0ff45a2f500201021816aafe40c00d908326e0b3f70229ff7d66fb89af6a323f8c,-18785.0,104235.0,-118576.0,94257.0,-147954.0,,0,0,0,0,0,0,1,0,ADV_IND,34,37,10,-1,0,-1,-1,3793,31,8,unknown
3384.6800000000003,50:2F:5A:F4:0F:DC,dc0ff45a2f500201021816aafe40c00d908326e0b3f70229ff7d66fb89af6a323f8c,-4532.0,101474.0,-105873.0,95599.0,-158907.0,,0,0,0,0,0,0,1,0,ADV_IND,34,37,4,-1,0,-1,-1,7493,30,7,unknown
3385.7270000000062,50:2F:5A:F4:0F:DC,dc0ff45a2f500201021816aafe40c00d908326e0b3f70229ff7d66fb89af6a323f8c,-17915.0,115201.0,-106089.0,77712.0,-142135.0,,0,0,0,0,0,0,1,2,ADV_NONCONN_IND,34,37,14,-1,0,-1,-1,7058,31,7,unknown
3386.511999999995,50:2F:5A:F4:0F:DC,dc0ff45a2f500201021816aafe40c00d900326e0b3f70229ff7d36fa158d7a3baa84,-2922.0,75968.0,-107289.0,67802.0,-114321.0,,0,0,0,0,0,0,1,0,ADV_IND,34,37,0,-1,0,-1,-1,5005,32,8,unknown
3387.0269999999946,50:2F:5A:F4:0F:DC,dc0ff45a2f500201021816aafe40c10d90a726e0b3f70229ff7d66fb838fc7976a1e,-5631.0,80289.0,-99221.0,70065.0,-133459.0,,0,0,0,0,0,0,1,0,ADV_IND,34,37,15,-1,0,-1,-1,2335,32,8,unknown
3391.743999999999,50:2F:5A:F4:0F:DC,dc0ff45a2f500201021816aafe40c00d908302a0f3cf4661f3d8bddb838ec7132b9a,-2102.0,94428.0,-112174.0,62603.0,-134078.0,,0,0,0,0,0,0,1,0,ADV_IND,34,37,10,-1,0,-1,-1,3012,32,8,unknown
3393.966999999997,50:2F:5A:F4:0F:DC,dc0ff45a2f500201021816aafe40c00d908326e0b3f70229ff7d66fb89af6a323f8c,-28821.0,94016.0,-107965.0,101661.0,-159018.0,,0,0,0,0,0,1,1,0,ADV_IND,34,37,10,-1,0,-1,-1,3164,32,8,unknown
3395.3199999999997,50:2F:5A:F4:0F:DC,dc0ff45a2f500201021816aafe40c00d908326e0b3f70229ff7d66fb89af6a323b8e,-12066.0,85843.0,-122270.0,79186.0,-151035.0,,0,0,0,0,0,0,1,0,ADV_IND,34,37,1,-1,0,-1,-1,6151,32,7,unknown
3397.545999999995,50:2F:5A:F4:0F:DC,dc0ff45a2f500201021816aafe40c00d908326e0b3f70229ff7d66fb89af6a524fd1,-10718.0,106709.0,-124111.0,90774.0,-149579.0,,0,0,0,0,0,0,1,0,ADV_IND,34,37,7,-1,0,-1,-1,3659,31,7,unknown
3401.2769999999946,50:2F:5A:F4:0F:DC,dc0ff45a2f500201021816aafe40c00d908326e0b3f70229ff7d66fb89af6a323f8c,-6530.0,96047.0,-111243.0,62438.0,-146019.0,,0,0,0,0,0,1,1,0,ADV_IND,34,37,2,-1,0,-1,-1,7462,32,8,unknown
3403.981000000007,50:2F:5A:F4:0F:DC,dc0ff45a2f500201021816aafe40c01d3689620af3cf6640f3889ddbc69ec797601a,-32247.0,80351.0,-97388.0,67013.0,-126001.0,,0,0,0,0,0,0,1,0,ADV_IND,34,37,2,-1,0,-1,-1,2803,32,8,unknown
3403.981000000007,FE:E9:78:DA:51:A8,a851da78e9fe1aff4c00121910677e1b60a9e4c6a898aca7d6b184c18690347822ef42fde6,-28435.0,69806.0,-100850.0,76084.0,-101016.0,,0,0,0,0,0,0,1,0,ADV_IND,37,37,9,-1,0,-1,-1,2314,30,7,unknown
3405.7209999999977,50:2F:5A:F4:0F:DC,dc0ff45a2f500201021816aafe40c01b36e3420af3cf6640f3889ddbc69ec797601a,-58839.0,91785.0,-104468.0,64184.0,-121390.0,,0,0,0,0,0,0,1,0,ADV_IND,34,37,5,-1,0,-1,-1,1610,32,8,unknown
3406.583000000006,FE:E9:18:DA:11:A8,a811da18e9fe06ff4c00121910677e1b3ca16a69044986e6f40f5ccf0fb3b4c53a77d418a7,-43103.0,59061.0,-101396.0,74531.0,-128822.0,,0,0,0,0,0,0,1,0,ADV_IND,37,37,7,-1,0,-1,-1,6574,31,8,unknown
3409.411,50:2F:5A:F4:0F:DC,dc0ff45a2f500201021816aafe40c00d908326e0b3f70229ff7d66fb89af6a323fac,-17984.0,83574.0,-95451.0,58764.0,-119568.0,,0,0,0,0,0,0,1,0,ADV_IND,34,37,12,-1,0,-1,-1,4527,32,8,unknown
3417.9589999999953,50:2F:5A:F4:0F:DC,dc0ff45a2f500201021816aafe40c00d908326e0b3f70229ff7d66fb89af4a336a1a,-23459.0,95404.0,-107807.0,62675.0,-122459.0,,0,0,0,0,0,0,1,0,ADV_IND,34,37,6,-1,0,-1,-1,6996,32,8,unknown
3418.215999999993,71:31:6D:CD:06:E9,e906cd6d31710201021816aafe40cb132dabb989581c1fa4cd1ba56961a88207baf8,-33038.0,75896.0,-117592.0,59637.0,-124186.0,,0,0,0,0,0,1,1,0,ADV_IND,34,37,3,-1,0,-1,-1,5494,32,8,unknown
3419.7739999999976,71:11:6D:CD:06:E9,e906cd6d11710201021816aafe50cb132dabb989581c1fa4cd1ba56961a88207baf8,-20020.0,95846.0,-133001.0,91441.0,-137822.0,,0,0,0,0,0,0,1,0,ADV_IND,34,37,11,-1,0,-1,-1,6592,28,7,unknown
3420.7779999999984,71:31:6D:CD:06:E9,e906cd6d31710201021816aafe40cb132dabb989581c1fa4cd1ba56961a88207baf8,-31255.0,48890.0,-116774.0,79711.0,-113154.0,,0,0,0,0,0,1,1,0,ADV_IND,34,37,12,-1,0,-1,-1,5810,32,8,unknown
3421.8079999999973,71:31:6D:CD:06:E9,e906cd6d31710201021816aafe40cb132dabb989581c1fa4cd1ba56961a88207baf8,-8877.0,70366.0,-100640.0,46445.0,-123721.0,,0,0,0,0,0,0,1,0,ADV_IND,34,37,5,-1,0,-1,-1,6546,32,8,unknown
3424.491000000002,71:31:6D:CD:06:E9,e906cd6d31710201021816aafe40cb132dabb989581c1fa4cd1ba56961a88207baf8,-25689.0,62352.0,-109634.0,87497.0,-149214.0,,0,0,0,0,0,1,1,0,ADV_IND,34,37,9,-1,0,-1,-1,8003,31,8,unknown
3425.868999999999,E3:83:66:CC:41:6A,6a41cc6683e31eff4c00121950e3786014208242ac5a9546f8dba6095eb7e5d39966080102,-13645.0,64701.0,-117536.0,84938.0,-131286.0,,0,0,0,0,0,0,1,0,ADV_IND,37,37,8,-1,0,-1,-1,2581,32,8,unknown
3428.4779999999955,71:B1:6D:CD:06:E9,e906cd6db1710201061816aafe40cb132d2bf189481c1fa4cd1ba56961a88207baf8,-44093.0,92903.0,-107853.0,64175.0,-120529.0,,0,0,0,0,0,0,1,0,ADV_IND,34,37,14,-1,0,-1,-1,6225,32,7,unknown
3430.242999999995,71:31:6D:CD:06:E9,e906cd6d31710201021816aafe40cb132dabb989581c1fa4cd1ba56961a88207baf8,-33825.0,98377.0,-118585.0,76802.0,-154906.0,,0,0,0,0,0,1,1,0,ADV_IND,34,37,12,-1,0,-1,-1,5059,32,8,unknown
3433.841999999997,71:31:6D:CD:06:E9,e906cd6d31710201021816aafe40cb132dabb98d581c1fa4cd1ba56961a88207baf8,-30629.0,116752.0,-126300.0,75838.0,-143064.0,,0,0,0,0,0,0,1,0,ADV_IND,34,37,0,-1,0,-1,-1,4379,31,7,unknown
3435.928000000007,71:B1:6D:CD:06:E9,e906cd6db1710201021816aafe40cb132dabb989581c1fa4cd1ba56961a88207baf8,-22158.0,61259.0,-97995.0,52986.0,-130547.0,,0,0,0,0,0,0,1,0,ADV_IND,34,37,4,-1,0,-1,-1,4496,32,8,unknown
3439.936999999998,71:11:69:CD:06:E8,e806cd6911710201021816aafe408b146c2da9ac063a4d06ea3bb4c2338db20f2ab0,-21010.0,72168.0,-115182.0,63130.0,-120416.0,,0,0,0,0,0,0,1,0,ADV_IND,34,37,14,-1,0,-1,-1,7121,32,8,unknown
3447.1730000000025,E7:E5:E1:31:AF:5A,5aaf31e1e5e71eff4c001219397e3076660a316a20d84035cd7306867b6fed66a661330006,-16544.0,99785.0,-86223.0,52499.0,-104640.0,,0,0,0,0,0,0,1,0,ADV_IND,37,37,9,-1,0,-1,-1,3641,32,8,unknown
3447.1730000000025,E7:E7:E1:31:AF:5A,5aaf31e1e7e71eff4c00121939d8bb76660a316a20d8d025cd730e86b97a6d628460210096,-10094.0,77125.0,-98115.0,73086.0,-77864.0,,0,0,0,0,0,0,1,0,ADV_IND,37,37,1,-1,0,-1,-1,4690,32,8,unknown
3447.1730000000025,E7:E7:E1:31:AF:5A,5aaf31e1e7e71eff4c001219397e3076460a716a20d8d035cd730e86b97aed668460a10496,-14158.0,106559.0,-103842.0,73906.0,-115775.0,,0,0,0,0,0,0,1,0,ADV_IND,37,37,9,-1,0,-1,-1,5803,32,8,unknown
3447.1730000000025,C7:E7:E1:31:AF:5A,5aaf31e1e7c71eff4c001219397e3076660a316a20d8d475cf730e86b97aed668460a10096,4873.0,87261.0,-96922.0,54233.0,-112317.0,,0,0,0,0,0,0,1,0,ADV_IND,37,37,1,-1,0,-1,-1,1225,32,8,unknown
3447.1730000000025,E7:E7:E1:31:AF:5A,5aaf31e1e7e71aff4c001219397e3076660a216e20d84f6eefff2ec6bb7acc678464b10496,-17569.0,108450.0,-90866.0,64116.0,-115658.0,,0,0,0,0,0,0,1,0,ADV_IND,37,37,8,-1,0,-1,-1,2513,32,7,unknown
3447.1730000000025,E7:E7:E1:31:AF:5A,5aaf31e1e7e71eff4c001219397e3076660a31ca32d80747ea8f29e51e7e843d2c6c707d5e,-35549.0,94241.0,-96036.0,64607.0,-110593.0,,0,0,0,0,0,0,1,0,ADV_IND,37,37,2,-1,0,-1,-1,3651,32,8,unknown
3447.1730000000025,E7:E7:E1:31:AF:5A,5aaf31e1e7e71eff4c001219397e3176660a316a20d84027cd730e863b7eed373c6c2858de,-26294.0,82934.0,-76431.0,76756.0,-92987.0,,0,0,0,0,0,0,1,2,ADV_NONCONN_IND,37,37,5,-1,0,-1,-1,3742,32,8,unknown
3447.458000000006,E7:E7:E1:31:AF:5A,5aaf31e1e7e71eff4c001219397e3076660a316a20d8d035cd730e86b97aed668460a10096,-30553.0,81327.0,-83172.0,101079.0,-107318.0,,0,0,0,0,0,1,1,0,ADV_IND,37,37,14,-1,0,-1,-1,6459,31,8,unknown
3447.458000000006,E7:E7:E1:31:AF:5A,5aaf31e1e7e71eff4c001219397e3076660a316a20d8d035cd730e86b97aed668460a10096,-12179.0,114521.0,-77975.0,72013.0,-148204.0,,0,0,0,0,0,1,1,0,ADV_IND,37,37,1,-1,0,-1,-1,1581,32,8,unknown
3447.458000000006,E7:E7:E1:31:AF:5A,5aaf31e1e7e71eff4c001219397e3076660a316a20d8d435cd730e86b97eed668460a10096,-10010.0,103111.0,-80246.0,54690.0,-142819.0,,0,0,0,0,0,0,1,0,ADV_IND,37,37,2,-1,0,-1,-1,4803,32,8,unknown
3447.458000000006,E7:E7:E1:31:AF:5A,5aaf31e1e7e71eff4c001219397e3076660a316a20d8d035cd730e86b97aed668460a10096,-14521.0,84647.0,-88722.0,78865.0,-115649.0,,0,0,0,0,0,1,1,0,ADV_IND,37,37,14,-1,0,-1,-1,3340,32,8,unknown
3447.458000000006,E7:E7:E1:31:AF:5A,5aaf31e1e7e71eff4c001219397eb08e5826f59d3758e0f7f9713a542df3e09469abb4476a,-19196.0,80755.0,-86255.0,66267.0,-109997.0,,0,0,0,0,0,0,1,0,ADV_IND,37,37,12,-1,0,-1,-1,4221,32,8,unknown
3447.458000000006,E7:E7:E1:33:AF:5A,5aaf33e1e7e71eff4c001219397e3076660a316a20d8d035cd730e86b97aed668460a10096,-32346.0,95773.0,-76379.0,72967.0,-125295.0,,0,0,0,0,0,0,1,0,ADV_IND,37,37,7,-1,0,-1,-1,4232,32,7,unknown
3447.458000000006,E7:E7:E1:31:AF:5A,5aaf31e1e7e71eff4c001219397e3076660a316a20d8d035cd730e86b97aed668460a10096,-37713.0,99288.0,-104645.0,87585.0,-122076.0,,0,0,0,0,0,0,1,2,ADV_NONCONN_IND,37,37,2,-1,0,-1,-1,1301,31,8,unknown
3447.458000000006,E7:E7:E1:31:AF:5A,5aaf31e1e7e71eff4c001219397c3076640a316a20d8d035cd730e86b97aed66846031105e,-20181.0,95995.0,-92603.0,70296.0,-94648.0,,0,0,0,0,0,0,1,0,ADV_IND,37,37,14,-1,0,-1,-1,2228,32,8,unknown
3447.458000000006,E7:E7:E1:31:AF:5A,5aaf31e1e7e71eff4c001219397e3076660a316a20d8d075f971bad415f330864debf445ba,-28733.0,93710.0,-91209.0,64381.0,-122656.0,,0,0,0,0,0,0,1,0,ADV_IND,37,37,10,-1,0,-1,-1,4567,32,8,unknown
3447.458000000006,57:E7:E1:31:AF:5A,5aaf31e1e7571eff4c0012193b7e3976660e216e20d8c467cd7f0e863d7ce566a460200096,-31050.0,104878.0,-100930.0,59947.0,-108973.0,,0,0,0,0,0,0,1,2,ADV_NONCONN_IND,37,37,12,-1,0,-1,-1,1374,32,7,unknown
3447.458000000006,C7:E7:E1:31:AF:5A,5aaf31e1e7c70eff4c001219397e3176660a616a20d8d065cdf30e86b97eed668460a10096,-4959.0,96627.0,-106352.0,72792.0,-139777.0,,0,0,0,0,0,0,1,0,ADV_IND,37,37,8,-1,0,-1,-1,3817,30,7,unknown
3447.733,67:E7:E1:31:AF:5A,5aaf31e1e7671eff4c001219397e3076660a316a20d8d035cd730e86b97aed66a460310596,-28246.0,134413.0,-104849.0,94649.0,-133524.0,,0,0,0,0,0,0,1,0,ADV_IND,37,37,3,-1,0,-1,-1,3030,32,7,unknown
3447.733,E7:E7:E1:31:AF:5A,5aaf31e1e7e71eff4c001219397e3076660a316a20d8d035cd730e86b97aed668460a10096,-27119.0,92068.0,-82421.0,66370.0,-121922.0,,0,0,0,0,0,0,1,0,ADV_IND,37,37,8,-1,0,-1,-1,6498,32,8,unknown
3447.733,E7:E7:E1:31:AF:5A,5aaf31e1e7e71eff4c001219397e3076660b716a20d86c6787d34dc4736ebf42b679b11206,-7633.0,78661.0,-102109.0,65057.0,-102326.0,,0,0,0,0,0,0,1,0,ADV_IND,37,37,3,-1,0,-1,-1,7776,32,8,unknown
3447.733,E7:E7:E1:31:AF:5A,5aaf31e1e7e71eff4c001219397e3076660a316a20d8d035cd730e86bb7aed668460697c5e,-4000.0,80733.0,-91003.0,71031.0,-136772.0,,0,0,0,0,0,0,1,0,ADV_IND,37,37,9,-1,0,-1,-1,2509,31,7,unknown
3447.733,E7:E7:E1:31:AF:5A,5aaf31e1e7e71eff4c001219397e3076660a316a20d8d035cd530e86b97aed668460a10096,-27307.0,90512.0,-92649.0,71556.0,-113972.0,,0,0,0,0,0,0,1,0,ADV_IND,37,37,7,-1,0,-1,-1,7350,32,8,unknown
3447.733,EF:E7:E1:31:AF:5A,5aaf31e1e7ef1eff4c00121939fc3176440e31ca38d80d2eebd72fc45976843e2c60307d56,-26622.0,90109.0,-86616.0,60989.0,-116711.0,,0,0,0,0,0,0,1,0,ADV_IND,37,37,4,-1,0,-1,-1,1222,32,8,unknown
3447.733,67:E7:E1:31:AF:5A,5aaf31e1e7671aff4c001219397e3076660a316a34588163f153ba4425f3f8864ba9e25c48,804.0,108123.0,-115331.0,76181.0,-121165.0,,0,0,0,0,0,0,1,0,ADV_IND,37,37,12,-1,0,-1,-1,2256,30,7,unknown
3447.733,E7:E7:E1:31:AF:5A,5aaf31e1e7e71eff4c001219397e3076660a316a20d84875cdf30a86ba7aed268460a10096,-1922.0,86827.0,-79960.0,65471.0,-133142.0,,0,0,0,0,0,0,1,0,ADV_IND,37,37,9,-1,0,-1,-1,7572,32,8,unknown
3447.733,EF:E7:E3:31:AF:5A,5aaf31e3e7ef1aff4c001219397eb076660e316a20d8d047cd730cc43b72ed76a461b10216,-11100.0,85095.0,-76427.0,91350.0,-106897.0,,0,0,0,0,0,0,1,2,ADV_NONCONN_IND,37,37,10,-1,0,-1,-1,5521,32,8,unknown
3448.0150000000067,E7:E7:61:31:AF:5A,5aaf3161e7e71eff4c0012193b7e3176360a716a20d80035edbb2ca6397c8c252d60b01096,-1887.0,86846.0,-108374.0,61567.0,-105813.0,,0,0,0,0,0,0,1,2,ADV_NONCONN_IND,37,37,3,-1,0,-1,-1,2435,31,8,unknown
3448.0150000000067,E7:A7:E1:31:AF:5A,5aaf31e1a7e71eff4c001219397eb076640a316a20d8d035cd730e86bb7aed668460314096,-9702.0,100270.0,-85327.0,79626.0,-128443.0,,0,0,0,0,0,0,1,2,ADV_NONCONN_IND,37,37,10,-1,0,-1,-1,3939,32,7,unknown
3448.0150000000067,E7:E7:E1:31:AF:5A,5aaf31e1e7e70eff4c00121939acfd26cd2d494f38d80d4eeacf28c54e74843d3d6c38755e,-18194.0,110240.0,-112552.0,77125.0,-145637.0,,0,0,0,0,0,0,1,3,SCAN_REQ,37,37,2,-1,0,-1,-1,2004,32,8,unknown
3448.0150000000067,E7:E7:61:31:AF:5A,5aaf3161e7e71eff4c001219397e3076660a316a20d8d035cd730c86b97aed668460b10016,-32730.0,84425.0,-82462.0,85172.0,-91609.0,,0,0,0,0,0,0,1,0,ADV_IND,37,37,7,-1,0,-1,-1,4192,32,8,unknown
3448.0150000000067,E7:E6:A1:31:AF:5A,5aaf31a1e6e71eff4c001219397e3076660a716a20d8d035cd730e86b97aed668460210096,-7174.0,109151.0,-96584.0,89846.0,-138801.0,,0,0,0,0,0,0,1,0,ADV_IND,37,37,12,-1,0,-1,-1,7865,29,7,unknown
3448.0150000000067,EF:E7:E1:31:AF:5A,5aaf31e1e7ef1eff4c001219397e3076660e316a20d85175ea9b29e55e74843d2d6c787d5e,-9372.0,103201.0,-96851.0,64361.0,-106830.0,,0,0,0,0,0,0,1,0,ADV_IND,37,37,2,-1,0,-1,-1,1767,31,8,unknown
3448.0150000000067,E7:E7:E1:31:AF:58,58af31e1e7e71eff4c001219196cb036660e71ea20d8d065c9530ec6397aec668c60a10096,-13403.0,115231.0,-100608.0,75181.0,-141659.0,,0,0,0,0,0,0,1,0,ADV_IND,37,37,8,-1,0,-1,-1,5285,32,8,unknown
3448.0150000000067,C7:E7:E1:31:AF:5A,5aaf31e1e7c71eff4c001219397e3076660a316a20d8d035cdd32dc43f76cc2d346c38599e,-13136.0,103546.0,-86380.0,67350.0,-128438.0,,0,0,0,0,0,0,1,0,ADV_IND,37,37,11,-1,0,-1,-1,1908,32,7,unknown
3448.0150000000067,E7:E7:E1:31:AF:5A,5aaf31e1e7e71eff4c001219397e3076660a316a20d8d035cd730c86b97aed668460a10096,-22355.0,86303.0,-92762.0,71748.0,-119270.0,,0,0,0,0,0,0,1,0,ADV_IND,37,37,1,-1,0,-1,-1,5587,32,8,unknown
3448.0150000000067,E7:E7:E1:31:AF:5A,5aaf31e1e7e71eff4c001219397e3076660a316a00d8d035cd730e86b97aed668460a10096,-19060.0,90402.0,-84830.0,63693.0,-113566.0,,0,0,0,0,0,0,1,0,ADV_IND,37,37,9,-1,0,-1,-1,1745,32,7,unknown
3448.0150000000067,E7:E7:E1:31:AF:5A,5aaf31e1e7e71eff4c001219197cf926452f69ce22d8472eead328c51e7ce43dbd64b0745e,-5239.0,96941.0,-80452.0,61030.0,-118351.0,,0,0,0,0,0,0,1,0,ADV_IND,37,37,5,-1,0,-1,-1,2947,30,8,unknown
3448.0150000000067,E7:E7:E1:31:AF:5A,5aaf31e1e7e71eff4c001219397e3076660a316a28d8c565ea8f29e51e76843d346c785556,-27321.0,103582.0,-93770.0,76015.0,-115999.0,,0,0,0,0,0,0,1,0,ADV_IND,37,37,15,-1,0,-1,-1,4020,32,8,unknown
3448.0150000000067,E7:E7:E1:31:AF:5A,5aaf31e1e7e71eff4c001219397e3076660a316a20d8d435cd730e86b97aed66846078555e,-13546.0,100901.0,-80286.0,47490.0,-136674.0,,0,0,0,0,0,0,1,0,ADV_IND,37,37,2,-1,0,-1,-1,7340,32,8,unknown
3448.0150000000067,67:E7:E1:31:AF:58,58af31e1e7671eff4c001219397e3076660a316a20d8d035cd730ec6b97aed668460a10096,-23387.0,138222.0,-110057.0,78569.0,-142999.0,,0,0,0,0,0,0,1,2,ADV_NONCONN_IND,37,37,12,-1,0,-1,-1,1689,32,8,unknown
3448.0150000000067,E7:E7:E1:31:AF:5A,5aaf31e1e7e71eff4c001219397efd764c3d49ef32d8056eeacb29c53b7e8c3dbd64b05d5e,-3091.0,93535.0,-80256.0,55671.0,-122742.0,,0,0,0,0,0,0,1,0,ADV_IND,37,37,5,-1,0,-1,-1,3858,32,8,unknown
3448.2969999999987,E7:E7:E1:31:AF:5A,5aaf31e1e7e71eff4c001219397eb876660a316a20d8d035cd8b2dc71e74843d3c6c38515e,-1626.0,99494.0,-90370.0,47778.0,-108649.0,,0,0,0,0,0,0,1,0,ADV_IND,37,37,12,-1,0,-1,-1,878,32,8,unknown
3448.2969999999987,C7:E7:E1:31:AF:5A,5aaf31e1e7c71eff4c001219397e3076660a316a20d8d035cd730e86b97aed668460a11096,-5905.0,94378.0,-95238.0,83209.0,-135182.0,,0,0,0,0,0,0,1,8,ADV_SCAN_IND,37,37,5,-1,0,-1,-1,3391,30,8,unknown
3448.2969999999987,E7:E7:E1:31:AF:5A,5aaf31e1e7e71eff4c001219397e3076660a316a20d8d035cd730e86b97aed668460a10096,-13855.0,92548.0,-75293.0,74614.0,-128134.0,,0,0,0,0,0,1,1,0,ADV_IND,37,37,10,-1,0,-1,-1,6699,32,8,unknown
3448.2969999999987,E7:E7:E1:31:AF:5A,5aaf31e1e7e71eff4c001219397e3076662a316a20d85035cd730e86b97aed668460a10096,-7505.0,83193.0,-89482.0,42809.0,-109353.0,,0,0,0,0,0,0,1,0,ADV_IND,37,37,1,-1,0,-1,-1,4227,32,7,unknown
3448.2969999999987,E7:E7:E1:31:AF:5A,5aaf31e1e7e71eff4c001219397e3176660a316a24d8d037cd530ec4b97aed66e479214296,-5548.0,90111.0,-85307.0,63301.0,-98731.0,,0,0,0,0,0,0,1,0,ADV_IND,37,37,3,-1,0,-1,-1,6493,32,8,unknown
3448.2969999999987,E7:E7:E1:31:AF:5A,5aaf31e1e7e71eff4c001219397e3876640e716a20d8d035cd734a803b6aed468460214286,-12165.0,91597.0,-87230.0,47523.0,-94248.0,,0,0,0,0,0,0,1,0,ADV_IND,37,37,9,-1,0,-1,-1,6325,32,7,unknown
3448.2969999999987,67:E7:E1:31:AF:5A,5aaf31e1e7671eff4c001219397c3076662a216a20d8d075cd730e86bb7aed668460a11016,-25531.0,112688.0,-80972.0,44338.0,-103252.0,,0,0,0,0,0,0,1,0,ADV_IND,37,37,0,-1,0,-1,-1,2207,31,8,unknown
3448.2969999999987,E7:E7:E1:31:AF:5A,5aaf31e1e7e71eff4c001219397e3876660a312a20d8d037cff30f86b97eed668460210096,-14584.0,90960.0,-85256.0,55240.0,-105917.0,,0,0,0,0,0,0,1,2,ADV_NONCONN_IND,37,37,7,-1,0,-1,-1,6984,32,7,unknown
3448.568999999996,E7:E7:E1:31:AF:5A,5aaf31e1e7e71eff4c001219397e3036e40b216a20d85054cccf0ee45a7eec668c60b148d6,-35721.0,105745.0,-77876.0,65600.0,-131110.0,,0,0,0,0,0,0,1,0,ADV_IND,37,37,10,-1,0,-1,-1,7561,32,8,unknown
3448.568999999996,E7:E7:61:21:BF:58,58bf2161e7e70eff4c00121939aeb126cc3f69ef30d80d4eef8b09e55e74e42e2d6c785dd6,-21026.0,88825.0,-94668.0,85515.0,-114738.0,,0,0,0,0,0,0,1,2,ADV_NONCONN_IND,37,37,7,-1,0,-1,-1,1256,30,8,unknown
3448.8280000000013,71:31:6C:CD:06:E9,e906cd6c31710201021816aafe40cb172dabf189481c57a4cd1b256961888007baf9,-54477.0,73019.0,-109538.0,56361.0,-113767.0,,0,0,0,0,0,0,1,0,ADV_IND,34,37,0,-1,0,-1,-1,1036,32,8,unknown
3449.821999999993,71:31:6D:CD:06:E9,e906cd6d31710201021816aafe40cb132dabb988581c0da4cd1ba54961a88207baf8,-25306.0,87019.0,-124030.0,76869.0,-151998.0,,0,0,0,0,0,0,1,0,ADV_IND,34,37,0,-1,0,-1,-1,1417,32,8,unknown
3450.5940000000046,71:31:6D:CD:06:E9,e906cd6d31710201021816aafe40cb132dabb989581c1fa4cd1ba56961a88207baf8,-31861.0,93828.0,-112558.0,75573.0,-160454.0,,0,0,0,0,0,1,1,0,ADV_IND,34,37,2,-1,0,-1,-1,6701,32,8,unknown
3452.637999999999,71:31:6D:CD:06:E9,e906cd6d31710201021816aafe40cb132dabb989581c1fa4cd1ba56961a88207ba28,-694.0,56091.0,-111321.0,57316.0,-109792.0,,0,0,0,0,0,0,1,0,ADV_IND,34,37,1,-1,0,-1,-1,4784,32,8,unknown
3454.3170000000027,71:31:6D:CD:06:A9,a906cd6d31710201021816aafe40cb132dabb989581c1fa4cd1ba56961a88207baf8,-33134.0,98480.0,-112116.0,90885.0,-138057.0,,0,0,0,0,0,0,1,2,ADV_NONCONN_IND,34,37,3,-1,0,-1,-1,6854,30,7,unknown
3455.268999999993,4A:32:0D:06:1D:C5,c51d060d324a0201021816aafe60f4096b1603fccb1b08e83efbafdfca8faed72a54,8868.0,81039.0,-74163.0,89614.0,-128959.0,,0,0,0,0,0,0,1,0,ADV_IND,34,37,6,-1,0,-1,-1,3652,32,8,unknown
3456.9059999999954,71:31:6D:CD:06:E9,e906cd6d31710201021816aafe00c9132dabb9895c1c1fa4c51ba56d61a88203baf8,-25772.0,69529.0,-110110.0,49764.0,-104777.0,,0,0,0,0,0,0,1,0,ADV_IND,34,37,2,-1,0,-1,-1,3813,32,8,unknown
3456.9059999999954,48:12:4D:02:5D:C4,c45d024d12480201021816aafe40f4096a1603fecb1b0be83edbaf4fce86ce570e56,-7295.0,83468.0,-87708.0,77752.0,-109874.0,,0,0,0,0,0,0,1,0,ADV_IND,34,37,4,-1,0,-1,-1,5051,32,7,unknown
3458.481000000007,71:31:6D:CD:06:E9,e906cd6d31710201021816aafe40cb132dabb989581c1fa4cd1bb56961a88207baf8,-35235.0,80974.0,-115914.0,54159.0,-124915.0,,0,0,0,0,0,0,1,0,ADV_IND,34,37,13,-1,0,-1,-1,4770,32,8,unknown
3460.4960000000065,71:31:6D:CD:06:E9,e906cd6d31710201021816aafe40cb132dabb989581c1fa4cd1ba56961a88207baf8,-25015.0,118691.0,-132545.0,98566.0,-150322.0,,0,0,0,0,0,1,1,0,ADV_IND,34,37,7,-1,0,-1,-1,1742,32,8,unknown
3462.1200000000026,71:31:69:CD:06:E9,e906cd6931710201021816aafe40cb13a527b98dcc141de4c71b35cd43ca80038ad9,-40919.0,90638.0,-120459.0,53067.0,-110191.0,,0,0,0,0,0,0,1,0,ADV_IND,34,37,1,-1,0,-1,-1,5370,32,8,unknown
3465.7910000000047,E9:70:DF:56:7B:E0,e07b56df70e91eff4c001219003dbc6c3ca006d6030b9265b561ac24c35f7cd86b91ac0102,-20511.0,59943.0,-110751.0,88218.0,-118298.0,,0,0,0,0,0,0,1,2,ADV_NONCONN_IND,37,37,5,-1,0,-1,-1,4758,32,8,unknown
3467.332000000002,4A:32:0D:02:1D:C5,c51d020d324a0201020816aafe4024292a5da508c25f5f79649a02d39e87fcb2e214ad,5664.0,74154.0,-104876.0,100449.0,-103712.0,,0,0,0,0,0,0,1,0,ADV_IND,35,37,15,-1,0,-1,-1,1128,31,8,unknown
3468.5569999999934,71:31:6D:CD:06:E9,e906cd6d31710201021816aafe40cb132dabb989581c1fa4cd1ba56961a88207baf8,-26927.0,53694.0,-104248.0,70728.0,-128637.0,,0,0,0,0,0,1,1,0,ADV_IND,34,37,12,-1,0,-1,-1,1437,32,8,unknown
3471.4449999999997,71:31:6D:CD:06:E9,e906cd6d31710201021816aafe40cb132dabb989581c1fa4cd1ba56961a88207baf8,-30407.0,95895.0,-124368.0,91940.0,-145674.0,,0,0,0,0,0,1,1,0,ADV_IND,34,37,15,-1,0,-1,-1,7810,32,8,unknown
3478.8250000000044,71:31:6D:CD:06:E9,e906cd6d31710201021816aafe40cb126cabb9ac5c1e1fa4cd1ba54961a80207baf8,-34425.0,92756.0,-131761.0,71028.0,-132971.0,,0,0,0,0,0,0,1,0,ADV_IND,34,37,14,-1,0,-1,-1,5681,32,8,unknown
3479.336000000003,71:31:6D:CD:06:E9,e906cd6d31710201021816aafe40c9132daba989581c1fa4cd1bbc80329c330d2220,-27012.0,73977.0,-112819.0,66847.0,-110280.0,,0,0,0,0,0,0,1,0,ADV_IND,34,37,7,-1,0,-1,-1,1916,32,8,unknown
3480.1029999999955,71:31:6D:CD:06:E9,e906cd6d31710201021816aafe40cb132dabb989581c1fa4cd1ba56961a88207baf8,-41271.0,88716.0,-101582.0,73937.0,-146175.0,,0,0,0,0,0,1,1,0,ADV_IND,34,37,0,-1,0,-1,-1,5509,32,8,unknown
3481.155000000006,71:31:6D:CD:06:E9,e906cd6d31710201021816aafe40cb132dabb989581c1fa4cd1ba56963a88207aaf8,-28819.0,57502.0,-107401.0,64509.0,-112302.0,,0,0,0,0,0,0,1,0,ADV_IND,34,37,1,-1,0,-1,-1,6067,32,8,unknown
3481.9509999999937,71:11:6D:CD:06:E9,e906cd6d11710201221816aafe04c91325abb9a9581c5fa4c51b354d43888203aaf8,-27100.0,67762.0,-109311.0,57033.0,-115547.0,,0,0,0,0,0,0,1,2,ADV_NONCONN_IND,34,37,5,-1,0,-1,-1,3408,32,8,unknown
3482.4420000000027,E3:83:66:8C:41:6A,6a418c6683e31eff4c00121950e3706014208a42ae5a9446f8dbb6095eb7e5f39966080102,-27236.0,86909.0,-106732.0,102335.0,-128976.0,,0,0,0,0,0,0,1,2,ADV_NONCONN_IND,37,37,11,-1,0,-1,-1,6661,32,8,unknown
3482.4420000000027,71:31:6D:CD:06:E9,e906cd6d31710201021816aafe40cb132dabb989581c1fa4cd1b254961a88207baf8,-25284.0,76603.0,-103668.0,54182.0,-118018.0,,0,0,0,0,0,0,1,0,ADV_IND,34,37,15,-1,0,-1,-1,2578,32,8,unknown
3484.118999999999,E3:83:66:8C:41:6A,6a418c6683e31eff4c00121950e3706014208a42ae5a9446f8dbb4095eb7e5d39966080002,-14877.0,85734.0,-90416.0,80544.0,-140865.0,,0,0,0,0,0,0,1,0,ADV_IND,37,37,15,-1,0,-1,-1,4377,31,8,unknown
3485.3170000000027,71:31:6D:CD:06:E9,e906cd6d31710201021816aafe408916686f8dac463a6d06ea1bf492329c320d2220,-30748.0,71889.0,-117161.0,67800.0,-123341.0,,0,0,0,0,0,0,1,0,ADV_IND,34,37,11,-1,0,-1,-1,5326,32,8,unknown
3486.292999999998,63:83:66:CC:41:6A,6a41cc6683631aff4c00121950e3706014208a42ac5a9446f8dba6095eb7e5d39966080102,-16897.0,70086.0,-93877.0,70092.0,-122898.0,,0,0,0,0,0,0,1,0,ADV_IND,37,37,4,-1,0,-1,-1,7902,32,7,unknown
3489.159000000007,71:31:6D:CD:06:E9,e906cd6d31710201021816aafe40cb132dabb989581c1fa4cd1ba56961a88207baf8,-13958.0,72571.0,-110607.0,62984.0,-131299.0,,0,0,0,0,0,1,1,0,ADV_IND,34,37,4,-1,0,-1,-1,7775,31,8,unknown
3492.8240000000005,71:31:6D:CD:06:E9,e906cd6d31710201021816aafe40cb132dabb989581c1fa4cd1ba56961a88207baf8,-31313.0,71657.0,-107001.0,75228.0,-118601.0,,0,0,0,0,0,0,1,0,ADV_IND,34,37,15,-1,0,-1,-1,4016,32,8,unknown
3494.7539999999935,71:31:6D:CD:16:E9,e916cd6d31710201021816aafe40cb132dabb989581c1fa4cd1ba56961a88207baf8,-47086.0,109842.0,-123370.0,79324.0,-153234.0,,0,0,0,0,0,0,1,0,ADV_IND,34,37,13,-1,0,-1,-1,1430,32,7,unknown
3496.1660000000047,71:31:6D:CD:06:E9,e906cd6d31710201021816aafe40db172dabb98d581c1fa4cd1ba56961a88207baf8,-23797.0,69159.0,-108357.0,47272.0,-120507.0,,0,0,0,0,0,0,1,0,ADV_IND,34,37,6,-1,0,-1,-1,1120,32,7,unknown
3502.757000000005,71:31:6D:CD:06:E9,e906cd6d31710201021816aafe40cb132dabb989581c1fa4cd1ba56961a88207baf8,-50782.0,76274.0,-101495.0,71019.0,-112843.0,,0,0,0,0,0,1,1,0,ADV_IND,34,37,15,-1,0,-1,-1,4618,32,8,unknown
3510.7769999999946,71:11:68:CD:4E:E9,e94ecd6811710201021816aafe0081136c6d8dac0e3ae806ea3bbcc0339d130f22b079,-22477.0,62026.0,-122292.0,54438.0,-114894.0,,0,0,0,0,0,0,1,0,ADV_IND,35,37,2,-1,0,-1,-1,6093,28,7,unknown
3511.2980000000025,71:31:6D:CD:06:E8,e806cd6d31710201021816aafe40cb132dabb989581c1fa4cd1ba56961a88207baf8,-27311.0,107913.0,-128092.0,85419.0,-153306.0,,0,0,0,0,0,0,1,0,ADV_IND,34,37,12,-1,0,-1,-1,4630,32,7,unknown
3512.0809999999983,71:31:6D:CD:06:E9,e906cd6d31710201021816aafe40cb132dabb989581c1fa4cd1ba56961a88207baf8,-22259.0,71759.0,-107562.0,86770.0,-141222.0,,0,0,0,0,0,1,1,0,ADV_IND,34,37,5,-1,0,-1,-1,4361,32,7,unknown
3512.584999999999,FB:A2:5C:DB:F0:6C,6cf0db5ca2fb1eff4c00121910dcbc0f90c493d94a22e5af8912a0c7eff95603a69b0c506e,-28664.0,52874.0,-130183.0,52673.0,-102617.0,,0,0,0,0,0,0,1,0,ADV_IND,37,37,1,-1,0,-1,-1,2264,32,8,unknown
3512.8459999999977,71:31:6D:CD:06:E9,e906cd6d31710201021816aafe40cb132dabb989581c1fa4cd1ba5e931ad120d2a20,-23382.0,74207.0,-114817.0,70270.0,-126362.0,,0,0,0,0,0,0,1,0,ADV_IND,34,37,11,-1,0,-1,-1,4126,32,8,unknown
3513.360999999997,FB:A2:5C:DB:F0:6C,6cf0db5ca2fb1eff4c00121910dcbc0f90c493d95a32edaf89bfb4c5f525790dae99ae7da7,-30733.0,59969.0,-106471.0,102259.0,-96019.0,,0,0,0,0,0,0,1,0,ADV_IND,37,37,2,-1,0,-1,-1,6002,31,8,unknown
3516.7469999999958,71:31:6D:CD:06:E9,e906cd6d31710201021816aafe0089166d2d89be0c3a4c26ea3bbcc0339d120fa220,-35010.0,64314.0,-118256.0,71114.0,-123399.0,,0,0,0,0,0,0,1,0,ADV_IND,34,37,9,-1,0,-1,-1,3799,32,8,unknown
3518.809000000001,71:31:6D:CD:06:E9,e906cd6d31710201021816aafe40cb132dabb989581c1fa4cd1ba56961a88207baf8,-29404.0,77224.0,-98161.0,59714.0,-139607.0,,0,0,0,0,0,1,1,0,ADV_IND,34,37,15,-1,0,-1,-1,2180,32,7,unknown
3520.659000000007,C1:DB:3F:8E:B3:70,70b38e3fdbc11eff4c001219005fc46883a1670c75d74b69171bf62171c5403b415eb90380,-14352.0,56289.0,-110677.0,91576.0,-112351.0,,0,0,0,0,0,0,1,2,ADV_NONCONN_IND,37,37,6,-1,0,-1,-1,7288,30,8,unknown
3520.659000000007,71:31:6D:CD:06:E9,e906cd6d31710201021816aafe40cb132dabb989581c1fa4cd1ba56961a88207baf8,-12474.0,55341.0,-99142.0,78527.0,-138383.0,,0,0,0,0,0,1,1,0,ADV_IND,34,37,4,-1,0,-1,-1,2509,32,7,unknown
3523.1890000000058,71:31:6D:CD:06:E9,e906cd6d31710201021816aafe40cb132dabb9a9583a4d26ef1bb4c023881207bae0,-25439.0,71086.0,-123837.0,73675.0,-118754.0,,0,0,0,0,0,0,1,0,ADV_IND,34,37,6,-1,0,-1,-1,6427,32,8,unknown
3524.6529999999984,71:31:6D:CD:06:E9,e906cd6d31710201021816aafe40cb172cabb9ad581c1fa4cd1bb54961a80207baf0,-40735.0,82347.0,-116224.0,57913.0,-128342.0,,0,0,0,0,0,0,1,0,ADV_IND,34,37,1,-1,0,-1,-1,3232,32,8,unknown
3526.8079999999973,71:B1:6D:CD:06:E9,e906cd6db1710201021816aafe40cb132dabb989581c57a4cd1ba56961a88207baf8,-27795.0,63491.0,-95183.0,61013.0,-115896.0,,0,0,0,0,0,0,1,0,ADV_IND,34,37,3,-1,0,-1,-1,6783,32,8,unknown
3528.8710000000065,71:31:6D:CD:06:E9,e906cd6d31710201021816aafe40cb132dabb989581c1fa4cd1ba56961a88207baf8,-37088.0,64594.0,-100754.0,80600.0,-137399.0,,0,0,0,0,0,1,1,0,ADV_IND,34,37,5,-1,0,-1,-1,6317,32,8,unknown
3531.2549999999974,71:31:6D:CD:06:E9,e906cd6d31710201021816aafe44cb132dafb989c81c1fe4cd1ba56961a88207baf8,-46513.0,66989.0,-110772.0,71871.0,-117174.0,,0,0,0,0,0,0,1,0,ADV_IND,34,37,10,-1,0,-1,-1,6139,32,7,unknown
3532.715000000004,C8:87:EE:32:30:8E,8e3032ee87c81eff4c00121900e26648cfb6570e7a10f3b876dd8fe9149995efb3ce2b0100,-2120.0,60149.0,-86002.0,104296.0,-101802.0,,0,0,0,0,0,1,1,2,ADV_NONCONN_IND,37,37,2,-1,0,-1,-1,1861,32,8,unknown
3532.715000000004,71:31:6D:CD:06:E9,e906cd6d31710201021816aafe40cb132dabb989581c1fa4cd1ba56961a88207baf8,-37837.0,52806.0,-106686.0,89126.0,-130841.0,,0,0,0,0,0,1,1,0,ADV_IND,34,37,9,-1,0,-1,-1,6856,32,8,unknown
3534.7790000000023,71:31:6D:CD:06:E9,e906cd6d31710201021816aafe40cb132dabb989581c93d7f9ab50ef9b076b086e4c,-23148.0,74291.0,-116191.0,82022.0,-157977.0,,0,0,0,0,0,0,1,0,ADV_IND,34,37,7,-1,0,-1,-1,3017,32,8,unknown
3543.262999999999,C8:87:EE:22:30:8E,8e3022ee87c80eff4c00121900e20688cab6578ca210fbb874dd0ff905999defb1a70ff12a,1382.0,65520.0,-98222.0,105737.0,-85706.0,,0,0,0,0,0,0,1,2,ADV_NONCONN_IND,37,37,7,-1,0,-1,-1,1571,31,8,unknown
3543.5290000000023,71:31:6D:CD:06:E9,e906cd6d31710201021816aafe40cb132dabb989581c1fa4cd1ba56961a88207baf8,-16497.0,92645.0,-121687.0,98392.0,-139296.0,,0,0,0,0,0,1,1,0,ADV_IND,34,37,14,-1,0,-1,-1,2650,32,8,unknown
3545.0759999999937,71:31:6C:CD:06:E9,e906cd6c31710201021816aafe40cb172cabb989581c1fa4cd1ba5e961a88207baf8,-18829.0,60567.0,-109465.0,93661.0,-125630.0,,0,0,0,0,0,0,1,0,ADV_IND,34,37,6,-1,0,-1,-1,2986,31,8,unknown
3547.613999999994,71:31:6D:CD:06:E9,e906cd6d31710201021816aafe40cb132dabb989581c1fa4cd1ba56961a88207baf8,-30406.0,86241.0,-128783.0,95585.0,-160209.0,,0,0,0,0,0,1,1,0,ADV_IND,34,37,5,-1,0,-1,-1,3295,30,7,unknown
3549.143999999993,71:31:6D:CD:06:E9,e906cd6d31710201021816aafe40cb132dabb989581c1fa4cd1ba56961a88207baf8,-33922.0,79334.0,-107807.0,79977.0,-154347.0,,0,0,0,0,0,1,1,0,ADV_IND,34,37,13,-1,0,-1,-1,6322,31,8,unknown
3550.405000000006,71:31:6D:CD:06:E9,e906cd6d31710201021816aafe40cb132dabb989581c1fa4cd1ba56961a88207baf8,-29234.0,72274.0,-104191.0,53925.0,-119630.0,,0,0,0,0,0,1,1,0,ADV_IND,34,37,5,-1,0,-1,-1,7295,32,7,unknown
3551.704000000005,71:31:6D:CD:06:E9,e906cd6d31710201021816aafe40cb132dabb989581c1fa4cd1ba5e943a88207ba78,-36045.0,73798.0,-98590.0,55963.0,-115175.0,,0,0,0,0,0,0,1,0,ADV_IND,34,37,2,-1,0,-1,-1,5827,32,8,unknown
3551.9690000000046,E1:B6:DA:D5:C0:8B,8bc0d5dab6e11eff4c001219501b84e0e9816743cae4677d35705d4e32febe9cb5f42c7582,2697.0,70994.0,-89520.0,77004.0,-115203.0,,0,0,0,0,0,0,1,0,ADV_IND,37,37,8,-1,0,-1,-1,4864,32,8,unknown
3552.9990000000034,71:31:6D:CD:06:E9,e906cd6d31710201021816aafe40cb132dabb989581c1fa4cd1ba56961a88207bab8,-24671.0,62525.0,-110003.0,64164.0,-118741.0,,0,0,0,0,0,0,1,0,ADV_IND,34,37,11,-1,0,-1,-1,6700,32,8,unknown
3555.613000000005,71:31:6D:CD:06:E9,e906cd6d31710201021816aafe40cb132dabb989581c1fa4cd1ba56961a88207baf8,-17810.0,76510.0,-123168.0,103333.0,-149712.0,,0,0,0,0,0,1,1,0,ADV_IND,34,37,0,-1,0,-1,-1,2611,32,7,unknown
3557.1170000000056,71:31:6D:CD:06:E9,e906cd6d31710201021816aafe40cb132dabb989581c1fa4cd1ba56961a88207baf8,-47147.0,54837.0,-109276.0,71154.0,-126370.0,,0,0,0,0,0,1,1,0,ADV_IND,34,37,1,-1,0,-1,-1,2164,32,8,unknown
3559.209999999999,71:B1:6D:CD:06:E9,e906cd6db1710201021816aafe40cb122dabb989481cdfe0c75b25cd438ac003aad9,-36950.0,72720.0,-110830.0,80091.0,-127985.0,,0,0,0,0,0,0,1,0,ADV_IND,34,37,4,-1,0,-1,-1,1509,32,8,unknown
3562.385000000002,71:31:6D:CD:06:E9,e906cd6d31710201021816aafe40cb132dabb989581c1fa4cd1ba56961a88207baf8,-30681.0,90205.0,-125229.0,81228.0,-145462.0,,0,0,0,0,0,1,1,0,ADV_IND,34,37,11,-1,0,-1,-1,4915,28,8,unknown
3563.587999999996,71:31:6D:CD:06:E9,e906cd6d31710201021816aafe40cb132dabb989581c1fa4cd1ba56961a88207baf8,-26700.0,128081.0,-125237.0,68606.0,-157656.0,,0,0,0,0,0,1,1,0,ADV_IND,34,37,10,-1,0,-1,-1,6166,32,8,unknown
3565.5480000000025,71:31:6D:CD:06:E9,e906cd6d31710201021816aafe40cb136c2ba9ae4c384c06ef3bb4c0338c120fa2b0,-25094.0,75997.0,-124792.0,65865.0,-119829.0,,0,0,0,0,0,0,1,0,ADV_IND,34,37,2,-1,0,-1,-1,3295,32,8,unknown
3573.489999999998,E1:00:45:05:B0:C8,c8b0054500e11eff4c00121900288f39213dbc22f7961ee3a0b429382c9516e669195c1100,-14822.0,68245.0,-60185.0,94357.0,-101596.0,,0,0,0,0,0,0,1,2,ADV_NONCONN_IND,37,37,6,-1,0,-1,-1,1076,32,7,unknown
3574.290000000001,CE:1C:91:83:24:1A,1a2483911cce1eff4c00121900275dfce126ad8484398d1c70a8adfb3beb479835392cce02,14481.0,53442.0,-88036.0,89497.0,-93554.0,,0,0,0,0,0,0,1,2,ADV_NONCONN_IND,37,37,3,-1,0,-1,-1,7030,32,8,unknown
3574.7999999999956,71:11:6D:CD:06:E9,e906cd6d11710201021816aafe40cb136c6db9be063ae806ea3bfc82329d330d2220,-29070.0,63817.0,-122048.0,65039.0,-117644.0,,0,0,0,0,0,0,1,0,ADV_IND,34,37,4,-1,0,-1,-1,4702,32,8,unknown
3575.311999999998,71:31:6D:CD:06:E9,e906cd6d31710201021816aafe40cb132dabb989581c1fa4cd1ba56961a88207baf8,-26128.0,102815.0,-119030.0,70563.0,-139644.0,,0,0,0,0,0,1,1,0,ADV_IND,34,37,7,-1,0,-1,-1,3744,30,8,unknown
3575.311999999998,E6:B7:71:B1:1F:27,271fb171b7e61eff4c00121900a99e957f8a53d80171417170af27cbf082a361d087177d15,-24196.0,59080.0,-74198.0,65975.0,-122734.0,,0,0,0,0,0,0,1,2,ADV_NONCONN_IND,37,37,8,-1,0,-1,-1,3053,32,8,unknown
3575.5710000000036,71:31:6D:CD:06:E9,e906cd6d31710241021816aafe40cb132dabb989481c1fa4ed1ba5e9238c8207aaf8,-22210.0,75804.0,-103164.0,65145.0,-129217.0,,0,0,0,0,0,0,1,0,ADV_IND,34,37,2,-1,0,-1,-1,5305,32,8,unknown
3578.3020000000033,71:31:6D:CD:06:E9,e906cd6d31710201021816aafe40cb132dabb989581c1fa4cd1ba56961a88207baf8,-46078.0,59758.0,-108211.0,82247.0,-131675.0,,0,0,0,0,0,1,1,0,ADV_IND,34,37,4,-1,0,-1,-1,1326,32,8,unknown
3579.5450000000055,71:31:6D:CD:46:E9,e946cd6d31710201061816aafe00c9132dafb989c81c5fa4cd1ba56961a88207b2b8,-51334.0,73324.0,-111122.0,52540.0,-121074.0,,0,0,0,0,0,0,1,0,ADV_IND,34,37,4,-1,0,-1,-1,1432,32,8,unknown
3581.5279999999984,71:31:6D:CD:06:E9,e906cd6d31710201021816aafe40cb132dabb989581c1fa4cd1ba56961a88207baf8,-23866.0,84979.0,-117406.0,62989.0,-140369.0,,0,0,0,0,0,1,1,0,ADV_IND,34,37,2,-1,0,-1,-1,3580,32,8,unknown
3582.412000000004,C3:9E:33:CF:40:88,8840cf339ec31eff4c001219007d64e7553bf8b5d539456641671ce7fdb9d40bad6ff6632a,-23976.0,54326.0,-118002.0,56454.0,-105736.0,,0,0,0,0,0,0,1,2,ADV_NONCONN_IND,37,37,9,-1,0,-1,-1,7563,32,7,unknown
3584.064999999995,71:31:6D:CD:06:E9,e906cd6d31710201021816aafe40cb132dabb989581c1fa4cd1ba56961a88207baf8,-34955.0,56279.0,-114154.0,103477.0,-151146.0,,0,0,0,0,0,1,1,0,ADV_IND,34,37,0,-1,0,-1,-1,7711,32,8,unknown
3585.8180000000066,73:39:69:CD:06:A9,a906cd6939730201021816aafe40cb132dab89be4c3a6826ef3bf4c0338d120daab0,-39849.0,73115.0,-125589.0,70239.0,-122446.0,,0,0,0,0,0,0,1,0,ADV_IND,34,37,8,-1,0,-1,-1,2953,31,8,unknown
3586.3489999999947,66:B7:71:B1:1F:27,271fb171b7661eff4c00121900a99e15578e2344d62b446bf92a12dae597a2ca5eb7bc0220,-35731.0,67338.0,-80869.0,66731.0,-104490.0,,0,0,0,0,0,0,1,2,ADV_NONCONN_IND,37,37,9,-1,0,-1,-1,7775,32,7,unknown
3587.738000000005,71:31:6D:CD:06:E9,e906cd6d31710201021816aafe40cb132dabb989581c1fa6cd1ba56961a88207bab8,-32369.0,82805.0,-118197.0,67945.0,-131503.0,,0,0,0,0,0,0,1,0,ADV_IND,34,37,12,-1,0,-1,-1,6132,32,8,unknown
3589.862000000001,D8:68:2F:33:75:93,9375332f68d81eff4c001219507f15841d60c53d979ee07a03bca0f500309de106d4817e61,-1890.0,78276.0,-63773.0,79165.0,-117732.0,,0,0,0,0,0,0,1,0,ADV_IND,37,37,6,-1,0,-1,-1,6731,31,8,unknown
3589.862000000001,71:39:6D:CD:06:E8,e806cd6d39710201021816aafe40cb132dabb989581c1fa4cd1ba56961a88207baf8ab,-31996.0,108268.0,-120228.0,79218.0,-148372.0,,0,0,0,0,0,0,1,0,ADV_IND,35,37,7,-1,0,-1,-1,4495,30,8,unknown
3591.6029999999955,D8:68:2F:33:7D:93,937d332f68d81eff4c001219507f15841d60c53d979ee07a03bca0f500e0f5dff3105203e8,10842.0,63665.0,-66231.0,61909.0,-122469.0,,0,0,0,0,0,0,1,0,ADV_IND,37,37,5,-1,0,-1,-1,6199,32,8,unknown
3591.6029999999955,71:31:6D:CD:06:E9,e906cd6d31710201021816aafe40cb132dabb989581c1fa4cd1ba56961a88207baf8,-19089.0,75621.0,-102887.0,56236.0,-140849.0,,0,0,0,0,0,1,1,0,ADV_IND,34,37,12,-1,0,-1,-1,3452,32,8,unknown
3593.7509999999966,D8:68:2F:33:75:93,9375332f68d81eff4c001219507f15841d60c53d979ee07a03bca0f500e0f5dff3105203e8,-8729.0,55236.0,-76249.0,95459.0,-96739.0,,0,0,0,0,0,1,1,0,ADV_IND,37,37,2,-1,0,-1,-1,2249,32,8,unknown
3593.7509999999966,71:31:6D:CD:06:E9,e906cd6d31710201021816aafe40cb132dabb989581c1fa4cd1ba56961a88207baf8,-29554.0,86880.0,-104897.0,80281.0,-151845.0,,0,0,0,0,0,1,1,0,ADV_IND,34,37,3,-1,0,-1,-1,7698,32,8,unknown
3596.0480000000025,71:31:6D:CD:06:E9,e906cd6d31710201021816aafe40cb132dabb989581c1fa4cd1ba56961a88207baf8,-30083.0,79039.0,-109176.0,73703.0,-142815.0,,0,0,0,0,0,1,1,0,ADV_IND,34,37,15,-1,0,-1,-1,6136,32,8,unknown
3603.9059999999954,E6:B7:71:B1:1F:27,271fb171b7e61eff4c00121900a99e957f8a3344568b4d4bf93212dae597a2de5eb77e0000,-13502.0,73829.0,-97023.0,75165.0,-133746.0,,0,0,0,0,0,1,1,2,ADV_NONCONN_IND,37,37,11,-1,0,-1,-1,3973,32,8,unknown
3604.1519999999946,DC:68:2F:33:75:93,9375332f68dc1eff4c001219507f15841d60c53d979ee07a03bca0f500e0f5dff3105203e8,0.0,69437.0,-78544.0,95097.0,-123430.0,,0,0,0,0,0,0,1,0,ADV_IND,37,37,8,-1,0,-1,-1,2411,29,8,unknown
3604.686999999998,E6:B7:71:B1:1F:27,271fb171b7e61eff4c00121900a99e957f8a3344569b4d4bf93212dae597a25c58a71e1404,-19474.0,64785.0,-79068.0,73970.0,-115450.0,,0,0,0,0,0,0,1,2,ADV_NONCONN_IND,37,37,7,-1,0,-1,-1,4870,32,8,unknown
3605.235999999997,D4:FF:1B:4D:1C:FE,fe1c4d1bffd41eff4c00121960a19e6da38a84a6e185b676a959f89b32a15acb7e95b00355,-14906.0,102468.0,-109668.0,108316.0,-136333.0,,0,0,0,0,0,1,1,0,ADV_IND,37,37,9,-1,0,-1,-1,1613,32,7,unknown
3605.485999999997,D8:68:2F:33:7D:93,937d332f68d81eff4c001219507f15841d60c53d579ee07a03bca0b500e0f5dbf31052a3fa,-16047.0,52709.0,-75443.0,99945.0,-95727.0,,0,0,0,0,0,0,1,0,ADV_IND,37,37,1,-1,0,-1,-1,2876,32,7,unknown
3605.7530000000042,71:31:6D:CD:06:E9,e906cd6d31710201021816aafe40cb132dabb989581c1fa4cd1ba56961a88207baf8,-17704.0,105591.0,-110056.0,54446.0,-156198.0,,0,0,0,0,0,1,1,0,ADV_IND,34,37,4,-1,0,-1,-1,4893,30,8,unknown
3606.015999999996,E6:B7:71:B1:1F:27,271fb171b7e61eff4c00121900a99e957f8a3344568b4d4bf93212dae597a2de5eb77e0000,-3800.0,72242.0,-118557.0,91353.0,-120897.0,,0,0,0,0,0,1,1,2,ADV_NONCONN_IND,37,37,12,-1,0,-1,-1,1494,29,8,unknown
3606.514000000003,E6:B7:71:B1:1F:27,271fb171b7e61eff4c00121900a99e957f8e3344568b4d4bf93212dae597a2de5eb77e0000,-1821.0,53534.0,-87096.0,79250.0,-119028.0,,0,0,0,0,0,0,1,2,ADV_NONCONN_IND,37,37,0,-1,0,-1,-1,4073,31,8,unknown
3607.038999999997,71:31:6D:CD:06:E9,e906cd6d31710201021816aafe40cb132dabb989581c1fa4cd1ba56961a88207baf8,-86387.0,65465.0,-122477.0,91600.0,-159154.0,,0,0,0,0,0,1,1,0,ADV_IND,34,37,1,-1,0,-1,-1,5656,32,8,unknown
3607.038999999997,E6:B7:71:B1:1F:2F,2f1fb171b7e61eff4c00121900a99e957f8a3344568b4d4bf93212dae597a2de5eb77e0000,-11972.0,47368.0,-87939.0,75813.0,-116541.0,,0,0,0,0,0,0,1,2,ADV_NONCONN_IND,37,37,6,-1,0,-1,-1,3811,32,8,unknown
3607.833000000006,71:31:6D:CD:06:E9,e906cd6d31710201021816aafe40cb132dabb989581c1fa4cd1ba56961a88207baf8,-24385.0,75731.0,-123672.0,90601.0,-126606.0,,0,0,0,0,0,1,1,0,ADV_IND,34,37,11,-1,0,-1,-1,3905,32,8,unknown
3608.0999999999985,EE:B7:71:B1:1F:27,271fb171b7ee0eff4c00121900a99e957f8a335c5a4b4d4bf93212dae597a2de5eb77e0000,-9635.0,51715.0,-80441.0,87143.0,-105025.0,,0,0,0,0,0,0,1,2,ADV_NONCONN_IND,37,37,8,-1,0,-1,-1,7684,31,8,unknown
3608.6170000000056,71:31:6D:CD:06:E9,e906cd6d31710201021816aafe40cb132dabb989581c1fa4cd1ba56961a88207baf8,-36348.0,91852.0,-117065.0,83112.0,-138806.0,,0,0,0,0,0,1,1,0,ADV_IND,34,37,2,-1,0,-1,-1,6847,31,7,unknown
3608.867999999995,EE:B7:71:A1:5F:27,275fa171b7ee0eff4c00121900a9be957f8a3344568b4d4bf93202daf186a349d887365804,-17960.0,57721.0,-85154.0,72146.0,-116388.0,,0,0,0,0,0,0,1,2,ADV_NONCONN_IND,37,37,7,-1,0,-1,-1,1044,32,8,unknown
3610.3719999999958,71:31:6D:CD:06:E9,e906cd6d31710201021816aafe40cb132dabb989581c1fa4cd1ba56961a88207baf8,-8024.0,88474.0,-127792.0,66433.0,-151139.0,,0,0,0,0,0,0,1,2,ADV_NONCONN_IND,34,37,3,-1,0,-1,-1,5274,32,7,unknown
3612.143999999993,71:31:6D:CD:06:E9,e906cd6d31710201021816aafe40cb132dabb989581c1fa4cd1ba56961a88207baf8,-21057.0,72347.0,-108577.0,75169.0,-148282.0,,0,0,0,0,0,1,1,0,ADV_IND,34,37,6,-1,0,-1,-1,6375,31,7,unknown
3612.4249999999956,66:B7:71:B0:1F:27,271fb071b7661eff4c00121900e99e947f8a1344560b4d4bf93a12fae597a0dc5ef63e0002,-12244.0,75757.0,-62908.0,66732.0,-101443.0,,0,0,0,0,0,0,1,2,ADV_NONCONN_IND,37,37,7,-1,0,-1,-1,6952,31,8,unknown
3614.2030000000013,71:31:6D:CD:06:A9,a906cd6d31710201021816aafe40cb132dabb9895c1c1fa4cd1ba56961a8820fbaf8,-63774.0,83340.0,-110889.0,50637.0,-121927.0,,0,0,0,0,0,0,1,0,ADV_IND,34,37,9,-1,0,-1,-1,1326,32,8,unknown
3614.6430000000037,E6:B7:71:B1:1F:27,271fb171b7e61eff4c00121900a99e957f8a3344568b4d4bf93212dae597a2de5eb77e0000,-3799.0,72797.0,-94082.0,87956.0,-142804.0,,0,0,0,0,0,1,1,2,ADV_NONCONN_IND,37,37,7,-1,0,-1,-1,4041,32,8,unknown
3616.2999999999956,71:31:6D:CD:06:E9,e906cd6d31710201021816aafe40cb132dabb989581c1fa4cd1ba56961a88207baf8,-28172.0,75625.0,-107405.0,59877.0,-155246.0,,0,0,0,0,0,0,1,0,ADV_IND,34,37,8,-1,0,-1,-1,5805,32,8,unknown
3616.962000000007,E6:B7:71:B1:1F:27,271fb171b7e61eff4c00121900a99e957f8a3344568b4d4bf93212dae597a2de5eb77e0000,-497.0,85176.0,-102662.0,113325.0,-134429.0,,0,0,0,0,0,1,1,2,ADV_NONCONN_IND,37,37,7,-1,0,-1,-1,3938,32,8,unknown
3617.439999999995,F3:74:AB:02:7E:AC,ac7e02ab74f31eff4c00121910a55c0edcd0626db4f9df7f080240f8fcbf5417ed77f3756e,-9595.0,93920.0,-96919.0,90866.0,-138927.0,,0,0,0,0,0,0,1,0,ADV_IND,37,37,6,-1,0,-1,-1,1077,32,7,unknown
3618.313000000002,71:31:6D:CD:06:E9,e906cd6d31710201021816aafe40cb132dabb989581c1f24ee1bbc82339d130fa220,-48470.0,65664.0,-111228.0,79993.0,-126228.0,,0,0,0,0,0,0,1,0,ADV_IND,34,37,3,-1,0,-1,-1,5357,32,8,unknown
3618.5699999999997,E6:B7:71:B1:1F:27,271fb171b7e61eff4c00121900a99e95578a336c5e8b4d4bfb3232dae597a2de5eb77e0000,-29226.0,77679.0,-87408.0,60839.0,-110080.0,,0,0,0,0,0,0,1,2,ADV_NONCONN_IND,37,37,6,-1,0,-1,-1,4385,32,8,unknown
3621.9979999999996,F3:74:AB:0B:7A:AC,ac7a0bab74f31eff4c0012191025542f1cd0663f359b70560868ddbcfded4cb3247fb70176,-9287.0,111326.0,-86467.0,95379.0,-163018.0,,0,0,0,0,0,1,1,0,ADV_IND,37,37,6,-1,0,-1,-1,5784,32,8,unknown
3622.7950000000055,71:31:6D:CD:06:E9,e906cd6d31710201021816aafe40cb132dabb989581c1fa4cd1ba56961a88207baf8,-38008.0,91596.0,-112506.0,70044.0,-156685.0,,0,0,0,0,0,1,1,0,ADV_IND,34,37,15,-1,0,-1,-1,3938,30,8,unknown
3622.7950000000055,E6:B7:71:B1:1F:27,271fb171b7e61eff4c00121900a99e957f8a3344568b4d4bf93212dae597a2de5eb77e0000,4474.0,53600.0,-79557.0,92152.0,-138900.0,,0,0,0,0,0,1,1,2,ADV_NONCONN_IND,37,37,1,-1,0,-1,-1,4291,32,7,unknown
3623.3140000000058,F3:74:AB:0B:7A:AC,ac7a0bab74f30eff4c0012191025542f1cd0662fb59b5457086ad5fcfded4c93ac7fb70166,9244.0,126092.0,-109808.0,86594.0,-142428.0,,0,0,0,0,0,0,1,0,ADV_IND,37,37,7,-1,0,-1,-1,3874,32,8,unknown
3624.6489999999976,71:31:6D:CD:06:A9,a906cd6d31710201021816aafe40cb122d2bb989581c5fa5cd1b356921a8820fbab0,-26303.0,74635.0,-113791.0,57659.0,-119431.0,,0,0,0,0,0,0,1,0,ADV_IND,34,37,3,-1,0,-1,-1,1929,32,7,unknown
3624.6489999999976,E6:B7:71:B0:1F:27,271fb071b7e61eff4c00121900a99e957f8a3344568b4d4bf93212dae597a2de5eb77e0000,-26572.0,61428.0,-76104.0,63483.0,-112852.0,,0,0,0,0,0,0,1,2,ADV_NONCONN_IND,37,37,8,-1,0,-1,-1,2215,32,8,unknown
3626.4779999999955,71:B1:6D:CD:06:E9,e906cd6db1710241021816aafe00c9122d2bb9a9481c15a5cd1b35694388c207baf8,-45923.0,79101.0,-108130.0,58505.0,-129492.0,,0,0,0,0,0,0,1,0,ADV_IND,34,37,0,-1,0,-1,-1,6274,32,8,unknown
3634.8700000000026,F3:70:AB:0B:7A:AC,ac7a0bab70f31eff4c0012191025542f1cd0663f359b70550878ddbcfdcd5cb3a47fb70166,-5524.0,94047.0,-99269.0,93014.0,-142820.0,,0,0,0,0,0,0,1,0,ADV_IND,37,37,10,-1,0,-1,-1,2274,32,8,unknown
3635.359000000004,71:31:6D:CD:06:E9,e906cd6d31710201021816aafe40cb132dabb989581c1fa4cd1ba56961a88207baf8,-29910.0,67481.0,-114878.0,102670.0,-160873.0,,0,0,0,0,0,1,1,0,ADV_IND,34,37,0,-1,0,-1,-1,4168,31,8,unknown
3635.6029999999955,E6:B7:71:B1:1F:27,271fb171b7e61eff4c00121900ad9e956f8a3344562b4d4bf93212dae597a2de5eb7375015,-11048.0,58998.0,-88914.0,65136.0,-113231.0,,0,0,0,0,0,0,1,2,ADV_NONCONN_IND,37,37,2,-1,0,-1,-1,3485,32,8,unknown
3635.8710000000065,F3:74:AB:0B:7A:A8,a87a0bab74f31eff4c0012191025542f1cd0663f359b70560868ddbcfded4cb32477b70176,-6406.0,95813.0,-88854.0,99471.0,-128900.0,,0,0,0,0,0,0,1,0,ADV_IND,37,37,3,-1,0,-1,-1,6288,32,7,unknown
3636.390999999996,71:31:6D:CD:06:E9,e906cd6d31710201021816aafe40cb132dabb989581c1fa4cd1ba56961a88207baf8,-20533.0,62123.0,-102869.0,52212.0,-130370.0,,0,0,0,0,0,1,1,0,ADV_IND,34,37,4,-1,0,-1,-1,1201,32,7,unknown
3636.662000000004,E6:B7:11:B1:1F:27,271fb111b7e61eff4c00121900e5bed7c97f40d8c1714171f1af27cbe086a361d297377c05,-36587.0,54584.0,-88952.0,64294.0,-111935.0,,0,0,0,0,0,0,1,2,ADV_NONCONN_IND,37,37,5,-1,0,-1,-1,1145,32,8,unknown
3637.409999999996,71:31:6D:CD:06:E9,e906cd6d31710201021816aafe40cb132dabb989581c1fa4cd1ba56961a88207baf8,-17708.0,64898.0,-104250.0,74248.0,-147985.0,,0,0,0,0,0,1,1,0,ADV_IND,34,37,3,-1,0,-1,-1,3866,32,8,unknown
3638.4230000000025,71:31:6D:CD:06:E9,e906cd6d31710201021816aafe40cb172cabb9ad583c0904ea3bfc92329d330d2220,-28565.0,89197.0,-107935.0,60752.0,-141903.0,,0,0,0,0,0,0,1,0,ADV_IND,34,37,11,-1,0,-1,-1,7009,32,8,unknown
3638.4230000000025,C7:D5:79:B1:1F:27,271fb179d5c71eff4c00121900a89e957f8a334455af4d4ffb1212dac59da0de5eb77e9020,846.0,49602.0,-88105.0,42620.0,-98882.0,,0,0,0,0,0,0,1,2,ADV_NONCONN_IND,37,37,13,-1,0,-1,-1,2777,31,8,unknown
3639.189999999995,71:B1:6D:CD:06:E9,e906cd6db1710201021816aafe40cb132dabb9895c1c5fa4cd1ba5e963a88207aa70,-29606.0,72799.0,-101751.0,65334.0,-116727.0,,0,0,0,0,0,0,1,0,ADV_IND,34,37,10,-1,0,-1,-1,2674,32,8,unknown
3639.189999999995,E6:B7:79:B1:1F:27,271fb179b7e61eff4c00121900a99e956f8a3344568b4d4bf93332dae597a2de5a87177c15,-2595.0,76644.0,-96653.0,97675.0,-131658.0,,0,0,0,0,0,0,1,2,ADV_NONCONN_IND,37,37,2,-1,0,-1,-1,5272,32,8,unknown
3640.211000000003,71:11:6D:CD:0E:E9,e90ecd6d11710201021816aafe04cb132dabb9894c1c1fa4cd1ba54961888207baf8,-10494.0,71665.0,-111576.0,49624.0,-116744.0,,0,0,0,0,0,0,1,0,ADV_IND,34,37,12,-1,0,-1,-1,2243,32,8,unknown
3640.211000000003,E6:B7:71:B1:1F:27,271fb171b7e60eff4c00121900a99e957f8a3344d60b4d7bf13212dae597a2f25ab77f4000,-35428.0,81242.0,-72351.0,75303.0,-112377.0,,0,0,0,0,0,0,1,2,ADV_NONCONN_IND,37,37,3,-1,0,-1,-1,1210,32,7,unknown
3640.984000000004,71:11:6D:CD:06:E9,e906cd6d11710289021816aafe008194686d8dbe063ae806ea3bfc92329d330d2220,-38362.0,80523.0,-106405.0,60512.0,-132564.0,,0,0,0,0,0,0,1,0,ADV_IND,34,37,14,-1,0,-1,-1,7775,32,8,unknown
3642.3759999999966,71:31:6D:CD:06:E9,e906cd6d31710201021816aafe40cb132dabb989581c1fa4cd1ba56961a88207baf8,-12536.0,65154.0,-111429.0,70695.0,-130654.0,,0,0,0,0,0,1,1,0,ADV_IND,34,37,4,-1,0,-1,-1,2419,32,8,unknown
3645.3459999999977,71:31:6D:CD:06:E9,e906cd6d31710201021816aafe40cb132dabb989581c1fa4cf1ba5c061881207baf8,-13401.0,76174.0,-109594.0,66445.0,-132778.0,,0,0,0,0,0,0,1,0,ADV_IND,34,37,13,-1,0,-1,-1,3558,32,8,unknown
3645.3459999999977,66:B7:71:B1:1F:27,271fb171b7661eff4c00121900ad9e957faa6344568b4d4bf93212daf582a26ed087177d15,692.0,55951.0,-72477.0,76386.0,-110696.0,,0,0,0,0,0,0,1,2,ADV_NONCONN_IND,37,37,10,-1,0,-1,-1,1396,32,8,unknown
3646.659999999996,71:31:6D:CD:06:E9,e906cd6d31710201021816aafe40cb132dabb989581c1fa4cd1ba56961a88207baf8,-26288.0,89608.0,-110687.0,71680.0,-160457.0,,0,0,0,0,0,1,1,0,ADV_IND,34,37,1,-1,0,-1,-1,7944,31,8,unknown
3646.659999999996,E6:B7:71:B1:1F:27,271fb171b7e61eff4c00121900a99e957f8a3344d693494bf93a32dae483a37adab7371805,-18156.0,68348.0,-89837.0,65173.0,-109003.0,,0,0,0,0,0,0,1,2,ADV_NONCONN_IND,37,37,7,-1,0,-1,-1,6093,32,8,unknown
3648.541999999994,71:31:6D:CD:06:E9,e906cd6d31710201021816aafe40cb132dabb989581c1fa4cd1ba56961a88207baf8,-19699.0,51556.0,-105543.0,83727.0,-136364.0,,0,0,0,0,0,1,1,0,ADV_IND,34,37,14,-1,0,-1,-1,5167,32,8,unknown
3650.7019999999975,6E:B7:71:B0:1F:27,271fb071b76e0aff4c00121900a99e155f8b335c50fb4d6bf93b12dae597a2de5eb77e0000,-17905.0,70735.0,-105414.0,57697.0,-103494.0,,0,0,0,0,0,0,1,2,ADV_NONCONN_IND,37,37,0,-1,0,-1,-1,5342,32,8,unknown
3652.5710000000036,66:B7:79:B1:1F:27,271fb179b7661eff4c00121900a99e957f0a7344d6ab454bf13212dae593a3de5eb77e0000,-25692.0,84415.0,-102782.0,76169.0,-129686.0,,0,0,0,0,0,0,1,2,ADV_NONCONN_IND,37,37,9,-1,0,-1,-1,1432,32,8,unknown
3652.5710000000036,71:31:6D:CD:06:E9,e906cd6d31710201021816aafe40cb132dabb989581c1fa4cd1ba56961a88207baf8,-12337.0,70336.0,-104791.0,64730.0,-152191.0,,0,0,0,0,0,1,1,0,ADV_IND,34,37,1,-1,0,-1,-1,3810,32,8,unknown
3655.017,71:31:6D:CD:06:E9,e906cd6d31710201021816aafe40cb132dabb989581c1fa4cd1ba56961a88207baf8,-43388.0,69792.0,-96291.0,77226.0,-148256.0,,0,0,0,0,0,1,1,0,ADV_IND,34,37,5,-1,0,-1,-1,1465,31,8,unknown
3657.2289999999994,71:31:6D:CD:06:E9,e906cd6d31710201021816aafe40cb122dabb989581c1fa4cd1ba56961a88207baf8,-37305.0,63792.0,-103378.0,63447.0,-124542.0,,0,0,0,0,0,0,1,0,ADV_IND,34,37,11,-1,0,-1,-1,1957,32,8,unknown
3666.133999999998,71:31:6D:CD:06:E9,e906cd6d31710201021816aafe40cb132dabb989581c1fa4cd1ba56961a88207baf8,-38586.0,67442.0,-99857.0,89551.0,-150655.0,,0,0,0,0,0,1,1,0,ADV_IND,34,37,2,-1,0,-1,-1,3261,32,7,unknown
3667.161,71:31:6D:CD:06:E9,e906cd6d31710201021816aafe40cb132dabb989581c1fa4cd1ba56961a88207baf8,-27721.0,71123.0,-117708.0,64386.0,-133061.0,,0,0,0,0,0,1,1,0,ADV_IND,34,37,11,-1,0,-1,-1,1412,32,7,unknown
3668.4709999999977,71:31:6D:CD:06:E9,e906cd6d31710201021816aafe40cb132dabb989581c1fa4cd1ba56961a88207baf8,-18987.0,60078.0,-103379.0,64966.0,-118824.0,,0,0,0,0,0,1,1,0,ADV_IND,34,37,0,-1,0,-1,-1,7631,32,8,unknown
3669.4979999999996,71:31:6D:CD:06:E9,e906cd6d31710201021816aafe40cb132dabb989581c1fa4cd1ba56961a88207baf8,-19254.0,87702.0,-105101.0,74910.0,-154117.0,,0,0,0,0,0,1,1,0,ADV_IND,34,37,4,-1,0,-1,-1,2392,32,8,unknown
3670.534000000007,71:31:6D:CD:06:E9,e906cd6d31710201021816aafe40cb132dabb989581c1fa4cd1ba56961a88207baf8,-29251.0,71120.0,-115028.0,62511.0,-124301.0,,0,0,0,0,0,0,1,0,ADV_IND,34,37,8,-1,0,-1,-1,7047,32,8,unknown
3671.309000000001,71:31:6D:CD:06:E9,e906cd6d31710201021816aafe40cb132dabb989581c1fa4cd1ba56961a88207baf8,-8859.0,59436.0,-109877.0,60579.0,-122773.0,,0,0,0,0,0,1,1,0,ADV_IND,34,37,3,-1,0,-1,-1,4499,32,8,unknown
3672.594999999994,71:31:6D:CD:06:E9,e906cd6d31710201021816aafe40cb132dabb989581c1fa4cd1ba56961a88207baf8,-26936.0,81251.0,-109416.0,70230.0,-144050.0,,0,0,0,0,0,1,1,0,ADV_IND,34,37,7,-1,0,-1,-1,7332,32,8,unknown
3672.844999999994,CE:E1:67:FD:3F:DF,df3ffd67e1ce1eff4c001219aa80ee54e6569cfc3e2b764618d206edf8e94dd7da35930033,-2989.0,77735.0,-91456.0,91644.0,-122840.0,,0,0,0,0,0,1,1,0,ADV_IND,37,37,13,-1,0,-1,-1,1648,32,8,unknown
3673.363999999994,E6:B7:51:31:1F:27,271f3151b7e61eff4c00121900a9bed5457d48d88171417170af27cbf082a351d687375d14,-31198.0,58898.0,-77114.0,59939.0,-100344.0,,0,0,0,0,0,0,1,2,ADV_NONCONN_IND,37,37,4,-1,0,-1,-1,4992,28,8,unknown
3673.614999999998,71:31:6D:CD:06:E9,e906cd6d31710201021816aafe40cb132dabb989581c1fa4cd1ba56961a88207baf8,-24019.0,65970.0,-106209.0,68360.0,-129365.0,,0,0,0,0,0,1,1,0,ADV_IND,34,37,13,-1,0,-1,-1,1291,32,8,unknown
3675.3459999999977,71:31:6D:CD:06:E9,e906cd6d31710201021816aafe40cb132dabb989581c1fa4cd1ba56961a88207baf8,-35236.0,100270.0,-123104.0,90028.0,-153138.0,,0,0,0,0,0,1,1,0,ADV_IND,34,37,6,-1,0,-1,-1,2290,32,8,unknown
3676.7809999999954,71:31:6D:CD:06:E8,e806cd6d31710201021816aafe40cb132dabb989581c1fa4cd1bb56961aa82073af8,-32593.0,79298.0,-95366.0,47494.0,-120854.0,,0,0,0,0,0,0,1,0,ADV_IND,34,37,15,-1,0,-1,-1,2788,32,8,unknown
3679.086000000003,71:31:6D:CD:06:E9,e906cd6d31710201021816aafe40cb132dabb989581c1fa4cd1ba56961a88207baf8,-38701.0,86367.0,-107125.0,86162.0,-141325.0,,0,0,0,0,0,1,1,0,ADV_IND,34,37,1,-1,0,-1,-1,6703,32,8,unknown
3679.086000000003,CE:E1:67:FD:3F:DF,df3ffd67e1ce1eff4c001219aa80ee54e6569cfc3e2b764618d206edf8e94dd7da35930033,-11483.0,88214.0,-101996.0,81989.0,-127464.0,,0,0,0,0,0,1,1,0,ADV_IND,37,37,14,-1,0,-1,-1,3586,32,8,unknown
3681.181000000004,71:31:6D:CD:06:E9,e906cd6d31710201021816aafe40cb132dabb989581c1fa4cd1ba5e9228d320d2220,-50380.0,64100.0,-104541.0,77975.0,-117873.0,,0,0,0,0,0,0,1,0,ADV_IND,34,37,4,-1,0,-1,-1,3522,32,8,unknown
3681.181000000004,CE:E1:67:FD:3F:DF,df3ffd67e1ce1eff4c001219aa80ee54e6569cfc3e2b764618d206edf8e94dd7da35930033,-30951.0,78501.0,-94722.0,90322.0,-134907.0,,0,0,0,0,0,1,1,0,ADV_IND,37,37,1,-1,0,-1,-1,3077,32,8,unknown
3683.033000000003,E6:B7:71:B1:1F:27,271fb171b7e61eff4c00121900a99e957f8a3344563b4d69f8a737dbe482a361d087177915,-25322.0,58830.0,-85385.0,92047.0,-129533.0,,0,0,0,0,0,0,1,2,ADV_NONCONN_IND,37,37,7,-1,0,-1,-1,5037,31,8,unknown
3683.768999999993,CE:E1:67:FD:3F:DF,df3ffd67e1ce1eff4c001219aa80ee54e6569cfc3e2b764618d206edf8e94dd7da35930033,-13304.0,90032.0,-94627.0,114173.0,-138707.0,,0,0,0,0,0,1,1,0,ADV_IND,37,37,8,-1,0,-1,-1,2886,32,8,unknown
3684.8930000000037,71:31:6D:CD:06:E9,e906cd6d31710201021816aafe40cb132dabb989581c1fa4cd1ba56961a88207baf8,-20335.0,66873.0,-108221.0,82611.0,-154334.0,,0,0,0,0,0,1,1,0,ADV_IND,34,37,9,-1,0,-1,-1,3475,32,8,unknown
3685.3539999999994,CE:E1:67:FD:3F:DF,df3ffd67e1ce1eff4c001219aa80ee54e4569cfc3e2b764618d2064cf8a95465d256617c84,-19723.0,95709.0,-87437.0,70909.0,-104251.0,,0,0,0,0,0,0,1,0,ADV_IND,37,37,9,-1,0,-1,-1,5218,32,8,unknown
3686.9819999999963,71:31:6D:CD:06:E9,e906cd6d31710201021816aafe40cb132dabb989581c1fa4cd1ba56961a88207baf8,-47914.0,59832.0,-103109.0,82032.0,-119617.0,,0,0,0,0,0,1,1,0,ADV_IND,34,37,4,-1,0,-1,-1,5797,32,8,unknown
3687.6890000000058,CE:E1:67:FD:3F:DF,df3ffd67e1ce1eff4c001219aa80ee54e6569cfc3e2b764618d206edf8e94dd7da35930033,-21778.0,115115.0,-107509.0,93097.0,-141680.0,,0,0,0,0,0,1,1,0,ADV_IND,37,37,2,-1,0,-1,-1,3642,30,8,unknown
3697.234000000004,71:31:6D:CD:06:E9,e906cd6d31710201021816aafe40cb132dabb989581c1fa4cd1ba56961a88207baf8,-4902.0,59951.0,-127145.0,78059.0,-117367.0,,0,0,0,0,0,1,1,0,ADV_IND,34,37,4,-1,0,-1,-1,3305,32,8,unknown
3698.739999999998,71:31:6D:CD:06:E9,e906cd6d31710201021816aafe40cb132dabb989581c1fa4cd1ba56961a88207baf8,-24846.0,108479.0,-127502.0,82513.0,-162863.0,,0,0,0,0,0,1,1,0,ADV_IND,34,37,12,-1,0,-1,-1,3434,30,7,unknown
3698.739999999998,CE:E1:67:FD:3F:DF,df3ffd67e1ce1eff4c001219aa80ee54e6569cfc3e2b764618d206edf8e94dd7da35930033,-15728.0,59014.0,-93926.0,84529.0,-112118.0,,0,0,0,0,0,1,1,0,ADV_IND,37,37,8,-1,0,-1,-1,6733,32,8,unknown
3699.506000000001,71:31:6D:C5:06:E9,e906c56d31710201021816aafe40cb132dabb989581c1fa4cd1ba56961a88207baf8,-13494.0,73873.0,-118711.0,57211.0,-143544.0,,0,0,0,0,0,0,1,0,ADV_IND,34,37,1,-1,0,-1,-1,7277,32,7,unknown
3699.506000000001,CE:E1:67:FD:3F:DF,df3ffd67e1ce1eff4c001219aa80ee54e6569cfc3e2b764718d206edf8e94cd7dab5130033,1416.0,61769.0,-88357.0,69291.0,-125292.0,,0,0,0,0,0,0,1,0,ADV_IND,37,37,9,-1,0,-1,-1,1584,31,8,unknown
3700.2779999999984,71:31:6D:CD:06:E9,e906cd6d31710201021816aafe40cb132dabb989581c1fa4cd1ba56961a88207baf8,-30102.0,65926.0,-105712.0,63395.0,-135677.0,,0,0,0,0,0,1,1,0,ADV_IND,34,37,12,-1,0,-1,-1,2979,32,8,unknown
3700.2779999999984,CE:E1:67:FD:3F:DF,df3ffd67e1ce1eff4c001219aa80ee54e6569cfc3e2b764618d206edf8e94dd7da35930033,-3713.0,91702.0,-100377.0,88188.0,-124814.0,,0,0,0,0,0,1,1,0,ADV_IND,37,37,12,-1,0,-1,-1,1576,31,8,unknown
3701.015999999996,71:31:6D:CD:16:E8,e816cd6d31710201021816aafe40cb132dabb989581c1fa4cd1ba56961a88207baf8,-31402.0,101249.0,-132627.0,88750.0,-143241.0,,0,0,0,0,0,0,1,0,ADV_IND,34,37,13,-1,0,-1,-1,3543,30,7,unknown
3701.8020000000033,71:31:6D:CD:06:E9,e906cd6d31710201021816aafe40cb132d2bb989581c1fa4cd1ba56961a88207baf8,-29642.0,73484.0,-119372.0,61641.0,-117266.0,,0,0,0,0,0,0,1,0,ADV_IND,34,37,11,-1,0,-1,-1,6340,32,7,unknown
3702.839,CE:E1:67:FD:3F:DF,df3ffd67e1ce1eff4c001219aa00ee54e6569cec2e2b766719d216edf8c94cd3ca35934a26,-25176.0,84057.0,-67700.0,79976.0,-104204.0,,0,0,0,0,0,0,1,2,ADV_NONCONN_IND,37,37,10,-1,0,-1,-1,6687,30,7,unknown
3702.839,71:31:6D:CD:06:E9,e906cd6d31710201021816aafe40cb132dabb989581c1fa4cd1ba56961a88207baf8,-25640.0,89443.0,-103896.0,47460.0,-135082.0,,0,0,0,0,0,1,1,0,ADV_IND,34,37,1,-1,0,-1,-1,2196,32,8,unknown
3703.1029999999955,C9:80:5C:4A:AE:DF,dfae4a5c80c90201060303edfe0d16edfe0200ff288ccfc162cb38,-15435.0,68045.0,-91514.0,90672.0,-127195.0,,0,0,0,0,0,1,1,0,ADV_IND,27,37,0,-1,0,-1,-1,5169,32,8,unknown
3703.3700000000026,E9:44:A3:97:B9:AC,acb997a344e91eff4c00121900e399ae4df04c958dc03adf0ef8860ea201d900db73210628,-14186.0,103539.0,-72797.0,50653.0,-113466.0,,0,0,0,0,0,0,1,2,ADV_NONCONN_IND,37,37,5,-1,0,-1,-1,1343,32,8,unknown
3703.632000000005,71:31:6D:CD:06:E9,e906cd6d31710201021816aafe40cb132dabb989581c1fa4cd1ba56961a88207baf8,-33511.0,66445.0,-115515.0,74893.0,-133005.0,,0,0,0,0,0,0,1,1,ADV_DIRECT_IND,34,37,1,-1,0,-1,-1,1709,31,8,unknown
3703.882000000005,E4:C9:9D:92:A2:22,22a2929dc9e41eff4c00121900ad2f56f23291e918e5619bffc5b5b4608659098d973f6500,-1555.0,58464.0,-109946.0,56361.0,-101034.0,,0,0,0,0,0,0,1,2,ADV_NONCONN_IND,37,37,5,-1,0,-1,-1,5056,32,8,unknown
3703.882000000005,C9:80:5C:4A:AE:DF,dfae4a5c80c90201060303edfe0d16edfe0200ff288ccfc162cb38,55.0,61853.0,-97648.0,89844.0,-104848.0,,0,0,0,0,0,1,1,0,ADV_IND,27,37,9,-1,0,-1,-1,4752,32,8,unknown
3704.764000000003,E9:44:A3:97:B9:AC,acb997a344e91eff4c00121900e31bae4df04c958dc07a3f2bfa2c32b309de0a1377314205,-15579.0,81884.0,-102732.0,70580.0,-113843.0,,0,0,0,0,0,0,1,2,ADV_NONCONN_IND,37,37,8,-1,0,-1,-1,7443,32,8,unknown
3705.792999999998,CE:E1:66:FD:3F:DF,df3ffd66e1ce1eff4c001219aa80ee54e4569cfc3e2b764618d206edf8e94dd79a07b3f582,-1739.0,77845.0,-92910.0,65491.0,-113159.0,,0,0,0,0,0,0,1,0,ADV_IND,37,37,1,-1,0,-1,-1,4199,32,7,unknown
3707.381000000001,71:31:6D:CD:06:E9,e906cd6d31710201021816aafe40cb132dabb989581c1fa4cd1ba56961a88207baf8,-34941.0,101900.0,-122539.0,89128.0,-151496.0,,0,0,0,0,0,1,1,0,ADV_IND,34,37,15,-1,0,-1,-1,6800,32,8,unknown
3709.4549999999945,CE:E1:67:FD:3F:DF,df3ffd67e1ce1eff4c001219aa80ee54e6569cfc3e2b764618d206edf8e94dd7da35930033,0.0,61150.0,-101091.0,78241.0,-105731.0,,0,0,0,0,0,1,1,0,ADV_IND,37,37,14,-1,0,-1,-1,7304,32,8,unknown
3709.4549999999945,71:31:7D:CD:06:E9,e906cd7d31710201021816aafe00c9132dabb989481c1fa4cd1ba56961a88207baf8,-30300.0,66599.0,-102162.0,63799.0,-135339.0,,0,0,0,0,0,0,1,0,ADV_IND,34,37,5,-1,0,-1,-1,1661,32,8,unknown
3710.1890000000058,C9:80:5C:4A:AE:DF,dfae4a5c80c90201060303ecfe0d16edfe0200ff288ccfc160cb38,525.0,68966.0,-70772.0,87559.0,-112558.0,,0,0,0,0,0,0,1,0,ADV_IND,27,37,6,-1,0,-1,-1,1406,32,8,unknown
3711.333000000006,CE:E1:67:FD:3F:DF,df3ffd67e1ce1eff4c001219aa80ee54e6569cfc3e2b764618d206edf8e94dd7da35930033,-17469.0,81846.0,-83750.0,90184.0,-138432.0,,0,0,0,0,0,1,1,0,ADV_IND,37,37,4,-1,0,-1,-1,992,32,8,unknown
3711.6210000000065,71:31:6D:CD:06:E9,e906cd6d31710201021816aafe40cb132dabb989581c1fa4cd1ba56961a88207baf8,-32742.0,74779.0,-102479.0,87983.0,-136056.0,,0,0,0,0,0,1,1,0,ADV_IND,34,37,14,-1,0,-1,-1,2119,32,8,unknown
3713.3020000000033,CE:E1:67:FD:3F:DF,df3ffd67e1ce1eff4c001219aa80ee54e6569cfc3e2b764618d206edf8e94dd7da35930033,-17239.0,79955.0,-104225.0,113165.0,-132015.0,,0,0,0,0,0,1,1,0,ADV_IND,37,37,14,-1,0,-1,-1,3863,32,8,unknown
3713.3020000000033,71:31:6D:CD:06:E9,e906cd6d31710201021816aafe40cb132dabb989581c1fa4cd1ba56961a88207baf8,-22791.0,101066.0,-116668.0,99630.0,-163349.0,,0,0,0,0,0,1,1,0,ADV_IND,34,37,6,-1,0,-1,-1,1443,31,8,unknown
3715.438000000002,CE:E1:67:FD:3F:DF,df3ffd67e1ce1eff4c001219aa80ee54e6569cfc3e2b764618d206edf8e94dd7da35930033,-24570.0,66317.0,-93087.0,79338.0,-151716.0,,0,0,0,0,0,1,1,0,ADV_IND,37,37,13,-1,0,-1,-1,1407,32,8,unknown
3717.3009999999995,CE:E1:67:FD:3F:DF,df3ffd67e1ce1eff4c001219aa80ee14e4569cec3e2b544718d206edf8e94d57da35930033,-27146.0,104285.0,-114285.0,84818.0,-143379.0,,0,0,0,0,0,0,1,0,ADV_IND,37,37,14,-1,0,-1,-1,1185,32,7,unknown
3717.5569999999934,71:31:6D:CD:06:E9,e906cd6d31710201021816aafe40cb132dabb989581c1fa4cd1bb56961a88207aaf8,-28183.0,63612.0,-96038.0,45434.0,-122997.0,,0,0,0,0,0,0,1,0,ADV_IND,34,37,8,-1,0,-1,-1,3616,32,8,unknown
3719.8829999999944,CE:E1:67:FD:3F:DF,df3ffd67e1ce1eff4c001219aa80ee54e6569cfc3e2b764618d206edf8e94dd7da35930033,-7084.0,89557.0,-101601.0,94309.0,-153628.0,,0,0,0,0,0,1,1,0,ADV_IND,37,37,13,-1,0,-1,-1,6719,31,8,unknown
3719.8829999999944,71:31:6D:CD:06:E9,e906cd6d31710201021816aafe40cb132dabb989581c1fa4cd1ba56961a88207baf8,-30042.0,60210.0,-105052.0,64206.0,-119887.0,,0,0,0,0,0,1,1,0,ADV_IND,34,37,10,-1,0,-1,-1,4711,32,8,unknown
3729.089,CE:E1:67:FD:3F:DF,df3ffd67e1ce1eff4c0012198a80ae54e6569cfc3e2b766610d226cdfaed4d57da35b3402b,0.0,78754.0,-89284.0,76087.0,-130047.0,,0,0,0,0,0,0,1,0,ADV_IND,37,37,3,-1,0,-1,-1,5995,32,8,unknown
3730.889000000003,CE:E1:67:FD:3F:DF,df3ffd67e1ce1eff4c001219aa80ee54e6569cfc3e2b764618d206edf8e94dd7da57930033,-22131.0,93694.0,-90472.0,75353.0,-124636.0,,0,0,0,0,0,0,1,0,ADV_IND,37,37,10,-1,0,-1,-1,2782,32,8,unknown
3731.868999999999,CE:E1:67:FD:3F:DF,df3ffd67e1ce1eff4c001219aa00ae54e6569cfc3e2b764638da06edfc417ef34bd373f344,0.0,91738.0,-83875.0,71563.0,-124932.0,,0,0,0,0,0,0,1,0,ADV_IND,37,37,6,-1,0,-1,-1,1240,32,8,unknown
3731.868999999999,71:31:6D:CD:06:E9,e906cd6d31710201021816aafe40cb132dabb989581c1fa4cd1ba56961a88207baf8,-18970.0,74391.0,-112827.0,79908.0,-145326.0,,0,0,0,0,0,1,1,0,ADV_IND,34,37,7,-1,0,-1,-1,7797,32,8,unknown
3732.6740000000063,CE:E1:67:FD:3F:DF,df3ffd67e1ce1eff4c001219aa80ee54e6569cfc3e2b764618d206edf8e94dd7da35930033,-34251.0,102128.0,-100140.0,87222.0,-139101.0,,0,0,0,0,0,1,1,0,ADV_IND,37,37,8,-1,0,-1,-1,4114,32,8,unknown
3733.166999999994,71:31:6D:CD:06:E9,e906cd6d31710201021816aafe40cb132daff18dcc1c1fe4cf1bb56963a88007aaf8,-23948.0,66161.0,-106903.0,67384.0,-125047.0,,0,0,0,0,0,0,1,0,ADV_IND,34,37,10,-1,0,-1,-1,2091,32,8,unknown
3734.184000000001,CE:E1:67:FD:3F:DF,df3ffd67e1ce1eff4c001219aa80ee54e6569cfc3e2b764618d206edf8e94dd7da35930033,-3474.0,107554.0,-108634.0,94701.0,-151241.0,,0,0,0,0,0,1,1,0,ADV_IND,37,37,15,-1,0,-1,-1,3836,32,8,unknown
3734.184000000001,71:31:6D:CD:02:E9,e902cd6d31710201021816aafe40cb132dabb98d581c1fa4cd1ba54961a88207baf8,-55492.0,106999.0,-128419.0,70597.0,-150311.0,,0,0,0,0,0,0,1,2,ADV_NONCONN_IND,34,37,3,-1,0,-1,-1,4946,31,7,unknown
3736.1819999999934,71:31:6D:CD:06:E9,e906cd6d31710201021816aafe40cb132dabb989581c1fa4cd1ba56961a88207baf8,-72746.0,71347.0,-109894.0,63250.0,-128214.0,,0,0,0,0,0,1,1,0,ADV_IND,34,37,7,-1,0,-1,-1,6854,32,8,unknown
3737.4760000000024,CE:E1:67:FD:3F:DF,df3ffd67e1ce1eff4c001219aa80fe54e6569cfc3e2b664618d246edf9e94dd7db95b38036,-12915.0,64661.0,-95117.0,97543.0,-77453.0,,0,0,0,0,0,0,1,0,ADV_IND,37,37,0,-1,0,-1,-1,4039,32,8,unknown
3737.909999999996,71:31:6D:CD:06:E9,e906cd6d31710201021816aafe40cb132dabb989581c1fa4cd1ba56961a88207baf8,-37330.0,90206.0,-115802.0,78130.0,-154669.0,,0,0,0,0,0,1,1,0,ADV_IND,34,37,1,-1,0,-1,-1,3796,32,8,unknown
3739.806000000004,CE:E1:67:FD:3F:DF,df3ffd67e1ce1eff4c001219aa80ae54e6569cfc3e2b744618d206edf8e95dd7da35b30077,-7163.0,66217.0,-100380.0,71252.0,-130673.0,,0,0,0,0,0,0,1,0,ADV_IND,37,37,15,-1,0,-1,-1,2375,30,8,unknown
3739.806000000004,71:31:6C:CD:06:E9,e906cd6c31710201021816aafe408b132caba9be4c3c4d26cf1bb4c1238c020faaf8,-16576.0,79047.0,-112293.0,70341.0,-132618.0,,0,0,0,0,0,0,1,0,ADV_IND,34,37,2,-1,0,-1,-1,7491,32,7,unknown
3740.9059999999954,E6:B7:71:B1:1F:27,271fb171b7e61eff4c00121900a99e957f8a3344568b4d4bf93212dae597a2de5eb77e0000,-15265.0,88060.0,-104544.0,91794.0,-130682.0,,0,0,0,0,0,1,1,2,ADV_NONCONN_IND,37,37,9,-1,0,-1,-1,1663,32,8,unknown
3742.911,E6:B7:71:B1:1F:27,271fb171b7e61eff4c00121900a99e957f8a3344568b4d4bf93212dae597a2de5eb77e0000,5621.0,57361.0,-85332.0,83701.0,-139513.0,,0,0,0,0,0,1,1,2,ADV_NONCONN_IND,37,37,15,-1,0,-1,-1,1603,32,8,unknown
3746.2180000000008,71:31:6D:CD:06:E9,e906cd6d31710201021816aafe40cb132dabb989581c1fa4cd1ba56961a88207baf8,-22817.0,67812.0,-107040.0,67013.0,-122402.0,,0,0,0,0,0,1,1,0,ADV_IND,34,37,0,-1,0,-1,-1,7874,32,8,unknown
3746.8510000000024,E6:B7:71:B1:1F:27,271fb171b7e61eff4c00121900a99e957f8a3344568b4d4bf93212dae597a2de5eb77e0000,-11334.0,62232.0,-98424.0,107538.0,-133678.0,,0,0,0,0,0,1,1,2,ADV_NONCONN_IND,37,37,3,-1,0,-1,-1,5175,32,8,unknown
3749.1979999999967,E6:B7:71:B1:1F:27,271fb171b7e61eff4c00121900a99e957f8a334c568b5146b62904dc035e33ebd87124c0d6,-22727.0,46714.0,-97407.0,74478.0,-94303.0,,0,0,0,0,0,0,1,2,ADV_NONCONN_IND,37,37,14,-1,0,-1,-1,1331,32,7,unknown
3749.665000000001,CE:E1:67:FD:3F:DF,df3ffd67e1ce1eff4c0012198a80ee54e6569cfc3e2b764618d206cdf8e95cd7da35931033,-21575.0,51597.0,-86719.0,67859.0,-114448.0,,0,0,0,0,0,0,1,0,ADV_IND,37,37,6,-1,0,-1,-1,2773,32,8,unknown
3749.9359999999942,71:31:6D:CD:06:E9,e906cd6d31710201021816aafe40cb132dabb989581c1fa4cd1ba56961a88207baf8,-56532.0,82728.0,-112666.0,69729.0,-142065.0,,0,0,0,0,0,1,1,0,ADV_IND,34,37,2,-1,0,-1,-1,4958,32,8,unknown
3759.655000000006,71:31:6D:CD:06:E9,e906cd6d31710201021816aafe40cb132dabb989581c1fa4cd1ba56961a88207baf8,-22208.0,57350.0,-104761.0,88596.0,-129596.0,,0,0,0,0,0,1,1,0,ADV_IND,34,37,1,-1,0,-1,-1,4798,32,8,unknown
3760.1519999999946,E6:B7:71:B1:1F:27,271fb171b7e61eff4c00121900a99e957f8a3344568b4d4bf93212dae597a2de5eb77e0000,-11544.0,76812.0,-106956.0,102722.0,-135638.0,,0,0,0,0,0,1,1,2,ADV_NONCONN_IND,37,37,11,-1,0,-1,-1,4491,32,8,unknown
3760.6400000000067,71:31:6D:CD:06:E9,e906cd6d31710201021816aafe40cb132dabb989581c1fa4cd1ba56961a88207baf8,-45047.0,102521.0,-128596.0,89599.0,-151176.0,,0,0,0,0,0,1,1,0,ADV_IND,34,37,14,-1,0,-1,-1,3010,32,7,unknown
3761.866000000002,71:31:6D:CD:06:E9,e906cd6d31710201021816aafe40cb132dabb989581c1fa4cd1ba56961a88207baf8,-33140.0,71943.0,-104497.0,73984.0,-130801.0,,0,0,0,0,0,1,1,0,ADV_IND,34,37,4,-1,0,-1,-1,6553,32,8,unknown
3762.363000000005,CE:E1:67:FD:3F:DF,df3ffd67e1ce1eff4c001219aa80fe54a65e9cfc3e2b666638da06e5f8e94dd7da37930033,-28419.0,60744.0,-84212.0,70606.0,-125132.0,,0,0,0,0,0,0,1,0,ADV_IND,37,37,15,-1,0,-1,-1,2149,32,8,unknown
3762.609000000004,71:31:6D:CD:06:E9,e906cd6d31710201021816aafe40cb132dabb989581c1fa4cd1ba56961a88207baf8,-37335.0,75490.0,-114118.0,95135.0,-146125.0,,0,0,0,0,0,1,1,0,ADV_IND,34,37,1,-1,0,-1,-1,6421,32,8,unknown
3763.135000000002,CE:E1:67:FD:3F:DF,df3ffd67e1ce1eff4c001219aa80ee54e6569cfc3e2b764618d206edf8e94dd7da35930033,-21795.0,71925.0,-88632.0,103147.0,-134041.0,,0,0,0,0,0,1,1,0,ADV_IND,37,37,4,-1,0,-1,-1,6797,31,7,unknown
3763.3960000000006,71:31:6D:CD:06:E9,e906cd6d31710201021816aafe40cb132dabb989581c1fa4cd1ba5e961a882073af0,-13495.0,81840.0,-108353.0,57864.0,-145000.0,,0,0,0,0,0,0,1,0,ADV_IND,34,37,6,-1,0,-1,-1,4216,32,8,unknown
3763.920999999995,CE:E1:67:FD:3F:DF,df3ffd67e1ce1eff4c001219aa80ee54e6569cfc3e2b764618d206edf8e94dd7da3513fc8c,-16380.0,68284.0,-95274.0,106272.0,-124190.0,,0,0,0,0,0,0,1,0,ADV_IND,37,37,4,-1,0,-1,-1,1669,32,8,unknown
3763.920999999995,71:31:6D:CD:06:E9,e906cd6d31710201021816aafe40cb132dabb989581c1fa4cd1b256961a88203baf8,-37606.0,82848.0,-113253.0,61853.0,-122341.0,,0,0,0,0,0,0,1,0,ADV_IND,34,37,15,-1,0,-1,-1,2008,32,7,unknown
3766.7450000000026,71:31:6D:CD:06:E9,e906cd6d31710201021816aafe40cb132dabb989581c1fa4cd1ba56961a88207baf8,-14948.0,69297.0,-102561.0,58604.0,-132503.0,,0,0,0,0,0,1,1,0,ADV_IND,34,37,13,-1,0,-1,-1,4163,32,8,unknown
3767.5550000000003,CE:E1:67:FD:3F:DF,df3ffd67e1ce1eff4c001219aa80ee54e6569cfc3e2b764638d206edf8e94dd7dab577c24e,0.0,60814.0,-89140.0,72969.0,-116254.0,,0,0,0,0,0,0,1,0,ADV_IND,37,37,13,-1,0,-1,-1,6046,31,8,unknown
3769.440999999999,71:31:6D:CD:06:E9,e906cd6d31710201021816aafe40cb132dabf989581c57a4cd1ba5e961a8c207baf8,-27858.0,70518.0,-102082.0,54588.0,-135588.0,,0,0,0,0,0,0,1,0,ADV_IND,34,37,0,-1,0,-1,-1,1956,32,8,unknown
3770.3470000000016,71:31:6D:CD:06:E9,e906cd6d31710201021816aafe40cb132dabb989581c1fa4cd1ba56961a88207baf8,-38325.0,80795.0,-106977.0,65794.0,-147072.0,,0,0,0,0,0,1,1,0,ADV_IND,34,37,11,-1,0,-1,-1,7702,32,8,unknown
3773.9479999999967,71:31:6D:CD:06:E9,e906cd6d31710241021816aafe40cb132dabb989581c1fa4cd1ba54961a882036e04,-14436.0,54975.0,-108031.0,65588.0,-111752.0,,0,0,0,0,0,0,1,0,ADV_IND,34,37,10,-1,0,-1,-1,3867,32,7,unknown
3774.6719999999987,71:31:6D:CD:06:E9,e906cd6d31710201021816aafe40cb132dabb989581c1fa4cd1ba56961a88207baf8,-33149.0,74879.0,-102262.0,64027.0,-141349.0,,0,0,0,0,0,1,1,0,ADV_IND,34,37,0,-1,0,-1,-1,3958,32,8,unknown
3775.8229999999967,FC:A9:CB:5A:07:54,54075acba9fc1eff4c0012190094d956831830b4eabf85e7e9c16a05c2231cef0fb9505c15,-15770.0,48841.0,-109926.0,94447.0,-122450.0,,0,0,0,0,0,0,1,2,ADV_NONCONN_IND,37,37,10,-1,0,-1,-1,2240,32,8,unknown
3776.666999999994,71:31:6D:CD:36:E9,e936cd6d31710201021816aafe40c9132dabb989581c1fa4cd1ba56961a88207baf8,-30310.0,106330.0,-135074.0,81049.0,-144820.0,,0,0,0,0,0,0,1,0,ADV_IND,34,37,14,-1,0,-1,-1,2331,32,7,unknown
3778.7209999999977,FC:A9:C3:5A:07:44,44075ac3a9fc1aff4c0012190094d956b3b4798cfcbf01ebe9a18806c2f1ddebcbcbf05204,-45325.0,72285.0,-117608.0,71422.0,-124882.0,,0,0,0,0,0,0,1,2,ADV_NONCONN_IND,37,37,9,-1,0,-1,-1,6689,32,8,unknown
3781.0229999999938,71:31:6D:CD:06:E9,e906cd6d31710201021816aafe40cb132dabb989581c1fa4cd1ba56961a88207baf8,-26098.0,81000.0,-102378.0,62194.0,-146342.0,,0,0,0,0,0,1,1,0,ADV_IND,34,37,3,-1,0,-1,-1,2219,31,8,unknown
3790.2520000000004,71:31:6D:CD:06:E9,e906cd6d31710201021816aafe40cb132dabb989581c1fa4cd1ba56961a88207baf8,-35794.0,74325.0,-105982.0,71828.0,-135411.0,,0,0,0,0,0,1,1,0,ADV_IND,34,37,5,-1,0,-1,-1,5965,32,8,unknown
3791.2769999999946,71:31:6D:CD:06:E9,e906cd6d31710201021816aafe45cb132d2fb989c81c1fe5cf1bb56943aa8207aaf8,-24458.0,65831.0,-111002.0,69480.0,-132556.0,,0,0,0,0,0,0,1,0,ADV_IND,34,37,8,-1,0,-1,-1,6056,32,8,unknown
3792.3140000000058,71:31:6D:CD:06:E9,e906cd6d31710201021816aafe40cb132dabb989581c1fa4cd1ba56961a88207baf8,-19578.0,75863.0,-110168.0,73921.0,-153111.0,,0,0,0,0,0,1,1,0,ADV_IND,34,37,7,-1,0,-1,-1,5012,32,8,unknown
3793.366000000002,71:31:6D:CD:06:E9,e906cd6d31710201021816aafe40cb132dabb9895c1c5fa4cd1ba5e9618a8207bad822,-27058.0,61816.0,-103453.0,70273.0,-131681.0,,0,0,0,0,0,0,1,0,ADV_IND,35,37,5,-1,0,-1,-1,3612,32,8,unknown
3794.6430000000037,71:31:6D:CD:06:E9,e906cd6d31710201021816aafe40cb132dabb989581c1fa4cd1ba56961a88207baf8,-28886.0,54866.0,-116334.0,68471.0,-120970.0,,0,0,0,0,0,1,1,0,ADV_IND,34,37,7,-1,0,-1,-1,1759,32,8,unknown
3795.662000000004,71:31:6D:CD:06:E9,e906cd6d31710201021816aafe40cb132dabb989585051a5c75b35dd438ac013bad9,-37157.0,77264.0,-110551.0,69580.0,-128530.0,,0,0,0,0,0,0,1,0,ADV_IND,34,37,4,-1,0,-1,-1,3266,32,8,unknown
3796.7230000000054,71:31:6D:CD:06:E9,e906cd6d31710201021816aafe40cb132dabb989581c1fa4cd1ba56961a88207baf8,-32564.0,85214.0,-116846.0,87033.0,-164551.0,,0,0,0,0,0,1,1,0,ADV_IND,34,37,0,-1,0,-1,-1,6328,30,7,unknown
3797.261000000006,71:31:6D:CD:06:E9,e906cd6d31710201021816aafe40cb132dabb989581c1fa4ed1bb4c921881207bab0,0.0,63534.0,-113774.0,76663.0,-139930.0,,0,0,0,0,0,0,1,0,ADV_IND,34,37,1,-1,0,-1,-1,5303,32,8,unknown
3801.233,71:31:6D:CD:06:E9,e906cd6d31710201021816aafe40cb132dabb989d81c1fa4cd1ba56961a8820faa38,-42574.0,62299.0,-105751.0,65126.0,-110011.0,,0,0,0,0,0,0,1,0,ADV_IND,34,37,8,-1,0,-1,-1,3771,32,8,unknown
3804.8050000000003,D5:BF:E8:00:A9:C9,c9a900e8bfd51eff4c00121900455dca9fba8f612070bc7a048ff5742a14c3aca2f0e80300,-9560.0,65002.0,-72445.0,106322.0,-123824.0,,0,0,0,0,0,1,1,2,ADV_NONCONN_IND,37,37,6,-1,0,-1,-1,6145,32,8,unknown
3804.8050000000003,71:31:6D:CD:06:E9,e906cd6d31710201021816aafe40cb132dabb989581c1fa4cd1ba56961a88207baf8,-25881.0,86459.0,-119178.0,87874.0,-141676.0,,0,0,0,0,0,1,1,0,ADV_IND,34,37,2,-1,0,-1,-1,4950,31,8,unknown
3806.811999999998,D5:BF:E8:00:A9:C9,c9a900e8bfd51eff4c00121900455dca9fba8f612070bc7a048ff5742a14c3aca2f0e85394,-32981.0,84528.0,-84944.0,97221.0,-117137.0,,0,0,0,0,0,0,1,2,ADV_NONCONN_IND,37,37,11,-1,0,-1,-1,3250,32,8,unknown
3806.811999999998,71:31:6D:CD:06:E9,e906cd6d31710201021816aafe40cb132dabb989581c1fa4cd1ba56961a88207baf8,-38337.0,91483.0,-117084.0,85372.0,-153474.0,,0,0,0,0,0,1,1,0,ADV_IND,34,37,12,-1,0,-1,-1,4321,32,8,unknown
3809.413999999997,71:31:6D:CD:06:E9,e906cd6d31710201021816aafe40cb172dabb9ac4c1c4f26cf1ba441218c120faab0,-46841.0,69256.0,-120475.0,57133.0,-133263.0,,0,0,0,0,0,0,1,0,ADV_IND,34,37,11,-1,0,-1,-1,2568,32,8,unknown
3811.0989999999947,D1:BF:E8:00:A9:C9,c9a900e8bfd11eff4c00121900455dca9fba8f632070bd698e51551c0743d3382ea4dc5c95,-11559.0,79632.0,-79719.0,81113.0,-113194.0,,0,0,0,0,0,0,1,2,ADV_NONCONN_IND,37,37,1,-1,0,-1,-1,7385,32,8,unknown
3811.0989999999947,71:31:6D:CD:06:E9,e906cd6d31710201021816aafe40cb132dabb989581c1fa4cd1ba56961a88207baf8,-24045.0,73750.0,-106386.0,71887.0,-134414.0,,0,0,0,0,0,1,1,0,ADV_IND,34,37,1,-1,0,-1,-1,6915,32,8,unknown
3820.5269999999946,71:31:6D:CD:06:E9,e906cd6d31710201021816aafe40cb132dabb989581c1fa4cd1ba56961a88207baf8,-20923.0,64773.0,-103367.0,60082.0,-142741.0,,0,0,0,0,0,1,1,0,ADV_IND,34,37,3,-1,0,-1,-1,3534,31,8,unknown
3821.0499999999956,D5:BF:E8:00:A9:C9,c9a900e8bfd51eff4c00121900455dca9fba8f612070bc7a048ff5742a14c3aca2f0e80300,-6129.0,75439.0,-82980.0,87571.0,-126387.0,,0,0,0,0,0,1,1,2,ADV_NONCONN_IND,37,37,2,-1,0,-1,-1,4358,32,8,unknown
3821.3140000000058,71:31:6D:CD:06:E9,e906cd6d31710201021816aafe40cb132dabb989481c1da5cd1ba56961a8c207baf8,-36311.0,69630.0,-95584.0,65772.0,-140666.0,,0,0,0,0,0,0,1,0,ADV_IND,34,37,9,-1,0,-1,-1,3634,32,8,unknown
3821.8140000000058,D5:BF:E8:00:A9:C9,c9a900e8bfd51eff4c00121900455dca9fba8f612070bc7a048ff5742a14c3aca2f0e80300,-8289.0,81998.0,-79474.0,94252.0,-140511.0,,0,0,0,0,0,1,1,2,ADV_NONCONN_IND,37,37,15,-1,0,-1,-1,2591,31,8,unknown
3823.8259999999937,71:31:6D:CD:06:E9,e906cd6d31710201021816aafe40cb132dabb989581c1fe4cf1ba56961a88207baf8,-14000.0,69425.0,-110141.0,57396.0,-124562.0,,0,0,0,0,0,0,1,0,ADV_IND,34,37,5,-1,0,-1,-1,7491,32,8,unknown
3826.587000000007,4F:1D:51:09:EE:0B,0bee09511d4f1eff4c00121931665c25fac5a533f3309d0394b1e606d432a0927f71f500b4,-23426.0,87415.0,-71759.0,69372.0,-123593.0,,0,0,0,0,0,0,1,2,ADV_NONCONN_IND,37,37,7,-1,0,-1,-1,2831,32,7,unknown
3827.108,71:31:6D:CD:06:E9,e906cd6d31710201021816aafe40cb132dabb989581c1fa4cd1ba56961a88207baf8,-7833.0,76759.0,-134426.0,79955.0,-154323.0,,0,0,0,0,0,1,1,0,ADV_IND,34,37,2,-1,0,-1,-1,4225,31,7,unknown
3829.364999999998,71:31:6D:CD:06:E9,e906cd6d31710201021816aafe40cb132dabb989581c1fa4cd1ba56961a88207baf8,-29900.0,100283.0,-118984.0,100160.0,-149149.0,,0,0,0,0,0,1,1,0,ADV_IND,34,37,7,-1,0,-1,-1,4673,32,8,unknown
3830.0750000000044,D1:2E:7F:D6:97:12,1297d67f2ed11eff4c0012190010432c39e6b5d34f56fa55fb6412647b782f34289c147d05,-303.0,88519.0,-91156.0,86464.0,-120644.0,,0,0,0,0,0,0,1,2,ADV_NONCONN_IND,37,37,14,-1,0,-1,-1,6336,29,8,unknown
3831.4969999999958,71:31:69:CD:06:E9,e906cd6931710201021816aafe40c9172dabb989581c1fa4cd1ba56961a88207baf8,-28944.0,59055.0,-108471.0,66908.0,-107881.0,,0,0,0,0,0,0,1,0,ADV_IND,34,37,12,-1,0,-1,-1,7019,32,8,unknown
3832.106000000007,C9:76:CA:CA:88:1C,1c88caca76c91eff4c001219004d84da48a7a56ca8365ac379dcb4406b54273b3e98008000,-39612.0,43670.0,-115036.0,69214.0,-123233.0,,0,0,0,0,0,0,1,2,ADV_NONCONN_IND,37,37,6,-1,0,-1,-1,3879,30,7,unknown
3833.466999999997,71:31:6D:CD:06:E9,e906cd6d31710201021816aafe40cb132dabb989581c1fa4cd1ba56961a88207baf8,-17501.0,70790.0,-120464.0,99587.0,-144215.0,,0,0,0,0,0,1,1,0,ADV_IND,34,37,3,-1,0,-1,-1,5341,32,8,unknown
3834.0250000000015,45:76:CA:CA:88:1C,1c88caca76451eff4c00121900bca7705a6f03cc7e2f4e2570d03486375361936090287d95,-44381.0,43227.0,-101266.0,70662.0,-133454.0,,0,0,0,0,0,0,1,2,ADV_NONCONN_IND,37,37,0,-1,0,-1,-1,5164,31,8,unknown
3835.893999999993,71:31:6D:CD:06:E9,e906cd6d31710201021816aafe40cb132dabb989581c1fa4cd1ba56961a88207baf8,-18947.0,59900.0,-110723.0,96169.0,-146080.0,,0,0,0,0,0,1,1,0,ADV_IND,34,37,14,-1,0,-1,-1,6094,31,8,unknown
3835.893999999993,D8:AE:AC:BC:66:F9,f966bcacaed81eff4c00121900166777aaaf8077e9aa996b7b22d4c1110a7c7552941c5604,-4621.0,78135.0,-102952.0,74334.0,-110674.0,,0,0,0,0,0,0,1,2,ADV_NONCONN_IND,37,37,15,-1,0,-1,-1,1324,32,7,unknown
3837.6270000000004,71:31:6D:CD:06:E9,e906cd6d31710201021816aafe40cb132dabb989581c1fa4cd1ba56961a88207baf8,-35857.0,85926.0,-116999.0,83240.0,-155498.0,,0,0,0,0,0,1,1,0,ADV_IND,34,37,8,-1,0,-1,-1,1996,32,8,unknown
3839.6069999999963,C5:76:CA:CA:88:1C,1c88caca76c50eff4c001219004d84da49a7e56ca4375263f9ccb440d25a272b2998101a22,-40649.0,49988.0,-109427.0,66212.0,-92815.0,,0,0,0,0,0,0,1,2,ADV_NONCONN_IND,37,37,15,-1,0,-1,-1,7074,32,7,unknown
3841.688000000002,71:31:6D:CD:06:E9,e906cd6d31710201021816aafe40cb132dabb989581c1fa4cd1ba56961a88207baf8,-51823.0,83389.0,-102383.0,76696.0,-142515.0,,0,0,0,0,0,1,1,0,ADV_IND,34,37,8,-1,0,-1,-1,6038,32,7,unknown
3851.3079999999973,71:19:6C:CD:06:E9,e906cd6c19710201021816aafe40c9132c2bb189cc141da4cd5bb54963a8a203baf9,-38834.0,65705.0,-106669.0,46295.0,-121636.0,,0,0,0,0,0,0,1,0,ADV_IND,34,37,10,-1,0,-1,-1,3982,32,8,unknown
3851.3079999999973,C5:76:C8:D2:88:0C,0c88d2c876c51eff4c001219005d84de48afa52ca82652e379cc34c44b56273b2e98000220,-34650.0,57181.0,-107732.0,46437.0,-125618.0,,0,0,0,0,0,0,1,2,ADV_NONCONN_IND,37,37,5,-1,0,-1,-1,7281,32,8,unknown
3851.3079999999973,55:74:CE:28:68:7E,7e6828ce74550201021816aafe00c9132dabb9895c1c1fa4cd1ba56961a88203baf8,-53041.0,75032.0,-93628.0,73257.0,-136177.0,,0,0,0,0,0,0,1,0,ADV_IND,34,37,8,-1,0,-1,-1,1665,32,8,unknown
3852.0989999999947,D8:F2:F5:FB:4F:13,134ffbf5f2d81eff4c00121920ad047a7b97031f913898431e27755c4e4e3cf8006ada1303,-6674.0,48185.0,-54372.0,108732.0,-114947.0,,0,0,0,0,0,0,1,0,ADV_IND,37,37,9,-1,0,-1,-1,941,32,8,unknown
3853.1259999999966,58:F2:F5:FB:4F:13,134ffbf5f2581eff4c00121920a9047afb97037f913898431f27755c4e463cf8286afa0312,-127.0,53294.0,-76526.0,90441.0,-101460.0,,0,0,0,0,0,0,1,0,ADV_IND,37,37,4,-1,0,-1,-1,5897,31,7,unknown
3853.4019999999946,EF:E2:28:9E:BD:77,77bd9e28e2ef1eff4c00121910c964e898878da0fceda55895d716c377f5683a2abab80057,0.0,80041.0,-98192.0,103375.0,-128826.0,,0,0,0,0,0,0,1,0,ADV_IND,37,37,5,-1,0,-1,-1,7894,32,8,unknown
3853.4019999999946,57:B9:44:CE:7E:03,037ece44b9570201221816aafec03ddfc7ec96d36fdb875b5773371a9eb0327b991a,0.0,86601.0,-105740.0,89355.0,-116328.0,,0,0,0,0,0,0,1,0,ADV_IND,34,37,12,-1,0,-1,-1,5930,32,8,unknown
3853.940999999999,55:74:CE:28:68:7E,7e6828ce74550201021816aafe40cb132dabb989581c1fa4cd1ba56961a88207baf8,-53767.0,57939.0,-93119.0,93672.0,-117401.0,,0,0,0,0,0,1,1,0,ADV_IND,34,37,2,-1,0,-1,-1,3005,32,7,unknown
3854.446999999993,D8:F2:F5:FB:4F:13,134ffbf5f2d80eff4c00121920a9e4fa0373d04562282b758325140827eaec727be9d5dc94,-17304.0,65451.0,-81575.0,73202.0,-87853.0,,0,0,0,0,0,0,1,0,ADV_IND,37,37,11,-1,0,-1,-1,2716,32,8,unknown
3854.708000000006,57:B9:44:CE:7E:03,037ece44b9570201021816aafe402ddfc7e496d37fdb873b4571371e4db16b731b19,-2618.0,104256.0,-127819.0,118775.0,-132349.0,,0,0,0,0,0,1,1,0,ADV_IND,34,37,9,-1,0,-1,-1,3041,32,8,unknown
3854.9760000000024,CD:76:CA:CA:88:1C,1c88caca76cd1eff4c001219004d84da48a7a56ca83652c379ccb4c06b56273b3b98000000,-50956.0,49929.0,-117628.0,58576.0,-103350.0,,0,0,0,0,0,0,1,2,ADV_NONCONN_IND,37,37,10,-1,0,-1,-1,4121,31,8,unknown
3855.2270000000062,D8:AE:AC:BC:66:79,7966bcacaed81eff4c001219001667ffaaaf8477e9aa984b7a28d5cf32021ce7523c6c0320,-8895.0,81485.0,-105755.0,72172.0,-129843.0,,0,0,0,0,0,0,1,2,ADV_NONCONN_IND,37,37,0,-1,0,-1,-1,1944,31,8,unknown
3855.768999999993,D8:F2:F5:FB:4F:13,134ffbf5f2d81eff4c00121920a9047afb97037f913898431e27755c4e463cf8006ada0313,-13853.0,73670.0,-90921.0,107005.0,-140602.0,,0,0,0,0,0,1,1,0,ADV_IND,37,37,15,-1,0,-1,-1,1860,31,8,unknown
3856.037000000004,C5:76:DA:CA:88:1C,1c88cada76c51eff4c001219004d85da48a7a56ca83652c371dcb4c027675dba9bd5e019fa,-75756.0,60974.0,-79259.0,41934.0,-109797.0,,0,0,0,0,0,0,1,2,ADV_NONCONN_IND,37,37,6,-1,0,-1,-1,3224,32,8,unknown
3856.287000000004,55:74:CE:28:68:7E,7e6828ce74550201021816aafe40cb162dabb989581c1fa4cf1ba56941a88207baf9,-32850.0,63701.0,-106743.0,68829.0,-99810.0,,0,0,0,0,0,0,1,0,ADV_IND,34,37,1,-1,0,-1,-1,3264,32,8,unknown
3856.537000000004,D8:F2:E5:FB:4F:13,134ffbe5f2d81eff4c00121920a9047afb97017f9139d8631e27755c4e463cf8006adc1317,2507.0,57796.0,-73191.0,83182.0,-89676.0,,0,0,0,0,0,0,1,0,ADV_IND,37,37,9,-1,0,-1,-1,3921,32,7,unknown
3856.787999999993,57:99:44:CE:7E:03,037ece4499570209021816aafe406fdfc7e496d37fdb873b4571371e4db16b731b19,4164.0,96554.0,-106678.0,93843.0,-128659.0,,0,0,0,0,0,0,1,0,ADV_IND,34,37,2,-1,0,-1,-1,1763,30,8,unknown
3857.0490000000063,5D:74:CE:2A:68:7E,7e682ace745d0201021816aafe40cb132dabb9a94c3e0fa4cf1bb44163ac1207bab0,-10906.0,63788.0,-115000.0,81544.0,-120033.0,,0,0,0,0,0,0,1,0,ADV_IND,34,37,11,-1,0,-1,-1,1706,32,7,unknown
3857.3039999999964,D8:F2:F5:FB:4F:13,134ffbf5f2d81eff4c00121920a9047afb97037f71399c631e2775dc4e463cf8206afa5307,13718.0,55776.0,-66424.0,80224.0,-88735.0,,0,0,0,0,0,0,1,0,ADV_IND,37,37,3,-1,0,-1,-1,1039,32,8,unknown
3857.3039999999964,EF:E2:28:9E:BD:77,77bd9e28e2ef1eff4c00121910c964e898878d80fcedae51f53f54e06be5c10239713d4679,-23456.0,58323.0,-85230.0,74029.0,-102985.0,,0,0,0,0,0,0,1,0,ADV_IND,37,37,10,-1,0,-1,-1,1321,32,8,unknown
3857.5809999999983,C7:76:CA:CA:88:1C,1c88caca76c71eff4c001219004d84da4827a56ca83652c379ccb4406b4461bb3e90201180,-32421.0,45797.0,-111672.0,76985.0,-146875.0,,0,0,0,0,0,0,1,2,ADV_NONCONN_IND,37,37,12,-1,0,-1,-1,5965,32,8,unknown
3857.5809999999983,55:74:DE:28:68:7E,7e6828de74550201021816aafe00c9132dabb9890c2bd247fbab74c61b8f7b092a84,2958.0,54151.0,-109829.0,79287.0,-120405.0,,0,0,0,0,0,0,1,0,ADV_IND,34,37,5,-1,0,-1,-1,5852,32,8,unknown
3860.140999999996,55:74:CE:28:68:7E,7e6828ce74550201021816aafe40cb132dabb989581c1fa4cd1ba56961a88207baf8,-55131.0,62241.0,-89450.0,69554.0,-111791.0,,0,0,0,0,0,1,1,0,ADV_IND,34,37,4,-1,0,-1,-1,1867,32,8,unknown
3860.9849999999933,58:F2:F5:F3:4F:13,134ff3f5f2580eff4c00121900a9047afb97037f913898431e27355c4e463ce8806ed6130b,-21662.0,60923.0,-74163.0,73144.0,-113002.0,,0,0,0,0,0,0,1,0,ADV_IND,37,37,1,-1,0,-1,-1,1329,29,7,unknown
3861.7720000000045,C5:76:CA:CA:88:1C,1c88caca76c50eff4c001219004d84da48a7a56c6c375e2379d034406356273b2f90004000,-36829.0,66357.0,-110569.0,73182.0,-135846.0,,0,0,0,0,0,0,1,2,ADV_NONCONN_IND,37,37,9,-1,0,-1,-1,5169,32,8,unknown
3862.8069999999934,D8:AE:AC:BC:66:79,7966bcacaed81eff4c001219001667ffaaaf8477e9aa984b7a28d5cf36023ee7501c6c0300,0.0,73967.0,-96072.0,88569.0,-89218.0,,0,0,0,0,0,0,1,2,ADV_NONCONN_IND,37,37,9,-1,0,-1,-1,3354,32,7,unknown
3862.8069999999934,55:74:CE:28:68:7E,7e6828ce74550201021816aafe40cb132dabb989581c1fa4cd1ba56961a89207bab0,-39113.0,66172.0,-100500.0,77746.0,-122628.0,,0,0,0,0,0,0,1,0,ADV_IND,34,37,9,-1,0,-1,-1,3246,32,8,unknown
3863.905000000006,D8:AE:AD:BC:66:79,7966bcadaed81eff4c001219001667ffaaaf8467e9aa98437a20d44719c86d7d57c69e7415,-6898.0,84751.0,-105425.0,77306.0,-106183.0,,0,0,0,0,0,0,1,2,ADV_NONCONN_IND,37,37,10,-1,0,-1,-1,3389,32,8,unknown
3866.238999999994,C5:76:CA:CA:8A:9C,9c8acaca76c51eff4c001219000d84da48a7a56ca836524379ccb4406b54273b3f98000000,-42457.0,57465.0,-104117.0,63381.0,-135017.0,,0,0,0,0,0,0,1,2,ADV_NONCONN_IND,37,37,10,-1,0,-1,-1,6043,32,8,unknown
3866.238999999994,55:74:CE:28:68:7E,7e6828ce74550201021816aafe10c896686fa9be4c3ac826ef3bb4c0338c320faaa0,-34175.0,67440.0,-107021.0,69083.0,-109097.0,,0,0,0,0,0,0,1,0,ADV_IND,34,37,7,-1,0,-1,-1,6585,31,8,unknown
3868.321999999993,D8:AE:AD:BC:66:79,7966bcadaed81eff4c001219001667ffaaaf8477e9aa984b7a28d5cf36023ee7503c6c0300,-5049.0,80097.0,-92821.0,82213.0,-123906.0,,0,0,0,0,0,1,1,2,ADV_NONCONN_IND,37,37,6,-1,0,-1,-1,2540,32,8,unknown
3868.321999999993,55:74:CE:28:68:7E,7e6828ce74550201021816aafe44cb132dabb989581c1fa4cd1bb569218c9207bab8,-21462.0,68482.0,-96773.0,76080.0,-124841.0,,0,0,0,0,0,0,1,0,ADV_IND,34,37,2,-1,0,-1,-1,4964,32,8,unknown
3870.242999999995,55:74:CE:28:68:7E,7e6828ce74550201021816aafe40cb132dabb989581c1fa4cd1ba56961a88207baf8,-32999.0,63043.0,-95666.0,84779.0,-114966.0,,0,0,0,0,0,1,1,0,ADV_IND,34,37,13,-1,0,-1,-1,7026,32,8,unknown
3871.5290000000023,F2:79:2D:08:BA:4C,4cba082d79f21eff4c001219100218784c22512c931f0b95f7c51deb9cce306ada8a0c1a99,-37873.0,93632.0,-99893.0,81394.0,-110965.0,,0,0,0,0,0,0,1,0,ADV_IND,37,37,0,-1,0,-1,-1,1288,32,7,unknown
3871.5290000000023,CF:76:C8:CA:98:1C,1c98cac876cf1aff4c001219008d84da48a7a56ca83642a379ecb4406b54273b3f98000000,-16704.0,37863.0,-91137.0,81790.0,-136158.0,,0,0,0,0,0,0,1,2,ADV_NONCONN_IND,37,37,5,-1,0,-1,-1,3178,32,7,unknown
3872.362000000001,55:74:CE:28:68:7E,7e6828ce74550201021816aafe40cb132dabb989581c1fa4cd1ba56961a88207baf8,-17298.0,70952.0,-103612.0,68190.0,-138782.0,,0,0,0,0,0,1,1,0,ADV_IND,34,37,3,-1,0,-1,-1,6207,32,7,unknown
3882.238000000005,CE:10:BF:54:19:BA,ba1954bf10ce1aff4c001219006d98a46e4b568ced26555bb332493a1cfe5609f137611000,-28899.0,69519.0,-111602.0,70079.0,-112084.0,,0,0,0,0,0,0,1,2,ADV_NONCONN_IND,37,37,12,-1,0,-1,-1,4207,32,8,unknown
3882.485999999997,C5:76:CA:CA:88:9C,9c88caca76c51eff4c001219004d84da48a7a56ca83652c379ccb4406b54273bbf98000000,-27137.0,51461.0,-107667.0,70094.0,-128526.0,,0,0,0,0,0,0,1,2,ADV_NONCONN_IND,37,37,8,-1,0,-1,-1,4949,32,8,unknown
3883.264000000003,55:74:CA:28:68:7E,7e6828ca74550201021816aafe40cb132dabb989581c1fa4cd1ba56961a88207baf8,-40739.0,76586.0,-98344.0,83716.0,-146493.0,,0,0,0,0,0,0,1,0,ADV_IND,34,37,12,-1,0,-1,-1,3844,32,8,unknown
3883.821999999993,CE:18:BF:54:19:BA,ba1954bf18ce1eff4c00121900699824ee4b568de9a6555bb372493a1cfed60df137610000,-27102.0,64366.0,-117563.0,77777.0,-144246.0,,0,0,0,0,0,0,1,2,ADV_NONCONN_IND,37,37,2,-1,0,-1,-1,1011,32,8,unknown
3884.086000000003,C5:76:DA:CA:88:1C,1c88cada76c51eff4c001219004c849a48a7a56cb836424379dcb4447b54233b2f98200800,-54183.0,43428.0,-112044.0,70838.0,-106195.0,,0,0,0,0,0,0,1,2,ADV_NONCONN_IND,37,37,5,-1,0,-1,-1,908,30,7,unknown
3884.086000000003,55:74:CE:28:68:7E,7e6828ce74550201021816aafe40cb132dabb989581c1fa4cd1ba56961a88207baf8,-31720.0,68837.0,-91665.0,61580.0,-144462.0,,0,0,0,0,0,1,1,0,ADV_IND,34,37,8,-1,0,-1,-1,7226,32,8,unknown
3884.3489999999947,D4:C2:6F:DF:ED:6B,6beddf6fc2d41eff4c001219005252d15816ffa8b15bcf73ccf8c4e8e3c65a39a0de105d02,1812.0,71736.0,-91608.0,78731.0,-120198.0,,0,0,0,0,0,0,1,2,ADV_NONCONN_IND,37,37,2,-1,0,-1,-1,1708,32,8,unknown
3884.5989999999947,F2:71:2D:00:BA:4C,4cba002d71f21eff4c00121910821c78cc61512c931f0b95f6c619eb146e3062128e8ed678,-18646.0,73108.0,-110780.0,72462.0,-107506.0,,0,0,0,0,0,0,1,0,ADV_IND,37,37,14,-1,0,-1,-1,7985,31,7,unknown
3884.5989999999947,CD:76:DA:CE:88:1C,1c88ceda76cd0eff4c001219004d84da58a7a56ca83652c379c8b4406b54273b3f98000000,-42281.0,84773.0,-143582.0,78477.0,-141209.0,,0,0,0,0,0,0,1,2,ADV_NONCONN_IND,37,37,15,-1,0,-1,-1,8042,32,7,unknown
3884.8520000000062,55:74:CE:20:68:7E,7e6820ce74550201021816aafe40cb132d2b9d885c1c0fa4cd1ba56961889207baf8,-25512.0,81718.0,-116830.0,87899.0,-129579.0,,0,0,0,0,0,0,1,0,ADV_IND,34,37,12,-1,0,-1,-1,2088,32,8,unknown
3884.8520000000062,4A:2D:6C:B0:36:7C,7c36b06c2d4a0201060301edfe0d16edfe32019de985a9b775a6a4,-993.0,85787.0,-47204.0,66253.0,-92088.0,,0,0,0,0,0,0,1,0,ADV_IND,27,37,2,-1,0,-1,-1,2570,32,8,unknown
3885.110999999997,D4:C2:6F:DF:ED:6B,6beddf6fc2d41eff4c001219005252d11816ffa8b15bcf73ccf8c5f267c2da5927ba000300,15361.0,50786.0,-93635.0,93685.0,-149087.0,,0,0,0,0,0,1,1,2,ADV_NONCONN_IND,37,37,12,-1,0,-1,-1,5754,32,8,unknown
3885.110999999997,C9:BA:29:3F:21:9B,9b213f29bac90201060303edfe0d16edfe02007a15e47358322d88,13830.0,105893.0,-80112.0,108309.0,-131645.0,,0,0,0,0,0,1,1,0,ADV_IND,27,37,4,-1,0,-1,-1,2887,32,7,unknown
3885.367999999995,55:74:CE:28:68:7E,7e6828ce74550201021816aafe40cb132dabb989581c1fa4cd1ba56961a88207baf8,-23058.0,67346.0,-97959.0,72492.0,-114643.0,,0,0,0,0,0,1,1,0,ADV_IND,34,37,0,-1,0,-1,-1,6074,32,7,unknown
3885.618999999999,D8:AE:A9:BE:66:79,7966bea9aed81eff4c001219001c76772bef8341dea32a713122d4c313ca7d6f50123e5c14,15126.0,80164.0,-109562.0,70849.0,-111445.0,,0,0,0,0,0,0,1,2,ADV_NONCONN_IND,37,37,14,-1,0,-1,-1,5549,32,7,unknown
3885.618999999999,D4:82:67:DF:ED:6B,6beddf6782d41eff4c001219005252d1d8336e2cf01900e56a4a4cd733a81fa26c81a87c15,-2674.0,78241.0,-67557.0,75849.0,-128070.0,,0,0,0,0,0,0,1,2,ADV_NONCONN_IND,37,37,11,-1,0,-1,-1,6226,31,8,unknown
3885.889000000003,55:74:CE:28:68:7E,7e6828ce74550201021816aafe40cb132dabb989581c1fa4cd1ba56961a88207bab8,-27571.0,90856.0,-115988.0,103086.0,-152709.0,,0,0,0,0,0,0,1,0,ADV_IND,34,37,6,-1,0,-1,-1,1620,32,8,unknown
3885.889000000003,F6:5B:D5:87:9E:D4,d49e87d55bf602010e0303edfe0d16edfe0a01ca54c3356664c994,-45872.0,94132.0,-103648.0,91234.0,-125452.0,,0,0,0,0,0,0,1,0,ADV_IND,27,37,6,-1,0,-1,-1,4724,32,8,unknown
3886.158000000003,CE:2D:EC:B0:36:FC,fc36b0ec2dce0201060303edfe0d16edfe00009df985a90f35a464,-11177.0,78829.0,-65145.0,78060.0,-93639.0,,0,0,0,0,0,0,1,0,ADV_IND,27,37,0,-1,0,-1,-1,894,29,8,unknown
3886.158000000003,D8:AE:AD:BC:66:79,7966bcadaed80eff4c001219001667ffaaaf8477e9ae984b7a28d5cf36023ee750346c0300,-11267.0,85287.0,-80744.0,86987.0,-115185.0,,0,0,0,0,0,0,1,2,ADV_NONCONN_IND,37,37,15,-1,0,-1,-1,6631,32,8,unknown
3886.158000000003,D4:C2:6F:DF:ED:6B,6beddf6fc2d41eff4c001219005252d11816ffa8b15bcf73ccf8c5f267c2da5927ba000300,-4835.0,72762.0,-76649.0,107427.0,-156371.0,,0,0,0,0,0,1,1,2,ADV_NONCONN_IND,37,37,3,-1,0,-1,-1,4600,32,8,unknown
3886.4230000000025,C5:76:CA:CA:88:1C,1c88caca76c50eff4c001219004d84da48a7a56ca8e340ce14de14e5997842474f94bcd35f,-53317.0,96714.0,-125761.0,86929.0,-130057.0,,0,0,0,0,0,0,1,2,ADV_NONCONN_IND,37,37,13,-1,0,-1,-1,6770,31,7,unknown
3886.8789999999935,55:74:CE:28:68:7E,7e6828ce74550201021816aafe40cb132dabb989581c1fa4cd1ba56961a88207baf8,-26799.0,63680.0,-80369.0,77153.0,-145614.0,,0,0,0,0,0,1,1,0,ADV_IND,34,37,13,-1,0,-1,-1,2967,32,8,unknown
3886.8789999999935,CA:2D:EC:B0:36:FC,fc36b0ec2dca0201860303edfe0d16edfe02009df985a9b765a6e4,-22621.0,49014.0,-69351.0,79572.0,-88924.0,,0,0,0,0,0,0,1,0,ADV_IND,27,37,10,-1,0,-1,-1,7390,32,8,unknown
3887.818999999996,D4:C2:6F:DF:ED:6B,6beddf6fc2d41eff4c001219005252d118167fa8b55bc563ccf8c5f267c2da59279a807e15,3169.0,48818.0,-93606.0,84025.0,-110670.0,,0,0,0,0,0,0,1,2,ADV_NONCONN_IND,37,37,14,-1,0,-1,-1,7462,32,8,unknown
3889.443999999996,58:BE:AD:BC:66:78,7866bcadbe581bff4c001219001e27ffa82fa477e92b9c4b7f38f5c72382bed75a3c6c5302,-12356.0,73518.0,-100305.0,72734.0,-92036.0,,0,0,0,0,0,0,1,2,ADV_NONCONN_IND,37,37,5,-1,0,-1,-1,2779,32,8,unknown
3889.443999999996,D4:C2:6F:DF:ED:6B,6beddf6fc2d41eff4c001219005252d11816ffa8b15bcf73ccf8c5f267c2da5927ba000300,9700.0,59361.0,-110577.0,86500.0,-137770.0,,0,0,0,0,0,1,1,2,ADV_NONCONN_IND,37,37,1,-1,0,-1,-1,6908,31,7,unknown
3890.563000000002,CB:4F:6F:D7:B5:E6,e6b5d76f4fcb0201060303edfe0d16edfe0200baa39d6a4dd45981,-5551.0,63564.0,-65702.0,97297.0,-78350.0,,0,0,0,0,0,1,1,0,ADV_IND,27,37,2,-1,0,-1,-1,1257,32,8,unknown
3890.563000000002,55:74:CE:28:68:7E,7e6828ce74550201021816aafe40cb132dabb989481c1fa4cd1ba56961a88207aaf0,-6689.0,57968.0,-93566.0,71021.0,-110342.0,,0,0,0,0,0,0,1,0,ADV_IND,34,37,12,-1,0,-1,-1,5353,32,8,unknown
3891.768999999993,C5:76:CA:CA:88:1C,1c88caca76c51eff4c001219008dc3da48a7a56ca83652e77bccb4c06354273b2a98004020,-40066.0,48280.0,-115423.0,56903.0,-122644.0,,0,0,0,0,0,0,1,2,ADV_NONCONN_IND,37,37,0,-1,0,-1,-1,5829,32,8,unknown
3892.511000000006,55:74:CE:28:68:7E,7e6828ce74550201021816aafe40cb132dabb989581c1fa4cd1ba56961a88207baf8e0,-14592.0,57136.0,-114423.0,80623.0,-114530.0,,0,0,0,0,0,0,1,0,ADV_IND,35,37,9,-1,0,-1,-1,5786,32,7,unknown
3893.4709999999977,D8:AE:AD:BC:66:79,7966bcadaed81eff4c001219001667ffaaaf8477e9aa984b7a28d5cf36023ee7503c6c0300,-23120.0,84196.0,-94044.0,88073.0,-128767.0,,0,0,0,0,0,1,1,2,ADV_NONCONN_IND,37,37,10,-1,0,-1,-1,5892,32,7,unknown
3893.4709999999977,D4:C2:6F:DF:ED:6B,6beddf6fc2d41eff4c001219005252d11816ffa8b15bcd73ccf8c5f267c29a186e83005505,-32587.0,55565.0,-93309.0,89521.0,-130703.0,,0,0,0,0,0,0,1,2,ADV_NONCONN_IND,37,37,12,-1,0,-1,-1,6234,32,8,unknown
3894.0250000000015,CA:42:EB:32:B2:DA,dab232eb42ca0201060303edfe0d16edfe020072f73fdc5e441324,-27575.0,72568.0,-66255.0,95022.0,-101401.0,,0,0,0,0,0,0,1,0,ADV_IND,27,37,6,-1,0,-1,-1,5549,32,8,unknown
3894.8269999999975,CB:4F:6F:D7:B5:E6,e6b5d76f4fcb0201060303edfe0d16edfe0210baa39d6a45d45981,11254.0,58919.0,-73002.0,89812.0,-96116.0,,0,0,0,0,0,0,1,0,ADV_IND,27,37,5,-1,0,-1,-1,2627,28,7,unknown
3894.8269999999975,55:74:CE:28:68:7E,7e6828ce74550201021816aafe10cb946c2da9ad0c3e4c06ee1bbcc1238c320faab0,-26052.0,69513.0,-102724.0,76504.0,-122016.0,,0,0,0,0,0,0,1,0,ADV_IND,34,37,9,-1,0,-1,-1,6860,32,8,unknown
3895.832000000002,D8:AE:AD:BC:66:29,2966bcadaed81eff4c001219001677772bef95415ee30bf17922c4c5128a6c7d529e9c5e15,0.0,94041.0,-93190.0,77852.0,-103020.0,,0,0,0,0,0,0,1,2,ADV_NONCONN_IND,37,37,1,-1,0,-1,-1,3643,32,8,unknown
3895.832000000002,C5:76:CA:CA:98:1C,1c98caca76c51aff4c001219000d85da48afa52ca82652e7fbcc34404314273b3f88100208,-41405.0,46304.0,-105167.0,56177.0,-119171.0,,0,0,0,0,0,0,1,2,ADV_NONCONN_IND,37,37,13,-1,0,-1,-1,5005,30,7,unknown
3895.832000000002,CA:42:EB:32:B2:DA,dab232eb42ca0201060303edfe0d16edfe020072f73edc5e541300,0.0,81117.0,-46814.0,97889.0,-121435.0,,0,0,0,0,0,0,1,0,ADV_IND,27,37,12,-1,0,-1,-1,6055,32,8,unknown
3896.536,55:74:CE:28:68:7E,7e6828ce74550201021816aafe408b166c2bb9ac581c4f24cd1ba5e163a8820fbaf8,-45199.0,83867.0,-115704.0,90875.0,-141800.0,,0,0,0,0,0,0,1,0,ADV_IND,34,37,3,-1,0,-1,-1,3333,32,8,unknown
3896.536,E8:66:FD:25:11:5F,5f1125fd66e80201060301effe0d16edfe0200c6353bb05330f9d1,-764.0,71611.0,-52072.0,85285.0,-89866.0,,0,0,0,0,0,0,1,0,ADV_IND,27,37,7,-1,0,-1,-1,6897,30,8,unknown
3897.4770000000062,C4:F5:5A:46:52:85,8552465af5c41eff4c001219102f17467fe0e9b334798b9f5f13ab6511ab4dddd1151e0319,-11248.0,74329.0,-92920.0,48108.0,-108800.0,,0,0,0,0,0,0,1,0,ADV_IND,37,37,10,-1,0,-1,-1,4116,30,7,unknown
3897.4770000000062,F2:E8:D8:9A:96:9C,9c969ad8e8f21eff4c0012190020d42e78b2ce6cf40799e7973ab787139a589bab57c11190,-43370.0,65895.0,-102588.0,63063.0,-142221.0,,0,0,0,0,0,0,1,2,ADV_NONCONN_IND,37,37,6,-1,0,-1,-1,3181,30,8,unknown
3897.4770000000062,D8:AE:AD:BC:66:79,7966bcadaed81eff4c001219001667ffaaaf8477e9aa984b7b28d4c71f827c7d571abc5c04,-15409.0,76534.0,-104478.0,63051.0,-121315.0,,0,0,0,0,0,0,1,2,ADV_NONCONN_IND,37,37,5,-1,0,-1,-1,1739,32,8,unknown
3897.4770000000062,D4:C2:6F:DF:ED:6B,6beddf6fc2d40eff4c001219005252d170372e2ef21900e56a4a4cdf31a81fa26c81a85c14,-24822.0,55526.0,-97488.0,105866.0,-99951.0,,0,0,0,0,0,0,1,2,ADV_NONCONN_IND,37,37,3,-1,0,-1,-1,5586,32,8,unknown
3898.015999999996,C5:7E:CB:CA:08:1C,1c08cacb7ec51eff4c001219001da5da48afa16ca83656c379ccb4406b56273b3b98005080,-34118.0,91753.0,-147074.0,71494.0,-140672.0,,0,0,0,0,0,0,1,2,ADV_NONCONN_IND,37,37,11,-1,0,-1,-1,4063,31,7,unknown
3898.015999999996,FA:B8:97:09:B3:69,69b30997b8fa1eff4c001219004b7ff014a94d1e839e3b121a5c67097f9daa4ee15dd00200,-38312.0,78158.0,-85655.0,90612.0,-126822.0,,0,0,0,0,0,0,1,2,ADV_NONCONN_IND,37,37,10,-1,0,-1,-1,1706,32,8,unknown
3898.859000000004,55:74:CE:28:68:7E,7e6828ce74550201021816aafe40cb132dabb989581c1fa4cd1ba56961a88207baf8,-38982.0,75210.0,-91455.0,59854.0,-124937.0,,0,0,0,0,0,1,1,0,ADV_IND,34,37,5,-1,0,-1,-1,3657,32,8,unknown
3898.859000000004,F2:EC:DC:D8:97:9C,9c97d8dcecf21eff4c00121900a0d46e38926e6cf44595e6973a330313a3f59b8f55c10000,-25798.0,53576.0,-120654.0,62238.0,-128134.0,,0,0,0,0,0,0,1,2,ADV_NONCONN_IND,37,37,14,-1,0,-1,-1,4846,32,8,unknown
3899.741000000002,D8:AE:AD:BC:66:79,7966bcadaed81eff4c001219001667ffaaaf8477e9aa984b7a28d5cf36023ee7503c6c0300,-1698.0,87441.0,-95117.0,88198.0,-124036.0,,0,0,0,0,0,1,1,2,ADV_NONCONN_IND,37,37,7,-1,0,-1,-1,5702,32,8,unknown
3900.916999999994,55:74:CE:28:68:7E,7e6828ce74550201021816aafe40cb132dabb989581c1fa4cd1ba56961a88207baf8,-23953.0,65112.0,-100991.0,101400.0,-145891.0,,0,0,0,0,0,1,1,0,ADV_IND,34,37,6,-1,0,-1,-1,3899,32,8,unknown
3901.184000000001,D8:AE:AD:BC:66:79,7966bcadaed81eff4c001219001667ffaaaf8477e9aa984b7e28d5cf36023ee750346c4300,-21317.0,72182.0,-86837.0,96511.0,-93827.0,,0,0,0,0,0,0,1,2,ADV_NONCONN_IND,37,37,8,-1,0,-1,-1,6476,32,8,unknown
3902.5499999999956,C7:BB:03:0B:29:EE,ee290b03bbc71aff4c0012192ad893f76037fd084beaca1ec957c24d3010556b777a1200d6,-1449.0,79137.0,-71593.0,51399.0,-93715.0,,0,0,0,0,0,0,1,0,ADV_IND,37,37,7,-1,0,-1,-1,3480,32,8,unknown
3912.7710000000006,55:74:CE:28:68:7E,7e6828ce74550201021816aafe40cb132dabb989581c1fa4cd1ba56961a88207baf8,-23764.0,77397.0,-91054.0,73219.0,-148582.0,,0,0,0,0,0,1,1,0,ADV_IND,34,37,4,-1,0,-1,-1,2145,32,8,unknown
3912.7710000000006,D8:AE:AD:BC:66:79,7966bcadaed81eff4c001219001667ffaaaf8477e9ab986b7a2ad54f360a6c6750b46c0204,-11705.0,95840.0,-97577.0,73570.0,-108330.0,,0,0,0,0,0,0,1,2,ADV_NONCONN_IND,37,37,0,-1,0,-1,-1,3647,32,7,unknown
3912.7710000000006,D4:C2:6F:DF:ED:6B,6beddf6fc2d41eff4c00121900bb5455f2332e2ef21900ed6a4a4cdf31a81fa26c81a87c15,-11128.0,28166.0,-102913.0,100613.0,-96274.0,,0,0,0,0,0,0,1,2,ADV_NONCONN_IND,37,37,2,-1,0,-1,-1,1794,32,8,unknown
3913.295999999995,55:74:CE:20:68:7E,7e6820ce74550201021816aafe40cb132d27f1ad4c1457e5c75b35df438ac0138ad9,-13226.0,66177.0,-109652.0,76736.0,-123602.0,,0,0,0,0,0,0,1,0,ADV_IND,34,37,6,-1,0,-1,-1,4223,32,8,unknown
3913.565999999999,C4:F5:FA:46:72:80,807246faf5c41eff4c001219102f17467fe0e9b334798b9f5f1bab65518b5dddd1151e0319,-3645.0,82342.0,-104258.0,77189.0,-126975.0,,0,0,0,0,0,0,1,2,ADV_NONCONN_IND,37,37,9,-1,0,-1,-1,1938,31,7,unknown
3913.565999999999,D8:AE:AD:BC:66:79,7966bcadaed81eff4c001219001667ffaaaf8477e9aa984b7a28d5cf1ec87e7f57929e7c14,-22927.0,98303.0,-96768.0,67684.0,-111805.0,,0,0,0,0,0,0,1,2,ADV_NONCONN_IND,37,37,15,-1,0,-1,-1,4013,32,8,unknown
3913.565999999999,D4:C2:6F:DF:ED:6B,6beddf6fc2d41eff4c001219005252d11816ffa8b15bcf73ccf8c5f267c2da5927ba000300,675.0,54244.0,-71428.0,90939.0,-142514.0,,0,0,0,0,0,1,1,2,ADV_NONCONN_IND,37,37,6,-1,0,-1,-1,5599,32,8,unknown
3913.8240000000005,FA:B8:97:09:B3:69,69b30997b8fa0eff4c001219004b7ff014a94d1ec31e3b121a5ce7087b9daa4ee85dd00220,-21450.0,66571.0,-81421.0,67026.0,-118431.0,,0,0,0,0,0,0,1,2,ADV_NONCONN_IND,37,37,4,-1,0,-1,-1,1451,32,8,unknown
3913.8240000000005,CB:4F:6F:D7:B5:E6,e6b5d76f4fcb0201060303edfe0d16edfe0200baa39f6a6dd45981,-2760.0,42905.0,-54621.0,98010.0,-84091.0,,0,0,0,0,0,0,1,0,ADV_IND,27,37,4,-1,0,-1,-1,4536,32,7,unknown
3914.0940000000046,55:74:CE:28:68:7E,7e6828ce74550201021816aafe40cb132dabb989581c1fa4cd1ba56961a88207baf8,-19481.0,78679.0,-108791.0,87884.0,-155774.0,,0,0,0,0,0,1,1,0,ADV_IND,34,37,11,-1,0,-1,-1,2061,32,8,unknown
3914.635000000002,FA:B8:97:09:B3:69,69b30997b8fa1eff4c001219004b7ff014a94d1e839e3b121a5c67097f9daa4ee15dd00200,-32625.0,88224.0,-86423.0,99777.0,-133250.0,,0,0,0,0,0,1,1,2,ADV_NONCONN_IND,37,37,8,-1,0,-1,-1,4878,32,8,unknown
3914.889000000003,55:74:CE:28:68:7E,7e6828ce74550201021816aafe40cb132dabb989581c1fe5c71bb5c9438ac203aad9,-18018.0,53104.0,-109918.0,84544.0,-99764.0,,0,0,0,0,0,0,1,0,ADV_IND,34,37,4,-1,0,-1,-1,3521,32,8,unknown
3915.409999999996,E7:BB:03:0B:29:EE,ee290b03bbe71eff4c0012192ac89bf7607dfd084beaca1ac957e2411858556e777a8290d6,-7601.0,60129.0,-66119.0,67182.0,-116375.0,,0,0,0,0,0,0,1,0,ADV_IND,37,37,9,-1,0,-1,-1,2933,31,7,unknown
3915.409999999996,FA:B8:9F:09:B3:69,69b3099fb8fa1eff4c001219004b7ff014a94d1e839e3b131a5c67097f9daa4ee15d507295,-18271.0,117318.0,-119504.0,88213.0,-142247.0,,0,0,0,0,0,0,1,2,ADV_NONCONN_IND,37,37,10,-1,0,-1,-1,6343,30,7,unknown
3915.6819999999934,55:74:CE:28:68:7E,7e6828ce74550201021816aafe40cb132dabb989581c1fa4cd1ba56961a88207baf8,-22763.0,117740.0,-130866.0,89432.0,-146499.0,,0,0,0,0,0,1,1,0,ADV_IND,34,37,12,-1,0,-1,-1,2494,31,7,unknown
3915.935000000005,D4:C2:6E:DF:ED:6B,6beddf6ec2d41eff4c001219005252d11816ffacf05901ed6aca44df318a5ea36c81a06e11,-28359.0,50874.0,-94101.0,82700.0,-106302.0,,0,0,0,0,0,0,1,2,ADV_NONCONN_IND,37,37,0,-1,0,-1,-1,7018,32,8,unknown
3915.935000000005,FA:B8:97:09:B3:69,69b30997b8fa1eff4c001219004b7ff014a94d1e831e3b121a5c77087f9daa4ee15f506295,-11613.0,91262.0,-103606.0,75432.0,-142233.0,,0,0,0,0,0,0,1,2,ADV_NONCONN_IND,37,37,0,-1,0,-1,-1,4498,32,8,unknown
3916.1990000000005,55:74:CE:28:68:7E,7e6828ce74550201021816aafe40cb132dabb989581c1fa4cd1ba56963a88207aaf8,-15036.0,64774.0,-95351.0,71422.0,-110245.0,,0,0,0,0,0,0,1,0,ADV_IND,34,37,7,-1,0,-1,-1,3772,32,8,unknown
3916.1990000000005,EF:E4:03:39:5F:E1,e15f3903e4ef02010e0d16edfe02006ef7022e0a7d3be90303edfe,-8430.0,77385.0,-43634.0,74238.0,-98557.0,,0,0,0,0,0,0,1,2,ADV_NONCONN_IND,27,37,0,-1,0,-1,-1,2317,32,7,unknown
3916.466999999997,F7:BB:03:0B:29:EE,ee290b03bbf71aff4c0012192ac893f76075fd0c4beaca1ac957e2411858556e777a0004d2,-8259.0,78362.0,-99454.0,74174.0,-102479.0,,0,0,0,0,0,0,1,0,ADV_IND,37,37,13,-1,0,-1,-1,3912,32,8,unknown
3916.466999999997,FA:B8:97:09:B3:69,69b30997b8fa0eff4c001219000b7ff014a94d1e839e3b121a5867097f9daa4ee15dd00200,-2667.0,76292.0,-103999.0,77272.0,-112259.0,,0,0,0,0,0,0,1,2,ADV_NONCONN_IND,37,37,11,-1,0,-1,-1,7094,32,7,unknown
3916.466999999997,CB:4F:6F:D7:B5:E6,e6b5d76f4fcb0201060303edfe0d16edfe0200baa39d6a4dd45981,-3881.0,79466.0,-50483.0,77306.0,-114963.0,,0,0,0,0,0,1,1,0,ADV_IND,27,37,2,-1,0,-1,-1,5651,32,8,unknown
3916.7270000000062,55:74:CE:28:68:7E,7e6828ce74550281021816aafe40c9132daba989581c1da4cd1ba56961a88207baf8,-23015.0,102099.0,-118289.0,88183.0,-149404.0,,0,0,0,0,0,0,1,0,ADV_IND,34,37,5,-1,0,-1,-1,3479,32,7,unknown
3916.985999999997,CA:42:EB:32:B2:DC,dcb232eb42ca0201060303edfe0d16edfe020072f73edd5e441300,5637.0,72790.0,-51933.0,78112.0,-123548.0,,0,0,0,0,0,0,1,6,ADV_SCAN_IND,27,37,15,-1,0,-1,-1,7280,31,8,unknown
3916.985999999997,E7:BB:03:0B:29:EE,ee290b03bbe71eff4c0012192ac893f76475fd084beaca1ac947e245184855ee777a8200d7,-3457.0,55970.0,-91890.0,68706.0,-82377.0,,0,0,0,0,0,0,1,0,ADV_IND,37,37,14,-1,0,-1,-1,3545,32,8,unknown
3916.985999999997,FA:B8:97:09:B3:69,69b30997b8fa1eff4c001219004b7ff014a94d1e839e3b121a5c67097f9daa4ee1ddd00204,-2328.0,68086.0,-90832.0,92442.0,-129939.0,,0,0,0,0,0,0,1,2,ADV_NONCONN_IND,37,37,5,-1,0,-1,-1,6955,31,7,unknown
3917.6540000000023,55:74:CE:28:68:7E,7e6828ce74550201021816aafe40cb132dabb989581c1fa4cd1ba56961a88207baf8,-11368.0,82369.0,-109388.0,75728.0,-143252.0,,0,0,0,0,0,1,1,0,ADV_IND,34,37,1,-1,0,-1,-1,3953,32,7,unknown
3918.7319999999963,FA:B8:97:09:B3:69,69b30997b8fa0aff4c001219004b7ff014a94d1e831f3bd21b1c258a3f8daa0b8f5d505690,-24464.0,81199.0,-94257.0,76783.0,-107025.0,,0,0,0,0,0,0,1,2,ADV_NONCONN_IND,37,37,9,-1,0,-1,-1,2764,32,8,unknown
3919.4979999999996,55:74:CE:28:68:7E,7e6828ce74550201021816aafe40cb132dabb989581c1fa4cd1ba56961a88207baf8,-23031.0,56566.0,-98194.0,85044.0,-125095.0,,0,0,0,0,0,1,1,0,ADV_IND,34,37,3,-1,0,-1,-1,5103,32,8,unknown
3920.2469999999958,CA:42:EB:32:B2:DA,dab232eb42ca0201060303edfe0d16edfe020072f73edc5e441300,-2050.0,67768.0,-54900.0,81315.0,-110487.0,,0,0,0,0,0,1,1,0,ADV_IND,27,37,15,-1,0,-1,-1,6533,32,8,unknown
3920.2469999999958,CB:4F:6F:D7:B5:E6,e6b5d76f4fcb0201060303edfe0d16edfe0200baa39d6a4dd45981,13114.0,85485.0,-93789.0,103678.0,-108939.0,,0,0,0,0,0,1,1,0,ADV_IND,27,37,4,-1,0,-1,-1,3274,31,7,unknown
3921.2089999999953,55:74:CE:28:68:7E,7e6828ce74550201021816aafe40cb132dabb989581c1fa4cd1ba56961a88207baf8,-30894.0,54109.0,-94486.0,67541.0,-105496.0,,0,0,0,0,0,1,1,0,ADV_IND,34,37,10,-1,0,-1,-1,6980,32,7,unknown
3921.2089999999953,D8:AE:AD:BC:66:79,7966bcadaed81eff4c001219001667ffaaaf8441cea32bf17b2ad4c13bc82f6f57c23e5414,-3824.0,96940.0,-101870.0,87165.0,-106787.0,,0,0,0,0,0,0,1,2,ADV_NONCONN_IND,37,37,15,-1,0,-1,-1,4797,32,8,unknown
3923.106000000007,55:74:CE:28:68:7E,7e6828ce74550201021816aafe40cb132dabb989581c1fa4cd1ba56961a88207baf8,-25017.0,74198.0,-97564.0,94994.0,-143459.0,,0,0,0,0,0,1,1,0,ADV_IND,34,37,12,-1,0,-1,-1,6220,32,8,unknown
3923.106000000007,D8:AE:AD:BC:66:79,7966bcadaed81eff4c001219001467ffaaaf8477e9aa984b7a28d5cf36023ee7503c6c0300,-8159.0,77211.0,-76523.0,94482.0,-122521.0,,0,0,0,0,0,0,1,2,ADV_NONCONN_IND,37,37,15,-1,0,-1,-1,7560,31,8,unknown
3925.0210000000006,55:74:CE:28:68:7E,7e6828ce74550201021816aafe40cb132dabb989581c1fa4cd1ba56961a88207baf8,-29187.0,65536.0,-92924.0,68035.0,-107421.0,,0,0,0,0,0,0,1,0,ADV_IND,34,37,7,-1,0,-1,-1,5414,32,8,unknown
3925.8140000000058,D8:AE:AD:BC:66:79,7966bcadaed81eff4c001219001667ffaaaf8437e9aa984b7a28d5cf36821ce75034680602,2618.0,65996.0,-94909.0,87432.0,-101816.0,,0,0,0,0,0,0,1,2,ADV_NONCONN_IND,37,37,9,-1,0,-1,-1,2917,32,7,unknown
3926.678000000007,FE:B8:97:09:B3:68,68b30997b8fe1eff4c001219004b7ff214a94d1e839e3b13115c1583bf8fae0b8bfb505694,-12100.0,63772.0,-93859.0,86816.0,-106801.0,,0,0,0,0,0,0,1,2,ADV_NONCONN_IND,37,37,12,-1,0,-1,-1,2982,32,7,unknown
3927.243999999999,55:74:D2:28:68:7E,7e6828d274550281021816aafe40cb132dabb98d581c1fa4cd1ba56961a88207baf8,-16640.0,86277.0,-132904.0,85630.0,-133620.0,,0,0,0,0,0,0,1,2,ADV_NONCONN_IND,34,37,10,-1,0,-1,-1,4440,30,8,unknown
3929.465000000004,55:74:CE:20:6C:EE,ee6c20ce74550209021816aafe40cb132dabb989581c1fa4cd1ba56961a88207baf8,-17831.0,105330.0,-117781.0,93610.0,-145796.0,,0,0,0,0,0,0,1,2,ADV_NONCONN_IND,34,37,8,-1,0,-1,-1,1124,32,7,unknown
3931.756000000001,55:74:CE:28:68:7E,7e6828ce74550201021816aafe40cb132dabb989581c1fa4cd1ba56961a88207baf8,-24475.0,86225.0,-118987.0,99715.0,-155166.0,,0,0,0,0,0,1,1,0,ADV_IND,34,37,7,-1,0,-1,-1,5935,31,7,unknown
3933.3499999999985,5B:74:CE:2A:68:7E,7e682ace745b0201021816aafe40cb132dabb989581c1fa4cd1ba56961a88207baf8,-16842.0,93192.0,-107340.0,87088.0,-139748.0,,0,0,0,0,0,0,1,2,ADV_NONCONN_IND,34,37,10,-1,0,-1,-1,1924,32,7,unknown
3944.405000000006,55:74:CE:28:68:7E,7e6828ce74550201021816aafe40cb132dabb989581c1fa4cd1ba56961a88207baf8,-37082.0,91338.0,-97515.0,73982.0,-152021.0,,0,0,0,0,0,1,1,0,ADV_IND,34,37,8,-1,0,-1,-1,5648,32,7,unknown
3945.1500000000015,DC:7A:B3:75:1C:D6,d61c75b37adc1eff4c001219002e272c9e24a134b6a43eda9171d6673e0ffdf886c1cc0022,-28744.0,79607.0,-72982.0,72780.0,-125124.0,,0,0,0,0,0,0,1,2,ADV_NONCONN_IND,37,37,11,-1,0,-1,-1,2096,31,8,unknown
3945.405000000006,55:74:CE:28:68:7E,7e6828ce74550201021816aafe40cb132dabb989581c1fa4cd1ba5696182c207baf9,-16600.0,49886.0,-88503.0,71298.0,-121469.0,,0,0,0,0,0,0,1,0,ADV_IND,34,37,14,-1,0,-1,-1,7665,32,8,unknown
3945.9259999999995,D4:78:B3:75:1C:D6,d61c75b378d41eff4c001219002e26ac9e24a934b6b43eda9171d6673e0ff5f886c1cd0000,-13098.0,82883.0,-93796.0,98067.0,-121313.0,,0,0,0,0,0,1,1,2,ADV_NONCONN_IND,37,37,0,-1,0,-1,-1,5653,30,8,unknown
3946.186999999998,55:74:CE:28:68:7E,7e6828ce74550201021816aafe40cb132dabb989581c1fa4cd1ba56961a88207baf8,-29381.0,89258.0,-111776.0,103945.0,-152643.0,,0,0,0,0,0,1,1,0,ADV_IND,34,37,0,-1,0,-1,-1,1383,32,7,unknown
3946.186999999998,D8:AE:AD:BC:66:79,7966bcadaed81eff4c001219001e65ffaaaf8477e9aa984b7a28d5cf36023ee7503e6c0310,-13066.0,74704.0,-77435.0,96272.0,-101512.0,,0,0,0,0,0,0,1,2,ADV_NONCONN_IND,37,37,6,-1,0,-1,-1,2515,31,8,unknown
3946.962999999996,55:74:CE:20:68:7E,7e6820ce74550201021816aafe108916686d8dbe063ae806ee3bfc80329d330f22a0,-20863.0,51161.0,-102400.0,74107.0,-100782.0,,0,0,0,0,0,0,1,0,ADV_IND,34,37,13,-1,0,-1,-1,5545,30,7,unknown
3947.4789999999994,55:74:CE:28:68:7E,7e6828ce74550201021816aafe40cb132dabb989581c1fa4cd1ba56961a88207baf8,-30507.0,86667.0,-104326.0,83275.0,-156533.0,,0,0,0,0,0,1,1,0,ADV_IND,34,37,3,-1,0,-1,-1,2197,32,7,unknown
3947.993999999999,D4:78:B3:75:1C:D6,d61c75b378d41aff4c001219002ea6ae9e24a930b6b4beda9171d6673e0ff5f886c1cd0000,-8405.0,88120.0,-74355.0,92325.0,-114487.0,,0,0,0,0,0,0,1,2,ADV_NONCONN_IND,37,37,1,-1,0,-1,-1,2925,32,7,unknown
3948.2530000000042,55:74:CE:28:68:7E,7e6828ce74550201021816aafe40cb122d2bf1894c1c1fa4cd1ba56961a88207baf8,-14741.0,69556.0,-108184.0,75030.0,-124648.0,,0,0,0,0,0,0,1,0,ADV_IND,34,37,11,-1,0,-1,-1,7270,32,8,unknown
3949.037000000004,55:74:CE:28:68:7E,7e6828ce74550201021816aafe40cb132dabb989581c1fa4cd1ba56961a88207aaf8,-31458.0,65042.0,-101501.0,71308.0,-117146.0,,0,0,0,0,0,0,1,0,ADV_IND,34,37,5,-1,0,-1,-1,3501,32,8,unknown
3949.855000000003,55:74:CE:28:68:7E,7e6828ce74550201021816aafe40cb132dabb989581c1fa4cd1ba56961a88207baf8,-13135.0,60508.0,-83982.0,64566.0,-138616.0,,0,0,0,0,0,1,1,0,ADV_IND,34,37,7,-1,0,-1,-1,6452,32,8,unknown
3950.768999999993,D4:78:B3:75:1C:D6,d61c75b378d41eff4c001219002e26ac9e24a934b4b43edb9171d6673e0ff5f886c1cde02a,886.0,69121.0,-98638.0,94369.0,-101426.0,,0,0,0,0,0,0,1,2,ADV_NONCONN_IND,37,37,1,-1,0,-1,-1,3096,32,8,unknown
3951.2190000000046,D8:AE:AD:BC:66:79,7966bcadaed81eff4c001219001667ffaaaf8477e9aa984b7a28d5cf36023ee7503c6c0300,0.0,88208.0,-104410.0,87632.0,-124536.0,,0,0,0,0,0,0,1,2,ADV_NONCONN_IND,37,37,1,-1,0,-1,-1,7339,30,8,unknown
3951.2190000000046,55:74:CE:28:68:7E,7e6828ce74550201021816aafe40cb132dabb989581c1fa4cd1ba56961a88207baf8,-19673.0,85270.0,-101804.0,90257.0,-151926.0,,0,0,0,0,0,1,1,0,ADV_IND,34,37,4,-1,0,-1,-1,3917,32,7,unknown
3952.946999999993,D4:78:B3:75:1C:D6,d61c75b378d41eff4c001219002e26ac9e24a934b6aefa39c4cfc5151d4e8872bc144e7d94,353.0,79037.0,-97730.0,82972.0,-90661.0,,0,0,0,0,0,0,1,2,ADV_NONCONN_IND,37,37,1,-1,0,-1,-1,4133,32,8,unknown
3953.5290000000023,55:74:CE:28:68:7E,7e6828ce74550201021816aafe40cb132dabb989581c1fa4cd1ba56961a8820fbaf8,-19964.0,81709.0,-106849.0,95711.0,-143900.0,,0,0,0,0,0,0,1,0,ADV_IND,34,37,10,-1,0,-1,-1,7187,32,7,unknown
3956.0999999999985,55:74:CE:28:78:7E,7e7828ce74550201021816aafe40cb132dabb989581c1fa4cd1ba569218c8207baf8,-21435.0,68186.0,-97236.0,89659.0,-122510.0,,0,0,0,0,0,0,1,0,ADV_IND,34,37,1,-1,0,-1,-1,1401,32,8,unknown
3957.019999999997,D4:78:B3:75:1C:D6,d61c75b378d41eff4c001219002e26ac9e24a934b6b43eda9171d6673e0ef5f886c1cd0000,-16816.0,73649.0,-77952.0,81961.0,-95172.0,,0,0,0,0,0,0,1,2,ADV_NONCONN_IND,37,37,4,-1,0,-1,-1,2966,32,8,unknown
3958.2000000000044,55:74:CE:28:68:7E,7e6828ce74550201021816aafe40cb132dabb9895c1c1f24cd1ba5c9238d330d22a0,-26210.0,72095.0,-109710.0,71935.0,-113604.0,,0,0,0,0,0,0,1,0,ADV_IND,34,37,9,-1,0,-1,-1,5592,32,8,unknown
3959.545999999995,55:74:DE:00:68:7E,7e6800de74550201021816aafe40cb122dabb989581c1fa4cd1ba56961a88207baf8,-9351.0,67773.0,-116728.0,86585.0,-115829.0,,0,0,0,0,0,0,1,2,ADV_NONCONN_IND,34,37,11,-1,0,-1,-1,7503,32,7,unknown
3960.8970000000045,D4:78:B3:75:1C:D6,d61c75b378d41eff4c001219002e26ac9e24a934b6b43eda9171d6673e0ff5f886c1cd0000,0.0,86495.0,-109550.0,107437.0,-142929.0,,0,0,0,0,0,1,1,2,ADV_NONCONN_IND,37,37,11,-1,0,-1,-1,5570,32,8,unknown
3961.5579999999973,55:74:CE:28:68:7E,7e6828ce74550201021816aafe40cb132dabb989581c0fa4cd1ba56961a88207baf8,-49644.0,64142.0,-104834.0,84092.0,-122779.0,,0,0,0,0,0,0,1,0,ADV_IND,34,37,0,-1,0,-1,-1,1729,32,8,unknown
3961.5579999999973,CF:50:72:2B:9A:6A,6a9a2b7250cf1eff4c001219004a76b17a3d91b6b228b1e1363afe7d2ef01a6a9db0284902,-5262.0,57449.0,-96413.0,82742.0,-95852.0,,0,0,0,0,0,0,1,2,ADV_NONCONN_IND,37,37,6,-1,0,-1,-1,1709,32,8,unknown
3964.133999999998,55:74:CE:28:68:7E,7e6828ce74550201021816aafe40cb132dabb989581c1fa4cd1ba56961a88207baf8,-20380.0,64821.0,-103223.0,83281.0,-119439.0,,0,0,0,0,0,1,1,0,ADV_IND,34,37,0,-1,0,-1,-1,6159,32,8,unknown
3974.7769999999946,D4:78:B3:75:1C:D6,d61c75b378d41eff4c001219002e26ac9e24a934b6b43eda9151d6673e0f0df886d1cc002a,-21385.0,78624.0,-80925.0,84886.0,-89088.0,,0,0,0,0,0,0,1,2,ADV_NONCONN_IND,37,37,12,-1,0,-1,-1,6677,32,8,unknown
3975.030000000006,D8:AE:AD:BC:66:79,7966bcadaed81eff4c001219001667ffa8afa477e9aa984b7a28f5c736023ce7503c6c0700,-10491.0,87331.0,-86924.0,78558.0,-98273.0,,0,0,0,0,0,0,1,2,ADV_NONCONN_IND,37,37,8,-1,0,-1,-1,1272,31,8,unknown
3975.030000000006,55:74:CE:28:68:7E,7e6828ce74550201021816aafe40cb132dabb989581c1fa4cd1ba56961a88207baf8,-9521.0,59400.0,-86075.0,68019.0,-129278.0,,0,0,0,0,0,0,1,0,ADV_IND,34,37,14,-1,0,-1,-1,1705,32,8,unknown
3975.3050000000003,D4:78:B3:75:1C:D6,d61c75b378d41eff4c001219002e26a89e24a934b6b43eda9173d4473e0ff5f886d14d7500,11326.0,73547.0,-80982.0,72255.0,-110066.0,,0,0,0,0,0,0,1,2,ADV_NONCONN_IND,37,37,6,-1,0,-1,-1,5275,32,8,unknown
3976.087000000007,D4:78:B3:75:1C:D6,d61c75b378d41eff4c001219002e26ac9e24a934b6b43eda9171d6673e0ff5f886c1cd0000,-3187.0,76604.0,-81669.0,100588.0,-135354.0,,0,0,0,0,0,1,1,2,ADV_NONCONN_IND,37,37,7,-1,0,-1,-1,5703,32,8,unknown
3976.605000000003,55:74:CE:20:68:7E,7e6820ce74550201021816aafe40cb132dabb989581c1fa4cd1ba56961a88207baf8,-36787.0,95932.0,-124676.0,95016.0,-148386.0,,0,0,0,0,0,0,1,2,ADV_NONCONN_IND,34,37,12,-1,0,-1,-1,1834,31,7,unknown
3976.867999999995,D4:78:B3:75:1C:D6,d61c75b378d41eff4c001219002e262c9d24e134bea43edad171d6673e0ff578863c4c5d95,-18265.0,99507.0,-68725.0,78284.0,-97822.0,,0,0,0,0,0,0,1,2,ADV_NONCONN_IND,37,37,10,-1,0,-1,-1,3343,32,7,unknown
3977.3780000000042,55:74:CE:22:68:7E,7e6822ce74550201021016aafe40cb132dabb989581c1fa4cd1ba56961a88207baf8,-26181.0,79546.0,-131723.0,81999.0,-126178.0,,0,0,0,0,0,0,1,2,ADV_NONCONN_IND,34,37,4,-1,0,-1,-1,6104,31,7,unknown
3977.882000000005,D4:78:B3:75:1C:D6,d61c75b378d41eff4c001219002e26a8de2ca934b2343eda91f1d6433e0fc5f886c3cc1000,599.0,68428.0,-84347.0,66396.0,-84427.0,,0,0,0,0,0,0,1,2,ADV_NONCONN_IND,37,37,12,-1,0,-1,-1,2405,32,8,unknown
3978.1489999999976,FA:B8:97:09:B3:69,69b30997b8fa1eff4c001219000a7fd255ab4d1c839f39123e5c27097f9ca84ee155d05200,-38648.0,78662.0,-102422.0,71747.0,-101807.0,,0,0,0,0,0,0,1,2,ADV_NONCONN_IND,37,37,4,-1,0,-1,-1,2737,32,7,unknown
3978.644999999997,55:74:CE:28:68:7E,7e6828ce74550201021816aafe40cb122dabb989043acd06ea3bfc82329d330d22a0,-17286.0,59874.0,-99387.0,80379.0,-114633.0,,0,0,0,0,0,0,1,0,ADV_IND,34,37,13,-1,0,-1,-1,6960,32,8,unknown
3979.133999999998,D4:78:B3:75:1C:D6,d61c75b378d41eff4c001219002e26ac9e24a934b6b43eda9171d6673e0ff5f886c1cd0000,-17761.0,96455.0,-82095.0,91612.0,-116496.0,,0,0,0,0,0,1,1,2,ADV_NONCONN_IND,37,37,1,-1,0,-1,-1,2867,31,8,unknown
3979.3930000000037,55:74:CE:20:68:7E,7e6820ce74550201021816aafe40cb132dabb989581c1fa4cd1ba56961a88207baf8,-11749.0,72119.0,-98884.0,80375.0,-156363.0,,0,0,0,0,0,0,1,0,ADV_IND,34,37,11,-1,0,-1,-1,5753,32,8,unknown
3979.6299999999974,FA:B8:97:09:B3:69,69b30997b8fa1eff4c001219005b7ff055a9691c839639161bdc67487b8db80aa817f03622,-3449.0,59912.0,-90264.0,48613.0,-126538.0,,0,0,0,0,0,0,1,2,ADV_NONCONN_IND,37,37,9,-1,0,-1,-1,1295,32,8,unknown
3980.3729999999996,FA:B8:97:09:B3:69,69b30997b8fa1eff4c001219004b7ff014a94d1e839e3b121a5c67097f9daa4ee15dd00200,-10342.0,63763.0,-95309.0,95337.0,-119417.0,,0,0,0,0,0,1,1,2,ADV_NONCONN_IND,37,37,0,-1,0,-1,-1,7016,31,7,unknown
3981.839,55:74:CE:28:68:7E,7e6828ce74550201021816aafe40cb132dabb989581c1fa4f9bb546f9b876b086e8c,-25461.0,72588.0,-99471.0,77773.0,-140674.0,,0,0,0,0,0,0,1,0,ADV_IND,34,37,12,-1,0,-1,-1,1846,32,8,unknown
3982.1990000000005,FB:B8:97:01:B3:69,69b30197b8fb1eff4c001219000b7ff014a94d1e839e3b121a5c27097f8daa4ee15fd00200,-20778.0,66388.0,-66385.0,97187.0,-81713.0,,0,0,0,0,0,0,1,2,ADV_NONCONN_IND,37,37,5,-1,0,-1,-1,7035,31,7,unknown
3984.033000000003,55:74:CE:28:68:7E,7e6828ce74550201021816aafe40cb132d2badac063ae906ea3bfc92329d320d22a0,-27152.0,56744.0,-112569.0,87775.0,-94771.0,,0,0,0,0,0,0,1,0,ADV_IND,34,37,4,-1,0,-1,-1,2796,32,8,unknown
3985.892,55:74:CE:28:68:7E,7e6828ce74550201021816aafe40cb132dabb989581c1fa4cd1ba56961a88207baf8,-20766.0,66174.0,-99324.0,72442.0,-130668.0,,0,0,0,0,0,1,1,0,ADV_IND,34,37,5,-1,0,-1,-1,4049,32,8,unknown
3989.4289999999964,E7:3A:E7:0E:7A:0A,0a7a0ee73ae706ff4c0012190096b96651c96d8008c2f2b79193472e115715f57f245b0000,-20437.0,57857.0,-88270.0,66495.0,-120481.0,,0,0,0,0,0,0,1,2,ADV_NONCONN_IND,37,37,11,-1,0,-1,-1,6452,32,8,unknown
3991.413999999997,D4:78:B3:75:1C:D6,d61c75b378d41aff4c001219002e26ac9e24a9e0f5b47c39c5ced4151d4e9872bcb44f7d94,-9663.0,79788.0,-112313.0,89148.0,-108904.0,,0,0,0,0,0,0,1,2,ADV_NONCONN_IND,37,37,8,-1,0,-1,-1,2450,32,7,unknown
3991.760000000002,55:74:CE:28:68:7E,7e6828ce74550201021816aafe40d9172dab19a52d2bd3d7f9bb74ef9b8f7b086e84,-2220.0,63017.0,-100601.0,76298.0,-134029.0,,0,0,0,0,0,0,1,0,ADV_IND,34,37,10,-1,0,-1,-1,5986,32,8,unknown
3992.690999999999,D4:78:B3:75:5C:D6,d65c75b378d41eff4c001219002ea6ac9624a934b6b43eda9179d6673e8f0f9ebaf3277145,-18012.0,36936.0,-80976.0,99149.0,-86297.0,,0,0,0,0,0,0,1,2,ADV_NONCONN_IND,37,37,3,-1,0,-1,-1,5330,32,8,unknown
3993.341999999997,FC:B4:0B:44:EF:E1,e1ef440bb4fc1eff4c00121900559c262c0964164c37fc1c240d0e28c70f19d889cad70000,-24474.0,49617.0,-96140.0,106182.0,-141019.0,,0,0,0,0,0,1,1,2,ADV_NONCONN_IND,37,37,15,-1,0,-1,-1,2241,32,7,unknown
3994.344999999994,55:74:CE:28:68:7E,7e6828ce74550201021816aafe40cb132dabb989581c1fa4cd1ba56961a88207baf8,-21389.0,67920.0,-94098.0,70434.0,-122499.0,,0,0,0,0,0,1,1,0,ADV_IND,34,37,2,-1,0,-1,-1,2668,29,8,unknown
4004.9219999999987,D4:78:B3:75:1C:D6,d61c75b378d41eff4c001219002e26ac9e24a934b6b43eda9171d6673e0ff5f886c1cd0000,0.0,70552.0,-83891.0,90823.0,-110838.0,,0,0,0,0,0,1,1,2,ADV_NONCONN_IND,37,37,10,-1,0,-1,-1,5754,32,8,unknown
4005.4329999999973,55:74:CE:28:68:7E,7e6828ce74550201021816aafe40cb132dabb989581c1fa4cd1ba56961a88207aab0,-36023.0,101659.0,-106858.0,82129.0,-147175.0,,0,0,0,0,0,0,1,0,ADV_IND,34,37,5,-1,0,-1,-1,1094,32,7,unknown
4005.686999999998,D4:78:B3:75:1C:D6,d61c75b378d416ff4c001219002e26ac9c24a934b6b43eda9171d6673e0ff5f886c1cd0000,-4083.0,80927.0,-94928.0,67594.0,-83555.0,,0,0,0,0,0,0,1,2,ADV_NONCONN_IND,37,37,15,-1,0,-1,-1,4643,32,8,unknown
4006.2000000000044,55:74:CE:28:68:7E,7e6828ce74550201021816aafe40cb132dabb989581c1fa4cd1ba56961a88207baf8,-20449.0,93399.0,-109894.0,74856.0,-141927.0,,0,0,0,0,0,1,1,0,ADV_IND,34,37,15,-1,0,-1,-1,2715,32,7,unknown
4006.465999999993,D4:78:B3:75:1C:D6,d61c75b378d41eff4c001219002e26ac9e24a934b6b43eda9171d6673e0ff5f886c1cd0000,-8617.0,73681.0,-93945.0,99525.0,-113255.0,,0,0,0,0,0,1,1,2,ADV_NONCONN_IND,37,37,1,-1,0,-1,-1,4668,32,8,unknown
4006.989999999998,55:74:CE:28:7A:3E,3e7a28ce74550201021816aafe40cb132dabb989581c17a4cd1ba56963a88207baf8,-19886.0,56745.0,-95123.0,75488.0,-115656.0,,0,0,0,0,0,0,1,0,ADV_IND,34,37,4,-1,0,-1,-1,6312,32,8,unknown
4007.519999999997,D4:78:B3:75:1C:D6,d61c75b378d41eff4c001219002e26ac9e24a934b6b43eda9171d6673e0ff5f886c1cd0000,-28222.0,110775.0,-99936.0,95651.0,-138290.0,,0,0,0,0,0,1,1,2,ADV_NONCONN_IND,37,37,8,-1,0,-1,-1,6633,32,8,unknown
4008.0490000000063,55:74:CE:28:68:7E,7e6828ce74550201021816aafe40cb132dabb989581c1fa4cd1ba56961a88207baf8,-30493.0,65488.0,-96225.0,92316.0,-139299.0,,0,0,0,0,0,1,1,0,ADV_IND,34,37,12,-1,0,-1,-1,1273,32,8,unknown
4008.5809999999983,D4:78:B3:75:1C:D6,d61c75b378d41eff4c001219002e27ac9624a1b4b4b43edc9171d6673e0ff5f88601cd0000,-17356.0,84218.0,-98430.0,84703.0,-95902.0,,0,0,0,0,0,0,1,2,ADV_NONCONN_IND,37,37,7,-1,0,-1,-1,2889,32,8,unknown
4009.1299999999974,55:74:CE:28:68:7E,7e6828ce74550201021816aafe40cb132dabb989581c1fa4cd1ba56961a88207baf8,-3393.0,63116.0,-111383.0,93151.0,-145828.0,,0,0,0,0,0,1,1,0,ADV_IND,34,37,9,-1,0,-1,-1,7652,32,8,unknown
4010.133999999998,55:74:CE:28:68:7E,7e6828ce74550201021816aafe44cb132dabb989c81c1da5cd1bb569218c0207aab8,-13814.0,64383.0,-97313.0,73629.0,-116474.0,,0,0,0,0,0,0,1,0,ADV_IND,34,37,12,-1,0,-1,-1,1479,32,8,unknown
4010.6559999999954,D4:78:B3:75:1C:D6,d61c75b378d41eff4c001219002e26ac9e24a934b6b43eda9171d6671e4efd72ac3c4e7d85,6426.0,72229.0,-93007.0,69710.0,-96286.0,,0,0,0,0,0,0,1,2,ADV_NONCONN_IND,37,37,6,-1,0,-1,-1,5536,32,8,unknown
4010.9190000000017,55:74:CE:28:68:7E,7e6828ce74550201021816aafe40cb132dabb989581c1fa4cd1ba56961a88207baf8,-4375.0,71378.0,-89526.0,61396.0,-142220.0,,0,0,0,0,0,1,1,0,ADV_IND,34,37,0,-1,0,-1,-1,4491,32,8,unknown
4012.2999999999956,D4:78:B3:75:1C:D6,d61c75b378d41eff4c001219002e26ac9e24a934b6b43eda9171d6673e0ff5f886c1cd0000,7623.0,78679.0,-72807.0,59395.0,-127013.0,,0,0,0,0,0,1,1,2,ADV_NONCONN_IND,37,37,7,-1,0,-1,-1,3749,32,8,unknown
4012.571999999993,55:74:CE:28:68:7E,7e6828ce74550201021816aafe40cb132dabb989581c0fa4cd1bb54961a81207baf8,-16243.0,70311.0,-96317.0,77418.0,-131942.0,,0,0,0,0,0,0,1,0,ADV_IND,34,37,0,-1,0,-1,-1,1949,32,8,unknown
4013.3960000000006,D4:78:B3:75:1C:D6,d61c75b378d41eff4c001219002e26ac9e24a934b6b43eda9171d6673e0ff5f886c1cd0000,-1471.0,91985.0,-96548.0,90790.0,-138892.0,,0,0,0,0,0,0,1,2,ADV_NONCONN_IND,37,37,4,-1,0,-1,-1,1758,31,7,unknown
4013.659999999996,55:74:CE:28:68:7E,7e6828ce74550201021816aafe40cb132dabb989583c4826ee3bb480329d330f22a0,-28851.0,67673.0,-109442.0,85343.0,-112521.0,,0,0,0,0,0,0,1,0,ADV_IND,34,37,0,-1,0,-1,-1,4996,32,8,unknown
4013.659999999996,FE:C2:84:60:34:0E,0e346084c2fe1eff4c0012193948351b4c7416594eb7457202e9dade4dc22b4ca569c07cd6,-13709.0,64695.0,-80210.0,60403.0,-72586.0,,0,0,0,0,0,0,1,2,ADV_NONCONN_IND,37,37,0,-1,0,-1,-1,6647,32,8,unknown
4013.659999999996,FE:C2:84:60:34:0E,0e346084c2fe1eff4c0012193948751b4c7416594eb7577202bdea9e9516b285b46bd1038e,-9516.0,94813.0,-112165.0,85035.0,-112359.0,,0,0,0,0,0,0,1,2,ADV_NONCONN_IND,37,37,5,-1,0,-1,-1,3906,31,8,unknown
4013.943999999996,FF:C2:84:62:34:0E,0e346284c2ff1eff4c0012193948751b4c74165d4eb74576033de89e9516b285b46bd1038e,-26720.0,65175.0,-92155.0,66735.0,-61248.0,,0,0,0,0,0,0,1,0,ADV_IND,37,37,12,-1,0,-1,-1,886,32,8,unknown
4013.943999999996,FE:C2:84:60:34:0E,0e346084c2fe1eff4c0012193948751b4c7416594eb7577202bdea9e9516b285b46bd1038e,-16708.0,106663.0,-105552.0,93677.0,-116436.0,,0,0,0,0,0,1,1,0,ADV_IND,37,37,14,-1,0,-1,-1,6951,32,8,unknown
4013.943999999996,FE:C2:84:60:34:0E,0e346084c2fe1eff4c0012193948751b4c7416594eb7577202adeade0516b385a46bd11786,-15488.0,88238.0,-95213.0,73703.0,-95755.0,,0,0,0,0,0,0,1,0,ADV_IND,37,37,10,-1,0,-1,-1,2194,32,8,unknown
4013.943999999996,FE:C2:84:60:34:0E,0e346084c2fe1eff4c0012193948751b4c7416594eb7577202bdea9e9516b285b46bd1038e,-2571.0,48055.0,-84246.0,73358.0,-83954.0,,0,0,0,0,0,0,1,0,ADV_IND,37,37,11,-1,0,-1,-1,5318,32,8,unknown
4013.943999999996,7F:82:84:60:3C:2E,2e3c6084827f1eff4c00121939d8711b4c74165f4eb7577202bdca9e9516b285b46bd1038e,-27972.0,81591.0,-94769.0,63192.0,-102338.0,,0,0,0,0,0,0,1,2,ADV_NONCONN_IND,37,37,9,-1,0,-1,-1,1369,32,8,unknown
4013.943999999996,FE:C2:84:60:34:0E,0e346084c2fe1eff4c0012193948751b4c7416594eb7577e82fc5ace48c23a04a56bd07e96,-30833.0,46103.0,-103640.0,82331.0,-80790.0,,0,0,0,0,0,0,1,0,ADV_IND,37,37,9,-1,0,-1,-1,4825,32,8,unknown
4013.943999999996,FE:C2:84:60:34:0E,0e346084c2fe1eff4c0012193948751b4c741641cd37577203bdea9e1716b207b46bd1130e,-22834.0,58272.0,-90245.0,57340.0,-92979.0,,0,0,0,0,0,0,1,0,ADV_IND,37,37,13,-1,0,-1,-1,1212,32,8,unknown
4013.943999999996,FE:C2:84:60:34:0E,0e346084c2fe1eff4c0012193908751b4c7416594eb7576202bdea9e9516b285b46bd1038e,-26854.0,65479.0,-99106.0,67455.0,-102947.0,,0,0,0,0,0,0,1,0,ADV_IND,37,37,4,-1,0,-1,-1,4614,32,8,unknown
4013.943999999996,FE:C2:84:60:34:0E,0e346084c2fe1eff4c0012193948751b4c7416594eb7577202bdea9e9516b285b469d10586,-30269.0,60912.0,-81817.0,53525.0,-91449.0,,0,0,0,0,0,0,1,0,ADV_IND,37,37,12,-1,0,-1,-1,2025,32,8,unknown
4013.943999999996,FE:C2:84:60:34:0E,0e346084c2fe1eff4c0012193948751b4c7416594eb7577202bdea9e9516b285b46bd1038e,-27720.0,50246.0,-87422.0,84285.0,-102095.0,,0,0,0,0,0,1,1,0,ADV_IND,37,37,10,-1,0,-1,-1,4556,32,8,unknown
4013.943999999996,FE:C2:84:60:34:0E,0e346084c2fe1eff4c0012193948751b4c7416594eb7577202bdea9e9516b285b46bd1038e,-19048.0,74607.0,-88380.0,80523.0,-112255.0,,0,0,0,0,0,1,1,0,ADV_IND,37,37,10,-1,0,-1,-1,2620,32,8,unknown
4014.2450000000026,FE:C2:84:60:34:0E,0e346084c2fe1eff4c0012193948751b4c7416594eb7577202bdea9e9516b285b46bd1038e,-13020.0,72600.0,-81266.0,71720.0,-134031.0,,0,0,0,0,0,0,1,0,ADV_IND,37,37,14,-1,0,-1,-1,1860,31,8,unknown
4014.2450000000026,FC:C2:84:60:34:0E,0e346084c2fc1eff4c0012193948751b4c7516594eb747561dbdea9615969207b76fd19f96,-25437.0,75226.0,-92745.0,71057.0,-76220.0,,0,0,0,0,0,0,1,0,ADV_IND,37,37,6,-1,0,-1,-1,1070,32,8,unknown
4014.2450000000026,FE:C2:84:60:34:0E,0e346084c2fe1eff4c0012193948751b4c7416594eb7577202bdea9e9516b285b46bd1038e,-36586.0,74334.0,-82095.0,96024.0,-101397.0,,0,0,0,0,0,1,1,0,ADV_IND,37,37,11,-1,0,-1,-1,6541,32,8,unknown
4014.2450000000026,FE:C2:84:60:34:0E,0e346084c2fe1eff4c0012193948751b4c7416594eb7577202bdea9e9516b285b46bd1038e,-3210.0,80549.0,-77189.0,80004.0,-128902.0,,0,0,0,0,0,1,1,0,ADV_IND,37,37,3,-1,0,-1,-1,7711,32,8,unknown
4014.2450000000026,FE:C2:84:42:34:0E,0e344284c2fe1eff4c0012193948751b4c74164d4ea757721ebdea9e951eb285b46bd1038e,-9922.0,57188.0,-85486.0,78080.0,-101498.0,,0,0,0,0,0,0,1,0,ADV_IND,37,37,14,-1,0,-1,-1,7116,32,8,unknown
4014.2450000000026,FE:C2:84:60:34:0E,0e346084c2fe1eff4c0012193948751b4c7416594eb7577202bdea9e9516b285b46bd1038e,-32516.0,75505.0,-94635.0,74802.0,-111751.0,,0,0,0,0,0,1,1,0,ADV_IND,37,37,2,-1,0,-1,-1,5756,31,8,unknown
4014.2450000000026,FE:C2:84:60:34:0E,0e346084c2fe1eff4c0012193948751b4c7416594eb7577202bdea9e9516b285b46bd1038e,-26403.0,57581.0,-86829.0,94389.0,-115970.0,,0,0,0,0,0,1,1,0,ADV_IND,37,37,4,-1,0,-1,-1,7719,30,7,unknown
4014.2450000000026,FE:C2:84:60:34:0E,0e346084c2fe1eff4c0012193948751b4c7416594eb7577202bdea9e9516b285b46bd1038e,-16026.0,80698.0,-100371.0,87097.0,-123175.0,,0,0,0,0,0,1,1,0,ADV_IND,37,37,7,-1,0,-1,-1,3175,32,8,unknown
4014.2450000000026,FE:C2:84:60:34:0E,0e346084c2fe1eff4c0012193948751b4c7416594eb7477602bdea9e1516b285b46bd1038e,-18765.0,70370.0,-88448.0,55410.0,-96980.0,,0,0,0,0,0,0,1,0,ADV_IND,37,37,12,-1,0,-1,-1,1570,32,8,unknown
4014.2450000000026,FE:C2:84:60:34:0E,0e346084c2fe1eff4c0012193948751b4c3416594eb74562021dc89d9516b207b46bd1718e,-10952.0,63280.0,-84417.0,53444.0,-91204.0,,0,0,0,0,0,0,1,0,ADV_IND,37,37,13,-1,0,-1,-1,4919,32,8,unknown
4014.541999999994,FE:C2:84:E0:34:0E,0e34e084c2fe1eff4c0012193948751b4c74175d4e37577203bdaa18151eb085946bf1fd3e,-22310.0,70640.0,-89964.0,53820.0,-82745.0,,0,0,0,0,0,0,1,0,ADV_IND,37,37,6,-1,0,-1,-1,817,32,8,unknown
4014.541999999994,FF:C2:84:60:34:8E,8e346084c2ff1eff4c0012193948751b4c740759ceb757720216e890a7969106b46bd31536,-17511.0,63611.0,-76953.0,70562.0,-72641.0,,0,0,0,0,0,0,1,0,ADV_IND,37,37,6,-1,0,-1,-1,5848,32,8,unknown
4014.541999999994,FE:C2:84:60:34:0E,0e346084c2fe1eff4c0012193948751b4c741659cc274772029dead615969085b66bf11386,-10861.0,67415.0,-81612.0,84557.0,-101317.0,,0,0,0,0,0,0,1,0,ADV_IND,37,37,2,-1,0,-1,-1,2231,32,8,unknown
4014.541999999994,FF:C2:84:60:3C:0E,0e3c6084c2ff1eff4c0012193948751b4c74165d4eb7477202bdea9e9516b205966fd11bbe,-12842.0,28529.0,-100222.0,54664.0,-90050.0,,0,0,0,0,0,0,1,0,ADV_IND,37,37,2,-1,0,-1,-1,6334,32,8,unknown
4014.541999999994,FE:C2:84:60:B5:0E,0eb56084c2fe1eff4c0012193948751b4c7416594eb7577202bde89e951eb285b46bd1038e,-26292.0,53360.0,-70041.0,60472.0,-110188.0,,0,0,0,0,0,0,1,0,ADV_IND,37,37,8,-1,0,-1,-1,4839,32,7,unknown
4014.541999999994,FE:C2:84:60:36:0E,0e366084c2fe1eff4c0012193948751b4c7416594eb7577202bdea9e9516b285b46bd1038e,-15112.0,72474.0,-71534.0,54289.0,-96978.0,,0,0,0,0,0,0,1,0,ADV_IND,37,37,3,-1,0,-1,-1,6061,32,8,unknown
4014.541999999994,FE:C2:84:60:34:0E,0e346084c2fe1eff4c0012193948751b4c7416594eb7577202bdea9e9516b285b46bd1038e,-13248.0,71451.0,-81521.0,97745.0,-104642.0,,0,0,0,0,0,1,1,0,ADV_IND,37,37,2,-1,0,-1,-1,1575,32,8,unknown
4014.541999999994,FE:C2:84:60:3C:0E,0e3c6084c2fe1eff4c0012193948751b4c7416594eb7577202bdea9e9516b285b46bd1038e,-22582.0,60327.0,-71305.0,67356.0,-93116.0,,0,0,0,0,0,0,1,0,ADV_IND,37,37,5,-1,0,-1,-1,3891,32,8,unknown
4014.541999999994,FE:C2:84:60:34:0E,0e346084c2fe1eff4c0012193948751b4c7416594eb7577202bdea9e9516b285b46bd1038e,-7178.0,83274.0,-113902.0,104987.0,-126530.0,,0,0,0,0,0,1,1,0,ADV_IND,37,37,12,-1,0,-1,-1,7888,32,7,unknown
4014.541999999994,FE:C2:84:60:34:0E,0e346084c2fe1eff4c0012193948751b4c7416594eb757720215e89e959eb285b46bd113ae,-13021.0,57224.0,-94014.0,78473.0,-92324.0,,0,0,0,0,0,0,1,0,ADV_IND,37,37,13,-1,0,-1,-1,3831,31,8,unknown
4014.541999999994,7F:C2:84:60:34:0E,0e346084c27f1eff4c0012193948751b4c34165d4eb7457602bdea9c9516b285b46bd10336,-21884.0,48192.0,-88255.0,79114.0,-76296.0,,0,0,0,0,0,0,1,0,ADV_IND,37,37,12,-1,0,-1,-1,2004,32,7,unknown
4014.541999999994,FE:D2:84:60:34:0E,0e346084d2fe0eff4c0012193948751b4c741649ceb7577612bdea970d16b085b46bd1038e,-25064.0,53339.0,-98449.0,76341.0,-90325.0,,0,0,0,0,0,0,1,0,ADV_IND,37,37,10,-1,0,-1,-1,6438,31,8,unknown
4014.8199999999997,FE:C2:84:60:34:0E,0e346084c2fe1eff4c0012193b48751b4c74165f4e37577603bfea9e9516b285b46bd1c38e,-18487.0,56986.0,-79495.0,69395.0,-112304.0,,0,0,0,0,0,0,1,0,ADV_IND,37,37,2,-1,0,-1,-1,3843,32,7,unknown
4014.8199999999997,FE:C2:84:60:34:0E,0e346084c2fe1eff4c0012193948751b4c7416594e37577203bdea9e9516b285b46bd1038e,-23873.0,68219.0,-88518.0,88934.0,-114248.0,,0,0,0,0,0,0,1,0,ADV_IND,37,37,9,-1,0,-1,-1,1313,32,7,unknown
4014.8199999999997,FE:C2:84:60:36:0E,0e366084c2fe0eff4c0012193948751bcc7416594eb7577202bdea9e9516b285b46bd1038e,-16688.0,52372.0,-71657.0,89288.0,-94813.0,,0,0,0,0,0,0,1,2,ADV_NONCONN_IND,37,37,15,-1,0,-1,-1,3406,32,8,unknown
4014.8199999999997,FE:C2:84:60:34:0E,0e346084c2fe1eff4c0012193948751b4c7416594eb7577302bdea9e9516a285b46bd143ae,-13716.0,46777.0,-81149.0,70078.0,-90562.0,,0,0,0,0,0,0,1,0,ADV_IND,37,37,7,-1,0,-1,-1,4501,32,8,unknown
4014.8199999999997,FE:C2:84:60:34:0E,0e346084c2fe1eff4c0012193948751b4c7416594eb7577202bdea9e9516b285b46bd1038e,-11548.0,90061.0,-95852.0,96656.0,-129297.0,,0,0,0,0,0,1,1,0,ADV_IND,37,37,9,-1,0,-1,-1,2209,32,8,unknown
4014.8199999999997,FE:C2:84:60:34:0E,0e346084c2fe1eff4c0012193948751b4c7416594eb75772029dea9e9516b285b46bd1038e,-2577.0,64212.0,-83691.0,82746.0,-111640.0,,0,0,0,0,0,0,1,0,ADV_IND,37,37,6,-1,0,-1,-1,7575,32,8,unknown
4014.8199999999997,FE:C2:84:E0:36:2E,2e36e084c2fe1eff4c0012193b48751f4c741759cc26557202bde8b69516a287b46bd12706,-23873.0,71205.0,-80563.0,56623.0,-80233.0,,0,0,0,0,0,0,1,0,ADV_IND,37,37,8,-1,0,-1,-1,3977,32,8,unknown
4015.0980000000054,D4:78:B3:75:1C:D6,d61c75b378d41eff4c001219002e26ac9e24a934b6b43eda9171d6673e0ff5f886c1cd0000,20404.0,90864.0,-99590.0,101217.0,-137805.0,,0,0,0,0,0,1,1,2,ADV_NONCONN_IND,37,37,14,-1,0,-1,-1,3591,32,8,unknown
4015.0980000000054,7E:C2:84:E0:34:2E,2e34e084c27e1eff4c0012193948751b4c9417514e37477a02bdeab91516b285b46bd10386,-5416.0,82997.0,-98386.0,44437.0,-82144.0,,0,0,0,0,0,0,1,0,ADV_IND,37,37,1,-1,0,-1,-1,4384,31,8,unknown
4015.0980000000054,FE:C2:84:62:34:2E,2e346284c2fe0eff4c001219394c751b5c7416594e37577202bdea9e9516b385b46bd1138e,3395.0,76604.0,-63771.0,92182.0,-123151.0,,0,0,0,0,0,0,1,3,SCAN_REQ,37,37,3,-1,0,-1,-1,7893,30,8,unknown
4015.0980000000054,FE:82:C4:60:34:0E,0e3460c482fe1eff4c0012193948751b4c741e594e27577202bcea9e9516b285b46bd11fae,-9323.0,56000.0,-90865.0,78404.0,-76996.0,,0,0,0,0,0,0,1,0,ADV_IND,37,37,2,-1,0,-1,-1,4277,32,8,unknown
4015.0980000000054,FE:C2:84:60:34:0E,0e346084c2fe1eff4c001219394c751b4c7416594eb7577606bdea9e9516b285b46bd1038e,-12075.0,67757.0,-79593.0,82221.0,-115145.0,,0,0,0,0,0,0,1,0,ADV_IND,37,37,15,-1,0,-1,-1,7783,31,8,unknown
4015.0980000000054,FE:C2:84:60:34:0E,0e346084c2fe1eff4c0012193948751b4c7416594eb7577202bdea9e9516b285b46bd1038e,-12747.0,77749.0,-85474.0,88635.0,-117643.0,,0,0,0,0,0,1,1,0,ADV_IND,37,37,3,-1,0,-1,-1,2964,31,7,unknown
4015.0980000000054,FE:C2:84:60:34:0E,0e346084c2fe1eff4c0012193948751b4c7416594eb7577202bde85e8f16b085b46bd14386,-12272.0,56751.0,-78193.0,69352.0,-90454.0,,0,0,0,0,0,0,1,0,ADV_IND,37,37,9,-1,0,-1,-1,3867,32,8,unknown
4015.0980000000054,7E:80:84:60:34:0E,0e346084807e1eff4c0012193948751b4c7416594e37577303bdea9e9516b285b46bd1038e,-31740.0,88161.0,-83924.0,96190.0,-107766.0,,0,0,0,0,0,0,1,0,ADV_IND,37,37,9,-1,0,-1,-1,7222,31,8,unknown
4015.0980000000054,FE:C2:84:60:34:0E,0e346084c2fe1eff4c0012193908751b4c7417594eb7457206bdea9e9516b285b56bf16386,-26700.0,69590.0,-92296.0,58388.0,-69533.0,,0,0,0,0,0,0,1,0,ADV_IND,37,37,12,-1,0,-1,-1,4141,32,8,unknown
4015.0980000000054,FE:C2:84:E2:34:0E,0e34e284c2fe0eff4c0012193948751b4c7416594e37557202bdea9e9516b285b46bd1038e,-17576.0,64991.0,-89990.0,74256.0,-101785.0,,0,0,0,0,0,0,1,0,ADV_IND,37,37,14,-1,0,-1,-1,1178,32,8,unknown
4015.0980000000054,FE:C2:84:60:34:0E,0e346084c2fe1eff4c0012193948751b4c7416594eb7577202bdea9e9516b285b46bd1038e,-2578.0,80781.0,-94250.0,96257.0,-129459.0,,0,0,0,0,0,1,1,0,ADV_IND,37,37,2,-1,0,-1,-1,3706,32,8,unknown
4015.0980000000054,FE:C2:84:60:34:0E,0e346084c2fe1aff4c0012193948751b4c74165d4eb7556302bdea9c9516b205b46bd1078e,-27994.0,50048.0,-86929.0,66849.0,-91081.0,,0,0,0,0,0,0,1,0,ADV_IND,37,37,3,-1,0,-1,-1,5190,32,8,unknown
4015.390999999996,FE:C2:84:60:34:0E,0e346084c2fe1eff4c0012193948751b4c7416594eb7577202bdea9e9516b285b46bd1038e,-12391.0,80683.0,-87749.0,82414.0,-133684.0,,0,0,0,0,0,1,1,0,ADV_IND,37,37,0,-1,0,-1,-1,3322,30,8,unknown
4015.390999999996,7E:C2:84:60:30:0E,0e306084c27e1eff4c0012193948751b4c7456584ca7c56381f9ead90916b2ccb46bd112ce,-11787.0,68922.0,-110879.0,70077.0,-99329.0,,0,0,0,0,0,0,1,0,ADV_IND,37,37,11,-1,0,-1,-1,6656,32,8,unknown
4015.390999999996,FE:C2:84:E0:34:0E,0e34e084c2fe1eff4c0012193948751b4c34165b4eb7577202bdea9e8516b285a46bd17fde,-24027.0,66524.0,-83448.0,68367.0,-104639.0,,0,0,0,0,0,0,1,0,ADV_IND,37,37,5,-1,0,-1,-1,2091,32,7,unknown
4015.390999999996,55:74:CE:28:68:7E,7e6828ce74550201021816aafe40cb132dabb989581c1fa4cd1ba56961a88207baf8,-7252.0,72891.0,-97637.0,71408.0,-140444.0,,0,0,0,0,0,1,1,0,ADV_IND,34,37,14,-1,0,-1,-1,6170,32,8,unknown
4015.390999999996,EE:C2:84:60:34:0C,0c346084c2ee1eff4c0012193948751b6c790e5accb7476b039de8d527beb305b66bd3930e,-13312.0,56485.0,-79912.0,70791.0,-96620.0,,0,0,0,0,0,0,1,0,ADV_IND,37,37,5,-1,0,-1,-1,7222,32,8,unknown
4015.390999999996,FE:C2:84:60:34:0E,0e346084c2fe1eff4c0012193948751b4c7416594eb7577202bdea9e9516b285b46bd1038e,-18280.0,48671.0,-85166.0,72908.0,-94411.0,,0,0,0,0,0,0,1,4,SCAN_RSP,37,37,2,-1,0,-1,-1,5026,32,8,unknown
4015.390999999996,FE:C2:84:60:34:0E,0e346084c2fe1eff4c0012193948751b4c7416594eb7577202bdea9e9516b285b46bd1038e,-16049.0,57038.0,-72380.0,79968.0,-120555.0,,0,0,0,0,0,1,1,0,ADV_IND,37,37,12,-1,0,-1,-1,2058,32,8,unknown
4015.390999999996,FE:C2:84:60:34:8E,8e346084c2fe1eff4c0012193948751b4c745a578e6fcce58de85be848c22b4ca569d074d6,-8846.0,61472.0,-98587.0,59567.0,-77379.0,,0,0,0,0,0,0,1,0,ADV_IND,37,37,12,-1,0,-1,-1,3113,32,8,unknown
4015.390999999996,FE:C2:84:60:34:0E,0e346084c2fe1eff4c0012193948751b4c7416594eb7577202fdebde0516b285a46bd143ce,-23913.0,71071.0,-92515.0,81469.0,-111665.0,,0,0,0,0,0,0,1,0,ADV_IND,37,37,10,-1,0,-1,-1,5346,32,8,unknown
4015.390999999996,FE:C2:84:60:34:0E,0e346084c2fe1eff4c0012193948751b4c7416594eb7577202bdea9e9516b285b46bd1038e,-13521.0,64030.0,-80586.0,64451.0,-99892.0,,0,0,0,0,0,1,1,0,ADV_IND,37,37,1,-1,0,-1,-1,1581,32,8,unknown
4015.390999999996,FE:C2:84:60:34:0E,0e346084c2fe1eff4c0012193948751b4c7416594eb7577202bdea9e9516b285b46bd1038e,-24290.0,87866.0,-86831.0,86870.0,-121874.0,,0,0,0,0,0,1,1,0,ADV_IND,37,37,8,-1,0,-1,-1,7266,31,8,unknown
4015.6700000000055,FE:C2:84:60:34:0E,0e346084c2fe1eff4c0012193948751b4c7416594eb7577202bdea9e9516b285b46bd1038e,-7416.0,67233.0,-89004.0,92913.0,-117740.0,,0,0,0,0,0,1,1,0,ADV_IND,37,37,11,-1,0,-1,-1,2987,31,8,unknown
4015.6700000000055,FE:82:84:60:34:0E,0e34608482fe1eff4c0012193948751b4c7416594eb7577202bdea9e9516b285b46bd1038e,-9347.0,82410.0,-109454.0,89879.0,-125227.0,,0,0,0,0,0,0,1,0,ADV_IND,37,37,6,-1,0,-1,-1,5200,32,8,unknown
4015.6700000000055,FE:82:84:60:34:0E,0e34608482fe1eff4c0012193958751b4c3416554e37476282f9ea989116ba8da46bd0118e,-22348.0,78408.0,-101669.0,74628.0,-94925.0,,0,0,0,0,0,0,1,0,ADV_IND,37,37,11,-1,0,-1,-1,1101,32,8,unknown
4015.6700000000055,FE:C2:84:44:34:0E,0e344484c2fe1eff4c0012193958751b4c7416594eb7577202bdea9e9516b085b46bd1531e,-20595.0,48202.0,-96456.0,65406.0,-81739.0,,0,0,0,0,0,0,1,0,ADV_IND,37,37,13,-1,0,-1,-1,5812,32,8,unknown
4015.6700000000055,FE:C2:84:60:34:0E,0e346084c2fe1eff4c0012193948751b4c7416454db7457702bdea9e1516b287b46fd14b86,-16009.0,53762.0,-83332.0,68003.0,-76306.0,,0,0,0,0,0,0,1,0,ADV_IND,37,37,12,-1,0,-1,-1,2031,32,8,unknown
4015.6700000000055,FE:C2:84:40:34:0E,0e344084c2fe1eff4c0012193944751b4c7416594e37577302bdea9e9596b285b46bd10386,0.0,82680.0,-70489.0,63078.0,-93889.0,,0,0,0,0,0,0,1,0,ADV_IND,37,37,4,-1,0,-1,-1,3088,32,8,unknown
4015.6700000000055,FE:C2:84:60:34:0E,0e346084c2fe1eff4c0012193948751b4c7416594eb7577202bdea9e9516b285b46bd1038e,-33287.0,103736.0,-96570.0,98653.0,-126201.0,,0,0,0,0,0,1,1,0,ADV_IND,37,37,0,-1,0,-1,-1,5345,32,8,unknown
4015.6700000000055,FE:C2:84:60:34:2E,2e346084c2fe1eff4c0012193948751b4c7416594eb7577202bdea9e9516b285b46bd1038e,-11784.0,115925.0,-136554.0,90522.0,-116645.0,,0,0,0,0,0,0,1,0,ADV_IND,37,37,7,-1,0,-1,-1,3516,30,7,unknown
4015.6700000000055,FE:82:84:60:34:0E,0e34608482fe0eff4c0012193908751f4c74164d4eb7476202bdea762f3fb005946bd17786,-22279.0,59008.0,-102529.0,76105.0,-80044.0,,0,0,0,0,0,0,1,0,ADV_IND,37,37,14,-1,0,-1,-1,5557,32,8,unknown
4015.6700000000055,FF:C2:84:60:3C:2E,2e3c6084c2ff1eff4c0012193948751b4c7416594eb7577202bdea9e9516b285b46bd1038e,-25417.0,89814.0,-113003.0,99680.0,-116910.0,,0,0,0,0,0,0,1,0,ADV_IND,37,37,5,-1,0,-1,-1,7979,32,7,unknown
4015.6700000000055,FE:C2:84:60:34:0E,0e346084c2fe1eff4c001219394c351b4c7416584eb7477302bdcadc9116b285b46bd0038e,-24046.0,50078.0,-96982.0,69050.0,-91958.0,,0,0,0,0,0,0,1,0,ADV_IND,37,37,11,-1,0,-1,-1,2855,32,7,unknown
4015.6700000000055,FE:C2:84:E2:14:0E,0e14e284c2fe1eff4c0012193948751b4c7416594eb7677203bdea5e9516b285b66bd10386,-68348.0,55276.0,-82399.0,74609.0,-126141.0,,0,0,0,0,0,0,1,0,ADV_IND,37,37,1,-1,0,-1,-1,5491,32,8,unknown
4015.954000000005,FE:C2:84:60:34:0E,0e346084c2fe1eff4c0012193948751b4c7416584eb7577202bdea9e9516b285b46bd1038e,-13770.0,60006.0,-94760.0,75792.0,-81430.0,,0,0,0,0,0,0,1,0,ADV_IND,37,37,0,-1,0,-1,-1,1191,32,8,unknown
4015.954000000005,FE:C2:84:60:34:0E,0e346084c2fe1aff4c0012193948751b4c7416584eb7577202bdea9e9516b285b46bd1078e,-13240.0,65334.0,-91193.0,91687.0,-112349.0,,0,0,0,0,0,0,1,0,ADV_IND,37,37,14,-1,0,-1,-1,3340,32,8,unknown
4015.954000000005,FE:C2:84:60:34:0E,0e346084c2fe1eff4c0012193948751b4c7416594eb7577202bdea9e9516b285b46bd1038e,-26262.0,56940.0,-85295.0,81941.0,-115097.0,,0,0,0,0,0,1,1,0,ADV_IND,37,37,14,-1,0,-1,-1,5656,32,8,unknown
4015.954000000005,FE:82:84:60:34:0E,0e34608482fe1eff4c0012193910751b4c74165948b7577203bdea9e9516a185b46fd34386,-12849.0,57630.0,-74632.0,68627.0,-85079.0,,0,0,0,0,0,0,1,0,ADV_IND,37,37,9,-1,0,-1,-1,3548,32,8,unknown
4015.954000000005,FE:C2:84:60:34:0E,0e346084c2fe1eff4c0012193948751b4c74165d4eb7577202bdea9e9516b285b46bd10386,-15284.0,66744.0,-78296.0,71188.0,-108010.0,,0,0,0,0,0,0,1,2,ADV_NONCONN_IND,37,37,14,-1,0,-1,-1,6883,32,8,unknown
4015.954000000005,FE:C2:84:E0:34:0E,0e34e084c2fe1eff4c0012193908751b4c7416594eb7477202bdeade9516b285b46bf1038e,-13464.0,50823.0,-92046.0,78768.0,-89975.0,,0,0,0,0,0,0,1,0,ADV_IND,37,37,10,-1,0,-1,-1,3207,32,8,unknown
4016.234000000004,D4:78:B3:75:1C:D6,d61c75b378d41eff4c001219002e26ac9e24a934b6b43eda9171d6673e0ff5f886c1cd0000,-12889.0,70568.0,-83699.0,79455.0,-133186.0,,0,0,0,0,0,1,1,2,ADV_NONCONN_IND,37,37,13,-1,0,-1,-1,2335,32,7,unknown
4017.006000000001,D4:78:B3:65:1E:D6,d61e65b378d41eff4c001219000eb64bb12e05a0f1e6f87bd4aac4159f4e8872ac854e7d95,24662.0,84087.0,-96982.0,73999.0,-89743.0,,0,0,0,0,0,0,1,2,ADV_NONCONN_IND,37,37,12,-1,0,-1,-1,6106,28,7,unknown
4018.1990000000005,55:74:CE:28:68:7E,7e6828ce74550201021816aafe40cb132dabb989581c1fa4cd1ba56961a88207baf8,-30018.0,73858.0,-93490.0,84123.0,-146856.0,,0,0,0,0,0,1,1,0,ADV_IND,34,37,2,-1,0,-1,-1,6579,30,8,unknown
4019.9849999999933,55:74:CE:28:68:7E,7e6828ce74550201021816aafe40cb132dabb989581c1fa4cd1ba56961a88207baf8,-14937.0,90529.0,-119806.0,88644.0,-150636.0,,0,0,0,0,0,1,1,0,ADV_IND,34,37,0,-1,0,-1,-1,2441,32,8,unknown
4021.162000000004,D4:78:B3:75:1C:D6,d61c75b378d41eff4c001219002e26acb42405e470ee7839d5cbd4751f4e9878ae3dce4484,-9906.0,78579.0,-102181.0,82202.0,-88920.0,,0,0,0,0,0,0,1,2,ADV_NONCONN_IND,37,37,10,-1,0,-1,-1,5585,32,8,unknown
4021.795999999995,55:74:DE:28:68:7E,7e6828de74550281021816aafe40cb132dabb989581c1fa4cd1ba56961a88207baf8,-33350.0,95629.0,-115815.0,89819.0,-141956.0,,0,0,0,0,0,0,1,2,ADV_NONCONN_IND,34,37,0,-1,0,-1,-1,1542,30,8,unknown
4023.6210000000065,D4:78:B3:75:1C:D6,d61c75b378d41eff4c001219002e262c9e2ca934b6b43eda9171d6473e0fdc788e95cd4080,-338.0,71572.0,-89499.0,80988.0,-100711.0,,0,0,0,0,0,0,1,2,ADV_NONCONN_IND,37,37,10,-1,0,-1,-1,4844,32,7,unknown
4023.6210000000065,D3:DB:1D:AF:B6:68,68b6af1ddbd31eff4c00121900be57f59d2689a166e121a0e63f03c4266d520fd4b6005d84,-13963.0,71514.0,-112322.0,76017.0,-132654.0,,0,0,0,0,0,0,1,2,ADV_NONCONN_IND,37,37,6,-1,0,-1,-1,1944,32,8,unknown
4024.7769999999946,D4:78:B3:75:1C:D6,d61c75b378d41eff4c001219002e262e9e24a13cb6b43edc9153d7473e0ffdf896e1cd1020,-23968.0,90080.0,-83813.0,78319.0,-79591.0,,0,0,0,0,0,0,1,2,ADV_NONCONN_IND,37,37,11,-1,0,-1,-1,5973,32,8,unknown
4035.0009999999966,D3:DB:1D:AF:B6:68,68b6af1ddbd31eff4c00121900be57f59d2681a1c4e4a5a1e7135ae54968c24f549d400000,-32864.0,101653.0,-103089.0,76631.0,-146711.0,,0,0,0,0,0,0,1,2,ADV_NONCONN_IND,37,37,13,-1,0,-1,-1,6552,32,8,unknown
4035.2530000000042,55:74:CE:28:68:7E,7e6828ce74550201021816aafe40cb132dabb989581c1fa4cd1ba56961a88207baf8,-34482.0,62067.0,-90743.0,86315.0,-120780.0,,0,0,0,0,0,1,1,0,ADV_IND,34,37,14,-1,0,-1,-1,5920,31,7,unknown
4035.7809999999954,D3:DB:1D:AF:B6:68,68b6af1ddbd31eff4c00121900be57f59d2689a166e1a1a1c5135aed4968c24f54bd410000,-3009.0,89025.0,-115898.0,100390.0,-159485.0,,0,0,0,0,0,1,1,2,ADV_NONCONN_IND,37,37,10,-1,0,-1,-1,4498,32,8,unknown
4036.280000000006,44:78:BB:71:1E:D6,d61e71bb78441aff4c001219002e268c9e24a934b4b43eda91f1d6673e0ff5f886,-14284.0,107564.0,-98138.0,91650.0,-130411.0,,0,0,0,0,0,0,1,2,ADV_NONCONN_IND,33,37,7,-1,0,-1,-1,4801,32,8,unknown
4036.538999999997,EF:E5:27:68:33:10,10336827e5ef1aff4c0012192a83a0cf8e512f59b785519782c9d57a7d5ef44e7110c20168,20475.0,69745.0,-86522.0,79962.0,-87941.0,,0,0,0,0,0,0,1,0,ADV_IND,37,37,12,-1,0,-1,-1,3628,32,8,unknown
4036.538999999997,D3:DB:13:AF:B6:68,68b6af13dbd31eff4c001219009e56f59d2689a146a1a1a1c5135aef4168c24754bd517000,-5360.0,71803.0,-90536.0,74311.0,-95521.0,,0,0,0,0,0,0,1,2,ADV_NONCONN_IND,37,37,5,-1,0,-1,-1,2109,31,8,unknown
4036.8069999999934,55:74:CE:28:68:7E,7e6828ce74550201021816aafe40cb132dabb989581c1fa4cd1ba56961a88207baf8,-23458.0,67033.0,-82466.0,84909.0,-144904.0,,0,0,0,0,0,1,1,0,ADV_IND,34,37,0,-1,0,-1,-1,3125,32,8,unknown
4037.3309999999983,55:74:CE:28:68:7E,7e6828ce74550201021816aafe40c9132dabb989581c1fa4cd1bb450219d330d22a0,-23796.0,54804.0,-104557.0,79227.0,-105965.0,,0,0,0,0,0,0,1,0,ADV_IND,34,37,9,-1,0,-1,-1,1470,32,8,unknown
4038.0999999999985,55:74:CE:28:68:7E,7e6828ce74550201021816aafe40cb132dabb989581c1fa4cd1ba56961a88207baf8,-35460.0,69508.0,-94267.0,73701.0,-123890.0,,0,0,0,0,0,1,1,0,ADV_IND,34,37,7,-1,0,-1,-1,7571,32,8,unknown
4038.637999999999,D4:78:B3:75:1C:D6,d61c75b378d41eff4c001219002e26ac9e24a934b6b43eda9171d4673e0f25e88683c9c822,-21737.0,85159.0,-95408.0,88997.0,-94129.0,,0,0,0,0,0,0,1,2,ADV_NONCONN_IND,37,37,3,-1,0,-1,-1,3244,32,8,unknown
4038.8989999999976,D3:DB:1D:AF:B6:68,68b6af1ddbd31eff4c00121900be57f59d2689a16e16fcd6fb694f4691b75b9b15ddacc35f,-18355.0,68762.0,-110229.0,66297.0,-127053.0,,0,0,0,0,0,0,1,2,ADV_NONCONN_IND,37,37,0,-1,0,-1,-1,4672,31,8,unknown
4038.8989999999976,55:74:CE:28:68:7E,7e6828ce74550201021816aafe40cb132dabb989581c1fa4cd1ba56961a88207baa0,-22777.0,60574.0,-94716.0,74303.0,-114796.0,,0,0,0,0,0,0,1,0,ADV_IND,34,37,15,-1,0,-1,-1,3328,32,8,unknown
4039.144999999997,FA:B8:97:09:B3:69,69b30997b8fa1eff4c001219004b7ff014294d1e839e3bd2035c7d80fd8fa70f8bd4505615,-20166.0,67218.0,-95938.0,85675.0,-108673.0,,0,0,0,0,0,0,1,2,ADV_NONCONN_IND,37,37,9,-1,0,-1,-1,1169,32,7,unknown
4040.1859999999942,D3:DB:1D:AF:B6:68,68b6af1ddbd31eff4c00121900be57f59d2689a166e1a1a1c5135aed4968c24f54bd410000,-33889.0,70047.0,-95998.0,106510.0,-138256.0,,0,0,0,0,0,1,1,2,ADV_NONCONN_IND,37,37,5,-1,0,-1,-1,2114,32,8,unknown
4040.4519999999975,55:74:CE:28:68:7E,7e6828ce74550201021816aafe40cb132dabb989581c1fa4cd1bb5c161a8820fbaf8,-36370.0,67251.0,-97378.0,71302.0,-130315.0,,0,0,0,0,0,0,1,0,ADV_IND,34,37,11,-1,0,-1,-1,7891,32,8,unknown
4040.4519999999975,FA:B8:97:09:B3:69,69b30997b8fa1aff4c001219000b7ff014294d1c839e3b16121827803f87a68fa3d6c05a04,-22238.0,77582.0,-74736.0,60122.0,-120570.0,,0,0,0,0,0,0,1,2,ADV_NONCONN_IND,37,37,2,-1,0,-1,-1,3010,32,7,unknown
4041.9990000000034,55:74:CE:28:68:7E,7e6828ce74550201021816aafe40cb132dabb98d581c1fa4cd1ba56961880205aaa0,-44290.0,83789.0,-102699.0,76636.0,-124626.0,,0,0,0,0,0,0,1,0,ADV_IND,34,37,13,-1,0,-1,-1,4383,32,8,unknown
4043.538999999997,53:9B:1D:AF:B6:68,68b6af1d9b531aff4c00121900be57f5952b91aa99443704eebf83d026fd1329d502087d95,-28735.0,67616.0,-95424.0,61457.0,-129955.0,,0,0,0,0,0,0,1,2,ADV_NONCONN_IND,37,37,8,-1,0,-1,-1,7155,32,8,unknown
4044.4019999999946,55:74:CE:28:68:7E,7e6828ce74550201021816aafe40cb132dabb989581c1fa4cd1ba56961a88207baf8,-37298.0,61940.0,-90685.0,76047.0,-114200.0,,0,0,0,0,0,1,1,0,ADV_IND,34,37,11,-1,0,-1,-1,8041,32,8,unknown
4045.8229999999967,D3:DB:1D:AF:B6:68,68b6af1ddbd31eff4c00121900be57f59d2689a166e121a1c5135aed4968c24f54bd410004,-30879.0,95511.0,-95554.0,85975.0,-144710.0,,0,0,0,0,0,0,1,2,ADV_NONCONN_IND,37,37,2,-1,0,-1,-1,5263,32,8,unknown
4045.8229999999967,55:74:CE:28:68:7E,7e6828ce74550241021816aafe40cb132dabb989581e0d24ef1bb4c0238c820faaf0,-12020.0,63888.0,-112525.0,93042.0,-120564.0,,0,0,0,0,0,0,1,0,ADV_IND,34,37,8,-1,0,-1,-1,2655,32,8,unknown
4049.767,D3:DB:5D:AF:B6:68,68b6af5ddbd31eff4c00121900be57f5dd2681a1e6e1a1a1c5135aed4968c22f5435001c04,-9769.0,54726.0,-105696.0,78900.0,-117528.0,,0,0,0,0,0,0,1,2,ADV_NONCONN_IND,37,37,3,-1,0,-1,-1,3669,32,8,unknown
4050.590999999993,55:74:CE:28:68:7E,7e6828ce74550201021816aafe40cb132dabb989581c1fa4cd1ba56961a88207baf8,-12569.0,51549.0,-103817.0,69943.0,-102491.0,,0,0,0,0,0,1,1,0,ADV_IND,34,37,5,-1,0,-1,-1,6513,32,8,unknown
4051.642,D7:DB:1D:AF:B6:68,68b6af1ddbd71eff4c001219003e57f59d2689a166e1a1a1c5135acd4168c24f54bd410000,-6900.0,67820.0,-93343.0,64600.0,-124900.0,,0,0,0,0,0,0,1,2,ADV_NONCONN_IND,37,37,4,-1,0,-1,-1,2749,32,8,unknown
4053.886999999995,D3:DB:1D:AF:B6:68,68b6af1ddbd31eff4c00121900be57f59d2689a166e1a1a1c5135aed4968c24f54bd410000,-15268.0,55583.0,-110643.0,108760.0,-143982.0,,0,0,0,0,0,1,1,2,ADV_NONCONN_IND,37,37,15,-1,0,-1,-1,5969,32,8,unknown
4054.892,55:74:CE:28:68:7E,7e6828ce74550201021816aafe40cb132dabb989581c1fa4cd1ba56961a88207baf8,-24517.0,49990.0,-83587.0,72975.0,-124101.0,,0,0,0,0,0,1,1,0,ADV_IND,34,37,2,-1,0,-1,-1,7989,32,8,unknown
4065.309000000001,D3:DB:1D:AF:B6:68,68b6af1ddbd31eff4c00121900be57f59d2689a166e1a1a1c5135aed4968c24f54bd410000,-31109.0,60309.0,-86236.0,104681.0,-140517.0,,0,0,0,0,0,1,1,2,ADV_NONCONN_IND,37,37,10,-1,0,-1,-1,4900,32,8,unknown
4065.583000000006,EC:5E:DB:CA:75:7F,7f75cadb5eec1eff4c00121900a8595e9473221f85a11b19b3e5c4d0f81f01e912e4413400,-13875.0,77402.0,-67997.0,72751.0,-106210.0,,0,0,0,0,0,0,1,2,ADV_NONCONN_IND,37,37,2,-1,0,-1,-1,4299,31,8,unknown
4065.583000000006,55:74:CE:2A:68:7E,7e682ace74550201021816aafe40db132dabb989f8101fe4c71b35cd43888003aaf9,-6233.0,55542.0,-95299.0,74105.0,-112965.0,,0,0,0,0,0,0,1,0,ADV_IND,34,37,4,-1,0,-1,-1,7787,32,8,unknown
4065.583000000006,C3:EA:C8:89:DF:A7,a7df89c8eac31aff4c00121930e7b8f12bc58e5f7ee4586f2a559d85a541b069c8b75032f2,-347.0,64506.0,-90994.0,92533.0,-106427.0,,0,0,0,0,0,0,1,2,ADV_NONCONN_IND,37,37,4,-1,0,-1,-1,1965,30,8,unknown
4065.8569999999963,F6:C4:23:AE:59:31,3159ae23c4f61eff4c0012193112bd23725f8c3dcb0f9c58dd3b0671dff77809a96b0f553a,-2492.0,40179.0,-106488.0,101448.0,-96079.0,,0,0,0,0,0,0,1,0,ADV_IND,37,37,10,-1,0,-1,-1,3451,31,8,unknown
4065.8569999999963,F6:C5:23:AE:49:31,3149ae23c5f60eff4c0012193112bd23525f8c3dcb279c58d73b06f4c349c36e60f7805d6a,2349.0,65761.0,-105099.0,80470.0,-95596.0,,0,0,0,0,0,0,1,0,ADV_IND,37,37,15,-1,0,-1,-1,5494,32,8,unknown
4066.1740000000063,F6:C4:2B:AE:49:31,3149ae2bc4f61eff4c0012193112bd23725f8c3dcb0fdd58fd3b1671c709e3e23ad6801178,-21502.0,82922.0,-109143.0,70708.0,-95144.0,,0,0,0,0,0,0,1,0,ADV_IND,37,37,1,-1,0,-1,-1,857,32,7,unknown
4066.1740000000063,F6:C4:23:AE:49:31,3149ae23c4f61eff4c0012193112bd23725f8c3dcb0f9c58dd3b0671c701e3e03e5644017c,-19125.0,76088.0,-91600.0,65029.0,-95707.0,,0,0,0,0,0,1,1,0,ADV_IND,37,37,12,-1,0,-1,-1,4410,32,8,unknown
4066.1740000000063,F6:C4:23:AE:49:31,3149ae23c4f61eff4c0012193112bd23725f8c3dcb0f9d58dd3b0671c701837e3ad7801d6f,-12134.0,68893.0,-111021.0,85687.0,-102319.0,,0,0,0,0,0,0,1,0,ADV_IND,37,37,7,-1,0,-1,-1,7700,32,8,unknown
4066.1740000000063,F6:C4:23:AE:49:31,3149ae23c4f61eff4c0012193112bd23724f883dcb0f9c58ddbb0671c701e36a6af78a7d2a,-13501.0,77395.0,-82124.0,70085.0,-110916.0,,0,0,0,0,0,0,1,0,ADV_IND,37,37,6,-1,0,-1,-1,1767,32,8,unknown
4066.1740000000063,D3:DB:1D:AF:B6:68,68b6af1ddbd31eff4c00121900be47f5902785a8af453504ce9782c0226c522bd492005184,0.0,72758.0,-115101.0,82492.0,-114741.0,,0,0,0,0,0,0,1,2,ADV_NONCONN_IND,37,37,3,-1,0,-1,-1,3043,32,8,unknown
4066.1740000000063,F6:C4:23:AE:49:31,3149ae23c4f61eff4c0012193112bd23705f8c3dcb0f9c58dd1b0671c781e3d03e5654017c,-7957.0,68205.0,-96958.0,74115.0,-97365.0,,0,0,0,0,0,0,1,0,ADV_IND,37,37,10,-1,0,-1,-1,4375,32,8,unknown
4066.1740000000063,F6:C4:23:AE:49:31,3149ae23c4f61eff4c0012193112bd23705f8c3dcb0f9c58dd3b0651c301e37e6a5704556a,-15573.0,60348.0,-92438.0,72114.0,-98881.0,,0,0,0,0,0,0,1,2,ADV_NONCONN_IND,37,37,13,-1,0,-1,-1,6743,32,8,unknown
4066.1740000000063,F6:C4:23:AE:59:38,3859ae23c4f61eff4c0012193112bd23725f8c3dcb0f9c58dd3b0671c701e3e03e5644017c,-7268.0,68043.0,-94286.0,82774.0,-99354.0,,0,0,0,0,0,0,1,0,ADV_IND,37,37,7,-1,0,-1,-1,4745,31,7,unknown
4066.1740000000063,F6:C4:23:AE:49:31,3149ae23c4f61eff4c0012193112bd23725f8c2dcb0f9c78dd2b04f2c749c3603ad742117c,-6458.0,90110.0,-103546.0,80111.0,-104945.0,,0,0,0,0,0,0,1,0,ADV_IND,37,37,0,-1,0,-1,-1,6944,32,8,unknown
4066.1740000000063,F6:C4:23:AE:49:31,3149ae23c4f61eff4c0012193112bd23725f8c3dcb079c58dd3b06f18a81e3e8aa56455170,-23343.0,72685.0,-100806.0,76476.0,-79070.0,,0,0,0,0,0,0,1,0,ADV_IND,37,37,12,-1,0,-1,-1,3265,32,8,unknown
4066.1740000000063,F6:C4:23:AE:49:31,3149ae23c4f61eff4c0012191d12bd26735f842dcf2b9858d63b0675e709e3e82a5744117c,-4233.0,102840.0,-108539.0,89682.0,-112471.0,,0,0,0,0,0,0,1,0,ADV_IND,37,37,15,-1,0,-1,-1,5673,31,8,unknown
4066.1740000000063,76:D6:23:AE:45:21,2145ae23d6761aff4c0012193112bd23725f8c3dcb0f9d58dd3b0671c701e3e03e5644017d,-9379.0,112772.0,-138767.0,101989.0,-127459.0,,0,0,0,0,0,0,1,2,ADV_NONCONN_IND,37,37,13,-1,0,-1,-1,7971,28,7,unknown
4066.1740000000063,F6:C4:23:AE:49:31,3149ae23c4f61eff4c0012193112bd23725f8c3dcb0f9c58dd3b0671c701e3e03e5644017c,-21512.0,89007.0,-98208.0,86573.0,-125187.0,,0,0,0,0,0,1,1,0,ADV_IND,37,37,5,-1,0,-1,-1,3289,31,7,unknown
4066.1740000000063,F6:C4:23:AE:49:31,3149ae23c4f61eff4c0012193112bd23525f8c2dcb0f9d58dd3b0675c301e3e83e5644417c,1139.0,79493.0,-111725.0,74066.0,-96580.0,,0,0,0,0,0,0,1,0,ADV_IND,37,37,7,-1,0,-1,-1,5608,32,7,unknown
4066.1740000000063,F6:C4:23:AE:49:31,3149ae23c4f61eff4c0012193112bd23725f8c3dcb0f1c68ff6338c9f36d2b13da87ec5205,-10052.0,76787.0,-99837.0,67791.0,-106618.0,,0,0,0,0,0,0,1,0,ADV_IND,37,37,11,-1,0,-1,-1,6473,32,8,unknown
4066.1740000000063,F6:C4:23:AE:49:31,3149ae23c4f61eff4c0012193112bd23725f8c3dcb0f9c58dd3b0671c701e3e03e5644017c,4254.0,72210.0,-89475.0,73858.0,-114621.0,,0,0,0,0,0,1,1,0,ADV_IND,37,37,7,-1,0,-1,-1,7860,31,7,unknown
4066.1740000000063,F6:C4:23:AE:49:31,3149ae23c4f61eff4c001219111bbb2442578c64cfb3a978e2abad9ee149837e60f78a7d2b,-4180.0,77565.0,-92982.0,101268.0,-120639.0,,0,0,0,0,0,0,1,0,ADV_IND,37,37,0,-1,0,-1,-1,4028,32,8,unknown
4066.1740000000063,F6:C4:23:AE:49:31,3149ae23c4f61eff4c0012193112bd23725f8c3dcb0f9c58dd3b0671c701e3e03e5644017c,-36272.0,82331.0,-81916.0,86318.0,-129911.0,,0,0,0,0,0,1,1,0,ADV_IND,37,37,6,-1,0,-1,-1,1757,32,8,unknown
4066.4739999999947,F6:C4:23:AE:49:31,3149ae23c4f61eff4c0012193112bd23725f8c3dcb0f9c58dd3b0671c701e3e03e5644017c,0.0,74622.0,-96051.0,99811.0,-104521.0,,0,0,0,0,0,1,1,0,ADV_IND,37,37,11,-1,0,-1,-1,2174,32,8,unknown
4066.4739999999947,F6:C4:23:AE:49:31,3149ae23c4f61eff4c0012193112bd23725f8c3dcb0f9c58df3b0671c701e3e07e5744117c,-4356.0,88810.0,-109358.0,104219.0,-107208.0,,0,0,0,0,0,0,1,0,ADV_IND,37,37,0,-1,0,-1,-1,4256,32,8,unknown
4066.4739999999947,EC:5E:DB:CA:75:7F,7f75cadb5eec0eff4c00121900a8595e9473321785a11b08a365c054fe5e016916ec090300,-11454.0,73262.0,-79583.0,78741.0,-94586.0,,0,0,0,0,0,0,1,2,ADV_NONCONN_IND,37,37,15,-1,0,-1,-1,7604,32,8,unknown
4066.4739999999947,F6:C4:23:AE:49:31,3149ae23c4f61eff4c0012193112bd23725f8c3dcb0f9c58f5bbad9ee149837e60f78a7d2b,-3227.0,70957.0,-81919.0,78160.0,-96156.0,,0,0,0,0,0,0,1,0,ADV_IND,37,37,6,-1,0,-1,-1,1440,32,8,unknown
4066.4739999999947,F6:C4:23:AE:49:31,3149ae23c4f61eff4c0012193112bd23725f8c3dcb0f9c58dd3b0671c701e3e03e5644017c,-17200.0,72489.0,-82237.0,80001.0,-91988.0,,0,0,0,0,0,0,1,0,ADV_IND,37,37,5,-1,0,-1,-1,5144,32,8,unknown
4066.4739999999947,55:74:CE:28:68:7E,7e6828ce74550201021816aafe40cb132dabb989581c1fa4cd1ba56961a88207baf8,-27686.0,67398.0,-106842.0,98385.0,-151754.0,,0,0,0,0,0,1,1,0,ADV_IND,34,37,15,-1,0,-1,-1,7521,30,8,unknown
4066.4739999999947,F6:C4:23:AE:49:31,3149ae23c4f61eff4c0012193112bd23725f8c3dcb0f9c58dd3b0671c701e3e03e5644017c,-11236.0,107428.0,-109655.0,97287.0,-126432.0,,0,0,0,0,0,1,1,0,ADV_IND,37,37,11,-1,0,-1,-1,4677,31,8,unknown
4066.4739999999947,F6:C4:23:AE:49:31,3149ae23c4f61eff4c0012193112bd23725f8c3dcb0745be320b8424848df1ec5db74c8571,-32981.0,89031.0,-60089.0,77910.0,-84819.0,,0,0,0,0,0,0,1,0,ADV_IND,37,37,14,-1,0,-1,-1,2906,32,8,unknown
4066.4739999999947,F6:C4:23:AE:49:31,3149ae23c4f61eff4c0012193112b923725f8c3dcb0f9c58dd3b0670c701e3e03e5644057c,-3103.0,75316.0,-94076.0,82613.0,-101816.0,,0,0,0,0,0,0,1,0,ADV_IND,37,37,15,-1,0,-1,-1,3969,32,8,unknown
4066.4739999999947,F6:C4:23:AE:49:31,3149ae23c4f61eff4c0012193112bd23725f8c3dcb0f9c58dd3b0671c701e3e03e5644017c,-11227.0,82535.0,-96762.0,90324.0,-128020.0,,0,0,0,0,0,1,1,0,ADV_IND,37,37,2,-1,0,-1,-1,7155,32,8,unknown
4066.4739999999947,F6:C4:23:AE:49:31,3149ae23c4f61eff4c0012193112bd23725f8c3dcb0f9c58dd3b0671c701e3e03e5644017c,-13147.0,116080.0,-120650.0,89963.0,-128484.0,,0,0,0,0,0,1,1,0,ADV_IND,37,37,5,-1,0,-1,-1,1148,30,7,unknown
4066.4739999999947,F6:C4:23:AE:49:31,3149ae23c4f61eff4c0012193112bd23725f8c3dcb0f9d58d53b0671c701e3e02e5444017c,-20275.0,63855.0,-106649.0,79587.0,-73945.0,,0,0,0,0,0,0,1,0,ADV_IND,37,37,11,-1,0,-1,-1,4865,32,8,unknown
4066.4739999999947,F6:C4:23:AE:49:31,3149ae23c4f61eff4c0012193112bd23725f8c3dcb0f9c58dd3b0671c701e3e03e5644017c,-24520.0,87982.0,-91781.0,68790.0,-108554.0,,0,0,0,0,0,1,1,0,ADV_IND,37,37,10,-1,0,-1,-1,1590,32,7,unknown
4066.4739999999947,F6:C4:23:AE:49:31,3149ae23c4f61eff4c0012193112bd23725f8c3dcb0f9c58f53b0670c701e3e03e5644017c,-12576.0,80484.0,-107798.0,93480.0,-100239.0,,0,0,0,0,0,0,1,0,ADV_IND,37,37,14,-1,0,-1,-1,2472,32,8,unknown
4066.4739999999947,F7:C4:23:AE:49:31,3149ae23c4f71eff4c0012193112bd23721f976dcfb3a978f2ab2d9ee149c37e28d7085d6f,-26595.0,91055.0,-93628.0,71557.0,-114477.0,,0,0,0,0,0,0,1,0,ADV_IND,37,37,15,-1,0,-1,-1,4810,32,8,unknown
4066.4739999999947,F6:C4:23:AE:49:31,3149ae23c4f61eff4c0012193112bd23725f8c3dcb0f9c58dd3b0671c70123dc2e5644417e,-11897.0,60532.0,-97261.0,87683.0,-91732.0,,0,0,0,0,0,0,1,0,ADV_IND,37,37,15,-1,0,-1,-1,7001,32,8,unknown
4066.4739999999947,F6:C4:23:AE:49:31,3149ae23c4f61eff4c0012193112bd23725f8c3dcb0f9c58dd3b0671c701e3e03e5644017c,-31589.0,66279.0,-75918.0,87348.0,-116222.0,,0,0,0,0,0,1,1,0,ADV_IND,37,37,3,-1,0,-1,-1,3597,32,8,unknown
4066.4739999999947,F6:C4:23:AE:49:31,3149ae23c4f61eff4c0012193112bd23725f8c3dcb0f9c28fddac64f902e9c44e9dfffb9a7,-23844.0,101155.0,-109072.0,85962.0,-127798.0,,0,0,0,0,0,0,1,0,ADV_IND,37,37,5,-1,0,-1,-1,4742,30,8,unknown
4066.7710000000006,F6:C4:23:AE:49:31,3149ae23c4f61eff4c0012193112bd23725f8c3dcb0f9c58dd3b0671c701e3e03e5644017c,-15238.0,89748.0,-108330.0,89835.0,-129264.0,,0,0,0,0,0,1,1,0,ADV_IND,37,37,4,-1,0,-1,-1,4438,32,8,unknown
4066.7710000000006,F6:C4:23:AE:49:31,3149ae23c4f61eff4c0012193112bd23525f8c3dcb77d558d51b1475c30123c8aa56d040f6,-2877.0,73511.0,-101799.0,74948.0,-102103.0,,0,0,0,0,0,0,1,0,ADV_IND,37,37,11,-1,0,-1,-1,7784,32,8,unknown
4066.7710000000006,F6:C4:23:AE:49:31,3149ae23c4f60eff4c0012193112bd22725f8c3dcb0f9c58dd3b1671c70123dc8b14d901d6,-6691.0,72175.0,-93947.0,68117.0,-103913.0,,0,0,0,0,0,0,1,0,ADV_IND,37,37,9,-1,0,-1,-1,2917,32,7,unknown
4066.7710000000006,F6:C4:23:AE:49:31,3149ae23c4f61eff4c0012193112bd23725f8c3dcb0f9c58d53b24fce309a3726a570c557e,12633.0,67714.0,-102643.0,74518.0,-106769.0,,0,0,0,0,0,0,1,0,ADV_IND,37,37,13,-1,0,-1,-1,4103,32,8,unknown
4066.7710000000006,F7:C0:23:AE:49:31,3149ae23c0f71eff4c0012193102b923724f8d3dcb2f9558df3b14f1c701e3e03e5644017c,-36931.0,68657.0,-94577.0,79396.0,-91172.0,,0,0,0,0,0,0,1,0,ADV_IND,37,37,11,-1,0,-1,-1,5521,32,8,unknown
4066.7710000000006,F6:C4:23:AE:59:31,3159ae23c4f61eff4c0012193112bd23725f8c3ccb0f9c58dd3b0671c701e3e03e5644417c,-2396.0,96739.0,-118138.0,100591.0,-124009.0,,0,0,0,0,0,0,1,0,ADV_IND,37,37,14,-1,0,-1,-1,1366,31,7,unknown
4066.7710000000006,F6:C4:23:AE:49:31,3149ae23c4f61eff4c0012193112bd23725f8c3dcb0f9c58dd3b0671c701e3e03e5644017c,-13382.0,74139.0,-83487.0,95693.0,-111235.0,,0,0,0,0,0,1,1,0,ADV_IND,37,37,7,-1,0,-1,-1,4738,32,8,unknown
4066.7710000000006,F6:C5:23:AE:49:31,3149ae23c5f61eff4c0012193112bd23725f8c2dcb0f9458d73b0675c701e3e83e5644017c,-2241.0,63987.0,-100219.0,68437.0,-85428.0,,0,0,0,0,0,0,1,0,ADV_IND,37,37,11,-1,0,-1,-1,2422,32,8,unknown
4066.7710000000006,F6:C4:23:AE:49:31,3149ae23c4f61eff4c0012193112bd23725f8c3dcb0f9c58dd3b0671c701e3e03e5644017c,-18444.0,92107.0,-76752.0,84220.0,-115369.0,,0,0,0,0,0,1,1,0,ADV_IND,37,37,0,-1,0,-1,-1,4463,32,8,unknown
4066.7710000000006,F6:C4:23:AE:49:31,3149ae23c4f61eff4c0012193112bd23725f8c3dcb0f9c58dd3b0671c701e3e03e5644017c,-22645.0,115920.0,-118496.0,111883.0,-120947.0,,0,0,0,0,0,1,1,0,ADV_IND,37,37,10,-1,0,-1,-1,2251,32,8,unknown
4066.7710000000006,F6:C4:23:AE:49:31,3149ae23c4f61eff4c0012193112bd23725f8c3dcb0f9c58dd3b0671c701e3e03e5644017c,-13403.0,93567.0,-113722.0,108743.0,-128207.0,,0,0,0,0,0,1,1,0,ADV_IND,37,37,2,-1,0,-1,-1,6208,32,8,unknown
4066.7710000000006,F6:C4:23:AE:49:31,3149ae23c4f61eff4c0012193112bd23725f8c3dc3379c58d71b06f8870163e4b256540178,-16412.0,54073.0,-97556.0,92277.0,-93443.0,,0,0,0,0,0,0,1,0,ADV_IND,37,37,14,-1,0,-1,-1,4502,32,7,unknown
4066.7710000000006,F6:C4:23:AE:49:31,3149ae23c4f61eff4c0012193112bd23725f8c3dcb0f9c58dd3b0671c701e3e03e5644017c,0.0,98864.0,-100037.0,85920.0,-112565.0,,0,0,0,0,0,1,1,0,ADV_IND,37,37,5,-1,0,-1,-1,2035,32,8,unknown
4066.7710000000006,F6:C4:23:AE:49:31,3149ae23c4f61eff4c0012193112bd23725f8c3dcb0f9c58dd3b0671c701e3e02e5644017c,-6618.0,80027.0,-93048.0,104614.0,-107376.0,,0,0,0,0,0,0,1,0,ADV_IND,37,37,15,-1,0,-1,-1,5498,31,8,unknown
4067.037000000004,F6:C4:23:AE:49:31,3149ae23c4f61eff4c0012193112bd23725f8c3dcb0f9c58dd3b0671c701e3d43e5644097c,-15694.0,91352.0,-96414.0,96178.0,-79350.0,,0,0,0,0,0,0,1,0,ADV_IND,37,37,9,-1,0,-1,-1,1229,32,7,unknown
4067.3140000000058,D3:DB:1D:AF:B6:68,68b6af1ddbd31eff4c00121900be57f59d2689a166e1a1a1c5135aed4968c24f54bd410000,-33435.0,78655.0,-101900.0,92623.0,-109077.0,,0,0,0,0,0,1,1,2,ADV_NONCONN_IND,37,37,5,-1,0,-1,-1,7021,32,8,unknown
4067.3140000000058,F7:04:23:EE:49:31,3149ee2304f71eff4c0012193112bd23705f8cbdcb0f9c58d53b0671c701e3e032564041fe,-23038.0,60432.0,-114928.0,75075.0,-94058.0,,0,0,0,0,0,0,1,0,ADV_IND,37,37,15,-1,0,-1,-1,2866,31,8,unknown
4067.3140000000058,F6:C4:23:AE:49:39,3949ae23c4f61eff4c0012193312bd23725f883dcb0f9c589d3b0661c60163c02e54d8707c,-28348.0,67101.0,-102859.0,57081.0,-108723.0,,0,0,0,0,0,0,1,0,ADV_IND,37,37,1,-1,0,-1,-1,3762,31,7,unknown
4067.3140000000058,F6:C4:23:AE:49:31,3149ae23c4f61aff4c0012193112bd23525f8c3dcb079c58d53b0671c701e3e03a5644217c,-5029.0,76995.0,-100905.0,86482.0,-124784.0,,0,0,0,0,0,0,1,2,ADV_NONCONN_IND,37,37,4,-1,0,-1,-1,2616,30,7,unknown
4067.5930000000008,F6:C4:23:AE:49:31,3149ae23c4f61eff4c0012193112b927725f8cadcb2f9c58d53b1671c701e3c036564401fc,-23340.0,64889.0,-92246.0,69864.0,-124862.0,,0,0,0,0,0,0,1,2,ADV_NONCONN_IND,37,37,10,-1,0,-1,-1,3228,31,8,unknown
4067.5930000000008,F6:C4:23:AE:49:31,3149ae23c4f60eff4c0012193112bd23725f8c2dcb0f9c78d9bb8477c701a3726c7704516e,0.0,78807.0,-106849.0,79299.0,-113281.0,,0,0,0,0,0,0,1,0,ADV_IND,37,37,14,-1,0,-1,-1,5609,32,8,unknown
4067.5930000000008,F7:C4:23:AE:49:31,3149ae23c4f71eff4c0012193112bd22725f8c3dcb2f9558dd3b067dc701e3e03e1644017e,-20034.0,71658.0,-109936.0,78162.0,-97350.0,,0,0,0,0,0,0,1,0,ADV_IND,37,37,8,-1,0,-1,-1,3779,31,8,unknown
4067.5930000000008,F6:C4:23:AE:49:31,3149ae23c4f60eff4c0012193112bd24725f8d3dcb0fbd58dd3b06718701e3e0be5644017c,-11472.0,73459.0,-111326.0,77691.0,-114795.0,,0,0,0,0,0,0,1,0,ADV_IND,37,37,11,-1,0,-1,-1,5977,32,8,unknown
4067.8719999999958,76:C5:23:9E:49:B0,b0499e23c5761aff4c0012193110bd23725f8fafc30ffe18d53b4021c38163d8b214d8b0d2,-1208.0,60151.0,-86832.0,54817.0,-107816.0,,0,0,0,0,0,0,1,0,ADV_IND,37,37,9,-1,0,-1,-1,2464,32,7,unknown
4067.8719999999958,55:74:CE:28:68:7E,7e6828ce74550201021816aafe40cb132dabb989581c1fa4cd1ba56961a88207baf8,-33615.0,66757.0,-103246.0,73971.0,-100923.0,,0,0,0,0,0,1,1,0,ADV_IND,34,37,3,-1,0,-1,-1,3243,32,8,unknown
4067.8719999999958,F6:C4:27:AE:49:31,3149ae27c4f61eff4c0012193312bd27525f9c3dcb0f9d58d53b067cc601e3e486144811fc,-20109.0,49305.0,-99670.0,78305.0,-102100.0,,0,0,0,0,0,0,1,0,ADV_IND,37,37,13,-1,0,-1,-1,4047,32,8,unknown
4067.8719999999958,F6:C4:23:AE:49:31,3149ae23c4f60eff4c0012193910bd27725f8c3dcb279d58dd1b0671c701e3e03e16500076,7278.0,74300.0,-93585.0,67672.0,-99357.0,,0,0,0,0,0,0,1,2,ADV_NONCONN_IND,37,37,4,-1,0,-1,-1,2600,32,8,unknown
4067.8719999999958,F6:C5:23:AE:49:31,3149ae23c5f60eff4c0012193112bd23525f8d3dcb2f9c58f93b0671c301e3e0ba5644017c,-17121.0,91033.0,-98837.0,82518.0,-101192.0,,0,0,0,0,0,0,1,0,ADV_IND,37,37,6,-1,0,-1,-1,7006,32,8,unknown
4067.8719999999958,F6:C4:23:AE:49:31,3149ae23c4f61eff4c0012196010bd23524f9c3dcb07dc58fd3b4070c781a3e02f54c45876,-30099.0,78568.0,-104457.0,70352.0,-98761.0,,0,0,0,0,0,0,1,0,ADV_IND,37,37,10,-1,0,-1,-1,1105,32,8,unknown
4068.382000000005,EC:5E:DB:CA:75:7F,7f75cadb5eec1eff4c00121900a8595e9473321785a11b08a365c050fe5e016916ec090300,3686.0,65969.0,-101257.0,110842.0,-132861.0,,0,0,0,0,0,1,1,2,ADV_NONCONN_IND,37,37,9,-1,0,-1,-1,6982,32,8,unknown
4068.382000000005,55:74:CE:28:68:7E,7e6828ce74550201021816aafe40cb132dabb989581c1fa4cd1ba55a23ac120faab0,-45085.0,81922.0,-96566.0,73006.0,-138125.0,,0,0,0,0,0,0,1,0,ADV_IND,34,37,6,-1,0,-1,-1,5282,32,8,unknown
4069.163999999997,D3:DB:1D:AF:B6:68,68b6af1ddbd31eff4c00121900be57f59d2e89a16ee1a1a1c5135aed4968c24fd4b6097d95,-12067.0,74417.0,-95585.0,84796.0,-128864.0,,0,0,0,0,0,0,1,2,ADV_NONCONN_IND,37,37,7,-1,0,-1,-1,1698,32,8,unknown
4069.412999999993,EC:5E:DB:CA:75:7F,7f75cadb5eec1eff4c00121900a8595e9473321785a11b08a365c050fe5e016916ec090300,0.0,60547.0,-86914.0,102620.0,-108727.0,,0,0,0,0,0,1,1,2,ADV_NONCONN_IND,37,37,4,-1,0,-1,-1,2607,32,8,unknown
4069.412999999993,55:74:CE:28:68:7E,7e6828ce74550201021816aafe40cb132dabb989581c1fa4cd1ba56963a88207baf8,-18534.0,61035.0,-103500.0,68244.0,-108614.0,,0,0,0,0,0,0,1,0,ADV_IND,34,37,0,-1,0,-1,-1,2209,32,8,unknown
4070.2030000000013,DF:E3:DF:11:A4:A4,a4a411dfe3df1aff4c001219000c6ec5aa06a538493f090a706e83333fb1d9e44bcc910100,9678.0,87199.0,-112052.0,95724.0,-107092.0,,0,0,0,0,0,0,1,2,ADV_NONCONN_IND,37,37,14,-1,0,-1,-1,2042,32,7,unknown
4070.2030000000013,D3:DB:1D:AF:B6:68,68b6af1ddbd31eff4c00121900be57f59d2689a166e1a1a1c5135aed4968c24f54bd410000,-30999.0,95500.0,-128774.0,135590.0,-158359.0,,0,0,0,0,0,1,1,2,ADV_NONCONN_IND,37,37,1,-1,0,-1,-1,5737,32,8,unknown
4071.242999999995,D3:DB:1D:AF:B6:68,68b6af1ddbd31eff4c00121900be57f59d26a9a166a185a1c5137ac54968c24f54bd010000,-10739.0,64793.0,-105746.0,79444.0,-105069.0,,0,0,0,0,0,0,1,2,ADV_NONCONN_IND,37,37,3,-1,0,-1,-1,7453,32,8,unknown
4071.5049999999974,EC:5E:DB:CA:75:7F,7f75cadb5eec1eff4c00121900a8595e9473321785a11b08a365c050fe5e016916ec090300,3201.0,66793.0,-91912.0,79079.0,-111036.0,,0,0,0,0,0,1,1,2,ADV_NONCONN_IND,37,37,7,-1,0,-1,-1,2958,32,8,unknown
4071.761999999995,55:74:CE:28:68:7E,7e6828ce74550201021816aafe40cb132dabb989581c1fa4cd1ba56961a88207baf8,-35979.0,64081.0,-89478.0,77187.0,-134048.0,,0,0,0,0,0,1,1,0,ADV_IND,34,37,9,-1,0,-1,-1,6876,32,8,unknown
4072.2790000000023,D8:8E:A2:0D:26:A9,a9260da28ed806ff4c00121960f697f73bcb84d6f81a2d651fd8a4f5df777496a76322fc41,10466.0,83348.0,-99847.0,77453.0,-121864.0,,0,0,0,0,0,0,1,0,ADV_IND,37,37,9,-1,0,-1,-1,1879,32,7,unknown
4072.2790000000023,D3:DB:1D:AF:B6:68,68b6af1ddbd31eff4c00121900be4ff5b42f95a8dd442704ee1b82c006ec522bd58b016491,-15340.0,104222.0,-126763.0,84279.0,-122525.0,,0,0,0,0,0,0,1,2,ADV_NONCONN_IND,37,37,2,-1,0,-1,-1,6365,32,8,unknown
4072.5440000000017,F4:02:E4:FB:8B:15,158bfbe402f41eff4c00121921cf4607834657545747b44dd4e63f7262817d259a0eaf01fa,-5910.0,97311.0,-84715.0,100055.0,-140579.0,,0,0,0,0,0,1,1,2,ADV_NONCONN_IND,37,37,0,-1,0,-1,-1,2127,30,8,unknown
4072.5440000000017,C3:EA:C8:89:CF:A7,a7cf89c8eac31eff4c00121930e7b8f12fc5875f3ee4c8678a144accd0092a3a8e830475cc,-23363.0,74948.0,-106626.0,78415.0,-114349.0,,0,0,0,0,0,0,1,2,ADV_NONCONN_IND,37,37,12,-1,0,-1,-1,5127,30,8,unknown
4073.3079999999973,D3:DB:1D:AF:B6:68,68b6af1ddbd31eff4c00121900be57f59d26a9a126e3a5a1c5135aed4948404f5495400000,-21613.0,79264.0,-83918.0,56935.0,-129429.0,,0,0,0,0,0,0,1,2,ADV_NONCONN_IND,37,37,5,-1,0,-1,-1,7976,32,8,unknown
4073.5670000000027,55:74:CE:28:68:7E,7e6828ce74550201021816aafe40cb132dabb989581c1fa4cd1ba56961a88207baf8,-41076.0,83351.0,-102365.0,86197.0,-127418.0,,0,0,0,0,0,1,1,0,ADV_IND,34,37,14,-1,0,-1,-1,3276,32,8,unknown
4074.612000000001,55:74:CE:20:68:7E,7e6820ce74550201021816aafe40cb132dabb9894c1c1fa4cd1bb56961888207baf8,-36032.0,67622.0,-96334.0,72262.0,-123123.0,,0,0,0,0,0,0,1,0,ADV_IND,34,37,6,-1,0,-1,-1,3178,32,8,unknown
4075.6800000000003,D3:DB:1D:AF:B6:68,68b6af1ddbd31eff4c00121900be57f59d2689a166e1a1a1c5135aed4968c24fd402087d95,-19657.0,78045.0,-103503.0,97642.0,-113617.0,,0,0,0,0,0,0,1,2,ADV_NONCONN_IND,37,37,6,-1,0,-1,-1,4361,32,8,unknown
4076.5020000000004,55:74:CE:28:68:7E,7e6828ce74550201021816aafe40cb132dabb989581c1fa4cd1ba56961a88207baf8,-48958.0,65952.0,-89838.0,82957.0,-138077.0,,0,0,0,0,0,1,1,0,ADV_IND,34,37,15,-1,0,-1,-1,3708,32,8,unknown
4077.408000000003,D3:DB:19:AF:B6:68,68b6af19dbd30eff4c00121900be57f59d2681a366e1a1a1c59342cd0968520fd4b5410000,-40878.0,92382.0,-105165.0,85898.0,-94554.0,,0,0,0,0,0,0,1,2,ADV_NONCONN_IND,37,37,4,-1,0,-1,-1,3082,32,8,unknown
4079.5759999999937,D3:DB:1D:AF:B6:68,68b6af1ddbd31eff4c00121900be56f59d2681a166e1a1a1c5135aed4948c34f54bc410000,-41651.0,63326.0,-97729.0,72091.0,-101493.0,,0,0,0,0,0,0,1,2,ADV_NONCONN_IND,37,37,14,-1,0,-1,-1,5479,32,8,unknown
4080.2710000000006,55:74:CE:28:68:7E,7e6828ce74550201021816aafe40cb132dabb989581c1fa4cd1ba56961a88207baf8,-31479.0,61006.0,-87920.0,73276.0,-124326.0,,0,0,0,0,0,1,1,0,ADV_IND,34,37,2,-1,0,-1,-1,7799,32,8,unknown
4081.920999999995,D3:DB:1D:AF:B6:68,68b6af1ddbd31eff4c00121900be57f59d2681a16661a7a0ec1b42cd24ed1329d506087885,-13119.0,67781.0,-104817.0,74846.0,-140374.0,,0,0,0,0,0,0,1,2,ADV_NONCONN_IND,37,37,14,-1,0,-1,-1,6975,32,8,unknown
4082.1930000000066,55:74:CE:28:68:7E,7e6828ce74550201021816aafe40cb132dabb989581c1fa4cd1ba56961a88207baf8,-15895.0,68454.0,-94187.0,78328.0,-143787.0,,0,0,0,0,0,1,1,0,ADV_IND,34,37,10,-1,0,-1,-1,4667,32,8,unknown
4083.462000000007,D7:9B:DB:2F:B6:68,68b62fdb9bd71eff4c00121900be57f59d2689a164e1a1a5c513daed4968c24f54bd410000,-7335.0,91682.0,-111127.0,86074.0,-131928.0,,0,0,0,0,0,0,1,2,ADV_NONCONN_IND,37,37,5,-1,0,-1,-1,1750,31,7,unknown
4084.5550000000003,55:74:CE:28:68:7E,7e6828ce74550201021816aafe40cb132dabb98d581c1fa4cd5b354d61aa8203aaf9,-18428.0,50147.0,-103071.0,87620.0,-116524.0,,0,0,0,0,0,0,1,0,ADV_IND,34,37,13,-1,0,-1,-1,4429,32,8,unknown
4085.2030000000013,CD:CA:54:86:18:C8,c8188654cacd1eff4c00121900f1168425bc430ac528095630f7fffd8484469a80c9dc0200,-38409.0,69199.0,-110299.0,78461.0,-161521.0,,0,0,0,0,0,1,1,2,ADV_NONCONN_IND,37,37,7,-1,0,-1,-1,7672,30,8,unknown
4095.7500000000073,5F:E3:DF:11:A4:A4,a4a411dfe35f1eff4c001219000c6ec5aa06a4a8417f091a706e83333ee14ae44b0c745102,3673.0,76561.0,-102789.0,85328.0,-69798.0,,0,0,0,0,0,0,1,2,ADV_NONCONN_IND,37,37,14,-1,0,-1,-1,3655,32,8,unknown
4096.277999999998,55:74:CE:28:68:7E,7e6828ce74550201021816aafe40cb132dabb989581c1fa4cd1ba56961a88207baf8,-25856.0,65187.0,-106104.0,90480.0,-126760.0,,0,0,0,0,0,1,1,0,ADV_IND,34,37,9,-1,0,-1,-1,4932,32,8,unknown
4096.540000000001,CF:65:7D:FA:4E:F9,f94efa7d65cf1eff4c00121900d1a6a85b4d387fe5e138d536dafaca014fd3c72658a3652a,-8521.0,65143.0,-93980.0,80721.0,-116900.0,,0,0,0,0,0,0,1,2,ADV_NONCONN_IND,37,37,9,-1,0,-1,-1,3879,31,7,unknown
4097.106999999996,53:DB:1D:AF:A6:68,68a6af1ddb531eff4c00121900be57f59f2689a164e185a1c5135ae54b6ac20b54bd410000,-5043.0,55060.0,-97367.0,68580.0,-106393.0,,0,0,0,0,0,0,1,2,ADV_NONCONN_IND,37,37,11,-1,0,-1,-1,2681,32,8,unknown
4097.359999999993,C3:EA:C8:89:CF:A7,a7cf89c8eac31eff4c00121930e7b8f12fc5875f3ee4c86f2a559995a5c1b169c03f5800b2,-19160.0,91977.0,-95133.0,94790.0,-135800.0,,0,0,0,0,0,1,1,2,ADV_NONCONN_IND,37,37,8,-1,0,-1,-1,4052,32,7,unknown
4097.359999999993,D7:2E:63:A1:5E:45,455ea1632ed71eff4c001219001eb6762e0b84e38e1d885fe12b2cc21fbecc924fa8240300,-33793.0,84802.0,-126300.0,95339.0,-153508.0,,0,0,0,0,0,0,1,2,ADV_NONCONN_IND,37,37,7,-1,0,-1,-1,5009,31,8,unknown
4097.627,55:74:CE:28:68:7E,7e6828ce74550201021816aafe40cb132dabb989481417a4cd1ba56961a88207baf8,-27211.0,61433.0,-91248.0,73997.0,-122521.0,,0,0,0,0,0,0,1,0,ADV_IND,34,37,9,-1,0,-1,-1,3099,32,7,unknown
4098.931999999993,E5:C0:60:86:93:6F,6f938660c0e51eff4c0012190084427609567fd2065b56569ba0fac6d11438ef7978a80200,-14110.0,66640.0,-89151.0,80732.0,-115689.0,,0,0,0,0,0,1,1,2,ADV_NONCONN_IND,37,37,13,-1,0,-1,-1,7266,32,8,unknown
4099.219000000005,55:74:CE:28:68:7E,7e6828ce74550201021816aafe40cb132dafb989481c1fa4cf1ba56963a88207baf8,-27561.0,56768.0,-89246.0,78246.0,-108773.0,,0,0,0,0,0,0,1,0,ADV_IND,34,37,12,-1,0,-1,-1,2724,31,8,unknown
4099.219000000005,CD:8A:54:86:18:C8,c81886548acd1eff4c00121900f1168425bc430ac528095630f7fffd0086d54bbbb8465695,-63200.0,50469.0,-101724.0,39804.0,-135591.0,,0,0,0,0,0,0,1,2,ADV_NONCONN_IND,37,37,13,-1,0,-1,-1,2607,32,8,unknown
4099.738000000005,CE:46:CE:DA:AF:26,26afdace46ce1eff4c00121900c7206dbc78c91a9dc7d2c78cb0cb23bc4e395f92c329c302,-9603.0,81351.0,-91964.0,71647.0,-111966.0,,0,0,0,0,0,0,1,2,ADV_NONCONN_IND,37,37,1,-1,0,-1,-1,7950,32,8,unknown
4100.012999999999,55:74:CE:28:68:7E,7e6828ce74550201021816aafe40cb132dabb989581c1fa4cd1ba56961a88207baf8,-18783.0,85670.0,-97061.0,83143.0,-134678.0,,0,0,0,0,0,1,1,0,ADV_IND,34,37,8,-1,0,-1,-1,7750,32,8,unknown
4100.279000000002,D6:7D:2A:CD:BD:F8,f8bdcd2a7dd61eff4c001219009608d9681ce6222187a5057c5d1b48bb39ceed149ea50200,-21427.0,48860.0,-91791.0,85281.0,-130599.0,,0,0,0,0,0,0,1,2,ADV_NONCONN_IND,37,37,4,-1,0,-1,-1,7233,32,8,unknown
4100.772999999994,55:74:CE:28:68:7E,7e6828ce74550201021816aafe40cb132dabb989083adc06ea3bfc92329d330d22a0,-14643.0,61369.0,-92706.0,57691.0,-106121.0,,0,0,0,0,0,0,1,0,ADV_IND,34,37,13,-1,0,-1,-1,5160,32,8,unknown
4101.045999999995,D6:7D:2A:CD:BD:F8,f8bdcd2a7dd61eff4c001219009608d9681ce6222187a5057c4d1b48bb39ceed149ea50200,-19132.0,66703.0,-91162.0,86120.0,-139153.0,,0,0,0,0,0,1,1,2,ADV_NONCONN_IND,37,37,9,-1,0,-1,-1,3178,32,8,unknown
4101.837999999996,4E:46:CE:DA:AF:26,26afdace464e0eff4c00121900c7206dbc38eb1a9dc742c584b0cb03bc4e2d8f9aa7295722,-19664.0,81069.0,-88523.0,75454.0,-101009.0,,0,0,0,0,0,0,1,2,ADV_NONCONN_IND,37,37,14,-1,0,-1,-1,5848,32,8,unknown
4102.844000000005,55:74:CE:28:68:7E,7e6828ce74550201021816aafe40cb132dabb989581c1fa4cd1ba56961a88207baf8,-31964.0,50677.0,-105015.0,78626.0,-99198.0,,0,0,0,0,0,1,1,0,ADV_IND,34,37,10,-1,0,-1,-1,6787,30,8,unknown
4103.385000000002,55:74:CE:28:68:7E,7e6828ce74550201021816aafe00cb132dabb989581c1fa4cd1ba56961a88207baf8,-7778.0,75200.0,-108809.0,85751.0,-145701.0,,0,0,0,0,0,0,1,0,ADV_IND,34,37,15,-1,0,-1,-1,3491,32,8,unknown
4103.892,47:74:CE:28:68:7A,7a6828ce744702010a1816aafe40cb132dabb989581c1fa4cd1ba56961a88207baf8,-1609.0,105117.0,-114235.0,81129.0,-141346.0,,0,0,0,0,0,0,1,2,ADV_NONCONN_IND,34,37,5,-1,0,-1,-1,1434,30,8,unknown
4105.006000000001,5D:74:CE:2A:68:7E,7e682ace745d0201221816aafe40cb1325abb9a9581c1fa4cd1ba5696188130d22a0,-26927.0,52873.0,-99838.0,73313.0,-119020.0,,0,0,0,0,0,0,1,0,ADV_IND,34,37,0,-1,0,-1,-1,5696,32,8,unknown
4112.421999999999,55:74:CE:28:68:7E,7e6828ce74550201021816aafe40cb136dab8dac4e1e6d26ef1bb5c0238c020f22b8,-22563.0,64740.0,-111437.0,87117.0,-114538.0,,0,0,0,0,0,0,1,0,ADV_IND,34,37,15,-1,0,-1,-1,2482,32,8,unknown
4113.5450000000055,55:74:CE:28:68:7E,7e6828ce74550201021816aafe40cb132dabb989581c1fa4cd1ba56961a88207baf8,-34035.0,62891.0,-88505.0,89016.0,-139538.0,,0,0,0,0,0,1,1,0,ADV_IND,34,37,0,-1,0,-1,-1,2937,32,7,unknown
4116.218000000001,55:74:CE:28:68:7E,7e6828ce74550201021816aafe40cb132dabb989581c1fa4ed1ba56961a8820faaa0,-17714.0,70405.0,-96149.0,65491.0,-133587.0,,0,0,0,0,0,0,1,0,ADV_IND,34,37,15,-1,0,-1,-1,4646,32,8,unknown
4127.609999999993,5D:74:CE:28:68:7E,7e6828ce745d0201261816aafe40cb132dabb9ad0c3ae806ee1bb5c0238c320f22a0,-13597.0,56635.0,-118817.0,81519.0,-106018.0,,0,0,0,0,0,0,1,0,ADV_IND,34,37,15,-1,0,-1,-1,7180,31,8,unknown
4128.646000000001,55:74:CE:28:68:7E,7e6828ce74550201021816aafe40cb132dabb989581c1fa4cd1ba56961a88207baf8,-31369.0,69076.0,-88345.0,73598.0,-134555.0,,0,0,0,0,0,1,1,0,ADV_IND,34,37,11,-1,0,-1,-1,2602,32,8,unknown
4128.905000000006,5F:74:CE:20:68:3E,3e6820ce745f0201021816aafe40cb122dab07a528a993d7f9ab508f9b0e4f086e8e,-29240.0,73464.0,-105880.0,71603.0,-107959.0,,0,0,0,0,0,0,1,0,ADV_IND,34,37,10,-1,0,-1,-1,7074,32,7,unknown
4129.155999999995,55:74:CE:28:68:7E,7e6828ce74550201021816aafe40cb132c2bb9a9581c1fa4c51ba5e963a88207bab8,-9532.0,54802.0,-96486.0,75635.0,-102932.0,,0,0,0,0,0,0,1,0,ADV_IND,34,37,7,-1,0,-1,-1,4848,32,8,unknown
4129.957000000002,55:74:CE:28:68:7E,7e6828ce74550201021816aafe40cb132dabb989581c1fa4cd1ba56961a88207baf8,-30335.0,49898.0,-96332.0,88053.0,-117930.0,,0,0,0,0,0,1,1,0,ADV_IND,34,37,11,-1,0,-1,-1,1640,32,8,unknown
4138.140999999996,55:74:CE:28:68:7E,7e6828ce74550201021816aafe40cb132dabb989581c1fa4cd1ba56961a88207baf8,-13337.0,57435.0,-86201.0,86348.0,-136551.0,,0,0,0,0,0,1,1,0,ADV_IND,34,37,5,-1,0,-1,-1,1488,32,8,unknown
4141.398999999998,55:74:CE:28:68:7E,7e6828ce74550201021816aafe40cb132dabb989581c1fa4cd1ba56961a88207baf8,-11818.0,49163.0,-97966.0,73259.0,-114902.0,,0,0,0,0,0,0,1,0,ADV_IND,34,37,6,-1,0,-1,-1,6580,32,8,unknown
4148.18,55:74:CE:28:68:7E,7e6828ce74550201021816aafe40cb132dabb989581c1fa4cd1ba56961a88207baf8,-50352.0,60019.0,-92357.0,89944.0,-124171.0,,0,0,0,0,0,1,1,0,ADV_IND,34,37,11,-1,0,-1,-1,5098,32,7,unknown
4159.545999999995,55:74:CE:28:68:7E,7e6828ce74550201021816aafe40cb132dabb9a9581c1fa4cd1ba54961a89207baa0,-7177.0,77046.0,-95609.0,61307.0,-111832.0,,0,0,0,0,0,0,1,0,ADV_IND,34,37,3,-1,0,-1,-1,1042,32,8,unknown
4160.060000000005,55:74:5E:0A:68:7E,7e680a5e74550201021816aafe400917682fa9ac063eed26ea3bbcd2329c330722b0f0,-9281.0,75125.0,-108639.0,75277.0,-120320.0,,0,0,0,0,0,0,1,2,ADV_NONCONN_IND,35,37,5,-1,0,-1,-1,4512,32,7,unknown
4160.565999999999,55:74:CE:28:68:7E,7e6828ce74550201021816aafe40cb132dabb989581c1fa4cda3506f9b076b086e8c,-13994.0,59686.0,-87464.0,74100.0,-126098.0,,0,0,0,0,0,0,1,0,ADV_IND,34,37,9,-1,0,-1,-1,5160,32,8,unknown
4161.053999999996,55:74:CE:28:68:7E,7e6828ce74550201021816aafe40cb136d2bb9895c1e5f04ea3bfc92329d330d22a0,-8255.0,59522.0,-100779.0,83663.0,-118368.0,,0,0,0,0,0,0,1,0,ADV_IND,34,37,3,-1,0,-1,-1,1986,32,8,unknown
4161.5450000000055,F8:44:A5:44:A0:66,66a044a544f81eff4c001219004ab96084efca5bd02407bf97fe2c6ce24c46dadce5001202,-22556.0,80193.0,-101150.0,66205.0,-90670.0,,0,0,0,0,0,0,1,2,ADV_NONCONN_IND,37,37,12,-1,0,-1,-1,3989,32,7,unknown
4162.0250000000015,55:74:CE:28:68:7E,7e6828ce74550201021816aafe40cb132dabb989581c1fa4cd1ba56961a88207baf8,-24340.0,75559.0,-89545.0,80223.0,-148876.0,,0,0,0,0,0,1,1,0,ADV_IND,34,37,12,-1,0,-1,-1,1192,32,8,unknown
4162.767,55:74:CE:28:68:7E,7e6828ce74550201021816aafe40cb132dabb9890e3e6906eb3bfcd0339d330d22b0,-27293.0,62185.0,-112442.0,78938.0,-104024.0,,0,0,0,0,0,0,1,0,ADV_IND,34,37,3,-1,0,-1,-1,2721,32,8,unknown
4163.893999999993,55:74:CE:28:68:7E,7e6828ce74550201021816aafe40db172d27b98d5c1417a4cd5bb569618a8003aaf8,-25947.0,54482.0,-107679.0,78887.0,-98523.0,,0,0,0,0,0,0,1,0,ADV_IND,34,37,4,-1,0,-1,-1,7379,32,7,unknown
4164.791999999994,F8:44:A5:46:A0:56,56a046a544f80eff4c001219004ab96e84cbca1b202447bf94fe2c64f24ce6dafcac021300,-16669.0,79576.0,-86714.0,73249.0,-99940.0,,0,0,0,0,0,0,1,2,ADV_NONCONN_IND,37,37,10,-1,0,-1,-1,3530,31,8,unknown
4168.101000000002,55:74:CE:28:68:7E,7e6828ce74550201021816aafe40cb132dabb989581c1fa4cd1ba56961a88207baf8,-14801.0,61067.0,-111125.0,79502.0,-131186.0,,0,0,0,0,0,1,1,0,ADV_IND,34,37,1,-1,0,-1,-1,3900,32,7,unknown
4169.542999999998,55:74:CE:28:68:7E,7e6828ce74550201021816aafe40cb132dabb989581c1fa4cd1ba56961a88207baf8,-23181.0,53458.0,-86963.0,79844.0,-122389.0,,0,0,0,0,0,1,1,0,ADV_IND,34,37,5,-1,0,-1,-1,2528,32,8,unknown
4172.223000000005,55:74:CE:28:68:7E,7e6828ce74550201021816aafe40cb132dabb989581c1fa4cd1ba56961a88207baf8,-2659.0,42432.0,-94192.0,84989.0,-112156.0,,0,0,0,0,0,1,1,0,ADV_IND,34,37,5,-1,0,-1,-1,7418,32,8,unknown
4174.041999999994,55:74:CE:28:68:7E,7e6828ce74550201021816aafe40cb132dabb989581c1fa4cd1ba56961a88207baf8,-26869.0,69964.0,-94984.0,87522.0,-136661.0,,0,0,0,0,0,1,1,0,ADV_IND,34,37,14,-1,0,-1,-1,2816,32,8,unknown
4175.995000000003,55:74:CE:28:68:7E,7e6828ce74550201021816aafe40cb132dabb989581c1fa4cd1ba56961a88207baf8,-11164.0,79723.0,-99219.0,105414.0,-154804.0,,0,0,0,0,0,1,1,0,ADV_IND,34,37,5,-1,0,-1,-1,6884,32,8,unknown
4178.764000000003,55:74:CE:28:68:7E,7e6828ce74550201021816aafe40cb132dabb989581c1fa4cd1ba56961a88207baf8,-26495.0,69571.0,-90478.0,75354.0,-147776.0,,0,0,0,0,0,1,1,0,ADV_IND,34,37,15,-1,0,-1,-1,7530,32,8,unknown
4190.431999999993,55:74:CE:28:68:7E,7e6828ce74550201021816aafe00d91f24afb989cc141de5c55bb5e9438ac207aa49,-24505.0,67281.0,-102393.0,72069.0,-108187.0,,0,0,0,0,0,0,1,0,ADV_IND,34,37,5,-1,0,-1,-1,7339,32,8,unknown
4191.461000000003,55:74:CE:28:68:7E,7e6828ce74550201021816aafe40cb132dabb989581c1fa4cd1ba56961a88207baf8,-26339.0,49499.0,-102087.0,88947.0,-114802.0,,0,0,0,0,0,1,1,0,ADV_IND,34,37,12,-1,0,-1,-1,6766,32,8,unknown
4192.214,55:74:CE:28:68:7E,7e6828ce74550201021816aafe40cb132dabb989581c1fa4cd1ba56961a88207baf8,-3037.0,68914.0,-97085.0,61969.0,-120620.0,,0,0,0,0,0,1,1,0,ADV_IND,34,37,1,-1,0,-1,-1,6187,32,8,unknown
4192.957000000002,55:74:CE:08:68:7E,7e6808ce74550201021816aafe40cb132dabb9a90c1c4c86cf3bfc90338c120fbab8,-26522.0,55866.0,-95521.0,82105.0,-119680.0,,0,0,0,0,0,0,1,0,ADV_IND,34,37,12,-1,0,-1,-1,3593,32,8,unknown
4193.506000000001,55:74:CE:30:68:7E,7e6830ce74550201021816aafe40cb132dabb989581c1fa4cd1ba56961a88207baf8e0,-30201.0,101477.0,-104470.0,77431.0,-133127.0,,0,0,0,0,0,0,1,0,ADV_IND,35,37,13,-1,0,-1,-1,2270,29,8,unknown
4194.314000000006,55:74:CE:28:68:7E,7e6828ce74550201021816aafe40cb132dabb989581c1fa4cd1ba56961a88207baf8,-39178.0,66259.0,-98634.0,87197.0,-120491.0,,0,0,0,0,0,1,1,0,ADV_IND,34,37,10,-1,0,-1,-1,4268,31,8,unknown
4194.559000000001,D3:DB:1D:AF:B6:68,68b6af1ddbd31eff4c00121900be57f59d2689a166e0a1a1c5135aed4968c24f54bd410000,-23543.0,90572.0,-106528.0,119924.0,-124393.0,,0,0,0,0,0,0,1,2,ADV_NONCONN_IND,37,37,1,-1,0,-1,-1,6394,30,7,unknown
4194.559000000001,55:74:CE:28:68:7E,7e6828ce74550201021816aafe40cb132dabb989581c1fa4ed1ba56961a88207baf8,-2923.0,68869.0,-110249.0,78583.0,-115177.0,,0,0,0,0,0,0,1,0,ADV_IND,34,37,15,-1,0,-1,-1,2258,32,7,unknown
4195.063000000002,55:74:CE:28:68:7E,7e6828ce74550201021816aafe40cb13686d8dbc063ae806ea3bfc82329c330d22b0,-15274.0,51671.0,-102465.0,86730.0,-105492.0,,0,0,0,0,0,0,1,0,ADV_IND,34,37,1,-1,0,-1,-1,6342,32,8,unknown
4196.606999999996,55:74:CE:28:68:7E,7e6828ce74550201021816aafe40cb132dabb989581c1fa4cd1ba56961a88207baf8,-1172.0,63813.0,-111103.0,81777.0,-130703.0,,0,0,0,0,0,1,1,0,ADV_IND,34,37,5,-1,0,-1,-1,7197,32,8,unknown
4199.027999999998,55:74:CE:28:68:7E,7e6828ce74550201021816aafe40cb126c6f8dbe0e3ae826eb3bfc92339d330d22a0,-39790.0,63319.0,-103399.0,81756.0,-102018.0,,0,0,0,0,0,0,1,0,ADV_IND,34,37,13,-1,0,-1,-1,2430,32,8,unknown
4203.294000000002,D3:DB:19:AF:86:68,6886af19dbd31eff4c001219009e56f5b92f91aa47e137a0ce9342c82b78422f5586410190,390.0,76903.0,-116663.0,94279.0,-98058.0,,0,0,0,0,0,0,1,2,ADV_NONCONN_IND,37,37,11,-1,0,-1,-1,1361,31,7,unknown
4203.294000000002,55:74:CE:28:68:7E,7e6828ce74550201021816aafe40cb122dabb9a8581c1fa4cd1ba54961a80207baf8,-33333.0,94803.0,-127451.0,75653.0,-129049.0,,0,0,0,0,0,0,1,0,ADV_IND,34,37,1,-1,0,-1,-1,6297,31,7,unknown
4204.610999999997,54:F4:CE:28:68:7E,7e6828cef4540209021816aafe40cb122d2bb989481c1fa4cd1ba56961a88207baf8,-10630.0,97267.0,-111691.0,78106.0,-148904.0,,0,0,0,0,0,0,1,0,ADV_IND,34,37,5,-1,0,-1,-1,5351,31,7,unknown
4206.359000000004,55:74:CE:28:68:7E,7e6828ce74550201021816aafe40cb132dabb989581c1fa4cd1ba54961a88207bab0,-32720.0,72779.0,-93046.0,69099.0,-123101.0,,0,0,0,0,0,0,1,0,ADV_IND,34,37,8,-1,0,-1,-1,6611,32,8,unknown
4208.735999999997,55:74:CE:28:68:7E,7e6828ce74550201021816aafe40cb132dabb989481c1fa4cd1ba5e9338c330d22a0,-10397.0,69857.0,-97805.0,71349.0,-134125.0,,0,0,0,0,0,0,1,0,ADV_IND,34,37,11,-1,0,-1,-1,5163,32,8,unknown
4212.5220000000045,55:74:CE:20:68:6E,6e6820ce74550201221816aafe0089132d2bb9895c1c5fa6cd1ba56961a88207baf8,-22299.0,81911.0,-120010.0,83624.0,-124834.0,,0,0,0,0,0,0,1,0,ADV_IND,34,37,6,-1,0,-1,-1,5465,30,8,unknown
4224.708999999995,55:74:CE:28:68:7E,7e6828ce74550201021816aafe40cb132dabb989581c1fa4cd1ba56961a88207baf8,-15015.0,61746.0,-92689.0,77552.0,-134825.0,,0,0,0,0,0,1,1,0,ADV_IND,34,37,2,-1,0,-1,-1,6816,32,8,unknown
4225.216999999997,55:74:CE:28:68:7E,7e6828ce74550201021816aafe40cb132dabb989483e4c06ea3bfcd2329d330d22a0,-16952.0,64261.0,-108251.0,82401.0,-127809.0,,0,0,0,0,0,0,1,0,ADV_IND,34,37,5,-1,0,-1,-1,2714,32,8,unknown
4225.742000000006,55:74:CE:28:68:7E,7e6828ce74550201021816aafe40cb132dabb989581c1fa4cd1ba56961a88207baf8,-29522.0,83105.0,-100432.0,74526.0,-133604.0,,0,0,0,0,0,1,1,0,ADV_IND,34,37,13,-1,0,-1,-1,1184,32,8,unknown
4226.2950000000055,E8:AE:96:E9:46:65,6546e996aee81eff4c001219002fc678e0225c00537d90e0a3a51c0415738fd74772880100,1682.0,112010.0,-96502.0,117366.0,-138273.0,,0,0,0,0,0,1,1,2,ADV_NONCONN_IND,37,37,14,-1,0,-1,-1,7966,31,8,unknown
4226.557999999997,55:74:CE:28:68:7E,7e6828ce74550201021816aafe00d9172d2bb989581c1fa4c51ba56961a88207baf8,-5194.0,53093.0,-117388.0,71903.0,-94634.0,,0,0,0,0,0,0,1,0,ADV_IND,34,37,0,-1,0,-1,-1,6580,32,7,unknown
4227.093000000001,E8:AE:96:E9:46:65,6546e996aee81eff4c001219002fc678e0225c00537d90e0a3a51c0489701de55ce5ec7d15,23935.0,84307.0,-69718.0,92342.0,-115294.0,,0,0,0,0,0,0,1,2,ADV_NONCONN_IND,37,37,0,-1,0,-1,-1,7111,32,8,unknown
4227.362000000001,55:74:CE:28:68:7E,7e6828ce74550201021816aafe40cb132dabb989581c1fa4cd1ba56961a88207baf8,-28975.0,65525.0,-96405.0,88471.0,-128810.0,,0,0,0,0,0,1,1,0,ADV_IND,34,37,12,-1,0,-1,-1,4531,32,8,unknown
4227.905000000006,E8:AE:96:E9:46:65,6546e996aee81eff4c001219002fc678e0225c00537d90e0a3a51c0415738fd74772880100,0.0,117924.0,-86999.0,145708.0,-133200.0,,0,0,0,0,0,1,1,2,ADV_NONCONN_IND,37,37,3,-1,0,-1,-1,4341,31,8,unknown
4228.419000000002,55:74:CE:28:68:7E,7e6828ce74550201021816aafe40cb132dabb98e4c3acc26ef1bf4c2338c330daab0,-16807.0,58512.0,-111601.0,77248.0,-102819.0,,0,0,0,0,0,0,1,0,ADV_IND,34,37,15,-1,0,-1,-1,1374,32,8,unknown
4229.1759999999995,55:74:CE:28:68:7E,7e6828ce74550201021816aafe40cb132dabb989581c1fa4cd1ba56961a88207baf8,-19740.0,59352.0,-93321.0,84700.0,-128764.0,,0,0,0,0,0,1,1,0,ADV_IND,34,37,14,-1,0,-1,-1,3675,32,8,unknown
