timestamp,AdvA,payload,CFO_Hz,CFO_00_Hz,CFO_11_Hz,CFO_10_Hz,CFO_01_Hz,CFO_from_transitions_Hz,nprod_00,nprod_11,nprod_10,nprod_01,nprod_total,crc_ok,is_tag_ecosystem,pdu_type,pdu_type_name,length,channel,phase,polarity,slip,window_start,window_end,aa_pos,aa_corr,pre_corr,cfo_window,eco,_group
0.0,c5:42:bb:cc:7a:5d,5d7accbb42c51eff4c001219205d0ff5e34cc655b578b203d216c170501cf522bd06670143,-29984.0,62642.0,-57915.0,60473.0,-97064.0,,0,0,0,0,0,1,1,0,ADV_IND,37,37,13,-1,0,-1,-1,4931,32,8,unknown,APPLE,
0.0,c7:af:60:4b:85:66,66854b60afc71eff4c00121910d46c28dc0d9d8f5f5bb9d5717becc53107c1c659d1a50121,-1530.0,74973.0,-115658.0,76290.0,-142490.0,,0,0,0,0,0,1,1,0,ADV_IND,37,37,13,-1,0,-1,-1,6472,32,8,unknown,APPLE,
1.687000000005355,f6:b8:9f:83:bd:03,03bd839fb8f61eff4c001219001469e8ebed498934d8385640dc99f047ef2650847c540300,-33403.0,93698.0,-106747.0,83371.0,-104759.0,,0,0,0,0,0,1,1,2,ADV_NONCONN_IND,37,37,7,-1,0,-1,-1,4201,32,8,unknown,APPLE,
1.687000000005355,f1:bf:62:b8:c6:5c,25666c3cf5f41eff4c00121910c4ae7bedf14240cd85e38faa329cbbc7be0f299a6ed70378,-9936.0,77487.0,-122390.0,88799.0,-155668.0,,0,0,0,0,0,1,1,0,ADV_IND,37,37,0,-1,0,-1,-1,5429,32,8,unknown,APPLE,f4:f5:3c:6c:66:25
1.687000000005355,c7:af:60:4b:85:66,66854b60afc71eff4c00121910d46c28dc0d9d8f5f5bb9d5717becc53107c1c659d1a50121,-46272.0,85164.0,-113777.0,101655.0,-151638.0,,0,0,0,0,0,1,1,0,ADV_IND,37,37,0,-1,0,-1,-1,4350,32,7,unknown,APPLE,
3.338000000003376,e6:be:13:f4:64:f3,f364f413bee61eff4c00121960f1ddfdbe31f85265440bc58a10a8fed11b5065ef754001bf,0.0,84820.0,-78708.0,120998.0,-148788.0,,0,0,0,0,0,1,1,0,ADV_IND,37,37,2,-1,0,-1,-1,1252,32,8,unknown,APPLE,
3.338000000003376,da:b5:7c:16:17:65,6517167cb5da1eff4c001219200101732920050f6f0afcdbb4a1c0fec22f1adfd25b990220,-43271.0,50167.0,-71615.0,73160.0,-115591.0,,0,0,0,0,0,1,1,0,ADV_IND,37,37,11,-1,0,-1,-1,4882,31,8,unknown,APPLE,
3.338000000003376,dd:27:67:8d:21:8f,8f218d6727dd1eff4c001219207fa46f70985c3c501638898e8f9471bd96fbec70927c0030,-36837.0,91280.0,-59475.0,89994.0,-122031.0,,0,0,0,0,0,1,1,0,ADV_IND,37,37,6,-1,0,-1,-1,2553,32,8,unknown,APPLE,
5.089000000007218,7b:72:59:f5:a9:0b,0ba9f559727b0201061916aafe40e094d2e827a9c8d79a7b07623d7bad748afd77df20,-695.0,84527.0,-94951.0,85376.0,-97835.0,,0,0,0,0,0,1,1,0,ADV_IND,35,37,5,-1,0,-1,-1,2304,32,8,unknown,GOOGLE,
7.010000000009313,d0:9a:ae:34:3b:7a,7a3b34ae9ad01eff4c00121960e11e30be85d0a9f75dc145a67e05944db6b1f0e16c6f005d,21809.0,84915.0,-90474.0,105863.0,-157355.0,,0,0,0,0,0,1,1,0,ADV_IND,37,37,12,-1,0,-1,-1,7133,31,8,unknown,APPLE,
8.101000000009662,e3:77:2e:17:6e:79,796e172e77e31eff4c001219007204631fc9a33665410454db5dff1ff56d4c2f9f78270200,-5915.0,64965.0,-89970.0,91570.0,-133369.0,,0,0,0,0,0,1,1,2,ADV_NONCONN_IND,37,37,10,-1,0,-1,-1,7667,31,7,unknown,APPLE,
10.009000000005472,c7:af:60:4b:85:66,66854b60afc71eff4c00121910d46c28dc0d9d8f5f5bb9d5717becc53107c1c659d1a50121,-40190.0,78539.0,-101810.0,97828.0,-151487.0,,0,0,0,0,0,1,1,0,ADV_IND,37,37,6,-1,0,-1,-1,5250,32,8,unknown,APPLE,
10.009000000005472,7b:72:59:f5:a9:0b,0ba9f559727b0201061916aafe40e094d2e827a9c8d79a7b07623d7bad748afd77df20,-29582.0,92347.0,-104528.0,86192.0,-92841.0,,0,0,0,0,0,1,1,0,ADV_IND,35,37,12,-1,0,-1,-1,2966,32,8,unknown,GOOGLE,
10.009000000005472,e3:77:2e:17:6e:79,796e172e77e31eff4c001219007204631fc9a33665410454db5dff1ff56d4c2f9f78270200,-27043.0,78214.0,-97013.0,83856.0,-128943.0,,0,0,0,0,0,1,1,2,ADV_NONCONN_IND,37,37,0,-1,0,-1,-1,6913,31,8,unknown,APPLE,
10.009000000005472,e6:be:13:f4:64:f3,f364f413bee61eff4c00121960f1ddfdbe31f85265440bc58a10a8fed11b5065ef754001bf,-1698.0,73122.0,-68753.0,94466.0,-147368.0,,0,0,0,0,0,1,1,0,ADV_IND,37,37,1,-1,0,-1,-1,5502,32,8,unknown,APPLE,
11.181000000011409,e4:59:33:92:54:87,8754923359e41eff4c00121910e3666ac58c1a57b69a85a58f8d2348289d72cd52e31600da,-20658.0,91186.0,-119439.0,83803.0,-161708.0,,0,0,0,0,0,1,1,0,ADV_IND,37,37,10,-1,0,-1,-1,4549,30,8,unknown,APPLE,
11.181000000011409,da:b5:7c:16:17:65,6517167cb5da1eff4c001219200101732920050f6f0afcdbb4a1c0fec22f1adfd25b990220,-37573.0,82284.0,-89077.0,75172.0,-116397.0,,0,0,0,0,0,1,1,0,ADV_IND,37,37,13,-1,0,-1,-1,5734,32,8,unknown,APPLE,
11.181000000011409,dd:27:67:8d:21:8f,8f218d6727dd1eff4c001219207fa46f70985c3c501638898e8f9471bd96fbec70927c0030,-32422.0,97457.0,-52294.0,69457.0,-116830.0,,0,0,0,0,0,1,1,0,ADV_IND,37,37,7,-1,0,-1,-1,2458,32,8,unknown,APPLE,
12.203000000008617,da:b5:7c:16:17:65,6517167cb5da1eff4c001219200101732920050f6f0afcdbb4a1c0fec22f1adfd25b990220,-34606.0,58965.0,-85938.0,89493.0,-115680.0,,0,0,0,0,0,1,1,0,ADV_IND,37,37,12,-1,0,-1,-1,3831,32,8,unknown,APPLE,
12.203000000008617,dd:27:67:8d:21:8f,8f218d6727dd1eff4c001219207fa46f70985c3c501638898e8f9471bd96fbec70927c0030,1544.0,66530.0,-85858.0,75753.0,-95416.0,,0,0,0,0,0,1,1,0,ADV_IND,37,37,11,-1,0,-1,-1,2357,32,8,unknown,APPLE,
13.494000000006054,7b:72:59:f5:a9:0b,0ba9f559727b0201061916aafe40e094d2e827a9c8d79a7b07623d7bad748afd77df20,-5450.0,92464.0,-113728.0,102190.0,-133779.0,,0,0,0,0,0,1,1,0,ADV_IND,35,37,4,-1,0,-1,-1,5594,32,8,unknown,GOOGLE,
14.489000000001395,d0:9a:ae:34:3b:7a,7a3b34ae9ad01eff4c00121960e11e30be85d0a9f75dc145a67e05944db6b1f0e16c6f005d,16522.0,88261.0,-84519.0,91117.0,-145942.0,,0,0,0,0,0,1,1,0,ADV_IND,37,37,2,-1,0,-1,-1,4662,32,8,unknown,APPLE,
15.583000000013271,d9:f4:7b:97:85:c9,c985977bf4d91eff4c0012190052ff6be0d3b88886035481ff2e6622defffc507a38500100,-29321.0,95552.0,-113395.0,101550.0,-130942.0,,0,0,0,0,0,1,1,2,ADV_NONCONN_IND,37,37,13,-1,0,-1,-1,5429,28,7,unknown,APPLE,
16.872000000003027,cb:9e:19:3f:70:60,60703f199ecb1eff4c00121920149e937d5f4985e4f90281d863a109b763242d487f8103b5,-36385.0,80953.0,-108147.0,107017.0,-144231.0,,0,0,0,0,0,1,1,0,ADV_IND,37,37,11,-1,0,-1,-1,1706,32,8,unknown,APPLE,
17.6310000000085,c7:af:60:4b:85:66,66854b60afc71eff4c00121910d46c28dc0d9d8f5f5bb9d5717becc53107c1c659d1a50121,-22138.0,67255.0,-111273.0,70448.0,-150514.0,,0,0,0,0,0,1,1,0,ADV_IND,37,37,3,-1,0,-1,-1,4066,32,8,unknown,APPLE,
19.176000000006752,d2:1b:8b:8e:cd:29,29cd8e8b1bd21eff4c00121960648cbf306782d6f46e4e49ecfe450b9edf077d9e7a6700b2,-29743.0,45296.0,-77408.0,70501.0,-110085.0,,0,0,0,0,0,1,1,0,ADV_IND,37,37,11,-1,0,-1,-1,3814,32,7,unknown,APPLE,
19.176000000006752,e3:77:2e:17:6e:79,796e172e77e31eff4c001219007204631fc9a33665410454db5dff1ff56d4c2f9f78270200,-20540.0,42238.0,-84718.0,82407.0,-82318.0,,0,0,0,0,0,1,1,2,ADV_NONCONN_IND,37,37,13,-1,0,-1,-1,3576,32,8,unknown,APPLE,
19.176000000006752,dd:27:67:8d:21:8f,8f218d6727dd1eff4c001219207fa46f70985c3c501638898e8f9471bd96fbec70927c0030,-24706.0,92643.0,-66395.0,94792.0,-134983.0,,0,0,0,0,0,1,1,0,ADV_IND,37,37,8,-1,0,-1,-1,5054,32,8,unknown,APPLE,
20.78100000000268,cb:9e:19:3f:70:60,60703f199ecb1eff4c00121920149e937d5f4985e4f90281d863a109b763242d487f8103b5,-33311.0,64150.0,-95502.0,72376.0,-128168.0,,0,0,0,0,0,1,1,0,ADV_IND,37,37,3,-1,0,-1,-1,3697,32,8,unknown,APPLE,
20.78100000000268,7b:5c:1b:e4:db:91,91dbe41b5c7b0201021816aafe405d51fbfe24e874a5827d8664ee9860a4562a3b59,167.0,62805.0,-93842.0,63825.0,-110103.0,,0,0,0,0,0,1,1,0,ADV_IND,34,37,15,-1,0,-1,-1,5774,32,8,unknown,GOOGLE,
20.78100000000268,d0:9a:ae:34:3b:7a,7a3b34ae9ad01eff4c00121960e11e30be85d0a9f75dc145a67e05944db6b1f0e16c6f005d,9472.0,84696.0,-88263.0,115653.0,-165788.0,,0,0,0,0,0,1,1,0,ADV_IND,37,37,0,-1,0,-1,-1,7088,31,8,unknown,APPLE,
20.78100000000268,c7:af:60:4b:85:66,66854b60afc71eff4c00121910d46c28dc0d9d8f5f5bb9d5717becc53107c1c659d1a50121,-40499.0,57353.0,-95506.0,80041.0,-144891.0,,0,0,0,0,0,1,1,0,ADV_IND,37,37,14,-1,0,-1,-1,2638,32,8,unknown,APPLE,
22.08400000000256,e3:77:2e:17:6e:79,796e172e77e31eff4c001219007204631fc9a33665410454db5dff1ff56d4c2f9f78270200,-22658.0,70983.0,-94070.0,87209.0,-117076.0,,0,0,0,0,0,1,1,2,ADV_NONCONN_IND,37,37,0,-1,0,-1,-1,3170,32,8,unknown,APPLE,
23.684000000008385,f1:bf:62:b8:c6:5c,25666c3cf5f41eff4c00121910c4ae7bedf14240cd85e38faa329cbbc7be0f299a6ed70378,-31610.0,99750.0,-90211.0,82826.0,-141458.0,,0,0,0,0,0,1,1,0,ADV_IND,37,37,6,-1,0,-1,-1,7657,32,8,unknown,APPLE,f4:f5:3c:6c:66:25
23.684000000008385,c7:af:60:4b:85:66,66854b60afc71eff4c00121910d46c28dc0d9d8f5f5bb9d5717becc53107c1c659d1a50121,-32686.0,69236.0,-107403.0,85244.0,-128238.0,,0,0,0,0,0,1,1,0,ADV_IND,37,37,8,-1,0,-1,-1,4621,32,8,unknown,APPLE,
23.684000000008385,7b:72:59:f5:a9:0b,0ba9f559727b0201061916aafe40e094d2e827a9c8d79a7b07623d7bad748afd77df20,-11953.0,90863.0,-101348.0,86732.0,-101707.0,,0,0,0,0,0,1,1,0,ADV_IND,35,37,5,-1,0,-1,-1,7482,32,8,unknown,GOOGLE,
25.226000000009662,dd:27:67:8d:21:8f,8f218d6727dd1eff4c001219207fa46f70985c3c501638898e8f9471bd96fbec70927c0030,-11669.0,103195.0,-89667.0,69996.0,-122959.0,,0,0,0,0,0,1,1,0,ADV_IND,37,37,12,-1,0,-1,-1,6411,31,7,unknown,APPLE,
25.226000000009662,e4:59:33:92:54:87,8754923359e41eff4c00121910e3666ac58c1a57b69a85a58f8d2348289d72cd52e31600da,-24965.0,87881.0,-110091.0,55585.0,-141954.0,,0,0,0,0,0,1,1,0,ADV_IND,37,37,10,-1,0,-1,-1,3996,30,7,unknown,APPLE,
25.226000000009662,d0:9a:ae:34:3b:7a,7a3b34ae9ad01eff4c00121960e11e30be85d0a9f75dc145a67e05944db6b1f0e16c6f005d,16976.0,75179.0,-85736.0,96952.0,-132037.0,,0,0,0,0,0,1,1,0,ADV_IND,37,37,10,-1,0,-1,-1,2228,31,8,unknown,APPLE,
25.226000000009662,c8:bf:27:a8:92:3a,3a92a827bfc81eff4c00121910b6c539b0da3aea66219a7f9cb9407cc1381b43db47dd03ac,-30350.0,67663.0,-78038.0,73225.0,-147671.0,,0,0,0,0,0,1,1,0,ADV_IND,37,37,4,-1,0,-1,-1,2876,31,8,unknown,APPLE,
26.469000000011874,cb:9e:19:3f:70:60,60703f199ecb1eff4c00121920149e937d5f4985e4f90281d863a109b763242d487f8103b5,-35211.0,77525.0,-105995.0,71166.0,-123298.0,,0,0,0,0,0,1,1,0,ADV_IND,37,37,3,-1,0,-1,-1,6102,32,8,unknown,APPLE,
26.469000000011874,f6:b8:9f:83:bd:03,03bd839fb8f61eff4c001219001469e8ebed498934d8385640dc99f047ef2650847c540300,-34777.0,94774.0,-110117.0,72477.0,-142518.0,,0,0,0,0,0,1,1,2,ADV_NONCONN_IND,37,37,13,-1,0,-1,-1,2203,32,8,unknown,APPLE,
26.469000000011874,dd:27:67:8d:21:8f,8f218d6727dd1eff4c001219207fa46f70985c3c501638898e8f9471bd96fbec70927c0030,-21348.0,97921.0,-95999.0,115650.0,-150623.0,,0,0,0,0,0,1,1,0,ADV_IND,37,37,3,-1,0,-1,-1,3833,31,8,unknown,APPLE,
27.622000000003027,d9:f4:7b:97:85:c9,c985977bf4d91eff4c0012190052ff6be0d3b88886035481ff2e6622defffc507a38500100,-16671.0,53123.0,-93427.0,87775.0,-101895.0,,0,0,0,0,0,1,1,2,ADV_NONCONN_IND,37,37,6,-1,0,-1,-1,6229,32,8,unknown,APPLE,
27.622000000003027,7b:72:59:f5:a9:0b,0ba9f559727b0201061916aafe40e094d2e827a9c8d79a7b07623d7bad748afd77df20,-12469.0,84588.0,-103882.0,72851.0,-120047.0,,0,0,0,0,0,1,1,0,ADV_IND,35,37,5,-1,0,-1,-1,4986,32,8,unknown,GOOGLE,
27.96600000000035,e3:77:2e:17:6e:79,796e172e77e31eff4c001219007204631fc9a33665410454db5dff1ff56d4c2f9f78270200,-38525.0,77331.0,-86437.0,105351.0,-130623.0,,0,0,0,0,0,1,1,2,ADV_NONCONN_IND,37,37,1,-1,0,-1,-1,3745,32,8,unknown,APPLE,
27.96600000000035,cb:9e:19:3f:70:60,60703f199ecb1eff4c00121920149e937d5f4985e4f90281d863a109b763242d487f8103b5,-59777.0,107422.0,-128165.0,109872.0,-146781.0,,0,0,0,0,0,1,1,0,ADV_IND,37,37,3,-1,0,-1,-1,2549,32,8,unknown,APPLE,
27.96600000000035,d0:9a:ae:34:3b:7a,7a3b34ae9ad01eff4c00121960e11e30be85d0a9f75dc145a67e05944db6b1f0e16c6f005d,8909.0,76873.0,-88986.0,84260.0,-116635.0,,0,0,0,0,0,1,1,0,ADV_IND,37,37,15,-1,0,-1,-1,4037,32,8,unknown,APPLE,
27.96600000000035,e6:be:13:f4:64:f3,f364f413bee61eff4c00121960f1ddfdbe31f85265440bc58a10a8fed11b5065ef754001bf,-7419.0,87005.0,-75740.0,113197.0,-141376.0,,0,0,0,0,0,1,1,0,ADV_IND,37,37,10,-1,0,-1,-1,7582,31,8,unknown,APPLE,
29.49900000001071,c8:bf:27:a8:92:3a,3a92a827bfc81eff4c00121910b6c539b0da3aea66219a7f9cb9407cc1381b43db47dd03ac,-24785.0,62021.0,-115936.0,97182.0,-122295.0,,0,0,0,0,0,1,1,0,ADV_IND,37,37,13,-1,0,-1,-1,1235,32,8,unknown,APPLE,
30.452000000004773,da:b5:7c:16:17:65,6517167cb5da1eff4c001219200101732920050f6f0afcdbb4a1c0fec22f1adfd25b990220,-55065.0,92121.0,-90991.0,94176.0,-135060.0,,0,0,0,0,0,1,1,0,ADV_IND,37,37,7,-1,0,-1,-1,2559,32,8,unknown,APPLE,
32.103000000002794,e3:77:2e:17:6e:79,796e172e77e31eff4c001219007204631fc9a33665410454db5dff1ff56d4c2f9f78270200,-35068.0,42823.0,-72960.0,100122.0,-129131.0,,0,0,0,0,0,1,1,2,ADV_NONCONN_IND,37,37,5,-1,0,-1,-1,4984,31,7,unknown,APPLE,
33.74200000001292,7b:72:59:f5:a9:0b,0ba9f559727b0201061916aafe40e094d2e827a9c8d79a7b07623d7bad748afd77df20,3523.0,88172.0,-93489.0,77587.0,-130210.0,,0,0,0,0,0,1,1,0,ADV_IND,35,37,1,-1,0,-1,-1,3158,32,8,unknown,GOOGLE,
35.345000000001164,f6:b8:9f:83:bd:03,03bd839fb8f61eff4c001219001469e8ebed498934d8385640dc99f047ef2650847c540300,-27980.0,99644.0,-117876.0,80375.0,-142214.0,,0,0,0,0,0,1,1,2,ADV_NONCONN_IND,37,37,6,-1,0,-1,-1,4668,28,7,unknown,APPLE,
36.99700000000303,d9:f4:7b:97:85:c9,c985977bf4d91eff4c0012190052ff6be0d3b88886035481ff2e6622defffc507a38500100,-9401.0,114779.0,-108805.0,84782.0,-137109.0,,0,0,0,0,0,1,1,2,ADV_NONCONN_IND,37,37,11,-1,0,-1,-1,5363,31,8,unknown,APPLE,
38.71800000000803,d0:9a:ae:34:3b:7a,7a3b34ae9ad01eff4c00121960e11e30be85d0a9f75dc145a67e05944db6b1f0e16c6f005d,6642.0,90244.0,-78679.0,80727.0,-136964.0,,0,0,0,0,0,1,1,0,ADV_IND,37,37,12,-1,0,-1,-1,3926,32,7,unknown,APPLE,
40.22000000000117,7b:72:59:f5:a9:0b,0ba9f559727b0201061916aafe40e094d2e827a9c8d79a7b07623d7bad748afd77df20,-19306.0,93057.0,-110140.0,87703.0,-130141.0,,0,0,0,0,0,1,1,0,ADV_IND,35,37,6,-1,0,-1,-1,7530,31,8,unknown,GOOGLE,
40.22000000000117,cb:9e:19:3f:70:60,60703f199ecb1eff4c00121920149e937d5f4985e4f90281d863a109b763242d487f8103b5,-44303.0,65052.0,-95349.0,86720.0,-124166.0,,0,0,0,0,0,1,1,0,ADV_IND,37,37,11,-1,0,-1,-1,4903,32,8,unknown,APPLE,
40.22000000000117,f6:b8:9f:83:bd:03,03bd839fb8f61eff4c001219001469e8ebed498934d8385640dc99f047ef2650847c540300,-27042.0,84233.0,-95872.0,65084.0,-142310.0,,0,0,0,0,0,1,1,2,ADV_NONCONN_IND,37,37,15,-1,0,-1,-1,4115,32,8,unknown,APPLE,
42.112000000008265,f6:b8:9f:83:bd:03,03bd839fb8f61eff4c001219001469e8ebed498934d8385640dc99f047ef2650847c540300,-11865.0,109336.0,-131100.0,89776.0,-152445.0,,0,0,0,0,0,1,1,2,ADV_NONCONN_IND,37,37,5,-1,0,-1,-1,5626,32,8,unknown,APPLE,
43.77400000000489,c8:bf:27:a8:92:3a,3a92a827bfc81eff4c00121910b6c539b0da3aea66219a7f9cb9407cc1381b43db47dd03ac,-6898.0,66158.0,-104256.0,64209.0,-122568.0,,0,0,0,0,0,1,1,0,ADV_IND,37,37,0,-1,0,-1,-1,2892,32,7,unknown,APPLE,
43.77400000000489,dd:27:67:8d:21:8f,8f218d6727dd1eff4c001219207fa46f70985c3c501638898e8f9471bd96fbec70927c0030,-21896.0,116356.0,-110555.0,109451.0,-147896.0,,0,0,0,0,0,1,1,0,ADV_IND,37,37,4,-1,0,-1,-1,3352,31,8,unknown,APPLE,
45.32500000001164,e3:77:2e:17:6e:79,796e172e77e31eff4c001219007204631fc9a33665410454db5dff1ff56d4c2f9f78270200,-6949.0,60388.0,-97289.0,92261.0,-107403.0,,0,0,0,0,0,1,1,2,ADV_NONCONN_IND,37,37,12,-1,0,-1,-1,2685,32,8,unknown,APPLE,
45.32500000001164,da:b5:7c:16:17:65,6517167cb5da1eff4c001219200101732920050f6f0afcdbb4a1c0fec22f1adfd25b990220,-30443.0,78743.0,-86575.0,89915.0,-150400.0,,0,0,0,0,0,1,1,0,ADV_IND,37,37,5,-1,0,-1,-1,2848,32,8,unknown,APPLE,
45.32500000001164,dd:27:67:8d:21:8f,8f218d6727dd1eff4c001219207fa46f70985c3c501638898e8f9471bd96fbec70927c0030,-16025.0,89150.0,-70059.0,107300.0,-117852.0,,0,0,0,0,0,1,1,0,ADV_IND,37,37,10,-1,0,-1,-1,4064,32,8,unknown,APPLE,
45.32500000001164,c7:af:60:4b:85:66,66854b60afc71eff4c00121910d46c28dc0d9d8f5f5bb9d5717becc53107c1c659d1a50121,-24959.0,96433.0,-115847.0,86866.0,-154695.0,,0,0,0,0,0,1,1,0,ADV_IND,37,37,8,-1,0,-1,-1,3158,32,8,unknown,APPLE,
45.32500000001164,cb:9e:19:3f:70:60,60703f199ecb1eff4c00121920149e937d5f4985e4f90281d863a109b763242d487f8103b5,-35776.0,51132.0,-86058.0,72338.0,-129375.0,,0,0,0,0,0,1,1,0,ADV_IND,37,37,11,-1,0,-1,-1,6613,32,8,unknown,APPLE,
46.76800000001094,e3:77:2e:17:6e:79,796e172e77e31eff4c001219007204631fc9a33665410454db5dff1ff56d4c2f9f78270200,-19668.0,44655.0,-70767.0,107715.0,-139710.0,,0,0,0,0,0,1,1,2,ADV_NONCONN_IND,37,37,5,-1,0,-1,-1,5355,32,8,unknown,APPLE,
46.76800000001094,cb:9e:19:3f:70:60,60703f199ecb1eff4c00121920149e937d5f4985e4f90281d863a109b763242d487f8103b5,-55707.0,92346.0,-127633.0,105308.0,-131788.0,,0,0,0,0,0,1,1,0,ADV_IND,37,37,12,-1,0,-1,-1,5498,32,8,unknown,APPLE,
48.16600000001199,d9:f4:7b:97:85:c9,c985977bf4d91eff4c0012190052ff6be0d3b88886035481ff2e6622defffc507a38500100,-29343.0,79268.0,-89117.0,73811.0,-116668.0,,0,0,0,0,0,1,1,2,ADV_NONCONN_IND,37,37,6,-1,0,-1,-1,2023,32,8,unknown,APPLE,
48.16600000001199,d1:15:8a:9b:b1:11,11b19b8a15d11eff4c001219202a6670f8042ff516aa8b347b51fbecab465e1b175e570107,-23733.0,67485.0,-85832.0,75654.0,-127342.0,,0,0,0,0,0,1,1,0,ADV_IND,37,37,0,-1,0,-1,-1,3910,32,8,unknown,APPLE,
48.16600000001199,7b:72:59:f5:a9:0b,0ba9f559727b0201061916aafe40e094d2e827a9c8d79a7b07623d7bad748afd77df20,-12066.0,78285.0,-101366.0,90027.0,-131384.0,,0,0,0,0,0,1,1,0,ADV_IND,35,37,4,-1,0,-1,-1,6922,32,8,unknown,GOOGLE,
48.16600000001199,da:b5:7c:16:17:65,6517167cb5da1eff4c001219200101732920050f6f0afcdbb4a1c0fec22f1adfd25b990220,-27971.0,51330.0,-82112.0,82866.0,-117294.0,,0,0,0,0,0,1,1,0,ADV_IND,37,37,6,-1,0,-1,-1,4670,32,8,unknown,APPLE,
48.16600000001199,c5:42:bb:cc:7a:5d,5d7accbb42c51eff4c001219205d0ff5e34cc655b578b203d216c170501cf522bd06670143,-12942.0,63885.0,-74394.0,78002.0,-102074.0,,0,0,0,0,0,1,1,0,ADV_IND,37,37,15,-1,0,-1,-1,7203,32,8,unknown,APPLE,
49.32600000000093,f1:bf:62:b8:c6:5c,25666c3cf5f41eff4c00121910c4ae7bedf14240cd85e38faa329cbbc7be0f299a6ed70378,-29988.0,83682.0,-81090.0,44101.0,-145751.0,,0,0,0,0,0,1,1,0,ADV_IND,37,37,11,-1,0,-1,-1,4378,32,8,unknown,APPLE,f4:f5:3c:6c:66:25
49.32600000000093,dd:27:67:8d:21:8f,8f218d6727dd1eff4c001219207fa46f70985c3c501638898e8f9471bd96fbec70927c0030,-15577.0,91032.0,-91221.0,134977.0,-138357.0,,0,0,0,0,0,1,1,0,ADV_IND,37,37,7,-1,0,-1,-1,840,32,8,unknown,APPLE,
49.32600000000093,d9:f4:7b:97:85:c9,c985977bf4d91eff4c0012190052ff6be0d3b88886035481ff2e6622defffc507a38500100,-22793.0,82803.0,-102696.0,101751.0,-149325.0,,0,0,0,0,0,1,1,2,ADV_NONCONN_IND,37,37,4,-1,0,-1,-1,5738,32,8,unknown,APPLE,
51.39600000000792,f6:b8:9f:83:bd:03,03bd839fb8f61eff4c001219001469e8ebed498934d8385640dc99f047ef2650847c540300,-133.0,81542.0,-108455.0,50805.0,-104961.0,,0,0,0,0,0,1,1,2,ADV_NONCONN_IND,37,37,4,-1,0,-1,-1,3855,31,8,unknown,APPLE,
51.39600000000792,d9:f4:7b:97:85:c9,c985977bf4d91eff4c0012190052ff6be0d3b88886035481ff2e6622defffc507a38500100,-16544.0,88751.0,-93325.0,81697.0,-133744.0,,0,0,0,0,0,1,1,2,ADV_NONCONN_IND,37,37,5,-1,0,-1,-1,5556,32,8,unknown,APPLE,
52.63999999999942,dd:27:67:8d:21:8f,8f218d6727dd1eff4c001219207fa46f70985c3c501638898e8f9471bd96fbec70927c0030,-12588.0,81646.0,-74424.0,112324.0,-130735.0,,0,0,0,0,0,1,1,0,ADV_IND,37,37,7,-1,0,-1,-1,7405,32,8,unknown,APPLE,
52.63999999999942,e6:be:13:f4:64:f3,f364f413bee61eff4c00121960f1ddfdbe31f85265440bc58a10a8fed11b5065ef754001bf,-6937.0,69517.0,-70806.0,109366.0,-137064.0,,0,0,0,0,0,1,1,0,ADV_IND,37,37,6,-1,0,-1,-1,1699,32,8,unknown,APPLE,
52.63999999999942,7b:72:59:f5:a9:0b,0ba9f559727b0201061916aafe40e094d2e827a9c8d79a7b07623d7bad748afd77df20,-1816.0,83263.0,-112631.0,91907.0,-90787.0,,0,0,0,0,0,1,1,0,ADV_IND,35,37,9,-1,0,-1,-1,4969,32,8,unknown,GOOGLE,
53.79700000000594,c7:af:60:4b:85:66,66854b60afc71eff4c00121910d46c28dc0d9d8f5f5bb9d5717becc53107c1c659d1a50121,-40545.0,99113.0,-118442.0,98200.0,-159102.0,,0,0,0,0,0,1,1,0,ADV_IND,37,37,15,-1,0,-1,-1,4157,31,7,unknown,APPLE,
53.79700000000594,7b:72:59:f5:a9:0b,0ba9f559727b0201061916aafe40e094d2e827a9c8d79a7b07623d7bad748afd77df20,2166.0,86428.0,-132900.0,127566.0,-112657.0,,0,0,0,0,0,1,1,0,ADV_IND,35,37,3,-1,0,-1,-1,4905,32,8,unknown,GOOGLE,
55.27500000000873,cb:9e:19:3f:70:60,60703f199ecb1eff4c00121920149e937d5f4985e4f90281d863a109b763242d487f8103b5,-41772.0,58275.0,-96741.0,73182.0,-125708.0,,0,0,0,0,0,1,1,0,ADV_IND,37,37,10,-1,0,-1,-1,3501,32,8,unknown,APPLE,
56.99900000001071,d2:1b:8b:8e:cd:29,29cd8e8b1bd21eff4c00121960648cbf306782d6f46e4e49ecfe450b9edf077d9e7a6700b2,-4030.0,74657.0,-106728.0,113259.0,-154815.0,,0,0,0,0,0,1,1,0,ADV_IND,37,37,14,-1,0,-1,-1,5325,32,7,unknown,APPLE,
56.99900000001071,cb:9e:19:3f:70:60,60703f199ecb1eff4c00121920149e937d5f4985e4f90281d863a109b763242d487f8103b5,-39850.0,63632.0,-101797.0,61250.0,-121226.0,,0,0,0,0,0,1,1,0,ADV_IND,37,37,8,-1,0,-1,-1,2287,32,8,unknown,APPLE,
56.99900000001071,e3:77:2e:17:6e:79,796e172e77e31eff4c001219007204631fc9a33665410454db5dff1ff56d4c2f9f78270200,-19014.0,57727.0,-90053.0,82369.0,-83217.0,,0,0,0,0,0,1,1,2,ADV_NONCONN_IND,37,37,13,-1,0,-1,-1,2747,31,7,unknown,APPLE,
60.04899999999907,e6:be:13:f4:64:f3,f364f413bee61eff4c00121960f1ddfdbe31f85265440bc58a10a8fed11b5065ef754001bf,9504.0,63220.0,-53626.0,77083.0,-144111.0,,0,0,0,0,0,1,1,0,ADV_IND,37,37,0,-1,0,-1,-1,5871,32,8,unknown,APPLE,
60.04899999999907,c5:42:bb:cc:7a:5d,5d7accbb42c51eff4c001219205d0ff5e34cc655b578b203d216c170501cf522bd06670143,-6527.0,65490.0,-59234.0,55486.0,-87752.0,,0,0,0,0,0,1,1,0,ADV_IND,37,37,11,-1,0,-1,-1,7234,30,7,unknown,APPLE,
60.04899999999907,e3:77:2e:17:6e:79,796e172e77e31eff4c001219007204631fc9a33665410454db5dff1ff56d4c2f9f78270200,-32969.0,71647.0,-85803.0,92055.0,-134758.0,,0,0,0,0,0,1,1,2,ADV_NONCONN_IND,37,37,14,-1,0,-1,-1,2436,32,8,unknown,APPLE,
61.453000000008615,da:b5:7c:16:17:65,6517167cb5da1eff4c001219200101732920050f6f0afcdbb4a1c0fec22f1adfd25b990220,-29406.0,46315.0,-94198.0,82035.0,-139568.0,,0,0,0,0,0,1,1,0,ADV_IND,37,37,1,-1,0,-1,-1,7317,32,8,unknown,APPLE,
61.453000000008615,cb:9e:19:3f:70:60,60703f199ecb1eff4c00121920149e937d5f4985e4f90281d863a109b763242d487f8103b5,-22729.0,59221.0,-101533.0,68137.0,-130001.0,,0,0,0,0,0,1,1,0,ADV_IND,37,37,15,-1,0,-1,-1,2503,32,8,unknown,APPLE,
61.453000000008615,dd:27:67:8d:21:8f,8f218d6727dd1eff4c001219207fa46f70985c3c501638898e8f9471bd96fbec70927c0030,5956.0,78270.0,-112641.0,96570.0,-125669.0,,0,0,0,0,0,1,1,0,ADV_IND,37,37,14,-1,0,-1,-1,5859,32,8,unknown,APPLE,
62.18900000001304,d0:9a:ae:34:3b:7a,7a3b34ae9ad01eff4c00121960e11e30be85d0a9f75dc145a67e05944db6b1f0e16c6f005d,0.0,92911.0,-81596.0,105909.0,-142453.0,,0,0,0,0,0,1,1,0,ADV_IND,37,37,10,-1,0,-1,-1,5751,32,8,unknown,APPLE,
63.878000000011525,e3:77:2e:17:6e:79,796e172e77e31eff4c001219007204631fc9a33665410454db5dff1ff56d4c2f9f78270200,-15300.0,45016.0,-81297.0,98498.0,-126128.0,,0,0,0,0,0,1,1,2,ADV_NONCONN_IND,37,37,9,-1,0,-1,-1,5823,32,8,unknown,APPLE,
63.878000000011525,d2:1b:8b:8e:cd:29,29cd8e8b1bd21eff4c00121960648cbf306782d6f46e4e49ecfe450b9edf077d9e7a6700b2,-1492.0,38579.0,-92127.0,81899.0,-120552.0,,0,0,0,0,0,1,1,0,ADV_IND,37,37,9,-1,0,-1,-1,4338,32,8,unknown,APPLE,
63.878000000011525,d0:9a:ae:34:3b:7a,7a3b34ae9ad01eff4c00121960e11e30be85d0a9f75dc145a67e05944db6b1f0e16c6f005d,0.0,94624.0,-75868.0,112943.0,-152851.0,,0,0,0,0,0,1,1,0,ADV_IND,37,37,6,-1,0,-1,-1,3039,32,8,unknown,APPLE,
64.78900000000431,e3:77:2e:17:6e:79,796e172e77e31eff4c001219007204631fc9a33665410454db5dff1ff56d4c2f9f78270200,-10007.0,69228.0,-96710.0,84895.0,-122158.0,,0,0,0,0,0,1,1,2,ADV_NONCONN_IND,37,37,8,-1,0,-1,-1,1584,32,8,unknown,APPLE,
64.78900000000431,cb:9e:19:3f:70:60,60703f199ecb1eff4c00121920149e937d5f4985e4f90281d863a109b763242d487f8103b5,-50562.0,70291.0,-95288.0,79828.0,-128967.0,,0,0,0,0,0,1,1,0,ADV_IND,37,37,1,-1,0,-1,-1,4709,32,8,unknown,APPLE,
66.26400000001013,cb:9e:19:3f:70:60,60703f199ecb1eff4c00121920149e937d5f4985e4f90281d863a109b763242d487f8103b5,-44974.0,84209.0,-118748.0,109119.0,-138307.0,,0,0,0,0,0,1,1,0,ADV_IND,37,37,4,-1,0,-1,-1,2290,32,8,unknown,APPLE,
66.26400000001013,d0:9a:ae:34:3b:7a,7a3b34ae9ad01eff4c00121960e11e30be85d0a9f75dc145a67e05944db6b1f0e16c6f005d,1322.0,90316.0,-73830.0,72375.0,-122954.0,,0,0,0,0,0,1,1,0,ADV_IND,37,37,7,-1,0,-1,-1,2120,32,8,unknown,APPLE,
67.05400000000373,d1:15:8a:9b:b1:11,11b19b8a15d11eff4c001219202a6670f8042ff516aa8b347b51fbecab465e1b175e570107,-29088.0,60366.0,-93391.0,75964.0,-140543.0,,0,0,0,0,0,1,1,0,ADV_IND,37,37,1,-1,0,-1,-1,2111,32,8,unknown,APPLE,
68.57200000000012,7b:72:59:f5:a9:0b,0ba9f559727b0201061916aafe40e094d2e827a9c8d79a7b07623d7bad748afd77df20,-9172.0,85400.0,-103341.0,81750.0,-109815.0,,0,0,0,0,0,1,1,0,ADV_IND,35,37,5,-1,0,-1,-1,3780,32,8,unknown,GOOGLE,
68.57200000000012,da:b5:7c:16:17:65,6517167cb5da1eff4c001219200101732920050f6f0afcdbb4a1c0fec22f1adfd25b990220,-41429.0,52227.0,-92716.0,86463.0,-125946.0,,0,0,0,0,0,1,1,0,ADV_IND,37,37,11,-1,0,-1,-1,4458,32,8,unknown,APPLE,
69.65000000000873,c7:af:60:4b:85:66,66854b60afc71eff4c00121910d46c28dc0d9d8f5f5bb9d5717becc53107c1c659d1a50121,-27258.0,92495.0,-94687.0,54418.0,-149957.0,,0,0,0,0,0,1,1,0,ADV_IND,37,37,15,-1,0,-1,-1,5595,32,7,unknown,APPLE,
69.65000000000873,d9:f4:7b:97:85:c9,c985977bf4d91eff4c0012190052ff6be0d3b88886035481ff2e6622defffc507a38500100,-27820.0,73146.0,-99035.0,77807.0,-121081.0,,0,0,0,0,0,1,1,2,ADV_NONCONN_IND,37,37,13,-1,0,-1,-1,5694,32,8,unknown,APPLE,
69.65000000000873,7b:72:59:f5:a9:0b,0ba9f559727b0201061916aafe40e094d2e827a9c8d79a7b07623d7bad748afd77df20,-787.0,79786.0,-109696.0,87394.0,-94338.0,,0,0,0,0,0,1,1,0,ADV_IND,35,37,1,-1,0,-1,-1,2536,32,8,unknown,GOOGLE,
71.01800000001094,d2:1b:8b:8e:cd:29,29cd8e8b1bd21eff4c00121960648cbf306782d6f46e4e49ecfe450b9edf077d9e7a6700b2,-21250.0,69861.0,-73939.0,64746.0,-140678.0,,0,0,0,0,0,1,1,0,ADV_IND,37,37,15,-1,0,-1,-1,7934,32,7,unknown,APPLE,
71.01800000001094,d9:f4:7b:97:85:c9,c985977bf4d91eff4c0012190052ff6be0d3b88886035481ff2e6622defffc507a38500100,-23156.0,68868.0,-86007.0,78038.0,-113515.0,,0,0,0,0,0,1,1,2,ADV_NONCONN_IND,37,37,10,-1,0,-1,-1,3064,32,8,unknown,APPLE,
71.01800000001094,e3:77:2e:17:6e:79,796e172e77e31eff4c001219007204631fc9a33665410454db5dff1ff56d4c2f9f78270200,-16390.0,73617.0,-86497.0,84108.0,-137179.0,,0,0,0,0,0,1,1,2,ADV_NONCONN_IND,37,37,7,-1,0,-1,-1,4853,32,8,unknown,APPLE,
71.01800000001094,cb:9e:19:3f:70:60,60703f199ecb1eff4c00121920149e937d5f4985e4f90281d863a109b763242d487f8103b5,-22992.0,66963.0,-102854.0,65000.0,-128827.0,,0,0,0,0,0,1,1,0,ADV_IND,37,37,5,-1,0,-1,-1,2427,32,8,unknown,APPLE,
72.20400000001246,e6:be:13:f4:64:f3,f364f413bee61eff4c00121960f1ddfdbe31f85265440bc58a10a8fed11b5065ef754001bf,4651.0,75551.0,-70785.0,106280.0,-158832.0,,0,0,0,0,0,1,1,0,ADV_IND,37,37,1,-1,0,-1,-1,6445,31,8,unknown,APPLE,
73.66500000000815,f6:b8:9f:83:bd:03,03bd839fb8f61eff4c001219001469e8ebed498934d8385640dc99f047ef2650847c540300,-21860.0,85471.0,-109577.0,54432.0,-125932.0,,0,0,0,0,0,1,1,2,ADV_NONCONN_IND,37,37,6,-1,0,-1,-1,5014,32,7,unknown,APPLE,
75.01900000000023,d0:9a:ae:34:3b:7a,7a3b34ae9ad01eff4c00121960e11e30be85d0a9f75dc145a67e05944db6b1f0e16c6f005d,1006.0,77215.0,-82885.0,91295.0,-121581.0,,0,0,0,0,0,1,1,0,ADV_IND,37,37,3,-1,0,-1,-1,1279,32,8,unknown,APPLE,
75.01900000000023,da:b5:7c:16:17:65,6517167cb5da1eff4c001219200101732920050f6f0afcdbb4a1c0fec22f1adfd25b990220,-28328.0,67961.0,-76776.0,59397.0,-133625.0,,0,0,0,0,0,1,1,0,ADV_IND,37,37,13,-1,0,-1,-1,2547,32,8,unknown,APPLE,
76.2670000000071,d0:9a:ae:34:3b:7a,7a3b34ae9ad01eff4c00121960e11e30be85d0a9f75dc145a67e05944db6b1f0e16c6f005d,13931.0,91585.0,-75268.0,99489.0,-147698.0,,0,0,0,0,0,1,1,0,ADV_IND,37,37,6,-1,0,-1,-1,1778,32,8,unknown,APPLE,
76.2670000000071,7b:72:59:f5:a9:0b,0ba9f559727b0201061916aafe40e094d2e827a9c8d79a7b07623d7bad748afd77df20,-20400.0,76317.0,-109291.0,117018.0,-132542.0,,0,0,0,0,0,1,1,0,ADV_IND,35,37,12,-1,0,-1,-1,3006,32,8,unknown,GOOGLE,
76.2670000000071,dd:27:67:8d:21:8f,8f218d6727dd1eff4c001219207fa46f70985c3c501638898e8f9471bd96fbec70927c0030,-28617.0,105481.0,-92088.0,118832.0,-150627.0,,0,0,0,0,0,1,1,0,ADV_IND,37,37,15,-1,0,-1,-1,1285,32,8,unknown,APPLE,
76.2670000000071,da:b5:7c:16:17:65,6517167cb5da1eff4c001219200101732920050f6f0afcdbb4a1c0fec22f1adfd25b990220,-31806.0,43711.0,-88934.0,95452.0,-126158.0,,0,0,0,0,0,1,1,0,ADV_IND,37,37,9,-1,0,-1,-1,3006,32,8,unknown,APPLE,
76.2670000000071,cb:9e:19:3f:70:60,60703f199ecb1eff4c00121920149e937d5f4985e4f90281d863a109b763242d487f8103b5,-46775.0,71800.0,-113110.0,102722.0,-146507.0,,0,0,0,0,0,1,1,0,ADV_IND,37,37,12,-1,0,-1,-1,4667,32,8,unknown,APPLE,
77.74100000000908,d9:f4:7b:97:85:c9,c985977bf4d91eff4c0012190052ff6be0d3b88886035481ff2e6622defffc507a38500100,-25055.0,100673.0,-93144.0,83592.0,-144611.0,,0,0,0,0,0,1,1,2,ADV_NONCONN_IND,37,37,0,-1,0,-1,-1,6945,32,8,unknown,APPLE,
79.28399999999965,d2:1b:8b:8e:cd:29,29cd8e8b1bd21eff4c00121960648cbf306782d6f46e4e49ecfe450b9edf077d9e7a6700b2,-25456.0,56159.0,-77169.0,106877.0,-146768.0,,0,0,0,0,0,1,1,0,ADV_IND,37,37,2,-1,0,-1,-1,2649,32,8,unknown,APPLE,
79.28399999999965,e6:be:13:f4:64:f3,f364f413bee61eff4c00121960f1ddfdbe31f85265440bc58a10a8fed11b5065ef754001bf,11064.0,46653.0,-58202.0,86083.0,-127877.0,,0,0,0,0,0,1,1,0,ADV_IND,37,37,14,-1,0,-1,-1,3707,32,8,unknown,APPLE,
79.28399999999965,cb:9e:19:3f:70:60,60703f199ecb1eff4c00121920149e937d5f4985e4f90281d863a109b763242d487f8103b5,-35823.0,58172.0,-104166.0,97186.0,-122725.0,,0,0,0,0,0,1,1,0,ADV_IND,37,37,2,-1,0,-1,-1,2308,32,8,unknown,APPLE,
79.28399999999965,da:b5:7c:16:17:65,6517167cb5da1eff4c001219200101732920050f6f0afcdbb4a1c0fec22f1adfd25b990220,-20400.0,43220.0,-93159.0,77332.0,-128437.0,,0,0,0,0,0,1,1,0,ADV_IND,37,37,6,-1,0,-1,-1,6647,32,7,unknown,APPLE,
80.72500000000582,f5:13:62:c9:d1:d5,25666c3cf5f41eff4c00121910c4ae7bedf14240cd85e38faa329cbbc7be0f299a6ed70378,-36639.0,61820.0,-98131.0,68237.0,-103040.0,,0,0,0,0,0,1,1,0,ADV_IND,37,37,5,-1,0,-1,-1,1386,32,8,unknown,APPLE,f4:f5:3c:6c:66:25
80.72500000000582,f6:b8:9f:83:bd:03,03bd839fb8f61eff4c001219001469e8ebed498934d8385640dc99f047ef2650847c540300,-23370.0,87655.0,-100890.0,83064.0,-135699.0,,0,0,0,0,0,1,1,2,ADV_NONCONN_IND,37,37,4,-1,0,-1,-1,2787,32,7,unknown,APPLE,
80.72500000000582,cb:9e:19:3f:70:60,60703f199ecb1eff4c00121920149e937d5f4985e4f90281d863a109b763242d487f8103b5,-40397.0,69427.0,-96682.0,74417.0,-136026.0,,0,0,0,0,0,1,1,0,ADV_IND,37,37,14,-1,0,-1,-1,1205,32,7,unknown,APPLE,
81.28399999999965,c5:42:bb:cc:7a:5d,5d7accbb42c51eff4c001219205d0ff5e34cc655b578b203d216c170501cf522bd06670143,-21712.0,69222.0,-72970.0,91805.0,-106979.0,,0,0,0,0,0,1,1,0,ADV_IND,37,37,0,-1,0,-1,-1,2170,32,8,unknown,APPLE,
82.18000000000757,e6:be:13:f4:64:f3,f364f413bee61eff4c00121960f1ddfdbe31f85265440bc58a10a8fed11b5065ef754001bf,-11599.0,70111.0,-62801.0,92508.0,-119170.0,,0,0,0,0,0,1,1,0,ADV_IND,37,37,10,-1,0,-1,-1,2805,32,8,unknown,APPLE,
82.18000000000757,cb:9e:19:3f:70:60,60703f199ecb1eff4c00121920149e937d5f4985e4f90281d863a109b763242d487f8103b5,-34472.0,52894.0,-101768.0,80270.0,-117109.0,,0,0,0,0,0,1,1,0,ADV_IND,37,37,15,-1,0,-1,-1,981,32,8,unknown,APPLE,
82.18000000000757,d2:1b:8b:8e:cd:29,29cd8e8b1bd21eff4c00121960648cbf306782d6f46e4e49ecfe450b9edf077d9e7a6700b2,-32918.0,88160.0,-87782.0,102803.0,-162175.0,,0,0,0,0,0,1,1,0,ADV_IND,37,37,8,-1,0,-1,-1,3905,31,8,unknown,APPLE,
83.04800000000978,d1:15:8a:9b:b1:11,11b19b8a15d11eff4c001219202a6670f8042ff516aa8b347b51fbecab465e1b175e570107,-22600.0,55033.0,-88198.0,68617.0,-123142.0,,0,0,0,0,0,1,1,0,ADV_IND,37,37,2,-1,0,-1,-1,3907,32,8,unknown,APPLE,
83.81200000000536,c7:af:60:4b:85:66,66854b60afc71eff4c00121910d46c28dc0d9d8f5f5bb9d5717becc53107c1c659d1a50121,-16369.0,52194.0,-95963.0,68495.0,-126464.0,,0,0,0,0,0,1,1,0,ADV_IND,37,37,5,-1,0,-1,-1,1941,32,8,unknown,APPLE,
83.81200000000536,7b:72:59:f5:a9:0b,0ba9f559727b0201061916aafe40e094d2e827a9c8d79a7b07623d7bad748afd77df20,-22415.0,119022.0,-126268.0,104586.0,-142413.0,,0,0,0,0,0,1,1,0,ADV_IND,35,37,7,-1,0,-1,-1,3630,31,8,unknown,GOOGLE,
84.69000000000233,cb:9e:19:3f:70:60,60703f199ecb1eff4c00121920149e937d5f4985e4f90281d863a109b763242d487f8103b5,-33813.0,52898.0,-97544.0,78458.0,-124169.0,,0,0,0,0,0,1,1,0,ADV_IND,37,37,0,-1,0,-1,-1,1459,31,8,unknown,APPLE,
85.40500000001339,c5:42:bb:cc:7a:5d,5d7accbb42c51eff4c001219205d0ff5e34cc655b578b203d216c170501cf522bd06670143,-10184.0,65949.0,-54557.0,59162.0,-111915.0,,0,0,0,0,0,1,1,0,ADV_IND,37,37,11,-1,0,-1,-1,5305,32,8,unknown,APPLE,
85.40500000001339,d1:15:8a:9b:b1:11,11b19b8a15d11eff4c001219202a6670f8042ff516aa8b347b51fbecab465e1b175e570107,-49080.0,79154.0,-84604.0,66182.0,-132642.0,,0,0,0,0,0,1,1,0,ADV_IND,37,37,0,-1,0,-1,-1,3511,31,7,unknown,APPLE,
86.18900000001304,d0:9a:ae:34:3b:7a,7a3b34ae9ad01eff4c00121960e11e30be85d0a9f75dc145a67e05944db6b1f0e16c6f005d,14382.0,70702.0,-77815.0,90447.0,-152423.0,,0,0,0,0,0,1,1,0,ADV_IND,37,37,8,-1,0,-1,-1,7411,32,8,unknown,APPLE,
89.41200000001118,da:b5:7c:16:17:65,6517167cb5da1eff4c001219200101732920050f6f0afcdbb4a1c0fec22f1adfd25b990220,-27533.0,61284.0,-103210.0,91447.0,-146124.0,,0,0,0,0,0,1,1,0,ADV_IND,37,37,7,-1,0,-1,-1,6144,32,7,unknown,APPLE,
89.41200000001118,d1:15:8a:9b:b1:11,11b19b8a15d11eff4c001219202a6670f8042ff516aa8b347b51fbecab465e1b175e570107,-16883.0,53256.0,-98088.0,70172.0,-134941.0,,0,0,0,0,0,1,1,0,ADV_IND,37,37,7,-1,0,-1,-1,2556,32,8,unknown,APPLE,
90.66400000000432,7b:72:59:f5:a9:0b,0ba9f559727b0201061916aafe40e094d2e827a9c8d79a7b07623d7bad748afd77df20,-19571.0,96795.0,-106271.0,88473.0,-108615.0,,0,0,0,0,0,1,1,0,ADV_IND,35,37,2,-1,0,-1,-1,4789,32,8,unknown,GOOGLE,
90.66400000000432,cb:9e:19:3f:70:60,60703f199ecb1eff4c00121920149e937d5f4985e4f90281d863a109b763242d487f8103b5,-33206.0,61078.0,-102712.0,63145.0,-106550.0,,0,0,0,0,0,1,1,0,ADV_IND,37,37,11,-1,0,-1,-1,2387,30,8,unknown,APPLE,
92.01900000000025,d1:15:8a:9b:b1:11,11b19b8a15d11eff4c001219202a6670f8042ff516aa8b347b51fbecab465e1b175e570107,-39027.0,73164.0,-80261.0,61806.0,-120027.0,,0,0,0,0,0,1,1,0,ADV_IND,37,37,6,-1,0,-1,-1,1662,31,8,unknown,APPLE,
92.01900000000025,d2:1b:8b:8e:cd:29,29cd8e8b1bd21eff4c00121960648cbf306782d6f46e4e49ecfe450b9edf077d9e7a6700b2,-2272.0,49567.0,-86102.0,91486.0,-129874.0,,0,0,0,0,0,1,1,0,ADV_IND,37,37,11,-1,0,-1,-1,1955,32,8,unknown,APPLE,
93.70000000001164,dd:27:67:8d:21:8f,8f218d6727dd1eff4c001219207fa46f70985c3c501638898e8f9471bd96fbec70927c0030,-6300.0,81575.0,-94998.0,103420.0,-133710.0,,0,0,0,0,0,1,1,0,ADV_IND,37,37,14,-1,0,-1,-1,6934,32,8,unknown,APPLE,
95.35400000000664,cb:9e:19:3f:70:60,60703f199ecb1eff4c00121920149e937d5f4985e4f90281d863a109b763242d487f8103b5,-36013.0,93690.0,-125306.0,73217.0,-134286.0,,0,0,0,0,0,1,1,0,ADV_IND,37,37,3,-1,0,-1,-1,7858,32,8,unknown,APPLE,
95.35400000000664,da:b5:7c:16:17:65,6517167cb5da1eff4c001219200101732920050f6f0afcdbb4a1c0fec22f1adfd25b990220,-45520.0,44968.0,-84495.0,82195.0,-121730.0,,0,0,0,0,0,1,1,0,ADV_IND,37,37,10,-1,0,-1,-1,1666,32,8,unknown,APPLE,
98.21900000001187,f6:b8:9f:83:bd:03,03bd839fb8f61eff4c001219001469e8ebed498934d8385640dc99f047ef2650847c540300,-24212.0,79398.0,-97870.0,71490.0,-141914.0,,0,0,0,0,0,1,1,2,ADV_NONCONN_IND,37,37,7,-1,0,-1,-1,1533,32,8,unknown,APPLE,
98.21900000001187,d1:15:8a:9b:b1:11,11b19b8a15d11eff4c001219202a6670f8042ff516aa8b347b51fbecab465e1b175e570107,-49796.0,75981.0,-91290.0,83845.0,-128002.0,,0,0,0,0,0,1,1,0,ADV_IND,37,37,8,-1,0,-1,-1,3232,32,8,unknown,APPLE,
99.57900000001246,f5:13:62:c9:d1:d5,25666c3cf5f41eff4c00121910c4ae7bedf14240cd85e38faa329cbbc7be0f299a6ed70378,-40466.0,104712.0,-99168.0,80888.0,-136231.0,,0,0,0,0,0,1,1,0,ADV_IND,37,37,9,-1,0,-1,-1,1038,31,8,unknown,APPLE,f4:f5:3c:6c:66:25
100.40000000000872,da:b5:7c:16:17:65,6517167cb5da1eff4c001219200101732920050f6f0afcdbb4a1c0fec22f1adfd25b990220,-32593.0,53450.0,-85277.0,88690.0,-140614.0,,0,0,0,0,0,1,1,0,ADV_IND,37,37,11,-1,0,-1,-1,5743,32,8,unknown,APPLE,
101.42300000000978,e4:59:33:92:54:87,8754923359e41eff4c00121910e3666ac58c1a57b69a85a58f8d2348289d72cd52e31600da,-30539.0,91140.0,-107869.0,73034.0,-172825.0,,0,0,0,0,0,1,1,0,ADV_IND,37,37,2,-1,0,-1,-1,7820,31,7,unknown,APPLE,
101.42300000000978,d1:15:8a:9b:b1:11,11b19b8a15d11eff4c001219202a6670f8042ff516aa8b347b51fbecab465e1b175e570107,-28660.0,69794.0,-92672.0,76720.0,-130507.0,,0,0,0,0,0,1,1,0,ADV_IND,37,37,5,-1,0,-1,-1,7221,32,8,unknown,APPLE,
103.10000000000582,c5:42:bb:cc:7a:5d,5d7accbb42c51eff4c001219205d0ff5e34cc655b578b203d216c170501cf522bd06670143,-9788.0,72843.0,-78390.0,80588.0,-123289.0,,0,0,0,0,0,1,1,0,ADV_IND,37,37,11,-1,0,-1,-1,4183,32,8,unknown,APPLE,
103.10000000000582,e6:be:13:f4:64:f3,f364f413bee61eff4c00121960f1ddfdbe31f85265440bc58a10a8fed11b5065ef754001bf,11257.0,48345.0,-55240.0,81576.0,-122489.0,,0,0,0,0,0,1,1,0,ADV_IND,37,37,11,-1,0,-1,-1,5041,32,8,unknown,APPLE,
103.10000000000582,cb:9e:19:3f:70:60,60703f199ecb1eff4c00121920149e937d5f4985e4f90281d863a109b763242d487f8103b5,-47491.0,85533.0,-110333.0,89473.0,-137506.0,,0,0,0,0,0,1,1,0,ADV_IND,37,37,9,-1,0,-1,-1,1275,32,8,unknown,APPLE,
104.61700000001292,f6:b8:9f:83:bd:03,03bd839fb8f61eff4c001219001469e8ebed498934d8385640dc99f047ef2650847c540300,0.0,88859.0,-122819.0,69715.0,-149677.0,,0,0,0,0,0,1,1,2,ADV_NONCONN_IND,37,37,11,-1,0,-1,-1,7777,32,8,unknown,APPLE,
105.89700000001176,c7:af:60:4b:85:66,66854b60afc71eff4c00121910d46c28dc0d9d8f5f5bb9d5717becc53107c1c659d1a50121,-24573.0,82282.0,-99977.0,71771.0,-150454.0,,0,0,0,0,0,1,1,0,ADV_IND,37,37,7,-1,0,-1,-1,1558,32,8,unknown,APPLE,
107.85500000001048,d9:f4:7b:97:85:c9,c985977bf4d91eff4c0012190052ff6be0d3b88886035481ff2e6622defffc507a38500100,-19824.0,77339.0,-116734.0,102131.0,-137981.0,,0,0,0,0,0,1,1,2,ADV_NONCONN_IND,37,37,1,-1,0,-1,-1,6366,32,8,unknown,APPLE,
107.85500000001048,7b:72:59:f5:a9:0b,0ba9f559727b0201061916aafe40e094d2e827a9c8d79a7b07623d7bad748afd77df20,-18444.0,82194.0,-109534.0,98918.0,-102100.0,,0,0,0,0,0,1,1,0,ADV_IND,35,37,15,-1,0,-1,-1,8039,32,8,unknown,GOOGLE,
107.85500000001048,f6:b8:9f:83:bd:03,03bd839fb8f61eff4c001219001469e8ebed498934d8385640dc99f047ef2650847c540300,-31048.0,88102.0,-104888.0,87365.0,-158952.0,,0,0,0,0,0,1,1,2,ADV_NONCONN_IND,37,37,12,-1,0,-1,-1,5409,32,8,unknown,APPLE,
109.27900000000956,d0:9a:ae:34:3b:7a,7a3b34ae9ad01eff4c00121960e11e30be85d0a9f75dc145a67e05944db6b1f0e16c6f005d,11298.0,60495.0,-66982.0,77860.0,-92277.0,,0,0,0,0,0,1,1,0,ADV_IND,37,37,14,-1,0,-1,-1,5665,31,7,unknown,APPLE,
110.41300000000048,e6:be:13:f4:64:f3,f364f413bee61eff4c00121960f1ddfdbe31f85265440bc58a10a8fed11b5065ef754001bf,4842.0,68933.0,-79783.0,117206.0,-142450.0,,0,0,0,0,0,1,1,0,ADV_IND,37,37,11,-1,0,-1,-1,7871,32,8,unknown,APPLE,
110.41300000000048,e4:59:33:92:54:87,8754923359e41eff4c00121910e3666ac58c1a57b69a85a58f8d2348289d72cd52e31600da,-23892.0,94646.0,-120779.0,78986.0,-160626.0,,0,0,0,0,0,1,1,0,ADV_IND,37,37,13,-1,0,-1,-1,2302,32,8,unknown,APPLE,
110.41300000000048,d0:9a:ae:34:3b:7a,7a3b34ae9ad01eff4c00121960e11e30be85d0a9f75dc145a67e05944db6b1f0e16c6f005d,7466.0,84263.0,-80793.0,124313.0,-168341.0,,0,0,0,0,0,1,1,0,ADV_IND,37,37,2,-1,0,-1,-1,4646,32,8,unknown,APPLE,
110.41300000000048,7b:72:59:f5:a9:0b,0ba9f559727b0201061916aafe40e094d2e827a9c8d79a7b07623d7bad748afd77df20,-7094.0,137227.0,-117713.0,100834.0,-129968.0,,0,0,0,0,0,1,1,0,ADV_IND,35,37,0,-1,0,-1,-1,4112,32,8,unknown,GOOGLE,
111.9310000000114,d9:f4:7b:97:85:c9,c985977bf4d91eff4c0012190052ff6be0d3b88886035481ff2e6622defffc507a38500100,-17908.0,57565.0,-70730.0,73421.0,-123197.0,,0,0,0,0,0,1,1,2,ADV_NONCONN_IND,37,37,0,-1,0,-1,-1,6004,32,8,unknown,APPLE,
113.40800000001036,d9:f4:7b:97:85:c9,c985977bf4d91eff4c0012190052ff6be0d3b88886035481ff2e6622defffc507a38500100,-25928.0,80480.0,-105434.0,107306.0,-147891.0,,0,0,0,0,0,1,1,2,ADV_NONCONN_IND,37,37,13,-1,0,-1,-1,1324,32,8,unknown,APPLE,
114.87200000000304,e6:be:13:f4:64:f3,f364f413bee61eff4c00121960f1ddfdbe31f85265440bc58a10a8fed11b5065ef754001bf,-6654.0,67940.0,-65434.0,95456.0,-142496.0,,0,0,0,0,0,1,1,0,ADV_IND,37,37,14,-1,0,-1,-1,6390,31,8,unknown,APPLE,
114.87200000000304,cb:9e:19:3f:70:60,60703f199ecb1eff4c00121920149e937d5f4985e4f90281d863a109b763242d487f8103b5,-36276.0,76436.0,-88649.0,56589.0,-127096.0,,0,0,0,0,0,1,1,0,ADV_IND,37,37,9,-1,0,-1,-1,2784,32,8,unknown,APPLE,
114.87200000000304,f5:13:62:c9:d1:d5,25666c3cf5f41eff4c00121910c4ae7bedf14240cd85e38faa329cbbc7be0f299a6ed70378,-27422.0,89698.0,-92923.0,79730.0,-133788.0,,0,0,0,0,0,1,1,0,ADV_IND,37,37,3,-1,0,-1,-1,5556,32,8,unknown,APPLE,f4:f5:3c:6c:66:25
114.87200000000304,dd:27:67:8d:21:8f,8f218d6727dd1eff4c001219207fa46f70985c3c501638898e8f9471bd96fbec70927c0030,-13565.0,111074.0,-93356.0,107172.0,-142989.0,,0,0,0,0,0,1,1,0,ADV_IND,37,37,10,-1,0,-1,-1,7658,32,8,unknown,APPLE,
116.09300000000805,e6:be:13:f4:64:f3,f364f413bee61eff4c00121960f1ddfdbe31f85265440bc58a10a8fed11b5065ef754001bf,5720.0,67543.0,-75906.0,119087.0,-153330.0,,0,0,0,0,0,1,1,0,ADV_IND,37,37,1,-1,0,-1,-1,3745,32,8,unknown,APPLE,
116.09300000000805,d9:f4:7b:97:85:c9,c985977bf4d91eff4c0012190052ff6be0d3b88886035481ff2e6622defffc507a38500100,-24418.0,75724.0,-90475.0,70158.0,-111846.0,,0,0,0,0,0,1,1,2,ADV_NONCONN_IND,37,37,8,-1,0,-1,-1,2260,32,8,unknown,APPLE,
118.86500000000524,da:b5:7c:16:17:65,6517167cb5da1eff4c001219200101732920050f6f0afcdbb4a1c0fec22f1adfd25b990220,-28927.0,60576.0,-87806.0,94277.0,-150444.0,,0,0,0,0,0,1,1,0,ADV_IND,37,37,7,-1,0,-1,-1,7802,32,8,unknown,APPLE,
120.1420000000071,d9:f4:7b:97:85:c9,c985977bf4d91eff4c0012190052ff6be0d3b88886035481ff2e6622defffc507a38500100,-19911.0,61059.0,-91717.0,75335.0,-101680.0,,0,0,0,0,0,1,1,2,ADV_NONCONN_IND,37,37,9,-1,0,-1,-1,4959,32,8,unknown,APPLE,
121.9270000000106,d9:f4:7b:97:85:c9,c985977bf4d91eff4c0012190052ff6be0d3b88886035481ff2e6622defffc507a38500100,-47271.0,80148.0,-117574.0,85914.0,-121855.0,,0,0,0,0,0,1,1,2,ADV_NONCONN_IND,37,37,11,-1,0,-1,-1,6647,31,8,unknown,APPLE,
125.07100000001084,d1:15:8a:9b:b1:11,11b19b8a15d11eff4c001219202a6670f8042ff516aa8b347b51fbecab465e1b175e570107,-34078.0,93820.0,-99887.0,79170.0,-147032.0,,0,0,0,0,0,1,1,0,ADV_IND,37,37,5,-1,0,-1,-1,1649,31,8,unknown,APPLE,
125.07100000001084,d9:f4:7b:97:85:c9,c985977bf4d91eff4c0012190052ff6be0d3b88886035481ff2e6622defffc507a38500100,-12242.0,49334.0,-94429.0,99813.0,-103129.0,,0,0,0,0,0,1,1,2,ADV_NONCONN_IND,37,37,0,-1,0,-1,-1,6459,32,8,unknown,APPLE,
125.07100000001084,dd:27:67:8d:21:8f,8f218d6727dd1eff4c001219207fa46f70985c3c501638898e8f9471bd96fbec70927c0030,-15921.0,66202.0,-88053.0,130136.0,-115145.0,,0,0,0,0,0,1,1,0,ADV_IND,37,37,1,-1,0,-1,-1,2208,32,8,unknown,APPLE,
127.98099999999975,7b:72:59:f5:a9:0b,0ba9f559727b0201061916aafe40e094d2e827a9c8d79a7b07623d7bad748afd77df20,-8888.0,87942.0,-91243.0,92105.0,-128966.0,,0,0,0,0,0,1,1,0,ADV_IND,35,37,9,-1,0,-1,-1,4563,31,8,unknown,GOOGLE,
127.98099999999975,e4:59:33:92:54:87,8754923359e41eff4c00121910e3666ac58c1a57b69a85a58f8d2348289d72cd52e31600da,-22220.0,78314.0,-100961.0,68359.0,-137679.0,,0,0,0,0,0,1,1,0,ADV_IND,37,37,12,-1,0,-1,-1,2175,29,7,unknown,APPLE,
129.4840000000113,cb:9e:19:3f:70:60,60703f199ecb1eff4c00121920149e937d5f4985e4f90281d863a109b763242d487f8103b5,-44427.0,97342.0,-122949.0,99463.0,-145214.0,,0,0,0,0,0,1,1,0,ADV_IND,37,37,1,-1,0,-1,-1,4391,32,8,unknown,APPLE,
129.4840000000113,d9:f4:7b:97:85:c9,c985977bf4d91eff4c0012190052ff6be0d3b88886035481ff2e6622defffc507a38500100,-5357.0,42945.0,-87940.0,81206.0,-110357.0,,0,0,0,0,0,1,1,2,ADV_NONCONN_IND,37,37,14,-1,0,-1,-1,1910,29,8,unknown,APPLE,
131.18700000000536,cb:9e:19:3f:70:60,60703f199ecb1eff4c00121920149e937d5f4985e4f90281d863a109b763242d487f8103b5,-44045.0,70591.0,-95295.0,81245.0,-118831.0,,0,0,0,0,0,1,1,0,ADV_IND,37,37,4,-1,0,-1,-1,7948,32,8,unknown,APPLE,
131.18700000000536,d9:f4:7b:97:85:c9,c985977bf4d91eff4c0012190052ff6be0d3b88886035481ff2e6622defffc507a38500100,-34090.0,73233.0,-83863.0,76355.0,-127929.0,,0,0,0,0,0,1,1,2,ADV_NONCONN_IND,37,37,7,-1,0,-1,-1,3107,32,8,unknown,APPLE,
132.78399999999965,dd:27:67:8d:21:8f,8f218d6727dd1eff4c001219207fa46f70985c3c501638898e8f9471bd96fbec70927c0030,-27283.0,80517.0,-79734.0,93435.0,-115499.0,,0,0,0,0,0,1,1,0,ADV_IND,37,37,9,-1,0,-1,-1,7061,32,8,unknown,APPLE,
132.78399999999965,d0:9a:ae:34:3b:7a,7a3b34ae9ad01eff4c00121960e11e30be85d0a9f75dc145a67e05944db6b1f0e16c6f005d,27062.0,81569.0,-79113.0,93363.0,-153028.0,,0,0,0,0,0,1,1,0,ADV_IND,37,37,7,-1,0,-1,-1,5411,32,8,unknown,APPLE,
134.47600000000966,c7:af:60:4b:85:66,66854b60afc71eff4c00121910d46c28dc0d9d8f5f5bb9d5717becc53107c1c659d1a50121,-29070.0,99378.0,-112639.0,84134.0,-165132.0,,0,0,0,0,0,1,1,0,ADV_IND,37,37,7,-1,0,-1,-1,6611,32,8,unknown,APPLE,
134.47600000000966,f6:b8:9f:83:bd:03,03bd839fb8f61eff4c001219001469e8ebed498934d8385640dc99f047ef2650847c540300,-19815.0,76706.0,-100810.0,89135.0,-151230.0,,0,0,0,0,0,1,1,2,ADV_NONCONN_IND,37,37,14,-1,0,-1,-1,6406,31,7,unknown,APPLE,
134.47600000000966,dd:27:67:8d:21:8f,8f218d6727dd1eff4c001219207fa46f70985c3c501638898e8f9471bd96fbec70927c0030,-28269.0,107824.0,-83159.0,106831.0,-145406.0,,0,0,0,0,0,1,1,0,ADV_IND,37,37,15,-1,0,-1,-1,8030,32,8,unknown,APPLE,
134.47600000000966,d2:1b:8b:8e:cd:29,29cd8e8b1bd21eff4c00121960648cbf306782d6f46e4e49ecfe450b9edf077d9e7a6700b2,-12984.0,48369.0,-89967.0,110553.0,-149237.0,,0,0,0,0,0,1,1,0,ADV_IND,37,37,8,-1,0,-1,-1,7193,32,8,unknown,APPLE,
134.47600000000966,cb:9e:19:3f:70:60,60703f199ecb1eff4c00121920149e937d5f4985e4f90281d863a109b763242d487f8103b5,-19837.0,47708.0,-99990.0,79215.0,-117942.0,,0,0,0,0,0,1,1,0,ADV_IND,37,37,12,-1,0,-1,-1,4246,32,7,unknown,APPLE,
134.47600000000966,d9:f4:7b:97:85:c9,c985977bf4d91eff4c0012190052ff6be0d3b88886035481ff2e6622defffc507a38500100,-22066.0,66220.0,-91854.0,77782.0,-129032.0,,0,0,0,0,0,1,1,2,ADV_NONCONN_IND,37,37,12,-1,0,-1,-1,6802,32,8,unknown,APPLE,
135.9619999999995,d9:f4:7b:97:85:c9,c985977bf4d91eff4c0012190052ff6be0d3b88886035481ff2e6622defffc507a38500100,-22456.0,66639.0,-92424.0,71265.0,-106568.0,,0,0,0,0,0,1,1,2,ADV_NONCONN_IND,37,37,4,-1,0,-1,-1,1003,32,8,unknown,APPLE,
137.64400000000023,cb:9e:19:3f:70:60,60703f199ecb1eff4c00121920149e937d5f4985e4f90281d863a109b763242d487f8103b5,-43065.0,78537.0,-96467.0,71012.0,-106322.0,,0,0,0,0,0,1,1,0,ADV_IND,37,37,11,-1,0,-1,-1,6501,32,8,unknown,APPLE,
137.64400000000023,e4:59:33:92:54:87,8754923359e41eff4c00121910e3666ac58c1a57b69a85a58f8d2348289d72cd52e31600da,-37500.0,87772.0,-100409.0,72950.0,-158924.0,,0,0,0,0,0,1,1,0,ADV_IND,37,37,14,-1,0,-1,-1,2215,31,8,unknown,APPLE,
138.6530000000057,da:b5:7c:16:17:65,6517167cb5da1eff4c001219200101732920050f6f0afcdbb4a1c0fec22f1adfd25b990220,-38073.0,74315.0,-103411.0,86742.0,-123636.0,,0,0,0,0,0,1,1,0,ADV_IND,37,37,12,-1,0,-1,-1,6018,32,8,unknown,APPLE,
138.6530000000057,dd:27:67:8d:21:8f,8f218d6727dd1eff4c001219207fa46f70985c3c501638898e8f9471bd96fbec70927c0030,4129.0,107188.0,-120080.0,94397.0,-139784.0,,0,0,0,0,0,1,1,0,ADV_IND,37,37,2,-1,0,-1,-1,3651,32,8,unknown,APPLE,
139.52000000000407,d1:15:8a:9b:b1:11,11b19b8a15d11eff4c001219202a6670f8042ff516aa8b347b51fbecab465e1b175e570107,-57769.0,75685.0,-76824.0,67889.0,-141591.0,,0,0,0,0,0,1,1,0,ADV_IND,37,37,10,-1,0,-1,-1,5318,32,7,unknown,APPLE,
139.52000000000407,d9:f4:7b:97:85:c9,c985977bf4d91eff4c0012190052ff6be0d3b88886035481ff2e6622defffc507a38500100,-28047.0,50512.0,-86013.0,84499.0,-114627.0,,0,0,0,0,0,1,1,2,ADV_NONCONN_IND,37,37,12,-1,0,-1,-1,7733,32,8,unknown,APPLE,
139.52000000000407,c5:42:bb:cc:7a:5d,5d7accbb42c51eff4c001219205d0ff5e34cc655b578b203d216c170501cf522bd06670143,-16173.0,71305.0,-78587.0,79012.0,-115600.0,,0,0,0,0,0,1,1,0,ADV_IND,37,37,10,-1,0,-1,-1,2938,32,7,unknown,APPLE,
142.72000000000116,dd:27:67:8d:21:8f,8f218d6727dd1eff4c001219207fa46f70985c3c501638898e8f9471bd96fbec70927c0030,-12268.0,77453.0,-78525.0,68164.0,-126035.0,,0,0,0,0,0,1,1,0,ADV_IND,37,37,9,-1,0,-1,-1,7139,32,7,unknown,APPLE,
144.06000000001222,d9:f4:7b:97:85:c9,c985977bf4d91eff4c0012190052ff6be0d3b88886035481ff2e6622defffc507a38500100,-22375.0,63686.0,-78469.0,58635.0,-111778.0,,0,0,0,0,0,1,1,2,ADV_NONCONN_IND,37,37,2,-1,0,-1,-1,2828,32,8,unknown,APPLE,
145.69100000000617,dd:27:67:8d:21:8f,8f218d6727dd1eff4c001219207fa46f70985c3c501638898e8f9471bd96fbec70927c0030,-8895.0,74769.0,-84507.0,88615.0,-129951.0,,0,0,0,0,0,1,1,0,ADV_IND,37,37,10,-1,0,-1,-1,6834,32,8,unknown,APPLE,
145.69100000000617,c5:42:bb:cc:7a:5d,5d7accbb42c51eff4c001219205d0ff5e34cc655b578b203d216c170501cf522bd06670143,-20490.0,85698.0,-73167.0,86307.0,-131137.0,,0,0,0,0,0,1,1,0,ADV_IND,37,37,15,-1,0,-1,-1,2556,32,7,unknown,APPLE,
145.69100000000617,7b:72:59:f5:a9:0b,0ba9f559727b0201061916aafe40e094d2e827a9c8d79a7b07623d7bad748afd77df20,-27314.0,102827.0,-100778.0,84626.0,-130938.0,,0,0,0,0,0,1,1,0,ADV_IND,35,37,6,-1,0,-1,-1,5399,32,8,unknown,GOOGLE,
147.6420000000071,f6:b8:9f:83:bd:03,03bd839fb8f61eff4c001219001469e8ebed498934d8385640dc99f047ef2650847c540300,-39265.0,101216.0,-123432.0,78927.0,-141414.0,,0,0,0,0,0,1,1,2,ADV_NONCONN_IND,37,37,9,-1,0,-1,-1,6414,28,7,unknown,APPLE,
147.6420000000071,c8:bf:27:a8:92:3a,3a92a827bfc81eff4c00121910b6c539b0da3aea66219a7f9cb9407cc1381b43db47dd03ac,-711.0,82692.0,-114152.0,49010.0,-142628.0,,0,0,0,0,0,1,1,0,ADV_IND,37,37,4,-1,0,-1,-1,7794,32,8,unknown,APPLE,
147.6420000000071,d9:f4:7b:97:85:c9,c985977bf4d91eff4c0012190052ff6be0d3b88886035481ff2e6622defffc507a38500100,-28041.0,80296.0,-96189.0,106322.0,-149633.0,,0,0,0,0,0,1,1,2,ADV_NONCONN_IND,37,37,10,-1,0,-1,-1,1912,32,8,unknown,APPLE,
148.4600000000064,d0:9a:ae:34:3b:7a,7a3b34ae9ad01eff4c00121960e11e30be85d0a9f75dc145a67e05944db6b1f0e16c6f005d,9824.0,72324.0,-86925.0,95473.0,-123065.0,,0,0,0,0,0,1,1,0,ADV_IND,37,37,15,-1,0,-1,-1,1202,32,8,unknown,APPLE,
148.4600000000064,cb:9e:19:3f:70:60,60703f199ecb1eff4c00121920149e937d5f4985e4f90281d863a109b763242d487f8103b5,-41921.0,111710.0,-124508.0,82009.0,-140775.0,,0,0,0,0,0,1,1,0,ADV_IND,37,37,12,-1,0,-1,-1,2056,32,8,unknown,APPLE,
148.4600000000064,dd:27:67:8d:21:8f,8f218d6727dd1eff4c001219207fa46f70985c3c501638898e8f9471bd96fbec70927c0030,-36271.0,98599.0,-86577.0,104065.0,-124176.0,,0,0,0,0,0,1,1,0,ADV_IND,37,37,3,-1,0,-1,-1,994,32,8,unknown,APPLE,
150.57000000000698,e4:59:33:92:54:87,8754923359e41eff4c00121910e3666ac58c1a57b69a85a58f8d2348289d72cd52e31600da,-29116.0,97820.0,-112213.0,64310.0,-147423.0,,0,0,0,0,0,1,1,0,ADV_IND,37,37,14,-1,0,-1,-1,2909,30,8,unknown,APPLE,
152.47900000000664,da:b5:7c:16:17:65,6517167cb5da1eff4c001219200101732920050f6f0afcdbb4a1c0fec22f1adfd25b990220,-28226.0,50696.0,-85484.0,92396.0,-139149.0,,0,0,0,0,0,1,1,0,ADV_IND,37,37,2,-1,0,-1,-1,2981,32,8,unknown,APPLE,
152.47900000000664,dd:27:67:8d:21:8f,8f218d6727dd1eff4c001219207fa46f70985c3c501638898e8f9471bd96fbec70927c0030,-20203.0,85550.0,-61187.0,83510.0,-135414.0,,0,0,0,0,0,1,1,0,ADV_IND,37,37,6,-1,0,-1,-1,7861,32,8,unknown,APPLE,
152.47900000000664,7b:72:59:f5:a9:0b,0ba9f559727b0201061916aafe40e094d2e827a9c8d79a7b07623d7bad748afd77df20,-13904.0,88578.0,-114798.0,97195.0,-90638.0,,0,0,0,0,0,1,1,0,ADV_IND,35,37,8,-1,0,-1,-1,6972,32,7,unknown,GOOGLE,
152.47900000000664,c8:bf:27:a8:92:3a,3a92a827bfc81eff4c00121910b6c539b0da3aea66219a7f9cb9407cc1381b43db47dd03ac,-37343.0,87849.0,-77621.0,50184.0,-136713.0,,0,0,0,0,0,1,1,0,ADV_IND,37,37,9,-1,0,-1,-1,2591,32,7,unknown,APPLE,
156.09300000000803,c5:42:bb:cc:7a:5d,5d7accbb42c51eff4c001219205d0ff5e34cc655b578b203d216c170501cf522bd06670143,-9694.0,77745.0,-76313.0,62932.0,-118143.0,,0,0,0,0,0,1,1,0,ADV_IND,37,37,0,-1,0,-1,-1,2626,28,7,unknown,APPLE,
159.30900000000838,7b:72:59:f5:a9:0b,0ba9f559727b0201061916aafe40e094d2e827a9c8d79a7b07623d7bad748afd77df20,-12830.0,89157.0,-106575.0,95636.0,-98069.0,,0,0,0,0,0,1,1,0,ADV_IND,35,37,1,-1,0,-1,-1,5213,32,8,unknown,GOOGLE,
161.0280000000057,7b:72:59:f5:a9:0b,0ba9f559727b0201061916aafe40e094d2e827a9c8d79a7b07623d7bad748afd77df20,-15809.0,74629.0,-121383.0,105719.0,-94118.0,,0,0,0,0,0,1,1,0,ADV_IND,35,37,10,-1,0,-1,-1,2076,32,8,unknown,GOOGLE,
161.0280000000057,da:b5:7c:16:17:65,6517167cb5da1eff4c001219200101732920050f6f0afcdbb4a1c0fec22f1adfd25b990220,-16468.0,57762.0,-76909.0,60126.0,-132368.0,,0,0,0,0,0,1,1,0,ADV_IND,37,37,1,-1,0,-1,-1,5605,32,8,unknown,APPLE,
162.70800000001327,c7:af:60:4b:85:66,66854b60afc71eff4c00121910d46c28dc0d9d8f5f5bb9d5717becc53107c1c659d1a50121,-14342.0,86936.0,-118025.0,78746.0,-152122.0,,0,0,0,0,0,1,1,0,ADV_IND,37,37,4,-1,0,-1,-1,6925,32,8,unknown,APPLE,
162.70800000001327,e4:59:33:92:54:87,8754923359e41eff4c00121910e3666ac58c1a57b69a85a58f8d2348289d72cd52e31600da,-45347.0,76060.0,-100096.0,81352.0,-155366.0,,0,0,0,0,0,1,1,0,ADV_IND,37,37,8,-1,0,-1,-1,1857,32,8,unknown,APPLE,
162.70800000001327,f6:b8:9f:83:bd:03,03bd839fb8f61eff4c001219001469e8ebed498934d8385640dc99f047ef2650847c540300,-14134.0,82097.0,-116539.0,78230.0,-144628.0,,0,0,0,0,0,1,1,2,ADV_NONCONN_IND,37,37,5,-1,0,-1,-1,4479,32,8,unknown,APPLE,
162.70800000001327,cb:9e:19:3f:70:60,60703f199ecb1eff4c00121920149e937d5f4985e4f90281d863a109b763242d487f8103b5,-45433.0,58777.0,-88565.0,76367.0,-131690.0,,0,0,0,0,0,1,1,0,ADV_IND,37,37,7,-1,0,-1,-1,1232,32,8,unknown,APPLE,
162.70800000001327,dd:27:67:8d:21:8f,8f218d6727dd1eff4c001219207fa46f70985c3c501638898e8f9471bd96fbec70927c0030,-24509.0,83434.0,-80239.0,92915.0,-112305.0,,0,0,0,0,0,1,1,0,ADV_IND,37,37,14,-1,0,-1,-1,4970,32,7,unknown,APPLE,
164.26400000001013,7b:72:59:f5:a9:0b,0ba9f559727b0201061916aafe40e094d2e827a9c8d79a7b07623d7bad748afd77df20,-14741.0,102714.0,-142273.0,93284.0,-126560.0,,0,0,0,0,0,1,1,0,ADV_IND,35,37,10,-1,0,-1,-1,3630,28,7,unknown,GOOGLE,
164.26400000001013,cb:9e:19:3f:70:60,60703f199ecb1eff4c00121920149e937d5f4985e4f90281d863a109b763242d487f8103b5,-40880.0,57400.0,-107130.0,106485.0,-130755.0,,0,0,0,0,0,1,1,0,ADV_IND,37,37,8,-1,0,-1,-1,5976,32,8,unknown,APPLE,
164.26400000001013,c7:af:60:4b:85:66,66854b60afc71eff4c00121910d46c28dc0d9d8f5f5bb9d5717becc53107c1c659d1a50121,-22510.0,77161.0,-116504.0,66094.0,-151734.0,,0,0,0,0,0,1,1,0,ADV_IND,37,37,6,-1,0,-1,-1,5254,32,8,unknown,APPLE,
166.23300000000745,cb:9e:19:3f:70:60,60703f199ecb1eff4c00121920149e937d5f4985e4f90281d863a109b763242d487f8103b5,-38555.0,79121.0,-108364.0,93481.0,-127336.0,,0,0,0,0,0,1,1,0,ADV_IND,37,37,10,-1,0,-1,-1,5432,32,8,unknown,APPLE,
167.7100000000064,fa:97:06:e7:da:9f,25666c3cf5f41eff4c00121910c4ae7bedf14240cd85e38faa329cbbc7be0f299a6ed70378,-33453.0,88557.0,-89037.0,63752.0,-152179.0,,0,0,0,0,0,1,1,0,ADV_IND,37,37,7,-1,0,-1,-1,6908,32,8,unknown,APPLE,f4:f5:3c:6c:66:25
167.7100000000064,f6:b8:9f:83:bd:03,03bd839fb8f61eff4c001219001469e8ebed498934d8385640dc99f047ef2650847c540300,-32293.0,106643.0,-119909.0,83657.0,-147256.0,,0,0,0,0,0,1,1,2,ADV_NONCONN_IND,37,37,0,-1,0,-1,-1,4313,32,7,unknown,APPLE,
167.7100000000064,dd:27:67:8d:21:8f,8f218d6727dd1eff4c001219207fa46f70985c3c501638898e8f9471bd96fbec70927c0030,-31572.0,100453.0,-86100.0,106019.0,-149600.0,,0,0,0,0,0,1,1,0,ADV_IND,37,37,5,-1,0,-1,-1,3424,30,8,unknown,APPLE,
169.6290000000008,e6:be:13:f4:64:f3,f364f413bee61eff4c00121960f1ddfdbe31f85265440bc58a10a8fed11b5065ef754001bf,-24112.0,59772.0,-72203.0,97293.0,-125052.0,,0,0,0,0,0,1,1,0,ADV_IND,37,37,15,-1,0,-1,-1,4349,32,8,unknown,APPLE,
169.6290000000008,dd:27:67:8d:21:8f,8f218d6727dd1eff4c001219207fa46f70985c3c501638898e8f9471bd96fbec70927c0030,-1596.0,64847.0,-92552.0,94378.0,-97452.0,,0,0,0,0,0,1,1,0,ADV_IND,37,37,9,-1,0,-1,-1,1611,31,8,unknown,APPLE,
172.40200000000186,dd:27:67:8d:21:8f,8f218d6727dd1eff4c001219207fa46f70985c3c501638898e8f9471bd96fbec70927c0030,-23077.0,101463.0,-71733.0,83900.0,-144516.0,,0,0,0,0,0,1,1,0,ADV_IND,37,37,13,-1,0,-1,-1,2270,32,8,unknown,APPLE,
175.22000000000116,e6:be:13:f4:64:f3,f364f413bee61eff4c00121960f1ddfdbe31f85265440bc58a10a8fed11b5065ef754001bf,5595.0,70948.0,-68952.0,88313.0,-155240.0,,0,0,0,0,0,1,1,0,ADV_IND,37,37,8,-1,0,-1,-1,7528,28,7,unknown,APPLE,
177.08900000000722,c7:af:60:4b:85:66,66854b60afc71eff4c00121910d46c28dc0d9d8f5f5bb9d5717becc53107c1c659d1a50121,-49604.0,99962.0,-112121.0,102955.0,-164620.0,,0,0,0,0,0,1,1,0,ADV_IND,37,37,2,-1,0,-1,-1,4147,32,8,unknown,APPLE,
178.93500000001222,7b:72:59:f5:a9:0b,0ba9f559727b0201061916aafe40e094d2e827a9c8d79a7b07623d7bad748afd77df20,-18318.0,105857.0,-114859.0,86506.0,-107788.0,,0,0,0,0,0,1,1,0,ADV_IND,35,37,6,-1,0,-1,-1,5224,32,8,unknown,GOOGLE,
178.93500000001222,c7:af:60:4b:85:66,66854b60afc71eff4c00121910d46c28dc0d9d8f5f5bb9d5717becc53107c1c659d1a50121,-21605.0,63417.0,-113315.0,78703.0,-135642.0,,0,0,0,0,0,1,1,0,ADV_IND,37,37,14,-1,0,-1,-1,5001,32,8,unknown,APPLE,
180.6710000000021,d9:f4:7b:97:85:c9,c985977bf4d91eff4c0012190052ff6be0d3b88886035481ff2e6622defffc507a38500100,-18667.0,49769.0,-90251.0,67697.0,-115148.0,,0,0,0,0,0,1,1,2,ADV_NONCONN_IND,37,37,11,-1,0,-1,-1,4847,32,8,unknown,APPLE,
180.6710000000021,c7:af:60:4b:85:66,66854b60afc71eff4c00121910d46c28dc0d9d8f5f5bb9d5717becc53107c1c659d1a50121,-28780.0,105782.0,-103542.0,79877.0,-156386.0,,0,0,0,0,0,1,1,0,ADV_IND,37,37,11,-1,0,-1,-1,4491,29,8,unknown,APPLE,
182.3020000000106,d9:f4:7b:97:85:c9,c985977bf4d91eff4c0012190052ff6be0d3b88886035481ff2e6622defffc507a38500100,-26262.0,81287.0,-97352.0,89802.0,-144769.0,,0,0,0,0,0,1,1,2,ADV_NONCONN_IND,37,37,13,-1,0,-1,-1,6159,32,8,unknown,APPLE,
182.3020000000106,c5:42:bb:cc:7a:5d,5d7accbb42c51eff4c001219205d0ff5e34cc655b578b203d216c170501cf522bd06670143,-21758.0,69423.0,-60227.0,66865.0,-96838.0,,0,0,0,0,0,1,1,0,ADV_IND,37,37,1,-1,0,-1,-1,1306,32,8,unknown,APPLE,
183.8390000000072,da:b5:7c:16:17:65,6517167cb5da1eff4c001219200101732920050f6f0afcdbb4a1c0fec22f1adfd25b990220,-18691.0,69995.0,-103475.0,98878.0,-143888.0,,0,0,0,0,0,1,1,0,ADV_IND,37,37,14,-1,0,-1,-1,3525,32,8,unknown,APPLE,
183.8390000000072,c7:af:60:4b:85:66,66854b60afc71eff4c00121910d46c28dc0d9d8f5f5bb9d5717becc53107c1c659d1a50121,-31424.0,93142.0,-113746.0,58273.0,-142134.0,,0,0,0,0,0,1,1,0,ADV_IND,37,37,5,-1,0,-1,-1,2168,31,7,unknown,APPLE,
183.8390000000072,d9:f4:7b:97:85:c9,c985977bf4d91eff4c0012190052ff6be0d3b88886035481ff2e6622defffc507a38500100,-18696.0,71220.0,-104279.0,109069.0,-153393.0,,0,0,0,0,0,1,1,2,ADV_NONCONN_IND,37,37,12,-1,0,-1,-1,6549,32,8,unknown,APPLE,
183.8390000000072,f5:ec:7d:ef:0a:97,25666c3cf5f41eff4c00121910c4ae7bedf14240cd85e38faa329cbbc7be0f299a6ed70378,-34341.0,104627.0,-110210.0,88631.0,-139178.0,,0,0,0,0,0,1,1,0,ADV_IND,37,37,4,-1,0,-1,-1,7639,31,7,unknown,APPLE,f4:f5:3c:6c:66:25
183.8390000000072,f6:b8:9f:83:bd:03,03bd839fb8f61eff4c001219001469e8ebed498934d8385640dc99f047ef2650847c540300,-42933.0,94917.0,-105570.0,83948.0,-137887.0,,0,0,0,0,0,1,1,2,ADV_NONCONN_IND,37,37,6,-1,0,-1,-1,5019,32,7,unknown,APPLE,
183.8390000000072,c5:42:bb:cc:7a:5d,5d7accbb42c51eff4c001219205d0ff5e34cc655b578b203d216c170501cf522bd06670143,-26394.0,70562.0,-58786.0,70871.0,-120772.0,,0,0,0,0,0,1,1,0,ADV_IND,37,37,13,-1,0,-1,-1,3309,32,8,unknown,APPLE,
185.21500000001103,c5:42:bb:cc:7a:5d,5d7accbb42c51eff4c001219205d0ff5e34cc655b578b203d216c170501cf522bd06670143,-13821.0,74233.0,-78189.0,75568.0,-102513.0,,0,0,0,0,0,1,1,0,ADV_IND,37,37,15,-1,0,-1,-1,5639,32,8,unknown,APPLE,
185.21500000001103,d9:f4:7b:97:85:c9,c985977bf4d91eff4c0012190052ff6be0d3b88886035481ff2e6622defffc507a38500100,-24225.0,53773.0,-105308.0,92543.0,-117653.0,,0,0,0,0,0,1,1,2,ADV_NONCONN_IND,37,37,6,-1,0,-1,-1,5074,32,8,unknown,APPLE,
185.21500000001103,dd:27:67:8d:21:8f,8f218d6727dd1eff4c001219207fa46f70985c3c501638898e8f9471bd96fbec70927c0030,-6858.0,74723.0,-90460.0,74564.0,-114495.0,,0,0,0,0,0,1,1,0,ADV_IND,37,37,10,-1,0,-1,-1,2453,32,7,unknown,APPLE,
185.21500000001103,da:b5:7c:16:17:65,6517167cb5da1eff4c001219200101732920050f6f0afcdbb4a1c0fec22f1adfd25b990220,-42008.0,76473.0,-91864.0,69391.0,-105354.0,,0,0,0,0,0,1,1,0,ADV_IND,37,37,9,-1,0,-1,-1,3709,32,8,unknown,APPLE,
187.40899999999965,c5:42:bb:cc:7a:5d,5d7accbb42c51eff4c001219205d0ff5e34cc655b578b203d216c170501cf522bd06670143,-22343.0,70999.0,-75284.0,67315.0,-115711.0,,0,0,0,0,0,1,1,0,ADV_IND,37,37,14,-1,0,-1,-1,3826,32,8,unknown,APPLE,
187.40899999999965,da:b5:7c:16:17:65,6517167cb5da1eff4c001219200101732920050f6f0afcdbb4a1c0fec22f1adfd25b990220,-37559.0,55324.0,-85203.0,77384.0,-118468.0,,0,0,0,0,0,1,1,0,ADV_IND,37,37,10,-1,0,-1,-1,5107,32,8,unknown,APPLE,
187.40899999999965,d9:f4:7b:97:85:c9,c985977bf4d91eff4c0012190052ff6be0d3b88886035481ff2e6622defffc507a38500100,-32142.0,91764.0,-99372.0,80646.0,-135499.0,,0,0,0,0,0,1,1,2,ADV_NONCONN_IND,37,37,10,-1,0,-1,-1,2509,32,8,unknown,APPLE,
188.35599999999977,c7:af:60:4b:85:66,66854b60afc71eff4c00121910d46c28dc0d9d8f5f5bb9d5717becc53107c1c659d1a50121,-13328.0,81894.0,-114492.0,67652.0,-150508.0,,0,0,0,0,0,1,1,0,ADV_IND,37,37,3,-1,0,-1,-1,2309,32,8,unknown,APPLE,
189.58400000000256,c5:42:bb:cc:7a:5d,5d7accbb42c51eff4c001219205d0ff5e34cc655b578b203d216c170501cf522bd06670143,-12699.0,75485.0,-59908.0,61619.0,-129368.0,,0,0,0,0,0,1,1,0,ADV_IND,37,37,2,-1,0,-1,-1,6312,30,7,unknown,APPLE,
189.58400000000256,d9:f4:7b:97:85:c9,c985977bf4d91eff4c0012190052ff6be0d3b88886035481ff2e6622defffc507a38500100,-30119.0,71935.0,-97767.0,62766.0,-111546.0,,0,0,0,0,0,1,1,2,ADV_NONCONN_IND,37,37,8,-1,0,-1,-1,3775,30,8,unknown,APPLE,
191.30400000000373,d9:f4:7b:97:85:c9,c985977bf4d91eff4c0012190052ff6be0d3b88886035481ff2e6622defffc507a38500100,-18175.0,65961.0,-93678.0,76126.0,-111912.0,,0,0,0,0,0,1,1,2,ADV_NONCONN_IND,37,37,8,-1,0,-1,-1,3625,32,8,unknown,APPLE,
193.20400000001248,dd:27:67:8d:21:8f,8f218d6727dd1eff4c001219207fa46f70985c3c501638898e8f9471bd96fbec70927c0030,-17801.0,78220.0,-69450.0,80515.0,-125158.0,,0,0,0,0,0,1,1,0,ADV_IND,37,37,10,-1,0,-1,-1,7323,32,8,unknown,APPLE,
193.20400000001248,e4:59:33:92:54:87,8754923359e41eff4c00121910e3666ac58c1a57b69a85a58f8d2348289d72cd52e31600da,-26004.0,99358.0,-124619.0,77130.0,-161088.0,,0,0,0,0,0,1,1,0,ADV_IND,37,37,15,-1,0,-1,-1,4188,30,7,unknown,APPLE,
194.63400000000547,dd:27:67:8d:21:8f,8f218d6727dd1eff4c001219207fa46f70985c3c501638898e8f9471bd96fbec70927c0030,-33583.0,85618.0,-82323.0,107352.0,-133955.0,,0,0,0,0,0,1,1,0,ADV_IND,37,37,15,-1,0,-1,-1,3622,32,8,unknown,APPLE,
194.63400000000547,f6:b8:9f:83:bd:03,03bd839fb8f61eff4c001219001469e8ebed498934d8385640dc99f047ef2650847c540300,-30887.0,104724.0,-107888.0,81163.0,-150879.0,,0,0,0,0,0,1,1,2,ADV_NONCONN_IND,37,37,10,-1,0,-1,-1,5584,32,8,unknown,APPLE,
195.7380000000121,f6:b8:9f:83:bd:03,03bd839fb8f61eff4c001219001469e8ebed498934d8385640dc99f047ef2650847c540300,-15821.0,82253.0,-111414.0,70115.0,-106152.0,,0,0,0,0,0,1,1,2,ADV_NONCONN_IND,37,37,11,-1,0,-1,-1,4737,32,8,unknown,APPLE,
197.24000000000524,da:b5:7c:16:17:65,6517167cb5da1eff4c001219200101732920050f6f0afcdbb4a1c0fec22f1adfd25b990220,-17658.0,42528.0,-84265.0,70706.0,-140378.0,,0,0,0,0,0,1,1,0,ADV_IND,37,37,1,-1,0,-1,-1,4682,32,7,unknown,APPLE,
198.375,d9:f4:7b:97:85:c9,c985977bf4d91eff4c0012190052ff6be0d3b88886035481ff2e6622defffc507a38500100,-24168.0,61822.0,-96757.0,93209.0,-116879.0,,0,0,0,0,0,1,1,2,ADV_NONCONN_IND,37,37,6,-1,0,-1,-1,3957,32,8,unknown,APPLE,
199.89600000000792,da:b5:7c:16:17:65,6517167cb5da1eff4c001219200101732920050f6f0afcdbb4a1c0fec22f1adfd25b990220,-26503.0,97414.0,-116745.0,90865.0,-140762.0,,0,0,0,0,0,1,1,0,ADV_IND,37,37,2,-1,0,-1,-1,1499,31,7,unknown,APPLE,
199.89600000000792,c8:bf:27:a8:92:3a,3a92a827bfc81eff4c00121910b6c539b0da3aea66219a7f9cb9407cc1381b43db47dd03ac,-13157.0,47924.0,-84842.0,57245.0,-123747.0,,0,0,0,0,0,1,1,0,ADV_IND,37,37,7,-1,0,-1,-1,5992,32,8,unknown,APPLE,
201.62700000000768,e4:59:33:92:54:87,8754923359e41eff4c00121910e3666ac58c1a57b69a85a58f8d2348289d72cd52e31600da,-31582.0,89857.0,-109412.0,54897.0,-128681.0,,0,0,0,0,0,1,1,0,ADV_IND,37,37,9,-1,0,-1,-1,4452,32,8,unknown,APPLE,
201.62700000000768,e3:77:2e:17:6e:79,796e172e77e31eff4c001219007204631fc9a33665410454db5dff1ff56d4c2f9f78270200,-20371.0,91616.0,-98881.0,94065.0,-123961.0,,0,0,0,0,0,1,1,2,ADV_NONCONN_IND,37,37,10,-1,0,-1,-1,6171,32,8,unknown,APPLE,
202.4030000000057,c7:af:60:4b:85:66,66854b60afc71eff4c00121910d46c28dc0d9d8f5f5bb9d5717becc53107c1c659d1a50121,-11320.0,62796.0,-122120.0,80703.0,-158543.0,,0,0,0,0,0,1,1,0,ADV_IND,37,37,14,-1,0,-1,-1,3386,32,8,unknown,APPLE,
202.4030000000057,f6:b8:9f:83:bd:03,03bd839fb8f61eff4c001219001469e8ebed498934d8385640dc99f047ef2650847c540300,-19540.0,75137.0,-109443.0,78575.0,-134117.0,,0,0,0,0,0,1,1,2,ADV_NONCONN_IND,37,37,8,-1,0,-1,-1,7219,32,8,unknown,APPLE,
202.4030000000057,7b:72:59:f5:a9:0b,0ba9f559727b0201061916aafe40e094d2e827a9c8d79a7b07623d7bad748afd77df20,-32258.0,101413.0,-104776.0,102895.0,-134399.0,,0,0,0,0,0,1,1,0,ADV_IND,35,37,6,-1,0,-1,-1,5963,32,8,unknown,GOOGLE,
202.4030000000057,da:b5:7c:16:17:65,6517167cb5da1eff4c001219200101732920050f6f0afcdbb4a1c0fec22f1adfd25b990220,-34517.0,83872.0,-89854.0,95447.0,-143380.0,,0,0,0,0,0,1,1,0,ADV_IND,37,37,9,-1,0,-1,-1,5305,32,8,unknown,APPLE,
204.57900000001248,e6:be:13:f4:64:f3,f364f413bee61eff4c00121960f1ddfdbe31f85265440bc58a10a8fed11b5065ef754001bf,-4776.0,58827.0,-67186.0,108998.0,-150618.0,,0,0,0,0,0,1,1,0,ADV_IND,37,37,14,-1,0,-1,-1,5951,32,8,unknown,APPLE,
205.8990000000049,f6:b8:9f:83:bd:03,03bd839fb8f61eff4c001219001469e8ebed498934d8385640dc99f047ef2650847c540300,-32723.0,80841.0,-90554.0,62766.0,-137350.0,,0,0,0,0,0,1,1,2,ADV_NONCONN_IND,37,37,5,-1,0,-1,-1,6135,32,8,unknown,APPLE,
205.8990000000049,e3:77:2e:17:6e:79,796e172e77e31eff4c001219007204631fc9a33665410454db5dff1ff56d4c2f9f78270200,-25751.0,47225.0,-74861.0,104115.0,-140216.0,,0,0,0,0,0,1,1,2,ADV_NONCONN_IND,37,37,8,-1,0,-1,-1,4290,32,8,unknown,APPLE,
207.4030000000057,da:b5:7c:16:17:65,6517167cb5da1eff4c001219200101732920050f6f0afcdbb4a1c0fec22f1adfd25b990220,-27304.0,52701.0,-93879.0,81662.0,-136720.0,,0,0,0,0,0,1,1,0,ADV_IND,37,37,9,-1,0,-1,-1,1415,32,7,unknown,APPLE,
207.4030000000057,cb:9e:19:3f:70:60,60703f199ecb1eff4c00121920149e937d5f4985e4f90281d863a109b763242d487f8103b5,-37233.0,74024.0,-121965.0,85928.0,-135143.0,,0,0,0,0,0,1,1,0,ADV_IND,37,37,10,-1,0,-1,-1,2677,32,8,unknown,APPLE,
208.51499999999945,dd:27:67:8d:21:8f,8f218d6727dd1eff4c001219207fa46f70985c3c501638898e8f9471bd96fbec70927c0030,-14998.0,86981.0,-97526.0,89020.0,-130848.0,,0,0,0,0,0,1,1,0,ADV_IND,37,37,6,-1,0,-1,-1,3815,32,7,unknown,APPLE,
209.948000000004,f5:ec:7d:ef:0a:97,25666c3cf5f41eff4c00121910c4ae7bedf14240cd85e38faa329cbbc7be0f299a6ed70378,-14238.0,78569.0,-101238.0,85617.0,-114787.0,,0,0,0,0,0,1,1,0,ADV_IND,37,37,14,-1,0,-1,-1,3067,32,8,unknown,APPLE,f4:f5:3c:6c:66:25
209.948000000004,c7:af:60:4b:85:66,66854b60afc71eff4c00121910d46c28dc0d9d8f5f5bb9d5717becc53107c1c659d1a50121,-33439.0,90673.0,-101850.0,78051.0,-149746.0,,0,0,0,0,0,1,1,0,ADV_IND,37,37,1,-1,0,-1,-1,3450,31,7,unknown,APPLE,
211.0160000000033,dd:27:67:8d:21:8f,8f218d6727dd1eff4c001219207fa46f70985c3c501638898e8f9471bd96fbec70927c0030,7803.0,104359.0,-119501.0,90697.0,-155908.0,,0,0,0,0,0,1,1,0,ADV_IND,37,37,14,-1,0,-1,-1,1772,32,8,unknown,APPLE,
211.0160000000033,e6:be:13:f4:64:f3,f364f413bee61eff4c00121960f1ddfdbe31f85265440bc58a10a8fed11b5065ef754001bf,-8417.0,55871.0,-48156.0,64222.0,-141783.0,,0,0,0,0,0,1,1,0,ADV_IND,37,37,2,-1,0,-1,-1,7206,31,8,unknown,APPLE,
212.24100000000908,d9:f4:7b:97:85:c9,c985977bf4d91eff4c0012190052ff6be0d3b88886035481ff2e6622defffc507a38500100,-33334.0,56464.0,-92253.0,89462.0,-116550.0,,0,0,0,0,0,1,1,2,ADV_NONCONN_IND,37,37,5,-1,0,-1,-1,3127,32,8,unknown,APPLE,
213.77600000001257,cb:9e:19:3f:70:60,60703f199ecb1eff4c00121920149e937d5f4985e4f90281d863a109b763242d487f8103b5,-18965.0,52131.0,-104393.0,70251.0,-129767.0,,0,0,0,0,0,1,1,0,ADV_IND,37,37,13,-1,0,-1,-1,5461,32,8,unknown,APPLE,
213.77600000001257,d9:f4:7b:97:85:c9,c985977bf4d91eff4c0012190052ff6be0d3b88886035481ff2e6622defffc507a38500100,-10820.0,106093.0,-124524.0,89645.0,-144065.0,,0,0,0,0,0,1,1,2,ADV_NONCONN_IND,37,37,3,-1,0,-1,-1,2789,30,8,unknown,APPLE,
215.8990000000049,d1:15:8a:9b:b1:11,11b19b8a15d11eff4c001219202a6670f8042ff516aa8b347b51fbecab465e1b175e570107,-30124.0,79007.0,-97218.0,85365.0,-136558.0,,0,0,0,0,0,1,1,0,ADV_IND,37,37,13,-1,0,-1,-1,3384,32,8,unknown,APPLE,
215.8990000000049,d9:f4:7b:97:85:c9,c985977bf4d91eff4c0012190052ff6be0d3b88886035481ff2e6622defffc507a38500100,-19422.0,39108.0,-91480.0,76404.0,-93172.0,,0,0,0,0,0,1,1,2,ADV_NONCONN_IND,37,37,15,-1,0,-1,-1,4694,32,8,unknown,APPLE,
215.8990000000049,f6:b8:9f:83:bd:03,03bd839fb8f61eff4c001219001469e8ebed498934d8385640dc99f047ef2650847c540300,-33988.0,113586.0,-121425.0,92080.0,-149050.0,,0,0,0,0,0,1,1,2,ADV_NONCONN_IND,37,37,5,-1,0,-1,-1,1692,29,8,unknown,APPLE,
219.1410000000033,f6:b8:9f:83:bd:03,03bd839fb8f61eff4c001219001469e8ebed498934d8385640dc99f047ef2650847c540300,-37341.0,91450.0,-124502.0,89954.0,-129749.0,,0,0,0,0,0,1,1,2,ADV_NONCONN_IND,37,37,11,-1,0,-1,-1,3725,32,7,unknown,APPLE,
219.98300000000745,f6:b8:9f:83:bd:03,03bd839fb8f61eff4c001219001469e8ebed498934d8385640dc99f047ef2650847c540300,-26324.0,86827.0,-99341.0,73673.0,-116244.0,,0,0,0,0,0,1,1,2,ADV_NONCONN_IND,37,37,10,-1,0,-1,-1,3908,32,8,unknown,APPLE,
219.98300000000745,7b:72:59:f5:a9:0b,0ba9f559727b0201061916aafe40e094d2e827a9c8d79a7b07623d7bad748afd77df20,-6983.0,78147.0,-120396.0,136724.0,-109831.0,,0,0,0,0,0,1,1,0,ADV_IND,35,37,0,-1,0,-1,-1,3412,32,8,unknown,GOOGLE,
221.0170000000071,dd:27:67:8d:21:8f,8f218d6727dd1eff4c001219207fa46f70985c3c501638898e8f9471bd96fbec70927c0030,-33811.0,83719.0,-93973.0,91379.0,-123895.0,,0,0,0,0,0,1,1,0,ADV_IND,37,37,10,-1,0,-1,-1,1660,32,8,unknown,APPLE,
221.8280000000086,f6:b8:9f:83:bd:03,03bd839fb8f61eff4c001219001469e8ebed498934d8385640dc99f047ef2650847c540300,-39890.0,88961.0,-109979.0,80039.0,-162414.0,,0,0,0,0,0,1,1,2,ADV_NONCONN_IND,37,37,8,-1,0,-1,-1,5875,32,8,unknown,APPLE,
222.4920000000129,da:b5:7c:16:17:65,6517167cb5da1eff4c001219200101732920050f6f0afcdbb4a1c0fec22f1adfd25b990220,-28487.0,69360.0,-88259.0,106384.0,-156155.0,,0,0,0,0,0,1,1,0,ADV_IND,37,37,5,-1,0,-1,-1,4673,32,8,unknown,APPLE,
222.4920000000129,d0:9a:ae:34:3b:7a,7a3b34ae9ad01eff4c00121960e11e30be85d0a9f75dc145a67e05944db6b1f0e16c6f005d,12131.0,92435.0,-71798.0,80734.0,-155165.0,,0,0,0,0,0,1,1,0,ADV_IND,37,37,13,-1,0,-1,-1,4595,32,8,unknown,APPLE,
224.5890000000072,7b:72:59:f5:a9:0b,0ba9f559727b0201061916aafe40e094d2e827a9c8d79a7b07623d7bad748afd77df20,-26899.0,81117.0,-107187.0,94334.0,-112765.0,,0,0,0,0,0,1,1,0,ADV_IND,35,37,9,-1,0,-1,-1,7865,32,8,unknown,GOOGLE,
225.90400000000955,d9:f4:7b:97:85:c9,c985977bf4d91eff4c0012190052ff6be0d3b88886035481ff2e6622defffc507a38500100,-15856.0,69213.0,-91149.0,76069.0,-136153.0,,0,0,0,0,0,1,1,2,ADV_NONCONN_IND,37,37,3,-1,0,-1,-1,7941,32,8,unknown,APPLE,
227.3220000000001,e3:77:2e:17:6e:79,796e172e77e31eff4c001219007204631fc9a33665410454db5dff1ff56d4c2f9f78270200,-18148.0,55137.0,-81305.0,90324.0,-102880.0,,0,0,0,0,0,1,1,2,ADV_NONCONN_IND,37,37,1,-1,0,-1,-1,3826,31,8,unknown,APPLE,
229.21199999999956,f5:ec:7d:ef:0a:97,25666c3cf5f41eff4c00121910c4ae7bedf14240cd85e38faa329cbbc7be0f299a6ed70378,-34602.0,94552.0,-92986.0,77384.0,-131440.0,,0,0,0,0,0,1,1,0,ADV_IND,37,37,0,-1,0,-1,-1,1762,28,7,unknown,APPLE,f4:f5:3c:6c:66:25
229.21199999999956,da:b5:7c:16:17:65,6517167cb5da1eff4c001219200101732920050f6f0afcdbb4a1c0fec22f1adfd25b990220,-33298.0,65525.0,-89847.0,87098.0,-139654.0,,0,0,0,0,0,1,1,0,ADV_IND,37,37,11,-1,0,-1,-1,7724,30,8,unknown,APPLE,
229.21199999999956,f6:b8:9f:83:bd:03,03bd839fb8f61eff4c001219001469e8ebed498934d8385640dc99f047ef2650847c540300,-32943.0,70677.0,-107282.0,98270.0,-144118.0,,0,0,0,0,0,1,1,2,ADV_NONCONN_IND,37,37,0,-1,0,-1,-1,6624,31,7,unknown,APPLE,
229.21199999999956,d9:f4:7b:97:85:c9,c985977bf4d91eff4c0012190052ff6be0d3b88886035481ff2e6622defffc507a38500100,493.0,43070.0,-85428.0,70673.0,-101229.0,,0,0,0,0,0,1,1,2,ADV_NONCONN_IND,37,37,5,-1,0,-1,-1,1160,32,8,unknown,APPLE,
230.57500000001164,cb:9e:19:3f:70:60,60703f199ecb1eff4c00121920149e937d5f4985e4f90281d863a109b763242d487f8103b5,-33032.0,54752.0,-101211.0,75863.0,-107167.0,,0,0,0,0,0,1,1,0,ADV_IND,37,37,9,-1,0,-1,-1,3877,32,8,unknown,APPLE,
232.19200000001,d9:f4:7b:97:85:c9,c985977bf4d91eff4c0012190052ff6be0d3b88886035481ff2e6622defffc507a38500100,-28449.0,90798.0,-110089.0,101075.0,-135039.0,,0,0,0,0,0,1,1,2,ADV_NONCONN_IND,37,37,7,-1,0,-1,-1,4074,29,8,unknown,APPLE,
232.19200000001,c8:bf:27:a8:92:3a,3a92a827bfc81eff4c00121910b6c539b0da3aea66219a7f9cb9407cc1381b43db47dd03ac,-24822.0,69140.0,-87226.0,28817.0,-149761.0,,0,0,0,0,0,1,1,0,ADV_IND,37,37,2,-1,0,-1,-1,6595,32,7,unknown,APPLE,
233.823000000004,cb:9e:19:3f:70:60,60703f199ecb1eff4c00121920149e937d5f4985e4f90281d863a109b763242d487f8103b5,-32065.0,93889.0,-124730.0,106110.0,-154188.0,,0,0,0,0,0,1,1,0,ADV_IND,37,37,8,-1,0,-1,-1,4565,31,8,unknown,APPLE,
233.823000000004,e3:77:2e:17:6e:79,796e172e77e31eff4c001219007204631fc9a33665410454db5dff1ff56d4c2f9f78270200,-18320.0,57304.0,-88736.0,72855.0,-101428.0,,0,0,0,0,0,1,1,2,ADV_NONCONN_IND,37,37,7,-1,0,-1,-1,7723,32,8,unknown,APPLE,
233.823000000004,d0:9a:ae:34:3b:7a,7a3b34ae9ad01eff4c00121960e11e30be85d0a9f75dc145a67e05944db6b1f0e16c6f005d,1427.0,88604.0,-84021.0,96360.0,-127028.0,,0,0,0,0,0,1,1,0,ADV_IND,37,37,11,-1,0,-1,-1,1863,32,8,unknown,APPLE,
235.3740000000107,da:b5:7c:16:17:65,6517167cb5da1eff4c001219200101732920050f6f0afcdbb4a1c0fec22f1adfd25b990220,-49761.0,55787.0,-84227.0,96615.0,-142301.0,,0,0,0,0,0,1,1,0,ADV_IND,37,37,15,-1,0,-1,-1,3557,32,8,unknown,APPLE,
236.08000000000172,f6:b8:9f:83:bd:03,03bd839fb8f61eff4c001219001469e8ebed498934d8385640dc99f047ef2650847c540300,-61816.0,90398.0,-105142.0,87109.0,-134562.0,,0,0,0,0,0,1,1,2,ADV_NONCONN_IND,37,37,13,-1,0,-1,-1,7553,32,8,unknown,APPLE,
238.38700000000244,c8:bf:27:a8:92:3a,3a92a827bfc81eff4c00121910b6c539b0da3aea66219a7f9cb9407cc1381b43db47dd03ac,-23291.0,68968.0,-117522.0,64453.0,-103003.0,,0,0,0,0,0,1,1,0,ADV_IND,37,37,9,-1,0,-1,-1,4171,32,8,unknown,APPLE,
238.38700000000244,7b:72:59:f5:a9:0b,0ba9f559727b0201061916aafe40e094d2e827a9c8d79a7b07623d7bad748afd77df20,-8189.0,97435.0,-107994.0,92212.0,-106457.0,,0,0,0,0,0,1,1,0,ADV_IND,35,37,15,-1,0,-1,-1,6163,32,8,unknown,GOOGLE,
239.17799999999988,c5:42:bb:cc:7a:5d,5d7accbb42c51eff4c001219205d0ff5e34cc655b578b203d216c170501cf522bd06670143,-32012.0,79892.0,-66473.0,79550.0,-121418.0,,0,0,0,0,0,1,1,0,ADV_IND,37,37,7,-1,0,-1,-1,2165,32,8,unknown,APPLE,
239.17799999999988,cb:9e:19:3f:70:60,60703f199ecb1eff4c00121920149e937d5f4985e4f90281d863a109b763242d487f8103b5,-26766.0,73328.0,-108273.0,67342.0,-121365.0,,0,0,0,0,0,1,1,0,ADV_IND,37,37,13,-1,0,-1,-1,6583,32,8,unknown,APPLE,
239.17799999999988,da:b5:7c:16:17:65,6517167cb5da1eff4c001219200101732920050f6f0afcdbb4a1c0fec22f1adfd25b990220,-41744.0,56961.0,-89392.0,102814.0,-148687.0,,0,0,0,0,0,1,1,0,ADV_IND,37,37,12,-1,0,-1,-1,7211,32,8,unknown,APPLE,
240.5300000000134,f6:b8:9f:83:bd:03,03bd839fb8f61eff4c001219001469e8ebed498934d8385640dc99f047ef2650847c540300,-21814.0,69166.0,-100041.0,70721.0,-116230.0,,0,0,0,0,0,1,1,2,ADV_NONCONN_IND,37,37,4,-1,0,-1,-1,1839,32,8,unknown,APPLE,
241.67399999999907,e3:77:2e:17:6e:79,796e172e77e31eff4c001219007204631fc9a33665410454db5dff1ff56d4c2f9f78270200,-23620.0,68674.0,-68120.0,87602.0,-124926.0,,0,0,0,0,0,1,1,2,ADV_NONCONN_IND,37,37,14,-1,0,-1,-1,7005,32,8,unknown,APPLE,
241.67399999999907,c5:42:bb:cc:7a:5d,5d7accbb42c51eff4c001219205d0ff5e34cc655b578b203d216c170501cf522bd06670143,-11708.0,76265.0,-78981.0,79744.0,-113931.0,,0,0,0,0,0,1,1,0,ADV_IND,37,37,1,-1,0,-1,-1,2337,32,8,unknown,APPLE,
243.12200000000303,7b:72:59:f5:a9:0b,0ba9f559727b0201061916aafe40e094d2e827a9c8d79a7b07623d7bad748afd77df20,-11847.0,118839.0,-124154.0,106018.0,-132471.0,,0,0,0,0,0,1,1,0,ADV_IND,35,37,7,-1,0,-1,-1,2441,31,8,unknown,GOOGLE,
246.1410000000033,7b:72:59:f5:a9:0b,0ba9f559727b0201061916aafe40e094d2e827a9c8d79a7b07623d7bad748afd77df20,-7370.0,91424.0,-100486.0,74616.0,-118997.0,,0,0,0,0,0,1,1,0,ADV_IND,35,37,2,-1,0,-1,-1,6991,32,8,unknown,GOOGLE,
246.1410000000033,c5:42:bb:cc:7a:5d,25666c3cf5f41eff4c00121910c4ae7bedf14240cd85e38faa329cbbc7be0f299a6ed70378,-25120.0,78793.0,-106563.0,56318.0,-150997.0,,0,0,0,0,0,1,1,0,ADV_IND,37,37,1,-1,0,-1,-1,6860,31,8,unknown,APPLE,f4:f5:3c:6c:66:25
248.13200000001237,f6:b8:9f:83:bd:03,03bd839fb8f61eff4c001219001469e8ebed498934d8385640dc99f047ef2650847c540300,-32490.0,77508.0,-92686.0,80728.0,-148816.0,,0,0,0,0,0,1,1,2,ADV_NONCONN_IND,37,37,10,-1,0,-1,-1,3258,32,8,unknown,APPLE,
249.49000000000524,d9:f4:7b:97:85:c9,c985977bf4d91eff4c0012190052ff6be0d3b88886035481ff2e6622defffc507a38500100,-15755.0,53311.0,-85520.0,65345.0,-125498.0,,0,0,0,0,0,1,1,2,ADV_NONCONN_IND,37,37,15,-1,0,-1,-1,5354,32,7,unknown,APPLE,
251.54700000000597,d9:f4:7b:97:85:c9,c985977bf4d91eff4c0012190052ff6be0d3b88886035481ff2e6622defffc507a38500100,-32233.0,46461.0,-86492.0,70212.0,-101325.0,,0,0,0,0,0,1,1,2,ADV_NONCONN_IND,37,37,5,-1,0,-1,-1,5217,31,8,unknown,APPLE,
251.98099999999977,7b:72:59:f5:a9:0b,0ba9f559727b0201061916aafe40e094d2e827a9c8d79a7b07623d7bad748afd77df20,-25996.0,83111.0,-101994.0,87764.0,-93783.0,,0,0,0,0,0,1,1,0,ADV_IND,35,37,11,-1,0,-1,-1,5787,32,8,unknown,GOOGLE,
253.76400000001013,d9:f4:7b:97:85:c9,c985977bf4d91eff4c0012190052ff6be0d3b88886035481ff2e6622defffc507a38500100,-9110.0,69440.0,-88003.0,84912.0,-126749.0,,0,0,0,0,0,1,1,2,ADV_NONCONN_IND,37,37,11,-1,0,-1,-1,1300,30,8,unknown,APPLE,
254.45900000000256,7b:72:59:f5:a9:0b,0ba9f559727b0201061916aafe40e094d2e827a9c8d79a7b07623d7bad748afd77df20,-9485.0,105808.0,-111069.0,96780.0,-142507.0,,0,0,0,0,0,1,1,0,ADV_IND,35,37,2,-1,0,-1,-1,3148,32,8,unknown,GOOGLE,
255.6010000000097,d9:f4:7b:97:85:c9,c985977bf4d91eff4c0012190052ff6be0d3b88886035481ff2e6622defffc507a38500100,-26933.0,67363.0,-96495.0,87463.0,-132472.0,,0,0,0,0,0,1,1,2,ADV_NONCONN_IND,37,37,1,-1,0,-1,-1,5382,32,8,unknown,APPLE,
257.4050000000134,d9:f4:7b:97:85:c9,c985977bf4d91eff4c0012190052ff6be0d3b88886035481ff2e6622defffc507a38500100,-32237.0,78782.0,-98274.0,106149.0,-143949.0,,0,0,0,0,0,1,1,2,ADV_NONCONN_IND,37,37,8,-1,0,-1,-1,1772,32,8,unknown,APPLE,
258.9630000000034,d1:15:8a:9b:b1:11,11b19b8a15d11eff4c001219202a6670f8042ff516aa8b347b51fbecab465e1b175e570107,-42478.0,90951.0,-89010.0,62099.0,-139146.0,,0,0,0,0,0,1,1,0,ADV_IND,37,37,8,-1,0,-1,-1,1888,32,7,unknown,APPLE,
259.573000000004,d9:f4:7b:97:85:c9,c985977bf4d91eff4c0012190052ff6be0d3b88886035481ff2e6622defffc507a38500100,-23595.0,60383.0,-89302.0,77224.0,-124463.0,,0,0,0,0,0,1,1,2,ADV_NONCONN_IND,37,37,11,-1,0,-1,-1,5844,32,8,unknown,APPLE,
260.49000000000524,7b:72:59:f5:a9:0b,0ba9f559727b0201061916aafe40e094d2e827a9c8d79a7b07623d7bad748afd77df20,-18568.0,81653.0,-110227.0,91475.0,-93012.0,,0,0,0,0,0,1,1,0,ADV_IND,35,37,7,-1,0,-1,-1,4702,32,8,unknown,GOOGLE,
261.76600000000326,e3:77:2e:17:6e:79,796e172e77e31eff4c001219007204631fc9a33665410454db5dff1ff56d4c2f9f78270200,-11421.0,71209.0,-88776.0,65694.0,-131872.0,,0,0,0,0,0,1,1,2,ADV_NONCONN_IND,37,37,6,-1,0,-1,-1,3120,32,8,unknown,APPLE,
262.61900000000605,7b:72:59:f5:a9:0b,0ba9f559727b0201061916aafe40e094d2e827a9c8d79a7b07623d7bad748afd77df20,0.0,80202.0,-108296.0,91133.0,-93753.0,,0,0,0,0,0,1,1,0,ADV_IND,35,37,4,-1,0,-1,-1,2252,32,8,unknown,GOOGLE,
264.04899999999907,c5:42:bb:cc:7a:5d,25666c3cf5f41eff4c00121910c4ae7bedf14240cd85e38faa329cbbc7be0f299a6ed70378,-23944.0,89369.0,-94416.0,73159.0,-159056.0,,0,0,0,0,0,1,1,0,ADV_IND,37,37,7,-1,0,-1,-1,2999,31,8,unknown,APPLE,f4:f5:3c:6c:66:25
264.04899999999907,d9:f4:7b:97:85:c9,c985977bf4d91eff4c0012190052ff6be0d3b88886035481ff2e6622defffc507a38500100,-17631.0,73940.0,-85755.0,74642.0,-129468.0,,0,0,0,0,0,1,1,2,ADV_NONCONN_IND,37,37,10,-1,0,-1,-1,1410,32,8,unknown,APPLE,
264.04899999999907,f6:b8:9f:83:bd:03,03bd839fb8f61eff4c001219001469e8ebed498934d8385640dc99f047ef2650847c540300,-31283.0,98650.0,-113639.0,83535.0,-150963.0,,0,0,0,0,0,1,1,2,ADV_NONCONN_IND,37,37,10,-1,0,-1,-1,2227,32,8,unknown,APPLE,
265.54700000000594,d9:f4:7b:97:85:c9,c985977bf4d91eff4c0012190052ff6be0d3b88886035481ff2e6622defffc507a38500100,-16296.0,76256.0,-112002.0,102368.0,-135027.0,,0,0,0,0,0,1,1,2,ADV_NONCONN_IND,37,37,14,-1,0,-1,-1,3876,32,8,unknown,APPLE,
266.9320000000007,d1:15:8a:9b:b1:11,11b19b8a15d11eff4c001219202a6670f8042ff516aa8b347b51fbecab465e1b175e570107,-16520.0,62698.0,-91234.0,60155.0,-146670.0,,0,0,0,0,0,1,1,0,ADV_IND,37,37,11,-1,0,-1,-1,1967,32,8,unknown,APPLE,
267.9429999999993,d9:f4:7b:97:85:c9,c985977bf4d91eff4c0012190052ff6be0d3b88886035481ff2e6622defffc507a38500100,-28925.0,78489.0,-116183.0,85608.0,-116420.0,,0,0,0,0,0,1,1,2,ADV_NONCONN_IND,37,37,3,-1,0,-1,-1,3011,32,8,unknown,APPLE,
268.30100000000675,c8:bf:27:a8:92:3a,3a92a827bfc81eff4c00121910b6c539b0da3aea66219a7f9cb9407cc1381b43db47dd03ac,-43509.0,66354.0,-95026.0,89799.0,-129014.0,,0,0,0,0,0,1,1,0,ADV_IND,37,37,11,-1,0,-1,-1,1665,32,7,unknown,APPLE,
268.30100000000675,7b:72:59:f5:a9:0b,0ba9f559727b0201061916aafe40e094d2e827a9c8d79a7b07623d7bad748afd77df20,-11985.0,98193.0,-129255.0,110048.0,-123298.0,,0,0,0,0,0,1,1,0,ADV_IND,35,37,2,-1,0,-1,-1,1083,32,8,unknown,GOOGLE,
269.4840000000113,d9:f4:7b:97:85:c9,c985977bf4d91eff4c0012190052ff6be0d3b88886035481ff2e6622defffc507a38500100,-42574.0,54618.0,-98510.0,80952.0,-100167.0,,0,0,0,0,0,1,1,2,ADV_NONCONN_IND,37,37,1,-1,0,-1,-1,1302,32,8,unknown,APPLE,
270.073000000004,f6:b8:9f:83:bd:03,03bd839fb8f61eff4c001219001469e8ebed498934d8385640dc99f047ef2650847c540300,-29597.0,115178.0,-129073.0,73260.0,-149016.0,,0,0,0,0,0,1,1,2,ADV_NONCONN_IND,37,37,11,-1,0,-1,-1,3593,31,8,unknown,APPLE,
271.56600000000617,fc:1e:76:d4:dc:5d,5ddcd4761efc1eff4c00121964d81d5031539b0824a32174eaa71c7169b2a09c664023005d,5510.0,52793.0,-82686.0,82701.0,-127766.0,,0,0,0,0,0,1,1,0,ADV_IND,37,37,13,-1,0,-1,-1,4167,32,8,unknown,APPLE,
271.56600000000617,d9:f4:7b:97:85:c9,c985977bf4d91eff4c0012190052ff6be0d3b88886035481ff2e6622defffc507a38500100,-6967.0,53073.0,-86536.0,75995.0,-120402.0,,0,0,0,0,0,1,1,2,ADV_NONCONN_IND,37,37,14,-1,0,-1,-1,4764,32,8,unknown,APPLE,
272.22600000000966,f6:b8:9f:83:bd:03,03bd839fb8f61eff4c001219001469e8ebed498934d8385640dc99f047ef2650847c540300,-26699.0,104912.0,-122605.0,83055.0,-146165.0,,0,0,0,0,0,1,1,2,ADV_NONCONN_IND,37,37,9,-1,0,-1,-1,3695,32,8,unknown,APPLE,
272.22600000000966,7b:72:59:f5:a9:0b,0ba9f559727b0201061916aafe40e094d2e827a9c8d79a7b07623d7bad748afd77df20,-4109.0,88896.0,-114895.0,115718.0,-114048.0,,0,0,0,0,0,1,1,0,ADV_IND,35,37,5,-1,0,-1,-1,1645,32,8,unknown,GOOGLE,
278.15899999999965,7b:72:59:f5:a9:0b,0ba9f559727b0201061916aafe40e094d2e827a9c8d79a7b07623d7bad748afd77df20,-17256.0,99347.0,-105056.0,91633.0,-114549.0,,0,0,0,0,0,1,1,0,ADV_IND,35,37,5,-1,0,-1,-1,2737,32,8,unknown,GOOGLE,
278.15899999999965,e3:77:2e:17:6e:79,796e172e77e31eff4c001219007204631fc9a33665410454db5dff1ff56d4c2f9f78270200,-16738.0,87013.0,-90883.0,93580.0,-137044.0,,0,0,0,0,0,1,1,2,ADV_NONCONN_IND,37,37,5,-1,0,-1,-1,6268,31,7,unknown,APPLE,
280.497000000003,de:c5:c4:aa:3e:30,303eaac4c5de1eff4c00121920c9ef6a2c59d47f85f25ac80e0f79d244c1a019de19230230,-12103.0,92504.0,-89272.0,93112.0,-117533.0,,0,0,0,0,0,1,1,0,ADV_IND,37,37,6,-1,0,-1,-1,4362,32,8,unknown,APPLE,
280.497000000003,7b:72:59:f5:a9:0b,0ba9f559727b0201061916aafe40e094d2e827a9c8d79a7b07623d7bad748afd77df20,-25894.0,90329.0,-117367.0,110798.0,-137996.0,,0,0,0,0,0,1,1,0,ADV_IND,35,37,10,-1,0,-1,-1,5407,32,8,unknown,GOOGLE,
280.497000000003,f6:b8:9f:83:bd:03,03bd839fb8f61eff4c001219001469e8ebed498934d8385640dc99f047ef2650847c540300,-24076.0,84126.0,-89575.0,62870.0,-141296.0,,0,0,0,0,0,1,1,2,ADV_NONCONN_IND,37,37,0,-1,0,-1,-1,7843,32,8,unknown,APPLE,
282.2300000000105,7b:72:59:f5:a9:0b,0ba9f559727b0201061916aafe40e094d2e827a9c8d79a7b07623d7bad748afd77df20,0.0,81357.0,-113051.0,115823.0,-120731.0,,0,0,0,0,0,1,1,0,ADV_IND,35,37,5,-1,0,-1,-1,4214,32,8,unknown,GOOGLE,
283.0520000000106,d1:15:8a:9b:b1:11,11b19b8a15d11eff4c001219202a6670f8042ff516aa8b347b51fbecab465e1b175e570107,-16909.0,70922.0,-93100.0,65535.0,-146005.0,,0,0,0,0,0,1,1,0,ADV_IND,37,37,8,-1,0,-1,-1,6894,32,8,unknown,APPLE,
283.95800000001327,cc:60:af:32:64:bf,bf6432af60cc1eff4c00121964e58073e8c41dbed7f513a5448304c5a024ae90862f8b02bf,13983.0,65406.0,-99386.0,126839.0,-176713.0,,0,0,0,0,0,1,1,0,ADV_IND,37,37,1,-1,0,-1,-1,4641,32,8,unknown,APPLE,
283.95800000001327,e3:77:2e:17:6e:79,796e172e77e31eff4c001219007204631fc9a33665410454db5dff1ff56d4c2f9f78270200,-11225.0,73553.0,-101828.0,96403.0,-136701.0,,0,0,0,0,0,1,1,2,ADV_NONCONN_IND,37,37,9,-1,0,-1,-1,3949,32,8,unknown,APPLE,
284.7560000000085,7b:72:59:f5:a9:0b,0ba9f559727b0201061916aafe40e094d2e827a9c8d79a7b07623d7bad748afd77df20,-31352.0,108557.0,-88213.0,84117.0,-162607.0,,0,0,0,0,0,1,1,0,ADV_IND,35,37,11,-1,0,-1,-1,7961,32,8,unknown,GOOGLE,
284.7560000000085,f7:7c:f5:6f:79:43,43796ff57cf71eff4c001219201b94b2e66a35407797d4c2ac303f56dd4cc1958c5ebe0243,-6758.0,57771.0,-80830.0,68826.0,-117933.0,,0,0,0,0,0,1,1,0,ADV_IND,37,37,0,-1,0,-1,-1,3204,32,8,unknown,APPLE,
285.7130000000034,d1:15:8a:9b:b1:11,11b19b8a15d11eff4c001219202a6670f8042ff516aa8b347b51fbecab465e1b175e570107,-40021.0,69375.0,-101404.0,80154.0,-138574.0,,0,0,0,0,0,1,1,0,ADV_IND,37,37,15,-1,0,-1,-1,4475,31,8,unknown,APPLE,
285.7130000000034,d9:f4:7b:97:85:c9,c985977bf4d91eff4c0012190052ff6be0d3b88886035481ff2e6622defffc507a38500100,-22621.0,104142.0,-110865.0,97461.0,-135349.0,,0,0,0,0,0,1,1,2,ADV_NONCONN_IND,37,37,6,-1,0,-1,-1,3450,31,8,unknown,APPLE,
286.49400000000605,7b:72:59:f5:a9:0b,0ba9f559727b0201061916aafe40e094d2e827a9c8d79a7b07623d7bad748afd77df20,5535.0,106627.0,-102467.0,98566.0,-134550.0,,0,0,0,0,0,1,1,0,ADV_IND,35,37,12,-1,0,-1,-1,3672,32,8,unknown,GOOGLE,
286.49400000000605,c8:89:ee:6e:b5:21,21b56eee89c81eff4c00121910083ac4035893d4f125fb87faf581883545ed777feddc0121,1601.0,73889.0,-105636.0,93125.0,-136298.0,,0,0,0,0,0,1,1,0,ADV_IND,37,37,15,-1,0,-1,-1,2690,31,8,unknown,APPLE,
286.49400000000605,d6:4d:3f:1f:e5:b5,b5e51f3f4dd61eff4c00121920ac10c8eb8bd183b7c60629936471cc6e9e00d248104b01b5,-6732.0,68727.0,-85498.0,66547.0,-119019.0,,0,0,0,0,0,1,1,0,ADV_IND,37,37,10,-1,0,-1,-1,2776,32,8,unknown,APPLE,
286.49400000000605,c8:bf:27:a8:92:3a,3a92a827bfc81eff4c00121910b6c539b0da3aea66219a7f9cb9407cc1381b43db47dd03ac,-44276.0,71627.0,-80787.0,77112.0,-147505.0,,0,0,0,0,0,1,1,0,ADV_IND,37,37,6,-1,0,-1,-1,3488,32,8,unknown,APPLE,
287.2960000000021,d1:15:8a:9b:b1:11,11b19b8a15d11eff4c001219202a6670f8042ff516aa8b347b51fbecab465e1b175e570107,-52372.0,67139.0,-68195.0,53892.0,-130016.0,,0,0,0,0,0,1,1,0,ADV_IND,37,37,4,-1,0,-1,-1,7691,32,7,unknown,APPLE,
288.04899999999907,cc:60:af:32:64:bf,bf6432af60cc1eff4c00121964e58073e8c41dbed7f513a5448304c5a024ae90862f8b02bf,-14734.0,88714.0,-87034.0,68720.0,-133149.0,,0,0,0,0,0,1,1,0,ADV_IND,37,37,14,-1,0,-1,-1,4818,32,8,unknown,APPLE,
289.6420000000071,e3:77:2e:17:6e:79,796e172e77e31eff4c001219007204631fc9a33665410454db5dff1ff56d4c2f9f78270200,-23718.0,33205.0,-76740.0,86997.0,-121344.0,,0,0,0,0,0,1,1,2,ADV_NONCONN_IND,37,37,3,-1,0,-1,-1,4213,30,7,unknown,APPLE,
290.44200000001,cf:64:14:64:28:20,2028641464cf1eff4c001219206d3ff72447fa8c2b4b92086e2def602566cf7d9d23060020,-10047.0,72008.0,-91990.0,95501.0,-129910.0,,0,0,0,0,0,1,1,0,ADV_IND,37,37,1,-1,0,-1,-1,1137,32,8,unknown,APPLE,
290.44200000001,c8:89:ee:6e:b5:21,21b56eee89c81eff4c00121910083ac4035893d4f125fb87faf581883545ed777feddc0121,-16512.0,66309.0,-96084.0,67050.0,-95582.0,,0,0,0,0,0,1,1,0,ADV_IND,37,37,2,-1,0,-1,-1,2392,31,7,unknown,APPLE,
290.44200000001,d6:4d:3f:1f:e5:b5,b5e51f3f4dd61eff4c00121920ac10c8eb8bd183b7c60629936471cc6e9e00d248104b01b5,-10280.0,88927.0,-90801.0,83488.0,-99273.0,,0,0,0,0,0,1,1,0,ADV_IND,37,37,13,-1,0,-1,-1,3601,32,8,unknown,APPLE,
290.44200000001,f6:b8:9f:83:bd:03,03bd839fb8f61eff4c001219001469e8ebed498934d8385640dc99f047ef2650847c540300,-25310.0,96617.0,-127844.0,71731.0,-136721.0,,0,0,0,0,0,1,1,2,ADV_NONCONN_IND,37,37,1,-1,0,-1,-1,1678,32,8,unknown,APPLE,
290.44200000001,7b:72:59:f5:a9:0b,0ba9f559727b0201061916aafe40e094d2e827a9c8d79a7b07623d7bad748afd77df20,-15191.0,112377.0,-99592.0,100818.0,-137249.0,,0,0,0,0,0,1,1,0,ADV_IND,35,37,12,-1,0,-1,-1,3349,32,8,unknown,GOOGLE,
290.44200000001,c5:42:bb:cc:7a:5d,25666c3cf5f41eff4c00121910c4ae7bedf14240cd85e38faa329cbbc7be0f299a6ed70378,-17308.0,69711.0,-95222.0,78924.0,-151570.0,,0,0,0,0,0,1,1,0,ADV_IND,37,37,6,-1,0,-1,-1,7515,32,8,unknown,APPLE,f4:f5:3c:6c:66:25
291.98700000000827,e3:77:2e:17:6e:79,796e172e77e31eff4c001219007204631fc9a33665410454db5dff1ff56d4c2f9f78270200,-13305.0,54293.0,-96325.0,81995.0,-107192.0,,0,0,0,0,0,1,1,2,ADV_NONCONN_IND,37,37,8,-1,0,-1,-1,6595,32,8,unknown,APPLE,
291.98700000000827,d9:f4:7b:97:85:c9,c985977bf4d91eff4c0012190052ff6be0d3b88886035481ff2e6622defffc507a38500100,-13376.0,64036.0,-101230.0,98509.0,-130358.0,,0,0,0,0,0,1,1,2,ADV_NONCONN_IND,37,37,13,-1,0,-1,-1,4588,32,8,unknown,APPLE,
292.52700000000186,7b:72:59:f5:a9:0b,0ba9f559727b0201061916aafe40e094d2e827a9c8d79a7b07623d7bad748afd77df20,-13036.0,90064.0,-113772.0,104317.0,-118282.0,,0,0,0,0,0,1,1,0,ADV_IND,35,37,0,-1,0,-1,-1,3744,32,8,unknown,GOOGLE,
292.52700000000186,cf:64:14:64:28:20,2028641464cf1eff4c001219206d3ff72447fa8c2b4b92086e2def602566cf7d9d23060020,-33681.0,81701.0,-88120.0,90846.0,-149464.0,,0,0,0,0,0,1,1,0,ADV_IND,37,37,10,-1,0,-1,-1,4367,32,8,unknown,APPLE,
294.1000000000058,d9:f4:7b:97:85:c9,c985977bf4d91eff4c0012190052ff6be0d3b88886035481ff2e6622defffc507a38500100,-13553.0,93299.0,-102278.0,76389.0,-131594.0,,0,0,0,0,0,1,1,2,ADV_NONCONN_IND,37,37,2,-1,0,-1,-1,6811,32,8,unknown,APPLE,
296.0320000000065,f6:b8:9f:83:bd:03,03bd839fb8f61eff4c001219001469e8ebed498934d8385640dc99f047ef2650847c540300,-25283.0,79565.0,-112128.0,83465.0,-121552.0,,0,0,0,0,0,1,1,2,ADV_NONCONN_IND,37,37,15,-1,0,-1,-1,3910,32,8,unknown,APPLE,
296.0320000000065,d9:f4:7b:97:85:c9,c985977bf4d91eff4c0012190052ff6be0d3b88886035481ff2e6622defffc507a38500100,-1610.0,53078.0,-95141.0,70107.0,-110811.0,,0,0,0,0,0,1,1,2,ADV_NONCONN_IND,37,37,1,-1,0,-1,-1,8035,32,8,unknown,APPLE,
296.9300000000076,7b:72:59:f5:a9:0b,0ba9f559727b0201061916aafe40e094d2e827a9c8d79a7b07623d7bad748afd77df20,-12648.0,85785.0,-100960.0,75590.0,-105511.0,,0,0,0,0,0,1,1,0,ADV_IND,35,37,3,-1,0,-1,-1,5343,32,8,unknown,GOOGLE,
298.77700000000186,cf:64:14:64:28:20,2028641464cf1eff4c001219206d3ff72447fa8c2b4b92086e2def602566cf7d9d23060020,-28391.0,48943.0,-83799.0,91262.0,-119599.0,,0,0,0,0,0,1,1,0,ADV_IND,37,37,7,-1,0,-1,-1,3691,32,8,unknown,APPLE,
298.77700000000186,f6:b8:9f:83:bd:03,03bd839fb8f61eff4c001219001469e8ebed498934d8385640dc99f047ef2650847c540300,-16280.0,96940.0,-126205.0,82936.0,-155791.0,,0,0,0,0,0,1,1,2,ADV_NONCONN_IND,37,37,7,-1,0,-1,-1,3350,31,7,unknown,APPLE,
299.66900000000896,e3:77:2e:17:6e:79,796e172e77e31eff4c001219007204631fc9a33665410454db5dff1ff56d4c2f9f78270200,-30559.0,53627.0,-81475.0,87913.0,-112377.0,,0,0,0,0,0,1,1,2,ADV_NONCONN_IND,37,37,10,-1,0,-1,-1,5114,32,8,unknown,APPLE,
300.445000000007,cf:64:14:64:28:20,2028641464cf1eff4c001219206d3ff72447fa8c2b4b92086e2def602566cf7d9d23060020,-45751.0,70748.0,-96872.0,105771.0,-107855.0,,0,0,0,0,0,1,1,0,ADV_IND,37,37,14,-1,0,-1,-1,7175,32,8,unknown,APPLE,
302.2540000000008,7b:72:59:f5:a9:0b,0ba9f559727b0201061916aafe40e094d2e827a9c8d79a7b07623d7bad748afd77df20,-8588.0,91167.0,-99075.0,71252.0,-109958.0,,0,0,0,0,0,1,1,0,ADV_IND,35,37,2,-1,0,-1,-1,5017,32,7,unknown,GOOGLE,
302.2540000000008,e3:77:2e:17:6e:79,796e172e77e31eff4c001219007204631fc9a33665410454db5dff1ff56d4c2f9f78270200,-28304.0,48116.0,-74458.0,80821.0,-95286.0,,0,0,0,0,0,1,1,2,ADV_NONCONN_IND,37,37,13,-1,0,-1,-1,3817,32,8,unknown,APPLE,
302.2540000000008,d9:f4:7b:97:85:c9,c985977bf4d91eff4c0012190052ff6be0d3b88886035481ff2e6622defffc507a38500100,-26478.0,88724.0,-104569.0,99631.0,-145017.0,,0,0,0,0,0,1,1,2,ADV_NONCONN_IND,37,37,2,-1,0,-1,-1,4916,32,8,unknown,APPLE,
303.5950000000012,d6:4d:3f:1f:e5:b5,b5e51f3f4dd61eff4c00121920ac10c8eb8bd183b7c60629936471cc6e9e00d248104b01b5,-31767.0,94082.0,-98804.0,120231.0,-106270.0,,0,0,0,0,0,1,1,0,ADV_IND,37,37,13,-1,0,-1,-1,918,32,8,unknown,APPLE,
304.6140000000014,c8:89:ee:6e:b5:21,21b56eee89c81eff4c00121910083ac4035893d4f125fb87faf581883545ed777feddc0121,-9271.0,76935.0,-97777.0,81838.0,-143625.0,,0,0,0,0,0,1,1,0,ADV_IND,37,37,11,-1,0,-1,-1,6521,32,8,unknown,APPLE,
306.3020000000106,7b:72:59:f5:a9:0b,0ba9f559727b0201061916aafe40e094d2e827a9c8d79a7b07623d7bad748afd77df20,-16724.0,102144.0,-115446.0,107024.0,-135475.0,,0,0,0,0,0,1,1,0,ADV_IND,35,37,7,-1,0,-1,-1,6713,32,8,unknown,GOOGLE,
306.3020000000106,d9:f4:7b:97:85:c9,c985977bf4d91eff4c0012190052ff6be0d3b88886035481ff2e6622defffc507a38500100,-39193.0,72934.0,-84992.0,76006.0,-133180.0,,0,0,0,0,0,1,1,2,ADV_NONCONN_IND,37,37,3,-1,0,-1,-1,3082,32,8,unknown,APPLE,
307.97600000000966,de:c5:c4:aa:3e:30,303eaac4c5de1eff4c00121920c9ef6a2c59d47f85f25ac80e0f79d244c1a019de19230230,-23691.0,75699.0,-78480.0,75241.0,-104492.0,,0,0,0,0,0,1,1,0,ADV_IND,37,37,9,-1,0,-1,-1,5235,32,8,unknown,APPLE,
307.97600000000966,d9:f4:7b:97:85:c9,c985977bf4d91eff4c0012190052ff6be0d3b88886035481ff2e6622defffc507a38500100,-32956.0,49165.0,-91505.0,94337.0,-99670.0,,0,0,0,0,0,1,1,2,ADV_NONCONN_IND,37,37,8,-1,0,-1,-1,5558,32,8,unknown,APPLE,
308.7459999999992,7b:72:59:f5:a9:0b,0ba9f559727b0201061916aafe40e094d2e827a9c8d79a7b07623d7bad748afd77df20,-25860.0,106650.0,-108654.0,86239.0,-114149.0,,0,0,0,0,0,1,1,0,ADV_IND,35,37,6,-1,0,-1,-1,7539,32,8,unknown,GOOGLE,
308.7459999999992,d6:4d:3f:1f:e5:b5,b5e51f3f4dd61eff4c00121920ac10c8eb8bd183b7c60629936471cc6e9e00d248104b01b5,-26955.0,75871.0,-83749.0,80744.0,-118802.0,,0,0,0,0,0,1,1,0,ADV_IND,37,37,11,-1,0,-1,-1,6151,32,8,unknown,APPLE,
309.9920000000129,d9:f4:7b:97:85:c9,c985977bf4d91eff4c0012190052ff6be0d3b88886035481ff2e6622defffc507a38500100,-7481.0,48254.0,-98304.0,88590.0,-121126.0,,0,0,0,0,0,1,1,2,ADV_NONCONN_IND,37,37,5,-1,0,-1,-1,3893,32,8,unknown,APPLE,
311.5149999999994,d6:4d:3f:1f:e5:b5,b5e51f3f4dd61eff4c00121920ac10c8eb8bd183b7c60629936471cc6e9e00d248104b01b5,-14687.0,88411.0,-107432.0,92643.0,-110134.0,,0,0,0,0,0,1,1,0,ADV_IND,37,37,12,-1,0,-1,-1,5055,32,8,unknown,APPLE,
311.5149999999994,c8:89:ee:6e:b5:21,21b56eee89c81eff4c00121910083ac4035893d4f125fb87faf581883545ed777feddc0121,-15275.0,62265.0,-83321.0,71625.0,-113583.0,,0,0,0,0,0,1,1,0,ADV_IND,37,37,4,-1,0,-1,-1,1320,32,7,unknown,APPLE,
312.9850000000006,d2:d7:27:15:6d:b2,b26d1527d7d21eff4c0012196486c9cc1003183309832d2a6ce5fbb63f0a9f0d1c6d4301b2,-10600.0,72855.0,-84376.0,114203.0,-155263.0,,0,0,0,0,0,1,1,0,ADV_IND,37,37,7,-1,0,-1,-1,6180,28,7,unknown,APPLE,
312.9850000000006,d6:4d:3f:1f:e5:b5,b5e51f3f4dd61eff4c00121920ac10c8eb8bd183b7c60629936471cc6e9e00d248104b01b5,-18611.0,89179.0,-87504.0,77239.0,-117888.0,,0,0,0,0,0,1,1,0,ADV_IND,37,37,4,-1,0,-1,-1,1128,32,8,unknown,APPLE,
312.9850000000006,cc:60:af:32:64:bf,bf6432af60cc1eff4c00121964e58073e8c41dbed7f513a5448304c5a024ae90862f8b02bf,-13874.0,62387.0,-93656.0,114217.0,-135512.0,,0,0,0,0,0,1,1,0,ADV_IND,37,37,12,-1,0,-1,-1,7150,32,8,unknown,APPLE,
312.9850000000006,7b:72:59:f5:a9:0b,0ba9f559727b0201061916aafe40e094d2e827a9c8d79a7b07623d7bad748afd77df20,-15529.0,116958.0,-111799.0,105217.0,-130099.0,,0,0,0,0,0,1,1,0,ADV_IND,35,37,2,-1,0,-1,-1,2355,32,8,unknown,GOOGLE,
314.6180000000022,c8:89:ee:6e:b5:21,21b56eee89c81eff4c00121910083ac4035893d4f125fb87faf581883545ed777feddc0121,-24227.0,63855.0,-86061.0,64427.0,-100106.0,,0,0,0,0,0,1,1,0,ADV_IND,37,37,15,-1,0,-1,-1,2550,30,8,unknown,APPLE,
314.6180000000022,cf:64:14:64:28:20,2028641464cf1eff4c001219206d3ff72447fa8c2b4b92086e2def602566cf7d9d23060020,-23981.0,64405.0,-84162.0,91571.0,-137703.0,,0,0,0,0,0,1,1,0,ADV_IND,37,37,9,-1,0,-1,-1,7628,32,8,unknown,APPLE,
314.6180000000022,d6:4d:3f:1f:e5:b5,b5e51f3f4dd61eff4c00121920ac10c8eb8bd183b7c60629936471cc6e9e00d248104b01b5,-18537.0,90642.0,-102941.0,115180.0,-140256.0,,0,0,0,0,0,1,1,0,ADV_IND,37,37,13,-1,0,-1,-1,3944,32,8,unknown,APPLE,
316.45100000000093,f6:b8:9f:83:bd:03,03bd839fb8f61eff4c001219001469e8ebed498934d8385640dc99f047ef2650847c540300,-40941.0,90510.0,-96837.0,72430.0,-122145.0,,0,0,0,0,0,1,1,2,ADV_NONCONN_IND,37,37,5,-1,0,-1,-1,7254,32,8,unknown,APPLE,
316.45100000000093,d6:4d:3f:1f:e5:b5,b5e51f3f4dd61eff4c00121920ac10c8eb8bd183b7c60629936471cc6e9e00d248104b01b5,-23736.0,94739.0,-84671.0,79621.0,-104539.0,,0,0,0,0,0,1,1,0,ADV_IND,37,37,8,-1,0,-1,-1,3931,32,7,unknown,APPLE,
319.7350000000006,d9:f4:7b:97:85:c9,c985977bf4d91eff4c0012190052ff6be0d3b88886035481ff2e6622defffc507a38500100,-14366.0,91951.0,-98303.0,87797.0,-145373.0,,0,0,0,0,0,1,1,2,ADV_NONCONN_IND,37,37,13,-1,0,-1,-1,7185,32,8,unknown,APPLE,
321.4750000000058,7b:72:59:f5:a9:0b,0ba9f559727b0201061916aafe40e094d2e827a9c8d79a7b07623d7bad748afd77df20,-3384.0,87858.0,-104859.0,100998.0,-129518.0,,0,0,0,0,0,1,1,0,ADV_IND,35,37,6,-1,0,-1,-1,6139,32,8,unknown,GOOGLE,
321.4750000000058,f6:b8:9f:83:bd:03,03bd839fb8f61eff4c001219001469e8ebed498934d8385640dc99f047ef2650847c540300,-30559.0,76487.0,-91850.0,68730.0,-145954.0,,0,0,0,0,0,1,1,2,ADV_NONCONN_IND,37,37,2,-1,0,-1,-1,6104,32,7,unknown,APPLE,
321.4750000000058,d6:4d:3f:1f:e5:b5,b5e51f3f4dd61eff4c00121920ac10c8eb8bd183b7c60629936471cc6e9e00d248104b01b5,-11806.0,79745.0,-80599.0,85556.0,-128392.0,,0,0,0,0,0,1,1,0,ADV_IND,37,37,11,-1,0,-1,-1,5504,32,8,unknown,APPLE,
322.9920000000129,cf:64:14:64:28:20,2028641464cf1eff4c001219206d3ff72447fa8c2b4b92086e2def602566cf7d9d23060020,-52812.0,95469.0,-96832.0,99568.0,-144394.0,,0,0,0,0,0,1,1,0,ADV_IND,37,37,12,-1,0,-1,-1,4834,32,7,unknown,APPLE,
322.9920000000129,cc:60:af:32:64:bf,bf6432af60cc1eff4c00121964e58073e8c41dbed7f513a5448304c5a024ae90862f8b02bf,9567.0,76243.0,-115229.0,108465.0,-152638.0,,0,0,0,0,0,1,1,0,ADV_IND,37,37,7,-1,0,-1,-1,6972,31,8,unknown,APPLE,
322.9920000000129,7b:72:59:f5:a9:0b,0ba9f559727b0201061916aafe40e094d2e827a9c8d79a7b07623d7bad748afd77df20,-18274.0,85710.0,-110071.0,78560.0,-117521.0,,0,0,0,0,0,1,1,0,ADV_IND,35,37,5,-1,0,-1,-1,2353,32,8,unknown,GOOGLE,
324.45800000001327,7b:72:59:f5:a9:0b,0ba9f559727b0201061916aafe40e094d2e827a9c8d79a7b07623d7bad748afd77df20,-14485.0,90230.0,-113828.0,115536.0,-108385.0,,0,0,0,0,0,1,1,0,ADV_IND,35,37,13,-1,0,-1,-1,7851,32,8,unknown,GOOGLE,
324.45800000001327,d6:4d:3f:1f:e5:b5,b5e51f3f4dd61eff4c00121920ac10c8eb8bd183b7c60629936471cc6e9e00d248104b01b5,-24793.0,101695.0,-75302.0,69297.0,-118885.0,,0,0,0,0,0,1,1,0,ADV_IND,37,37,8,-1,0,-1,-1,6916,32,7,unknown,APPLE,
324.45800000001327,fc:1e:76:d4:dc:5d,5ddcd4761efc1eff4c00121964d81d5031539b0824a32174eaa71c7169b2a09c664023005d,18051.0,62421.0,-93911.0,79020.0,-152508.0,,0,0,0,0,0,1,1,0,ADV_IND,37,37,0,-1,0,-1,-1,5630,32,8,unknown,APPLE,
326.08699999999953,d8:57:c4:85:0c:2c,25666c3cf5f41eff4c00121910c4ae7bedf14240cd85e38faa329cbbc7be0f299a6ed70378,-18035.0,70497.0,-98999.0,73966.0,-147132.0,,0,0,0,0,0,1,1,0,ADV_IND,37,37,13,-1,0,-1,-1,5077,32,8,unknown,APPLE,f4:f5:3c:6c:66:25
327.58000000000175,d6:4d:3f:1f:e5:b5,b5e51f3f4dd61eff4c00121920ac10c8eb8bd183b7c60629936471cc6e9e00d248104b01b5,-34941.0,97880.0,-69862.0,67432.0,-130818.0,,0,0,0,0,0,1,1,0,ADV_IND,37,37,0,-1,0,-1,-1,3639,32,8,unknown,APPLE,
328.3700000000099,d6:4d:3f:1f:e5:b5,b5e51f3f4dd61eff4c00121920ac10c8eb8bd183b7c60629936471cc6e9e00d248104b01b5,-5139.0,66999.0,-87626.0,92251.0,-131254.0,,0,0,0,0,0,1,1,0,ADV_IND,37,37,11,-1,0,-1,-1,4694,32,8,unknown,APPLE,
328.3700000000099,cc:60:af:32:64:bf,bf6432af60cc1eff4c00121964e58073e8c41dbed7f513a5448304c5a024ae90862f8b02bf,-13682.0,100796.0,-116171.0,113114.0,-152500.0,,0,0,0,0,0,1,1,0,ADV_IND,37,37,5,-1,0,-1,-1,5107,31,7,unknown,APPLE,
328.3700000000099,c8:89:ee:6e:b5:21,21b56eee89c81eff4c00121910083ac4035893d4f125fb87faf581883545ed777feddc0121,-25384.0,74509.0,-101625.0,77480.0,-95388.0,,0,0,0,0,0,1,1,0,ADV_IND,37,37,6,-1,0,-1,-1,8009,32,8,unknown,APPLE,
330.0890000000072,e3:77:2e:17:6e:79,796e172e77e31eff4c001219007204631fc9a33665410454db5dff1ff56d4c2f9f78270200,-31195.0,65387.0,-84619.0,82053.0,-96460.0,,0,0,0,0,0,1,1,2,ADV_NONCONN_IND,37,37,0,-1,0,-1,-1,7215,32,8,unknown,APPLE,
330.0890000000072,f6:b8:9f:83:bd:03,03bd839fb8f61eff4c001219001469e8ebed498934d8385640dc99f047ef2650847c540300,-29659.0,79476.0,-119020.0,70241.0,-120511.0,,0,0,0,0,0,1,1,2,ADV_NONCONN_IND,37,37,13,-1,0,-1,-1,2356,30,8,unknown,APPLE,
330.8920000000071,7b:72:59:f5:a9:0b,0ba9f559727b0201061916aafe40e094d2e827a9c8d79a7b07623d7bad748afd77df20,-32982.0,107681.0,-98273.0,66506.0,-102245.0,,0,0,0,0,0,1,1,0,ADV_IND,35,37,10,-1,0,-1,-1,7885,32,8,unknown,GOOGLE,
330.8920000000071,d2:d7:27:15:6d:b2,b26d1527d7d21eff4c0012196486c9cc1003183309832d2a6ce5fbb63f0a9f0d1c6d4301b2,1083.0,68995.0,-87971.0,88125.0,-149440.0,,0,0,0,0,0,1,1,0,ADV_IND,37,37,8,-1,0,-1,-1,1663,32,8,unknown,APPLE,
330.8920000000071,f7:7c:f5:6f:79:43,43796ff57cf71eff4c001219201b94b2e66a35407797d4c2ac303f56dd4cc1958c5ebe0243,-29650.0,59697.0,-67377.0,79019.0,-119453.0,,0,0,0,0,0,1,1,0,ADV_IND,37,37,4,-1,0,-1,-1,6786,31,7,unknown,APPLE,
332.6020000000135,7b:72:59:f5:a9:0b,0ba9f559727b0201061916aafe40e094d2e827a9c8d79a7b07623d7bad748afd77df20,-13786.0,101227.0,-104608.0,79810.0,-121845.0,,0,0,0,0,0,1,1,0,ADV_IND,35,37,2,-1,0,-1,-1,4752,32,8,unknown,GOOGLE,
336.00800000000163,de:c5:c4:aa:3e:30,303eaac4c5de1eff4c00121920c9ef6a2c59d47f85f25ac80e0f79d244c1a019de19230230,-16024.0,67125.0,-91127.0,100267.0,-124573.0,,0,0,0,0,0,1,1,0,ADV_IND,37,37,11,-1,0,-1,-1,3807,31,7,unknown,APPLE,
338.92600000000675,cf:64:14:64:28:20,2028641464cf1eff4c001219206d3ff72447fa8c2b4b92086e2def602566cf7d9d23060020,0.0,37713.0,-94240.0,93551.0,-106676.0,,0,0,0,0,0,1,1,0,ADV_IND,37,37,0,-1,0,-1,-1,4041,32,8,unknown,APPLE,
340.445000000007,d9:f4:7b:97:85:c9,c985977bf4d91eff4c0012190052ff6be0d3b88886035481ff2e6622defffc507a38500100,-11475.0,60751.0,-99216.0,90123.0,-137834.0,,0,0,0,0,0,1,1,2,ADV_NONCONN_IND,37,37,6,-1,0,-1,-1,6779,32,8,unknown,APPLE,
342.02900000000955,fc:1e:76:d4:dc:5d,5ddcd4761efc1eff4c00121964d81d5031539b0824a32174eaa71c7169b2a09c664023005d,-13539.0,89128.0,-98281.0,102390.0,-173242.0,,0,0,0,0,0,1,1,0,ADV_IND,37,37,9,-1,0,-1,-1,5543,30,7,unknown,APPLE,
343.4750000000058,d6:4d:3f:1f:e5:b5,b5e51f3f4dd61eff4c00121920ac10c8eb8bd183b7c60629936471cc6e9e00d248104b01b5,-25170.0,67296.0,-77020.0,92130.0,-113439.0,,0,0,0,0,0,1,1,0,ADV_IND,37,37,2,-1,0,-1,-1,7759,32,8,unknown,APPLE,
343.4750000000058,c8:89:ee:6e:b5:21,21b56eee89c81eff4c00121910083ac4035893d4f125fb87faf581883545ed777feddc0121,-20499.0,64708.0,-93764.0,73131.0,-124357.0,,0,0,0,0,0,1,1,0,ADV_IND,37,37,3,-1,0,-1,-1,7226,32,8,unknown,APPLE,
344.95900000000256,d8:57:c4:85:0c:2c,25666c3cf5f41eff4c00121910c4ae7bedf14240cd85e38faa329cbbc7be0f299a6ed70378,-48925.0,91595.0,-106617.0,87465.0,-135635.0,,0,0,0,0,0,1,1,0,ADV_IND,37,37,9,-1,0,-1,-1,3575,32,8,unknown,APPLE,f4:f5:3c:6c:66:25
344.95900000000256,d2:d7:27:15:6d:b2,b26d1527d7d21eff4c0012196486c9cc1003183309832d2a6ce5fbb63f0a9f0d1c6d4301b2,-10654.0,84073.0,-74769.0,85687.0,-152956.0,,0,0,0,0,0,1,1,0,ADV_IND,37,37,4,-1,0,-1,-1,6711,32,8,unknown,APPLE,
344.95900000000256,c8:89:ee:6e:b5:21,21b56eee89c81eff4c00121910083ac4035893d4f125fb87faf581883545ed777feddc0121,-27375.0,73875.0,-87778.0,89805.0,-140380.0,,0,0,0,0,0,1,1,0,ADV_IND,37,37,7,-1,0,-1,-1,2108,32,8,unknown,APPLE,
344.95900000000256,e3:77:2e:17:6e:79,796e172e77e31eff4c001219007204631fc9a33665410454db5dff1ff56d4c2f9f78270200,-28334.0,62115.0,-84124.0,89941.0,-132000.0,,0,0,0,0,0,1,1,2,ADV_NONCONN_IND,37,37,6,-1,0,-1,-1,6217,31,7,unknown,APPLE,
346.84300000000803,c8:89:ee:6e:b5:21,21b56eee89c81eff4c00121910083ac4035893d4f125fb87faf581883545ed777feddc0121,-11624.0,62114.0,-86122.0,77323.0,-111078.0,,0,0,0,0,0,1,1,0,ADV_IND,37,37,4,-1,0,-1,-1,1664,32,8,unknown,APPLE,
348.8670000000129,7b:72:59:f5:a9:0b,0ba9f559727b0201061916aafe40e094d2e827a9c8d79a7b07623d7bad748afd77df20,-12005.0,88577.0,-108448.0,84988.0,-125008.0,,0,0,0,0,0,1,1,0,ADV_IND,35,37,15,-1,0,-1,-1,5991,32,7,unknown,GOOGLE,
348.8670000000129,fc:1e:76:d4:dc:5d,5ddcd4761efc1eff4c00121964d81d5031539b0824a32174eaa71c7169b2a09c664023005d,-25965.0,78926.0,-80106.0,66573.0,-121463.0,,0,0,0,0,0,1,1,0,ADV_IND,37,37,1,-1,0,-1,-1,1477,32,7,unknown,APPLE,
350.33400000000256,c8:89:ee:6e:b5:21,21b56eee89c81eff4c00121910083ac4035893d4f125fb87faf581883545ed777feddc0121,-11394.0,81498.0,-98176.0,76361.0,-135680.0,,0,0,0,0,0,1,1,0,ADV_IND,37,37,12,-1,0,-1,-1,1855,32,8,unknown,APPLE,
351.67399999999907,d6:4d:3f:1f:e5:b5,b5e51f3f4dd61eff4c00121920ac10c8eb8bd183b7c60629936471cc6e9e00d248104b01b5,-21123.0,102741.0,-105459.0,102892.0,-148587.0,,0,0,0,0,0,1,1,0,ADV_IND,37,37,12,-1,0,-1,-1,1063,32,7,unknown,APPLE,
351.67399999999907,d2:d7:27:15:6d:b2,b26d1527d7d21eff4c0012196486c9cc1003183309832d2a6ce5fbb63f0a9f0d1c6d4301b2,-13170.0,71629.0,-86574.0,97015.0,-115256.0,,0,0,0,0,0,1,1,0,ADV_IND,37,37,1,-1,0,-1,-1,2958,32,8,unknown,APPLE,
355.14700000001176,d6:4d:3f:1f:e5:b5,b5e51f3f4dd61eff4c00121920ac10c8eb8bd183b7c60629936471cc6e9e00d248104b01b5,-11052.0,79841.0,-81336.0,87233.0,-123912.0,,0,0,0,0,0,1,1,0,ADV_IND,37,37,5,-1,0,-1,-1,5427,32,7,unknown,APPLE,
355.14700000001176,cf:64:14:64:28:20,2028641464cf1eff4c001219206d3ff72447fa8c2b4b92086e2def602566cf7d9d23060020,-45419.0,85699.0,-101628.0,96936.0,-136333.0,,0,0,0,0,0,1,1,0,ADV_IND,37,37,4,-1,0,-1,-1,4836,31,7,unknown,APPLE,
356.6420000000071,7b:72:59:f5:a9:0b,0ba9f559727b0201061916aafe40e094d2e827a9c8d79a7b07623d7bad748afd77df20,-15507.0,93400.0,-98258.0,74296.0,-115360.0,,0,0,0,0,0,1,1,0,ADV_IND,35,37,15,-1,0,-1,-1,3255,32,8,unknown,GOOGLE,
358.3020000000106,d9:f4:7b:97:85:c9,c985977bf4d91eff4c0012190052ff6be0d3b88886035481ff2e6622defffc507a38500100,-28733.0,53277.0,-77555.0,79805.0,-124590.0,,0,0,0,0,0,1,1,2,ADV_NONCONN_IND,37,37,5,-1,0,-1,-1,7650,32,8,unknown,APPLE,
360.2430000000022,d6:4d:3f:1f:e5:b5,b5e51f3f4dd61eff4c00121920ac10c8eb8bd183b7c60629936471cc6e9e00d248104b01b5,-27088.0,78755.0,-85336.0,73319.0,-94514.0,,0,0,0,0,0,1,1,0,ADV_IND,37,37,1,-1,0,-1,-1,2613,32,8,unknown,APPLE,
362.1860000000015,c8:89:ee:6e:b5:21,25666c3cf5f41eff4c00121910c4ae7bedf14240cd85e38faa329cbbc7be0f299a6ed70378,-35796.0,82038.0,-103901.0,80246.0,-119746.0,,0,0,0,0,0,1,1,0,ADV_IND,37,37,14,-1,0,-1,-1,4254,32,7,unknown,APPLE,f4:f5:3c:6c:66:25
363.91900000000896,d2:d7:27:15:6d:b2,b26d1527d7d21eff4c0012196486c9cc1003183309832d2a6ce5fbb63f0a9f0d1c6d4301b2,-21235.0,79764.0,-91366.0,122935.0,-144497.0,,0,0,0,0,0,1,1,0,ADV_IND,37,37,1,-1,0,-1,-1,7634,32,8,unknown,APPLE,
363.91900000000896,7b:72:59:f5:a9:0b,0ba9f559727b0201061916aafe40e094d2e827a9c8d79a7b07623d7bad748afd77df20,-10452.0,91875.0,-119485.0,100141.0,-87733.0,,0,0,0,0,0,1,1,0,ADV_IND,35,37,9,-1,0,-1,-1,4911,32,8,unknown,GOOGLE,
365.51600000000326,c8:89:ee:6e:b5:21,21b56eee89c81eff4c00121910083ac4035893d4f125fb87faf581883545ed777feddc0121,-26025.0,72392.0,-79350.0,55705.0,-126306.0,,0,0,0,0,0,1,1,0,ADV_IND,37,37,3,-1,0,-1,-1,4365,32,8,unknown,APPLE,
367.0970000000089,cf:64:14:64:28:20,2028641464cf1eff4c001219206d3ff72447fa8c2b4b92086e2def602566cf7d9d23060020,-26544.0,48844.0,-90837.0,107249.0,-131273.0,,0,0,0,0,0,1,1,0,ADV_IND,37,37,10,-1,0,-1,-1,2484,32,8,unknown,APPLE,
367.0970000000089,d6:4d:3f:1f:e5:b5,b5e51f3f4dd61eff4c00121920ac10c8eb8bd183b7c60629936471cc6e9e00d248104b01b5,-19079.0,90925.0,-95298.0,100450.0,-129577.0,,0,0,0,0,0,1,1,0,ADV_IND,37,37,3,-1,0,-1,-1,3528,31,7,unknown,APPLE,
368.9460000000108,cc:60:af:32:64:bf,bf6432af60cc1eff4c00121964e58073e8c41dbed7f513a5448304c5a024ae90862f8b02bf,-1116.0,77818.0,-89831.0,90186.0,-167616.0,,0,0,0,0,0,1,1,0,ADV_IND,37,37,9,-1,0,-1,-1,2390,32,8,unknown,APPLE,
370.51600000000326,d6:4d:3f:1f:e5:b5,b5e51f3f4dd61eff4c00121920ac10c8eb8bd183b7c60629936471cc6e9e00d248104b01b5,-7569.0,96253.0,-124687.0,110296.0,-138201.0,,0,0,0,0,0,1,1,0,ADV_IND,37,37,8,-1,0,-1,-1,7653,30,8,unknown,APPLE,
370.51600000000326,f6:b8:9f:83:bd:03,03bd839fb8f61eff4c001219001469e8ebed498934d8385640dc99f047ef2650847c540300,-16807.0,95119.0,-104919.0,54664.0,-136774.0,,0,0,0,0,0,1,1,2,ADV_NONCONN_IND,37,37,2,-1,0,-1,-1,7843,32,7,unknown,APPLE,
372.2550000000047,d9:f4:7b:97:85:c9,c985977bf4d91eff4c0012190052ff6be0d3b88886035481ff2e6622defffc507a38500100,-21686.0,54344.0,-90113.0,86470.0,-123522.0,,0,0,0,0,0,1,1,2,ADV_NONCONN_IND,37,37,6,-1,0,-1,-1,6941,32,8,unknown,APPLE,
372.2550000000047,48:24:d0:c9:a2:77,77a2c9d024480201061916aafe403694615f12dc37df62d67304cdb270f83f0830d410,-14801.0,137315.0,-134821.0,114288.0,-141527.0,,0,0,0,0,0,1,1,0,ADV_IND,35,37,0,-1,0,-1,-1,5447,32,8,unknown,GOOGLE,
373.9530000000086,d9:f4:7b:97:85:c9,c985977bf4d91eff4c0012190052ff6be0d3b88886035481ff2e6622defffc507a38500100,-34698.0,65197.0,-93217.0,87271.0,-144803.0,,0,0,0,0,0,1,1,2,ADV_NONCONN_IND,37,37,6,-1,0,-1,-1,2664,32,8,unknown,APPLE,
375.6860000000015,d1:15:8a:9b:b1:11,11b19b8a15d11eff4c001219202a6670f8042ff516aa8b347b51fbecab465e1b175e570107,-34299.0,80371.0,-94188.0,82155.0,-147084.0,,0,0,0,0,0,1,1,0,ADV_IND,37,37,7,-1,0,-1,-1,3714,31,7,unknown,APPLE,
377.4260000000068,c8:bf:27:a8:92:3a,3a92a827bfc81eff4c00121910b6c539b0da3aea66219a7f9cb9407cc1381b43db47dd03ac,-24377.0,79747.0,-116246.0,66332.0,-154211.0,,0,0,0,0,0,1,1,0,ADV_IND,37,37,2,-1,0,-1,-1,6455,29,7,unknown,APPLE,
379.0460000000021,f7:7c:f5:6f:79:43,43796ff57cf71eff4c001219201b94b2e66a35407797d4c2ac303f56dd4cc1958c5ebe0243,-18424.0,58380.0,-66876.0,61595.0,-99529.0,,0,0,0,0,0,1,1,0,ADV_IND,37,37,9,-1,0,-1,-1,5713,32,8,unknown,APPLE,
379.0460000000021,de:c5:c4:aa:3e:30,303eaac4c5de1eff4c00121920c9ef6a2c59d47f85f25ac80e0f79d244c1a019de19230230,-25479.0,85161.0,-81057.0,91997.0,-144665.0,,0,0,0,0,0,1,1,0,ADV_IND,37,37,13,-1,0,-1,-1,6802,32,8,unknown,APPLE,
380.8090000000084,cf:64:14:64:28:20,2028641464cf1eff4c001219206d3ff72447fa8c2b4b92086e2def602566cf7d9d23060020,-19700.0,68916.0,-110229.0,89278.0,-130278.0,,0,0,0,0,0,1,1,0,ADV_IND,37,37,8,-1,0,-1,-1,5641,32,8,unknown,APPLE,
380.8090000000084,d6:4d:3f:1f:e5:b5,b5e51f3f4dd61eff4c00121920ac10c8eb8bd183b7c60629936471cc6e9e00d248104b01b5,-32538.0,97005.0,-92113.0,90810.0,-97094.0,,0,0,0,0,0,1,1,0,ADV_IND,37,37,11,-1,0,-1,-1,1705,32,8,unknown,APPLE,
383.5350000000035,d2:d7:27:15:6d:b2,b26d1527d7d21eff4c0012196486c9cc1003183309832d2a6ce5fbb63f0a9f0d1c6d4301b2,-21016.0,73297.0,-69695.0,111966.0,-147611.0,,0,0,0,0,0,1,1,0,ADV_IND,37,37,6,-1,0,-1,-1,7240,32,8,unknown,APPLE,
384.8770000000077,d6:4d:3f:1f:e5:b5,b5e51f3f4dd61eff4c00121920ac10c8eb8bd183b7c60629936471cc6e9e00d248104b01b5,-15431.0,77177.0,-79023.0,74883.0,-112300.0,,0,0,0,0,0,1,1,0,ADV_IND,37,37,5,-1,0,-1,-1,2621,32,8,unknown,APPLE,
384.8770000000077,e3:77:2e:17:6e:79,796e172e77e31eff4c001219007204631fc9a33665410454db5dff1ff56d4c2f9f78270200,-15420.0,72151.0,-94170.0,80870.0,-127811.0,,0,0,0,0,0,1,1,2,ADV_NONCONN_IND,37,37,3,-1,0,-1,-1,3189,32,7,unknown,APPLE,
384.8770000000077,d9:f4:7b:97:85:c9,c985977bf4d91eff4c0012190052ff6be0d3b88886035481ff2e6622defffc507a38500100,-18314.0,37123.0,-77417.0,77869.0,-117524.0,,0,0,0,0,0,1,1,2,ADV_NONCONN_IND,37,37,7,-1,0,-1,-1,5356,32,8,unknown,APPLE,
384.8770000000077,cc:60:af:32:64:bf,bf6432af60cc1eff4c00121964e58073e8c41dbed7f513a5448304c5a024ae90862f8b02bf,-6912.0,82225.0,-87273.0,70507.0,-141681.0,,0,0,0,0,0,1,1,0,ADV_IND,37,37,15,-1,0,-1,-1,3745,32,7,unknown,APPLE,
384.8770000000077,f6:b8:9f:83:bd:03,03bd839fb8f61eff4c001219001469e8ebed498934d8385640dc99f047ef2650847c540300,-30080.0,103015.0,-118381.0,75209.0,-136751.0,,0,0,0,0,0,1,1,2,ADV_NONCONN_IND,37,37,10,-1,0,-1,-1,7506,32,8,unknown,APPLE,
386.45900000000256,d9:f4:7b:97:85:c9,c985977bf4d91eff4c0012190052ff6be0d3b88886035481ff2e6622defffc507a38500100,-16050.0,87654.0,-95803.0,73592.0,-122011.0,,0,0,0,0,0,1,1,2,ADV_NONCONN_IND,37,37,10,-1,0,-1,-1,5783,32,8,unknown,APPLE,
386.45900000000256,c8:bf:27:a8:92:3a,3a92a827bfc81eff4c00121910b6c539b0da3aea66219a7f9cb9407cc1381b43db47dd03ac,-3310.0,90882.0,-132247.0,85206.0,-158626.0,,0,0,0,0,0,1,1,0,ADV_IND,37,37,5,-1,0,-1,-1,2263,32,7,unknown,APPLE,
387.2810000000027,48:24:d0:c9:a2:77,77a2c9d024480201061916aafe403694615f12dc37df62d67304cdb270f83f0830d410,-461.0,85647.0,-112831.0,117381.0,-119933.0,,0,0,0,0,0,1,1,0,ADV_IND,35,37,13,-1,0,-1,-1,2548,32,8,unknown,GOOGLE,
388.12600000000384,d9:f4:7b:97:85:c9,c985977bf4d91eff4c0012190052ff6be0d3b88886035481ff2e6622defffc507a38500100,-16141.0,71580.0,-110494.0,104894.0,-131278.0,,0,0,0,0,0,1,1,2,ADV_NONCONN_IND,37,37,5,-1,0,-1,-1,2304,32,8,unknown,APPLE,
388.9510000000009,d6:4d:3f:1f:e5:b5,b5e51f3f4dd61eff4c00121920ac10c8eb8bd183b7c60629936471cc6e9e00d248104b01b5,-23154.0,78323.0,-76805.0,73310.0,-111554.0,,0,0,0,0,0,1,1,0,ADV_IND,37,37,11,-1,0,-1,-1,3179,32,8,unknown,APPLE,
391.3270000000048,f6:b8:9f:83:bd:03,03bd839fb8f61eff4c001219001469e8ebed498934d8385640dc99f047ef2650847c540300,-30782.0,89012.0,-90753.0,53224.0,-127755.0,,0,0,0,0,0,1,1,2,ADV_NONCONN_IND,37,37,10,-1,0,-1,-1,2992,32,8,unknown,APPLE,
393.1300000000047,d6:4d:3f:1f:e5:b5,b5e51f3f4dd61eff4c00121920ac10c8eb8bd183b7c60629936471cc6e9e00d248104b01b5,-25629.0,90239.0,-63380.0,71760.0,-115606.0,,0,0,0,0,0,1,1,0,ADV_IND,37,37,12,-1,0,-1,-1,5124,32,8,unknown,APPLE,
395.0330000000104,f6:b8:9f:83:bd:03,03bd839fb8f61eff4c001219001469e8ebed498934d8385640dc99f047ef2650847c540300,-30280.0,103969.0,-117368.0,79645.0,-149400.0,,0,0,0,0,0,1,1,2,ADV_NONCONN_IND,37,37,0,-1,0,-1,-1,5935,32,8,unknown,APPLE,
395.0330000000104,d9:f4:7b:97:85:c9,c985977bf4d91eff4c0012190052ff6be0d3b88886035481ff2e6622defffc507a38500100,-19283.0,51590.0,-91601.0,81074.0,-113723.0,,0,0,0,0,0,1,1,2,ADV_NONCONN_IND,37,37,7,-1,0,-1,-1,4834,32,8,unknown,APPLE,
396.5370000000112,e3:77:2e:17:6e:79,796e172e77e31eff4c001219007204631fc9a33665410454db5dff1ff56d4c2f9f78270200,-26606.0,74264.0,-87546.0,94836.0,-144401.0,,0,0,0,0,0,1,1,2,ADV_NONCONN_IND,37,37,11,-1,0,-1,-1,5011,30,7,unknown,APPLE,
399.4030000000057,d2:d7:27:15:6d:b2,b26d1527d7d21eff4c0012196486c9cc1003183309832d2a6ce5fbb63f0a9f0d1c6d4301b2,6591.0,85611.0,-98218.0,101821.0,-169026.0,,0,0,0,0,0,1,1,0,ADV_IND,37,37,5,-1,0,-1,-1,3322,31,8,unknown,APPLE,
399.4030000000057,c8:bf:27:a8:92:3a,3a92a827bfc81eff4c00121910b6c539b0da3aea66219a7f9cb9407cc1381b43db47dd03ac,-36470.0,78152.0,-90758.0,85965.0,-129626.0,,0,0,0,0,0,1,1,0,ADV_IND,37,37,2,-1,0,-1,-1,1095,32,8,unknown,APPLE,
404.2860000000073,f7:7c:f5:6f:79:43,43796ff57cf71eff4c001219201b94b2e66a35407797d4c2ac303f56dd4cc1958c5ebe0243,-35809.0,53984.0,-58250.0,67157.0,-118620.0,,0,0,0,0,0,1,1,0,ADV_IND,37,37,13,-1,0,-1,-1,3641,32,8,unknown,APPLE,
405.372000000003,d1:15:8a:9b:b1:11,11b19b8a15d11eff4c001219202a6670f8042ff516aa8b347b51fbecab465e1b175e570107,-39854.0,73224.0,-90554.0,66012.0,-137789.0,,0,0,0,0,0,1,1,0,ADV_IND,37,37,3,-1,0,-1,-1,6493,32,7,unknown,APPLE,
407.0600000000122,cc:60:af:32:64:bf,bf6432af60cc1eff4c00121964e58073e8c41dbed7f513a5448304c5a024ae90862f8b02bf,-2734.0,88889.0,-108447.0,110060.0,-160168.0,,0,0,0,0,0,1,1,0,ADV_IND,37,37,13,-1,0,-1,-1,2933,32,8,unknown,APPLE,
408.6739999999991,d6:4d:3f:1f:e5:b5,b5e51f3f4dd61eff4c00121920ac10c8eb8bd183b7c60629936471cc6e9e00d248104b01b5,-18771.0,80930.0,-85447.0,114760.0,-148284.0,,0,0,0,0,0,1,1,0,ADV_IND,37,37,1,-1,0,-1,-1,6998,32,8,unknown,APPLE,
408.6739999999991,cf:64:14:64:28:20,2028641464cf1eff4c001219206d3ff72447fa8c2b4b92086e2def602566cf7d9d23060020,-31397.0,36629.0,-90282.0,103982.0,-121410.0,,0,0,0,0,0,1,1,0,ADV_IND,37,37,6,-1,0,-1,-1,4532,32,8,unknown,APPLE,
408.6739999999991,c8:89:ee:6e:b5:21,21b56eee89c81eff4c00121910083ac4035893d4f125fb87faf581883545ed777feddc0121,-16787.0,89788.0,-112699.0,86678.0,-143926.0,,0,0,0,0,0,1,1,0,ADV_IND,37,37,4,-1,0,-1,-1,4697,32,7,unknown,APPLE,
410.5090000000055,d1:15:8a:9b:b1:11,11b19b8a15d11eff4c001219202a6670f8042ff516aa8b347b51fbecab465e1b175e570107,-44019.0,58903.0,-93641.0,87018.0,-132427.0,,0,0,0,0,0,1,1,0,ADV_IND,37,37,9,-1,0,-1,-1,1191,32,8,unknown,APPLE,
410.5090000000055,f6:b8:9f:83:bd:03,03bd839fb8f61eff4c001219001469e8ebed498934d8385640dc99f047ef2650847c540300,-47628.0,100782.0,-116414.0,88653.0,-154149.0,,0,0,0,0,0,1,1,2,ADV_NONCONN_IND,37,37,4,-1,0,-1,-1,7974,31,7,unknown,APPLE,
410.5090000000055,c8:89:ee:6e:b5:21,25666c3cf5f41eff4c00121910c4ae7bedf14240cd85e38faa329cbbc7be0f299a6ed70378,-21985.0,85229.0,-107770.0,82122.0,-150292.0,,0,0,0,0,0,1,1,0,ADV_IND,37,37,12,-1,0,-1,-1,6878,32,7,unknown,APPLE,f4:f5:3c:6c:66:25
412.2560000000085,cc:60:af:32:64:bf,bf6432af60cc1eff4c00121964e58073e8c41dbed7f513a5448304c5a024ae90862f8b02bf,0.0,78554.0,-101075.0,101093.0,-159011.0,,0,0,0,0,0,1,1,0,ADV_IND,37,37,10,-1,0,-1,-1,5511,28,7,unknown,APPLE,
413.81700000001,de:c5:c4:aa:3e:30,303eaac4c5de1eff4c00121920c9ef6a2c59d47f85f25ac80e0f79d244c1a019de19230230,-25204.0,63241.0,-78695.0,74113.0,-125595.0,,0,0,0,0,0,1,1,0,ADV_IND,37,37,3,-1,0,-1,-1,6934,32,8,unknown,APPLE,
413.81700000001,48:24:d0:c9:a2:77,77a2c9d024480201061916aafe403694615f12dc37df62d67304cdb270f83f0830d410,1108.0,84745.0,-114201.0,114632.0,-110144.0,,0,0,0,0,0,1,1,0,ADV_IND,35,37,5,-1,0,-1,-1,7741,32,8,unknown,GOOGLE,
415.7459999999992,de:c5:c4:aa:3e:30,303eaac4c5de1eff4c00121920c9ef6a2c59d47f85f25ac80e0f79d244c1a019de19230230,-37955.0,80650.0,-69613.0,86158.0,-148388.0,,0,0,0,0,0,1,1,0,ADV_IND,37,37,6,-1,0,-1,-1,4115,31,8,unknown,APPLE,
415.7459999999992,fc:1e:76:d4:dc:5d,5ddcd4761efc1eff4c00121964d81d5031539b0824a32174eaa71c7169b2a09c664023005d,-7850.0,83936.0,-94532.0,101225.0,-162751.0,,0,0,0,0,0,1,1,0,ADV_IND,37,37,15,-1,0,-1,-1,5148,32,8,unknown,APPLE,
418.9840000000113,d6:4d:3f:1f:e5:b5,b5e51f3f4dd61eff4c00121920ac10c8eb8bd183b7c60629936471cc6e9e00d248104b01b5,-23170.0,99134.0,-103694.0,125250.0,-126888.0,,0,0,0,0,0,1,1,0,ADV_IND,37,37,4,-1,0,-1,-1,3765,32,8,unknown,APPLE,
418.9840000000113,fc:1e:76:d4:dc:5d,5ddcd4761efc1eff4c00121964d81d5031539b0824a32174eaa71c7169b2a09c664023005d,-19305.0,108353.0,-96458.0,92140.0,-160964.0,,0,0,0,0,0,1,1,0,ADV_IND,37,37,7,-1,0,-1,-1,4507,29,7,unknown,APPLE,
420.7790000000096,f6:b8:9f:83:bd:03,03bd839fb8f61eff4c001219001469e8ebed498934d8385640dc99f047ef2650847c540300,-30139.0,99828.0,-105285.0,77431.0,-150892.0,,0,0,0,0,0,1,1,2,ADV_NONCONN_IND,37,37,13,-1,0,-1,-1,3323,32,7,unknown,APPLE,
424.0950000000012,de:c5:c4:aa:3e:30,303eaac4c5de1eff4c00121920c9ef6a2c59d47f85f25ac80e0f79d244c1a019de19230230,-11513.0,77025.0,-80859.0,67406.0,-140500.0,,0,0,0,0,0,1,1,0,ADV_IND,37,37,15,-1,0,-1,-1,6828,32,8,unknown,APPLE,
424.0950000000012,fc:1e:76:d4:dc:5d,5ddcd4761efc1eff4c00121964d81d5031539b0824a32174eaa71c7169b2a09c664023005d,-4786.0,63061.0,-87043.0,110774.0,-155646.0,,0,0,0,0,0,1,1,0,ADV_IND,37,37,5,-1,0,-1,-1,3577,32,8,unknown,APPLE,
425.27300000000105,48:24:d0:c9:a2:77,77a2c9d024480201061916aafe403694615f12dc37df62d67304cdb270f83f0830d410,-4161.0,104253.0,-116477.0,113675.0,-142719.0,,0,0,0,0,0,1,1,0,ADV_IND,35,37,3,-1,0,-1,-1,6856,31,7,unknown,GOOGLE,
426.54700000000594,d9:f4:7b:97:85:c9,c985977bf4d91eff4c0012190052ff6be0d3b88886035481ff2e6622defffc507a38500100,-23792.0,78126.0,-88784.0,86120.0,-141324.0,,0,0,0,0,0,1,1,2,ADV_NONCONN_IND,37,37,13,-1,0,-1,-1,5740,32,8,unknown,APPLE,
426.54700000000594,fc:1e:76:d4:dc:5d,5ddcd4761efc1eff4c00121964d81d5031539b0824a32174eaa71c7169b2a09c664023005d,4170.0,64423.0,-91538.0,75148.0,-133876.0,,0,0,0,0,0,1,1,0,ADV_IND,37,37,0,-1,0,-1,-1,5963,32,8,unknown,APPLE,
429.3130000000092,d2:d7:27:15:6d:b2,b26d1527d7d21eff4c0012196486c9cc1003183309832d2a6ce5fbb63f0a9f0d1c6d4301b2,8677.0,61357.0,-75382.0,110220.0,-132607.0,,0,0,0,0,0,1,1,0,ADV_IND,37,37,5,-1,0,-1,-1,6721,31,8,unknown,APPLE,
430.83000000000175,d9:f4:7b:97:85:c9,c985977bf4d91eff4c0012190052ff6be0d3b88886035481ff2e6622defffc507a38500100,-31290.0,72904.0,-96910.0,91635.0,-143303.0,,0,0,0,0,0,1,1,2,ADV_NONCONN_IND,37,37,0,-1,0,-1,-1,1806,28,7,unknown,APPLE,
430.83000000000175,d6:4d:3f:1f:e5:b5,b5e51f3f4dd61eff4c00121920ac10c8eb8bd183b7c60629936471cc6e9e00d248104b01b5,-25153.0,104430.0,-118126.0,88421.0,-136455.0,,0,0,0,0,0,1,1,0,ADV_IND,37,37,7,-1,0,-1,-1,2263,31,7,unknown,APPLE,
430.83000000000175,cf:64:14:64:28:20,2028641464cf1eff4c001219206d3ff72447fa8c2b4b92086e2def602566cf7d9d23060020,-37590.0,98569.0,-107970.0,106478.0,-151233.0,,0,0,0,0,0,1,1,0,ADV_IND,37,37,12,-1,0,-1,-1,7699,32,8,unknown,APPLE,
432.6100000000006,c8:89:ee:6e:b5:21,21b56eee89c81eff4c00121910083ac4035893d4f125fb87faf581883545ed777feddc0121,-14331.0,59433.0,-95450.0,74765.0,-108014.0,,0,0,0,0,0,1,1,0,ADV_IND,37,37,10,-1,0,-1,-1,1729,32,7,unknown,APPLE,
432.6100000000006,d6:4d:3f:1f:e5:b5,b5e51f3f4dd61eff4c00121920ac10c8eb8bd183b7c60629936471cc6e9e00d248104b01b5,-25473.0,94053.0,-106394.0,101426.0,-135094.0,,0,0,0,0,0,1,1,0,ADV_IND,37,37,3,-1,0,-1,-1,3960,32,8,unknown,APPLE,
432.6100000000006,f6:b8:9f:83:bd:03,03bd839fb8f61eff4c001219001469e8ebed498934d8385640dc99f047ef2650847c540300,-14418.0,72749.0,-114650.0,89928.0,-140880.0,,0,0,0,0,0,1,1,2,ADV_NONCONN_IND,37,37,15,-1,0,-1,-1,4120,32,8,unknown,APPLE,
434.1929999999993,c8:bf:27:a8:92:3a,3a92a827bfc81eff4c00121910b6c539b0da3aea66219a7f9cb9407cc1381b43db47dd03ac,-17510.0,82691.0,-138908.0,73439.0,-147328.0,,0,0,0,0,0,1,1,0,ADV_IND,37,37,15,-1,0,-1,-1,5480,32,7,unknown,APPLE,
435.36200000000827,cf:64:14:64:28:20,2028641464cf1eff4c001219206d3ff72447fa8c2b4b92086e2def602566cf7d9d23060020,-20011.0,63933.0,-105480.0,86472.0,-111901.0,,0,0,0,0,0,1,1,0,ADV_IND,37,37,4,-1,0,-1,-1,3835,32,7,unknown,APPLE,
436.625,f7:7c:f5:6f:79:43,43796ff57cf71eff4c001219201b94b2e66a35407797d4c2ac303f56dd4cc1958c5ebe0243,-16115.0,47515.0,-81762.0,69337.0,-97324.0,,0,0,0,0,0,1,1,0,ADV_IND,37,37,10,-1,0,-1,-1,3286,32,8,unknown,APPLE,
438.2140000000072,fc:1e:76:d4:dc:5d,5ddcd4761efc1eff4c00121964d81d5031539b0824a32174eaa71c7169b2a09c664023005d,-22498.0,74589.0,-82617.0,83074.0,-139687.0,,0,0,0,0,0,1,1,0,ADV_IND,37,37,10,-1,0,-1,-1,3104,31,8,unknown,APPLE,
438.2140000000072,d2:d7:27:15:6d:b2,b26d1527d7d21eff4c0012196486c9cc1003183309832d2a6ce5fbb63f0a9f0d1c6d4301b2,-15430.0,72896.0,-94555.0,113811.0,-123158.0,,0,0,0,0,0,1,1,0,ADV_IND,37,37,5,-1,0,-1,-1,1472,31,7,unknown,APPLE,
438.2140000000072,cf:64:14:64:28:20,2028641464cf1eff4c001219206d3ff72447fa8c2b4b92086e2def602566cf7d9d23060020,-35765.0,115964.0,-105007.0,105004.0,-135044.0,,0,0,0,0,0,1,1,0,ADV_IND,37,37,14,-1,0,-1,-1,2648,32,7,unknown,APPLE,
439.20800000001327,c8:89:ee:6e:b5:21,21b56eee89c81eff4c00121910083ac4035893d4f125fb87faf581883545ed777feddc0121,-13279.0,85614.0,-96705.0,86200.0,-137297.0,,0,0,0,0,0,1,1,0,ADV_IND,37,37,11,-1,0,-1,-1,2594,32,8,unknown,APPLE,
442.3670000000129,d6:b6:30:18:8d:02,25666c3cf5f41eff4c00121910c4ae7bedf14240cd85e38faa329cbbc7be0f299a6ed70378,-46697.0,108875.0,-106450.0,78086.0,-145340.0,,0,0,0,0,0,1,1,0,ADV_IND,37,37,8,-1,0,-1,-1,3639,32,8,unknown,APPLE,f4:f5:3c:6c:66:25
442.3670000000129,f6:b8:9f:83:bd:03,03bd839fb8f61eff4c001219001469e8ebed498934d8385640dc99f047ef2650847c540300,-19312.0,73956.0,-127506.0,64222.0,-106486.0,,0,0,0,0,0,1,1,2,ADV_NONCONN_IND,37,37,10,-1,0,-1,-1,4789,31,7,unknown,APPLE,
442.3670000000129,cc:60:af:32:64:bf,bf6432af60cc1eff4c00121964e58073e8c41dbed7f513a5448304c5a024ae90862f8b02bf,-24410.0,82706.0,-74869.0,63102.0,-144486.0,,0,0,0,0,0,1,1,0,ADV_IND,37,37,12,-1,0,-1,-1,2493,32,7,unknown,APPLE,
442.3670000000129,d9:f4:7b:97:85:c9,c985977bf4d91eff4c0012190052ff6be0d3b88886035481ff2e6622defffc507a38500100,-38269.0,48668.0,-84758.0,75292.0,-107193.0,,0,0,0,0,0,1,1,2,ADV_NONCONN_IND,37,37,15,-1,0,-1,-1,7519,32,7,unknown,APPLE,
442.3670000000129,48:24:d0:c9:a2:77,77a2c9d024480201061916aafe403694615f12dc37df62d67304cdb270f83f0830d410,0.0,106658.0,-131281.0,108717.0,-136145.0,,0,0,0,0,0,1,1,0,ADV_IND,35,37,13,-1,0,-1,-1,6565,31,8,unknown,GOOGLE,
442.3670000000129,c8:bf:27:a8:92:3a,3a92a827bfc81eff4c00121910b6c539b0da3aea66219a7f9cb9407cc1381b43db47dd03ac,-6095.0,89354.0,-128364.0,63975.0,-159476.0,,0,0,0,0,0,1,1,0,ADV_IND,37,37,9,-1,0,-1,-1,4988,30,7,unknown,APPLE,
444.8020000000106,d6:4d:3f:1f:e5:b5,b5e51f3f4dd61eff4c00121920ac10c8eb8bd183b7c60629936471cc6e9e00d248104b01b5,-14569.0,73635.0,-84698.0,87827.0,-101810.0,,0,0,0,0,0,1,1,0,ADV_IND,37,37,4,-1,0,-1,-1,7009,32,8,unknown,APPLE,
444.8020000000106,cc:60:af:32:64:bf,bf6432af60cc1eff4c00121964e58073e8c41dbed7f513a5448304c5a024ae90862f8b02bf,-3527.0,62485.0,-83465.0,88887.0,-146345.0,,0,0,0,0,0,1,1,0,ADV_IND,37,37,3,-1,0,-1,-1,4811,32,8,unknown,APPLE,
444.8020000000106,cf:64:14:64:28:20,2028641464cf1eff4c001219206d3ff72447fa8c2b4b92086e2def602566cf7d9d23060020,-23909.0,64928.0,-85769.0,81291.0,-99737.0,,0,0,0,0,0,1,1,0,ADV_IND,37,37,14,-1,0,-1,-1,6921,32,7,unknown,APPLE,
446.3110000000015,48:24:d0:c9:a2:77,77a2c9d024480201061916aafe403694615f12dc37df62d67304cdb270f83f0830d410,0.0,107314.0,-110828.0,117752.0,-147074.0,,0,0,0,0,0,1,1,0,ADV_IND,35,37,11,-1,0,-1,-1,6054,32,8,unknown,GOOGLE,
448.1160000000091,cf:64:14:64:28:20,2028641464cf1eff4c001219206d3ff72447fa8c2b4b92086e2def602566cf7d9d23060020,-34767.0,59864.0,-88616.0,92458.0,-108983.0,,0,0,0,0,0,1,1,0,ADV_IND,37,37,10,-1,0,-1,-1,5880,30,7,unknown,APPLE,
448.1160000000091,d2:d7:27:15:6d:b2,b26d1527d7d21eff4c0012196486c9cc1003183309832d2a6ce5fbb63f0a9f0d1c6d4301b2,-22618.0,71875.0,-90437.0,107990.0,-134335.0,,0,0,0,0,0,1,1,0,ADV_IND,37,37,13,-1,0,-1,-1,7000,29,7,unknown,APPLE,
448.1160000000091,fc:1e:76:d4:dc:5d,5ddcd4761efc1eff4c00121964d81d5031539b0824a32174eaa71c7169b2a09c664023005d,-19814.0,93411.0,-96715.0,95800.0,-164194.0,,0,0,0,0,0,1,1,0,ADV_IND,37,37,8,-1,0,-1,-1,7246,32,8,unknown,APPLE,
451.1880000000092,d2:d7:27:15:6d:b2,b26d1527d7d21eff4c0012196486c9cc1003183309832d2a6ce5fbb63f0a9f0d1c6d4301b2,-7925.0,81892.0,-80476.0,87882.0,-166467.0,,0,0,0,0,0,1,1,0,ADV_IND,37,37,3,-1,0,-1,-1,6562,32,8,unknown,APPLE,
451.1880000000092,f6:b8:9f:83:bd:03,03bd839fb8f61eff4c001219001469e8ebed498934d8385640dc99f047ef2650847c540300,-35084.0,81275.0,-113765.0,86120.0,-136654.0,,0,0,0,0,0,1,1,2,ADV_NONCONN_IND,37,37,5,-1,0,-1,-1,6677,30,7,unknown,APPLE,
451.1880000000092,d6:4d:3f:1f:e5:b5,b5e51f3f4dd61eff4c00121920ac10c8eb8bd183b7c60629936471cc6e9e00d248104b01b5,-34217.0,81009.0,-73207.0,79625.0,-113969.0,,0,0,0,0,0,1,1,0,ADV_IND,37,37,10,-1,0,-1,-1,7233,32,8,unknown,APPLE,
452.83600000001024,d2:d7:27:15:6d:b2,b26d1527d7d21eff4c0012196486c9cc1003183309832d2a6ce5fbb63f0a9f0d1c6d4301b2,-10901.0,70996.0,-82803.0,120147.0,-147700.0,,0,0,0,0,0,1,1,0,ADV_IND,37,37,8,-1,0,-1,-1,2112,32,8,unknown,APPLE,
454.3860000000132,48:24:d0:c9:a2:77,77a2c9d024480201061916aafe403694615f12dc37df62d67304cdb270f83f0830d410,-9402.0,84023.0,-108141.0,108120.0,-107035.0,,0,0,0,0,0,1,1,0,ADV_IND,35,37,13,-1,0,-1,-1,1685,31,8,unknown,GOOGLE,
456.27700000000186,d9:f4:7b:97:85:c9,c985977bf4d91eff4c0012190052ff6be0d3b88886035481ff2e6622defffc507a38500100,-35614.0,65922.0,-94181.0,90195.0,-130064.0,,0,0,0,0,0,1,1,2,ADV_NONCONN_IND,37,37,1,-1,0,-1,-1,7674,32,8,unknown,APPLE,
459.9230000000098,48:24:d0:c9:a2:77,77a2c9d024480201061916aafe403694615f12dc37df62d67304cdb270f83f0830d410,4910.0,87629.0,-97419.0,108833.0,-133254.0,,0,0,0,0,0,1,1,0,ADV_IND,35,37,9,-1,0,-1,-1,6005,32,8,unknown,GOOGLE,
459.9230000000098,c8:89:ee:6e:b5:21,21b56eee89c81eff4c00121910083ac4035893d4f125fb87faf581883545ed777feddc0121,-11026.0,85549.0,-116625.0,81277.0,-139927.0,,0,0,0,0,0,1,1,0,ADV_IND,37,37,1,-1,0,-1,-1,5748,31,8,unknown,APPLE,
459.9230000000098,f6:b8:9f:83:bd:03,03bd839fb8f61eff4c001219001469e8ebed498934d8385640dc99f047ef2650847c540300,-27363.0,107868.0,-133907.0,67153.0,-118459.0,,0,0,0,0,0,1,1,2,ADV_NONCONN_IND,37,37,11,-1,0,-1,-1,1058,32,8,unknown,APPLE,
461.7980000000098,f6:b8:9f:83:bd:03,03bd839fb8f61eff4c001219001469e8ebed498934d8385640dc99f047ef2650847c540300,-29292.0,77628.0,-117438.0,92841.0,-126125.0,,0,0,0,0,0,1,1,2,ADV_NONCONN_IND,37,37,8,-1,0,-1,-1,3717,32,7,unknown,APPLE,
465.17200000000594,d6:4d:3f:1f:e5:b5,b5e51f3f4dd61eff4c00121920ac10c8eb8bd183b7c60629936471cc6e9e00d248104b01b5,-27975.0,75283.0,-85685.0,84865.0,-102068.0,,0,0,0,0,0,1,1,0,ADV_IND,37,37,9,-1,0,-1,-1,3029,32,8,unknown,APPLE,
468.6840000000084,d1:15:8a:9b:b1:11,11b19b8a15d11eff4c001219202a6670f8042ff516aa8b347b51fbecab465e1b175e570107,-32974.0,70479.0,-90454.0,70923.0,-145257.0,,0,0,0,0,0,1,1,0,ADV_IND,37,37,9,-1,0,-1,-1,3852,31,7,unknown,APPLE,
468.6840000000084,d6:4d:3f:1f:e5:b5,b5e51f3f4dd61eff4c00121920ac10c8eb8bd183b7c60629936471cc6e9e00d248104b01b5,-2520.0,84563.0,-87123.0,98987.0,-118626.0,,0,0,0,0,0,1,1,0,ADV_IND,37,37,6,-1,0,-1,-1,2874,31,7,unknown,APPLE,
470.49400000000605,c8:bf:27:a8:92:3a,3a92a827bfc81eff4c00121910b6c539b0da3aea66219a7f9cb9407cc1381b43db47dd03ac,-44597.0,82840.0,-81089.0,54313.0,-142640.0,,0,0,0,0,0,1,1,0,ADV_IND,37,37,13,-1,0,-1,-1,4680,32,8,unknown,APPLE,
470.49400000000605,d6:b6:30:18:8d:02,25666c3cf5f41eff4c00121910c4ae7bedf14240cd85e38faa329cbbc7be0f299a6ed70378,-25955.0,96333.0,-107709.0,93040.0,-149720.0,,0,0,0,0,0,1,1,0,ADV_IND,37,37,1,-1,0,-1,-1,3874,32,8,unknown,APPLE,f4:f5:3c:6c:66:25
473.81700000001,de:c5:c4:aa:3e:30,303eaac4c5de1eff4c00121920c9ef6a2c59d47f85f25ac80e0f79d244c1a019de19230230,-21550.0,90506.0,-86972.0,61399.0,-99255.0,,0,0,0,0,0,1,1,0,ADV_IND,37,37,8,-1,0,-1,-1,5657,32,8,unknown,APPLE,
475.4850000000006,cf:64:14:64:28:20,2028641464cf1eff4c001219206d3ff72447fa8c2b4b92086e2def602566cf7d9d23060020,-21449.0,53641.0,-83137.0,75861.0,-98909.0,,0,0,0,0,0,1,1,0,ADV_IND,37,37,12,-1,0,-1,-1,6559,32,8,unknown,APPLE,
475.4850000000006,d9:f4:7b:97:85:c9,c985977bf4d91eff4c0012190052ff6be0d3b88886035481ff2e6622defffc507a38500100,-19898.0,49978.0,-77327.0,63374.0,-102906.0,,0,0,0,0,0,1,1,2,ADV_NONCONN_IND,37,37,7,-1,0,-1,-1,7210,32,8,unknown,APPLE,
475.4850000000006,e3:77:2e:17:6e:79,796e172e77e31eff4c001219007204631fc9a33665410454db5dff1ff56d4c2f9f78270200,-6362.0,85386.0,-110149.0,101722.0,-139877.0,,0,0,0,0,0,1,1,2,ADV_NONCONN_IND,37,37,5,-1,0,-1,-1,5766,31,8,unknown,APPLE,
478.7030000000086,d9:f4:7b:97:85:c9,c985977bf4d91eff4c0012190052ff6be0d3b88886035481ff2e6622defffc507a38500100,-21453.0,73232.0,-100212.0,98499.0,-137022.0,,0,0,0,0,0,1,1,2,ADV_NONCONN_IND,37,37,2,-1,0,-1,-1,3315,32,8,unknown,APPLE,
478.7030000000086,e3:77:2e:17:6e:79,796e172e77e31eff4c001219007204631fc9a33665410454db5dff1ff56d4c2f9f78270200,-31364.0,77749.0,-80106.0,89886.0,-128362.0,,0,0,0,0,0,1,1,2,ADV_NONCONN_IND,37,37,7,-1,0,-1,-1,2343,31,7,unknown,APPLE,
478.7030000000086,fc:1e:76:d4:dc:5d,5ddcd4761efc1eff4c00121964d81d5031539b0824a32174eaa71c7169b2a09c664023005d,-24317.0,70027.0,-91463.0,72409.0,-141348.0,,0,0,0,0,0,1,1,0,ADV_IND,37,37,8,-1,0,-1,-1,7080,32,8,unknown,APPLE,
480.4530000000086,d9:f4:7b:97:85:c9,c985977bf4d91eff4c0012190052ff6be0d3b88886035481ff2e6622defffc507a38500100,-31863.0,54937.0,-95354.0,95290.0,-130693.0,,0,0,0,0,0,1,1,2,ADV_NONCONN_IND,37,37,1,-1,0,-1,-1,2482,32,8,unknown,APPLE,
481.7989999999991,d6:4d:3f:1f:e5:b5,b5e51f3f4dd61eff4c00121920ac10c8eb8bd183b7c60629936471cc6e9e00d248104b01b5,-13482.0,78172.0,-90016.0,87362.0,-100190.0,,0,0,0,0,0,1,1,0,ADV_IND,37,37,9,-1,0,-1,-1,6839,32,7,unknown,APPLE,
481.7989999999991,de:c5:c4:aa:3e:30,303eaac4c5de1eff4c00121920c9ef6a2c59d47f85f25ac80e0f79d244c1a019de19230230,-33391.0,91614.0,-100774.0,52739.0,-106495.0,,0,0,0,0,0,1,1,0,ADV_IND,37,37,0,-1,0,-1,-1,4063,32,8,unknown,APPLE,
483.1550000000134,f7:7c:f5:6f:79:43,43796ff57cf71eff4c001219201b94b2e66a35407797d4c2ac303f56dd4cc1958c5ebe0243,-18884.0,71293.0,-75005.0,49789.0,-97072.0,,0,0,0,0,0,1,1,0,ADV_IND,37,37,7,-1,0,-1,-1,7396,32,8,unknown,APPLE,
483.1550000000134,d9:f4:7b:97:85:c9,c985977bf4d91eff4c0012190052ff6be0d3b88886035481ff2e6622defffc507a38500100,-25174.0,63057.0,-93765.0,90007.0,-131192.0,,0,0,0,0,0,1,1,2,ADV_NONCONN_IND,37,37,1,-1,0,-1,-1,5179,32,8,unknown,APPLE,
483.1550000000134,c8:89:ee:6e:b5:21,21b56eee89c81eff4c00121910083ac4035893d4f125fb87faf581883545ed777feddc0121,-9700.0,76867.0,-90307.0,91207.0,-136848.0,,0,0,0,0,0,1,1,0,ADV_IND,37,37,9,-1,0,-1,-1,3715,32,8,unknown,APPLE,
484.89700000001176,d6:4d:3f:1f:e5:b5,b5e51f3f4dd61eff4c00121920ac10c8eb8bd183b7c60629936471cc6e9e00d248104b01b5,-21636.0,89118.0,-85379.0,98524.0,-134691.0,,0,0,0,0,0,1,1,0,ADV_IND,37,37,7,-1,0,-1,-1,4173,32,8,unknown,APPLE,
484.89700000001176,de:c5:c4:aa:3e:30,303eaac4c5de1eff4c00121920c9ef6a2c59d47f85f25ac80e0f79d244c1a019de19230230,-34931.0,80043.0,-66455.0,61169.0,-120289.0,,0,0,0,0,0,1,1,0,ADV_IND,37,37,6,-1,0,-1,-1,5593,31,7,unknown,APPLE,
484.89700000001176,de:c5:c4:aa:3e:30,303eaac4c5de1eff4c00121920c9ef6a2c59d47f85f25ac80e0f79d244c1a019de19230230,-9473.0,104056.0,-107669.0,103173.0,-139096.0,,0,0,0,0,0,1,1,0,ADV_IND,37,37,14,-1,0,-1,-1,2322,32,7,unknown,APPLE,
486.2590000000055,d9:f4:7b:97:85:c9,c985977bf4d91eff4c0012190052ff6be0d3b88886035481ff2e6622defffc507a38500100,-23384.0,84360.0,-84668.0,69263.0,-120284.0,,0,0,0,0,0,1,1,2,ADV_NONCONN_IND,37,37,7,-1,0,-1,-1,3062,32,8,unknown,APPLE,
486.94200000001,f6:b8:9f:83:bd:03,03bd839fb8f61eff4c001219001469e8ebed498934d8385640dc99f047ef2650847c540300,-11476.0,91712.0,-123010.0,63909.0,-162926.0,,0,0,0,0,0,1,1,2,ADV_NONCONN_IND,37,37,13,-1,0,-1,-1,6951,31,8,unknown,APPLE,
489.33000000000175,f6:b8:9f:83:bd:03,03bd839fb8f61eff4c001219001469e8ebed498934d8385640dc99f047ef2650847c540300,-19607.0,98055.0,-112490.0,84603.0,-158068.0,,0,0,0,0,0,1,1,2,ADV_NONCONN_IND,37,37,6,-1,0,-1,-1,3666,32,7,unknown,APPLE,
489.33000000000175,d9:f4:7b:97:85:c9,c985977bf4d91eff4c0012190052ff6be0d3b88886035481ff2e6622defffc507a38500100,-22319.0,66360.0,-80778.0,60856.0,-118373.0,,0,0,0,0,0,1,1,2,ADV_NONCONN_IND,37,37,15,-1,0,-1,-1,3890,32,8,unknown,APPLE,
489.7490000000107,48:24:d0:c9:a2:77,77a2c9d024480201061916aafe403694615f12dc37df62d67304cdb270f83f0830d410,0.0,81871.0,-106920.0,128407.0,-138371.0,,0,0,0,0,0,1,1,0,ADV_IND,35,37,6,-1,0,-1,-1,3759,32,8,unknown,GOOGLE,
490.8420000000042,c7:af:60:4b:85:66,25666c3cf5f41eff4c00121910c4ae7bedf14240cd85e38faa329cbbc7be0f299a6ed70378,-42123.0,85052.0,-101671.0,73133.0,-137792.0,,0,0,0,0,0,1,1,0,ADV_IND,37,37,5,-1,0,-1,-1,3774,32,8,unknown,APPLE,f4:f5:3c:6c:66:25
492.3790000000008,e3:77:2e:17:6e:79,796e172e77e31eff4c001219007204631fc9a33665410454db5dff1ff56d4c2f9f78270200,-30893.0,43724.0,-61147.0,92338.0,-131894.0,,0,0,0,0,0,1,1,2,ADV_NONCONN_IND,37,37,1,-1,0,-1,-1,2249,32,8,unknown,APPLE,
494.0529999999999,e3:77:2e:17:6e:79,796e172e77e31eff4c001219007204631fc9a33665410454db5dff1ff56d4c2f9f78270200,-23430.0,64150.0,-84359.0,83503.0,-125487.0,,0,0,0,0,0,1,1,2,ADV_NONCONN_IND,37,37,14,-1,0,-1,-1,5246,32,8,unknown,APPLE,
499.4650000000111,d9:f4:7b:97:85:c9,c985977bf4d91eff4c0012190052ff6be0d3b88886035481ff2e6622defffc507a38500100,-15486.0,66914.0,-101734.0,75278.0,-115929.0,,0,0,0,0,0,1,1,2,ADV_NONCONN_IND,37,37,10,-1,0,-1,-1,1427,32,8,unknown,APPLE,
499.4650000000111,fb:15:c3:2a:ea:ac,acea2ac315fb1eff4c001219105fdc26c82b6e3b013ab9a9f8c7bcb530a0e3933bca7800ac,-27627.0,104750.0,-138769.0,93206.0,-162707.0,,0,0,0,0,0,1,1,0,ADV_IND,37,37,4,-1,0,-1,-1,7559,32,7,unknown,APPLE,
499.4650000000111,48:24:d0:c9:a2:77,77a2c9d024480201061916aafe403694615f12dc37df62d67304cdb270f83f0830d410,-15479.0,92397.0,-101496.0,106286.0,-135191.0,,0,0,0,0,0,1,1,0,ADV_IND,35,37,14,-1,0,-1,-1,5760,32,8,unknown,GOOGLE,
501.1750000000029,f6:b8:9f:83:bd:03,03bd839fb8f61eff4c001219001469e8ebed498934d8385640dc99f047ef2650847c540300,-6530.0,71448.0,-122695.0,84569.0,-139320.0,,0,0,0,0,0,1,1,2,ADV_NONCONN_IND,37,37,11,-1,0,-1,-1,4564,32,8,unknown,APPLE,
502.9600000000064,d2:d7:27:15:6d:b2,b26d1527d7d21eff4c0012196486c9cc1003183309832d2a6ce5fbb63f0a9f0d1c6d4301b2,-20282.0,71733.0,-70183.0,100404.0,-149246.0,,0,0,0,0,0,1,1,0,ADV_IND,37,37,0,-1,0,-1,-1,3150,31,8,unknown,APPLE,
502.9600000000064,48:24:d0:c9:a2:77,77a2c9d024480201061916aafe403694615f12dc37df62d67304cdb270f83f0830d410,5080.0,96551.0,-109734.0,101081.0,-121773.0,,0,0,0,0,0,1,1,0,ADV_IND,35,37,11,-1,0,-1,-1,1453,32,8,unknown,GOOGLE,
504.6280000000115,48:24:d0:c9:a2:77,77a2c9d024480201061916aafe403694615f12dc37df62d67304cdb270f83f0830d410,19113.0,94518.0,-112673.0,97184.0,-125823.0,,0,0,0,0,0,1,1,0,ADV_IND,35,37,9,-1,0,-1,-1,6071,32,8,unknown,GOOGLE,
506.0110000000132,48:24:d0:c9:a2:77,77a2c9d024480201061916aafe403694615f12dc37df62d67304cdb270f83f0830d410,-14219.0,110303.0,-129845.0,108419.0,-139074.0,,0,0,0,0,0,1,1,0,ADV_IND,35,37,15,-1,0,-1,-1,1498,31,8,unknown,GOOGLE,
507.247000000003,f7:7c:f5:6f:79:43,43796ff57cf71eff4c001219201b94b2e66a35407797d4c2ac303f56dd4cc1958c5ebe0243,-27530.0,47963.0,-62098.0,47632.0,-92516.0,,0,0,0,0,0,1,1,0,ADV_IND,37,37,12,-1,0,-1,-1,1203,32,8,unknown,APPLE,
509.20900000000256,fb:15:c3:2a:ea:ac,acea2ac315fb1eff4c001219105fdc26c82b6e3b013ab9a9f8c7bcb530a0e3933bca7800ac,-37505.0,88763.0,-113135.0,62331.0,-155938.0,,0,0,0,0,0,1,1,0,ADV_IND,37,37,11,-1,0,-1,-1,5648,32,8,unknown,APPLE,
509.20900000000256,c8:89:ee:6e:b5:21,21b56eee89c81eff4c00121910083ac4035893d4f125fb87faf581883545ed777feddc0121,-22049.0,74559.0,-83744.0,61956.0,-142021.0,,0,0,0,0,0,1,1,0,ADV_IND,37,37,13,-1,0,-1,-1,6035,31,8,unknown,APPLE,
509.20900000000256,d6:4d:3f:1f:e5:b5,b5e51f3f4dd61eff4c00121920ac10c8eb8bd183b7c60629936471cc6e9e00d248104b01b5,-30382.0,89963.0,-102982.0,99561.0,-98777.0,,0,0,0,0,0,1,1,0,ADV_IND,37,37,0,-1,0,-1,-1,3944,32,8,unknown,APPLE,
509.9120000000112,48:24:d0:c9:a2:77,77a2c9d024480201061916aafe403694615f12dc37df62d67304cdb270f83f0830d410,-12161.0,82362.0,-117885.0,105386.0,-109858.0,,0,0,0,0,0,1,1,0,ADV_IND,35,37,5,-1,0,-1,-1,2062,32,8,unknown,GOOGLE,
511.5240000000049,d9:f4:7b:97:85:c9,c985977bf4d91eff4c0012190052ff6be0d3b88886035481ff2e6622defffc507a38500100,-27585.0,65467.0,-93865.0,100672.0,-118265.0,,0,0,0,0,0,1,1,2,ADV_NONCONN_IND,37,37,14,-1,0,-1,-1,1583,32,8,unknown,APPLE,
511.5240000000049,d6:4d:3f:1f:e5:b5,b5e51f3f4dd61eff4c00121920ac10c8eb8bd183b7c60629936471cc6e9e00d248104b01b5,-26577.0,68020.0,-101996.0,100018.0,-73961.0,,0,0,0,0,0,1,1,0,ADV_IND,37,37,11,-1,0,-1,-1,7867,31,8,unknown,APPLE,
516.6580000000104,fc:1e:76:d4:dc:5d,5ddcd4761efc1eff4c00121964d81d5031539b0824a32174eaa71c7169b2a09c664023005d,-7682.0,89705.0,-93084.0,87511.0,-173732.0,,0,0,0,0,0,1,1,0,ADV_IND,37,37,12,-1,0,-1,-1,7291,31,8,unknown,APPLE,
516.6580000000104,f7:7c:f5:6f:79:43,43796ff57cf71eff4c001219201b94b2e66a35407797d4c2ac303f56dd4cc1958c5ebe0243,-25974.0,51892.0,-66388.0,40816.0,-95119.0,,0,0,0,0,0,1,1,0,ADV_IND,37,37,10,-1,0,-1,-1,1599,32,8,unknown,APPLE,
518.3080000000045,48:24:d0:c9:a2:77,77a2c9d024480201061916aafe403694615f12dc37df62d67304cdb270f83f0830d410,-1951.0,108030.0,-123780.0,123331.0,-142759.0,,0,0,0,0,0,1,1,0,ADV_IND,35,37,13,-1,0,-1,-1,2686,32,8,unknown,GOOGLE,
518.3080000000045,d9:f4:7b:97:85:c9,c985977bf4d91eff4c0012190052ff6be0d3b88886035481ff2e6622defffc507a38500100,-39908.0,55914.0,-98984.0,111916.0,-124739.0,,0,0,0,0,0,1,1,2,ADV_NONCONN_IND,37,37,15,-1,0,-1,-1,1980,32,8,unknown,APPLE,
518.3080000000045,fb:15:c3:2a:ea:ac,acea2ac315fb1eff4c001219105fdc26c82b6e3b013ab9a9f8c7bcb530a0e3933bca7800ac,-49568.0,83590.0,-119794.0,82101.0,-154727.0,,0,0,0,0,0,1,1,0,ADV_IND,37,37,4,-1,0,-1,-1,2276,32,7,unknown,APPLE,
518.3080000000045,d6:4d:3f:1f:e5:b5,b5e51f3f4dd61eff4c00121920ac10c8eb8bd183b7c60629936471cc6e9e00d248104b01b5,-22671.0,84634.0,-97322.0,104643.0,-89390.0,,0,0,0,0,0,1,1,0,ADV_IND,37,37,7,-1,0,-1,-1,4803,32,8,unknown,APPLE,
520.4230000000098,d6:4d:3f:1f:e5:b5,b5e51f3f4dd61eff4c00121920ac10c8eb8bd183b7c60629936471cc6e9e00d248104b01b5,-14755.0,89799.0,-83554.0,86117.0,-100828.0,,0,0,0,0,0,1,1,0,ADV_IND,37,37,9,-1,0,-1,-1,5020,32,8,unknown,APPLE,
521.6490000000049,d6:4d:3f:1f:e5:b5,b5e51f3f4dd61eff4c00121920ac10c8eb8bd183b7c60629936471cc6e9e00d248104b01b5,-23632.0,80824.0,-81456.0,95622.0,-133481.0,,0,0,0,0,0,1,1,0,ADV_IND,37,37,15,-1,0,-1,-1,2256,32,8,unknown,APPLE,
521.6490000000049,48:24:d0:c9:a2:77,77a2c9d024480201061916aafe403694615f12dc37df62d67304cdb270f83f0830d410,-6509.0,94996.0,-101550.0,118505.0,-135292.0,,0,0,0,0,0,1,1,0,ADV_IND,35,37,12,-1,0,-1,-1,6220,32,8,unknown,GOOGLE,
521.6490000000049,f6:b8:9f:83:bd:03,03bd839fb8f61eff4c001219001469e8ebed498934d8385640dc99f047ef2650847c540300,-25535.0,86101.0,-114639.0,71882.0,-160176.0,,0,0,0,0,0,1,1,2,ADV_NONCONN_IND,37,37,15,-1,0,-1,-1,2365,32,8,unknown,APPLE,
523.2680000000109,fb:15:c3:2a:ea:ac,acea2ac315fb1eff4c001219105fdc26c82b6e3b013ab9a9f8c7bcb530a0e3933bca7800ac,-31560.0,56008.0,-102091.0,63495.0,-153176.0,,0,0,0,0,0,1,1,0,ADV_IND,37,37,7,-1,0,-1,-1,5213,31,7,unknown,APPLE,
525.1420000000071,f7:7c:f5:6f:79:43,43796ff57cf71eff4c001219201b94b2e66a35407797d4c2ac303f56dd4cc1958c5ebe0243,-22847.0,57966.0,-77178.0,47930.0,-78477.0,,0,0,0,0,0,1,1,0,ADV_IND,37,37,11,-1,0,-1,-1,5163,32,7,unknown,APPLE,
526.7270000000135,d9:f4:7b:97:85:c9,c985977bf4d91eff4c0012190052ff6be0d3b88886035481ff2e6622defffc507a38500100,-17256.0,57761.0,-87798.0,78668.0,-105851.0,,0,0,0,0,0,1,1,2,ADV_NONCONN_IND,37,37,15,-1,0,-1,-1,1589,32,7,unknown,APPLE,
526.7270000000135,d6:4d:3f:1f:e5:b5,b5e51f3f4dd61eff4c00121920ac10c8eb8bd183b7c60629936471cc6e9e00d248104b01b5,-28591.0,83520.0,-95751.0,93858.0,-73138.0,,0,0,0,0,0,1,1,0,ADV_IND,37,37,8,-1,0,-1,-1,4575,32,7,unknown,APPLE,
526.7270000000135,e7:57:a7:86:2d:07,072d86a757e71eff4c0012192067ebc34ef701b0900ebd9282921b921cdaa94fd9035a0007,-34308.0,94812.0,-86760.0,60485.0,-129512.0,,0,0,0,0,0,1,1,0,ADV_IND,37,37,8,-1,0,-1,-1,7666,31,8,unknown,APPLE,
530.0690000000031,f7:7c:f5:6f:79:43,43796ff57cf71eff4c001219201b94b2e66a35407797d4c2ac303f56dd4cc1958c5ebe0243,-28396.0,77059.0,-75675.0,71377.0,-122862.0,,0,0,0,0,0,1,1,0,ADV_IND,37,37,3,-1,0,-1,-1,6104,32,8,unknown,APPLE,
530.0690000000031,48:24:d0:c9:a2:77,77a2c9d024480201061916aafe403694615f12dc37df62d67304cdb270f83f0830d410,-9892.0,106076.0,-115408.0,113704.0,-128712.0,,0,0,0,0,0,1,1,0,ADV_IND,35,37,13,-1,0,-1,-1,7475,32,8,unknown,GOOGLE,
531.6200000000099,48:24:d0:c9:a2:77,77a2c9d024480201061916aafe403694615f12dc37df62d67304cdb270f83f0830d410,-3302.0,100548.0,-123423.0,130652.0,-140179.0,,0,0,0,0,0,1,1,0,ADV_IND,35,37,3,-1,0,-1,-1,5182,32,8,unknown,GOOGLE,
533.5660000000062,e3:77:2e:17:6e:79,796e172e77e31eff4c001219007204631fc9a33665410454db5dff1ff56d4c2f9f78270200,-26609.0,46544.0,-82322.0,94039.0,-129537.0,,0,0,0,0,0,1,1,2,ADV_NONCONN_IND,37,37,12,-1,0,-1,-1,1358,32,8,unknown,APPLE,
535.2710000000079,d6:4d:3f:1f:e5:b5,b5e51f3f4dd61eff4c00121920ac10c8eb8bd183b7c60629936471cc6e9e00d248104b01b5,-30287.0,86197.0,-72184.0,74427.0,-118589.0,,0,0,0,0,0,1,1,0,ADV_IND,37,37,5,-1,0,-1,-1,4032,32,7,unknown,APPLE,
535.2710000000079,e3:77:2e:17:6e:79,796e172e77e31eff4c001219007204631fc9a33665410454db5dff1ff56d4c2f9f78270200,-27854.0,91025.0,-76292.0,98108.0,-145640.0,,0,0,0,0,0,1,1,2,ADV_NONCONN_IND,37,37,0,-1,0,-1,-1,5318,32,7,unknown,APPLE,
538.5890000000072,d6:4d:3f:1f:e5:b5,b5e51f3f4dd61eff4c00121920ac10c8eb8bd183b7c60629936471cc6e9e00d248104b01b5,-25963.0,111978.0,-107406.0,111121.0,-123172.0,,0,0,0,0,0,1,1,0,ADV_IND,37,37,10,-1,0,-1,-1,5199,32,8,unknown,APPLE,
541.6670000000013,cf:64:14:64:28:20,2028641464cf1eff4c001219206d3ff72447fa8c2b4b92086e2def602566cf7d9d23060020,-17178.0,51325.0,-90334.0,94229.0,-127061.0,,0,0,0,0,0,1,1,0,ADV_IND,37,37,15,-1,0,-1,-1,1579,32,7,unknown,APPLE,
541.6670000000013,fc:1e:76:d4:dc:5d,5ddcd4761efc1eff4c00121964d81d5031539b0824a32174eaa71c7169b2a09c664023005d,-18263.0,83150.0,-90090.0,75303.0,-160159.0,,0,0,0,0,0,1,1,0,ADV_IND,37,37,14,-1,0,-1,-1,4943,32,7,unknown,APPLE,
541.6670000000013,d9:f4:7b:97:85:c9,c985977bf4d91eff4c0012190052ff6be0d3b88886035481ff2e6622defffc507a38500100,-17049.0,59887.0,-105922.0,91749.0,-113202.0,,0,0,0,0,0,1,1,2,ADV_NONCONN_IND,37,37,1,-1,0,-1,-1,1459,32,8,unknown,APPLE,
541.6670000000013,e3:77:2e:17:6e:79,796e172e77e31eff4c001219007204631fc9a33665410454db5dff1ff56d4c2f9f78270200,-19639.0,48903.0,-89102.0,85131.0,-102740.0,,0,0,0,0,0,1,1,2,ADV_NONCONN_IND,37,37,5,-1,0,-1,-1,2661,31,8,unknown,APPLE,
543.5010000000038,fc:1e:76:d4:dc:5d,5ddcd4761efc1eff4c00121964d81d5031539b0824a32174eaa71c7169b2a09c664023005d,806.0,62624.0,-94232.0,82280.0,-150304.0,,0,0,0,0,0,1,1,0,ADV_IND,37,37,0,-1,0,-1,-1,1817,31,8,unknown,APPLE,
543.5010000000038,f6:b8:9f:83:bd:03,03bd839fb8f61eff4c001219001469e8ebed498934d8385640dc99f047ef2650847c540300,-25368.0,107296.0,-121446.0,77912.0,-139647.0,,0,0,0,0,0,1,1,2,ADV_NONCONN_IND,37,37,13,-1,0,-1,-1,6338,29,7,unknown,APPLE,
545.3390000000072,c8:89:ee:6e:b5:21,21b56eee89c81eff4c00121910083ac4035893d4f125fb87faf581883545ed777feddc0121,-26645.0,72983.0,-91361.0,75846.0,-119948.0,,0,0,0,0,0,1,1,0,ADV_IND,37,37,10,-1,0,-1,-1,1582,31,7,unknown,APPLE,
545.3390000000072,e0:76:51:24:1b:d0,25666c3cf5f41eff4c00121910c4ae7bedf14240cd85e38faa329cbbc7be0f299a6ed70378,-18522.0,67444.0,-93614.0,80473.0,-147139.0,,0,0,0,0,0,1,1,0,ADV_IND,37,37,4,-1,0,-1,-1,1402,32,8,unknown,APPLE,f4:f5:3c:6c:66:25
547.1710000000021,fc:1e:76:d4:dc:5d,5ddcd4761efc1eff4c00121964d81d5031539b0824a32174eaa71c7169b2a09c664023005d,565.0,51278.0,-89848.0,83748.0,-127649.0,,0,0,0,0,0,1,1,0,ADV_IND,37,37,6,-1,0,-1,-1,5054,29,8,unknown,APPLE,
547.1710000000021,fb:15:c3:2a:ea:ac,acea2ac315fb1eff4c001219105fdc26c82b6e3b013ab9a9f8c7bcb530a0e3933bca7800ac,-23333.0,78490.0,-108478.0,64723.0,-160573.0,,0,0,0,0,0,1,1,0,ADV_IND,37,37,4,-1,0,-1,-1,5283,31,7,unknown,APPLE,
548.7420000000129,d6:4d:3f:1f:e5:b5,b5e51f3f4dd61eff4c00121920ac10c8eb8bd183b7c60629936471cc6e9e00d248104b01b5,-13184.0,82449.0,-86493.0,70364.0,-104488.0,,0,0,0,0,0,1,1,0,ADV_IND,37,37,9,-1,0,-1,-1,1984,32,8,unknown,APPLE,
548.7420000000129,cf:64:14:64:28:20,2028641464cf1eff4c001219206d3ff72447fa8c2b4b92086e2def602566cf7d9d23060020,-43930.0,54987.0,-88369.0,86640.0,-108406.0,,0,0,0,0,0,1,1,0,ADV_IND,37,37,7,-1,0,-1,-1,5683,31,8,unknown,APPLE,
550.9610000000102,d9:f4:7b:97:85:c9,c985977bf4d91eff4c0012190052ff6be0d3b88886035481ff2e6622defffc507a38500100,-27962.0,69015.0,-89579.0,74117.0,-128829.0,,0,0,0,0,0,1,1,2,ADV_NONCONN_IND,37,37,14,-1,0,-1,-1,6913,31,7,unknown,APPLE,
550.9610000000102,fc:1e:76:d4:dc:5d,5ddcd4761efc1eff4c00121964d81d5031539b0824a32174eaa71c7169b2a09c664023005d,-21138.0,79961.0,-93382.0,98044.0,-161013.0,,0,0,0,0,0,1,1,0,ADV_IND,37,37,10,-1,0,-1,-1,4051,32,8,unknown,APPLE,
550.9610000000102,cf:64:14:64:28:20,2028641464cf1eff4c001219206d3ff72447fa8c2b4b92086e2def602566cf7d9d23060020,-32022.0,45394.0,-93342.0,94589.0,-87914.0,,0,0,0,0,0,1,1,0,ADV_IND,37,37,2,-1,0,-1,-1,7179,31,7,unknown,APPLE,
552.1850000000122,f7:7c:f5:6f:79:43,43796ff57cf71eff4c001219201b94b2e66a35407797d4c2ac303f56dd4cc1958c5ebe0243,-5791.0,66866.0,-66704.0,40355.0,-116911.0,,0,0,0,0,0,1,1,0,ADV_IND,37,37,10,-1,0,-1,-1,2990,32,8,unknown,APPLE,
555.4840000000113,d6:4d:3f:1f:e5:b5,b5e51f3f4dd61eff4c00121920ac10c8eb8bd183b7c60629936471cc6e9e00d248104b01b5,-16523.0,92573.0,-101328.0,84944.0,-105272.0,,0,0,0,0,0,1,1,0,ADV_IND,37,37,8,-1,0,-1,-1,4589,32,7,unknown,APPLE,
559.1260000000038,e3:77:2e:17:6e:79,796e172e77e31eff4c001219007204631fc9a33665410454db5dff1ff56d4c2f9f78270200,-18517.0,82351.0,-99099.0,100017.0,-134198.0,,0,0,0,0,0,1,1,2,ADV_NONCONN_IND,37,37,6,-1,0,-1,-1,7934,31,8,unknown,APPLE,
560.6460000000079,cf:64:14:64:28:20,2028641464cf1eff4c001219206d3ff72447fa8c2b4b92086e2def602566cf7d9d23060020,-38519.0,57757.0,-88649.0,94992.0,-100638.0,,0,0,0,0,0,1,1,0,ADV_IND,37,37,15,-1,0,-1,-1,4126,32,8,unknown,APPLE,
564.1230000000069,f7:7c:f5:6f:79:43,43796ff57cf71eff4c001219201b94b2e66a35407797d4c2ac303f56dd4cc1958c5ebe0243,-15329.0,52036.0,-57355.0,48432.0,-117138.0,,0,0,0,0,0,1,1,0,ADV_IND,37,37,3,-1,0,-1,-1,4723,32,8,unknown,APPLE,
565.7250000000058,d6:4d:3f:1f:e5:b5,b5e51f3f4dd61eff4c00121920ac10c8eb8bd183b7c60629936471cc6e9e00d248104b01b5,-16108.0,77554.0,-84021.0,72089.0,-113603.0,,0,0,0,0,0,1,1,0,ADV_IND,37,37,6,-1,0,-1,-1,4847,32,7,unknown,APPLE,
565.7250000000058,f7:7c:f5:6f:79:43,43796ff57cf71eff4c001219201b94b2e66a35407797d4c2ac303f56dd4cc1958c5ebe0243,-17140.0,63568.0,-78350.0,40082.0,-91546.0,,0,0,0,0,0,1,1,0,ADV_IND,37,37,10,-1,0,-1,-1,4685,32,8,unknown,APPLE,
569.0940000000119,d9:f4:7b:97:85:c9,c985977bf4d91eff4c0012190052ff6be0d3b88886035481ff2e6622defffc507a38500100,-33802.0,72353.0,-86352.0,59397.0,-117398.0,,0,0,0,0,0,1,1,2,ADV_NONCONN_IND,37,37,7,-1,0,-1,-1,1602,32,8,unknown,APPLE,
571.7410000000091,d6:4d:3f:1f:e5:b5,b5e51f3f4dd61eff4c00121920ac10c8eb8bd183b7c60629936471cc6e9e00d248104b01b5,-18041.0,105377.0,-92912.0,112128.0,-126430.0,,0,0,0,0,0,1,1,0,ADV_IND,37,37,11,-1,0,-1,-1,3627,32,7,unknown,APPLE,
574.8020000000106,cf:64:14:64:28:20,2028641464cf1eff4c001219206d3ff72447fa8c2b4b92086e2def602566cf7d9d23060020,-37754.0,48049.0,-81429.0,96799.0,-103472.0,,0,0,0,0,0,1,1,0,ADV_IND,37,37,12,-1,0,-1,-1,4139,32,8,unknown,APPLE,
576.6929999999993,c8:89:ee:6e:b5:21,21b56eee89c81eff4c00121910083ac4035893d4f125fb87faf581883545ed777feddc0121,-11108.0,64676.0,-99784.0,75624.0,-121817.0,,0,0,0,0,0,1,1,0,ADV_IND,37,37,10,-1,0,-1,-1,2360,32,7,unknown,APPLE,
578.346000000005,c8:89:ee:6e:b5:21,21b56eee89c81eff4c00121910083ac4035893d4f125fb87faf581883545ed777feddc0121,-8983.0,71200.0,-108518.0,85815.0,-134314.0,,0,0,0,0,0,1,1,0,ADV_IND,37,37,2,-1,0,-1,-1,4350,31,8,unknown,APPLE,
580.2710000000079,cc:60:af:32:64:bf,bf6432af60cc1eff4c00121964e58073e8c41dbed7f513a5448304c5a024ae90862f8b02bf,-10363.0,82662.0,-80634.0,88007.0,-145546.0,,0,0,0,0,0,1,1,0,ADV_IND,37,37,9,-1,0,-1,-1,4171,32,8,unknown,APPLE,
580.2710000000079,c8:89:ee:6e:b5:21,21b56eee89c81eff4c00121910083ac4035893d4f125fb87faf581883545ed777feddc0121,-16553.0,95070.0,-97048.0,98652.0,-152076.0,,0,0,0,0,0,1,1,0,ADV_IND,37,37,11,-1,0,-1,-1,4542,31,8,unknown,APPLE,
582.6360000000132,d6:4d:3f:1f:e5:b5,b5e51f3f4dd61eff4c00121920ac10c8eb8bd183b7c60629936471cc6e9e00d248104b01b5,-17730.0,110285.0,-113031.0,96838.0,-136249.0,,0,0,0,0,0,1,1,0,ADV_IND,37,37,13,-1,0,-1,-1,1202,30,7,unknown,APPLE,
582.6360000000132,d9:f4:7b:97:85:c9,c985977bf4d91eff4c0012190052ff6be0d3b88886035481ff2e6622defffc507a38500100,-17024.0,90548.0,-87344.0,58728.0,-141074.0,,0,0,0,0,0,1,1,2,ADV_NONCONN_IND,37,37,1,-1,0,-1,-1,1091,32,8,unknown,APPLE,
590.3040000000037,d6:4d:3f:1f:e5:b5,b5e51f3f4dd61eff4c00121920ac10c8eb8bd183b7c60629936471cc6e9e00d248104b01b5,-5911.0,100400.0,-98468.0,97059.0,-132650.0,,0,0,0,0,0,1,1,0,ADV_IND,37,37,11,-1,0,-1,-1,1350,32,8,unknown,APPLE,
590.3040000000037,fc:1e:76:d4:dc:5d,5ddcd4761efc1eff4c00121964d81d5031539b0824a32174eaa71c7169b2a09c664023005d,-21047.0,87755.0,-81919.0,61608.0,-134358.0,,0,0,0,0,0,1,1,0,ADV_IND,37,37,6,-1,0,-1,-1,3806,32,7,unknown,APPLE,
596.3520000000135,d2:d7:27:15:6d:b2,b26d1527d7d21eff4c0012196486c9cc1003183309832d2a6ce5fbb63f0a9f0d1c6d4301b2,-7726.0,71757.0,-72495.0,113918.0,-157061.0,,0,0,0,0,0,1,1,0,ADV_IND,37,37,5,-1,0,-1,-1,1722,31,8,unknown,APPLE,
597.8160000000062,e0:76:51:24:1b:d0,25666c3cf5f41eff4c00121910c4ae7bedf14240cd85e38faa329cbbc7be0f299a6ed70378,-27995.0,72390.0,-115373.0,74957.0,-155063.0,,0,0,0,0,0,1,1,0,ADV_IND,37,37,14,-1,0,-1,-1,5311,31,7,unknown,APPLE,f4:f5:3c:6c:66:25
597.8160000000062,d6:4d:3f:1f:e5:b5,b5e51f3f4dd61eff4c00121920ac10c8eb8bd183b7c60629936471cc6e9e00d248104b01b5,-24769.0,96516.0,-109132.0,87276.0,-121523.0,,0,0,0,0,0,1,1,0,ADV_IND,37,37,7,-1,0,-1,-1,4124,32,8,unknown,APPLE,
597.8160000000062,fb:15:c3:2a:ea:ac,acea2ac315fb1eff4c001219105fdc26c82b6e3b013ab9a9f8c7bcb530a0e3933bca7800ac,-28194.0,61828.0,-108150.0,66127.0,-142003.0,,0,0,0,0,0,1,1,0,ADV_IND,37,37,11,-1,0,-1,-1,5116,30,8,unknown,APPLE,
599.5260000000126,e7:57:a7:86:2d:07,072d86a757e71eff4c0012192067ebc34ef701b0900ebd9282921b921cdaa94fd9035a0007,-24985.0,81894.0,-81657.0,71529.0,-141699.0,,0,0,0,0,0,1,1,0,ADV_IND,37,37,12,-1,0,-1,-1,3765,31,7,unknown,APPLE,
599.5260000000126,fb:15:c3:2a:ea:ac,acea2ac315fb1eff4c001219105fdc26c82b6e3b013ab9a9f8c7bcb530a0e3933bca7800ac,-55847.0,80191.0,-111829.0,95275.0,-159145.0,,0,0,0,0,0,1,1,0,ADV_IND,37,37,3,-1,0,-1,-1,6555,29,8,unknown,APPLE,
602.5180000000109,c8:89:ee:6e:b5:21,21b56eee89c81eff4c00121910083ac4035893d4f125fb87faf581883545ed777feddc0121,-36711.0,96947.0,-102683.0,89011.0,-137178.0,,0,0,0,0,0,1,1,0,ADV_IND,37,37,5,-1,0,-1,-1,2877,32,8,unknown,APPLE,
602.5180000000109,d6:4d:3f:1f:e5:b5,b5e51f3f4dd61eff4c00121920ac10c8eb8bd183b7c60629936471cc6e9e00d248104b01b5,-28285.0,77981.0,-89929.0,114175.0,-123697.0,,0,0,0,0,0,1,1,0,ADV_IND,37,37,6,-1,0,-1,-1,1582,32,8,unknown,APPLE,
607.8650000000052,fc:1e:76:d4:dc:5d,5ddcd4761efc1eff4c00121964d81d5031539b0824a32174eaa71c7169b2a09c664023005d,-22836.0,74042.0,-86993.0,92270.0,-156850.0,,0,0,0,0,0,1,1,0,ADV_IND,37,37,13,-1,0,-1,-1,6925,32,8,unknown,APPLE,
609.8730000000069,d9:f4:7b:97:85:c9,c985977bf4d91eff4c0012190052ff6be0d3b88886035481ff2e6622defffc507a38500100,-22967.0,61952.0,-69756.0,59920.0,-127511.0,,0,0,0,0,0,1,1,2,ADV_NONCONN_IND,37,37,3,-1,0,-1,-1,1839,32,8,unknown,APPLE,
611.8860000000132,fb:15:c3:2a:ea:ac,acea2ac315fb1eff4c001219105fdc26c82b6e3b013ab9a9f8c7bcb530a0e3933bca7800ac,-20166.0,98937.0,-123549.0,88387.0,-158642.0,,0,0,0,0,0,1,1,0,ADV_IND,37,37,10,-1,0,-1,-1,3687,31,8,unknown,APPLE,
614.1150000000052,d9:f4:7b:97:85:c9,c985977bf4d91eff4c0012190052ff6be0d3b88886035481ff2e6622defffc507a38500100,-15506.0,90288.0,-98031.0,67143.0,-139739.0,,0,0,0,0,0,1,1,2,ADV_NONCONN_IND,37,37,1,-1,0,-1,-1,7375,31,7,unknown,APPLE,
622.8010000000068,fc:1e:76:d4:dc:5d,5ddcd4761efc1eff4c00121964d81d5031539b0824a32174eaa71c7169b2a09c664023005d,-3098.0,60680.0,-83538.0,61510.0,-132862.0,,0,0,0,0,0,1,1,0,ADV_IND,37,37,11,-1,0,-1,-1,6458,31,7,unknown,APPLE,
623.9830000000075,cc:60:af:32:64:bf,bf6432af60cc1eff4c00121964e58073e8c41dbed7f513a5448304c5a024ae90862f8b02bf,-4384.0,73800.0,-93174.0,110522.0,-155661.0,,0,0,0,0,0,1,1,0,ADV_IND,37,37,5,-1,0,-1,-1,2890,32,7,unknown,APPLE,
623.9830000000075,48:24:d0:c9:a2:77,77a2c9d024480201061916aafe403694615f12dc37df62d67304cdb270f83f0830d410,-24010.0,100258.0,-102010.0,110318.0,-102838.0,,0,0,0,0,0,1,1,0,ADV_IND,35,37,12,-1,0,-1,-1,4685,32,8,unknown,GOOGLE,
626.5100000000093,48:24:d0:c9:a2:77,77a2c9d024480201061916aafe403694615f12dc37df62d67304cdb270f83f0830d410,-7518.0,113376.0,-105486.0,116304.0,-132050.0,,0,0,0,0,0,1,1,0,ADV_IND,35,37,6,-1,0,-1,-1,3250,32,8,unknown,GOOGLE,
626.5100000000093,e6:d5:da:7c:2a:c7,c72a7cdad5e61eff4c001219000446dbb7c1f1f260925c51963b3aef5a8b0309d4d2990200,-44539.0,90677.0,-101079.0,73880.0,-140890.0,,0,0,0,0,0,1,1,2,ADV_NONCONN_IND,37,37,12,-1,0,-1,-1,3145,32,8,unknown,APPLE,
627.3910000000033,f7:7c:f5:6f:79:43,43796ff57cf71eff4c001219201b94b2e66a35407797d4c2ac303f56dd4cc1958c5ebe0243,-15365.0,68169.0,-77255.0,69155.0,-120344.0,,0,0,0,0,0,1,1,0,ADV_IND,37,37,11,-1,0,-1,-1,3758,32,8,unknown,APPLE,
628.189000000013,cc:60:af:32:64:bf,bf6432af60cc1eff4c00121964e58073e8c41dbed7f513a5448304c5a024ae90862f8b02bf,-12771.0,103730.0,-89039.0,85854.0,-168152.0,,0,0,0,0,0,1,1,0,ADV_IND,37,37,2,-1,0,-1,-1,6742,30,8,unknown,APPLE,
638.6790000000037,e6:d5:da:7c:2a:c7,c72a7cdad5e61eff4c001219000446dbb7c1f1f260925c51963b3aef5a8b0309d4d2990200,-36823.0,76109.0,-109427.0,76368.0,-142006.0,,0,0,0,0,0,1,1,2,ADV_NONCONN_IND,37,37,13,-1,0,-1,-1,7473,32,8,unknown,APPLE,
638.6790000000037,d9:f4:7b:97:85:c9,c985977bf4d91eff4c0012190052ff6be0d3b88886035481ff2e6622defffc507a38500100,-26151.0,112405.0,-113820.0,101150.0,-148668.0,,0,0,0,0,0,1,1,2,ADV_NONCONN_IND,37,37,4,-1,0,-1,-1,2908,32,8,unknown,APPLE,
644.7070000000094,e6:d5:da:7c:2a:c7,c72a7cdad5e61eff4c001219000446dbb7c1f1f260925c51963b3aef5a8b0309d4d2990200,-33251.0,80134.0,-111785.0,91602.0,-157151.0,,0,0,0,0,0,1,1,2,ADV_NONCONN_IND,37,37,13,-1,0,-1,-1,3443,32,8,unknown,APPLE,
645.5070000000123,e3:77:2e:17:6e:79,796e172e77e31eff4c001219007204631fc9a33665410454db5dff1ff56d4c2f9f78270200,-28773.0,79600.0,-103753.0,73664.0,-135617.0,,0,0,0,0,0,1,1,2,ADV_NONCONN_IND,37,37,4,-1,0,-1,-1,5640,32,8,unknown,APPLE,
645.5070000000123,d6:4d:3f:1f:e5:b5,b5e51f3f4dd61eff4c00121920ac10c8eb8bd183b7c60629936471cc6e9e00d248104b01b5,-18755.0,76050.0,-105880.0,99072.0,-78937.0,,0,0,0,0,0,1,1,0,ADV_IND,37,37,9,-1,0,-1,-1,3263,31,8,unknown,APPLE,
647.2700000000041,f7:7c:f5:6f:79:43,43796ff57cf71eff4c001219201b94b2e66a35407797d4c2ac303f56dd4cc1958c5ebe0243,-27632.0,45366.0,-58659.0,52779.0,-102958.0,,0,0,0,0,0,1,1,0,ADV_IND,37,37,12,-1,0,-1,-1,2124,32,8,unknown,APPLE,
647.2700000000041,e3:77:2e:17:6e:79,796e172e77e31eff4c001219007204631fc9a33665410454db5dff1ff56d4c2f9f78270200,-27541.0,49364.0,-91058.0,73155.0,-84283.0,,0,0,0,0,0,1,1,2,ADV_NONCONN_IND,37,37,13,-1,0,-1,-1,3765,32,8,unknown,APPLE,
649.3090000000084,48:24:d0:c9:a2:77,77a2c9d024480201061916aafe403694615f12dc37df62d67304cdb270f83f0830d410,-1996.0,111298.0,-116706.0,130247.0,-126450.0,,0,0,0,0,0,1,1,0,ADV_IND,35,37,12,-1,0,-1,-1,4202,32,8,unknown,GOOGLE,
649.3090000000084,d9:f4:7b:97:85:c9,c985977bf4d91eff4c0012190052ff6be0d3b88886035481ff2e6622defffc507a38500100,-37082.0,92176.0,-111533.0,104049.0,-147013.0,,0,0,0,0,0,1,1,2,ADV_NONCONN_IND,37,37,12,-1,0,-1,-1,4133,30,8,unknown,APPLE,
653.4360000000015,d6:4d:3f:1f:e5:b5,b5e51f3f4dd61eff4c00121920ac10c8eb8bd183b7c60629936471cc6e9e00d248104b01b5,-31311.0,101174.0,-97297.0,100657.0,-125798.0,,0,0,0,0,0,1,1,0,ADV_IND,37,37,8,-1,0,-1,-1,5179,30,7,unknown,APPLE,
655.2380000000121,cc:60:af:32:64:bf,bf6432af60cc1eff4c00121964e58073e8c41dbed7f513a5448304c5a024ae90862f8b02bf,-14653.0,56004.0,-84439.0,92382.0,-138422.0,,0,0,0,0,0,1,1,0,ADV_IND,37,37,9,-1,0,-1,-1,4485,31,8,unknown,APPLE,
655.2380000000121,d6:4d:3f:1f:e5:b5,b5e51f3f4dd61eff4c00121920ac10c8eb8bd183b7c60629936471cc6e9e00d248104b01b5,-29501.0,86663.0,-75287.0,69240.0,-115342.0,,0,0,0,0,0,1,1,0,ADV_IND,37,37,4,-1,0,-1,-1,768,32,7,unknown,APPLE,
656.7620000000024,d9:f4:7b:97:85:c9,c985977bf4d91eff4c0012190052ff6be0d3b88886035481ff2e6622defffc507a38500100,-6625.0,71526.0,-76610.0,55041.0,-149749.0,,0,0,0,0,0,1,1,2,ADV_NONCONN_IND,37,37,3,-1,0,-1,-1,7380,32,8,unknown,APPLE,
656.7620000000024,d6:4d:3f:1f:e5:b5,b5e51f3f4dd61eff4c00121920ac10c8eb8bd183b7c60629936471cc6e9e00d248104b01b5,-13226.0,81876.0,-95748.0,108435.0,-131603.0,,0,0,0,0,0,1,1,0,ADV_IND,37,37,3,-1,0,-1,-1,5180,32,8,unknown,APPLE,
661.0390000000043,e6:d5:da:7c:2a:c7,c72a7cdad5e61eff4c001219000446dbb7c1f1f260925c51963b3aef5a8b0309d4d2990200,-37256.0,89720.0,-105367.0,77833.0,-158545.0,,0,0,0,0,0,1,1,2,ADV_NONCONN_IND,37,37,13,-1,0,-1,-1,4837,31,7,unknown,APPLE,
663.6670000000013,f7:7c:f5:6f:79:43,43796ff57cf71eff4c001219201b94b2e66a35407797d4c2ac303f56dd4cc1958c5ebe0243,-26112.0,67287.0,-84344.0,65897.0,-115986.0,,0,0,0,0,0,1,1,0,ADV_IND,37,37,12,-1,0,-1,-1,7582,32,8,unknown,APPLE,
663.6670000000013,c8:89:ee:6e:b5:21,21b56eee89c81eff4c00121910083ac4035893d4f125fb87faf581883545ed777feddc0121,-22785.0,61437.0,-82085.0,72895.0,-130094.0,,0,0,0,0,0,1,1,0,ADV_IND,37,37,1,-1,0,-1,-1,1919,31,7,unknown,APPLE,
663.6670000000013,d6:4d:3f:1f:e5:b5,b5e51f3f4dd61eff4c00121920ac10c8eb8bd183b7c60629936471cc6e9e00d248104b01b5,-25097.0,76815.0,-99120.0,108277.0,-88617.0,,0,0,0,0,0,1,1,0,ADV_IND,37,37,7,-1,0,-1,-1,6327,32,8,unknown,APPLE,
671.7710000000079,fb:15:c3:2a:ea:ac,acea2ac315fb1eff4c001219105fdc26c82b6e3b013ab9a9f8c7bcb530a0e3933bca7800ac,-40875.0,49934.0,-112725.0,90642.0,-142971.0,,0,0,0,0,0,1,1,0,ADV_IND,37,37,11,-1,0,-1,-1,5054,31,8,unknown,APPLE,
672.7960000000021,fc:1e:76:d4:dc:5d,5ddcd4761efc1eff4c00121964d81d5031539b0824a32174eaa71c7169b2a09c664023005d,-6102.0,100283.0,-95717.0,88011.0,-169437.0,,0,0,0,0,0,1,1,0,ADV_IND,37,37,4,-1,0,-1,-1,6721,32,8,unknown,APPLE,
672.7960000000021,e6:d5:da:7c:2a:c7,c72a7cdad5e61eff4c001219000446dbb7c1f1f260925c51963b3aef5a8b0309d4d2990200,-32209.0,58218.0,-103159.0,68555.0,-112468.0,,0,0,0,0,0,1,1,2,ADV_NONCONN_IND,37,37,6,-1,0,-1,-1,6069,32,8,unknown,APPLE,
675.0910000000003,d9:f4:7b:97:85:c9,c985977bf4d91eff4c0012190052ff6be0d3b88886035481ff2e6622defffc507a38500100,-25451.0,54647.0,-84643.0,65351.0,-116503.0,,0,0,0,0,0,1,1,2,ADV_NONCONN_IND,37,37,0,-1,0,-1,-1,3150,32,8,unknown,APPLE,
676.2620000000024,fb:15:c3:2a:ea:ac,acea2ac315fb1eff4c001219105fdc26c82b6e3b013ab9a9f8c7bcb530a0e3933bca7800ac,-14605.0,62382.0,-109228.0,51997.0,-148239.0,,0,0,0,0,0,1,1,0,ADV_IND,37,37,10,-1,0,-1,-1,6857,29,8,unknown,APPLE,
678.9720000000088,d2:d7:27:15:6d:b2,b26d1527d7d21eff4c0012196486c9cc1003183309832d2a6ce5fbb63f0a9f0d1c6d4301b2,-16109.0,71193.0,-60586.0,72421.0,-128403.0,,0,0,0,0,0,1,1,0,ADV_IND,37,37,15,-1,0,-1,-1,7510,31,7,unknown,APPLE,
683.744000000006,fb:15:c3:2a:ea:ac,acea2ac315fb1eff4c001219105fdc26c82b6e3b013ab9a9f8c7bcb530a0e3933bca7800ac,-41452.0,83265.0,-104737.0,78414.0,-163303.0,,0,0,0,0,0,1,1,0,ADV_IND,37,37,2,-1,0,-1,-1,4430,31,7,unknown,APPLE,
683.744000000006,e6:d5:da:7c:2a:c7,c72a7cdad5e61eff4c001219000446dbb7c1f1f260925c51963b3aef5a8b0309d4d2990200,-50051.0,91890.0,-107503.0,66102.0,-156699.0,,0,0,0,0,0,1,1,2,ADV_NONCONN_IND,37,37,13,-1,0,-1,-1,4162,30,8,unknown,APPLE,
688.9490000000078,e6:d5:da:7c:2a:c7,c72a7cdad5e61eff4c001219000446dbb7c1f1f260925c51963b3aef5a8b0309d4d2990200,-27959.0,73495.0,-112136.0,68474.0,-118967.0,,0,0,0,0,0,1,1,2,ADV_NONCONN_IND,37,37,8,-1,0,-1,-1,3435,32,8,unknown,APPLE,
688.9490000000078,d2:d7:27:15:6d:b2,b26d1527d7d21eff4c0012196486c9cc1003183309832d2a6ce5fbb63f0a9f0d1c6d4301b2,-1476.0,67921.0,-71364.0,114574.0,-170085.0,,0,0,0,0,0,1,1,0,ADV_IND,37,37,14,-1,0,-1,-1,2326,31,8,unknown,APPLE,
690.2010000000009,e3:77:2e:17:6e:79,796e172e77e31eff4c001219007204631fc9a33665410454db5dff1ff56d4c2f9f78270200,-9780.0,45591.0,-100186.0,94871.0,-76789.0,,0,0,0,0,0,1,1,2,ADV_NONCONN_IND,37,37,6,-1,0,-1,-1,3230,32,8,unknown,APPLE,
691.8590000000113,c8:89:ee:6e:b5:21,21b56eee89c81eff4c00121910083ac4035893d4f125fb87faf581883545ed777feddc0121,-37406.0,86622.0,-113847.0,91325.0,-147567.0,,0,0,0,0,0,1,1,0,ADV_IND,37,37,4,-1,0,-1,-1,4066,32,7,unknown,APPLE,
691.8590000000113,d6:4d:3f:1f:e5:b5,b5e51f3f4dd61eff4c00121920ac10c8eb8bd183b7c60629936471cc6e9e00d248104b01b5,-32096.0,95156.0,-91484.0,94872.0,-114134.0,,0,0,0,0,0,1,1,0,ADV_IND,37,37,5,-1,0,-1,-1,6752,32,7,unknown,APPLE,
693.666000000012,c8:89:ee:6e:b5:21,21b56eee89c81eff4c00121910083ac4035893d4f125fb87faf581883545ed777feddc0121,-6297.0,67384.0,-79680.0,60250.0,-118401.0,,0,0,0,0,0,1,1,0,ADV_IND,37,37,3,-1,0,-1,-1,3833,31,7,unknown,APPLE,
697.3500000000058,f7:7c:f5:6f:79:43,43796ff57cf71eff4c001219201b94b2e66a35407797d4c2ac303f56dd4cc1958c5ebe0243,-30699.0,75005.0,-82592.0,85006.0,-119182.0,,0,0,0,0,0,1,1,0,ADV_IND,37,37,10,-1,0,-1,-1,4747,32,7,unknown,APPLE,
697.3500000000058,d6:4d:3f:1f:e5:b5,b5e51f3f4dd61eff4c00121920ac10c8eb8bd183b7c60629936471cc6e9e00d248104b01b5,-6034.0,77899.0,-96209.0,82439.0,-70470.0,,0,0,0,0,0,1,1,0,ADV_IND,37,37,8,-1,0,-1,-1,1146,32,8,unknown,APPLE,
702.0090000000055,48:24:d0:c9:a2:77,77a2c9d024480201061916aafe403694615f12dc37df62d67304cdb270f83f0830d410,-5632.0,82617.0,-98446.0,105294.0,-145047.0,,0,0,0,0,0,1,1,0,ADV_IND,35,37,6,-1,0,-1,-1,1654,32,8,unknown,GOOGLE,
703.9619999999995,d6:4d:3f:1f:e5:b5,b5e51f3f4dd61eff4c00121920ac10c8eb8bd183b7c60629936471cc6e9e00d248104b01b5,-20170.0,101212.0,-97422.0,111999.0,-120377.0,,0,0,0,0,0,1,1,0,ADV_IND,37,37,6,-1,0,-1,-1,7255,32,8,unknown,APPLE,
703.9619999999995,c8:89:ee:6e:b5:21,21b56eee89c81eff4c00121910083ac4035893d4f125fb87faf581883545ed777feddc0121,-26348.0,97098.0,-96428.0,66526.0,-135847.0,,0,0,0,0,0,1,1,0,ADV_IND,37,37,10,-1,0,-1,-1,2931,30,8,unknown,APPLE,
713.7170000000042,d2:d7:27:15:6d:b2,b26d1527d7d21eff4c0012196486c9cc1003183309832d2a6ce5fbb63f0a9f0d1c6d4301b2,0.0,77442.0,-78273.0,80587.0,-139006.0,,0,0,0,0,0,1,1,0,ADV_IND,37,37,12,-1,0,-1,-1,4555,32,7,unknown,APPLE,
713.7170000000042,c8:89:ee:6e:b5:21,21b56eee89c81eff4c00121910083ac4035893d4f125fb87faf581883545ed777feddc0121,-33527.0,76194.0,-96294.0,66150.0,-123520.0,,0,0,0,0,0,1,1,0,ADV_IND,37,37,9,-1,0,-1,-1,5883,32,8,unknown,APPLE,
715.5520000000106,c8:89:ee:6e:b5:21,21b56eee89c81eff4c00121910083ac4035893d4f125fb87faf581883545ed777feddc0121,-21278.0,77896.0,-97618.0,73330.0,-112521.0,,0,0,0,0,0,1,1,0,ADV_IND,37,37,10,-1,0,-1,-1,2029,32,8,unknown,APPLE,
722.4490000000078,fb:15:c3:2a:ea:ac,acea2ac315fb1eff4c001219105fdc26c82b6e3b013ab9a9f8c7bcb530a0e3933bca7800ac,-30490.0,59184.0,-118701.0,95359.0,-131666.0,,0,0,0,0,0,1,1,0,ADV_IND,37,37,11,-1,0,-1,-1,7390,32,7,unknown,APPLE,
724.0710000000108,e6:d5:da:7c:2a:c7,c72a7cdad5e61eff4c001219000446dbb7c1f1f260925c51963b3aef5a8b0309d4d2990200,-59395.0,56782.0,-101821.0,73428.0,-133781.0,,0,0,0,0,0,1,1,2,ADV_NONCONN_IND,37,37,14,-1,0,-1,-1,6438,32,8,unknown,APPLE,
725.6290000000008,d9:f4:7b:97:85:c9,c985977bf4d91eff4c0012190052ff6be0d3b88886035481ff2e6622defffc507a38500100,-8118.0,53264.0,-101062.0,89753.0,-123585.0,,0,0,0,0,0,1,1,2,ADV_NONCONN_IND,37,37,7,-1,0,-1,-1,4895,31,8,unknown,APPLE,
736.0600000000122,e6:d5:da:7c:2a:c7,c72a7cdad5e61eff4c001219000446dbb7c1f1f260925c51963b3aef5a8b0309d4d2990200,-39329.0,98030.0,-109585.0,76313.0,-163511.0,,0,0,0,0,0,1,1,2,ADV_NONCONN_IND,37,37,14,-1,0,-1,-1,6839,29,7,unknown,APPLE,
740.1100000000006,d9:f4:7b:97:85:c9,c985977bf4d91eff4c0012190052ff6be0d3b88886035481ff2e6622defffc507a38500100,-23516.0,61293.0,-78435.0,67149.0,-126287.0,,0,0,0,0,0,1,1,2,ADV_NONCONN_IND,37,37,0,-1,0,-1,-1,7013,32,8,unknown,APPLE,
740.1100000000006,f7:7c:f5:6f:79:43,43796ff57cf71eff4c001219201b94b2e66a35407797d4c2ac303f56dd4cc1958c5ebe0243,-22980.0,83792.0,-88921.0,78586.0,-117539.0,,0,0,0,0,0,1,1,0,ADV_IND,37,37,0,-1,0,-1,-1,7335,32,7,unknown,APPLE,
743.6050000000105,f7:7c:f5:6f:79:43,43796ff57cf71eff4c001219201b94b2e66a35407797d4c2ac303f56dd4cc1958c5ebe0243,-32463.0,52907.0,-67974.0,66754.0,-120793.0,,0,0,0,0,0,1,1,0,ADV_IND,37,37,12,-1,0,-1,-1,6481,32,8,unknown,APPLE,
743.6050000000105,d9:f4:7b:97:85:c9,c985977bf4d91eff4c0012190052ff6be0d3b88886035481ff2e6622defffc507a38500100,-32766.0,59974.0,-77484.0,62913.0,-116192.0,,0,0,0,0,0,1,1,2,ADV_NONCONN_IND,37,37,0,-1,0,-1,-1,6579,32,8,unknown,APPLE,
745.3960000000079,d9:f4:7b:97:85:c9,c985977bf4d91eff4c0012190052ff6be0d3b88886035481ff2e6622defffc507a38500100,-31788.0,88989.0,-93081.0,88600.0,-147385.0,,0,0,0,0,0,1,1,2,ADV_NONCONN_IND,37,37,3,-1,0,-1,-1,5770,32,7,unknown,APPLE,
747.5149999999994,fc:1e:76:d4:dc:5d,5ddcd4761efc1eff4c00121964d81d5031539b0824a32174eaa71c7169b2a09c664023005d,1658.0,67301.0,-110767.0,100185.0,-159221.0,,0,0,0,0,0,1,1,0,ADV_IND,37,37,9,-1,0,-1,-1,3510,30,7,unknown,APPLE,
750.1100000000006,f7:7c:f5:6f:79:43,43796ff57cf71eff4c001219201b94b2e66a35407797d4c2ac303f56dd4cc1958c5ebe0243,-20938.0,64947.0,-68511.0,54790.0,-109126.0,,0,0,0,0,0,1,1,0,ADV_IND,37,37,8,-1,0,-1,-1,2677,32,8,unknown,APPLE,
751.849000000002,c8:89:ee:6e:b5:21,21b56eee89c81eff4c00121910083ac4035893d4f125fb87faf581883545ed777feddc0121,-19021.0,79948.0,-85981.0,71392.0,-134570.0,,0,0,0,0,0,1,1,0,ADV_IND,37,37,0,-1,0,-1,-1,1409,32,8,unknown,APPLE,
751.849000000002,d9:f4:7b:97:85:c9,c985977bf4d91eff4c0012190052ff6be0d3b88886035481ff2e6622defffc507a38500100,-2751.0,62640.0,-92319.0,68913.0,-125077.0,,0,0,0,0,0,1,1,2,ADV_NONCONN_IND,37,37,2,-1,0,-1,-1,6791,32,8,unknown,APPLE,
753.6230000000069,c8:89:ee:6e:b5:21,21b56eee89c81eff4c00121910083ac4035893d4f125fb87faf581883545ed777feddc0121,-8823.0,90961.0,-111209.0,94738.0,-138586.0,,0,0,0,0,0,1,1,0,ADV_IND,37,37,9,-1,0,-1,-1,1573,32,8,unknown,APPLE,
758.6370000000024,e8:2e:3a:81:d8:a9,a9d8813a2ee81eff4c0012190059fbe46cfdaab699bfcec72cb37ad8b913cd2c7603c60000,-29336.0,53477.0,-113326.0,76744.0,-118744.0,,0,0,0,0,0,1,1,2,ADV_NONCONN_IND,37,37,6,-1,0,-1,-1,4221,32,8,unknown,APPLE,
758.6370000000024,48:24:d0:c9:a2:77,77a2c9d024480201061916aafe403694615f12dc37df62d67304cdb270f83f0830d410,-9669.0,120781.0,-124906.0,121173.0,-146036.0,,0,0,0,0,0,1,1,0,ADV_IND,35,37,12,-1,0,-1,-1,5178,31,8,unknown,GOOGLE,
759.8650000000052,fc:1e:76:d4:dc:5d,5ddcd4761efc1eff4c00121960d81d5031539b0824a32174eaa71c7169b2a09c66402300c8,-19302.0,80578.0,-84522.0,63742.0,-131879.0,,0,0,0,0,0,1,1,0,ADV_IND,37,37,1,-1,0,-1,-1,2575,32,8,unknown,APPLE,
759.8650000000052,cc:60:af:32:64:bf,bf6432af60cc1eff4c00121960e58073e8c41dbed7f513a5448304c5a024ae90862f8b0233,-4208.0,100659.0,-87484.0,73955.0,-133200.0,,0,0,0,0,0,1,1,0,ADV_IND,37,37,8,-1,0,-1,-1,4090,32,8,unknown,APPLE,
759.8650000000052,d6:4d:3f:1f:e5:b5,b5e51f3f4dd61eff4c00121920ac10c8eb8bd183b7c60629936471cc6e9e00d248104b0156,-13421.0,95744.0,-107537.0,84114.0,-101983.0,,0,0,0,0,0,1,1,0,ADV_IND,37,37,2,-1,0,-1,-1,4915,32,8,unknown,APPLE,
760.8470000000088,48:24:d0:c9:a2:77,77a2c9d024480201061916aafe403694615f12dc37df62d67304cdb270f83f0830d410,-4619.0,110057.0,-129958.0,121359.0,-130218.0,,0,0,0,0,0,1,1,0,ADV_IND,35,37,0,-1,0,-1,-1,2236,28,7,unknown,GOOGLE,
760.8470000000088,d9:f4:7b:97:85:c9,c985977bf4d91eff4c0012190052ff6be0d3b88886035481ff2e6622defffc507a38500100,-8923.0,59820.0,-98713.0,65490.0,-109026.0,,0,0,0,0,0,1,1,2,ADV_NONCONN_IND,37,37,3,-1,0,-1,-1,5368,32,8,unknown,APPLE,
765.8360000000102,e8:2e:3a:81:d8:a9,a9d8813a2ee81eff4c0012190059fbe46cfdaab699bfcec72cb37ad8b913cd2c7603c60000,-31833.0,57585.0,-99428.0,77299.0,-125248.0,,0,0,0,0,0,1,1,2,ADV_NONCONN_IND,37,37,12,-1,0,-1,-1,7553,31,7,unknown,APPLE,
767.6540000000095,fb:15:c3:2a:ea:ac,acea2ac315fb1eff4c001219105fdc26c82b6e3b013ab9a9f8c7bcb530a0e3933bca78001f,-33141.0,107955.0,-131670.0,89746.0,-164391.0,,0,0,0,0,0,1,1,0,ADV_IND,37,37,0,-1,0,-1,-1,7828,30,7,unknown,APPLE,
767.6540000000095,c8:89:ee:6e:b5:21,21b56eee89c81eff4c00121910083ac4035893d4f125fb87faf581883545ed777feddc01f1,-3982.0,69395.0,-111912.0,84417.0,-119809.0,,0,0,0,0,0,1,1,0,ADV_IND,37,37,10,-1,0,-1,-1,1972,32,8,unknown,APPLE,
769.1010000000097,e7:57:a7:86:2d:07,25666c3cf5f41eff4c00121910c4ae7bedf14240cd85e38faa329cbbc7be0f299a6ed7033b,-20954.0,81722.0,-86731.0,82994.0,-125015.0,,0,0,0,0,0,1,1,0,ADV_IND,37,37,11,-1,0,-1,-1,7280,32,7,unknown,APPLE,f4:f5:3c:6c:66:25
769.1010000000097,48:24:d0:c9:a2:77,77a2c9d024480201061916aafe403694615f12dc37df62d67304cdb270f83f0830d410,11514.0,80870.0,-108264.0,103931.0,-123378.0,,0,0,0,0,0,1,1,0,ADV_IND,35,37,15,-1,0,-1,-1,6250,32,8,unknown,GOOGLE,
769.1010000000097,e6:d5:da:7c:2a:c7,c72a7cdad5e61eff4c001219000446dbb7c1f1f260925c51963b3aef5a8b0309d4d2990200,-34660.0,55177.0,-99352.0,81762.0,-117335.0,,0,0,0,0,0,1,1,2,ADV_NONCONN_IND,37,37,11,-1,0,-1,-1,6744,32,7,unknown,APPLE,
769.1010000000097,c8:89:ee:6e:b5:21,21b56eee89c81eff4c00121910083ac4035893d4f125fb87faf581883545ed777feddc01f1,-1784.0,83934.0,-113993.0,75958.0,-131452.0,,0,0,0,0,0,1,1,0,ADV_IND,37,37,9,-1,0,-1,-1,3247,31,8,unknown,APPLE,
770.814000000013,e6:d5:da:7c:2a:c7,c72a7cdad5e61eff4c001219000446dbb7c1f1f260925c51963b3aef5a8b0309d4d2990200,-19455.0,62700.0,-116470.0,51864.0,-108415.0,,0,0,0,0,0,1,1,2,ADV_NONCONN_IND,37,37,13,-1,0,-1,-1,4776,32,8,unknown,APPLE,
772.044000000009,c8:89:ee:6e:b5:21,21b56eee89c81eff4c00121910083ac4035893d4f125fb87faf581883545ed777feddc01f1,-13917.0,94657.0,-89926.0,59819.0,-139273.0,,0,0,0,0,0,1,1,0,ADV_IND,37,37,1,-1,0,-1,-1,4148,32,7,unknown,APPLE,
773.7130000000034,f7:7c:f5:6f:79:43,43796ff57cf71eff4c001219201b94b2e66a35407797d4c2ac303f56dd4cc1958c5ebe029b,-12356.0,51097.0,-84658.0,85473.0,-98498.0,,0,0,0,0,0,1,1,0,ADV_IND,37,37,7,-1,0,-1,-1,5188,32,8,unknown,APPLE,
776.9180000000051,d9:f4:7b:97:85:c9,c985977bf4d91eff4c0012190052ff6be0d3b88886035481ff2e6622defffc507a38500100,-27137.0,67729.0,-83670.0,70833.0,-110890.0,,0,0,0,0,0,1,1,2,ADV_NONCONN_IND,37,37,1,-1,0,-1,-1,5782,32,8,unknown,APPLE,
776.9180000000051,e6:d5:da:7c:2a:c7,c72a7cdad5e61eff4c001219000446dbb7c1f1f260925c51963b3aef5a8b0309d4d2990200,-26819.0,60251.0,-111504.0,61492.0,-113474.0,,0,0,0,0,0,1,1,2,ADV_NONCONN_IND,37,37,5,-1,0,-1,-1,3107,32,7,unknown,APPLE,
776.9180000000051,fb:15:c3:2a:ea:ac,acea2ac315fb1eff4c001219105fdc26c82b6e3b013ab9a9f8c7bcb530a0e3933bca78001f,-43206.0,61883.0,-108838.0,80039.0,-159440.0,,0,0,0,0,0,1,1,0,ADV_IND,37,37,2,-1,0,-1,-1,5303,32,8,unknown,APPLE,
778.7649999999994,e8:2e:3a:81:d8:a9,a9d8813a2ee81eff4c0012190059fbe46cfdaab699bfcec72cb37ad8b913cd2c7603c60000,-36994.0,58183.0,-96201.0,83276.0,-119303.0,,0,0,0,0,0,1,1,2,ADV_NONCONN_IND,37,37,2,-1,0,-1,-1,2176,32,8,unknown,APPLE,
778.7649999999994,d6:4d:3f:1f:e5:b5,b5e51f3f4dd61eff4c00121920ac10c8eb8bd183b7c60629936471cc6e9e00d248104b0156,-37885.0,74385.0,-76970.0,90498.0,-108387.0,,0,0,0,0,0,1,1,0,ADV_IND,37,37,2,-1,0,-1,-1,7535,32,8,unknown,APPLE,
779.9550000000017,d9:f4:7b:97:85:c9,c985977bf4d91eff4c0012190052ff6be0d3b88886035481ff2e6622defffc507a38500100,-24513.0,82259.0,-88587.0,67651.0,-120348.0,,0,0,0,0,0,1,1,2,ADV_NONCONN_IND,37,37,3,-1,0,-1,-1,6859,32,8,unknown,APPLE,
781.5050000000047,d9:f4:7b:97:85:c9,c985977bf4d91eff4c0012190052ff6be0d3b88886035481ff2e6622defffc507a38500100,-20655.0,64505.0,-102355.0,78150.0,-101216.0,,0,0,0,0,0,1,1,2,ADV_NONCONN_IND,37,37,9,-1,0,-1,-1,6116,32,8,unknown,APPLE,
781.5050000000047,c8:89:ee:6e:b5:21,21b56eee89c81eff4c00121910083ac4035893d4f125fb87faf581883545ed777feddc01f1,-15961.0,78959.0,-100972.0,63802.0,-116960.0,,0,0,0,0,0,1,1,0,ADV_IND,37,37,0,-1,0,-1,-1,7348,30,7,unknown,APPLE,
782.9920000000129,e8:2e:3a:81:d8:a9,a9d8813a2ee81eff4c0012190059fbe46cfdaab699bfcec72cb37ad8b913cd2c7603c60000,-50230.0,81209.0,-103009.0,83703.0,-147003.0,,0,0,0,0,0,1,1,2,ADV_NONCONN_IND,37,37,0,-1,0,-1,-1,3148,32,8,unknown,APPLE,
786.0800000000017,d9:f4:7b:97:85:c9,c985977bf4d91eff4c0012190052ff6be0d3b88886035481ff2e6622defffc507a38500100,-9926.0,83063.0,-124767.0,89671.0,-122882.0,,0,0,0,0,0,1,1,2,ADV_NONCONN_IND,37,37,14,-1,0,-1,-1,5737,31,8,unknown,APPLE,
787.6340000000055,c8:89:ee:6e:b5:21,21b56eee89c81eff4c00121910083ac4035893d4f125fb87faf581883545ed777feddc01f1,-35895.0,96832.0,-100515.0,84414.0,-145219.0,,0,0,0,0,0,1,1,0,ADV_IND,37,37,3,-1,0,-1,-1,5662,32,8,unknown,APPLE,
787.6340000000055,cc:60:af:32:64:bf,bf6432af60cc1eff4c00121960e58073e8c41dbed7f513a5448304c5a024ae90862f8b0233,0.0,75679.0,-97852.0,86557.0,-143689.0,,0,0,0,0,0,1,1,0,ADV_IND,37,37,15,-1,0,-1,-1,6069,32,8,unknown,APPLE,
789.2800000000134,fb:15:c3:2a:ea:ac,acea2ac315fb1eff4c001219105fdc26c82b6e3b013ab9a9f8c7bcb530a0e3933bca78001f,-52985.0,71808.0,-109645.0,88282.0,-161485.0,,0,0,0,0,0,1,1,0,ADV_IND,37,37,14,-1,0,-1,-1,7889,32,8,unknown,APPLE,
789.2800000000134,f7:7c:f5:6f:79:43,43796ff57cf71eff4c001219201b94b2e66a35407797d4c2ac303f56dd4cc1958c5ebe029b,-25583.0,50760.0,-76471.0,80006.0,-118824.0,,0,0,0,0,0,1,1,0,ADV_IND,37,37,15,-1,0,-1,-1,4450,32,8,unknown,APPLE,
792.1610000000073,d9:f4:7b:97:85:c9,c985977bf4d91eff4c0012190052ff6be0d3b88886035481ff2e6622defffc507a38500100,-28158.0,77571.0,-90832.0,90400.0,-144458.0,,0,0,0,0,0,1,1,2,ADV_NONCONN_IND,37,37,13,-1,0,-1,-1,5250,32,8,unknown,APPLE,
793.6620000000112,d9:f4:7b:97:85:c9,c985977bf4d91eff4c0012190052ff6be0d3b88886035481ff2e6622defffc507a38500100,-13077.0,44240.0,-76179.0,77686.0,-128193.0,,0,0,0,0,0,1,1,2,ADV_NONCONN_IND,37,37,9,-1,0,-1,-1,4679,32,8,unknown,APPLE,
795.273000000001,48:24:d0:c9:a2:77,77a2c9d024480201061916aafe403694615f12dc37df62d67304cdb270f83f0830d410,-15045.0,93174.0,-111004.0,129970.0,-128829.0,,0,0,0,0,0,1,1,0,ADV_IND,35,37,2,-1,0,-1,-1,7780,31,8,unknown,GOOGLE,
795.273000000001,d9:f4:7b:97:85:c9,c985977bf4d91eff4c0012190052ff6be0d3b88886035481ff2e6622defffc507a38500100,-24915.0,59724.0,-92746.0,82426.0,-113553.0,,0,0,0,0,0,1,1,2,ADV_NONCONN_IND,37,37,9,-1,0,-1,-1,4943,32,8,unknown,APPLE,
796.898000000001,d9:f4:7b:97:85:c9,c985977bf4d91eff4c0012190052ff6be0d3b88886035481ff2e6622defffc507a38500100,-26945.0,67845.0,-82822.0,56776.0,-104246.0,,0,0,0,0,0,1,1,2,ADV_NONCONN_IND,37,37,2,-1,0,-1,-1,4820,32,8,unknown,APPLE,
802.0450000000128,c8:89:ee:6e:b5:21,21b56eee89c81eff4c00121910083ac4035893d4f125fb87faf581883545ed777feddc01f1,-14094.0,84932.0,-98730.0,89468.0,-150565.0,,0,0,0,0,0,1,1,0,ADV_IND,37,37,1,-1,0,-1,-1,7164,32,8,unknown,APPLE,
802.0450000000128,d9:f4:7b:97:85:c9,c985977bf4d91eff4c0012190052ff6be0d3b88886035481ff2e6622defffc507a38500100,-20390.0,68676.0,-98212.0,89377.0,-134744.0,,0,0,0,0,0,1,1,2,ADV_NONCONN_IND,37,37,13,-1,0,-1,-1,1287,32,8,unknown,APPLE,
803.8100000000122,48:24:d0:c9:a2:77,77a2c9d024480201061916aafe403694615f12dc37df62d67304cdb270f83f0830d410,-16938.0,94552.0,-101806.0,126310.0,-146089.0,,0,0,0,0,0,1,1,0,ADV_IND,35,37,6,-1,0,-1,-1,1453,31,7,unknown,GOOGLE,
803.8100000000122,fc:1e:76:d4:dc:5d,5ddcd4761efc1eff4c00121960d81d5031539b0824a32174eaa71c7169b2a09c66402300c8,4866.0,97302.0,-101826.0,93490.0,-170317.0,,0,0,0,0,0,1,1,0,ADV_IND,37,37,15,-1,0,-1,-1,2694,31,8,unknown,APPLE,
803.8100000000122,d9:f4:7b:97:85:c9,c985977bf4d91eff4c0012190052ff6be0d3b88886035481ff2e6622defffc507a38500100,-23652.0,48520.0,-99532.0,102063.0,-116581.0,,0,0,0,0,0,1,1,2,ADV_NONCONN_IND,37,37,6,-1,0,-1,-1,4207,32,8,unknown,APPLE,
803.8100000000122,c8:89:ee:6e:b5:21,21b56eee89c81eff4c00121910083ac4035893d4f125fb87faf581883545ed777feddc01f1,-15673.0,66422.0,-100392.0,89526.0,-134067.0,,0,0,0,0,0,1,1,0,ADV_IND,37,37,11,-1,0,-1,-1,3134,32,8,unknown,APPLE,
808.4370000000054,d9:f4:7b:97:85:c9,c985977bf4d91eff4c0012190052ff6be0d3b88886035481ff2e6622defffc507a38500100,-31970.0,96850.0,-109937.0,93749.0,-136574.0,,0,0,0,0,0,1,1,2,ADV_NONCONN_IND,37,37,1,-1,0,-1,-1,4706,31,8,unknown,APPLE,
811.4730000000127,d9:f4:7b:97:85:c9,c985977bf4d91eff4c0012190052ff6be0d3b88886035481ff2e6622defffc507a38500100,-23688.0,63671.0,-96036.0,84005.0,-125002.0,,0,0,0,0,0,1,1,2,ADV_NONCONN_IND,37,37,5,-1,0,-1,-1,3129,32,8,unknown,APPLE,
813.3559999999998,fb:15:c3:2a:ea:ac,acea2ac315fb1eff4c001219105fdc26c82b6e3b013ab9a9f8c7bcb530a0e3933bca78001f,-27521.0,91713.0,-128608.0,78087.0,-170346.0,,0,0,0,0,0,1,1,0,ADV_IND,37,37,12,-1,0,-1,-1,4161,30,8,unknown,APPLE,
818.3570000000036,fb:15:c3:2a:ea:ac,acea2ac315fb1eff4c001219105fdc26c82b6e3b013ab9a9f8c7bcb530a0e3933bca78001f,-42879.0,79959.0,-105983.0,74103.0,-162112.0,,0,0,0,0,0,1,1,0,ADV_IND,37,37,14,-1,0,-1,-1,3398,30,8,unknown,APPLE,
820.0240000000049,c8:89:ee:6e:b5:21,21b56eee89c81eff4c00121910083ac4035893d4f125fb87faf581883545ed777feddc01f1,-22311.0,82064.0,-109468.0,92820.0,-141331.0,,0,0,0,0,0,1,1,0,ADV_IND,37,37,0,-1,0,-1,-1,6663,32,8,unknown,APPLE,
825.343000000008,fb:15:c3:2a:ea:ac,acea2ac315fb1eff4c001219105fdc26c82b6e3b013ab9a9f8c7bcb530a0e3933bca78001f,-64628.0,96338.0,-124393.0,95533.0,-162546.0,,0,0,0,0,0,1,1,0,ADV_IND,37,37,5,-1,0,-1,-1,2050,32,7,unknown,APPLE,
825.343000000008,d9:f4:7b:97:85:c9,c985977bf4d91eff4c0012190052ff6be0d3b88886035481ff2e6622defffc507a38500100,-36302.0,87004.0,-83309.0,64192.0,-122496.0,,0,0,0,0,0,1,1,2,ADV_NONCONN_IND,37,37,9,-1,0,-1,-1,1155,32,8,unknown,APPLE,
826.9310000000114,fc:1e:76:d4:dc:5d,5ddcd4761efc1eff4c00121960d81d5031539b0824a32174eaa71c7169b2a09c66402300c8,-20660.0,73719.0,-90241.0,66528.0,-160400.0,,0,0,0,0,0,1,1,0,ADV_IND,37,37,1,-1,0,-1,-1,4912,32,8,unknown,APPLE,
828.974000000002,d6:4d:3f:1f:e5:b5,b5e51f3f4dd61eff4c00121920ac10c8eb8bd183b7c60629936471cc6e9e00d248104b0156,-15039.0,80249.0,-101943.0,97517.0,-99712.0,,0,0,0,0,0,1,1,0,ADV_IND,37,37,8,-1,0,-1,-1,4779,32,8,unknown,APPLE,
830.291000000012,fb:15:c3:2a:ea:ac,acea2ac315fb1eff4c001219105fdc26c82b6e3b013ab9a9f8c7bcb530a0e3933bca78001f,-37492.0,78024.0,-117559.0,78830.0,-146905.0,,0,0,0,0,0,1,1,0,ADV_IND,37,37,4,-1,0,-1,-1,6099,32,8,unknown,APPLE,
832.1940000000031,c8:89:ee:6e:b5:21,21b56eee89c81eff4c00121910083ac4035893d4f125fb87faf581883545ed777feddc01f1,-19639.0,88389.0,-105008.0,84796.0,-152673.0,,0,0,0,0,0,1,1,0,ADV_IND,37,37,11,-1,0,-1,-1,4314,32,7,unknown,APPLE,
840.4890000000014,f7:7c:f5:6f:79:43,43796ff57cf71eff4c001219201b94b2e66a35407797d4c2ac303f56dd4cc1958c5ebe029b,-14950.0,64749.0,-73576.0,80141.0,-116352.0,,0,0,0,0,0,1,1,0,ADV_IND,37,37,9,-1,0,-1,-1,4521,29,7,unknown,APPLE,
844.4910000000091,d9:f4:7b:97:85:c9,c985977bf4d91eff4c0012190052ff6be0d3b88886035481ff2e6622defffc507a38500100,-17525.0,64821.0,-83558.0,67849.0,-126748.0,,0,0,0,0,0,1,1,2,ADV_NONCONN_IND,37,37,15,-1,0,-1,-1,4618,32,8,unknown,APPLE,
848.1080000000075,d9:f4:7b:97:85:c9,c985977bf4d91eff4c0012190052ff6be0d3b88886035481ff2e6622defffc507a38500100,-11518.0,60059.0,-99306.0,87513.0,-117262.0,,0,0,0,0,0,1,1,2,ADV_NONCONN_IND,37,37,7,-1,0,-1,-1,4722,32,8,unknown,APPLE,
854.1380000000063,e8:2e:3a:81:d8:a9,a9d8813a2ee81eff4c0012190059fbe46cfdaab699bfcec72cb37ad8b913cd2c7603c60000,-44470.0,67291.0,-93109.0,70268.0,-125290.0,,0,0,0,0,0,1,1,2,ADV_NONCONN_IND,37,37,13,-1,0,-1,-1,1320,32,7,unknown,APPLE,
854.1380000000063,d2:d7:27:15:6d:b2,b26d1527d7d21eff4c0012196086c9cc1003183309832d2a6ce5fbb63f0a9f0d1c6d43015c,-17746.0,89299.0,-91404.0,125511.0,-150695.0,,0,0,0,0,0,1,1,0,ADV_IND,37,37,3,-1,0,-1,-1,3902,31,7,unknown,APPLE,
856.2320000000036,c8:89:ee:6e:b5:21,21b56eee89c81eff4c00121910083ac4035893d4f125fb87faf581883545ed777feddc01f1,-16609.0,72021.0,-94042.0,92192.0,-145833.0,,0,0,0,0,0,1,1,0,ADV_IND,37,37,7,-1,0,-1,-1,4995,32,8,unknown,APPLE,
863.9790000000066,f7:7c:f5:6f:79:43,43796ff57cf71eff4c001219201b94b2e66a35407797d4c2ac303f56dd4cc1958c5ebe029b,-8497.0,69312.0,-85543.0,67949.0,-107955.0,,0,0,0,0,0,1,1,0,ADV_IND,37,37,6,-1,0,-1,-1,3154,30,8,unknown,APPLE,
868.8790000000008,e8:2e:3a:81:d8:a9,a9d8813a2ee81eff4c0012190059fbe46cfdaab699bfcec72cb37ad8b913cd2c7603c60000,-21767.0,60422.0,-97887.0,78131.0,-122455.0,,0,0,0,0,0,1,1,2,ADV_NONCONN_IND,37,37,2,-1,0,-1,-1,1497,31,8,unknown,APPLE,
875.6380000000063,fb:15:c3:2a:ea:ac,acea2ac315fb1eff4c001219105fdc26c82b6e3b013ab9a9f8c7bcb530a0e3933bca78001f,-25789.0,77538.0,-112858.0,60881.0,-168600.0,,0,0,0,0,0,1,1,0,ADV_IND,37,37,9,-1,0,-1,-1,1960,29,8,unknown,APPLE,
877.9959999999992,f7:7c:f5:6f:79:43,43796ff57cf71eff4c001219201b94b2e66a35407797d4c2ac303f56dd4cc1958c5ebe029b,-2474.0,59727.0,-88174.0,73175.0,-114007.0,,0,0,0,0,0,1,1,0,ADV_IND,37,37,11,-1,0,-1,-1,2688,32,8,unknown,APPLE,
879.6700000000128,cc:60:af:32:64:bf,bf6432af60cc1eff4c00121960e58073e8c41dbed7f513a5448304c5a024ae90862f8b0233,-20733.0,81074.0,-103567.0,86215.0,-118942.0,,0,0,0,0,0,1,1,0,ADV_IND,37,37,3,-1,0,-1,-1,7585,32,8,unknown,APPLE,
887.8960000000079,c8:89:ee:6e:b5:21,21b56eee89c81eff4c00121910083ac4035893d4f125fb87faf581883545ed777feddc01f1,-36309.0,65099.0,-112956.0,82275.0,-129914.0,,0,0,0,0,0,1,1,0,ADV_IND,37,37,13,-1,0,-1,-1,7063,32,8,unknown,APPLE,
887.8960000000079,48:24:d0:c9:a2:77,77a2c9d024480201061916aafe403694615f12dc37df62d67304cdb270f83f0830d410,-22792.0,111780.0,-100956.0,122982.0,-139292.0,,0,0,0,0,0,1,1,0,ADV_IND,35,37,13,-1,0,-1,-1,2994,32,8,unknown,GOOGLE,
889.8520000000135,48:24:d0:c9:a2:77,77a2c9d024480201061916aafe403694615f12dc37df62d67304cdb270f83f0830d410,-10808.0,108383.0,-116701.0,114798.0,-131918.0,,0,0,0,0,0,1,1,0,ADV_IND,35,37,2,-1,0,-1,-1,3347,32,8,unknown,GOOGLE,
894.0120000000024,cf:64:14:64:28:20,2028641464cf1eff4c001219206d3ff72447fa8c2b4b92086e2def602566cf7d9d230600cc,-43673.0,84931.0,-84734.0,86203.0,-118704.0,,0,0,0,0,0,1,1,0,ADV_IND,37,37,9,-1,0,-1,-1,5502,32,7,unknown,APPLE,
895.9800000000105,e6:d5:da:7c:2a:c7,c72a7cdad5e61eff4c001219000446dbb7c1f1f260925c51963b3aef5a8b0309d4d2990200,-34934.0,73389.0,-108987.0,70838.0,-136604.0,,0,0,0,0,0,1,1,2,ADV_NONCONN_IND,37,37,7,-1,0,-1,-1,3535,32,8,unknown,APPLE,
898.189000000013,cf:64:14:64:28:20,2028641464cf1eff4c001219206d3ff72447fa8c2b4b92086e2def602566cf7d9d230600cc,-27631.0,65602.0,-87122.0,81354.0,-129674.0,,0,0,0,0,0,1,1,0,ADV_IND,37,37,2,-1,0,-1,-1,1186,32,7,unknown,APPLE,
900.0489999999991,e6:d5:da:7c:2a:c7,c72a7cdad5e61eff4c001219000446dbb7c1f1f260925c51963b3aef5a8b0309d4d2990200,-46596.0,67899.0,-93656.0,72972.0,-130293.0,,0,0,0,0,0,1,1,2,ADV_NONCONN_IND,37,37,1,-1,0,-1,-1,2388,31,7,unknown,APPLE,
910.8660000000092,d6:4d:3f:1f:e5:b5,b5e51f3f4dd61eff4c00121920ac10c8eb8bd183b7c60629936471cc6e9e00d248104b0156,-13601.0,96759.0,-99164.0,90411.0,-140255.0,,0,0,0,0,0,1,1,0,ADV_IND,37,37,2,-1,0,-1,-1,2171,32,8,unknown,APPLE,
913.2230000000128,e6:d5:da:7c:2a:c7,c72a7cdad5e61eff4c001219000446dbb7c1f1f260925c51963b3aef5a8b0309d4d2990200,-31551.0,67118.0,-113153.0,68152.0,-108256.0,,0,0,0,0,0,1,1,2,ADV_NONCONN_IND,37,37,13,-1,0,-1,-1,4949,29,7,unknown,APPLE,
924.7790000000095,48:24:d0:c9:a2:77,77a2c9d024480201061916aafe403694615f12dc37df62d67304cdb270f83f0830d410,-7626.0,100705.0,-88649.0,99864.0,-115827.0,,0,0,0,0,0,1,1,0,ADV_IND,35,37,11,-1,0,-1,-1,2716,30,8,unknown,GOOGLE,
927.0050000000048,d6:4d:3f:1f:e5:b5,b5e51f3f4dd61eff4c00121920ac10c8eb8bd183b7c60629936471cc6e9e00d248104b0156,-3632.0,69044.0,-89035.0,73661.0,-112676.0,,0,0,0,0,0,1,1,0,ADV_IND,37,37,3,-1,0,-1,-1,1357,29,7,unknown,APPLE,
927.0050000000048,48:24:d0:c9:a2:77,77a2c9d024480201061916aafe403694615f12dc37df62d67304cdb270f83f0830d410,-9517.0,96277.0,-114970.0,97945.0,-109650.0,,0,0,0,0,0,1,1,0,ADV_IND,35,37,5,-1,0,-1,-1,7139,32,7,unknown,GOOGLE,
938.928,d6:4d:3f:1f:e5:b5,b5e51f3f4dd61eff4c00121920ac10c8eb8bd183b7c60629936471cc6e9e00d248104b0156,-20409.0,111014.0,-97412.0,91499.0,-122096.0,,0,0,0,0,0,1,1,0,ADV_IND,37,37,12,-1,0,-1,-1,5545,29,8,unknown,APPLE,
947.7690000000002,e6:d5:da:7c:2a:c7,c72a7cdad5e61eff4c001219000446dbb7c1f1f260925c51963b3aef5a8b0309d4d2990200,-30543.0,62135.0,-112104.0,63131.0,-119368.0,,0,0,0,0,0,1,1,2,ADV_NONCONN_IND,37,37,6,-1,0,-1,-1,5118,32,8,unknown,APPLE,
958.4780000000028,d6:4d:3f:1f:e5:b5,b5e51f3f4dd61eff4c00121920ac10c8eb8bd183b7c60629936471cc6e9e00d248104b0156,-26810.0,79298.0,-86880.0,73772.0,-107219.0,,0,0,0,0,0,1,1,0,ADV_IND,37,37,12,-1,0,-1,-1,4305,32,8,unknown,APPLE,
962.7110000000102,d6:4d:3f:1f:e5:b5,b5e51f3f4dd61eff4c00121920ac10c8eb8bd183b7c60629936471cc6e9e00d248104b0156,-25471.0,88123.0,-73007.0,83364.0,-112369.0,,0,0,0,0,0,1,1,0,ADV_IND,37,37,8,-1,0,-1,-1,7012,32,8,unknown,APPLE,
967.5489999999992,48:24:d0:c9:a2:77,77a2c9d024480201061916aafe403694615f12dc37df62d67304cdb270f83f0830d410,-1770.0,109975.0,-104873.0,115491.0,-141299.0,,0,0,0,0,0,1,1,0,ADV_IND,35,37,3,-1,0,-1,-1,3378,32,8,unknown,GOOGLE,
967.5489999999992,d6:4d:3f:1f:e5:b5,b5e51f3f4dd61eff4c00121920ac10c8eb8bd183b7c60629936471cc6e9e00d248104b0156,-19722.0,105506.0,-99576.0,94732.0,-137526.0,,0,0,0,0,0,1,1,0,ADV_IND,37,37,4,-1,0,-1,-1,1072,32,8,unknown,APPLE,
975.8540000000066,d6:4d:3f:1f:e5:b5,b5e51f3f4dd61eff4c00121920ac10c8eb8bd183b7c60629936471cc6e9e00d248104b0156,-27228.0,85380.0,-75581.0,89094.0,-114518.0,,0,0,0,0,0,1,1,0,ADV_IND,37,37,4,-1,0,-1,-1,6563,32,8,unknown,APPLE,
977.7360000000044,d6:4d:3f:1f:e5:b5,b5e51f3f4dd61eff4c00121920ac10c8eb8bd183b7c60629936471cc6e9e00d248104b0156,-28930.0,75390.0,-109925.0,129286.0,-94619.0,,0,0,0,0,0,1,1,0,ADV_IND,37,37,8,-1,0,-1,-1,3877,32,8,unknown,APPLE,
979.3540000000066,cf:64:14:64:28:20,2028641464cf1eff4c001219206d3ff72447fa8c2b4b92086e2def602566cf7d9d230600cc,-37294.0,82171.0,-88619.0,93464.0,-132388.0,,0,0,0,0,0,1,1,0,ADV_IND,37,37,0,-1,0,-1,-1,4751,32,7,unknown,APPLE,
979.3540000000066,fb:15:c3:2a:ea:ac,acea2ac315fb1eff4c001219105fdc26c82b6e3b013ab9a9f8c7bcb530a0e3933bca78001f,-20478.0,69852.0,-111117.0,57453.0,-147536.0,,0,0,0,0,0,1,1,0,ADV_IND,37,37,12,-1,0,-1,-1,3246,32,7,unknown,APPLE,
983.2260000000095,d6:4d:3f:1f:e5:b5,b5e51f3f4dd61eff4c00121920ac10c8eb8bd183b7c60629936471cc6e9e00d248104b0156,-14483.0,83036.0,-82609.0,75962.0,-120683.0,,0,0,0,0,0,1,1,0,ADV_IND,37,37,1,-1,0,-1,-1,5125,32,8,unknown,APPLE,
985.1960000000108,d6:4d:3f:1f:e5:b5,b5e51f3f4dd61eff4c00121920ac10c8eb8bd183b7c60629936471cc6e9e00d248104b0156,-40652.0,84161.0,-70285.0,77104.0,-142265.0,,0,0,0,0,0,1,1,0,ADV_IND,37,37,1,-1,0,-1,-1,3884,32,7,unknown,APPLE,
985.1960000000108,f7:7c:f5:6f:79:43,43796ff57cf71eff4c001219201b94b2e66a35407797d4c2ac303f56dd4cc1958c5ebe029b,-27528.0,59974.0,-88593.0,71086.0,-103384.0,,0,0,0,0,0,1,1,0,ADV_IND,37,37,0,-1,0,-1,-1,2029,32,8,unknown,APPLE,
986.9500000000116,d6:4d:3f:1f:e5:b5,b5e51f3f4dd61eff4c00121920ac10c8eb8bd183b7c60629936471cc6e9e00d248104b0156,-23134.0,84765.0,-102470.0,99964.0,-86550.0,,0,0,0,0,0,1,1,0,ADV_IND,37,37,3,-1,0,-1,-1,4876,32,8,unknown,APPLE,
991.6340000000056,d6:4d:3f:1f:e5:b5,b5e51f3f4dd61eff4c00121920ac10c8eb8bd183b7c60629936471cc6e9e00d248104b0156,-31472.0,84350.0,-113756.0,121739.0,-121794.0,,0,0,0,0,0,1,1,0,ADV_IND,37,37,4,-1,0,-1,-1,3977,32,8,unknown,APPLE,
995.297000000006,d6:4d:3f:1f:e5:b5,b5e51f3f4dd61eff4c00121920ac10c8eb8bd183b7c60629936471cc6e9e00d248104b0156,-3095.0,76608.0,-104830.0,104337.0,-144630.0,,0,0,0,0,0,1,1,0,ADV_IND,37,37,3,-1,0,-1,-1,5107,32,8,unknown,APPLE,
995.297000000006,e6:d5:da:7c:2a:c7,c72a7cdad5e61eff4c001219000446dbb7c1f1f260925c51963b3aef5a8b0309d4d2990200,-28228.0,80038.0,-110950.0,66632.0,-145332.0,,0,0,0,0,0,1,1,2,ADV_NONCONN_IND,37,37,7,-1,0,-1,-1,5555,32,7,unknown,APPLE,
997.145000000004,48:24:d0:c9:a2:77,77a2c9d024480201061916aafe403694615f12dc37df62d67304cdb270f83f0830d410,9777.0,93082.0,-102447.0,111580.0,-108649.0,,0,0,0,0,0,1,1,0,ADV_IND,35,37,5,-1,0,-1,-1,7147,32,8,unknown,GOOGLE,
998.4760000000095,fb:15:c3:2a:ea:ac,acea2ac315fb1eff4c001219105fdc26c82b6e3b013ab9a9f8c7bcb530a0e3933bca78001f,-48117.0,85345.0,-113743.0,87938.0,-157661.0,,0,0,0,0,0,1,1,0,ADV_IND,37,37,1,-1,0,-1,-1,3125,32,8,unknown,APPLE,
1002.1560000000028,e8:2e:3a:81:d8:a9,a9d8813a2ee81eff4c0012190059fbe46cfdaab699bfcec72cb37ad8b913cd2c7603c60000,-38386.0,54129.0,-90962.0,95400.0,-151395.0,,0,0,0,0,0,1,1,2,ADV_NONCONN_IND,37,37,13,-1,0,-1,-1,6992,32,8,unknown,APPLE,
1002.1560000000028,d6:4d:3f:1f:e5:b5,b5e51f3f4dd61eff4c00121920ac10c8eb8bd183b7c60629936471cc6e9e00d248104b0156,-26503.0,87501.0,-80475.0,80461.0,-123805.0,,0,0,0,0,0,1,1,0,ADV_IND,37,37,7,-1,0,-1,-1,1877,32,8,unknown,APPLE,
1002.1560000000028,e6:d5:da:7c:2a:c7,c72a7cdad5e61eff4c001219000446dbb7c1f1f260925c51963b3aef5a8b0309d4d2990200,-65207.0,76681.0,-93676.0,54792.0,-146841.0,,0,0,0,0,0,1,1,2,ADV_NONCONN_IND,37,37,15,-1,0,-1,-1,1413,31,8,unknown,APPLE,
1004.0060000000084,d6:4d:3f:1f:e5:b5,b5e51f3f4dd61eff4c00121920ac10c8eb8bd183b7c60629936471cc6e9e00d248104b0156,-6323.0,104053.0,-116071.0,122422.0,-126508.0,,0,0,0,0,0,1,1,0,ADV_IND,37,37,10,-1,0,-1,-1,3229,32,7,unknown,APPLE,
1005.9310000000114,d6:4d:3f:1f:e5:b5,b5e51f3f4dd61eff4c00121920ac10c8eb8bd183b7c60629936471cc6e9e00d248104b0156,-20085.0,78637.0,-86821.0,85293.0,-104698.0,,0,0,0,0,0,1,1,0,ADV_IND,37,37,0,-1,0,-1,-1,6609,32,8,unknown,APPLE,
1007.6470000000118,d6:4d:3f:1f:e5:b5,b5e51f3f4dd61eff4c00121920ac10c8eb8bd183b7c60629936471cc6e9e00d248104b0156,-27424.0,88540.0,-107347.0,101490.0,-105228.0,,0,0,0,0,0,1,1,0,ADV_IND,37,37,14,-1,0,-1,-1,3814,32,8,unknown,APPLE,
1009.070000000007,d6:4d:3f:1f:e5:b5,b5e51f3f4dd61eff4c00121920ac10c8eb8bd183b7c60629936471cc6e9e00d248104b0156,-13337.0,76463.0,-100638.0,120680.0,-114537.0,,0,0,0,0,0,1,1,0,ADV_IND,37,37,6,-1,0,-1,-1,2411,32,8,unknown,APPLE,
1012.0860000000102,c8:89:ee:6e:b5:21,21b56eee89c81eff4c00121910083ac4035893d4f125fb87faf581883545ed777feddc01f1,-21368.0,67650.0,-103026.0,80117.0,-112557.0,,0,0,0,0,0,1,1,0,ADV_IND,37,37,4,-1,0,-1,-1,4176,32,8,unknown,APPLE,
1012.0860000000102,f6:7f:67:2b:0f:68,25666c3cf5f41eff4c00121910c4ae7bedf14240cd85e38faa329cbbc7be0f299a6ed7033b,-31218.0,87354.0,-83788.0,73295.0,-132054.0,,0,0,0,0,0,1,1,0,ADV_IND,37,37,0,-1,0,-1,-1,2241,31,8,unknown,APPLE,f4:f5:3c:6c:66:25
1013.2230000000128,48:24:d0:c9:a2:77,77a2c9d024480201061916aafe403694615f12dc37df62d67304cdb270f83f0830d410,-199.0,95748.0,-108987.0,106723.0,-114145.0,,0,0,0,0,0,1,1,0,ADV_IND,35,37,8,-1,0,-1,-1,4317,32,8,unknown,GOOGLE,
1016.5830000000132,d6:4d:3f:1f:e5:b5,b5e51f3f4dd61eff4c00121920ac10c8eb8bd183b7c60629936471cc6e9e00d248104b0156,-20069.0,102765.0,-121658.0,108510.0,-147688.0,,0,0,0,0,0,1,1,0,ADV_IND,37,37,0,-1,0,-1,-1,4283,32,8,unknown,APPLE,
1016.5830000000132,fb:15:c3:2a:ea:ac,acea2ac315fb1eff4c001219105fdc26c82b6e3b013ab9a9f8c7bcb530a0e3933bca78001f,-34188.0,72478.0,-102331.0,88763.0,-170935.0,,0,0,0,0,0,1,1,0,ADV_IND,37,37,14,-1,0,-1,-1,1366,31,8,unknown,APPLE,
1019.747000000003,fc:1e:76:d4:dc:5d,5ddcd4761efc1eff4c00121960d81d5031539b0824a32174eaa71c7169b2a09c66402300c8,-8306.0,54394.0,-94597.0,88786.0,-141636.0,,0,0,0,0,0,1,1,0,ADV_IND,37,37,4,-1,0,-1,-1,1672,32,8,unknown,APPLE,
1027.2230000000127,48:24:d0:c9:a2:77,77a2c9d024480201061916aafe403694615f12dc37df62d67304cdb270f83f0830d410,9059.0,116182.0,-104722.0,111420.0,-127341.0,,0,0,0,0,0,1,1,0,ADV_IND,35,37,7,-1,0,-1,-1,3143,32,8,unknown,GOOGLE,
1028.3250000000116,cc:60:af:32:64:bf,bf6432af60cc1eff4c00121960e58073e8c41dbed7f513a5448304c5a024ae90862f8b0233,22454.0,74669.0,-79855.0,91979.0,-145344.0,,0,0,0,0,0,1,1,0,ADV_IND,37,37,6,-1,0,-1,-1,4836,31,8,unknown,APPLE,
1028.3250000000116,d6:4d:3f:1f:e5:b5,b5e51f3f4dd61eff4c00121920ac10c8eb8bd183b7c60629936471cc6e9e00d248104b0156,-22161.0,96980.0,-103034.0,110895.0,-118869.0,,0,0,0,0,0,1,1,0,ADV_IND,37,37,0,-1,0,-1,-1,1183,32,8,unknown,APPLE,
1028.3250000000116,cf:64:14:64:28:20,2028641464cf1eff4c001219206d3ff72447fa8c2b4b92086e2def602566cf7d9d230600cc,-9000.0,45847.0,-93483.0,81669.0,-117430.0,,0,0,0,0,0,1,1,0,ADV_IND,37,37,2,-1,0,-1,-1,4594,31,8,unknown,APPLE,
1029.622000000003,e4:59:33:92:54:87,25666c3cf5f41eff4c00121910c4ae7bedf14240cd85e38faa329cbbc7be0f299a6ed7033b,-37587.0,99571.0,-100747.0,85501.0,-146747.0,,0,0,0,0,0,1,1,0,ADV_IND,37,37,13,-1,0,-1,-1,5640,32,8,unknown,APPLE,f4:f5:3c:6c:66:25
1030.428,d6:4d:3f:1f:e5:b5,b5e51f3f4dd61eff4c00121920ac10c8eb8bd183b7c60629936471cc6e9e00d248104b0156,-12480.0,95805.0,-108312.0,116908.0,-123903.0,,0,0,0,0,0,1,1,0,ADV_IND,37,37,9,-1,0,-1,-1,7952,32,8,unknown,APPLE,
1032.678,e8:2e:3a:81:d8:a9,a9d8813a2ee81eff4c0012190059fbe46cfdaab699bfcec72cb37ad8b913cd2c7603c60000,-33110.0,65416.0,-106104.0,87041.0,-115347.0,,0,0,0,0,0,1,1,2,ADV_NONCONN_IND,37,37,15,-1,0,-1,-1,4540,32,7,unknown,APPLE,
1034.7760000000126,fc:1e:76:d4:dc:5d,5ddcd4761efc1eff4c00121960d81d5031539b0824a32174eaa71c7169b2a09c66402300c8,-12703.0,61312.0,-92686.0,108071.0,-163768.0,,0,0,0,0,0,1,1,0,ADV_IND,37,37,8,-1,0,-1,-1,3906,32,8,unknown,APPLE,
1034.7760000000126,cf:64:14:64:28:20,2028641464cf1eff4c001219206d3ff72447fa8c2b4b92086e2def602566cf7d9d230600cc,-36158.0,58484.0,-79000.0,66950.0,-125629.0,,0,0,0,0,0,1,1,0,ADV_IND,37,37,9,-1,0,-1,-1,6592,32,8,unknown,APPLE,
1035.622000000003,fb:15:c3:2a:ea:ac,acea2ac315fb1eff4c001219105fdc26c82b6e3b013ab9a9f8c7bcb530a0e3933bca78001f,-55802.0,88220.0,-120338.0,104169.0,-153272.0,,0,0,0,0,0,1,1,0,ADV_IND,37,37,1,-1,0,-1,-1,1970,32,8,unknown,APPLE,
1035.622000000003,c8:89:ee:6e:b5:21,21b56eee89c81eff4c00121910083ac4035893d4f125fb87faf581883545ed777feddc01f1,-11125.0,77339.0,-93782.0,62678.0,-117769.0,,0,0,0,0,0,1,1,0,ADV_IND,37,37,13,-1,0,-1,-1,3023,32,8,unknown,APPLE,
1038.919000000009,48:24:d0:c9:a2:77,77a2c9d024480201061916aafe403694615f12dc37df62d67304cdb270f83f0830d410,-288.0,97192.0,-99767.0,100611.0,-121349.0,,0,0,0,0,0,1,1,0,ADV_IND,35,37,15,-1,0,-1,-1,7506,32,8,unknown,GOOGLE,
1040.5190000000002,fc:1e:76:d4:dc:5d,5ddcd4761efc1eff4c00121960d81d5031539b0824a32174eaa71c7169b2a09c66402300c8,4320.0,74702.0,-91531.0,71912.0,-149980.0,,0,0,0,0,0,1,1,0,ADV_IND,37,37,5,-1,0,-1,-1,7845,32,8,unknown,APPLE,
1040.5190000000002,fb:15:c3:2a:ea:ac,acea2ac315fb1eff4c001219105fdc26c82b6e3b013ab9a9f8c7bcb530a0e3933bca78001f,-20825.0,73420.0,-98248.0,68179.0,-160235.0,,0,0,0,0,0,1,1,0,ADV_IND,37,37,8,-1,0,-1,-1,3721,32,8,unknown,APPLE,
1041.4550000000015,48:24:d0:c9:a2:77,77a2c9d024480201061916aafe403694615f12dc37df62d67304cdb270f83f0830d410,-13625.0,125687.0,-128572.0,107235.0,-144832.0,,0,0,0,0,0,1,1,0,ADV_IND,35,37,3,-1,0,-1,-1,4501,32,8,unknown,GOOGLE,
1042.4830000000077,cc:60:af:32:64:bf,bf6432af60cc1eff4c00121960e58073e8c41dbed7f513a5448304c5a024ae90862f8b0233,5058.0,71317.0,-91004.0,110528.0,-155778.0,,0,0,0,0,0,1,1,0,ADV_IND,37,37,7,-1,0,-1,-1,6781,30,7,unknown,APPLE,
1044.0290000000095,c8:89:ee:6e:b5:21,21b56eee89c81eff4c00121910083ac4035893d4f125fb87faf581883545ed777feddc01f1,-15245.0,77381.0,-113235.0,98898.0,-145493.0,,0,0,0,0,0,1,1,0,ADV_IND,37,37,4,-1,0,-1,-1,6518,30,8,unknown,APPLE,
1045.4320000000007,48:24:d0:c9:a2:77,77a2c9d024480201061916aafe403694615f12dc37df62d67304cdb270f83f0830d410,3556.0,101941.0,-107815.0,107186.0,-148055.0,,0,0,0,0,0,1,1,0,ADV_IND,35,37,3,-1,0,-1,-1,5653,31,8,unknown,GOOGLE,
1045.4320000000007,f7:7c:f5:6f:79:43,43796ff57cf71eff4c001219201b94b2e66a35407797d4c2ac303f56dd4cc1958c5ebe029b,-24606.0,54945.0,-69537.0,88732.0,-109311.0,,0,0,0,0,0,1,1,0,ADV_IND,37,37,5,-1,0,-1,-1,2659,32,8,unknown,APPLE,
1047.142000000007,48:24:d0:c9:a2:77,77a2c9d024480201061916aafe403694615f12dc37df62d67304cdb270f83f0830d410,5322.0,92781.0,-105136.0,104165.0,-112695.0,,0,0,0,0,0,1,1,0,ADV_IND,35,37,8,-1,0,-1,-1,5616,32,8,unknown,GOOGLE,
1050.7140000000072,d6:4d:3f:1f:e5:b5,b5e51f3f4dd61eff4c00121920ac10c8eb8bd183b7c60629936471cc6e9e00d248104b0156,-18832.0,86646.0,-79939.0,94565.0,-136906.0,,0,0,0,0,0,1,1,0,ADV_IND,37,37,5,-1,0,-1,-1,6736,32,8,unknown,APPLE,
1053.5970000000088,48:24:d0:c9:a2:77,77a2c9d024480201061916aafe403694615f12dc37df62d67304cdb270f83f0830d410,-5818.0,93947.0,-102204.0,101775.0,-107088.0,,0,0,0,0,0,1,1,0,ADV_IND,35,37,2,-1,0,-1,-1,1468,32,8,unknown,GOOGLE,
1057.2780000000057,f7:7c:f5:6f:79:43,43796ff57cf71eff4c001219201b94b2e66a35407797d4c2ac303f56dd4cc1958c5ebe029b,-5625.0,50278.0,-86441.0,82524.0,-104928.0,,0,0,0,0,0,1,1,0,ADV_IND,37,37,4,-1,0,-1,-1,7498,32,8,unknown,APPLE,
1058.9560000000056,cc:60:af:32:64:bf,bf6432af60cc1eff4c00121960e58073e8c41dbed7f513a5448304c5a024ae90862f8b0233,-9061.0,78465.0,-87771.0,90731.0,-137212.0,,0,0,0,0,0,1,1,0,ADV_IND,37,37,12,-1,0,-1,-1,5637,31,8,unknown,APPLE,
1058.9560000000056,fb:15:c3:2a:ea:ac,acea2ac315fb1eff4c001219105fdc26c82b6e3b013ab9a9f8c7bcb530a0e3933bca78001f,-58234.0,65915.0,-95719.0,54985.0,-158455.0,,0,0,0,0,0,1,1,0,ADV_IND,37,37,9,-1,0,-1,-1,6663,32,8,unknown,APPLE,
1060.395000000004,d6:4d:3f:1f:e5:b5,b5e51f3f4dd61eff4c00121920ac10c8eb8bd183b7c60629936471cc6e9e00d248104b0156,0.0,69408.0,-98241.0,81034.0,-81083.0,,0,0,0,0,0,1,1,0,ADV_IND,37,37,4,-1,0,-1,-1,1094,32,7,unknown,APPLE,
1061.7540000000008,c8:89:ee:6e:b5:21,21b56eee89c81eff4c00121910083ac4035893d4f125fb87faf581883545ed777feddc01f1,-6337.0,93802.0,-92703.0,76007.0,-150645.0,,0,0,0,0,0,1,1,0,ADV_IND,37,37,11,-1,0,-1,-1,2109,32,8,unknown,APPLE,
1062.767000000007,fc:1e:76:d4:dc:5d,5ddcd4761efc1eff4c00121960d81d5031539b0824a32174eaa71c7169b2a09c66402300c8,-28958.0,77225.0,-89677.0,89745.0,-163065.0,,0,0,0,0,0,1,1,0,ADV_IND,37,37,4,-1,0,-1,-1,2349,30,8,unknown,APPLE,
1062.767000000007,d6:4d:3f:1f:e5:b5,b5e51f3f4dd61eff4c00121920ac10c8eb8bd183b7c60629936471cc6e9e00d248104b0156,-39580.0,86878.0,-98405.0,80575.0,-76381.0,,0,0,0,0,0,1,1,0,ADV_IND,37,37,0,-1,0,-1,-1,4443,32,7,unknown,APPLE,
1062.767000000007,48:24:d0:c9:a2:77,77a2c9d024480201061916aafe403694615f12dc37df62d67304cdb270f83f0830d410,-23136.0,83640.0,-109069.0,118719.0,-99462.0,,0,0,0,0,0,1,1,0,ADV_IND,35,37,11,-1,0,-1,-1,5505,32,8,unknown,GOOGLE,
1064.669000000009,c8:89:ee:6e:b5:21,21b56eee89c81eff4c00121910083ac4035893d4f125fb87faf581883545ed777feddc01f1,-20546.0,78124.0,-95802.0,57828.0,-121692.0,,0,0,0,0,0,1,1,0,ADV_IND,37,37,6,-1,0,-1,-1,4441,32,8,unknown,APPLE,
1064.669000000009,e6:d5:da:7c:2a:c7,c72a7cdad5e61eff4c001219000446dbb7c1f1f260925c51963b3aef5a8b0309d4d2990200,-46480.0,100054.0,-108715.0,68257.0,-156708.0,,0,0,0,0,0,1,1,2,ADV_NONCONN_IND,37,37,4,-1,0,-1,-1,6787,30,7,unknown,APPLE,
1066.195000000007,48:24:d0:c9:a2:77,77a2c9d024480201061916aafe403694615f12dc37df62d67304cdb270f83f0830d410,-20687.0,94482.0,-119230.0,117316.0,-121097.0,,0,0,0,0,0,1,1,0,ADV_IND,35,37,3,-1,0,-1,-1,1753,32,8,unknown,GOOGLE,
1066.195000000007,c8:89:ee:6e:b5:21,21b56eee89c81eff4c00121910083ac4035893d4f125fb87faf581883545ed777feddc01f1,-14778.0,53583.0,-98981.0,71534.0,-115924.0,,0,0,0,0,0,1,1,0,ADV_IND,37,37,2,-1,0,-1,-1,2907,32,8,unknown,APPLE,
1067.5820000000094,d6:4d:3f:1f:e5:b5,b5e51f3f4dd61eff4c00121920ac10c8eb8bd183b7c60629936471cc6e9e00d248104b0156,-18480.0,67425.0,-90466.0,73691.0,-103009.0,,0,0,0,0,0,1,1,0,ADV_IND,37,37,0,-1,0,-1,-1,4546,32,8,unknown,APPLE,
1067.5820000000094,48:24:d0:c9:a2:77,77a2c9d024480201061916aafe403694615f12dc37df62d67304cdb270f83f0830d410,16270.0,115482.0,-129034.0,101952.0,-152055.0,,0,0,0,0,0,1,1,0,ADV_IND,35,37,10,-1,0,-1,-1,7728,32,8,unknown,GOOGLE,
1067.5820000000094,fb:15:c3:2a:ea:ac,acea2ac315fb1eff4c001219105fdc26c82b6e3b013ab9a9f8c7bcb530a0e3933bca78001f,-53917.0,51212.0,-105447.0,103157.0,-132740.0,,0,0,0,0,0,1,1,0,ADV_IND,37,37,7,-1,0,-1,-1,2614,32,8,unknown,APPLE,
1068.536000000007,e4:59:33:92:54:87,25666c3cf5f41eff4c00121910c4ae7bedf14240cd85e38faa329cbbc7be0f299a6ed7033b,-19852.0,70909.0,-109695.0,86099.0,-115797.0,,0,0,0,0,0,1,1,0,ADV_IND,37,37,3,-1,0,-1,-1,3720,32,8,unknown,APPLE,f4:f5:3c:6c:66:25
1071.448000000004,48:24:d0:c9:a2:77,77a2c9d024480201061916aafe403694615f12dc37df62d67304cdb270f83f0830d410,15186.0,101858.0,-114468.0,108762.0,-140050.0,,0,0,0,0,0,1,1,0,ADV_IND,35,37,5,-1,0,-1,-1,2546,32,8,unknown,GOOGLE,
1072.402000000002,d6:4d:3f:1f:e5:b5,b5e51f3f4dd61eff4c00121920ac10c8eb8bd183b7c60629936471cc6e9e00d248104b0156,-33596.0,86077.0,-71053.0,83336.0,-124341.0,,0,0,0,0,0,1,1,0,ADV_IND,37,37,0,-1,0,-1,-1,3400,32,8,unknown,APPLE,
1072.402000000002,c8:89:ee:6e:b5:21,21b56eee89c81eff4c00121910083ac4035893d4f125fb87faf581883545ed777feddc01f1,-27020.0,79431.0,-93531.0,88261.0,-145756.0,,0,0,0,0,0,1,1,0,ADV_IND,37,37,5,-1,0,-1,-1,2599,32,8,unknown,APPLE,
1074.4500000000116,fb:15:c3:2a:ea:ac,acea2ac315fb1eff4c001219105fdc26c82b6e3b013ab9a9f8c7bcb530a0e3933bca78001f,-38846.0,88368.0,-123143.0,101928.0,-168015.0,,0,0,0,0,0,1,1,0,ADV_IND,37,37,11,-1,0,-1,-1,6289,32,7,unknown,APPLE,
1074.4500000000116,c8:89:ee:6e:b5:21,21b56eee89c81eff4c00121910083ac4035893d4f125fb87faf581883545ed777feddc01f1,-347.0,93330.0,-109147.0,71395.0,-137811.0,,0,0,0,0,0,1,1,0,ADV_IND,37,37,5,-1,0,-1,-1,5774,31,8,unknown,APPLE,
1074.4500000000116,d6:4d:3f:1f:e5:b5,b5e51f3f4dd61eff4c00121920ac10c8eb8bd183b7c60629936471cc6e9e00d248104b0156,-10447.0,85454.0,-107931.0,104470.0,-98205.0,,0,0,0,0,0,1,1,0,ADV_IND,37,37,9,-1,0,-1,-1,6902,32,8,unknown,APPLE,
1078.9770000000135,cf:64:14:64:28:20,2028641464cf1eff4c001219206d3ff72447fa8c2b4b92086e2def602566cf7d9d230600cc,-41940.0,68306.0,-88697.0,53395.0,-120045.0,,0,0,0,0,0,1,1,0,ADV_IND,37,37,8,-1,0,-1,-1,6431,31,8,unknown,APPLE,
1078.9770000000135,d6:4d:3f:1f:e5:b5,b5e51f3f4dd61eff4c00121920ac10c8eb8bd183b7c60629936471cc6e9e00d248104b0156,-18190.0,101617.0,-66553.0,81952.0,-135961.0,,0,0,0,0,0,1,1,0,ADV_IND,37,37,2,-1,0,-1,-1,3893,30,8,unknown,APPLE,
1080.448000000004,d6:4d:3f:1f:e5:b5,b5e51f3f4dd61eff4c00121920ac10c8eb8bd183b7c60629936471cc6e9e00d248104b0156,-11870.0,77272.0,-84535.0,84377.0,-125806.0,,0,0,0,0,0,1,1,0,ADV_IND,37,37,15,-1,0,-1,-1,3149,32,8,unknown,APPLE,
1080.448000000004,fb:15:c3:2a:ea:ac,acea2ac315fb1eff4c001219105fdc26c82b6e3b013ab9a9f8c7bcb530a0e3933bca78001f,-35161.0,74961.0,-111093.0,97959.0,-155860.0,,0,0,0,0,0,1,1,0,ADV_IND,37,37,11,-1,0,-1,-1,3341,31,8,unknown,APPLE,
1081.820000000007,fb:15:c3:2a:ea:ac,acea2ac315fb1eff4c001219105fdc26c82b6e3b013ab9a9f8c7bcb530a0e3933bca78001f,-49732.0,71342.0,-104546.0,108025.0,-161332.0,,0,0,0,0,0,1,1,0,ADV_IND,37,37,3,-1,0,-1,-1,6925,32,7,unknown,APPLE,
1081.820000000007,e6:d5:da:7c:2a:c7,c72a7cdad5e61eff4c001219000446dbb7c1f1f260925c51963b3aef5a8b0309d4d2990200,-18258.0,69421.0,-115572.0,62604.0,-134925.0,,0,0,0,0,0,1,1,2,ADV_NONCONN_IND,37,37,1,-1,0,-1,-1,5709,31,7,unknown,APPLE,
1081.820000000007,48:24:d0:c9:a2:77,77a2c9d024480201061916aafe403694615f12dc37df62d67304cdb270f83f0830d410,-3780.0,116583.0,-85834.0,112674.0,-126352.0,,0,0,0,0,0,1,1,0,ADV_IND,35,37,8,-1,0,-1,-1,1430,32,7,unknown,GOOGLE,
1081.820000000007,c8:89:ee:6e:b5:21,21b56eee89c81eff4c00121910083ac4035893d4f125fb87faf581883545ed777feddc01f1,0.0,101733.0,-107968.0,76645.0,-143314.0,,0,0,0,0,0,1,1,0,ADV_IND,37,37,1,-1,0,-1,-1,3417,32,7,unknown,APPLE,
1083.6350000000093,d6:4d:3f:1f:e5:b5,b5e51f3f4dd61eff4c00121920ac10c8eb8bd183b7c60629936471cc6e9e00d248104b0156,-29223.0,80610.0,-85956.0,98040.0,-126969.0,,0,0,0,0,0,1,1,0,ADV_IND,37,37,6,-1,0,-1,-1,5428,32,8,unknown,APPLE,
1083.6350000000093,e6:d5:da:7c:2a:c7,c72a7cdad5e61eff4c001219000446dbb7c1f1f260925c51963b3aef5a8b0309d4d2990200,-48988.0,70962.0,-101600.0,72262.0,-148556.0,,0,0,0,0,0,1,1,2,ADV_NONCONN_IND,37,37,8,-1,0,-1,-1,7805,31,8,unknown,APPLE,
1083.6350000000093,fb:15:c3:2a:ea:ac,acea2ac315fb1eff4c001219105fdc26c82b6e3b013ab9a9f8c7bcb530a0e3933bca78001f,-38467.0,64139.0,-107599.0,113110.0,-177540.0,,0,0,0,0,0,1,1,0,ADV_IND,37,37,9,-1,0,-1,-1,2129,32,7,unknown,APPLE,
1085.439000000013,d6:4d:3f:1f:e5:b5,b5e51f3f4dd61eff4c00121920ac10c8eb8bd183b7c60629936471cc6e9e00d248104b0156,-16189.0,101743.0,-87406.0,106142.0,-134734.0,,0,0,0,0,0,1,1,0,ADV_IND,37,37,13,-1,0,-1,-1,7185,32,8,unknown,APPLE,
1090.5040000000008,cc:60:af:32:64:bf,bf6432af60cc1eff4c00121960e58073e8c41dbed7f513a5448304c5a024ae90862f8b0233,-9367.0,90726.0,-94242.0,120408.0,-148928.0,,0,0,0,0,0,1,1,0,ADV_IND,37,37,5,-1,0,-1,-1,3868,32,8,unknown,APPLE,
1093.6410000000033,d6:4d:3f:1f:e5:b5,b5e51f3f4dd61eff4c00121920ac10c8eb8bd183b7c60629936471cc6e9e00d248104b0156,-24670.0,72570.0,-89991.0,91746.0,-103589.0,,0,0,0,0,0,1,1,0,ADV_IND,37,37,8,-1,0,-1,-1,3863,32,8,unknown,APPLE,
1096.4330000000043,e6:df:1d:30:2b:33,25666c3cf5f41eff4c00121910c4ae7bedf14240cd85e38faa329cbbc7be0f299a6ed7033b,-8802.0,85030.0,-106412.0,97253.0,-132127.0,,0,0,0,0,0,1,1,0,ADV_IND,37,37,10,-1,0,-1,-1,2808,29,8,unknown,APPLE,f4:f5:3c:6c:66:25
1096.4330000000043,d6:4d:3f:1f:e5:b5,b5e51f3f4dd61eff4c00121920ac10c8eb8bd183b7c60629936471cc6e9e00d248104b0156,-6701.0,77270.0,-88357.0,90691.0,-119284.0,,0,0,0,0,0,1,1,0,ADV_IND,37,37,10,-1,0,-1,-1,4566,32,8,unknown,APPLE,
1096.4330000000043,c8:89:ee:6e:b5:21,21b56eee89c81eff4c00121910083ac4035893d4f125fb87faf581883545ed777feddc01f1,-15847.0,73792.0,-92816.0,76634.0,-128303.0,,0,0,0,0,0,1,1,0,ADV_IND,37,37,10,-1,0,-1,-1,3927,32,8,unknown,APPLE,
1097.570000000007,48:24:d0:c9:a2:77,77a2c9d024480201061916aafe403694615f12dc37df62d67304cdb270f83f0830d410,-4420.0,94514.0,-105894.0,88196.0,-121555.0,,0,0,0,0,0,1,1,0,ADV_IND,35,37,7,-1,0,-1,-1,2188,32,7,unknown,GOOGLE,
1102.3380000000034,cc:60:af:32:64:bf,bf6432af60cc1eff4c00121960e58073e8c41dbed7f513a5448304c5a024ae90862f8b0233,-19342.0,78936.0,-82040.0,99122.0,-145009.0,,0,0,0,0,0,1,1,0,ADV_IND,37,37,10,-1,0,-1,-1,2144,32,8,unknown,APPLE,
1106.1080000000077,c8:89:ee:6e:b5:21,21b56eee89c81eff4c00121910083ac4035893d4f125fb87faf581883545ed777feddc01f1,-29162.0,80262.0,-88835.0,76114.0,-133299.0,,0,0,0,0,0,1,1,0,ADV_IND,37,37,6,-1,0,-1,-1,7798,32,8,unknown,APPLE,
1110.349000000002,c8:89:ee:6e:b5:21,21b56eee89c81eff4c00121910083ac4035893d4f125fb87faf581883545ed777feddc01f1,-32222.0,76472.0,-85175.0,69157.0,-133994.0,,0,0,0,0,0,1,1,0,ADV_IND,37,37,7,-1,0,-1,-1,5811,32,8,unknown,APPLE,
1112.2309999999998,d6:4d:3f:1f:e5:b5,b5e51f3f4dd61eff4c00121920ac10c8eb8bd183b7c60629936471cc6e9e00d248104b0156,-31194.0,79042.0,-94685.0,116280.0,-129025.0,,0,0,0,0,0,1,1,0,ADV_IND,37,37,4,-1,0,-1,-1,6381,32,8,unknown,APPLE,
1114.8210000000108,fc:1e:76:d4:dc:5d,5ddcd4761efc1eff4c00121960d81d5031539b0824a32174eaa71c7169b2a09c66402300c8,-23971.0,95546.0,-88848.0,77430.0,-164676.0,,0,0,0,0,0,1,1,0,ADV_IND,37,37,2,-1,0,-1,-1,4449,32,7,unknown,APPLE,
1114.8210000000108,c8:89:ee:6e:b5:21,21b56eee89c81eff4c00121910083ac4035893d4f125fb87faf581883545ed777feddc01f1,-14022.0,61782.0,-97765.0,73644.0,-103605.0,,0,0,0,0,0,1,1,0,ADV_IND,37,37,15,-1,0,-1,-1,4748,32,8,unknown,APPLE,
1114.8210000000108,d6:4d:3f:1f:e5:b5,b5e51f3f4dd61eff4c00121920ac10c8eb8bd183b7c60629936471cc6e9e00d248104b0156,-23318.0,83355.0,-89631.0,104807.0,-95202.0,,0,0,0,0,0,1,1,0,ADV_IND,37,37,7,-1,0,-1,-1,1956,32,8,unknown,APPLE,
1117.524000000005,cf:64:14:64:28:20,2028641464cf1eff4c001219206d3ff72447fa8c2b4b92086e2def602566cf7d9d230600cc,-38695.0,61773.0,-87674.0,102140.0,-115328.0,,0,0,0,0,0,1,1,0,ADV_IND,37,37,9,-1,0,-1,-1,1989,32,8,unknown,APPLE,
1119.5970000000088,48:24:d0:c9:a2:77,77a2c9d024480201061916aafe403694615f12dc37df62d67304cdb270f83f0830d410,9201.0,97615.0,-103767.0,96194.0,-87136.0,,0,0,0,0,0,1,1,0,ADV_IND,35,37,0,-1,0,-1,-1,3280,32,8,unknown,GOOGLE,
1123.5430000000051,48:24:d0:c9:a2:77,77a2c9d024480201061916aafe403694615f12dc37df62d67304cdb270f83f0830d410,-8687.0,100379.0,-111474.0,112847.0,-134918.0,,0,0,0,0,0,1,1,0,ADV_IND,35,37,8,-1,0,-1,-1,6293,32,8,unknown,GOOGLE,
1127.5160000000033,48:24:d0:c9:a2:77,77a2c9d024480201061916aafe403694615f12dc37df62d67304cdb270f83f0830d410,-6684.0,98514.0,-108320.0,119381.0,-125524.0,,0,0,0,0,0,1,1,0,ADV_IND,35,37,5,-1,0,-1,-1,5348,32,8,unknown,GOOGLE,
1129.2530000000115,c8:89:ee:6e:b5:21,21b56eee89c81eff4c00121910083ac4035893d4f125fb87faf581883545ed777feddc01f1,-22044.0,70871.0,-94023.0,83495.0,-151264.0,,0,0,0,0,0,1,1,0,ADV_IND,37,37,6,-1,0,-1,-1,4719,32,7,unknown,APPLE,
1132.6070000000036,d6:4d:3f:1f:e5:b5,b5e51f3f4dd61eff4c00121920ac10c8eb8bd183b7c60629936471cc6e9e00d248104b0156,-27329.0,100056.0,-78147.0,94667.0,-135689.0,,0,0,0,0,0,1,1,0,ADV_IND,37,37,5,-1,0,-1,-1,7646,31,7,unknown,APPLE,
1132.6070000000036,e6:d5:da:7c:2a:c7,c72a7cdad5e61eff4c001219000446dbb7c1f1f260925c51963b3aef5a8b0309d4d2990200,-43343.0,85975.0,-94504.0,58997.0,-139470.0,,0,0,0,0,0,1,1,2,ADV_NONCONN_IND,37,37,5,-1,0,-1,-1,6471,32,8,unknown,APPLE,
1134.3100000000122,cf:64:14:64:28:20,2028641464cf1eff4c001219206d3ff72447fa8c2b4b92086e2def602566cf7d9d230600cc,-41218.0,51756.0,-81386.0,92618.0,-104130.0,,0,0,0,0,0,1,1,0,ADV_IND,37,37,14,-1,0,-1,-1,5044,32,8,unknown,APPLE,
1135.576000000001,48:24:d0:c9:a2:77,77a2c9d024480201061916aafe403694615f12dc37df62d67304cdb270f83f0830d410,-19343.0,138660.0,-119286.0,111172.0,-138069.0,,0,0,0,0,0,1,1,0,ADV_IND,35,37,11,-1,0,-1,-1,7880,28,7,unknown,GOOGLE,
1136.7090000000026,c8:89:ee:6e:b5:21,21b56eee89c81eff4c00121910083ac4035893d4f125fb87faf581883545ed777feddc01f1,-18038.0,75021.0,-86402.0,82239.0,-142622.0,,0,0,0,0,0,1,1,0,ADV_IND,37,37,7,-1,0,-1,-1,5749,32,8,unknown,APPLE,
1138.3020000000106,48:24:d0:c9:a2:77,77a2c9d024480201061916aafe403694615f12dc37df62d67304cdb270f83f0830d410,-15188.0,100099.0,-104367.0,96814.0,-129089.0,,0,0,0,0,0,1,1,0,ADV_IND,35,37,8,-1,0,-1,-1,2343,32,8,unknown,GOOGLE,
1140.5850000000064,d6:4d:3f:1f:e5:b5,b5e51f3f4dd61eff4c00121920ac10c8eb8bd183b7c60629936471cc6e9e00d248104b0156,0.0,74151.0,-98389.0,89755.0,-136326.0,,0,0,0,0,0,1,1,0,ADV_IND,37,37,13,-1,0,-1,-1,1682,32,8,unknown,APPLE,
1142.6150000000052,c8:89:ee:6e:b5:21,21b56eee89c81eff4c00121910083ac4035893d4f125fb87faf581883545ed777feddc01f1,-8889.0,48684.0,-86995.0,78925.0,-121248.0,,0,0,0,0,0,1,1,0,ADV_IND,37,37,9,-1,0,-1,-1,1242,32,8,unknown,APPLE,
1144.5620000000054,d6:4d:3f:1f:e5:b5,b5e51f3f4dd61eff4c00121920ac10c8eb8bd183b7c60629936471cc6e9e00d248104b0156,-28966.0,94486.0,-68412.0,78605.0,-127564.0,,0,0,0,0,0,1,1,0,ADV_IND,37,37,4,-1,0,-1,-1,5282,32,8,unknown,APPLE,
1146.3270000000048,48:24:d0:c9:a2:77,77a2c9d024480201061916aafe403694615f12dc37df62d67304cdb270f83f0830d410,0.0,113469.0,-122824.0,129628.0,-147493.0,,0,0,0,0,0,1,1,0,ADV_IND,35,37,1,-1,0,-1,-1,7984,32,7,unknown,GOOGLE,
1148.3650000000052,e6:d5:da:7c:2a:c7,c72a7cdad5e61eff4c001219000446dbb7c1f1f260925c51963b3aef5a8b0309d4d2990200,-37766.0,74310.0,-107816.0,78326.0,-135189.0,,0,0,0,0,0,1,1,2,ADV_NONCONN_IND,37,37,5,-1,0,-1,-1,6769,32,7,unknown,APPLE,
1149.6320000000123,f7:7c:f5:6f:79:43,43796ff57cf71eff4c001219201b94b2e66a35407797d4c2ac303f56dd4cc1958c5ebe029b,-24831.0,57089.0,-69614.0,52563.0,-94257.0,,0,0,0,0,0,1,1,0,ADV_IND,37,37,2,-1,0,-1,-1,3305,32,7,unknown,APPLE,
1150.7130000000034,c8:89:ee:6e:b5:21,21b56eee89c81eff4c00121910083ac4035893d4f125fb87faf581883545ed777feddc01f1,-14490.0,80854.0,-104070.0,82204.0,-151210.0,,0,0,0,0,0,1,1,0,ADV_IND,37,37,4,-1,0,-1,-1,2375,32,8,unknown,APPLE,
1152.540000000008,fb:15:c3:2a:ea:ac,acea2ac315fb1eff4c001219105fdc26c82b6e3b013ab9a9f8c7bcb530a0e3933bca78001f,-47701.0,73265.0,-103626.0,87235.0,-140034.0,,0,0,0,0,0,1,1,0,ADV_IND,37,37,14,-1,0,-1,-1,5423,31,7,unknown,APPLE,
1154.3040000000035,48:24:d0:c9:a2:77,77a2c9d024480201061916aafe403694615f12dc37df62d67304cdb270f83f0830d410,-1251.0,125111.0,-114881.0,116611.0,-137224.0,,0,0,0,0,0,1,1,0,ADV_IND,35,37,11,-1,0,-1,-1,3834,30,8,unknown,GOOGLE,
1163.0750000000116,d6:4d:3f:1f:e5:b5,b5e51f3f4dd61eff4c00121920ac10c8eb8bd183b7c60629936471cc6e9e00d248104b0156,-30668.0,100691.0,-86500.0,102475.0,-113300.0,,0,0,0,0,0,1,1,0,ADV_IND,37,37,0,-1,0,-1,-1,3032,32,8,unknown,APPLE,
1163.0750000000116,e6:d5:da:7c:2a:c7,c72a7cdad5e61eff4c001219000446dbb7c1f1f260925c51963b3aef5a8b0309d4d2990200,-37867.0,84018.0,-105411.0,74431.0,-159747.0,,0,0,0,0,0,1,1,2,ADV_NONCONN_IND,37,37,9,-1,0,-1,-1,5037,32,8,unknown,APPLE,
1163.0750000000116,fc:1e:76:d4:dc:5d,5ddcd4761efc1eff4c00121960d81d5031539b0824a32174eaa71c7169b2a09c66402300c8,-3155.0,78865.0,-87113.0,66761.0,-143987.0,,0,0,0,0,0,1,1,0,ADV_IND,37,37,8,-1,0,-1,-1,1960,32,7,unknown,APPLE,
1168.9140000000043,fb:15:c3:2a:ea:ac,acea2ac315fb1eff4c001219105fdc26c82b6e3b013ab9a9f8c7bcb530a0e3933bca78001f,-38802.0,64302.0,-97121.0,93005.0,-157875.0,,0,0,0,0,0,1,1,0,ADV_IND,37,37,9,-1,0,-1,-1,3127,32,7,unknown,APPLE,
1168.9140000000043,d6:4d:3f:1f:e5:b5,b5e51f3f4dd61eff4c00121920ac10c8eb8bd183b7c60629936471cc6e9e00d248104b0156,-33975.0,95595.0,-95507.0,97094.0,-131976.0,,0,0,0,0,0,1,1,0,ADV_IND,37,37,12,-1,0,-1,-1,7290,31,7,unknown,APPLE,
1170.843000000008,fb:15:c3:2a:ea:ac,acea2ac315fb1eff4c001219105fdc26c82b6e3b013ab9a9f8c7bcb530a0e3933bca78001f,-51792.0,75982.0,-105554.0,91565.0,-154229.0,,0,0,0,0,0,1,1,0,ADV_IND,37,37,11,-1,0,-1,-1,4948,32,7,unknown,APPLE,
1179.5610000000015,fb:15:c3:2a:ea:ac,acea2ac315fb1eff4c001219105fdc26c82b6e3b013ab9a9f8c7bcb530a0e3933bca78001f,-31936.0,83121.0,-126031.0,91373.0,-164139.0,,0,0,0,0,0,1,1,0,ADV_IND,37,37,11,-1,0,-1,-1,6220,32,8,unknown,APPLE,
1179.5610000000015,d6:4d:3f:1f:e5:b5,b5e51f3f4dd61eff4c00121920ac10c8eb8bd183b7c60629936471cc6e9e00d248104b0156,-40307.0,85776.0,-77108.0,83476.0,-108961.0,,0,0,0,0,0,1,1,0,ADV_IND,37,37,5,-1,0,-1,-1,5822,32,8,unknown,APPLE,
1181.3500000000058,c8:89:ee:6e:b5:21,21b56eee89c81eff4c00121910083ac4035893d4f125fb87faf581883545ed777feddc01f1,-13199.0,76558.0,-107341.0,86912.0,-131105.0,,0,0,0,0,0,1,1,0,ADV_IND,37,37,12,-1,0,-1,-1,2849,32,8,unknown,APPLE,
1181.3500000000058,d6:4d:3f:1f:e5:b5,b5e51f3f4dd61eff4c00121920ac10c8eb8bd183b7c60629936471cc6e9e00d248104b0156,-21889.0,84066.0,-106886.0,94537.0,-86675.0,,0,0,0,0,0,1,1,0,ADV_IND,37,37,6,-1,0,-1,-1,1632,31,8,unknown,APPLE,
1183.294000000009,d6:4d:3f:1f:e5:b5,b5e51f3f4dd61eff4c00121920ac10c8eb8bd183b7c60629936471cc6e9e00d248104b0156,0.0,78290.0,-93019.0,88912.0,-126700.0,,0,0,0,0,0,1,1,0,ADV_IND,37,37,15,-1,0,-1,-1,6790,32,8,unknown,APPLE,
1191.076000000001,fc:1e:76:d4:dc:5d,5ddcd4761efc1eff4c00121960d81d5031539b0824a32174eaa71c7169b2a09c66402300c8,-941.0,46490.0,-88123.0,73142.0,-130634.0,,0,0,0,0,0,1,1,0,ADV_IND,37,37,4,-1,0,-1,-1,6333,32,8,unknown,APPLE,
1191.076000000001,48:24:d0:c9:a2:77,77a2c9d024480201061916aafe403694615f12dc37df62d67304cdb270f83f0830d410,-4801.0,96859.0,-98133.0,133680.0,-88645.0,,0,0,0,0,0,1,1,0,ADV_IND,35,37,10,-1,0,-1,-1,1373,32,8,unknown,GOOGLE,
1203.399000000005,48:24:d0:c9:a2:77,77a2c9d024480201061916aafe403694615f12dc37df62d67304cdb270f83f0830d410,-9211.0,98029.0,-99147.0,124788.0,-110769.0,,0,0,0,0,0,1,1,0,ADV_IND,35,37,12,-1,0,-1,-1,5793,32,7,unknown,GOOGLE,
1205.6120000000085,d6:4d:3f:1f:e5:b5,b5e51f3f4dd61eff4c00121920ac10c8eb8bd183b7c60629936471cc6e9e00d248104b0156,-19434.0,82863.0,-86270.0,73538.0,-115394.0,,0,0,0,0,0,1,1,0,ADV_IND,37,37,6,-1,0,-1,-1,3531,31,7,unknown,APPLE,
1211.8390000000072,48:24:d0:c9:a2:77,77a2c9d024480201061916aafe403694615f12dc37df62d67304cdb270f83f0830d410,-15729.0,82782.0,-97480.0,115554.0,-124689.0,,0,0,0,0,0,1,1,0,ADV_IND,35,37,7,-1,0,-1,-1,3481,32,8,unknown,GOOGLE,
1213.8470000000088,48:24:d0:c9:a2:77,77a2c9d024480201061916aafe403694615f12dc37df62d67304cdb270f83f0830d410,-9517.0,104110.0,-97491.0,119299.0,-135666.0,,0,0,0,0,0,1,1,0,ADV_IND,35,37,6,-1,0,-1,-1,1418,32,8,unknown,GOOGLE,
1213.8470000000088,d6:4d:3f:1f:e5:b5,b5e51f3f4dd61eff4c00121920ac10c8eb8bd183b7c60629936471cc6e9e00d248104b0156,-22353.0,66727.0,-90141.0,90381.0,-114778.0,,0,0,0,0,0,1,1,0,ADV_IND,37,37,9,-1,0,-1,-1,3210,32,8,unknown,APPLE,
1216.3840000000057,48:24:d0:c9:a2:77,77a2c9d024480201061916aafe403694615f12dc37df62d67304cdb270f83f0830d410,-9412.0,106680.0,-107805.0,132486.0,-117660.0,,0,0,0,0,0,1,1,0,ADV_IND,35,37,9,-1,0,-1,-1,5913,32,8,unknown,GOOGLE,
1218.5660000000062,48:24:d0:c9:a2:77,77a2c9d024480201061916aafe403694615f12dc37df62d67304cdb270f83f0830d410,-11190.0,96316.0,-109863.0,124877.0,-106449.0,,0,0,0,0,0,1,1,0,ADV_IND,35,37,11,-1,0,-1,-1,3381,32,7,unknown,GOOGLE,
1223.0010000000038,e6:d5:da:7c:2a:c7,c72a7cdad5e61eff4c001219000446dbb7c1f1f260925c51963b3aef5a8b0309d4d2990200,-23015.0,77282.0,-106965.0,78829.0,-151944.0,,0,0,0,0,0,1,1,2,ADV_NONCONN_IND,37,37,3,-1,0,-1,-1,4393,32,8,unknown,APPLE,
1223.0010000000038,48:24:d0:c9:a2:77,77a2c9d024480201061916aafe403694615f12dc37df62d67304cdb270f83f0830d410,11820.0,106474.0,-119966.0,108450.0,-136779.0,,0,0,0,0,0,1,1,0,ADV_IND,35,37,2,-1,0,-1,-1,7158,30,8,unknown,GOOGLE,
1224.9560000000056,48:24:d0:c9:a2:77,77a2c9d024480201061916aafe403694615f12dc37df62d67304cdb270f83f0830d410,0.0,90346.0,-108615.0,121064.0,-103697.0,,0,0,0,0,0,1,1,0,ADV_IND,35,37,12,-1,0,-1,-1,3039,31,8,unknown,GOOGLE,
1226.497000000003,e6:d5:da:7c:2a:c7,c72a7cdad5e61eff4c001219000446dbb7c1f1f260925c51963b3aef5a8b0309d4d2990200,-14271.0,88211.0,-112626.0,62432.0,-147713.0,,0,0,0,0,0,1,1,2,ADV_NONCONN_IND,37,37,5,-1,0,-1,-1,7954,30,8,unknown,APPLE,
1230.4040000000095,e7:57:a7:86:2d:07,072d86a757e71eff4c0012192067ebc34ef701b0900ebd9282921b921cdaa94fd9035a00a1,-27520.0,74391.0,-84267.0,52319.0,-123863.0,,0,0,0,0,0,1,1,0,ADV_IND,37,37,9,-1,0,-1,-1,5508,32,7,unknown,APPLE,
1233.9050000000134,f7:7c:f5:6f:79:43,43796ff57cf71eff4c001219201b94b2e66a35407797d4c2ac303f56dd4cc1958c5ebe029b,-21691.0,76515.0,-80866.0,75996.0,-114798.0,,0,0,0,0,0,1,1,0,ADV_IND,37,37,0,-1,0,-1,-1,3904,31,7,unknown,APPLE,
1233.9050000000134,e8:2e:3a:81:d8:a9,a9d8813a2ee81eff4c0012190059fbe46cfdaab699bfcec72cb37ad8b913cd2c7603c60000,-33617.0,59310.0,-88968.0,87922.0,-142038.0,,0,0,0,0,0,1,1,2,ADV_NONCONN_IND,37,37,15,-1,0,-1,-1,2951,32,8,unknown,APPLE,
1235.925000000003,f7:7c:f5:6f:79:43,43796ff57cf71eff4c001219201b94b2e66a35407797d4c2ac303f56dd4cc1958c5ebe029b,-37161.0,91957.0,-88109.0,80796.0,-112043.0,,0,0,0,0,0,1,1,0,ADV_IND,37,37,6,-1,0,-1,-1,6132,30,7,unknown,APPLE,
1238.0740000000078,48:24:d0:c9:a2:77,77a2c9d024480201061916aafe403694615f12dc37df62d67304cdb270f83f0830d410,29.0,97896.0,-105364.0,112828.0,-109306.0,,0,0,0,0,0,1,1,0,ADV_IND,35,37,7,-1,0,-1,-1,4332,32,7,unknown,GOOGLE,
1238.0740000000078,d6:4d:3f:1f:e5:b5,b5e51f3f4dd61eff4c00121920ac10c8eb8bd183b7c60629936471cc6e9e00d248104b0156,-6710.0,82712.0,-97707.0,83375.0,-113323.0,,0,0,0,0,0,1,1,0,ADV_IND,37,37,13,-1,0,-1,-1,4069,32,8,unknown,APPLE,
1240.5630000000092,ce:43:1b:83:c9:9b,25666c3cf5f41eff4c00121910c4ae7bedf14240cd85e38faa329cbbc7be0f299a6ed7033b,-30487.0,73251.0,-99121.0,87654.0,-112532.0,,0,0,0,0,0,1,1,0,ADV_IND,37,37,11,-1,0,-1,-1,5712,32,8,unknown,APPLE,f4:f5:3c:6c:66:25
1242.7550000000049,fc:1e:76:d4:dc:5d,5ddcd4761efc1eff4c00121960d81d5031539b0824a32174eaa71c7169b2a09c66402300c8,-13626.0,63131.0,-91158.0,74424.0,-143661.0,,0,0,0,0,0,1,1,0,ADV_IND,37,37,2,-1,0,-1,-1,3132,32,8,unknown,APPLE,
1242.7550000000049,e6:d5:da:7c:2a:c7,c72a7cdad5e61eff4c001219000446dbb7c1f1f260925c51963b3aef5a8b0309d4d2990200,-15517.0,85451.0,-117769.0,62697.0,-153794.0,,0,0,0,0,0,1,1,2,ADV_NONCONN_IND,37,37,12,-1,0,-1,-1,5722,32,7,unknown,APPLE,
1242.7550000000049,fb:15:c3:2a:ea:ac,acea2ac315fb1eff4c001219105fdc26c82b6e3b013ab9a9f8c7bcb530a0e3933bca78001f,-29005.0,107922.0,-132655.0,86326.0,-168755.0,,0,0,0,0,0,1,1,0,ADV_IND,37,37,3,-1,0,-1,-1,3632,32,7,unknown,APPLE,
1242.7550000000049,fc:1e:76:d4:dc:5d,5ddcd4761efc1eff4c00121960d81d5031539b0824a32174eaa71c7169b2a09c66402300c8,-15135.0,94814.0,-88684.0,70676.0,-153553.0,,0,0,0,0,0,1,1,0,ADV_IND,37,37,13,-1,0,-1,-1,2529,32,8,unknown,APPLE,
1244.8610000000044,fc:1e:76:d4:dc:5d,5ddcd4761efc1eff4c00121960d81d5031539b0824a32174eaa71c7169b2a09c66402300c8,-27607.0,60499.0,-84580.0,95277.0,-156495.0,,0,0,0,0,0,1,1,0,ADV_IND,37,37,4,-1,0,-1,-1,2704,32,8,unknown,APPLE,
1247.023000000001,f7:7c:f5:6f:79:43,43796ff57cf71eff4c001219201b94b2e66a35407797d4c2ac303f56dd4cc1958c5ebe029b,-8109.0,57612.0,-87764.0,67991.0,-85987.0,,0,0,0,0,0,1,1,0,ADV_IND,37,37,15,-1,0,-1,-1,7952,32,8,unknown,APPLE,
1247.023000000001,cc:60:af:32:64:bf,bf6432af60cc1eff4c00121960e58073e8c41dbed7f513a5448304c5a024ae90862f8b0233,-1951.0,96889.0,-107948.0,107474.0,-159196.0,,0,0,0,0,0,1,1,0,ADV_IND,37,37,11,-1,0,-1,-1,2403,32,8,unknown,APPLE,
1249.0790000000125,f7:7c:f5:6f:79:43,43796ff57cf71eff4c001219201b94b2e66a35407797d4c2ac303f56dd4cc1958c5ebe029b,-23528.0,70174.0,-94386.0,92334.0,-117620.0,,0,0,0,0,0,1,1,0,ADV_IND,37,37,15,-1,0,-1,-1,6944,32,8,unknown,APPLE,
1251.1300000000049,d6:4d:3f:1f:e5:b5,b5e51f3f4dd61eff4c00121920ac10c8eb8bd183b7c60629936471cc6e9e00d248104b0156,-20741.0,90139.0,-86845.0,82448.0,-114774.0,,0,0,0,0,0,1,1,0,ADV_IND,37,37,15,-1,0,-1,-1,3047,32,8,unknown,APPLE,
1251.1300000000049,cc:60:af:32:64:bf,bf6432af60cc1eff4c00121960e58073e8c41dbed7f513a5448304c5a024ae90862f8b0233,0.0,83546.0,-100423.0,97658.0,-119690.0,,0,0,0,0,0,1,1,0,ADV_IND,37,37,3,-1,0,-1,-1,5506,32,8,unknown,APPLE,
1253.0660000000062,c8:89:ee:6e:b5:21,21b56eee89c81eff4c00121910083ac4035893d4f125fb87faf581883545ed777feddc01f1,-21274.0,80828.0,-89417.0,85879.0,-146978.0,,0,0,0,0,0,1,1,0,ADV_IND,37,37,2,-1,0,-1,-1,5757,32,8,unknown,APPLE,
1253.0660000000062,cc:60:af:32:64:bf,bf6432af60cc1eff4c00121960e58073e8c41dbed7f513a5448304c5a024ae90862f8b0233,1345.0,95838.0,-76727.0,85560.0,-145064.0,,0,0,0,0,0,1,1,0,ADV_IND,37,37,8,-1,0,-1,-1,6311,31,8,unknown,APPLE,
1255.0910000000003,f7:7c:f5:6f:79:43,43796ff57cf71eff4c001219201b94b2e66a35407797d4c2ac303f56dd4cc1958c5ebe029b,-18642.0,83339.0,-87280.0,70057.0,-89788.0,,0,0,0,0,0,1,1,0,ADV_IND,37,37,8,-1,0,-1,-1,2881,32,8,unknown,APPLE,
1255.0910000000003,c8:89:ee:6e:b5:21,21b56eee89c81eff4c00121910083ac4035893d4f125fb87faf581883545ed777feddc01f1,-29378.0,82000.0,-98028.0,70052.0,-136184.0,,0,0,0,0,0,1,1,0,ADV_IND,37,37,9,-1,0,-1,-1,6535,32,8,unknown,APPLE,
1257.1880000000092,cc:60:af:32:64:bf,bf6432af60cc1eff4c00121960e58073e8c41dbed7f513a5448304c5a024ae90862f8b0233,-8570.0,60132.0,-85070.0,109045.0,-129477.0,,0,0,0,0,0,1,1,0,ADV_IND,37,37,13,-1,0,-1,-1,2130,32,8,unknown,APPLE,
1260.6840000000084,d6:4d:3f:1f:e5:b5,b5e51f3f4dd61eff4c00121920ac10c8eb8bd183b7c60629936471cc6e9e00d248104b0156,-12532.0,102777.0,-106306.0,113724.0,-122657.0,,0,0,0,0,0,1,1,0,ADV_IND,37,37,2,-1,0,-1,-1,3133,32,8,unknown,APPLE,
1262.4640000000072,c8:89:ee:6e:b5:21,21b56eee89c81eff4c00121910083ac4035893d4f125fb87faf581883545ed777feddc01f1,-16929.0,110718.0,-116488.0,83363.0,-150670.0,,0,0,0,0,0,1,1,0,ADV_IND,37,37,5,-1,0,-1,-1,6461,30,7,unknown,APPLE,
1262.4640000000072,e6:d5:da:7c:2a:c7,c72a7cdad5e61eff4c001219000446dbb7c1f1f260925c51963b3aef5a8b0309d4d2990200,-28784.0,59477.0,-108350.0,66987.0,-114880.0,,0,0,0,0,0,1,1,2,ADV_NONCONN_IND,37,37,10,-1,0,-1,-1,4456,31,8,unknown,APPLE,
1264.4410000000062,48:24:d0:c9:a2:77,77a2c9d024480201061916aafe403694615f12dc37df62d67304cdb270f83f0830d410,-9760.0,93481.0,-106189.0,101126.0,-120614.0,,0,0,0,0,0,1,1,0,ADV_IND,35,37,0,-1,0,-1,-1,5639,32,8,unknown,GOOGLE,
1264.4410000000062,c8:89:ee:6e:b5:21,21b56eee89c81eff4c00121910083ac4035893d4f125fb87faf581883545ed777feddc01f1,-21165.0,78053.0,-115692.0,87062.0,-124738.0,,0,0,0,0,0,1,1,0,ADV_IND,37,37,4,-1,0,-1,-1,7584,30,7,unknown,APPLE,
1264.4410000000062,e8:2e:3a:81:d8:a9,a9d8813a2ee81eff4c0012190059fbe46cfdaab699bfcec72cb37ad8b913cd2c7603c60000,-38895.0,56958.0,-97604.0,103987.0,-160676.0,,0,0,0,0,0,1,1,2,ADV_NONCONN_IND,37,37,10,-1,0,-1,-1,5732,32,8,unknown,APPLE,
1264.4410000000062,d6:4d:3f:1f:e5:b5,b5e51f3f4dd61eff4c00121920ac10c8eb8bd183b7c60629936471cc6e9e00d248104b0156,-20878.0,74453.0,-103001.0,105819.0,-91268.0,,0,0,0,0,0,1,1,0,ADV_IND,37,37,10,-1,0,-1,-1,3142,32,8,unknown,APPLE,
1265.9900000000052,d6:4d:3f:1f:e5:b5,b5e51f3f4dd61eff4c00121920ac10c8eb8bd183b7c60629936471cc6e9e00d248104b0156,-35777.0,81239.0,-91751.0,96763.0,-102165.0,,0,0,0,0,0,1,1,0,ADV_IND,37,37,2,-1,0,-1,-1,6689,32,8,unknown,APPLE,
1265.9900000000052,cf:64:14:64:28:20,2028641464cf1eff4c001219206d3ff72447fa8c2b4b92086e2def602566cf7d9d230600cc,-16842.0,40633.0,-98405.0,80968.0,-110161.0,,0,0,0,0,0,1,1,0,ADV_IND,37,37,14,-1,0,-1,-1,2280,31,8,unknown,APPLE,
1267.724000000002,48:24:d0:c9:a2:77,77a2c9d024480201061916aafe403694615f12dc37df62d67304cdb270f83f0830d410,-6760.0,117337.0,-127311.0,116109.0,-145637.0,,0,0,0,0,0,1,1,0,ADV_IND,35,37,9,-1,0,-1,-1,5682,32,8,unknown,GOOGLE,
1267.724000000002,d6:4d:3f:1f:e5:b5,b5e51f3f4dd61eff4c00121920ac10c8eb8bd183b7c60629936471cc6e9e00d248104b0156,-21567.0,76695.0,-96048.0,103783.0,-98156.0,,0,0,0,0,0,1,1,0,ADV_IND,37,37,5,-1,0,-1,-1,7069,32,8,unknown,APPLE,
1267.724000000002,cc:60:af:32:64:bf,bf6432af60cc1eff4c00121960e58073e8c41dbed7f513a5448304c5a024ae90862f8b0233,769.0,73685.0,-72116.0,103480.0,-146160.0,,0,0,0,0,0,1,1,0,ADV_IND,37,37,7,-1,0,-1,-1,3008,32,8,unknown,APPLE,
1269.1960000000108,d6:4d:3f:1f:e5:b5,b5e51f3f4dd61eff4c00121920ac10c8eb8bd183b7c60629936471cc6e9e00d248104b0156,-9571.0,93308.0,-97652.0,117570.0,-146533.0,,0,0,0,0,0,1,1,0,ADV_IND,37,37,3,-1,0,-1,-1,4798,32,8,unknown,APPLE,
1271.01400000001,cb:9e:19:3f:70:60,25666c3cf5f41eff4c00121910c4ae7bedf14240cd85e38faa329cbbc7be0f299a6ed7033b,-12307.0,91387.0,-106545.0,88324.0,-155233.0,,0,0,0,0,0,1,1,0,ADV_IND,37,37,5,-1,0,-1,-1,2734,31,8,unknown,APPLE,f4:f5:3c:6c:66:25
1271.01400000001,fc:1e:76:d4:dc:5d,5ddcd4761efc1eff4c00121960d81d5031539b0824a32174eaa71c7169b2a09c66402300c8,-9913.0,61647.0,-99568.0,89874.0,-129794.0,,0,0,0,0,0,1,1,0,ADV_IND,37,37,0,-1,0,-1,-1,4510,32,8,unknown,APPLE,
1271.01400000001,d6:4d:3f:1f:e5:b5,b5e51f3f4dd61eff4c00121920ac10c8eb8bd183b7c60629936471cc6e9e00d248104b0156,-29436.0,93281.0,-101357.0,114718.0,-123956.0,,0,0,0,0,0,1,1,0,ADV_IND,37,37,12,-1,0,-1,-1,6852,32,8,unknown,APPLE,
1272.7880000000005,e6:d5:da:7c:2a:c7,c72a7cdad5e61eff4c001219000446dbb7c1f1f260925c51963b3aef5a8b0309d4d2990200,-47440.0,75644.0,-93718.0,69735.0,-145088.0,,0,0,0,0,0,1,1,2,ADV_NONCONN_IND,37,37,4,-1,0,-1,-1,4685,32,8,unknown,APPLE,
1272.7880000000005,d6:4d:3f:1f:e5:b5,b5e51f3f4dd61eff4c00121920ac10c8eb8bd183b7c60629936471cc6e9e00d248104b0156,-1844.0,72760.0,-84897.0,81066.0,-120788.0,,0,0,0,0,0,1,1,0,ADV_IND,37,37,14,-1,0,-1,-1,5745,32,8,unknown,APPLE,
1272.7880000000005,cf:64:14:64:28:20,2028641464cf1eff4c001219206d3ff72447fa8c2b4b92086e2def602566cf7d9d230600cc,-29060.0,49420.0,-93470.0,95240.0,-128291.0,,0,0,0,0,0,1,1,0,ADV_IND,37,37,4,-1,0,-1,-1,2903,32,8,unknown,APPLE,
1272.7880000000005,c8:89:ee:6e:b5:21,21b56eee89c81eff4c00121910083ac4035893d4f125fb87faf581883545ed777feddc01f1,-19432.0,70284.0,-101392.0,82215.0,-126347.0,,0,0,0,0,0,1,1,0,ADV_IND,37,37,5,-1,0,-1,-1,5766,32,8,unknown,APPLE,
1274.7560000000085,48:24:d0:c9:a2:77,77a2c9d024480201061916aafe403694615f12dc37df62d67304cdb270f83f0830d410,-22893.0,121536.0,-107750.0,102352.0,-140411.0,,0,0,0,0,0,1,1,0,ADV_IND,35,37,14,-1,0,-1,-1,1637,31,7,unknown,GOOGLE,
1278.3380000000034,f7:7c:f5:6f:79:43,43796ff57cf71eff4c001219201b94b2e66a35407797d4c2ac303f56dd4cc1958c5ebe029b,-17369.0,55992.0,-57260.0,72878.0,-121410.0,,0,0,0,0,0,1,1,0,ADV_IND,37,37,11,-1,0,-1,-1,4839,32,8,unknown,APPLE,
1278.3380000000034,48:24:d0:c9:a2:77,77a2c9d024480201061916aafe403694615f12dc37df62d67304cdb270f83f0830d410,-1070.0,119160.0,-136172.0,114231.0,-144637.0,,0,0,0,0,0,1,1,0,ADV_IND,35,37,4,-1,0,-1,-1,3686,32,8,unknown,GOOGLE,
1280.3150000000023,cf:64:14:64:28:20,2028641464cf1eff4c001219206d3ff72447fa8c2b4b92086e2def602566cf7d9d230600cc,-36305.0,45090.0,-77477.0,72339.0,-93560.0,,0,0,0,0,0,1,1,0,ADV_IND,37,37,14,-1,0,-1,-1,2453,32,8,unknown,APPLE,
1282.1270000000077,f7:7c:f5:6f:79:43,43796ff57cf71eff4c001219201b94b2e66a35407797d4c2ac303f56dd4cc1958c5ebe029b,-27410.0,68330.0,-62780.0,74180.0,-114374.0,,0,0,0,0,0,1,1,0,ADV_IND,37,37,12,-1,0,-1,-1,3893,32,7,unknown,APPLE,
1283.6040000000066,fc:1e:76:d4:dc:5d,5ddcd4761efc1eff4c00121960d81d5031539b0824a32174eaa71c7169b2a09c66402300c8,-7255.0,83130.0,-83506.0,60970.0,-132812.0,,0,0,0,0,0,1,1,0,ADV_IND,37,37,5,-1,0,-1,-1,1840,30,7,unknown,APPLE,
1284.344000000012,e7:57:a7:86:2d:07,072d86a757e71eff4c0012192067ebc34ef701b0900ebd9282921b921cdaa94fd9035a00a1,-30041.0,68584.0,-80906.0,49490.0,-110513.0,,0,0,0,0,0,1,1,0,ADV_IND,37,37,9,-1,0,-1,-1,3425,29,8,unknown,APPLE,
1285.594000000012,48:24:d0:c9:a2:77,77a2c9d024480201061916aafe403694615f12dc37df62d67304cdb270f83f0830d410,-2264.0,108017.0,-108570.0,109791.0,-138872.0,,0,0,0,0,0,1,1,0,ADV_IND,35,37,10,-1,0,-1,-1,4415,32,8,unknown,GOOGLE,
1287.1260000000038,fb:15:c3:2a:ea:ac,acea2ac315fb1eff4c001219105fdc26c82b6e3b013ab9a9f8c7bcb530a0e3933bca78001f,-45642.0,71680.0,-116649.0,90877.0,-144646.0,,0,0,0,0,0,1,1,0,ADV_IND,37,37,5,-1,0,-1,-1,7016,31,8,unknown,APPLE,
1287.1260000000038,d2:d7:27:15:6d:b2,b26d1527d7d21eff4c0012196086c9cc1003183309832d2a6ce5fbb63f0a9f0d1c6d43015c,9077.0,72466.0,-91092.0,114917.0,-161133.0,,0,0,0,0,0,1,1,0,ADV_IND,37,37,0,-1,0,-1,-1,4180,32,8,unknown,APPLE,
1288.8290000000125,48:24:d0:c9:a2:77,77a2c9d024480201061916aafe403694615f12dc37df62d67304cdb270f83f0830d410,-17251.0,120862.0,-107550.0,117436.0,-129546.0,,0,0,0,0,0,1,1,0,ADV_IND,35,37,3,-1,0,-1,-1,4936,31,8,unknown,GOOGLE,
1288.8290000000125,c8:89:ee:6e:b5:21,21b56eee89c81eff4c00121910083ac4035893d4f125fb87faf581883545ed777feddc01f1,-18152.0,82105.0,-110842.0,78507.0,-129955.0,,0,0,0,0,0,1,1,0,ADV_IND,37,37,15,-1,0,-1,-1,2354,31,8,unknown,APPLE,
1288.8290000000125,f7:7c:f5:6f:79:43,43796ff57cf71eff4c001219201b94b2e66a35407797d4c2ac303f56dd4cc1958c5ebe029b,-39860.0,72867.0,-93162.0,76126.0,-102972.0,,0,0,0,0,0,1,1,0,ADV_IND,37,37,10,-1,0,-1,-1,3699,32,8,unknown,APPLE,
1288.8290000000125,cf:64:14:64:28:20,2028641464cf1eff4c001219206d3ff72447fa8c2b4b92086e2def602566cf7d9d230600cc,-12332.0,79958.0,-94143.0,73658.0,-142291.0,,0,0,0,0,0,1,1,0,ADV_IND,37,37,11,-1,0,-1,-1,3769,32,8,unknown,APPLE,
1288.8290000000125,fc:1e:76:d4:dc:5d,5ddcd4761efc1eff4c00121960d81d5031539b0824a32174eaa71c7169b2a09c66402300c8,-13041.0,78357.0,-80930.0,79160.0,-166213.0,,0,0,0,0,0,1,1,0,ADV_IND,37,37,6,-1,0,-1,-1,2474,31,8,unknown,APPLE,
1290.718000000008,48:24:d0:c9:a2:77,77a2c9d024480201061916aafe403694615f12dc37df62d67304cdb270f83f0830d410,-21595.0,105068.0,-113886.0,144020.0,-128002.0,,0,0,0,0,0,1,1,0,ADV_IND,35,37,13,-1,0,-1,-1,2745,32,8,unknown,GOOGLE,
1290.718000000008,e6:d5:da:7c:2a:c7,c72a7cdad5e61eff4c001219000446dbb7c1f1f260925c51963b3aef5a8b0309d4d2990200,-45722.0,78243.0,-99945.0,75963.0,-153915.0,,0,0,0,0,0,1,1,2,ADV_NONCONN_IND,37,37,4,-1,0,-1,-1,3517,32,8,unknown,APPLE,
1292.1300000000049,fb:15:c3:2a:ea:ac,acea2ac315fb1eff4c001219105fdc26c82b6e3b013ab9a9f8c7bcb530a0e3933bca78001f,-54231.0,74952.0,-120343.0,99502.0,-153495.0,,0,0,0,0,0,1,1,0,ADV_IND,37,37,14,-1,0,-1,-1,1268,32,8,unknown,APPLE,
1293.9490000000078,e6:d5:da:7c:2a:c7,c72a7cdad5e61eff4c001219000446dbb7c1f1f260925c51963b3aef5a8b0309d4d2990200,-18537.0,86475.0,-116213.0,68345.0,-139483.0,,0,0,0,0,0,1,1,2,ADV_NONCONN_IND,37,37,9,-1,0,-1,-1,1079,32,8,unknown,APPLE,
1293.9490000000078,cf:64:14:64:28:20,2028641464cf1eff4c001219206d3ff72447fa8c2b4b92086e2def602566cf7d9d230600cc,-28216.0,98461.0,-102332.0,88961.0,-147264.0,,0,0,0,0,0,1,1,0,ADV_IND,37,37,11,-1,0,-1,-1,1289,31,8,unknown,APPLE,
1295.8410000000003,d2:d7:27:15:6d:b2,b26d1527d7d21eff4c0012196086c9cc1003183309832d2a6ce5fbb63f0a9f0d1c6d43015c,9219.0,56061.0,-85332.0,109668.0,-120879.0,,0,0,0,0,0,1,1,0,ADV_IND,37,37,6,-1,0,-1,-1,7939,32,8,unknown,APPLE,
1295.8410000000003,e6:d5:da:7c:2a:c7,c72a7cdad5e61eff4c001219000446dbb7c1f1f260925c51963b3aef5a8b0309d4d2990200,-29741.0,65851.0,-104634.0,76169.0,-126432.0,,0,0,0,0,0,1,1,2,ADV_NONCONN_IND,37,37,11,-1,0,-1,-1,2270,32,8,unknown,APPLE,
1297.6110000000044,e6:d5:da:7c:2a:c7,c72a7cdad5e61eff4c001219000446dbb7c1f1f260925c51963b3aef5a8b0309d4d2990200,-25322.0,91342.0,-114341.0,71240.0,-134240.0,,0,0,0,0,0,1,1,2,ADV_NONCONN_IND,37,37,7,-1,0,-1,-1,3465,31,7,unknown,APPLE,
1297.6110000000044,fb:15:c3:2a:ea:ac,acea2ac315fb1eff4c001219105fdc26c82b6e3b013ab9a9f8c7bcb530a0e3933bca78001f,-36053.0,86471.0,-121812.0,87363.0,-157510.0,,0,0,0,0,0,1,1,0,ADV_IND,37,37,14,-1,0,-1,-1,6849,31,7,unknown,APPLE,
1299.6589999999997,48:24:d0:c9:a2:77,77a2c9d024480201061916aafe403694615f12dc37df62d67304cdb270f83f0830d410,-10605.0,91184.0,-105076.0,126843.0,-143607.0,,0,0,0,0,0,1,1,0,ADV_IND,35,37,3,-1,0,-1,-1,6846,32,8,unknown,GOOGLE,
1301.7570000000123,d6:4d:3f:1f:e5:b5,b5e51f3f4dd61eff4c00121920ac10c8eb8bd183b7c60629936471cc6e9e00d248104b0156,-40607.0,97286.0,-109806.0,112944.0,-134381.0,,0,0,0,0,0,1,1,0,ADV_IND,37,37,1,-1,0,-1,-1,7227,32,8,unknown,APPLE,
1303.7119999999995,cf:64:14:64:28:20,2028641464cf1eff4c001219206d3ff72447fa8c2b4b92086e2def602566cf7d9d230600cc,-14807.0,55924.0,-93406.0,82355.0,-122330.0,,0,0,0,0,0,1,1,0,ADV_IND,37,37,14,-1,0,-1,-1,3173,32,8,unknown,APPLE,
1307.741000000009,48:24:d0:c9:a2:77,77a2c9d024480201061916aafe403694615f12dc37df62d67304cdb270f83f0830d410,-5831.0,97258.0,-108247.0,92297.0,-116419.0,,0,0,0,0,0,1,1,0,ADV_IND,35,37,2,-1,0,-1,-1,6900,32,8,unknown,GOOGLE,
1311.37000000001,fb:15:c3:2a:ea:ac,acea2ac315fb1eff4c001219105fdc26c82b6e3b013ab9a9f8c7bcb530a0e3933bca78001f,-45582.0,79206.0,-119552.0,103135.0,-153255.0,,0,0,0,0,0,1,1,0,ADV_IND,37,37,8,-1,0,-1,-1,7777,32,7,unknown,APPLE,
1313.7560000000085,cf:64:14:64:28:20,2028641464cf1eff4c001219206d3ff72447fa8c2b4b92086e2def602566cf7d9d230600cc,-31543.0,63746.0,-88358.0,84125.0,-132987.0,,0,0,0,0,0,1,1,0,ADV_IND,37,37,6,-1,0,-1,-1,7333,32,7,unknown,APPLE,
1317.5840000000026,e6:d5:da:7c:2a:c7,c72a7cdad5e61eff4c001219000446dbb7c1f1f260925c51963b3aef5a8b0309d4d2990200,-39675.0,98616.0,-97426.0,64354.0,-151799.0,,0,0,0,0,0,1,1,2,ADV_NONCONN_IND,37,37,3,-1,0,-1,-1,1513,32,8,unknown,APPLE,
1317.5840000000026,48:24:d0:c9:a2:77,77a2c9d024480201061916aafe403694615f12dc37df62d67304cdb270f83f0830d410,-10918.0,83054.0,-101841.0,115910.0,-109754.0,,0,0,0,0,0,1,1,0,ADV_IND,35,37,7,-1,0,-1,-1,1757,32,8,unknown,GOOGLE,
1321.518000000011,e6:d5:da:7c:2a:c7,c72a7cdad5e61eff4c001219000446dbb7c1f1f260925c51963b3aef5a8b0309d4d2990200,-14634.0,84535.0,-107455.0,70893.0,-157088.0,,0,0,0,0,0,1,1,2,ADV_NONCONN_IND,37,37,2,-1,0,-1,-1,6723,28,7,unknown,APPLE,
1321.518000000011,cf:64:14:64:28:20,2028641464cf1eff4c001219206d3ff72447fa8c2b4b92086e2def602566cf7d9d230600cc,-28408.0,50197.0,-84336.0,70641.0,-109331.0,,0,0,0,0,0,1,1,0,ADV_IND,37,37,4,-1,0,-1,-1,3087,31,8,unknown,APPLE,
1322.5480000000098,e6:d5:da:7c:2a:c7,c72a7cdad5e61eff4c001219000446dbb7c1f1f260925c51963b3aef5a8b0309d4d2990200,-25869.0,51997.0,-107286.0,84568.0,-137532.0,,0,0,0,0,0,1,1,2,ADV_NONCONN_IND,37,37,12,-1,0,-1,-1,5718,32,8,unknown,APPLE,
1324.2870000000112,d6:4d:3f:1f:e5:b5,b5e51f3f4dd61eff4c00121920ac10c8eb8bd183b7c60629936471cc6e9e00d248104b0156,-13342.0,76167.0,-84951.0,82727.0,-115165.0,,0,0,0,0,0,1,1,0,ADV_IND,37,37,14,-1,0,-1,-1,3799,32,7,unknown,APPLE,
1324.2870000000112,e6:d5:da:7c:2a:c7,c72a7cdad5e61eff4c001219000446dbb7c1f1f260925c51963b3aef5a8b0309d4d2990200,-35307.0,70905.0,-104151.0,72774.0,-152890.0,,0,0,0,0,0,1,1,2,ADV_NONCONN_IND,37,37,4,-1,0,-1,-1,4006,32,8,unknown,APPLE,
1326.2510000000038,48:24:d0:c9:a2:77,77a2c9d024480201061916aafe403694615f12dc37df62d67304cdb270f83f0830d410,-3705.0,95621.0,-115657.0,101238.0,-107356.0,,0,0,0,0,0,1,1,0,ADV_IND,35,37,2,-1,0,-1,-1,2072,32,8,unknown,GOOGLE,
1328.2350000000006,48:24:d0:c9:a2:77,77a2c9d024480201061916aafe403694615f12dc37df62d67304cdb270f83f0830d410,-7529.0,111276.0,-110008.0,101971.0,-147404.0,,0,0,0,0,0,1,1,0,ADV_IND,35,37,8,-1,0,-1,-1,3868,32,8,unknown,GOOGLE,
1328.2350000000006,fb:15:c3:2a:ea:ac,acea2ac315fb1eff4c001219105fdc26c82b6e3b013ab9a9f8c7bcb530a0e3933bca78001f,-30428.0,66208.0,-117053.0,113637.0,-160636.0,,0,0,0,0,0,1,1,0,ADV_IND,37,37,0,-1,0,-1,-1,3438,32,7,unknown,APPLE,
1331.791000000012,e6:d5:da:7c:2a:c7,c72a7cdad5e61eff4c001219000446dbb7c1f1f260925c51963b3aef5a8b0309d4d2990200,-30007.0,59958.0,-112959.0,60165.0,-120035.0,,0,0,0,0,0,1,1,2,ADV_NONCONN_IND,37,37,0,-1,0,-1,-1,2451,32,8,unknown,APPLE,
1335.678,f7:7c:f5:6f:79:43,43796ff57cf71eff4c001219201b94b2e66a35407797d4c2ac303f56dd4cc1958c5ebe029b,-35576.0,74714.0,-80436.0,89209.0,-118877.0,,0,0,0,0,0,1,1,0,ADV_IND,37,37,9,-1,0,-1,-1,4832,31,7,unknown,APPLE,
1336.916000000012,f4:ae:1a:86:aa:56,25666c3cf5f41eff4c00121910c4ae7bedf14240cd85e38faa329cbbc7be0f299a6ed7033b,-13668.0,78367.0,-98150.0,46276.0,-138049.0,,0,0,0,0,0,1,1,0,ADV_IND,37,37,11,-1,0,-1,-1,7557,31,8,unknown,APPLE,f4:f5:3c:6c:66:25
1336.916000000012,d6:4d:3f:1f:e5:b5,b5e51f3f4dd61eff4c00121920ac10c8eb8bd183b7c60629936471cc6e9e00d248104b0156,-12554.0,72902.0,-77585.0,85133.0,-104432.0,,0,0,0,0,0,1,1,0,ADV_IND,37,37,7,-1,0,-1,-1,1708,32,8,unknown,APPLE,
1341.1040000000066,cf:64:14:64:28:20,2028641464cf1eff4c001219206d3ff72447fa8c2b4b92086e2def602566cf7d9d230600cc,-12336.0,71730.0,-80804.0,82284.0,-132791.0,,0,0,0,0,0,1,1,0,ADV_IND,37,37,6,-1,0,-1,-1,5961,28,7,unknown,APPLE,
1342.369000000006,e6:d5:da:7c:2a:c7,c72a7cdad5e61eff4c001219000446dbb7c1f1f260925c51963b3aef5a8b0309d4d2990200,-40850.0,76252.0,-101509.0,60684.0,-133259.0,,0,0,0,0,0,1,1,2,ADV_NONCONN_IND,37,37,11,-1,0,-1,-1,5634,32,8,unknown,APPLE,
1343.6380000000063,48:24:d0:c9:a2:77,77a2c9d024480201061916aafe403694615f12dc37df62d67304cdb270f83f0830d410,2676.0,94474.0,-105265.0,102453.0,-118525.0,,0,0,0,0,0,1,1,0,ADV_IND,35,37,9,-1,0,-1,-1,6888,32,8,unknown,GOOGLE,
1344.8780000000115,cc:60:af:32:64:bf,bf6432af60cc1eff4c00121960e58073e8c41dbed7f513a5448304c5a024ae90862f8b0233,3080.0,111910.0,-104606.0,113166.0,-146630.0,,0,0,0,0,0,1,1,0,ADV_IND,37,37,5,-1,0,-1,-1,3744,31,8,unknown,APPLE,
1348.6240000000107,fb:15:c3:2a:ea:ac,acea2ac315fb1eff4c001219105fdc26c82b6e3b013ab9a9f8c7bcb530a0e3933bca78001f,-47867.0,74514.0,-114673.0,111380.0,-161641.0,,0,0,0,0,0,1,1,0,ADV_IND,37,37,2,-1,0,-1,-1,6833,32,7,unknown,APPLE,
1348.6240000000107,c8:89:ee:6e:b5:21,21b56eee89c81eff4c00121910083ac4035893d4f125fb87faf581883545ed777feddc01f1,-193.0,86412.0,-109160.0,66434.0,-120442.0,,0,0,0,0,0,1,1,0,ADV_IND,37,37,2,-1,0,-1,-1,5101,32,8,unknown,APPLE,
1348.6240000000107,e6:d5:da:7c:2a:c7,c72a7cdad5e61eff4c001219000446dbb7c1f1f260925c51963b3aef5a8b0309d4d2990200,-13371.0,79842.0,-111682.0,78214.0,-150284.0,,0,0,0,0,0,1,1,2,ADV_NONCONN_IND,37,37,14,-1,0,-1,-1,2250,32,8,unknown,APPLE,
1349.2060000000056,d6:4d:3f:1f:e5:b5,b5e51f3f4dd61eff4c00121920ac10c8eb8bd183b7c60629936471cc6e9e00d248104b0156,-13444.0,74646.0,-95447.0,91124.0,-124508.0,,0,0,0,0,0,1,1,0,ADV_IND,37,37,8,-1,0,-1,-1,1379,32,8,unknown,APPLE,
1349.8550000000105,f7:7c:f5:6f:79:43,43796ff57cf71eff4c001219201b94b2e66a35407797d4c2ac303f56dd4cc1958c5ebe029b,-28293.0,71531.0,-70351.0,70786.0,-108893.0,,0,0,0,0,0,1,1,0,ADV_IND,37,37,7,-1,0,-1,-1,1820,32,8,unknown,APPLE,
1351.678,cc:60:af:32:64:bf,bf6432af60cc1eff4c00121960e58073e8c41dbed7f513a5448304c5a024ae90862f8b0233,-21231.0,84668.0,-90509.0,99547.0,-144488.0,,0,0,0,0,0,1,1,0,ADV_IND,37,37,9,-1,0,-1,-1,5836,32,8,unknown,APPLE,
1351.678,d6:4d:3f:1f:e5:b5,b5e51f3f4dd61eff4c00121920ac10c8eb8bd183b7c60629936471cc6e9e00d248104b0156,-25380.0,112525.0,-109753.0,101748.0,-128906.0,,0,0,0,0,0,1,1,0,ADV_IND,37,37,8,-1,0,-1,-1,6183,30,7,unknown,APPLE,
1351.678,e6:d5:da:7c:2a:c7,c72a7cdad5e61eff4c001219000446dbb7c1f1f260925c51963b3aef5a8b0309d4d2990200,-32665.0,61904.0,-112167.0,82879.0,-148438.0,,0,0,0,0,0,1,1,2,ADV_NONCONN_IND,37,37,2,-1,0,-1,-1,7521,32,8,unknown,APPLE,
1353.8179999999993,f7:7c:f5:6f:79:43,43796ff57cf71eff4c001219201b94b2e66a35407797d4c2ac303f56dd4cc1958c5ebe029b,-10272.0,55672.0,-65755.0,67972.0,-103790.0,,0,0,0,0,0,1,1,0,ADV_IND,37,37,0,-1,0,-1,-1,2542,32,8,unknown,APPLE,
1355.3760000000038,cc:60:af:32:64:bf,bf6432af60cc1eff4c00121960e58073e8c41dbed7f513a5448304c5a024ae90862f8b0233,3693.0,65425.0,-109562.0,118719.0,-160842.0,,0,0,0,0,0,1,1,0,ADV_IND,37,37,3,-1,0,-1,-1,5509,32,8,unknown,APPLE,
1356.1580000000104,e7:57:a7:86:2d:07,072d86a757e71eff4c0012192067ebc34ef701b0900ebd9282921b921cdaa94fd9035a00a1,-16729.0,77644.0,-92608.0,81181.0,-127897.0,,0,0,0,0,0,1,1,0,ADV_IND,37,37,2,-1,0,-1,-1,3766,30,8,unknown,APPLE,
1356.1580000000104,fb:15:c3:2a:ea:ac,acea2ac315fb1eff4c001219105fdc26c82b6e3b013ab9a9f8c7bcb530a0e3933bca78001f,-33749.0,85474.0,-117860.0,73907.0,-162348.0,,0,0,0,0,0,1,1,0,ADV_IND,37,37,14,-1,0,-1,-1,4309,32,8,unknown,APPLE,
1357.548999999999,e6:d5:da:7c:2a:c7,c72a7cdad5e61eff4c001219000446dbb7c1f1f260925c51963b3aef5a8b0309d4d2990200,-32598.0,74299.0,-109641.0,72951.0,-122270.0,,0,0,0,0,0,1,1,2,ADV_NONCONN_IND,37,37,13,-1,0,-1,-1,6984,32,8,unknown,APPLE,
1358.9200000000128,e6:d5:da:7c:2a:c7,c72a7cdad5e61eff4c001219000446dbb7c1f1f260925c51963b3aef5a8b0309d4d2990200,-20798.0,64090.0,-115915.0,67968.0,-142336.0,,0,0,0,0,0,1,1,2,ADV_NONCONN_IND,37,37,10,-1,0,-1,-1,5675,32,8,unknown,APPLE,
1361.0,58:f2:14:83:62:9b,9b628314f2580201061916aafe40718f5ebaa741a7c6acec2cb6b708e14ec721bd6015,-12673.0,73417.0,-86386.0,68740.0,-93152.0,,0,0,0,0,0,1,1,0,ADV_IND,35,37,0,-1,0,-1,-1,5559,32,8,unknown,GOOGLE,
1363.178,e6:d5:da:7c:2a:c7,c72a7cdad5e61eff4c001219000446dbb7c1f1f260925c51963b3aef5a8b0309d4d2990200,-30710.0,83682.0,-94785.0,61048.0,-133280.0,,0,0,0,0,0,1,1,2,ADV_NONCONN_IND,37,37,11,-1,0,-1,-1,1535,32,8,unknown,APPLE,
1364.5570000000007,e6:d5:da:7c:2a:c7,c72a7cdad5e61eff4c001219000446dbb7c1f1f260925c51963b3aef5a8b0309d4d2990200,-46291.0,73466.0,-102478.0,93939.0,-148294.0,,0,0,0,0,0,1,1,2,ADV_NONCONN_IND,37,37,4,-1,0,-1,-1,2431,32,8,unknown,APPLE,
1364.5570000000007,f7:7c:f5:6f:79:43,43796ff57cf71eff4c001219201b94b2e66a35407797d4c2ac303f56dd4cc1958c5ebe029b,-25721.0,51219.0,-63086.0,57584.0,-84923.0,,0,0,0,0,0,1,1,0,ADV_IND,37,37,5,-1,0,-1,-1,3376,32,8,unknown,APPLE,
1365.195000000007,cf:64:14:64:28:20,2028641464cf1eff4c001219206d3ff72447fa8c2b4b92086e2def602566cf7d9d230600cc,-12481.0,58706.0,-89279.0,82149.0,-130609.0,,0,0,0,0,0,1,1,0,ADV_IND,37,37,3,-1,0,-1,-1,5323,32,8,unknown,APPLE,
1365.195000000007,cc:60:af:32:64:bf,bf6432af60cc1eff4c00121960e58073e8c41dbed7f513a5448304c5a024ae90862f8b0233,7593.0,66675.0,-113516.0,97694.0,-118818.0,,0,0,0,0,0,1,1,0,ADV_IND,37,37,9,-1,0,-1,-1,3825,32,8,unknown,APPLE,
1366.8840000000057,fb:15:c3:2a:ea:ac,acea2ac315fb1eff4c001219105fdc26c82b6e3b013ab9a9f8c7bcb530a0e3933bca78001f,-27001.0,75810.0,-120861.0,80950.0,-155359.0,,0,0,0,0,0,1,1,0,ADV_IND,37,37,0,-1,0,-1,-1,4197,32,8,unknown,APPLE,
1368.661000000007,f7:7c:f5:6f:79:43,43796ff57cf71eff4c001219201b94b2e66a35407797d4c2ac303f56dd4cc1958c5ebe029b,-9009.0,65277.0,-78118.0,87641.0,-122597.0,,0,0,0,0,0,1,1,0,ADV_IND,37,37,0,-1,0,-1,-1,6112,32,8,unknown,APPLE,
1369.6399999999994,f7:7c:f5:6f:79:43,43796ff57cf71eff4c001219201b94b2e66a35407797d4c2ac303f56dd4cc1958c5ebe029b,-15367.0,60811.0,-68689.0,62225.0,-102730.0,,0,0,0,0,0,1,1,0,ADV_IND,37,37,10,-1,0,-1,-1,4901,32,8,unknown,APPLE,
1369.6399999999994,d2:d7:27:15:6d:b2,b26d1527d7d21eff4c0012196086c9cc1003183309832d2a6ce5fbb63f0a9f0d1c6d43015c,0.0,67145.0,-81320.0,103216.0,-124072.0,,0,0,0,0,0,1,1,0,ADV_IND,37,37,10,-1,0,-1,-1,1892,32,8,unknown,APPLE,
1370.494000000006,c8:89:ee:6e:b5:21,21b56eee89c81eff4c00121910083ac4035893d4f125fb87faf581883545ed777feddc01f1,-13821.0,81682.0,-101313.0,87767.0,-133824.0,,0,0,0,0,0,1,1,0,ADV_IND,37,37,12,-1,0,-1,-1,2733,31,7,unknown,APPLE,
1370.494000000006,e6:d5:da:7c:2a:c7,c72a7cdad5e61eff4c001219000446dbb7c1f1f260925c51963b3aef5a8b0309d4d2990200,-33731.0,79047.0,-127350.0,80687.0,-136552.0,,0,0,0,0,0,1,1,2,ADV_NONCONN_IND,37,37,1,-1,0,-1,-1,1961,32,8,unknown,APPLE,
1372.0679999999993,58:f2:14:83:62:9b,9b628314f2580201061916aafe40718f5ebaa741a7c6acec2cb6b708e14ec721bd6015,-8006.0,89911.0,-100039.0,88221.0,-126323.0,,0,0,0,0,0,1,1,0,ADV_IND,35,37,0,-1,0,-1,-1,7770,29,7,unknown,GOOGLE,
1372.0679999999993,d2:d7:27:15:6d:b2,b26d1527d7d21eff4c0012196086c9cc1003183309832d2a6ce5fbb63f0a9f0d1c6d43015c,-7673.0,69478.0,-68441.0,119041.0,-147173.0,,0,0,0,0,0,1,1,0,ADV_IND,37,37,11,-1,0,-1,-1,1975,32,8,unknown,APPLE,
1375.550000000003,cf:64:14:64:28:20,2028641464cf1eff4c001219206d3ff72447fa8c2b4b92086e2def602566cf7d9d230600cc,-31774.0,86378.0,-86841.0,96307.0,-149782.0,,0,0,0,0,0,1,1,0,ADV_IND,37,37,0,-1,0,-1,-1,5930,32,8,unknown,APPLE,
1377.5080000000016,f4:ae:1a:86:aa:56,25666c3cf5f41eff4c00121910c4ae7bedf14240cd85e38faa329cbbc7be0f299a6ed7033b,-42371.0,92236.0,-95483.0,86873.0,-151625.0,,0,0,0,0,0,1,1,0,ADV_IND,37,37,11,-1,0,-1,-1,7460,32,8,unknown,APPLE,f4:f5:3c:6c:66:25
1377.5080000000016,fb:15:c3:2a:ea:ac,acea2ac315fb1eff4c001219105fdc26c82b6e3b013ab9a9f8c7bcb530a0e3933bca78001f,-25227.0,104437.0,-122924.0,75559.0,-163905.0,,0,0,0,0,0,1,1,0,ADV_IND,37,37,12,-1,0,-1,-1,4932,31,8,unknown,APPLE,
1377.5080000000016,58:f2:14:83:62:9b,9b628314f2580201061916aafe40718f5ebaa741a7c6acec2cb6b708e14ec721bd6015,-7685.0,63611.0,-92279.0,94139.0,-123590.0,,0,0,0,0,0,1,1,0,ADV_IND,35,37,12,-1,0,-1,-1,7778,32,8,unknown,GOOGLE,
1378.928,cf:64:14:64:28:20,2028641464cf1eff4c001219206d3ff72447fa8c2b4b92086e2def602566cf7d9d230600cc,-11946.0,33216.0,-89535.0,82575.0,-106981.0,,0,0,0,0,0,1,1,0,ADV_IND,37,37,10,-1,0,-1,-1,6131,32,8,unknown,APPLE,
1382.165000000008,58:f2:14:83:62:9b,9b628314f2580201061916aafe40718f5ebaa741a7c6acec2cb6b708e14ec721bd6015,3797.0,80738.0,-98935.0,98735.0,-142871.0,,0,0,0,0,0,1,1,0,ADV_IND,35,37,15,-1,0,-1,-1,6083,32,8,unknown,GOOGLE,
1382.165000000008,cf:64:14:64:28:20,2028641464cf1eff4c001219206d3ff72447fa8c2b4b92086e2def602566cf7d9d230600cc,-24457.0,77727.0,-106938.0,97582.0,-138359.0,,0,0,0,0,0,1,1,0,ADV_IND,37,37,14,-1,0,-1,-1,3059,32,7,unknown,APPLE,
1383.8390000000072,58:f2:14:83:62:9b,9b628314f2580201061916aafe40718f5ebaa741a7c6acec2cb6b708e14ec721bd6015,-9797.0,63136.0,-90309.0,74020.0,-94549.0,,0,0,0,0,0,1,1,0,ADV_IND,35,37,2,-1,0,-1,-1,1661,32,8,unknown,GOOGLE,
1383.8390000000072,f7:7c:f5:6f:79:43,43796ff57cf71eff4c001219201b94b2e66a35407797d4c2ac303f56dd4cc1958c5ebe029b,-11615.0,46342.0,-80580.0,75396.0,-81780.0,,0,0,0,0,0,1,1,0,ADV_IND,37,37,3,-1,0,-1,-1,2532,32,8,unknown,APPLE,
1383.8390000000072,cf:64:14:64:28:20,2028641464cf1eff4c001219206d3ff72447fa8c2b4b92086e2def602566cf7d9d230600cc,-21496.0,47622.0,-87785.0,94297.0,-118180.0,,0,0,0,0,0,1,1,0,ADV_IND,37,37,4,-1,0,-1,-1,1305,32,8,unknown,APPLE,
1385.2459999999992,cf:64:14:64:28:20,2028641464cf1eff4c001219206d3ff72447fa8c2b4b92086e2def602566cf7d9d230600cc,-51125.0,76316.0,-96477.0,101646.0,-139716.0,,0,0,0,0,0,1,1,0,ADV_IND,37,37,10,-1,0,-1,-1,1855,32,8,unknown,APPLE,
1386.672000000006,fb:15:c3:2a:ea:ac,acea2ac315fb1eff4c001219105fdc26c82b6e3b013ab9a9f8c7bcb530a0e3933bca78001f,-44732.0,85737.0,-105720.0,81026.0,-152280.0,,0,0,0,0,0,1,1,0,ADV_IND,37,37,8,-1,0,-1,-1,1630,32,8,unknown,APPLE,
1391.7850000000035,f7:7c:f5:6f:79:43,43796ff57cf71eff4c001219201b94b2e66a35407797d4c2ac303f56dd4cc1958c5ebe029b,-19572.0,64846.0,-80350.0,78657.0,-109632.0,,0,0,0,0,0,1,1,0,ADV_IND,37,37,13,-1,0,-1,-1,7119,31,8,unknown,APPLE,
1391.7850000000035,58:f2:14:83:62:9b,9b628314f2580201061916aafe40718f5ebaa741a7c6acec2cb6b708e14ec721bd6015,-30456.0,114048.0,-100114.0,101825.0,-139497.0,,0,0,0,0,0,1,1,0,ADV_IND,35,37,6,-1,0,-1,-1,6231,32,8,unknown,GOOGLE,
1392.7580000000016,c8:89:ee:6e:b5:21,21b56eee89c81eff4c00121910083ac4035893d4f125fb87faf581883545ed777feddc01f1,-27105.0,70438.0,-92547.0,89162.0,-149529.0,,0,0,0,0,0,1,1,0,ADV_IND,37,37,8,-1,0,-1,-1,2838,32,8,unknown,APPLE,
1395.0880000000034,c8:89:ee:6e:b5:21,21b56eee89c81eff4c00121910083ac4035893d4f125fb87faf581883545ed777feddc01f1,-35266.0,79928.0,-96522.0,96604.0,-155074.0,,0,0,0,0,0,1,1,0,ADV_IND,37,37,3,-1,0,-1,-1,6833,32,7,unknown,APPLE,
1396.2100000000064,f7:7c:f5:6f:79:43,43796ff57cf71eff4c001219201b94b2e66a35407797d4c2ac303f56dd4cc1958c5ebe029b,-17781.0,37962.0,-68535.0,65419.0,-79864.0,,0,0,0,0,0,1,1,0,ADV_IND,37,37,12,-1,0,-1,-1,1176,32,8,unknown,APPLE,
1397.0580000000043,d6:4d:3f:1f:e5:b5,b5e51f3f4dd61eff4c00121920ac10c8eb8bd183b7c60629936471cc6e9e00d248104b0156,-36671.0,79490.0,-80263.0,87600.0,-118813.0,,0,0,0,0,0,1,1,0,ADV_IND,37,37,10,-1,0,-1,-1,4416,32,8,unknown,APPLE,
1397.0580000000043,fb:15:c3:2a:ea:ac,acea2ac315fb1eff4c001219105fdc26c82b6e3b013ab9a9f8c7bcb530a0e3933bca78001f,-42079.0,76089.0,-121987.0,100890.0,-159716.0,,0,0,0,0,0,1,1,0,ADV_IND,37,37,5,-1,0,-1,-1,6697,32,8,unknown,APPLE,
1398.6929999999993,fb:15:c3:2a:ea:ac,acea2ac315fb1eff4c001219105fdc26c82b6e3b013ab9a9f8c7bcb530a0e3933bca78001f,-34001.0,80627.0,-118446.0,98638.0,-175237.0,,0,0,0,0,0,1,1,0,ADV_IND,37,37,12,-1,0,-1,-1,4637,32,8,unknown,APPLE,
1399.898000000001,d2:d7:27:15:6d:b2,b26d1527d7d21eff4c0012196086c9cc1003183309832d2a6ce5fbb63f0a9f0d1c6d43015c,-1765.0,62328.0,-67805.0,84061.0,-120849.0,,0,0,0,0,0,1,1,0,ADV_IND,37,37,2,-1,0,-1,-1,2033,32,7,unknown,APPLE,
1401.6630000000005,58:f2:14:83:62:9b,9b628314f2580201061916aafe40718f5ebaa741a7c6acec2cb6b708e14ec721bd6015,-15284.0,75769.0,-78576.0,96716.0,-131519.0,,0,0,0,0,0,1,1,0,ADV_IND,35,37,7,-1,0,-1,-1,3168,32,8,unknown,GOOGLE,
1409.6120000000085,d2:d7:27:15:6d:b2,b26d1527d7d21eff4c0012196086c9cc1003183309832d2a6ce5fbb63f0a9f0d1c6d43015c,-2127.0,85005.0,-64247.0,89288.0,-140959.0,,0,0,0,0,0,1,1,0,ADV_IND,37,37,0,-1,0,-1,-1,2180,32,8,unknown,APPLE,
1416.593000000008,e6:df:1d:30:2b:33,332b301ddfe61eff4c001219649a01bb3df9e43655016e85285aeb3ad859cbaf66c7e40233,-7542.0,66720.0,-69486.0,87256.0,-126680.0,,0,0,0,0,0,1,1,0,ADV_IND,37,37,14,-1,0,-1,-1,2362,32,8,unknown,APPLE,
1416.593000000008,e6:d5:da:7c:2a:c7,c72a7cdad5e61eff4c001219000446dbb7c1f1f260925c51963b3aef5a8b0309d4d2990200,-40852.0,78000.0,-91795.0,70794.0,-155319.0,,0,0,0,0,0,1,1,2,ADV_NONCONN_IND,37,37,9,-1,0,-1,-1,6511,32,8,unknown,APPLE,
1418.0920000000042,e8:2e:3a:81:d8:a9,a9d8813a2ee81eff4c0012190059fbe46cfdaab699bfcec72cb37ad8b913cd2c7603c60000,-36511.0,91221.0,-115518.0,102006.0,-153412.0,,0,0,0,0,0,1,1,2,ADV_NONCONN_IND,37,37,12,-1,0,-1,-1,1085,32,8,unknown,APPLE,
1418.0920000000042,f4:ae:1a:86:aa:56,56aa861aaef41eff4c00121920caee01a2d6d1be387a39cc7b5b93dbfa8ecdb4e274d40156,-22792.0,85427.0,-98783.0,96199.0,-132428.0,,0,0,0,0,0,1,1,0,ADV_IND,37,37,3,-1,0,-1,-1,5047,31,7,unknown,APPLE,
1418.9720000000088,c1:0e:a2:92:a5:9b,9ba592a20ec11eff4c001219209497909b0be6327f60fe6f6d9472a430285c3a64c891029b,-33060.0,78194.0,-98011.0,78537.0,-141353.0,,0,0,0,0,0,1,1,0,ADV_IND,37,37,9,-1,0,-1,-1,4596,32,8,unknown,APPLE,
1420.0090000000057,d6:b6:30:18:8d:02,028d1830b6d61eff4c001219604df85409a4391b6306301b6278950cc53d2bd3334b7e015c,-27970.0,71521.0,-65108.0,79449.0,-121625.0,,0,0,0,0,0,1,1,0,ADV_IND,37,37,2,-1,0,-1,-1,7540,32,7,unknown,APPLE,
1420.0090000000057,d6:b6:30:18:8d:02,028d1830b6d61eff4c001219604df85409a4391b6306301b6278950cc53d2bd3334b7e015c,-15575.0,53354.0,-71049.0,82898.0,-99396.0,,0,0,0,0,0,1,1,0,ADV_IND,37,37,5,-1,0,-1,-1,6289,32,8,unknown,APPLE,
1420.0090000000057,f4:ae:1a:86:aa:56,56aa861aaef41eff4c00121920caee01a2d6d1be387a39cc7b5b93dbfa8ecdb4e274d40156,1122.0,72644.0,-99490.0,108976.0,-132450.0,,0,0,0,0,0,1,1,0,ADV_IND,37,37,11,-1,0,-1,-1,5698,32,8,unknown,APPLE,
1420.0090000000057,d6:b6:30:18:8d:02,028d1830b6d61eff4c001219604df85409a4391b6306301b6278950cc53d2bd3334b7e015c,-2233.0,54595.0,-58880.0,67575.0,-129955.0,,0,0,0,0,0,1,1,0,ADV_IND,37,37,14,-1,0,-1,-1,5239,32,8,unknown,APPLE,
1420.8580000000077,d6:b6:30:18:8d:02,028d1830b6d61eff4c001219604df85409a4391b6306301b6278950cc53d2bd3334b7e015c,-14974.0,56715.0,-73885.0,93715.0,-116136.0,,0,0,0,0,0,1,1,0,ADV_IND,37,37,11,-1,0,-1,-1,3247,32,8,unknown,APPLE,
1420.8580000000077,c1:0e:a2:92:a5:9b,9ba592a20ec11eff4c001219209497909b0be6327f60fe6f6d9472a430285c3a64c891029b,-17406.0,64658.0,-102419.0,67512.0,-131706.0,,0,0,0,0,0,1,1,0,ADV_IND,37,37,9,-1,0,-1,-1,3564,32,8,unknown,APPLE,
1420.8580000000077,dd:93:db:99:9b:1f,1f9b99db93dd1eff4c001219109e8369ee382f08e9d901178d878debf815cfcecebcb3001f,-21444.0,104977.0,-95991.0,76846.0,-141116.0,,0,0,0,0,0,1,1,0,ADV_IND,37,37,5,-1,0,-1,-1,1443,32,8,unknown,APPLE,
1422.125,f4:ae:1a:86:aa:56,56aa861aaef41eff4c00121920caee01a2d6d1be387a39cc7b5b93dbfa8ecdb4e274d40156,-16106.0,88434.0,-110155.0,80288.0,-122815.0,,0,0,0,0,0,1,1,0,ADV_IND,37,37,15,-1,0,-1,-1,4480,32,8,unknown,APPLE,
1422.125,58:f2:14:83:62:9b,9b628314f2580201061916aafe40718f5ebaa741a7c6acec2cb6b708e14ec721bd6015,-17253.0,111463.0,-100051.0,96881.0,-126840.0,,0,0,0,0,0,1,1,0,ADV_IND,35,37,5,-1,0,-1,-1,7200,31,7,unknown,GOOGLE,
1422.125,d6:b6:30:18:8d:02,028d1830b6d61eff4c001219604df85409a4391b6306301b6278950cc53d2bd3334b7e015c,-21379.0,81821.0,-81409.0,96239.0,-148069.0,,0,0,0,0,0,1,1,0,ADV_IND,37,37,14,-1,0,-1,-1,5269,32,8,unknown,APPLE,
1422.8910000000033,de:c5:c4:aa:3e:30,25666c3cf5f41eff4c00121910c4ae7bedf14240cd85e38faa329cbbc7be0f299a6ed7033b,-29540.0,92418.0,-87700.0,66056.0,-151605.0,,0,0,0,0,0,1,1,0,ADV_IND,37,37,7,-1,0,-1,-1,5764,32,8,unknown,APPLE,f4:f5:3c:6c:66:25
1422.8910000000033,c1:0e:a2:92:a5:9b,9ba592a20ec11eff4c001219209497909b0be6327f60fe6f6d9472a430285c3a64c891029b,-58862.0,86873.0,-102531.0,97888.0,-129250.0,,0,0,0,0,0,1,1,0,ADV_IND,37,37,9,-1,0,-1,-1,7690,32,8,unknown,APPLE,
1422.8910000000033,e6:d5:da:7c:2a:c7,c72a7cdad5e61eff4c001219000446dbb7c1f1f260925c51963b3aef5a8b0309d4d2990200,-31208.0,71642.0,-116094.0,90265.0,-140749.0,,0,0,0,0,0,1,1,2,ADV_NONCONN_IND,37,37,8,-1,0,-1,-1,3154,32,8,unknown,APPLE,
1423.5920000000042,f4:ae:1a:86:aa:56,56aa861aaef41eff4c00121920caee01a2d6d1be387a39cc7b5b93dbfa8ecdb4e274d40156,-30242.0,94493.0,-92709.0,101472.0,-131448.0,,0,0,0,0,0,1,1,0,ADV_IND,37,37,0,-1,0,-1,-1,3420,32,8,unknown,APPLE,
1424.6510000000126,e2:99:42:32:d3:c8,c8d3324299e21eff4c00121964fad30641791931a24db77f259cf0de897e0d7b7e140301c8,-38516.0,85489.0,-98389.0,85820.0,-172043.0,,0,0,0,0,0,1,1,0,ADV_IND,37,37,9,-1,0,-1,-1,7297,28,8,unknown,APPLE,
1424.6510000000126,c1:0e:a2:92:a5:9b,9ba592a20ec11eff4c001219209497909b0be6327f60fe6f6d9472a430285c3a64c891029b,-34556.0,89604.0,-104039.0,68540.0,-137350.0,,0,0,0,0,0,1,1,0,ADV_IND,37,37,13,-1,0,-1,-1,5766,32,8,unknown,APPLE,
1424.6510000000126,d3:56:13:ec:79:cc,cc79ec1356d31eff4c00121920c8802ca1845b23da19751fb9e5efd23bb6fad2f5aad802cc,-37584.0,58228.0,-99098.0,109336.0,-98757.0,,0,0,0,0,0,1,1,0,ADV_IND,37,37,2,-1,0,-1,-1,3417,32,8,unknown,APPLE,
1427.198000000004,c2:3f:78:80:93:f1,f19380783fc21eff4c00121910cc6d0a6b13c12f268f96fc54566b7af550db40055c7200f1,-50367.0,109536.0,-95856.0,69981.0,-158689.0,,0,0,0,0,0,1,1,0,ADV_IND,37,37,0,-1,0,-1,-1,6788,30,7,unknown,APPLE,
1428.923999999999,ce:f0:a6:d1:cb:a1,a1cbd1a6f0ce1eff4c00121920b33fd078a3d25b8c1a36e363aa59124f98e9c8092edb01a1,-12726.0,53178.0,-94504.0,83053.0,-138786.0,,0,0,0,0,0,1,1,0,ADV_IND,37,37,12,-1,0,-1,-1,1000,32,8,unknown,APPLE,
1430.2100000000064,58:f2:14:83:62:9b,9b628314f2580201061916aafe40718f5ebaa741a7c6acec2cb6b708e14ec721bd6015,-20331.0,91882.0,-74201.0,78307.0,-109896.0,,0,0,0,0,0,1,1,0,ADV_IND,35,37,10,-1,0,-1,-1,3513,32,8,unknown,GOOGLE,
1430.2100000000064,f4:ae:1a:86:aa:56,56aa861aaef41eff4c00121920caee01a2d6d1be387a39cc7b5b93dbfa8ecdb4e274d40156,-25790.0,105137.0,-122592.0,107800.0,-152291.0,,0,0,0,0,0,1,1,0,ADV_IND,37,37,2,-1,0,-1,-1,3526,32,8,unknown,APPLE,
1434.7300000000105,d3:56:13:ec:79:cc,cc79ec1356d31eff4c00121920c8802ca1845b23da19751fb9e5efd23bb6fad2f5aad802cc,-11913.0,79255.0,-86995.0,107054.0,-154844.0,,0,0,0,0,0,1,1,0,ADV_IND,37,37,2,-1,0,-1,-1,8022,32,8,unknown,APPLE,
1436.3810000000085,e2:99:42:32:d3:c8,c8d3324299e21eff4c00121964fad30641791931a24db77f259cf0de897e0d7b7e140301c8,-17106.0,64653.0,-127019.0,95409.0,-187663.0,,0,0,0,0,0,1,1,0,ADV_IND,37,37,6,-1,0,-1,-1,1034,32,8,unknown,APPLE,
1436.3810000000085,d3:56:13:ec:79:cc,cc79ec1356d31eff4c00121920c8802ca1845b23da19751fb9e5efd23bb6fad2f5aad802cc,-38457.0,105290.0,-111167.0,107329.0,-151583.0,,0,0,0,0,0,1,1,0,ADV_IND,37,37,4,-1,0,-1,-1,2031,32,7,unknown,APPLE,
1438.3310000000056,d3:56:13:ec:79:cc,cc79ec1356d31eff4c00121920c8802ca1845b23da19751fb9e5efd23bb6fad2f5aad802cc,-28888.0,63384.0,-100328.0,83499.0,-98118.0,,0,0,0,0,0,1,1,0,ADV_IND,37,37,2,-1,0,-1,-1,3693,32,8,unknown,APPLE,
1439.7890000000043,f4:ae:1a:86:aa:56,56aa861aaef41eff4c00121920caee01a2d6d1be387a39cc7b5b93dbfa8ecdb4e274d40156,-15900.0,131681.0,-117563.0,92909.0,-131655.0,,0,0,0,0,0,1,1,0,ADV_IND,37,37,5,-1,0,-1,-1,3026,32,7,unknown,APPLE,
1439.7890000000043,d3:56:13:ec:79:cc,cc79ec1356d31eff4c00121920c8802ca1845b23da19751fb9e5efd23bb6fad2f5aad802cc,-35047.0,69116.0,-68730.0,67978.0,-130204.0,,0,0,0,0,0,1,1,0,ADV_IND,37,37,7,-1,0,-1,-1,4165,32,8,unknown,APPLE,
1439.7890000000043,58:f2:14:83:62:9b,9b628314f2580201061916aafe40718f5ebaa741a7c6acec2cb6b708e14ec721bd6015,-5353.0,66234.0,-93066.0,85124.0,-128562.0,,0,0,0,0,0,1,1,0,ADV_IND,35,37,1,-1,0,-1,-1,3971,32,8,unknown,GOOGLE,
1441.366000000009,de:c5:c4:aa:3e:30,25666c3cf5f41eff4c00121910c4ae7bedf14240cd85e38faa329cbbc7be0f299a6ed7033b,-31177.0,77011.0,-105409.0,94776.0,-113625.0,,0,0,0,0,0,1,1,0,ADV_IND,37,37,1,-1,0,-1,-1,3300,32,8,unknown,APPLE,f4:f5:3c:6c:66:25
1446.2340000000113,58:f2:14:83:62:9b,9b628314f2580201061916aafe40718f5ebaa741a7c6acec2cb6b708e14ec721bd6015,4354.0,55903.0,-75507.0,94376.0,-110491.0,,0,0,0,0,0,1,1,0,ADV_IND,35,37,4,-1,0,-1,-1,1279,32,8,unknown,GOOGLE,
1449.4310000000114,e6:d5:da:7c:2a:c7,c72a7cdad5e61eff4c001219000446dbb7c1f1f260925c51963b3aef5a8b0309d4d2990200,-51907.0,89332.0,-100003.0,76005.0,-144943.0,,0,0,0,0,0,1,1,2,ADV_NONCONN_IND,37,37,8,-1,0,-1,-1,4006,32,8,unknown,APPLE,
1449.4310000000114,ce:f0:a6:d1:cb:a1,a1cbd1a6f0ce1eff4c00121920b33fd078a3d25b8c1a36e363aa59124f98e9c8092edb01a1,-34364.0,84517.0,-94818.0,72833.0,-135728.0,,0,0,0,0,0,1,1,0,ADV_IND,37,37,2,-1,0,-1,-1,6379,29,7,unknown,APPLE,
1450.721000000005,d3:56:13:ec:79:cc,cc79ec1356d31eff4c00121920c8802ca1845b23da19751fb9e5efd23bb6fad2f5aad802cc,-23243.0,76204.0,-78636.0,65489.0,-134232.0,,0,0,0,0,0,1,1,0,ADV_IND,37,37,10,-1,0,-1,-1,6916,32,8,unknown,APPLE,
1450.721000000005,e6:df:1d:30:2b:33,332b301ddfe61eff4c001219649a01bb3df9e43655016e85285aeb3ad859cbaf66c7e40233,-8998.0,81922.0,-78513.0,99665.0,-154947.0,,0,0,0,0,0,1,1,0,ADV_IND,37,37,14,-1,0,-1,-1,6023,31,8,unknown,APPLE,
1452.7220000000088,c1:0e:a2:92:a5:9b,9ba592a20ec11eff4c001219209497909b0be6327f60fe6f6d9472a430285c3a64c891029b,-26926.0,81456.0,-96509.0,80487.0,-129584.0,,0,0,0,0,0,1,1,0,ADV_IND,37,37,8,-1,0,-1,-1,1294,32,8,unknown,APPLE,
1452.7220000000088,58:f2:14:83:62:9b,9b628314f2580201061916aafe40718f5ebaa741a7c6acec2cb6b708e14ec721bd6015,593.0,86882.0,-92372.0,99919.0,-141068.0,,0,0,0,0,0,1,1,0,ADV_IND,35,37,2,-1,0,-1,-1,1621,32,8,unknown,GOOGLE,
1452.7220000000088,f4:ae:1a:86:aa:56,56aa861aaef41eff4c00121920caee01a2d6d1be387a39cc7b5b93dbfa8ecdb4e274d40156,-29085.0,101096.0,-95437.0,85502.0,-132873.0,,0,0,0,0,0,1,1,0,ADV_IND,37,37,0,-1,0,-1,-1,5035,32,8,unknown,APPLE,
1454.5610000000015,58:f2:14:83:62:9b,9b628314f2580201061916aafe40718f5ebaa741a7c6acec2cb6b708e14ec721bd6015,-17924.0,94061.0,-96864.0,107687.0,-129846.0,,0,0,0,0,0,1,1,0,ADV_IND,35,37,0,-1,0,-1,-1,1088,32,8,unknown,GOOGLE,
1454.5610000000015,f4:ae:1a:86:aa:56,56aa861aaef41eff4c00121920caee01a2d6d1be387a39cc7b5b93dbfa8ecdb4e274d40156,-10103.0,101552.0,-105017.0,85081.0,-129445.0,,0,0,0,0,0,1,1,0,ADV_IND,37,37,4,-1,0,-1,-1,3958,32,7,unknown,APPLE,
1456.5630000000092,f4:ae:1a:86:aa:56,56aa861aaef41eff4c00121920caee01a2d6d1be387a39cc7b5b93dbfa8ecdb4e274d40156,-28571.0,96713.0,-94786.0,77860.0,-109815.0,,0,0,0,0,0,1,1,0,ADV_IND,37,37,13,-1,0,-1,-1,2226,32,8,unknown,APPLE,
1456.5630000000092,d3:56:13:ec:79:cc,cc79ec1356d31eff4c00121920c8802ca1845b23da19751fb9e5efd23bb6fad2f5aad802cc,-22426.0,70188.0,-85150.0,81619.0,-134364.0,,0,0,0,0,0,1,1,0,ADV_IND,37,37,0,-1,0,-1,-1,4652,32,8,unknown,APPLE,
1458.5480000000098,58:f2:14:83:62:9b,9b628314f2580201061916aafe40718f5ebaa741a7c6acec2cb6b708e14ec721bd6015,-9317.0,63400.0,-82153.0,96659.0,-99940.0,,0,0,0,0,0,1,1,0,ADV_IND,35,37,6,-1,0,-1,-1,6619,32,8,unknown,GOOGLE,
1458.5480000000098,c1:0e:a2:92:a5:9b,9ba592a20ec11eff4c001219209497909b0be6327f60fe6f6d9472a430285c3a64c891029b,-20369.0,62962.0,-98174.0,69733.0,-117048.0,,0,0,0,0,0,1,1,0,ADV_IND,37,37,2,-1,0,-1,-1,7852,32,8,unknown,APPLE,
1460.5630000000092,58:f2:14:83:62:9b,9b628314f2580201061916aafe40718f5ebaa741a7c6acec2cb6b708e14ec721bd6015,-18486.0,67196.0,-86257.0,108552.0,-117448.0,,0,0,0,0,0,1,1,0,ADV_IND,35,37,12,-1,0,-1,-1,6914,32,8,unknown,GOOGLE,
1460.5630000000092,f4:ae:1a:86:aa:56,56aa861aaef41eff4c00121920caee01a2d6d1be387a39cc7b5b93dbfa8ecdb4e274d40156,-15491.0,101469.0,-85968.0,60794.0,-114500.0,,0,0,0,0,0,1,1,0,ADV_IND,37,37,8,-1,0,-1,-1,4893,32,7,unknown,APPLE,
1460.5630000000092,c1:0e:a2:92:a5:9b,9ba592a20ec11eff4c001219209497909b0be6327f60fe6f6d9472a430285c3a64c891029b,-36348.0,70856.0,-103797.0,73568.0,-140774.0,,0,0,0,0,0,1,1,0,ADV_IND,37,37,13,-1,0,-1,-1,1956,32,8,unknown,APPLE,
1462.546000000002,c1:0e:a2:92:a5:9b,9ba592a20ec11eff4c001219209497909b0be6327f60fe6f6d9472a430285c3a64c891029b,-30615.0,98424.0,-103698.0,72904.0,-137630.0,,0,0,0,0,0,1,1,0,ADV_IND,37,37,7,-1,0,-1,-1,2625,32,8,unknown,APPLE,
1462.546000000002,58:f2:14:83:62:9b,9b628314f2580201061916aafe40718f5ebaa741a7c6acec2cb6b708e14ec721bd6015,-9737.0,62034.0,-96599.0,125481.0,-118269.0,,0,0,0,0,0,1,1,0,ADV_IND,35,37,5,-1,0,-1,-1,3454,32,8,unknown,GOOGLE,
1464.5450000000128,e6:d5:da:7c:2a:c7,c72a7cdad5e61eff4c001219000446dbb7c1f1f260925c51963b3aef5a8b0309d4d2990200,-16163.0,70518.0,-108346.0,70436.0,-113799.0,,0,0,0,0,0,1,1,2,ADV_NONCONN_IND,37,37,0,-1,0,-1,-1,2932,32,8,unknown,APPLE,
1466.2060000000056,58:f2:14:83:62:9b,9b628314f2580201061916aafe40718f5ebaa741a7c6acec2cb6b708e14ec721bd6015,-14959.0,83779.0,-87186.0,90034.0,-137621.0,,0,0,0,0,0,1,1,0,ADV_IND,35,37,4,-1,0,-1,-1,1407,32,8,unknown,GOOGLE,
1466.2060000000056,c2:3f:78:80:93:f1,f19380783fc21eff4c00121910cc6d0a6b13c12f268f96fc54566b7af550db40055c7200f1,-6348.0,59508.0,-92659.0,69809.0,-137425.0,,0,0,0,0,0,1,1,0,ADV_IND,37,37,0,-1,0,-1,-1,3037,32,8,unknown,APPLE,
1467.369000000006,e6:d5:da:7c:2a:c7,c72a7cdad5e61eff4c001219000446dbb7c1f1f260925c51963b3aef5a8b0309d4d2990200,-42765.0,92298.0,-112256.0,79705.0,-153549.0,,0,0,0,0,0,1,1,2,ADV_NONCONN_IND,37,37,2,-1,0,-1,-1,7499,32,8,unknown,APPLE,
1467.369000000006,da:7e:4b:2c:40:08,25666c3cf5f41eff4c00121910c4ae7bedf14240cd85e38faa329cbbc7be0f299a6ed7033b,-32540.0,76602.0,-77668.0,83676.0,-132208.0,,0,0,0,0,0,1,1,0,ADV_IND,37,37,14,-1,0,-1,-1,2076,32,8,unknown,APPLE,f4:f5:3c:6c:66:25
1468.1850000000122,d3:56:13:ec:79:cc,cc79ec1356d31eff4c00121920c8802ca1845b23da19751fb9e5efd23bb6fad2f5aad802cc,-31944.0,76480.0,-90573.0,101832.0,-136410.0,,0,0,0,0,0,1,1,0,ADV_IND,37,37,6,-1,0,-1,-1,6756,32,7,unknown,APPLE,
1468.7300000000105,dd:93:db:99:9b:1f,1f9b99db93dd1eff4c001219109e8369ee382f08e9d901178d878debf815cfcecebcb3001f,-10816.0,81428.0,-95320.0,63440.0,-116068.0,,0,0,0,0,0,1,1,0,ADV_IND,37,37,5,-1,0,-1,-1,3531,32,8,unknown,APPLE,
1469.5610000000015,d6:b6:30:18:8d:02,028d1830b6d61eff4c001219604df85409a4391b6306301b6278950cc53d2bd3334b7e015c,3230.0,53491.0,-62156.0,102848.0,-142675.0,,0,0,0,0,0,1,1,0,ADV_IND,37,37,9,-1,0,-1,-1,4696,32,8,unknown,APPLE,
1471.8120000000054,c2:3f:78:80:93:f1,f19380783fc21eff4c00121910cc6d0a6b13c12f268f96fc54566b7af550db40055c7200f1,-30774.0,96075.0,-109300.0,92019.0,-143347.0,,0,0,0,0,0,1,1,0,ADV_IND,37,37,14,-1,0,-1,-1,4212,32,8,unknown,APPLE,
1474.642000000007,c2:3f:78:80:93:f1,f19380783fc21eff4c00121910cc6d0a6b13c12f268f96fc54566b7af550db40055c7200f1,-12831.0,71874.0,-91133.0,46758.0,-130544.0,,0,0,0,0,0,1,1,0,ADV_IND,37,37,0,-1,0,-1,-1,2517,32,7,unknown,APPLE,
1474.642000000007,e6:d5:da:7c:2a:c7,c72a7cdad5e61eff4c001219000446dbb7c1f1f260925c51963b3aef5a8b0309d4d2990200,-37816.0,79009.0,-95153.0,71775.0,-151601.0,,0,0,0,0,0,1,1,2,ADV_NONCONN_IND,37,37,2,-1,0,-1,-1,4648,30,8,unknown,APPLE,
1474.8800000000049,d3:56:13:ec:79:cc,cc79ec1356d31eff4c00121920c8802ca1845b23da19751fb9e5efd23bb6fad2f5aad802cc,-24352.0,80576.0,-106201.0,92274.0,-118856.0,,0,0,0,0,0,1,1,0,ADV_IND,37,37,1,-1,0,-1,-1,4458,32,8,unknown,APPLE,
1474.8800000000049,e2:99:42:32:d3:c8,c8d3324299e21eff4c00121964fad30641791931a24db77f259cf0de897e0d7b7e140301c8,-12001.0,88520.0,-126581.0,75668.0,-171159.0,,0,0,0,0,0,1,1,0,ADV_IND,37,37,10,-1,0,-1,-1,5258,32,8,unknown,APPLE,
1474.8800000000049,c1:0e:a2:92:a5:9b,9ba592a20ec11eff4c001219209497909b0be6327f60fe6f6d9472a430285c3a64c891029b,-32318.0,96911.0,-111775.0,94060.0,-120622.0,,0,0,0,0,0,1,1,0,ADV_IND,37,37,3,-1,0,-1,-1,5344,30,7,unknown,APPLE,
1476.297000000006,58:f2:14:83:62:9b,9b628314f2580201061916aafe40718f5ebaa741a7c6acec2cb6b708e14ec721bd6015,-9359.0,87004.0,-90239.0,101594.0,-135783.0,,0,0,0,0,0,1,1,0,ADV_IND,35,37,4,-1,0,-1,-1,8038,31,8,unknown,GOOGLE,
1476.297000000006,e2:99:42:32:d3:c8,c8d3324299e21eff4c00121964fad30641791931a24db77f259cf0de897e0d7b7e140301c8,-34769.0,65599.0,-95394.0,62043.0,-162735.0,,0,0,0,0,0,1,1,0,ADV_IND,37,37,4,-1,0,-1,-1,4199,30,8,unknown,APPLE,
1477.7720000000118,e6:df:1d:30:2b:33,332b301ddfe61eff4c001219649a01bb3df9e43655016e85285aeb3ad859cbaf66c7e40233,-9611.0,57930.0,-72264.0,105920.0,-130313.0,,0,0,0,0,0,1,1,0,ADV_IND,37,37,5,-1,0,-1,-1,6327,32,8,unknown,APPLE,
1479.4700000000012,58:f2:14:83:62:9b,9b628314f2580201061916aafe40718f5ebaa741a7c6acec2cb6b708e14ec721bd6015,-15682.0,83077.0,-85089.0,84746.0,-96856.0,,0,0,0,0,0,1,1,0,ADV_IND,35,37,3,-1,0,-1,-1,1587,32,8,unknown,GOOGLE,
1481.271000000008,d3:56:13:ec:79:cc,cc79ec1356d31eff4c00121920c8802ca1845b23da19751fb9e5efd23bb6fad2f5aad802cc,-32802.0,91700.0,-104970.0,94170.0,-123234.0,,0,0,0,0,0,1,1,0,ADV_IND,37,37,15,-1,0,-1,-1,1603,32,7,unknown,APPLE,
1483.1589999999997,c1:0e:a2:92:a5:9b,9ba592a20ec11eff4c001219209497909b0be6327f60fe6f6d9472a430285c3a64c891029b,-34613.0,70741.0,-86115.0,69029.0,-124560.0,,0,0,0,0,0,1,1,0,ADV_IND,37,37,9,-1,0,-1,-1,2769,30,8,unknown,APPLE,
1484.7920000000013,d3:56:13:ec:79:cc,cc79ec1356d31eff4c00121920c8802ca1845b23da19751fb9e5efd23bb6fad2f5aad802cc,-8698.0,54539.0,-86074.0,90493.0,-129514.0,,0,0,0,0,0,1,1,0,ADV_IND,37,37,11,-1,0,-1,-1,5134,32,8,unknown,APPLE,
1484.7920000000013,e2:99:42:32:d3:c8,c8d3324299e21eff4c00121964fad30641791931a24db77f259cf0de897e0d7b7e140301c8,-38054.0,57555.0,-102355.0,89046.0,-168701.0,,0,0,0,0,0,1,1,0,ADV_IND,37,37,15,-1,0,-1,-1,2831,32,8,unknown,APPLE,
1485.9900000000052,58:f2:14:83:62:9b,9b628314f2580201061916aafe40718f5ebaa741a7c6acec2cb6b708e14ec721bd6015,-29600.0,99773.0,-108024.0,91968.0,-120624.0,,0,0,0,0,0,1,1,0,ADV_IND,35,37,3,-1,0,-1,-1,3441,31,8,unknown,GOOGLE,
1485.9900000000052,f4:ae:1a:86:aa:56,56aa861aaef41eff4c00121920caee01a2d6d1be387a39cc7b5b93dbfa8ecdb4e274d40156,-26825.0,101844.0,-90688.0,78032.0,-129559.0,,0,0,0,0,0,1,1,0,ADV_IND,37,37,11,-1,0,-1,-1,2868,32,8,unknown,APPLE,
1487.3760000000038,da:7e:4b:2c:40:08,25666c3cf5f41eff4c00121910c4ae7bedf14240cd85e38faa329cbbc7be0f299a6ed7033b,-22980.0,83087.0,-95391.0,87121.0,-142095.0,,0,0,0,0,0,1,1,0,ADV_IND,37,37,14,-1,0,-1,-1,2722,32,8,unknown,APPLE,f4:f5:3c:6c:66:25
1487.3760000000038,d6:b6:30:18:8d:02,028d1830b6d61eff4c001219604df85409a4391b6306301b6278950cc53d2bd3334b7e015c,-10585.0,49276.0,-64824.0,95310.0,-136271.0,,0,0,0,0,0,1,1,0,ADV_IND,37,37,11,-1,0,-1,-1,7666,31,8,unknown,APPLE,
1487.3760000000038,e2:99:42:32:d3:c8,c8d3324299e21eff4c00121964fad30641791931a24db77f259cf0de897e0d7b7e140301c8,-57555.0,66202.0,-103127.0,95751.0,-172744.0,,0,0,0,0,0,1,1,0,ADV_IND,37,37,14,-1,0,-1,-1,4939,32,7,unknown,APPLE,
1488.9980000000069,d3:56:13:ec:79:cc,cc79ec1356d31eff4c00121920c8802ca1845b23da19751fb9e5efd23bb6fad2f5aad802cc,-20452.0,107580.0,-129162.0,83615.0,-139093.0,,0,0,0,0,0,1,1,0,ADV_IND,37,37,2,-1,0,-1,-1,2722,32,8,unknown,APPLE,
1488.9980000000069,e6:d5:da:7c:2a:c7,c72a7cdad5e61eff4c001219000446dbb7c1f1f260925c51963b3aef5a8b0309d4d2990200,-7121.0,65762.0,-113367.0,56928.0,-121329.0,,0,0,0,0,0,1,1,2,ADV_NONCONN_IND,37,37,7,-1,0,-1,-1,3851,32,8,unknown,APPLE,
1490.5080000000016,f4:ae:1a:86:aa:56,56aa861aaef41eff4c00121920caee01a2d6d1be387a39cc7b5b93dbfa8ecdb4e274d40156,-33285.0,147773.0,-136136.0,100179.0,-145824.0,,0,0,0,0,0,1,1,0,ADV_IND,37,37,1,-1,0,-1,-1,6675,30,7,unknown,APPLE,
1490.5080000000016,d3:56:13:ec:79:cc,cc79ec1356d31eff4c00121920c8802ca1845b23da19751fb9e5efd23bb6fad2f5aad802cc,-14635.0,96538.0,-105745.0,91150.0,-149950.0,,0,0,0,0,0,1,1,0,ADV_IND,37,37,9,-1,0,-1,-1,7715,32,7,unknown,APPLE,
1493.3620000000085,dd:93:db:99:9b:1f,1f9b99db93dd1eff4c001219109e8369ee382f08e9d901178d878debf815cfcecebcb3001f,-7039.0,81020.0,-98359.0,70087.0,-141762.0,,0,0,0,0,0,1,1,0,ADV_IND,37,37,5,-1,0,-1,-1,7693,32,8,unknown,APPLE,
1495.2130000000034,58:f2:14:83:62:9b,9b628314f2580201061916aafe40718f5ebaa741a7c6acec2cb6b708e14ec721bd6015,-6517.0,63873.0,-86473.0,101357.0,-118697.0,,0,0,0,0,0,1,1,0,ADV_IND,35,37,12,-1,0,-1,-1,1125,32,8,unknown,GOOGLE,
1496.8540000000066,d3:56:13:ec:79:cc,cc79ec1356d31eff4c00121920c8802ca1845b23da19751fb9e5efd23bb6fad2f5aad802cc,-31562.0,81362.0,-83616.0,82399.0,-144302.0,,0,0,0,0,0,1,1,0,ADV_IND,37,37,15,-1,0,-1,-1,3478,32,8,unknown,APPLE,
1498.4580000000133,c1:0e:a2:92:a5:9b,9ba592a20ec11eff4c001219209497909b0be6327f60fe6f6d9472a430285c3a64c891029b,-17329.0,94247.0,-102224.0,84222.0,-135274.0,,0,0,0,0,0,1,1,0,ADV_IND,37,37,9,-1,0,-1,-1,1317,30,8,unknown,APPLE,
1499.8080000000043,f4:ae:1a:86:aa:56,56aa861aaef41eff4c00121920caee01a2d6d1be387a39cc7b5b93dbfa8ecdb4e274d40156,-39136.0,101087.0,-81580.0,96354.0,-123111.0,,0,0,0,0,0,1,1,0,ADV_IND,37,37,13,-1,0,-1,-1,5463,32,8,unknown,APPLE,
1504.7030000000086,e2:99:42:32:d3:c8,c8d3324299e21eff4c00121964fad30641791931a24db77f259cf0de897e0d7b7e140301c8,-27192.0,53053.0,-121785.0,104826.0,-147516.0,,0,0,0,0,0,1,1,0,ADV_IND,37,37,12,-1,0,-1,-1,7247,32,8,unknown,APPLE,
1505.7520000000077,58:f2:14:83:62:9b,9b628314f2580201061916aafe40718f5ebaa741a7c6acec2cb6b708e14ec721bd6015,-2174.0,69021.0,-93055.0,92179.0,-116243.0,,0,0,0,0,0,1,1,0,ADV_IND,35,37,4,-1,0,-1,-1,3976,32,8,unknown,GOOGLE,
1505.7520000000077,f4:ae:1a:86:aa:56,56aa861aaef41eff4c00121920caee01a2d6d1be387a39cc7b5b93dbfa8ecdb4e274d40156,-32420.0,140650.0,-122453.0,96842.0,-136990.0,,0,0,0,0,0,1,1,0,ADV_IND,37,37,4,-1,0,-1,-1,1541,32,7,unknown,APPLE,
1507.7750000000087,58:f2:14:83:62:9b,9b628314f2580201061916aafe40718f5ebaa741a7c6acec2cb6b708e14ec721bd6015,-12119.0,97959.0,-94094.0,107796.0,-140341.0,,0,0,0,0,0,1,1,0,ADV_IND,35,37,0,-1,0,-1,-1,6085,32,8,unknown,GOOGLE,
1509.7309999999998,f4:ae:1a:86:aa:56,56aa861aaef41eff4c00121920caee01a2d6d1be387a39cc7b5b93dbfa8ecdb4e274d40156,-23097.0,107218.0,-88927.0,80509.0,-112558.0,,0,0,0,0,0,1,1,0,ADV_IND,37,37,15,-1,0,-1,-1,6834,32,8,unknown,APPLE,
1509.7309999999998,d6:b6:30:18:8d:02,028d1830b6d61eff4c001219604df85409a4391b6306301b6278950cc53d2bd3334b7e015c,-5478.0,66178.0,-78241.0,88551.0,-134561.0,,0,0,0,0,0,1,1,0,ADV_IND,37,37,5,-1,0,-1,-1,5707,31,8,unknown,APPLE,
1511.2590000000057,fe:cd:da:e7:17:a7,25666c3cf5f41eff4c00121910c4ae7bedf14240cd85e38faa329cbbc7be0f299a6ed7033b,-43450.0,96700.0,-91728.0,76845.0,-142910.0,,0,0,0,0,0,1,1,0,ADV_IND,37,37,9,-1,0,-1,-1,5752,32,8,unknown,APPLE,f4:f5:3c:6c:66:25
1511.2590000000057,d3:56:13:ec:79:cc,cc79ec1356d31eff4c00121920c8802ca1845b23da19751fb9e5efd23bb6fad2f5aad802cc,-33761.0,65631.0,-88806.0,81785.0,-105196.0,,0,0,0,0,0,1,1,0,ADV_IND,37,37,2,-1,0,-1,-1,2688,32,8,unknown,APPLE,
1513.3740000000107,58:f2:14:83:62:9b,9b628314f2580201061916aafe40718f5ebaa741a7c6acec2cb6b708e14ec721bd6015,-7815.0,80791.0,-82529.0,102942.0,-128127.0,,0,0,0,0,0,1,1,0,ADV_IND,35,37,3,-1,0,-1,-1,4668,32,8,unknown,GOOGLE,
1513.3740000000107,dd:93:db:99:9b:1f,1f9b99db93dd1eff4c001219109e8369ee382f08e9d901178d878debf815cfcecebcb3001f,441.0,57631.0,-95395.0,75099.0,-132079.0,,0,0,0,0,0,1,1,0,ADV_IND,37,37,6,-1,0,-1,-1,3472,32,8,unknown,APPLE,
1513.3740000000107,c2:3f:78:80:93:f1,f19380783fc21eff4c00121910cc6d0a6b13c12f268f96fc54566b7af550db40055c7200f1,-21957.0,88957.0,-96616.0,87418.0,-140922.0,,0,0,0,0,0,1,1,0,ADV_IND,37,37,13,-1,0,-1,-1,1480,32,8,unknown,APPLE,
1515.3870000000024,e6:df:1d:30:2b:33,332b301ddfe61eff4c001219649a01bb3df9e43655016e85285aeb3ad859cbaf66c7e40233,11273.0,70092.0,-80073.0,86464.0,-142689.0,,0,0,0,0,0,1,1,0,ADV_IND,37,37,9,-1,0,-1,-1,7893,32,8,unknown,APPLE,
1517.363000000012,58:f2:14:83:62:9b,9b628314f2580201061916aafe40718f5ebaa741a7c6acec2cb6b708e14ec721bd6015,-19209.0,93100.0,-95690.0,90699.0,-138234.0,,0,0,0,0,0,1,1,0,ADV_IND,35,37,6,-1,0,-1,-1,5479,31,7,unknown,GOOGLE,
1523.148000000001,58:f2:14:83:62:9b,9b628314f2580201061916aafe40718f5ebaa741a7c6acec2cb6b708e14ec721bd6015,-26550.0,104054.0,-79297.0,109958.0,-143190.0,,0,0,0,0,0,1,1,0,ADV_IND,35,37,14,-1,0,-1,-1,1928,32,8,unknown,GOOGLE,
1523.148000000001,f4:ae:1a:86:aa:56,56aa861aaef41eff4c00121920caee01a2d6d1be387a39cc7b5b93dbfa8ecdb4e274d40156,-31020.0,91701.0,-89713.0,72546.0,-127393.0,,0,0,0,0,0,1,1,0,ADV_IND,37,37,10,-1,0,-1,-1,3181,31,7,unknown,APPLE,
1525.1850000000122,d3:56:13:ec:79:cc,cc79ec1356d31eff4c00121920c8802ca1845b23da19751fb9e5efd23bb6fad2f5aad802cc,-33792.0,81248.0,-89327.0,82355.0,-153341.0,,0,0,0,0,0,1,1,0,ADV_IND,37,37,14,-1,0,-1,-1,4123,31,7,unknown,APPLE,
1526.9890000000014,e6:d5:da:7c:2a:c7,c72a7cdad5e61eff4c001219000446dbb7c1f1f260925c51963b3aef5a8b0309d4d2990200,-47009.0,111418.0,-124556.0,89960.0,-148064.0,,0,0,0,0,0,1,1,2,ADV_NONCONN_IND,37,37,4,-1,0,-1,-1,2109,31,7,unknown,APPLE,
1531.517000000007,58:f2:14:83:62:9b,9b628314f2580201061916aafe40718f5ebaa741a7c6acec2cb6b708e14ec721bd6015,-6532.0,92969.0,-90771.0,103851.0,-123196.0,,0,0,0,0,0,1,1,0,ADV_IND,35,37,9,-1,0,-1,-1,4990,32,8,unknown,GOOGLE,
1531.517000000007,e8:2e:3a:81:d8:a9,a9d8813a2ee81eff4c0012190059fbe46cfdaab699bfcec72cb37ad8b913cd2c7603c60000,-37612.0,87790.0,-103529.0,83976.0,-136639.0,,0,0,0,0,0,1,1,2,ADV_NONCONN_IND,37,37,6,-1,0,-1,-1,7408,32,7,unknown,APPLE,
1537.866000000009,e6:d5:da:7c:2a:c7,c72a7cdad5e61eff4c001219000446dbb7c1f1f260925c51963b3aef5a8b0309d4d2990200,-25122.0,61122.0,-124247.0,72474.0,-120185.0,,0,0,0,0,0,1,1,2,ADV_NONCONN_IND,37,37,11,-1,0,-1,-1,1682,32,8,unknown,APPLE,
1537.866000000009,f4:ae:1a:86:aa:56,56aa861aaef41eff4c00121920caee01a2d6d1be387a39cc7b5b93dbfa8ecdb4e274d40156,-18063.0,102261.0,-92503.0,69290.0,-148358.0,,0,0,0,0,0,1,1,0,ADV_IND,37,37,3,-1,0,-1,-1,4650,32,8,unknown,APPLE,
1537.866000000009,dd:93:db:99:9b:1f,1f9b99db93dd1eff4c001219109e8369ee382f08e9d901178d878debf815cfcecebcb3001f,-18554.0,87533.0,-109788.0,84962.0,-132246.0,,0,0,0,0,0,1,1,0,ADV_IND,37,37,6,-1,0,-1,-1,7201,32,8,unknown,APPLE,
1539.9800000000105,d3:56:13:ec:79:cc,cc79ec1356d31eff4c00121920c8802ca1845b23da19751fb9e5efd23bb6fad2f5aad802cc,-25475.0,91052.0,-102059.0,76825.0,-127413.0,,0,0,0,0,0,1,1,0,ADV_IND,37,37,5,-1,0,-1,-1,5167,31,8,unknown,APPLE,
1539.9800000000105,e6:d5:da:7c:2a:c7,c72a7cdad5e61eff4c001219000446dbb7c1f1f260925c51963b3aef5a8b0309d4d2990200,-16282.0,72349.0,-107041.0,79625.0,-146333.0,,0,0,0,0,0,1,1,2,ADV_NONCONN_IND,37,37,8,-1,0,-1,-1,2619,32,8,unknown,APPLE,
1541.875,d3:56:13:ec:79:cc,cc79ec1356d31eff4c00121920c8802ca1845b23da19751fb9e5efd23bb6fad2f5aad802cc,-27554.0,77048.0,-98875.0,74534.0,-113285.0,,0,0,0,0,0,1,1,0,ADV_IND,37,37,12,-1,0,-1,-1,4399,32,7,unknown,APPLE,
1541.875,c1:0e:a2:92:a5:9b,9ba592a20ec11eff4c001219209497909b0be6327f60fe6f6d9472a430285c3a64c891029b,-29429.0,75686.0,-98594.0,85095.0,-143769.0,,0,0,0,0,0,1,1,0,ADV_IND,37,37,8,-1,0,-1,-1,3426,32,8,unknown,APPLE,
1542.9570000000094,c1:0e:a2:92:a5:9b,9ba592a20ec11eff4c001219209497909b0be6327f60fe6f6d9472a430285c3a64c891029b,-21724.0,80643.0,-107763.0,61118.0,-105405.0,,0,0,0,0,0,1,1,0,ADV_IND,37,37,8,-1,0,-1,-1,1497,32,8,unknown,APPLE,
1542.9570000000094,e6:df:1d:30:2b:33,332b301ddfe61eff4c001219649a01bb3df9e43655016e85285aeb3ad859cbaf66c7e40233,-9493.0,53825.0,-69779.0,78465.0,-109583.0,,0,0,0,0,0,1,1,0,ADV_IND,37,37,10,-1,0,-1,-1,7121,31,8,unknown,APPLE,
1544.2350000000006,f4:ae:1a:86:aa:56,56aa861aaef41eff4c00121920caee01a2d6d1be387a39cc7b5b93dbfa8ecdb4e274d40156,-21097.0,94733.0,-100193.0,79522.0,-113815.0,,0,0,0,0,0,1,1,0,ADV_IND,37,37,0,-1,0,-1,-1,6898,32,8,unknown,APPLE,
1544.2350000000006,58:f2:14:83:62:9b,9b628314f2580201061916aafe40718f5ebaa741a7c6acec2cb6b708e14ec721bd6015,-13220.0,76507.0,-90870.0,101217.0,-134027.0,,0,0,0,0,0,1,1,0,ADV_IND,35,37,13,-1,0,-1,-1,4681,32,7,unknown,GOOGLE,
1545.5280000000057,58:f2:14:83:62:9b,9b628314f2580201061916aafe40718f5ebaa741a7c6acec2cb6b708e14ec721bd6015,-20974.0,108043.0,-112441.0,99384.0,-134132.0,,0,0,0,0,0,1,1,0,ADV_IND,35,37,9,-1,0,-1,-1,7634,30,7,unknown,GOOGLE,
1548.7020000000048,58:f2:14:83:62:9b,9b628314f2580201061916aafe40718f5ebaa741a7c6acec2cb6b708e14ec721bd6015,-14813.0,92066.0,-92447.0,91361.0,-117798.0,,0,0,0,0,0,1,1,0,ADV_IND,35,37,6,-1,0,-1,-1,3344,32,8,unknown,GOOGLE,
1552.6070000000036,fe:cd:da:e7:17:a7,25666c3cf5f41eff4c00121910c4ae7bedf14240cd85e38faa329cbbc7be0f299a6ed7033b,-27841.0,100851.0,-107187.0,71903.0,-131939.0,,0,0,0,0,0,1,1,0,ADV_IND,37,37,11,-1,0,-1,-1,4827,29,7,unknown,APPLE,f4:f5:3c:6c:66:25
1552.6070000000036,dd:93:db:99:9b:1f,1f9b99db93dd1eff4c001219109e8369ee382f08e9d901178d878debf815cfcecebcb3001f,-17379.0,104406.0,-94474.0,79955.0,-150716.0,,0,0,0,0,0,1,1,0,ADV_IND,37,37,9,-1,0,-1,-1,3589,31,8,unknown,APPLE,
1552.6070000000036,58:f2:14:83:62:9b,9b628314f2580201061916aafe40718f5ebaa741a7c6acec2cb6b708e14ec721bd6015,-8397.0,93483.0,-92112.0,90944.0,-111765.0,,0,0,0,0,0,1,1,0,ADV_IND,35,37,15,-1,0,-1,-1,4116,32,7,unknown,GOOGLE,
1553.9000000000087,58:f2:14:83:62:9b,9b628314f2580201061916aafe40718f5ebaa741a7c6acec2cb6b708e14ec721bd6015,-19312.0,125002.0,-104817.0,104249.0,-137017.0,,0,0,0,0,0,1,1,0,ADV_IND,35,37,13,-1,0,-1,-1,3803,31,7,unknown,GOOGLE,
1555.2850000000035,dd:93:db:99:9b:1f,1f9b99db93dd1eff4c001219109e8369ee382f08e9d901178d878debf815cfcecebcb3001f,18040.0,80492.0,-94868.0,66188.0,-132406.0,,0,0,0,0,0,1,1,0,ADV_IND,37,37,7,-1,0,-1,-1,2343,29,7,unknown,APPLE,
1555.2850000000035,f5:13:62:c9:d1:d5,d5d1c96213f51eff4c001219003fa31580e85ca95d438560ef2e18302b0c47661ed3ae0000,-27828.0,74673.0,-125517.0,82510.0,-161739.0,,0,0,0,0,0,1,1,2,ADV_NONCONN_IND,37,37,11,-1,0,-1,-1,2764,32,8,unknown,APPLE,
1556.448000000004,f4:ae:1a:86:aa:56,56aa861aaef41eff4c00121920caee01a2d6d1be387a39cc7b5b93dbfa8ecdb4e274d40156,-7470.0,89112.0,-84068.0,76919.0,-112345.0,,0,0,0,0,0,1,1,0,ADV_IND,37,37,5,-1,0,-1,-1,5853,32,8,unknown,APPLE,
1558.8250000000116,f5:13:62:c9:d1:d5,d5d1c96213f51eff4c001219003fa31580e85ca95d438560ef2e18302b0c47661ed3ae0000,-38482.0,52569.0,-108706.0,75399.0,-153067.0,,0,0,0,0,0,1,1,2,ADV_NONCONN_IND,37,37,15,-1,0,-1,-1,6941,32,8,unknown,APPLE,
1560.6860000000015,f5:13:62:c9:d1:d5,d5d1c96213f51eff4c001219003fa31580e85ca95d438560ef2e18302b0c47661ed3ae0000,-37277.0,75682.0,-120224.0,83784.0,-157896.0,,0,0,0,0,0,1,1,2,ADV_NONCONN_IND,37,37,1,-1,0,-1,-1,1648,32,8,unknown,APPLE,
1562.488000000012,f5:13:62:c9:d1:d5,d5d1c96213f51eff4c001219003fa31580e85ca95d438560ef2e18302b0c47661ed3ae0000,-47012.0,73181.0,-111452.0,58794.0,-155210.0,,0,0,0,0,0,1,1,2,ADV_NONCONN_IND,37,37,1,-1,0,-1,-1,4778,32,8,unknown,APPLE,
1566.7320000000036,58:f2:14:83:62:9b,9b628314f2580201061916aafe40718f5ebaa741a7c6acec2cb6b708e14ec721bd6015,-25348.0,80507.0,-86525.0,119851.0,-145463.0,,0,0,0,0,0,1,1,0,ADV_IND,35,37,8,-1,0,-1,-1,6092,32,8,unknown,GOOGLE,
1568.4530000000086,e2:99:42:32:d3:c8,c8d3324299e21eff4c00121964fad30641791931a24db77f259cf0de897e0d7b7e140301c8,-8507.0,53999.0,-123621.0,60366.0,-151656.0,,0,0,0,0,0,1,1,0,ADV_IND,37,37,2,-1,0,-1,-1,6502,32,7,unknown,APPLE,
1568.4530000000086,f5:13:62:c9:d1:d5,d5d1c96213f51eff4c001219003fa31580e85ca95d438560ef2e18302b0c47661ed3ae0000,-49303.0,69390.0,-116701.0,69786.0,-144224.0,,0,0,0,0,0,1,1,2,ADV_NONCONN_IND,37,37,0,-1,0,-1,-1,1292,32,7,unknown,APPLE,
1568.4530000000086,d3:56:13:ec:79:cc,cc79ec1356d31eff4c00121920c8802ca1845b23da19751fb9e5efd23bb6fad2f5aad802cc,-16374.0,83490.0,-103996.0,74507.0,-130744.0,,0,0,0,0,0,1,1,0,ADV_IND,37,37,10,-1,0,-1,-1,2933,30,8,unknown,APPLE,
1569.9440000000031,7b:72:59:f5:a9:0b,25666c3cf5f41eff4c00121910c4ae7bedf14240cd85e38faa329cbbc7be0f299a6ed7033b,-22992.0,65187.0,-108190.0,84641.0,-99069.0,,0,0,0,0,0,1,1,0,ADV_IND,37,37,10,-1,0,-1,-1,2096,32,8,unknown,APPLE,f4:f5:3c:6c:66:25
1569.9440000000031,dd:93:db:99:9b:1f,1f9b99db93dd1eff4c001219109e8369ee382f08e9d901178d878debf815cfcecebcb3001f,-32465.0,81935.0,-87242.0,57161.0,-116342.0,,0,0,0,0,0,1,1,0,ADV_IND,37,37,14,-1,0,-1,-1,1640,32,8,unknown,APPLE,
1571.4860000000044,dd:93:db:99:9b:1f,1f9b99db93dd1eff4c001219109e8369ee382f08e9d901178d878debf815cfcecebcb3001f,-4243.0,89859.0,-126049.0,86384.0,-147308.0,,0,0,0,0,0,1,1,0,ADV_IND,37,37,3,-1,0,-1,-1,7142,31,7,unknown,APPLE,
1571.4860000000044,58:f2:14:83:62:9b,9b628314f2580201061916aafe40718f5ebaa741a7c6acec2cb6b708e14ec721bd6015,-7255.0,81497.0,-81995.0,99918.0,-134096.0,,0,0,0,0,0,1,1,0,ADV_IND,35,37,9,-1,0,-1,-1,6910,32,7,unknown,GOOGLE,
1573.4959999999992,f4:ae:1a:86:aa:56,56aa861aaef41eff4c00121920caee01a2d6d1be387a39cc7b5b93dbfa8ecdb4e274d40156,-19351.0,84708.0,-98804.0,56091.0,-119138.0,,0,0,0,0,0,1,1,0,ADV_IND,37,37,4,-1,0,-1,-1,3645,32,8,unknown,APPLE,
1578.49500000001,c1:0e:a2:92:a5:9b,9ba592a20ec11eff4c001219209497909b0be6327f60fe6f6d9472a430285c3a64c891029b,-35795.0,76707.0,-89946.0,84711.0,-113208.0,,0,0,0,0,0,1,1,0,ADV_IND,37,37,15,-1,0,-1,-1,1718,32,7,unknown,APPLE,
1578.49500000001,f5:13:62:c9:d1:d5,d5d1c96213f51eff4c001219003fa31580e85ca95d438560ef2e18302b0c47661ed3ae0000,-37948.0,49382.0,-117155.0,68444.0,-138556.0,,0,0,0,0,0,1,1,2,ADV_NONCONN_IND,37,37,1,-1,0,-1,-1,4218,31,8,unknown,APPLE,
1578.49500000001,58:f2:14:83:62:9b,9b628314f2580201061916aafe40718f5ebaa741a7c6acec2cb6b708e14ec721bd6015,-6802.0,73052.0,-82368.0,87732.0,-137803.0,,0,0,0,0,0,1,1,0,ADV_IND,35,37,14,-1,0,-1,-1,4685,30,7,unknown,GOOGLE,
1579.87000000001,ce:f0:a6:d1:cb:a1,a1cbd1a6f0ce1eff4c00121920b33fd078a3d25b8c1a36e363aa59124f98e9c8092edb01a1,-37449.0,93502.0,-107124.0,85509.0,-147293.0,,0,0,0,0,0,1,1,0,ADV_IND,37,37,3,-1,0,-1,-1,2315,32,8,unknown,APPLE,
1581.5790000000125,f5:13:62:c9:d1:d5,d5d1c96213f51eff4c001219003fa31580e85ca95d438560ef2e18302b0c47661ed3ae0000,-44665.0,62643.0,-107798.0,65621.0,-140582.0,,0,0,0,0,0,1,1,2,ADV_NONCONN_IND,37,37,11,-1,0,-1,-1,6471,31,8,unknown,APPLE,
1581.5790000000125,c1:0e:a2:92:a5:9b,9ba592a20ec11eff4c001219209497909b0be6327f60fe6f6d9472a430285c3a64c891029b,-32021.0,66057.0,-88268.0,61799.0,-118098.0,,0,0,0,0,0,1,1,0,ADV_IND,37,37,14,-1,0,-1,-1,7600,31,8,unknown,APPLE,
1582.8110000000015,c1:0e:a2:92:a5:9b,9ba592a20ec11eff4c001219209497909b0be6327f60fe6f6d9472a430285c3a64c891029b,-41592.0,72811.0,-85250.0,70824.0,-135646.0,,0,0,0,0,0,1,1,0,ADV_IND,37,37,7,-1,0,-1,-1,5697,32,8,unknown,APPLE,
1584.3810000000085,e2:99:42:32:d3:c8,c8d3324299e21eff4c00121964fad30641791931a24db77f259cf0de897e0d7b7e140301c8,-31458.0,59173.0,-106969.0,45471.0,-165544.0,,0,0,0,0,0,1,1,0,ADV_IND,37,37,8,-1,0,-1,-1,3604,32,8,unknown,APPLE,
1584.3810000000085,58:f2:14:83:62:9b,9b628314f2580201061916aafe40718f5ebaa741a7c6acec2cb6b708e14ec721bd6015,-15861.0,95548.0,-95085.0,79568.0,-113433.0,,0,0,0,0,0,1,1,0,ADV_IND,35,37,13,-1,0,-1,-1,3093,32,8,unknown,GOOGLE,
1586.1280000000115,58:f2:14:83:62:9b,9b628314f2580201061916aafe40718f5ebaa741a7c6acec2cb6b708e14ec721bd6015,-8326.0,86854.0,-84656.0,102525.0,-131718.0,,0,0,0,0,0,1,1,0,ADV_IND,35,37,5,-1,0,-1,-1,7596,32,8,unknown,GOOGLE,
1586.1280000000115,f4:ae:1a:86:aa:56,56aa861aaef41eff4c00121920caee01a2d6d1be387a39cc7b5b93dbfa8ecdb4e274d40156,0.0,96664.0,-124536.0,95146.0,-140988.0,,0,0,0,0,0,1,1,0,ADV_IND,37,37,9,-1,0,-1,-1,2925,32,7,unknown,APPLE,
1586.1280000000115,d6:b6:30:18:8d:02,028d1830b6d61eff4c001219604df85409a4391b6306301b6278950cc53d2bd3334b7e015c,871.0,36379.0,-66081.0,82203.0,-100179.0,,0,0,0,0,0,1,1,0,ADV_IND,37,37,3,-1,0,-1,-1,6340,32,8,unknown,APPLE,
1587.5610000000015,f4:ae:1a:86:aa:56,56aa861aaef41eff4c00121920caee01a2d6d1be387a39cc7b5b93dbfa8ecdb4e274d40156,-24369.0,87236.0,-88278.0,97563.0,-126440.0,,0,0,0,0,0,1,1,0,ADV_IND,37,37,14,-1,0,-1,-1,3752,32,8,unknown,APPLE,
1587.5610000000015,e2:99:42:32:d3:c8,c8d3324299e21eff4c00121964fad30641791931a24db77f259cf0de897e0d7b7e140301c8,-33197.0,64339.0,-109476.0,90185.0,-176498.0,,0,0,0,0,0,1,1,0,ADV_IND,37,37,10,-1,0,-1,-1,5172,32,8,unknown,APPLE,
1587.5610000000015,e8:2e:3a:81:d8:a9,a9d8813a2ee81eff4c0012190059fbe46cfdaab699bfcec72cb37ad8b913cd2c7603c60000,-23021.0,34304.0,-93259.0,74863.0,-105878.0,,0,0,0,0,0,1,1,2,ADV_NONCONN_IND,37,37,6,-1,0,-1,-1,6328,32,8,unknown,APPLE,
1588.3420000000042,d3:56:13:ec:79:cc,cc79ec1356d31eff4c00121920c8802ca1845b23da19751fb9e5efd23bb6fad2f5aad802cc,-6641.0,69167.0,-90935.0,81635.0,-137608.0,,0,0,0,0,0,1,1,0,ADV_IND,37,37,1,-1,0,-1,-1,7342,31,8,unknown,APPLE,
1588.3420000000042,d6:b6:30:18:8d:02,028d1830b6d61eff4c001219604df85409a4391b6306301b6278950cc53d2bd3334b7e015c,5838.0,52545.0,-77286.0,115590.0,-138135.0,,0,0,0,0,0,1,1,0,ADV_IND,37,37,9,-1,0,-1,-1,2470,32,8,unknown,APPLE,
1589.1290000000008,c2:3f:78:80:93:f1,f19380783fc21eff4c00121910cc6d0a6b13c12f268f96fc54566b7af550db40055c7200f1,-6909.0,70315.0,-99790.0,81198.0,-133484.0,,0,0,0,0,0,1,1,0,ADV_IND,37,37,0,-1,0,-1,-1,3974,32,8,unknown,APPLE,
1589.1290000000008,f5:13:62:c9:d1:d5,d5d1c96213f51eff4c001219003fa31580e85ca95d438560ef2e18302b0c47661ed3ae0000,-69935.0,50321.0,-118488.0,81355.0,-136432.0,,0,0,0,0,0,1,1,2,ADV_NONCONN_IND,37,37,8,-1,0,-1,-1,6034,32,8,unknown,APPLE,
1589.6280000000115,f4:ae:1a:86:aa:56,56aa861aaef41eff4c00121920caee01a2d6d1be387a39cc7b5b93dbfa8ecdb4e274d40156,-14165.0,90837.0,-96512.0,92273.0,-139433.0,,0,0,0,0,0,1,1,0,ADV_IND,37,37,5,-1,0,-1,-1,2530,32,8,unknown,APPLE,
1589.6280000000115,58:f2:14:83:62:9b,9b628314f2580201061916aafe40718f5ebaa741a7c6acec2cb6b708e14ec721bd6015,-12264.0,92050.0,-108530.0,105031.0,-132259.0,,0,0,0,0,0,1,1,0,ADV_IND,35,37,15,-1,0,-1,-1,5880,30,8,unknown,GOOGLE,
1592.4460000000108,e2:99:42:32:d3:c8,c8d3324299e21eff4c00121964fad30641791931a24db77f259cf0de897e0d7b7e140301c8,-22690.0,51530.0,-110869.0,94039.0,-175429.0,,0,0,0,0,0,1,1,0,ADV_IND,37,37,1,-1,0,-1,-1,2952,32,8,unknown,APPLE,
1592.4460000000108,d3:56:13:ec:79:cc,cc79ec1356d31eff4c00121920c8802ca1845b23da19751fb9e5efd23bb6fad2f5aad802cc,-23196.0,95356.0,-111566.0,103298.0,-140597.0,,0,0,0,0,0,1,1,0,ADV_IND,37,37,10,-1,0,-1,-1,2868,31,7,unknown,APPLE,
1592.4460000000108,d6:b6:30:18:8d:02,028d1830b6d61eff4c001219604df85409a4391b6306301b6278950cc53d2bd3334b7e015c,-17870.0,87104.0,-74474.0,88400.0,-118449.0,,0,0,0,0,0,1,1,0,ADV_IND,37,37,4,-1,0,-1,-1,7752,31,8,unknown,APPLE,
1593.9300000000076,dd:93:db:99:9b:1f,1f9b99db93dd1eff4c001219109e8369ee382f08e9d901178d878debf815cfcecebcb3001f,-8403.0,88326.0,-104809.0,81826.0,-144572.0,,0,0,0,0,0,1,1,0,ADV_IND,37,37,10,-1,0,-1,-1,3880,30,7,unknown,APPLE,
1593.9300000000076,f4:ae:1a:86:aa:56,56aa861aaef41eff4c00121920caee01a2d6d1be387a39cc7b5b93dbfa8ecdb4e274d40156,-31791.0,108885.0,-92616.0,97410.0,-149141.0,,0,0,0,0,0,1,1,0,ADV_IND,37,37,3,-1,0,-1,-1,8004,32,8,unknown,APPLE,
1597.5420000000013,7b:72:59:f5:a9:0b,25666c3cf5f41eff4c00121910c4ae7bedf14240cd85e38faa329cbbc7be0f299a6ed7033b,-18378.0,107605.0,-112403.0,105427.0,-138839.0,,0,0,0,0,0,1,1,0,ADV_IND,37,37,1,-1,0,-1,-1,1254,31,7,unknown,APPLE,f4:f5:3c:6c:66:25
1597.5420000000013,e6:df:1d:30:2b:33,332b301ddfe61eff4c001219649a01bb3df9e43655016e85285aeb3ad859cbaf66c7e40233,24872.0,51099.0,-84156.0,92425.0,-125624.0,,0,0,0,0,0,1,1,0,ADV_IND,37,37,7,-1,0,-1,-1,2188,32,8,unknown,APPLE,
1598.7610000000132,c1:0e:a2:92:a5:9b,9ba592a20ec11eff4c001219209497909b0be6327f60fe6f6d9472a430285c3a64c891029b,-46714.0,101381.0,-110685.0,102008.0,-138797.0,,0,0,0,0,0,1,1,0,ADV_IND,37,37,7,-1,0,-1,-1,6043,32,8,unknown,APPLE,
1603.5790000000125,d3:56:13:ec:79:cc,cc79ec1356d31eff4c00121920c8802ca1845b23da19751fb9e5efd23bb6fad2f5aad802cc,-12045.0,70110.0,-97610.0,84656.0,-108802.0,,0,0,0,0,0,1,1,0,ADV_IND,37,37,2,-1,0,-1,-1,6088,32,7,unknown,APPLE,
1603.5790000000125,dd:93:db:99:9b:1f,1f9b99db93dd1eff4c001219109e8369ee382f08e9d901178d878debf815cfcecebcb3001f,-38549.0,88848.0,-78431.0,65540.0,-140344.0,,0,0,0,0,0,1,1,0,ADV_IND,37,37,12,-1,0,-1,-1,4870,32,8,unknown,APPLE,
1605.0780000000086,f4:ae:1a:86:aa:56,56aa861aaef41eff4c00121920caee01a2d6d1be387a39cc7b5b93dbfa8ecdb4e274d40156,-29732.0,91137.0,-88528.0,85981.0,-125993.0,,0,0,0,0,0,1,1,0,ADV_IND,37,37,10,-1,0,-1,-1,1894,31,8,unknown,APPLE,
1605.0780000000086,f5:13:62:c9:d1:d5,d5d1c96213f51eff4c001219003fa31580e85ca95d438560ef2e18302b0c47661ed3ae0000,-38643.0,96727.0,-143177.0,81178.0,-153918.0,,0,0,0,0,0,1,1,2,ADV_NONCONN_IND,37,37,4,-1,0,-1,-1,7781,31,8,unknown,APPLE,
1606.471000000005,58:f2:14:83:62:9b,9b628314f2580201061916aafe40718f5ebaa741a7c6acec2cb6b708e14ec721bd6015,-24513.0,86859.0,-90422.0,113945.0,-137082.0,,0,0,0,0,0,1,1,0,ADV_IND,35,37,3,-1,0,-1,-1,1502,32,8,unknown,GOOGLE,
1606.471000000005,f5:13:62:c9:d1:d5,d5d1c96213f51eff4c001219003fa31580e85ca95d438560ef2e18302b0c47661ed3ae0000,-42327.0,78476.0,-110888.0,64729.0,-133712.0,,0,0,0,0,0,1,1,2,ADV_NONCONN_IND,37,37,14,-1,0,-1,-1,5415,32,8,unknown,APPLE,
1607.523000000001,ce:f0:a6:d1:cb:a1,a1cbd1a6f0ce1eff4c00121920b33fd078a3d25b8c1a36e363aa59124f98e9c8092edb01a1,-29078.0,40266.0,-81580.0,74602.0,-118459.0,,0,0,0,0,0,1,1,0,ADV_IND,37,37,9,-1,0,-1,-1,3956,31,8,unknown,APPLE,
1607.523000000001,e8:2e:3a:81:d8:a9,a9d8813a2ee81eff4c0012190059fbe46cfdaab699bfcec72cb37ad8b913cd2c7603c60000,-35184.0,73486.0,-104398.0,87310.0,-144262.0,,0,0,0,0,0,1,1,2,ADV_NONCONN_IND,37,37,4,-1,0,-1,-1,1338,32,8,unknown,APPLE,
1609.9460000000108,f4:ae:1a:86:aa:56,56aa861aaef41eff4c00121920caee01a2d6d1be387a39cc7b5b93dbfa8ecdb4e274d40156,-29080.0,89030.0,-102324.0,101298.0,-122958.0,,0,0,0,0,0,1,1,0,ADV_IND,37,37,0,-1,0,-1,-1,6359,32,8,unknown,APPLE,
1611.3820000000123,e2:99:42:32:d3:c8,c8d3324299e21eff4c00121964fad30641791931a24db77f259cf0de897e0d7b7e140301c8,-11755.0,85142.0,-127538.0,74131.0,-161729.0,,0,0,0,0,0,1,1,0,ADV_IND,37,37,14,-1,0,-1,-1,7593,32,8,unknown,APPLE,
1612.744000000006,f4:ae:1a:86:aa:56,56aa861aaef41eff4c00121920caee01a2d6d1be387a39cc7b5b93dbfa8ecdb4e274d40156,-26557.0,113105.0,-113469.0,105101.0,-138943.0,,0,0,0,0,0,1,1,0,ADV_IND,37,37,11,-1,0,-1,-1,6446,30,7,unknown,APPLE,
1614.4750000000058,c1:0e:a2:92:a5:9b,9ba592a20ec11eff4c001219209497909b0be6327f60fe6f6d9472a430285c3a64c891029b,-48884.0,97318.0,-99711.0,90741.0,-123574.0,,0,0,0,0,0,1,1,0,ADV_IND,37,37,5,-1,0,-1,-1,3443,32,8,unknown,APPLE,
1614.4750000000058,f4:ae:1a:86:aa:56,56aa861aaef41eff4c00121920caee01a2d6d1be387a39cc7b5b93dbfa8ecdb4e274d40156,-19523.0,125746.0,-122709.0,103717.0,-139121.0,,0,0,0,0,0,1,1,0,ADV_IND,37,37,10,-1,0,-1,-1,4472,32,7,unknown,APPLE,
1618.9350000000122,ce:f0:a6:d1:cb:a1,a1cbd1a6f0ce1eff4c00121920b33fd078a3d25b8c1a36e363aa59124f98e9c8092edb01a1,-23384.0,58223.0,-99820.0,86456.0,-126480.0,,0,0,0,0,0,1,1,0,ADV_IND,37,37,1,-1,0,-1,-1,7301,32,8,unknown,APPLE,
1618.9350000000122,58:f2:14:83:62:9b,9b628314f2580201061916aafe40718f5ebaa741a7c6acec2cb6b708e14ec721bd6015,-22147.0,75258.0,-87788.0,102256.0,-100554.0,,0,0,0,0,0,1,1,0,ADV_IND,35,37,14,-1,0,-1,-1,6396,32,8,unknown,GOOGLE,
1620.7060000000056,58:f2:14:83:62:9b,9b628314f2580201061916aafe40718f5ebaa741a7c6acec2cb6b708e14ec721bd6015,-19792.0,105065.0,-101229.0,99787.0,-129736.0,,0,0,0,0,0,1,1,0,ADV_IND,35,37,2,-1,0,-1,-1,2293,32,8,unknown,GOOGLE,
1622.5920000000042,f4:ae:1a:86:aa:56,56aa861aaef41eff4c00121920caee01a2d6d1be387a39cc7b5b93dbfa8ecdb4e274d40156,-22170.0,93014.0,-104236.0,105118.0,-138186.0,,0,0,0,0,0,1,1,0,ADV_IND,37,37,13,-1,0,-1,-1,1014,32,8,unknown,APPLE,
1622.5920000000042,58:f2:14:83:62:9b,9b628314f2580201061916aafe40718f5ebaa741a7c6acec2cb6b708e14ec721bd6015,-20819.0,74265.0,-87838.0,125270.0,-139563.0,,0,0,0,0,0,1,1,0,ADV_IND,35,37,5,-1,0,-1,-1,2534,32,8,unknown,GOOGLE,
1622.5920000000042,d3:56:13:ec:79:cc,cc79ec1356d31eff4c00121920c8802ca1845b23da19751fb9e5efd23bb6fad2f5aad802cc,-30942.0,63800.0,-90350.0,85475.0,-131720.0,,0,0,0,0,0,1,1,0,ADV_IND,37,37,8,-1,0,-1,-1,2341,31,7,unknown,APPLE,
1624.1800000000076,ce:f0:a6:d1:cb:a1,a1cbd1a6f0ce1eff4c00121920b33fd078a3d25b8c1a36e363aa59124f98e9c8092edb01a1,-26135.0,45007.0,-83242.0,69819.0,-127911.0,,0,0,0,0,0,1,1,0,ADV_IND,37,37,5,-1,0,-1,-1,7624,32,7,unknown,APPLE,
1625.5320000000063,f5:13:62:c9:d1:d5,d5d1c96213f51eff4c001219003fa31580e85ca95d438560ef2e18302b0c47661ed3ae0000,-37271.0,50630.0,-113595.0,83800.0,-126538.0,,0,0,0,0,0,1,1,2,ADV_NONCONN_IND,37,37,1,-1,0,-1,-1,4584,32,8,unknown,APPLE,
1625.5320000000063,d6:4d:3f:1f:e5:b5,25666c3cf5f41eff4c00121910c4ae7bedf14240cd85e38faa329cbbc7be0f299a6ed7033b,-32256.0,80607.0,-88011.0,78196.0,-130750.0,,0,0,0,0,0,1,1,0,ADV_IND,37,37,15,-1,0,-1,-1,3529,31,8,unknown,APPLE,f4:f5:3c:6c:66:25
1627.3970000000118,e6:df:1d:30:2b:33,332b301ddfe61eff4c001219649a01bb3df9e43655016e85285aeb3ad859cbaf66c7e40233,7974.0,62252.0,-66426.0,72526.0,-134088.0,,0,0,0,0,0,1,1,0,ADV_IND,37,37,7,-1,0,-1,-1,3496,32,8,unknown,APPLE,
1628.4990000000107,58:f2:14:83:62:9b,9b628314f2580201061916aafe40718f5ebaa741a7c6acec2cb6b708e14ec721bd6015,-7586.0,73455.0,-83028.0,86582.0,-140054.0,,0,0,0,0,0,1,1,0,ADV_IND,35,37,4,-1,0,-1,-1,2165,32,8,unknown,GOOGLE,
1628.4990000000107,d3:56:13:ec:79:cc,cc79ec1356d31eff4c00121920c8802ca1845b23da19751fb9e5efd23bb6fad2f5aad802cc,-38096.0,105048.0,-105080.0,95921.0,-149098.0,,0,0,0,0,0,1,1,0,ADV_IND,37,37,8,-1,0,-1,-1,7862,32,8,unknown,APPLE,
1629.9760000000097,f5:13:62:c9:d1:d5,d5d1c96213f51eff4c001219003fa31580e85ca95d438560ef2e18302b0c47661ed3ae0000,-33234.0,70457.0,-117809.0,68055.0,-169322.0,,0,0,0,0,0,1,1,2,ADV_NONCONN_IND,37,37,1,-1,0,-1,-1,2855,32,7,unknown,APPLE,
1630.8360000000102,f5:13:62:c9:d1:d5,d5d1c96213f51eff4c001219003fa31580e85ca95d438560ef2e18302b0c47661ed3ae0000,-22519.0,86957.0,-117569.0,58493.0,-164732.0,,0,0,0,0,0,1,1,2,ADV_NONCONN_IND,37,37,7,-1,0,-1,-1,7949,32,7,unknown,APPLE,
1630.8360000000102,c1:0e:a2:92:a5:9b,9ba592a20ec11eff4c001219209497909b0be6327f60fe6f6d9472a430285c3a64c891029b,-26221.0,65239.0,-85047.0,62249.0,-125657.0,,0,0,0,0,0,1,1,0,ADV_IND,37,37,1,-1,0,-1,-1,7416,32,8,unknown,APPLE,
1633.718000000008,c1:0e:a2:92:a5:9b,9ba592a20ec11eff4c001219209497909b0be6327f60fe6f6d9472a430285c3a64c891029b,-23026.0,69932.0,-87081.0,82564.0,-139799.0,,0,0,0,0,0,1,1,0,ADV_IND,37,37,13,-1,0,-1,-1,1238,32,8,unknown,APPLE,
1633.718000000008,f1:bf:62:b8:c6:5c,5cc6b862bff11eff4c00121964454771bddbb005d5fbf2019ab7fbd121cb240c4ecf84015c,0.0,78383.0,-95608.0,92638.0,-122054.0,,0,0,0,0,0,1,1,0,ADV_IND,37,37,11,-1,0,-1,-1,2842,32,7,unknown,APPLE,
1636.7020000000048,f4:ae:1a:86:aa:56,56aa861aaef41eff4c00121920caee01a2d6d1be387a39cc7b5b93dbfa8ecdb4e274d40156,-14180.0,98889.0,-91989.0,81230.0,-114393.0,,0,0,0,0,0,1,1,0,ADV_IND,37,37,5,-1,0,-1,-1,2448,32,7,unknown,APPLE,
1636.7020000000048,e2:99:42:32:d3:c8,c8d3324299e21eff4c00121964fad30641791931a24db77f259cf0de897e0d7b7e140301c8,-42106.0,44939.0,-105677.0,88442.0,-144712.0,,0,0,0,0,0,1,1,0,ADV_IND,37,37,12,-1,0,-1,-1,5313,32,8,unknown,APPLE,
1637.4440000000031,ce:f0:a6:d1:cb:a1,a1cbd1a6f0ce1eff4c00121920b33fd078a3d25b8c1a36e363aa59124f98e9c8092edb01a1,-30049.0,57021.0,-90865.0,80672.0,-140364.0,,0,0,0,0,0,1,1,0,ADV_IND,37,37,15,-1,0,-1,-1,7974,30,8,unknown,APPLE,
1638.7540000000008,f5:13:62:c9:d1:d5,d5d1c96213f51eff4c001219003fa31580e85ca95d438560ef2e18302b0c47661ed3ae0000,-29490.0,95046.0,-130788.0,76363.0,-155330.0,,0,0,0,0,0,1,1,2,ADV_NONCONN_IND,37,37,2,-1,0,-1,-1,4649,32,7,unknown,APPLE,
1638.7540000000008,e2:99:42:32:d3:c8,c8d3324299e21eff4c00121964fad30641791931a24db77f259cf0de897e0d7b7e140301c8,-39361.0,35048.0,-93437.0,74866.0,-136185.0,,0,0,0,0,0,1,1,0,ADV_IND,37,37,3,-1,0,-1,-1,1298,32,8,unknown,APPLE,
1638.7540000000008,c1:0e:a2:92:a5:9b,9ba592a20ec11eff4c001219209497909b0be6327f60fe6f6d9472a430285c3a64c891029b,-17129.0,100762.0,-107588.0,75670.0,-132887.0,,0,0,0,0,0,1,1,0,ADV_IND,37,37,5,-1,0,-1,-1,6134,31,8,unknown,APPLE,
1639.6500000000087,e6:df:1d:30:2b:33,332b301ddfe61eff4c001219649a01bb3df9e43655016e85285aeb3ad859cbaf66c7e40233,12598.0,54975.0,-87746.0,103310.0,-124991.0,,0,0,0,0,0,1,1,0,ADV_IND,37,37,13,-1,0,-1,-1,3679,31,8,unknown,APPLE,
1640.6510000000126,f4:ae:1a:86:aa:56,56aa861aaef41eff4c00121920caee01a2d6d1be387a39cc7b5b93dbfa8ecdb4e274d40156,-13836.0,80754.0,-96834.0,107855.0,-119602.0,,0,0,0,0,0,1,1,0,ADV_IND,37,37,6,-1,0,-1,-1,1021,32,8,unknown,APPLE,
1641.774000000005,f4:ae:1a:86:aa:56,56aa861aaef41eff4c00121920caee01a2d6d1be387a39cc7b5b93dbfa8ecdb4e274d40156,-18591.0,102099.0,-95054.0,78758.0,-116737.0,,0,0,0,0,0,1,1,0,ADV_IND,37,37,8,-1,0,-1,-1,4627,31,8,unknown,APPLE,
1641.774000000005,58:f2:14:83:62:9b,9b628314f2580201061916aafe40718f5ebaa741a7c6acec2cb6b708e14ec721bd6015,-28463.0,109399.0,-93910.0,101127.0,-131960.0,,0,0,0,0,0,1,1,0,ADV_IND,35,37,7,-1,0,-1,-1,7242,32,7,unknown,GOOGLE,
1642.5860000000102,f5:13:62:c9:d1:d5,d5d1c96213f51eff4c001219003fa31580e85ca95d438560ef2e18302b0c47661ed3ae0000,-37267.0,47880.0,-116829.0,68383.0,-133444.0,,0,0,0,0,0,1,1,2,ADV_NONCONN_IND,37,37,14,-1,0,-1,-1,3653,32,7,unknown,APPLE,
1642.5860000000102,d3:56:13:ec:79:cc,cc79ec1356d31eff4c00121920c8802ca1845b23da19751fb9e5efd23bb6fad2f5aad802cc,-27525.0,91099.0,-102635.0,100067.0,-145931.0,,0,0,0,0,0,1,1,0,ADV_IND,37,37,5,-1,0,-1,-1,7594,32,8,unknown,APPLE,
1643.5880000000034,f1:bf:62:b8:c6:5c,5cc6b862bff11eff4c00121964454771bddbb005d5fbf2019ab7fbd121cb240c4ecf84015c,-8460.0,97210.0,-92547.0,105494.0,-155772.0,,0,0,0,0,0,1,1,0,ADV_IND,37,37,3,-1,0,-1,-1,3682,32,7,unknown,APPLE,
1644.773000000001,c1:0e:a2:92:a5:9b,9ba592a20ec11eff4c001219209497909b0be6327f60fe6f6d9472a430285c3a64c891029b,-28017.0,103029.0,-105333.0,97152.0,-138460.0,,0,0,0,0,0,1,1,0,ADV_IND,37,37,8,-1,0,-1,-1,5051,32,7,unknown,APPLE,
1644.773000000001,58:f2:14:83:62:9b,9b628314f2580201061916aafe40718f5ebaa741a7c6acec2cb6b708e14ec721bd6015,-25941.0,78717.0,-78983.0,95449.0,-116552.0,,0,0,0,0,0,1,1,0,ADV_IND,35,37,3,-1,0,-1,-1,1172,32,8,unknown,GOOGLE,
1646.9290000000035,f5:13:62:c9:d1:d5,d5d1c96213f51eff4c001219003fa31580e85ca95d438560ef2e18302b0c47661ed3ae0000,-35850.0,78203.0,-117397.0,63983.0,-169725.0,,0,0,0,0,0,1,1,2,ADV_NONCONN_IND,37,37,12,-1,0,-1,-1,3436,32,8,unknown,APPLE,
1648.1380000000063,c2:3f:78:80:93:f1,f19380783fc21eff4c00121910cc6d0a6b13c12f268f96fc54566b7af550db40055c7200f1,-28373.0,68941.0,-96801.0,83215.0,-121643.0,,0,0,0,0,0,1,1,0,ADV_IND,37,37,10,-1,0,-1,-1,4341,32,8,unknown,APPLE,
1648.1380000000063,f4:ae:1a:86:aa:56,56aa861aaef41eff4c00121920caee01a2d6d1be387a39cc7b5b93dbfa8ecdb4e274d40156,-28905.0,96469.0,-86103.0,71135.0,-124253.0,,0,0,0,0,0,1,1,0,ADV_IND,37,37,4,-1,0,-1,-1,2378,32,8,unknown,APPLE,
1648.1380000000063,dd:93:db:99:9b:1f,1f9b99db93dd1eff4c001219109e8369ee382f08e9d901178d878debf815cfcecebcb3001f,-32197.0,96150.0,-94428.0,89253.0,-155147.0,,0,0,0,0,0,1,1,0,ADV_IND,37,37,12,-1,0,-1,-1,2923,32,8,unknown,APPLE,
1649.0339999999997,f5:13:62:c9:d1:d5,d5d1c96213f51eff4c001219003fa31580e85ca95d438560ef2e18302b0c47661ed3ae0000,-46536.0,75547.0,-115068.0,49014.0,-139702.0,,0,0,0,0,0,1,1,2,ADV_NONCONN_IND,37,37,8,-1,0,-1,-1,4390,32,8,unknown,APPLE,
1650.3350000000064,d3:56:13:ec:79:cc,cc79ec1356d31eff4c00121920c8802ca1845b23da19751fb9e5efd23bb6fad2f5aad802cc,-26713.0,63042.0,-95720.0,98453.0,-113165.0,,0,0,0,0,0,1,1,0,ADV_IND,37,37,9,-1,0,-1,-1,2339,31,7,unknown,APPLE,
1650.3350000000064,d6:4d:3f:1f:e5:b5,25666c3cf5f41eff4c00121910c4ae7bedf14240cd85e38faa329cbbc7be0f299a6ed7033b,-21914.0,75264.0,-102770.0,87383.0,-122732.0,,0,0,0,0,0,1,1,0,ADV_IND,37,37,14,-1,0,-1,-1,2099,32,8,unknown,APPLE,f4:f5:3c:6c:66:25
1651.6960000000108,e2:99:42:32:d3:c8,c8d3324299e21eff4c00121964fad30641791931a24db77f259cf0de897e0d7b7e140301c8,-8670.0,58341.0,-120151.0,75065.0,-167562.0,,0,0,0,0,0,1,1,0,ADV_IND,37,37,8,-1,0,-1,-1,5488,32,8,unknown,APPLE,
1652.7800000000134,d3:56:13:ec:79:cc,cc79ec1356d31eff4c00121920c8802ca1845b23da19751fb9e5efd23bb6fad2f5aad802cc,-29347.0,71476.0,-74920.0,80325.0,-146444.0,,0,0,0,0,0,1,1,0,ADV_IND,37,37,14,-1,0,-1,-1,7353,32,7,unknown,APPLE,
1654.2390000000014,f4:ae:1a:86:aa:56,56aa861aaef41eff4c00121920caee01a2d6d1be387a39cc7b5b93dbfa8ecdb4e274d40156,-19368.0,111296.0,-92176.0,69164.0,-128338.0,,0,0,0,0,0,1,1,0,ADV_IND,37,37,4,-1,0,-1,-1,1653,32,8,unknown,APPLE,
1654.2390000000014,58:f2:14:83:62:9b,9b628314f2580201061916aafe40718f5ebaa741a7c6acec2cb6b708e14ec721bd6015,-21173.0,76503.0,-94488.0,86802.0,-91632.0,,0,0,0,0,0,1,1,0,ADV_IND,35,37,12,-1,0,-1,-1,2961,32,8,unknown,GOOGLE,
1655.7560000000085,c1:0e:a2:92:a5:9b,9ba592a20ec11eff4c001219209497909b0be6327f60fe6f6d9472a430285c3a64c891029b,-20898.0,68104.0,-92781.0,82813.0,-142217.0,,0,0,0,0,0,1,1,0,ADV_IND,37,37,12,-1,0,-1,-1,7484,32,8,unknown,APPLE,
1657.1380000000063,ce:f0:a6:d1:cb:a1,a1cbd1a6f0ce1eff4c00121920b33fd078a3d25b8c1a36e363aa59124f98e9c8092edb01a1,-29923.0,59626.0,-96406.0,75802.0,-130664.0,,0,0,0,0,0,1,1,0,ADV_IND,37,37,14,-1,0,-1,-1,7549,29,7,unknown,APPLE,
1657.1380000000063,c2:3f:78:80:93:f1,f19380783fc21eff4c00121910cc6d0a6b13c12f268f96fc54566b7af550db40055c7200f0,-7238.0,60568.0,-82725.0,60391.0,-115720.0,,0,0,0,0,0,1,1,0,ADV_IND,37,37,12,-1,0,-1,-1,5388,32,8,unknown,APPLE,
1658.4860000000044,e2:99:42:32:d3:c8,c8d3324299e21eff4c00121960fad30641791931a24db77f259cf0de897e0d7b7e14030197,-27345.0,39145.0,-97448.0,86424.0,-168653.0,,0,0,0,0,0,1,1,0,ADV_IND,37,37,12,-1,0,-1,-1,1820,32,8,unknown,APPLE,
1658.4860000000044,f4:ae:1a:86:aa:56,56aa861aaef41eff4c00121920caee01a2d6d1be387a39cc7b5b93dbfa8ecdb4e274d401a7,-34442.0,88824.0,-107278.0,95988.0,-134113.0,,0,0,0,0,0,1,1,0,ADV_IND,37,37,1,-1,0,-1,-1,1321,32,8,unknown,APPLE,
1659.6700000000128,e0:76:51:24:1b:d0,d01b245176e01eff4c00121900bb34e40069e9ac08ae750f00cf52fac5ecf2ca4e6bab0000,-29730.0,67920.0,-113115.0,89839.0,-133135.0,,0,0,0,0,0,1,1,2,ADV_NONCONN_IND,37,37,3,-1,0,-1,-1,5829,32,8,unknown,APPLE,
1659.6700000000128,dd:93:db:99:9b:1f,1f9b99db93dd1eff4c001219109e8369ee382f08e9d901178d878debf815cfcecebcb300d8,-15376.0,81204.0,-90741.0,71150.0,-141448.0,,0,0,0,0,0,1,1,0,ADV_IND,37,37,14,-1,0,-1,-1,4349,31,8,unknown,APPLE,
1660.9130000000005,f5:13:62:c9:d1:d5,d5d1c96213f51eff4c001219003fa31580e85ca95d438560ef2e18302b0c47661ed3ae0000,-50576.0,83478.0,-121352.0,81903.0,-167087.0,,0,0,0,0,0,1,1,2,ADV_NONCONN_IND,37,37,15,-1,0,-1,-1,4426,32,8,unknown,APPLE,
1661.8120000000054,ce:f0:a6:d1:cb:a1,a1cbd1a6f0ce1eff4c00121920b33fd078a3d25b8c1a36e363aa59124f98e9c8092edb0109,-27053.0,62433.0,-90089.0,76347.0,-133026.0,,0,0,0,0,0,1,1,0,ADV_IND,37,37,4,-1,0,-1,-1,1383,32,8,unknown,APPLE,
1661.8120000000054,f1:bf:62:b8:c6:5c,5cc6b862bff11eff4c00121960454771bddbb005d5fbf2019ab7fbd121cb240c4ecf840108,4721.0,93770.0,-108910.0,122238.0,-162496.0,,0,0,0,0,0,1,1,0,ADV_IND,37,37,0,-1,0,-1,-1,3619,30,8,unknown,APPLE,
1663.3620000000085,dd:93:db:99:9b:1f,1f9b99db93dd1eff4c001219109e8369ee382f08e9d901178d878debf815cfcecebcb300d8,-15494.0,96747.0,-115540.0,89332.0,-154138.0,,0,0,0,0,0,1,1,0,ADV_IND,37,37,9,-1,0,-1,-1,4731,32,8,unknown,APPLE,
1663.3620000000085,c2:3f:78:80:93:f1,f19380783fc21eff4c00121910cc6d0a6b13c12f268f96fc54566b7af550db40055c7200f0,1572.0,66398.0,-90387.0,65066.0,-140610.0,,0,0,0,0,0,1,1,0,ADV_IND,37,37,3,-1,0,-1,-1,3258,32,8,unknown,APPLE,
1663.3620000000085,ce:f0:a6:d1:cb:a1,a1cbd1a6f0ce1eff4c00121920b33fd078a3d25b8c1a36e363aa59124f98e9c8092edb0109,-47187.0,98351.0,-87104.0,79583.0,-121669.0,,0,0,0,0,0,1,1,0,ADV_IND,37,37,6,-1,0,-1,-1,1958,32,8,unknown,APPLE,
1663.3620000000085,f4:ae:1a:86:aa:56,56aa861aaef41eff4c00121920caee01a2d6d1be387a39cc7b5b93dbfa8ecdb4e274d401a7,-27295.0,116279.0,-119719.0,94018.0,-128369.0,,0,0,0,0,0,1,1,0,ADV_IND,37,37,14,-1,0,-1,-1,2448,32,8,unknown,APPLE,
1664.6810000000114,d3:56:13:ec:79:cc,cc79ec1356d31eff4c00121920c8802ca1845b23da19751fb9e5efd23bb6fad2f5aad80245,-25265.0,61171.0,-78104.0,78421.0,-120577.0,,0,0,0,0,0,1,1,0,ADV_IND,37,37,9,-1,0,-1,-1,3983,32,8,unknown,APPLE,
1665.6770000000106,58:f2:14:83:62:9b,9b628314f2580201061916aafe40718f5ebaa741a7c6acec2cb6b708e14ec721bd6015,-14241.0,90192.0,-92127.0,94799.0,-131704.0,,0,0,0,0,0,1,1,0,ADV_IND,35,37,12,-1,0,-1,-1,2628,32,8,unknown,GOOGLE,
1667.241000000009,d6:4d:3f:1f:e5:b5,25666c3cf5f41eff4c00121910c4ae7bedf14240cd85e38faa329cbbc7be0f299a6ed703d6,-29807.0,63298.0,-96744.0,54188.0,-129497.0,,0,0,0,0,0,1,1,0,ADV_IND,37,37,10,-1,0,-1,-1,4506,32,8,unknown,APPLE,f4:f5:3c:6c:66:25
1667.241000000009,d3:56:13:ec:79:cc,cc79ec1356d31eff4c00121920c8802ca1845b23da19751fb9e5efd23bb6fad2f5aad80245,-26727.0,69886.0,-96151.0,116677.0,-137108.0,,0,0,0,0,0,1,1,0,ADV_IND,37,37,0,-1,0,-1,-1,3496,32,8,unknown,APPLE,
1667.241000000009,f4:ae:1a:86:aa:56,56aa861aaef41eff4c00121920caee01a2d6d1be387a39cc7b5b93dbfa8ecdb4e274d401a7,-23018.0,99610.0,-96664.0,65602.0,-117514.0,,0,0,0,0,0,1,1,0,ADV_IND,37,37,2,-1,0,-1,-1,3207,32,8,unknown,APPLE,
1668.8369999999995,58:f2:14:83:62:9b,9b628314f2580201061916aafe40718f5ebaa741a7c6acec2cb6b708e14ec721bd6015,-414.0,84255.0,-89930.0,95417.0,-142809.0,,0,0,0,0,0,1,1,0,ADV_IND,35,37,7,-1,0,-1,-1,1006,32,8,unknown,GOOGLE,
1670.421000000002,58:f2:14:83:62:9b,9b628314f2580201061916aafe40718f5ebaa741a7c6acec2cb6b708e14ec721bd6015,-9705.0,78694.0,-82037.0,78876.0,-93066.0,,0,0,0,0,0,1,1,0,ADV_IND,35,37,11,-1,0,-1,-1,2196,32,8,unknown,GOOGLE,
1670.421000000002,d3:56:13:ec:79:cc,cc79ec1356d31eff4c00121920c8802ca1845b23da19751fb9e5efd23bb6fad2f5aad80245,-42698.0,76743.0,-98058.0,96468.0,-105298.0,,0,0,0,0,0,1,1,0,ADV_IND,37,37,3,-1,0,-1,-1,5728,32,8,unknown,APPLE,
1671.8559999999998,ce:f0:a6:d1:cb:a1,a1cbd1a6f0ce1eff4c00121920b33fd078a3d25b8c1a36e363aa59124f98e9c8092edb0109,-39821.0,50043.0,-92335.0,91393.0,-122580.0,,0,0,0,0,0,1,1,0,ADV_IND,37,37,9,-1,0,-1,-1,4026,32,8,unknown,APPLE,
1672.8480000000127,dd:93:db:99:9b:1f,1f9b99db93dd1eff4c001219109e8369ee382f08e9d901178d878debf815cfcecebcb300d8,-30219.0,83351.0,-97231.0,74249.0,-149868.0,,0,0,0,0,0,1,1,0,ADV_IND,37,37,6,-1,0,-1,-1,3248,32,8,unknown,APPLE,
1674.531000000003,f4:ae:1a:86:aa:56,56aa861aaef41eff4c00121920caee01a2d6d1be387a39cc7b5b93dbfa8ecdb4e274d401a7,-1569.0,108480.0,-107444.0,76769.0,-152149.0,,0,0,0,0,0,1,1,0,ADV_IND,37,37,11,-1,0,-1,-1,4491,32,8,unknown,APPLE,
1674.531000000003,d3:56:13:ec:79:cc,cc79ec1356d31eff4c00121920c8802ca1845b23da19751fb9e5efd23bb6fad2f5aad80245,-31193.0,86003.0,-93445.0,66543.0,-126177.0,,0,0,0,0,0,1,1,0,ADV_IND,37,37,9,-1,0,-1,-1,2250,32,7,unknown,APPLE,
1675.3060000000114,e0:76:51:24:1b:d0,d01b245176e01eff4c00121900bb34e40069e9ac08ae750f00cf52fac5ecf2ca4e6bab0000,-43462.0,81680.0,-112374.0,94323.0,-145518.0,,0,0,0,0,0,1,1,2,ADV_NONCONN_IND,37,37,8,-1,0,-1,-1,5285,32,7,unknown,APPLE,
1676.8810000000085,e2:99:42:32:d3:c8,c8d3324299e21eff4c00121960fad30641791931a24db77f259cf0de897e0d7b7e14030197,-19737.0,78069.0,-124505.0,92685.0,-173766.0,,0,0,0,0,0,1,1,0,ADV_IND,37,37,15,-1,0,-1,-1,4417,32,8,unknown,APPLE,
1676.8810000000085,f5:13:62:c9:d1:d5,d5d1c96213f51eff4c001219003fa31580e85ca95d438560ef2e18302b0c47661ed3ae0000,-41957.0,49895.0,-111419.0,72048.0,-128753.0,,0,0,0,0,0,1,1,2,ADV_NONCONN_IND,37,37,2,-1,0,-1,-1,4600,31,7,unknown,APPLE,
1678.5770000000048,f4:ae:1a:86:aa:56,56aa861aaef41eff4c00121920caee01a2d6d1be387a39cc7b5b93dbfa8ecdb4e274d401a7,-22525.0,100402.0,-97669.0,87369.0,-133635.0,,0,0,0,0,0,1,1,0,ADV_IND,37,37,11,-1,0,-1,-1,6415,32,8,unknown,APPLE,
1678.5770000000048,58:f2:14:83:62:9b,9b628314f2580201061916aafe40718f5ebaa741a7c6acec2cb6b708e14ec721bd6015,-12245.0,102778.0,-108098.0,86471.0,-131306.0,,0,0,0,0,0,1,1,0,ADV_IND,35,37,15,-1,0,-1,-1,1362,32,8,unknown,GOOGLE,
1679.8450000000012,f5:13:62:c9:d1:d5,d5d1c96213f51eff4c001219003fa31580e85ca95d438560ef2e18302b0c47661ed3ae0000,-53387.0,61057.0,-118433.0,65267.0,-154515.0,,0,0,0,0,0,1,1,2,ADV_NONCONN_IND,37,37,7,-1,0,-1,-1,3038,31,7,unknown,APPLE,
1679.8450000000012,c2:3f:78:80:93:f1,f19380783fc21eff4c00121910cc6d0a6b13c12f268f96fc54566b7af550db40055c7200f0,-44202.0,74274.0,-96402.0,90785.0,-145568.0,,0,0,0,0,0,1,1,0,ADV_IND,37,37,14,-1,0,-1,-1,2930,32,8,unknown,APPLE,
1679.8450000000012,58:f2:14:83:62:9b,9b628314f2580201061916aafe40718f5ebaa741a7c6acec2cb6b708e14ec721bd6015,3420.0,49585.0,-89259.0,101618.0,-109201.0,,0,0,0,0,0,1,1,0,ADV_IND,35,37,14,-1,0,-1,-1,1074,32,8,unknown,GOOGLE,
1681.344000000012,f5:13:62:c9:d1:d5,d5d1c96213f51eff4c001219003fa31580e85ca95d438560ef2e18302b0c47661ed3ae0000,-47003.0,61801.0,-122968.0,80418.0,-161415.0,,0,0,0,0,0,1,1,2,ADV_NONCONN_IND,37,37,8,-1,0,-1,-1,6007,30,8,unknown,APPLE,
1681.344000000012,c1:0e:a2:92:a5:9b,9ba592a20ec11eff4c001219209497909b0be6327f60fe6f6d9472a430285c3a64c891029f,-27238.0,76018.0,-103720.0,86142.0,-137717.0,,0,0,0,0,0,1,1,0,ADV_IND,37,37,2,-1,0,-1,-1,3518,31,7,unknown,APPLE,
1682.6880000000092,e2:99:42:32:d3:c8,c8d3324299e21eff4c00121960fad30641791931a24db77f259cf0de897e0d7b7e14030197,-37560.0,74450.0,-98711.0,68982.0,-160855.0,,0,0,0,0,0,1,1,0,ADV_IND,37,37,13,-1,0,-1,-1,4381,31,8,unknown,APPLE,
1684.9200000000128,c1:0e:a2:92:a5:9b,9ba592a20ec11eff4c001219209497909b0be6327f60fe6f6d9472a430285c3a64c891029f,-27913.0,75682.0,-79192.0,65553.0,-139297.0,,0,0,0,0,0,1,1,0,ADV_IND,37,37,10,-1,0,-1,-1,4625,32,7,unknown,APPLE,
1684.9200000000128,dd:93:db:99:9b:1f,1f9b99db93dd1eff4c001219109e8369ee382f08e9d901178d878debf815cfcecebcb300d8,-13200.0,68263.0,-88640.0,65849.0,-143398.0,,0,0,0,0,0,1,1,0,ADV_IND,37,37,0,-1,0,-1,-1,3211,32,8,unknown,APPLE,
1684.9200000000128,e0:76:51:24:1b:d0,d01b245176e01eff4c00121900bb34e40069e9ac08ae750f00cf52fac5ecf2ca4e6bab0000,-34350.0,91356.0,-125892.0,92793.0,-144414.0,,0,0,0,0,0,1,1,2,ADV_NONCONN_IND,37,37,14,-1,0,-1,-1,3404,29,8,unknown,APPLE,
1689.564000000013,c1:0e:a2:92:a5:9b,9ba592a20ec11eff4c001219209497909b0be6327f60fe6f6d9472a430285c3a64c891029f,-27029.0,77766.0,-105184.0,79582.0,-119373.0,,0,0,0,0,0,1,1,0,ADV_IND,37,37,10,-1,0,-1,-1,1247,31,8,unknown,APPLE,
1689.564000000013,e6:df:1d:30:2b:33,332b301ddfe61eff4c001219609a01bb3df9e43655016e85285aeb3ad859cbaf66c7e40268,0.0,84374.0,-79248.0,76430.0,-143741.0,,0,0,0,0,0,1,1,0,ADV_IND,37,37,11,-1,0,-1,-1,4768,29,7,unknown,APPLE,
1689.564000000013,c2:3f:78:80:93:f1,f19380783fc21eff4c00121910cc6d0a6b13c12f268f96fc54566b7af550db40055c7200f0,-8313.0,88659.0,-109265.0,68287.0,-157192.0,,0,0,0,0,0,1,1,0,ADV_IND,37,37,13,-1,0,-1,-1,4631,28,7,unknown,APPLE,
1689.564000000013,f1:bf:62:b8:c6:5c,5cc6b862bff11eff4c00121960454771bddbb005d5fbf2019ab7fbd121cb240c4ecf840108,1535.0,84696.0,-74883.0,81754.0,-145863.0,,0,0,0,0,0,1,1,0,ADV_IND,37,37,7,-1,0,-1,-1,3096,32,8,unknown,APPLE,
1692.419000000009,dd:93:db:99:9b:1f,1f9b99db93dd1eff4c001219109e8369ee382f08e9d901178d878debf815cfcecebcb300d8,-19606.0,120232.0,-92096.0,66737.0,-152933.0,,0,0,0,0,0,1,1,0,ADV_IND,37,37,13,-1,0,-1,-1,3259,32,8,unknown,APPLE,
1692.844000000012,c1:0e:a2:92:a5:9b,9ba592a20ec11eff4c001219209497909b0be6327f60fe6f6d9472a430285c3a64c891029f,-45404.0,75379.0,-95520.0,57971.0,-114965.0,,0,0,0,0,0,1,1,0,ADV_IND,37,37,15,-1,0,-1,-1,1551,31,8,unknown,APPLE,
1692.844000000012,e0:76:51:24:1b:d0,d01b245176e01eff4c00121900bb34e40069e9ac08ae750f00cf52fac5ecf2ca4e6bab0000,-26116.0,92805.0,-116374.0,80380.0,-139700.0,,0,0,0,0,0,1,1,2,ADV_NONCONN_IND,37,37,11,-1,0,-1,-1,7337,32,8,unknown,APPLE,
1692.844000000012,c8:26:11:f1:4d:11,25666c3cf5f41eff4c00121910c4ae7bedf14240cd85e38faa329cbbc7be0f299a6ed703d6,-15936.0,49329.0,-104987.0,93964.0,-116627.0,,0,0,0,0,0,1,1,0,ADV_IND,37,37,5,-1,0,-1,-1,4069,32,8,unknown,APPLE,f4:f5:3c:6c:66:25
1694.7649999999994,58:f2:14:83:62:9b,9b628314f2580201061916aafe40718f5ebaa741a7c6acec2cb6b708e14ec721bd6015,-10702.0,90470.0,-112171.0,103171.0,-120970.0,,0,0,0,0,0,1,1,0,ADV_IND,35,37,1,-1,0,-1,-1,4149,30,8,unknown,GOOGLE,
1697.2649999999994,ce:f0:a6:d1:cb:a1,a1cbd1a6f0ce1eff4c00121920b33fd078a3d25b8c1a36e363aa59124f98e9c8092edb0109,-33086.0,76057.0,-97947.0,68590.0,-110371.0,,0,0,0,0,0,1,1,0,ADV_IND,37,37,11,-1,0,-1,-1,3113,32,8,unknown,APPLE,
1697.2649999999994,c1:0e:a2:92:a5:9b,9ba592a20ec11eff4c001219209497909b0be6327f60fe6f6d9472a430285c3a64c891029f,-19125.0,65836.0,-93683.0,91301.0,-129906.0,,0,0,0,0,0,1,1,0,ADV_IND,37,37,7,-1,0,-1,-1,6915,32,8,unknown,APPLE,
1698.5880000000034,f1:bf:62:b8:c6:5c,5cc6b862bff11eff4c00121960454771bddbb005d5fbf2019ab7fbd121cb240c4ecf840108,23656.0,80742.0,-101202.0,104024.0,-149083.0,,0,0,0,0,0,1,1,0,ADV_IND,37,37,14,-1,0,-1,-1,4550,31,7,unknown,APPLE,
1698.5880000000034,58:f2:14:83:62:9b,9b628314f2580201061916aafe40718f5ebaa741a7c6acec2cb6b708e14ec721bd6015,-27925.0,95728.0,-90652.0,92916.0,-106013.0,,0,0,0,0,0,1,1,0,ADV_IND,35,37,10,-1,0,-1,-1,3217,32,8,unknown,GOOGLE,
1698.5880000000034,d3:56:13:ec:79:cc,cc79ec1356d31eff4c00121920c8802ca1845b23da19751fb9e5efd23bb6fad2f5aad80245,-25742.0,100867.0,-118357.0,90519.0,-149409.0,,0,0,0,0,0,1,1,0,ADV_IND,37,37,14,-1,0,-1,-1,3080,31,7,unknown,APPLE,
1699.7370000000085,c1:0e:a2:92:a5:9b,9ba592a20ec11eff4c001219209497909b0be6327f60fe6f6d9472a430285c3a64c891029f,-13669.0,82653.0,-101021.0,81068.0,-136635.0,,0,0,0,0,0,1,1,0,ADV_IND,37,37,2,-1,0,-1,-1,7906,32,7,unknown,APPLE,
1701.3830000000016,dd:93:db:99:9b:1f,1f9b99db93dd1eff4c001219109e8369ee382f08e9d901178d878debf815cfcecebcb300d8,-11187.0,82974.0,-88959.0,65507.0,-146147.0,,0,0,0,0,0,1,1,0,ADV_IND,37,37,1,-1,0,-1,-1,5369,32,8,unknown,APPLE,
1704.096000000005,d3:56:13:ec:79:cc,cc79ec1356d31eff4c00121920c8802ca1845b23da19751fb9e5efd23bb6fad2f5aad80245,-36649.0,70133.0,-87476.0,78805.0,-107346.0,,0,0,0,0,0,1,1,0,ADV_IND,37,37,0,-1,0,-1,-1,4766,32,8,unknown,APPLE,
1704.096000000005,58:f2:14:83:62:9b,9b628314f2580201061916aafe40718f5ebaa741a7c6acec2cb6b708e14ec721bd6015,-8338.0,81947.0,-82308.0,106780.0,-133937.0,,0,0,0,0,0,1,1,0,ADV_IND,35,37,13,-1,0,-1,-1,3417,32,8,unknown,GOOGLE,
1704.096000000005,e6:df:1d:30:2b:33,332b301ddfe61eff4c001219609a01bb3df9e43655016e85285aeb3ad859cbaf66c7e40268,9775.0,62123.0,-74735.0,92548.0,-111114.0,,0,0,0,0,0,1,1,0,ADV_IND,37,37,13,-1,0,-1,-1,4551,32,8,unknown,APPLE,
1704.096000000005,dd:93:db:99:9b:1f,1f9b99db93dd1eff4c001219109e8369ee382f08e9d901178d878debf815cfcecebcb300d8,-16496.0,82890.0,-94180.0,83559.0,-148142.0,,0,0,0,0,0,1,1,0,ADV_IND,37,37,1,-1,0,-1,-1,6270,32,7,unknown,APPLE,
1705.4640000000072,c2:3f:78:80:93:f1,f19380783fc21eff4c00121910cc6d0a6b13c12f268f96fc54566b7af550db40055c7200f0,-9079.0,85750.0,-98131.0,79421.0,-166462.0,,0,0,0,0,0,1,1,0,ADV_IND,37,37,2,-1,0,-1,-1,8033,32,8,unknown,APPLE,
1705.4640000000072,e0:76:51:24:1b:d0,d01b245176e01eff4c00121900bb34e40069e9ac08ae750f00cf52fac5ecf2ca4e6bab0000,-30882.0,68670.0,-89039.0,78172.0,-141958.0,,0,0,0,0,0,1,1,2,ADV_NONCONN_IND,37,37,6,-1,0,-1,-1,5686,32,8,unknown,APPLE,
1707.021000000008,dd:93:db:99:9b:1f,1f9b99db93dd1eff4c001219109e8369ee382f08e9d901178d878debf815cfcecebcb300d8,-21652.0,71803.0,-93754.0,75194.0,-117977.0,,0,0,0,0,0,1,1,0,ADV_IND,37,37,5,-1,0,-1,-1,6869,32,8,unknown,APPLE,
1708.492000000013,d3:56:13:ec:79:cc,cc79ec1356d31eff4c00121920c8802ca1845b23da19751fb9e5efd23bb6fad2f5aad80245,-33153.0,78807.0,-103821.0,91985.0,-108533.0,,0,0,0,0,0,1,1,0,ADV_IND,37,37,7,-1,0,-1,-1,4514,32,8,unknown,APPLE,
1709.8010000000068,f1:bf:62:b8:c6:5c,5cc6b862bff11eff4c00121960454771bddbb005d5fbf2019ab7fbd121cb240c4ecf840108,-24171.0,92716.0,-74805.0,111074.0,-153861.0,,0,0,0,0,0,1,1,0,ADV_IND,37,37,5,-1,0,-1,-1,7042,30,8,unknown,APPLE,
1709.8010000000068,ce:f0:a6:d1:cb:a1,a1cbd1a6f0ce1eff4c00121920b33fd078a3d25b8c1a36e363aa59124f98e9c8092edb0109,-32176.0,77939.0,-80016.0,63454.0,-118711.0,,0,0,0,0,0,1,1,0,ADV_IND,37,37,11,-1,0,-1,-1,1522,32,7,unknown,APPLE,
1710.7630000000063,58:f2:14:83:62:9b,9b628314f2580201061916aafe40718f5ebaa741a7c6acec2cb6b708e14ec721bd6015,-17052.0,61752.0,-80461.0,108042.0,-123980.0,,0,0,0,0,0,1,1,0,ADV_IND,35,37,3,-1,0,-1,-1,6457,32,8,unknown,GOOGLE,
1710.7630000000063,f4:ae:1a:86:aa:56,56aa861aaef41eff4c00121920caee01a2d6d1be387a39cc7b5b93dbfa8ecdb4e274d401a7,-35668.0,103214.0,-95475.0,60666.0,-113822.0,,0,0,0,0,0,1,1,0,ADV_IND,37,37,14,-1,0,-1,-1,8012,32,7,unknown,APPLE,
1711.922000000006,e0:76:51:24:1b:d0,d01b245176e01eff4c00121900bb34e40069e9ac08ae750f00cf52fac5ecf2ca4e6bab0000,-31699.0,58452.0,-100971.0,91107.0,-142932.0,,0,0,0,0,0,1,1,2,ADV_NONCONN_IND,37,37,1,-1,0,-1,-1,1124,32,8,unknown,APPLE,
1718.1370000000024,f4:ae:1a:86:aa:56,56aa861aaef41eff4c00121920caee01a2d6d1be387a39cc7b5b93dbfa8ecdb4e274d401a7,-18282.0,100752.0,-124683.0,94376.0,-127540.0,,0,0,0,0,0,1,1,0,ADV_IND,37,37,7,-1,0,-1,-1,7230,31,8,unknown,APPLE,
1718.3740000000107,f1:bf:62:b8:c6:5c,5cc6b862bff11eff4c00121960454771bddbb005d5fbf2019ab7fbd121cb240c4ecf840108,-4710.0,84804.0,-81003.0,117729.0,-134093.0,,0,0,0,0,0,1,1,0,ADV_IND,37,37,1,-1,0,-1,-1,7964,32,7,unknown,APPLE,
1718.3740000000107,ce:f0:a6:d1:cb:a1,a1cbd1a6f0ce1eff4c00121920b33fd078a3d25b8c1a36e363aa59124f98e9c8092edb0109,-27094.0,58721.0,-90331.0,79237.0,-133644.0,,0,0,0,0,0,1,1,0,ADV_IND,37,37,12,-1,0,-1,-1,2147,32,8,unknown,APPLE,
1718.3740000000107,dd:93:db:99:9b:1f,1f9b99db93dd1eff4c001219109e8369ee382f08e9d901178d878debf815cfcecebcb300d8,-4292.0,82184.0,-99846.0,76708.0,-131272.0,,0,0,0,0,0,1,1,0,ADV_IND,37,37,3,-1,0,-1,-1,4198,32,8,unknown,APPLE,
1718.3740000000107,c1:0e:a2:92:a5:9b,9ba592a20ec11eff4c001219209497909b0be6327f60fe6f6d9472a430285c3a64c891029f,-27832.0,92688.0,-94652.0,83720.0,-138092.0,,0,0,0,0,0,1,1,0,ADV_IND,37,37,2,-1,0,-1,-1,4382,32,8,unknown,APPLE,
1719.018000000011,c1:0e:a2:92:a5:9b,9ba592a20ec11eff4c001219209497909b0be6327f60fe6f6d9472a430285c3a64c891029f,-35944.0,79744.0,-90362.0,69010.0,-136814.0,,0,0,0,0,0,1,1,0,ADV_IND,37,37,5,-1,0,-1,-1,1479,29,7,unknown,APPLE,
1721.594000000012,e2:99:42:32:d3:c8,c8d3324299e21eff4c00121960fad30641791931a24db77f259cf0de897e0d7b7e14030197,-31529.0,72718.0,-100221.0,84138.0,-180906.0,,0,0,0,0,0,1,1,0,ADV_IND,37,37,5,-1,0,-1,-1,969,31,8,unknown,APPLE,
1721.594000000012,f1:bf:62:b8:c6:5c,5cc6b862bff11eff4c00121960454771bddbb005d5fbf2019ab7fbd121cb240c4ecf840108,10157.0,78412.0,-94883.0,102306.0,-132132.0,,0,0,0,0,0,1,1,0,ADV_IND,37,37,5,-1,0,-1,-1,4203,32,8,unknown,APPLE,
1724.1580000000104,58:f2:14:83:62:9b,9b628314f2580201061916aafe40718f5ebaa741a7c6acec2cb6b708e14ec721bd6015,-6797.0,84412.0,-83687.0,83420.0,-118769.0,,0,0,0,0,0,1,1,0,ADV_IND,35,37,15,-1,0,-1,-1,4232,32,7,unknown,GOOGLE,
1724.1580000000104,f4:ae:1a:86:aa:56,56aa861aaef41eff4c00121920caee01a2d6d1be387a39cc7b5b93dbfa8ecdb4e274d401a7,-29469.0,107428.0,-116603.0,109449.0,-145144.0,,0,0,0,0,0,1,1,0,ADV_IND,37,37,7,-1,0,-1,-1,5373,32,8,unknown,APPLE,
1725.7390000000014,e2:99:42:32:d3:c8,c8d3324299e21eff4c00121960fad30641791931a24db77f259cf0de897e0d7b7e14030197,-27842.0,44124.0,-114843.0,89349.0,-153763.0,,0,0,0,0,0,1,1,0,ADV_IND,37,37,12,-1,0,-1,-1,1399,32,8,unknown,APPLE,
1726.87000000001,f4:ae:1a:86:aa:56,56aa861aaef41eff4c00121920caee01a2d6d1be387a39cc7b5b93dbfa8ecdb4e274d401a7,-37115.0,98844.0,-111731.0,106248.0,-129225.0,,0,0,0,0,0,1,1,0,ADV_IND,37,37,11,-1,0,-1,-1,6680,32,8,unknown,APPLE,
1728.3770000000077,58:f2:14:83:62:9b,9b628314f2580201061916aafe40718f5ebaa741a7c6acec2cb6b708e14ec721bd6015,-19971.0,76907.0,-96452.0,85900.0,-78775.0,,0,0,0,0,0,1,1,0,ADV_IND,35,37,3,-1,0,-1,-1,4488,32,8,unknown,GOOGLE,
1728.3770000000077,e2:99:42:32:d3:c8,c8d3324299e21eff4c00121960fad30641791931a24db77f259cf0de897e0d7b7e14030197,-31966.0,54995.0,-105943.0,85439.0,-139418.0,,0,0,0,0,0,1,1,0,ADV_IND,37,37,3,-1,0,-1,-1,6030,32,8,unknown,APPLE,
1728.3770000000077,dd:93:db:99:9b:1f,1f9b99db93dd1eff4c001219109e8369ee382f08e9d901178d878debf815cfcecebcb300d8,-26322.0,108055.0,-85741.0,71925.0,-152387.0,,0,0,0,0,0,1,1,0,ADV_IND,37,37,7,-1,0,-1,-1,7402,32,8,unknown,APPLE,
1729.6140000000014,c2:3f:78:80:93:f1,f19380783fc21eff4c00121910cc6d0a6b13c12f268f96fc54566b7af550db40055c7200f0,-8513.0,87894.0,-104830.0,73785.0,-155909.0,,0,0,0,0,0,1,1,0,ADV_IND,37,37,5,-1,0,-1,-1,2798,32,8,unknown,APPLE,
1731.2430000000022,e0:76:51:24:1b:d0,d01b245176e01eff4c00121900bb34e40069e9ac08ae750f00cf52fac5ecf2ca4e6bab0000,-25217.0,85041.0,-117000.0,94851.0,-153929.0,,0,0,0,0,0,1,1,2,ADV_NONCONN_IND,37,37,15,-1,0,-1,-1,2973,32,8,unknown,APPLE,
1731.2430000000022,58:f2:14:83:62:9b,9b628314f2580201061916aafe40718f5ebaa741a7c6acec2cb6b708e14ec721bd6015,-14455.0,68126.0,-73881.0,85544.0,-94444.0,,0,0,0,0,0,1,1,0,ADV_IND,35,37,6,-1,0,-1,-1,2074,32,8,unknown,GOOGLE,
1731.2430000000022,c2:3f:78:80:93:f1,f19380783fc21eff4c00121910cc6d0a6b13c12f268f96fc54566b7af550db40055c7200f0,-42074.0,75331.0,-89839.0,84385.0,-124857.0,,0,0,0,0,0,1,1,0,ADV_IND,37,37,6,-1,0,-1,-1,4213,32,7,unknown,APPLE,
1735.4760000000097,f1:bf:62:b8:c6:5c,5cc6b862bff11eff4c00121960454771bddbb005d5fbf2019ab7fbd121cb240c4ecf840108,-353.0,61576.0,-79217.0,103451.0,-101481.0,,0,0,0,0,0,1,1,0,ADV_IND,37,37,7,-1,0,-1,-1,2822,32,8,unknown,APPLE,
1736.4460000000108,d3:56:13:ec:79:cc,cc79ec1356d31eff4c00121920c8802ca1845b23da19751fb9e5efd23bb6fad2f5aad80245,-45555.0,86411.0,-74537.0,76084.0,-142859.0,,0,0,0,0,0,1,1,0,ADV_IND,37,37,13,-1,0,-1,-1,5603,32,8,unknown,APPLE,
1737.1680000000051,c1:0e:a2:92:a5:9b,9ba592a20ec11eff4c001219209497909b0be6327f60fe6f6d9472a430285c3a64c891029f,-34382.0,74480.0,-89365.0,78781.0,-132170.0,,0,0,0,0,0,1,1,0,ADV_IND,37,37,15,-1,0,-1,-1,3659,32,7,unknown,APPLE,
1737.1680000000051,e0:76:51:24:1b:d0,d01b245176e01eff4c00121900bb34e40069e9ac08ae750f00cf52fac5ecf2ca4e6bab0000,-20132.0,85993.0,-97191.0,70750.0,-125545.0,,0,0,0,0,0,1,1,2,ADV_NONCONN_IND,37,37,10,-1,0,-1,-1,1598,32,8,unknown,APPLE,
1738.3740000000107,e6:df:1d:30:2b:33,332b301ddfe61eff4c001219609a01bb3df9e43655016e85285aeb3ad859cbaf66c7e40268,-8869.0,58798.0,-66480.0,102905.0,-126404.0,,0,0,0,0,0,1,1,0,ADV_IND,37,37,4,-1,0,-1,-1,6702,32,8,unknown,APPLE,
1739.965000000011,f4:ae:1a:86:aa:56,56aa861aaef41eff4c00121920caee01a2d6d1be387a39cc7b5b93dbfa8ecdb4e274d401a7,-15768.0,92279.0,-93688.0,81672.0,-105978.0,,0,0,0,0,0,1,1,0,ADV_IND,37,37,4,-1,0,-1,-1,4398,30,8,unknown,APPLE,
1739.965000000011,c8:26:11:f1:4d:11,25666c3cf5f41eff4c00121910c4ae7bedf14240cd85e38faa329cbbc7be0f299a6ed703d6,-18657.0,72876.0,-99954.0,72973.0,-157310.0,,0,0,0,0,0,1,1,0,ADV_IND,37,37,11,-1,0,-1,-1,4307,32,7,unknown,APPLE,f4:f5:3c:6c:66:25
1741.268000000011,f5:13:62:c9:d1:d5,d5d1c96213f51eff4c001219003fa31580e85ca95d438560ef2e18302b0c47661ed3ae0000,-35811.0,51842.0,-112251.0,71877.0,-132531.0,,0,0,0,0,0,1,1,2,ADV_NONCONN_IND,37,37,6,-1,0,-1,-1,3261,32,7,unknown,APPLE,
1742.689000000013,f1:bf:62:b8:c6:5c,5cc6b862bff11eff4c00121960454771bddbb005d5fbf2019ab7fbd121cb240c4ecf840108,13696.0,70281.0,-89586.0,100631.0,-154199.0,,0,0,0,0,0,1,1,0,ADV_IND,37,37,4,-1,0,-1,-1,4000,32,8,unknown,APPLE,
1742.689000000013,58:f2:14:83:62:9b,9b628314f2580201061916aafe40718f5ebaa741a7c6acec2cb6b708e14ec721bd6015,-13737.0,80658.0,-82284.0,102703.0,-139978.0,,0,0,0,0,0,1,1,0,ADV_IND,35,37,2,-1,0,-1,-1,5146,32,8,unknown,GOOGLE,
1743.6500000000087,f1:bf:62:b8:c6:5c,5cc6b862bff11eff4c00121960454771bddbb005d5fbf2019ab7fbd121cb240c4ecf840108,-3777.0,70992.0,-69992.0,123584.0,-152736.0,,0,0,0,0,0,1,1,0,ADV_IND,37,37,12,-1,0,-1,-1,4822,32,8,unknown,APPLE,
1743.6500000000087,f5:13:62:c9:d1:d5,d5d1c96213f51eff4c001219003fa31580e85ca95d438560ef2e18302b0c47661ed3ae0000,-42725.0,78312.0,-119106.0,57389.0,-152414.0,,0,0,0,0,0,1,1,2,ADV_NONCONN_IND,37,37,15,-1,0,-1,-1,3386,32,8,unknown,APPLE,
1745.531000000003,f1:bf:62:b8:c6:5c,5cc6b862bff11eff4c00121960454771bddbb005d5fbf2019ab7fbd121cb240c4ecf840108,-4639.0,72033.0,-85411.0,91186.0,-118287.0,,0,0,0,0,0,1,1,0,ADV_IND,37,37,2,-1,0,-1,-1,2473,32,8,unknown,APPLE,
1748.7550000000049,58:f2:14:83:62:9b,9b628314f2580201061916aafe40718f5ebaa741a7c6acec2cb6b708e14ec721bd6015,-21229.0,83948.0,-82861.0,107456.0,-118414.0,,0,0,0,0,0,1,1,0,ADV_IND,35,37,9,-1,0,-1,-1,4796,32,8,unknown,GOOGLE,
1750.0120000000024,58:f2:14:83:62:9b,9b628314f2580201061916aafe40718f5ebaa741a7c6acec2cb6b708e14ec721bd6015,-10270.0,65548.0,-75791.0,88312.0,-107950.0,,0,0,0,0,0,1,1,0,ADV_IND,35,37,15,-1,0,-1,-1,5387,32,8,unknown,GOOGLE,
1751.6830000000043,dd:93:db:99:9b:1f,1f9b99db93dd1eff4c001219109e8369ee382f08e9d901178d878debf815cfcecebcb300d8,-17926.0,97181.0,-94881.0,80935.0,-135349.0,,0,0,0,0,0,1,1,0,ADV_IND,37,37,3,-1,0,-1,-1,6483,32,8,unknown,APPLE,
1753.7890000000043,dd:93:db:99:9b:1f,1f9b99db93dd1eff4c001219109e8369ee382f08e9d901178d878debf815cfcecebcb300d8,-30943.0,85723.0,-104530.0,72707.0,-131174.0,,0,0,0,0,0,1,1,0,ADV_IND,37,37,15,-1,0,-1,-1,2232,32,8,unknown,APPLE,
1753.7890000000043,ce:f0:a6:d1:cb:a1,a1cbd1a6f0ce1eff4c00121920b33fd078a3d25b8c1a36e363aa59124f98e9c8092edb0109,-30848.0,70110.0,-80077.0,60572.0,-125723.0,,0,0,0,0,0,1,1,0,ADV_IND,37,37,14,-1,0,-1,-1,5330,31,7,unknown,APPLE,
1757.9800000000105,e0:76:51:24:1b:d0,d01b245176e01eff4c00121900bb34e40069e9ac08ae750f00cf52fac5ecf2ca4e6bab0000,-29852.0,88055.0,-118184.0,102137.0,-150683.0,,0,0,0,0,0,1,1,2,ADV_NONCONN_IND,37,37,9,-1,0,-1,-1,1387,32,7,unknown,APPLE,
1757.9800000000105,e6:df:1d:30:2b:33,332b301ddfe61eff4c001219609a01bb3df9e43655016e85285aeb3ad859cbaf66c7e40268,11896.0,81002.0,-85968.0,90247.0,-157718.0,,0,0,0,0,0,1,1,0,ADV_IND,37,37,6,-1,0,-1,-1,3848,31,8,unknown,APPLE,
1759.5800000000015,d3:56:13:ec:79:cc,cc79ec1356d31eff4c00121920c8802ca1845b23da19751fb9e5efd23bb6fad2f5aad80245,-49257.0,76769.0,-110959.0,106492.0,-99626.0,,0,0,0,0,0,1,1,0,ADV_IND,37,37,3,-1,0,-1,-1,1189,32,8,unknown,APPLE,
1759.5800000000015,dd:93:db:99:9b:1f,1f9b99db93dd1eff4c001219109e8369ee382f08e9d901178d878debf815cfcecebcb300d8,-20596.0,72702.0,-95646.0,75409.0,-123766.0,,0,0,0,0,0,1,1,0,ADV_IND,37,37,9,-1,0,-1,-1,4035,32,8,unknown,APPLE,
1761.072,e0:76:51:24:1b:d0,d01b245176e01eff4c00121900bb34e40069e9ac08ae750f00cf52fac5ecf2ca4e6bab0000,-32044.0,70117.0,-101887.0,84809.0,-157423.0,,0,0,0,0,0,1,1,2,ADV_NONCONN_IND,37,37,9,-1,0,-1,-1,6848,32,8,unknown,APPLE,
1763.7890000000043,dd:93:db:99:9b:1f,1f9b99db93dd1eff4c001219109e8369ee382f08e9d901178d878debf815cfcecebcb300d8,-12258.0,105326.0,-121674.0,84637.0,-147742.0,,0,0,0,0,0,1,1,0,ADV_IND,37,37,13,-1,0,-1,-1,2897,32,7,unknown,APPLE,
1763.7890000000043,e2:99:42:32:d3:c8,c8d3324299e21eff4c00121960fad30641791931a24db77f259cf0de897e0d7b7e14030197,-15535.0,71154.0,-120292.0,64265.0,-154825.0,,0,0,0,0,0,1,1,0,ADV_IND,37,37,6,-1,0,-1,-1,5366,32,8,unknown,APPLE,
1765.0970000000088,58:f2:14:83:62:9b,9b628314f2580201061916aafe40718f5ebaa741a7c6acec2cb6b708e14ec721bd6015,-28469.0,93873.0,-75572.0,99552.0,-118385.0,,0,0,0,0,0,1,1,0,ADV_IND,35,37,10,-1,0,-1,-1,1069,32,8,unknown,GOOGLE,
1766.6100000000006,d9:f4:7b:97:85:c9,25666c3cf5f41eff4c00121910c4ae7bedf14240cd85e38faa329cbbc7be0f299a6ed703d6,-25935.0,57089.0,-108661.0,97439.0,-149506.0,,0,0,0,0,0,1,1,0,ADV_IND,37,37,14,-1,0,-1,-1,6935,32,8,unknown,APPLE,f4:f5:3c:6c:66:25
1767.675000000003,ce:f0:a6:d1:cb:a1,a1cbd1a6f0ce1eff4c00121920b33fd078a3d25b8c1a36e363aa59124f98e9c8092edb0109,-14114.0,55648.0,-91588.0,72600.0,-122480.0,,0,0,0,0,0,1,1,0,ADV_IND,37,37,0,-1,0,-1,-1,2518,31,7,unknown,APPLE,
1770.7060000000056,f4:ae:1a:86:aa:56,56aa861aaef41eff4c00121920caee01a2d6d1be387a39cc7b5b93dbfa8ecdb4e274d401a7,-30304.0,118022.0,-103591.0,84887.0,-131898.0,,0,0,0,0,0,1,1,0,ADV_IND,37,37,8,-1,0,-1,-1,7140,32,8,unknown,APPLE,
1771.7260000000097,dd:93:db:99:9b:1f,1f9b99db93dd1eff4c001219109e8369ee382f08e9d901178d878debf815cfcecebcb300d8,-10614.0,73625.0,-77712.0,66751.0,-123664.0,,0,0,0,0,0,1,1,0,ADV_IND,37,37,9,-1,0,-1,-1,5056,32,8,unknown,APPLE,
1771.7260000000097,f5:13:62:c9:d1:d5,d5d1c96213f51eff4c001219003fa31580e85ca95d438560ef2e18302b0c47661ed3ae0000,-26712.0,47955.0,-113254.0,73203.0,-144407.0,,0,0,0,0,0,1,1,2,ADV_NONCONN_IND,37,37,4,-1,0,-1,-1,4181,31,8,unknown,APPLE,
1773.149000000005,dd:93:db:99:9b:1f,1f9b99db93dd1eff4c001219109e8369ee382f08e9d901178d878debf815cfcecebcb300d8,-6886.0,89843.0,-113144.0,89541.0,-152073.0,,0,0,0,0,0,1,1,0,ADV_IND,37,37,4,-1,0,-1,-1,2995,32,8,unknown,APPLE,
1773.149000000005,f4:ae:1a:86:aa:56,56aa861aaef41eff4c00121920caee01a2d6d1be387a39cc7b5b93dbfa8ecdb4e274d401a7,-12443.0,94357.0,-117382.0,99162.0,-150605.0,,0,0,0,0,0,1,1,0,ADV_IND,37,37,6,-1,0,-1,-1,3072,32,8,unknown,APPLE,
1774.1820000000007,58:f2:14:83:62:9b,9b628314f2580201061916aafe40718f5ebaa741a7c6acec2cb6b708e14ec721bd6015,-14636.0,72424.0,-82670.0,96381.0,-125119.0,,0,0,0,0,0,1,1,0,ADV_IND,35,37,6,-1,0,-1,-1,7954,32,8,unknown,GOOGLE,
1780.4720000000088,58:f2:14:83:62:9b,9b628314f2580201061916aafe40718f5ebaa741a7c6acec2cb6b708e14ec721bd6015,-8480.0,77616.0,-71324.0,76513.0,-138988.0,,0,0,0,0,0,1,1,0,ADV_IND,35,37,11,-1,0,-1,-1,2324,32,8,unknown,GOOGLE,
1781.895000000004,d9:f4:7b:97:85:c9,25666c3cf5f41eff4c00121910c4ae7bedf14240cd85e38faa329cbbc7be0f299a6ed703d6,-31029.0,94289.0,-109591.0,90809.0,-149515.0,,0,0,0,0,0,1,1,0,ADV_IND,37,37,10,-1,0,-1,-1,7322,30,8,unknown,APPLE,f4:f5:3c:6c:66:25
1781.895000000004,f1:bf:62:b8:c6:5c,5cc6b862bff11eff4c00121960454771bddbb005d5fbf2019ab7fbd121cb240c4ecf840108,-15596.0,77323.0,-73086.0,87929.0,-116081.0,,0,0,0,0,0,1,1,0,ADV_IND,37,37,1,-1,0,-1,-1,3855,32,8,unknown,APPLE,
1781.895000000004,f5:13:62:c9:d1:d5,d5d1c96213f51eff4c001219003fa31580e85ca95d438560ef2e18302b0c47661ed3ae0000,-42608.0,67279.0,-112230.0,79998.0,-147844.0,,0,0,0,0,0,1,1,2,ADV_NONCONN_IND,37,37,3,-1,0,-1,-1,3751,32,7,unknown,APPLE,
1789.617000000013,e0:76:51:24:1b:d0,d01b245176e01eff4c00121900bb34e40069e9ac08ae750f00cf52fac5ecf2ca4e6bab0000,-48813.0,99306.0,-103729.0,88338.0,-139725.0,,0,0,0,0,0,1,1,2,ADV_NONCONN_IND,37,37,3,-1,0,-1,-1,1926,32,7,unknown,APPLE,
1789.617000000013,c2:3f:78:80:93:f1,f19380783fc21eff4c00121910cc6d0a6b13c12f268f96fc54566b7af550db40055c7200f0,-35332.0,101186.0,-100609.0,91400.0,-161708.0,,0,0,0,0,0,1,1,0,ADV_IND,37,37,0,-1,0,-1,-1,5457,31,7,unknown,APPLE,
1791.1770000000106,f1:bf:62:b8:c6:5c,5cc6b862bff11eff4c00121960454771bddbb005d5fbf2019ab7fbd121cb240c4ecf840108,1590.0,69397.0,-95216.0,121929.0,-145758.0,,0,0,0,0,0,1,1,0,ADV_IND,37,37,8,-1,0,-1,-1,4182,31,8,unknown,APPLE,
1791.1770000000106,58:f2:14:83:62:9b,9b628314f2580201061916aafe40718f5ebaa741a7c6acec2cb6b708e14ec721bd6015,-11431.0,93144.0,-92130.0,102158.0,-138336.0,,0,0,0,0,0,1,1,0,ADV_IND,35,37,13,-1,0,-1,-1,5213,30,8,unknown,GOOGLE,
1792.1399999999994,f1:bf:62:b8:c6:5c,5cc6b862bff11eff4c00121960454771bddbb005d5fbf2019ab7fbd121cb240c4ecf840108,0.0,71994.0,-80582.0,123926.0,-121614.0,,0,0,0,0,0,1,1,0,ADV_IND,37,37,3,-1,0,-1,-1,3756,32,8,unknown,APPLE,
1793.451000000001,58:f2:14:83:62:9b,9b628314f2580201061916aafe40718f5ebaa741a7c6acec2cb6b708e14ec721bd6015,-7352.0,78373.0,-80266.0,91391.0,-129115.0,,0,0,0,0,0,1,1,0,ADV_IND,35,37,12,-1,0,-1,-1,2559,32,7,unknown,GOOGLE,
1795.1310000000085,ce:f0:a6:d1:cb:a1,a1cbd1a6f0ce1eff4c00121920b33fd078a3d25b8c1a36e363aa59124f98e9c8092edb0109,-33297.0,80227.0,-80523.0,58638.0,-128719.0,,0,0,0,0,0,1,1,0,ADV_IND,37,37,5,-1,0,-1,-1,4406,30,8,unknown,APPLE,
1795.1310000000085,c1:0e:a2:92:a5:9b,9ba592a20ec11eff4c001219209497909b0be6327f60fe6f6d9472a430285c3a64c891029f,-28803.0,103114.0,-109050.0,80649.0,-132514.0,,0,0,0,0,0,1,1,0,ADV_IND,37,37,14,-1,0,-1,-1,6857,28,7,unknown,APPLE,
1795.1310000000085,f1:bf:62:b8:c6:5c,5cc6b862bff11eff4c00121960454771bddbb005d5fbf2019ab7fbd121cb240c4ecf840108,6267.0,77542.0,-83610.0,90313.0,-133507.0,,0,0,0,0,0,1,1,0,ADV_IND,37,37,2,-1,0,-1,-1,2943,32,8,unknown,APPLE,
1796.869000000006,f4:ae:1a:86:aa:56,56aa861aaef41eff4c00121920caee01a2d6d1be387a39cc7b5b93dbfa8ecdb4e274d401a7,-2064.0,110752.0,-101867.0,66153.0,-127859.0,,0,0,0,0,0,1,1,0,ADV_IND,37,37,13,-1,0,-1,-1,7619,32,8,unknown,APPLE,
1798.4640000000072,d9:f4:7b:97:85:c9,25666c3cf5f41eff4c00121910c4ae7bedf14240cd85e38faa329cbbc7be0f299a6ed703d6,-5030.0,76725.0,-86776.0,68670.0,-150073.0,,0,0,0,0,0,1,1,0,ADV_IND,37,37,4,-1,0,-1,-1,5819,32,8,unknown,APPLE,f4:f5:3c:6c:66:25
1798.4640000000072,f1:bf:62:b8:c6:5c,5cc6b862bff11eff4c00121960454771bddbb005d5fbf2019ab7fbd121cb240c4ecf840108,-1838.0,102806.0,-81663.0,106185.0,-163645.0,,0,0,0,0,0,1,1,0,ADV_IND,37,37,10,-1,0,-1,-1,2434,32,8,unknown,APPLE,
1799.7590000000057,c1:0e:a2:92:a5:9b,9ba592a20ec11eff4c001219209497909b0be6327f60fe6f6d9472a430285c3a64c891029f,-39935.0,100988.0,-110581.0,85645.0,-145938.0,,0,0,0,0,0,1,1,0,ADV_IND,37,37,6,-1,0,-1,-1,3985,32,8,unknown,APPLE,
1801.197,dd:93:db:99:9b:1f,1f9b99db93dd1eff4c001219109e8369ee382f08e9d901178d878debf815cfcecebcb300d8,-21616.0,67277.0,-94683.0,74193.0,-123000.0,,0,0,0,0,0,1,1,0,ADV_IND,37,37,4,-1,0,-1,-1,2110,32,7,unknown,APPLE,
1801.197,f4:ae:1a:86:aa:56,56aa861aaef41eff4c00121920caee01a2d6d1be387a39cc7b5b93dbfa8ecdb4e274d401a7,-24562.0,116774.0,-108964.0,96229.0,-139642.0,,0,0,0,0,0,1,1,0,ADV_IND,37,37,0,-1,0,-1,-1,6460,31,8,unknown,APPLE,
1803.1320000000123,c1:0e:a2:92:a5:9b,9ba592a20ec11eff4c001219209497909b0be6327f60fe6f6d9472a430285c3a64c891029f,-41957.0,68499.0,-88323.0,72444.0,-119874.0,,0,0,0,0,0,1,1,0,ADV_IND,37,37,7,-1,0,-1,-1,2120,32,7,unknown,APPLE,
1806.2090000000023,f5:13:62:c9:d1:d5,d5d1c96213f51eff4c001219003fa31580e85ca95d438560ef2e18302b0c47661ed3ae0000,-32483.0,53673.0,-122628.0,86938.0,-142461.0,,0,0,0,0,0,1,1,2,ADV_NONCONN_IND,37,37,4,-1,0,-1,-1,5245,32,8,unknown,APPLE,
1808.950000000012,c1:0e:a2:92:a5:9b,9ba592a20ec11eff4c001219209497909b0be6327f60fe6f6d9472a430285c3a64c891029f,-34983.0,69820.0,-90153.0,85146.0,-114895.0,,0,0,0,0,0,1,1,0,ADV_IND,37,37,6,-1,0,-1,-1,5486,32,8,unknown,APPLE,
1809.1600000000035,58:f2:14:83:62:9b,9b628314f2580201061916aafe40718f5ebaa741a7c6acec2cb6b708e14ec721bd6015,-11138.0,67762.0,-81088.0,98067.0,-106480.0,,0,0,0,0,0,1,1,0,ADV_IND,35,37,6,-1,0,-1,-1,3769,32,8,unknown,GOOGLE,
1810.7400000000048,c2:3f:78:80:93:f1,f19380783fc21eff4c00121910cc6d0a6b13c12f268f96fc54566b7af550db40055c7200f0,-6296.0,78018.0,-106250.0,88295.0,-134445.0,,0,0,0,0,0,1,1,0,ADV_IND,37,37,6,-1,0,-1,-1,1390,32,8,unknown,APPLE,
1812.1290000000008,dd:93:db:99:9b:1f,1f9b99db93dd1eff4c001219109e8369ee382f08e9d901178d878debf815cfcecebcb300d8,-28234.0,82613.0,-93760.0,84571.0,-131291.0,,0,0,0,0,0,1,1,0,ADV_IND,37,37,6,-1,0,-1,-1,1398,32,8,unknown,APPLE,
1812.1290000000008,f1:bf:62:b8:c6:5c,5cc6b862bff11eff4c00121960454771bddbb005d5fbf2019ab7fbd121cb240c4ecf840108,-1371.0,78124.0,-83482.0,88921.0,-121199.0,,0,0,0,0,0,1,1,0,ADV_IND,37,37,6,-1,0,-1,-1,2777,32,8,unknown,APPLE,
1813.7540000000008,d3:56:13:ec:79:cc,cc79ec1356d31eff4c00121920c8802ca1845b23da19751fb9e5efd23bb6fad2f5aad80245,-31703.0,61805.0,-75513.0,79352.0,-123999.0,,0,0,0,0,0,1,1,0,ADV_IND,37,37,1,-1,0,-1,-1,4567,32,7,unknown,APPLE,
1813.7540000000008,dd:93:db:99:9b:1f,1f9b99db93dd1eff4c001219109e8369ee382f08e9d901178d878debf815cfcecebcb300d8,-20861.0,72616.0,-89023.0,65123.0,-122792.0,,0,0,0,0,0,1,1,0,ADV_IND,37,37,6,-1,0,-1,-1,2933,31,8,unknown,APPLE,
1813.7540000000008,f1:bf:62:b8:c6:5c,5cc6b862bff11eff4c00121960454771bddbb005d5fbf2019ab7fbd121cb240c4ecf840108,11050.0,84477.0,-100053.0,118752.0,-150437.0,,0,0,0,0,0,1,1,0,ADV_IND,37,37,9,-1,0,-1,-1,2519,32,8,unknown,APPLE,
1816.9270000000104,58:f2:14:83:62:9b,9b628314f2580201061916aafe40718f5ebaa741a7c6acec2cb6b708e14ec721bd6015,-17643.0,107776.0,-114243.0,94688.0,-135283.0,,0,0,0,0,0,1,1,0,ADV_IND,35,37,5,-1,0,-1,-1,4837,29,7,unknown,GOOGLE,
1817.925000000003,c2:3f:78:80:93:f1,f19380783fc21eff4c00121910cc6d0a6b13c12f268f96fc54566b7af550db40055c7200f0,-30508.0,88708.0,-94449.0,96150.0,-133496.0,,0,0,0,0,0,1,1,0,ADV_IND,37,37,6,-1,0,-1,-1,6233,31,7,unknown,APPLE,
1818.9110000000076,58:f2:14:83:62:9b,9b628314f2580201061916aafe40718f5ebaa741a7c6acec2cb6b708e14ec721bd6015,-22706.0,99064.0,-100315.0,110166.0,-138994.0,,0,0,0,0,0,1,1,0,ADV_IND,35,37,11,-1,0,-1,-1,3486,32,8,unknown,GOOGLE,
1818.9110000000076,f4:ae:1a:86:aa:56,56aa861aaef41eff4c00121920caee01a2d6d1be387a39cc7b5b93dbfa8ecdb4e274d401a7,-20241.0,89769.0,-85973.0,93696.0,-131606.0,,0,0,0,0,0,1,1,0,ADV_IND,37,37,6,-1,0,-1,-1,6254,31,8,unknown,APPLE,
1820.7530000000115,f4:ae:1a:86:aa:56,56aa861aaef41eff4c00121920caee01a2d6d1be387a39cc7b5b93dbfa8ecdb4e274d401a7,-17780.0,99961.0,-87695.0,75346.0,-108681.0,,0,0,0,0,0,1,1,0,ADV_IND,37,37,15,-1,0,-1,-1,1189,31,7,unknown,APPLE,
1820.7530000000115,dd:93:db:99:9b:1f,1f9b99db93dd1eff4c001219109e8369ee382f08e9d901178d878debf815cfcecebcb300d8,-29245.0,100512.0,-80133.0,60282.0,-141650.0,,0,0,0,0,0,1,1,0,ADV_IND,37,37,9,-1,0,-1,-1,4469,32,8,unknown,APPLE,
1822.2050000000015,f4:ae:1a:86:aa:56,56aa861aaef41eff4c00121920caee01a2d6d1be387a39cc7b5b93dbfa8ecdb4e274d401a7,-23622.0,119970.0,-109782.0,96827.0,-139668.0,,0,0,0,0,0,1,1,0,ADV_IND,37,37,2,-1,0,-1,-1,2066,31,8,unknown,APPLE,
1824.1929999999995,c2:3f:78:80:93:f1,f19380783fc21eff4c00121910cc6d0a6b13c12f268f96fc54566b7af550db40055c7200f0,-10421.0,55416.0,-96517.0,68630.0,-136902.0,,0,0,0,0,0,1,1,0,ADV_IND,37,37,6,-1,0,-1,-1,2670,32,8,unknown,APPLE,
1824.1929999999995,dd:93:db:99:9b:1f,1f9b99db93dd1eff4c001219109e8369ee382f08e9d901178d878debf815cfcecebcb300d8,-27697.0,93450.0,-106062.0,87673.0,-147235.0,,0,0,0,0,0,1,1,0,ADV_IND,37,37,15,-1,0,-1,-1,5021,32,7,unknown,APPLE,
1825.342000000004,e7:e8:04:03:80:67,25666c3cf5f41eff4c00121910c4ae7bedf14240cd85e38faa329cbbc7be0f299a6ed703d6,-42069.0,84729.0,-94647.0,98450.0,-144632.0,,0,0,0,0,0,1,1,0,ADV_IND,37,37,10,-1,0,-1,-1,2953,32,8,unknown,APPLE,f4:f5:3c:6c:66:25
1825.342000000004,f5:13:62:c9:d1:d5,d5d1c96213f51eff4c001219003fa31580e85ca95d438560ef2e18302b0c47661ed3ae0000,-48091.0,71307.0,-116748.0,78365.0,-146980.0,,0,0,0,0,0,1,1,2,ADV_NONCONN_IND,37,37,15,-1,0,-1,-1,6719,32,8,unknown,APPLE,
1825.342000000004,dd:93:db:99:9b:1f,1f9b99db93dd1eff4c001219109e8369ee382f08e9d901178d878debf815cfcecebcb300d8,0.0,63278.0,-90574.0,72746.0,-141080.0,,0,0,0,0,0,1,1,0,ADV_IND,37,37,2,-1,0,-1,-1,5806,32,8,unknown,APPLE,
1828.4410000000064,58:f2:14:83:62:9b,9b628314f2580201061916aafe40718f5ebaa741a7c6acec2cb6b708e14ec721bd6015,-17721.0,93206.0,-96802.0,104935.0,-139845.0,,0,0,0,0,0,1,1,0,ADV_IND,35,37,2,-1,0,-1,-1,4748,31,8,unknown,GOOGLE,
1829.2880000000005,c2:3f:78:80:93:f1,f19380783fc21eff4c00121910cc6d0a6b13c12f268f96fc54566b7af550db40055c7200f0,-37839.0,91977.0,-100799.0,90612.0,-138672.0,,0,0,0,0,0,1,1,0,ADV_IND,37,37,1,-1,0,-1,-1,3460,32,8,unknown,APPLE,
1829.2880000000005,dd:93:db:99:9b:1f,1f9b99db93dd1eff4c001219109e8369ee382f08e9d901178d878debf815cfcecebcb300d8,-24107.0,77893.0,-96245.0,61599.0,-122262.0,,0,0,0,0,0,1,1,0,ADV_IND,37,37,12,-1,0,-1,-1,4603,32,8,unknown,APPLE,
1829.2880000000005,c1:0e:a2:92:a5:9b,9ba592a20ec11eff4c001219209497909b0be6327f60fe6f6d9472a430285c3a64c891029f,-32248.0,58880.0,-89446.0,69292.0,-111352.0,,0,0,0,0,0,1,1,0,ADV_IND,37,37,15,-1,0,-1,-1,1764,32,8,unknown,APPLE,
1829.2880000000005,f5:13:62:c9:d1:d5,d5d1c96213f51eff4c001219003fa31580e85ca95d438560ef2e18302b0c47661ed3ae0000,-57390.0,62363.0,-116381.0,78362.0,-142366.0,,0,0,0,0,0,1,1,2,ADV_NONCONN_IND,37,37,14,-1,0,-1,-1,6323,32,8,unknown,APPLE,
1832.0260000000128,e6:df:1d:30:2b:33,332b301ddfe61eff4c001219609a01bb3df9e43655016e85285aeb3ad859cbaf66c7e40268,-3090.0,67333.0,-61229.0,76580.0,-130001.0,,0,0,0,0,0,1,1,0,ADV_IND,37,37,4,-1,0,-1,-1,2106,31,8,unknown,APPLE,
1833.8790000000008,dd:93:db:99:9b:1f,1f9b99db93dd1eff4c001219109e8369ee382f08e9d901178d878debf815cfcecebcb300d8,-15429.0,68472.0,-93135.0,62311.0,-110530.0,,0,0,0,0,0,1,1,0,ADV_IND,37,37,10,-1,0,-1,-1,1793,32,8,unknown,APPLE,
1833.8790000000008,f1:bf:62:b8:c6:5c,5cc6b862bff11eff4c00121960454771bddbb005d5fbf2019ab7fbd121cb240c4ecf840108,2729.0,89374.0,-71585.0,90199.0,-143157.0,,0,0,0,0,0,1,1,0,ADV_IND,37,37,5,-1,0,-1,-1,1441,32,8,unknown,APPLE,
1833.8790000000008,c1:0e:a2:92:a5:9b,9ba592a20ec11eff4c001219209497909b0be6327f60fe6f6d9472a430285c3a64c891029f,-36700.0,58185.0,-82336.0,65589.0,-118982.0,,0,0,0,0,0,1,1,0,ADV_IND,37,37,10,-1,0,-1,-1,6411,31,8,unknown,APPLE,
1835.0030000000115,c1:0e:a2:92:a5:9b,9ba592a20ec11eff4c001219209497909b0be6327f60fe6f6d9472a430285c3a64c891029f,-41837.0,54372.0,-94940.0,81528.0,-102905.0,,0,0,0,0,0,1,1,0,ADV_IND,37,37,5,-1,0,-1,-1,3603,32,8,unknown,APPLE,
1836.2060000000056,dd:93:db:99:9b:1f,1f9b99db93dd1eff4c001219109e8369ee382f08e9d901178d878debf815cfcecebcb300d8,-17217.0,103968.0,-111775.0,84505.0,-148998.0,,0,0,0,0,0,1,1,0,ADV_IND,37,37,7,-1,0,-1,-1,2600,31,8,unknown,APPLE,
1837.2610000000127,c1:0e:a2:92:a5:9b,9ba592a20ec11eff4c001219209497909b0be6327f60fe6f6d9472a430285c3a64c891029f,-13340.0,99699.0,-111242.0,88613.0,-136129.0,,0,0,0,0,0,1,1,0,ADV_IND,37,37,2,-1,0,-1,-1,5670,32,8,unknown,APPLE,
1837.2610000000127,ce:f0:a6:d1:cb:a1,a1cbd1a6f0ce1eff4c00121920b33fd078a3d25b8c1a36e363aa59124f98e9c8092edb0109,-34425.0,58087.0,-85232.0,70525.0,-107858.0,,0,0,0,0,0,1,1,0,ADV_IND,37,37,14,-1,0,-1,-1,8016,32,8,unknown,APPLE,
1837.2610000000127,c2:3f:78:80:93:f1,f19380783fc21eff4c00121910cc6d0a6b13c12f268f96fc54566b7af550db40055c7200f0,-6749.0,63643.0,-110513.0,87310.0,-123222.0,,0,0,0,0,0,1,1,0,ADV_IND,37,37,1,-1,0,-1,-1,4287,32,8,unknown,APPLE,
1839.877000000008,c2:3f:78:80:93:f1,f19380783fc21eff4c00121910cc6d0a6b13c12f268f96fc54566b7af550db40055c7200f0,-18251.0,52533.0,-90356.0,54661.0,-117220.0,,0,0,0,0,0,1,1,0,ADV_IND,37,37,15,-1,0,-1,-1,7386,32,8,unknown,APPLE,
1839.877000000008,ce:f0:a6:d1:cb:a1,a1cbd1a6f0ce1eff4c00121920b33fd078a3d25b8c1a36e363aa59124f98e9c8092edb0109,-33141.0,63527.0,-87200.0,65020.0,-112101.0,,0,0,0,0,0,1,1,0,ADV_IND,37,37,9,-1,0,-1,-1,2677,32,8,unknown,APPLE,
1841.273000000001,e0:76:51:24:1b:d0,d01b245176e01eff4c00121900bb34e40069e9ac08ae750f00cf52fac5ecf2ca4e6bab0000,-35572.0,69639.0,-102258.0,81393.0,-143879.0,,0,0,0,0,0,1,1,2,ADV_NONCONN_IND,37,37,0,-1,0,-1,-1,2426,31,8,unknown,APPLE,
1843.607000000004,c2:3f:78:80:93:f1,f19380783fc21eff4c00121910cc6d0a6b13c12f268f96fc54566b7af550db40055c7200f0,0.0,60948.0,-91988.0,75050.0,-128499.0,,0,0,0,0,0,1,1,0,ADV_IND,37,37,2,-1,0,-1,-1,3205,32,8,unknown,APPLE,
1843.607000000004,e7:e8:04:03:80:67,25666c3cf5f41eff4c00121910c4ae7bedf14240cd85e38faa329cbbc7be0f299a6ed703d6,-6883.0,64731.0,-119900.0,80234.0,-143219.0,,0,0,0,0,0,1,1,0,ADV_IND,37,37,10,-1,0,-1,-1,7756,32,8,unknown,APPLE,f4:f5:3c:6c:66:25
1843.607000000004,dd:93:db:99:9b:1f,1f9b99db93dd1eff4c001219109e8369ee382f08e9d901178d878debf815cfcecebcb300d8,0.0,75152.0,-116414.0,85507.0,-139093.0,,0,0,0,0,0,1,1,0,ADV_IND,37,37,8,-1,0,-1,-1,4331,32,7,unknown,APPLE,
1844.9260000000068,f4:ae:1a:86:aa:56,56aa861aaef41eff4c00121920caee01a2d6d1be387a39cc7b5b93dbfa8ecdb4e274d401a7,-20603.0,94184.0,-94868.0,62440.0,-96779.0,,0,0,0,0,0,1,1,0,ADV_IND,37,37,13,-1,0,-1,-1,4553,32,8,unknown,APPLE,
1846.0980000000127,dd:93:db:99:9b:1f,1f9b99db93dd1eff4c001219109e8369ee382f08e9d901178d878debf815cfcecebcb300d8,-9687.0,73242.0,-90580.0,71285.0,-125740.0,,0,0,0,0,0,1,1,0,ADV_IND,37,37,4,-1,0,-1,-1,3362,32,7,unknown,APPLE,
1849.8510000000097,e0:76:51:24:1b:d0,d01b245176e01eff4c00121900bb34e40069e9ac08ae750f00cf52fac5ecf2ca4e6bab0000,-17043.0,59506.0,-93415.0,94709.0,-131249.0,,0,0,0,0,0,1,1,2,ADV_NONCONN_IND,37,37,3,-1,0,-1,-1,6434,32,7,unknown,APPLE,
1851.2160000000003,f4:ae:1a:86:aa:56,56aa861aaef41eff4c00121920caee01a2d6d1be387a39cc7b5b93dbfa8ecdb4e274d401a7,-32916.0,124623.0,-115867.0,105426.0,-141062.0,,0,0,0,0,0,1,1,0,ADV_IND,37,37,10,-1,0,-1,-1,2424,32,7,unknown,APPLE,
1851.2160000000003,58:f2:14:83:62:9b,9b628314f2580201061916aafe40718f5ebaa741a7c6acec2cb6b708e14ec721bd6015,-771.0,61987.0,-78302.0,90053.0,-94200.0,,0,0,0,0,0,1,1,0,ADV_IND,35,37,15,-1,0,-1,-1,5890,32,8,unknown,GOOGLE,
1852.469000000012,e0:76:51:24:1b:d0,d01b245176e01eff4c00121900bb34e40069e9ac08ae750f00cf52fac5ecf2ca4e6bab0000,-26652.0,98096.0,-127262.0,91510.0,-147006.0,,0,0,0,0,0,1,1,2,ADV_NONCONN_IND,37,37,4,-1,0,-1,-1,1215,30,8,unknown,APPLE,
1852.469000000012,c2:3f:78:80:93:f1,f19380783fc21eff4c00121910cc6d0a6b13c12f268f96fc54566b7af550db40055c7200f0,-13674.0,58908.0,-100443.0,75506.0,-113701.0,,0,0,0,0,0,1,1,0,ADV_IND,37,37,9,-1,0,-1,-1,4883,32,8,unknown,APPLE,
1852.469000000012,f1:bf:62:b8:c6:5c,5cc6b862bff11eff4c00121960454771bddbb005d5fbf2019ab7fbd121cb240c4ecf840108,-5092.0,88730.0,-70796.0,81497.0,-127426.0,,0,0,0,0,0,1,1,0,ADV_IND,37,37,8,-1,0,-1,-1,7703,31,8,unknown,APPLE,
1853.447,c2:3f:78:80:93:f1,f19380783fc21eff4c00121910cc6d0a6b13c12f268f96fc54566b7af550db40055c7200f0,-26413.0,76166.0,-95763.0,74425.0,-98347.0,,0,0,0,0,0,1,1,0,ADV_IND,37,37,2,-1,0,-1,-1,4655,32,8,unknown,APPLE,
1854.767000000007,f1:bf:62:b8:c6:5c,5cc6b862bff11eff4c00121960454771bddbb005d5fbf2019ab7fbd121cb240c4ecf840108,0.0,85665.0,-77861.0,112496.0,-146030.0,,0,0,0,0,0,1,1,0,ADV_IND,37,37,10,-1,0,-1,-1,4087,32,8,unknown,APPLE,
1855.7390000000012,dd:93:db:99:9b:1f,1f9b99db93dd1eff4c001219109e8369ee382f08e9d901178d878debf815cfcecebcb300d8,-9108.0,67207.0,-101130.0,82990.0,-138901.0,,0,0,0,0,0,1,1,0,ADV_IND,37,37,9,-1,0,-1,-1,7867,32,8,unknown,APPLE,
1858.3280000000088,e0:76:51:24:1b:d0,d01b245176e01eff4c00121900bb34e40069e9ac08ae750f00cf52fac5ecf2ca4e6bab0000,-23209.0,60430.0,-108318.0,105008.0,-141737.0,,0,0,0,0,0,1,1,2,ADV_NONCONN_IND,37,37,7,-1,0,-1,-1,1020,32,8,unknown,APPLE,
1860.9540000000125,f4:ae:1a:86:aa:56,56aa861aaef41eff4c00121920caee01a2d6d1be387a39cc7b5b93dbfa8ecdb4e274d401a7,-14197.0,94039.0,-105929.0,81324.0,-148700.0,,0,0,0,0,0,1,1,0,ADV_IND,37,37,10,-1,0,-1,-1,1218,32,8,unknown,APPLE,
1860.9540000000125,58:f2:14:83:62:9b,9b628314f2580201061916aafe40718f5ebaa741a7c6acec2cb6b708e14ec721bd6015,-6332.0,67280.0,-67801.0,85375.0,-144392.0,,0,0,0,0,0,1,1,0,ADV_IND,35,37,10,-1,0,-1,-1,4325,32,8,unknown,GOOGLE,
1862.1940000000031,dd:93:db:99:9b:1f,1f9b99db93dd1eff4c001219109e8369ee382f08e9d901178d878debf815cfcecebcb300d8,-35546.0,75416.0,-89537.0,69777.0,-116894.0,,0,0,0,0,0,1,1,0,ADV_IND,37,37,4,-1,0,-1,-1,7752,32,8,unknown,APPLE,
1862.1940000000031,f4:ae:1a:86:aa:56,56aa861aaef41eff4c00121920caee01a2d6d1be387a39cc7b5b93dbfa8ecdb4e274d401a7,-48724.0,94697.0,-87287.0,63463.0,-119809.0,,0,0,0,0,0,1,1,0,ADV_IND,37,37,5,-1,0,-1,-1,4667,32,7,unknown,APPLE,
1864.502000000008,58:f2:14:83:62:9b,9b628314f2580201061916aafe40718f5ebaa741a7c6acec2cb6b708e14ec721bd6015,-3081.0,66274.0,-88698.0,91278.0,-133329.0,,0,0,0,0,0,1,1,0,ADV_IND,35,37,13,-1,0,-1,-1,7121,32,8,unknown,GOOGLE,
1864.502000000008,e6:df:1d:30:2b:33,332b301ddfe61eff4c001219609a01bb3df9e43655016e85285aeb3ad859cbaf66c7e40268,-19882.0,63477.0,-68938.0,91313.0,-116537.0,,0,0,0,0,0,1,1,0,ADV_IND,37,37,0,-1,0,-1,-1,3906,32,7,unknown,APPLE,
1866.8380000000036,f4:ae:1a:86:aa:56,56aa861aaef41eff4c00121920caee01a2d6d1be387a39cc7b5b93dbfa8ecdb4e274d401a7,-20568.0,106240.0,-101783.0,82114.0,-125230.0,,0,0,0,0,0,1,1,0,ADV_IND,37,37,14,-1,0,-1,-1,3920,32,8,unknown,APPLE,
1866.8380000000036,d3:56:13:ec:79:cc,cc79ec1356d31eff4c00121920c8802ca1845b23da19751fb9e5efd23bb6fad2f5aad80245,-36391.0,103082.0,-78754.0,82097.0,-145100.0,,0,0,0,0,0,1,1,0,ADV_IND,37,37,4,-1,0,-1,-1,4439,32,8,unknown,APPLE,
1866.8380000000036,f1:bf:62:b8:c6:5c,5cc6b862bff11eff4c00121960454771bddbb005d5fbf2019ab7fbd121cb240c4ecf840108,11717.0,72324.0,-89890.0,115430.0,-141796.0,,0,0,0,0,0,1,1,0,ADV_IND,37,37,3,-1,0,-1,-1,1902,31,8,unknown,APPLE,
1867.773000000001,dd:93:db:99:9b:1f,1f9b99db93dd1eff4c001219109e8369ee382f08e9d901178d878debf815cfcecebcb300d8,-21453.0,97145.0,-102105.0,85673.0,-144617.0,,0,0,0,0,0,1,1,0,ADV_IND,37,37,6,-1,0,-1,-1,7314,29,8,unknown,APPLE,
1869.6100000000008,58:f2:14:83:62:9b,9b628314f2580201061916aafe40718f5ebaa741a7c6acec2cb6b708e14ec721bd6015,-20232.0,115646.0,-96119.0,102028.0,-131868.0,,0,0,0,0,0,1,1,0,ADV_IND,35,37,10,-1,0,-1,-1,2177,32,8,unknown,GOOGLE,
1869.6100000000008,d3:56:13:ec:79:cc,cc79ec1356d31eff4c00121920c8802ca1845b23da19751fb9e5efd23bb6fad2f5aad80245,-34562.0,92508.0,-103616.0,106933.0,-142284.0,,0,0,0,0,0,1,1,0,ADV_IND,37,37,15,-1,0,-1,-1,5924,32,8,unknown,APPLE,
1870.1320000000123,e0:76:51:24:1b:d0,d01b245176e01eff4c00121900bb34e40069e9ac08ae750f00cf52fac5ecf2ca4e6bab0000,-28017.0,75705.0,-109998.0,97777.0,-149173.0,,0,0,0,0,0,1,1,2,ADV_NONCONN_IND,37,37,15,-1,0,-1,-1,4198,31,7,unknown,APPLE,
1872.622000000003,d3:56:13:ec:79:cc,cc79ec1356d31eff4c00121920c8802ca1845b23da19751fb9e5efd23bb6fad2f5aad80245,-39878.0,88269.0,-77472.0,82956.0,-142266.0,,0,0,0,0,0,1,1,0,ADV_IND,37,37,9,-1,0,-1,-1,2487,32,8,unknown,APPLE,
1872.622000000003,58:f2:14:83:62:9b,9b628314f2580201061916aafe40718f5ebaa741a7c6acec2cb6b708e14ec721bd6015,-26336.0,94023.0,-96711.0,107007.0,-126438.0,,0,0,0,0,0,1,1,0,ADV_IND,35,37,14,-1,0,-1,-1,3431,32,8,unknown,GOOGLE,
1875.1860000000013,d3:56:13:ec:79:cc,cc79ec1356d31eff4c00121920c8802ca1845b23da19751fb9e5efd23bb6fad2f5aad80245,-28207.0,82233.0,-100201.0,114775.0,-119165.0,,0,0,0,0,0,1,1,0,ADV_IND,37,37,6,-1,0,-1,-1,5027,32,8,unknown,APPLE,
1875.1860000000013,c1:0e:a2:92:a5:9b,9ba592a20ec11eff4c001219209497909b0be6327f60fe6f6d9472a430285c3a64c891029f,-20370.0,69813.0,-94398.0,80530.0,-132671.0,,0,0,0,0,0,1,1,0,ADV_IND,37,37,10,-1,0,-1,-1,7583,32,8,unknown,APPLE,
1876.217000000004,f4:ae:1a:86:aa:56,56aa861aaef41eff4c00121920caee01a2d6d1be387a39cc7b5b93dbfa8ecdb4e274d401a7,-36351.0,88940.0,-77086.0,81177.0,-139219.0,,0,0,0,0,0,1,1,0,ADV_IND,37,37,15,-1,0,-1,-1,3813,32,8,unknown,APPLE,
1876.217000000004,e0:76:51:24:1b:d0,d01b245176e01eff4c00121900bb34e40069e9ac08ae750f00cf52fac5ecf2ca4e6bab0000,-41924.0,79455.0,-107034.0,82940.0,-127253.0,,0,0,0,0,0,1,1,2,ADV_NONCONN_IND,37,37,0,-1,0,-1,-1,7076,32,8,unknown,APPLE,
1877.4050000000132,e3:c3:49:4d:f4:ae,25666c3cf5f41eff4c00121910c4ae7bedf14240cd85e38faa329cbbc7be0f299a6ed703d6,-53922.0,94389.0,-94653.0,80768.0,-144097.0,,0,0,0,0,0,1,1,0,ADV_IND,37,37,12,-1,0,-1,-1,2382,32,8,unknown,APPLE,f4:f5:3c:6c:66:25
1877.4050000000132,c2:3f:78:80:93:f1,f19380783fc21eff4c00121910cc6d0a6b13c12f268f96fc54566b7af550db40055c7200f0,-17500.0,61862.0,-95666.0,80908.0,-154876.0,,0,0,0,0,0,1,1,0,ADV_IND,37,37,15,-1,0,-1,-1,2998,32,8,unknown,APPLE,
1877.4050000000132,dd:93:db:99:9b:1f,1f9b99db93dd1eff4c001219109e8369ee382f08e9d901178d878debf815cfcecebcb300d8,-31819.0,92324.0,-94923.0,70401.0,-136206.0,,0,0,0,0,0,1,1,0,ADV_IND,37,37,7,-1,0,-1,-1,1969,32,7,unknown,APPLE,
1877.4050000000132,d3:56:13:ec:79:cc,cc79ec1356d31eff4c00121920c8802ca1845b23da19751fb9e5efd23bb6fad2f5aad80245,-25500.0,60734.0,-83633.0,84237.0,-113168.0,,0,0,0,0,0,1,1,0,ADV_IND,37,37,6,-1,0,-1,-1,6051,32,8,unknown,APPLE,
1878.5820000000092,58:f2:14:83:62:9b,9b628314f2580201061916aafe40718f5ebaa741a7c6acec2cb6b708e14ec721bd6015,-5381.0,102662.0,-104219.0,97168.0,-136787.0,,0,0,0,0,0,1,1,0,ADV_IND,35,37,8,-1,0,-1,-1,2660,32,8,unknown,GOOGLE,
1878.5820000000092,f1:bf:62:b8:c6:5c,5cc6b862bff11eff4c00121960454771bddbb005d5fbf2019ab7fbd121cb240c4ecf840108,5183.0,74227.0,-88948.0,82132.0,-97678.0,,0,0,0,0,0,1,1,0,ADV_IND,37,37,12,-1,0,-1,-1,7953,32,8,unknown,APPLE,
1879.6570000000063,dd:93:db:99:9b:1f,1f9b99db93dd1eff4c001219109e8369ee382f08e9d901178d878debf815cfcecebcb300d8,-16331.0,89944.0,-105389.0,84548.0,-140861.0,,0,0,0,0,0,1,1,0,ADV_IND,37,37,3,-1,0,-1,-1,4110,32,7,unknown,APPLE,
1881.0610000000013,f4:ae:1a:86:aa:56,56aa861aaef41eff4c00121920caee01a2d6d1be387a39cc7b5b93dbfa8ecdb4e274d401a7,-12048.0,118873.0,-117521.0,92789.0,-142110.0,,0,0,0,0,0,1,1,0,ADV_IND,37,37,12,-1,0,-1,-1,3188,32,8,unknown,APPLE,
1883.9870000000085,e2:99:42:32:d3:c8,c8d3324299e21eff4c00121960fad30641791931a24db77f259cf0de897e0d7b7e14030197,-32836.0,46989.0,-105742.0,88339.0,-135093.0,,0,0,0,0,0,1,1,0,ADV_IND,37,37,2,-1,0,-1,-1,6856,32,8,unknown,APPLE,
1883.9870000000085,c2:3f:78:80:93:f1,f19380783fc21eff4c00121910cc6d0a6b13c12f268f96fc54566b7af550db40055c7200f0,-21581.0,81148.0,-102918.0,89607.0,-126650.0,,0,0,0,0,0,1,1,0,ADV_IND,37,37,13,-1,0,-1,-1,7217,32,8,unknown,APPLE,
1884.7980000000096,58:f2:14:83:62:9b,9b628314f2580201061916aafe40718f5ebaa741a7c6acec2cb6b708e14ec721bd6015,-10213.0,102741.0,-94017.0,99567.0,-143698.0,,0,0,0,0,0,1,1,0,ADV_IND,35,37,0,-1,0,-1,-1,6138,32,8,unknown,GOOGLE,
1884.7980000000096,f4:ae:1a:86:aa:56,56aa861aaef41eff4c00121920caee01a2d6d1be387a39cc7b5b93dbfa8ecdb4e274d401a7,-31552.0,104197.0,-106070.0,91447.0,-131642.0,,0,0,0,0,0,1,1,0,ADV_IND,37,37,1,-1,0,-1,-1,3955,32,8,unknown,APPLE,
1887.421000000002,58:f2:14:83:62:9b,9b628314f2580201061916aafe40718f5ebaa741a7c6acec2cb6b708e14ec721bd6015,-7668.0,110839.0,-99657.0,97394.0,-126683.0,,0,0,0,0,0,1,1,0,ADV_IND,35,37,6,-1,0,-1,-1,1423,31,7,unknown,GOOGLE,
1887.421000000002,c1:0e:a2:92:a5:9b,9ba592a20ec11eff4c001219209497909b0be6327f60fe6f6d9472a430285c3a64c891029f,-33102.0,68779.0,-87603.0,68021.0,-112053.0,,0,0,0,0,0,1,1,0,ADV_IND,37,37,11,-1,0,-1,-1,6362,32,8,unknown,APPLE,
1887.421000000002,d3:56:13:ec:79:cc,cc79ec1356d31eff4c00121920c8802ca1845b23da19751fb9e5efd23bb6fad2f5aad80245,-12694.0,70240.0,-83761.0,71910.0,-108445.0,,0,0,0,0,0,1,1,0,ADV_IND,37,37,10,-1,0,-1,-1,5625,32,8,unknown,APPLE,
1888.9840000000115,58:f2:14:83:62:9b,9b628314f2580201061916aafe40718f5ebaa741a7c6acec2cb6b708e14ec721bd6015,5178.0,73926.0,-93793.0,88532.0,-128800.0,,0,0,0,0,0,1,1,0,ADV_IND,35,37,13,-1,0,-1,-1,7974,32,8,unknown,GOOGLE,
1891.947,f1:bf:62:b8:c6:5c,5cc6b862bff11eff4c00121960454771bddbb005d5fbf2019ab7fbd121cb240c4ecf840108,5743.0,55653.0,-76329.0,102043.0,-107833.0,,0,0,0,0,0,1,1,0,ADV_IND,37,37,3,-1,0,-1,-1,4038,32,7,unknown,APPLE,
1893.6550000000132,e0:76:51:24:1b:d0,d01b245176e01eff4c00121900bb34e40069e9ac08ae750f00cf52fac5ecf2ca4e6bab0000,-5093.0,60752.0,-115571.0,98694.0,-146151.0,,0,0,0,0,0,1,1,2,ADV_NONCONN_IND,37,37,15,-1,0,-1,-1,4455,32,7,unknown,APPLE,
1893.6550000000132,58:f2:14:83:62:9b,9b628314f2580201061916aafe40718f5ebaa741a7c6acec2cb6b708e14ec721bd6015,-10281.0,99757.0,-106118.0,100342.0,-127647.0,,0,0,0,0,0,1,1,0,ADV_IND,35,37,1,-1,0,-1,-1,6205,32,7,unknown,GOOGLE,
1898.4890000000012,c1:0e:a2:92:a5:9b,9ba592a20ec11eff4c001219209497909b0be6327f60fe6f6d9472a430285c3a64c891029f,-9237.0,88175.0,-108495.0,78509.0,-136581.0,,0,0,0,0,0,1,1,0,ADV_IND,37,37,5,-1,0,-1,-1,7471,30,8,unknown,APPLE,
1898.4890000000012,c2:3f:78:80:93:f1,f19380783fc21eff4c00121910cc6d0a6b13c12f268f96fc54566b7af550db40055c7200f0,-17681.0,109617.0,-96276.0,90025.0,-147911.0,,0,0,0,0,0,1,1,0,ADV_IND,37,37,0,-1,0,-1,-1,2423,32,8,unknown,APPLE,
1898.4890000000012,e6:df:1d:30:2b:33,332b301ddfe61eff4c001219609a01bb3df9e43655016e85285aeb3ad859cbaf66c7e40268,0.0,61467.0,-65950.0,71365.0,-118015.0,,0,0,0,0,0,1,1,0,ADV_IND,37,37,11,-1,0,-1,-1,5211,32,8,unknown,APPLE,
1901.554000000004,f4:ae:1a:86:aa:56,56aa861aaef41eff4c00121920caee01a2d6d1be387a39cc7b5b93dbfa8ecdb4e274d401a7,-46161.0,119353.0,-104700.0,87767.0,-134050.0,,0,0,0,0,0,1,1,0,ADV_IND,37,37,11,-1,0,-1,-1,3021,32,8,unknown,APPLE,
1901.554000000004,dd:93:db:99:9b:1f,1f9b99db93dd1eff4c001219109e8369ee382f08e9d901178d878debf815cfcecebcb300d8,-32103.0,121519.0,-119515.0,90267.0,-152436.0,,0,0,0,0,0,1,1,0,ADV_IND,37,37,8,-1,0,-1,-1,6604,30,8,unknown,APPLE,
1901.554000000004,c2:3f:78:80:93:f1,f19380783fc21eff4c00121910cc6d0a6b13c12f268f96fc54566b7af550db40055c7200f0,-3682.0,61127.0,-88726.0,70121.0,-127546.0,,0,0,0,0,0,1,1,0,ADV_IND,37,37,15,-1,0,-1,-1,8020,32,7,unknown,APPLE,
1904.7750000000087,f1:bf:62:b8:c6:5c,5cc6b862bff11eff4c00121960454771bddbb005d5fbf2019ab7fbd121cb240c4ecf840108,-15833.0,120439.0,-89807.0,102334.0,-168893.0,,0,0,0,0,0,1,1,0,ADV_IND,37,37,14,-1,0,-1,-1,3349,32,8,unknown,APPLE,
1904.7750000000087,58:f2:14:83:62:9b,9b628314f2580201061916aafe40718f5ebaa741a7c6acec2cb6b708e14ec721bd6015,-19983.0,86046.0,-100244.0,116834.0,-134545.0,,0,0,0,0,0,1,1,0,ADV_IND,35,37,12,-1,0,-1,-1,1938,32,7,unknown,GOOGLE,
1904.7750000000087,d3:56:13:ec:79:cc,cc79ec1356d31eff4c00121920c8802ca1845b23da19751fb9e5efd23bb6fad2f5aad80245,-35580.0,67290.0,-92141.0,94001.0,-102300.0,,0,0,0,0,0,1,1,0,ADV_IND,37,37,3,-1,0,-1,-1,3566,32,8,unknown,APPLE,
1906.3179999999995,dd:93:db:99:9b:1f,1f9b99db93dd1eff4c001219109e8369ee382f08e9d901178d878debf815cfcecebcb300d8,-26105.0,94339.0,-109341.0,94970.0,-150661.0,,0,0,0,0,0,1,1,0,ADV_IND,37,37,11,-1,0,-1,-1,7122,32,7,unknown,APPLE,
1907.6380000000063,d3:56:13:ec:79:cc,cc79ec1356d31eff4c00121920c8802ca1845b23da19751fb9e5efd23bb6fad2f5aad80245,-25169.0,83758.0,-118337.0,97093.0,-146270.0,,0,0,0,0,0,1,1,0,ADV_IND,37,37,4,-1,0,-1,-1,6931,32,7,unknown,APPLE,
1907.6380000000063,dd:93:db:99:9b:1f,1f9b99db93dd1eff4c001219109e8369ee382f08e9d901178d878debf815cfcecebcb300d8,-37900.0,70947.0,-86972.0,80960.0,-143545.0,,0,0,0,0,0,1,1,0,ADV_IND,37,37,7,-1,0,-1,-1,6030,32,8,unknown,APPLE,
1907.6380000000063,c1:0e:a2:92:a5:9b,9ba592a20ec11eff4c001219209497909b0be6327f60fe6f6d9472a430285c3a64c891029f,-29343.0,79513.0,-93300.0,87317.0,-122552.0,,0,0,0,0,0,1,1,0,ADV_IND,37,37,2,-1,0,-1,-1,7285,32,8,unknown,APPLE,
1910.675000000003,dd:93:db:99:9b:1f,1f9b99db93dd1eff4c001219109e8369ee382f08e9d901178d878debf815cfcecebcb300d8,-28851.0,84516.0,-93768.0,76623.0,-126260.0,,0,0,0,0,0,1,1,0,ADV_IND,37,37,7,-1,0,-1,-1,5400,32,8,unknown,APPLE,
1912.189000000013,c1:0e:a2:92:a5:9b,9ba592a20ec11eff4c001219209497909b0be6327f60fe6f6d9472a430285c3a64c891029f,-40736.0,104825.0,-112099.0,84570.0,-136609.0,,0,0,0,0,0,1,1,0,ADV_IND,37,37,2,-1,0,-1,-1,981,32,8,unknown,APPLE,
1913.7430000000024,e0:76:51:24:1b:d0,d01b245176e01eff4c00121900bb34e40069e9ac08ae750f00cf52fac5ecf2ca4e6bab0000,-26417.0,91483.0,-107823.0,78474.0,-138849.0,,0,0,0,0,0,1,1,2,ADV_NONCONN_IND,37,37,15,-1,0,-1,-1,5414,31,8,unknown,APPLE,
1915.3270000000048,58:f2:14:83:62:9b,9b628314f2580201061916aafe40718f5ebaa741a7c6acec2cb6b708e14ec721bd6015,-24901.0,97997.0,-98385.0,98364.0,-133446.0,,0,0,0,0,0,1,1,0,ADV_IND,35,37,10,-1,0,-1,-1,5249,32,7,unknown,GOOGLE,
1917.172000000006,c1:0e:a2:92:a5:9b,9ba592a20ec11eff4c001219209497909b0be6327f60fe6f6d9472a430285c3a64c891029f,-44548.0,104870.0,-118241.0,77479.0,-136058.0,,0,0,0,0,0,1,1,0,ADV_IND,37,37,8,-1,0,-1,-1,3947,31,7,unknown,APPLE,
1918.5060000000085,f4:ae:1a:86:aa:56,56aa861aaef41eff4c00121920caee01a2d6d1be387a39cc7b5b93dbfa8ecdb4e274d401a7,-19071.0,97293.0,-96774.0,79732.0,-146518.0,,0,0,0,0,0,1,1,0,ADV_IND,37,37,2,-1,0,-1,-1,7678,32,8,unknown,APPLE,
1918.5060000000085,e2:99:42:32:d3:c8,c8d3324299e21eff4c00121960fad30641791931a24db77f259cf0de897e0d7b7e14030197,-43891.0,78240.0,-105952.0,74237.0,-190464.0,,0,0,0,0,0,1,1,0,ADV_IND,37,37,12,-1,0,-1,-1,8041,32,8,unknown,APPLE,
1918.5060000000085,e0:76:51:24:1b:d0,d01b245176e01eff4c00121900bb34e40069e9ac08ae750f00cf52fac5ecf2ca4e6bab0000,-26947.0,66629.0,-100095.0,79246.0,-147675.0,,0,0,0,0,0,1,1,2,ADV_NONCONN_IND,37,37,7,-1,0,-1,-1,1100,32,7,unknown,APPLE,
1920.1670000000013,dd:93:db:99:9b:1f,1f9b99db93dd1eff4c001219109e8369ee382f08e9d901178d878debf815cfcecebcb300d8,-19556.0,85028.0,-80811.0,63286.0,-141226.0,,0,0,0,0,0,1,1,0,ADV_IND,37,37,15,-1,0,-1,-1,3606,32,8,unknown,APPLE,
1920.1670000000013,fa:1f:fb:bc:6b:bd,bd6bbcfb1ffa1eff4c0012190071cabc4cead57f755ba227c4e3d47ae7bc577751e0400000,1177.0,84823.0,-116667.0,93307.0,-148907.0,,0,0,0,0,0,1,1,2,ADV_NONCONN_IND,37,37,14,-1,0,-1,-1,7676,29,7,unknown,APPLE,
1926.922000000006,e2:99:42:32:d3:c8,c8d3324299e21eff4c00121960fad30641791931a24db77f259cf0de897e0d7b7e14030197,-9773.0,62688.0,-117833.0,78407.0,-154751.0,,0,0,0,0,0,1,1,0,ADV_IND,37,37,15,-1,0,-1,-1,6903,31,7,unknown,APPLE,
1926.922000000006,d3:56:13:ec:79:cc,cc79ec1356d31eff4c00121920c8802ca1845b23da19751fb9e5efd23bb6fad2f5aad80245,-29631.0,92056.0,-98391.0,90813.0,-161073.0,,0,0,0,0,0,1,1,0,ADV_IND,37,37,10,-1,0,-1,-1,5098,32,8,unknown,APPLE,
1930.0070000000123,fa:1f:fb:bc:6b:bd,bd6bbcfb1ffa1eff4c0012190071cabc4cead57f755ba227c4e3d47ae7bc577751e0400000,-21785.0,67222.0,-101726.0,83757.0,-121508.0,,0,0,0,0,0,1,1,2,ADV_NONCONN_IND,37,37,8,-1,0,-1,-1,2195,32,8,unknown,APPLE,
1932.215000000011,dd:93:db:99:9b:1f,1f9b99db93dd1eff4c001219109e8369ee382f08e9d901178d878debf815cfcecebcb300d8,-20658.0,104648.0,-105532.0,86223.0,-150984.0,,0,0,0,0,0,1,1,0,ADV_IND,37,37,7,-1,0,-1,-1,4191,32,8,unknown,APPLE,
1932.215000000011,c1:0e:a2:92:a5:9b,25666c3cf5f41eff4c00121910c4ae7bedf14240cd85e38faa329cbbc7be0f299a6ed703d6,-35094.0,90036.0,-93372.0,78777.0,-135754.0,,0,0,0,0,0,1,1,0,ADV_IND,37,37,3,-1,0,-1,-1,5589,32,8,unknown,APPLE,f4:f5:3c:6c:66:25
1933.377000000008,d3:56:13:ec:79:cc,cc79ec1356d31eff4c00121920c8802ca1845b23da19751fb9e5efd23bb6fad2f5aad80245,-45498.0,74940.0,-106492.0,100947.0,-105419.0,,0,0,0,0,0,1,1,0,ADV_IND,37,37,12,-1,0,-1,-1,7622,32,8,unknown,APPLE,
1933.377000000008,e0:76:51:24:1b:d0,d01b245176e01eff4c00121900bb34e40069e9ac08ae750f00cf52fac5ecf2ca4e6bab0000,-23677.0,66194.0,-111351.0,94896.0,-125301.0,,0,0,0,0,0,1,1,2,ADV_NONCONN_IND,37,37,14,-1,0,-1,-1,7302,32,8,unknown,APPLE,
1934.7880000000005,e6:df:1d:30:2b:33,332b301ddfe61eff4c001219609a01bb3df9e43655016e85285aeb3ad859cbaf66c7e40268,6636.0,73392.0,-82237.0,93898.0,-168520.0,,0,0,0,0,0,1,1,0,ADV_IND,37,37,7,-1,0,-1,-1,4276,31,7,unknown,APPLE,
1936.619000000006,d3:56:13:ec:79:cc,cc79ec1356d31eff4c00121920c8802ca1845b23da19751fb9e5efd23bb6fad2f5aad80245,-19313.0,72585.0,-95770.0,78452.0,-116698.0,,0,0,0,0,0,1,1,0,ADV_IND,37,37,3,-1,0,-1,-1,4665,32,8,unknown,APPLE,
1936.619000000006,58:f2:14:83:62:9b,9b628314f2580201061916aafe40718f5ebaa741a7c6acec2cb6b708e14ec721bd6015,-11925.0,108114.0,-99745.0,103981.0,-131510.0,,0,0,0,0,0,1,1,0,ADV_IND,35,37,3,-1,0,-1,-1,3349,32,8,unknown,GOOGLE,
1936.619000000006,f1:bf:62:b8:c6:5c,5cc6b862bff11eff4c00121960454771bddbb005d5fbf2019ab7fbd121cb240c4ecf840108,8097.0,101421.0,-100706.0,109739.0,-154621.0,,0,0,0,0,0,1,1,0,ADV_IND,37,37,14,-1,0,-1,-1,2533,32,7,unknown,APPLE,
1936.619000000006,fa:1f:fb:bc:6b:bd,bd6bbcfb1ffa1eff4c0012190071cabc4cead57f755ba227c4e3d47ae7bc577751e0400000,-35722.0,89795.0,-98066.0,90778.0,-140239.0,,0,0,0,0,0,1,1,2,ADV_NONCONN_IND,37,37,14,-1,0,-1,-1,6333,32,8,unknown,APPLE,
1936.619000000006,c1:0e:a2:92:a5:9b,9ba592a20ec11eff4c001219209497909b0be6327f60fe6f6d9472a430285c3a64c891029f,-44635.0,71210.0,-88443.0,89879.0,-146350.0,,0,0,0,0,0,1,1,0,ADV_IND,37,37,6,-1,0,-1,-1,2386,32,7,unknown,APPLE,
1938.1280000000115,c1:0e:a2:92:a5:9b,9ba592a20ec11eff4c001219209497909b0be6327f60fe6f6d9472a430285c3a64c891029f,-31119.0,104665.0,-120108.0,92320.0,-132903.0,,0,0,0,0,0,1,1,0,ADV_IND,37,37,0,-1,0,-1,-1,4072,32,8,unknown,APPLE,
1939.622000000003,58:f2:14:83:62:9b,9b628314f2580201061916aafe40718f5ebaa741a7c6acec2cb6b708e14ec721bd6015,-20257.0,58823.0,-77257.0,95350.0,-95027.0,,0,0,0,0,0,1,1,0,ADV_IND,35,37,11,-1,0,-1,-1,7249,32,7,unknown,GOOGLE,
1943.040000000008,e6:df:1d:30:2b:33,332b301ddfe61eff4c001219609a01bb3df9e43655016e85285aeb3ad859cbaf66c7e40268,-6413.0,70701.0,-62578.0,100912.0,-144603.0,,0,0,0,0,0,1,1,0,ADV_IND,37,37,1,-1,0,-1,-1,3496,31,8,unknown,APPLE,
1943.040000000008,d3:56:13:ec:79:cc,cc79ec1356d31eff4c00121920c8802ca1845b23da19751fb9e5efd23bb6fad2f5aad80245,-18405.0,68975.0,-85575.0,82838.0,-121902.0,,0,0,0,0,0,1,1,0,ADV_IND,37,37,14,-1,0,-1,-1,5926,31,8,unknown,APPLE,
1943.040000000008,dd:93:db:99:9b:1f,1f9b99db93dd1eff4c001219109e8369ee382f08e9d901178d878debf815cfcecebcb300d8,-9911.0,58268.0,-96299.0,85614.0,-149352.0,,0,0,0,0,0,1,1,0,ADV_IND,37,37,13,-1,0,-1,-1,5872,32,8,unknown,APPLE,
1943.918000000005,c2:3f:78:80:93:f1,f19380783fc21eff4c00121910cc6d0a6b13c12f268f96fc54566b7af550db40055c7200f0,-9514.0,69047.0,-96021.0,70466.0,-118497.0,,0,0,0,0,0,1,1,0,ADV_IND,37,37,1,-1,0,-1,-1,4790,32,8,unknown,APPLE,
1943.918000000005,dd:93:db:99:9b:1f,1f9b99db93dd1eff4c001219109e8369ee382f08e9d901178d878debf815cfcecebcb300d8,-31977.0,98804.0,-92288.0,84285.0,-149403.0,,0,0,0,0,0,1,1,0,ADV_IND,37,37,12,-1,0,-1,-1,7407,32,8,unknown,APPLE,
1944.9630000000036,d3:56:13:ec:79:cc,cc79ec1356d31eff4c00121920c8802ca1845b23da19751fb9e5efd23bb6fad2f5aad80245,-27125.0,81781.0,-97458.0,80121.0,-142728.0,,0,0,0,0,0,1,1,0,ADV_IND,37,37,1,-1,0,-1,-1,4918,31,8,unknown,APPLE,
1944.9630000000036,58:f2:14:83:62:9b,9b628314f2580201061916aafe40718f5ebaa741a7c6acec2cb6b708e14ec721bd6015,-17121.0,83905.0,-83155.0,116312.0,-145937.0,,0,0,0,0,0,1,1,0,ADV_IND,35,37,5,-1,0,-1,-1,3092,32,8,unknown,GOOGLE,
1947.741000000009,fa:1f:fb:bc:6b:bd,bd6bbcfb1ffa1eff4c0012190071cabc4cead57f755ba227c4e3d47ae7bc577751e0400000,-45871.0,118307.0,-114624.0,97905.0,-143022.0,,0,0,0,0,0,1,1,2,ADV_NONCONN_IND,37,37,8,-1,0,-1,-1,5350,32,7,unknown,APPLE,
1947.741000000009,e0:76:51:24:1b:d0,d01b245176e01eff4c00121900bb34e40069e9ac08ae750f00cf52fac5ecf2ca4e6bab0000,-35449.0,51686.0,-109398.0,99746.0,-112128.0,,0,0,0,0,0,1,1,2,ADV_NONCONN_IND,37,37,0,-1,0,-1,-1,1916,32,8,unknown,APPLE,
1948.421000000002,e6:df:1d:30:2b:33,332b301ddfe61eff4c001219609a01bb3df9e43655016e85285aeb3ad859cbaf66c7e40268,-20952.0,89370.0,-72262.0,104007.0,-137796.0,,0,0,0,0,0,1,1,0,ADV_IND,37,37,15,-1,0,-1,-1,6470,32,8,unknown,APPLE,
1949.3850000000093,c1:0e:a2:92:a5:9b,9ba592a20ec11eff4c001219209497909b0be6327f60fe6f6d9472a430285c3a64c891029f,-26473.0,72765.0,-106796.0,81319.0,-118809.0,,0,0,0,0,0,1,1,0,ADV_IND,37,37,0,-1,0,-1,-1,5827,32,8,unknown,APPLE,
1949.3850000000093,58:f2:14:83:62:9b,9b628314f2580201061916aafe40718f5ebaa741a7c6acec2cb6b708e14ec721bd6015,-15046.0,89540.0,-103845.0,122859.0,-142844.0,,0,0,0,0,0,1,1,0,ADV_IND,35,37,14,-1,0,-1,-1,2354,32,8,unknown,GOOGLE,
1950.6570000000063,c1:0e:a2:92:a5:9b,25666c3cf5f41eff4c00121910c4ae7bedf14240cd85e38faa329cbbc7be0f299a6ed703d6,-19728.0,49921.0,-99894.0,70842.0,-104177.0,,0,0,0,0,0,1,1,0,ADV_IND,37,37,6,-1,0,-1,-1,4478,32,8,unknown,APPLE,f4:f5:3c:6c:66:25
1950.6570000000063,58:f2:14:83:62:9b,9b628314f2580201061916aafe40718f5ebaa741a7c6acec2cb6b708e14ec721bd6015,-20636.0,64174.0,-81973.0,112243.0,-131867.0,,0,0,0,0,0,1,1,0,ADV_IND,35,37,15,-1,0,-1,-1,2321,32,8,unknown,GOOGLE,
1950.6570000000063,fa:1f:fb:bc:6b:bd,bd6bbcfb1ffa1eff4c0012190071cabc4cead57f755ba227c4e3d47ae7bc577751e0400000,-34759.0,60951.0,-96304.0,112852.0,-137387.0,,0,0,0,0,0,1,1,2,ADV_NONCONN_IND,37,37,5,-1,0,-1,-1,4132,31,8,unknown,APPLE,
1954.001000000004,dd:93:db:99:9b:1f,1f9b99db93dd1eff4c001219109e8369ee382f08e9d901178d878debf815cfcecebcb300d8,-15130.0,75579.0,-111754.0,95591.0,-143609.0,,0,0,0,0,0,1,1,0,ADV_IND,37,37,8,-1,0,-1,-1,1950,32,8,unknown,APPLE,
1954.001000000004,58:f2:14:83:62:9b,9b628314f2580201061916aafe40718f5ebaa741a7c6acec2cb6b708e14ec721bd6015,-10785.0,103838.0,-107841.0,104710.0,-128604.0,,0,0,0,0,0,1,1,0,ADV_IND,35,37,9,-1,0,-1,-1,3360,32,8,unknown,GOOGLE,
1955.7270000000133,58:f2:14:83:62:9b,9b628314f2580201061916aafe40718f5ebaa741a7c6acec2cb6b708e14ec721bd6015,-13849.0,69175.0,-85770.0,86180.0,-94462.0,,0,0,0,0,0,1,1,0,ADV_IND,35,37,1,-1,0,-1,-1,2933,32,8,unknown,GOOGLE,
1955.7270000000133,fa:1f:fb:bc:6b:bd,bd6bbcfb1ffa1eff4c0012190071cabc4cead57f755ba227c4e3d47ae7bc577751e0400000,0.0,50923.0,-89945.0,65127.0,-139860.0,,0,0,0,0,0,1,1,2,ADV_NONCONN_IND,37,37,1,-1,0,-1,-1,4410,32,8,unknown,APPLE,
1957.1050000000105,58:f2:14:83:62:9b,9b628314f2580201061916aafe40718f5ebaa741a7c6acec2cb6b708e14ec721bd6015,-9212.0,77447.0,-83242.0,108527.0,-140352.0,,0,0,0,0,0,1,1,0,ADV_IND,35,37,6,-1,0,-1,-1,5609,32,8,unknown,GOOGLE,
1958.679000000004,58:f2:14:83:62:9b,9b628314f2580201061916aafe40718f5ebaa741a7c6acec2cb6b708e14ec721bd6015,-5453.0,56829.0,-88332.0,89811.0,-92519.0,,0,0,0,0,0,1,1,0,ADV_IND,35,37,6,-1,0,-1,-1,2775,32,8,unknown,GOOGLE,
1958.679000000004,ce:f0:a6:d1:cb:a1,a1cbd1a6f0ce1eff4c00121920b33fd078a3d25b8c1a36e363aa59124f98e9c8092edb0109,-26623.0,56141.0,-88763.0,68464.0,-136622.0,,0,0,0,0,0,1,1,0,ADV_IND,37,37,9,-1,0,-1,-1,4357,32,7,unknown,APPLE,
1958.679000000004,c2:3f:78:80:93:f1,f19380783fc21eff4c00121910cc6d0a6b13c12f268f96fc54566b7af550db40055c7200f0,-37949.0,84113.0,-91846.0,85003.0,-128827.0,,0,0,0,0,0,1,1,0,ADV_IND,37,37,3,-1,0,-1,-1,2196,32,8,unknown,APPLE,
1958.679000000004,c1:0e:a2:92:a5:9b,9ba592a20ec11eff4c001219209497909b0be6327f60fe6f6d9472a430285c3a64c891029f,-35312.0,71319.0,-91442.0,92995.0,-116191.0,,0,0,0,0,0,1,1,0,ADV_IND,37,37,5,-1,0,-1,-1,1155,32,8,unknown,APPLE,
1960.522000000012,ce:f0:a6:d1:cb:a1,a1cbd1a6f0ce1eff4c00121920b33fd078a3d25b8c1a36e363aa59124f98e9c8092edb0109,-29192.0,47679.0,-77844.0,63694.0,-122719.0,,0,0,0,0,0,1,1,0,ADV_IND,37,37,3,-1,0,-1,-1,5874,28,7,unknown,APPLE,
1962.7130000000036,dd:93:db:99:9b:1f,1f9b99db93dd1eff4c001219109e8369ee382f08e9d901178d878debf815cfcecebcb300d8,-41547.0,80166.0,-89246.0,60048.0,-114574.0,,0,0,0,0,0,1,1,0,ADV_IND,37,37,15,-1,0,-1,-1,7153,32,7,unknown,APPLE,
1965.2340000000115,58:f2:14:83:62:9b,9b628314f2580201061916aafe40718f5ebaa741a7c6acec2cb6b708e14ec721bd6015,-5984.0,62779.0,-85437.0,95877.0,-105525.0,,0,0,0,0,0,1,1,0,ADV_IND,35,37,3,-1,0,-1,-1,2073,32,8,unknown,GOOGLE,
1965.2340000000115,c1:0e:a2:92:a5:9b,9ba592a20ec11eff4c001219209497909b0be6327f60fe6f6d9472a430285c3a64c891029f,-24914.0,71398.0,-89708.0,65056.0,-123431.0,,0,0,0,0,0,1,1,0,ADV_IND,37,37,4,-1,0,-1,-1,2869,31,8,unknown,APPLE,
1966.0560000000116,fa:1f:fb:bc:6b:bd,bd6bbcfb1ffa1eff4c0012190071cabc4cead57f755ba227c4e3d47ae7bc577751e0400000,-21447.0,98137.0,-119729.0,94866.0,-155209.0,,0,0,0,0,0,1,1,2,ADV_NONCONN_IND,37,37,6,-1,0,-1,-1,7392,31,7,unknown,APPLE,
1967.541000000012,58:f2:14:83:62:9b,9b628314f2580201061916aafe40718f5ebaa741a7c6acec2cb6b708e14ec721bd6015,-14382.0,78295.0,-84333.0,67596.0,-103063.0,,0,0,0,0,0,1,1,0,ADV_IND,35,37,0,-1,0,-1,-1,2971,32,8,unknown,GOOGLE,
1969.5660000000064,e0:76:51:24:1b:d0,d01b245176e01eff4c00121900bb34e40069e9ac08ae750f00cf52fac5ecf2ca4e6bab0000,-13304.0,65407.0,-109860.0,99068.0,-149780.0,,0,0,0,0,0,1,1,2,ADV_NONCONN_IND,37,37,6,-1,0,-1,-1,6907,32,7,unknown,APPLE,
1969.5660000000064,fa:1f:fb:bc:6b:bd,bd6bbcfb1ffa1eff4c0012190071cabc4cead57f755ba227c4e3d47ae7bc577751e0400000,-25175.0,57920.0,-100000.0,98118.0,-117780.0,,0,0,0,0,0,1,1,2,ADV_NONCONN_IND,37,37,8,-1,0,-1,-1,3700,32,8,unknown,APPLE,
1971.3080000000043,dd:93:db:99:9b:1f,1f9b99db93dd1eff4c001219109e8369ee382f08e9d901178d878debf815cfcecebcb300d8,-27217.0,88616.0,-96961.0,92009.0,-152077.0,,0,0,0,0,0,1,1,0,ADV_IND,37,37,14,-1,0,-1,-1,3150,32,8,unknown,APPLE,
1974.4260000000068,f1:bf:62:b8:c6:5c,5cc6b862bff11eff4c00121960454771bddbb005d5fbf2019ab7fbd121cb240c4ecf840108,17490.0,100425.0,-97144.0,96382.0,-144299.0,,0,0,0,0,0,1,1,0,ADV_IND,37,37,13,-1,0,-1,-1,4963,32,8,unknown,APPLE,
1974.4260000000068,dd:93:db:99:9b:1f,1f9b99db93dd1eff4c001219109e8369ee382f08e9d901178d878debf815cfcecebcb300d8,-17983.0,76730.0,-88213.0,70532.0,-135788.0,,0,0,0,0,0,1,1,0,ADV_IND,37,37,7,-1,0,-1,-1,5761,32,8,unknown,APPLE,
1974.4260000000068,c1:0e:a2:92:a5:9b,25666c3cf5f41eff4c00121910c4ae7bedf14240cd85e38faa329cbbc7be0f299a6ed703d6,-16691.0,81680.0,-104193.0,73626.0,-148907.0,,0,0,0,0,0,1,1,0,ADV_IND,37,37,14,-1,0,-1,-1,6946,32,7,unknown,APPLE,f4:f5:3c:6c:66:25
1977.2340000000115,c1:0e:a2:92:a5:9b,9ba592a20ec11eff4c001219209497909b0be6327f60fe6f6d9472a430285c3a64c891029f,-33952.0,77578.0,-96152.0,86536.0,-125196.0,,0,0,0,0,0,1,1,0,ADV_IND,37,37,9,-1,0,-1,-1,4243,32,8,unknown,APPLE,
1977.2340000000115,58:f2:14:83:62:9b,9b628314f2580201061916aafe40718f5ebaa741a7c6acec2cb6b708e14ec721bd6015,-22551.0,99809.0,-94826.0,106825.0,-128934.0,,0,0,0,0,0,1,1,0,ADV_IND,35,37,10,-1,0,-1,-1,6538,32,8,unknown,GOOGLE,
1978.3530000000028,ce:f0:a6:d1:cb:a1,a1cbd1a6f0ce1eff4c00121920b33fd078a3d25b8c1a36e363aa59124f98e9c8092edb0109,-29892.0,90729.0,-94012.0,79226.0,-128534.0,,0,0,0,0,0,1,1,0,ADV_IND,37,37,8,-1,0,-1,-1,1161,32,8,unknown,APPLE,
1978.3530000000028,dd:93:db:99:9b:1f,1f9b99db93dd1eff4c001219109e8369ee382f08e9d901178d878debf815cfcecebcb300d8,-46750.0,104801.0,-101794.0,96510.0,-149666.0,,0,0,0,0,0,1,1,0,ADV_IND,37,37,13,-1,0,-1,-1,5160,31,7,unknown,APPLE,
1980.024000000005,fa:1f:fb:bc:6b:bd,bd6bbcfb1ffa1eff4c0012190071cabc4cead57f755ba227c4e3d47ae7bc577751e0400000,-26037.0,86448.0,-87607.0,75308.0,-133123.0,,0,0,0,0,0,1,1,2,ADV_NONCONN_IND,37,37,7,-1,0,-1,-1,4399,32,8,unknown,APPLE,
1980.024000000005,58:f2:14:83:62:9b,9b628314f2580201061916aafe40718f5ebaa741a7c6acec2cb6b708e14ec721bd6015,-13466.0,71528.0,-71953.0,77519.0,-121197.0,,0,0,0,0,0,1,1,0,ADV_IND,35,37,9,-1,0,-1,-1,6599,32,8,unknown,GOOGLE,
1981.4870000000085,f1:bf:62:b8:c6:5c,5cc6b862bff11eff4c00121960454771bddbb005d5fbf2019ab7fbd121cb240c4ecf840108,-14619.0,77419.0,-80526.0,117644.0,-118401.0,,0,0,0,0,0,1,1,0,ADV_IND,37,37,10,-1,0,-1,-1,4387,32,8,unknown,APPLE,
1981.4870000000085,ce:f0:a6:d1:cb:a1,a1cbd1a6f0ce1eff4c00121920b33fd078a3d25b8c1a36e363aa59124f98e9c8092edb0109,-16156.0,59832.0,-80773.0,65457.0,-115769.0,,0,0,0,0,0,1,1,0,ADV_IND,37,37,3,-1,0,-1,-1,1743,32,7,unknown,APPLE,
1982.856,c2:3f:78:80:93:f1,f19380783fc21eff4c00121910cc6d0a6b13c12f268f96fc54566b7af550db40055c7200f0,-23672.0,86293.0,-92891.0,90510.0,-128342.0,,0,0,0,0,0,1,1,0,ADV_IND,37,37,7,-1,0,-1,-1,7971,31,7,unknown,APPLE,
1982.856,f4:ae:1a:86:aa:56,56aa861aaef41eff4c00121920caee01a2d6d1be387a39cc7b5b93dbfa8ecdb4e274d401a7,-5603.0,87963.0,-98675.0,105891.0,-115901.0,,0,0,0,0,0,1,1,0,ADV_IND,37,37,11,-1,0,-1,-1,1159,32,8,unknown,APPLE,
1983.988000000012,c2:3f:78:80:93:f1,f19380783fc21eff4c00121910cc6d0a6b13c12f268f96fc54566b7af550db40055c7200f0,-20982.0,72499.0,-106433.0,106759.0,-130716.0,,0,0,0,0,0,1,1,0,ADV_IND,37,37,10,-1,0,-1,-1,7688,31,8,unknown,APPLE,
1986.9660000000003,dd:93:db:99:9b:1f,1f9b99db93dd1eff4c001219109e8369ee382f08e9d901178d878debf815cfcecebcb300d8,-13630.0,61167.0,-89095.0,85915.0,-149715.0,,0,0,0,0,0,1,1,0,ADV_IND,37,37,1,-1,0,-1,-1,2885,32,8,unknown,APPLE,
1991.9370000000051,da:b5:7c:16:17:65,25666c3cf5f41eff4c00121910c4ae7bedf14240cd85e38faa329cbbc7be0f299a6ed703d6,6051.0,78843.0,-130509.0,84631.0,-146183.0,,0,0,0,0,0,1,1,0,ADV_IND,37,37,6,-1,0,-1,-1,5135,32,8,unknown,APPLE,f4:f5:3c:6c:66:25
1994.2480000000069,58:f2:14:83:62:9b,9b628314f2580201061916aafe40718f5ebaa741a7c6acec2cb6b708e14ec721bd6015,-19370.0,110830.0,-96754.0,96903.0,-128648.0,,0,0,0,0,0,1,1,0,ADV_IND,35,37,9,-1,0,-1,-1,1744,32,8,unknown,GOOGLE,
1995.0679999999995,e6:df:1d:30:2b:33,332b301ddfe61eff4c001219609a01bb3df9e43655016e85285aeb3ad859cbaf66c7e40268,0.0,59346.0,-70607.0,86495.0,-129947.0,,0,0,0,0,0,1,1,0,ADV_IND,37,37,2,-1,0,-1,-1,1408,31,8,unknown,APPLE,
1995.0679999999995,f4:ae:1a:86:aa:56,56aa861aaef41eff4c00121920caee01a2d6d1be387a39cc7b5b93dbfa8ecdb4e274d401a7,-11162.0,95853.0,-95227.0,57347.0,-130031.0,,0,0,0,0,0,1,1,0,ADV_IND,37,37,0,-1,0,-1,-1,3645,32,8,unknown,APPLE,
1997.252000000008,58:f2:14:83:62:9b,9b628314f2580201061916aafe40718f5ebaa741a7c6acec2cb6b708e14ec721bd6015,-14254.0,111581.0,-114795.0,103439.0,-139568.0,,0,0,0,0,0,1,1,0,ADV_IND,35,37,3,-1,0,-1,-1,6705,29,8,unknown,GOOGLE,
1997.252000000008,f4:ae:1a:86:aa:56,56aa861aaef41eff4c00121920caee01a2d6d1be387a39cc7b5b93dbfa8ecdb4e274d401a7,-30727.0,102911.0,-100757.0,57487.0,-106530.0,,0,0,0,0,0,1,1,0,ADV_IND,37,37,14,-1,0,-1,-1,1418,32,8,unknown,APPLE,
1999.4370000000051,58:f2:14:83:62:9b,9b628314f2580201061916aafe40718f5ebaa741a7c6acec2cb6b708e14ec721bd6015,-19173.0,73582.0,-85959.0,94038.0,-92167.0,,0,0,0,0,0,1,1,0,ADV_IND,35,37,3,-1,0,-1,-1,1027,32,7,unknown,GOOGLE,
2001.1320000000123,fa:1f:fb:bc:6b:bd,bd6bbcfb1ffa1eff4c0012190071cabc4cead57f755ba227c4e3d47ae7bc577751e0400000,-26813.0,96210.0,-106244.0,108619.0,-149966.0,,0,0,0,0,0,1,1,2,ADV_NONCONN_IND,37,37,10,-1,0,-1,-1,3815,32,7,unknown,APPLE,
2005.093000000008,58:f2:14:83:62:9b,9b628314f2580201061916aafe40718f5ebaa741a7c6acec2cb6b708e14ec721bd6015,-18025.0,64637.0,-71620.0,80665.0,-118868.0,,0,0,0,0,0,1,1,0,ADV_IND,35,37,8,-1,0,-1,-1,1530,32,8,unknown,GOOGLE,
2005.093000000008,fa:1f:fb:bc:6b:bd,bd6bbcfb1ffa1eff4c0012190071cabc4cead57f755ba227c4e3d47ae7bc577751e0400000,-23843.0,96192.0,-116037.0,100222.0,-148865.0,,0,0,0,0,0,1,1,2,ADV_NONCONN_IND,37,37,10,-1,0,-1,-1,3676,31,7,unknown,APPLE,
2007.044000000009,fa:1f:fb:bc:6b:bd,bd6bbcfb1ffa1eff4c0012190071cabc4cead57f755ba227c4e3d47ae7bc577751e0400000,-32568.0,97190.0,-106584.0,83488.0,-160489.0,,0,0,0,0,0,1,1,2,ADV_NONCONN_IND,37,37,10,-1,0,-1,-1,4026,32,8,unknown,APPLE,
2008.9380000000087,58:f2:14:83:62:9b,9b628314f2580201061916aafe40718f5ebaa741a7c6acec2cb6b708e14ec721bd6015,-7502.0,61218.0,-79522.0,92449.0,-100049.0,,0,0,0,0,0,1,1,0,ADV_IND,35,37,10,-1,0,-1,-1,5676,32,8,unknown,GOOGLE,
2008.9380000000087,fa:1f:fb:bc:6b:bd,bd6bbcfb1ffa1eff4c0012190071cabc4cead57f755ba227c4e3d47ae7bc577751e0400000,-19259.0,79561.0,-95770.0,85460.0,-121162.0,,0,0,0,0,0,1,1,2,ADV_NONCONN_IND,37,37,5,-1,0,-1,-1,6340,32,8,unknown,APPLE,
2010.3730000000069,dd:93:db:99:9b:1f,1f9b99db93dd1eff4c001219109e8369ee382f08e9d901178d878debf815cfcecebcb300d8,-33652.0,86830.0,-95299.0,71868.0,-146425.0,,0,0,0,0,0,1,1,0,ADV_IND,37,37,5,-1,0,-1,-1,7264,32,8,unknown,APPLE,
2011.767000000007,d3:56:13:ec:79:cc,cc79ec1356d31eff4c00121920c8802ca1845b23da19751fb9e5efd23bb6fad2f5aad80245,-35978.0,74099.0,-98435.0,88234.0,-104633.0,,0,0,0,0,0,1,1,0,ADV_IND,37,37,12,-1,0,-1,-1,6004,32,8,unknown,APPLE,
2011.767000000007,58:f2:14:83:62:9b,9b628314f2580201061916aafe40718f5ebaa741a7c6acec2cb6b708e14ec721bd6015,-16523.0,68939.0,-86080.0,120010.0,-120482.0,,0,0,0,0,0,1,1,0,ADV_IND,35,37,1,-1,0,-1,-1,1222,32,8,unknown,GOOGLE,
2011.767000000007,da:b5:7c:16:17:65,25666c3cf5f41eff4c00121910c4ae7bedf14240cd85e38faa329cbbc7be0f299a6ed703d6,-18997.0,92858.0,-96680.0,67125.0,-159473.0,,0,0,0,0,0,1,1,0,ADV_IND,37,37,2,-1,0,-1,-1,3984,32,8,unknown,APPLE,f4:f5:3c:6c:66:25
2013.6730000000096,dd:93:db:99:9b:1f,1f9b99db93dd1eff4c001219109e8369ee382f08e9d901178d878debf815cfcecebcb300d8,-34641.0,107371.0,-114827.0,88826.0,-153466.0,,0,0,0,0,0,1,1,0,ADV_IND,37,37,8,-1,0,-1,-1,1021,32,8,unknown,APPLE,
2013.6730000000096,c2:3f:78:80:93:f1,f19380783fc21eff4c00121910cc6d0a6b13c12f268f96fc54566b7af550db40055c7200f0,-19474.0,82633.0,-96655.0,81778.0,-147171.0,,0,0,0,0,0,1,1,0,ADV_IND,37,37,4,-1,0,-1,-1,6822,28,7,unknown,APPLE,
2015.7780000000057,c2:3f:78:80:93:f1,f19380783fc21eff4c00121910cc6d0a6b13c12f268f96fc54566b7af550db40055c7200f0,11749.0,61740.0,-107242.0,85573.0,-154602.0,,0,0,0,0,0,1,1,0,ADV_IND,37,37,5,-1,0,-1,-1,4378,32,8,unknown,APPLE,
2015.7780000000057,d3:56:13:ec:79:cc,cc79ec1356d31eff4c00121920c8802ca1845b23da19751fb9e5efd23bb6fad2f5aad80245,-27336.0,78403.0,-97189.0,70206.0,-110648.0,,0,0,0,0,0,1,1,0,ADV_IND,37,37,14,-1,0,-1,-1,2228,31,8,unknown,APPLE,
2019.238000000012,dd:93:db:99:9b:1f,1f9b99db93dd1eff4c001219109e8369ee382f08e9d901178d878debf815cfcecebcb300d8,-13822.0,75173.0,-105152.0,99860.0,-155500.0,,0,0,0,0,0,1,1,0,ADV_IND,37,37,5,-1,0,-1,-1,3075,32,8,unknown,APPLE,
2019.238000000012,58:f2:14:83:62:9b,9b628314f2580201061916aafe40718f5ebaa741a7c6acec2cb6b708e14ec721bd6015,-21446.0,96172.0,-104997.0,121363.0,-139158.0,,0,0,0,0,0,1,1,0,ADV_IND,35,37,6,-1,0,-1,-1,4980,32,8,unknown,GOOGLE,
2020.7630000000063,d3:56:13:ec:79:cc,cc79ec1356d31eff4c00121920c8802ca1845b23da19751fb9e5efd23bb6fad2f5aad80245,-50235.0,71552.0,-79752.0,78151.0,-112816.0,,0,0,0,0,0,1,1,0,ADV_IND,37,37,6,-1,0,-1,-1,1771,32,8,unknown,APPLE,
2026.5810000000056,e6:df:1d:30:2b:33,332b301ddfe61eff4c001219609a01bb3df9e43655016e85285aeb3ad859cbaf66c7e40268,19686.0,74688.0,-82958.0,114087.0,-157525.0,,0,0,0,0,0,1,1,0,ADV_IND,37,37,13,-1,0,-1,-1,1262,32,8,unknown,APPLE,
2029.469000000012,e6:df:1d:30:2b:33,332b301ddfe61eff4c001219609a01bb3df9e43655016e85285aeb3ad859cbaf66c7e40268,16274.0,41402.0,-69947.0,81731.0,-97691.0,,0,0,0,0,0,1,1,0,ADV_IND,37,37,15,-1,0,-1,-1,1653,32,8,unknown,APPLE,
2030.9750000000056,e0:76:51:24:1b:d0,d01b245176e01eff4c00121900bb34e40069e9ac08ae750f00cf52fac5ecf2ca4e6bab0000,-30012.0,94165.0,-118178.0,100891.0,-152326.0,,0,0,0,0,0,1,1,2,ADV_NONCONN_IND,37,37,7,-1,0,-1,-1,6358,32,8,unknown,APPLE,
2032.6900000000023,fa:1f:fb:bc:6b:bd,bd6bbcfb1ffa1eff4c0012190071cabc4cead57f755ba227c4e3d47ae7bc577751e0400000,-4831.0,72384.0,-113213.0,99163.0,-141351.0,,0,0,0,0,0,1,1,2,ADV_NONCONN_IND,37,37,3,-1,0,-1,-1,2282,32,8,unknown,APPLE,
2032.6900000000023,da:b5:7c:16:17:65,25666c3cf5f41eff4c00121910c4ae7bedf14240cd85e38faa329cbbc7be0f299a6ed703d6,-32819.0,70444.0,-93898.0,80073.0,-132117.0,,0,0,0,0,0,1,1,0,ADV_IND,37,37,3,-1,0,-1,-1,7932,31,7,unknown,APPLE,f4:f5:3c:6c:66:25
2034.6770000000104,c1:0e:a2:92:a5:9b,9ba592a20ec11eff4c001219209497909b0be6327f60fe6f6d9472a430285c3a64c891029f,-23200.0,63093.0,-99042.0,66928.0,-127096.0,,0,0,0,0,0,1,1,0,ADV_IND,37,37,1,-1,0,-1,-1,5070,32,8,unknown,APPLE,
2036.665000000008,f1:bf:62:b8:c6:5c,5cc6b862bff11eff4c00121960454771bddbb005d5fbf2019ab7fbd121cb240c4ecf840108,11717.0,72488.0,-95693.0,114898.0,-146189.0,,0,0,0,0,0,1,1,0,ADV_IND,37,37,8,-1,0,-1,-1,1560,32,8,unknown,APPLE,
2036.665000000008,e6:df:1d:30:2b:33,332b301ddfe61eff4c001219609a01bb3df9e43655016e85285aeb3ad859cbaf66c7e40268,-8870.0,71965.0,-71775.0,94090.0,-130438.0,,0,0,0,0,0,1,1,0,ADV_IND,37,37,7,-1,0,-1,-1,3086,32,8,unknown,APPLE,
2040.2780000000057,d3:56:13:ec:79:cc,cc79ec1356d31eff4c00121920c8802ca1845b23da19751fb9e5efd23bb6fad2f5aad80245,-32476.0,76715.0,-92184.0,99939.0,-120206.0,,0,0,0,0,0,1,1,0,ADV_IND,37,37,2,-1,0,-1,-1,5412,32,8,unknown,APPLE,
2040.2780000000057,58:f2:14:83:62:9b,9b628314f2580201061916aafe40718f5ebaa741a7c6acec2cb6b708e14ec721bd6015,-10293.0,120089.0,-112665.0,102909.0,-140526.0,,0,0,0,0,0,1,1,0,ADV_IND,35,37,12,-1,0,-1,-1,7735,32,7,unknown,GOOGLE,
2041.7160000000003,ce:f0:a6:d1:cb:a1,a1cbd1a6f0ce1eff4c00121920b33fd078a3d25b8c1a36e363aa59124f98e9c8092edb0109,-17488.0,54086.0,-86796.0,79880.0,-136374.0,,0,0,0,0,0,1,1,0,ADV_IND,37,37,15,-1,0,-1,-1,3440,32,8,unknown,APPLE,
2041.7160000000003,c1:0e:a2:92:a5:9b,9ba592a20ec11eff4c001219209497909b0be6327f60fe6f6d9472a430285c3a64c891029f,-42324.0,79831.0,-84647.0,80479.0,-134000.0,,0,0,0,0,0,1,1,0,ADV_IND,37,37,0,-1,0,-1,-1,7637,32,8,unknown,APPLE,
2041.7160000000003,58:f2:14:83:62:9b,9b628314f2580201061916aafe40718f5ebaa741a7c6acec2cb6b708e14ec721bd6015,-14848.0,60267.0,-84382.0,104575.0,-102272.0,,0,0,0,0,0,1,1,0,ADV_IND,35,37,12,-1,0,-1,-1,2256,32,8,unknown,GOOGLE,
2045.768000000011,d3:56:13:ec:79:cc,cc79ec1356d31eff4c00121920c8802ca1845b23da19751fb9e5efd23bb6fad2f5aad80245,-24772.0,108179.0,-117322.0,96147.0,-151470.0,,0,0,0,0,0,1,1,0,ADV_IND,37,37,6,-1,0,-1,-1,1347,32,7,unknown,APPLE,
2045.768000000011,58:f2:14:83:62:9b,9b628314f2580201061916aafe40718f5ebaa741a7c6acec2cb6b708e14ec721bd6015,-11926.0,66793.0,-86472.0,84543.0,-94041.0,,0,0,0,0,0,1,1,0,ADV_IND,35,37,8,-1,0,-1,-1,3002,32,8,unknown,GOOGLE,
2047.1570000000063,f4:ae:1a:86:aa:56,56aa861aaef41eff4c00121920caee01a2d6d1be387a39cc7b5b93dbfa8ecdb4e274d401a7,-11141.0,82985.0,-102009.0,57321.0,-110003.0,,0,0,0,0,0,1,1,0,ADV_IND,37,37,7,-1,0,-1,-1,2203,32,8,unknown,APPLE,
2047.1570000000063,58:f2:14:83:62:9b,9b628314f2580201061916aafe40718f5ebaa741a7c6acec2cb6b708e14ec721bd6015,-15863.0,96930.0,-100791.0,103411.0,-137497.0,,0,0,0,0,0,1,1,0,ADV_IND,35,37,14,-1,0,-1,-1,5109,32,8,unknown,GOOGLE,
2048.6580000000104,e0:76:51:24:1b:d0,d01b245176e01eff4c00121900bb34e40069e9ac08ae750f00cf52fac5ecf2ca4e6bab0000,-40495.0,81254.0,-94981.0,64431.0,-137445.0,,0,0,0,0,0,1,1,2,ADV_NONCONN_IND,37,37,6,-1,0,-1,-1,3378,32,8,unknown,APPLE,
2055.9140000000043,e6:df:1d:30:2b:33,332b301ddfe61eff4c001219609a01bb3df9e43655016e85285aeb3ad859cbaf66c7e40268,17220.0,68316.0,-65282.0,67372.0,-128591.0,,0,0,0,0,0,1,1,0,ADV_IND,37,37,13,-1,0,-1,-1,7165,32,8,unknown,APPLE,
2056.268000000011,dd:27:67:8d:21:8f,25666c3cf5f41eff4c00121910c4ae7bedf14240cd85e38faa329cbbc7be0f299a6ed703d6,1743.0,87179.0,-103952.0,56139.0,-154131.0,,0,0,0,0,0,1,1,0,ADV_IND,37,37,4,-1,0,-1,-1,6694,32,8,unknown,APPLE,f4:f5:3c:6c:66:25
2056.268000000011,dd:93:db:99:9b:1f,1f9b99db93dd1eff4c001219109e8369ee382f08e9d901178d878debf815cfcecebcb300d8,-8694.0,75508.0,-105432.0,86342.0,-134193.0,,0,0,0,0,0,1,1,0,ADV_IND,37,37,1,-1,0,-1,-1,2000,32,8,unknown,APPLE,
2060.722000000009,d3:56:13:ec:79:cc,cc79ec1356d31eff4c00121920c8802ca1845b23da19751fb9e5efd23bb6fad2f5aad80245,-20012.0,61199.0,-85385.0,94992.0,-125912.0,,0,0,0,0,0,1,1,0,ADV_IND,37,37,0,-1,0,-1,-1,2714,32,8,unknown,APPLE,
2060.722000000009,f1:bf:62:b8:c6:5c,5cc6b862bff11eff4c00121960454771bddbb005d5fbf2019ab7fbd121cb240c4ecf840108,-18539.0,98051.0,-70419.0,77973.0,-137421.0,,0,0,0,0,0,1,1,0,ADV_IND,37,37,15,-1,0,-1,-1,6563,31,8,unknown,APPLE,
2062.6510000000126,f1:bf:62:b8:c6:5c,5cc6b862bff11eff4c00121960454771bddbb005d5fbf2019ab7fbd121cb240c4ecf840108,-16914.0,60226.0,-77198.0,105243.0,-113320.0,,0,0,0,0,0,1,1,0,ADV_IND,37,37,2,-1,0,-1,-1,2847,32,8,unknown,APPLE,
2065.849000000002,c1:0e:a2:92:a5:9b,9ba592a20ec11eff4c001219209497909b0be6327f60fe6f6d9472a430285c3a64c891029f,-36543.0,72865.0,-88239.0,76367.0,-126051.0,,0,0,0,0,0,1,1,0,ADV_IND,37,37,5,-1,0,-1,-1,7728,29,7,unknown,APPLE,
2065.849000000002,c2:3f:78:80:93:f1,f19380783fc21eff4c00121910cc6d0a6b13c12f268f96fc54566b7af550db40055c7200f0,-5387.0,42490.0,-102713.0,78111.0,-90299.0,,0,0,0,0,0,1,1,0,ADV_IND,37,37,8,-1,0,-1,-1,973,31,8,unknown,APPLE,
2067.295000000013,f1:bf:62:b8:c6:5c,5cc6b862bff11eff4c00121960454771bddbb005d5fbf2019ab7fbd121cb240c4ecf840108,-12022.0,105595.0,-67813.0,84255.0,-162553.0,,0,0,0,0,0,1,1,0,ADV_IND,37,37,1,-1,0,-1,-1,1167,32,8,unknown,APPLE,
2067.295000000013,58:f2:14:83:62:9b,9b628314f2580201061916aafe40718f5ebaa741a7c6acec2cb6b708e14ec721bd6015,-16123.0,93673.0,-96185.0,107845.0,-135984.0,,0,0,0,0,0,1,1,0,ADV_IND,35,37,15,-1,0,-1,-1,7139,30,7,unknown,GOOGLE,
2067.7490000000107,c2:3f:78:80:93:f1,f19380783fc21eff4c00121910cc6d0a6b13c12f268f96fc54566b7af550db40055c7200f0,-22605.0,106211.0,-99845.0,98882.0,-137676.0,,0,0,0,0,0,1,1,0,ADV_IND,37,37,7,-1,0,-1,-1,5910,31,8,unknown,APPLE,
2068.5880000000034,fa:1f:fb:bc:6b:bd,bd6bbcfb1ffa1eff4c0012190071cabc4cead57f755ba227c4e3d47ae7bc577751e0400000,-43020.0,76083.0,-92440.0,91036.0,-142301.0,,0,0,0,0,0,1,1,2,ADV_NONCONN_IND,37,37,5,-1,0,-1,-1,7664,32,8,unknown,APPLE,
2068.5880000000034,e2:99:42:32:d3:c8,c8d3324299e21eff4c00121960fad30641791931a24db77f259cf0de897e0d7b7e14030197,-23025.0,62481.0,-108745.0,95242.0,-168569.0,,0,0,0,0,0,1,1,0,ADV_IND,37,37,5,-1,0,-1,-1,1133,31,8,unknown,APPLE,
2068.5880000000034,e6:df:1d:30:2b:33,332b301ddfe61eff4c001219609a01bb3df9e43655016e85285aeb3ad859cbaf66c7e40268,800.0,62645.0,-57488.0,58328.0,-121067.0,,0,0,0,0,0,1,1,0,ADV_IND,37,37,14,-1,0,-1,-1,5221,31,7,unknown,APPLE,
2069.356,58:f2:14:83:62:9b,9b628314f2580201061916aafe40718f5ebaa741a7c6acec2cb6b708e14ec721bd6015,-12222.0,56829.0,-83669.0,97786.0,-102632.0,,0,0,0,0,0,1,1,0,ADV_IND,35,37,13,-1,0,-1,-1,4269,32,8,unknown,GOOGLE,
2070.251000000004,c2:3f:78:80:93:f1,f19380783fc21eff4c00121910cc6d0a6b13c12f268f96fc54566b7af550db40055c7200f0,-11730.0,65634.0,-92686.0,64152.0,-134545.0,,0,0,0,0,0,1,1,0,ADV_IND,37,37,6,-1,0,-1,-1,4038,32,8,unknown,APPLE,
2070.251000000004,ce:f0:a6:d1:cb:a1,a1cbd1a6f0ce1eff4c00121920b33fd078a3d25b8c1a36e363aa59124f98e9c8092edb0109,-29941.0,67958.0,-93219.0,80872.0,-109200.0,,0,0,0,0,0,1,1,0,ADV_IND,37,37,9,-1,0,-1,-1,4306,32,8,unknown,APPLE,
2072.295000000013,c2:3f:78:80:93:f1,f19380783fc21eff4c00121910cc6d0a6b13c12f268f96fc54566b7af550db40055c7200f0,-1847.0,72909.0,-105231.0,77322.0,-118839.0,,0,0,0,0,0,1,1,0,ADV_IND,37,37,0,-1,0,-1,-1,1910,32,8,unknown,APPLE,
2074.076000000001,dd:27:67:8d:21:8f,25666c3cf5f41eff4c00121910c4ae7bedf14240cd85e38faa329cbbc7be0f299a6ed703d6,-10284.0,71019.0,-126416.0,71341.0,-142770.0,,0,0,0,0,0,1,1,0,ADV_IND,37,37,9,-1,0,-1,-1,978,31,7,unknown,APPLE,f4:f5:3c:6c:66:25
2074.076000000001,fa:1f:fb:bc:6b:bd,bd6bbcfb1ffa1eff4c0012190071cabc4cead57f755ba227c4e3d47ae7bc577751e0400000,-9286.0,57601.0,-97855.0,68674.0,-126679.0,,0,0,0,0,0,1,1,2,ADV_NONCONN_IND,37,37,1,-1,0,-1,-1,5148,30,8,unknown,APPLE,
2074.076000000001,f4:ae:1a:86:aa:56,56aa861aaef41eff4c00121920caee01a2d6d1be387a39cc7b5b93dbfa8ecdb4e274d401a7,-31091.0,114354.0,-111241.0,90645.0,-139412.0,,0,0,0,0,0,1,1,0,ADV_IND,37,37,4,-1,0,-1,-1,7187,29,7,unknown,APPLE,
2075.8060000000114,ce:f0:a6:d1:cb:a1,a1cbd1a6f0ce1eff4c00121920b33fd078a3d25b8c1a36e363aa59124f98e9c8092edb0109,-37294.0,51942.0,-82059.0,65711.0,-119629.0,,0,0,0,0,0,1,1,0,ADV_IND,37,37,7,-1,0,-1,-1,4581,32,8,unknown,APPLE,
2077.475000000006,e2:99:42:32:d3:c8,c8d3324299e21eff4c00121960fad30641791931a24db77f259cf0de897e0d7b7e14030197,-31997.0,84265.0,-121639.0,83038.0,-169528.0,,0,0,0,0,0,1,1,0,ADV_IND,37,37,11,-1,0,-1,-1,3753,32,8,unknown,APPLE,
2079.102000000013,58:f2:14:83:62:9b,9b628314f2580201061916aafe40718f5ebaa741a7c6acec2cb6b708e14ec721bd6015,-4735.0,90777.0,-95969.0,90500.0,-107259.0,,0,0,0,0,0,1,1,0,ADV_IND,35,37,3,-1,0,-1,-1,5644,32,8,unknown,GOOGLE,
2079.102000000013,d3:56:13:ec:79:cc,cc79ec1356d31eff4c00121920c8802ca1845b23da19751fb9e5efd23bb6fad2f5aad80245,-23800.0,74766.0,-100596.0,95473.0,-145386.0,,0,0,0,0,0,1,1,0,ADV_IND,37,37,1,-1,0,-1,-1,6513,32,8,unknown,APPLE,
2081.9870000000083,dd:93:db:99:9b:1f,1f9b99db93dd1eff4c001219109e8369ee382f08e9d901178d878debf815cfcecebcb300d8,-34588.0,120410.0,-100183.0,81999.0,-144307.0,,0,0,0,0,0,1,1,0,ADV_IND,37,37,7,-1,0,-1,-1,3300,32,8,unknown,APPLE,
2081.9870000000083,e0:76:51:24:1b:d0,d01b245176e01eff4c00121900bb34e40069e9ac08ae750f00cf52fac5ecf2ca4e6bab0000,-25352.0,69742.0,-97218.0,80098.0,-129241.0,,0,0,0,0,0,1,1,2,ADV_NONCONN_IND,37,37,14,-1,0,-1,-1,5026,32,8,unknown,APPLE,
2081.9870000000083,58:f2:14:83:62:9b,9b628314f2580201061916aafe40718f5ebaa741a7c6acec2cb6b708e14ec721bd6015,-18435.0,75271.0,-87361.0,79853.0,-97945.0,,0,0,0,0,0,1,1,0,ADV_IND,35,37,14,-1,0,-1,-1,1814,32,8,unknown,GOOGLE,
2084.784,f4:ae:1a:86:aa:56,56aa861aaef41eff4c00121920caee01a2d6d1be387a39cc7b5b93dbfa8ecdb4e274d401a7,-30846.0,86729.0,-94375.0,93931.0,-99298.0,,0,0,0,0,0,1,1,0,ADV_IND,37,37,13,-1,0,-1,-1,1745,32,7,unknown,APPLE,
2084.784,c2:3f:78:80:93:f1,f19380783fc21eff4c00121910cc6d0a6b13c12f268f96fc54566b7af550db40055c7200f0,-13948.0,81532.0,-123554.0,95655.0,-143723.0,,0,0,0,0,0,1,1,0,ADV_IND,37,37,13,-1,0,-1,-1,1940,31,7,unknown,APPLE,
2086.6640000000043,c1:0e:a2:92:a5:9b,9ba592a20ec11eff4c001219209497909b0be6327f60fe6f6d9472a430285c3a64c891029f,-30405.0,72013.0,-91847.0,82367.0,-143382.0,,0,0,0,0,0,1,1,0,ADV_IND,37,37,14,-1,0,-1,-1,3819,30,7,unknown,APPLE,
2086.8820000000123,d3:56:13:ec:79:cc,cc79ec1356d31eff4c00121920c8802ca1845b23da19751fb9e5efd23bb6fad2f5aad80245,-19332.0,63793.0,-86656.0,101314.0,-146910.0,,0,0,0,0,0,1,1,0,ADV_IND,37,37,5,-1,0,-1,-1,4020,32,8,unknown,APPLE,
2086.8820000000123,c2:3f:78:80:93:f1,f19380783fc21eff4c00121910cc6d0a6b13c12f268f96fc54566b7af550db40055c7200f0,-26292.0,86667.0,-87216.0,75547.0,-161136.0,,0,0,0,0,0,1,1,0,ADV_IND,37,37,9,-1,0,-1,-1,6558,32,8,unknown,APPLE,
2086.8820000000123,dd:93:db:99:9b:1f,1f9b99db93dd1eff4c001219109e8369ee382f08e9d901178d878debf815cfcecebcb300d8,-29340.0,122642.0,-123379.0,92383.0,-152456.0,,0,0,0,0,0,1,1,0,ADV_IND,37,37,0,-1,0,-1,-1,5164,32,8,unknown,APPLE,
2087.357000000004,58:f2:14:83:62:9b,9b628314f2580201061916aafe40718f5ebaa741a7c6acec2cb6b708e14ec721bd6015,-8290.0,80847.0,-105179.0,109823.0,-136841.0,,0,0,0,0,0,1,1,0,ADV_IND,35,37,10,-1,0,-1,-1,1376,32,8,unknown,GOOGLE,
2087.357000000004,c1:0e:a2:92:a5:9b,9ba592a20ec11eff4c001219209497909b0be6327f60fe6f6d9472a430285c3a64c891029f,-39099.0,83594.0,-102048.0,81094.0,-132441.0,,0,0,0,0,0,1,1,0,ADV_IND,37,37,3,-1,0,-1,-1,4325,32,8,unknown,APPLE,
2090.439000000013,58:f2:14:83:62:9b,9b628314f2580201061916aafe40718f5ebaa741a7c6acec2cb6b708e14ec721bd6015,-29178.0,79555.0,-82450.0,76379.0,-89154.0,,0,0,0,0,0,1,1,0,ADV_IND,35,37,11,-1,0,-1,-1,4692,32,8,unknown,GOOGLE,
2090.439000000013,c2:3f:78:80:93:f1,f19380783fc21eff4c00121910cc6d0a6b13c12f268f96fc54566b7af550db40055c7200f0,-20865.0,87161.0,-85169.0,77693.0,-141835.0,,0,0,0,0,0,1,1,0,ADV_IND,37,37,2,-1,0,-1,-1,7411,32,8,unknown,APPLE,
2092.6670000000013,f4:ae:1a:86:aa:56,56aa861aaef41eff4c00121920caee01a2d6d1be387a39cc7b5b93dbfa8ecdb4e274d401a7,-13164.0,87017.0,-94655.0,73093.0,-111763.0,,0,0,0,0,0,1,1,0,ADV_IND,37,37,6,-1,0,-1,-1,1139,32,8,unknown,APPLE,
2092.6670000000013,58:f2:14:83:62:9b,9b628314f2580201061916aafe40718f5ebaa741a7c6acec2cb6b708e14ec721bd6015,-18175.0,105339.0,-78319.0,94779.0,-141584.0,,0,0,0,0,0,1,1,0,ADV_IND,35,37,5,-1,0,-1,-1,7717,32,8,unknown,GOOGLE,
2094.3899999999994,c2:3f:78:80:93:f1,f19380783fc21eff4c00121910cc6d0a6b13c12f268f96fc54566b7af550db40055c7200f0,-19771.0,48014.0,-107528.0,85260.0,-101732.0,,0,0,0,0,0,1,1,0,ADV_IND,37,37,15,-1,0,-1,-1,4538,32,8,unknown,APPLE,
2094.3899999999994,58:f2:14:83:62:9b,9b628314f2580201061916aafe40718f5ebaa741a7c6acec2cb6b708e14ec721bd6015,-20641.0,82573.0,-86298.0,100444.0,-115717.0,,0,0,0,0,0,1,1,0,ADV_IND,35,37,5,-1,0,-1,-1,6406,32,8,unknown,GOOGLE,
2095.9070000000065,e6:df:1d:30:2b:33,332b301ddfe61eff4c001219609a01bb3df9e43655016e85285aeb3ad859cbaf66c7e40268,-13277.0,70405.0,-86114.0,95122.0,-132166.0,,0,0,0,0,0,1,1,0,ADV_IND,37,37,3,-1,0,-1,-1,5707,31,7,unknown,APPLE,
2097.9100000000035,58:f2:14:83:62:9b,9b628314f2580201061916aafe40718f5ebaa741a7c6acec2cb6b708e14ec721bd6015,-9323.0,62964.0,-86251.0,98512.0,-102594.0,,0,0,0,0,0,1,1,0,ADV_IND,35,37,4,-1,0,-1,-1,7245,32,8,unknown,GOOGLE,
2099.930000000008,f4:ae:1a:86:aa:56,56aa861aaef41eff4c00121920caee01a2d6d1be387a39cc7b5b93dbfa8ecdb4e274d401a7,-28806.0,102571.0,-106643.0,109545.0,-140632.0,,0,0,0,0,0,1,1,0,ADV_IND,37,37,10,-1,0,-1,-1,5481,31,7,unknown,APPLE,
2099.930000000008,d3:56:13:ec:79:cc,cc79ec1356d31eff4c00121920c8802ca1845b23da19751fb9e5efd23bb6fad2f5aad80245,-25970.0,71790.0,-96736.0,76480.0,-147953.0,,0,0,0,0,0,1,1,0,ADV_IND,37,37,14,-1,0,-1,-1,1467,31,8,unknown,APPLE,
2099.930000000008,dd:93:db:99:9b:1f,1f9b99db93dd1eff4c001219109e8369ee382f08e9d901178d878debf815cfcecebcb300d8,-20227.0,119774.0,-103905.0,77614.0,-154298.0,,0,0,0,0,0,1,1,0,ADV_IND,37,37,6,-1,0,-1,-1,5063,31,8,unknown,APPLE,
2099.930000000008,58:f2:14:83:62:9b,9b628314f2580201061916aafe40718f5ebaa741a7c6acec2cb6b708e14ec721bd6015,-20543.0,77481.0,-91129.0,88860.0,-97590.0,,0,0,0,0,0,1,1,0,ADV_IND,35,37,6,-1,0,-1,-1,4750,32,8,unknown,GOOGLE,
2102.0060000000085,fa:1f:fb:bc:6b:bd,25666c3cf5f41eff4c00121910c4ae7bedf14240cd85e38faa329cbbc7be0f299a6ed703d6,-13066.0,61022.0,-118795.0,75495.0,-140541.0,,0,0,0,0,0,1,1,0,ADV_IND,37,37,14,-1,0,-1,-1,1013,32,8,unknown,APPLE,f4:f5:3c:6c:66:25
2102.0060000000085,dd:93:db:99:9b:1f,1f9b99db93dd1eff4c001219109e8369ee382f08e9d901178d878debf815cfcecebcb300d8,-15172.0,91396.0,-93707.0,81138.0,-141478.0,,0,0,0,0,0,1,1,0,ADV_IND,37,37,13,-1,0,-1,-1,3219,32,7,unknown,APPLE,
2103.9600000000064,e6:df:1d:30:2b:33,332b301ddfe61eff4c001219609a01bb3df9e43655016e85285aeb3ad859cbaf66c7e40268,-350.0,78160.0,-69785.0,98648.0,-145383.0,,0,0,0,0,0,1,1,0,ADV_IND,37,37,15,-1,0,-1,-1,6466,32,7,unknown,APPLE,
2107.879000000001,58:f2:14:83:62:9b,9b628314f2580201061916aafe40718f5ebaa741a7c6acec2cb6b708e14ec721bd6015,-21362.0,80229.0,-80001.0,100191.0,-130336.0,,0,0,0,0,0,1,1,0,ADV_IND,35,37,0,-1,0,-1,-1,5467,32,8,unknown,GOOGLE,
2109.774000000005,d3:56:13:ec:79:cc,cc79ec1356d31eff4c00121920c8802ca1845b23da19751fb9e5efd23bb6fad2f5aad80245,-38161.0,63165.0,-104386.0,98764.0,-121163.0,,0,0,0,0,0,1,1,0,ADV_IND,37,37,2,-1,0,-1,-1,5650,32,7,unknown,APPLE,
2111.646000000008,c1:0e:a2:92:a5:9b,9ba592a20ec11eff4c001219209497909b0be6327f60fe6f6d9472a430285c3a64c891029f,-25589.0,74527.0,-90674.0,41472.0,-112539.0,,0,0,0,0,0,1,1,0,ADV_IND,37,37,3,-1,0,-1,-1,6364,31,7,unknown,APPLE,
2116.467000000004,c2:3f:78:80:93:f1,f19380783fc21eff4c00121910cc6d0a6b13c12f268f96fc54566b7af550db40055c7200f0,-28435.0,82746.0,-87128.0,88310.0,-121615.0,,0,0,0,0,0,1,1,0,ADV_IND,37,37,7,-1,0,-1,-1,7846,31,8,unknown,APPLE,
2118.018000000011,f1:bf:62:b8:c6:5c,5cc6b862bff11eff4c00121960454771bddbb005d5fbf2019ab7fbd121cb240c4ecf840108,6371.0,66257.0,-96359.0,104428.0,-119432.0,,0,0,0,0,0,1,1,0,ADV_IND,37,37,8,-1,0,-1,-1,1084,32,8,unknown,APPLE,
2118.018000000011,dd:93:db:99:9b:1f,1f9b99db93dd1eff4c001219109e8369ee382f08e9d901178d878debf815cfcecebcb300d8,-23712.0,76515.0,-82768.0,74428.0,-147197.0,,0,0,0,0,0,1,1,0,ADV_IND,37,37,3,-1,0,-1,-1,7669,32,8,unknown,APPLE,
2118.018000000011,c1:0e:a2:92:a5:9b,9ba592a20ec11eff4c001219209497909b0be6327f60fe6f6d9472a430285c3a64c891029f,-44631.0,82947.0,-91432.0,88829.0,-120055.0,,0,0,0,0,0,1,1,0,ADV_IND,37,37,1,-1,0,-1,-1,1694,32,8,unknown,APPLE,
2118.018000000011,fa:1f:fb:bc:6b:bd,25666c3cf5f41eff4c00121910c4ae7bedf14240cd85e38faa329cbbc7be0f299a6ed703d6,-30007.0,73581.0,-104781.0,74617.0,-149982.0,,0,0,0,0,0,1,1,0,ADV_IND,37,37,0,-1,0,-1,-1,2891,32,7,unknown,APPLE,f4:f5:3c:6c:66:25
2121.0149999999994,58:f2:14:83:62:9b,9b628314f2580201061916aafe40718f5ebaa741a7c6acec2cb6b708e14ec721bd6015,-15736.0,71102.0,-94668.0,111687.0,-137187.0,,0,0,0,0,0,1,1,0,ADV_IND,35,37,13,-1,0,-1,-1,1087,32,8,unknown,GOOGLE,
2121.0149999999994,c2:3f:78:80:93:f1,f19380783fc21eff4c00121910cc6d0a6b13c12f268f96fc54566b7af550db40055c7200f0,-11911.0,61265.0,-105157.0,78398.0,-86632.0,,0,0,0,0,0,1,1,0,ADV_IND,37,37,8,-1,0,-1,-1,1537,32,8,unknown,APPLE,
2121.0149999999994,f1:bf:62:b8:c6:5c,5cc6b862bff11eff4c00121960454771bddbb005d5fbf2019ab7fbd121cb240c4ecf840108,-5905.0,79971.0,-82195.0,110462.0,-156704.0,,0,0,0,0,0,1,1,0,ADV_IND,37,37,14,-1,0,-1,-1,1409,32,8,unknown,APPLE,
2122.027000000002,c2:3f:78:80:93:f1,f19380783fc21eff4c00121910cc6d0a6b13c12f268f96fc54566b7af550db40055c7200f0,-23767.0,76205.0,-92710.0,72480.0,-133090.0,,0,0,0,0,0,1,1,0,ADV_IND,37,37,1,-1,0,-1,-1,2858,32,8,unknown,APPLE,
2123.699000000008,58:f2:14:83:62:9b,9b628314f2580201061916aafe40718f5ebaa741a7c6acec2cb6b708e14ec721bd6015,-18706.0,58945.0,-86411.0,118690.0,-111882.0,,0,0,0,0,0,1,1,0,ADV_IND,35,37,1,-1,0,-1,-1,5636,32,8,unknown,GOOGLE,
2125.501000000004,58:f2:14:83:62:9b,9b628314f2580201061916aafe40718f5ebaa741a7c6acec2cb6b708e14ec721bd6015,-25671.0,82991.0,-82109.0,86269.0,-97648.0,,0,0,0,0,0,1,1,0,ADV_IND,35,37,2,-1,0,-1,-1,7735,32,8,unknown,GOOGLE,
2125.501000000004,f4:ae:1a:86:aa:56,56aa861aaef41eff4c00121920caee01a2d6d1be387a39cc7b5b93dbfa8ecdb4e274d401a7,-19266.0,90590.0,-97981.0,62940.0,-108915.0,,0,0,0,0,0,1,1,0,ADV_IND,37,37,15,-1,0,-1,-1,7720,32,8,unknown,APPLE,
2125.501000000004,c1:0e:a2:92:a5:9b,9ba592a20ec11eff4c001219209497909b0be6327f60fe6f6d9472a430285c3a64c891029f,-32693.0,89811.0,-87069.0,67420.0,-126165.0,,0,0,0,0,0,1,1,0,ADV_IND,37,37,12,-1,0,-1,-1,4395,30,7,unknown,APPLE,
2125.501000000004,f1:bf:62:b8:c6:5c,5cc6b862bff11eff4c00121960454771bddbb005d5fbf2019ab7fbd121cb240c4ecf840108,22698.0,90918.0,-97918.0,100824.0,-142586.0,,0,0,0,0,0,1,1,0,ADV_IND,37,37,5,-1,0,-1,-1,5422,31,8,unknown,APPLE,
2127.041000000012,d3:56:13:ec:79:cc,cc79ec1356d31eff4c00121920c8802ca1845b23da19751fb9e5efd23bb6fad2f5aad80245,-40769.0,96995.0,-92104.0,90059.0,-144173.0,,0,0,0,0,0,1,1,0,ADV_IND,37,37,7,-1,0,-1,-1,1185,32,7,unknown,APPLE,
2128.893000000011,d3:56:13:ec:79:cc,cc79ec1356d31eff4c00121920c8802ca1845b23da19751fb9e5efd23bb6fad2f5aad80245,-32480.0,69093.0,-80386.0,85003.0,-122973.0,,0,0,0,0,0,1,1,0,ADV_IND,37,37,7,-1,0,-1,-1,3089,32,8,unknown,APPLE,
2130.452000000005,58:f2:14:83:62:9b,9b628314f2580201061916aafe40718f5ebaa741a7c6acec2cb6b708e14ec721bd6015,-12218.0,66683.0,-83411.0,77386.0,-93895.0,,0,0,0,0,0,1,1,0,ADV_IND,35,37,11,-1,0,-1,-1,3043,32,8,unknown,GOOGLE,
2131.701000000001,58:f2:14:83:62:9b,9b628314f2580201061916aafe40718f5ebaa741a7c6acec2cb6b708e14ec721bd6015,-13680.0,75873.0,-92716.0,80769.0,-89630.0,,0,0,0,0,0,1,1,0,ADV_IND,35,37,13,-1,0,-1,-1,3159,32,7,unknown,GOOGLE,
2133.048999999999,58:f2:14:83:62:9b,9b628314f2580201061916aafe40718f5ebaa741a7c6acec2cb6b708e14ec721bd6015,-25501.0,49204.0,-88903.0,105688.0,-106049.0,,0,0,0,0,0,1,1,0,ADV_IND,35,37,5,-1,0,-1,-1,1741,32,7,unknown,GOOGLE,
2134.698000000004,c2:3f:78:80:93:f1,f19380783fc21eff4c00121910cc6d0a6b13c12f268f96fc54566b7af550db40055c7200f0,-28417.0,92426.0,-94589.0,83625.0,-133718.0,,0,0,0,0,0,1,1,0,ADV_IND,37,37,12,-1,0,-1,-1,5548,32,8,unknown,APPLE,
2134.698000000004,f1:bf:62:b8:c6:5c,5cc6b862bff11eff4c00121960454771bddbb005d5fbf2019ab7fbd121cb240c4ecf840108,16474.0,84581.0,-83921.0,98023.0,-155512.0,,0,0,0,0,0,1,1,0,ADV_IND,37,37,0,-1,0,-1,-1,3881,32,8,unknown,APPLE,
2134.698000000004,fa:1f:fb:bc:6b:bd,25666c3cf5f41eff4c00121910c4ae7bedf14240cd85e38faa329cbbc7be0f299a6ed703d6,-27484.0,85447.0,-104611.0,83714.0,-140309.0,,0,0,0,0,0,1,1,0,ADV_IND,37,37,11,-1,0,-1,-1,968,32,8,unknown,APPLE,f4:f5:3c:6c:66:25
2139.075000000012,c2:3f:78:80:93:f1,f19380783fc21eff4c00121910cc6d0a6b13c12f268f96fc54566b7af550db40055c7200f0,-11414.0,54113.0,-94805.0,73220.0,-124420.0,,0,0,0,0,0,1,1,0,ADV_IND,37,37,5,-1,0,-1,-1,5689,32,8,unknown,APPLE,
2139.075000000012,e2:99:42:32:d3:c8,c8d3324299e21eff4c00121960fad30641791931a24db77f259cf0de897e0d7b7e14030197,-6237.0,58191.0,-111825.0,64710.0,-158441.0,,0,0,0,0,0,1,1,0,ADV_IND,37,37,0,-1,0,-1,-1,2954,32,8,unknown,APPLE,
2139.075000000012,f4:ae:1a:86:aa:56,56aa861aaef41eff4c00121920caee01a2d6d1be387a39cc7b5b93dbfa8ecdb4e274d401a7,-34557.0,106360.0,-112056.0,108350.0,-146534.0,,0,0,0,0,0,1,1,0,ADV_IND,37,37,14,-1,0,-1,-1,5323,32,8,unknown,APPLE,
2140.7490000000107,f1:bf:62:b8:c6:5c,5cc6b862bff11eff4c00121960454771bddbb005d5fbf2019ab7fbd121cb240c4ecf840108,25591.0,85990.0,-117299.0,109887.0,-135999.0,,0,0,0,0,0,1,1,0,ADV_IND,37,37,10,-1,0,-1,-1,4574,31,8,unknown,APPLE,
2142.599000000002,fa:1f:fb:bc:6b:bd,bd6bbcfb1ffa1eff4c0012190071cabc4cead57f755ba227c4e3d47ae7bc577751e0400000,-6532.0,80627.0,-119641.0,96643.0,-148128.0,,0,0,0,0,0,1,1,2,ADV_NONCONN_IND,37,37,1,-1,0,-1,-1,1451,30,8,unknown,APPLE,
2142.599000000002,dd:93:db:99:9b:1f,1f9b99db93dd1eff4c001219109e8369ee382f08e9d901178d878debf815cfcecebcb300d8,-18643.0,101155.0,-98328.0,76141.0,-148072.0,,0,0,0,0,0,1,1,0,ADV_IND,37,37,10,-1,0,-1,-1,3084,31,7,unknown,APPLE,
2142.599000000002,c1:0e:a2:92:a5:9b,9ba592a20ec11eff4c001219209497909b0be6327f60fe6f6d9472a430285c3a64c891029f,-42140.0,69129.0,-84630.0,70172.0,-128200.0,,0,0,0,0,0,1,1,0,ADV_IND,37,37,4,-1,0,-1,-1,6653,32,7,unknown,APPLE,
2143.9840000000117,f4:ae:1a:86:aa:56,56aa861aaef41eff4c00121920caee01a2d6d1be387a39cc7b5b93dbfa8ecdb4e274d401a7,-24202.0,97140.0,-97474.0,85449.0,-130639.0,,0,0,0,0,0,1,1,0,ADV_IND,37,37,4,-1,0,-1,-1,3360,31,7,unknown,APPLE,
2145.479000000006,c2:3f:78:80:93:f1,f19380783fc21eff4c00121910cc6d0a6b13c12f268f96fc54566b7af550db40055c7200f0,-23454.0,64528.0,-97273.0,79738.0,-103510.0,,0,0,0,0,0,1,1,0,ADV_IND,37,37,0,-1,0,-1,-1,3661,32,8,unknown,APPLE,
2145.479000000006,58:f2:14:83:62:9b,9b628314f2580201061916aafe40718f5ebaa741a7c6acec2cb6b708e14ec721bd6015,-8036.0,80320.0,-90149.0,91718.0,-121311.0,,0,0,0,0,0,1,1,0,ADV_IND,35,37,6,-1,0,-1,-1,3172,32,8,unknown,GOOGLE,
2145.479000000006,c1:0e:a2:92:a5:9b,9ba592a20ec11eff4c001219209497909b0be6327f60fe6f6d9472a430285c3a64c891029f,-41248.0,84678.0,-96836.0,92806.0,-131200.0,,0,0,0,0,0,1,1,0,ADV_IND,37,37,15,-1,0,-1,-1,1730,32,7,unknown,APPLE,
2146.597000000009,f4:ae:1a:86:aa:56,56aa861aaef41eff4c00121920caee01a2d6d1be387a39cc7b5b93dbfa8ecdb4e274d401a7,-32658.0,89661.0,-97215.0,98150.0,-130490.0,,0,0,0,0,0,1,1,0,ADV_IND,37,37,1,-1,0,-1,-1,4217,32,8,unknown,APPLE,
2149.2340000000117,f4:ae:1a:86:aa:56,56aa861aaef41eff4c00121920caee01a2d6d1be387a39cc7b5b93dbfa8ecdb4e274d401a7,-41398.0,82907.0,-91479.0,93326.0,-106314.0,,0,0,0,0,0,1,1,0,ADV_IND,37,37,4,-1,0,-1,-1,1013,32,8,unknown,APPLE,
2150.747000000003,dd:93:db:99:9b:1f,1f9b99db93dd1eff4c001219109e8369ee382f08e9d901178d878debf815cfcecebcb300d8,-33251.0,102053.0,-94206.0,85777.0,-153093.0,,0,0,0,0,0,1,1,0,ADV_IND,37,37,3,-1,0,-1,-1,2706,32,8,unknown,APPLE,
2150.747000000003,d3:56:13:ec:79:cc,cc79ec1356d31eff4c00121920c8802ca1845b23da19751fb9e5efd23bb6fad2f5aad80245,-20551.0,82525.0,-86377.0,95808.0,-153418.0,,0,0,0,0,0,1,1,0,ADV_IND,37,37,11,-1,0,-1,-1,4790,32,8,unknown,APPLE,
2152.136000000013,fa:1f:fb:bc:6b:bd,25666c3cf5f41eff4c00121910c4ae7bedf14240cd85e38faa329cbbc7be0f299a6ed703d6,-33416.0,69112.0,-95555.0,82408.0,-129803.0,,0,0,0,0,0,1,1,0,ADV_IND,37,37,2,-1,0,-1,-1,3909,32,8,unknown,APPLE,f4:f5:3c:6c:66:25
2154.7600000000093,d3:56:13:ec:79:cc,cc79ec1356d31eff4c00121920c8802ca1845b23da19751fb9e5efd23bb6fad2f5aad80245,-25513.0,82055.0,-102537.0,83027.0,-132491.0,,0,0,0,0,0,1,1,0,ADV_IND,37,37,10,-1,0,-1,-1,4217,32,8,unknown,APPLE,
2154.7600000000093,dd:93:db:99:9b:1f,1f9b99db93dd1eff4c001219109e8369ee382f08e9d901178d878debf815cfcecebcb300d8,-6377.0,87784.0,-103331.0,75552.0,-144263.0,,0,0,0,0,0,1,1,0,ADV_IND,37,37,13,-1,0,-1,-1,5011,31,7,unknown,APPLE,
2155.49500000001,58:f2:14:83:62:9b,9b628314f2580201061916aafe40718f5ebaa741a7c6acec2cb6b708e14ec721bd6015,-9860.0,96702.0,-99791.0,90360.0,-119624.0,,0,0,0,0,0,1,1,0,ADV_IND,35,37,5,-1,0,-1,-1,7355,32,8,unknown,GOOGLE,
2156.9990000000107,f4:ae:1a:86:aa:56,56aa861aaef41eff4c00121920caee01a2d6d1be387a39cc7b5b93dbfa8ecdb4e274d401a7,-16200.0,88336.0,-99737.0,73690.0,-118223.0,,0,0,0,0,0,1,1,0,ADV_IND,37,37,13,-1,0,-1,-1,7340,31,7,unknown,APPLE,
2158.701000000001,dd:93:db:99:9b:1f,1f9b99db93dd1eff4c001219109e8369ee382f08e9d901178d878debf815cfcecebcb300d8,-20821.0,73928.0,-84259.0,59274.0,-132990.0,,0,0,0,0,0,1,1,0,ADV_IND,37,37,6,-1,0,-1,-1,4095,32,7,unknown,APPLE,
2158.701000000001,58:f2:14:83:62:9b,9b628314f2580201061916aafe40718f5ebaa741a7c6acec2cb6b708e14ec721bd6015,-15935.0,109154.0,-88474.0,86833.0,-115144.0,,0,0,0,0,0,1,1,0,ADV_IND,35,37,4,-1,0,-1,-1,1132,31,7,unknown,GOOGLE,
2161.1810000000114,f4:ae:1a:86:aa:56,56aa861aaef41eff4c00121920caee01a2d6d1be387a39cc7b5b93dbfa8ecdb4e274d401a7,-33658.0,80524.0,-101752.0,73036.0,-104374.0,,0,0,0,0,0,1,1,0,ADV_IND,37,37,0,-1,0,-1,-1,6979,32,8,unknown,APPLE,
2162.19200000001,dd:93:db:99:9b:1f,1f9b99db93dd1eff4c001219109e8369ee382f08e9d901178d878debf815cfcecebcb300d8,-22051.0,118783.0,-100100.0,89565.0,-156224.0,,0,0,0,0,0,1,1,0,ADV_IND,37,37,9,-1,0,-1,-1,2038,32,8,unknown,APPLE,
2166.103000000003,58:f2:14:83:62:9b,9b628314f2580201061916aafe40718f5ebaa741a7c6acec2cb6b708e14ec721bd6015,-3433.0,73674.0,-76308.0,95094.0,-131990.0,,0,0,0,0,0,1,1,0,ADV_IND,35,37,0,-1,0,-1,-1,2306,32,8,unknown,GOOGLE,
2166.103000000003,c2:3f:78:80:93:f1,f19380783fc21eff4c00121910cc6d0a6b13c12f268f96fc54566b7af550db40055c7200f0,-21884.0,64514.0,-78449.0,88795.0,-132240.0,,0,0,0,0,0,1,1,0,ADV_IND,37,37,2,-1,0,-1,-1,3574,32,8,unknown,APPLE,
2167.089000000007,58:f2:14:83:62:9b,9b628314f2580201061916aafe40718f5ebaa741a7c6acec2cb6b708e14ec721bd6015,-19696.0,92062.0,-82496.0,97203.0,-114865.0,,0,0,0,0,0,1,1,0,ADV_IND,35,37,13,-1,0,-1,-1,3122,32,8,unknown,GOOGLE,
2168.6810000000114,fa:1f:fb:bc:6b:bd,bd6bbcfb1ffa1eff4c0012190071cabc4cead57f755ba227c4e3d47ae7bc577751e0400000,-15999.0,61260.0,-98710.0,95093.0,-144031.0,,0,0,0,0,0,1,1,2,ADV_NONCONN_IND,37,37,14,-1,0,-1,-1,6328,32,8,unknown,APPLE,
2168.6810000000114,f4:ae:1a:86:aa:56,56aa861aaef41eff4c00121920caee01a2d6d1be387a39cc7b5b93dbfa8ecdb4e274d401a7,-29026.0,91637.0,-95316.0,94716.0,-112713.0,,0,0,0,0,0,1,1,0,ADV_IND,37,37,7,-1,0,-1,-1,4922,32,8,unknown,APPLE,
2168.6810000000114,c2:3f:78:80:93:f1,f19380783fc21eff4c00121910cc6d0a6b13c12f268f96fc54566b7af550db40055c7200f0,-17396.0,73880.0,-96934.0,88766.0,-110199.0,,0,0,0,0,0,1,1,0,ADV_IND,37,37,0,-1,0,-1,-1,5704,31,7,unknown,APPLE,
2169.725000000006,58:f2:14:83:62:9b,9b628314f2580201061916aafe40718f5ebaa741a7c6acec2cb6b708e14ec721bd6015,-22600.0,80891.0,-89633.0,99824.0,-121705.0,,0,0,0,0,0,1,1,0,ADV_IND,35,37,1,-1,0,-1,-1,1320,32,8,unknown,GOOGLE,
2171.148000000001,58:f2:14:83:62:9b,9b628314f2580201061916aafe40718f5ebaa741a7c6acec2cb6b708e14ec721bd6015,-16386.0,87330.0,-96179.0,105756.0,-138602.0,,0,0,0,0,0,1,1,0,ADV_IND,35,37,12,-1,0,-1,-1,1093,32,8,unknown,GOOGLE,
2171.148000000001,f1:bf:62:b8:c6:5c,5cc6b862bff11eff4c00121960454771bddbb005d5fbf2019ab7fbd121cb240c4ecf840108,0.0,79359.0,-100340.0,108401.0,-141511.0,,0,0,0,0,0,1,1,0,ADV_IND,37,37,1,-1,0,-1,-1,7562,32,8,unknown,APPLE,
2175.7850000000035,e6:df:1d:30:2b:33,332b301ddfe61eff4c001219609a01bb3df9e43655016e85285aeb3ad859cbaf66c7e40268,-8672.0,66933.0,-60363.0,82480.0,-123702.0,,0,0,0,0,0,1,1,0,ADV_IND,37,37,11,-1,0,-1,-1,1665,32,7,unknown,APPLE,
2177.619000000006,fa:1f:fb:bc:6b:bd,bd6bbcfb1ffa1eff4c0012190071cabc4cead57f755ba227c4e3d47ae7bc577751e0400000,-15089.0,53871.0,-100129.0,93704.0,-111221.0,,0,0,0,0,0,1,1,2,ADV_NONCONN_IND,37,37,6,-1,0,-1,-1,4732,32,7,unknown,APPLE,
2178.8740000000107,fa:1f:fb:bc:6b:bd,bd6bbcfb1ffa1eff4c0012190071cabc4cead57f755ba227c4e3d47ae7bc577751e0400000,-10364.0,64941.0,-90405.0,63266.0,-149085.0,,0,0,0,0,0,1,1,2,ADV_NONCONN_IND,37,37,13,-1,0,-1,-1,4309,32,8,unknown,APPLE,
2178.8740000000107,e0:76:51:24:1b:d0,d01b245176e01eff4c00121900bb34e40069e9ac08ae750f00cf52fac5ecf2ca4e6bab0000,-8749.0,54881.0,-99093.0,73042.0,-124223.0,,0,0,0,0,0,1,1,2,ADV_NONCONN_IND,37,37,9,-1,0,-1,-1,4363,32,7,unknown,APPLE,
2180.5350000000035,c1:0e:a2:92:a5:9b,9ba592a20ec11eff4c001219209497909b0be6327f60fe6f6d9472a430285c3a64c891029f,-18504.0,84151.0,-93992.0,76916.0,-148839.0,,0,0,0,0,0,1,1,0,ADV_IND,37,37,13,-1,0,-1,-1,1445,32,7,unknown,APPLE,
2182.043000000005,d3:56:13:ec:79:cc,cc79ec1356d31eff4c00121920c8802ca1845b23da19751fb9e5efd23bb6fad2f5aad80245,-21038.0,88645.0,-107153.0,101967.0,-160885.0,,0,0,0,0,0,1,1,0,ADV_IND,37,37,8,-1,0,-1,-1,7168,32,8,unknown,APPLE,
2182.043000000005,ce:f0:a6:d1:cb:a1,a1cbd1a6f0ce1eff4c00121920b33fd078a3d25b8c1a36e363aa59124f98e9c8092edb0109,-36220.0,71030.0,-91657.0,53428.0,-118149.0,,0,0,0,0,0,1,1,0,ADV_IND,37,37,15,-1,0,-1,-1,3786,32,8,unknown,APPLE,
2182.043000000005,f4:ae:1a:86:aa:56,56aa861aaef41eff4c00121920caee01a2d6d1be387a39cc7b5b93dbfa8ecdb4e274d401a7,0.0,85784.0,-96392.0,70954.0,-118048.0,,0,0,0,0,0,1,1,0,ADV_IND,37,37,6,-1,0,-1,-1,3130,32,8,unknown,APPLE,
2183.142000000007,f4:ae:1a:86:aa:56,56aa861aaef41eff4c00121920caee01a2d6d1be387a39cc7b5b93dbfa8ecdb4e274d401a7,-13027.0,87859.0,-110336.0,67828.0,-123035.0,,0,0,0,0,0,1,1,0,ADV_IND,37,37,6,-1,0,-1,-1,5182,32,8,unknown,APPLE,
2185.01400000001,c8:bf:27:a8:92:3a,25666c3cf5f41eff4c00121910c4ae7bedf14240cd85e38faa329cbbc7be0f299a6ed703d6,-9369.0,93651.0,-123479.0,86225.0,-145437.0,,0,0,0,0,0,1,1,0,ADV_IND,37,37,3,-1,0,-1,-1,3077,32,8,unknown,APPLE,f4:f5:3c:6c:66:25
2186.3850000000093,58:f2:14:83:62:9b,9b628314f2580201061916aafe40718f5ebaa741a7c6acec2cb6b708e14ec721bd6015,-17480.0,87197.0,-86822.0,88225.0,-104875.0,,0,0,0,0,0,1,1,0,ADV_IND,35,37,2,-1,0,-1,-1,3071,32,8,unknown,GOOGLE,
2187.438000000009,c1:0e:a2:92:a5:9b,9ba592a20ec11eff4c001219209497909b0be6327f60fe6f6d9472a430285c3a64c891029f,-21608.0,85143.0,-102885.0,87776.0,-136658.0,,0,0,0,0,0,1,1,0,ADV_IND,37,37,7,-1,0,-1,-1,5130,32,8,unknown,APPLE,
2187.438000000009,58:f2:14:83:62:9b,9b628314f2580201061916aafe40718f5ebaa741a7c6acec2cb6b708e14ec721bd6015,-16021.0,84228.0,-80729.0,90989.0,-134544.0,,0,0,0,0,0,1,1,0,ADV_IND,35,37,15,-1,0,-1,-1,3771,32,7,unknown,GOOGLE,
2188.3600000000006,dd:93:db:99:9b:1f,1f9b99db93dd1eff4c001219109e8369ee382f08e9d901178d878debf815cfcecebcb300d8,-29378.0,87773.0,-89637.0,76893.0,-146240.0,,0,0,0,0,0,1,1,0,ADV_IND,37,37,12,-1,0,-1,-1,5899,32,8,unknown,APPLE,
2189.1100000000006,f4:ae:1a:86:aa:56,56aa861aaef41eff4c00121920caee01a2d6d1be387a39cc7b5b93dbfa8ecdb4e274d401a7,-21328.0,96175.0,-84281.0,64971.0,-136223.0,,0,0,0,0,0,1,1,0,ADV_IND,37,37,0,-1,0,-1,-1,5237,32,8,unknown,APPLE,
2192.0,58:f2:14:83:62:9b,9b628314f2580201061916aafe40718f5ebaa741a7c6acec2cb6b708e14ec721bd6015,-16637.0,73117.0,-78153.0,76022.0,-121483.0,,0,0,0,0,0,1,1,0,ADV_IND,35,37,0,-1,0,-1,-1,7709,32,8,unknown,GOOGLE,
2194.1370000000024,ce:f0:a6:d1:cb:a1,a1cbd1a6f0ce1eff4c00121920b33fd078a3d25b8c1a36e363aa59124f98e9c8092edb0109,-25648.0,81367.0,-102238.0,67952.0,-117686.0,,0,0,0,0,0,1,1,0,ADV_IND,37,37,4,-1,0,-1,-1,4180,28,7,unknown,APPLE,
2194.1370000000024,58:f2:14:83:62:9b,9b628314f2580201061916aafe40718f5ebaa741a7c6acec2cb6b708e14ec721bd6015,-30388.0,75092.0,-80097.0,76719.0,-116272.0,,0,0,0,0,0,1,1,0,ADV_IND,35,37,8,-1,0,-1,-1,2502,32,8,unknown,GOOGLE,
2195.7830000000104,f4:ae:1a:86:aa:56,56aa861aaef41eff4c00121920caee01a2d6d1be387a39cc7b5b93dbfa8ecdb4e274d401a7,-13702.0,97588.0,-101766.0,77259.0,-131330.0,,0,0,0,0,0,1,1,0,ADV_IND,37,37,8,-1,0,-1,-1,6098,32,8,unknown,APPLE,
2195.7830000000104,58:f2:14:83:62:9b,9b628314f2580201061916aafe40718f5ebaa741a7c6acec2cb6b708e14ec721bd6015,-13400.0,78177.0,-100753.0,102711.0,-125630.0,,0,0,0,0,0,1,1,0,ADV_IND,35,37,14,-1,0,-1,-1,6378,32,8,unknown,GOOGLE,
2199.4660000000003,c2:3f:78:80:93:f1,f19380783fc21eff4c00121910cc6d0a6b13c12f268f96fc54566b7af550db40055c7200f0,-7982.0,66037.0,-106561.0,81721.0,-127709.0,,0,0,0,0,0,1,1,0,ADV_IND,37,37,1,-1,0,-1,-1,1867,31,8,unknown,APPLE,
2201.5050000000047,c8:bf:27:a8:92:3a,25666c3cf5f41eff4c00121910c4ae7bedf14240cd85e38faa329cbbc7be0f299a6ed703d6,-20860.0,102497.0,-102763.0,87643.0,-154505.0,,0,0,0,0,0,1,1,0,ADV_IND,37,37,8,-1,0,-1,-1,1724,31,8,unknown,APPLE,f4:f5:3c:6c:66:25
2203.625,58:f2:14:83:62:9b,9b628314f2580201061916aafe40718f5ebaa741a7c6acec2cb6b708e14ec721bd6015,-22845.0,91592.0,-89472.0,100376.0,-135771.0,,0,0,0,0,0,1,1,0,ADV_IND,35,37,11,-1,0,-1,-1,4941,29,8,unknown,GOOGLE,
2205.1370000000024,c2:3f:78:80:93:f1,f19380783fc21eff4c00121910cc6d0a6b13c12f268f96fc54566b7af550db40055c7200f0,-32332.0,95506.0,-85995.0,74687.0,-140041.0,,0,0,0,0,0,1,1,0,ADV_IND,37,37,11,-1,0,-1,-1,3401,31,8,unknown,APPLE,
2206.9010000000126,c1:0e:a2:92:a5:9b,9ba592a20ec11eff4c001219209497909b0be6327f60fe6f6d9472a430285c3a64c891029f,-26930.0,64864.0,-96233.0,95846.0,-147312.0,,0,0,0,0,0,1,1,0,ADV_IND,37,37,13,-1,0,-1,-1,5363,32,8,unknown,APPLE,
2212.4560000000056,c2:3f:78:80:93:f1,f19380783fc21eff4c00121910cc6d0a6b13c12f268f96fc54566b7af550db40055c7200f0,-23426.0,68587.0,-115096.0,91287.0,-104272.0,,0,0,0,0,0,1,1,0,ADV_IND,37,37,9,-1,0,-1,-1,3420,32,8,unknown,APPLE,
2213.269,f4:ae:1a:86:aa:56,56aa861aaef41eff4c00121920caee01a2d6d1be387a39cc7b5b93dbfa8ecdb4e274d401a7,-24176.0,80961.0,-92505.0,77132.0,-109697.0,,0,0,0,0,0,1,1,0,ADV_IND,37,37,1,-1,0,-1,-1,4590,32,8,unknown,APPLE,
2214.938000000009,f1:bf:62:b8:c6:5c,5cc6b862bff11eff4c00121960454771bddbb005d5fbf2019ab7fbd121cb240c4ecf840108,-11050.0,92232.0,-72495.0,108571.0,-151789.0,,0,0,0,0,0,1,1,0,ADV_IND,37,37,6,-1,0,-1,-1,7671,30,8,unknown,APPLE,
2216.793000000005,f4:ae:1a:86:aa:56,56aa861aaef41eff4c00121920caee01a2d6d1be387a39cc7b5b93dbfa8ecdb4e274d401a7,-15869.0,115465.0,-94377.0,73797.0,-155018.0,,0,0,0,0,0,1,1,0,ADV_IND,37,37,4,-1,0,-1,-1,5742,32,8,unknown,APPLE,
2219.125,c8:bf:27:a8:92:3a,25666c3cf5f41eff4c00121910c4ae7bedf14240cd85e38faa329cbbc7be0f299a6ed703d6,-18592.0,89810.0,-94585.0,79313.0,-136776.0,,0,0,0,0,0,1,1,0,ADV_IND,37,37,2,-1,0,-1,-1,5920,32,8,unknown,APPLE,f4:f5:3c:6c:66:25
2219.125,dd:93:db:99:9b:1f,1f9b99db93dd1eff4c001219109e8369ee382f08e9d901178d878debf815cfcecebcb300d8,-32408.0,85696.0,-104693.0,65980.0,-129146.0,,0,0,0,0,0,1,1,0,ADV_IND,37,37,15,-1,0,-1,-1,2768,31,7,unknown,APPLE,
2221.099000000002,f4:ae:1a:86:aa:56,56aa861aaef41eff4c00121920caee01a2d6d1be387a39cc7b5b93dbfa8ecdb4e274d401a7,-9448.0,121211.0,-136648.0,105593.0,-137843.0,,0,0,0,0,0,1,1,0,ADV_IND,37,37,6,-1,0,-1,-1,1189,32,7,unknown,APPLE,
2221.099000000002,58:f2:14:83:62:9b,9b628314f2580201061916aafe40718f5ebaa741a7c6acec2cb6b708e14ec721bd6015,-15567.0,63797.0,-72234.0,85645.0,-103358.0,,0,0,0,0,0,1,1,0,ADV_IND,35,37,9,-1,0,-1,-1,1922,32,8,unknown,GOOGLE,
2222.936000000001,dd:93:db:99:9b:1f,1f9b99db93dd1eff4c001219109e8369ee382f08e9d901178d878debf815cfcecebcb300d8,-21200.0,89719.0,-91067.0,83880.0,-142374.0,,0,0,0,0,0,1,1,0,ADV_IND,37,37,2,-1,0,-1,-1,6202,32,8,unknown,APPLE,
2230.1900000000023,e2:99:42:32:d3:c8,c8d3324299e21eff4c00121960fad30641791931a24db77f259cf0de897e0d7b7e14030197,-25132.0,71326.0,-111877.0,76593.0,-166436.0,,0,0,0,0,0,1,1,0,ADV_IND,37,37,14,-1,0,-1,-1,6782,32,8,unknown,APPLE,
2230.1900000000023,c2:3f:78:80:93:f1,f19380783fc21eff4c00121910cc6d0a6b13c12f268f96fc54566b7af550db40055c7200f0,-8721.0,82465.0,-87523.0,62050.0,-156985.0,,0,0,0,0,0,1,1,0,ADV_IND,37,37,2,-1,0,-1,-1,3005,31,7,unknown,APPLE,
2231.7390000000014,58:f2:14:83:62:9b,9b628314f2580201061916aafe40718f5ebaa741a7c6acec2cb6b708e14ec721bd6015,-16920.0,61182.0,-87742.0,94635.0,-95065.0,,0,0,0,0,0,1,1,0,ADV_IND,35,37,9,-1,0,-1,-1,4068,32,8,unknown,GOOGLE,
2231.7390000000014,f4:ae:1a:86:aa:56,56aa861aaef41eff4c00121920caee01a2d6d1be387a39cc7b5b93dbfa8ecdb4e274d401a7,-31278.0,125037.0,-127136.0,99485.0,-142741.0,,0,0,0,0,0,1,1,0,ADV_IND,37,37,10,-1,0,-1,-1,5460,32,7,unknown,APPLE,
2233.425000000003,e2:99:42:32:d3:c8,c8d3324299e21eff4c00121960fad30641791931a24db77f259cf0de897e0d7b7e14030197,-55756.0,52499.0,-119496.0,115264.0,-148404.0,,0,0,0,0,0,1,1,0,ADV_IND,37,37,5,-1,0,-1,-1,3361,32,8,unknown,APPLE,
2233.425000000003,dd:93:db:99:9b:1f,1f9b99db93dd1eff4c001219109e8369ee382f08e9d901178d878debf815cfcecebcb300d8,-23784.0,118901.0,-108132.0,85195.0,-158307.0,,0,0,0,0,0,1,1,0,ADV_IND,37,37,6,-1,0,-1,-1,7189,30,7,unknown,APPLE,
2236.9080000000104,f1:bf:62:b8:c6:5c,5cc6b862bff11eff4c00121960454771bddbb005d5fbf2019ab7fbd121cb240c4ecf840108,-14629.0,72865.0,-70997.0,90620.0,-111375.0,,0,0,0,0,0,1,1,0,ADV_IND,37,37,1,-1,0,-1,-1,1716,32,8,unknown,APPLE,
2242.4050000000134,d2:d7:27:15:6d:b2,25666c3cf5f41eff4c00121910c4ae7bedf14240cd85e38faa329cbbc7be0f299a6ed703d6,-34071.0,73039.0,-101289.0,75074.0,-128561.0,,0,0,0,0,0,1,1,0,ADV_IND,37,37,3,-1,0,-1,-1,7786,32,8,unknown,APPLE,f4:f5:3c:6c:66:25
2245.377000000008,f4:ae:1a:86:aa:56,56aa861aaef41eff4c00121920caee01a2d6d1be387a39cc7b5b93dbfa8ecdb4e274d401a7,-34831.0,96604.0,-107426.0,95056.0,-133475.0,,0,0,0,0,0,1,1,0,ADV_IND,37,37,2,-1,0,-1,-1,7938,32,7,unknown,APPLE,
2246.8510000000097,c2:3f:78:80:93:f1,f19380783fc21eff4c00121910cc6d0a6b13c12f268f96fc54566b7af550db40055c7200f0,-25265.0,84160.0,-81381.0,84205.0,-150698.0,,0,0,0,0,0,1,1,0,ADV_IND,37,37,15,-1,0,-1,-1,7870,31,8,unknown,APPLE,
2249.4000000000087,e2:99:42:32:d3:c8,c8d3324299e21eff4c00121960fad30641791931a24db77f259cf0de897e0d7b7e14030197,-23914.0,59315.0,-108925.0,102075.0,-165642.0,,0,0,0,0,0,1,1,0,ADV_IND,37,37,14,-1,0,-1,-1,6374,31,7,unknown,APPLE,
2249.4000000000087,f1:bf:62:b8:c6:5c,5cc6b862bff11eff4c00121960454771bddbb005d5fbf2019ab7fbd121cb240c4ecf840108,2842.0,56752.0,-88933.0,100712.0,-109586.0,,0,0,0,0,0,1,1,0,ADV_IND,37,37,0,-1,0,-1,-1,3981,32,8,unknown,APPLE,
2250.870999999999,c1:0e:a2:92:a5:9b,9ba592a20ec11eff4c001219209497909b0be6327f60fe6f6d9472a430285c3a64c891029f,-27455.0,58179.0,-88778.0,87217.0,-134938.0,,0,0,0,0,0,1,1,0,ADV_IND,37,37,9,-1,0,-1,-1,1647,32,8,unknown,APPLE,
2252.295000000013,e2:99:42:32:d3:c8,c8d3324299e21eff4c00121960fad30641791931a24db77f259cf0de897e0d7b7e14030197,-21432.0,57813.0,-113896.0,92701.0,-177421.0,,0,0,0,0,0,1,1,0,ADV_IND,37,37,15,-1,0,-1,-1,2055,32,8,unknown,APPLE,
2252.295000000013,dd:93:db:99:9b:1f,1f9b99db93dd1eff4c001219109e8369ee382f08e9d901178d878debf815cfcecebcb300d8,-21993.0,73886.0,-92564.0,70691.0,-136893.0,,0,0,0,0,0,1,1,0,ADV_IND,37,37,6,-1,0,-1,-1,5168,32,8,unknown,APPLE,
2257.6510000000126,c1:0e:a2:92:a5:9b,9ba592a20ec11eff4c001219209497909b0be6327f60fe6f6d9472a430285c3a64c891029f,-21484.0,77979.0,-98297.0,80826.0,-138337.0,,0,0,0,0,0,1,1,0,ADV_IND,37,37,10,-1,0,-1,-1,7813,32,8,unknown,APPLE,
2257.6510000000126,e6:df:1d:30:2b:33,332b301ddfe61eff4c001219609a01bb3df9e43655016e85285aeb3ad859cbaf66c7e40268,-18693.0,70279.0,-68954.0,110420.0,-138722.0,,0,0,0,0,0,1,1,0,ADV_IND,37,37,11,-1,0,-1,-1,3817,32,8,unknown,APPLE,
2257.6510000000126,f4:ae:1a:86:aa:56,56aa861aaef41eff4c00121920caee01a2d6d1be387a39cc7b5b93dbfa8ecdb4e274d401a7,-27875.0,99711.0,-91376.0,63877.0,-119220.0,,0,0,0,0,0,1,1,0,ADV_IND,37,37,7,-1,0,-1,-1,4882,31,8,unknown,APPLE,
2257.6510000000126,d2:d7:27:15:6d:b2,25666c3cf5f41eff4c00121910c4ae7bedf14240cd85e38faa329cbbc7be0f299a6ed703d6,-15388.0,83803.0,-109747.0,68077.0,-135046.0,,0,0,0,0,0,1,1,0,ADV_IND,37,37,10,-1,0,-1,-1,5085,32,8,unknown,APPLE,f4:f5:3c:6c:66:25
2258.971000000005,f4:ae:1a:86:aa:56,56aa861aaef41eff4c00121920caee01a2d6d1be387a39cc7b5b93dbfa8ecdb4e274d401a7,-28840.0,103774.0,-108584.0,97184.0,-113710.0,,0,0,0,0,0,1,1,0,ADV_IND,37,37,0,-1,0,-1,-1,4413,32,8,unknown,APPLE,
2258.971000000005,d3:56:13:ec:79:cc,cc79ec1356d31eff4c00121920c8802ca1845b23da19751fb9e5efd23bb6fad2f5aad80245,-17800.0,81934.0,-98466.0,108934.0,-147372.0,,0,0,0,0,0,1,1,0,ADV_IND,37,37,12,-1,0,-1,-1,7668,32,7,unknown,APPLE,
2260.702000000005,58:f2:14:83:62:9b,9b628314f2580201061916aafe40718f5ebaa741a7c6acec2cb6b708e14ec721bd6015,-17071.0,65617.0,-73627.0,110179.0,-130731.0,,0,0,0,0,0,1,1,0,ADV_IND,35,37,8,-1,0,-1,-1,7002,32,8,unknown,GOOGLE,
2260.702000000005,e6:df:1d:30:2b:33,332b301ddfe61eff4c001219609a01bb3df9e43655016e85285aeb3ad859cbaf66c7e40268,3129.0,77042.0,-69034.0,95461.0,-153506.0,,0,0,0,0,0,1,1,0,ADV_IND,37,37,0,-1,0,-1,-1,1269,32,8,unknown,APPLE,
2261.8340000000026,58:f2:14:83:62:9b,9b628314f2580201061916aafe40718f5ebaa741a7c6acec2cb6b708e14ec721bd6015,-6314.0,64397.0,-81035.0,98444.0,-122764.0,,0,0,0,0,0,1,1,0,ADV_IND,35,37,13,-1,0,-1,-1,5223,32,8,unknown,GOOGLE,
2263.8380000000034,58:f2:14:83:62:9b,9b628314f2580201061916aafe40718f5ebaa741a7c6acec2cb6b708e14ec721bd6015,-13830.0,67826.0,-83134.0,103359.0,-109325.0,,0,0,0,0,0,1,1,0,ADV_IND,35,37,7,-1,0,-1,-1,7517,32,8,unknown,GOOGLE,
2265.718000000008,58:f2:14:83:62:9b,9b628314f2580201061916aafe40718f5ebaa741a7c6acec2cb6b708e14ec721bd6015,-13858.0,84469.0,-91086.0,98184.0,-109617.0,,0,0,0,0,0,1,1,0,ADV_IND,35,37,13,-1,0,-1,-1,4684,31,8,unknown,GOOGLE,
2272.6410000000037,d3:56:13:ec:79:cc,cc79ec1356d31eff4c00121920c8802ca1845b23da19751fb9e5efd23bb6fad2f5aad80245,-35499.0,86535.0,-86307.0,102549.0,-153858.0,,0,0,0,0,0,1,1,0,ADV_IND,37,37,11,-1,0,-1,-1,1464,32,8,unknown,APPLE,
2274.7550000000047,e6:df:1d:30:2b:33,332b301ddfe61eff4c001219609a01bb3df9e43655016e85285aeb3ad859cbaf66c7e40268,-7146.0,74711.0,-88631.0,111353.0,-129792.0,,0,0,0,0,0,1,1,0,ADV_IND,37,37,9,-1,0,-1,-1,1289,31,8,unknown,APPLE,
2274.7550000000047,e2:99:42:32:d3:c8,c8d3324299e21eff4c00121960fad30641791931a24db77f259cf0de897e0d7b7e14030197,-7880.0,51344.0,-109175.0,103126.0,-155830.0,,0,0,0,0,0,1,1,0,ADV_IND,37,37,7,-1,0,-1,-1,6964,32,8,unknown,APPLE,
2277.3179999999998,58:f2:14:83:62:9b,9b628314f2580201061916aafe40718f5ebaa741a7c6acec2cb6b708e14ec721bd6015,-27952.0,95692.0,-87339.0,101695.0,-108743.0,,0,0,0,0,0,1,1,0,ADV_IND,35,37,3,-1,0,-1,-1,6010,32,8,unknown,GOOGLE,
2279.215000000011,f4:ae:1a:86:aa:56,56aa861aaef41eff4c00121920caee01a2d6d1be387a39cc7b5b93dbfa8ecdb4e274d401a7,-23022.0,96813.0,-94555.0,71772.0,-103774.0,,0,0,0,0,0,1,1,0,ADV_IND,37,37,15,-1,0,-1,-1,1203,32,7,unknown,APPLE,
2281.154000000009,d2:d7:27:15:6d:b2,25666c3cf5f41eff4c00121910c4ae7bedf14240cd85e38faa329cbbc7be0f299a6ed703d6,-25701.0,71782.0,-107855.0,81700.0,-114654.0,,0,0,0,0,0,1,1,0,ADV_IND,37,37,7,-1,0,-1,-1,5297,32,8,unknown,APPLE,f4:f5:3c:6c:66:25
2281.154000000009,58:f2:14:83:62:9b,9b628314f2580201061916aafe40718f5ebaa741a7c6acec2cb6b708e14ec721bd6015,-16919.0,96287.0,-89563.0,108402.0,-138379.0,,0,0,0,0,0,1,1,0,ADV_IND,35,37,7,-1,0,-1,-1,6990,32,8,unknown,GOOGLE,
2282.74500000001,58:f2:14:83:62:9b,9b628314f2580201061916aafe40718f5ebaa741a7c6acec2cb6b708e14ec721bd6015,-11150.0,60124.0,-83024.0,96518.0,-99709.0,,0,0,0,0,0,1,1,0,ADV_IND,35,37,4,-1,0,-1,-1,5167,32,8,unknown,GOOGLE,
2285.2530000000115,f1:bf:62:b8:c6:5c,5cc6b862bff11eff4c00121960454771bddbb005d5fbf2019ab7fbd121cb240c4ecf840108,25862.0,54246.0,-79439.0,106285.0,-119141.0,,0,0,0,0,0,1,1,0,ADV_IND,37,37,2,-1,0,-1,-1,2858,32,8,unknown,APPLE,
2287.4170000000013,f1:bf:62:b8:c6:5c,5cc6b862bff11eff4c00121960454771bddbb005d5fbf2019ab7fbd121cb240c4ecf840108,21454.0,76576.0,-98366.0,96561.0,-133365.0,,0,0,0,0,0,1,1,0,ADV_IND,37,37,2,-1,0,-1,-1,7556,32,8,unknown,APPLE,
2287.4170000000013,58:f2:14:83:62:9b,9b628314f2580201061916aafe40718f5ebaa741a7c6acec2cb6b708e14ec721bd6015,-22235.0,65873.0,-92077.0,114112.0,-120583.0,,0,0,0,0,0,1,1,0,ADV_IND,35,37,7,-1,0,-1,-1,995,32,8,unknown,GOOGLE,
2288.3280000000086,c2:3f:78:80:93:f1,f19380783fc21eff4c00121910cc6d0a6b13c12f268f96fc54566b7af550db40055c7200f0,-25336.0,68352.0,-106663.0,90328.0,-131326.0,,0,0,0,0,0,1,1,0,ADV_IND,37,37,9,-1,0,-1,-1,4660,32,8,unknown,APPLE,
2289.786000000008,d3:56:13:ec:79:cc,cc79ec1356d31eff4c00121920c8802ca1845b23da19751fb9e5efd23bb6fad2f5aad80245,-40223.0,87985.0,-103933.0,99057.0,-116269.0,,0,0,0,0,0,1,1,0,ADV_IND,37,37,7,-1,0,-1,-1,2228,31,8,unknown,APPLE,
2289.786000000008,c1:0e:a2:92:a5:9b,9ba592a20ec11eff4c001219209497909b0be6327f60fe6f6d9472a430285c3a64c891029f,-43786.0,83798.0,-100624.0,95607.0,-122912.0,,0,0,0,0,0,1,1,0,ADV_IND,37,37,10,-1,0,-1,-1,3109,32,8,unknown,APPLE,
2289.786000000008,f4:ae:1a:86:aa:56,56aa861aaef41eff4c00121920caee01a2d6d1be387a39cc7b5b93dbfa8ecdb4e274d401a7,-9040.0,82085.0,-99925.0,100421.0,-139633.0,,0,0,0,0,0,1,1,0,ADV_IND,37,37,2,-1,0,-1,-1,7001,32,8,unknown,APPLE,
2291.201000000001,e2:99:42:32:d3:c8,c8d3324299e21eff4c00121960fad30641791931a24db77f259cf0de897e0d7b7e14030197,-29243.0,42859.0,-125906.0,83866.0,-110704.0,,0,0,0,0,0,1,1,0,ADV_IND,37,37,2,-1,0,-1,-1,2218,32,8,unknown,APPLE,
2292.2060000000056,fa:1f:fb:bc:6b:bd,bd6bbcfb1ffa1eff4c0012190071cabc4cead57f755ba227c4e3d47ae7bc577751e0400000,-30119.0,77472.0,-95398.0,80584.0,-132215.0,,0,0,0,0,0,1,1,2,ADV_NONCONN_IND,37,37,5,-1,0,-1,-1,4791,32,8,unknown,APPLE,
2293.397000000012,58:f2:14:83:62:9b,9b628314f2580201061916aafe40718f5ebaa741a7c6acec2cb6b708e14ec721bd6015,-2378.0,74274.0,-88674.0,106351.0,-136756.0,,0,0,0,0,0,1,1,0,ADV_IND,35,37,9,-1,0,-1,-1,2960,32,8,unknown,GOOGLE,
2295.116000000009,f1:bf:62:b8:c6:5c,5cc6b862bff11eff4c00121960454771bddbb005d5fbf2019ab7fbd121cb240c4ecf840108,-2857.0,71086.0,-79448.0,98743.0,-133886.0,,0,0,0,0,0,1,1,0,ADV_IND,37,37,11,-1,0,-1,-1,2920,32,8,unknown,APPLE,
2295.449000000008,58:f2:14:83:62:9b,9b628314f2580201061916aafe40718f5ebaa741a7c6acec2cb6b708e14ec721bd6015,-14617.0,128186.0,-98552.0,85799.0,-124092.0,,0,0,0,0,0,1,1,0,ADV_IND,35,37,9,-1,0,-1,-1,7234,32,8,unknown,GOOGLE,
2297.8120000000054,58:f2:14:83:62:9b,9b628314f2580201061916aafe40718f5ebaa741a7c6acec2cb6b708e14ec721bd6015,-13965.0,105122.0,-89480.0,112954.0,-134338.0,,0,0,0,0,0,1,1,0,ADV_IND,35,37,8,-1,0,-1,-1,2223,32,8,unknown,GOOGLE,
2299.8380000000034,58:f2:14:83:62:9b,9b628314f2580201061916aafe40718f5ebaa741a7c6acec2cb6b708e14ec721bd6015,-17789.0,93556.0,-95616.0,112154.0,-117759.0,,0,0,0,0,0,1,1,0,ADV_IND,35,37,8,-1,0,-1,-1,5013,32,8,unknown,GOOGLE,
2301.313000000009,e6:df:1d:30:2b:33,332b301ddfe61eff4c001219609a01bb3df9e43655016e85285aeb3ad859cbaf66c7e40268,-1461.0,78086.0,-64157.0,116156.0,-146880.0,,0,0,0,0,0,1,1,0,ADV_IND,37,37,9,-1,0,-1,-1,6661,32,8,unknown,APPLE,
2303.935000000012,58:f2:14:83:62:9b,9b628314f2580201061916aafe40718f5ebaa741a7c6acec2cb6b708e14ec721bd6015,-29452.0,97531.0,-95857.0,104821.0,-115495.0,,0,0,0,0,0,1,1,0,ADV_IND,35,37,2,-1,0,-1,-1,5095,32,8,unknown,GOOGLE,
2305.4840000000117,58:f2:14:83:62:9b,9b628314f2580201061916aafe40718f5ebaa741a7c6acec2cb6b708e14ec721bd6015,-10746.0,107416.0,-106170.0,102980.0,-137743.0,,0,0,0,0,0,1,1,0,ADV_IND,35,37,14,-1,0,-1,-1,3746,32,7,unknown,GOOGLE,
2305.4840000000117,f2:8b:b1:4f:f3:cb,cbf34fb18bf21eff4c00121960d8b1e0cf22f579395644a18b87eeda66230e9d8e50a40368,2350.0,66858.0,-111987.0,119403.0,-169500.0,,0,0,0,0,0,1,1,0,ADV_IND,37,37,12,-1,0,-1,-1,3149,30,8,unknown,APPLE,
2306.3740000000107,fd:9c:8b:c6:1f:52,25666c3cf5f41eff4c00121910c4ae7bedf14240cd85e38faa329cbbc7be0f299a6ed703d6,-46647.0,107148.0,-99106.0,75022.0,-132643.0,,0,0,0,0,0,1,1,0,ADV_IND,37,37,14,-1,0,-1,-1,4703,32,7,unknown,APPLE,f4:f5:3c:6c:66:25
2306.3740000000107,f2:8b:b1:4f:f3:cb,cbf34fb18bf21eff4c00121960d8b1e0cf22f579395644a18b87eeda66230e9d8e50a40368,-14701.0,68015.0,-94622.0,126199.0,-151754.0,,0,0,0,0,0,1,1,0,ADV_IND,37,37,14,-1,0,-1,-1,1422,31,8,unknown,APPLE,
2306.3740000000107,f2:8b:b1:4f:f3:cb,cbf34fb18bf21eff4c00121960d8b1e0cf22f579395644a18b87eeda66230e9d8e50a40368,-5686.0,50164.0,-87410.0,82053.0,-133382.0,,0,0,0,0,0,1,1,0,ADV_IND,37,37,2,-1,0,-1,-1,1648,32,8,unknown,APPLE,
2307.2800000000134,f2:8b:b1:4f:f3:cb,cbf34fb18bf21eff4c00121960d8b1e0cf22f579395644a18b87eeda66230e9d8e50a40368,-6706.0,70386.0,-104911.0,98531.0,-143875.0,,0,0,0,0,0,1,1,0,ADV_IND,37,37,2,-1,0,-1,-1,3468,32,8,unknown,APPLE,
2307.519,e6:e8:88:15:1f:45,451f1588e8e61eff4c001219208a71766544231b9344631fce49af170166ae96b4ed000145,-50223.0,76572.0,-104767.0,97696.0,-143369.0,,0,0,0,0,0,1,1,0,ADV_IND,37,37,13,-1,0,-1,-1,5659,32,8,unknown,APPLE,
2307.519,58:f2:14:83:62:9b,9b628314f2580201061916aafe40718f5ebaa741a7c6acec2cb6b708e14ec721bd6015,-30125.0,97254.0,-84863.0,115527.0,-136974.0,,0,0,0,0,0,1,1,0,ADV_IND,35,37,5,-1,0,-1,-1,7775,32,8,unknown,GOOGLE,
2308.689000000013,cf:37:da:93:f6:9f,9ff693da37cf1eff4c001219200375656d2c165717f11a11cb7237f3a032539471c8f5009f,0.0,74427.0,-87729.0,78360.0,-85271.0,,0,0,0,0,0,1,1,0,ADV_IND,37,37,14,-1,0,-1,-1,5463,32,8,unknown,APPLE,
2308.689000000013,f2:8b:b1:4f:f3:cb,cbf34fb18bf21eff4c00121960d8b1e0cf22f579395644a18b87eeda66230e9d8e50a40368,-21478.0,45152.0,-65554.0,97711.0,-135674.0,,0,0,0,0,0,1,1,0,ADV_IND,37,37,3,-1,0,-1,-1,7953,32,8,unknown,APPLE,
2308.9760000000097,f2:8b:b1:4f:f3:cb,cbf34fb18bf21eff4c00121960d8b1e0cf22f579395644a18b87eeda66230e9d8e50a40368,-32744.0,44426.0,-73093.0,85634.0,-124153.0,,0,0,0,0,0,1,1,0,ADV_IND,37,37,10,-1,0,-1,-1,2678,32,8,unknown,APPLE,
2309.3340000000026,f2:8b:b1:4f:f3:cb,cbf34fb18bf21eff4c00121960d8b1e0cf22f579395644a18b87eeda66230e9d8e50a40368,0.0,30936.0,-81445.0,112240.0,-130364.0,,0,0,0,0,0,1,1,0,ADV_IND,37,37,14,-1,0,-1,-1,2855,32,8,unknown,APPLE,
2309.3340000000026,f2:8b:b1:4f:f3:cb,cbf34fb18bf21eff4c00121960d8b1e0cf22f579395644a18b87eeda66230e9d8e50a40368,-5373.0,49905.0,-76093.0,82908.0,-115465.0,,0,0,0,0,0,1,1,0,ADV_IND,37,37,14,-1,0,-1,-1,5571,32,8,unknown,APPLE,
2309.679000000004,e6:e8:88:15:1f:45,451f1588e8e61eff4c001219208a71766544231b9344631fce49af170166ae96b4ed000145,-59870.0,59516.0,-96392.0,103411.0,-129681.0,,0,0,0,0,0,1,1,0,ADV_IND,37,37,9,-1,0,-1,-1,4718,32,8,unknown,APPLE,
2309.679000000004,58:f2:14:83:62:9b,9b628314f2580201061916aafe40718f5ebaa741a7c6acec2cb6b708e14ec721bd6015,-21692.0,76223.0,-74662.0,90543.0,-115215.0,,0,0,0,0,0,1,1,0,ADV_IND,35,37,5,-1,0,-1,-1,1452,32,8,unknown,GOOGLE,
2310.8580000000075,cf:37:da:93:f6:9f,9ff693da37cf1eff4c001219200375656d2c165717f11a11cb7237f3a032539471c8f5009f,-15843.0,98278.0,-86198.0,79315.0,-137115.0,,0,0,0,0,0,1,1,0,ADV_IND,37,37,7,-1,0,-1,-1,5955,32,8,unknown,APPLE,
2311.74500000001,e6:e8:88:15:1f:45,451f1588e8e61eff4c001219208a71766544231b9344631fce49af170166ae96b4ed000145,-20260.0,67706.0,-106425.0,74406.0,-136098.0,,0,0,0,0,0,1,1,0,ADV_IND,37,37,10,-1,0,-1,-1,2467,31,7,unknown,APPLE,
2311.74500000001,58:f2:14:83:62:9b,9b628314f2580201061916aafe40718f5ebaa741a7c6acec2cb6b708e14ec721bd6015,470.0,65346.0,-85469.0,102558.0,-113702.0,,0,0,0,0,0,1,1,0,ADV_IND,35,37,0,-1,0,-1,-1,3712,32,8,unknown,GOOGLE,
2313.868000000002,58:f2:14:83:62:9b,9b628314f2580201061916aafe40718f5ebaa741a7c6acec2cb6b708e14ec721bd6015,-8457.0,64957.0,-77161.0,82829.0,-96634.0,,0,0,0,0,0,1,1,0,ADV_IND,35,37,10,-1,0,-1,-1,1027,32,8,unknown,GOOGLE,
2313.868000000002,e6:e8:88:15:1f:45,451f1588e8e61eff4c001219208a71766544231b9344631fce49af170166ae96b4ed000145,-30198.0,32734.0,-106945.0,74545.0,-113082.0,,0,0,0,0,0,1,1,0,ADV_IND,37,37,9,-1,0,-1,-1,3316,32,7,unknown,APPLE,
2314.550000000003,cf:37:da:93:f6:9f,9ff693da37cf1eff4c001219200375656d2c165717f11a11cb7237f3a032539471c8f5009f,-28284.0,98805.0,-72473.0,86959.0,-107194.0,,0,0,0,0,0,1,1,0,ADV_IND,37,37,14,-1,0,-1,-1,1358,32,8,unknown,APPLE,
2316.247000000003,fe:cd:da:e7:17:a7,a717e7dacdfe1eff4c0012192014e348ac93987e878b16d86fac6900d4700d38533ef200a7,-29098.0,92234.0,-103219.0,84728.0,-123341.0,,0,0,0,0,0,1,1,0,ADV_IND,37,37,9,-1,0,-1,-1,1416,32,8,unknown,APPLE,
2316.247000000003,58:f2:14:83:62:9b,9b628314f2580201061916aafe40718f5ebaa741a7c6acec2cb6b708e14ec721bd6015,-5192.0,88385.0,-111691.0,116370.0,-141975.0,,0,0,0,0,0,1,1,0,ADV_IND,35,37,8,-1,0,-1,-1,1161,32,8,unknown,GOOGLE,
2316.247000000003,da:7e:4b:2c:40:08,08402c4b7eda1eff4c0012196481ba4f1af335aea59dcfa3d162957dab9248875130310008,-22536.0,34696.0,-90898.0,84262.0,-117608.0,,0,0,0,0,0,1,1,0,ADV_IND,37,37,0,-1,0,-1,-1,4367,32,8,unknown,APPLE,
2316.247000000003,e6:e8:88:15:1f:45,451f1588e8e61eff4c001219208a71766544231b9344631fce49af170166ae96b4ed000145,-19670.0,59002.0,-103424.0,91908.0,-136271.0,,0,0,0,0,0,1,1,0,ADV_IND,37,37,0,-1,0,-1,-1,4746,32,7,unknown,APPLE,
2317.607000000004,fe:cd:da:e7:17:a7,a717e7dacdfe1eff4c0012192014e348ac93987e878b16d86fac6900d4700d38533ef200a7,-22997.0,100920.0,-108624.0,91351.0,-137568.0,,0,0,0,0,0,1,1,0,ADV_IND,37,37,15,-1,0,-1,-1,7653,29,7,unknown,APPLE,
2320.457000000009,58:f2:14:83:62:9b,9b628314f2580201061916aafe40718f5ebaa741a7c6acec2cb6b708e14ec721bd6015,-16624.0,80851.0,-94815.0,78652.0,-74167.0,,0,0,0,0,0,1,1,0,ADV_IND,35,37,13,-1,0,-1,-1,787,32,8,unknown,GOOGLE,
2321.616000000009,58:f2:14:83:62:9b,9b628314f2580201061916aafe40718f5ebaa741a7c6acec2cb6b708e14ec721bd6015,-20859.0,95621.0,-78786.0,85017.0,-107375.0,,0,0,0,0,0,1,1,0,ADV_IND,35,37,1,-1,0,-1,-1,1288,32,8,unknown,GOOGLE,
2321.616000000009,e6:e8:88:15:1f:45,451f1588e8e61eff4c001219208a71766544231b9344631fce49af170166ae96b4ed000145,-45495.0,65960.0,-108627.0,68678.0,-117386.0,,0,0,0,0,0,1,1,0,ADV_IND,37,37,8,-1,0,-1,-1,3621,32,8,unknown,APPLE,
2324.863000000012,ef:83:e9:78:5b:d8,d85b78e983ef1eff4c001219101ee832f617cb6c784c5f33718bf2906e81b67394ab5301d8,-36106.0,102072.0,-141839.0,68891.0,-147577.0,,0,0,0,0,0,1,1,0,ADV_IND,37,37,1,-1,0,-1,-1,7356,31,7,unknown,APPLE,
2324.863000000012,fc:1a:2a:b4:a8:f0,f0a8b42a1afc1eff4c00121910102199b7de76657973110b23fe91684c43befb0b0cdb00f0,-12714.0,68735.0,-90338.0,72871.0,-120987.0,,0,0,0,0,0,1,1,0,ADV_IND,37,37,6,-1,0,-1,-1,1317,32,7,unknown,APPLE,
2325.7810000000027,58:f2:14:83:62:9b,9b628314f2580201061916aafe40718f5ebaa741a7c6acec2cb6b708e14ec721bd6015,-8688.0,88531.0,-79433.0,82822.0,-123144.0,,0,0,0,0,0,1,1,0,ADV_IND,35,37,13,-1,0,-1,-1,7885,32,7,unknown,GOOGLE,
2326.7360000000044,da:7e:4b:2c:40:08,08402c4b7eda1eff4c0012196481ba4f1af335aea59dcfa3d162957dab9248875130310008,-16848.0,77548.0,-109864.0,96622.0,-161351.0,,0,0,0,0,0,1,1,0,ADV_IND,37,37,0,-1,0,-1,-1,6988,32,8,unknown,APPLE,
2327.599000000002,58:f2:14:83:62:9b,9b628314f2580201061916aafe40718f5ebaa741a7c6acec2cb6b708e14ec721bd6015,-18621.0,73084.0,-84072.0,103073.0,-116826.0,,0,0,0,0,0,1,1,0,ADV_IND,35,37,11,-1,0,-1,-1,2937,32,8,unknown,GOOGLE,
2327.599000000002,e6:e8:88:15:1f:45,451f1588e8e61eff4c001219208a71766544231b9344631fce49af170166ae96b4ed000145,-46756.0,69742.0,-105532.0,96360.0,-132851.0,,0,0,0,0,0,1,1,0,ADV_IND,37,37,15,-1,0,-1,-1,5405,32,8,unknown,APPLE,
2328.715000000011,ef:83:e9:78:5b:d8,d85b78e983ef1eff4c001219101ee832f617cb6c784c5f33718bf2906e81b67394ab5301d8,-63099.0,64338.0,-99189.0,74087.0,-160853.0,,0,0,0,0,0,1,1,0,ADV_IND,37,37,10,-1,0,-1,-1,5255,32,8,unknown,APPLE,
2331.319000000003,fe:cd:da:e7:17:a7,a717e7dacdfe1eff4c0012192014e348ac93987e878b16d86fac6900d4700d38533ef200a7,-11859.0,99738.0,-89074.0,57602.0,-123016.0,,0,0,0,0,0,1,1,0,ADV_IND,37,37,12,-1,0,-1,-1,1764,32,8,unknown,APPLE,
2331.319000000003,58:f2:14:83:62:9b,9b628314f2580201061916aafe40718f5ebaa741a7c6acec2cb6b708e14ec721bd6015,-9520.0,68488.0,-84067.0,114267.0,-135316.0,,0,0,0,0,0,1,1,0,ADV_IND,35,37,15,-1,0,-1,-1,7349,32,8,unknown,GOOGLE,
2332.604000000006,58:f2:14:83:62:9b,9b628314f2580201061916aafe40718f5ebaa741a7c6acec2cb6b708e14ec721bd6015,-24929.0,59256.0,-84493.0,104965.0,-119491.0,,0,0,0,0,0,1,1,0,ADV_IND,35,37,3,-1,0,-1,-1,5758,32,8,unknown,GOOGLE,
2332.604000000006,da:7e:4b:2c:40:08,08402c4b7eda1eff4c0012196481ba4f1af335aea59dcfa3d162957dab9248875130310008,-36880.0,105599.0,-111064.0,114901.0,-169370.0,,0,0,0,0,0,1,1,0,ADV_IND,37,37,12,-1,0,-1,-1,2743,31,8,unknown,APPLE,
2333.482000000004,58:f2:14:83:62:9b,9b628314f2580201061916aafe40718f5ebaa741a7c6acec2cb6b708e14ec721bd6015,-14321.0,65199.0,-75287.0,80902.0,-97172.0,,0,0,0,0,0,1,1,0,ADV_IND,35,37,12,-1,0,-1,-1,2063,32,8,unknown,GOOGLE,
2336.291000000012,58:f2:14:83:62:9b,9b628314f2580201061916aafe40718f5ebaa741a7c6acec2cb6b708e14ec721bd6015,-9317.0,79413.0,-82973.0,99432.0,-142889.0,,0,0,0,0,0,1,1,0,ADV_IND,35,37,11,-1,0,-1,-1,2382,32,8,unknown,GOOGLE,
2339.99500000001,fe:cd:da:e7:17:a7,a717e7dacdfe1eff4c0012192014e348ac93987e878b16d86fac6900d4700d38533ef200a7,-22580.0,99851.0,-85726.0,50768.0,-128544.0,,0,0,0,0,0,1,1,0,ADV_IND,37,37,11,-1,0,-1,-1,6180,31,8,unknown,APPLE,
2339.99500000001,e6:e8:88:15:1f:45,451f1588e8e61eff4c001219208a71766544231b9344631fce49af170166ae96b4ed000145,-35919.0,96380.0,-105807.0,80747.0,-147533.0,,0,0,0,0,0,1,1,0,ADV_IND,37,37,11,-1,0,-1,-1,2516,32,7,unknown,APPLE,
2341.606,cf:37:da:93:f6:9f,9ff693da37cf1eff4c001219200375656d2c165717f11a11cb7237f3a032539471c8f5009f,-14941.0,90378.0,-88162.0,105626.0,-89999.0,,0,0,0,0,0,1,1,0,ADV_IND,37,37,9,-1,0,-1,-1,4672,32,8,unknown,APPLE,
2341.606,fd:9c:8b:c6:1f:52,25666c3cf5f41eff4c00121910c4ae7bedf14240cd85e38faa329cbbc7be0f299a6ed703d6,-22623.0,76534.0,-108623.0,81960.0,-149821.0,,0,0,0,0,0,1,1,0,ADV_IND,37,37,1,-1,0,-1,-1,6870,32,8,unknown,APPLE,f4:f5:3c:6c:66:25
2343.6140000000014,58:f2:14:83:62:9b,9b628314f2580201061916aafe40718f5ebaa741a7c6acec2cb6b708e14ec721bd6015,-15488.0,66999.0,-82480.0,84143.0,-103189.0,,0,0,0,0,0,1,1,0,ADV_IND,35,37,2,-1,0,-1,-1,7657,32,8,unknown,GOOGLE,
2343.6140000000014,cf:37:da:93:f6:9f,9ff693da37cf1eff4c001219200375656d2c165717f11a11cb7237f3a032539471c8f5009f,-9853.0,58497.0,-101661.0,97758.0,-54903.0,,0,0,0,0,0,1,1,0,ADV_IND,37,37,5,-1,0,-1,-1,5721,32,8,unknown,APPLE,
2344.94200000001,da:7e:4b:2c:40:08,08402c4b7eda1eff4c0012196481ba4f1af335aea59dcfa3d162957dab9248875130310008,-36534.0,68396.0,-94078.0,94586.0,-150228.0,,0,0,0,0,0,1,1,0,ADV_IND,37,37,11,-1,0,-1,-1,5810,32,7,unknown,APPLE,
2348.222000000009,e6:e8:88:15:1f:45,451f1588e8e61eff4c001219208a71766544231b9344631fce49af170166ae96b4ed000145,-32930.0,55296.0,-95294.0,70369.0,-131230.0,,0,0,0,0,0,1,1,0,ADV_IND,37,37,2,-1,0,-1,-1,4443,32,8,unknown,APPLE,
2349.4630000000034,cf:37:da:93:f6:9f,9ff693da37cf1eff4c001219200375656d2c165717f11a11cb7237f3a032539471c8f5009f,-15378.0,93535.0,-85818.0,107050.0,-110042.0,,0,0,0,0,0,1,1,0,ADV_IND,37,37,14,-1,0,-1,-1,1940,32,8,unknown,APPLE,
2351.423999999999,58:f2:14:83:62:9b,9b628314f2580201061916aafe40718f5ebaa741a7c6acec2cb6b708e14ec721bd6015,-7790.0,98748.0,-106014.0,105436.0,-128747.0,,0,0,0,0,0,1,1,0,ADV_IND,35,37,15,-1,0,-1,-1,2231,32,7,unknown,GOOGLE,
2351.423999999999,e6:e8:88:15:1f:45,451f1588e8e61eff4c001219208a71766544231b9344631fce49af170166ae96b4ed000145,-27589.0,66494.0,-103765.0,84683.0,-154074.0,,0,0,0,0,0,1,1,0,ADV_IND,37,37,4,-1,0,-1,-1,3385,32,8,unknown,APPLE,
2353.4170000000013,fa:1f:fb:bc:6b:bd,bd6bbcfb1ffa1eff4c0012190071cabc4cead57f755ba227c4e3d47ae7bc577751e0400000,-35741.0,96837.0,-101658.0,98957.0,-146971.0,,0,0,0,0,0,1,1,2,ADV_NONCONN_IND,37,37,7,-1,0,-1,-1,6719,31,8,unknown,APPLE,
2353.4170000000013,58:f2:14:83:62:9b,9b628314f2580201061916aafe40718f5ebaa741a7c6acec2cb6b708e14ec721bd6015,-8121.0,95419.0,-92308.0,100874.0,-140567.0,,0,0,0,0,0,1,1,0,ADV_IND,35,37,5,-1,0,-1,-1,3302,28,7,unknown,GOOGLE,
2353.4170000000013,cf:37:da:93:f6:9f,9ff693da37cf1eff4c001219200375656d2c165717f11a11cb7237f3a032539471c8f5009f,-2748.0,86210.0,-74384.0,101995.0,-122478.0,,0,0,0,0,0,1,1,0,ADV_IND,37,37,15,-1,0,-1,-1,3571,32,8,unknown,APPLE,
2355.450000000012,fe:cd:da:e7:17:a7,a717e7dacdfe1eff4c0012192014e348ac93987e878b16d86fac6900d4700d38533ef200a7,-10906.0,102859.0,-91658.0,73368.0,-152822.0,,0,0,0,0,0,1,1,0,ADV_IND,37,37,5,-1,0,-1,-1,1386,32,8,unknown,APPLE,
2355.450000000012,58:f2:14:83:62:9b,9b628314f2580201061916aafe40718f5ebaa741a7c6acec2cb6b708e14ec721bd6015,-8470.0,68019.0,-98798.0,75699.0,-74591.0,,0,0,0,0,0,1,1,0,ADV_IND,35,37,14,-1,0,-1,-1,4936,31,8,unknown,GOOGLE,
2357.379000000001,58:f2:14:83:62:9b,9b628314f2580201061916aafe40718f5ebaa741a7c6acec2cb6b708e14ec721bd6015,-6112.0,85539.0,-93993.0,100043.0,-135814.0,,0,0,0,0,0,1,1,0,ADV_IND,35,37,11,-1,0,-1,-1,1132,32,7,unknown,GOOGLE,
2359.404000000009,cf:37:da:93:f6:9f,9ff693da37cf1eff4c001219200375656d2c165717f11a11cb7237f3a032539471c8f5009f,307.0,100755.0,-99990.0,88979.0,-133179.0,,0,0,0,0,0,1,1,0,ADV_IND,37,37,12,-1,0,-1,-1,7791,32,8,unknown,APPLE,
2361.974000000002,58:f2:14:83:62:9b,9b628314f2580201061916aafe40718f5ebaa741a7c6acec2cb6b708e14ec721bd6015,-11540.0,100584.0,-109209.0,107952.0,-125819.0,,0,0,0,0,0,1,1,0,ADV_IND,35,37,9,-1,0,-1,-1,4819,32,8,unknown,GOOGLE,
2361.974000000002,cf:37:da:93:f6:9f,9ff693da37cf1eff4c001219200375656d2c165717f11a11cb7237f3a032539471c8f5009f,-17382.0,100862.0,-79752.0,94074.0,-122332.0,,0,0,0,0,0,1,1,0,ADV_IND,37,37,0,-1,0,-1,-1,7994,32,8,unknown,APPLE,
2362.2100000000064,e6:e8:88:15:1f:45,451f1588e8e61eff4c001219208a71766544231b9344631fce49af170166ae96b4ed000145,-41986.0,75042.0,-104226.0,103720.0,-148228.0,,0,0,0,0,0,1,1,0,ADV_IND,37,37,10,-1,0,-1,-1,3751,32,8,unknown,APPLE,
2362.2100000000064,58:f2:14:83:62:9b,9b628314f2580201061916aafe40718f5ebaa741a7c6acec2cb6b708e14ec721bd6015,3273.0,69150.0,-95961.0,94585.0,-122167.0,,0,0,0,0,0,1,1,0,ADV_IND,35,37,13,-1,0,-1,-1,2165,32,8,unknown,GOOGLE,
2368.479000000006,58:f2:14:83:62:9b,9b628314f2580201061916aafe40718f5ebaa741a7c6acec2cb6b708e14ec721bd6015,-12880.0,74024.0,-87312.0,80068.0,-96841.0,,0,0,0,0,0,1,1,0,ADV_IND,35,37,11,-1,0,-1,-1,1009,32,8,unknown,GOOGLE,
2370.036000000008,cf:37:da:93:f6:9f,25666c3cf5f41eff4c00121910c4ae7bedf14240cd85e38faa329cbbc7be0f299a6ed703d6,-10664.0,77731.0,-99150.0,65488.0,-135127.0,,0,0,0,0,0,1,1,0,ADV_IND,37,37,8,-1,0,-1,-1,3482,28,7,unknown,APPLE,f4:f5:3c:6c:66:25
2372.1100000000006,58:f2:14:83:62:9b,9b628314f2580201061916aafe40718f5ebaa741a7c6acec2cb6b708e14ec721bd6015,-4225.0,69256.0,-90156.0,106800.0,-99846.0,,0,0,0,0,0,1,1,0,ADV_IND,35,37,15,-1,0,-1,-1,5322,32,8,unknown,GOOGLE,
2372.1100000000006,fa:1f:fb:bc:6b:bd,bd6bbcfb1ffa1eff4c0012190071cabc4cead57f755ba227c4e3d47ae7bc577751e0400000,-40127.0,86326.0,-96582.0,80516.0,-147188.0,,0,0,0,0,0,1,1,2,ADV_NONCONN_IND,37,37,1,-1,0,-1,-1,8021,32,8,unknown,APPLE,
2374.6120000000083,58:f2:14:83:62:9b,9b628314f2580201061916aafe40718f5ebaa741a7c6acec2cb6b708e14ec721bd6015,-10151.0,66818.0,-83056.0,76725.0,-81435.0,,0,0,0,0,0,1,1,0,ADV_IND,35,37,9,-1,0,-1,-1,2478,32,8,unknown,GOOGLE,
2376.470000000001,cf:37:da:93:f6:9f,9ff693da37cf1eff4c001219200375656d2c165717f11a11cb7237f3a032539471c8f5009f,391.0,95539.0,-72434.0,86428.0,-110320.0,,0,0,0,0,0,1,1,0,ADV_IND,37,37,1,-1,0,-1,-1,3652,32,7,unknown,APPLE,
2377.7920000000013,58:f2:14:83:62:9b,9b628314f2580201061916aafe40718f5ebaa741a7c6acec2cb6b708e14ec721bd6015,-14539.0,95176.0,-85494.0,93760.0,-118005.0,,0,0,0,0,0,1,1,0,ADV_IND,35,37,4,-1,0,-1,-1,3782,32,8,unknown,GOOGLE,
2379.477000000013,ef:83:e9:78:5b:d8,d85b78e983ef1eff4c001219101ee832f617cb6c784c5f33718bf2906e81b67394ab5301d8,-43439.0,76779.0,-117695.0,71272.0,-145800.0,,0,0,0,0,0,1,1,0,ADV_IND,37,37,8,-1,0,-1,-1,3505,30,7,unknown,APPLE,
2381.395000000004,fc:1a:2a:b4:a8:f0,f0a8b42a1afc1eff4c00121910102199b7de76657973110b23fe91684c43befb0b0cdb00f0,-8136.0,81840.0,-105708.0,68339.0,-131843.0,,0,0,0,0,0,1,1,0,ADV_IND,37,37,5,-1,0,-1,-1,6462,32,7,unknown,APPLE,
2382.944000000003,cf:37:da:93:f6:9f,9ff693da37cf1eff4c001219200375656d2c165717f11a11cb7237f3a032539471c8f5009f,-5439.0,78014.0,-98142.0,98323.0,-79282.0,,0,0,0,0,0,1,1,0,ADV_IND,37,37,8,-1,0,-1,-1,3990,32,8,unknown,APPLE,
2384.938000000009,58:f2:14:83:62:9b,9b628314f2580201061916aafe40718f5ebaa741a7c6acec2cb6b708e14ec721bd6015,-8492.0,91006.0,-85059.0,82764.0,-98262.0,,0,0,0,0,0,1,1,0,ADV_IND,35,37,8,-1,0,-1,-1,2810,32,8,unknown,GOOGLE,
2386.1120000000083,fe:cd:da:e7:17:a7,a717e7dacdfe1eff4c0012192014e348ac93987e878b16d86fac6900d4700d38533ef200a7,-14297.0,62974.0,-84750.0,77933.0,-107468.0,,0,0,0,0,0,1,1,0,ADV_IND,37,37,8,-1,0,-1,-1,6257,31,8,unknown,APPLE,
2388.1050000000105,cf:37:da:93:f6:9f,25666c3cf5f41eff4c00121910c4ae7bedf14240cd85e38faa329cbbc7be0f299a6ed703d6,-29706.0,105541.0,-108843.0,79493.0,-145785.0,,0,0,0,0,0,1,1,0,ADV_IND,37,37,1,-1,0,-1,-1,6224,31,8,unknown,APPLE,f4:f5:3c:6c:66:25
2388.1050000000105,fe:cd:da:e7:17:a7,a717e7dacdfe1eff4c0012192014e348ac93987e878b16d86fac6900d4700d38533ef200a7,-23874.0,81305.0,-80100.0,43449.0,-95730.0,,0,0,0,0,0,1,1,0,ADV_IND,37,37,15,-1,0,-1,-1,4077,32,7,unknown,APPLE,
2388.1050000000105,fa:1f:fb:bc:6b:bd,bd6bbcfb1ffa1eff4c0012190071cabc4cead57f755ba227c4e3d47ae7bc577751e0400000,-12884.0,57123.0,-92653.0,66280.0,-143209.0,,0,0,0,0,0,1,1,2,ADV_NONCONN_IND,37,37,13,-1,0,-1,-1,6192,32,7,unknown,APPLE,
2388.1050000000105,fc:1a:2a:b4:a8:f0,f0a8b42a1afc1eff4c00121910102199b7de76657973110b23fe91684c43befb0b0cdb00f0,-40796.0,73782.0,-90598.0,81976.0,-124965.0,,0,0,0,0,0,1,1,0,ADV_IND,37,37,1,-1,0,-1,-1,7536,32,7,unknown,APPLE,
2388.1050000000105,cf:37:da:93:f6:9f,9ff693da37cf1eff4c001219200375656d2c165717f11a11cb7237f3a032539471c8f5009f,0.0,72457.0,-95752.0,80790.0,-80408.0,,0,0,0,0,0,1,1,0,ADV_IND,37,37,0,-1,0,-1,-1,3806,32,8,unknown,APPLE,
2390.1870000000054,cf:37:da:93:f6:9f,9ff693da37cf1eff4c001219200375656d2c165717f11a11cb7237f3a032539471c8f5009f,-1408.0,82527.0,-78147.0,72108.0,-92469.0,,0,0,0,0,0,1,1,0,ADV_IND,37,37,0,-1,0,-1,-1,1313,32,8,unknown,APPLE,
2392.5050000000047,c9:cf:22:0f:ea:09,09ea0f22cfc91eff4c00121920f79d4d6f09f8e1050e0575179480936a1a13ddd4d7160009,-43612.0,56262.0,-88483.0,57875.0,-112445.0,,0,0,0,0,0,1,1,0,ADV_IND,37,37,8,-1,0,-1,-1,1639,32,7,unknown,APPLE,
2394.0310000000027,fe:cd:da:e7:17:a7,a717e7dacdfe1eff4c0012192014e348ac93987e878b16d86fac6900d4700d38533ef200a7,-20676.0,101767.0,-95555.0,88694.0,-132350.0,,0,0,0,0,0,1,1,0,ADV_IND,37,37,9,-1,0,-1,-1,3113,32,7,unknown,APPLE,
2394.0310000000027,58:f2:14:83:62:9b,9b628314f2580201061916aafe40718f5ebaa741a7c6acec2cb6b708e14ec721bd6015,-771.0,77653.0,-80895.0,84536.0,-128589.0,,0,0,0,0,0,1,1,0,ADV_IND,35,37,13,-1,0,-1,-1,6309,32,8,unknown,GOOGLE,
2395.1570000000065,c9:cf:22:0f:ea:09,09ea0f22cfc91eff4c00121920f79d4d6f09f8e1050e0575179480936a1a13ddd4d7160009,-27331.0,68032.0,-100102.0,52299.0,-135287.0,,0,0,0,0,0,1,1,0,ADV_IND,37,37,9,-1,0,-1,-1,1804,32,8,unknown,APPLE,
2396.287000000011,58:f2:14:83:62:9b,9b628314f2580201061916aafe40718f5ebaa741a7c6acec2cb6b708e14ec721bd6015,-25499.0,72037.0,-72727.0,83007.0,-107110.0,,0,0,0,0,0,1,1,0,ADV_IND,35,37,0,-1,0,-1,-1,5567,32,8,unknown,GOOGLE,
2397.6900000000023,fe:cd:da:e7:17:a7,a717e7dacdfe1eff4c0012192014e348ac93987e878b16d86fac6900d4700d38533ef200a7,-9805.0,62206.0,-64442.0,57757.0,-110311.0,,0,0,0,0,0,1,1,0,ADV_IND,37,37,2,-1,0,-1,-1,6504,32,8,unknown,APPLE,
2401.6510000000126,ef:83:e9:78:5b:d8,d85b78e983ef1eff4c001219101ee832f617cb6c784c5f33718bf2906e81b67394ab5301d8,-60880.0,63809.0,-127902.0,79534.0,-143645.0,,0,0,0,0,0,1,1,0,ADV_IND,37,37,15,-1,0,-1,-1,3139,32,7,unknown,APPLE,
2403.4760000000097,da:7e:4b:2c:40:08,08402c4b7eda1eff4c0012196481ba4f1af335aea59dcfa3d162957dab9248875130310008,-9428.0,58121.0,-98855.0,88512.0,-154581.0,,0,0,0,0,0,1,1,0,ADV_IND,37,37,2,-1,0,-1,-1,6505,32,8,unknown,APPLE,
2406.981,fe:cd:da:e7:17:a7,a717e7dacdfe1eff4c0012192014e348ac93987e878b16d86fac6900d4700d38533ef200a7,-9049.0,77003.0,-85398.0,58429.0,-96690.0,,0,0,0,0,0,1,1,0,ADV_IND,37,37,7,-1,0,-1,-1,3262,32,8,unknown,APPLE,
2408.8380000000034,58:f2:14:83:62:9b,9b628314f2580201061916aafe40718f5ebaa741a7c6acec2cb6b708e14ec721bd6015,-25284.0,68973.0,-93865.0,110486.0,-126152.0,,0,0,0,0,0,1,1,0,ADV_IND,35,37,2,-1,0,-1,-1,5380,32,8,unknown,GOOGLE,
2408.8380000000034,da:7e:4b:2c:40:08,08402c4b7eda1eff4c0012196481ba4f1af335aea59dcfa3d162957dab9248875130310008,-10541.0,50324.0,-93497.0,72325.0,-124609.0,,0,0,0,0,0,1,1,0,ADV_IND,37,37,0,-1,0,-1,-1,6417,32,8,unknown,APPLE,
2410.166000000012,e6:e8:88:15:1f:45,451f1588e8e61eff4c001219208a71766544231b9344631fce49af170166ae96b4ed000145,-38188.0,89561.0,-101293.0,80209.0,-143148.0,,0,0,0,0,0,1,1,0,ADV_IND,37,37,0,-1,0,-1,-1,1591,32,7,unknown,APPLE,
2411.654000000009,58:f2:14:83:62:9b,9b628314f2580201061916aafe40718f5ebaa741a7c6acec2cb6b708e14ec721bd6015,-19704.0,75528.0,-83314.0,107286.0,-119663.0,,0,0,0,0,0,1,1,0,ADV_IND,35,37,12,-1,0,-1,-1,3960,32,8,unknown,GOOGLE,
2411.654000000009,fa:1f:fb:bc:6b:bd,bd6bbcfb1ffa1eff4c0012190071cabc4cead57f755ba227c4e3d47ae7bc577751e0400000,-43856.0,63023.0,-111454.0,102260.0,-121462.0,,0,0,0,0,0,1,1,2,ADV_NONCONN_IND,37,37,11,-1,0,-1,-1,6745,31,7,unknown,APPLE,
2413.228000000003,cf:37:da:93:f6:9f,9ff693da37cf1eff4c001219200375656d2c165717f11a11cb7237f3a032539471c8f5009f,-2266.0,93153.0,-98343.0,99869.0,-126480.0,,0,0,0,0,0,1,1,0,ADV_IND,37,37,0,-1,0,-1,-1,3433,32,8,unknown,APPLE,
2413.228000000003,c9:cf:22:0f:ea:09,09ea0f22cfc91eff4c00121920f79d4d6f09f8e1050e0575179480936a1a13ddd4d7160009,-48264.0,62276.0,-98564.0,77687.0,-134260.0,,0,0,0,0,0,1,1,0,ADV_IND,37,37,14,-1,0,-1,-1,4635,32,8,unknown,APPLE,
2414.7330000000075,fa:1f:fb:bc:6b:bd,bd6bbcfb1ffa1eff4c0012190071cabc4cead57f755ba227c4e3d47ae7bc577751e0400000,-45829.0,102583.0,-93066.0,90430.0,-147469.0,,0,0,0,0,0,1,1,2,ADV_NONCONN_IND,37,37,3,-1,0,-1,-1,3047,32,8,unknown,APPLE,
2416.5510000000068,fe:cd:da:e7:17:a7,a717e7dacdfe1eff4c0012192014e348ac93987e878b16d86fac6900d4700d38533ef200a7,-1317.0,67883.0,-81950.0,65980.0,-100637.0,,0,0,0,0,0,1,1,0,ADV_IND,37,37,2,-1,0,-1,-1,6033,32,8,unknown,APPLE,
2418.649000000005,cf:37:da:93:f6:9f,9ff693da37cf1eff4c001219200375656d2c165717f11a11cb7237f3a032539471c8f5009f,1456.0,86531.0,-74359.0,101119.0,-114139.0,,0,0,0,0,0,1,1,0,ADV_IND,37,37,12,-1,0,-1,-1,5548,32,8,unknown,APPLE,
2418.649000000005,e6:e8:88:15:1f:45,451f1588e8e61eff4c001219208a71766544231b9344631fce49af170166ae96b4ed000145,-36520.0,71171.0,-121697.0,98423.0,-133268.0,,0,0,0,0,0,1,1,0,ADV_IND,37,37,8,-1,0,-1,-1,3869,32,7,unknown,APPLE,
2420.295000000013,58:f2:14:83:62:9b,9b628314f2580201061916aafe40718f5ebaa741a7c6acec2cb6b708e14ec721bd6015,-10982.0,65605.0,-97302.0,102979.0,-141204.0,,0,0,0,0,0,1,1,0,ADV_IND,35,37,4,-1,0,-1,-1,1122,32,8,unknown,GOOGLE,
2420.295000000013,fe:cd:da:e7:17:a7,a717e7dacdfe1eff4c0012192014e348ac93987e878b16d86fac6900d4700d38533ef200a7,-26854.0,114421.0,-103602.0,97122.0,-133476.0,,0,0,0,0,0,1,1,0,ADV_IND,37,37,13,-1,0,-1,-1,4355,31,8,unknown,APPLE,
2422.6100000000006,58:f2:14:83:62:9b,9b628314f2580201061916aafe40718f5ebaa741a7c6acec2cb6b708e14ec721bd6015,-35490.0,81821.0,-73380.0,94724.0,-98119.0,,0,0,0,0,0,1,1,0,ADV_IND,35,37,3,-1,0,-1,-1,7136,32,8,unknown,GOOGLE,
2423.5510000000068,cf:37:da:93:f6:9f,9ff693da37cf1eff4c001219200375656d2c165717f11a11cb7237f3a032539471c8f5009f,-12922.0,91097.0,-78293.0,97172.0,-100612.0,,0,0,0,0,0,1,1,0,ADV_IND,37,37,5,-1,0,-1,-1,3137,32,8,unknown,APPLE,
2425.472000000009,e6:e8:88:15:1f:45,451f1588e8e61eff4c001219208a71766544231b9344631fce49af170166ae96b4ed000145,-26441.0,71972.0,-100078.0,92986.0,-131152.0,,0,0,0,0,0,1,1,0,ADV_IND,37,37,11,-1,0,-1,-1,4025,32,8,unknown,APPLE,
2425.472000000009,fe:cd:da:e7:17:a7,a717e7dacdfe1eff4c0012192014e348ac93987e878b16d86fac6900d4700d38533ef200a7,-32692.0,74301.0,-80318.0,86628.0,-104562.0,,0,0,0,0,0,1,1,0,ADV_IND,37,37,15,-1,0,-1,-1,1893,32,8,unknown,APPLE,
2426.2800000000134,fa:1f:fb:bc:6b:bd,bd6bbcfb1ffa1eff4c0012190071cabc4cead57f755ba227c4e3d47ae7bc577751e0400000,-20443.0,87449.0,-102077.0,93007.0,-162083.0,,0,0,0,0,0,1,1,2,ADV_NONCONN_IND,37,37,3,-1,0,-1,-1,3982,32,7,unknown,APPLE,
2426.2800000000134,f6:7f:67:2b:0f:68,680f2b677ff61eff4c00121964268e9f66560b039092ea96d382a0d83ae7cf9ca79f220268,-3468.0,70005.0,-91784.0,93983.0,-151550.0,,0,0,0,0,0,1,1,0,ADV_IND,37,37,6,-1,0,-1,-1,6711,28,7,unknown,APPLE,
2427.6330000000016,ef:83:e9:78:5b:d8,25666c3cf5f41eff4c00121910c4ae7bedf14240cd85e38faa329cbbc7be0f299a6ed703d6,-30054.0,87361.0,-124352.0,85389.0,-147856.0,,0,0,0,0,0,1,1,0,ADV_IND,37,37,10,-1,0,-1,-1,2812,31,8,unknown,APPLE,f4:f5:3c:6c:66:25
2427.6330000000016,fa:1f:fb:bc:6b:bd,bd6bbcfb1ffa1eff4c0012190071cabc4cead57f755ba227c4e3d47ae7bc577751e0400000,-4116.0,52183.0,-92727.0,82368.0,-134408.0,,0,0,0,0,0,1,1,2,ADV_NONCONN_IND,37,37,9,-1,0,-1,-1,2732,32,8,unknown,APPLE,
2427.6330000000016,fc:1a:2a:b4:a8:f0,f0a8b42a1afc1eff4c00121910102199b7de76657973110b23fe91684c43befb0b0cdb00f0,-15005.0,87851.0,-105992.0,87979.0,-149144.0,,0,0,0,0,0,1,1,0,ADV_IND,37,37,5,-1,0,-1,-1,3171,31,8,unknown,APPLE,
2428.511000000013,da:7e:4b:2c:40:08,08402c4b7eda1eff4c0012196481ba4f1af335aea59dcfa3d162957dab9248875130310008,-13939.0,41878.0,-100036.0,107381.0,-152334.0,,0,0,0,0,0,1,1,0,ADV_IND,37,37,6,-1,0,-1,-1,7309,32,8,unknown,APPLE,
2430.117000000013,fa:1f:fb:bc:6b:bd,bd6bbcfb1ffa1eff4c0012190071cabc4cead57f755ba227c4e3d47ae7bc577751e0400000,-15473.0,99634.0,-114379.0,88217.0,-145384.0,,0,0,0,0,0,1,1,2,ADV_NONCONN_IND,37,37,0,-1,0,-1,-1,5647,31,7,unknown,APPLE,
2433.402000000002,58:f2:14:83:62:9b,9b628314f2580201061916aafe40718f5ebaa741a7c6acec2cb6b708e14ec721bd6015,-11552.0,65659.0,-81829.0,100751.0,-105856.0,,0,0,0,0,0,1,1,0,ADV_IND,35,37,12,-1,0,-1,-1,3093,32,8,unknown,GOOGLE,
2435.3150000000023,58:f2:14:83:62:9b,9b628314f2580201061916aafe40718f5ebaa741a7c6acec2cb6b708e14ec721bd6015,-12988.0,66709.0,-86640.0,104909.0,-113782.0,,0,0,0,0,0,1,1,0,ADV_IND,35,37,10,-1,0,-1,-1,6031,32,8,unknown,GOOGLE,
2435.3150000000023,e6:e8:88:15:1f:45,451f1588e8e61eff4c001219208a71766544231b9344631fce49af170166ae96b4ed000145,-41006.0,56260.0,-103745.0,95278.0,-139274.0,,0,0,0,0,0,1,1,0,ADV_IND,37,37,8,-1,0,-1,-1,1772,31,7,unknown,APPLE,
2437.0650000000023,58:f2:14:83:62:9b,9b628314f2580201061916aafe40718f5ebaa741a7c6acec2cb6b708e14ec721bd6015,-17660.0,92581.0,-91375.0,107407.0,-139160.0,,0,0,0,0,0,1,1,0,ADV_IND,35,37,3,-1,0,-1,-1,3910,32,8,unknown,GOOGLE,
2437.0650000000023,fe:cd:da:e7:17:a7,a717e7dacdfe1eff4c0012192014e348ac93987e878b16d86fac6900d4700d38533ef200a7,0.0,78865.0,-80928.0,60989.0,-116176.0,,0,0,0,0,0,1,1,0,ADV_IND,37,37,5,-1,0,-1,-1,3173,32,8,unknown,APPLE,
2437.0650000000023,cf:37:da:93:f6:9f,9ff693da37cf1eff4c001219200375656d2c165717f11a11cb7237f3a032539471c8f5009f,0.0,95899.0,-110666.0,90848.0,-131704.0,,0,0,0,0,0,1,1,0,ADV_IND,37,37,8,-1,0,-1,-1,4561,32,8,unknown,APPLE,
2437.0650000000023,ef:83:e9:78:5b:d8,d85b78e983ef1eff4c001219101ee832f617cb6c784c5f33718bf2906e81b67394ab5301d8,-43606.0,49424.0,-117066.0,80005.0,-135716.0,,0,0,0,0,0,1,1,0,ADV_IND,37,37,4,-1,0,-1,-1,3143,32,7,unknown,APPLE,
2438.6240000000107,58:f2:14:83:62:9b,9b628314f2580201061916aafe40718f5ebaa741a7c6acec2cb6b708e14ec721bd6015,-23416.0,102718.0,-85744.0,79385.0,-113196.0,,0,0,0,0,0,1,1,0,ADV_IND,35,37,14,-1,0,-1,-1,6205,32,8,unknown,GOOGLE,
2439.629000000001,e6:e8:88:15:1f:45,451f1588e8e61eff4c001219208a71766544231b9344631fce49af170166ae96b4ed000145,-48463.0,70920.0,-86625.0,87366.0,-145454.0,,0,0,0,0,0,1,1,0,ADV_IND,37,37,4,-1,0,-1,-1,4424,32,8,unknown,APPLE,
2439.629000000001,ef:83:e9:78:5b:d8,d85b78e983ef1eff4c001219101ee832f617cb6c784c5f33718bf2906e81b67394ab5301d8,-43736.0,80775.0,-115912.0,55480.0,-152795.0,,0,0,0,0,0,1,1,0,ADV_IND,37,37,15,-1,0,-1,-1,6353,32,8,unknown,APPLE,
2439.629000000001,fe:cd:da:e7:17:a7,a717e7dacdfe1eff4c0012192014e348ac93987e878b16d86fac6900d4700d38533ef200a7,-4707.0,60738.0,-84984.0,82195.0,-123184.0,,0,0,0,0,0,1,1,0,ADV_IND,37,37,13,-1,0,-1,-1,3256,32,8,unknown,APPLE,
2441.242000000013,f5:ec:7d:ef:0a:97,970aef7decf51eff4c0012196468e567764a21c53bfe79cccad4bf968dc92c8640c8e20397,0.0,81948.0,-90972.0,102783.0,-154697.0,,0,0,0,0,0,1,1,0,ADV_IND,37,37,7,-1,0,-1,-1,1809,32,8,unknown,APPLE,
2441.9590000000026,58:f2:14:83:62:9b,9b628314f2580201061916aafe40718f5ebaa741a7c6acec2cb6b708e14ec721bd6015,-6431.0,61541.0,-77010.0,80773.0,-98312.0,,0,0,0,0,0,1,1,0,ADV_IND,35,37,13,-1,0,-1,-1,1350,32,8,unknown,GOOGLE,
2441.9590000000026,fe:cd:da:e7:17:a7,a717e7dacdfe1eff4c0012192014e348ac93987e878b16d86fac6900d4700d38533ef200a7,-22718.0,59146.0,-86645.0,78012.0,-103047.0,,0,0,0,0,0,1,1,0,ADV_IND,37,37,12,-1,0,-1,-1,1208,32,7,unknown,APPLE,
2443.7080000000133,e6:e8:88:15:1f:45,451f1588e8e61eff4c001219208a71766544231b9344631fce49af170166ae96b4ed000145,-31207.0,63948.0,-116546.0,85698.0,-118582.0,,0,0,0,0,0,1,1,0,ADV_IND,37,37,14,-1,0,-1,-1,8037,32,8,unknown,APPLE,
2445.668000000005,cf:37:da:93:f6:9f,9ff693da37cf1eff4c001219200375656d2c165717f11a11cb7237f3a032539471c8f5009f,-1762.0,105207.0,-116347.0,84176.0,-118028.0,,0,0,0,0,0,1,1,0,ADV_IND,37,37,0,-1,0,-1,-1,5230,30,8,unknown,APPLE,
2447.670000000013,cf:37:da:93:f6:9f,9ff693da37cf1eff4c001219200375656d2c165717f11a11cb7237f3a032539471c8f5009f,0.0,99196.0,-78615.0,75108.0,-104970.0,,0,0,0,0,0,1,1,0,ADV_IND,37,37,14,-1,0,-1,-1,4059,32,8,unknown,APPLE,
2447.670000000013,fe:cd:da:e7:17:a7,a717e7dacdfe1eff4c0012192014e348ac93987e878b16d86fac6900d4700d38533ef200a7,-31251.0,101095.0,-110476.0,89727.0,-133544.0,,0,0,0,0,0,1,1,0,ADV_IND,37,37,6,-1,0,-1,-1,7217,31,7,unknown,APPLE,
2447.670000000013,fc:1a:2a:b4:a8:f0,f0a8b42a1afc1eff4c00121910102199b7de76657973110b23fe91684c43befb0b0cdb00f0,-2342.0,66777.0,-97164.0,69105.0,-122529.0,,0,0,0,0,0,1,1,0,ADV_IND,37,37,1,-1,0,-1,-1,2600,32,8,unknown,APPLE,
2447.670000000013,58:f2:14:83:62:9b,9b628314f2580201061916aafe40718f5ebaa741a7c6acec2cb6b708e14ec721bd6015,-13112.0,101794.0,-101108.0,102896.0,-123503.0,,0,0,0,0,0,1,1,0,ADV_IND,35,37,14,-1,0,-1,-1,1037,32,8,unknown,GOOGLE,
2450.4630000000034,50:aa:ca:85:78:51,517885caaa500201061916aafe403f35e420d5cb55ccb7c814c1a80704603976ce6544,0.0,97601.0,-103328.0,112081.0,-154308.0,,0,0,0,0,0,1,1,0,ADV_IND,35,37,0,-1,0,-1,-1,1929,32,7,unknown,GOOGLE,
2450.4630000000034,e6:e8:88:15:1f:45,451f1588e8e61eff4c001219208a71766544231b9344631fce49af170166ae96b4ed000145,-41999.0,67428.0,-96513.0,78393.0,-128794.0,,0,0,0,0,0,1,1,0,ADV_IND,37,37,9,-1,0,-1,-1,7929,32,8,unknown,APPLE,
2452.9550000000017,e6:e8:88:15:1f:45,451f1588e8e61eff4c001219208a71766544231b9344631fce49af170166ae96b4ed000145,-42336.0,56593.0,-96689.0,68522.0,-125720.0,,0,0,0,0,0,1,1,0,ADV_IND,37,37,9,-1,0,-1,-1,3706,32,7,unknown,APPLE,
2453.8640000000014,e6:e8:88:15:1f:45,451f1588e8e61eff4c001219208a71766544231b9344631fce49af170166ae96b4ed000145,-32494.0,62256.0,-99101.0,76900.0,-139995.0,,0,0,0,0,0,1,1,0,ADV_IND,37,37,13,-1,0,-1,-1,3074,32,8,unknown,APPLE,
2455.7550000000047,cf:37:da:93:f6:9f,9ff693da37cf1eff4c001219200375656d2c165717f11a11cb7237f3a032539471c8f5009f,-2592.0,81582.0,-84540.0,72311.0,-74811.0,,0,0,0,0,0,1,1,0,ADV_IND,37,37,11,-1,0,-1,-1,7379,32,8,unknown,APPLE,
2455.7550000000047,e6:e8:88:15:1f:45,451f1588e8e61eff4c001219208a71766544231b9344631fce49af170166ae96b4ed000145,-40059.0,54725.0,-93633.0,91804.0,-128951.0,,0,0,0,0,0,1,1,0,ADV_IND,37,37,7,-1,0,-1,-1,4596,31,7,unknown,APPLE,
2457.2810000000027,50:aa:ca:85:78:51,517885caaa500201061916aafe403f35e420d5cb55ccb7c814c1a80704603976ce6544,-810.0,112974.0,-110162.0,99007.0,-150370.0,,0,0,0,0,0,1,1,0,ADV_IND,35,37,14,-1,0,-1,-1,3675,31,7,unknown,GOOGLE,
2458.3010000000068,f6:7f:67:2b:0f:68,680f2b677ff61eff4c00121964268e9f66560b039092ea96d382a0d83ae7cf9ca79f220268,-18864.0,57541.0,-74935.0,71015.0,-137051.0,,0,0,0,0,0,1,1,0,ADV_IND,37,37,5,-1,0,-1,-1,2072,32,8,unknown,APPLE,
2462.649000000005,fe:cd:da:e7:17:a7,a717e7dacdfe1eff4c0012192014e348ac93987e878b16d86fac6900d4700d38533ef200a7,-20708.0,74535.0,-97888.0,100764.0,-119886.0,,0,0,0,0,0,1,1,0,ADV_IND,37,37,3,-1,0,-1,-1,6365,32,8,unknown,APPLE,
2462.649000000005,e6:e8:88:15:1f:45,451f1588e8e61eff4c001219208a71766544231b9344631fce49af170166ae96b4ed000145,-48350.0,95720.0,-106174.0,95110.0,-150882.0,,0,0,0,0,0,1,1,0,ADV_IND,37,37,9,-1,0,-1,-1,5244,32,8,unknown,APPLE,
2464.7750000000087,ef:83:e9:78:5b:d8,d85b78e983ef1eff4c001219101ee832f617cb6c784c5f33718bf2906e81b67394ab5301d8,-42507.0,65102.0,-104697.0,66164.0,-148087.0,,0,0,0,0,0,1,1,0,ADV_IND,37,37,4,-1,0,-1,-1,2061,31,7,unknown,APPLE,
2464.7750000000087,fe:cd:da:e7:17:a7,a717e7dacdfe1eff4c0012192014e348ac93987e878b16d86fac6900d4700d38533ef200a7,-20756.0,72409.0,-73454.0,44410.0,-100252.0,,0,0,0,0,0,1,1,0,ADV_IND,37,37,12,-1,0,-1,-1,5791,32,8,unknown,APPLE,
2466.2160000000003,fa:1f:fb:bc:6b:bd,bd6bbcfb1ffa1eff4c0012190071cabc4cead57f755ba227c4e3d47ae7bc577751e0400000,-4929.0,53248.0,-99301.0,72353.0,-123211.0,,0,0,0,0,0,1,1,2,ADV_NONCONN_IND,37,37,8,-1,0,-1,-1,3530,32,8,unknown,APPLE,
2466.2160000000003,fe:cd:da:e7:17:a7,a717e7dacdfe1eff4c0012192014e348ac93987e878b16d86fac6900d4700d38533ef200a7,-11588.0,66515.0,-94260.0,61229.0,-76272.0,,0,0,0,0,0,1,1,0,ADV_IND,37,37,5,-1,0,-1,-1,4565,32,8,unknown,APPLE,
2467.659,fe:cd:da:e7:17:a7,a717e7dacdfe1eff4c0012192014e348ac93987e878b16d86fac6900d4700d38533ef200a7,-4179.0,105221.0,-108378.0,80594.0,-152645.0,,0,0,0,0,0,1,1,0,ADV_IND,37,37,10,-1,0,-1,-1,3267,32,8,unknown,APPLE,
2471.4630000000034,50:aa:ca:85:78:51,517885caaa500201061916aafe403f35e420d5cb55ccb7c814c1a80704603976ce6544,-7784.0,124225.0,-112310.0,110844.0,-144837.0,,0,0,0,0,0,1,1,0,ADV_IND,35,37,6,-1,0,-1,-1,4003,32,8,unknown,GOOGLE,
2471.4630000000034,fa:1f:fb:bc:6b:bd,bd6bbcfb1ffa1eff4c0012190071cabc4cead57f755ba227c4e3d47ae7bc577751e0400000,-24717.0,66838.0,-96768.0,93497.0,-135679.0,,0,0,0,0,0,1,1,2,ADV_NONCONN_IND,37,37,15,-1,0,-1,-1,6715,32,8,unknown,APPLE,
2471.4630000000034,fe:cd:da:e7:17:a7,a717e7dacdfe1eff4c0012192014e348ac93987e878b16d86fac6900d4700d38533ef200a7,-18267.0,91988.0,-110632.0,108344.0,-133110.0,,0,0,0,0,0,1,1,0,ADV_IND,37,37,10,-1,0,-1,-1,7754,32,8,unknown,APPLE,
2472.9050000000134,fe:cd:da:e7:17:a7,a717e7dacdfe1eff4c0012192014e348ac93987e878b16d86fac6900d4700d38533ef200a7,-7680.0,61307.0,-92802.0,85274.0,-106275.0,,0,0,0,0,0,1,1,0,ADV_IND,37,37,4,-1,0,-1,-1,5026,32,8,unknown,APPLE,
2472.9050000000134,fa:1f:fb:bc:6b:bd,bd6bbcfb1ffa1eff4c0012190071cabc4cead57f755ba227c4e3d47ae7bc577751e0400000,-45282.0,85945.0,-105784.0,93673.0,-151511.0,,0,0,0,0,0,1,1,2,ADV_NONCONN_IND,37,37,6,-1,0,-1,-1,3801,32,8,unknown,APPLE,
2472.9050000000134,50:aa:ca:85:78:51,517885caaa500201061916aafe403f35e420d5cb55ccb7c814c1a80704603976ce6544,5737.0,81077.0,-103234.0,112945.0,-122796.0,,0,0,0,0,0,1,1,0,ADV_IND,35,37,15,-1,0,-1,-1,1994,32,8,unknown,GOOGLE,
2474.0060000000085,fc:1a:2a:b4:a8:f0,f0a8b42a1afc1eff4c00121910102199b7de76657973110b23fe91684c43befb0b0cdb00f0,-25513.0,69484.0,-92423.0,86650.0,-151742.0,,0,0,0,0,0,1,1,0,ADV_IND,37,37,1,-1,0,-1,-1,5703,32,8,unknown,APPLE,
2474.0060000000085,fe:cd:da:e7:17:a7,a717e7dacdfe1eff4c0012192014e348ac93987e878b16d86fac6900d4700d38533ef200a7,-22512.0,103868.0,-101729.0,72316.0,-139062.0,,0,0,0,0,0,1,1,0,ADV_IND,37,37,7,-1,0,-1,-1,3325,32,8,unknown,APPLE,
2476.165000000008,50:aa:ca:85:78:51,517885caaa500201061916aafe403f35e420d5cb55ccb7c814c1a80704603976ce6544,3930.0,90917.0,-88487.0,131875.0,-140092.0,,0,0,0,0,0,1,1,0,ADV_IND,35,37,4,-1,0,-1,-1,5281,32,8,unknown,GOOGLE,
2476.165000000008,fa:1f:fb:bc:6b:bd,bd6bbcfb1ffa1eff4c0012190071cabc4cead57f755ba227c4e3d47ae7bc577751e0400000,-18751.0,80269.0,-107480.0,94437.0,-156921.0,,0,0,0,0,0,1,1,2,ADV_NONCONN_IND,37,37,2,-1,0,-1,-1,6391,32,8,unknown,APPLE,
2478.227000000013,50:aa:ca:85:78:51,517885caaa500201061916aafe403f35e420d5cb55ccb7c814c1a80704603976ce6544,4220.0,100038.0,-93807.0,110063.0,-137342.0,,0,0,0,0,0,1,1,0,ADV_IND,35,37,1,-1,0,-1,-1,3057,32,8,unknown,GOOGLE,
2480.2490000000107,fe:cd:da:e7:17:a7,a717e7dacdfe1eff4c0012192014e348ac93987e878b16d86fac6900d4700d38533ef200a7,-32086.0,66704.0,-95631.0,97972.0,-110961.0,,0,0,0,0,0,1,1,0,ADV_IND,37,37,13,-1,0,-1,-1,6521,32,8,unknown,APPLE,
2480.2490000000107,cf:37:da:93:f6:9f,9ff693da37cf1eff4c001219200375656d2c165717f11a11cb7237f3a032539471c8f5009f,0.0,67162.0,-91045.0,105581.0,-60584.0,,0,0,0,0,0,1,1,0,ADV_IND,37,37,8,-1,0,-1,-1,1503,32,8,unknown,APPLE,
2480.2490000000107,fa:1f:fb:bc:6b:bd,bd6bbcfb1ffa1eff4c0012190071cabc4cead57f755ba227c4e3d47ae7bc577751e0400000,-22951.0,81657.0,-105514.0,96255.0,-165185.0,,0,0,0,0,0,1,1,2,ADV_NONCONN_IND,37,37,11,-1,0,-1,-1,5250,31,8,unknown,APPLE,
2480.2490000000107,50:aa:ca:85:78:51,517885caaa500201061916aafe403f35e420d5cb55ccb7c814c1a80704603976ce6544,-321.0,110243.0,-80762.0,104448.0,-128657.0,,0,0,0,0,0,1,1,0,ADV_IND,35,37,12,-1,0,-1,-1,2004,32,8,unknown,GOOGLE,
2482.3290000000125,fe:cd:da:e7:17:a7,a717e7dacdfe1eff4c0012192014e348ac93987e878b16d86fac6900d4700d38533ef200a7,-30608.0,86965.0,-73918.0,58893.0,-121755.0,,0,0,0,0,0,1,1,0,ADV_IND,37,37,13,-1,0,-1,-1,6342,32,8,unknown,APPLE,
2486.534,fe:cd:da:e7:17:a7,a717e7dacdfe1eff4c0012192014e348ac93987e878b16d86fac6900d4700d38533ef200a7,-22707.0,74718.0,-84543.0,46500.0,-86898.0,,0,0,0,0,0,1,1,0,ADV_IND,37,37,12,-1,0,-1,-1,7703,32,8,unknown,APPLE,
2487.873000000007,fe:cd:da:e7:17:a7,a717e7dacdfe1eff4c0012192014e348ac93987e878b16d86fac6900d4700d38533ef200a7,-25981.0,83658.0,-86814.0,75754.0,-126159.0,,0,0,0,0,0,1,1,0,ADV_IND,37,37,9,-1,0,-1,-1,2547,32,8,unknown,APPLE,
2489.3510000000097,cf:37:da:93:f6:9f,9ff693da37cf1eff4c001219200375656d2c165717f11a11cb7237f3a032539471c8f5009f,-4722.0,81625.0,-102810.0,114404.0,-100735.0,,0,0,0,0,0,1,1,0,ADV_IND,37,37,3,-1,0,-1,-1,2943,32,8,unknown,APPLE,
2490.4760000000097,fa:1f:fb:bc:6b:bd,bd6bbcfb1ffa1eff4c0012190071cabc4cead57f755ba227c4e3d47ae7bc577751e0400000,-32764.0,76239.0,-98822.0,95690.0,-120356.0,,0,0,0,0,0,1,1,2,ADV_NONCONN_IND,37,37,10,-1,0,-1,-1,2071,32,7,unknown,APPLE,
2491.5850000000064,cf:37:da:93:f6:9f,9ff693da37cf1eff4c001219200375656d2c165717f11a11cb7237f3a032539471c8f5009f,-1868.0,74770.0,-88491.0,94744.0,-82494.0,,0,0,0,0,0,1,1,0,ADV_IND,37,37,13,-1,0,-1,-1,7009,30,7,unknown,APPLE,
2493.2160000000003,50:aa:ca:85:78:51,517885caaa500201061916aafe403f35e420d5cb55ccb7c814c1a80704603976ce6544,-10248.0,131506.0,-119958.0,111991.0,-138973.0,,0,0,0,0,0,1,1,0,ADV_IND,35,37,5,-1,0,-1,-1,7332,30,7,unknown,GOOGLE,
2493.2160000000003,fa:1f:fb:bc:6b:bd,bd6bbcfb1ffa1eff4c0012190071cabc4cead57f755ba227c4e3d47ae7bc577751e0400000,927.0,54502.0,-90596.0,63923.0,-138918.0,,0,0,0,0,0,1,1,2,ADV_NONCONN_IND,37,37,12,-1,0,-1,-1,3061,32,8,unknown,APPLE,
2494.9530000000086,cf:37:da:93:f6:9f,9ff693da37cf1eff4c001219200375656d2c165717f11a11cb7237f3a032539471c8f5009f,-1466.0,77695.0,-84185.0,96816.0,-97358.0,,0,0,0,0,0,1,1,0,ADV_IND,37,37,9,-1,0,-1,-1,6143,31,7,unknown,APPLE,
2494.9530000000086,fe:cd:da:e7:17:a7,a717e7dacdfe1eff4c0012192014e348ac93987e878b16d86fac6900d4700d38533ef200a7,-11850.0,52632.0,-103894.0,79650.0,-72324.0,,0,0,0,0,0,1,1,0,ADV_IND,37,37,10,-1,0,-1,-1,3327,32,8,unknown,APPLE,
2494.9530000000086,e6:e8:88:15:1f:45,451f1588e8e61eff4c001219208a71766544231b9344631fce49af170166ae96b4ed000145,-39581.0,68433.0,-92677.0,64841.0,-111748.0,,0,0,0,0,0,1,1,0,ADV_IND,37,37,1,-1,0,-1,-1,1594,32,8,unknown,APPLE,
2496.8480000000127,fa:1f:fb:bc:6b:bd,bd6bbcfb1ffa1eff4c0012190071cabc4cead57f755ba227c4e3d47ae7bc577751e0400000,-11486.0,49753.0,-99753.0,111369.0,-121316.0,,0,0,0,0,0,1,1,2,ADV_NONCONN_IND,37,37,13,-1,0,-1,-1,5279,31,8,unknown,APPLE,
2496.8480000000127,cf:37:da:93:f6:9f,9ff693da37cf1eff4c001219200375656d2c165717f11a11cb7237f3a032539471c8f5009f,2757.0,100461.0,-84210.0,94853.0,-119008.0,,0,0,0,0,0,1,1,0,ADV_IND,37,37,3,-1,0,-1,-1,2827,32,8,unknown,APPLE,
2498.5590000000084,fe:cd:da:e7:17:a7,a717e7dacdfe1eff4c0012192014e348ac93987e878b16d86fac6900d4700d38533ef200a7,-7538.0,81503.0,-83008.0,66105.0,-121923.0,,0,0,0,0,0,1,1,0,ADV_IND,37,37,9,-1,0,-1,-1,5557,32,8,unknown,APPLE,
2500.472000000009,fa:1f:fb:bc:6b:bd,bd6bbcfb1ffa1eff4c0012190071cabc4cead57f755ba227c4e3d47ae7bc577751e0400000,-16091.0,63269.0,-92000.0,72083.0,-157401.0,,0,0,0,0,0,1,1,2,ADV_NONCONN_IND,37,37,2,-1,0,-1,-1,2331,32,8,unknown,APPLE,
2500.472000000009,f5:ec:7d:ef:0a:97,970aef7decf51eff4c0012196468e567764a21c53bfe79cccad4bf968dc92c8640c8e20397,7331.0,83078.0,-94789.0,95330.0,-161924.0,,0,0,0,0,0,1,1,0,ADV_IND,37,37,5,-1,0,-1,-1,1341,32,7,unknown,APPLE,
2500.472000000009,fe:cd:da:e7:17:a7,a717e7dacdfe1eff4c0012192014e348ac93987e878b16d86fac6900d4700d38533ef200a7,-29101.0,99015.0,-90439.0,108544.0,-147660.0,,0,0,0,0,0,1,1,0,ADV_IND,37,37,14,-1,0,-1,-1,6989,32,8,unknown,APPLE,
2502.2370000000083,fe:cd:da:e7:17:a7,a717e7dacdfe1eff4c0012192014e348ac93987e878b16d86fac6900d4700d38533ef200a7,-6494.0,102903.0,-102902.0,65148.0,-125662.0,,0,0,0,0,0,1,1,0,ADV_IND,37,37,15,-1,0,-1,-1,4217,32,8,unknown,APPLE,
2502.2370000000083,f5:ec:7d:ef:0a:97,970aef7decf51eff4c0012196468e567764a21c53bfe79cccad4bf968dc92c8640c8e20397,12403.0,55866.0,-85242.0,98370.0,-158076.0,,0,0,0,0,0,1,1,0,ADV_IND,37,37,9,-1,0,-1,-1,2677,32,7,unknown,APPLE,
2504.0560000000114,e6:e8:88:15:1f:45,451f1588e8e61eff4c001219208a71766544231b9344631fce49af170166ae96b4ed000145,-58601.0,45262.0,-91213.0,97538.0,-137287.0,,0,0,0,0,0,1,1,0,ADV_IND,37,37,10,-1,0,-1,-1,2207,32,8,unknown,APPLE,
2504.0560000000114,fe:cd:da:e7:17:a7,a717e7dacdfe1eff4c0012192014e348ac93987e878b16d86fac6900d4700d38533ef200a7,-43826.0,74872.0,-84029.0,103669.0,-125270.0,,0,0,0,0,0,1,1,0,ADV_IND,37,37,15,-1,0,-1,-1,4354,32,8,unknown,APPLE,
2504.0560000000114,cf:37:da:93:f6:9f,9ff693da37cf1eff4c001219200375656d2c165717f11a11cb7237f3a032539471c8f5009f,-6952.0,120577.0,-103408.0,96996.0,-111808.0,,0,0,0,0,0,1,1,0,ADV_IND,37,37,13,-1,0,-1,-1,5474,31,7,unknown,APPLE,
2505.9080000000104,e6:e8:88:15:1f:45,451f1588e8e61eff4c001219208a71766544231b9344631fce49af170166ae96b4ed000145,-38785.0,62848.0,-89536.0,91531.0,-141599.0,,0,0,0,0,0,1,1,0,ADV_IND,37,37,2,-1,0,-1,-1,1964,32,7,unknown,APPLE,
2507.902000000002,ef:83:e9:78:5b:d8,d85b78e983ef1eff4c001219101ee832f617cb6c784c5f33718bf2906e81b67394ab5301d8,-21480.0,88488.0,-135862.0,51195.0,-160138.0,,0,0,0,0,0,1,1,0,ADV_IND,37,37,0,-1,0,-1,-1,4270,31,8,unknown,APPLE,
2507.902000000002,fe:cd:da:e7:17:a7,a717e7dacdfe1eff4c0012192014e348ac93987e878b16d86fac6900d4700d38533ef200a7,-5438.0,63846.0,-87750.0,56805.0,-73363.0,,0,0,0,0,0,1,1,0,ADV_IND,37,37,5,-1,0,-1,-1,3811,32,8,unknown,APPLE,
2509.688000000009,fe:cd:da:e7:17:a7,a717e7dacdfe1eff4c0012192014e348ac93987e878b16d86fac6900d4700d38533ef200a7,-22908.0,83052.0,-98600.0,89353.0,-122824.0,,0,0,0,0,0,1,1,0,ADV_IND,37,37,0,-1,0,-1,-1,2474,32,8,unknown,APPLE,
2511.450000000012,cf:37:da:93:f6:9f,9ff693da37cf1eff4c001219200375656d2c165717f11a11cb7237f3a032539471c8f5009f,0.0,91286.0,-94115.0,76794.0,-109182.0,,0,0,0,0,0,1,1,0,ADV_IND,37,37,15,-1,0,-1,-1,4420,31,8,unknown,APPLE,
2511.450000000012,da:7e:4b:2c:40:08,08402c4b7eda1eff4c0012196481ba4f1af335aea59dcfa3d162957dab9248875130310008,-7469.0,62565.0,-102712.0,70228.0,-132909.0,,0,0,0,0,0,1,1,0,ADV_IND,37,37,3,-1,0,-1,-1,3265,32,8,unknown,APPLE,
2515.5570000000007,cf:37:da:93:f6:9f,9ff693da37cf1eff4c001219200375656d2c165717f11a11cb7237f3a032539471c8f5009f,-22097.0,93498.0,-92280.0,106241.0,-107287.0,,0,0,0,0,0,1,1,0,ADV_IND,37,37,7,-1,0,-1,-1,7033,32,8,unknown,APPLE,
2515.5570000000007,fe:cd:da:e7:17:a7,a717e7dacdfe1eff4c0012192014e348ac93987e878b16d86fac6900d4700d38533ef200a7,-5717.0,64325.0,-90836.0,81494.0,-110308.0,,0,0,0,0,0,1,1,0,ADV_IND,37,37,8,-1,0,-1,-1,2743,32,8,unknown,APPLE,
2518.5030000000115,e6:e8:88:15:1f:45,451f1588e8e61eff4c001219208a71766544231b9344631fce49af170166ae96b4ed000145,-26282.0,54523.0,-87845.0,73511.0,-131002.0,,0,0,0,0,0,1,1,0,ADV_IND,37,37,4,-1,0,-1,-1,2556,32,8,unknown,APPLE,
2518.5030000000115,fe:cd:da:e7:17:a7,a717e7dacdfe1eff4c0012192014e348ac93987e878b16d86fac6900d4700d38533ef200a7,-13612.0,70688.0,-90040.0,70204.0,-106730.0,,0,0,0,0,0,1,1,0,ADV_IND,37,37,2,-1,0,-1,-1,5304,32,8,unknown,APPLE,
2520.219000000012,cf:37:da:93:f6:9f,9ff693da37cf1eff4c001219200375656d2c165717f11a11cb7237f3a032539471c8f5009f,-10258.0,85405.0,-84146.0,113660.0,-98173.0,,0,0,0,0,0,1,1,0,ADV_IND,37,37,3,-1,0,-1,-1,7151,32,8,unknown,APPLE,
2520.219000000012,da:7e:4b:2c:40:08,08402c4b7eda1eff4c0012196481ba4f1af335aea59dcfa3d162957dab9248875130310008,-21728.0,72408.0,-99292.0,94999.0,-156490.0,,0,0,0,0,0,1,1,0,ADV_IND,37,37,9,-1,0,-1,-1,5785,32,8,unknown,APPLE,
2522.082000000009,fe:cd:da:e7:17:a7,a717e7dacdfe1eff4c0012192014e348ac93987e878b16d86fac6900d4700d38533ef200a7,-19195.0,95022.0,-87728.0,94625.0,-148529.0,,0,0,0,0,0,1,1,0,ADV_IND,37,37,5,-1,0,-1,-1,2413,32,8,unknown,APPLE,
2522.082000000009,e8:2e:3a:81:d8:a9,25666c3cf5f41eff4c00121910c4ae7bedf14240cd85e38faa329cbbc7be0f299a6ed703d6,-26683.0,79860.0,-102939.0,90695.0,-135168.0,,0,0,0,0,0,1,1,0,ADV_IND,37,37,7,-1,0,-1,-1,7229,32,8,unknown,APPLE,f4:f5:3c:6c:66:25
2523.229000000006,e0:76:51:24:1b:d0,d01b245176e01eff4c00121900bb34e40069e9ac08ae750f00cf52fac5ecf2ca4e6bab0000,-19281.0,80993.0,-104684.0,98929.0,-150204.0,,0,0,0,0,0,1,1,2,ADV_NONCONN_IND,37,37,15,-1,0,-1,-1,7944,31,7,unknown,APPLE,
2524.4340000000084,fa:1f:fb:bc:6b:bd,bd6bbcfb1ffa1eff4c0012190071cabc4cead57f755ba227c4e3d47ae7bc577751e0400000,-36083.0,80108.0,-97138.0,102187.0,-148910.0,,0,0,0,0,0,1,1,2,ADV_NONCONN_IND,37,37,2,-1,0,-1,-1,6571,32,8,unknown,APPLE,
2524.4340000000084,e6:e8:88:15:1f:45,451f1588e8e61eff4c001219208a71766544231b9344631fce49af170166ae96b4ed000145,-47814.0,62161.0,-95603.0,89160.0,-138272.0,,0,0,0,0,0,1,1,0,ADV_IND,37,37,3,-1,0,-1,-1,6399,32,8,unknown,APPLE,
2524.4340000000084,fe:cd:da:e7:17:a7,a717e7dacdfe1eff4c0012192014e348ac93987e878b16d86fac6900d4700d38533ef200a7,-19776.0,90379.0,-93409.0,86312.0,-132257.0,,0,0,0,0,0,1,1,0,ADV_IND,37,37,11,-1,0,-1,-1,4265,32,8,unknown,APPLE,
2526.29800000001,cf:37:da:93:f6:9f,9ff693da37cf1eff4c001219200375656d2c165717f11a11cb7237f3a032539471c8f5009f,-14470.0,101286.0,-81293.0,87420.0,-121944.0,,0,0,0,0,0,1,1,0,ADV_IND,37,37,15,-1,0,-1,-1,1273,32,8,unknown,APPLE,
2528.207000000009,cf:37:da:93:f6:9f,9ff693da37cf1eff4c001219200375656d2c165717f11a11cb7237f3a032539471c8f5009f,3355.0,63549.0,-90878.0,101022.0,-82190.0,,0,0,0,0,0,1,1,0,ADV_IND,37,37,7,-1,0,-1,-1,3584,31,7,unknown,APPLE,
2530.0840000000026,cf:37:da:93:f6:9f,9ff693da37cf1eff4c001219200375656d2c165717f11a11cb7237f3a032539471c8f5009f,-2520.0,71844.0,-79949.0,90949.0,-80725.0,,0,0,0,0,0,1,1,0,ADV_IND,37,37,10,-1,0,-1,-1,6359,32,8,unknown,APPLE,
2530.0840000000026,f6:7f:67:2b:0f:68,680f2b677ff61eff4c00121964268e9f66560b039092ea96d382a0d83ae7cf9ca79f220268,-21305.0,59360.0,-90677.0,104754.0,-162732.0,,0,0,0,0,0,1,1,0,ADV_IND,37,37,11,-1,0,-1,-1,6094,32,7,unknown,APPLE,
2535.546000000002,ef:83:e9:78:5b:d8,d85b78e983ef1eff4c001219101ee832f617cb6c784c5f33718bf2906e81b67394ab5301d8,-36108.0,51373.0,-117056.0,53262.0,-118237.0,,0,0,0,0,0,1,1,0,ADV_IND,37,37,3,-1,0,-1,-1,5769,32,7,unknown,APPLE,
2537.227000000013,fe:cd:da:e7:17:a7,a717e7dacdfe1eff4c0012192014e348ac93987e878b16d86fac6900d4700d38533ef200a7,-25187.0,85908.0,-100690.0,98811.0,-120248.0,,0,0,0,0,0,1,1,0,ADV_IND,37,37,13,-1,0,-1,-1,4039,32,8,unknown,APPLE,
2538.759000000005,fe:cd:da:e7:17:a7,a717e7dacdfe1eff4c0012192014e348ac93987e878b16d86fac6900d4700d38533ef200a7,4554.0,60515.0,-103723.0,85063.0,-90245.0,,0,0,0,0,0,1,1,0,ADV_IND,37,37,7,-1,0,-1,-1,2830,32,8,unknown,APPLE,
2538.759000000005,50:aa:ca:85:78:51,517885caaa500201061916aafe403f35e420d5cb55ccb7c814c1a80704603976ce6544,-19838.0,116140.0,-84780.0,112705.0,-140686.0,,0,0,0,0,0,1,1,0,ADV_IND,35,37,12,-1,0,-1,-1,6303,29,7,unknown,GOOGLE,
2538.759000000005,da:7e:4b:2c:40:08,08402c4b7eda1eff4c0012196481ba4f1af335aea59dcfa3d162957dab9248875130310008,-7845.0,59752.0,-88853.0,71710.0,-125137.0,,0,0,0,0,0,1,1,0,ADV_IND,37,37,3,-1,0,-1,-1,4169,31,8,unknown,APPLE,
2540.297000000006,ef:83:e9:78:5b:d8,d85b78e983ef1eff4c001219101ee832f617cb6c784c5f33718bf2906e81b67394ab5301d8,-62277.0,79184.0,-105283.0,84640.0,-165895.0,,0,0,0,0,0,1,1,0,ADV_IND,37,37,3,-1,0,-1,-1,2911,32,8,unknown,APPLE,
2540.297000000006,fe:cd:da:e7:17:a7,a717e7dacdfe1eff4c0012192014e348ac93987e878b16d86fac6900d4700d38533ef200a7,-38972.0,87193.0,-81533.0,56946.0,-94293.0,,0,0,0,0,0,1,1,0,ADV_IND,37,37,2,-1,0,-1,-1,2384,30,8,unknown,APPLE,
2541.9890000000014,da:7e:4b:2c:40:08,08402c4b7eda1eff4c0012196481ba4f1af335aea59dcfa3d162957dab9248875130310008,-20449.0,95256.0,-103935.0,103018.0,-156644.0,,0,0,0,0,0,1,1,0,ADV_IND,37,37,1,-1,0,-1,-1,4334,30,8,unknown,APPLE,
2541.9890000000014,e8:2e:3a:81:d8:a9,25666c3cf5f41eff4c00121910c4ae7bedf14240cd85e38faa329cbbc7be0f299a6ed703d6,-27747.0,85569.0,-89748.0,74743.0,-130423.0,,0,0,0,0,0,1,1,0,ADV_IND,37,37,13,-1,0,-1,-1,4265,32,8,unknown,APPLE,f4:f5:3c:6c:66:25
2543.822,da:7e:4b:2c:40:08,08402c4b7eda1eff4c0012196481ba4f1af335aea59dcfa3d162957dab9248875130310008,-23207.0,57501.0,-85557.0,78177.0,-119470.0,,0,0,0,0,0,1,1,0,ADV_IND,37,37,11,-1,0,-1,-1,6852,32,8,unknown,APPLE,
2546.332000000009,50:aa:ca:85:78:51,517885caaa500201061916aafe403f35e420d5cb55ccb7c814c1a80704603976ce6544,710.0,117659.0,-109256.0,104471.0,-149529.0,,0,0,0,0,0,1,1,0,ADV_IND,35,37,6,-1,0,-1,-1,5019,32,7,unknown,GOOGLE,
2547.2880000000005,fa:1f:fb:bc:6b:bd,bd6bbcfb1ffa1eff4c0012190071cabc4cead57f755ba227c4e3d47ae7bc577751e0400000,-17904.0,67923.0,-102092.0,86186.0,-156702.0,,0,0,0,0,0,1,1,2,ADV_NONCONN_IND,37,37,1,-1,0,-1,-1,1289,32,8,unknown,APPLE,
2548.022000000012,fe:cd:da:e7:17:a7,a717e7dacdfe1eff4c0012192014e348ac93987e878b16d86fac6900d4700d38533ef200a7,-15655.0,66111.0,-80061.0,86305.0,-128411.0,,0,0,0,0,0,1,1,0,ADV_IND,37,37,12,-1,0,-1,-1,1306,32,8,unknown,APPLE,
2548.8380000000034,da:7e:4b:2c:40:08,08402c4b7eda1eff4c0012196481ba4f1af335aea59dcfa3d162957dab9248875130310008,0.0,55770.0,-98702.0,69183.0,-131368.0,,0,0,0,0,0,1,1,0,ADV_IND,37,37,13,-1,0,-1,-1,6123,32,8,unknown,APPLE,
2548.8380000000034,e0:76:51:24:1b:d0,d01b245176e01eff4c00121900bb34e40069e9ac08ae750f00cf52fac5ecf2ca4e6bab0000,-15100.0,62010.0,-110032.0,77670.0,-134962.0,,0,0,0,0,0,1,1,2,ADV_NONCONN_IND,37,37,6,-1,0,-1,-1,5108,32,8,unknown,APPLE,
2550.8600000000006,e6:e8:88:15:1f:45,451f1588e8e61eff4c001219208a71766544231b9344631fce49af170166ae96b4ed000145,-40200.0,58686.0,-93635.0,99455.0,-137000.0,,0,0,0,0,0,1,1,0,ADV_IND,37,37,11,-1,0,-1,-1,2754,32,8,unknown,APPLE,
2552.724000000002,fa:1f:fb:bc:6b:bd,bd6bbcfb1ffa1eff4c0012190071cabc4cead57f755ba227c4e3d47ae7bc577751e0400000,-40526.0,101830.0,-109754.0,96815.0,-148561.0,,0,0,0,0,0,1,1,2,ADV_NONCONN_IND,37,37,3,-1,0,-1,-1,3088,28,7,unknown,APPLE,
2558.754000000001,50:aa:ca:85:78:51,517885caaa500201061916aafe403f35e420d5cb55ccb7c814c1a80704603976ce6544,0.0,118029.0,-116748.0,101208.0,-150805.0,,0,0,0,0,0,1,1,0,ADV_IND,35,37,2,-1,0,-1,-1,2884,32,8,unknown,GOOGLE,
2559.7160000000003,e8:2e:3a:81:d8:a9,25666c3cf5f41eff4c00121910c4ae7bedf14240cd85e38faa329cbbc7be0f299a6ed70339,-28038.0,84503.0,-87070.0,74416.0,-124497.0,,0,0,0,0,0,1,1,0,ADV_IND,37,37,12,-1,0,-1,-1,3767,32,8,unknown,APPLE,f4:f5:3c:6c:66:25
2561.62000000001,50:aa:ca:85:78:51,517885caaa500201061916aafe403f35e420d5cb55ccb7c814c1a80704603976ce6544,5921.0,106006.0,-102473.0,109327.0,-152929.0,,0,0,0,0,0,1,1,0,ADV_IND,35,37,0,-1,0,-1,-1,1101,32,8,unknown,GOOGLE,
2561.62000000001,fc:1a:2a:b4:a8:f0,f0a8b42a1afc1eff4c00121910102199b7de76657973110b23fe91684c43befb0b0cdb00f5,-6442.0,61097.0,-99639.0,83939.0,-117522.0,,0,0,0,0,0,1,1,0,ADV_IND,37,37,4,-1,0,-1,-1,7767,32,8,unknown,APPLE,
2563.3510000000097,ef:83:e9:78:5b:d8,d85b78e983ef1eff4c001219101ee832f617cb6c784c5f33718bf2906e81b67394ab530184,-32653.0,23865.0,-132282.0,68823.0,-117363.0,,0,0,0,0,0,1,1,0,ADV_IND,37,37,14,-1,0,-1,-1,7494,31,7,unknown,APPLE,
2563.3510000000097,50:aa:ca:85:78:51,517885caaa500201061916aafe403f35e420d5cb55ccb7c814c1a80704603976ce6544,3934.0,83029.0,-92167.0,114939.0,-133744.0,,0,0,0,0,0,1,1,0,ADV_IND,35,37,3,-1,0,-1,-1,3925,32,7,unknown,GOOGLE,
2565.194000000003,50:aa:ca:85:78:51,517885caaa500201061916aafe403f35e420d5cb55ccb7c814c1a80704603976ce6544,-4351.0,93991.0,-77324.0,103563.0,-123306.0,,0,0,0,0,0,1,1,0,ADV_IND,35,37,3,-1,0,-1,-1,4693,32,8,unknown,GOOGLE,
2565.194000000003,fa:1f:fb:bc:6b:bd,bd6bbcfb1ffa1eff4c0012190071cabc4cead57f755ba227c4e3d47ae7bc577751e0400000,-34589.0,80193.0,-89255.0,92921.0,-136682.0,,0,0,0,0,0,1,1,2,ADV_NONCONN_IND,37,37,8,-1,0,-1,-1,1025,32,8,unknown,APPLE,
2569.699000000008,cf:37:da:93:f6:9f,9ff693da37cf1eff4c001219200375656d2c165717f11a11cb7237f3a032539471c8f50011,-10046.0,101253.0,-93395.0,84900.0,-128171.0,,0,0,0,0,0,1,1,0,ADV_IND,37,37,11,-1,0,-1,-1,1603,32,7,unknown,APPLE,
2569.699000000008,50:aa:ca:85:78:51,517885caaa500201061916aafe403f35e420d5cb55ccb7c814c1a80704603976ce6544,5003.0,100436.0,-111735.0,120329.0,-151654.0,,0,0,0,0,0,1,1,0,ADV_IND,35,37,3,-1,0,-1,-1,5861,31,8,unknown,GOOGLE,
2569.699000000008,f5:ec:7d:ef:0a:97,970aef7decf51eff4c0012196068e567764a21c53bfe79cccad4bf968dc92c8640c8e203ae,1150.0,55032.0,-85224.0,69475.0,-130971.0,,0,0,0,0,0,1,1,0,ADV_IND,37,37,8,-1,0,-1,-1,2553,32,7,unknown,APPLE,
2571.573000000004,cf:37:da:93:f6:9f,9ff693da37cf1eff4c001219200375656d2c165717f11a11cb7237f3a032539471c8f50011,-8000.0,112446.0,-94740.0,103283.0,-132734.0,,0,0,0,0,0,1,1,0,ADV_IND,37,37,3,-1,0,-1,-1,2645,32,7,unknown,APPLE,
2571.573000000004,f6:7f:67:2b:0f:68,680f2b677ff61eff4c00121960268e9f66560b039092ea96d382a0d83ae7cf9ca79f2202a1,4440.0,59372.0,-75050.0,61392.0,-130277.0,,0,0,0,0,0,1,1,0,ADV_IND,37,37,0,-1,0,-1,-1,7677,32,8,unknown,APPLE,
2571.573000000004,f5:ec:7d:ef:0a:97,970aef7decf51eff4c0012196068e567764a21c53bfe79cccad4bf968dc92c8640c8e203ae,-9704.0,57954.0,-86859.0,73004.0,-102629.0,,0,0,0,0,0,1,1,0,ADV_IND,37,37,8,-1,0,-1,-1,5013,31,8,unknown,APPLE,
2573.419000000009,ef:83:e9:78:5b:d8,d85b78e983ef1eff4c001219101ee832f617cb6c784c5f33718bf2906e81b67394ab530184,-39041.0,35476.0,-116260.0,71904.0,-139377.0,,0,0,0,0,0,1,1,0,ADV_IND,37,37,4,-1,0,-1,-1,7445,32,8,unknown,APPLE,
2574.849000000002,ef:83:e9:78:5b:d8,d85b78e983ef1eff4c001219101ee832f617cb6c784c5f33718bf2906e81b67394ab530184,-38098.0,38470.0,-106243.0,52905.0,-147281.0,,0,0,0,0,0,1,1,0,ADV_IND,37,37,0,-1,0,-1,-1,5533,31,8,unknown,APPLE,
2574.849000000002,50:aa:ca:85:78:51,517885caaa500201061916aafe403f35e420d5cb55ccb7c814c1a80704603976ce6544,-9611.0,108031.0,-81492.0,88878.0,-124184.0,,0,0,0,0,0,1,1,0,ADV_IND,35,37,0,-1,0,-1,-1,4891,32,8,unknown,GOOGLE,
2578.600000000006,50:aa:ca:85:78:51,517885caaa500201061916aafe403f35e420d5cb55ccb7c814c1a80704603976ce6544,701.0,86984.0,-93647.0,106738.0,-116695.0,,0,0,0,0,0,1,1,0,ADV_IND,35,37,10,-1,0,-1,-1,6921,32,8,unknown,GOOGLE,
2578.600000000006,da:7e:4b:2c:40:08,08402c4b7eda1eff4c0012196081ba4f1af335aea59dcfa3d162957dab92488751303100c3,-16331.0,67904.0,-109609.0,106555.0,-166392.0,,0,0,0,0,0,1,1,0,ADV_IND,37,37,9,-1,0,-1,-1,6255,31,7,unknown,APPLE,
2579.886000000013,ef:83:e9:78:5b:d8,d85b78e983ef1eff4c001219101ee832f617cb6c784c5f33718bf2906e81b67394ab530184,-31440.0,40727.0,-116677.0,70753.0,-135023.0,,0,0,0,0,0,1,1,0,ADV_IND,37,37,14,-1,0,-1,-1,6055,32,8,unknown,APPLE,
2579.886000000013,f6:7f:67:2b:0f:68,680f2b677ff61eff4c00121960268e9f66560b039092ea96d382a0d83ae7cf9ca79f2202a1,-11029.0,88025.0,-88358.0,77240.0,-156145.0,,0,0,0,0,0,1,1,0,ADV_IND,37,37,6,-1,0,-1,-1,5659,32,7,unknown,APPLE,
2581.4030000000057,50:aa:ca:85:78:51,517885caaa500201061916aafe403f35e420d5cb55ccb7c814c1a80704603976ce6544,-3764.0,82947.0,-91853.0,114591.0,-113742.0,,0,0,0,0,0,1,1,0,ADV_IND,35,37,4,-1,0,-1,-1,1455,32,8,unknown,GOOGLE,
2582.502000000008,50:aa:ca:85:78:51,517885caaa500201061916aafe403f35e420d5cb55ccb7c814c1a80704603976ce6544,11215.0,100391.0,-104845.0,117510.0,-126884.0,,0,0,0,0,0,1,1,0,ADV_IND,35,37,9,-1,0,-1,-1,2947,32,8,unknown,GOOGLE,
2582.502000000008,e6:e8:88:15:1f:45,451f1588e8e61eff4c001219208a71766544231b9344631fce49af170166ae96b4ed000167,-52047.0,56968.0,-103852.0,91090.0,-126340.0,,0,0,0,0,0,1,1,0,ADV_IND,37,37,7,-1,0,-1,-1,7656,32,8,unknown,APPLE,
2584.439000000013,e6:e8:88:15:1f:45,451f1588e8e61eff4c001219208a71766544231b9344631fce49af170166ae96b4ed000167,-52180.0,78140.0,-97701.0,99487.0,-156533.0,,0,0,0,0,0,1,1,0,ADV_IND,37,37,1,-1,0,-1,-1,7595,32,8,unknown,APPLE,
2584.439000000013,cf:37:da:93:f6:9f,9ff693da37cf1eff4c001219200375656d2c165717f11a11cb7237f3a032539471c8f50011,-7456.0,103894.0,-101883.0,106866.0,-103284.0,,0,0,0,0,0,1,1,0,ADV_IND,37,37,0,-1,0,-1,-1,6838,32,7,unknown,APPLE,
2584.439000000013,fe:cd:da:e7:17:a7,a717e7dacdfe1eff4c0012192014e348ac93987e878b16d86fac6900d4700d38533ef2002c,-34440.0,88996.0,-69570.0,71115.0,-101024.0,,0,0,0,0,0,1,1,0,ADV_IND,37,37,12,-1,0,-1,-1,2954,32,8,unknown,APPLE,
2584.439000000013,fa:1f:fb:bc:6b:bd,bd6bbcfb1ffa1eff4c0012190071cabc4cead57f755ba227c4e3d47ae7bc577751e0400000,-15706.0,72084.0,-90893.0,76642.0,-161952.0,,0,0,0,0,0,1,1,2,ADV_NONCONN_IND,37,37,7,-1,0,-1,-1,6610,32,8,unknown,APPLE,
2584.439000000013,ef:83:e9:78:5b:d8,d85b78e983ef1eff4c001219101ee832f617cb6c784c5f33718bf2906e81b67394ab530184,-30118.0,50517.0,-101952.0,44805.0,-138932.0,,0,0,0,0,0,1,1,0,ADV_IND,37,37,9,-1,0,-1,-1,2039,32,8,unknown,APPLE,
2585.6140000000014,f6:7f:67:2b:0f:68,680f2b677ff61eff4c00121960268e9f66560b039092ea96d382a0d83ae7cf9ca79f2202a1,-5306.0,41227.0,-71133.0,70617.0,-135363.0,,0,0,0,0,0,1,1,0,ADV_IND,37,37,11,-1,0,-1,-1,7905,32,8,unknown,APPLE,
2586.9260000000068,e6:e8:88:15:1f:45,451f1588e8e61eff4c001219208a71766544231b9344631fce49af170166ae96b4ed000167,-51746.0,50207.0,-108567.0,76815.0,-113298.0,,0,0,0,0,0,1,1,0,ADV_IND,37,37,7,-1,0,-1,-1,6362,32,8,unknown,APPLE,
2588.0380000000005,fa:1f:fb:bc:6b:bd,bd6bbcfb1ffa1eff4c0012190071cabc4cead57f755ba227c4e3d47ae7bc577751e0400000,-23063.0,72625.0,-92886.0,91602.0,-139844.0,,0,0,0,0,0,1,1,2,ADV_NONCONN_IND,37,37,8,-1,0,-1,-1,6500,32,7,unknown,APPLE,
2589.7580000000016,da:7e:4b:2c:40:08,08402c4b7eda1eff4c0012196081ba4f1af335aea59dcfa3d162957dab92488751303100c3,-28136.0,51500.0,-85074.0,76899.0,-136191.0,,0,0,0,0,0,1,1,0,ADV_IND,37,37,5,-1,0,-1,-1,2512,32,8,unknown,APPLE,
2590.647000000012,e6:e8:88:15:1f:45,451f1588e8e61eff4c001219208a71766544231b9344631fce49af170166ae96b4ed000167,-35227.0,55782.0,-87265.0,67126.0,-130710.0,,0,0,0,0,0,1,1,0,ADV_IND,37,37,0,-1,0,-1,-1,2014,32,8,unknown,APPLE,
2590.647000000012,fe:cd:da:e7:17:a7,a717e7dacdfe1eff4c0012192014e348ac93987e878b16d86fac6900d4700d38533ef2002c,-16184.0,83095.0,-97311.0,63357.0,-140843.0,,0,0,0,0,0,1,1,0,ADV_IND,37,37,1,-1,0,-1,-1,3361,32,7,unknown,APPLE,
2593.540000000008,e6:e8:88:15:1f:45,451f1588e8e61eff4c001219208a71766544231b9344631fce49af170166ae96b4ed000167,-52611.0,67436.0,-115084.0,96773.0,-125532.0,,0,0,0,0,0,1,1,0,ADV_IND,37,37,8,-1,0,-1,-1,6513,32,8,unknown,APPLE,
2593.540000000008,cc:60:af:32:64:bf,25666c3cf5f41eff4c00121910c4ae7bedf14240cd85e38faa329cbbc7be0f299a6ed70339,-19626.0,80191.0,-99217.0,74650.0,-158199.0,,0,0,0,0,0,1,1,0,ADV_IND,37,37,2,-1,0,-1,-1,8040,32,8,unknown,APPLE,f4:f5:3c:6c:66:25
2594.803,50:aa:ca:85:78:51,517885caaa500201061916aafe403f35e420d5cb55ccb7c814c1a80704603976ce6544,-12772.0,128827.0,-112648.0,114736.0,-143739.0,,0,0,0,0,0,1,1,0,ADV_IND,35,37,11,-1,0,-1,-1,2631,32,8,unknown,GOOGLE,
2594.803,fe:cd:da:e7:17:a7,a717e7dacdfe1eff4c0012192014e348ac93987e878b16d86fac6900d4700d38533ef2002c,-25681.0,80014.0,-74545.0,70691.0,-113331.0,,0,0,0,0,0,1,1,0,ADV_IND,37,37,0,-1,0,-1,-1,2765,32,8,unknown,APPLE,
2596.645000000004,fe:cd:da:e7:17:a7,a717e7dacdfe1eff4c0012192014e348ac93987e878b16d86fac6900d4700d38533ef2002c,-23008.0,86660.0,-77298.0,41817.0,-87099.0,,0,0,0,0,0,1,1,0,ADV_IND,37,37,14,-1,0,-1,-1,3743,32,8,unknown,APPLE,
2596.645000000004,f6:7f:67:2b:0f:68,680f2b677ff61eff4c00121960268e9f66560b039092ea96d382a0d83ae7cf9ca79f2202a1,-39536.0,105423.0,-92574.0,95960.0,-154890.0,,0,0,0,0,0,1,1,0,ADV_IND,37,37,12,-1,0,-1,-1,2171,31,7,unknown,APPLE,
2596.645000000004,50:aa:ca:85:78:51,517885caaa500201061916aafe403f35e420d5cb55ccb7c814c1a80704603976ce6544,2181.0,90739.0,-86533.0,102855.0,-119456.0,,0,0,0,0,0,1,1,0,ADV_IND,35,37,7,-1,0,-1,-1,3894,32,8,unknown,GOOGLE,
2600.4080000000104,fe:cd:da:e7:17:a7,a717e7dacdfe1eff4c0012192014e348ac93987e878b16d86fac6900d4700d38533ef2002c,-15959.0,62488.0,-91832.0,56897.0,-74981.0,,0,0,0,0,0,1,1,0,ADV_IND,37,37,1,-1,0,-1,-1,3099,32,8,unknown,APPLE,
2603.1630000000005,fe:cd:da:e7:17:a7,a717e7dacdfe1eff4c0012192014e348ac93987e878b16d86fac6900d4700d38533ef2002c,-26349.0,79468.0,-87448.0,95309.0,-120768.0,,0,0,0,0,0,1,1,0,ADV_IND,37,37,10,-1,0,-1,-1,5135,32,8,unknown,APPLE,
2603.1630000000005,fa:1f:fb:bc:6b:bd,bd6bbcfb1ffa1eff4c0012190071cabc4cead57f755ba227c4e3d47ae7bc577751e0400000,-34444.0,68029.0,-95014.0,104014.0,-134265.0,,0,0,0,0,0,1,1,2,ADV_NONCONN_IND,37,37,4,-1,0,-1,-1,4108,32,8,unknown,APPLE,
2604.951000000001,fe:cd:da:e7:17:a7,a717e7dacdfe1eff4c0012192014e348ac93987e878b16d86fac6900d4700d38533ef2002c,-26080.0,70753.0,-93647.0,77110.0,-100427.0,,0,0,0,0,0,1,1,0,ADV_IND,37,37,10,-1,0,-1,-1,4151,32,8,unknown,APPLE,
2607.9530000000086,fe:cd:da:e7:17:a7,a717e7dacdfe1eff4c0012192014e348ac93987e878b16d86fac6900d4700d38533ef2002c,-14290.0,56739.0,-89262.0,90734.0,-124505.0,,0,0,0,0,0,1,1,0,ADV_IND,37,37,5,-1,0,-1,-1,3106,32,8,unknown,APPLE,
2607.9530000000086,e6:e8:88:15:1f:45,451f1588e8e61eff4c001219208a71766544231b9344631fce49af170166ae96b4ed000167,-63297.0,109658.0,-125103.0,86836.0,-153285.0,,0,0,0,0,0,1,1,0,ADV_IND,37,37,5,-1,0,-1,-1,6781,31,7,unknown,APPLE,
2608.826000000001,50:aa:ca:85:78:51,517885caaa500201061916aafe403f35e420d5cb55ccb7c814c1a80704603976ce6544,-7278.0,122825.0,-96370.0,117726.0,-151028.0,,0,0,0,0,0,1,1,0,ADV_IND,35,37,2,-1,0,-1,-1,6895,32,7,unknown,GOOGLE,
2610.314000000013,fe:cd:da:e7:17:a7,a717e7dacdfe1eff4c0012192014e348ac93987e878b16d86fac6900d4700d38533ef2002c,-11582.0,94466.0,-82904.0,74790.0,-105784.0,,0,0,0,0,0,1,1,0,ADV_IND,37,37,6,-1,0,-1,-1,6353,32,8,unknown,APPLE,
2610.314000000013,fa:1f:fb:bc:6b:bd,bd6bbcfb1ffa1eff4c0012190071cabc4cead57f755ba227c4e3d47ae7bc577751e0400000,502.0,54175.0,-98280.0,85259.0,-122567.0,,0,0,0,0,0,1,1,2,ADV_NONCONN_IND,37,37,1,-1,0,-1,-1,7528,32,8,unknown,APPLE,
2612.0520000000106,fc:1a:2a:b4:a8:f0,f0a8b42a1afc1eff4c00121910102199b7de76657973110b23fe91684c43befb0b0cdb00f5,-19771.0,61029.0,-97542.0,64580.0,-120708.0,,0,0,0,0,0,1,1,0,ADV_IND,37,37,8,-1,0,-1,-1,7304,32,8,unknown,APPLE,
2612.0520000000106,fa:1f:fb:bc:6b:bd,bd6bbcfb1ffa1eff4c0012190071cabc4cead57f755ba227c4e3d47ae7bc577751e0400000,-9587.0,69404.0,-101083.0,88927.0,-162982.0,,0,0,0,0,0,1,1,2,ADV_NONCONN_IND,37,37,3,-1,0,-1,-1,4441,32,8,unknown,APPLE,
2612.0520000000106,cc:60:af:32:64:bf,25666c3cf5f41eff4c00121910c4ae7bedf14240cd85e38faa329cbbc7be0f299a6ed70339,-33192.0,81157.0,-82943.0,79862.0,-113509.0,,0,0,0,0,0,1,1,0,ADV_IND,37,37,13,-1,0,-1,-1,6242,32,8,unknown,APPLE,f4:f5:3c:6c:66:25
2613.8020000000106,ef:83:e9:78:5b:d8,d85b78e983ef1eff4c001219101ee832f617cb6c784c5f33718bf2906e81b67394ab530184,-42928.0,53407.0,-113686.0,57261.0,-126620.0,,0,0,0,0,0,1,1,0,ADV_IND,37,37,15,-1,0,-1,-1,3082,32,8,unknown,APPLE,
2615.575000000012,cf:37:da:93:f6:9f,9ff693da37cf1eff4c001219200375656d2c165717f11a11cb7237f3a032539471c8f50011,-4336.0,78695.0,-80882.0,72400.0,-71460.0,,0,0,0,0,0,1,1,0,ADV_IND,37,37,1,-1,0,-1,-1,1802,32,7,unknown,APPLE,
2615.575000000012,fa:1f:fb:bc:6b:bd,bd6bbcfb1ffa1eff4c0012190071cabc4cead57f755ba227c4e3d47ae7bc577751e0400000,-14106.0,74897.0,-104772.0,78882.0,-108973.0,,0,0,0,0,0,1,1,2,ADV_NONCONN_IND,37,37,13,-1,0,-1,-1,7982,31,8,unknown,APPLE,
2617.4840000000117,fa:1f:fb:bc:6b:bd,bd6bbcfb1ffa1eff4c0012190071cabc4cead57f755ba227c4e3d47ae7bc577751e0400000,0.0,70719.0,-122041.0,85569.0,-147591.0,,0,0,0,0,0,1,1,2,ADV_NONCONN_IND,37,37,11,-1,0,-1,-1,7283,30,7,unknown,APPLE,
2617.4840000000117,ef:83:e9:78:5b:d8,d85b78e983ef1eff4c001219101ee832f617cb6c784c5f33718bf2906e81b67394ab530184,-34964.0,66336.0,-138589.0,59082.0,-150556.0,,0,0,0,0,0,1,1,0,ADV_IND,37,37,2,-1,0,-1,-1,1524,30,7,unknown,APPLE,
2617.4840000000117,fe:cd:da:e7:17:a7,a717e7dacdfe1eff4c0012192014e348ac93987e878b16d86fac6900d4700d38533ef2002c,-26226.0,108891.0,-76646.0,92611.0,-130336.0,,0,0,0,0,0,1,1,0,ADV_IND,37,37,7,-1,0,-1,-1,6216,32,8,unknown,APPLE,
2618.6840000000084,50:aa:ca:85:78:51,517885caaa500201061916aafe403f35e420d5cb55ccb7c814c1a80704603976ce6544,5498.0,80167.0,-111162.0,126411.0,-112859.0,,0,0,0,0,0,1,1,0,ADV_IND,35,37,9,-1,0,-1,-1,2004,32,8,unknown,GOOGLE,
2620.159,fe:cd:da:e7:17:a7,a717e7dacdfe1eff4c0012192014e348ac93987e878b16d86fac6900d4700d38533ef2002c,-11429.0,79789.0,-68625.0,71565.0,-116155.0,,0,0,0,0,0,1,1,0,ADV_IND,37,37,13,-1,0,-1,-1,7165,32,8,unknown,APPLE,
2621.029000000009,ef:83:e9:78:5b:d8,d85b78e983ef1eff4c001219101ee832f617cb6c784c5f33718bf2906e81b67394ab530184,-49429.0,103500.0,-113518.0,63713.0,-158317.0,,0,0,0,0,0,1,1,0,ADV_IND,37,37,9,-1,0,-1,-1,7499,32,7,unknown,APPLE,
2623.948000000004,50:aa:ca:85:78:51,517885caaa500201061916aafe403f35e420d5cb55ccb7c814c1a80704603976ce6544,2453.0,131100.0,-125009.0,114169.0,-140346.0,,0,0,0,0,0,1,1,0,ADV_IND,35,37,6,-1,0,-1,-1,7362,31,7,unknown,GOOGLE,
2623.948000000004,cf:37:da:93:f6:9f,9ff693da37cf1eff4c001219200375656d2c165717f11a11cb7237f3a032539471c8f50011,-26111.0,112538.0,-90920.0,86207.0,-104578.0,,0,0,0,0,0,1,1,0,ADV_IND,37,37,4,-1,0,-1,-1,6988,32,7,unknown,APPLE,
2623.948000000004,f6:7f:67:2b:0f:68,680f2b677ff61eff4c00121960268e9f66560b039092ea96d382a0d83ae7cf9ca79f2202a1,-4969.0,39355.0,-76347.0,82850.0,-124064.0,,0,0,0,0,0,1,1,0,ADV_IND,37,37,3,-1,0,-1,-1,1187,32,7,unknown,APPLE,
2625.899000000005,cf:37:da:93:f6:9f,9ff693da37cf1eff4c001219200375656d2c165717f11a11cb7237f3a032539471c8f50011,-4710.0,69589.0,-88150.0,106822.0,-72152.0,,0,0,0,0,0,1,1,0,ADV_IND,37,37,8,-1,0,-1,-1,6768,32,8,unknown,APPLE,
2625.899000000005,50:aa:ca:85:78:51,517885caaa500201061916aafe403f35e420d5cb55ccb7c814c1a80704603976ce6544,-1959.0,92324.0,-72963.0,89165.0,-127518.0,,0,0,0,0,0,1,1,0,ADV_IND,35,37,8,-1,0,-1,-1,6294,32,8,unknown,GOOGLE,
2625.899000000005,fa:1f:fb:bc:6b:bd,bd6bbcfb1ffa1eff4c0012190071cabc4cead57f755ba227c4e3d47ae7bc577751e0400000,-29093.0,76618.0,-100385.0,81604.0,-157198.0,,0,0,0,0,0,1,1,2,ADV_NONCONN_IND,37,37,6,-1,0,-1,-1,4577,32,7,unknown,APPLE,
2627.4800000000105,f6:7f:67:2b:0f:68,680f2b677ff61eff4c00121960268e9f66560b039092ea96d382a0d83ae7cf9ca79f2202a1,-17066.0,79013.0,-98358.0,99333.0,-138469.0,,0,0,0,0,0,1,1,0,ADV_IND,37,37,5,-1,0,-1,-1,4633,32,8,unknown,APPLE,
2628.867000000013,fe:cd:da:e7:17:a7,a717e7dacdfe1eff4c0012192014e348ac93987e878b16d86fac6900d4700d38533ef2002c,-20817.0,75616.0,-75451.0,78218.0,-115116.0,,0,0,0,0,0,1,1,0,ADV_IND,37,37,13,-1,0,-1,-1,1797,32,8,unknown,APPLE,
2628.867000000013,e6:e8:88:15:1f:45,451f1588e8e61eff4c001219208a71766544231b9344631fce49af170166ae96b4ed000167,-57671.0,74557.0,-114460.0,79513.0,-142011.0,,0,0,0,0,0,1,1,0,ADV_IND,37,37,7,-1,0,-1,-1,7680,32,7,unknown,APPLE,
2630.004000000001,e6:e8:88:15:1f:45,451f1588e8e61eff4c001219208a71766544231b9344631fce49af170166ae96b4ed000167,-48817.0,79590.0,-111878.0,86796.0,-152563.0,,0,0,0,0,0,1,1,0,ADV_IND,37,37,12,-1,0,-1,-1,3699,31,7,unknown,APPLE,
2631.744000000006,50:aa:ca:85:78:51,517885caaa500201061916aafe403f35e420d5cb55ccb7c814c1a80704603976ce6544,2518.0,119544.0,-105957.0,103879.0,-144899.0,,0,0,0,0,0,1,1,0,ADV_IND,35,37,7,-1,0,-1,-1,3877,32,8,unknown,GOOGLE,
2632.998000000007,cc:60:af:32:64:bf,25666c3cf5f41eff4c00121910c4ae7bedf14240cd85e38faa329cbbc7be0f299a6ed70339,-18789.0,62287.0,-107266.0,102622.0,-136823.0,,0,0,0,0,0,1,1,0,ADV_IND,37,37,8,-1,0,-1,-1,4468,32,8,unknown,APPLE,f4:f5:3c:6c:66:25
2632.998000000007,e6:e8:88:15:1f:45,451f1588e8e61eff4c001219208a71766544231b9344631fce49af170166ae96b4ed000167,-36026.0,86326.0,-122105.0,101727.0,-142993.0,,0,0,0,0,0,1,1,0,ADV_IND,37,37,11,-1,0,-1,-1,2128,32,8,unknown,APPLE,
2635.647000000012,cf:37:da:93:f6:9f,9ff693da37cf1eff4c001219200375656d2c165717f11a11cb7237f3a032539471c8f50011,-5633.0,87371.0,-84152.0,106824.0,-115891.0,,0,0,0,0,0,1,1,0,ADV_IND,37,37,12,-1,0,-1,-1,1484,32,8,unknown,APPLE,
2635.647000000012,50:aa:ca:85:78:51,517885caaa500201061916aafe403f35e420d5cb55ccb7c814c1a80704603976ce6544,907.0,99436.0,-80722.0,91942.0,-133488.0,,0,0,0,0,0,1,1,0,ADV_IND,35,37,6,-1,0,-1,-1,2412,32,8,unknown,GOOGLE,
2635.647000000012,f6:7f:67:2b:0f:68,680f2b677ff61eff4c00121960268e9f66560b039092ea96d382a0d83ae7cf9ca79f2202a1,-16012.0,92343.0,-102996.0,108076.0,-161953.0,,0,0,0,0,0,1,1,0,ADV_IND,37,37,6,-1,0,-1,-1,6056,31,7,unknown,APPLE,
2638.346000000005,50:aa:ca:85:78:51,517885caaa500201061916aafe403f35e420d5cb55ccb7c814c1a80704603976ce6544,-5018.0,95852.0,-95682.0,110631.0,-136948.0,,0,0,0,0,0,1,1,0,ADV_IND,35,37,3,-1,0,-1,-1,2182,32,8,unknown,GOOGLE,
2638.798999999999,fe:cd:da:e7:17:a7,a717e7dacdfe1eff4c0012192014e348ac93987e878b16d86fac6900d4700d38533ef2002c,-35347.0,96329.0,-91374.0,107897.0,-140952.0,,0,0,0,0,0,1,1,0,ADV_IND,37,37,11,-1,0,-1,-1,5515,32,8,unknown,APPLE,
2638.798999999999,fa:1f:fb:bc:6b:bd,bd6bbcfb1ffa1eff4c0012190071cabc4cead57f755ba227c4e3d47ae7bc577751e0400000,-26229.0,65751.0,-89815.0,82431.0,-114549.0,,0,0,0,0,0,1,1,2,ADV_NONCONN_IND,37,37,3,-1,0,-1,-1,1057,32,7,unknown,APPLE,
2638.798999999999,e6:e8:88:15:1f:45,451f1588e8e61eff4c001219208a71766544231b9344631fce49af170166ae96b4ed000167,-20255.0,80392.0,-111121.0,97422.0,-150037.0,,0,0,0,0,0,1,1,0,ADV_IND,37,37,7,-1,0,-1,-1,1979,30,8,unknown,APPLE,
2644.060000000012,e6:e8:88:15:1f:45,451f1588e8e61eff4c001219208a71766544231b9344631fce49af170166ae96b4ed000167,-54479.0,52082.0,-105360.0,91440.0,-136161.0,,0,0,0,0,0,1,1,0,ADV_IND,37,37,12,-1,0,-1,-1,3271,31,7,unknown,APPLE,
2645.566000000006,fa:1f:fb:bc:6b:bd,bd6bbcfb1ffa1eff4c0012190071cabc4cead57f755ba227c4e3d47ae7bc577751e0400000,-8868.0,72229.0,-113584.0,91459.0,-156066.0,,0,0,0,0,0,1,1,2,ADV_NONCONN_IND,37,37,1,-1,0,-1,-1,1166,30,8,unknown,APPLE,
2645.566000000006,50:aa:ca:85:78:51,517885caaa500201061916aafe403f35e420d5cb55ccb7c814c1a80704603976ce6544,-13888.0,107901.0,-85997.0,124608.0,-146355.0,,0,0,0,0,0,1,1,0,ADV_IND,35,37,13,-1,0,-1,-1,1216,32,8,unknown,GOOGLE,
2647.071000000011,cf:37:da:93:f6:9f,9ff693da37cf1eff4c001219200375656d2c165717f11a11cb7237f3a032539471c8f50011,-6689.0,89862.0,-84562.0,72834.0,-121452.0,,0,0,0,0,0,1,1,0,ADV_IND,37,37,4,-1,0,-1,-1,3074,31,8,unknown,APPLE,
2647.071000000011,e6:e8:88:15:1f:45,451f1588e8e61eff4c001219208a71766544231b9344631fce49af170166ae96b4ed000167,-36503.0,68831.0,-103112.0,63157.0,-130817.0,,0,0,0,0,0,1,1,0,ADV_IND,37,37,6,-1,0,-1,-1,4513,30,8,unknown,APPLE,
2647.071000000011,ef:83:e9:78:5b:d8,d85b78e983ef1eff4c001219101ee832f617cb6c784c5f33718bf2906e81b67394ab530184,-38385.0,55427.0,-107381.0,71140.0,-142619.0,,0,0,0,0,0,1,1,0,ADV_IND,37,37,10,-1,0,-1,-1,3782,32,8,unknown,APPLE,
2648.419000000009,fe:cd:da:e7:17:a7,a717e7dacdfe1eff4c0012192014e348ac93987e878b16d86fac6900d4700d38533ef2002c,-28113.0,79297.0,-84685.0,97477.0,-127642.0,,0,0,0,0,0,1,1,0,ADV_IND,37,37,11,-1,0,-1,-1,4620,32,8,unknown,APPLE,
2650.041000000012,fe:cd:da:e7:17:a7,a717e7dacdfe1eff4c0012192014e348ac93987e878b16d86fac6900d4700d38533ef2002c,-28247.0,80893.0,-102640.0,102792.0,-118848.0,,0,0,0,0,0,1,1,0,ADV_IND,37,37,7,-1,0,-1,-1,5300,32,8,unknown,APPLE,
2650.041000000012,50:aa:ca:85:78:51,517885caaa500201061916aafe403f35e420d5cb55ccb7c814c1a80704603976ce6544,-3515.0,102429.0,-72170.0,99245.0,-128293.0,,0,0,0,0,0,1,1,0,ADV_IND,35,37,5,-1,0,-1,-1,6096,32,8,unknown,GOOGLE,
2651.979000000006,f5:ec:7d:ef:0a:97,970aef7decf51eff4c0012196068e567764a21c53bfe79cccad4bf968dc92c8640c8e203ae,-3053.0,62009.0,-87860.0,66958.0,-110129.0,,0,0,0,0,0,1,1,0,ADV_IND,37,37,0,-1,0,-1,-1,2672,32,8,unknown,APPLE,
2655.248000000007,c9:cf:22:0f:ea:09,09ea0f22cfc91eff4c00121920f79d4d6f09f8e1050e0575179480936a1a13ddd4d716009b,-49116.0,48025.0,-93087.0,73139.0,-126447.0,,0,0,0,0,0,1,1,0,ADV_IND,37,37,6,-1,0,-1,-1,5017,32,7,unknown,APPLE,
2655.248000000007,fc:1a:2a:b4:a8:f0,f0a8b42a1afc1eff4c00121910102199b7de76657973110b23fe91684c43befb0b0cdb00f5,-29034.0,92178.0,-101019.0,86616.0,-144537.0,,0,0,0,0,0,1,1,0,ADV_IND,37,37,0,-1,0,-1,-1,1787,32,8,unknown,APPLE,
2655.248000000007,cf:37:da:93:f6:9f,9ff693da37cf1eff4c001219200375656d2c165717f11a11cb7237f3a032539471c8f50011,-17283.0,89027.0,-86374.0,115021.0,-104025.0,,0,0,0,0,0,1,1,0,ADV_IND,37,37,7,-1,0,-1,-1,1474,32,8,unknown,APPLE,
2657.064000000013,50:aa:ca:85:78:51,517885caaa500201061916aafe403f35e420d5cb55ccb7c814c1a80704603976ce6544,-3318.0,88447.0,-84699.0,128775.0,-143795.0,,0,0,0,0,0,1,1,0,ADV_IND,35,37,5,-1,0,-1,-1,5766,32,8,unknown,GOOGLE,
2658.569000000003,fc:1a:2a:b4:a8:f0,f0a8b42a1afc1eff4c00121910102199b7de76657973110b23fe91684c43befb0b0cdb00f5,-25649.0,74712.0,-94128.0,77016.0,-153847.0,,0,0,0,0,0,1,1,0,ADV_IND,37,37,6,-1,0,-1,-1,2264,29,7,unknown,APPLE,
2658.569000000003,fa:1f:fb:bc:6b:bd,bd6bbcfb1ffa1eff4c0012190071cabc4cead57f755ba227c4e3d47ae7bc577751e0400000,-39343.0,78672.0,-99869.0,89009.0,-136945.0,,0,0,0,0,0,1,1,2,ADV_NONCONN_IND,37,37,4,-1,0,-1,-1,7653,32,8,unknown,APPLE,
2658.569000000003,c9:cf:22:0f:ea:09,09ea0f22cfc91eff4c00121920f79d4d6f09f8e1050e0575179480936a1a13ddd4d716009b,-27315.0,76934.0,-98984.0,55918.0,-130775.0,,0,0,0,0,0,1,1,0,ADV_IND,37,37,7,-1,0,-1,-1,3409,30,8,unknown,APPLE,
2662.0420000000013,50:aa:ca:85:78:51,517885caaa500201061916aafe403f35e420d5cb55ccb7c814c1a80704603976ce6544,-4000.0,112736.0,-94607.0,120946.0,-155904.0,,0,0,0,0,0,1,1,0,ADV_IND,35,37,12,-1,0,-1,-1,1161,32,8,unknown,GOOGLE,
2665.744000000006,fa:1f:fb:bc:6b:bd,bd6bbcfb1ffa1eff4c0012190071cabc4cead57f755ba227c4e3d47ae7bc577751e0400000,-17996.0,102732.0,-108901.0,92210.0,-155373.0,,0,0,0,0,0,1,1,2,ADV_NONCONN_IND,37,37,14,-1,0,-1,-1,3114,31,7,unknown,APPLE,
2665.744000000006,fe:cd:da:e7:17:a7,a717e7dacdfe1eff4c0012192014e348ac93987e878b16d86fac6900d4700d38533ef2002c,-22497.0,103481.0,-108643.0,93614.0,-143693.0,,0,0,0,0,0,1,1,0,ADV_IND,37,37,11,-1,0,-1,-1,7703,32,8,unknown,APPLE,
2668.8360000000102,fa:1f:fb:bc:6b:bd,bd6bbcfb1ffa1eff4c0012190071cabc4cead57f755ba227c4e3d47ae7bc577751e0400000,-3765.0,78813.0,-107218.0,79092.0,-153600.0,,0,0,0,0,0,1,1,2,ADV_NONCONN_IND,37,37,15,-1,0,-1,-1,2016,32,8,unknown,APPLE,
2668.8360000000102,50:aa:ca:85:78:51,517885caaa500201061916aafe403f35e420d5cb55ccb7c814c1a80704603976ce6544,-11817.0,115451.0,-89745.0,114507.0,-149374.0,,0,0,0,0,0,1,1,0,ADV_IND,35,37,9,-1,0,-1,-1,3188,32,8,unknown,GOOGLE,
2668.8360000000102,e6:e8:88:15:1f:45,451f1588e8e61eff4c001219208a71766544231b9344631fce49af170166ae96b4ed000167,-35115.0,59198.0,-102157.0,87468.0,-148757.0,,0,0,0,0,0,1,1,0,ADV_IND,37,37,3,-1,0,-1,-1,6576,32,8,unknown,APPLE,
2668.8360000000102,fe:cd:da:e7:17:a7,a717e7dacdfe1eff4c0012192014e348ac93987e878b16d86fac6900d4700d38533ef2002c,-17959.0,74541.0,-66145.0,63717.0,-96998.0,,0,0,0,0,0,1,1,0,ADV_IND,37,37,11,-1,0,-1,-1,5079,32,8,unknown,APPLE,
2669.520000000004,cf:37:da:93:f6:9f,9ff693da37cf1eff4c001219200375656d2c165717f11a11cb7237f3a032539471c8f50011,-13637.0,104145.0,-94678.0,100907.0,-121064.0,,0,0,0,0,0,1,1,0,ADV_IND,37,37,5,-1,0,-1,-1,5190,32,8,unknown,APPLE,
2670.1630000000005,fe:cd:da:e7:17:a7,a717e7dacdfe1eff4c0012192014e348ac93987e878b16d86fac6900d4700d38533ef2002c,-31329.0,84174.0,-81887.0,103172.0,-111527.0,,0,0,0,0,0,1,1,0,ADV_IND,37,37,11,-1,0,-1,-1,3355,32,8,unknown,APPLE,
2670.1630000000005,e6:e8:88:15:1f:45,451f1588e8e61eff4c001219208a71766544231b9344631fce49af170166ae96b4ed000167,-40423.0,52528.0,-87342.0,83472.0,-139186.0,,0,0,0,0,0,1,1,0,ADV_IND,37,37,10,-1,0,-1,-1,7055,32,8,unknown,APPLE,
2671.9080000000104,cf:37:da:93:f6:9f,9ff693da37cf1eff4c001219200375656d2c165717f11a11cb7237f3a032539471c8f50011,-6083.0,106247.0,-105112.0,91885.0,-115410.0,,0,0,0,0,0,1,1,0,ADV_IND,37,37,8,-1,0,-1,-1,3878,32,8,unknown,APPLE,
2671.9080000000104,50:aa:ca:85:78:51,517885caaa500201061916aafe403f35e420d5cb55ccb7c814c1a80704603976ce6544,-328.0,111710.0,-96974.0,121778.0,-154365.0,,0,0,0,0,0,1,1,0,ADV_IND,35,37,8,-1,0,-1,-1,1860,32,8,unknown,GOOGLE,
2673.13900000001,fe:cd:da:e7:17:a7,a717e7dacdfe1eff4c0012192014e348ac93987e878b16d86fac6900d4700d38533ef2002c,-35794.0,114137.0,-83838.0,93466.0,-141440.0,,0,0,0,0,0,1,1,0,ADV_IND,37,37,3,-1,0,-1,-1,5857,31,8,unknown,APPLE,
2673.13900000001,fa:1f:fb:bc:6b:bd,bd6bbcfb1ffa1eff4c0012190071cabc4cead57f755ba227c4e3d47ae7bc577751e0400000,-31510.0,73183.0,-98585.0,81770.0,-120427.0,,0,0,0,0,0,1,1,2,ADV_NONCONN_IND,37,37,5,-1,0,-1,-1,1177,32,8,unknown,APPLE,
2673.13900000001,50:aa:ca:85:78:51,517885caaa500201061916aafe403f35e420d5cb55ccb7c814c1a80704603976ce6544,-2439.0,90400.0,-97864.0,99188.0,-117940.0,,0,0,0,0,0,1,1,0,ADV_IND,35,37,3,-1,0,-1,-1,5723,32,8,unknown,GOOGLE,
2674.7600000000093,50:aa:ca:85:78:51,517885caaa500201061916aafe403f35e420d5cb55ccb7c814c1a80704603976ce6544,-5401.0,88450.0,-96302.0,117826.0,-129209.0,,0,0,0,0,0,1,1,0,ADV_IND,35,37,9,-1,0,-1,-1,5011,32,8,unknown,GOOGLE,
2674.7600000000093,e6:e8:88:15:1f:45,451f1588e8e61eff4c001219208a71766544231b9344631fce49af170166ae96b4ed000167,-42880.0,59687.0,-97731.0,74747.0,-133940.0,,0,0,0,0,0,1,1,0,ADV_IND,37,37,15,-1,0,-1,-1,7956,32,8,unknown,APPLE,
2674.7600000000093,fe:cd:da:e7:17:a7,a717e7dacdfe1eff4c0012192014e348ac93987e878b16d86fac6900d4700d38533ef2002c,-11817.0,114148.0,-119880.0,83859.0,-131294.0,,0,0,0,0,0,1,1,0,ADV_IND,37,37,6,-1,0,-1,-1,4406,31,8,unknown,APPLE,
2676.1370000000024,e6:e8:88:15:1f:45,451f1588e8e61eff4c001219208a71766544231b9344631fce49af170166ae96b4ed000167,-53916.0,61588.0,-97226.0,85346.0,-143179.0,,0,0,0,0,0,1,1,0,ADV_IND,37,37,7,-1,0,-1,-1,4020,31,7,unknown,APPLE,
2678.106,fa:1f:fb:bc:6b:bd,bd6bbcfb1ffa1eff4c0012190071cabc4cead57f755ba227c4e3d47ae7bc577751e0400000,-14900.0,51426.0,-99642.0,98453.0,-109745.0,,0,0,0,0,0,1,1,2,ADV_NONCONN_IND,37,37,4,-1,0,-1,-1,1016,32,8,unknown,APPLE,
2678.106,fe:cd:da:e7:17:a7,a717e7dacdfe1eff4c0012192014e348ac93987e878b16d86fac6900d4700d38533ef2002c,-36482.0,82038.0,-76223.0,80561.0,-102347.0,,0,0,0,0,0,1,1,0,ADV_IND,37,37,3,-1,0,-1,-1,4393,32,8,unknown,APPLE,
2680.0580000000045,fe:cd:da:e7:17:a7,a717e7dacdfe1eff4c0012192014e348ac93987e878b16d86fac6900d4700d38533ef2002c,-29586.0,92540.0,-83306.0,74760.0,-120515.0,,0,0,0,0,0,1,1,0,ADV_IND,37,37,0,-1,0,-1,-1,5506,32,8,unknown,APPLE,
2681.582000000009,50:aa:ca:85:78:51,517885caaa500201061916aafe403f35e420d5cb55ccb7c814c1a80704603976ce6544,-15459.0,99187.0,-74908.0,97451.0,-122789.0,,0,0,0,0,0,1,1,0,ADV_IND,35,37,3,-1,0,-1,-1,4400,32,8,unknown,GOOGLE,
2681.582000000009,f5:ec:7d:ef:0a:97,970aef7decf51eff4c0012196068e567764a21c53bfe79cccad4bf968dc92c8640c8e203ae,1326.0,63450.0,-84652.0,74789.0,-136257.0,,0,0,0,0,0,1,1,0,ADV_IND,37,37,8,-1,0,-1,-1,2463,31,8,unknown,APPLE,
2681.582000000009,fa:1f:fb:bc:6b:bd,bd6bbcfb1ffa1eff4c0012190071cabc4cead57f755ba227c4e3d47ae7bc577751e0400000,-24851.0,105010.0,-110329.0,93984.0,-146136.0,,0,0,0,0,0,1,1,2,ADV_NONCONN_IND,37,37,1,-1,0,-1,-1,1577,31,8,unknown,APPLE,
2682.1320000000123,fa:1f:fb:bc:6b:bd,bd6bbcfb1ffa1eff4c0012190071cabc4cead57f755ba227c4e3d47ae7bc577751e0400000,-15323.0,83681.0,-106673.0,92115.0,-155745.0,,0,0,0,0,0,1,1,2,ADV_NONCONN_IND,37,37,2,-1,0,-1,-1,1917,32,8,unknown,APPLE,
2684.740000000005,f6:7f:67:2b:0f:68,680f2b677ff61eff4c00121960268e9f66560b039092ea96d382a0d83ae7cf9ca79f2202a1,-29317.0,58862.0,-80190.0,97165.0,-134916.0,,0,0,0,0,0,1,1,0,ADV_IND,37,37,15,-1,0,-1,-1,3412,32,8,unknown,APPLE,
2684.740000000005,fe:cd:da:e7:17:a7,a717e7dacdfe1eff4c0012192014e348ac93987e878b16d86fac6900d4700d38533ef2002c,-33123.0,92781.0,-83310.0,109855.0,-149241.0,,0,0,0,0,0,1,1,0,ADV_IND,37,37,6,-1,0,-1,-1,2971,32,8,unknown,APPLE,
2684.740000000005,50:aa:ca:85:78:51,517885caaa500201061916aafe403f35e420d5cb55ccb7c814c1a80704603976ce6544,-3952.0,79464.0,-90174.0,91975.0,-94908.0,,0,0,0,0,0,1,1,0,ADV_IND,35,37,15,-1,0,-1,-1,2466,31,8,unknown,GOOGLE,
2684.740000000005,fa:1f:fb:bc:6b:bd,bd6bbcfb1ffa1eff4c0012190071cabc4cead57f755ba227c4e3d47ae7bc577751e0400000,-20439.0,67389.0,-89581.0,94760.0,-128929.0,,0,0,0,0,0,1,1,2,ADV_NONCONN_IND,37,37,1,-1,0,-1,-1,5919,32,8,unknown,APPLE,
2686.1640000000043,cf:37:da:93:f6:9f,9ff693da37cf1eff4c001219200375656d2c165717f11a11cb7237f3a032539471c8f50011,-5450.0,65567.0,-98291.0,90431.0,-64228.0,,0,0,0,0,0,1,1,0,ADV_IND,37,37,6,-1,0,-1,-1,4936,31,7,unknown,APPLE,
2687.797000000006,fa:1f:fb:bc:6b:bd,bd6bbcfb1ffa1eff4c0012190071cabc4cead57f755ba227c4e3d47ae7bc577751e0400000,-35834.0,86764.0,-98582.0,83302.0,-113830.0,,0,0,0,0,0,1,1,2,ADV_NONCONN_IND,37,37,6,-1,0,-1,-1,5313,32,8,unknown,APPLE,
2689.322,c9:cf:22:0f:ea:09,09ea0f22cfc91eff4c00121920f79d4d6f09f8e1050e0575179480936a1a13ddd4d716009b,-48489.0,63058.0,-85549.0,70615.0,-118143.0,,0,0,0,0,0,1,1,0,ADV_IND,37,37,11,-1,0,-1,-1,5128,32,8,unknown,APPLE,
2689.322,50:aa:ca:85:78:51,517885caaa500201061916aafe403f35e420d5cb55ccb7c814c1a80704603976ce6544,1227.0,111841.0,-106319.0,115971.0,-143477.0,,0,0,0,0,0,1,1,0,ADV_IND,35,37,11,-1,0,-1,-1,5749,31,7,unknown,GOOGLE,
2690.9600000000064,50:aa:ca:85:78:51,517885caaa500201061916aafe403f35e420d5cb55ccb7c814c1a80704603976ce6544,-933.0,85319.0,-94676.0,102549.0,-126634.0,,0,0,0,0,0,1,1,0,ADV_IND,35,37,2,-1,0,-1,-1,6166,32,8,unknown,GOOGLE,
2690.9600000000064,fa:1f:fb:bc:6b:bd,bd6bbcfb1ffa1eff4c0012190071cabc4cead57f755ba227c4e3d47ae7bc577751e0400000,-17741.0,62599.0,-94267.0,77734.0,-143327.0,,0,0,0,0,0,1,1,2,ADV_NONCONN_IND,37,37,1,-1,0,-1,-1,1788,32,8,unknown,APPLE,
2692.6510000000126,fe:cd:da:e7:17:a7,a717e7dacdfe1eff4c0012192014e348ac93987e878b16d86fac6900d4700d38533ef2002c,-14088.0,74201.0,-66734.0,82312.0,-97147.0,,0,0,0,0,0,1,1,0,ADV_IND,37,37,0,-1,0,-1,-1,6362,30,8,unknown,APPLE,
2695.9870000000083,50:aa:ca:85:78:51,517885caaa500201061916aafe403f35e420d5cb55ccb7c814c1a80704603976ce6544,-3014.0,105406.0,-79394.0,103166.0,-118779.0,,0,0,0,0,0,1,1,0,ADV_IND,35,37,10,-1,0,-1,-1,2441,32,7,unknown,GOOGLE,
2698.072,f6:7f:67:2b:0f:68,680f2b677ff61eff4c00121960268e9f66560b039092ea96d382a0d83ae7cf9ca79f2202a1,-16837.0,79872.0,-87157.0,99212.0,-152800.0,,0,0,0,0,0,1,1,0,ADV_IND,37,37,13,-1,0,-1,-1,3810,32,8,unknown,APPLE,
2698.072,cf:37:da:93:f6:9f,9ff693da37cf1eff4c001219200375656d2c165717f11a11cb7237f3a032539471c8f50011,-16454.0,99395.0,-93254.0,111050.0,-113762.0,,0,0,0,0,0,1,1,0,ADV_IND,37,37,2,-1,0,-1,-1,2987,31,8,unknown,APPLE,
2699.1410000000037,50:aa:ca:85:78:51,517885caaa500201061916aafe403f35e420d5cb55ccb7c814c1a80704603976ce6544,3294.0,96632.0,-112630.0,97301.0,-117018.0,,0,0,0,0,0,1,1,0,ADV_IND,35,37,5,-1,0,-1,-1,6350,32,7,unknown,GOOGLE,
2700.896000000008,fa:1f:fb:bc:6b:bd,bd6bbcfb1ffa1eff4c0012190071cabc4cead57f755ba227c4e3d47ae7bc577751e0400000,-42978.0,90435.0,-97212.0,85061.0,-134795.0,,0,0,0,0,0,1,1,2,ADV_NONCONN_IND,37,37,3,-1,0,-1,-1,6104,32,8,unknown,APPLE,
2702.373000000007,fa:1f:fb:bc:6b:bd,bd6bbcfb1ffa1eff4c0012190071cabc4cead57f755ba227c4e3d47ae7bc577751e0400000,-33059.0,62283.0,-93907.0,82460.0,-129321.0,,0,0,0,0,0,1,1,2,ADV_NONCONN_IND,37,37,7,-1,0,-1,-1,7671,28,8,unknown,APPLE,
2702.373000000007,fe:cd:da:e7:17:a7,a717e7dacdfe1eff4c0012192014e348ac93987e878b16d86fac6900d4700d38533ef2002c,-17283.0,66444.0,-90592.0,102456.0,-134000.0,,0,0,0,0,0,1,1,0,ADV_IND,37,37,2,-1,0,-1,-1,2218,32,7,unknown,APPLE,
2704.295000000013,ef:83:e9:78:5b:d8,d85b78e983ef1eff4c001219101ee832f617cb6c784c5f33718bf2906e81b67394ab530184,-58897.0,64091.0,-112852.0,82003.0,-159217.0,,0,0,0,0,0,1,1,0,ADV_IND,37,37,10,-1,0,-1,-1,4707,31,8,unknown,APPLE,
2706.2750000000087,e6:e8:88:15:1f:45,451f1588e8e61eff4c001219208a71766544231b9344631fce49af170166ae96b4ed000167,-64549.0,82189.0,-103272.0,92163.0,-140641.0,,0,0,0,0,0,1,1,0,ADV_IND,37,37,15,-1,0,-1,-1,3984,32,8,unknown,APPLE,
2708.574000000008,50:aa:ca:85:78:51,517885caaa500201061916aafe403f35e420d5cb55ccb7c814c1a80704603976ce6544,1393.0,101120.0,-108878.0,88278.0,-115872.0,,0,0,0,0,0,1,1,0,ADV_IND,35,37,5,-1,0,-1,-1,6850,32,7,unknown,GOOGLE,
2712.271000000008,fe:cd:da:e7:17:a7,a717e7dacdfe1eff4c0012192014e348ac93987e878b16d86fac6900d4700d38533ef2002c,0.0,77698.0,-60192.0,46702.0,-95775.0,,0,0,0,0,0,1,1,0,ADV_IND,37,37,0,-1,0,-1,-1,5355,31,8,unknown,APPLE,
2714.494000000006,fe:cd:da:e7:17:a7,a717e7dacdfe1eff4c0012192014e348ac93987e878b16d86fac6900d4700d38533ef2002c,-16686.0,75223.0,-77938.0,85091.0,-113707.0,,0,0,0,0,0,1,1,0,ADV_IND,37,37,9,-1,0,-1,-1,3304,32,8,unknown,APPLE,
2714.494000000006,da:7e:4b:2c:40:08,08402c4b7eda1eff4c0012196081ba4f1af335aea59dcfa3d162957dab92488751303100c3,-16162.0,42184.0,-98418.0,91074.0,-141002.0,,0,0,0,0,0,1,1,0,ADV_IND,37,37,7,-1,0,-1,-1,6092,32,8,unknown,APPLE,
2714.494000000006,50:aa:ca:85:78:51,517885caaa500201061916aafe403f35e420d5cb55ccb7c814c1a80704603976ce6544,0.0,120874.0,-113470.0,116565.0,-145889.0,,0,0,0,0,0,1,1,0,ADV_IND,35,37,6,-1,0,-1,-1,5671,31,7,unknown,GOOGLE,
2716.745999999999,fc:1a:2a:b4:a8:f0,f0a8b42a1afc1eff4c00121910102199b7de76657973110b23fe91684c43befb0b0cdb00f5,-19349.0,75584.0,-107303.0,96842.0,-123274.0,,0,0,0,0,0,1,1,0,ADV_IND,37,37,0,-1,0,-1,-1,7403,32,7,unknown,APPLE,
2718.046000000002,fc:1a:2a:b4:a8:f0,f0a8b42a1afc1eff4c00121910102199b7de76657973110b23fe91684c43befb0b0cdb00f5,-33015.0,92024.0,-97685.0,77587.0,-140761.0,,0,0,0,0,0,1,1,0,ADV_IND,37,37,5,-1,0,-1,-1,6840,32,8,unknown,APPLE,
2718.046000000002,f5:ec:7d:ef:0a:97,970aef7decf51eff4c0012196068e567764a21c53bfe79cccad4bf968dc92c8640c8e203ae,-10324.0,91258.0,-84237.0,73363.0,-148522.0,,0,0,0,0,0,1,1,0,ADV_IND,37,37,14,-1,0,-1,-1,5463,32,8,unknown,APPLE,
2718.046000000002,f6:7f:67:2b:0f:68,680f2b677ff61eff4c00121960268e9f66560b039092ea96d382a0d83ae7cf9ca79f2202a1,-19524.0,60634.0,-73950.0,80660.0,-142026.0,,0,0,0,0,0,1,1,0,ADV_IND,37,37,6,-1,0,-1,-1,1106,32,8,unknown,APPLE,
2720.0780000000086,ec:9e:eb:84:32:01,25666c3cf5f41eff4c00121910c4ae7bedf14240cd85e38faa329cbbc7be0f299a6ed70339,-23646.0,78921.0,-96386.0,66324.0,-115995.0,,0,0,0,0,0,1,1,0,ADV_IND,37,37,7,-1,0,-1,-1,6902,32,7,unknown,APPLE,f4:f5:3c:6c:66:25
2720.0780000000086,50:aa:ca:85:78:51,517885caaa500201061916aafe403f35e420d5cb55ccb7c814c1a80704603976ce6544,-3244.0,88601.0,-98130.0,107741.0,-135559.0,,0,0,0,0,0,1,1,0,ADV_IND,35,37,12,-1,0,-1,-1,4836,32,8,unknown,GOOGLE,
2722.120999999999,ef:83:e9:78:5b:d8,d85b78e983ef1eff4c001219101ee832f617cb6c784c5f33718bf2906e81b67394ab530184,-36566.0,35806.0,-118089.0,58226.0,-117238.0,,0,0,0,0,0,1,1,0,ADV_IND,37,37,7,-1,0,-1,-1,3901,32,8,unknown,APPLE,
2725.271000000008,fe:cd:da:e7:17:a7,a717e7dacdfe1eff4c0012192014e348ac93987e878b16d86fac6900d4700d38533ef2002c,-2386.0,53951.0,-85989.0,82990.0,-87971.0,,0,0,0,0,0,1,1,0,ADV_IND,37,37,10,-1,0,-1,-1,3037,31,7,unknown,APPLE,
2725.271000000008,ef:83:e9:78:5b:d8,d85b78e983ef1eff4c001219101ee832f617cb6c784c5f33718bf2906e81b67394ab530184,-24503.0,57506.0,-106813.0,47625.0,-130718.0,,0,0,0,0,0,1,1,0,ADV_IND,37,37,14,-1,0,-1,-1,4406,31,8,unknown,APPLE,
2726.820000000007,fc:1a:2a:b4:a8:f0,f0a8b42a1afc1eff4c00121910102199b7de76657973110b23fe91684c43befb0b0cdb00f5,-34253.0,78863.0,-87070.0,67989.0,-131110.0,,0,0,0,0,0,1,1,0,ADV_IND,37,37,15,-1,0,-1,-1,3801,31,8,unknown,APPLE,
2728.394,cf:37:da:93:f6:9f,9ff693da37cf1eff4c001219200375656d2c165717f11a11cb7237f3a032539471c8f50011,-12843.0,89970.0,-83556.0,96813.0,-99463.0,,0,0,0,0,0,1,1,0,ADV_IND,37,37,0,-1,0,-1,-1,5401,32,8,unknown,APPLE,
2731.774000000005,50:aa:ca:85:78:51,517885caaa500201061916aafe403f35e420d5cb55ccb7c814c1a80704603976ce6544,-1588.0,126954.0,-119317.0,110661.0,-143637.0,,0,0,0,0,0,1,1,0,ADV_IND,35,37,9,-1,0,-1,-1,5823,31,7,unknown,GOOGLE,
2733.504000000001,fc:1a:2a:b4:a8:f0,f0a8b42a1afc1eff4c00121910102199b7de76657973110b23fe91684c43befb0b0cdb00f5,-28469.0,70062.0,-94563.0,75238.0,-132220.0,,0,0,0,0,0,1,1,0,ADV_IND,37,37,0,-1,0,-1,-1,7403,32,8,unknown,APPLE,
2733.504000000001,fe:cd:da:e7:17:a7,a717e7dacdfe1eff4c0012192014e348ac93987e878b16d86fac6900d4700d38533ef2002c,-25117.0,80928.0,-78142.0,45050.0,-91233.0,,0,0,0,0,0,1,1,0,ADV_IND,37,37,7,-1,0,-1,-1,2076,32,7,unknown,APPLE,
2736.064000000013,fc:1a:2a:b4:a8:f0,f0a8b42a1afc1eff4c00121910102199b7de76657973110b23fe91684c43befb0b0cdb00f5,-26074.0,63122.0,-90470.0,62118.0,-102056.0,,0,0,0,0,0,1,1,0,ADV_IND,37,37,2,-1,0,-1,-1,5057,32,8,unknown,APPLE,
2736.064000000013,ec:9e:eb:84:32:01,25666c3cf5f41eff4c00121910c4ae7bedf14240cd85e38faa329cbbc7be0f299a6ed70339,-28480.0,80784.0,-94166.0,81965.0,-144288.0,,0,0,0,0,0,1,1,0,ADV_IND,37,37,2,-1,0,-1,-1,3915,32,7,unknown,APPLE,f4:f5:3c:6c:66:25
2739.7750000000087,e6:e8:88:15:1f:45,451f1588e8e61eff4c001219208a71766544231b9344631fce49af170166ae96b4ed000167,-46676.0,97081.0,-127374.0,90274.0,-126058.0,,0,0,0,0,0,1,1,0,ADV_IND,37,37,9,-1,0,-1,-1,1120,31,7,unknown,APPLE,
2739.7750000000087,f5:ec:7d:ef:0a:97,970aef7decf51eff4c0012196068e567764a21c53bfe79cccad4bf968dc92c8640c8e203ae,-8506.0,66607.0,-73538.0,76088.0,-122549.0,,0,0,0,0,0,1,1,0,ADV_IND,37,37,12,-1,0,-1,-1,6913,32,7,unknown,APPLE,
2739.7750000000087,ef:83:e9:78:5b:d8,d85b78e983ef1eff4c001219101ee832f617cb6c784c5f33718bf2906e81b67394ab530184,-30218.0,41098.0,-100751.0,66930.0,-149456.0,,0,0,0,0,0,1,1,0,ADV_IND,37,37,0,-1,0,-1,-1,6596,32,7,unknown,APPLE,
2743.7920000000013,fe:cd:da:e7:17:a7,a717e7dacdfe1eff4c0012192014e348ac93987e878b16d86fac6900d4700d38533ef2002c,-14883.0,110507.0,-94590.0,84002.0,-126931.0,,0,0,0,0,0,1,1,0,ADV_IND,37,37,11,-1,0,-1,-1,5653,32,8,unknown,APPLE,
2743.7920000000013,cf:37:da:93:f6:9f,9ff693da37cf1eff4c001219200375656d2c165717f11a11cb7237f3a032539471c8f50011,-20918.0,81250.0,-78472.0,96142.0,-84891.0,,0,0,0,0,0,1,1,0,ADV_IND,37,37,8,-1,0,-1,-1,4867,32,8,unknown,APPLE,
2745.2570000000123,50:aa:ca:85:78:51,517885caaa500201061916aafe403f35e420d5cb55ccb7c814c1a80704603976ce6544,-10899.0,89431.0,-92291.0,115319.0,-126964.0,,0,0,0,0,0,1,1,0,ADV_IND,35,37,3,-1,0,-1,-1,4612,32,8,unknown,GOOGLE,
2745.2570000000123,fa:1f:fb:bc:6b:bd,bd6bbcfb1ffa1eff4c0012190071cabc4cead57f755ba227c4e3d47ae7bc577751e0400000,-7320.0,50895.0,-110635.0,80801.0,-111674.0,,0,0,0,0,0,1,1,2,ADV_NONCONN_IND,37,37,12,-1,0,-1,-1,3086,32,8,unknown,APPLE,
2747.982000000004,fc:1a:2a:b4:a8:f0,f0a8b42a1afc1eff4c00121910102199b7de76657973110b23fe91684c43befb0b0cdb00f5,-29066.0,72007.0,-91636.0,63477.0,-125731.0,,0,0,0,0,0,1,1,0,ADV_IND,37,37,9,-1,0,-1,-1,3510,31,8,unknown,APPLE,
2749.8010000000068,ef:83:e9:78:5b:d8,d85b78e983ef1eff4c001219101ee832f617cb6c784c5f33718bf2906e81b67394ab530184,-44904.0,25977.0,-109180.0,55672.0,-105946.0,,0,0,0,0,0,1,1,0,ADV_IND,37,37,0,-1,0,-1,-1,4832,32,7,unknown,APPLE,
2751.754000000001,e6:e8:88:15:1f:45,451f1588e8e61eff4c001219208a71766544231b9344631fce49af170166ae96b4ed000167,-38186.0,43571.0,-99187.0,96314.0,-141952.0,,0,0,0,0,0,1,1,0,ADV_IND,37,37,1,-1,0,-1,-1,6097,32,8,unknown,APPLE,
2751.754000000001,fa:1f:fb:bc:6b:bd,bd6bbcfb1ffa1eff4c0012190071cabc4cead57f755ba227c4e3d47ae7bc577751e0400000,-23545.0,78926.0,-97557.0,96081.0,-145081.0,,0,0,0,0,0,1,1,2,ADV_NONCONN_IND,37,37,13,-1,0,-1,-1,3651,32,8,unknown,APPLE,
2753.6370000000024,e6:e8:88:15:1f:45,451f1588e8e61eff4c001219208a71766544231b9344631fce49af170166ae96b4ed000167,-43981.0,62722.0,-105689.0,87057.0,-153448.0,,0,0,0,0,0,1,1,0,ADV_IND,37,37,0,-1,0,-1,-1,5009,31,8,unknown,APPLE,
2755.509000000005,fa:1f:fb:bc:6b:bd,bd6bbcfb1ffa1eff4c0012190071cabc4cead57f755ba227c4e3d47ae7bc577751e0400000,-32663.0,94548.0,-114217.0,90653.0,-150899.0,,0,0,0,0,0,1,1,2,ADV_NONCONN_IND,37,37,15,-1,0,-1,-1,6780,30,7,unknown,APPLE,
2760.4800000000105,fe:cd:da:e7:17:a7,a717e7dacdfe1eff4c0012192014e348ac93987e878b16d86fac6900d4700d38533ef2002c,-5941.0,83978.0,-81276.0,54462.0,-136161.0,,0,0,0,0,0,1,1,0,ADV_IND,37,37,13,-1,0,-1,-1,2720,32,8,unknown,APPLE,
2760.4800000000105,da:7e:4b:2c:40:08,08402c4b7eda1eff4c0012196081ba4f1af335aea59dcfa3d162957dab92488751303100c3,-45130.0,67313.0,-96062.0,103021.0,-154370.0,,0,0,0,0,0,1,1,0,ADV_IND,37,37,1,-1,0,-1,-1,3551,32,8,unknown,APPLE,
2762.4400000000023,50:aa:ca:85:78:51,517885caaa500201061916aafe403f35e420d5cb55ccb7c814c1a80704603976ce6544,-4561.0,98964.0,-87671.0,86213.0,-123971.0,,0,0,0,0,0,1,1,0,ADV_IND,35,37,2,-1,0,-1,-1,2484,32,8,unknown,GOOGLE,
2764.3880000000063,50:aa:ca:85:78:51,517885caaa500201061916aafe403f35e420d5cb55ccb7c814c1a80704603976ce6544,-5207.0,100657.0,-84854.0,88553.0,-114204.0,,0,0,0,0,0,1,1,0,ADV_IND,35,37,8,-1,0,-1,-1,7601,32,8,unknown,GOOGLE,
2766.198000000004,e4:b4:8d:df:00:c3,25666c3cf5f41eff4c00121910c4ae7bedf14240cd85e38faa329cbbc7be0f299a6ed70339,-9802.0,88747.0,-103038.0,63939.0,-154753.0,,0,0,0,0,0,1,1,0,ADV_IND,37,37,4,-1,0,-1,-1,7930,32,8,unknown,APPLE,f4:f5:3c:6c:66:25
2768.142000000007,fc:1a:2a:b4:a8:f0,f0a8b42a1afc1eff4c00121910102199b7de76657973110b23fe91684c43befb0b0cdb00f5,-26041.0,77438.0,-88099.0,69748.0,-146151.0,,0,0,0,0,0,1,1,0,ADV_IND,37,37,6,-1,0,-1,-1,6596,32,8,unknown,APPLE,
2768.142000000007,da:7e:4b:2c:40:08,08402c4b7eda1eff4c0012196081ba4f1af335aea59dcfa3d162957dab92488751303100c3,-22592.0,61834.0,-83110.0,61282.0,-145047.0,,0,0,0,0,0,1,1,0,ADV_IND,37,37,15,-1,0,-1,-1,5008,32,7,unknown,APPLE,
2768.142000000007,ef:83:e9:78:5b:d8,d85b78e983ef1eff4c001219101ee832f617cb6c784c5f33718bf2906e81b67394ab530184,-30806.0,41812.0,-112142.0,60882.0,-106964.0,,0,0,0,0,0,1,1,0,ADV_IND,37,37,12,-1,0,-1,-1,4290,32,8,unknown,APPLE,
2770.001000000004,ef:83:e9:78:5b:d8,d85b78e983ef1eff4c001219101ee832f617cb6c784c5f33718bf2906e81b67394ab530184,-27389.0,74203.0,-121572.0,69463.0,-134119.0,,0,0,0,0,0,1,1,0,ADV_IND,37,37,10,-1,0,-1,-1,6777,32,7,unknown,APPLE,
2774.916000000012,50:aa:ca:85:78:51,517885caaa500201061916aafe403f35e420d5cb55ccb7c814c1a80704603976ce6544,-13104.0,138444.0,-109588.0,103419.0,-136762.0,,0,0,0,0,0,1,1,0,ADV_IND,35,37,7,-1,0,-1,-1,2068,32,8,unknown,GOOGLE,
2776.719000000012,fc:1a:2a:b4:a8:f0,f0a8b42a1afc1eff4c00121910102199b7de76657973110b23fe91684c43befb0b0cdb00f5,-36676.0,64440.0,-104741.0,92164.0,-140018.0,,0,0,0,0,0,1,1,0,ADV_IND,37,37,4,-1,0,-1,-1,7193,31,8,unknown,APPLE,
2776.719000000012,ef:83:e9:78:5b:d8,d85b78e983ef1eff4c001219101ee832f617cb6c784c5f33718bf2906e81b67394ab530184,-37001.0,42741.0,-111492.0,40744.0,-114187.0,,0,0,0,0,0,1,1,0,ADV_IND,37,37,3,-1,0,-1,-1,2439,32,8,unknown,APPLE,
2778.555000000008,fc:1a:2a:b4:a8:f0,f0a8b42a1afc1eff4c00121910102199b7de76657973110b23fe91684c43befb0b0cdb00f5,-35228.0,72162.0,-104932.0,81330.0,-126348.0,,0,0,0,0,0,1,1,0,ADV_IND,37,37,3,-1,0,-1,-1,3683,32,8,unknown,APPLE,
2778.555000000008,fe:cd:da:e7:17:a7,a717e7dacdfe1eff4c0012192014e348ac93987e878b16d86fac6900d4700d38533ef2002c,-27547.0,88632.0,-77103.0,97253.0,-118400.0,,0,0,0,0,0,1,1,0,ADV_IND,37,37,15,-1,0,-1,-1,1965,32,7,unknown,APPLE,
2782.3550000000105,50:aa:ca:85:78:51,517885caaa500201061916aafe403f35e420d5cb55ccb7c814c1a80704603976ce6544,0.0,111942.0,-89300.0,112051.0,-138960.0,,0,0,0,0,0,1,1,0,ADV_IND,35,37,3,-1,0,-1,-1,7238,32,8,unknown,GOOGLE,
2782.3550000000105,fa:1f:fb:bc:6b:bd,bd6bbcfb1ffa1eff4c0012190071cabc4cead57f755ba227c4e3d47ae7bc577751e0400000,-17561.0,69861.0,-95356.0,90358.0,-151844.0,,0,0,0,0,0,1,1,2,ADV_NONCONN_IND,37,37,15,-1,0,-1,-1,4501,32,8,unknown,APPLE,
2784.377000000008,50:aa:ca:85:78:51,517885caaa500201061916aafe403f35e420d5cb55ccb7c814c1a80704603976ce6544,-9453.0,93406.0,-77223.0,95297.0,-108131.0,,0,0,0,0,0,1,1,0,ADV_IND,35,37,12,-1,0,-1,-1,3960,32,8,unknown,GOOGLE,
2784.377000000008,fe:cd:da:e7:17:a7,a717e7dacdfe1eff4c0012192014e348ac93987e878b16d86fac6900d4700d38533ef2002c,-31874.0,98938.0,-92995.0,89495.0,-133568.0,,0,0,0,0,0,1,1,0,ADV_IND,37,37,6,-1,0,-1,-1,6880,32,7,unknown,APPLE,
2788.541000000012,fa:1f:fb:bc:6b:bd,bd6bbcfb1ffa1eff4c0012190071cabc4cead57f755ba227c4e3d47ae7bc577751e0400000,-13730.0,65422.0,-94491.0,63336.0,-142892.0,,0,0,0,0,0,1,1,2,ADV_NONCONN_IND,37,37,8,-1,0,-1,-1,2893,32,8,unknown,APPLE,
2788.541000000012,e6:e8:88:15:1f:45,451f1588e8e61eff4c001219208a71766544231b9344631fce49af170166ae96b4ed000167,-52606.0,69177.0,-112927.0,84837.0,-141610.0,,0,0,0,0,0,1,1,0,ADV_IND,37,37,6,-1,0,-1,-1,7889,32,8,unknown,APPLE,
2788.541000000012,fe:cd:da:e7:17:a7,a717e7dacdfe1eff4c0012192014e348ac93987e878b16d86fac6900d4700d38533ef2002c,-30269.0,114268.0,-85351.0,109600.0,-139913.0,,0,0,0,0,0,1,1,0,ADV_IND,37,37,14,-1,0,-1,-1,3557,32,7,unknown,APPLE,
2788.541000000012,da:7e:4b:2c:40:08,08402c4b7eda1eff4c0012196081ba4f1af335aea59dcfa3d162957dab92488751303100c3,-36906.0,63114.0,-113490.0,103646.0,-142737.0,,0,0,0,0,0,1,1,0,ADV_IND,37,37,13,-1,0,-1,-1,6985,31,8,unknown,APPLE,
2789.7340000000117,50:aa:ca:85:78:51,517885caaa500201061916aafe403f35e420d5cb55ccb7c814c1a80704603976ce6544,0.0,101594.0,-95941.0,110663.0,-148691.0,,0,0,0,0,0,1,1,0,ADV_IND,35,37,7,-1,0,-1,-1,1818,32,7,unknown,GOOGLE,
2789.7340000000117,c9:cf:22:0f:ea:09,09ea0f22cfc91eff4c00121920f79d4d6f09f8e1050e0575179480936a1a13ddd4d716009b,-31771.0,87739.0,-102761.0,75756.0,-126758.0,,0,0,0,0,0,1,1,0,ADV_IND,37,37,8,-1,0,-1,-1,4240,31,8,unknown,APPLE,
2790.100000000006,e4:b4:8d:df:00:c3,25666c3cf5f41eff4c00121910c4ae7bedf14240cd85e38faa329cbbc7be0f299a6ed70339,-46527.0,106494.0,-101748.0,97088.0,-152510.0,,0,0,0,0,0,1,1,0,ADV_IND,37,37,14,-1,0,-1,-1,3839,32,8,unknown,APPLE,f4:f5:3c:6c:66:25
2792.214000000007,fc:1a:2a:b4:a8:f0,f0a8b42a1afc1eff4c00121910102199b7de76657973110b23fe91684c43befb0b0cdb00f5,-21908.0,77368.0,-97880.0,76218.0,-149300.0,,0,0,0,0,0,1,1,0,ADV_IND,37,37,0,-1,0,-1,-1,4259,30,7,unknown,APPLE,
2792.214000000007,e6:e8:88:15:1f:45,451f1588e8e61eff4c001219208a71766544231b9344631fce49af170166ae96b4ed000167,-50991.0,83632.0,-117007.0,100359.0,-156087.0,,0,0,0,0,0,1,1,0,ADV_IND,37,37,10,-1,0,-1,-1,4739,32,8,unknown,APPLE,
2794.4170000000013,fa:1f:fb:bc:6b:bd,bd6bbcfb1ffa1eff4c0012190071cabc4cead57f755ba227c4e3d47ae7bc577751e0400000,-5007.0,50955.0,-86740.0,57628.0,-133120.0,,0,0,0,0,0,1,1,2,ADV_NONCONN_IND,37,37,8,-1,0,-1,-1,5320,32,8,unknown,APPLE,
2794.4170000000013,fc:1a:2a:b4:a8:f0,f0a8b42a1afc1eff4c00121910102199b7de76657973110b23fe91684c43befb0b0cdb00f5,-2113.0,57321.0,-107360.0,99063.0,-131558.0,,0,0,0,0,0,1,1,0,ADV_IND,37,37,13,-1,0,-1,-1,7975,32,7,unknown,APPLE,
2796.504000000001,50:aa:ca:85:78:51,517885caaa500201061916aafe403f35e420d5cb55ccb7c814c1a80704603976ce6544,-3093.0,111727.0,-77351.0,94735.0,-143518.0,,0,0,0,0,0,1,1,0,ADV_IND,35,37,14,-1,0,-1,-1,7764,32,8,unknown,GOOGLE,
2796.504000000001,fa:1f:fb:bc:6b:bd,bd6bbcfb1ffa1eff4c0012190071cabc4cead57f755ba227c4e3d47ae7bc577751e0400000,-40579.0,76832.0,-96285.0,98650.0,-144253.0,,0,0,0,0,0,1,1,2,ADV_NONCONN_IND,37,37,3,-1,0,-1,-1,1586,32,8,unknown,APPLE,
2796.504000000001,fc:1a:2a:b4:a8:f0,f0a8b42a1afc1eff4c00121910102199b7de76657973110b23fe91684c43befb0b0cdb00f5,-10414.0,70026.0,-101087.0,81461.0,-138707.0,,0,0,0,0,0,1,1,0,ADV_IND,37,37,5,-1,0,-1,-1,6970,32,8,unknown,APPLE,
2798.4010000000126,ef:83:e9:78:5b:d8,d85b78e983ef1eff4c001219101ee832f617cb6c784c5f33718bf2906e81b67394ab530184,-45530.0,52215.0,-121157.0,44194.0,-140798.0,,0,0,0,0,0,1,1,0,ADV_IND,37,37,10,-1,0,-1,-1,7544,32,8,unknown,APPLE,
2798.4010000000126,fc:1a:2a:b4:a8:f0,f0a8b42a1afc1eff4c00121910102199b7de76657973110b23fe91684c43befb0b0cdb00f5,-12310.0,60053.0,-108858.0,83080.0,-142227.0,,0,0,0,0,0,1,1,0,ADV_IND,37,37,14,-1,0,-1,-1,5065,32,7,unknown,APPLE,
2800.2630000000063,50:aa:ca:85:78:51,517885caaa500201061916aafe403f35e420d5cb55ccb7c814c1a80704603976ce6544,186.0,87286.0,-69844.0,99569.0,-125895.0,,0,0,0,0,0,1,1,0,ADV_IND,35,37,1,-1,0,-1,-1,7420,32,8,unknown,GOOGLE,
2803.7570000000123,fa:1f:fb:bc:6b:bd,bd6bbcfb1ffa1eff4c0012190071cabc4cead57f755ba227c4e3d47ae7bc577751e0400000,-45378.0,84537.0,-97170.0,81783.0,-131947.0,,0,0,0,0,0,1,1,2,ADV_NONCONN_IND,37,37,12,-1,0,-1,-1,2992,32,8,unknown,APPLE,
2803.7570000000123,ef:83:e9:78:5b:d8,d85b78e983ef1eff4c001219101ee832f617cb6c784c5f33718bf2906e81b67394ab530184,-33577.0,62122.0,-121903.0,45076.0,-147017.0,,0,0,0,0,0,1,1,0,ADV_IND,37,37,1,-1,0,-1,-1,1408,32,8,unknown,APPLE,
2805.446000000011,fe:cd:da:e7:17:a7,a717e7dacdfe1eff4c0012192014e348ac93987e878b16d86fac6900d4700d38533ef2002c,-8122.0,61732.0,-88269.0,78838.0,-104594.0,,0,0,0,0,0,1,1,0,ADV_IND,37,37,5,-1,0,-1,-1,4902,32,7,unknown,APPLE,
2807.4010000000126,fe:cd:da:e7:17:a7,a717e7dacdfe1eff4c0012192014e348ac93987e878b16d86fac6900d4700d38533ef2002c,-30043.0,100545.0,-70693.0,55105.0,-111290.0,,0,0,0,0,0,1,1,0,ADV_IND,37,37,11,-1,0,-1,-1,5354,30,8,unknown,APPLE,
2809.3640000000014,fc:1a:2a:b4:a8:f0,f0a8b42a1afc1eff4c00121910102199b7de76657973110b23fe91684c43befb0b0cdb00f5,-26198.0,81547.0,-86483.0,75973.0,-145618.0,,0,0,0,0,0,1,1,0,ADV_IND,37,37,3,-1,0,-1,-1,1563,32,8,unknown,APPLE,
2814.17300000001,cf:37:da:93:f6:9f,9ff693da37cf1eff4c001219200375656d2c165717f11a11cb7237f3a032539471c8f50011,-20647.0,91527.0,-94871.0,105009.0,-105084.0,,0,0,0,0,0,1,1,0,ADV_IND,37,37,15,-1,0,-1,-1,5836,32,8,unknown,APPLE,
2814.17300000001,fa:1f:fb:bc:6b:bd,bd6bbcfb1ffa1eff4c0012190071cabc4cead57f755ba227c4e3d47ae7bc577751e0400000,-45685.0,67472.0,-102640.0,95139.0,-112372.0,,0,0,0,0,0,1,1,2,ADV_NONCONN_IND,37,37,10,-1,0,-1,-1,5327,31,8,unknown,APPLE,
2814.17300000001,e4:b4:8d:df:00:c3,25666c3cf5f41eff4c00121910c4ae7bedf14240cd85e38faa329cbbc7be0f299a6ed70339,-45322.0,87426.0,-106232.0,85189.0,-131749.0,,0,0,0,0,0,1,1,0,ADV_IND,37,37,5,-1,0,-1,-1,4619,32,8,unknown,APPLE,f4:f5:3c:6c:66:25
2816.094000000012,fc:1a:2a:b4:a8:f0,f0a8b42a1afc1eff4c00121910102199b7de76657973110b23fe91684c43befb0b0cdb00f5,-38179.0,88123.0,-119577.0,101494.0,-150259.0,,0,0,0,0,0,1,1,0,ADV_IND,37,37,10,-1,0,-1,-1,6416,32,7,unknown,APPLE,
2816.094000000012,fe:cd:da:e7:17:a7,a717e7dacdfe1eff4c0012192014e348ac93987e878b16d86fac6900d4700d38533ef2002c,-39748.0,84865.0,-69707.0,70324.0,-109953.0,,0,0,0,0,0,1,1,0,ADV_IND,37,37,3,-1,0,-1,-1,3422,32,8,unknown,APPLE,
2816.094000000012,cf:37:da:93:f6:9f,9ff693da37cf1eff4c001219200375656d2c165717f11a11cb7237f3a032539471c8f50011,6142.0,81862.0,-86321.0,114075.0,-102652.0,,0,0,0,0,0,1,1,0,ADV_IND,37,37,12,-1,0,-1,-1,3313,32,8,unknown,APPLE,
2818.0070000000123,50:aa:ca:85:78:51,517885caaa500201061916aafe403f35e420d5cb55ccb7c814c1a80704603976ce6544,-4054.0,121611.0,-109521.0,113484.0,-149866.0,,0,0,0,0,0,1,1,0,ADV_IND,35,37,15,-1,0,-1,-1,7911,32,7,unknown,GOOGLE,
2820.2100000000064,ef:83:e9:78:5b:d8,d85b78e983ef1eff4c001219101ee832f617cb6c784c5f33718bf2906e81b67394ab530184,-38334.0,59631.0,-127625.0,67255.0,-153864.0,,0,0,0,0,0,1,1,0,ADV_IND,37,37,1,-1,0,-1,-1,2177,31,7,unknown,APPLE,
2820.2100000000064,fc:1a:2a:b4:a8:f0,f0a8b42a1afc1eff4c00121910102199b7de76657973110b23fe91684c43befb0b0cdb00f5,-23849.0,66026.0,-98220.0,95842.0,-137534.0,,0,0,0,0,0,1,1,0,ADV_IND,37,37,0,-1,0,-1,-1,6663,32,8,unknown,APPLE,
2822.5060000000085,fc:1a:2a:b4:a8:f0,f0a8b42a1afc1eff4c00121910102199b7de76657973110b23fe91684c43befb0b0cdb00f5,-15820.0,54136.0,-94310.0,90747.0,-146913.0,,0,0,0,0,0,1,1,0,ADV_IND,37,37,14,-1,0,-1,-1,4891,32,7,unknown,APPLE,
2822.5060000000085,e6:e8:88:15:1f:45,451f1588e8e61eff4c001219208a71766544231b9344631fce49af170166ae96b4ed000167,-56931.0,100550.0,-106479.0,73021.0,-142104.0,,0,0,0,0,0,1,1,0,ADV_IND,37,37,7,-1,0,-1,-1,2877,32,7,unknown,APPLE,
2824.4400000000023,da:7e:4b:2c:40:08,08402c4b7eda1eff4c0012196081ba4f1af335aea59dcfa3d162957dab92488751303100c3,-7740.0,73703.0,-123581.0,113726.0,-153309.0,,0,0,0,0,0,1,1,0,ADV_IND,37,37,14,-1,0,-1,-1,6851,31,7,unknown,APPLE,
2824.4400000000023,fa:1f:fb:bc:6b:bd,bd6bbcfb1ffa1eff4c0012190071cabc4cead57f755ba227c4e3d47ae7bc577751e0400000,-33857.0,74789.0,-103515.0,109688.0,-140513.0,,0,0,0,0,0,1,1,2,ADV_NONCONN_IND,37,37,2,-1,0,-1,-1,5396,32,8,unknown,APPLE,
2826.5060000000085,fc:1a:2a:b4:a8:f0,f0a8b42a1afc1eff4c00121910102199b7de76657973110b23fe91684c43befb0b0cdb00f5,-13348.0,66233.0,-109142.0,79100.0,-112568.0,,0,0,0,0,0,1,1,0,ADV_IND,37,37,5,-1,0,-1,-1,1905,32,7,unknown,APPLE,
2826.5060000000085,50:aa:ca:85:78:51,517885caaa500201061916aafe403f35e420d5cb55ccb7c814c1a80704603976ce6544,0.0,96639.0,-98124.0,110432.0,-139827.0,,0,0,0,0,0,1,1,0,ADV_IND,35,37,6,-1,0,-1,-1,2220,32,8,unknown,GOOGLE,
2828.922000000006,fa:1f:fb:bc:6b:bd,bd6bbcfb1ffa1eff4c0012190071cabc4cead57f755ba227c4e3d47ae7bc577751e0400000,-8480.0,43099.0,-103499.0,89879.0,-115687.0,,0,0,0,0,0,1,1,2,ADV_NONCONN_IND,37,37,0,-1,0,-1,-1,6950,32,8,unknown,APPLE,
2830.797000000006,fe:cd:da:e7:17:a7,a717e7dacdfe1eff4c0012192014e348ac93987e878b16d86fac6900d4700d38533ef2002c,-18075.0,85688.0,-58931.0,42123.0,-124098.0,,0,0,0,0,0,1,1,0,ADV_IND,37,37,6,-1,0,-1,-1,7125,32,8,unknown,APPLE,
2832.7830000000104,50:aa:ca:85:78:51,517885caaa500201061916aafe403f35e420d5cb55ccb7c814c1a80704603976ce6544,-6689.0,129023.0,-116504.0,108001.0,-147056.0,,0,0,0,0,0,1,1,0,ADV_IND,35,37,4,-1,0,-1,-1,3357,32,8,unknown,GOOGLE,
2832.7830000000104,fe:cd:da:e7:17:a7,a717e7dacdfe1eff4c0012192014e348ac93987e878b16d86fac6900d4700d38533ef2002c,-6829.0,71496.0,-79496.0,82659.0,-122103.0,,0,0,0,0,0,1,1,0,ADV_IND,37,37,2,-1,0,-1,-1,7119,31,8,unknown,APPLE,
2841.472000000009,d2:1b:8b:8e:cd:29,25666c3cf5f41eff4c00121910c4ae7bedf14240cd85e38faa329cbbc7be0f299a6ed70339,-19094.0,89471.0,-115818.0,80775.0,-154267.0,,0,0,0,0,0,1,1,0,ADV_IND,37,37,8,-1,0,-1,-1,5757,32,8,unknown,APPLE,f4:f5:3c:6c:66:25
2843.2780000000057,fe:cd:da:e7:17:a7,a717e7dacdfe1eff4c0012192014e348ac93987e878b16d86fac6900d4700d38533ef2002c,-2638.0,71237.0,-87827.0,70769.0,-109823.0,,0,0,0,0,0,1,1,0,ADV_IND,37,37,1,-1,0,-1,-1,7932,32,7,unknown,APPLE,
2845.046000000002,50:aa:ca:85:78:51,517885caaa500201061916aafe403f35e420d5cb55ccb7c814c1a80704603976ce6544,-5019.0,97111.0,-90919.0,89717.0,-113617.0,,0,0,0,0,0,1,1,0,ADV_IND,35,37,9,-1,0,-1,-1,4844,32,8,unknown,GOOGLE,
2850.536000000008,c9:cf:22:0f:ea:09,09ea0f22cfc91eff4c00121920f79d4d6f09f8e1050e0575179480936a1a13ddd4d716009b,-34228.0,71285.0,-91889.0,58981.0,-134102.0,,0,0,0,0,0,1,1,0,ADV_IND,37,37,5,-1,0,-1,-1,1566,32,8,unknown,APPLE,
2850.536000000008,da:7e:4b:2c:40:08,08402c4b7eda1eff4c0012196081ba4f1af335aea59dcfa3d162957dab92488751303100c3,-17100.0,71542.0,-89854.0,76823.0,-148497.0,,0,0,0,0,0,1,1,0,ADV_IND,37,37,0,-1,0,-1,-1,2848,32,8,unknown,APPLE,
2856.904000000009,e6:e8:88:15:1f:45,451f1588e8e61eff4c001219208a71766544231b9344631fce49af170166ae96b4ed000167,-36721.0,83228.0,-103474.0,83241.0,-147311.0,,0,0,0,0,0,1,1,0,ADV_IND,37,37,6,-1,0,-1,-1,5384,32,8,unknown,APPLE,
2861.100000000006,fc:1a:2a:b4:a8:f0,f0a8b42a1afc1eff4c00121910102199b7de76657973110b23fe91684c43befb0b0cdb00f5,-34048.0,103929.0,-109110.0,96002.0,-142821.0,,0,0,0,0,0,1,1,0,ADV_IND,37,37,7,-1,0,-1,-1,4059,32,7,unknown,APPLE,
2861.100000000006,ef:83:e9:78:5b:d8,d85b78e983ef1eff4c001219101ee832f617cb6c784c5f33718bf2906e81b67394ab530184,-49588.0,62074.0,-94295.0,62233.0,-160512.0,,0,0,0,0,0,1,1,0,ADV_IND,37,37,0,-1,0,-1,-1,3419,31,7,unknown,APPLE,
2861.100000000006,f6:7f:67:2b:0f:68,680f2b677ff61eff4c00121960268e9f66560b039092ea96d382a0d83ae7cf9ca79f2202a1,-32153.0,97788.0,-98325.0,114228.0,-160157.0,,0,0,0,0,0,1,1,0,ADV_IND,37,37,8,-1,0,-1,-1,6412,32,8,unknown,APPLE,
2861.100000000006,fa:1f:fb:bc:6b:bd,bd6bbcfb1ffa1eff4c0012190071cabc4cead57f755ba227c4e3d47ae7bc577751e0400000,-23582.0,92308.0,-103527.0,100042.0,-141124.0,,0,0,0,0,0,1,1,2,ADV_NONCONN_IND,37,37,2,-1,0,-1,-1,7282,29,7,unknown,APPLE,
2862.429000000004,da:7e:4b:2c:40:08,08402c4b7eda1eff4c0012196081ba4f1af335aea59dcfa3d162957dab92488751303100c3,-34271.0,57042.0,-97254.0,100543.0,-154915.0,,0,0,0,0,0,1,1,0,ADV_IND,37,37,0,-1,0,-1,-1,7626,32,7,unknown,APPLE,
2863.852000000013,c9:cf:22:0f:ea:09,09ea0f22cfc91eff4c00121920f79d4d6f09f8e1050e0575179480936a1a13ddd4d716009b,-40976.0,45043.0,-92802.0,63461.0,-108476.0,,0,0,0,0,0,1,1,0,ADV_IND,37,37,8,-1,0,-1,-1,5220,32,8,unknown,APPLE,
2866.921000000002,f5:ec:7d:ef:0a:97,970aef7decf51eff4c0012196068e567764a21c53bfe79cccad4bf968dc92c8640c8e203ae,4586.0,58235.0,-71312.0,75344.0,-113658.0,,0,0,0,0,0,1,1,0,ADV_IND,37,37,14,-1,0,-1,-1,5316,29,7,unknown,APPLE,
2866.921000000002,fe:cd:da:e7:17:a7,a717e7dacdfe1eff4c0012192014e348ac93987e878b16d86fac6900d4700d38533ef2002c,-44704.0,89399.0,-72404.0,78535.0,-108598.0,,0,0,0,0,0,1,1,0,ADV_IND,37,37,7,-1,0,-1,-1,7813,32,8,unknown,APPLE,
2866.921000000002,da:7e:4b:2c:40:08,08402c4b7eda1eff4c0012196081ba4f1af335aea59dcfa3d162957dab92488751303100c3,-24321.0,58557.0,-104631.0,90604.0,-134264.0,,0,0,0,0,0,1,1,0,ADV_IND,37,37,9,-1,0,-1,-1,1577,31,8,unknown,APPLE,
2868.544000000009,da:7e:4b:2c:40:08,08402c4b7eda1eff4c0012196081ba4f1af335aea59dcfa3d162957dab92488751303100c3,-25291.0,44462.0,-95162.0,84871.0,-130313.0,,0,0,0,0,0,1,1,0,ADV_IND,37,37,10,-1,0,-1,-1,3099,32,8,unknown,APPLE,
2868.544000000009,e6:e8:88:15:1f:45,451f1588e8e61eff4c001219208a71766544231b9344631fce49af170166ae96b4ed000167,-41293.0,70909.0,-113600.0,88887.0,-142403.0,,0,0,0,0,0,1,1,0,ADV_IND,37,37,2,-1,0,-1,-1,4180,32,8,unknown,APPLE,
2870.4010000000126,c9:cf:22:0f:ea:09,09ea0f22cfc91eff4c00121920f79d4d6f09f8e1050e0575179480936a1a13ddd4d716009b,-39003.0,77002.0,-89956.0,64156.0,-127736.0,,0,0,0,0,0,1,1,0,ADV_IND,37,37,1,-1,0,-1,-1,1590,28,7,unknown,APPLE,
2870.4010000000126,fa:1f:fb:bc:6b:bd,bd6bbcfb1ffa1eff4c0012190071cabc4cead57f755ba227c4e3d47ae7bc577751e0400000,-17144.0,95445.0,-109475.0,99211.0,-156078.0,,0,0,0,0,0,1,1,2,ADV_NONCONN_IND,37,37,14,-1,0,-1,-1,4666,32,8,unknown,APPLE,
2870.4010000000126,50:aa:ca:85:78:51,517885caaa500201061916aafe403f35e420d5cb55ccb7c814c1a80704603976ce6544,-4616.0,111748.0,-108166.0,106689.0,-144374.0,,0,0,0,0,0,1,1,0,ADV_IND,35,37,6,-1,0,-1,-1,7774,31,7,unknown,GOOGLE,
2870.4010000000126,fe:cd:da:e7:17:a7,a717e7dacdfe1eff4c0012192014e348ac93987e878b16d86fac6900d4700d38533ef2002c,-6266.0,90052.0,-97153.0,80761.0,-145594.0,,0,0,0,0,0,1,1,0,ADV_IND,37,37,1,-1,0,-1,-1,5613,32,8,unknown,APPLE,
2874.344000000012,c9:cf:22:0f:ea:09,09ea0f22cfc91eff4c00121920f79d4d6f09f8e1050e0575179480936a1a13ddd4d716009b,-44391.0,74309.0,-84084.0,38250.0,-130106.0,,0,0,0,0,0,1,1,0,ADV_IND,37,37,13,-1,0,-1,-1,4298,32,8,unknown,APPLE,
2874.344000000012,e6:e8:88:15:1f:45,451f1588e8e61eff4c001219208a71766544231b9344631fce49af170166ae96b4ed000167,-48826.0,64563.0,-97083.0,74036.0,-129361.0,,0,0,0,0,0,1,1,0,ADV_IND,37,37,4,-1,0,-1,-1,1815,31,7,unknown,APPLE,
2876.272000000012,d2:1b:8b:8e:cd:29,25666c3cf5f41eff4c00121910c4ae7bedf14240cd85e38faa329cbbc7be0f299a6ed70339,-14044.0,63679.0,-110754.0,101689.0,-135965.0,,0,0,0,0,0,1,1,0,ADV_IND,37,37,10,-1,0,-1,-1,2998,32,8,unknown,APPLE,f4:f5:3c:6c:66:25
2876.272000000012,fa:1f:fb:bc:6b:bd,bd6bbcfb1ffa1eff4c0012190071cabc4cead57f755ba227c4e3d47ae7bc577751e0400000,-12904.0,64337.0,-98471.0,75671.0,-145359.0,,0,0,0,0,0,1,1,2,ADV_NONCONN_IND,37,37,1,-1,0,-1,-1,7995,32,8,unknown,APPLE,
2878.238000000012,fa:1f:fb:bc:6b:bd,bd6bbcfb1ffa1eff4c0012190071cabc4cead57f755ba227c4e3d47ae7bc577751e0400000,-16767.0,87127.0,-89680.0,68718.0,-156658.0,,0,0,0,0,0,1,1,2,ADV_NONCONN_IND,37,37,7,-1,0,-1,-1,2490,32,8,unknown,APPLE,
2878.238000000012,50:aa:ca:85:78:51,517885caaa500201061916aafe403f35e420d5cb55ccb7c814c1a80704603976ce6544,0.0,99848.0,-111017.0,87691.0,-114303.0,,0,0,0,0,0,1,1,0,ADV_IND,35,37,15,-1,0,-1,-1,5998,32,7,unknown,GOOGLE,
2878.238000000012,fc:1a:2a:b4:a8:f0,f0a8b42a1afc1eff4c00121910102199b7de76657973110b23fe91684c43befb0b0cdb00f5,-16834.0,68124.0,-103526.0,95780.0,-143373.0,,0,0,0,0,0,1,1,0,ADV_IND,37,37,9,-1,0,-1,-1,8017,32,8,unknown,APPLE,
2879.8800000000047,fa:1f:fb:bc:6b:bd,bd6bbcfb1ffa1eff4c0012190071cabc4cead57f755ba227c4e3d47ae7bc577751e0400000,-36978.0,76805.0,-89891.0,90950.0,-133066.0,,0,0,0,0,0,1,1,2,ADV_NONCONN_IND,37,37,0,-1,0,-1,-1,5232,32,8,unknown,APPLE,
2879.8800000000047,fc:1a:2a:b4:a8:f0,f0a8b42a1afc1eff4c00121910102199b7de76657973110b23fe91684c43befb0b0cdb00f5,-27565.0,83999.0,-92431.0,78344.0,-148679.0,,0,0,0,0,0,1,1,0,ADV_IND,37,37,5,-1,0,-1,-1,7651,31,8,unknown,APPLE,
2881.066000000006,fa:1f:fb:bc:6b:bd,bd6bbcfb1ffa1eff4c0012190071cabc4cead57f755ba227c4e3d47ae7bc577751e0400000,-17514.0,61131.0,-103497.0,103204.0,-125454.0,,0,0,0,0,0,1,1,2,ADV_NONCONN_IND,37,37,13,-1,0,-1,-1,3418,32,8,unknown,APPLE,
2883.497000000003,fc:1a:2a:b4:a8:f0,f0a8b42a1afc1eff4c00121910102199b7de76657973110b23fe91684c43befb0b0cdb00f5,-21864.0,117083.0,-97511.0,63351.0,-141171.0,,0,0,0,0,0,1,1,0,ADV_IND,37,37,5,-1,0,-1,-1,7841,28,7,unknown,APPLE,
2884.671000000002,f5:ec:7d:ef:0a:97,970aef7decf51eff4c0012196068e567764a21c53bfe79cccad4bf968dc92c8640c8e203ae,-5453.0,66671.0,-70499.0,72549.0,-130413.0,,0,0,0,0,0,1,1,0,ADV_IND,37,37,14,-1,0,-1,-1,6596,32,7,unknown,APPLE,
2886.6010000000097,fe:cd:da:e7:17:a7,a717e7dacdfe1eff4c0012192014e348ac93987e878b16d86fac6900d4700d38533ef2002c,-5780.0,108349.0,-88133.0,64426.0,-116736.0,,0,0,0,0,0,1,1,0,ADV_IND,37,37,14,-1,0,-1,-1,1571,32,8,unknown,APPLE,
2886.6010000000097,ef:83:e9:78:5b:d8,d85b78e983ef1eff4c001219101ee832f617cb6c784c5f33718bf2906e81b67394ab530184,-34930.0,57957.0,-136890.0,71651.0,-156606.0,,0,0,0,0,0,1,1,0,ADV_IND,37,37,14,-1,0,-1,-1,7898,32,8,unknown,APPLE,
2888.6310000000085,fa:1f:fb:bc:6b:bd,bd6bbcfb1ffa1eff4c0012190071cabc4cead57f755ba227c4e3d47ae7bc577751e0400000,-19283.0,74704.0,-100134.0,97309.0,-157654.0,,0,0,0,0,0,1,1,2,ADV_NONCONN_IND,37,37,15,-1,0,-1,-1,5174,32,7,unknown,APPLE,
2888.6310000000085,e6:e8:88:15:1f:45,451f1588e8e61eff4c001219208a71766544231b9344631fce49af170166ae96b4ed000167,-48234.0,53961.0,-98111.0,74298.0,-116326.0,,0,0,0,0,0,1,1,0,ADV_IND,37,37,10,-1,0,-1,-1,7670,30,8,unknown,APPLE,
2888.6310000000085,ef:83:e9:78:5b:d8,d85b78e983ef1eff4c001219101ee832f617cb6c784c5f33718bf2906e81b67394ab530184,-26604.0,71029.0,-138463.0,47852.0,-153732.0,,0,0,0,0,0,1,1,0,ADV_IND,37,37,10,-1,0,-1,-1,3137,32,8,unknown,APPLE,
2890.602000000013,ef:83:e9:78:5b:d8,d85b78e983ef1eff4c001219101ee832f617cb6c784c5f33718bf2906e81b67394ab530184,-22580.0,54929.0,-137659.0,65386.0,-156133.0,,0,0,0,0,0,1,1,0,ADV_IND,37,37,1,-1,0,-1,-1,5569,30,8,unknown,APPLE,
2890.602000000013,e6:e8:88:15:1f:45,451f1588e8e61eff4c001219208a71766544231b9344631fce49af170166ae96b4ed000167,-44256.0,42919.0,-93168.0,79236.0,-115771.0,,0,0,0,0,0,1,1,0,ADV_IND,37,37,7,-1,0,-1,-1,6519,32,8,unknown,APPLE,
2892.8120000000054,fa:1f:fb:bc:6b:bd,bd6bbcfb1ffa1eff4c0012190071cabc4cead57f755ba227c4e3d47ae7bc577751e0400000,-20613.0,79983.0,-88614.0,83294.0,-158241.0,,0,0,0,0,0,1,1,2,ADV_NONCONN_IND,37,37,13,-1,0,-1,-1,2857,32,8,unknown,APPLE,
2894.918000000005,e6:e8:88:15:1f:45,451f1588e8e61eff4c001219208a71766544231b9344631fce49af170166ae96b4ed000167,-68157.0,71697.0,-109067.0,97282.0,-152087.0,,0,0,0,0,0,1,1,0,ADV_IND,37,37,4,-1,0,-1,-1,2661,31,7,unknown,APPLE,
2894.918000000005,50:aa:ca:85:78:51,517885caaa500201061916aafe403f35e420d5cb55ccb7c814c1a80704603976ce6544,-7484.0,94412.0,-80174.0,105346.0,-121628.0,,0,0,0,0,0,1,1,0,ADV_IND,35,37,8,-1,0,-1,-1,8019,32,8,unknown,GOOGLE,
2896.412000000011,ef:83:e9:78:5b:d8,d85b78e983ef1eff4c001219101ee832f617cb6c784c5f33718bf2906e81b67394ab530184,-39608.0,44985.0,-104285.0,62002.0,-142912.0,,0,0,0,0,0,1,1,0,ADV_IND,37,37,1,-1,0,-1,-1,6698,32,8,unknown,APPLE,
2901.347000000009,fe:cd:da:e7:17:a7,a717e7dacdfe1eff4c0012192014e348ac93987e878b16d86fac6900d4700d38533ef2002c,-21201.0,67101.0,-97524.0,100325.0,-105270.0,,0,0,0,0,0,1,1,0,ADV_IND,37,37,8,-1,0,-1,-1,2152,32,8,unknown,APPLE,
2901.347000000009,fa:1f:fb:bc:6b:bd,bd6bbcfb1ffa1eff4c0012190071cabc4cead57f755ba227c4e3d47ae7bc577751e0400000,-15633.0,95245.0,-118689.0,94994.0,-161778.0,,0,0,0,0,0,1,1,2,ADV_NONCONN_IND,37,37,6,-1,0,-1,-1,1145,32,7,unknown,APPLE,
2902.9080000000104,fa:1f:fb:bc:6b:bd,bd6bbcfb1ffa1eff4c0012190071cabc4cead57f755ba227c4e3d47ae7bc577751e0400000,-20110.0,68224.0,-86670.0,94691.0,-142401.0,,0,0,0,0,0,1,1,2,ADV_NONCONN_IND,37,37,13,-1,0,-1,-1,2088,32,8,unknown,APPLE,
2902.9080000000104,fe:cd:da:e7:17:a7,a717e7dacdfe1eff4c0012192014e348ac93987e878b16d86fac6900d4700d38533ef2002c,-20720.0,69407.0,-65877.0,72372.0,-108625.0,,0,0,0,0,0,1,1,0,ADV_IND,37,37,0,-1,0,-1,-1,6832,32,8,unknown,APPLE,
2904.7920000000013,ef:83:e9:78:5b:d8,d85b78e983ef1eff4c001219101ee832f617cb6c784c5f33718bf2906e81b67394ab530184,-59577.0,52593.0,-100655.0,71649.0,-161776.0,,0,0,0,0,0,1,1,0,ADV_IND,37,37,4,-1,0,-1,-1,5103,32,8,unknown,APPLE,
2904.7920000000013,fa:1f:fb:bc:6b:bd,bd6bbcfb1ffa1eff4c0012190071cabc4cead57f755ba227c4e3d47ae7bc577751e0400000,-15151.0,70867.0,-87234.0,51634.0,-149973.0,,0,0,0,0,0,1,1,2,ADV_NONCONN_IND,37,37,6,-1,0,-1,-1,1982,32,8,unknown,APPLE,
2906.4310000000114,ef:83:e9:78:5b:d8,d85b78e983ef1eff4c001219101ee832f617cb6c784c5f33718bf2906e81b67394ab530184,-39039.0,68768.0,-136909.0,79907.0,-160774.0,,0,0,0,0,0,1,1,0,ADV_IND,37,37,5,-1,0,-1,-1,3514,32,8,unknown,APPLE,
2908.478000000003,fe:cd:da:e7:17:a7,a717e7dacdfe1eff4c0012192014e348ac93987e878b16d86fac6900d4700d38533ef2002c,-18660.0,98207.0,-78968.0,82176.0,-93208.0,,0,0,0,0,0,1,1,0,ADV_IND,37,37,12,-1,0,-1,-1,4278,32,8,unknown,APPLE,
2909.2620000000024,fa:1f:fb:bc:6b:bd,bd6bbcfb1ffa1eff4c0012190071cabc4cead57f755ba227c4e3d47ae7bc577751e0400000,-21015.0,77843.0,-111462.0,85991.0,-166085.0,,0,0,0,0,0,1,1,2,ADV_NONCONN_IND,37,37,15,-1,0,-1,-1,2260,32,8,unknown,APPLE,
2912.050000000003,cf:37:da:93:f6:9f,9ff693da37cf1eff4c001219200375656d2c165717f11a11cb7237f3a032539471c8f50011,-30813.0,97432.0,-77672.0,104251.0,-96348.0,,0,0,0,0,0,1,1,0,ADV_IND,37,37,7,-1,0,-1,-1,3310,30,8,unknown,APPLE,
2912.050000000003,e6:e8:88:15:1f:45,451f1588e8e61eff4c001219208a71766544231b9344631fce49af170166ae96b4ed000167,-50640.0,62501.0,-98805.0,74811.0,-126071.0,,0,0,0,0,0,1,1,0,ADV_IND,37,37,5,-1,0,-1,-1,6631,31,7,unknown,APPLE,
2912.050000000003,ef:83:e9:78:5b:d8,d85b78e983ef1eff4c001219101ee832f617cb6c784c5f33718bf2906e81b67394ab530184,-41091.0,33416.0,-109840.0,56746.0,-122150.0,,0,0,0,0,0,1,1,0,ADV_IND,37,37,9,-1,0,-1,-1,5771,32,8,unknown,APPLE,
2914.396000000008,ef:83:e9:78:5b:d8,d85b78e983ef1eff4c001219101ee832f617cb6c784c5f33718bf2906e81b67394ab530184,-30838.0,41171.0,-109491.0,50021.0,-122952.0,,0,0,0,0,0,1,1,0,ADV_IND,37,37,13,-1,0,-1,-1,7101,32,8,unknown,APPLE,
2916.1010000000097,50:aa:ca:85:78:51,517885caaa500201061916aafe403f35e420d5cb55ccb7c814c1a80704603976ce6544,-1937.0,128033.0,-106573.0,96034.0,-141977.0,,0,0,0,0,0,1,1,0,ADV_IND,35,37,8,-1,0,-1,-1,4231,32,7,unknown,GOOGLE,
2916.1010000000097,ef:83:e9:78:5b:d8,d85b78e983ef1eff4c001219101ee832f617cb6c784c5f33718bf2906e81b67394ab530184,-35329.0,50704.0,-101944.0,71238.0,-157150.0,,0,0,0,0,0,1,1,0,ADV_IND,37,37,3,-1,0,-1,-1,3141,32,8,unknown,APPLE,
2917.920000000013,ef:83:e9:78:5b:d8,d85b78e983ef1eff4c001219101ee832f617cb6c784c5f33718bf2906e81b67394ab530184,-58989.0,76473.0,-125818.0,84312.0,-144086.0,,0,0,0,0,0,1,1,0,ADV_IND,37,37,1,-1,0,-1,-1,6259,32,8,unknown,APPLE,
2919.700000000012,fa:1f:fb:bc:6b:bd,bd6bbcfb1ffa1eff4c0012190071cabc4cead57f755ba227c4e3d47ae7bc577751e0400000,-19294.0,59528.0,-97226.0,83474.0,-109242.0,,0,0,0,0,0,1,1,2,ADV_NONCONN_IND,37,37,7,-1,0,-1,-1,4535,32,8,unknown,APPLE,
2921.3020000000106,da:7e:4b:2c:40:08,08402c4b7eda1eff4c0012196081ba4f1af335aea59dcfa3d162957dab92488751303100c3,-12050.0,83206.0,-109306.0,78651.0,-151500.0,,0,0,0,0,0,1,1,0,ADV_IND,37,37,13,-1,0,-1,-1,1404,32,8,unknown,APPLE,
2921.3020000000106,fe:cd:da:e7:17:a7,a717e7dacdfe1eff4c0012192014e348ac93987e878b16d86fac6900d4700d38533ef2002c,-28098.0,83294.0,-68741.0,96578.0,-121278.0,,0,0,0,0,0,1,1,0,ADV_IND,37,37,5,-1,0,-1,-1,7197,32,8,unknown,APPLE,
2924.768000000011,fa:1f:fb:bc:6b:bd,bd6bbcfb1ffa1eff4c0012190071cabc4cead57f755ba227c4e3d47ae7bc577751e0400000,-19217.0,70194.0,-104580.0,88707.0,-151154.0,,0,0,0,0,0,1,1,2,ADV_NONCONN_IND,37,37,7,-1,0,-1,-1,1987,32,7,unknown,APPLE,
2926.715000000011,50:aa:ca:85:78:51,517885caaa500201061916aafe403f35e420d5cb55ccb7c814c1a80704603976ce6544,-14098.0,81842.0,-88895.0,116768.0,-112132.0,,0,0,0,0,0,1,1,0,ADV_IND,35,37,8,-1,0,-1,-1,7271,32,8,unknown,GOOGLE,
2928.685000000012,fe:cd:da:e7:17:a7,a717e7dacdfe1eff4c0012192014e348ac93987e878b16d86fac6900d4700d38533ef2002c,0.0,89297.0,-104227.0,81657.0,-131883.0,,0,0,0,0,0,1,1,0,ADV_IND,37,37,4,-1,0,-1,-1,4585,32,8,unknown,APPLE,
2928.685000000012,fc:1a:2a:b4:a8:f0,f0a8b42a1afc1eff4c00121910102199b7de76657973110b23fe91684c43befb0b0cdb00f5,-37662.0,57692.0,-87228.0,82422.0,-145498.0,,0,0,0,0,0,1,1,0,ADV_IND,37,37,9,-1,0,-1,-1,6513,32,8,unknown,APPLE,
2932.4760000000097,c9:cf:22:0f:ea:09,09ea0f22cfc91eff4c00121920f79d4d6f09f8e1050e0575179480936a1a13ddd4d716009b,-32468.0,66251.0,-80334.0,52784.0,-129574.0,,0,0,0,0,0,1,1,0,ADV_IND,37,37,9,-1,0,-1,-1,6751,32,7,unknown,APPLE,
2934.180000000008,50:aa:ca:85:78:51,517885caaa500201061916aafe403f35e420d5cb55ccb7c814c1a80704603976ce6544,-1054.0,107895.0,-118770.0,120656.0,-166078.0,,0,0,0,0,0,1,1,0,ADV_IND,35,37,3,-1,0,-1,-1,5616,31,8,unknown,GOOGLE,
2939.395000000004,f5:ec:7d:ef:0a:97,970aef7decf51eff4c0012196068e567764a21c53bfe79cccad4bf968dc92c8640c8e203ae,-8859.0,88594.0,-91521.0,83275.0,-139357.0,,0,0,0,0,0,1,1,0,ADV_IND,37,37,13,-1,0,-1,-1,4321,29,7,unknown,APPLE,
2939.395000000004,da:7e:4b:2c:40:08,08402c4b7eda1eff4c0012196081ba4f1af335aea59dcfa3d162957dab92488751303100c3,-23670.0,59512.0,-106526.0,99569.0,-137393.0,,0,0,0,0,0,1,1,0,ADV_IND,37,37,3,-1,0,-1,-1,2591,31,8,unknown,APPLE,
2941.232000000004,e6:e8:88:15:1f:45,451f1588e8e61eff4c001219208a71766544231b9344631fce49af170166ae96b4ed000167,-43355.0,69520.0,-113855.0,102799.0,-141390.0,,0,0,0,0,0,1,1,0,ADV_IND,37,37,11,-1,0,-1,-1,1549,32,8,unknown,APPLE,
2941.232000000004,da:7e:4b:2c:40:08,08402c4b7eda1eff4c0012196081ba4f1af335aea59dcfa3d162957dab92488751303100c3,-37465.0,64043.0,-91998.0,71602.0,-131177.0,,0,0,0,0,0,1,1,0,ADV_IND,37,37,15,-1,0,-1,-1,6411,32,8,unknown,APPLE,
2941.232000000004,f0:e3:6f:28:be:f5,25666c3cf5f41eff4c00121910c4ae7bedf14240cd85e38faa329cbbc7be0f299a6ed70339,-23675.0,63778.0,-91116.0,72638.0,-125809.0,,0,0,0,0,0,1,1,0,ADV_IND,37,37,4,-1,0,-1,-1,3952,32,8,unknown,APPLE,f4:f5:3c:6c:66:25
2945.5100000000093,da:7e:4b:2c:40:08,08402c4b7eda1eff4c0012196081ba4f1af335aea59dcfa3d162957dab92488751303100c3,-36111.0,64175.0,-94654.0,79894.0,-133995.0,,0,0,0,0,0,1,1,0,ADV_IND,37,37,0,-1,0,-1,-1,5813,32,7,unknown,APPLE,
2949.189000000013,fe:cd:da:e7:17:a7,a717e7dacdfe1eff4c0012192014e348ac93987e878b16d86fac6900d4700d38533ef2002c,-4950.0,96353.0,-77290.0,43120.0,-124814.0,,0,0,0,0,0,1,1,0,ADV_IND,37,37,8,-1,0,-1,-1,5765,32,7,unknown,APPLE,
2949.189000000013,50:aa:ca:85:78:51,517885caaa500201061916aafe403f35e420d5cb55ccb7c814c1a80704603976ce6544,7160.0,87935.0,-102801.0,113388.0,-123334.0,,0,0,0,0,0,1,1,0,ADV_IND,35,37,11,-1,0,-1,-1,2283,32,8,unknown,GOOGLE,
2949.189000000013,fa:1f:fb:bc:6b:bd,bd6bbcfb1ffa1eff4c0012190071cabc4cead57f755ba227c4e3d47ae7bc577751e0400000,-28469.0,89933.0,-115632.0,99297.0,-158758.0,,0,0,0,0,0,1,1,2,ADV_NONCONN_IND,37,37,4,-1,0,-1,-1,1720,32,8,unknown,APPLE,
2949.189000000013,da:7e:4b:2c:40:08,08402c4b7eda1eff4c0012196081ba4f1af335aea59dcfa3d162957dab92488751303100c3,-20280.0,64476.0,-90073.0,60611.0,-123729.0,,0,0,0,0,0,1,1,0,ADV_IND,37,37,13,-1,0,-1,-1,5665,31,8,unknown,APPLE,
2951.041000000012,50:aa:ca:85:78:51,517885caaa500201061916aafe403f35e420d5cb55ccb7c814c1a80704603976ce6544,-7457.0,146120.0,-124264.0,114328.0,-157178.0,,0,0,0,0,0,1,1,0,ADV_IND,35,37,1,-1,0,-1,-1,947,32,8,unknown,GOOGLE,
2951.041000000012,da:7e:4b:2c:40:08,08402c4b7eda1eff4c0012196081ba4f1af335aea59dcfa3d162957dab92488751303100c3,-20095.0,70321.0,-90732.0,78494.0,-169649.0,,0,0,0,0,0,1,1,0,ADV_IND,37,37,1,-1,0,-1,-1,4293,32,7,unknown,APPLE,
2952.9590000000026,50:aa:ca:85:78:51,517885caaa500201061916aafe403f35e420d5cb55ccb7c814c1a80704603976ce6544,-2928.0,118501.0,-91460.0,123270.0,-144558.0,,0,0,0,0,0,1,1,0,ADV_IND,35,37,2,-1,0,-1,-1,5048,32,8,unknown,GOOGLE,
2952.9590000000026,fa:1f:fb:bc:6b:bd,bd6bbcfb1ffa1eff4c0012190071cabc4cead57f755ba227c4e3d47ae7bc577751e0400000,-34888.0,89086.0,-104044.0,99093.0,-129078.0,,0,0,0,0,0,1,1,2,ADV_NONCONN_IND,37,37,0,-1,0,-1,-1,2316,32,8,unknown,APPLE,
2954.8290000000125,50:aa:ca:85:78:51,517885caaa500201061916aafe403f35e420d5cb55ccb7c814c1a80704603976ce6544,-21444.0,103119.0,-81396.0,117957.0,-150604.0,,0,0,0,0,0,1,1,0,ADV_IND,35,37,11,-1,0,-1,-1,1169,32,8,unknown,GOOGLE,
2954.8290000000125,ef:83:e9:78:5b:d8,d85b78e983ef1eff4c001219101ee832f617cb6c784c5f33718bf2906e81b67394ab530184,-33391.0,39388.0,-116639.0,62777.0,-133743.0,,0,0,0,0,0,1,1,0,ADV_IND,37,37,14,-1,0,-1,-1,3692,32,8,unknown,APPLE,
2956.7830000000104,da:7e:4b:2c:40:08,08402c4b7eda1eff4c0012196081ba4f1af335aea59dcfa3d162957dab92488751303100c3,-19136.0,57171.0,-113717.0,94935.0,-135221.0,,0,0,0,0,0,1,1,0,ADV_IND,37,37,13,-1,0,-1,-1,3985,31,8,unknown,APPLE,
2956.7830000000104,e6:e8:88:15:1f:45,451f1588e8e61eff4c001219208a71766544231b9344631fce49af170166ae96b4ed000167,-32678.0,54933.0,-101459.0,88405.0,-140389.0,,0,0,0,0,0,1,1,0,ADV_IND,37,37,6,-1,0,-1,-1,4740,32,8,unknown,APPLE,
2956.7830000000104,ef:83:e9:78:5b:d8,d85b78e983ef1eff4c001219101ee832f617cb6c784c5f33718bf2906e81b67394ab530184,-38092.0,52805.0,-106010.0,60885.0,-157455.0,,0,0,0,0,0,1,1,0,ADV_IND,37,37,8,-1,0,-1,-1,6345,32,7,unknown,APPLE,
2956.7830000000104,50:aa:ca:85:78:51,517885caaa500201061916aafe403f35e420d5cb55ccb7c814c1a80704603976ce6544,-5355.0,111187.0,-89773.0,114905.0,-120502.0,,0,0,0,0,0,1,1,0,ADV_IND,35,37,6,-1,0,-1,-1,4203,32,8,unknown,GOOGLE,
2956.7830000000104,dd:93:db:99:9b:1f,25666c3cf5f41eff4c00121910c4ae7bedf14240cd85e38faa329cbbc7be0f299a6ed70339,-30509.0,60497.0,-96693.0,78666.0,-93992.0,,0,0,0,0,0,1,1,0,ADV_IND,37,37,6,-1,0,-1,-1,2005,31,7,unknown,APPLE,f4:f5:3c:6c:66:25
2960.967000000004,ef:83:e9:78:5b:d8,d85b78e983ef1eff4c001219101ee832f617cb6c784c5f33718bf2906e81b67394ab530184,-60873.0,44158.0,-110147.0,62208.0,-128075.0,,0,0,0,0,0,1,1,0,ADV_IND,37,37,1,-1,0,-1,-1,4898,32,8,unknown,APPLE,
2962.6640000000043,e6:e8:88:15:1f:45,451f1588e8e61eff4c001219208a71766544231b9344631fce49af170166ae96b4ed000167,-58005.0,100995.0,-118043.0,93904.0,-144109.0,,0,0,0,0,0,1,1,0,ADV_IND,37,37,5,-1,0,-1,-1,1719,31,8,unknown,APPLE,
2962.6640000000043,f5:ec:7d:ef:0a:97,970aef7decf51eff4c0012196068e567764a21c53bfe79cccad4bf968dc92c8640c8e203ae,-1597.0,70797.0,-94567.0,67326.0,-145115.0,,0,0,0,0,0,1,1,0,ADV_IND,37,37,7,-1,0,-1,-1,5605,32,7,unknown,APPLE,
2962.6640000000043,c9:cf:22:0f:ea:09,09ea0f22cfc91eff4c00121920f79d4d6f09f8e1050e0575179480936a1a13ddd4d716009b,-21832.0,70835.0,-101287.0,61984.0,-143222.0,,0,0,0,0,0,1,1,0,ADV_IND,37,37,14,-1,0,-1,-1,1857,32,7,unknown,APPLE,
2964.770000000004,ef:83:e9:78:5b:d8,d85b78e983ef1eff4c001219101ee832f617cb6c784c5f33718bf2906e81b67394ab530184,-31273.0,50889.0,-115476.0,37092.0,-126720.0,,0,0,0,0,0,1,1,0,ADV_IND,37,37,14,-1,0,-1,-1,1425,32,8,unknown,APPLE,
2964.770000000004,f6:7f:67:2b:0f:68,680f2b677ff61eff4c00121960268e9f66560b039092ea96d382a0d83ae7cf9ca79f2202a1,-24646.0,95758.0,-86477.0,100247.0,-152207.0,,0,0,0,0,0,1,1,0,ADV_IND,37,37,14,-1,0,-1,-1,7484,30,7,unknown,APPLE,
2964.770000000004,da:7e:4b:2c:40:08,08402c4b7eda1eff4c0012196081ba4f1af335aea59dcfa3d162957dab92488751303100c3,-18069.0,47265.0,-99918.0,103401.0,-147154.0,,0,0,0,0,0,1,1,0,ADV_IND,37,37,14,-1,0,-1,-1,2244,32,8,unknown,APPLE,
2966.6500000000087,ef:83:e9:78:5b:d8,d85b78e983ef1eff4c001219101ee832f617cb6c784c5f33718bf2906e81b67394ab530184,-26094.0,34604.0,-118512.0,60589.0,-139198.0,,0,0,0,0,0,1,1,0,ADV_IND,37,37,15,-1,0,-1,-1,2776,32,7,unknown,APPLE,
2966.6500000000087,e6:e8:88:15:1f:45,451f1588e8e61eff4c001219208a71766544231b9344631fce49af170166ae96b4ed000167,-56853.0,48985.0,-97240.0,96249.0,-132100.0,,0,0,0,0,0,1,1,0,ADV_IND,37,37,3,-1,0,-1,-1,3370,32,8,unknown,APPLE,
2968.582000000009,50:aa:ca:85:78:51,517885caaa500201061916aafe403f35e420d5cb55ccb7c814c1a80704603976ce6544,-12387.0,104596.0,-70819.0,98027.0,-141390.0,,0,0,0,0,0,1,1,0,ADV_IND,35,37,12,-1,0,-1,-1,3745,32,7,unknown,GOOGLE,
2972.368000000002,dd:93:db:99:9b:1f,25666c3cf5f41eff4c00121910c4ae7bedf14240cd85e38faa329cbbc7be0f299a6ed70339,-12436.0,77460.0,-105025.0,92315.0,-129736.0,,0,0,0,0,0,1,1,0,ADV_IND,37,37,15,-1,0,-1,-1,4423,32,8,unknown,APPLE,f4:f5:3c:6c:66:25
2972.368000000002,c9:cf:22:0f:ea:09,09ea0f22cfc91eff4c00121920f79d4d6f09f8e1050e0575179480936a1a13ddd4d716009b,-51848.0,62985.0,-80651.0,67765.0,-134805.0,,0,0,0,0,0,1,1,0,ADV_IND,37,37,11,-1,0,-1,-1,3508,32,8,unknown,APPLE,
2972.368000000002,fa:1f:fb:bc:6b:bd,bd6bbcfb1ffa1eff4c0012190071cabc4cead57f755ba227c4e3d47ae7bc577751e0400000,-26313.0,94579.0,-102923.0,92471.0,-131588.0,,0,0,0,0,0,1,1,2,ADV_NONCONN_IND,37,37,5,-1,0,-1,-1,3842,32,7,unknown,APPLE,
2973.9260000000068,e6:e8:88:15:1f:45,451f1588e8e61eff4c001219208a71766544231b9344631fce49af170166ae96b4ed000167,-40386.0,75081.0,-122182.0,103876.0,-139960.0,,0,0,0,0,0,1,1,0,ADV_IND,37,37,14,-1,0,-1,-1,7361,32,8,unknown,APPLE,
2973.9260000000068,fe:cd:da:e7:17:a7,a717e7dacdfe1eff4c0012192014e348ac93987e878b16d86fac6900d4700d38533ef2002c,-16282.0,75108.0,-86215.0,52303.0,-104357.0,,0,0,0,0,0,1,1,0,ADV_IND,37,37,1,-1,0,-1,-1,5330,32,8,unknown,APPLE,
2973.9260000000068,fa:1f:fb:bc:6b:bd,bd6bbcfb1ffa1eff4c0012190071cabc4cead57f755ba227c4e3d47ae7bc577751e0400000,-6596.0,79200.0,-127336.0,96070.0,-151643.0,,0,0,0,0,0,1,1,2,ADV_NONCONN_IND,37,37,11,-1,0,-1,-1,6063,29,8,unknown,APPLE,
2977.6530000000057,e6:e8:88:15:1f:45,451f1588e8e61eff4c001219208a71766544231b9344631fce49af170166ae96b4ed000167,-65060.0,111716.0,-141353.0,87367.0,-149747.0,,0,0,0,0,0,1,1,0,ADV_IND,37,37,13,-1,0,-1,-1,4277,31,8,unknown,APPLE,
2977.6530000000057,50:aa:ca:85:78:51,517885caaa500201061916aafe403f35e420d5cb55ccb7c814c1a80704603976ce6544,0.0,116000.0,-110576.0,103895.0,-135529.0,,0,0,0,0,0,1,1,0,ADV_IND,35,37,9,-1,0,-1,-1,2394,32,8,unknown,GOOGLE,
2979.343000000008,fe:cd:da:e7:17:a7,a717e7dacdfe1eff4c0012192014e348ac93987e878b16d86fac6900d4700d38533ef2002c,-14241.0,110212.0,-94010.0,92933.0,-134347.0,,0,0,0,0,0,1,1,0,ADV_IND,37,37,6,-1,0,-1,-1,3870,31,8,unknown,APPLE,
2980.540000000008,fc:1a:2a:b4:a8:f0,f0a8b42a1afc1eff4c00121910102199b7de76657973110b23fe91684c43befb0b0cdb00f5,-25465.0,64854.0,-102872.0,97206.0,-120619.0,,0,0,0,0,0,1,1,0,ADV_IND,37,37,6,-1,0,-1,-1,5480,32,8,unknown,APPLE,
2981.9000000000087,50:aa:ca:85:78:51,517885caaa500201061916aafe403f35e420d5cb55ccb7c814c1a80704603976ce6544,3604.0,85091.0,-92565.0,95868.0,-102482.0,,0,0,0,0,0,1,1,0,ADV_IND,35,37,5,-1,0,-1,-1,7737,32,7,unknown,GOOGLE,
2983.509000000005,50:aa:ca:85:78:51,517885caaa500201061916aafe403f35e420d5cb55ccb7c814c1a80704603976ce6544,16368.0,101878.0,-86177.0,83110.0,-123856.0,,0,0,0,0,0,1,1,0,ADV_IND,35,37,11,-1,0,-1,-1,4164,32,8,unknown,GOOGLE,
2986.5830000000133,f5:ec:7d:ef:0a:97,970aef7decf51eff4c0012196068e567764a21c53bfe79cccad4bf968dc92c8640c8e203ae,4974.0,69825.0,-96216.0,87787.0,-146083.0,,0,0,0,0,0,1,1,0,ADV_IND,37,37,3,-1,0,-1,-1,7409,32,8,unknown,APPLE,
2986.5830000000133,50:aa:ca:85:78:51,517885caaa500201061916aafe403f35e420d5cb55ccb7c814c1a80704603976ce6544,13961.0,100987.0,-93272.0,114127.0,-142810.0,,0,0,0,0,0,1,1,0,ADV_IND,35,37,7,-1,0,-1,-1,5838,32,8,unknown,GOOGLE,
2986.5830000000133,fc:1a:2a:b4:a8:f0,f0a8b42a1afc1eff4c00121910102199b7de76657973110b23fe91684c43befb0b0cdb00f5,-18479.0,73590.0,-92778.0,73995.0,-157997.0,,0,0,0,0,0,1,1,0,ADV_IND,37,37,0,-1,0,-1,-1,6285,32,8,unknown,APPLE,
2988.553,fa:1f:fb:bc:6b:bd,bd6bbcfb1ffa1eff4c0012190071cabc4cead57f755ba227c4e3d47ae7bc577751e0400000,-45697.0,108959.0,-99757.0,98806.0,-159340.0,,0,0,0,0,0,1,1,2,ADV_NONCONN_IND,37,37,13,-1,0,-1,-1,7718,32,7,unknown,APPLE,
2990.347000000009,c9:cf:22:0f:ea:09,09ea0f22cfc91eff4c00121920f79d4d6f09f8e1050e0575179480936a1a13ddd4d716009b,-43690.0,79190.0,-88589.0,75597.0,-139395.0,,0,0,0,0,0,1,1,0,ADV_IND,37,37,14,-1,0,-1,-1,2016,32,8,unknown,APPLE,
2992.217000000004,ef:83:e9:78:5b:d8,d85b78e983ef1eff4c001219101ee832f617cb6c784c5f33718bf2906e81b67394ab530184,-32229.0,42593.0,-128913.0,69959.0,-138594.0,,0,0,0,0,0,1,1,0,ADV_IND,37,37,15,-1,0,-1,-1,4907,32,8,unknown,APPLE,
2994.060000000012,da:7e:4b:2c:40:08,08402c4b7eda1eff4c0012196081ba4f1af335aea59dcfa3d162957dab92488751303100c3,-38370.0,81994.0,-111679.0,111157.0,-158313.0,,0,0,0,0,0,1,1,0,ADV_IND,37,37,1,-1,0,-1,-1,4349,32,8,unknown,APPLE,
2995.120999999999,f5:ec:7d:ef:0a:97,970aef7decf51eff4c0012196068e567764a21c53bfe79cccad4bf968dc92c8640c8e203ae,-10798.0,67042.0,-84762.0,73617.0,-109154.0,,0,0,0,0,0,1,1,0,ADV_IND,37,37,5,-1,0,-1,-1,3580,32,7,unknown,APPLE,
2996.339000000007,50:aa:ca:85:78:51,517885caaa500201061916aafe403f35e420d5cb55ccb7c814c1a80704603976ce6544,-18196.0,118524.0,-118439.0,117228.0,-144536.0,,0,0,0,0,0,1,1,0,ADV_IND,35,37,12,-1,0,-1,-1,6817,32,8,unknown,GOOGLE,
2998.0260000000126,50:aa:ca:85:78:51,517885caaa500201061916aafe403f35e420d5cb55ccb7c814c1a80704603976ce6544,610.0,98721.0,-88058.0,103538.0,-136307.0,,0,0,0,0,0,1,1,0,ADV_IND,35,37,6,-1,0,-1,-1,4069,32,7,unknown,GOOGLE,
2998.0260000000126,dd:93:db:99:9b:1f,25666c3cf5f41eff4c00121910c4ae7bedf14240cd85e38faa329cbbc7be0f299a6ed70339,-23955.0,83926.0,-91086.0,83926.0,-120066.0,,0,0,0,0,0,1,1,0,ADV_IND,37,37,7,-1,0,-1,-1,4332,32,8,unknown,APPLE,f4:f5:3c:6c:66:25
3001.004000000001,fe:cd:da:e7:17:a7,a717e7dacdfe1eff4c0012192014e348ac93987e878b16d86fac6900d4700d38533ef2002c,-14877.0,110223.0,-117560.0,93011.0,-146355.0,,0,0,0,0,0,1,1,0,ADV_IND,37,37,2,-1,0,-1,-1,3720,31,8,unknown,APPLE,
3001.004000000001,ef:83:e9:78:5b:d8,d85b78e983ef1eff4c001219101ee832f617cb6c784c5f33718bf2906e81b67394ab530184,-36898.0,69134.0,-95688.0,61925.0,-160227.0,,0,0,0,0,0,1,1,0,ADV_IND,37,37,6,-1,0,-1,-1,2284,32,8,unknown,APPLE,
3002.439000000013,50:aa:ca:85:78:51,517885caaa500201061916aafe403f35e420d5cb55ccb7c814c1a80704603976ce6544,6819.0,97807.0,-108071.0,119230.0,-146421.0,,0,0,0,0,0,1,1,0,ADV_IND,35,37,8,-1,0,-1,-1,4675,32,8,unknown,GOOGLE,
3002.439000000013,ef:83:e9:78:5b:d8,d85b78e983ef1eff4c001219101ee832f617cb6c784c5f33718bf2906e81b67394ab530184,-45943.0,74234.0,-114913.0,70972.0,-157645.0,,0,0,0,0,0,1,1,0,ADV_IND,37,37,4,-1,0,-1,-1,4816,30,8,unknown,APPLE,
3003.571000000011,50:aa:ca:85:78:51,517885caaa500201061916aafe403f35e420d5cb55ccb7c814c1a80704603976ce6544,-9677.0,90230.0,-86351.0,95457.0,-109850.0,,0,0,0,0,0,1,1,0,ADV_IND,35,37,9,-1,0,-1,-1,7667,32,8,unknown,GOOGLE,
3008.404000000009,50:aa:ca:85:78:51,517885caaa500201061916aafe403f35e420d5cb55ccb7c814c1a80704603976ce6544,-11425.0,105423.0,-80332.0,126758.0,-137350.0,,0,0,0,0,0,1,1,0,ADV_IND,35,37,1,-1,0,-1,-1,4116,32,8,unknown,GOOGLE,
3013.3340000000026,c9:cf:22:0f:ea:09,25666c3cf5f41eff4c00121910c4ae7bedf14240cd85e38faa329cbbc7be0f299a6ed70339,-33030.0,71543.0,-98440.0,93608.0,-114890.0,,0,0,0,0,0,1,1,0,ADV_IND,37,37,15,-1,0,-1,-1,2197,32,8,unknown,APPLE,f4:f5:3c:6c:66:25
3016.470000000001,c9:cf:22:0f:ea:09,09ea0f22cfc91eff4c00121920f79d4d6f09f8e1050e0575179480936a1a13ddd4d716009b,-40136.0,60563.0,-73203.0,47492.0,-142495.0,,0,0,0,0,0,1,1,0,ADV_IND,37,37,15,-1,0,-1,-1,4439,32,8,unknown,APPLE,
3018.242000000013,ef:83:e9:78:5b:d8,d85b78e983ef1eff4c001219101ee832f617cb6c784c5f33718bf2906e81b67394ab530184,-41945.0,65262.0,-108718.0,63161.0,-150137.0,,0,0,0,0,0,1,1,0,ADV_IND,37,37,3,-1,0,-1,-1,7229,32,8,unknown,APPLE,
3018.242000000013,50:aa:ca:85:78:51,517885caaa500201061916aafe403f35e420d5cb55ccb7c814c1a80704603976ce6544,-21788.0,103365.0,-74236.0,94663.0,-128576.0,,0,0,0,0,0,1,1,0,ADV_IND,35,37,10,-1,0,-1,-1,1250,32,7,unknown,GOOGLE,
3018.242000000013,cf:37:da:93:f6:9f,9ff693da37cf1eff4c001219200375656d2c165717f11a11cb7237f3a032539471c8f50011,-3070.0,74247.0,-83600.0,80911.0,-80754.0,,0,0,0,0,0,1,1,0,ADV_IND,37,37,10,-1,0,-1,-1,5398,32,8,unknown,APPLE,
3018.242000000013,da:7e:4b:2c:40:08,08402c4b7eda1eff4c0012196081ba4f1af335aea59dcfa3d162957dab92488751303100c3,-30232.0,64132.0,-91085.0,108717.0,-162925.0,,0,0,0,0,0,1,1,0,ADV_IND,37,37,10,-1,0,-1,-1,1494,32,8,unknown,APPLE,
3021.920000000013,da:7e:4b:2c:40:08,08402c4b7eda1eff4c0012196081ba4f1af335aea59dcfa3d162957dab92488751303100c3,477.0,47841.0,-102909.0,95342.0,-140010.0,,0,0,0,0,0,1,1,0,ADV_IND,37,37,8,-1,0,-1,-1,4795,32,8,unknown,APPLE,
3021.920000000013,fa:1f:fb:bc:6b:bd,bd6bbcfb1ffa1eff4c0012190071cabc4cead57f755ba227c4e3d47ae7bc577751e0400000,-11087.0,97938.0,-110413.0,88435.0,-160882.0,,0,0,0,0,0,1,1,2,ADV_NONCONN_IND,37,37,4,-1,0,-1,-1,7893,32,7,unknown,APPLE,
3021.920000000013,ef:83:e9:78:5b:d8,d85b78e983ef1eff4c001219101ee832f617cb6c784c5f33718bf2906e81b67394ab530184,-37149.0,43372.0,-120275.0,45206.0,-124222.0,,0,0,0,0,0,1,1,0,ADV_IND,37,37,5,-1,0,-1,-1,979,32,7,unknown,APPLE,
3022.846000000005,f5:ec:7d:ef:0a:97,970aef7decf51eff4c0012196068e567764a21c53bfe79cccad4bf968dc92c8640c8e203ae,11271.0,46531.0,-75476.0,81677.0,-148205.0,,0,0,0,0,0,1,1,0,ADV_IND,37,37,7,-1,0,-1,-1,6749,32,8,unknown,APPLE,
3022.846000000005,da:7e:4b:2c:40:08,08402c4b7eda1eff4c0012196081ba4f1af335aea59dcfa3d162957dab92488751303100c3,-15585.0,81352.0,-116112.0,101520.0,-146458.0,,0,0,0,0,0,1,1,0,ADV_IND,37,37,8,-1,0,-1,-1,2541,31,7,unknown,APPLE,
3022.846000000005,e6:e8:88:15:1f:45,451f1588e8e61eff4c001219208a71766544231b9344631fce49af170166ae96b4ed000167,-42631.0,70594.0,-117150.0,97789.0,-122549.0,,0,0,0,0,0,1,1,0,ADV_IND,37,37,15,-1,0,-1,-1,4475,31,8,unknown,APPLE,
3023.409,fa:1f:fb:bc:6b:bd,bd6bbcfb1ffa1eff4c0012190071cabc4cead57f755ba227c4e3d47ae7bc577751e0400000,-16612.0,60213.0,-102894.0,92698.0,-116712.0,,0,0,0,0,0,1,1,2,ADV_NONCONN_IND,37,37,10,-1,0,-1,-1,5557,32,8,unknown,APPLE,
3023.409,50:aa:ca:85:78:51,517885caaa500201061916aafe403f35e420d5cb55ccb7c814c1a80704603976ce6544,3693.0,78420.0,-90069.0,113052.0,-126633.0,,0,0,0,0,0,1,1,0,ADV_IND,35,37,7,-1,0,-1,-1,4241,32,8,unknown,GOOGLE,
3024.728000000003,c9:cf:22:0f:ea:09,09ea0f22cfc91eff4c00121920f79d4d6f09f8e1050e0575179480936a1a13ddd4d716009b,-34102.0,61961.0,-89331.0,58640.0,-127548.0,,0,0,0,0,0,1,1,0,ADV_IND,37,37,1,-1,0,-1,-1,1513,32,8,unknown,APPLE,
3026.636000000013,f6:7f:67:2b:0f:68,680f2b677ff61eff4c00121960268e9f66560b039092ea96d382a0d83ae7cf9ca79f2202a1,-3662.0,68079.0,-79113.0,91586.0,-136291.0,,0,0,0,0,0,1,1,0,ADV_IND,37,37,3,-1,0,-1,-1,7359,32,8,unknown,APPLE,
3026.636000000013,fe:cd:da:e7:17:a7,a717e7dacdfe1eff4c0012192014e348ac93987e878b16d86fac6900d4700d38533ef2002c,-2228.0,82521.0,-97783.0,91169.0,-139727.0,,0,0,0,0,0,1,1,0,ADV_IND,37,37,0,-1,0,-1,-1,5215,31,8,unknown,APPLE,
3028.3350000000064,c9:cf:22:0f:ea:09,25666c3cf5f41eff4c00121910c4ae7bedf14240cd85e38faa329cbbc7be0f299a6ed70339,-24036.0,99565.0,-93476.0,77654.0,-127268.0,,0,0,0,0,0,1,1,0,ADV_IND,37,37,13,-1,0,-1,-1,3815,31,8,unknown,APPLE,f4:f5:3c:6c:66:25
3029.1300000000047,fe:cd:da:e7:17:a7,a717e7dacdfe1eff4c0012192014e348ac93987e878b16d86fac6900d4700d38533ef2002c,-10175.0,60839.0,-95356.0,71156.0,-91142.0,,0,0,0,0,0,1,1,0,ADV_IND,37,37,8,-1,0,-1,-1,2514,32,8,unknown,APPLE,
3029.8550000000105,c9:cf:22:0f:ea:09,09ea0f22cfc91eff4c00121920f79d4d6f09f8e1050e0575179480936a1a13ddd4d716009b,-43414.0,42850.0,-84526.0,77935.0,-106867.0,,0,0,0,0,0,1,1,0,ADV_IND,37,37,11,-1,0,-1,-1,1185,32,7,unknown,APPLE,
3030.950000000012,e6:e8:88:15:1f:45,451f1588e8e61eff4c001219208a71766544231b9344631fce49af170166ae96b4ed000167,-49357.0,84369.0,-112013.0,97681.0,-143182.0,,0,0,0,0,0,1,1,0,ADV_IND,37,37,12,-1,0,-1,-1,7893,32,7,unknown,APPLE,
3030.950000000012,da:7e:4b:2c:40:08,08402c4b7eda1eff4c0012196081ba4f1af335aea59dcfa3d162957dab92488751303100c3,-9352.0,70579.0,-91120.0,78023.0,-162712.0,,0,0,0,0,0,1,1,0,ADV_IND,37,37,2,-1,0,-1,-1,1594,32,8,unknown,APPLE,
3032.688000000009,50:aa:ca:85:78:51,517885caaa500201061916aafe403f35e420d5cb55ccb7c814c1a80704603976ce6544,0.0,127807.0,-101663.0,113057.0,-150743.0,,0,0,0,0,0,1,1,0,ADV_IND,35,37,15,-1,0,-1,-1,3716,32,8,unknown,GOOGLE,
3034.0620000000054,fc:1a:2a:b4:a8:f0,f0a8b42a1afc1eff4c00121910102199b7de76657973110b23fe91684c43befb0b0cdb00f5,-30568.0,104821.0,-104245.0,74801.0,-152457.0,,0,0,0,0,0,1,1,0,ADV_IND,37,37,13,-1,0,-1,-1,3240,30,7,unknown,APPLE,
3036.425000000003,fc:1a:2a:b4:a8:f0,f0a8b42a1afc1eff4c00121910102199b7de76657973110b23fe91684c43befb0b0cdb00f5,-38481.0,80563.0,-102648.0,71736.0,-146272.0,,0,0,0,0,0,1,1,0,ADV_IND,37,37,5,-1,0,-1,-1,5766,31,8,unknown,APPLE,
3036.425000000003,50:aa:ca:85:78:51,517885caaa500201061916aafe403f35e420d5cb55ccb7c814c1a80704603976ce6544,1244.0,121497.0,-103976.0,97080.0,-136679.0,,0,0,0,0,0,1,1,0,ADV_IND,35,37,8,-1,0,-1,-1,2021,32,8,unknown,GOOGLE,
3038.6510000000126,ef:83:e9:78:5b:d8,d85b78e983ef1eff4c001219101ee832f617cb6c784c5f33718bf2906e81b67394ab530184,-33412.0,29726.0,-109250.0,72819.0,-138881.0,,0,0,0,0,0,1,1,0,ADV_IND,37,37,14,-1,0,-1,-1,6781,32,8,unknown,APPLE,
3044.1560000000027,50:aa:ca:85:78:51,517885caaa500201061916aafe403f35e420d5cb55ccb7c814c1a80704603976ce6544,-6202.0,90700.0,-90942.0,93149.0,-106401.0,,0,0,0,0,0,1,1,0,ADV_IND,35,37,13,-1,0,-1,-1,2933,32,8,unknown,GOOGLE,
3044.1560000000027,fc:1a:2a:b4:a8:f0,f0a8b42a1afc1eff4c00121910102199b7de76657973110b23fe91684c43befb0b0cdb00f5,-6904.0,88619.0,-97400.0,85802.0,-142454.0,,0,0,0,0,0,1,1,0,ADV_IND,37,37,9,-1,0,-1,-1,1359,31,8,unknown,APPLE,
3048.3330000000133,c9:cf:22:0f:ea:09,25666c3cf5f41eff4c00121910c4ae7bedf14240cd85e38faa329cbbc7be0f299a6ed70339,-12792.0,66213.0,-97792.0,77080.0,-96875.0,,0,0,0,0,0,1,1,0,ADV_IND,37,37,14,-1,0,-1,-1,4434,32,8,unknown,APPLE,f4:f5:3c:6c:66:25
3049.6580000000104,50:aa:ca:85:78:51,517885caaa500201061916aafe403f35e420d5cb55ccb7c814c1a80704603976ce6544,-13731.0,106833.0,-83349.0,92020.0,-126333.0,,0,0,0,0,0,1,1,0,ADV_IND,35,37,9,-1,0,-1,-1,4225,32,8,unknown,GOOGLE,
3051.1500000000087,fc:1a:2a:b4:a8:f0,f0a8b42a1afc1eff4c00121910102199b7de76657973110b23fe91684c43befb0b0cdb00f5,-15075.0,68184.0,-92978.0,64628.0,-129302.0,,0,0,0,0,0,1,1,0,ADV_IND,37,37,12,-1,0,-1,-1,4360,32,7,unknown,APPLE,
3051.1500000000087,f6:7f:67:2b:0f:68,680f2b677ff61eff4c00121960268e9f66560b039092ea96d382a0d83ae7cf9ca79f2202a1,-22561.0,63801.0,-79395.0,93918.0,-146888.0,,0,0,0,0,0,1,1,0,ADV_IND,37,37,13,-1,0,-1,-1,3097,32,7,unknown,APPLE,
3054.949000000008,fe:cd:da:e7:17:a7,a717e7dacdfe1eff4c0012192014e348ac93987e878b16d86fac6900d4700d38533ef2002c,-3683.0,52344.0,-88327.0,71095.0,-93728.0,,0,0,0,0,0,1,1,0,ADV_IND,37,37,2,-1,0,-1,-1,7718,32,8,unknown,APPLE,
3054.949000000008,f5:ec:7d:ef:0a:97,970aef7decf51eff4c0012196068e567764a21c53bfe79cccad4bf968dc92c8640c8e203ae,-1821.0,64658.0,-91687.0,111354.0,-150495.0,,0,0,0,0,0,1,1,0,ADV_IND,37,37,1,-1,0,-1,-1,5295,32,8,unknown,APPLE,
3056.813000000009,fe:cd:da:e7:17:a7,a717e7dacdfe1eff4c0012192014e348ac93987e878b16d86fac6900d4700d38533ef2002c,-25526.0,99709.0,-99366.0,94185.0,-130519.0,,0,0,0,0,0,1,1,0,ADV_IND,37,37,1,-1,0,-1,-1,2081,32,8,unknown,APPLE,
3056.813000000009,f5:ec:7d:ef:0a:97,970aef7decf51eff4c0012196068e567764a21c53bfe79cccad4bf968dc92c8640c8e203ae,253.0,82593.0,-91286.0,90301.0,-154042.0,,0,0,0,0,0,1,1,0,ADV_IND,37,37,1,-1,0,-1,-1,2436,32,8,unknown,APPLE,
3056.813000000009,e6:e8:88:15:1f:45,451f1588e8e61eff4c001219208a71766544231b9344631fce49af170166ae96b4ed000167,-54278.0,57032.0,-96300.0,75770.0,-126757.0,,0,0,0,0,0,1,1,0,ADV_IND,37,37,1,-1,0,-1,-1,4352,32,7,unknown,APPLE,
3058.743000000002,ef:83:e9:78:5b:d8,d85b78e983ef1eff4c001219101ee832f617cb6c784c5f33718bf2906e81b67394ab530184,-33362.0,33957.0,-107700.0,61472.0,-133195.0,,0,0,0,0,0,1,1,0,ADV_IND,37,37,0,-1,0,-1,-1,6585,32,7,unknown,APPLE,
3060.965000000011,fa:1f:fb:bc:6b:bd,bd6bbcfb1ffa1eff4c0012190071cabc4cead57f755ba227c4e3d47ae7bc577751e0400000,-15411.0,62691.0,-92853.0,81869.0,-133979.0,,0,0,0,0,0,1,1,2,ADV_NONCONN_IND,37,37,3,-1,0,-1,-1,3257,32,8,unknown,APPLE,
3060.965000000011,e6:e8:88:15:1f:45,451f1588e8e61eff4c001219208a71766544231b9344631fce49af170166ae96b4ed000167,-47877.0,103501.0,-116874.0,95776.0,-153088.0,,0,0,0,0,0,1,1,0,ADV_IND,37,37,7,-1,0,-1,-1,6503,29,7,unknown,APPLE,
3064.8550000000105,c9:cf:22:0f:ea:09,09ea0f22cfc91eff4c00121920f79d4d6f09f8e1050e0575179480936a1a13ddd4d716009b,-30685.0,55415.0,-95052.0,59226.0,-139036.0,,0,0,0,0,0,1,1,0,ADV_IND,37,37,10,-1,0,-1,-1,2473,32,8,unknown,APPLE,
3064.8550000000105,fe:cd:da:e7:17:a7,a717e7dacdfe1eff4c0012192014e348ac93987e878b16d86fac6900d4700d38533ef2002c,-17804.0,84832.0,-93487.0,51446.0,-130338.0,,0,0,0,0,0,1,1,0,ADV_IND,37,37,4,-1,0,-1,-1,1596,32,8,unknown,APPLE,
3066.604000000006,f6:7f:67:2b:0f:68,680f2b677ff61eff4c00121960268e9f66560b039092ea96d382a0d83ae7cf9ca79f2202a1,-10039.0,80530.0,-92152.0,98870.0,-155754.0,,0,0,0,0,0,1,1,0,ADV_IND,37,37,14,-1,0,-1,-1,4711,32,8,unknown,APPLE,
3066.604000000006,f5:ec:7d:ef:0a:97,970aef7decf51eff4c0012196068e567764a21c53bfe79cccad4bf968dc92c8640c8e203ae,0.0,66787.0,-81333.0,76494.0,-130963.0,,0,0,0,0,0,1,1,0,ADV_IND,37,37,14,-1,0,-1,-1,994,32,8,unknown,APPLE,
3069.8550000000105,fe:cd:da:e7:17:a7,a717e7dacdfe1eff4c0012192014e348ac93987e878b16d86fac6900d4700d38533ef2002c,-19391.0,102909.0,-122609.0,81735.0,-143479.0,,0,0,0,0,0,1,1,0,ADV_IND,37,37,3,-1,0,-1,-1,7159,30,7,unknown,APPLE,
3071.6320000000123,d3:56:13:ec:79:cc,25666c3cf5f41eff4c00121910c4ae7bedf14240cd85e38faa329cbbc7be0f299a6ed70339,-2305.0,80949.0,-108396.0,72108.0,-138274.0,,0,0,0,0,0,1,1,0,ADV_IND,37,37,6,-1,0,-1,-1,4377,32,8,unknown,APPLE,f4:f5:3c:6c:66:25
3071.6320000000123,f5:ec:7d:ef:0a:97,970aef7decf51eff4c0012196068e567764a21c53bfe79cccad4bf968dc92c8640c8e203ae,-4182.0,79562.0,-90760.0,87142.0,-139465.0,,0,0,0,0,0,1,1,0,ADV_IND,37,37,15,-1,0,-1,-1,7508,32,8,unknown,APPLE,
3074.116000000009,c9:cf:22:0f:ea:09,09ea0f22cfc91eff4c00121920f79d4d6f09f8e1050e0575179480936a1a13ddd4d716009b,-35623.0,56824.0,-85736.0,59341.0,-113478.0,,0,0,0,0,0,1,1,0,ADV_IND,37,37,11,-1,0,-1,-1,6430,32,7,unknown,APPLE,
3075.3310000000056,f5:ec:7d:ef:0a:97,970aef7decf51eff4c0012196068e567764a21c53bfe79cccad4bf968dc92c8640c8e203ae,-14559.0,77889.0,-76010.0,70078.0,-151123.0,,0,0,0,0,0,1,1,0,ADV_IND,37,37,14,-1,0,-1,-1,6762,32,8,unknown,APPLE,
3076.5060000000085,ef:83:e9:78:5b:d8,d85b78e983ef1eff4c001219101ee832f617cb6c784c5f33718bf2906e81b67394ab530184,-45639.0,45379.0,-122395.0,78702.0,-140778.0,,0,0,0,0,0,1,1,0,ADV_IND,37,37,2,-1,0,-1,-1,1589,31,8,unknown,APPLE,
3078.7600000000093,ef:83:e9:78:5b:d8,d85b78e983ef1eff4c001219101ee832f617cb6c784c5f33718bf2906e81b67394ab530184,-44097.0,89297.0,-115299.0,72365.0,-153058.0,,0,0,0,0,0,1,1,0,ADV_IND,37,37,15,-1,0,-1,-1,3924,31,7,unknown,APPLE,
3079.678,50:aa:ca:85:78:51,517885caaa500201061916aafe403f35e420d5cb55ccb7c814c1a80704603976ce6544,6294.0,84996.0,-98511.0,118013.0,-122365.0,,0,0,0,0,0,1,1,0,ADV_IND,35,37,10,-1,0,-1,-1,4230,32,7,unknown,GOOGLE,
3084.9800000000105,50:aa:ca:85:78:51,517885caaa500201061916aafe403f35e420d5cb55ccb7c814c1a80704603976ce6544,-6848.0,94464.0,-86365.0,109413.0,-129106.0,,0,0,0,0,0,1,1,0,ADV_IND,35,37,10,-1,0,-1,-1,5115,32,7,unknown,GOOGLE,
3084.9800000000105,fe:cd:da:e7:17:a7,a717e7dacdfe1eff4c0012192014e348ac93987e878b16d86fac6900d4700d38533ef2002c,-24882.0,99940.0,-69274.0,48876.0,-96058.0,,0,0,0,0,0,1,1,0,ADV_IND,37,37,13,-1,0,-1,-1,1224,32,8,unknown,APPLE,
3084.9800000000105,f5:ec:7d:ef:0a:97,970aef7decf51eff4c0012196068e567764a21c53bfe79cccad4bf968dc92c8640c8e203ae,-6141.0,60603.0,-82411.0,87761.0,-135400.0,,0,0,0,0,0,1,1,0,ADV_IND,37,37,13,-1,0,-1,-1,1479,32,8,unknown,APPLE,
3087.002000000008,fe:cd:da:e7:17:a7,a717e7dacdfe1eff4c0012192014e348ac93987e878b16d86fac6900d4700d38533ef2002c,-13339.0,77091.0,-80642.0,80421.0,-129568.0,,0,0,0,0,0,1,1,0,ADV_IND,37,37,11,-1,0,-1,-1,2397,32,8,unknown,APPLE,
3088.0510000000068,50:aa:ca:85:78:51,517885caaa500201061916aafe403f35e420d5cb55ccb7c814c1a80704603976ce6544,-2240.0,98174.0,-77420.0,98720.0,-112369.0,,0,0,0,0,0,1,1,0,ADV_IND,35,37,15,-1,0,-1,-1,6975,32,8,unknown,GOOGLE,
3088.0510000000068,fa:1f:fb:bc:6b:bd,bd6bbcfb1ffa1eff4c0012190071cabc4cead57f755ba227c4e3d47ae7bc577751e0400000,-1635.0,42572.0,-100411.0,84090.0,-132240.0,,0,0,0,0,0,1,1,2,ADV_NONCONN_IND,37,37,11,-1,0,-1,-1,2221,32,8,unknown,APPLE,
3089.002000000008,f5:ec:7d:ef:0a:97,970aef7decf51eff4c0012196068e567764a21c53bfe79cccad4bf968dc92c8640c8e203ae,790.0,68586.0,-86312.0,97861.0,-146841.0,,0,0,0,0,0,1,1,0,ADV_IND,37,37,14,-1,0,-1,-1,6239,32,8,unknown,APPLE,
3089.002000000008,fe:cd:da:e7:17:a7,a717e7dacdfe1eff4c0012192014e348ac93987e878b16d86fac6900d4700d38533ef2002c,-38306.0,103748.0,-79716.0,103577.0,-139287.0,,0,0,0,0,0,1,1,0,ADV_IND,37,37,8,-1,0,-1,-1,3908,32,8,unknown,APPLE,
3090.521000000008,fc:1a:2a:b4:a8:f0,f0a8b42a1afc1eff4c00121910102199b7de76657973110b23fe91684c43befb0b0cdb00f5,-17259.0,76791.0,-94149.0,75196.0,-130981.0,,0,0,0,0,0,1,1,0,ADV_IND,37,37,3,-1,0,-1,-1,3615,32,7,unknown,APPLE,
3092.9260000000068,d3:56:13:ec:79:cc,25666c3cf5f41eff4c00121910c4ae7bedf14240cd85e38faa329cbbc7be0f299a6ed70339,-31931.0,96604.0,-108614.0,101302.0,-146385.0,,0,0,0,0,0,1,1,0,ADV_IND,37,37,14,-1,0,-1,-1,3656,31,8,unknown,APPLE,f4:f5:3c:6c:66:25
3092.9260000000068,fd:9c:8b:c6:1f:52,521fc68b9cfd1eff4c00121900f9c5aa64750d5d37dc4b82dae0165a01d08c2b70cc760300,-24772.0,86686.0,-119754.0,99598.0,-132115.0,,0,0,0,0,0,1,1,2,ADV_NONCONN_IND,37,37,5,-1,0,-1,-1,2419,32,8,unknown,APPLE,
3092.9260000000068,f5:ec:7d:ef:0a:97,970aef7decf51eff4c0012196068e567764a21c53bfe79cccad4bf968dc92c8640c8e203ae,0.0,61406.0,-79920.0,71750.0,-144543.0,,0,0,0,0,0,1,1,0,ADV_IND,37,37,3,-1,0,-1,-1,5514,32,7,unknown,APPLE,
3092.9260000000068,fc:1a:2a:b4:a8:f0,f0a8b42a1afc1eff4c00121910102199b7de76657973110b23fe91684c43befb0b0cdb00f5,-36099.0,59393.0,-89853.0,87139.0,-122964.0,,0,0,0,0,0,1,1,0,ADV_IND,37,37,6,-1,0,-1,-1,5502,32,7,unknown,APPLE,
3094.129000000001,c9:cf:22:0f:ea:09,09ea0f22cfc91eff4c00121920f79d4d6f09f8e1050e0575179480936a1a13ddd4d716009b,-14671.0,55751.0,-97666.0,75680.0,-144430.0,,0,0,0,0,0,1,1,0,ADV_IND,37,37,7,-1,0,-1,-1,6411,32,7,unknown,APPLE,
3094.129000000001,fc:1a:2a:b4:a8:f0,f0a8b42a1afc1eff4c00121910102199b7de76657973110b23fe91684c43befb0b0cdb00f5,-20298.0,58487.0,-94883.0,67572.0,-129535.0,,0,0,0,0,0,1,1,0,ADV_IND,37,37,4,-1,0,-1,-1,4584,32,8,unknown,APPLE,
3094.9760000000097,fd:9c:8b:c6:1f:52,521fc68b9cfd1eff4c00121900f9c5aa64750d5d37dc4b82dae0165a01d08c2b70cc760300,-29250.0,83193.0,-112755.0,84005.0,-107603.0,,0,0,0,0,0,1,1,2,ADV_NONCONN_IND,37,37,10,-1,0,-1,-1,3036,31,8,unknown,APPLE,
3096.597000000009,ef:83:e9:78:5b:d8,d85b78e983ef1eff4c001219101ee832f617cb6c784c5f33718bf2906e81b67394ab530184,-49044.0,34364.0,-99021.0,38890.0,-116866.0,,0,0,0,0,0,1,1,0,ADV_IND,37,37,2,-1,0,-1,-1,7917,32,8,unknown,APPLE,
3096.597000000009,f5:ec:7d:ef:0a:97,970aef7decf51eff4c0012196068e567764a21c53bfe79cccad4bf968dc92c8640c8e203ae,-12341.0,58926.0,-83198.0,79805.0,-126194.0,,0,0,0,0,0,1,1,0,ADV_IND,37,37,9,-1,0,-1,-1,5544,31,8,unknown,APPLE,
3096.597000000009,50:aa:ca:85:78:51,517885caaa500201061916aafe403f35e420d5cb55ccb7c814c1a80704603976ce6544,0.0,86535.0,-91551.0,106837.0,-125735.0,,0,0,0,0,0,1,1,0,ADV_IND,35,37,10,-1,0,-1,-1,3908,32,8,unknown,GOOGLE,
3098.178,c9:cf:22:0f:ea:09,09ea0f22cfc91eff4c00121920f79d4d6f09f8e1050e0575179480936a1a13ddd4d716009b,-29926.0,63486.0,-96772.0,63597.0,-132524.0,,0,0,0,0,0,1,1,0,ADV_IND,37,37,8,-1,0,-1,-1,2844,32,8,unknown,APPLE,
3098.178,fe:cd:da:e7:17:a7,a717e7dacdfe1eff4c0012192014e348ac93987e878b16d86fac6900d4700d38533ef2002c,-28424.0,86179.0,-85831.0,78284.0,-103692.0,,0,0,0,0,0,1,1,0,ADV_IND,37,37,12,-1,0,-1,-1,6485,32,7,unknown,APPLE,
3100.2850000000035,f6:7f:67:2b:0f:68,680f2b677ff61eff4c00121960268e9f66560b039092ea96d382a0d83ae7cf9ca79f2202a1,-11322.0,64091.0,-79069.0,70643.0,-134713.0,,0,0,0,0,0,1,1,0,ADV_IND,37,37,1,-1,0,-1,-1,6180,32,8,unknown,APPLE,
3100.2850000000035,da:7e:4b:2c:40:08,08402c4b7eda1eff4c0012196081ba4f1af335aea59dcfa3d162957dab92488751303100c3,-19871.0,39834.0,-97054.0,70871.0,-120868.0,,0,0,0,0,0,1,1,0,ADV_IND,37,37,2,-1,0,-1,-1,7389,32,8,unknown,APPLE,
3101.071000000011,c9:cf:22:0f:ea:09,09ea0f22cfc91eff4c00121920f79d4d6f09f8e1050e0575179480936a1a13ddd4d716009b,-41301.0,65592.0,-87727.0,54474.0,-141563.0,,0,0,0,0,0,1,1,0,ADV_IND,37,37,4,-1,0,-1,-1,6603,32,8,unknown,APPLE,
3102.8280000000086,c9:cf:22:0f:ea:09,09ea0f22cfc91eff4c00121920f79d4d6f09f8e1050e0575179480936a1a13ddd4d716009b,-43117.0,44740.0,-72189.0,54398.0,-122107.0,,0,0,0,0,0,1,1,0,ADV_IND,37,37,9,-1,0,-1,-1,3810,32,7,unknown,APPLE,
3102.8280000000086,fd:9c:8b:c6:1f:52,521fc68b9cfd1eff4c00121900f9c5aa64750d5d37dc4b82dae0165a01d08c2b70cc760300,-1054.0,83572.0,-116241.0,68349.0,-129896.0,,0,0,0,0,0,1,1,2,ADV_NONCONN_IND,37,37,15,-1,0,-1,-1,6795,31,7,unknown,APPLE,
3102.8280000000086,f5:ec:7d:ef:0a:97,970aef7decf51eff4c0012196068e567764a21c53bfe79cccad4bf968dc92c8640c8e203ae,-20181.0,56219.0,-83906.0,103482.0,-125054.0,,0,0,0,0,0,1,1,0,ADV_IND,37,37,4,-1,0,-1,-1,6369,32,8,unknown,APPLE,
3104.571000000011,c9:cf:22:0f:ea:09,09ea0f22cfc91eff4c00121920f79d4d6f09f8e1050e0575179480936a1a13ddd4d716009b,-33868.0,50878.0,-87401.0,52885.0,-116173.0,,0,0,0,0,0,1,1,0,ADV_IND,37,37,0,-1,0,-1,-1,2976,32,8,unknown,APPLE,
3106.9830000000075,fe:cd:da:e7:17:a7,a717e7dacdfe1eff4c0012192014e348ac93987e878b16d86fac6900d4700d38533ef2002c,-18668.0,92011.0,-97400.0,97928.0,-151445.0,,0,0,0,0,0,1,1,0,ADV_IND,37,37,12,-1,0,-1,-1,7710,32,8,unknown,APPLE,
3106.9830000000075,fc:1a:2a:b4:a8:f0,f0a8b42a1afc1eff4c00121910102199b7de76657973110b23fe91684c43befb0b0cdb00f5,-21609.0,55188.0,-95116.0,75185.0,-113451.0,,0,0,0,0,0,1,1,0,ADV_IND,37,37,8,-1,0,-1,-1,5488,32,8,unknown,APPLE,
3106.9830000000075,fd:9c:8b:c6:1f:52,521fc68b9cfd1eff4c00121900f9c5aa64750d5d37dc4b82dae0165a01d08c2b70cc760300,-45298.0,101035.0,-113734.0,94341.0,-128972.0,,0,0,0,0,0,1,1,2,ADV_NONCONN_IND,37,37,7,-1,0,-1,-1,3828,32,8,unknown,APPLE,
3109.3640000000014,e6:e8:88:15:1f:45,451f1588e8e61eff4c001219208a71766544231b9344631fce49af170166ae96b4ed000167,-44891.0,54358.0,-100146.0,67738.0,-111836.0,,0,0,0,0,0,1,1,0,ADV_IND,37,37,15,-1,0,-1,-1,5020,32,8,unknown,APPLE,
3110.718000000008,f6:7f:67:2b:0f:68,680f2b677ff61eff4c00121960268e9f66560b039092ea96d382a0d83ae7cf9ca79f2202a1,-4834.0,60630.0,-96950.0,114045.0,-152438.0,,0,0,0,0,0,1,1,0,ADV_IND,37,37,10,-1,0,-1,-1,1768,32,8,unknown,APPLE,
3112.6630000000005,fd:9c:8b:c6:1f:52,521fc68b9cfd1eff4c00121900f9c5aa64750d5d37dc4b82dae0165a01d08c2b70cc760300,-24302.0,73330.0,-121583.0,82480.0,-124802.0,,0,0,0,0,0,1,1,2,ADV_NONCONN_IND,37,37,7,-1,0,-1,-1,4231,32,8,unknown,APPLE,
3113.073000000004,e6:e8:88:15:1f:45,451f1588e8e61eff4c001219208a71766544231b9344631fce49af170166ae96b4ed000167,-59453.0,65185.0,-112173.0,90463.0,-142590.0,,0,0,0,0,0,1,1,0,ADV_IND,37,37,13,-1,0,-1,-1,1952,32,8,unknown,APPLE,
3113.073000000004,da:7e:4b:2c:40:08,08402c4b7eda1eff4c0012196081ba4f1af335aea59dcfa3d162957dab92488751303100c3,-18389.0,59783.0,-105622.0,119705.0,-168699.0,,0,0,0,0,0,1,1,0,ADV_IND,37,37,13,-1,0,-1,-1,4000,32,8,unknown,APPLE,
3113.073000000004,fe:cd:da:e7:17:a7,a717e7dacdfe1eff4c0012192014e348ac93987e878b16d86fac6900d4700d38533ef2002c,-8784.0,71780.0,-96515.0,104688.0,-131199.0,,0,0,0,0,0,1,1,0,ADV_IND,37,37,12,-1,0,-1,-1,5539,32,8,unknown,APPLE,
3115.248000000007,fe:cd:da:e7:17:a7,a717e7dacdfe1eff4c0012192014e348ac93987e878b16d86fac6900d4700d38533ef2002c,-18706.0,76242.0,-93835.0,112637.0,-131762.0,,0,0,0,0,0,1,1,0,ADV_IND,37,37,9,-1,0,-1,-1,1445,32,8,unknown,APPLE,
3115.248000000007,da:7e:4b:2c:40:08,08402c4b7eda1eff4c0012196081ba4f1af335aea59dcfa3d162957dab92488751303100c3,-30097.0,44961.0,-103048.0,104579.0,-136095.0,,0,0,0,0,0,1,1,0,ADV_IND,37,37,13,-1,0,-1,-1,7178,32,8,unknown,APPLE,
3116.470000000001,d3:56:13:ec:79:cc,25666c3cf5f41eff4c00121910c4ae7bedf14240cd85e38faa329cbbc7be0f299a6ed70339,-31886.0,89133.0,-99867.0,92567.0,-149209.0,,0,0,0,0,0,1,1,0,ADV_IND,37,37,15,-1,0,-1,-1,6322,32,8,unknown,APPLE,f4:f5:3c:6c:66:25
3117.471000000005,fa:1f:fb:bc:6b:bd,bd6bbcfb1ffa1eff4c0012190071cabc4cead57f755ba227c4e3d47ae7bc577751e0400000,-16671.0,43397.0,-98497.0,74964.0,-115501.0,,0,0,0,0,0,1,1,2,ADV_NONCONN_IND,37,37,13,-1,0,-1,-1,1197,31,7,unknown,APPLE,
3118.968000000008,f6:7f:67:2b:0f:68,680f2b677ff61eff4c00121960268e9f66560b039092ea96d382a0d83ae7cf9ca79f2202a1,-2944.0,60504.0,-76685.0,65541.0,-141118.0,,0,0,0,0,0,1,1,0,ADV_IND,37,37,7,-1,0,-1,-1,7297,31,7,unknown,APPLE,
3118.968000000008,fd:9c:8b:c6:1f:52,521fc68b9cfd1eff4c00121900f9c5aa64750d5d37dc4b82dae0165a01d08c2b70cc760300,-28611.0,89769.0,-120379.0,80369.0,-144624.0,,0,0,0,0,0,1,1,2,ADV_NONCONN_IND,37,37,14,-1,0,-1,-1,6536,30,8,unknown,APPLE,
3119.5050000000047,fa:1f:fb:bc:6b:bd,bd6bbcfb1ffa1eff4c0012190071cabc4cead57f755ba227c4e3d47ae7bc577751e0400000,-18373.0,88315.0,-121604.0,99963.0,-157022.0,,0,0,0,0,0,1,1,2,ADV_NONCONN_IND,37,37,5,-1,0,-1,-1,6295,30,8,unknown,APPLE,
3120.595000000001,50:aa:ca:85:78:51,517885caaa500201061916aafe403f35e420d5cb55ccb7c814c1a80704603976ce6544,-4882.0,108291.0,-89862.0,94115.0,-132291.0,,0,0,0,0,0,1,1,0,ADV_IND,35,37,6,-1,0,-1,-1,2823,32,8,unknown,GOOGLE,
3121.649000000005,da:7e:4b:2c:40:08,08402c4b7eda1eff4c0012196081ba4f1af335aea59dcfa3d162957dab92488751303100c3,1674.0,79697.0,-109445.0,75208.0,-143870.0,,0,0,0,0,0,1,1,0,ADV_IND,37,37,8,-1,0,-1,-1,7052,32,8,unknown,APPLE,
3121.649000000005,f6:7f:67:2b:0f:68,680f2b677ff61eff4c00121960268e9f66560b039092ea96d382a0d83ae7cf9ca79f2202a1,-14586.0,48506.0,-75388.0,80932.0,-131283.0,,0,0,0,0,0,1,1,0,ADV_IND,37,37,8,-1,0,-1,-1,2661,31,8,unknown,APPLE,
3121.649000000005,fe:cd:da:e7:17:a7,a717e7dacdfe1eff4c0012192014e348ac93987e878b16d86fac6900d4700d38533ef2002c,-11237.0,93175.0,-80905.0,67059.0,-140742.0,,0,0,0,0,0,1,1,0,ADV_IND,37,37,10,-1,0,-1,-1,4878,31,8,unknown,APPLE,
3123.2570000000123,e6:e8:88:15:1f:45,451f1588e8e61eff4c001219208a71766544231b9344631fce49af170166ae96b4ed000167,-39286.0,56997.0,-102329.0,90031.0,-116256.0,,0,0,0,0,0,1,1,0,ADV_IND,37,37,15,-1,0,-1,-1,1845,32,8,unknown,APPLE,
3123.2570000000123,ef:83:e9:78:5b:d8,d85b78e983ef1eff4c001219101ee832f617cb6c784c5f33718bf2906e81b67394ab530184,-32252.0,27380.0,-108248.0,62375.0,-118692.0,,0,0,0,0,0,1,1,0,ADV_IND,37,37,14,-1,0,-1,-1,3010,32,8,unknown,APPLE,
3124.826000000001,fc:1a:2a:b4:a8:f0,f0a8b42a1afc1eff4c00121910102199b7de76657973110b23fe91684c43befb0b0cdb00f5,-16333.0,72251.0,-99883.0,67935.0,-116150.0,,0,0,0,0,0,1,1,0,ADV_IND,37,37,6,-1,0,-1,-1,7524,30,7,unknown,APPLE,
3124.826000000001,50:aa:ca:85:78:51,517885caaa500201061916aafe403f35e420d5cb55ccb7c814c1a80704603976ce6544,-21365.0,120268.0,-86890.0,112762.0,-134310.0,,0,0,0,0,0,1,1,0,ADV_IND,35,37,3,-1,0,-1,-1,1125,32,8,unknown,GOOGLE,
3126.540000000008,e6:e8:88:15:1f:45,451f1588e8e61eff4c001219208a71766544231b9344631fce49af170166ae96b4ed000167,-56436.0,58792.0,-92070.0,90383.0,-128219.0,,0,0,0,0,0,1,1,0,ADV_IND,37,37,0,-1,0,-1,-1,1925,32,8,unknown,APPLE,
3126.540000000008,50:aa:ca:85:78:51,517885caaa500201061916aafe403f35e420d5cb55ccb7c814c1a80704603976ce6544,-20930.0,97197.0,-81123.0,120099.0,-132615.0,,0,0,0,0,0,1,1,0,ADV_IND,35,37,7,-1,0,-1,-1,4614,32,8,unknown,GOOGLE,
3128.1510000000126,fe:cd:da:e7:17:a7,a717e7dacdfe1eff4c0012192014e348ac93987e878b16d86fac6900d4700d38533ef2002c,-12318.0,91693.0,-100586.0,88777.0,-134367.0,,0,0,0,0,0,1,1,0,ADV_IND,37,37,9,-1,0,-1,-1,2895,32,8,unknown,APPLE,
3128.7040000000125,fe:cd:da:e7:17:a7,a717e7dacdfe1eff4c0012192014e348ac93987e878b16d86fac6900d4700d38533ef2002c,-13525.0,73450.0,-84248.0,59699.0,-111957.0,,0,0,0,0,0,1,1,0,ADV_IND,37,37,12,-1,0,-1,-1,5149,32,8,unknown,APPLE,
3131.076000000001,e6:e8:88:15:1f:45,451f1588e8e61eff4c001219208a71766544231b9344631fce49af170166ae96b4ed000167,-28446.0,65680.0,-101552.0,84835.0,-147928.0,,0,0,0,0,0,1,1,0,ADV_IND,37,37,12,-1,0,-1,-1,6416,32,8,unknown,APPLE,
3131.076000000001,da:7e:4b:2c:40:08,08402c4b7eda1eff4c0012196081ba4f1af335aea59dcfa3d162957dab92488751303100c3,-35126.0,58938.0,-94866.0,82298.0,-143782.0,,0,0,0,0,0,1,1,0,ADV_IND,37,37,14,-1,0,-1,-1,4916,32,8,unknown,APPLE,
3131.076000000001,f5:ec:7d:ef:0a:97,970aef7decf51eff4c0012196068e567764a21c53bfe79cccad4bf968dc92c8640c8e203ae,9875.0,83065.0,-86196.0,54034.0,-137436.0,,0,0,0,0,0,1,1,0,ADV_IND,37,37,3,-1,0,-1,-1,4162,32,8,unknown,APPLE,
3132.671000000002,50:aa:ca:85:78:51,517885caaa500201061916aafe403f35e420d5cb55ccb7c814c1a80704603976ce6544,-9615.0,94912.0,-87702.0,127633.0,-142374.0,,0,0,0,0,0,1,1,0,ADV_IND,35,37,2,-1,0,-1,-1,5994,32,8,unknown,GOOGLE,
3135.1670000000013,da:7e:4b:2c:40:08,08402c4b7eda1eff4c0012196081ba4f1af335aea59dcfa3d162957dab92488751303100c3,-27712.0,87555.0,-93944.0,82517.0,-152716.0,,0,0,0,0,0,1,1,0,ADV_IND,37,37,1,-1,0,-1,-1,6620,31,8,unknown,APPLE,
3136.3810000000085,ef:83:e9:78:5b:d8,d85b78e983ef1eff4c001219101ee832f617cb6c784c5f33718bf2906e81b67394ab530184,-48861.0,50285.0,-94159.0,41247.0,-135750.0,,0,0,0,0,0,1,1,0,ADV_IND,37,37,11,-1,0,-1,-1,5113,32,8,unknown,APPLE,
3137.240000000005,fe:cd:da:e7:17:a7,a717e7dacdfe1eff4c0012192014e348ac93987e878b16d86fac6900d4700d38533ef2002c,-18500.0,77230.0,-67141.0,56388.0,-117653.0,,0,0,0,0,0,1,1,0,ADV_IND,37,37,3,-1,0,-1,-1,2521,32,8,unknown,APPLE,
3137.240000000005,da:7e:4b:2c:40:08,08402c4b7eda1eff4c0012196081ba4f1af335aea59dcfa3d162957dab92488751303100c3,-48775.0,78218.0,-93586.0,74375.0,-142354.0,,0,0,0,0,0,1,1,0,ADV_IND,37,37,4,-1,0,-1,-1,5949,31,8,unknown,APPLE,
3138.319000000003,50:aa:ca:85:78:51,517885caaa500201061916aafe403f35e420d5cb55ccb7c814c1a80704603976ce6544,0.0,110496.0,-104768.0,106504.0,-136791.0,,0,0,0,0,0,1,1,0,ADV_IND,35,37,10,-1,0,-1,-1,2306,32,8,unknown,GOOGLE,
3139.296000000002,e6:e8:88:15:1f:45,451f1588e8e61eff4c001219208a71766544231b9344631fce49af170166ae96b4ed000167,-55436.0,94437.0,-115800.0,103192.0,-153780.0,,0,0,0,0,0,1,1,0,ADV_IND,37,37,0,-1,0,-1,-1,1042,32,7,unknown,APPLE,
3139.296000000002,fe:cd:da:e7:17:a7,a717e7dacdfe1eff4c0012192014e348ac93987e878b16d86fac6900d4700d38533ef2002c,-15153.0,69411.0,-83426.0,91189.0,-114311.0,,0,0,0,0,0,1,1,0,ADV_IND,37,37,8,-1,0,-1,-1,5184,32,8,unknown,APPLE,
3140.827000000005,fb:15:c3:2a:ea:ac,25666c3cf5f41eff4c00121910c4ae7bedf14240cd85e38faa329cbbc7be0f299a6ed70339,-38716.0,55774.0,-101786.0,80434.0,-96735.0,,0,0,0,0,0,1,1,0,ADV_IND,37,37,9,-1,0,-1,-1,5496,32,8,unknown,APPLE,f4:f5:3c:6c:66:25
3140.827000000005,fd:9c:8b:c6:1f:52,521fc68b9cfd1eff4c00121900f9c5aa64750d5d37dc4b82dae0165a01d08c2b70cc760300,-27375.0,84157.0,-120949.0,89313.0,-117078.0,,0,0,0,0,0,1,1,2,ADV_NONCONN_IND,37,37,11,-1,0,-1,-1,3774,32,8,unknown,APPLE,
3140.827000000005,fc:1a:2a:b4:a8:f0,f0a8b42a1afc1eff4c00121910102199b7de76657973110b23fe91684c43befb0b0cdb00f5,-22959.0,42880.0,-90490.0,91705.0,-138204.0,,0,0,0,0,0,1,1,0,ADV_IND,37,37,9,-1,0,-1,-1,6648,32,8,unknown,APPLE,
3140.827000000005,ef:83:e9:78:5b:d8,d85b78e983ef1eff4c001219101ee832f617cb6c784c5f33718bf2906e81b67394ab530184,-56383.0,28603.0,-126435.0,67474.0,-86781.0,,0,0,0,0,0,1,1,0,ADV_IND,37,37,12,-1,0,-1,-1,1841,32,7,unknown,APPLE,
3141.7390000000014,50:aa:ca:85:78:51,517885caaa500201061916aafe403f35e420d5cb55ccb7c814c1a80704603976ce6544,-12139.0,113813.0,-109433.0,130110.0,-157639.0,,0,0,0,0,0,1,1,0,ADV_IND,35,37,3,-1,0,-1,-1,4071,32,8,unknown,GOOGLE,
3141.7390000000014,da:7e:4b:2c:40:08,08402c4b7eda1eff4c0012196081ba4f1af335aea59dcfa3d162957dab92488751303100c3,-11912.0,65014.0,-102900.0,93887.0,-162845.0,,0,0,0,0,0,1,1,0,ADV_IND,37,37,11,-1,0,-1,-1,1630,32,8,unknown,APPLE,
3143.569000000003,e6:e8:88:15:1f:45,451f1588e8e61eff4c001219208a71766544231b9344631fce49af170166ae96b4ed000167,-44910.0,71093.0,-114076.0,100459.0,-136459.0,,0,0,0,0,0,1,1,0,ADV_IND,37,37,4,-1,0,-1,-1,6279,32,8,unknown,APPLE,
3143.569000000003,da:7e:4b:2c:40:08,08402c4b7eda1eff4c0012196081ba4f1af335aea59dcfa3d162957dab92488751303100c3,-6077.0,63644.0,-85995.0,67140.0,-145852.0,,0,0,0,0,0,1,1,0,ADV_IND,37,37,10,-1,0,-1,-1,1537,32,8,unknown,APPLE,
3144.5860000000102,50:aa:ca:85:78:51,517885caaa500201061916aafe403f35e420d5cb55ccb7c814c1a80704603976ce6544,3296.0,128301.0,-108510.0,113652.0,-153411.0,,0,0,0,0,0,1,1,0,ADV_IND,35,37,4,-1,0,-1,-1,2405,29,8,unknown,GOOGLE,
3145.7490000000107,e6:e8:88:15:1f:45,451f1588e8e61eff4c001219208a71766544231b9344631fce49af170166ae96b4ed000167,-30770.0,54452.0,-94150.0,60218.0,-142455.0,,0,0,0,0,0,1,1,0,ADV_IND,37,37,7,-1,0,-1,-1,7338,32,7,unknown,APPLE,
3146.340000000011,ef:83:e9:78:5b:d8,d85b78e983ef1eff4c001219101ee832f617cb6c784c5f33718bf2906e81b67394ab530184,-47727.0,54618.0,-110565.0,79030.0,-145793.0,,0,0,0,0,0,1,1,0,ADV_IND,37,37,14,-1,0,-1,-1,6193,32,8,unknown,APPLE,
3147.821000000011,fe:cd:da:e7:17:a7,a717e7dacdfe1eff4c0012192014e348ac93987e878b16d86fac6900d4700d38533ef2002c,-24044.0,69893.0,-80177.0,86548.0,-99213.0,,0,0,0,0,0,1,1,0,ADV_IND,37,37,6,-1,0,-1,-1,7634,32,8,unknown,APPLE,
3147.821000000011,fd:9c:8b:c6:1f:52,521fc68b9cfd1eff4c00121900f9c5aa64750d5d37dc4b82dae0165a01d08c2b70cc760300,-31488.0,79435.0,-112734.0,88301.0,-153772.0,,0,0,0,0,0,1,1,2,ADV_NONCONN_IND,37,37,13,-1,0,-1,-1,1388,32,8,unknown,APPLE,
3147.821000000011,f6:7f:67:2b:0f:68,680f2b677ff61eff4c00121960268e9f66560b039092ea96d382a0d83ae7cf9ca79f2202a1,-23190.0,63560.0,-77725.0,87965.0,-138495.0,,0,0,0,0,0,1,1,0,ADV_IND,37,37,9,-1,0,-1,-1,6403,32,8,unknown,APPLE,
3147.821000000011,e6:e8:88:15:1f:45,451f1588e8e61eff4c001219208a71766544231b9344631fce49af170166ae96b4ed000167,-45738.0,67829.0,-104355.0,69446.0,-108726.0,,0,0,0,0,0,1,1,0,ADV_IND,37,37,10,-1,0,-1,-1,4118,31,8,unknown,APPLE,
3148.6830000000045,f6:7f:67:2b:0f:68,680f2b677ff61eff4c00121960268e9f66560b039092ea96d382a0d83ae7cf9ca79f2202a1,-24514.0,52700.0,-58946.0,56389.0,-132913.0,,0,0,0,0,0,1,1,0,ADV_IND,37,37,11,-1,0,-1,-1,4402,32,8,unknown,APPLE,
3149.423999999999,fa:1f:fb:bc:6b:bd,bd6bbcfb1ffa1eff4c0012190071cabc4cead57f755ba227c4e3d47ae7bc577751e0400000,-48105.0,91647.0,-89563.0,73429.0,-117351.0,,0,0,0,0,0,1,1,2,ADV_NONCONN_IND,37,37,8,-1,0,-1,-1,1926,32,8,unknown,APPLE,
3150.1560000000027,50:aa:ca:85:78:51,517885caaa500201061916aafe403f35e420d5cb55ccb7c814c1a80704603976ce6544,-13253.0,117648.0,-87528.0,113443.0,-149644.0,,0,0,0,0,0,1,1,0,ADV_IND,35,37,4,-1,0,-1,-1,5635,32,8,unknown,GOOGLE,
3151.215000000011,f5:ec:7d:ef:0a:97,970aef7decf51eff4c0012196068e567764a21c53bfe79cccad4bf968dc92c8640c8e203ae,-195.0,58760.0,-76718.0,67196.0,-117579.0,,0,0,0,0,0,1,1,0,ADV_IND,37,37,10,-1,0,-1,-1,1692,32,7,unknown,APPLE,
3151.215000000011,f6:7f:67:2b:0f:68,680f2b677ff61eff4c00121960268e9f66560b039092ea96d382a0d83ae7cf9ca79f2202a1,-23542.0,65299.0,-88645.0,107422.0,-156460.0,,0,0,0,0,0,1,1,0,ADV_IND,37,37,14,-1,0,-1,-1,1710,32,8,unknown,APPLE,
3151.215000000011,fe:cd:da:e7:17:a7,a717e7dacdfe1eff4c0012192014e348ac93987e878b16d86fac6900d4700d38533ef2002c,-18079.0,67370.0,-75552.0,73803.0,-112572.0,,0,0,0,0,0,1,1,0,ADV_IND,37,37,7,-1,0,-1,-1,3535,32,8,unknown,APPLE,
3152.220000000001,fa:1f:fb:bc:6b:bd,bd6bbcfb1ffa1eff4c0012190071cabc4cead57f755ba227c4e3d47ae7bc577751e0400000,-13844.0,89490.0,-102774.0,79711.0,-157280.0,,0,0,0,0,0,1,1,2,ADV_NONCONN_IND,37,37,1,-1,0,-1,-1,4874,30,8,unknown,APPLE,
3152.9590000000026,fc:1a:2a:b4:a8:f0,f0a8b42a1afc1eff4c00121910102199b7de76657973110b23fe91684c43befb0b0cdb00f5,-8503.0,88224.0,-114445.0,85874.0,-140743.0,,0,0,0,0,0,1,1,0,ADV_IND,37,37,4,-1,0,-1,-1,1778,31,7,unknown,APPLE,
3152.9590000000026,fe:cd:da:e7:17:a7,a717e7dacdfe1eff4c0012192014e348ac93987e878b16d86fac6900d4700d38533ef2002c,-28300.0,87081.0,-69141.0,53256.0,-107954.0,,0,0,0,0,0,1,1,0,ADV_IND,37,37,9,-1,0,-1,-1,5799,32,8,unknown,APPLE,
3154.366000000009,ef:83:e9:78:5b:d8,d85b78e983ef1eff4c001219101ee832f617cb6c784c5f33718bf2906e81b67394ab530184,-41287.0,69312.0,-124896.0,80671.0,-142471.0,,0,0,0,0,0,1,1,0,ADV_IND,37,37,10,-1,0,-1,-1,6887,30,8,unknown,APPLE,
3155.2880000000005,e6:e8:88:15:1f:45,451f1588e8e61eff4c001219208a71766544231b9344631fce49af170166ae96b4ed000167,-50193.0,78431.0,-108128.0,100095.0,-143954.0,,0,0,0,0,0,1,1,0,ADV_IND,37,37,10,-1,0,-1,-1,7316,32,7,unknown,APPLE,
3155.2880000000005,fe:cd:da:e7:17:a7,a717e7dacdfe1eff4c0012192014e348ac93987e878b16d86fac6900d4700d38533ef2002c,0.0,86792.0,-106696.0,76795.0,-143691.0,,0,0,0,0,0,1,1,0,ADV_IND,37,37,1,-1,0,-1,-1,4803,32,8,unknown,APPLE,
3156.7100000000064,c9:cf:22:0f:ea:09,09ea0f22cfc91eff4c00121920f79d4d6f09f8e1050e0575179480936a1a13ddd4d716009b,-29572.0,59409.0,-85950.0,54203.0,-127066.0,,0,0,0,0,0,1,1,0,ADV_IND,37,37,8,-1,0,-1,-1,1031,29,8,unknown,APPLE,
3157.550000000003,da:7e:4b:2c:40:08,08402c4b7eda1eff4c0012196081ba4f1af335aea59dcfa3d162957dab92488751303100c3,-22281.0,57680.0,-111221.0,102915.0,-152546.0,,0,0,0,0,0,1,1,0,ADV_IND,37,37,4,-1,0,-1,-1,6476,32,8,unknown,APPLE,
3160.854000000006,fb:15:c3:2a:ea:ac,25666c3cf5f41eff4c00121910c4ae7bedf14240cd85e38faa329cbbc7be0f299a6ed70339,-45947.0,78844.0,-100706.0,92236.0,-111955.0,,0,0,0,0,0,1,1,0,ADV_IND,37,37,13,-1,0,-1,-1,2760,32,8,unknown,APPLE,f4:f5:3c:6c:66:25
3160.854000000006,fe:cd:da:e7:17:a7,a717e7dacdfe1eff4c0012192014e348ac93987e878b16d86fac6900d4700d38533ef2002c,-39773.0,77191.0,-78456.0,84306.0,-132675.0,,0,0,0,0,0,1,1,0,ADV_IND,37,37,2,-1,0,-1,-1,1156,32,8,unknown,APPLE,
3160.854000000006,fa:1f:fb:bc:6b:bd,bd6bbcfb1ffa1eff4c0012190071cabc4cead57f755ba227c4e3d47ae7bc577751e0400000,-18501.0,67094.0,-106400.0,90704.0,-138015.0,,0,0,0,0,0,1,1,2,ADV_NONCONN_IND,37,37,11,-1,0,-1,-1,4463,28,8,unknown,APPLE,
3160.854000000006,50:aa:ca:85:78:51,517885caaa500201061916aafe403f35e420d5cb55ccb7c814c1a80704603976ce6544,0.0,108656.0,-107025.0,108308.0,-147301.0,,0,0,0,0,0,1,1,0,ADV_IND,35,37,5,-1,0,-1,-1,1628,32,8,unknown,GOOGLE,
3160.854000000006,e6:e8:88:15:1f:45,451f1588e8e61eff4c001219208a71766544231b9344631fce49af170166ae96b4ed000167,-41542.0,68858.0,-103332.0,85257.0,-121410.0,,0,0,0,0,0,1,1,0,ADV_IND,37,37,4,-1,0,-1,-1,2368,32,8,unknown,APPLE,
3161.300000000003,f6:7f:67:2b:0f:68,680f2b677ff61eff4c00121960268e9f66560b039092ea96d382a0d83ae7cf9ca79f2202a1,-18424.0,78170.0,-73657.0,54075.0,-130780.0,,0,0,0,0,0,1,1,0,ADV_IND,37,37,15,-1,0,-1,-1,4730,30,8,unknown,APPLE,
3162.872000000003,50:aa:ca:85:78:51,517885caaa500201061916aafe403f35e420d5cb55ccb7c814c1a80704603976ce6544,-16116.0,94731.0,-96900.0,99673.0,-114175.0,,0,0,0,0,0,1,1,0,ADV_IND,35,37,13,-1,0,-1,-1,4744,32,7,unknown,GOOGLE,
3164.261000000013,50:aa:ca:85:78:51,517885caaa500201061916aafe403f35e420d5cb55ccb7c814c1a80704603976ce6544,-16704.0,102673.0,-98571.0,125566.0,-146079.0,,0,0,0,0,0,1,1,0,ADV_IND,35,37,14,-1,0,-1,-1,7847,31,7,unknown,GOOGLE,
3165.971000000005,fe:cd:da:e7:17:a7,a717e7dacdfe1eff4c0012192014e348ac93987e878b16d86fac6900d4700d38533ef2002c,-27730.0,78171.0,-77443.0,64513.0,-89824.0,,0,0,0,0,0,1,1,0,ADV_IND,37,37,0,-1,0,-1,-1,4900,32,8,unknown,APPLE,
3165.971000000005,e6:e8:88:15:1f:45,451f1588e8e61eff4c001219208a71766544231b9344631fce49af170166ae96b4ed000167,-49753.0,49723.0,-98305.0,71854.0,-129172.0,,0,0,0,0,0,1,1,0,ADV_IND,37,37,12,-1,0,-1,-1,3762,32,7,unknown,APPLE,
3167.06700000001,fc:1a:2a:b4:a8:f0,f0a8b42a1afc1eff4c00121910102199b7de76657973110b23fe91684c43befb0b0cdb00f5,-31123.0,55361.0,-87203.0,71504.0,-131373.0,,0,0,0,0,0,1,1,0,ADV_IND,37,37,14,-1,0,-1,-1,2091,32,8,unknown,APPLE,
3167.06700000001,e6:e8:88:15:1f:45,451f1588e8e61eff4c001219208a71766544231b9344631fce49af170166ae96b4ed000167,-32520.0,75735.0,-117816.0,93237.0,-133584.0,,0,0,0,0,0,1,1,0,ADV_IND,37,37,9,-1,0,-1,-1,1921,32,8,unknown,APPLE,
3168.398000000001,50:aa:ca:85:78:51,517885caaa500201061916aafe403f35e420d5cb55ccb7c814c1a80704603976ce6544,7646.0,87650.0,-87926.0,105060.0,-115876.0,,0,0,0,0,0,1,1,0,ADV_IND,35,37,3,-1,0,-1,-1,5049,32,8,unknown,GOOGLE,
3168.398000000001,fc:1a:2a:b4:a8:f0,f0a8b42a1afc1eff4c00121910102199b7de76657973110b23fe91684c43befb0b0cdb00f5,-34236.0,59814.0,-89890.0,65610.0,-128938.0,,0,0,0,0,0,1,1,0,ADV_IND,37,37,8,-1,0,-1,-1,2358,32,8,unknown,APPLE,
3171.2530000000115,50:aa:ca:85:78:51,517885caaa500201061916aafe403f35e420d5cb55ccb7c814c1a80704603976ce6544,-6886.0,113536.0,-95476.0,117931.0,-131571.0,,0,0,0,0,0,1,1,0,ADV_IND,35,37,0,-1,0,-1,-1,1412,32,8,unknown,GOOGLE,
3171.2530000000115,fc:1a:2a:b4:a8:f0,f0a8b42a1afc1eff4c00121910102199b7de76657973110b23fe91684c43befb0b0cdb00f5,-26761.0,88346.0,-103736.0,85982.0,-147028.0,,0,0,0,0,0,1,1,0,ADV_IND,37,37,8,-1,0,-1,-1,5561,32,7,unknown,APPLE,
3173.2620000000024,fe:cd:da:e7:17:a7,a717e7dacdfe1eff4c0012192014e348ac93987e878b16d86fac6900d4700d38533ef2002c,-26960.0,82211.0,-96208.0,100221.0,-134646.0,,0,0,0,0,0,1,1,0,ADV_IND,37,37,7,-1,0,-1,-1,3970,32,8,unknown,APPLE,
3174.695000000007,50:aa:ca:85:78:51,517885caaa500201061916aafe403f35e420d5cb55ccb7c814c1a80704603976ce6544,-20679.0,121865.0,-83070.0,107222.0,-145941.0,,0,0,0,0,0,1,1,0,ADV_IND,35,37,9,-1,0,-1,-1,7158,29,7,unknown,GOOGLE,
3175.9550000000017,f6:7f:67:2b:0f:68,680f2b677ff61eff4c00121960268e9f66560b039092ea96d382a0d83ae7cf9ca79f2202a1,-28227.0,71354.0,-73422.0,67695.0,-126369.0,,0,0,0,0,0,1,1,0,ADV_IND,37,37,8,-1,0,-1,-1,3543,32,8,unknown,APPLE,
3178.790000000008,50:aa:ca:85:78:51,517885caaa500201061916aafe403f35e420d5cb55ccb7c814c1a80704603976ce6544,8860.0,88047.0,-100922.0,95352.0,-114305.0,,0,0,0,0,0,1,1,0,ADV_IND,35,37,2,-1,0,-1,-1,3774,32,8,unknown,GOOGLE,
3178.790000000008,ef:83:e9:78:5b:d8,d85b78e983ef1eff4c001219101ee832f617cb6c784c5f33718bf2906e81b67394ab530184,-41924.0,46974.0,-121410.0,51537.0,-126716.0,,0,0,0,0,0,1,1,0,ADV_IND,37,37,0,-1,0,-1,-1,3194,32,8,unknown,APPLE,
3179.6320000000123,fe:cd:da:e7:17:a7,a717e7dacdfe1eff4c0012192014e348ac93987e878b16d86fac6900d4700d38533ef2002c,-5238.0,92759.0,-104331.0,82905.0,-140961.0,,0,0,0,0,0,1,1,0,ADV_IND,37,37,6,-1,0,-1,-1,5140,32,8,unknown,APPLE,
3179.6320000000123,f6:7f:67:2b:0f:68,680f2b677ff61eff4c00121960268e9f66560b039092ea96d382a0d83ae7cf9ca79f2202a1,-8219.0,69174.0,-68060.0,67306.0,-145825.0,,0,0,0,0,0,1,1,0,ADV_IND,37,37,8,-1,0,-1,-1,7667,32,8,unknown,APPLE,
3182.474000000002,50:aa:ca:85:78:51,517885caaa500201061916aafe403f35e420d5cb55ccb7c814c1a80704603976ce6544,-8505.0,124892.0,-91260.0,117894.0,-139489.0,,0,0,0,0,0,1,1,0,ADV_IND,35,37,3,-1,0,-1,-1,1366,31,8,unknown,GOOGLE,
3182.474000000002,fe:cd:da:e7:17:a7,a717e7dacdfe1eff4c0012192014e348ac93987e878b16d86fac6900d4700d38533ef2002c,-11005.0,78779.0,-88800.0,114703.0,-145161.0,,0,0,0,0,0,1,1,0,ADV_IND,37,37,13,-1,0,-1,-1,3455,32,8,unknown,APPLE,
3183.8740000000107,fe:cd:da:e7:17:a7,a717e7dacdfe1eff4c0012192014e348ac93987e878b16d86fac6900d4700d38533ef2002c,-23524.0,75630.0,-82292.0,77827.0,-99931.0,,0,0,0,0,0,1,1,0,ADV_IND,37,37,9,-1,0,-1,-1,3283,32,8,unknown,APPLE,
3184.7820000000065,ef:83:e9:78:5b:d8,d85b78e983ef1eff4c001219101ee832f617cb6c784c5f33718bf2906e81b67394ab530184,-43575.0,53467.0,-118894.0,63008.0,-152263.0,,0,0,0,0,0,1,1,0,ADV_IND,37,37,4,-1,0,-1,-1,3639,32,8,unknown,APPLE,
3185.7600000000093,f6:7f:67:2b:0f:68,680f2b677ff61eff4c00121960268e9f66560b039092ea96d382a0d83ae7cf9ca79f2202a1,15312.0,44792.0,-100956.0,96378.0,-151830.0,,0,0,0,0,0,1,1,0,ADV_IND,37,37,7,-1,0,-1,-1,6299,32,8,unknown,APPLE,
3185.7600000000093,fe:cd:da:e7:17:a7,a717e7dacdfe1eff4c0012192014e348ac93987e878b16d86fac6900d4700d38533ef2002c,-30920.0,92994.0,-95317.0,107984.0,-129049.0,,0,0,0,0,0,1,1,0,ADV_IND,37,37,1,-1,0,-1,-1,2720,32,8,unknown,APPLE,
3185.7600000000093,da:7e:4b:2c:40:08,08402c4b7eda1eff4c0012196081ba4f1af335aea59dcfa3d162957dab92488751303100c3,-22394.0,52950.0,-95756.0,74905.0,-137999.0,,0,0,0,0,0,1,1,0,ADV_IND,37,37,7,-1,0,-1,-1,4444,31,8,unknown,APPLE,
3187.0100000000093,da:7e:4b:2c:40:08,08402c4b7eda1eff4c0012196081ba4f1af335aea59dcfa3d162957dab92488751303100c3,-25187.0,84338.0,-100525.0,86037.0,-154838.0,,0,0,0,0,0,1,1,0,ADV_IND,37,37,0,-1,0,-1,-1,4788,32,8,unknown,APPLE,
3187.0100000000093,50:aa:ca:85:78:51,517885caaa500201061916aafe403f35e420d5cb55ccb7c814c1a80704603976ce6544,-12029.0,111617.0,-85335.0,89560.0,-116453.0,,0,0,0,0,0,1,1,0,ADV_IND,35,37,9,-1,0,-1,-1,2769,32,8,unknown,GOOGLE,
3187.0100000000093,fe:cd:da:e7:17:a7,a717e7dacdfe1eff4c0012192014e348ac93987e878b16d86fac6900d4700d38533ef2002c,-10927.0,83907.0,-100683.0,100866.0,-118325.0,,0,0,0,0,0,1,1,0,ADV_IND,37,37,12,-1,0,-1,-1,5754,32,8,unknown,APPLE,
3190.6820000000007,fa:1f:fb:bc:6b:bd,bd6bbcfb1ffa1eff4c0012190071cabc4cead57f755ba227c4e3d47ae7bc577751e0400000,-29876.0,67696.0,-101095.0,95587.0,-120870.0,,0,0,0,0,0,1,1,2,ADV_NONCONN_IND,37,37,13,-1,0,-1,-1,6782,32,8,unknown,APPLE,
3190.6820000000007,fe:cd:da:e7:17:a7,a717e7dacdfe1eff4c0012192014e348ac93987e878b16d86fac6900d4700d38533ef2002c,-18355.0,93909.0,-69386.0,39667.0,-128489.0,,0,0,0,0,0,1,1,0,ADV_IND,37,37,6,-1,0,-1,-1,5277,32,8,unknown,APPLE,
3190.6820000000007,da:7e:4b:2c:40:08,08402c4b7eda1eff4c0012196081ba4f1af335aea59dcfa3d162957dab92488751303100c3,-31919.0,81908.0,-104301.0,89858.0,-147613.0,,0,0,0,0,0,1,1,0,ADV_IND,37,37,11,-1,0,-1,-1,6450,32,8,unknown,APPLE,
3191.346000000005,f6:7f:67:2b:0f:68,680f2b677ff61eff4c00121960268e9f66560b039092ea96d382a0d83ae7cf9ca79f2202a1,-43016.0,49821.0,-79839.0,103447.0,-152331.0,,0,0,0,0,0,1,1,0,ADV_IND,37,37,6,-1,0,-1,-1,2932,32,8,unknown,APPLE,
3192.397000000012,fa:1f:fb:bc:6b:bd,bd6bbcfb1ffa1eff4c0012190071cabc4cead57f755ba227c4e3d47ae7bc577751e0400000,-13824.0,66284.0,-98490.0,81943.0,-148647.0,,0,0,0,0,0,1,1,2,ADV_NONCONN_IND,37,37,0,-1,0,-1,-1,4072,32,8,unknown,APPLE,
3192.952000000005,f6:7f:67:2b:0f:68,680f2b677ff61eff4c00121960268e9f66560b039092ea96d382a0d83ae7cf9ca79f2202a1,2395.0,69091.0,-96441.0,100913.0,-142033.0,,0,0,0,0,0,1,1,0,ADV_IND,37,37,8,-1,0,-1,-1,6382,32,8,unknown,APPLE,
3193.386000000013,fa:1f:fb:bc:6b:bd,bd6bbcfb1ffa1eff4c0012190071cabc4cead57f755ba227c4e3d47ae7bc577751e0400000,-3754.0,72334.0,-107293.0,93166.0,-165488.0,,0,0,0,0,0,1,1,2,ADV_NONCONN_IND,37,37,1,-1,0,-1,-1,7296,32,8,unknown,APPLE,
3197.3820000000123,50:aa:ca:85:78:51,517885caaa500201061916aafe403f35e420d5cb55ccb7c814c1a80704603976ce6544,-461.0,105052.0,-82898.0,117012.0,-139267.0,,0,0,0,0,0,1,1,0,ADV_IND,35,37,6,-1,0,-1,-1,5883,32,8,unknown,GOOGLE,
3197.918000000005,fa:1f:fb:bc:6b:bd,bd6bbcfb1ffa1eff4c0012190071cabc4cead57f755ba227c4e3d47ae7bc577751e0400000,-31710.0,78430.0,-90929.0,75498.0,-135944.0,,0,0,0,0,0,1,1,2,ADV_NONCONN_IND,37,37,11,-1,0,-1,-1,3800,29,8,unknown,APPLE,
3199.822,fa:1f:fb:bc:6b:bd,bd6bbcfb1ffa1eff4c0012190071cabc4cead57f755ba227c4e3d47ae7bc577751e0400000,-19335.0,79820.0,-105969.0,90545.0,-155102.0,,0,0,0,0,0,1,1,2,ADV_NONCONN_IND,37,37,0,-1,0,-1,-1,5124,32,7,unknown,APPLE,
3204.645000000004,fa:1f:fb:bc:6b:bd,bd6bbcfb1ffa1eff4c0012190071cabc4cead57f755ba227c4e3d47ae7bc577751e0400000,-26788.0,88796.0,-97123.0,80971.0,-107945.0,,0,0,0,0,0,1,1,2,ADV_NONCONN_IND,37,37,3,-1,0,-1,-1,3201,32,8,unknown,APPLE,
3208.7920000000013,fa:1f:fb:bc:6b:bd,bd6bbcfb1ffa1eff4c0012190071cabc4cead57f755ba227c4e3d47ae7bc577751e0400000,-35774.0,105326.0,-112737.0,89265.0,-150703.0,,0,0,0,0,0,1,1,2,ADV_NONCONN_IND,37,37,9,-1,0,-1,-1,3364,31,7,unknown,APPLE,
3210.376000000004,fa:1f:fb:bc:6b:bd,bd6bbcfb1ffa1eff4c0012190071cabc4cead57f755ba227c4e3d47ae7bc577751e0400000,2902.0,87844.0,-124454.0,94409.0,-147617.0,,0,0,0,0,0,1,1,2,ADV_NONCONN_IND,37,37,13,-1,0,-1,-1,1344,31,8,unknown,APPLE,
3212.267000000007,f0:e3:6f:28:be:f5,f5be286fe3f01eff4c0012191073bb1c1cfa670e8abdd5c8d588443fe6b4c2b802518500f5,-23091.0,83588.0,-98739.0,79348.0,-153941.0,,0,0,0,0,0,1,1,0,ADV_IND,37,37,15,-1,0,-1,-1,7588,32,8,unknown,APPLE,
3213.9140000000043,f0:e3:6f:28:be:f5,f5be286fe3f01eff4c0012191073bb1c1cfa670e8abdd5c8d588443fe6b4c2b802518500f5,-36350.0,73442.0,-93989.0,68798.0,-138161.0,,0,0,0,0,0,1,1,0,ADV_IND,37,37,8,-1,0,-1,-1,7310,32,8,unknown,APPLE,
3215.7600000000093,ea:a4:73:28:a1:84,84a12873a4ea1eff4c001219100d889b1cffe2e41faea48a54a6c16adc4e0d0e88ce990184,-43921.0,80077.0,-98860.0,65468.0,-126970.0,,0,0,0,0,0,1,1,0,ADV_IND,37,37,2,-1,0,-1,-1,1346,32,8,unknown,APPLE,
3215.7600000000093,c3:69:45:23:09:19,25666c3cf5f41eff4c00121910c4ae7bedf14240cd85e38faa329cbbc7be0f299a6ed70339,-11907.0,87237.0,-104251.0,69143.0,-147967.0,,0,0,0,0,0,1,1,0,ADV_IND,37,37,3,-1,0,-1,-1,1223,32,7,unknown,APPLE,f4:f5:3c:6c:66:25
3216.7630000000063,50:aa:ca:85:78:51,517885caaa500201061916aafe403f35e420d5cb55ccb7c814c1a80704603976ce6544,-19799.0,98522.0,-80982.0,98640.0,-110677.0,,0,0,0,0,0,1,1,0,ADV_IND,35,37,1,-1,0,-1,-1,4187,32,8,unknown,GOOGLE,
3216.7630000000063,d8:57:c4:85:0c:2c,2c0c85c457d81eff4c00121920c8f689ef75b26654e4067ccb12dea31b22598f123767002c,-24943.0,66848.0,-87581.0,64313.0,-119202.0,,0,0,0,0,0,1,1,0,ADV_IND,37,37,8,-1,0,-1,-1,3039,31,8,unknown,APPLE,
3216.7630000000063,c8:26:11:f1:4d:11,114df11126c81eff4c00121920b7affd86d4d2dbe0ee84723cba33d1fd634357c1fa980011,-8277.0,84494.0,-79074.0,70838.0,-65412.0,,0,0,0,0,0,1,1,0,ADV_IND,37,37,15,-1,0,-1,-1,6817,32,8,unknown,APPLE,
3216.7630000000063,ea:a4:73:28:a1:84,84a12873a4ea1eff4c001219100d889b1cffe2e41faea48a54a6c16adc4e0d0e88ce990184,-37694.0,96849.0,-104472.0,80674.0,-155852.0,,0,0,0,0,0,1,1,0,ADV_IND,37,37,8,-1,0,-1,-1,4830,32,7,unknown,APPLE,
3218.3120000000054,d8:57:c4:85:0c:2c,2c0c85c457d81eff4c00121920c8f689ef75b26654e4067ccb12dea31b22598f123767002c,-28600.0,68568.0,-85600.0,56079.0,-149818.0,,0,0,0,0,0,1,1,0,ADV_IND,37,37,7,-1,0,-1,-1,3442,32,7,unknown,APPLE,
3218.3120000000054,50:aa:ca:85:78:51,517885caaa500201061916aafe403f35e420d5cb55ccb7c814c1a80704603976ce6544,-9466.0,119831.0,-89887.0,93063.0,-146940.0,,0,0,0,0,0,1,1,0,ADV_IND,35,37,15,-1,0,-1,-1,4423,32,8,unknown,GOOGLE,
3219.9100000000035,f0:e3:6f:28:be:f5,f5be286fe3f01eff4c0012191073bb1c1cfa670e8abdd5c8d588443fe6b4c2b802518500f5,-35520.0,81405.0,-105474.0,89147.0,-131400.0,,0,0,0,0,0,1,1,0,ADV_IND,37,37,1,-1,0,-1,-1,7961,31,8,unknown,APPLE,
3222.002000000008,ea:a4:73:28:a1:84,84a12873a4ea1eff4c001219100d889b1cffe2e41faea48a54a6c16adc4e0d0e88ce990184,-18496.0,56223.0,-106225.0,43538.0,-92211.0,,0,0,0,0,0,1,1,0,ADV_IND,37,37,3,-1,0,-1,-1,1483,32,8,unknown,APPLE,
3223.803,c8:26:11:f1:4d:11,114df11126c81eff4c00121920b7affd86d4d2dbe0ee84723cba33d1fd634357c1fa980011,9515.0,74774.0,-92058.0,86129.0,-83803.0,,0,0,0,0,0,1,1,0,ADV_IND,37,37,14,-1,0,-1,-1,7638,32,8,unknown,APPLE,
3231.0120000000024,c3:69:45:23:09:19,25666c3cf5f41eff4c00121910c4ae7bedf14240cd85e38faa329cbbc7be0f299a6ed70339,-12500.0,66336.0,-116697.0,93146.0,-139800.0,,0,0,0,0,0,1,1,0,ADV_IND,37,37,13,-1,0,-1,-1,5006,32,8,unknown,APPLE,f4:f5:3c:6c:66:25
3231.0120000000024,d8:57:c4:85:0c:2c,2c0c85c457d81eff4c00121920c8f689ef75b26654e4067ccb12dea31b22598f123767002c,-23928.0,93255.0,-112188.0,100385.0,-135120.0,,0,0,0,0,0,1,1,0,ADV_IND,37,37,5,-1,0,-1,-1,5166,32,7,unknown,APPLE,
3234.490000000005,d8:57:c4:85:0c:2c,2c0c85c457d81eff4c00121920c8f689ef75b26654e4067ccb12dea31b22598f123767002c,-49790.0,64746.0,-80215.0,76314.0,-128342.0,,0,0,0,0,0,1,1,0,ADV_IND,37,37,2,-1,0,-1,-1,6587,32,8,unknown,APPLE,
3239.5050000000047,50:aa:ca:85:78:51,517885caaa500201061916aafe403f35e420d5cb55ccb7c814c1a80704603976ce6544,-16875.0,92056.0,-99260.0,127060.0,-136219.0,,0,0,0,0,0,1,1,0,ADV_IND,35,37,9,-1,0,-1,-1,4889,32,8,unknown,GOOGLE,
3239.5050000000047,ea:a4:73:28:a1:84,84a12873a4ea1eff4c001219100d889b1cffe2e41faea48a54a6c16adc4e0d0e88ce990184,-38214.0,79436.0,-95880.0,56357.0,-115054.0,,0,0,0,0,0,1,1,0,ADV_IND,37,37,15,-1,0,-1,-1,6167,32,8,unknown,APPLE,
3241.1350000000093,50:aa:ca:85:78:51,517885caaa500201061916aafe403f35e420d5cb55ccb7c814c1a80704603976ce6544,-336.0,99814.0,-97010.0,115727.0,-142645.0,,0,0,0,0,0,1,1,0,ADV_IND,35,37,3,-1,0,-1,-1,4811,32,8,unknown,GOOGLE,
3242.494000000006,e7:e8:04:03:80:67,67800304e8e71eff4c001219203bc6e64fc4623d2a555075ce5fc6f8eb0cdbceb652b80067,-42381.0,73068.0,-101103.0,86702.0,-153839.0,,0,0,0,0,0,1,1,0,ADV_IND,37,37,0,-1,0,-1,-1,1548,32,8,unknown,APPLE,
3242.494000000006,50:aa:ca:85:78:51,517885caaa500201061916aafe403f35e420d5cb55ccb7c814c1a80704603976ce6544,4904.0,83170.0,-95996.0,103287.0,-104990.0,,0,0,0,0,0,1,1,0,ADV_IND,35,37,2,-1,0,-1,-1,4854,32,7,unknown,GOOGLE,
3244.5320000000065,fa:1f:fb:bc:6b:bd,bd6bbcfb1ffa1eff4c0012190071cabc4cead57f755ba227c4e3d47ae7bc577751e0400000,9054.0,68297.0,-112317.0,82848.0,-150841.0,,0,0,0,0,0,1,1,2,ADV_NONCONN_IND,37,37,2,-1,0,-1,-1,4887,31,8,unknown,APPLE,
3244.5320000000065,e4:b4:8d:df:00:c3,c300df8db4e41eff4c00121964d230965f2c4032736e520f76490b61d72bca3db4db3501c3,-10703.0,41711.0,-91556.0,75781.0,-128932.0,,0,0,0,0,0,1,1,0,ADV_IND,37,37,6,-1,0,-1,-1,4150,32,8,unknown,APPLE,
3244.5320000000065,50:aa:ca:85:78:51,517885caaa500201061916aafe403f35e420d5cb55ccb7c814c1a80704603976ce6544,-1313.0,84211.0,-88032.0,103050.0,-124587.0,,0,0,0,0,0,1,1,0,ADV_IND,35,37,8,-1,0,-1,-1,6634,32,8,unknown,GOOGLE,
3245.691000000006,f0:e3:6f:28:be:f5,f5be286fe3f01eff4c0012191073bb1c1cfa670e8abdd5c8d588443fe6b4c2b802518500f5,-26928.0,79240.0,-114582.0,82314.0,-135561.0,,0,0,0,0,0,1,1,0,ADV_IND,37,37,13,-1,0,-1,-1,6322,32,8,unknown,APPLE,
3245.691000000006,e7:e8:04:03:80:67,67800304e8e71eff4c001219203bc6e64fc4623d2a555075ce5fc6f8eb0cdbceb652b80067,-41984.0,71979.0,-115125.0,107652.0,-159327.0,,0,0,0,0,0,1,1,0,ADV_IND,37,37,14,-1,0,-1,-1,3796,32,8,unknown,APPLE,
3247.511000000013,50:aa:ca:85:78:51,517885caaa500201061916aafe403f35e420d5cb55ccb7c814c1a80704603976ce6544,-13724.0,98069.0,-78794.0,112754.0,-138929.0,,0,0,0,0,0,1,1,0,ADV_IND,35,37,12,-1,0,-1,-1,5384,32,8,unknown,GOOGLE,
3248.8410000000003,ea:a4:73:28:a1:84,84a12873a4ea1eff4c001219100d889b1cffe2e41faea48a54a6c16adc4e0d0e88ce990184,-38858.0,90771.0,-85903.0,34373.0,-145194.0,,0,0,0,0,0,1,1,0,ADV_IND,37,37,8,-1,0,-1,-1,1335,32,8,unknown,APPLE,
3248.8410000000003,f0:e3:6f:28:be:f5,f5be286fe3f01eff4c0012191073bb1c1cfa670e8abdd5c8d588443fe6b4c2b802518500f5,-36144.0,89273.0,-105357.0,89321.0,-154415.0,,0,0,0,0,0,1,1,0,ADV_IND,37,37,0,-1,0,-1,-1,4494,32,7,unknown,APPLE,
3251.01400000001,50:aa:ca:85:78:51,517885caaa500201061916aafe403f35e420d5cb55ccb7c814c1a80704603976ce6544,8053.0,93760.0,-89509.0,91199.0,-114192.0,,0,0,0,0,0,1,1,0,ADV_IND,35,37,3,-1,0,-1,-1,6791,32,7,unknown,GOOGLE,
3253.146000000008,fa:1f:fb:bc:6b:bd,bd6bbcfb1ffa1eff4c0012190071cabc4cead57f755ba227c4e3d47ae7bc577751e0400000,-11461.0,71787.0,-104343.0,90710.0,-163363.0,,0,0,0,0,0,1,1,2,ADV_NONCONN_IND,37,37,7,-1,0,-1,-1,7703,32,7,unknown,APPLE,
3255.6370000000024,db:48:ac:6f:aa:a1,a1aa6fac48db1eff4c00121964947040aac6a3f191ed59ad260378263273423aa6251a03a1,-14755.0,40905.0,-89752.0,85969.0,-135880.0,,0,0,0,0,0,1,1,0,ADV_IND,37,37,3,-1,0,-1,-1,3934,32,8,unknown,APPLE,
3257.274000000005,e4:b4:8d:df:00:c3,c300df8db4e41eff4c00121964d230965f2c4032736e520f76490b61d72bca3db4db3501c3,-9687.0,68990.0,-103324.0,94330.0,-132593.0,,0,0,0,0,0,1,1,0,ADV_IND,37,37,15,-1,0,-1,-1,7392,31,8,unknown,APPLE,
3258.816000000006,50:aa:ca:85:78:51,517885caaa500201061916aafe403f35e420d5cb55ccb7c814c1a80704603976ce6544,2356.0,85389.0,-95369.0,98231.0,-126450.0,,0,0,0,0,0,1,1,0,ADV_IND,35,37,0,-1,0,-1,-1,5832,32,8,unknown,GOOGLE,
3258.816000000006,db:48:ac:6f:aa:a1,a1aa6fac48db1eff4c00121964947040aac6a3f191ed59ad260378263273423aa6251a03a1,-22399.0,73679.0,-92793.0,89065.0,-139443.0,,0,0,0,0,0,1,1,0,ADV_IND,37,37,3,-1,0,-1,-1,2597,32,8,unknown,APPLE,
3260.6110000000044,fa:1f:fb:bc:6b:bd,bd6bbcfb1ffa1eff4c0012190071cabc4cead57f755ba227c4e3d47ae7bc577751e0400000,-32813.0,69288.0,-99732.0,90812.0,-120439.0,,0,0,0,0,0,1,1,2,ADV_NONCONN_IND,37,37,15,-1,0,-1,-1,2124,31,8,unknown,APPLE,
3263.470000000001,f2:8b:b1:4f:f3:cb,25666c3cf5f41eff4c00121910c4ae7bedf14240cd85e38faa329cbbc7be0f299a6ed70339,-38422.0,91771.0,-82514.0,64593.0,-108307.0,,0,0,0,0,0,1,1,0,ADV_IND,37,37,4,-1,0,-1,-1,1318,32,8,unknown,APPLE,f4:f5:3c:6c:66:25
3264.323000000004,e7:e8:04:03:80:67,67800304e8e71eff4c001219203bc6e64fc4623d2a555075ce5fc6f8eb0cdbceb652b80067,-36692.0,75746.0,-115541.0,103443.0,-156186.0,,0,0,0,0,0,1,1,0,ADV_IND,37,37,13,-1,0,-1,-1,5747,32,8,unknown,APPLE,
3268.2040000000125,50:aa:ca:85:78:51,517885caaa500201061916aafe403f35e420d5cb55ccb7c814c1a80704603976ce6544,4995.0,98305.0,-90394.0,102923.0,-134528.0,,0,0,0,0,0,1,1,0,ADV_IND,35,37,12,-1,0,-1,-1,5712,32,8,unknown,GOOGLE,
3270.2490000000107,e3:c3:49:4d:f4:ae,aef44d49c3e31eff4c001219644e0af447121b0d511651f658eb393692577432a84ea902ae,-24889.0,59852.0,-100767.0,80309.0,-175329.0,,0,0,0,0,0,1,1,0,ADV_IND,37,37,10,-1,0,-1,-1,6511,32,8,unknown,APPLE,
3270.2490000000107,50:aa:ca:85:78:51,517885caaa500201061916aafe403f35e420d5cb55ccb7c814c1a80704603976ce6544,6496.0,79288.0,-107860.0,130372.0,-127516.0,,0,0,0,0,0,1,1,0,ADV_IND,35,37,10,-1,0,-1,-1,5439,32,8,unknown,GOOGLE,
3271.104000000006,f0:e3:6f:28:be:f5,f5be286fe3f01eff4c0012191073bb1c1cfa670e8abdd5c8d588443fe6b4c2b802518500f5,-26238.0,61788.0,-93308.0,79671.0,-140247.0,,0,0,0,0,0,1,1,0,ADV_IND,37,37,7,-1,0,-1,-1,2111,31,7,unknown,APPLE,
3272.5390000000043,e3:c3:49:4d:f4:ae,aef44d49c3e31eff4c001219644e0af447121b0d511651f658eb393692577432a84ea902ae,-14971.0,31984.0,-95987.0,64180.0,-146667.0,,0,0,0,0,0,1,1,0,ADV_IND,37,37,11,-1,0,-1,-1,6810,32,8,unknown,APPLE,
3272.5390000000043,e7:e8:04:03:80:67,67800304e8e71eff4c001219203bc6e64fc4623d2a555075ce5fc6f8eb0cdbceb652b80067,-32801.0,84620.0,-95429.0,65012.0,-148779.0,,0,0,0,0,0,1,1,0,ADV_IND,37,37,4,-1,0,-1,-1,6740,32,7,unknown,APPLE,
3275.2550000000047,d8:57:c4:85:0c:2c,2c0c85c457d81eff4c00121920c8f689ef75b26654e4067ccb12dea31b22598f123767002c,-25409.0,88667.0,-102862.0,83731.0,-123966.0,,0,0,0,0,0,1,1,0,ADV_IND,37,37,14,-1,0,-1,-1,2543,32,8,unknown,APPLE,
3275.2550000000047,50:aa:ca:85:78:51,517885caaa500201061916aafe403f35e420d5cb55ccb7c814c1a80704603976ce6544,-6259.0,89919.0,-83753.0,115876.0,-128542.0,,0,0,0,0,0,1,1,0,ADV_IND,35,37,7,-1,0,-1,-1,1739,32,8,unknown,GOOGLE,
3275.2550000000047,e3:c3:49:4d:f4:ae,aef44d49c3e31eff4c001219644e0af447121b0d511651f658eb393692577432a84ea902ae,-18772.0,49286.0,-107648.0,92123.0,-159920.0,,0,0,0,0,0,1,1,0,ADV_IND,37,37,10,-1,0,-1,-1,3139,31,7,unknown,APPLE,
3276.8850000000093,d8:57:c4:85:0c:2c,2c0c85c457d81eff4c00121920c8f689ef75b26654e4067ccb12dea31b22598f123767002c,-51865.0,58186.0,-87328.0,72361.0,-102455.0,,0,0,0,0,0,1,1,0,ADV_IND,37,37,7,-1,0,-1,-1,5279,32,8,unknown,APPLE,
3276.8850000000093,e4:b4:8d:df:00:c3,c300df8db4e41eff4c00121964d230965f2c4032736e520f76490b61d72bca3db4db3501c3,-17092.0,66379.0,-86316.0,77537.0,-137125.0,,0,0,0,0,0,1,1,0,ADV_IND,37,37,9,-1,0,-1,-1,4326,32,8,unknown,APPLE,
3276.8850000000093,e3:c3:49:4d:f4:ae,aef44d49c3e31eff4c001219644e0af447121b0d511651f658eb393692577432a84ea902ae,-32060.0,24804.0,-80302.0,82902.0,-173486.0,,0,0,0,0,0,1,1,0,ADV_IND,37,37,3,-1,0,-1,-1,4264,32,8,unknown,APPLE,
3278.467000000004,ec:9e:eb:84:32:01,013284eb9eec1eff4c00121900e300bbe1c44c1e38815e26a39619fc231960bbafaf0d0200,-15642.0,56229.0,-110489.0,58101.0,-117229.0,,0,0,0,0,0,1,1,2,ADV_NONCONN_IND,37,37,8,-1,0,-1,-1,3436,32,8,unknown,APPLE,
3278.467000000004,d8:57:c4:85:0c:2c,2c0c85c457d81eff4c00121920c8f689ef75b26654e4067ccb12dea31b22598f123767002c,-45117.0,85797.0,-82954.0,76560.0,-142549.0,,0,0,0,0,0,1,1,0,ADV_IND,37,37,6,-1,0,-1,-1,6496,29,7,unknown,APPLE,
3280.259000000005,d8:57:c4:85:0c:2c,2c0c85c457d81eff4c00121920c8f689ef75b26654e4067ccb12dea31b22598f123767002c,-33714.0,89554.0,-97204.0,93331.0,-152175.0,,0,0,0,0,0,1,1,0,ADV_IND,37,37,13,-1,0,-1,-1,3842,32,8,unknown,APPLE,
3281.185000000012,ec:9e:eb:84:32:01,013284eb9eec1eff4c00121900e300bbe1c44c1e38815e26a39619fc231960bbafaf0d0200,-35678.0,68694.0,-106995.0,55562.0,-119904.0,,0,0,0,0,0,1,1,2,ADV_NONCONN_IND,37,37,10,-1,0,-1,-1,7981,32,8,unknown,APPLE,
3284.048999999999,50:aa:ca:85:78:51,517885caaa500201061916aafe403f35e420d5cb55ccb7c814c1a80704603976ce6544,-11656.0,98787.0,-78698.0,100344.0,-113132.0,,0,0,0,0,0,1,1,0,ADV_IND,35,37,13,-1,0,-1,-1,5206,32,8,unknown,GOOGLE,
3285.2090000000026,f2:8b:b1:4f:f3:cb,25666c3cf5f41eff4c00121910c4ae7bedf14240cd85e38faa329cbbc7be0f299a6ed70339,-24210.0,94795.0,-90311.0,81055.0,-150136.0,,0,0,0,0,0,1,1,0,ADV_IND,37,37,9,-1,0,-1,-1,4905,32,7,unknown,APPLE,f4:f5:3c:6c:66:25
3286.596000000005,50:aa:ca:85:78:51,517885caaa500201061916aafe403f35e420d5cb55ccb7c814c1a80704603976ce6544,-4113.0,100816.0,-73940.0,98386.0,-129840.0,,0,0,0,0,0,1,1,0,ADV_IND,35,37,0,-1,0,-1,-1,1366,32,8,unknown,GOOGLE,
3288.8150000000023,c8:26:11:f1:4d:11,114df11126c81eff4c00121920b7affd86d4d2dbe0ee84723cba33d1fd634357c1fa980011,-9036.0,91977.0,-84060.0,100302.0,-125182.0,,0,0,0,0,0,1,1,0,ADV_IND,37,37,15,-1,0,-1,-1,4460,32,8,unknown,APPLE,
3288.8150000000023,d8:57:c4:85:0c:2c,2c0c85c457d81eff4c00121920c8f689ef75b26654e4067ccb12dea31b22598f123767002c,-18167.0,72197.0,-95823.0,69081.0,-130630.0,,0,0,0,0,0,1,1,0,ADV_IND,37,37,8,-1,0,-1,-1,3503,30,7,unknown,APPLE,
3291.270000000004,f0:e3:6f:28:be:f5,f5be286fe3f01eff4c0012191073bb1c1cfa670e8abdd5c8d588443fe6b4c2b802518500f5,-29797.0,71669.0,-98221.0,72428.0,-140433.0,,0,0,0,0,0,1,1,0,ADV_IND,37,37,9,-1,0,-1,-1,5209,32,7,unknown,APPLE,
3292.3640000000014,ec:9e:eb:84:32:01,013284eb9eec1eff4c00121900e300bbe1c44c1e38815e26a39619fc231960bbafaf0d0200,-31624.0,75520.0,-121182.0,88652.0,-140493.0,,0,0,0,0,0,1,1,2,ADV_NONCONN_IND,37,37,10,-1,0,-1,-1,3780,32,7,unknown,APPLE,
3297.941000000006,ce:43:1b:83:c9:9b,9bc9831b43ce1eff4c00121920ef20ab27cc7c27f26027f8b3a30758d3221016d44d82009b,-20446.0,76485.0,-81332.0,96396.0,-126311.0,,0,0,0,0,0,1,1,0,ADV_IND,37,37,6,-1,0,-1,-1,1902,31,7,unknown,APPLE,
3299.145000000004,ec:9e:eb:84:32:01,013284eb9eec1eff4c00121900e300bbe1c44c1e38815e26a39619fc231960bbafaf0d0200,-32882.0,46250.0,-95256.0,73211.0,-124572.0,,0,0,0,0,0,1,1,2,ADV_NONCONN_IND,37,37,13,-1,0,-1,-1,5863,32,7,unknown,APPLE,
3299.145000000004,e4:b4:8d:df:00:c3,c300df8db4e41eff4c00121964d230965f2c4032736e520f76490b61d72bca3db4db3501c3,-43939.0,71335.0,-88961.0,78951.0,-136744.0,,0,0,0,0,0,1,1,0,ADV_IND,37,37,7,-1,0,-1,-1,7026,32,8,unknown,APPLE,
3300.1580000000104,50:aa:ca:85:78:51,517885caaa500201061916aafe403f35e420d5cb55ccb7c814c1a80704603976ce6544,-8299.0,88519.0,-89476.0,119323.0,-131001.0,,0,0,0,0,0,1,1,0,ADV_IND,35,37,0,-1,0,-1,-1,3150,32,8,unknown,GOOGLE,
3301.19200000001,c8:26:11:f1:4d:11,114df11126c81eff4c00121920b7affd86d4d2dbe0ee84723cba33d1fd634357c1fa980011,-9455.0,81430.0,-64588.0,81011.0,-63075.0,,0,0,0,0,0,1,1,0,ADV_IND,37,37,1,-1,0,-1,-1,6290,32,8,unknown,APPLE,
3301.8610000000044,d8:57:c4:85:0c:2c,2c0c85c457d81eff4c00121920c8f689ef75b26654e4067ccb12dea31b22598f123767002c,-32609.0,62406.0,-90605.0,81096.0,-147305.0,,0,0,0,0,0,1,1,0,ADV_IND,37,37,11,-1,0,-1,-1,5190,32,8,unknown,APPLE,
3303.856,f0:e3:6f:28:be:f5,f5be286fe3f01eff4c0012191073bb1c1cfa670e8abdd5c8d588443fe6b4c2b802518500f5,-16378.0,59436.0,-96586.0,55848.0,-113828.0,,0,0,0,0,0,1,1,0,ADV_IND,37,37,6,-1,0,-1,-1,2262,32,8,unknown,APPLE,
3304.949000000008,d8:57:c4:85:0c:2c,2c0c85c457d81eff4c00121920c8f689ef75b26654e4067ccb12dea31b22598f123767002c,-21648.0,79672.0,-97474.0,64976.0,-145003.0,,0,0,0,0,0,1,1,0,ADV_IND,37,37,11,-1,0,-1,-1,7287,32,8,unknown,APPLE,
3304.949000000008,50:aa:ca:85:78:51,517885caaa500201061916aafe403f35e420d5cb55ccb7c814c1a80704603976ce6544,5108.0,86947.0,-80778.0,93409.0,-111231.0,,0,0,0,0,0,1,1,0,ADV_IND,35,37,6,-1,0,-1,-1,1500,32,8,unknown,GOOGLE,
3306.701000000001,50:aa:ca:85:78:51,25666c3cf5f41eff4c00121910c4ae7bedf14240cd85e38faa329cbbc7be0f299a6ed70339,-10137.0,61435.0,-103998.0,95240.0,-132814.0,,0,0,0,0,0,1,1,0,ADV_IND,37,37,14,-1,0,-1,-1,3464,32,8,unknown,APPLE,f4:f5:3c:6c:66:25
3307.9550000000017,f0:e3:6f:28:be:f5,f5be286fe3f01eff4c0012191073bb1c1cfa670e8abdd5c8d588443fe6b4c2b802518500f5,-16602.0,74808.0,-95449.0,55032.0,-140638.0,,0,0,0,0,0,1,1,0,ADV_IND,37,37,10,-1,0,-1,-1,2420,32,8,unknown,APPLE,
3309.0980000000127,ea:a4:73:28:a1:84,84a12873a4ea1eff4c001219100d889b1cffe2e41faea48a54a6c16adc4e0d0e88ce990184,-11223.0,95243.0,-115173.0,72491.0,-140488.0,,0,0,0,0,0,1,1,0,ADV_IND,37,37,8,-1,0,-1,-1,3074,31,7,unknown,APPLE,
3309.0980000000127,ec:9e:eb:84:32:01,013284eb9eec1eff4c00121900e300bbe1c44c1e38815e26a39619fc231960bbafaf0d0200,-30804.0,55244.0,-93847.0,69063.0,-129755.0,,0,0,0,0,0,1,1,2,ADV_NONCONN_IND,37,37,3,-1,0,-1,-1,1635,32,8,unknown,APPLE,
3309.0980000000127,ec:9e:eb:84:32:01,013284eb9eec1eff4c00121900e300bbe1c44c1e38815e26a39619fc231960bbafaf0d0200,-18573.0,73740.0,-88410.0,63616.0,-126895.0,,0,0,0,0,0,1,1,2,ADV_NONCONN_IND,37,37,7,-1,0,-1,-1,6367,30,7,unknown,APPLE,
3314.685000000012,d8:57:c4:85:0c:2c,2c0c85c457d81eff4c00121920c8f689ef75b26654e4067ccb12dea31b22598f123767002c,-35415.0,70392.0,-85219.0,88451.0,-133327.0,,0,0,0,0,0,1,1,0,ADV_IND,37,37,12,-1,0,-1,-1,3276,32,8,unknown,APPLE,
3314.685000000012,50:aa:ca:85:78:51,517885caaa500201061916aafe403f35e420d5cb55ccb7c814c1a80704603976ce6544,-6380.0,87036.0,-85475.0,103214.0,-113648.0,,0,0,0,0,0,1,1,0,ADV_IND,35,37,9,-1,0,-1,-1,4707,32,8,unknown,GOOGLE,
3318.054000000004,ec:9e:eb:84:32:01,013284eb9eec1eff4c00121900e300bbe1c44c1e38815e26a39619fc231960bbafaf0d0200,-30534.0,77133.0,-97631.0,76263.0,-134159.0,,0,0,0,0,0,1,1,2,ADV_NONCONN_IND,37,37,7,-1,0,-1,-1,1834,32,8,unknown,APPLE,
3318.054000000004,e4:b4:8d:df:00:c3,c300df8db4e41eff4c00121964d230965f2c4032736e520f76490b61d72bca3db4db3501c3,-5954.0,40476.0,-79411.0,80791.0,-142107.0,,0,0,0,0,0,1,1,0,ADV_IND,37,37,6,-1,0,-1,-1,3017,32,8,unknown,APPLE,
3318.054000000004,ea:a4:73:28:a1:84,84a12873a4ea1eff4c001219100d889b1cffe2e41faea48a54a6c16adc4e0d0e88ce990184,-38630.0,83785.0,-90023.0,55015.0,-126131.0,,0,0,0,0,0,1,1,0,ADV_IND,37,37,15,-1,0,-1,-1,6587,32,8,unknown,APPLE,
3319.4320000000007,50:aa:ca:85:78:51,517885caaa500201061916aafe403f35e420d5cb55ccb7c814c1a80704603976ce6544,-7312.0,106141.0,-93675.0,110422.0,-126858.0,,0,0,0,0,0,1,1,0,ADV_IND,35,37,11,-1,0,-1,-1,5931,32,8,unknown,GOOGLE,
3319.4320000000007,e4:b4:8d:df:00:c3,c300df8db4e41eff4c00121964d230965f2c4032736e520f76490b61d72bca3db4db3501c3,-36582.0,65924.0,-80142.0,91654.0,-164365.0,,0,0,0,0,0,1,1,0,ADV_IND,37,37,3,-1,0,-1,-1,3713,32,8,unknown,APPLE,
3321.732000000004,ea:a4:73:28:a1:84,84a12873a4ea1eff4c001219100d889b1cffe2e41faea48a54a6c16adc4e0d0e88ce990184,-25893.0,79864.0,-99593.0,31780.0,-103824.0,,0,0,0,0,0,1,1,0,ADV_IND,37,37,14,-1,0,-1,-1,4191,32,8,unknown,APPLE,
3323.0380000000005,ec:9e:eb:84:32:01,013284eb9eec1eff4c00121900e300bbe1c44c1e38815e26a39619fc231960bbafaf0d0200,-35320.0,68529.0,-92481.0,75417.0,-151575.0,,0,0,0,0,0,1,1,2,ADV_NONCONN_IND,37,37,0,-1,0,-1,-1,1514,32,8,unknown,APPLE,
3323.0380000000005,50:aa:ca:85:78:51,517885caaa500201061916aafe403f35e420d5cb55ccb7c814c1a80704603976ce6544,-2704.0,88025.0,-75152.0,128730.0,-147199.0,,0,0,0,0,0,1,1,0,ADV_IND,35,37,9,-1,0,-1,-1,4410,32,8,unknown,GOOGLE,
3324.852000000013,f0:e3:6f:28:be:f5,f5be286fe3f01eff4c0012191073bb1c1cfa670e8abdd5c8d588443fe6b4c2b802518500f5,-26802.0,66899.0,-105248.0,76831.0,-117904.0,,0,0,0,0,0,1,1,0,ADV_IND,37,37,15,-1,0,-1,-1,1029,32,8,unknown,APPLE,
3328.354000000006,db:48:ac:6f:aa:a1,a1aa6fac48db1eff4c00121964947040aac6a3f191ed59ad260378263273423aa6251a03a1,-19503.0,65361.0,-80257.0,99850.0,-151894.0,,0,0,0,0,0,1,1,0,ADV_IND,37,37,14,-1,0,-1,-1,1217,32,8,unknown,APPLE,
3328.354000000006,f0:e3:6f:28:be:f5,f5be286fe3f01eff4c0012191073bb1c1cfa670e8abdd5c8d588443fe6b4c2b802518500f5,-32364.0,65222.0,-88563.0,63223.0,-117645.0,,0,0,0,0,0,1,1,0,ADV_IND,37,37,3,-1,0,-1,-1,2413,32,7,unknown,APPLE,
3329.928,ec:9e:eb:84:32:01,013284eb9eec1eff4c00121900e300bbe1c44c1e38815e26a39619fc231960bbafaf0d0200,-41196.0,84444.0,-115174.0,100676.0,-151520.0,,0,0,0,0,0,1,1,2,ADV_NONCONN_IND,37,37,8,-1,0,-1,-1,6658,32,8,unknown,APPLE,
3329.928,50:aa:ca:85:78:51,25666c3cf5f41eff4c00121910c4ae7bedf14240cd85e38faa329cbbc7be0f299a6ed70339,-10653.0,79930.0,-100573.0,63517.0,-131403.0,,0,0,0,0,0,1,1,0,ADV_IND,37,37,12,-1,0,-1,-1,977,32,7,unknown,APPLE,f4:f5:3c:6c:66:25
3331.173999999999,ec:9e:eb:84:32:01,013284eb9eec1eff4c00121900e300bbe1c44c1e38815e26a39619fc231960bbafaf0d0200,-13616.0,71150.0,-122349.0,86834.0,-137809.0,,0,0,0,0,0,1,1,2,ADV_NONCONN_IND,37,37,8,-1,0,-1,-1,4621,32,7,unknown,APPLE,
3331.173999999999,f0:e3:6f:28:be:f5,f5be286fe3f01eff4c0012191073bb1c1cfa670e8abdd5c8d588443fe6b4c2b802518500f5,-33138.0,67154.0,-94620.0,79331.0,-150504.0,,0,0,0,0,0,1,1,0,ADV_IND,37,37,10,-1,0,-1,-1,3211,32,8,unknown,APPLE,
3334.247000000003,e7:e8:04:03:80:67,67800304e8e71eff4c001219203bc6e64fc4623d2a555075ce5fc6f8eb0cdbceb652b80067,-37999.0,72468.0,-107697.0,66385.0,-142068.0,,0,0,0,0,0,1,1,0,ADV_IND,37,37,6,-1,0,-1,-1,7343,32,7,unknown,APPLE,
3334.247000000003,ec:9e:eb:84:32:01,013284eb9eec1eff4c00121900e300bbe1c44c1e38815e26a39619fc231960bbafaf0d0200,-32001.0,94181.0,-99078.0,71089.0,-151520.0,,0,0,0,0,0,1,1,2,ADV_NONCONN_IND,37,37,5,-1,0,-1,-1,5607,32,7,unknown,APPLE,
3334.247000000003,d8:57:c4:85:0c:2c,2c0c85c457d81eff4c00121920c8f689ef75b26654e4067ccb12dea31b22598f123767002c,-32012.0,54813.0,-91375.0,80791.0,-103043.0,,0,0,0,0,0,1,1,0,ADV_IND,37,37,5,-1,0,-1,-1,6917,32,7,unknown,APPLE,
3336.071000000011,ec:9e:eb:84:32:01,013284eb9eec1eff4c00121900e300bbe1c44c1e38815e26a39619fc231960bbafaf0d0200,-7955.0,68529.0,-103481.0,58233.0,-143930.0,,0,0,0,0,0,1,1,2,ADV_NONCONN_IND,37,37,2,-1,0,-1,-1,3123,32,8,unknown,APPLE,
3336.071000000011,e4:b4:8d:df:00:c3,c300df8db4e41eff4c00121964d230965f2c4032736e520f76490b61d72bca3db4db3501c3,-11305.0,51532.0,-84536.0,60167.0,-122487.0,,0,0,0,0,0,1,1,0,ADV_IND,37,37,0,-1,0,-1,-1,2123,32,8,unknown,APPLE,
3337.402000000002,db:48:ac:6f:aa:a1,a1aa6fac48db1eff4c00121964947040aac6a3f191ed59ad260378263273423aa6251a03a1,-15531.0,45736.0,-89447.0,80828.0,-134503.0,,0,0,0,0,0,1,1,0,ADV_IND,37,37,10,-1,0,-1,-1,5910,32,8,unknown,APPLE,
3339.0390000000043,50:aa:ca:85:78:51,517885caaa500201061916aafe403f35e420d5cb55ccb7c814c1a80704603976ce6544,2391.0,102783.0,-101653.0,107288.0,-125874.0,,0,0,0,0,0,1,1,0,ADV_IND,35,37,0,-1,0,-1,-1,4274,31,7,unknown,GOOGLE,
3339.0390000000043,e4:b4:8d:df:00:c3,c300df8db4e41eff4c00121964d230965f2c4032736e520f76490b61d72bca3db4db3501c3,-15999.0,65755.0,-87282.0,77980.0,-139972.0,,0,0,0,0,0,1,1,0,ADV_IND,37,37,1,-1,0,-1,-1,7946,32,8,unknown,APPLE,
3341.4660000000003,ea:a4:73:28:a1:84,84a12873a4ea1eff4c001219100d889b1cffe2e41faea48a54a6c16adc4e0d0e88ce990184,-22605.0,78481.0,-92385.0,37575.0,-129126.0,,0,0,0,0,0,1,1,0,ADV_IND,37,37,8,-1,0,-1,-1,5047,32,7,unknown,APPLE,
3341.4660000000003,db:48:ac:6f:aa:a1,a1aa6fac48db1eff4c00121964947040aac6a3f191ed59ad260378263273423aa6251a03a1,-23736.0,66618.0,-93273.0,84919.0,-134101.0,,0,0,0,0,0,1,1,0,ADV_IND,37,37,3,-1,0,-1,-1,5281,32,7,unknown,APPLE,
3343.0790000000125,50:aa:ca:85:78:51,517885caaa500201061916aafe403f35e420d5cb55ccb7c814c1a80704603976ce6544,-11773.0,105621.0,-96494.0,113906.0,-134629.0,,0,0,0,0,0,1,1,0,ADV_IND,35,37,9,-1,0,-1,-1,7952,32,7,unknown,GOOGLE,
3344.6760000000068,c8:26:11:f1:4d:11,114df11126c81eff4c00121920b7affd86d4d2dbe0ee84723cba33d1fd634357c1fa980011,-8186.0,58711.0,-83518.0,85040.0,-71817.0,,0,0,0,0,0,1,1,0,ADV_IND,37,37,7,-1,0,-1,-1,6131,32,8,unknown,APPLE,
3348.561000000001,50:aa:ca:85:78:51,517885caaa500201061916aafe403f35e420d5cb55ccb7c814c1a80704603976ce6544,-20304.0,136099.0,-110675.0,112900.0,-150794.0,,0,0,0,0,0,1,1,0,ADV_IND,35,37,14,-1,0,-1,-1,2402,31,8,unknown,GOOGLE,
3350.291000000012,50:aa:ca:85:78:51,25666c3cf5f41eff4c00121910c4ae7bedf14240cd85e38faa329cbbc7be0f299a6ed70339,-38426.0,89596.0,-105389.0,94067.0,-136953.0,,0,0,0,0,0,1,1,0,ADV_IND,37,37,0,-1,0,-1,-1,4340,32,8,unknown,APPLE,f4:f5:3c:6c:66:25
3351.798999999999,db:48:ac:6f:aa:a1,a1aa6fac48db1eff4c00121964947040aac6a3f191ed59ad260378263273423aa6251a03a1,-20023.0,60389.0,-78084.0,74502.0,-117267.0,,0,0,0,0,0,1,1,0,ADV_IND,37,37,10,-1,0,-1,-1,3760,32,7,unknown,APPLE,
3353.643000000011,db:48:ac:6f:aa:a1,a1aa6fac48db1eff4c00121964947040aac6a3f191ed59ad260378263273423aa6251a03a1,-22588.0,60056.0,-90652.0,95923.0,-127873.0,,0,0,0,0,0,1,1,0,ADV_IND,37,37,8,-1,0,-1,-1,3899,32,8,unknown,APPLE,
3353.643000000011,e4:b4:8d:df:00:c3,c300df8db4e41eff4c00121964d230965f2c4032736e520f76490b61d72bca3db4db3501c3,-6245.0,55989.0,-85491.0,58684.0,-115448.0,,0,0,0,0,0,1,1,0,ADV_IND,37,37,1,-1,0,-1,-1,6394,31,8,unknown,APPLE,
3353.643000000011,50:aa:ca:85:78:51,517885caaa500201061916aafe403f35e420d5cb55ccb7c814c1a80704603976ce6544,9550.0,84805.0,-88165.0,86676.0,-119047.0,,0,0,0,0,0,1,1,0,ADV_IND,35,37,10,-1,0,-1,-1,4712,32,8,unknown,GOOGLE,
3353.643000000011,f0:e3:6f:28:be:f5,f5be286fe3f01eff4c0012191073bb1c1cfa670e8abdd5c8d588443fe6b4c2b802518500f5,-30790.0,70820.0,-110243.0,64979.0,-97785.0,,0,0,0,0,0,1,1,0,ADV_IND,37,37,13,-1,0,-1,-1,5336,32,8,unknown,APPLE,
3355.349000000002,ea:a4:73:28:a1:84,84a12873a4ea1eff4c001219100d889b1cffe2e41faea48a54a6c16adc4e0d0e88ce990184,-21671.0,73666.0,-103130.0,53849.0,-141085.0,,0,0,0,0,0,1,1,0,ADV_IND,37,37,0,-1,0,-1,-1,6662,32,8,unknown,APPLE,
3357.0320000000065,50:aa:ca:85:78:51,517885caaa500201061916aafe403f35e420d5cb55ccb7c814c1a80704603976ce6544,0.0,84238.0,-99044.0,128376.0,-124408.0,,0,0,0,0,0,1,1,0,ADV_IND,35,37,11,-1,0,-1,-1,3422,32,8,unknown,GOOGLE,
3357.0320000000065,d8:57:c4:85:0c:2c,2c0c85c457d81eff4c00121920c8f689ef75b26654e4067ccb12dea31b22598f123767002c,-46924.0,50087.0,-90543.0,75330.0,-108242.0,,0,0,0,0,0,1,1,0,ADV_IND,37,37,11,-1,0,-1,-1,5975,32,8,unknown,APPLE,
3360.050000000003,db:48:ac:6f:aa:a1,a1aa6fac48db1eff4c00121964947040aac6a3f191ed59ad260378263273423aa6251a03a1,-7388.0,76030.0,-96105.0,102978.0,-151963.0,,0,0,0,0,0,1,1,0,ADV_IND,37,37,12,-1,0,-1,-1,2532,31,8,unknown,APPLE,
3360.050000000003,f0:e3:6f:28:be:f5,f5be286fe3f01eff4c0012191073bb1c1cfa670e8abdd5c8d588443fe6b4c2b802518500f5,-11836.0,71693.0,-107107.0,61114.0,-123315.0,,0,0,0,0,0,1,1,0,ADV_IND,37,37,15,-1,0,-1,-1,6638,31,7,unknown,APPLE,
3361.527000000002,fa:97:06:e7:da:9f,9fdae70697fa1eff4c00121900d58693d77db18d74e91eac273372d237fff17b0fb79b0000,-37115.0,81507.0,-103251.0,86104.0,-142599.0,,0,0,0,0,0,1,1,2,ADV_NONCONN_IND,37,37,4,-1,0,-1,-1,4111,32,8,unknown,APPLE,
3363.077000000005,d8:57:c4:85:0c:2c,2c0c85c457d81eff4c00121920c8f689ef75b26654e4067ccb12dea31b22598f123767002c,-35828.0,95606.0,-104113.0,79511.0,-140221.0,,0,0,0,0,0,1,1,0,ADV_IND,37,37,5,-1,0,-1,-1,4119,32,8,unknown,APPLE,
3364.826000000001,50:aa:ca:85:78:51,517885caaa500201061916aafe403f35e420d5cb55ccb7c814c1a80704603976ce6544,-5212.0,107450.0,-133500.0,129397.0,-143969.0,,0,0,0,0,0,1,1,0,ADV_IND,35,37,13,-1,0,-1,-1,5389,32,8,unknown,GOOGLE,
3366.1900000000023,ea:a4:73:28:a1:84,84a12873a4ea1eff4c001219100d889b1cffe2e41faea48a54a6c16adc4e0d0e88ce990184,-13743.0,81849.0,-110250.0,65952.0,-141863.0,,0,0,0,0,0,1,1,0,ADV_IND,37,37,4,-1,0,-1,-1,2436,31,7,unknown,APPLE,
3367.670000000013,fa:97:06:e7:da:9f,9fdae70697fa1eff4c00121900d58693d77db18d74e91eac273372d237fff17b0fb79b0000,-27459.0,42825.0,-98659.0,53008.0,-91910.0,,0,0,0,0,0,1,1,2,ADV_NONCONN_IND,37,37,14,-1,0,-1,-1,3303,32,8,unknown,APPLE,
3367.670000000013,ec:9e:eb:84:32:01,013284eb9eec1eff4c00121900e300bbe1c44c1e38815e26a39619fc231960bbafaf0d0200,-35363.0,60816.0,-84358.0,65433.0,-151057.0,,0,0,0,0,0,1,1,2,ADV_NONCONN_IND,37,37,10,-1,0,-1,-1,4283,31,8,unknown,APPLE,
3369.069000000003,ec:9e:eb:84:32:01,013284eb9eec1eff4c00121900e300bbe1c44c1e38815e26a39619fc231960bbafaf0d0200,-32964.0,59446.0,-89902.0,77046.0,-145555.0,,0,0,0,0,0,1,1,2,ADV_NONCONN_IND,37,37,4,-1,0,-1,-1,5769,32,7,unknown,APPLE,
3369.069000000003,50:aa:ca:85:78:51,517885caaa500201061916aafe403f35e420d5cb55ccb7c814c1a80704603976ce6544,-7373.0,109533.0,-87391.0,112749.0,-117445.0,,0,0,0,0,0,1,1,0,ADV_IND,35,37,5,-1,0,-1,-1,5431,32,8,unknown,GOOGLE,
3374.626000000004,fa:97:06:e7:da:9f,9fdae70697fa1eff4c00121900d58693d77db18d74e91eac273372d237fff17b0fb79b0000,-29335.0,54857.0,-104291.0,69332.0,-108044.0,,0,0,0,0,0,1,1,2,ADV_NONCONN_IND,37,37,6,-1,0,-1,-1,4954,32,8,unknown,APPLE,
3374.626000000004,e4:b4:8d:df:00:c3,c300df8db4e41eff4c00121964d230965f2c4032736e520f76490b61d72bca3db4db3501c3,-26259.0,56619.0,-98634.0,82169.0,-137358.0,,0,0,0,0,0,1,1,0,ADV_IND,37,37,6,-1,0,-1,-1,3964,32,8,unknown,APPLE,
3377.467000000004,ea:a4:73:28:a1:84,25666c3cf5f41eff4c00121910c4ae7bedf14240cd85e38faa329cbbc7be0f299a6ed70339,-38055.0,115277.0,-96380.0,90246.0,-144040.0,,0,0,0,0,0,1,1,0,ADV_IND,37,37,0,-1,0,-1,-1,5253,28,7,unknown,APPLE,f4:f5:3c:6c:66:25
3379.0650000000023,e7:e8:04:03:80:67,67800304e8e71eff4c001219203bc6e64fc4623d2a555075ce5fc6f8eb0cdbceb652b80067,-42704.0,90445.0,-108884.0,68171.0,-135390.0,,0,0,0,0,0,1,1,0,ADV_IND,37,37,7,-1,0,-1,-1,3043,31,7,unknown,APPLE,
3379.0650000000023,c8:26:11:f1:4d:11,114df11126c81eff4c00121920b7affd86d4d2dbe0ee84723cba33d1fd634357c1fa980011,-17763.0,75936.0,-70878.0,79182.0,-96529.0,,0,0,0,0,0,1,1,0,ADV_IND,37,37,12,-1,0,-1,-1,5978,31,8,unknown,APPLE,
3380.5330000000104,50:aa:ca:85:78:51,517885caaa500201061916aafe403f35e420d5cb55ccb7c814c1a80704603976ce6544,-2986.0,88734.0,-114092.0,124927.0,-137101.0,,0,0,0,0,0,1,1,0,ADV_IND,35,37,0,-1,0,-1,-1,1386,32,8,unknown,GOOGLE,
3380.5330000000104,c8:26:11:f1:4d:11,114df11126c81eff4c00121920b7affd86d4d2dbe0ee84723cba33d1fd634357c1fa980011,-16239.0,81247.0,-62453.0,69835.0,-90476.0,,0,0,0,0,0,1,1,0,ADV_IND,37,37,4,-1,0,-1,-1,4112,32,8,unknown,APPLE,
3382.425000000003,50:aa:ca:85:78:51,517885caaa500201061916aafe403f35e420d5cb55ccb7c814c1a80704603976ce6544,-4601.0,90164.0,-96725.0,100436.0,-116939.0,,0,0,0,0,0,1,1,0,ADV_IND,35,37,2,-1,0,-1,-1,6919,32,8,unknown,GOOGLE,
3384.076000000001,fa:97:06:e7:da:9f,9fdae70697fa1eff4c00121900d58693d77db18d74e91eac273372d237fff17b0fb79b0000,-32946.0,68876.0,-102129.0,76395.0,-132537.0,,0,0,0,0,0,1,1,2,ADV_NONCONN_IND,37,37,7,-1,0,-1,-1,4812,32,7,unknown,APPLE,
3387.178,d8:57:c4:85:0c:2c,2c0c85c457d81eff4c00121920c8f689ef75b26654e4067ccb12dea31b22598f123767002c,-36874.0,70585.0,-90708.0,86504.0,-140188.0,,0,0,0,0,0,1,1,0,ADV_IND,37,37,11,-1,0,-1,-1,4346,32,8,unknown,APPLE,
3387.178,fa:97:06:e7:da:9f,9fdae70697fa1eff4c00121900d58693d77db18d74e91eac273372d237fff17b0fb79b0000,-48120.0,46048.0,-85464.0,84880.0,-134377.0,,0,0,0,0,0,1,1,2,ADV_NONCONN_IND,37,37,9,-1,0,-1,-1,1752,32,8,unknown,APPLE,
3387.178,c8:26:11:f1:4d:11,114df11126c81eff4c00121920b7affd86d4d2dbe0ee84723cba33d1fd634357c1fa980011,0.0,84753.0,-66153.0,61601.0,-85748.0,,0,0,0,0,0,1,1,0,ADV_IND,37,37,15,-1,0,-1,-1,6544,32,8,unknown,APPLE,
3387.178,e4:b4:8d:df:00:c3,c300df8db4e41eff4c00121964d230965f2c4032736e520f76490b61d72bca3db4db3501c3,-18341.0,56509.0,-83371.0,80918.0,-147820.0,,0,0,0,0,0,1,1,0,ADV_IND,37,37,13,-1,0,-1,-1,2978,32,8,unknown,APPLE,
3388.379000000001,50:aa:ca:85:78:51,517885caaa500201061916aafe403f35e420d5cb55ccb7c814c1a80704603976ce6544,9648.0,73926.0,-99416.0,116407.0,-109967.0,,0,0,0,0,0,1,1,0,ADV_IND,35,37,3,-1,0,-1,-1,1689,32,8,unknown,GOOGLE,
3389.074000000008,ec:9e:eb:84:32:01,013284eb9eec1eff4c00121900e300bbe1c44c1e38815e26a39619fc231960bbafaf0d0200,-17606.0,79661.0,-104643.0,42996.0,-152757.0,,0,0,0,0,0,1,1,2,ADV_NONCONN_IND,37,37,14,-1,0,-1,-1,3470,32,8,unknown,APPLE,
3390.665000000008,e4:b4:8d:df:00:c3,c300df8db4e41eff4c00121964d230965f2c4032736e520f76490b61d72bca3db4db3501c3,-30525.0,63304.0,-98788.0,77212.0,-135837.0,,0,0,0,0,0,1,1,0,ADV_IND,37,37,1,-1,0,-1,-1,3360,32,8,unknown,APPLE,
3391.2110000000102,ec:9e:eb:84:32:01,013284eb9eec1eff4c00121900e300bbe1c44c1e38815e26a39619fc231960bbafaf0d0200,-43289.0,103637.0,-119810.0,96887.0,-146675.0,,0,0,0,0,0,1,1,2,ADV_NONCONN_IND,37,37,14,-1,0,-1,-1,5470,31,7,unknown,APPLE,
3393.120999999999,50:aa:ca:85:78:51,517885caaa500201061916aafe403f35e420d5cb55ccb7c814c1a80704603976ce6544,0.0,95172.0,-100482.0,102699.0,-119684.0,,0,0,0,0,0,1,1,0,ADV_IND,35,37,2,-1,0,-1,-1,4622,32,8,unknown,GOOGLE,
3393.120999999999,d8:57:c4:85:0c:2c,2c0c85c457d81eff4c00121920c8f689ef75b26654e4067ccb12dea31b22598f123767002c,-46485.0,102510.0,-77743.0,58614.0,-135337.0,,0,0,0,0,0,1,1,0,ADV_IND,37,37,3,-1,0,-1,-1,6942,32,8,unknown,APPLE,
3394.7780000000057,c8:26:11:f1:4d:11,114df11126c81eff4c00121920b7affd86d4d2dbe0ee84723cba33d1fd634357c1fa980011,-15716.0,113153.0,-84077.0,97385.0,-97374.0,,0,0,0,0,0,1,1,0,ADV_IND,37,37,11,-1,0,-1,-1,5101,32,8,unknown,APPLE,
3394.7780000000057,e4:b4:8d:df:00:c3,c300df8db4e41eff4c00121964d230965f2c4032736e520f76490b61d72bca3db4db3501c3,-7320.0,61740.0,-102204.0,81112.0,-130655.0,,0,0,0,0,0,1,1,0,ADV_IND,37,37,15,-1,0,-1,-1,2681,32,8,unknown,APPLE,
3394.7780000000057,f0:e3:6f:28:be:f5,f5be286fe3f01eff4c0012191073bb1c1cfa670e8abdd5c8d588443fe6b4c2b802518500f5,-48059.0,76317.0,-86600.0,63153.0,-140070.0,,0,0,0,0,0,1,1,0,ADV_IND,37,37,9,-1,0,-1,-1,4895,32,8,unknown,APPLE,
3396.412000000011,50:aa:ca:85:78:51,517885caaa500201061916aafe403f35e420d5cb55ccb7c814c1a80704603976ce6544,-12429.0,94631.0,-88983.0,93385.0,-124496.0,,0,0,0,0,0,1,1,0,ADV_IND,35,37,12,-1,0,-1,-1,4403,32,8,unknown,GOOGLE,
3396.412000000011,ec:9e:eb:84:32:01,013284eb9eec1eff4c00121900e300bbe1c44c1e38815e26a39619fc231960bbafaf0d0200,-16204.0,91305.0,-115505.0,48001.0,-144575.0,,0,0,0,0,0,1,1,2,ADV_NONCONN_IND,37,37,15,-1,0,-1,-1,7547,31,7,unknown,APPLE,
3399.1900000000023,ec:9e:eb:84:32:01,013284eb9eec1eff4c00121900e300bbe1c44c1e38815e26a39619fc231960bbafaf0d0200,-32615.0,75677.0,-112245.0,80295.0,-124767.0,,0,0,0,0,0,1,1,2,ADV_NONCONN_IND,37,37,0,-1,0,-1,-1,4176,31,7,unknown,APPLE,
3399.1900000000023,f0:e3:6f:28:be:f5,f5be286fe3f01eff4c0012191073bb1c1cfa670e8abdd5c8d588443fe6b4c2b802518500f5,-31340.0,74947.0,-89692.0,58791.0,-104123.0,,0,0,0,0,0,1,1,0,ADV_IND,37,37,8,-1,0,-1,-1,5030,32,8,unknown,APPLE,
3399.1900000000023,ea:a4:73:28:a1:84,84a12873a4ea1eff4c001219100d889b1cffe2e41faea48a54a6c16adc4e0d0e88ce990184,-27847.0,106543.0,-115523.0,75053.0,-135260.0,,0,0,0,0,0,1,1,0,ADV_IND,37,37,0,-1,0,-1,-1,2079,32,7,unknown,APPLE,
3399.1900000000023,ea:a4:73:28:a1:84,25666c3cf5f41eff4c00121910c4ae7bedf14240cd85e38faa329cbbc7be0f299a6ed70339,-15934.0,106718.0,-122497.0,95458.0,-145991.0,,0,0,0,0,0,1,1,0,ADV_IND,37,37,11,-1,0,-1,-1,2853,29,7,unknown,APPLE,f4:f5:3c:6c:66:25
3401.832000000009,ec:9e:eb:84:32:01,013284eb9eec1eff4c00121900e300bbe1c44c1e38815e26a39619fc231960bbafaf0d0200,-29967.0,58287.0,-107937.0,52457.0,-113951.0,,0,0,0,0,0,1,1,2,ADV_NONCONN_IND,37,37,12,-1,0,-1,-1,8004,32,8,unknown,APPLE,
3403.627000000008,c8:26:11:f1:4d:11,114df11126c81eff4c00121920b7affd86d4d2dbe0ee84723cba33d1fd634357c1fa980011,-12735.0,100835.0,-77160.0,81540.0,-114870.0,,0,0,0,0,0,1,1,0,ADV_IND,37,37,6,-1,0,-1,-1,1802,32,7,unknown,APPLE,
3403.627000000008,fa:97:06:e7:da:9f,9fdae70697fa1eff4c00121900d58693d77db18d74e91eac273372d237fff17b0fb79b0000,-28218.0,39931.0,-90402.0,70724.0,-117934.0,,0,0,0,0,0,1,1,2,ADV_NONCONN_IND,37,37,0,-1,0,-1,-1,4132,32,8,unknown,APPLE,
3404.948000000004,c8:26:11:f1:4d:11,114df11126c81eff4c00121920b7affd86d4d2dbe0ee84723cba33d1fd634357c1fa980011,-13439.0,82160.0,-66248.0,75006.0,-78938.0,,0,0,0,0,0,1,1,0,ADV_IND,37,37,13,-1,0,-1,-1,5800,32,8,unknown,APPLE,
3406.363000000012,f0:e3:6f:28:be:f5,f5be286fe3f01eff4c0012191073bb1c1cfa670e8abdd5c8d588443fe6b4c2b802518500f5,-31533.0,79481.0,-115748.0,88932.0,-138975.0,,0,0,0,0,0,1,1,0,ADV_IND,37,37,12,-1,0,-1,-1,3541,32,8,unknown,APPLE,
3407.2660000000037,fa:97:06:e7:da:9f,9fdae70697fa1eff4c00121900d58693d77db18d74e91eac273372d237fff17b0fb79b0000,-50118.0,72605.0,-95483.0,83093.0,-145897.0,,0,0,0,0,0,1,1,2,ADV_NONCONN_IND,37,37,8,-1,0,-1,-1,1194,32,8,unknown,APPLE,
3407.2660000000037,c8:26:11:f1:4d:11,114df11126c81eff4c00121920b7affd86d4d2dbe0ee84723cba33d1fd634357c1fa980011,-19301.0,105647.0,-78587.0,75733.0,-111234.0,,0,0,0,0,0,1,1,0,ADV_IND,37,37,7,-1,0,-1,-1,2229,30,7,unknown,APPLE,
3408.849000000002,50:aa:ca:85:78:51,517885caaa500201061916aafe403f35e420d5cb55ccb7c814c1a80704603976ce6544,-11436.0,108401.0,-86534.0,113744.0,-143473.0,,0,0,0,0,0,1,1,0,ADV_IND,35,37,14,-1,0,-1,-1,4296,32,8,unknown,GOOGLE,
3408.849000000002,e4:b4:8d:df:00:c3,c300df8db4e41eff4c00121964d230965f2c4032736e520f76490b61d72bca3db4db3501c3,-16322.0,62554.0,-88542.0,78933.0,-142107.0,,0,0,0,0,0,1,1,0,ADV_IND,37,37,10,-1,0,-1,-1,7338,32,8,unknown,APPLE,
3409.0810000000056,db:48:ac:6f:aa:a1,a1aa6fac48db1eff4c00121964947040aac6a3f191ed59ad260378263273423aa6251a03a1,-25474.0,56229.0,-84565.0,80037.0,-133022.0,,0,0,0,0,0,1,1,0,ADV_IND,37,37,7,-1,0,-1,-1,6375,32,8,unknown,APPLE,
3410.990000000005,50:aa:ca:85:78:51,517885caaa500201061916aafe403f35e420d5cb55ccb7c814c1a80704603976ce6544,-1096.0,112877.0,-100180.0,109389.0,-150147.0,,0,0,0,0,0,1,1,0,ADV_IND,35,37,6,-1,0,-1,-1,4078,28,8,unknown,GOOGLE,
3410.990000000005,ec:9e:eb:84:32:01,013284eb9eec1eff4c00121900e300bbe1c44c1e38815e26a39619fc231960bbafaf0d0200,-22505.0,59656.0,-97135.0,70865.0,-132389.0,,0,0,0,0,0,1,1,2,ADV_NONCONN_IND,37,37,3,-1,0,-1,-1,4972,32,8,unknown,APPLE,
3411.9990000000107,f0:e3:6f:28:be:f5,f5be286fe3f01eff4c0012191073bb1c1cfa670e8abdd5c8d588443fe6b4c2b802518500f5,-34417.0,71113.0,-87607.0,67476.0,-119104.0,,0,0,0,0,0,1,1,0,ADV_IND,37,37,11,-1,0,-1,-1,7440,32,8,unknown,APPLE,
3412.8910000000037,e4:b4:8d:df:00:c3,c300df8db4e41eff4c00121964d230965f2c4032736e520f76490b61d72bca3db4db3501c3,-6552.0,40351.0,-82798.0,62363.0,-126466.0,,0,0,0,0,0,1,1,0,ADV_IND,37,37,7,-1,0,-1,-1,972,32,8,unknown,APPLE,
3412.8910000000037,db:48:ac:6f:aa:a1,a1aa6fac48db1eff4c00121964947040aac6a3f191ed59ad260378263273423aa6251a03a1,-17248.0,57594.0,-85685.0,77453.0,-140400.0,,0,0,0,0,0,1,1,0,ADV_IND,37,37,10,-1,0,-1,-1,1364,32,7,unknown,APPLE,
3414.386000000013,d8:57:c4:85:0c:2c,2c0c85c457d81eff4c00121920c8f689ef75b26654e4067ccb12dea31b22598f123767002c,-24733.0,50142.0,-86027.0,84121.0,-101720.0,,0,0,0,0,0,1,1,0,ADV_IND,37,37,10,-1,0,-1,-1,1810,32,8,unknown,APPLE,
3414.386000000013,50:aa:ca:85:78:51,517885caaa500201061916aafe403f35e420d5cb55ccb7c814c1a80704603976ce6544,7264.0,82426.0,-101775.0,110708.0,-112448.0,,0,0,0,0,0,1,1,0,ADV_IND,35,37,4,-1,0,-1,-1,5219,32,8,unknown,GOOGLE,
3415.0050000000047,e3:c3:49:4d:f4:ae,aef44d49c3e31eff4c001219644e0af447121b0d511651f658eb393692577432a84ea902ae,-29121.0,53976.0,-93253.0,56569.0,-150025.0,,0,0,0,0,0,1,1,0,ADV_IND,37,37,6,-1,0,-1,-1,4193,32,7,unknown,APPLE,
3415.0050000000047,c8:26:11:f1:4d:11,114df11126c81eff4c00121920b7affd86d4d2dbe0ee84723cba33d1fd634357c1fa980011,-26790.0,84091.0,-65329.0,83330.0,-103368.0,,0,0,0,0,0,1,1,0,ADV_IND,37,37,9,-1,0,-1,-1,3964,32,8,unknown,APPLE,
3415.0050000000047,fa:97:06:e7:da:9f,9fdae70697fa1eff4c00121900d58693d77db18d74e91eac273372d237fff17b0fb79b0000,-15278.0,57766.0,-127633.0,85587.0,-143392.0,,0,0,0,0,0,1,1,2,ADV_NONCONN_IND,37,37,14,-1,0,-1,-1,3350,31,8,unknown,APPLE,
3415.0050000000047,db:48:ac:6f:aa:a1,a1aa6fac48db1eff4c00121964947040aac6a3f191ed59ad260378263273423aa6251a03a1,-9488.0,39093.0,-77712.0,85824.0,-141903.0,,0,0,0,0,0,1,1,0,ADV_IND,37,37,5,-1,0,-1,-1,7496,31,7,unknown,APPLE,
3416.436000000001,50:aa:ca:85:78:51,517885caaa500201061916aafe403f35e420d5cb55ccb7c814c1a80704603976ce6544,2461.0,112294.0,-106402.0,108296.0,-146417.0,,0,0,0,0,0,1,1,0,ADV_IND,35,37,1,-1,0,-1,-1,8022,32,8,unknown,GOOGLE,
3420.439000000013,50:aa:ca:85:78:51,517885caaa500201061916aafe403f35e420d5cb55ccb7c814c1a80704603976ce6544,-18684.0,110487.0,-84287.0,103235.0,-138109.0,,0,0,0,0,0,1,1,0,ADV_IND,35,37,10,-1,0,-1,-1,5158,32,8,unknown,GOOGLE,
3421.488000000012,c8:26:11:f1:4d:11,114df11126c81eff4c00121920b7affd86d4d2dbe0ee84723cba33d1fd634357c1fa980011,-10335.0,96285.0,-80336.0,98249.0,-121838.0,,0,0,0,0,0,1,1,0,ADV_IND,37,37,14,-1,0,-1,-1,3397,32,8,unknown,APPLE,
3423.168000000005,ea:a4:73:28:a1:84,84a12873a4ea1eff4c001219100d889b1cffe2e41faea48a54a6c16adc4e0d0e88ce990184,-21478.0,58087.0,-99531.0,61478.0,-119002.0,,0,0,0,0,0,1,1,0,ADV_IND,37,37,13,-1,0,-1,-1,3205,32,8,unknown,APPLE,
3423.168000000005,50:aa:ca:85:78:51,517885caaa500201061916aafe403f35e420d5cb55ccb7c814c1a80704603976ce6544,4032.0,85695.0,-97336.0,94199.0,-117943.0,,0,0,0,0,0,1,1,0,ADV_IND,35,37,1,-1,0,-1,-1,4596,32,8,unknown,GOOGLE,
3424.6630000000005,d8:57:c4:85:0c:2c,2c0c85c457d81eff4c00121920c8f689ef75b26654e4067ccb12dea31b22598f123767002c,-37558.0,56231.0,-104806.0,89975.0,-101410.0,,0,0,0,0,0,1,1,0,ADV_IND,37,37,14,-1,0,-1,-1,7731,32,7,unknown,APPLE,
3426.136000000013,ea:a4:73:28:a1:84,84a12873a4ea1eff4c001219100d889b1cffe2e41faea48a54a6c16adc4e0d0e88ce990184,-19439.0,83966.0,-110851.0,64666.0,-132362.0,,0,0,0,0,0,1,1,0,ADV_IND,37,37,2,-1,0,-1,-1,5422,32,8,unknown,APPLE,
3426.136000000013,ec:9e:eb:84:32:01,013284eb9eec1eff4c00121900e300bbe1c44c1e38815e26a39619fc231960bbafaf0d0200,-33274.0,43244.0,-92005.0,93666.0,-151068.0,,0,0,0,0,0,1,1,2,ADV_NONCONN_IND,37,37,10,-1,0,-1,-1,2927,32,8,unknown,APPLE,
3426.136000000013,fa:97:06:e7:da:9f,9fdae70697fa1eff4c00121900d58693d77db18d74e91eac273372d237fff17b0fb79b0000,-21566.0,40418.0,-101669.0,66240.0,-112810.0,,0,0,0,0,0,1,1,2,ADV_NONCONN_IND,37,37,13,-1,0,-1,-1,1930,32,8,unknown,APPLE,
3427.4590000000026,fa:97:06:e7:da:9f,9fdae70697fa1eff4c00121900d58693d77db18d74e91eac273372d237fff17b0fb79b0000,-22581.0,94532.0,-117530.0,77410.0,-114527.0,,0,0,0,0,0,1,1,2,ADV_NONCONN_IND,37,37,6,-1,0,-1,-1,2414,32,8,unknown,APPLE,
3427.4590000000026,ea:a4:73:28:a1:84,84a12873a4ea1eff4c001219100d889b1cffe2e41faea48a54a6c16adc4e0d0e88ce990184,-13244.0,76840.0,-104692.0,68641.0,-126147.0,,0,0,0,0,0,1,1,0,ADV_IND,37,37,11,-1,0,-1,-1,5862,32,8,unknown,APPLE,
3429.1510000000126,50:aa:ca:85:78:51,517885caaa500201061916aafe403f35e420d5cb55ccb7c814c1a80704603976ce6544,12998.0,81770.0,-117241.0,134273.0,-139955.0,,0,0,0,0,0,1,1,0,ADV_IND,35,37,6,-1,0,-1,-1,4185,32,8,unknown,GOOGLE,
3429.1510000000126,fa:97:06:e7:da:9f,9fdae70697fa1eff4c00121900d58693d77db18d74e91eac273372d237fff17b0fb79b0000,-25129.0,72154.0,-105970.0,80439.0,-137357.0,,0,0,0,0,0,1,1,2,ADV_NONCONN_IND,37,37,13,-1,0,-1,-1,2020,32,8,unknown,APPLE,
3430.563000000009,ea:a4:73:28:a1:84,84a12873a4ea1eff4c001219100d889b1cffe2e41faea48a54a6c16adc4e0d0e88ce990184,-24909.0,77440.0,-102607.0,62231.0,-116317.0,,0,0,0,0,0,1,1,0,ADV_IND,37,37,10,-1,0,-1,-1,1786,32,8,unknown,APPLE,
3430.563000000009,50:aa:ca:85:78:51,517885caaa500201061916aafe403f35e420d5cb55ccb7c814c1a80704603976ce6544,-1438.0,99147.0,-99828.0,102053.0,-125908.0,,0,0,0,0,0,1,1,0,ADV_IND,35,37,4,-1,0,-1,-1,4404,32,8,unknown,GOOGLE,
3435.1640000000043,e3:c3:49:4d:f4:ae,aef44d49c3e31eff4c001219644e0af447121b0d511651f658eb393692577432a84ea902ae,-17179.0,70019.0,-104155.0,94675.0,-166878.0,,0,0,0,0,0,1,1,0,ADV_IND,37,37,12,-1,0,-1,-1,3907,30,8,unknown,APPLE,
3435.1640000000043,ea:a4:73:28:a1:84,84a12873a4ea1eff4c001219100d889b1cffe2e41faea48a54a6c16adc4e0d0e88ce990184,-20795.0,101194.0,-96349.0,55366.0,-136577.0,,0,0,0,0,0,1,1,0,ADV_IND,37,37,14,-1,0,-1,-1,4136,32,8,unknown,APPLE,
3436.9830000000075,50:aa:ca:85:78:51,517885caaa500201061916aafe403f35e420d5cb55ccb7c814c1a80704603976ce6544,-15926.0,110612.0,-111546.0,121249.0,-149704.0,,0,0,0,0,0,1,1,0,ADV_IND,35,37,6,-1,0,-1,-1,6251,31,8,unknown,GOOGLE,
3436.9830000000075,c8:26:11:f1:4d:11,114df11126c81eff4c00121920b7affd86d4d2dbe0ee84723cba33d1fd634357c1fa980011,-7886.0,109849.0,-84320.0,73998.0,-115123.0,,0,0,0,0,0,1,1,0,ADV_IND,37,37,12,-1,0,-1,-1,5191,32,7,unknown,APPLE,
3436.9830000000075,ec:9e:eb:84:32:01,013284eb9eec1eff4c00121900e300bbe1c44c1e38815e26a39619fc231960bbafaf0d0200,-9323.0,66703.0,-104507.0,70013.0,-168438.0,,0,0,0,0,0,1,1,2,ADV_NONCONN_IND,37,37,4,-1,0,-1,-1,2593,32,8,unknown,APPLE,
3439.2570000000123,ea:a4:73:28:a1:84,84a12873a4ea1eff4c001219100d889b1cffe2e41faea48a54a6c16adc4e0d0e88ce990184,-20104.0,104324.0,-117739.0,74203.0,-152427.0,,0,0,0,0,0,1,1,0,ADV_IND,37,37,3,-1,0,-1,-1,3981,31,8,unknown,APPLE,
3441.0810000000056,50:aa:ca:85:78:51,517885caaa500201061916aafe403f35e420d5cb55ccb7c814c1a80704603976ce6544,-20819.0,93675.0,-66697.0,100828.0,-149337.0,,0,0,0,0,0,1,1,0,ADV_IND,35,37,0,-1,0,-1,-1,3498,32,8,unknown,GOOGLE,
3441.0810000000056,e6:d5:da:7c:2a:c7,25666c3cf5f41eff4c00121910c4ae7bedf14240cd85e38faa329cbbc7be0f299a6ed70339,-26415.0,81220.0,-89058.0,87377.0,-126253.0,,0,0,0,0,0,1,1,0,ADV_IND,37,37,12,-1,0,-1,-1,2007,31,8,unknown,APPLE,f4:f5:3c:6c:66:25
3441.0810000000056,ec:9e:eb:84:32:01,013284eb9eec1eff4c00121900e300bbe1c44c1e38815e26a39619fc231960bbafaf0d0200,-24964.0,62072.0,-97299.0,78871.0,-157923.0,,0,0,0,0,0,1,1,2,ADV_NONCONN_IND,37,37,12,-1,0,-1,-1,988,32,7,unknown,APPLE,
3443.004000000001,ec:9e:eb:84:32:01,013284eb9eec1eff4c00121900e300bbe1c44c1e38815e26a39619fc231960bbafaf0d0200,-29716.0,83831.0,-109574.0,83533.0,-154202.0,,0,0,0,0,0,1,1,2,ADV_NONCONN_IND,37,37,9,-1,0,-1,-1,8026,30,7,unknown,APPLE,
3443.004000000001,50:aa:ca:85:78:51,517885caaa500201061916aafe403f35e420d5cb55ccb7c814c1a80704603976ce6544,8168.0,100203.0,-103841.0,98693.0,-122647.0,,0,0,0,0,0,1,1,0,ADV_IND,35,37,9,-1,0,-1,-1,2966,32,8,unknown,GOOGLE,
3446.173999999999,ea:a4:73:28:a1:84,84a12873a4ea1eff4c001219100d889b1cffe2e41faea48a54a6c16adc4e0d0e88ce990184,-12786.0,75864.0,-105845.0,70738.0,-150295.0,,0,0,0,0,0,1,1,0,ADV_IND,37,37,3,-1,0,-1,-1,1961,32,8,unknown,APPLE,
3448.930000000008,fd:9c:8b:c6:1f:52,521fc68b9cfd1eff4c00121900f9c5aa64750d5d37dc4b82dae0165a01d08c2b70cc760300,-25502.0,76639.0,-117669.0,96776.0,-138272.0,,0,0,0,0,0,1,1,2,ADV_NONCONN_IND,37,37,6,-1,0,-1,-1,2943,32,8,unknown,APPLE,
3449.886000000013,ec:9e:eb:84:32:01,013284eb9eec1eff4c00121900e300bbe1c44c1e38815e26a39619fc231960bbafaf0d0200,-31920.0,66866.0,-102269.0,71207.0,-112302.0,,0,0,0,0,0,1,1,2,ADV_NONCONN_IND,37,37,14,-1,0,-1,-1,6894,32,8,unknown,APPLE,
3449.886000000013,db:48:ac:6f:aa:a1,a1aa6fac48db1eff4c00121964947040aac6a3f191ed59ad260378263273423aa6251a03a1,-20409.0,78830.0,-98623.0,94057.0,-140926.0,,0,0,0,0,0,1,1,0,ADV_IND,37,37,9,-1,0,-1,-1,2091,32,8,unknown,APPLE,
3451.1550000000134,50:aa:ca:85:78:51,517885caaa500201061916aafe403f35e420d5cb55ccb7c814c1a80704603976ce6544,1471.0,105890.0,-110191.0,117735.0,-135568.0,,0,0,0,0,0,1,1,0,ADV_IND,35,37,8,-1,0,-1,-1,5568,32,8,unknown,GOOGLE,
3451.1550000000134,d8:57:c4:85:0c:2c,2c0c85c457d81eff4c00121920c8f689ef75b26654e4067ccb12dea31b22598f123767002c,-44264.0,84838.0,-99275.0,112480.0,-149095.0,,0,0,0,0,0,1,1,0,ADV_IND,37,37,13,-1,0,-1,-1,1303,32,8,unknown,APPLE,
3452.4850000000006,f0:e3:6f:28:be:f5,f5be286fe3f01eff4c0012191073bb1c1cfa670e8abdd5c8d588443fe6b4c2b802518500f5,-21198.0,55637.0,-102507.0,75551.0,-128784.0,,0,0,0,0,0,1,1,0,ADV_IND,37,37,4,-1,0,-1,-1,1677,32,8,unknown,APPLE,
3452.4850000000006,ea:a4:73:28:a1:84,84a12873a4ea1eff4c001219100d889b1cffe2e41faea48a54a6c16adc4e0d0e88ce990184,-30338.0,95263.0,-95262.0,72457.0,-149911.0,,0,0,0,0,0,1,1,0,ADV_IND,37,37,14,-1,0,-1,-1,1903,32,7,unknown,APPLE,
3454.0310000000027,ea:a4:73:28:a1:84,84a12873a4ea1eff4c001219100d889b1cffe2e41faea48a54a6c16adc4e0d0e88ce990184,-28416.0,105942.0,-121810.0,81262.0,-143848.0,,0,0,0,0,0,1,1,0,ADV_IND,37,37,2,-1,0,-1,-1,6931,31,7,unknown,APPLE,
3455.8090000000084,50:aa:ca:85:78:51,517885caaa500201061916aafe403f35e420d5cb55ccb7c814c1a80704603976ce6544,711.0,93356.0,-88800.0,119483.0,-118492.0,,0,0,0,0,0,1,1,0,ADV_IND,35,37,10,-1,0,-1,-1,6266,32,8,unknown,GOOGLE,
3457.332000000009,50:aa:ca:85:78:51,517885caaa500201061916aafe403f35e420d5cb55ccb7c814c1a80704603976ce6544,-5011.0,90928.0,-92650.0,113007.0,-124041.0,,0,0,0,0,0,1,1,0,ADV_IND,35,37,13,-1,0,-1,-1,6708,32,8,unknown,GOOGLE,
3458.1630000000005,e7:e8:04:03:80:67,67800304e8e71eff4c001219203bc6e64fc4623d2a555075ce5fc6f8eb0cdbceb652b80067,-31972.0,68680.0,-95185.0,67926.0,-137451.0,,0,0,0,0,0,1,1,0,ADV_IND,37,37,9,-1,0,-1,-1,5496,32,8,unknown,APPLE,
3459.643000000011,c8:26:11:f1:4d:11,114df11126c81eff4c00121920b7affd86d4d2dbe0ee84723cba33d1fd634357c1fa980011,-164.0,93954.0,-75604.0,82493.0,-104498.0,,0,0,0,0,0,1,1,0,ADV_IND,37,37,4,-1,0,-1,-1,2915,32,8,unknown,APPLE,
3459.643000000011,fa:97:06:e7:da:9f,9fdae70697fa1eff4c00121900d58693d77db18d74e91eac273372d237fff17b0fb79b0000,-26866.0,37212.0,-105960.0,54426.0,-107624.0,,0,0,0,0,0,1,1,2,ADV_NONCONN_IND,37,37,10,-1,0,-1,-1,7268,32,8,unknown,APPLE,
3461.929000000004,f0:e3:6f:28:be:f5,f5be286fe3f01eff4c0012191073bb1c1cfa670e8abdd5c8d588443fe6b4c2b802518500cc,-34869.0,54589.0,-96265.0,66935.0,-96368.0,,0,0,0,0,0,1,1,0,ADV_IND,37,37,7,-1,0,-1,-1,2747,32,8,unknown,APPLE,
3464.925000000003,f0:e3:6f:28:be:f5,f5be286fe3f01eff4c0012191073bb1c1cfa670e8abdd5c8d588443fe6b4c2b802518500cc,12202.0,83003.0,-116995.0,55045.0,-145002.0,,0,0,0,0,0,1,1,0,ADV_IND,37,37,2,-1,0,-1,-1,5495,32,8,unknown,APPLE,
3464.925000000003,d8:57:c4:85:0c:2c,2c0c85c457d81eff4c00121920c8f689ef75b26654e4067ccb12dea31b22598f12376700c6,-30334.0,60841.0,-107166.0,78509.0,-96434.0,,0,0,0,0,0,1,1,0,ADV_IND,37,37,11,-1,0,-1,-1,2940,32,8,unknown,APPLE,
3468.968000000008,ea:a4:73:28:a1:84,84a12873a4ea1eff4c001219100d889b1cffe2e41faea48a54a6c16adc4e0d0e88ce990124,-38957.0,77529.0,-94795.0,47652.0,-119606.0,,0,0,0,0,0,1,1,0,ADV_IND,37,37,14,-1,0,-1,-1,6621,32,8,unknown,APPLE,
3469.1810000000114,ec:9e:eb:84:32:01,013284eb9eec1eff4c00121900e300bbe1c44c1e38815e26a39619fc231960bbafaf0d0200,-45203.0,63387.0,-94419.0,81122.0,-141481.0,,0,0,0,0,0,1,1,2,ADV_NONCONN_IND,37,37,5,-1,0,-1,-1,2973,31,8,unknown,APPLE,
3469.1810000000114,fa:97:06:e7:da:9f,9fdae70697fa1eff4c00121900d58693d77db18d74e91eac273372d237fff17b0fb79b0000,-34185.0,66073.0,-116233.0,87084.0,-122305.0,,0,0,0,0,0,1,1,2,ADV_NONCONN_IND,37,37,2,-1,0,-1,-1,3287,32,8,unknown,APPLE,
3470.997000000003,c8:26:11:f1:4d:11,114df11126c81eff4c00121920b7affd86d4d2dbe0ee84723cba33d1fd634357c1fa980014,-16288.0,79347.0,-80353.0,80594.0,-88509.0,,0,0,0,0,0,1,1,0,ADV_IND,37,37,1,-1,0,-1,-1,4413,31,7,unknown,APPLE,
3470.997000000003,db:48:ac:6f:aa:a1,a1aa6fac48db1eff4c00121960947040aac6a3f191ed59ad260378263273423aa6251a03fd,-11333.0,63138.0,-90128.0,94548.0,-139462.0,,0,0,0,0,0,1,1,0,ADV_IND,37,37,13,-1,0,-1,-1,762,31,8,unknown,APPLE,
3470.997000000003,d8:57:c4:85:0c:2c,2c0c85c457d81eff4c00121920c8f689ef75b26654e4067ccb12dea31b22598f12376700c6,-31255.0,75502.0,-122185.0,102996.0,-131762.0,,0,0,0,0,0,1,1,0,ADV_IND,37,37,3,-1,0,-1,-1,1671,32,8,unknown,APPLE,
3474.593000000008,c8:26:11:f1:4d:11,114df11126c81eff4c00121920b7affd86d4d2dbe0ee84723cba33d1fd634357c1fa980014,-15468.0,117549.0,-87293.0,88002.0,-119064.0,,0,0,0,0,0,1,1,0,ADV_IND,37,37,11,-1,0,-1,-1,2652,31,7,unknown,APPLE,
3474.593000000008,50:aa:ca:85:78:51,517885caaa500201061916aafe403f35e420d5cb55ccb7c814c1a80704603976ce6544,-11517.0,94714.0,-75676.0,101274.0,-125519.0,,0,0,0,0,0,1,1,0,ADV_IND,35,37,8,-1,0,-1,-1,4030,32,8,unknown,GOOGLE,
3476.0080000000016,db:48:ac:6f:aa:a1,a1aa6fac48db1eff4c00121960947040aac6a3f191ed59ad260378263273423aa6251a03fd,-8788.0,72838.0,-99169.0,106581.0,-153368.0,,0,0,0,0,0,1,1,0,ADV_IND,37,37,3,-1,0,-1,-1,5711,32,7,unknown,APPLE,
3477.6570000000065,e4:b4:8d:df:00:c3,c300df8db4e41eff4c00121960d230965f2c4032736e520f76490b61d72bca3db4db350185,-12192.0,70167.0,-87191.0,66964.0,-134464.0,,0,0,0,0,0,1,1,0,ADV_IND,37,37,3,-1,0,-1,-1,6921,32,7,unknown,APPLE,
3483.668000000005,e3:c3:49:4d:f4:ae,aef44d49c3e31eff4c001219604e0af447121b0d511651f658eb393692577432a84ea902e7,-21000.0,45508.0,-102838.0,77489.0,-135474.0,,0,0,0,0,0,1,1,0,ADV_IND,37,37,5,-1,0,-1,-1,5619,32,8,unknown,APPLE,
3485.197,50:aa:ca:85:78:51,517885caaa500201061916aafe403f35e420d5cb55ccb7c814c1a80704603976ce6544,-12943.0,113717.0,-118931.0,111032.0,-140976.0,,0,0,0,0,0,1,1,0,ADV_IND,35,37,14,-1,0,-1,-1,1543,31,8,unknown,GOOGLE,
3487.5,ec:9e:eb:84:32:01,013284eb9eec1eff4c00121900e300bbe1c44c1e38815e26a39619fc231960bbafaf0d0200,-25143.0,54306.0,-99172.0,56240.0,-138812.0,,0,0,0,0,0,1,1,2,ADV_NONCONN_IND,37,37,0,-1,0,-1,-1,1413,29,8,unknown,APPLE,
3487.5,ea:a4:73:28:a1:84,84a12873a4ea1eff4c001219100d889b1cffe2e41faea48a54a6c16adc4e0d0e88ce990124,-23161.0,89099.0,-100622.0,67795.0,-140838.0,,0,0,0,0,0,1,1,0,ADV_IND,37,37,0,-1,0,-1,-1,1456,32,8,unknown,APPLE,
3487.5,50:aa:ca:85:78:51,517885caaa500201061916aafe403f35e420d5cb55ccb7c814c1a80704603976ce6544,-7973.0,116272.0,-104670.0,92568.0,-135384.0,,0,0,0,0,0,1,1,0,ADV_IND,35,37,11,-1,0,-1,-1,2667,32,8,unknown,GOOGLE,
3487.5,e2:99:42:32:d3:c8,25666c3cf5f41eff4c00121910c4ae7bedf14240cd85e38faa329cbbc7be0f299a6ed70302,-40756.0,102069.0,-94282.0,90436.0,-145860.0,,0,0,0,0,0,1,1,0,ADV_IND,37,37,13,-1,0,-1,-1,4760,32,8,unknown,APPLE,f4:f5:3c:6c:66:25
3489.2030000000086,50:aa:ca:85:78:51,517885caaa500201061916aafe403f35e420d5cb55ccb7c814c1a80704603976ce6544,-57.0,80362.0,-91570.0,101805.0,-116038.0,,0,0,0,0,0,1,1,0,ADV_IND,35,37,12,-1,0,-1,-1,6198,31,7,unknown,GOOGLE,
3492.5810000000056,ea:a4:73:28:a1:84,84a12873a4ea1eff4c001219100d889b1cffe2e41faea48a54a6c16adc4e0d0e88ce990124,-33301.0,70906.0,-92498.0,60621.0,-144740.0,,0,0,0,0,0,1,1,0,ADV_IND,37,37,4,-1,0,-1,-1,4379,32,8,unknown,APPLE,
3493.952000000005,c8:26:11:f1:4d:11,114df11126c81eff4c00121920b7affd86d4d2dbe0ee84723cba33d1fd634357c1fa980014,-9334.0,116235.0,-84146.0,81975.0,-113049.0,,0,0,0,0,0,1,1,0,ADV_IND,37,37,6,-1,0,-1,-1,7683,32,8,unknown,APPLE,
3493.952000000005,f0:e3:6f:28:be:f5,f5be286fe3f01eff4c0012191073bb1c1cfa670e8abdd5c8d588443fe6b4c2b802518500cc,-17820.0,55415.0,-94521.0,43613.0,-130671.0,,0,0,0,0,0,1,1,0,ADV_IND,37,37,12,-1,0,-1,-1,1858,32,7,unknown,APPLE,
3495.277000000002,ea:a4:73:28:a1:84,84a12873a4ea1eff4c001219100d889b1cffe2e41faea48a54a6c16adc4e0d0e88ce990124,-50327.0,79255.0,-104571.0,77963.0,-124039.0,,0,0,0,0,0,1,1,0,ADV_IND,37,37,6,-1,0,-1,-1,6141,32,8,unknown,APPLE,
3495.277000000002,ec:9e:eb:84:32:01,013284eb9eec1eff4c00121900e300bbe1c44c1e38815e26a39619fc231960bbafaf0d0200,-36891.0,57168.0,-100477.0,81817.0,-141366.0,,0,0,0,0,0,1,1,2,ADV_NONCONN_IND,37,37,4,-1,0,-1,-1,3619,32,8,unknown,APPLE,
3495.277000000002,fa:97:06:e7:da:9f,9fdae70697fa1eff4c00121900d58693d77db18d74e91eac273372d237fff17b0fb79b0000,-19241.0,91252.0,-134464.0,90441.0,-129341.0,,0,0,0,0,0,1,1,2,ADV_NONCONN_IND,37,37,10,-1,0,-1,-1,6421,31,8,unknown,APPLE,
3497.1010000000097,ea:a4:73:28:a1:84,84a12873a4ea1eff4c001219100d889b1cffe2e41faea48a54a6c16adc4e0d0e88ce990124,-26252.0,88851.0,-106989.0,61706.0,-128222.0,,0,0,0,0,0,1,1,0,ADV_IND,37,37,15,-1,0,-1,-1,1214,32,8,unknown,APPLE,
3499.9320000000007,50:aa:ca:85:78:51,517885caaa500201061916aafe403f35e420d5cb55ccb7c814c1a80704603976ce6544,-12409.0,120801.0,-106145.0,116192.0,-146744.0,,0,0,0,0,0,1,1,0,ADV_IND,35,37,12,-1,0,-1,-1,5774,32,8,unknown,GOOGLE,
3501.7530000000115,e3:c3:49:4d:f4:ae,aef44d49c3e31eff4c001219604e0af447121b0d511651f658eb393692577432a84ea902e7,-20051.0,58635.0,-103297.0,68446.0,-155635.0,,0,0,0,0,0,1,1,0,ADV_IND,37,37,7,-1,0,-1,-1,5208,31,8,unknown,APPLE,
3501.7530000000115,f0:e3:6f:28:be:f5,f5be286fe3f01eff4c0012191073bb1c1cfa670e8abdd5c8d588443fe6b4c2b802518500cc,-32355.0,56788.0,-92144.0,45361.0,-97459.0,,0,0,0,0,0,1,1,0,ADV_IND,37,37,4,-1,0,-1,-1,1099,32,7,unknown,APPLE,
3503.672000000006,fa:97:06:e7:da:9f,9fdae70697fa1eff4c00121900d58693d77db18d74e91eac273372d237fff17b0fb79b0000,-33700.0,41276.0,-83690.0,54646.0,-113202.0,,0,0,0,0,0,1,1,2,ADV_NONCONN_IND,37,37,6,-1,0,-1,-1,5438,32,8,unknown,APPLE,
3505.241000000009,50:aa:ca:85:78:51,517885caaa500201061916aafe403f35e420d5cb55ccb7c814c1a80704603976ce6544,-10547.0,95123.0,-86659.0,97135.0,-99449.0,,0,0,0,0,0,1,1,0,ADV_IND,35,37,7,-1,0,-1,-1,6200,32,8,unknown,GOOGLE,
3505.241000000009,f0:e3:6f:28:be:f5,f5be286fe3f01eff4c0012191073bb1c1cfa670e8abdd5c8d588443fe6b4c2b802518500cc,-3802.0,74922.0,-119003.0,80468.0,-142468.0,,0,0,0,0,0,1,1,0,ADV_IND,37,37,11,-1,0,-1,-1,3789,29,7,unknown,APPLE,
3505.241000000009,ea:a4:73:28:a1:84,84a12873a4ea1eff4c001219100d889b1cffe2e41faea48a54a6c16adc4e0d0e88ce990124,-20685.0,54715.0,-99889.0,56219.0,-113031.0,,0,0,0,0,0,1,1,0,ADV_IND,37,37,0,-1,0,-1,-1,7244,32,8,unknown,APPLE,
3506.870999999999,db:48:ac:6f:aa:a1,a1aa6fac48db1eff4c00121960947040aac6a3f191ed59ad260378263273423aa6251a03fd,-10904.0,46527.0,-94920.0,67064.0,-91679.0,,0,0,0,0,0,1,1,0,ADV_IND,37,37,8,-1,0,-1,-1,1710,32,8,unknown,APPLE,
3507.8150000000023,e3:c3:49:4d:f4:ae,aef44d49c3e31eff4c001219604e0af447121b0d511651f658eb393692577432a84ea902e7,-20780.0,79450.0,-119219.0,96802.0,-166892.0,,0,0,0,0,0,1,1,0,ADV_IND,37,37,15,-1,0,-1,-1,6711,32,8,unknown,APPLE,
3507.8150000000023,f0:e3:6f:28:be:f5,f5be286fe3f01eff4c0012191073bb1c1cfa670e8abdd5c8d588443fe6b4c2b802518500cc,-24647.0,94126.0,-103317.0,90264.0,-149981.0,,0,0,0,0,0,1,1,0,ADV_IND,37,37,5,-1,0,-1,-1,4612,30,7,unknown,APPLE,
3508.5790000000125,d8:57:c4:85:0c:2c,2c0c85c457d81eff4c00121920c8f689ef75b26654e4067ccb12dea31b22598f12376700c6,-39251.0,67876.0,-108458.0,85546.0,-123718.0,,0,0,0,0,0,1,1,0,ADV_IND,37,37,2,-1,0,-1,-1,7826,32,8,unknown,APPLE,
3508.813000000009,e2:99:42:32:d3:c8,25666c3cf5f41eff4c00121910c4ae7bedf14240cd85e38faa329cbbc7be0f299a6ed70302,-23081.0,93919.0,-91530.0,79804.0,-148036.0,,0,0,0,0,0,1,1,0,ADV_IND,37,37,0,-1,0,-1,-1,3895,31,8,unknown,APPLE,f4:f5:3c:6c:66:25
3508.813000000009,50:aa:ca:85:78:51,517885caaa500201061916aafe403f35e420d5cb55ccb7c814c1a80704603976ce6544,-17998.0,102760.0,-75347.0,106548.0,-113919.0,,0,0,0,0,0,1,1,0,ADV_IND,35,37,11,-1,0,-1,-1,3438,32,8,unknown,GOOGLE,
3509.9660000000003,d8:57:c4:85:0c:2c,2c0c85c457d81eff4c00121920c8f689ef75b26654e4067ccb12dea31b22598f12376700c6,-40674.0,61934.0,-83592.0,80188.0,-131757.0,,0,0,0,0,0,1,1,0,ADV_IND,37,37,3,-1,0,-1,-1,7301,32,8,unknown,APPLE,
3512.6580000000104,c8:26:11:f1:4d:11,114df11126c81eff4c00121920b7affd86d4d2dbe0ee84723cba33d1fd634357c1fa980014,-8693.0,79581.0,-77597.0,95862.0,-117607.0,,0,0,0,0,0,1,1,0,ADV_IND,37,37,10,-1,0,-1,-1,799,32,8,unknown,APPLE,
3512.6580000000104,f0:e3:6f:28:be:f5,f5be286fe3f01eff4c0012191073bb1c1cfa670e8abdd5c8d588443fe6b4c2b802518500cc,-446.0,66049.0,-105250.0,61606.0,-114600.0,,0,0,0,0,0,1,1,0,ADV_IND,37,37,13,-1,0,-1,-1,2146,32,8,unknown,APPLE,
3514.326000000001,ec:9e:eb:84:32:01,013284eb9eec1eff4c00121900e300bbe1c44c1e38815e26a39619fc231960bbafaf0d0200,-21819.0,61774.0,-126126.0,76420.0,-98619.0,,0,0,0,0,0,1,1,2,ADV_NONCONN_IND,37,37,10,-1,0,-1,-1,6640,32,8,unknown,APPLE,
3514.326000000001,fa:97:06:e7:da:9f,9fdae70697fa1eff4c00121900d58693d77db18d74e91eac273372d237fff17b0fb79b0000,-31702.0,52326.0,-88576.0,56435.0,-116907.0,,0,0,0,0,0,1,1,2,ADV_NONCONN_IND,37,37,3,-1,0,-1,-1,4593,32,8,unknown,APPLE,
3515.268000000011,ec:9e:eb:84:32:01,013284eb9eec1eff4c00121900e300bbe1c44c1e38815e26a39619fc231960bbafaf0d0200,-45943.0,75241.0,-122114.0,101227.0,-150053.0,,0,0,0,0,0,1,1,2,ADV_NONCONN_IND,37,37,15,-1,0,-1,-1,5363,31,7,unknown,APPLE,
3515.268000000011,50:aa:ca:85:78:51,517885caaa500201061916aafe403f35e420d5cb55ccb7c814c1a80704603976ce6544,-3525.0,91324.0,-91099.0,106696.0,-128643.0,,0,0,0,0,0,1,1,0,ADV_IND,35,37,4,-1,0,-1,-1,2831,32,8,unknown,GOOGLE,
3517.7760000000126,ec:9e:eb:84:32:01,013284eb9eec1eff4c00121900e300bbe1c44c1e38815e26a39619fc231960bbafaf0d0200,-16270.0,45035.0,-88132.0,69549.0,-136698.0,,0,0,0,0,0,1,1,2,ADV_NONCONN_IND,37,37,11,-1,0,-1,-1,4271,31,8,unknown,APPLE,
3517.7760000000126,f0:e3:6f:28:be:f5,f5be286fe3f01eff4c0012191073bb1c1cfa670e8abdd5c8d588443fe6b4c2b802518500cc,-32545.0,69290.0,-108902.0,85337.0,-146167.0,,0,0,0,0,0,1,1,0,ADV_IND,37,37,4,-1,0,-1,-1,2285,32,8,unknown,APPLE,
3519.207000000009,ea:a4:73:28:a1:84,84a12873a4ea1eff4c001219100d889b1cffe2e41faea48a54a6c16adc4e0d0e88ce990124,-18578.0,66976.0,-102518.0,79545.0,-146357.0,,0,0,0,0,0,1,1,0,ADV_IND,37,37,7,-1,0,-1,-1,3964,32,8,unknown,APPLE,
3519.207000000009,d8:57:c4:85:0c:2c,2c0c85c457d81eff4c00121920c8f689ef75b26654e4067ccb12dea31b22598f12376700c6,-50466.0,81937.0,-96226.0,77324.0,-132760.0,,0,0,0,0,0,1,1,0,ADV_IND,37,37,7,-1,0,-1,-1,5344,32,8,unknown,APPLE,
3519.207000000009,50:aa:ca:85:78:51,517885caaa500201061916aafe403f35e420d5cb55ccb7c814c1a80704603976ce6544,-3830.0,123191.0,-77206.0,85664.0,-127992.0,,0,0,0,0,0,1,1,0,ADV_IND,35,37,7,-1,0,-1,-1,6180,32,7,unknown,GOOGLE,
3520.9860000000044,d8:57:c4:85:0c:2c,2c0c85c457d81eff4c00121920c8f689ef75b26654e4067ccb12dea31b22598f12376700c6,-17574.0,64995.0,-95329.0,65157.0,-129122.0,,0,0,0,0,0,1,1,0,ADV_IND,37,37,0,-1,0,-1,-1,1239,32,8,unknown,APPLE,
3520.9860000000044,ec:9e:eb:84:32:01,013284eb9eec1eff4c00121900e300bbe1c44c1e38815e26a39619fc231960bbafaf0d0200,-33577.0,64222.0,-97670.0,77813.0,-162302.0,,0,0,0,0,0,1,1,2,ADV_NONCONN_IND,37,37,12,-1,0,-1,-1,2980,30,7,unknown,APPLE,
3522.911000000008,ec:9e:eb:84:32:01,013284eb9eec1eff4c00121900e300bbe1c44c1e38815e26a39619fc231960bbafaf0d0200,-18808.0,49948.0,-93764.0,60746.0,-123223.0,,0,0,0,0,0,1,1,2,ADV_NONCONN_IND,37,37,11,-1,0,-1,-1,1622,32,8,unknown,APPLE,
3524.715000000011,e2:99:42:32:d3:c8,25666c3cf5f41eff4c00121910c4ae7bedf14240cd85e38faa329cbbc7be0f299a6ed70302,-27479.0,68999.0,-100632.0,88359.0,-111351.0,,0,0,0,0,0,1,1,0,ADV_IND,37,37,9,-1,0,-1,-1,5436,32,8,unknown,APPLE,f4:f5:3c:6c:66:25
3524.715000000011,ec:9e:eb:84:32:01,013284eb9eec1eff4c00121900e300bbe1c44c1e38815e26a39619fc231960bbafaf0d0200,-9061.0,58485.0,-123631.0,78824.0,-114131.0,,0,0,0,0,0,1,1,2,ADV_NONCONN_IND,37,37,7,-1,0,-1,-1,5938,32,8,unknown,APPLE,
3526.107000000004,ec:9e:eb:84:32:01,013284eb9eec1eff4c00121900e300bbe1c44c1e38815e26a39619fc231960bbafaf0d0200,-35367.0,70085.0,-83994.0,72488.0,-151879.0,,0,0,0,0,0,1,1,2,ADV_NONCONN_IND,37,37,15,-1,0,-1,-1,3743,29,7,unknown,APPLE,
3531.12000000001,50:aa:ca:85:78:51,517885caaa500201061916aafe403f35e420d5cb55ccb7c814c1a80704603976ce6544,-3372.0,101421.0,-107410.0,127209.0,-144881.0,,0,0,0,0,0,1,1,0,ADV_IND,35,37,4,-1,0,-1,-1,6506,32,8,unknown,GOOGLE,
3531.345000000001,f0:e3:6f:28:be:f5,f5be286fe3f01eff4c0012191073bb1c1cfa670e8abdd5c8d588443fe6b4c2b802518500cc,583.0,75854.0,-128678.0,76354.0,-147545.0,,0,0,0,0,0,1,1,0,ADV_IND,37,37,1,-1,0,-1,-1,5804,32,8,unknown,APPLE,
3531.345000000001,d8:57:c4:85:0c:2c,2c0c85c457d81eff4c00121920c8f689ef75b26654e4067ccb12dea31b22598f12376700c6,-26919.0,73013.0,-99794.0,70501.0,-132252.0,,0,0,0,0,0,1,1,0,ADV_IND,37,37,9,-1,0,-1,-1,1544,32,8,unknown,APPLE,
3531.345000000001,e7:e8:04:03:80:67,67800304e8e71eff4c001219203bc6e64fc4623d2a555075ce5fc6f8eb0cdbceb652b80043,-25240.0,93752.0,-124456.0,94688.0,-155035.0,,0,0,0,0,0,1,1,0,ADV_IND,37,37,1,-1,0,-1,-1,3953,31,7,unknown,APPLE,
3534.064000000013,c8:26:11:f1:4d:11,114df11126c81eff4c00121920b7affd86d4d2dbe0ee84723cba33d1fd634357c1fa980014,-24611.0,79164.0,-70771.0,68951.0,-91493.0,,0,0,0,0,0,1,1,0,ADV_IND,37,37,14,-1,0,-1,-1,4117,32,8,unknown,APPLE,
3534.064000000013,ea:a4:73:28:a1:84,84a12873a4ea1eff4c001219100d889b1cffe2e41faea48a54a6c16adc4e0d0e88ce990124,-23536.0,85887.0,-107701.0,54863.0,-122992.0,,0,0,0,0,0,1,1,0,ADV_IND,37,37,2,-1,0,-1,-1,4950,32,8,unknown,APPLE,
3538.3380000000034,e3:c3:49:4d:f4:ae,aef44d49c3e31eff4c001219604e0af447121b0d511651f658eb393692577432a84ea902e7,-21601.0,52126.0,-100896.0,90725.0,-170301.0,,0,0,0,0,0,1,1,0,ADV_IND,37,37,12,-1,0,-1,-1,4650,32,8,unknown,APPLE,
3540.2490000000107,50:aa:ca:85:78:51,517885caaa500201061916aafe403f35e420d5cb55ccb7c814c1a80704603976ce6544,7664.0,90857.0,-97707.0,97885.0,-139784.0,,0,0,0,0,0,1,1,0,ADV_IND,35,37,0,-1,0,-1,-1,5683,32,8,unknown,GOOGLE,
3540.2490000000107,c8:26:11:f1:4d:11,114df11126c81eff4c00121920b7affd86d4d2dbe0ee84723cba33d1fd634357c1fa980014,-2803.0,96435.0,-82583.0,84485.0,-125056.0,,0,0,0,0,0,1,1,0,ADV_IND,37,37,5,-1,0,-1,-1,2457,31,7,unknown,APPLE,
3541.904000000009,fa:97:06:e7:da:9f,9fdae70697fa1eff4c00121900d58693d77db18d74e91eac273372d237fff17b0fb79b0000,-32401.0,49905.0,-91878.0,54299.0,-100088.0,,0,0,0,0,0,1,1,2,ADV_NONCONN_IND,37,37,0,-1,0,-1,-1,7945,32,8,unknown,APPLE,
3543.199000000008,d0:9a:ae:34:3b:7a,25666c3cf5f41eff4c00121910c4ae7bedf14240cd85e38faa329cbbc7be0f299a6ed70302,-34277.0,86499.0,-84154.0,82576.0,-122596.0,,0,0,0,0,0,1,1,0,ADV_IND,37,37,8,-1,0,-1,-1,3601,31,8,unknown,APPLE,f4:f5:3c:6c:66:25
3543.199000000008,f0:e3:6f:28:be:f5,f5be286fe3f01eff4c0012191073bb1c1cfa670e8abdd5c8d588443fe6b4c2b802518500cc,-21371.0,70671.0,-84806.0,42037.0,-123988.0,,0,0,0,0,0,1,1,0,ADV_IND,37,37,12,-1,0,-1,-1,5004,30,7,unknown,APPLE,
3543.199000000008,fa:97:06:e7:da:9f,9fdae70697fa1eff4c00121900d58693d77db18d74e91eac273372d237fff17b0fb79b0000,-20521.0,47953.0,-103466.0,81874.0,-118667.0,,0,0,0,0,0,1,1,2,ADV_NONCONN_IND,37,37,3,-1,0,-1,-1,1544,32,8,unknown,APPLE,
3543.199000000008,50:aa:ca:85:78:51,517885caaa500201061916aafe403f35e420d5cb55ccb7c814c1a80704603976ce6544,1418.0,93358.0,-73354.0,86725.0,-127451.0,,0,0,0,0,0,1,1,0,ADV_IND,35,37,7,-1,0,-1,-1,5271,32,8,unknown,GOOGLE,
3546.173999999999,fa:97:06:e7:da:9f,9fdae70697fa1eff4c00121900d58693d77db18d74e91eac273372d237fff17b0fb79b0000,-21231.0,66603.0,-101277.0,78491.0,-132295.0,,0,0,0,0,0,1,1,2,ADV_NONCONN_IND,37,37,9,-1,0,-1,-1,5566,32,8,unknown,APPLE,
3547.8020000000106,50:aa:ca:85:78:51,517885caaa500201061916aafe403f35e420d5cb55ccb7c814c1a80704603976ce6544,0.0,110849.0,-98897.0,108371.0,-140175.0,,0,0,0,0,0,1,1,0,ADV_IND,35,37,12,-1,0,-1,-1,1740,29,7,unknown,GOOGLE,
3548.8080000000045,50:aa:ca:85:78:51,517885caaa500201061916aafe403f35e420d5cb55ccb7c814c1a80704603976ce6544,-7802.0,105246.0,-84137.0,112317.0,-120866.0,,0,0,0,0,0,1,1,0,ADV_IND,35,37,8,-1,0,-1,-1,4761,32,8,unknown,GOOGLE,
3550.343000000008,fa:97:06:e7:da:9f,9fdae70697fa1eff4c00121900d58693d77db18d74e91eac273372d237fff17b0fb79b0000,-36684.0,63444.0,-110160.0,86423.0,-133245.0,,0,0,0,0,0,1,1,2,ADV_NONCONN_IND,37,37,3,-1,0,-1,-1,2702,32,8,unknown,APPLE,
3551.543000000005,ea:a4:73:28:a1:84,84a12873a4ea1eff4c001219100d889b1cffe2e41faea48a54a6c16adc4e0d0e88ce990124,-26074.0,71099.0,-99170.0,57089.0,-131119.0,,0,0,0,0,0,1,1,0,ADV_IND,37,37,0,-1,0,-1,-1,4029,32,8,unknown,APPLE,
3553.082000000009,fa:97:06:e7:da:9f,9fdae70697fa1eff4c00121900d58693d77db18d74e91eac273372d237fff17b0fb79b0000,-35388.0,63545.0,-87815.0,67640.0,-129675.0,,0,0,0,0,0,1,1,2,ADV_NONCONN_IND,37,37,4,-1,0,-1,-1,3248,31,7,unknown,APPLE,
3555.5860000000102,fa:97:06:e7:da:9f,9fdae70697fa1eff4c00121900d58693d77db18d74e91eac273372d237fff17b0fb79b0000,-33597.0,58688.0,-111680.0,91065.0,-141222.0,,0,0,0,0,0,1,1,2,ADV_NONCONN_IND,37,37,14,-1,0,-1,-1,1681,32,8,unknown,APPLE,
3555.5860000000102,c8:26:11:f1:4d:11,114df11126c81eff4c00121920b7affd86d4d2dbe0ee84723cba33d1fd634357c1fa980014,-17303.0,83679.0,-81764.0,86567.0,-107981.0,,0,0,0,0,0,1,1,0,ADV_IND,37,37,4,-1,0,-1,-1,3730,32,8,unknown,APPLE,
3555.5860000000102,50:aa:ca:85:78:51,517885caaa500201061916aafe403f35e420d5cb55ccb7c814c1a80704603976ce6544,8659.0,99042.0,-107153.0,109031.0,-139740.0,,0,0,0,0,0,1,1,0,ADV_IND,35,37,3,-1,0,-1,-1,3389,29,7,unknown,GOOGLE,
3556.537000000011,d8:57:c4:85:0c:2c,2c0c85c457d81eff4c00121920c8f689ef75b26654e4067ccb12dea31b22598f12376700c6,-40468.0,69282.0,-99011.0,68255.0,-107606.0,,0,0,0,0,0,1,1,0,ADV_IND,37,37,7,-1,0,-1,-1,5896,32,8,unknown,APPLE,
3557.4580000000133,fa:97:06:e7:da:9f,9fdae70697fa1eff4c00121900d58693d77db18d74e91eac273372d237fff17b0fb79b0000,-21663.0,87928.0,-127877.0,84461.0,-143644.0,,0,0,0,0,0,1,1,2,ADV_NONCONN_IND,37,37,0,-1,0,-1,-1,2258,32,8,unknown,APPLE,
3562.1500000000087,c8:26:11:f1:4d:11,114df11126c81eff4c00121920b7affd86d4d2dbe0ee84723cba33d1fd634357c1fa980014,-24392.0,79562.0,-71358.0,87584.0,-96568.0,,0,0,0,0,0,1,1,0,ADV_IND,37,37,3,-1,0,-1,-1,1218,32,8,unknown,APPLE,
3562.1500000000087,fa:97:06:e7:da:9f,9fdae70697fa1eff4c00121900d58693d77db18d74e91eac273372d237fff17b0fb79b0000,-46213.0,53313.0,-107177.0,100310.0,-142750.0,,0,0,0,0,0,1,1,2,ADV_NONCONN_IND,37,37,12,-1,0,-1,-1,5492,32,8,unknown,APPLE,
3562.38900000001,d8:57:c4:85:0c:2c,2c0c85c457d81eff4c00121920c8f689ef75b26654e4067ccb12dea31b22598f12376700c6,-50140.0,65647.0,-100784.0,87030.0,-129818.0,,0,0,0,0,0,1,1,0,ADV_IND,37,37,9,-1,0,-1,-1,3927,32,8,unknown,APPLE,
3562.38900000001,c8:26:11:f1:4d:11,114df11126c81eff4c00121920b7affd86d4d2dbe0ee84723cba33d1fd634357c1fa980014,-25190.0,80230.0,-62310.0,78433.0,-113041.0,,0,0,0,0,0,1,1,0,ADV_IND,37,37,7,-1,0,-1,-1,5164,30,7,unknown,APPLE,
3562.6140000000014,ec:9e:eb:84:32:01,013284eb9eec1eff4c00121900e300bbe1c44c1e38815e26a39619fc231960bbafaf0d0200,-36064.0,71111.0,-94180.0,66458.0,-144223.0,,0,0,0,0,0,1,1,2,ADV_NONCONN_IND,37,37,4,-1,0,-1,-1,1518,31,8,unknown,APPLE,
3563.823000000004,ec:9e:eb:84:32:01,013284eb9eec1eff4c00121900e300bbe1c44c1e38815e26a39619fc231960bbafaf0d0200,-43870.0,85851.0,-115665.0,88532.0,-136431.0,,0,0,0,0,0,1,1,2,ADV_NONCONN_IND,37,37,2,-1,0,-1,-1,6736,32,8,unknown,APPLE,
3565.046000000002,50:aa:ca:85:78:51,517885caaa500201061916aafe403f35e420d5cb55ccb7c814c1a80704603976ce6544,-5043.0,91641.0,-85718.0,90896.0,-116937.0,,0,0,0,0,0,1,1,0,ADV_IND,35,37,6,-1,0,-1,-1,2352,32,7,unknown,GOOGLE,
3566.5160000000037,d8:57:c4:85:0c:2c,2c0c85c457d81eff4c00121920c8f689ef75b26654e4067ccb12dea31b22598f12376700c6,-34725.0,76633.0,-102099.0,80920.0,-115681.0,,0,0,0,0,0,1,1,0,ADV_IND,37,37,11,-1,0,-1,-1,4131,32,8,unknown,APPLE,
3567.9330000000045,f0:e3:6f:28:be:f5,f5be286fe3f01eff4c0012191073bb1c1cfa670e8abdd5c8d588443fe6b4c2b802518500cc,-31945.0,53984.0,-87015.0,74112.0,-131154.0,,0,0,0,0,0,1,1,0,ADV_IND,37,37,12,-1,0,-1,-1,4321,31,8,unknown,APPLE,
3567.9330000000045,c8:26:11:f1:4d:11,114df11126c81eff4c00121920b7affd86d4d2dbe0ee84723cba33d1fd634357c1fa980014,-9958.0,85121.0,-79383.0,102528.0,-116511.0,,0,0,0,0,0,1,1,0,ADV_IND,37,37,9,-1,0,-1,-1,6280,32,8,unknown,APPLE,
3567.9330000000045,e3:c3:49:4d:f4:ae,aef44d49c3e31eff4c001219604e0af447121b0d511651f658eb393692577432a84ea902e7,-21045.0,71780.0,-102218.0,93610.0,-185925.0,,0,0,0,0,0,1,1,0,ADV_IND,37,37,1,-1,0,-1,-1,4814,31,7,unknown,APPLE,
3569.365000000005,50:aa:ca:85:78:51,517885caaa500201061916aafe403f35e420d5cb55ccb7c814c1a80704603976ce6544,-5924.0,97121.0,-75867.0,106350.0,-127127.0,,0,0,0,0,0,1,1,0,ADV_IND,35,37,15,-1,0,-1,-1,6435,32,8,unknown,GOOGLE,
3569.365000000005,c8:26:11:f1:4d:11,114df11126c81eff4c00121920b7affd86d4d2dbe0ee84723cba33d1fd634357c1fa980014,-6082.0,84683.0,-72951.0,87188.0,-96852.0,,0,0,0,0,0,1,1,0,ADV_IND,37,37,3,-1,0,-1,-1,1356,32,8,unknown,APPLE,
3572.1370000000024,fa:97:06:e7:da:9f,9fdae70697fa1eff4c00121900d58693d77db18d74e91eac273372d237fff17b0fb79b0000,-41071.0,37380.0,-99094.0,71000.0,-95745.0,,0,0,0,0,0,1,1,2,ADV_NONCONN_IND,37,37,3,-1,0,-1,-1,7405,32,7,unknown,APPLE,
3573.769,f0:e3:6f:28:be:f5,f5be286fe3f01eff4c0012191073bb1c1cfa670e8abdd5c8d588443fe6b4c2b802518500cc,-23126.0,63077.0,-104819.0,68444.0,-127949.0,,0,0,0,0,0,1,1,0,ADV_IND,37,37,11,-1,0,-1,-1,6317,32,8,unknown,APPLE,
3573.769,e4:b4:8d:df:00:c3,c300df8db4e41eff4c00121960d230965f2c4032736e520f76490b61d72bca3db4db350185,12693.0,57842.0,-102388.0,93060.0,-150179.0,,0,0,0,0,0,1,1,0,ADV_IND,37,37,1,-1,0,-1,-1,7998,30,8,unknown,APPLE,
3578.045000000013,50:aa:ca:85:78:51,517885caaa500201061916aafe403f35e420d5cb55ccb7c814c1a80704603976ce6544,-2293.0,117682.0,-95053.0,104846.0,-132974.0,,0,0,0,0,0,1,1,0,ADV_IND,35,37,3,-1,0,-1,-1,4366,32,8,unknown,GOOGLE,
3579.752000000008,f0:e3:6f:28:be:f5,f5be286fe3f01eff4c0012191073bb1c1cfa670e8abdd5c8d588443fe6b4c2b802518500cc,-36051.0,104273.0,-93738.0,68367.0,-147084.0,,0,0,0,0,0,1,1,0,ADV_IND,37,37,11,-1,0,-1,-1,5402,30,7,unknown,APPLE,
3579.752000000008,e4:b4:8d:df:00:c3,c300df8db4e41eff4c00121960d230965f2c4032736e520f76490b61d72bca3db4db350185,-18066.0,53818.0,-77674.0,72516.0,-124198.0,,0,0,0,0,0,1,1,0,ADV_IND,37,37,4,-1,0,-1,-1,1013,32,8,unknown,APPLE,
3581.998000000007,d0:9a:ae:34:3b:7a,25666c3cf5f41eff4c00121910c4ae7bedf14240cd85e38faa329cbbc7be0f299a6ed70302,-12158.0,96016.0,-133463.0,92713.0,-138770.0,,0,0,0,0,0,1,1,0,ADV_IND,37,37,6,-1,0,-1,-1,4299,32,8,unknown,APPLE,f4:f5:3c:6c:66:25
3581.998000000007,f0:e3:6f:28:be:f5,f5be286fe3f01eff4c0012191073bb1c1cfa670e8abdd5c8d588443fe6b4c2b802518500cc,-21251.0,76782.0,-92378.0,51422.0,-123383.0,,0,0,0,0,0,1,1,0,ADV_IND,37,37,6,-1,0,-1,-1,3121,32,7,unknown,APPLE,
3581.998000000007,e4:b4:8d:df:00:c3,c300df8db4e41eff4c00121960d230965f2c4032736e520f76490b61d72bca3db4db350185,-291.0,63598.0,-110489.0,97859.0,-122972.0,,0,0,0,0,0,1,1,0,ADV_IND,37,37,0,-1,0,-1,-1,7330,32,8,unknown,APPLE,
3583.100000000006,f0:e3:6f:28:be:f5,f5be286fe3f01eff4c0012191073bb1c1cfa670e8abdd5c8d588443fe6b4c2b802518500cc,-36118.0,52645.0,-95966.0,69318.0,-107617.0,,0,0,0,0,0,1,1,0,ADV_IND,37,37,14,-1,0,-1,-1,3933,32,8,unknown,APPLE,
3583.100000000006,e7:e8:04:03:80:67,67800304e8e71eff4c001219203bc6e64fc4623d2a555075ce5fc6f8eb0cdbceb652b80043,-40905.0,59711.0,-99823.0,75211.0,-142725.0,,0,0,0,0,0,1,1,0,ADV_IND,37,37,3,-1,0,-1,-1,1903,32,8,unknown,APPLE,
3585.671000000002,db:48:ac:6f:aa:a1,a1aa6fac48db1eff4c00121960947040aac6a3f191ed59ad260378263273423aa6251a03fd,-20385.0,53871.0,-79448.0,108814.0,-146287.0,,0,0,0,0,0,1,1,0,ADV_IND,37,37,9,-1,0,-1,-1,3957,32,8,unknown,APPLE,
3587.1640000000043,c8:26:11:f1:4d:11,114df11126c81eff4c00121920b7affd86d4d2dbe0ee84723cba33d1fd634357c1fa980014,1629.0,72267.0,-56973.0,73130.0,-108104.0,,0,0,0,0,0,1,1,0,ADV_IND,37,37,1,-1,0,-1,-1,7886,31,7,unknown,APPLE,
3587.1640000000043,fa:97:06:e7:da:9f,9fdae70697fa1eff4c00121900d58693d77db18d74e91eac273372d237fff17b0fb79b0000,-23853.0,39506.0,-103764.0,69130.0,-111608.0,,0,0,0,0,0,1,1,2,ADV_NONCONN_IND,37,37,15,-1,0,-1,-1,5322,32,8,unknown,APPLE,
3588.909,50:aa:ca:85:78:51,517885caaa500201061916aafe403f35e420d5cb55ccb7c814c1a80704603976ce6544,-16929.0,94943.0,-91622.0,96704.0,-123849.0,,0,0,0,0,0,1,1,0,ADV_IND,35,37,3,-1,0,-1,-1,6550,32,8,unknown,GOOGLE,
3588.909,d8:57:c4:85:0c:2c,2c0c85c457d81eff4c00121920c8f689ef75b26654e4067ccb12dea31b22598f12376700c6,-46963.0,68068.0,-90552.0,77923.0,-126089.0,,0,0,0,0,0,1,1,0,ADV_IND,37,37,13,-1,0,-1,-1,4298,31,7,unknown,APPLE,
3592.373000000007,fa:97:06:e7:da:9f,9fdae70697fa1eff4c00121900d58693d77db18d74e91eac273372d237fff17b0fb79b0000,-20768.0,43819.0,-92456.0,67111.0,-123443.0,,0,0,0,0,0,1,1,2,ADV_NONCONN_IND,37,37,7,-1,0,-1,-1,6039,32,8,unknown,APPLE,
3592.606,fa:97:06:e7:da:9f,9fdae70697fa1eff4c00121900d58693d77db18d74e91eac273372d237fff17b0fb79b0000,-40420.0,68983.0,-82069.0,73225.0,-139026.0,,0,0,0,0,0,1,1,2,ADV_NONCONN_IND,37,37,10,-1,0,-1,-1,7753,32,8,unknown,APPLE,
3594.6140000000014,d8:57:c4:85:0c:2c,2c0c85c457d81eff4c00121920c8f689ef75b26654e4067ccb12dea31b22598f12376700c6,-36514.0,60823.0,-96711.0,73811.0,-112062.0,,0,0,0,0,0,1,1,0,ADV_IND,37,37,7,-1,0,-1,-1,2537,31,7,unknown,APPLE,
3597.9050000000134,ec:9e:eb:84:32:01,013284eb9eec1eff4c00121900e300bbe1c44c1e38815e26a39619fc231960bbafaf0d0200,-38129.0,62673.0,-90030.0,75944.0,-152332.0,,0,0,0,0,0,1,1,2,ADV_NONCONN_IND,37,37,2,-1,0,-1,-1,6203,30,8,unknown,APPLE,
3597.9050000000134,50:aa:ca:85:78:51,517885caaa500201061916aafe403f35e420d5cb55ccb7c814c1a80704603976ce6544,-1800.0,98466.0,-90125.0,116471.0,-145129.0,,0,0,0,0,0,1,1,0,ADV_IND,35,37,13,-1,0,-1,-1,4820,32,8,unknown,GOOGLE,
3597.9050000000134,c8:26:11:f1:4d:11,114df11126c81eff4c00121920b7affd86d4d2dbe0ee84723cba33d1fd634357c1fa980014,-1857.0,59889.0,-70352.0,85044.0,-88317.0,,0,0,0,0,0,1,1,0,ADV_IND,37,37,11,-1,0,-1,-1,2620,32,7,unknown,APPLE,
3599.161000000008,f0:e3:6f:28:be:f5,f5be286fe3f01eff4c0012191073bb1c1cfa670e8abdd5c8d588443fe6b4c2b802518500cc,-37245.0,85810.0,-103593.0,76323.0,-134263.0,,0,0,0,0,0,1,1,0,ADV_IND,37,37,15,-1,0,-1,-1,7631,32,8,unknown,APPLE,
3599.161000000008,fa:97:06:e7:da:9f,9fdae70697fa1eff4c00121900d58693d77db18d74e91eac273372d237fff17b0fb79b0000,-38099.0,65394.0,-108048.0,100405.0,-148710.0,,0,0,0,0,0,1,1,2,ADV_NONCONN_IND,37,37,2,-1,0,-1,-1,2232,32,8,unknown,APPLE,
3600.040000000008,70:65:bc:b8:d1:18,18d1b8bc65700201061916aafe40e2495ef2a112c87fbce3ddafbdb0c27c54c0817b26,-14172.0,79704.0,-95519.0,93852.0,-91648.0,,0,0,0,0,0,1,1,0,ADV_IND,35,37,8,-1,0,-1,-1,5152,32,8,unknown,GOOGLE,
3601.7060000000056,e7:e8:04:03:80:67,67800304e8e71eff4c001219203bc6e64fc4623d2a555075ce5fc6f8eb0cdbceb652b80043,-38397.0,75301.0,-108674.0,68880.0,-131518.0,,0,0,0,0,0,1,1,0,ADV_IND,37,37,10,-1,0,-1,-1,2368,32,8,unknown,APPLE,
3603.521000000008,fa:97:06:e7:da:9f,9fdae70697fa1eff4c00121900d58693d77db18d74e91eac273372d237fff17b0fb79b0000,-20525.0,74660.0,-124675.0,93675.0,-146913.0,,0,0,0,0,0,1,1,2,ADV_NONCONN_IND,37,37,2,-1,0,-1,-1,5211,31,8,unknown,APPLE,
3603.521000000008,ec:9e:eb:84:32:01,013284eb9eec1eff4c00121900e300bbe1c44c1e38815e26a39619fc231960bbafaf0d0200,-29492.0,83368.0,-102627.0,52526.0,-126848.0,,0,0,0,0,0,1,1,2,ADV_NONCONN_IND,37,37,10,-1,0,-1,-1,8021,31,8,unknown,APPLE,
3606.160000000004,c8:26:11:f1:4d:11,114df11126c81eff4c00121920b7affd86d4d2dbe0ee84723cba33d1fd634357c1fa980014,-15942.0,79986.0,-70046.0,70375.0,-100313.0,,0,0,0,0,0,1,1,0,ADV_IND,37,37,13,-1,0,-1,-1,6652,32,8,unknown,APPLE,
3606.160000000004,fa:97:06:e7:da:9f,9fdae70697fa1eff4c00121900d58693d77db18d74e91eac273372d237fff17b0fb79b0000,-31594.0,51840.0,-98784.0,79735.0,-119757.0,,0,0,0,0,0,1,1,2,ADV_NONCONN_IND,37,37,3,-1,0,-1,-1,5499,32,8,unknown,APPLE,
3607.3840000000055,c8:26:11:f1:4d:11,114df11126c81eff4c00121920b7affd86d4d2dbe0ee84723cba33d1fd634357c1fa980014,-10401.0,72368.0,-77861.0,74030.0,-78655.0,,0,0,0,0,0,1,1,0,ADV_IND,37,37,11,-1,0,-1,-1,1491,32,8,unknown,APPLE,
3610.406000000002,c8:26:11:f1:4d:11,114df11126c81eff4c00121920b7affd86d4d2dbe0ee84723cba33d1fd634357c1fa980014,-10249.0,76613.0,-74784.0,78507.0,-73557.0,,0,0,0,0,0,1,1,0,ADV_IND,37,37,9,-1,0,-1,-1,4143,32,8,unknown,APPLE,
3610.406000000002,fa:97:06:e7:da:9f,9fdae70697fa1eff4c00121900d58693d77db18d74e91eac273372d237fff17b0fb79b0000,-23899.0,62541.0,-85786.0,45358.0,-114752.0,,0,0,0,0,0,1,1,2,ADV_NONCONN_IND,37,37,11,-1,0,-1,-1,2829,32,8,unknown,APPLE,
3612.040000000008,c8:26:11:f1:4d:11,114df11126c81eff4c00121920b7affd86d4d2dbe0ee84723cba33d1fd634357c1fa980014,-12735.0,74816.0,-76693.0,88679.0,-83340.0,,0,0,0,0,0,1,1,0,ADV_IND,37,37,9,-1,0,-1,-1,2561,32,8,unknown,APPLE,
3612.040000000008,c3:69:45:23:09:19,1909234569c31eff4c001219004930c8842e557a0949c369fdaa0cd82d053128313d1d0000,-34157.0,56595.0,-109538.0,106912.0,-134171.0,,0,0,0,0,0,1,1,2,ADV_NONCONN_IND,37,37,1,-1,0,-1,-1,1177,32,8,unknown,APPLE,
3613.423999999999,c3:69:45:23:09:19,1909234569c31eff4c001219004930c8842e557a0949c369fdaa0cd82d053128313d1d0000,-30617.0,72423.0,-111295.0,93961.0,-114447.0,,0,0,0,0,0,1,1,2,ADV_NONCONN_IND,37,37,13,-1,0,-1,-1,3306,32,8,unknown,APPLE,
3613.423999999999,c3:69:45:23:09:19,1909234569c31eff4c001219004930c8842e557a0949c369fdaa0cd82d053128313d1d0000,-12042.0,75320.0,-114045.0,81180.0,-136790.0,,0,0,0,0,0,1,1,2,ADV_NONCONN_IND,37,37,15,-1,0,-1,-1,2764,32,8,unknown,APPLE,
3613.423999999999,e7:e8:04:03:80:67,67800304e8e71eff4c001219203bc6e64fc4623d2a555075ce5fc6f8eb0cdbceb652b80043,-20344.0,81586.0,-119740.0,101881.0,-151864.0,,0,0,0,0,0,1,1,0,ADV_IND,37,37,7,-1,0,-1,-1,994,32,8,unknown,APPLE,
3615.044000000009,c3:69:45:23:09:19,1909234569c31eff4c001219004930c8842e557a0949c369fdaa0cd82d053128313d1d0000,-22738.0,50432.0,-103141.0,90616.0,-148712.0,,0,0,0,0,0,1,1,2,ADV_NONCONN_IND,37,37,6,-1,0,-1,-1,1415,32,8,unknown,APPLE,
3615.044000000009,d8:57:c4:85:0c:2c,2c0c85c457d81eff4c00121920c8f689ef75b26654e4067ccb12dea31b22598f12376700c6,-39833.0,50226.0,-115913.0,82852.0,-82247.0,,0,0,0,0,0,1,1,0,ADV_IND,37,37,13,-1,0,-1,-1,2759,32,7,unknown,APPLE,
3615.044000000009,e4:b4:8d:df:00:c3,c300df8db4e41eff4c00121960d230965f2c4032736e520f76490b61d72bca3db4db350185,-15536.0,48530.0,-97771.0,84247.0,-101484.0,,0,0,0,0,0,1,1,0,ADV_IND,37,37,6,-1,0,-1,-1,6982,32,8,unknown,APPLE,
3617.5330000000095,ce:43:1b:83:c9:9b,9bc9831b43ce1eff4c00121920ef20ab27cc7c27f26027f8b3a30758d3221016d44d8200ce,-34445.0,56694.0,-78127.0,66466.0,-131420.0,,0,0,0,0,0,1,1,0,ADV_IND,37,37,3,-1,0,-1,-1,5681,32,8,unknown,APPLE,
3617.5330000000095,ec:9e:eb:84:32:01,013284eb9eec1eff4c00121900e300bbe1c44c1e38815e26a39619fc231960bbafaf0d0200,-33614.0,51498.0,-99244.0,75456.0,-118487.0,,0,0,0,0,0,1,1,2,ADV_NONCONN_IND,37,37,15,-1,0,-1,-1,7762,32,7,unknown,APPLE,
3617.5330000000095,ce:f0:a6:d1:cb:a1,25666c3cf5f41eff4c00121910c4ae7bedf14240cd85e38faa329cbbc7be0f299a6ed70302,-44429.0,87432.0,-100573.0,81525.0,-130179.0,,0,0,0,0,0,1,1,0,ADV_IND,37,37,11,-1,0,-1,-1,7906,32,8,unknown,APPLE,f4:f5:3c:6c:66:25
3619.2620000000015,c8:26:11:f1:4d:11,114df11126c81eff4c00121920b7affd86d4d2dbe0ee84723cba33d1fd634357c1fa980014,-11940.0,83899.0,-75683.0,64721.0,-100534.0,,0,0,0,0,0,1,1,0,ADV_IND,37,37,14,-1,0,-1,-1,1188,32,8,unknown,APPLE,
3624.297000000006,e4:b4:8d:df:00:c3,c300df8db4e41eff4c00121960d230965f2c4032736e520f76490b61d72bca3db4db350185,-15277.0,60238.0,-81198.0,54864.0,-137132.0,,0,0,0,0,0,1,1,0,ADV_IND,37,37,4,-1,0,-1,-1,6373,32,8,unknown,APPLE,
3624.297000000006,ec:9e:eb:84:32:01,013284eb9eec1eff4c00121900e300bbe1c44c1e38815e26a39619fc231960bbafaf0d0200,-24462.0,64073.0,-114917.0,68029.0,-129207.0,,0,0,0,0,0,1,1,2,ADV_NONCONN_IND,37,37,6,-1,0,-1,-1,2409,32,8,unknown,APPLE,
3624.297000000006,fa:97:06:e7:da:9f,9fdae70697fa1eff4c00121900d58693d77db18d74e91eac273372d237fff17b0fb79b0000,-18944.0,39887.0,-95332.0,58210.0,-107127.0,,0,0,0,0,0,1,1,2,ADV_NONCONN_IND,37,37,4,-1,0,-1,-1,3394,32,8,unknown,APPLE,
3624.297000000006,c3:69:45:23:09:19,1909234569c31eff4c001219004930c8842e557a0949c369fdaa0cd82d053128313d1d0000,-19654.0,76858.0,-118240.0,98446.0,-145232.0,,0,0,0,0,0,1,1,2,ADV_NONCONN_IND,37,37,3,-1,0,-1,-1,7163,31,7,unknown,APPLE,
3624.566000000006,70:65:bc:b8:d1:18,18d1b8bc65700201061916aafe40e2495ef2a112c87fbce3ddafbdb0c27c54c0817b26,-20386.0,86440.0,-82813.0,52166.0,-116096.0,,0,0,0,0,0,1,1,0,ADV_IND,35,37,12,-1,0,-1,-1,5264,32,7,unknown,GOOGLE,
3624.839000000007,ea:a4:73:28:a1:84,84a12873a4ea1eff4c001219100d889b1cffe2e41faea48a54a6c16adc4e0d0e88ce990124,-34565.0,66710.0,-99666.0,45529.0,-121552.0,,0,0,0,0,0,1,1,0,ADV_IND,37,37,12,-1,0,-1,-1,2730,32,7,unknown,APPLE,
3624.839000000007,fa:97:06:e7:da:9f,9fdae70697fa1eff4c00121900d58693d77db18d74e91eac273372d237fff17b0fb79b0000,-36887.0,45622.0,-106070.0,74250.0,-114846.0,,0,0,0,0,0,1,1,2,ADV_NONCONN_IND,37,37,4,-1,0,-1,-1,6260,32,8,unknown,APPLE,
3624.839000000007,c8:26:11:f1:4d:11,114df11126c81eff4c00121920b7affd86d4d2dbe0ee84723cba33d1fd634357c1fa980014,-7691.0,84517.0,-77554.0,81695.0,-112013.0,,0,0,0,0,0,1,1,0,ADV_IND,37,37,12,-1,0,-1,-1,7958,32,8,unknown,APPLE,
3625.119000000006,ec:9e:eb:84:32:01,013284eb9eec1eff4c00121900e300bbe1c44c1e38815e26a39619fc231960bbafaf0d0200,-22684.0,61786.0,-102824.0,84417.0,-153589.0,,0,0,0,0,0,1,1,2,ADV_NONCONN_IND,37,37,9,-1,0,-1,-1,2597,30,7,unknown,APPLE,
3625.402000000002,e7:e8:04:03:80:67,67800304e8e71eff4c001219203bc6e64fc4623d2a555075ce5fc6f8eb0cdbceb652b80043,-9732.0,102964.0,-120627.0,74681.0,-152563.0,,0,0,0,0,0,1,1,0,ADV_IND,37,37,13,-1,0,-1,-1,7184,31,8,unknown,APPLE,
3625.402000000002,c3:69:45:23:09:19,1909234569c31eff4c001219004930c8842e557a0949c369fdaa0cd82d053128313d1d0000,-21618.0,34176.0,-108599.0,76580.0,-96389.0,,0,0,0,0,0,1,1,2,ADV_NONCONN_IND,37,37,15,-1,0,-1,-1,2952,32,8,unknown,APPLE,
3625.6820000000007,c8:26:11:f1:4d:11,114df11126c81eff4c00121920b7affd86d4d2dbe0ee84723cba33d1fd634357c1fa980014,-2548.0,75531.0,-79553.0,83940.0,-101324.0,,0,0,0,0,0,1,1,0,ADV_IND,37,37,0,-1,0,-1,-1,2647,31,8,unknown,APPLE,
3625.6820000000007,ea:a4:73:28:a1:84,84a12873a4ea1eff4c001219100d889b1cffe2e41faea48a54a6c16adc4e0d0e88ce990124,-22344.0,59841.0,-101647.0,49817.0,-105510.0,,0,0,0,0,0,1,1,0,ADV_IND,37,37,2,-1,0,-1,-1,7473,32,8,unknown,APPLE,
3625.6820000000007,70:65:bc:b8:d1:18,18d1b8bc65700201061916aafe40e2495ef2a112c87fbce3ddafbdb0c27c54c0817b26,-40414.0,124880.0,-124707.0,100582.0,-120503.0,,0,0,0,0,0,1,1,0,ADV_IND,35,37,13,-1,0,-1,-1,4743,31,8,unknown,GOOGLE,
3625.9530000000086,ce:43:1b:83:c9:9b,9bc9831b43ce1eff4c00121920ef20ab27cc7c27f26027f8b3a30758d3221016d44d8200ce,-24229.0,62422.0,-87897.0,59768.0,-127503.0,,0,0,0,0,0,1,1,0,ADV_IND,37,37,0,-1,0,-1,-1,5138,32,7,unknown,APPLE,
3625.9530000000086,c8:26:11:f1:4d:11,114df11126c81eff4c00121920b7affd86d4d2dbe0ee84723cba33d1fd634357c1fa980014,-17161.0,87752.0,-81938.0,67986.0,-100783.0,,0,0,0,0,0,1,1,0,ADV_IND,37,37,5,-1,0,-1,-1,6012,32,8,unknown,APPLE,
3627.2100000000064,c8:26:11:f1:4d:11,114df11126c81eff4c00121920b7affd86d4d2dbe0ee84723cba33d1fd634357c1fa980014,-5379.0,74296.0,-97753.0,94617.0,-101487.0,,0,0,0,0,0,1,1,0,ADV_IND,37,37,12,-1,0,-1,-1,6067,32,8,unknown,APPLE,
3627.2100000000064,ec:9e:eb:84:32:01,013284eb9eec1eff4c00121900e300bbe1c44c1e38815e26a39619fc231960bbafaf0d0200,-31772.0,80414.0,-98458.0,80582.0,-159204.0,,0,0,0,0,0,1,1,2,ADV_NONCONN_IND,37,37,6,-1,0,-1,-1,3424,31,8,unknown,APPLE,
3627.2100000000064,e3:c3:49:4d:f4:ae,aef44d49c3e31eff4c001219604e0af447121b0d511651f658eb393692577432a84ea902e7,-19947.0,69487.0,-104167.0,93871.0,-180420.0,,0,0,0,0,0,1,1,0,ADV_IND,37,37,12,-1,0,-1,-1,4893,31,8,unknown,APPLE,
3628.212,db:48:ac:6f:aa:a1,a1aa6fac48db1eff4c00121960947040aac6a3f191ed59ad260378263273423aa6251a03fd,-9941.0,69361.0,-89348.0,89423.0,-153481.0,,0,0,0,0,0,1,1,0,ADV_IND,37,37,4,-1,0,-1,-1,5018,32,8,unknown,APPLE,
3628.212,70:65:bc:b8:d1:18,18d1b8bc65700201061916aafe40e2495ef2a112c87fbce3ddafbdb0c27c54c0817b26,-3948.0,109214.0,-91049.0,75487.0,-130270.0,,0,0,0,0,0,1,1,0,ADV_IND,35,37,1,-1,0,-1,-1,7552,32,8,unknown,GOOGLE,
3629.950000000012,ec:9e:eb:84:32:01,013284eb9eec1eff4c00121900e300bbe1c44c1e38815e26a39619fc231960bbafaf0d0200,-49006.0,71633.0,-113594.0,93271.0,-138389.0,,0,0,0,0,0,1,1,2,ADV_NONCONN_IND,37,37,3,-1,0,-1,-1,2237,32,8,unknown,APPLE,
3631.437000000005,fa:97:06:e7:da:9f,9fdae70697fa1eff4c00121900d58693d77db18d74e91eac273372d237fff17b0fb79b0000,-36535.0,65949.0,-104950.0,91830.0,-140918.0,,0,0,0,0,0,1,1,2,ADV_NONCONN_IND,37,37,9,-1,0,-1,-1,7794,32,8,unknown,APPLE,
3631.437000000005,e7:e8:04:03:80:67,67800304e8e71eff4c001219203bc6e64fc4623d2a555075ce5fc6f8eb0cdbceb652b80043,-50785.0,101766.0,-115271.0,108538.0,-166420.0,,0,0,0,0,0,1,1,0,ADV_IND,37,37,6,-1,0,-1,-1,8010,31,7,unknown,APPLE,
3633.13900000001,ec:9e:eb:84:32:01,013284eb9eec1eff4c00121900e300bbe1c44c1e38815e26a39619fc231960bbafaf0d0200,-38222.0,61080.0,-98623.0,78438.0,-140472.0,,0,0,0,0,0,1,1,2,ADV_NONCONN_IND,37,37,8,-1,0,-1,-1,6012,32,8,unknown,APPLE,
3633.13900000001,c3:69:45:23:09:19,1909234569c31eff4c001219004930c8842e557a0949c369fdaa0cd82d053128313d1d0000,-16310.0,29014.0,-105515.0,82841.0,-93900.0,,0,0,0,0,0,1,1,2,ADV_NONCONN_IND,37,37,7,-1,0,-1,-1,4956,32,8,unknown,APPLE,
3633.13900000001,e3:c3:49:4d:f4:ae,aef44d49c3e31eff4c001219604e0af447121b0d511651f658eb393692577432a84ea902e7,-19671.0,55000.0,-114732.0,78996.0,-151243.0,,0,0,0,0,0,1,1,0,ADV_IND,37,37,3,-1,0,-1,-1,4813,31,7,unknown,APPLE,
3634.305000000008,ec:9e:eb:84:32:01,013284eb9eec1eff4c00121900e300bbe1c44c1e38815e26a39619fc231960bbafaf0d0200,-14797.0,51843.0,-106656.0,69930.0,-142064.0,,0,0,0,0,0,1,1,2,ADV_NONCONN_IND,37,37,5,-1,0,-1,-1,1921,32,7,unknown,APPLE,
3634.305000000008,70:65:bc:b8:d1:18,18d1b8bc65700201061916aafe40e2495ef2a112c87fbce3ddafbdb0c27c54c0817b26,-25102.0,88390.0,-91479.0,83777.0,-115807.0,,0,0,0,0,0,1,1,0,ADV_IND,35,37,8,-1,0,-1,-1,4596,31,8,unknown,GOOGLE,
3636.0679999999993,ec:9e:eb:84:32:01,013284eb9eec1eff4c00121900e300bbe1c44c1e38815e26a39619fc231960bbafaf0d0200,-26743.0,84112.0,-133604.0,83493.0,-158331.0,,0,0,0,0,0,1,1,2,ADV_NONCONN_IND,37,37,8,-1,0,-1,-1,5322,31,8,unknown,APPLE,
3636.0679999999993,c3:69:45:23:09:19,1909234569c31eff4c001219004930c8842e557a0949c369fdaa0cd82d053128313d1d0000,-25550.0,41884.0,-115657.0,76015.0,-125109.0,,0,0,0,0,0,1,1,2,ADV_NONCONN_IND,37,37,2,-1,0,-1,-1,2957,32,8,unknown,APPLE,
3637.451000000001,fa:97:06:e7:da:9f,9fdae70697fa1eff4c00121900d58693d77db18d74e91eac273372d237fff17b0fb79b0000,-21289.0,75043.0,-116844.0,93174.0,-131304.0,,0,0,0,0,0,1,1,2,ADV_NONCONN_IND,37,37,10,-1,0,-1,-1,3248,32,7,unknown,APPLE,
3639.077000000005,ec:9e:eb:84:32:01,013284eb9eec1eff4c00121900e300bbe1c44c1e38815e26a39619fc231960bbafaf0d0200,-34631.0,63264.0,-103610.0,51608.0,-113109.0,,0,0,0,0,0,1,1,2,ADV_NONCONN_IND,37,37,15,-1,0,-1,-1,7387,32,8,unknown,APPLE,
3640.792000000001,fa:97:06:e7:da:9f,9fdae70697fa1eff4c00121900d58693d77db18d74e91eac273372d237fff17b0fb79b0000,-39702.0,92272.0,-110453.0,81511.0,-144571.0,,0,0,0,0,0,1,1,2,ADV_NONCONN_IND,37,37,1,-1,0,-1,-1,2214,32,8,unknown,APPLE,
3640.792000000001,ea:a4:73:28:a1:84,84a12873a4ea1eff4c001219100d889b1cffe2e41faea48a54a6c16adc4e0d0e88ce990124,-17996.0,85646.0,-107386.0,53303.0,-142043.0,,0,0,0,0,0,1,1,0,ADV_IND,37,37,0,-1,0,-1,-1,4717,32,8,unknown,APPLE,
3642.733000000008,ec:9e:eb:84:32:01,013284eb9eec1eff4c00121900e300bbe1c44c1e38815e26a39619fc231960bbafaf0d0200,-15089.0,52673.0,-99450.0,65827.0,-137851.0,,0,0,0,0,0,1,1,2,ADV_NONCONN_IND,37,37,12,-1,0,-1,-1,2362,32,7,unknown,APPLE,
3644.232000000004,fa:97:06:e7:da:9f,9fdae70697fa1eff4c00121900d58693d77db18d74e91eac273372d237fff17b0fb79b0000,-47825.0,61087.0,-112027.0,89108.0,-135024.0,,0,0,0,0,0,1,1,2,ADV_NONCONN_IND,37,37,13,-1,0,-1,-1,2527,31,8,unknown,APPLE,
3646.0290000000095,ec:9e:eb:84:32:01,013284eb9eec1eff4c00121900e300bbe1c44c1e38815e26a39619fc231960bbafaf0d0200,-37848.0,55263.0,-108387.0,85406.0,-135849.0,,0,0,0,0,0,1,1,2,ADV_NONCONN_IND,37,37,10,-1,0,-1,-1,1423,32,7,unknown,APPLE,
3646.0290000000095,fa:97:06:e7:da:9f,9fdae70697fa1eff4c00121900d58693d77db18d74e91eac273372d237fff17b0fb79b0000,-7132.0,60634.0,-115065.0,52363.0,-110679.0,,0,0,0,0,0,1,1,2,ADV_NONCONN_IND,37,37,2,-1,0,-1,-1,6060,32,8,unknown,APPLE,
3647.670000000013,c8:26:11:f1:4d:11,114df11126c81eff4c00121920b7affd86d4d2dbe0ee84723cba33d1fd634357c1fa980014,5603.0,85515.0,-94955.0,93091.0,-116523.0,,0,0,0,0,0,1,1,0,ADV_IND,37,37,7,-1,0,-1,-1,3520,32,8,unknown,APPLE,
3647.670000000013,70:65:bc:b8:d1:18,18d1b8bc65700201061916aafe40e2495ef2a112c87fbce3ddafbdb0c27c54c0817b26,-28064.0,104856.0,-101418.0,96616.0,-135677.0,,0,0,0,0,0,1,1,0,ADV_IND,35,37,5,-1,0,-1,-1,4998,32,8,unknown,GOOGLE,
3647.670000000013,fa:97:06:e7:da:9f,9fdae70697fa1eff4c00121900d58693d77db18d74e91eac273372d237fff17b0fb79b0000,-26551.0,59808.0,-102196.0,65510.0,-124311.0,,0,0,0,0,0,1,1,2,ADV_NONCONN_IND,37,37,12,-1,0,-1,-1,4243,30,8,unknown,APPLE,
3649.2660000000033,d8:57:c4:85:0c:2c,2c0c85c457d81eff4c00121920c8f689ef75b26654e4067ccb12dea31b22598f12376700c6,-48737.0,102729.0,-120058.0,90236.0,-142565.0,,0,0,0,0,0,1,1,0,ADV_IND,37,37,9,-1,0,-1,-1,3352,32,7,unknown,APPLE,
3653.8600000000006,ea:a4:73:28:a1:84,84a12873a4ea1eff4c001219100d889b1cffe2e41faea48a54a6c16adc4e0d0e88ce990124,-29236.0,81092.0,-97254.0,65690.0,-149152.0,,0,0,0,0,0,1,1,0,ADV_IND,37,37,7,-1,0,-1,-1,2486,32,7,unknown,APPLE,
3653.8600000000006,ec:9e:eb:84:32:01,013284eb9eec1eff4c00121900e300bbe1c44c1e38815e26a39619fc231960bbafaf0d0200,-27616.0,69755.0,-98465.0,78870.0,-164482.0,,0,0,0,0,0,1,1,2,ADV_NONCONN_IND,37,37,1,-1,0,-1,-1,4667,31,8,unknown,APPLE,
3653.8600000000006,e7:e8:04:03:80:67,67800304e8e71eff4c001219203bc6e64fc4623d2a555075ce5fc6f8eb0cdbceb652b80043,-32127.0,86449.0,-99433.0,90309.0,-160268.0,,0,0,0,0,0,1,1,0,ADV_IND,37,37,8,-1,0,-1,-1,6465,31,8,unknown,APPLE,
3654.136000000013,ea:a4:73:28:a1:84,84a12873a4ea1eff4c001219100d889b1cffe2e41faea48a54a6c16adc4e0d0e88ce990124,-34493.0,72045.0,-101791.0,48479.0,-100464.0,,0,0,0,0,0,1,1,0,ADV_IND,37,37,5,-1,0,-1,-1,1216,32,8,unknown,APPLE,
3654.413000000001,c3:69:45:23:09:19,1909234569c31eff4c001219004930c8842e557a0949c369fdaa0cd82d053128313d1d0000,-30815.0,90654.0,-116546.0,84792.0,-137430.0,,0,0,0,0,0,1,1,2,ADV_NONCONN_IND,37,37,8,-1,0,-1,-1,7139,32,8,unknown,APPLE,
3654.413000000001,d8:57:c4:85:0c:2c,2c0c85c457d81eff4c00121920c8f689ef75b26654e4067ccb12dea31b22598f12376700c6,-42924.0,72885.0,-87793.0,55517.0,-113023.0,,0,0,0,0,0,1,1,0,ADV_IND,37,37,13,-1,0,-1,-1,4511,32,8,unknown,APPLE,
3654.413000000001,db:48:ac:6f:aa:a1,a1aa6fac48db1eff4c00121960947040aac6a3f191ed59ad260378263273423aa6251a03fd,-17600.0,53445.0,-79470.0,76094.0,-133032.0,,0,0,0,0,0,1,1,0,ADV_IND,37,37,6,-1,0,-1,-1,1677,32,8,unknown,APPLE,
3654.413000000001,e3:c3:49:4d:f4:ae,aef44d49c3e31eff4c001219604e0af447121b0d511651f658eb393692577432a84ea902e7,-17757.0,46528.0,-94279.0,80753.0,-158449.0,,0,0,0,0,0,1,1,0,ADV_IND,37,37,3,-1,0,-1,-1,6106,32,8,unknown,APPLE,
3654.688000000009,c8:26:11:f1:4d:11,114df11126c81eff4c00121920b7affd86d4d2dbe0ee84723cba33d1fd634357c1fa980014,-2072.0,82733.0,-76562.0,75744.0,-103973.0,,0,0,0,0,0,1,1,0,ADV_IND,37,37,6,-1,0,-1,-1,2755,32,8,unknown,APPLE,
3654.688000000009,70:65:bc:b8:d1:18,18d1b8bc65700201061916aafe40e2495ef2a112c87fbce3ddafbdb0c27c54c0817b26,-27447.0,99844.0,-94004.0,53993.0,-112487.0,,0,0,0,0,0,1,1,0,ADV_IND,35,37,2,-1,0,-1,-1,4628,32,7,unknown,GOOGLE,
3655.704000000013,c8:26:11:f1:4d:11,114df11126c81eff4c00121920b7affd86d4d2dbe0ee84723cba33d1fd634357c1fa980014,-22778.0,70150.0,-58613.0,72590.0,-109625.0,,0,0,0,0,0,1,1,0,ADV_IND,37,37,14,-1,0,-1,-1,2979,32,7,unknown,APPLE,
3655.704000000013,ea:a4:73:28:a1:84,84a12873a4ea1eff4c001219100d889b1cffe2e41faea48a54a6c16adc4e0d0e88ce990124,-20514.0,66752.0,-107628.0,66424.0,-132366.0,,0,0,0,0,0,1,1,0,ADV_IND,37,37,14,-1,0,-1,-1,3131,32,8,unknown,APPLE,
3655.704000000013,fa:97:06:e7:da:9f,9fdae70697fa1eff4c00121900d58693d77db18d74e91eac273372d237fff17b0fb79b0000,-37697.0,45381.0,-97271.0,76618.0,-137299.0,,0,0,0,0,0,1,1,2,ADV_NONCONN_IND,37,37,6,-1,0,-1,-1,1860,32,8,unknown,APPLE,
3659.1020000000135,c3:69:45:23:09:19,1909234569c31eff4c001219004930c8842e557a0949c369fdaa0cd82d053128313d1d0000,-9287.0,35292.0,-92239.0,84051.0,-103099.0,,0,0,0,0,0,1,1,2,ADV_NONCONN_IND,37,37,2,-1,0,-1,-1,1752,32,7,unknown,APPLE,
3659.1020000000135,ea:a4:73:28:a1:84,84a12873a4ea1eff4c001219100d889b1cffe2e41faea48a54a6c16adc4e0d0e88ce990124,-18359.0,81029.0,-101157.0,55807.0,-157911.0,,0,0,0,0,0,1,1,0,ADV_IND,37,37,11,-1,0,-1,-1,1446,32,8,unknown,APPLE,
3659.1020000000135,ec:9e:eb:84:32:01,013284eb9eec1eff4c00121900e300bbe1c44c1e38815e26a39619fc231960bbafaf0d0200,-33569.0,63752.0,-92562.0,64901.0,-114669.0,,0,0,0,0,0,1,1,2,ADV_NONCONN_IND,37,37,8,-1,0,-1,-1,3298,32,8,unknown,APPLE,
3660.607000000004,fa:97:06:e7:da:9f,9fdae70697fa1eff4c00121900d58693d77db18d74e91eac273372d237fff17b0fb79b0000,-24788.0,37022.0,-91551.0,55021.0,-109821.0,,0,0,0,0,0,1,1,2,ADV_NONCONN_IND,37,37,13,-1,0,-1,-1,6206,32,8,unknown,APPLE,
3660.607000000004,c8:26:11:f1:4d:11,114df11126c81eff4c00121920b7affd86d4d2dbe0ee84723cba33d1fd634357c1fa980014,-14443.0,61097.0,-75741.0,72856.0,-82792.0,,0,0,0,0,0,1,1,0,ADV_IND,37,37,10,-1,0,-1,-1,3625,32,8,unknown,APPLE,
3660.607000000004,d8:57:c4:85:0c:2c,2c0c85c457d81eff4c00121920c8f689ef75b26654e4067ccb12dea31b22598f12376700c6,-23924.0,74105.0,-120326.0,88160.0,-133114.0,,0,0,0,0,0,1,1,0,ADV_IND,37,37,2,-1,0,-1,-1,2099,31,7,unknown,APPLE,
3661.896000000008,fa:97:06:e7:da:9f,9fdae70697fa1eff4c00121900d58693d77db18d74e91eac273372d237fff17b0fb79b0000,-22282.0,45394.0,-102390.0,67366.0,-109587.0,,0,0,0,0,0,1,1,2,ADV_NONCONN_IND,37,37,6,-1,0,-1,-1,7669,32,8,unknown,APPLE,
3661.896000000008,ea:a4:73:28:a1:84,84a12873a4ea1eff4c001219100d889b1cffe2e41faea48a54a6c16adc4e0d0e88ce990124,-31035.0,91410.0,-105121.0,48484.0,-146911.0,,0,0,0,0,0,1,1,0,ADV_IND,37,37,5,-1,0,-1,-1,1779,31,8,unknown,APPLE,
3663.184000000008,db:48:ac:6f:aa:a1,a1aa6fac48db1eff4c00121960947040aac6a3f191ed59ad260378263273423aa6251a03fd,3105.0,92637.0,-99004.0,95896.0,-155985.0,,0,0,0,0,0,1,1,0,ADV_IND,37,37,11,-1,0,-1,-1,6448,31,7,unknown,APPLE,
3664.820000000007,70:65:bc:b8:d1:18,18d1b8bc65700201061916aafe40e2495ef2a112c87fbce3ddafbdb0c27c54c0817b26,-21837.0,83692.0,-98202.0,86884.0,-85825.0,,0,0,0,0,0,1,1,0,ADV_IND,35,37,2,-1,0,-1,-1,3314,32,7,unknown,GOOGLE,
3664.820000000007,fa:97:06:e7:da:9f,9fdae70697fa1eff4c00121900d58693d77db18d74e91eac273372d237fff17b0fb79b0000,-34302.0,42214.0,-87869.0,60323.0,-108518.0,,0,0,0,0,0,1,1,2,ADV_NONCONN_IND,37,37,2,-1,0,-1,-1,7578,32,8,unknown,APPLE,
3666.761000000013,70:65:bc:b8:d1:18,18d1b8bc65700201061916aafe40e2495ef2a112c87fbce3ddafbdb0c27c54c0817b26,-5456.0,91751.0,-105739.0,89114.0,-107189.0,,0,0,0,0,0,1,1,0,ADV_IND,35,37,12,-1,0,-1,-1,3239,32,8,unknown,GOOGLE,
3668.228000000003,ce:43:1b:83:c9:9b,9bc9831b43ce1eff4c00121920ef20ab27cc7c27f26027f8b3a30758d3221016d44d8200ce,-20518.0,51958.0,-82276.0,81373.0,-116677.0,,0,0,0,0,0,1,1,0,ADV_IND,37,37,12,-1,0,-1,-1,8039,32,8,unknown,APPLE,
3668.228000000003,fa:97:06:e7:da:9f,9fdae70697fa1eff4c00121900d58693d77db18d74e91eac273372d237fff17b0fb79b0000,-32051.0,67248.0,-88542.0,45585.0,-103937.0,,0,0,0,0,0,1,1,2,ADV_NONCONN_IND,37,37,13,-1,0,-1,-1,6658,32,8,unknown,APPLE,
3668.228000000003,f0:e3:6f:28:be:f5,f5be286fe3f01eff4c0012191073bb1c1cfa670e8abdd5c8d588443fe6b4c2b802518500cc,-26205.0,75560.0,-105841.0,81290.0,-110997.0,,0,0,0,0,0,1,1,0,ADV_IND,37,37,12,-1,0,-1,-1,1505,32,8,unknown,APPLE,
3668.228000000003,ea:a4:73:28:a1:84,84a12873a4ea1eff4c001219100d889b1cffe2e41faea48a54a6c16adc4e0d0e88ce990124,-35967.0,64133.0,-104787.0,52510.0,-124198.0,,0,0,0,0,0,1,1,0,ADV_IND,37,37,0,-1,0,-1,-1,5581,32,8,unknown,APPLE,
3669.64,e7:e8:04:03:80:67,67800304e8e71eff4c001219203bc6e64fc4623d2a555075ce5fc6f8eb0cdbceb652b80043,-45360.0,67902.0,-98825.0,82488.0,-143278.0,,0,0,0,0,0,1,1,0,ADV_IND,37,37,6,-1,0,-1,-1,4129,32,8,unknown,APPLE,
3669.64,c3:69:45:23:09:19,1909234569c31eff4c001219004930c8842e557a0949c369fdaa0cd82d053128313d1d0000,-29244.0,88190.0,-109767.0,91370.0,-140909.0,,0,0,0,0,0,1,1,2,ADV_NONCONN_IND,37,37,3,-1,0,-1,-1,3321,32,8,unknown,APPLE,
3671.410000000004,70:65:bc:b8:d1:18,18d1b8bc65700201061916aafe40e2495ef2a112c87fbce3ddafbdb0c27c54c0817b26,-12419.0,94798.0,-88381.0,92110.0,-126573.0,,0,0,0,0,0,1,1,0,ADV_IND,35,37,12,-1,0,-1,-1,1430,32,8,unknown,GOOGLE,
3673.165000000008,fa:97:06:e7:da:9f,9fdae70697fa1eff4c00121900d58693d77db18d74e91eac273372d237fff17b0fb79b0000,-19268.0,60344.0,-106740.0,80913.0,-116010.0,,0,0,0,0,0,1,1,2,ADV_NONCONN_IND,37,37,3,-1,0,-1,-1,4801,32,8,unknown,APPLE,
3673.165000000008,ec:9e:eb:84:32:01,013284eb9eec1eff4c00121900e300bbe1c44c1e38815e26a39619fc231960bbafaf0d0200,-21360.0,88545.0,-125290.0,94588.0,-141400.0,,0,0,0,0,0,1,1,2,ADV_NONCONN_IND,37,37,5,-1,0,-1,-1,3913,31,7,unknown,APPLE,
3673.165000000008,ea:a4:73:28:a1:84,84a12873a4ea1eff4c001219100d889b1cffe2e41faea48a54a6c16adc4e0d0e88ce990124,-16895.0,76731.0,-97522.0,28155.0,-143577.0,,0,0,0,0,0,1,1,0,ADV_IND,37,37,14,-1,0,-1,-1,3808,31,8,unknown,APPLE,
3673.165000000008,db:48:ac:6f:aa:a1,a1aa6fac48db1eff4c00121960947040aac6a3f191ed59ad260378263273423aa6251a03fd,-9179.0,64217.0,-70205.0,90443.0,-135858.0,,0,0,0,0,0,1,1,0,ADV_IND,37,37,1,-1,0,-1,-1,5618,32,8,unknown,APPLE,
3674.795000000013,d8:57:c4:85:0c:2c,2c0c85c457d81eff4c00121920c8f689ef75b26654e4067ccb12dea31b22598f12376700c6,-43332.0,92009.0,-104157.0,108392.0,-137249.0,,0,0,0,0,0,1,1,0,ADV_IND,37,37,9,-1,0,-1,-1,1781,32,7,unknown,APPLE,
3674.795000000013,ea:a4:73:28:a1:84,84a12873a4ea1eff4c001219100d889b1cffe2e41faea48a54a6c16adc4e0d0e88ce990124,-28909.0,104150.0,-121549.0,77526.0,-124187.0,,0,0,0,0,0,1,1,0,ADV_IND,37,37,14,-1,0,-1,-1,3762,32,8,unknown,APPLE,
3674.795000000013,e3:77:2e:17:6e:79,25666c3cf5f41eff4c00121910c4ae7bedf14240cd85e38faa329cbbc7be0f299a6ed70302,-24253.0,86237.0,-94246.0,83511.0,-142917.0,,0,0,0,0,0,1,1,0,ADV_IND,37,37,8,-1,0,-1,-1,2811,32,7,unknown,APPLE,f4:f5:3c:6c:66:25
