src_file,cluster,dev_type,segments,duration_cov,duration_span,persistence_s,unique_macs,core_mac_density_scaled,adv_mac_pct,gt_frac,dur_ok,unique_ok,dens_ok,decision_ok,k_chosen
controlled/HtoW/scenarios_Home_to_work__adv1_apple0_google0_samsung0_tile0__advtag-4c001219fc__20260130_081125/scenario_tx-30s_rot-15min.csv,2,TAG_APPLE,4,3600.0,,3576.2230594158173,4,2.6839013370542024,1.0,1.0,True,False,True,True,3
controlled/HtoW/scenarios_Home_to_work__adv1_apple0_google0_samsung0_tile0__advtag-4c001219fc__20260130_081125/scenario_tx-30s_rot-15min.csv,1,TAG_APPLE,20,3600.0,,2120.204355239868,20,1.0380346933315259,0.0,0.0,True,True,True,True,3
controlled/HtoW/scenarios_Home_to_work__adv1_apple0_google0_samsung0_tile0__advtag-4c001219fc__20260130_081125/scenario_tx-30s_rot-15min.csv,0,TAG_APPLE,38,3600.0,,3513.969890356064,38,0.7695566049319754,0.0,0.0,True,True,False,False,3
controlled/HtoW/scenarios_Home_to_work__adv1_apple0_google0_samsung0_tile0__advtag-4c001219fc__20260130_081125/scenario_tx-30s_rot-15min.csv,2,TAG_APPLE,5,7200.0,,3583.926745414734,5,2.889417179592262,1.0,1.0,True,False,True,True,3
controlled/HtoW/scenarios_Home_to_work__adv1_apple0_google0_samsung0_tile0__advtag-4c001219fc__20260130_081125/scenario_tx-30s_rot-15min.csv,1,TAG_APPLE,49,7200.0,,3518.664603471756,38,0.8027461975103588,0.0,0.0,True,True,False,False,3
controlled/HtoW/scenarios_Home_to_work__adv1_apple0_google0_samsung0_tile0__advtag-4c001219fc__20260130_081125/scenario_tx-30s_rot-15min.csv,0,TAG_APPLE,90,7200.0,,3593.361763715744,89,0.742352654214157,0.0,0.02247191011235955,True,True,False,False,3
controlled/HtoW/scenarios_Home_to_work__adv1_apple0_google0_samsung0_tile0__advtag-4c001219fc__20260130_081125/scenario_tx-30s_rot-15min.csv,3,TAG_TILE,1,3600.0,,2894.0326144695277,1,0.0,0.0,0.0,True,False,False,False,3
controlled/HtoW/scenarios_Home_to_work__adv1_apple0_google0_samsung0_tile0__advtag-4c001219fc__20260130_081125/scenario_tx-30s_rot-15min.csv,4,TAG_TILE,1,3600.0,,277.4696617126465,1,0.0,0.0,0.0,False,False,False,False,3
controlled/HtoW/scenarios_Home_to_work__adv1_apple0_google0_samsung0_tile0__advtag-4c001219fc__20260130_081125/scenario_tx-30s_rot-15min.csv,5,TAG_TILE,1,3600.0,,577.9147005081177,1,0.0,0.0,0.0,False,False,False,False,3
controlled/HtoW/scenarios_Home_to_work__adv1_apple0_google0_samsung0_tile0__advtag-4c001219fc__20260130_081125/scenario_tx-30s_rot-15min.csv,0,TAG_APPLE,34,3600.0,,771.7917475700378,34,1.0131508095774464,0.058823529411764705,0.058823529411764705,False,True,True,False,3
controlled/HtoW/scenarios_Home_to_work__adv1_apple0_google0_samsung0_tile0__advtag-4c001219fc__20260130_081125/scenario_tx-30s_rot-15min.csv,1,TAG_APPLE,43,3600.0,,636.8608703613281,43,0.8733599988573506,0.0,0.0,False,True,False,False,3
controlled/HtoW/scenarios_Home_to_work__adv1_apple0_google0_samsung0_tile0__advtag-4c001219fc__20260130_081125/scenario_tx-30s_rot-15min.csv,2,TAG_APPLE,9,3600.0,,382.5024645328522,9,0.5687076217038824,0.0,0.0,False,False,False,False,3
controlled/HtoW/scenarios_Home_to_work__adv1_apple0_google0_samsung0_tile0__advtag-4c001219fc__20260130_081125/scenario_tx-30s_rot-15min.csv,3,TAG_TILE,2,3600.0,,504.30240750312805,2,0.0,0.0,0.0,False,False,False,False,3
controlled/HtoW/scenarios_Home_to_work__adv1_apple0_google0_samsung0_tile0__advtag-4c001219fc__20260130_081125/scenario_tx-30s_rot-15min.csv,4,TAG_TILE,1,3600.0,,94.09704542160034,1,0.0,0.0,0.0,False,False,False,False,3
controlled/HtoW/scenarios_Home_to_work__adv1_apple0_google0_samsung0_tile0__advtag-4c001219fc__20260130_081125/scenario_tx-30s_rot-15min.csv,5,TAG_TILE,1,3600.0,,0.0,1,0.0,0.0,0.0,False,False,False,False,3
controlled/HtoW/scenarios_Home_to_work__adv1_apple0_google0_samsung0_tile0__advtag-4c001219fd__20260130_081144/scenario_tx-10s_rot-15min.csv,2,TAG_APPLE,4,3600.0,,3598.2555553913116,4,2.883477565261885,1.0,1.0,True,False,True,True,3
controlled/HtoW/scenarios_Home_to_work__adv1_apple0_google0_samsung0_tile0__advtag-4c001219fd__20260130_081144/scenario_tx-10s_rot-15min.csv,0,TAG_APPLE,20,3600.0,,2120.204355239868,20,1.5676647271100104,0.0,0.0,True,True,True,True,3
controlled/HtoW/scenarios_Home_to_work__adv1_apple0_google0_samsung0_tile0__advtag-4c001219fd__20260130_081144/scenario_tx-10s_rot-15min.csv,1,TAG_APPLE,38,3600.0,,3513.969890356064,38,1.2588461034080265,0.0,0.0,True,True,True,True,3
controlled/HtoW/scenarios_Home_to_work__adv1_apple0_google0_samsung0_tile0__advtag-4c001219fd__20260130_081144/scenario_tx-10s_rot-15min.csv,2,TAG_APPLE,5,7200.0,,3585.7611539363866,5,3.538307704529672,1.0,1.0,True,False,True,True,3
controlled/HtoW/scenarios_Home_to_work__adv1_apple0_google0_samsung0_tile0__advtag-4c001219fd__20260130_081144/scenario_tx-10s_rot-15min.csv,0,TAG_APPLE,96,7200.0,,3593.361763715744,95,1.1543802956309057,0.0,0.0,True,True,True,True,3
controlled/HtoW/scenarios_Home_to_work__adv1_apple0_google0_samsung0_tile0__advtag-4c001219fd__20260130_081144/scenario_tx-10s_rot-15min.csv,1,TAG_APPLE,44,7200.0,,3513.5685698986053,33,1.0929078401235364,0.0,0.0,True,True,True,True,3
controlled/HtoW/scenarios_Home_to_work__adv1_apple0_google0_samsung0_tile0__advtag-4c001219fd__20260130_081144/scenario_tx-10s_rot-15min.csv,3,TAG_TILE,1,3600.0,,2894.0326144695277,1,0.0,0.0,0.0,True,False,False,False,3
controlled/HtoW/scenarios_Home_to_work__adv1_apple0_google0_samsung0_tile0__advtag-4c001219fd__20260130_081144/scenario_tx-10s_rot-15min.csv,4,TAG_TILE,1,3600.0,,277.4696617126465,1,0.0,0.0,0.0,False,False,False,False,3
controlled/HtoW/scenarios_Home_to_work__adv1_apple0_google0_samsung0_tile0__advtag-4c001219fd__20260130_081144/scenario_tx-10s_rot-15min.csv,5,TAG_TILE,1,3600.0,,577.9147005081177,1,0.0,0.0,0.0,False,False,False,False,3
controlled/HtoW/scenarios_Home_to_work__adv1_apple0_google0_samsung0_tile0__advtag-4c001219fd__20260130_081144/scenario_tx-10s_rot-15min.csv,1,TAG_APPLE,23,3600.0,,771.0463919639587,23,1.4599909887757891,0.0,0.0,False,True,True,False,3
controlled/HtoW/scenarios_Home_to_work__adv1_apple0_google0_samsung0_tile0__advtag-4c001219fd__20260130_081144/scenario_tx-10s_rot-15min.csv,0,TAG_APPLE,62,3600.0,,672.5952179431915,62,1.1590802929809922,0.0,0.0,False,True,True,False,3
controlled/HtoW/scenarios_Home_to_work__adv1_apple0_google0_samsung0_tile0__advtag-4c001219fd__20260130_081144/scenario_tx-10s_rot-15min.csv,2,TAG_APPLE,2,3600.0,,749.1938815116882,2,0.0,1.0,1.0,False,False,False,False,3
controlled/HtoW/scenarios_Home_to_work__adv1_apple0_google0_samsung0_tile0__advtag-4c001219fd__20260130_081144/scenario_tx-10s_rot-15min.csv,3,TAG_TILE,2,3600.0,,504.30240750312805,2,0.0,0.0,0.0,False,False,False,False,3
controlled/HtoW/scenarios_Home_to_work__adv1_apple0_google0_samsung0_tile0__advtag-4c001219fd__20260130_081144/scenario_tx-10s_rot-15min.csv,4,TAG_TILE,1,3600.0,,94.09704542160034,1,0.0,0.0,0.0,False,False,False,False,3
controlled/HtoW/scenarios_Home_to_work__adv1_apple0_google0_samsung0_tile0__advtag-4c001219fd__20260130_081144/scenario_tx-10s_rot-15min.csv,5,TAG_TILE,1,3600.0,,0.0,1,0.0,0.0,0.0,False,False,False,False,3
controlled/HtoW/scenarios_Home_to_work__adv1_apple0_google0_samsung0_tile0__advtag-4c001219fc__20260130_081125/scenario_tx-10s_rot-15min.csv,2,TAG_APPLE,4,3600.0,,3588.110419511795,4,1.7242117030546986,1.0,1.0,True,False,True,True,3
controlled/HtoW/scenarios_Home_to_work__adv1_apple0_google0_samsung0_tile0__advtag-4c001219fc__20260130_081125/scenario_tx-10s_rot-15min.csv,1,TAG_APPLE,20,3600.0,,2120.204355239868,20,1.0406389369351983,0.0,0.0,True,True,True,True,3
controlled/HtoW/scenarios_Home_to_work__adv1_apple0_google0_samsung0_tile0__advtag-4c001219fc__20260130_081125/scenario_tx-10s_rot-15min.csv,0,TAG_APPLE,38,3600.0,,3513.969890356064,38,0.7433541120479084,0.0,0.0,True,True,False,False,3
controlled/HtoW/scenarios_Home_to_work__adv1_apple0_google0_samsung0_tile0__advtag-4c001219fc__20260130_081125/scenario_tx-10s_rot-15min.csv,2,TAG_APPLE,5,7200.0,,3591.58576130867,5,4.000565543351041,1.0,1.0,True,False,True,True,3
controlled/HtoW/scenarios_Home_to_work__adv1_apple0_google0_samsung0_tile0__advtag-4c001219fc__20260130_081125/scenario_tx-10s_rot-15min.csv,1,TAG_APPLE,49,7200.0,,3518.664603471756,38,0.8039954894734908,0.0,0.0,True,True,False,False,3
controlled/HtoW/scenarios_Home_to_work__adv1_apple0_google0_samsung0_tile0__advtag-4c001219fc__20260130_081125/scenario_tx-10s_rot-15min.csv,0,TAG_APPLE,91,7200.0,,3593.361763715744,90,0.7173531428476833,0.0,0.0,True,True,False,False,3
controlled/HtoW/scenarios_Home_to_work__adv1_apple0_google0_samsung0_tile0__advtag-4c001219fc__20260130_081125/scenario_tx-10s_rot-15min.csv,3,TAG_TILE,1,3600.0,,2894.0326144695277,1,0.0,0.0,0.0,True,False,False,False,3
controlled/HtoW/scenarios_Home_to_work__adv1_apple0_google0_samsung0_tile0__advtag-4c001219fc__20260130_081125/scenario_tx-10s_rot-15min.csv,4,TAG_TILE,1,3600.0,,277.4696617126465,1,0.0,0.0,0.0,False,False,False,False,3
controlled/HtoW/scenarios_Home_to_work__adv1_apple0_google0_samsung0_tile0__advtag-4c001219fc__20260130_081125/scenario_tx-10s_rot-15min.csv,5,TAG_TILE,1,3600.0,,577.9147005081177,1,0.0,0.0,0.0,False,False,False,False,3
controlled/HtoW/scenarios_Home_to_work__adv1_apple0_google0_samsung0_tile0__advtag-4c001219fc__20260130_081125/scenario_tx-10s_rot-15min.csv,0,TAG_APPLE,34,3600.0,,771.7917475700378,34,1.0227272974299264,0.058823529411764705,0.058823529411764705,False,True,True,False,3
controlled/HtoW/scenarios_Home_to_work__adv1_apple0_google0_samsung0_tile0__advtag-4c001219fc__20260130_081125/scenario_tx-10s_rot-15min.csv,1,TAG_APPLE,44,3600.0,,636.8608703613281,44,0.8791603697698459,0.0,0.0,False,True,False,False,3
controlled/HtoW/scenarios_Home_to_work__adv1_apple0_google0_samsung0_tile0__advtag-4c001219fc__20260130_081125/scenario_tx-10s_rot-15min.csv,2,TAG_APPLE,9,3600.0,,382.5024645328522,9,0.5732170103577857,0.0,0.0,False,False,False,False,3
controlled/HtoW/scenarios_Home_to_work__adv1_apple0_google0_samsung0_tile0__advtag-4c001219fc__20260130_081125/scenario_tx-10s_rot-15min.csv,3,TAG_TILE,2,3600.0,,504.30240750312805,2,0.0,0.0,0.0,False,False,False,False,3
controlled/HtoW/scenarios_Home_to_work__adv1_apple0_google0_samsung0_tile0__advtag-4c001219fc__20260130_081125/scenario_tx-10s_rot-15min.csv,4,TAG_TILE,1,3600.0,,94.09704542160034,1,0.0,0.0,0.0,False,False,False,False,3
controlled/HtoW/scenarios_Home_to_work__adv1_apple0_google0_samsung0_tile0__advtag-4c001219fc__20260130_081125/scenario_tx-10s_rot-15min.csv,5,TAG_TILE,1,3600.0,,0.0,1,0.0,0.0,0.0,False,False,False,False,3
controlled/HtoW/scenarios_Home_to_work__adv1_apple0_google0_samsung0_tile0__advtag-4c001219fd__20260130_081144/scenario_tx-10s_rot-1min.csv,2,TAG_APPLE,39,3600.0,,3410.2444260120396,39,4.133201758923072,1.0,1.0,True,True,True,True,3
controlled/HtoW/scenarios_Home_to_work__adv1_apple0_google0_samsung0_tile0__advtag-4c001219fd__20260130_081144/scenario_tx-10s_rot-1min.csv,1,TAG_APPLE,20,3600.0,,2273.736831188202,20,2.717237709178507,0.25,0.25,True,True,True,True,3
controlled/HtoW/scenarios_Home_to_work__adv1_apple0_google0_samsung0_tile0__advtag-4c001219fd__20260130_081144/scenario_tx-10s_rot-1min.csv,0,TAG_APPLE,35,3600.0,,3597.0692541599274,35,1.956131877953057,0.22857142857142856,0.22857142857142856,True,True,True,True,3
controlled/HtoW/scenarios_Home_to_work__adv1_apple0_google0_samsung0_tile0__advtag-4c001219fd__20260130_081144/scenario_tx-10s_rot-1min.csv,1,TAG_APPLE,45,7200.0,,3592.575669765473,45,2.9946447948639356,1.0,1.0,True,True,True,True,3
controlled/HtoW/scenarios_Home_to_work__adv1_apple0_google0_samsung0_tile0__advtag-4c001219fd__20260130_081144/scenario_tx-10s_rot-1min.csv,2,TAG_APPLE,54,7200.0,,3549.0402314662933,54,2.2781142752779107,0.0,0.09259259259259259,True,True,True,True,3
controlled/HtoW/scenarios_Home_to_work__adv1_apple0_google0_samsung0_tile0__advtag-4c001219fd__20260130_081144/scenario_tx-10s_rot-1min.csv,0,TAG_APPLE,74,7200.0,,3589.6322996616364,61,2.1413074685776308,0.2459016393442623,0.32786885245901637,True,True,True,True,3
controlled/HtoW/scenarios_Home_to_work__adv1_apple0_google0_samsung0_tile0__advtag-4c001219fd__20260130_081144/scenario_tx-10s_rot-1min.csv,3,TAG_TILE,1,3600.0,,2894.0326144695277,1,0.0,0.0,0.0,True,False,False,False,3
controlled/HtoW/scenarios_Home_to_work__adv1_apple0_google0_samsung0_tile0__advtag-4c001219fd__20260130_081144/scenario_tx-10s_rot-1min.csv,4,TAG_TILE,1,3600.0,,277.4696617126465,1,0.0,0.0,0.0,False,False,False,False,3
controlled/HtoW/scenarios_Home_to_work__adv1_apple0_google0_samsung0_tile0__advtag-4c001219fd__20260130_081144/scenario_tx-10s_rot-1min.csv,5,TAG_TILE,1,3600.0,,577.9147005081177,1,0.0,0.0,0.0,False,False,False,False,3
controlled/HtoW/scenarios_Home_to_work__adv1_apple0_google0_samsung0_tile0__advtag-4c001219fd__20260130_081144/scenario_tx-10s_rot-1min.csv,0,TAG_APPLE,30,3600.0,,773.3923244476318,30,2.0706048652262394,0.06666666666666667,0.06666666666666667,False,True,True,False,3
controlled/HtoW/scenarios_Home_to_work__adv1_apple0_google0_samsung0_tile0__advtag-4c001219fd__20260130_081144/scenario_tx-10s_rot-1min.csv,1,TAG_APPLE,11,3600.0,,689.0427010059357,11,2.0572638199513484,1.0,1.0,False,False,True,False,3
controlled/HtoW/scenarios_Home_to_work__adv1_apple0_google0_samsung0_tile0__advtag-4c001219fd__20260130_081144/scenario_tx-10s_rot-1min.csv,2,TAG_APPLE,51,3600.0,,636.8608703613281,51,1.640968045695332,0.0,0.0,False,True,True,False,3
controlled/HtoW/scenarios_Home_to_work__adv1_apple0_google0_samsung0_tile0__advtag-4c001219fd__20260130_081144/scenario_tx-10s_rot-1min.csv,3,TAG_TILE,2,3600.0,,504.30240750312805,2,0.0,0.0,0.0,False,False,False,False,3
controlled/HtoW/scenarios_Home_to_work__adv1_apple0_google0_samsung0_tile0__advtag-4c001219fd__20260130_081144/scenario_tx-10s_rot-1min.csv,4,TAG_TILE,1,3600.0,,94.09704542160034,1,0.0,0.0,0.0,False,False,False,False,3
controlled/HtoW/scenarios_Home_to_work__adv1_apple0_google0_samsung0_tile0__advtag-4c001219fd__20260130_081144/scenario_tx-10s_rot-1min.csv,5,TAG_TILE,1,3600.0,,0.0,1,0.0,0.0,0.0,False,False,False,False,3
controlled/HtoW/scenarios_Home_to_work__adv1_apple0_google0_samsung0_tile0__advtag-4c001219fd__20260130_081144/scenario_tx-15s_rot-15min.csv,2,TAG_APPLE,4,3600.0,,3588.1325721740723,4,2.1531263723594267,1.0,1.0,True,False,True,True,3
controlled/HtoW/scenarios_Home_to_work__adv1_apple0_google0_samsung0_tile0__advtag-4c001219fd__20260130_081144/scenario_tx-15s_rot-15min.csv,0,TAG_APPLE,19,3600.0,,2120.204355239868,19,1.490180831038772,0.0,0.0,True,True,True,True,3
controlled/HtoW/scenarios_Home_to_work__adv1_apple0_google0_samsung0_tile0__advtag-4c001219fd__20260130_081144/scenario_tx-15s_rot-15min.csv,1,TAG_APPLE,39,3600.0,,3513.969890356064,39,1.1841095477415358,0.0,0.0,True,True,True,True,3
controlled/HtoW/scenarios_Home_to_work__adv1_apple0_google0_samsung0_tile0__advtag-4c001219fd__20260130_081144/scenario_tx-15s_rot-15min.csv,2,TAG_APPLE,5,7200.0,,3579.445692062378,5,3.02631231852381,1.0,1.0,True,False,True,True,3
controlled/HtoW/scenarios_Home_to_work__adv1_apple0_google0_samsung0_tile0__advtag-4c001219fd__20260130_081144/scenario_tx-15s_rot-15min.csv,0,TAG_APPLE,96,7200.0,,3593.361763715744,95,1.2420423494272324,0.0,0.010526315789473684,True,True,True,True,3
controlled/HtoW/scenarios_Home_to_work__adv1_apple0_google0_samsung0_tile0__advtag-4c001219fd__20260130_081144/scenario_tx-15s_rot-15min.csv,1,TAG_APPLE,43,7200.0,,3513.5685698986053,32,1.040398296759535,0.0,0.03125,True,True,True,True,3
controlled/HtoW/scenarios_Home_to_work__adv1_apple0_google0_samsung0_tile0__advtag-4c001219fd__20260130_081144/scenario_tx-15s_rot-15min.csv,3,TAG_TILE,1,3600.0,,2894.0326144695277,1,0.0,0.0,0.0,True,False,False,False,3
controlled/HtoW/scenarios_Home_to_work__adv1_apple0_google0_samsung0_tile0__advtag-4c001219fd__20260130_081144/scenario_tx-15s_rot-15min.csv,4,TAG_TILE,1,3600.0,,277.4696617126465,1,0.0,0.0,0.0,False,False,False,False,3
controlled/HtoW/scenarios_Home_to_work__adv1_apple0_google0_samsung0_tile0__advtag-4c001219fd__20260130_081144/scenario_tx-15s_rot-15min.csv,5,TAG_TILE,1,3600.0,,577.9147005081177,1,0.0,0.0,0.0,False,False,False,False,3
controlled/HtoW/scenarios_Home_to_work__adv1_apple0_google0_samsung0_tile0__advtag-4c001219fd__20260130_081144/scenario_tx-15s_rot-15min.csv,1,TAG_APPLE,24,3600.0,,771.0463919639587,24,1.455132376558038,0.0,0.0,False,True,True,False,3
controlled/HtoW/scenarios_Home_to_work__adv1_apple0_google0_samsung0_tile0__advtag-4c001219fd__20260130_081144/scenario_tx-15s_rot-15min.csv,0,TAG_APPLE,61,3600.0,,636.8608703613281,61,1.1613438800750016,0.0,0.0,False,True,True,False,3
controlled/HtoW/scenarios_Home_to_work__adv1_apple0_google0_samsung0_tile0__advtag-4c001219fd__20260130_081144/scenario_tx-15s_rot-15min.csv,2,TAG_APPLE,2,3600.0,,738.876148223877,2,0.0,1.0,1.0,False,False,False,False,3
controlled/HtoW/scenarios_Home_to_work__adv1_apple0_google0_samsung0_tile0__advtag-4c001219fd__20260130_081144/scenario_tx-15s_rot-15min.csv,3,TAG_TILE,2,3600.0,,504.30240750312805,2,0.0,0.0,0.0,False,False,False,False,3
controlled/HtoW/scenarios_Home_to_work__adv1_apple0_google0_samsung0_tile0__advtag-4c001219fd__20260130_081144/scenario_tx-15s_rot-15min.csv,4,TAG_TILE,1,3600.0,,94.09704542160034,1,0.0,0.0,0.0,False,False,False,False,3
controlled/HtoW/scenarios_Home_to_work__adv1_apple0_google0_samsung0_tile0__advtag-4c001219fd__20260130_081144/scenario_tx-15s_rot-15min.csv,5,TAG_TILE,1,3600.0,,0.0,1,0.0,0.0,0.0,False,False,False,False,3
controlled/HtoW/scenarios_Home_to_work__adv1_apple0_google0_samsung0_tile0__advtag-4c001219fc__20260130_081125/scenario_tx-2s_rot-15min.csv,2,TAG_APPLE,4,3600.0,,3597.871289253235,4,2.514804283738842,1.0,1.0,True,False,True,True,3
controlled/HtoW/scenarios_Home_to_work__adv1_apple0_google0_samsung0_tile0__advtag-4c001219fc__20260130_081125/scenario_tx-2s_rot-15min.csv,1,TAG_APPLE,20,3600.0,,2120.204355239868,20,1.0393707450500531,0.0,0.0,True,True,True,True,3
controlled/HtoW/scenarios_Home_to_work__adv1_apple0_google0_samsung0_tile0__advtag-4c001219fc__20260130_081125/scenario_tx-2s_rot-15min.csv,0,TAG_APPLE,38,3600.0,,3513.969890356064,38,0.7658842991113125,0.0,0.0,True,True,False,False,3
controlled/HtoW/scenarios_Home_to_work__adv1_apple0_google0_samsung0_tile0__advtag-4c001219fc__20260130_081125/scenario_tx-2s_rot-15min.csv,2,TAG_APPLE,5,7200.0,,3589.8940370082855,5,5.437876518830777,1.0,1.0,True,False,True,True,3
controlled/HtoW/scenarios_Home_to_work__adv1_apple0_google0_samsung0_tile0__advtag-4c001219fc__20260130_081125/scenario_tx-2s_rot-15min.csv,1,TAG_APPLE,53,7200.0,,3514.928233385086,41,0.7464556112079175,0.0,0.024390243902439025,True,True,False,False,3
controlled/HtoW/scenarios_Home_to_work__adv1_apple0_google0_samsung0_tile0__advtag-4c001219fc__20260130_081125/scenario_tx-2s_rot-15min.csv,0,TAG_APPLE,86,7200.0,,3593.361763715744,85,0.6673309337611959,0.0,0.011764705882352941,True,True,False,False,3
controlled/HtoW/scenarios_Home_to_work__adv1_apple0_google0_samsung0_tile0__advtag-4c001219fc__20260130_081125/scenario_tx-2s_rot-15min.csv,3,TAG_TILE,1,3600.0,,2894.0326144695277,1,0.0,0.0,0.0,True,False,False,False,3
controlled/HtoW/scenarios_Home_to_work__adv1_apple0_google0_samsung0_tile0__advtag-4c001219fc__20260130_081125/scenario_tx-2s_rot-15min.csv,4,TAG_TILE,1,3600.0,,277.4696617126465,1,0.0,0.0,0.0,False,False,False,False,3
controlled/HtoW/scenarios_Home_to_work__adv1_apple0_google0_samsung0_tile0__advtag-4c001219fc__20260130_081125/scenario_tx-2s_rot-15min.csv,5,TAG_TILE,1,3600.0,,577.9147005081177,1,0.0,0.0,0.0,False,False,False,False,3
controlled/HtoW/scenarios_Home_to_work__adv1_apple0_google0_samsung0_tile0__advtag-4c001219fc__20260130_081125/scenario_tx-2s_rot-15min.csv,1,TAG_APPLE,29,3600.0,,771.0463919639587,29,1.0200257432432511,0.0,0.0,False,True,True,False,3
controlled/HtoW/scenarios_Home_to_work__adv1_apple0_google0_samsung0_tile0__advtag-4c001219fc__20260130_081125/scenario_tx-2s_rot-15min.csv,0,TAG_APPLE,53,3600.0,,636.8608703613281,53,0.7912879542881556,0.0,0.0,False,True,False,False,3
controlled/HtoW/scenarios_Home_to_work__adv1_apple0_google0_samsung0_tile0__advtag-4c001219fc__20260130_081125/scenario_tx-2s_rot-15min.csv,2,TAG_APPLE,4,3600.0,,774.511554479599,4,0.25783273907503035,0.5,0.5,False,False,False,False,3
controlled/HtoW/scenarios_Home_to_work__adv1_apple0_google0_samsung0_tile0__advtag-4c001219fc__20260130_081125/scenario_tx-2s_rot-15min.csv,3,TAG_TILE,2,3600.0,,504.30240750312805,2,0.0,0.0,0.0,False,False,False,False,3
controlled/HtoW/scenarios_Home_to_work__adv1_apple0_google0_samsung0_tile0__advtag-4c001219fc__20260130_081125/scenario_tx-2s_rot-15min.csv,4,TAG_TILE,1,3600.0,,94.09704542160034,1,0.0,0.0,0.0,False,False,False,False,3
controlled/HtoW/scenarios_Home_to_work__adv1_apple0_google0_samsung0_tile0__advtag-4c001219fc__20260130_081125/scenario_tx-2s_rot-15min.csv,5,TAG_TILE,1,3600.0,,0.0,1,0.0,0.0,0.0,False,False,False,False,3
controlled/HtoW/scenarios_Home_to_work__adv1_apple0_google0_samsung0_tile0__advtag-4c001219fc__20260130_081125/scenario_tx-10s_rot-1min.csv,2,TAG_APPLE,47,3600.0,,3597.0750226974487,47,1.6039691221715353,0.9787234042553191,0.9787234042553191,True,True,True,True,3
controlled/HtoW/scenarios_Home_to_work__adv1_apple0_google0_samsung0_tile0__advtag-4c001219fc__20260130_081125/scenario_tx-10s_rot-1min.csv,1,TAG_APPLE,20,3600.0,,2271.1575734615326,20,1.100686437095165,0.25,0.25,True,True,True,True,3
controlled/HtoW/scenarios_Home_to_work__adv1_apple0_google0_samsung0_tile0__advtag-4c001219fc__20260130_081125/scenario_tx-10s_rot-1min.csv,0,TAG_APPLE,27,3600.0,,3454.2565777301793,27,0.8828399992602821,0.037037037037037035,0.037037037037037035,True,True,False,False,3
controlled/HtoW/scenarios_Home_to_work__adv1_apple0_google0_samsung0_tile0__advtag-4c001219fc__20260130_081125/scenario_tx-10s_rot-1min.csv,2,TAG_APPLE,42,7200.0,,3590.979928255081,42,1.4054309929684963,1.0,1.0,True,True,True,True,3
controlled/HtoW/scenarios_Home_to_work__adv1_apple0_google0_samsung0_tile0__advtag-4c001219fc__20260130_081125/scenario_tx-10s_rot-1min.csv,0,TAG_APPLE,82,7200.0,,3593.967596769333,81,1.019626134972293,0.13580246913580246,0.2222222222222222,True,True,True,True,3
controlled/HtoW/scenarios_Home_to_work__adv1_apple0_google0_samsung0_tile0__advtag-4c001219fc__20260130_081125/scenario_tx-10s_rot-1min.csv,1,TAG_APPLE,49,7200.0,,3514.928233385086,37,0.9154575990019205,0.1891891891891892,0.2702702702702703,True,True,False,False,3
controlled/HtoW/scenarios_Home_to_work__adv1_apple0_google0_samsung0_tile0__advtag-4c001219fc__20260130_081125/scenario_tx-10s_rot-1min.csv,3,TAG_TILE,1,3600.0,,2894.0326144695277,1,0.0,0.0,0.0,True,False,False,False,3
controlled/HtoW/scenarios_Home_to_work__adv1_apple0_google0_samsung0_tile0__advtag-4c001219fc__20260130_081125/scenario_tx-10s_rot-1min.csv,4,TAG_TILE,1,3600.0,,277.4696617126465,1,0.0,0.0,0.0,False,False,False,False,3
controlled/HtoW/scenarios_Home_to_work__adv1_apple0_google0_samsung0_tile0__advtag-4c001219fc__20260130_081125/scenario_tx-10s_rot-1min.csv,5,TAG_TILE,1,3600.0,,577.9147005081177,1,0.0,0.0,0.0,False,False,False,False,3
controlled/HtoW/scenarios_Home_to_work__adv1_apple0_google0_samsung0_tile0__advtag-4c001219fc__20260130_081125/scenario_tx-10s_rot-1min.csv,2,TAG_APPLE,8,3600.0,,714.1795794963837,8,1.405789626497962,1.0,1.0,False,False,True,False,3
controlled/HtoW/scenarios_Home_to_work__adv1_apple0_google0_samsung0_tile0__advtag-4c001219fc__20260130_081125/scenario_tx-10s_rot-1min.csv,1,TAG_APPLE,23,3600.0,,771.7917475700378,23,1.1604875211318524,0.08695652173913043,0.08695652173913043,False,True,True,False,3
controlled/HtoW/scenarios_Home_to_work__adv1_apple0_google0_samsung0_tile0__advtag-4c001219fc__20260130_081125/scenario_tx-10s_rot-1min.csv,0,TAG_APPLE,61,3600.0,,672.5952179431915,61,0.8738277118591106,0.04918032786885246,0.04918032786885246,False,True,False,False,3
controlled/HtoW/scenarios_Home_to_work__adv1_apple0_google0_samsung0_tile0__advtag-4c001219fc__20260130_081125/scenario_tx-10s_rot-1min.csv,3,TAG_TILE,2,3600.0,,504.30240750312805,2,0.0,0.0,0.0,False,False,False,False,3
controlled/HtoW/scenarios_Home_to_work__adv1_apple0_google0_samsung0_tile0__advtag-4c001219fc__20260130_081125/scenario_tx-10s_rot-1min.csv,4,TAG_TILE,1,3600.0,,94.09704542160034,1,0.0,0.0,0.0,False,False,False,False,3
controlled/HtoW/scenarios_Home_to_work__adv1_apple0_google0_samsung0_tile0__advtag-4c001219fc__20260130_081125/scenario_tx-10s_rot-1min.csv,5,TAG_TILE,1,3600.0,,0.0,1,0.0,0.0,0.0,False,False,False,False,3
controlled/HtoW/scenarios_Home_to_work__adv1_apple0_google0_samsung0_tile0__advtag-4c001219fc__20260130_081125/scenario_tx-1min_rot-5min.csv,2,TAG_APPLE,11,3600.0,,3512.697612285614,11,1.5475230040204984,0.8181818181818182,0.8181818181818182,True,False,True,True,4
controlled/HtoW/scenarios_Home_to_work__adv1_apple0_google0_samsung0_tile0__advtag-4c001219fc__20260130_081125/scenario_tx-1min_rot-5min.csv,0,TAG_APPLE,21,3600.0,,3599.895208835602,21,1.0002142878786837,0.09523809523809523,0.09523809523809523,True,True,True,True,4
controlled/HtoW/scenarios_Home_to_work__adv1_apple0_google0_samsung0_tile0__advtag-4c001219fc__20260130_081125/scenario_tx-1min_rot-5min.csv,1,TAG_APPLE,26,3600.0,,3404.4954414367676,26,0.9146919231253146,0.0,0.0,True,True,False,False,4
controlled/HtoW/scenarios_Home_to_work__adv1_apple0_google0_samsung0_tile0__advtag-4c001219fc__20260130_081125/scenario_tx-1min_rot-5min.csv,3,TAG_APPLE,7,3600.0,,3062.508399963379,7,0.7209161589038294,0.0,0.0,True,False,False,False,4
controlled/HtoW/scenarios_Home_to_work__adv1_apple0_google0_samsung0_tile0__advtag-4c001219fc__20260130_081125/scenario_tx-1min_rot-5min.csv,2,TAG_APPLE,9,7200.0,,3529.8697879314423,9,1.5020741222719742,1.0,1.0,True,False,True,True,3
controlled/HtoW/scenarios_Home_to_work__adv1_apple0_google0_samsung0_tile0__advtag-4c001219fc__20260130_081125/scenario_tx-1min_rot-5min.csv,0,TAG_APPLE,99,7200.0,,3593.361763715744,97,0.8623061546107637,0.010309278350515464,0.030927835051546393,True,True,False,False,3
controlled/HtoW/scenarios_Home_to_work__adv1_apple0_google0_samsung0_tile0__advtag-4c001219fc__20260130_081125/scenario_tx-1min_rot-5min.csv,1,TAG_APPLE,38,7200.0,,3511.265984773636,28,0.7188960770250727,0.07142857142857142,0.07142857142857142,True,True,False,False,3
controlled/HtoW/scenarios_Home_to_work__adv1_apple0_google0_samsung0_tile0__advtag-4c001219fc__20260130_081125/scenario_tx-1min_rot-5min.csv,3,TAG_TILE,1,3600.0,,2894.0326144695277,1,0.0,0.0,1.0,True,False,False,False,3
controlled/HtoW/scenarios_Home_to_work__adv1_apple0_google0_samsung0_tile0__advtag-4c001219fc__20260130_081125/scenario_tx-1min_rot-5min.csv,4,TAG_TILE,1,3600.0,,277.4696617126465,1,0.0,0.0,0.0,False,False,False,False,3
controlled/HtoW/scenarios_Home_to_work__adv1_apple0_google0_samsung0_tile0__advtag-4c001219fc__20260130_081125/scenario_tx-1min_rot-5min.csv,5,TAG_TILE,1,3600.0,,577.9147005081177,1,0.0,0.0,1.0,False,False,False,False,3
controlled/HtoW/scenarios_Home_to_work__adv1_apple0_google0_samsung0_tile0__advtag-4c001219fc__20260130_081125/scenario_tx-1min_rot-5min.csv,3,TAG_APPLE,19,3600.0,,771.0463919639587,19,1.150131482280684,0.05263157894736842,0.05263157894736842,False,True,True,False,5
controlled/HtoW/scenarios_Home_to_work__adv1_apple0_google0_samsung0_tile0__advtag-4c001219fc__20260130_081125/scenario_tx-1min_rot-5min.csv,0,TAG_APPLE,41,3600.0,,636.8608703613281,41,0.8105073576888114,0.0,0.0,False,True,False,False,5
controlled/HtoW/scenarios_Home_to_work__adv1_apple0_google0_samsung0_tile0__advtag-4c001219fc__20260130_081125/scenario_tx-1min_rot-5min.csv,2,TAG_APPLE,13,3600.0,,665.5139183998117,13,0.7831534590547491,0.15384615384615385,0.15384615384615385,False,False,False,False,5
controlled/HtoW/scenarios_Home_to_work__adv1_apple0_google0_samsung0_tile0__advtag-4c001219fc__20260130_081125/scenario_tx-1min_rot-5min.csv,1,TAG_APPLE,10,3600.0,,382.5024645328522,10,0.6480856035267978,0.0,0.0,False,False,False,False,5
controlled/HtoW/scenarios_Home_to_work__adv1_apple0_google0_samsung0_tile0__advtag-4c001219fc__20260130_081125/scenario_tx-1min_rot-5min.csv,4,TAG_APPLE,2,3600.0,,149.1518578529358,2,0.0,0.0,0.0,False,False,False,False,5
controlled/HtoW/scenarios_Home_to_work__adv1_apple0_google0_samsung0_tile0__advtag-4c001219fc__20260130_081125/scenario_tx-1min_rot-5min.csv,5,TAG_TILE,2,3600.0,,504.30240750312805,2,0.0,0.0,0.0,False,False,False,False,3
controlled/HtoW/scenarios_Home_to_work__adv1_apple0_google0_samsung0_tile0__advtag-4c001219fc__20260130_081125/scenario_tx-1min_rot-5min.csv,6,TAG_TILE,1,3600.0,,94.09704542160034,1,0.0,0.0,0.0,False,False,False,False,3
controlled/HtoW/scenarios_Home_to_work__adv1_apple0_google0_samsung0_tile0__advtag-4c001219fc__20260130_081125/scenario_tx-1min_rot-5min.csv,7,TAG_TILE,1,3600.0,,0.0,1,0.0,0.0,0.0,False,False,False,False,3
controlled/HtoW/scenarios_Home_to_work__adv1_apple0_google0_samsung0_tile0__advtag-4c001219fc__20260130_081125/scenario_tx-15s_rot-5min.csv,2,TAG_APPLE,8,3600.0,,3591.8911485672,8,1.6784689901742726,1.0,1.0,True,False,True,True,3
controlled/HtoW/scenarios_Home_to_work__adv1_apple0_google0_samsung0_tile0__advtag-4c001219fc__20260130_081125/scenario_tx-15s_rot-5min.csv,1,TAG_APPLE,22,3600.0,,3292.4279391765594,22,1.1441487982431164,0.13636363636363635,0.13636363636363635,True,True,True,True,3
controlled/HtoW/scenarios_Home_to_work__adv1_apple0_google0_samsung0_tile0__advtag-4c001219fc__20260130_081125/scenario_tx-15s_rot-5min.csv,0,TAG_APPLE,35,3600.0,,3513.969890356064,35,0.8011177875978278,0.0,0.0,True,True,False,False,3
controlled/HtoW/scenarios_Home_to_work__adv1_apple0_google0_samsung0_tile0__advtag-4c001219fc__20260130_081125/scenario_tx-15s_rot-5min.csv,2,TAG_APPLE,11,7200.0,,3574.7480280399323,11,1.9046429106453406,1.0,1.0,True,False,True,True,3
controlled/HtoW/scenarios_Home_to_work__adv1_apple0_google0_samsung0_tile0__advtag-4c001219fc__20260130_081125/scenario_tx-15s_rot-5min.csv,0,TAG_APPLE,95,7200.0,,3593.361763715744,94,0.9231894290684124,0.0,0.02127659574468085,True,True,False,False,3
controlled/HtoW/scenarios_Home_to_work__adv1_apple0_google0_samsung0_tile0__advtag-4c001219fc__20260130_081125/scenario_tx-15s_rot-5min.csv,1,TAG_APPLE,41,7200.0,,3513.5685698986053,30,0.695736439825217,0.03333333333333333,0.03333333333333333,True,True,False,False,3
controlled/HtoW/scenarios_Home_to_work__adv1_apple0_google0_samsung0_tile0__advtag-4c001219fc__20260130_081125/scenario_tx-15s_rot-5min.csv,3,TAG_TILE,1,3600.0,,2894.0326144695277,1,0.0,0.0,0.0,True,False,False,False,3
controlled/HtoW/scenarios_Home_to_work__adv1_apple0_google0_samsung0_tile0__advtag-4c001219fc__20260130_081125/scenario_tx-15s_rot-5min.csv,4,TAG_TILE,1,3600.0,,277.4696617126465,1,0.0,0.0,0.0,False,False,False,False,3
controlled/HtoW/scenarios_Home_to_work__adv1_apple0_google0_samsung0_tile0__advtag-4c001219fc__20260130_081125/scenario_tx-15s_rot-5min.csv,5,TAG_TILE,1,3600.0,,577.9147005081177,1,0.0,0.0,0.0,False,False,False,False,3
controlled/HtoW/scenarios_Home_to_work__adv1_apple0_google0_samsung0_tile0__advtag-4c001219fc__20260130_081125/scenario_tx-15s_rot-5min.csv,1,TAG_APPLE,23,3600.0,,775.856436252594,23,1.0479477119295137,0.043478260869565216,0.043478260869565216,False,True,True,False,3
controlled/HtoW/scenarios_Home_to_work__adv1_apple0_google0_samsung0_tile0__advtag-4c001219fc__20260130_081125/scenario_tx-15s_rot-5min.csv,0,TAG_APPLE,54,3600.0,,673.5109400749207,54,0.8833008115257209,0.037037037037037035,0.037037037037037035,False,True,False,False,3
controlled/HtoW/scenarios_Home_to_work__adv1_apple0_google0_samsung0_tile0__advtag-4c001219fc__20260130_081125/scenario_tx-15s_rot-5min.csv,2,TAG_APPLE,9,3600.0,,382.5024645328522,9,0.5622827107844058,0.0,0.0,False,False,False,False,3
controlled/HtoW/scenarios_Home_to_work__adv1_apple0_google0_samsung0_tile0__advtag-4c001219fc__20260130_081125/scenario_tx-15s_rot-5min.csv,3,TAG_TILE,2,3600.0,,504.30240750312805,2,0.0,0.0,0.0,False,False,False,False,3
controlled/HtoW/scenarios_Home_to_work__adv1_apple0_google0_samsung0_tile0__advtag-4c001219fc__20260130_081125/scenario_tx-15s_rot-5min.csv,4,TAG_TILE,1,3600.0,,94.09704542160034,1,0.0,0.0,0.0,False,False,False,False,3
controlled/HtoW/scenarios_Home_to_work__adv1_apple0_google0_samsung0_tile0__advtag-4c001219fc__20260130_081125/scenario_tx-15s_rot-5min.csv,5,TAG_TILE,1,3600.0,,0.0,1,0.0,0.0,0.0,False,False,False,False,3
controlled/HtoW/scenarios_Home_to_work__adv1_apple0_google0_samsung0_tile0__advtag-4c001219fc__20260130_081125/scenario_tx-10s_rot-5min.csv,2,TAG_APPLE,8,3600.0,,3291.809428691864,8,3.0484073895541646,1.0,1.0,True,False,True,True,3
controlled/HtoW/scenarios_Home_to_work__adv1_apple0_google0_samsung0_tile0__advtag-4c001219fc__20260130_081125/scenario_tx-10s_rot-5min.csv,1,TAG_APPLE,21,3600.0,,2377.4964520931244,21,1.064125837669895,0.09523809523809523,0.09523809523809523,True,True,True,True,3
controlled/HtoW/scenarios_Home_to_work__adv1_apple0_google0_samsung0_tile0__advtag-4c001219fc__20260130_081125/scenario_tx-10s_rot-5min.csv,0,TAG_APPLE,37,3600.0,,3513.969890356064,37,0.868768187339775,0.02702702702702703,0.02702702702702703,True,True,False,False,3
controlled/HtoW/scenarios_Home_to_work__adv1_apple0_google0_samsung0_tile0__advtag-4c001219fc__20260130_081125/scenario_tx-10s_rot-5min.csv,2,TAG_APPLE,9,7200.0,,3591.58576130867,9,2.399790393532586,1.0,1.0,True,False,True,True,3
controlled/HtoW/scenarios_Home_to_work__adv1_apple0_google0_samsung0_tile0__advtag-4c001219fc__20260130_081125/scenario_tx-10s_rot-5min.csv,0,TAG_APPLE,62,7200.0,,3518.664603471756,50,0.829376562504389,0.06,0.06,True,True,False,False,3
controlled/HtoW/scenarios_Home_to_work__adv1_apple0_google0_samsung0_tile0__advtag-4c001219fc__20260130_081125/scenario_tx-10s_rot-5min.csv,1,TAG_APPLE,73,7200.0,,3593.361763715744,72,0.68845770278722,0.0,0.0,True,True,False,False,3
controlled/HtoW/scenarios_Home_to_work__adv1_apple0_google0_samsung0_tile0__advtag-4c001219fc__20260130_081125/scenario_tx-10s_rot-5min.csv,3,TAG_TILE,1,3600.0,,2894.0326144695277,1,0.0,0.0,0.0,True,False,False,False,3
controlled/HtoW/scenarios_Home_to_work__adv1_apple0_google0_samsung0_tile0__advtag-4c001219fc__20260130_081125/scenario_tx-10s_rot-5min.csv,4,TAG_TILE,1,3600.0,,277.4696617126465,1,0.0,0.0,0.0,False,False,False,False,3
controlled/HtoW/scenarios_Home_to_work__adv1_apple0_google0_samsung0_tile0__advtag-4c001219fc__20260130_081125/scenario_tx-10s_rot-5min.csv,5,TAG_TILE,1,3600.0,,577.9147005081177,1,0.0,0.0,0.0,False,False,False,False,3
controlled/HtoW/scenarios_Home_to_work__adv1_apple0_google0_samsung0_tile0__advtag-4c001219fc__20260130_081125/scenario_tx-10s_rot-5min.csv,0,TAG_APPLE,33,3600.0,,771.7917475700378,33,1.0322106116727991,0.09090909090909091,0.09090909090909091,False,True,True,False,3
controlled/HtoW/scenarios_Home_to_work__adv1_apple0_google0_samsung0_tile0__advtag-4c001219fc__20260130_081125/scenario_tx-10s_rot-5min.csv,1,TAG_APPLE,47,3600.0,,636.8608703613281,47,0.8395412911333906,0.0,0.0,False,True,False,False,3
controlled/HtoW/scenarios_Home_to_work__adv1_apple0_google0_samsung0_tile0__advtag-4c001219fc__20260130_081125/scenario_tx-10s_rot-5min.csv,2,TAG_APPLE,6,3600.0,,382.5024645328522,6,0.5550426701208586,0.0,0.0,False,False,False,False,3
controlled/HtoW/scenarios_Home_to_work__adv1_apple0_google0_samsung0_tile0__advtag-4c001219fc__20260130_081125/scenario_tx-10s_rot-5min.csv,3,TAG_TILE,2,3600.0,,504.30240750312805,2,0.0,0.0,0.0,False,False,False,False,3
controlled/HtoW/scenarios_Home_to_work__adv1_apple0_google0_samsung0_tile0__advtag-4c001219fc__20260130_081125/scenario_tx-10s_rot-5min.csv,4,TAG_TILE,1,3600.0,,94.09704542160034,1,0.0,0.0,0.0,False,False,False,False,3
controlled/HtoW/scenarios_Home_to_work__adv1_apple0_google0_samsung0_tile0__advtag-4c001219fc__20260130_081125/scenario_tx-10s_rot-5min.csv,5,TAG_TILE,1,3600.0,,0.0,1,0.0,0.0,0.0,False,False,False,False,3
controlled/HtoW/scenarios_Home_to_work__adv1_apple0_google0_samsung0_tile0__advtag-4c001219fc__20260130_081125/scenario_tx-15s_rot-15min.csv,2,TAG_APPLE,3,3600.0,,2697.623327493668,3,2.0966255763435426,1.0,1.0,True,False,True,True,3
controlled/HtoW/scenarios_Home_to_work__adv1_apple0_google0_samsung0_tile0__advtag-4c001219fc__20260130_081125/scenario_tx-15s_rot-15min.csv,1,TAG_APPLE,20,3600.0,,2120.204355239868,20,1.024234662483368,0.05,0.05,True,True,True,True,3
controlled/HtoW/scenarios_Home_to_work__adv1_apple0_google0_samsung0_tile0__advtag-4c001219fc__20260130_081125/scenario_tx-15s_rot-15min.csv,0,TAG_APPLE,39,3600.0,,3513.969890356064,39,0.7494197053734443,0.0,0.0,True,True,False,False,3
controlled/HtoW/scenarios_Home_to_work__adv1_apple0_google0_samsung0_tile0__advtag-4c001219fc__20260130_081125/scenario_tx-15s_rot-15min.csv,2,TAG_APPLE,4,7200.0,,3277.7327959537506,4,2.9976131934889705,1.0,1.0,True,False,True,True,3
controlled/HtoW/scenarios_Home_to_work__adv1_apple0_google0_samsung0_tile0__advtag-4c001219fc__20260130_081125/scenario_tx-15s_rot-15min.csv,0,TAG_APPLE,68,7200.0,,3586.3988404273987,56,0.8751784336407503,0.017857142857142856,0.03571428571428571,True,True,False,False,3
controlled/HtoW/scenarios_Home_to_work__adv1_apple0_google0_samsung0_tile0__advtag-4c001219fc__20260130_081125/scenario_tx-15s_rot-15min.csv,1,TAG_APPLE,72,7200.0,,3593.361763715744,71,0.6014468635605451,0.0,0.014084507042253521,True,True,False,False,3
controlled/HtoW/scenarios_Home_to_work__adv1_apple0_google0_samsung0_tile0__advtag-4c001219fc__20260130_081125/scenario_tx-15s_rot-15min.csv,3,TAG_TILE,1,3600.0,,2894.0326144695277,1,0.0,0.0,0.0,True,False,False,False,3
controlled/HtoW/scenarios_Home_to_work__adv1_apple0_google0_samsung0_tile0__advtag-4c001219fc__20260130_081125/scenario_tx-15s_rot-15min.csv,4,TAG_TILE,1,3600.0,,277.4696617126465,1,0.0,0.0,0.0,False,False,False,False,3
controlled/HtoW/scenarios_Home_to_work__adv1_apple0_google0_samsung0_tile0__advtag-4c001219fc__20260130_081125/scenario_tx-15s_rot-15min.csv,5,TAG_TILE,1,3600.0,,577.9147005081177,1,0.0,0.0,0.0,False,False,False,False,3
controlled/HtoW/scenarios_Home_to_work__adv1_apple0_google0_samsung0_tile0__advtag-4c001219fc__20260130_081125/scenario_tx-15s_rot-15min.csv,0,TAG_APPLE,34,3600.0,,775.856436252594,34,1.0246584204412676,0.058823529411764705,0.058823529411764705,False,True,True,False,3
controlled/HtoW/scenarios_Home_to_work__adv1_apple0_google0_samsung0_tile0__advtag-4c001219fc__20260130_081125/scenario_tx-15s_rot-15min.csv,1,TAG_APPLE,44,3600.0,,636.8608703613281,44,0.8798953771930104,0.0,0.0,False,True,False,False,3
controlled/HtoW/scenarios_Home_to_work__adv1_apple0_google0_samsung0_tile0__advtag-4c001219fc__20260130_081125/scenario_tx-15s_rot-15min.csv,2,TAG_APPLE,9,3600.0,,382.5024645328522,9,0.5766693851810419,0.0,0.0,False,False,False,False,3
controlled/HtoW/scenarios_Home_to_work__adv1_apple0_google0_samsung0_tile0__advtag-4c001219fc__20260130_081125/scenario_tx-15s_rot-15min.csv,3,TAG_TILE,2,3600.0,,504.30240750312805,2,0.0,0.0,0.0,False,False,False,False,3
controlled/HtoW/scenarios_Home_to_work__adv1_apple0_google0_samsung0_tile0__advtag-4c001219fc__20260130_081125/scenario_tx-15s_rot-15min.csv,4,TAG_TILE,1,3600.0,,94.09704542160034,1,0.0,0.0,0.0,False,False,False,False,3
controlled/HtoW/scenarios_Home_to_work__adv1_apple0_google0_samsung0_tile0__advtag-4c001219fc__20260130_081125/scenario_tx-15s_rot-15min.csv,5,TAG_TILE,1,3600.0,,0.0,1,0.0,0.0,0.0,False,False,False,False,3
controlled/HtoW/scenarios_Home_to_work__adv1_apple0_google0_samsung0_tile0__advtag-4c001219fc__20260130_081125/scenario_tx-30s_rot-5min.csv,2,TAG_APPLE,10,3600.0,,3268.755789756775,10,1.6953822330186987,0.9,0.9,True,False,True,True,3
controlled/HtoW/scenarios_Home_to_work__adv1_apple0_google0_samsung0_tile0__advtag-4c001219fc__20260130_081125/scenario_tx-30s_rot-5min.csv,1,TAG_APPLE,20,3600.0,,3599.895208835602,20,1.0692187368710733,0.1,0.1,True,True,True,True,3
controlled/HtoW/scenarios_Home_to_work__adv1_apple0_google0_samsung0_tile0__advtag-4c001219fc__20260130_081125/scenario_tx-30s_rot-5min.csv,0,TAG_APPLE,37,3600.0,,3513.969890356064,37,0.8043989196545742,0.0,0.0,True,True,False,False,3
controlled/HtoW/scenarios_Home_to_work__adv1_apple0_google0_samsung0_tile0__advtag-4c001219fc__20260130_081125/scenario_tx-30s_rot-5min.csv,2,TAG_APPLE,10,7200.0,,3583.926745414734,10,2.3436295943017207,1.0,1.0,True,False,True,True,3
controlled/HtoW/scenarios_Home_to_work__adv1_apple0_google0_samsung0_tile0__advtag-4c001219fc__20260130_081125/scenario_tx-30s_rot-5min.csv,0,TAG_APPLE,61,7200.0,,3518.664603471756,49,0.820737204476562,0.04081632653061224,0.04081632653061224,True,True,False,False,3
controlled/HtoW/scenarios_Home_to_work__adv1_apple0_google0_samsung0_tile0__advtag-4c001219fc__20260130_081125/scenario_tx-30s_rot-5min.csv,1,TAG_APPLE,79,7200.0,,3593.361763715744,79,0.7941043696772547,0.0,0.0379746835443038,True,True,False,False,3
controlled/HtoW/scenarios_Home_to_work__adv1_apple0_google0_samsung0_tile0__advtag-4c001219fc__20260130_081125/scenario_tx-30s_rot-5min.csv,3,TAG_TILE,1,3600.0,,2894.0326144695277,1,0.0,0.0,1.0,True,False,False,False,3
controlled/HtoW/scenarios_Home_to_work__adv1_apple0_google0_samsung0_tile0__advtag-4c001219fc__20260130_081125/scenario_tx-30s_rot-5min.csv,4,TAG_TILE,1,3600.0,,277.4696617126465,1,0.0,0.0,0.0,False,False,False,False,3
controlled/HtoW/scenarios_Home_to_work__adv1_apple0_google0_samsung0_tile0__advtag-4c001219fc__20260130_081125/scenario_tx-30s_rot-5min.csv,5,TAG_TILE,1,3600.0,,577.9147005081177,1,0.0,0.0,1.0,False,False,False,False,3
controlled/HtoW/scenarios_Home_to_work__adv1_apple0_google0_samsung0_tile0__advtag-4c001219fc__20260130_081125/scenario_tx-30s_rot-5min.csv,2,TAG_APPLE,21,3600.0,,771.0463919639587,21,1.0702627427641656,0.0,0.0,False,True,True,False,4
controlled/HtoW/scenarios_Home_to_work__adv1_apple0_google0_samsung0_tile0__advtag-4c001219fc__20260130_081125/scenario_tx-30s_rot-5min.csv,1,TAG_APPLE,47,3600.0,,636.8608703613281,47,0.8440409712406607,0.0,0.0,False,True,False,False,4
controlled/HtoW/scenarios_Home_to_work__adv1_apple0_google0_samsung0_tile0__advtag-4c001219fc__20260130_081125/scenario_tx-30s_rot-5min.csv,0,TAG_APPLE,14,3600.0,,770.4468657970428,14,0.8061162241588354,0.21428571428571427,0.21428571428571427,False,False,False,False,4
controlled/HtoW/scenarios_Home_to_work__adv1_apple0_google0_samsung0_tile0__advtag-4c001219fc__20260130_081125/scenario_tx-30s_rot-5min.csv,3,TAG_APPLE,6,3600.0,,382.5024645328522,6,0.5685066201593699,0.0,0.0,False,False,False,False,4
controlled/HtoW/scenarios_Home_to_work__adv1_apple0_google0_samsung0_tile0__advtag-4c001219fc__20260130_081125/scenario_tx-30s_rot-5min.csv,4,TAG_TILE,2,3600.0,,504.30240750312805,2,0.0,0.0,0.0,False,False,False,False,3
controlled/HtoW/scenarios_Home_to_work__adv1_apple0_google0_samsung0_tile0__advtag-4c001219fc__20260130_081125/scenario_tx-30s_rot-5min.csv,5,TAG_TILE,1,3600.0,,94.09704542160034,1,0.0,0.0,0.0,False,False,False,False,3
controlled/HtoW/scenarios_Home_to_work__adv1_apple0_google0_samsung0_tile0__advtag-4c001219fc__20260130_081125/scenario_tx-30s_rot-5min.csv,6,TAG_TILE,1,3600.0,,0.0,1,0.0,0.0,0.0,False,False,False,False,3
controlled/HtoW/scenarios_Home_to_work__adv1_apple0_google0_samsung0_tile0__advtag-4c001219fd__20260130_081144/scenario_tx-15s_rot-5min.csv,2,TAG_APPLE,9,3600.0,,3588.1325721740723,9,3.8143621221614454,1.0,1.0,True,False,True,True,3
controlled/HtoW/scenarios_Home_to_work__adv1_apple0_google0_samsung0_tile0__advtag-4c001219fd__20260130_081144/scenario_tx-15s_rot-5min.csv,0,TAG_APPLE,20,3600.0,,3292.4217505455017,20,2.134858408611692,0.1,0.1,True,True,True,True,3
controlled/HtoW/scenarios_Home_to_work__adv1_apple0_google0_samsung0_tile0__advtag-4c001219fd__20260130_081144/scenario_tx-15s_rot-5min.csv,1,TAG_APPLE,36,3600.0,,3513.969890356064,36,1.562182172278051,0.0,0.0,True,True,True,True,3
controlled/HtoW/scenarios_Home_to_work__adv1_apple0_google0_samsung0_tile0__advtag-4c001219fd__20260130_081144/scenario_tx-15s_rot-5min.csv,2,TAG_APPLE,11,7200.0,,3579.445692062378,11,3.5665604021518535,1.0,1.0,True,False,True,True,3
controlled/HtoW/scenarios_Home_to_work__adv1_apple0_google0_samsung0_tile0__advtag-4c001219fd__20260130_081144/scenario_tx-15s_rot-5min.csv,0,TAG_APPLE,94,7200.0,,3593.361763715744,93,1.601534489949948,0.0,0.021505376344086023,True,True,True,True,3
controlled/HtoW/scenarios_Home_to_work__adv1_apple0_google0_samsung0_tile0__advtag-4c001219fd__20260130_081144/scenario_tx-15s_rot-5min.csv,1,TAG_APPLE,42,7200.0,,3513.5685698986053,31,1.2852188981913242,0.03225806451612903,0.03225806451612903,True,True,True,True,3
controlled/HtoW/scenarios_Home_to_work__adv1_apple0_google0_samsung0_tile0__advtag-4c001219fd__20260130_081144/scenario_tx-15s_rot-5min.csv,3,TAG_TILE,1,3600.0,,2894.0326144695277,1,0.0,0.0,0.0,True,False,False,False,3
controlled/HtoW/scenarios_Home_to_work__adv1_apple0_google0_samsung0_tile0__advtag-4c001219fd__20260130_081144/scenario_tx-15s_rot-5min.csv,4,TAG_TILE,1,3600.0,,277.4696617126465,1,0.0,0.0,0.0,False,False,False,False,3
controlled/HtoW/scenarios_Home_to_work__adv1_apple0_google0_samsung0_tile0__advtag-4c001219fd__20260130_081144/scenario_tx-15s_rot-5min.csv,5,TAG_TILE,1,3600.0,,577.9147005081177,1,0.0,0.0,0.0,False,False,False,False,3
controlled/HtoW/scenarios_Home_to_work__adv1_apple0_google0_samsung0_tile0__advtag-4c001219fd__20260130_081144/scenario_tx-15s_rot-5min.csv,1,TAG_APPLE,22,3600.0,,771.0463919639587,22,1.4397660317566685,0.0,0.0,False,True,True,False,3
controlled/HtoW/scenarios_Home_to_work__adv1_apple0_google0_samsung0_tile0__advtag-4c001219fd__20260130_081144/scenario_tx-15s_rot-5min.csv,0,TAG_APPLE,61,3600.0,,672.5952179431915,61,1.1542985512645256,0.0,0.0,False,True,True,False,3
controlled/HtoW/scenarios_Home_to_work__adv1_apple0_google0_samsung0_tile0__advtag-4c001219fd__20260130_081144/scenario_tx-15s_rot-5min.csv,2,TAG_APPLE,3,3600.0,,771.3895938396454,3,0.31910738862738175,1.0,1.0,False,False,False,False,3
controlled/HtoW/scenarios_Home_to_work__adv1_apple0_google0_samsung0_tile0__advtag-4c001219fd__20260130_081144/scenario_tx-15s_rot-5min.csv,3,TAG_TILE,2,3600.0,,504.30240750312805,2,0.0,0.0,0.0,False,False,False,False,3
controlled/HtoW/scenarios_Home_to_work__adv1_apple0_google0_samsung0_tile0__advtag-4c001219fd__20260130_081144/scenario_tx-15s_rot-5min.csv,4,TAG_TILE,1,3600.0,,94.09704542160034,1,0.0,0.0,0.0,False,False,False,False,3
controlled/HtoW/scenarios_Home_to_work__adv1_apple0_google0_samsung0_tile0__advtag-4c001219fd__20260130_081144/scenario_tx-15s_rot-5min.csv,5,TAG_TILE,1,3600.0,,0.0,1,0.0,0.0,0.0,False,False,False,False,3
controlled/HtoW/scenarios_Home_to_work__adv1_apple0_google0_samsung0_tile0__advtag-4c001219fd__20260130_081144/scenario_tx-15s_rot-30s.csv,0,TAG_APPLE,20,3600.0,,3116.048778772354,20,2.789877067043292,0.6,0.6,True,True,True,True,3
controlled/HtoW/scenarios_Home_to_work__adv1_apple0_google0_samsung0_tile0__advtag-4c001219fd__20260130_081144/scenario_tx-15s_rot-30s.csv,1,TAG_APPLE,84,3600.0,,3530.151609659195,84,2.2546746809027187,1.0,1.0,True,True,True,True,3
controlled/HtoW/scenarios_Home_to_work__adv1_apple0_google0_samsung0_tile0__advtag-4c001219fd__20260130_081144/scenario_tx-15s_rot-30s.csv,2,TAG_APPLE,25,3600.0,,3513.969890356064,25,1.9030564161790609,0.16,0.16,True,True,True,True,3
controlled/HtoW/scenarios_Home_to_work__adv1_apple0_google0_samsung0_tile0__advtag-4c001219fd__20260130_081144/scenario_tx-15s_rot-30s.csv,2,TAG_APPLE,58,7200.0,,3558.020808696747,58,2.662741147958983,1.0,1.0,True,True,True,True,3
controlled/HtoW/scenarios_Home_to_work__adv1_apple0_google0_samsung0_tile0__advtag-4c001219fd__20260130_081144/scenario_tx-15s_rot-30s.csv,1,TAG_APPLE,43,7200.0,,3513.5685698986053,32,2.1501628603353535,0.46875,0.59375,True,True,True,True,3
controlled/HtoW/scenarios_Home_to_work__adv1_apple0_google0_samsung0_tile0__advtag-4c001219fd__20260130_081144/scenario_tx-15s_rot-30s.csv,0,TAG_APPLE,98,7200.0,,3593.361763715744,97,1.4787104061075216,0.4742268041237113,0.6082474226804123,True,True,True,True,3
controlled/HtoW/scenarios_Home_to_work__adv1_apple0_google0_samsung0_tile0__advtag-4c001219fd__20260130_081144/scenario_tx-15s_rot-30s.csv,3,TAG_TILE,1,3600.0,,2894.0326144695277,1,0.0,0.0,0.0,True,False,False,False,3
controlled/HtoW/scenarios_Home_to_work__adv1_apple0_google0_samsung0_tile0__advtag-4c001219fd__20260130_081144/scenario_tx-15s_rot-30s.csv,4,TAG_TILE,1,3600.0,,277.4696617126465,1,0.0,0.0,1.0,False,False,False,False,3
controlled/HtoW/scenarios_Home_to_work__adv1_apple0_google0_samsung0_tile0__advtag-4c001219fd__20260130_081144/scenario_tx-15s_rot-30s.csv,5,TAG_TILE,1,3600.0,,577.9147005081177,1,0.0,0.0,0.0,False,False,False,False,3
controlled/HtoW/scenarios_Home_to_work__adv1_apple0_google0_samsung0_tile0__advtag-4c001219fd__20260130_081144/scenario_tx-15s_rot-30s.csv,2,TAG_APPLE,16,3600.0,,696.3252246379852,16,3.033445470681644,1.0,1.0,False,True,True,False,3
controlled/HtoW/scenarios_Home_to_work__adv1_apple0_google0_samsung0_tile0__advtag-4c001219fd__20260130_081144/scenario_tx-15s_rot-30s.csv,1,TAG_APPLE,23,3600.0,,771.0463919639587,23,2.857688730689063,0.08695652173913043,0.08695652173913043,False,True,True,False,3
controlled/HtoW/scenarios_Home_to_work__adv1_apple0_google0_samsung0_tile0__advtag-4c001219fd__20260130_081144/scenario_tx-15s_rot-30s.csv,0,TAG_APPLE,62,3600.0,,771.1317205429077,62,2.11610668139299,0.11290322580645161,0.11290322580645161,False,True,True,False,3
controlled/HtoW/scenarios_Home_to_work__adv1_apple0_google0_samsung0_tile0__advtag-4c001219fd__20260130_081144/scenario_tx-15s_rot-30s.csv,3,TAG_TILE,2,3600.0,,504.30240750312805,2,0.0,0.0,0.0,False,False,False,False,3
controlled/HtoW/scenarios_Home_to_work__adv1_apple0_google0_samsung0_tile0__advtag-4c001219fd__20260130_081144/scenario_tx-15s_rot-30s.csv,4,TAG_TILE,1,3600.0,,94.09704542160034,1,0.0,0.0,0.0,False,False,False,False,3
controlled/HtoW/scenarios_Home_to_work__adv1_apple0_google0_samsung0_tile0__advtag-4c001219fd__20260130_081144/scenario_tx-15s_rot-30s.csv,5,TAG_TILE,1,3600.0,,0.0,1,0.0,0.0,1.0,False,False,False,False,3
controlled/HtoW/scenarios_Home_to_work__adv1_apple0_google0_samsung0_tile0__advtag-4c001219fc__20260130_081125/scenario_tx-1min_rot-15min.csv,3,TAG_APPLE,4,3600.0,,3595.802744626999,4,1.2431084113701454,1.0,1.0,True,False,True,True,4
controlled/HtoW/scenarios_Home_to_work__adv1_apple0_google0_samsung0_tile0__advtag-4c001219fc__20260130_081125/scenario_tx-1min_rot-15min.csv,0,TAG_APPLE,21,3600.0,,2120.204355239868,21,1.0019799127445925,0.0,0.0,True,True,True,True,4
controlled/HtoW/scenarios_Home_to_work__adv1_apple0_google0_samsung0_tile0__advtag-4c001219fc__20260130_081125/scenario_tx-1min_rot-15min.csv,2,TAG_APPLE,31,3600.0,,3513.969890356064,31,0.8267322108219712,0.0,0.0,True,True,False,False,4
controlled/HtoW/scenarios_Home_to_work__adv1_apple0_google0_samsung0_tile0__advtag-4c001219fc__20260130_081125/scenario_tx-1min_rot-15min.csv,1,TAG_APPLE,7,3600.0,,3062.508399963379,7,0.6953434790197871,0.0,0.0,True,False,False,False,4
controlled/HtoW/scenarios_Home_to_work__adv1_apple0_google0_samsung0_tile0__advtag-4c001219fc__20260130_081125/scenario_tx-1min_rot-15min.csv,2,TAG_APPLE,3,7200.0,,3529.8697879314423,3,0.8659605032862618,1.0,1.0,True,False,False,False,3
controlled/HtoW/scenarios_Home_to_work__adv1_apple0_google0_samsung0_tile0__advtag-4c001219fc__20260130_081125/scenario_tx-1min_rot-15min.csv,1,TAG_APPLE,57,7200.0,,3518.664603471756,45,0.7457729198232664,0.044444444444444446,0.044444444444444446,True,True,False,False,3
controlled/HtoW/scenarios_Home_to_work__adv1_apple0_google0_samsung0_tile0__advtag-4c001219fc__20260130_081125/scenario_tx-1min_rot-15min.csv,0,TAG_APPLE,84,7200.0,,3593.361763715744,84,0.6528772109356975,0.0,0.023809523809523808,True,True,False,False,3
controlled/HtoW/scenarios_Home_to_work__adv1_apple0_google0_samsung0_tile0__advtag-4c001219fc__20260130_081125/scenario_tx-1min_rot-15min.csv,3,TAG_TILE,1,3600.0,,2894.0326144695277,1,0.0,0.0,0.0,True,False,False,False,3
controlled/HtoW/scenarios_Home_to_work__adv1_apple0_google0_samsung0_tile0__advtag-4c001219fc__20260130_081125/scenario_tx-1min_rot-15min.csv,4,TAG_TILE,1,3600.0,,277.4696617126465,1,0.0,0.0,0.0,False,False,False,False,3
controlled/HtoW/scenarios_Home_to_work__adv1_apple0_google0_samsung0_tile0__advtag-4c001219fc__20260130_081125/scenario_tx-1min_rot-15min.csv,5,TAG_TILE,1,3600.0,,577.9147005081177,1,0.0,0.0,0.0,False,False,False,False,3
controlled/HtoW/scenarios_Home_to_work__adv1_apple0_google0_samsung0_tile0__advtag-4c001219fc__20260130_081125/scenario_tx-1min_rot-15min.csv,0,TAG_APPLE,33,3600.0,,771.0463919639587,33,0.9888400160133458,0.06060606060606061,0.06060606060606061,False,True,False,False,3
controlled/HtoW/scenarios_Home_to_work__adv1_apple0_google0_samsung0_tile0__advtag-4c001219fc__20260130_081125/scenario_tx-1min_rot-15min.csv,1,TAG_APPLE,44,3600.0,,636.8608703613281,44,0.8679733287890347,0.0,0.0,False,True,False,False,3
controlled/HtoW/scenarios_Home_to_work__adv1_apple0_google0_samsung0_tile0__advtag-4c001219fc__20260130_081125/scenario_tx-1min_rot-15min.csv,2,TAG_APPLE,9,3600.0,,382.5024645328522,9,0.5483132241335965,0.0,0.0,False,False,False,False,3
controlled/HtoW/scenarios_Home_to_work__adv1_apple0_google0_samsung0_tile0__advtag-4c001219fc__20260130_081125/scenario_tx-1min_rot-15min.csv,3,TAG_TILE,2,3600.0,,504.30240750312805,2,0.0,0.0,0.0,False,False,False,False,3
controlled/HtoW/scenarios_Home_to_work__adv1_apple0_google0_samsung0_tile0__advtag-4c001219fc__20260130_081125/scenario_tx-1min_rot-15min.csv,4,TAG_TILE,1,3600.0,,94.09704542160034,1,0.0,0.0,0.0,False,False,False,False,3
controlled/HtoW/scenarios_Home_to_work__adv1_apple0_google0_samsung0_tile0__advtag-4c001219fc__20260130_081125/scenario_tx-1min_rot-15min.csv,5,TAG_TILE,1,3600.0,,0.0,1,0.0,0.0,0.0,False,False,False,False,3
controlled/HtoW/scenarios_Home_to_work__adv1_apple0_google0_samsung0_tile0__advtag-4c001219fc__20260130_081125/scenario_tx-2s_rot-5min.csv,2,TAG_APPLE,11,3600.0,,3597.871289253235,11,4.3093427958094965,1.0,1.0,True,False,True,True,3
controlled/HtoW/scenarios_Home_to_work__adv1_apple0_google0_samsung0_tile0__advtag-4c001219fc__20260130_081125/scenario_tx-2s_rot-5min.csv,1,TAG_APPLE,20,3600.0,,2120.204355239868,20,1.1148774693503791,0.0,0.0,True,True,True,True,3
controlled/HtoW/scenarios_Home_to_work__adv1_apple0_google0_samsung0_tile0__advtag-4c001219fc__20260130_081125/scenario_tx-2s_rot-5min.csv,0,TAG_APPLE,35,3600.0,,3513.969890356064,35,0.8280135183654721,0.0,0.0,True,True,False,False,3
controlled/HtoW/scenarios_Home_to_work__adv1_apple0_google0_samsung0_tile0__advtag-4c001219fc__20260130_081125/scenario_tx-2s_rot-5min.csv,2,TAG_APPLE,10,7200.0,,3589.8940370082855,10,5.838977432231223,1.0,1.0,True,False,True,True,3
controlled/HtoW/scenarios_Home_to_work__adv1_apple0_google0_samsung0_tile0__advtag-4c001219fc__20260130_081125/scenario_tx-2s_rot-5min.csv,0,TAG_APPLE,97,7200.0,,3593.361763715744,96,0.8966008256666118,0.0,0.010416666666666666,True,True,False,False,3
controlled/HtoW/scenarios_Home_to_work__adv1_apple0_google0_samsung0_tile0__advtag-4c001219fc__20260130_081125/scenario_tx-2s_rot-5min.csv,1,TAG_APPLE,42,7200.0,,3514.928233385086,31,0.7150521971594268,0.06451612903225806,0.06451612903225806,True,True,False,False,3
controlled/HtoW/scenarios_Home_to_work__adv1_apple0_google0_samsung0_tile0__advtag-4c001219fc__20260130_081125/scenario_tx-2s_rot-5min.csv,3,TAG_TILE,1,3600.0,,2894.0326144695277,1,0.0,0.0,0.0,True,False,False,False,3
controlled/HtoW/scenarios_Home_to_work__adv1_apple0_google0_samsung0_tile0__advtag-4c001219fc__20260130_081125/scenario_tx-2s_rot-5min.csv,4,TAG_TILE,1,3600.0,,277.4696617126465,1,0.0,0.0,0.0,False,False,False,False,3
controlled/HtoW/scenarios_Home_to_work__adv1_apple0_google0_samsung0_tile0__advtag-4c001219fc__20260130_081125/scenario_tx-2s_rot-5min.csv,5,TAG_TILE,1,3600.0,,577.9147005081177,1,0.0,0.0,0.0,False,False,False,False,3
controlled/HtoW/scenarios_Home_to_work__adv1_apple0_google0_samsung0_tile0__advtag-4c001219fc__20260130_081125/scenario_tx-2s_rot-5min.csv,1,TAG_APPLE,30,3600.0,,771.0463919639587,30,1.0676481962639626,0.0,0.0,False,True,True,False,3
controlled/HtoW/scenarios_Home_to_work__adv1_apple0_google0_samsung0_tile0__advtag-4c001219fc__20260130_081125/scenario_tx-2s_rot-5min.csv,2,TAG_APPLE,3,3600.0,,774.511554479599,3,0.8384415853592215,1.0,1.0,False,False,False,False,3
controlled/HtoW/scenarios_Home_to_work__adv1_apple0_google0_samsung0_tile0__advtag-4c001219fc__20260130_081125/scenario_tx-2s_rot-5min.csv,0,TAG_APPLE,55,3600.0,,636.8608703613281,55,0.7982459911971129,0.0,0.0,False,True,False,False,3
controlled/HtoW/scenarios_Home_to_work__adv1_apple0_google0_samsung0_tile0__advtag-4c001219fc__20260130_081125/scenario_tx-2s_rot-5min.csv,3,TAG_TILE,2,3600.0,,504.30240750312805,2,0.0,0.0,0.0,False,False,False,False,3
controlled/HtoW/scenarios_Home_to_work__adv1_apple0_google0_samsung0_tile0__advtag-4c001219fc__20260130_081125/scenario_tx-2s_rot-5min.csv,4,TAG_TILE,1,3600.0,,94.09704542160034,1,0.0,0.0,0.0,False,False,False,False,3
controlled/HtoW/scenarios_Home_to_work__adv1_apple0_google0_samsung0_tile0__advtag-4c001219fc__20260130_081125/scenario_tx-2s_rot-5min.csv,5,TAG_TILE,1,3600.0,,0.0,1,0.0,0.0,0.0,False,False,False,False,3
controlled/HtoW/scenarios_Home_to_work__adv1_apple0_google0_samsung0_tile0__advtag-4c001219fc__20260130_081125/scenario_tx-1min_rot-1min.csv,0,TAG_APPLE,23,3600.0,,3281.892611026764,23,1.2179143421746013,0.17391304347826086,0.17391304347826086,True,True,True,True,3
controlled/HtoW/scenarios_Home_to_work__adv1_apple0_google0_samsung0_tile0__advtag-4c001219fc__20260130_081125/scenario_tx-1min_rot-1min.csv,2,TAG_APPLE,30,3600.0,,3535.5577688217163,30,1.1960644788312587,1.0,1.0,True,True,True,True,3
controlled/HtoW/scenarios_Home_to_work__adv1_apple0_google0_samsung0_tile0__advtag-4c001219fc__20260130_081125/scenario_tx-1min_rot-1min.csv,1,TAG_APPLE,38,3600.0,,3597.0750226974487,38,0.8308693773623138,0.34210526315789475,0.34210526315789475,True,True,False,False,3
controlled/HtoW/scenarios_Home_to_work__adv1_apple0_google0_samsung0_tile0__advtag-4c001219fc__20260130_081125/scenario_tx-1min_rot-1min.csv,0,TAG_APPLE,53,7200.0,,3518.664603471756,42,1.2076847589147708,0.2619047619047619,0.38095238095238093,True,True,True,True,3
controlled/HtoW/scenarios_Home_to_work__adv1_apple0_google0_samsung0_tile0__advtag-4c001219fc__20260130_081125/scenario_tx-1min_rot-1min.csv,2,TAG_APPLE,24,7200.0,,3529.8697879314423,24,1.162458338415887,1.0,1.0,True,True,True,True,3
controlled/HtoW/scenarios_Home_to_work__adv1_apple0_google0_samsung0_tile0__advtag-4c001219fc__20260130_081125/scenario_tx-1min_rot-1min.csv,1,TAG_APPLE,93,7200.0,,3593.361763715744,91,0.8156515508678167,0.24175824175824176,0.2857142857142857,True,True,False,False,3
controlled/HtoW/scenarios_Home_to_work__adv1_apple0_google0_samsung0_tile0__advtag-4c001219fc__20260130_081125/scenario_tx-1min_rot-1min.csv,3,TAG_TILE,1,3600.0,,2894.0326144695277,1,0.0,0.0,0.0,True,False,False,False,3
controlled/HtoW/scenarios_Home_to_work__adv1_apple0_google0_samsung0_tile0__advtag-4c001219fc__20260130_081125/scenario_tx-1min_rot-1min.csv,4,TAG_TILE,1,3600.0,,277.4696617126465,1,0.0,0.0,1.0,False,False,False,False,3
controlled/HtoW/scenarios_Home_to_work__adv1_apple0_google0_samsung0_tile0__advtag-4c001219fc__20260130_081125/scenario_tx-1min_rot-1min.csv,5,TAG_TILE,1,3600.0,,577.9147005081177,1,0.0,0.0,0.0,False,False,False,False,3
controlled/HtoW/scenarios_Home_to_work__adv1_apple0_google0_samsung0_tile0__advtag-4c001219fc__20260130_081125/scenario_tx-1min_rot-1min.csv,2,TAG_APPLE,6,3600.0,,638.7937543392181,6,1.206444130987977,1.0,1.0,False,False,True,False,3
controlled/HtoW/scenarios_Home_to_work__adv1_apple0_google0_samsung0_tile0__advtag-4c001219fc__20260130_081125/scenario_tx-1min_rot-1min.csv,1,TAG_APPLE,28,3600.0,,771.0463919639587,28,1.1723250012640587,0.14285714285714285,0.14285714285714285,False,True,True,False,3
controlled/HtoW/scenarios_Home_to_work__adv1_apple0_google0_samsung0_tile0__advtag-4c001219fc__20260130_081125/scenario_tx-1min_rot-1min.csv,0,TAG_APPLE,57,3600.0,,636.8608703613281,57,0.8243960090859141,0.03508771929824561,0.03508771929824561,False,True,False,False,3
controlled/HtoW/scenarios_Home_to_work__adv1_apple0_google0_samsung0_tile0__advtag-4c001219fc__20260130_081125/scenario_tx-1min_rot-1min.csv,3,TAG_TILE,2,3600.0,,504.30240750312805,2,0.0,0.0,0.0,False,False,False,False,3
controlled/HtoW/scenarios_Home_to_work__adv1_apple0_google0_samsung0_tile0__advtag-4c001219fc__20260130_081125/scenario_tx-1min_rot-1min.csv,4,TAG_TILE,1,3600.0,,94.09704542160034,1,0.0,0.0,0.0,False,False,False,False,3
controlled/HtoW/scenarios_Home_to_work__adv1_apple0_google0_samsung0_tile0__advtag-4c001219fc__20260130_081125/scenario_tx-1min_rot-1min.csv,5,TAG_TILE,1,3600.0,,0.0,1,0.0,0.0,0.0,False,False,False,False,3
controlled/HtoW/scenarios_Home_to_work__adv1_apple0_google0_samsung0_tile0__advtag-4c001219fc__20260130_081125/scenario_tx-10s_rot-30s.csv,0,TAG_APPLE,95,3600.0,,3597.0750226974487,95,1.299994578947709,0.9157894736842105,0.9157894736842105,True,True,True,True,3
controlled/HtoW/scenarios_Home_to_work__adv1_apple0_google0_samsung0_tile0__advtag-4c001219fc__20260130_081125/scenario_tx-10s_rot-30s.csv,1,TAG_APPLE,22,3600.0,,3080.3439376354218,22,1.1405306190956426,0.6818181818181818,0.6818181818181818,True,True,True,True,3
controlled/HtoW/scenarios_Home_to_work__adv1_apple0_google0_samsung0_tile0__advtag-4c001219fc__20260130_081125/scenario_tx-10s_rot-30s.csv,2,TAG_APPLE,9,3600.0,,2455.2789039611816,9,1.1040938529304947,0.0,0.0,True,False,True,True,3
controlled/HtoW/scenarios_Home_to_work__adv1_apple0_google0_samsung0_tile0__advtag-4c001219fc__20260130_081125/scenario_tx-10s_rot-30s.csv,2,TAG_APPLE,69,7200.0,,3558.018873691559,69,1.323558687071272,1.0,1.0,True,True,True,True,3
controlled/HtoW/scenarios_Home_to_work__adv1_apple0_google0_samsung0_tile0__advtag-4c001219fc__20260130_081125/scenario_tx-10s_rot-30s.csv,0,TAG_APPLE,59,7200.0,,3518.664603471756,47,1.006935697888136,0.44680851063829785,0.574468085106383,True,True,True,True,3
controlled/HtoW/scenarios_Home_to_work__adv1_apple0_google0_samsung0_tile0__advtag-4c001219fc__20260130_081125/scenario_tx-10s_rot-30s.csv,1,TAG_APPLE,73,7200.0,,3593.967596769333,73,0.9985866321651793,0.410958904109589,0.5616438356164384,True,True,False,False,3
controlled/HtoW/scenarios_Home_to_work__adv1_apple0_google0_samsung0_tile0__advtag-4c001219fc__20260130_081125/scenario_tx-10s_rot-30s.csv,3,TAG_TILE,1,3600.0,,2894.0326144695277,1,0.0,0.0,1.0,True,False,False,False,3
controlled/HtoW/scenarios_Home_to_work__adv1_apple0_google0_samsung0_tile0__advtag-4c001219fc__20260130_081125/scenario_tx-10s_rot-30s.csv,4,TAG_TILE,1,3600.0,,277.4696617126465,1,0.0,0.0,1.0,False,False,False,False,3
controlled/HtoW/scenarios_Home_to_work__adv1_apple0_google0_samsung0_tile0__advtag-4c001219fc__20260130_081125/scenario_tx-10s_rot-30s.csv,5,TAG_TILE,1,3600.0,,577.9147005081177,1,0.0,0.0,1.0,False,False,False,False,3
controlled/HtoW/scenarios_Home_to_work__adv1_apple0_google0_samsung0_tile0__advtag-4c001219fc__20260130_081125/scenario_tx-10s_rot-30s.csv,1,TAG_APPLE,23,3600.0,,771.7917475700378,23,1.341630454926821,0.17391304347826086,0.17391304347826086,False,True,True,False,3
controlled/HtoW/scenarios_Home_to_work__adv1_apple0_google0_samsung0_tile0__advtag-4c001219fc__20260130_081125/scenario_tx-10s_rot-30s.csv,2,TAG_APPLE,8,3600.0,,532.2075445652008,8,1.1702165358558467,1.0,1.0,False,False,True,False,3
controlled/HtoW/scenarios_Home_to_work__adv1_apple0_google0_samsung0_tile0__advtag-4c001219fc__20260130_081125/scenario_tx-10s_rot-30s.csv,0,TAG_APPLE,65,3600.0,,714.1795794963837,65,0.8296936332516954,0.2,0.2,False,True,False,False,3
controlled/HtoW/scenarios_Home_to_work__adv1_apple0_google0_samsung0_tile0__advtag-4c001219fc__20260130_081125/scenario_tx-10s_rot-30s.csv,3,TAG_TILE,2,3600.0,,504.30240750312805,2,0.0,0.0,0.5,False,False,False,False,3
controlled/HtoW/scenarios_Home_to_work__adv1_apple0_google0_samsung0_tile0__advtag-4c001219fc__20260130_081125/scenario_tx-10s_rot-30s.csv,4,TAG_TILE,1,3600.0,,94.09704542160034,1,0.0,0.0,0.0,False,False,False,False,3
controlled/HtoW/scenarios_Home_to_work__adv1_apple0_google0_samsung0_tile0__advtag-4c001219fc__20260130_081125/scenario_tx-10s_rot-30s.csv,5,TAG_TILE,1,3600.0,,0.0,1,0.0,0.0,0.0,False,False,False,False,3
controlled/HtoW/scenarios_Home_to_work__adv1_apple0_google0_samsung0_tile0__advtag-4c001219fd__20260130_081144/scenario_tx-10s_rot-5min.csv,2,TAG_APPLE,8,3600.0,,3295.5485248565674,8,4.419912285710047,1.0,1.0,True,False,True,True,3
controlled/HtoW/scenarios_Home_to_work__adv1_apple0_google0_samsung0_tile0__advtag-4c001219fd__20260130_081144/scenario_tx-10s_rot-5min.csv,0,TAG_APPLE,24,3600.0,,2389.057881116867,24,1.939386962990621,0.125,0.125,True,True,True,True,3
controlled/HtoW/scenarios_Home_to_work__adv1_apple0_google0_samsung0_tile0__advtag-4c001219fd__20260130_081144/scenario_tx-10s_rot-5min.csv,1,TAG_APPLE,34,3600.0,,3513.969890356064,34,1.4573829640747806,0.0,0.0,True,True,True,True,3
controlled/HtoW/scenarios_Home_to_work__adv1_apple0_google0_samsung0_tile0__advtag-4c001219fd__20260130_081144/scenario_tx-10s_rot-5min.csv,2,TAG_APPLE,10,7200.0,,3585.7611539363866,10,3.5147554294064975,1.0,1.0,True,False,True,True,3
controlled/HtoW/scenarios_Home_to_work__adv1_apple0_google0_samsung0_tile0__advtag-4c001219fd__20260130_081144/scenario_tx-10s_rot-5min.csv,0,TAG_APPLE,55,7200.0,,3518.664603471756,44,1.3918910828124806,0.045454545454545456,0.06818181818181818,True,True,True,True,3
controlled/HtoW/scenarios_Home_to_work__adv1_apple0_google0_samsung0_tile0__advtag-4c001219fd__20260130_081144/scenario_tx-10s_rot-5min.csv,1,TAG_APPLE,79,7200.0,,3593.361763715744,78,1.3111696657538623,0.0,0.0,True,True,True,True,3
controlled/HtoW/scenarios_Home_to_work__adv1_apple0_google0_samsung0_tile0__advtag-4c001219fd__20260130_081144/scenario_tx-10s_rot-5min.csv,3,TAG_TILE,1,3600.0,,2894.0326144695277,1,0.0,0.0,0.0,True,False,False,False,3
controlled/HtoW/scenarios_Home_to_work__adv1_apple0_google0_samsung0_tile0__advtag-4c001219fd__20260130_081144/scenario_tx-10s_rot-5min.csv,4,TAG_TILE,1,3600.0,,277.4696617126465,1,0.0,0.0,0.0,False,False,False,False,3
controlled/HtoW/scenarios_Home_to_work__adv1_apple0_google0_samsung0_tile0__advtag-4c001219fd__20260130_081144/scenario_tx-10s_rot-5min.csv,5,TAG_TILE,1,3600.0,,577.9147005081177,1,0.0,0.0,0.0,False,False,False,False,3
controlled/HtoW/scenarios_Home_to_work__adv1_apple0_google0_samsung0_tile0__advtag-4c001219fd__20260130_081144/scenario_tx-10s_rot-5min.csv,2,TAG_APPLE,3,3600.0,,749.1938815116882,3,1.644618358735421,1.0,1.0,False,False,True,False,3
controlled/HtoW/scenarios_Home_to_work__adv1_apple0_google0_samsung0_tile0__advtag-4c001219fd__20260130_081144/scenario_tx-10s_rot-5min.csv,1,TAG_APPLE,24,3600.0,,771.0463919639587,24,1.5661050085828976,0.0,0.0,False,True,True,False,3
controlled/HtoW/scenarios_Home_to_work__adv1_apple0_google0_samsung0_tile0__advtag-4c001219fd__20260130_081144/scenario_tx-10s_rot-5min.csv,0,TAG_APPLE,59,3600.0,,636.8608703613281,59,1.2850681081622721,0.0,0.0,False,True,True,False,3
controlled/HtoW/scenarios_Home_to_work__adv1_apple0_google0_samsung0_tile0__advtag-4c001219fd__20260130_081144/scenario_tx-10s_rot-5min.csv,3,TAG_TILE,2,3600.0,,504.30240750312805,2,0.0,0.0,0.0,False,False,False,False,3
controlled/HtoW/scenarios_Home_to_work__adv1_apple0_google0_samsung0_tile0__advtag-4c001219fd__20260130_081144/scenario_tx-10s_rot-5min.csv,4,TAG_TILE,1,3600.0,,94.09704542160034,1,0.0,0.0,0.0,False,False,False,False,3
controlled/HtoW/scenarios_Home_to_work__adv1_apple0_google0_samsung0_tile0__advtag-4c001219fd__20260130_081144/scenario_tx-10s_rot-5min.csv,5,TAG_TILE,1,3600.0,,0.0,1,0.0,0.0,0.0,False,False,False,False,3
controlled/HtoW/scenarios_Home_to_work__adv1_apple0_google0_samsung0_tile0__advtag-4c001219fc__20260130_081125/scenario_tx-30s_rot-1min.csv,2,TAG_APPLE,23,3600.0,,3442.0652115345,23,1.3802804595067075,1.0,1.0,True,True,True,True,4
controlled/HtoW/scenarios_Home_to_work__adv1_apple0_google0_samsung0_tile0__advtag-4c001219fc__20260130_081125/scenario_tx-30s_rot-1min.csv,0,TAG_APPLE,22,3600.0,,3405.4602584838867,22,1.2337534558247971,0.3181818181818182,0.3181818181818182,True,True,True,True,4
controlled/HtoW/scenarios_Home_to_work__adv1_apple0_google0_samsung0_tile0__advtag-4c001219fc__20260130_081125/scenario_tx-30s_rot-1min.csv,1,TAG_APPLE,36,3600.0,,3597.0750226974487,36,0.9075448184058242,0.6111111111111112,0.6111111111111112,True,True,False,False,4
controlled/HtoW/scenarios_Home_to_work__adv1_apple0_google0_samsung0_tile0__advtag-4c001219fc__20260130_081125/scenario_tx-30s_rot-1min.csv,3,TAG_APPLE,13,3600.0,,3074.740136146546,13,0.8887010133202905,0.0,0.0,True,False,False,False,4
controlled/HtoW/scenarios_Home_to_work__adv1_apple0_google0_samsung0_tile0__advtag-4c001219fc__20260130_081125/scenario_tx-30s_rot-1min.csv,2,TAG_APPLE,44,7200.0,,3583.926745414734,43,1.01511341346976,0.9767441860465116,0.9767441860465116,True,True,True,True,3
controlled/HtoW/scenarios_Home_to_work__adv1_apple0_google0_samsung0_tile0__advtag-4c001219fc__20260130_081125/scenario_tx-30s_rot-1min.csv,1,TAG_APPLE,50,7200.0,,3514.928233385086,39,0.9931660811132628,0.23076923076923078,0.3333333333333333,True,True,False,False,3
controlled/HtoW/scenarios_Home_to_work__adv1_apple0_google0_samsung0_tile0__advtag-4c001219fc__20260130_081125/scenario_tx-30s_rot-1min.csv,0,TAG_APPLE,82,7200.0,,3593.361763715744,81,0.9658444023746836,0.1111111111111111,0.18518518518518517,True,True,False,False,3
controlled/HtoW/scenarios_Home_to_work__adv1_apple0_google0_samsung0_tile0__advtag-4c001219fc__20260130_081125/scenario_tx-30s_rot-1min.csv,3,TAG_TILE,1,3600.0,,2894.0326144695277,1,0.0,0.0,0.0,True,False,False,False,3
controlled/HtoW/scenarios_Home_to_work__adv1_apple0_google0_samsung0_tile0__advtag-4c001219fc__20260130_081125/scenario_tx-30s_rot-1min.csv,4,TAG_TILE,1,3600.0,,277.4696617126465,1,0.0,0.0,1.0,False,False,False,False,3
controlled/HtoW/scenarios_Home_to_work__adv1_apple0_google0_samsung0_tile0__advtag-4c001219fc__20260130_081125/scenario_tx-30s_rot-1min.csv,5,TAG_TILE,1,3600.0,,577.9147005081177,1,0.0,0.0,0.0,False,False,False,False,3
controlled/HtoW/scenarios_Home_to_work__adv1_apple0_google0_samsung0_tile0__advtag-4c001219fc__20260130_081125/scenario_tx-30s_rot-1min.csv,1,TAG_APPLE,22,3600.0,,771.0463919639587,22,1.1665742214309276,0.13636363636363635,0.13636363636363635,False,True,True,False,3
controlled/HtoW/scenarios_Home_to_work__adv1_apple0_google0_samsung0_tile0__advtag-4c001219fc__20260130_081125/scenario_tx-30s_rot-1min.csv,2,TAG_APPLE,6,3600.0,,638.9160180091858,6,1.0287604535710841,1.0,1.0,False,False,True,False,3
controlled/HtoW/scenarios_Home_to_work__adv1_apple0_google0_samsung0_tile0__advtag-4c001219fc__20260130_081125/scenario_tx-30s_rot-1min.csv,0,TAG_APPLE,63,3600.0,,769.5311436653137,63,0.8816106201263123,0.06349206349206349,0.06349206349206349,False,True,False,False,3
controlled/HtoW/scenarios_Home_to_work__adv1_apple0_google0_samsung0_tile0__advtag-4c001219fc__20260130_081125/scenario_tx-30s_rot-1min.csv,3,TAG_TILE,2,3600.0,,504.30240750312805,2,0.0,0.0,0.0,False,False,False,False,3
controlled/HtoW/scenarios_Home_to_work__adv1_apple0_google0_samsung0_tile0__advtag-4c001219fc__20260130_081125/scenario_tx-30s_rot-1min.csv,4,TAG_TILE,1,3600.0,,94.09704542160034,1,0.0,0.0,0.0,False,False,False,False,3
controlled/HtoW/scenarios_Home_to_work__adv1_apple0_google0_samsung0_tile0__advtag-4c001219fc__20260130_081125/scenario_tx-30s_rot-1min.csv,5,TAG_TILE,1,3600.0,,0.0,1,0.0,0.0,0.0,False,False,False,False,3
controlled/HtoW/scenarios_Home_to_work__adv1_apple0_google0_samsung0_tile0__advtag-4c001219fd__20260130_081144/scenario_tx-10s_rot-30s.csv,2,TAG_APPLE,79,3600.0,,3598.2555553913116,79,2.7550830679038927,1.0,1.0,True,True,True,True,3
controlled/HtoW/scenarios_Home_to_work__adv1_apple0_google0_samsung0_tile0__advtag-4c001219fd__20260130_081144/scenario_tx-10s_rot-30s.csv,0,TAG_APPLE,20,3600.0,,3084.052970647812,20,2.428568244489358,0.7,0.7,True,True,True,True,3
controlled/HtoW/scenarios_Home_to_work__adv1_apple0_google0_samsung0_tile0__advtag-4c001219fd__20260130_081144/scenario_tx-10s_rot-30s.csv,1,TAG_APPLE,27,3600.0,,3454.2565777301793,27,1.5775861609230908,0.3333333333333333,0.3333333333333333,True,True,True,True,3
controlled/HtoW/scenarios_Home_to_work__adv1_apple0_google0_samsung0_tile0__advtag-4c001219fd__20260130_081144/scenario_tx-10s_rot-30s.csv,2,TAG_APPLE,84,7200.0,,3585.7611539363866,84,2.6387218565946395,1.0,1.0,True,True,True,True,3
controlled/HtoW/scenarios_Home_to_work__adv1_apple0_google0_samsung0_tile0__advtag-4c001219fd__20260130_081144/scenario_tx-10s_rot-30s.csv,0,TAG_APPLE,75,7200.0,,3593.361763715744,74,2.2989410994558392,0.35135135135135137,0.5135135135135135,True,True,True,True,3
controlled/HtoW/scenarios_Home_to_work__adv1_apple0_google0_samsung0_tile0__advtag-4c001219fd__20260130_081144/scenario_tx-10s_rot-30s.csv,1,TAG_APPLE,42,7200.0,,3513.5685698986053,31,2.1490014975152816,0.3225806451612903,0.4838709677419355,True,True,True,True,3
controlled/HtoW/scenarios_Home_to_work__adv1_apple0_google0_samsung0_tile0__advtag-4c001219fd__20260130_081144/scenario_tx-10s_rot-30s.csv,3,TAG_TILE,1,3600.0,,2894.0326144695277,1,0.0,0.0,1.0,True,False,False,False,3
controlled/HtoW/scenarios_Home_to_work__adv1_apple0_google0_samsung0_tile0__advtag-4c001219fd__20260130_081144/scenario_tx-10s_rot-30s.csv,4,TAG_TILE,1,3600.0,,277.4696617126465,1,0.0,0.0,1.0,False,False,False,False,3
controlled/HtoW/scenarios_Home_to_work__adv1_apple0_google0_samsung0_tile0__advtag-4c001219fd__20260130_081144/scenario_tx-10s_rot-30s.csv,5,TAG_TILE,1,3600.0,,577.9147005081177,1,0.0,0.0,1.0,False,False,False,False,3
controlled/HtoW/scenarios_Home_to_work__adv1_apple0_google0_samsung0_tile0__advtag-4c001219fd__20260130_081144/scenario_tx-10s_rot-30s.csv,1,TAG_APPLE,25,3600.0,,773.3923244476318,25,2.5296846914423043,0.2,0.2,False,True,True,False,3
controlled/HtoW/scenarios_Home_to_work__adv1_apple0_google0_samsung0_tile0__advtag-4c001219fd__20260130_081144/scenario_tx-10s_rot-30s.csv,2,TAG_APPLE,50,3600.0,,636.8608703613281,50,1.8809281678475775,0.0,0.0,False,True,True,False,3
controlled/HtoW/scenarios_Home_to_work__adv1_apple0_google0_samsung0_tile0__advtag-4c001219fd__20260130_081144/scenario_tx-10s_rot-30s.csv,0,TAG_APPLE,21,3600.0,,719.0117447376251,21,0.8446508835257576,1.0,1.0,False,True,False,False,3
controlled/HtoW/scenarios_Home_to_work__adv1_apple0_google0_samsung0_tile0__advtag-4c001219fd__20260130_081144/scenario_tx-10s_rot-30s.csv,3,TAG_TILE,2,3600.0,,504.30240750312805,2,0.0,0.0,0.5,False,False,False,False,3
controlled/HtoW/scenarios_Home_to_work__adv1_apple0_google0_samsung0_tile0__advtag-4c001219fd__20260130_081144/scenario_tx-10s_rot-30s.csv,4,TAG_TILE,1,3600.0,,94.09704542160034,1,0.0,0.0,0.0,False,False,False,False,3
controlled/HtoW/scenarios_Home_to_work__adv1_apple0_google0_samsung0_tile0__advtag-4c001219fd__20260130_081144/scenario_tx-10s_rot-30s.csv,5,TAG_TILE,1,3600.0,,0.0,1,0.0,0.0,0.0,False,False,False,False,3
controlled/HtoW/scenarios_Home_to_work__adv1_apple0_google0_samsung0_tile0__advtag-4c001219fc__20260130_081125/scenario_tx-2s_rot-30s.csv,1,TAG_APPLE,87,3600.0,,3537.6263134479523,87,1.6995199032989472,1.0,1.0,True,True,True,True,3
controlled/HtoW/scenarios_Home_to_work__adv1_apple0_google0_samsung0_tile0__advtag-4c001219fc__20260130_081125/scenario_tx-2s_rot-30s.csv,0,TAG_APPLE,22,3600.0,,3599.895208835602,22,1.02383723363555,0.5454545454545454,0.5454545454545454,True,True,True,True,3
controlled/HtoW/scenarios_Home_to_work__adv1_apple0_google0_samsung0_tile0__advtag-4c001219fc__20260130_081125/scenario_tx-2s_rot-30s.csv,2,TAG_APPLE,25,3600.0,,3441.321294784546,25,0.7839337846016191,0.12,0.12,True,True,False,False,3
controlled/HtoW/scenarios_Home_to_work__adv1_apple0_google0_samsung0_tile0__advtag-4c001219fc__20260130_081125/scenario_tx-2s_rot-30s.csv,1,TAG_APPLE,106,7200.0,,3590.979928255081,106,1.7513923251203922,0.9905660377358491,0.9905660377358491,True,True,True,True,3
controlled/HtoW/scenarios_Home_to_work__adv1_apple0_google0_samsung0_tile0__advtag-4c001219fc__20260130_081125/scenario_tx-2s_rot-30s.csv,2,TAG_APPLE,47,7200.0,,3591.5440604686737,46,1.2484955836918747,0.0,0.3695652173913043,True,True,True,True,3
controlled/HtoW/scenarios_Home_to_work__adv1_apple0_google0_samsung0_tile0__advtag-4c001219fc__20260130_081125/scenario_tx-2s_rot-30s.csv,0,TAG_APPLE,51,7200.0,,3563.4857609272003,38,0.9558926065608168,0.39473684210526316,0.5,True,True,False,False,3
controlled/HtoW/scenarios_Home_to_work__adv1_apple0_google0_samsung0_tile0__advtag-4c001219fc__20260130_081125/scenario_tx-2s_rot-30s.csv,3,TAG_TILE,1,3600.0,,2894.0326144695277,1,0.0,0.0,0.0,True,False,False,False,3
controlled/HtoW/scenarios_Home_to_work__adv1_apple0_google0_samsung0_tile0__advtag-4c001219fc__20260130_081125/scenario_tx-2s_rot-30s.csv,4,TAG_TILE,1,3600.0,,277.4696617126465,1,0.0,0.0,1.0,False,False,False,False,3
controlled/HtoW/scenarios_Home_to_work__adv1_apple0_google0_samsung0_tile0__advtag-4c001219fc__20260130_081125/scenario_tx-2s_rot-30s.csv,5,TAG_TILE,1,3600.0,,577.9147005081177,1,0.0,0.0,0.0,False,False,False,False,3
controlled/HtoW/scenarios_Home_to_work__adv1_apple0_google0_samsung0_tile0__advtag-4c001219fc__20260130_081125/scenario_tx-2s_rot-30s.csv,2,TAG_APPLE,21,3600.0,,774.511554479599,21,1.5451632581454813,1.0,1.0,False,True,True,False,3
controlled/HtoW/scenarios_Home_to_work__adv1_apple0_google0_samsung0_tile0__advtag-4c001219fc__20260130_081125/scenario_tx-2s_rot-30s.csv,1,TAG_APPLE,24,3600.0,,771.0463919639587,24,1.4814588037399175,0.08333333333333333,0.08333333333333333,False,True,True,False,3
controlled/HtoW/scenarios_Home_to_work__adv1_apple0_google0_samsung0_tile0__advtag-4c001219fc__20260130_081125/scenario_tx-2s_rot-30s.csv,0,TAG_APPLE,56,3600.0,,636.8608703613281,56,1.0469379697532217,0.03571428571428571,0.03571428571428571,False,True,True,False,3
controlled/HtoW/scenarios_Home_to_work__adv1_apple0_google0_samsung0_tile0__advtag-4c001219fc__20260130_081125/scenario_tx-2s_rot-30s.csv,3,TAG_TILE,2,3600.0,,504.30240750312805,2,0.0,0.0,0.0,False,False,False,False,3
controlled/HtoW/scenarios_Home_to_work__adv1_apple0_google0_samsung0_tile0__advtag-4c001219fc__20260130_081125/scenario_tx-2s_rot-30s.csv,4,TAG_TILE,1,3600.0,,94.09704542160034,1,0.0,0.0,1.0,False,False,False,False,3
controlled/HtoW/scenarios_Home_to_work__adv1_apple0_google0_samsung0_tile0__advtag-4c001219fc__20260130_081125/scenario_tx-2s_rot-30s.csv,5,TAG_TILE,1,3600.0,,0.0,1,0.0,0.0,0.0,False,False,False,False,3
controlled/HtoW/scenarios_Home_to_work__adv1_apple0_google0_samsung0_tile0__advtag-4c001219fc__20260130_081125/scenario_tx-2s_rot-10s.csv,2,TAG_APPLE,17,3600.0,,3480.2114934921265,17,1.2533797439366456,1.0,1.0,True,True,True,True,3
controlled/HtoW/scenarios_Home_to_work__adv1_apple0_google0_samsung0_tile0__advtag-4c001219fc__20260130_081125/scenario_tx-2s_rot-10s.csv,1,TAG_APPLE,160,3600.0,,3597.871289253235,160,1.0762942599862573,1.0,1.0,True,True,True,True,3
controlled/HtoW/scenarios_Home_to_work__adv1_apple0_google0_samsung0_tile0__advtag-4c001219fc__20260130_081125/scenario_tx-2s_rot-10s.csv,0,TAG_APPLE,21,3600.0,,3584.39293217659,21,0.9008550788548616,1.0,1.0,True,True,False,False,3
controlled/HtoW/scenarios_Home_to_work__adv1_apple0_google0_samsung0_tile0__advtag-4c001219fc__20260130_081125/scenario_tx-2s_rot-10s.csv,0,TAG_APPLE,65,7200.0,,3591.5428364276886,61,1.144226782165429,0.8360655737704918,1.0,True,True,True,True,3
controlled/HtoW/scenarios_Home_to_work__adv1_apple0_google0_samsung0_tile0__advtag-4c001219fc__20260130_081125/scenario_tx-2s_rot-10s.csv,1,TAG_APPLE,183,7200.0,,3590.979928255081,147,1.0724226317569026,1.0,1.0,True,True,True,True,3
controlled/HtoW/scenarios_Home_to_work__adv1_apple0_google0_samsung0_tile0__advtag-4c001219fc__20260130_081125/scenario_tx-2s_rot-10s.csv,2,TAG_APPLE,27,7200.0,,3532.2713465690617,20,0.8068089109223435,0.9,1.0,True,True,False,False,3
controlled/HtoW/scenarios_Home_to_work__adv1_apple0_google0_samsung0_tile0__advtag-4c001219fc__20260130_081125/scenario_tx-2s_rot-10s.csv,3,TAG_TILE,1,3600.0,,2894.0326144695277,1,0.0,0.0,1.0,True,False,False,False,3
controlled/HtoW/scenarios_Home_to_work__adv1_apple0_google0_samsung0_tile0__advtag-4c001219fc__20260130_081125/scenario_tx-2s_rot-10s.csv,4,TAG_TILE,1,3600.0,,277.4696617126465,1,0.0,0.0,1.0,False,False,False,False,3
controlled/HtoW/scenarios_Home_to_work__adv1_apple0_google0_samsung0_tile0__advtag-4c001219fc__20260130_081125/scenario_tx-2s_rot-10s.csv,5,TAG_TILE,1,3600.0,,577.9147005081177,1,0.0,0.0,1.0,False,False,False,False,3
controlled/HtoW/scenarios_Home_to_work__adv1_apple0_google0_samsung0_tile0__advtag-4c001219fc__20260130_081125/scenario_tx-2s_rot-10s.csv,3,TAG_APPLE,22,3600.0,,771.0463919639587,22,1.563381266172748,0.09090909090909091,0.09090909090909091,False,True,True,False,6
controlled/HtoW/scenarios_Home_to_work__adv1_apple0_google0_samsung0_tile0__advtag-4c001219fc__20260130_081125/scenario_tx-2s_rot-10s.csv,0,TAG_APPLE,29,3600.0,,704.647075176239,29,1.3039464163689087,0.9310344827586207,0.9310344827586207,False,True,True,False,6
controlled/HtoW/scenarios_Home_to_work__adv1_apple0_google0_samsung0_tile0__advtag-4c001219fc__20260130_081125/scenario_tx-2s_rot-10s.csv,2,TAG_APPLE,33,3600.0,,774.511554479599,33,1.2147668690412359,1.0,1.0,False,True,True,False,6
controlled/HtoW/scenarios_Home_to_work__adv1_apple0_google0_samsung0_tile0__advtag-4c001219fc__20260130_081125/scenario_tx-2s_rot-10s.csv,1,TAG_APPLE,29,3600.0,,713.2638573646545,29,1.178451580383909,0.10344827586206896,0.10344827586206896,False,True,True,False,6
controlled/HtoW/scenarios_Home_to_work__adv1_apple0_google0_samsung0_tile0__advtag-4c001219fc__20260130_081125/scenario_tx-2s_rot-10s.csv,5,TAG_APPLE,6,3600.0,,181.20577955245972,6,0.44712567908825623,0.16666666666666666,0.16666666666666666,False,False,False,False,6
controlled/HtoW/scenarios_Home_to_work__adv1_apple0_google0_samsung0_tile0__advtag-4c001219fc__20260130_081125/scenario_tx-2s_rot-10s.csv,4,TAG_APPLE,2,3600.0,,701.2928795814514,2,0.0,0.5,0.5,False,False,False,False,6
controlled/HtoW/scenarios_Home_to_work__adv1_apple0_google0_samsung0_tile0__advtag-4c001219fc__20260130_081125/scenario_tx-2s_rot-10s.csv,6,TAG_TILE,2,3600.0,,504.30240750312805,2,0.0,0.0,0.0,False,False,False,False,3
controlled/HtoW/scenarios_Home_to_work__adv1_apple0_google0_samsung0_tile0__advtag-4c001219fc__20260130_081125/scenario_tx-2s_rot-10s.csv,7,TAG_TILE,1,3600.0,,94.09704542160034,1,0.0,0.0,1.0,False,False,False,False,3
controlled/HtoW/scenarios_Home_to_work__adv1_apple0_google0_samsung0_tile0__advtag-4c001219fc__20260130_081125/scenario_tx-2s_rot-10s.csv,8,TAG_TILE,1,3600.0,,0.0,1,0.0,0.0,0.0,False,False,False,False,3
controlled/HtoW/scenarios_Home_to_work__adv0_apple0_google0_samsung0_tile0__20260130_081034/background_only.csv,2,TAG_APPLE,9,3600.0,,1138.3692042827602,9,0.8318315645517144,0.0,0.0,False,False,False,False,4
controlled/HtoW/scenarios_Home_to_work__adv0_apple0_google0_samsung0_tile0__20260130_081034/background_only.csv,1,TAG_APPLE,31,7200.0,,2202.7306010723114,26,0.7910846995991885,0.0,0.0,True,True,False,False,4
controlled/HtoW/scenarios_Home_to_work__adv0_apple0_google0_samsung0_tile0__20260130_081034/background_only.csv,0,TAG_APPLE,30,7200.0,,3590.364407539368,29,0.7289480956961312,0.0,0.0,True,True,False,False,4
controlled/HtoW/scenarios_Home_to_work__adv0_apple0_google0_samsung0_tile0__20260130_081034/background_only.csv,3,TAG_APPLE,8,7200.0,,3451.8734471797948,8,0.5899580244745882,0.0,0.0,True,False,False,False,4
controlled/HtoW/scenarios_Home_to_work__adv0_apple0_google0_samsung0_tile0__20260130_081034/background_only.csv,2,TAG_APPLE,26,7200.0,,3598.836982488632,25,0.8623961685024135,0.0,0.0,True,True,False,False,3
controlled/HtoW/scenarios_Home_to_work__adv0_apple0_google0_samsung0_tile0__20260130_081034/background_only.csv,1,TAG_APPLE,69,7200.0,,3572.0101165771484,69,0.8575899781672026,0.0,0.0,True,True,False,False,3
controlled/HtoW/scenarios_Home_to_work__adv0_apple0_google0_samsung0_tile0__20260130_081034/background_only.csv,0,TAG_APPLE,55,7200.0,,3598.9174320697784,43,0.761387962351614,0.0,0.0,True,True,False,False,3
controlled/HtoW/scenarios_Home_to_work__adv0_apple0_google0_samsung0_tile0__20260130_081034/background_only.csv,3,TAG_TILE,2,7200.0,,3235.4859499931335,2,0.0,0.0,0.0,True,False,False,False,3
controlled/HtoW/scenarios_Home_to_work__adv0_apple0_google0_samsung0_tile0__20260130_081034/background_only.csv,4,TAG_TILE,1,3600.0,,2894.0326144695277,1,0.0,0.0,0.0,True,False,False,False,3
controlled/HtoW/scenarios_Home_to_work__adv0_apple0_google0_samsung0_tile0__20260130_081034/background_only.csv,5,TAG_TILE,1,3600.0,,61.564366579055786,1,0.0,0.0,0.0,False,False,False,False,3
controlled/HtoW/scenarios_Home_to_work__adv0_apple0_google0_samsung0_tile0__20260130_081034/background_only.csv,0,TAG_APPLE,32,3600.0,,685.1431410312653,32,0.9353277812828741,0.0,0.0,False,True,False,False,3
controlled/HtoW/scenarios_Home_to_work__adv0_apple0_google0_samsung0_tile0__20260130_081034/background_only.csv,1,TAG_APPLE,44,3600.0,,636.8608703613281,44,0.8341614537824009,0.0,0.0,False,True,False,False,3
controlled/HtoW/scenarios_Home_to_work__adv0_apple0_google0_samsung0_tile0__20260130_081034/background_only.csv,2,TAG_APPLE,9,3600.0,,382.5024645328522,9,0.5023445002057625,0.0,0.0,False,False,False,False,3
controlled/HtoW/scenarios_Home_to_work__adv0_apple0_google0_samsung0_tile0__20260130_081034/background_only.csv,3,TAG_TILE,2,3600.0,,405.1337332725516,2,0.0,0.0,0.0,False,False,False,False,3
controlled/HtoW/scenarios_Home_to_work__adv0_apple0_google0_samsung0_tile0__20260130_081034/background_only.csv,4,TAG_TILE,1,3600.0,,94.09704542160034,1,0.0,0.0,0.0,False,False,False,False,3
controlled/HtoW/scenarios_Home_to_work__adv0_apple0_google0_samsung0_tile0__20260130_081034/background_only.csv,5,TAG_TILE,1,3600.0,,0.0,1,0.0,0.0,0.0,False,False,False,False,3
controlled/HtoW/scenarios_Home_to_work__adv1_apple0_google0_samsung0_tile0__advtag-4c001219fc__20260130_081125/scenario_tx-30s_rot-30s.csv,0,TAG_APPLE,21,3600.0,,3369.773249387741,21,1.237210722732811,0.47619047619047616,0.47619047619047616,True,True,True,True,4
controlled/HtoW/scenarios_Home_to_work__adv1_apple0_google0_samsung0_tile0__advtag-4c001219fc__20260130_081125/scenario_tx-30s_rot-30s.csv,2,TAG_APPLE,43,3600.0,,3473.872843027115,43,1.1349812119256966,1.0,1.0,True,True,True,True,4
controlled/HtoW/scenarios_Home_to_work__adv1_apple0_google0_samsung0_tile0__advtag-4c001219fc__20260130_081125/scenario_tx-30s_rot-30s.csv,3,TAG_APPLE,9,3600.0,,1777.6546146869664,9,1.006695653999231,0.0,0.0,True,False,True,True,4
controlled/HtoW/scenarios_Home_to_work__adv1_apple0_google0_samsung0_tile0__advtag-4c001219fc__20260130_081125/scenario_tx-30s_rot-30s.csv,1,TAG_APPLE,46,3600.0,,3597.0750226974487,46,0.9251535914509948,0.7608695652173914,0.7608695652173914,True,True,False,False,4
controlled/HtoW/scenarios_Home_to_work__adv1_apple0_google0_samsung0_tile0__advtag-4c001219fc__20260130_081125/scenario_tx-30s_rot-30s.csv,2,TAG_APPLE,50,7200.0,,3489.2453005313873,50,1.256206807661525,1.0,1.0,True,True,True,True,3
controlled/HtoW/scenarios_Home_to_work__adv1_apple0_google0_samsung0_tile0__advtag-4c001219fc__20260130_081125/scenario_tx-30s_rot-30s.csv,0,TAG_APPLE,59,7200.0,,3589.3936326503754,46,1.0301252789142432,0.3695652173913043,0.43478260869565216,True,True,True,True,3
controlled/HtoW/scenarios_Home_to_work__adv1_apple0_google0_samsung0_tile0__advtag-4c001219fc__20260130_081125/scenario_tx-30s_rot-30s.csv,1,TAG_APPLE,84,7200.0,,3593.361763715744,83,0.9949654999895297,0.5180722891566265,0.6506024096385542,True,True,False,False,3
controlled/HtoW/scenarios_Home_to_work__adv1_apple0_google0_samsung0_tile0__advtag-4c001219fc__20260130_081125/scenario_tx-30s_rot-30s.csv,3,TAG_TILE,1,3600.0,,2894.0326144695277,1,0.0,0.0,1.0,True,False,False,False,3
controlled/HtoW/scenarios_Home_to_work__adv1_apple0_google0_samsung0_tile0__advtag-4c001219fc__20260130_081125/scenario_tx-30s_rot-30s.csv,4,TAG_TILE,1,3600.0,,277.4696617126465,1,0.0,0.0,1.0,False,False,False,False,3
controlled/HtoW/scenarios_Home_to_work__adv1_apple0_google0_samsung0_tile0__advtag-4c001219fc__20260130_081125/scenario_tx-30s_rot-30s.csv,5,TAG_TILE,1,3600.0,,577.9147005081177,1,0.0,0.0,1.0,False,False,False,False,3
controlled/HtoW/scenarios_Home_to_work__adv1_apple0_google0_samsung0_tile0__advtag-4c001219fc__20260130_081125/scenario_tx-30s_rot-30s.csv,2,TAG_APPLE,12,3600.0,,739.0212795734406,12,1.2865592419222052,0.9166666666666666,0.9166666666666666,False,False,True,False,3
controlled/HtoW/scenarios_Home_to_work__adv1_apple0_google0_samsung0_tile0__advtag-4c001219fc__20260130_081125/scenario_tx-30s_rot-30s.csv,1,TAG_APPLE,30,3600.0,,771.0463919639587,30,1.2749461171902712,0.1,0.1,False,True,True,False,3
controlled/HtoW/scenarios_Home_to_work__adv1_apple0_google0_samsung0_tile0__advtag-4c001219fc__20260130_081125/scenario_tx-30s_rot-30s.csv,0,TAG_APPLE,55,3600.0,,669.781626701355,55,0.939041322679876,0.18181818181818182,0.18181818181818182,False,True,False,False,3
controlled/HtoW/scenarios_Home_to_work__adv1_apple0_google0_samsung0_tile0__advtag-4c001219fc__20260130_081125/scenario_tx-30s_rot-30s.csv,3,TAG_TILE,2,3600.0,,504.30240750312805,2,0.0,0.0,0.5,False,False,False,False,3
controlled/HtoW/scenarios_Home_to_work__adv1_apple0_google0_samsung0_tile0__advtag-4c001219fc__20260130_081125/scenario_tx-30s_rot-30s.csv,4,TAG_TILE,1,3600.0,,94.09704542160034,1,0.0,0.0,0.0,False,False,False,False,3
controlled/HtoW/scenarios_Home_to_work__adv1_apple0_google0_samsung0_tile0__advtag-4c001219fc__20260130_081125/scenario_tx-30s_rot-30s.csv,5,TAG_TILE,1,3600.0,,0.0,1,0.0,0.0,0.0,False,False,False,False,3
controlled/HtoW/scenarios_Home_to_work__adv1_apple0_google0_samsung0_tile0__advtag-4c001219fd__20260130_081144/scenario_tx-15s_rot-1min.csv,2,TAG_APPLE,44,3600.0,,3597.0692541599274,44,3.36177769910453,1.0,1.0,True,True,True,True,3
controlled/HtoW/scenarios_Home_to_work__adv1_apple0_google0_samsung0_tile0__advtag-4c001219fd__20260130_081144/scenario_tx-15s_rot-1min.csv,0,TAG_APPLE,20,3600.0,,2984.113369703293,20,2.6267375609255588,0.25,0.25,True,True,True,True,3
controlled/HtoW/scenarios_Home_to_work__adv1_apple0_google0_samsung0_tile0__advtag-4c001219fd__20260130_081144/scenario_tx-15s_rot-1min.csv,1,TAG_APPLE,33,3600.0,,3454.2565777301793,33,1.9616480400685923,0.06060606060606061,0.06060606060606061,True,True,True,True,3
controlled/HtoW/scenarios_Home_to_work__adv1_apple0_google0_samsung0_tile0__advtag-4c001219fd__20260130_081144/scenario_tx-15s_rot-1min.csv,2,TAG_APPLE,40,7200.0,,3584.0230107307434,40,3.439117781765329,1.0,1.0,True,True,True,True,3
controlled/HtoW/scenarios_Home_to_work__adv1_apple0_google0_samsung0_tile0__advtag-4c001219fd__20260130_081144/scenario_tx-15s_rot-1min.csv,0,TAG_APPLE,88,7200.0,,3593.361763715744,87,2.0988263581964763,0.13793103448275862,0.26436781609195403,True,True,True,True,3
controlled/HtoW/scenarios_Home_to_work__adv1_apple0_google0_samsung0_tile0__advtag-4c001219fd__20260130_081144/scenario_tx-15s_rot-1min.csv,1,TAG_APPLE,44,7200.0,,3514.928233385086,33,1.9574634379723812,0.24242424242424243,0.3333333333333333,True,True,True,True,3
controlled/HtoW/scenarios_Home_to_work__adv1_apple0_google0_samsung0_tile0__advtag-4c001219fd__20260130_081144/scenario_tx-15s_rot-1min.csv,3,TAG_TILE,1,3600.0,,2894.0326144695277,1,0.0,0.0,1.0,True,False,False,False,3
controlled/HtoW/scenarios_Home_to_work__adv1_apple0_google0_samsung0_tile0__advtag-4c001219fd__20260130_081144/scenario_tx-15s_rot-1min.csv,4,TAG_TILE,1,3600.0,,277.4696617126465,1,0.0,0.0,1.0,False,False,False,False,3
controlled/HtoW/scenarios_Home_to_work__adv1_apple0_google0_samsung0_tile0__advtag-4c001219fd__20260130_081144/scenario_tx-15s_rot-1min.csv,5,TAG_TILE,1,3600.0,,577.9147005081177,1,0.0,0.0,1.0,False,False,False,False,3
controlled/HtoW/scenarios_Home_to_work__adv1_apple0_google0_samsung0_tile0__advtag-4c001219fd__20260130_081144/scenario_tx-15s_rot-1min.csv,1,TAG_APPLE,24,3600.0,,771.0463919639587,24,2.312731580472449,0.0,0.0,False,True,True,False,3
controlled/HtoW/scenarios_Home_to_work__adv1_apple0_google0_samsung0_tile0__advtag-4c001219fd__20260130_081144/scenario_tx-15s_rot-1min.csv,0,TAG_APPLE,55,3600.0,,636.8608703613281,55,1.918361778378709,0.0,0.0,False,True,True,False,3
controlled/HtoW/scenarios_Home_to_work__adv1_apple0_google0_samsung0_tile0__advtag-4c001219fd__20260130_081144/scenario_tx-15s_rot-1min.csv,2,TAG_APPLE,13,3600.0,,738.876148223877,13,1.2452686347912043,1.0,1.0,False,False,True,False,3
controlled/HtoW/scenarios_Home_to_work__adv1_apple0_google0_samsung0_tile0__advtag-4c001219fd__20260130_081144/scenario_tx-15s_rot-1min.csv,3,TAG_TILE,2,3600.0,,504.30240750312805,2,0.0,0.0,0.5,False,False,False,False,3
controlled/HtoW/scenarios_Home_to_work__adv1_apple0_google0_samsung0_tile0__advtag-4c001219fd__20260130_081144/scenario_tx-15s_rot-1min.csv,4,TAG_TILE,1,3600.0,,94.09704542160034,1,0.0,0.0,0.0,False,False,False,False,3
controlled/HtoW/scenarios_Home_to_work__adv1_apple0_google0_samsung0_tile0__advtag-4c001219fd__20260130_081144/scenario_tx-15s_rot-1min.csv,5,TAG_TILE,1,3600.0,,0.0,1,0.0,0.0,0.0,False,False,False,False,3
controlled/HtoW/scenarios_Home_to_work__adv1_apple0_google0_samsung0_tile0__advtag-4c001219fc__20260130_081125/scenario_tx-10s_rot-10s.csv,0,TAG_APPLE,149,3600.0,,3572.608142852783,149,1.1047939164241787,1.0,1.0,True,True,True,True,3
controlled/HtoW/scenarios_Home_to_work__adv1_apple0_google0_samsung0_tile0__advtag-4c001219fc__20260130_081125/scenario_tx-10s_rot-10s.csv,1,TAG_APPLE,22,3600.0,,3599.895208835602,22,1.0899657472935678,1.0,1.0,True,True,True,True,3
controlled/HtoW/scenarios_Home_to_work__adv1_apple0_google0_samsung0_tile0__advtag-4c001219fc__20260130_081125/scenario_tx-10s_rot-10s.csv,2,TAG_APPLE,27,3600.0,,3571.401048898697,27,0.9378355009230999,1.0,1.0,True,True,False,False,3
controlled/HtoW/scenarios_Home_to_work__adv1_apple0_google0_samsung0_tile0__advtag-4c001219fc__20260130_081125/scenario_tx-10s_rot-10s.csv,2,TAG_APPLE,111,7200.0,,3545.5839924812317,101,1.1106224495409236,1.0,1.0,True,True,True,True,3
controlled/HtoW/scenarios_Home_to_work__adv1_apple0_google0_samsung0_tile0__advtag-4c001219fc__20260130_081125/scenario_tx-10s_rot-10s.csv,0,TAG_APPLE,51,7200.0,,3586.3988404273987,38,1.0583338734428749,0.868421052631579,1.0,True,True,True,True,3
controlled/HtoW/scenarios_Home_to_work__adv1_apple0_google0_samsung0_tile0__advtag-4c001219fc__20260130_081125/scenario_tx-10s_rot-10s.csv,1,TAG_APPLE,100,7200.0,,3593.967596769333,97,1.0167284437019768,0.9484536082474226,1.0,True,True,True,True,3
controlled/HtoW/scenarios_Home_to_work__adv1_apple0_google0_samsung0_tile0__advtag-4c001219fc__20260130_081125/scenario_tx-10s_rot-10s.csv,3,TAG_TILE,1,3600.0,,2894.0326144695277,1,0.0,0.0,1.0,True,False,False,False,3
controlled/HtoW/scenarios_Home_to_work__adv1_apple0_google0_samsung0_tile0__advtag-4c001219fc__20260130_081125/scenario_tx-10s_rot-10s.csv,4,TAG_TILE,1,3600.0,,277.4696617126465,1,0.0,0.0,1.0,False,False,False,False,3
controlled/HtoW/scenarios_Home_to_work__adv1_apple0_google0_samsung0_tile0__advtag-4c001219fc__20260130_081125/scenario_tx-10s_rot-10s.csv,5,TAG_TILE,1,3600.0,,577.9147005081177,1,0.0,0.0,1.0,False,False,False,False,3
controlled/HtoW/scenarios_Home_to_work__adv1_apple0_google0_samsung0_tile0__advtag-4c001219fc__20260130_081125/scenario_tx-10s_rot-10s.csv,1,TAG_APPLE,24,3600.0,,771.0463919639587,24,1.7107101094684989,0.20833333333333334,0.20833333333333334,False,True,True,False,3
controlled/HtoW/scenarios_Home_to_work__adv1_apple0_google0_samsung0_tile0__advtag-4c001219fc__20260130_081125/scenario_tx-10s_rot-10s.csv,2,TAG_APPLE,31,3600.0,,759.5898337364197,31,1.2462315984763754,1.0,1.0,False,True,True,False,3
controlled/HtoW/scenarios_Home_to_work__adv1_apple0_google0_samsung0_tile0__advtag-4c001219fc__20260130_081125/scenario_tx-10s_rot-10s.csv,0,TAG_APPLE,64,3600.0,,769.5311436653137,64,1.0680906378463446,0.234375,0.234375,False,True,True,False,3
controlled/HtoW/scenarios_Home_to_work__adv1_apple0_google0_samsung0_tile0__advtag-4c001219fc__20260130_081125/scenario_tx-10s_rot-10s.csv,3,TAG_TILE,2,3600.0,,504.30240750312805,2,0.0,0.0,0.0,False,False,False,False,3
controlled/HtoW/scenarios_Home_to_work__adv1_apple0_google0_samsung0_tile0__advtag-4c001219fc__20260130_081125/scenario_tx-10s_rot-10s.csv,4,TAG_TILE,1,3600.0,,94.09704542160034,1,0.0,0.0,0.0,False,False,False,False,3
controlled/HtoW/scenarios_Home_to_work__adv1_apple0_google0_samsung0_tile0__advtag-4c001219fc__20260130_081125/scenario_tx-10s_rot-10s.csv,5,TAG_TILE,1,3600.0,,0.0,1,0.0,0.0,0.0,False,False,False,False,3
controlled/HtoW/scenarios_Home_to_work__adv1_apple0_google0_samsung0_tile0__advtag-4c001219fc__20260130_081125/scenario_tx-2s_rot-1min.csv,2,TAG_APPLE,48,3600.0,,3597.871289253235,48,2.54984478065101,1.0,1.0,True,True,True,True,3
controlled/HtoW/scenarios_Home_to_work__adv1_apple0_google0_samsung0_tile0__advtag-4c001219fc__20260130_081125/scenario_tx-2s_rot-1min.csv,0,TAG_APPLE,22,3600.0,,2576.192768573761,22,1.5481755835955529,0.18181818181818182,0.18181818181818182,True,True,True,True,3
controlled/HtoW/scenarios_Home_to_work__adv1_apple0_google0_samsung0_tile0__advtag-4c001219fc__20260130_081125/scenario_tx-2s_rot-1min.csv,1,TAG_APPLE,28,3600.0,,3441.321294784546,28,0.8602801672128136,0.0,0.0,True,True,False,False,3
controlled/HtoW/scenarios_Home_to_work__adv1_apple0_google0_samsung0_tile0__advtag-4c001219fc__20260130_081125/scenario_tx-2s_rot-1min.csv,2,TAG_APPLE,46,7200.0,,3590.979928255081,46,2.5723246365628687,1.0,1.0,True,True,True,True,3
controlled/HtoW/scenarios_Home_to_work__adv1_apple0_google0_samsung0_tile0__advtag-4c001219fc__20260130_081125/scenario_tx-2s_rot-1min.csv,0,TAG_APPLE,58,7200.0,,3595.360924243927,46,0.9791533532469793,0.30434782608695654,0.34782608695652173,True,True,False,False,3
controlled/HtoW/scenarios_Home_to_work__adv1_apple0_google0_samsung0_tile0__advtag-4c001219fc__20260130_081125/scenario_tx-2s_rot-1min.csv,1,TAG_APPLE,69,7200.0,,3591.124566555023,68,0.8570773877368608,0.0,0.11764705882352941,True,True,False,False,3
controlled/HtoW/scenarios_Home_to_work__adv1_apple0_google0_samsung0_tile0__advtag-4c001219fc__20260130_081125/scenario_tx-2s_rot-1min.csv,3,TAG_TILE,1,3600.0,,2894.0326144695277,1,0.0,0.0,0.0,True,False,False,False,3
controlled/HtoW/scenarios_Home_to_work__adv1_apple0_google0_samsung0_tile0__advtag-4c001219fc__20260130_081125/scenario_tx-2s_rot-1min.csv,4,TAG_TILE,1,3600.0,,277.4696617126465,1,0.0,0.0,0.0,False,False,False,False,3
controlled/HtoW/scenarios_Home_to_work__adv1_apple0_google0_samsung0_tile0__advtag-4c001219fc__20260130_081125/scenario_tx-2s_rot-1min.csv,5,TAG_TILE,1,3600.0,,577.9147005081177,1,0.0,0.0,0.0,False,False,False,False,3
controlled/HtoW/scenarios_Home_to_work__adv1_apple0_google0_samsung0_tile0__advtag-4c001219fc__20260130_081125/scenario_tx-2s_rot-1min.csv,2,TAG_APPLE,10,3600.0,,774.511554479599,10,2.6120718198746724,1.0,1.0,False,False,True,False,3
controlled/HtoW/scenarios_Home_to_work__adv1_apple0_google0_samsung0_tile0__advtag-4c001219fc__20260130_081125/scenario_tx-2s_rot-1min.csv,1,TAG_APPLE,23,3600.0,,771.0463919639587,23,1.2008147185259657,0.13043478260869565,0.13043478260869565,False,True,True,False,3
controlled/HtoW/scenarios_Home_to_work__adv1_apple0_google0_samsung0_tile0__advtag-4c001219fc__20260130_081125/scenario_tx-2s_rot-1min.csv,0,TAG_APPLE,60,3600.0,,672.5952179431915,60,0.9199657021221612,0.0,0.0,False,True,False,False,3
controlled/HtoW/scenarios_Home_to_work__adv1_apple0_google0_samsung0_tile0__advtag-4c001219fc__20260130_081125/scenario_tx-2s_rot-1min.csv,3,TAG_TILE,2,3600.0,,504.30240750312805,2,0.0,0.0,0.0,False,False,False,False,3
controlled/HtoW/scenarios_Home_to_work__adv1_apple0_google0_samsung0_tile0__advtag-4c001219fc__20260130_081125/scenario_tx-2s_rot-1min.csv,4,TAG_TILE,1,3600.0,,94.09704542160034,1,0.0,0.0,0.0,False,False,False,False,3
controlled/HtoW/scenarios_Home_to_work__adv1_apple0_google0_samsung0_tile0__advtag-4c001219fc__20260130_081125/scenario_tx-2s_rot-1min.csv,5,TAG_TILE,1,3600.0,,0.0,1,0.0,0.0,0.0,False,False,False,False,3
controlled/HtoW/scenarios_Home_to_work__adv1_apple0_google0_samsung0_tile0__advtag-4c001219fc__20260130_081125/scenario_tx-15s_rot-1min.csv,2,TAG_APPLE,45,3600.0,,3597.0750226974487,45,1.7756948094815288,1.0,1.0,True,True,True,True,3
controlled/HtoW/scenarios_Home_to_work__adv1_apple0_google0_samsung0_tile0__advtag-4c001219fc__20260130_081125/scenario_tx-15s_rot-1min.csv,0,TAG_APPLE,22,3600.0,,2980.2473320961,22,1.227434019998703,0.22727272727272727,0.22727272727272727,True,True,True,True,3
controlled/HtoW/scenarios_Home_to_work__adv1_apple0_google0_samsung0_tile0__advtag-4c001219fc__20260130_081125/scenario_tx-15s_rot-1min.csv,1,TAG_APPLE,31,3600.0,,3441.321294784546,31,0.9525573706197475,0.06451612903225806,0.06451612903225806,True,True,False,False,3
controlled/HtoW/scenarios_Home_to_work__adv1_apple0_google0_samsung0_tile0__advtag-4c001219fc__20260130_081125/scenario_tx-15s_rot-1min.csv,2,TAG_APPLE,44,7200.0,,3582.5588059425354,44,1.70771118884281,1.0,1.0,True,True,True,True,3
controlled/HtoW/scenarios_Home_to_work__adv1_apple0_google0_samsung0_tile0__advtag-4c001219fc__20260130_081125/scenario_tx-15s_rot-1min.csv,0,TAG_APPLE,85,7200.0,,3593.361763715744,84,1.0441367134334887,0.10714285714285714,0.23809523809523808,True,True,True,True,3
controlled/HtoW/scenarios_Home_to_work__adv1_apple0_google0_samsung0_tile0__advtag-4c001219fc__20260130_081125/scenario_tx-15s_rot-1min.csv,1,TAG_APPLE,43,7200.0,,3513.5685698986053,32,1.0166800276685077,0.21875,0.3125,True,True,True,True,3
controlled/HtoW/scenarios_Home_to_work__adv1_apple0_google0_samsung0_tile0__advtag-4c001219fc__20260130_081125/scenario_tx-15s_rot-1min.csv,3,TAG_TILE,1,3600.0,,2894.0326144695277,1,0.0,0.0,1.0,True,False,False,False,3
controlled/HtoW/scenarios_Home_to_work__adv1_apple0_google0_samsung0_tile0__advtag-4c001219fc__20260130_081125/scenario_tx-15s_rot-1min.csv,4,TAG_TILE,1,3600.0,,277.4696617126465,1,0.0,0.0,1.0,False,False,False,False,3
controlled/HtoW/scenarios_Home_to_work__adv1_apple0_google0_samsung0_tile0__advtag-4c001219fc__20260130_081125/scenario_tx-15s_rot-1min.csv,5,TAG_TILE,1,3600.0,,577.9147005081177,1,0.0,0.0,1.0,False,False,False,False,3
controlled/HtoW/scenarios_Home_to_work__adv1_apple0_google0_samsung0_tile0__advtag-4c001219fc__20260130_081125/scenario_tx-15s_rot-1min.csv,1,TAG_APPLE,23,3600.0,,771.0463919639587,23,1.1910207035190539,0.0,0.0,False,True,True,False,3
controlled/HtoW/scenarios_Home_to_work__adv1_apple0_google0_samsung0_tile0__advtag-4c001219fc__20260130_081125/scenario_tx-15s_rot-1min.csv,2,TAG_APPLE,10,3600.0,,709.0997931957245,10,1.012512186977421,1.0,1.0,False,False,True,False,3
controlled/HtoW/scenarios_Home_to_work__adv1_apple0_google0_samsung0_tile0__advtag-4c001219fc__20260130_081125/scenario_tx-15s_rot-1min.csv,0,TAG_APPLE,59,3600.0,,673.5109400749207,59,0.9023331379533477,0.05084745762711865,0.05084745762711865,False,True,False,False,3
controlled/HtoW/scenarios_Home_to_work__adv1_apple0_google0_samsung0_tile0__advtag-4c001219fc__20260130_081125/scenario_tx-15s_rot-1min.csv,3,TAG_TILE,2,3600.0,,504.30240750312805,2,0.0,0.0,0.5,False,False,False,False,3
controlled/HtoW/scenarios_Home_to_work__adv1_apple0_google0_samsung0_tile0__advtag-4c001219fc__20260130_081125/scenario_tx-15s_rot-1min.csv,4,TAG_TILE,1,3600.0,,94.09704542160034,1,0.0,0.0,0.0,False,False,False,False,3
controlled/HtoW/scenarios_Home_to_work__adv1_apple0_google0_samsung0_tile0__advtag-4c001219fc__20260130_081125/scenario_tx-15s_rot-1min.csv,5,TAG_TILE,1,3600.0,,0.0,1,0.0,0.0,0.0,False,False,False,False,3
controlled/HtoW/scenarios_Home_to_work__adv1_apple0_google0_samsung0_tile0__advtag-4c001219fc__20260130_081125/scenario_tx-15s_rot-30s.csv,1,TAG_APPLE,22,3600.0,,3093.9512519836426,22,1.1905042964155068,0.5909090909090909,0.5909090909090909,True,True,True,True,3
controlled/HtoW/scenarios_Home_to_work__adv1_apple0_google0_samsung0_tile0__advtag-4c001219fc__20260130_081125/scenario_tx-15s_rot-30s.csv,0,TAG_APPLE,99,3600.0,,3597.0750226974487,99,1.0731598018213415,0.8787878787878788,0.8787878787878788,True,True,True,True,3
controlled/HtoW/scenarios_Home_to_work__adv1_apple0_google0_samsung0_tile0__advtag-4c001219fc__20260130_081125/scenario_tx-15s_rot-30s.csv,2,TAG_APPLE,8,3600.0,,3074.740136146546,8,0.8281775714873546,0.0,0.0,True,False,False,False,3
controlled/HtoW/scenarios_Home_to_work__adv1_apple0_google0_samsung0_tile0__advtag-4c001219fc__20260130_081125/scenario_tx-15s_rot-30s.csv,2,TAG_APPLE,55,7200.0,,3539.4000673294067,55,1.4174660982511649,1.0,1.0,True,True,True,True,3
controlled/HtoW/scenarios_Home_to_work__adv1_apple0_google0_samsung0_tile0__advtag-4c001219fc__20260130_081125/scenario_tx-15s_rot-30s.csv,0,TAG_APPLE,54,7200.0,,3527.5842921733856,43,1.076893144184371,0.4883720930232558,0.6046511627906976,True,True,True,True,3
controlled/HtoW/scenarios_Home_to_work__adv1_apple0_google0_samsung0_tile0__advtag-4c001219fc__20260130_081125/scenario_tx-15s_rot-30s.csv,1,TAG_APPLE,91,7200.0,,3593.361763715744,90,0.8995055156329029,0.4888888888888889,0.6333333333333333,True,True,False,False,3
controlled/HtoW/scenarios_Home_to_work__adv1_apple0_google0_samsung0_tile0__advtag-4c001219fc__20260130_081125/scenario_tx-15s_rot-30s.csv,3,TAG_TILE,1,3600.0,,2894.0326144695277,1,0.0,0.0,0.0,True,False,False,False,3
controlled/HtoW/scenarios_Home_to_work__adv1_apple0_google0_samsung0_tile0__advtag-4c001219fc__20260130_081125/scenario_tx-15s_rot-30s.csv,4,TAG_TILE,1,3600.0,,277.4696617126465,1,0.0,0.0,1.0,False,False,False,False,3
controlled/HtoW/scenarios_Home_to_work__adv1_apple0_google0_samsung0_tile0__advtag-4c001219fc__20260130_081125/scenario_tx-15s_rot-30s.csv,5,TAG_TILE,1,3600.0,,577.9147005081177,1,0.0,0.0,0.0,False,False,False,False,3
controlled/HtoW/scenarios_Home_to_work__adv1_apple0_google0_samsung0_tile0__advtag-4c001219fc__20260130_081125/scenario_tx-15s_rot-30s.csv,1,TAG_APPLE,31,3600.0,,771.0463919639587,31,1.3246661710984522,0.0967741935483871,0.0967741935483871,False,True,True,False,3
controlled/HtoW/scenarios_Home_to_work__adv1_apple0_google0_samsung0_tile0__advtag-4c001219fc__20260130_081125/scenario_tx-15s_rot-30s.csv,2,TAG_APPLE,17,3600.0,,774.511554479599,17,0.9637515060025366,1.0,1.0,False,True,False,False,3
controlled/HtoW/scenarios_Home_to_work__adv1_apple0_google0_samsung0_tile0__advtag-4c001219fc__20260130_081125/scenario_tx-15s_rot-30s.csv,0,TAG_APPLE,53,3600.0,,636.8608703613281,53,0.9161505360902372,0.09433962264150944,0.09433962264150944,False,True,False,False,3
controlled/HtoW/scenarios_Home_to_work__adv1_apple0_google0_samsung0_tile0__advtag-4c001219fc__20260130_081125/scenario_tx-15s_rot-30s.csv,3,TAG_TILE,2,3600.0,,504.30240750312805,2,0.0,0.0,0.0,False,False,False,False,3
controlled/HtoW/scenarios_Home_to_work__adv1_apple0_google0_samsung0_tile0__advtag-4c001219fc__20260130_081125/scenario_tx-15s_rot-30s.csv,4,TAG_TILE,1,3600.0,,94.09704542160034,1,0.0,0.0,0.0,False,False,False,False,3
controlled/HtoW/scenarios_Home_to_work__adv1_apple0_google0_samsung0_tile0__advtag-4c001219fc__20260130_081125/scenario_tx-15s_rot-30s.csv,5,TAG_TILE,1,3600.0,,0.0,1,0.0,0.0,1.0,False,False,False,False,3
controlled/HtoW/scenarios_Home_to_work__adv1_apple0_google0_samsung0_tile0__advtag-4c001219fd__20260130_081144/scenario_tx-10s_rot-10s.csv,0,TAG_APPLE,20,3600.0,,3599.8894402980804,20,2.2486962419769903,1.0,1.0,True,True,True,True,3
controlled/HtoW/scenarios_Home_to_work__adv1_apple0_google0_samsung0_tile0__advtag-4c001219fd__20260130_081144/scenario_tx-10s_rot-10s.csv,2,TAG_APPLE,139,3600.0,,3558.9699585437775,139,2.103080602729906,1.0,1.0,True,True,True,True,3
controlled/HtoW/scenarios_Home_to_work__adv1_apple0_google0_samsung0_tile0__advtag-4c001219fd__20260130_081144/scenario_tx-10s_rot-10s.csv,1,TAG_APPLE,39,3600.0,,3584.3324975967407,39,1.4366056935408074,1.0,1.0,True,True,True,True,3
controlled/HtoW/scenarios_Home_to_work__adv1_apple0_google0_samsung0_tile0__advtag-4c001219fd__20260130_081144/scenario_tx-10s_rot-10s.csv,3,TAG_APPLE,47,7200.0,,3591.5440604686737,46,2.417529576631004,0.8478260869565217,1.0,True,True,True,True,4
controlled/HtoW/scenarios_Home_to_work__adv1_apple0_google0_samsung0_tile0__advtag-4c001219fd__20260130_081144/scenario_tx-10s_rot-10s.csv,2,TAG_APPLE,106,7200.0,,3356.463642597199,96,2.253148789289304,1.0,1.0,True,True,True,True,4
controlled/HtoW/scenarios_Home_to_work__adv1_apple0_google0_samsung0_tile0__advtag-4c001219fd__20260130_081144/scenario_tx-10s_rot-10s.csv,1,TAG_APPLE,69,7200.0,,3566.980021238327,66,2.167473264735152,1.0,1.0,True,True,True,True,4
controlled/HtoW/scenarios_Home_to_work__adv1_apple0_google0_samsung0_tile0__advtag-4c001219fd__20260130_081144/scenario_tx-10s_rot-10s.csv,0,TAG_APPLE,43,7200.0,,3547.0079481601715,32,2.1293205650844027,0.90625,1.0,True,True,True,True,4
controlled/HtoW/scenarios_Home_to_work__adv1_apple0_google0_samsung0_tile0__advtag-4c001219fd__20260130_081144/scenario_tx-10s_rot-10s.csv,4,TAG_TILE,1,3600.0,,2894.0326144695277,1,0.0,0.0,1.0,True,False,False,False,3
controlled/HtoW/scenarios_Home_to_work__adv1_apple0_google0_samsung0_tile0__advtag-4c001219fd__20260130_081144/scenario_tx-10s_rot-10s.csv,5,TAG_TILE,1,3600.0,,277.4696617126465,1,0.0,0.0,1.0,False,False,False,False,3
controlled/HtoW/scenarios_Home_to_work__adv1_apple0_google0_samsung0_tile0__advtag-4c001219fd__20260130_081144/scenario_tx-10s_rot-10s.csv,6,TAG_TILE,1,3600.0,,577.9147005081177,1,0.0,0.0,1.0,False,False,False,False,3
controlled/HtoW/scenarios_Home_to_work__adv1_apple0_google0_samsung0_tile0__advtag-4c001219fd__20260130_081144/scenario_tx-10s_rot-10s.csv,1,TAG_APPLE,28,3600.0,,771.0463919639587,28,3.130961804640319,0.10714285714285714,0.10714285714285714,False,True,True,False,4
controlled/HtoW/scenarios_Home_to_work__adv1_apple0_google0_samsung0_tile0__advtag-4c001219fd__20260130_081144/scenario_tx-10s_rot-10s.csv,2,TAG_APPLE,32,3600.0,,736.2098588943481,32,2.555285519288819,1.0,1.0,False,True,True,False,4
controlled/HtoW/scenarios_Home_to_work__adv1_apple0_google0_samsung0_tile0__advtag-4c001219fd__20260130_081144/scenario_tx-10s_rot-10s.csv,0,TAG_APPLE,55,3600.0,,771.1317205429077,55,2.3138196772929525,0.16363636363636364,0.16363636363636364,False,True,True,False,4
controlled/HtoW/scenarios_Home_to_work__adv1_apple0_google0_samsung0_tile0__advtag-4c001219fd__20260130_081144/scenario_tx-10s_rot-10s.csv,3,TAG_APPLE,2,3600.0,,502.5399441719055,2,0.0,0.5,0.5,False,False,False,False,4
controlled/HtoW/scenarios_Home_to_work__adv1_apple0_google0_samsung0_tile0__advtag-4c001219fd__20260130_081144/scenario_tx-10s_rot-10s.csv,4,TAG_TILE,2,3600.0,,504.30240750312805,2,0.0,0.0,0.0,False,False,False,False,3
controlled/HtoW/scenarios_Home_to_work__adv1_apple0_google0_samsung0_tile0__advtag-4c001219fd__20260130_081144/scenario_tx-10s_rot-10s.csv,5,TAG_TILE,1,3600.0,,94.09704542160034,1,0.0,0.0,0.0,False,False,False,False,3
controlled/HtoW/scenarios_Home_to_work__adv1_apple0_google0_samsung0_tile0__advtag-4c001219fd__20260130_081144/scenario_tx-10s_rot-10s.csv,6,TAG_TILE,1,3600.0,,0.0,1,0.0,0.0,1.0,False,False,False,False,3
controlled/HtoW/scenarios_Home_to_work__adv1_apple0_google0_samsung0_tile0__advtag-4c001219fc__20260130_081125/scenario_tx-2s_rot-2s.csv,2,TAG_APPLE,123,3600.0,,3592.540126800537,123,1.271312277745017,1.0,1.0,True,True,True,True,3
controlled/HtoW/scenarios_Home_to_work__adv1_apple0_google0_samsung0_tile0__advtag-4c001219fc__20260130_081125/scenario_tx-2s_rot-2s.csv,1,TAG_APPLE,54,3600.0,,3597.0750226974487,54,0.9108130361309359,1.0,1.0,True,True,False,False,3
controlled/HtoW/scenarios_Home_to_work__adv1_apple0_google0_samsung0_tile0__advtag-4c001219fc__20260130_081125/scenario_tx-2s_rot-2s.csv,0,TAG_APPLE,21,3600.0,,3597.7793622016907,21,0.8590514867376186,1.0,1.0,True,True,False,False,3
controlled/HtoW/scenarios_Home_to_work__adv1_apple0_google0_samsung0_tile0__advtag-4c001219fc__20260130_081125/scenario_tx-2s_rot-2s.csv,1,TAG_APPLE,59,7200.0,,3591.5795514583588,56,1.169059097651009,0.875,1.0,True,True,True,True,3
controlled/HtoW/scenarios_Home_to_work__adv1_apple0_google0_samsung0_tile0__advtag-4c001219fc__20260130_081125/scenario_tx-2s_rot-2s.csv,2,TAG_APPLE,24,7200.0,,3586.8478238582616,18,0.858345525721171,0.9444444444444444,1.0,True,True,False,False,3
controlled/HtoW/scenarios_Home_to_work__adv1_apple0_google0_samsung0_tile0__advtag-4c001219fc__20260130_081125/scenario_tx-2s_rot-2s.csv,0,TAG_APPLE,246,7200.0,,3590.979928255081,163,0.8371632030372553,1.0,1.0,True,True,False,False,3
controlled/HtoW/scenarios_Home_to_work__adv1_apple0_google0_samsung0_tile0__advtag-4c001219fc__20260130_081125/scenario_tx-2s_rot-2s.csv,3,TAG_TILE,1,3600.0,,2894.0326144695277,1,0.0,0.0,1.0,True,False,False,False,3
controlled/HtoW/scenarios_Home_to_work__adv1_apple0_google0_samsung0_tile0__advtag-4c001219fc__20260130_081125/scenario_tx-2s_rot-2s.csv,4,TAG_TILE,1,3600.0,,277.4696617126465,1,0.0,0.0,1.0,False,False,False,False,3
controlled/HtoW/scenarios_Home_to_work__adv1_apple0_google0_samsung0_tile0__advtag-4c001219fc__20260130_081125/scenario_tx-2s_rot-2s.csv,5,TAG_TILE,1,3600.0,,577.9147005081177,1,0.0,0.0,1.0,False,False,False,False,3
controlled/HtoW/scenarios_Home_to_work__adv1_apple0_google0_samsung0_tile0__advtag-4c001219fc__20260130_081125/scenario_tx-2s_rot-2s.csv,1,TAG_APPLE,24,3600.0,,771.0463919639587,24,1.7138428008879025,0.7083333333333334,0.7083333333333334,False,True,True,False,4
controlled/HtoW/scenarios_Home_to_work__adv1_apple0_google0_samsung0_tile0__advtag-4c001219fc__20260130_081125/scenario_tx-2s_rot-2s.csv,2,TAG_APPLE,50,3600.0,,769.5311436653137,50,1.2588878216950592,0.84,0.84,False,True,True,False,4
controlled/HtoW/scenarios_Home_to_work__adv1_apple0_google0_samsung0_tile0__advtag-4c001219fc__20260130_081125/scenario_tx-2s_rot-2s.csv,0,TAG_APPLE,74,3600.0,,774.511554479599,74,1.2110465694536032,1.0,1.0,False,True,True,False,4
controlled/HtoW/scenarios_Home_to_work__adv1_apple0_google0_samsung0_tile0__advtag-4c001219fc__20260130_081125/scenario_tx-2s_rot-2s.csv,3,TAG_APPLE,12,3600.0,,382.5024645328522,12,0.7416665528398394,0.08333333333333333,0.08333333333333333,False,False,False,False,4
controlled/HtoW/scenarios_Home_to_work__adv1_apple0_google0_samsung0_tile0__advtag-4c001219fc__20260130_081125/scenario_tx-2s_rot-2s.csv,4,TAG_TILE,2,3600.0,,504.30240750312805,2,0.0,0.0,1.0,False,False,False,False,3
controlled/HtoW/scenarios_Home_to_work__adv1_apple0_google0_samsung0_tile0__advtag-4c001219fc__20260130_081125/scenario_tx-2s_rot-2s.csv,5,TAG_TILE,1,3600.0,,94.09704542160034,1,0.0,0.0,0.0,False,False,False,False,3
controlled/HtoW/scenarios_Home_to_work__adv1_apple0_google0_samsung0_tile0__advtag-4c001219fc__20260130_081125/scenario_tx-2s_rot-2s.csv,6,TAG_TILE,1,3600.0,,0.0,1,0.0,0.0,1.0,False,False,False,False,3
controlled/HtoW/scenarios_Home_to_work__adv1_apple0_google0_samsung0_tile0__advtag-4c001219fd__20260130_081144/scenario_tx-1min_rot-15min.csv,2,TAG_APPLE,4,3600.0,,3572.5082743167877,4,1.9633546488142979,1.0,1.0,True,False,True,True,3
controlled/HtoW/scenarios_Home_to_work__adv1_apple0_google0_samsung0_tile0__advtag-4c001219fd__20260130_081144/scenario_tx-1min_rot-15min.csv,0,TAG_APPLE,20,3600.0,,2120.204355239868,20,1.5683395817691723,0.0,0.0,True,True,True,True,3
controlled/HtoW/scenarios_Home_to_work__adv1_apple0_google0_samsung0_tile0__advtag-4c001219fd__20260130_081144/scenario_tx-1min_rot-15min.csv,1,TAG_APPLE,39,3600.0,,3513.969890356064,39,1.2676266185865837,0.0,0.0,True,True,True,True,3
controlled/HtoW/scenarios_Home_to_work__adv1_apple0_google0_samsung0_tile0__advtag-4c001219fd__20260130_081144/scenario_tx-1min_rot-15min.csv,0,TAG_APPLE,51,7200.0,,3518.664603471756,40,1.0240104635090683,0.025,0.025,True,True,True,True,3
controlled/HtoW/scenarios_Home_to_work__adv1_apple0_google0_samsung0_tile0__advtag-4c001219fd__20260130_081144/scenario_tx-1min_rot-15min.csv,1,TAG_APPLE,89,7200.0,,3593.361763715744,88,0.9804676830214883,0.0,0.022727272727272728,True,True,False,False,3
controlled/HtoW/scenarios_Home_to_work__adv1_apple0_google0_samsung0_tile0__advtag-4c001219fd__20260130_081144/scenario_tx-1min_rot-15min.csv,2,TAG_APPLE,4,7200.0,,3536.821340560913,4,0.9185818779855472,1.0,1.0,True,False,False,False,3
controlled/HtoW/scenarios_Home_to_work__adv1_apple0_google0_samsung0_tile0__advtag-4c001219fd__20260130_081144/scenario_tx-1min_rot-15min.csv,3,TAG_TILE,1,3600.0,,2894.0326144695277,1,0.0,0.0,0.0,True,False,False,False,3
controlled/HtoW/scenarios_Home_to_work__adv1_apple0_google0_samsung0_tile0__advtag-4c001219fd__20260130_081144/scenario_tx-1min_rot-15min.csv,4,TAG_TILE,1,3600.0,,277.4696617126465,1,0.0,0.0,0.0,False,False,False,False,3
controlled/HtoW/scenarios_Home_to_work__adv1_apple0_google0_samsung0_tile0__advtag-4c001219fd__20260130_081144/scenario_tx-1min_rot-15min.csv,5,TAG_TILE,1,3600.0,,577.9147005081177,1,0.0,0.0,0.0,False,False,False,False,3
controlled/HtoW/scenarios_Home_to_work__adv1_apple0_google0_samsung0_tile0__advtag-4c001219fd__20260130_081144/scenario_tx-1min_rot-15min.csv,0,TAG_APPLE,30,3600.0,,771.0463919639587,30,1.2003409099093405,0.03333333333333333,0.03333333333333333,False,True,True,False,3
controlled/HtoW/scenarios_Home_to_work__adv1_apple0_google0_samsung0_tile0__advtag-4c001219fd__20260130_081144/scenario_tx-1min_rot-15min.csv,1,TAG_APPLE,55,3600.0,,636.8608703613281,55,0.9943512878434778,0.0,0.0,False,True,False,False,3
controlled/HtoW/scenarios_Home_to_work__adv1_apple0_google0_samsung0_tile0__advtag-4c001219fd__20260130_081144/scenario_tx-1min_rot-15min.csv,2,TAG_APPLE,1,3600.0,,390.8845639228821,1,0.0,1.0,1.0,False,False,False,False,3
controlled/HtoW/scenarios_Home_to_work__adv1_apple0_google0_samsung0_tile0__advtag-4c001219fd__20260130_081144/scenario_tx-1min_rot-15min.csv,3,TAG_TILE,2,3600.0,,504.30240750312805,2,0.0,0.0,0.0,False,False,False,False,3
controlled/HtoW/scenarios_Home_to_work__adv1_apple0_google0_samsung0_tile0__advtag-4c001219fd__20260130_081144/scenario_tx-1min_rot-15min.csv,4,TAG_TILE,1,3600.0,,94.09704542160034,1,0.0,0.0,0.0,False,False,False,False,3
controlled/HtoW/scenarios_Home_to_work__adv1_apple0_google0_samsung0_tile0__advtag-4c001219fd__20260130_081144/scenario_tx-1min_rot-15min.csv,5,TAG_TILE,1,3600.0,,0.0,1,0.0,0.0,0.0,False,False,False,False,3
controlled/HtoW/scenarios_Home_to_work__adv1_apple0_google0_samsung0_tile0__advtag-4c001219fd__20260130_081144/scenario_tx-2s_rot-15min.csv,2,TAG_APPLE,4,3600.0,,3598.2555553913116,4,2.94898946229534,1.0,1.0,True,False,True,True,3
controlled/HtoW/scenarios_Home_to_work__adv1_apple0_google0_samsung0_tile0__advtag-4c001219fd__20260130_081144/scenario_tx-2s_rot-15min.csv,0,TAG_APPLE,20,3600.0,,2120.204355239868,20,1.5705966381615666,0.0,0.0,True,True,True,True,3
controlled/HtoW/scenarios_Home_to_work__adv1_apple0_google0_samsung0_tile0__advtag-4c001219fd__20260130_081144/scenario_tx-2s_rot-15min.csv,1,TAG_APPLE,38,3600.0,,3513.969890356064,38,1.2642963635165394,0.0,0.0,True,True,True,True,3
controlled/HtoW/scenarios_Home_to_work__adv1_apple0_google0_samsung0_tile0__advtag-4c001219fd__20260130_081144/scenario_tx-2s_rot-15min.csv,2,TAG_APPLE,5,7200.0,,3591.861386060715,5,6.666666622222222,1.0,1.0,True,False,True,True,3
controlled/HtoW/scenarios_Home_to_work__adv1_apple0_google0_samsung0_tile0__advtag-4c001219fd__20260130_081144/scenario_tx-2s_rot-15min.csv,0,TAG_APPLE,50,7200.0,,3514.928233385086,39,1.1276538634803226,0.0,0.0,True,True,True,True,3
controlled/HtoW/scenarios_Home_to_work__adv1_apple0_google0_samsung0_tile0__advtag-4c001219fd__20260130_081144/scenario_tx-2s_rot-15min.csv,1,TAG_APPLE,89,7200.0,,3593.361763715744,88,1.092365820719929,0.0,0.022727272727272728,True,True,True,True,3
controlled/HtoW/scenarios_Home_to_work__adv1_apple0_google0_samsung0_tile0__advtag-4c001219fd__20260130_081144/scenario_tx-2s_rot-15min.csv,3,TAG_TILE,1,3600.0,,2894.0326144695277,1,0.0,0.0,0.0,True,False,False,False,3
controlled/HtoW/scenarios_Home_to_work__adv1_apple0_google0_samsung0_tile0__advtag-4c001219fd__20260130_081144/scenario_tx-2s_rot-15min.csv,4,TAG_TILE,1,3600.0,,277.4696617126465,1,0.0,0.0,0.0,False,False,False,False,3
controlled/HtoW/scenarios_Home_to_work__adv1_apple0_google0_samsung0_tile0__advtag-4c001219fd__20260130_081144/scenario_tx-2s_rot-15min.csv,5,TAG_TILE,1,3600.0,,577.9147005081177,1,0.0,0.0,0.0,False,False,False,False,3
controlled/HtoW/scenarios_Home_to_work__adv1_apple0_google0_samsung0_tile0__advtag-4c001219fd__20260130_081144/scenario_tx-2s_rot-15min.csv,1,TAG_APPLE,22,3600.0,,771.0463919639587,22,1.3609956079114733,0.0,0.0,False,True,True,False,3
controlled/HtoW/scenarios_Home_to_work__adv1_apple0_google0_samsung0_tile0__advtag-4c001219fd__20260130_081144/scenario_tx-2s_rot-15min.csv,0,TAG_APPLE,62,3600.0,,672.5952179431915,62,1.0754630718084386,0.0,0.0,False,True,True,False,3
controlled/HtoW/scenarios_Home_to_work__adv1_apple0_google0_samsung0_tile0__advtag-4c001219fd__20260130_081144/scenario_tx-2s_rot-15min.csv,2,TAG_APPLE,2,3600.0,,749.1938815116882,2,0.0,1.0,1.0,False,False,False,False,3
controlled/HtoW/scenarios_Home_to_work__adv1_apple0_google0_samsung0_tile0__advtag-4c001219fd__20260130_081144/scenario_tx-2s_rot-15min.csv,3,TAG_TILE,2,3600.0,,504.30240750312805,2,0.0,0.0,0.0,False,False,False,False,3
controlled/HtoW/scenarios_Home_to_work__adv1_apple0_google0_samsung0_tile0__advtag-4c001219fd__20260130_081144/scenario_tx-2s_rot-15min.csv,4,TAG_TILE,1,3600.0,,94.09704542160034,1,0.0,0.0,0.0,False,False,False,False,3
controlled/HtoW/scenarios_Home_to_work__adv1_apple0_google0_samsung0_tile0__advtag-4c001219fd__20260130_081144/scenario_tx-2s_rot-15min.csv,5,TAG_TILE,1,3600.0,,0.0,1,0.0,0.0,0.0,False,False,False,False,3
controlled/HtoW/scenarios_Home_to_work__adv1_apple0_google0_samsung0_tile0__advtag-4c001219fd__20260130_081144/scenario_tx-1min_rot-5min.csv,0,TAG_APPLE,20,3600.0,,3599.8894402980804,20,2.0716603272420335,0.1,0.1,True,True,True,True,3
controlled/HtoW/scenarios_Home_to_work__adv1_apple0_google0_samsung0_tile0__advtag-4c001219fd__20260130_081144/scenario_tx-1min_rot-5min.csv,2,TAG_APPLE,9,3600.0,,3259.7458238601685,9,1.7712242729443242,1.0,1.0,True,False,True,True,3
controlled/HtoW/scenarios_Home_to_work__adv1_apple0_google0_samsung0_tile0__advtag-4c001219fd__20260130_081144/scenario_tx-1min_rot-5min.csv,1,TAG_APPLE,36,3600.0,,3513.969890356064,36,1.5401277141951908,0.0,0.0,True,True,True,True,3
controlled/HtoW/scenarios_Home_to_work__adv1_apple0_google0_samsung0_tile0__advtag-4c001219fd__20260130_081144/scenario_tx-1min_rot-5min.csv,2,TAG_APPLE,9,7200.0,,3536.821340560913,9,1.6448890134171696,1.0,1.0,True,False,True,True,3
controlled/HtoW/scenarios_Home_to_work__adv1_apple0_google0_samsung0_tile0__advtag-4c001219fd__20260130_081144/scenario_tx-1min_rot-5min.csv,0,TAG_APPLE,94,7200.0,,3593.361763715744,93,1.4551174862449805,0.010752688172043012,0.03225806451612903,True,True,True,True,3
controlled/HtoW/scenarios_Home_to_work__adv1_apple0_google0_samsung0_tile0__advtag-4c001219fd__20260130_081144/scenario_tx-1min_rot-5min.csv,1,TAG_APPLE,43,7200.0,,3513.5685698986053,32,1.2211979311119594,0.0625,0.0625,True,True,True,True,3
controlled/HtoW/scenarios_Home_to_work__adv1_apple0_google0_samsung0_tile0__advtag-4c001219fd__20260130_081144/scenario_tx-1min_rot-5min.csv,3,TAG_TILE,1,3600.0,,2894.0326144695277,1,0.0,0.0,1.0,True,False,False,False,3
controlled/HtoW/scenarios_Home_to_work__adv1_apple0_google0_samsung0_tile0__advtag-4c001219fd__20260130_081144/scenario_tx-1min_rot-5min.csv,4,TAG_TILE,1,3600.0,,277.4696617126465,1,0.0,0.0,0.0,False,False,False,False,3
controlled/HtoW/scenarios_Home_to_work__adv1_apple0_google0_samsung0_tile0__advtag-4c001219fd__20260130_081144/scenario_tx-1min_rot-5min.csv,5,TAG_TILE,1,3600.0,,577.9147005081177,1,0.0,0.0,1.0,False,False,False,False,3
controlled/HtoW/scenarios_Home_to_work__adv1_apple0_google0_samsung0_tile0__advtag-4c001219fd__20260130_081144/scenario_tx-1min_rot-5min.csv,0,TAG_APPLE,30,3600.0,,771.0463919639587,30,1.2387312049687804,0.03333333333333333,0.03333333333333333,False,True,True,False,3
controlled/HtoW/scenarios_Home_to_work__adv1_apple0_google0_samsung0_tile0__advtag-4c001219fd__20260130_081144/scenario_tx-1min_rot-5min.csv,1,TAG_APPLE,53,3600.0,,636.8608703613281,53,0.9988048257737506,0.0,0.0,False,True,False,False,3
controlled/HtoW/scenarios_Home_to_work__adv1_apple0_google0_samsung0_tile0__advtag-4c001219fd__20260130_081144/scenario_tx-1min_rot-5min.csv,2,TAG_APPLE,2,3600.0,,530.2093958854675,2,0.0,1.0,1.0,False,False,False,False,3
controlled/HtoW/scenarios_Home_to_work__adv1_apple0_google0_samsung0_tile0__advtag-4c001219fd__20260130_081144/scenario_tx-1min_rot-5min.csv,3,TAG_TILE,2,3600.0,,504.30240750312805,2,0.0,0.0,0.0,False,False,False,False,3
controlled/HtoW/scenarios_Home_to_work__adv1_apple0_google0_samsung0_tile0__advtag-4c001219fd__20260130_081144/scenario_tx-1min_rot-5min.csv,4,TAG_TILE,1,3600.0,,94.09704542160034,1,0.0,0.0,0.0,False,False,False,False,3
controlled/HtoW/scenarios_Home_to_work__adv1_apple0_google0_samsung0_tile0__advtag-4c001219fd__20260130_081144/scenario_tx-1min_rot-5min.csv,5,TAG_TILE,1,3600.0,,0.0,1,0.0,0.0,0.0,False,False,False,False,3
controlled/HtoW/scenarios_Home_to_work__adv1_apple0_google0_samsung0_tile0__advtag-4c001219fd__20260130_081144/scenario_tx-1min_rot-1min.csv,2,TAG_APPLE,33,3600.0,,3452.1298248767853,33,2.5583776891587062,1.0,1.0,True,True,True,True,3
controlled/HtoW/scenarios_Home_to_work__adv1_apple0_google0_samsung0_tile0__advtag-4c001219fd__20260130_081144/scenario_tx-1min_rot-1min.csv,0,TAG_APPLE,20,3600.0,,3227.0964257717133,20,2.5286325897581543,0.15,0.15,True,True,True,True,3
controlled/HtoW/scenarios_Home_to_work__adv1_apple0_google0_samsung0_tile0__advtag-4c001219fd__20260130_081144/scenario_tx-1min_rot-1min.csv,1,TAG_APPLE,39,3600.0,,3597.0692541599274,39,1.741685518630916,0.3333333333333333,0.3333333333333333,True,True,True,True,3
controlled/HtoW/scenarios_Home_to_work__adv1_apple0_google0_samsung0_tile0__advtag-4c001219fd__20260130_081144/scenario_tx-1min_rot-1min.csv,2,TAG_APPLE,28,7200.0,,3409.166247367859,28,2.268167320511741,1.0,1.0,True,True,True,True,3
controlled/HtoW/scenarios_Home_to_work__adv1_apple0_google0_samsung0_tile0__advtag-4c001219fd__20260130_081144/scenario_tx-1min_rot-1min.csv,0,TAG_APPLE,50,7200.0,,3547.0079481601715,39,2.0368246044202145,0.28205128205128205,0.38461538461538464,True,True,True,True,3
controlled/HtoW/scenarios_Home_to_work__adv1_apple0_google0_samsung0_tile0__advtag-4c001219fd__20260130_081144/scenario_tx-1min_rot-1min.csv,1,TAG_APPLE,91,7200.0,,3593.361763715744,90,1.7304852692095918,0.2,0.26666666666666666,True,True,True,True,3
controlled/HtoW/scenarios_Home_to_work__adv1_apple0_google0_samsung0_tile0__advtag-4c001219fd__20260130_081144/scenario_tx-1min_rot-1min.csv,3,TAG_TILE,1,3600.0,,2894.0326144695277,1,0.0,0.0,0.0,True,False,False,False,3
controlled/HtoW/scenarios_Home_to_work__adv1_apple0_google0_samsung0_tile0__advtag-4c001219fd__20260130_081144/scenario_tx-1min_rot-1min.csv,4,TAG_TILE,1,3600.0,,277.4696617126465,1,0.0,0.0,1.0,False,False,False,False,3
controlled/HtoW/scenarios_Home_to_work__adv1_apple0_google0_samsung0_tile0__advtag-4c001219fd__20260130_081144/scenario_tx-1min_rot-1min.csv,5,TAG_TILE,1,3600.0,,577.9147005081177,1,0.0,0.0,0.0,False,False,False,False,3
controlled/HtoW/scenarios_Home_to_work__adv1_apple0_google0_samsung0_tile0__advtag-4c001219fd__20260130_081144/scenario_tx-1min_rot-1min.csv,0,TAG_APPLE,30,3600.0,,771.0463919639587,30,2.065299106547375,0.13333333333333333,0.13333333333333333,False,True,True,False,3
controlled/HtoW/scenarios_Home_to_work__adv1_apple0_google0_samsung0_tile0__advtag-4c001219fd__20260130_081144/scenario_tx-1min_rot-1min.csv,1,TAG_APPLE,54,3600.0,,636.8608703613281,54,1.5390367646202427,0.018518518518518517,0.018518518518518517,False,True,True,False,3
controlled/HtoW/scenarios_Home_to_work__adv1_apple0_google0_samsung0_tile0__advtag-4c001219fd__20260130_081144/scenario_tx-1min_rot-1min.csv,2,TAG_APPLE,7,3600.0,,665.8980312347412,7,0.9573409746030666,1.0,1.0,False,False,False,False,3
controlled/HtoW/scenarios_Home_to_work__adv1_apple0_google0_samsung0_tile0__advtag-4c001219fd__20260130_081144/scenario_tx-1min_rot-1min.csv,3,TAG_TILE,2,3600.0,,504.30240750312805,2,0.0,0.0,0.0,False,False,False,False,3
controlled/HtoW/scenarios_Home_to_work__adv1_apple0_google0_samsung0_tile0__advtag-4c001219fd__20260130_081144/scenario_tx-1min_rot-1min.csv,4,TAG_TILE,1,3600.0,,94.09704542160034,1,0.0,0.0,0.0,False,False,False,False,3
controlled/HtoW/scenarios_Home_to_work__adv1_apple0_google0_samsung0_tile0__advtag-4c001219fd__20260130_081144/scenario_tx-1min_rot-1min.csv,5,TAG_TILE,1,3600.0,,0.0,1,0.0,0.0,0.0,False,False,False,False,3
controlled/HtoW/scenarios_Home_to_work__adv1_apple0_google0_samsung0_tile0__advtag-4c001219fd__20260130_081144/scenario_tx-30s_rot-5min.csv,2,TAG_APPLE,9,3600.0,,3259.0791652202606,9,3.8124222488559907,1.0,1.0,True,False,True,True,3
controlled/HtoW/scenarios_Home_to_work__adv1_apple0_google0_samsung0_tile0__advtag-4c001219fd__20260130_081144/scenario_tx-30s_rot-5min.csv,0,TAG_APPLE,20,3600.0,,3599.8894402980804,20,2.1037953678889814,0.1,0.1,True,True,True,True,3
controlled/HtoW/scenarios_Home_to_work__adv1_apple0_google0_samsung0_tile0__advtag-4c001219fd__20260130_081144/scenario_tx-30s_rot-5min.csv,1,TAG_APPLE,38,3600.0,,3513.969890356064,38,1.5156920112930552,0.0,0.0,True,True,True,True,3
controlled/HtoW/scenarios_Home_to_work__adv1_apple0_google0_samsung0_tile0__advtag-4c001219fd__20260130_081144/scenario_tx-30s_rot-5min.csv,2,TAG_APPLE,11,7200.0,,3565.5879135131836,11,3.273090275075072,1.0,1.0,True,False,True,True,3
controlled/HtoW/scenarios_Home_to_work__adv1_apple0_google0_samsung0_tile0__advtag-4c001219fd__20260130_081144/scenario_tx-30s_rot-5min.csv,0,TAG_APPLE,97,7200.0,,3593.361763715744,96,1.4222261733706356,0.0,0.03125,True,True,True,True,3
controlled/HtoW/scenarios_Home_to_work__adv1_apple0_google0_samsung0_tile0__advtag-4c001219fd__20260130_081144/scenario_tx-30s_rot-5min.csv,1,TAG_APPLE,42,7200.0,,3513.5685698986053,31,1.338798118291515,0.03225806451612903,0.03225806451612903,True,True,True,True,3
controlled/HtoW/scenarios_Home_to_work__adv1_apple0_google0_samsung0_tile0__advtag-4c001219fd__20260130_081144/scenario_tx-30s_rot-5min.csv,3,TAG_TILE,1,3600.0,,2894.0326144695277,1,0.0,0.0,1.0,True,False,False,False,3
controlled/HtoW/scenarios_Home_to_work__adv1_apple0_google0_samsung0_tile0__advtag-4c001219fd__20260130_081144/scenario_tx-30s_rot-5min.csv,4,TAG_TILE,1,3600.0,,277.4696617126465,1,0.0,0.0,0.0,False,False,False,False,3
controlled/HtoW/scenarios_Home_to_work__adv1_apple0_google0_samsung0_tile0__advtag-4c001219fd__20260130_081144/scenario_tx-30s_rot-5min.csv,5,TAG_TILE,1,3600.0,,577.9147005081177,1,0.0,0.0,1.0,False,False,False,False,3
controlled/HtoW/scenarios_Home_to_work__adv1_apple0_google0_samsung0_tile0__advtag-4c001219fd__20260130_081144/scenario_tx-30s_rot-5min.csv,1,TAG_APPLE,24,3600.0,,771.0463919639587,24,1.628850181759462,0.0,0.0,False,True,True,False,3
controlled/HtoW/scenarios_Home_to_work__adv1_apple0_google0_samsung0_tile0__advtag-4c001219fd__20260130_081144/scenario_tx-30s_rot-5min.csv,0,TAG_APPLE,61,3600.0,,636.8608703613281,61,1.303736143301085,0.0,0.0,False,True,True,False,3
controlled/HtoW/scenarios_Home_to_work__adv1_apple0_google0_samsung0_tile0__advtag-4c001219fd__20260130_081144/scenario_tx-30s_rot-5min.csv,2,TAG_APPLE,3,3600.0,,738.876148223877,3,0.979195637193716,1.0,1.0,False,False,False,False,3
controlled/HtoW/scenarios_Home_to_work__adv1_apple0_google0_samsung0_tile0__advtag-4c001219fd__20260130_081144/scenario_tx-30s_rot-5min.csv,3,TAG_TILE,2,3600.0,,504.30240750312805,2,0.0,0.0,0.0,False,False,False,False,3
controlled/HtoW/scenarios_Home_to_work__adv1_apple0_google0_samsung0_tile0__advtag-4c001219fd__20260130_081144/scenario_tx-30s_rot-5min.csv,4,TAG_TILE,1,3600.0,,94.09704542160034,1,0.0,0.0,0.0,False,False,False,False,3
controlled/HtoW/scenarios_Home_to_work__adv1_apple0_google0_samsung0_tile0__advtag-4c001219fd__20260130_081144/scenario_tx-30s_rot-5min.csv,5,TAG_TILE,1,3600.0,,0.0,1,0.0,0.0,0.0,False,False,False,False,3
controlled/HtoW/scenarios_Home_to_work__adv1_apple0_google0_samsung0_tile0__advtag-4c001219fe__20260130_081201/scenario_tx-15s_rot-15min.csv,1,TAG_APPLE,23,3600.0,,3599.8917768001556,23,0.8749520535776428,0.17391304347826086,0.17391304347826086,True,True,False,False,3
controlled/HtoW/scenarios_Home_to_work__adv1_apple0_google0_samsung0_tile0__advtag-4c001219fe__20260130_081201/scenario_tx-15s_rot-15min.csv,0,TAG_APPLE,32,3600.0,,3513.969890356064,32,0.7375696284358392,0.0,0.0,True,True,False,False,3
controlled/HtoW/scenarios_Home_to_work__adv1_apple0_google0_samsung0_tile0__advtag-4c001219fe__20260130_081201/scenario_tx-15s_rot-15min.csv,2,TAG_APPLE,7,3600.0,,3062.508399963379,7,0.6013833204770244,0.0,0.0,True,False,False,False,3
controlled/HtoW/scenarios_Home_to_work__adv1_apple0_google0_samsung0_tile0__advtag-4c001219fe__20260130_081201/scenario_tx-15s_rot-15min.csv,2,TAG_APPLE,20,7200.0,,3548.620737552643,20,0.8600829725077854,0.0,0.0,True,True,False,False,3
controlled/HtoW/scenarios_Home_to_work__adv1_apple0_google0_samsung0_tile0__advtag-4c001219fe__20260130_081201/scenario_tx-15s_rot-15min.csv,1,TAG_APPLE,62,7200.0,,3593.361763715744,62,0.733351087169038,0.0,0.016129032258064516,True,True,False,False,3
controlled/HtoW/scenarios_Home_to_work__adv1_apple0_google0_samsung0_tile0__advtag-4c001219fe__20260130_081201/scenario_tx-15s_rot-15min.csv,0,TAG_APPLE,62,7200.0,,3550.5124275684357,49,0.6924471872643443,0.10204081632653061,0.10204081632653061,True,True,False,False,3
controlled/HtoW/scenarios_Home_to_work__adv1_apple0_google0_samsung0_tile0__advtag-4c001219fe__20260130_081201/scenario_tx-15s_rot-15min.csv,3,TAG_TILE,1,3600.0,,2894.0326144695277,1,0.0,0.0,0.0,True,False,False,False,3
controlled/HtoW/scenarios_Home_to_work__adv1_apple0_google0_samsung0_tile0__advtag-4c001219fe__20260130_081201/scenario_tx-15s_rot-15min.csv,4,TAG_TILE,1,3600.0,,277.4696617126465,1,0.0,0.0,0.0,False,False,False,False,3
controlled/HtoW/scenarios_Home_to_work__adv1_apple0_google0_samsung0_tile0__advtag-4c001219fe__20260130_081201/scenario_tx-15s_rot-15min.csv,5,TAG_TILE,1,3600.0,,577.9147005081177,1,0.0,0.0,0.0,False,False,False,False,3
controlled/HtoW/scenarios_Home_to_work__adv1_apple0_google0_samsung0_tile0__advtag-4c001219fe__20260130_081201/scenario_tx-15s_rot-15min.csv,0,TAG_APPLE,34,3600.0,,775.8454170227051,34,0.9362421950862813,0.058823529411764705,0.058823529411764705,False,True,False,False,3
controlled/HtoW/scenarios_Home_to_work__adv1_apple0_google0_samsung0_tile0__advtag-4c001219fe__20260130_081201/scenario_tx-15s_rot-15min.csv,1,TAG_APPLE,44,3600.0,,636.8608703613281,44,0.8357539394970552,0.0,0.0,False,True,False,False,3
controlled/HtoW/scenarios_Home_to_work__adv1_apple0_google0_samsung0_tile0__advtag-4c001219fe__20260130_081201/scenario_tx-15s_rot-15min.csv,2,TAG_APPLE,9,3600.0,,382.5024645328522,9,0.5120655326002229,0.0,0.0,False,False,False,False,3
controlled/HtoW/scenarios_Home_to_work__adv1_apple0_google0_samsung0_tile0__advtag-4c001219fe__20260130_081201/scenario_tx-15s_rot-15min.csv,3,TAG_TILE,2,3600.0,,504.30240750312805,2,0.0,0.0,0.0,False,False,False,False,3
controlled/HtoW/scenarios_Home_to_work__adv1_apple0_google0_samsung0_tile0__advtag-4c001219fe__20260130_081201/scenario_tx-15s_rot-15min.csv,4,TAG_TILE,1,3600.0,,94.09704542160034,1,0.0,0.0,0.0,False,False,False,False,3
controlled/HtoW/scenarios_Home_to_work__adv1_apple0_google0_samsung0_tile0__advtag-4c001219fe__20260130_081201/scenario_tx-15s_rot-15min.csv,5,TAG_TILE,1,3600.0,,0.0,1,0.0,0.0,0.0,False,False,False,False,3
controlled/HtoW/scenarios_Home_to_work__adv1_apple0_google0_samsung0_tile0__advtag-4c001219fe__20260130_081201/scenario_tx-10s_rot-15min.csv,1,TAG_APPLE,24,3600.0,,3599.8917768001556,24,0.8065180282678982,0.16666666666666666,0.16666666666666666,True,True,False,False,3
controlled/HtoW/scenarios_Home_to_work__adv1_apple0_google0_samsung0_tile0__advtag-4c001219fe__20260130_081201/scenario_tx-10s_rot-15min.csv,0,TAG_APPLE,31,3600.0,,3513.969890356064,31,0.7336611623443806,0.0,0.0,True,True,False,False,3
controlled/HtoW/scenarios_Home_to_work__adv1_apple0_google0_samsung0_tile0__advtag-4c001219fe__20260130_081201/scenario_tx-10s_rot-15min.csv,2,TAG_APPLE,7,3600.0,,3062.508399963379,7,0.6059528163632303,0.0,0.0,True,False,False,False,3
controlled/HtoW/scenarios_Home_to_work__adv1_apple0_google0_samsung0_tile0__advtag-4c001219fe__20260130_081201/scenario_tx-10s_rot-15min.csv,2,TAG_APPLE,50,7200.0,,3484.448180913925,50,0.7420028513454665,0.0,0.0,True,True,False,False,3
controlled/HtoW/scenarios_Home_to_work__adv1_apple0_google0_samsung0_tile0__advtag-4c001219fe__20260130_081201/scenario_tx-10s_rot-15min.csv,0,TAG_APPLE,62,7200.0,,3552.0500218868256,50,0.7068743285425728,0.1,0.1,True,True,False,False,3
controlled/HtoW/scenarios_Home_to_work__adv1_apple0_google0_samsung0_tile0__advtag-4c001219fe__20260130_081201/scenario_tx-10s_rot-15min.csv,1,TAG_APPLE,33,7200.0,,3593.361763715744,33,0.5863919542568068,0.0,0.0,True,True,False,False,3
controlled/HtoW/scenarios_Home_to_work__adv1_apple0_google0_samsung0_tile0__advtag-4c001219fe__20260130_081201/scenario_tx-10s_rot-15min.csv,3,TAG_TILE,1,3600.0,,2894.0326144695277,1,0.0,0.0,0.0,True,False,False,False,3
controlled/HtoW/scenarios_Home_to_work__adv1_apple0_google0_samsung0_tile0__advtag-4c001219fe__20260130_081201/scenario_tx-10s_rot-15min.csv,4,TAG_TILE,1,3600.0,,277.4696617126465,1,0.0,0.0,0.0,False,False,False,False,3
controlled/HtoW/scenarios_Home_to_work__adv1_apple0_google0_samsung0_tile0__advtag-4c001219fe__20260130_081201/scenario_tx-10s_rot-15min.csv,5,TAG_TILE,1,3600.0,,577.9147005081177,1,0.0,0.0,0.0,False,False,False,False,3
controlled/HtoW/scenarios_Home_to_work__adv1_apple0_google0_samsung0_tile0__advtag-4c001219fe__20260130_081201/scenario_tx-10s_rot-15min.csv,1,TAG_APPLE,25,3600.0,,773.8524787425995,25,1.0038506422369615,0.08,0.08,False,True,True,False,3
controlled/HtoW/scenarios_Home_to_work__adv1_apple0_google0_samsung0_tile0__advtag-4c001219fe__20260130_081201/scenario_tx-10s_rot-15min.csv,0,TAG_APPLE,56,3600.0,,672.5952179431915,56,0.8088238722982941,0.0,0.0,False,True,False,False,3
controlled/HtoW/scenarios_Home_to_work__adv1_apple0_google0_samsung0_tile0__advtag-4c001219fe__20260130_081201/scenario_tx-10s_rot-15min.csv,2,TAG_APPLE,6,3600.0,,382.5024645328522,6,0.4868503511496397,0.0,0.0,False,False,False,False,3
controlled/HtoW/scenarios_Home_to_work__adv1_apple0_google0_samsung0_tile0__advtag-4c001219fe__20260130_081201/scenario_tx-10s_rot-15min.csv,3,TAG_TILE,2,3600.0,,504.30240750312805,2,0.0,0.0,0.0,False,False,False,False,3
controlled/HtoW/scenarios_Home_to_work__adv1_apple0_google0_samsung0_tile0__advtag-4c001219fe__20260130_081201/scenario_tx-10s_rot-15min.csv,4,TAG_TILE,1,3600.0,,94.09704542160034,1,0.0,0.0,0.0,False,False,False,False,3
controlled/HtoW/scenarios_Home_to_work__adv1_apple0_google0_samsung0_tile0__advtag-4c001219fe__20260130_081201/scenario_tx-10s_rot-15min.csv,5,TAG_TILE,1,3600.0,,0.0,1,0.0,0.0,0.0,False,False,False,False,3
controlled/HtoW/scenarios_Home_to_work__adv1_apple0_google0_samsung0_tile0__advtag-4c001219fd__20260130_081144/scenario_tx-2s_rot-5min.csv,2,TAG_APPLE,11,3600.0,,3598.2555553913116,11,6.666666622222222,1.0,1.0,True,False,True,True,3
controlled/HtoW/scenarios_Home_to_work__adv1_apple0_google0_samsung0_tile0__advtag-4c001219fd__20260130_081144/scenario_tx-2s_rot-5min.csv,0,TAG_APPLE,20,3600.0,,2120.204355239868,20,2.0159115221883703,0.0,0.0,True,True,True,True,3
controlled/HtoW/scenarios_Home_to_work__adv1_apple0_google0_samsung0_tile0__advtag-4c001219fd__20260130_081144/scenario_tx-2s_rot-5min.csv,1,TAG_APPLE,35,3600.0,,3513.969890356064,35,1.6904167786777555,0.0,0.0,True,True,True,True,3
controlled/HtoW/scenarios_Home_to_work__adv1_apple0_google0_samsung0_tile0__advtag-4c001219fd__20260130_081144/scenario_tx-2s_rot-5min.csv,2,TAG_APPLE,12,7200.0,,3591.861386060715,12,6.666666622222222,1.0,1.0,True,False,True,True,3
controlled/HtoW/scenarios_Home_to_work__adv1_apple0_google0_samsung0_tile0__advtag-4c001219fd__20260130_081144/scenario_tx-2s_rot-5min.csv,0,TAG_APPLE,49,7200.0,,3518.664603471756,38,1.427209766448804,0.0,0.0,True,True,True,True,3
controlled/HtoW/scenarios_Home_to_work__adv1_apple0_google0_samsung0_tile0__advtag-4c001219fd__20260130_081144/scenario_tx-2s_rot-5min.csv,1,TAG_APPLE,88,7200.0,,3593.361763715744,87,1.4094264967042947,0.0,0.011494252873563218,True,True,True,True,3
controlled/HtoW/scenarios_Home_to_work__adv1_apple0_google0_samsung0_tile0__advtag-4c001219fd__20260130_081144/scenario_tx-2s_rot-5min.csv,3,TAG_TILE,1,3600.0,,2894.0326144695277,1,0.0,0.0,0.0,True,False,False,False,3
controlled/HtoW/scenarios_Home_to_work__adv1_apple0_google0_samsung0_tile0__advtag-4c001219fd__20260130_081144/scenario_tx-2s_rot-5min.csv,4,TAG_TILE,1,3600.0,,277.4696617126465,1,0.0,0.0,0.0,False,False,False,False,3
controlled/HtoW/scenarios_Home_to_work__adv1_apple0_google0_samsung0_tile0__advtag-4c001219fd__20260130_081144/scenario_tx-2s_rot-5min.csv,5,TAG_TILE,1,3600.0,,577.9147005081177,1,0.0,0.0,0.0,False,False,False,False,3
controlled/HtoW/scenarios_Home_to_work__adv1_apple0_google0_samsung0_tile0__advtag-4c001219fd__20260130_081144/scenario_tx-2s_rot-5min.csv,2,TAG_APPLE,3,3600.0,,749.1938815116882,3,3.3737014469320425,1.0,1.0,False,False,True,False,3
controlled/HtoW/scenarios_Home_to_work__adv1_apple0_google0_samsung0_tile0__advtag-4c001219fd__20260130_081144/scenario_tx-2s_rot-5min.csv,1,TAG_APPLE,24,3600.0,,771.0463919639587,24,1.6358649763512298,0.0,0.0,False,True,True,False,3
controlled/HtoW/scenarios_Home_to_work__adv1_apple0_google0_samsung0_tile0__advtag-4c001219fd__20260130_081144/scenario_tx-2s_rot-5min.csv,0,TAG_APPLE,61,3600.0,,636.8608703613281,61,1.3136675658098989,0.0,0.0,False,True,True,False,3
controlled/HtoW/scenarios_Home_to_work__adv1_apple0_google0_samsung0_tile0__advtag-4c001219fd__20260130_081144/scenario_tx-2s_rot-5min.csv,3,TAG_TILE,2,3600.0,,504.30240750312805,2,0.0,0.0,0.0,False,False,False,False,3
controlled/HtoW/scenarios_Home_to_work__adv1_apple0_google0_samsung0_tile0__advtag-4c001219fd__20260130_081144/scenario_tx-2s_rot-5min.csv,4,TAG_TILE,1,3600.0,,94.09704542160034,1,0.0,0.0,0.0,False,False,False,False,3
controlled/HtoW/scenarios_Home_to_work__adv1_apple0_google0_samsung0_tile0__advtag-4c001219fd__20260130_081144/scenario_tx-2s_rot-5min.csv,5,TAG_TILE,1,3600.0,,0.0,1,0.0,0.0,0.0,False,False,False,False,3
controlled/HtoW/scenarios_Home_to_work__adv1_apple0_google0_samsung0_tile0__advtag-4c001219fd__20260130_081144/scenario_tx-30s_rot-1min.csv,2,TAG_APPLE,37,3600.0,,3530.2348873615265,37,3.647188547167136,1.0,1.0,True,True,True,True,3
controlled/HtoW/scenarios_Home_to_work__adv1_apple0_google0_samsung0_tile0__advtag-4c001219fd__20260130_081144/scenario_tx-30s_rot-1min.csv,0,TAG_APPLE,20,3600.0,,3411.046313524246,20,2.615663697840945,0.35,0.35,True,True,True,True,3
controlled/HtoW/scenarios_Home_to_work__adv1_apple0_google0_samsung0_tile0__advtag-4c001219fd__20260130_081144/scenario_tx-30s_rot-1min.csv,1,TAG_APPLE,37,3600.0,,3597.0692541599274,37,2.1120072183432073,0.21621621621621623,0.21621621621621623,True,True,True,True,3
controlled/HtoW/scenarios_Home_to_work__adv1_apple0_google0_samsung0_tile0__advtag-4c001219fd__20260130_081144/scenario_tx-30s_rot-1min.csv,2,TAG_APPLE,35,7200.0,,3565.5879135131836,35,4.198155969894417,1.0,1.0,True,True,True,True,3
controlled/HtoW/scenarios_Home_to_work__adv1_apple0_google0_samsung0_tile0__advtag-4c001219fd__20260130_081144/scenario_tx-30s_rot-1min.csv,0,TAG_APPLE,99,7200.0,,3593.361763715744,98,2.000399972265065,0.1836734693877551,0.2653061224489796,True,True,True,True,3
controlled/HtoW/scenarios_Home_to_work__adv1_apple0_google0_samsung0_tile0__advtag-4c001219fd__20260130_081144/scenario_tx-30s_rot-1min.csv,1,TAG_APPLE,42,7200.0,,3513.5685698986053,31,1.9783394306531803,0.22580645161290322,0.3225806451612903,True,True,True,True,3
controlled/HtoW/scenarios_Home_to_work__adv1_apple0_google0_samsung0_tile0__advtag-4c001219fd__20260130_081144/scenario_tx-30s_rot-1min.csv,3,TAG_TILE,1,3600.0,,2894.0326144695277,1,0.0,0.0,0.0,True,False,False,False,3
controlled/HtoW/scenarios_Home_to_work__adv1_apple0_google0_samsung0_tile0__advtag-4c001219fd__20260130_081144/scenario_tx-30s_rot-1min.csv,4,TAG_TILE,1,3600.0,,277.4696617126465,1,0.0,0.0,1.0,False,False,False,False,3
controlled/HtoW/scenarios_Home_to_work__adv1_apple0_google0_samsung0_tile0__advtag-4c001219fd__20260130_081144/scenario_tx-30s_rot-1min.csv,5,TAG_TILE,1,3600.0,,577.9147005081177,1,0.0,0.0,0.0,False,False,False,False,3
controlled/HtoW/scenarios_Home_to_work__adv1_apple0_google0_samsung0_tile0__advtag-4c001219fd__20260130_081144/scenario_tx-30s_rot-1min.csv,0,TAG_APPLE,30,3600.0,,771.0463919639587,30,2.031650962812718,0.1,0.1,False,True,True,False,3
controlled/HtoW/scenarios_Home_to_work__adv1_apple0_google0_samsung0_tile0__advtag-4c001219fd__20260130_081144/scenario_tx-30s_rot-1min.csv,2,TAG_APPLE,51,3600.0,,636.8608703613281,51,1.648837951699631,0.0,0.0,False,True,True,False,3
controlled/HtoW/scenarios_Home_to_work__adv1_apple0_google0_samsung0_tile0__advtag-4c001219fd__20260130_081144/scenario_tx-30s_rot-1min.csv,1,TAG_APPLE,10,3600.0,,738.876148223877,10,1.167829662812486,1.0,1.0,False,False,True,False,3
controlled/HtoW/scenarios_Home_to_work__adv1_apple0_google0_samsung0_tile0__advtag-4c001219fd__20260130_081144/scenario_tx-30s_rot-1min.csv,3,TAG_TILE,2,3600.0,,504.30240750312805,2,0.0,0.0,0.0,False,False,False,False,3
controlled/HtoW/scenarios_Home_to_work__adv1_apple0_google0_samsung0_tile0__advtag-4c001219fd__20260130_081144/scenario_tx-30s_rot-1min.csv,4,TAG_TILE,1,3600.0,,94.09704542160034,1,0.0,0.0,0.0,False,False,False,False,3
controlled/HtoW/scenarios_Home_to_work__adv1_apple0_google0_samsung0_tile0__advtag-4c001219fd__20260130_081144/scenario_tx-30s_rot-1min.csv,5,TAG_TILE,1,3600.0,,0.0,1,0.0,0.0,0.0,False,False,False,False,3
controlled/HtoW/scenarios_Home_to_work__adv1_apple0_google0_samsung0_tile0__advtag-4c001219fd__20260130_081144/scenario_tx-30s_rot-30s.csv,0,TAG_APPLE,72,3600.0,,3592.2188951969147,72,2.6983681474904113,1.0,1.0,True,True,True,True,3
controlled/HtoW/scenarios_Home_to_work__adv1_apple0_google0_samsung0_tile0__advtag-4c001219fd__20260130_081144/scenario_tx-30s_rot-30s.csv,1,TAG_APPLE,20,3600.0,,3379.2393910884857,20,2.448205002609911,0.45,0.45,True,True,True,True,3
controlled/HtoW/scenarios_Home_to_work__adv1_apple0_google0_samsung0_tile0__advtag-4c001219fd__20260130_081144/scenario_tx-30s_rot-30s.csv,2,TAG_APPLE,29,3600.0,,3243.806698322296,29,1.9973799875107217,0.3103448275862069,0.3103448275862069,True,True,True,True,3
controlled/HtoW/scenarios_Home_to_work__adv1_apple0_google0_samsung0_tile0__advtag-4c001219fd__20260130_081144/scenario_tx-30s_rot-30s.csv,2,TAG_APPLE,53,7200.0,,3524.019732236862,53,3.8463437147759305,1.0,1.0,True,True,True,True,3
controlled/HtoW/scenarios_Home_to_work__adv1_apple0_google0_samsung0_tile0__advtag-4c001219fd__20260130_081144/scenario_tx-30s_rot-30s.csv,0,TAG_APPLE,54,7200.0,,3589.6322996616364,42,2.2742046575394697,0.40476190476190477,0.47619047619047616,True,True,True,True,3
controlled/HtoW/scenarios_Home_to_work__adv1_apple0_google0_samsung0_tile0__advtag-4c001219fd__20260130_081144/scenario_tx-30s_rot-30s.csv,1,TAG_APPLE,87,7200.0,,3593.361763715744,86,1.848171494822542,0.46511627906976744,0.6046511627906976,True,True,True,True,3
controlled/HtoW/scenarios_Home_to_work__adv1_apple0_google0_samsung0_tile0__advtag-4c001219fd__20260130_081144/scenario_tx-30s_rot-30s.csv,3,TAG_TILE,1,3600.0,,2894.0326144695277,1,0.0,0.0,1.0,True,False,False,False,3
controlled/HtoW/scenarios_Home_to_work__adv1_apple0_google0_samsung0_tile0__advtag-4c001219fd__20260130_081144/scenario_tx-30s_rot-30s.csv,4,TAG_TILE,1,3600.0,,277.4696617126465,1,0.0,0.0,1.0,False,False,False,False,3
controlled/HtoW/scenarios_Home_to_work__adv1_apple0_google0_samsung0_tile0__advtag-4c001219fd__20260130_081144/scenario_tx-30s_rot-30s.csv,5,TAG_TILE,1,3600.0,,577.9147005081177,1,0.0,0.0,1.0,False,False,False,False,3
controlled/HtoW/scenarios_Home_to_work__adv1_apple0_google0_samsung0_tile0__advtag-4c001219fd__20260130_081144/scenario_tx-30s_rot-30s.csv,1,TAG_APPLE,24,3600.0,,771.0463919639587,24,2.5880195246790505,0.16666666666666666,0.16666666666666666,False,True,True,False,3
controlled/HtoW/scenarios_Home_to_work__adv1_apple0_google0_samsung0_tile0__advtag-4c001219fd__20260130_081144/scenario_tx-30s_rot-30s.csv,0,TAG_APPLE,61,3600.0,,705.6825315952292,61,1.9829899503727697,0.14754098360655737,0.14754098360655737,False,True,True,False,3
controlled/HtoW/scenarios_Home_to_work__adv1_apple0_google0_samsung0_tile0__advtag-4c001219fd__20260130_081144/scenario_tx-30s_rot-30s.csv,2,TAG_APPLE,10,3600.0,,652.4035203456879,10,1.3102410582867903,1.0,1.0,False,False,True,False,3
controlled/HtoW/scenarios_Home_to_work__adv1_apple0_google0_samsung0_tile0__advtag-4c001219fd__20260130_081144/scenario_tx-30s_rot-30s.csv,3,TAG_TILE,2,3600.0,,504.30240750312805,2,0.0,0.0,0.0,False,False,False,False,3
controlled/HtoW/scenarios_Home_to_work__adv1_apple0_google0_samsung0_tile0__advtag-4c001219fd__20260130_081144/scenario_tx-30s_rot-30s.csv,4,TAG_TILE,1,3600.0,,94.09704542160034,1,0.0,0.0,0.0,False,False,False,False,3
controlled/HtoW/scenarios_Home_to_work__adv1_apple0_google0_samsung0_tile0__advtag-4c001219fd__20260130_081144/scenario_tx-30s_rot-30s.csv,5,TAG_TILE,1,3600.0,,0.0,1,0.0,0.0,0.0,False,False,False,False,3
controlled/HtoW/scenarios_Home_to_work__adv1_apple0_google0_samsung0_tile0__advtag-4c001219fe__20260130_081201/scenario_tx-10s_rot-1min.csv,2,TAG_APPLE,47,3600.0,,3597.0715906620026,47,1.0662984352375595,0.8936170212765957,0.8936170212765957,True,True,True,True,4
controlled/HtoW/scenarios_Home_to_work__adv1_apple0_google0_samsung0_tile0__advtag-4c001219fe__20260130_081201/scenario_tx-10s_rot-1min.csv,1,TAG_APPLE,9,3600.0,,3062.508399963379,9,0.9474773364508295,0.3333333333333333,0.3333333333333333,True,False,False,False,4
controlled/HtoW/scenarios_Home_to_work__adv1_apple0_google0_samsung0_tile0__advtag-4c001219fe__20260130_081201/scenario_tx-10s_rot-1min.csv,3,TAG_APPLE,17,3600.0,,2802.659333467484,17,0.7938852690139517,0.11764705882352941,0.11764705882352941,True,True,False,False,4
controlled/HtoW/scenarios_Home_to_work__adv1_apple0_google0_samsung0_tile0__advtag-4c001219fe__20260130_081201/scenario_tx-10s_rot-1min.csv,0,TAG_APPLE,21,3600.0,,2271.1516289711,21,0.7877401900748285,0.23809523809523808,0.23809523809523808,True,True,False,False,4
controlled/HtoW/scenarios_Home_to_work__adv1_apple0_google0_samsung0_tile0__advtag-4c001219fe__20260130_081201/scenario_tx-10s_rot-1min.csv,2,TAG_APPLE,18,7200.0,,3548.620737552643,18,0.8610279904296734,0.0,0.1111111111111111,True,True,False,False,3
controlled/HtoW/scenarios_Home_to_work__adv1_apple0_google0_samsung0_tile0__advtag-4c001219fe__20260130_081201/scenario_tx-10s_rot-1min.csv,1,TAG_APPLE,96,7200.0,,3593.361763715744,91,0.8551947062643335,0.4945054945054945,0.4945054945054945,True,True,False,False,3
controlled/HtoW/scenarios_Home_to_work__adv1_apple0_google0_samsung0_tile0__advtag-4c001219fe__20260130_081201/scenario_tx-10s_rot-1min.csv,0,TAG_APPLE,59,7200.0,,3547.8146765232086,47,0.7584665560492698,0.3191489361702128,0.3829787234042553,True,True,False,False,3
controlled/HtoW/scenarios_Home_to_work__adv1_apple0_google0_samsung0_tile0__advtag-4c001219fe__20260130_081201/scenario_tx-10s_rot-1min.csv,3,TAG_TILE,1,3600.0,,2894.0326144695277,1,0.0,0.0,0.0,True,False,False,False,3
controlled/HtoW/scenarios_Home_to_work__adv1_apple0_google0_samsung0_tile0__advtag-4c001219fe__20260130_081201/scenario_tx-10s_rot-1min.csv,4,TAG_TILE,1,3600.0,,277.4696617126465,1,0.0,0.0,0.0,False,False,False,False,3
controlled/HtoW/scenarios_Home_to_work__adv1_apple0_google0_samsung0_tile0__advtag-4c001219fe__20260130_081201/scenario_tx-10s_rot-1min.csv,5,TAG_TILE,1,3600.0,,577.9147005081177,1,0.0,0.0,0.0,False,False,False,False,3
controlled/HtoW/scenarios_Home_to_work__adv1_apple0_google0_samsung0_tile0__advtag-4c001219fe__20260130_081201/scenario_tx-10s_rot-1min.csv,1,TAG_APPLE,21,3600.0,,773.8524787425995,21,0.9864944257056844,0.09523809523809523,0.09523809523809523,False,True,False,False,3
controlled/HtoW/scenarios_Home_to_work__adv1_apple0_google0_samsung0_tile0__advtag-4c001219fe__20260130_081201/scenario_tx-10s_rot-1min.csv,0,TAG_APPLE,60,3600.0,,715.4733695983887,60,0.8027182985981116,0.18333333333333332,0.18333333333333332,False,True,False,False,3
controlled/HtoW/scenarios_Home_to_work__adv1_apple0_google0_samsung0_tile0__advtag-4c001219fe__20260130_081201/scenario_tx-10s_rot-1min.csv,2,TAG_APPLE,11,3600.0,,382.5024645328522,11,0.6364815674895123,0.0,0.0,False,False,False,False,3
controlled/HtoW/scenarios_Home_to_work__adv1_apple0_google0_samsung0_tile0__advtag-4c001219fe__20260130_081201/scenario_tx-10s_rot-1min.csv,3,TAG_TILE,2,3600.0,,504.30240750312805,2,0.0,0.0,0.0,False,False,False,False,3
controlled/HtoW/scenarios_Home_to_work__adv1_apple0_google0_samsung0_tile0__advtag-4c001219fe__20260130_081201/scenario_tx-10s_rot-1min.csv,4,TAG_TILE,1,3600.0,,94.09704542160034,1,0.0,0.0,0.0,False,False,False,False,3
controlled/HtoW/scenarios_Home_to_work__adv1_apple0_google0_samsung0_tile0__advtag-4c001219fe__20260130_081201/scenario_tx-10s_rot-1min.csv,5,TAG_TILE,1,3600.0,,0.0,1,0.0,0.0,0.0,False,False,False,False,3
controlled/HtoW/scenarios_Home_to_work__adv1_apple0_google0_samsung0_tile0__advtag-4c001219fe__20260130_081201/scenario_tx-15s_rot-1min.csv,2,TAG_APPLE,56,3600.0,,3597.0715906620026,56,1.2414887312322336,0.8035714285714286,0.8035714285714286,True,True,True,True,3
controlled/HtoW/scenarios_Home_to_work__adv1_apple0_google0_samsung0_tile0__advtag-4c001219fe__20260130_081201/scenario_tx-15s_rot-1min.csv,0,TAG_APPLE,21,3600.0,,3262.8318214416504,21,0.8542971471128915,0.09523809523809523,0.09523809523809523,True,True,False,False,3
controlled/HtoW/scenarios_Home_to_work__adv1_apple0_google0_samsung0_tile0__advtag-4c001219fe__20260130_081201/scenario_tx-15s_rot-1min.csv,1,TAG_APPLE,21,3600.0,,2984.1207892894745,21,0.8242397644350641,0.23809523809523808,0.23809523809523808,True,True,False,False,3
controlled/HtoW/scenarios_Home_to_work__adv1_apple0_google0_samsung0_tile0__advtag-4c001219fe__20260130_081201/scenario_tx-15s_rot-1min.csv,1,TAG_APPLE,91,7200.0,,3591.5440604686737,87,0.9688411043136983,0.5517241379310345,0.5517241379310345,True,True,False,False,3
controlled/HtoW/scenarios_Home_to_work__adv1_apple0_google0_samsung0_tile0__advtag-4c001219fe__20260130_081201/scenario_tx-15s_rot-1min.csv,0,TAG_APPLE,57,7200.0,,3514.928233385086,45,0.6801206142523368,0.2,0.28888888888888886,True,True,False,False,3
controlled/HtoW/scenarios_Home_to_work__adv1_apple0_google0_samsung0_tile0__advtag-4c001219fe__20260130_081201/scenario_tx-15s_rot-1min.csv,2,TAG_APPLE,24,7200.0,,3550.8579347133636,23,0.6049720860790649,0.13043478260869565,0.34782608695652173,True,True,False,False,3
controlled/HtoW/scenarios_Home_to_work__adv1_apple0_google0_samsung0_tile0__advtag-4c001219fe__20260130_081201/scenario_tx-15s_rot-1min.csv,3,TAG_TILE,1,3600.0,,2894.0326144695277,1,0.0,0.0,1.0,True,False,False,False,3
controlled/HtoW/scenarios_Home_to_work__adv1_apple0_google0_samsung0_tile0__advtag-4c001219fe__20260130_081201/scenario_tx-15s_rot-1min.csv,4,TAG_TILE,1,3600.0,,277.4696617126465,1,0.0,0.0,1.0,False,False,False,False,3
controlled/HtoW/scenarios_Home_to_work__adv1_apple0_google0_samsung0_tile0__advtag-4c001219fe__20260130_081201/scenario_tx-15s_rot-1min.csv,5,TAG_TILE,1,3600.0,,577.9147005081177,1,0.0,0.0,1.0,False,False,False,False,3
controlled/HtoW/scenarios_Home_to_work__adv1_apple0_google0_samsung0_tile0__advtag-4c001219fe__20260130_081201/scenario_tx-15s_rot-1min.csv,1,TAG_APPLE,21,3600.0,,771.0463919639587,21,0.991057110750182,0.0,0.0,False,True,False,False,3
controlled/HtoW/scenarios_Home_to_work__adv1_apple0_google0_samsung0_tile0__advtag-4c001219fe__20260130_081201/scenario_tx-15s_rot-1min.csv,0,TAG_APPLE,63,3600.0,,775.8011305332184,63,0.8451482534257624,0.20634920634920634,0.20634920634920634,False,True,False,False,3
controlled/HtoW/scenarios_Home_to_work__adv1_apple0_google0_samsung0_tile0__advtag-4c001219fe__20260130_081201/scenario_tx-15s_rot-1min.csv,2,TAG_APPLE,8,3600.0,,382.5024645328522,8,0.6360066347424497,0.0,0.0,False,False,False,False,3
controlled/HtoW/scenarios_Home_to_work__adv1_apple0_google0_samsung0_tile0__advtag-4c001219fe__20260130_081201/scenario_tx-15s_rot-1min.csv,3,TAG_TILE,2,3600.0,,504.30240750312805,2,0.0,0.0,0.5,False,False,False,False,3
controlled/HtoW/scenarios_Home_to_work__adv1_apple0_google0_samsung0_tile0__advtag-4c001219fe__20260130_081201/scenario_tx-15s_rot-1min.csv,4,TAG_TILE,1,3600.0,,94.09704542160034,1,0.0,0.0,0.0,False,False,False,False,3
controlled/HtoW/scenarios_Home_to_work__adv1_apple0_google0_samsung0_tile0__advtag-4c001219fe__20260130_081201/scenario_tx-15s_rot-1min.csv,5,TAG_TILE,1,3600.0,,0.0,1,0.0,0.0,0.0,False,False,False,False,3
controlled/HtoW/scenarios_Home_to_work__adv1_apple0_google0_samsung0_tile0__advtag-4c001219fe__20260130_081201/scenario_tx-1min_rot-1min.csv,1,TAG_APPLE,22,3600.0,,3225.2633533477783,22,1.0601049920411847,0.18181818181818182,0.18181818181818182,True,True,True,True,3
controlled/HtoW/scenarios_Home_to_work__adv1_apple0_google0_samsung0_tile0__advtag-4c001219fe__20260130_081201/scenario_tx-1min_rot-1min.csv,2,TAG_APPLE,48,3600.0,,3597.0715906620026,48,0.7304393356348523,0.625,0.625,True,True,False,False,3
controlled/HtoW/scenarios_Home_to_work__adv1_apple0_google0_samsung0_tile0__advtag-4c001219fe__20260130_081201/scenario_tx-1min_rot-1min.csv,0,TAG_APPLE,22,3600.0,,3306.9552466869354,22,0.6703067168070443,0.6818181818181818,0.6818181818181818,True,True,False,False,3
controlled/HtoW/scenarios_Home_to_work__adv1_apple0_google0_samsung0_tile0__advtag-4c001219fe__20260130_081201/scenario_tx-1min_rot-1min.csv,1,TAG_APPLE,47,7200.0,,3514.928233385086,36,0.7515449863823097,0.3055555555555556,0.4166666666666667,True,True,False,False,3
controlled/HtoW/scenarios_Home_to_work__adv1_apple0_google0_samsung0_tile0__advtag-4c001219fe__20260130_081201/scenario_tx-1min_rot-1min.csv,0,TAG_APPLE,102,7200.0,,3593.361763715744,97,0.742520278071398,0.36082474226804123,0.38144329896907214,True,True,False,False,3
controlled/HtoW/scenarios_Home_to_work__adv1_apple0_google0_samsung0_tile0__advtag-4c001219fe__20260130_081201/scenario_tx-1min_rot-1min.csv,2,TAG_APPLE,21,7200.0,,3548.620737552643,21,0.7056892276819661,0.5714285714285714,0.5714285714285714,True,True,False,False,3
controlled/HtoW/scenarios_Home_to_work__adv1_apple0_google0_samsung0_tile0__advtag-4c001219fe__20260130_081201/scenario_tx-1min_rot-1min.csv,3,TAG_TILE,1,3600.0,,2894.0326144695277,1,0.0,0.0,0.0,True,False,False,False,3
controlled/HtoW/scenarios_Home_to_work__adv1_apple0_google0_samsung0_tile0__advtag-4c001219fe__20260130_081201/scenario_tx-1min_rot-1min.csv,4,TAG_TILE,1,3600.0,,277.4696617126465,1,0.0,0.0,1.0,False,False,False,False,3
controlled/HtoW/scenarios_Home_to_work__adv1_apple0_google0_samsung0_tile0__advtag-4c001219fe__20260130_081201/scenario_tx-1min_rot-1min.csv,5,TAG_TILE,1,3600.0,,577.9147005081177,1,0.0,0.0,0.0,False,False,False,False,3
controlled/HtoW/scenarios_Home_to_work__adv1_apple0_google0_samsung0_tile0__advtag-4c001219fe__20260130_081201/scenario_tx-1min_rot-1min.csv,0,TAG_APPLE,30,3600.0,,771.0463919639587,30,0.9674945935757772,0.13333333333333333,0.13333333333333333,False,True,False,False,3
controlled/HtoW/scenarios_Home_to_work__adv1_apple0_google0_samsung0_tile0__advtag-4c001219fe__20260130_081201/scenario_tx-1min_rot-1min.csv,1,TAG_APPLE,48,3600.0,,713.2570521831512,48,0.7890728912360234,0.10416666666666667,0.10416666666666667,False,True,False,False,3
controlled/HtoW/scenarios_Home_to_work__adv1_apple0_google0_samsung0_tile0__advtag-4c001219fe__20260130_081201/scenario_tx-1min_rot-1min.csv,2,TAG_APPLE,12,3600.0,,382.5024645328522,12,0.5738574841659819,0.25,0.25,False,False,False,False,3
controlled/HtoW/scenarios_Home_to_work__adv1_apple0_google0_samsung0_tile0__advtag-4c001219fe__20260130_081201/scenario_tx-1min_rot-1min.csv,3,TAG_TILE,2,3600.0,,504.30240750312805,2,0.0,0.0,0.0,False,False,False,False,3
controlled/HtoW/scenarios_Home_to_work__adv1_apple0_google0_samsung0_tile0__advtag-4c001219fe__20260130_081201/scenario_tx-1min_rot-1min.csv,4,TAG_TILE,1,3600.0,,94.09704542160034,1,0.0,0.0,0.0,False,False,False,False,3
controlled/HtoW/scenarios_Home_to_work__adv1_apple0_google0_samsung0_tile0__advtag-4c001219fe__20260130_081201/scenario_tx-1min_rot-1min.csv,5,TAG_TILE,1,3600.0,,0.0,1,0.0,0.0,0.0,False,False,False,False,3
controlled/HtoW/scenarios_Home_to_work__adv1_apple0_google0_samsung0_tile0__advtag-4c001219fd__20260130_081144/scenario_tx-2s_rot-1min.csv,1,TAG_APPLE,47,3600.0,,3598.2555553913116,47,6.666666622222222,1.0,1.0,True,True,True,True,3
controlled/HtoW/scenarios_Home_to_work__adv1_apple0_google0_samsung0_tile0__advtag-4c001219fd__20260130_081144/scenario_tx-2s_rot-1min.csv,0,TAG_APPLE,26,3600.0,,2816.8571734428406,26,2.966057882304197,0.19230769230769232,0.19230769230769232,True,True,True,True,3
controlled/HtoW/scenarios_Home_to_work__adv1_apple0_google0_samsung0_tile0__advtag-4c001219fd__20260130_081144/scenario_tx-2s_rot-1min.csv,2,TAG_APPLE,25,3600.0,,3441.321294784546,25,2.0678171275092927,0.0,0.0,True,True,True,True,3
controlled/HtoW/scenarios_Home_to_work__adv1_apple0_google0_samsung0_tile0__advtag-4c001219fd__20260130_081144/scenario_tx-2s_rot-1min.csv,2,TAG_APPLE,48,7200.0,,3592.575669765473,48,5.821128747829667,1.0,1.0,True,True,True,True,3
controlled/HtoW/scenarios_Home_to_work__adv1_apple0_google0_samsung0_tile0__advtag-4c001219fd__20260130_081144/scenario_tx-2s_rot-1min.csv,1,TAG_APPLE,71,7200.0,,3591.124566555023,70,2.233691564894608,0.0,0.12857142857142856,True,True,True,True,3
controlled/HtoW/scenarios_Home_to_work__adv1_apple0_google0_samsung0_tile0__advtag-4c001219fd__20260130_081144/scenario_tx-2s_rot-1min.csv,0,TAG_APPLE,54,7200.0,,3595.732531785965,42,2.114286303340713,0.2857142857142857,0.30952380952380953,True,True,True,True,3
controlled/HtoW/scenarios_Home_to_work__adv1_apple0_google0_samsung0_tile0__advtag-4c001219fd__20260130_081144/scenario_tx-2s_rot-1min.csv,3,TAG_TILE,1,3600.0,,2894.0326144695277,1,0.0,0.0,0.0,True,False,False,False,3
controlled/HtoW/scenarios_Home_to_work__adv1_apple0_google0_samsung0_tile0__advtag-4c001219fd__20260130_081144/scenario_tx-2s_rot-1min.csv,4,TAG_TILE,1,3600.0,,277.4696617126465,1,0.0,0.0,0.0,False,False,False,False,3
controlled/HtoW/scenarios_Home_to_work__adv1_apple0_google0_samsung0_tile0__advtag-4c001219fd__20260130_081144/scenario_tx-2s_rot-1min.csv,5,TAG_TILE,1,3600.0,,577.9147005081177,1,0.0,0.0,0.0,False,False,False,False,3
controlled/HtoW/scenarios_Home_to_work__adv1_apple0_google0_samsung0_tile0__advtag-4c001219fd__20260130_081144/scenario_tx-2s_rot-1min.csv,2,TAG_APPLE,10,3600.0,,749.1938815116882,10,4.600746641368372,1.0,1.0,False,False,True,False,3
controlled/HtoW/scenarios_Home_to_work__adv1_apple0_google0_samsung0_tile0__advtag-4c001219fd__20260130_081144/scenario_tx-2s_rot-1min.csv,0,TAG_APPLE,30,3600.0,,771.0463919639587,30,2.1675748609018517,0.1,0.1,False,True,True,False,3
controlled/HtoW/scenarios_Home_to_work__adv1_apple0_google0_samsung0_tile0__advtag-4c001219fd__20260130_081144/scenario_tx-2s_rot-1min.csv,1,TAG_APPLE,53,3600.0,,636.8608703613281,53,1.818465456579293,0.0,0.0,False,True,True,False,3
controlled/HtoW/scenarios_Home_to_work__adv1_apple0_google0_samsung0_tile0__advtag-4c001219fd__20260130_081144/scenario_tx-2s_rot-1min.csv,3,TAG_TILE,2,3600.0,,504.30240750312805,2,0.0,0.0,0.0,False,False,False,False,3
controlled/HtoW/scenarios_Home_to_work__adv1_apple0_google0_samsung0_tile0__advtag-4c001219fd__20260130_081144/scenario_tx-2s_rot-1min.csv,4,TAG_TILE,1,3600.0,,94.09704542160034,1,0.0,0.0,0.0,False,False,False,False,3
controlled/HtoW/scenarios_Home_to_work__adv1_apple0_google0_samsung0_tile0__advtag-4c001219fd__20260130_081144/scenario_tx-2s_rot-1min.csv,5,TAG_TILE,1,3600.0,,0.0,1,0.0,0.0,0.0,False,False,False,False,3
controlled/HtoW/scenarios_Home_to_work__adv1_apple0_google0_samsung0_tile0__advtag-4c001219fe__20260130_081201/scenario_tx-10s_rot-30s.csv,2,TAG_APPLE,69,3600.0,,3597.0715906620026,69,1.1498510109756022,0.8985507246376812,0.8985507246376812,True,True,True,True,4
controlled/HtoW/scenarios_Home_to_work__adv1_apple0_google0_samsung0_tile0__advtag-4c001219fe__20260130_081201/scenario_tx-10s_rot-30s.csv,1,TAG_APPLE,28,3600.0,,3436.1243398189545,28,0.9680056385472464,0.9285714285714286,0.9285714285714286,True,True,False,False,4
controlled/HtoW/scenarios_Home_to_work__adv1_apple0_google0_samsung0_tile0__advtag-4c001219fe__20260130_081201/scenario_tx-10s_rot-30s.csv,0,TAG_APPLE,21,3600.0,,3084.4444768428802,21,0.8284589451776098,0.6666666666666666,0.6666666666666666,True,True,False,False,4
controlled/HtoW/scenarios_Home_to_work__adv1_apple0_google0_samsung0_tile0__advtag-4c001219fe__20260130_081201/scenario_tx-10s_rot-30s.csv,3,TAG_APPLE,8,3600.0,,2065.84277677536,8,0.8112426307963536,0.0,0.0,True,False,False,False,4
controlled/HtoW/scenarios_Home_to_work__adv1_apple0_google0_samsung0_tile0__advtag-4c001219fe__20260130_081201/scenario_tx-10s_rot-30s.csv,2,TAG_APPLE,40,7200.0,,3518.664603471756,37,0.8208209840668067,0.4594594594594595,0.5675675675675675,True,True,False,False,3
controlled/HtoW/scenarios_Home_to_work__adv1_apple0_google0_samsung0_tile0__advtag-4c001219fe__20260130_081201/scenario_tx-10s_rot-30s.csv,1,TAG_APPLE,20,7200.0,,3508.2710678577423,16,0.8199071348957615,0.3125,0.5,True,True,False,False,3
controlled/HtoW/scenarios_Home_to_work__adv1_apple0_google0_samsung0_tile0__advtag-4c001219fe__20260130_081201/scenario_tx-10s_rot-30s.csv,0,TAG_APPLE,141,7200.0,,3593.361763715744,132,0.7802381885993489,0.7348484848484849,0.75,True,True,False,False,3
controlled/HtoW/scenarios_Home_to_work__adv1_apple0_google0_samsung0_tile0__advtag-4c001219fe__20260130_081201/scenario_tx-10s_rot-30s.csv,3,TAG_TILE,1,3600.0,,2894.0326144695277,1,0.0,0.0,1.0,True,False,False,False,3
controlled/HtoW/scenarios_Home_to_work__adv1_apple0_google0_samsung0_tile0__advtag-4c001219fe__20260130_081201/scenario_tx-10s_rot-30s.csv,4,TAG_TILE,1,3600.0,,277.4696617126465,1,0.0,0.0,1.0,False,False,False,False,3
controlled/HtoW/scenarios_Home_to_work__adv1_apple0_google0_samsung0_tile0__advtag-4c001219fe__20260130_081201/scenario_tx-10s_rot-30s.csv,5,TAG_TILE,1,3600.0,,577.9147005081177,1,0.0,0.0,1.0,False,False,False,False,3
controlled/HtoW/scenarios_Home_to_work__adv1_apple0_google0_samsung0_tile0__advtag-4c001219fe__20260130_081201/scenario_tx-10s_rot-30s.csv,1,TAG_APPLE,23,3600.0,,773.8524787425995,23,1.0282512819743703,0.17391304347826086,0.17391304347826086,False,True,True,False,3
controlled/HtoW/scenarios_Home_to_work__adv1_apple0_google0_samsung0_tile0__advtag-4c001219fe__20260130_081201/scenario_tx-10s_rot-30s.csv,0,TAG_APPLE,65,3600.0,,738.1192541122437,65,0.8207582454678963,0.2923076923076923,0.2923076923076923,False,True,False,False,3
controlled/HtoW/scenarios_Home_to_work__adv1_apple0_google0_samsung0_tile0__advtag-4c001219fe__20260130_081201/scenario_tx-10s_rot-30s.csv,2,TAG_APPLE,8,3600.0,,301.97852897644043,8,0.43759087965166354,0.25,0.25,False,False,False,False,3
controlled/HtoW/scenarios_Home_to_work__adv1_apple0_google0_samsung0_tile0__advtag-4c001219fe__20260130_081201/scenario_tx-10s_rot-30s.csv,3,TAG_TILE,2,3600.0,,504.30240750312805,2,0.0,0.0,0.5,False,False,False,False,3
controlled/HtoW/scenarios_Home_to_work__adv1_apple0_google0_samsung0_tile0__advtag-4c001219fe__20260130_081201/scenario_tx-10s_rot-30s.csv,4,TAG_TILE,1,3600.0,,94.09704542160034,1,0.0,0.0,0.0,False,False,False,False,3
controlled/HtoW/scenarios_Home_to_work__adv1_apple0_google0_samsung0_tile0__advtag-4c001219fe__20260130_081201/scenario_tx-10s_rot-30s.csv,5,TAG_TILE,1,3600.0,,0.0,1,0.0,0.0,0.0,False,False,False,False,3
controlled/HtoW/scenarios_Home_to_work__adv1_apple0_google0_samsung0_tile0__advtag-4c001219fe__20260130_081201/scenario_tx-10s_rot-5min.csv,0,TAG_APPLE,28,3600.0,,3599.8917768001556,28,0.8086701083998644,0.35714285714285715,0.35714285714285715,True,True,False,False,3
controlled/HtoW/scenarios_Home_to_work__adv1_apple0_google0_samsung0_tile0__advtag-4c001219fe__20260130_081201/scenario_tx-10s_rot-5min.csv,1,TAG_APPLE,31,3600.0,,3513.969890356064,31,0.7658069856843034,0.03225806451612903,0.03225806451612903,True,True,False,False,3
controlled/HtoW/scenarios_Home_to_work__adv1_apple0_google0_samsung0_tile0__advtag-4c001219fe__20260130_081201/scenario_tx-10s_rot-5min.csv,2,TAG_APPLE,7,3600.0,,3062.508399963379,7,0.6072230450915155,0.0,0.0,True,False,False,False,3
controlled/HtoW/scenarios_Home_to_work__adv1_apple0_google0_samsung0_tile0__advtag-4c001219fe__20260130_081201/scenario_tx-10s_rot-5min.csv,2,TAG_APPLE,44,7200.0,,3484.448180913925,44,0.7413982581731561,0.0,0.0,True,True,False,False,3
controlled/HtoW/scenarios_Home_to_work__adv1_apple0_google0_samsung0_tile0__advtag-4c001219fe__20260130_081201/scenario_tx-10s_rot-5min.csv,0,TAG_APPLE,66,7200.0,,3547.8146765232086,54,0.7052509413378927,0.2222222222222222,0.2222222222222222,True,True,False,False,3
controlled/HtoW/scenarios_Home_to_work__adv1_apple0_google0_samsung0_tile0__advtag-4c001219fe__20260130_081201/scenario_tx-10s_rot-5min.csv,1,TAG_APPLE,34,7200.0,,3593.361763715744,34,0.5928949210361387,0.0,0.0,True,True,False,False,3
controlled/HtoW/scenarios_Home_to_work__adv1_apple0_google0_samsung0_tile0__advtag-4c001219fe__20260130_081201/scenario_tx-10s_rot-5min.csv,3,TAG_TILE,1,3600.0,,2894.0326144695277,1,0.0,0.0,0.0,True,False,False,False,3
controlled/HtoW/scenarios_Home_to_work__adv1_apple0_google0_samsung0_tile0__advtag-4c001219fe__20260130_081201/scenario_tx-10s_rot-5min.csv,4,TAG_TILE,1,3600.0,,277.4696617126465,1,0.0,0.0,0.0,False,False,False,False,3
controlled/HtoW/scenarios_Home_to_work__adv1_apple0_google0_samsung0_tile0__advtag-4c001219fe__20260130_081201/scenario_tx-10s_rot-5min.csv,5,TAG_TILE,1,3600.0,,577.9147005081177,1,0.0,0.0,0.0,False,False,False,False,3
controlled/HtoW/scenarios_Home_to_work__adv1_apple0_google0_samsung0_tile0__advtag-4c001219fe__20260130_081201/scenario_tx-10s_rot-5min.csv,0,TAG_APPLE,33,3600.0,,773.8524787425995,33,0.939777061842682,0.09090909090909091,0.09090909090909091,False,True,False,False,3
controlled/HtoW/scenarios_Home_to_work__adv1_apple0_google0_samsung0_tile0__advtag-4c001219fe__20260130_081201/scenario_tx-10s_rot-5min.csv,1,TAG_APPLE,47,3600.0,,636.8608703613281,47,0.7990639667423577,0.0,0.0,False,True,False,False,3
controlled/HtoW/scenarios_Home_to_work__adv1_apple0_google0_samsung0_tile0__advtag-4c001219fe__20260130_081201/scenario_tx-10s_rot-5min.csv,2,TAG_APPLE,6,3600.0,,382.5024645328522,6,0.4904248196982498,0.0,0.0,False,False,False,False,3
controlled/HtoW/scenarios_Home_to_work__adv1_apple0_google0_samsung0_tile0__advtag-4c001219fe__20260130_081201/scenario_tx-10s_rot-5min.csv,3,TAG_TILE,2,3600.0,,504.30240750312805,2,0.0,0.0,0.0,False,False,False,False,3
controlled/HtoW/scenarios_Home_to_work__adv1_apple0_google0_samsung0_tile0__advtag-4c001219fe__20260130_081201/scenario_tx-10s_rot-5min.csv,4,TAG_TILE,1,3600.0,,94.09704542160034,1,0.0,0.0,0.0,False,False,False,False,3
controlled/HtoW/scenarios_Home_to_work__adv1_apple0_google0_samsung0_tile0__advtag-4c001219fe__20260130_081201/scenario_tx-10s_rot-5min.csv,5,TAG_TILE,1,3600.0,,0.0,1,0.0,0.0,0.0,False,False,False,False,3
controlled/HtoW/scenarios_Home_to_work__adv1_apple0_google0_samsung0_tile0__advtag-4c001219fd__20260130_081144/scenario_tx-2s_rot-30s.csv,1,TAG_APPLE,91,3600.0,,3538.010818004608,91,4.5533733021084375,1.0,1.0,True,True,True,True,3
controlled/HtoW/scenarios_Home_to_work__adv1_apple0_google0_samsung0_tile0__advtag-4c001219fd__20260130_081144/scenario_tx-2s_rot-30s.csv,0,TAG_APPLE,21,3600.0,,3599.8894402980804,21,2.6606129982298854,0.5238095238095238,0.5238095238095238,True,True,True,True,3
controlled/HtoW/scenarios_Home_to_work__adv1_apple0_google0_samsung0_tile0__advtag-4c001219fd__20260130_081144/scenario_tx-2s_rot-30s.csv,2,TAG_APPLE,22,3600.0,,3441.321294784546,22,1.8315304139775432,0.0,0.0,True,True,True,True,3
controlled/HtoW/scenarios_Home_to_work__adv1_apple0_google0_samsung0_tile0__advtag-4c001219fd__20260130_081144/scenario_tx-2s_rot-30s.csv,2,TAG_APPLE,94,7200.0,,3592.575669765473,94,4.188488415633793,1.0,1.0,True,True,True,True,3
controlled/HtoW/scenarios_Home_to_work__adv1_apple0_google0_samsung0_tile0__advtag-4c001219fd__20260130_081144/scenario_tx-2s_rot-30s.csv,1,TAG_APPLE,61,7200.0,,3592.6474800109863,60,2.5384191517287014,0.25,0.5333333333333333,True,True,True,True,3
controlled/HtoW/scenarios_Home_to_work__adv1_apple0_google0_samsung0_tile0__advtag-4c001219fd__20260130_081144/scenario_tx-2s_rot-30s.csv,0,TAG_APPLE,49,7200.0,,3514.928233385086,38,2.3060246419194,0.2894736842105263,0.4473684210526316,True,True,True,True,3
controlled/HtoW/scenarios_Home_to_work__adv1_apple0_google0_samsung0_tile0__advtag-4c001219fd__20260130_081144/scenario_tx-2s_rot-30s.csv,3,TAG_TILE,1,3600.0,,2894.0326144695277,1,0.0,0.0,0.0,True,False,False,False,3
controlled/HtoW/scenarios_Home_to_work__adv1_apple0_google0_samsung0_tile0__advtag-4c001219fd__20260130_081144/scenario_tx-2s_rot-30s.csv,4,TAG_TILE,1,3600.0,,277.4696617126465,1,0.0,0.0,1.0,False,False,False,False,3
controlled/HtoW/scenarios_Home_to_work__adv1_apple0_google0_samsung0_tile0__advtag-4c001219fd__20260130_081144/scenario_tx-2s_rot-30s.csv,5,TAG_TILE,1,3600.0,,577.9147005081177,1,0.0,0.0,0.0,False,False,False,False,3
controlled/HtoW/scenarios_Home_to_work__adv1_apple0_google0_samsung0_tile0__advtag-4c001219fd__20260130_081144/scenario_tx-2s_rot-30s.csv,2,TAG_APPLE,24,3600.0,,749.1938815116882,24,3.5366684187528694,1.0,1.0,False,True,True,False,4
controlled/HtoW/scenarios_Home_to_work__adv1_apple0_google0_samsung0_tile0__advtag-4c001219fd__20260130_081144/scenario_tx-2s_rot-30s.csv,0,TAG_APPLE,27,3600.0,,771.0463919639587,27,2.776055810473751,0.037037037037037035,0.037037037037037035,False,True,True,False,4
controlled/HtoW/scenarios_Home_to_work__adv1_apple0_google0_samsung0_tile0__advtag-4c001219fd__20260130_081144/scenario_tx-2s_rot-30s.csv,1,TAG_APPLE,49,3600.0,,636.8608703613281,49,2.4144799688432133,0.0,0.0,False,True,True,False,4
controlled/HtoW/scenarios_Home_to_work__adv1_apple0_google0_samsung0_tile0__advtag-4c001219fd__20260130_081144/scenario_tx-2s_rot-30s.csv,3,TAG_APPLE,2,3600.0,,676.5098917484283,2,0.0,0.5,0.5,False,False,False,False,4
controlled/HtoW/scenarios_Home_to_work__adv1_apple0_google0_samsung0_tile0__advtag-4c001219fd__20260130_081144/scenario_tx-2s_rot-30s.csv,4,TAG_TILE,2,3600.0,,504.30240750312805,2,0.0,0.0,0.0,False,False,False,False,3
controlled/HtoW/scenarios_Home_to_work__adv1_apple0_google0_samsung0_tile0__advtag-4c001219fd__20260130_081144/scenario_tx-2s_rot-30s.csv,5,TAG_TILE,1,3600.0,,94.09704542160034,1,0.0,0.0,1.0,False,False,False,False,3
controlled/HtoW/scenarios_Home_to_work__adv1_apple0_google0_samsung0_tile0__advtag-4c001219fd__20260130_081144/scenario_tx-2s_rot-30s.csv,6,TAG_TILE,1,3600.0,,0.0,1,0.0,0.0,0.0,False,False,False,False,3
controlled/HtoW/scenarios_Home_to_work__adv1_apple0_google0_samsung0_tile0__advtag-4c001219fe__20260130_081201/scenario_tx-15s_rot-5min.csv,0,TAG_APPLE,28,3600.0,,3599.8917768001556,28,0.8005885775145593,0.35714285714285715,0.35714285714285715,True,True,False,False,3
controlled/HtoW/scenarios_Home_to_work__adv1_apple0_google0_samsung0_tile0__advtag-4c001219fe__20260130_081201/scenario_tx-15s_rot-5min.csv,1,TAG_APPLE,34,3600.0,,3513.969890356064,34,0.7222009668214098,0.029411764705882353,0.029411764705882353,True,True,False,False,3
controlled/HtoW/scenarios_Home_to_work__adv1_apple0_google0_samsung0_tile0__advtag-4c001219fe__20260130_081201/scenario_tx-15s_rot-5min.csv,2,TAG_APPLE,3,3600.0,,2392.474401950836,3,0.25521960029501645,0.0,0.0,True,False,False,False,3
controlled/HtoW/scenarios_Home_to_work__adv1_apple0_google0_samsung0_tile0__advtag-4c001219fe__20260130_081201/scenario_tx-15s_rot-5min.csv,2,TAG_APPLE,45,7200.0,,3552.0500218868256,42,0.9140601144813053,0.2619047619047619,0.2619047619047619,True,True,False,False,4
controlled/HtoW/scenarios_Home_to_work__adv1_apple0_google0_samsung0_tile0__advtag-4c001219fe__20260130_081201/scenario_tx-15s_rot-5min.csv,3,TAG_APPLE,21,7200.0,,3550.8579347133636,21,0.9123629768691313,0.0,0.0,True,True,False,False,4
controlled/HtoW/scenarios_Home_to_work__adv1_apple0_google0_samsung0_tile0__advtag-4c001219fe__20260130_081201/scenario_tx-15s_rot-5min.csv,0,TAG_APPLE,48,7200.0,,3591.5440604686737,48,0.7143641695168206,0.0,0.0,True,True,False,False,4
controlled/HtoW/scenarios_Home_to_work__adv1_apple0_google0_samsung0_tile0__advtag-4c001219fe__20260130_081201/scenario_tx-15s_rot-5min.csv,1,TAG_APPLE,33,7200.0,,3508.2829329967503,25,0.6781428154783951,0.04,0.04,True,True,False,False,4
controlled/HtoW/scenarios_Home_to_work__adv1_apple0_google0_samsung0_tile0__advtag-4c001219fe__20260130_081201/scenario_tx-15s_rot-5min.csv,4,TAG_TILE,1,3600.0,,2894.0326144695277,1,0.0,0.0,0.0,True,False,False,False,3
controlled/HtoW/scenarios_Home_to_work__adv1_apple0_google0_samsung0_tile0__advtag-4c001219fe__20260130_081201/scenario_tx-15s_rot-5min.csv,5,TAG_TILE,1,3600.0,,277.4696617126465,1,0.0,0.0,0.0,False,False,False,False,3
controlled/HtoW/scenarios_Home_to_work__adv1_apple0_google0_samsung0_tile0__advtag-4c001219fe__20260130_081201/scenario_tx-15s_rot-5min.csv,6,TAG_TILE,1,3600.0,,577.9147005081177,1,0.0,0.0,0.0,False,False,False,False,3
controlled/HtoW/scenarios_Home_to_work__adv1_apple0_google0_samsung0_tile0__advtag-4c001219fe__20260130_081201/scenario_tx-15s_rot-5min.csv,0,TAG_APPLE,34,3600.0,,775.8454170227051,34,0.977789502157134,0.08823529411764706,0.08823529411764706,False,True,False,False,3
controlled/HtoW/scenarios_Home_to_work__adv1_apple0_google0_samsung0_tile0__advtag-4c001219fe__20260130_081201/scenario_tx-15s_rot-5min.csv,1,TAG_APPLE,43,3600.0,,636.8608703613281,43,0.8364235434218045,0.0,0.0,False,True,False,False,3
controlled/HtoW/scenarios_Home_to_work__adv1_apple0_google0_samsung0_tile0__advtag-4c001219fe__20260130_081201/scenario_tx-15s_rot-5min.csv,2,TAG_APPLE,9,3600.0,,382.5024645328522,9,0.5103075499501735,0.0,0.0,False,False,False,False,3
controlled/HtoW/scenarios_Home_to_work__adv1_apple0_google0_samsung0_tile0__advtag-4c001219fe__20260130_081201/scenario_tx-15s_rot-5min.csv,3,TAG_TILE,2,3600.0,,504.30240750312805,2,0.0,0.0,0.0,False,False,False,False,3
controlled/HtoW/scenarios_Home_to_work__adv1_apple0_google0_samsung0_tile0__advtag-4c001219fe__20260130_081201/scenario_tx-15s_rot-5min.csv,4,TAG_TILE,1,3600.0,,94.09704542160034,1,0.0,0.0,0.0,False,False,False,False,3
controlled/HtoW/scenarios_Home_to_work__adv1_apple0_google0_samsung0_tile0__advtag-4c001219fe__20260130_081201/scenario_tx-15s_rot-5min.csv,5,TAG_TILE,1,3600.0,,0.0,1,0.0,0.0,0.0,False,False,False,False,3
controlled/HtoW/scenarios_Home_to_work__adv1_apple0_google0_samsung0_tile0__advtag-4c001219fe__20260130_081201/scenario_tx-1min_rot-30s.csv,0,TAG_APPLE,21,3600.0,,2314.6312305927277,21,1.0558421169560348,0.09523809523809523,0.09523809523809523,True,True,True,True,4
controlled/HtoW/scenarios_Home_to_work__adv1_apple0_google0_samsung0_tile0__advtag-4c001219fe__20260130_081201/scenario_tx-1min_rot-30s.csv,3,TAG_APPLE,24,3600.0,,3574.3212337493896,24,0.9413959389961636,0.8333333333333334,0.8333333333333334,True,True,False,False,4
controlled/HtoW/scenarios_Home_to_work__adv1_apple0_google0_samsung0_tile0__advtag-4c001219fe__20260130_081201/scenario_tx-1min_rot-30s.csv,2,TAG_APPLE,39,3600.0,,3536.827056646347,39,0.8656998917875826,0.6410256410256411,0.6410256410256411,True,True,False,False,4
controlled/HtoW/scenarios_Home_to_work__adv1_apple0_google0_samsung0_tile0__advtag-4c001219fe__20260130_081201/scenario_tx-1min_rot-30s.csv,1,TAG_APPLE,13,3600.0,,3344.782128810883,13,0.7081838528928335,0.15384615384615385,0.15384615384615385,True,False,False,False,4
controlled/HtoW/scenarios_Home_to_work__adv1_apple0_google0_samsung0_tile0__advtag-4c001219fe__20260130_081201/scenario_tx-1min_rot-30s.csv,0,TAG_APPLE,101,7200.0,,3593.361763715744,99,0.8184785805722739,0.37373737373737376,0.3939393939393939,True,True,False,False,3
controlled/HtoW/scenarios_Home_to_work__adv1_apple0_google0_samsung0_tile0__advtag-4c001219fe__20260130_081201/scenario_tx-1min_rot-30s.csv,1,TAG_APPLE,50,7200.0,,3547.8146765232086,39,0.7895220119111639,0.20512820512820512,0.2564102564102564,True,True,False,False,3
controlled/HtoW/scenarios_Home_to_work__adv1_apple0_google0_samsung0_tile0__advtag-4c001219fe__20260130_081201/scenario_tx-1min_rot-30s.csv,2,TAG_APPLE,20,7200.0,,3548.620737552643,20,0.7001407151034682,0.65,0.7,True,True,False,False,3
controlled/HtoW/scenarios_Home_to_work__adv1_apple0_google0_samsung0_tile0__advtag-4c001219fe__20260130_081201/scenario_tx-1min_rot-30s.csv,3,TAG_TILE,1,3600.0,,2894.0326144695277,1,0.0,0.0,0.0,True,False,False,False,3
controlled/HtoW/scenarios_Home_to_work__adv1_apple0_google0_samsung0_tile0__advtag-4c001219fe__20260130_081201/scenario_tx-1min_rot-30s.csv,4,TAG_TILE,1,3600.0,,277.4696617126465,1,0.0,0.0,0.0,False,False,False,False,3
controlled/HtoW/scenarios_Home_to_work__adv1_apple0_google0_samsung0_tile0__advtag-4c001219fe__20260130_081201/scenario_tx-1min_rot-30s.csv,5,TAG_TILE,1,3600.0,,577.9147005081177,1,0.0,0.0,0.0,False,False,False,False,3
controlled/HtoW/scenarios_Home_to_work__adv1_apple0_google0_samsung0_tile0__advtag-4c001219fe__20260130_081201/scenario_tx-1min_rot-30s.csv,0,TAG_APPLE,32,3600.0,,771.0463919639587,32,0.9771195642208861,0.15625,0.15625,False,True,False,False,3
controlled/HtoW/scenarios_Home_to_work__adv1_apple0_google0_samsung0_tile0__advtag-4c001219fe__20260130_081201/scenario_tx-1min_rot-30s.csv,2,TAG_APPLE,36,3600.0,,581.4246463775635,36,0.9248292444534744,0.08333333333333333,0.08333333333333333,False,True,False,False,3
controlled/HtoW/scenarios_Home_to_work__adv1_apple0_google0_samsung0_tile0__advtag-4c001219fe__20260130_081201/scenario_tx-1min_rot-30s.csv,1,TAG_APPLE,22,3600.0,,713.2570521831512,22,0.589023700404655,0.18181818181818182,0.18181818181818182,False,True,False,False,3
controlled/HtoW/scenarios_Home_to_work__adv1_apple0_google0_samsung0_tile0__advtag-4c001219fe__20260130_081201/scenario_tx-1min_rot-30s.csv,3,TAG_TILE,2,3600.0,,504.30240750312805,2,0.0,0.0,0.0,False,False,False,False,3
controlled/HtoW/scenarios_Home_to_work__adv1_apple0_google0_samsung0_tile0__advtag-4c001219fe__20260130_081201/scenario_tx-1min_rot-30s.csv,4,TAG_TILE,1,3600.0,,94.09704542160034,1,0.0,0.0,0.0,False,False,False,False,3
controlled/HtoW/scenarios_Home_to_work__adv1_apple0_google0_samsung0_tile0__advtag-4c001219fe__20260130_081201/scenario_tx-1min_rot-30s.csv,5,TAG_TILE,1,3600.0,,0.0,1,0.0,0.0,1.0,False,False,False,False,3
controlled/HtoW/scenarios_Home_to_work__adv1_apple0_google0_samsung0_tile0__advtag-4c001219fe__20260130_081201/scenario_tx-1min_rot-5min.csv,1,TAG_APPLE,20,3600.0,,3599.8917768001556,20,0.9117048231240125,0.1,0.1,True,True,False,False,3
controlled/HtoW/scenarios_Home_to_work__adv1_apple0_google0_samsung0_tile0__advtag-4c001219fe__20260130_081201/scenario_tx-1min_rot-5min.csv,0,TAG_APPLE,42,3600.0,,3513.969890356064,42,0.655646122922097,0.21428571428571427,0.21428571428571427,True,True,False,False,3
controlled/HtoW/scenarios_Home_to_work__adv1_apple0_google0_samsung0_tile0__advtag-4c001219fe__20260130_081201/scenario_tx-1min_rot-5min.csv,2,TAG_APPLE,3,3600.0,,2392.474401950836,3,0.2504821516782467,0.0,0.0,True,False,False,False,3
controlled/HtoW/scenarios_Home_to_work__adv1_apple0_google0_samsung0_tile0__advtag-4c001219fe__20260130_081201/scenario_tx-1min_rot-5min.csv,1,TAG_APPLE,70,7200.0,,3591.5440604686737,68,0.7644138094182489,0.1323529411764706,0.1323529411764706,True,True,False,False,3
controlled/HtoW/scenarios_Home_to_work__adv1_apple0_google0_samsung0_tile0__advtag-4c001219fe__20260130_081201/scenario_tx-1min_rot-5min.csv,0,TAG_APPLE,57,7200.0,,3514.928233385086,45,0.7143622767105176,0.06666666666666667,0.06666666666666667,True,True,False,False,3
controlled/HtoW/scenarios_Home_to_work__adv1_apple0_google0_samsung0_tile0__advtag-4c001219fe__20260130_081201/scenario_tx-1min_rot-5min.csv,2,TAG_APPLE,19,7200.0,,3550.8579347133636,19,0.6581539218667822,0.0,0.0,True,True,False,False,3
controlled/HtoW/scenarios_Home_to_work__adv1_apple0_google0_samsung0_tile0__advtag-4c001219fe__20260130_081201/scenario_tx-1min_rot-5min.csv,3,TAG_TILE,1,3600.0,,2894.0326144695277,1,0.0,0.0,1.0,True,False,False,False,3
controlled/HtoW/scenarios_Home_to_work__adv1_apple0_google0_samsung0_tile0__advtag-4c001219fe__20260130_081201/scenario_tx-1min_rot-5min.csv,4,TAG_TILE,1,3600.0,,277.4696617126465,1,0.0,0.0,0.0,False,False,False,False,3
controlled/HtoW/scenarios_Home_to_work__adv1_apple0_google0_samsung0_tile0__advtag-4c001219fe__20260130_081201/scenario_tx-1min_rot-5min.csv,5,TAG_TILE,1,3600.0,,577.9147005081177,1,0.0,0.0,1.0,False,False,False,False,3
controlled/HtoW/scenarios_Home_to_work__adv1_apple0_google0_samsung0_tile0__advtag-4c001219fe__20260130_081201/scenario_tx-1min_rot-5min.csv,1,TAG_APPLE,21,3600.0,,771.0463919639587,21,1.0044134108898735,0.047619047619047616,0.047619047619047616,False,True,True,False,3
controlled/HtoW/scenarios_Home_to_work__adv1_apple0_google0_samsung0_tile0__advtag-4c001219fe__20260130_081201/scenario_tx-1min_rot-5min.csv,0,TAG_APPLE,54,3600.0,,713.2570521831512,54,0.8523743538646079,0.037037037037037035,0.037037037037037035,False,True,False,False,3
controlled/HtoW/scenarios_Home_to_work__adv1_apple0_google0_samsung0_tile0__advtag-4c001219fe__20260130_081201/scenario_tx-1min_rot-5min.csv,2,TAG_APPLE,10,3600.0,,382.5024645328522,10,0.615834358189045,0.0,0.0,False,False,False,False,3
controlled/HtoW/scenarios_Home_to_work__adv1_apple0_google0_samsung0_tile0__advtag-4c001219fe__20260130_081201/scenario_tx-1min_rot-5min.csv,3,TAG_TILE,2,3600.0,,504.30240750312805,2,0.0,0.0,0.0,False,False,False,False,3
controlled/HtoW/scenarios_Home_to_work__adv1_apple0_google0_samsung0_tile0__advtag-4c001219fe__20260130_081201/scenario_tx-1min_rot-5min.csv,4,TAG_TILE,1,3600.0,,94.09704542160034,1,0.0,0.0,0.0,False,False,False,False,3
controlled/HtoW/scenarios_Home_to_work__adv1_apple0_google0_samsung0_tile0__advtag-4c001219fe__20260130_081201/scenario_tx-1min_rot-5min.csv,5,TAG_TILE,1,3600.0,,0.0,1,0.0,0.0,0.0,False,False,False,False,3
controlled/HtoW/scenarios_Home_to_work__adv1_apple0_google0_samsung0_tile0__advtag-4c001219fe__20260130_081201/scenario_tx-1min_rot-15min.csv,0,TAG_APPLE,23,3600.0,,3599.8917768001556,23,0.8138346348034543,0.13043478260869565,0.13043478260869565,True,True,False,False,3
controlled/HtoW/scenarios_Home_to_work__adv1_apple0_google0_samsung0_tile0__advtag-4c001219fe__20260130_081201/scenario_tx-1min_rot-15min.csv,1,TAG_APPLE,33,3600.0,,3513.969890356064,33,0.7449536607528103,0.030303030303030304,0.030303030303030304,True,True,False,False,3
controlled/HtoW/scenarios_Home_to_work__adv1_apple0_google0_samsung0_tile0__advtag-4c001219fe__20260130_081201/scenario_tx-1min_rot-15min.csv,2,TAG_APPLE,7,3600.0,,3062.508399963379,7,0.6100277028874455,0.0,0.0,True,False,False,False,3
controlled/HtoW/scenarios_Home_to_work__adv1_apple0_google0_samsung0_tile0__advtag-4c001219fe__20260130_081201/scenario_tx-1min_rot-15min.csv,1,TAG_APPLE,60,7200.0,,3591.5440604686737,59,0.7291410228667103,0.03389830508474576,0.03389830508474576,True,True,False,False,3
controlled/HtoW/scenarios_Home_to_work__adv1_apple0_google0_samsung0_tile0__advtag-4c001219fe__20260130_081201/scenario_tx-1min_rot-15min.csv,0,TAG_APPLE,53,7200.0,,3518.664603471756,42,0.7186151902177599,0.047619047619047616,0.047619047619047616,True,True,False,False,3
controlled/HtoW/scenarios_Home_to_work__adv1_apple0_google0_samsung0_tile0__advtag-4c001219fe__20260130_081201/scenario_tx-1min_rot-15min.csv,2,TAG_APPLE,31,7200.0,,3550.8579347133636,31,0.5872406073367402,0.03225806451612903,0.06451612903225806,True,True,False,False,3
controlled/HtoW/scenarios_Home_to_work__adv1_apple0_google0_samsung0_tile0__advtag-4c001219fe__20260130_081201/scenario_tx-1min_rot-15min.csv,3,TAG_TILE,1,3600.0,,2894.0326144695277,1,0.0,0.0,0.0,True,False,False,False,3
controlled/HtoW/scenarios_Home_to_work__adv1_apple0_google0_samsung0_tile0__advtag-4c001219fe__20260130_081201/scenario_tx-1min_rot-15min.csv,4,TAG_TILE,1,3600.0,,277.4696617126465,1,0.0,0.0,0.0,False,False,False,False,3
controlled/HtoW/scenarios_Home_to_work__adv1_apple0_google0_samsung0_tile0__advtag-4c001219fe__20260130_081201/scenario_tx-1min_rot-15min.csv,5,TAG_TILE,1,3600.0,,577.9147005081177,1,0.0,0.0,0.0,False,False,False,False,3
controlled/HtoW/scenarios_Home_to_work__adv1_apple0_google0_samsung0_tile0__advtag-4c001219fe__20260130_081201/scenario_tx-1min_rot-15min.csv,0,TAG_APPLE,33,3600.0,,771.0463919639587,33,0.9387557225675024,0.06060606060606061,0.06060606060606061,False,True,False,False,3
controlled/HtoW/scenarios_Home_to_work__adv1_apple0_google0_samsung0_tile0__advtag-4c001219fe__20260130_081201/scenario_tx-1min_rot-15min.csv,1,TAG_APPLE,44,3600.0,,636.8608703613281,44,0.8393152308116206,0.0,0.0,False,True,False,False,3
controlled/HtoW/scenarios_Home_to_work__adv1_apple0_google0_samsung0_tile0__advtag-4c001219fe__20260130_081201/scenario_tx-1min_rot-15min.csv,2,TAG_APPLE,9,3600.0,,382.5024645328522,9,0.5117407843144486,0.0,0.0,False,False,False,False,3
controlled/HtoW/scenarios_Home_to_work__adv1_apple0_google0_samsung0_tile0__advtag-4c001219fe__20260130_081201/scenario_tx-1min_rot-15min.csv,3,TAG_TILE,2,3600.0,,504.30240750312805,2,0.0,0.0,0.0,False,False,False,False,3
controlled/HtoW/scenarios_Home_to_work__adv1_apple0_google0_samsung0_tile0__advtag-4c001219fe__20260130_081201/scenario_tx-1min_rot-15min.csv,4,TAG_TILE,1,3600.0,,94.09704542160034,1,0.0,0.0,0.0,False,False,False,False,3
controlled/HtoW/scenarios_Home_to_work__adv1_apple0_google0_samsung0_tile0__advtag-4c001219fe__20260130_081201/scenario_tx-1min_rot-15min.csv,5,TAG_TILE,1,3600.0,,0.0,1,0.0,0.0,0.0,False,False,False,False,3
controlled/HtoW/scenarios_Home_to_work__adv1_apple0_google0_samsung0_tile0__advtag-4c001219fe__20260130_081201/scenario_tx-2s_rot-15min.csv,1,TAG_APPLE,24,3600.0,,3599.8917768001556,24,0.8046974213342296,0.16666666666666666,0.16666666666666666,True,True,False,False,3
controlled/HtoW/scenarios_Home_to_work__adv1_apple0_google0_samsung0_tile0__advtag-4c001219fe__20260130_081201/scenario_tx-2s_rot-15min.csv,0,TAG_APPLE,31,3600.0,,3513.969890356064,31,0.7366060120632031,0.0,0.0,True,True,False,False,3
controlled/HtoW/scenarios_Home_to_work__adv1_apple0_google0_samsung0_tile0__advtag-4c001219fe__20260130_081201/scenario_tx-2s_rot-15min.csv,2,TAG_APPLE,7,3600.0,,3062.508399963379,7,0.6036402420932702,0.0,0.0,True,False,False,False,3
controlled/HtoW/scenarios_Home_to_work__adv1_apple0_google0_samsung0_tile0__advtag-4c001219fe__20260130_081201/scenario_tx-2s_rot-15min.csv,2,TAG_APPLE,51,7200.0,,3481.3619050979614,51,0.7221627216033046,0.0,0.0196078431372549,True,True,False,False,3
controlled/HtoW/scenarios_Home_to_work__adv1_apple0_google0_samsung0_tile0__advtag-4c001219fe__20260130_081201/scenario_tx-2s_rot-15min.csv,0,TAG_APPLE,60,7200.0,,3594.6291122436523,47,0.6956897354911818,0.10638297872340426,0.10638297872340426,True,True,False,False,3
controlled/HtoW/scenarios_Home_to_work__adv1_apple0_google0_samsung0_tile0__advtag-4c001219fe__20260130_081201/scenario_tx-2s_rot-15min.csv,1,TAG_APPLE,33,7200.0,,3593.361763715744,33,0.5852045688066003,0.0,0.0,True,True,False,False,3
controlled/HtoW/scenarios_Home_to_work__adv1_apple0_google0_samsung0_tile0__advtag-4c001219fe__20260130_081201/scenario_tx-2s_rot-15min.csv,3,TAG_TILE,1,3600.0,,2894.0326144695277,1,0.0,0.0,0.0,True,False,False,False,3
controlled/HtoW/scenarios_Home_to_work__adv1_apple0_google0_samsung0_tile0__advtag-4c001219fe__20260130_081201/scenario_tx-2s_rot-15min.csv,4,TAG_TILE,1,3600.0,,277.4696617126465,1,0.0,0.0,0.0,False,False,False,False,3
controlled/HtoW/scenarios_Home_to_work__adv1_apple0_google0_samsung0_tile0__advtag-4c001219fe__20260130_081201/scenario_tx-2s_rot-15min.csv,5,TAG_TILE,1,3600.0,,577.9147005081177,1,0.0,0.0,0.0,False,False,False,False,3
controlled/HtoW/scenarios_Home_to_work__adv1_apple0_google0_samsung0_tile0__advtag-4c001219fe__20260130_081201/scenario_tx-2s_rot-15min.csv,1,TAG_APPLE,24,3600.0,,775.8454170227051,24,0.9977332717544815,0.08333333333333333,0.08333333333333333,False,True,False,False,3
controlled/HtoW/scenarios_Home_to_work__adv1_apple0_google0_samsung0_tile0__advtag-4c001219fe__20260130_081201/scenario_tx-2s_rot-15min.csv,0,TAG_APPLE,56,3600.0,,672.5952179431915,56,0.8058007974868855,0.0,0.0,False,True,False,False,3
controlled/HtoW/scenarios_Home_to_work__adv1_apple0_google0_samsung0_tile0__advtag-4c001219fe__20260130_081201/scenario_tx-2s_rot-15min.csv,2,TAG_APPLE,6,3600.0,,382.5024645328522,6,0.48641199537180846,0.0,0.0,False,False,False,False,3
controlled/HtoW/scenarios_Home_to_work__adv1_apple0_google0_samsung0_tile0__advtag-4c001219fe__20260130_081201/scenario_tx-2s_rot-15min.csv,3,TAG_TILE,2,3600.0,,504.30240750312805,2,0.0,0.0,0.0,False,False,False,False,3
controlled/HtoW/scenarios_Home_to_work__adv1_apple0_google0_samsung0_tile0__advtag-4c001219fe__20260130_081201/scenario_tx-2s_rot-15min.csv,4,TAG_TILE,1,3600.0,,94.09704542160034,1,0.0,0.0,0.0,False,False,False,False,3
controlled/HtoW/scenarios_Home_to_work__adv1_apple0_google0_samsung0_tile0__advtag-4c001219fe__20260130_081201/scenario_tx-2s_rot-15min.csv,5,TAG_TILE,1,3600.0,,0.0,1,0.0,0.0,0.0,False,False,False,False,3
controlled/HtoW/scenarios_Home_to_work__adv1_apple0_google0_samsung0_tile0__advtag-4c001219fd__20260130_081144/scenario_tx-2s_rot-10s.csv,1,TAG_APPLE,138,3600.0,,3576.5630083084106,138,2.663276433577474,1.0,1.0,True,True,True,True,3
controlled/HtoW/scenarios_Home_to_work__adv1_apple0_google0_samsung0_tile0__advtag-4c001219fd__20260130_081144/scenario_tx-2s_rot-10s.csv,0,TAG_APPLE,20,3600.0,,3587.152683734894,20,2.095449251581884,1.0,1.0,True,True,True,True,3
controlled/HtoW/scenarios_Home_to_work__adv1_apple0_google0_samsung0_tile0__advtag-4c001219fd__20260130_081144/scenario_tx-2s_rot-10s.csv,2,TAG_APPLE,40,3600.0,,3565.114629507065,40,1.5265161515567982,1.0,1.0,True,True,True,True,3
controlled/HtoW/scenarios_Home_to_work__adv1_apple0_google0_samsung0_tile0__advtag-4c001219fd__20260130_081144/scenario_tx-2s_rot-10s.csv,0,TAG_APPLE,195,7200.0,,3592.575669765473,153,1.9804246549324662,1.0,1.0,True,True,True,True,3
controlled/HtoW/scenarios_Home_to_work__adv1_apple0_google0_samsung0_tile0__advtag-4c001219fd__20260130_081144/scenario_tx-2s_rot-10s.csv,1,TAG_APPLE,43,7200.0,,3595.732531785965,32,1.7599845200853381,0.875,1.0,True,True,True,True,3
controlled/HtoW/scenarios_Home_to_work__adv1_apple0_google0_samsung0_tile0__advtag-4c001219fd__20260130_081144/scenario_tx-2s_rot-10s.csv,2,TAG_APPLE,37,7200.0,,3515.5795516967773,36,1.6386448575826,0.7777777777777778,1.0,True,True,True,True,3
controlled/HtoW/scenarios_Home_to_work__adv1_apple0_google0_samsung0_tile0__advtag-4c001219fd__20260130_081144/scenario_tx-2s_rot-10s.csv,3,TAG_TILE,1,3600.0,,2894.0326144695277,1,0.0,0.0,1.0,True,False,False,False,3
controlled/HtoW/scenarios_Home_to_work__adv1_apple0_google0_samsung0_tile0__advtag-4c001219fd__20260130_081144/scenario_tx-2s_rot-10s.csv,4,TAG_TILE,1,3600.0,,277.4696617126465,1,0.0,0.0,1.0,False,False,False,False,3
controlled/HtoW/scenarios_Home_to_work__adv1_apple0_google0_samsung0_tile0__advtag-4c001219fd__20260130_081144/scenario_tx-2s_rot-10s.csv,5,TAG_TILE,1,3600.0,,577.9147005081177,1,0.0,0.0,1.0,False,False,False,False,3
controlled/HtoW/scenarios_Home_to_work__adv1_apple0_google0_samsung0_tile0__advtag-4c001219fd__20260130_081144/scenario_tx-2s_rot-10s.csv,1,TAG_APPLE,30,3600.0,,771.0463919639587,30,3.268921579977788,0.23333333333333334,0.23333333333333334,False,True,True,False,3
controlled/HtoW/scenarios_Home_to_work__adv1_apple0_google0_samsung0_tile0__advtag-4c001219fd__20260130_081144/scenario_tx-2s_rot-10s.csv,2,TAG_APPLE,36,3600.0,,749.1938815116882,36,2.617835642192453,1.0,1.0,False,True,True,False,3
controlled/HtoW/scenarios_Home_to_work__adv1_apple0_google0_samsung0_tile0__advtag-4c001219fd__20260130_081144/scenario_tx-2s_rot-10s.csv,0,TAG_APPLE,56,3600.0,,740.9495837688446,56,1.9209926737509906,0.32142857142857145,0.32142857142857145,False,True,True,False,3
controlled/HtoW/scenarios_Home_to_work__adv1_apple0_google0_samsung0_tile0__advtag-4c001219fd__20260130_081144/scenario_tx-2s_rot-10s.csv,3,TAG_TILE,2,3600.0,,504.30240750312805,2,0.0,0.0,0.0,False,False,False,False,3
controlled/HtoW/scenarios_Home_to_work__adv1_apple0_google0_samsung0_tile0__advtag-4c001219fd__20260130_081144/scenario_tx-2s_rot-10s.csv,4,TAG_TILE,1,3600.0,,94.09704542160034,1,0.0,0.0,0.0,False,False,False,False,3
controlled/HtoW/scenarios_Home_to_work__adv1_apple0_google0_samsung0_tile0__advtag-4c001219fd__20260130_081144/scenario_tx-2s_rot-10s.csv,5,TAG_TILE,1,3600.0,,0.0,1,0.0,0.0,0.0,False,False,False,False,3
controlled/HtoW/scenarios_Home_to_work__adv1_apple0_google0_samsung0_tile0__advtag-4c001219fd__20260130_081144/scenario_tx-30s_rot-15min.csv,2,TAG_APPLE,4,3600.0,,3592.2188951969147,4,2.7737795945718045,1.0,1.0,True,False,True,True,3
controlled/HtoW/scenarios_Home_to_work__adv1_apple0_google0_samsung0_tile0__advtag-4c001219fd__20260130_081144/scenario_tx-30s_rot-15min.csv,0,TAG_APPLE,20,3600.0,,2120.204355239868,20,1.5722835536412723,0.0,0.0,True,True,True,True,3
controlled/HtoW/scenarios_Home_to_work__adv1_apple0_google0_samsung0_tile0__advtag-4c001219fd__20260130_081144/scenario_tx-30s_rot-15min.csv,1,TAG_APPLE,38,3600.0,,3513.969890356064,38,1.2615629842324583,0.0,0.0,True,True,True,True,3
controlled/HtoW/scenarios_Home_to_work__adv1_apple0_google0_samsung0_tile0__advtag-4c001219fd__20260130_081144/scenario_tx-30s_rot-15min.csv,2,TAG_APPLE,5,7200.0,,3565.5879135131836,5,1.822675206302973,1.0,1.0,True,False,True,True,3
controlled/HtoW/scenarios_Home_to_work__adv1_apple0_google0_samsung0_tile0__advtag-4c001219fd__20260130_081144/scenario_tx-30s_rot-15min.csv,0,TAG_APPLE,95,7200.0,,3593.361763715744,94,1.1716649930950576,0.0,0.02127659574468085,True,True,True,True,3
controlled/HtoW/scenarios_Home_to_work__adv1_apple0_google0_samsung0_tile0__advtag-4c001219fd__20260130_081144/scenario_tx-30s_rot-15min.csv,1,TAG_APPLE,44,7200.0,,3513.5685698986053,33,1.0710878389572547,0.0,0.0,True,True,True,True,3
controlled/HtoW/scenarios_Home_to_work__adv1_apple0_google0_samsung0_tile0__advtag-4c001219fd__20260130_081144/scenario_tx-30s_rot-15min.csv,3,TAG_TILE,1,3600.0,,2894.0326144695277,1,0.0,0.0,0.0,True,False,False,False,3
controlled/HtoW/scenarios_Home_to_work__adv1_apple0_google0_samsung0_tile0__advtag-4c001219fd__20260130_081144/scenario_tx-30s_rot-15min.csv,4,TAG_TILE,1,3600.0,,277.4696617126465,1,0.0,0.0,0.0,False,False,False,False,3
controlled/HtoW/scenarios_Home_to_work__adv1_apple0_google0_samsung0_tile0__advtag-4c001219fd__20260130_081144/scenario_tx-30s_rot-15min.csv,5,TAG_TILE,1,3600.0,,577.9147005081177,1,0.0,0.0,0.0,False,False,False,False,3
controlled/HtoW/scenarios_Home_to_work__adv1_apple0_google0_samsung0_tile0__advtag-4c001219fd__20260130_081144/scenario_tx-30s_rot-15min.csv,1,TAG_APPLE,23,3600.0,,771.0463919639587,23,1.4208938677714067,0.0,0.0,False,True,True,False,3
controlled/HtoW/scenarios_Home_to_work__adv1_apple0_google0_samsung0_tile0__advtag-4c001219fd__20260130_081144/scenario_tx-30s_rot-15min.csv,0,TAG_APPLE,61,3600.0,,672.5952179431915,61,1.1304254451732503,0.0,0.0,False,True,True,False,3
controlled/HtoW/scenarios_Home_to_work__adv1_apple0_google0_samsung0_tile0__advtag-4c001219fd__20260130_081144/scenario_tx-30s_rot-15min.csv,2,TAG_APPLE,2,3600.0,,738.876148223877,2,0.0,1.0,1.0,False,False,False,False,3
controlled/HtoW/scenarios_Home_to_work__adv1_apple0_google0_samsung0_tile0__advtag-4c001219fd__20260130_081144/scenario_tx-30s_rot-15min.csv,3,TAG_TILE,2,3600.0,,504.30240750312805,2,0.0,0.0,0.0,False,False,False,False,3
controlled/HtoW/scenarios_Home_to_work__adv1_apple0_google0_samsung0_tile0__advtag-4c001219fd__20260130_081144/scenario_tx-30s_rot-15min.csv,4,TAG_TILE,1,3600.0,,94.09704542160034,1,0.0,0.0,0.0,False,False,False,False,3
controlled/HtoW/scenarios_Home_to_work__adv1_apple0_google0_samsung0_tile0__advtag-4c001219fd__20260130_081144/scenario_tx-30s_rot-15min.csv,5,TAG_TILE,1,3600.0,,0.0,1,0.0,0.0,0.0,False,False,False,False,3
controlled/HtoW/scenarios_Home_to_work__adv1_apple0_google0_samsung0_tile0__advtag-4c001219fe__20260130_081201/scenario_tx-15s_rot-30s.csv,2,TAG_APPLE,99,3600.0,,3597.0715906620026,99,0.933549910070839,0.8686868686868687,0.8686868686868687,True,True,False,False,3
controlled/HtoW/scenarios_Home_to_work__adv1_apple0_google0_samsung0_tile0__advtag-4c001219fe__20260130_081201/scenario_tx-15s_rot-30s.csv,1,TAG_APPLE,22,3600.0,,3116.0521903038025,22,0.9266485551762774,0.5909090909090909,0.5909090909090909,True,True,False,False,3
controlled/HtoW/scenarios_Home_to_work__adv1_apple0_google0_samsung0_tile0__advtag-4c001219fe__20260130_081201/scenario_tx-15s_rot-30s.csv,0,TAG_APPLE,10,3600.0,,2394.289809703827,10,0.5251235092377324,0.3,0.3,True,False,False,False,3
controlled/HtoW/scenarios_Home_to_work__adv1_apple0_google0_samsung0_tile0__advtag-4c001219fe__20260130_081201/scenario_tx-15s_rot-30s.csv,2,TAG_APPLE,113,7200.0,,3584.7898981571198,107,0.883850536732782,0.7663551401869159,0.7850467289719626,True,True,False,False,3
controlled/HtoW/scenarios_Home_to_work__adv1_apple0_google0_samsung0_tile0__advtag-4c001219fe__20260130_081201/scenario_tx-15s_rot-30s.csv,0,TAG_APPLE,66,7200.0,,3518.664603471756,54,0.7313655708442606,0.48148148148148145,0.6296296296296297,True,True,False,False,3
controlled/HtoW/scenarios_Home_to_work__adv1_apple0_google0_samsung0_tile0__advtag-4c001219fe__20260130_081201/scenario_tx-15s_rot-30s.csv,1,TAG_APPLE,22,7200.0,,3548.620737552643,22,0.46759875346861035,0.5,0.6363636363636364,True,True,False,False,3
controlled/HtoW/scenarios_Home_to_work__adv1_apple0_google0_samsung0_tile0__advtag-4c001219fe__20260130_081201/scenario_tx-15s_rot-30s.csv,3,TAG_TILE,1,3600.0,,2894.0326144695277,1,0.0,0.0,0.0,True,False,False,False,3
controlled/HtoW/scenarios_Home_to_work__adv1_apple0_google0_samsung0_tile0__advtag-4c001219fe__20260130_081201/scenario_tx-15s_rot-30s.csv,4,TAG_TILE,1,3600.0,,277.4696617126465,1,0.0,0.0,1.0,False,False,False,False,3
controlled/HtoW/scenarios_Home_to_work__adv1_apple0_google0_samsung0_tile0__advtag-4c001219fe__20260130_081201/scenario_tx-15s_rot-30s.csv,5,TAG_TILE,1,3600.0,,577.9147005081177,1,0.0,0.0,0.0,False,False,False,False,3
controlled/HtoW/scenarios_Home_to_work__adv1_apple0_google0_samsung0_tile0__advtag-4c001219fe__20260130_081201/scenario_tx-15s_rot-30s.csv,1,TAG_APPLE,23,3600.0,,771.0463919639587,23,1.0333755481557043,0.08695652173913043,0.08695652173913043,False,True,True,False,3
controlled/HtoW/scenarios_Home_to_work__adv1_apple0_google0_samsung0_tile0__advtag-4c001219fe__20260130_081201/scenario_tx-15s_rot-30s.csv,0,TAG_APPLE,58,3600.0,,745.343915939331,58,0.8359171526597569,0.29310344827586204,0.29310344827586204,False,True,False,False,3
controlled/HtoW/scenarios_Home_to_work__adv1_apple0_google0_samsung0_tile0__advtag-4c001219fe__20260130_081201/scenario_tx-15s_rot-30s.csv,2,TAG_APPLE,19,3600.0,,693.0164523124695,19,0.5302884512952242,0.2631578947368421,0.2631578947368421,False,True,False,False,3
controlled/HtoW/scenarios_Home_to_work__adv1_apple0_google0_samsung0_tile0__advtag-4c001219fe__20260130_081201/scenario_tx-15s_rot-30s.csv,3,TAG_TILE,2,3600.0,,504.30240750312805,2,0.0,0.0,0.0,False,False,False,False,3
controlled/HtoW/scenarios_Home_to_work__adv1_apple0_google0_samsung0_tile0__advtag-4c001219fe__20260130_081201/scenario_tx-15s_rot-30s.csv,4,TAG_TILE,1,3600.0,,94.09704542160034,1,0.0,0.0,0.0,False,False,False,False,3
controlled/HtoW/scenarios_Home_to_work__adv1_apple0_google0_samsung0_tile0__advtag-4c001219fe__20260130_081201/scenario_tx-15s_rot-30s.csv,5,TAG_TILE,1,3600.0,,0.0,1,0.0,0.0,0.0,False,False,False,False,3
controlled/HtoW/scenarios_Home_to_work__adv1_apple0_google0_samsung0_tile0__advtag-4c001219fe__20260130_081201/scenario_tx-10s_rot-10s.csv,0,TAG_APPLE,143,3600.0,,3581.569221019745,143,0.8727544998035862,1.0,1.0,True,True,False,False,3
controlled/HtoW/scenarios_Home_to_work__adv1_apple0_google0_samsung0_tile0__advtag-4c001219fe__20260130_081201/scenario_tx-10s_rot-10s.csv,1,TAG_APPLE,21,3600.0,,3599.8917768001556,21,0.8550365243862033,1.0,1.0,True,True,False,False,3
controlled/HtoW/scenarios_Home_to_work__adv1_apple0_google0_samsung0_tile0__advtag-4c001219fe__20260130_081201/scenario_tx-10s_rot-10s.csv,2,TAG_APPLE,34,3600.0,,3126.7443804740906,34,0.8025833004597479,1.0,1.0,True,True,False,False,3
controlled/HtoW/scenarios_Home_to_work__adv1_apple0_google0_samsung0_tile0__advtag-4c001219fe__20260130_081201/scenario_tx-10s_rot-10s.csv,1,TAG_APPLE,45,7200.0,,3534.8255343437195,34,0.7982459697847579,0.8823529411764706,1.0,True,True,False,False,3
controlled/HtoW/scenarios_Home_to_work__adv1_apple0_google0_samsung0_tile0__advtag-4c001219fe__20260130_081201/scenario_tx-10s_rot-10s.csv,0,TAG_APPLE,178,7200.0,,3593.361763715744,153,0.7903656044293497,1.0,1.0,True,True,False,False,3
controlled/HtoW/scenarios_Home_to_work__adv1_apple0_google0_samsung0_tile0__advtag-4c001219fe__20260130_081201/scenario_tx-10s_rot-10s.csv,2,TAG_APPLE,43,7200.0,,3548.620737552643,40,0.6727347237105973,0.975,1.0,True,True,False,False,3
controlled/HtoW/scenarios_Home_to_work__adv1_apple0_google0_samsung0_tile0__advtag-4c001219fe__20260130_081201/scenario_tx-10s_rot-10s.csv,3,TAG_TILE,1,3600.0,,2894.0326144695277,1,0.0,0.0,1.0,True,False,False,False,3
controlled/HtoW/scenarios_Home_to_work__adv1_apple0_google0_samsung0_tile0__advtag-4c001219fe__20260130_081201/scenario_tx-10s_rot-10s.csv,4,TAG_TILE,1,3600.0,,277.4696617126465,1,0.0,0.0,1.0,False,False,False,False,3
controlled/HtoW/scenarios_Home_to_work__adv1_apple0_google0_samsung0_tile0__advtag-4c001219fe__20260130_081201/scenario_tx-10s_rot-10s.csv,5,TAG_TILE,1,3600.0,,577.9147005081177,1,0.0,0.0,1.0,False,False,False,False,3
controlled/HtoW/scenarios_Home_to_work__adv1_apple0_google0_samsung0_tile0__advtag-4c001219fe__20260130_081201/scenario_tx-10s_rot-10s.csv,1,TAG_APPLE,23,3600.0,,771.0463919639587,23,1.201917615667965,0.21739130434782608,0.21739130434782608,False,True,True,False,3
controlled/HtoW/scenarios_Home_to_work__adv1_apple0_google0_samsung0_tile0__advtag-4c001219fe__20260130_081201/scenario_tx-10s_rot-10s.csv,0,TAG_APPLE,88,3600.0,,773.8081922531128,88,0.7439403728584546,0.48863636363636365,0.48863636363636365,False,True,False,False,3
controlled/HtoW/scenarios_Home_to_work__adv1_apple0_google0_samsung0_tile0__advtag-4c001219fe__20260130_081201/scenario_tx-10s_rot-10s.csv,2,TAG_APPLE,9,3600.0,,666.9866240024567,9,0.7367835036572876,0.5555555555555556,0.5555555555555556,False,False,False,False,3
controlled/HtoW/scenarios_Home_to_work__adv1_apple0_google0_samsung0_tile0__advtag-4c001219fe__20260130_081201/scenario_tx-10s_rot-10s.csv,3,TAG_TILE,2,3600.0,,504.30240750312805,2,0.0,0.0,0.0,False,False,False,False,3
controlled/HtoW/scenarios_Home_to_work__adv1_apple0_google0_samsung0_tile0__advtag-4c001219fe__20260130_081201/scenario_tx-10s_rot-10s.csv,4,TAG_TILE,1,3600.0,,94.09704542160034,1,0.0,0.0,0.0,False,False,False,False,3
controlled/HtoW/scenarios_Home_to_work__adv1_apple0_google0_samsung0_tile0__advtag-4c001219fe__20260130_081201/scenario_tx-10s_rot-10s.csv,5,TAG_TILE,1,3600.0,,0.0,1,0.0,0.0,1.0,False,False,False,False,3
controlled/HtoW/scenarios_Home_to_work__adv1_apple0_google0_samsung0_tile0__advtag-4c001219fe__20260130_081201/scenario_tx-2s_rot-5min.csv,1,TAG_APPLE,30,3600.0,,3599.8917768001556,30,0.820913840830512,0.3333333333333333,0.3333333333333333,True,True,False,False,3
controlled/HtoW/scenarios_Home_to_work__adv1_apple0_google0_samsung0_tile0__advtag-4c001219fe__20260130_081201/scenario_tx-2s_rot-5min.csv,0,TAG_APPLE,29,3600.0,,3513.969890356064,29,0.7295241338905932,0.034482758620689655,0.034482758620689655,True,True,False,False,3
controlled/HtoW/scenarios_Home_to_work__adv1_apple0_google0_samsung0_tile0__advtag-4c001219fe__20260130_081201/scenario_tx-2s_rot-5min.csv,2,TAG_APPLE,7,3600.0,,3062.508399963379,7,0.613214874617138,0.0,0.0,True,False,False,False,3
controlled/HtoW/scenarios_Home_to_work__adv1_apple0_google0_samsung0_tile0__advtag-4c001219fe__20260130_081201/scenario_tx-2s_rot-5min.csv,2,TAG_APPLE,51,7200.0,,3484.448180913925,51,0.7397859909507911,0.0,0.0196078431372549,True,True,False,False,3
controlled/HtoW/scenarios_Home_to_work__adv1_apple0_google0_samsung0_tile0__advtag-4c001219fe__20260130_081201/scenario_tx-2s_rot-5min.csv,0,TAG_APPLE,65,7200.0,,3557.743947982788,53,0.7100527580263124,0.22641509433962265,0.22641509433962265,True,True,False,False,3
controlled/HtoW/scenarios_Home_to_work__adv1_apple0_google0_samsung0_tile0__advtag-4c001219fe__20260130_081201/scenario_tx-2s_rot-5min.csv,1,TAG_APPLE,33,7200.0,,3593.361763715744,33,0.5948454439698286,0.0,0.0,True,True,False,False,3
controlled/HtoW/scenarios_Home_to_work__adv1_apple0_google0_samsung0_tile0__advtag-4c001219fe__20260130_081201/scenario_tx-2s_rot-5min.csv,3,TAG_TILE,1,3600.0,,2894.0326144695277,1,0.0,0.0,0.0,True,False,False,False,3
controlled/HtoW/scenarios_Home_to_work__adv1_apple0_google0_samsung0_tile0__advtag-4c001219fe__20260130_081201/scenario_tx-2s_rot-5min.csv,4,TAG_TILE,1,3600.0,,277.4696617126465,1,0.0,0.0,0.0,False,False,False,False,3
controlled/HtoW/scenarios_Home_to_work__adv1_apple0_google0_samsung0_tile0__advtag-4c001219fe__20260130_081201/scenario_tx-2s_rot-5min.csv,5,TAG_TILE,1,3600.0,,577.9147005081177,1,0.0,0.0,0.0,False,False,False,False,3
controlled/HtoW/scenarios_Home_to_work__adv1_apple0_google0_samsung0_tile0__advtag-4c001219fe__20260130_081201/scenario_tx-2s_rot-5min.csv,0,TAG_APPLE,35,3600.0,,775.8454170227051,35,0.9399167137323732,0.08571428571428572,0.08571428571428572,False,True,False,False,3
controlled/HtoW/scenarios_Home_to_work__adv1_apple0_google0_samsung0_tile0__advtag-4c001219fe__20260130_081201/scenario_tx-2s_rot-5min.csv,1,TAG_APPLE,44,3600.0,,636.8608703613281,44,0.8344312742157844,0.0,0.0,False,True,False,False,3
controlled/HtoW/scenarios_Home_to_work__adv1_apple0_google0_samsung0_tile0__advtag-4c001219fe__20260130_081201/scenario_tx-2s_rot-5min.csv,2,TAG_APPLE,9,3600.0,,382.5024645328522,9,0.5157936601411536,0.0,0.0,False,False,False,False,3
controlled/HtoW/scenarios_Home_to_work__adv1_apple0_google0_samsung0_tile0__advtag-4c001219fe__20260130_081201/scenario_tx-2s_rot-5min.csv,3,TAG_TILE,2,3600.0,,504.30240750312805,2,0.0,0.0,0.0,False,False,False,False,3
controlled/HtoW/scenarios_Home_to_work__adv1_apple0_google0_samsung0_tile0__advtag-4c001219fe__20260130_081201/scenario_tx-2s_rot-5min.csv,4,TAG_TILE,1,3600.0,,94.09704542160034,1,0.0,0.0,0.0,False,False,False,False,3
controlled/HtoW/scenarios_Home_to_work__adv1_apple0_google0_samsung0_tile0__advtag-4c001219fe__20260130_081201/scenario_tx-2s_rot-5min.csv,5,TAG_TILE,1,3600.0,,0.0,1,0.0,0.0,0.0,False,False,False,False,3
controlled/HtoW/scenarios_Home_to_work__adv1_apple0_google0_samsung0_tile0__advtag-4c001219fd__20260130_081144/scenario_tx-2s_rot-2s.csv,2,TAG_APPLE,135,3600.0,,3598.2555553913116,135,2.4432723283297717,1.0,1.0,True,True,True,True,3
controlled/HtoW/scenarios_Home_to_work__adv1_apple0_google0_samsung0_tile0__advtag-4c001219fd__20260130_081144/scenario_tx-2s_rot-2s.csv,1,TAG_APPLE,43,3600.0,,3565.114629507065,43,1.953427951820259,1.0,1.0,True,True,True,True,3
controlled/HtoW/scenarios_Home_to_work__adv1_apple0_google0_samsung0_tile0__advtag-4c001219fd__20260130_081144/scenario_tx-2s_rot-2s.csv,0,TAG_APPLE,20,3600.0,,3597.7707715034485,20,1.8025374948792725,1.0,1.0,True,True,True,True,3
controlled/HtoW/scenarios_Home_to_work__adv1_apple0_google0_samsung0_tile0__advtag-4c001219fd__20260130_081144/scenario_tx-2s_rot-2s.csv,0,TAG_APPLE,54,7200.0,,3518.664603471756,42,2.040727266276946,0.9523809523809523,1.0,True,True,True,True,3
controlled/HtoW/scenarios_Home_to_work__adv1_apple0_google0_samsung0_tile0__advtag-4c001219fd__20260130_081144/scenario_tx-2s_rot-2s.csv,2,TAG_APPLE,189,7200.0,,3585.7611539363866,143,2.028668367188237,1.0,1.0,True,True,True,True,3
controlled/HtoW/scenarios_Home_to_work__adv1_apple0_google0_samsung0_tile0__advtag-4c001219fd__20260130_081144/scenario_tx-2s_rot-2s.csv,1,TAG_APPLE,86,7200.0,,3593.361763715744,85,1.9922185376799928,0.9176470588235294,1.0,True,True,True,True,3
controlled/HtoW/scenarios_Home_to_work__adv1_apple0_google0_samsung0_tile0__advtag-4c001219fd__20260130_081144/scenario_tx-2s_rot-2s.csv,3,TAG_TILE,1,3600.0,,2894.0326144695277,1,0.0,0.0,1.0,True,False,False,False,3
controlled/HtoW/scenarios_Home_to_work__adv1_apple0_google0_samsung0_tile0__advtag-4c001219fd__20260130_081144/scenario_tx-2s_rot-2s.csv,4,TAG_TILE,1,3600.0,,277.4696617126465,1,0.0,0.0,1.0,False,False,False,False,3
controlled/HtoW/scenarios_Home_to_work__adv1_apple0_google0_samsung0_tile0__advtag-4c001219fd__20260130_081144/scenario_tx-2s_rot-2s.csv,5,TAG_TILE,1,3600.0,,577.9147005081177,1,0.0,0.0,1.0,False,False,False,False,3
controlled/HtoW/scenarios_Home_to_work__adv1_apple0_google0_samsung0_tile0__advtag-4c001219fd__20260130_081144/scenario_tx-2s_rot-2s.csv,2,TAG_APPLE,21,3600.0,,771.0463919639587,21,3.4131155089543257,0.47619047619047616,0.47619047619047616,False,True,True,False,6
controlled/HtoW/scenarios_Home_to_work__adv1_apple0_google0_samsung0_tile0__advtag-4c001219fd__20260130_081144/scenario_tx-2s_rot-2s.csv,4,TAG_APPLE,22,3600.0,,382.5024645328522,22,2.55854025400808,0.0,0.0,False,True,True,False,6
controlled/HtoW/scenarios_Home_to_work__adv1_apple0_google0_samsung0_tile0__advtag-4c001219fd__20260130_081144/scenario_tx-2s_rot-2s.csv,0,TAG_APPLE,62,3600.0,,738.876148223877,62,2.551054200533643,1.0,1.0,False,True,True,False,6
controlled/HtoW/scenarios_Home_to_work__adv1_apple0_google0_samsung0_tile0__advtag-4c001219fd__20260130_081144/scenario_tx-2s_rot-2s.csv,3,TAG_APPLE,27,3600.0,,740.9495837688446,27,2.4776752859394024,1.0,1.0,False,True,True,False,6
controlled/HtoW/scenarios_Home_to_work__adv1_apple0_google0_samsung0_tile0__advtag-4c001219fd__20260130_081144/scenario_tx-2s_rot-2s.csv,1,TAG_APPLE,13,3600.0,,665.9542467594147,13,1.9223127242076035,0.5384615384615384,0.5384615384615384,False,False,True,False,6
controlled/HtoW/scenarios_Home_to_work__adv1_apple0_google0_samsung0_tile0__advtag-4c001219fd__20260130_081144/scenario_tx-2s_rot-2s.csv,5,TAG_APPLE,2,3600.0,,619.6989042758942,2,0.0,1.0,1.0,False,False,False,False,6
controlled/HtoW/scenarios_Home_to_work__adv1_apple0_google0_samsung0_tile0__advtag-4c001219fd__20260130_081144/scenario_tx-2s_rot-2s.csv,6,TAG_TILE,2,3600.0,,504.30240750312805,2,0.0,0.0,1.0,False,False,False,False,3
controlled/HtoW/scenarios_Home_to_work__adv1_apple0_google0_samsung0_tile0__advtag-4c001219fd__20260130_081144/scenario_tx-2s_rot-2s.csv,7,TAG_TILE,1,3600.0,,94.09704542160034,1,0.0,0.0,0.0,False,False,False,False,3
controlled/HtoW/scenarios_Home_to_work__adv1_apple0_google0_samsung0_tile0__advtag-4c001219fd__20260130_081144/scenario_tx-2s_rot-2s.csv,8,TAG_TILE,1,3600.0,,0.0,1,0.0,0.0,1.0,False,False,False,False,3
controlled/HtoW/scenarios_Home_to_work__adv1_apple0_google0_samsung0_tile0__advtag-4c001219fe__20260130_081201/scenario_tx-2s_rot-1min.csv,2,TAG_APPLE,44,3600.0,,3597.873391151428,44,2.0419728520641964,1.0,1.0,True,True,True,True,7
controlled/HtoW/scenarios_Home_to_work__adv1_apple0_google0_samsung0_tile0__advtag-4c001219fe__20260130_081201/scenario_tx-2s_rot-1min.csv,0,TAG_APPLE,13,3600.0,,2569.6974737644196,13,0.9968668277106075,0.07692307692307693,0.07692307692307693,True,False,False,False,7
controlled/HtoW/scenarios_Home_to_work__adv1_apple0_google0_samsung0_tile0__advtag-4c001219fe__20260130_081201/scenario_tx-2s_rot-1min.csv,4,TAG_APPLE,9,3600.0,,2337.3660621643066,9,0.8002990426766426,0.3333333333333333,0.3333333333333333,True,False,False,False,7
controlled/HtoW/scenarios_Home_to_work__adv1_apple0_google0_samsung0_tile0__advtag-4c001219fe__20260130_081201/scenario_tx-2s_rot-1min.csv,1,TAG_APPLE,14,3600.0,,3160.202554702759,14,0.7680671767082445,0.2857142857142857,0.2857142857142857,True,False,False,False,7
controlled/HtoW/scenarios_Home_to_work__adv1_apple0_google0_samsung0_tile0__advtag-4c001219fe__20260130_081201/scenario_tx-2s_rot-1min.csv,5,TAG_APPLE,8,3600.0,,2427.7735390663147,8,0.7561573913242619,0.0,0.0,True,False,False,False,7
controlled/HtoW/scenarios_Home_to_work__adv1_apple0_google0_samsung0_tile0__advtag-4c001219fe__20260130_081201/scenario_tx-2s_rot-1min.csv,6,TAG_APPLE,7,3600.0,,3441.321294784546,7,0.7346841441424296,0.0,0.0,True,False,False,False,7
controlled/HtoW/scenarios_Home_to_work__adv1_apple0_google0_samsung0_tile0__advtag-4c001219fe__20260130_081201/scenario_tx-2s_rot-1min.csv,3,TAG_APPLE,3,3600.0,,2392.474401950836,3,0.2232182153059871,0.0,0.0,True,False,False,False,7
controlled/HtoW/scenarios_Home_to_work__adv1_apple0_google0_samsung0_tile0__advtag-4c001219fe__20260130_081201/scenario_tx-2s_rot-1min.csv,2,TAG_APPLE,79,7200.0,,3596.4468154907227,76,1.7241793408611497,0.7105263157894737,0.7236842105263158,True,True,True,True,6
controlled/HtoW/scenarios_Home_to_work__adv1_apple0_google0_samsung0_tile0__advtag-4c001219fe__20260130_081201/scenario_tx-2s_rot-1min.csv,1,TAG_APPLE,15,7200.0,,3532.2678604125977,12,0.9354086374120754,0.4166666666666667,0.4166666666666667,True,False,False,False,6
controlled/HtoW/scenarios_Home_to_work__adv1_apple0_google0_samsung0_tile0__advtag-4c001219fe__20260130_081201/scenario_tx-2s_rot-1min.csv,3,TAG_APPLE,12,7200.0,,3548.620737552643,12,0.9069848166044912,0.0,0.25,True,False,False,False,6
controlled/HtoW/scenarios_Home_to_work__adv1_apple0_google0_samsung0_tile0__advtag-4c001219fe__20260130_081201/scenario_tx-2s_rot-1min.csv,4,TAG_APPLE,18,7200.0,,3555.1981391906743,16,0.8869122922934486,0.0625,0.125,True,True,False,False,6
controlled/HtoW/scenarios_Home_to_work__adv1_apple0_google0_samsung0_tile0__advtag-4c001219fe__20260130_081201/scenario_tx-2s_rot-1min.csv,5,TAG_APPLE,11,7200.0,,3116.6813621520996,11,0.8067675509836518,0.0,0.0,True,False,False,False,6
controlled/HtoW/scenarios_Home_to_work__adv1_apple0_google0_samsung0_tile0__advtag-4c001219fe__20260130_081201/scenario_tx-2s_rot-1min.csv,0,TAG_APPLE,38,7200.0,,3481.3619050979614,38,0.6799843701461652,0.0,0.13157894736842105,True,True,False,False,6
controlled/HtoW/scenarios_Home_to_work__adv1_apple0_google0_samsung0_tile0__advtag-4c001219fe__20260130_081201/scenario_tx-2s_rot-1min.csv,6,TAG_TILE,1,3600.0,,2894.0326144695277,1,0.0,0.0,0.0,True,False,False,False,3
controlled/HtoW/scenarios_Home_to_work__adv1_apple0_google0_samsung0_tile0__advtag-4c001219fe__20260130_081201/scenario_tx-2s_rot-1min.csv,7,TAG_TILE,1,3600.0,,277.4696617126465,1,0.0,0.0,0.0,False,False,False,False,3
controlled/HtoW/scenarios_Home_to_work__adv1_apple0_google0_samsung0_tile0__advtag-4c001219fe__20260130_081201/scenario_tx-2s_rot-1min.csv,8,TAG_TILE,1,3600.0,,577.9147005081177,1,0.0,0.0,0.0,False,False,False,False,3
controlled/HtoW/scenarios_Home_to_work__adv1_apple0_google0_samsung0_tile0__advtag-4c001219fe__20260130_081201/scenario_tx-2s_rot-1min.csv,0,TAG_APPLE,39,3600.0,,775.8454170227051,39,0.826125113739906,0.3076923076923077,0.3076923076923077,False,True,False,False,3
controlled/HtoW/scenarios_Home_to_work__adv1_apple0_google0_samsung0_tile0__advtag-4c001219fe__20260130_081201/scenario_tx-2s_rot-1min.csv,1,TAG_APPLE,43,3600.0,,636.8608703613281,43,0.7800345459832886,0.023255813953488372,0.023255813953488372,False,True,False,False,3
controlled/HtoW/scenarios_Home_to_work__adv1_apple0_google0_samsung0_tile0__advtag-4c001219fe__20260130_081201/scenario_tx-2s_rot-1min.csv,2,TAG_APPLE,11,3600.0,,382.5024645328522,11,0.6391243383335901,0.0,0.0,False,False,False,False,3
controlled/HtoW/scenarios_Home_to_work__adv1_apple0_google0_samsung0_tile0__advtag-4c001219fe__20260130_081201/scenario_tx-2s_rot-1min.csv,3,TAG_TILE,2,3600.0,,504.30240750312805,2,0.0,0.0,0.0,False,False,False,False,3
controlled/HtoW/scenarios_Home_to_work__adv1_apple0_google0_samsung0_tile0__advtag-4c001219fe__20260130_081201/scenario_tx-2s_rot-1min.csv,4,TAG_TILE,1,3600.0,,94.09704542160034,1,0.0,0.0,0.0,False,False,False,False,3
controlled/HtoW/scenarios_Home_to_work__adv1_apple0_google0_samsung0_tile0__advtag-4c001219fe__20260130_081201/scenario_tx-2s_rot-1min.csv,5,TAG_TILE,1,3600.0,,0.0,1,0.0,0.0,0.0,False,False,False,False,3
controlled/HtoW/scenarios_Home_to_work__adv1_apple0_google0_samsung0_tile0__advtag-4c001219fe__20260130_081201/scenario_tx-2s_rot-2s.csv,2,TAG_APPLE,61,3600.0,,3591.737289428711,61,1.186793033684283,1.0,1.0,True,True,True,True,4
controlled/HtoW/scenarios_Home_to_work__adv1_apple0_google0_samsung0_tile0__advtag-4c001219fe__20260130_081201/scenario_tx-2s_rot-2s.csv,1,TAG_APPLE,97,3600.0,,3597.873391151428,97,0.9375296834921703,1.0,1.0,True,True,False,False,4
controlled/HtoW/scenarios_Home_to_work__adv1_apple0_google0_samsung0_tile0__advtag-4c001219fe__20260130_081201/scenario_tx-2s_rot-2s.csv,3,TAG_APPLE,19,3600.0,,3558.209623813629,19,0.8064564876927688,1.0,1.0,True,True,False,False,4
controlled/HtoW/scenarios_Home_to_work__adv1_apple0_google0_samsung0_tile0__advtag-4c001219fe__20260130_081201/scenario_tx-2s_rot-2s.csv,0,TAG_APPLE,21,3600.0,,3597.7732303142548,21,0.5896851332315607,1.0,1.0,True,True,False,False,4
controlled/HtoW/scenarios_Home_to_work__adv1_apple0_google0_samsung0_tile0__advtag-4c001219fe__20260130_081201/scenario_tx-2s_rot-2s.csv,2,TAG_APPLE,44,7200.0,,3515.2657854557037,42,0.8730556706055299,0.9761904761904762,1.0,True,True,False,False,3
controlled/HtoW/scenarios_Home_to_work__adv1_apple0_google0_samsung0_tile0__advtag-4c001219fe__20260130_081201/scenario_tx-2s_rot-2s.csv,1,TAG_APPLE,231,7200.0,,3593.8938233852386,167,0.7421402292319244,1.0,1.0,True,True,False,False,3
controlled/HtoW/scenarios_Home_to_work__adv1_apple0_google0_samsung0_tile0__advtag-4c001219fe__20260130_081201/scenario_tx-2s_rot-2s.csv,0,TAG_APPLE,67,7200.0,,3591.5428364276886,54,0.6641396095730954,0.9814814814814815,1.0,True,True,False,False,3
controlled/HtoW/scenarios_Home_to_work__adv1_apple0_google0_samsung0_tile0__advtag-4c001219fe__20260130_081201/scenario_tx-2s_rot-2s.csv,3,TAG_TILE,1,3600.0,,2894.0326144695277,1,0.0,0.0,1.0,True,False,False,False,3
controlled/HtoW/scenarios_Home_to_work__adv1_apple0_google0_samsung0_tile0__advtag-4c001219fe__20260130_081201/scenario_tx-2s_rot-2s.csv,4,TAG_TILE,1,3600.0,,277.4696617126465,1,0.0,0.0,1.0,False,False,False,False,3
controlled/HtoW/scenarios_Home_to_work__adv1_apple0_google0_samsung0_tile0__advtag-4c001219fe__20260130_081201/scenario_tx-2s_rot-2s.csv,5,TAG_TILE,1,3600.0,,577.9147005081177,1,0.0,0.0,1.0,False,False,False,False,3
controlled/HtoW/scenarios_Home_to_work__adv1_apple0_google0_samsung0_tile0__advtag-4c001219fe__20260130_081201/scenario_tx-2s_rot-2s.csv,1,TAG_APPLE,29,3600.0,,775.8454170227051,29,1.184515443913439,0.6206896551724138,0.6206896551724138,False,True,True,False,3
controlled/HtoW/scenarios_Home_to_work__adv1_apple0_google0_samsung0_tile0__advtag-4c001219fe__20260130_081201/scenario_tx-2s_rot-2s.csv,0,TAG_APPLE,106,3600.0,,769.5227551460266,106,0.8987092857191047,0.8773584905660378,0.8773584905660378,False,True,False,False,3
controlled/HtoW/scenarios_Home_to_work__adv1_apple0_google0_samsung0_tile0__advtag-4c001219fe__20260130_081201/scenario_tx-2s_rot-2s.csv,2,TAG_APPLE,26,3600.0,,769.7354092597961,26,0.6249497515625829,0.8846153846153846,0.8846153846153846,False,True,False,False,3
controlled/HtoW/scenarios_Home_to_work__adv1_apple0_google0_samsung0_tile0__advtag-4c001219fe__20260130_081201/scenario_tx-2s_rot-2s.csv,3,TAG_TILE,2,3600.0,,504.30240750312805,2,0.0,0.0,1.0,False,False,False,False,3
controlled/HtoW/scenarios_Home_to_work__adv1_apple0_google0_samsung0_tile0__advtag-4c001219fe__20260130_081201/scenario_tx-2s_rot-2s.csv,4,TAG_TILE,1,3600.0,,94.09704542160034,1,0.0,0.0,1.0,False,False,False,False,3
controlled/HtoW/scenarios_Home_to_work__adv1_apple0_google0_samsung0_tile0__advtag-4c001219fe__20260130_081201/scenario_tx-2s_rot-2s.csv,5,TAG_TILE,1,3600.0,,0.0,1,0.0,0.0,1.0,False,False,False,False,3
controlled/HtoW/scenarios_Home_to_work__adv1_apple0_google0_samsung0_tile0__advtag-4c001219fe__20260130_081201/scenario_tx-2s_rot-30s.csv,0,TAG_APPLE,104,3600.0,,3535.8893241882324,104,1.1717643740800054,0.8557692307692307,0.8557692307692307,True,True,True,True,3
controlled/HtoW/scenarios_Home_to_work__adv1_apple0_google0_samsung0_tile0__advtag-4c001219fe__20260130_081201/scenario_tx-2s_rot-30s.csv,1,TAG_APPLE,21,3600.0,,3599.8917768001556,21,0.6928247380501522,0.5714285714285714,0.5714285714285714,True,True,False,False,3
controlled/HtoW/scenarios_Home_to_work__adv1_apple0_google0_samsung0_tile0__advtag-4c001219fe__20260130_081201/scenario_tx-2s_rot-30s.csv,2,TAG_APPLE,9,3600.0,,2394.289809703827,9,0.4835423179955042,0.1111111111111111,0.1111111111111111,True,False,False,False,3
controlled/HtoW/scenarios_Home_to_work__adv1_apple0_google0_samsung0_tile0__advtag-4c001219fe__20260130_081201/scenario_tx-2s_rot-30s.csv,0,TAG_APPLE,140,7200.0,,3596.4468154907227,129,1.0794159184791436,0.8527131782945736,0.8527131782945736,True,True,True,True,3
controlled/HtoW/scenarios_Home_to_work__adv1_apple0_google0_samsung0_tile0__advtag-4c001219fe__20260130_081201/scenario_tx-2s_rot-30s.csv,1,TAG_APPLE,34,7200.0,,3508.720175981522,26,0.5784962230671323,0.34615384615384615,0.46153846153846156,True,True,False,False,3
controlled/HtoW/scenarios_Home_to_work__adv1_apple0_google0_samsung0_tile0__advtag-4c001219fe__20260130_081201/scenario_tx-2s_rot-30s.csv,2,TAG_APPLE,30,7200.0,,3549.0402314662933,30,0.4481146219546007,0.0,0.3333333333333333,True,True,False,False,3
controlled/HtoW/scenarios_Home_to_work__adv1_apple0_google0_samsung0_tile0__advtag-4c001219fe__20260130_081201/scenario_tx-2s_rot-30s.csv,3,TAG_TILE,1,3600.0,,2894.0326144695277,1,0.0,0.0,0.0,True,False,False,False,3
controlled/HtoW/scenarios_Home_to_work__adv1_apple0_google0_samsung0_tile0__advtag-4c001219fe__20260130_081201/scenario_tx-2s_rot-30s.csv,4,TAG_TILE,1,3600.0,,277.4696617126465,1,0.0,0.0,1.0,False,False,False,False,3
controlled/HtoW/scenarios_Home_to_work__adv1_apple0_google0_samsung0_tile0__advtag-4c001219fe__20260130_081201/scenario_tx-2s_rot-30s.csv,5,TAG_TILE,1,3600.0,,577.9147005081177,1,0.0,0.0,0.0,False,False,False,False,3
controlled/HtoW/scenarios_Home_to_work__adv1_apple0_google0_samsung0_tile0__advtag-4c001219fe__20260130_081201/scenario_tx-2s_rot-30s.csv,2,TAG_APPLE,26,3600.0,,775.8011305332184,26,1.1480206568428966,0.7307692307692307,0.7307692307692307,False,True,True,False,5
controlled/HtoW/scenarios_Home_to_work__adv1_apple0_google0_samsung0_tile0__advtag-4c001219fe__20260130_081201/scenario_tx-2s_rot-30s.csv,3,TAG_APPLE,23,3600.0,,771.0463919639587,23,1.031389314300461,0.08695652173913043,0.08695652173913043,False,True,True,False,5
controlled/HtoW/scenarios_Home_to_work__adv1_apple0_google0_samsung0_tile0__advtag-4c001219fe__20260130_081201/scenario_tx-2s_rot-30s.csv,1,TAG_APPLE,39,3600.0,,636.8608703613281,39,0.8549598326581138,0.07692307692307693,0.07692307692307693,False,True,False,False,5
controlled/HtoW/scenarios_Home_to_work__adv1_apple0_google0_samsung0_tile0__advtag-4c001219fe__20260130_081201/scenario_tx-2s_rot-30s.csv,0,TAG_APPLE,11,3600.0,,382.5024645328522,11,0.648702338593554,0.0,0.0,False,False,False,False,5
controlled/HtoW/scenarios_Home_to_work__adv1_apple0_google0_samsung0_tile0__advtag-4c001219fe__20260130_081201/scenario_tx-2s_rot-30s.csv,4,TAG_APPLE,2,3600.0,,685.1906034946442,2,0.0,0.5,0.5,False,False,False,False,5
controlled/HtoW/scenarios_Home_to_work__adv1_apple0_google0_samsung0_tile0__advtag-4c001219fe__20260130_081201/scenario_tx-2s_rot-30s.csv,5,TAG_TILE,2,3600.0,,504.30240750312805,2,0.0,0.0,0.0,False,False,False,False,3
controlled/HtoW/scenarios_Home_to_work__adv1_apple0_google0_samsung0_tile0__advtag-4c001219fe__20260130_081201/scenario_tx-2s_rot-30s.csv,6,TAG_TILE,1,3600.0,,94.09704542160034,1,0.0,0.0,1.0,False,False,False,False,3
controlled/HtoW/scenarios_Home_to_work__adv1_apple0_google0_samsung0_tile0__advtag-4c001219fe__20260130_081201/scenario_tx-2s_rot-30s.csv,7,TAG_TILE,1,3600.0,,0.0,1,0.0,0.0,0.0,False,False,False,False,3
controlled/HtoW/scenarios_Home_to_work__adv1_apple0_google0_samsung0_tile0__advtag-4c001219fe__20260130_081201/scenario_tx-2s_rot-10s.csv,0,TAG_APPLE,164,3600.0,,3597.873391151428,164,0.968503137032119,1.0,1.0,True,True,False,False,3
controlled/HtoW/scenarios_Home_to_work__adv1_apple0_google0_samsung0_tile0__advtag-4c001219fe__20260130_081201/scenario_tx-2s_rot-10s.csv,1,TAG_APPLE,21,3600.0,,3584.389407157898,21,0.6349859552586372,1.0,1.0,True,True,False,False,3
controlled/HtoW/scenarios_Home_to_work__adv1_apple0_google0_samsung0_tile0__advtag-4c001219fe__20260130_081201/scenario_tx-2s_rot-10s.csv,2,TAG_APPLE,13,3600.0,,1654.0526208877563,13,0.6327554340376165,1.0,1.0,False,False,False,False,3
controlled/HtoW/scenarios_Home_to_work__adv1_apple0_google0_samsung0_tile0__advtag-4c001219fe__20260130_081201/scenario_tx-2s_rot-10s.csv,0,TAG_APPLE,41,7200.0,,3545.9539556503296,39,0.9315878333947506,0.8717948717948718,1.0,True,True,False,False,3
controlled/HtoW/scenarios_Home_to_work__adv1_apple0_google0_samsung0_tile0__advtag-4c001219fe__20260130_081201/scenario_tx-2s_rot-10s.csv,2,TAG_APPLE,191,7200.0,,3593.8938233852386,145,0.7270771617393649,1.0,1.0,True,True,False,False,3
controlled/HtoW/scenarios_Home_to_work__adv1_apple0_google0_samsung0_tile0__advtag-4c001219fe__20260130_081201/scenario_tx-2s_rot-10s.csv,1,TAG_APPLE,45,7200.0,,3514.928233385086,34,0.6249318497058086,0.8823529411764706,1.0,True,True,False,False,3
controlled/HtoW/scenarios_Home_to_work__adv1_apple0_google0_samsung0_tile0__advtag-4c001219fe__20260130_081201/scenario_tx-2s_rot-10s.csv,3,TAG_TILE,1,3600.0,,2894.0326144695277,1,0.0,0.0,1.0,True,False,False,False,3
controlled/HtoW/scenarios_Home_to_work__adv1_apple0_google0_samsung0_tile0__advtag-4c001219fe__20260130_081201/scenario_tx-2s_rot-10s.csv,4,TAG_TILE,1,3600.0,,277.4696617126465,1,0.0,0.0,1.0,False,False,False,False,3
controlled/HtoW/scenarios_Home_to_work__adv1_apple0_google0_samsung0_tile0__advtag-4c001219fe__20260130_081201/scenario_tx-2s_rot-10s.csv,5,TAG_TILE,1,3600.0,,577.9147005081177,1,0.0,0.0,1.0,False,False,False,False,3
controlled/HtoW/scenarios_Home_to_work__adv1_apple0_google0_samsung0_tile0__advtag-4c001219fe__20260130_081201/scenario_tx-2s_rot-10s.csv,1,TAG_APPLE,28,3600.0,,771.0463919639587,28,1.0489279998252257,0.32142857142857145,0.32142857142857145,False,True,True,False,3
controlled/HtoW/scenarios_Home_to_work__adv1_apple0_google0_samsung0_tile0__advtag-4c001219fe__20260130_081201/scenario_tx-2s_rot-10s.csv,0,TAG_APPLE,87,3600.0,,775.8011305332184,87,0.839968602469538,0.632183908045977,0.632183908045977,False,True,False,False,3
controlled/HtoW/scenarios_Home_to_work__adv1_apple0_google0_samsung0_tile0__advtag-4c001219fe__20260130_081201/scenario_tx-2s_rot-10s.csv,2,TAG_APPLE,11,3600.0,,552.5090844631195,11,0.8258770104704353,0.18181818181818182,0.18181818181818182,False,False,False,False,3
controlled/HtoW/scenarios_Home_to_work__adv1_apple0_google0_samsung0_tile0__advtag-4c001219fe__20260130_081201/scenario_tx-2s_rot-10s.csv,3,TAG_TILE,2,3600.0,,504.30240750312805,2,0.0,0.0,0.5,False,False,False,False,3
controlled/HtoW/scenarios_Home_to_work__adv1_apple0_google0_samsung0_tile0__advtag-4c001219fe__20260130_081201/scenario_tx-2s_rot-10s.csv,4,TAG_TILE,1,3600.0,,94.09704542160034,1,0.0,0.0,0.0,False,False,False,False,3
controlled/HtoW/scenarios_Home_to_work__adv1_apple0_google0_samsung0_tile0__advtag-4c001219fe__20260130_081201/scenario_tx-2s_rot-10s.csv,5,TAG_TILE,1,3600.0,,0.0,1,0.0,0.0,0.0,False,False,False,False,3
controlled/HtoW/scenarios_Home_to_work__adv1_apple0_google0_samsung0_tile0__advtag-4c001219fe__20260130_081201/scenario_tx-30s_rot-15min.csv,0,TAG_APPLE,23,3600.0,,3599.8917768001556,23,0.809221367345553,0.13043478260869565,0.13043478260869565,True,True,False,False,3
controlled/HtoW/scenarios_Home_to_work__adv1_apple0_google0_samsung0_tile0__advtag-4c001219fe__20260130_081201/scenario_tx-30s_rot-15min.csv,1,TAG_APPLE,32,3600.0,,3513.969890356064,32,0.7326542107501607,0.03125,0.03125,True,True,False,False,3
controlled/HtoW/scenarios_Home_to_work__adv1_apple0_google0_samsung0_tile0__advtag-4c001219fe__20260130_081201/scenario_tx-30s_rot-15min.csv,2,TAG_APPLE,7,3600.0,,3062.508399963379,7,0.6065676466809409,0.0,0.0,True,False,False,False,3
controlled/HtoW/scenarios_Home_to_work__adv1_apple0_google0_samsung0_tile0__advtag-4c001219fe__20260130_081201/scenario_tx-30s_rot-15min.csv,2,TAG_APPLE,54,7200.0,,3591.5440604686737,54,0.7404654639081295,0.018518518518518517,0.018518518518518517,True,True,False,False,3
controlled/HtoW/scenarios_Home_to_work__adv1_apple0_google0_samsung0_tile0__advtag-4c001219fe__20260130_081201/scenario_tx-30s_rot-15min.csv,0,TAG_APPLE,59,7200.0,,3518.036549091339,47,0.7038371717972242,0.0851063829787234,0.0851063829787234,True,True,False,False,3
controlled/HtoW/scenarios_Home_to_work__adv1_apple0_google0_samsung0_tile0__advtag-4c001219fe__20260130_081201/scenario_tx-30s_rot-15min.csv,1,TAG_APPLE,31,7200.0,,3550.8579347133636,31,0.58517263621245,0.0,0.06451612903225806,True,True,False,False,3
controlled/HtoW/scenarios_Home_to_work__adv1_apple0_google0_samsung0_tile0__advtag-4c001219fe__20260130_081201/scenario_tx-30s_rot-15min.csv,3,TAG_TILE,1,3600.0,,2894.0326144695277,1,0.0,0.0,0.0,True,False,False,False,3
controlled/HtoW/scenarios_Home_to_work__adv1_apple0_google0_samsung0_tile0__advtag-4c001219fe__20260130_081201/scenario_tx-30s_rot-15min.csv,4,TAG_TILE,1,3600.0,,277.4696617126465,1,0.0,0.0,0.0,False,False,False,False,3
controlled/HtoW/scenarios_Home_to_work__adv1_apple0_google0_samsung0_tile0__advtag-4c001219fe__20260130_081201/scenario_tx-30s_rot-15min.csv,5,TAG_TILE,1,3600.0,,577.9147005081177,1,0.0,0.0,0.0,False,False,False,False,3
controlled/HtoW/scenarios_Home_to_work__adv1_apple0_google0_samsung0_tile0__advtag-4c001219fe__20260130_081201/scenario_tx-30s_rot-15min.csv,0,TAG_APPLE,30,3600.0,,771.0463919639587,30,0.9724216889261896,0.06666666666666667,0.06666666666666667,False,True,False,False,3
controlled/HtoW/scenarios_Home_to_work__adv1_apple0_google0_samsung0_tile0__advtag-4c001219fe__20260130_081201/scenario_tx-30s_rot-15min.csv,1,TAG_APPLE,47,3600.0,,636.8608703613281,47,0.8007923139526182,0.0,0.0,False,True,False,False,3
controlled/HtoW/scenarios_Home_to_work__adv1_apple0_google0_samsung0_tile0__advtag-4c001219fe__20260130_081201/scenario_tx-30s_rot-15min.csv,2,TAG_APPLE,9,3600.0,,382.5024645328522,9,0.513891981937819,0.0,0.0,False,False,False,False,3
controlled/HtoW/scenarios_Home_to_work__adv1_apple0_google0_samsung0_tile0__advtag-4c001219fe__20260130_081201/scenario_tx-30s_rot-15min.csv,3,TAG_TILE,2,3600.0,,504.30240750312805,2,0.0,0.0,0.0,False,False,False,False,3
controlled/HtoW/scenarios_Home_to_work__adv1_apple0_google0_samsung0_tile0__advtag-4c001219fe__20260130_081201/scenario_tx-30s_rot-15min.csv,4,TAG_TILE,1,3600.0,,94.09704542160034,1,0.0,0.0,0.0,False,False,False,False,3
controlled/HtoW/scenarios_Home_to_work__adv1_apple0_google0_samsung0_tile0__advtag-4c001219fe__20260130_081201/scenario_tx-30s_rot-15min.csv,5,TAG_TILE,1,3600.0,,0.0,1,0.0,0.0,0.0,False,False,False,False,3
controlled/HtoW/scenarios_Home_to_work__adv1_apple0_google0_samsung0_tile0__advtag-4c001219fe__20260130_081201/scenario_tx-30s_rot-5min.csv,1,TAG_APPLE,20,3600.0,,3599.8917768001556,20,0.9652256865466137,0.1,0.1,True,True,False,False,3
controlled/HtoW/scenarios_Home_to_work__adv1_apple0_google0_samsung0_tile0__advtag-4c001219fe__20260130_081201/scenario_tx-30s_rot-5min.csv,2,TAG_APPLE,33,3600.0,,3513.969890356064,33,0.9009498801988103,0.2727272727272727,0.2727272727272727,True,True,False,False,3
controlled/HtoW/scenarios_Home_to_work__adv1_apple0_google0_samsung0_tile0__advtag-4c001219fe__20260130_081201/scenario_tx-30s_rot-5min.csv,0,TAG_APPLE,14,3600.0,,3372.28749370575,14,0.6576108177632843,0.0,0.0,True,False,False,False,3
controlled/HtoW/scenarios_Home_to_work__adv1_apple0_google0_samsung0_tile0__advtag-4c001219fe__20260130_081201/scenario_tx-30s_rot-5min.csv,0,TAG_APPLE,59,7200.0,,3549.17089176178,56,0.895098860082474,0.19642857142857142,0.19642857142857142,True,True,False,False,4
controlled/HtoW/scenarios_Home_to_work__adv1_apple0_google0_samsung0_tile0__advtag-4c001219fe__20260130_081201/scenario_tx-30s_rot-5min.csv,3,TAG_APPLE,21,7200.0,,3548.620737552643,21,0.7925895907784916,0.0,0.0,True,True,False,False,4
controlled/HtoW/scenarios_Home_to_work__adv1_apple0_google0_samsung0_tile0__advtag-4c001219fe__20260130_081201/scenario_tx-30s_rot-5min.csv,1,TAG_APPLE,49,7200.0,,3520.741845846176,49,0.7341093184000229,0.0,0.061224489795918366,True,True,False,False,4
controlled/HtoW/scenarios_Home_to_work__adv1_apple0_google0_samsung0_tile0__advtag-4c001219fe__20260130_081201/scenario_tx-30s_rot-5min.csv,2,TAG_APPLE,21,7200.0,,3508.2710678577423,16,0.6135351174701338,0.0625,0.0625,True,True,False,False,4
controlled/HtoW/scenarios_Home_to_work__adv1_apple0_google0_samsung0_tile0__advtag-4c001219fe__20260130_081201/scenario_tx-30s_rot-5min.csv,4,TAG_TILE,1,3600.0,,2894.0326144695277,1,0.0,0.0,1.0,True,False,False,False,3
controlled/HtoW/scenarios_Home_to_work__adv1_apple0_google0_samsung0_tile0__advtag-4c001219fe__20260130_081201/scenario_tx-30s_rot-5min.csv,5,TAG_TILE,1,3600.0,,277.4696617126465,1,0.0,0.0,0.0,False,False,False,False,3
controlled/HtoW/scenarios_Home_to_work__adv1_apple0_google0_samsung0_tile0__advtag-4c001219fe__20260130_081201/scenario_tx-30s_rot-5min.csv,6,TAG_TILE,1,3600.0,,577.9147005081177,1,0.0,0.0,1.0,False,False,False,False,3
controlled/HtoW/scenarios_Home_to_work__adv1_apple0_google0_samsung0_tile0__advtag-4c001219fe__20260130_081201/scenario_tx-30s_rot-5min.csv,1,TAG_APPLE,24,3600.0,,771.0463919639587,24,1.0003976626932611,0.0,0.0,False,True,True,False,3
controlled/HtoW/scenarios_Home_to_work__adv1_apple0_google0_samsung0_tile0__advtag-4c001219fe__20260130_081201/scenario_tx-30s_rot-5min.csv,0,TAG_APPLE,55,3600.0,,767.5190918445587,55,0.8450554243413924,0.05454545454545454,0.05454545454545454,False,True,False,False,3
controlled/HtoW/scenarios_Home_to_work__adv1_apple0_google0_samsung0_tile0__advtag-4c001219fe__20260130_081201/scenario_tx-30s_rot-5min.csv,2,TAG_APPLE,9,3600.0,,382.5024645328522,9,0.5181927317157052,0.0,0.0,False,False,False,False,3
controlled/HtoW/scenarios_Home_to_work__adv1_apple0_google0_samsung0_tile0__advtag-4c001219fe__20260130_081201/scenario_tx-30s_rot-5min.csv,3,TAG_TILE,2,3600.0,,504.30240750312805,2,0.0,0.0,0.0,False,False,False,False,3
controlled/HtoW/scenarios_Home_to_work__adv1_apple0_google0_samsung0_tile0__advtag-4c001219fe__20260130_081201/scenario_tx-30s_rot-5min.csv,4,TAG_TILE,1,3600.0,,94.09704542160034,1,0.0,0.0,0.0,False,False,False,False,3
controlled/HtoW/scenarios_Home_to_work__adv1_apple0_google0_samsung0_tile0__advtag-4c001219fe__20260130_081201/scenario_tx-30s_rot-5min.csv,5,TAG_TILE,1,3600.0,,0.0,1,0.0,0.0,0.0,False,False,False,False,3
controlled/HtoW/scenarios_Home_to_work__adv1_apple0_google0_samsung0_tile0__advtag-4c001219fe__20260130_081201/scenario_tx-30s_rot-1min.csv,0,TAG_APPLE,21,3600.0,,3405.4569149017334,21,0.9488912536162375,0.3333333333333333,0.3333333333333333,True,True,False,False,4
controlled/HtoW/scenarios_Home_to_work__adv1_apple0_google0_samsung0_tile0__advtag-4c001219fe__20260130_081201/scenario_tx-30s_rot-1min.csv,2,TAG_APPLE,47,3600.0,,3574.3212337493896,47,0.9419720765850546,0.7872340425531915,0.7872340425531915,True,True,False,False,4
controlled/HtoW/scenarios_Home_to_work__adv1_apple0_google0_samsung0_tile0__advtag-4c001219fe__20260130_081201/scenario_tx-30s_rot-1min.csv,3,TAG_APPLE,12,3600.0,,3062.508399963379,12,0.8841946334779724,0.5833333333333334,0.5833333333333334,True,False,False,False,4
controlled/HtoW/scenarios_Home_to_work__adv1_apple0_google0_samsung0_tile0__advtag-4c001219fe__20260130_081201/scenario_tx-30s_rot-1min.csv,1,TAG_APPLE,14,3600.0,,3404.4954414367676,14,0.7833905759351969,0.0,0.0,True,False,False,False,4
controlled/HtoW/scenarios_Home_to_work__adv1_apple0_google0_samsung0_tile0__advtag-4c001219fe__20260130_081201/scenario_tx-30s_rot-1min.csv,2,TAG_APPLE,84,7200.0,,3592.0761201381683,81,0.8121819492114772,0.49382716049382713,0.5061728395061729,True,True,False,False,3
controlled/HtoW/scenarios_Home_to_work__adv1_apple0_google0_samsung0_tile0__advtag-4c001219fe__20260130_081201/scenario_tx-30s_rot-1min.csv,1,TAG_APPLE,53,7200.0,,3518.664603471756,42,0.7805803700301678,0.23809523809523808,0.3333333333333333,True,True,False,False,3
controlled/HtoW/scenarios_Home_to_work__adv1_apple0_google0_samsung0_tile0__advtag-4c001219fe__20260130_081201/scenario_tx-30s_rot-1min.csv,0,TAG_APPLE,39,7200.0,,3550.8579347133636,39,0.6211662657940478,0.2564102564102564,0.3333333333333333,True,True,False,False,3
controlled/HtoW/scenarios_Home_to_work__adv1_apple0_google0_samsung0_tile0__advtag-4c001219fe__20260130_081201/scenario_tx-30s_rot-1min.csv,3,TAG_TILE,1,3600.0,,2894.0326144695277,1,0.0,0.0,0.0,True,False,False,False,3
controlled/HtoW/scenarios_Home_to_work__adv1_apple0_google0_samsung0_tile0__advtag-4c001219fe__20260130_081201/scenario_tx-30s_rot-1min.csv,4,TAG_TILE,1,3600.0,,277.4696617126465,1,0.0,0.0,1.0,False,False,False,False,3
controlled/HtoW/scenarios_Home_to_work__adv1_apple0_google0_samsung0_tile0__advtag-4c001219fe__20260130_081201/scenario_tx-30s_rot-1min.csv,5,TAG_TILE,1,3600.0,,577.9147005081177,1,0.0,0.0,0.0,False,False,False,False,3
controlled/HtoW/scenarios_Home_to_work__adv1_apple0_google0_samsung0_tile0__advtag-4c001219fe__20260130_081201/scenario_tx-30s_rot-1min.csv,0,TAG_APPLE,28,3600.0,,771.0463919639587,28,0.968826424975904,0.10714285714285714,0.10714285714285714,False,True,False,False,3
controlled/HtoW/scenarios_Home_to_work__adv1_apple0_google0_samsung0_tile0__advtag-4c001219fe__20260130_081201/scenario_tx-30s_rot-1min.csv,1,TAG_APPLE,53,3600.0,,767.5190918445587,53,0.7947114324382171,0.18867924528301888,0.18867924528301888,False,True,False,False,3
controlled/HtoW/scenarios_Home_to_work__adv1_apple0_google0_samsung0_tile0__advtag-4c001219fe__20260130_081201/scenario_tx-30s_rot-1min.csv,2,TAG_APPLE,9,3600.0,,382.5024645328522,9,0.5215844466309671,0.0,0.0,False,False,False,False,3
controlled/HtoW/scenarios_Home_to_work__adv1_apple0_google0_samsung0_tile0__advtag-4c001219fe__20260130_081201/scenario_tx-30s_rot-1min.csv,3,TAG_TILE,2,3600.0,,504.30240750312805,2,0.0,0.0,0.0,False,False,False,False,3
controlled/HtoW/scenarios_Home_to_work__adv1_apple0_google0_samsung0_tile0__advtag-4c001219fe__20260130_081201/scenario_tx-30s_rot-1min.csv,4,TAG_TILE,1,3600.0,,94.09704542160034,1,0.0,0.0,0.0,False,False,False,False,3
controlled/HtoW/scenarios_Home_to_work__adv1_apple0_google0_samsung0_tile0__advtag-4c001219fe__20260130_081201/scenario_tx-30s_rot-1min.csv,5,TAG_TILE,1,3600.0,,0.0,1,0.0,0.0,0.0,False,False,False,False,3
controlled/HtoW/scenarios_Home_to_work__adv1_apple0_google0_samsung0_tile0__advtag-4c001219ff__20260130_081102/scenario_tx-15s_rot-15min.csv,0,TAG_APPLE,23,3600.0,,3598.9700033664703,23,0.855075307586014,0.13043478260869565,0.13043478260869565,True,True,False,False,3
controlled/HtoW/scenarios_Home_to_work__adv1_apple0_google0_samsung0_tile0__advtag-4c001219ff__20260130_081102/scenario_tx-15s_rot-15min.csv,1,TAG_APPLE,32,3600.0,,3513.969890356064,32,0.7339377923971815,0.03125,0.03125,True,True,False,False,3
controlled/HtoW/scenarios_Home_to_work__adv1_apple0_google0_samsung0_tile0__advtag-4c001219ff__20260130_081102/scenario_tx-15s_rot-15min.csv,2,TAG_APPLE,7,3600.0,,3062.508399963379,7,0.5859438700214139,0.0,0.0,True,False,False,False,3
controlled/HtoW/scenarios_Home_to_work__adv1_apple0_google0_samsung0_tile0__advtag-4c001219ff__20260130_081102/scenario_tx-15s_rot-15min.csv,2,TAG_APPLE,20,7200.0,,3593.361763715744,20,1.1832858832139344,0.0,0.0,True,True,True,True,3
controlled/HtoW/scenarios_Home_to_work__adv1_apple0_google0_samsung0_tile0__advtag-4c001219ff__20260130_081102/scenario_tx-15s_rot-15min.csv,1,TAG_APPLE,67,7200.0,,3484.448180913925,66,0.7649837547832453,0.0,0.015151515151515152,True,True,False,False,3
controlled/HtoW/scenarios_Home_to_work__adv1_apple0_google0_samsung0_tile0__advtag-4c001219ff__20260130_081102/scenario_tx-15s_rot-15min.csv,0,TAG_APPLE,57,7200.0,,3587.3395214080815,45,0.6880169515190434,0.1111111111111111,0.1111111111111111,True,True,False,False,3
controlled/HtoW/scenarios_Home_to_work__adv1_apple0_google0_samsung0_tile0__advtag-4c001219ff__20260130_081102/scenario_tx-15s_rot-15min.csv,3,TAG_TILE,1,3600.0,,2894.0326144695277,1,0.0,0.0,0.0,True,False,False,False,3
controlled/HtoW/scenarios_Home_to_work__adv1_apple0_google0_samsung0_tile0__advtag-4c001219ff__20260130_081102/scenario_tx-15s_rot-15min.csv,4,TAG_TILE,1,3600.0,,277.4696617126465,1,0.0,0.0,0.0,False,False,False,False,3
controlled/HtoW/scenarios_Home_to_work__adv1_apple0_google0_samsung0_tile0__advtag-4c001219ff__20260130_081102/scenario_tx-15s_rot-15min.csv,5,TAG_TILE,1,3600.0,,577.9147005081177,1,0.0,0.0,0.0,False,False,False,False,3
controlled/HtoW/scenarios_Home_to_work__adv1_apple0_google0_samsung0_tile0__advtag-4c001219ff__20260130_081102/scenario_tx-15s_rot-15min.csv,0,TAG_APPLE,34,3600.0,,771.0463919639587,34,0.9200339079437279,0.058823529411764705,0.058823529411764705,False,True,False,False,3
controlled/HtoW/scenarios_Home_to_work__adv1_apple0_google0_samsung0_tile0__advtag-4c001219ff__20260130_081102/scenario_tx-15s_rot-15min.csv,1,TAG_APPLE,44,3600.0,,636.8608703613281,44,0.8281434842035044,0.0,0.0,False,True,False,False,3
controlled/HtoW/scenarios_Home_to_work__adv1_apple0_google0_samsung0_tile0__advtag-4c001219ff__20260130_081102/scenario_tx-15s_rot-15min.csv,2,TAG_APPLE,9,3600.0,,382.5024645328522,9,0.5004758634915608,0.0,0.0,False,False,False,False,3
controlled/HtoW/scenarios_Home_to_work__adv1_apple0_google0_samsung0_tile0__advtag-4c001219ff__20260130_081102/scenario_tx-15s_rot-15min.csv,3,TAG_TILE,2,3600.0,,504.30240750312805,2,0.0,0.0,0.0,False,False,False,False,3
controlled/HtoW/scenarios_Home_to_work__adv1_apple0_google0_samsung0_tile0__advtag-4c001219ff__20260130_081102/scenario_tx-15s_rot-15min.csv,4,TAG_TILE,1,3600.0,,94.09704542160034,1,0.0,0.0,0.0,False,False,False,False,3
controlled/HtoW/scenarios_Home_to_work__adv1_apple0_google0_samsung0_tile0__advtag-4c001219ff__20260130_081102/scenario_tx-15s_rot-15min.csv,5,TAG_TILE,1,3600.0,,0.0,1,0.0,0.0,0.0,False,False,False,False,3
controlled/HtoW/scenarios_Home_to_work__adv1_apple0_google0_samsung0_tile0__advtag-4c001219ff__20260130_081102/scenario_tx-10s_rot-15min.csv,0,TAG_APPLE,26,3600.0,,3598.9700033664703,26,0.8360589900091078,0.15384615384615385,0.15384615384615385,True,True,False,False,3
controlled/HtoW/scenarios_Home_to_work__adv1_apple0_google0_samsung0_tile0__advtag-4c001219ff__20260130_081102/scenario_tx-10s_rot-15min.csv,1,TAG_APPLE,29,3600.0,,3513.969890356064,29,0.7146230152994937,0.0,0.0,True,True,False,False,3
controlled/HtoW/scenarios_Home_to_work__adv1_apple0_google0_samsung0_tile0__advtag-4c001219ff__20260130_081102/scenario_tx-10s_rot-15min.csv,2,TAG_APPLE,7,3600.0,,3062.508399963379,7,0.587743459089083,0.0,0.0,True,False,False,False,3
controlled/HtoW/scenarios_Home_to_work__adv1_apple0_google0_samsung0_tile0__advtag-4c001219ff__20260130_081102/scenario_tx-10s_rot-15min.csv,2,TAG_APPLE,25,7200.0,,3593.361763715744,25,1.0085730859969118,0.0,0.0,True,True,True,True,3
controlled/HtoW/scenarios_Home_to_work__adv1_apple0_google0_samsung0_tile0__advtag-4c001219ff__20260130_081102/scenario_tx-10s_rot-15min.csv,1,TAG_APPLE,60,7200.0,,3484.448180913925,59,0.7935073972319804,0.0,0.0,True,True,False,False,3
controlled/HtoW/scenarios_Home_to_work__adv1_apple0_google0_samsung0_tile0__advtag-4c001219ff__20260130_081102/scenario_tx-10s_rot-15min.csv,0,TAG_APPLE,60,7200.0,,3587.3395214080815,48,0.6972397209157731,0.10416666666666667,0.10416666666666667,True,True,False,False,3
controlled/HtoW/scenarios_Home_to_work__adv1_apple0_google0_samsung0_tile0__advtag-4c001219ff__20260130_081102/scenario_tx-10s_rot-15min.csv,3,TAG_TILE,1,3600.0,,2894.0326144695277,1,0.0,0.0,0.0,True,False,False,False,3
controlled/HtoW/scenarios_Home_to_work__adv1_apple0_google0_samsung0_tile0__advtag-4c001219ff__20260130_081102/scenario_tx-10s_rot-15min.csv,4,TAG_TILE,1,3600.0,,277.4696617126465,1,0.0,0.0,0.0,False,False,False,False,3
controlled/HtoW/scenarios_Home_to_work__adv1_apple0_google0_samsung0_tile0__advtag-4c001219ff__20260130_081102/scenario_tx-10s_rot-15min.csv,5,TAG_TILE,1,3600.0,,577.9147005081177,1,0.0,0.0,0.0,False,False,False,False,3
controlled/HtoW/scenarios_Home_to_work__adv1_apple0_google0_samsung0_tile0__advtag-4c001219ff__20260130_081102/scenario_tx-10s_rot-15min.csv,0,TAG_APPLE,34,3600.0,,774.6988780498505,34,0.9226604233590611,0.058823529411764705,0.058823529411764705,False,True,False,False,3
controlled/HtoW/scenarios_Home_to_work__adv1_apple0_google0_samsung0_tile0__advtag-4c001219ff__20260130_081102/scenario_tx-10s_rot-15min.csv,1,TAG_APPLE,44,3600.0,,636.8608703613281,44,0.8299408535238397,0.0,0.0,False,True,False,False,3
controlled/HtoW/scenarios_Home_to_work__adv1_apple0_google0_samsung0_tile0__advtag-4c001219ff__20260130_081102/scenario_tx-10s_rot-15min.csv,2,TAG_APPLE,9,3600.0,,382.5024645328522,9,0.5022518326701095,0.0,0.0,False,False,False,False,3
controlled/HtoW/scenarios_Home_to_work__adv1_apple0_google0_samsung0_tile0__advtag-4c001219ff__20260130_081102/scenario_tx-10s_rot-15min.csv,3,TAG_TILE,2,3600.0,,504.30240750312805,2,0.0,0.0,0.0,False,False,False,False,3
controlled/HtoW/scenarios_Home_to_work__adv1_apple0_google0_samsung0_tile0__advtag-4c001219ff__20260130_081102/scenario_tx-10s_rot-15min.csv,4,TAG_TILE,1,3600.0,,94.09704542160034,1,0.0,0.0,0.0,False,False,False,False,3
controlled/HtoW/scenarios_Home_to_work__adv1_apple0_google0_samsung0_tile0__advtag-4c001219ff__20260130_081102/scenario_tx-10s_rot-15min.csv,5,TAG_TILE,1,3600.0,,0.0,1,0.0,0.0,0.0,False,False,False,False,3
controlled/HtoW/scenarios_Home_to_work__adv1_apple0_google0_samsung0_tile0__advtag-4c001219ff__20260130_081102/scenario_tx-1min_rot-15min.csv,0,TAG_APPLE,21,3600.0,,2120.204355239868,21,0.8594275066105991,0.0,0.0,True,True,False,False,3
controlled/HtoW/scenarios_Home_to_work__adv1_apple0_google0_samsung0_tile0__advtag-4c001219ff__20260130_081102/scenario_tx-1min_rot-15min.csv,1,TAG_APPLE,35,3600.0,,3596.1498172283173,35,0.7334100770607292,0.11428571428571428,0.11428571428571428,True,True,False,False,3
controlled/HtoW/scenarios_Home_to_work__adv1_apple0_google0_samsung0_tile0__advtag-4c001219ff__20260130_081102/scenario_tx-1min_rot-15min.csv,2,TAG_APPLE,7,3600.0,,3062.508399963379,7,0.5888228896591851,0.0,0.0,True,False,False,False,3
controlled/HtoW/scenarios_Home_to_work__adv1_apple0_google0_samsung0_tile0__advtag-4c001219ff__20260130_081102/scenario_tx-1min_rot-15min.csv,0,TAG_APPLE,67,7200.0,,3591.5440604686737,66,0.8473259396030121,0.045454545454545456,0.045454545454545456,True,True,False,False,3
controlled/HtoW/scenarios_Home_to_work__adv1_apple0_google0_samsung0_tile0__advtag-4c001219ff__20260130_081102/scenario_tx-1min_rot-15min.csv,1,TAG_APPLE,46,7200.0,,3516.118794679642,35,0.6691035180425264,0.02857142857142857,0.02857142857142857,True,True,False,False,3
controlled/HtoW/scenarios_Home_to_work__adv1_apple0_google0_samsung0_tile0__advtag-4c001219ff__20260130_081102/scenario_tx-1min_rot-15min.csv,2,TAG_APPLE,31,7200.0,,3550.8579347133636,31,0.5768978947226174,0.03225806451612903,0.06451612903225806,True,True,False,False,3
controlled/HtoW/scenarios_Home_to_work__adv1_apple0_google0_samsung0_tile0__advtag-4c001219ff__20260130_081102/scenario_tx-1min_rot-15min.csv,3,TAG_TILE,1,3600.0,,2894.0326144695277,1,0.0,0.0,0.0,True,False,False,False,3
controlled/HtoW/scenarios_Home_to_work__adv1_apple0_google0_samsung0_tile0__advtag-4c001219ff__20260130_081102/scenario_tx-1min_rot-15min.csv,4,TAG_TILE,1,3600.0,,277.4696617126465,1,0.0,0.0,0.0,False,False,False,False,3
controlled/HtoW/scenarios_Home_to_work__adv1_apple0_google0_samsung0_tile0__advtag-4c001219ff__20260130_081102/scenario_tx-1min_rot-15min.csv,5,TAG_TILE,1,3600.0,,577.9147005081177,1,0.0,0.0,0.0,False,False,False,False,3
controlled/HtoW/scenarios_Home_to_work__adv1_apple0_google0_samsung0_tile0__advtag-4c001219ff__20260130_081102/scenario_tx-1min_rot-15min.csv,0,TAG_APPLE,33,3600.0,,771.0463919639587,33,0.9241717656784575,0.06060606060606061,0.06060606060606061,False,True,False,False,3
controlled/HtoW/scenarios_Home_to_work__adv1_apple0_google0_samsung0_tile0__advtag-4c001219ff__20260130_081102/scenario_tx-1min_rot-15min.csv,1,TAG_APPLE,44,3600.0,,636.8608703613281,44,0.8338461206417863,0.0,0.0,False,True,False,False,3
controlled/HtoW/scenarios_Home_to_work__adv1_apple0_google0_samsung0_tile0__advtag-4c001219ff__20260130_081102/scenario_tx-1min_rot-15min.csv,2,TAG_APPLE,9,3600.0,,382.5024645328522,9,0.5021042403895631,0.0,0.0,False,False,False,False,3
controlled/HtoW/scenarios_Home_to_work__adv1_apple0_google0_samsung0_tile0__advtag-4c001219ff__20260130_081102/scenario_tx-1min_rot-15min.csv,3,TAG_TILE,2,3600.0,,504.30240750312805,2,0.0,0.0,0.0,False,False,False,False,3
controlled/HtoW/scenarios_Home_to_work__adv1_apple0_google0_samsung0_tile0__advtag-4c001219ff__20260130_081102/scenario_tx-1min_rot-15min.csv,4,TAG_TILE,1,3600.0,,94.09704542160034,1,0.0,0.0,0.0,False,False,False,False,3
controlled/HtoW/scenarios_Home_to_work__adv1_apple0_google0_samsung0_tile0__advtag-4c001219ff__20260130_081102/scenario_tx-1min_rot-15min.csv,5,TAG_TILE,1,3600.0,,0.0,1,0.0,0.0,0.0,False,False,False,False,3
controlled/HtoW/scenarios_Home_to_work__adv1_apple0_google0_samsung0_tile0__advtag-4c001219fe__20260130_081201/scenario_tx-30s_rot-30s.csv,1,TAG_APPLE,21,3600.0,,3367.2792880535126,21,0.9411714074790702,0.47619047619047616,0.47619047619047616,True,True,False,False,3
controlled/HtoW/scenarios_Home_to_work__adv1_apple0_google0_samsung0_tile0__advtag-4c001219fe__20260130_081201/scenario_tx-30s_rot-30s.csv,0,TAG_APPLE,76,3600.0,,3565.1158549785614,76,0.8780690683348571,0.7763157894736842,0.7763157894736842,True,True,False,False,3
controlled/HtoW/scenarios_Home_to_work__adv1_apple0_google0_samsung0_tile0__advtag-4c001219fe__20260130_081201/scenario_tx-30s_rot-30s.csv,2,TAG_APPLE,26,3600.0,,3251.1408100128174,26,0.742631523993014,0.8846153846153846,0.8846153846153846,True,True,False,False,3
controlled/HtoW/scenarios_Home_to_work__adv1_apple0_google0_samsung0_tile0__advtag-4c001219fe__20260130_081201/scenario_tx-30s_rot-30s.csv,2,TAG_APPLE,15,7200.0,,3548.620737552643,15,0.8704297921292251,0.6,0.6666666666666666,True,True,False,False,3
controlled/HtoW/scenarios_Home_to_work__adv1_apple0_google0_samsung0_tile0__advtag-4c001219fe__20260130_081201/scenario_tx-30s_rot-30s.csv,0,TAG_APPLE,57,7200.0,,3518.664603471756,46,0.7559742814512111,0.41304347826086957,0.5,True,True,False,False,3
controlled/HtoW/scenarios_Home_to_work__adv1_apple0_google0_samsung0_tile0__advtag-4c001219fe__20260130_081201/scenario_tx-30s_rot-30s.csv,1,TAG_APPLE,125,7200.0,,3593.361763715744,114,0.7216072167379591,0.7280701754385965,0.7543859649122807,True,True,False,False,3
controlled/HtoW/scenarios_Home_to_work__adv1_apple0_google0_samsung0_tile0__advtag-4c001219fe__20260130_081201/scenario_tx-30s_rot-30s.csv,3,TAG_TILE,1,3600.0,,2894.0326144695277,1,0.0,0.0,1.0,True,False,False,False,3
controlled/HtoW/scenarios_Home_to_work__adv1_apple0_google0_samsung0_tile0__advtag-4c001219fe__20260130_081201/scenario_tx-30s_rot-30s.csv,4,TAG_TILE,1,3600.0,,277.4696617126465,1,0.0,0.0,1.0,False,False,False,False,3
controlled/HtoW/scenarios_Home_to_work__adv1_apple0_google0_samsung0_tile0__advtag-4c001219fe__20260130_081201/scenario_tx-30s_rot-30s.csv,5,TAG_TILE,1,3600.0,,577.9147005081177,1,0.0,0.0,1.0,False,False,False,False,3
controlled/HtoW/scenarios_Home_to_work__adv1_apple0_google0_samsung0_tile0__advtag-4c001219fe__20260130_081201/scenario_tx-30s_rot-30s.csv,0,TAG_APPLE,30,3600.0,,771.0463919639587,30,0.9832556605690206,0.16666666666666666,0.16666666666666666,False,True,False,False,3
controlled/HtoW/scenarios_Home_to_work__adv1_apple0_google0_samsung0_tile0__advtag-4c001219fe__20260130_081201/scenario_tx-30s_rot-30s.csv,1,TAG_APPLE,45,3600.0,,711.5336787700653,45,0.9048524464731894,0.28888888888888886,0.28888888888888886,False,True,False,False,3
controlled/HtoW/scenarios_Home_to_work__adv1_apple0_google0_samsung0_tile0__advtag-4c001219fe__20260130_081201/scenario_tx-30s_rot-30s.csv,2,TAG_APPLE,19,3600.0,,767.5190918445587,19,0.6201934972927079,0.2631578947368421,0.2631578947368421,False,True,False,False,3
controlled/HtoW/scenarios_Home_to_work__adv1_apple0_google0_samsung0_tile0__advtag-4c001219fe__20260130_081201/scenario_tx-30s_rot-30s.csv,3,TAG_TILE,2,3600.0,,504.30240750312805,2,0.0,0.0,0.0,False,False,False,False,3
controlled/HtoW/scenarios_Home_to_work__adv1_apple0_google0_samsung0_tile0__advtag-4c001219fe__20260130_081201/scenario_tx-30s_rot-30s.csv,4,TAG_TILE,1,3600.0,,94.09704542160034,1,0.0,0.0,0.0,False,False,False,False,3
controlled/HtoW/scenarios_Home_to_work__adv1_apple0_google0_samsung0_tile0__advtag-4c001219fe__20260130_081201/scenario_tx-30s_rot-30s.csv,5,TAG_TILE,1,3600.0,,0.0,1,0.0,0.0,0.0,False,False,False,False,3
controlled/HtoW/scenarios_Home_to_work__adv1_apple0_google0_samsung0_tile0__advtag-4c001219ff__20260130_081102/scenario_tx-15s_rot-5min.csv,0,TAG_APPLE,29,3600.0,,3598.9700033664703,29,1.1543485701424552,0.3448275862068966,0.3448275862068966,True,True,True,True,3
controlled/HtoW/scenarios_Home_to_work__adv1_apple0_google0_samsung0_tile0__advtag-4c001219ff__20260130_081102/scenario_tx-15s_rot-5min.csv,1,TAG_APPLE,29,3600.0,,3513.969890356064,29,0.6995419660307024,0.034482758620689655,0.034482758620689655,True,True,False,False,3
controlled/HtoW/scenarios_Home_to_work__adv1_apple0_google0_samsung0_tile0__advtag-4c001219ff__20260130_081102/scenario_tx-15s_rot-5min.csv,2,TAG_APPLE,7,3600.0,,3062.508399963379,7,0.5661430168653678,0.0,0.0,True,False,False,False,3
controlled/HtoW/scenarios_Home_to_work__adv1_apple0_google0_samsung0_tile0__advtag-4c001219ff__20260130_081102/scenario_tx-15s_rot-5min.csv,1,TAG_APPLE,60,7200.0,,3587.3395214080815,55,0.7834840270651704,0.2,0.2,True,True,False,False,3
controlled/HtoW/scenarios_Home_to_work__adv1_apple0_google0_samsung0_tile0__advtag-4c001219ff__20260130_081102/scenario_tx-15s_rot-5min.csv,2,TAG_APPLE,21,7200.0,,3508.2710678577423,16,0.5917500893871847,0.0625,0.0625,True,True,False,False,3
controlled/HtoW/scenarios_Home_to_work__adv1_apple0_google0_samsung0_tile0__advtag-4c001219ff__20260130_081102/scenario_tx-15s_rot-5min.csv,0,TAG_APPLE,66,7200.0,,3550.8579347133636,66,0.5405823720494656,0.0,0.0,True,True,False,False,3
controlled/HtoW/scenarios_Home_to_work__adv1_apple0_google0_samsung0_tile0__advtag-4c001219ff__20260130_081102/scenario_tx-15s_rot-5min.csv,3,TAG_TILE,1,3600.0,,2894.0326144695277,1,0.0,0.0,0.0,True,False,False,False,3
controlled/HtoW/scenarios_Home_to_work__adv1_apple0_google0_samsung0_tile0__advtag-4c001219ff__20260130_081102/scenario_tx-15s_rot-5min.csv,4,TAG_TILE,1,3600.0,,277.4696617126465,1,0.0,0.0,0.0,False,False,False,False,3
controlled/HtoW/scenarios_Home_to_work__adv1_apple0_google0_samsung0_tile0__advtag-4c001219ff__20260130_081102/scenario_tx-15s_rot-5min.csv,5,TAG_TILE,1,3600.0,,577.9147005081177,1,0.0,0.0,0.0,False,False,False,False,3
controlled/HtoW/scenarios_Home_to_work__adv1_apple0_google0_samsung0_tile0__advtag-4c001219ff__20260130_081102/scenario_tx-15s_rot-5min.csv,0,TAG_APPLE,34,3600.0,,771.0463919639587,34,0.9722397959793243,0.08823529411764706,0.08823529411764706,False,True,False,False,3
controlled/HtoW/scenarios_Home_to_work__adv1_apple0_google0_samsung0_tile0__advtag-4c001219ff__20260130_081102/scenario_tx-15s_rot-5min.csv,1,TAG_APPLE,43,3600.0,,636.8608703613281,43,0.8303952539701205,0.0,0.0,False,True,False,False,3
controlled/HtoW/scenarios_Home_to_work__adv1_apple0_google0_samsung0_tile0__advtag-4c001219ff__20260130_081102/scenario_tx-15s_rot-5min.csv,2,TAG_APPLE,9,3600.0,,382.5024645328522,9,0.49980782249206607,0.0,0.0,False,False,False,False,3
controlled/HtoW/scenarios_Home_to_work__adv1_apple0_google0_samsung0_tile0__advtag-4c001219ff__20260130_081102/scenario_tx-15s_rot-5min.csv,3,TAG_TILE,2,3600.0,,504.30240750312805,2,0.0,0.0,0.0,False,False,False,False,3
controlled/HtoW/scenarios_Home_to_work__adv1_apple0_google0_samsung0_tile0__advtag-4c001219ff__20260130_081102/scenario_tx-15s_rot-5min.csv,4,TAG_TILE,1,3600.0,,94.09704542160034,1,0.0,0.0,0.0,False,False,False,False,3
controlled/HtoW/scenarios_Home_to_work__adv1_apple0_google0_samsung0_tile0__advtag-4c001219ff__20260130_081102/scenario_tx-15s_rot-5min.csv,5,TAG_TILE,1,3600.0,,0.0,1,0.0,0.0,0.0,False,False,False,False,3
controlled/HtoW/scenarios_Home_to_work__adv1_apple0_google0_samsung0_tile0__advtag-4c001219ff__20260130_081102/scenario_tx-10s_rot-30s.csv,2,TAG_APPLE,9,3600.0,,3189.3680889606476,9,0.8331641803900561,0.7777777777777778,0.7777777777777778,True,False,False,False,3
controlled/HtoW/scenarios_Home_to_work__adv1_apple0_google0_samsung0_tile0__advtag-4c001219ff__20260130_081102/scenario_tx-10s_rot-30s.csv,0,TAG_APPLE,96,3600.0,,3596.1498172283173,96,0.8295478107868938,0.84375,0.84375,True,True,False,False,3
controlled/HtoW/scenarios_Home_to_work__adv1_apple0_google0_samsung0_tile0__advtag-4c001219ff__20260130_081102/scenario_tx-10s_rot-30s.csv,1,TAG_APPLE,21,3600.0,,3085.3845744132996,21,0.7328368832034289,0.6666666666666666,0.6666666666666666,True,True,False,False,3
controlled/HtoW/scenarios_Home_to_work__adv1_apple0_google0_samsung0_tile0__advtag-4c001219ff__20260130_081102/scenario_tx-10s_rot-30s.csv,1,TAG_APPLE,88,7200.0,,3589.898157596588,87,1.1058258903075686,0.8390804597701149,0.8620689655172413,True,True,True,True,4
controlled/HtoW/scenarios_Home_to_work__adv1_apple0_google0_samsung0_tile0__advtag-4c001219ff__20260130_081102/scenario_tx-10s_rot-30s.csv,2,TAG_APPLE,42,7200.0,,3593.361763715744,40,0.8526474487580957,0.65,0.7,True,True,False,False,4
controlled/HtoW/scenarios_Home_to_work__adv1_apple0_google0_samsung0_tile0__advtag-4c001219ff__20260130_081102/scenario_tx-10s_rot-30s.csv,3,TAG_APPLE,21,7200.0,,3479.704398870468,21,0.7139326110515652,0.14285714285714285,0.38095238095238093,True,True,False,False,4
controlled/HtoW/scenarios_Home_to_work__adv1_apple0_google0_samsung0_tile0__advtag-4c001219ff__20260130_081102/scenario_tx-10s_rot-30s.csv,0,TAG_APPLE,50,7200.0,,3512.3824245929723,39,0.6728756225419447,0.4358974358974359,0.5897435897435898,True,True,False,False,4
controlled/HtoW/scenarios_Home_to_work__adv1_apple0_google0_samsung0_tile0__advtag-4c001219ff__20260130_081102/scenario_tx-10s_rot-30s.csv,4,TAG_TILE,1,3600.0,,2894.0326144695277,1,0.0,0.0,1.0,True,False,False,False,3
controlled/HtoW/scenarios_Home_to_work__adv1_apple0_google0_samsung0_tile0__advtag-4c001219ff__20260130_081102/scenario_tx-10s_rot-30s.csv,5,TAG_TILE,1,3600.0,,277.4696617126465,1,0.0,0.0,1.0,False,False,False,False,3
controlled/HtoW/scenarios_Home_to_work__adv1_apple0_google0_samsung0_tile0__advtag-4c001219ff__20260130_081102/scenario_tx-10s_rot-30s.csv,6,TAG_TILE,1,3600.0,,577.9147005081177,1,0.0,0.0,1.0,False,False,False,False,3
controlled/HtoW/scenarios_Home_to_work__adv1_apple0_google0_samsung0_tile0__advtag-4c001219ff__20260130_081102/scenario_tx-10s_rot-30s.csv,2,TAG_APPLE,10,3600.0,,474.22716665267944,10,0.9971463817642492,0.3,0.3,False,False,False,False,3
controlled/HtoW/scenarios_Home_to_work__adv1_apple0_google0_samsung0_tile0__advtag-4c001219ff__20260130_081102/scenario_tx-10s_rot-30s.csv,1,TAG_APPLE,30,3600.0,,774.6988780498505,30,0.934851750041414,0.16666666666666666,0.16666666666666666,False,True,False,False,3
controlled/HtoW/scenarios_Home_to_work__adv1_apple0_google0_samsung0_tile0__advtag-4c001219ff__20260130_081102/scenario_tx-10s_rot-30s.csv,0,TAG_APPLE,56,3600.0,,736.5969870090485,56,0.8513404368804028,0.30357142857142855,0.30357142857142855,False,True,False,False,3
controlled/HtoW/scenarios_Home_to_work__adv1_apple0_google0_samsung0_tile0__advtag-4c001219ff__20260130_081102/scenario_tx-10s_rot-30s.csv,3,TAG_TILE,2,3600.0,,504.30240750312805,2,0.0,0.0,0.5,False,False,False,False,3
controlled/HtoW/scenarios_Home_to_work__adv1_apple0_google0_samsung0_tile0__advtag-4c001219ff__20260130_081102/scenario_tx-10s_rot-30s.csv,4,TAG_TILE,1,3600.0,,94.09704542160034,1,0.0,0.0,0.0,False,False,False,False,3
controlled/HtoW/scenarios_Home_to_work__adv1_apple0_google0_samsung0_tile0__advtag-4c001219ff__20260130_081102/scenario_tx-10s_rot-30s.csv,5,TAG_TILE,1,3600.0,,0.0,1,0.0,0.0,0.0,False,False,False,False,3
controlled/HtoW/scenarios_Home_to_work__adv1_apple0_google0_samsung0_tile0__advtag-4c001219ff__20260130_081102/scenario_tx-15s_rot-30s.csv,0,TAG_APPLE,82,3600.0,,3596.1498172283173,82,1.06604867680862,0.7804878048780488,0.7804878048780488,True,True,True,True,3
controlled/HtoW/scenarios_Home_to_work__adv1_apple0_google0_samsung0_tile0__advtag-4c001219ff__20260130_081102/scenario_tx-15s_rot-30s.csv,2,TAG_APPLE,26,3600.0,,3293.737138509751,26,0.9837881281834444,0.8846153846153846,0.8846153846153846,True,True,False,False,3
controlled/HtoW/scenarios_Home_to_work__adv1_apple0_google0_samsung0_tile0__advtag-4c001219ff__20260130_081102/scenario_tx-15s_rot-30s.csv,1,TAG_APPLE,21,3600.0,,3118.3435328006744,21,0.8985162409255891,0.6190476190476191,0.6190476190476191,True,True,False,False,3
controlled/HtoW/scenarios_Home_to_work__adv1_apple0_google0_samsung0_tile0__advtag-4c001219ff__20260130_081102/scenario_tx-15s_rot-30s.csv,0,TAG_APPLE,117,7200.0,,3522.0164027214046,109,0.8692423490400139,0.7339449541284404,0.7798165137614679,True,True,False,False,4
controlled/HtoW/scenarios_Home_to_work__adv1_apple0_google0_samsung0_tile0__advtag-4c001219ff__20260130_081102/scenario_tx-15s_rot-30s.csv,3,TAG_APPLE,15,7200.0,,3587.3838996887207,14,0.8283881378868477,0.6428571428571429,0.6428571428571429,True,False,False,False,4
controlled/HtoW/scenarios_Home_to_work__adv1_apple0_google0_samsung0_tile0__advtag-4c001219ff__20260130_081102/scenario_tx-15s_rot-30s.csv,2,TAG_APPLE,46,7200.0,,3587.3395214080815,43,0.7625572108010844,0.4186046511627907,0.5813953488372093,True,True,False,False,4
controlled/HtoW/scenarios_Home_to_work__adv1_apple0_google0_samsung0_tile0__advtag-4c001219ff__20260130_081102/scenario_tx-15s_rot-30s.csv,1,TAG_APPLE,21,7200.0,,3508.2710678577423,16,0.5780961924314649,0.625,0.6875,True,True,False,False,4
controlled/HtoW/scenarios_Home_to_work__adv1_apple0_google0_samsung0_tile0__advtag-4c001219ff__20260130_081102/scenario_tx-15s_rot-30s.csv,4,TAG_TILE,1,3600.0,,2894.0326144695277,1,0.0,0.0,0.0,True,False,False,False,3
controlled/HtoW/scenarios_Home_to_work__adv1_apple0_google0_samsung0_tile0__advtag-4c001219ff__20260130_081102/scenario_tx-15s_rot-30s.csv,5,TAG_TILE,1,3600.0,,277.4696617126465,1,0.0,0.0,1.0,False,False,False,False,3
controlled/HtoW/scenarios_Home_to_work__adv1_apple0_google0_samsung0_tile0__advtag-4c001219ff__20260130_081102/scenario_tx-15s_rot-30s.csv,6,TAG_TILE,1,3600.0,,577.9147005081177,1,0.0,0.0,0.0,False,False,False,False,3
controlled/HtoW/scenarios_Home_to_work__adv1_apple0_google0_samsung0_tile0__advtag-4c001219ff__20260130_081102/scenario_tx-15s_rot-30s.csv,1,TAG_APPLE,28,3600.0,,771.0463919639587,28,0.9441680631397954,0.03571428571428571,0.03571428571428571,False,True,False,False,4
controlled/HtoW/scenarios_Home_to_work__adv1_apple0_google0_samsung0_tile0__advtag-4c001219ff__20260130_081102/scenario_tx-15s_rot-30s.csv,0,TAG_APPLE,46,3600.0,,703.7762756347656,46,0.8530433381196502,0.30434782608695654,0.30434782608695654,False,True,False,False,4
controlled/HtoW/scenarios_Home_to_work__adv1_apple0_google0_samsung0_tile0__advtag-4c001219ff__20260130_081102/scenario_tx-15s_rot-30s.csv,2,TAG_APPLE,26,3600.0,,682.8790881633759,26,0.8217851783638425,0.38461538461538464,0.38461538461538464,False,True,False,False,4
controlled/HtoW/scenarios_Home_to_work__adv1_apple0_google0_samsung0_tile0__advtag-4c001219ff__20260130_081102/scenario_tx-15s_rot-30s.csv,3,TAG_APPLE,2,3600.0,,149.1518578529358,2,0.0,0.0,0.0,False,False,False,False,4
controlled/HtoW/scenarios_Home_to_work__adv1_apple0_google0_samsung0_tile0__advtag-4c001219ff__20260130_081102/scenario_tx-15s_rot-30s.csv,4,TAG_TILE,2,3600.0,,504.30240750312805,2,0.0,0.0,0.0,False,False,False,False,3
controlled/HtoW/scenarios_Home_to_work__adv1_apple0_google0_samsung0_tile0__advtag-4c001219ff__20260130_081102/scenario_tx-15s_rot-30s.csv,5,TAG_TILE,1,3600.0,,94.09704542160034,1,0.0,0.0,0.0,False,False,False,False,3
controlled/HtoW/scenarios_Home_to_work__adv1_apple0_google0_samsung0_tile0__advtag-4c001219ff__20260130_081102/scenario_tx-15s_rot-30s.csv,6,TAG_TILE,1,3600.0,,0.0,1,0.0,0.0,1.0,False,False,False,False,3
controlled/HtoW/scenarios_Home_to_work__adv1_apple0_google0_samsung0_tile0__advtag-4c001219ff__20260130_081102/scenario_tx-1min_rot-1min.csv,0,TAG_APPLE,21,3600.0,,3227.797421693802,21,0.8357832435600726,0.19047619047619047,0.19047619047619047,True,True,False,False,3
controlled/HtoW/scenarios_Home_to_work__adv1_apple0_google0_samsung0_tile0__advtag-4c001219ff__20260130_081102/scenario_tx-1min_rot-1min.csv,2,TAG_APPLE,10,3600.0,,3062.508399963379,10,0.7382256843916698,0.6,0.6,True,False,False,False,3
controlled/HtoW/scenarios_Home_to_work__adv1_apple0_google0_samsung0_tile0__advtag-4c001219ff__20260130_081102/scenario_tx-1min_rot-1min.csv,1,TAG_APPLE,61,3600.0,,3596.1498172283173,61,0.7220880436444538,0.639344262295082,0.639344262295082,True,True,False,False,3
controlled/HtoW/scenarios_Home_to_work__adv1_apple0_google0_samsung0_tile0__advtag-4c001219ff__20260130_081102/scenario_tx-1min_rot-1min.csv,1,TAG_APPLE,52,7200.0,,3588.997027635575,49,1.0365791395417205,0.2653061224489796,0.32653061224489793,True,True,True,True,3
controlled/HtoW/scenarios_Home_to_work__adv1_apple0_google0_samsung0_tile0__advtag-4c001219ff__20260130_081102/scenario_tx-1min_rot-1min.csv,2,TAG_APPLE,21,7200.0,,3508.2710678577423,16,0.6388322107138457,0.3125,0.4375,True,True,False,False,3
controlled/HtoW/scenarios_Home_to_work__adv1_apple0_google0_samsung0_tile0__advtag-4c001219ff__20260130_081102/scenario_tx-1min_rot-1min.csv,0,TAG_APPLE,96,7200.0,,3593.361763715744,89,0.5308605389343235,0.43820224719101125,0.43820224719101125,True,True,False,False,3
controlled/HtoW/scenarios_Home_to_work__adv1_apple0_google0_samsung0_tile0__advtag-4c001219ff__20260130_081102/scenario_tx-1min_rot-1min.csv,3,TAG_TILE,1,3600.0,,2894.0326144695277,1,0.0,0.0,0.0,True,False,False,False,3
controlled/HtoW/scenarios_Home_to_work__adv1_apple0_google0_samsung0_tile0__advtag-4c001219ff__20260130_081102/scenario_tx-1min_rot-1min.csv,4,TAG_TILE,1,3600.0,,277.4696617126465,1,0.0,0.0,1.0,False,False,False,False,3
controlled/HtoW/scenarios_Home_to_work__adv1_apple0_google0_samsung0_tile0__advtag-4c001219ff__20260130_081102/scenario_tx-1min_rot-1min.csv,5,TAG_TILE,1,3600.0,,577.9147005081177,1,0.0,0.0,0.0,False,False,False,False,3
controlled/HtoW/scenarios_Home_to_work__adv1_apple0_google0_samsung0_tile0__advtag-4c001219ff__20260130_081102/scenario_tx-1min_rot-1min.csv,0,TAG_APPLE,32,3600.0,,771.0463919639587,32,0.9437025581587493,0.125,0.125,False,True,False,False,3
controlled/HtoW/scenarios_Home_to_work__adv1_apple0_google0_samsung0_tile0__advtag-4c001219ff__20260130_081102/scenario_tx-1min_rot-1min.csv,1,TAG_APPLE,50,3600.0,,759.2124996185303,50,0.8517128371373042,0.16,0.16,False,True,False,False,3
controlled/HtoW/scenarios_Home_to_work__adv1_apple0_google0_samsung0_tile0__advtag-4c001219ff__20260130_081102/scenario_tx-1min_rot-1min.csv,2,TAG_APPLE,10,3600.0,,382.5024645328522,10,0.4983814369955512,0.1,0.1,False,False,False,False,3
controlled/HtoW/scenarios_Home_to_work__adv1_apple0_google0_samsung0_tile0__advtag-4c001219ff__20260130_081102/scenario_tx-1min_rot-1min.csv,3,TAG_TILE,2,3600.0,,504.30240750312805,2,0.0,0.0,0.0,False,False,False,False,3
controlled/HtoW/scenarios_Home_to_work__adv1_apple0_google0_samsung0_tile0__advtag-4c001219ff__20260130_081102/scenario_tx-1min_rot-1min.csv,4,TAG_TILE,1,3600.0,,94.09704542160034,1,0.0,0.0,0.0,False,False,False,False,3
controlled/HtoW/scenarios_Home_to_work__adv1_apple0_google0_samsung0_tile0__advtag-4c001219ff__20260130_081102/scenario_tx-1min_rot-1min.csv,5,TAG_TILE,1,3600.0,,0.0,1,0.0,0.0,0.0,False,False,False,False,3
controlled/HtoW/scenarios_Home_to_work__adv1_apple0_google0_samsung0_tile0__advtag-4c001219ff__20260130_081102/scenario_tx-1min_rot-5min.csv,2,TAG_APPLE,11,3600.0,,3114.172302722931,11,0.927848838241333,0.36363636363636365,0.36363636363636365,True,False,False,False,3
controlled/HtoW/scenarios_Home_to_work__adv1_apple0_google0_samsung0_tile0__advtag-4c001219ff__20260130_081102/scenario_tx-1min_rot-5min.csv,1,TAG_APPLE,33,3600.0,,3513.969890356064,33,0.8399938592335005,0.15151515151515152,0.15151515151515152,True,True,False,False,3
controlled/HtoW/scenarios_Home_to_work__adv1_apple0_google0_samsung0_tile0__advtag-4c001219ff__20260130_081102/scenario_tx-1min_rot-5min.csv,0,TAG_APPLE,21,3600.0,,3598.9700033664703,21,0.801297251632592,0.09523809523809523,0.09523809523809523,True,True,False,False,3
controlled/HtoW/scenarios_Home_to_work__adv1_apple0_google0_samsung0_tile0__advtag-4c001219ff__20260130_081102/scenario_tx-1min_rot-5min.csv,2,TAG_APPLE,56,7200.0,,3484.448180913925,56,0.7229338412349744,0.10714285714285714,0.10714285714285714,True,True,False,False,3
controlled/HtoW/scenarios_Home_to_work__adv1_apple0_google0_samsung0_tile0__advtag-4c001219ff__20260130_081102/scenario_tx-1min_rot-5min.csv,0,TAG_APPLE,57,7200.0,,3516.118794679642,45,0.6990767028637725,0.06666666666666667,0.06666666666666667,True,True,False,False,3
controlled/HtoW/scenarios_Home_to_work__adv1_apple0_google0_samsung0_tile0__advtag-4c001219ff__20260130_081102/scenario_tx-1min_rot-5min.csv,1,TAG_APPLE,33,7200.0,,3593.361763715744,32,0.548330331502428,0.09375,0.125,True,True,False,False,3
controlled/HtoW/scenarios_Home_to_work__adv1_apple0_google0_samsung0_tile0__advtag-4c001219ff__20260130_081102/scenario_tx-1min_rot-5min.csv,3,TAG_TILE,1,3600.0,,2894.0326144695277,1,0.0,0.0,1.0,True,False,False,False,3
controlled/HtoW/scenarios_Home_to_work__adv1_apple0_google0_samsung0_tile0__advtag-4c001219ff__20260130_081102/scenario_tx-1min_rot-5min.csv,4,TAG_TILE,1,3600.0,,277.4696617126465,1,0.0,0.0,0.0,False,False,False,False,3
controlled/HtoW/scenarios_Home_to_work__adv1_apple0_google0_samsung0_tile0__advtag-4c001219ff__20260130_081102/scenario_tx-1min_rot-5min.csv,5,TAG_TILE,1,3600.0,,577.9147005081177,1,0.0,0.0,1.0,False,False,False,False,3
controlled/HtoW/scenarios_Home_to_work__adv1_apple0_google0_samsung0_tile0__advtag-4c001219ff__20260130_081102/scenario_tx-1min_rot-5min.csv,0,TAG_APPLE,34,3600.0,,771.0463919639587,34,0.9396352111522377,0.08823529411764706,0.08823529411764706,False,True,False,False,3
controlled/HtoW/scenarios_Home_to_work__adv1_apple0_google0_samsung0_tile0__advtag-4c001219ff__20260130_081102/scenario_tx-1min_rot-5min.csv,1,TAG_APPLE,35,3600.0,,581.4246463775635,35,0.8275338804042398,0.0,0.0,False,True,False,False,3
controlled/HtoW/scenarios_Home_to_work__adv1_apple0_google0_samsung0_tile0__advtag-4c001219ff__20260130_081102/scenario_tx-1min_rot-5min.csv,2,TAG_APPLE,16,3600.0,,463.07082533836365,16,0.7559619166264849,0.0,0.0,False,True,False,False,3
controlled/HtoW/scenarios_Home_to_work__adv1_apple0_google0_samsung0_tile0__advtag-4c001219ff__20260130_081102/scenario_tx-1min_rot-5min.csv,3,TAG_TILE,2,3600.0,,504.30240750312805,2,0.0,0.0,0.0,False,False,False,False,3
controlled/HtoW/scenarios_Home_to_work__adv1_apple0_google0_samsung0_tile0__advtag-4c001219ff__20260130_081102/scenario_tx-1min_rot-5min.csv,4,TAG_TILE,1,3600.0,,94.09704542160034,1,0.0,0.0,0.0,False,False,False,False,3
controlled/HtoW/scenarios_Home_to_work__adv1_apple0_google0_samsung0_tile0__advtag-4c001219ff__20260130_081102/scenario_tx-1min_rot-5min.csv,5,TAG_TILE,1,3600.0,,0.0,1,0.0,0.0,0.0,False,False,False,False,3
controlled/HtoW/scenarios_Home_to_work__adv1_apple0_google0_samsung0_tile0__advtag-4c001219ff__20260130_081102/scenario_tx-15s_rot-1min.csv,0,TAG_APPLE,70,3600.0,,3596.1498172283173,70,0.883120921320757,0.6285714285714286,0.6285714285714286,True,True,False,False,3
controlled/HtoW/scenarios_Home_to_work__adv1_apple0_google0_samsung0_tile0__advtag-4c001219ff__20260130_081102/scenario_tx-15s_rot-1min.csv,1,TAG_APPLE,23,3600.0,,2995.119740486145,23,0.8450789926880563,0.2608695652173913,0.2608695652173913,True,True,False,False,3
controlled/HtoW/scenarios_Home_to_work__adv1_apple0_google0_samsung0_tile0__advtag-4c001219ff__20260130_081102/scenario_tx-15s_rot-1min.csv,2,TAG_APPLE,4,3600.0,,2890.875893354416,4,0.26394767521627505,0.25,0.25,True,False,False,False,3
controlled/HtoW/scenarios_Home_to_work__adv1_apple0_google0_samsung0_tile0__advtag-4c001219ff__20260130_081102/scenario_tx-15s_rot-1min.csv,0,TAG_APPLE,87,7200.0,,3520.1986994743343,84,0.863610087841372,0.4880952380952381,0.5,True,True,False,False,3
controlled/HtoW/scenarios_Home_to_work__adv1_apple0_google0_samsung0_tile0__advtag-4c001219ff__20260130_081102/scenario_tx-15s_rot-1min.csv,2,TAG_APPLE,36,7200.0,,3593.361763715744,33,0.7729182995779849,0.3333333333333333,0.42424242424242425,True,True,False,False,3
controlled/HtoW/scenarios_Home_to_work__adv1_apple0_google0_samsung0_tile0__advtag-4c001219ff__20260130_081102/scenario_tx-15s_rot-1min.csv,1,TAG_APPLE,49,7200.0,,3512.3824245929723,38,0.6826407558884607,0.21052631578947367,0.34210526315789475,True,True,False,False,3
controlled/HtoW/scenarios_Home_to_work__adv1_apple0_google0_samsung0_tile0__advtag-4c001219ff__20260130_081102/scenario_tx-15s_rot-1min.csv,3,TAG_TILE,1,3600.0,,2894.0326144695277,1,0.0,0.0,1.0,True,False,False,False,3
controlled/HtoW/scenarios_Home_to_work__adv1_apple0_google0_samsung0_tile0__advtag-4c001219ff__20260130_081102/scenario_tx-15s_rot-1min.csv,4,TAG_TILE,1,3600.0,,277.4696617126465,1,0.0,0.0,1.0,False,False,False,False,3
controlled/HtoW/scenarios_Home_to_work__adv1_apple0_google0_samsung0_tile0__advtag-4c001219ff__20260130_081102/scenario_tx-15s_rot-1min.csv,5,TAG_TILE,1,3600.0,,577.9147005081177,1,0.0,0.0,1.0,False,False,False,False,3
controlled/HtoW/scenarios_Home_to_work__adv1_apple0_google0_samsung0_tile0__advtag-4c001219ff__20260130_081102/scenario_tx-15s_rot-1min.csv,1,TAG_APPLE,21,3600.0,,771.0463919639587,21,0.9590330228073414,0.0,0.0,False,True,False,False,4
controlled/HtoW/scenarios_Home_to_work__adv1_apple0_google0_samsung0_tile0__advtag-4c001219ff__20260130_081102/scenario_tx-15s_rot-1min.csv,0,TAG_APPLE,41,3600.0,,759.2124996185303,41,0.9302149127653353,0.2682926829268293,0.2682926829268293,False,True,False,False,4
controlled/HtoW/scenarios_Home_to_work__adv1_apple0_google0_samsung0_tile0__advtag-4c001219ff__20260130_081102/scenario_tx-15s_rot-1min.csv,2,TAG_APPLE,23,3600.0,,407.2437994480133,23,0.8843444196711896,0.043478260869565216,0.043478260869565216,False,True,False,False,4
controlled/HtoW/scenarios_Home_to_work__adv1_apple0_google0_samsung0_tile0__advtag-4c001219ff__20260130_081102/scenario_tx-15s_rot-1min.csv,3,TAG_APPLE,7,3600.0,,382.5024645328522,7,0.7317399136014199,0.14285714285714285,0.14285714285714285,False,False,False,False,4
controlled/HtoW/scenarios_Home_to_work__adv1_apple0_google0_samsung0_tile0__advtag-4c001219ff__20260130_081102/scenario_tx-15s_rot-1min.csv,4,TAG_TILE,2,3600.0,,504.30240750312805,2,0.0,0.0,0.5,False,False,False,False,3
controlled/HtoW/scenarios_Home_to_work__adv1_apple0_google0_samsung0_tile0__advtag-4c001219ff__20260130_081102/scenario_tx-15s_rot-1min.csv,5,TAG_TILE,1,3600.0,,94.09704542160034,1,0.0,0.0,0.0,False,False,False,False,3
controlled/HtoW/scenarios_Home_to_work__adv1_apple0_google0_samsung0_tile0__advtag-4c001219ff__20260130_081102/scenario_tx-15s_rot-1min.csv,6,TAG_TILE,1,3600.0,,0.0,1,0.0,0.0,0.0,False,False,False,False,3
controlled/HtoW/scenarios_Home_to_work__adv1_apple0_google0_samsung0_tile0__advtag-4c001219ff__20260130_081102/scenario_tx-10s_rot-5min.csv,0,TAG_APPLE,31,3600.0,,3598.9700033664703,31,1.2291957359489523,0.3548387096774194,0.3548387096774194,True,True,True,True,3
controlled/HtoW/scenarios_Home_to_work__adv1_apple0_google0_samsung0_tile0__advtag-4c001219ff__20260130_081102/scenario_tx-10s_rot-5min.csv,1,TAG_APPLE,28,3600.0,,3513.969890356064,28,0.6918342347504531,0.0,0.0,True,True,False,False,3
controlled/HtoW/scenarios_Home_to_work__adv1_apple0_google0_samsung0_tile0__advtag-4c001219ff__20260130_081102/scenario_tx-10s_rot-5min.csv,2,TAG_APPLE,7,3600.0,,3062.508399963379,7,0.5708707813456898,0.0,0.0,True,False,False,False,3
controlled/HtoW/scenarios_Home_to_work__adv1_apple0_google0_samsung0_tile0__advtag-4c001219ff__20260130_081102/scenario_tx-10s_rot-5min.csv,2,TAG_APPLE,21,7200.0,,3593.361763715744,21,0.7941274290144053,0.0,0.0,True,True,False,False,3
controlled/HtoW/scenarios_Home_to_work__adv1_apple0_google0_samsung0_tile0__advtag-4c001219ff__20260130_081102/scenario_tx-10s_rot-5min.csv,1,TAG_APPLE,61,7200.0,,3484.448180913925,60,0.7878994178401165,0.0,0.0,True,True,False,False,3
controlled/HtoW/scenarios_Home_to_work__adv1_apple0_google0_samsung0_tile0__advtag-4c001219ff__20260130_081102/scenario_tx-10s_rot-5min.csv,0,TAG_APPLE,62,7200.0,,3587.3395214080815,50,0.6744450076116015,0.24,0.24,True,True,False,False,3
controlled/HtoW/scenarios_Home_to_work__adv1_apple0_google0_samsung0_tile0__advtag-4c001219ff__20260130_081102/scenario_tx-10s_rot-5min.csv,3,TAG_TILE,1,3600.0,,2894.0326144695277,1,0.0,0.0,0.0,True,False,False,False,3
controlled/HtoW/scenarios_Home_to_work__adv1_apple0_google0_samsung0_tile0__advtag-4c001219ff__20260130_081102/scenario_tx-10s_rot-5min.csv,4,TAG_TILE,1,3600.0,,277.4696617126465,1,0.0,0.0,0.0,False,False,False,False,3
controlled/HtoW/scenarios_Home_to_work__adv1_apple0_google0_samsung0_tile0__advtag-4c001219ff__20260130_081102/scenario_tx-10s_rot-5min.csv,5,TAG_TILE,1,3600.0,,577.9147005081177,1,0.0,0.0,0.0,False,False,False,False,3
controlled/HtoW/scenarios_Home_to_work__adv1_apple0_google0_samsung0_tile0__advtag-4c001219ff__20260130_081102/scenario_tx-10s_rot-5min.csv,0,TAG_APPLE,32,3600.0,,774.6988780498505,32,0.9661999908578248,0.09375,0.09375,False,True,False,False,3
controlled/HtoW/scenarios_Home_to_work__adv1_apple0_google0_samsung0_tile0__advtag-4c001219ff__20260130_081102/scenario_tx-10s_rot-5min.csv,1,TAG_APPLE,41,3600.0,,581.4246463775635,41,0.7899213478452569,0.0,0.0,False,True,False,False,3
controlled/HtoW/scenarios_Home_to_work__adv1_apple0_google0_samsung0_tile0__advtag-4c001219ff__20260130_081102/scenario_tx-10s_rot-5min.csv,2,TAG_APPLE,13,3600.0,,463.07082533836365,13,0.5400664058844237,0.0,0.0,False,False,False,False,3
controlled/HtoW/scenarios_Home_to_work__adv1_apple0_google0_samsung0_tile0__advtag-4c001219ff__20260130_081102/scenario_tx-10s_rot-5min.csv,3,TAG_TILE,2,3600.0,,504.30240750312805,2,0.0,0.0,0.0,False,False,False,False,3
controlled/HtoW/scenarios_Home_to_work__adv1_apple0_google0_samsung0_tile0__advtag-4c001219ff__20260130_081102/scenario_tx-10s_rot-5min.csv,4,TAG_TILE,1,3600.0,,94.09704542160034,1,0.0,0.0,0.0,False,False,False,False,3
controlled/HtoW/scenarios_Home_to_work__adv1_apple0_google0_samsung0_tile0__advtag-4c001219ff__20260130_081102/scenario_tx-10s_rot-5min.csv,5,TAG_TILE,1,3600.0,,0.0,1,0.0,0.0,0.0,False,False,False,False,3
controlled/HtoW/scenarios_Home_to_work__adv1_apple0_google0_samsung0_tile0__advtag-4c001219ff__20260130_081102/scenario_tx-10s_rot-10s.csv,1,TAG_APPLE,147,3600.0,,3583.1156265735626,147,0.9644495895132917,1.0,1.0,True,True,False,False,3
controlled/HtoW/scenarios_Home_to_work__adv1_apple0_google0_samsung0_tile0__advtag-4c001219ff__20260130_081102/scenario_tx-10s_rot-10s.csv,2,TAG_APPLE,30,3600.0,,3189.3680889606476,30,0.850272560720788,1.0,1.0,True,True,False,False,3
controlled/HtoW/scenarios_Home_to_work__adv1_apple0_google0_samsung0_tile0__advtag-4c001219ff__20260130_081102/scenario_tx-10s_rot-10s.csv,0,TAG_APPLE,21,3600.0,,3598.9700033664703,21,0.820098057508201,1.0,1.0,True,True,False,False,3
controlled/HtoW/scenarios_Home_to_work__adv1_apple0_google0_samsung0_tile0__advtag-4c001219ff__20260130_081102/scenario_tx-10s_rot-10s.csv,2,TAG_APPLE,38,7200.0,,3559.6467614173885,37,0.7950247006954498,1.0,1.0,True,True,False,False,3
controlled/HtoW/scenarios_Home_to_work__adv1_apple0_google0_samsung0_tile0__advtag-4c001219ff__20260130_081102/scenario_tx-10s_rot-10s.csv,0,TAG_APPLE,176,7200.0,,3591.5440604686737,150,0.7551052231408428,0.98,1.0,True,True,False,False,3
controlled/HtoW/scenarios_Home_to_work__adv1_apple0_google0_samsung0_tile0__advtag-4c001219ff__20260130_081102/scenario_tx-10s_rot-10s.csv,1,TAG_APPLE,47,7200.0,,3512.3824245929723,36,0.684461187108779,0.9166666666666666,1.0,True,True,False,False,3
controlled/HtoW/scenarios_Home_to_work__adv1_apple0_google0_samsung0_tile0__advtag-4c001219ff__20260130_081102/scenario_tx-10s_rot-10s.csv,3,TAG_TILE,1,3600.0,,2894.0326144695277,1,0.0,0.0,1.0,True,False,False,False,3
controlled/HtoW/scenarios_Home_to_work__adv1_apple0_google0_samsung0_tile0__advtag-4c001219ff__20260130_081102/scenario_tx-10s_rot-10s.csv,4,TAG_TILE,1,3600.0,,277.4696617126465,1,0.0,0.0,1.0,False,False,False,False,3
controlled/HtoW/scenarios_Home_to_work__adv1_apple0_google0_samsung0_tile0__advtag-4c001219ff__20260130_081102/scenario_tx-10s_rot-10s.csv,5,TAG_TILE,1,3600.0,,577.9147005081177,1,0.0,0.0,1.0,False,False,False,False,3
controlled/HtoW/scenarios_Home_to_work__adv1_apple0_google0_samsung0_tile0__advtag-4c001219ff__20260130_081102/scenario_tx-10s_rot-10s.csv,1,TAG_APPLE,32,3600.0,,771.0463919639587,32,0.9729550416919605,0.28125,0.28125,False,True,False,False,3
controlled/HtoW/scenarios_Home_to_work__adv1_apple0_google0_samsung0_tile0__advtag-4c001219ff__20260130_081102/scenario_tx-10s_rot-10s.csv,0,TAG_APPLE,79,3600.0,,772.4382741451263,79,0.8403179707366669,0.46835443037974683,0.46835443037974683,False,True,False,False,3
controlled/HtoW/scenarios_Home_to_work__adv1_apple0_google0_samsung0_tile0__advtag-4c001219ff__20260130_081102/scenario_tx-10s_rot-10s.csv,2,TAG_APPLE,7,3600.0,,412.20700907707214,7,0.7577663278534438,0.5714285714285714,0.5714285714285714,False,False,False,False,3
controlled/HtoW/scenarios_Home_to_work__adv1_apple0_google0_samsung0_tile0__advtag-4c001219ff__20260130_081102/scenario_tx-10s_rot-10s.csv,3,TAG_TILE,2,3600.0,,504.30240750312805,2,0.0,0.0,0.0,False,False,False,False,3
controlled/HtoW/scenarios_Home_to_work__adv1_apple0_google0_samsung0_tile0__advtag-4c001219ff__20260130_081102/scenario_tx-10s_rot-10s.csv,4,TAG_TILE,1,3600.0,,94.09704542160034,1,0.0,0.0,0.0,False,False,False,False,3
controlled/HtoW/scenarios_Home_to_work__adv1_apple0_google0_samsung0_tile0__advtag-4c001219ff__20260130_081102/scenario_tx-10s_rot-10s.csv,5,TAG_TILE,1,3600.0,,0.0,1,0.0,0.0,0.0,False,False,False,False,3
controlled/HtoW/scenarios_Home_to_work__adv1_apple0_google0_samsung0_tile0__advtag-4c001219ff__20260130_081102/scenario_tx-2s_rot-15min.csv,1,TAG_APPLE,25,3600.0,,3598.9700033664703,25,0.8530521862613187,0.16,0.16,True,True,False,False,3
controlled/HtoW/scenarios_Home_to_work__adv1_apple0_google0_samsung0_tile0__advtag-4c001219ff__20260130_081102/scenario_tx-2s_rot-15min.csv,0,TAG_APPLE,30,3600.0,,3513.969890356064,30,0.7822019958643639,0.0,0.0,True,True,False,False,3
controlled/HtoW/scenarios_Home_to_work__adv1_apple0_google0_samsung0_tile0__advtag-4c001219ff__20260130_081102/scenario_tx-2s_rot-15min.csv,2,TAG_APPLE,7,3600.0,,3062.508399963379,7,0.5861076883452028,0.0,0.0,True,False,False,False,3
controlled/HtoW/scenarios_Home_to_work__adv1_apple0_google0_samsung0_tile0__advtag-4c001219ff__20260130_081102/scenario_tx-2s_rot-15min.csv,1,TAG_APPLE,71,7200.0,,3588.45778465271,70,0.7457038746765488,0.0,0.02857142857142857,True,True,False,False,3
controlled/HtoW/scenarios_Home_to_work__adv1_apple0_google0_samsung0_tile0__advtag-4c001219ff__20260130_081102/scenario_tx-2s_rot-15min.csv,0,TAG_APPLE,55,7200.0,,3593.520092248917,44,0.7102867099502235,0.11363636363636363,0.11363636363636363,True,True,False,False,3
controlled/HtoW/scenarios_Home_to_work__adv1_apple0_google0_samsung0_tile0__advtag-4c001219ff__20260130_081102/scenario_tx-2s_rot-15min.csv,2,TAG_APPLE,18,7200.0,,3550.8579347133636,18,0.6652516777159632,0.0,0.0,True,True,False,False,3
controlled/HtoW/scenarios_Home_to_work__adv1_apple0_google0_samsung0_tile0__advtag-4c001219ff__20260130_081102/scenario_tx-2s_rot-15min.csv,3,TAG_TILE,1,3600.0,,2894.0326144695277,1,0.0,0.0,0.0,True,False,False,False,3
controlled/HtoW/scenarios_Home_to_work__adv1_apple0_google0_samsung0_tile0__advtag-4c001219ff__20260130_081102/scenario_tx-2s_rot-15min.csv,4,TAG_TILE,1,3600.0,,277.4696617126465,1,0.0,0.0,0.0,False,False,False,False,3
controlled/HtoW/scenarios_Home_to_work__adv1_apple0_google0_samsung0_tile0__advtag-4c001219ff__20260130_081102/scenario_tx-2s_rot-15min.csv,5,TAG_TILE,1,3600.0,,577.9147005081177,1,0.0,0.0,0.0,False,False,False,False,3
controlled/HtoW/scenarios_Home_to_work__adv1_apple0_google0_samsung0_tile0__advtag-4c001219ff__20260130_081102/scenario_tx-2s_rot-15min.csv,1,TAG_APPLE,23,3600.0,,774.6988780498505,23,0.9896595337154057,0.08695652173913043,0.08695652173913043,False,True,False,False,3
controlled/HtoW/scenarios_Home_to_work__adv1_apple0_google0_samsung0_tile0__advtag-4c001219ff__20260130_081102/scenario_tx-2s_rot-15min.csv,0,TAG_APPLE,46,3600.0,,617.1589939594269,46,0.8499249534641055,0.0,0.0,False,True,False,False,3
controlled/HtoW/scenarios_Home_to_work__adv1_apple0_google0_samsung0_tile0__advtag-4c001219ff__20260130_081102/scenario_tx-2s_rot-15min.csv,2,TAG_APPLE,17,3600.0,,463.07082533836365,17,0.7578653240032719,0.0,0.0,False,True,False,False,3
controlled/HtoW/scenarios_Home_to_work__adv1_apple0_google0_samsung0_tile0__advtag-4c001219ff__20260130_081102/scenario_tx-2s_rot-15min.csv,3,TAG_TILE,2,3600.0,,504.30240750312805,2,0.0,0.0,0.0,False,False,False,False,3
controlled/HtoW/scenarios_Home_to_work__adv1_apple0_google0_samsung0_tile0__advtag-4c001219ff__20260130_081102/scenario_tx-2s_rot-15min.csv,4,TAG_TILE,1,3600.0,,94.09704542160034,1,0.0,0.0,0.0,False,False,False,False,3
controlled/HtoW/scenarios_Home_to_work__adv1_apple0_google0_samsung0_tile0__advtag-4c001219ff__20260130_081102/scenario_tx-2s_rot-15min.csv,5,TAG_TILE,1,3600.0,,0.0,1,0.0,0.0,0.0,False,False,False,False,3
controlled/HtoW/scenarios_Home_to_work__adv1_apple0_google0_samsung0_tile0__advtag-4c001219ff__20260130_081102/scenario_tx-2s_rot-30s.csv,2,TAG_APPLE,92,3600.0,,3534.393525838852,92,1.082110031518188,0.9130434782608695,0.9130434782608695,True,True,True,True,3
controlled/HtoW/scenarios_Home_to_work__adv1_apple0_google0_samsung0_tile0__advtag-4c001219ff__20260130_081102/scenario_tx-2s_rot-30s.csv,0,TAG_APPLE,22,3600.0,,3598.9700033664703,22,0.647185871705447,0.5909090909090909,0.5909090909090909,True,True,False,False,3
controlled/HtoW/scenarios_Home_to_work__adv1_apple0_google0_samsung0_tile0__advtag-4c001219ff__20260130_081102/scenario_tx-2s_rot-30s.csv,1,TAG_APPLE,20,3600.0,,3441.321294784546,20,0.5174154495753104,0.25,0.25,True,True,False,False,3
controlled/HtoW/scenarios_Home_to_work__adv1_apple0_google0_samsung0_tile0__advtag-4c001219ff__20260130_081102/scenario_tx-2s_rot-30s.csv,1,TAG_APPLE,134,7200.0,,3593.361763715744,122,0.9877823391034125,0.8442622950819673,0.8442622950819673,True,True,False,False,3
controlled/HtoW/scenarios_Home_to_work__adv1_apple0_google0_samsung0_tile0__advtag-4c001219ff__20260130_081102/scenario_tx-2s_rot-30s.csv,2,TAG_APPLE,16,7200.0,,3485.8849697113037,16,0.6317010809157804,0.0625,0.375,True,True,False,False,3
controlled/HtoW/scenarios_Home_to_work__adv1_apple0_google0_samsung0_tile0__advtag-4c001219ff__20260130_081102/scenario_tx-2s_rot-30s.csv,0,TAG_APPLE,54,7200.0,,3567.7543294429784,42,0.5364727048779364,0.38095238095238093,0.5,True,True,False,False,3
controlled/HtoW/scenarios_Home_to_work__adv1_apple0_google0_samsung0_tile0__advtag-4c001219ff__20260130_081102/scenario_tx-2s_rot-30s.csv,3,TAG_TILE,1,3600.0,,2894.0326144695277,1,0.0,0.0,0.0,True,False,False,False,3
controlled/HtoW/scenarios_Home_to_work__adv1_apple0_google0_samsung0_tile0__advtag-4c001219ff__20260130_081102/scenario_tx-2s_rot-30s.csv,4,TAG_TILE,1,3600.0,,277.4696617126465,1,0.0,0.0,1.0,False,False,False,False,3
controlled/HtoW/scenarios_Home_to_work__adv1_apple0_google0_samsung0_tile0__advtag-4c001219ff__20260130_081102/scenario_tx-2s_rot-30s.csv,5,TAG_TILE,1,3600.0,,577.9147005081177,1,0.0,0.0,0.0,False,False,False,False,3
controlled/HtoW/scenarios_Home_to_work__adv1_apple0_google0_samsung0_tile0__advtag-4c001219ff__20260130_081102/scenario_tx-2s_rot-30s.csv,2,TAG_APPLE,37,3600.0,,771.7790851593018,37,1.367396149791289,0.6216216216216216,0.6216216216216216,False,True,True,False,5
controlled/HtoW/scenarios_Home_to_work__adv1_apple0_google0_samsung0_tile0__advtag-4c001219ff__20260130_081102/scenario_tx-2s_rot-30s.csv,0,TAG_APPLE,25,3600.0,,397.9358100891113,25,0.9427924142079338,0.0,0.0,False,True,False,False,5
controlled/HtoW/scenarios_Home_to_work__adv1_apple0_google0_samsung0_tile0__advtag-4c001219ff__20260130_081102/scenario_tx-2s_rot-30s.csv,1,TAG_APPLE,26,3600.0,,771.0463919639587,26,0.8956707871342201,0.07692307692307693,0.07692307692307693,False,True,False,False,5
controlled/HtoW/scenarios_Home_to_work__adv1_apple0_google0_samsung0_tile0__advtag-4c001219ff__20260130_081102/scenario_tx-2s_rot-30s.csv,3,TAG_APPLE,12,3600.0,,463.07082533836365,12,0.5908888879350691,0.0,0.0,False,False,False,False,5
controlled/HtoW/scenarios_Home_to_work__adv1_apple0_google0_samsung0_tile0__advtag-4c001219ff__20260130_081102/scenario_tx-2s_rot-30s.csv,4,TAG_APPLE,2,3600.0,,672.7929210662842,2,0.0,0.5,0.5,False,False,False,False,5
controlled/HtoW/scenarios_Home_to_work__adv1_apple0_google0_samsung0_tile0__advtag-4c001219ff__20260130_081102/scenario_tx-2s_rot-30s.csv,5,TAG_TILE,2,3600.0,,504.30240750312805,2,0.0,0.0,0.0,False,False,False,False,3
controlled/HtoW/scenarios_Home_to_work__adv1_apple0_google0_samsung0_tile0__advtag-4c001219ff__20260130_081102/scenario_tx-2s_rot-30s.csv,6,TAG_TILE,1,3600.0,,94.09704542160034,1,0.0,0.0,1.0,False,False,False,False,3
controlled/HtoW/scenarios_Home_to_work__adv1_apple0_google0_samsung0_tile0__advtag-4c001219ff__20260130_081102/scenario_tx-2s_rot-30s.csv,7,TAG_TILE,1,3600.0,,0.0,1,0.0,0.0,0.0,False,False,False,False,3
controlled/HtoW/scenarios_Home_to_work__adv1_apple0_google0_samsung0_tile0__advtag-4c001219ff__20260130_081102/scenario_tx-10s_rot-1min.csv,2,TAG_APPLE,58,3600.0,,3596.1498172283173,58,1.0104127920702217,0.7931034482758621,0.7931034482758621,True,True,True,True,4
controlled/HtoW/scenarios_Home_to_work__adv1_apple0_google0_samsung0_tile0__advtag-4c001219ff__20260130_081102/scenario_tx-10s_rot-1min.csv,0,TAG_APPLE,21,3600.0,,2272.5392932891846,21,0.7091683555650872,0.23809523809523808,0.23809523809523808,True,True,False,False,4
controlled/HtoW/scenarios_Home_to_work__adv1_apple0_google0_samsung0_tile0__advtag-4c001219ff__20260130_081102/scenario_tx-10s_rot-1min.csv,1,TAG_APPLE,7,3600.0,,3189.3680889606476,7,0.5711031116253235,0.14285714285714285,0.14285714285714285,True,False,False,False,4
controlled/HtoW/scenarios_Home_to_work__adv1_apple0_google0_samsung0_tile0__advtag-4c001219ff__20260130_081102/scenario_tx-10s_rot-1min.csv,3,TAG_APPLE,8,3600.0,,3141.2829933166513,8,0.5114120000009981,0.0,0.0,True,False,False,False,4
controlled/HtoW/scenarios_Home_to_work__adv1_apple0_google0_samsung0_tile0__advtag-4c001219ff__20260130_081102/scenario_tx-10s_rot-1min.csv,1,TAG_APPLE,70,7200.0,,3591.7158608436584,67,1.242457289863447,0.7014925373134329,0.7014925373134329,True,True,True,True,4
controlled/HtoW/scenarios_Home_to_work__adv1_apple0_google0_samsung0_tile0__advtag-4c001219ff__20260130_081102/scenario_tx-10s_rot-1min.csv,3,TAG_APPLE,22,7200.0,,3591.124566555023,22,0.8186490642124237,0.09090909090909091,0.2727272727272727,True,True,False,False,4
controlled/HtoW/scenarios_Home_to_work__adv1_apple0_google0_samsung0_tile0__advtag-4c001219ff__20260130_081102/scenario_tx-10s_rot-1min.csv,2,TAG_APPLE,26,7200.0,,3484.448180913925,26,0.7385804151119145,0.0,0.038461538461538464,True,True,False,False,4
controlled/HtoW/scenarios_Home_to_work__adv1_apple0_google0_samsung0_tile0__advtag-4c001219ff__20260130_081102/scenario_tx-10s_rot-1min.csv,0,TAG_APPLE,55,7200.0,,3516.118794679642,43,0.6804476843618007,0.2558139534883721,0.32558139534883723,True,True,False,False,4
controlled/HtoW/scenarios_Home_to_work__adv1_apple0_google0_samsung0_tile0__advtag-4c001219ff__20260130_081102/scenario_tx-10s_rot-1min.csv,4,TAG_TILE,1,3600.0,,2894.0326144695277,1,0.0,0.0,0.0,True,False,False,False,3
controlled/HtoW/scenarios_Home_to_work__adv1_apple0_google0_samsung0_tile0__advtag-4c001219ff__20260130_081102/scenario_tx-10s_rot-1min.csv,5,TAG_TILE,1,3600.0,,277.4696617126465,1,0.0,0.0,0.0,False,False,False,False,3
controlled/HtoW/scenarios_Home_to_work__adv1_apple0_google0_samsung0_tile0__advtag-4c001219ff__20260130_081102/scenario_tx-10s_rot-1min.csv,6,TAG_TILE,1,3600.0,,577.9147005081177,1,0.0,0.0,0.0,False,False,False,False,3
controlled/HtoW/scenarios_Home_to_work__adv1_apple0_google0_samsung0_tile0__advtag-4c001219ff__20260130_081102/scenario_tx-10s_rot-1min.csv,1,TAG_APPLE,21,3600.0,,774.6988780498505,21,0.9737070761573643,0.09523809523809523,0.09523809523809523,False,True,False,False,4
controlled/HtoW/scenarios_Home_to_work__adv1_apple0_google0_samsung0_tile0__advtag-4c001219ff__20260130_081102/scenario_tx-10s_rot-1min.csv,2,TAG_APPLE,28,3600.0,,581.4246463775635,28,0.8969752929308156,0.0,0.0,False,True,False,False,4
controlled/HtoW/scenarios_Home_to_work__adv1_apple0_google0_samsung0_tile0__advtag-4c001219ff__20260130_081102/scenario_tx-10s_rot-1min.csv,0,TAG_APPLE,37,3600.0,,698.5569813251495,37,0.8720202695758698,0.2972972972972973,0.2972972972972973,False,True,False,False,4
controlled/HtoW/scenarios_Home_to_work__adv1_apple0_google0_samsung0_tile0__advtag-4c001219ff__20260130_081102/scenario_tx-10s_rot-1min.csv,3,TAG_APPLE,6,3600.0,,382.5024645328522,6,0.46534611148751076,0.0,0.0,False,False,False,False,4
controlled/HtoW/scenarios_Home_to_work__adv1_apple0_google0_samsung0_tile0__advtag-4c001219ff__20260130_081102/scenario_tx-10s_rot-1min.csv,4,TAG_TILE,2,3600.0,,504.30240750312805,2,0.0,0.0,0.0,False,False,False,False,3
controlled/HtoW/scenarios_Home_to_work__adv1_apple0_google0_samsung0_tile0__advtag-4c001219ff__20260130_081102/scenario_tx-10s_rot-1min.csv,5,TAG_TILE,1,3600.0,,94.09704542160034,1,0.0,0.0,0.0,False,False,False,False,3
controlled/HtoW/scenarios_Home_to_work__adv1_apple0_google0_samsung0_tile0__advtag-4c001219ff__20260130_081102/scenario_tx-10s_rot-1min.csv,6,TAG_TILE,1,3600.0,,0.0,1,0.0,0.0,0.0,False,False,False,False,3
controlled/HtoW/scenarios_Home_to_work__adv1_apple0_google0_samsung0_tile0__advtag-4c001219ff__20260130_081102/scenario_tx-2s_rot-1min.csv,2,TAG_APPLE,50,3600.0,,3596.1498172283173,50,1.306611807391308,0.9,0.9,True,True,True,True,4
controlled/HtoW/scenarios_Home_to_work__adv1_apple0_google0_samsung0_tile0__advtag-4c001219ff__20260130_081102/scenario_tx-2s_rot-1min.csv,0,TAG_APPLE,22,3600.0,,2818.345631122589,22,0.6673612618766993,0.22727272727272727,0.22727272727272727,True,True,False,False,4
controlled/HtoW/scenarios_Home_to_work__adv1_apple0_google0_samsung0_tile0__advtag-4c001219ff__20260130_081102/scenario_tx-2s_rot-1min.csv,1,TAG_APPLE,22,3600.0,,3441.321294784546,22,0.4547102669309804,0.045454545454545456,0.045454545454545456,True,True,False,False,4
controlled/HtoW/scenarios_Home_to_work__adv1_apple0_google0_samsung0_tile0__advtag-4c001219ff__20260130_081102/scenario_tx-2s_rot-1min.csv,3,TAG_APPLE,4,3600.0,,2392.474401950836,4,0.31819694225688633,0.25,0.25,True,False,False,False,4
controlled/HtoW/scenarios_Home_to_work__adv1_apple0_google0_samsung0_tile0__advtag-4c001219ff__20260130_081102/scenario_tx-2s_rot-1min.csv,0,TAG_APPLE,67,7200.0,,3593.361763715744,66,1.642034481503824,0.7121212121212122,0.7121212121212122,True,True,True,True,7
controlled/HtoW/scenarios_Home_to_work__adv1_apple0_google0_samsung0_tile0__advtag-4c001219ff__20260130_081102/scenario_tx-2s_rot-1min.csv,2,TAG_APPLE,15,7200.0,,3528.1636481285095,12,0.940557636632735,0.4166666666666667,0.4166666666666667,True,False,False,False,7
controlled/HtoW/scenarios_Home_to_work__adv1_apple0_google0_samsung0_tile0__advtag-4c001219ff__20260130_081102/scenario_tx-2s_rot-1min.csv,5,TAG_APPLE,12,7200.0,,3548.620737552643,12,0.90366025836721,0.0,0.25,True,False,False,False,7
controlled/HtoW/scenarios_Home_to_work__adv1_apple0_google0_samsung0_tile0__advtag-4c001219ff__20260130_081102/scenario_tx-2s_rot-1min.csv,3,TAG_APPLE,14,7200.0,,3118.216058254242,14,0.8773904932684132,0.0,0.07142857142857142,True,False,False,False,7
controlled/HtoW/scenarios_Home_to_work__adv1_apple0_google0_samsung0_tile0__advtag-4c001219ff__20260130_081102/scenario_tx-2s_rot-1min.csv,6,TAG_APPLE,6,7200.0,,3508.261081933975,5,0.7728789020603191,0.0,0.0,True,False,False,False,7
controlled/HtoW/scenarios_Home_to_work__adv1_apple0_google0_samsung0_tile0__advtag-4c001219ff__20260130_081102/scenario_tx-2s_rot-1min.csv,1,TAG_APPLE,35,7200.0,,3593.520092248917,32,0.7293141904332353,0.25,0.3125,True,True,False,False,7
controlled/HtoW/scenarios_Home_to_work__adv1_apple0_google0_samsung0_tile0__advtag-4c001219ff__20260130_081102/scenario_tx-2s_rot-1min.csv,4,TAG_APPLE,24,7200.0,,3448.967123746872,24,0.5762664307078801,0.0,0.16666666666666666,True,True,False,False,7
controlled/HtoW/scenarios_Home_to_work__adv1_apple0_google0_samsung0_tile0__advtag-4c001219ff__20260130_081102/scenario_tx-2s_rot-1min.csv,7,TAG_TILE,1,3600.0,,2894.0326144695277,1,0.0,0.0,0.0,True,False,False,False,3
controlled/HtoW/scenarios_Home_to_work__adv1_apple0_google0_samsung0_tile0__advtag-4c001219ff__20260130_081102/scenario_tx-2s_rot-1min.csv,8,TAG_TILE,1,3600.0,,277.4696617126465,1,0.0,0.0,0.0,False,False,False,False,3
controlled/HtoW/scenarios_Home_to_work__adv1_apple0_google0_samsung0_tile0__advtag-4c001219ff__20260130_081102/scenario_tx-2s_rot-1min.csv,9,TAG_TILE,1,3600.0,,577.9147005081177,1,0.0,0.0,0.0,False,False,False,False,3
controlled/HtoW/scenarios_Home_to_work__adv1_apple0_google0_samsung0_tile0__advtag-4c001219ff__20260130_081102/scenario_tx-2s_rot-1min.csv,0,TAG_APPLE,40,3600.0,,774.6988780498505,40,0.9681064284898996,0.325,0.325,False,True,False,False,3
controlled/HtoW/scenarios_Home_to_work__adv1_apple0_google0_samsung0_tile0__advtag-4c001219ff__20260130_081102/scenario_tx-2s_rot-1min.csv,2,TAG_APPLE,42,3600.0,,636.8608703613281,42,0.7701229542680361,0.0,0.0,False,True,False,False,3
controlled/HtoW/scenarios_Home_to_work__adv1_apple0_google0_samsung0_tile0__advtag-4c001219ff__20260130_081102/scenario_tx-2s_rot-1min.csv,1,TAG_APPLE,11,3600.0,,382.5024645328522,11,0.6044625467447305,0.0,0.0,False,False,False,False,3
controlled/HtoW/scenarios_Home_to_work__adv1_apple0_google0_samsung0_tile0__advtag-4c001219ff__20260130_081102/scenario_tx-2s_rot-1min.csv,3,TAG_TILE,2,3600.0,,504.30240750312805,2,0.0,0.0,0.0,False,False,False,False,3
controlled/HtoW/scenarios_Home_to_work__adv1_apple0_google0_samsung0_tile0__advtag-4c001219ff__20260130_081102/scenario_tx-2s_rot-1min.csv,4,TAG_TILE,1,3600.0,,94.09704542160034,1,0.0,0.0,0.0,False,False,False,False,3
controlled/HtoW/scenarios_Home_to_work__adv1_apple0_google0_samsung0_tile0__advtag-4c001219ff__20260130_081102/scenario_tx-2s_rot-1min.csv,5,TAG_TILE,1,3600.0,,0.0,1,0.0,0.0,0.0,False,False,False,False,3
controlled/HtoW/scenarios_Home_to_work__adv1_apple0_google0_samsung0_tile0__advtag-4c001219ff__20260130_081102/scenario_tx-2s_rot-10s.csv,0,TAG_APPLE,153,3600.0,,3596.1498172283173,153,0.8067579544667988,1.0,1.0,True,True,False,False,3
controlled/HtoW/scenarios_Home_to_work__adv1_apple0_google0_samsung0_tile0__advtag-4c001219ff__20260130_081102/scenario_tx-2s_rot-10s.csv,1,TAG_APPLE,21,3600.0,,3585.9358127117157,21,0.646561752368853,1.0,1.0,True,True,False,False,3
controlled/HtoW/scenarios_Home_to_work__adv1_apple0_google0_samsung0_tile0__advtag-4c001219ff__20260130_081102/scenario_tx-2s_rot-10s.csv,2,TAG_APPLE,24,3600.0,,3171.715174674988,24,0.6119993214749614,1.0,1.0,True,True,False,False,3
controlled/HtoW/scenarios_Home_to_work__adv1_apple0_google0_samsung0_tile0__advtag-4c001219ff__20260130_081102/scenario_tx-2s_rot-10s.csv,2,TAG_APPLE,146,7200.0,,3585.5992226600647,125,0.9216444592002372,0.992,1.0,True,True,False,False,3
controlled/HtoW/scenarios_Home_to_work__adv1_apple0_google0_samsung0_tile0__advtag-4c001219ff__20260130_081102/scenario_tx-2s_rot-10s.csv,1,TAG_APPLE,62,7200.0,,3529.124816417694,56,0.7255975022198463,0.9107142857142857,1.0,True,True,False,False,3
controlled/HtoW/scenarios_Home_to_work__adv1_apple0_google0_samsung0_tile0__advtag-4c001219ff__20260130_081102/scenario_tx-2s_rot-10s.csv,0,TAG_APPLE,64,7200.0,,3593.520092248917,52,0.6789830272301303,0.9615384615384616,1.0,True,True,False,False,3
controlled/HtoW/scenarios_Home_to_work__adv1_apple0_google0_samsung0_tile0__advtag-4c001219ff__20260130_081102/scenario_tx-2s_rot-10s.csv,3,TAG_TILE,1,3600.0,,2894.0326144695277,1,0.0,0.0,1.0,True,False,False,False,3
controlled/HtoW/scenarios_Home_to_work__adv1_apple0_google0_samsung0_tile0__advtag-4c001219ff__20260130_081102/scenario_tx-2s_rot-10s.csv,4,TAG_TILE,1,3600.0,,277.4696617126465,1,0.0,0.0,1.0,False,False,False,False,3
controlled/HtoW/scenarios_Home_to_work__adv1_apple0_google0_samsung0_tile0__advtag-4c001219ff__20260130_081102/scenario_tx-2s_rot-10s.csv,5,TAG_TILE,1,3600.0,,577.9147005081177,1,0.0,0.0,1.0,False,False,False,False,3
controlled/HtoW/scenarios_Home_to_work__adv1_apple0_google0_samsung0_tile0__advtag-4c001219ff__20260130_081102/scenario_tx-2s_rot-10s.csv,0,TAG_APPLE,33,3600.0,,774.6988780498505,33,0.8552059045391551,0.3333333333333333,0.3333333333333333,False,True,False,False,3
controlled/HtoW/scenarios_Home_to_work__adv1_apple0_google0_samsung0_tile0__advtag-4c001219ff__20260130_081102/scenario_tx-2s_rot-10s.csv,1,TAG_APPLE,82,3600.0,,764.1416218280792,82,0.8063535297709209,0.6463414634146342,0.6463414634146342,False,True,False,False,3
controlled/HtoW/scenarios_Home_to_work__adv1_apple0_google0_samsung0_tile0__advtag-4c001219ff__20260130_081102/scenario_tx-2s_rot-10s.csv,2,TAG_APPLE,6,3600.0,,469.8655152320862,6,0.41674280345498943,0.6666666666666666,0.6666666666666666,False,False,False,False,3
controlled/HtoW/scenarios_Home_to_work__adv1_apple0_google0_samsung0_tile0__advtag-4c001219ff__20260130_081102/scenario_tx-2s_rot-10s.csv,3,TAG_TILE,2,3600.0,,504.30240750312805,2,0.0,0.0,0.0,False,False,False,False,3
controlled/HtoW/scenarios_Home_to_work__adv1_apple0_google0_samsung0_tile0__advtag-4c001219ff__20260130_081102/scenario_tx-2s_rot-10s.csv,4,TAG_TILE,1,3600.0,,94.09704542160034,1,0.0,0.0,1.0,False,False,False,False,3
controlled/HtoW/scenarios_Home_to_work__adv1_apple0_google0_samsung0_tile0__advtag-4c001219ff__20260130_081102/scenario_tx-2s_rot-10s.csv,5,TAG_TILE,1,3600.0,,0.0,1,0.0,0.0,0.0,False,False,False,False,3
controlled/HtoW/scenarios_Home_to_work__adv1_apple0_google0_samsung0_tile0__advtag-4c001219ff__20260130_081102/scenario_tx-30s_rot-5min.csv,4,TAG_APPLE,12,3600.0,,3263.14727973938,12,1.2037355381258759,0.6666666666666666,0.6666666666666666,True,False,True,True,15
controlled/HtoW/scenarios_Home_to_work__adv1_apple0_google0_samsung0_tile0__advtag-4c001219ff__20260130_081102/scenario_tx-30s_rot-5min.csv,14,TAG_APPLE,6,3600.0,,3598.6349246501927,6,0.9604202826769171,0.16666666666666666,0.16666666666666666,True,False,False,False,15
controlled/HtoW/scenarios_Home_to_work__adv1_apple0_google0_samsung0_tile0__advtag-4c001219ff__20260130_081102/scenario_tx-30s_rot-5min.csv,1,TAG_APPLE,10,3600.0,,3404.4954414367676,10,0.8666254324356993,0.0,0.0,True,False,False,False,15
controlled/HtoW/scenarios_Home_to_work__adv1_apple0_google0_samsung0_tile0__advtag-4c001219ff__20260130_081102/scenario_tx-30s_rot-5min.csv,0,TAG_APPLE,8,3600.0,,3171.158102750778,8,0.8551999964958006,0.0,0.0,True,False,False,False,15
controlled/HtoW/scenarios_Home_to_work__adv1_apple0_google0_samsung0_tile0__advtag-4c001219ff__20260130_081102/scenario_tx-30s_rot-5min.csv,7,TAG_APPLE,7,3600.0,,1560.4143149852753,7,0.8275539902153749,0.14285714285714285,0.14285714285714285,False,False,False,False,15
controlled/HtoW/scenarios_Home_to_work__adv1_apple0_google0_samsung0_tile0__advtag-4c001219ff__20260130_081102/scenario_tx-30s_rot-5min.csv,5,TAG_APPLE,5,3600.0,,1122.9047284126282,5,0.8225865796701952,0.0,0.0,False,False,False,False,15
controlled/HtoW/scenarios_Home_to_work__adv1_apple0_google0_samsung0_tile0__advtag-4c001219ff__20260130_081102/scenario_tx-30s_rot-5min.csv,6,TAG_APPLE,4,3600.0,,2969.1839673519135,4,0.7565640707203509,0.25,0.25,True,False,False,False,15
controlled/HtoW/scenarios_Home_to_work__adv1_apple0_google0_samsung0_tile0__advtag-4c001219ff__20260130_081102/scenario_tx-30s_rot-5min.csv,3,TAG_APPLE,4,3600.0,,2959.8791332244873,4,0.5740764449498891,0.0,0.0,True,False,False,False,15
controlled/HtoW/scenarios_Home_to_work__adv1_apple0_google0_samsung0_tile0__advtag-4c001219ff__20260130_081102/scenario_tx-30s_rot-5min.csv,2,TAG_APPLE,2,3600.0,,22.963974952697754,2,0.0,0.0,0.0,False,False,False,False,15
controlled/HtoW/scenarios_Home_to_work__adv1_apple0_google0_samsung0_tile0__advtag-4c001219ff__20260130_081102/scenario_tx-30s_rot-5min.csv,8,TAG_APPLE,2,3600.0,,697.4967739582071,2,0.0,0.0,0.0,False,False,False,False,15
controlled/HtoW/scenarios_Home_to_work__adv1_apple0_google0_samsung0_tile0__advtag-4c001219ff__20260130_081102/scenario_tx-30s_rot-5min.csv,3,TAG_APPLE,24,7200.0,,3593.361763715744,24,0.9962347780106234,0.0,0.0,True,True,False,False,4
controlled/HtoW/scenarios_Home_to_work__adv1_apple0_google0_samsung0_tile0__advtag-4c001219ff__20260130_081102/scenario_tx-30s_rot-5min.csv,0,TAG_APPLE,56,7200.0,,3590.1420643329625,53,0.8191290673729991,0.20754716981132076,0.20754716981132076,True,True,False,False,4
controlled/HtoW/scenarios_Home_to_work__adv1_apple0_google0_samsung0_tile0__advtag-4c001219ff__20260130_081102/scenario_tx-30s_rot-5min.csv,1,TAG_APPLE,49,7200.0,,3484.448180913925,48,0.7035697144889183,0.0,0.0625,True,True,False,False,4
controlled/HtoW/scenarios_Home_to_work__adv1_apple0_google0_samsung0_tile0__advtag-4c001219ff__20260130_081102/scenario_tx-30s_rot-5min.csv,2,TAG_APPLE,21,7200.0,,3508.2710678577423,16,0.5958886810837285,0.0625,0.0625,True,True,False,False,4
controlled/HtoW/scenarios_Home_to_work__adv1_apple0_google0_samsung0_tile0__advtag-4c001219ff__20260130_081102/scenario_tx-30s_rot-5min.csv,4,TAG_TILE,1,3600.0,,2894.0326144695277,1,0.0,0.0,1.0,True,False,False,False,3
controlled/HtoW/scenarios_Home_to_work__adv1_apple0_google0_samsung0_tile0__advtag-4c001219ff__20260130_081102/scenario_tx-30s_rot-5min.csv,5,TAG_TILE,1,3600.0,,277.4696617126465,1,0.0,0.0,0.0,False,False,False,False,3
controlled/HtoW/scenarios_Home_to_work__adv1_apple0_google0_samsung0_tile0__advtag-4c001219ff__20260130_081102/scenario_tx-30s_rot-5min.csv,6,TAG_TILE,1,3600.0,,577.9147005081177,1,0.0,0.0,1.0,False,False,False,False,3
controlled/HtoW/scenarios_Home_to_work__adv1_apple0_google0_samsung0_tile0__advtag-4c001219ff__20260130_081102/scenario_tx-30s_rot-5min.csv,0,TAG_APPLE,35,3600.0,,771.0463919639587,35,0.9182957800451022,0.08571428571428572,0.08571428571428572,False,True,False,False,3
controlled/HtoW/scenarios_Home_to_work__adv1_apple0_google0_samsung0_tile0__advtag-4c001219ff__20260130_081102/scenario_tx-30s_rot-5min.csv,1,TAG_APPLE,44,3600.0,,636.8608703613281,44,0.8257126637628406,0.0,0.0,False,True,False,False,3
controlled/HtoW/scenarios_Home_to_work__adv1_apple0_google0_samsung0_tile0__advtag-4c001219ff__20260130_081102/scenario_tx-30s_rot-5min.csv,2,TAG_APPLE,9,3600.0,,382.5024645328522,9,0.500080455988616,0.0,0.0,False,False,False,False,3
controlled/HtoW/scenarios_Home_to_work__adv1_apple0_google0_samsung0_tile0__advtag-4c001219ff__20260130_081102/scenario_tx-30s_rot-5min.csv,3,TAG_TILE,2,3600.0,,504.30240750312805,2,0.0,0.0,0.0,False,False,False,False,3
controlled/HtoW/scenarios_Home_to_work__adv1_apple0_google0_samsung0_tile0__advtag-4c001219ff__20260130_081102/scenario_tx-30s_rot-5min.csv,4,TAG_TILE,1,3600.0,,94.09704542160034,1,0.0,0.0,0.0,False,False,False,False,3
controlled/HtoW/scenarios_Home_to_work__adv1_apple0_google0_samsung0_tile0__advtag-4c001219ff__20260130_081102/scenario_tx-30s_rot-5min.csv,5,TAG_TILE,1,3600.0,,0.0,1,0.0,0.0,0.0,False,False,False,False,3
controlled/HtoW/scenarios_Home_to_work__adv2_apple0_google0_samsung0_tile0__advtag-4c001219fc-4c001219fd__20260130_081221/scenario_tx-10s_rot-5min.csv,2,TAG_APPLE,9,3600.0,,3598.2555553913116,9,4.977673179368545,1.0,1.0,True,False,True,True,3
controlled/HtoW/scenarios_Home_to_work__adv2_apple0_google0_samsung0_tile0__advtag-4c001219fc-4c001219fd__20260130_081221/scenario_tx-10s_rot-5min.csv,0,TAG_APPLE,29,3600.0,,3599.895208835602,29,1.8564403321206895,0.41379310344827586,0.41379310344827586,True,True,True,True,3
controlled/HtoW/scenarios_Home_to_work__adv2_apple0_google0_samsung0_tile0__advtag-4c001219fc-4c001219fd__20260130_081221/scenario_tx-10s_rot-5min.csv,1,TAG_APPLE,36,3600.0,,3513.969890356064,36,1.5682528179957276,0.027777777777777776,0.027777777777777776,True,True,True,True,3
controlled/HtoW/scenarios_Home_to_work__adv2_apple0_google0_samsung0_tile0__advtag-4c001219fc-4c001219fd__20260130_081221/scenario_tx-10s_rot-5min.csv,2,TAG_APPLE,12,7200.0,,3585.7611539363866,12,4.278305240126894,1.0,1.0,True,False,True,True,3
controlled/HtoW/scenarios_Home_to_work__adv2_apple0_google0_samsung0_tile0__advtag-4c001219fc-4c001219fd__20260130_081221/scenario_tx-10s_rot-5min.csv,1,TAG_APPLE,84,7200.0,,3593.361763715744,83,1.4960599445738878,0.0,0.012048192771084338,True,True,True,True,3
controlled/HtoW/scenarios_Home_to_work__adv2_apple0_google0_samsung0_tile0__advtag-4c001219fc-4c001219fd__20260130_081221/scenario_tx-10s_rot-5min.csv,0,TAG_APPLE,59,7200.0,,3597.0526485443115,47,1.4912972385968275,0.2553191489361702,0.2765957446808511,True,True,True,True,3
controlled/HtoW/scenarios_Home_to_work__adv2_apple0_google0_samsung0_tile0__advtag-4c001219fc-4c001219fd__20260130_081221/scenario_tx-10s_rot-5min.csv,3,TAG_TILE,1,3600.0,,2894.0326144695277,1,0.0,0.0,0.0,True,False,False,False,3
controlled/HtoW/scenarios_Home_to_work__adv2_apple0_google0_samsung0_tile0__advtag-4c001219fc-4c001219fd__20260130_081221/scenario_tx-10s_rot-5min.csv,4,TAG_TILE,1,3600.0,,277.4696617126465,1,0.0,0.0,0.0,False,False,False,False,3
controlled/HtoW/scenarios_Home_to_work__adv2_apple0_google0_samsung0_tile0__advtag-4c001219fc-4c001219fd__20260130_081221/scenario_tx-10s_rot-5min.csv,5,TAG_TILE,1,3600.0,,577.9147005081177,1,0.0,0.0,0.0,False,False,False,False,3
controlled/HtoW/scenarios_Home_to_work__adv2_apple0_google0_samsung0_tile0__advtag-4c001219fc-4c001219fd__20260130_081221/scenario_tx-10s_rot-5min.csv,0,TAG_APPLE,31,3600.0,,771.7917475700378,31,1.4103358573439944,0.0967741935483871,0.0967741935483871,False,True,True,False,3
controlled/HtoW/scenarios_Home_to_work__adv2_apple0_google0_samsung0_tile0__advtag-4c001219fc-4c001219fd__20260130_081221/scenario_tx-10s_rot-5min.csv,1,TAG_APPLE,53,3600.0,,636.8608703613281,53,1.1833515711676639,0.0,0.0,False,True,True,False,3
controlled/HtoW/scenarios_Home_to_work__adv2_apple0_google0_samsung0_tile0__advtag-4c001219fc-4c001219fd__20260130_081221/scenario_tx-10s_rot-5min.csv,2,TAG_APPLE,3,3600.0,,749.1938815116882,3,0.25352882706809776,1.0,1.0,False,False,False,False,3
controlled/HtoW/scenarios_Home_to_work__adv2_apple0_google0_samsung0_tile0__advtag-4c001219fc-4c001219fd__20260130_081221/scenario_tx-10s_rot-5min.csv,3,TAG_TILE,2,3600.0,,504.30240750312805,2,0.0,0.0,0.0,False,False,False,False,3
controlled/HtoW/scenarios_Home_to_work__adv2_apple0_google0_samsung0_tile0__advtag-4c001219fc-4c001219fd__20260130_081221/scenario_tx-10s_rot-5min.csv,4,TAG_TILE,1,3600.0,,94.09704542160034,1,0.0,0.0,0.0,False,False,False,False,3
controlled/HtoW/scenarios_Home_to_work__adv2_apple0_google0_samsung0_tile0__advtag-4c001219fc-4c001219fd__20260130_081221/scenario_tx-10s_rot-5min.csv,5,TAG_TILE,1,3600.0,,0.0,1,0.0,0.0,0.0,False,False,False,False,3
controlled/HtoW/scenarios_Home_to_work__adv1_apple0_google0_samsung0_tile0__advtag-4c001219ff__20260130_081102/scenario_tx-30s_rot-30s.csv,1,TAG_APPLE,71,3600.0,,3596.1498172283173,71,0.9579763817330993,0.7605633802816901,0.7605633802816901,True,True,False,False,3
controlled/HtoW/scenarios_Home_to_work__adv1_apple0_google0_samsung0_tile0__advtag-4c001219ff__20260130_081102/scenario_tx-30s_rot-30s.csv,0,TAG_APPLE,21,3600.0,,3359.927305459976,21,0.8685043260947932,0.47619047619047616,0.47619047619047616,True,True,False,False,3
controlled/HtoW/scenarios_Home_to_work__adv1_apple0_google0_samsung0_tile0__advtag-4c001219ff__20260130_081102/scenario_tx-30s_rot-30s.csv,2,TAG_APPLE,27,3600.0,,3337.68466091156,27,0.818672442901386,0.8888888888888888,0.8888888888888888,True,True,False,False,3
controlled/HtoW/scenarios_Home_to_work__adv1_apple0_google0_samsung0_tile0__advtag-4c001219ff__20260130_081102/scenario_tx-30s_rot-30s.csv,2,TAG_APPLE,76,7200.0,,3591.5440604686737,73,0.8499796588071533,0.684931506849315,0.7397260273972602,True,True,False,False,3
controlled/HtoW/scenarios_Home_to_work__adv1_apple0_google0_samsung0_tile0__advtag-4c001219ff__20260130_081102/scenario_tx-30s_rot-30s.csv,0,TAG_APPLE,62,7200.0,,3590.1420643329625,50,0.6834946533359252,0.4,0.48,True,True,False,False,3
controlled/HtoW/scenarios_Home_to_work__adv1_apple0_google0_samsung0_tile0__advtag-4c001219ff__20260130_081102/scenario_tx-30s_rot-30s.csv,1,TAG_APPLE,54,7200.0,,3559.6467614173885,52,0.6032892333469778,0.75,0.7884615384615384,True,True,False,False,3
controlled/HtoW/scenarios_Home_to_work__adv1_apple0_google0_samsung0_tile0__advtag-4c001219ff__20260130_081102/scenario_tx-30s_rot-30s.csv,3,TAG_TILE,1,3600.0,,2894.0326144695277,1,0.0,0.0,1.0,True,False,False,False,3
controlled/HtoW/scenarios_Home_to_work__adv1_apple0_google0_samsung0_tile0__advtag-4c001219ff__20260130_081102/scenario_tx-30s_rot-30s.csv,4,TAG_TILE,1,3600.0,,277.4696617126465,1,0.0,0.0,1.0,False,False,False,False,3
controlled/HtoW/scenarios_Home_to_work__adv1_apple0_google0_samsung0_tile0__advtag-4c001219ff__20260130_081102/scenario_tx-30s_rot-30s.csv,5,TAG_TILE,1,3600.0,,577.9147005081177,1,0.0,0.0,1.0,False,False,False,False,3
controlled/HtoW/scenarios_Home_to_work__adv1_apple0_google0_samsung0_tile0__advtag-4c001219ff__20260130_081102/scenario_tx-30s_rot-30s.csv,0,TAG_APPLE,30,3600.0,,771.0463919639587,30,0.9435363142687111,0.1,0.1,False,True,False,False,3
controlled/HtoW/scenarios_Home_to_work__adv1_apple0_google0_samsung0_tile0__advtag-4c001219ff__20260130_081102/scenario_tx-30s_rot-30s.csv,1,TAG_APPLE,53,3600.0,,746.7828028202057,53,0.8983797913517799,0.3018867924528302,0.3018867924528302,False,True,False,False,3
controlled/HtoW/scenarios_Home_to_work__adv1_apple0_google0_samsung0_tile0__advtag-4c001219ff__20260130_081102/scenario_tx-30s_rot-30s.csv,2,TAG_APPLE,13,3600.0,,469.8655152320862,13,0.6070939345509739,0.3076923076923077,0.3076923076923077,False,False,False,False,3
controlled/HtoW/scenarios_Home_to_work__adv1_apple0_google0_samsung0_tile0__advtag-4c001219ff__20260130_081102/scenario_tx-30s_rot-30s.csv,3,TAG_TILE,2,3600.0,,504.30240750312805,2,0.0,0.0,0.0,False,False,False,False,3
controlled/HtoW/scenarios_Home_to_work__adv1_apple0_google0_samsung0_tile0__advtag-4c001219ff__20260130_081102/scenario_tx-30s_rot-30s.csv,4,TAG_TILE,1,3600.0,,94.09704542160034,1,0.0,0.0,0.0,False,False,False,False,3
controlled/HtoW/scenarios_Home_to_work__adv1_apple0_google0_samsung0_tile0__advtag-4c001219ff__20260130_081102/scenario_tx-30s_rot-30s.csv,5,TAG_TILE,1,3600.0,,0.0,1,0.0,0.0,0.0,False,False,False,False,3
controlled/HtoW/scenarios_Home_to_work__adv1_apple0_google0_samsung0_tile0__advtag-4c001219ff__20260130_081102/scenario_tx-30s_rot-1min.csv,0,TAG_APPLE,58,3600.0,,3596.1498172283173,58,0.859960438944065,0.6206896551724138,0.6206896551724138,True,True,False,False,3
controlled/HtoW/scenarios_Home_to_work__adv1_apple0_google0_samsung0_tile0__advtag-4c001219ff__20260130_081102/scenario_tx-30s_rot-1min.csv,1,TAG_APPLE,21,3600.0,,3392.7450613975525,21,0.8047049970394076,0.3333333333333333,0.3333333333333333,True,True,False,False,3
controlled/HtoW/scenarios_Home_to_work__adv1_apple0_google0_samsung0_tile0__advtag-4c001219ff__20260130_081102/scenario_tx-30s_rot-1min.csv,2,TAG_APPLE,15,3600.0,,3176.3048918247223,15,0.7772329622105499,0.5333333333333333,0.5333333333333333,True,True,False,False,3
controlled/HtoW/scenarios_Home_to_work__adv1_apple0_google0_samsung0_tile0__advtag-4c001219ff__20260130_081102/scenario_tx-30s_rot-1min.csv,0,TAG_APPLE,78,7200.0,,3524.506516933441,77,0.849698081621635,0.4675324675324675,0.4805194805194805,True,True,False,False,3
controlled/HtoW/scenarios_Home_to_work__adv1_apple0_google0_samsung0_tile0__advtag-4c001219ff__20260130_081102/scenario_tx-30s_rot-1min.csv,1,TAG_APPLE,50,7200.0,,3516.118794679642,39,0.7169884356747378,0.20512820512820512,0.3076923076923077,True,True,False,False,3
controlled/HtoW/scenarios_Home_to_work__adv1_apple0_google0_samsung0_tile0__advtag-4c001219ff__20260130_081102/scenario_tx-30s_rot-1min.csv,2,TAG_APPLE,48,7200.0,,3593.361763715744,46,0.5251267290341548,0.34782608695652173,0.41304347826086957,True,True,False,False,3
controlled/HtoW/scenarios_Home_to_work__adv1_apple0_google0_samsung0_tile0__advtag-4c001219ff__20260130_081102/scenario_tx-30s_rot-1min.csv,3,TAG_TILE,1,3600.0,,2894.0326144695277,1,0.0,0.0,0.0,True,False,False,False,3
controlled/HtoW/scenarios_Home_to_work__adv1_apple0_google0_samsung0_tile0__advtag-4c001219ff__20260130_081102/scenario_tx-30s_rot-1min.csv,4,TAG_TILE,1,3600.0,,277.4696617126465,1,0.0,0.0,1.0,False,False,False,False,3
controlled/HtoW/scenarios_Home_to_work__adv1_apple0_google0_samsung0_tile0__advtag-4c001219ff__20260130_081102/scenario_tx-30s_rot-1min.csv,5,TAG_TILE,1,3600.0,,577.9147005081177,1,0.0,0.0,0.0,False,False,False,False,3
controlled/HtoW/scenarios_Home_to_work__adv1_apple0_google0_samsung0_tile0__advtag-4c001219ff__20260130_081102/scenario_tx-30s_rot-1min.csv,1,TAG_APPLE,30,3600.0,,771.0463919639587,30,0.9452177199178244,0.1,0.1,False,True,False,False,3
controlled/HtoW/scenarios_Home_to_work__adv1_apple0_google0_samsung0_tile0__advtag-4c001219ff__20260130_081102/scenario_tx-30s_rot-1min.csv,0,TAG_APPLE,54,3600.0,,746.7828028202057,54,0.8869369757086604,0.18518518518518517,0.18518518518518517,False,True,False,False,3
controlled/HtoW/scenarios_Home_to_work__adv1_apple0_google0_samsung0_tile0__advtag-4c001219ff__20260130_081102/scenario_tx-30s_rot-1min.csv,2,TAG_APPLE,6,3600.0,,382.5024645328522,6,0.4671132714061632,0.0,0.0,False,False,False,False,3
controlled/HtoW/scenarios_Home_to_work__adv1_apple0_google0_samsung0_tile0__advtag-4c001219ff__20260130_081102/scenario_tx-30s_rot-1min.csv,3,TAG_TILE,2,3600.0,,504.30240750312805,2,0.0,0.0,0.0,False,False,False,False,3
controlled/HtoW/scenarios_Home_to_work__adv1_apple0_google0_samsung0_tile0__advtag-4c001219ff__20260130_081102/scenario_tx-30s_rot-1min.csv,4,TAG_TILE,1,3600.0,,94.09704542160034,1,0.0,0.0,0.0,False,False,False,False,3
controlled/HtoW/scenarios_Home_to_work__adv1_apple0_google0_samsung0_tile0__advtag-4c001219ff__20260130_081102/scenario_tx-30s_rot-1min.csv,5,TAG_TILE,1,3600.0,,0.0,1,0.0,0.0,0.0,False,False,False,False,3
controlled/HtoW/scenarios_Home_to_work__adv1_apple0_google0_samsung0_tile0__advtag-4c001219ff__20260130_081102/scenario_tx-30s_rot-15min.csv,0,TAG_APPLE,26,3600.0,,3598.9700033664703,26,0.9387921435101462,0.15384615384615385,0.15384615384615385,True,True,False,False,3
controlled/HtoW/scenarios_Home_to_work__adv1_apple0_google0_samsung0_tile0__advtag-4c001219ff__20260130_081102/scenario_tx-30s_rot-15min.csv,1,TAG_APPLE,29,3600.0,,3513.969890356064,29,0.7094607096316754,0.0,0.0,True,True,False,False,3
controlled/HtoW/scenarios_Home_to_work__adv1_apple0_google0_samsung0_tile0__advtag-4c001219ff__20260130_081102/scenario_tx-30s_rot-15min.csv,2,TAG_APPLE,7,3600.0,,3062.508399963379,7,0.5849071776820634,0.0,0.0,True,False,False,False,3
controlled/HtoW/scenarios_Home_to_work__adv1_apple0_google0_samsung0_tile0__advtag-4c001219ff__20260130_081102/scenario_tx-30s_rot-15min.csv,2,TAG_APPLE,19,7200.0,,3593.361763715744,19,0.8023465635985045,0.0,0.10526315789473684,True,True,False,False,3
controlled/HtoW/scenarios_Home_to_work__adv1_apple0_google0_samsung0_tile0__advtag-4c001219ff__20260130_081102/scenario_tx-30s_rot-15min.csv,1,TAG_APPLE,68,7200.0,,3484.448180913925,67,0.7670662293362853,0.0,0.0,True,True,False,False,3
controlled/HtoW/scenarios_Home_to_work__adv1_apple0_google0_samsung0_tile0__advtag-4c001219ff__20260130_081102/scenario_tx-30s_rot-15min.csv,0,TAG_APPLE,57,7200.0,,3590.1420643329625,46,0.7006042477149075,0.10869565217391304,0.10869565217391304,True,True,False,False,3
controlled/HtoW/scenarios_Home_to_work__adv1_apple0_google0_samsung0_tile0__advtag-4c001219ff__20260130_081102/scenario_tx-30s_rot-15min.csv,3,TAG_TILE,1,3600.0,,2894.0326144695277,1,0.0,0.0,0.0,True,False,False,False,3
controlled/HtoW/scenarios_Home_to_work__adv1_apple0_google0_samsung0_tile0__advtag-4c001219ff__20260130_081102/scenario_tx-30s_rot-15min.csv,4,TAG_TILE,1,3600.0,,277.4696617126465,1,0.0,0.0,0.0,False,False,False,False,3
controlled/HtoW/scenarios_Home_to_work__adv1_apple0_google0_samsung0_tile0__advtag-4c001219ff__20260130_081102/scenario_tx-30s_rot-15min.csv,5,TAG_TILE,1,3600.0,,577.9147005081177,1,0.0,0.0,0.0,False,False,False,False,3
controlled/HtoW/scenarios_Home_to_work__adv1_apple0_google0_samsung0_tile0__advtag-4c001219ff__20260130_081102/scenario_tx-30s_rot-15min.csv,0,TAG_APPLE,32,3600.0,,771.0463919639587,32,0.9347561943316292,0.0625,0.0625,False,True,False,False,3
controlled/HtoW/scenarios_Home_to_work__adv1_apple0_google0_samsung0_tile0__advtag-4c001219ff__20260130_081102/scenario_tx-30s_rot-15min.csv,1,TAG_APPLE,48,3600.0,,636.8608703613281,48,0.7978687774806091,0.0,0.0,False,True,False,False,3
controlled/HtoW/scenarios_Home_to_work__adv1_apple0_google0_samsung0_tile0__advtag-4c001219ff__20260130_081102/scenario_tx-30s_rot-15min.csv,2,TAG_APPLE,6,3600.0,,382.5024645328522,6,0.4775925871504376,0.0,0.0,False,False,False,False,3
controlled/HtoW/scenarios_Home_to_work__adv1_apple0_google0_samsung0_tile0__advtag-4c001219ff__20260130_081102/scenario_tx-30s_rot-15min.csv,3,TAG_TILE,2,3600.0,,504.30240750312805,2,0.0,0.0,0.0,False,False,False,False,3
controlled/HtoW/scenarios_Home_to_work__adv1_apple0_google0_samsung0_tile0__advtag-4c001219ff__20260130_081102/scenario_tx-30s_rot-15min.csv,4,TAG_TILE,1,3600.0,,94.09704542160034,1,0.0,0.0,0.0,False,False,False,False,3
controlled/HtoW/scenarios_Home_to_work__adv1_apple0_google0_samsung0_tile0__advtag-4c001219ff__20260130_081102/scenario_tx-30s_rot-15min.csv,5,TAG_TILE,1,3600.0,,0.0,1,0.0,0.0,0.0,False,False,False,False,3
controlled/HtoW/scenarios_Home_to_work__adv2_apple0_google0_samsung0_tile0__advtag-4c001219fc-4c001219fd__20260130_081221/scenario_tx-10s_rot-15min.csv,2,TAG_APPLE,3,3600.0,,3161.106304883957,3,2.9103799026432395,1.0,1.0,True,False,True,True,3
controlled/HtoW/scenarios_Home_to_work__adv2_apple0_google0_samsung0_tile0__advtag-4c001219fc-4c001219fd__20260130_081221/scenario_tx-10s_rot-15min.csv,0,TAG_APPLE,22,3600.0,,3599.895208835602,22,1.3614400058677056,0.18181818181818182,0.18181818181818182,True,True,True,True,3
controlled/HtoW/scenarios_Home_to_work__adv2_apple0_google0_samsung0_tile0__advtag-4c001219fc-4c001219fd__20260130_081221/scenario_tx-10s_rot-15min.csv,1,TAG_APPLE,38,3600.0,,3513.969890356064,38,1.1891806952690362,0.0,0.0,True,True,True,True,3
controlled/HtoW/scenarios_Home_to_work__adv2_apple0_google0_samsung0_tile0__advtag-4c001219fc-4c001219fd__20260130_081221/scenario_tx-10s_rot-15min.csv,2,TAG_APPLE,5,7200.0,,3585.7611539363866,5,2.615136156899369,1.0,1.0,True,False,True,True,3
controlled/HtoW/scenarios_Home_to_work__adv2_apple0_google0_samsung0_tile0__advtag-4c001219fc-4c001219fd__20260130_081221/scenario_tx-10s_rot-15min.csv,0,TAG_APPLE,93,7200.0,,3593.361763715744,92,1.3628761852160418,0.0,0.03260869565217391,True,True,True,True,3
controlled/HtoW/scenarios_Home_to_work__adv2_apple0_google0_samsung0_tile0__advtag-4c001219fc-4c001219fd__20260130_081221/scenario_tx-10s_rot-15min.csv,1,TAG_APPLE,48,7200.0,,3597.0526485443115,37,1.1387494662075424,0.13513513513513514,0.13513513513513514,True,True,True,True,3
controlled/HtoW/scenarios_Home_to_work__adv2_apple0_google0_samsung0_tile0__advtag-4c001219fc-4c001219fd__20260130_081221/scenario_tx-10s_rot-15min.csv,3,TAG_TILE,1,3600.0,,2894.0326144695277,1,0.0,0.0,0.0,True,False,False,False,3
controlled/HtoW/scenarios_Home_to_work__adv2_apple0_google0_samsung0_tile0__advtag-4c001219fc-4c001219fd__20260130_081221/scenario_tx-10s_rot-15min.csv,4,TAG_TILE,1,3600.0,,277.4696617126465,1,0.0,0.0,0.0,False,False,False,False,3
controlled/HtoW/scenarios_Home_to_work__adv2_apple0_google0_samsung0_tile0__advtag-4c001219fc-4c001219fd__20260130_081221/scenario_tx-10s_rot-15min.csv,5,TAG_TILE,1,3600.0,,577.9147005081177,1,0.0,0.0,0.0,False,False,False,False,3
controlled/HtoW/scenarios_Home_to_work__adv2_apple0_google0_samsung0_tile0__advtag-4c001219fc-4c001219fd__20260130_081221/scenario_tx-10s_rot-15min.csv,1,TAG_APPLE,25,3600.0,,771.7917475700378,25,1.4712170217719973,0.08,0.08,False,True,True,False,3
controlled/HtoW/scenarios_Home_to_work__adv2_apple0_google0_samsung0_tile0__advtag-4c001219fc-4c001219fd__20260130_081221/scenario_tx-10s_rot-15min.csv,0,TAG_APPLE,61,3600.0,,672.5952179431915,61,1.1668080801188132,0.0,0.0,False,True,True,False,3
controlled/HtoW/scenarios_Home_to_work__adv2_apple0_google0_samsung0_tile0__advtag-4c001219fc-4c001219fd__20260130_081221/scenario_tx-10s_rot-15min.csv,2,TAG_APPLE,2,3600.0,,749.1938815116882,2,0.0,1.0,1.0,False,False,False,False,3
controlled/HtoW/scenarios_Home_to_work__adv2_apple0_google0_samsung0_tile0__advtag-4c001219fc-4c001219fd__20260130_081221/scenario_tx-10s_rot-15min.csv,3,TAG_TILE,2,3600.0,,504.30240750312805,2,0.0,0.0,0.0,False,False,False,False,3
controlled/HtoW/scenarios_Home_to_work__adv2_apple0_google0_samsung0_tile0__advtag-4c001219fc-4c001219fd__20260130_081221/scenario_tx-10s_rot-15min.csv,4,TAG_TILE,1,3600.0,,94.09704542160034,1,0.0,0.0,0.0,False,False,False,False,3
controlled/HtoW/scenarios_Home_to_work__adv2_apple0_google0_samsung0_tile0__advtag-4c001219fc-4c001219fd__20260130_081221/scenario_tx-10s_rot-15min.csv,5,TAG_TILE,1,3600.0,,0.0,1,0.0,0.0,0.0,False,False,False,False,3
controlled/HtoW/scenarios_Home_to_work__adv1_apple0_google0_samsung0_tile0__advtag-4c001219ff__20260130_081102/scenario_tx-2s_rot-5min.csv,0,TAG_APPLE,30,3600.0,,3598.9700033664703,30,1.2366013555956143,0.3333333333333333,0.3333333333333333,True,True,True,True,3
controlled/HtoW/scenarios_Home_to_work__adv1_apple0_google0_samsung0_tile0__advtag-4c001219ff__20260130_081102/scenario_tx-2s_rot-5min.csv,1,TAG_APPLE,29,3600.0,,3513.969890356064,29,0.7094469947679345,0.034482758620689655,0.034482758620689655,True,True,False,False,3
controlled/HtoW/scenarios_Home_to_work__adv1_apple0_google0_samsung0_tile0__advtag-4c001219ff__20260130_081102/scenario_tx-2s_rot-5min.csv,2,TAG_APPLE,7,3600.0,,3062.508399963379,7,0.5762868660256294,0.0,0.0,True,False,False,False,3
controlled/HtoW/scenarios_Home_to_work__adv1_apple0_google0_samsung0_tile0__advtag-4c001219ff__20260130_081102/scenario_tx-2s_rot-5min.csv,2,TAG_APPLE,23,7200.0,,3548.620737552643,23,0.9562210916129487,0.0,0.0,True,True,False,False,3
controlled/HtoW/scenarios_Home_to_work__adv1_apple0_google0_samsung0_tile0__advtag-4c001219ff__20260130_081102/scenario_tx-2s_rot-5min.csv,1,TAG_APPLE,64,7200.0,,3593.361763715744,64,0.7100775195796197,0.0,0.015625,True,True,False,False,3
controlled/HtoW/scenarios_Home_to_work__adv1_apple0_google0_samsung0_tile0__advtag-4c001219ff__20260130_081102/scenario_tx-2s_rot-5min.csv,0,TAG_APPLE,62,7200.0,,3593.520092248917,51,0.6912488778837789,0.23529411764705882,0.23529411764705882,True,True,False,False,3
controlled/HtoW/scenarios_Home_to_work__adv1_apple0_google0_samsung0_tile0__advtag-4c001219ff__20260130_081102/scenario_tx-2s_rot-5min.csv,3,TAG_TILE,1,3600.0,,2894.0326144695277,1,0.0,0.0,0.0,True,False,False,False,3
controlled/HtoW/scenarios_Home_to_work__adv1_apple0_google0_samsung0_tile0__advtag-4c001219ff__20260130_081102/scenario_tx-2s_rot-5min.csv,4,TAG_TILE,1,3600.0,,277.4696617126465,1,0.0,0.0,0.0,False,False,False,False,3
controlled/HtoW/scenarios_Home_to_work__adv1_apple0_google0_samsung0_tile0__advtag-4c001219ff__20260130_081102/scenario_tx-2s_rot-5min.csv,5,TAG_TILE,1,3600.0,,577.9147005081177,1,0.0,0.0,0.0,False,False,False,False,3
controlled/HtoW/scenarios_Home_to_work__adv1_apple0_google0_samsung0_tile0__advtag-4c001219ff__20260130_081102/scenario_tx-2s_rot-5min.csv,0,TAG_APPLE,35,3600.0,,774.6988780498505,35,0.9179355364834796,0.08571428571428572,0.08571428571428572,False,True,False,False,3
controlled/HtoW/scenarios_Home_to_work__adv1_apple0_google0_samsung0_tile0__advtag-4c001219ff__20260130_081102/scenario_tx-2s_rot-5min.csv,1,TAG_APPLE,44,3600.0,,636.8608703613281,44,0.8257409450338944,0.0,0.0,False,True,False,False,3
controlled/HtoW/scenarios_Home_to_work__adv1_apple0_google0_samsung0_tile0__advtag-4c001219ff__20260130_081102/scenario_tx-2s_rot-5min.csv,2,TAG_APPLE,9,3600.0,,382.5024645328522,9,0.4999842900207329,0.0,0.0,False,False,False,False,3
controlled/HtoW/scenarios_Home_to_work__adv1_apple0_google0_samsung0_tile0__advtag-4c001219ff__20260130_081102/scenario_tx-2s_rot-5min.csv,3,TAG_TILE,2,3600.0,,504.30240750312805,2,0.0,0.0,0.0,False,False,False,False,3
controlled/HtoW/scenarios_Home_to_work__adv1_apple0_google0_samsung0_tile0__advtag-4c001219ff__20260130_081102/scenario_tx-2s_rot-5min.csv,4,TAG_TILE,1,3600.0,,94.09704542160034,1,0.0,0.0,0.0,False,False,False,False,3
controlled/HtoW/scenarios_Home_to_work__adv1_apple0_google0_samsung0_tile0__advtag-4c001219ff__20260130_081102/scenario_tx-2s_rot-5min.csv,5,TAG_TILE,1,3600.0,,0.0,1,0.0,0.0,0.0,False,False,False,False,3
controlled/HtoW/scenarios_Home_to_work__adv2_apple0_google0_samsung0_tile0__advtag-4c001219fc-4c001219fd__20260130_081221/scenario_tx-15s_rot-15min.csv,0,TAG_APPLE,21,3600.0,,3599.895208835602,21,1.2035017203166267,0.09523809523809523,0.09523809523809523,True,True,True,True,3
controlled/HtoW/scenarios_Home_to_work__adv2_apple0_google0_samsung0_tile0__advtag-4c001219fc-4c001219fd__20260130_081221/scenario_tx-15s_rot-15min.csv,1,TAG_APPLE,36,3600.0,,3513.969890356064,36,1.0170248357771488,0.0,0.0,True,True,True,True,3
controlled/HtoW/scenarios_Home_to_work__adv2_apple0_google0_samsung0_tile0__advtag-4c001219fc-4c001219fd__20260130_081221/scenario_tx-15s_rot-15min.csv,2,TAG_APPLE,4,3600.0,,3588.1325721740723,4,0.43369511714059095,1.0,1.0,True,False,False,False,3
controlled/HtoW/scenarios_Home_to_work__adv2_apple0_google0_samsung0_tile0__advtag-4c001219fc-4c001219fd__20260130_081221/scenario_tx-15s_rot-15min.csv,2,TAG_APPLE,5,7200.0,,3579.445692062378,5,1.724308348560335,1.0,1.0,True,False,True,True,3
controlled/HtoW/scenarios_Home_to_work__adv2_apple0_google0_samsung0_tile0__advtag-4c001219fc-4c001219fd__20260130_081221/scenario_tx-15s_rot-15min.csv,1,TAG_APPLE,89,7200.0,,3593.361763715744,88,1.1061060462278063,0.0,0.011363636363636364,True,True,True,True,3
controlled/HtoW/scenarios_Home_to_work__adv2_apple0_google0_samsung0_tile0__advtag-4c001219fc-4c001219fd__20260130_081221/scenario_tx-15s_rot-15min.csv,0,TAG_APPLE,50,7200.0,,3586.3988404273987,39,1.0554986385217098,0.1282051282051282,0.1282051282051282,True,True,True,True,3
controlled/HtoW/scenarios_Home_to_work__adv2_apple0_google0_samsung0_tile0__advtag-4c001219fc-4c001219fd__20260130_081221/scenario_tx-15s_rot-15min.csv,3,TAG_TILE,1,3600.0,,2894.0326144695277,1,0.0,0.0,0.0,True,False,False,False,3
controlled/HtoW/scenarios_Home_to_work__adv2_apple0_google0_samsung0_tile0__advtag-4c001219fc-4c001219fd__20260130_081221/scenario_tx-15s_rot-15min.csv,4,TAG_TILE,1,3600.0,,277.4696617126465,1,0.0,0.0,0.0,False,False,False,False,3
controlled/HtoW/scenarios_Home_to_work__adv2_apple0_google0_samsung0_tile0__advtag-4c001219fc-4c001219fd__20260130_081221/scenario_tx-15s_rot-15min.csv,5,TAG_TILE,1,3600.0,,577.9147005081177,1,0.0,0.0,0.0,False,False,False,False,3
controlled/HtoW/scenarios_Home_to_work__adv2_apple0_google0_samsung0_tile0__advtag-4c001219fc-4c001219fd__20260130_081221/scenario_tx-15s_rot-15min.csv,0,TAG_APPLE,31,3600.0,,775.856436252594,31,1.4034973495913912,0.06451612903225806,0.06451612903225806,False,True,True,False,3
controlled/HtoW/scenarios_Home_to_work__adv2_apple0_google0_samsung0_tile0__advtag-4c001219fc-4c001219fd__20260130_081221/scenario_tx-15s_rot-15min.csv,1,TAG_APPLE,55,3600.0,,636.8608703613281,55,1.1702519148876416,0.0,0.0,False,True,True,False,3
controlled/HtoW/scenarios_Home_to_work__adv2_apple0_google0_samsung0_tile0__advtag-4c001219fc-4c001219fd__20260130_081221/scenario_tx-15s_rot-15min.csv,2,TAG_APPLE,2,3600.0,,738.876148223877,2,0.0,1.0,1.0,False,False,False,False,3
controlled/HtoW/scenarios_Home_to_work__adv2_apple0_google0_samsung0_tile0__advtag-4c001219fc-4c001219fd__20260130_081221/scenario_tx-15s_rot-15min.csv,3,TAG_TILE,2,3600.0,,504.30240750312805,2,0.0,0.0,0.0,False,False,False,False,3
controlled/HtoW/scenarios_Home_to_work__adv2_apple0_google0_samsung0_tile0__advtag-4c001219fc-4c001219fd__20260130_081221/scenario_tx-15s_rot-15min.csv,4,TAG_TILE,1,3600.0,,94.09704542160034,1,0.0,0.0,0.0,False,False,False,False,3
controlled/HtoW/scenarios_Home_to_work__adv2_apple0_google0_samsung0_tile0__advtag-4c001219fc-4c001219fd__20260130_081221/scenario_tx-15s_rot-15min.csv,5,TAG_TILE,1,3600.0,,0.0,1,0.0,0.0,0.0,False,False,False,False,3
controlled/HtoW/scenarios_Home_to_work__adv1_apple0_google0_samsung0_tile0__advtag-4c001219ff__20260130_081102/scenario_tx-2s_rot-2s.csv,2,TAG_APPLE,30,3600.0,,3501.6837277412415,30,1.0989657666059334,1.0,1.0,True,True,True,True,3
controlled/HtoW/scenarios_Home_to_work__adv1_apple0_google0_samsung0_tile0__advtag-4c001219ff__20260130_081102/scenario_tx-2s_rot-2s.csv,1,TAG_APPLE,146,3600.0,,3596.1498172283173,146,0.9585779038771728,1.0,1.0,True,True,False,False,3
controlled/HtoW/scenarios_Home_to_work__adv1_apple0_google0_samsung0_tile0__advtag-4c001219ff__20260130_081102/scenario_tx-2s_rot-2s.csv,0,TAG_APPLE,22,3600.0,,3595.344851732254,22,0.5610925389278728,1.0,1.0,True,True,False,False,3
controlled/HtoW/scenarios_Home_to_work__adv1_apple0_google0_samsung0_tile0__advtag-4c001219ff__20260130_081102/scenario_tx-2s_rot-2s.csv,2,TAG_APPLE,41,7200.0,,3592.9808492660522,40,0.8087062034923028,0.95,1.0,True,True,False,False,3
controlled/HtoW/scenarios_Home_to_work__adv1_apple0_google0_samsung0_tile0__advtag-4c001219ff__20260130_081102/scenario_tx-2s_rot-2s.csv,0,TAG_APPLE,232,7200.0,,3591.7158608436584,172,0.7714245236131373,1.0,1.0,True,True,False,False,3
controlled/HtoW/scenarios_Home_to_work__adv1_apple0_google0_samsung0_tile0__advtag-4c001219ff__20260130_081102/scenario_tx-2s_rot-2s.csv,1,TAG_APPLE,45,7200.0,,3567.7543294429784,34,0.633637373980016,0.9411764705882353,1.0,True,True,False,False,3
controlled/HtoW/scenarios_Home_to_work__adv1_apple0_google0_samsung0_tile0__advtag-4c001219ff__20260130_081102/scenario_tx-2s_rot-2s.csv,3,TAG_TILE,1,3600.0,,2894.0326144695277,1,0.0,0.0,1.0,True,False,False,False,3
controlled/HtoW/scenarios_Home_to_work__adv1_apple0_google0_samsung0_tile0__advtag-4c001219ff__20260130_081102/scenario_tx-2s_rot-2s.csv,4,TAG_TILE,1,3600.0,,277.4696617126465,1,0.0,0.0,1.0,False,False,False,False,3
controlled/HtoW/scenarios_Home_to_work__adv1_apple0_google0_samsung0_tile0__advtag-4c001219ff__20260130_081102/scenario_tx-2s_rot-2s.csv,5,TAG_TILE,1,3600.0,,577.9147005081177,1,0.0,0.0,1.0,False,False,False,False,3
controlled/HtoW/scenarios_Home_to_work__adv1_apple0_google0_samsung0_tile0__advtag-4c001219ff__20260130_081102/scenario_tx-2s_rot-2s.csv,1,TAG_APPLE,30,3600.0,,771.0463919639587,30,0.9603647285370892,0.5,0.5,False,True,False,False,3
controlled/HtoW/scenarios_Home_to_work__adv1_apple0_google0_samsung0_tile0__advtag-4c001219ff__20260130_081102/scenario_tx-2s_rot-2s.csv,0,TAG_APPLE,94,3600.0,,772.4382741451263,94,0.8637433291816708,0.851063829787234,0.851063829787234,False,True,False,False,3
controlled/HtoW/scenarios_Home_to_work__adv1_apple0_google0_samsung0_tile0__advtag-4c001219ff__20260130_081102/scenario_tx-2s_rot-2s.csv,2,TAG_APPLE,32,3600.0,,763.4824328422546,32,0.7110560642743028,0.90625,0.90625,False,True,False,False,3
controlled/HtoW/scenarios_Home_to_work__adv1_apple0_google0_samsung0_tile0__advtag-4c001219ff__20260130_081102/scenario_tx-2s_rot-2s.csv,3,TAG_TILE,2,3600.0,,504.30240750312805,2,0.0,0.0,1.0,False,False,False,False,3
controlled/HtoW/scenarios_Home_to_work__adv1_apple0_google0_samsung0_tile0__advtag-4c001219ff__20260130_081102/scenario_tx-2s_rot-2s.csv,4,TAG_TILE,1,3600.0,,94.09704542160034,1,0.0,0.0,0.0,False,False,False,False,3
controlled/HtoW/scenarios_Home_to_work__adv1_apple0_google0_samsung0_tile0__advtag-4c001219ff__20260130_081102/scenario_tx-2s_rot-2s.csv,5,TAG_TILE,1,3600.0,,0.0,1,0.0,0.0,1.0,False,False,False,False,3
controlled/HtoW/scenarios_Home_to_work__adv2_apple0_google0_samsung0_tile0__advtag-4c001219fc-4c001219fd__20260130_081221/scenario_tx-10s_rot-30s.csv,1,TAG_APPLE,67,3600.0,,3598.2555553913116,67,3.166383357023876,0.9701492537313433,0.9701492537313433,True,True,True,True,4
controlled/HtoW/scenarios_Home_to_work__adv2_apple0_google0_samsung0_tile0__advtag-4c001219fc-4c001219fd__20260130_081221/scenario_tx-10s_rot-30s.csv,2,TAG_APPLE,31,3600.0,,3260.746539592743,31,3.0075156843214814,1.0,1.0,True,True,True,True,4
controlled/HtoW/scenarios_Home_to_work__adv2_apple0_google0_samsung0_tile0__advtag-4c001219fc-4c001219fd__20260130_081221/scenario_tx-10s_rot-30s.csv,3,TAG_APPLE,47,3600.0,,3588.110419511795,47,2.903456025404467,0.8936170212765957,0.8936170212765957,True,True,True,True,4
controlled/HtoW/scenarios_Home_to_work__adv2_apple0_google0_samsung0_tile0__advtag-4c001219fc-4c001219fd__20260130_081221/scenario_tx-10s_rot-30s.csv,0,TAG_APPLE,20,3600.0,,3555.6802752017975,20,2.6463646481617116,0.65,0.65,True,True,True,True,4
controlled/HtoW/scenarios_Home_to_work__adv2_apple0_google0_samsung0_tile0__advtag-4c001219fc-4c001219fd__20260130_081221/scenario_tx-10s_rot-30s.csv,2,TAG_APPLE,37,7200.0,,3490.069812059403,37,3.8692873547995768,1.0,1.0,True,True,True,True,3
controlled/HtoW/scenarios_Home_to_work__adv2_apple0_google0_samsung0_tile0__advtag-4c001219fc-4c001219fd__20260130_081221/scenario_tx-10s_rot-30s.csv,1,TAG_APPLE,65,7200.0,,3597.0526485443115,53,2.4358032474661684,0.7735849056603774,0.9433962264150944,True,True,True,True,3
controlled/HtoW/scenarios_Home_to_work__adv2_apple0_google0_samsung0_tile0__advtag-4c001219fc-4c001219fd__20260130_081221/scenario_tx-10s_rot-30s.csv,0,TAG_APPLE,136,7200.0,,3593.361763715744,124,0.9914986451200143,0.8548387096774194,0.9193548387096774,True,True,False,False,3
controlled/HtoW/scenarios_Home_to_work__adv2_apple0_google0_samsung0_tile0__advtag-4c001219fc-4c001219fd__20260130_081221/scenario_tx-10s_rot-30s.csv,3,TAG_TILE,1,3600.0,,2894.0326144695277,1,0.0,0.0,0.0,True,False,False,False,3
controlled/HtoW/scenarios_Home_to_work__adv2_apple0_google0_samsung0_tile0__advtag-4c001219fc-4c001219fd__20260130_081221/scenario_tx-10s_rot-30s.csv,4,TAG_TILE,1,3600.0,,277.4696617126465,1,0.0,0.0,1.0,False,False,False,False,3
controlled/HtoW/scenarios_Home_to_work__adv2_apple0_google0_samsung0_tile0__advtag-4c001219fc-4c001219fd__20260130_081221/scenario_tx-10s_rot-30s.csv,5,TAG_TILE,1,3600.0,,577.9147005081177,1,0.0,0.0,0.0,False,False,False,False,3
controlled/HtoW/scenarios_Home_to_work__adv2_apple0_google0_samsung0_tile0__advtag-4c001219fc-4c001219fd__20260130_081221/scenario_tx-10s_rot-30s.csv,1,TAG_APPLE,23,3600.0,,771.0463919639587,23,2.9899823529759018,0.13043478260869565,0.13043478260869565,False,True,True,False,3
controlled/HtoW/scenarios_Home_to_work__adv2_apple0_google0_samsung0_tile0__advtag-4c001219fc-4c001219fd__20260130_081221/scenario_tx-10s_rot-30s.csv,2,TAG_APPLE,14,3600.0,,749.1938815116882,14,2.241781522333141,1.0,1.0,False,False,True,False,3
controlled/HtoW/scenarios_Home_to_work__adv2_apple0_google0_samsung0_tile0__advtag-4c001219fc-4c001219fd__20260130_081221/scenario_tx-10s_rot-30s.csv,0,TAG_APPLE,78,3600.0,,770.4468657970428,78,1.8091488027424365,0.38461538461538464,0.38461538461538464,False,True,True,False,3
controlled/HtoW/scenarios_Home_to_work__adv2_apple0_google0_samsung0_tile0__advtag-4c001219fc-4c001219fd__20260130_081221/scenario_tx-10s_rot-30s.csv,3,TAG_TILE,2,3600.0,,504.30240750312805,2,0.0,0.0,0.0,False,False,False,False,3
controlled/HtoW/scenarios_Home_to_work__adv2_apple0_google0_samsung0_tile0__advtag-4c001219fc-4c001219fd__20260130_081221/scenario_tx-10s_rot-30s.csv,4,TAG_TILE,1,3600.0,,94.09704542160034,1,0.0,0.0,0.0,False,False,False,False,3
controlled/HtoW/scenarios_Home_to_work__adv2_apple0_google0_samsung0_tile0__advtag-4c001219fc-4c001219fd__20260130_081221/scenario_tx-10s_rot-30s.csv,5,TAG_TILE,1,3600.0,,0.0,1,0.0,0.0,0.0,False,False,False,False,3
controlled/HtoW/scenarios_Home_to_work__adv2_apple0_google0_samsung0_tile0__advtag-4c001219fc-4c001219fd__20260130_081221/scenario_tx-10s_rot-10s.csv,1,TAG_APPLE,114,3600.0,,3584.3324975967407,114,1.2189235484626713,1.0,1.0,True,True,True,True,4
controlled/HtoW/scenarios_Home_to_work__adv2_apple0_google0_samsung0_tile0__advtag-4c001219fc-4c001219fd__20260130_081221/scenario_tx-10s_rot-10s.csv,3,TAG_APPLE,21,3600.0,,3588.1325721740723,21,1.1851781237455334,1.0,1.0,True,True,True,True,4
controlled/HtoW/scenarios_Home_to_work__adv2_apple0_google0_samsung0_tile0__advtag-4c001219fc-4c001219fd__20260130_081221/scenario_tx-10s_rot-10s.csv,0,TAG_APPLE,20,3600.0,,3475.5457425117493,20,1.076736679465221,1.0,1.0,True,True,True,True,4
controlled/HtoW/scenarios_Home_to_work__adv2_apple0_google0_samsung0_tile0__advtag-4c001219fc-4c001219fd__20260130_081221/scenario_tx-10s_rot-10s.csv,2,TAG_APPLE,43,3600.0,,3588.110419511795,43,1.0447433081863304,1.0,1.0,True,True,True,True,4
controlled/HtoW/scenarios_Home_to_work__adv2_apple0_google0_samsung0_tile0__advtag-4c001219fc-4c001219fd__20260130_081221/scenario_tx-10s_rot-10s.csv,3,TAG_APPLE,34,3600.0,,541.950516462326,34,2.0008242126636593,0.9117647058823529,1.0,False,True,True,False,4
controlled/HtoW/scenarios_Home_to_work__adv2_apple0_google0_samsung0_tile0__advtag-4c001219fc-4c001219fd__20260130_081221/scenario_tx-10s_rot-10s.csv,2,TAG_APPLE,33,3600.0,,583.6961727142339,33,1.9837248472800344,1.0,1.0,False,True,True,False,4
controlled/HtoW/scenarios_Home_to_work__adv2_apple0_google0_samsung0_tile0__advtag-4c001219fc-4c001219fd__20260130_081221/scenario_tx-10s_rot-10s.csv,1,TAG_APPLE,42,7200.0,,3513.5685698986053,31,1.814896546032704,0.9032258064516129,1.0,True,True,True,True,4
controlled/HtoW/scenarios_Home_to_work__adv2_apple0_google0_samsung0_tile0__advtag-4c001219fc-4c001219fd__20260130_081221/scenario_tx-10s_rot-10s.csv,0,TAG_APPLE,191,7200.0,,3593.967596769333,174,1.7314348634649583,0.9942528735632183,1.0,True,True,True,True,4
controlled/HtoW/scenarios_Home_to_work__adv2_apple0_google0_samsung0_tile0__advtag-4c001219fc-4c001219fd__20260130_081221/scenario_tx-10s_rot-10s.csv,4,TAG_TILE,1,3600.0,,2894.0326144695277,1,0.0,0.0,1.0,True,False,False,False,3
controlled/HtoW/scenarios_Home_to_work__adv2_apple0_google0_samsung0_tile0__advtag-4c001219fc-4c001219fd__20260130_081221/scenario_tx-10s_rot-10s.csv,5,TAG_TILE,1,3600.0,,277.4696617126465,1,0.0,0.0,1.0,False,False,False,False,3
controlled/HtoW/scenarios_Home_to_work__adv2_apple0_google0_samsung0_tile0__advtag-4c001219fc-4c001219fd__20260130_081221/scenario_tx-10s_rot-10s.csv,6,TAG_TILE,1,3600.0,,577.9147005081177,1,0.0,0.0,1.0,False,False,False,False,3
controlled/HtoW/scenarios_Home_to_work__adv2_apple0_google0_samsung0_tile0__advtag-4c001219fc-4c001219fd__20260130_081221/scenario_tx-10s_rot-10s.csv,1,TAG_APPLE,24,3600.0,,771.0463919639587,24,2.9402299068430384,0.5833333333333334,0.5833333333333334,False,True,True,False,3
controlled/HtoW/scenarios_Home_to_work__adv2_apple0_google0_samsung0_tile0__advtag-4c001219fc-4c001219fd__20260130_081221/scenario_tx-10s_rot-10s.csv,2,TAG_APPLE,17,3600.0,,725.8921256065369,17,2.707508082812778,1.0,1.0,False,True,True,False,3
controlled/HtoW/scenarios_Home_to_work__adv2_apple0_google0_samsung0_tile0__advtag-4c001219fc-4c001219fd__20260130_081221/scenario_tx-10s_rot-10s.csv,0,TAG_APPLE,85,3600.0,,772.0474426746368,85,1.6407003542598464,0.5529411764705883,0.5529411764705883,False,True,True,False,3
controlled/HtoW/scenarios_Home_to_work__adv2_apple0_google0_samsung0_tile0__advtag-4c001219fc-4c001219fd__20260130_081221/scenario_tx-10s_rot-10s.csv,3,TAG_TILE,2,3600.0,,504.30240750312805,2,0.0,0.0,0.5,False,False,False,False,3
controlled/HtoW/scenarios_Home_to_work__adv2_apple0_google0_samsung0_tile0__advtag-4c001219fc-4c001219fd__20260130_081221/scenario_tx-10s_rot-10s.csv,4,TAG_TILE,1,3600.0,,94.09704542160034,1,0.0,0.0,1.0,False,False,False,False,3
controlled/HtoW/scenarios_Home_to_work__adv2_apple0_google0_samsung0_tile0__advtag-4c001219fc-4c001219fd__20260130_081221/scenario_tx-10s_rot-10s.csv,5,TAG_TILE,1,3600.0,,0.0,1,0.0,0.0,0.0,False,False,False,False,3
controlled/HtoW/scenarios_Home_to_work__adv2_apple0_google0_samsung0_tile0__advtag-4c001219fc-4c001219fd__20260130_081221/scenario_tx-10s_rot-1min.csv,2,TAG_APPLE,27,3600.0,,3534.4947237968445,27,5.2154596643340305,1.0,1.0,True,True,True,True,3
controlled/HtoW/scenarios_Home_to_work__adv2_apple0_google0_samsung0_tile0__advtag-4c001219fc-4c001219fd__20260130_081221/scenario_tx-10s_rot-1min.csv,1,TAG_APPLE,20,3600.0,,3228.543029308319,20,2.4538788816826806,0.45,0.45,True,True,True,True,3
controlled/HtoW/scenarios_Home_to_work__adv2_apple0_google0_samsung0_tile0__advtag-4c001219fc-4c001219fd__20260130_081221/scenario_tx-10s_rot-1min.csv,0,TAG_APPLE,74,3600.0,,3597.0750226974487,74,1.5186113583573342,0.6756756756756757,0.6756756756756757,True,True,True,True,3
controlled/HtoW/scenarios_Home_to_work__adv2_apple0_google0_samsung0_tile0__advtag-4c001219fc-4c001219fd__20260130_081221/scenario_tx-10s_rot-1min.csv,1,TAG_APPLE,35,7200.0,,3585.7611539363866,35,3.489295353024475,1.0,1.0,True,True,True,True,7
controlled/HtoW/scenarios_Home_to_work__adv2_apple0_google0_samsung0_tile0__advtag-4c001219fc-4c001219fd__20260130_081221/scenario_tx-10s_rot-1min.csv,4,TAG_APPLE,33,7200.0,,3591.58576130867,33,3.3911035415085506,1.0,1.0,True,True,True,True,7
controlled/HtoW/scenarios_Home_to_work__adv2_apple0_google0_samsung0_tile0__advtag-4c001219fc-4c001219fd__20260130_081221/scenario_tx-10s_rot-1min.csv,3,TAG_APPLE,19,7200.0,,3508.2829329967503,15,2.7308417406987333,0.6666666666666666,0.7333333333333333,True,True,True,True,7
controlled/HtoW/scenarios_Home_to_work__adv2_apple0_google0_samsung0_tile0__advtag-4c001219fc-4c001219fd__20260130_081221/scenario_tx-10s_rot-1min.csv,5,TAG_APPLE,24,7200.0,,3513.5685698986053,23,2.6212885033710975,0.391304347826087,0.6521739130434783,True,True,True,True,7
controlled/HtoW/scenarios_Home_to_work__adv2_apple0_google0_samsung0_tile0__advtag-4c001219fc-4c001219fd__20260130_081221/scenario_tx-10s_rot-1min.csv,2,TAG_APPLE,42,7200.0,,3549.0402314662933,42,1.8843448728294718,0.0,0.19047619047619047,True,True,True,True,7
controlled/HtoW/scenarios_Home_to_work__adv2_apple0_google0_samsung0_tile0__advtag-4c001219fc-4c001219fd__20260130_081221/scenario_tx-10s_rot-1min.csv,0,TAG_APPLE,36,7200.0,,3531.732103586197,36,1.8598035541378277,0.5,0.5833333333333334,True,True,True,True,7
controlled/HtoW/scenarios_Home_to_work__adv2_apple0_google0_samsung0_tile0__advtag-4c001219fc-4c001219fd__20260130_081221/scenario_tx-10s_rot-1min.csv,6,TAG_APPLE,2,3600.0,,2556.4808237552643,2,0.0,0.0,1.0,True,False,False,False,7
controlled/HtoW/scenarios_Home_to_work__adv2_apple0_google0_samsung0_tile0__advtag-4c001219fc-4c001219fd__20260130_081221/scenario_tx-10s_rot-1min.csv,7,TAG_TILE,1,3600.0,,2894.0326144695277,1,0.0,0.0,0.0,True,False,False,False,3
controlled/HtoW/scenarios_Home_to_work__adv2_apple0_google0_samsung0_tile0__advtag-4c001219fc-4c001219fd__20260130_081221/scenario_tx-10s_rot-1min.csv,8,TAG_TILE,1,3600.0,,277.4696617126465,1,0.0,0.0,0.0,False,False,False,False,3
controlled/HtoW/scenarios_Home_to_work__adv2_apple0_google0_samsung0_tile0__advtag-4c001219fc-4c001219fd__20260130_081221/scenario_tx-10s_rot-1min.csv,9,TAG_TILE,1,3600.0,,577.9147005081177,1,0.0,0.0,0.0,False,False,False,False,3
controlled/HtoW/scenarios_Home_to_work__adv2_apple0_google0_samsung0_tile0__advtag-4c001219fc-4c001219fd__20260130_081221/scenario_tx-10s_rot-1min.csv,0,TAG_APPLE,30,3600.0,,771.0463919639587,30,2.4851171939402366,0.13333333333333333,0.13333333333333333,False,True,True,False,3
controlled/HtoW/scenarios_Home_to_work__adv2_apple0_google0_samsung0_tile0__advtag-4c001219fc-4c001219fd__20260130_081221/scenario_tx-10s_rot-1min.csv,2,TAG_APPLE,11,3600.0,,749.1938815116882,11,2.1260225529004138,1.0,1.0,False,False,True,False,3
controlled/HtoW/scenarios_Home_to_work__adv2_apple0_google0_samsung0_tile0__advtag-4c001219fc-4c001219fd__20260130_081221/scenario_tx-10s_rot-1min.csv,1,TAG_APPLE,60,3600.0,,770.4468657970428,60,1.8252692805552482,0.16666666666666666,0.16666666666666666,False,True,True,False,3
controlled/HtoW/scenarios_Home_to_work__adv2_apple0_google0_samsung0_tile0__advtag-4c001219fc-4c001219fd__20260130_081221/scenario_tx-10s_rot-1min.csv,3,TAG_TILE,2,3600.0,,504.30240750312805,2,0.0,0.0,0.0,False,False,False,False,3
controlled/HtoW/scenarios_Home_to_work__adv2_apple0_google0_samsung0_tile0__advtag-4c001219fc-4c001219fd__20260130_081221/scenario_tx-10s_rot-1min.csv,4,TAG_TILE,1,3600.0,,94.09704542160034,1,0.0,0.0,0.0,False,False,False,False,3
controlled/HtoW/scenarios_Home_to_work__adv2_apple0_google0_samsung0_tile0__advtag-4c001219fc-4c001219fd__20260130_081221/scenario_tx-10s_rot-1min.csv,5,TAG_TILE,1,3600.0,,0.0,1,0.0,0.0,0.0,False,False,False,False,3
controlled/HtoW/scenarios_Home_to_work__adv2_apple0_google0_samsung0_tile0__advtag-4c001219fc-4c001219fd__20260130_081221/scenario_tx-15s_rot-1min.csv,2,TAG_APPLE,25,3600.0,,3520.3910942077637,25,3.9371122528861116,1.0,1.0,True,True,True,True,3
controlled/HtoW/scenarios_Home_to_work__adv2_apple0_google0_samsung0_tile0__advtag-4c001219fc-4c001219fd__20260130_081221/scenario_tx-15s_rot-1min.csv,1,TAG_APPLE,20,3600.0,,3475.5457425117493,20,2.6045470587175057,0.65,0.65,True,True,True,True,3
controlled/HtoW/scenarios_Home_to_work__adv2_apple0_google0_samsung0_tile0__advtag-4c001219fc-4c001219fd__20260130_081221/scenario_tx-15s_rot-1min.csv,0,TAG_APPLE,76,3600.0,,3597.0750226974487,76,1.2980364057268907,0.7105263157894737,0.7105263157894737,True,True,True,True,3
controlled/HtoW/scenarios_Home_to_work__adv2_apple0_google0_samsung0_tile0__advtag-4c001219fc-4c001219fd__20260130_081221/scenario_tx-15s_rot-1min.csv,1,TAG_APPLE,43,7200.0,,3513.5685698986053,32,2.3428886139759655,0.25,0.3125,True,True,True,True,3
controlled/HtoW/scenarios_Home_to_work__adv2_apple0_google0_samsung0_tile0__advtag-4c001219fc-4c001219fd__20260130_081221/scenario_tx-15s_rot-1min.csv,2,TAG_APPLE,41,7200.0,,3530.7978236675262,41,1.7300684801617503,1.0,1.0,True,True,True,True,3
controlled/HtoW/scenarios_Home_to_work__adv2_apple0_google0_samsung0_tile0__advtag-4c001219fc-4c001219fd__20260130_081221/scenario_tx-15s_rot-1min.csv,0,TAG_APPLE,109,7200.0,,3593.361763715744,103,1.6116309545749525,0.6019417475728155,0.6407766990291263,True,True,True,True,3
controlled/HtoW/scenarios_Home_to_work__adv2_apple0_google0_samsung0_tile0__advtag-4c001219fc-4c001219fd__20260130_081221/scenario_tx-15s_rot-1min.csv,3,TAG_TILE,1,3600.0,,2894.0326144695277,1,0.0,0.0,1.0,True,False,False,False,3
controlled/HtoW/scenarios_Home_to_work__adv2_apple0_google0_samsung0_tile0__advtag-4c001219fc-4c001219fd__20260130_081221/scenario_tx-15s_rot-1min.csv,4,TAG_TILE,1,3600.0,,277.4696617126465,1,0.0,0.0,0.0,False,False,False,False,3
controlled/HtoW/scenarios_Home_to_work__adv2_apple0_google0_samsung0_tile0__advtag-4c001219fc-4c001219fd__20260130_081221/scenario_tx-15s_rot-1min.csv,5,TAG_TILE,1,3600.0,,577.9147005081177,1,0.0,0.0,1.0,False,False,False,False,3
controlled/HtoW/scenarios_Home_to_work__adv2_apple0_google0_samsung0_tile0__advtag-4c001219fc-4c001219fd__20260130_081221/scenario_tx-15s_rot-1min.csv,1,TAG_APPLE,25,3600.0,,775.856436252594,25,2.3041750241810934,0.12,0.12,False,True,True,False,3
controlled/HtoW/scenarios_Home_to_work__adv2_apple0_google0_samsung0_tile0__advtag-4c001219fc-4c001219fd__20260130_081221/scenario_tx-15s_rot-1min.csv,2,TAG_APPLE,11,3600.0,,738.876148223877,11,2.2853457887548942,1.0,1.0,False,False,True,False,3
controlled/HtoW/scenarios_Home_to_work__adv2_apple0_google0_samsung0_tile0__advtag-4c001219fc-4c001219fd__20260130_081221/scenario_tx-15s_rot-1min.csv,0,TAG_APPLE,61,3600.0,,700.0999283790588,61,1.754378111588031,0.19672131147540983,0.19672131147540983,False,True,True,False,3
controlled/HtoW/scenarios_Home_to_work__adv2_apple0_google0_samsung0_tile0__advtag-4c001219fc-4c001219fd__20260130_081221/scenario_tx-15s_rot-1min.csv,3,TAG_TILE,2,3600.0,,504.30240750312805,2,0.0,0.0,0.5,False,False,False,False,3
controlled/HtoW/scenarios_Home_to_work__adv2_apple0_google0_samsung0_tile0__advtag-4c001219fc-4c001219fd__20260130_081221/scenario_tx-15s_rot-1min.csv,4,TAG_TILE,1,3600.0,,94.09704542160034,1,0.0,0.0,0.0,False,False,False,False,3
controlled/HtoW/scenarios_Home_to_work__adv2_apple0_google0_samsung0_tile0__advtag-4c001219fc-4c001219fd__20260130_081221/scenario_tx-15s_rot-1min.csv,5,TAG_TILE,1,3600.0,,0.0,1,0.0,0.0,1.0,False,False,False,False,3
controlled/HtoW/scenarios_Home_to_work__adv2_apple0_google0_samsung0_tile0__advtag-4c001219fc-4c001219fd__20260130_081221/scenario_tx-15s_rot-5min.csv,4,TAG_APPLE,11,3600.0,,3591.8911485672,11,4.792853458376172,0.9090909090909091,0.9090909090909091,True,False,True,True,5
controlled/HtoW/scenarios_Home_to_work__adv2_apple0_google0_samsung0_tile0__advtag-4c001219fc-4c001219fd__20260130_081221/scenario_tx-15s_rot-5min.csv,2,TAG_APPLE,9,3600.0,,3280.6648824214935,9,3.863410880334479,1.0,1.0,True,False,True,True,5
controlled/HtoW/scenarios_Home_to_work__adv2_apple0_google0_samsung0_tile0__advtag-4c001219fc-4c001219fd__20260130_081221/scenario_tx-15s_rot-5min.csv,1,TAG_APPLE,13,3600.0,,3599.8894402980804,13,2.20580871206261,0.15384615384615385,0.15384615384615385,True,False,True,True,5
controlled/HtoW/scenarios_Home_to_work__adv2_apple0_google0_samsung0_tile0__advtag-4c001219fc-4c001219fd__20260130_081221/scenario_tx-15s_rot-5min.csv,3,TAG_APPLE,9,3600.0,,2981.6624236106873,9,1.7499567626070875,0.1111111111111111,0.1111111111111111,True,False,True,True,5
controlled/HtoW/scenarios_Home_to_work__adv2_apple0_google0_samsung0_tile0__advtag-4c001219fc-4c001219fd__20260130_081221/scenario_tx-15s_rot-5min.csv,0,TAG_APPLE,31,3600.0,,3513.969890356064,31,1.5955142700185592,0.0,0.0,True,True,True,True,5
controlled/HtoW/scenarios_Home_to_work__adv2_apple0_google0_samsung0_tile0__advtag-4c001219fc-4c001219fd__20260130_081221/scenario_tx-15s_rot-5min.csv,2,TAG_APPLE,6,7200.0,,3503.37837266922,6,4.48179463821804,1.0,1.0,True,False,True,True,3
controlled/HtoW/scenarios_Home_to_work__adv2_apple0_google0_samsung0_tile0__advtag-4c001219fc-4c001219fd__20260130_081221/scenario_tx-15s_rot-5min.csv,1,TAG_APPLE,52,7200.0,,3589.6322996616364,41,1.2552734092553428,0.1951219512195122,0.21951219512195122,True,True,True,True,3
controlled/HtoW/scenarios_Home_to_work__adv2_apple0_google0_samsung0_tile0__advtag-4c001219fc-4c001219fd__20260130_081221/scenario_tx-15s_rot-5min.csv,0,TAG_APPLE,93,7200.0,,3593.361763715744,90,1.1956055469338005,0.08888888888888889,0.1,True,True,True,True,3
controlled/HtoW/scenarios_Home_to_work__adv2_apple0_google0_samsung0_tile0__advtag-4c001219fc-4c001219fd__20260130_081221/scenario_tx-15s_rot-5min.csv,3,TAG_TILE,1,3600.0,,2894.0326144695277,1,0.0,0.0,0.0,True,False,False,False,3
controlled/HtoW/scenarios_Home_to_work__adv2_apple0_google0_samsung0_tile0__advtag-4c001219fc-4c001219fd__20260130_081221/scenario_tx-15s_rot-5min.csv,4,TAG_TILE,1,3600.0,,277.4696617126465,1,0.0,0.0,0.0,False,False,False,False,3
controlled/HtoW/scenarios_Home_to_work__adv2_apple0_google0_samsung0_tile0__advtag-4c001219fc-4c001219fd__20260130_081221/scenario_tx-15s_rot-5min.csv,5,TAG_TILE,1,3600.0,,577.9147005081177,1,0.0,0.0,0.0,False,False,False,False,3
controlled/HtoW/scenarios_Home_to_work__adv2_apple0_google0_samsung0_tile0__advtag-4c001219fc-4c001219fd__20260130_081221/scenario_tx-15s_rot-5min.csv,0,TAG_APPLE,32,3600.0,,775.856436252594,32,1.5520101357000298,0.09375,0.09375,False,True,True,False,3
controlled/HtoW/scenarios_Home_to_work__adv2_apple0_google0_samsung0_tile0__advtag-4c001219fc-4c001219fd__20260130_081221/scenario_tx-15s_rot-5min.csv,2,TAG_APPLE,3,3600.0,,738.876148223877,3,1.3069434508030735,1.0,1.0,False,False,True,False,3
controlled/HtoW/scenarios_Home_to_work__adv2_apple0_google0_samsung0_tile0__advtag-4c001219fc-4c001219fd__20260130_081221/scenario_tx-15s_rot-5min.csv,1,TAG_APPLE,54,3600.0,,636.8608703613281,54,1.296985129723824,0.0,0.0,False,True,True,False,3
controlled/HtoW/scenarios_Home_to_work__adv2_apple0_google0_samsung0_tile0__advtag-4c001219fc-4c001219fd__20260130_081221/scenario_tx-15s_rot-5min.csv,3,TAG_TILE,2,3600.0,,504.30240750312805,2,0.0,0.0,0.0,False,False,False,False,3
controlled/HtoW/scenarios_Home_to_work__adv2_apple0_google0_samsung0_tile0__advtag-4c001219fc-4c001219fd__20260130_081221/scenario_tx-15s_rot-5min.csv,4,TAG_TILE,1,3600.0,,94.09704542160034,1,0.0,0.0,1.0,False,False,False,False,3
controlled/HtoW/scenarios_Home_to_work__adv2_apple0_google0_samsung0_tile0__advtag-4c001219fc-4c001219fd__20260130_081221/scenario_tx-15s_rot-5min.csv,5,TAG_TILE,1,3600.0,,0.0,1,0.0,0.0,0.0,False,False,False,False,3
controlled/HtoW/scenarios_Home_to_work__adv2_apple0_google0_samsung0_tile0__advtag-4c001219fc-4c001219fd__20260130_081221/scenario_tx-1min_rot-5min.csv,1,TAG_APPLE,20,3600.0,,2958.7965893745422,20,1.763609330709617,0.15,0.15,True,True,True,True,3
controlled/HtoW/scenarios_Home_to_work__adv2_apple0_google0_samsung0_tile0__advtag-4c001219fc-4c001219fd__20260130_081221/scenario_tx-1min_rot-5min.csv,2,TAG_APPLE,7,3600.0,,3572.5082743167877,7,1.6528353338046966,1.0,1.0,True,False,True,True,3
controlled/HtoW/scenarios_Home_to_work__adv2_apple0_google0_samsung0_tile0__advtag-4c001219fc-4c001219fd__20260130_081221/scenario_tx-1min_rot-5min.csv,0,TAG_APPLE,45,3600.0,,3597.0750226974487,45,1.3331371328815258,0.24444444444444444,0.24444444444444444,True,True,True,True,3
controlled/HtoW/scenarios_Home_to_work__adv2_apple0_google0_samsung0_tile0__advtag-4c001219fc-4c001219fd__20260130_081221/scenario_tx-1min_rot-5min.csv,2,TAG_APPLE,11,7200.0,,3536.821340560913,11,1.4666291654643833,1.0,1.0,True,False,True,True,3
controlled/HtoW/scenarios_Home_to_work__adv2_apple0_google0_samsung0_tile0__advtag-4c001219fc-4c001219fd__20260130_081221/scenario_tx-1min_rot-5min.csv,0,TAG_APPLE,98,7200.0,,3593.361763715744,96,1.4266175248257569,0.125,0.14583333333333334,True,True,True,True,3
controlled/HtoW/scenarios_Home_to_work__adv2_apple0_google0_samsung0_tile0__advtag-4c001219fc-4c001219fd__20260130_081221/scenario_tx-1min_rot-5min.csv,1,TAG_APPLE,42,7200.0,,3513.5685698986053,31,1.3077995330061636,0.03225806451612903,0.03225806451612903,True,True,True,True,3
controlled/HtoW/scenarios_Home_to_work__adv2_apple0_google0_samsung0_tile0__advtag-4c001219fc-4c001219fd__20260130_081221/scenario_tx-1min_rot-5min.csv,3,TAG_TILE,1,3600.0,,2894.0326144695277,1,0.0,0.0,0.0,True,False,False,False,3
controlled/HtoW/scenarios_Home_to_work__adv2_apple0_google0_samsung0_tile0__advtag-4c001219fc-4c001219fd__20260130_081221/scenario_tx-1min_rot-5min.csv,4,TAG_TILE,1,3600.0,,277.4696617126465,1,0.0,0.0,0.0,False,False,False,False,3
controlled/HtoW/scenarios_Home_to_work__adv2_apple0_google0_samsung0_tile0__advtag-4c001219fc-4c001219fd__20260130_081221/scenario_tx-1min_rot-5min.csv,5,TAG_TILE,1,3600.0,,577.9147005081177,1,0.0,0.0,0.0,False,False,False,False,3
controlled/HtoW/scenarios_Home_to_work__adv2_apple0_google0_samsung0_tile0__advtag-4c001219fc-4c001219fd__20260130_081221/scenario_tx-1min_rot-5min.csv,0,TAG_APPLE,30,3600.0,,771.0463919639587,30,1.4387595656885575,0.06666666666666667,0.06666666666666667,False,True,True,False,3
controlled/HtoW/scenarios_Home_to_work__adv2_apple0_google0_samsung0_tile0__advtag-4c001219fc-4c001219fd__20260130_081221/scenario_tx-1min_rot-5min.csv,1,TAG_APPLE,54,3600.0,,613.7185859680176,54,1.1806550359016563,0.018518518518518517,0.018518518518518517,False,True,True,False,3
controlled/HtoW/scenarios_Home_to_work__adv2_apple0_google0_samsung0_tile0__advtag-4c001219fc-4c001219fd__20260130_081221/scenario_tx-1min_rot-5min.csv,2,TAG_APPLE,3,3600.0,,758.1476979255676,3,0.3627651509128581,1.0,1.0,False,False,False,False,3
controlled/HtoW/scenarios_Home_to_work__adv2_apple0_google0_samsung0_tile0__advtag-4c001219fc-4c001219fd__20260130_081221/scenario_tx-1min_rot-5min.csv,3,TAG_TILE,2,3600.0,,504.30240750312805,2,0.0,0.0,0.0,False,False,False,False,3
controlled/HtoW/scenarios_Home_to_work__adv2_apple0_google0_samsung0_tile0__advtag-4c001219fc-4c001219fd__20260130_081221/scenario_tx-1min_rot-5min.csv,4,TAG_TILE,1,3600.0,,94.09704542160034,1,0.0,0.0,0.0,False,False,False,False,3
controlled/HtoW/scenarios_Home_to_work__adv2_apple0_google0_samsung0_tile0__advtag-4c001219fc-4c001219fd__20260130_081221/scenario_tx-1min_rot-5min.csv,5,TAG_TILE,1,3600.0,,0.0,1,0.0,0.0,0.0,False,False,False,False,3
controlled/HtoW/scenarios_Home_to_work__adv2_apple0_google0_samsung0_tile0__advtag-4c001219fc-4c001219fd__20260130_081221/scenario_tx-15s_rot-30s.csv,3,TAG_APPLE,39,3600.0,,3520.8310694694524,39,3.896219218996938,0.9743589743589743,0.9743589743589743,True,True,True,True,4
controlled/HtoW/scenarios_Home_to_work__adv2_apple0_google0_samsung0_tile0__advtag-4c001219fc-4c001219fd__20260130_081221/scenario_tx-15s_rot-30s.csv,2,TAG_APPLE,30,3600.0,,3404.655822277069,30,2.8373220341758376,1.0,1.0,True,True,True,True,4
controlled/HtoW/scenarios_Home_to_work__adv2_apple0_google0_samsung0_tile0__advtag-4c001219fc-4c001219fd__20260130_081221/scenario_tx-15s_rot-30s.csv,0,TAG_APPLE,20,3600.0,,3599.895208835602,20,2.7355071246760008,0.75,0.75,True,True,True,True,4
controlled/HtoW/scenarios_Home_to_work__adv2_apple0_google0_samsung0_tile0__advtag-4c001219fc-4c001219fd__20260130_081221/scenario_tx-15s_rot-30s.csv,1,TAG_APPLE,71,3600.0,,3565.114629507065,71,2.462901544956072,0.8732394366197183,0.8732394366197183,True,True,True,True,4
controlled/HtoW/scenarios_Home_to_work__adv2_apple0_google0_samsung0_tile0__advtag-4c001219fc-4c001219fd__20260130_081221/scenario_tx-15s_rot-30s.csv,2,TAG_APPLE,28,7200.0,,3213.4204194545746,28,2.264725336084923,1.0,1.0,True,True,True,True,3
controlled/HtoW/scenarios_Home_to_work__adv2_apple0_google0_samsung0_tile0__advtag-4c001219fc-4c001219fd__20260130_081221/scenario_tx-15s_rot-30s.csv,1,TAG_APPLE,65,7200.0,,3589.6322996616364,53,2.2135214111509596,0.7547169811320755,0.8301886792452831,True,True,True,True,3
controlled/HtoW/scenarios_Home_to_work__adv2_apple0_google0_samsung0_tile0__advtag-4c001219fc-4c001219fd__20260130_081221/scenario_tx-15s_rot-30s.csv,0,TAG_APPLE,139,7200.0,,3593.361763715744,128,1.2654173788817233,0.8671875,0.8984375,True,True,True,True,3
controlled/HtoW/scenarios_Home_to_work__adv2_apple0_google0_samsung0_tile0__advtag-4c001219fc-4c001219fd__20260130_081221/scenario_tx-15s_rot-30s.csv,3,TAG_TILE,1,3600.0,,2894.0326144695277,1,0.0,0.0,0.0,True,False,False,False,3
controlled/HtoW/scenarios_Home_to_work__adv2_apple0_google0_samsung0_tile0__advtag-4c001219fc-4c001219fd__20260130_081221/scenario_tx-15s_rot-30s.csv,4,TAG_TILE,1,3600.0,,277.4696617126465,1,0.0,0.0,1.0,False,False,False,False,3
controlled/HtoW/scenarios_Home_to_work__adv2_apple0_google0_samsung0_tile0__advtag-4c001219fc-4c001219fd__20260130_081221/scenario_tx-15s_rot-30s.csv,5,TAG_TILE,1,3600.0,,577.9147005081177,1,0.0,0.0,0.0,False,False,False,False,3
controlled/HtoW/scenarios_Home_to_work__adv2_apple0_google0_samsung0_tile0__advtag-4c001219fc-4c001219fd__20260130_081221/scenario_tx-15s_rot-30s.csv,2,TAG_APPLE,12,3600.0,,709.108540058136,12,2.947278186606755,1.0,1.0,False,False,True,False,3
controlled/HtoW/scenarios_Home_to_work__adv2_apple0_google0_samsung0_tile0__advtag-4c001219fc-4c001219fd__20260130_081221/scenario_tx-15s_rot-30s.csv,1,TAG_APPLE,23,3600.0,,775.856436252594,23,2.5944743439017928,0.30434782608695654,0.30434782608695654,False,True,True,False,3
controlled/HtoW/scenarios_Home_to_work__adv2_apple0_google0_samsung0_tile0__advtag-4c001219fc-4c001219fd__20260130_081221/scenario_tx-15s_rot-30s.csv,0,TAG_APPLE,72,3600.0,,736.8290085792542,72,1.6898076425068884,0.3888888888888889,0.3888888888888889,False,True,True,False,3
controlled/HtoW/scenarios_Home_to_work__adv2_apple0_google0_samsung0_tile0__advtag-4c001219fc-4c001219fd__20260130_081221/scenario_tx-15s_rot-30s.csv,3,TAG_TILE,2,3600.0,,504.30240750312805,2,0.0,0.0,0.0,False,False,False,False,3
controlled/HtoW/scenarios_Home_to_work__adv2_apple0_google0_samsung0_tile0__advtag-4c001219fc-4c001219fd__20260130_081221/scenario_tx-15s_rot-30s.csv,4,TAG_TILE,1,3600.0,,94.09704542160034,1,0.0,0.0,0.0,False,False,False,False,3
controlled/HtoW/scenarios_Home_to_work__adv2_apple0_google0_samsung0_tile0__advtag-4c001219fc-4c001219fd__20260130_081221/scenario_tx-15s_rot-30s.csv,5,TAG_TILE,1,3600.0,,0.0,1,0.0,0.0,0.0,False,False,False,False,3
controlled/HtoW/scenarios_Home_to_work__adv2_apple0_google0_samsung0_tile0__advtag-4c001219fc-4c001219fd__20260130_081221/scenario_tx-30s_rot-15min.csv,0,TAG_APPLE,24,3600.0,,3599.895208835602,24,1.4170717790204077,0.20833333333333334,0.20833333333333334,True,True,True,True,3
controlled/HtoW/scenarios_Home_to_work__adv2_apple0_google0_samsung0_tile0__advtag-4c001219fc-4c001219fd__20260130_081221/scenario_tx-30s_rot-15min.csv,2,TAG_APPLE,3,3600.0,,3592.2188951969147,3,1.2581463392063406,1.0,1.0,True,False,True,True,3
controlled/HtoW/scenarios_Home_to_work__adv2_apple0_google0_samsung0_tile0__advtag-4c001219fc-4c001219fd__20260130_081221/scenario_tx-30s_rot-15min.csv,1,TAG_APPLE,36,3600.0,,3513.969890356064,36,1.2062573656391844,0.0,0.0,True,True,True,True,3
controlled/HtoW/scenarios_Home_to_work__adv2_apple0_google0_samsung0_tile0__advtag-4c001219fc-4c001219fd__20260130_081221/scenario_tx-30s_rot-15min.csv,2,TAG_APPLE,5,7200.0,,3565.5879135131836,5,2.6010201601793925,1.0,1.0,True,False,True,True,3
controlled/HtoW/scenarios_Home_to_work__adv2_apple0_google0_samsung0_tile0__advtag-4c001219fc-4c001219fd__20260130_081221/scenario_tx-30s_rot-15min.csv,0,TAG_APPLE,80,7200.0,,3591.5428364276886,66,1.2331497163628715,0.07575757575757576,0.07575757575757576,True,True,True,True,3
controlled/HtoW/scenarios_Home_to_work__adv2_apple0_google0_samsung0_tile0__advtag-4c001219fc-4c001219fd__20260130_081221/scenario_tx-30s_rot-15min.csv,1,TAG_APPLE,62,7200.0,,3550.8579347133636,62,1.1331525661439494,0.0,0.03225806451612903,True,True,True,True,3
controlled/HtoW/scenarios_Home_to_work__adv2_apple0_google0_samsung0_tile0__advtag-4c001219fc-4c001219fd__20260130_081221/scenario_tx-30s_rot-15min.csv,3,TAG_TILE,1,3600.0,,2894.0326144695277,1,0.0,0.0,0.0,True,False,False,False,3
controlled/HtoW/scenarios_Home_to_work__adv2_apple0_google0_samsung0_tile0__advtag-4c001219fc-4c001219fd__20260130_081221/scenario_tx-30s_rot-15min.csv,4,TAG_TILE,1,3600.0,,277.4696617126465,1,0.0,0.0,0.0,False,False,False,False,3
controlled/HtoW/scenarios_Home_to_work__adv2_apple0_google0_samsung0_tile0__advtag-4c001219fc-4c001219fd__20260130_081221/scenario_tx-30s_rot-15min.csv,5,TAG_TILE,1,3600.0,,577.9147005081177,1,0.0,0.0,0.0,False,False,False,False,3
controlled/HtoW/scenarios_Home_to_work__adv2_apple0_google0_samsung0_tile0__advtag-4c001219fc-4c001219fd__20260130_081221/scenario_tx-30s_rot-15min.csv,0,TAG_APPLE,32,3600.0,,771.7917475700378,32,1.3158062423196268,0.0625,0.0625,False,True,True,False,3
controlled/HtoW/scenarios_Home_to_work__adv2_apple0_google0_samsung0_tile0__advtag-4c001219fc-4c001219fd__20260130_081221/scenario_tx-30s_rot-15min.csv,1,TAG_APPLE,53,3600.0,,636.8608703613281,53,1.0767326045725232,0.0,0.0,False,True,True,False,3
controlled/HtoW/scenarios_Home_to_work__adv2_apple0_google0_samsung0_tile0__advtag-4c001219fc-4c001219fd__20260130_081221/scenario_tx-30s_rot-15min.csv,2,TAG_APPLE,2,3600.0,,738.876148223877,2,0.0,1.0,1.0,False,False,False,False,3
controlled/HtoW/scenarios_Home_to_work__adv2_apple0_google0_samsung0_tile0__advtag-4c001219fc-4c001219fd__20260130_081221/scenario_tx-30s_rot-15min.csv,3,TAG_TILE,2,3600.0,,504.30240750312805,2,0.0,0.0,0.0,False,False,False,False,3
controlled/HtoW/scenarios_Home_to_work__adv2_apple0_google0_samsung0_tile0__advtag-4c001219fc-4c001219fd__20260130_081221/scenario_tx-30s_rot-15min.csv,4,TAG_TILE,1,3600.0,,94.09704542160034,1,0.0,0.0,0.0,False,False,False,False,3
controlled/HtoW/scenarios_Home_to_work__adv2_apple0_google0_samsung0_tile0__advtag-4c001219fc-4c001219fd__20260130_081221/scenario_tx-30s_rot-15min.csv,5,TAG_TILE,1,3600.0,,0.0,1,0.0,0.0,0.0,False,False,False,False,3
controlled/HtoW/scenarios_Home_to_work__adv2_apple0_google0_samsung0_tile0__advtag-4c001219fc-4c001219fd__20260130_081221/scenario_tx-1min_rot-15min.csv,0,TAG_APPLE,22,3600.0,,3599.895208835602,22,1.430377680206582,0.09090909090909091,0.09090909090909091,True,True,True,True,3
controlled/HtoW/scenarios_Home_to_work__adv2_apple0_google0_samsung0_tile0__advtag-4c001219fc-4c001219fd__20260130_081221/scenario_tx-1min_rot-15min.csv,1,TAG_APPLE,41,3600.0,,3513.969890356064,41,1.0442076896762038,0.07317073170731707,0.07317073170731707,True,True,True,True,3
controlled/HtoW/scenarios_Home_to_work__adv2_apple0_google0_samsung0_tile0__advtag-4c001219fc-4c001219fd__20260130_081221/scenario_tx-1min_rot-15min.csv,2,TAG_APPLE,2,3600.0,,1700.4829013347626,2,0.0,1.0,1.0,True,False,False,False,3
controlled/HtoW/scenarios_Home_to_work__adv2_apple0_google0_samsung0_tile0__advtag-4c001219fc-4c001219fd__20260130_081221/scenario_tx-1min_rot-15min.csv,0,TAG_APPLE,50,7200.0,,3547.0079481601715,39,0.9332702158974788,0.07692307692307693,0.07692307692307693,True,True,False,False,3
controlled/HtoW/scenarios_Home_to_work__adv2_apple0_google0_samsung0_tile0__advtag-4c001219fc-4c001219fd__20260130_081221/scenario_tx-1min_rot-15min.csv,1,TAG_APPLE,93,7200.0,,3593.361763715744,91,0.8669244981171673,0.04395604395604396,0.04395604395604396,True,True,False,False,3
controlled/HtoW/scenarios_Home_to_work__adv2_apple0_google0_samsung0_tile0__advtag-4c001219fc-4c001219fd__20260130_081221/scenario_tx-1min_rot-15min.csv,2,TAG_APPLE,2,3600.0,,2659.9078142642984,2,0.0,1.0,1.0,True,False,False,False,3
controlled/HtoW/scenarios_Home_to_work__adv2_apple0_google0_samsung0_tile0__advtag-4c001219fc-4c001219fd__20260130_081221/scenario_tx-1min_rot-15min.csv,3,TAG_TILE,1,3600.0,,2894.0326144695277,1,0.0,0.0,0.0,True,False,False,False,3
controlled/HtoW/scenarios_Home_to_work__adv2_apple0_google0_samsung0_tile0__advtag-4c001219fc-4c001219fd__20260130_081221/scenario_tx-1min_rot-15min.csv,4,TAG_TILE,1,3600.0,,277.4696617126465,1,0.0,0.0,0.0,False,False,False,False,3
controlled/HtoW/scenarios_Home_to_work__adv2_apple0_google0_samsung0_tile0__advtag-4c001219fc-4c001219fd__20260130_081221/scenario_tx-1min_rot-15min.csv,5,TAG_TILE,1,3600.0,,577.9147005081177,1,0.0,0.0,0.0,False,False,False,False,3
controlled/HtoW/scenarios_Home_to_work__adv2_apple0_google0_samsung0_tile0__advtag-4c001219fc-4c001219fd__20260130_081221/scenario_tx-1min_rot-15min.csv,0,TAG_APPLE,33,3600.0,,771.0463919639587,33,1.131736227177869,0.030303030303030304,0.030303030303030304,False,True,True,False,3
controlled/HtoW/scenarios_Home_to_work__adv2_apple0_google0_samsung0_tile0__advtag-4c001219fc-4c001219fd__20260130_081221/scenario_tx-1min_rot-15min.csv,1,TAG_APPLE,51,3600.0,,636.8608703613281,51,0.9697517652245486,0.0,0.0,False,True,False,False,3
controlled/HtoW/scenarios_Home_to_work__adv2_apple0_google0_samsung0_tile0__advtag-4c001219fc-4c001219fd__20260130_081221/scenario_tx-1min_rot-15min.csv,2,TAG_APPLE,2,3600.0,,731.8074140548706,2,0.0,1.0,1.0,False,False,False,False,3
controlled/HtoW/scenarios_Home_to_work__adv2_apple0_google0_samsung0_tile0__advtag-4c001219fc-4c001219fd__20260130_081221/scenario_tx-1min_rot-15min.csv,3,TAG_TILE,2,3600.0,,504.30240750312805,2,0.0,0.0,0.0,False,False,False,False,3
controlled/HtoW/scenarios_Home_to_work__adv2_apple0_google0_samsung0_tile0__advtag-4c001219fc-4c001219fd__20260130_081221/scenario_tx-1min_rot-15min.csv,4,TAG_TILE,1,3600.0,,94.09704542160034,1,0.0,0.0,0.0,False,False,False,False,3
controlled/HtoW/scenarios_Home_to_work__adv2_apple0_google0_samsung0_tile0__advtag-4c001219fc-4c001219fd__20260130_081221/scenario_tx-1min_rot-15min.csv,5,TAG_TILE,1,3600.0,,0.0,1,0.0,0.0,0.0,False,False,False,False,3
controlled/HtoW/scenarios_Home_to_work__adv2_apple0_google0_samsung0_tile0__advtag-4c001219fc-4c001219fd__20260130_081221/scenario_tx-30s_rot-5min.csv,2,TAG_APPLE,10,3600.0,,3592.2188951969147,10,3.0509286826633226,1.0,1.0,True,False,True,True,3
controlled/HtoW/scenarios_Home_to_work__adv2_apple0_google0_samsung0_tile0__advtag-4c001219fc-4c001219fd__20260130_081221/scenario_tx-30s_rot-5min.csv,0,TAG_APPLE,30,3600.0,,3599.895208835602,30,1.961675924059638,0.36666666666666664,0.36666666666666664,True,True,True,True,3
controlled/HtoW/scenarios_Home_to_work__adv2_apple0_google0_samsung0_tile0__advtag-4c001219fc-4c001219fd__20260130_081221/scenario_tx-30s_rot-5min.csv,1,TAG_APPLE,32,3600.0,,3513.969890356064,32,1.663619144886505,0.0,0.0,True,True,True,True,3
controlled/HtoW/scenarios_Home_to_work__adv2_apple0_google0_samsung0_tile0__advtag-4c001219fc-4c001219fd__20260130_081221/scenario_tx-30s_rot-5min.csv,2,TAG_APPLE,11,7200.0,,3570.165232181549,11,2.6122470643610978,1.0,1.0,True,False,True,True,3
controlled/HtoW/scenarios_Home_to_work__adv2_apple0_google0_samsung0_tile0__advtag-4c001219fc-4c001219fd__20260130_081221/scenario_tx-30s_rot-5min.csv,0,TAG_APPLE,98,7200.0,,3593.361763715744,95,1.6607650224257908,0.09473684210526316,0.09473684210526316,True,True,True,True,3
controlled/HtoW/scenarios_Home_to_work__adv2_apple0_google0_samsung0_tile0__advtag-4c001219fc-4c001219fd__20260130_081221/scenario_tx-30s_rot-5min.csv,1,TAG_APPLE,43,7200.0,,3513.5685698986053,32,1.4063505198317463,0.09375,0.15625,True,True,True,True,3
controlled/HtoW/scenarios_Home_to_work__adv2_apple0_google0_samsung0_tile0__advtag-4c001219fc-4c001219fd__20260130_081221/scenario_tx-30s_rot-5min.csv,3,TAG_TILE,1,3600.0,,2894.0326144695277,1,0.0,0.0,1.0,True,False,False,False,3
controlled/HtoW/scenarios_Home_to_work__adv2_apple0_google0_samsung0_tile0__advtag-4c001219fc-4c001219fd__20260130_081221/scenario_tx-30s_rot-5min.csv,4,TAG_TILE,1,3600.0,,277.4696617126465,1,0.0,0.0,0.0,False,False,False,False,3
controlled/HtoW/scenarios_Home_to_work__adv2_apple0_google0_samsung0_tile0__advtag-4c001219fc-4c001219fd__20260130_081221/scenario_tx-30s_rot-5min.csv,5,TAG_TILE,1,3600.0,,577.9147005081177,1,0.0,0.0,1.0,False,False,False,False,3
controlled/HtoW/scenarios_Home_to_work__adv2_apple0_google0_samsung0_tile0__advtag-4c001219fc-4c001219fd__20260130_081221/scenario_tx-30s_rot-5min.csv,0,TAG_APPLE,31,3600.0,,771.7917475700378,31,1.3553303812543602,0.12903225806451613,0.12903225806451613,False,True,True,False,3
controlled/HtoW/scenarios_Home_to_work__adv2_apple0_google0_samsung0_tile0__advtag-4c001219fc-4c001219fd__20260130_081221/scenario_tx-30s_rot-5min.csv,1,TAG_APPLE,53,3600.0,,636.8608703613281,53,1.1421374719723572,0.0,0.0,False,True,True,False,3
controlled/HtoW/scenarios_Home_to_work__adv2_apple0_google0_samsung0_tile0__advtag-4c001219fc-4c001219fd__20260130_081221/scenario_tx-30s_rot-5min.csv,2,TAG_APPLE,2,3600.0,,590.3950886726379,2,0.0,1.0,1.0,False,False,False,False,3
controlled/HtoW/scenarios_Home_to_work__adv2_apple0_google0_samsung0_tile0__advtag-4c001219fc-4c001219fd__20260130_081221/scenario_tx-30s_rot-5min.csv,3,TAG_TILE,2,3600.0,,504.30240750312805,2,0.0,0.0,0.0,False,False,False,False,3
controlled/HtoW/scenarios_Home_to_work__adv2_apple0_google0_samsung0_tile0__advtag-4c001219fc-4c001219fd__20260130_081221/scenario_tx-30s_rot-5min.csv,4,TAG_TILE,1,3600.0,,94.09704542160034,1,0.0,0.0,0.0,False,False,False,False,3
controlled/HtoW/scenarios_Home_to_work__adv2_apple0_google0_samsung0_tile0__advtag-4c001219fc-4c001219fd__20260130_081221/scenario_tx-30s_rot-5min.csv,5,TAG_TILE,1,3600.0,,0.0,1,0.0,0.0,0.0,False,False,False,False,3
controlled/HtoW/scenarios_Home_to_work__adv2_apple0_google0_samsung0_tile0__advtag-4c001219fc-4c001219fd__20260130_081221/scenario_tx-1min_rot-1min.csv,1,TAG_APPLE,20,3600.0,,3475.551852941513,20,2.718351613991626,0.35,0.35,True,True,True,True,3
controlled/HtoW/scenarios_Home_to_work__adv2_apple0_google0_samsung0_tile0__advtag-4c001219fc-4c001219fd__20260130_081221/scenario_tx-1min_rot-1min.csv,2,TAG_APPLE,29,3600.0,,3512.3745622634888,29,1.9458838983150097,1.0,1.0,True,True,True,True,3
controlled/HtoW/scenarios_Home_to_work__adv2_apple0_google0_samsung0_tile0__advtag-4c001219fc-4c001219fd__20260130_081221/scenario_tx-1min_rot-1min.csv,0,TAG_APPLE,73,3600.0,,3597.0750226974487,73,1.5651688552064307,0.6986301369863014,0.6986301369863014,True,True,True,True,3
controlled/HtoW/scenarios_Home_to_work__adv2_apple0_google0_samsung0_tile0__advtag-4c001219fc-4c001219fd__20260130_081221/scenario_tx-1min_rot-1min.csv,0,TAG_APPLE,70,7200.0,,3551.050879716873,58,2.1006088679135893,0.3793103448275862,0.4482758620689655,True,True,True,True,3
controlled/HtoW/scenarios_Home_to_work__adv2_apple0_google0_samsung0_tile0__advtag-4c001219fc-4c001219fd__20260130_081221/scenario_tx-1min_rot-1min.csv,2,TAG_APPLE,24,7200.0,,3471.3038976192474,24,2.0007726689078917,1.0,1.0,True,True,True,True,3
controlled/HtoW/scenarios_Home_to_work__adv2_apple0_google0_samsung0_tile0__advtag-4c001219fc-4c001219fd__20260130_081221/scenario_tx-1min_rot-1min.csv,1,TAG_APPLE,98,7200.0,,3575.2657237052917,92,1.302115265136841,0.5543478260869565,0.5978260869565217,True,True,True,True,3
controlled/HtoW/scenarios_Home_to_work__adv2_apple0_google0_samsung0_tile0__advtag-4c001219fc-4c001219fd__20260130_081221/scenario_tx-1min_rot-1min.csv,3,TAG_TILE,1,3600.0,,2894.0326144695277,1,0.0,0.0,0.0,True,False,False,False,3
controlled/HtoW/scenarios_Home_to_work__adv2_apple0_google0_samsung0_tile0__advtag-4c001219fc-4c001219fd__20260130_081221/scenario_tx-1min_rot-1min.csv,4,TAG_TILE,1,3600.0,,277.4696617126465,1,0.0,0.0,1.0,False,False,False,False,3
controlled/HtoW/scenarios_Home_to_work__adv2_apple0_google0_samsung0_tile0__advtag-4c001219fc-4c001219fd__20260130_081221/scenario_tx-1min_rot-1min.csv,5,TAG_TILE,1,3600.0,,577.9147005081177,1,0.0,0.0,0.0,False,False,False,False,3
controlled/HtoW/scenarios_Home_to_work__adv2_apple0_google0_samsung0_tile0__advtag-4c001219fc-4c001219fd__20260130_081221/scenario_tx-1min_rot-1min.csv,0,TAG_APPLE,31,3600.0,,771.0463919639587,31,2.0611636637645696,0.16129032258064516,0.16129032258064516,False,True,True,False,3
controlled/HtoW/scenarios_Home_to_work__adv2_apple0_google0_samsung0_tile0__advtag-4c001219fc-4c001219fd__20260130_081221/scenario_tx-1min_rot-1min.csv,1,TAG_APPLE,59,3600.0,,723.4883985519409,59,1.6368819310863412,0.1694915254237288,0.1694915254237288,False,True,True,False,3
controlled/HtoW/scenarios_Home_to_work__adv2_apple0_google0_samsung0_tile0__advtag-4c001219fc-4c001219fd__20260130_081221/scenario_tx-1min_rot-1min.csv,2,TAG_APPLE,8,3600.0,,665.8980312347412,8,1.047250131502287,1.0,1.0,False,False,True,False,3
controlled/HtoW/scenarios_Home_to_work__adv2_apple0_google0_samsung0_tile0__advtag-4c001219fc-4c001219fd__20260130_081221/scenario_tx-1min_rot-1min.csv,3,TAG_TILE,2,3600.0,,504.30240750312805,2,0.0,0.0,0.0,False,False,False,False,3
controlled/HtoW/scenarios_Home_to_work__adv2_apple0_google0_samsung0_tile0__advtag-4c001219fc-4c001219fd__20260130_081221/scenario_tx-1min_rot-1min.csv,4,TAG_TILE,1,3600.0,,94.09704542160034,1,0.0,0.0,0.0,False,False,False,False,3
controlled/HtoW/scenarios_Home_to_work__adv2_apple0_google0_samsung0_tile0__advtag-4c001219fc-4c001219fd__20260130_081221/scenario_tx-1min_rot-1min.csv,5,TAG_TILE,1,3600.0,,0.0,1,0.0,0.0,0.0,False,False,False,False,3
controlled/HtoW/scenarios_Home_to_work__adv2_apple0_google0_samsung0_tile0__advtag-4c001219fc-4c001219fd__20260130_081221/scenario_tx-2s_rot-15min.csv,2,TAG_APPLE,4,3600.0,,3598.2555553913116,4,3.2641181848353527,1.0,1.0,True,False,True,True,3
controlled/HtoW/scenarios_Home_to_work__adv2_apple0_google0_samsung0_tile0__advtag-4c001219fc-4c001219fd__20260130_081221/scenario_tx-2s_rot-15min.csv,0,TAG_APPLE,25,3600.0,,3599.895208835602,25,1.5230009067848238,0.16,0.16,True,True,True,True,3
controlled/HtoW/scenarios_Home_to_work__adv2_apple0_google0_samsung0_tile0__advtag-4c001219fc-4c001219fd__20260130_081221/scenario_tx-2s_rot-15min.csv,1,TAG_APPLE,36,3600.0,,3513.969890356064,36,1.2933336856326785,0.0,0.0,True,True,True,True,3
controlled/HtoW/scenarios_Home_to_work__adv2_apple0_google0_samsung0_tile0__advtag-4c001219fc-4c001219fd__20260130_081221/scenario_tx-2s_rot-15min.csv,2,TAG_APPLE,5,7200.0,,3591.861386060715,5,6.666666622222222,1.0,1.0,True,False,True,True,3
controlled/HtoW/scenarios_Home_to_work__adv2_apple0_google0_samsung0_tile0__advtag-4c001219fc-4c001219fd__20260130_081221/scenario_tx-2s_rot-15min.csv,0,TAG_APPLE,105,7200.0,,3593.8772747516637,103,1.3252042217381481,0.0,0.009708737864077669,True,True,True,True,3
controlled/HtoW/scenarios_Home_to_work__adv2_apple0_google0_samsung0_tile0__advtag-4c001219fc-4c001219fd__20260130_081221/scenario_tx-2s_rot-15min.csv,1,TAG_APPLE,38,7200.0,,3595.360924243927,26,0.9561309724413071,0.19230769230769232,0.19230769230769232,True,True,False,False,3
controlled/HtoW/scenarios_Home_to_work__adv2_apple0_google0_samsung0_tile0__advtag-4c001219fc-4c001219fd__20260130_081221/scenario_tx-2s_rot-15min.csv,3,TAG_TILE,1,3600.0,,2894.0326144695277,1,0.0,0.0,0.0,True,False,False,False,3
controlled/HtoW/scenarios_Home_to_work__adv2_apple0_google0_samsung0_tile0__advtag-4c001219fc-4c001219fd__20260130_081221/scenario_tx-2s_rot-15min.csv,4,TAG_TILE,1,3600.0,,277.4696617126465,1,0.0,0.0,0.0,False,False,False,False,3
controlled/HtoW/scenarios_Home_to_work__adv2_apple0_google0_samsung0_tile0__advtag-4c001219fc-4c001219fd__20260130_081221/scenario_tx-2s_rot-15min.csv,5,TAG_TILE,1,3600.0,,577.9147005081177,1,0.0,0.0,0.0,False,False,False,False,3
controlled/HtoW/scenarios_Home_to_work__adv2_apple0_google0_samsung0_tile0__advtag-4c001219fc-4c001219fd__20260130_081221/scenario_tx-2s_rot-15min.csv,0,TAG_APPLE,25,3600.0,,775.856436252594,25,1.4956858676833482,0.08,0.08,False,True,True,False,3
controlled/HtoW/scenarios_Home_to_work__adv2_apple0_google0_samsung0_tile0__advtag-4c001219fc-4c001219fd__20260130_081221/scenario_tx-2s_rot-15min.csv,1,TAG_APPLE,62,3600.0,,672.5952179431915,62,1.1836337395437373,0.0,0.0,False,True,True,False,3
controlled/HtoW/scenarios_Home_to_work__adv2_apple0_google0_samsung0_tile0__advtag-4c001219fc-4c001219fd__20260130_081221/scenario_tx-2s_rot-15min.csv,2,TAG_APPLE,2,3600.0,,749.1938815116882,2,0.0,1.0,1.0,False,False,False,False,3
controlled/HtoW/scenarios_Home_to_work__adv2_apple0_google0_samsung0_tile0__advtag-4c001219fc-4c001219fd__20260130_081221/scenario_tx-2s_rot-15min.csv,3,TAG_TILE,2,3600.0,,504.30240750312805,2,0.0,0.0,0.0,False,False,False,False,3
controlled/HtoW/scenarios_Home_to_work__adv2_apple0_google0_samsung0_tile0__advtag-4c001219fc-4c001219fd__20260130_081221/scenario_tx-2s_rot-15min.csv,4,TAG_TILE,1,3600.0,,94.09704542160034,1,0.0,0.0,0.0,False,False,False,False,3
controlled/HtoW/scenarios_Home_to_work__adv2_apple0_google0_samsung0_tile0__advtag-4c001219fc-4c001219fd__20260130_081221/scenario_tx-2s_rot-15min.csv,5,TAG_TILE,1,3600.0,,0.0,1,0.0,0.0,0.0,False,False,False,False,3
controlled/HtoW/scenarios_Home_to_work__adv2_apple0_google0_samsung0_tile0__advtag-4c001219fc-4c001219fd__20260130_081221/scenario_tx-2s_rot-5min.csv,2,TAG_APPLE,10,3600.0,,3290.787865638733,10,6.497620869390416,1.0,1.0,True,False,True,True,3
controlled/HtoW/scenarios_Home_to_work__adv2_apple0_google0_samsung0_tile0__advtag-4c001219fc-4c001219fd__20260130_081221/scenario_tx-2s_rot-5min.csv,1,TAG_APPLE,35,3600.0,,3454.2565777301793,35,2.018669004134378,0.02857142857142857,0.02857142857142857,True,True,True,True,3
controlled/HtoW/scenarios_Home_to_work__adv2_apple0_google0_samsung0_tile0__advtag-4c001219fc-4c001219fd__20260130_081221/scenario_tx-2s_rot-5min.csv,0,TAG_APPLE,30,3600.0,,3599.895208835602,30,1.9504995611182945,0.3333333333333333,0.3333333333333333,True,True,True,True,3
controlled/HtoW/scenarios_Home_to_work__adv2_apple0_google0_samsung0_tile0__advtag-4c001219fc-4c001219fd__20260130_081221/scenario_tx-2s_rot-5min.csv,2,TAG_APPLE,9,7200.0,,3591.861386060715,9,6.666666622222222,1.0,1.0,True,False,True,True,3
controlled/HtoW/scenarios_Home_to_work__adv2_apple0_google0_samsung0_tile0__advtag-4c001219fc-4c001219fd__20260130_081221/scenario_tx-2s_rot-5min.csv,0,TAG_APPLE,61,7200.0,,3595.360924243927,49,1.3677952851140032,0.30612244897959184,0.30612244897959184,True,True,True,True,3
controlled/HtoW/scenarios_Home_to_work__adv2_apple0_google0_samsung0_tile0__advtag-4c001219fc-4c001219fd__20260130_081221/scenario_tx-2s_rot-5min.csv,1,TAG_APPLE,82,7200.0,,3593.361763715744,81,1.3617178220030088,0.0,0.09876543209876543,True,True,True,True,3
controlled/HtoW/scenarios_Home_to_work__adv2_apple0_google0_samsung0_tile0__advtag-4c001219fc-4c001219fd__20260130_081221/scenario_tx-2s_rot-5min.csv,3,TAG_TILE,1,3600.0,,2894.0326144695277,1,0.0,0.0,1.0,True,False,False,False,3
controlled/HtoW/scenarios_Home_to_work__adv2_apple0_google0_samsung0_tile0__advtag-4c001219fc-4c001219fd__20260130_081221/scenario_tx-2s_rot-5min.csv,4,TAG_TILE,1,3600.0,,277.4696617126465,1,0.0,0.0,0.0,False,False,False,False,3
controlled/HtoW/scenarios_Home_to_work__adv2_apple0_google0_samsung0_tile0__advtag-4c001219fc-4c001219fd__20260130_081221/scenario_tx-2s_rot-5min.csv,5,TAG_TILE,1,3600.0,,577.9147005081177,1,0.0,0.0,1.0,False,False,False,False,3
controlled/HtoW/scenarios_Home_to_work__adv2_apple0_google0_samsung0_tile0__advtag-4c001219fc-4c001219fd__20260130_081221/scenario_tx-2s_rot-5min.csv,0,TAG_APPLE,31,3600.0,,775.856436252594,31,1.5145294614367,0.0967741935483871,0.0967741935483871,False,True,True,False,3
controlled/HtoW/scenarios_Home_to_work__adv2_apple0_google0_samsung0_tile0__advtag-4c001219fc-4c001219fd__20260130_081221/scenario_tx-2s_rot-5min.csv,1,TAG_APPLE,51,3600.0,,463.07082533836365,51,1.2217587771646108,0.0,0.0,False,True,True,False,3
controlled/HtoW/scenarios_Home_to_work__adv2_apple0_google0_samsung0_tile0__advtag-4c001219fc-4c001219fd__20260130_081221/scenario_tx-2s_rot-5min.csv,2,TAG_APPLE,3,3600.0,,771.3895938396454,3,0.538851325913868,1.0,1.0,False,False,False,False,3
controlled/HtoW/scenarios_Home_to_work__adv2_apple0_google0_samsung0_tile0__advtag-4c001219fc-4c001219fd__20260130_081221/scenario_tx-2s_rot-5min.csv,3,TAG_TILE,2,3600.0,,504.30240750312805,2,0.0,0.0,0.0,False,False,False,False,3
controlled/HtoW/scenarios_Home_to_work__adv2_apple0_google0_samsung0_tile0__advtag-4c001219fc-4c001219fd__20260130_081221/scenario_tx-2s_rot-5min.csv,4,TAG_TILE,1,3600.0,,94.09704542160034,1,0.0,0.0,0.0,False,False,False,False,3
controlled/HtoW/scenarios_Home_to_work__adv2_apple0_google0_samsung0_tile0__advtag-4c001219fc-4c001219fd__20260130_081221/scenario_tx-2s_rot-5min.csv,5,TAG_TILE,1,3600.0,,0.0,1,0.0,0.0,0.0,False,False,False,False,3
controlled/HtoW/scenarios_Home_to_work__adv2_apple0_google0_samsung0_tile0__advtag-4c001219fc-4c001219fd__20260130_081221/scenario_tx-30s_rot-30s.csv,2,TAG_APPLE,29,3600.0,,3468.332473754883,29,3.1420731937726214,1.0,1.0,True,True,True,True,3
controlled/HtoW/scenarios_Home_to_work__adv2_apple0_google0_samsung0_tile0__advtag-4c001219fc-4c001219fd__20260130_081221/scenario_tx-30s_rot-30s.csv,1,TAG_APPLE,20,3600.0,,3501.3283982276917,20,2.5956985170875533,0.75,0.75,True,True,True,True,3
controlled/HtoW/scenarios_Home_to_work__adv2_apple0_google0_samsung0_tile0__advtag-4c001219fc-4c001219fd__20260130_081221/scenario_tx-30s_rot-30s.csv,0,TAG_APPLE,101,3600.0,,3597.0750226974487,101,1.3886710129575794,0.9108910891089109,0.9108910891089109,True,True,True,True,3
controlled/HtoW/scenarios_Home_to_work__adv2_apple0_google0_samsung0_tile0__advtag-4c001219fc-4c001219fd__20260130_081221/scenario_tx-30s_rot-30s.csv,2,TAG_APPLE,34,7200.0,,3462.8069701194763,34,3.4475607080560877,1.0,1.0,True,True,True,True,3
controlled/HtoW/scenarios_Home_to_work__adv2_apple0_google0_samsung0_tile0__advtag-4c001219fc-4c001219fd__20260130_081221/scenario_tx-30s_rot-30s.csv,0,TAG_APPLE,64,7200.0,,3589.6322996616364,51,2.4743518353833616,0.6470588235294118,0.8235294117647058,True,True,True,True,3
controlled/HtoW/scenarios_Home_to_work__adv2_apple0_google0_samsung0_tile0__advtag-4c001219fc-4c001219fd__20260130_081221/scenario_tx-30s_rot-30s.csv,1,TAG_APPLE,133,7200.0,,3593.361763715744,126,1.4308804128639836,0.8253968253968254,0.8809523809523809,True,True,True,True,3
controlled/HtoW/scenarios_Home_to_work__adv2_apple0_google0_samsung0_tile0__advtag-4c001219fc-4c001219fd__20260130_081221/scenario_tx-30s_rot-30s.csv,3,TAG_TILE,1,3600.0,,2894.0326144695277,1,0.0,0.0,1.0,True,False,False,False,3
controlled/HtoW/scenarios_Home_to_work__adv2_apple0_google0_samsung0_tile0__advtag-4c001219fc-4c001219fd__20260130_081221/scenario_tx-30s_rot-30s.csv,4,TAG_TILE,1,3600.0,,277.4696617126465,1,0.0,0.0,1.0,False,False,False,False,3
controlled/HtoW/scenarios_Home_to_work__adv2_apple0_google0_samsung0_tile0__advtag-4c001219fc-4c001219fd__20260130_081221/scenario_tx-30s_rot-30s.csv,5,TAG_TILE,1,3600.0,,577.9147005081177,1,0.0,0.0,1.0,False,False,False,False,3
controlled/HtoW/scenarios_Home_to_work__adv2_apple0_google0_samsung0_tile0__advtag-4c001219fc-4c001219fd__20260130_081221/scenario_tx-30s_rot-30s.csv,1,TAG_APPLE,23,3600.0,,771.0463919639587,23,2.861370916870005,0.21739130434782608,0.21739130434782608,False,True,True,False,3
controlled/HtoW/scenarios_Home_to_work__adv2_apple0_google0_samsung0_tile0__advtag-4c001219fc-4c001219fd__20260130_081221/scenario_tx-30s_rot-30s.csv,2,TAG_APPLE,12,3600.0,,526.5891225337973,12,2.0738441191650847,1.0,1.0,False,False,True,False,3
controlled/HtoW/scenarios_Home_to_work__adv2_apple0_google0_samsung0_tile0__advtag-4c001219fc-4c001219fd__20260130_081221/scenario_tx-30s_rot-30s.csv,0,TAG_APPLE,79,3600.0,,772.0474426746368,79,1.7572272915091185,0.3291139240506329,0.3291139240506329,False,True,True,False,3
controlled/HtoW/scenarios_Home_to_work__adv2_apple0_google0_samsung0_tile0__advtag-4c001219fc-4c001219fd__20260130_081221/scenario_tx-30s_rot-30s.csv,3,TAG_TILE,2,3600.0,,504.30240750312805,2,0.0,0.0,0.0,False,False,False,False,3
controlled/HtoW/scenarios_Home_to_work__adv2_apple0_google0_samsung0_tile0__advtag-4c001219fc-4c001219fd__20260130_081221/scenario_tx-30s_rot-30s.csv,4,TAG_TILE,1,3600.0,,94.09704542160034,1,0.0,0.0,0.0,False,False,False,False,3
controlled/HtoW/scenarios_Home_to_work__adv2_apple0_google0_samsung0_tile0__advtag-4c001219fc-4c001219fd__20260130_081221/scenario_tx-30s_rot-30s.csv,5,TAG_TILE,1,3600.0,,0.0,1,0.0,0.0,0.0,False,False,False,False,3
controlled/HtoW/scenarios_Home_to_work__adv2_apple0_google0_samsung0_tile0__advtag-4c001219fc-4c001219fd__20260130_081221/scenario_tx-2s_rot-30s.csv,0,TAG_APPLE,46,3600.0,,3597.871289253235,46,3.6886501118511337,0.8913043478260869,0.8913043478260869,True,True,True,True,5
controlled/HtoW/scenarios_Home_to_work__adv2_apple0_google0_samsung0_tile0__advtag-4c001219fc-4c001219fd__20260130_081221/scenario_tx-2s_rot-30s.csv,4,TAG_APPLE,11,3600.0,,2907.452759027481,11,3.4784254903574086,0.7272727272727273,0.7272727272727273,True,False,True,True,5
controlled/HtoW/scenarios_Home_to_work__adv2_apple0_google0_samsung0_tile0__advtag-4c001219fc-4c001219fd__20260130_081221/scenario_tx-2s_rot-30s.csv,1,TAG_APPLE,46,3600.0,,3598.2555553913116,46,3.4044058966821136,0.9782608695652174,0.9782608695652174,True,True,True,True,5
controlled/HtoW/scenarios_Home_to_work__adv2_apple0_google0_samsung0_tile0__advtag-4c001219fc-4c001219fd__20260130_081221/scenario_tx-2s_rot-30s.csv,3,TAG_APPLE,9,3600.0,,3116.634883403778,9,2.613186146355628,0.8888888888888888,0.8888888888888888,True,False,True,True,5
controlled/HtoW/scenarios_Home_to_work__adv2_apple0_google0_samsung0_tile0__advtag-4c001219fc-4c001219fd__20260130_081221/scenario_tx-2s_rot-30s.csv,2,TAG_APPLE,43,3600.0,,3474.009159088135,43,2.560392041567374,1.0,1.0,True,True,True,True,5
controlled/HtoW/scenarios_Home_to_work__adv2_apple0_google0_samsung0_tile0__advtag-4c001219fc-4c001219fd__20260130_081221/scenario_tx-2s_rot-30s.csv,4,TAG_APPLE,55,7200.0,,3590.979928255081,55,4.952545238641632,0.9818181818181818,0.9818181818181818,True,True,True,True,5
controlled/HtoW/scenarios_Home_to_work__adv2_apple0_google0_samsung0_tile0__advtag-4c001219fc-4c001219fd__20260130_081221/scenario_tx-2s_rot-30s.csv,2,TAG_APPLE,50,7200.0,,3562.076042175293,50,4.015415823665185,1.0,1.0,True,True,True,True,5
controlled/HtoW/scenarios_Home_to_work__adv2_apple0_google0_samsung0_tile0__advtag-4c001219fc-4c001219fd__20260130_081221/scenario_tx-2s_rot-30s.csv,1,TAG_APPLE,63,7200.0,,3591.861386060715,63,3.820589353674418,0.8412698412698413,0.9206349206349206,True,True,True,True,5
controlled/HtoW/scenarios_Home_to_work__adv2_apple0_google0_samsung0_tile0__advtag-4c001219fc-4c001219fd__20260130_081221/scenario_tx-2s_rot-30s.csv,3,TAG_APPLE,25,7200.0,,3556.0630033016205,25,2.1535759970716883,0.0,0.56,True,True,True,True,5
controlled/HtoW/scenarios_Home_to_work__adv2_apple0_google0_samsung0_tile0__advtag-4c001219fc-4c001219fd__20260130_081221/scenario_tx-2s_rot-30s.csv,0,TAG_APPLE,43,7200.0,,3528.1991288661957,33,2.1135860781986455,0.7575757575757576,0.8484848484848485,True,True,True,True,5
controlled/HtoW/scenarios_Home_to_work__adv2_apple0_google0_samsung0_tile0__advtag-4c001219fc-4c001219fd__20260130_081221/scenario_tx-2s_rot-30s.csv,5,TAG_TILE,1,3600.0,,2894.0326144695277,1,0.0,0.0,1.0,True,False,False,False,3
controlled/HtoW/scenarios_Home_to_work__adv2_apple0_google0_samsung0_tile0__advtag-4c001219fc-4c001219fd__20260130_081221/scenario_tx-2s_rot-30s.csv,6,TAG_TILE,1,3600.0,,277.4696617126465,1,0.0,0.0,1.0,False,False,False,False,3
controlled/HtoW/scenarios_Home_to_work__adv2_apple0_google0_samsung0_tile0__advtag-4c001219fc-4c001219fd__20260130_081221/scenario_tx-2s_rot-30s.csv,7,TAG_TILE,1,3600.0,,577.9147005081177,1,0.0,0.0,1.0,False,False,False,False,3
controlled/HtoW/scenarios_Home_to_work__adv2_apple0_google0_samsung0_tile0__advtag-4c001219fc-4c001219fd__20260130_081221/scenario_tx-2s_rot-30s.csv,2,TAG_APPLE,22,3600.0,,749.1938815116882,22,4.655137581655145,1.0,1.0,False,True,True,False,5
controlled/HtoW/scenarios_Home_to_work__adv2_apple0_google0_samsung0_tile0__advtag-4c001219fc-4c001219fd__20260130_081221/scenario_tx-2s_rot-30s.csv,3,TAG_APPLE,18,3600.0,,771.0463919639587,18,4.342712692212911,0.2777777777777778,0.2777777777777778,False,True,True,False,5
controlled/HtoW/scenarios_Home_to_work__adv2_apple0_google0_samsung0_tile0__advtag-4c001219fc-4c001219fd__20260130_081221/scenario_tx-2s_rot-30s.csv,1,TAG_APPLE,42,3600.0,,636.8608703613281,42,2.488897505985164,0.023809523809523808,0.023809523809523808,False,True,True,False,5
controlled/HtoW/scenarios_Home_to_work__adv2_apple0_google0_samsung0_tile0__advtag-4c001219fc-4c001219fd__20260130_081221/scenario_tx-2s_rot-30s.csv,0,TAG_APPLE,29,3600.0,,774.511554479599,29,2.1269851664318424,0.7241379310344828,0.7241379310344828,False,True,True,False,5
controlled/HtoW/scenarios_Home_to_work__adv2_apple0_google0_samsung0_tile0__advtag-4c001219fc-4c001219fd__20260130_081221/scenario_tx-2s_rot-30s.csv,4,TAG_APPLE,2,3600.0,,149.1518578529358,2,0.0,0.0,0.0,False,False,False,False,5
controlled/HtoW/scenarios_Home_to_work__adv2_apple0_google0_samsung0_tile0__advtag-4c001219fc-4c001219fd__20260130_081221/scenario_tx-2s_rot-30s.csv,5,TAG_TILE,2,3600.0,,504.30240750312805,2,0.0,0.0,0.5,False,False,False,False,3
controlled/HtoW/scenarios_Home_to_work__adv2_apple0_google0_samsung0_tile0__advtag-4c001219fc-4c001219fd__20260130_081221/scenario_tx-2s_rot-30s.csv,6,TAG_TILE,1,3600.0,,94.09704542160034,1,0.0,0.0,0.0,False,False,False,False,3
controlled/HtoW/scenarios_Home_to_work__adv2_apple0_google0_samsung0_tile0__advtag-4c001219fc-4c001219fd__20260130_081221/scenario_tx-2s_rot-30s.csv,7,TAG_TILE,1,3600.0,,0.0,1,0.0,0.0,1.0,False,False,False,False,3
controlled/HtoW/scenarios_Home_to_work__adv2_apple0_google0_samsung0_tile0__advtag-4c001219fc-4c001219fd__20260130_081221/scenario_tx-30s_rot-1min.csv,2,TAG_APPLE,41,3600.0,,3530.151609659195,41,3.945537364319509,1.0,1.0,True,True,True,True,3
controlled/HtoW/scenarios_Home_to_work__adv2_apple0_google0_samsung0_tile0__advtag-4c001219fc-4c001219fd__20260130_081221/scenario_tx-30s_rot-1min.csv,0,TAG_APPLE,20,3600.0,,3166.621643304825,20,2.841725485227513,0.35,0.35,True,True,True,True,3
controlled/HtoW/scenarios_Home_to_work__adv2_apple0_google0_samsung0_tile0__advtag-4c001219fc-4c001219fd__20260130_081221/scenario_tx-30s_rot-1min.csv,1,TAG_APPLE,71,3600.0,,3597.0750226974487,71,2.232571153127113,0.704225352112676,0.704225352112676,True,True,True,True,3
controlled/HtoW/scenarios_Home_to_work__adv2_apple0_google0_samsung0_tile0__advtag-4c001219fc-4c001219fd__20260130_081221/scenario_tx-30s_rot-1min.csv,2,TAG_APPLE,32,7200.0,,3565.5879135131836,32,3.8223700397016005,1.0,1.0,True,True,True,True,3
controlled/HtoW/scenarios_Home_to_work__adv2_apple0_google0_samsung0_tile0__advtag-4c001219fc-4c001219fd__20260130_081221/scenario_tx-30s_rot-1min.csv,1,TAG_APPLE,43,7200.0,,3513.5685698986053,32,2.0723841535459098,0.25,0.34375,True,True,True,True,3
controlled/HtoW/scenarios_Home_to_work__adv2_apple0_google0_samsung0_tile0__advtag-4c001219fc-4c001219fd__20260130_081221/scenario_tx-30s_rot-1min.csv,0,TAG_APPLE,123,7200.0,,3593.361763715744,120,2.0393712527097247,0.5583333333333333,0.5833333333333334,True,True,True,True,3
controlled/HtoW/scenarios_Home_to_work__adv2_apple0_google0_samsung0_tile0__advtag-4c001219fc-4c001219fd__20260130_081221/scenario_tx-30s_rot-1min.csv,3,TAG_TILE,1,3600.0,,2894.0326144695277,1,0.0,0.0,1.0,True,False,False,False,3
controlled/HtoW/scenarios_Home_to_work__adv2_apple0_google0_samsung0_tile0__advtag-4c001219fc-4c001219fd__20260130_081221/scenario_tx-30s_rot-1min.csv,4,TAG_TILE,1,3600.0,,277.4696617126465,1,0.0,0.0,1.0,False,False,False,False,3
controlled/HtoW/scenarios_Home_to_work__adv2_apple0_google0_samsung0_tile0__advtag-4c001219fc-4c001219fd__20260130_081221/scenario_tx-30s_rot-1min.csv,5,TAG_TILE,1,3600.0,,577.9147005081177,1,0.0,0.0,1.0,False,False,False,False,3
controlled/HtoW/scenarios_Home_to_work__adv2_apple0_google0_samsung0_tile0__advtag-4c001219fc-4c001219fd__20260130_081221/scenario_tx-30s_rot-1min.csv,1,TAG_APPLE,24,3600.0,,771.0463919639587,24,2.1589558333914494,0.08333333333333333,0.08333333333333333,False,True,True,False,3
controlled/HtoW/scenarios_Home_to_work__adv2_apple0_google0_samsung0_tile0__advtag-4c001219fc-4c001219fd__20260130_081221/scenario_tx-30s_rot-1min.csv,0,TAG_APPLE,62,3600.0,,770.4468657970428,62,1.6373516286912546,0.20967741935483872,0.20967741935483872,False,True,True,False,3
controlled/HtoW/scenarios_Home_to_work__adv2_apple0_google0_samsung0_tile0__advtag-4c001219fc-4c001219fd__20260130_081221/scenario_tx-30s_rot-1min.csv,2,TAG_APPLE,11,3600.0,,738.876148223877,11,0.9796312939199455,1.0,1.0,False,False,False,False,3
controlled/HtoW/scenarios_Home_to_work__adv2_apple0_google0_samsung0_tile0__advtag-4c001219fc-4c001219fd__20260130_081221/scenario_tx-30s_rot-1min.csv,3,TAG_TILE,2,3600.0,,504.30240750312805,2,0.0,0.0,1.0,False,False,False,False,3
controlled/HtoW/scenarios_Home_to_work__adv2_apple0_google0_samsung0_tile0__advtag-4c001219fc-4c001219fd__20260130_081221/scenario_tx-30s_rot-1min.csv,4,TAG_TILE,1,3600.0,,94.09704542160034,1,0.0,0.0,0.0,False,False,False,False,3
controlled/HtoW/scenarios_Home_to_work__adv2_apple0_google0_samsung0_tile0__advtag-4c001219fc-4c001219fd__20260130_081221/scenario_tx-30s_rot-1min.csv,5,TAG_TILE,1,3600.0,,0.0,1,0.0,0.0,0.0,False,False,False,False,3
controlled/HtoW/scenarios_Home_to_work__adv2_apple0_google0_samsung0_tile0__advtag-4c001219fc-4c001219fd__20260130_081221/scenario_tx-2s_rot-1min.csv,2,TAG_APPLE,39,3600.0,,3597.871289253235,39,6.666666622222222,0.9230769230769231,0.9230769230769231,True,True,True,True,5
controlled/HtoW/scenarios_Home_to_work__adv2_apple0_google0_samsung0_tile0__advtag-4c001219fc-4c001219fd__20260130_081221/scenario_tx-2s_rot-1min.csv,1,TAG_APPLE,36,3600.0,,3474.009159088135,36,5.81828732655688,1.0,1.0,True,True,True,True,5
controlled/HtoW/scenarios_Home_to_work__adv2_apple0_google0_samsung0_tile0__advtag-4c001219fc-4c001219fd__20260130_081221/scenario_tx-2s_rot-1min.csv,3,TAG_APPLE,9,3600.0,,3597.438494205475,9,2.2903438462433297,0.5555555555555556,0.5555555555555556,True,False,True,True,5
controlled/HtoW/scenarios_Home_to_work__adv2_apple0_google0_samsung0_tile0__advtag-4c001219fc-4c001219fd__20260130_081221/scenario_tx-2s_rot-1min.csv,4,TAG_APPLE,14,3600.0,,3513.969890356064,14,1.7948730891877407,0.0,0.0,True,False,True,True,5
controlled/HtoW/scenarios_Home_to_work__adv2_apple0_google0_samsung0_tile0__advtag-4c001219fc-4c001219fd__20260130_081221/scenario_tx-2s_rot-1min.csv,0,TAG_APPLE,22,3600.0,,3475.5457425117493,22,1.7516417757984992,0.5909090909090909,0.5909090909090909,True,True,True,True,5
controlled/HtoW/scenarios_Home_to_work__adv2_apple0_google0_samsung0_tile0__advtag-4c001219fc-4c001219fd__20260130_081221/scenario_tx-2s_rot-1min.csv,4,TAG_APPLE,38,7200.0,,3492.3810338973994,38,6.666666622222222,1.0,1.0,True,True,True,True,5
controlled/HtoW/scenarios_Home_to_work__adv2_apple0_google0_samsung0_tile0__advtag-4c001219fc-4c001219fd__20260130_081221/scenario_tx-2s_rot-1min.csv,1,TAG_APPLE,45,7200.0,,3592.575669765473,45,4.205658434037911,1.0,1.0,True,True,True,True,5
controlled/HtoW/scenarios_Home_to_work__adv2_apple0_google0_samsung0_tile0__advtag-4c001219fc-4c001219fd__20260130_081221/scenario_tx-2s_rot-1min.csv,3,TAG_APPLE,49,7200.0,,3591.124566555023,49,2.6948749309891142,0.0,0.20408163265306123,True,True,True,True,5
controlled/HtoW/scenarios_Home_to_work__adv2_apple0_google0_samsung0_tile0__advtag-4c001219fc-4c001219fd__20260130_081221/scenario_tx-2s_rot-1min.csv,2,TAG_APPLE,33,7200.0,,3592.0595715045934,32,2.520210499561772,0.46875,0.5625,True,True,True,True,5
controlled/HtoW/scenarios_Home_to_work__adv2_apple0_google0_samsung0_tile0__advtag-4c001219fc-4c001219fd__20260130_081221/scenario_tx-2s_rot-1min.csv,0,TAG_APPLE,31,7200.0,,3513.5685698986053,22,2.0010344575397387,0.5,0.6363636363636364,True,True,True,True,5
controlled/HtoW/scenarios_Home_to_work__adv2_apple0_google0_samsung0_tile0__advtag-4c001219fc-4c001219fd__20260130_081221/scenario_tx-2s_rot-1min.csv,5,TAG_TILE,1,3600.0,,2894.0326144695277,1,0.0,0.0,0.0,True,False,False,False,3
controlled/HtoW/scenarios_Home_to_work__adv2_apple0_google0_samsung0_tile0__advtag-4c001219fc-4c001219fd__20260130_081221/scenario_tx-2s_rot-1min.csv,6,TAG_TILE,1,3600.0,,277.4696617126465,1,0.0,0.0,1.0,False,False,False,False,3
controlled/HtoW/scenarios_Home_to_work__adv2_apple0_google0_samsung0_tile0__advtag-4c001219fc-4c001219fd__20260130_081221/scenario_tx-2s_rot-1min.csv,7,TAG_TILE,1,3600.0,,577.9147005081177,1,0.0,0.0,0.0,False,False,False,False,3
controlled/HtoW/scenarios_Home_to_work__adv2_apple0_google0_samsung0_tile0__advtag-4c001219fc-4c001219fd__20260130_081221/scenario_tx-2s_rot-1min.csv,2,TAG_APPLE,13,3600.0,,749.1938815116882,13,4.051208745949583,1.0,1.0,False,False,True,False,3
controlled/HtoW/scenarios_Home_to_work__adv2_apple0_google0_samsung0_tile0__advtag-4c001219fc-4c001219fd__20260130_081221/scenario_tx-2s_rot-1min.csv,1,TAG_APPLE,47,3600.0,,637.7765924930573,47,1.9877709763220277,0.0425531914893617,0.0425531914893617,False,True,True,False,3
controlled/HtoW/scenarios_Home_to_work__adv2_apple0_google0_samsung0_tile0__advtag-4c001219fc-4c001219fd__20260130_081221/scenario_tx-2s_rot-1min.csv,0,TAG_APPLE,39,3600.0,,775.856436252594,39,1.9478010759373756,0.28205128205128205,0.28205128205128205,False,True,True,False,3
controlled/HtoW/scenarios_Home_to_work__adv2_apple0_google0_samsung0_tile0__advtag-4c001219fc-4c001219fd__20260130_081221/scenario_tx-2s_rot-1min.csv,3,TAG_TILE,2,3600.0,,504.30240750312805,2,0.0,0.0,0.0,False,False,False,False,3
controlled/HtoW/scenarios_Home_to_work__adv2_apple0_google0_samsung0_tile0__advtag-4c001219fc-4c001219fd__20260130_081221/scenario_tx-2s_rot-1min.csv,4,TAG_TILE,1,3600.0,,94.09704542160034,1,0.0,0.0,1.0,False,False,False,False,3
controlled/HtoW/scenarios_Home_to_work__adv2_apple0_google0_samsung0_tile0__advtag-4c001219fc-4c001219fd__20260130_081221/scenario_tx-2s_rot-1min.csv,5,TAG_TILE,1,3600.0,,0.0,1,0.0,0.0,0.0,False,False,False,False,3
controlled/HtoW/scenarios_Home_to_work__adv3_apple0_google0_samsung0_tile0__advtag-4c001219fc-4c001219fd-4c001219fe__20260130_081247/scenario_tx-10s_rot-15min.csv,0,TAG_APPLE,28,3600.0,,3599.895208835602,28,1.096231493871876,0.32142857142857145,0.32142857142857145,True,True,True,True,3
controlled/HtoW/scenarios_Home_to_work__adv3_apple0_google0_samsung0_tile0__advtag-4c001219fc-4c001219fd-4c001219fe__20260130_081247/scenario_tx-10s_rot-15min.csv,1,TAG_APPLE,34,3600.0,,3513.969890356064,34,0.8734695636257261,0.0,0.0,True,True,False,False,3
controlled/HtoW/scenarios_Home_to_work__adv3_apple0_google0_samsung0_tile0__advtag-4c001219fc-4c001219fd-4c001219fe__20260130_081247/scenario_tx-10s_rot-15min.csv,2,TAG_APPLE,1,3600.0,,892.5069077014923,1,0.0,1.0,1.0,False,False,False,False,3
controlled/HtoW/scenarios_Home_to_work__adv3_apple0_google0_samsung0_tile0__advtag-4c001219fc-4c001219fd-4c001219fe__20260130_081247/scenario_tx-10s_rot-15min.csv,3,TAG_APPLE,5,7200.0,,3591.58576130867,5,5.095065946321205,1.0,1.0,True,False,True,True,4
controlled/HtoW/scenarios_Home_to_work__adv3_apple0_google0_samsung0_tile0__advtag-4c001219fc-4c001219fd-4c001219fe__20260130_081247/scenario_tx-10s_rot-15min.csv,0,TAG_APPLE,95,7200.0,,3593.361763715744,94,1.0096339419165135,0.02127659574468085,0.031914893617021274,True,True,True,True,4
controlled/HtoW/scenarios_Home_to_work__adv3_apple0_google0_samsung0_tile0__advtag-4c001219fc-4c001219fd-4c001219fe__20260130_081247/scenario_tx-10s_rot-15min.csv,1,TAG_APPLE,46,7200.0,,3524.7020902633667,35,0.9204430827104877,0.17142857142857143,0.17142857142857143,True,True,False,False,4
controlled/HtoW/scenarios_Home_to_work__adv3_apple0_google0_samsung0_tile0__advtag-4c001219fc-4c001219fd-4c001219fe__20260130_081247/scenario_tx-10s_rot-15min.csv,2,TAG_APPLE,2,3600.0,,2050.52480840683,2,0.0,1.0,1.0,True,False,False,False,4
controlled/HtoW/scenarios_Home_to_work__adv3_apple0_google0_samsung0_tile0__advtag-4c001219fc-4c001219fd-4c001219fe__20260130_081247/scenario_tx-10s_rot-15min.csv,4,TAG_TILE,1,3600.0,,2894.0326144695277,1,0.0,0.0,0.0,True,False,False,False,3
controlled/HtoW/scenarios_Home_to_work__adv3_apple0_google0_samsung0_tile0__advtag-4c001219fc-4c001219fd-4c001219fe__20260130_081247/scenario_tx-10s_rot-15min.csv,5,TAG_TILE,1,3600.0,,277.4696617126465,1,0.0,0.0,0.0,False,False,False,False,3
controlled/HtoW/scenarios_Home_to_work__adv3_apple0_google0_samsung0_tile0__advtag-4c001219fc-4c001219fd-4c001219fe__20260130_081247/scenario_tx-10s_rot-15min.csv,6,TAG_TILE,1,3600.0,,577.9147005081177,1,0.0,0.0,0.0,False,False,False,False,3
controlled/HtoW/scenarios_Home_to_work__adv3_apple0_google0_samsung0_tile0__advtag-4c001219fc-4c001219fd-4c001219fe__20260130_081247/scenario_tx-10s_rot-15min.csv,0,TAG_APPLE,33,3600.0,,773.8524787425995,33,1.3238444149869553,0.12121212121212122,0.12121212121212122,False,True,True,False,3
controlled/HtoW/scenarios_Home_to_work__adv3_apple0_google0_samsung0_tile0__advtag-4c001219fc-4c001219fd-4c001219fe__20260130_081247/scenario_tx-10s_rot-15min.csv,1,TAG_APPLE,53,3600.0,,636.8608703613281,53,1.0752185637863976,0.0,0.0,False,True,True,False,3
controlled/HtoW/scenarios_Home_to_work__adv3_apple0_google0_samsung0_tile0__advtag-4c001219fc-4c001219fd-4c001219fe__20260130_081247/scenario_tx-10s_rot-15min.csv,2,TAG_APPLE,2,3600.0,,749.1938815116882,2,0.0,1.0,1.0,False,False,False,False,3
controlled/HtoW/scenarios_Home_to_work__adv3_apple0_google0_samsung0_tile0__advtag-4c001219fc-4c001219fd-4c001219fe__20260130_081247/scenario_tx-10s_rot-15min.csv,3,TAG_TILE,2,3600.0,,504.30240750312805,2,0.0,0.0,0.0,False,False,False,False,3
controlled/HtoW/scenarios_Home_to_work__adv3_apple0_google0_samsung0_tile0__advtag-4c001219fc-4c001219fd-4c001219fe__20260130_081247/scenario_tx-10s_rot-15min.csv,4,TAG_TILE,1,3600.0,,94.09704542160034,1,0.0,0.0,0.0,False,False,False,False,3
controlled/HtoW/scenarios_Home_to_work__adv3_apple0_google0_samsung0_tile0__advtag-4c001219fc-4c001219fd-4c001219fe__20260130_081247/scenario_tx-10s_rot-15min.csv,5,TAG_TILE,1,3600.0,,0.0,1,0.0,0.0,0.0,False,False,False,False,3
controlled/HtoW/scenarios_Home_to_work__adv2_apple0_google0_samsung0_tile0__advtag-4c001219fc-4c001219fd__20260130_081221/scenario_tx-2s_rot-10s.csv,2,TAG_APPLE,65,3600.0,,3598.2555553913116,65,2.159831345857258,1.0,1.0,True,True,True,True,3
controlled/HtoW/scenarios_Home_to_work__adv2_apple0_google0_samsung0_tile0__advtag-4c001219fc-4c001219fd__20260130_081221/scenario_tx-2s_rot-10s.csv,0,TAG_APPLE,113,3600.0,,3577.7012877464294,113,1.4955413562195878,1.0,1.0,True,True,True,True,3
controlled/HtoW/scenarios_Home_to_work__adv2_apple0_google0_samsung0_tile0__advtag-4c001219fc-4c001219fd__20260130_081221/scenario_tx-2s_rot-10s.csv,1,TAG_APPLE,20,3600.0,,3599.895208835602,20,1.4897475735905306,1.0,1.0,True,True,True,True,3
controlled/HtoW/scenarios_Home_to_work__adv2_apple0_google0_samsung0_tile0__advtag-4c001219fc-4c001219fd__20260130_081221/scenario_tx-2s_rot-10s.csv,1,TAG_APPLE,52,7200.0,,3595.360924243927,40,2.296529522321711,0.975,1.0,True,True,True,True,3
controlled/HtoW/scenarios_Home_to_work__adv2_apple0_google0_samsung0_tile0__advtag-4c001219fc-4c001219fd__20260130_081221/scenario_tx-2s_rot-10s.csv,2,TAG_APPLE,31,3600.0,,593.8191559314732,31,2.254494026424969,1.0,1.0,False,True,True,False,3
controlled/HtoW/scenarios_Home_to_work__adv2_apple0_google0_samsung0_tile0__advtag-4c001219fc-4c001219fd__20260130_081221/scenario_tx-2s_rot-10s.csv,0,TAG_APPLE,227,7200.0,,3593.361763715744,173,1.4570872432187696,0.9942196531791907,1.0,True,True,True,True,3
controlled/HtoW/scenarios_Home_to_work__adv2_apple0_google0_samsung0_tile0__advtag-4c001219fc-4c001219fd__20260130_081221/scenario_tx-2s_rot-10s.csv,3,TAG_TILE,1,3600.0,,2894.0326144695277,1,0.0,0.0,1.0,True,False,False,False,3
controlled/HtoW/scenarios_Home_to_work__adv2_apple0_google0_samsung0_tile0__advtag-4c001219fc-4c001219fd__20260130_081221/scenario_tx-2s_rot-10s.csv,4,TAG_TILE,1,3600.0,,277.4696617126465,1,0.0,0.0,1.0,False,False,False,False,3
controlled/HtoW/scenarios_Home_to_work__adv2_apple0_google0_samsung0_tile0__advtag-4c001219fc-4c001219fd__20260130_081221/scenario_tx-2s_rot-10s.csv,5,TAG_TILE,1,3600.0,,577.9147005081177,1,0.0,0.0,1.0,False,False,False,False,3
controlled/HtoW/scenarios_Home_to_work__adv2_apple0_google0_samsung0_tile0__advtag-4c001219fc-4c001219fd__20260130_081221/scenario_tx-2s_rot-10s.csv,1,TAG_APPLE,30,3600.0,,771.0463919639587,30,3.2272559314067695,0.6333333333333333,0.6333333333333333,False,True,True,False,3
controlled/HtoW/scenarios_Home_to_work__adv2_apple0_google0_samsung0_tile0__advtag-4c001219fc-4c001219fd__20260130_081221/scenario_tx-2s_rot-10s.csv,2,TAG_APPLE,72,3600.0,,774.511554479599,72,1.9538735823426367,0.7083333333333334,0.7083333333333334,False,True,True,False,3
controlled/HtoW/scenarios_Home_to_work__adv2_apple0_google0_samsung0_tile0__advtag-4c001219fc-4c001219fd__20260130_081221/scenario_tx-2s_rot-10s.csv,0,TAG_APPLE,41,3600.0,,749.1938815116882,41,1.3757349895657185,0.9512195121951219,0.9512195121951219,False,True,True,False,3
controlled/HtoW/scenarios_Home_to_work__adv2_apple0_google0_samsung0_tile0__advtag-4c001219fc-4c001219fd__20260130_081221/scenario_tx-2s_rot-10s.csv,3,TAG_TILE,2,3600.0,,504.30240750312805,2,0.0,0.0,0.5,False,False,False,False,3
controlled/HtoW/scenarios_Home_to_work__adv2_apple0_google0_samsung0_tile0__advtag-4c001219fc-4c001219fd__20260130_081221/scenario_tx-2s_rot-10s.csv,4,TAG_TILE,1,3600.0,,94.09704542160034,1,0.0,0.0,0.0,False,False,False,False,3
controlled/HtoW/scenarios_Home_to_work__adv2_apple0_google0_samsung0_tile0__advtag-4c001219fc-4c001219fd__20260130_081221/scenario_tx-2s_rot-10s.csv,5,TAG_TILE,1,3600.0,,0.0,1,0.0,0.0,1.0,False,False,False,False,3
controlled/HtoW/scenarios_Home_to_work__adv3_apple0_google0_samsung0_tile0__advtag-4c001219fc-4c001219fd-4c001219fe__20260130_081247/scenario_tx-1min_rot-15min.csv,1,TAG_APPLE,22,3600.0,,3599.895208835602,22,1.379562611716809,0.09090909090909091,0.09090909090909091,True,True,True,True,3
controlled/HtoW/scenarios_Home_to_work__adv3_apple0_google0_samsung0_tile0__advtag-4c001219fc-4c001219fd-4c001219fe__20260130_081247/scenario_tx-1min_rot-15min.csv,0,TAG_APPLE,45,3600.0,,3597.0715906620026,45,1.0030315133089016,0.15555555555555556,0.15555555555555556,True,True,True,True,3
controlled/HtoW/scenarios_Home_to_work__adv3_apple0_google0_samsung0_tile0__advtag-4c001219fc-4c001219fd-4c001219fe__20260130_081247/scenario_tx-1min_rot-15min.csv,2,TAG_APPLE,2,3600.0,,1790.1078312397003,2,0.0,1.0,1.0,True,False,False,False,3
controlled/HtoW/scenarios_Home_to_work__adv3_apple0_google0_samsung0_tile0__advtag-4c001219fc-4c001219fd-4c001219fe__20260130_081247/scenario_tx-1min_rot-15min.csv,2,TAG_APPLE,3,7200.0,,3512.00066947937,3,1.9920112427997572,1.0,1.0,True,False,True,True,3
controlled/HtoW/scenarios_Home_to_work__adv3_apple0_google0_samsung0_tile0__advtag-4c001219fc-4c001219fd-4c001219fe__20260130_081247/scenario_tx-1min_rot-15min.csv,0,TAG_APPLE,115,7200.0,,3596.4468154907227,111,1.0955259546922307,0.09009009009009009,0.0990990990990991,True,True,True,True,3
controlled/HtoW/scenarios_Home_to_work__adv3_apple0_google0_samsung0_tile0__advtag-4c001219fc-4c001219fd-4c001219fe__20260130_081247/scenario_tx-1min_rot-15min.csv,1,TAG_APPLE,28,7200.0,,3548.5050709247594,20,0.9057071799992567,0.1,0.1,True,True,False,False,3
controlled/HtoW/scenarios_Home_to_work__adv3_apple0_google0_samsung0_tile0__advtag-4c001219fc-4c001219fd-4c001219fe__20260130_081247/scenario_tx-1min_rot-15min.csv,3,TAG_TILE,1,3600.0,,2894.0326144695277,1,0.0,0.0,0.0,True,False,False,False,3
controlled/HtoW/scenarios_Home_to_work__adv3_apple0_google0_samsung0_tile0__advtag-4c001219fc-4c001219fd-4c001219fe__20260130_081247/scenario_tx-1min_rot-15min.csv,4,TAG_TILE,1,3600.0,,277.4696617126465,1,0.0,0.0,0.0,False,False,False,False,3
controlled/HtoW/scenarios_Home_to_work__adv3_apple0_google0_samsung0_tile0__advtag-4c001219fc-4c001219fd-4c001219fe__20260130_081247/scenario_tx-1min_rot-15min.csv,5,TAG_TILE,1,3600.0,,577.9147005081177,1,0.0,0.0,0.0,False,False,False,False,3
controlled/HtoW/scenarios_Home_to_work__adv3_apple0_google0_samsung0_tile0__advtag-4c001219fc-4c001219fd-4c001219fe__20260130_081247/scenario_tx-1min_rot-15min.csv,0,TAG_APPLE,32,3600.0,,771.0463919639587,32,1.337619512182275,0.09375,0.09375,False,True,True,False,3
controlled/HtoW/scenarios_Home_to_work__adv3_apple0_google0_samsung0_tile0__advtag-4c001219fc-4c001219fd-4c001219fe__20260130_081247/scenario_tx-1min_rot-15min.csv,1,TAG_APPLE,54,3600.0,,713.2570521831512,54,1.109082502046952,0.018518518518518517,0.018518518518518517,False,True,True,False,3
controlled/HtoW/scenarios_Home_to_work__adv3_apple0_google0_samsung0_tile0__advtag-4c001219fc-4c001219fd-4c001219fe__20260130_081247/scenario_tx-1min_rot-15min.csv,2,TAG_APPLE,2,3600.0,,731.8074140548706,2,0.0,1.0,1.0,False,False,False,False,3
controlled/HtoW/scenarios_Home_to_work__adv3_apple0_google0_samsung0_tile0__advtag-4c001219fc-4c001219fd-4c001219fe__20260130_081247/scenario_tx-1min_rot-15min.csv,3,TAG_TILE,2,3600.0,,504.30240750312805,2,0.0,0.0,0.0,False,False,False,False,3
controlled/HtoW/scenarios_Home_to_work__adv3_apple0_google0_samsung0_tile0__advtag-4c001219fc-4c001219fd-4c001219fe__20260130_081247/scenario_tx-1min_rot-15min.csv,4,TAG_TILE,1,3600.0,,94.09704542160034,1,0.0,0.0,0.0,False,False,False,False,3
controlled/HtoW/scenarios_Home_to_work__adv3_apple0_google0_samsung0_tile0__advtag-4c001219fc-4c001219fd-4c001219fe__20260130_081247/scenario_tx-1min_rot-15min.csv,5,TAG_TILE,1,3600.0,,0.0,1,0.0,0.0,0.0,False,False,False,False,3
controlled/HtoW/scenarios_Home_to_work__adv3_apple0_google0_samsung0_tile0__advtag-4c001219fc-4c001219fd-4c001219fe__20260130_081247/scenario_tx-10s_rot-1min.csv,2,TAG_APPLE,78,3600.0,,3597.0750226974487,78,2.744901105723648,0.8589743589743589,0.8589743589743589,True,True,True,True,3
controlled/HtoW/scenarios_Home_to_work__adv3_apple0_google0_samsung0_tile0__advtag-4c001219fc-4c001219fd-4c001219fe__20260130_081247/scenario_tx-10s_rot-1min.csv,1,TAG_APPLE,20,3600.0,,3599.8894402980804,20,2.3867677054780523,0.55,0.55,True,True,True,True,3
controlled/HtoW/scenarios_Home_to_work__adv3_apple0_google0_samsung0_tile0__advtag-4c001219fc-4c001219fd-4c001219fe__20260130_081247/scenario_tx-10s_rot-1min.csv,0,TAG_APPLE,38,3600.0,,3534.4947237968445,38,1.4132764302850975,1.0,1.0,True,True,True,True,3
controlled/HtoW/scenarios_Home_to_work__adv3_apple0_google0_samsung0_tile0__advtag-4c001219fc-4c001219fd-4c001219fe__20260130_081247/scenario_tx-10s_rot-1min.csv,2,TAG_APPLE,25,7200.0,,3583.397386550904,25,3.3679145788822433,1.0,1.0,True,True,True,True,3
controlled/HtoW/scenarios_Home_to_work__adv3_apple0_google0_samsung0_tile0__advtag-4c001219fc-4c001219fd-4c001219fe__20260130_081247/scenario_tx-10s_rot-1min.csv,1,TAG_APPLE,119,7200.0,,3593.361763715744,108,1.8931355671183987,0.6851851851851852,0.7314814814814815,True,True,True,True,3
controlled/HtoW/scenarios_Home_to_work__adv3_apple0_google0_samsung0_tile0__advtag-4c001219fc-4c001219fd-4c001219fe__20260130_081247/scenario_tx-10s_rot-1min.csv,0,TAG_APPLE,77,7200.0,,3597.0526485443115,64,1.5653017814036247,0.71875,0.78125,True,True,True,True,3
controlled/HtoW/scenarios_Home_to_work__adv3_apple0_google0_samsung0_tile0__advtag-4c001219fc-4c001219fd-4c001219fe__20260130_081247/scenario_tx-10s_rot-1min.csv,3,TAG_TILE,1,3600.0,,2894.0326144695277,1,0.0,0.0,1.0,True,False,False,False,3
controlled/HtoW/scenarios_Home_to_work__adv3_apple0_google0_samsung0_tile0__advtag-4c001219fc-4c001219fd-4c001219fe__20260130_081247/scenario_tx-10s_rot-1min.csv,4,TAG_TILE,1,3600.0,,277.4696617126465,1,0.0,0.0,0.0,False,False,False,False,3
controlled/HtoW/scenarios_Home_to_work__adv3_apple0_google0_samsung0_tile0__advtag-4c001219fc-4c001219fd-4c001219fe__20260130_081247/scenario_tx-10s_rot-1min.csv,5,TAG_TILE,1,3600.0,,577.9147005081177,1,0.0,0.0,1.0,False,False,False,False,3
controlled/HtoW/scenarios_Home_to_work__adv3_apple0_google0_samsung0_tile0__advtag-4c001219fc-4c001219fd-4c001219fe__20260130_081247/scenario_tx-10s_rot-1min.csv,1,TAG_APPLE,24,3600.0,,771.7917475700378,24,2.315808360949822,0.25,0.25,False,True,True,False,3
controlled/HtoW/scenarios_Home_to_work__adv3_apple0_google0_samsung0_tile0__advtag-4c001219fc-4c001219fd-4c001219fe__20260130_081247/scenario_tx-10s_rot-1min.csv,0,TAG_APPLE,74,3600.0,,773.8081922531128,74,1.7008491713498584,0.2972972972972973,0.2972972972972973,False,True,True,False,3
controlled/HtoW/scenarios_Home_to_work__adv3_apple0_google0_samsung0_tile0__advtag-4c001219fc-4c001219fd-4c001219fe__20260130_081247/scenario_tx-10s_rot-1min.csv,2,TAG_APPLE,9,3600.0,,654.9115064144135,9,1.5554321824047708,1.0,1.0,False,False,True,False,3
controlled/HtoW/scenarios_Home_to_work__adv3_apple0_google0_samsung0_tile0__advtag-4c001219fc-4c001219fd-4c001219fe__20260130_081247/scenario_tx-10s_rot-1min.csv,3,TAG_TILE,2,3600.0,,504.30240750312805,2,0.0,0.0,0.0,False,False,False,False,3
controlled/HtoW/scenarios_Home_to_work__adv3_apple0_google0_samsung0_tile0__advtag-4c001219fc-4c001219fd-4c001219fe__20260130_081247/scenario_tx-10s_rot-1min.csv,4,TAG_TILE,1,3600.0,,94.09704542160034,1,0.0,0.0,0.0,False,False,False,False,3
controlled/HtoW/scenarios_Home_to_work__adv3_apple0_google0_samsung0_tile0__advtag-4c001219fc-4c001219fd-4c001219fe__20260130_081247/scenario_tx-10s_rot-1min.csv,5,TAG_TILE,1,3600.0,,0.0,1,0.0,0.0,0.0,False,False,False,False,3
controlled/HtoW/scenarios_Home_to_work__adv3_apple0_google0_samsung0_tile0__advtag-4c001219fc-4c001219fd-4c001219fe__20260130_081247/scenario_tx-10s_rot-5min.csv,2,TAG_APPLE,7,3600.0,,3598.2555553913116,7,5.390489229250443,1.0,1.0,True,False,True,True,3
controlled/HtoW/scenarios_Home_to_work__adv3_apple0_google0_samsung0_tile0__advtag-4c001219fc-4c001219fd-4c001219fe__20260130_081247/scenario_tx-10s_rot-5min.csv,0,TAG_APPLE,41,3600.0,,3599.895208835602,41,1.7113333232210177,0.5121951219512195,0.5121951219512195,True,True,True,True,3
controlled/HtoW/scenarios_Home_to_work__adv3_apple0_google0_samsung0_tile0__advtag-4c001219fc-4c001219fd-4c001219fe__20260130_081247/scenario_tx-10s_rot-5min.csv,1,TAG_APPLE,31,3600.0,,3513.969890356064,31,1.4916925073737635,0.06451612903225806,0.06451612903225806,True,True,True,True,3
controlled/HtoW/scenarios_Home_to_work__adv3_apple0_google0_samsung0_tile0__advtag-4c001219fc-4c001219fd-4c001219fe__20260130_081247/scenario_tx-10s_rot-5min.csv,2,TAG_APPLE,11,7200.0,,3590.7579665184026,11,4.923147126780496,1.0,1.0,True,False,True,True,3
controlled/HtoW/scenarios_Home_to_work__adv3_apple0_google0_samsung0_tile0__advtag-4c001219fc-4c001219fd-4c001219fe__20260130_081247/scenario_tx-10s_rot-5min.csv,1,TAG_APPLE,80,7200.0,,3593.361763715744,79,1.4851550309489359,0.0,0.0759493670886076,True,True,True,True,3
controlled/HtoW/scenarios_Home_to_work__adv3_apple0_google0_samsung0_tile0__advtag-4c001219fc-4c001219fd-4c001219fe__20260130_081247/scenario_tx-10s_rot-5min.csv,0,TAG_APPLE,68,7200.0,,3597.0526485443115,55,1.4635599354483602,0.43636363636363634,0.45454545454545453,True,True,True,True,3
controlled/HtoW/scenarios_Home_to_work__adv3_apple0_google0_samsung0_tile0__advtag-4c001219fc-4c001219fd-4c001219fe__20260130_081247/scenario_tx-10s_rot-5min.csv,3,TAG_TILE,1,3600.0,,2894.0326144695277,1,0.0,0.0,0.0,True,False,False,False,3
controlled/HtoW/scenarios_Home_to_work__adv3_apple0_google0_samsung0_tile0__advtag-4c001219fc-4c001219fd-4c001219fe__20260130_081247/scenario_tx-10s_rot-5min.csv,4,TAG_TILE,1,3600.0,,277.4696617126465,1,0.0,0.0,0.0,False,False,False,False,3
controlled/HtoW/scenarios_Home_to_work__adv3_apple0_google0_samsung0_tile0__advtag-4c001219fc-4c001219fd-4c001219fe__20260130_081247/scenario_tx-10s_rot-5min.csv,5,TAG_TILE,1,3600.0,,577.9147005081177,1,0.0,0.0,0.0,False,False,False,False,3
controlled/HtoW/scenarios_Home_to_work__adv3_apple0_google0_samsung0_tile0__advtag-4c001219fc-4c001219fd-4c001219fe__20260130_081247/scenario_tx-10s_rot-5min.csv,0,TAG_APPLE,35,3600.0,,773.8524787425995,35,1.4464615026297751,0.2,0.2,False,True,True,False,3
controlled/HtoW/scenarios_Home_to_work__adv3_apple0_google0_samsung0_tile0__advtag-4c001219fc-4c001219fd-4c001219fe__20260130_081247/scenario_tx-10s_rot-5min.csv,1,TAG_APPLE,51,3600.0,,636.8608703613281,51,1.1795497684903045,0.0,0.0,False,True,True,False,3
controlled/HtoW/scenarios_Home_to_work__adv3_apple0_google0_samsung0_tile0__advtag-4c001219fc-4c001219fd-4c001219fe__20260130_081247/scenario_tx-10s_rot-5min.csv,2,TAG_APPLE,2,3600.0,,447.17238569259644,2,0.0,1.0,1.0,False,False,False,False,3
controlled/HtoW/scenarios_Home_to_work__adv3_apple0_google0_samsung0_tile0__advtag-4c001219fc-4c001219fd-4c001219fe__20260130_081247/scenario_tx-10s_rot-5min.csv,3,TAG_TILE,2,3600.0,,504.30240750312805,2,0.0,0.0,0.0,False,False,False,False,3
controlled/HtoW/scenarios_Home_to_work__adv3_apple0_google0_samsung0_tile0__advtag-4c001219fc-4c001219fd-4c001219fe__20260130_081247/scenario_tx-10s_rot-5min.csv,4,TAG_TILE,1,3600.0,,94.09704542160034,1,0.0,0.0,0.0,False,False,False,False,3
controlled/HtoW/scenarios_Home_to_work__adv3_apple0_google0_samsung0_tile0__advtag-4c001219fc-4c001219fd-4c001219fe__20260130_081247/scenario_tx-10s_rot-5min.csv,5,TAG_TILE,1,3600.0,,0.0,1,0.0,0.0,0.0,False,False,False,False,3
controlled/HtoW/scenarios_Home_to_work__adv3_apple0_google0_samsung0_tile0__advtag-4c001219fc-4c001219fd-4c001219fe__20260130_081247/scenario_tx-15s_rot-15min.csv,2,TAG_APPLE,4,3600.0,,3588.1325721740723,4,2.52879288014648,1.0,1.0,True,False,True,True,3
controlled/HtoW/scenarios_Home_to_work__adv3_apple0_google0_samsung0_tile0__advtag-4c001219fc-4c001219fd-4c001219fe__20260130_081247/scenario_tx-15s_rot-15min.csv,0,TAG_APPLE,25,3600.0,,3599.895208835602,25,1.3711272971994524,0.28,0.28,True,True,True,True,3
controlled/HtoW/scenarios_Home_to_work__adv3_apple0_google0_samsung0_tile0__advtag-4c001219fc-4c001219fd-4c001219fe__20260130_081247/scenario_tx-15s_rot-15min.csv,1,TAG_APPLE,38,3600.0,,3513.969890356064,38,1.256796690414439,0.0,0.0,True,True,True,True,3
controlled/HtoW/scenarios_Home_to_work__adv3_apple0_google0_samsung0_tile0__advtag-4c001219fc-4c001219fd-4c001219fe__20260130_081247/scenario_tx-15s_rot-15min.csv,2,TAG_APPLE,5,7200.0,,3579.445692062378,5,1.3244723803533083,1.0,1.0,True,False,True,True,3
controlled/HtoW/scenarios_Home_to_work__adv3_apple0_google0_samsung0_tile0__advtag-4c001219fc-4c001219fd-4c001219fe__20260130_081247/scenario_tx-15s_rot-15min.csv,0,TAG_APPLE,62,7200.0,,3586.3988404273987,49,1.00129018608465,0.20408163265306123,0.20408163265306123,True,True,True,True,3
controlled/HtoW/scenarios_Home_to_work__adv3_apple0_google0_samsung0_tile0__advtag-4c001219fc-4c001219fd-4c001219fe__20260130_081247/scenario_tx-15s_rot-15min.csv,1,TAG_APPLE,81,7200.0,,3593.361763715744,81,0.9883050436510569,0.0,0.024691358024691357,True,True,False,False,3
controlled/HtoW/scenarios_Home_to_work__adv3_apple0_google0_samsung0_tile0__advtag-4c001219fc-4c001219fd-4c001219fe__20260130_081247/scenario_tx-15s_rot-15min.csv,3,TAG_TILE,1,3600.0,,2894.0326144695277,1,0.0,0.0,0.0,True,False,False,False,3
controlled/HtoW/scenarios_Home_to_work__adv3_apple0_google0_samsung0_tile0__advtag-4c001219fc-4c001219fd-4c001219fe__20260130_081247/scenario_tx-15s_rot-15min.csv,4,TAG_TILE,1,3600.0,,277.4696617126465,1,0.0,0.0,0.0,False,False,False,False,3
controlled/HtoW/scenarios_Home_to_work__adv3_apple0_google0_samsung0_tile0__advtag-4c001219fc-4c001219fd-4c001219fe__20260130_081247/scenario_tx-15s_rot-15min.csv,5,TAG_TILE,1,3600.0,,577.9147005081177,1,0.0,0.0,0.0,False,False,False,False,3
controlled/HtoW/scenarios_Home_to_work__adv3_apple0_google0_samsung0_tile0__advtag-4c001219fc-4c001219fd-4c001219fe__20260130_081247/scenario_tx-15s_rot-15min.csv,0,TAG_APPLE,33,3600.0,,775.856436252594,33,1.379731881378938,0.12121212121212122,0.12121212121212122,False,True,True,False,3
controlled/HtoW/scenarios_Home_to_work__adv3_apple0_google0_samsung0_tile0__advtag-4c001219fc-4c001219fd-4c001219fe__20260130_081247/scenario_tx-15s_rot-15min.csv,1,TAG_APPLE,55,3600.0,,636.8608703613281,55,1.1613208775275519,0.0,0.0,False,True,True,False,3
controlled/HtoW/scenarios_Home_to_work__adv3_apple0_google0_samsung0_tile0__advtag-4c001219fc-4c001219fd-4c001219fe__20260130_081247/scenario_tx-15s_rot-15min.csv,2,TAG_APPLE,2,3600.0,,738.876148223877,2,0.0,1.0,1.0,False,False,False,False,3
controlled/HtoW/scenarios_Home_to_work__adv3_apple0_google0_samsung0_tile0__advtag-4c001219fc-4c001219fd-4c001219fe__20260130_081247/scenario_tx-15s_rot-15min.csv,3,TAG_TILE,2,3600.0,,504.30240750312805,2,0.0,0.0,0.0,False,False,False,False,3
controlled/HtoW/scenarios_Home_to_work__adv3_apple0_google0_samsung0_tile0__advtag-4c001219fc-4c001219fd-4c001219fe__20260130_081247/scenario_tx-15s_rot-15min.csv,4,TAG_TILE,1,3600.0,,94.09704542160034,1,0.0,0.0,0.0,False,False,False,False,3
controlled/HtoW/scenarios_Home_to_work__adv3_apple0_google0_samsung0_tile0__advtag-4c001219fc-4c001219fd-4c001219fe__20260130_081247/scenario_tx-15s_rot-15min.csv,5,TAG_TILE,1,3600.0,,0.0,1,0.0,0.0,0.0,False,False,False,False,3
controlled/HtoW/scenarios_Home_to_work__adv3_apple0_google0_samsung0_tile0__advtag-4c001219fc-4c001219fd-4c001219fe__20260130_081247/scenario_tx-15s_rot-1min.csv,1,TAG_APPLE,20,3600.0,,3533.7643661499023,20,2.3790225378094423,0.65,0.65,True,True,True,True,3
controlled/HtoW/scenarios_Home_to_work__adv3_apple0_google0_samsung0_tile0__advtag-4c001219fc-4c001219fd-4c001219fe__20260130_081247/scenario_tx-15s_rot-1min.csv,0,TAG_APPLE,99,3600.0,,3597.0750226974487,99,2.020952149821874,0.8383838383838383,0.8383838383838383,True,True,True,True,3
controlled/HtoW/scenarios_Home_to_work__adv3_apple0_google0_samsung0_tile0__advtag-4c001219fc-4c001219fd-4c001219fe__20260130_081247/scenario_tx-15s_rot-1min.csv,2,TAG_APPLE,23,3600.0,,3297.9310419559474,23,1.7000425396265089,1.0,1.0,True,True,True,True,3
controlled/HtoW/scenarios_Home_to_work__adv3_apple0_google0_samsung0_tile0__advtag-4c001219fc-4c001219fd-4c001219fe__20260130_081247/scenario_tx-15s_rot-1min.csv,2,TAG_APPLE,27,7200.0,,3586.2602078914642,27,2.566681839479638,1.0,1.0,True,True,True,True,3
controlled/HtoW/scenarios_Home_to_work__adv3_apple0_google0_samsung0_tile0__advtag-4c001219fc-4c001219fd-4c001219fe__20260130_081247/scenario_tx-15s_rot-1min.csv,1,TAG_APPLE,45,7200.0,,3528.1991288661957,34,1.96734169923571,0.7058823529411765,0.8529411764705882,True,True,True,True,3
controlled/HtoW/scenarios_Home_to_work__adv3_apple0_google0_samsung0_tile0__advtag-4c001219fc-4c001219fd-4c001219fe__20260130_081247/scenario_tx-15s_rot-1min.csv,0,TAG_APPLE,146,7200.0,,3591.5440604686737,128,1.8848681601701947,0.65625,0.671875,True,True,True,True,3
controlled/HtoW/scenarios_Home_to_work__adv3_apple0_google0_samsung0_tile0__advtag-4c001219fc-4c001219fd-4c001219fe__20260130_081247/scenario_tx-15s_rot-1min.csv,3,TAG_TILE,1,3600.0,,2894.0326144695277,1,0.0,0.0,0.0,True,False,False,False,3
controlled/HtoW/scenarios_Home_to_work__adv3_apple0_google0_samsung0_tile0__advtag-4c001219fc-4c001219fd-4c001219fe__20260130_081247/scenario_tx-15s_rot-1min.csv,4,TAG_TILE,1,3600.0,,277.4696617126465,1,0.0,0.0,1.0,False,False,False,False,3
controlled/HtoW/scenarios_Home_to_work__adv3_apple0_google0_samsung0_tile0__advtag-4c001219fc-4c001219fd-4c001219fe__20260130_081247/scenario_tx-15s_rot-1min.csv,5,TAG_TILE,1,3600.0,,577.9147005081177,1,0.0,0.0,0.0,False,False,False,False,3
controlled/HtoW/scenarios_Home_to_work__adv3_apple0_google0_samsung0_tile0__advtag-4c001219fc-4c001219fd-4c001219fe__20260130_081247/scenario_tx-15s_rot-1min.csv,1,TAG_APPLE,26,3600.0,,771.0463919639587,26,1.9345021447413133,0.38461538461538464,0.38461538461538464,False,True,True,False,3
controlled/HtoW/scenarios_Home_to_work__adv3_apple0_google0_samsung0_tile0__advtag-4c001219fc-4c001219fd-4c001219fe__20260130_081247/scenario_tx-15s_rot-1min.csv,0,TAG_APPLE,76,3600.0,,775.8121497631073,76,1.5199774912938182,0.2631578947368421,0.2631578947368421,False,True,True,False,3
controlled/HtoW/scenarios_Home_to_work__adv3_apple0_google0_samsung0_tile0__advtag-4c001219fc-4c001219fd-4c001219fe__20260130_081247/scenario_tx-15s_rot-1min.csv,2,TAG_APPLE,5,3600.0,,646.1303942203522,5,1.3898404881838937,1.0,1.0,False,False,True,False,3
controlled/HtoW/scenarios_Home_to_work__adv3_apple0_google0_samsung0_tile0__advtag-4c001219fc-4c001219fd-4c001219fe__20260130_081247/scenario_tx-15s_rot-1min.csv,3,TAG_TILE,2,3600.0,,504.30240750312805,2,0.0,0.0,0.5,False,False,False,False,3
controlled/HtoW/scenarios_Home_to_work__adv3_apple0_google0_samsung0_tile0__advtag-4c001219fc-4c001219fd-4c001219fe__20260130_081247/scenario_tx-15s_rot-1min.csv,4,TAG_TILE,1,3600.0,,94.09704542160034,1,0.0,0.0,0.0,False,False,False,False,3
controlled/HtoW/scenarios_Home_to_work__adv3_apple0_google0_samsung0_tile0__advtag-4c001219fc-4c001219fd-4c001219fe__20260130_081247/scenario_tx-15s_rot-1min.csv,5,TAG_TILE,1,3600.0,,0.0,1,0.0,0.0,0.0,False,False,False,False,3
controlled/HtoW/scenarios_Home_to_work__adv3_apple0_google0_samsung0_tile0__advtag-4c001219fc-4c001219fd-4c001219fe__20260130_081247/scenario_tx-15s_rot-5min.csv,0,TAG_APPLE,30,3600.0,,3599.895208835602,30,3.4233952569975172,0.6333333333333333,0.6333333333333333,True,True,True,True,4
controlled/HtoW/scenarios_Home_to_work__adv3_apple0_google0_samsung0_tile0__advtag-4c001219fc-4c001219fd-4c001219fe__20260130_081247/scenario_tx-15s_rot-5min.csv,2,TAG_APPLE,10,3600.0,,3588.1325721740723,10,2.8753587422884928,1.0,1.0,True,False,True,True,4
controlled/HtoW/scenarios_Home_to_work__adv3_apple0_google0_samsung0_tile0__advtag-4c001219fc-4c001219fd-4c001219fe__20260130_081247/scenario_tx-15s_rot-5min.csv,3,TAG_APPLE,9,3600.0,,2694.8580842018127,9,1.7130992883242546,0.2222222222222222,0.2222222222222222,True,False,True,True,4
controlled/HtoW/scenarios_Home_to_work__adv3_apple0_google0_samsung0_tile0__advtag-4c001219fc-4c001219fd-4c001219fe__20260130_081247/scenario_tx-15s_rot-5min.csv,1,TAG_APPLE,32,3600.0,,3513.969890356064,32,1.6058440394484659,0.03125,0.03125,True,True,True,True,4
controlled/HtoW/scenarios_Home_to_work__adv3_apple0_google0_samsung0_tile0__advtag-4c001219fc-4c001219fd-4c001219fe__20260130_081247/scenario_tx-15s_rot-5min.csv,2,TAG_APPLE,10,7200.0,,3579.445692062378,10,3.179930655581743,1.0,1.0,True,False,True,True,3
controlled/HtoW/scenarios_Home_to_work__adv3_apple0_google0_samsung0_tile0__advtag-4c001219fc-4c001219fd-4c001219fe__20260130_081247/scenario_tx-15s_rot-5min.csv,0,TAG_APPLE,105,7200.0,,3593.361763715744,103,1.5722445699987662,0.1553398058252427,0.1650485436893204,True,True,True,True,3
controlled/HtoW/scenarios_Home_to_work__adv3_apple0_google0_samsung0_tile0__advtag-4c001219fc-4c001219fd-4c001219fe__20260130_081247/scenario_tx-15s_rot-5min.csv,1,TAG_APPLE,45,7200.0,,3586.3988404273987,34,1.4662242230445313,0.2647058823529412,0.29411764705882354,True,True,True,True,3
controlled/HtoW/scenarios_Home_to_work__adv3_apple0_google0_samsung0_tile0__advtag-4c001219fc-4c001219fd-4c001219fe__20260130_081247/scenario_tx-15s_rot-5min.csv,3,TAG_TILE,1,3600.0,,2894.0326144695277,1,0.0,0.0,0.0,True,False,False,False,3
controlled/HtoW/scenarios_Home_to_work__adv3_apple0_google0_samsung0_tile0__advtag-4c001219fc-4c001219fd-4c001219fe__20260130_081247/scenario_tx-15s_rot-5min.csv,4,TAG_TILE,1,3600.0,,277.4696617126465,1,0.0,0.0,0.0,False,False,False,False,3
controlled/HtoW/scenarios_Home_to_work__adv3_apple0_google0_samsung0_tile0__advtag-4c001219fc-4c001219fd-4c001219fe__20260130_081247/scenario_tx-15s_rot-5min.csv,5,TAG_TILE,1,3600.0,,577.9147005081177,1,0.0,0.0,0.0,False,False,False,False,3
controlled/HtoW/scenarios_Home_to_work__adv3_apple0_google0_samsung0_tile0__advtag-4c001219fc-4c001219fd-4c001219fe__20260130_081247/scenario_tx-15s_rot-5min.csv,0,TAG_APPLE,35,3600.0,,775.856436252594,35,1.433507310379336,0.2,0.2,False,True,True,False,3
controlled/HtoW/scenarios_Home_to_work__adv3_apple0_google0_samsung0_tile0__advtag-4c001219fc-4c001219fd-4c001219fe__20260130_081247/scenario_tx-15s_rot-5min.csv,1,TAG_APPLE,54,3600.0,,636.8608703613281,54,1.1952980737342156,0.0,0.0,False,True,True,False,3
controlled/HtoW/scenarios_Home_to_work__adv3_apple0_google0_samsung0_tile0__advtag-4c001219fc-4c001219fd-4c001219fe__20260130_081247/scenario_tx-15s_rot-5min.csv,2,TAG_APPLE,2,3600.0,,585.8177700042725,2,0.0,1.0,1.0,False,False,False,False,3
controlled/HtoW/scenarios_Home_to_work__adv3_apple0_google0_samsung0_tile0__advtag-4c001219fc-4c001219fd-4c001219fe__20260130_081247/scenario_tx-15s_rot-5min.csv,3,TAG_TILE,2,3600.0,,504.30240750312805,2,0.0,0.0,0.0,False,False,False,False,3
controlled/HtoW/scenarios_Home_to_work__adv3_apple0_google0_samsung0_tile0__advtag-4c001219fc-4c001219fd-4c001219fe__20260130_081247/scenario_tx-15s_rot-5min.csv,4,TAG_TILE,1,3600.0,,94.09704542160034,1,0.0,0.0,0.0,False,False,False,False,3
controlled/HtoW/scenarios_Home_to_work__adv3_apple0_google0_samsung0_tile0__advtag-4c001219fc-4c001219fd-4c001219fe__20260130_081247/scenario_tx-15s_rot-5min.csv,5,TAG_TILE,1,3600.0,,0.0,1,0.0,0.0,0.0,False,False,False,False,3
controlled/HtoW/scenarios_Home_to_work__adv3_apple0_google0_samsung0_tile0__advtag-4c001219fc-4c001219fd-4c001219fe__20260130_081247/scenario_tx-1min_rot-5min.csv,2,TAG_APPLE,10,3600.0,,3266.337867498398,10,2.802428054901404,1.0,1.0,True,False,True,True,3
controlled/HtoW/scenarios_Home_to_work__adv3_apple0_google0_samsung0_tile0__advtag-4c001219fc-4c001219fd-4c001219fe__20260130_081247/scenario_tx-1min_rot-5min.csv,1,TAG_APPLE,20,3600.0,,3281.892611026764,20,1.8615328931020099,0.1,0.1,True,True,True,True,3
controlled/HtoW/scenarios_Home_to_work__adv3_apple0_google0_samsung0_tile0__advtag-4c001219fc-4c001219fd-4c001219fe__20260130_081247/scenario_tx-1min_rot-5min.csv,0,TAG_APPLE,54,3600.0,,3597.0750226974487,54,1.7440618604518636,0.3333333333333333,0.3333333333333333,True,True,True,True,3
controlled/HtoW/scenarios_Home_to_work__adv3_apple0_google0_samsung0_tile0__advtag-4c001219fc-4c001219fd-4c001219fe__20260130_081247/scenario_tx-1min_rot-5min.csv,0,TAG_APPLE,112,7200.0,,3593.361763715744,109,1.3603794291967148,0.22018348623853212,0.22935779816513763,True,True,True,True,3
controlled/HtoW/scenarios_Home_to_work__adv3_apple0_google0_samsung0_tile0__advtag-4c001219fc-4c001219fd-4c001219fe__20260130_081247/scenario_tx-1min_rot-5min.csv,1,TAG_APPLE,43,7200.0,,3513.5685698986053,32,1.1698748679693063,0.15625,0.1875,True,True,True,True,3
controlled/HtoW/scenarios_Home_to_work__adv3_apple0_google0_samsung0_tile0__advtag-4c001219fc-4c001219fd-4c001219fe__20260130_081247/scenario_tx-1min_rot-5min.csv,2,TAG_APPLE,7,7200.0,,3507.8687348365784,7,1.0940169832183264,1.0,1.0,True,False,True,True,3
controlled/HtoW/scenarios_Home_to_work__adv3_apple0_google0_samsung0_tile0__advtag-4c001219fc-4c001219fd-4c001219fe__20260130_081247/scenario_tx-1min_rot-5min.csv,3,TAG_TILE,1,3600.0,,2894.0326144695277,1,0.0,0.0,0.0,True,False,False,False,3
controlled/HtoW/scenarios_Home_to_work__adv3_apple0_google0_samsung0_tile0__advtag-4c001219fc-4c001219fd-4c001219fe__20260130_081247/scenario_tx-1min_rot-5min.csv,4,TAG_TILE,1,3600.0,,277.4696617126465,1,0.0,0.0,0.0,False,False,False,False,3
controlled/HtoW/scenarios_Home_to_work__adv3_apple0_google0_samsung0_tile0__advtag-4c001219fc-4c001219fd-4c001219fe__20260130_081247/scenario_tx-1min_rot-5min.csv,5,TAG_TILE,1,3600.0,,577.9147005081177,1,0.0,0.0,0.0,False,False,False,False,3
controlled/HtoW/scenarios_Home_to_work__adv3_apple0_google0_samsung0_tile0__advtag-4c001219fc-4c001219fd-4c001219fe__20260130_081247/scenario_tx-1min_rot-5min.csv,1,TAG_APPLE,24,3600.0,,771.0463919639587,24,1.6636393362641506,0.0,0.0,False,True,True,False,3
controlled/HtoW/scenarios_Home_to_work__adv3_apple0_google0_samsung0_tile0__advtag-4c001219fc-4c001219fd-4c001219fe__20260130_081247/scenario_tx-1min_rot-5min.csv,2,TAG_APPLE,3,3600.0,,731.8074140548706,3,1.4681284740180873,1.0,1.0,False,False,True,False,3
controlled/HtoW/scenarios_Home_to_work__adv3_apple0_google0_samsung0_tile0__advtag-4c001219fc-4c001219fd-4c001219fe__20260130_081247/scenario_tx-1min_rot-5min.csv,0,TAG_APPLE,64,3600.0,,723.4883985519409,64,1.3571352118980264,0.09375,0.09375,False,True,True,False,3
controlled/HtoW/scenarios_Home_to_work__adv3_apple0_google0_samsung0_tile0__advtag-4c001219fc-4c001219fd-4c001219fe__20260130_081247/scenario_tx-1min_rot-5min.csv,3,TAG_TILE,2,3600.0,,504.30240750312805,2,0.0,0.0,0.0,False,False,False,False,3
controlled/HtoW/scenarios_Home_to_work__adv3_apple0_google0_samsung0_tile0__advtag-4c001219fc-4c001219fd-4c001219fe__20260130_081247/scenario_tx-1min_rot-5min.csv,4,TAG_TILE,1,3600.0,,94.09704542160034,1,0.0,0.0,0.0,False,False,False,False,3
controlled/HtoW/scenarios_Home_to_work__adv3_apple0_google0_samsung0_tile0__advtag-4c001219fc-4c001219fd-4c001219fe__20260130_081247/scenario_tx-1min_rot-5min.csv,5,TAG_TILE,1,3600.0,,0.0,1,0.0,0.0,0.0,False,False,False,False,3
controlled/HtoW/scenarios_Home_to_work__adv2_apple0_google0_samsung0_tile0__advtag-4c001219fc-4c001219fd__20260130_081221/scenario_tx-2s_rot-2s.csv,2,TAG_APPLE,39,3600.0,,3591.743860244751,39,1.7810528251303737,1.0,1.0,True,True,True,True,3
controlled/HtoW/scenarios_Home_to_work__adv2_apple0_google0_samsung0_tile0__advtag-4c001219fc-4c001219fd__20260130_081221/scenario_tx-2s_rot-2s.csv,0,TAG_APPLE,139,3600.0,,3598.261323928833,139,1.1524575275152456,1.0,1.0,True,True,True,True,3
controlled/HtoW/scenarios_Home_to_work__adv2_apple0_google0_samsung0_tile0__advtag-4c001219fc-4c001219fd__20260130_081221/scenario_tx-2s_rot-2s.csv,1,TAG_APPLE,20,3600.0,,3597.7793622016907,20,0.9233251197253777,1.0,1.0,True,True,False,False,3
controlled/HtoW/scenarios_Home_to_work__adv2_apple0_google0_samsung0_tile0__advtag-4c001219fc-4c001219fd__20260130_081221/scenario_tx-2s_rot-2s.csv,0,TAG_APPLE,235,7200.0,,3593.361763715744,173,2.0850677543096605,1.0,1.0,True,True,True,True,4
controlled/HtoW/scenarios_Home_to_work__adv2_apple0_google0_samsung0_tile0__advtag-4c001219fc-4c001219fd__20260130_081221/scenario_tx-2s_rot-2s.csv,1,TAG_APPLE,51,7200.0,,3589.6322996616364,40,2.0395807690813235,1.0,1.0,True,True,True,True,4
controlled/HtoW/scenarios_Home_to_work__adv2_apple0_google0_samsung0_tile0__advtag-4c001219fc-4c001219fd__20260130_081221/scenario_tx-2s_rot-2s.csv,3,TAG_APPLE,43,3600.0,,582.0725100040436,43,1.9454804609118375,0.9767441860465116,1.0,False,True,True,False,4
controlled/HtoW/scenarios_Home_to_work__adv2_apple0_google0_samsung0_tile0__advtag-4c001219fc-4c001219fd__20260130_081221/scenario_tx-2s_rot-2s.csv,2,TAG_APPLE,37,3600.0,,581.4670338630676,37,1.8810165447943412,1.0,1.0,False,True,True,False,4
controlled/HtoW/scenarios_Home_to_work__adv2_apple0_google0_samsung0_tile0__advtag-4c001219fc-4c001219fd__20260130_081221/scenario_tx-2s_rot-2s.csv,4,TAG_TILE,1,3600.0,,2894.0326144695277,1,0.0,0.0,1.0,True,False,False,False,3
controlled/HtoW/scenarios_Home_to_work__adv2_apple0_google0_samsung0_tile0__advtag-4c001219fc-4c001219fd__20260130_081221/scenario_tx-2s_rot-2s.csv,5,TAG_TILE,1,3600.0,,277.4696617126465,1,0.0,0.0,1.0,False,False,False,False,3
controlled/HtoW/scenarios_Home_to_work__adv2_apple0_google0_samsung0_tile0__advtag-4c001219fc-4c001219fd__20260130_081221/scenario_tx-2s_rot-2s.csv,6,TAG_TILE,1,3600.0,,577.9147005081177,1,0.0,0.0,1.0,False,False,False,False,3
controlled/HtoW/scenarios_Home_to_work__adv2_apple0_google0_samsung0_tile0__advtag-4c001219fc-4c001219fd__20260130_081221/scenario_tx-2s_rot-2s.csv,1,TAG_APPLE,24,3600.0,,771.0463919639587,24,3.3490816348804615,0.875,0.875,False,True,True,False,3
controlled/HtoW/scenarios_Home_to_work__adv2_apple0_google0_samsung0_tile0__advtag-4c001219fc-4c001219fd__20260130_081221/scenario_tx-2s_rot-2s.csv,2,TAG_APPLE,18,3600.0,,678.9264032840729,18,2.241686239972305,1.0,1.0,False,True,True,False,3
controlled/HtoW/scenarios_Home_to_work__adv2_apple0_google0_samsung0_tile0__advtag-4c001219fc-4c001219fd__20260130_081221/scenario_tx-2s_rot-2s.csv,0,TAG_APPLE,136,3600.0,,774.511554479599,136,1.2453836986079623,0.9264705882352942,0.9264705882352942,False,True,True,False,3
controlled/HtoW/scenarios_Home_to_work__adv2_apple0_google0_samsung0_tile0__advtag-4c001219fc-4c001219fd__20260130_081221/scenario_tx-2s_rot-2s.csv,3,TAG_TILE,2,3600.0,,504.30240750312805,2,0.0,0.0,1.0,False,False,False,False,3
controlled/HtoW/scenarios_Home_to_work__adv2_apple0_google0_samsung0_tile0__advtag-4c001219fc-4c001219fd__20260130_081221/scenario_tx-2s_rot-2s.csv,4,TAG_TILE,1,3600.0,,94.09704542160034,1,0.0,0.0,1.0,False,False,False,False,3
controlled/HtoW/scenarios_Home_to_work__adv2_apple0_google0_samsung0_tile0__advtag-4c001219fc-4c001219fd__20260130_081221/scenario_tx-2s_rot-2s.csv,5,TAG_TILE,1,3600.0,,0.0,1,0.0,0.0,1.0,False,False,False,False,3
controlled/HtoW/scenarios_Home_to_work__adv3_apple0_google0_samsung0_tile0__advtag-4c001219fc-4c001219fd-4c001219fe__20260130_081247/scenario_tx-10s_rot-10s.csv,2,TAG_APPLE,7,3600.0,,3489.0523924827576,7,0.9966302990343725,1.0,1.0,True,False,False,False,3
controlled/HtoW/scenarios_Home_to_work__adv3_apple0_google0_samsung0_tile0__advtag-4c001219fc-4c001219fd-4c001219fe__20260130_081247/scenario_tx-10s_rot-10s.csv,0,TAG_APPLE,170,3600.0,,3597.0750226974487,170,0.9578896878059677,1.0,1.0,True,True,False,False,3
controlled/HtoW/scenarios_Home_to_work__adv3_apple0_google0_samsung0_tile0__advtag-4c001219fc-4c001219fd-4c001219fe__20260130_081247/scenario_tx-10s_rot-10s.csv,1,TAG_APPLE,21,3600.0,,3599.8894402980804,21,0.6141336800777782,1.0,1.0,True,True,False,False,3
controlled/HtoW/scenarios_Home_to_work__adv3_apple0_google0_samsung0_tile0__advtag-4c001219fc-4c001219fd-4c001219fe__20260130_081247/scenario_tx-10s_rot-10s.csv,1,TAG_APPLE,75,7200.0,,3594.6291122436523,63,1.915058621387404,0.9682539682539683,1.0,True,True,True,True,3
controlled/HtoW/scenarios_Home_to_work__adv3_apple0_google0_samsung0_tile0__advtag-4c001219fc-4c001219fd-4c001219fe__20260130_081247/scenario_tx-10s_rot-10s.csv,2,TAG_APPLE,24,3600.0,,593.8191559314732,24,1.870137083426801,1.0,1.0,False,True,True,False,3
controlled/HtoW/scenarios_Home_to_work__adv3_apple0_google0_samsung0_tile0__advtag-4c001219fc-4c001219fd-4c001219fe__20260130_081247/scenario_tx-10s_rot-10s.csv,0,TAG_APPLE,218,7200.0,,3593.967596769333,156,1.4313162253410712,0.9935897435897436,1.0,True,True,True,True,3
controlled/HtoW/scenarios_Home_to_work__adv3_apple0_google0_samsung0_tile0__advtag-4c001219fc-4c001219fd-4c001219fe__20260130_081247/scenario_tx-10s_rot-10s.csv,3,TAG_TILE,1,3600.0,,2894.0326144695277,1,0.0,0.0,1.0,True,False,False,False,3
controlled/HtoW/scenarios_Home_to_work__adv3_apple0_google0_samsung0_tile0__advtag-4c001219fc-4c001219fd-4c001219fe__20260130_081247/scenario_tx-10s_rot-10s.csv,4,TAG_TILE,1,3600.0,,277.4696617126465,1,0.0,0.0,1.0,False,False,False,False,3
controlled/HtoW/scenarios_Home_to_work__adv3_apple0_google0_samsung0_tile0__advtag-4c001219fc-4c001219fd-4c001219fe__20260130_081247/scenario_tx-10s_rot-10s.csv,5,TAG_TILE,1,3600.0,,577.9147005081177,1,0.0,0.0,1.0,False,False,False,False,3
controlled/HtoW/scenarios_Home_to_work__adv3_apple0_google0_samsung0_tile0__advtag-4c001219fc-4c001219fd-4c001219fe__20260130_081247/scenario_tx-10s_rot-10s.csv,1,TAG_APPLE,24,3600.0,,771.0463919639587,24,2.8443918035799602,0.625,0.625,False,True,True,False,3
controlled/HtoW/scenarios_Home_to_work__adv3_apple0_google0_samsung0_tile0__advtag-4c001219fc-4c001219fd-4c001219fe__20260130_081247/scenario_tx-10s_rot-10s.csv,2,TAG_APPLE,16,3600.0,,555.6356332302094,16,2.373540043500565,1.0,1.0,False,True,True,False,3
controlled/HtoW/scenarios_Home_to_work__adv3_apple0_google0_samsung0_tile0__advtag-4c001219fc-4c001219fd-4c001219fe__20260130_081247/scenario_tx-10s_rot-10s.csv,0,TAG_APPLE,111,3600.0,,773.8081922531128,111,1.872942290922782,0.7477477477477478,0.7477477477477478,False,True,True,False,3
controlled/HtoW/scenarios_Home_to_work__adv3_apple0_google0_samsung0_tile0__advtag-4c001219fc-4c001219fd-4c001219fe__20260130_081247/scenario_tx-10s_rot-10s.csv,3,TAG_TILE,2,3600.0,,504.30240750312805,2,0.0,0.0,0.5,False,False,False,False,3
controlled/HtoW/scenarios_Home_to_work__adv3_apple0_google0_samsung0_tile0__advtag-4c001219fc-4c001219fd-4c001219fe__20260130_081247/scenario_tx-10s_rot-10s.csv,4,TAG_TILE,1,3600.0,,94.09704542160034,1,0.0,0.0,1.0,False,False,False,False,3
controlled/HtoW/scenarios_Home_to_work__adv3_apple0_google0_samsung0_tile0__advtag-4c001219fc-4c001219fd-4c001219fe__20260130_081247/scenario_tx-10s_rot-10s.csv,5,TAG_TILE,1,3600.0,,0.0,1,0.0,0.0,1.0,False,False,False,False,3
controlled/HtoW/scenarios_Home_to_work__adv3_apple0_google0_samsung0_tile0__advtag-4c001219fc-4c001219fd-4c001219fe__20260130_081247/scenario_tx-10s_rot-30s.csv,2,TAG_APPLE,17,3600.0,,3375.4370048046117,17,3.2871454731386076,1.0,1.0,True,True,True,True,3
controlled/HtoW/scenarios_Home_to_work__adv3_apple0_google0_samsung0_tile0__advtag-4c001219fc-4c001219fd-4c001219fe__20260130_081247/scenario_tx-10s_rot-30s.csv,1,TAG_APPLE,20,3600.0,,3411.046313524246,20,2.047599742573808,0.75,0.75,True,True,True,True,3
controlled/HtoW/scenarios_Home_to_work__adv3_apple0_google0_samsung0_tile0__advtag-4c001219fc-4c001219fd-4c001219fe__20260130_081247/scenario_tx-10s_rot-30s.csv,0,TAG_APPLE,146,3600.0,,3598.261323928833,146,1.1984805065582917,0.958904109589041,0.958904109589041,True,True,True,True,3
controlled/HtoW/scenarios_Home_to_work__adv3_apple0_google0_samsung0_tile0__advtag-4c001219fc-4c001219fd-4c001219fe__20260130_081247/scenario_tx-10s_rot-30s.csv,2,TAG_APPLE,23,7200.0,,3543.943530797959,23,2.5432711861326127,1.0,1.0,True,True,True,True,3
controlled/HtoW/scenarios_Home_to_work__adv3_apple0_google0_samsung0_tile0__advtag-4c001219fc-4c001219fd-4c001219fe__20260130_081247/scenario_tx-10s_rot-30s.csv,1,TAG_APPLE,59,7200.0,,3589.6322996616364,47,2.0287944466229817,0.8723404255319149,0.9574468085106383,True,True,True,True,3
controlled/HtoW/scenarios_Home_to_work__adv3_apple0_google0_samsung0_tile0__advtag-4c001219fc-4c001219fd-4c001219fe__20260130_081247/scenario_tx-10s_rot-30s.csv,0,TAG_APPLE,177,7200.0,,3593.967596769333,150,1.2796433638218652,0.9466666666666667,0.9533333333333334,True,True,True,True,3
controlled/HtoW/scenarios_Home_to_work__adv3_apple0_google0_samsung0_tile0__advtag-4c001219fc-4c001219fd-4c001219fe__20260130_081247/scenario_tx-10s_rot-30s.csv,3,TAG_TILE,1,3600.0,,2894.0326144695277,1,0.0,0.0,1.0,True,False,False,False,3
controlled/HtoW/scenarios_Home_to_work__adv3_apple0_google0_samsung0_tile0__advtag-4c001219fc-4c001219fd-4c001219fe__20260130_081247/scenario_tx-10s_rot-30s.csv,4,TAG_TILE,1,3600.0,,277.4696617126465,1,0.0,0.0,1.0,False,False,False,False,3
controlled/HtoW/scenarios_Home_to_work__adv3_apple0_google0_samsung0_tile0__advtag-4c001219fc-4c001219fd-4c001219fe__20260130_081247/scenario_tx-10s_rot-30s.csv,5,TAG_TILE,1,3600.0,,577.9147005081177,1,0.0,0.0,1.0,False,False,False,False,3
controlled/HtoW/scenarios_Home_to_work__adv3_apple0_google0_samsung0_tile0__advtag-4c001219fc-4c001219fd-4c001219fe__20260130_081247/scenario_tx-10s_rot-30s.csv,1,TAG_APPLE,24,3600.0,,773.3923244476318,24,2.681585748585832,0.2916666666666667,0.2916666666666667,False,True,True,False,3
controlled/HtoW/scenarios_Home_to_work__adv3_apple0_google0_samsung0_tile0__advtag-4c001219fc-4c001219fd-4c001219fe__20260130_081247/scenario_tx-10s_rot-30s.csv,0,TAG_APPLE,84,3600.0,,773.8081922531128,84,1.9784182224127975,0.5119047619047619,0.5119047619047619,False,True,True,False,3
controlled/HtoW/scenarios_Home_to_work__adv3_apple0_google0_samsung0_tile0__advtag-4c001219fc-4c001219fd-4c001219fe__20260130_081247/scenario_tx-10s_rot-30s.csv,2,TAG_APPLE,17,3600.0,,741.8653059005737,17,1.256512322629682,1.0,1.0,False,True,True,False,3
controlled/HtoW/scenarios_Home_to_work__adv3_apple0_google0_samsung0_tile0__advtag-4c001219fc-4c001219fd-4c001219fe__20260130_081247/scenario_tx-10s_rot-30s.csv,3,TAG_TILE,2,3600.0,,504.30240750312805,2,0.0,0.0,0.5,False,False,False,False,3
controlled/HtoW/scenarios_Home_to_work__adv3_apple0_google0_samsung0_tile0__advtag-4c001219fc-4c001219fd-4c001219fe__20260130_081247/scenario_tx-10s_rot-30s.csv,4,TAG_TILE,1,3600.0,,94.09704542160034,1,0.0,0.0,0.0,False,False,False,False,3
controlled/HtoW/scenarios_Home_to_work__adv3_apple0_google0_samsung0_tile0__advtag-4c001219fc-4c001219fd-4c001219fe__20260130_081247/scenario_tx-10s_rot-30s.csv,5,TAG_TILE,1,3600.0,,0.0,1,0.0,0.0,0.0,False,False,False,False,3
controlled/HtoW/scenarios_Home_to_work__adv3_apple0_google0_samsung0_tile0__advtag-4c001219fc-4c001219fd-4c001219fe__20260130_081247/scenario_tx-15s_rot-30s.csv,1,TAG_APPLE,20,3600.0,,3533.7643661499023,20,2.0212223863084167,0.85,0.85,True,True,True,True,3
controlled/HtoW/scenarios_Home_to_work__adv3_apple0_google0_samsung0_tile0__advtag-4c001219fc-4c001219fd-4c001219fe__20260130_081247/scenario_tx-15s_rot-30s.csv,0,TAG_APPLE,138,3600.0,,3597.0750226974487,138,1.3135208954402369,0.9637681159420289,0.9637681159420289,True,True,True,True,3
controlled/HtoW/scenarios_Home_to_work__adv3_apple0_google0_samsung0_tile0__advtag-4c001219fc-4c001219fd-4c001219fe__20260130_081247/scenario_tx-15s_rot-30s.csv,2,TAG_APPLE,19,3600.0,,3400.5387375354767,19,1.1720174871135987,1.0,1.0,True,True,True,True,3
controlled/HtoW/scenarios_Home_to_work__adv3_apple0_google0_samsung0_tile0__advtag-4c001219fc-4c001219fd-4c001219fe__20260130_081247/scenario_tx-15s_rot-30s.csv,2,TAG_APPLE,29,7200.0,,2848.557181596756,29,3.286148306584112,1.0,1.0,True,True,True,True,3
controlled/HtoW/scenarios_Home_to_work__adv3_apple0_google0_samsung0_tile0__advtag-4c001219fc-4c001219fd-4c001219fe__20260130_081247/scenario_tx-15s_rot-30s.csv,1,TAG_APPLE,55,7200.0,,3550.5124275684357,43,2.1785345742384066,0.7906976744186046,0.9767441860465116,True,True,True,True,3
controlled/HtoW/scenarios_Home_to_work__adv3_apple0_google0_samsung0_tile0__advtag-4c001219fc-4c001219fd-4c001219fe__20260130_081247/scenario_tx-15s_rot-30s.csv,0,TAG_APPLE,180,7200.0,,3593.361763715744,147,1.3943374535537538,0.9591836734693877,0.9795918367346939,True,True,True,True,3
controlled/HtoW/scenarios_Home_to_work__adv3_apple0_google0_samsung0_tile0__advtag-4c001219fc-4c001219fd-4c001219fe__20260130_081247/scenario_tx-15s_rot-30s.csv,3,TAG_TILE,1,3600.0,,2894.0326144695277,1,0.0,0.0,1.0,True,False,False,False,3
controlled/HtoW/scenarios_Home_to_work__adv3_apple0_google0_samsung0_tile0__advtag-4c001219fc-4c001219fd-4c001219fe__20260130_081247/scenario_tx-15s_rot-30s.csv,4,TAG_TILE,1,3600.0,,277.4696617126465,1,0.0,0.0,1.0,False,False,False,False,3
controlled/HtoW/scenarios_Home_to_work__adv3_apple0_google0_samsung0_tile0__advtag-4c001219fc-4c001219fd-4c001219fe__20260130_081247/scenario_tx-15s_rot-30s.csv,5,TAG_TILE,1,3600.0,,577.9147005081177,1,0.0,0.0,1.0,False,False,False,False,3
controlled/HtoW/scenarios_Home_to_work__adv3_apple0_google0_samsung0_tile0__advtag-4c001219fc-4c001219fd-4c001219fe__20260130_081247/scenario_tx-15s_rot-30s.csv,2,TAG_APPLE,11,3600.0,,586.7935991287231,11,4.110589630155335,1.0,1.0,False,False,True,False,3
controlled/HtoW/scenarios_Home_to_work__adv3_apple0_google0_samsung0_tile0__advtag-4c001219fc-4c001219fd-4c001219fe__20260130_081247/scenario_tx-15s_rot-30s.csv,1,TAG_APPLE,26,3600.0,,773.3923244476318,26,2.1148639776354408,0.34615384615384615,0.34615384615384615,False,True,True,False,3
controlled/HtoW/scenarios_Home_to_work__adv3_apple0_google0_samsung0_tile0__advtag-4c001219fc-4c001219fd-4c001219fe__20260130_081247/scenario_tx-15s_rot-30s.csv,0,TAG_APPLE,84,3600.0,,775.8121497631073,84,1.8079876692328212,0.5476190476190477,0.5476190476190477,False,True,True,False,3
controlled/HtoW/scenarios_Home_to_work__adv3_apple0_google0_samsung0_tile0__advtag-4c001219fc-4c001219fd-4c001219fe__20260130_081247/scenario_tx-15s_rot-30s.csv,3,TAG_TILE,2,3600.0,,504.30240750312805,2,0.0,0.0,0.0,False,False,False,False,3
controlled/HtoW/scenarios_Home_to_work__adv3_apple0_google0_samsung0_tile0__advtag-4c001219fc-4c001219fd-4c001219fe__20260130_081247/scenario_tx-15s_rot-30s.csv,4,TAG_TILE,1,3600.0,,94.09704542160034,1,0.0,0.0,0.0,False,False,False,False,3
controlled/HtoW/scenarios_Home_to_work__adv3_apple0_google0_samsung0_tile0__advtag-4c001219fc-4c001219fd-4c001219fe__20260130_081247/scenario_tx-15s_rot-30s.csv,5,TAG_TILE,1,3600.0,,0.0,1,0.0,0.0,1.0,False,False,False,False,3
controlled/HtoW/scenarios_Home_to_work__adv3_apple0_google0_samsung0_tile0__advtag-4c001219fc-4c001219fd-4c001219fe__20260130_081247/scenario_tx-1min_rot-1min.csv,1,TAG_APPLE,20,3600.0,,3473.7100138664246,20,2.3190668197564093,0.65,0.65,True,True,True,True,3
controlled/HtoW/scenarios_Home_to_work__adv3_apple0_google0_samsung0_tile0__advtag-4c001219fc-4c001219fd-4c001219fe__20260130_081247/scenario_tx-1min_rot-1min.csv,2,TAG_APPLE,18,3600.0,,3389.720158815384,18,2.13026863592273,1.0,1.0,True,True,True,True,3
controlled/HtoW/scenarios_Home_to_work__adv3_apple0_google0_samsung0_tile0__advtag-4c001219fc-4c001219fd-4c001219fe__20260130_081247/scenario_tx-1min_rot-1min.csv,0,TAG_APPLE,98,3600.0,,3597.0750226974487,98,1.4264288856427614,0.8571428571428571,0.8571428571428571,True,True,True,True,3
controlled/HtoW/scenarios_Home_to_work__adv3_apple0_google0_samsung0_tile0__advtag-4c001219fc-4c001219fd-4c001219fe__20260130_081247/scenario_tx-1min_rot-1min.csv,1,TAG_APPLE,58,7200.0,,3551.050879716873,46,2.063739613025642,0.5,0.6086956521739131,True,True,True,True,3
controlled/HtoW/scenarios_Home_to_work__adv3_apple0_google0_samsung0_tile0__advtag-4c001219fc-4c001219fd-4c001219fe__20260130_081247/scenario_tx-1min_rot-1min.csv,2,TAG_APPLE,21,7200.0,,3475.143774032593,21,1.6098789609591946,1.0,1.0,True,True,True,True,3
controlled/HtoW/scenarios_Home_to_work__adv3_apple0_google0_samsung0_tile0__advtag-4c001219fc-4c001219fd-4c001219fe__20260130_081247/scenario_tx-1min_rot-1min.csv,0,TAG_APPLE,131,7200.0,,3593.361763715744,120,1.5240498535865539,0.75,0.8,True,True,True,True,3
controlled/HtoW/scenarios_Home_to_work__adv3_apple0_google0_samsung0_tile0__advtag-4c001219fc-4c001219fd-4c001219fe__20260130_081247/scenario_tx-1min_rot-1min.csv,3,TAG_TILE,1,3600.0,,2894.0326144695277,1,0.0,0.0,0.0,True,False,False,False,3
controlled/HtoW/scenarios_Home_to_work__adv3_apple0_google0_samsung0_tile0__advtag-4c001219fc-4c001219fd-4c001219fe__20260130_081247/scenario_tx-1min_rot-1min.csv,4,TAG_TILE,1,3600.0,,277.4696617126465,1,0.0,0.0,1.0,False,False,False,False,3
controlled/HtoW/scenarios_Home_to_work__adv3_apple0_google0_samsung0_tile0__advtag-4c001219fc-4c001219fd-4c001219fe__20260130_081247/scenario_tx-1min_rot-1min.csv,5,TAG_TILE,1,3600.0,,577.9147005081177,1,0.0,0.0,0.0,False,False,False,False,3
controlled/HtoW/scenarios_Home_to_work__adv3_apple0_google0_samsung0_tile0__advtag-4c001219fc-4c001219fd-4c001219fe__20260130_081247/scenario_tx-1min_rot-1min.csv,0,TAG_APPLE,30,3600.0,,771.0463919639587,30,2.2866384339805945,0.16666666666666666,0.16666666666666666,False,True,True,False,3
controlled/HtoW/scenarios_Home_to_work__adv3_apple0_google0_samsung0_tile0__advtag-4c001219fc-4c001219fd-4c001219fe__20260130_081247/scenario_tx-1min_rot-1min.csv,1,TAG_APPLE,67,3600.0,,723.4883985519409,67,1.8375441667476307,0.31343283582089554,0.31343283582089554,False,True,True,False,3
controlled/HtoW/scenarios_Home_to_work__adv3_apple0_google0_samsung0_tile0__advtag-4c001219fc-4c001219fd-4c001219fe__20260130_081247/scenario_tx-1min_rot-1min.csv,2,TAG_APPLE,9,3600.0,,665.8980312347412,9,1.8167268468184539,1.0,1.0,False,False,True,False,3
controlled/HtoW/scenarios_Home_to_work__adv3_apple0_google0_samsung0_tile0__advtag-4c001219fc-4c001219fd-4c001219fe__20260130_081247/scenario_tx-1min_rot-1min.csv,3,TAG_TILE,2,3600.0,,504.30240750312805,2,0.0,0.0,0.0,False,False,False,False,3
controlled/HtoW/scenarios_Home_to_work__adv3_apple0_google0_samsung0_tile0__advtag-4c001219fc-4c001219fd-4c001219fe__20260130_081247/scenario_tx-1min_rot-1min.csv,4,TAG_TILE,1,3600.0,,94.09704542160034,1,0.0,0.0,0.0,False,False,False,False,3
controlled/HtoW/scenarios_Home_to_work__adv3_apple0_google0_samsung0_tile0__advtag-4c001219fc-4c001219fd-4c001219fe__20260130_081247/scenario_tx-1min_rot-1min.csv,5,TAG_TILE,1,3600.0,,0.0,1,0.0,0.0,0.0,False,False,False,False,3
controlled/HtoW/scenarios_Home_to_work__adv3_apple0_google0_samsung0_tile0__advtag-4c001219fc-4c001219fd-4c001219fe__20260130_081247/scenario_tx-2s_rot-15min.csv,2,TAG_APPLE,3,3600.0,,3598.2555553913116,3,3.872635823632399,1.0,1.0,True,False,True,True,3
controlled/HtoW/scenarios_Home_to_work__adv3_apple0_google0_samsung0_tile0__advtag-4c001219fc-4c001219fd-4c001219fe__20260130_081247/scenario_tx-2s_rot-15min.csv,0,TAG_APPLE,27,3600.0,,3599.895208835602,27,1.4152553103057846,0.2962962962962963,0.2962962962962963,True,True,True,True,3
controlled/HtoW/scenarios_Home_to_work__adv3_apple0_google0_samsung0_tile0__advtag-4c001219fc-4c001219fd-4c001219fe__20260130_081247/scenario_tx-2s_rot-15min.csv,1,TAG_APPLE,36,3600.0,,3454.2565777301793,36,1.1970661769076112,0.0,0.0,True,True,True,True,3
controlled/HtoW/scenarios_Home_to_work__adv3_apple0_google0_samsung0_tile0__advtag-4c001219fc-4c001219fd-4c001219fe__20260130_081247/scenario_tx-2s_rot-15min.csv,2,TAG_APPLE,4,7200.0,,3487.5639398097996,4,6.666666622222222,1.0,1.0,True,False,True,True,3
controlled/HtoW/scenarios_Home_to_work__adv3_apple0_google0_samsung0_tile0__advtag-4c001219fc-4c001219fd-4c001219fe__20260130_081247/scenario_tx-2s_rot-15min.csv,0,TAG_APPLE,93,7200.0,,3593.361763715744,92,1.1217530965999456,0.0,0.03260869565217391,True,True,True,True,3
controlled/HtoW/scenarios_Home_to_work__adv3_apple0_google0_samsung0_tile0__advtag-4c001219fc-4c001219fd-4c001219fe__20260130_081247/scenario_tx-2s_rot-15min.csv,1,TAG_APPLE,52,7200.0,,3595.732531785965,40,1.0438903015428869,0.275,0.275,True,True,True,True,3
controlled/HtoW/scenarios_Home_to_work__adv3_apple0_google0_samsung0_tile0__advtag-4c001219fc-4c001219fd-4c001219fe__20260130_081247/scenario_tx-2s_rot-15min.csv,3,TAG_TILE,1,3600.0,,2894.0326144695277,1,0.0,0.0,0.0,True,False,False,False,3
controlled/HtoW/scenarios_Home_to_work__adv3_apple0_google0_samsung0_tile0__advtag-4c001219fc-4c001219fd-4c001219fe__20260130_081247/scenario_tx-2s_rot-15min.csv,4,TAG_TILE,1,3600.0,,277.4696617126465,1,0.0,0.0,0.0,False,False,False,False,3
controlled/HtoW/scenarios_Home_to_work__adv3_apple0_google0_samsung0_tile0__advtag-4c001219fc-4c001219fd-4c001219fe__20260130_081247/scenario_tx-2s_rot-15min.csv,5,TAG_TILE,1,3600.0,,577.9147005081177,1,0.0,0.0,0.0,False,False,False,False,3
controlled/HtoW/scenarios_Home_to_work__adv3_apple0_google0_samsung0_tile0__advtag-4c001219fc-4c001219fd-4c001219fe__20260130_081247/scenario_tx-2s_rot-15min.csv,0,TAG_APPLE,32,3600.0,,775.856436252594,32,1.3724669916559424,0.125,0.125,False,True,True,False,3
controlled/HtoW/scenarios_Home_to_work__adv3_apple0_google0_samsung0_tile0__advtag-4c001219fc-4c001219fd-4c001219fe__20260130_081247/scenario_tx-2s_rot-15min.csv,1,TAG_APPLE,55,3600.0,,636.8608703613281,55,1.1261459720139857,0.0,0.0,False,True,True,False,3
controlled/HtoW/scenarios_Home_to_work__adv3_apple0_google0_samsung0_tile0__advtag-4c001219fc-4c001219fd-4c001219fe__20260130_081247/scenario_tx-2s_rot-15min.csv,2,TAG_APPLE,2,3600.0,,749.1938815116882,2,0.0,1.0,1.0,False,False,False,False,3
controlled/HtoW/scenarios_Home_to_work__adv3_apple0_google0_samsung0_tile0__advtag-4c001219fc-4c001219fd-4c001219fe__20260130_081247/scenario_tx-2s_rot-15min.csv,3,TAG_TILE,2,3600.0,,504.30240750312805,2,0.0,0.0,0.0,False,False,False,False,3
controlled/HtoW/scenarios_Home_to_work__adv3_apple0_google0_samsung0_tile0__advtag-4c001219fc-4c001219fd-4c001219fe__20260130_081247/scenario_tx-2s_rot-15min.csv,4,TAG_TILE,1,3600.0,,94.09704542160034,1,0.0,0.0,0.0,False,False,False,False,3
controlled/HtoW/scenarios_Home_to_work__adv3_apple0_google0_samsung0_tile0__advtag-4c001219fc-4c001219fd-4c001219fe__20260130_081247/scenario_tx-2s_rot-15min.csv,5,TAG_TILE,1,3600.0,,0.0,1,0.0,0.0,0.0,False,False,False,False,3
controlled/HtoW/scenarios_Home_to_work__adv3_apple0_google0_samsung0_tile0__advtag-4c001219fc-4c001219fd-4c001219fe__20260130_081247/scenario_tx-2s_rot-10s.csv,2,TAG_APPLE,27,3600.0,,3588.1046509742737,27,1.5158443475817032,1.0,1.0,True,True,True,True,3
controlled/HtoW/scenarios_Home_to_work__adv3_apple0_google0_samsung0_tile0__advtag-4c001219fc-4c001219fd-4c001219fe__20260130_081247/scenario_tx-2s_rot-10s.csv,0,TAG_APPLE,150,3600.0,,3597.8768231868744,150,1.3239107506711139,1.0,1.0,True,True,True,True,3
controlled/HtoW/scenarios_Home_to_work__adv3_apple0_google0_samsung0_tile0__advtag-4c001219fc-4c001219fd-4c001219fe__20260130_081247/scenario_tx-2s_rot-10s.csv,1,TAG_APPLE,21,3600.0,,3528.0450406074524,21,1.3181026271107892,1.0,1.0,True,True,True,True,3
controlled/HtoW/scenarios_Home_to_work__adv3_apple0_google0_samsung0_tile0__advtag-4c001219fc-4c001219fd-4c001219fe__20260130_081247/scenario_tx-2s_rot-10s.csv,2,TAG_APPLE,23,3600.0,,565.8111469745636,23,2.9569208325357765,1.0,1.0,False,True,True,False,3
controlled/HtoW/scenarios_Home_to_work__adv3_apple0_google0_samsung0_tile0__advtag-4c001219fc-4c001219fd-4c001219fe__20260130_081247/scenario_tx-2s_rot-10s.csv,1,TAG_APPLE,54,7200.0,,3563.4857609272003,42,1.7587481377449898,0.9761904761904762,1.0,True,True,True,True,3
controlled/HtoW/scenarios_Home_to_work__adv3_apple0_google0_samsung0_tile0__advtag-4c001219fc-4c001219fd-4c001219fe__20260130_081247/scenario_tx-2s_rot-10s.csv,0,TAG_APPLE,253,7200.0,,3593.8938233852386,168,1.2693414680175379,0.9940476190476191,1.0,True,True,True,True,3
controlled/HtoW/scenarios_Home_to_work__adv3_apple0_google0_samsung0_tile0__advtag-4c001219fc-4c001219fd-4c001219fe__20260130_081247/scenario_tx-2s_rot-10s.csv,3,TAG_TILE,1,3600.0,,2894.0326144695277,1,0.0,0.0,1.0,True,False,False,False,3
controlled/HtoW/scenarios_Home_to_work__adv3_apple0_google0_samsung0_tile0__advtag-4c001219fc-4c001219fd-4c001219fe__20260130_081247/scenario_tx-2s_rot-10s.csv,4,TAG_TILE,1,3600.0,,277.4696617126465,1,0.0,0.0,1.0,False,False,False,False,3
controlled/HtoW/scenarios_Home_to_work__adv3_apple0_google0_samsung0_tile0__advtag-4c001219fc-4c001219fd-4c001219fe__20260130_081247/scenario_tx-2s_rot-10s.csv,5,TAG_TILE,1,3600.0,,577.9147005081177,1,0.0,0.0,1.0,False,False,False,False,3
controlled/HtoW/scenarios_Home_to_work__adv3_apple0_google0_samsung0_tile0__advtag-4c001219fc-4c001219fd-4c001219fe__20260130_081247/scenario_tx-2s_rot-10s.csv,1,TAG_APPLE,27,3600.0,,775.8454170227051,27,3.2354455189691245,0.8518518518518519,0.8518518518518519,False,True,True,False,3
controlled/HtoW/scenarios_Home_to_work__adv3_apple0_google0_samsung0_tile0__advtag-4c001219fc-4c001219fd-4c001219fe__20260130_081247/scenario_tx-2s_rot-10s.csv,2,TAG_APPLE,21,3600.0,,688.1317164897919,21,2.895320182950264,1.0,1.0,False,True,True,False,3
controlled/HtoW/scenarios_Home_to_work__adv3_apple0_google0_samsung0_tile0__advtag-4c001219fc-4c001219fd-4c001219fe__20260130_081247/scenario_tx-2s_rot-10s.csv,0,TAG_APPLE,112,3600.0,,775.8121497631073,112,2.0906412747086667,0.8482142857142857,0.8482142857142857,False,True,True,False,3
controlled/HtoW/scenarios_Home_to_work__adv3_apple0_google0_samsung0_tile0__advtag-4c001219fc-4c001219fd-4c001219fe__20260130_081247/scenario_tx-2s_rot-10s.csv,3,TAG_TILE,2,3600.0,,504.30240750312805,2,0.0,0.0,1.0,False,False,False,False,3
controlled/HtoW/scenarios_Home_to_work__adv3_apple0_google0_samsung0_tile0__advtag-4c001219fc-4c001219fd-4c001219fe__20260130_081247/scenario_tx-2s_rot-10s.csv,4,TAG_TILE,1,3600.0,,94.09704542160034,1,0.0,0.0,0.0,False,False,False,False,3
controlled/HtoW/scenarios_Home_to_work__adv3_apple0_google0_samsung0_tile0__advtag-4c001219fc-4c001219fd-4c001219fe__20260130_081247/scenario_tx-2s_rot-10s.csv,5,TAG_TILE,1,3600.0,,0.0,1,0.0,0.0,1.0,False,False,False,False,3
controlled/HtoW/scenarios_Home_to_work__adv3_apple0_google0_samsung0_tile0__advtag-4c001219fc-4c001219fd-4c001219fe__20260130_081247/scenario_tx-30s_rot-15min.csv,0,TAG_APPLE,27,3600.0,,3599.895208835602,27,1.304278976341036,0.25925925925925924,0.25925925925925924,True,True,True,True,3
controlled/HtoW/scenarios_Home_to_work__adv3_apple0_google0_samsung0_tile0__advtag-4c001219fc-4c001219fd-4c001219fe__20260130_081247/scenario_tx-30s_rot-15min.csv,1,TAG_APPLE,35,3600.0,,3513.969890356064,35,1.0784114224707755,0.02857142857142857,0.02857142857142857,True,True,True,True,3
controlled/HtoW/scenarios_Home_to_work__adv3_apple0_google0_samsung0_tile0__advtag-4c001219fc-4c001219fd-4c001219fe__20260130_081247/scenario_tx-30s_rot-15min.csv,2,TAG_APPLE,3,3600.0,,3592.2188951969147,3,0.6568536309551402,1.0,1.0,True,False,False,False,3
controlled/HtoW/scenarios_Home_to_work__adv3_apple0_google0_samsung0_tile0__advtag-4c001219fc-4c001219fd-4c001219fe__20260130_081247/scenario_tx-30s_rot-15min.csv,2,TAG_APPLE,5,7200.0,,3565.5879135131836,5,1.2310867585927845,1.0,1.0,True,False,True,True,3
controlled/HtoW/scenarios_Home_to_work__adv3_apple0_google0_samsung0_tile0__advtag-4c001219fc-4c001219fd-4c001219fe__20260130_081247/scenario_tx-30s_rot-15min.csv,1,TAG_APPLE,81,7200.0,,3593.361763715744,81,1.071408239881353,0.012345679012345678,0.04938271604938271,True,True,True,True,3
controlled/HtoW/scenarios_Home_to_work__adv3_apple0_google0_samsung0_tile0__advtag-4c001219fc-4c001219fd-4c001219fe__20260130_081247/scenario_tx-30s_rot-15min.csv,0,TAG_APPLE,66,7200.0,,3589.3936326503754,54,1.0072208740354418,0.16666666666666666,0.16666666666666666,True,True,True,True,3
controlled/HtoW/scenarios_Home_to_work__adv3_apple0_google0_samsung0_tile0__advtag-4c001219fc-4c001219fd-4c001219fe__20260130_081247/scenario_tx-30s_rot-15min.csv,3,TAG_TILE,1,3600.0,,2894.0326144695277,1,0.0,0.0,0.0,True,False,False,False,3
controlled/HtoW/scenarios_Home_to_work__adv3_apple0_google0_samsung0_tile0__advtag-4c001219fc-4c001219fd-4c001219fe__20260130_081247/scenario_tx-30s_rot-15min.csv,4,TAG_TILE,1,3600.0,,277.4696617126465,1,0.0,0.0,0.0,False,False,False,False,3
controlled/HtoW/scenarios_Home_to_work__adv3_apple0_google0_samsung0_tile0__advtag-4c001219fc-4c001219fd-4c001219fe__20260130_081247/scenario_tx-30s_rot-15min.csv,5,TAG_TILE,1,3600.0,,577.9147005081177,1,0.0,0.0,0.0,False,False,False,False,3
controlled/HtoW/scenarios_Home_to_work__adv3_apple0_google0_samsung0_tile0__advtag-4c001219fc-4c001219fd-4c001219fe__20260130_081247/scenario_tx-30s_rot-15min.csv,1,TAG_APPLE,54,3600.0,,636.8608703613281,54,1.0282175028559981,0.0,0.0,False,True,True,False,3
controlled/HtoW/scenarios_Home_to_work__adv3_apple0_google0_samsung0_tile0__advtag-4c001219fc-4c001219fd-4c001219fe__20260130_081247/scenario_tx-30s_rot-15min.csv,0,TAG_APPLE,34,3600.0,,773.3923244476318,34,0.9742490171801975,0.14705882352941177,0.14705882352941177,False,True,False,False,3
controlled/HtoW/scenarios_Home_to_work__adv3_apple0_google0_samsung0_tile0__advtag-4c001219fc-4c001219fd-4c001219fe__20260130_081247/scenario_tx-30s_rot-15min.csv,2,TAG_APPLE,1,3600.0,,415.4064128398895,1,0.0,1.0,1.0,False,False,False,False,3
controlled/HtoW/scenarios_Home_to_work__adv3_apple0_google0_samsung0_tile0__advtag-4c001219fc-4c001219fd-4c001219fe__20260130_081247/scenario_tx-30s_rot-15min.csv,3,TAG_TILE,2,3600.0,,504.30240750312805,2,0.0,0.0,0.0,False,False,False,False,3
controlled/HtoW/scenarios_Home_to_work__adv3_apple0_google0_samsung0_tile0__advtag-4c001219fc-4c001219fd-4c001219fe__20260130_081247/scenario_tx-30s_rot-15min.csv,4,TAG_TILE,1,3600.0,,94.09704542160034,1,0.0,0.0,0.0,False,False,False,False,3
controlled/HtoW/scenarios_Home_to_work__adv3_apple0_google0_samsung0_tile0__advtag-4c001219fc-4c001219fd-4c001219fe__20260130_081247/scenario_tx-30s_rot-15min.csv,5,TAG_TILE,1,3600.0,,0.0,1,0.0,0.0,0.0,False,False,False,False,3
controlled/HtoW/scenarios_Home_to_work__adv3_apple0_google0_samsung0_tile0__advtag-4c001219fc-4c001219fd-4c001219fe__20260130_081247/scenario_tx-30s_rot-5min.csv,2,TAG_APPLE,10,3600.0,,3592.2188951969147,10,2.9454117568606333,1.0,1.0,True,False,True,True,3
controlled/HtoW/scenarios_Home_to_work__adv3_apple0_google0_samsung0_tile0__advtag-4c001219fc-4c001219fd-4c001219fe__20260130_081247/scenario_tx-30s_rot-5min.csv,1,TAG_APPLE,20,3600.0,,2980.2473320961,20,2.004234110978572,0.15,0.15,True,True,True,True,3
controlled/HtoW/scenarios_Home_to_work__adv3_apple0_google0_samsung0_tile0__advtag-4c001219fc-4c001219fd-4c001219fe__20260130_081247/scenario_tx-30s_rot-5min.csv,0,TAG_APPLE,53,3600.0,,3597.0750226974487,53,1.657153785156858,0.3584905660377358,0.3584905660377358,True,True,True,True,3
controlled/HtoW/scenarios_Home_to_work__adv3_apple0_google0_samsung0_tile0__advtag-4c001219fc-4c001219fd-4c001219fe__20260130_081247/scenario_tx-30s_rot-5min.csv,2,TAG_APPLE,10,7200.0,,3570.165232181549,10,3.49738684109357,1.0,1.0,True,False,True,True,3
controlled/HtoW/scenarios_Home_to_work__adv3_apple0_google0_samsung0_tile0__advtag-4c001219fc-4c001219fd-4c001219fe__20260130_081247/scenario_tx-30s_rot-5min.csv,0,TAG_APPLE,110,7200.0,,3593.8938233852386,106,1.566856245041451,0.16981132075471697,0.19811320754716982,True,True,True,True,3
controlled/HtoW/scenarios_Home_to_work__adv3_apple0_google0_samsung0_tile0__advtag-4c001219fc-4c001219fd-4c001219fe__20260130_081247/scenario_tx-30s_rot-5min.csv,1,TAG_APPLE,42,7200.0,,3589.6322996616364,31,1.3595557261807092,0.1935483870967742,0.25806451612903225,True,True,True,True,3
controlled/HtoW/scenarios_Home_to_work__adv3_apple0_google0_samsung0_tile0__advtag-4c001219fc-4c001219fd-4c001219fe__20260130_081247/scenario_tx-30s_rot-5min.csv,3,TAG_TILE,1,3600.0,,2894.0326144695277,1,0.0,0.0,0.0,True,False,False,False,3
controlled/HtoW/scenarios_Home_to_work__adv3_apple0_google0_samsung0_tile0__advtag-4c001219fc-4c001219fd-4c001219fe__20260130_081247/scenario_tx-30s_rot-5min.csv,4,TAG_TILE,1,3600.0,,277.4696617126465,1,0.0,0.0,0.0,False,False,False,False,3
controlled/HtoW/scenarios_Home_to_work__adv3_apple0_google0_samsung0_tile0__advtag-4c001219fc-4c001219fd-4c001219fe__20260130_081247/scenario_tx-30s_rot-5min.csv,5,TAG_TILE,1,3600.0,,577.9147005081177,1,0.0,0.0,0.0,False,False,False,False,3
controlled/HtoW/scenarios_Home_to_work__adv3_apple0_google0_samsung0_tile0__advtag-4c001219fc-4c001219fd-4c001219fe__20260130_081247/scenario_tx-30s_rot-5min.csv,0,TAG_APPLE,36,3600.0,,771.7917475700378,36,1.3160747716554517,0.16666666666666666,0.16666666666666666,False,True,True,False,3
controlled/HtoW/scenarios_Home_to_work__adv3_apple0_google0_samsung0_tile0__advtag-4c001219fc-4c001219fd-4c001219fe__20260130_081247/scenario_tx-30s_rot-5min.csv,1,TAG_APPLE,52,3600.0,,636.8608703613281,52,1.2541558058525777,0.0,0.0,False,True,True,False,3
controlled/HtoW/scenarios_Home_to_work__adv3_apple0_google0_samsung0_tile0__advtag-4c001219fc-4c001219fd-4c001219fe__20260130_081247/scenario_tx-30s_rot-5min.csv,2,TAG_APPLE,3,3600.0,,738.876148223877,3,0.5218884482919979,1.0,1.0,False,False,False,False,3
controlled/HtoW/scenarios_Home_to_work__adv3_apple0_google0_samsung0_tile0__advtag-4c001219fc-4c001219fd-4c001219fe__20260130_081247/scenario_tx-30s_rot-5min.csv,3,TAG_TILE,2,3600.0,,504.30240750312805,2,0.0,0.0,0.0,False,False,False,False,3
controlled/HtoW/scenarios_Home_to_work__adv3_apple0_google0_samsung0_tile0__advtag-4c001219fc-4c001219fd-4c001219fe__20260130_081247/scenario_tx-30s_rot-5min.csv,4,TAG_TILE,1,3600.0,,94.09704542160034,1,0.0,0.0,0.0,False,False,False,False,3
controlled/HtoW/scenarios_Home_to_work__adv3_apple0_google0_samsung0_tile0__advtag-4c001219fc-4c001219fd-4c001219fe__20260130_081247/scenario_tx-30s_rot-5min.csv,5,TAG_TILE,1,3600.0,,0.0,1,0.0,0.0,0.0,False,False,False,False,3
controlled/HtoW/scenarios_Home_to_work__adv3_apple0_google0_samsung0_tile0__advtag-4c001219fc-4c001219fd-4c001219fe__20260130_081247/scenario_tx-2s_rot-1min.csv,2,TAG_APPLE,20,3600.0,,3474.009159088135,20,6.376439691258219,1.0,1.0,True,True,True,True,6
controlled/HtoW/scenarios_Home_to_work__adv3_apple0_google0_samsung0_tile0__advtag-4c001219fc-4c001219fd-4c001219fe__20260130_081247/scenario_tx-2s_rot-1min.csv,5,TAG_APPLE,25,3600.0,,3598.257891893387,25,4.396911596063193,0.96,0.96,True,True,True,True,6
controlled/HtoW/scenarios_Home_to_work__adv3_apple0_google0_samsung0_tile0__advtag-4c001219fc-4c001219fd-4c001219fe__20260130_081247/scenario_tx-2s_rot-1min.csv,3,TAG_APPLE,9,3600.0,,3356.379830121994,9,2.4131460888877,0.6666666666666666,0.6666666666666666,True,False,True,True,6
controlled/HtoW/scenarios_Home_to_work__adv3_apple0_google0_samsung0_tile0__advtag-4c001219fc-4c001219fd-4c001219fe__20260130_081247/scenario_tx-2s_rot-1min.csv,0,TAG_APPLE,58,3600.0,,3597.0750226974487,58,2.373753609472844,0.9482758620689655,0.9482758620689655,True,True,True,True,6
controlled/HtoW/scenarios_Home_to_work__adv3_apple0_google0_samsung0_tile0__advtag-4c001219fc-4c001219fd-4c001219fe__20260130_081247/scenario_tx-2s_rot-1min.csv,1,TAG_APPLE,15,3600.0,,3407.3156275749207,15,2.0878180541269007,0.7333333333333333,0.7333333333333333,True,True,True,True,6
controlled/HtoW/scenarios_Home_to_work__adv3_apple0_google0_samsung0_tile0__advtag-4c001219fc-4c001219fd-4c001219fe__20260130_081247/scenario_tx-2s_rot-1min.csv,4,TAG_APPLE,14,3600.0,,3156.709220170975,14,1.4782457567541147,0.21428571428571427,0.21428571428571427,True,False,True,True,6
controlled/HtoW/scenarios_Home_to_work__adv3_apple0_google0_samsung0_tile0__advtag-4c001219fc-4c001219fd-4c001219fe__20260130_081247/scenario_tx-2s_rot-1min.csv,3,TAG_APPLE,35,7200.0,,3591.861386060715,35,5.166232093604292,1.0,1.0,True,True,True,True,4
controlled/HtoW/scenarios_Home_to_work__adv3_apple0_google0_samsung0_tile0__advtag-4c001219fc-4c001219fd-4c001219fe__20260130_081247/scenario_tx-2s_rot-1min.csv,0,TAG_APPLE,125,7200.0,,3596.4468154907227,115,3.00500000184822,0.808695652173913,0.8956521739130435,True,True,True,True,4
controlled/HtoW/scenarios_Home_to_work__adv3_apple0_google0_samsung0_tile0__advtag-4c001219fc-4c001219fd-4c001219fe__20260130_081247/scenario_tx-2s_rot-1min.csv,2,TAG_APPLE,33,7200.0,,3549.0402314662933,33,2.3932416919046426,0.0,0.24242424242424243,True,True,True,True,4
controlled/HtoW/scenarios_Home_to_work__adv3_apple0_google0_samsung0_tile0__advtag-4c001219fc-4c001219fd-4c001219fe__20260130_081247/scenario_tx-2s_rot-1min.csv,1,TAG_APPLE,22,7200.0,,3508.2829329967503,16,1.99955098337442,0.6875,0.75,True,True,True,True,4
controlled/HtoW/scenarios_Home_to_work__adv3_apple0_google0_samsung0_tile0__advtag-4c001219fc-4c001219fd-4c001219fe__20260130_081247/scenario_tx-2s_rot-1min.csv,4,TAG_TILE,1,3600.0,,2894.0326144695277,1,0.0,0.0,0.0,True,False,False,False,3
controlled/HtoW/scenarios_Home_to_work__adv3_apple0_google0_samsung0_tile0__advtag-4c001219fc-4c001219fd-4c001219fe__20260130_081247/scenario_tx-2s_rot-1min.csv,5,TAG_TILE,1,3600.0,,277.4696617126465,1,0.0,0.0,1.0,False,False,False,False,3
controlled/HtoW/scenarios_Home_to_work__adv3_apple0_google0_samsung0_tile0__advtag-4c001219fc-4c001219fd-4c001219fe__20260130_081247/scenario_tx-2s_rot-1min.csv,6,TAG_TILE,1,3600.0,,577.9147005081177,1,0.0,0.0,0.0,False,False,False,False,3
controlled/HtoW/scenarios_Home_to_work__adv3_apple0_google0_samsung0_tile0__advtag-4c001219fc-4c001219fd-4c001219fe__20260130_081247/scenario_tx-2s_rot-1min.csv,2,TAG_APPLE,10,3600.0,,652.7444870471954,10,6.666666622222222,1.0,1.0,False,False,True,False,3
controlled/HtoW/scenarios_Home_to_work__adv3_apple0_google0_samsung0_tile0__advtag-4c001219fc-4c001219fd-4c001219fe__20260130_081247/scenario_tx-2s_rot-1min.csv,0,TAG_APPLE,53,3600.0,,775.856436252594,53,2.0913198000299458,0.5094339622641509,0.5094339622641509,False,True,True,False,3
controlled/HtoW/scenarios_Home_to_work__adv3_apple0_google0_samsung0_tile0__advtag-4c001219fc-4c001219fd-4c001219fe__20260130_081247/scenario_tx-2s_rot-1min.csv,1,TAG_APPLE,43,3600.0,,636.8608703613281,43,1.9653474636672796,0.0,0.0,False,True,True,False,3
controlled/HtoW/scenarios_Home_to_work__adv3_apple0_google0_samsung0_tile0__advtag-4c001219fc-4c001219fd-4c001219fe__20260130_081247/scenario_tx-2s_rot-1min.csv,3,TAG_TILE,2,3600.0,,504.30240750312805,2,0.0,0.0,0.0,False,False,False,False,3
controlled/HtoW/scenarios_Home_to_work__adv3_apple0_google0_samsung0_tile0__advtag-4c001219fc-4c001219fd-4c001219fe__20260130_081247/scenario_tx-2s_rot-1min.csv,4,TAG_TILE,1,3600.0,,94.09704542160034,1,0.0,0.0,1.0,False,False,False,False,3
controlled/HtoW/scenarios_Home_to_work__adv3_apple0_google0_samsung0_tile0__advtag-4c001219fc-4c001219fd-4c001219fe__20260130_081247/scenario_tx-2s_rot-1min.csv,5,TAG_TILE,1,3600.0,,0.0,1,0.0,0.0,0.0,False,False,False,False,3
controlled/HtoW/scenarios_Home_to_work__adv3_apple0_google0_samsung0_tile0__advtag-4c001219fc-4c001219fd-4c001219fe__20260130_081247/scenario_tx-2s_rot-5min.csv,2,TAG_APPLE,10,3600.0,,3297.9310419559474,10,6.666666622222222,1.0,1.0,True,False,True,True,3
controlled/HtoW/scenarios_Home_to_work__adv3_apple0_google0_samsung0_tile0__advtag-4c001219fc-4c001219fd-4c001219fe__20260130_081247/scenario_tx-2s_rot-5min.csv,0,TAG_APPLE,39,3600.0,,3599.895208835602,39,3.6723557117799115,0.5128205128205128,0.5128205128205128,True,True,True,True,3
controlled/HtoW/scenarios_Home_to_work__adv3_apple0_google0_samsung0_tile0__advtag-4c001219fc-4c001219fd-4c001219fe__20260130_081247/scenario_tx-2s_rot-5min.csv,1,TAG_APPLE,35,3600.0,,3432.0008063316345,35,1.8815709463560872,0.0,0.0,True,True,True,True,3
controlled/HtoW/scenarios_Home_to_work__adv3_apple0_google0_samsung0_tile0__advtag-4c001219fc-4c001219fd-4c001219fe__20260130_081247/scenario_tx-2s_rot-5min.csv,2,TAG_APPLE,10,7200.0,,3591.861386060715,10,6.666666622222222,1.0,1.0,True,False,True,True,3
controlled/HtoW/scenarios_Home_to_work__adv3_apple0_google0_samsung0_tile0__advtag-4c001219fc-4c001219fd-4c001219fe__20260130_081247/scenario_tx-2s_rot-5min.csv,0,TAG_APPLE,96,7200.0,,3593.8772747516637,93,1.6110326817646836,0.0,0.021505376344086023,True,True,True,True,3
controlled/HtoW/scenarios_Home_to_work__adv3_apple0_google0_samsung0_tile0__advtag-4c001219fc-4c001219fd-4c001219fe__20260130_081247/scenario_tx-2s_rot-5min.csv,1,TAG_APPLE,51,7200.0,,3595.360924243927,41,1.5152433623999308,0.5853658536585366,0.5853658536585366,True,True,True,True,3
controlled/HtoW/scenarios_Home_to_work__adv3_apple0_google0_samsung0_tile0__advtag-4c001219fc-4c001219fd-4c001219fe__20260130_081247/scenario_tx-2s_rot-5min.csv,3,TAG_TILE,1,3600.0,,2894.0326144695277,1,0.0,0.0,0.0,True,False,False,False,3
controlled/HtoW/scenarios_Home_to_work__adv3_apple0_google0_samsung0_tile0__advtag-4c001219fc-4c001219fd-4c001219fe__20260130_081247/scenario_tx-2s_rot-5min.csv,4,TAG_TILE,1,3600.0,,277.4696617126465,1,0.0,0.0,0.0,False,False,False,False,3
controlled/HtoW/scenarios_Home_to_work__adv3_apple0_google0_samsung0_tile0__advtag-4c001219fc-4c001219fd-4c001219fe__20260130_081247/scenario_tx-2s_rot-5min.csv,5,TAG_TILE,1,3600.0,,577.9147005081177,1,0.0,0.0,0.0,False,False,False,False,3
controlled/HtoW/scenarios_Home_to_work__adv3_apple0_google0_samsung0_tile0__advtag-4c001219fc-4c001219fd-4c001219fe__20260130_081247/scenario_tx-2s_rot-5min.csv,2,TAG_APPLE,3,3600.0,,749.1938815116882,3,1.8379408946555078,1.0,1.0,False,False,True,False,3
controlled/HtoW/scenarios_Home_to_work__adv3_apple0_google0_samsung0_tile0__advtag-4c001219fc-4c001219fd-4c001219fe__20260130_081247/scenario_tx-2s_rot-5min.csv,1,TAG_APPLE,47,3600.0,,636.8608703613281,47,1.249289095942768,0.0,0.0,False,True,True,False,3
controlled/HtoW/scenarios_Home_to_work__adv3_apple0_google0_samsung0_tile0__advtag-4c001219fc-4c001219fd-4c001219fe__20260130_081247/scenario_tx-2s_rot-5min.csv,0,TAG_APPLE,38,3600.0,,775.856436252594,38,1.2229572263893542,0.15789473684210525,0.15789473684210525,False,True,True,False,3
controlled/HtoW/scenarios_Home_to_work__adv3_apple0_google0_samsung0_tile0__advtag-4c001219fc-4c001219fd-4c001219fe__20260130_081247/scenario_tx-2s_rot-5min.csv,3,TAG_TILE,2,3600.0,,504.30240750312805,2,0.0,0.0,0.0,False,False,False,False,3
controlled/HtoW/scenarios_Home_to_work__adv3_apple0_google0_samsung0_tile0__advtag-4c001219fc-4c001219fd-4c001219fe__20260130_081247/scenario_tx-2s_rot-5min.csv,4,TAG_TILE,1,3600.0,,94.09704542160034,1,0.0,0.0,0.0,False,False,False,False,3
controlled/HtoW/scenarios_Home_to_work__adv3_apple0_google0_samsung0_tile0__advtag-4c001219fc-4c001219fd-4c001219fe__20260130_081247/scenario_tx-2s_rot-5min.csv,5,TAG_TILE,1,3600.0,,0.0,1,0.0,0.0,0.0,False,False,False,False,3
controlled/HtoW/scenarios_Home_to_work__adv3_apple0_google0_samsung0_tile0__advtag-4c001219fc-4c001219fd-4c001219fe__20260130_081247/scenario_tx-2s_rot-2s.csv,2,TAG_APPLE,63,3600.0,,3597.8768231868744,63,1.2241742530581063,1.0,1.0,True,True,True,True,3
controlled/HtoW/scenarios_Home_to_work__adv3_apple0_google0_samsung0_tile0__advtag-4c001219fc-4c001219fd-4c001219fe__20260130_081247/scenario_tx-2s_rot-2s.csv,1,TAG_APPLE,115,3600.0,,3592.9301614761353,115,0.9508655269827437,1.0,1.0,True,True,False,False,3
controlled/HtoW/scenarios_Home_to_work__adv3_apple0_google0_samsung0_tile0__advtag-4c001219fc-4c001219fd-4c001219fe__20260130_081247/scenario_tx-2s_rot-2s.csv,0,TAG_APPLE,20,3600.0,,3599.8917768001556,20,0.648802246096241,1.0,1.0,True,True,False,False,3
controlled/HtoW/scenarios_Home_to_work__adv3_apple0_google0_samsung0_tile0__advtag-4c001219fc-4c001219fd-4c001219fe__20260130_081247/scenario_tx-2s_rot-2s.csv,2,TAG_APPLE,169,7200.0,,3593.361763715744,165,2.930714197814534,1.0,1.0,True,True,True,True,5
controlled/HtoW/scenarios_Home_to_work__adv3_apple0_google0_samsung0_tile0__advtag-4c001219fc-4c001219fd-4c001219fe__20260130_081247/scenario_tx-2s_rot-2s.csv,3,TAG_APPLE,66,3600.0,,591.0371131896973,66,1.5440452384530776,1.0,1.0,False,True,True,False,5
controlled/HtoW/scenarios_Home_to_work__adv3_apple0_google0_samsung0_tile0__advtag-4c001219fc-4c001219fd-4c001219fe__20260130_081247/scenario_tx-2s_rot-2s.csv,0,TAG_APPLE,51,7200.0,,3589.6322996616364,40,1.4837124321375161,1.0,1.0,True,True,True,True,5
controlled/HtoW/scenarios_Home_to_work__adv3_apple0_google0_samsung0_tile0__advtag-4c001219fc-4c001219fd-4c001219fe__20260130_081247/scenario_tx-2s_rot-2s.csv,1,TAG_APPLE,91,3600.0,,595.137309551239,91,1.0132409039189505,0.989010989010989,1.0,False,True,True,False,5
controlled/HtoW/scenarios_Home_to_work__adv3_apple0_google0_samsung0_tile0__advtag-4c001219fc-4c001219fd-4c001219fe__20260130_081247/scenario_tx-2s_rot-2s.csv,4,TAG_APPLE,11,3600.0,,546.5309603214264,11,0.8133453189055289,1.0,1.0,False,False,False,False,5
controlled/HtoW/scenarios_Home_to_work__adv3_apple0_google0_samsung0_tile0__advtag-4c001219fc-4c001219fd-4c001219fe__20260130_081247/scenario_tx-2s_rot-2s.csv,5,TAG_TILE,1,3600.0,,2894.0326144695277,1,0.0,0.0,1.0,True,False,False,False,3
controlled/HtoW/scenarios_Home_to_work__adv3_apple0_google0_samsung0_tile0__advtag-4c001219fc-4c001219fd-4c001219fe__20260130_081247/scenario_tx-2s_rot-2s.csv,6,TAG_TILE,1,3600.0,,277.4696617126465,1,0.0,0.0,1.0,False,False,False,False,3
controlled/HtoW/scenarios_Home_to_work__adv3_apple0_google0_samsung0_tile0__advtag-4c001219fc-4c001219fd-4c001219fe__20260130_081247/scenario_tx-2s_rot-2s.csv,7,TAG_TILE,1,3600.0,,577.9147005081177,1,0.0,0.0,1.0,False,False,False,False,3
controlled/HtoW/scenarios_Home_to_work__adv3_apple0_google0_samsung0_tile0__advtag-4c001219fc-4c001219fd-4c001219fe__20260130_081247/scenario_tx-2s_rot-2s.csv,1,TAG_APPLE,24,3600.0,,771.0463919639587,24,2.5014364572070416,0.9166666666666666,0.9166666666666666,False,True,True,False,4
controlled/HtoW/scenarios_Home_to_work__adv3_apple0_google0_samsung0_tile0__advtag-4c001219fc-4c001219fd-4c001219fe__20260130_081247/scenario_tx-2s_rot-2s.csv,0,TAG_APPLE,94,3600.0,,774.511554479599,94,1.9316134744473135,0.9787234042553191,0.9787234042553191,False,True,True,False,4
controlled/HtoW/scenarios_Home_to_work__adv3_apple0_google0_samsung0_tile0__advtag-4c001219fc-4c001219fd-4c001219fe__20260130_081247/scenario_tx-2s_rot-2s.csv,3,TAG_APPLE,6,3600.0,,554.708438873291,6,1.5893914554301347,1.0,1.0,False,False,True,False,4
controlled/HtoW/scenarios_Home_to_work__adv3_apple0_google0_samsung0_tile0__advtag-4c001219fc-4c001219fd-4c001219fe__20260130_081247/scenario_tx-2s_rot-2s.csv,2,TAG_APPLE,69,3600.0,,775.8011305332184,69,1.566455066464683,0.9565217391304348,0.9565217391304348,False,True,True,False,4
controlled/HtoW/scenarios_Home_to_work__adv3_apple0_google0_samsung0_tile0__advtag-4c001219fc-4c001219fd-4c001219fe__20260130_081247/scenario_tx-2s_rot-2s.csv,4,TAG_TILE,2,3600.0,,504.30240750312805,2,0.0,0.0,1.0,False,False,False,False,3
controlled/HtoW/scenarios_Home_to_work__adv3_apple0_google0_samsung0_tile0__advtag-4c001219fc-4c001219fd-4c001219fe__20260130_081247/scenario_tx-2s_rot-2s.csv,5,TAG_TILE,1,3600.0,,94.09704542160034,1,0.0,0.0,1.0,False,False,False,False,3
controlled/HtoW/scenarios_Home_to_work__adv3_apple0_google0_samsung0_tile0__advtag-4c001219fc-4c001219fd-4c001219fe__20260130_081247/scenario_tx-2s_rot-2s.csv,6,TAG_TILE,1,3600.0,,0.0,1,0.0,0.0,1.0,False,False,False,False,3
controlled/HtoW/scenarios_Home_to_work__adv4_apple0_google0_samsung0_tile0__advtag-4c001219fc-4c001219fd-4c001219fe-4c001219ff__20260130_081310/scenario_tx-10s_rot-15min.csv,2,TAG_APPLE,4,3600.0,,3598.2555553913116,4,3.247142266511382,1.0,1.0,True,False,True,True,3
controlled/HtoW/scenarios_Home_to_work__adv4_apple0_google0_samsung0_tile0__advtag-4c001219fc-4c001219fd-4c001219fe-4c001219ff__20260130_081310/scenario_tx-10s_rot-15min.csv,0,TAG_APPLE,31,3600.0,,3599.895208835602,31,1.7454590428385537,0.3870967741935484,0.3870967741935484,True,True,True,True,3
controlled/HtoW/scenarios_Home_to_work__adv4_apple0_google0_samsung0_tile0__advtag-4c001219fc-4c001219fd-4c001219fe-4c001219ff__20260130_081310/scenario_tx-10s_rot-15min.csv,1,TAG_APPLE,34,3600.0,,3513.969890356064,34,1.2235112059352853,0.0,0.0,True,True,True,True,3
controlled/HtoW/scenarios_Home_to_work__adv4_apple0_google0_samsung0_tile0__advtag-4c001219fc-4c001219fd-4c001219fe-4c001219ff__20260130_081310/scenario_tx-10s_rot-15min.csv,2,TAG_APPLE,4,7200.0,,3291.0394747257246,4,3.555558611450268,1.0,1.0,True,False,True,True,3
controlled/HtoW/scenarios_Home_to_work__adv4_apple0_google0_samsung0_tile0__advtag-4c001219fc-4c001219fd-4c001219fe-4c001219ff__20260130_081310/scenario_tx-10s_rot-15min.csv,0,TAG_APPLE,64,7200.0,,3597.0526485443115,52,1.1124920664353442,0.3076923076923077,0.3076923076923077,True,True,True,True,3
controlled/HtoW/scenarios_Home_to_work__adv4_apple0_google0_samsung0_tile0__advtag-4c001219fc-4c001219fd-4c001219fe-4c001219ff__20260130_081310/scenario_tx-10s_rot-15min.csv,1,TAG_APPLE,87,7200.0,,3593.361763715744,86,1.0568462791721909,0.0,0.046511627906976744,True,True,True,True,3
controlled/HtoW/scenarios_Home_to_work__adv4_apple0_google0_samsung0_tile0__advtag-4c001219fc-4c001219fd-4c001219fe-4c001219ff__20260130_081310/scenario_tx-10s_rot-15min.csv,3,TAG_TILE,1,3600.0,,2894.0326144695277,1,0.0,0.0,0.0,True,False,False,False,3
controlled/HtoW/scenarios_Home_to_work__adv4_apple0_google0_samsung0_tile0__advtag-4c001219fc-4c001219fd-4c001219fe-4c001219ff__20260130_081310/scenario_tx-10s_rot-15min.csv,4,TAG_TILE,1,3600.0,,277.4696617126465,1,0.0,0.0,0.0,False,False,False,False,3
controlled/HtoW/scenarios_Home_to_work__adv4_apple0_google0_samsung0_tile0__advtag-4c001219fc-4c001219fd-4c001219fe-4c001219ff__20260130_081310/scenario_tx-10s_rot-15min.csv,5,TAG_TILE,1,3600.0,,577.9147005081177,1,0.0,0.0,0.0,False,False,False,False,3
controlled/HtoW/scenarios_Home_to_work__adv4_apple0_google0_samsung0_tile0__advtag-4c001219fc-4c001219fd-4c001219fe-4c001219ff__20260130_081310/scenario_tx-10s_rot-15min.csv,0,TAG_APPLE,34,3600.0,,774.6988780498505,34,1.264426127435435,0.17647058823529413,0.17647058823529413,False,True,True,False,3
controlled/HtoW/scenarios_Home_to_work__adv4_apple0_google0_samsung0_tile0__advtag-4c001219fc-4c001219fd-4c001219fe-4c001219ff__20260130_081310/scenario_tx-10s_rot-15min.csv,1,TAG_APPLE,53,3600.0,,636.8608703613281,53,1.0457883391960923,0.0,0.0,False,True,True,False,3
controlled/HtoW/scenarios_Home_to_work__adv4_apple0_google0_samsung0_tile0__advtag-4c001219fc-4c001219fd-4c001219fe-4c001219ff__20260130_081310/scenario_tx-10s_rot-15min.csv,2,TAG_APPLE,2,3600.0,,749.1938815116882,2,0.0,1.0,1.0,False,False,False,False,3
controlled/HtoW/scenarios_Home_to_work__adv4_apple0_google0_samsung0_tile0__advtag-4c001219fc-4c001219fd-4c001219fe-4c001219ff__20260130_081310/scenario_tx-10s_rot-15min.csv,3,TAG_TILE,2,3600.0,,504.30240750312805,2,0.0,0.0,0.0,False,False,False,False,3
controlled/HtoW/scenarios_Home_to_work__adv4_apple0_google0_samsung0_tile0__advtag-4c001219fc-4c001219fd-4c001219fe-4c001219ff__20260130_081310/scenario_tx-10s_rot-15min.csv,4,TAG_TILE,1,3600.0,,94.09704542160034,1,0.0,0.0,0.0,False,False,False,False,3
controlled/HtoW/scenarios_Home_to_work__adv4_apple0_google0_samsung0_tile0__advtag-4c001219fc-4c001219fd-4c001219fe-4c001219ff__20260130_081310/scenario_tx-10s_rot-15min.csv,5,TAG_TILE,1,3600.0,,0.0,1,0.0,0.0,0.0,False,False,False,False,3
controlled/HtoW/scenarios_Home_to_work__adv3_apple0_google0_samsung0_tile0__advtag-4c001219fc-4c001219fd-4c001219fe__20260130_081247/scenario_tx-2s_rot-30s.csv,2,TAG_APPLE,25,3600.0,,3485.0930778980255,25,4.130225080676523,1.0,1.0,True,True,True,True,3
controlled/HtoW/scenarios_Home_to_work__adv3_apple0_google0_samsung0_tile0__advtag-4c001219fc-4c001219fd-4c001219fe__20260130_081247/scenario_tx-2s_rot-30s.csv,1,TAG_APPLE,21,3600.0,,3599.8894402980804,21,2.4448801527306525,0.8571428571428571,0.8571428571428571,True,True,True,True,3
controlled/HtoW/scenarios_Home_to_work__adv3_apple0_google0_samsung0_tile0__advtag-4c001219fc-4c001219fd-4c001219fe__20260130_081247/scenario_tx-2s_rot-30s.csv,0,TAG_APPLE,135,3600.0,,3598.261323928833,135,1.3112929111999936,0.9777777777777777,0.9777777777777777,True,True,True,True,3
controlled/HtoW/scenarios_Home_to_work__adv3_apple0_google0_samsung0_tile0__advtag-4c001219fc-4c001219fd-4c001219fe__20260130_081247/scenario_tx-2s_rot-30s.csv,1,TAG_APPLE,34,7200.0,,3566.2657375335693,34,4.1688983852483545,1.0,1.0,True,True,True,True,3
controlled/HtoW/scenarios_Home_to_work__adv3_apple0_google0_samsung0_tile0__advtag-4c001219fc-4c001219fd-4c001219fe__20260130_081247/scenario_tx-2s_rot-30s.csv,2,TAG_APPLE,20,7200.0,,3560.9399521350865,15,2.3433404075967217,0.8,0.8666666666666667,True,True,True,True,3
controlled/HtoW/scenarios_Home_to_work__adv3_apple0_google0_samsung0_tile0__advtag-4c001219fc-4c001219fd-4c001219fe__20260130_081247/scenario_tx-2s_rot-30s.csv,0,TAG_APPLE,208,7200.0,,3596.4468154907227,173,1.8689731349135663,0.9190751445086706,0.953757225433526,True,True,True,True,3
controlled/HtoW/scenarios_Home_to_work__adv3_apple0_google0_samsung0_tile0__advtag-4c001219fc-4c001219fd-4c001219fe__20260130_081247/scenario_tx-2s_rot-30s.csv,3,TAG_TILE,1,3600.0,,2894.0326144695277,1,0.0,0.0,1.0,True,False,False,False,3
controlled/HtoW/scenarios_Home_to_work__adv3_apple0_google0_samsung0_tile0__advtag-4c001219fc-4c001219fd-4c001219fe__20260130_081247/scenario_tx-2s_rot-30s.csv,4,TAG_TILE,1,3600.0,,277.4696617126465,1,0.0,0.0,1.0,False,False,False,False,3
controlled/HtoW/scenarios_Home_to_work__adv3_apple0_google0_samsung0_tile0__advtag-4c001219fc-4c001219fd-4c001219fe__20260130_081247/scenario_tx-2s_rot-30s.csv,5,TAG_TILE,1,3600.0,,577.9147005081177,1,0.0,0.0,1.0,False,False,False,False,3
controlled/HtoW/scenarios_Home_to_work__adv3_apple0_google0_samsung0_tile0__advtag-4c001219fc-4c001219fd-4c001219fe__20260130_081247/scenario_tx-2s_rot-30s.csv,2,TAG_APPLE,14,3600.0,,740.9495837688446,14,4.419385192301203,1.0,1.0,False,False,True,False,5
controlled/HtoW/scenarios_Home_to_work__adv3_apple0_google0_samsung0_tile0__advtag-4c001219fc-4c001219fd-4c001219fe__20260130_081247/scenario_tx-2s_rot-30s.csv,3,TAG_APPLE,23,3600.0,,775.856436252594,23,2.827314868905903,0.4782608695652174,0.4782608695652174,False,True,True,False,5
controlled/HtoW/scenarios_Home_to_work__adv3_apple0_google0_samsung0_tile0__advtag-4c001219fc-4c001219fd-4c001219fe__20260130_081247/scenario_tx-2s_rot-30s.csv,0,TAG_APPLE,37,3600.0,,773.3480379581451,37,2.8195158862151457,0.8918918918918919,0.8918918918918919,False,True,True,False,5
controlled/HtoW/scenarios_Home_to_work__adv3_apple0_google0_samsung0_tile0__advtag-4c001219fc-4c001219fd-4c001219fe__20260130_081247/scenario_tx-2s_rot-30s.csv,1,TAG_APPLE,45,3600.0,,637.7765924930573,45,1.9726707705446915,0.17777777777777778,0.17777777777777778,False,True,True,False,5
controlled/HtoW/scenarios_Home_to_work__adv3_apple0_google0_samsung0_tile0__advtag-4c001219fc-4c001219fd-4c001219fe__20260130_081247/scenario_tx-2s_rot-30s.csv,4,TAG_APPLE,2,3600.0,,554.3284294605255,2,0.0,1.0,1.0,False,False,False,False,5
controlled/HtoW/scenarios_Home_to_work__adv3_apple0_google0_samsung0_tile0__advtag-4c001219fc-4c001219fd-4c001219fe__20260130_081247/scenario_tx-2s_rot-30s.csv,5,TAG_TILE,2,3600.0,,504.30240750312805,2,0.0,0.0,1.0,False,False,False,False,3
controlled/HtoW/scenarios_Home_to_work__adv3_apple0_google0_samsung0_tile0__advtag-4c001219fc-4c001219fd-4c001219fe__20260130_081247/scenario_tx-2s_rot-30s.csv,6,TAG_TILE,1,3600.0,,94.09704542160034,1,0.0,0.0,0.0,False,False,False,False,3
controlled/HtoW/scenarios_Home_to_work__adv3_apple0_google0_samsung0_tile0__advtag-4c001219fc-4c001219fd-4c001219fe__20260130_081247/scenario_tx-2s_rot-30s.csv,7,TAG_TILE,1,3600.0,,0.0,1,0.0,0.0,0.0,False,False,False,False,3
controlled/HtoW/scenarios_Home_to_work__adv4_apple0_google0_samsung0_tile0__advtag-4c001219fc-4c001219fd-4c001219fe-4c001219ff__20260130_081310/scenario_tx-15s_rot-15min.csv,2,TAG_APPLE,3,3600.0,,3588.1325721740723,3,2.4525059472925603,1.0,1.0,True,False,True,True,3
controlled/HtoW/scenarios_Home_to_work__adv4_apple0_google0_samsung0_tile0__advtag-4c001219fc-4c001219fd-4c001219fe-4c001219ff__20260130_081310/scenario_tx-15s_rot-15min.csv,0,TAG_APPLE,30,3600.0,,3599.895208835602,30,1.4606810650505668,0.36666666666666664,0.36666666666666664,True,True,True,True,3
controlled/HtoW/scenarios_Home_to_work__adv4_apple0_google0_samsung0_tile0__advtag-4c001219fc-4c001219fd-4c001219fe-4c001219ff__20260130_081310/scenario_tx-15s_rot-15min.csv,1,TAG_APPLE,36,3600.0,,3513.969890356064,36,1.1757201921098794,0.027777777777777776,0.027777777777777776,True,True,True,True,3
controlled/HtoW/scenarios_Home_to_work__adv4_apple0_google0_samsung0_tile0__advtag-4c001219fc-4c001219fd-4c001219fe-4c001219ff__20260130_081310/scenario_tx-15s_rot-15min.csv,2,TAG_APPLE,5,7200.0,,3579.445692062378,5,3.683669013487619,1.0,1.0,True,False,True,True,3
controlled/HtoW/scenarios_Home_to_work__adv4_apple0_google0_samsung0_tile0__advtag-4c001219fc-4c001219fd-4c001219fe-4c001219ff__20260130_081310/scenario_tx-15s_rot-15min.csv,0,TAG_APPLE,96,7200.0,,3593.361763715744,95,1.3269134410232606,0.021052631578947368,0.05263157894736842,True,True,True,True,3
controlled/HtoW/scenarios_Home_to_work__adv4_apple0_google0_samsung0_tile0__advtag-4c001219fc-4c001219fd-4c001219fe-4c001219ff__20260130_081310/scenario_tx-15s_rot-15min.csv,1,TAG_APPLE,53,7200.0,,3587.2685322761536,42,1.0893008144731309,0.30952380952380953,0.30952380952380953,True,True,True,True,3
controlled/HtoW/scenarios_Home_to_work__adv4_apple0_google0_samsung0_tile0__advtag-4c001219fc-4c001219fd-4c001219fe-4c001219ff__20260130_081310/scenario_tx-15s_rot-15min.csv,3,TAG_TILE,1,3600.0,,2894.0326144695277,1,0.0,0.0,0.0,True,False,False,False,3
controlled/HtoW/scenarios_Home_to_work__adv4_apple0_google0_samsung0_tile0__advtag-4c001219fc-4c001219fd-4c001219fe-4c001219ff__20260130_081310/scenario_tx-15s_rot-15min.csv,4,TAG_TILE,1,3600.0,,277.4696617126465,1,0.0,0.0,0.0,False,False,False,False,3
controlled/HtoW/scenarios_Home_to_work__adv4_apple0_google0_samsung0_tile0__advtag-4c001219fc-4c001219fd-4c001219fe-4c001219ff__20260130_081310/scenario_tx-15s_rot-15min.csv,5,TAG_TILE,1,3600.0,,577.9147005081177,1,0.0,0.0,0.0,False,False,False,False,3
controlled/HtoW/scenarios_Home_to_work__adv4_apple0_google0_samsung0_tile0__advtag-4c001219fc-4c001219fd-4c001219fe-4c001219ff__20260130_081310/scenario_tx-15s_rot-15min.csv,0,TAG_APPLE,34,3600.0,,775.856436252594,34,1.3759613685987506,0.17647058823529413,0.17647058823529413,False,True,True,False,3
controlled/HtoW/scenarios_Home_to_work__adv4_apple0_google0_samsung0_tile0__advtag-4c001219fc-4c001219fd-4c001219fe-4c001219ff__20260130_081310/scenario_tx-15s_rot-15min.csv,1,TAG_APPLE,54,3600.0,,636.8608703613281,54,1.1629863013441584,0.0,0.0,False,True,True,False,3
controlled/HtoW/scenarios_Home_to_work__adv4_apple0_google0_samsung0_tile0__advtag-4c001219fc-4c001219fd-4c001219fe-4c001219ff__20260130_081310/scenario_tx-15s_rot-15min.csv,2,TAG_APPLE,2,3600.0,,738.876148223877,2,0.0,1.0,1.0,False,False,False,False,3
controlled/HtoW/scenarios_Home_to_work__adv4_apple0_google0_samsung0_tile0__advtag-4c001219fc-4c001219fd-4c001219fe-4c001219ff__20260130_081310/scenario_tx-15s_rot-15min.csv,3,TAG_TILE,2,3600.0,,504.30240750312805,2,0.0,0.0,0.0,False,False,False,False,3
controlled/HtoW/scenarios_Home_to_work__adv4_apple0_google0_samsung0_tile0__advtag-4c001219fc-4c001219fd-4c001219fe-4c001219ff__20260130_081310/scenario_tx-15s_rot-15min.csv,4,TAG_TILE,1,3600.0,,94.09704542160034,1,0.0,0.0,0.0,False,False,False,False,3
controlled/HtoW/scenarios_Home_to_work__adv4_apple0_google0_samsung0_tile0__advtag-4c001219fc-4c001219fd-4c001219fe-4c001219ff__20260130_081310/scenario_tx-15s_rot-15min.csv,5,TAG_TILE,1,3600.0,,0.0,1,0.0,0.0,0.0,False,False,False,False,3
controlled/HtoW/scenarios_Home_to_work__adv4_apple0_google0_samsung0_tile0__advtag-4c001219fc-4c001219fd-4c001219fe-4c001219ff__20260130_081310/scenario_tx-10s_rot-5min.csv,2,TAG_APPLE,6,3600.0,,3598.2555553913116,6,3.5038818036342807,1.0,1.0,True,False,True,True,5
controlled/HtoW/scenarios_Home_to_work__adv4_apple0_google0_samsung0_tile0__advtag-4c001219fc-4c001219fd-4c001219fe-4c001219ff__20260130_081310/scenario_tx-10s_rot-5min.csv,4,TAG_APPLE,6,3600.0,,2739.5463399887085,6,3.390959550002511,0.8333333333333334,0.8333333333333334,True,False,True,True,5
controlled/HtoW/scenarios_Home_to_work__adv4_apple0_google0_samsung0_tile0__advtag-4c001219fc-4c001219fd-4c001219fe-4c001219ff__20260130_081310/scenario_tx-10s_rot-5min.csv,0,TAG_APPLE,34,3600.0,,3599.895208835602,34,1.9041688524998917,0.7058823529411765,0.7058823529411765,True,True,True,True,5
controlled/HtoW/scenarios_Home_to_work__adv4_apple0_google0_samsung0_tile0__advtag-4c001219fc-4c001219fd-4c001219fe-4c001219ff__20260130_081310/scenario_tx-10s_rot-5min.csv,3,TAG_APPLE,9,3600.0,,1138.3692042827602,9,1.7621051344632328,0.1111111111111111,0.1111111111111111,False,False,True,False,5
controlled/HtoW/scenarios_Home_to_work__adv4_apple0_google0_samsung0_tile0__advtag-4c001219fc-4c001219fd-4c001219fe-4c001219ff__20260130_081310/scenario_tx-10s_rot-5min.csv,1,TAG_APPLE,33,3600.0,,3513.969890356064,33,1.3176370396282782,0.06060606060606061,0.06060606060606061,True,True,True,True,5
controlled/HtoW/scenarios_Home_to_work__adv4_apple0_google0_samsung0_tile0__advtag-4c001219fc-4c001219fd-4c001219fe-4c001219ff__20260130_081310/scenario_tx-10s_rot-5min.csv,2,TAG_APPLE,7,7200.0,,3585.7611539363866,7,4.329688019394305,1.0,1.0,True,False,True,True,3
controlled/HtoW/scenarios_Home_to_work__adv4_apple0_google0_samsung0_tile0__advtag-4c001219fc-4c001219fd-4c001219fe-4c001219ff__20260130_081310/scenario_tx-10s_rot-5min.csv,0,TAG_APPLE,99,7200.0,,3597.0526485443115,81,1.491025962839965,0.4691358024691358,0.48148148148148145,True,True,True,True,3
controlled/HtoW/scenarios_Home_to_work__adv4_apple0_google0_samsung0_tile0__advtag-4c001219fc-4c001219fd-4c001219fe-4c001219ff__20260130_081310/scenario_tx-10s_rot-5min.csv,1,TAG_APPLE,55,7200.0,,3550.8579347133636,55,1.0213113161882996,0.0,0.01818181818181818,True,True,True,True,3
controlled/HtoW/scenarios_Home_to_work__adv4_apple0_google0_samsung0_tile0__advtag-4c001219fc-4c001219fd-4c001219fe-4c001219ff__20260130_081310/scenario_tx-10s_rot-5min.csv,3,TAG_TILE,1,3600.0,,2894.0326144695277,1,0.0,0.0,0.0,True,False,False,False,3
controlled/HtoW/scenarios_Home_to_work__adv4_apple0_google0_samsung0_tile0__advtag-4c001219fc-4c001219fd-4c001219fe-4c001219ff__20260130_081310/scenario_tx-10s_rot-5min.csv,4,TAG_TILE,1,3600.0,,277.4696617126465,1,0.0,0.0,0.0,False,False,False,False,3
controlled/HtoW/scenarios_Home_to_work__adv4_apple0_google0_samsung0_tile0__advtag-4c001219fc-4c001219fd-4c001219fe-4c001219ff__20260130_081310/scenario_tx-10s_rot-5min.csv,5,TAG_TILE,1,3600.0,,577.9147005081177,1,0.0,0.0,0.0,False,False,False,False,3
controlled/HtoW/scenarios_Home_to_work__adv4_apple0_google0_samsung0_tile0__advtag-4c001219fc-4c001219fd-4c001219fe-4c001219ff__20260130_081310/scenario_tx-10s_rot-5min.csv,1,TAG_APPLE,31,3600.0,,774.6988780498505,31,1.418517698442701,0.2903225806451613,0.2903225806451613,False,True,True,False,3
controlled/HtoW/scenarios_Home_to_work__adv4_apple0_google0_samsung0_tile0__advtag-4c001219fc-4c001219fd-4c001219fe-4c001219ff__20260130_081310/scenario_tx-10s_rot-5min.csv,0,TAG_APPLE,61,3600.0,,639.0771877765656,61,1.1820489147869986,0.01639344262295082,0.01639344262295082,False,True,True,False,3
controlled/HtoW/scenarios_Home_to_work__adv4_apple0_google0_samsung0_tile0__advtag-4c001219fc-4c001219fd-4c001219fe-4c001219ff__20260130_081310/scenario_tx-10s_rot-5min.csv,2,TAG_APPLE,2,3600.0,,447.17238569259644,2,0.0,1.0,1.0,False,False,False,False,3
controlled/HtoW/scenarios_Home_to_work__adv4_apple0_google0_samsung0_tile0__advtag-4c001219fc-4c001219fd-4c001219fe-4c001219ff__20260130_081310/scenario_tx-10s_rot-5min.csv,3,TAG_TILE,2,3600.0,,504.30240750312805,2,0.0,0.0,0.0,False,False,False,False,3
controlled/HtoW/scenarios_Home_to_work__adv4_apple0_google0_samsung0_tile0__advtag-4c001219fc-4c001219fd-4c001219fe-4c001219ff__20260130_081310/scenario_tx-10s_rot-5min.csv,4,TAG_TILE,1,3600.0,,94.09704542160034,1,0.0,0.0,0.0,False,False,False,False,3
controlled/HtoW/scenarios_Home_to_work__adv4_apple0_google0_samsung0_tile0__advtag-4c001219fc-4c001219fd-4c001219fe-4c001219ff__20260130_081310/scenario_tx-10s_rot-5min.csv,5,TAG_TILE,1,3600.0,,0.0,1,0.0,0.0,1.0,False,False,False,False,3
controlled/HtoW/scenarios_Home_to_work__adv4_apple0_google0_samsung0_tile0__advtag-4c001219fc-4c001219fd-4c001219fe-4c001219ff__20260130_081310/scenario_tx-15s_rot-5min.csv,4,TAG_APPLE,21,3600.0,,3595.8053538799286,21,3.8965085565151107,0.8095238095238095,0.8095238095238095,True,True,True,True,7
controlled/HtoW/scenarios_Home_to_work__adv4_apple0_google0_samsung0_tile0__advtag-4c001219fc-4c001219fd-4c001219fe-4c001219ff__20260130_081310/scenario_tx-15s_rot-5min.csv,5,TAG_APPLE,8,3600.0,,3591.8911485672,8,3.6061131441727796,1.0,1.0,True,False,True,True,7
controlled/HtoW/scenarios_Home_to_work__adv4_apple0_google0_samsung0_tile0__advtag-4c001219fc-4c001219fd-4c001219fe-4c001219ff__20260130_081310/scenario_tx-15s_rot-5min.csv,2,TAG_APPLE,8,3600.0,,3588.1325721740723,8,3.603219986855425,1.0,1.0,True,False,True,True,7
controlled/HtoW/scenarios_Home_to_work__adv4_apple0_google0_samsung0_tile0__advtag-4c001219fc-4c001219fd-4c001219fe-4c001219ff__20260130_081310/scenario_tx-15s_rot-5min.csv,3,TAG_APPLE,11,3600.0,,2396.7732107639313,11,1.9217267566721534,0.18181818181818182,0.18181818181818182,True,False,True,True,7
controlled/HtoW/scenarios_Home_to_work__adv4_apple0_google0_samsung0_tile0__advtag-4c001219fc-4c001219fd-4c001219fe-4c001219ff__20260130_081310/scenario_tx-15s_rot-5min.csv,1,TAG_APPLE,9,3600.0,,2981.669843196869,9,1.8131551891619528,0.1111111111111111,0.1111111111111111,True,False,True,True,7
controlled/HtoW/scenarios_Home_to_work__adv4_apple0_google0_samsung0_tile0__advtag-4c001219fc-4c001219fd-4c001219fe-4c001219ff__20260130_081310/scenario_tx-15s_rot-5min.csv,0,TAG_APPLE,31,3600.0,,3513.969890356064,31,1.3462894325560557,0.06451612903225806,0.06451612903225806,True,True,True,True,7
controlled/HtoW/scenarios_Home_to_work__adv4_apple0_google0_samsung0_tile0__advtag-4c001219fc-4c001219fd-4c001219fe-4c001219ff__20260130_081310/scenario_tx-15s_rot-5min.csv,6,TAG_APPLE,3,3600.0,,2773.326910972596,3,1.245160892165795,1.0,1.0,True,False,True,True,7
controlled/HtoW/scenarios_Home_to_work__adv4_apple0_google0_samsung0_tile0__advtag-4c001219fc-4c001219fd-4c001219fe-4c001219ff__20260130_081310/scenario_tx-15s_rot-5min.csv,0,TAG_APPLE,96,7200.0,,3594.209618330002,82,1.492053960007632,0.45121951219512196,0.47560975609756095,True,True,True,True,3
controlled/HtoW/scenarios_Home_to_work__adv4_apple0_google0_samsung0_tile0__advtag-4c001219fc-4c001219fd-4c001219fe-4c001219ff__20260130_081310/scenario_tx-15s_rot-5min.csv,1,TAG_APPLE,60,7200.0,,3550.8579347133636,60,1.3283207508602284,0.0,0.13333333333333333,True,True,True,True,3
controlled/HtoW/scenarios_Home_to_work__adv4_apple0_google0_samsung0_tile0__advtag-4c001219fc-4c001219fd-4c001219fe-4c001219ff__20260130_081310/scenario_tx-15s_rot-5min.csv,2,TAG_APPLE,10,7200.0,,3579.445692062378,10,1.1561785831806088,1.0,1.0,True,False,True,True,3
controlled/HtoW/scenarios_Home_to_work__adv4_apple0_google0_samsung0_tile0__advtag-4c001219fc-4c001219fd-4c001219fe-4c001219ff__20260130_081310/scenario_tx-15s_rot-5min.csv,3,TAG_TILE,1,3600.0,,2894.0326144695277,1,0.0,0.0,0.0,True,False,False,False,3
controlled/HtoW/scenarios_Home_to_work__adv4_apple0_google0_samsung0_tile0__advtag-4c001219fc-4c001219fd-4c001219fe-4c001219ff__20260130_081310/scenario_tx-15s_rot-5min.csv,4,TAG_TILE,1,3600.0,,277.4696617126465,1,0.0,0.0,0.0,False,False,False,False,3
controlled/HtoW/scenarios_Home_to_work__adv4_apple0_google0_samsung0_tile0__advtag-4c001219fc-4c001219fd-4c001219fe-4c001219ff__20260130_081310/scenario_tx-15s_rot-5min.csv,5,TAG_TILE,1,3600.0,,577.9147005081177,1,0.0,0.0,0.0,False,False,False,False,3
controlled/HtoW/scenarios_Home_to_work__adv4_apple0_google0_samsung0_tile0__advtag-4c001219fc-4c001219fd-4c001219fe-4c001219ff__20260130_081310/scenario_tx-15s_rot-5min.csv,0,TAG_APPLE,38,3600.0,,775.856436252594,38,1.4860442456112986,0.23684210526315788,0.23684210526315788,False,True,True,False,3
controlled/HtoW/scenarios_Home_to_work__adv4_apple0_google0_samsung0_tile0__advtag-4c001219fc-4c001219fd-4c001219fe-4c001219ff__20260130_081310/scenario_tx-15s_rot-5min.csv,1,TAG_APPLE,52,3600.0,,636.8608703613281,52,1.2564563749385407,0.0,0.0,False,True,True,False,3
controlled/HtoW/scenarios_Home_to_work__adv4_apple0_google0_samsung0_tile0__advtag-4c001219fc-4c001219fd-4c001219fe-4c001219ff__20260130_081310/scenario_tx-15s_rot-5min.csv,2,TAG_APPLE,3,3600.0,,738.876148223877,3,0.7518609112629862,1.0,1.0,False,False,False,False,3
controlled/HtoW/scenarios_Home_to_work__adv4_apple0_google0_samsung0_tile0__advtag-4c001219fc-4c001219fd-4c001219fe-4c001219ff__20260130_081310/scenario_tx-15s_rot-5min.csv,3,TAG_TILE,2,3600.0,,504.30240750312805,2,0.0,0.0,0.0,False,False,False,False,3
controlled/HtoW/scenarios_Home_to_work__adv4_apple0_google0_samsung0_tile0__advtag-4c001219fc-4c001219fd-4c001219fe-4c001219ff__20260130_081310/scenario_tx-15s_rot-5min.csv,4,TAG_TILE,1,3600.0,,94.09704542160034,1,0.0,0.0,0.0,False,False,False,False,3
controlled/HtoW/scenarios_Home_to_work__adv4_apple0_google0_samsung0_tile0__advtag-4c001219fc-4c001219fd-4c001219fe-4c001219ff__20260130_081310/scenario_tx-15s_rot-5min.csv,5,TAG_TILE,1,3600.0,,0.0,1,0.0,0.0,0.0,False,False,False,False,3
controlled/HtoW/scenarios_Home_to_work__adv3_apple0_google0_samsung0_tile0__advtag-4c001219fc-4c001219fd-4c001219fe__20260130_081247/scenario_tx-30s_rot-30s.csv,1,TAG_APPLE,20,3600.0,,3567.934815645218,20,2.138068664645333,0.75,0.75,True,True,True,True,3
controlled/HtoW/scenarios_Home_to_work__adv3_apple0_google0_samsung0_tile0__advtag-4c001219fc-4c001219fd-4c001219fe__20260130_081247/scenario_tx-30s_rot-30s.csv,2,TAG_APPLE,17,3600.0,,3055.4571146965027,17,1.9129392188186083,1.0,1.0,True,True,True,True,3
controlled/HtoW/scenarios_Home_to_work__adv3_apple0_google0_samsung0_tile0__advtag-4c001219fc-4c001219fd-4c001219fe__20260130_081247/scenario_tx-30s_rot-30s.csv,0,TAG_APPLE,136,3600.0,,3597.0750226974487,136,1.389296610959923,0.9558823529411765,0.9558823529411765,True,True,True,True,3
controlled/HtoW/scenarios_Home_to_work__adv3_apple0_google0_samsung0_tile0__advtag-4c001219fc-4c001219fd-4c001219fe__20260130_081247/scenario_tx-30s_rot-30s.csv,2,TAG_APPLE,21,7200.0,,3429.455460786819,21,3.5603694888894575,1.0,1.0,True,True,True,True,3
controlled/HtoW/scenarios_Home_to_work__adv3_apple0_google0_samsung0_tile0__advtag-4c001219fc-4c001219fd-4c001219fe__20260130_081247/scenario_tx-30s_rot-30s.csv,1,TAG_APPLE,42,7200.0,,3518.3508372306824,31,1.8696598793301304,0.8387096774193549,0.967741935483871,True,True,True,True,3
controlled/HtoW/scenarios_Home_to_work__adv3_apple0_google0_samsung0_tile0__advtag-4c001219fc-4c001219fd-4c001219fe__20260130_081247/scenario_tx-30s_rot-30s.csv,0,TAG_APPLE,190,7200.0,,3593.8938233852386,165,1.4220109950870243,0.9151515151515152,0.9333333333333333,True,True,True,True,3
controlled/HtoW/scenarios_Home_to_work__adv3_apple0_google0_samsung0_tile0__advtag-4c001219fc-4c001219fd-4c001219fe__20260130_081247/scenario_tx-30s_rot-30s.csv,3,TAG_TILE,1,3600.0,,2894.0326144695277,1,0.0,0.0,1.0,True,False,False,False,3
controlled/HtoW/scenarios_Home_to_work__adv3_apple0_google0_samsung0_tile0__advtag-4c001219fc-4c001219fd-4c001219fe__20260130_081247/scenario_tx-30s_rot-30s.csv,4,TAG_TILE,1,3600.0,,277.4696617126465,1,0.0,0.0,1.0,False,False,False,False,3
controlled/HtoW/scenarios_Home_to_work__adv3_apple0_google0_samsung0_tile0__advtag-4c001219fc-4c001219fd-4c001219fe__20260130_081247/scenario_tx-30s_rot-30s.csv,5,TAG_TILE,1,3600.0,,577.9147005081177,1,0.0,0.0,1.0,False,False,False,False,3
controlled/HtoW/scenarios_Home_to_work__adv3_apple0_google0_samsung0_tile0__advtag-4c001219fc-4c001219fd-4c001219fe__20260130_081247/scenario_tx-30s_rot-30s.csv,1,TAG_APPLE,24,3600.0,,771.0463919639587,24,2.6643039667257242,0.2916666666666667,0.2916666666666667,False,True,True,False,3
controlled/HtoW/scenarios_Home_to_work__adv3_apple0_google0_samsung0_tile0__advtag-4c001219fc-4c001219fd-4c001219fe__20260130_081247/scenario_tx-30s_rot-30s.csv,2,TAG_APPLE,12,3600.0,,685.7263219356537,12,2.026497501963949,1.0,1.0,False,False,True,False,3
controlled/HtoW/scenarios_Home_to_work__adv3_apple0_google0_samsung0_tile0__advtag-4c001219fc-4c001219fd-4c001219fe__20260130_081247/scenario_tx-30s_rot-30s.csv,0,TAG_APPLE,87,3600.0,,770.4468657970428,87,1.8854875417620138,0.4942528735632184,0.4942528735632184,False,True,True,False,3
controlled/HtoW/scenarios_Home_to_work__adv3_apple0_google0_samsung0_tile0__advtag-4c001219fc-4c001219fd-4c001219fe__20260130_081247/scenario_tx-30s_rot-30s.csv,3,TAG_TILE,2,3600.0,,504.30240750312805,2,0.0,0.0,0.5,False,False,False,False,3
controlled/HtoW/scenarios_Home_to_work__adv3_apple0_google0_samsung0_tile0__advtag-4c001219fc-4c001219fd-4c001219fe__20260130_081247/scenario_tx-30s_rot-30s.csv,4,TAG_TILE,1,3600.0,,94.09704542160034,1,0.0,0.0,1.0,False,False,False,False,3
controlled/HtoW/scenarios_Home_to_work__adv3_apple0_google0_samsung0_tile0__advtag-4c001219fc-4c001219fd-4c001219fe__20260130_081247/scenario_tx-30s_rot-30s.csv,5,TAG_TILE,1,3600.0,,0.0,1,0.0,0.0,1.0,False,False,False,False,3
controlled/HtoW/scenarios_Home_to_work__adv3_apple0_google0_samsung0_tile0__advtag-4c001219fc-4c001219fd-4c001219fe__20260130_081247/scenario_tx-30s_rot-1min.csv,1,TAG_APPLE,20,3600.0,,3228.543029308319,20,2.4784299322469012,0.45,0.45,True,True,True,True,3
controlled/HtoW/scenarios_Home_to_work__adv3_apple0_google0_samsung0_tile0__advtag-4c001219fc-4c001219fd-4c001219fe__20260130_081247/scenario_tx-30s_rot-1min.csv,2,TAG_APPLE,77,3600.0,,3597.0750226974487,77,2.390169207885282,0.8441558441558441,0.8441558441558441,True,True,True,True,3
controlled/HtoW/scenarios_Home_to_work__adv3_apple0_google0_samsung0_tile0__advtag-4c001219fc-4c001219fd-4c001219fe__20260130_081247/scenario_tx-30s_rot-1min.csv,0,TAG_APPLE,46,3600.0,,3592.2188951969147,46,1.370402185809421,1.0,1.0,True,True,True,True,3
controlled/HtoW/scenarios_Home_to_work__adv3_apple0_google0_samsung0_tile0__advtag-4c001219fc-4c001219fd-4c001219fe__20260130_081247/scenario_tx-30s_rot-1min.csv,1,TAG_APPLE,59,7200.0,,3518.664603471756,47,1.8558780437640936,0.5957446808510638,0.6595744680851063,True,True,True,True,3
controlled/HtoW/scenarios_Home_to_work__adv3_apple0_google0_samsung0_tile0__advtag-4c001219fc-4c001219fd-4c001219fe__20260130_081247/scenario_tx-30s_rot-1min.csv,2,TAG_APPLE,112,7200.0,,3592.0761201381683,105,1.7800605716332065,0.6952380952380952,0.7523809523809524,True,True,True,True,3
controlled/HtoW/scenarios_Home_to_work__adv3_apple0_google0_samsung0_tile0__advtag-4c001219fc-4c001219fd-4c001219fe__20260130_081247/scenario_tx-30s_rot-1min.csv,0,TAG_APPLE,48,7200.0,,3572.40242934227,48,1.0081346020287472,0.9791666666666666,1.0,True,True,True,True,3
controlled/HtoW/scenarios_Home_to_work__adv3_apple0_google0_samsung0_tile0__advtag-4c001219fc-4c001219fd-4c001219fe__20260130_081247/scenario_tx-30s_rot-1min.csv,3,TAG_TILE,1,3600.0,,2894.0326144695277,1,0.0,0.0,1.0,True,False,False,False,3
controlled/HtoW/scenarios_Home_to_work__adv3_apple0_google0_samsung0_tile0__advtag-4c001219fc-4c001219fd-4c001219fe__20260130_081247/scenario_tx-30s_rot-1min.csv,4,TAG_TILE,1,3600.0,,277.4696617126465,1,0.0,0.0,0.0,False,False,False,False,3
controlled/HtoW/scenarios_Home_to_work__adv3_apple0_google0_samsung0_tile0__advtag-4c001219fc-4c001219fd-4c001219fe__20260130_081247/scenario_tx-30s_rot-1min.csv,5,TAG_TILE,1,3600.0,,577.9147005081177,1,0.0,0.0,1.0,False,False,False,False,3
controlled/HtoW/scenarios_Home_to_work__adv3_apple0_google0_samsung0_tile0__advtag-4c001219fc-4c001219fd-4c001219fe__20260130_081247/scenario_tx-30s_rot-1min.csv,1,TAG_APPLE,23,3600.0,,771.0463919639587,23,2.043186992379516,0.17391304347826086,0.17391304347826086,False,True,True,False,3
controlled/HtoW/scenarios_Home_to_work__adv3_apple0_google0_samsung0_tile0__advtag-4c001219fc-4c001219fd-4c001219fe__20260130_081247/scenario_tx-30s_rot-1min.csv,0,TAG_APPLE,74,3600.0,,770.4468657970428,74,1.350634873263146,0.35135135135135137,0.35135135135135137,False,True,True,False,3
controlled/HtoW/scenarios_Home_to_work__adv3_apple0_google0_samsung0_tile0__advtag-4c001219fc-4c001219fd-4c001219fe__20260130_081247/scenario_tx-30s_rot-1min.csv,2,TAG_APPLE,8,3600.0,,652.4035203456879,8,1.0857060515238683,1.0,1.0,False,False,True,False,3
controlled/HtoW/scenarios_Home_to_work__adv3_apple0_google0_samsung0_tile0__advtag-4c001219fc-4c001219fd-4c001219fe__20260130_081247/scenario_tx-30s_rot-1min.csv,3,TAG_TILE,2,3600.0,,504.30240750312805,2,0.0,0.0,0.0,False,False,False,False,3
controlled/HtoW/scenarios_Home_to_work__adv3_apple0_google0_samsung0_tile0__advtag-4c001219fc-4c001219fd-4c001219fe__20260130_081247/scenario_tx-30s_rot-1min.csv,4,TAG_TILE,1,3600.0,,94.09704542160034,1,0.0,0.0,1.0,False,False,False,False,3
controlled/HtoW/scenarios_Home_to_work__adv3_apple0_google0_samsung0_tile0__advtag-4c001219fc-4c001219fd-4c001219fe__20260130_081247/scenario_tx-30s_rot-1min.csv,5,TAG_TILE,1,3600.0,,0.0,1,0.0,0.0,0.0,False,False,False,False,3
controlled/HtoW/scenarios_Home_to_work__adv4_apple0_google0_samsung0_tile0__advtag-4c001219fc-4c001219fd-4c001219fe-4c001219ff__20260130_081310/scenario_tx-1min_rot-15min.csv,2,TAG_APPLE,4,3600.0,,3572.5082743167877,4,2.172776698781805,1.0,1.0,True,False,True,True,3
controlled/HtoW/scenarios_Home_to_work__adv4_apple0_google0_samsung0_tile0__advtag-4c001219fc-4c001219fd-4c001219fe-4c001219ff__20260130_081310/scenario_tx-1min_rot-15min.csv,1,TAG_APPLE,20,3600.0,,3598.9700033664703,20,1.5269164354125642,0.05,0.05,True,True,True,True,3
controlled/HtoW/scenarios_Home_to_work__adv4_apple0_google0_samsung0_tile0__advtag-4c001219fc-4c001219fd-4c001219fe-4c001219ff__20260130_081310/scenario_tx-1min_rot-15min.csv,0,TAG_APPLE,46,3600.0,,3597.0750226974487,46,1.1846672438901118,0.2391304347826087,0.2391304347826087,True,True,True,True,3
controlled/HtoW/scenarios_Home_to_work__adv4_apple0_google0_samsung0_tile0__advtag-4c001219fc-4c001219fd-4c001219fe-4c001219ff__20260130_081310/scenario_tx-1min_rot-15min.csv,2,TAG_APPLE,5,7200.0,,3536.821340560913,5,1.6508663165132893,1.0,1.0,True,False,True,True,3
controlled/HtoW/scenarios_Home_to_work__adv4_apple0_google0_samsung0_tile0__advtag-4c001219fc-4c001219fd-4c001219fe-4c001219ff__20260130_081310/scenario_tx-1min_rot-15min.csv,0,TAG_APPLE,63,7200.0,,3551.050879716873,49,1.0459016327677906,0.2653061224489796,0.2653061224489796,True,True,True,True,3
controlled/HtoW/scenarios_Home_to_work__adv4_apple0_google0_samsung0_tile0__advtag-4c001219fc-4c001219fd-4c001219fe-4c001219ff__20260130_081310/scenario_tx-1min_rot-15min.csv,1,TAG_APPLE,83,7200.0,,3593.361763715744,81,1.022181943017047,0.012345679012345678,0.04938271604938271,True,True,True,True,3
controlled/HtoW/scenarios_Home_to_work__adv4_apple0_google0_samsung0_tile0__advtag-4c001219fc-4c001219fd-4c001219fe-4c001219ff__20260130_081310/scenario_tx-1min_rot-15min.csv,3,TAG_TILE,1,3600.0,,2894.0326144695277,1,0.0,0.0,0.0,True,False,False,False,3
controlled/HtoW/scenarios_Home_to_work__adv4_apple0_google0_samsung0_tile0__advtag-4c001219fc-4c001219fd-4c001219fe-4c001219ff__20260130_081310/scenario_tx-1min_rot-15min.csv,4,TAG_TILE,1,3600.0,,277.4696617126465,1,0.0,0.0,0.0,False,False,False,False,3
controlled/HtoW/scenarios_Home_to_work__adv4_apple0_google0_samsung0_tile0__advtag-4c001219fc-4c001219fd-4c001219fe-4c001219ff__20260130_081310/scenario_tx-1min_rot-15min.csv,5,TAG_TILE,1,3600.0,,577.9147005081177,1,0.0,0.0,0.0,False,False,False,False,3
controlled/HtoW/scenarios_Home_to_work__adv4_apple0_google0_samsung0_tile0__advtag-4c001219fc-4c001219fd-4c001219fe-4c001219ff__20260130_081310/scenario_tx-1min_rot-15min.csv,0,TAG_APPLE,33,3600.0,,771.0463919639587,33,1.2011935288779054,0.18181818181818182,0.18181818181818182,False,True,True,False,3
controlled/HtoW/scenarios_Home_to_work__adv4_apple0_google0_samsung0_tile0__advtag-4c001219fc-4c001219fd-4c001219fe-4c001219ff__20260130_081310/scenario_tx-1min_rot-15min.csv,1,TAG_APPLE,55,3600.0,,713.2570521831512,55,1.0024805201714242,0.01818181818181818,0.01818181818181818,False,True,True,False,3
controlled/HtoW/scenarios_Home_to_work__adv4_apple0_google0_samsung0_tile0__advtag-4c001219fc-4c001219fd-4c001219fe-4c001219ff__20260130_081310/scenario_tx-1min_rot-15min.csv,2,TAG_APPLE,1,3600.0,,390.8845639228821,1,0.0,1.0,1.0,False,False,False,False,3
controlled/HtoW/scenarios_Home_to_work__adv4_apple0_google0_samsung0_tile0__advtag-4c001219fc-4c001219fd-4c001219fe-4c001219ff__20260130_081310/scenario_tx-1min_rot-15min.csv,3,TAG_TILE,2,3600.0,,504.30240750312805,2,0.0,0.0,0.0,False,False,False,False,3
controlled/HtoW/scenarios_Home_to_work__adv4_apple0_google0_samsung0_tile0__advtag-4c001219fc-4c001219fd-4c001219fe-4c001219ff__20260130_081310/scenario_tx-1min_rot-15min.csv,4,TAG_TILE,1,3600.0,,94.09704542160034,1,0.0,0.0,0.0,False,False,False,False,3
controlled/HtoW/scenarios_Home_to_work__adv4_apple0_google0_samsung0_tile0__advtag-4c001219fc-4c001219fd-4c001219fe-4c001219ff__20260130_081310/scenario_tx-1min_rot-15min.csv,5,TAG_TILE,1,3600.0,,0.0,1,0.0,0.0,0.0,False,False,False,False,3
controlled/HtoW/scenarios_Home_to_work__adv4_apple0_google0_samsung0_tile0__advtag-4c001219fc-4c001219fd-4c001219fe-4c001219ff__20260130_081310/scenario_tx-30s_rot-15min.csv,2,TAG_APPLE,4,3600.0,,3597.0692541599274,4,2.318161122792274,1.0,1.0,True,False,True,True,3
controlled/HtoW/scenarios_Home_to_work__adv4_apple0_google0_samsung0_tile0__advtag-4c001219fc-4c001219fd-4c001219fe-4c001219ff__20260130_081310/scenario_tx-30s_rot-15min.csv,0,TAG_APPLE,30,3600.0,,3599.895208835602,30,1.5329059627841637,0.3333333333333333,0.3333333333333333,True,True,True,True,3
controlled/HtoW/scenarios_Home_to_work__adv4_apple0_google0_samsung0_tile0__advtag-4c001219fc-4c001219fd-4c001219fe-4c001219ff__20260130_081310/scenario_tx-30s_rot-15min.csv,1,TAG_APPLE,39,3600.0,,3454.2565777301793,39,1.2418539681555134,0.05128205128205128,0.05128205128205128,True,True,True,True,3
controlled/HtoW/scenarios_Home_to_work__adv4_apple0_google0_samsung0_tile0__advtag-4c001219fc-4c001219fd-4c001219fe-4c001219ff__20260130_081310/scenario_tx-30s_rot-15min.csv,1,TAG_APPLE,77,7200.0,,3593.361763715744,77,0.9990622097864527,0.03896103896103896,0.06493506493506493,True,True,False,False,3
controlled/HtoW/scenarios_Home_to_work__adv4_apple0_google0_samsung0_tile0__advtag-4c001219fc-4c001219fd-4c001219fe-4c001219ff__20260130_081310/scenario_tx-30s_rot-15min.csv,0,TAG_APPLE,65,7200.0,,3594.209618330002,53,0.9833057988519531,0.18867924528301888,0.20754716981132076,True,True,False,False,3
controlled/HtoW/scenarios_Home_to_work__adv4_apple0_google0_samsung0_tile0__advtag-4c001219fc-4c001219fd-4c001219fe-4c001219ff__20260130_081310/scenario_tx-30s_rot-15min.csv,2,TAG_APPLE,5,7200.0,,3565.5879135131836,5,0.4888036760111235,1.0,1.0,True,False,False,False,3
controlled/HtoW/scenarios_Home_to_work__adv4_apple0_google0_samsung0_tile0__advtag-4c001219fc-4c001219fd-4c001219fe-4c001219ff__20260130_081310/scenario_tx-30s_rot-15min.csv,3,TAG_TILE,1,3600.0,,2894.0326144695277,1,0.0,0.0,0.0,True,False,False,False,3
controlled/HtoW/scenarios_Home_to_work__adv4_apple0_google0_samsung0_tile0__advtag-4c001219fc-4c001219fd-4c001219fe-4c001219ff__20260130_081310/scenario_tx-30s_rot-15min.csv,4,TAG_TILE,1,3600.0,,277.4696617126465,1,0.0,0.0,0.0,False,False,False,False,3
controlled/HtoW/scenarios_Home_to_work__adv4_apple0_google0_samsung0_tile0__advtag-4c001219fc-4c001219fd-4c001219fe-4c001219ff__20260130_081310/scenario_tx-30s_rot-15min.csv,5,TAG_TILE,1,3600.0,,577.9147005081177,1,0.0,0.0,0.0,False,False,False,False,3
controlled/HtoW/scenarios_Home_to_work__adv4_apple0_google0_samsung0_tile0__advtag-4c001219fc-4c001219fd-4c001219fe-4c001219ff__20260130_081310/scenario_tx-30s_rot-15min.csv,0,TAG_APPLE,35,3600.0,,771.7917475700378,35,1.3185052704089057,0.17142857142857143,0.17142857142857143,False,True,True,False,3
controlled/HtoW/scenarios_Home_to_work__adv4_apple0_google0_samsung0_tile0__advtag-4c001219fc-4c001219fd-4c001219fe-4c001219ff__20260130_081310/scenario_tx-30s_rot-15min.csv,1,TAG_APPLE,51,3600.0,,636.8608703613281,51,1.105905529143193,0.0,0.0,False,True,True,False,3
controlled/HtoW/scenarios_Home_to_work__adv4_apple0_google0_samsung0_tile0__advtag-4c001219fc-4c001219fd-4c001219fe-4c001219ff__20260130_081310/scenario_tx-30s_rot-15min.csv,2,TAG_APPLE,2,3600.0,,738.876148223877,2,0.0,1.0,1.0,False,False,False,False,3
controlled/HtoW/scenarios_Home_to_work__adv4_apple0_google0_samsung0_tile0__advtag-4c001219fc-4c001219fd-4c001219fe-4c001219ff__20260130_081310/scenario_tx-30s_rot-15min.csv,3,TAG_TILE,2,3600.0,,504.30240750312805,2,0.0,0.0,0.0,False,False,False,False,3
controlled/HtoW/scenarios_Home_to_work__adv4_apple0_google0_samsung0_tile0__advtag-4c001219fc-4c001219fd-4c001219fe-4c001219ff__20260130_081310/scenario_tx-30s_rot-15min.csv,4,TAG_TILE,1,3600.0,,94.09704542160034,1,0.0,0.0,0.0,False,False,False,False,3
controlled/HtoW/scenarios_Home_to_work__adv4_apple0_google0_samsung0_tile0__advtag-4c001219fc-4c001219fd-4c001219fe-4c001219ff__20260130_081310/scenario_tx-30s_rot-15min.csv,5,TAG_TILE,1,3600.0,,0.0,1,0.0,0.0,0.0,False,False,False,False,3
controlled/HtoW/scenarios_Home_to_work__adv4_apple0_google0_samsung0_tile0__advtag-4c001219fc-4c001219fd-4c001219fe-4c001219ff__20260130_081310/scenario_tx-10s_rot-10s.csv,2,TAG_APPLE,16,3600.0,,3598.2555553913116,16,1.2650334723660501,1.0,1.0,True,True,True,True,3
controlled/HtoW/scenarios_Home_to_work__adv4_apple0_google0_samsung0_tile0__advtag-4c001219fc-4c001219fd-4c001219fe-4c001219ff__20260130_081310/scenario_tx-10s_rot-10s.csv,0,TAG_APPLE,162,3600.0,,3597.0715906620026,162,0.9505719214346341,1.0,1.0,True,True,False,False,3
controlled/HtoW/scenarios_Home_to_work__adv4_apple0_google0_samsung0_tile0__advtag-4c001219fc-4c001219fd-4c001219fe-4c001219ff__20260130_081310/scenario_tx-10s_rot-10s.csv,1,TAG_APPLE,20,3600.0,,3599.895208835602,20,0.6181917441815341,1.0,1.0,True,True,False,False,3
controlled/HtoW/scenarios_Home_to_work__adv4_apple0_google0_samsung0_tile0__advtag-4c001219fc-4c001219fd-4c001219fe-4c001219ff__20260130_081310/scenario_tx-10s_rot-10s.csv,1,TAG_APPLE,43,7200.0,,3563.4857609272003,32,1.3837165464480221,0.9375,1.0,True,True,True,True,3
controlled/HtoW/scenarios_Home_to_work__adv4_apple0_google0_samsung0_tile0__advtag-4c001219fc-4c001219fd-4c001219fe-4c001219ff__20260130_081310/scenario_tx-10s_rot-10s.csv,0,TAG_APPLE,276,7200.0,,3593.967596769333,183,1.2219277422641857,1.0,1.0,True,True,True,True,3
controlled/HtoW/scenarios_Home_to_work__adv4_apple0_google0_samsung0_tile0__advtag-4c001219fc-4c001219fd-4c001219fe-4c001219ff__20260130_081310/scenario_tx-10s_rot-10s.csv,2,TAG_APPLE,14,3600.0,,441.15632724761963,14,1.182500986696498,1.0,1.0,False,False,True,False,3
controlled/HtoW/scenarios_Home_to_work__adv4_apple0_google0_samsung0_tile0__advtag-4c001219fc-4c001219fd-4c001219fe-4c001219ff__20260130_081310/scenario_tx-10s_rot-10s.csv,3,TAG_TILE,1,3600.0,,2894.0326144695277,1,0.0,0.0,1.0,True,False,False,False,3
controlled/HtoW/scenarios_Home_to_work__adv4_apple0_google0_samsung0_tile0__advtag-4c001219fc-4c001219fd-4c001219fe-4c001219ff__20260130_081310/scenario_tx-10s_rot-10s.csv,4,TAG_TILE,1,3600.0,,277.4696617126465,1,0.0,0.0,1.0,False,False,False,False,3
controlled/HtoW/scenarios_Home_to_work__adv4_apple0_google0_samsung0_tile0__advtag-4c001219fc-4c001219fd-4c001219fe-4c001219ff__20260130_081310/scenario_tx-10s_rot-10s.csv,5,TAG_TILE,1,3600.0,,577.9147005081177,1,0.0,0.0,1.0,False,False,False,False,3
controlled/HtoW/scenarios_Home_to_work__adv4_apple0_google0_samsung0_tile0__advtag-4c001219fc-4c001219fd-4c001219fe-4c001219ff__20260130_081310/scenario_tx-10s_rot-10s.csv,1,TAG_APPLE,23,3600.0,,771.0463919639587,23,2.6382076016579306,0.6521739130434783,0.6521739130434783,False,True,True,False,3
controlled/HtoW/scenarios_Home_to_work__adv4_apple0_google0_samsung0_tile0__advtag-4c001219fc-4c001219fd-4c001219fe-4c001219ff__20260130_081310/scenario_tx-10s_rot-10s.csv,0,TAG_APPLE,118,3600.0,,774.6545915603638,118,1.556209299045294,0.847457627118644,0.847457627118644,False,True,True,False,3
controlled/HtoW/scenarios_Home_to_work__adv4_apple0_google0_samsung0_tile0__advtag-4c001219fc-4c001219fd-4c001219fe-4c001219ff__20260130_081310/scenario_tx-10s_rot-10s.csv,2,TAG_APPLE,23,3600.0,,772.0474426746368,23,1.2400510126228217,1.0,1.0,False,True,True,False,3
controlled/HtoW/scenarios_Home_to_work__adv4_apple0_google0_samsung0_tile0__advtag-4c001219fc-4c001219fd-4c001219fe-4c001219ff__20260130_081310/scenario_tx-10s_rot-10s.csv,3,TAG_TILE,2,3600.0,,504.30240750312805,2,0.0,0.0,0.5,False,False,False,False,3
controlled/HtoW/scenarios_Home_to_work__adv4_apple0_google0_samsung0_tile0__advtag-4c001219fc-4c001219fd-4c001219fe-4c001219ff__20260130_081310/scenario_tx-10s_rot-10s.csv,4,TAG_TILE,1,3600.0,,94.09704542160034,1,0.0,0.0,1.0,False,False,False,False,3
controlled/HtoW/scenarios_Home_to_work__adv4_apple0_google0_samsung0_tile0__advtag-4c001219fc-4c001219fd-4c001219fe-4c001219ff__20260130_081310/scenario_tx-10s_rot-10s.csv,5,TAG_TILE,1,3600.0,,0.0,1,0.0,0.0,0.0,False,False,False,False,3
controlled/HtoW/scenarios_Home_to_work__adv4_apple0_google0_samsung0_tile0__advtag-4c001219fc-4c001219fd-4c001219fe-4c001219ff__20260130_081310/scenario_tx-15s_rot-1min.csv,2,TAG_APPLE,17,3600.0,,3350.3456239700317,17,2.7183839334124285,1.0,1.0,True,True,True,True,3
controlled/HtoW/scenarios_Home_to_work__adv4_apple0_google0_samsung0_tile0__advtag-4c001219fc-4c001219fd-4c001219fe-4c001219ff__20260130_081310/scenario_tx-15s_rot-1min.csv,1,TAG_APPLE,20,3600.0,,3532.147962331772,20,1.9743694844064825,0.55,0.55,True,True,True,True,3
controlled/HtoW/scenarios_Home_to_work__adv4_apple0_google0_samsung0_tile0__advtag-4c001219fc-4c001219fd-4c001219fe-4c001219ff__20260130_081310/scenario_tx-15s_rot-1min.csv,0,TAG_APPLE,121,3600.0,,3597.0750226974487,121,1.7886592668497752,0.8760330578512396,0.8760330578512396,True,True,True,True,3
controlled/HtoW/scenarios_Home_to_work__adv4_apple0_google0_samsung0_tile0__advtag-4c001219fc-4c001219fd-4c001219fe-4c001219ff__20260130_081310/scenario_tx-15s_rot-1min.csv,2,TAG_APPLE,20,7200.0,,3577.081924676895,20,2.914511127413992,1.0,1.0,True,True,True,True,3
controlled/HtoW/scenarios_Home_to_work__adv4_apple0_google0_samsung0_tile0__advtag-4c001219fc-4c001219fd-4c001219fe-4c001219ff__20260130_081310/scenario_tx-15s_rot-1min.csv,1,TAG_APPLE,20,7200.0,,3508.2829329967503,15,2.235187387734235,0.6666666666666666,0.6666666666666666,True,True,True,True,3
controlled/HtoW/scenarios_Home_to_work__adv4_apple0_google0_samsung0_tile0__advtag-4c001219fc-4c001219fd-4c001219fe-4c001219ff__20260130_081310/scenario_tx-15s_rot-1min.csv,0,TAG_APPLE,188,7200.0,,3596.4468154907227,164,1.5299936351327463,0.7987804878048781,0.8292682926829268,True,True,True,True,3
controlled/HtoW/scenarios_Home_to_work__adv4_apple0_google0_samsung0_tile0__advtag-4c001219fc-4c001219fd-4c001219fe-4c001219ff__20260130_081310/scenario_tx-15s_rot-1min.csv,3,TAG_TILE,1,3600.0,,2894.0326144695277,1,0.0,0.0,1.0,True,False,False,False,3
controlled/HtoW/scenarios_Home_to_work__adv4_apple0_google0_samsung0_tile0__advtag-4c001219fc-4c001219fd-4c001219fe-4c001219ff__20260130_081310/scenario_tx-15s_rot-1min.csv,4,TAG_TILE,1,3600.0,,277.4696617126465,1,0.0,0.0,0.0,False,False,False,False,3
controlled/HtoW/scenarios_Home_to_work__adv4_apple0_google0_samsung0_tile0__advtag-4c001219fc-4c001219fd-4c001219fe-4c001219ff__20260130_081310/scenario_tx-15s_rot-1min.csv,5,TAG_TILE,1,3600.0,,577.9147005081177,1,0.0,0.0,1.0,False,False,False,False,3
controlled/HtoW/scenarios_Home_to_work__adv4_apple0_google0_samsung0_tile0__advtag-4c001219fc-4c001219fd-4c001219fe-4c001219ff__20260130_081310/scenario_tx-15s_rot-1min.csv,1,TAG_APPLE,23,3600.0,,775.8454170227051,23,2.4115474699966764,0.21739130434782608,0.21739130434782608,False,True,True,False,3
controlled/HtoW/scenarios_Home_to_work__adv4_apple0_google0_samsung0_tile0__advtag-4c001219fc-4c001219fd-4c001219fe-4c001219ff__20260130_081310/scenario_tx-15s_rot-1min.csv,0,TAG_APPLE,76,3600.0,,775.8121497631073,76,1.5410956954435555,0.42105263157894735,0.42105263157894735,False,True,True,False,3
controlled/HtoW/scenarios_Home_to_work__adv4_apple0_google0_samsung0_tile0__advtag-4c001219fc-4c001219fd-4c001219fe-4c001219ff__20260130_081310/scenario_tx-15s_rot-1min.csv,2,TAG_APPLE,10,3600.0,,738.876148223877,10,0.9711251037057913,1.0,1.0,False,False,False,False,3
controlled/HtoW/scenarios_Home_to_work__adv4_apple0_google0_samsung0_tile0__advtag-4c001219fc-4c001219fd-4c001219fe-4c001219ff__20260130_081310/scenario_tx-15s_rot-1min.csv,3,TAG_TILE,2,3600.0,,504.30240750312805,2,0.0,0.0,0.0,False,False,False,False,3
controlled/HtoW/scenarios_Home_to_work__adv4_apple0_google0_samsung0_tile0__advtag-4c001219fc-4c001219fd-4c001219fe-4c001219ff__20260130_081310/scenario_tx-15s_rot-1min.csv,4,TAG_TILE,1,3600.0,,94.09704542160034,1,0.0,0.0,0.0,False,False,False,False,3
controlled/HtoW/scenarios_Home_to_work__adv4_apple0_google0_samsung0_tile0__advtag-4c001219fc-4c001219fd-4c001219fe-4c001219ff__20260130_081310/scenario_tx-15s_rot-1min.csv,5,TAG_TILE,1,3600.0,,0.0,1,0.0,0.0,0.0,False,False,False,False,3
controlled/HtoW/scenarios_Home_to_work__adv4_apple0_google0_samsung0_tile0__advtag-4c001219fc-4c001219fd-4c001219fe-4c001219ff__20260130_081310/scenario_tx-10s_rot-1min.csv,2,TAG_APPLE,91,3600.0,,3534.393525838852,91,2.2755028343037007,0.9010989010989011,0.9010989010989011,True,True,True,True,3
controlled/HtoW/scenarios_Home_to_work__adv4_apple0_google0_samsung0_tile0__advtag-4c001219fc-4c001219fd-4c001219fe-4c001219ff__20260130_081310/scenario_tx-10s_rot-1min.csv,1,TAG_APPLE,22,3600.0,,3599.895208835602,22,2.19081568099589,0.8181818181818182,0.8181818181818182,True,True,True,True,3
controlled/HtoW/scenarios_Home_to_work__adv4_apple0_google0_samsung0_tile0__advtag-4c001219fc-4c001219fd-4c001219fe-4c001219ff__20260130_081310/scenario_tx-10s_rot-1min.csv,0,TAG_APPLE,47,3600.0,,3598.2555553913116,47,1.4349230627002052,1.0,1.0,True,True,True,True,3
controlled/HtoW/scenarios_Home_to_work__adv4_apple0_google0_samsung0_tile0__advtag-4c001219fc-4c001219fd-4c001219fe-4c001219ff__20260130_081310/scenario_tx-10s_rot-1min.csv,2,TAG_APPLE,151,7200.0,,3593.361763715744,130,1.6689078525085441,0.7923076923076923,0.8307692307692308,True,True,True,True,3
controlled/HtoW/scenarios_Home_to_work__adv4_apple0_google0_samsung0_tile0__advtag-4c001219fc-4c001219fd-4c001219fe-4c001219ff__20260130_081310/scenario_tx-10s_rot-1min.csv,1,TAG_APPLE,41,7200.0,,3597.0526485443115,31,1.5279942290820452,0.5806451612903226,0.6774193548387096,True,True,True,True,3
controlled/HtoW/scenarios_Home_to_work__adv4_apple0_google0_samsung0_tile0__advtag-4c001219fc-4c001219fd-4c001219fe-4c001219ff__20260130_081310/scenario_tx-10s_rot-1min.csv,0,TAG_APPLE,45,7200.0,,3526.2205049991608,45,1.290340413126657,0.9777777777777777,0.9777777777777777,True,True,True,True,3
controlled/HtoW/scenarios_Home_to_work__adv4_apple0_google0_samsung0_tile0__advtag-4c001219fc-4c001219fd-4c001219fe-4c001219ff__20260130_081310/scenario_tx-10s_rot-1min.csv,3,TAG_TILE,1,3600.0,,2894.0326144695277,1,0.0,0.0,1.0,True,False,False,False,3
controlled/HtoW/scenarios_Home_to_work__adv4_apple0_google0_samsung0_tile0__advtag-4c001219fc-4c001219fd-4c001219fe-4c001219ff__20260130_081310/scenario_tx-10s_rot-1min.csv,4,TAG_TILE,1,3600.0,,277.4696617126465,1,0.0,0.0,1.0,False,False,False,False,3
controlled/HtoW/scenarios_Home_to_work__adv4_apple0_google0_samsung0_tile0__advtag-4c001219fc-4c001219fd-4c001219fe-4c001219ff__20260130_081310/scenario_tx-10s_rot-1min.csv,5,TAG_TILE,1,3600.0,,577.9147005081177,1,0.0,0.0,1.0,False,False,False,False,3
controlled/HtoW/scenarios_Home_to_work__adv4_apple0_google0_samsung0_tile0__advtag-4c001219fc-4c001219fd-4c001219fe-4c001219ff__20260130_081310/scenario_tx-10s_rot-1min.csv,1,TAG_APPLE,24,3600.0,,774.6988780498505,24,2.5012877245068137,0.16666666666666666,0.16666666666666666,False,True,True,False,3
controlled/HtoW/scenarios_Home_to_work__adv4_apple0_google0_samsung0_tile0__advtag-4c001219fc-4c001219fd-4c001219fe-4c001219ff__20260130_081310/scenario_tx-10s_rot-1min.csv,2,TAG_APPLE,9,3600.0,,749.1938815116882,9,2.1307245495968448,1.0,1.0,False,False,True,False,3
controlled/HtoW/scenarios_Home_to_work__adv4_apple0_google0_samsung0_tile0__advtag-4c001219fc-4c001219fd-4c001219fe-4c001219ff__20260130_081310/scenario_tx-10s_rot-1min.csv,0,TAG_APPLE,80,3600.0,,773.8081922531128,80,1.6945709548395644,0.425,0.425,False,True,True,False,3
controlled/HtoW/scenarios_Home_to_work__adv4_apple0_google0_samsung0_tile0__advtag-4c001219fc-4c001219fd-4c001219fe-4c001219ff__20260130_081310/scenario_tx-10s_rot-1min.csv,3,TAG_TILE,2,3600.0,,504.30240750312805,2,0.0,0.0,0.0,False,False,False,False,3
controlled/HtoW/scenarios_Home_to_work__adv4_apple0_google0_samsung0_tile0__advtag-4c001219fc-4c001219fd-4c001219fe-4c001219ff__20260130_081310/scenario_tx-10s_rot-1min.csv,4,TAG_TILE,1,3600.0,,94.09704542160034,1,0.0,0.0,0.0,False,False,False,False,3
controlled/HtoW/scenarios_Home_to_work__adv4_apple0_google0_samsung0_tile0__advtag-4c001219fc-4c001219fd-4c001219fe-4c001219ff__20260130_081310/scenario_tx-10s_rot-1min.csv,5,TAG_TILE,1,3600.0,,0.0,1,0.0,0.0,0.0,False,False,False,False,3
controlled/HtoW/scenarios_Home_to_work__adv4_apple0_google0_samsung0_tile0__advtag-4c001219fc-4c001219fd-4c001219fe-4c001219ff__20260130_081310/scenario_tx-1min_rot-5min.csv,2,TAG_APPLE,9,3600.0,,3259.7458238601685,9,2.911852319230775,1.0,1.0,True,False,True,True,3
controlled/HtoW/scenarios_Home_to_work__adv4_apple0_google0_samsung0_tile0__advtag-4c001219fc-4c001219fd-4c001219fe-4c001219ff__20260130_081310/scenario_tx-1min_rot-5min.csv,1,TAG_APPLE,20,3600.0,,2120.204355239868,20,1.8161594830549839,0.0,0.0,True,True,True,True,3
controlled/HtoW/scenarios_Home_to_work__adv4_apple0_google0_samsung0_tile0__advtag-4c001219fc-4c001219fd-4c001219fe-4c001219ff__20260130_081310/scenario_tx-1min_rot-5min.csv,0,TAG_APPLE,63,3600.0,,3597.0750226974487,63,1.628233170497309,0.49206349206349204,0.49206349206349204,True,True,True,True,3
controlled/HtoW/scenarios_Home_to_work__adv4_apple0_google0_samsung0_tile0__advtag-4c001219fc-4c001219fd-4c001219fe-4c001219ff__20260130_081310/scenario_tx-1min_rot-5min.csv,2,TAG_APPLE,5,7200.0,,2381.3758273124695,5,1.6996387131085646,1.0,1.0,True,False,True,True,3
controlled/HtoW/scenarios_Home_to_work__adv4_apple0_google0_samsung0_tile0__advtag-4c001219fc-4c001219fd-4c001219fe-4c001219ff__20260130_081310/scenario_tx-1min_rot-5min.csv,1,TAG_APPLE,100,7200.0,,3593.361763715744,98,1.27788664920764,0.24489795918367346,0.2653061224489796,True,True,True,True,3
controlled/HtoW/scenarios_Home_to_work__adv4_apple0_google0_samsung0_tile0__advtag-4c001219fc-4c001219fd-4c001219fe-4c001219ff__20260130_081310/scenario_tx-1min_rot-5min.csv,0,TAG_APPLE,60,7200.0,,3547.8146765232086,48,1.1820267103550282,0.25,0.2708333333333333,True,True,True,True,3
controlled/HtoW/scenarios_Home_to_work__adv4_apple0_google0_samsung0_tile0__advtag-4c001219fc-4c001219fd-4c001219fe-4c001219ff__20260130_081310/scenario_tx-1min_rot-5min.csv,3,TAG_TILE,1,3600.0,,2894.0326144695277,1,0.0,0.0,0.0,True,False,False,False,3
controlled/HtoW/scenarios_Home_to_work__adv4_apple0_google0_samsung0_tile0__advtag-4c001219fc-4c001219fd-4c001219fe-4c001219ff__20260130_081310/scenario_tx-1min_rot-5min.csv,4,TAG_TILE,1,3600.0,,277.4696617126465,1,0.0,0.0,0.0,False,False,False,False,3
controlled/HtoW/scenarios_Home_to_work__adv4_apple0_google0_samsung0_tile0__advtag-4c001219fc-4c001219fd-4c001219fe-4c001219ff__20260130_081310/scenario_tx-1min_rot-5min.csv,5,TAG_TILE,1,3600.0,,577.9147005081177,1,0.0,0.0,0.0,False,False,False,False,3
controlled/HtoW/scenarios_Home_to_work__adv4_apple0_google0_samsung0_tile0__advtag-4c001219fc-4c001219fd-4c001219fe-4c001219ff__20260130_081310/scenario_tx-1min_rot-5min.csv,1,TAG_APPLE,24,3600.0,,771.0463919639587,24,1.316126917757696,0.125,0.125,False,True,True,False,3
controlled/HtoW/scenarios_Home_to_work__adv4_apple0_google0_samsung0_tile0__advtag-4c001219fc-4c001219fd-4c001219fe-4c001219ff__20260130_081310/scenario_tx-1min_rot-5min.csv,0,TAG_APPLE,67,3600.0,,759.2124996185303,67,0.9355806243883399,0.11940298507462686,0.11940298507462686,False,True,False,False,3
controlled/HtoW/scenarios_Home_to_work__adv4_apple0_google0_samsung0_tile0__advtag-4c001219fc-4c001219fd-4c001219fe-4c001219ff__20260130_081310/scenario_tx-1min_rot-5min.csv,2,TAG_APPLE,1,3600.0,,260.2134356498718,1,0.0,1.0,1.0,False,False,False,False,3
controlled/HtoW/scenarios_Home_to_work__adv4_apple0_google0_samsung0_tile0__advtag-4c001219fc-4c001219fd-4c001219fe-4c001219ff__20260130_081310/scenario_tx-1min_rot-5min.csv,3,TAG_TILE,2,3600.0,,504.30240750312805,2,0.0,0.0,0.0,False,False,False,False,3
controlled/HtoW/scenarios_Home_to_work__adv4_apple0_google0_samsung0_tile0__advtag-4c001219fc-4c001219fd-4c001219fe-4c001219ff__20260130_081310/scenario_tx-1min_rot-5min.csv,4,TAG_TILE,1,3600.0,,94.09704542160034,1,0.0,0.0,0.0,False,False,False,False,3
controlled/HtoW/scenarios_Home_to_work__adv4_apple0_google0_samsung0_tile0__advtag-4c001219fc-4c001219fd-4c001219fe-4c001219ff__20260130_081310/scenario_tx-1min_rot-5min.csv,5,TAG_TILE,1,3600.0,,0.0,1,0.0,0.0,0.0,False,False,False,False,3
controlled/HtoW/scenarios_Home_to_work__adv4_apple0_google0_samsung0_tile0__advtag-4c001219fc-4c001219fd-4c001219fe-4c001219ff__20260130_081310/scenario_tx-10s_rot-30s.csv,2,TAG_APPLE,24,3600.0,,3294.299704551697,24,1.9911319835060028,1.0,1.0,True,True,True,True,3
controlled/HtoW/scenarios_Home_to_work__adv4_apple0_google0_samsung0_tile0__advtag-4c001219fc-4c001219fd-4c001219fe-4c001219ff__20260130_081310/scenario_tx-10s_rot-30s.csv,1,TAG_APPLE,20,3600.0,,3536.1286087036133,20,1.8711094265034687,1.0,1.0,True,True,True,True,3
controlled/HtoW/scenarios_Home_to_work__adv4_apple0_google0_samsung0_tile0__advtag-4c001219fc-4c001219fd-4c001219fe-4c001219ff__20260130_081310/scenario_tx-10s_rot-30s.csv,0,TAG_APPLE,148,3600.0,,3597.0750226974487,148,1.1527454605935994,0.9797297297297297,0.9797297297297297,True,True,True,True,3
controlled/HtoW/scenarios_Home_to_work__adv4_apple0_google0_samsung0_tile0__advtag-4c001219fc-4c001219fd-4c001219fe-4c001219ff__20260130_081310/scenario_tx-10s_rot-30s.csv,2,TAG_APPLE,19,7200.0,,2908.478235721588,19,3.0652699887372363,1.0,1.0,True,True,True,True,3
controlled/HtoW/scenarios_Home_to_work__adv4_apple0_google0_samsung0_tile0__advtag-4c001219fc-4c001219fd-4c001219fe-4c001219ff__20260130_081310/scenario_tx-10s_rot-30s.csv,1,TAG_APPLE,43,7200.0,,3568.2074162960052,32,1.615301133466456,0.875,1.0,True,True,True,True,3
controlled/HtoW/scenarios_Home_to_work__adv4_apple0_google0_samsung0_tile0__advtag-4c001219fc-4c001219fd-4c001219fe-4c001219ff__20260130_081310/scenario_tx-10s_rot-30s.csv,0,TAG_APPLE,220,7200.0,,3593.967596769333,170,1.1649731714881288,0.9882352941176471,0.9941176470588236,True,True,True,True,3
controlled/HtoW/scenarios_Home_to_work__adv4_apple0_google0_samsung0_tile0__advtag-4c001219fc-4c001219fd-4c001219fe-4c001219ff__20260130_081310/scenario_tx-10s_rot-30s.csv,3,TAG_TILE,1,3600.0,,2894.0326144695277,1,0.0,0.0,1.0,True,False,False,False,3
controlled/HtoW/scenarios_Home_to_work__adv4_apple0_google0_samsung0_tile0__advtag-4c001219fc-4c001219fd-4c001219fe-4c001219ff__20260130_081310/scenario_tx-10s_rot-30s.csv,4,TAG_TILE,1,3600.0,,277.4696617126465,1,0.0,0.0,1.0,False,False,False,False,3
controlled/HtoW/scenarios_Home_to_work__adv4_apple0_google0_samsung0_tile0__advtag-4c001219fc-4c001219fd-4c001219fe-4c001219ff__20260130_081310/scenario_tx-10s_rot-30s.csv,5,TAG_TILE,1,3600.0,,577.9147005081177,1,0.0,0.0,1.0,False,False,False,False,3
controlled/HtoW/scenarios_Home_to_work__adv4_apple0_google0_samsung0_tile0__advtag-4c001219fc-4c001219fd-4c001219fe-4c001219ff__20260130_081310/scenario_tx-10s_rot-30s.csv,1,TAG_APPLE,23,3600.0,,771.0463919639587,23,2.7721079483299285,0.4782608695652174,0.4782608695652174,False,True,True,False,3
controlled/HtoW/scenarios_Home_to_work__adv4_apple0_google0_samsung0_tile0__advtag-4c001219fc-4c001219fd-4c001219fe-4c001219ff__20260130_081310/scenario_tx-10s_rot-30s.csv,2,TAG_APPLE,12,3600.0,,749.1938815116882,12,2.0085386369465246,1.0,1.0,False,False,True,False,3
controlled/HtoW/scenarios_Home_to_work__adv4_apple0_google0_samsung0_tile0__advtag-4c001219fc-4c001219fd-4c001219fe-4c001219ff__20260130_081310/scenario_tx-10s_rot-30s.csv,0,TAG_APPLE,97,3600.0,,774.6545915603638,97,1.73560721095279,0.6082474226804123,0.6082474226804123,False,True,True,False,3
controlled/HtoW/scenarios_Home_to_work__adv4_apple0_google0_samsung0_tile0__advtag-4c001219fc-4c001219fd-4c001219fe-4c001219ff__20260130_081310/scenario_tx-10s_rot-30s.csv,3,TAG_TILE,2,3600.0,,504.30240750312805,2,0.0,0.0,0.5,False,False,False,False,3
controlled/HtoW/scenarios_Home_to_work__adv4_apple0_google0_samsung0_tile0__advtag-4c001219fc-4c001219fd-4c001219fe-4c001219ff__20260130_081310/scenario_tx-10s_rot-30s.csv,4,TAG_TILE,1,3600.0,,94.09704542160034,1,0.0,0.0,0.0,False,False,False,False,3
controlled/HtoW/scenarios_Home_to_work__adv4_apple0_google0_samsung0_tile0__advtag-4c001219fc-4c001219fd-4c001219fe-4c001219ff__20260130_081310/scenario_tx-10s_rot-30s.csv,5,TAG_TILE,1,3600.0,,0.0,1,0.0,0.0,0.0,False,False,False,False,3
controlled/HtoW/scenarios_Home_to_work__adv4_apple0_google0_samsung0_tile0__advtag-4c001219fc-4c001219fd-4c001219fe-4c001219ff__20260130_081310/scenario_tx-2s_rot-15min.csv,2,TAG_APPLE,4,3600.0,,3599.8894402980804,4,2.057428192410488,1.0,1.0,True,False,True,True,3
controlled/HtoW/scenarios_Home_to_work__adv4_apple0_google0_samsung0_tile0__advtag-4c001219fc-4c001219fd-4c001219fe-4c001219ff__20260130_081310/scenario_tx-2s_rot-15min.csv,0,TAG_APPLE,30,3600.0,,3599.560130119324,30,1.6552988436089813,0.36666666666666664,0.36666666666666664,True,True,True,True,3
controlled/HtoW/scenarios_Home_to_work__adv4_apple0_google0_samsung0_tile0__advtag-4c001219fc-4c001219fd-4c001219fe-4c001219ff__20260130_081310/scenario_tx-2s_rot-15min.csv,1,TAG_APPLE,34,3600.0,,3513.969890356064,34,1.2170046618073629,0.0,0.0,True,True,True,True,3
controlled/HtoW/scenarios_Home_to_work__adv4_apple0_google0_samsung0_tile0__advtag-4c001219fc-4c001219fd-4c001219fe-4c001219ff__20260130_081310/scenario_tx-2s_rot-15min.csv,2,TAG_APPLE,5,7200.0,,3591.861386060715,5,4.031141108770668,1.0,1.0,True,False,True,True,3
controlled/HtoW/scenarios_Home_to_work__adv4_apple0_google0_samsung0_tile0__advtag-4c001219fc-4c001219fd-4c001219fe-4c001219ff__20260130_081310/scenario_tx-2s_rot-15min.csv,0,TAG_APPLE,87,7200.0,,3596.065901041031,75,1.2261532433076456,0.2,0.22666666666666666,True,True,True,True,3
controlled/HtoW/scenarios_Home_to_work__adv4_apple0_google0_samsung0_tile0__advtag-4c001219fc-4c001219fd-4c001219fe-4c001219ff__20260130_081310/scenario_tx-2s_rot-15min.csv,1,TAG_APPLE,59,7200.0,,3550.8579347133636,59,0.8602231972456225,0.0,0.05084745762711865,True,True,False,False,3
controlled/HtoW/scenarios_Home_to_work__adv4_apple0_google0_samsung0_tile0__advtag-4c001219fc-4c001219fd-4c001219fe-4c001219ff__20260130_081310/scenario_tx-2s_rot-15min.csv,3,TAG_TILE,1,3600.0,,2894.0326144695277,1,0.0,0.0,0.0,True,False,False,False,3
controlled/HtoW/scenarios_Home_to_work__adv4_apple0_google0_samsung0_tile0__advtag-4c001219fc-4c001219fd-4c001219fe-4c001219ff__20260130_081310/scenario_tx-2s_rot-15min.csv,4,TAG_TILE,1,3600.0,,277.4696617126465,1,0.0,0.0,0.0,False,False,False,False,3
controlled/HtoW/scenarios_Home_to_work__adv4_apple0_google0_samsung0_tile0__advtag-4c001219fc-4c001219fd-4c001219fe-4c001219ff__20260130_081310/scenario_tx-2s_rot-15min.csv,5,TAG_TILE,1,3600.0,,577.9147005081177,1,0.0,0.0,0.0,False,False,False,False,3
controlled/HtoW/scenarios_Home_to_work__adv4_apple0_google0_samsung0_tile0__advtag-4c001219fc-4c001219fd-4c001219fe-4c001219ff__20260130_081310/scenario_tx-2s_rot-15min.csv,0,TAG_APPLE,27,3600.0,,777.0463132858276,27,1.4171011266554066,0.2222222222222222,0.2222222222222222,False,True,True,False,3
controlled/HtoW/scenarios_Home_to_work__adv4_apple0_google0_samsung0_tile0__advtag-4c001219fc-4c001219fd-4c001219fe-4c001219ff__20260130_081310/scenario_tx-2s_rot-15min.csv,1,TAG_APPLE,61,3600.0,,672.5952179431915,61,1.1669280111576743,0.0,0.0,False,True,True,False,3
controlled/HtoW/scenarios_Home_to_work__adv4_apple0_google0_samsung0_tile0__advtag-4c001219fc-4c001219fd-4c001219fe-4c001219ff__20260130_081310/scenario_tx-2s_rot-15min.csv,2,TAG_APPLE,2,3600.0,,749.1938815116882,2,0.0,1.0,1.0,False,False,False,False,3
controlled/HtoW/scenarios_Home_to_work__adv4_apple0_google0_samsung0_tile0__advtag-4c001219fc-4c001219fd-4c001219fe-4c001219ff__20260130_081310/scenario_tx-2s_rot-15min.csv,3,TAG_TILE,2,3600.0,,504.30240750312805,2,0.0,0.0,0.0,False,False,False,False,3
controlled/HtoW/scenarios_Home_to_work__adv4_apple0_google0_samsung0_tile0__advtag-4c001219fc-4c001219fd-4c001219fe-4c001219ff__20260130_081310/scenario_tx-2s_rot-15min.csv,4,TAG_TILE,1,3600.0,,94.09704542160034,1,0.0,0.0,0.0,False,False,False,False,3
controlled/HtoW/scenarios_Home_to_work__adv4_apple0_google0_samsung0_tile0__advtag-4c001219fc-4c001219fd-4c001219fe-4c001219ff__20260130_081310/scenario_tx-2s_rot-15min.csv,5,TAG_TILE,1,3600.0,,0.0,1,0.0,0.0,0.0,False,False,False,False,3
controlled/HtoW/scenarios_Home_to_work__adv4_apple0_google0_samsung0_tile0__advtag-4c001219fc-4c001219fd-4c001219fe-4c001219ff__20260130_081310/scenario_tx-1min_rot-1min.csv,2,TAG_APPLE,16,3600.0,,3512.3745622634888,16,2.3622934400896103,1.0,1.0,True,True,True,True,3
controlled/HtoW/scenarios_Home_to_work__adv4_apple0_google0_samsung0_tile0__advtag-4c001219fc-4c001219fd-4c001219fe-4c001219ff__20260130_081310/scenario_tx-1min_rot-1min.csv,1,TAG_APPLE,25,3600.0,,3412.7825865745544,25,2.277532977767294,0.68,0.68,True,True,True,True,3
controlled/HtoW/scenarios_Home_to_work__adv4_apple0_google0_samsung0_tile0__advtag-4c001219fc-4c001219fd-4c001219fe-4c001219ff__20260130_081310/scenario_tx-1min_rot-1min.csv,0,TAG_APPLE,113,3600.0,,3597.0750226974487,113,1.2493474369411586,0.8938053097345132,0.8938053097345132,True,True,True,True,3
controlled/HtoW/scenarios_Home_to_work__adv4_apple0_google0_samsung0_tile0__advtag-4c001219fc-4c001219fd-4c001219fe-4c001219ff__20260130_081310/scenario_tx-1min_rot-1min.csv,2,TAG_APPLE,20,7200.0,,3440.2647409439087,20,1.7322559798928467,1.0,1.0,True,True,True,True,3
controlled/HtoW/scenarios_Home_to_work__adv4_apple0_google0_samsung0_tile0__advtag-4c001219fc-4c001219fd-4c001219fe-4c001219ff__20260130_081310/scenario_tx-1min_rot-1min.csv,1,TAG_APPLE,42,7200.0,,3551.050879716873,31,1.6555663419862006,0.7096774193548387,0.8387096774193549,True,True,True,True,3
controlled/HtoW/scenarios_Home_to_work__adv4_apple0_google0_samsung0_tile0__advtag-4c001219fc-4c001219fd-4c001219fe-4c001219ff__20260130_081310/scenario_tx-1min_rot-1min.csv,0,TAG_APPLE,178,7200.0,,3593.361763715744,152,1.3497144469445563,0.7763157894736842,0.7894736842105263,True,True,True,True,3
controlled/HtoW/scenarios_Home_to_work__adv4_apple0_google0_samsung0_tile0__advtag-4c001219fc-4c001219fd-4c001219fe-4c001219ff__20260130_081310/scenario_tx-1min_rot-1min.csv,3,TAG_TILE,1,3600.0,,2894.0326144695277,1,0.0,0.0,1.0,True,False,False,False,3
controlled/HtoW/scenarios_Home_to_work__adv4_apple0_google0_samsung0_tile0__advtag-4c001219fc-4c001219fd-4c001219fe-4c001219ff__20260130_081310/scenario_tx-1min_rot-1min.csv,4,TAG_TILE,1,3600.0,,277.4696617126465,1,0.0,0.0,0.0,False,False,False,False,3
controlled/HtoW/scenarios_Home_to_work__adv4_apple0_google0_samsung0_tile0__advtag-4c001219fc-4c001219fd-4c001219fe-4c001219ff__20260130_081310/scenario_tx-1min_rot-1min.csv,5,TAG_TILE,1,3600.0,,577.9147005081177,1,0.0,0.0,1.0,False,False,False,False,3
controlled/HtoW/scenarios_Home_to_work__adv4_apple0_google0_samsung0_tile0__advtag-4c001219fc-4c001219fd-4c001219fe-4c001219ff__20260130_081310/scenario_tx-1min_rot-1min.csv,0,TAG_APPLE,31,3600.0,,771.0463919639587,31,2.1882238397605036,0.22580645161290322,0.22580645161290322,False,True,True,False,3
controlled/HtoW/scenarios_Home_to_work__adv4_apple0_google0_samsung0_tile0__advtag-4c001219fc-4c001219fd-4c001219fe-4c001219ff__20260130_081310/scenario_tx-1min_rot-1min.csv,1,TAG_APPLE,73,3600.0,,759.2124996185303,73,1.6488658052592786,0.4246575342465753,0.4246575342465753,False,True,True,False,3
controlled/HtoW/scenarios_Home_to_work__adv4_apple0_google0_samsung0_tile0__advtag-4c001219fc-4c001219fd-4c001219fe-4c001219ff__20260130_081310/scenario_tx-1min_rot-1min.csv,2,TAG_APPLE,6,3600.0,,731.8074140548706,6,0.9224998970058982,1.0,1.0,False,False,False,False,3
controlled/HtoW/scenarios_Home_to_work__adv4_apple0_google0_samsung0_tile0__advtag-4c001219fc-4c001219fd-4c001219fe-4c001219ff__20260130_081310/scenario_tx-1min_rot-1min.csv,3,TAG_TILE,2,3600.0,,504.30240750312805,2,0.0,0.0,0.5,False,False,False,False,3
controlled/HtoW/scenarios_Home_to_work__adv4_apple0_google0_samsung0_tile0__advtag-4c001219fc-4c001219fd-4c001219fe-4c001219ff__20260130_081310/scenario_tx-1min_rot-1min.csv,4,TAG_TILE,1,3600.0,,94.09704542160034,1,0.0,0.0,0.0,False,False,False,False,3
controlled/HtoW/scenarios_Home_to_work__adv4_apple0_google0_samsung0_tile0__advtag-4c001219fc-4c001219fd-4c001219fe-4c001219ff__20260130_081310/scenario_tx-1min_rot-1min.csv,5,TAG_TILE,1,3600.0,,0.0,1,0.0,0.0,0.0,False,False,False,False,3
controlled/HtoW/scenarios_Home_to_work__adv4_apple0_google0_samsung0_tile0__advtag-4c001219fc-4c001219fd-4c001219fe-4c001219ff__20260130_081310/scenario_tx-2s_rot-5min.csv,2,TAG_APPLE,6,3600.0,,2993.840127468109,6,4.85194798131218,1.0,1.0,True,False,True,True,3
controlled/HtoW/scenarios_Home_to_work__adv4_apple0_google0_samsung0_tile0__advtag-4c001219fc-4c001219fd-4c001219fe-4c001219ff__20260130_081310/scenario_tx-2s_rot-5min.csv,0,TAG_APPLE,46,3600.0,,3599.895208835602,46,2.151205191551844,0.6521739130434783,0.6521739130434783,True,True,True,True,3
controlled/HtoW/scenarios_Home_to_work__adv4_apple0_google0_samsung0_tile0__advtag-4c001219fc-4c001219fd-4c001219fe-4c001219ff__20260130_081310/scenario_tx-2s_rot-5min.csv,1,TAG_APPLE,30,3600.0,,3359.3522107601166,30,1.5958791003064812,0.06666666666666667,0.06666666666666667,True,True,True,True,3
controlled/HtoW/scenarios_Home_to_work__adv4_apple0_google0_samsung0_tile0__advtag-4c001219fc-4c001219fd-4c001219fe-4c001219ff__20260130_081310/scenario_tx-2s_rot-5min.csv,2,TAG_APPLE,8,7200.0,,3293.5423908233647,8,6.666666622222222,1.0,1.0,True,False,True,True,3
controlled/HtoW/scenarios_Home_to_work__adv4_apple0_google0_samsung0_tile0__advtag-4c001219fc-4c001219fd-4c001219fe-4c001219ff__20260130_081310/scenario_tx-2s_rot-5min.csv,0,TAG_APPLE,80,7200.0,,3596.065901041031,67,1.4811152109255812,0.4925373134328358,0.4925373134328358,True,True,True,True,3
controlled/HtoW/scenarios_Home_to_work__adv4_apple0_google0_samsung0_tile0__advtag-4c001219fc-4c001219fd-4c001219fe-4c001219ff__20260130_081310/scenario_tx-2s_rot-5min.csv,1,TAG_APPLE,78,7200.0,,3593.361763715744,78,1.4635409325524058,0.0,0.0641025641025641,True,True,True,True,3
controlled/HtoW/scenarios_Home_to_work__adv4_apple0_google0_samsung0_tile0__advtag-4c001219fc-4c001219fd-4c001219fe-4c001219ff__20260130_081310/scenario_tx-2s_rot-5min.csv,3,TAG_TILE,1,3600.0,,2894.0326144695277,1,0.0,0.0,1.0,True,False,False,False,3
controlled/HtoW/scenarios_Home_to_work__adv4_apple0_google0_samsung0_tile0__advtag-4c001219fc-4c001219fd-4c001219fe-4c001219ff__20260130_081310/scenario_tx-2s_rot-5min.csv,4,TAG_TILE,1,3600.0,,277.4696617126465,1,0.0,0.0,0.0,False,False,False,False,3
controlled/HtoW/scenarios_Home_to_work__adv4_apple0_google0_samsung0_tile0__advtag-4c001219fc-4c001219fd-4c001219fe-4c001219ff__20260130_081310/scenario_tx-2s_rot-5min.csv,5,TAG_TILE,1,3600.0,,577.9147005081177,1,0.0,0.0,1.0,False,False,False,False,3
controlled/HtoW/scenarios_Home_to_work__adv4_apple0_google0_samsung0_tile0__advtag-4c001219fc-4c001219fd-4c001219fe-4c001219ff__20260130_081310/scenario_tx-2s_rot-5min.csv,1,TAG_APPLE,52,3600.0,,774.7857093811035,52,1.2002058455211286,0.019230769230769232,0.019230769230769232,False,True,True,False,3
controlled/HtoW/scenarios_Home_to_work__adv4_apple0_google0_samsung0_tile0__advtag-4c001219fc-4c001219fd-4c001219fe-4c001219ff__20260130_081310/scenario_tx-2s_rot-5min.csv,0,TAG_APPLE,36,3600.0,,775.856436252594,36,1.1420032158241085,0.25,0.25,False,True,True,False,3
controlled/HtoW/scenarios_Home_to_work__adv4_apple0_google0_samsung0_tile0__advtag-4c001219fc-4c001219fd-4c001219fe-4c001219ff__20260130_081310/scenario_tx-2s_rot-5min.csv,2,TAG_APPLE,3,3600.0,,749.1938815116882,3,0.2693307520659665,1.0,1.0,False,False,False,False,3
controlled/HtoW/scenarios_Home_to_work__adv4_apple0_google0_samsung0_tile0__advtag-4c001219fc-4c001219fd-4c001219fe-4c001219ff__20260130_081310/scenario_tx-2s_rot-5min.csv,3,TAG_TILE,2,3600.0,,504.30240750312805,2,0.0,0.0,0.0,False,False,False,False,3
controlled/HtoW/scenarios_Home_to_work__adv4_apple0_google0_samsung0_tile0__advtag-4c001219fc-4c001219fd-4c001219fe-4c001219ff__20260130_081310/scenario_tx-2s_rot-5min.csv,4,TAG_TILE,1,3600.0,,94.09704542160034,1,0.0,0.0,0.0,False,False,False,False,3
controlled/HtoW/scenarios_Home_to_work__adv4_apple0_google0_samsung0_tile0__advtag-4c001219fc-4c001219fd-4c001219fe-4c001219ff__20260130_081310/scenario_tx-2s_rot-5min.csv,5,TAG_TILE,1,3600.0,,0.0,1,0.0,0.0,0.0,False,False,False,False,3
controlled/HtoW/scenarios_Home_to_work__adv4_apple0_google0_samsung0_tile0__advtag-4c001219fc-4c001219fd-4c001219fe-4c001219ff__20260130_081310/scenario_tx-30s_rot-1min.csv,2,TAG_APPLE,13,3600.0,,3592.2188951969147,13,5.264374976388259,1.0,1.0,True,False,True,True,3
controlled/HtoW/scenarios_Home_to_work__adv4_apple0_google0_samsung0_tile0__advtag-4c001219fc-4c001219fd-4c001219fe-4c001219ff__20260130_081310/scenario_tx-30s_rot-1min.csv,1,TAG_APPLE,20,3600.0,,3536.1344408988953,20,2.1694320726394314,0.75,0.75,True,True,True,True,3
controlled/HtoW/scenarios_Home_to_work__adv4_apple0_google0_samsung0_tile0__advtag-4c001219fc-4c001219fd-4c001219fe-4c001219ff__20260130_081310/scenario_tx-30s_rot-1min.csv,0,TAG_APPLE,120,3600.0,,3597.0750226974487,120,1.6715488571782462,0.875,0.875,True,True,True,True,3
controlled/HtoW/scenarios_Home_to_work__adv4_apple0_google0_samsung0_tile0__advtag-4c001219fc-4c001219fd-4c001219fe-4c001219ff__20260130_081310/scenario_tx-30s_rot-1min.csv,0,TAG_APPLE,55,7200.0,,3592.6878731250763,43,1.7232547815516908,0.7209302325581395,0.7674418604651163,True,True,True,True,3
controlled/HtoW/scenarios_Home_to_work__adv4_apple0_google0_samsung0_tile0__advtag-4c001219fc-4c001219fd-4c001219fe-4c001219ff__20260130_081310/scenario_tx-30s_rot-1min.csv,2,TAG_APPLE,144,7200.0,,3593.8938233852386,127,1.5428766663302074,0.8267716535433071,0.8582677165354331,True,True,True,True,3
controlled/HtoW/scenarios_Home_to_work__adv4_apple0_google0_samsung0_tile0__advtag-4c001219fc-4c001219fd-4c001219fe-4c001219ff__20260130_081310/scenario_tx-30s_rot-1min.csv,1,TAG_APPLE,30,7200.0,,3565.5879135131836,30,1.3741613441111524,1.0,1.0,True,True,True,True,3
controlled/HtoW/scenarios_Home_to_work__adv4_apple0_google0_samsung0_tile0__advtag-4c001219fc-4c001219fd-4c001219fe-4c001219ff__20260130_081310/scenario_tx-30s_rot-1min.csv,3,TAG_TILE,1,3600.0,,2894.0326144695277,1,0.0,0.0,1.0,True,False,False,False,3
controlled/HtoW/scenarios_Home_to_work__adv4_apple0_google0_samsung0_tile0__advtag-4c001219fc-4c001219fd-4c001219fe-4c001219ff__20260130_081310/scenario_tx-30s_rot-1min.csv,4,TAG_TILE,1,3600.0,,277.4696617126465,1,0.0,0.0,1.0,False,False,False,False,3
controlled/HtoW/scenarios_Home_to_work__adv4_apple0_google0_samsung0_tile0__advtag-4c001219fc-4c001219fd-4c001219fe-4c001219ff__20260130_081310/scenario_tx-30s_rot-1min.csv,5,TAG_TILE,1,3600.0,,577.9147005081177,1,0.0,0.0,1.0,False,False,False,False,3
controlled/HtoW/scenarios_Home_to_work__adv4_apple0_google0_samsung0_tile0__advtag-4c001219fc-4c001219fd-4c001219fe-4c001219ff__20260130_081310/scenario_tx-30s_rot-1min.csv,1,TAG_APPLE,23,3600.0,,771.0463919639587,23,2.374064312893255,0.34782608695652173,0.34782608695652173,False,True,True,False,3
controlled/HtoW/scenarios_Home_to_work__adv4_apple0_google0_samsung0_tile0__advtag-4c001219fc-4c001219fd-4c001219fe-4c001219ff__20260130_081310/scenario_tx-30s_rot-1min.csv,2,TAG_APPLE,79,3600.0,,769.5311436653137,79,1.5837352901265092,0.3670886075949367,0.3670886075949367,False,True,True,False,3
controlled/HtoW/scenarios_Home_to_work__adv4_apple0_google0_samsung0_tile0__advtag-4c001219fc-4c001219fd-4c001219fe-4c001219ff__20260130_081310/scenario_tx-30s_rot-1min.csv,0,TAG_APPLE,12,3600.0,,713.9387011528015,12,1.2904055066529465,0.9166666666666666,0.9166666666666666,False,False,True,False,3
controlled/HtoW/scenarios_Home_to_work__adv4_apple0_google0_samsung0_tile0__advtag-4c001219fc-4c001219fd-4c001219fe-4c001219ff__20260130_081310/scenario_tx-30s_rot-1min.csv,3,TAG_TILE,2,3600.0,,504.30240750312805,2,0.0,0.0,0.0,False,False,False,False,3
controlled/HtoW/scenarios_Home_to_work__adv4_apple0_google0_samsung0_tile0__advtag-4c001219fc-4c001219fd-4c001219fe-4c001219ff__20260130_081310/scenario_tx-30s_rot-1min.csv,4,TAG_TILE,1,3600.0,,94.09704542160034,1,0.0,0.0,0.0,False,False,False,False,3
controlled/HtoW/scenarios_Home_to_work__adv4_apple0_google0_samsung0_tile0__advtag-4c001219fc-4c001219fd-4c001219fe-4c001219ff__20260130_081310/scenario_tx-30s_rot-1min.csv,5,TAG_TILE,1,3600.0,,0.0,1,0.0,0.0,1.0,False,False,False,False,3
controlled/HtoW/scenarios_Home_to_work__adv4_apple0_google0_samsung0_tile0__advtag-4c001219fc-4c001219fd-4c001219fe-4c001219ff__20260130_081310/scenario_tx-15s_rot-30s.csv,0,TAG_APPLE,44,3600.0,,3564.4044392108917,44,2.232275037983117,1.0,1.0,True,True,True,True,3
controlled/HtoW/scenarios_Home_to_work__adv4_apple0_google0_samsung0_tile0__advtag-4c001219fc-4c001219fd-4c001219fe-4c001219ff__20260130_081310/scenario_tx-15s_rot-30s.csv,1,TAG_APPLE,22,3600.0,,3536.1344408988953,22,1.7758336857486021,0.7727272727272727,0.7727272727272727,True,True,True,True,3
controlled/HtoW/scenarios_Home_to_work__adv4_apple0_google0_samsung0_tile0__advtag-4c001219fc-4c001219fd-4c001219fe-4c001219ff__20260130_081310/scenario_tx-15s_rot-30s.csv,2,TAG_APPLE,129,3600.0,,3597.0750226974487,129,1.6701917283015546,0.9844961240310077,0.9844961240310077,True,True,True,True,3
controlled/HtoW/scenarios_Home_to_work__adv4_apple0_google0_samsung0_tile0__advtag-4c001219fc-4c001219fd-4c001219fe-4c001219ff__20260130_081310/scenario_tx-15s_rot-30s.csv,3,TAG_APPLE,16,7200.0,,3579.445692062378,16,2.6862915908541063,1.0,1.0,True,True,True,True,4
controlled/HtoW/scenarios_Home_to_work__adv4_apple0_google0_samsung0_tile0__advtag-4c001219fc-4c001219fd-4c001219fe-4c001219ff__20260130_081310/scenario_tx-15s_rot-30s.csv,0,TAG_APPLE,67,7200.0,,3551.050879716873,55,1.9796320626408532,0.9272727272727272,0.9818181818181818,True,True,True,True,4
controlled/HtoW/scenarios_Home_to_work__adv4_apple0_google0_samsung0_tile0__advtag-4c001219fc-4c001219fd-4c001219fe-4c001219ff__20260130_081310/scenario_tx-15s_rot-30s.csv,1,TAG_APPLE,63,7200.0,,3566.980021238327,63,1.9315313114652655,0.9841269841269841,1.0,True,True,True,True,4
controlled/HtoW/scenarios_Home_to_work__adv4_apple0_google0_samsung0_tile0__advtag-4c001219fc-4c001219fd-4c001219fe-4c001219ff__20260130_081310/scenario_tx-15s_rot-30s.csv,2,TAG_APPLE,132,7200.0,,3591.124566555023,114,1.8504841563373244,0.9473684210526315,0.9912280701754386,True,True,True,True,4
controlled/HtoW/scenarios_Home_to_work__adv4_apple0_google0_samsung0_tile0__advtag-4c001219fc-4c001219fd-4c001219fe-4c001219ff__20260130_081310/scenario_tx-15s_rot-30s.csv,4,TAG_TILE,1,3600.0,,2894.0326144695277,1,0.0,0.0,1.0,True,False,False,False,3
controlled/HtoW/scenarios_Home_to_work__adv4_apple0_google0_samsung0_tile0__advtag-4c001219fc-4c001219fd-4c001219fe-4c001219ff__20260130_081310/scenario_tx-15s_rot-30s.csv,5,TAG_TILE,1,3600.0,,277.4696617126465,1,0.0,0.0,1.0,False,False,False,False,3
controlled/HtoW/scenarios_Home_to_work__adv4_apple0_google0_samsung0_tile0__advtag-4c001219fc-4c001219fd-4c001219fe-4c001219ff__20260130_081310/scenario_tx-15s_rot-30s.csv,6,TAG_TILE,1,3600.0,,577.9147005081177,1,0.0,0.0,1.0,False,False,False,False,3
controlled/HtoW/scenarios_Home_to_work__adv4_apple0_google0_samsung0_tile0__advtag-4c001219fc-4c001219fd-4c001219fe-4c001219ff__20260130_081310/scenario_tx-15s_rot-30s.csv,1,TAG_APPLE,23,3600.0,,771.0463919639587,23,2.85958616887815,0.391304347826087,0.391304347826087,False,True,True,False,3
controlled/HtoW/scenarios_Home_to_work__adv4_apple0_google0_samsung0_tile0__advtag-4c001219fc-4c001219fd-4c001219fe-4c001219ff__20260130_081310/scenario_tx-15s_rot-30s.csv,2,TAG_APPLE,13,3600.0,,644.6581337451926,13,2.7808590100616137,1.0,1.0,False,False,True,False,3
controlled/HtoW/scenarios_Home_to_work__adv4_apple0_google0_samsung0_tile0__advtag-4c001219fc-4c001219fd-4c001219fe-4c001219ff__20260130_081310/scenario_tx-15s_rot-30s.csv,0,TAG_APPLE,96,3600.0,,775.8121497631073,96,1.815058915333625,0.6458333333333334,0.6458333333333334,False,True,True,False,3
controlled/HtoW/scenarios_Home_to_work__adv4_apple0_google0_samsung0_tile0__advtag-4c001219fc-4c001219fd-4c001219fe-4c001219ff__20260130_081310/scenario_tx-15s_rot-30s.csv,3,TAG_TILE,2,3600.0,,504.30240750312805,2,0.0,0.0,0.5,False,False,False,False,3
controlled/HtoW/scenarios_Home_to_work__adv4_apple0_google0_samsung0_tile0__advtag-4c001219fc-4c001219fd-4c001219fe-4c001219ff__20260130_081310/scenario_tx-15s_rot-30s.csv,4,TAG_TILE,1,3600.0,,94.09704542160034,1,0.0,0.0,0.0,False,False,False,False,3
controlled/HtoW/scenarios_Home_to_work__adv4_apple0_google0_samsung0_tile0__advtag-4c001219fc-4c001219fd-4c001219fe-4c001219ff__20260130_081310/scenario_tx-15s_rot-30s.csv,5,TAG_TILE,1,3600.0,,0.0,1,0.0,0.0,1.0,False,False,False,False,3
controlled/HtoW/scenarios_Home_to_work__adv4_apple0_google0_samsung0_tile0__advtag-4c001219fc-4c001219fd-4c001219fe-4c001219ff__20260130_081310/scenario_tx-2s_rot-1min.csv,1,TAG_APPLE,20,3600.0,,3515.156191587448,20,6.666666622222222,1.0,1.0,True,True,True,True,3
controlled/HtoW/scenarios_Home_to_work__adv4_apple0_google0_samsung0_tile0__advtag-4c001219fc-4c001219fd-4c001219fe-4c001219ff__20260130_081310/scenario_tx-2s_rot-1min.csv,0,TAG_APPLE,132,3600.0,,3599.895208835602,132,2.610286775170285,0.8560606060606061,0.8560606060606061,True,True,True,True,3
controlled/HtoW/scenarios_Home_to_work__adv4_apple0_google0_samsung0_tile0__advtag-4c001219fc-4c001219fd-4c001219fe-4c001219ff__20260130_081310/scenario_tx-2s_rot-1min.csv,2,TAG_APPLE,9,3600.0,,2993.1013548374176,9,2.2302961089437217,0.6666666666666666,0.6666666666666666,True,False,True,True,3
controlled/HtoW/scenarios_Home_to_work__adv4_apple0_google0_samsung0_tile0__advtag-4c001219fc-4c001219fd-4c001219fe-4c001219ff__20260130_081310/scenario_tx-2s_rot-1min.csv,7,TAG_APPLE,22,7200.0,,3591.861386060715,22,6.0548222641167015,1.0,1.0,True,True,True,True,9
controlled/HtoW/scenarios_Home_to_work__adv4_apple0_google0_samsung0_tile0__advtag-4c001219fc-4c001219fd-4c001219fe-4c001219ff__20260130_081310/scenario_tx-2s_rot-1min.csv,6,TAG_APPLE,22,7200.0,,3581.801645040512,22,4.7791433192332375,1.0,1.0,True,True,True,True,9
controlled/HtoW/scenarios_Home_to_work__adv4_apple0_google0_samsung0_tile0__advtag-4c001219fc-4c001219fd-4c001219fe-4c001219ff__20260130_081310/scenario_tx-2s_rot-1min.csv,4,TAG_APPLE,32,7200.0,,3515.3156878948207,32,4.7780901772466065,0.96875,1.0,True,True,True,True,9
controlled/HtoW/scenarios_Home_to_work__adv4_apple0_google0_samsung0_tile0__advtag-4c001219fc-4c001219fd-4c001219fe-4c001219ff__20260130_081310/scenario_tx-2s_rot-1min.csv,2,TAG_APPLE,30,7200.0,,3591.656626224518,30,3.0006273255447184,1.0,1.0,True,True,True,True,9
controlled/HtoW/scenarios_Home_to_work__adv4_apple0_google0_samsung0_tile0__advtag-4c001219fc-4c001219fd-4c001219fe-4c001219ff__20260130_081310/scenario_tx-2s_rot-1min.csv,5,TAG_APPLE,55,7200.0,,3592.2758724689484,53,2.8676521066558194,0.8113207547169812,0.8867924528301887,True,True,True,True,9
controlled/HtoW/scenarios_Home_to_work__adv4_apple0_google0_samsung0_tile0__advtag-4c001219fc-4c001219fd-4c001219fe-4c001219ff__20260130_081310/scenario_tx-2s_rot-1min.csv,3,TAG_APPLE,25,7200.0,,3596.4468154907227,24,2.594136412149707,0.5,0.7083333333333334,True,True,True,True,9
controlled/HtoW/scenarios_Home_to_work__adv4_apple0_google0_samsung0_tile0__advtag-4c001219fc-4c001219fd-4c001219fe-4c001219ff__20260130_081310/scenario_tx-2s_rot-1min.csv,1,TAG_APPLE,17,7200.0,,3508.2829329967503,15,2.5332161720858455,0.5333333333333333,0.6666666666666666,True,True,True,True,9
controlled/HtoW/scenarios_Home_to_work__adv4_apple0_google0_samsung0_tile0__advtag-4c001219fc-4c001219fd-4c001219fe-4c001219ff__20260130_081310/scenario_tx-2s_rot-1min.csv,0,TAG_APPLE,28,7200.0,,3545.9539556503296,28,1.8867151578888393,0.0,0.39285714285714285,True,True,True,True,9
controlled/HtoW/scenarios_Home_to_work__adv4_apple0_google0_samsung0_tile0__advtag-4c001219fc-4c001219fd-4c001219fe-4c001219ff__20260130_081310/scenario_tx-2s_rot-1min.csv,8,TAG_APPLE,2,3600.0,,2556.4808237552643,2,0.0,0.5,0.5,True,False,False,False,9
controlled/HtoW/scenarios_Home_to_work__adv4_apple0_google0_samsung0_tile0__advtag-4c001219fc-4c001219fd-4c001219fe-4c001219ff__20260130_081310/scenario_tx-2s_rot-1min.csv,9,TAG_TILE,1,3600.0,,2894.0326144695277,1,0.0,0.0,1.0,True,False,False,False,3
controlled/HtoW/scenarios_Home_to_work__adv4_apple0_google0_samsung0_tile0__advtag-4c001219fc-4c001219fd-4c001219fe-4c001219ff__20260130_081310/scenario_tx-2s_rot-1min.csv,10,TAG_TILE,1,3600.0,,277.4696617126465,1,0.0,0.0,1.0,False,False,False,False,3
controlled/HtoW/scenarios_Home_to_work__adv4_apple0_google0_samsung0_tile0__advtag-4c001219fc-4c001219fd-4c001219fe-4c001219ff__20260130_081310/scenario_tx-2s_rot-1min.csv,11,TAG_TILE,1,3600.0,,577.9147005081177,1,0.0,0.0,1.0,False,False,False,False,3
controlled/HtoW/scenarios_Home_to_work__adv4_apple0_google0_samsung0_tile0__advtag-4c001219fc-4c001219fd-4c001219fe-4c001219ff__20260130_081310/scenario_tx-2s_rot-1min.csv,2,TAG_APPLE,6,3600.0,,719.3494853973389,6,3.687871348005989,1.0,1.0,False,False,True,False,3
controlled/HtoW/scenarios_Home_to_work__adv4_apple0_google0_samsung0_tile0__advtag-4c001219fc-4c001219fd-4c001219fe-4c001219ff__20260130_081310/scenario_tx-2s_rot-1min.csv,0,TAG_APPLE,69,3600.0,,775.856436252594,69,1.8942519043124668,0.6086956521739131,0.6086956521739131,False,True,True,False,3
controlled/HtoW/scenarios_Home_to_work__adv4_apple0_google0_samsung0_tile0__advtag-4c001219fc-4c001219fd-4c001219fe-4c001219ff__20260130_081310/scenario_tx-2s_rot-1min.csv,1,TAG_APPLE,36,3600.0,,636.8608703613281,36,1.6146237814123792,0.027777777777777776,0.027777777777777776,False,True,True,False,3
controlled/HtoW/scenarios_Home_to_work__adv4_apple0_google0_samsung0_tile0__advtag-4c001219fc-4c001219fd-4c001219fe-4c001219ff__20260130_081310/scenario_tx-2s_rot-1min.csv,3,TAG_TILE,2,3600.0,,504.30240750312805,2,0.0,0.0,0.5,False,False,False,False,3
controlled/HtoW/scenarios_Home_to_work__adv4_apple0_google0_samsung0_tile0__advtag-4c001219fc-4c001219fd-4c001219fe-4c001219ff__20260130_081310/scenario_tx-2s_rot-1min.csv,4,TAG_TILE,1,3600.0,,94.09704542160034,1,0.0,0.0,0.0,False,False,False,False,3
controlled/HtoW/scenarios_Home_to_work__adv4_apple0_google0_samsung0_tile0__advtag-4c001219fc-4c001219fd-4c001219fe-4c001219ff__20260130_081310/scenario_tx-2s_rot-1min.csv,5,TAG_TILE,1,3600.0,,0.0,1,0.0,0.0,0.0,False,False,False,False,3
controlled/HtoW/scenarios_Home_to_work__adv4_apple0_google0_samsung0_tile0__advtag-4c001219fc-4c001219fd-4c001219fe-4c001219ff__20260130_081310/scenario_tx-30s_rot-5min.csv,2,TAG_APPLE,10,3600.0,,3592.2188951969147,10,2.9278039423353515,1.0,1.0,True,False,True,True,3
controlled/HtoW/scenarios_Home_to_work__adv4_apple0_google0_samsung0_tile0__advtag-4c001219fc-4c001219fd-4c001219fe-4c001219ff__20260130_081310/scenario_tx-30s_rot-5min.csv,1,TAG_APPLE,22,3600.0,,3599.8917768001556,22,1.9749398658781725,0.2727272727272727,0.2727272727272727,True,True,True,True,3
controlled/HtoW/scenarios_Home_to_work__adv4_apple0_google0_samsung0_tile0__advtag-4c001219fc-4c001219fd-4c001219fe-4c001219ff__20260130_081310/scenario_tx-30s_rot-5min.csv,0,TAG_APPLE,58,3600.0,,3597.0750226974487,58,1.7096501165196374,0.3793103448275862,0.3793103448275862,True,True,True,True,3
controlled/HtoW/scenarios_Home_to_work__adv4_apple0_google0_samsung0_tile0__advtag-4c001219fc-4c001219fd-4c001219fe-4c001219ff__20260130_081310/scenario_tx-30s_rot-5min.csv,2,TAG_APPLE,8,7200.0,,3565.5879135131836,8,2.0674018016401314,1.0,1.0,True,False,True,True,3
controlled/HtoW/scenarios_Home_to_work__adv4_apple0_google0_samsung0_tile0__advtag-4c001219fc-4c001219fd-4c001219fe-4c001219ff__20260130_081310/scenario_tx-30s_rot-5min.csv,0,TAG_APPLE,102,7200.0,,3593.8938233852386,95,1.5542171379968044,0.2631578947368421,0.2631578947368421,True,True,True,True,3
controlled/HtoW/scenarios_Home_to_work__adv4_apple0_google0_samsung0_tile0__advtag-4c001219fc-4c001219fd-4c001219fe-4c001219ff__20260130_081310/scenario_tx-30s_rot-5min.csv,1,TAG_APPLE,53,7200.0,,3589.3936326503754,42,1.1847389113017701,0.23809523809523808,0.2619047619047619,True,True,True,True,3
controlled/HtoW/scenarios_Home_to_work__adv4_apple0_google0_samsung0_tile0__advtag-4c001219fc-4c001219fd-4c001219fe-4c001219ff__20260130_081310/scenario_tx-30s_rot-5min.csv,3,TAG_TILE,1,3600.0,,2894.0326144695277,1,0.0,0.0,0.0,True,False,False,False,3
controlled/HtoW/scenarios_Home_to_work__adv4_apple0_google0_samsung0_tile0__advtag-4c001219fc-4c001219fd-4c001219fe-4c001219ff__20260130_081310/scenario_tx-30s_rot-5min.csv,4,TAG_TILE,1,3600.0,,277.4696617126465,1,0.0,0.0,1.0,False,False,False,False,3
controlled/HtoW/scenarios_Home_to_work__adv4_apple0_google0_samsung0_tile0__advtag-4c001219fc-4c001219fd-4c001219fe-4c001219ff__20260130_081310/scenario_tx-30s_rot-5min.csv,5,TAG_TILE,1,3600.0,,577.9147005081177,1,0.0,0.0,0.0,False,False,False,False,3
controlled/HtoW/scenarios_Home_to_work__adv4_apple0_google0_samsung0_tile0__advtag-4c001219fc-4c001219fd-4c001219fe-4c001219ff__20260130_081310/scenario_tx-30s_rot-5min.csv,0,TAG_APPLE,36,3600.0,,771.7917475700378,36,1.3433957334994342,0.19444444444444445,0.19444444444444445,False,True,True,False,3
controlled/HtoW/scenarios_Home_to_work__adv4_apple0_google0_samsung0_tile0__advtag-4c001219fc-4c001219fd-4c001219fe-4c001219ff__20260130_081310/scenario_tx-30s_rot-5min.csv,1,TAG_APPLE,53,3600.0,,636.8608703613281,53,1.132475401482091,0.018867924528301886,0.018867924528301886,False,True,True,False,3
controlled/HtoW/scenarios_Home_to_work__adv4_apple0_google0_samsung0_tile0__advtag-4c001219fc-4c001219fd-4c001219fe-4c001219ff__20260130_081310/scenario_tx-30s_rot-5min.csv,2,TAG_APPLE,3,3600.0,,772.0474426746368,3,0.2401446999292457,1.0,1.0,False,False,False,False,3
controlled/HtoW/scenarios_Home_to_work__adv4_apple0_google0_samsung0_tile0__advtag-4c001219fc-4c001219fd-4c001219fe-4c001219ff__20260130_081310/scenario_tx-30s_rot-5min.csv,3,TAG_TILE,2,3600.0,,504.30240750312805,2,0.0,0.0,0.5,False,False,False,False,3
controlled/HtoW/scenarios_Home_to_work__adv4_apple0_google0_samsung0_tile0__advtag-4c001219fc-4c001219fd-4c001219fe-4c001219ff__20260130_081310/scenario_tx-30s_rot-5min.csv,4,TAG_TILE,1,3600.0,,94.09704542160034,1,0.0,0.0,0.0,False,False,False,False,3
controlled/HtoW/scenarios_Home_to_work__adv4_apple0_google0_samsung0_tile0__advtag-4c001219fc-4c001219fd-4c001219fe-4c001219ff__20260130_081310/scenario_tx-30s_rot-5min.csv,5,TAG_TILE,1,3600.0,,0.0,1,0.0,0.0,0.0,False,False,False,False,3
controlled/HtoW/scenarios_Home_to_work__adv4_apple0_google0_samsung0_tile0__advtag-4c001219fc-4c001219fd-4c001219fe-4c001219ff__20260130_081310/scenario_tx-30s_rot-30s.csv,1,TAG_APPLE,20,3600.0,,3537.213711977005,20,2.0099212981908257,1.0,1.0,True,True,True,True,3
controlled/HtoW/scenarios_Home_to_work__adv4_apple0_google0_samsung0_tile0__advtag-4c001219fc-4c001219fd-4c001219fe-4c001219ff__20260130_081310/scenario_tx-30s_rot-30s.csv,2,TAG_APPLE,16,3600.0,,3456.1718659400944,16,1.8777247295567714,1.0,1.0,True,True,True,True,3
controlled/HtoW/scenarios_Home_to_work__adv4_apple0_google0_samsung0_tile0__advtag-4c001219fc-4c001219fd-4c001219fe-4c001219ff__20260130_081310/scenario_tx-30s_rot-30s.csv,0,TAG_APPLE,150,3600.0,,3597.0750226974487,150,1.2296169903422107,0.9866666666666667,0.9866666666666667,True,True,True,True,3
controlled/HtoW/scenarios_Home_to_work__adv4_apple0_google0_samsung0_tile0__advtag-4c001219fc-4c001219fd-4c001219fe-4c001219ff__20260130_081310/scenario_tx-30s_rot-30s.csv,2,TAG_APPLE,23,7200.0,,3075.4754061698914,23,3.2838316971384964,1.0,1.0,True,True,True,True,3
controlled/HtoW/scenarios_Home_to_work__adv4_apple0_google0_samsung0_tile0__advtag-4c001219fc-4c001219fd-4c001219fe-4c001219ff__20260130_081310/scenario_tx-30s_rot-30s.csv,0,TAG_APPLE,72,7200.0,,3549.17089176178,60,2.006088724581931,0.95,0.9833333333333333,True,True,True,True,3
controlled/HtoW/scenarios_Home_to_work__adv4_apple0_google0_samsung0_tile0__advtag-4c001219fc-4c001219fd-4c001219fe-4c001219ff__20260130_081310/scenario_tx-30s_rot-30s.csv,1,TAG_APPLE,178,7200.0,,3593.8938233852386,146,1.1236873265263605,0.9383561643835616,0.9726027397260274,True,True,True,True,3
controlled/HtoW/scenarios_Home_to_work__adv4_apple0_google0_samsung0_tile0__advtag-4c001219fc-4c001219fd-4c001219fe-4c001219ff__20260130_081310/scenario_tx-30s_rot-30s.csv,3,TAG_TILE,1,3600.0,,2894.0326144695277,1,0.0,0.0,1.0,True,False,False,False,3
controlled/HtoW/scenarios_Home_to_work__adv4_apple0_google0_samsung0_tile0__advtag-4c001219fc-4c001219fd-4c001219fe-4c001219ff__20260130_081310/scenario_tx-30s_rot-30s.csv,4,TAG_TILE,1,3600.0,,277.4696617126465,1,0.0,0.0,1.0,False,False,False,False,3
controlled/HtoW/scenarios_Home_to_work__adv4_apple0_google0_samsung0_tile0__advtag-4c001219fc-4c001219fd-4c001219fe-4c001219ff__20260130_081310/scenario_tx-30s_rot-30s.csv,5,TAG_TILE,1,3600.0,,577.9147005081177,1,0.0,0.0,1.0,False,False,False,False,3
controlled/HtoW/scenarios_Home_to_work__adv4_apple0_google0_samsung0_tile0__advtag-4c001219fc-4c001219fd-4c001219fe-4c001219ff__20260130_081310/scenario_tx-30s_rot-30s.csv,1,TAG_APPLE,24,3600.0,,771.0463919639587,24,2.3034925273221725,0.4166666666666667,0.4166666666666667,False,True,True,False,3
controlled/HtoW/scenarios_Home_to_work__adv4_apple0_google0_samsung0_tile0__advtag-4c001219fc-4c001219fd-4c001219fe-4c001219ff__20260130_081310/scenario_tx-30s_rot-30s.csv,2,TAG_APPLE,80,3600.0,,770.4468657970428,80,1.628652231235963,0.625,0.625,False,True,True,False,3
controlled/HtoW/scenarios_Home_to_work__adv4_apple0_google0_samsung0_tile0__advtag-4c001219fc-4c001219fd-4c001219fe-4c001219ff__20260130_081310/scenario_tx-30s_rot-30s.csv,0,TAG_APPLE,20,3600.0,,738.876148223877,20,1.2828259840586964,1.0,1.0,False,True,True,False,3
controlled/HtoW/scenarios_Home_to_work__adv4_apple0_google0_samsung0_tile0__advtag-4c001219fc-4c001219fd-4c001219fe-4c001219ff__20260130_081310/scenario_tx-30s_rot-30s.csv,3,TAG_TILE,2,3600.0,,504.30240750312805,2,0.0,0.0,0.5,False,False,False,False,3
controlled/HtoW/scenarios_Home_to_work__adv4_apple0_google0_samsung0_tile0__advtag-4c001219fc-4c001219fd-4c001219fe-4c001219ff__20260130_081310/scenario_tx-30s_rot-30s.csv,4,TAG_TILE,1,3600.0,,94.09704542160034,1,0.0,0.0,0.0,False,False,False,False,3
controlled/HtoW/scenarios_Home_to_work__adv4_apple0_google0_samsung0_tile0__advtag-4c001219fc-4c001219fd-4c001219fe-4c001219ff__20260130_081310/scenario_tx-30s_rot-30s.csv,5,TAG_TILE,1,3600.0,,0.0,1,0.0,0.0,0.0,False,False,False,False,3
controlled/HtoW/scenarios_Home_to_work__adv4_apple0_google0_samsung0_tile0__advtag-4c001219fc-4c001219fd-4c001219fe-4c001219ff__20260130_081310/scenario_tx-2s_rot-10s.csv,0,TAG_APPLE,134,3600.0,,3597.8768231868744,134,1.457303559431002,1.0,1.0,True,True,True,True,4
controlled/HtoW/scenarios_Home_to_work__adv4_apple0_google0_samsung0_tile0__advtag-4c001219fc-4c001219fd-4c001219fe-4c001219ff__20260130_081310/scenario_tx-2s_rot-10s.csv,2,TAG_APPLE,42,3600.0,,3585.518798828125,42,1.3881208922778527,1.0,1.0,True,True,True,True,4
controlled/HtoW/scenarios_Home_to_work__adv4_apple0_google0_samsung0_tile0__advtag-4c001219fc-4c001219fd-4c001219fe-4c001219ff__20260130_081310/scenario_tx-2s_rot-10s.csv,3,TAG_APPLE,13,3600.0,,3528.0391125679016,13,1.069693566276381,1.0,1.0,True,False,True,True,4
controlled/HtoW/scenarios_Home_to_work__adv4_apple0_google0_samsung0_tile0__advtag-4c001219fc-4c001219fd-4c001219fe-4c001219ff__20260130_081310/scenario_tx-2s_rot-10s.csv,1,TAG_APPLE,9,3600.0,,3596.5190572738647,9,0.9047596015711581,1.0,1.0,True,False,False,False,4
controlled/HtoW/scenarios_Home_to_work__adv4_apple0_google0_samsung0_tile0__advtag-4c001219fc-4c001219fd-4c001219fe-4c001219ff__20260130_081310/scenario_tx-2s_rot-10s.csv,2,TAG_APPLE,18,3600.0,,573.6459155082703,18,2.73466215587542,1.0,1.0,False,True,True,False,3
controlled/HtoW/scenarios_Home_to_work__adv4_apple0_google0_samsung0_tile0__advtag-4c001219fc-4c001219fd-4c001219fe-4c001219ff__20260130_081310/scenario_tx-2s_rot-10s.csv,1,TAG_APPLE,53,7200.0,,3518.664603471756,41,1.679526234010112,0.975609756097561,1.0,True,True,True,True,3
controlled/HtoW/scenarios_Home_to_work__adv4_apple0_google0_samsung0_tile0__advtag-4c001219fc-4c001219fd-4c001219fe-4c001219ff__20260130_081310/scenario_tx-2s_rot-10s.csv,0,TAG_APPLE,279,7200.0,,3593.8938233852386,179,1.1371643496619943,1.0,1.0,True,True,True,True,3
controlled/HtoW/scenarios_Home_to_work__adv4_apple0_google0_samsung0_tile0__advtag-4c001219fc-4c001219fd-4c001219fe-4c001219ff__20260130_081310/scenario_tx-2s_rot-10s.csv,3,TAG_TILE,1,3600.0,,2894.0326144695277,1,0.0,0.0,1.0,True,False,False,False,3
controlled/HtoW/scenarios_Home_to_work__adv4_apple0_google0_samsung0_tile0__advtag-4c001219fc-4c001219fd-4c001219fe-4c001219ff__20260130_081310/scenario_tx-2s_rot-10s.csv,4,TAG_TILE,1,3600.0,,277.4696617126465,1,0.0,0.0,1.0,False,False,False,False,3
controlled/HtoW/scenarios_Home_to_work__adv4_apple0_google0_samsung0_tile0__advtag-4c001219fc-4c001219fd-4c001219fe-4c001219ff__20260130_081310/scenario_tx-2s_rot-10s.csv,5,TAG_TILE,1,3600.0,,577.9147005081177,1,0.0,0.0,1.0,False,False,False,False,3
controlled/HtoW/scenarios_Home_to_work__adv4_apple0_google0_samsung0_tile0__advtag-4c001219fc-4c001219fd-4c001219fe-4c001219ff__20260130_081310/scenario_tx-2s_rot-10s.csv,1,TAG_APPLE,23,3600.0,,775.8454170227051,23,2.224062785151289,0.8260869565217391,0.8260869565217391,False,True,True,False,3
controlled/HtoW/scenarios_Home_to_work__adv4_apple0_google0_samsung0_tile0__advtag-4c001219fc-4c001219fd-4c001219fe-4c001219ff__20260130_081310/scenario_tx-2s_rot-10s.csv,0,TAG_APPLE,134,3600.0,,777.0020267963409,134,1.5549659330074852,0.9328358208955224,0.9328358208955224,False,True,True,False,3
controlled/HtoW/scenarios_Home_to_work__adv4_apple0_google0_samsung0_tile0__advtag-4c001219fc-4c001219fd-4c001219fe-4c001219ff__20260130_081310/scenario_tx-2s_rot-10s.csv,2,TAG_APPLE,21,3600.0,,749.1938815116882,21,1.4900028367934772,1.0,1.0,False,True,True,False,3
controlled/HtoW/scenarios_Home_to_work__adv4_apple0_google0_samsung0_tile0__advtag-4c001219fc-4c001219fd-4c001219fe-4c001219ff__20260130_081310/scenario_tx-2s_rot-10s.csv,3,TAG_TILE,2,3600.0,,504.30240750312805,2,0.0,0.0,1.0,False,False,False,False,3
controlled/HtoW/scenarios_Home_to_work__adv4_apple0_google0_samsung0_tile0__advtag-4c001219fc-4c001219fd-4c001219fe-4c001219ff__20260130_081310/scenario_tx-2s_rot-10s.csv,4,TAG_TILE,1,3600.0,,94.09704542160034,1,0.0,0.0,0.0,False,False,False,False,3
controlled/HtoW/scenarios_Home_to_work__adv4_apple0_google0_samsung0_tile0__advtag-4c001219fc-4c001219fd-4c001219fe-4c001219ff__20260130_081310/scenario_tx-2s_rot-10s.csv,5,TAG_TILE,1,3600.0,,0.0,1,0.0,0.0,1.0,False,False,False,False,3
controlled/HtoW/scenarios_Home_to_work__adv4_apple0_google0_samsung0_tile0__advtag-4c001219fc-4c001219fd-4c001219fe-4c001219ff__20260130_081310/scenario_tx-2s_rot-2s.csv,2,TAG_APPLE,50,3600.0,,3596.1498172283173,50,1.2257114612643634,1.0,1.0,True,True,True,True,3
controlled/HtoW/scenarios_Home_to_work__adv4_apple0_google0_samsung0_tile0__advtag-4c001219fc-4c001219fd-4c001219fe-4c001219ff__20260130_081310/scenario_tx-2s_rot-2s.csv,1,TAG_APPLE,129,3600.0,,3598.261323928833,129,1.0119099718399631,1.0,1.0,True,True,True,True,3
controlled/HtoW/scenarios_Home_to_work__adv4_apple0_google0_samsung0_tile0__advtag-4c001219fc-4c001219fd-4c001219fe-4c001219ff__20260130_081310/scenario_tx-2s_rot-2s.csv,0,TAG_APPLE,19,3600.0,,3599.8917768001556,19,0.5882461016770654,1.0,1.0,True,True,False,False,3
controlled/HtoW/scenarios_Home_to_work__adv4_apple0_google0_samsung0_tile0__advtag-4c001219fc-4c001219fd-4c001219fe-4c001219ff__20260130_081310/scenario_tx-2s_rot-2s.csv,3,TAG_APPLE,168,7200.0,,3481.056868314743,165,3.0653761841106286,1.0,1.0,True,True,True,True,5
controlled/HtoW/scenarios_Home_to_work__adv4_apple0_google0_samsung0_tile0__advtag-4c001219fc-4c001219fd-4c001219fe-4c001219ff__20260130_081310/scenario_tx-2s_rot-2s.csv,4,TAG_APPLE,78,3600.0,,595.137309551239,78,1.3227462098598917,1.0,1.0,False,True,True,False,5
controlled/HtoW/scenarios_Home_to_work__adv4_apple0_google0_samsung0_tile0__advtag-4c001219fc-4c001219fd-4c001219fe-4c001219ff__20260130_081310/scenario_tx-2s_rot-2s.csv,2,TAG_APPLE,70,3600.0,,593.4189486503601,70,1.2648873973440542,1.0,1.0,False,True,True,False,5
controlled/HtoW/scenarios_Home_to_work__adv4_apple0_google0_samsung0_tile0__advtag-4c001219fc-4c001219fd-4c001219fe-4c001219ff__20260130_081310/scenario_tx-2s_rot-2s.csv,0,TAG_APPLE,51,7200.0,,3592.6878731250763,40,1.2523585752839412,1.0,1.0,True,True,True,True,5
controlled/HtoW/scenarios_Home_to_work__adv4_apple0_google0_samsung0_tile0__advtag-4c001219fc-4c001219fd-4c001219fe-4c001219ff__20260130_081310/scenario_tx-2s_rot-2s.csv,1,TAG_APPLE,25,3600.0,,586.9226868152618,25,1.0730229238324602,1.0,1.0,False,True,True,False,5
controlled/HtoW/scenarios_Home_to_work__adv4_apple0_google0_samsung0_tile0__advtag-4c001219fc-4c001219fd-4c001219fe-4c001219ff__20260130_081310/scenario_tx-2s_rot-2s.csv,5,TAG_TILE,1,3600.0,,2894.0326144695277,1,0.0,0.0,1.0,True,False,False,False,3
controlled/HtoW/scenarios_Home_to_work__adv4_apple0_google0_samsung0_tile0__advtag-4c001219fc-4c001219fd-4c001219fe-4c001219ff__20260130_081310/scenario_tx-2s_rot-2s.csv,6,TAG_TILE,1,3600.0,,277.4696617126465,1,0.0,0.0,1.0,False,False,False,False,3
controlled/HtoW/scenarios_Home_to_work__adv4_apple0_google0_samsung0_tile0__advtag-4c001219fc-4c001219fd-4c001219fe-4c001219ff__20260130_081310/scenario_tx-2s_rot-2s.csv,7,TAG_TILE,1,3600.0,,577.9147005081177,1,0.0,0.0,1.0,False,False,False,False,3
controlled/HtoW/scenarios_Home_to_work__adv4_apple0_google0_samsung0_tile0__advtag-4c001219fc-4c001219fd-4c001219fe-4c001219ff__20260130_081310/scenario_tx-2s_rot-2s.csv,1,TAG_APPLE,23,3600.0,,771.0463919639587,23,1.7684498203284433,0.9565217391304348,0.9565217391304348,False,True,True,False,4
controlled/HtoW/scenarios_Home_to_work__adv4_apple0_google0_samsung0_tile0__advtag-4c001219fc-4c001219fd-4c001219fe-4c001219ff__20260130_081310/scenario_tx-2s_rot-2s.csv,0,TAG_APPLE,90,3600.0,,774.511554479599,90,1.3809445317450462,0.9888888888888889,0.9888888888888889,False,True,True,False,4
controlled/HtoW/scenarios_Home_to_work__adv4_apple0_google0_samsung0_tile0__advtag-4c001219fc-4c001219fd-4c001219fe-4c001219ff__20260130_081310/scenario_tx-2s_rot-2s.csv,2,TAG_APPLE,68,3600.0,,775.8011305332184,68,1.153609218712232,0.9852941176470589,0.9852941176470589,False,True,True,False,4
controlled/HtoW/scenarios_Home_to_work__adv4_apple0_google0_samsung0_tile0__advtag-4c001219fc-4c001219fd-4c001219fe-4c001219ff__20260130_081310/scenario_tx-2s_rot-2s.csv,3,TAG_APPLE,15,3600.0,,691.7857053279877,15,1.0240596952001577,1.0,1.0,False,True,True,False,4
controlled/HtoW/scenarios_Home_to_work__adv4_apple0_google0_samsung0_tile0__advtag-4c001219fc-4c001219fd-4c001219fe-4c001219ff__20260130_081310/scenario_tx-2s_rot-2s.csv,4,TAG_TILE,2,3600.0,,504.30240750312805,2,0.0,0.0,1.0,False,False,False,False,3
controlled/HtoW/scenarios_Home_to_work__adv4_apple0_google0_samsung0_tile0__advtag-4c001219fc-4c001219fd-4c001219fe-4c001219ff__20260130_081310/scenario_tx-2s_rot-2s.csv,5,TAG_TILE,1,3600.0,,94.09704542160034,1,0.0,0.0,1.0,False,False,False,False,3
controlled/HtoW/scenarios_Home_to_work__adv4_apple0_google0_samsung0_tile0__advtag-4c001219fc-4c001219fd-4c001219fe-4c001219ff__20260130_081310/scenario_tx-2s_rot-2s.csv,6,TAG_TILE,1,3600.0,,0.0,1,0.0,0.0,1.0,False,False,False,False,3
controlled/HtoW/scenarios_Home_to_work__adv4_apple0_google0_samsung0_tile0__advtag-4c001219fc-4c001219fd-4c001219fe-4c001219ff__20260130_081310/scenario_tx-2s_rot-30s.csv,1,TAG_APPLE,22,3600.0,,3598.9700033664703,22,2.30773520081691,0.9545454545454546,0.9545454545454546,True,True,True,True,3
controlled/HtoW/scenarios_Home_to_work__adv4_apple0_google0_samsung0_tile0__advtag-4c001219fc-4c001219fd-4c001219fe-4c001219ff__20260130_081310/scenario_tx-2s_rot-30s.csv,0,TAG_APPLE,131,3600.0,,3597.8768231868744,131,2.086242468212286,0.9770992366412213,0.9770992366412213,True,True,True,True,3
controlled/HtoW/scenarios_Home_to_work__adv4_apple0_google0_samsung0_tile0__advtag-4c001219fc-4c001219fd-4c001219fe-4c001219ff__20260130_081310/scenario_tx-2s_rot-30s.csv,2,TAG_APPLE,39,3600.0,,3538.010818004608,39,1.3941679151976367,1.0,1.0,True,True,True,True,3
controlled/HtoW/scenarios_Home_to_work__adv4_apple0_google0_samsung0_tile0__advtag-4c001219fc-4c001219fd-4c001219fe-4c001219ff__20260130_081310/scenario_tx-2s_rot-30s.csv,2,TAG_APPLE,19,7200.0,,3514.1654033660893,19,3.1852629958123084,1.0,1.0,True,True,True,True,3
controlled/HtoW/scenarios_Home_to_work__adv4_apple0_google0_samsung0_tile0__advtag-4c001219fc-4c001219fd-4c001219fe-4c001219ff__20260130_081310/scenario_tx-2s_rot-30s.csv,1,TAG_APPLE,20,7200.0,,3508.2829329967503,15,2.029083538738285,0.9333333333333333,1.0,True,True,True,True,3
controlled/HtoW/scenarios_Home_to_work__adv4_apple0_google0_samsung0_tile0__advtag-4c001219fc-4c001219fd-4c001219fe-4c001219ff__20260130_081310/scenario_tx-2s_rot-30s.csv,0,TAG_APPLE,236,7200.0,,3596.4468154907227,187,1.316350707493887,0.9786096256684492,0.9893048128342246,True,True,True,True,3
controlled/HtoW/scenarios_Home_to_work__adv4_apple0_google0_samsung0_tile0__advtag-4c001219fc-4c001219fd-4c001219fe-4c001219ff__20260130_081310/scenario_tx-2s_rot-30s.csv,3,TAG_TILE,1,3600.0,,2894.0326144695277,1,0.0,0.0,1.0,True,False,False,False,3
controlled/HtoW/scenarios_Home_to_work__adv4_apple0_google0_samsung0_tile0__advtag-4c001219fc-4c001219fd-4c001219fe-4c001219ff__20260130_081310/scenario_tx-2s_rot-30s.csv,4,TAG_TILE,1,3600.0,,277.4696617126465,1,0.0,0.0,1.0,False,False,False,False,3
controlled/HtoW/scenarios_Home_to_work__adv4_apple0_google0_samsung0_tile0__advtag-4c001219fc-4c001219fd-4c001219fe-4c001219ff__20260130_081310/scenario_tx-2s_rot-30s.csv,5,TAG_TILE,1,3600.0,,577.9147005081177,1,0.0,0.0,1.0,False,False,False,False,3
controlled/HtoW/scenarios_Home_to_work__adv4_apple0_google0_samsung0_tile0__advtag-4c001219fc-4c001219fd-4c001219fe-4c001219ff__20260130_081310/scenario_tx-2s_rot-30s.csv,1,TAG_APPLE,48,3600.0,,777.0020267963409,48,2.730969859424369,0.9166666666666666,0.9166666666666666,False,True,True,False,6
controlled/HtoW/scenarios_Home_to_work__adv4_apple0_google0_samsung0_tile0__advtag-4c001219fc-4c001219fd-4c001219fe-4c001219ff__20260130_081310/scenario_tx-2s_rot-30s.csv,3,TAG_APPLE,11,3600.0,,749.1938815116882,11,2.6137622897416977,1.0,1.0,False,False,True,False,6
controlled/HtoW/scenarios_Home_to_work__adv4_apple0_google0_samsung0_tile0__advtag-4c001219fc-4c001219fd-4c001219fe-4c001219ff__20260130_081310/scenario_tx-2s_rot-30s.csv,2,TAG_APPLE,20,3600.0,,775.856436252594,20,2.4817257622275095,0.45,0.45,False,True,True,False,6
controlled/HtoW/scenarios_Home_to_work__adv4_apple0_google0_samsung0_tile0__advtag-4c001219fc-4c001219fd-4c001219fe-4c001219ff__20260130_081310/scenario_tx-2s_rot-30s.csv,0,TAG_APPLE,42,3600.0,,713.302280664444,42,1.77863373823769,0.2619047619047619,0.2619047619047619,False,True,True,False,6
controlled/HtoW/scenarios_Home_to_work__adv4_apple0_google0_samsung0_tile0__advtag-4c001219fc-4c001219fd-4c001219fe-4c001219ff__20260130_081310/scenario_tx-2s_rot-30s.csv,4,TAG_APPLE,12,3600.0,,684.6402561664581,12,1.5442452791110313,0.9166666666666666,0.9166666666666666,False,False,True,False,6
controlled/HtoW/scenarios_Home_to_work__adv4_apple0_google0_samsung0_tile0__advtag-4c001219fc-4c001219fd-4c001219fe-4c001219ff__20260130_081310/scenario_tx-2s_rot-30s.csv,5,TAG_APPLE,2,3600.0,,288.0055932998657,2,0.0,0.5,0.5,False,False,False,False,6
controlled/HtoW/scenarios_Home_to_work__adv4_apple0_google0_samsung0_tile0__advtag-4c001219fc-4c001219fd-4c001219fe-4c001219ff__20260130_081310/scenario_tx-2s_rot-30s.csv,6,TAG_TILE,2,3600.0,,504.30240750312805,2,0.0,0.0,0.5,False,False,False,False,3
controlled/HtoW/scenarios_Home_to_work__adv4_apple0_google0_samsung0_tile0__advtag-4c001219fc-4c001219fd-4c001219fe-4c001219ff__20260130_081310/scenario_tx-2s_rot-30s.csv,7,TAG_TILE,1,3600.0,,94.09704542160034,1,0.0,0.0,1.0,False,False,False,False,3
controlled/HtoW/scenarios_Home_to_work__adv4_apple0_google0_samsung0_tile0__advtag-4c001219fc-4c001219fd-4c001219fe-4c001219ff__20260130_081310/scenario_tx-2s_rot-30s.csv,8,TAG_TILE,1,3600.0,,0.0,1,0.0,0.0,1.0,False,False,False,False,3
