src_file,periodic,block_s,step_s,n_blocks,periodic_min_persistence_s,confirmed_any,persist_confirmed,strict_any,n_tracks,gt_adv_mac_count,t0,ttd_confirm_time,blocks
controlled/HtoW/scenarios_Home_to_work__adv1_apple0_google0_samsung0_tile0__advtag-4c001219fc__20260130_081125/scenario_tx-30s_rot-15min.csv,True,3600.0,3000.0,3,1800.0,True,True,True,2,8,0.0,9600.0,"[{'src_file': 'controlled/HtoW/scenarios_Home_to_work__adv1_apple0_google0_samsung0_tile0__advtag-4c001219fc__20260130_081125/scenario_tx-30s_rot-15min.csv', 'n_segments': 63, 'gt_adv_mac_count': 4, 'n_clusters': 3, 'n_ranked': 3, 'strict_confirmed': True, 'confirmed_any': True, 'density_min': 1.0, 'block_start': 0.0, 'block_end': 3600.0}, {'src_file': 'controlled/HtoW/scenarios_Home_to_work__adv1_apple0_google0_samsung0_tile0__advtag-4c001219fc__20260130_081125/scenario_tx-30s_rot-15min.csv', 'n_segments': 147, 'gt_adv_mac_count': 5, 'n_clusters': 6, 'n_ranked': 6, 'strict_confirmed': True, 'confirmed_any': True, 'density_min': 1.0, 'block_start': 3000.0, 'block_end': 6600.0}, {'src_file': 'controlled/HtoW/scenarios_Home_to_work__adv1_apple0_google0_samsung0_tile0__advtag-4c001219fc__20260130_081125/scenario_tx-30s_rot-15min.csv', 'n_segments': 90, 'gt_adv_mac_count': 2, 'n_clusters': 6, 'n_ranked': 6, 'strict_confirmed': False, 'confirmed_any': False, 'density_min': 1.0, 'block_start': 6000.0, 'block_end': 9600.0}]"
controlled/HtoW/scenarios_Home_to_work__adv1_apple0_google0_samsung0_tile0__advtag-4c001219fd__20260130_081144/scenario_tx-10s_rot-15min.csv,True,3600.0,3000.0,3,1800.0,True,True,True,2,8,0.0057685375213623,9600.005768537521,"[{'src_file': 'controlled/HtoW/scenarios_Home_to_work__adv1_apple0_google0_samsung0_tile0__advtag-4c001219fd__20260130_081144/scenario_tx-10s_rot-15min.csv', 'n_segments': 63, 'gt_adv_mac_count': 4, 'n_clusters': 3, 'n_ranked': 3, 'strict_confirmed': True, 'confirmed_any': True, 'density_min': 1.0, 'block_start': 0.0057685375213623, 'block_end': 3600.0057685375214}, {'src_file': 'controlled/HtoW/scenarios_Home_to_work__adv1_apple0_google0_samsung0_tile0__advtag-4c001219fd__20260130_081144/scenario_tx-10s_rot-15min.csv', 'n_segments': 148, 'gt_adv_mac_count': 5, 'n_clusters': 6, 'n_ranked': 6, 'strict_confirmed': True, 'confirmed_any': True, 'density_min': 1.0, 'block_start': 3000.0057685375214, 'block_end': 6600.005768537521}, {'src_file': 'controlled/HtoW/scenarios_Home_to_work__adv1_apple0_google0_samsung0_tile0__advtag-4c001219fd__20260130_081144/scenario_tx-10s_rot-15min.csv', 'n_segments': 91, 'gt_adv_mac_count': 2, 'n_clusters': 6, 'n_ranked': 6, 'strict_confirmed': False, 'confirmed_any': False, 'density_min': 1.0, 'block_start': 6000.005768537521, 'block_end': 9600.005768537521}]"
controlled/HtoW/scenarios_Home_to_work__adv1_apple0_google0_samsung0_tile0__advtag-4c001219fc__20260130_081125/scenario_tx-10s_rot-15min.csv,True,3600.0,3000.0,3,1800.0,True,True,True,2,8,0.0,9600.0,"[{'src_file': 'controlled/HtoW/scenarios_Home_to_work__adv1_apple0_google0_samsung0_tile0__advtag-4c001219fc__20260130_081125/scenario_tx-10s_rot-15min.csv', 'n_segments': 63, 'gt_adv_mac_count': 4, 'n_clusters': 3, 'n_ranked': 3, 'strict_confirmed': True, 'confirmed_any': True, 'density_min': 1.0, 'block_start': 0.0, 'block_end': 3600.0}, {'src_file': 'controlled/HtoW/scenarios_Home_to_work__adv1_apple0_google0_samsung0_tile0__advtag-4c001219fc__20260130_081125/scenario_tx-10s_rot-15min.csv', 'n_segments': 148, 'gt_adv_mac_count': 5, 'n_clusters': 6, 'n_ranked': 6, 'strict_confirmed': True, 'confirmed_any': True, 'density_min': 1.0, 'block_start': 3000.0, 'block_end': 6600.0}, {'src_file': 'controlled/HtoW/scenarios_Home_to_work__adv1_apple0_google0_samsung0_tile0__advtag-4c001219fc__20260130_081125/scenario_tx-10s_rot-15min.csv', 'n_segments': 91, 'gt_adv_mac_count': 2, 'n_clusters': 6, 'n_ranked': 6, 'strict_confirmed': False, 'confirmed_any': False, 'density_min': 1.0, 'block_start': 6000.0, 'block_end': 9600.0}]"
controlled/HtoW/scenarios_Home_to_work__adv1_apple0_google0_samsung0_tile0__advtag-4c001219fd__20260130_081144/scenario_tx-10s_rot-1min.csv,True,3600.0,3000.0,3,1800.0,True,True,True,2,105,0.0057685375213623,9600.005768537521,"[{'src_file': 'controlled/HtoW/scenarios_Home_to_work__adv1_apple0_google0_samsung0_tile0__advtag-4c001219fd__20260130_081144/scenario_tx-10s_rot-1min.csv', 'n_segments': 95, 'gt_adv_mac_count': 52, 'n_clusters': 3, 'n_ranked': 3, 'strict_confirmed': True, 'confirmed_any': True, 'density_min': 1.0, 'block_start': 0.0057685375213623, 'block_end': 3600.0057685375214}, {'src_file': 'controlled/HtoW/scenarios_Home_to_work__adv1_apple0_google0_samsung0_tile0__advtag-4c001219fd__20260130_081144/scenario_tx-10s_rot-1min.csv', 'n_segments': 176, 'gt_adv_mac_count': 60, 'n_clusters': 6, 'n_ranked': 6, 'strict_confirmed': True, 'confirmed_any': True, 'density_min': 1.0, 'block_start': 3000.0057685375214, 'block_end': 6600.005768537521}, {'src_file': 'controlled/HtoW/scenarios_Home_to_work__adv1_apple0_google0_samsung0_tile0__advtag-4c001219fd__20260130_081144/scenario_tx-10s_rot-1min.csv', 'n_segments': 96, 'gt_adv_mac_count': 13, 'n_clusters': 6, 'n_ranked': 6, 'strict_confirmed': False, 'confirmed_any': False, 'density_min': 1.0, 'block_start': 6000.005768537521, 'block_end': 9600.005768537521}]"
controlled/HtoW/scenarios_Home_to_work__adv1_apple0_google0_samsung0_tile0__advtag-4c001219fd__20260130_081144/scenario_tx-15s_rot-15min.csv,True,3600.0,3000.0,3,1800.0,True,True,True,2,8,0.0057685375213623,9600.005768537521,"[{'src_file': 'controlled/HtoW/scenarios_Home_to_work__adv1_apple0_google0_samsung0_tile0__advtag-4c001219fd__20260130_081144/scenario_tx-15s_rot-15min.csv', 'n_segments': 63, 'gt_adv_mac_count': 4, 'n_clusters': 3, 'n_ranked': 3, 'strict_confirmed': True, 'confirmed_any': True, 'density_min': 1.0, 'block_start': 0.0057685375213623, 'block_end': 3600.0057685375214}, {'src_file': 'controlled/HtoW/scenarios_Home_to_work__adv1_apple0_google0_samsung0_tile0__advtag-4c001219fd__20260130_081144/scenario_tx-15s_rot-15min.csv', 'n_segments': 147, 'gt_adv_mac_count': 5, 'n_clusters': 6, 'n_ranked': 6, 'strict_confirmed': True, 'confirmed_any': True, 'density_min': 1.0, 'block_start': 3000.0057685375214, 'block_end': 6600.005768537521}, {'src_file': 'controlled/HtoW/scenarios_Home_to_work__adv1_apple0_google0_samsung0_tile0__advtag-4c001219fd__20260130_081144/scenario_tx-15s_rot-15min.csv', 'n_segments': 91, 'gt_adv_mac_count': 2, 'n_clusters': 6, 'n_ranked': 6, 'strict_confirmed': False, 'confirmed_any': False, 'density_min': 1.0, 'block_start': 6000.005768537521, 'block_end': 9600.005768537521}]"
controlled/HtoW/scenarios_Home_to_work__adv1_apple0_google0_samsung0_tile0__advtag-4c001219fc__20260130_081125/scenario_tx-2s_rot-15min.csv,True,3600.0,3000.0,3,1800.0,True,True,True,2,8,0.0,9600.0,"[{'src_file': 'controlled/HtoW/scenarios_Home_to_work__adv1_apple0_google0_samsung0_tile0__advtag-4c001219fc__20260130_081125/scenario_tx-2s_rot-15min.csv', 'n_segments': 63, 'gt_adv_mac_count': 4, 'n_clusters': 3, 'n_ranked': 3, 'strict_confirmed': True, 'confirmed_any': True, 'density_min': 1.0, 'block_start': 0.0, 'block_end': 3600.0}, {'src_file': 'controlled/HtoW/scenarios_Home_to_work__adv1_apple0_google0_samsung0_tile0__advtag-4c001219fc__20260130_081125/scenario_tx-2s_rot-15min.csv', 'n_segments': 147, 'gt_adv_mac_count': 5, 'n_clusters': 6, 'n_ranked': 6, 'strict_confirmed': True, 'confirmed_any': True, 'density_min': 1.0, 'block_start': 3000.0, 'block_end': 6600.0}, {'src_file': 'controlled/HtoW/scenarios_Home_to_work__adv1_apple0_google0_samsung0_tile0__advtag-4c001219fc__20260130_081125/scenario_tx-2s_rot-15min.csv', 'n_segments': 90, 'gt_adv_mac_count': 2, 'n_clusters': 6, 'n_ranked': 6, 'strict_confirmed': False, 'confirmed_any': False, 'density_min': 1.0, 'block_start': 6000.0, 'block_end': 9600.0}]"
controlled/HtoW/scenarios_Home_to_work__adv1_apple0_google0_samsung0_tile0__advtag-4c001219fc__20260130_081125/scenario_tx-10s_rot-1min.csv,True,3600.0,3000.0,3,1800.0,True,True,True,2,105,0.0,9600.0,"[{'src_file': 'controlled/HtoW/scenarios_Home_to_work__adv1_apple0_google0_samsung0_tile0__advtag-4c001219fc__20260130_081125/scenario_tx-10s_rot-1min.csv', 'n_segments': 95, 'gt_adv_mac_count': 52, 'n_clusters': 3, 'n_ranked': 3, 'strict_confirmed': True, 'confirmed_any': True, 'density_min': 1.0, 'block_start': 0.0, 'block_end': 3600.0}, {'src_file': 'controlled/HtoW/scenarios_Home_to_work__adv1_apple0_google0_samsung0_tile0__advtag-4c001219fc__20260130_081125/scenario_tx-10s_rot-1min.csv', 'n_segments': 176, 'gt_adv_mac_count': 60, 'n_clusters': 6, 'n_ranked': 6, 'strict_confirmed': True, 'confirmed_any': True, 'density_min': 1.0, 'block_start': 3000.0, 'block_end': 6600.0}, {'src_file': 'controlled/HtoW/scenarios_Home_to_work__adv1_apple0_google0_samsung0_tile0__advtag-4c001219fc__20260130_081125/scenario_tx-10s_rot-1min.csv', 'n_segments': 96, 'gt_adv_mac_count': 13, 'n_clusters': 6, 'n_ranked': 6, 'strict_confirmed': False, 'confirmed_any': False, 'density_min': 1.0, 'block_start': 6000.0, 'block_end': 9600.0}]"
controlled/HtoW/scenarios_Home_to_work__adv1_apple0_google0_samsung0_tile0__advtag-4c001219fc__20260130_081125/scenario_tx-1min_rot-5min.csv,True,3600.0,3000.0,3,1800.0,True,True,True,2,22,0.0,9600.0,"[{'src_file': 'controlled/HtoW/scenarios_Home_to_work__adv1_apple0_google0_samsung0_tile0__advtag-4c001219fc__20260130_081125/scenario_tx-1min_rot-5min.csv', 'n_segments': 66, 'gt_adv_mac_count': 11, 'n_clusters': 4, 'n_ranked': 4, 'strict_confirmed': True, 'confirmed_any': True, 'density_min': 1.0, 'block_start': 0.0, 'block_end': 3600.0}, {'src_file': 'controlled/HtoW/scenarios_Home_to_work__adv1_apple0_google0_samsung0_tile0__advtag-4c001219fc__20260130_081125/scenario_tx-1min_rot-5min.csv', 'n_segments': 149, 'gt_adv_mac_count': 12, 'n_clusters': 6, 'n_ranked': 6, 'strict_confirmed': True, 'confirmed_any': True, 'density_min': 1.0, 'block_start': 3000.0, 'block_end': 6600.0}, {'src_file': 'controlled/HtoW/scenarios_Home_to_work__adv1_apple0_google0_samsung0_tile0__advtag-4c001219fc__20260130_081125/scenario_tx-1min_rot-5min.csv', 'n_segments': 89, 'gt_adv_mac_count': 3, 'n_clusters': 8, 'n_ranked': 8, 'strict_confirmed': False, 'confirmed_any': False, 'density_min': 1.0, 'block_start': 6000.0, 'block_end': 9600.0}]"
controlled/HtoW/scenarios_Home_to_work__adv1_apple0_google0_samsung0_tile0__advtag-4c001219fc__20260130_081125/scenario_tx-15s_rot-5min.csv,True,3600.0,3000.0,3,1800.0,True,True,True,2,22,0.0,9600.0,"[{'src_file': 'controlled/HtoW/scenarios_Home_to_work__adv1_apple0_google0_samsung0_tile0__advtag-4c001219fc__20260130_081125/scenario_tx-15s_rot-5min.csv', 'n_segments': 66, 'gt_adv_mac_count': 11, 'n_clusters': 3, 'n_ranked': 3, 'strict_confirmed': True, 'confirmed_any': True, 'density_min': 1.0, 'block_start': 0.0, 'block_end': 3600.0}, {'src_file': 'controlled/HtoW/scenarios_Home_to_work__adv1_apple0_google0_samsung0_tile0__advtag-4c001219fc__20260130_081125/scenario_tx-15s_rot-5min.csv', 'n_segments': 150, 'gt_adv_mac_count': 12, 'n_clusters': 6, 'n_ranked': 6, 'strict_confirmed': True, 'confirmed_any': True, 'density_min': 1.0, 'block_start': 3000.0, 'block_end': 6600.0}, {'src_file': 'controlled/HtoW/scenarios_Home_to_work__adv1_apple0_google0_samsung0_tile0__advtag-4c001219fc__20260130_081125/scenario_tx-15s_rot-5min.csv', 'n_segments': 90, 'gt_adv_mac_count': 3, 'n_clusters': 6, 'n_ranked': 6, 'strict_confirmed': False, 'confirmed_any': False, 'density_min': 1.0, 'block_start': 6000.0, 'block_end': 9600.0}]"
controlled/HtoW/scenarios_Home_to_work__adv1_apple0_google0_samsung0_tile0__advtag-4c001219fc__20260130_081125/scenario_tx-10s_rot-5min.csv,True,3600.0,3000.0,3,1800.0,True,True,True,2,22,0.0,9600.0,"[{'src_file': 'controlled/HtoW/scenarios_Home_to_work__adv1_apple0_google0_samsung0_tile0__advtag-4c001219fc__20260130_081125/scenario_tx-10s_rot-5min.csv', 'n_segments': 67, 'gt_adv_mac_count': 11, 'n_clusters': 3, 'n_ranked': 3, 'strict_confirmed': True, 'confirmed_any': True, 'density_min': 1.0, 'block_start': 0.0, 'block_end': 3600.0}, {'src_file': 'controlled/HtoW/scenarios_Home_to_work__adv1_apple0_google0_samsung0_tile0__advtag-4c001219fc__20260130_081125/scenario_tx-10s_rot-5min.csv', 'n_segments': 147, 'gt_adv_mac_count': 12, 'n_clusters': 6, 'n_ranked': 6, 'strict_confirmed': True, 'confirmed_any': True, 'density_min': 1.0, 'block_start': 3000.0, 'block_end': 6600.0}, {'src_file': 'controlled/HtoW/scenarios_Home_to_work__adv1_apple0_google0_samsung0_tile0__advtag-4c001219fc__20260130_081125/scenario_tx-10s_rot-5min.csv', 'n_segments': 90, 'gt_adv_mac_count': 3, 'n_clusters': 6, 'n_ranked': 6, 'strict_confirmed': False, 'confirmed_any': False, 'density_min': 1.0, 'block_start': 6000.0, 'block_end': 9600.0}]"
controlled/HtoW/scenarios_Home_to_work__adv1_apple0_google0_samsung0_tile0__advtag-4c001219fc__20260130_081125/scenario_tx-15s_rot-15min.csv,True,3600.0,3000.0,3,1800.0,True,True,True,2,8,0.0,9600.0,"[{'src_file': 'controlled/HtoW/scenarios_Home_to_work__adv1_apple0_google0_samsung0_tile0__advtag-4c001219fc__20260130_081125/scenario_tx-15s_rot-15min.csv', 'n_segments': 63, 'gt_adv_mac_count': 4, 'n_clusters': 3, 'n_ranked': 3, 'strict_confirmed': True, 'confirmed_any': True, 'density_min': 1.0, 'block_start': 0.0, 'block_end': 3600.0}, {'src_file': 'controlled/HtoW/scenarios_Home_to_work__adv1_apple0_google0_samsung0_tile0__advtag-4c001219fc__20260130_081125/scenario_tx-15s_rot-15min.csv', 'n_segments': 147, 'gt_adv_mac_count': 5, 'n_clusters': 6, 'n_ranked': 6, 'strict_confirmed': True, 'confirmed_any': True, 'density_min': 1.0, 'block_start': 3000.0, 'block_end': 6600.0}, {'src_file': 'controlled/HtoW/scenarios_Home_to_work__adv1_apple0_google0_samsung0_tile0__advtag-4c001219fc__20260130_081125/scenario_tx-15s_rot-15min.csv', 'n_segments': 91, 'gt_adv_mac_count': 2, 'n_clusters': 6, 'n_ranked': 6, 'strict_confirmed': False, 'confirmed_any': False, 'density_min': 1.0, 'block_start': 6000.0, 'block_end': 9600.0}]"
controlled/HtoW/scenarios_Home_to_work__adv1_apple0_google0_samsung0_tile0__advtag-4c001219fc__20260130_081125/scenario_tx-30s_rot-5min.csv,True,3600.0,3000.0,3,1800.0,True,True,True,2,22,0.0,9600.0,"[{'src_file': 'controlled/HtoW/scenarios_Home_to_work__adv1_apple0_google0_samsung0_tile0__advtag-4c001219fc__20260130_081125/scenario_tx-30s_rot-5min.csv', 'n_segments': 68, 'gt_adv_mac_count': 11, 'n_clusters': 3, 'n_ranked': 3, 'strict_confirmed': True, 'confirmed_any': True, 'density_min': 1.0, 'block_start': 0.0, 'block_end': 3600.0}, {'src_file': 'controlled/HtoW/scenarios_Home_to_work__adv1_apple0_google0_samsung0_tile0__advtag-4c001219fc__20260130_081125/scenario_tx-30s_rot-5min.csv', 'n_segments': 153, 'gt_adv_mac_count': 12, 'n_clusters': 6, 'n_ranked': 6, 'strict_confirmed': True, 'confirmed_any': True, 'density_min': 1.0, 'block_start': 3000.0, 'block_end': 6600.0}, {'src_file': 'controlled/HtoW/scenarios_Home_to_work__adv1_apple0_google0_samsung0_tile0__advtag-4c001219fc__20260130_081125/scenario_tx-30s_rot-5min.csv', 'n_segments': 92, 'gt_adv_mac_count': 3, 'n_clusters': 7, 'n_ranked': 7, 'strict_confirmed': False, 'confirmed_any': False, 'density_min': 1.0, 'block_start': 6000.0, 'block_end': 9600.0}]"
controlled/HtoW/scenarios_Home_to_work__adv1_apple0_google0_samsung0_tile0__advtag-4c001219fd__20260130_081144/scenario_tx-15s_rot-5min.csv,True,3600.0,3000.0,3,1800.0,True,True,True,2,22,0.0057685375213623,9600.005768537521,"[{'src_file': 'controlled/HtoW/scenarios_Home_to_work__adv1_apple0_google0_samsung0_tile0__advtag-4c001219fd__20260130_081144/scenario_tx-15s_rot-5min.csv', 'n_segments': 66, 'gt_adv_mac_count': 11, 'n_clusters': 3, 'n_ranked': 3, 'strict_confirmed': True, 'confirmed_any': True, 'density_min': 1.0, 'block_start': 0.0057685375213623, 'block_end': 3600.0057685375214}, {'src_file': 'controlled/HtoW/scenarios_Home_to_work__adv1_apple0_google0_samsung0_tile0__advtag-4c001219fd__20260130_081144/scenario_tx-15s_rot-5min.csv', 'n_segments': 150, 'gt_adv_mac_count': 12, 'n_clusters': 6, 'n_ranked': 6, 'strict_confirmed': True, 'confirmed_any': True, 'density_min': 1.0, 'block_start': 3000.0057685375214, 'block_end': 6600.005768537521}, {'src_file': 'controlled/HtoW/scenarios_Home_to_work__adv1_apple0_google0_samsung0_tile0__advtag-4c001219fd__20260130_081144/scenario_tx-15s_rot-5min.csv', 'n_segments': 90, 'gt_adv_mac_count': 3, 'n_clusters': 6, 'n_ranked': 6, 'strict_confirmed': False, 'confirmed_any': False, 'density_min': 1.0, 'block_start': 6000.005768537521, 'block_end': 9600.005768537521}]"
controlled/HtoW/scenarios_Home_to_work__adv1_apple0_google0_samsung0_tile0__advtag-4c001219fd__20260130_081144/scenario_tx-15s_rot-30s.csv,True,3600.0,3000.0,3,1800.0,True,True,True,2,198,0.0057685375213623,9600.005768537521,"[{'src_file': 'controlled/HtoW/scenarios_Home_to_work__adv1_apple0_google0_samsung0_tile0__advtag-4c001219fd__20260130_081144/scenario_tx-15s_rot-30s.csv', 'n_segments': 130, 'gt_adv_mac_count': 100, 'n_clusters': 3, 'n_ranked': 3, 'strict_confirmed': True, 'confirmed_any': True, 'density_min': 1.0, 'block_start': 0.0057685375213623, 'block_end': 3600.0057685375214}, {'src_file': 'controlled/HtoW/scenarios_Home_to_work__adv1_apple0_google0_samsung0_tile0__advtag-4c001219fd__20260130_081144/scenario_tx-15s_rot-30s.csv', 'n_segments': 202, 'gt_adv_mac_count': 119, 'n_clusters': 6, 'n_ranked': 6, 'strict_confirmed': True, 'confirmed_any': True, 'density_min': 1.0, 'block_start': 3000.0057685375214, 'block_end': 6600.005768537521}, {'src_file': 'controlled/HtoW/scenarios_Home_to_work__adv1_apple0_google0_samsung0_tile0__advtag-4c001219fd__20260130_081144/scenario_tx-15s_rot-30s.csv', 'n_segments': 105, 'gt_adv_mac_count': 25, 'n_clusters': 6, 'n_ranked': 6, 'strict_confirmed': False, 'confirmed_any': False, 'density_min': 1.0, 'block_start': 6000.005768537521, 'block_end': 9600.005768537521}]"
controlled/HtoW/scenarios_Home_to_work__adv1_apple0_google0_samsung0_tile0__advtag-4c001219fc__20260130_081125/scenario_tx-1min_rot-15min.csv,True,3600.0,3000.0,3,1800.0,True,True,True,2,8,0.0,9600.0,"[{'src_file': 'controlled/HtoW/scenarios_Home_to_work__adv1_apple0_google0_samsung0_tile0__advtag-4c001219fc__20260130_081125/scenario_tx-1min_rot-15min.csv', 'n_segments': 64, 'gt_adv_mac_count': 4, 'n_clusters': 4, 'n_ranked': 4, 'strict_confirmed': True, 'confirmed_any': True, 'density_min': 1.0, 'block_start': 0.0, 'block_end': 3600.0}, {'src_file': 'controlled/HtoW/scenarios_Home_to_work__adv1_apple0_google0_samsung0_tile0__advtag-4c001219fc__20260130_081125/scenario_tx-1min_rot-15min.csv', 'n_segments': 147, 'gt_adv_mac_count': 5, 'n_clusters': 6, 'n_ranked': 6, 'strict_confirmed': False, 'confirmed_any': False, 'density_min': 1.0, 'block_start': 3000.0, 'block_end': 6600.0}, {'src_file': 'controlled/HtoW/scenarios_Home_to_work__adv1_apple0_google0_samsung0_tile0__advtag-4c001219fc__20260130_081125/scenario_tx-1min_rot-15min.csv', 'n_segments': 90, 'gt_adv_mac_count': 2, 'n_clusters': 6, 'n_ranked': 6, 'strict_confirmed': False, 'confirmed_any': False, 'density_min': 1.0, 'block_start': 6000.0, 'block_end': 9600.0}]"
controlled/HtoW/scenarios_Home_to_work__adv1_apple0_google0_samsung0_tile0__advtag-4c001219fc__20260130_081125/scenario_tx-2s_rot-5min.csv,True,3600.0,3000.0,3,1800.0,True,True,True,2,22,0.0,9600.0,"[{'src_file': 'controlled/HtoW/scenarios_Home_to_work__adv1_apple0_google0_samsung0_tile0__advtag-4c001219fc__20260130_081125/scenario_tx-2s_rot-5min.csv', 'n_segments': 67, 'gt_adv_mac_count': 11, 'n_clusters': 3, 'n_ranked': 3, 'strict_confirmed': True, 'confirmed_any': True, 'density_min': 1.0, 'block_start': 0.0, 'block_end': 3600.0}, {'src_file': 'controlled/HtoW/scenarios_Home_to_work__adv1_apple0_google0_samsung0_tile0__advtag-4c001219fc__20260130_081125/scenario_tx-2s_rot-5min.csv', 'n_segments': 152, 'gt_adv_mac_count': 12, 'n_clusters': 6, 'n_ranked': 6, 'strict_confirmed': True, 'confirmed_any': True, 'density_min': 1.0, 'block_start': 3000.0, 'block_end': 6600.0}, {'src_file': 'controlled/HtoW/scenarios_Home_to_work__adv1_apple0_google0_samsung0_tile0__advtag-4c001219fc__20260130_081125/scenario_tx-2s_rot-5min.csv', 'n_segments': 92, 'gt_adv_mac_count': 3, 'n_clusters': 6, 'n_ranked': 6, 'strict_confirmed': False, 'confirmed_any': False, 'density_min': 1.0, 'block_start': 6000.0, 'block_end': 9600.0}]"
controlled/HtoW/scenarios_Home_to_work__adv1_apple0_google0_samsung0_tile0__advtag-4c001219fc__20260130_081125/scenario_tx-1min_rot-1min.csv,True,3600.0,3000.0,3,1800.0,True,True,True,2,97,0.0,9600.0,"[{'src_file': 'controlled/HtoW/scenarios_Home_to_work__adv1_apple0_google0_samsung0_tile0__advtag-4c001219fc__20260130_081125/scenario_tx-1min_rot-1min.csv', 'n_segments': 92, 'gt_adv_mac_count': 47, 'n_clusters': 3, 'n_ranked': 3, 'strict_confirmed': True, 'confirmed_any': True, 'density_min': 1.0, 'block_start': 0.0, 'block_end': 3600.0}, {'src_file': 'controlled/HtoW/scenarios_Home_to_work__adv1_apple0_google0_samsung0_tile0__advtag-4c001219fc__20260130_081125/scenario_tx-1min_rot-1min.csv', 'n_segments': 173, 'gt_adv_mac_count': 57, 'n_clusters': 6, 'n_ranked': 6, 'strict_confirmed': True, 'confirmed_any': True, 'density_min': 1.0, 'block_start': 3000.0, 'block_end': 6600.0}, {'src_file': 'controlled/HtoW/scenarios_Home_to_work__adv1_apple0_google0_samsung0_tile0__advtag-4c001219fc__20260130_081125/scenario_tx-1min_rot-1min.csv', 'n_segments': 95, 'gt_adv_mac_count': 12, 'n_clusters': 6, 'n_ranked': 6, 'strict_confirmed': False, 'confirmed_any': False, 'density_min': 1.0, 'block_start': 6000.0, 'block_end': 9600.0}]"
controlled/HtoW/scenarios_Home_to_work__adv1_apple0_google0_samsung0_tile0__advtag-4c001219fc__20260130_081125/scenario_tx-10s_rot-30s.csv,True,3600.0,3000.0,3,1800.0,True,True,True,2,198,0.0,9600.0,"[{'src_file': 'controlled/HtoW/scenarios_Home_to_work__adv1_apple0_google0_samsung0_tile0__advtag-4c001219fc__20260130_081125/scenario_tx-10s_rot-30s.csv', 'n_segments': 127, 'gt_adv_mac_count': 102, 'n_clusters': 3, 'n_ranked': 3, 'strict_confirmed': True, 'confirmed_any': True, 'density_min': 1.0, 'block_start': 0.0, 'block_end': 3600.0}, {'src_file': 'controlled/HtoW/scenarios_Home_to_work__adv1_apple0_google0_samsung0_tile0__advtag-4c001219fc__20260130_081125/scenario_tx-10s_rot-30s.csv', 'n_segments': 204, 'gt_adv_mac_count': 120, 'n_clusters': 6, 'n_ranked': 6, 'strict_confirmed': True, 'confirmed_any': True, 'density_min': 1.0, 'block_start': 3000.0, 'block_end': 6600.0}, {'src_file': 'controlled/HtoW/scenarios_Home_to_work__adv1_apple0_google0_samsung0_tile0__advtag-4c001219fc__20260130_081125/scenario_tx-10s_rot-30s.csv', 'n_segments': 100, 'gt_adv_mac_count': 25, 'n_clusters': 6, 'n_ranked': 6, 'strict_confirmed': False, 'confirmed_any': False, 'density_min': 1.0, 'block_start': 6000.0, 'block_end': 9600.0}]"
controlled/HtoW/scenarios_Home_to_work__adv1_apple0_google0_samsung0_tile0__advtag-4c001219fd__20260130_081144/scenario_tx-10s_rot-5min.csv,True,3600.0,3000.0,3,1800.0,True,True,True,2,22,0.0057685375213623,9600.005768537521,"[{'src_file': 'controlled/HtoW/scenarios_Home_to_work__adv1_apple0_google0_samsung0_tile0__advtag-4c001219fd__20260130_081144/scenario_tx-10s_rot-5min.csv', 'n_segments': 67, 'gt_adv_mac_count': 11, 'n_clusters': 3, 'n_ranked': 3, 'strict_confirmed': True, 'confirmed_any': True, 'density_min': 1.0, 'block_start': 0.0057685375213623, 'block_end': 3600.0057685375214}, {'src_file': 'controlled/HtoW/scenarios_Home_to_work__adv1_apple0_google0_samsung0_tile0__advtag-4c001219fd__20260130_081144/scenario_tx-10s_rot-5min.csv', 'n_segments': 147, 'gt_adv_mac_count': 12, 'n_clusters': 6, 'n_ranked': 6, 'strict_confirmed': True, 'confirmed_any': True, 'density_min': 1.0, 'block_start': 3000.0057685375214, 'block_end': 6600.005768537521}, {'src_file': 'controlled/HtoW/scenarios_Home_to_work__adv1_apple0_google0_samsung0_tile0__advtag-4c001219fd__20260130_081144/scenario_tx-10s_rot-5min.csv', 'n_segments': 90, 'gt_adv_mac_count': 3, 'n_clusters': 6, 'n_ranked': 6, 'strict_confirmed': False, 'confirmed_any': False, 'density_min': 1.0, 'block_start': 6000.005768537521, 'block_end': 9600.005768537521}]"
controlled/HtoW/scenarios_Home_to_work__adv1_apple0_google0_samsung0_tile0__advtag-4c001219fc__20260130_081125/scenario_tx-30s_rot-1min.csv,True,3600.0,3000.0,3,1800.0,True,True,True,2,105,0.0,9600.0,"[{'src_file': 'controlled/HtoW/scenarios_Home_to_work__adv1_apple0_google0_samsung0_tile0__advtag-4c001219fc__20260130_081125/scenario_tx-30s_rot-1min.csv', 'n_segments': 95, 'gt_adv_mac_count': 52, 'n_clusters': 4, 'n_ranked': 4, 'strict_confirmed': True, 'confirmed_any': True, 'density_min': 1.0, 'block_start': 0.0, 'block_end': 3600.0}, {'src_file': 'controlled/HtoW/scenarios_Home_to_work__adv1_apple0_google0_samsung0_tile0__advtag-4c001219fc__20260130_081125/scenario_tx-30s_rot-1min.csv', 'n_segments': 179, 'gt_adv_mac_count': 60, 'n_clusters': 6, 'n_ranked': 6, 'strict_confirmed': True, 'confirmed_any': True, 'density_min': 1.0, 'block_start': 3000.0, 'block_end': 6600.0}, {'src_file': 'controlled/HtoW/scenarios_Home_to_work__adv1_apple0_google0_samsung0_tile0__advtag-4c001219fc__20260130_081125/scenario_tx-30s_rot-1min.csv', 'n_segments': 95, 'gt_adv_mac_count': 13, 'n_clusters': 6, 'n_ranked': 6, 'strict_confirmed': False, 'confirmed_any': False, 'density_min': 1.0, 'block_start': 6000.0, 'block_end': 9600.0}]"
controlled/HtoW/scenarios_Home_to_work__adv1_apple0_google0_samsung0_tile0__advtag-4c001219fd__20260130_081144/scenario_tx-10s_rot-30s.csv,True,3600.0,3000.0,3,1800.0,True,True,True,2,198,0.0057685375213623,9600.005768537521,"[{'src_file': 'controlled/HtoW/scenarios_Home_to_work__adv1_apple0_google0_samsung0_tile0__advtag-4c001219fd__20260130_081144/scenario_tx-10s_rot-30s.csv', 'n_segments': 127, 'gt_adv_mac_count': 102, 'n_clusters': 3, 'n_ranked': 3, 'strict_confirmed': True, 'confirmed_any': True, 'density_min': 1.0, 'block_start': 0.0057685375213623, 'block_end': 3600.0057685375214}, {'src_file': 'controlled/HtoW/scenarios_Home_to_work__adv1_apple0_google0_samsung0_tile0__advtag-4c001219fd__20260130_081144/scenario_tx-10s_rot-30s.csv', 'n_segments': 204, 'gt_adv_mac_count': 120, 'n_clusters': 6, 'n_ranked': 6, 'strict_confirmed': True, 'confirmed_any': True, 'density_min': 1.0, 'block_start': 3000.0057685375214, 'block_end': 6600.005768537521}, {'src_file': 'controlled/HtoW/scenarios_Home_to_work__adv1_apple0_google0_samsung0_tile0__advtag-4c001219fd__20260130_081144/scenario_tx-10s_rot-30s.csv', 'n_segments': 100, 'gt_adv_mac_count': 26, 'n_clusters': 6, 'n_ranked': 6, 'strict_confirmed': False, 'confirmed_any': False, 'density_min': 1.0, 'block_start': 6000.005768537521, 'block_end': 9600.005768537521}]"
controlled/HtoW/scenarios_Home_to_work__adv1_apple0_google0_samsung0_tile0__advtag-4c001219fc__20260130_081125/scenario_tx-2s_rot-30s.csv,True,3600.0,3000.0,3,1800.0,True,True,True,2,198,0.0,9600.0,"[{'src_file': 'controlled/HtoW/scenarios_Home_to_work__adv1_apple0_google0_samsung0_tile0__advtag-4c001219fc__20260130_081125/scenario_tx-2s_rot-30s.csv', 'n_segments': 135, 'gt_adv_mac_count': 102, 'n_clusters': 3, 'n_ranked': 3, 'strict_confirmed': True, 'confirmed_any': True, 'density_min': 1.0, 'block_start': 0.0, 'block_end': 3600.0}, {'src_file': 'controlled/HtoW/scenarios_Home_to_work__adv1_apple0_google0_samsung0_tile0__advtag-4c001219fc__20260130_081125/scenario_tx-2s_rot-30s.csv', 'n_segments': 207, 'gt_adv_mac_count': 120, 'n_clusters': 6, 'n_ranked': 6, 'strict_confirmed': True, 'confirmed_any': True, 'density_min': 1.0, 'block_start': 3000.0, 'block_end': 6600.0}, {'src_file': 'controlled/HtoW/scenarios_Home_to_work__adv1_apple0_google0_samsung0_tile0__advtag-4c001219fc__20260130_081125/scenario_tx-2s_rot-30s.csv', 'n_segments': 105, 'gt_adv_mac_count': 25, 'n_clusters': 6, 'n_ranked': 6, 'strict_confirmed': False, 'confirmed_any': False, 'density_min': 1.0, 'block_start': 6000.0, 'block_end': 9600.0}]"
controlled/HtoW/scenarios_Home_to_work__adv1_apple0_google0_samsung0_tile0__advtag-4c001219fc__20260130_081125/scenario_tx-2s_rot-10s.csv,True,3600.0,3000.0,3,1800.0,True,True,True,2,198,0.0,9600.0,"[{'src_file': 'controlled/HtoW/scenarios_Home_to_work__adv1_apple0_google0_samsung0_tile0__advtag-4c001219fc__20260130_081125/scenario_tx-2s_rot-10s.csv', 'n_segments': 199, 'gt_adv_mac_count': 198, 'n_clusters': 3, 'n_ranked': 3, 'strict_confirmed': True, 'confirmed_any': True, 'density_min': 1.0, 'block_start': 0.0, 'block_end': 3600.0}, {'src_file': 'controlled/HtoW/scenarios_Home_to_work__adv1_apple0_google0_samsung0_tile0__advtag-4c001219fc__20260130_081125/scenario_tx-2s_rot-10s.csv', 'n_segments': 278, 'gt_adv_mac_count': 198, 'n_clusters': 6, 'n_ranked': 6, 'strict_confirmed': True, 'confirmed_any': True, 'density_min': 1.0, 'block_start': 3000.0, 'block_end': 6600.0}, {'src_file': 'controlled/HtoW/scenarios_Home_to_work__adv1_apple0_google0_samsung0_tile0__advtag-4c001219fc__20260130_081125/scenario_tx-2s_rot-10s.csv', 'n_segments': 125, 'gt_adv_mac_count': 67, 'n_clusters': 9, 'n_ranked': 9, 'strict_confirmed': False, 'confirmed_any': False, 'density_min': 1.0, 'block_start': 6000.0, 'block_end': 9600.0}]"
controlled/HtoW/scenarios_Home_to_work__adv0_apple0_google0_samsung0_tile0__20260130_081034/background_only.csv,True,3600.0,3000.0,3,1800.0,False,True,False,2,0,83.10513234138489,9683.105132341385,"[{'src_file': 'controlled/HtoW/scenarios_Home_to_work__adv0_apple0_google0_samsung0_tile0__20260130_081034/background_only.csv', 'n_segments': 80, 'gt_adv_mac_count': 0, 'n_clusters': 4, 'n_ranked': 4, 'strict_confirmed': False, 'confirmed_any': False, 'density_min': 1.0, 'block_start': 83.10513234138489, 'block_end': 3683.105132341385}, {'src_file': 'controlled/HtoW/scenarios_Home_to_work__adv0_apple0_google0_samsung0_tile0__20260130_081034/background_only.csv', 'n_segments': 154, 'gt_adv_mac_count': 0, 'n_clusters': 6, 'n_ranked': 6, 'strict_confirmed': False, 'confirmed_any': False, 'density_min': 1.0, 'block_start': 3083.105132341385, 'block_end': 6683.105132341385}, {'src_file': 'controlled/HtoW/scenarios_Home_to_work__adv0_apple0_google0_samsung0_tile0__20260130_081034/background_only.csv', 'n_segments': 89, 'gt_adv_mac_count': 0, 'n_clusters': 6, 'n_ranked': 6, 'strict_confirmed': False, 'confirmed_any': False, 'density_min': 1.0, 'block_start': 6083.105132341385, 'block_end': 9683.105132341385}]"
controlled/HtoW/scenarios_Home_to_work__adv1_apple0_google0_samsung0_tile0__advtag-4c001219fc__20260130_081125/scenario_tx-30s_rot-30s.csv,True,3600.0,3000.0,3,1800.0,True,True,True,2,185,0.0,9600.0,"[{'src_file': 'controlled/HtoW/scenarios_Home_to_work__adv1_apple0_google0_samsung0_tile0__advtag-4c001219fc__20260130_081125/scenario_tx-30s_rot-30s.csv', 'n_segments': 120, 'gt_adv_mac_count': 88, 'n_clusters': 4, 'n_ranked': 4, 'strict_confirmed': True, 'confirmed_any': True, 'density_min': 1.0, 'block_start': 0.0, 'block_end': 3600.0}, {'src_file': 'controlled/HtoW/scenarios_Home_to_work__adv1_apple0_google0_samsung0_tile0__advtag-4c001219fc__20260130_081125/scenario_tx-30s_rot-30s.csv', 'n_segments': 196, 'gt_adv_mac_count': 110, 'n_clusters': 6, 'n_ranked': 6, 'strict_confirmed': True, 'confirmed_any': True, 'density_min': 1.0, 'block_start': 3000.0, 'block_end': 6600.0}, {'src_file': 'controlled/HtoW/scenarios_Home_to_work__adv1_apple0_google0_samsung0_tile0__advtag-4c001219fc__20260130_081125/scenario_tx-30s_rot-30s.csv', 'n_segments': 101, 'gt_adv_mac_count': 24, 'n_clusters': 6, 'n_ranked': 6, 'strict_confirmed': False, 'confirmed_any': False, 'density_min': 1.0, 'block_start': 6000.0, 'block_end': 9600.0}]"
controlled/HtoW/scenarios_Home_to_work__adv1_apple0_google0_samsung0_tile0__advtag-4c001219fd__20260130_081144/scenario_tx-15s_rot-1min.csv,True,3600.0,3000.0,3,1800.0,True,True,True,2,104,0.0057685375213623,9600.005768537521,"[{'src_file': 'controlled/HtoW/scenarios_Home_to_work__adv1_apple0_google0_samsung0_tile0__advtag-4c001219fd__20260130_081144/scenario_tx-15s_rot-1min.csv', 'n_segments': 98, 'gt_adv_mac_count': 51, 'n_clusters': 3, 'n_ranked': 3, 'strict_confirmed': True, 'confirmed_any': True, 'density_min': 1.0, 'block_start': 0.0057685375213623, 'block_end': 3600.0057685375214}, {'src_file': 'controlled/HtoW/scenarios_Home_to_work__adv1_apple0_google0_samsung0_tile0__advtag-4c001219fd__20260130_081144/scenario_tx-15s_rot-1min.csv', 'n_segments': 175, 'gt_adv_mac_count': 60, 'n_clusters': 6, 'n_ranked': 6, 'strict_confirmed': True, 'confirmed_any': True, 'density_min': 1.0, 'block_start': 3000.0057685375214, 'block_end': 6600.005768537521}, {'src_file': 'controlled/HtoW/scenarios_Home_to_work__adv1_apple0_google0_samsung0_tile0__advtag-4c001219fd__20260130_081144/scenario_tx-15s_rot-1min.csv', 'n_segments': 96, 'gt_adv_mac_count': 13, 'n_clusters': 6, 'n_ranked': 6, 'strict_confirmed': False, 'confirmed_any': False, 'density_min': 1.0, 'block_start': 6000.005768537521, 'block_end': 9600.005768537521}]"
controlled/HtoW/scenarios_Home_to_work__adv1_apple0_google0_samsung0_tile0__advtag-4c001219fc__20260130_081125/scenario_tx-10s_rot-10s.csv,True,3600.0,3000.0,3,1800.0,True,True,True,2,198,0.0,9600.0,"[{'src_file': 'controlled/HtoW/scenarios_Home_to_work__adv1_apple0_google0_samsung0_tile0__advtag-4c001219fc__20260130_081125/scenario_tx-10s_rot-10s.csv', 'n_segments': 199, 'gt_adv_mac_count': 198, 'n_clusters': 3, 'n_ranked': 3, 'strict_confirmed': True, 'confirmed_any': True, 'density_min': 1.0, 'block_start': 0.0, 'block_end': 3600.0}, {'src_file': 'controlled/HtoW/scenarios_Home_to_work__adv1_apple0_google0_samsung0_tile0__advtag-4c001219fc__20260130_081125/scenario_tx-10s_rot-10s.csv', 'n_segments': 265, 'gt_adv_mac_count': 198, 'n_clusters': 6, 'n_ranked': 6, 'strict_confirmed': True, 'confirmed_any': True, 'density_min': 1.0, 'block_start': 3000.0, 'block_end': 6600.0}, {'src_file': 'controlled/HtoW/scenarios_Home_to_work__adv1_apple0_google0_samsung0_tile0__advtag-4c001219fc__20260130_081125/scenario_tx-10s_rot-10s.csv', 'n_segments': 123, 'gt_adv_mac_count': 51, 'n_clusters': 6, 'n_ranked': 6, 'strict_confirmed': False, 'confirmed_any': False, 'density_min': 1.0, 'block_start': 6000.0, 'block_end': 9600.0}]"
controlled/HtoW/scenarios_Home_to_work__adv1_apple0_google0_samsung0_tile0__advtag-4c001219fc__20260130_081125/scenario_tx-2s_rot-1min.csv,True,3600.0,3000.0,3,1800.0,True,True,True,2,105,0.0,9600.0,"[{'src_file': 'controlled/HtoW/scenarios_Home_to_work__adv1_apple0_google0_samsung0_tile0__advtag-4c001219fc__20260130_081125/scenario_tx-2s_rot-1min.csv', 'n_segments': 99, 'gt_adv_mac_count': 52, 'n_clusters': 3, 'n_ranked': 3, 'strict_confirmed': True, 'confirmed_any': True, 'density_min': 1.0, 'block_start': 0.0, 'block_end': 3600.0}, {'src_file': 'controlled/HtoW/scenarios_Home_to_work__adv1_apple0_google0_samsung0_tile0__advtag-4c001219fc__20260130_081125/scenario_tx-2s_rot-1min.csv', 'n_segments': 176, 'gt_adv_mac_count': 60, 'n_clusters': 6, 'n_ranked': 6, 'strict_confirmed': True, 'confirmed_any': True, 'density_min': 1.0, 'block_start': 3000.0, 'block_end': 6600.0}, {'src_file': 'controlled/HtoW/scenarios_Home_to_work__adv1_apple0_google0_samsung0_tile0__advtag-4c001219fc__20260130_081125/scenario_tx-2s_rot-1min.csv', 'n_segments': 97, 'gt_adv_mac_count': 13, 'n_clusters': 6, 'n_ranked': 6, 'strict_confirmed': False, 'confirmed_any': False, 'density_min': 1.0, 'block_start': 6000.0, 'block_end': 9600.0}]"
controlled/HtoW/scenarios_Home_to_work__adv1_apple0_google0_samsung0_tile0__advtag-4c001219fc__20260130_081125/scenario_tx-15s_rot-1min.csv,True,3600.0,3000.0,3,1800.0,True,True,True,2,105,0.0,9600.0,"[{'src_file': 'controlled/HtoW/scenarios_Home_to_work__adv1_apple0_google0_samsung0_tile0__advtag-4c001219fc__20260130_081125/scenario_tx-15s_rot-1min.csv', 'n_segments': 99, 'gt_adv_mac_count': 52, 'n_clusters': 3, 'n_ranked': 3, 'strict_confirmed': True, 'confirmed_any': True, 'density_min': 1.0, 'block_start': 0.0, 'block_end': 3600.0}, {'src_file': 'controlled/HtoW/scenarios_Home_to_work__adv1_apple0_google0_samsung0_tile0__advtag-4c001219fc__20260130_081125/scenario_tx-15s_rot-1min.csv', 'n_segments': 175, 'gt_adv_mac_count': 60, 'n_clusters': 6, 'n_ranked': 6, 'strict_confirmed': True, 'confirmed_any': True, 'density_min': 1.0, 'block_start': 3000.0, 'block_end': 6600.0}, {'src_file': 'controlled/HtoW/scenarios_Home_to_work__adv1_apple0_google0_samsung0_tile0__advtag-4c001219fc__20260130_081125/scenario_tx-15s_rot-1min.csv', 'n_segments': 96, 'gt_adv_mac_count': 13, 'n_clusters': 6, 'n_ranked': 6, 'strict_confirmed': False, 'confirmed_any': False, 'density_min': 1.0, 'block_start': 6000.0, 'block_end': 9600.0}]"
controlled/HtoW/scenarios_Home_to_work__adv1_apple0_google0_samsung0_tile0__advtag-4c001219fc__20260130_081125/scenario_tx-15s_rot-30s.csv,True,3600.0,3000.0,3,1800.0,True,True,True,2,198,0.0,9600.0,"[{'src_file': 'controlled/HtoW/scenarios_Home_to_work__adv1_apple0_google0_samsung0_tile0__advtag-4c001219fc__20260130_081125/scenario_tx-15s_rot-30s.csv', 'n_segments': 130, 'gt_adv_mac_count': 100, 'n_clusters': 3, 'n_ranked': 3, 'strict_confirmed': True, 'confirmed_any': True, 'density_min': 1.0, 'block_start': 0.0, 'block_end': 3600.0}, {'src_file': 'controlled/HtoW/scenarios_Home_to_work__adv1_apple0_google0_samsung0_tile0__advtag-4c001219fc__20260130_081125/scenario_tx-15s_rot-30s.csv', 'n_segments': 203, 'gt_adv_mac_count': 120, 'n_clusters': 6, 'n_ranked': 6, 'strict_confirmed': True, 'confirmed_any': True, 'density_min': 1.0, 'block_start': 3000.0, 'block_end': 6600.0}, {'src_file': 'controlled/HtoW/scenarios_Home_to_work__adv1_apple0_google0_samsung0_tile0__advtag-4c001219fc__20260130_081125/scenario_tx-15s_rot-30s.csv', 'n_segments': 105, 'gt_adv_mac_count': 25, 'n_clusters': 6, 'n_ranked': 6, 'strict_confirmed': False, 'confirmed_any': False, 'density_min': 1.0, 'block_start': 6000.0, 'block_end': 9600.0}]"
controlled/HtoW/scenarios_Home_to_work__adv1_apple0_google0_samsung0_tile0__advtag-4c001219fd__20260130_081144/scenario_tx-10s_rot-10s.csv,True,3600.0,3000.0,3,1800.0,True,True,True,2,198,0.0057685375213623,9600.005768537521,"[{'src_file': 'controlled/HtoW/scenarios_Home_to_work__adv1_apple0_google0_samsung0_tile0__advtag-4c001219fd__20260130_081144/scenario_tx-10s_rot-10s.csv', 'n_segments': 199, 'gt_adv_mac_count': 198, 'n_clusters': 3, 'n_ranked': 3, 'strict_confirmed': True, 'confirmed_any': True, 'density_min': 1.0, 'block_start': 0.0057685375213623, 'block_end': 3600.0057685375214}, {'src_file': 'controlled/HtoW/scenarios_Home_to_work__adv1_apple0_google0_samsung0_tile0__advtag-4c001219fd__20260130_081144/scenario_tx-10s_rot-10s.csv', 'n_segments': 268, 'gt_adv_mac_count': 198, 'n_clusters': 7, 'n_ranked': 7, 'strict_confirmed': True, 'confirmed_any': True, 'density_min': 1.0, 'block_start': 3000.0057685375214, 'block_end': 6600.005768537521}, {'src_file': 'controlled/HtoW/scenarios_Home_to_work__adv1_apple0_google0_samsung0_tile0__advtag-4c001219fd__20260130_081144/scenario_tx-10s_rot-10s.csv', 'n_segments': 121, 'gt_adv_mac_count': 45, 'n_clusters': 7, 'n_ranked': 7, 'strict_confirmed': False, 'confirmed_any': False, 'density_min': 1.0, 'block_start': 6000.005768537521, 'block_end': 9600.005768537521}]"
controlled/HtoW/scenarios_Home_to_work__adv1_apple0_google0_samsung0_tile0__advtag-4c001219fc__20260130_081125/scenario_tx-2s_rot-2s.csv,True,3600.0,3000.0,3,1800.0,True,True,True,2,198,0.0,9600.0,"[{'src_file': 'controlled/HtoW/scenarios_Home_to_work__adv1_apple0_google0_samsung0_tile0__advtag-4c001219fc__20260130_081125/scenario_tx-2s_rot-2s.csv', 'n_segments': 199, 'gt_adv_mac_count': 198, 'n_clusters': 3, 'n_ranked': 3, 'strict_confirmed': True, 'confirmed_any': True, 'density_min': 1.0, 'block_start': 0.0, 'block_end': 3600.0}, {'src_file': 'controlled/HtoW/scenarios_Home_to_work__adv1_apple0_google0_samsung0_tile0__advtag-4c001219fc__20260130_081125/scenario_tx-2s_rot-2s.csv', 'n_segments': 332, 'gt_adv_mac_count': 198, 'n_clusters': 6, 'n_ranked': 6, 'strict_confirmed': True, 'confirmed_any': True, 'density_min': 1.0, 'block_start': 3000.0, 'block_end': 6600.0}, {'src_file': 'controlled/HtoW/scenarios_Home_to_work__adv1_apple0_google0_samsung0_tile0__advtag-4c001219fc__20260130_081125/scenario_tx-2s_rot-2s.csv', 'n_segments': 164, 'gt_adv_mac_count': 134, 'n_clusters': 7, 'n_ranked': 7, 'strict_confirmed': False, 'confirmed_any': False, 'density_min': 1.0, 'block_start': 6000.0, 'block_end': 9600.0}]"
controlled/HtoW/scenarios_Home_to_work__adv1_apple0_google0_samsung0_tile0__advtag-4c001219fd__20260130_081144/scenario_tx-1min_rot-15min.csv,True,3600.0,3000.0,3,1800.0,True,True,True,2,8,0.0057685375213623,9600.005768537521,"[{'src_file': 'controlled/HtoW/scenarios_Home_to_work__adv1_apple0_google0_samsung0_tile0__advtag-4c001219fd__20260130_081144/scenario_tx-1min_rot-15min.csv', 'n_segments': 64, 'gt_adv_mac_count': 4, 'n_clusters': 3, 'n_ranked': 3, 'strict_confirmed': True, 'confirmed_any': True, 'density_min': 1.0, 'block_start': 0.0057685375213623, 'block_end': 3600.0057685375214}, {'src_file': 'controlled/HtoW/scenarios_Home_to_work__adv1_apple0_google0_samsung0_tile0__advtag-4c001219fd__20260130_081144/scenario_tx-1min_rot-15min.csv', 'n_segments': 147, 'gt_adv_mac_count': 5, 'n_clusters': 6, 'n_ranked': 6, 'strict_confirmed': True, 'confirmed_any': True, 'density_min': 1.0, 'block_start': 3000.0057685375214, 'block_end': 6600.005768537521}, {'src_file': 'controlled/HtoW/scenarios_Home_to_work__adv1_apple0_google0_samsung0_tile0__advtag-4c001219fd__20260130_081144/scenario_tx-1min_rot-15min.csv', 'n_segments': 90, 'gt_adv_mac_count': 2, 'n_clusters': 6, 'n_ranked': 6, 'strict_confirmed': False, 'confirmed_any': False, 'density_min': 1.0, 'block_start': 6000.005768537521, 'block_end': 9600.005768537521}]"
controlled/HtoW/scenarios_Home_to_work__adv1_apple0_google0_samsung0_tile0__advtag-4c001219fd__20260130_081144/scenario_tx-2s_rot-15min.csv,True,3600.0,3000.0,3,1800.0,True,True,True,2,8,0.0057685375213623,9600.005768537521,"[{'src_file': 'controlled/HtoW/scenarios_Home_to_work__adv1_apple0_google0_samsung0_tile0__advtag-4c001219fd__20260130_081144/scenario_tx-2s_rot-15min.csv', 'n_segments': 63, 'gt_adv_mac_count': 4, 'n_clusters': 3, 'n_ranked': 3, 'strict_confirmed': True, 'confirmed_any': True, 'density_min': 1.0, 'block_start': 0.0057685375213623, 'block_end': 3600.0057685375214}, {'src_file': 'controlled/HtoW/scenarios_Home_to_work__adv1_apple0_google0_samsung0_tile0__advtag-4c001219fd__20260130_081144/scenario_tx-2s_rot-15min.csv', 'n_segments': 147, 'gt_adv_mac_count': 5, 'n_clusters': 6, 'n_ranked': 6, 'strict_confirmed': True, 'confirmed_any': True, 'density_min': 1.0, 'block_start': 3000.0057685375214, 'block_end': 6600.005768537521}, {'src_file': 'controlled/HtoW/scenarios_Home_to_work__adv1_apple0_google0_samsung0_tile0__advtag-4c001219fd__20260130_081144/scenario_tx-2s_rot-15min.csv', 'n_segments': 90, 'gt_adv_mac_count': 2, 'n_clusters': 6, 'n_ranked': 6, 'strict_confirmed': False, 'confirmed_any': False, 'density_min': 1.0, 'block_start': 6000.005768537521, 'block_end': 9600.005768537521}]"
controlled/HtoW/scenarios_Home_to_work__adv1_apple0_google0_samsung0_tile0__advtag-4c001219fd__20260130_081144/scenario_tx-1min_rot-5min.csv,True,3600.0,3000.0,3,1800.0,True,True,True,2,22,0.0057685375213623,9600.005768537521,"[{'src_file': 'controlled/HtoW/scenarios_Home_to_work__adv1_apple0_google0_samsung0_tile0__advtag-4c001219fd__20260130_081144/scenario_tx-1min_rot-5min.csv', 'n_segments': 66, 'gt_adv_mac_count': 11, 'n_clusters': 3, 'n_ranked': 3, 'strict_confirmed': True, 'confirmed_any': True, 'density_min': 1.0, 'block_start': 0.0057685375213623, 'block_end': 3600.0057685375214}, {'src_file': 'controlled/HtoW/scenarios_Home_to_work__adv1_apple0_google0_samsung0_tile0__advtag-4c001219fd__20260130_081144/scenario_tx-1min_rot-5min.csv', 'n_segments': 149, 'gt_adv_mac_count': 12, 'n_clusters': 6, 'n_ranked': 6, 'strict_confirmed': True, 'confirmed_any': True, 'density_min': 1.0, 'block_start': 3000.0057685375214, 'block_end': 6600.005768537521}, {'src_file': 'controlled/HtoW/scenarios_Home_to_work__adv1_apple0_google0_samsung0_tile0__advtag-4c001219fd__20260130_081144/scenario_tx-1min_rot-5min.csv', 'n_segments': 89, 'gt_adv_mac_count': 3, 'n_clusters': 6, 'n_ranked': 6, 'strict_confirmed': False, 'confirmed_any': False, 'density_min': 1.0, 'block_start': 6000.005768537521, 'block_end': 9600.005768537521}]"
controlled/HtoW/scenarios_Home_to_work__adv1_apple0_google0_samsung0_tile0__advtag-4c001219fd__20260130_081144/scenario_tx-1min_rot-1min.csv,True,3600.0,3000.0,3,1800.0,True,True,True,2,99,0.0057685375213623,9600.005768537521,"[{'src_file': 'controlled/HtoW/scenarios_Home_to_work__adv1_apple0_google0_samsung0_tile0__advtag-4c001219fd__20260130_081144/scenario_tx-1min_rot-1min.csv', 'n_segments': 93, 'gt_adv_mac_count': 49, 'n_clusters': 3, 'n_ranked': 3, 'strict_confirmed': True, 'confirmed_any': True, 'density_min': 1.0, 'block_start': 0.0057685375213623, 'block_end': 3600.0057685375214}, {'src_file': 'controlled/HtoW/scenarios_Home_to_work__adv1_apple0_google0_samsung0_tile0__advtag-4c001219fd__20260130_081144/scenario_tx-1min_rot-1min.csv', 'n_segments': 172, 'gt_adv_mac_count': 57, 'n_clusters': 6, 'n_ranked': 6, 'strict_confirmed': True, 'confirmed_any': True, 'density_min': 1.0, 'block_start': 3000.0057685375214, 'block_end': 6600.005768537521}, {'src_file': 'controlled/HtoW/scenarios_Home_to_work__adv1_apple0_google0_samsung0_tile0__advtag-4c001219fd__20260130_081144/scenario_tx-1min_rot-1min.csv', 'n_segments': 95, 'gt_adv_mac_count': 12, 'n_clusters': 6, 'n_ranked': 6, 'strict_confirmed': False, 'confirmed_any': False, 'density_min': 1.0, 'block_start': 6000.005768537521, 'block_end': 9600.005768537521}]"
controlled/HtoW/scenarios_Home_to_work__adv1_apple0_google0_samsung0_tile0__advtag-4c001219fd__20260130_081144/scenario_tx-30s_rot-5min.csv,True,3600.0,3000.0,3,1800.0,True,True,True,2,22,0.0057685375213623,9600.005768537521,"[{'src_file': 'controlled/HtoW/scenarios_Home_to_work__adv1_apple0_google0_samsung0_tile0__advtag-4c001219fd__20260130_081144/scenario_tx-30s_rot-5min.csv', 'n_segments': 68, 'gt_adv_mac_count': 11, 'n_clusters': 3, 'n_ranked': 3, 'strict_confirmed': True, 'confirmed_any': True, 'density_min': 1.0, 'block_start': 0.0057685375213623, 'block_end': 3600.0057685375214}, {'src_file': 'controlled/HtoW/scenarios_Home_to_work__adv1_apple0_google0_samsung0_tile0__advtag-4c001219fd__20260130_081144/scenario_tx-30s_rot-5min.csv', 'n_segments': 153, 'gt_adv_mac_count': 12, 'n_clusters': 6, 'n_ranked': 6, 'strict_confirmed': True, 'confirmed_any': True, 'density_min': 1.0, 'block_start': 3000.0057685375214, 'block_end': 6600.005768537521}, {'src_file': 'controlled/HtoW/scenarios_Home_to_work__adv1_apple0_google0_samsung0_tile0__advtag-4c001219fd__20260130_081144/scenario_tx-30s_rot-5min.csv', 'n_segments': 92, 'gt_adv_mac_count': 3, 'n_clusters': 6, 'n_ranked': 6, 'strict_confirmed': False, 'confirmed_any': False, 'density_min': 1.0, 'block_start': 6000.005768537521, 'block_end': 9600.005768537521}]"
controlled/HtoW/scenarios_Home_to_work__adv1_apple0_google0_samsung0_tile0__advtag-4c001219fe__20260130_081201/scenario_tx-15s_rot-15min.csv,True,3600.0,3000.0,3,1800.0,False,True,False,2,8,0.0034320354461669,9600.003432035446,"[{'src_file': 'controlled/HtoW/scenarios_Home_to_work__adv1_apple0_google0_samsung0_tile0__advtag-4c001219fe__20260130_081201/scenario_tx-15s_rot-15min.csv', 'n_segments': 63, 'gt_adv_mac_count': 4, 'n_clusters': 3, 'n_ranked': 3, 'strict_confirmed': False, 'confirmed_any': False, 'density_min': 1.0, 'block_start': 0.0034320354461669, 'block_end': 3600.003432035446}, {'src_file': 'controlled/HtoW/scenarios_Home_to_work__adv1_apple0_google0_samsung0_tile0__advtag-4c001219fe__20260130_081201/scenario_tx-15s_rot-15min.csv', 'n_segments': 147, 'gt_adv_mac_count': 5, 'n_clusters': 6, 'n_ranked': 6, 'strict_confirmed': False, 'confirmed_any': False, 'density_min': 1.0, 'block_start': 3000.003432035446, 'block_end': 6600.003432035446}, {'src_file': 'controlled/HtoW/scenarios_Home_to_work__adv1_apple0_google0_samsung0_tile0__advtag-4c001219fe__20260130_081201/scenario_tx-15s_rot-15min.csv', 'n_segments': 91, 'gt_adv_mac_count': 2, 'n_clusters': 6, 'n_ranked': 6, 'strict_confirmed': False, 'confirmed_any': False, 'density_min': 1.0, 'block_start': 6000.003432035446, 'block_end': 9600.003432035446}]"
controlled/HtoW/scenarios_Home_to_work__adv1_apple0_google0_samsung0_tile0__advtag-4c001219fe__20260130_081201/scenario_tx-10s_rot-15min.csv,True,3600.0,3000.0,3,1800.0,False,True,False,2,8,0.0034320354461669,9600.003432035446,"[{'src_file': 'controlled/HtoW/scenarios_Home_to_work__adv1_apple0_google0_samsung0_tile0__advtag-4c001219fe__20260130_081201/scenario_tx-10s_rot-15min.csv', 'n_segments': 63, 'gt_adv_mac_count': 4, 'n_clusters': 3, 'n_ranked': 3, 'strict_confirmed': False, 'confirmed_any': False, 'density_min': 1.0, 'block_start': 0.0034320354461669, 'block_end': 3600.003432035446}, {'src_file': 'controlled/HtoW/scenarios_Home_to_work__adv1_apple0_google0_samsung0_tile0__advtag-4c001219fe__20260130_081201/scenario_tx-10s_rot-15min.csv', 'n_segments': 148, 'gt_adv_mac_count': 5, 'n_clusters': 6, 'n_ranked': 6, 'strict_confirmed': False, 'confirmed_any': False, 'density_min': 1.0, 'block_start': 3000.003432035446, 'block_end': 6600.003432035446}, {'src_file': 'controlled/HtoW/scenarios_Home_to_work__adv1_apple0_google0_samsung0_tile0__advtag-4c001219fe__20260130_081201/scenario_tx-10s_rot-15min.csv', 'n_segments': 91, 'gt_adv_mac_count': 2, 'n_clusters': 6, 'n_ranked': 6, 'strict_confirmed': False, 'confirmed_any': False, 'density_min': 1.0, 'block_start': 6000.003432035446, 'block_end': 9600.003432035446}]"
controlled/HtoW/scenarios_Home_to_work__adv1_apple0_google0_samsung0_tile0__advtag-4c001219fd__20260130_081144/scenario_tx-2s_rot-5min.csv,True,3600.0,3000.0,3,1800.0,True,True,True,2,22,0.0057685375213623,9600.005768537521,"[{'src_file': 'controlled/HtoW/scenarios_Home_to_work__adv1_apple0_google0_samsung0_tile0__advtag-4c001219fd__20260130_081144/scenario_tx-2s_rot-5min.csv', 'n_segments': 67, 'gt_adv_mac_count': 11, 'n_clusters': 3, 'n_ranked': 3, 'strict_confirmed': True, 'confirmed_any': True, 'density_min': 1.0, 'block_start': 0.0057685375213623, 'block_end': 3600.0057685375214}, {'src_file': 'controlled/HtoW/scenarios_Home_to_work__adv1_apple0_google0_samsung0_tile0__advtag-4c001219fd__20260130_081144/scenario_tx-2s_rot-5min.csv', 'n_segments': 152, 'gt_adv_mac_count': 12, 'n_clusters': 6, 'n_ranked': 6, 'strict_confirmed': True, 'confirmed_any': True, 'density_min': 1.0, 'block_start': 3000.0057685375214, 'block_end': 6600.005768537521}, {'src_file': 'controlled/HtoW/scenarios_Home_to_work__adv1_apple0_google0_samsung0_tile0__advtag-4c001219fd__20260130_081144/scenario_tx-2s_rot-5min.csv', 'n_segments': 92, 'gt_adv_mac_count': 3, 'n_clusters': 6, 'n_ranked': 6, 'strict_confirmed': False, 'confirmed_any': False, 'density_min': 1.0, 'block_start': 6000.005768537521, 'block_end': 9600.005768537521}]"
controlled/HtoW/scenarios_Home_to_work__adv1_apple0_google0_samsung0_tile0__advtag-4c001219fd__20260130_081144/scenario_tx-30s_rot-1min.csv,True,3600.0,3000.0,3,1800.0,True,True,True,2,105,0.0057685375213623,9600.005768537521,"[{'src_file': 'controlled/HtoW/scenarios_Home_to_work__adv1_apple0_google0_samsung0_tile0__advtag-4c001219fd__20260130_081144/scenario_tx-30s_rot-1min.csv', 'n_segments': 95, 'gt_adv_mac_count': 52, 'n_clusters': 3, 'n_ranked': 3, 'strict_confirmed': True, 'confirmed_any': True, 'density_min': 1.0, 'block_start': 0.0057685375213623, 'block_end': 3600.0057685375214}, {'src_file': 'controlled/HtoW/scenarios_Home_to_work__adv1_apple0_google0_samsung0_tile0__advtag-4c001219fd__20260130_081144/scenario_tx-30s_rot-1min.csv', 'n_segments': 179, 'gt_adv_mac_count': 60, 'n_clusters': 6, 'n_ranked': 6, 'strict_confirmed': True, 'confirmed_any': True, 'density_min': 1.0, 'block_start': 3000.0057685375214, 'block_end': 6600.005768537521}, {'src_file': 'controlled/HtoW/scenarios_Home_to_work__adv1_apple0_google0_samsung0_tile0__advtag-4c001219fd__20260130_081144/scenario_tx-30s_rot-1min.csv', 'n_segments': 95, 'gt_adv_mac_count': 13, 'n_clusters': 6, 'n_ranked': 6, 'strict_confirmed': False, 'confirmed_any': False, 'density_min': 1.0, 'block_start': 6000.005768537521, 'block_end': 9600.005768537521}]"
controlled/HtoW/scenarios_Home_to_work__adv1_apple0_google0_samsung0_tile0__advtag-4c001219fd__20260130_081144/scenario_tx-30s_rot-30s.csv,True,3600.0,3000.0,3,1800.0,True,True,True,2,186,0.0057685375213623,9600.005768537521,"[{'src_file': 'controlled/HtoW/scenarios_Home_to_work__adv1_apple0_google0_samsung0_tile0__advtag-4c001219fd__20260130_081144/scenario_tx-30s_rot-30s.csv', 'n_segments': 122, 'gt_adv_mac_count': 90, 'n_clusters': 3, 'n_ranked': 3, 'strict_confirmed': True, 'confirmed_any': True, 'density_min': 1.0, 'block_start': 0.0057685375213623, 'block_end': 3600.0057685375214}, {'src_file': 'controlled/HtoW/scenarios_Home_to_work__adv1_apple0_google0_samsung0_tile0__advtag-4c001219fd__20260130_081144/scenario_tx-30s_rot-30s.csv', 'n_segments': 197, 'gt_adv_mac_count': 110, 'n_clusters': 6, 'n_ranked': 6, 'strict_confirmed': True, 'confirmed_any': True, 'density_min': 1.0, 'block_start': 3000.0057685375214, 'block_end': 6600.005768537521}, {'src_file': 'controlled/HtoW/scenarios_Home_to_work__adv1_apple0_google0_samsung0_tile0__advtag-4c001219fd__20260130_081144/scenario_tx-30s_rot-30s.csv', 'n_segments': 99, 'gt_adv_mac_count': 23, 'n_clusters': 6, 'n_ranked': 6, 'strict_confirmed': False, 'confirmed_any': False, 'density_min': 1.0, 'block_start': 6000.005768537521, 'block_end': 9600.005768537521}]"
controlled/HtoW/scenarios_Home_to_work__adv1_apple0_google0_samsung0_tile0__advtag-4c001219fe__20260130_081201/scenario_tx-10s_rot-1min.csv,True,3600.0,3000.0,3,1800.0,True,True,True,2,105,0.0034320354461669,9600.003432035446,"[{'src_file': 'controlled/HtoW/scenarios_Home_to_work__adv1_apple0_google0_samsung0_tile0__advtag-4c001219fe__20260130_081201/scenario_tx-10s_rot-1min.csv', 'n_segments': 95, 'gt_adv_mac_count': 52, 'n_clusters': 4, 'n_ranked': 4, 'strict_confirmed': True, 'confirmed_any': True, 'density_min': 1.0, 'block_start': 0.0034320354461669, 'block_end': 3600.003432035446}, {'src_file': 'controlled/HtoW/scenarios_Home_to_work__adv1_apple0_google0_samsung0_tile0__advtag-4c001219fe__20260130_081201/scenario_tx-10s_rot-1min.csv', 'n_segments': 176, 'gt_adv_mac_count': 60, 'n_clusters': 6, 'n_ranked': 6, 'strict_confirmed': False, 'confirmed_any': False, 'density_min': 1.0, 'block_start': 3000.003432035446, 'block_end': 6600.003432035446}, {'src_file': 'controlled/HtoW/scenarios_Home_to_work__adv1_apple0_google0_samsung0_tile0__advtag-4c001219fe__20260130_081201/scenario_tx-10s_rot-1min.csv', 'n_segments': 96, 'gt_adv_mac_count': 13, 'n_clusters': 6, 'n_ranked': 6, 'strict_confirmed': False, 'confirmed_any': False, 'density_min': 1.0, 'block_start': 6000.003432035446, 'block_end': 9600.003432035446}]"
controlled/HtoW/scenarios_Home_to_work__adv1_apple0_google0_samsung0_tile0__advtag-4c001219fe__20260130_081201/scenario_tx-15s_rot-1min.csv,True,3600.0,3000.0,3,1800.0,True,True,True,2,105,0.0034320354461669,9600.003432035446,"[{'src_file': 'controlled/HtoW/scenarios_Home_to_work__adv1_apple0_google0_samsung0_tile0__advtag-4c001219fe__20260130_081201/scenario_tx-15s_rot-1min.csv', 'n_segments': 99, 'gt_adv_mac_count': 52, 'n_clusters': 3, 'n_ranked': 3, 'strict_confirmed': True, 'confirmed_any': True, 'density_min': 1.0, 'block_start': 0.0034320354461669, 'block_end': 3600.003432035446}, {'src_file': 'controlled/HtoW/scenarios_Home_to_work__adv1_apple0_google0_samsung0_tile0__advtag-4c001219fe__20260130_081201/scenario_tx-15s_rot-1min.csv', 'n_segments': 175, 'gt_adv_mac_count': 60, 'n_clusters': 6, 'n_ranked': 6, 'strict_confirmed': False, 'confirmed_any': False, 'density_min': 1.0, 'block_start': 3000.003432035446, 'block_end': 6600.003432035446}, {'src_file': 'controlled/HtoW/scenarios_Home_to_work__adv1_apple0_google0_samsung0_tile0__advtag-4c001219fe__20260130_081201/scenario_tx-15s_rot-1min.csv', 'n_segments': 96, 'gt_adv_mac_count': 13, 'n_clusters': 6, 'n_ranked': 6, 'strict_confirmed': False, 'confirmed_any': False, 'density_min': 1.0, 'block_start': 6000.003432035446, 'block_end': 9600.003432035446}]"
controlled/HtoW/scenarios_Home_to_work__adv1_apple0_google0_samsung0_tile0__advtag-4c001219fe__20260130_081201/scenario_tx-1min_rot-1min.csv,True,3600.0,3000.0,3,1800.0,True,True,True,2,100,0.0034320354461669,9600.003432035446,"[{'src_file': 'controlled/HtoW/scenarios_Home_to_work__adv1_apple0_google0_samsung0_tile0__advtag-4c001219fe__20260130_081201/scenario_tx-1min_rot-1min.csv', 'n_segments': 93, 'gt_adv_mac_count': 49, 'n_clusters': 3, 'n_ranked': 3, 'strict_confirmed': True, 'confirmed_any': True, 'density_min': 1.0, 'block_start': 0.0034320354461669, 'block_end': 3600.003432035446}, {'src_file': 'controlled/HtoW/scenarios_Home_to_work__adv1_apple0_google0_samsung0_tile0__advtag-4c001219fe__20260130_081201/scenario_tx-1min_rot-1min.csv', 'n_segments': 173, 'gt_adv_mac_count': 58, 'n_clusters': 6, 'n_ranked': 6, 'strict_confirmed': False, 'confirmed_any': False, 'density_min': 1.0, 'block_start': 3000.003432035446, 'block_end': 6600.003432035446}, {'src_file': 'controlled/HtoW/scenarios_Home_to_work__adv1_apple0_google0_samsung0_tile0__advtag-4c001219fe__20260130_081201/scenario_tx-1min_rot-1min.csv', 'n_segments': 94, 'gt_adv_mac_count': 12, 'n_clusters': 6, 'n_ranked': 6, 'strict_confirmed': False, 'confirmed_any': False, 'density_min': 1.0, 'block_start': 6000.003432035446, 'block_end': 9600.003432035446}]"
controlled/HtoW/scenarios_Home_to_work__adv1_apple0_google0_samsung0_tile0__advtag-4c001219fd__20260130_081144/scenario_tx-2s_rot-1min.csv,True,3600.0,3000.0,3,1800.0,True,True,True,2,105,0.0057685375213623,9600.005768537521,"[{'src_file': 'controlled/HtoW/scenarios_Home_to_work__adv1_apple0_google0_samsung0_tile0__advtag-4c001219fd__20260130_081144/scenario_tx-2s_rot-1min.csv', 'n_segments': 99, 'gt_adv_mac_count': 52, 'n_clusters': 3, 'n_ranked': 3, 'strict_confirmed': True, 'confirmed_any': True, 'density_min': 1.0, 'block_start': 0.0057685375213623, 'block_end': 3600.0057685375214}, {'src_file': 'controlled/HtoW/scenarios_Home_to_work__adv1_apple0_google0_samsung0_tile0__advtag-4c001219fd__20260130_081144/scenario_tx-2s_rot-1min.csv', 'n_segments': 176, 'gt_adv_mac_count': 60, 'n_clusters': 6, 'n_ranked': 6, 'strict_confirmed': True, 'confirmed_any': True, 'density_min': 1.0, 'block_start': 3000.0057685375214, 'block_end': 6600.005768537521}, {'src_file': 'controlled/HtoW/scenarios_Home_to_work__adv1_apple0_google0_samsung0_tile0__advtag-4c001219fd__20260130_081144/scenario_tx-2s_rot-1min.csv', 'n_segments': 97, 'gt_adv_mac_count': 13, 'n_clusters': 6, 'n_ranked': 6, 'strict_confirmed': False, 'confirmed_any': False, 'density_min': 1.0, 'block_start': 6000.005768537521, 'block_end': 9600.005768537521}]"
controlled/HtoW/scenarios_Home_to_work__adv1_apple0_google0_samsung0_tile0__advtag-4c001219fe__20260130_081201/scenario_tx-10s_rot-30s.csv,True,3600.0,3000.0,3,1800.0,True,True,True,2,198,0.0034320354461669,9600.003432035446,"[{'src_file': 'controlled/HtoW/scenarios_Home_to_work__adv1_apple0_google0_samsung0_tile0__advtag-4c001219fe__20260130_081201/scenario_tx-10s_rot-30s.csv', 'n_segments': 127, 'gt_adv_mac_count': 102, 'n_clusters': 4, 'n_ranked': 4, 'strict_confirmed': True, 'confirmed_any': True, 'density_min': 1.0, 'block_start': 0.0034320354461669, 'block_end': 3600.003432035446}, {'src_file': 'controlled/HtoW/scenarios_Home_to_work__adv1_apple0_google0_samsung0_tile0__advtag-4c001219fe__20260130_081201/scenario_tx-10s_rot-30s.csv', 'n_segments': 204, 'gt_adv_mac_count': 119, 'n_clusters': 6, 'n_ranked': 6, 'strict_confirmed': False, 'confirmed_any': False, 'density_min': 1.0, 'block_start': 3000.003432035446, 'block_end': 6600.003432035446}, {'src_file': 'controlled/HtoW/scenarios_Home_to_work__adv1_apple0_google0_samsung0_tile0__advtag-4c001219fe__20260130_081201/scenario_tx-10s_rot-30s.csv', 'n_segments': 100, 'gt_adv_mac_count': 25, 'n_clusters': 6, 'n_ranked': 6, 'strict_confirmed': False, 'confirmed_any': False, 'density_min': 1.0, 'block_start': 6000.003432035446, 'block_end': 9600.003432035446}]"
controlled/HtoW/scenarios_Home_to_work__adv1_apple0_google0_samsung0_tile0__advtag-4c001219fe__20260130_081201/scenario_tx-10s_rot-5min.csv,True,3600.0,3000.0,3,1800.0,False,True,False,2,22,0.0034320354461669,9600.003432035446,"[{'src_file': 'controlled/HtoW/scenarios_Home_to_work__adv1_apple0_google0_samsung0_tile0__advtag-4c001219fe__20260130_081201/scenario_tx-10s_rot-5min.csv', 'n_segments': 67, 'gt_adv_mac_count': 11, 'n_clusters': 3, 'n_ranked': 3, 'strict_confirmed': False, 'confirmed_any': False, 'density_min': 1.0, 'block_start': 0.0034320354461669, 'block_end': 3600.003432035446}, {'src_file': 'controlled/HtoW/scenarios_Home_to_work__adv1_apple0_google0_samsung0_tile0__advtag-4c001219fe__20260130_081201/scenario_tx-10s_rot-5min.csv', 'n_segments': 147, 'gt_adv_mac_count': 12, 'n_clusters': 6, 'n_ranked': 6, 'strict_confirmed': False, 'confirmed_any': False, 'density_min': 1.0, 'block_start': 3000.003432035446, 'block_end': 6600.003432035446}, {'src_file': 'controlled/HtoW/scenarios_Home_to_work__adv1_apple0_google0_samsung0_tile0__advtag-4c001219fe__20260130_081201/scenario_tx-10s_rot-5min.csv', 'n_segments': 90, 'gt_adv_mac_count': 3, 'n_clusters': 6, 'n_ranked': 6, 'strict_confirmed': False, 'confirmed_any': False, 'density_min': 1.0, 'block_start': 6000.003432035446, 'block_end': 9600.003432035446}]"
controlled/HtoW/scenarios_Home_to_work__adv1_apple0_google0_samsung0_tile0__advtag-4c001219fd__20260130_081144/scenario_tx-2s_rot-30s.csv,True,3600.0,3000.0,3,1800.0,True,True,True,2,198,0.0057685375213623,9600.005768537521,"[{'src_file': 'controlled/HtoW/scenarios_Home_to_work__adv1_apple0_google0_samsung0_tile0__advtag-4c001219fd__20260130_081144/scenario_tx-2s_rot-30s.csv', 'n_segments': 135, 'gt_adv_mac_count': 102, 'n_clusters': 3, 'n_ranked': 3, 'strict_confirmed': True, 'confirmed_any': True, 'density_min': 1.0, 'block_start': 0.0057685375213623, 'block_end': 3600.0057685375214}, {'src_file': 'controlled/HtoW/scenarios_Home_to_work__adv1_apple0_google0_samsung0_tile0__advtag-4c001219fd__20260130_081144/scenario_tx-2s_rot-30s.csv', 'n_segments': 207, 'gt_adv_mac_count': 120, 'n_clusters': 6, 'n_ranked': 6, 'strict_confirmed': True, 'confirmed_any': True, 'density_min': 1.0, 'block_start': 3000.0057685375214, 'block_end': 6600.005768537521}, {'src_file': 'controlled/HtoW/scenarios_Home_to_work__adv1_apple0_google0_samsung0_tile0__advtag-4c001219fd__20260130_081144/scenario_tx-2s_rot-30s.csv', 'n_segments': 106, 'gt_adv_mac_count': 26, 'n_clusters': 7, 'n_ranked': 7, 'strict_confirmed': False, 'confirmed_any': False, 'density_min': 1.0, 'block_start': 6000.005768537521, 'block_end': 9600.005768537521}]"
controlled/HtoW/scenarios_Home_to_work__adv1_apple0_google0_samsung0_tile0__advtag-4c001219fe__20260130_081201/scenario_tx-15s_rot-5min.csv,True,3600.0,3000.0,3,1800.0,False,True,False,2,22,0.0034320354461669,9600.003432035446,"[{'src_file': 'controlled/HtoW/scenarios_Home_to_work__adv1_apple0_google0_samsung0_tile0__advtag-4c001219fe__20260130_081201/scenario_tx-15s_rot-5min.csv', 'n_segments': 66, 'gt_adv_mac_count': 11, 'n_clusters': 3, 'n_ranked': 3, 'strict_confirmed': False, 'confirmed_any': False, 'density_min': 1.0, 'block_start': 0.0034320354461669, 'block_end': 3600.003432035446}, {'src_file': 'controlled/HtoW/scenarios_Home_to_work__adv1_apple0_google0_samsung0_tile0__advtag-4c001219fe__20260130_081201/scenario_tx-15s_rot-5min.csv', 'n_segments': 150, 'gt_adv_mac_count': 12, 'n_clusters': 7, 'n_ranked': 7, 'strict_confirmed': False, 'confirmed_any': False, 'density_min': 1.0, 'block_start': 3000.003432035446, 'block_end': 6600.003432035446}, {'src_file': 'controlled/HtoW/scenarios_Home_to_work__adv1_apple0_google0_samsung0_tile0__advtag-4c001219fe__20260130_081201/scenario_tx-15s_rot-5min.csv', 'n_segments': 90, 'gt_adv_mac_count': 3, 'n_clusters': 6, 'n_ranked': 6, 'strict_confirmed': False, 'confirmed_any': False, 'density_min': 1.0, 'block_start': 6000.003432035446, 'block_end': 9600.003432035446}]"
controlled/HtoW/scenarios_Home_to_work__adv1_apple0_google0_samsung0_tile0__advtag-4c001219fe__20260130_081201/scenario_tx-1min_rot-30s.csv,True,3600.0,3000.0,3,1800.0,True,True,True,2,100,0.0034320354461669,9600.003432035446,"[{'src_file': 'controlled/HtoW/scenarios_Home_to_work__adv1_apple0_google0_samsung0_tile0__advtag-4c001219fe__20260130_081201/scenario_tx-1min_rot-30s.csv', 'n_segments': 98, 'gt_adv_mac_count': 49, 'n_clusters': 4, 'n_ranked': 4, 'strict_confirmed': True, 'confirmed_any': True, 'density_min': 1.0, 'block_start': 0.0034320354461669, 'block_end': 3600.003432035446}, {'src_file': 'controlled/HtoW/scenarios_Home_to_work__adv1_apple0_google0_samsung0_tile0__advtag-4c001219fe__20260130_081201/scenario_tx-1min_rot-30s.csv', 'n_segments': 174, 'gt_adv_mac_count': 58, 'n_clusters': 6, 'n_ranked': 6, 'strict_confirmed': False, 'confirmed_any': False, 'density_min': 1.0, 'block_start': 3000.003432035446, 'block_end': 6600.003432035446}, {'src_file': 'controlled/HtoW/scenarios_Home_to_work__adv1_apple0_google0_samsung0_tile0__advtag-4c001219fe__20260130_081201/scenario_tx-1min_rot-30s.csv', 'n_segments': 94, 'gt_adv_mac_count': 12, 'n_clusters': 6, 'n_ranked': 6, 'strict_confirmed': False, 'confirmed_any': False, 'density_min': 1.0, 'block_start': 6000.003432035446, 'block_end': 9600.003432035446}]"
controlled/HtoW/scenarios_Home_to_work__adv1_apple0_google0_samsung0_tile0__advtag-4c001219fe__20260130_081201/scenario_tx-1min_rot-5min.csv,True,3600.0,3000.0,3,1800.0,False,True,False,2,22,0.0034320354461669,9600.003432035446,"[{'src_file': 'controlled/HtoW/scenarios_Home_to_work__adv1_apple0_google0_samsung0_tile0__advtag-4c001219fe__20260130_081201/scenario_tx-1min_rot-5min.csv', 'n_segments': 66, 'gt_adv_mac_count': 11, 'n_clusters': 3, 'n_ranked': 3, 'strict_confirmed': False, 'confirmed_any': False, 'density_min': 1.0, 'block_start': 0.0034320354461669, 'block_end': 3600.003432035446}, {'src_file': 'controlled/HtoW/scenarios_Home_to_work__adv1_apple0_google0_samsung0_tile0__advtag-4c001219fe__20260130_081201/scenario_tx-1min_rot-5min.csv', 'n_segments': 149, 'gt_adv_mac_count': 12, 'n_clusters': 6, 'n_ranked': 6, 'strict_confirmed': False, 'confirmed_any': False, 'density_min': 1.0, 'block_start': 3000.003432035446, 'block_end': 6600.003432035446}, {'src_file': 'controlled/HtoW/scenarios_Home_to_work__adv1_apple0_google0_samsung0_tile0__advtag-4c001219fe__20260130_081201/scenario_tx-1min_rot-5min.csv', 'n_segments': 89, 'gt_adv_mac_count': 3, 'n_clusters': 6, 'n_ranked': 6, 'strict_confirmed': False, 'confirmed_any': False, 'density_min': 1.0, 'block_start': 6000.003432035446, 'block_end': 9600.003432035446}]"
controlled/HtoW/scenarios_Home_to_work__adv1_apple0_google0_samsung0_tile0__advtag-4c001219fe__20260130_081201/scenario_tx-1min_rot-15min.csv,True,3600.0,3000.0,3,1800.0,False,True,False,2,8,0.0034320354461669,9600.003432035446,"[{'src_file': 'controlled/HtoW/scenarios_Home_to_work__adv1_apple0_google0_samsung0_tile0__advtag-4c001219fe__20260130_081201/scenario_tx-1min_rot-15min.csv', 'n_segments': 64, 'gt_adv_mac_count': 4, 'n_clusters': 3, 'n_ranked': 3, 'strict_confirmed': False, 'confirmed_any': False, 'density_min': 1.0, 'block_start': 0.0034320354461669, 'block_end': 3600.003432035446}, {'src_file': 'controlled/HtoW/scenarios_Home_to_work__adv1_apple0_google0_samsung0_tile0__advtag-4c001219fe__20260130_081201/scenario_tx-1min_rot-15min.csv', 'n_segments': 147, 'gt_adv_mac_count': 5, 'n_clusters': 6, 'n_ranked': 6, 'strict_confirmed': False, 'confirmed_any': False, 'density_min': 1.0, 'block_start': 3000.003432035446, 'block_end': 6600.003432035446}, {'src_file': 'controlled/HtoW/scenarios_Home_to_work__adv1_apple0_google0_samsung0_tile0__advtag-4c001219fe__20260130_081201/scenario_tx-1min_rot-15min.csv', 'n_segments': 90, 'gt_adv_mac_count': 2, 'n_clusters': 6, 'n_ranked': 6, 'strict_confirmed': False, 'confirmed_any': False, 'density_min': 1.0, 'block_start': 6000.003432035446, 'block_end': 9600.003432035446}]"
controlled/HtoW/scenarios_Home_to_work__adv1_apple0_google0_samsung0_tile0__advtag-4c001219fe__20260130_081201/scenario_tx-2s_rot-15min.csv,True,3600.0,3000.0,3,1800.0,False,True,False,2,8,0.0034320354461669,9600.003432035446,"[{'src_file': 'controlled/HtoW/scenarios_Home_to_work__adv1_apple0_google0_samsung0_tile0__advtag-4c001219fe__20260130_081201/scenario_tx-2s_rot-15min.csv', 'n_segments': 63, 'gt_adv_mac_count': 4, 'n_clusters': 3, 'n_ranked': 3, 'strict_confirmed': False, 'confirmed_any': False, 'density_min': 1.0, 'block_start': 0.0034320354461669, 'block_end': 3600.003432035446}, {'src_file': 'controlled/HtoW/scenarios_Home_to_work__adv1_apple0_google0_samsung0_tile0__advtag-4c001219fe__20260130_081201/scenario_tx-2s_rot-15min.csv', 'n_segments': 147, 'gt_adv_mac_count': 5, 'n_clusters': 6, 'n_ranked': 6, 'strict_confirmed': False, 'confirmed_any': False, 'density_min': 1.0, 'block_start': 3000.003432035446, 'block_end': 6600.003432035446}, {'src_file': 'controlled/HtoW/scenarios_Home_to_work__adv1_apple0_google0_samsung0_tile0__advtag-4c001219fe__20260130_081201/scenario_tx-2s_rot-15min.csv', 'n_segments': 90, 'gt_adv_mac_count': 2, 'n_clusters': 6, 'n_ranked': 6, 'strict_confirmed': False, 'confirmed_any': False, 'density_min': 1.0, 'block_start': 6000.003432035446, 'block_end': 9600.003432035446}]"
controlled/HtoW/scenarios_Home_to_work__adv1_apple0_google0_samsung0_tile0__advtag-4c001219fd__20260130_081144/scenario_tx-2s_rot-10s.csv,True,3600.0,3000.0,3,1800.0,True,True,True,2,198,0.0057685375213623,9600.005768537521,"[{'src_file': 'controlled/HtoW/scenarios_Home_to_work__adv1_apple0_google0_samsung0_tile0__advtag-4c001219fd__20260130_081144/scenario_tx-2s_rot-10s.csv', 'n_segments': 199, 'gt_adv_mac_count': 198, 'n_clusters': 3, 'n_ranked': 3, 'strict_confirmed': True, 'confirmed_any': True, 'density_min': 1.0, 'block_start': 0.0057685375213623, 'block_end': 3600.0057685375214}, {'src_file': 'controlled/HtoW/scenarios_Home_to_work__adv1_apple0_google0_samsung0_tile0__advtag-4c001219fd__20260130_081144/scenario_tx-2s_rot-10s.csv', 'n_segments': 278, 'gt_adv_mac_count': 198, 'n_clusters': 6, 'n_ranked': 6, 'strict_confirmed': True, 'confirmed_any': True, 'density_min': 1.0, 'block_start': 3000.0057685375214, 'block_end': 6600.005768537521}, {'src_file': 'controlled/HtoW/scenarios_Home_to_work__adv1_apple0_google0_samsung0_tile0__advtag-4c001219fd__20260130_081144/scenario_tx-2s_rot-10s.csv', 'n_segments': 126, 'gt_adv_mac_count': 61, 'n_clusters': 6, 'n_ranked': 6, 'strict_confirmed': False, 'confirmed_any': False, 'density_min': 1.0, 'block_start': 6000.005768537521, 'block_end': 9600.005768537521}]"
controlled/HtoW/scenarios_Home_to_work__adv1_apple0_google0_samsung0_tile0__advtag-4c001219fd__20260130_081144/scenario_tx-30s_rot-15min.csv,True,3600.0,3000.0,3,1800.0,True,True,True,2,8,0.0057685375213623,9600.005768537521,"[{'src_file': 'controlled/HtoW/scenarios_Home_to_work__adv1_apple0_google0_samsung0_tile0__advtag-4c001219fd__20260130_081144/scenario_tx-30s_rot-15min.csv', 'n_segments': 63, 'gt_adv_mac_count': 4, 'n_clusters': 3, 'n_ranked': 3, 'strict_confirmed': True, 'confirmed_any': True, 'density_min': 1.0, 'block_start': 0.0057685375213623, 'block_end': 3600.0057685375214}, {'src_file': 'controlled/HtoW/scenarios_Home_to_work__adv1_apple0_google0_samsung0_tile0__advtag-4c001219fd__20260130_081144/scenario_tx-30s_rot-15min.csv', 'n_segments': 147, 'gt_adv_mac_count': 5, 'n_clusters': 6, 'n_ranked': 6, 'strict_confirmed': True, 'confirmed_any': True, 'density_min': 1.0, 'block_start': 3000.0057685375214, 'block_end': 6600.005768537521}, {'src_file': 'controlled/HtoW/scenarios_Home_to_work__adv1_apple0_google0_samsung0_tile0__advtag-4c001219fd__20260130_081144/scenario_tx-30s_rot-15min.csv', 'n_segments': 90, 'gt_adv_mac_count': 2, 'n_clusters': 6, 'n_ranked': 6, 'strict_confirmed': False, 'confirmed_any': False, 'density_min': 1.0, 'block_start': 6000.005768537521, 'block_end': 9600.005768537521}]"
controlled/HtoW/scenarios_Home_to_work__adv1_apple0_google0_samsung0_tile0__advtag-4c001219fe__20260130_081201/scenario_tx-15s_rot-30s.csv,True,3600.0,3000.0,3,1800.0,False,True,False,2,198,0.0034320354461669,9600.003432035446,"[{'src_file': 'controlled/HtoW/scenarios_Home_to_work__adv1_apple0_google0_samsung0_tile0__advtag-4c001219fe__20260130_081201/scenario_tx-15s_rot-30s.csv', 'n_segments': 132, 'gt_adv_mac_count': 102, 'n_clusters': 3, 'n_ranked': 3, 'strict_confirmed': False, 'confirmed_any': False, 'density_min': 1.0, 'block_start': 0.0034320354461669, 'block_end': 3600.003432035446}, {'src_file': 'controlled/HtoW/scenarios_Home_to_work__adv1_apple0_google0_samsung0_tile0__advtag-4c001219fe__20260130_081201/scenario_tx-15s_rot-30s.csv', 'n_segments': 204, 'gt_adv_mac_count': 119, 'n_clusters': 6, 'n_ranked': 6, 'strict_confirmed': False, 'confirmed_any': False, 'density_min': 1.0, 'block_start': 3000.003432035446, 'block_end': 6600.003432035446}, {'src_file': 'controlled/HtoW/scenarios_Home_to_work__adv1_apple0_google0_samsung0_tile0__advtag-4c001219fe__20260130_081201/scenario_tx-15s_rot-30s.csv', 'n_segments': 104, 'gt_adv_mac_count': 24, 'n_clusters': 6, 'n_ranked': 6, 'strict_confirmed': False, 'confirmed_any': False, 'density_min': 1.0, 'block_start': 6000.003432035446, 'block_end': 9600.003432035446}]"
controlled/HtoW/scenarios_Home_to_work__adv1_apple0_google0_samsung0_tile0__advtag-4c001219fe__20260130_081201/scenario_tx-10s_rot-10s.csv,True,3600.0,3000.0,3,1800.0,False,True,False,2,198,0.0034320354461669,9600.003432035446,"[{'src_file': 'controlled/HtoW/scenarios_Home_to_work__adv1_apple0_google0_samsung0_tile0__advtag-4c001219fe__20260130_081201/scenario_tx-10s_rot-10s.csv', 'n_segments': 199, 'gt_adv_mac_count': 198, 'n_clusters': 3, 'n_ranked': 3, 'strict_confirmed': False, 'confirmed_any': False, 'density_min': 1.0, 'block_start': 0.0034320354461669, 'block_end': 3600.003432035446}, {'src_file': 'controlled/HtoW/scenarios_Home_to_work__adv1_apple0_google0_samsung0_tile0__advtag-4c001219fe__20260130_081201/scenario_tx-10s_rot-10s.csv', 'n_segments': 269, 'gt_adv_mac_count': 198, 'n_clusters': 6, 'n_ranked': 6, 'strict_confirmed': False, 'confirmed_any': False, 'density_min': 1.0, 'block_start': 3000.003432035446, 'block_end': 6600.003432035446}, {'src_file': 'controlled/HtoW/scenarios_Home_to_work__adv1_apple0_google0_samsung0_tile0__advtag-4c001219fe__20260130_081201/scenario_tx-10s_rot-10s.csv', 'n_segments': 124, 'gt_adv_mac_count': 53, 'n_clusters': 6, 'n_ranked': 6, 'strict_confirmed': False, 'confirmed_any': False, 'density_min': 1.0, 'block_start': 6000.003432035446, 'block_end': 9600.003432035446}]"
controlled/HtoW/scenarios_Home_to_work__adv1_apple0_google0_samsung0_tile0__advtag-4c001219fe__20260130_081201/scenario_tx-2s_rot-5min.csv,True,3600.0,3000.0,3,1800.0,False,True,False,2,22,0.0034320354461669,9600.003432035446,"[{'src_file': 'controlled/HtoW/scenarios_Home_to_work__adv1_apple0_google0_samsung0_tile0__advtag-4c001219fe__20260130_081201/scenario_tx-2s_rot-5min.csv', 'n_segments': 67, 'gt_adv_mac_count': 11, 'n_clusters': 3, 'n_ranked': 3, 'strict_confirmed': False, 'confirmed_any': False, 'density_min': 1.0, 'block_start': 0.0034320354461669, 'block_end': 3600.003432035446}, {'src_file': 'controlled/HtoW/scenarios_Home_to_work__adv1_apple0_google0_samsung0_tile0__advtag-4c001219fe__20260130_081201/scenario_tx-2s_rot-5min.csv', 'n_segments': 152, 'gt_adv_mac_count': 12, 'n_clusters': 6, 'n_ranked': 6, 'strict_confirmed': False, 'confirmed_any': False, 'density_min': 1.0, 'block_start': 3000.003432035446, 'block_end': 6600.003432035446}, {'src_file': 'controlled/HtoW/scenarios_Home_to_work__adv1_apple0_google0_samsung0_tile0__advtag-4c001219fe__20260130_081201/scenario_tx-2s_rot-5min.csv', 'n_segments': 92, 'gt_adv_mac_count': 3, 'n_clusters': 6, 'n_ranked': 6, 'strict_confirmed': False, 'confirmed_any': False, 'density_min': 1.0, 'block_start': 6000.003432035446, 'block_end': 9600.003432035446}]"
controlled/HtoW/scenarios_Home_to_work__adv1_apple0_google0_samsung0_tile0__advtag-4c001219fd__20260130_081144/scenario_tx-2s_rot-2s.csv,True,3600.0,3000.0,3,1800.0,True,True,True,2,198,0.0057685375213623,9600.005768537521,"[{'src_file': 'controlled/HtoW/scenarios_Home_to_work__adv1_apple0_google0_samsung0_tile0__advtag-4c001219fd__20260130_081144/scenario_tx-2s_rot-2s.csv', 'n_segments': 199, 'gt_adv_mac_count': 198, 'n_clusters': 3, 'n_ranked': 3, 'strict_confirmed': True, 'confirmed_any': True, 'density_min': 1.0, 'block_start': 0.0057685375213623, 'block_end': 3600.0057685375214}, {'src_file': 'controlled/HtoW/scenarios_Home_to_work__adv1_apple0_google0_samsung0_tile0__advtag-4c001219fd__20260130_081144/scenario_tx-2s_rot-2s.csv', 'n_segments': 332, 'gt_adv_mac_count': 198, 'n_clusters': 6, 'n_ranked': 6, 'strict_confirmed': True, 'confirmed_any': True, 'density_min': 1.0, 'block_start': 3000.0057685375214, 'block_end': 6600.005768537521}, {'src_file': 'controlled/HtoW/scenarios_Home_to_work__adv1_apple0_google0_samsung0_tile0__advtag-4c001219fd__20260130_081144/scenario_tx-2s_rot-2s.csv', 'n_segments': 151, 'gt_adv_mac_count': 108, 'n_clusters': 9, 'n_ranked': 9, 'strict_confirmed': False, 'confirmed_any': False, 'density_min': 1.0, 'block_start': 6000.005768537521, 'block_end': 9600.005768537521}]"
controlled/HtoW/scenarios_Home_to_work__adv1_apple0_google0_samsung0_tile0__advtag-4c001219fe__20260130_081201/scenario_tx-2s_rot-1min.csv,True,3600.0,3000.0,3,1800.0,True,True,True,2,105,0.0034320354461669,9600.003432035446,"[{'src_file': 'controlled/HtoW/scenarios_Home_to_work__adv1_apple0_google0_samsung0_tile0__advtag-4c001219fe__20260130_081201/scenario_tx-2s_rot-1min.csv', 'n_segments': 99, 'gt_adv_mac_count': 52, 'n_clusters': 7, 'n_ranked': 7, 'strict_confirmed': True, 'confirmed_any': True, 'density_min': 1.0, 'block_start': 0.0034320354461669, 'block_end': 3600.003432035446}, {'src_file': 'controlled/HtoW/scenarios_Home_to_work__adv1_apple0_google0_samsung0_tile0__advtag-4c001219fe__20260130_081201/scenario_tx-2s_rot-1min.csv', 'n_segments': 176, 'gt_adv_mac_count': 60, 'n_clusters': 9, 'n_ranked': 9, 'strict_confirmed': True, 'confirmed_any': True, 'density_min': 1.0, 'block_start': 3000.003432035446, 'block_end': 6600.003432035446}, {'src_file': 'controlled/HtoW/scenarios_Home_to_work__adv1_apple0_google0_samsung0_tile0__advtag-4c001219fe__20260130_081201/scenario_tx-2s_rot-1min.csv', 'n_segments': 97, 'gt_adv_mac_count': 13, 'n_clusters': 6, 'n_ranked': 6, 'strict_confirmed': False, 'confirmed_any': False, 'density_min': 1.0, 'block_start': 6000.003432035446, 'block_end': 9600.003432035446}]"
controlled/HtoW/scenarios_Home_to_work__adv1_apple0_google0_samsung0_tile0__advtag-4c001219fe__20260130_081201/scenario_tx-2s_rot-2s.csv,True,3600.0,3000.0,3,1800.0,True,True,True,2,198,0.0034320354461669,9600.003432035446,"[{'src_file': 'controlled/HtoW/scenarios_Home_to_work__adv1_apple0_google0_samsung0_tile0__advtag-4c001219fe__20260130_081201/scenario_tx-2s_rot-2s.csv', 'n_segments': 199, 'gt_adv_mac_count': 198, 'n_clusters': 4, 'n_ranked': 4, 'strict_confirmed': True, 'confirmed_any': True, 'density_min': 1.0, 'block_start': 0.0034320354461669, 'block_end': 3600.003432035446}, {'src_file': 'controlled/HtoW/scenarios_Home_to_work__adv1_apple0_google0_samsung0_tile0__advtag-4c001219fe__20260130_081201/scenario_tx-2s_rot-2s.csv', 'n_segments': 345, 'gt_adv_mac_count': 198, 'n_clusters': 6, 'n_ranked': 6, 'strict_confirmed': False, 'confirmed_any': False, 'density_min': 1.0, 'block_start': 3000.003432035446, 'block_end': 6600.003432035446}, {'src_file': 'controlled/HtoW/scenarios_Home_to_work__adv1_apple0_google0_samsung0_tile0__advtag-4c001219fe__20260130_081201/scenario_tx-2s_rot-2s.csv', 'n_segments': 165, 'gt_adv_mac_count': 134, 'n_clusters': 6, 'n_ranked': 6, 'strict_confirmed': False, 'confirmed_any': False, 'density_min': 1.0, 'block_start': 6000.003432035446, 'block_end': 9600.003432035446}]"
controlled/HtoW/scenarios_Home_to_work__adv1_apple0_google0_samsung0_tile0__advtag-4c001219fe__20260130_081201/scenario_tx-2s_rot-30s.csv,True,3600.0,3000.0,3,1800.0,True,True,True,2,198,0.0034320354461669,9600.003432035446,"[{'src_file': 'controlled/HtoW/scenarios_Home_to_work__adv1_apple0_google0_samsung0_tile0__advtag-4c001219fe__20260130_081201/scenario_tx-2s_rot-30s.csv', 'n_segments': 135, 'gt_adv_mac_count': 102, 'n_clusters': 3, 'n_ranked': 3, 'strict_confirmed': True, 'confirmed_any': True, 'density_min': 1.0, 'block_start': 0.0034320354461669, 'block_end': 3600.003432035446}, {'src_file': 'controlled/HtoW/scenarios_Home_to_work__adv1_apple0_google0_samsung0_tile0__advtag-4c001219fe__20260130_081201/scenario_tx-2s_rot-30s.csv', 'n_segments': 207, 'gt_adv_mac_count': 119, 'n_clusters': 6, 'n_ranked': 6, 'strict_confirmed': True, 'confirmed_any': True, 'density_min': 1.0, 'block_start': 3000.003432035446, 'block_end': 6600.003432035446}, {'src_file': 'controlled/HtoW/scenarios_Home_to_work__adv1_apple0_google0_samsung0_tile0__advtag-4c001219fe__20260130_081201/scenario_tx-2s_rot-30s.csv', 'n_segments': 105, 'gt_adv_mac_count': 25, 'n_clusters': 8, 'n_ranked': 8, 'strict_confirmed': False, 'confirmed_any': False, 'density_min': 1.0, 'block_start': 6000.003432035446, 'block_end': 9600.003432035446}]"
controlled/HtoW/scenarios_Home_to_work__adv1_apple0_google0_samsung0_tile0__advtag-4c001219fe__20260130_081201/scenario_tx-2s_rot-10s.csv,True,3600.0,3000.0,3,1800.0,False,True,False,2,198,0.0034320354461669,9600.003432035446,"[{'src_file': 'controlled/HtoW/scenarios_Home_to_work__adv1_apple0_google0_samsung0_tile0__advtag-4c001219fe__20260130_081201/scenario_tx-2s_rot-10s.csv', 'n_segments': 199, 'gt_adv_mac_count': 198, 'n_clusters': 3, 'n_ranked': 3, 'strict_confirmed': False, 'confirmed_any': False, 'density_min': 1.0, 'block_start': 0.0034320354461669, 'block_end': 3600.003432035446}, {'src_file': 'controlled/HtoW/scenarios_Home_to_work__adv1_apple0_google0_samsung0_tile0__advtag-4c001219fe__20260130_081201/scenario_tx-2s_rot-10s.csv', 'n_segments': 280, 'gt_adv_mac_count': 198, 'n_clusters': 6, 'n_ranked': 6, 'strict_confirmed': False, 'confirmed_any': False, 'density_min': 1.0, 'block_start': 3000.003432035446, 'block_end': 6600.003432035446}, {'src_file': 'controlled/HtoW/scenarios_Home_to_work__adv1_apple0_google0_samsung0_tile0__advtag-4c001219fe__20260130_081201/scenario_tx-2s_rot-10s.csv', 'n_segments': 130, 'gt_adv_mac_count': 66, 'n_clusters': 6, 'n_ranked': 6, 'strict_confirmed': False, 'confirmed_any': False, 'density_min': 1.0, 'block_start': 6000.003432035446, 'block_end': 9600.003432035446}]"
controlled/HtoW/scenarios_Home_to_work__adv1_apple0_google0_samsung0_tile0__advtag-4c001219fe__20260130_081201/scenario_tx-30s_rot-15min.csv,True,3600.0,3000.0,3,1800.0,False,True,False,2,8,0.0034320354461669,9600.003432035446,"[{'src_file': 'controlled/HtoW/scenarios_Home_to_work__adv1_apple0_google0_samsung0_tile0__advtag-4c001219fe__20260130_081201/scenario_tx-30s_rot-15min.csv', 'n_segments': 63, 'gt_adv_mac_count': 4, 'n_clusters': 3, 'n_ranked': 3, 'strict_confirmed': False, 'confirmed_any': False, 'density_min': 1.0, 'block_start': 0.0034320354461669, 'block_end': 3600.003432035446}, {'src_file': 'controlled/HtoW/scenarios_Home_to_work__adv1_apple0_google0_samsung0_tile0__advtag-4c001219fe__20260130_081201/scenario_tx-30s_rot-15min.csv', 'n_segments': 147, 'gt_adv_mac_count': 5, 'n_clusters': 6, 'n_ranked': 6, 'strict_confirmed': False, 'confirmed_any': False, 'density_min': 1.0, 'block_start': 3000.003432035446, 'block_end': 6600.003432035446}, {'src_file': 'controlled/HtoW/scenarios_Home_to_work__adv1_apple0_google0_samsung0_tile0__advtag-4c001219fe__20260130_081201/scenario_tx-30s_rot-15min.csv', 'n_segments': 90, 'gt_adv_mac_count': 2, 'n_clusters': 6, 'n_ranked': 6, 'strict_confirmed': False, 'confirmed_any': False, 'density_min': 1.0, 'block_start': 6000.003432035446, 'block_end': 9600.003432035446}]"
controlled/HtoW/scenarios_Home_to_work__adv1_apple0_google0_samsung0_tile0__advtag-4c001219fe__20260130_081201/scenario_tx-30s_rot-5min.csv,True,3600.0,3000.0,3,1800.0,False,True,False,2,22,0.0034320354461669,9600.003432035446,"[{'src_file': 'controlled/HtoW/scenarios_Home_to_work__adv1_apple0_google0_samsung0_tile0__advtag-4c001219fe__20260130_081201/scenario_tx-30s_rot-5min.csv', 'n_segments': 68, 'gt_adv_mac_count': 11, 'n_clusters': 3, 'n_ranked': 3, 'strict_confirmed': False, 'confirmed_any': False, 'density_min': 1.0, 'block_start': 0.0034320354461669, 'block_end': 3600.003432035446}, {'src_file': 'controlled/HtoW/scenarios_Home_to_work__adv1_apple0_google0_samsung0_tile0__advtag-4c001219fe__20260130_081201/scenario_tx-30s_rot-5min.csv', 'n_segments': 153, 'gt_adv_mac_count': 12, 'n_clusters': 7, 'n_ranked': 7, 'strict_confirmed': False, 'confirmed_any': False, 'density_min': 1.0, 'block_start': 3000.003432035446, 'block_end': 6600.003432035446}, {'src_file': 'controlled/HtoW/scenarios_Home_to_work__adv1_apple0_google0_samsung0_tile0__advtag-4c001219fe__20260130_081201/scenario_tx-30s_rot-5min.csv', 'n_segments': 92, 'gt_adv_mac_count': 3, 'n_clusters': 6, 'n_ranked': 6, 'strict_confirmed': False, 'confirmed_any': False, 'density_min': 1.0, 'block_start': 6000.003432035446, 'block_end': 9600.003432035446}]"
controlled/HtoW/scenarios_Home_to_work__adv1_apple0_google0_samsung0_tile0__advtag-4c001219fe__20260130_081201/scenario_tx-30s_rot-1min.csv,True,3600.0,3000.0,3,1800.0,False,True,False,2,104,0.0034320354461669,9600.003432035446,"[{'src_file': 'controlled/HtoW/scenarios_Home_to_work__adv1_apple0_google0_samsung0_tile0__advtag-4c001219fe__20260130_081201/scenario_tx-30s_rot-1min.csv', 'n_segments': 95, 'gt_adv_mac_count': 51, 'n_clusters': 4, 'n_ranked': 4, 'strict_confirmed': False, 'confirmed_any': False, 'density_min': 1.0, 'block_start': 0.0034320354461669, 'block_end': 3600.003432035446}, {'src_file': 'controlled/HtoW/scenarios_Home_to_work__adv1_apple0_google0_samsung0_tile0__advtag-4c001219fe__20260130_081201/scenario_tx-30s_rot-1min.csv', 'n_segments': 179, 'gt_adv_mac_count': 60, 'n_clusters': 6, 'n_ranked': 6, 'strict_confirmed': False, 'confirmed_any': False, 'density_min': 1.0, 'block_start': 3000.003432035446, 'block_end': 6600.003432035446}, {'src_file': 'controlled/HtoW/scenarios_Home_to_work__adv1_apple0_google0_samsung0_tile0__advtag-4c001219fe__20260130_081201/scenario_tx-30s_rot-1min.csv', 'n_segments': 94, 'gt_adv_mac_count': 13, 'n_clusters': 6, 'n_ranked': 6, 'strict_confirmed': False, 'confirmed_any': False, 'density_min': 1.0, 'block_start': 6000.003432035446, 'block_end': 9600.003432035446}]"
controlled/HtoW/scenarios_Home_to_work__adv1_apple0_google0_samsung0_tile0__advtag-4c001219ff__20260130_081102/scenario_tx-15s_rot-15min.csv,True,3600.0,3000.0,3,1800.0,True,True,True,2,8,0.9252054691314696,9600.925205469131,"[{'src_file': 'controlled/HtoW/scenarios_Home_to_work__adv1_apple0_google0_samsung0_tile0__advtag-4c001219ff__20260130_081102/scenario_tx-15s_rot-15min.csv', 'n_segments': 63, 'gt_adv_mac_count': 4, 'n_clusters': 3, 'n_ranked': 3, 'strict_confirmed': False, 'confirmed_any': False, 'density_min': 1.0, 'block_start': 0.9252054691314696, 'block_end': 3600.9252054691315}, {'src_file': 'controlled/HtoW/scenarios_Home_to_work__adv1_apple0_google0_samsung0_tile0__advtag-4c001219ff__20260130_081102/scenario_tx-15s_rot-15min.csv', 'n_segments': 147, 'gt_adv_mac_count': 5, 'n_clusters': 6, 'n_ranked': 6, 'strict_confirmed': True, 'confirmed_any': True, 'density_min': 1.0, 'block_start': 3000.9252054691315, 'block_end': 6600.9252054691315}, {'src_file': 'controlled/HtoW/scenarios_Home_to_work__adv1_apple0_google0_samsung0_tile0__advtag-4c001219ff__20260130_081102/scenario_tx-15s_rot-15min.csv', 'n_segments': 91, 'gt_adv_mac_count': 2, 'n_clusters': 6, 'n_ranked': 6, 'strict_confirmed': False, 'confirmed_any': False, 'density_min': 1.0, 'block_start': 6000.9252054691315, 'block_end': 9600.925205469131}]"
controlled/HtoW/scenarios_Home_to_work__adv1_apple0_google0_samsung0_tile0__advtag-4c001219ff__20260130_081102/scenario_tx-10s_rot-15min.csv,True,3600.0,3000.0,3,1800.0,True,True,True,2,8,0.9252054691314696,9600.925205469131,"[{'src_file': 'controlled/HtoW/scenarios_Home_to_work__adv1_apple0_google0_samsung0_tile0__advtag-4c001219ff__20260130_081102/scenario_tx-10s_rot-15min.csv', 'n_segments': 63, 'gt_adv_mac_count': 4, 'n_clusters': 3, 'n_ranked': 3, 'strict_confirmed': False, 'confirmed_any': False, 'density_min': 1.0, 'block_start': 0.9252054691314696, 'block_end': 3600.9252054691315}, {'src_file': 'controlled/HtoW/scenarios_Home_to_work__adv1_apple0_google0_samsung0_tile0__advtag-4c001219ff__20260130_081102/scenario_tx-10s_rot-15min.csv', 'n_segments': 148, 'gt_adv_mac_count': 5, 'n_clusters': 6, 'n_ranked': 6, 'strict_confirmed': True, 'confirmed_any': True, 'density_min': 1.0, 'block_start': 3000.9252054691315, 'block_end': 6600.9252054691315}, {'src_file': 'controlled/HtoW/scenarios_Home_to_work__adv1_apple0_google0_samsung0_tile0__advtag-4c001219ff__20260130_081102/scenario_tx-10s_rot-15min.csv', 'n_segments': 91, 'gt_adv_mac_count': 2, 'n_clusters': 6, 'n_ranked': 6, 'strict_confirmed': False, 'confirmed_any': False, 'density_min': 1.0, 'block_start': 6000.9252054691315, 'block_end': 9600.925205469131}]"
controlled/HtoW/scenarios_Home_to_work__adv1_apple0_google0_samsung0_tile0__advtag-4c001219ff__20260130_081102/scenario_tx-1min_rot-15min.csv,True,3600.0,3000.0,3,1800.0,False,True,False,2,8,0.9252054691314696,9600.925205469131,"[{'src_file': 'controlled/HtoW/scenarios_Home_to_work__adv1_apple0_google0_samsung0_tile0__advtag-4c001219ff__20260130_081102/scenario_tx-1min_rot-15min.csv', 'n_segments': 64, 'gt_adv_mac_count': 4, 'n_clusters': 3, 'n_ranked': 3, 'strict_confirmed': False, 'confirmed_any': False, 'density_min': 1.0, 'block_start': 0.9252054691314696, 'block_end': 3600.9252054691315}, {'src_file': 'controlled/HtoW/scenarios_Home_to_work__adv1_apple0_google0_samsung0_tile0__advtag-4c001219ff__20260130_081102/scenario_tx-1min_rot-15min.csv', 'n_segments': 147, 'gt_adv_mac_count': 5, 'n_clusters': 6, 'n_ranked': 6, 'strict_confirmed': False, 'confirmed_any': False, 'density_min': 1.0, 'block_start': 3000.9252054691315, 'block_end': 6600.9252054691315}, {'src_file': 'controlled/HtoW/scenarios_Home_to_work__adv1_apple0_google0_samsung0_tile0__advtag-4c001219ff__20260130_081102/scenario_tx-1min_rot-15min.csv', 'n_segments': 90, 'gt_adv_mac_count': 2, 'n_clusters': 6, 'n_ranked': 6, 'strict_confirmed': False, 'confirmed_any': False, 'density_min': 1.0, 'block_start': 6000.9252054691315, 'block_end': 9600.925205469131}]"
controlled/HtoW/scenarios_Home_to_work__adv1_apple0_google0_samsung0_tile0__advtag-4c001219fe__20260130_081201/scenario_tx-30s_rot-30s.csv,True,3600.0,3000.0,3,1800.0,False,True,False,2,189,0.0034320354461669,9600.003432035446,"[{'src_file': 'controlled/HtoW/scenarios_Home_to_work__adv1_apple0_google0_samsung0_tile0__advtag-4c001219fe__20260130_081201/scenario_tx-30s_rot-30s.csv', 'n_segments': 124, 'gt_adv_mac_count': 92, 'n_clusters': 3, 'n_ranked': 3, 'strict_confirmed': False, 'confirmed_any': False, 'density_min': 1.0, 'block_start': 0.0034320354461669, 'block_end': 3600.003432035446}, {'src_file': 'controlled/HtoW/scenarios_Home_to_work__adv1_apple0_google0_samsung0_tile0__advtag-4c001219fe__20260130_081201/scenario_tx-30s_rot-30s.csv', 'n_segments': 200, 'gt_adv_mac_count': 111, 'n_clusters': 6, 'n_ranked': 6, 'strict_confirmed': False, 'confirmed_any': False, 'density_min': 1.0, 'block_start': 3000.003432035446, 'block_end': 6600.003432035446}, {'src_file': 'controlled/HtoW/scenarios_Home_to_work__adv1_apple0_google0_samsung0_tile0__advtag-4c001219fe__20260130_081201/scenario_tx-30s_rot-30s.csv', 'n_segments': 98, 'gt_adv_mac_count': 23, 'n_clusters': 6, 'n_ranked': 6, 'strict_confirmed': False, 'confirmed_any': False, 'density_min': 1.0, 'block_start': 6000.003432035446, 'block_end': 9600.003432035446}]"
controlled/HtoW/scenarios_Home_to_work__adv1_apple0_google0_samsung0_tile0__advtag-4c001219ff__20260130_081102/scenario_tx-15s_rot-5min.csv,True,3600.0,3000.0,3,1800.0,True,True,True,2,22,0.9252054691314696,9600.925205469131,"[{'src_file': 'controlled/HtoW/scenarios_Home_to_work__adv1_apple0_google0_samsung0_tile0__advtag-4c001219ff__20260130_081102/scenario_tx-15s_rot-5min.csv', 'n_segments': 66, 'gt_adv_mac_count': 11, 'n_clusters': 3, 'n_ranked': 3, 'strict_confirmed': True, 'confirmed_any': True, 'density_min': 1.0, 'block_start': 0.9252054691314696, 'block_end': 3600.9252054691315}, {'src_file': 'controlled/HtoW/scenarios_Home_to_work__adv1_apple0_google0_samsung0_tile0__advtag-4c001219ff__20260130_081102/scenario_tx-15s_rot-5min.csv', 'n_segments': 150, 'gt_adv_mac_count': 12, 'n_clusters': 6, 'n_ranked': 6, 'strict_confirmed': False, 'confirmed_any': False, 'density_min': 1.0, 'block_start': 3000.9252054691315, 'block_end': 6600.9252054691315}, {'src_file': 'controlled/HtoW/scenarios_Home_to_work__adv1_apple0_google0_samsung0_tile0__advtag-4c001219ff__20260130_081102/scenario_tx-15s_rot-5min.csv', 'n_segments': 90, 'gt_adv_mac_count': 3, 'n_clusters': 6, 'n_ranked': 6, 'strict_confirmed': False, 'confirmed_any': False, 'density_min': 1.0, 'block_start': 6000.9252054691315, 'block_end': 9600.925205469131}]"
controlled/HtoW/scenarios_Home_to_work__adv1_apple0_google0_samsung0_tile0__advtag-4c001219ff__20260130_081102/scenario_tx-10s_rot-30s.csv,True,3600.0,3000.0,3,1800.0,True,True,True,2,198,0.9252054691314696,9600.925205469131,"[{'src_file': 'controlled/HtoW/scenarios_Home_to_work__adv1_apple0_google0_samsung0_tile0__advtag-4c001219ff__20260130_081102/scenario_tx-10s_rot-30s.csv', 'n_segments': 127, 'gt_adv_mac_count': 102, 'n_clusters': 3, 'n_ranked': 3, 'strict_confirmed': False, 'confirmed_any': False, 'density_min': 1.0, 'block_start': 0.9252054691314696, 'block_end': 3600.9252054691315}, {'src_file': 'controlled/HtoW/scenarios_Home_to_work__adv1_apple0_google0_samsung0_tile0__advtag-4c001219ff__20260130_081102/scenario_tx-10s_rot-30s.csv', 'n_segments': 204, 'gt_adv_mac_count': 119, 'n_clusters': 7, 'n_ranked': 7, 'strict_confirmed': True, 'confirmed_any': True, 'density_min': 1.0, 'block_start': 3000.9252054691315, 'block_end': 6600.9252054691315}, {'src_file': 'controlled/HtoW/scenarios_Home_to_work__adv1_apple0_google0_samsung0_tile0__advtag-4c001219ff__20260130_081102/scenario_tx-10s_rot-30s.csv', 'n_segments': 100, 'gt_adv_mac_count': 25, 'n_clusters': 6, 'n_ranked': 6, 'strict_confirmed': False, 'confirmed_any': False, 'density_min': 1.0, 'block_start': 6000.9252054691315, 'block_end': 9600.925205469131}]"
controlled/HtoW/scenarios_Home_to_work__adv1_apple0_google0_samsung0_tile0__advtag-4c001219ff__20260130_081102/scenario_tx-15s_rot-30s.csv,True,3600.0,3000.0,3,1800.0,True,True,True,2,198,0.9252054691314696,9600.925205469131,"[{'src_file': 'controlled/HtoW/scenarios_Home_to_work__adv1_apple0_google0_samsung0_tile0__advtag-4c001219ff__20260130_081102/scenario_tx-15s_rot-30s.csv', 'n_segments': 130, 'gt_adv_mac_count': 100, 'n_clusters': 3, 'n_ranked': 3, 'strict_confirmed': True, 'confirmed_any': True, 'density_min': 1.0, 'block_start': 0.9252054691314696, 'block_end': 3600.9252054691315}, {'src_file': 'controlled/HtoW/scenarios_Home_to_work__adv1_apple0_google0_samsung0_tile0__advtag-4c001219ff__20260130_081102/scenario_tx-15s_rot-30s.csv', 'n_segments': 202, 'gt_adv_mac_count': 117, 'n_clusters': 7, 'n_ranked': 7, 'strict_confirmed': False, 'confirmed_any': False, 'density_min': 1.0, 'block_start': 3000.9252054691315, 'block_end': 6600.9252054691315}, {'src_file': 'controlled/HtoW/scenarios_Home_to_work__adv1_apple0_google0_samsung0_tile0__advtag-4c001219ff__20260130_081102/scenario_tx-15s_rot-30s.csv', 'n_segments': 106, 'gt_adv_mac_count': 25, 'n_clusters': 7, 'n_ranked': 7, 'strict_confirmed': False, 'confirmed_any': False, 'density_min': 1.0, 'block_start': 6000.9252054691315, 'block_end': 9600.925205469131}]"
controlled/HtoW/scenarios_Home_to_work__adv1_apple0_google0_samsung0_tile0__advtag-4c001219ff__20260130_081102/scenario_tx-1min_rot-1min.csv,True,3600.0,3000.0,3,1800.0,True,True,True,2,99,0.9252054691314696,9600.925205469131,"[{'src_file': 'controlled/HtoW/scenarios_Home_to_work__adv1_apple0_google0_samsung0_tile0__advtag-4c001219ff__20260130_081102/scenario_tx-1min_rot-1min.csv', 'n_segments': 93, 'gt_adv_mac_count': 49, 'n_clusters': 3, 'n_ranked': 3, 'strict_confirmed': False, 'confirmed_any': False, 'density_min': 1.0, 'block_start': 0.9252054691314696, 'block_end': 3600.9252054691315}, {'src_file': 'controlled/HtoW/scenarios_Home_to_work__adv1_apple0_google0_samsung0_tile0__advtag-4c001219ff__20260130_081102/scenario_tx-1min_rot-1min.csv', 'n_segments': 172, 'gt_adv_mac_count': 57, 'n_clusters': 6, 'n_ranked': 6, 'strict_confirmed': True, 'confirmed_any': True, 'density_min': 1.0, 'block_start': 3000.9252054691315, 'block_end': 6600.9252054691315}, {'src_file': 'controlled/HtoW/scenarios_Home_to_work__adv1_apple0_google0_samsung0_tile0__advtag-4c001219ff__20260130_081102/scenario_tx-1min_rot-1min.csv', 'n_segments': 96, 'gt_adv_mac_count': 13, 'n_clusters': 6, 'n_ranked': 6, 'strict_confirmed': False, 'confirmed_any': False, 'density_min': 1.0, 'block_start': 6000.9252054691315, 'block_end': 9600.925205469131}]"
controlled/HtoW/scenarios_Home_to_work__adv1_apple0_google0_samsung0_tile0__advtag-4c001219ff__20260130_081102/scenario_tx-1min_rot-5min.csv,True,3600.0,3000.0,3,1800.0,False,True,False,2,22,0.9252054691314696,9600.925205469131,"[{'src_file': 'controlled/HtoW/scenarios_Home_to_work__adv1_apple0_google0_samsung0_tile0__advtag-4c001219ff__20260130_081102/scenario_tx-1min_rot-5min.csv', 'n_segments': 66, 'gt_adv_mac_count': 11, 'n_clusters': 3, 'n_ranked': 3, 'strict_confirmed': False, 'confirmed_any': False, 'density_min': 1.0, 'block_start': 0.9252054691314696, 'block_end': 3600.9252054691315}, {'src_file': 'controlled/HtoW/scenarios_Home_to_work__adv1_apple0_google0_samsung0_tile0__advtag-4c001219ff__20260130_081102/scenario_tx-1min_rot-5min.csv', 'n_segments': 149, 'gt_adv_mac_count': 12, 'n_clusters': 6, 'n_ranked': 6, 'strict_confirmed': False, 'confirmed_any': False, 'density_min': 1.0, 'block_start': 3000.9252054691315, 'block_end': 6600.9252054691315}, {'src_file': 'controlled/HtoW/scenarios_Home_to_work__adv1_apple0_google0_samsung0_tile0__advtag-4c001219ff__20260130_081102/scenario_tx-1min_rot-5min.csv', 'n_segments': 89, 'gt_adv_mac_count': 3, 'n_clusters': 6, 'n_ranked': 6, 'strict_confirmed': False, 'confirmed_any': False, 'density_min': 1.0, 'block_start': 6000.9252054691315, 'block_end': 9600.925205469131}]"
controlled/HtoW/scenarios_Home_to_work__adv1_apple0_google0_samsung0_tile0__advtag-4c001219ff__20260130_081102/scenario_tx-15s_rot-1min.csv,True,3600.0,3000.0,3,1800.0,False,True,False,2,104,0.9252054691314696,9600.925205469131,"[{'src_file': 'controlled/HtoW/scenarios_Home_to_work__adv1_apple0_google0_samsung0_tile0__advtag-4c001219ff__20260130_081102/scenario_tx-15s_rot-1min.csv', 'n_segments': 98, 'gt_adv_mac_count': 51, 'n_clusters': 3, 'n_ranked': 3, 'strict_confirmed': False, 'confirmed_any': False, 'density_min': 1.0, 'block_start': 0.9252054691314696, 'block_end': 3600.9252054691315}, {'src_file': 'controlled/HtoW/scenarios_Home_to_work__adv1_apple0_google0_samsung0_tile0__advtag-4c001219ff__20260130_081102/scenario_tx-15s_rot-1min.csv', 'n_segments': 175, 'gt_adv_mac_count': 60, 'n_clusters': 6, 'n_ranked': 6, 'strict_confirmed': False, 'confirmed_any': False, 'density_min': 1.0, 'block_start': 3000.9252054691315, 'block_end': 6600.9252054691315}, {'src_file': 'controlled/HtoW/scenarios_Home_to_work__adv1_apple0_google0_samsung0_tile0__advtag-4c001219ff__20260130_081102/scenario_tx-15s_rot-1min.csv', 'n_segments': 96, 'gt_adv_mac_count': 13, 'n_clusters': 7, 'n_ranked': 7, 'strict_confirmed': False, 'confirmed_any': False, 'density_min': 1.0, 'block_start': 6000.9252054691315, 'block_end': 9600.925205469131}]"
controlled/HtoW/scenarios_Home_to_work__adv1_apple0_google0_samsung0_tile0__advtag-4c001219ff__20260130_081102/scenario_tx-10s_rot-5min.csv,True,3600.0,3000.0,3,1800.0,True,True,True,2,22,0.9252054691314696,9600.925205469131,"[{'src_file': 'controlled/HtoW/scenarios_Home_to_work__adv1_apple0_google0_samsung0_tile0__advtag-4c001219ff__20260130_081102/scenario_tx-10s_rot-5min.csv', 'n_segments': 67, 'gt_adv_mac_count': 11, 'n_clusters': 3, 'n_ranked': 3, 'strict_confirmed': True, 'confirmed_any': True, 'density_min': 1.0, 'block_start': 0.9252054691314696, 'block_end': 3600.9252054691315}, {'src_file': 'controlled/HtoW/scenarios_Home_to_work__adv1_apple0_google0_samsung0_tile0__advtag-4c001219ff__20260130_081102/scenario_tx-10s_rot-5min.csv', 'n_segments': 147, 'gt_adv_mac_count': 12, 'n_clusters': 6, 'n_ranked': 6, 'strict_confirmed': False, 'confirmed_any': False, 'density_min': 1.0, 'block_start': 3000.9252054691315, 'block_end': 6600.9252054691315}, {'src_file': 'controlled/HtoW/scenarios_Home_to_work__adv1_apple0_google0_samsung0_tile0__advtag-4c001219ff__20260130_081102/scenario_tx-10s_rot-5min.csv', 'n_segments': 90, 'gt_adv_mac_count': 3, 'n_clusters': 6, 'n_ranked': 6, 'strict_confirmed': False, 'confirmed_any': False, 'density_min': 1.0, 'block_start': 6000.9252054691315, 'block_end': 9600.925205469131}]"
controlled/HtoW/scenarios_Home_to_work__adv1_apple0_google0_samsung0_tile0__advtag-4c001219ff__20260130_081102/scenario_tx-10s_rot-10s.csv,True,3600.0,3000.0,3,1800.0,False,True,False,2,198,0.9252054691314696,9600.925205469131,"[{'src_file': 'controlled/HtoW/scenarios_Home_to_work__adv1_apple0_google0_samsung0_tile0__advtag-4c001219ff__20260130_081102/scenario_tx-10s_rot-10s.csv', 'n_segments': 199, 'gt_adv_mac_count': 198, 'n_clusters': 3, 'n_ranked': 3, 'strict_confirmed': False, 'confirmed_any': False, 'density_min': 1.0, 'block_start': 0.9252054691314696, 'block_end': 3600.9252054691315}, {'src_file': 'controlled/HtoW/scenarios_Home_to_work__adv1_apple0_google0_samsung0_tile0__advtag-4c001219ff__20260130_081102/scenario_tx-10s_rot-10s.csv', 'n_segments': 264, 'gt_adv_mac_count': 198, 'n_clusters': 6, 'n_ranked': 6, 'strict_confirmed': False, 'confirmed_any': False, 'density_min': 1.0, 'block_start': 3000.9252054691315, 'block_end': 6600.9252054691315}, {'src_file': 'controlled/HtoW/scenarios_Home_to_work__adv1_apple0_google0_samsung0_tile0__advtag-4c001219ff__20260130_081102/scenario_tx-10s_rot-10s.csv', 'n_segments': 122, 'gt_adv_mac_count': 50, 'n_clusters': 6, 'n_ranked': 6, 'strict_confirmed': False, 'confirmed_any': False, 'density_min': 1.0, 'block_start': 6000.9252054691315, 'block_end': 9600.925205469131}]"
controlled/HtoW/scenarios_Home_to_work__adv1_apple0_google0_samsung0_tile0__advtag-4c001219ff__20260130_081102/scenario_tx-2s_rot-15min.csv,True,3600.0,3000.0,3,1800.0,False,True,False,2,8,0.9252054691314696,9600.925205469131,"[{'src_file': 'controlled/HtoW/scenarios_Home_to_work__adv1_apple0_google0_samsung0_tile0__advtag-4c001219ff__20260130_081102/scenario_tx-2s_rot-15min.csv', 'n_segments': 63, 'gt_adv_mac_count': 4, 'n_clusters': 3, 'n_ranked': 3, 'strict_confirmed': False, 'confirmed_any': False, 'density_min': 1.0, 'block_start': 0.9252054691314696, 'block_end': 3600.9252054691315}, {'src_file': 'controlled/HtoW/scenarios_Home_to_work__adv1_apple0_google0_samsung0_tile0__advtag-4c001219ff__20260130_081102/scenario_tx-2s_rot-15min.csv', 'n_segments': 147, 'gt_adv_mac_count': 5, 'n_clusters': 6, 'n_ranked': 6, 'strict_confirmed': False, 'confirmed_any': False, 'density_min': 1.0, 'block_start': 3000.9252054691315, 'block_end': 6600.9252054691315}, {'src_file': 'controlled/HtoW/scenarios_Home_to_work__adv1_apple0_google0_samsung0_tile0__advtag-4c001219ff__20260130_081102/scenario_tx-2s_rot-15min.csv', 'n_segments': 90, 'gt_adv_mac_count': 2, 'n_clusters': 6, 'n_ranked': 6, 'strict_confirmed': False, 'confirmed_any': False, 'density_min': 1.0, 'block_start': 6000.9252054691315, 'block_end': 9600.925205469131}]"
controlled/HtoW/scenarios_Home_to_work__adv1_apple0_google0_samsung0_tile0__advtag-4c001219ff__20260130_081102/scenario_tx-2s_rot-30s.csv,True,3600.0,3000.0,3,1800.0,True,True,True,2,198,0.9252054691314696,9600.925205469131,"[{'src_file': 'controlled/HtoW/scenarios_Home_to_work__adv1_apple0_google0_samsung0_tile0__advtag-4c001219ff__20260130_081102/scenario_tx-2s_rot-30s.csv', 'n_segments': 135, 'gt_adv_mac_count': 102, 'n_clusters': 3, 'n_ranked': 3, 'strict_confirmed': True, 'confirmed_any': True, 'density_min': 1.0, 'block_start': 0.9252054691314696, 'block_end': 3600.9252054691315}, {'src_file': 'controlled/HtoW/scenarios_Home_to_work__adv1_apple0_google0_samsung0_tile0__advtag-4c001219ff__20260130_081102/scenario_tx-2s_rot-30s.csv', 'n_segments': 207, 'gt_adv_mac_count': 120, 'n_clusters': 6, 'n_ranked': 6, 'strict_confirmed': False, 'confirmed_any': False, 'density_min': 1.0, 'block_start': 3000.9252054691315, 'block_end': 6600.9252054691315}, {'src_file': 'controlled/HtoW/scenarios_Home_to_work__adv1_apple0_google0_samsung0_tile0__advtag-4c001219ff__20260130_081102/scenario_tx-2s_rot-30s.csv', 'n_segments': 106, 'gt_adv_mac_count': 26, 'n_clusters': 8, 'n_ranked': 8, 'strict_confirmed': False, 'confirmed_any': False, 'density_min': 1.0, 'block_start': 6000.9252054691315, 'block_end': 9600.925205469131}]"
controlled/HtoW/scenarios_Home_to_work__adv1_apple0_google0_samsung0_tile0__advtag-4c001219ff__20260130_081102/scenario_tx-10s_rot-1min.csv,True,3600.0,3000.0,3,1800.0,True,True,True,2,105,0.9252054691314696,9600.925205469131,"[{'src_file': 'controlled/HtoW/scenarios_Home_to_work__adv1_apple0_google0_samsung0_tile0__advtag-4c001219ff__20260130_081102/scenario_tx-10s_rot-1min.csv', 'n_segments': 95, 'gt_adv_mac_count': 52, 'n_clusters': 4, 'n_ranked': 4, 'strict_confirmed': True, 'confirmed_any': True, 'density_min': 1.0, 'block_start': 0.9252054691314696, 'block_end': 3600.9252054691315}, {'src_file': 'controlled/HtoW/scenarios_Home_to_work__adv1_apple0_google0_samsung0_tile0__advtag-4c001219ff__20260130_081102/scenario_tx-10s_rot-1min.csv', 'n_segments': 176, 'gt_adv_mac_count': 60, 'n_clusters': 7, 'n_ranked': 7, 'strict_confirmed': True, 'confirmed_any': True, 'density_min': 1.0, 'block_start': 3000.9252054691315, 'block_end': 6600.9252054691315}, {'src_file': 'controlled/HtoW/scenarios_Home_to_work__adv1_apple0_google0_samsung0_tile0__advtag-4c001219ff__20260130_081102/scenario_tx-10s_rot-1min.csv', 'n_segments': 96, 'gt_adv_mac_count': 13, 'n_clusters': 7, 'n_ranked': 7, 'strict_confirmed': False, 'confirmed_any': False, 'density_min': 1.0, 'block_start': 6000.9252054691315, 'block_end': 9600.925205469131}]"
controlled/HtoW/scenarios_Home_to_work__adv1_apple0_google0_samsung0_tile0__advtag-4c001219ff__20260130_081102/scenario_tx-2s_rot-1min.csv,True,3600.0,3000.0,3,1800.0,True,True,True,2,105,0.9252054691314696,9600.925205469131,"[{'src_file': 'controlled/HtoW/scenarios_Home_to_work__adv1_apple0_google0_samsung0_tile0__advtag-4c001219ff__20260130_081102/scenario_tx-2s_rot-1min.csv', 'n_segments': 99, 'gt_adv_mac_count': 52, 'n_clusters': 4, 'n_ranked': 4, 'strict_confirmed': True, 'confirmed_any': True, 'density_min': 1.0, 'block_start': 0.9252054691314696, 'block_end': 3600.9252054691315}, {'src_file': 'controlled/HtoW/scenarios_Home_to_work__adv1_apple0_google0_samsung0_tile0__advtag-4c001219ff__20260130_081102/scenario_tx-2s_rot-1min.csv', 'n_segments': 176, 'gt_adv_mac_count': 60, 'n_clusters': 10, 'n_ranked': 10, 'strict_confirmed': True, 'confirmed_any': True, 'density_min': 1.0, 'block_start': 3000.9252054691315, 'block_end': 6600.9252054691315}, {'src_file': 'controlled/HtoW/scenarios_Home_to_work__adv1_apple0_google0_samsung0_tile0__advtag-4c001219ff__20260130_081102/scenario_tx-2s_rot-1min.csv', 'n_segments': 97, 'gt_adv_mac_count': 13, 'n_clusters': 6, 'n_ranked': 6, 'strict_confirmed': False, 'confirmed_any': False, 'density_min': 1.0, 'block_start': 6000.9252054691315, 'block_end': 9600.925205469131}]"
controlled/HtoW/scenarios_Home_to_work__adv1_apple0_google0_samsung0_tile0__advtag-4c001219ff__20260130_081102/scenario_tx-2s_rot-10s.csv,True,3600.0,3000.0,3,1800.0,False,True,False,2,198,0.9252054691314696,9600.925205469131,"[{'src_file': 'controlled/HtoW/scenarios_Home_to_work__adv1_apple0_google0_samsung0_tile0__advtag-4c001219ff__20260130_081102/scenario_tx-2s_rot-10s.csv', 'n_segments': 199, 'gt_adv_mac_count': 198, 'n_clusters': 3, 'n_ranked': 3, 'strict_confirmed': False, 'confirmed_any': False, 'density_min': 1.0, 'block_start': 0.9252054691314696, 'block_end': 3600.9252054691315}, {'src_file': 'controlled/HtoW/scenarios_Home_to_work__adv1_apple0_google0_samsung0_tile0__advtag-4c001219ff__20260130_081102/scenario_tx-2s_rot-10s.csv', 'n_segments': 275, 'gt_adv_mac_count': 198, 'n_clusters': 6, 'n_ranked': 6, 'strict_confirmed': False, 'confirmed_any': False, 'density_min': 1.0, 'block_start': 3000.9252054691315, 'block_end': 6600.9252054691315}, {'src_file': 'controlled/HtoW/scenarios_Home_to_work__adv1_apple0_google0_samsung0_tile0__advtag-4c001219ff__20260130_081102/scenario_tx-2s_rot-10s.csv', 'n_segments': 125, 'gt_adv_mac_count': 68, 'n_clusters': 6, 'n_ranked': 6, 'strict_confirmed': False, 'confirmed_any': False, 'density_min': 1.0, 'block_start': 6000.9252054691315, 'block_end': 9600.925205469131}]"
controlled/HtoW/scenarios_Home_to_work__adv1_apple0_google0_samsung0_tile0__advtag-4c001219ff__20260130_081102/scenario_tx-30s_rot-5min.csv,True,3600.0,3000.0,3,1800.0,True,True,True,2,22,0.9252054691314696,9600.925205469131,"[{'src_file': 'controlled/HtoW/scenarios_Home_to_work__adv1_apple0_google0_samsung0_tile0__advtag-4c001219ff__20260130_081102/scenario_tx-30s_rot-5min.csv', 'n_segments': 68, 'gt_adv_mac_count': 11, 'n_clusters': 15, 'n_ranked': 10, 'strict_confirmed': True, 'confirmed_any': True, 'density_min': 1.0, 'block_start': 0.9252054691314696, 'block_end': 3600.9252054691315}, {'src_file': 'controlled/HtoW/scenarios_Home_to_work__adv1_apple0_google0_samsung0_tile0__advtag-4c001219ff__20260130_081102/scenario_tx-30s_rot-5min.csv', 'n_segments': 153, 'gt_adv_mac_count': 12, 'n_clusters': 7, 'n_ranked': 7, 'strict_confirmed': False, 'confirmed_any': False, 'density_min': 1.0, 'block_start': 3000.9252054691315, 'block_end': 6600.9252054691315}, {'src_file': 'controlled/HtoW/scenarios_Home_to_work__adv1_apple0_google0_samsung0_tile0__advtag-4c001219ff__20260130_081102/scenario_tx-30s_rot-5min.csv', 'n_segments': 92, 'gt_adv_mac_count': 3, 'n_clusters': 6, 'n_ranked': 6, 'strict_confirmed': False, 'confirmed_any': False, 'density_min': 1.0, 'block_start': 6000.9252054691315, 'block_end': 9600.925205469131}]"
controlled/HtoW/scenarios_Home_to_work__adv2_apple0_google0_samsung0_tile0__advtag-4c001219fc-4c001219fd__20260130_081221/scenario_tx-10s_rot-5min.csv,True,3600.0,3000.0,3,1800.0,True,True,True,2,43,0.0,9600.0,"[{'src_file': 'controlled/HtoW/scenarios_Home_to_work__adv2_apple0_google0_samsung0_tile0__advtag-4c001219fc-4c001219fd__20260130_081221/scenario_tx-10s_rot-5min.csv', 'n_segments': 75, 'gt_adv_mac_count': 22, 'n_clusters': 3, 'n_ranked': 3, 'strict_confirmed': True, 'confirmed_any': True, 'density_min': 1.0, 'block_start': 0.0, 'block_end': 3600.0}, {'src_file': 'controlled/HtoW/scenarios_Home_to_work__adv2_apple0_google0_samsung0_tile0__advtag-4c001219fc-4c001219fd__20260130_081221/scenario_tx-10s_rot-5min.csv', 'n_segments': 158, 'gt_adv_mac_count': 24, 'n_clusters': 6, 'n_ranked': 6, 'strict_confirmed': True, 'confirmed_any': True, 'density_min': 1.0, 'block_start': 3000.0, 'block_end': 6600.0}, {'src_file': 'controlled/HtoW/scenarios_Home_to_work__adv2_apple0_google0_samsung0_tile0__advtag-4c001219fc-4c001219fd__20260130_081221/scenario_tx-10s_rot-5min.csv', 'n_segments': 91, 'gt_adv_mac_count': 6, 'n_clusters': 6, 'n_ranked': 6, 'strict_confirmed': False, 'confirmed_any': False, 'density_min': 1.0, 'block_start': 6000.0, 'block_end': 9600.0}]"
controlled/HtoW/scenarios_Home_to_work__adv1_apple0_google0_samsung0_tile0__advtag-4c001219ff__20260130_081102/scenario_tx-30s_rot-30s.csv,True,3600.0,3000.0,3,1800.0,False,True,False,2,185,0.9252054691314696,9600.925205469131,"[{'src_file': 'controlled/HtoW/scenarios_Home_to_work__adv1_apple0_google0_samsung0_tile0__advtag-4c001219ff__20260130_081102/scenario_tx-30s_rot-30s.csv', 'n_segments': 120, 'gt_adv_mac_count': 88, 'n_clusters': 3, 'n_ranked': 3, 'strict_confirmed': False, 'confirmed_any': False, 'density_min': 1.0, 'block_start': 0.9252054691314696, 'block_end': 3600.9252054691315}, {'src_file': 'controlled/HtoW/scenarios_Home_to_work__adv1_apple0_google0_samsung0_tile0__advtag-4c001219ff__20260130_081102/scenario_tx-30s_rot-30s.csv', 'n_segments': 195, 'gt_adv_mac_count': 109, 'n_clusters': 6, 'n_ranked': 6, 'strict_confirmed': False, 'confirmed_any': False, 'density_min': 1.0, 'block_start': 3000.9252054691315, 'block_end': 6600.9252054691315}, {'src_file': 'controlled/HtoW/scenarios_Home_to_work__adv1_apple0_google0_samsung0_tile0__advtag-4c001219ff__20260130_081102/scenario_tx-30s_rot-30s.csv', 'n_segments': 100, 'gt_adv_mac_count': 23, 'n_clusters': 6, 'n_ranked': 6, 'strict_confirmed': False, 'confirmed_any': False, 'density_min': 1.0, 'block_start': 6000.9252054691315, 'block_end': 9600.925205469131}]"
controlled/HtoW/scenarios_Home_to_work__adv1_apple0_google0_samsung0_tile0__advtag-4c001219ff__20260130_081102/scenario_tx-30s_rot-1min.csv,True,3600.0,3000.0,3,1800.0,False,True,False,2,104,0.9252054691314696,9600.925205469131,"[{'src_file': 'controlled/HtoW/scenarios_Home_to_work__adv1_apple0_google0_samsung0_tile0__advtag-4c001219ff__20260130_081102/scenario_tx-30s_rot-1min.csv', 'n_segments': 95, 'gt_adv_mac_count': 51, 'n_clusters': 3, 'n_ranked': 3, 'strict_confirmed': False, 'confirmed_any': False, 'density_min': 1.0, 'block_start': 0.9252054691314696, 'block_end': 3600.9252054691315}, {'src_file': 'controlled/HtoW/scenarios_Home_to_work__adv1_apple0_google0_samsung0_tile0__advtag-4c001219ff__20260130_081102/scenario_tx-30s_rot-1min.csv', 'n_segments': 179, 'gt_adv_mac_count': 60, 'n_clusters': 6, 'n_ranked': 6, 'strict_confirmed': False, 'confirmed_any': False, 'density_min': 1.0, 'block_start': 3000.9252054691315, 'block_end': 6600.9252054691315}, {'src_file': 'controlled/HtoW/scenarios_Home_to_work__adv1_apple0_google0_samsung0_tile0__advtag-4c001219ff__20260130_081102/scenario_tx-30s_rot-1min.csv', 'n_segments': 94, 'gt_adv_mac_count': 13, 'n_clusters': 6, 'n_ranked': 6, 'strict_confirmed': False, 'confirmed_any': False, 'density_min': 1.0, 'block_start': 6000.9252054691315, 'block_end': 9600.925205469131}]"
controlled/HtoW/scenarios_Home_to_work__adv1_apple0_google0_samsung0_tile0__advtag-4c001219ff__20260130_081102/scenario_tx-30s_rot-15min.csv,True,3600.0,3000.0,3,1800.0,False,True,False,2,8,0.9252054691314696,9600.925205469131,"[{'src_file': 'controlled/HtoW/scenarios_Home_to_work__adv1_apple0_google0_samsung0_tile0__advtag-4c001219ff__20260130_081102/scenario_tx-30s_rot-15min.csv', 'n_segments': 63, 'gt_adv_mac_count': 4, 'n_clusters': 3, 'n_ranked': 3, 'strict_confirmed': False, 'confirmed_any': False, 'density_min': 1.0, 'block_start': 0.9252054691314696, 'block_end': 3600.9252054691315}, {'src_file': 'controlled/HtoW/scenarios_Home_to_work__adv1_apple0_google0_samsung0_tile0__advtag-4c001219ff__20260130_081102/scenario_tx-30s_rot-15min.csv', 'n_segments': 147, 'gt_adv_mac_count': 5, 'n_clusters': 6, 'n_ranked': 6, 'strict_confirmed': False, 'confirmed_any': False, 'density_min': 1.0, 'block_start': 3000.9252054691315, 'block_end': 6600.9252054691315}, {'src_file': 'controlled/HtoW/scenarios_Home_to_work__adv1_apple0_google0_samsung0_tile0__advtag-4c001219ff__20260130_081102/scenario_tx-30s_rot-15min.csv', 'n_segments': 90, 'gt_adv_mac_count': 2, 'n_clusters': 6, 'n_ranked': 6, 'strict_confirmed': False, 'confirmed_any': False, 'density_min': 1.0, 'block_start': 6000.9252054691315, 'block_end': 9600.925205469131}]"
controlled/HtoW/scenarios_Home_to_work__adv2_apple0_google0_samsung0_tile0__advtag-4c001219fc-4c001219fd__20260130_081221/scenario_tx-10s_rot-15min.csv,True,3600.0,3000.0,3,1800.0,True,True,True,2,15,0.0,9600.0,"[{'src_file': 'controlled/HtoW/scenarios_Home_to_work__adv2_apple0_google0_samsung0_tile0__advtag-4c001219fc-4c001219fd__20260130_081221/scenario_tx-10s_rot-15min.csv', 'n_segments': 64, 'gt_adv_mac_count': 7, 'n_clusters': 3, 'n_ranked': 3, 'strict_confirmed': True, 'confirmed_any': True, 'density_min': 1.0, 'block_start': 0.0, 'block_end': 3600.0}, {'src_file': 'controlled/HtoW/scenarios_Home_to_work__adv2_apple0_google0_samsung0_tile0__advtag-4c001219fc-4c001219fd__20260130_081221/scenario_tx-10s_rot-15min.csv', 'n_segments': 149, 'gt_adv_mac_count': 10, 'n_clusters': 6, 'n_ranked': 6, 'strict_confirmed': True, 'confirmed_any': True, 'density_min': 1.0, 'block_start': 3000.0, 'block_end': 6600.0}, {'src_file': 'controlled/HtoW/scenarios_Home_to_work__adv2_apple0_google0_samsung0_tile0__advtag-4c001219fc-4c001219fd__20260130_081221/scenario_tx-10s_rot-15min.csv', 'n_segments': 92, 'gt_adv_mac_count': 4, 'n_clusters': 6, 'n_ranked': 6, 'strict_confirmed': False, 'confirmed_any': False, 'density_min': 1.0, 'block_start': 6000.0, 'block_end': 9600.0}]"
controlled/HtoW/scenarios_Home_to_work__adv1_apple0_google0_samsung0_tile0__advtag-4c001219ff__20260130_081102/scenario_tx-2s_rot-5min.csv,True,3600.0,3000.0,3,1800.0,True,True,True,2,22,0.9252054691314696,9600.925205469131,"[{'src_file': 'controlled/HtoW/scenarios_Home_to_work__adv1_apple0_google0_samsung0_tile0__advtag-4c001219ff__20260130_081102/scenario_tx-2s_rot-5min.csv', 'n_segments': 67, 'gt_adv_mac_count': 11, 'n_clusters': 3, 'n_ranked': 3, 'strict_confirmed': True, 'confirmed_any': True, 'density_min': 1.0, 'block_start': 0.9252054691314696, 'block_end': 3600.9252054691315}, {'src_file': 'controlled/HtoW/scenarios_Home_to_work__adv1_apple0_google0_samsung0_tile0__advtag-4c001219ff__20260130_081102/scenario_tx-2s_rot-5min.csv', 'n_segments': 152, 'gt_adv_mac_count': 12, 'n_clusters': 6, 'n_ranked': 6, 'strict_confirmed': False, 'confirmed_any': False, 'density_min': 1.0, 'block_start': 3000.9252054691315, 'block_end': 6600.9252054691315}, {'src_file': 'controlled/HtoW/scenarios_Home_to_work__adv1_apple0_google0_samsung0_tile0__advtag-4c001219ff__20260130_081102/scenario_tx-2s_rot-5min.csv', 'n_segments': 92, 'gt_adv_mac_count': 3, 'n_clusters': 6, 'n_ranked': 6, 'strict_confirmed': False, 'confirmed_any': False, 'density_min': 1.0, 'block_start': 6000.9252054691315, 'block_end': 9600.925205469131}]"
controlled/HtoW/scenarios_Home_to_work__adv2_apple0_google0_samsung0_tile0__advtag-4c001219fc-4c001219fd__20260130_081221/scenario_tx-15s_rot-15min.csv,True,3600.0,3000.0,3,1800.0,True,True,True,2,14,0.0,9600.0,"[{'src_file': 'controlled/HtoW/scenarios_Home_to_work__adv2_apple0_google0_samsung0_tile0__advtag-4c001219fc-4c001219fd__20260130_081221/scenario_tx-15s_rot-15min.csv', 'n_segments': 62, 'gt_adv_mac_count': 6, 'n_clusters': 3, 'n_ranked': 3, 'strict_confirmed': True, 'confirmed_any': True, 'density_min': 1.0, 'block_start': 0.0, 'block_end': 3600.0}, {'src_file': 'controlled/HtoW/scenarios_Home_to_work__adv2_apple0_google0_samsung0_tile0__advtag-4c001219fc-4c001219fd__20260130_081221/scenario_tx-15s_rot-15min.csv', 'n_segments': 147, 'gt_adv_mac_count': 10, 'n_clusters': 6, 'n_ranked': 6, 'strict_confirmed': True, 'confirmed_any': True, 'density_min': 1.0, 'block_start': 3000.0, 'block_end': 6600.0}, {'src_file': 'controlled/HtoW/scenarios_Home_to_work__adv2_apple0_google0_samsung0_tile0__advtag-4c001219fc-4c001219fd__20260130_081221/scenario_tx-15s_rot-15min.csv', 'n_segments': 92, 'gt_adv_mac_count': 4, 'n_clusters': 6, 'n_ranked': 6, 'strict_confirmed': False, 'confirmed_any': False, 'density_min': 1.0, 'block_start': 6000.0, 'block_end': 9600.0}]"
controlled/HtoW/scenarios_Home_to_work__adv1_apple0_google0_samsung0_tile0__advtag-4c001219ff__20260130_081102/scenario_tx-2s_rot-2s.csv,True,3600.0,3000.0,3,1800.0,True,True,True,2,198,0.9252054691314696,9600.925205469131,"[{'src_file': 'controlled/HtoW/scenarios_Home_to_work__adv1_apple0_google0_samsung0_tile0__advtag-4c001219ff__20260130_081102/scenario_tx-2s_rot-2s.csv', 'n_segments': 199, 'gt_adv_mac_count': 198, 'n_clusters': 3, 'n_ranked': 3, 'strict_confirmed': True, 'confirmed_any': True, 'density_min': 1.0, 'block_start': 0.9252054691314696, 'block_end': 3600.9252054691315}, {'src_file': 'controlled/HtoW/scenarios_Home_to_work__adv1_apple0_google0_samsung0_tile0__advtag-4c001219ff__20260130_081102/scenario_tx-2s_rot-2s.csv', 'n_segments': 321, 'gt_adv_mac_count': 198, 'n_clusters': 6, 'n_ranked': 6, 'strict_confirmed': False, 'confirmed_any': False, 'density_min': 1.0, 'block_start': 3000.9252054691315, 'block_end': 6600.9252054691315}, {'src_file': 'controlled/HtoW/scenarios_Home_to_work__adv1_apple0_google0_samsung0_tile0__advtag-4c001219ff__20260130_081102/scenario_tx-2s_rot-2s.csv', 'n_segments': 160, 'gt_adv_mac_count': 124, 'n_clusters': 6, 'n_ranked': 6, 'strict_confirmed': False, 'confirmed_any': False, 'density_min': 1.0, 'block_start': 6000.9252054691315, 'block_end': 9600.925205469131}]"
controlled/HtoW/scenarios_Home_to_work__adv2_apple0_google0_samsung0_tile0__advtag-4c001219fc-4c001219fd__20260130_081221/scenario_tx-10s_rot-30s.csv,True,3600.0,3000.0,3,1800.0,True,True,True,2,198,0.0,9600.0,"[{'src_file': 'controlled/HtoW/scenarios_Home_to_work__adv2_apple0_google0_samsung0_tile0__advtag-4c001219fc-4c001219fd__20260130_081221/scenario_tx-10s_rot-30s.csv', 'n_segments': 166, 'gt_adv_mac_count': 151, 'n_clusters': 4, 'n_ranked': 4, 'strict_confirmed': True, 'confirmed_any': True, 'density_min': 1.0, 'block_start': 0.0, 'block_end': 3600.0}, {'src_file': 'controlled/HtoW/scenarios_Home_to_work__adv2_apple0_google0_samsung0_tile0__advtag-4c001219fc-4c001219fd__20260130_081221/scenario_tx-10s_rot-30s.csv', 'n_segments': 241, 'gt_adv_mac_count': 170, 'n_clusters': 6, 'n_ranked': 6, 'strict_confirmed': True, 'confirmed_any': True, 'density_min': 1.0, 'block_start': 3000.0, 'block_end': 6600.0}, {'src_file': 'controlled/HtoW/scenarios_Home_to_work__adv2_apple0_google0_samsung0_tile0__advtag-4c001219fc-4c001219fd__20260130_081221/scenario_tx-10s_rot-30s.csv', 'n_segments': 119, 'gt_adv_mac_count': 47, 'n_clusters': 6, 'n_ranked': 6, 'strict_confirmed': False, 'confirmed_any': False, 'density_min': 1.0, 'block_start': 6000.0, 'block_end': 9600.0}]"
controlled/HtoW/scenarios_Home_to_work__adv2_apple0_google0_samsung0_tile0__advtag-4c001219fc-4c001219fd__20260130_081221/scenario_tx-10s_rot-10s.csv,True,3600.0,3000.0,3,1800.0,True,True,True,2,198,0.0,9600.0,"[{'src_file': 'controlled/HtoW/scenarios_Home_to_work__adv2_apple0_google0_samsung0_tile0__advtag-4c001219fc-4c001219fd__20260130_081221/scenario_tx-10s_rot-10s.csv', 'n_segments': 199, 'gt_adv_mac_count': 198, 'n_clusters': 4, 'n_ranked': 4, 'strict_confirmed': True, 'confirmed_any': True, 'density_min': 1.0, 'block_start': 0.0, 'block_end': 3600.0}, {'src_file': 'controlled/HtoW/scenarios_Home_to_work__adv2_apple0_google0_samsung0_tile0__advtag-4c001219fc-4c001219fd__20260130_081221/scenario_tx-10s_rot-10s.csv', 'n_segments': 303, 'gt_adv_mac_count': 198, 'n_clusters': 7, 'n_ranked': 7, 'strict_confirmed': True, 'confirmed_any': True, 'density_min': 1.0, 'block_start': 3000.0, 'block_end': 6600.0}, {'src_file': 'controlled/HtoW/scenarios_Home_to_work__adv2_apple0_google0_samsung0_tile0__advtag-4c001219fc-4c001219fd__20260130_081221/scenario_tx-10s_rot-10s.csv', 'n_segments': 130, 'gt_adv_mac_count': 78, 'n_clusters': 6, 'n_ranked': 6, 'strict_confirmed': False, 'confirmed_any': False, 'density_min': 1.0, 'block_start': 6000.0, 'block_end': 9600.0}]"
controlled/HtoW/scenarios_Home_to_work__adv2_apple0_google0_samsung0_tile0__advtag-4c001219fc-4c001219fd__20260130_081221/scenario_tx-10s_rot-1min.csv,True,3600.0,3000.0,3,1800.0,True,True,True,2,154,0.0,9600.0,"[{'src_file': 'controlled/HtoW/scenarios_Home_to_work__adv2_apple0_google0_samsung0_tile0__advtag-4c001219fc-4c001219fd__20260130_081221/scenario_tx-10s_rot-1min.csv', 'n_segments': 122, 'gt_adv_mac_count': 86, 'n_clusters': 3, 'n_ranked': 3, 'strict_confirmed': True, 'confirmed_any': True, 'density_min': 1.0, 'block_start': 0.0, 'block_end': 3600.0}, {'src_file': 'controlled/HtoW/scenarios_Home_to_work__adv2_apple0_google0_samsung0_tile0__advtag-4c001219fc-4c001219fd__20260130_081221/scenario_tx-10s_rot-1min.csv', 'n_segments': 194, 'gt_adv_mac_count': 100, 'n_clusters': 10, 'n_ranked': 10, 'strict_confirmed': True, 'confirmed_any': True, 'density_min': 1.0, 'block_start': 3000.0, 'block_end': 6600.0}, {'src_file': 'controlled/HtoW/scenarios_Home_to_work__adv2_apple0_google0_samsung0_tile0__advtag-4c001219fc-4c001219fd__20260130_081221/scenario_tx-10s_rot-1min.csv', 'n_segments': 105, 'gt_adv_mac_count': 25, 'n_clusters': 6, 'n_ranked': 6, 'strict_confirmed': False, 'confirmed_any': False, 'density_min': 1.0, 'block_start': 6000.0, 'block_end': 9600.0}]"
controlled/HtoW/scenarios_Home_to_work__adv2_apple0_google0_samsung0_tile0__advtag-4c001219fc-4c001219fd__20260130_081221/scenario_tx-15s_rot-1min.csv,True,3600.0,3000.0,3,1800.0,True,True,True,2,154,0.0,9600.0,"[{'src_file': 'controlled/HtoW/scenarios_Home_to_work__adv2_apple0_google0_samsung0_tile0__advtag-4c001219fc-4c001219fd__20260130_081221/scenario_tx-15s_rot-1min.csv', 'n_segments': 122, 'gt_adv_mac_count': 92, 'n_clusters': 3, 'n_ranked': 3, 'strict_confirmed': True, 'confirmed_any': True, 'density_min': 1.0, 'block_start': 0.0, 'block_end': 3600.0}, {'src_file': 'controlled/HtoW/scenarios_Home_to_work__adv2_apple0_google0_samsung0_tile0__advtag-4c001219fc-4c001219fd__20260130_081221/scenario_tx-15s_rot-1min.csv', 'n_segments': 196, 'gt_adv_mac_count': 107, 'n_clusters': 6, 'n_ranked': 6, 'strict_confirmed': True, 'confirmed_any': True, 'density_min': 1.0, 'block_start': 3000.0, 'block_end': 6600.0}, {'src_file': 'controlled/HtoW/scenarios_Home_to_work__adv2_apple0_google0_samsung0_tile0__advtag-4c001219fc-4c001219fd__20260130_081221/scenario_tx-15s_rot-1min.csv', 'n_segments': 101, 'gt_adv_mac_count': 26, 'n_clusters': 6, 'n_ranked': 6, 'strict_confirmed': False, 'confirmed_any': False, 'density_min': 1.0, 'block_start': 6000.0, 'block_end': 9600.0}]"
controlled/HtoW/scenarios_Home_to_work__adv2_apple0_google0_samsung0_tile0__advtag-4c001219fc-4c001219fd__20260130_081221/scenario_tx-15s_rot-5min.csv,True,3600.0,3000.0,3,1800.0,True,True,True,2,40,0.0,9600.0,"[{'src_file': 'controlled/HtoW/scenarios_Home_to_work__adv2_apple0_google0_samsung0_tile0__advtag-4c001219fc-4c001219fd__20260130_081221/scenario_tx-15s_rot-5min.csv', 'n_segments': 74, 'gt_adv_mac_count': 22, 'n_clusters': 5, 'n_ranked': 5, 'strict_confirmed': True, 'confirmed_any': True, 'density_min': 1.0, 'block_start': 0.0, 'block_end': 3600.0}, {'src_file': 'controlled/HtoW/scenarios_Home_to_work__adv2_apple0_google0_samsung0_tile0__advtag-4c001219fc-4c001219fd__20260130_081221/scenario_tx-15s_rot-5min.csv', 'n_segments': 154, 'gt_adv_mac_count': 22, 'n_clusters': 6, 'n_ranked': 6, 'strict_confirmed': True, 'confirmed_any': True, 'density_min': 1.0, 'block_start': 3000.0, 'block_end': 6600.0}, {'src_file': 'controlled/HtoW/scenarios_Home_to_work__adv2_apple0_google0_samsung0_tile0__advtag-4c001219fc-4c001219fd__20260130_081221/scenario_tx-15s_rot-5min.csv', 'n_segments': 93, 'gt_adv_mac_count': 6, 'n_clusters': 6, 'n_ranked': 6, 'strict_confirmed': False, 'confirmed_any': False, 'density_min': 1.0, 'block_start': 6000.0, 'block_end': 9600.0}]"
controlled/HtoW/scenarios_Home_to_work__adv2_apple0_google0_samsung0_tile0__advtag-4c001219fc-4c001219fd__20260130_081221/scenario_tx-1min_rot-5min.csv,True,3600.0,3000.0,3,1800.0,True,True,True,2,42,0.0,9600.0,"[{'src_file': 'controlled/HtoW/scenarios_Home_to_work__adv2_apple0_google0_samsung0_tile0__advtag-4c001219fc-4c001219fd__20260130_081221/scenario_tx-1min_rot-5min.csv', 'n_segments': 73, 'gt_adv_mac_count': 21, 'n_clusters': 3, 'n_ranked': 3, 'strict_confirmed': True, 'confirmed_any': True, 'density_min': 1.0, 'block_start': 0.0, 'block_end': 3600.0}, {'src_file': 'controlled/HtoW/scenarios_Home_to_work__adv2_apple0_google0_samsung0_tile0__advtag-4c001219fc-4c001219fd__20260130_081221/scenario_tx-1min_rot-5min.csv', 'n_segments': 154, 'gt_adv_mac_count': 24, 'n_clusters': 6, 'n_ranked': 6, 'strict_confirmed': True, 'confirmed_any': True, 'density_min': 1.0, 'block_start': 3000.0, 'block_end': 6600.0}, {'src_file': 'controlled/HtoW/scenarios_Home_to_work__adv2_apple0_google0_samsung0_tile0__advtag-4c001219fc-4c001219fd__20260130_081221/scenario_tx-1min_rot-5min.csv', 'n_segments': 91, 'gt_adv_mac_count': 6, 'n_clusters': 6, 'n_ranked': 6, 'strict_confirmed': False, 'confirmed_any': False, 'density_min': 1.0, 'block_start': 6000.0, 'block_end': 9600.0}]"
controlled/HtoW/scenarios_Home_to_work__adv2_apple0_google0_samsung0_tile0__advtag-4c001219fc-4c001219fd__20260130_081221/scenario_tx-15s_rot-30s.csv,True,3600.0,3000.0,3,1800.0,True,True,True,2,198,0.0,9600.0,"[{'src_file': 'controlled/HtoW/scenarios_Home_to_work__adv2_apple0_google0_samsung0_tile0__advtag-4c001219fc-4c001219fd__20260130_081221/scenario_tx-15s_rot-30s.csv', 'n_segments': 161, 'gt_adv_mac_count': 145, 'n_clusters': 4, 'n_ranked': 4, 'strict_confirmed': True, 'confirmed_any': True, 'density_min': 1.0, 'block_start': 0.0, 'block_end': 3600.0}, {'src_file': 'controlled/HtoW/scenarios_Home_to_work__adv2_apple0_google0_samsung0_tile0__advtag-4c001219fc-4c001219fd__20260130_081221/scenario_tx-15s_rot-30s.csv', 'n_segments': 235, 'gt_adv_mac_count': 162, 'n_clusters': 6, 'n_ranked': 6, 'strict_confirmed': True, 'confirmed_any': True, 'density_min': 1.0, 'block_start': 3000.0, 'block_end': 6600.0}, {'src_file': 'controlled/HtoW/scenarios_Home_to_work__adv2_apple0_google0_samsung0_tile0__advtag-4c001219fc-4c001219fd__20260130_081221/scenario_tx-15s_rot-30s.csv', 'n_segments': 111, 'gt_adv_mac_count': 47, 'n_clusters': 6, 'n_ranked': 6, 'strict_confirmed': False, 'confirmed_any': False, 'density_min': 1.0, 'block_start': 6000.0, 'block_end': 9600.0}]"
controlled/HtoW/scenarios_Home_to_work__adv2_apple0_google0_samsung0_tile0__advtag-4c001219fc-4c001219fd__20260130_081221/scenario_tx-30s_rot-15min.csv,True,3600.0,3000.0,3,1800.0,True,True,True,2,16,0.0,9600.0,"[{'src_file': 'controlled/HtoW/scenarios_Home_to_work__adv2_apple0_google0_samsung0_tile0__advtag-4c001219fc-4c001219fd__20260130_081221/scenario_tx-30s_rot-15min.csv', 'n_segments': 64, 'gt_adv_mac_count': 8, 'n_clusters': 3, 'n_ranked': 3, 'strict_confirmed': True, 'confirmed_any': True, 'density_min': 1.0, 'block_start': 0.0, 'block_end': 3600.0}, {'src_file': 'controlled/HtoW/scenarios_Home_to_work__adv2_apple0_google0_samsung0_tile0__advtag-4c001219fc-4c001219fd__20260130_081221/scenario_tx-30s_rot-15min.csv', 'n_segments': 150, 'gt_adv_mac_count': 10, 'n_clusters': 6, 'n_ranked': 6, 'strict_confirmed': True, 'confirmed_any': True, 'density_min': 1.0, 'block_start': 3000.0, 'block_end': 6600.0}, {'src_file': 'controlled/HtoW/scenarios_Home_to_work__adv2_apple0_google0_samsung0_tile0__advtag-4c001219fc-4c001219fd__20260130_081221/scenario_tx-30s_rot-15min.csv', 'n_segments': 91, 'gt_adv_mac_count': 4, 'n_clusters': 6, 'n_ranked': 6, 'strict_confirmed': False, 'confirmed_any': False, 'density_min': 1.0, 'block_start': 6000.0, 'block_end': 9600.0}]"
controlled/HtoW/scenarios_Home_to_work__adv2_apple0_google0_samsung0_tile0__advtag-4c001219fc-4c001219fd__20260130_081221/scenario_tx-1min_rot-15min.csv,True,3600.0,3000.0,3,1800.0,True,True,True,2,14,0.0,9600.0,"[{'src_file': 'controlled/HtoW/scenarios_Home_to_work__adv2_apple0_google0_samsung0_tile0__advtag-4c001219fc-4c001219fd__20260130_081221/scenario_tx-1min_rot-15min.csv', 'n_segments': 66, 'gt_adv_mac_count': 7, 'n_clusters': 3, 'n_ranked': 3, 'strict_confirmed': True, 'confirmed_any': True, 'density_min': 1.0, 'block_start': 0.0, 'block_end': 3600.0}, {'src_file': 'controlled/HtoW/scenarios_Home_to_work__adv2_apple0_google0_samsung0_tile0__advtag-4c001219fc-4c001219fd__20260130_081221/scenario_tx-1min_rot-15min.csv', 'n_segments': 148, 'gt_adv_mac_count': 9, 'n_clusters': 6, 'n_ranked': 6, 'strict_confirmed': False, 'confirmed_any': False, 'density_min': 1.0, 'block_start': 3000.0, 'block_end': 6600.0}, {'src_file': 'controlled/HtoW/scenarios_Home_to_work__adv2_apple0_google0_samsung0_tile0__advtag-4c001219fc-4c001219fd__20260130_081221/scenario_tx-1min_rot-15min.csv', 'n_segments': 90, 'gt_adv_mac_count': 3, 'n_clusters': 6, 'n_ranked': 6, 'strict_confirmed': False, 'confirmed_any': False, 'density_min': 1.0, 'block_start': 6000.0, 'block_end': 9600.0}]"
controlled/HtoW/scenarios_Home_to_work__adv2_apple0_google0_samsung0_tile0__advtag-4c001219fc-4c001219fd__20260130_081221/scenario_tx-30s_rot-5min.csv,True,3600.0,3000.0,3,1800.0,True,True,True,2,41,0.0,9600.0,"[{'src_file': 'controlled/HtoW/scenarios_Home_to_work__adv2_apple0_google0_samsung0_tile0__advtag-4c001219fc-4c001219fd__20260130_081221/scenario_tx-30s_rot-5min.csv', 'n_segments': 73, 'gt_adv_mac_count': 21, 'n_clusters': 3, 'n_ranked': 3, 'strict_confirmed': True, 'confirmed_any': True, 'density_min': 1.0, 'block_start': 0.0, 'block_end': 3600.0}, {'src_file': 'controlled/HtoW/scenarios_Home_to_work__adv2_apple0_google0_samsung0_tile0__advtag-4c001219fc-4c001219fd__20260130_081221/scenario_tx-30s_rot-5min.csv', 'n_segments': 155, 'gt_adv_mac_count': 23, 'n_clusters': 6, 'n_ranked': 6, 'strict_confirmed': True, 'confirmed_any': True, 'density_min': 1.0, 'block_start': 3000.0, 'block_end': 6600.0}, {'src_file': 'controlled/HtoW/scenarios_Home_to_work__adv2_apple0_google0_samsung0_tile0__advtag-4c001219fc-4c001219fd__20260130_081221/scenario_tx-30s_rot-5min.csv', 'n_segments': 90, 'gt_adv_mac_count': 6, 'n_clusters': 6, 'n_ranked': 6, 'strict_confirmed': False, 'confirmed_any': False, 'density_min': 1.0, 'block_start': 6000.0, 'block_end': 9600.0}]"
controlled/HtoW/scenarios_Home_to_work__adv2_apple0_google0_samsung0_tile0__advtag-4c001219fc-4c001219fd__20260130_081221/scenario_tx-1min_rot-1min.csv,True,3600.0,3000.0,3,1800.0,True,True,True,2,146,0.0,9600.0,"[{'src_file': 'controlled/HtoW/scenarios_Home_to_work__adv2_apple0_google0_samsung0_tile0__advtag-4c001219fc-4c001219fd__20260130_081221/scenario_tx-1min_rot-1min.csv', 'n_segments': 123, 'gt_adv_mac_count': 87, 'n_clusters': 3, 'n_ranked': 3, 'strict_confirmed': True, 'confirmed_any': True, 'density_min': 1.0, 'block_start': 0.0, 'block_end': 3600.0}, {'src_file': 'controlled/HtoW/scenarios_Home_to_work__adv2_apple0_google0_samsung0_tile0__advtag-4c001219fc-4c001219fd__20260130_081221/scenario_tx-1min_rot-1min.csv', 'n_segments': 195, 'gt_adv_mac_count': 93, 'n_clusters': 6, 'n_ranked': 6, 'strict_confirmed': True, 'confirmed_any': True, 'density_min': 1.0, 'block_start': 3000.0, 'block_end': 6600.0}, {'src_file': 'controlled/HtoW/scenarios_Home_to_work__adv2_apple0_google0_samsung0_tile0__advtag-4c001219fc-4c001219fd__20260130_081221/scenario_tx-1min_rot-1min.csv', 'n_segments': 102, 'gt_adv_mac_count': 23, 'n_clusters': 6, 'n_ranked': 6, 'strict_confirmed': False, 'confirmed_any': False, 'density_min': 1.0, 'block_start': 6000.0, 'block_end': 9600.0}]"
controlled/HtoW/scenarios_Home_to_work__adv2_apple0_google0_samsung0_tile0__advtag-4c001219fc-4c001219fd__20260130_081221/scenario_tx-2s_rot-15min.csv,True,3600.0,3000.0,3,1800.0,True,True,True,2,15,0.0,9600.0,"[{'src_file': 'controlled/HtoW/scenarios_Home_to_work__adv2_apple0_google0_samsung0_tile0__advtag-4c001219fc-4c001219fd__20260130_081221/scenario_tx-2s_rot-15min.csv', 'n_segments': 66, 'gt_adv_mac_count': 8, 'n_clusters': 3, 'n_ranked': 3, 'strict_confirmed': True, 'confirmed_any': True, 'density_min': 1.0, 'block_start': 0.0, 'block_end': 3600.0}, {'src_file': 'controlled/HtoW/scenarios_Home_to_work__adv2_apple0_google0_samsung0_tile0__advtag-4c001219fc-4c001219fd__20260130_081221/scenario_tx-2s_rot-15min.csv', 'n_segments': 151, 'gt_adv_mac_count': 10, 'n_clusters': 6, 'n_ranked': 6, 'strict_confirmed': True, 'confirmed_any': True, 'density_min': 1.0, 'block_start': 3000.0, 'block_end': 6600.0}, {'src_file': 'controlled/HtoW/scenarios_Home_to_work__adv2_apple0_google0_samsung0_tile0__advtag-4c001219fc-4c001219fd__20260130_081221/scenario_tx-2s_rot-15min.csv', 'n_segments': 93, 'gt_adv_mac_count': 4, 'n_clusters': 6, 'n_ranked': 6, 'strict_confirmed': False, 'confirmed_any': False, 'density_min': 1.0, 'block_start': 6000.0, 'block_end': 9600.0}]"
controlled/HtoW/scenarios_Home_to_work__adv2_apple0_google0_samsung0_tile0__advtag-4c001219fc-4c001219fd__20260130_081221/scenario_tx-2s_rot-5min.csv,True,3600.0,3000.0,3,1800.0,True,True,True,2,43,0.0,9600.0,"[{'src_file': 'controlled/HtoW/scenarios_Home_to_work__adv2_apple0_google0_samsung0_tile0__advtag-4c001219fc-4c001219fd__20260130_081221/scenario_tx-2s_rot-5min.csv', 'n_segments': 76, 'gt_adv_mac_count': 21, 'n_clusters': 3, 'n_ranked': 3, 'strict_confirmed': True, 'confirmed_any': True, 'density_min': 1.0, 'block_start': 0.0, 'block_end': 3600.0}, {'src_file': 'controlled/HtoW/scenarios_Home_to_work__adv2_apple0_google0_samsung0_tile0__advtag-4c001219fc-4c001219fd__20260130_081221/scenario_tx-2s_rot-5min.csv', 'n_segments': 155, 'gt_adv_mac_count': 24, 'n_clusters': 6, 'n_ranked': 6, 'strict_confirmed': True, 'confirmed_any': True, 'density_min': 1.0, 'block_start': 3000.0, 'block_end': 6600.0}, {'src_file': 'controlled/HtoW/scenarios_Home_to_work__adv2_apple0_google0_samsung0_tile0__advtag-4c001219fc-4c001219fd__20260130_081221/scenario_tx-2s_rot-5min.csv', 'n_segments': 89, 'gt_adv_mac_count': 6, 'n_clusters': 6, 'n_ranked': 6, 'strict_confirmed': False, 'confirmed_any': False, 'density_min': 1.0, 'block_start': 6000.0, 'block_end': 9600.0}]"
controlled/HtoW/scenarios_Home_to_work__adv2_apple0_google0_samsung0_tile0__advtag-4c001219fc-4c001219fd__20260130_081221/scenario_tx-30s_rot-30s.csv,True,3600.0,3000.0,3,1800.0,True,True,True,2,198,0.0,9600.0,"[{'src_file': 'controlled/HtoW/scenarios_Home_to_work__adv2_apple0_google0_samsung0_tile0__advtag-4c001219fc-4c001219fd__20260130_081221/scenario_tx-30s_rot-30s.csv', 'n_segments': 151, 'gt_adv_mac_count': 136, 'n_clusters': 3, 'n_ranked': 3, 'strict_confirmed': True, 'confirmed_any': True, 'density_min': 1.0, 'block_start': 0.0, 'block_end': 3600.0}, {'src_file': 'controlled/HtoW/scenarios_Home_to_work__adv2_apple0_google0_samsung0_tile0__advtag-4c001219fc-4c001219fd__20260130_081221/scenario_tx-30s_rot-30s.csv', 'n_segments': 234, 'gt_adv_mac_count': 159, 'n_clusters': 6, 'n_ranked': 6, 'strict_confirmed': True, 'confirmed_any': True, 'density_min': 1.0, 'block_start': 3000.0, 'block_end': 6600.0}, {'src_file': 'controlled/HtoW/scenarios_Home_to_work__adv2_apple0_google0_samsung0_tile0__advtag-4c001219fc-4c001219fd__20260130_081221/scenario_tx-30s_rot-30s.csv', 'n_segments': 118, 'gt_adv_mac_count': 43, 'n_clusters': 6, 'n_ranked': 6, 'strict_confirmed': False, 'confirmed_any': False, 'density_min': 1.0, 'block_start': 6000.0, 'block_end': 9600.0}]"
controlled/HtoW/scenarios_Home_to_work__adv2_apple0_google0_samsung0_tile0__advtag-4c001219fc-4c001219fd__20260130_081221/scenario_tx-2s_rot-30s.csv,True,3600.0,3000.0,3,1800.0,True,True,True,2,198,0.0,9600.0,"[{'src_file': 'controlled/HtoW/scenarios_Home_to_work__adv2_apple0_google0_samsung0_tile0__advtag-4c001219fc-4c001219fd__20260130_081221/scenario_tx-2s_rot-30s.csv', 'n_segments': 156, 'gt_adv_mac_count': 145, 'n_clusters': 5, 'n_ranked': 5, 'strict_confirmed': True, 'confirmed_any': True, 'density_min': 1.0, 'block_start': 0.0, 'block_end': 3600.0}, {'src_file': 'controlled/HtoW/scenarios_Home_to_work__adv2_apple0_google0_samsung0_tile0__advtag-4c001219fc-4c001219fd__20260130_081221/scenario_tx-2s_rot-30s.csv', 'n_segments': 239, 'gt_adv_mac_count': 165, 'n_clusters': 8, 'n_ranked': 8, 'strict_confirmed': True, 'confirmed_any': True, 'density_min': 1.0, 'block_start': 3000.0, 'block_end': 6600.0}, {'src_file': 'controlled/HtoW/scenarios_Home_to_work__adv2_apple0_google0_samsung0_tile0__advtag-4c001219fc-4c001219fd__20260130_081221/scenario_tx-2s_rot-30s.csv', 'n_segments': 117, 'gt_adv_mac_count': 49, 'n_clusters': 8, 'n_ranked': 8, 'strict_confirmed': False, 'confirmed_any': False, 'density_min': 1.0, 'block_start': 6000.0, 'block_end': 9600.0}]"
controlled/HtoW/scenarios_Home_to_work__adv2_apple0_google0_samsung0_tile0__advtag-4c001219fc-4c001219fd__20260130_081221/scenario_tx-30s_rot-1min.csv,True,3600.0,3000.0,3,1800.0,True,True,True,2,155,0.0,9600.0,"[{'src_file': 'controlled/HtoW/scenarios_Home_to_work__adv2_apple0_google0_samsung0_tile0__advtag-4c001219fc-4c001219fd__20260130_081221/scenario_tx-30s_rot-1min.csv', 'n_segments': 133, 'gt_adv_mac_count': 98, 'n_clusters': 3, 'n_ranked': 3, 'strict_confirmed': True, 'confirmed_any': True, 'density_min': 1.0, 'block_start': 0.0, 'block_end': 3600.0}, {'src_file': 'controlled/HtoW/scenarios_Home_to_work__adv2_apple0_google0_samsung0_tile0__advtag-4c001219fc-4c001219fd__20260130_081221/scenario_tx-30s_rot-1min.csv', 'n_segments': 201, 'gt_adv_mac_count': 98, 'n_clusters': 6, 'n_ranked': 6, 'strict_confirmed': True, 'confirmed_any': True, 'density_min': 1.0, 'block_start': 3000.0, 'block_end': 6600.0}, {'src_file': 'controlled/HtoW/scenarios_Home_to_work__adv2_apple0_google0_samsung0_tile0__advtag-4c001219fc-4c001219fd__20260130_081221/scenario_tx-30s_rot-1min.csv', 'n_segments': 101, 'gt_adv_mac_count': 26, 'n_clusters': 6, 'n_ranked': 6, 'strict_confirmed': False, 'confirmed_any': False, 'density_min': 1.0, 'block_start': 6000.0, 'block_end': 9600.0}]"
controlled/HtoW/scenarios_Home_to_work__adv2_apple0_google0_samsung0_tile0__advtag-4c001219fc-4c001219fd__20260130_081221/scenario_tx-2s_rot-1min.csv,True,3600.0,3000.0,3,1800.0,True,True,True,2,153,0.0,9600.0,"[{'src_file': 'controlled/HtoW/scenarios_Home_to_work__adv2_apple0_google0_samsung0_tile0__advtag-4c001219fc-4c001219fd__20260130_081221/scenario_tx-2s_rot-1min.csv', 'n_segments': 121, 'gt_adv_mac_count': 90, 'n_clusters': 5, 'n_ranked': 5, 'strict_confirmed': True, 'confirmed_any': True, 'density_min': 1.0, 'block_start': 0.0, 'block_end': 3600.0}, {'src_file': 'controlled/HtoW/scenarios_Home_to_work__adv2_apple0_google0_samsung0_tile0__advtag-4c001219fc-4c001219fd__20260130_081221/scenario_tx-2s_rot-1min.csv', 'n_segments': 199, 'gt_adv_mac_count': 105, 'n_clusters': 8, 'n_ranked': 8, 'strict_confirmed': True, 'confirmed_any': True, 'density_min': 1.0, 'block_start': 3000.0, 'block_end': 6600.0}, {'src_file': 'controlled/HtoW/scenarios_Home_to_work__adv2_apple0_google0_samsung0_tile0__advtag-4c001219fc-4c001219fd__20260130_081221/scenario_tx-2s_rot-1min.csv', 'n_segments': 103, 'gt_adv_mac_count': 26, 'n_clusters': 6, 'n_ranked': 6, 'strict_confirmed': False, 'confirmed_any': False, 'density_min': 1.0, 'block_start': 6000.0, 'block_end': 9600.0}]"
controlled/HtoW/scenarios_Home_to_work__adv3_apple0_google0_samsung0_tile0__advtag-4c001219fc-4c001219fd-4c001219fe__20260130_081247/scenario_tx-10s_rot-15min.csv,True,3600.0,3000.0,3,1800.0,True,True,True,2,21,0.0,9600.0,"[{'src_file': 'controlled/HtoW/scenarios_Home_to_work__adv3_apple0_google0_samsung0_tile0__advtag-4c001219fc-4c001219fd-4c001219fe__20260130_081247/scenario_tx-10s_rot-15min.csv', 'n_segments': 64, 'gt_adv_mac_count': 10, 'n_clusters': 3, 'n_ranked': 3, 'strict_confirmed': True, 'confirmed_any': True, 'density_min': 1.0, 'block_start': 0.0, 'block_end': 3600.0}, {'src_file': 'controlled/HtoW/scenarios_Home_to_work__adv3_apple0_google0_samsung0_tile0__advtag-4c001219fc-4c001219fd-4c001219fe__20260130_081247/scenario_tx-10s_rot-15min.csv', 'n_segments': 151, 'gt_adv_mac_count': 14, 'n_clusters': 7, 'n_ranked': 7, 'strict_confirmed': True, 'confirmed_any': True, 'density_min': 1.0, 'block_start': 3000.0, 'block_end': 6600.0}, {'src_file': 'controlled/HtoW/scenarios_Home_to_work__adv3_apple0_google0_samsung0_tile0__advtag-4c001219fc-4c001219fd-4c001219fe__20260130_081247/scenario_tx-10s_rot-15min.csv', 'n_segments': 92, 'gt_adv_mac_count': 6, 'n_clusters': 6, 'n_ranked': 6, 'strict_confirmed': False, 'confirmed_any': False, 'density_min': 1.0, 'block_start': 6000.0, 'block_end': 9600.0}]"
controlled/HtoW/scenarios_Home_to_work__adv2_apple0_google0_samsung0_tile0__advtag-4c001219fc-4c001219fd__20260130_081221/scenario_tx-2s_rot-10s.csv,True,3600.0,3000.0,3,1800.0,True,True,True,2,198,0.0,9600.0,"[{'src_file': 'controlled/HtoW/scenarios_Home_to_work__adv2_apple0_google0_samsung0_tile0__advtag-4c001219fc-4c001219fd__20260130_081221/scenario_tx-2s_rot-10s.csv', 'n_segments': 199, 'gt_adv_mac_count': 198, 'n_clusters': 3, 'n_ranked': 3, 'strict_confirmed': True, 'confirmed_any': True, 'density_min': 1.0, 'block_start': 0.0, 'block_end': 3600.0}, {'src_file': 'controlled/HtoW/scenarios_Home_to_work__adv2_apple0_google0_samsung0_tile0__advtag-4c001219fc-4c001219fd__20260130_081221/scenario_tx-2s_rot-10s.csv', 'n_segments': 313, 'gt_adv_mac_count': 198, 'n_clusters': 6, 'n_ranked': 6, 'strict_confirmed': True, 'confirmed_any': True, 'density_min': 1.0, 'block_start': 3000.0, 'block_end': 6600.0}, {'src_file': 'controlled/HtoW/scenarios_Home_to_work__adv2_apple0_google0_samsung0_tile0__advtag-4c001219fc-4c001219fd__20260130_081221/scenario_tx-2s_rot-10s.csv', 'n_segments': 147, 'gt_adv_mac_count': 109, 'n_clusters': 6, 'n_ranked': 6, 'strict_confirmed': False, 'confirmed_any': False, 'density_min': 1.0, 'block_start': 6000.0, 'block_end': 9600.0}]"
controlled/HtoW/scenarios_Home_to_work__adv3_apple0_google0_samsung0_tile0__advtag-4c001219fc-4c001219fd-4c001219fe__20260130_081247/scenario_tx-1min_rot-15min.csv,True,3600.0,3000.0,3,1800.0,True,True,True,2,23,0.0,9600.0,"[{'src_file': 'controlled/HtoW/scenarios_Home_to_work__adv3_apple0_google0_samsung0_tile0__advtag-4c001219fc-4c001219fd-4c001219fe__20260130_081247/scenario_tx-1min_rot-15min.csv', 'n_segments': 70, 'gt_adv_mac_count': 11, 'n_clusters': 3, 'n_ranked': 3, 'strict_confirmed': True, 'confirmed_any': True, 'density_min': 1.0, 'block_start': 0.0, 'block_end': 3600.0}, {'src_file': 'controlled/HtoW/scenarios_Home_to_work__adv3_apple0_google0_samsung0_tile0__advtag-4c001219fc-4c001219fd-4c001219fe__20260130_081247/scenario_tx-1min_rot-15min.csv', 'n_segments': 149, 'gt_adv_mac_count': 15, 'n_clusters': 6, 'n_ranked': 6, 'strict_confirmed': True, 'confirmed_any': True, 'density_min': 1.0, 'block_start': 3000.0, 'block_end': 6600.0}, {'src_file': 'controlled/HtoW/scenarios_Home_to_work__adv3_apple0_google0_samsung0_tile0__advtag-4c001219fc-4c001219fd-4c001219fe__20260130_081247/scenario_tx-1min_rot-15min.csv', 'n_segments': 92, 'gt_adv_mac_count': 6, 'n_clusters': 6, 'n_ranked': 6, 'strict_confirmed': False, 'confirmed_any': False, 'density_min': 1.0, 'block_start': 6000.0, 'block_end': 9600.0}]"
controlled/HtoW/scenarios_Home_to_work__adv3_apple0_google0_samsung0_tile0__advtag-4c001219fc-4c001219fd-4c001219fe__20260130_081247/scenario_tx-10s_rot-1min.csv,True,3600.0,3000.0,3,1800.0,True,True,True,2,184,0.0,9600.0,"[{'src_file': 'controlled/HtoW/scenarios_Home_to_work__adv3_apple0_google0_samsung0_tile0__advtag-4c001219fc-4c001219fd-4c001219fe__20260130_081247/scenario_tx-10s_rot-1min.csv', 'n_segments': 137, 'gt_adv_mac_count': 116, 'n_clusters': 3, 'n_ranked': 3, 'strict_confirmed': True, 'confirmed_any': True, 'density_min': 1.0, 'block_start': 0.0, 'block_end': 3600.0}, {'src_file': 'controlled/HtoW/scenarios_Home_to_work__adv3_apple0_google0_samsung0_tile0__advtag-4c001219fc-4c001219fd-4c001219fe__20260130_081247/scenario_tx-10s_rot-1min.csv', 'n_segments': 224, 'gt_adv_mac_count': 135, 'n_clusters': 6, 'n_ranked': 6, 'strict_confirmed': True, 'confirmed_any': True, 'density_min': 1.0, 'block_start': 3000.0, 'block_end': 6600.0}, {'src_file': 'controlled/HtoW/scenarios_Home_to_work__adv3_apple0_google0_samsung0_tile0__advtag-4c001219fc-4c001219fd-4c001219fe__20260130_081247/scenario_tx-10s_rot-1min.csv', 'n_segments': 111, 'gt_adv_mac_count': 37, 'n_clusters': 6, 'n_ranked': 6, 'strict_confirmed': False, 'confirmed_any': False, 'density_min': 1.0, 'block_start': 6000.0, 'block_end': 9600.0}]"
controlled/HtoW/scenarios_Home_to_work__adv3_apple0_google0_samsung0_tile0__advtag-4c001219fc-4c001219fd-4c001219fe__20260130_081247/scenario_tx-10s_rot-5min.csv,True,3600.0,3000.0,3,1800.0,True,True,True,2,59,0.0,9600.0,"[{'src_file': 'controlled/HtoW/scenarios_Home_to_work__adv3_apple0_google0_samsung0_tile0__advtag-4c001219fc-4c001219fd-4c001219fe__20260130_081247/scenario_tx-10s_rot-5min.csv', 'n_segments': 80, 'gt_adv_mac_count': 30, 'n_clusters': 3, 'n_ranked': 3, 'strict_confirmed': True, 'confirmed_any': True, 'density_min': 1.0, 'block_start': 0.0, 'block_end': 3600.0}, {'src_file': 'controlled/HtoW/scenarios_Home_to_work__adv3_apple0_google0_samsung0_tile0__advtag-4c001219fc-4c001219fd-4c001219fe__20260130_081247/scenario_tx-10s_rot-5min.csv', 'n_segments': 162, 'gt_adv_mac_count': 35, 'n_clusters': 6, 'n_ranked': 6, 'strict_confirmed': True, 'confirmed_any': True, 'density_min': 1.0, 'block_start': 3000.0, 'block_end': 6600.0}, {'src_file': 'controlled/HtoW/scenarios_Home_to_work__adv3_apple0_google0_samsung0_tile0__advtag-4c001219fc-4c001219fd-4c001219fe__20260130_081247/scenario_tx-10s_rot-5min.csv', 'n_segments': 92, 'gt_adv_mac_count': 9, 'n_clusters': 6, 'n_ranked': 6, 'strict_confirmed': False, 'confirmed_any': False, 'density_min': 1.0, 'block_start': 6000.0, 'block_end': 9600.0}]"
controlled/HtoW/scenarios_Home_to_work__adv3_apple0_google0_samsung0_tile0__advtag-4c001219fc-4c001219fd-4c001219fe__20260130_081247/scenario_tx-15s_rot-15min.csv,True,3600.0,3000.0,3,1800.0,True,True,True,2,23,0.0,9600.0,"[{'src_file': 'controlled/HtoW/scenarios_Home_to_work__adv3_apple0_google0_samsung0_tile0__advtag-4c001219fc-4c001219fd-4c001219fe__20260130_081247/scenario_tx-15s_rot-15min.csv', 'n_segments': 68, 'gt_adv_mac_count': 11, 'n_clusters': 3, 'n_ranked': 3, 'strict_confirmed': True, 'confirmed_any': True, 'density_min': 1.0, 'block_start': 0.0, 'block_end': 3600.0}, {'src_file': 'controlled/HtoW/scenarios_Home_to_work__adv3_apple0_google0_samsung0_tile0__advtag-4c001219fc-4c001219fd-4c001219fe__20260130_081247/scenario_tx-15s_rot-15min.csv', 'n_segments': 151, 'gt_adv_mac_count': 15, 'n_clusters': 6, 'n_ranked': 6, 'strict_confirmed': True, 'confirmed_any': True, 'density_min': 1.0, 'block_start': 3000.0, 'block_end': 6600.0}, {'src_file': 'controlled/HtoW/scenarios_Home_to_work__adv3_apple0_google0_samsung0_tile0__advtag-4c001219fc-4c001219fd-4c001219fe__20260130_081247/scenario_tx-15s_rot-15min.csv', 'n_segments': 94, 'gt_adv_mac_count': 6, 'n_clusters': 6, 'n_ranked': 6, 'strict_confirmed': False, 'confirmed_any': False, 'density_min': 1.0, 'block_start': 6000.0, 'block_end': 9600.0}]"
controlled/HtoW/scenarios_Home_to_work__adv3_apple0_google0_samsung0_tile0__advtag-4c001219fc-4c001219fd-4c001219fe__20260130_081247/scenario_tx-15s_rot-1min.csv,True,3600.0,3000.0,3,1800.0,True,True,True,2,175,0.0,9600.0,"[{'src_file': 'controlled/HtoW/scenarios_Home_to_work__adv3_apple0_google0_samsung0_tile0__advtag-4c001219fc-4c001219fd-4c001219fe__20260130_081247/scenario_tx-15s_rot-1min.csv', 'n_segments': 143, 'gt_adv_mac_count': 119, 'n_clusters': 3, 'n_ranked': 3, 'strict_confirmed': True, 'confirmed_any': True, 'density_min': 1.0, 'block_start': 0.0, 'block_end': 3600.0}, {'src_file': 'controlled/HtoW/scenarios_Home_to_work__adv3_apple0_google0_samsung0_tile0__advtag-4c001219fc-4c001219fd-4c001219fe__20260130_081247/scenario_tx-15s_rot-1min.csv', 'n_segments': 221, 'gt_adv_mac_count': 130, 'n_clusters': 6, 'n_ranked': 6, 'strict_confirmed': True, 'confirmed_any': True, 'density_min': 1.0, 'block_start': 3000.0, 'block_end': 6600.0}, {'src_file': 'controlled/HtoW/scenarios_Home_to_work__adv3_apple0_google0_samsung0_tile0__advtag-4c001219fc-4c001219fd-4c001219fe__20260130_081247/scenario_tx-15s_rot-1min.csv', 'n_segments': 111, 'gt_adv_mac_count': 35, 'n_clusters': 6, 'n_ranked': 6, 'strict_confirmed': False, 'confirmed_any': False, 'density_min': 1.0, 'block_start': 6000.0, 'block_end': 9600.0}]"
controlled/HtoW/scenarios_Home_to_work__adv3_apple0_google0_samsung0_tile0__advtag-4c001219fc-4c001219fd-4c001219fe__20260130_081247/scenario_tx-15s_rot-5min.csv,True,3600.0,3000.0,3,1800.0,True,True,True,2,61,0.0,9600.0,"[{'src_file': 'controlled/HtoW/scenarios_Home_to_work__adv3_apple0_google0_samsung0_tile0__advtag-4c001219fc-4c001219fd-4c001219fe__20260130_081247/scenario_tx-15s_rot-5min.csv', 'n_segments': 82, 'gt_adv_mac_count': 32, 'n_clusters': 4, 'n_ranked': 4, 'strict_confirmed': True, 'confirmed_any': True, 'density_min': 1.0, 'block_start': 0.0, 'block_end': 3600.0}, {'src_file': 'controlled/HtoW/scenarios_Home_to_work__adv3_apple0_google0_samsung0_tile0__advtag-4c001219fc-4c001219fd-4c001219fe__20260130_081247/scenario_tx-15s_rot-5min.csv', 'n_segments': 163, 'gt_adv_mac_count': 34, 'n_clusters': 6, 'n_ranked': 6, 'strict_confirmed': True, 'confirmed_any': True, 'density_min': 1.0, 'block_start': 3000.0, 'block_end': 6600.0}, {'src_file': 'controlled/HtoW/scenarios_Home_to_work__adv3_apple0_google0_samsung0_tile0__advtag-4c001219fc-4c001219fd-4c001219fe__20260130_081247/scenario_tx-15s_rot-5min.csv', 'n_segments': 95, 'gt_adv_mac_count': 9, 'n_clusters': 6, 'n_ranked': 6, 'strict_confirmed': False, 'confirmed_any': False, 'density_min': 1.0, 'block_start': 6000.0, 'block_end': 9600.0}]"
controlled/HtoW/scenarios_Home_to_work__adv3_apple0_google0_samsung0_tile0__advtag-4c001219fc-4c001219fd-4c001219fe__20260130_081247/scenario_tx-1min_rot-5min.csv,True,3600.0,3000.0,3,1800.0,True,True,True,2,59,0.0,9600.0,"[{'src_file': 'controlled/HtoW/scenarios_Home_to_work__adv3_apple0_google0_samsung0_tile0__advtag-4c001219fc-4c001219fd-4c001219fe__20260130_081247/scenario_tx-1min_rot-5min.csv', 'n_segments': 85, 'gt_adv_mac_count': 30, 'n_clusters': 3, 'n_ranked': 3, 'strict_confirmed': True, 'confirmed_any': True, 'density_min': 1.0, 'block_start': 0.0, 'block_end': 3600.0}, {'src_file': 'controlled/HtoW/scenarios_Home_to_work__adv3_apple0_google0_samsung0_tile0__advtag-4c001219fc-4c001219fd-4c001219fe__20260130_081247/scenario_tx-1min_rot-5min.csv', 'n_segments': 165, 'gt_adv_mac_count': 36, 'n_clusters': 6, 'n_ranked': 6, 'strict_confirmed': True, 'confirmed_any': True, 'density_min': 1.0, 'block_start': 3000.0, 'block_end': 6600.0}, {'src_file': 'controlled/HtoW/scenarios_Home_to_work__adv3_apple0_google0_samsung0_tile0__advtag-4c001219fc-4c001219fd-4c001219fe__20260130_081247/scenario_tx-1min_rot-5min.csv', 'n_segments': 95, 'gt_adv_mac_count': 9, 'n_clusters': 6, 'n_ranked': 6, 'strict_confirmed': False, 'confirmed_any': False, 'density_min': 1.0, 'block_start': 6000.0, 'block_end': 9600.0}]"
controlled/HtoW/scenarios_Home_to_work__adv2_apple0_google0_samsung0_tile0__advtag-4c001219fc-4c001219fd__20260130_081221/scenario_tx-2s_rot-2s.csv,True,3600.0,3000.0,3,1800.0,True,True,True,2,198,0.0,9600.0,"[{'src_file': 'controlled/HtoW/scenarios_Home_to_work__adv2_apple0_google0_samsung0_tile0__advtag-4c001219fc-4c001219fd__20260130_081221/scenario_tx-2s_rot-2s.csv', 'n_segments': 199, 'gt_adv_mac_count': 198, 'n_clusters': 3, 'n_ranked': 3, 'strict_confirmed': True, 'confirmed_any': True, 'density_min': 1.0, 'block_start': 0.0, 'block_end': 3600.0}, {'src_file': 'controlled/HtoW/scenarios_Home_to_work__adv2_apple0_google0_samsung0_tile0__advtag-4c001219fc-4c001219fd__20260130_081221/scenario_tx-2s_rot-2s.csv', 'n_segments': 369, 'gt_adv_mac_count': 198, 'n_clusters': 7, 'n_ranked': 7, 'strict_confirmed': True, 'confirmed_any': True, 'density_min': 1.0, 'block_start': 3000.0, 'block_end': 6600.0}, {'src_file': 'controlled/HtoW/scenarios_Home_to_work__adv2_apple0_google0_samsung0_tile0__advtag-4c001219fc-4c001219fd__20260130_081221/scenario_tx-2s_rot-2s.csv', 'n_segments': 182, 'gt_adv_mac_count': 165, 'n_clusters': 6, 'n_ranked': 6, 'strict_confirmed': False, 'confirmed_any': False, 'density_min': 1.0, 'block_start': 6000.0, 'block_end': 9600.0}]"
controlled/HtoW/scenarios_Home_to_work__adv3_apple0_google0_samsung0_tile0__advtag-4c001219fc-4c001219fd-4c001219fe__20260130_081247/scenario_tx-10s_rot-10s.csv,True,3600.0,3000.0,3,1800.0,True,True,True,2,198,0.0,9600.0,"[{'src_file': 'controlled/HtoW/scenarios_Home_to_work__adv3_apple0_google0_samsung0_tile0__advtag-4c001219fc-4c001219fd-4c001219fe__20260130_081247/scenario_tx-10s_rot-10s.csv', 'n_segments': 199, 'gt_adv_mac_count': 198, 'n_clusters': 3, 'n_ranked': 3, 'strict_confirmed': False, 'confirmed_any': False, 'density_min': 1.0, 'block_start': 0.0, 'block_end': 3600.0}, {'src_file': 'controlled/HtoW/scenarios_Home_to_work__adv3_apple0_google0_samsung0_tile0__advtag-4c001219fc-4c001219fd-4c001219fe__20260130_081247/scenario_tx-10s_rot-10s.csv', 'n_segments': 320, 'gt_adv_mac_count': 198, 'n_clusters': 6, 'n_ranked': 6, 'strict_confirmed': True, 'confirmed_any': True, 'density_min': 1.0, 'block_start': 3000.0, 'block_end': 6600.0}, {'src_file': 'controlled/HtoW/scenarios_Home_to_work__adv3_apple0_google0_samsung0_tile0__advtag-4c001219fc-4c001219fd-4c001219fe__20260130_081247/scenario_tx-10s_rot-10s.csv', 'n_segments': 155, 'gt_adv_mac_count': 114, 'n_clusters': 6, 'n_ranked': 6, 'strict_confirmed': False, 'confirmed_any': False, 'density_min': 1.0, 'block_start': 6000.0, 'block_end': 9600.0}]"
controlled/HtoW/scenarios_Home_to_work__adv3_apple0_google0_samsung0_tile0__advtag-4c001219fc-4c001219fd-4c001219fe__20260130_081247/scenario_tx-10s_rot-30s.csv,True,3600.0,3000.0,3,1800.0,True,True,True,2,198,0.0,9600.0,"[{'src_file': 'controlled/HtoW/scenarios_Home_to_work__adv3_apple0_google0_samsung0_tile0__advtag-4c001219fc-4c001219fd-4c001219fe__20260130_081247/scenario_tx-10s_rot-30s.csv', 'n_segments': 184, 'gt_adv_mac_count': 172, 'n_clusters': 3, 'n_ranked': 3, 'strict_confirmed': True, 'confirmed_any': True, 'density_min': 1.0, 'block_start': 0.0, 'block_end': 3600.0}, {'src_file': 'controlled/HtoW/scenarios_Home_to_work__adv3_apple0_google0_samsung0_tile0__advtag-4c001219fc-4c001219fd-4c001219fe__20260130_081247/scenario_tx-10s_rot-30s.csv', 'n_segments': 262, 'gt_adv_mac_count': 185, 'n_clusters': 6, 'n_ranked': 6, 'strict_confirmed': True, 'confirmed_any': True, 'density_min': 1.0, 'block_start': 3000.0, 'block_end': 6600.0}, {'src_file': 'controlled/HtoW/scenarios_Home_to_work__adv3_apple0_google0_samsung0_tile0__advtag-4c001219fc-4c001219fd-4c001219fe__20260130_081247/scenario_tx-10s_rot-30s.csv', 'n_segments': 129, 'gt_adv_mac_count': 67, 'n_clusters': 6, 'n_ranked': 6, 'strict_confirmed': False, 'confirmed_any': False, 'density_min': 1.0, 'block_start': 6000.0, 'block_end': 9600.0}]"
controlled/HtoW/scenarios_Home_to_work__adv3_apple0_google0_samsung0_tile0__advtag-4c001219fc-4c001219fd-4c001219fe__20260130_081247/scenario_tx-15s_rot-30s.csv,True,3600.0,3000.0,3,1800.0,True,True,True,2,198,0.0,9600.0,"[{'src_file': 'controlled/HtoW/scenarios_Home_to_work__adv3_apple0_google0_samsung0_tile0__advtag-4c001219fc-4c001219fd-4c001219fe__20260130_081247/scenario_tx-15s_rot-30s.csv', 'n_segments': 178, 'gt_adv_mac_count': 169, 'n_clusters': 3, 'n_ranked': 3, 'strict_confirmed': True, 'confirmed_any': True, 'density_min': 1.0, 'block_start': 0.0, 'block_end': 3600.0}, {'src_file': 'controlled/HtoW/scenarios_Home_to_work__adv3_apple0_google0_samsung0_tile0__advtag-4c001219fc-4c001219fd-4c001219fe__20260130_081247/scenario_tx-15s_rot-30s.csv', 'n_segments': 267, 'gt_adv_mac_count': 188, 'n_clusters': 6, 'n_ranked': 6, 'strict_confirmed': True, 'confirmed_any': True, 'density_min': 1.0, 'block_start': 3000.0, 'block_end': 6600.0}, {'src_file': 'controlled/HtoW/scenarios_Home_to_work__adv3_apple0_google0_samsung0_tile0__advtag-4c001219fc-4c001219fd-4c001219fe__20260130_081247/scenario_tx-15s_rot-30s.csv', 'n_segments': 125, 'gt_adv_mac_count': 66, 'n_clusters': 6, 'n_ranked': 6, 'strict_confirmed': False, 'confirmed_any': False, 'density_min': 1.0, 'block_start': 6000.0, 'block_end': 9600.0}]"
controlled/HtoW/scenarios_Home_to_work__adv3_apple0_google0_samsung0_tile0__advtag-4c001219fc-4c001219fd-4c001219fe__20260130_081247/scenario_tx-1min_rot-1min.csv,True,3600.0,3000.0,3,1800.0,True,True,True,2,175,0.0,9600.0,"[{'src_file': 'controlled/HtoW/scenarios_Home_to_work__adv3_apple0_google0_samsung0_tile0__advtag-4c001219fc-4c001219fd-4c001219fe__20260130_081247/scenario_tx-1min_rot-1min.csv', 'n_segments': 137, 'gt_adv_mac_count': 115, 'n_clusters': 3, 'n_ranked': 3, 'strict_confirmed': True, 'confirmed_any': True, 'density_min': 1.0, 'block_start': 0.0, 'block_end': 3600.0}, {'src_file': 'controlled/HtoW/scenarios_Home_to_work__adv3_apple0_google0_samsung0_tile0__advtag-4c001219fc-4c001219fd-4c001219fe__20260130_081247/scenario_tx-1min_rot-1min.csv', 'n_segments': 213, 'gt_adv_mac_count': 129, 'n_clusters': 6, 'n_ranked': 6, 'strict_confirmed': True, 'confirmed_any': True, 'density_min': 1.0, 'block_start': 3000.0, 'block_end': 6600.0}, {'src_file': 'controlled/HtoW/scenarios_Home_to_work__adv3_apple0_google0_samsung0_tile0__advtag-4c001219fc-4c001219fd-4c001219fe__20260130_081247/scenario_tx-1min_rot-1min.csv', 'n_segments': 110, 'gt_adv_mac_count': 35, 'n_clusters': 6, 'n_ranked': 6, 'strict_confirmed': False, 'confirmed_any': False, 'density_min': 1.0, 'block_start': 6000.0, 'block_end': 9600.0}]"
controlled/HtoW/scenarios_Home_to_work__adv3_apple0_google0_samsung0_tile0__advtag-4c001219fc-4c001219fd-4c001219fe__20260130_081247/scenario_tx-2s_rot-15min.csv,True,3600.0,3000.0,3,1800.0,True,True,True,2,22,0.0,9600.0,"[{'src_file': 'controlled/HtoW/scenarios_Home_to_work__adv3_apple0_google0_samsung0_tile0__advtag-4c001219fc-4c001219fd-4c001219fe__20260130_081247/scenario_tx-2s_rot-15min.csv', 'n_segments': 67, 'gt_adv_mac_count': 11, 'n_clusters': 3, 'n_ranked': 3, 'strict_confirmed': True, 'confirmed_any': True, 'density_min': 1.0, 'block_start': 0.0, 'block_end': 3600.0}, {'src_file': 'controlled/HtoW/scenarios_Home_to_work__adv3_apple0_google0_samsung0_tile0__advtag-4c001219fc-4c001219fd-4c001219fe__20260130_081247/scenario_tx-2s_rot-15min.csv', 'n_segments': 152, 'gt_adv_mac_count': 15, 'n_clusters': 6, 'n_ranked': 6, 'strict_confirmed': True, 'confirmed_any': True, 'density_min': 1.0, 'block_start': 3000.0, 'block_end': 6600.0}, {'src_file': 'controlled/HtoW/scenarios_Home_to_work__adv3_apple0_google0_samsung0_tile0__advtag-4c001219fc-4c001219fd-4c001219fe__20260130_081247/scenario_tx-2s_rot-15min.csv', 'n_segments': 93, 'gt_adv_mac_count': 6, 'n_clusters': 6, 'n_ranked': 6, 'strict_confirmed': False, 'confirmed_any': False, 'density_min': 1.0, 'block_start': 6000.0, 'block_end': 9600.0}]"
controlled/HtoW/scenarios_Home_to_work__adv3_apple0_google0_samsung0_tile0__advtag-4c001219fc-4c001219fd-4c001219fe__20260130_081247/scenario_tx-2s_rot-10s.csv,True,3600.0,3000.0,3,1800.0,True,True,True,2,198,0.0,9600.0,"[{'src_file': 'controlled/HtoW/scenarios_Home_to_work__adv3_apple0_google0_samsung0_tile0__advtag-4c001219fc-4c001219fd-4c001219fe__20260130_081247/scenario_tx-2s_rot-10s.csv', 'n_segments': 199, 'gt_adv_mac_count': 198, 'n_clusters': 3, 'n_ranked': 3, 'strict_confirmed': True, 'confirmed_any': True, 'density_min': 1.0, 'block_start': 0.0, 'block_end': 3600.0}, {'src_file': 'controlled/HtoW/scenarios_Home_to_work__adv3_apple0_google0_samsung0_tile0__advtag-4c001219fc-4c001219fd-4c001219fe__20260130_081247/scenario_tx-2s_rot-10s.csv', 'n_segments': 333, 'gt_adv_mac_count': 198, 'n_clusters': 6, 'n_ranked': 6, 'strict_confirmed': True, 'confirmed_any': True, 'density_min': 1.0, 'block_start': 3000.0, 'block_end': 6600.0}, {'src_file': 'controlled/HtoW/scenarios_Home_to_work__adv3_apple0_google0_samsung0_tile0__advtag-4c001219fc-4c001219fd-4c001219fe__20260130_081247/scenario_tx-2s_rot-10s.csv', 'n_segments': 164, 'gt_adv_mac_count': 139, 'n_clusters': 6, 'n_ranked': 6, 'strict_confirmed': False, 'confirmed_any': False, 'density_min': 1.0, 'block_start': 6000.0, 'block_end': 9600.0}]"
controlled/HtoW/scenarios_Home_to_work__adv3_apple0_google0_samsung0_tile0__advtag-4c001219fc-4c001219fd-4c001219fe__20260130_081247/scenario_tx-30s_rot-15min.csv,True,3600.0,3000.0,3,1800.0,True,True,True,2,23,0.0,9600.0,"[{'src_file': 'controlled/HtoW/scenarios_Home_to_work__adv3_apple0_google0_samsung0_tile0__advtag-4c001219fc-4c001219fd-4c001219fe__20260130_081247/scenario_tx-30s_rot-15min.csv', 'n_segments': 66, 'gt_adv_mac_count': 11, 'n_clusters': 3, 'n_ranked': 3, 'strict_confirmed': True, 'confirmed_any': True, 'density_min': 1.0, 'block_start': 0.0, 'block_end': 3600.0}, {'src_file': 'controlled/HtoW/scenarios_Home_to_work__adv3_apple0_google0_samsung0_tile0__advtag-4c001219fc-4c001219fd-4c001219fe__20260130_081247/scenario_tx-30s_rot-15min.csv', 'n_segments': 155, 'gt_adv_mac_count': 15, 'n_clusters': 6, 'n_ranked': 6, 'strict_confirmed': True, 'confirmed_any': True, 'density_min': 1.0, 'block_start': 3000.0, 'block_end': 6600.0}, {'src_file': 'controlled/HtoW/scenarios_Home_to_work__adv3_apple0_google0_samsung0_tile0__advtag-4c001219fc-4c001219fd-4c001219fe__20260130_081247/scenario_tx-30s_rot-15min.csv', 'n_segments': 93, 'gt_adv_mac_count': 6, 'n_clusters': 6, 'n_ranked': 6, 'strict_confirmed': False, 'confirmed_any': False, 'density_min': 1.0, 'block_start': 6000.0, 'block_end': 9600.0}]"
controlled/HtoW/scenarios_Home_to_work__adv3_apple0_google0_samsung0_tile0__advtag-4c001219fc-4c001219fd-4c001219fe__20260130_081247/scenario_tx-30s_rot-5min.csv,True,3600.0,3000.0,3,1800.0,True,True,True,2,60,0.0,9600.0,"[{'src_file': 'controlled/HtoW/scenarios_Home_to_work__adv3_apple0_google0_samsung0_tile0__advtag-4c001219fc-4c001219fd-4c001219fe__20260130_081247/scenario_tx-30s_rot-5min.csv', 'n_segments': 84, 'gt_adv_mac_count': 32, 'n_clusters': 3, 'n_ranked': 3, 'strict_confirmed': True, 'confirmed_any': True, 'density_min': 1.0, 'block_start': 0.0, 'block_end': 3600.0}, {'src_file': 'controlled/HtoW/scenarios_Home_to_work__adv3_apple0_google0_samsung0_tile0__advtag-4c001219fc-4c001219fd-4c001219fe__20260130_081247/scenario_tx-30s_rot-5min.csv', 'n_segments': 165, 'gt_adv_mac_count': 33, 'n_clusters': 6, 'n_ranked': 6, 'strict_confirmed': True, 'confirmed_any': True, 'density_min': 1.0, 'block_start': 3000.0, 'block_end': 6600.0}, {'src_file': 'controlled/HtoW/scenarios_Home_to_work__adv3_apple0_google0_samsung0_tile0__advtag-4c001219fc-4c001219fd-4c001219fe__20260130_081247/scenario_tx-30s_rot-5min.csv', 'n_segments': 95, 'gt_adv_mac_count': 9, 'n_clusters': 6, 'n_ranked': 6, 'strict_confirmed': False, 'confirmed_any': False, 'density_min': 1.0, 'block_start': 6000.0, 'block_end': 9600.0}]"
controlled/HtoW/scenarios_Home_to_work__adv3_apple0_google0_samsung0_tile0__advtag-4c001219fc-4c001219fd-4c001219fe__20260130_081247/scenario_tx-2s_rot-1min.csv,True,3600.0,3000.0,3,1800.0,True,True,True,2,176,0.0,9600.0,"[{'src_file': 'controlled/HtoW/scenarios_Home_to_work__adv3_apple0_google0_samsung0_tile0__advtag-4c001219fc-4c001219fd-4c001219fe__20260130_081247/scenario_tx-2s_rot-1min.csv', 'n_segments': 142, 'gt_adv_mac_count': 119, 'n_clusters': 6, 'n_ranked': 6, 'strict_confirmed': True, 'confirmed_any': True, 'density_min': 1.0, 'block_start': 0.0, 'block_end': 3600.0}, {'src_file': 'controlled/HtoW/scenarios_Home_to_work__adv3_apple0_google0_samsung0_tile0__advtag-4c001219fc-4c001219fd-4c001219fe__20260130_081247/scenario_tx-2s_rot-1min.csv', 'n_segments': 218, 'gt_adv_mac_count': 128, 'n_clusters': 7, 'n_ranked': 7, 'strict_confirmed': True, 'confirmed_any': True, 'density_min': 1.0, 'block_start': 3000.0, 'block_end': 6600.0}, {'src_file': 'controlled/HtoW/scenarios_Home_to_work__adv3_apple0_google0_samsung0_tile0__advtag-4c001219fc-4c001219fd-4c001219fe__20260130_081247/scenario_tx-2s_rot-1min.csv', 'n_segments': 110, 'gt_adv_mac_count': 37, 'n_clusters': 6, 'n_ranked': 6, 'strict_confirmed': False, 'confirmed_any': False, 'density_min': 1.0, 'block_start': 6000.0, 'block_end': 9600.0}]"
controlled/HtoW/scenarios_Home_to_work__adv3_apple0_google0_samsung0_tile0__advtag-4c001219fc-4c001219fd-4c001219fe__20260130_081247/scenario_tx-2s_rot-5min.csv,True,3600.0,3000.0,3,1800.0,True,True,True,2,59,0.0,9600.0,"[{'src_file': 'controlled/HtoW/scenarios_Home_to_work__adv3_apple0_google0_samsung0_tile0__advtag-4c001219fc-4c001219fd-4c001219fe__20260130_081247/scenario_tx-2s_rot-5min.csv', 'n_segments': 85, 'gt_adv_mac_count': 30, 'n_clusters': 3, 'n_ranked': 3, 'strict_confirmed': True, 'confirmed_any': True, 'density_min': 1.0, 'block_start': 0.0, 'block_end': 3600.0}, {'src_file': 'controlled/HtoW/scenarios_Home_to_work__adv3_apple0_google0_samsung0_tile0__advtag-4c001219fc-4c001219fd-4c001219fe__20260130_081247/scenario_tx-2s_rot-5min.csv', 'n_segments': 160, 'gt_adv_mac_count': 33, 'n_clusters': 6, 'n_ranked': 6, 'strict_confirmed': True, 'confirmed_any': True, 'density_min': 1.0, 'block_start': 3000.0, 'block_end': 6600.0}, {'src_file': 'controlled/HtoW/scenarios_Home_to_work__adv3_apple0_google0_samsung0_tile0__advtag-4c001219fc-4c001219fd-4c001219fe__20260130_081247/scenario_tx-2s_rot-5min.csv', 'n_segments': 92, 'gt_adv_mac_count': 9, 'n_clusters': 6, 'n_ranked': 6, 'strict_confirmed': False, 'confirmed_any': False, 'density_min': 1.0, 'block_start': 6000.0, 'block_end': 9600.0}]"
controlled/HtoW/scenarios_Home_to_work__adv3_apple0_google0_samsung0_tile0__advtag-4c001219fc-4c001219fd-4c001219fe__20260130_081247/scenario_tx-2s_rot-2s.csv,True,3600.0,3000.0,3,1800.0,True,True,True,2,198,0.0,9600.0,"[{'src_file': 'controlled/HtoW/scenarios_Home_to_work__adv3_apple0_google0_samsung0_tile0__advtag-4c001219fc-4c001219fd-4c001219fe__20260130_081247/scenario_tx-2s_rot-2s.csv', 'n_segments': 199, 'gt_adv_mac_count': 198, 'n_clusters': 3, 'n_ranked': 3, 'strict_confirmed': True, 'confirmed_any': True, 'density_min': 1.0, 'block_start': 0.0, 'block_end': 3600.0}, {'src_file': 'controlled/HtoW/scenarios_Home_to_work__adv3_apple0_google0_samsung0_tile0__advtag-4c001219fc-4c001219fd-4c001219fe__20260130_081247/scenario_tx-2s_rot-2s.csv', 'n_segments': 391, 'gt_adv_mac_count': 198, 'n_clusters': 8, 'n_ranked': 8, 'strict_confirmed': True, 'confirmed_any': True, 'density_min': 1.0, 'block_start': 3000.0, 'block_end': 6600.0}, {'src_file': 'controlled/HtoW/scenarios_Home_to_work__adv3_apple0_google0_samsung0_tile0__advtag-4c001219fc-4c001219fd-4c001219fe__20260130_081247/scenario_tx-2s_rot-2s.csv', 'n_segments': 197, 'gt_adv_mac_count': 186, 'n_clusters': 7, 'n_ranked': 7, 'strict_confirmed': False, 'confirmed_any': False, 'density_min': 1.0, 'block_start': 6000.0, 'block_end': 9600.0}]"
controlled/HtoW/scenarios_Home_to_work__adv4_apple0_google0_samsung0_tile0__advtag-4c001219fc-4c001219fd-4c001219fe-4c001219ff__20260130_081310/scenario_tx-10s_rot-15min.csv,True,3600.0,3000.0,3,1800.0,True,True,True,2,32,0.0,9600.0,"[{'src_file': 'controlled/HtoW/scenarios_Home_to_work__adv4_apple0_google0_samsung0_tile0__advtag-4c001219fc-4c001219fd-4c001219fe-4c001219ff__20260130_081310/scenario_tx-10s_rot-15min.csv', 'n_segments': 70, 'gt_adv_mac_count': 16, 'n_clusters': 3, 'n_ranked': 3, 'strict_confirmed': True, 'confirmed_any': True, 'density_min': 1.0, 'block_start': 0.0, 'block_end': 3600.0}, {'src_file': 'controlled/HtoW/scenarios_Home_to_work__adv4_apple0_google0_samsung0_tile0__advtag-4c001219fc-4c001219fd-4c001219fe-4c001219ff__20260130_081310/scenario_tx-10s_rot-15min.csv', 'n_segments': 158, 'gt_adv_mac_count': 20, 'n_clusters': 6, 'n_ranked': 6, 'strict_confirmed': True, 'confirmed_any': True, 'density_min': 1.0, 'block_start': 3000.0, 'block_end': 6600.0}, {'src_file': 'controlled/HtoW/scenarios_Home_to_work__adv4_apple0_google0_samsung0_tile0__advtag-4c001219fc-4c001219fd-4c001219fe-4c001219ff__20260130_081310/scenario_tx-10s_rot-15min.csv', 'n_segments': 93, 'gt_adv_mac_count': 8, 'n_clusters': 6, 'n_ranked': 6, 'strict_confirmed': False, 'confirmed_any': False, 'density_min': 1.0, 'block_start': 6000.0, 'block_end': 9600.0}]"
controlled/HtoW/scenarios_Home_to_work__adv3_apple0_google0_samsung0_tile0__advtag-4c001219fc-4c001219fd-4c001219fe__20260130_081247/scenario_tx-2s_rot-30s.csv,True,3600.0,3000.0,3,1800.0,True,True,True,2,198,0.0,9600.0,"[{'src_file': 'controlled/HtoW/scenarios_Home_to_work__adv3_apple0_google0_samsung0_tile0__advtag-4c001219fc-4c001219fd-4c001219fe__20260130_081247/scenario_tx-2s_rot-30s.csv', 'n_segments': 182, 'gt_adv_mac_count': 175, 'n_clusters': 3, 'n_ranked': 3, 'strict_confirmed': True, 'confirmed_any': True, 'density_min': 1.0, 'block_start': 0.0, 'block_end': 3600.0}, {'src_file': 'controlled/HtoW/scenarios_Home_to_work__adv3_apple0_google0_samsung0_tile0__advtag-4c001219fc-4c001219fd-4c001219fe__20260130_081247/scenario_tx-2s_rot-30s.csv', 'n_segments': 265, 'gt_adv_mac_count': 185, 'n_clusters': 6, 'n_ranked': 6, 'strict_confirmed': True, 'confirmed_any': True, 'density_min': 1.0, 'block_start': 3000.0, 'block_end': 6600.0}, {'src_file': 'controlled/HtoW/scenarios_Home_to_work__adv3_apple0_google0_samsung0_tile0__advtag-4c001219fc-4c001219fd-4c001219fe__20260130_081247/scenario_tx-2s_rot-30s.csv', 'n_segments': 125, 'gt_adv_mac_count': 68, 'n_clusters': 8, 'n_ranked': 8, 'strict_confirmed': False, 'confirmed_any': False, 'density_min': 1.0, 'block_start': 6000.0, 'block_end': 9600.0}]"
controlled/HtoW/scenarios_Home_to_work__adv4_apple0_google0_samsung0_tile0__advtag-4c001219fc-4c001219fd-4c001219fe-4c001219ff__20260130_081310/scenario_tx-15s_rot-15min.csv,True,3600.0,3000.0,3,1800.0,True,True,True,2,31,0.0,9600.0,"[{'src_file': 'controlled/HtoW/scenarios_Home_to_work__adv4_apple0_google0_samsung0_tile0__advtag-4c001219fc-4c001219fd-4c001219fe-4c001219ff__20260130_081310/scenario_tx-15s_rot-15min.csv', 'n_segments': 70, 'gt_adv_mac_count': 15, 'n_clusters': 3, 'n_ranked': 3, 'strict_confirmed': True, 'confirmed_any': True, 'density_min': 1.0, 'block_start': 0.0, 'block_end': 3600.0}, {'src_file': 'controlled/HtoW/scenarios_Home_to_work__adv4_apple0_google0_samsung0_tile0__advtag-4c001219fc-4c001219fd-4c001219fe-4c001219ff__20260130_081310/scenario_tx-15s_rot-15min.csv', 'n_segments': 157, 'gt_adv_mac_count': 20, 'n_clusters': 6, 'n_ranked': 6, 'strict_confirmed': True, 'confirmed_any': True, 'density_min': 1.0, 'block_start': 3000.0, 'block_end': 6600.0}, {'src_file': 'controlled/HtoW/scenarios_Home_to_work__adv4_apple0_google0_samsung0_tile0__advtag-4c001219fc-4c001219fd-4c001219fe-4c001219ff__20260130_081310/scenario_tx-15s_rot-15min.csv', 'n_segments': 94, 'gt_adv_mac_count': 8, 'n_clusters': 6, 'n_ranked': 6, 'strict_confirmed': False, 'confirmed_any': False, 'density_min': 1.0, 'block_start': 6000.0, 'block_end': 9600.0}]"
controlled/HtoW/scenarios_Home_to_work__adv4_apple0_google0_samsung0_tile0__advtag-4c001219fc-4c001219fd-4c001219fe-4c001219ff__20260130_081310/scenario_tx-10s_rot-5min.csv,True,3600.0,3000.0,3,1800.0,True,True,True,2,74,0.0,9600.0,"[{'src_file': 'controlled/HtoW/scenarios_Home_to_work__adv4_apple0_google0_samsung0_tile0__advtag-4c001219fc-4c001219fd-4c001219fe-4c001219ff__20260130_081310/scenario_tx-10s_rot-5min.csv', 'n_segments': 89, 'gt_adv_mac_count': 38, 'n_clusters': 5, 'n_ranked': 5, 'strict_confirmed': True, 'confirmed_any': True, 'density_min': 1.0, 'block_start': 0.0, 'block_end': 3600.0}, {'src_file': 'controlled/HtoW/scenarios_Home_to_work__adv4_apple0_google0_samsung0_tile0__advtag-4c001219fc-4c001219fd-4c001219fe-4c001219ff__20260130_081310/scenario_tx-10s_rot-5min.csv', 'n_segments': 164, 'gt_adv_mac_count': 44, 'n_clusters': 6, 'n_ranked': 6, 'strict_confirmed': True, 'confirmed_any': True, 'density_min': 1.0, 'block_start': 3000.0, 'block_end': 6600.0}, {'src_file': 'controlled/HtoW/scenarios_Home_to_work__adv4_apple0_google0_samsung0_tile0__advtag-4c001219fc-4c001219fd-4c001219fe-4c001219ff__20260130_081310/scenario_tx-10s_rot-5min.csv', 'n_segments': 98, 'gt_adv_mac_count': 12, 'n_clusters': 6, 'n_ranked': 6, 'strict_confirmed': False, 'confirmed_any': False, 'density_min': 1.0, 'block_start': 6000.0, 'block_end': 9600.0}]"
controlled/HtoW/scenarios_Home_to_work__adv4_apple0_google0_samsung0_tile0__advtag-4c001219fc-4c001219fd-4c001219fe-4c001219ff__20260130_081310/scenario_tx-15s_rot-5min.csv,True,3600.0,3000.0,3,1800.0,True,True,True,2,79,0.0,9600.0,"[{'src_file': 'controlled/HtoW/scenarios_Home_to_work__adv4_apple0_google0_samsung0_tile0__advtag-4c001219fc-4c001219fd-4c001219fe-4c001219ff__20260130_081310/scenario_tx-15s_rot-5min.csv', 'n_segments': 92, 'gt_adv_mac_count': 41, 'n_clusters': 7, 'n_ranked': 7, 'strict_confirmed': True, 'confirmed_any': True, 'density_min': 1.0, 'block_start': 0.0, 'block_end': 3600.0}, {'src_file': 'controlled/HtoW/scenarios_Home_to_work__adv4_apple0_google0_samsung0_tile0__advtag-4c001219fc-4c001219fd-4c001219fe-4c001219ff__20260130_081310/scenario_tx-15s_rot-5min.csv', 'n_segments': 169, 'gt_adv_mac_count': 46, 'n_clusters': 6, 'n_ranked': 6, 'strict_confirmed': True, 'confirmed_any': True, 'density_min': 1.0, 'block_start': 3000.0, 'block_end': 6600.0}, {'src_file': 'controlled/HtoW/scenarios_Home_to_work__adv4_apple0_google0_samsung0_tile0__advtag-4c001219fc-4c001219fd-4c001219fe-4c001219ff__20260130_081310/scenario_tx-15s_rot-5min.csv', 'n_segments': 97, 'gt_adv_mac_count': 12, 'n_clusters': 6, 'n_ranked': 6, 'strict_confirmed': False, 'confirmed_any': False, 'density_min': 1.0, 'block_start': 6000.0, 'block_end': 9600.0}]"
controlled/HtoW/scenarios_Home_to_work__adv3_apple0_google0_samsung0_tile0__advtag-4c001219fc-4c001219fd-4c001219fe__20260130_081247/scenario_tx-30s_rot-30s.csv,True,3600.0,3000.0,3,1800.0,True,True,True,2,198,0.0,9600.0,"[{'src_file': 'controlled/HtoW/scenarios_Home_to_work__adv3_apple0_google0_samsung0_tile0__advtag-4c001219fc-4c001219fd-4c001219fe__20260130_081247/scenario_tx-30s_rot-30s.csv', 'n_segments': 174, 'gt_adv_mac_count': 162, 'n_clusters': 3, 'n_ranked': 3, 'strict_confirmed': True, 'confirmed_any': True, 'density_min': 1.0, 'block_start': 0.0, 'block_end': 3600.0}, {'src_file': 'controlled/HtoW/scenarios_Home_to_work__adv3_apple0_google0_samsung0_tile0__advtag-4c001219fc-4c001219fd-4c001219fe__20260130_081247/scenario_tx-30s_rot-30s.csv', 'n_segments': 256, 'gt_adv_mac_count': 179, 'n_clusters': 6, 'n_ranked': 6, 'strict_confirmed': True, 'confirmed_any': True, 'density_min': 1.0, 'block_start': 3000.0, 'block_end': 6600.0}, {'src_file': 'controlled/HtoW/scenarios_Home_to_work__adv3_apple0_google0_samsung0_tile0__advtag-4c001219fc-4c001219fd-4c001219fe__20260130_081247/scenario_tx-30s_rot-30s.csv', 'n_segments': 127, 'gt_adv_mac_count': 62, 'n_clusters': 6, 'n_ranked': 6, 'strict_confirmed': False, 'confirmed_any': False, 'density_min': 1.0, 'block_start': 6000.0, 'block_end': 9600.0}]"
controlled/HtoW/scenarios_Home_to_work__adv3_apple0_google0_samsung0_tile0__advtag-4c001219fc-4c001219fd-4c001219fe__20260130_081247/scenario_tx-30s_rot-1min.csv,True,3600.0,3000.0,3,1800.0,True,True,True,2,178,0.0,9600.0,"[{'src_file': 'controlled/HtoW/scenarios_Home_to_work__adv3_apple0_google0_samsung0_tile0__advtag-4c001219fc-4c001219fd-4c001219fe__20260130_081247/scenario_tx-30s_rot-1min.csv', 'n_segments': 144, 'gt_adv_mac_count': 120, 'n_clusters': 3, 'n_ranked': 3, 'strict_confirmed': True, 'confirmed_any': True, 'density_min': 1.0, 'block_start': 0.0, 'block_end': 3600.0}, {'src_file': 'controlled/HtoW/scenarios_Home_to_work__adv3_apple0_google0_samsung0_tile0__advtag-4c001219fc-4c001219fd-4c001219fe__20260130_081247/scenario_tx-30s_rot-1min.csv', 'n_segments': 222, 'gt_adv_mac_count': 138, 'n_clusters': 6, 'n_ranked': 6, 'strict_confirmed': True, 'confirmed_any': True, 'density_min': 1.0, 'block_start': 3000.0, 'block_end': 6600.0}, {'src_file': 'controlled/HtoW/scenarios_Home_to_work__adv3_apple0_google0_samsung0_tile0__advtag-4c001219fc-4c001219fd-4c001219fe__20260130_081247/scenario_tx-30s_rot-1min.csv', 'n_segments': 109, 'gt_adv_mac_count': 38, 'n_clusters': 6, 'n_ranked': 6, 'strict_confirmed': False, 'confirmed_any': False, 'density_min': 1.0, 'block_start': 6000.0, 'block_end': 9600.0}]"
controlled/HtoW/scenarios_Home_to_work__adv4_apple0_google0_samsung0_tile0__advtag-4c001219fc-4c001219fd-4c001219fe-4c001219ff__20260130_081310/scenario_tx-1min_rot-15min.csv,True,3600.0,3000.0,3,1800.0,True,True,True,2,29,0.0,9600.0,"[{'src_file': 'controlled/HtoW/scenarios_Home_to_work__adv4_apple0_google0_samsung0_tile0__advtag-4c001219fc-4c001219fd-4c001219fe-4c001219ff__20260130_081310/scenario_tx-1min_rot-15min.csv', 'n_segments': 71, 'gt_adv_mac_count': 16, 'n_clusters': 3, 'n_ranked': 3, 'strict_confirmed': True, 'confirmed_any': True, 'density_min': 1.0, 'block_start': 0.0, 'block_end': 3600.0}, {'src_file': 'controlled/HtoW/scenarios_Home_to_work__adv4_apple0_google0_samsung0_tile0__advtag-4c001219fc-4c001219fd-4c001219fe-4c001219ff__20260130_081310/scenario_tx-1min_rot-15min.csv', 'n_segments': 154, 'gt_adv_mac_count': 19, 'n_clusters': 6, 'n_ranked': 6, 'strict_confirmed': True, 'confirmed_any': True, 'density_min': 1.0, 'block_start': 3000.0, 'block_end': 6600.0}, {'src_file': 'controlled/HtoW/scenarios_Home_to_work__adv4_apple0_google0_samsung0_tile0__advtag-4c001219fc-4c001219fd-4c001219fe-4c001219ff__20260130_081310/scenario_tx-1min_rot-15min.csv', 'n_segments': 93, 'gt_adv_mac_count': 8, 'n_clusters': 6, 'n_ranked': 6, 'strict_confirmed': False, 'confirmed_any': False, 'density_min': 1.0, 'block_start': 6000.0, 'block_end': 9600.0}]"
controlled/HtoW/scenarios_Home_to_work__adv4_apple0_google0_samsung0_tile0__advtag-4c001219fc-4c001219fd-4c001219fe-4c001219ff__20260130_081310/scenario_tx-30s_rot-15min.csv,True,3600.0,3000.0,3,1800.0,True,True,True,2,29,0.0,9600.0,"[{'src_file': 'controlled/HtoW/scenarios_Home_to_work__adv4_apple0_google0_samsung0_tile0__advtag-4c001219fc-4c001219fd-4c001219fe-4c001219ff__20260130_081310/scenario_tx-30s_rot-15min.csv', 'n_segments': 74, 'gt_adv_mac_count': 16, 'n_clusters': 3, 'n_ranked': 3, 'strict_confirmed': True, 'confirmed_any': True, 'density_min': 1.0, 'block_start': 0.0, 'block_end': 3600.0}, {'src_file': 'controlled/HtoW/scenarios_Home_to_work__adv4_apple0_google0_samsung0_tile0__advtag-4c001219fc-4c001219fd-4c001219fe-4c001219ff__20260130_081310/scenario_tx-30s_rot-15min.csv', 'n_segments': 150, 'gt_adv_mac_count': 18, 'n_clusters': 6, 'n_ranked': 6, 'strict_confirmed': False, 'confirmed_any': False, 'density_min': 1.0, 'block_start': 3000.0, 'block_end': 6600.0}, {'src_file': 'controlled/HtoW/scenarios_Home_to_work__adv4_apple0_google0_samsung0_tile0__advtag-4c001219fc-4c001219fd-4c001219fe-4c001219ff__20260130_081310/scenario_tx-30s_rot-15min.csv', 'n_segments': 92, 'gt_adv_mac_count': 8, 'n_clusters': 6, 'n_ranked': 6, 'strict_confirmed': False, 'confirmed_any': False, 'density_min': 1.0, 'block_start': 6000.0, 'block_end': 9600.0}]"
controlled/HtoW/scenarios_Home_to_work__adv4_apple0_google0_samsung0_tile0__advtag-4c001219fc-4c001219fd-4c001219fe-4c001219ff__20260130_081310/scenario_tx-10s_rot-10s.csv,True,3600.0,3000.0,3,1800.0,True,True,True,2,198,0.0,9600.0,"[{'src_file': 'controlled/HtoW/scenarios_Home_to_work__adv4_apple0_google0_samsung0_tile0__advtag-4c001219fc-4c001219fd-4c001219fe-4c001219ff__20260130_081310/scenario_tx-10s_rot-10s.csv', 'n_segments': 199, 'gt_adv_mac_count': 198, 'n_clusters': 3, 'n_ranked': 3, 'strict_confirmed': True, 'confirmed_any': True, 'density_min': 1.0, 'block_start': 0.0, 'block_end': 3600.0}, {'src_file': 'controlled/HtoW/scenarios_Home_to_work__adv4_apple0_google0_samsung0_tile0__advtag-4c001219fc-4c001219fd-4c001219fe-4c001219ff__20260130_081310/scenario_tx-10s_rot-10s.csv', 'n_segments': 336, 'gt_adv_mac_count': 198, 'n_clusters': 6, 'n_ranked': 6, 'strict_confirmed': True, 'confirmed_any': True, 'density_min': 1.0, 'block_start': 3000.0, 'block_end': 6600.0}, {'src_file': 'controlled/HtoW/scenarios_Home_to_work__adv4_apple0_google0_samsung0_tile0__advtag-4c001219fc-4c001219fd-4c001219fe-4c001219ff__20260130_081310/scenario_tx-10s_rot-10s.csv', 'n_segments': 168, 'gt_adv_mac_count': 138, 'n_clusters': 6, 'n_ranked': 6, 'strict_confirmed': False, 'confirmed_any': False, 'density_min': 1.0, 'block_start': 6000.0, 'block_end': 9600.0}]"
controlled/HtoW/scenarios_Home_to_work__adv4_apple0_google0_samsung0_tile0__advtag-4c001219fc-4c001219fd-4c001219fe-4c001219ff__20260130_081310/scenario_tx-15s_rot-1min.csv,True,3600.0,3000.0,3,1800.0,True,True,True,2,186,0.0,9600.0,"[{'src_file': 'controlled/HtoW/scenarios_Home_to_work__adv4_apple0_google0_samsung0_tile0__advtag-4c001219fc-4c001219fd-4c001219fe-4c001219ff__20260130_081310/scenario_tx-15s_rot-1min.csv', 'n_segments': 159, 'gt_adv_mac_count': 134, 'n_clusters': 3, 'n_ranked': 3, 'strict_confirmed': True, 'confirmed_any': True, 'density_min': 1.0, 'block_start': 0.0, 'block_end': 3600.0}, {'src_file': 'controlled/HtoW/scenarios_Home_to_work__adv4_apple0_google0_samsung0_tile0__advtag-4c001219fc-4c001219fd-4c001219fe-4c001219ff__20260130_081310/scenario_tx-15s_rot-1min.csv', 'n_segments': 231, 'gt_adv_mac_count': 155, 'n_clusters': 6, 'n_ranked': 6, 'strict_confirmed': True, 'confirmed_any': True, 'density_min': 1.0, 'block_start': 3000.0, 'block_end': 6600.0}, {'src_file': 'controlled/HtoW/scenarios_Home_to_work__adv4_apple0_google0_samsung0_tile0__advtag-4c001219fc-4c001219fd-4c001219fe-4c001219ff__20260130_081310/scenario_tx-15s_rot-1min.csv', 'n_segments': 113, 'gt_adv_mac_count': 47, 'n_clusters': 6, 'n_ranked': 6, 'strict_confirmed': False, 'confirmed_any': False, 'density_min': 1.0, 'block_start': 6000.0, 'block_end': 9600.0}]"
controlled/HtoW/scenarios_Home_to_work__adv4_apple0_google0_samsung0_tile0__advtag-4c001219fc-4c001219fd-4c001219fe-4c001219ff__20260130_081310/scenario_tx-10s_rot-1min.csv,True,3600.0,3000.0,3,1800.0,True,True,True,2,192,0.0,9600.0,"[{'src_file': 'controlled/HtoW/scenarios_Home_to_work__adv4_apple0_google0_samsung0_tile0__advtag-4c001219fc-4c001219fd-4c001219fe-4c001219ff__20260130_081310/scenario_tx-10s_rot-1min.csv', 'n_segments': 161, 'gt_adv_mac_count': 147, 'n_clusters': 3, 'n_ranked': 3, 'strict_confirmed': True, 'confirmed_any': True, 'density_min': 1.0, 'block_start': 0.0, 'block_end': 3600.0}, {'src_file': 'controlled/HtoW/scenarios_Home_to_work__adv4_apple0_google0_samsung0_tile0__advtag-4c001219fc-4c001219fd-4c001219fe-4c001219ff__20260130_081310/scenario_tx-10s_rot-1min.csv', 'n_segments': 240, 'gt_adv_mac_count': 150, 'n_clusters': 6, 'n_ranked': 6, 'strict_confirmed': True, 'confirmed_any': True, 'density_min': 1.0, 'block_start': 3000.0, 'block_end': 6600.0}, {'src_file': 'controlled/HtoW/scenarios_Home_to_work__adv4_apple0_google0_samsung0_tile0__advtag-4c001219fc-4c001219fd-4c001219fe-4c001219ff__20260130_081310/scenario_tx-10s_rot-1min.csv', 'n_segments': 117, 'gt_adv_mac_count': 47, 'n_clusters': 6, 'n_ranked': 6, 'strict_confirmed': False, 'confirmed_any': False, 'density_min': 1.0, 'block_start': 6000.0, 'block_end': 9600.0}]"
controlled/HtoW/scenarios_Home_to_work__adv4_apple0_google0_samsung0_tile0__advtag-4c001219fc-4c001219fd-4c001219fe-4c001219ff__20260130_081310/scenario_tx-1min_rot-5min.csv,True,3600.0,3000.0,3,1800.0,True,True,True,2,72,0.0,9600.0,"[{'src_file': 'controlled/HtoW/scenarios_Home_to_work__adv4_apple0_google0_samsung0_tile0__advtag-4c001219fc-4c001219fd-4c001219fe-4c001219ff__20260130_081310/scenario_tx-1min_rot-5min.csv', 'n_segments': 93, 'gt_adv_mac_count': 40, 'n_clusters': 3, 'n_ranked': 3, 'strict_confirmed': True, 'confirmed_any': True, 'density_min': 1.0, 'block_start': 0.0, 'block_end': 3600.0}, {'src_file': 'controlled/HtoW/scenarios_Home_to_work__adv4_apple0_google0_samsung0_tile0__advtag-4c001219fc-4c001219fd-4c001219fe-4c001219ff__20260130_081310/scenario_tx-1min_rot-5min.csv', 'n_segments': 168, 'gt_adv_mac_count': 40, 'n_clusters': 6, 'n_ranked': 6, 'strict_confirmed': True, 'confirmed_any': True, 'density_min': 1.0, 'block_start': 3000.0, 'block_end': 6600.0}, {'src_file': 'controlled/HtoW/scenarios_Home_to_work__adv4_apple0_google0_samsung0_tile0__advtag-4c001219fc-4c001219fd-4c001219fe-4c001219ff__20260130_081310/scenario_tx-1min_rot-5min.csv', 'n_segments': 96, 'gt_adv_mac_count': 12, 'n_clusters': 6, 'n_ranked': 6, 'strict_confirmed': False, 'confirmed_any': False, 'density_min': 1.0, 'block_start': 6000.0, 'block_end': 9600.0}]"
controlled/HtoW/scenarios_Home_to_work__adv4_apple0_google0_samsung0_tile0__advtag-4c001219fc-4c001219fd-4c001219fe-4c001219ff__20260130_081310/scenario_tx-10s_rot-30s.csv,True,3600.0,3000.0,3,1800.0,True,True,True,2,198,0.0,9600.0,"[{'src_file': 'controlled/HtoW/scenarios_Home_to_work__adv4_apple0_google0_samsung0_tile0__advtag-4c001219fc-4c001219fd-4c001219fe-4c001219ff__20260130_081310/scenario_tx-10s_rot-30s.csv', 'n_segments': 193, 'gt_adv_mac_count': 189, 'n_clusters': 3, 'n_ranked': 3, 'strict_confirmed': True, 'confirmed_any': True, 'density_min': 1.0, 'block_start': 0.0, 'block_end': 3600.0}, {'src_file': 'controlled/HtoW/scenarios_Home_to_work__adv4_apple0_google0_samsung0_tile0__advtag-4c001219fc-4c001219fd-4c001219fe-4c001219ff__20260130_081310/scenario_tx-10s_rot-30s.csv', 'n_segments': 285, 'gt_adv_mac_count': 192, 'n_clusters': 6, 'n_ranked': 6, 'strict_confirmed': True, 'confirmed_any': True, 'density_min': 1.0, 'block_start': 3000.0, 'block_end': 6600.0}, {'src_file': 'controlled/HtoW/scenarios_Home_to_work__adv4_apple0_google0_samsung0_tile0__advtag-4c001219fc-4c001219fd-4c001219fe-4c001219ff__20260130_081310/scenario_tx-10s_rot-30s.csv', 'n_segments': 136, 'gt_adv_mac_count': 82, 'n_clusters': 6, 'n_ranked': 6, 'strict_confirmed': False, 'confirmed_any': False, 'density_min': 1.0, 'block_start': 6000.0, 'block_end': 9600.0}]"
controlled/HtoW/scenarios_Home_to_work__adv4_apple0_google0_samsung0_tile0__advtag-4c001219fc-4c001219fd-4c001219fe-4c001219ff__20260130_081310/scenario_tx-2s_rot-15min.csv,True,3600.0,3000.0,3,1800.0,True,True,True,2,31,0.0,9600.0,"[{'src_file': 'controlled/HtoW/scenarios_Home_to_work__adv4_apple0_google0_samsung0_tile0__advtag-4c001219fc-4c001219fd-4c001219fe-4c001219ff__20260130_081310/scenario_tx-2s_rot-15min.csv', 'n_segments': 69, 'gt_adv_mac_count': 15, 'n_clusters': 3, 'n_ranked': 3, 'strict_confirmed': True, 'confirmed_any': True, 'density_min': 1.0, 'block_start': 0.0, 'block_end': 3600.0}, {'src_file': 'controlled/HtoW/scenarios_Home_to_work__adv4_apple0_google0_samsung0_tile0__advtag-4c001219fc-4c001219fd-4c001219fe-4c001219ff__20260130_081310/scenario_tx-2s_rot-15min.csv', 'n_segments': 154, 'gt_adv_mac_count': 20, 'n_clusters': 6, 'n_ranked': 6, 'strict_confirmed': True, 'confirmed_any': True, 'density_min': 1.0, 'block_start': 3000.0, 'block_end': 6600.0}, {'src_file': 'controlled/HtoW/scenarios_Home_to_work__adv4_apple0_google0_samsung0_tile0__advtag-4c001219fc-4c001219fd-4c001219fe-4c001219ff__20260130_081310/scenario_tx-2s_rot-15min.csv', 'n_segments': 94, 'gt_adv_mac_count': 8, 'n_clusters': 6, 'n_ranked': 6, 'strict_confirmed': False, 'confirmed_any': False, 'density_min': 1.0, 'block_start': 6000.0, 'block_end': 9600.0}]"
controlled/HtoW/scenarios_Home_to_work__adv4_apple0_google0_samsung0_tile0__advtag-4c001219fc-4c001219fd-4c001219fe-4c001219ff__20260130_081310/scenario_tx-1min_rot-1min.csv,True,3600.0,3000.0,3,1800.0,True,True,True,2,186,0.0,9600.0,"[{'src_file': 'controlled/HtoW/scenarios_Home_to_work__adv4_apple0_google0_samsung0_tile0__advtag-4c001219fc-4c001219fd-4c001219fe-4c001219ff__20260130_081310/scenario_tx-1min_rot-1min.csv', 'n_segments': 155, 'gt_adv_mac_count': 134, 'n_clusters': 3, 'n_ranked': 3, 'strict_confirmed': True, 'confirmed_any': True, 'density_min': 1.0, 'block_start': 0.0, 'block_end': 3600.0}, {'src_file': 'controlled/HtoW/scenarios_Home_to_work__adv4_apple0_google0_samsung0_tile0__advtag-4c001219fc-4c001219fd-4c001219fe-4c001219ff__20260130_081310/scenario_tx-1min_rot-1min.csv', 'n_segments': 243, 'gt_adv_mac_count': 151, 'n_clusters': 6, 'n_ranked': 6, 'strict_confirmed': True, 'confirmed_any': True, 'density_min': 1.0, 'block_start': 3000.0, 'block_end': 6600.0}, {'src_file': 'controlled/HtoW/scenarios_Home_to_work__adv4_apple0_google0_samsung0_tile0__advtag-4c001219fc-4c001219fd-4c001219fe-4c001219ff__20260130_081310/scenario_tx-1min_rot-1min.csv', 'n_segments': 114, 'gt_adv_mac_count': 44, 'n_clusters': 6, 'n_ranked': 6, 'strict_confirmed': False, 'confirmed_any': False, 'density_min': 1.0, 'block_start': 6000.0, 'block_end': 9600.0}]"
controlled/HtoW/scenarios_Home_to_work__adv4_apple0_google0_samsung0_tile0__advtag-4c001219fc-4c001219fd-4c001219fe-4c001219ff__20260130_081310/scenario_tx-2s_rot-5min.csv,True,3600.0,3000.0,3,1800.0,True,True,True,2,71,0.0,9600.0,"[{'src_file': 'controlled/HtoW/scenarios_Home_to_work__adv4_apple0_google0_samsung0_tile0__advtag-4c001219fc-4c001219fd-4c001219fe-4c001219ff__20260130_081310/scenario_tx-2s_rot-5min.csv', 'n_segments': 83, 'gt_adv_mac_count': 38, 'n_clusters': 3, 'n_ranked': 3, 'strict_confirmed': True, 'confirmed_any': True, 'density_min': 1.0, 'block_start': 0.0, 'block_end': 3600.0}, {'src_file': 'controlled/HtoW/scenarios_Home_to_work__adv4_apple0_google0_samsung0_tile0__advtag-4c001219fc-4c001219fd-4c001219fe-4c001219ff__20260130_081310/scenario_tx-2s_rot-5min.csv', 'n_segments': 169, 'gt_adv_mac_count': 41, 'n_clusters': 6, 'n_ranked': 6, 'strict_confirmed': True, 'confirmed_any': True, 'density_min': 1.0, 'block_start': 3000.0, 'block_end': 6600.0}, {'src_file': 'controlled/HtoW/scenarios_Home_to_work__adv4_apple0_google0_samsung0_tile0__advtag-4c001219fc-4c001219fd-4c001219fe-4c001219ff__20260130_081310/scenario_tx-2s_rot-5min.csv', 'n_segments': 95, 'gt_adv_mac_count': 13, 'n_clusters': 6, 'n_ranked': 6, 'strict_confirmed': False, 'confirmed_any': False, 'density_min': 1.0, 'block_start': 6000.0, 'block_end': 9600.0}]"
controlled/HtoW/scenarios_Home_to_work__adv4_apple0_google0_samsung0_tile0__advtag-4c001219fc-4c001219fd-4c001219fe-4c001219ff__20260130_081310/scenario_tx-30s_rot-1min.csv,True,3600.0,3000.0,3,1800.0,True,True,True,2,188,0.0,9600.0,"[{'src_file': 'controlled/HtoW/scenarios_Home_to_work__adv4_apple0_google0_samsung0_tile0__advtag-4c001219fc-4c001219fd-4c001219fe-4c001219ff__20260130_081310/scenario_tx-30s_rot-1min.csv', 'n_segments': 154, 'gt_adv_mac_count': 133, 'n_clusters': 3, 'n_ranked': 3, 'strict_confirmed': True, 'confirmed_any': True, 'density_min': 1.0, 'block_start': 0.0, 'block_end': 3600.0}, {'src_file': 'controlled/HtoW/scenarios_Home_to_work__adv4_apple0_google0_samsung0_tile0__advtag-4c001219fc-4c001219fd-4c001219fe-4c001219ff__20260130_081310/scenario_tx-30s_rot-1min.csv', 'n_segments': 232, 'gt_adv_mac_count': 153, 'n_clusters': 6, 'n_ranked': 6, 'strict_confirmed': True, 'confirmed_any': True, 'density_min': 1.0, 'block_start': 3000.0, 'block_end': 6600.0}, {'src_file': 'controlled/HtoW/scenarios_Home_to_work__adv4_apple0_google0_samsung0_tile0__advtag-4c001219fc-4c001219fd-4c001219fe-4c001219ff__20260130_081310/scenario_tx-30s_rot-1min.csv', 'n_segments': 118, 'gt_adv_mac_count': 48, 'n_clusters': 6, 'n_ranked': 6, 'strict_confirmed': False, 'confirmed_any': False, 'density_min': 1.0, 'block_start': 6000.0, 'block_end': 9600.0}]"
controlled/HtoW/scenarios_Home_to_work__adv4_apple0_google0_samsung0_tile0__advtag-4c001219fc-4c001219fd-4c001219fe-4c001219ff__20260130_081310/scenario_tx-15s_rot-30s.csv,True,3600.0,3000.0,3,1800.0,True,True,True,2,198,0.0,9600.0,"[{'src_file': 'controlled/HtoW/scenarios_Home_to_work__adv4_apple0_google0_samsung0_tile0__advtag-4c001219fc-4c001219fd-4c001219fe-4c001219ff__20260130_081310/scenario_tx-15s_rot-30s.csv', 'n_segments': 196, 'gt_adv_mac_count': 188, 'n_clusters': 3, 'n_ranked': 3, 'strict_confirmed': True, 'confirmed_any': True, 'density_min': 1.0, 'block_start': 0.0, 'block_end': 3600.0}, {'src_file': 'controlled/HtoW/scenarios_Home_to_work__adv4_apple0_google0_samsung0_tile0__advtag-4c001219fc-4c001219fd-4c001219fe-4c001219ff__20260130_081310/scenario_tx-15s_rot-30s.csv', 'n_segments': 281, 'gt_adv_mac_count': 193, 'n_clusters': 7, 'n_ranked': 7, 'strict_confirmed': True, 'confirmed_any': True, 'density_min': 1.0, 'block_start': 3000.0, 'block_end': 6600.0}, {'src_file': 'controlled/HtoW/scenarios_Home_to_work__adv4_apple0_google0_samsung0_tile0__advtag-4c001219fc-4c001219fd-4c001219fe-4c001219ff__20260130_081310/scenario_tx-15s_rot-30s.csv', 'n_segments': 136, 'gt_adv_mac_count': 84, 'n_clusters': 6, 'n_ranked': 6, 'strict_confirmed': False, 'confirmed_any': False, 'density_min': 1.0, 'block_start': 6000.0, 'block_end': 9600.0}]"
controlled/HtoW/scenarios_Home_to_work__adv4_apple0_google0_samsung0_tile0__advtag-4c001219fc-4c001219fd-4c001219fe-4c001219ff__20260130_081310/scenario_tx-2s_rot-1min.csv,True,3600.0,3000.0,3,1800.0,True,True,True,2,187,0.0,9600.0,"[{'src_file': 'controlled/HtoW/scenarios_Home_to_work__adv4_apple0_google0_samsung0_tile0__advtag-4c001219fc-4c001219fd-4c001219fe-4c001219ff__20260130_081310/scenario_tx-2s_rot-1min.csv', 'n_segments': 162, 'gt_adv_mac_count': 139, 'n_clusters': 3, 'n_ranked': 3, 'strict_confirmed': True, 'confirmed_any': True, 'density_min': 1.0, 'block_start': 0.0, 'block_end': 3600.0}, {'src_file': 'controlled/HtoW/scenarios_Home_to_work__adv4_apple0_google0_samsung0_tile0__advtag-4c001219fc-4c001219fd-4c001219fe-4c001219ff__20260130_081310/scenario_tx-2s_rot-1min.csv', 'n_segments': 236, 'gt_adv_mac_count': 147, 'n_clusters': 12, 'n_ranked': 12, 'strict_confirmed': True, 'confirmed_any': True, 'density_min': 1.0, 'block_start': 3000.0, 'block_end': 6600.0}, {'src_file': 'controlled/HtoW/scenarios_Home_to_work__adv4_apple0_google0_samsung0_tile0__advtag-4c001219fc-4c001219fd-4c001219fe-4c001219ff__20260130_081310/scenario_tx-2s_rot-1min.csv', 'n_segments': 115, 'gt_adv_mac_count': 49, 'n_clusters': 6, 'n_ranked': 6, 'strict_confirmed': False, 'confirmed_any': False, 'density_min': 1.0, 'block_start': 6000.0, 'block_end': 9600.0}]"
controlled/HtoW/scenarios_Home_to_work__adv4_apple0_google0_samsung0_tile0__advtag-4c001219fc-4c001219fd-4c001219fe-4c001219ff__20260130_081310/scenario_tx-30s_rot-5min.csv,True,3600.0,3000.0,3,1800.0,True,True,True,2,70,0.0,9600.0,"[{'src_file': 'controlled/HtoW/scenarios_Home_to_work__adv4_apple0_google0_samsung0_tile0__advtag-4c001219fc-4c001219fd-4c001219fe-4c001219ff__20260130_081310/scenario_tx-30s_rot-5min.csv', 'n_segments': 91, 'gt_adv_mac_count': 38, 'n_clusters': 3, 'n_ranked': 3, 'strict_confirmed': True, 'confirmed_any': True, 'density_min': 1.0, 'block_start': 0.0, 'block_end': 3600.0}, {'src_file': 'controlled/HtoW/scenarios_Home_to_work__adv4_apple0_google0_samsung0_tile0__advtag-4c001219fc-4c001219fd-4c001219fe-4c001219ff__20260130_081310/scenario_tx-30s_rot-5min.csv', 'n_segments': 166, 'gt_adv_mac_count': 42, 'n_clusters': 6, 'n_ranked': 6, 'strict_confirmed': True, 'confirmed_any': True, 'density_min': 1.0, 'block_start': 3000.0, 'block_end': 6600.0}, {'src_file': 'controlled/HtoW/scenarios_Home_to_work__adv4_apple0_google0_samsung0_tile0__advtag-4c001219fc-4c001219fd-4c001219fe-4c001219ff__20260130_081310/scenario_tx-30s_rot-5min.csv', 'n_segments': 96, 'gt_adv_mac_count': 11, 'n_clusters': 6, 'n_ranked': 6, 'strict_confirmed': False, 'confirmed_any': False, 'density_min': 1.0, 'block_start': 6000.0, 'block_end': 9600.0}]"
controlled/HtoW/scenarios_Home_to_work__adv4_apple0_google0_samsung0_tile0__advtag-4c001219fc-4c001219fd-4c001219fe-4c001219ff__20260130_081310/scenario_tx-30s_rot-30s.csv,True,3600.0,3000.0,3,1800.0,True,True,True,2,198,0.0,9600.0,"[{'src_file': 'controlled/HtoW/scenarios_Home_to_work__adv4_apple0_google0_samsung0_tile0__advtag-4c001219fc-4c001219fd-4c001219fe-4c001219ff__20260130_081310/scenario_tx-30s_rot-30s.csv', 'n_segments': 187, 'gt_adv_mac_count': 184, 'n_clusters': 3, 'n_ranked': 3, 'strict_confirmed': True, 'confirmed_any': True, 'density_min': 1.0, 'block_start': 0.0, 'block_end': 3600.0}, {'src_file': 'controlled/HtoW/scenarios_Home_to_work__adv4_apple0_google0_samsung0_tile0__advtag-4c001219fc-4c001219fd-4c001219fe-4c001219ff__20260130_081310/scenario_tx-30s_rot-30s.csv', 'n_segments': 276, 'gt_adv_mac_count': 192, 'n_clusters': 6, 'n_ranked': 6, 'strict_confirmed': True, 'confirmed_any': True, 'density_min': 1.0, 'block_start': 3000.0, 'block_end': 6600.0}, {'src_file': 'controlled/HtoW/scenarios_Home_to_work__adv4_apple0_google0_samsung0_tile0__advtag-4c001219fc-4c001219fd-4c001219fe-4c001219ff__20260130_081310/scenario_tx-30s_rot-30s.csv', 'n_segments': 128, 'gt_adv_mac_count': 80, 'n_clusters': 6, 'n_ranked': 6, 'strict_confirmed': False, 'confirmed_any': False, 'density_min': 1.0, 'block_start': 6000.0, 'block_end': 9600.0}]"
controlled/HtoW/scenarios_Home_to_work__adv4_apple0_google0_samsung0_tile0__advtag-4c001219fc-4c001219fd-4c001219fe-4c001219ff__20260130_081310/scenario_tx-2s_rot-10s.csv,True,3600.0,3000.0,3,1800.0,True,True,True,2,198,0.0,9600.0,"[{'src_file': 'controlled/HtoW/scenarios_Home_to_work__adv4_apple0_google0_samsung0_tile0__advtag-4c001219fc-4c001219fd-4c001219fe-4c001219ff__20260130_081310/scenario_tx-2s_rot-10s.csv', 'n_segments': 199, 'gt_adv_mac_count': 198, 'n_clusters': 4, 'n_ranked': 4, 'strict_confirmed': True, 'confirmed_any': True, 'density_min': 1.0, 'block_start': 0.0, 'block_end': 3600.0}, {'src_file': 'controlled/HtoW/scenarios_Home_to_work__adv4_apple0_google0_samsung0_tile0__advtag-4c001219fc-4c001219fd-4c001219fe-4c001219ff__20260130_081310/scenario_tx-2s_rot-10s.csv', 'n_segments': 353, 'gt_adv_mac_count': 198, 'n_clusters': 6, 'n_ranked': 6, 'strict_confirmed': True, 'confirmed_any': True, 'density_min': 1.0, 'block_start': 3000.0, 'block_end': 6600.0}, {'src_file': 'controlled/HtoW/scenarios_Home_to_work__adv4_apple0_google0_samsung0_tile0__advtag-4c001219fc-4c001219fd-4c001219fe-4c001219ff__20260130_081310/scenario_tx-2s_rot-10s.csv', 'n_segments': 182, 'gt_adv_mac_count': 165, 'n_clusters': 6, 'n_ranked': 6, 'strict_confirmed': False, 'confirmed_any': False, 'density_min': 1.0, 'block_start': 6000.0, 'block_end': 9600.0}]"
controlled/HtoW/scenarios_Home_to_work__adv4_apple0_google0_samsung0_tile0__advtag-4c001219fc-4c001219fd-4c001219fe-4c001219ff__20260130_081310/scenario_tx-2s_rot-2s.csv,True,3600.0,3000.0,3,1800.0,True,True,True,2,198,0.0,9600.0,"[{'src_file': 'controlled/HtoW/scenarios_Home_to_work__adv4_apple0_google0_samsung0_tile0__advtag-4c001219fc-4c001219fd-4c001219fe-4c001219ff__20260130_081310/scenario_tx-2s_rot-2s.csv', 'n_segments': 199, 'gt_adv_mac_count': 198, 'n_clusters': 3, 'n_ranked': 3, 'strict_confirmed': True, 'confirmed_any': True, 'density_min': 1.0, 'block_start': 0.0, 'block_end': 3600.0}, {'src_file': 'controlled/HtoW/scenarios_Home_to_work__adv4_apple0_google0_samsung0_tile0__advtag-4c001219fc-4c001219fd-4c001219fe-4c001219ff__20260130_081310/scenario_tx-2s_rot-2s.csv', 'n_segments': 395, 'gt_adv_mac_count': 198, 'n_clusters': 8, 'n_ranked': 8, 'strict_confirmed': True, 'confirmed_any': True, 'density_min': 1.0, 'block_start': 3000.0, 'block_end': 6600.0}, {'src_file': 'controlled/HtoW/scenarios_Home_to_work__adv4_apple0_google0_samsung0_tile0__advtag-4c001219fc-4c001219fd-4c001219fe-4c001219ff__20260130_081310/scenario_tx-2s_rot-2s.csv', 'n_segments': 200, 'gt_adv_mac_count': 193, 'n_clusters': 7, 'n_ranked': 7, 'strict_confirmed': False, 'confirmed_any': False, 'density_min': 1.0, 'block_start': 6000.0, 'block_end': 9600.0}]"
controlled/HtoW/scenarios_Home_to_work__adv4_apple0_google0_samsung0_tile0__advtag-4c001219fc-4c001219fd-4c001219fe-4c001219ff__20260130_081310/scenario_tx-2s_rot-30s.csv,True,3600.0,3000.0,3,1800.0,True,True,True,2,198,0.0,9600.0,"[{'src_file': 'controlled/HtoW/scenarios_Home_to_work__adv4_apple0_google0_samsung0_tile0__advtag-4c001219fc-4c001219fd-4c001219fe-4c001219ff__20260130_081310/scenario_tx-2s_rot-30s.csv', 'n_segments': 193, 'gt_adv_mac_count': 188, 'n_clusters': 3, 'n_ranked': 3, 'strict_confirmed': True, 'confirmed_any': True, 'density_min': 1.0, 'block_start': 0.0, 'block_end': 3600.0}, {'src_file': 'controlled/HtoW/scenarios_Home_to_work__adv4_apple0_google0_samsung0_tile0__advtag-4c001219fc-4c001219fd-4c001219fe-4c001219ff__20260130_081310/scenario_tx-2s_rot-30s.csv', 'n_segments': 278, 'gt_adv_mac_count': 194, 'n_clusters': 6, 'n_ranked': 6, 'strict_confirmed': True, 'confirmed_any': True, 'density_min': 1.0, 'block_start': 3000.0, 'block_end': 6600.0}, {'src_file': 'controlled/HtoW/scenarios_Home_to_work__adv4_apple0_google0_samsung0_tile0__advtag-4c001219fc-4c001219fd-4c001219fe-4c001219ff__20260130_081310/scenario_tx-2s_rot-30s.csv', 'n_segments': 139, 'gt_adv_mac_count': 87, 'n_clusters': 9, 'n_ranked': 9, 'strict_confirmed': False, 'confirmed_any': False, 'density_min': 1.0, 'block_start': 6000.0, 'block_end': 9600.0}]"
