timestamp,mobile_timestamp,mobile_lat,mobile_lon,mobile_accuracy_m,AdvA,payload,CFO_Hz,CFO_00_Hz,CFO_11_Hz,CFO_10_Hz,CFO_01_Hz,CFO_from_transitions_Hz,nprod_00,nprod_11,nprod_10,nprod_01,nprod_total,crc_ok,is_tag_ecosystem,pdu_type,pdu_type_name,length,channel,phase,polarity,slip,window_start,window_end,aa_pos,aa_corr,pre_corr,cfo_window
0.42881274223327637,1769646128.4138126,42.3688889,-71.0257724,35.435,DA:98:88:8D:2B:14,142b8d8898da1eff4c001219906d03cb9a93066c4037f34ed871fabfa223e5b3e2af7a03ce,-59399.71848832305,120526.35093386193,-208624.5171988272,87777.65033157053,-152510.21491179703,-45644.87567865349,425,552,540,546,2063,1,1,0,ADV_IND,37,37,0,-1,0,66553,67187,56,32,8,pre_aa_hdr_payload
4.133181571960449,1769646132.1181815,42.3688889,-71.0257724,35.435,4F:5F:CE:61:32:07,073261ce5f4f0201021816aafe40499eb14b39bbc8f8c31219d61622a998a8d63deb,-18645.393712392546,148103.60739594614,-175445.61785319567,131678.49670948685,-176875.07780714778,-19957.27192214422,515,498,450,456,1919,1,1,0,ADV_IND,34,37,0,-1,0,667626,668260,56,32,8,pre_aa_hdr_payload
4.158260107040405,1769646132.14326,42.3688889,-71.0257724,35.435,F1:D0:34:B6:1E:27,271eb634d0f11eff4c001219006c764cf7ec94085183c01d19966910132f95a61a85b80100,-58494.42315855387,127719.9269940174,-211681.98548079655,110750.49847615996,-190606.40250734735,-48501.65279281727,455,564,522,522,2063,1,1,2,ADV_NONCONN_IND,37,37,4,-1,0,701334,701968,55,31,8,pre_aa_hdr_payload
13.436368942260742,1769646141.4213688,42.3688889,-71.0257724,35.435,DF:6D:FA:08:2C:E9,e92c08fa6ddf1eff4c001219fff07116e7d10a5c9818ae6cc107ceb957fa132042556900ff,-40185.64215756607,84728.32586431308,-145925.17193686662,79882.85580204501,-147202.50540880376,-42104.02855215547,479,582,498,504,2063,1,1,2,ADV_NONCONN_IND,37,37,2,-1,0,1090663,1091298,56,32,8,pre_aa_hdr_payload
15.085182905197144,1769646143.0701828,42.3688889,-71.0257724,35.435,4F:5F:CE:61:32:07,073261ce5f4f0201021816aafe40499eb14b39bbc8f8c31219d61622a998a8d63deb,-8294.270468849705,137926.3761395203,-172992.05804142577,127646.88526407607,-160862.04238705142,-15914.44729981639,521,492,450,456,1919,1,1,0,ADV_IND,34,37,5,-1,0,1119659,1120294,55,31,8,pre_aa_hdr_payload
15.087652206420898,1769646143.072652,42.3688889,-71.0257724,35.435,C2:4E:DD:9A:3E:A6,a63e9add4ec21eff4c001219ff0aad5994482a88d7a5c43b370784c913002f7bc75e2002ff,-104767.49632474653,116535.32224542703,-225535.025751629,101138.30042365156,-171904.4850320645,-72080.31403446734,395,738,462,468,2063,1,1,2,ADV_NONCONN_IND,37,37,4,-1,0,1122978,1123613,55,31,8,pre_aa_hdr_payload
36.73619031906128,1769646164.7211902,42.3688889,-71.0257724,35.435,ED:11:3B:26:80:08,0880263b11ed0201060d16edfe020051ce438be39847ed0303edfe,-20564.14859959756,153071.48007388998,-179561.20428639743,118029.59645069882,-148260.99742082978,-21454.31717770925,383,420,390,390,1583,1,1,0,ADV_IND,27,37,5,-1,0,3611381,3612015,55,32,8,pre_aa_hdr_payload
78.34417247772217,1769646206.3291724,42.3688889,-71.0257724,35.435,D4:6F:B0:7A:51:35,35517ab06fd41eff4c001219ff74722569b3771248647831d61de5fa74e2679590cccd01ff,-23985.333441740146,138264.1277031887,-213934.6064465504,54265.768860244774,-115792.25755521869,-18628.959245445734,569,504,492,498,2063,1,1,2,ADV_NONCONN_IND,37,37,0,-1,0,9401374,9402009,56,32,8,pre_aa_hdr_payload
93.15955233573914,1769646221.1445522,42.3688889,-71.0257724,35.435,F5:96:FC:B7:6D:13,136db7fc96f51eff4c00121900a170a410ab75accb64ad82de139e47ad6895dcc2dc880100,-64732.2784117048,102787.59141249435,-213357.71149620475,60831.93639253405,-12012.037009923273,-10794.46933122278,438,587,522,516,2063,1,1,2,ADV_NONCONN_IND,37,37,0,-1,0,11622044,11622679,56,29,8,pre_aa_hdr_payload
96.15594339370728,1769646224.1409433,42.3688889,-71.0257724,35.435,D9:DE:F3:9B:7F:FC,fc7f9bf3ded91eff4c001219ffe906c80fa7806cc68fe223cc82888ef8dec137632ad400ff,-50920.49396699167,150009.03248018917,-165178.3699423131,94950.70312968311,-123499.05187478564,-42256.2267662779,359,774,462,468,2063,1,1,2,ADV_NONCONN_IND,37,37,3,-1,0,11902189,11902823,55,32,8,pre_aa_hdr_payload
98.092693567276,1769646226.0776935,42.3688889,-71.0257724,35.435,CC:07:90:49:C6:57,57c6499007cc1eff4c001219ffcd4722f86f9a42d526bd70509f4a7a9728ecd63477d903ff,-33500.537579156095,30846.28030057203,-156254.43021338087,109666.73958005101,-147794.98758225975,-19487.990150005353,503,684,438,438,2063,1,1,2,ADV_NONCONN_IND,37,37,4,-1,0,12161307,12161941,56,31,8,pre_aa_hdr_payload
124.86955785751343,1769646252.8545578,42.3688889,-71.0257724,35.435,59:86:3D:8E:1A:A7,a71a8e3d86590201001916aafe40181827dcc511b1d353effadafb72952a3ad23f8565,-54481.22455443298,129569.25216083211,-229814.78108804507,103762.53787237455,-201004.27787931028,-57864.295656085545,473,504,492,498,1967,1,1,0,ADV_IND,35,37,5,-1,0,16110759,16111394,55,30,8,pre_aa_hdr_payload
128.76343631744385,1769646256.7484362,42.3688889,-71.0257724,35.435,59:86:3D:8E:1A:A7,a71a8e3d86590201001916aafe40181827dcc511b1d353effadafb72952a3ad23f8565,-65748.74574255309,111862.32258883325,-216878.00755624432,101669.72367897243,-196003.42423943395,-66818.7002821913,461,504,498,504,1967,1,1,0,ADV_IND,35,37,1,-1,0,16590528,16591162,56,32,8,pre_aa_hdr_payload
130.30459189414978,1769646258.2895918,42.3688889,-71.0257724,35.435,59:86:3D:8E:1A:A7,a71a8e3d86590201001916aafe40181827dcc511b1d353effadafb72952a3ad23f8565,-52654.020882669756,77776.50921048445,-169448.61874312302,95649.04754764053,-173457.60432515584,-43501.98025289668,479,486,498,504,1967,1,1,0,ADV_IND,35,37,0,-1,0,16901269,16901903,56,30,8,pre_aa_hdr_payload
134.99853539466858,1769646262.9835353,42.3688889,-71.0257724,35.435,59:86:3D:8E:1A:A7,a71a8e3d86590201001916aafe40181827dcc511b1d353effadafb72952a3ad23f8565,-48271.817750695816,119100.46577837862,-78542.95921303715,112761.44008387838,-190422.18305682277,-20804.385902051956,455,510,498,504,1967,1,1,0,ADV_IND,35,37,4,-1,0,17334407,17335042,55,29,8,pre_aa_hdr_payload
138.1611886024475,1769646266.1461885,42.3688889,-71.0257724,35.435,CD:25:69:82:3F:ED,ed3f826925cd1eff4c001219ff6c25d368f0fe8824badb81ade7ca3a535c2e97f257b400ff,-63847.228189552705,141951.40533186734,-227168.08209308216,98019.3308168875,-179268.94543550423,-48390.81746980406,479,618,480,486,2063,1,1,2,ADV_NONCONN_IND,37,37,5,-1,0,17660277,17660911,55,32,8,pre_aa_hdr_payload
153.8900547027588,1769646281.8750546,42.3688889,-71.0257724,35.435,59:86:3D:8E:1A:A7,a71a8e3d86590201001916aafe40181827dcc511b1d353effadafb72952a3ad23f8565,-46377.00587821875,137789.13951227383,-225132.61585327148,113718.39009601877,-191993.26581920756,-39036.60654445004,467,510,492,498,1967,1,1,0,ADV_IND,35,37,0,-1,0,19735743,19736378,56,32,8,pre_aa_hdr_payload
156.10383820533752,1769646284.088838,42.3688889,-71.0257724,35.435,E3:55:D8:68:DD:AF,afdd68d855e31eff4c001219ff9069a515a747fa059e59a277d631255f6c860818c9e901ff,-87593.8820933452,122830.84646283493,-190958.7756707543,96940.20773621603,-184827.83844269175,-61771.58530214392,383,642,516,522,2063,1,1,2,ADV_NONCONN_IND,37,37,1,-1,0,20163614,20164248,56,32,8,pre_aa_hdr_payload
164.1349742412567,1769646292.1199741,42.3688889,-71.0257724,35.435,FF:A6:8B:E3:33:A2,a233e38ba6ff1eff4c001219fffa14bf9423de86092e8d9d419b9d4f8d4c65a759319402ff,-69226.23695675033,95223.3107956976,-180545.70445087305,64401.522423867405,-164447.94511163412,-54558.25688876808,407,570,540,546,2063,1,1,2,ADV_NONCONN_IND,37,37,0,-1,0,21347477,21348112,56,31,8,pre_aa_hdr_payload
178.1251654624939,1769646306.1101654,42.3688889,-71.0257724,35.435,FF:69:96:40:74:CA,ca74409669ff1eff4c001219ffc28cd4239b641135b7a4043233dc6462df5a12f1c11c00ff,-73493.61820530197,80944.07990753703,-151011.6505965488,94438.04585168144,-152218.8545495113,-58296.33748371636,383,786,444,450,2063,1,1,2,ADV_NONCONN_IND,37,37,1,-1,0,23496981,23497616,56,32,8,pre_aa_hdr_payload
180.2663552761078,1769646308.2513552,42.3688889,-71.0257724,35.435,C8:4E:61:84:65:8C,8c6584614ec81eff4c001219ff5044ce5bebef6c31d4c32502d87c9d2f6092747b699901ff,-35500.31380681669,110280.29088321027,-152769.66747212788,77962.80271092177,-121520.85779247174,-34552.70694174658,528,611,462,462,2063,1,1,2,ADV_NONCONN_IND,37,37,1,-1,0,23744597,23745231,55,31,8,pre_aa_hdr_payload
198.25124049186707,1769646326.2362404,42.3688889,-71.0257724,35.435,E9:8B:6E:20:A6:4A,4aa6206e8be91eff4c001219ffec00ea599cc8d83fce7c88d645beeea60edb5975f7cc01ff,-41181.06396800272,114911.65535751173,-166814.72967299697,85947.51514960545,-150794.00326083341,-36377.79450382697,479,630,474,480,2063,1,1,2,ADV_NONCONN_IND,37,37,1,-1,0,26173305,26173940,56,32,8,pre_aa_hdr_payload
214.3233597278595,1769646342.3083596,42.3688889,-71.0257724,35.435,F2:59:D5:CF:1C:D9,d91ccfd559f21eff4c001219ffbcc282ea6ad47a9e31423e79c3ef2404bcc429d6ccfc01ff,-73371.11591644208,124039.76200513894,-209003.33707961295,98802.16852834636,-182696.57228491793,-59559.39545345787,437,600,510,516,2063,1,1,2,ADV_NONCONN_IND,37,37,2,-1,0,28386904,28387539,56,32,8,pre_aa_hdr_payload
230.17251753807068,1769646358.1575174,42.3688889,-71.0257724,35.435,FA:FD:7E:02:B3:92,92b3027efdfa1eff4c001219ffa4c8bcfe1a9e921fcedf48caaede42bc83b052572adc01ff,-13530.780856884236,114246.25010882223,-190163.42866587001,94106.66402642037,-161652.7947780853,-26262.684974115542,575,426,528,534,2063,1,1,2,ADV_NONCONN_IND,37,37,0,-1,0,30661041,30661675,56,32,8,pre_aa_hdr_payload
236.20166158676147,1769646364.1866615,42.3688889,-71.0257724,35.435,C9:E2:45:18:0B:9E,9e0b1845e2c91eff4c001219ff31dfc366f9a891a9f5f3a6895bcbf0111bb118b9c23202ff,-64060.54353538829,52684.00620567705,-223470.1759364461,37910.74041846915,-169101.34667515915,-39255.04342908108,437,552,534,540,2063,1,1,2,ADV_NONCONN_IND,37,37,4,-1,0,31497074,31497708,55,32,8,pre_aa_hdr_payload
252.24421739578247,1769646380.2292173,42.3688889,-71.0257724,35.435,CF:9F:A2:DE:C2:64,64c2dea29fcf1eff4c001219ff49dc022f71913efa94a27f77ba734c1da48e5497874302ff,-85773.05326481687,114647.86128384531,-216428.65255217408,94468.48190386097,-179029.07562008293,-59911.55679630451,461,648,474,480,2063,1,1,2,ADV_NONCONN_IND,37,37,1,-1,0,33105306,33105940,56,31,8,pre_aa_hdr_payload
254.1968638896942,1769646382.1818638,42.3688889,-71.0257724,35.435,D5:9B:25:7A:D4:7C,7cd47a259bd51eff4c001219ff672d721b31ed3869055acf846fbf468edfdaf32be30602ff,-88821.15325254925,148804.73819780687,-219247.76191970153,93700.52151146952,-170569.23599244413,-68027.44233806749,377,684,498,504,2063,1,1,2,ADV_NONCONN_IND,37,37,4,-1,0,33460737,33461371,55,32,8,pre_aa_hdr_payload
257.99432039260864,1769646385.9793203,42.3688889,-71.0257724,35.435,CC:F2:1C:E0:CC:45,45cce01cf2cc1eff4c001219ffb70522cc45b079c41928a8c15f0cbd6f14c0046988aa01ff,-55842.25714247374,100599.18890672308,-190068.13712768347,94187.84051875853,-170429.23306897224,-48340.284510312995,455,558,522,528,2063,1,1,2,ADV_NONCONN_IND,37,37,0,-1,0,34136871,34137506,56,32,8,pre_aa_hdr_payload
268.1232771873474,1769646396.108277,42.3688889,-71.0257724,35.435,DB:EF:85:4F:46:AC,ac464f85efdb1eff4c001219ff41fe5ce9eea167ec7cfb6032074f52a342a6a2c69f6200ff,-76089.06163467428,103128.18474138455,-151839.10304764903,94176.1607006306,-185428.9695180058,-55942.25522237735,443,594,510,516,2063,1,1,2,ADV_NONCONN_IND,37,37,1,-1,0,35345706,35346340,56,32,8,pre_aa_hdr_payload
270.3255469799042,1769646398.3105469,42.3688889,-71.0257724,35.435,D3:EE:C8:EB:6D:6F,6f6debc8eed31eff4c001219fff676ed0a811f9eb34640076dee485c700df34ee2ff7f03ff,-48350.77046875124,114595.25973284955,-194419.0039295171,94995.62804946909,-180206.34294100062,-48389.29393455169,527,546,492,498,2063,1,1,2,ADV_NONCONN_IND,37,37,5,-1,0,35739286,35739920,55,31,8,pre_aa_hdr_payload
284.4440493583679,1769646412.4290493,42.3688889,-71.0257724,35.435,FE:88:3B:ED:34:92,9234ed3b88fe1eff4c001219ffc120a00e62c9503c518368f6aca8546dcecb519ac8c003ff,-49263.52208837551,105694.69370504585,-151377.55667129377,95790.39653152117,-134825.90487874896,-42648.259957604445,365,780,456,462,2063,1,1,2,ADV_NONCONN_IND,37,37,5,-1,0,37825016,37825650,55,32,8,pre_aa_hdr_payload
298.1530911922455,1769646426.138091,42.3688889,-71.0257724,35.435,D5:41:2F:18:9F:F6,f69f182f41d51eff4c001219ff92ba03b161f59b30f26a11f51c6c5ea74001eface53701ff,-53887.175965261384,119872.96856397467,-193730.70941454777,93829.90111349047,-137645.47546809612,-45524.43232484612,473,576,504,510,2063,1,1,2,ADV_NONCONN_IND,37,37,4,-1,0,39067568,39068203,55,31,8,pre_aa_hdr_payload
302.1808614730835,1769646430.1658614,42.3688889,-71.0257724,35.435,D0:C7:8B:D2:82:AA,aa82d28bc7d01eff4c001219ff64a91db064ad04fc018075069b539efb65eb53c707ab03ff,-76888.172424422,94970.64557008744,-184490.1844735196,87993.31842072056,-160467.53462043457,-48850.73583968821,419,630,504,510,2063,1,1,2,ADV_NONCONN_IND,37,37,5,-1,0,39677245,39677879,55,32,8,pre_aa_hdr_payload
307.989116191864,1769646435.974116,42.3688889,-71.0257724,35.435,F6:F1:1B:05:0A:DD,dd0a051bf1f61eff4c001219ff959d9d19d1730d401752a8711ad615195d7fef5b690200ff,-61955.5717221813,124677.55519928964,-211066.6215500287,94225.37899177537,-184717.31177647202,-53941.103662846035,467,570,510,516,2063,1,1,2,ADV_NONCONN_IND,37,37,5,-1,0,40551061,40551695,55,31,8,pre_aa_hdr_payload
310.421555519104,1769646438.4065554,42.3688889,-71.0257724,35.435,E5:01:A6:BD:87:F2,f287bda601e51eff4c00121900274f012826205decd4031917a765791a6a79f17266f30200,-45437.90111200735,126763.86624530476,-220494.35744542937,111324.83953158131,-176657.3828513279,-42747.2980808114,557,558,474,474,2063,1,1,2,ADV_NONCONN_IND,37,37,5,-1,0,40886052,40886687,55,32,8,pre_aa_hdr_payload
312.0276436805725,1769646440.0126436,42.3688889,-71.0257724,35.435,D7:1F:1D:10:7D:44,447d101d1fd71eff4c001219fff5c20677f49d8d277c3e64995896c3c8a4d6e64b4ef200ff,-59284.45548851618,151554.99886835617,-233577.58908987086,97532.76643423417,-173776.6074403934,-47457.755341493044,485,576,498,504,2063,1,1,2,ADV_NONCONN_IND,37,37,0,-1,0,41066649,41067283,56,30,8,pre_aa_hdr_payload
312.3933050632477,1769646440.378305,42.3688889,-71.0257724,35.435,CA:F5:FB:DB:FD:6B,6bfddbfbf5ca1eff4c0012191074346711413fcde89bb19749ec9358275798b111269c036b,-49064.12325299468,122981.8511557161,-128151.26630872347,96282.78893289785,-141268.0795750073,-45385.30880766738,299,900,432,432,2063,1,1,0,ADV_IND,37,37,0,-1,0,41129041,41129676,56,32,8,pre_aa_hdr_payload
317.863742351532,1769646445.8487422,42.3688889,-71.0257724,35.435,C4:F6:5E:E7:6B:36,366be75ef6c41eff4c001219ff86cd6f65af2f316c7caa41e39cb7d591b2595e1cedf901ff,-58884.25264862628,117585.62511759489,-138081.54183524326,77722.32687073307,-97719.07181799962,-34472.673186139284,371,786,450,456,2063,1,1,2,ADV_NONCONN_IND,37,37,5,-1,0,41877408,41878042,55,30,8,pre_aa_hdr_payload
319.95784544944763,1769646447.9428453,42.3688889,-71.0257724,35.435,FD:9A:1B:BB:88:09,0988bb1b9afd1eff4c001219ff5b5da2b728f507606fb73114c6b3a6411c732dcd093902ff,-75514.23718213291,132810.0967822298,-199526.10982263432,92710.78935813795,-195104.212769038,-43564.67795504188,437,600,510,516,2063,1,1,2,ADV_NONCONN_IND,37,37,0,-1,0,42134314,42134949,56,32,8,pre_aa_hdr_payload
326.14513778686523,1769646454.1301377,42.3688889,-71.0257724,35.435,F9:14:43:30:BA:B3,b3ba304314f91eff4c001219ff5971525728d30740dc970eb4d624a190d84fe88b3b0a00ff,-74896.21178302649,101536.5617817617,-208006.2622279887,102766.86297409079,-189256.57333077583,-50301.33872162702,407,582,534,540,2063,1,1,2,ADV_NONCONN_IND,37,37,0,-1,0,42938287,42938922,56,31,8,pre_aa_hdr_payload
353.1222503185272,1769646481.1072502,42.3646217,-71.0196979,28.971,68:41:79:96:40:E5,e540967941680201021816aafe40f902b191973df477232e32b187c1738823c2759d,-33222.4386004239,136180.20274753432,-154990.3258289973,80814.74783409605,-175496.2556580452,-30235.336385030863,461,540,456,462,1919,1,1,0,ADV_IND,34,37,0,-1,0,46262281,46262916,56,32,8,pre_aa_hdr_payload
369.5197973251343,1769646497.5047972,42.3646551,-71.0196246,10.591,68:41:79:96:40:E5,e540967941680201021816aafe40f902b191973df477232e32b187c1738823c2759d,-43239.1102471073,189096.88690032915,-227955.10461276295,114901.46889821404,-160381.38164599426,-28921.361634324432,456,551,456,456,1919,1,1,0,ADV_IND,34,37,4,-1,0,48463015,48463650,55,32,7,pre_aa_hdr_payload
371.71481943130493,1769646499.6998193,42.3646623,-71.0196049,10.293,68:41:79:96:40:E5,e540967941680201021816aafe40f902b191973df477232e32b187c1738823c2759d,-36694.23087552388,168597.64755971695,-211527.4082890298,122758.55333506367,-175196.4947419574,-33213.13040927444,479,534,450,456,1919,1,1,0,ADV_IND,34,37,4,-1,0,48714436,48715070,55,32,8,pre_aa_hdr_payload
374.15548300743103,1769646502.140483,42.3646678,-71.0195831,9.762,68:41:79:96:40:E5,e540967941680201021816aafe40f902b191973df477232e32b187c1738823c2759d,-39284.73664730129,111191.32210160975,-124481.7650649497,64030.25150259252,-152452.31836677375,-30897.49036685976,443,570,450,456,1919,1,1,0,ADV_IND,34,37,1,-1,0,48994944,48995579,56,31,8,pre_aa_hdr_payload
383.99469089508057,1769646511.9796908,42.3647047,-71.019521,9.379,E9:04:C3:C2:B9:41,41b9c2c304e91eff4c001219ff842ea457c9ba9dea5e7a6145dd1f1ff048d2264941c701ff,-30837.44681777776,106844.52182730907,-189005.95860890218,99866.2370418125,-177919.60995520675,-30702.66660326974,557,528,486,492,2063,1,1,2,ADV_NONCONN_IND,37,37,0,-1,0,50191002,50191636,56,32,8,pre_aa_hdr_payload
394.7582550048828,1769646522.743255,42.3647865,-71.0194884,10.898,FC:D5:B8:FA:E4:F4,f4e4fab8d5fc1eff4c001219ffcc75729b3e771dc180bb7278b541bd555bca058db68d03ff,-53481.092759374114,137021.58456021355,-214759.9678540758,101347.78273388858,-175248.18357606608,-43597.70749139627,461,540,528,534,2063,1,1,2,ADV_NONCONN_IND,37,37,0,-1,0,51320332,51320966,56,32,8,pre_aa_hdr_payload
400.093106508255,1769646528.0781064,42.3647865,-71.0194884,10.898,68:41:79:96:40:E5,e540967941680201021816aafe40f902b191973df477232e32b187c1738823c2759d,-38617.55167304808,164103.40977131575,-40720.143145671944,109745.8236594283,-148562.42104671232,-20025.28829680121,414,695,408,402,1919,1,1,0,ADV_IND,34,37,3,-1,0,51748294,51748929,56,32,8,pre_aa_hdr_payload
420.4455568790436,1769646548.4305568,42.3647865,-71.0194884,10.898,68:41:79:96:40:E5,e540967941680201021816aafe40f902b191973df477232e32b187c1738823c2759d,-39498.14804267223,171229.4912639665,-213944.62078416176,102499.4114287643,-182341.6631204884,-35870.79279148745,479,534,450,456,1919,1,1,0,ADV_IND,34,37,0,-1,0,54549475,54550109,56,32,8,pre_aa_hdr_payload
442.22297263145447,1769646570.2079725,42.3647865,-71.0194884,10.898,EB:40:B1:F9:A1:E6,e6a1f9b140eb1eff4c001219ff8825a67793bc144b94ffb82269cc6c9f8397523d02bc02ff,-31822.35298278899,128762.10658430177,-191913.6952529205,104091.16919795166,-179137.38755077196,-23654.635835267876,515,486,528,534,2063,1,1,2,ADV_NONCONN_IND,37,37,0,-1,0,57119379,57120013,56,29,8,pre_aa_hdr_payload
444.6673376560211,1769646572.6523376,42.3647865,-71.0194884,10.898,68:41:79:96:40:E5,e540967941680201021816aafe40f902b191973df477232e32b187c1738823c2759d,-38238.14533625595,153797.72445126527,-189278.17633382932,112592.84000754605,-170197.90095455069,-27914.54811275989,479,534,450,456,1919,1,1,0,ADV_IND,34,37,0,-1,0,57319166,57319800,56,32,8,pre_aa_hdr_payload
446.1023609638214,1769646574.0873609,42.3647865,-71.0194884,10.898,D8:F8:73:FA:A5:EF,efa5fa73f8d81eff4c001219ffe17cbd631ef1150521c26a92b1fa427cccace752250d00ff,-40709.59593027538,129299.5720210036,-170114.864371258,110056.62337898098,-189757.32504662732,-37220.04334724559,545,552,480,486,2063,1,1,2,ADV_NONCONN_IND,37,37,5,-1,0,57435484,57436119,55,32,8,pre_aa_hdr_payload
448.17918729782104,1769646576.1641872,42.3647865,-71.0194884,10.898,DE:25:F8:76:B1:10,10b176f825de1eff4c001219ff5ae6c0911a545320cccd3d117fe999e12d80695bfd0e01ff,-20114.5442820274,130037.10124318372,-191056.56972045163,103032.13386573594,-169365.41562409236,-16128.836646653623,545,444,534,540,2063,1,1,2,ADV_NONCONN_IND,37,37,5,-1,0,57647988,57648622,55,32,8,pre_aa_hdr_payload
471.2513997554779,1769646599.2363997,42.3645982,-71.0184163,29.391,68:41:79:96:40:E5,e540967941680201021816aafe40f902b191973df477232e32b187c1738823c2759d,-35842.8086629139,116891.14728391197,-142680.35444877026,71521.26800360854,-162455.06457077296,-32256.81350798,455,558,450,456,1919,1,1,0,ADV_IND,34,37,0,-1,0,59685266,59685900,56,32,8,pre_aa_hdr_payload
477.22383880615234,1769646605.2088387,42.3645816,-71.018415,24.935,68:41:79:96:40:E5,e540967941680201021816aafe40f902b191973df477232e32b187c1738823c2759d,-30644.920860259546,120074.45150207476,-151241.8383232433,84967.57291016428,-129156.87171557343,-25947.732637388555,492,539,444,444,1919,1,1,0,ADV_IND,34,37,1,-1,0,60088480,60089115,56,28,8,pre_aa_hdr_payload
483.242360830307,1769646611.2273607,42.3645659,-71.0184085,17.079,68:41:79:96:40:E5,e540967941680201021816aafe40f902b191973df477232e32b187c1738823c2759d,-37043.065000954004,181619.19754257257,-222049.7325236436,118757.3549031088,-166110.30526679344,-31484.147374926317,473,528,456,462,1919,1,1,0,ADV_IND,34,37,4,-1,0,60451484,60452119,55,29,8,pre_aa_hdr_payload
484.5983600616455,1769646612.58336,42.364563,-71.0184067,19.083,E8:A4:8A:D4:AC:02,02acd48aa4e81eff4c001219ff75926be4f03065913481b3cae0e3b67f697086df4a9401ff,-27689.688322342237,140476.13133766674,-209231.66850224088,100427.56617045111,-144134.264631298,-25275.842701077123,521,444,546,552,2063,1,1,2,ADV_NONCONN_IND,37,37,0,-1,0,60555672,60556307,56,32,8,pre_aa_hdr_payload
486.1719779968262,1769646614.156978,42.3645617,-71.0184083,19.286,DB:E5:48:A7:83:E6,e683a748e5db1eff4c001219ffdd753a2add22d0492278f8c075576b8837ff22cfc73c02ff,-69488.25297439717,92082.37705171239,-172358.90447447685,75573.82770295738,-166044.32793453595,-61394.529532281515,443,654,480,486,2063,1,1,2,ADV_NONCONN_IND,37,37,1,-1,0,60759831,60760466,56,32,8,pre_aa_hdr_payload
513.9248275756836,1769646641.9098275,42.3644679,-71.0184618,49.875,CE:C2:41:5F:83:EB,eb835f41c2ce1eff4c001219ffbeebbf168de653ac3af94180a56e724b4df7ddbc229302ff,-54038.2049661194,160025.29693514234,-142241.02099736535,109748.41372244545,-155629.88336289872,-44298.89342971134,311,846,450,456,2063,1,1,2,ADV_NONCONN_IND,37,37,3,-1,0,63956435,63957069,55,32,8,pre_aa_hdr_payload
520.4033005237579,1769646648.3883004,42.3644679,-71.0184618,49.875,E1:28:AD:11:63:F3,f36311ad28e11eff4c001219ffd2419527586fb6bbf61a8b93f0724ac263d37134de3500ff,-30877.182866289928,145798.44748473394,-218211.39304819694,102617.49687119652,-170328.6810446053,-28443.3141648443,563,486,504,510,2063,1,1,2,ADV_NONCONN_IND,37,37,5,-1,0,64514635,64515269,55,32,8,pre_aa_hdr_payload
521.9947018623352,1769646649.9797018,42.3644679,-71.0184618,49.875,FC:7C:3B:0D:B8:6E,6eb80d3b7cfc1eff4c001219ffda7e7e7654da82b99d67741fb2476ead3c3ff55ebc3201ff,-38004.49594804833,130276.37028816646,-206549.99798172832,102113.50335762622,-182539.9363396812,-37500.5380455188,521,492,522,528,2063,1,1,2,ADV_NONCONN_IND,37,37,0,-1,0,64733287,64733922,56,32,8,pre_aa_hdr_payload
529.0185010433197,1769646657.003501,42.3644679,-71.0184618,49.875,D1:25:76:9E:41:75,75419e7625d11eff4c001219ff270c4bdcc1d8cf7b1fe37d7e2816d3b98328986db77502ff,-47768.33320118606,122872.3553458445,-195508.28558393856,108092.43314117979,-136571.49662354728,-34682.38669311432,509,528,510,516,2063,1,1,2,ADV_NONCONN_IND,37,37,1,-1,0,65674390,65675025,56,32,8,pre_aa_hdr_payload
533.367475271225,1769646661.3524752,42.3644679,-71.0184618,49.875,68:41:79:96:40:E5,e540967941680201021816aafe40f902b191973df477232e32b187c1738823c2759d,-45207.449817587774,145921.44554625478,-188107.33935885425,114402.37637244139,-173438.49205140208,-32011.41291303462,473,540,450,456,1919,1,1,0,ADV_IND,34,37,5,-1,0,65866932,65867567,55,32,8,pre_aa_hdr_payload
533.3720886707306,1769646661.3570886,42.3644679,-71.0184618,49.875,F8:E8:3D:B2:AD:A5,a5adb23de8f81eff4c001219ff65d90f8c3f9056fa69898671cb377355425cb1b6f6e602ff,-83367.07643739248,102484.59700710227,-209710.29110440655,108656.24799306675,-181475.6749709336,-56982.70979326606,449,636,486,492,2063,1,1,2,ADV_NONCONN_IND,37,37,4,-1,0,65873133,65873767,55,32,8,pre_aa_hdr_payload
542.2802238464355,1769646670.2652237,42.3644679,-71.0184618,49.875,68:41:79:96:40:E5,e540967941680201021816aafe40f902b191973df477232e32b187c1738823c2759d,-31752.884267001562,157133.01708728596,-213073.8965594598,12537.56501499871,-81569.12774687939,-12374.483107924132,485,528,450,456,1919,1,1,0,ADV_IND,34,37,5,-1,0,67047586,67048220,55,29,8,pre_aa_hdr_payload
545.1672873497009,1769646673.1522872,42.3644679,-71.0184618,49.875,C4:9C:DB:7D:EE:00,00ee7ddb9cc41eff4c001219008a2bf8b562a862b5ba5a0dd318a689b03df13a0db7600300,-54365.50265129056,130465.23686524105,-191682.8976833824,123959.99140011857,-184373.75109311187,-36490.020109450285,455,564,522,522,2063,1,1,2,ADV_NONCONN_IND,37,37,1,-1,0,67510456,67511090,56,32,8,pre_aa_hdr_payload
548.2965111732483,1769646676.281511,42.3644679,-71.0184618,49.875,C9:75:77:98:A9:55,55a9987775c91eff4c001219ff88886fae97913867584a7f98b2ae45737bbdaa368d3b01ff,-31641.694478971458,137952.90088182516,-225770.61194540028,109141.9206042781,-175588.9372460382,-31015.499850758766,569,528,480,486,2063,1,1,2,ADV_NONCONN_IND,37,37,0,-1,0,68095204,68095838,56,32,8,pre_aa_hdr_payload
552.685462474823,1769646680.6704624,42.3644679,-71.0184618,49.875,68:41:79:96:40:E5,e540967941680201021816aafe40f902b191973df477232e32b187c1738823c2759d,-38973.03456075836,194008.72751938083,-217330.8927459054,80780.74257593523,-148926.44307124685,-28646.04016915525,455,570,444,450,1919,1,1,0,ADV_IND,34,37,0,-1,0,68886947,68887582,56,32,8,pre_aa_hdr_payload
554.1101093292236,1769646682.0951092,42.3644679,-71.0184618,49.875,DB:A6:24:60:E0:3D,3de06024a6db1eff4c001219ffe3f95cf8480252190221448c61ffec20c0d59c0b441d02ff,-44726.419515008085,102261.47420255824,-164557.57185211542,78338.98572151092,-170093.3914048499,-45310.74165919366,497,516,522,528,2063,1,1,2,ADV_NONCONN_IND,37,37,5,-1,0,69180875,69181510,55,32,8,pre_aa_hdr_payload
556.0073697566986,1769646683.9923697,42.3644679,-71.0184618,49.875,C4:73:7F:C6:A3:E3,e3a3c67f73c41eff4c001219ff0c1564c7d55ba152ac08d2a7ab9b5d54c0304996705f03ff,-51922.84557353411,135190.41873053214,-216833.3589284658,84085.76836739387,-165647.16173619006,-34360.06460155146,449,588,510,516,2063,1,1,2,ADV_NONCONN_IND,37,37,3,-1,0,69519659,69520293,55,32,8,pre_aa_hdr_payload
556.3865716457367,1769646684.3715715,42.3644679,-71.0184618,49.875,68:41:79:96:40:E5,e540967941680201021816aafe40f902b191973df477232e32b187c1738823c2759d,-38419.5046459425,156305.71435332348,-195084.14236989283,124720.25669845016,-183680.8822845932,-34376.98731596778,473,540,450,456,1919,1,1,0,ADV_IND,34,37,4,-1,0,69566648,69567283,55,32,8,pre_aa_hdr_payload
572.7232434749603,1769646700.7082434,42.3644679,-71.0184618,49.875,68:41:79:96:40:E5,e540967941680201021816aafe40f902b191973df477232e32b187c1738823c2759d,-43224.89847326611,130627.01005743557,-153667.6047467491,94607.86945371453,-171423.8574846342,-32161.940753916417,461,552,450,456,1919,1,1,0,ADV_IND,34,37,0,-1,0,72337535,72338170,56,31,8,pre_aa_hdr_payload
581.2393271923065,1769646709.224327,42.3644679,-71.0184618,49.875,68:41:79:96:40:E5,e540967941680201021816aafe40f902b191973df477232e32b187c1738823c2759d,-39746.19418901133,122524.84890766312,-144131.63432375513,82319.76395939454,-143843.09521125426,-35208.87272373914,443,570,450,456,1919,1,1,0,ADV_IND,34,37,4,-1,0,73141230,73141864,55,32,8,pre_aa_hdr_payload
590.939944267273,1769646718.9249442,42.3644679,-71.0184618,49.875,68:41:79:96:40:E5,e540967941680201021816aafe40f902b191973df477232e32b187c1738823c2759d,-38922.85401462473,135688.84568111275,-195152.2891965069,126530.91610089017,-182035.56678523176,-32457.443758291,485,528,450,456,1919,1,1,0,ADV_IND,34,37,5,-1,0,74331115,74331750,55,32,8,pre_aa_hdr_payload
592.1767468452454,1769646720.1617467,42.3644679,-71.0184618,49.875,68:41:79:96:40:E5,e540967941680201021816aafe40f902b191973df477232e32b187c1738823c2759d,-40235.90452367425,151797.67680431952,-185666.6903311123,112871.60586859571,-186022.97753464643,-34954.799767511046,485,528,450,456,1919,1,1,0,ADV_IND,34,37,4,-1,0,74566437,74567072,55,32,8,pre_aa_hdr_payload
613.8863897323608,1769646741.8713896,42.3644679,-71.0184618,49.875,D1:00:E0:F9:D1:51,51d1f9e000d11eff4c001219002c877b316b78596d738f107a54d12278b5f78310e3b70100,-19946.477160815848,48470.187592956725,-182444.66536610952,21475.09658640396,-131694.60746014706,-4781.033908106619,545,498,510,510,2063,1,1,2,ADV_NONCONN_IND,37,37,0,-1,0,77964420,77965054,56,28,8,pre_aa_hdr_payload
613.9012434482574,1769646741.8862433,42.3644679,-71.0184618,49.875,E3:4E:86:12:18:05,051812864ee31eff4c001219ffd94f204cfa95ff33568723ad0f68584289ada2b4138500ff,-34682.0393560721,52335.15479055382,-163306.14615735304,33290.83462871516,-148439.41373362814,-10682.153307260392,485,516,528,534,2063,1,1,2,ADV_NONCONN_IND,37,37,2,-1,0,77984384,77985019,56,28,8,pre_aa_hdr_payload
628.7293078899384,1769646756.7143078,42.3644679,-71.0184618,49.875,68:41:79:96:40:E5,e540967941680201021816aafe40f902b191973df477232e32b187c1738823c2759d,-45049.29892155327,170187.30963776182,-209970.06931172134,118244.45286710457,-178729.62700075356,-36607.59241646262,473,540,450,456,1919,1,1,0,ADV_IND,34,37,4,-1,0,80322262,80322896,55,32,8,pre_aa_hdr_payload
645.1134338378906,1769646773.0984337,42.3644679,-71.0184618,49.875,68:41:79:96:40:E5,e540967941680201021816aafe40f902b191973df477232e32b187c1738823c2759d,-32330.878354209377,118178.51464566414,-198481.75604720603,129638.33727116352,-151619.10573068383,-23786.007558362806,467,534,456,462,1919,1,1,0,ADV_IND,34,37,5,-1,0,82600062,82600697,55,30,8,pre_aa_hdr_payload
670.0871694087982,1769646798.0721693,42.3644679,-71.0184618,49.875,DB:41:16:DF:2F:13,132fdf1641db1eff4c001219fff577bfac2ee2f011e55dea6ec0a1fc8043e8239d27b803ff,-66692.11581961195,38803.87030223484,-170862.57831246243,50597.46909493797,-154705.92595020132,-39595.956372949586,419,618,510,516,2063,1,1,2,ADV_NONCONN_IND,37,37,2,-1,0,85764251,85764886,56,29,8,pre_aa_hdr_payload
676.1497402191162,1769646804.13474,42.3644679,-71.0184618,49.875,FF:8F:45:D0:21:78,7821d0458fff1eff4c001219ffe5eb141ec8cf7d571580300e9d3330f4389a2b741f6d00ff,-45952.95429444115,92186.37642489132,-186849.63087619803,56169.59812991769,-101247.51803891758,-42891.77953982199,503,534,510,516,2063,1,1,2,ADV_NONCONN_IND,37,37,1,-1,0,86644887,86645522,56,28,8,pre_aa_hdr_payload
696.7222125530243,1769646824.7072124,42.3644679,-71.0184618,49.875,F3:91:5A:CC:44:91,9144cc5a91f31eff4c001219003b1569b6c6282552c4b3f102df63d04c50c85fda4db00300,-72799.58560722411,17346.424148427977,-177149.84334501473,72253.47325317642,-78553.27442646054,-14680.122157028323,491,588,492,492,2063,1,1,2,ADV_NONCONN_IND,37,37,0,-1,0,89776790,89777425,56,28,8,pre_aa_hdr_payload
718.1799740791321,1769646846.164974,42.3644679,-71.0184618,49.875,EF:4A:57:AA:DD:40,40ddaa574aef1eff4c001219fff1632b835c07714efebe88360aa3795c04c7439c3d6203ff,-24881.945182035888,108125.87701222874,-89605.13162759277,85050.87208061318,-134121.634891606,-18645.054999027103,485,576,498,504,2063,1,1,2,ADV_NONCONN_IND,37,37,0,-1,0,93336595,93337229,56,32,8,pre_aa_hdr_payload
724.1416273117065,1769646852.1266272,42.3644679,-71.0184618,49.875,CF:47:70:A3:BE:5B,5bbea37047cf1eff4c001219ff3b17c18ab492ebaf841da3ca88430264ec8895e2572000ff,-55388.7966139289,71240.75482024119,-164965.0706871582,98731.89320030123,-70460.85809140008,-37082.52283139207,491,630,468,474,2063,1,1,2,ADV_NONCONN_IND,37,37,5,-1,0,94122561,94123195,55,32,8,pre_aa_hdr_payload
740.6102120876312,1769646868.595212,42.3644679,-71.0184618,49.875,53:16:9D:0B:26:FC,fc260b9d16530201021816aafe40f902b191973df477232e32b187c1738823c2759d,-31915.40719558946,145334.73969744437,-159937.67117870142,93391.86302001537,-151762.53921348357,-27552.694485304408,485,612,408,414,1919,1,1,0,ADV_IND,34,37,4,-1,0,96679250,96679884,56,32,8,pre_aa_hdr_payload
756.8015739917755,1769646884.786574,42.3644679,-71.0184618,49.875,53:16:9D:0B:26:FC,fc260b9d16530201021816aafe40f902b191973df477232e32b187c1738823c2759d,-37804.89078403601,136366.8492975629,-167190.9543050282,107692.6794476447,-157496.6289965048,-28701.335153916945,491,534,444,450,1919,1,1,0,ADV_IND,34,37,2,-1,0,99517946,99518580,56,32,8,pre_aa_hdr_payload
758.2783391475677,1769646886.263339,42.3644679,-71.0184618,49.875,FF:BA:6B:5D:B6:84,84b65d6bbaff1eff4c001219ff0303b9ede410a97cef48337480d91a71f15b470a9c4000ff,-62331.89380167173,156390.41521887202,-210440.2698379109,98092.02322901734,-170799.826982568,-47051.077788418675,491,630,468,474,2063,1,1,2,ADV_NONCONN_IND,37,37,5,-1,0,99777087,99777722,55,32,8,pre_aa_hdr_payload
760.0400857925415,1769646888.0250857,42.3644679,-71.0184618,49.875,E3:B6:A6:11:85:0B,0b8511a6b6e31eff4c001219ffdaee749f54002db5fc25ebd23ee5ee0fbebe1d08524b01ff,-45777.31882558325,137505.46181799826,-219265.03507343505,104229.21588263859,-172579.09235065238,-37069.40199322217,503,558,498,504,2063,1,1,2,ADV_NONCONN_IND,37,37,5,-1,0,100053676,100054311,55,32,8,pre_aa_hdr_payload
770.3904700279236,1769646898.37547,42.3644679,-71.0184618,49.875,CA:73:3B:D8:A5:C2,c2a5d83b73ca1eff4c001219ff3bce47cfa31ec4482495a723c0d11836785feb44756e02ff,-56749.501922071446,123670.0821967574,-211708.48090200045,75367.4271910563,-103762.78785177303,-38604.55595301608,497,588,486,492,2063,1,1,2,ADV_NONCONN_IND,37,37,0,-1,0,101585389,101586023,56,31,8,pre_aa_hdr_payload
770.8296377658844,1769646898.8146377,42.3644679,-71.0184618,49.875,53:16:9D:0B:26:FC,fc260b9d16530201021816aafe40f902b191973df477232e32b187c1738823c2759d,-36989.992296589364,155573.1106604062,-195068.78154343172,121483.12705041701,-187380.22502115872,-35147.49777442929,491,546,438,444,1919,1,1,0,ADV_IND,34,37,1,-1,0,101683408,101684043,56,32,8,pre_aa_hdr_payload
772.4046068191528,1769646900.3896067,42.3644679,-71.0184618,49.875,C1:6B:7F:87:39:3A,3a39877f6bc11eff4c001219ffd587523b3076cd0d774b501bb3f2b4ee99feafde6a0b01ff,-50906.95098250771,171469.63331113226,-151620.23653440148,120753.98118921446,-148736.40976680213,-46350.23114049563,353,900,402,408,2063,1,1,2,ADV_NONCONN_IND,37,37,4,-1,0,101849062,101849696,55,32,8,pre_aa_hdr_payload
776.2547492980957,1769646904.2397492,42.3644679,-71.0184618,49.875,EA:F7:4E:4E:F0:EF,eff04e4ef7ea1eff4c001219ff71e4ea18d5a65fffb819b3dcb4833f8060fe89acff5800ff,-33040.57414132923,129787.53076087327,-202757.0757660486,87183.96456029611,-61670.041327736915,-14406.336653762875,551,486,510,516,2063,1,1,2,ADV_NONCONN_IND,37,37,5,-1,0,102445797,102446431,55,32,8,pre_aa_hdr_payload
776.9805924892426,1769646904.9655924,42.3644679,-71.0184618,49.875,53:16:9D:0B:26:FC,fc260b9d16530201021816aafe40f902b191973df477232e32b187c1738823c2759d,-38268.617940692406,161051.54158408358,-198081.89790075363,125109.87569551985,-185299.8407928752,-31322.00422974608,491,534,444,450,1919,1,1,0,ADV_IND,34,37,5,-1,0,102586067,102586702,55,32,8,pre_aa_hdr_payload
779.0833156108856,1769646907.0683155,42.3644679,-71.0184618,49.875,53:16:9D:0B:26:FC,fc260b9d16530201021816aafe40f902b191973df477232e32b187c1738823c2759d,-38089.80927977786,177114.74787335348,-216860.60407609562,122752.3078637165,-184845.32448532098,-34895.82226340323,491,534,444,450,1919,1,1,0,ADV_IND,34,37,1,-1,0,102995039,102995673,56,32,8,pre_aa_hdr_payload
781.2741243839264,1769646909.2591243,42.3644679,-71.0184618,49.875,F3:91:5A:CC:44:91,9144cc5a91f31eff4c001219003b1569b6c6282552c4b3f102df63d04c50c85fda4db00300,-76775.01895700257,118362.40967480066,-220992.82816053138,23860.8303369764,-155186.37772013672,-23216.790010843863,461,618,492,492,2063,1,1,2,ADV_NONCONN_IND,37,37,4,-1,0,103389343,103389978,55,29,8,pre_aa_hdr_payload
783.4311215877533,1769646911.4161215,42.3644679,-71.0184618,49.875,53:16:9D:0B:26:FC,fc260b9d16530201021816aafe40f902b191973df477232e32b187c1738823c2759d,-34069.14727102146,144591.34559261965,-183774.19546255813,122806.06083887679,-192049.77383340735,-29026.398279310513,485,552,438,444,1919,1,1,0,ADV_IND,34,37,5,-1,0,103698202,103698836,55,32,8,pre_aa_hdr_payload
787.8751711845398,1769646915.860171,42.3644679,-71.0184618,49.875,FC:83:F6:A1:BA:6D,6dbaa1f683fc1eff4c001219ff4b7b69dc289b68e2042bd3d291f9513cf0ce655be42102ff,-51314.723948739054,127418.81916345854,-211778.9940452726,77356.45122131414,-132260.40717820218,-51248.00587022993,509,528,510,516,2063,1,1,2,ADV_NONCONN_IND,37,37,4,-1,0,104332448,104333083,55,29,8,pre_aa_hdr_payload
789.0306961536407,1769646917.015696,42.3644679,-71.0184618,49.875,53:16:9D:0B:26:FC,fc260b9d16530201021816aafe40f902b191973df477232e32b187c1738823c2759d,-30873.65037782327,183130.3324367499,-186011.03278659302,128284.62386397884,-180593.6628686578,-31047.25367194794,491,546,438,444,1919,1,1,0,ADV_IND,34,37,0,-1,0,104454817,104455451,56,32,8,pre_aa_hdr_payload
791.3233456611633,1769646919.3083456,42.3644679,-71.0184618,49.875,53:16:9D:0B:26:FC,fc260b9d16530201021816aafe40f902b191973df477232e32b187c1738823c2759d,-36461.69495044825,161317.39065454964,-200560.21795398512,131658.96453569602,-185102.18344113816,-31169.92462225564,491,534,444,450,1919,1,1,0,ADV_IND,34,37,4,-1,0,104668102,104668737,55,32,8,pre_aa_hdr_payload
793.3081650733948,1769646921.293165,42.3644679,-71.0184618,49.875,53:16:9D:0B:26:FC,fc260b9d16530201021816aafe40f902b191973df477232e32b187c1738823c2759d,-37630.83479642605,120265.32156494624,-148551.70466353738,81849.8928029021,-158399.51719855124,-31416.191517607356,491,534,444,450,1919,1,1,0,ADV_IND,34,37,0,-1,0,104995539,104996173,56,32,8,pre_aa_hdr_payload
794.0464539527893,1769646922.0314538,42.3644679,-71.0184618,49.875,DA:53:16:36:C4:DA,dac4361653da1eff4c001219ffecc486debabb47dc0c7f70d0c4d1289c999e56019e8002ff,-52392.73057262333,113396.32721809665,-150079.02435445032,71954.18762780307,-139000.65497823752,-41264.69327939724,407,618,516,522,2063,1,1,2,ADV_NONCONN_IND,37,37,1,-1,0,105156570,105157204,56,32,8,pre_aa_hdr_payload
797.9647405147552,1769646925.9497404,42.3644679,-71.0184618,49.875,E9:FF:DE:13:83:62,628313deffe91eff4c001219ff73f00fd71abd7c9425c3651051ebb0ab2114db90c89c02ff,-59987.353102967565,80941.81475649282,-138358.67320018803,67045.7796996637,-153479.82042672412,-34348.52071597155,437,600,510,516,2063,1,1,2,ADV_NONCONN_IND,37,37,2,-1,0,105704092,105704727,56,29,8,pre_aa_hdr_payload
815.9811100959778,1769646943.96611,42.3644679,-71.0184618,49.875,C1:29:0E:16:8F:56,568f160e29c11eff4c001219ff332aa3e87319d909637b13d3c8c204af58c785807c6e02ff,-41664.047277801146,111741.94187662551,-192597.4760823748,90393.85265134758,-166542.39245923483,-37890.53373560278,473,492,546,552,2063,1,1,2,ADV_NONCONN_IND,37,37,0,-1,0,108184205,108184839,56,30,8,pre_aa_hdr_payload
825.9745671749115,1769646953.959567,42.3644679,-71.0184618,49.875,CB:44:03:80:BA:8B,8bba800344cb1eff4c001219ff4e8b89cb6a66298900b0dca37bba69a35dbaaf22051a00ff,-70063.81736409971,32004.90518415734,-222370.57799868757,91412.53608212262,-176722.632149331,-41544.887648451324,389,564,552,558,2063,1,1,2,ADV_NONCONN_IND,37,37,5,-1,0,109754995,109755629,55,32,8,pre_aa_hdr_payload
847.9157912731171,1769646975.9007912,42.3644679,-71.0184618,49.875,F0:9E:54:C5:22:3E,3e22c5549ef01eff4c001219ff34518573c9369e7ae6753ed829721b01c224638915f403ff,-79440.67815410388,47538.42322450056,-179496.04637369522,95673.5844342693,-163790.4817378342,-46053.69373542904,455,642,480,486,2063,1,1,2,ADV_NONCONN_IND,37,37,3,-1,0,112387488,112388123,56,30,8,pre_aa_hdr_payload
852.2773613929749,1769646980.2623613,42.3644679,-71.0184618,49.875,ED:C9:99:26:03:F5,f5032699c9ed1eff4c001219ffb7d3bc36b23e1d56bdc7c66f24c4bb1a94327d2c302202ff,-56429.877527557466,153984.07757412625,-219462.9240197999,82935.40244403748,-158454.20934205773,-44024.97640684,443,546,534,540,2063,1,1,2,ADV_NONCONN_IND,37,37,5,-1,0,112935068,112935702,55,29,8,pre_aa_hdr_payload
857.9728043079376,1769646985.9578042,42.3644679,-71.0184618,49.875,D9:EF:58:E0:3C:14,143ce058efd91eff4c001219ffc4385584ef189ac8a1f8adcb28705b0b946bedda23fe02ff,-97462.36709393882,69795.58853229861,-168777.21912981232,96743.47337498984,-183614.0412028991,-64772.35870566049,413,720,462,468,2063,1,1,2,ADV_NONCONN_IND,37,37,2,-1,0,113638066,113638700,56,32,7,pre_aa_hdr_payload
866.0087254047394,1769646993.9937253,42.3644679,-71.0184618,49.875,F6:EE:CE:97:E4:55,55e497ceeef61eff4c001219ffa77dd87305d00b764cb5f3aed519db0830c10451e2e602ff,-11076.053554185817,80802.14772276439,-186840.88563125252,107309.03051568202,-25111.344831024988,-6188.161863631581,563,438,528,534,2063,1,1,2,ADV_NONCONN_IND,37,37,4,-1,0,114792071,114792706,55,31,8,pre_aa_hdr_payload
876.0426514148712,1769647004.0276513,42.3644679,-71.0184618,49.875,E5:6E:20:BA:65:E8,e865ba206ee51eff4c001219ff0650ddf93fe33276eaa46a37a0c54550942cd4d0571f01ff,-48314.90486077454,104391.84108101697,-197020.65342641767,98622.09680211735,-161188.9222062042,-47107.14515415013,533,588,468,474,2063,1,1,2,ADV_NONCONN_IND,37,37,2,-1,0,116110756,116111390,56,30,8,pre_aa_hdr_payload
882.0166473388672,1769647010.0016472,42.3644679,-71.0184618,49.875,EC:60:37:97:FB:5D,5dfb973760ec1eff4c001219ffc1042bd747622d8ffbd7bfb465a3a327da00b7db649503ff,-40784.66042084433,166677.36297656852,-212303.9575852673,91751.8587102066,-139197.3234034222,-37544.25457460908,485,588,492,498,2063,1,1,2,ADV_NONCONN_IND,37,37,4,-1,0,116968095,116968729,55,31,8,pre_aa_hdr_payload
890.0992262363434,1769647018.0842261,42.3644679,-71.0184618,49.875,D4:D8:CB:3C:38:70,70383ccbd8d41eff4c001219ff1f74aef9da29642ac8f708edddbb6aed55803355a06c03ff,-22344.426737258364,136238.91949732116,-213857.31792002835,108221.18808314485,-175041.27672132355,-29930.778167482596,581,492,492,498,2063,1,1,2,ADV_NONCONN_IND,37,37,0,-1,0,118226153,118226788,56,32,8,pre_aa_hdr_payload
909.1373934745789,1769647037.1223934,42.3644679,-71.0184618,49.875,CE:06:56:9C:E5:C1,c1e59c5606ce1eff4c001219009073e89e3cf02ed5349dd5a848bdf6972a837fd2d3b60100,-60392.21968140711,87593.24810184755,-125676.01809944879,39074.61212783665,-162824.8820027568,-26668.418687264653,353,846,432,432,2063,1,1,2,ADV_NONCONN_IND,37,37,0,-1,0,121087113,121087747,56,29,8,pre_aa_hdr_payload
920.2494101524353,1769647048.23441,42.3644679,-71.0184618,49.875,D5:8B:88:EB:D4:8A,8ad4eb888bd51eff4c001219ffb832ac45c3d6ac913685a2fba9a368cba7134b2dbda402ff,-93316.46360587004,119704.04001692591,-201687.532991649,83950.47625894008,-174538.43700463927,-62718.34763340009,329,672,528,534,2063,1,1,2,ADV_NONCONN_IND,37,37,5,-1,0,122337696,122338331,55,30,8,pre_aa_hdr_payload
928.3575098514557,1769647056.3425097,42.3644679,-71.0184618,49.875,F2:C3:0A:1A:27:07,07271a0ac3f21eff4c001219ff1c486b57bd2dda85977649f1e1d01b8c817c7f0dfbd803ff,-52155.04710393113,141371.6512278807,-224233.35716328782,102994.84038436033,-179287.98435144674,-39733.894229038284,509,588,480,486,2063,1,1,2,ADV_NONCONN_IND,37,37,4,-1,0,123701989,123702624,55,32,8,pre_aa_hdr_payload
938.4237439632416,1769647066.4087439,42.3644679,-71.0184618,49.875,FE:53:5F:6E:AA:E6,e6aa6e5f53fe1eff4c001219005543597a909614ad30b7fd5c79e949c531478ba051ea0300,-18473.900824420274,113551.37053918089,-173459.89991109405,111412.98845772809,-149330.03375644668,-27292.660728544703,539,528,498,498,2063,1,1,2,ADV_NONCONN_IND,37,37,5,-1,0,125215008,125215642,55,32,8,pre_aa_hdr_payload
948.0713996887207,1769647076.0563996,42.3644679,-71.0184618,49.875,E5:A0:76:99:F9:E4,e4f99976a0e51eff4c00121900610daaa4689753fa78cf46563a7014395e8f819083bb0200,-54777.99983170491,104909.44157890842,-184166.16945747042,105019.4743840731,-103456.43939981503,-33718.77728958569,467,540,528,528,2063,1,1,2,ADV_NONCONN_IND,37,37,0,-1,0,126728594,126729228,56,31,8,pre_aa_hdr_payload
951.1822278499603,1769647079.1672277,42.3644679,-71.0184618,49.875,E9:3C:83:D0:9D:61,619dd0833ce91eff4c00121950fad0281cd8259dd0bc498dc825314916eac6c5d172db0261,-42751.786921267274,141639.23302847537,-219217.79210984404,111060.19391434964,-177119.06782290552,-36008.503622155404,497,522,522,522,2063,1,1,0,ADV_IND,37,37,5,-1,0,127205607,127206241,55,32,8,pre_aa_hdr_payload
951.2130184173584,1769647079.1980183,42.3644679,-71.0184618,49.875,C7:44:6F:23:9D:51,519d236f44c71eff4c00121950de9c9dbd6e3615dd63a05078150e96a93820474ed1130251,-42174.76044419333,108303.96569825345,-146929.69833428247,10473.133254548704,-104523.07124238358,-15895.701730816363,473,510,540,540,2063,1,1,0,ADV_IND,37,37,0,-1,0,127246993,127247628,56,29,8,pre_aa_hdr_payload
951.2199339866638,1769647079.204934,42.3644679,-71.0184618,49.875,DF:DC:E5:1D:2B:6C,6c2b1de5dcdf0201060303edfe0d16edfe0200146ca1a0a6547ae7,-43743.9786214041,103131.64609957309,-186110.02090389494,100130.01345956881,-160681.8992350915,-30625.120255119808,383,384,408,408,1583,1,1,0,ADV_IND,27,37,0,-1,0,127256288,127256923,56,32,8,pre_aa_hdr_payload
952.1102244853973,1769647080.0952244,42.3644679,-71.0184618,49.875,E1:36:B6:F3:D3:0D,0dd3f3b636e11eff4c001219ff7724407db7495c84688b6064d3cf25b4c8ecc3f96d6400ff,-50531.38306973927,131002.64214449965,-206065.70164971406,89388.23051701926,-177978.48648385922,-44693.8390054083,473,552,516,522,2063,1,1,2,ADV_NONCONN_IND,37,37,2,-1,0,127379685,127380320,56,32,8,pre_aa_hdr_payload
956.6842694282532,1769647084.6692693,42.3644679,-71.0184618,49.875,E9:42:FC:07:38:3D,3d3807fc42e91eff4c001219ff55906717164be1b9c73b0142158911dd92aa08a08d4601ff,-44015.63872387783,98251.1150078002,-186640.10911771056,79483.34602912406,-94447.73471390804,-31413.18340446928,461,480,558,564,2063,1,1,2,ADV_NONCONN_IND,37,37,0,-1,0,127929247,127929881,56,32,8,pre_aa_hdr_payload
962.057886838913,1769647090.0428867,42.3644679,-71.0184618,49.875,CB:68:6F:9B:22:FA,fa229b6f68cb1eff4c001219ff2c038412f59f6d9de308478d22baebcaf9e64061ac2e00ff,-44002.625790533384,110138.34616228941,-171980.122126531,97059.74361021823,-184747.37854249464,-41290.06428912959,497,552,504,510,2063,1,1,2,ADV_NONCONN_IND,37,37,0,-1,0,128492000,128492634,56,32,8,pre_aa_hdr_payload
965.2296619415283,1769647093.2146618,42.3644679,-71.0184618,49.875,DF:DC:E5:1D:2B:6C,6c2b1de5dcdf0201060303edfe0d16edfe0200146ca1a0a6547ae7,-30103.845368527047,101183.51312829008,-173515.92925582375,104181.73049440455,-157707.61723300442,-23110.89742354457,395,372,408,408,1583,1,1,0,ADV_IND,27,37,1,-1,0,129005232,129005867,56,32,7,pre_aa_hdr_payload
967.3302884101868,1769647095.3152883,42.3644679,-71.0184618,49.875,DF:DC:E5:1D:2B:6C,6c2b1de5dcdf0201060303edfe0d16edfe0200146ca1a0a6547ae7,-42638.69392948121,72876.5500515725,-123872.44489946085,88913.09029230157,-150388.57328850322,-46311.11091920785,371,384,414,414,1583,1,1,0,ADV_IND,27,37,1,-1,0,129357948,129358582,56,31,8,pre_aa_hdr_payload
972.5313773155212,1769647100.5163772,42.3644679,-71.0184618,49.875,F9:D7:60:17:F7:5C,5cf71760d7f91eff4c0012190000fc8a6d92ac4cb7ab5b68a7a3fa8af0450081bc7d130000,-42511.8694115307,156386.85989102538,-221406.2121008771,122905.2719881251,-190350.97996537277,-36763.459727495,515,564,492,492,2063,1,1,2,ADV_NONCONN_IND,37,37,5,-1,0,129951925,129952560,55,32,8,pre_aa_hdr_payload
975.1292462348938,1769647103.1142461,42.3644679,-71.0184618,49.875,C0:4F:8D:A7:36:66,6636a78d4fc01eff4c00121900c39481484b756a05158e8753118c22682b5df7ead0400300,-53566.14284422898,139989.3530873765,-200836.23848878557,129923.00076421871,-170947.25455118128,-28893.20167151574,455,576,516,516,2063,1,1,2,ADV_NONCONN_IND,37,37,5,-1,0,130090560,130091195,55,32,8,pre_aa_hdr_payload
984.1565113067627,1769647112.1415112,42.3644679,-71.0184618,49.875,E2:1B:63:86:DE:72,72de86631be21eff4c00121900764c200a445eb94773e0e49c40926ce4a3849b95c9ef0000,-22309.004024361326,113575.0573077289,-188535.21280201233,110427.49400348969,-137349.14990870777,-17456.39529984807,473,498,546,546,2063,1,1,2,ADV_NONCONN_IND,37,37,5,-1,0,131305511,131306145,55,32,8,pre_aa_hdr_payload
995.7260808944702,1769647123.7110808,42.3644679,-71.0184618,49.875,DF:DC:E5:1D:2B:6C,6c2b1de5dcdf0201060303edfe0d16edfe0200146ca1a0a6547ae7,-32824.64767108827,83737.30300606678,-151344.9624287929,89729.6390189435,-37832.319044726944,-12164.338635871754,353,402,414,414,1583,1,1,0,ADV_IND,27,37,0,-1,0,132831077,132831712,56,32,8,pre_aa_hdr_payload
998.2349569797516,1769647126.2199569,42.3644679,-71.0184618,49.875,DF:DC:E5:1D:2B:6C,6c2b1de5dcdf0201060303edfe0d16edfe0200146ca1a0a6547ae7,-33019.53573569799,118329.12985591791,-197520.85138159816,110821.44333964116,-169894.8329498147,-30125.574473868448,383,384,408,408,1583,1,1,0,ADV_IND,27,37,2,-1,0,133115579,133116214,56,32,8,pre_aa_hdr_payload
1004.9133398532867,1769647132.8983397,42.3644679,-71.0184618,49.875,FC:4A:6B:15:5A:5D,5d5a156b4afc1eff4c001219ffacf2ed93886f6bb472c931c288ca003bbe7bfbd5511d00ff,-39951.220815685476,156580.9874397219,-145803.69143801517,105871.49300992304,-137509.7198897168,-44279.4406499979,389,900,384,390,2063,1,1,2,ADV_NONCONN_IND,37,37,4,-1,0,133894462,133895097,55,32,8,pre_aa_hdr_payload
1009.952924489975,1769647137.9379244,42.3644679,-71.0184618,49.875,DF:DC:E5:1D:2B:6C,6c2b1de5dcdf0201060303edfe0d16edfe0200146ca1a0a6547ae7,-27964.863126331642,147708.91343312914,-218603.6739242836,115125.72910782418,-173249.55692531343,-13685.618737251914,383,384,408,408,1583,1,1,0,ADV_IND,27,37,4,-1,0,134378194,134378828,55,32,8,pre_aa_hdr_payload
1024.1613488197327,1769647152.1463487,42.3644679,-71.0184618,49.875,C9:B0:17:06:C7:58,58c70617b0c90201060303edfe0d16edfe0200c0b7ac6df1ce1f61,-15929.319181404528,120627.3292145101,-144187.63938998347,86457.17936177326,-21921.321111249446,-4125.679000787293,353,372,426,432,1583,1,1,0,ADV_IND,27,37,0,-1,0,135676043,135676677,56,28,8,pre_aa_hdr_payload
1024.1747295856476,1769647152.1597295,42.3644679,-71.0184618,49.875,DF:DC:E5:1D:2B:6C,6c2b1de5dcdf0201060303edfe0d16edfe0200146ca1a0a6547ae7,-33163.95510556803,122804.3866699482,-200129.4069523781,102455.52043216288,-162801.15571867503,-21964.29121662041,371,384,414,414,1583,1,1,0,ADV_IND,27,37,5,-1,0,135694028,135694662,55,32,8,pre_aa_hdr_payload
1026.2327597141266,1769647154.2177596,42.3644679,-71.0184618,49.875,DF:DC:E5:1D:2B:6C,6c2b1de5dcdf0201060303edfe0d16edfe0200146ca1a0a6547ae7,-27971.61149553733,106234.03465027791,-168710.6697304475,48181.30610504622,-122382.56070836665,-17887.05244757612,383,384,408,408,1583,1,1,0,ADV_IND,27,37,2,-1,0,135948148,135948782,56,32,8,pre_aa_hdr_payload
1033.7492299079895,1769647161.7342298,42.3644679,-71.0184618,49.875,DF:DC:E5:1D:2B:6C,6c2b1de5dcdf0201060303edfe0d16edfe0200146ca1a0a6547ae7,-37264.88962414332,161961.1401524791,-235635.27847711905,96921.3369997173,-165497.36281877433,-37034.06818468735,377,390,408,408,1583,1,1,0,ADV_IND,27,37,5,-1,0,136772847,136773482,55,32,8,pre_aa_hdr_payload
1049.3812935352325,1769647177.3662934,42.3644679,-71.0184618,49.875,C0:4F:8D:A7:36:66,6636a78d4fc01eff4c00121900c39481484b756a05158e8753118c22682b5df7ead0400300,-48833.43005604163,25383.669756876632,-172505.58705682782,23434.6685137478,-141118.39513577032,-10798.287577939516,455,552,528,528,2063,1,1,2,ADV_NONCONN_IND,37,37,4,-1,0,138773634,138774269,55,29,8,pre_aa_hdr_payload
1050.506469964981,1769647178.4914699,42.3644679,-71.0184618,49.875,FE:53:5F:6E:AA:E6,e6aa6e5f53fe1eff4c001219005543597a909614ad30b7fd5c79e949c531478ba051ea0300,-29742.446540917423,103180.15925503457,-163563.59829755322,104154.49535943127,-145982.2847571354,-31508.938195624232,539,528,498,498,2063,1,1,2,ADV_NONCONN_IND,37,37,1,-1,0,138982576,138983210,56,32,7,pre_aa_hdr_payload
1054.6053140163422,1769647182.590314,42.3644679,-71.0184618,49.875,F7:4F:13:6E:95:5D,5d956e134ff71eff4c00121900d632d69883a53911e471162c0714c99d06a3721d364d0300,-31145.018774300763,157095.8220053168,-220577.113165768,101676.04930647607,-165251.46007082285,-16690.62105415492,515,528,510,510,2063,1,1,2,ADV_NONCONN_IND,37,37,1,-1,0,139720736,139721370,56,32,8,pre_aa_hdr_payload
1055.6240832805634,1769647183.6090832,42.3644679,-71.0184618,49.875,C0:4F:8D:A7:36:66,6636a78d4fc01eff4c00121900c39481484b756a05158e8753118c22682b5df7ead0400300,-51351.93425021061,110738.25428805639,-151052.03828472222,118838.07846617434,-132248.58093468126,-36738.97659530425,455,564,522,522,2063,1,1,2,ADV_NONCONN_IND,37,37,5,-1,0,139803110,139803745,55,32,8,pre_aa_hdr_payload
1068.171219587326,1769647196.1562195,42.3644679,-71.0184618,49.875,C9:B0:17:06:C7:58,58c70617b0c90201060303edfe0d16edfe0200c0b7ac6df1ce1f61,-30421.616362747845,121378.09361613773,-30888.841636772893,58888.54842845758,-148205.35097113016,-15853.789525790653,353,372,426,432,1583,1,1,0,ADV_IND,27,37,1,-1,0,141239708,141240343,56,31,8,pre_aa_hdr_payload
1071.3101651668549,1769647199.295165,42.3644679,-71.0184618,49.875,C0:4F:8D:A7:36:66,6636a78d4fc01eff4c00121900c39481484b756a05158e8753118c22682b5df7ead0400300,-50857.70247260597,114059.26005237908,-197780.62992192805,118798.90921529631,-175808.60071373452,-42713.81073232454,455,564,522,522,2063,1,1,2,ADV_NONCONN_IND,37,37,5,-1,0,141727958,141728592,55,32,8,pre_aa_hdr_payload
1077.90407538414,1769647205.8890753,42.3644679,-71.0184618,49.875,E6:50:F1:F8:1E:1D,1d1ef8f150e61eff4c001219ff5b4af40a6d5662be6e402b48a3acf109a98015483ee300ff,-60244.203790046835,128793.37824917758,-189402.70162081064,95344.07847769171,-170373.30682298503,-52448.47393629997,443,582,516,522,2063,1,1,2,ADV_NONCONN_IND,37,37,4,-1,0,142666847,142667481,55,32,8,pre_aa_hdr_payload
1079.112673997879,1769647207.097674,42.3644679,-71.0184618,49.875,C0:4F:8D:A7:36:66,6636a78d4fc01eff4c00121900c39481484b756a05158e8753118c22682b5df7ead0400300,-49162.12223817043,154355.8174313966,-213656.93646774068,118329.5468275999,-156489.38211237156,-33137.05192730119,437,558,534,534,2063,1,1,2,ADV_NONCONN_IND,37,37,0,-1,0,142866947,142867582,56,32,8,pre_aa_hdr_payload
1081.0635430812836,1769647209.048543,42.3644679,-71.0184618,49.875,F9:D7:60:17:F7:5C,5cf71760d7f91eff4c0012190000fc8a6d92ac4cb7ab5b68a7a3fa8af0450081bc7d130000,-36672.95056735917,94980.50637100819,-102863.30885817687,90791.75954519452,-160882.77336411478,-21390.997458044898,515,552,498,498,2063,1,1,2,ADV_NONCONN_IND,37,37,2,-1,0,143130259,143130894,56,29,8,pre_aa_hdr_payload
1086.5375759601593,1769647214.5225759,42.3644679,-71.0184618,49.875,DF:DC:E5:1D:2B:6C,6c2b1de5dcdf0201060303edfe0d16edfe0200146ca1a0a6547ae7,-31060.512970146196,80833.27608138668,-191114.32945063934,70464.2369081552,-158509.4676773023,-7656.197313693663,377,378,414,414,1583,1,1,0,ADV_IND,27,37,5,-1,0,143560830,143561465,55,30,8,pre_aa_hdr_payload
1088.0360887050629,1769647216.0210886,42.3644679,-71.0184618,49.875,C9:B0:17:06:C7:58,58c70617b0c90201060303edfe0d16edfe0200c0b7ac6df1ce1f61,-24635.441164347634,68211.08541868726,-135442.12164210164,92678.12137256113,-46351.605979033375,-18547.57180795099,347,414,408,414,1583,1,1,0,ADV_IND,27,37,5,-1,0,143822319,143822954,55,32,8,pre_aa_hdr_payload
1092.229548215866,1769647220.214548,42.3644679,-71.0184618,49.875,C9:B0:17:06:C7:58,58c70617b0c90201060303edfe0d16edfe0200c0b7ac6df1ce1f61,-31097.71971422755,178202.58327213975,-210317.925334828,116683.75689438522,-161658.94470639192,-23090.954438355348,353,384,420,426,1583,1,1,0,ADV_IND,27,37,0,-1,0,144393943,144394577,56,32,8,pre_aa_hdr_payload
1101.9567430019379,1769647229.941743,42.3644679,-71.0184618,49.875,DF:DC:E5:1D:2B:6C,6c2b1de5dcdf0201060303edfe0d16edfe0200146ca1a0a6547ae7,-39836.56257221228,148359.58548037446,-221371.0918575587,102019.70755979832,-173649.42190208664,-28318.18655402833,383,384,408,408,1583,1,1,0,ADV_IND,27,37,0,-1,0,145418912,145419546,56,32,8,pre_aa_hdr_payload
1108.5128765106201,1769647236.4978764,42.3644679,-71.0184618,49.875,C9:B0:17:06:C7:58,58c70617b0c90201060303edfe0d16edfe0200c0b7ac6df1ce1f61,-32096.901686103538,122360.10731348817,-128265.43852963204,111361.53439588465,-147791.79749980013,-18675.82469199962,341,396,420,426,1583,1,1,0,ADV_IND,27,37,4,-1,0,146016655,146017289,55,30,8,pre_aa_hdr_payload
1108.5203387737274,1769647236.5053387,42.3644679,-71.0184618,49.875,F9:00:20:52:CB:BA,bacb522000f91eff4c001219ffb52e5a7fb60f8c83eae726855cd50b9a37c9b7f8095f02ff,-60432.29012459789,122529.42233977061,-208618.75756743446,89122.35244510285,-185894.77179626032,-62690.74273650311,443,546,534,540,2063,1,1,2,ADV_NONCONN_IND,37,37,0,-1,0,146026685,146027319,56,32,8,pre_aa_hdr_payload
1117.8781740665436,1769647245.863174,42.3644679,-71.0184618,49.875,F0:6A:20:53:AD:D4,d4ad53206af01eff4c001219ffbb4f38813633d48ca30cfe36243516ee072c83d6b08501ff,-44712.26465941006,154798.87126228807,-226630.69607111585,91822.60255402105,-174321.4281673687,-37781.99789623988,545,612,450,456,2063,1,1,2,ADV_NONCONN_IND,37,37,5,-1,0,146865316,146865951,55,31,8,pre_aa_hdr_payload
1120.1513800621033,1769647248.13638,42.3644679,-71.0184618,49.875,C0:4F:8D:A7:36:66,6636a78d4fc01eff4c00121900c39481484b756a05158e8753118c22682b5df7ead0400300,-53824.56234038559,133970.22390822618,-202932.17789220787,113658.46302007418,-113049.00463405326,-32550.69923138337,431,588,522,522,2063,1,1,2,ADV_NONCONN_IND,37,37,5,-1,0,147076661,147077295,55,30,8,pre_aa_hdr_payload
1120.1812155246735,1769647248.1662154,42.3644679,-71.0184618,49.875,DF:DC:E5:1D:2B:6C,6c2b1de5dcdf0201060303edfe0d16edfe0200146ca1a0a6547ae7,-36141.4657996006,148337.10765965,-228365.96941817418,109992.45025657193,-170793.8702241183,-27744.086662867718,377,390,408,408,1583,1,1,0,ADV_IND,27,37,4,-1,0,147116763,147117398,55,32,8,pre_aa_hdr_payload
1142.5466377735138,1769647270.5316377,42.3644679,-71.0184618,49.875,DF:E3:E2:41:0F:A3,a30f41e2e3df1eff4c00121900a3e195139677ebff5eacb8e67fed578c6b486a54fc270000,-45551.7340409546,90065.71683304073,-146328.17130670336,25286.43997664073,-93355.09443419098,-23670.046570859642,497,558,504,504,2063,1,1,2,ADV_NONCONN_IND,37,37,3,-1,0,150664338,150664972,56,28,8,pre_aa_hdr_payload
1144.6284425258636,1769647272.6134424,42.3644679,-71.0184618,49.875,F7:4F:13:6E:95:5D,5d956e134ff71eff4c00121900d632d69883a53911e471162c0714c99d06a3721d364d0300,-28700.45849278836,99578.73907638228,-116673.7222498837,104705.90282629544,-163649.4385205442,-24816.808244489443,527,516,510,510,2063,1,1,2,ADV_NONCONN_IND,37,37,2,-1,0,150920844,150921478,56,30,8,pre_aa_hdr_payload
1146.990793466568,1769647274.9757934,42.3644679,-71.0184618,49.875,DF:E3:E2:41:0F:A3,a30f41e2e3df1eff4c00121900a3e195139677ebff5eacb8e67fed578c6b486a54fc270000,-32498.203759564636,86668.3786947233,-146640.077506389,16744.661154401187,-124556.09067225464,-15305.720995810227,485,582,498,498,2063,1,1,2,ADV_NONCONN_IND,37,37,2,-1,0,151092385,151093020,56,29,7,pre_aa_hdr_payload
1148.1115095615387,1769647276.0965095,42.3644679,-71.0184618,49.875,F2:85:E5:4F:17:95,95174fe585f21eff4c001219ffd275660a5d179de96524db941d5fb859b0a9e042751d02ff,-34669.13670182379,88167.06712678098,-199945.7717817882,103536.52475851148,-186644.59055547667,-29109.470012163612,527,498,516,522,2063,1,1,2,ADV_NONCONN_IND,37,37,0,-1,0,151285924,151286558,56,31,7,pre_aa_hdr_payload
1150.3684475421906,1769647278.3534474,42.3644679,-71.0184618,49.875,C9:B0:17:06:C7:58,58c70617b0c90201060303edfe0d16edfe0200c0b7ac6df1ce1f61,-12503.429690725026,153223.75311820055,-158323.683872823,123208.40514591153,-157728.30173987185,12985.395691679365,359,378,420,426,1583,1,1,0,ADV_IND,27,37,5,-1,0,151605456,151606091,55,32,8,pre_aa_hdr_payload
1153.555235862732,1769647281.5402358,42.3644679,-71.0184618,49.875,DE:52:48:39:38:27,2738394852de1eff4c00121900780e6e4264700fe898db91b40d63e56f62676e083bc50200,-41100.24717748353,100062.41787153017,-158211.05649756218,75240.89461625276,-168399.01004111918,-35401.80089915852,456,557,528,522,2063,1,1,2,ADV_NONCONN_IND,37,37,2,-1,0,152019893,152020527,56,32,8,pre_aa_hdr_payload
1156.1023645401,1769647284.0873644,42.3644679,-71.0184618,49.875,D2:DA:5A:B4:60:BE,be60b45adad21eff4c001219ff7acd3954dde63ff86341133500174d2e3015e153d71700ff,-83525.59374461736,146242.6773099958,-239580.5167799611,86443.22252134756,-151023.05987460926,-49871.23206956504,455,654,474,480,2063,1,1,2,ADV_NONCONN_IND,37,37,0,-1,0,152332961,152333595,56,29,8,pre_aa_hdr_payload
1160.0484547615051,1769647288.0334547,42.3644679,-71.0184618,49.875,DE:52:48:39:38:27,2738394852de1eff4c00121900780e6e4264700fe898db91b40d63e56f62676e083bc50200,-36423.39608757609,152372.48458855422,-57605.60673163062,118559.27955498021,-183468.7689978415,-19570.67991354935,479,540,522,522,2063,1,1,2,ADV_NONCONN_IND,37,37,5,-1,0,152734363,152734997,55,31,8,pre_aa_hdr_payload
1168.6204361915588,1769647296.605436,42.3644679,-71.0184618,49.875,DF:DC:E5:1D:2B:6C,6c2b1de5dcdf0201060303edfe0d16edfe0200146ca1a0a6547ae7,-39019.643487133144,125250.67167364841,-214601.96590456166,112104.39705916005,-179870.8526547726,-38921.79986515414,383,396,402,402,1583,1,1,0,ADV_IND,27,37,4,-1,0,153508673,153509307,55,32,8,pre_aa_hdr_payload
1168.646188735962,1769647296.6311886,42.3644679,-71.0184618,49.875,DF:E3:E2:41:0F:A3,a30f41e2e3df1eff4c00121900a3e195139677ebff5eacb8e67fed578c6b486a54fc270000,-36674.01422702838,109578.7396700874,-37384.84607835661,102159.08572805597,-164193.50956897755,-21827.20562658007,515,540,504,504,2063,1,1,2,ADV_NONCONN_IND,37,37,5,-1,0,153543286,153543921,55,32,8,pre_aa_hdr_payload
1169.9022436141968,1769647297.8872435,42.3644679,-71.0184618,49.875,E9:98:A4:49:14:DD,dd1449a498e91eff4c001219ff2308e348c800c4a4730ebeb72ef58878730d473a304600ff,-49745.263868994814,94899.83581573237,-130557.1665293441,88555.19684291686,-108871.17266181667,-39876.75393116269,491,546,510,516,2063,1,1,2,ADV_NONCONN_IND,37,37,4,-1,0,153678465,153679100,55,29,8,pre_aa_hdr_payload
1174.9422662258148,1769647302.9272661,42.3644679,-71.0184618,49.875,DF:E3:E2:41:0F:A3,a30f41e2e3df1eff4c00121900a3e195139677ebff5eacb8e67fed578c6b486a54fc270000,-37229.15919699415,126518.81344105568,-184737.42160711985,89046.54753154033,-174184.85850919975,-32406.80235715798,509,546,504,504,2063,1,1,2,ADV_NONCONN_IND,37,37,1,-1,0,154355036,154355670,56,32,8,pre_aa_hdr_payload
1175.3418204784393,1769647303.3268204,42.3644679,-71.0184618,49.875,F9:D7:60:17:F7:5C,5cf71760d7f91eff4c0012190000fc8a6d92ac4cb7ab5b68a7a3fa8af0450081bc7d130000,-46337.57932265381,131058.40670010854,-129882.2610647689,101350.45791014444,-149961.4170774899,-28757.894644732285,383,816,432,432,2063,1,1,2,ADV_NONCONN_IND,37,37,3,-1,0,154442823,154443458,55,32,8,pre_aa_hdr_payload
1176.6507050991058,1769647304.635705,42.3644679,-71.0184618,49.875,E2:1B:63:86:DE:72,72de86631be21eff4c00121900764c200a445eb94773e0e49c40926ce4a3849b95c9ef0000,-33189.65013496851,91776.17991962531,-173788.83825666978,90510.16953283049,-149365.9222632953,-34518.60579600763,473,498,546,546,2063,1,1,2,ADV_NONCONN_IND,37,37,0,-1,0,154541481,154542115,56,32,8,pre_aa_hdr_payload
1176.684421300888,1769647304.6694212,42.3644679,-71.0184618,49.875,DF:E3:E2:41:0F:A3,a30f41e2e3df1eff4c00121900a3e195139677ebff5eacb8e67fed578c6b486a54fc270000,-42796.738103809774,99754.4411363689,-162121.88836583274,87902.45328799397,-160074.37457447956,-33650.75013366811,509,546,504,504,2063,1,1,2,ADV_NONCONN_IND,37,37,0,-1,0,154586798,154587433,56,32,8,pre_aa_hdr_payload
1178.2129309177399,1769647306.1979308,42.3644679,-71.0184618,49.875,D3:92:56:8E:0B:9C,9c0b8e5692d31eff4c001219006844722231addde32bd3fbdb96430f853390f1d16e6d0300,-18641.768731780736,156407.24015667665,-213726.72385674145,113890.10204352507,-153554.27024045953,-21606.153520903415,503,540,510,510,2063,1,1,2,ADV_NONCONN_IND,37,37,0,-1,0,154742425,154743059,56,30,8,pre_aa_hdr_payload
1186.7095413208008,1769647314.6945412,42.3644679,-71.0184618,49.875,DF:E3:E2:41:0F:A3,a30f41e2e3df1eff4c00121900a3e195139677ebff5eacb8e67fed578c6b486a54fc270000,-42341.92220959948,104309.25673129183,-162667.84095833273,94395.60442401632,-170557.3276577405,-33692.57983005452,503,552,504,504,2063,1,1,2,ADV_NONCONN_IND,37,37,2,-1,0,155888271,155888906,56,29,8,pre_aa_hdr_payload
1188.687671661377,1769647316.6726716,42.3644679,-71.0184618,49.875,DE:26:59:8B:2D:49,492d8b5926de1eff4c001219006afe0450b6eba9d9011cde8da63a1d530d9c2cd45d8e0000,-72423.88962840855,140530.6035369927,-212932.03366255132,102234.56920917936,-185553.79425874446,-45225.38598501583,437,606,510,510,2063,1,1,2,ADV_NONCONN_IND,37,37,0,-1,0,156097151,156097786,56,30,8,pre_aa_hdr_payload
1190.6138753890991,1769647318.5988753,42.3644679,-71.0184618,49.875,D0:79:29:D2:52:DD,dd52d22979d01eff4c0012190087f283d1b329c1d795aacfbfc65ff75cb53f0a236dbd0000,-51254.4012831508,19638.176316771573,-168348.91420536244,117533.98684681178,-64858.51062852384,-12352.939199083636,461,558,522,522,2063,1,1,2,ADV_NONCONN_IND,37,37,1,-1,0,156267151,156267786,56,29,7,pre_aa_hdr_payload
1190.6316916942596,1769647318.6166916,42.3644679,-71.0184618,49.875,DE:26:59:8B:2D:49,492d8b5926de1eff4c001219006afe0450b6eba9d9011cde8da63a1d530d9c2cd45d8e0000,-76268.48216670289,93586.70985212649,-166936.14143964165,76712.47008830057,-178491.25466191646,-54786.974940175045,437,618,504,504,2063,1,1,2,ADV_NONCONN_IND,37,37,3,-1,0,156291098,156291732,56,32,8,pre_aa_hdr_payload
1196.2269568443298,1769647324.2119567,42.3644679,-71.0184618,49.875,DF:DC:E5:1D:2B:6C,6c2b1de5dcdf0201060303edfe0d16edfe0200146ca1a0a6547ae7,-40765.678186747566,96715.13177204685,-181357.41166896938,93702.2712633561,-159126.0340722571,-37325.158466073975,383,384,408,408,1583,1,1,0,ADV_IND,27,37,1,-1,0,157075199,157075833,56,32,7,pre_aa_hdr_payload
1197.264357328415,1769647325.2493572,42.3644679,-71.0184618,49.875,C9:B0:17:06:C7:58,58c70617b0c90201060303edfe0d16edfe02004e48354be2054686,-27925.290717768585,121385.7102889155,-149324.92695142576,79137.48946282043,-88605.84541778498,-20348.602824102734,353,390,420,420,1583,1,1,0,ADV_IND,27,37,0,-1,0,157269657,157270292,56,28,8,pre_aa_hdr_payload
1197.2723641395569,1769647325.257364,42.3644679,-71.0184618,49.875,F9:D7:60:17:F7:5C,5cf71760d7f91eff4c0012190000fc8a6d92ac4cb7ab5b68a7a3fa8af0450081bc7d130000,-36421.74901591439,76438.96681036596,-51273.563460213525,76361.59450671736,-159351.55822323047,-14031.175291432915,504,593,486,480,2063,1,1,2,ADV_NONCONN_IND,37,37,2,-1,0,157280418,157281052,56,28,8,pre_aa_hdr_payload
1198.0806391239166,1769647326.065639,42.3644679,-71.0184618,49.875,E4:95:E5:AE:BD:64,64bdaee595e41eff4c001219ffcc0fb90fb180c539c638e0cd52470b2da902d5ec67d003ff,-28376.133007127664,126698.77328093164,-210592.07477659566,108839.05864870218,-174718.90932672372,-30741.232307722963,569,492,498,504,2063,1,1,2,ADV_NONCONN_IND,37,37,4,-1,0,157338260,157338894,55,32,8,pre_aa_hdr_payload
1200.0151472091675,1769647328.000147,42.3644679,-71.0184618,49.875,CB:07:32:47:16:22,2216473207cb1eff4c001219ff467f724aee9ff13f8646c05857ac8864e12ffda61e8402ff,-57095.152183274324,83323.80815996564,-145160.72296395537,77489.18520470538,-167191.89683807504,-40433.2232155455,389,678,498,498,2063,1,1,2,ADV_NONCONN_IND,37,37,0,-1,0,157601087,157601722,56,32,8,pre_aa_hdr_payload
1202.6053462028503,1769647330.590346,42.3644679,-71.0184618,49.875,D2:85:0D:4D:24:84,84244d0d85d21eff4c001219ff37f4712acf4e4dadc66304ac7ca7ba5c67c310da5fe501ff,-30221.826214445224,130014.83303976466,-99207.62334785608,97227.97637973113,-177108.07865562505,-22877.387628484823,551,522,492,498,2063,1,1,2,ADV_NONCONN_IND,37,37,5,-1,0,157900808,157901443,55,32,8,pre_aa_hdr_payload
1202.6317303180695,1769647330.6167302,42.3644679,-71.0184618,49.875,DE:26:59:8B:2D:49,492d8b5926de1eff4c001219006afe0450b6eba9d9011cde8da63a1d530d9c2cd45d8e0000,-72770.42923716093,124280.48875713836,-207131.85662269132,98286.96988436133,-186800.37577397027,-55829.90429571041,449,606,504,504,2063,1,1,2,ADV_NONCONN_IND,37,37,5,-1,0,157936270,157936905,55,31,8,pre_aa_hdr_payload
1207.041604757309,1769647335.0266047,42.3644679,-71.0184618,49.875,F7:4F:13:6E:95:5D,5d956e134ff71eff4c00121900d632d69883a53911e471162c0714c99d06a3721d364d0300,-34643.320721156575,138696.1943932345,-202987.98298710256,121821.0262295685,-188785.51279004107,-32493.643803695173,521,510,516,516,2063,1,1,2,ADV_NONCONN_IND,37,37,5,-1,0,158299747,158300382,55,32,8,pre_aa_hdr_payload
1207.0462136268616,1769647335.0312135,42.3644679,-71.0184618,49.875,DE:26:59:8B:2D:49,492d8b5926de1eff4c001219006afe0450b6eba9d9011cde8da63a1d530d9c2cd45d8e0000,-70065.06245066904,124393.6636972209,-176193.87144072805,111337.68864202165,-191130.4519284456,-52577.520343173324,443,600,510,510,2063,1,1,2,ADV_NONCONN_IND,37,37,0,-1,0,158305942,158306577,56,31,8,pre_aa_hdr_payload
1211.0318882465363,1769647339.0168881,42.3644679,-71.0184618,49.875,DE:26:59:8B:2D:49,492d8b5926de1eff4c001219006afe0450b6eba9d9011cde8da63a1d530d9c2cd45d8e0000,-72982.93349803137,124033.14682705389,-193178.67424961904,86430.80239499877,-136725.77094254806,-45723.63716946084,431,624,504,504,2063,1,1,2,ADV_NONCONN_IND,37,37,5,-1,0,158898018,158898653,55,32,8,pre_aa_hdr_payload
1212.706615447998,1769647340.6916153,42.3644679,-71.0184618,49.875,DE:26:59:8B:2D:49,492d8b5926de1eff4c001219006afe0450b6eba9d9011cde8da63a1d530d9c2cd45d8e0000,-73509.29918129495,85499.69434379991,-163643.193981034,73127.27936022276,-173030.40508992743,-56403.32375690376,443,612,504,504,2063,1,1,2,ADV_NONCONN_IND,37,37,1,-1,0,159117108,159117743,56,32,8,pre_aa_hdr_payload
1213.8384113311768,1769647341.8234112,42.3644679,-71.0184618,49.875,C7:44:6F:23:9D:51,519d236f44c71eff4c00121950de9c9dbd6e3615dd63a05078150e96a93820474ed1130251,-44284.72327584818,102048.7281819875,-181495.8762073079,106390.47617366821,-137093.21822432312,-32220.315485345585,461,534,534,534,2063,1,1,0,ADV_IND,37,37,5,-1,0,159278496,159279131,55,31,8,pre_aa_hdr_payload
1214.9636516571045,1769647342.9486516,42.3644679,-71.0184618,49.875,E2:1B:63:86:DE:72,72de86631be21eff4c00121900764c200a445eb94773e0e49c40926ce4a3849b95c9ef0000,-36017.68285026941,133979.19451646853,-143831.4675100208,115986.82380097068,-158582.69520285918,-23294.151412763866,449,522,546,546,2063,1,1,2,ADV_NONCONN_IND,37,37,5,-1,0,159463330,159463964,55,31,8,pre_aa_hdr_payload
1218.3020062446594,1769647346.2870061,42.3644679,-71.0184618,49.875,DF:DC:E5:1D:2B:6C,6c2b1de5dcdf0201060303edfe0d16edfe0200146ca1a0a6547ae7,-31762.247318002817,153147.4842658444,-221797.89040336126,107407.12941058158,-169110.82732253755,-14410.46080903837,383,384,408,408,1583,1,1,0,ADV_IND,27,37,1,-1,0,159966913,159967548,56,32,8,pre_aa_hdr_payload
1220.193289756775,1769647348.1782897,42.3644679,-71.0184618,49.875,C1:88:BA:AE:6C:CE,ce6caeba88c11eff4c001219ffec3de651002f1aadb5e6e85c8569e277cf7fc56ec68402ff,-74336.07223722267,172857.18339318212,-154021.23371010862,105443.8579486264,-130064.63295749799,-47126.44424435547,288,983,396,396,2063,1,1,2,ADV_NONCONN_IND,37,37,3,-1,0,160213311,160213945,55,28,8,pre_aa_hdr_payload
1225.3613846302032,1769647353.3463845,42.3644679,-71.0184618,49.875,F9:D7:60:17:F7:5C,5cf71760d7f91eff4c0012190000fc8a6d92ac4cb7ab5b68a7a3fa8af0450081bc7d130000,-43207.49216302708,89571.63702471128,-173473.5313058667,108881.12045479899,-171519.2012829788,-32239.950055982605,509,570,492,492,2063,1,1,2,ADV_NONCONN_IND,37,37,5,-1,0,160814014,160814649,55,32,7,pre_aa_hdr_payload
1226.335646867752,1769647354.3206468,42.3644679,-71.0184618,49.875,DF:DC:E5:1D:2B:6C,6c2b1de5dcdf0201060303edfe0d16edfe0200146ca1a0a6547ae7,-40233.13687410018,79148.29507534228,-159224.70074521197,80166.92703725239,-140270.39430468244,-34495.681187429764,383,384,408,408,1583,1,1,0,ADV_IND,27,37,1,-1,0,160873181,160873816,56,32,8,pre_aa_hdr_payload
1227.016736984253,1769647355.0017369,42.3644679,-71.0184618,49.875,DE:26:59:8B:2D:49,492d8b5926de1eff4c001219006afe0450b6eba9d9011cde8da63a1d530d9c2cd45d8e0000,-69180.04068763852,147380.30221988214,-220027.1210379896,109275.31006674192,-151639.4994354081,-42661.5445303307,443,612,504,504,2063,1,1,2,ADV_NONCONN_IND,37,37,0,-1,0,160989590,160990224,56,32,8,pre_aa_hdr_payload
1227.3889598846436,1769647355.3739598,42.3644679,-71.0184618,49.875,F9:D7:60:17:F7:5C,5cf71760d7f91eff4c0012190000fc8a6d92ac4cb7ab5b68a7a3fa8af0450081bc7d130000,-43668.80029434881,133551.5187891987,-196641.21061165002,122215.48620579195,-192784.1223775114,-38779.88169523131,515,564,492,492,2063,1,1,2,ADV_NONCONN_IND,37,37,5,-1,0,161059458,161060092,55,30,8,pre_aa_hdr_payload
1233.922507762909,1769647361.9075077,42.3644679,-71.0184618,49.875,E4:DE:D7:1B:78:6D,6d781bd7dee41eff4c00121900435cfda1edd3ab7c07ee425957227ef07a96ab89f82f0200,-46821.3417009056,180471.58653609827,-120941.0594284853,146522.82761193352,-125024.64129615709,-38347.151940845884,263,1104,348,348,2063,1,1,2,ADV_NONCONN_IND,37,37,2,-1,0,161958882,161959516,55,32,8,pre_aa_hdr_payload
1235.5025825500488,1769647363.4875824,42.3644679,-71.0184618,49.875,F9:D7:60:17:F7:5C,5cf71760d7f91eff4c0012190000fc8a6d92ac4cb7ab5b68a7a3fa8af0450081bc7d130000,-47537.792972011535,80858.48023228977,-145900.6939471947,102348.59912226697,-153765.41110589984,-33794.40473891754,503,576,492,492,2063,1,1,2,ADV_NONCONN_IND,37,37,5,-1,0,162151557,162152191,55,32,8,pre_aa_hdr_payload
1237.2844214439392,1769647365.2694213,42.3644679,-71.0184618,49.875,C9:B0:17:06:C7:58,58c70617b0c90201060303edfe0d16edfe02004e48354be2054686,-33495.656839804375,111913.49565011944,-129619.00084367763,94867.08601888333,-166059.19485489462,-30896.954027261057,347,408,414,414,1583,1,1,0,ADV_IND,27,37,1,-1,0,162448430,162449065,56,32,8,pre_aa_hdr_payload
1239.6056518554688,1769647367.5906518,42.3644679,-71.0184618,49.875,C9:B0:17:06:C7:58,58c70617b0c90201060303edfe0d16edfe02004e48354be2054686,-38375.403679657335,123964.87866923168,-158996.62587110628,96492.98684459453,-128077.63424106478,-33156.65788491232,341,414,414,414,1583,1,1,0,ADV_IND,27,37,0,-1,0,162724326,162724960,56,32,8,pre_aa_hdr_payload
1244.6776161193848,1769647372.662616,42.3644679,-71.0184618,49.875,DF:DC:E5:1D:2B:6C,6c2b1de5dcdf0201060303edfe0d16edfe0200146ca1a0a6547ae7,-34591.69231721234,110628.41714083003,-192426.97136325666,106183.52386882414,-165297.0836319766,-30420.452775666123,383,384,408,408,1583,1,1,0,ADV_IND,27,37,0,-1,0,163287220,163287854,56,32,8,pre_aa_hdr_payload
1245.7998282909393,1769647373.7848282,42.3644679,-71.0184618,49.875,E4:DE:D7:1B:78:6D,6d781bd7dee41eff4c00121900435cfda1edd3ab7c07ee425957227ef07a96ab89f82f0200,-33933.66406532891,104185.35410793891,-185070.3157775425,26247.245669673845,-47592.60097893734,-18874.437482435536,479,516,534,534,2063,1,1,2,ADV_NONCONN_IND,37,37,2,-1,0,163472015,163472649,56,28,8,pre_aa_hdr_payload
1246.4618504047394,1769647374.4468503,42.3644679,-71.0184618,49.875,DF:DC:E5:1D:2B:6C,6c2b1de5dcdf0201060303edfe0d16edfe0200146ca1a0a6547ae7,-35737.95814421671,120716.94942326205,-210403.3450786881,107953.5284505524,-171763.42936536003,-37829.32847386523,383,384,408,408,1583,1,1,0,ADV_IND,27,37,0,-1,0,163565808,163566442,56,32,8,pre_aa_hdr_payload
1257.0246069431305,1769647385.0096068,42.3644679,-71.0184618,49.875,E7:EB:B7:AA:C0:78,78c0aab7ebe71eff4c00121900b3f4c5250522e40930bcdb893acd34de2bba9b4e0f630000,-42684.07555623768,125612.4193465047,-207699.2683092545,80662.67800570601,-170066.58234104895,-33980.806884348436,509,546,504,504,2063,1,1,2,ADV_NONCONN_IND,37,37,0,-1,0,164735720,164736355,56,32,8,pre_aa_hdr_payload
1259.6220903396606,1769647387.6070902,42.3644679,-71.0184618,49.875,F9:D7:60:17:F7:5C,5cf71760d7f91eff4c0012190000fc8a6d92ac4cb7ab5b68a7a3fa8af0450081bc7d130000,-39599.7506641186,45649.85172273055,-185116.42809993797,127866.31763792576,-183956.96906196367,-20886.6848469081,515,552,498,498,2063,1,1,2,ADV_NONCONN_IND,37,37,2,-1,0,165145714,165146348,56,32,8,pre_aa_hdr_payload
1266.6340939998627,1769647394.619094,42.3644679,-71.0184618,49.875,DF:DC:E5:1D:2B:6C,6c2b1de5dcdf0201060303edfe0d16edfe0200146ca1a0a6547ae7,-39373.276531940435,90544.9719779167,-197648.28188404255,100603.11428838427,-171277.58502504945,-58439.569551660796,377,390,408,408,1583,1,1,0,ADV_IND,27,37,5,-1,0,165906614,165907248,55,32,8,pre_aa_hdr_payload
1272.4272158145905,1769647400.4122157,42.3644679,-71.0184618,49.875,D2:56:32:8D:15:D3,d3158d3256d21eff4c001219ffe16511239b60b08fbfb8202cae18c4611e264e29ae0a01ff,-41679.69623728235,152064.2488149784,-188050.48868968672,82326.18654403162,-166705.48366833696,-33629.45905366848,461,684,456,462,2063,1,1,2,ADV_NONCONN_IND,37,37,5,-1,0,166410904,166411538,55,29,8,pre_aa_hdr_payload
1274.460402727127,1769647402.4454026,42.3644679,-71.0184618,49.875,E3:AA:D6:E8:09:1B,1b09e8d6aae31eff4c001219ffec49befb1ad9817be907a3e3b736209026ce70e963e301ff,-60281.64176449106,131369.40552492815,-188360.03762954898,103178.51265050525,-179095.8425136077,-41263.0884426584,437,576,522,528,2063,1,1,2,ADV_NONCONN_IND,37,37,1,-1,0,166605074,166605708,56,32,8,pre_aa_hdr_payload
1280.1949038505554,1769647408.1799037,42.3644679,-71.0184618,49.875,CF:FE:96:4A:A3:A2,a2a34a96fecf1eff4c001219ffaf80c0f86784ab3586c9b0b2f5144596d22abeb0b73301ff,-79335.66399545758,133105.39231020608,-188451.4432340911,96137.13121024174,-180731.49007530508,-54898.06283342484,425,660,486,492,2063,1,1,2,ADV_NONCONN_IND,37,37,0,-1,0,167475190,167475824,56,32,8,pre_aa_hdr_payload
1283.8951041698456,1769647411.880104,42.3644679,-71.0184618,49.875,E4:DE:D7:1B:78:6D,6d781bd7dee41eff4c00121900435cfda1edd3ab7c07ee425957227ef07a96ab89f82f0200,-46433.1414955439,111410.82114776172,-138316.19416563757,73231.9278259124,-159223.2883260274,-24945.204761197096,503,528,516,516,2063,1,1,2,ADV_NONCONN_IND,37,37,0,-1,0,168084101,168084735,56,32,8,pre_aa_hdr_payload
1293.1078088283539,1769647421.0928087,42.3644679,-71.0184618,49.875,C9:B0:17:06:C7:58,58c70617b0c90201060303edfe0d16edfe02004e48354be2054686,-37712.33104847307,161286.8233716733,-161378.93989291947,111742.08432410898,-178450.77159498155,-33974.39793197202,336,401,426,420,1583,1,1,0,ADV_IND,27,37,5,-1,0,169370230,169370864,55,28,7,pre_aa_hdr_payload
1295.2103862762451,1769647423.1953862,42.3644679,-71.0184618,49.875,CE:4B:10:4B:5F:FC,fc5f4b104bce1eff4c001219398c45525a5cfe94a1f82a7e5538085056f57c40dfed9501e3,-63962.09631904759,149938.52933888527,-220268.60825604716,87499.88173922162,-155088.48863457507,-37976.00163268923,443,558,528,534,2063,1,1,0,ADV_IND,37,37,0,-1,0,169539713,169540347,56,28,8,pre_aa_hdr_payload
1296.5937716960907,1769647424.5787716,42.3644679,-71.0184618,49.875,CE:4B:10:4B:5F:FC,fc5f4b104bce1eff4c001219398c45525a5cfe94a1f82a7e5538085056f57c40dfed9501e3,-62939.36798145074,136440.00037750095,-195645.74204892476,44347.64795129575,-113146.41194902864,-33901.754910956064,443,570,522,528,2063,1,1,0,ADV_IND,37,37,5,-1,0,169734151,169734785,55,32,8,pre_aa_hdr_payload
1296.5948028564453,1769647424.5798028,42.3644679,-71.0184618,49.875,CE:4B:10:4B:5F:FC,fc5f4b104bce1eff4c001219398c45525a5cfe94a1f82a7e5538085056f57c40dfed9501e3,-58644.66953356832,135266.86178674255,-164460.10786691183,84503.91321641822,-129321.00540243866,-38103.00129275391,425,624,504,510,2063,1,1,0,ADV_IND,37,37,0,-1,0,169735536,169736171,56,32,8,pre_aa_hdr_payload
1297.044410943985,1769647425.0294108,42.3644679,-71.0184618,49.875,CE:4B:10:4B:5F:FC,fc5f4b104bce1eff4c001219398c45525a5cfe94a1f82a7e5538085056f57c40dfed9501e3,-60681.250520217895,102357.99647426337,-152712.30265253613,71884.52617069209,-43706.5661512347,-21563.080826104782,437,648,486,492,2063,1,1,0,ADV_IND,37,37,0,-1,0,169748125,169748760,56,28,8,pre_aa_hdr_payload
1297.0465841293335,1769647425.031584,42.3644679,-71.0184618,49.875,CE:4B:10:4B:5F:FC,fc5f4b104bce1eff4c001219398c45525a5cfe94a1f82a7e5538085056f57c40dfed9501e3,-58925.475686241225,120601.17225129953,-182424.7789462708,86080.80164541102,-160110.57391598125,-38430.263287219845,443,570,522,528,2063,1,1,0,ADV_IND,37,37,4,-1,0,169751047,169751681,55,32,8,pre_aa_hdr_payload
1297.0500304698944,1769647425.0350304,42.3644679,-71.0184618,49.875,CE:4B:10:4B:5F:FC,fc5f4b104bce1eff4c001219398c45525a5cfe94a1f82a7e5538085056f57c40dfed9501e3,-57218.27701541887,142287.98316076896,-200678.19749622466,106125.74229163813,-132954.74971656787,-34543.8006227855,443,570,522,528,2063,1,1,0,ADV_IND,37,37,5,-1,0,169755679,169756313,55,32,8,pre_aa_hdr_payload
1297.9233481884003,1769647425.908348,42.3644679,-71.0184618,49.875,CE:4B:10:4B:5F:FC,fc5f4b104bce1eff4c001219398c45525a5cfe94a1f82a7e5538085056f57c40dfed9501e3,-66607.52819548282,152217.23146114565,-204258.9311147185,93126.82920181104,-67720.93723731622,-25609.327278262062,419,594,522,528,2063,1,1,0,ADV_IND,37,37,1,-1,0,169896586,169897221,56,30,8,pre_aa_hdr_payload
1306.6769893169403,1769647434.6619892,42.3644679,-71.0184618,49.875,DF:DC:E5:1D:2B:6C,6c2b1de5dcdf0201060303edfe0d16edfe0200146ca1a0a6547ae7,-45260.3695541739,108128.01549954883,-210757.92500416434,100592.65129980363,-163176.2505697707,-51681.34804535886,383,384,408,408,1583,1,1,0,ADV_IND,27,37,0,-1,0,171355370,171356004,56,32,8,pre_aa_hdr_payload
1308.5280528068542,1769647436.5130527,42.3644679,-71.0184618,49.875,DF:DC:E5:1D:2B:6C,6c2b1de5dcdf0201060303edfe0d16edfe0200146ca1a0a6547ae7,-34626.572528104174,150977.4856376866,-238352.00593339527,104823.18101700212,-173977.20459978693,-41649.00029392687,383,384,408,408,1583,1,1,0,ADV_IND,27,37,5,-1,0,171494592,171495227,55,32,8,pre_aa_hdr_payload
1310.7051301002502,1769647438.69013,42.3644679,-71.0184618,49.875,DF:DC:E5:1D:2B:6C,6c2b1de5dcdf0201060303edfe0d16edfe0200146ca1a0a6547ae7,-39979.3882312736,79625.63742870426,-135443.79891135942,112552.83705502342,-139042.8193901916,-55317.07503706325,251,804,264,264,1583,1,1,0,ADV_IND,27,37,5,-1,0,171787429,171788063,55,30,7,pre_aa_hdr_payload
1321.0606513023376,1769647449.0456512,42.3644679,-71.0184618,49.875,F9:50:E0:C3:75:D1,d175c3e050f91eff4c001219ffee6c1a2fa7fb5e7400be8d74f2c09a73b0185be4623400ff,-58781.49387536554,122298.89301418596,-148603.05444384232,97179.6430266553,-161844.5913315846,-41259.727684310084,467,582,504,510,2063,1,1,2,ADV_NONCONN_IND,37,37,5,-1,0,172696225,172696859,55,31,8,pre_aa_hdr_payload
1326.6152138710022,1769647454.6002138,42.3644679,-71.0184618,49.875,DF:DC:E5:1D:2B:6C,6c2b1de5dcdf0201060303edfe0d16edfe0200146ca1a0a6547ae7,-36512.010677409395,137020.46569722157,-216086.83669248014,98338.1444900529,-149349.78415302729,-29132.21884841571,383,384,408,408,1583,1,1,0,ADV_IND,27,37,5,-1,0,173269657,173270292,55,31,8,pre_aa_hdr_payload
1328.6862399578094,1769647456.6712399,42.3644679,-71.0184618,49.875,DF:DC:E5:1D:2B:6C,6c2b1de5dcdf0201060303edfe0d16edfe0200146ca1a0a6547ae7,-41096.72180379727,98345.30361674065,-191319.8311389624,102208.68718545299,-163354.92123021334,-42495.33443972222,383,384,408,408,1583,1,1,0,ADV_IND,27,37,0,-1,0,173400764,173401398,56,32,8,pre_aa_hdr_payload
1332.7599804401398,1769647460.7449803,42.3644679,-71.0184618,49.875,DF:DC:E5:1D:2B:6C,6c2b1de5dcdf0201060303edfe0d16edfe0200146ca1a0a6547ae7,-26663.26207763452,117078.0423473095,-195778.99265876852,80045.3563143617,-140190.49321504254,-20737.623269775908,383,372,414,414,1583,1,1,0,ADV_IND,27,37,5,-1,0,173675675,173676310,55,31,8,pre_aa_hdr_payload
1334.713656425476,1769647462.6986563,42.3644679,-71.0184618,49.875,DF:DC:E5:1D:2B:6C,6c2b1de5dcdf0201060303edfe0d16edfe0200146ca1a0a6547ae7,-41067.09585822795,127740.36672505063,-213575.0694345105,104048.10427458299,-155826.49552383798,-39071.659590387695,383,384,408,408,1583,1,1,0,ADV_IND,27,37,4,-1,0,173983083,173983718,55,32,8,pre_aa_hdr_payload
1338.2069854736328,1769647466.1919854,42.3644679,-71.0184618,49.875,F8:59:D7:D4:A9:32,32a9d4d759f81eff4c001219ff463672dbc9c2bb3fdf07ced73cdd0a05deda26542fcf01ff,-27645.361461779496,139992.45442627583,-203210.82946191842,97958.52562692943,-99391.4425671031,-20748.945692988967,587,546,462,468,2063,1,1,2,ADV_NONCONN_IND,37,37,5,-1,0,174304485,174305120,55,32,8,pre_aa_hdr_payload
1338.7698271274567,1769647466.754827,42.3644679,-71.0184618,49.875,DF:DC:E5:1D:2B:6C,6c2b1de5dcdf0201060303edfe0d16edfe0200146ca1a0a6547ae7,-45860.39455887821,104563.57191608034,-194640.16930786148,104032.11480247344,-160260.36553914877,-45831.22795763207,371,402,402,408,1583,1,1,0,ADV_IND,27,37,5,-1,0,174360399,174361033,55,32,8,pre_aa_hdr_payload
1340.8735673427582,1769647468.8585672,42.3644679,-71.0184618,49.875,DF:DC:E5:1D:2B:6C,6c2b1de5dcdf0201060303edfe0d16edfe0200146ca1a0a6547ae7,-38901.819166383684,112038.6646185707,-204848.0840510049,110575.47096227994,-168444.46085117388,-40833.397222622174,383,384,408,408,1583,1,1,0,ADV_IND,27,37,5,-1,0,174662192,174662826,55,32,8,pre_aa_hdr_payload
1347.0993723869324,1769647475.0843723,42.3644679,-71.0184618,49.875,47:C9:2B:62:86:0C,0c86622bc94702010403025afd17165afd12e2fb02cbc691155fb9cceea300000027eb721a,-51659.74099448668,89140.49241009318,-101336.64988930413,84580.2408375426,-134038.49988909002,-36164.24090625924,419,636,504,504,2063,1,1,0,ADV_IND,37,37,4,-1,0,175788137,175788772,56,32,8,pre_aa_hdr_payload
1352.6281287670135,1769647480.6131287,42.3644679,-71.0184618,49.875,DF:DC:E5:1D:2B:6C,6c2b1de5dcdf0201060303edfe0d16edfe0200146ca1a0a6547ae7,-38804.762889610414,134997.22555197126,-212134.73672024603,97885.15545124575,-175824.68171087158,-43441.669869751466,383,396,402,402,1583,1,1,0,ADV_IND,27,37,1,-1,0,176615911,176616545,56,32,8,pre_aa_hdr_payload
1355.7272317409515,1769647483.7122316,42.3644679,-71.0184618,49.875,F9:D7:60:17:F7:5C,5cf71760d7f91eff4c0012190000fc8a6d92ac4cb7ab5b68a7a3fa8af0450081bc7d130000,-54001.33617410686,73522.04660201653,-156991.958500193,86451.75655188698,-176116.55351279918,-59389.54157998965,491,600,486,486,2063,1,1,2,ADV_NONCONN_IND,37,37,0,-1,0,177005233,177005867,56,32,7,pre_aa_hdr_payload
1360.794023990631,1769647488.779024,42.3644679,-71.0184618,49.875,DF:DC:E5:1D:2B:6C,6c2b1de5dcdf0201060303edfe0d16edfe0200146ca1a0a6547ae7,-36081.4099382772,107930.19176275215,-192276.32532972447,72909.57785398758,-157433.93785648592,-31622.109130340446,383,396,402,402,1583,1,1,0,ADV_IND,27,37,1,-1,0,177561174,177561809,56,32,8,pre_aa_hdr_payload
1364.695841550827,1769647492.6808414,42.3644679,-71.0184618,49.875,47:C9:2B:62:86:0C,0c86622bc94702010403025afd17165afd12e2fb02cbc691155fb9cceea300000027eb721a,-54046.586177426,115382.58677223003,-169441.9609022175,54287.18227324356,-168644.77338755917,-28019.400159772962,462,575,516,510,2063,1,1,0,ADV_IND,37,37,0,-1,0,178021026,178021660,56,29,8,pre_aa_hdr_payload
1366.1917338371277,1769647494.1767337,42.3644679,-71.0184618,49.875,F9:D7:60:17:F7:5C,5cf71760d7f91eff4c0012190000fc8a6d92ac4cb7ab5b68a7a3fa8af0450081bc7d130000,-49514.94064062237,46294.80398899717,-203715.93246942517,121330.68659066768,-128281.62207965311,-34079.40971454203,497,570,498,498,2063,1,1,2,ADV_NONCONN_IND,37,37,5,-1,0,178218833,178219468,55,32,8,pre_aa_hdr_payload
1374.9379823207855,1769647502.9229822,42.3644679,-71.0184618,49.875,DF:DC:E5:1D:2B:6C,6c2b1de5dcdf0201060303edfe0d16edfe0200146ca1a0a6547ae7,-42173.65409584173,141513.34253437666,-104674.62037788868,106495.16152342097,-181870.7996936621,-27429.760182430586,383,384,408,408,1583,1,1,0,ADV_IND,27,37,4,-1,0,179541984,179542619,55,32,8,pre_aa_hdr_payload
1382.2454860210419,1769647510.230486,42.3644679,-71.0184618,49.875,EC:7B:1A:08:28:50,5028081a7bec1eff4c001219ff3ded464c91fe0b5e203fb30804f728f36658dd29528f00ff,-48166.75378858675,129367.19977181386,-199634.95284358726,93052.5942857848,-165014.30738462054,-38726.15179281911,557,588,456,462,2063,1,1,2,ADV_NONCONN_IND,37,37,5,-1,0,180601990,180602625,55,28,8,pre_aa_hdr_payload
1383.9796569347382,1769647511.9646568,42.3644679,-71.0184618,49.875,E9:F1:0F:99:AA:C1,c1aa990ff1e91eff4c0012190080c531b70a8ad87175437fffa722a60fa522c6b5247e0100,-62367.225801118715,131043.35637178234,-227497.57194038376,106257.32555670135,-189424.45168229513,-50900.081255388555,497,558,504,504,2063,1,1,2,ADV_NONCONN_IND,37,37,5,-1,0,180907050,180907684,55,32,8,pre_aa_hdr_payload
1385.0320119857788,1769647513.017012,42.3644679,-71.0184618,49.875,DF:DC:E5:1D:2B:6C,6c2b1de5dcdf0201060303edfe0d16edfe0200146ca1a0a6547ae7,-40905.62235974847,131964.0406166738,-195822.6824221032,95883.6865205377,-168783.6137226576,-36589.31458221407,383,384,408,408,1583,1,1,0,ADV_IND,27,37,5,-1,0,181037255,181037889,55,32,8,pre_aa_hdr_payload
1386.1973071098328,1769647514.182307,42.3644679,-71.0184618,49.875,CE:DF:07:B6:2C:71,712cb607dfce1eff4c001219ff2576bf286093e60a62069f75382875199db71310134e02ff,-60021.82421398663,104839.17764971509,-184025.50119928905,92114.33244059737,-179348.90590805895,-47686.10026226423,467,582,504,510,2063,1,1,2,ADV_NONCONN_IND,37,37,0,-1,0,181247701,181248335,56,32,8,pre_aa_hdr_payload
1387.9899034500122,1769647515.9749033,42.3644679,-71.0184618,49.875,F9:D7:60:17:F7:5C,5cf71760d7f91eff4c0012190000fc8a6d92ac4cb7ab5b68a7a3fa8af0450081bc7d130000,-40626.03283452329,98259.78550661239,-145383.66919180076,97693.74307167031,-145190.55372342063,-33488.27530288838,461,630,486,486,2063,1,1,2,ADV_NONCONN_IND,37,37,0,-1,0,181572149,181572784,56,32,8,pre_aa_hdr_payload
1392.010249376297,1769647519.9952493,42.3644679,-71.0184618,49.875,F9:D7:60:17:F7:5C,5cf71760d7f91eff4c0012190000fc8a6d92ac4cb7ab5b68a7a3fa8af0450081bc7d130000,-50387.056192014374,92790.14125348603,-174212.36983797632,109611.22757902501,-166983.64081994005,-48439.62938622153,491,624,474,474,2063,1,1,2,ADV_NONCONN_IND,37,37,2,-1,0,182082118,182082753,55,31,7,pre_aa_hdr_payload
1401.9703669548035,1769647529.9553668,42.3644679,-71.0184618,49.875,D5:C2:CC:8A:CC:28,28cc8accc2d51eff4c001219ff1922ab05dec10e34137bec07a050a0e1a0aaf88bd3a303ff,-69054.83478222812,141063.96962531898,-213628.66686879515,95612.74406880424,-187481.50484728426,-46967.4378761138,438,629,498,498,2063,1,1,2,ADV_NONCONN_IND,37,37,0,-1,0,183287462,183288096,56,30,7,pre_aa_hdr_payload
1428.1026785373688,1769647556.0876784,42.3644679,-71.0184618,49.875,EB:DB:1C:E2:C2:49,49c2e21cdbeb0201060303aafe1516aafe00feede5a7b1986e2be4ca5a00002cde0016,-46275.52776542931,133109.76815946217,-24673.496111212484,8194.973165478978,-63920.75657594773,-3777.1527600070085,425,612,462,468,1967,1,1,2,ADV_NONCONN_IND,35,37,5,-1,0,185141381,185142015,55,29,8,pre_aa_hdr_payload
1431.264372587204,1769647559.2493725,42.3644679,-71.0184618,49.875,FE:0A:0F:42:FD:6E,6efd420f0afe1eff4c001219fff7be0da44e910f54c75cc913b45459c721df33ea2a2002ff,-81276.82510482498,137004.25028685218,-235203.5514860871,101989.79647026397,-181362.08835970474,-60397.43335778698,485,672,450,456,2063,1,1,2,ADV_NONCONN_IND,37,37,5,-1,0,185286827,185287461,55,32,7,pre_aa_hdr_payload
1436.9335277080536,1769647564.9185276,42.3644679,-71.0184618,49.875,EB:DB:1C:E2:C2:49,49c2e21cdbeb0201060303aafe1516aafe00feede5a7b1986e2be4ca5a00002cde0016,-47783.035894874585,163814.14415850863,-181798.20215929826,115104.78647244621,-170211.03595829144,-30697.167353047007,437,576,474,480,1967,1,1,2,ADV_NONCONN_IND,35,37,4,-1,0,185724607,185725242,55,32,8,pre_aa_hdr_payload
1437.8683788776398,1769647565.8533788,42.3644679,-71.0184618,49.875,FF:FF:8B:4E:B5:DD,ddb54e8bffff0201060303aafe1516aafe00feede5a7b1986e2be4ca5a00002cde001c,-14294.820226016975,158774.93294358332,-177047.7099842878,128058.96974858466,-176357.4807915243,-6714.679247716609,491,498,486,492,1967,1,1,2,ADV_NONCONN_IND,35,37,5,-1,0,185843382,185844016,55,32,8,pre_aa_hdr_payload
1439.172845363617,1769647567.1578453,42.3644679,-71.0184618,49.875,FF:FF:8B:4E:B5:DD,ddb54e8bffff0201060303aafe1516aafe00feede5a7b1986e2be4ca5a00002cde001c,-15141.229186490353,150471.73155681512,-152211.17281209532,126760.29637131846,-172499.06583561376,-7210.977779156129,474,521,486,486,1967,1,1,2,ADV_NONCONN_IND,35,37,2,-1,0,186027175,186027809,56,31,7,pre_aa_hdr_payload
1440.1874470710754,1769647568.172447,42.3644679,-71.0184618,49.875,D0:A7:8C:95:CD:CE,cecd958ca7d01eff4c001219ffdc070cfc18e0c7441b08b398d8cec803dc4352b8877502ff,-82910.68461932444,139372.24697866724,-228493.1194858135,82151.47514669916,-172527.42620528687,-58866.13351276616,425,672,480,486,2063,1,1,2,ADV_NONCONN_IND,37,37,4,-1,0,186138895,186139529,55,32,8,pre_aa_hdr_payload
1442.8914289474487,1769647570.8764288,42.3644679,-71.0184618,49.875,FF:FF:8B:4E:B5:DD,ddb54e8bffff0201060303aafe1516aafe00feede5a7b1986e2be4ca5a00002cde001c,-32275.792166992644,143786.11635586887,-183575.9180476331,131146.66855869011,-175506.1459801304,-32517.29501470261,485,504,486,492,1967,1,1,2,ADV_NONCONN_IND,35,37,5,-1,0,186601655,186602289,55,32,8,pre_aa_hdr_payload
1445.8935930728912,1769647573.878593,42.3644679,-71.0184618,49.875,D4:1A:76:1C:4E:CE,ce4e1c761ad40201060303aafe1516aafe00feede5a7b1986e2be4ca5a00002cde001d,-15727.549345456693,62098.45031397401,-161046.58330118613,127939.4930519693,-158419.31962571264,-4564.419779239652,509,528,462,468,1967,1,1,2,ADV_NONCONN_IND,35,37,0,-1,0,186858642,186859277,56,29,8,pre_aa_hdr_payload
1451.8182849884033,1769647579.803285,42.3644679,-71.0184618,49.875,D4:1A:76:1C:4E:CE,ce4e1c761ad40201060303aafe1516aafe00feede5a7b1986e2be4ca5a00002cde001d,-28809.311075458347,115852.78785218515,-176830.9904020461,81268.51174791911,-162229.39295197534,-18536.91262135554,491,534,468,474,1967,1,1,2,ADV_NONCONN_IND,35,37,0,-1,0,187303539,187304174,56,32,8,pre_aa_hdr_payload
1452.8595502376556,1769647580.8445501,42.3644679,-71.0184618,49.875,C0:75:64:B4:A1:5C,5ca1b46475c01eff4c001219ff8a1dab994edfe64a5fb7000b3222f1828d6fd0f44afd02ff,-26026.656429523715,140362.86911401944,-208452.90754178943,100881.9114824881,-180071.12086178287,-25512.41869270827,575,510,486,492,2063,1,1,2,ADV_NONCONN_IND,37,37,1,-1,0,187373464,187374099,56,31,8,pre_aa_hdr_payload
1452.890600681305,1769647580.8756006,42.3644679,-71.0184618,49.875,EB:DB:1C:E2:C2:49,49c2e21cdbeb0201060303aafe1516aafe00feede5a7b1986e2be4ca5a00002cde0016,-43629.80062560763,87395.51115759215,-122266.19987355098,77520.71547904464,-149971.35880391987,-9406.07888491283,455,576,468,468,1967,1,1,2,ADV_NONCONN_IND,35,37,0,-1,0,187415199,187415834,56,30,8,pre_aa_hdr_payload
1458.4188997745514,1769647586.4038997,42.3644679,-71.0184618,49.875,CA:FB:45:F0:67:BE,be67f045fbca1eff4c001219ffc054a5febe8d3eba9c25a40fae4ae1c38f66c0113e4c01ff,-52873.76798998342,121579.3158724868,-165437.72504696,88650.79270703482,-119318.07127282553,-33487.68426352042,437,642,492,492,2063,1,1,2,ADV_NONCONN_IND,37,37,2,-1,0,187937201,187937835,56,31,8,pre_aa_hdr_payload
1461.7016654014587,1769647589.6866653,42.3644679,-71.0184618,49.875,FF:FF:8B:4E:B5:DD,ddb54e8bffff0201060303aafe1516aafe00feede5a7b1986e2be4ca5a00002cde001c,-22069.933173491885,159602.611146155,-174049.2582587666,122330.0345100353,-165459.91883585145,-15224.268397331765,497,504,480,486,1967,1,1,2,ADV_NONCONN_IND,35,37,5,-1,0,188413112,188413746,55,32,8,pre_aa_hdr_payload
1462.866765499115,1769647590.8517654,42.3644679,-71.0184618,49.875,FF:FF:8B:4E:B5:DD,ddb54e8bffff0201060303aafe1516aafe00feede5a7b1986e2be4ca5a00002cde001c,-24967.399030678236,135333.8721459489,-76646.12035482073,125343.6515985133,-168537.03011921849,-17242.81595027575,455,534,486,492,1967,1,1,2,ADV_NONCONN_IND,35,37,0,-1,0,188600446,188601080,56,32,7,pre_aa_hdr_payload
1464.2913348674774,1769647592.2763348,42.3644679,-71.0184618,49.875,E8:C7:87:32:DF:A6,a6df3287c7e81eff4c001219ffe0b2160ddece6e4fa22a36d4884338911753c9fb876203ff,-70353.9509938719,152018.0495813404,-231800.33937161067,90483.33127204241,-179904.04286983173,-52873.27860166927,491,618,474,480,2063,1,1,2,ADV_NONCONN_IND,37,37,4,-1,0,188745399,188746034,55,32,8,pre_aa_hdr_payload
1464.3248233795166,1769647592.3098233,42.3644679,-71.0184618,49.875,FF:FF:8B:4E:B5:DD,ddb54e8bffff0201060303aafe1516aafe00feede5a7b1986e2be4ca5a00002cde001c,-18375.70262539343,151495.18433954226,-185084.66112235104,91585.25580175834,-26168.987684929263,-8599.879823490319,479,498,492,498,1967,1,1,2,ADV_NONCONN_IND,35,37,5,-1,0,188790411,188791045,55,29,8,pre_aa_hdr_payload
1466.8342032432556,1769647594.8192031,42.3644679,-71.0184618,49.875,FF:FF:8B:4E:B5:DD,ddb54e8bffff0201060303aafe1516aafe00feede5a7b1986e2be4ca5a00002cde001c,-18377.43151702968,130489.2050286614,-145156.18166187505,101439.19607152764,-64047.604001831416,-5566.383012893549,467,522,486,492,1967,1,1,2,ADV_NONCONN_IND,35,37,1,-1,0,189107848,189108483,56,31,8,pre_aa_hdr_payload
1469.539014339447,1769647597.5240142,42.3644679,-71.0184618,49.875,FF:FF:8B:4E:B5:DD,ddb54e8bffff0201060303aafe1516aafe00feede5a7b1986e2be4ca5a00002cde001c,-19638.392940104328,171606.18493780596,-91200.45625435072,130400.6207861646,-146664.70985457738,-7306.37343617917,473,540,474,480,1967,1,1,2,ADV_NONCONN_IND,35,37,0,-1,0,189277320,189277955,56,29,8,pre_aa_hdr_payload
1469.9756789207458,1769647597.9606788,42.3644679,-71.0184618,49.875,FF:FF:8B:4E:B5:DD,ddb54e8bffff0201060303aafe1516aafe00feede5a7b1986e2be4ca5a00002cde001c,-14673.334547216944,161805.27537048186,-188988.14897279302,137196.38957538045,-157857.43476191076,-10490.35683617268,485,504,486,492,1967,1,1,2,ADV_NONCONN_IND,35,37,5,-1,0,189342406,189343040,55,32,8,pre_aa_hdr_payload
1470.0072655677795,1769647597.9922655,42.3644679,-71.0184618,49.875,FF:67:F9:23:7B:BE,be7b23f967ff1eff4c001219ff4120772215e5c47b04754f1a0f0a298981d726e9003903ff,-63921.207676111255,100027.64869492692,-192495.10820113425,101592.74575846965,-134811.48202680927,-41754.75468499233,437,576,522,528,2063,1,1,2,ADV_NONCONN_IND,37,37,1,-1,0,189384861,189385496,56,29,8,pre_aa_hdr_payload
1474.075406551361,1769647602.0604064,42.3644679,-71.0184618,49.875,CE:87:DB:A0:FC:E1,e1fca0db87ce1eff4c001219ff72ee068af53357c243ba0757a51a8050c5bd28a8707402ff,-72820.9157188516,109945.76401330772,-194562.84552818775,82422.07457220923,-176052.0450080515,-52223.115492166144,443,618,498,504,2063,1,1,2,ADV_NONCONN_IND,37,37,5,-1,0,189905307,189905941,55,31,8,pre_aa_hdr_payload
1476.6279985904694,1769647604.6129985,42.3644679,-71.0184618,49.875,FF:FF:8B:4E:B5:DD,ddb54e8bffff0201060303aafe1516aafe00feede5a7b1986e2be4ca5a00002cde001c,-22365.152092552176,149007.8697456528,-170252.2860512689,132669.26982395403,-171291.56357799607,-13209.941564961415,485,516,480,486,1967,1,1,2,ADV_NONCONN_IND,35,37,0,-1,0,190364854,190365489,56,32,8,pre_aa_hdr_payload
1478.941822528839,1769647606.9268224,42.3644679,-71.0184618,49.875,FF:FF:8B:4E:B5:DD,ddb54e8bffff0201060303aafe1516aafe00feede5a7b1986e2be4ca5a00002cde001c,-18240.801052998253,145917.31469704633,-172149.88864145573,130412.99568396155,-163441.34163668062,-11544.2521793549,497,504,480,486,1967,1,1,2,ADV_NONCONN_IND,35,37,0,-1,0,190730951,190731586,56,32,8,pre_aa_hdr_payload
1482.6013045310974,1769647610.5863044,42.3644679,-71.0184618,49.875,FF:FF:8B:4E:B5:DD,ddb54e8bffff0201060303aafe1516aafe00feede5a7b1986e2be4ca5a00002cde001c,-19871.12452164085,163061.06761522815,-48253.837451028645,124892.60730050885,-34367.03119085062,-9979.957646607703,473,504,492,498,1967,1,1,2,ADV_NONCONN_IND,35,37,1,-1,0,191363090,191363725,56,32,8,pre_aa_hdr_payload
1485.6507771015167,1769647613.635777,42.3644679,-71.0184618,49.875,FF:FF:8B:4E:B5:DD,ddb54e8bffff0201060303aafe1516aafe00feede5a7b1986e2be4ca5a00002cde001c,-20407.893792538616,141235.8661542528,-160641.37289515548,116131.29588627767,-120227.67936312847,-2591.8058429148555,473,504,492,498,1967,1,1,2,ADV_NONCONN_IND,35,37,0,-1,0,191637642,191638276,56,31,7,pre_aa_hdr_payload
1486.6714239120483,1769647614.6564238,42.3644679,-71.0184618,49.875,FF:FF:8B:4E:B5:DD,ddb54e8bffff0201060303aafe1516aafe00feede5a7b1986e2be4ca5a00002cde001c,-17147.95655459793,109604.87236971418,-110395.81456506599,103954.62585621177,-137848.4830893382,-4720.379481544756,473,504,492,498,1967,1,1,2,ADV_NONCONN_IND,35,37,0,-1,0,191800498,191801132,56,32,7,pre_aa_hdr_payload
1492.4260103702545,1769647620.4110103,42.3644679,-71.0184618,49.875,FF:FF:8B:4E:B5:DD,ddb54e8bffff0201060303aafe1516aafe00feede5a7b1986e2be4ca5a00002cde001c,-15789.275401478077,167353.17345262377,-194152.00824808393,126835.69376056854,-167984.4338056517,-8257.33309186877,497,504,480,486,1967,1,1,2,ADV_NONCONN_IND,35,37,0,-1,0,192440517,192441151,56,32,8,pre_aa_hdr_payload
1505.1583940982819,1769647633.143394,42.3644679,-71.0184618,49.875,EB:DB:1C:E2:C2:49,49c2e21cdbeb0201060303aafe1516aafe00feede5a7b1986e2be4ca5a00002cde0016,-43983.223784393245,176409.88486689556,-177414.70502826915,117655.71645122362,-70854.48226393567,-20682.802112109148,437,576,474,480,1967,1,1,2,ADV_NONCONN_IND,35,37,1,-1,0,194072712,194073346,56,30,8,pre_aa_hdr_payload
1512.811951160431,1769647640.796951,42.3644679,-71.0184618,49.875,EB:DB:1C:E2:C2:49,49c2e21cdbeb0201060303aafe1516aafe00feede5a7b1986e2be4ca5a00002cde0016,-45680.607615659195,185757.6610087629,-188506.09034724493,127066.2343302769,-158908.55793780374,-10158.155567686636,437,600,462,468,1967,1,1,2,ADV_NONCONN_IND,35,37,0,-1,0,195254453,195255088,56,32,8,pre_aa_hdr_payload
1512.821453332901,1769647640.8064532,42.3644679,-71.0184618,49.875,EB:DB:1C:E2:C2:49,49c2e21cdbeb0201060303aafe1516aafe00feede5a7b1986e2be4ca5a00002cde0016,-38302.4771805974,166437.44284287552,-169311.47398451195,46180.67467933008,-20474.38996381314,-10403.795191694815,443,570,474,480,1967,1,1,2,ADV_NONCONN_IND,35,37,0,-1,0,195267224,195267859,56,29,8,pre_aa_hdr_payload
1512.837867975235,1769647640.8228679,42.3644679,-71.0184618,49.875,EB:DB:1C:E2:C2:49,49c2e21cdbeb0201060303aafe1516aafe00feede5a7b1986e2be4ca5a00002cde0016,-37758.313874173,186720.82452264792,-199833.81487647747,130512.60191950829,-167099.6551635649,-19889.212637702745,443,582,468,474,1967,1,1,2,ADV_NONCONN_IND,35,37,5,-1,0,195289288,195289922,55,32,8,pre_aa_hdr_payload
1516.5406835079193,1769647644.5256834,42.3644679,-71.0184618,49.875,EB:DB:1C:E2:C2:49,49c2e21cdbeb0201060303aafe1516aafe00feede5a7b1986e2be4ca5a00002cde0016,-38586.267983646474,142841.75383921186,-190497.82385849548,34382.05958223654,-14983.076714643774,-7189.465302194424,437,552,486,492,1967,1,1,2,ADV_NONCONN_IND,35,37,0,-1,0,195746448,195747082,56,28,8,pre_aa_hdr_payload
1518.2250158786774,1769647646.2100158,42.3644679,-71.0184618,49.875,E0:03:5B:01:F1:B4,b4f1015b03e01eff4c001219ffdafccbb23aa3886183555d4b6ae898bf102dea69f6ca00ff,-50887.92961711876,111728.95337893712,-206368.96797817343,109409.96953311747,-118778.03163828386,-40511.390506811724,497,564,498,504,2063,1,1,2,ADV_NONCONN_IND,37,37,5,-1,0,195896459,195897093,55,30,8,pre_aa_hdr_payload
1521.059245109558,1769647649.044245,42.3644679,-71.0184618,49.875,DF:14:62:F8:07:E8,e807f86214df0201060303aafe1516aafe00feede5a7b1986e2be4ca5a00002cde001b,-37279.52117002788,127090.94684234874,-144656.84039301865,73938.36988199505,-131135.52354280162,-19798.26119982047,455,546,480,486,1967,1,1,2,ADV_NONCONN_IND,35,37,3,-1,0,196168319,196168953,56,28,8,pre_aa_hdr_payload
1522.8061294555664,1769647650.7911294,42.3644679,-71.0184618,49.875,DF:14:62:F8:07:E8,e807f86214df0201060303aafe1516aafe00feede5a7b1986e2be4ca5a00002cde001b,-34390.649967560006,174326.12800619702,-202188.4848567353,132448.90347590166,-169670.86582063072,-27062.421722589464,461,576,462,468,1967,1,1,2,ADV_NONCONN_IND,35,37,5,-1,0,196461223,196461857,55,31,7,pre_aa_hdr_payload
1525.071611881256,1769647653.0566118,42.3644679,-71.0184618,49.875,DF:14:62:F8:07:E8,e807f86214df0201060303aafe1516aafe00feede5a7b1986e2be4ca5a00002cde001b,-41965.447162330536,147200.92858383336,-159446.20341077415,124169.9296735678,-166321.11939232372,-27055.831329597266,443,546,486,492,1967,1,1,2,ADV_NONCONN_IND,35,37,0,-1,0,196816108,196816742,56,32,8,pre_aa_hdr_payload
1528.2603180408478,1769647656.245318,42.3644679,-71.0184618,49.875,DB:C0:EE:C9:B8:95,95b8c9eec0db1eff4c001219ff7b285fc3cef11be793101d5588fb65dd2a55f6777ec300ff,-35656.88166421306,94232.35510884404,-129219.17421319659,53558.18589990109,-123412.58061051783,-31581.4360391456,456,611,498,498,2063,1,1,2,ADV_NONCONN_IND,37,37,2,-1,0,197348066,197348701,55,32,7,pre_aa_hdr_payload
1528.2789542675018,1769647656.2639542,42.3644679,-71.0184618,49.875,DF:14:62:F8:07:E8,e807f86214df0201060303aafe1516aafe00feede5a7b1986e2be4ca5a00002cde001b,-32675.959432980566,150977.61025111712,-151136.1585945238,116694.86125991913,-167145.83312819316,-22977.011713028976,443,570,474,480,1967,1,1,2,ADV_NONCONN_IND,35,37,0,-1,0,197373114,197373749,56,32,8,pre_aa_hdr_payload
1538.1106359958649,1769647666.095636,42.3644679,-71.0184618,49.875,DC:45:DB:94:FA:FF,fffa94db45dc1eff4c001219ff4f39e0b04c73f8b0834757c04b9be9af50736e04055803ff,-67286.31381917186,110971.96001153681,-185967.47708052635,76601.25746573595,-169324.2099272002,-53250.07528264813,419,582,528,534,2063,1,1,2,ADV_NONCONN_IND,37,37,5,-1,0,198835985,198836619,55,32,8,pre_aa_hdr_payload
1544.3976547718048,1769647672.3826547,42.3644679,-71.0184618,49.875,E5:85:19:D8:30:07,0730d81985e51eff4c001219ffae9a8f4d1c62ab782190fc101282b91496ff1cfb5c1202ff,-69149.00601555077,58929.31438684284,-172779.54559848574,84675.07387098785,-161218.29476568,-54706.12329134973,431,582,522,528,2063,1,1,2,ADV_NONCONN_IND,37,37,1,-1,0,199767974,199768608,56,32,8,pre_aa_hdr_payload
1590.005666255951,1769647717.9906662,42.3644679,-71.0184618,49.875,EE:7A:C9:93:DF:9A,9adf93c97aee1eff4c001219ffc30a39bd71f3ffa3a9d3d6e96db32777dd885216a58801ff,-42475.86862272648,122097.77326781639,-193831.11507576186,98456.47477331749,-185133.5788650072,-37012.03361235577,515,522,510,516,2063,1,1,2,ADV_NONCONN_IND,37,37,5,-1,0,206353848,206354483,55,32,7,pre_aa_hdr_payload
1594.0958335399628,1769647722.0808334,42.3644679,-71.0184618,49.875,FD:7E:CA:80:E6:62,62e680ca7efd1eff4c001219ff86e6ab5dcc3566519845e5856f11f5804147794825b402ff,-60091.07237158177,125819.32819688023,-199846.81042565787,84609.86927111557,-176811.60323667483,-40970.33163556126,443,570,522,528,2063,1,1,2,ADV_NONCONN_IND,37,37,0,-1,0,206987926,206988561,56,31,8,pre_aa_hdr_payload
1594.1036438941956,1769647722.0886438,42.3644679,-71.0184618,49.875,D9:58:5E:EC:C7:FB,fbc7ec5e58d91eff4c00121900c9de42b40f167727fd59cbdb75fc3538f860dcda8e560300,-38148.790809261445,99827.1259566623,-181744.27162130474,124922.98004012775,-99415.48109808411,-25380.225704842855,467,552,522,522,2063,1,1,2,ADV_NONCONN_IND,37,37,5,-1,0,206998425,206999060,55,32,8,pre_aa_hdr_payload
1594.1101381778717,1769647722.095138,42.3644679,-71.0184618,49.875,EE:6A:31:DB:D0:31,31d0db316aee1eff4c001219108245d06dd74d0456fe3b0bdddc669cf11fc8c117c0050031,-38572.40127665449,144955.47753765396,-205109.30368839393,123244.63114488997,-179923.56841929792,-32121.34027514134,467,504,546,546,2063,1,1,0,ADV_IND,37,37,0,-1,0,207007154,207007788,56,32,8,pre_aa_hdr_payload
1594.4334034919739,1769647722.4184034,42.3644679,-71.0184618,49.875,EE:8C:4D:48:F4:B4,b4f4484d8cee1eff4c00121900420722cff83290384a86b0801550f5147ba1095e00040100,-38201.64295543381,140499.90395590352,-200961.98489015884,112405.7892798684,-189644.72335953914,-37830.72919643421,521,510,516,516,2063,1,1,2,ADV_NONCONN_IND,37,37,4,-1,0,207075735,207076370,55,31,8,pre_aa_hdr_payload
1611.8153460025787,1769647739.800346,42.3644679,-71.0184618,49.875,DF:DC:E5:1D:2B:6C,6c2b1de5dcdf0201060303edfe0d16edfe0200146ca1a0a6547ae7,-32357.718863253627,132822.43937478508,-194666.28943906142,112364.90719261431,-163627.56157799144,-17395.00393448264,395,384,402,402,1583,1,1,0,ADV_IND,27,37,0,-1,0,209122059,209122693,56,32,7,pre_aa_hdr_payload
1614.2030022144318,1769647742.188002,42.3644679,-71.0184618,49.875,E7:7F:C8:01:EF:29,29ef01c87fe71eff4c001219ffa05b5c0dd76249b1e3736f2e8cfdeef8c149abd3a90903ff,-67166.4724581801,146269.74630922094,-226590.36031594485,91461.25233871382,-174245.50394960676,-51612.55376848466,455,582,510,516,2063,1,1,2,ADV_NONCONN_IND,37,37,4,-1,0,209531961,209532595,55,32,8,pre_aa_hdr_payload
1616.0533678531647,1769647744.0383677,42.3644679,-71.0184618,49.875,C7:F5:CB:CD:D2:23,23d2cdcbf5c71eff4c001219ff23c927a79515a19cacbb2905db767404ff1701d28f6701ff,-74664.75374718088,119310.98216751157,-144292.06998454605,104167.46776850757,-184485.9542761892,-51034.83654261979,461,648,474,480,2063,1,1,2,ADV_NONCONN_IND,37,37,2,-1,0,209826854,209827489,56,32,8,pre_aa_hdr_payload
1627.8880472183228,1769647755.873047,42.3644679,-71.0184618,49.875,DF:DC:E5:1D:2B:6C,6c2b1de5dcdf0201060303edfe0d16edfe0200146ca1a0a6547ae7,-31685.172901971968,82410.75605983705,-151615.5038924811,83398.96939606819,-137039.41783763538,-28211.437887322456,377,390,408,408,1583,1,1,0,ADV_IND,27,37,1,-1,0,211674872,211675507,56,32,8,pre_aa_hdr_payload
1632.1960186958313,1769647760.1810186,42.3644679,-71.0184618,49.875,DF:DC:E5:1D:2B:6C,6c2b1de5dcdf0201060303edfe0d16edfe0200146ca1a0a6547ae7,-38784.19761687551,133156.22400577355,-223531.6172341062,111079.68871620669,-105196.66050642813,-27889.25824812033,377,390,408,408,1583,1,1,0,ADV_IND,27,37,1,-1,0,212285839,212286473,56,31,8,pre_aa_hdr_payload
1638.227784395218,1769647766.2127843,42.3644679,-71.0184618,49.875,C9:B0:17:06:C7:58,58c70617b0c90201060303edfe0d16edfe02004e48354be2054686,-34807.11008065498,140368.07774806276,-182182.4557913113,109656.83530263846,-144399.4588362266,-31377.90641231523,347,396,420,420,1583,1,1,0,ADV_IND,27,37,0,-1,0,213069267,213069902,56,32,8,pre_aa_hdr_payload
1640.074872970581,1769647768.0598729,42.3644679,-71.0184618,49.875,DF:DC:E5:1D:2B:6C,6c2b1de5dcdf0201060303edfe0d16edfe0200146ca1a0a6547ae7,-22847.948639365197,165387.95796271446,-190951.13937751818,34949.67940889576,-173163.60716955652,-2603.234017009683,384,383,408,408,1583,1,1,0,ADV_IND,27,37,5,-1,0,213446798,213447432,56,29,8,pre_aa_hdr_payload
1641.4990830421448,1769647769.484083,42.3644679,-71.0184618,49.875,FC:45:2F:F8:FD:00,00fdf82f45fc1eff4c00121900c5d4e52d7348a408cf507b7a55f2410ac700a82624590200,-57775.91571591347,111546.64093736769,-187011.85648516568,118474.3277218267,-176579.56727714112,-38897.468912980374,443,612,504,504,2063,1,1,2,ADV_NONCONN_IND,37,37,0,-1,0,213693096,213693730,56,31,7,pre_aa_hdr_payload
1642.167648077011,1769647770.152648,42.3644679,-71.0184618,49.875,DF:DC:E5:1D:2B:6C,6c2b1de5dcdf0201060303edfe0d16edfe0200146ca1a0a6547ae7,-31796.672182949304,141568.68382612095,-191641.31402288523,111851.3053705163,-177963.02633886907,-28593.43593457581,389,402,396,396,1583,1,1,0,ADV_IND,27,37,0,-1,0,213781916,213782550,56,31,8,pre_aa_hdr_payload
1644.0120959281921,1769647771.9970958,42.3644679,-71.0184618,49.875,C9:B0:17:06:C7:58,58c70617b0c90201060303edfe0d16edfe02004e48354be2054686,-35329.18199394952,177072.72440140226,-212855.46402820075,117548.28298128166,-160552.34090124193,-23662.168580179867,347,408,414,414,1583,1,1,0,ADV_IND,27,37,3,-1,0,214054071,214054706,55,32,7,pre_aa_hdr_payload
1644.0482456684113,1769647772.0332456,42.3644679,-71.0184618,49.875,D9:58:5E:EC:C7:FB,fbc7ec5e58d91eff4c00121900c9de42b40f167727fd59cbdb75fc3538f860dcda8e560300,-34507.61339988154,153065.98291612612,-205701.71013011542,102196.98154106918,-155527.98088158475,-25743.456714480737,479,540,522,522,2063,1,1,2,ADV_NONCONN_IND,37,37,4,-1,0,214102660,214103294,55,31,8,pre_aa_hdr_payload
1645.9195380210876,1769647773.904538,42.3644679,-71.0184618,49.875,C9:B0:17:06:C7:58,58c70617b0c90201060303edfe0d16edfe02004e48354be2054686,-35450.94434564822,138193.7002066599,-165802.86013256843,111377.19716208837,-167274.98309628209,-25328.28934150513,347,408,414,414,1583,1,1,0,ADV_IND,27,37,5,-1,0,214393098,214393733,55,32,8,pre_aa_hdr_payload
1645.9454190731049,1769647773.930419,42.3644679,-71.0184618,49.875,DF:DC:E5:1D:2B:6C,6c2b1de5dcdf0201060303edfe0d16edfe0200146ca1a0a6547ae7,-38675.78970798028,115988.59241560435,-197347.20685900215,110693.57930347869,-171450.26839941484,-29974.844560649162,371,384,414,414,1583,1,1,0,ADV_IND,27,37,5,-1,0,214427885,214428519,55,32,8,pre_aa_hdr_payload
1645.9467270374298,1769647773.931727,42.3644679,-71.0184618,49.875,EF:E8:3A:3B:23:40,40233b3ae8ef1eff4c001219ff1141d5ab237c88190d4d067d8b092b57ae7815ac5d9803ff,-82284.97525739024,146248.25577919243,-220713.1525484665,91799.68989388704,-176971.20832580843,-57776.75778980875,431,654,486,492,2063,1,1,2,ADV_NONCONN_IND,37,37,5,-1,0,214429643,214430277,55,31,8,pre_aa_hdr_payload
1652.3717477321625,1769647780.3567476,42.3644679,-71.0184618,49.875,D9:58:5E:EC:C7:FB,fbc7ec5e58d91eff4c00121900c9de42b40f167727fd59cbdb75fc3538f860dcda8e560300,-32959.90320380815,159934.4718958436,-213893.18362207257,93804.51413213514,-93502.07851216542,-17455.764856568287,485,546,516,516,2063,1,1,2,ADV_NONCONN_IND,37,37,4,-1,0,215508836,215509471,55,32,8,pre_aa_hdr_payload
1654.1683585643768,1769647782.1533585,42.3644679,-71.0184618,49.875,F0:A8:94:39:23:28,28233994a8f01eff4c00121910790bcc0741e3eb9ec71f8c03ad2c5b3cba7aca62feb10028,-56993.211609759135,139374.8155640019,-205073.44417418362,22449.448403472958,-139474.54212757957,-18329.031720126794,491,552,510,510,2063,1,1,0,ADV_IND,37,37,5,-1,0,215721050,215721685,55,32,8,pre_aa_hdr_payload
1654.1715552806854,1769647782.1565552,42.3644679,-71.0184618,49.875,C5:F2:98:7E:32:0E,0e327e98f2c51eff4c0012199071bb7fbc448475f801eba2c5380a1f57de5208041cf9030e,-65557.49333072577,118033.38011117445,-192302.7691437048,97697.50565075611,-75729.95983612261,-45455.57031904751,401,564,546,552,2063,1,1,0,ADV_IND,37,37,0,-1,0,215725346,215725981,56,32,8,pre_aa_hdr_payload
1654.1798412799835,1769647782.1648412,42.3644679,-71.0184618,49.875,EE:6A:31:DB:D0:31,31d0db316aee1eff4c001219108245d06dd74d0456fe3b0bdddc669cf11fc8c117c0050031,-34898.70220608405,136909.03733543164,-70252.69012039306,51646.81798343014,-177155.56602341624,-14131.674684312095,480,509,540,534,2063,1,1,0,ADV_IND,37,37,0,-1,0,215736484,215737118,56,28,7,pre_aa_hdr_payload
1658.0796797275543,1769647786.0646796,42.3644679,-71.0184618,49.875,EF:9B:90:FC:C7:8F,8fc7fc909bef1eff4c001219ffa018b124d1cbb4d942b65ad0df698f92a1accef0888901ff,-61994.64609611663,106031.5154964892,-154503.91522203517,52964.103389730466,-171414.701468001,-31674.79124303271,485,576,498,504,2063,1,1,2,ADV_NONCONN_IND,37,37,0,-1,0,216248458,216249092,56,31,8,pre_aa_hdr_payload
1658.4097831249237,1769647786.394783,42.3644679,-71.0184618,49.875,F0:A8:94:39:23:28,28233994a8f01eff4c00121910790bcc0741e3eb9ec71f8c03ad2c5b3cba7aca62feb10028,-50452.68648377811,95400.96758024393,-192284.19211035236,57037.190431904935,-77323.82752832356,-17621.24775479173,503,528,516,516,2063,1,1,0,ADV_IND,37,37,0,-1,0,216279186,216279820,56,31,8,pre_aa_hdr_payload
1660.4560866355896,1769647788.4410865,42.3644679,-71.0184618,49.875,EE:8C:4D:48:F4:B4,b4f4484d8cee1eff4c00121900420722cff83290384a86b0801550f5147ba1095e00040100,-35752.84937958573,146873.1595695171,-227047.22317085083,110480.02763820635,-192862.34033322704,-37584.28032491032,527,504,516,516,2063,1,1,2,ADV_NONCONN_IND,37,37,0,-1,0,216652974,216653608,56,32,7,pre_aa_hdr_payload
1663.2167818546295,1769647791.2017817,42.3644679,-71.0184618,49.875,CE:4B:10:4B:5F:FC,fc5f4b104bce1eff4c001219398c45525a5cfe94a1f82a7e5538085056f57c40dfed9501e3,-54161.205289607016,141484.55996034198,-163322.5464507628,26490.576587974298,-173893.81290861827,-21648.137431932915,443,594,510,516,2063,1,1,0,ADV_IND,37,37,1,-1,0,217108628,217109262,56,28,8,pre_aa_hdr_payload
1664.4151706695557,1769647792.4001706,42.3644679,-71.0184618,49.875,E2:55:CA:6D:D7:EE,eed76dca55e21eff4c001219d05722c8bcb8cd76171d174e9abbc35d49495061086f6600ee,-50356.387931117024,95816.2516320504,-192620.25726383555,80708.69524764699,-134678.83225380347,-38798.78457484086,443,474,570,576,2063,1,1,0,ADV_IND,37,37,0,-1,0,217251994,217252629,56,31,8,pre_aa_hdr_payload
1664.4244430065155,1769647792.409443,42.3644679,-71.0184618,49.875,C5:F2:98:7E:32:0E,0e327e98f2c51eff4c0012199071bb7fbc448475f801eba2c5380a1f57de5208041cf9030e,-67323.43162849826,153502.7911941296,-207826.1420580857,111256.17363392637,-131666.74895952785,-60733.64656635105,377,618,534,534,2063,1,1,0,ADV_IND,37,37,4,-1,0,217264458,217265092,55,32,8,pre_aa_hdr_payload
1664.4412741661072,1769647792.426274,42.3644679,-71.0184618,49.875,EE:6A:31:DB:D0:31,31d0db316aee1eff4c001219108245d06dd74d0456fe3b0bdddc669cf11fc8c117c0050031,-33499.66246116737,155353.9438275417,-209820.09495071849,112651.58607176828,-98867.31075732442,-23774.442350722973,479,492,546,546,2063,1,1,0,ADV_IND,37,37,4,-1,0,217287080,217287715,55,30,8,pre_aa_hdr_payload
1670.1259200572968,1769647798.11092,42.3644679,-71.0184618,49.875,F0:A8:94:39:23:28,28233994a8f01eff4c00121910790bcc0741e3eb9ec71f8c03ad2c5b3cba7aca62feb10028,-63457.27419082337,80785.24867019276,-120919.10396042101,91461.41145133247,-167363.10350718867,-43174.0545598334,473,594,498,498,2063,1,1,0,ADV_IND,37,37,1,-1,0,218147981,218148615,56,31,8,pre_aa_hdr_payload
1672.0223939418793,1769647800.0073938,42.3644679,-71.0184618,49.875,E3:7C:25:FD:26:03,0326fd257ce31eff4c001219ff11f3b92d6c3767c2003800d4286bdfc5c09319bdc55a02ff,-28156.458826313064,136133.08688524045,-201434.11923266732,103045.05279196879,-174507.90351094905,-30953.357161830987,509,480,534,540,2063,1,1,2,ADV_NONCONN_IND,37,37,5,-1,0,218424203,218424837,55,31,8,pre_aa_hdr_payload
1674.6081030368805,1769647802.593103,42.3644679,-71.0184618,49.875,D9:58:5E:EC:C7:FB,fbc7ec5e58d91eff4c00121900c9de42b40f167727fd59cbdb75fc3538f860dcda8e560300,-33102.70040374789,142413.74010672144,-199772.6398726515,71506.5237782277,-135474.5280347728,-23538.71786245342,479,540,522,522,2063,1,1,2,ADV_NONCONN_IND,37,37,0,-1,0,218767295,218767930,56,32,8,pre_aa_hdr_payload
1676.19247508049,1769647804.177475,42.3644679,-71.0184618,49.875,F0:A8:94:39:23:28,28233994a8f01eff4c00121910790bcc0741e3eb9ec71f8c03ad2c5b3cba7aca62feb10028,-56186.56982496216,118116.1106576319,-246347.22159011278,65447.378950070255,-55537.773467233725,-23720.915783215296,497,558,504,504,2063,1,1,0,ADV_IND,37,37,4,-1,0,219066231,219066866,55,32,8,pre_aa_hdr_payload
1676.2066435813904,1769647804.1916435,42.3644679,-71.0184618,49.875,D9:58:5E:EC:C7:FB,fbc7ec5e58d91eff4c00121900c9de42b40f167727fd59cbdb75fc3538f860dcda8e560300,-33476.60345790364,116189.93599800511,-168423.12899933313,115226.40241597312,-169858.54043436013,-29346.18453322735,479,540,522,522,2063,1,1,2,ADV_NONCONN_IND,37,37,5,-1,0,219085275,219085909,55,32,8,pre_aa_hdr_payload
1680.0310740470886,1769647808.016074,42.3644679,-71.0184618,49.875,E2:1D:AF:21:FB:28,28fb21af1de21eff4c001219ff3c0929ddcbcb294e189e91929f4e7e065a980874c48702ff,-68053.60019620786,127740.79096838724,-140442.5043760347,116965.80471937606,-150865.8630457729,-48919.43513194097,347,918,396,402,2063,1,1,2,ADV_NONCONN_IND,37,37,0,-1,0,219654171,219654806,56,31,8,pre_aa_hdr_payload
1684.1256141662598,1769647812.110614,42.3644679,-71.0184618,49.875,FD:72:80:40:A2:3F,3fa2408072fd1eff4c001219104629d1c38ec6d67cb18b22b6575af26c28f5c63ab6bd003f,-53297.08675138022,160747.21536600374,-224990.66137878675,114124.72883347319,-183331.88862560428,-37767.657882974105,419,552,546,546,2063,1,1,0,ADV_IND,37,37,5,-1,0,220325043,220325677,55,32,7,pre_aa_hdr_payload
1684.4405827522278,1769647812.4255826,42.3644679,-71.0184618,49.875,EE:6A:31:DB:D0:31,31d0db316aee1eff4c001219108245d06dd74d0456fe3b0bdddc669cf11fc8c117c0050031,-33295.69949416244,171038.24521848003,-109435.53808605234,117407.95364517855,-185448.4342854259,-23654.880119355577,479,516,534,534,2063,1,1,0,ADV_IND,37,37,4,-1,0,220340805,220341440,55,32,8,pre_aa_hdr_payload
1684.7915766239166,1769647812.7765765,42.3644679,-71.0184618,49.875,EE:8C:4D:48:F4:B4,b4f4484d8cee1eff4c00121900420722cff83290384a86b0801550f5147ba1095e00040100,-36193.819911145234,95631.79558546585,-170395.1694363138,75755.51927572397,-146020.28806063623,-35297.75687064762,515,504,522,522,2063,1,1,2,ADV_NONCONN_IND,37,37,1,-1,0,220413052,220413687,56,31,8,pre_aa_hdr_payload
1688.225965976715,1769647816.2109659,42.3644679,-71.0184618,49.875,C5:F2:98:7E:32:0E,0e327e98f2c51eff4c0012199071bb7fbc448475f801eba2c5380a1f57de5208041cf9030e,-55737.66987065121,79463.50192009864,-177076.33817403347,98658.0684911262,-173398.28950456678,-46200.507002892075,425,546,546,546,2063,1,1,0,ADV_IND,37,37,1,-1,0,220904586,220905221,56,29,8,pre_aa_hdr_payload
1701.9853100776672,1769647829.97031,42.3644679,-71.0184618,49.875,E8:C0:60:9E:9B:B2,b29b9e60c0e81eff4c001219ff70e663d107d3dd443febf39f3ae2c3ecd14990d2d21400ff,-60250.38653421104,65954.77748988761,-173655.2653803838,65505.82797691693,-161421.4956844197,-40952.23300285469,437,540,540,546,2063,1,1,2,ADV_NONCONN_IND,37,37,1,-1,0,222877850,222878484,56,30,8,pre_aa_hdr_payload
1702.2851612567902,1769647830.2701612,42.3644679,-71.0184618,49.875,F0:A8:94:39:23:28,28233994a8f01eff4c00121910790bcc0741e3eb9ec71f8c03ad2c5b3cba7aca62feb10028,-56193.905163550524,14755.967062276712,-192067.1558100827,83209.27656340455,-34346.80712893374,-5915.44897805883,491,576,498,498,2063,1,1,0,ADV_IND,37,37,5,-1,0,222920336,222920970,55,29,8,pre_aa_hdr_payload
1706.4313213825226,1769647834.4163213,42.3644679,-71.0184618,49.875,E6:9C:2A:08:7A:3A,3a7a082a9ce61eff4c00121910b9d7425d6d5273bd3650a8319117865b7b702ff5d952003a,-79987.32807627671,13381.850185880381,-189431.01260823905,98923.08734361228,-188082.52178709078,-34377.6461411891,347,564,576,576,2063,1,1,0,ADV_IND,37,37,0,-1,0,223610532,223611167,56,31,8,pre_aa_hdr_payload
1706.442106962204,1769647834.4271069,42.3644679,-71.0184618,49.875,EE:6A:31:DB:D0:31,31d0db316aee1eff4c001219108245d06dd74d0456fe3b0bdddc669cf11fc8c117c0050031,-31973.602541839286,149310.74743394708,-209633.5353928131,102626.60231566684,-149232.36784364385,-28971.311176641135,485,498,540,540,2063,1,1,0,ADV_IND,37,37,4,-1,0,223625030,223625665,55,32,8,pre_aa_hdr_payload
1706.8352091312408,1769647834.820209,42.3644679,-71.0184618,49.875,EE:8C:4D:48:F4:B4,b4f4484d8cee1eff4c00121900420722cff83290384a86b0801550f5147ba1095e00040100,-38770.72578019552,140219.70056020853,-211771.8471697281,56848.33430116563,-142928.55591440346,-26194.882805758727,515,504,522,522,2063,1,1,2,ADV_NONCONN_IND,37,37,1,-1,0,223689358,223689992,56,30,8,pre_aa_hdr_payload
1708.3999524116516,1769647836.3849523,42.3644679,-71.0184618,49.875,C8:E8:73:13:55:CC,cc551373e8c81eff4c001219ff8e99c664473fd2e5e8c5584e1adc9aa9d70cc6dfcac101ff,-64849.16713883218,143828.8533463163,-225700.6527062011,94834.20266920445,-180743.37584779473,-52938.234535134245,449,600,504,510,2063,1,1,2,ADV_NONCONN_IND,37,37,0,-1,0,223948470,223949104,56,32,8,pre_aa_hdr_payload
1712.900894165039,1769647840.885894,42.3644679,-71.0184618,49.875,EE:8C:4D:48:F4:B4,b4f4484d8cee1eff4c00121900420722cff83290384a86b0801550f5147ba1095e00040100,-26420.523557470897,102963.54424126612,-149069.43890652104,86202.77810666236,-160969.7563149439,-26403.08318517894,521,534,504,504,2063,1,1,2,ADV_NONCONN_IND,37,37,1,-1,0,224730790,224731425,56,31,7,pre_aa_hdr_payload
1714.3297817707062,1769647842.3147817,42.3644679,-71.0184618,49.875,D9:58:5E:EC:C7:FB,fbc7ec5e58d91eff4c00121900c9de42b40f167727fd59cbdb75fc3538f860dcda8e560300,-21851.523644892695,102157.04211813601,-145561.3823370962,77696.39673994259,-35194.77388264581,-3443.8131521903765,473,534,528,528,2063,1,1,2,ADV_NONCONN_IND,37,37,1,-1,0,224962194,224962829,56,31,8,pre_aa_hdr_payload
1714.7645494937897,1769647842.7495494,42.3644679,-71.0184618,49.875,EE:8C:4D:48:F4:B4,b4f4484d8cee1eff4c00121900420722cff83290384a86b0801550f5147ba1095e00040100,-38280.88026470507,124136.03522707272,-120432.07824220824,100909.69075325242,-147433.5031959642,-30946.846155359966,407,636,510,510,2063,1,1,2,ADV_NONCONN_IND,37,37,5,-1,0,225008601,225009235,55,32,8,pre_aa_hdr_payload
1716.748411655426,1769647844.7334116,42.3644679,-71.0184618,49.875,EE:8C:4D:48:F4:B4,b4f4484d8cee1eff4c00121900420722cff83290384a86b0801550f5147ba1095e00040100,-37851.503267800996,64682.63462785687,-188452.0355697605,109483.56235934122,-146396.18637644066,-30434.929003087113,509,522,516,516,2063,1,1,2,ADV_NONCONN_IND,37,37,5,-1,0,225281313,225281947,55,32,8,pre_aa_hdr_payload
1722.1813960075378,1769647850.166396,42.3644679,-71.0184618,49.875,EA:B1:6A:27:16:BE,be16276ab1ea1eff4c001219fffbc5a4d57af540cfcc81868626b5bb4cd679c79e1fbe02ff,-77097.66001840448,117289.158581916,-185058.05241685157,82043.6831731725,-187261.49015208872,-62480.051958927215,443,678,468,474,2063,1,1,2,ADV_NONCONN_IND,37,37,1,-1,0,226111754,226112388,56,32,8,pre_aa_hdr_payload
1730.4037282466888,1769647858.3887281,42.3644679,-71.0184618,49.875,FD:72:80:40:A2:3F,3fa2408072fd1eff4c001219104629d1c38ec6d67cb18b22b6575af26c28f5c63ab6bd003f,-56394.43880640454,93341.56454011258,-194204.08677422622,106470.95513060264,-166033.36811068826,-47059.77798414131,443,528,546,546,2063,1,1,0,ADV_IND,37,37,1,-1,0,227164809,227165443,56,32,8,pre_aa_hdr_payload
1730.405844926834,1769647858.3908448,42.3644679,-71.0184618,49.875,E6:9C:2A:08:7A:3A,3a7a082a9ce61eff4c00121910b9d7425d6d5273bd3650a8319117865b7b702ff5d952003a,-82920.2184250552,145607.95140074426,-190031.97105951884,112717.69848896867,-201455.79542343903,-59004.51812442398,341,570,576,576,2063,1,1,0,ADV_IND,37,37,1,-1,0,227167654,227168288,56,31,8,pre_aa_hdr_payload
1730.4076662063599,1769647858.392666,42.3644679,-71.0184618,49.875,E2:55:CA:6D:D7:EE,eed76dca55e21eff4c001219d05722c8bcb8cd76171d174e9abbc35d49495061086f6600ee,-51831.5131375895,102246.59504926385,-190349.61622598863,91243.96841005268,-157770.6906676391,-40107.815930341225,443,474,570,576,2063,1,1,0,ADV_IND,37,37,0,-1,0,227170102,227170736,56,32,8,pre_aa_hdr_payload
1738.0932290554047,1769647866.078229,42.3644679,-71.0184618,49.875,C2:63:B1:34:80:56,568034b163c21eff4c001219ff17e2e6411b22a7014b0a114670e98f60b8227d434b9e00ff,-19321.977311548988,164998.44071402377,-145872.33801079346,108035.31803859022,-154665.5596961985,-23294.388808282805,455,654,474,480,2063,1,1,2,ADV_NONCONN_IND,37,37,0,-1,0,228291691,228292325,56,32,8,pre_aa_hdr_payload
1740.6451992988586,1769647868.6301992,42.3644679,-71.0184618,49.875,D9:58:5E:EC:C7:FB,fbc7ec5e58d91eff4c00121900c9de42b40f167727fd59cbdb75fc3538f860dcda8e560300,-32303.29435061373,87970.07907405819,-166960.52233348534,31466.788174851634,-25796.38799209023,-7131.991239081632,473,546,522,522,2063,1,1,2,ADV_NONCONN_IND,37,37,5,-1,0,228724865,228725499,55,29,8,pre_aa_hdr_payload
1743.3283784389496,1769647871.3133783,42.3644679,-71.0184618,49.875,78:9E:0B:E2:DE:FF,ffdee20b9e7802010403025afd17165afd12e3fb029336200c5df271a4a30000009bd30b41,-33034.060559876605,135956.58152083628,-212011.74498155096,79441.80609002385,-155931.80870760483,-36658.5194055319,479,504,540,540,2063,1,1,0,ADV_IND,37,37,5,-1,0,229145204,229145838,55,32,8,pre_aa_hdr_payload
1744.2018282413483,1769647872.1868281,42.3644679,-71.0184618,49.875,E6:9C:2A:08:7A:3A,3a7a082a9ce61eff4c00121910b9d7425d6d5273bd3650a8319117865b7b702ff5d952003a,-84680.20165163616,87643.78584301121,-164676.06107155923,83294.1157452358,-153311.10060850222,-61149.48306845523,287,726,522,528,2063,1,1,0,ADV_IND,37,37,0,-1,0,229307795,229308429,56,31,8,pre_aa_hdr_payload
1744.2029948234558,1769647872.1879947,42.3644679,-71.0184618,49.875,FD:72:80:40:A2:3F,3fa2408072fd1eff4c001219104629d1c38ec6d67cb18b22b6575af26c28f5c63ab6bd003f,-49326.48078010052,130703.83139191821,-224221.43367833164,59699.73229772573,-162032.5677574806,-37899.84087220579,455,516,546,546,2063,1,1,0,ADV_IND,37,37,0,-1,0,229309362,229309997,56,30,8,pre_aa_hdr_payload
1746.227177143097,1769647874.212177,42.3644679,-71.0184618,49.875,E2:55:CA:6D:D7:EE,eed76dca55e21eff4c001219d05722c8bcb8cd76171d174e9abbc35d49495061086f6600ee,-43133.388167811594,117790.67552753449,-190343.4884346409,97614.74886785778,-176802.09255551145,-33265.9792861854,443,474,570,576,2063,1,1,0,ADV_IND,37,37,5,-1,0,229637288,229637922,55,31,7,pre_aa_hdr_payload
1746.5847368240356,1769647874.5697367,42.3644679,-71.0184618,49.875,D9:58:5E:EC:C7:FB,fbc7ec5e58d91eff4c00121900c9de42b40f167727fd59cbdb75fc3538f860dcda8e560300,-32168.657803788312,113471.64759901608,-156721.55600895153,21113.38189637599,-115637.34183492688,-11402.622901989256,455,552,528,528,2063,1,1,2,ADV_NONCONN_IND,37,37,2,-1,0,229647123,229647758,56,32,8,pre_aa_hdr_payload
1746.62198472023,1769647874.6069846,42.3644679,-71.0184618,49.875,EE:8C:4D:48:F4:B4,b4f4484d8cee1eff4c00121900420722cff83290384a86b0801550f5147ba1095e00040100,-29300.353652750437,16557.085024769982,-213522.25552045685,106978.66836531315,-153503.0912658203,-20079.33457506751,509,522,516,516,2063,1,1,2,ADV_NONCONN_IND,37,37,0,-1,0,229697189,229697823,56,29,7,pre_aa_hdr_payload
1748.4917595386505,1769647876.4767594,42.3644679,-71.0184618,49.875,E6:9C:2A:08:7A:3A,3a7a082a9ce61eff4c00121910b9d7425d6d5273bd3650a8319117865b7b702ff5d952003a,-88389.04417997309,136328.06983069982,-210889.05447808444,98529.54356912276,-191345.78315240954,-60952.4532471442,353,570,570,570,2063,1,1,0,ADV_IND,37,37,0,-1,0,229982898,229983533,56,32,8,pre_aa_hdr_payload
1752.599847316742,1769647880.5848472,42.3644679,-71.0184618,49.875,F0:A8:94:39:23:28,28233994a8f01eff4c00121910790bcc0741e3eb9ec71f8c03ad2c5b3cba7aca62feb10028,-56867.763801815265,171591.7495116489,-173683.87367919003,43062.66938966506,-83659.77658006133,-21976.831043066406,353,810,450,450,2063,1,1,0,ADV_IND,37,37,4,-1,0,230558056,230558691,55,32,7,pre_aa_hdr_payload
1754.3967249393463,1769647882.3817248,42.3644679,-71.0184618,49.875,E2:55:CA:6D:D7:EE,eed76dca55e21eff4c001219d05722c8bcb8cd76171d174e9abbc35d49495061086f6600ee,-50064.46493407522,107222.15324867767,-175704.38404776633,105761.87770475507,-92039.33527055455,-41018.673453112395,425,492,570,576,2063,1,1,0,ADV_IND,37,37,0,-1,0,230867078,230867713,56,31,8,pre_aa_hdr_payload
1754.766555070877,1769647882.751555,42.3644679,-71.0184618,49.875,D9:58:5E:EC:C7:FB,fbc7ec5e58d91eff4c00121900c9de42b40f167727fd59cbdb75fc3538f860dcda8e560300,-36299.566892172326,151703.48038458216,-195813.42490630515,45113.23117590282,-30072.161530504676,-18523.362821082912,467,564,516,516,2063,1,1,2,ADV_NONCONN_IND,37,37,0,-1,0,230883999,230884634,56,28,8,pre_aa_hdr_payload
1764.4338586330414,1769647892.4188585,42.3644679,-71.0184618,49.875,FD:72:80:40:A2:3F,3fa2408072fd1eff4c001219104629d1c38ec6d67cb18b22b6575af26c28f5c63ab6bd003f,-53589.34058571044,120439.0638954665,-205144.16898768992,94894.16406673197,-118748.31321989244,-42493.30298287757,437,522,552,552,2063,1,1,0,ADV_IND,37,37,1,-1,0,232417272,232417907,56,32,8,pre_aa_hdr_payload
1766.1696848869324,1769647894.1546848,42.3644679,-71.0184618,49.875,D4:F2:1A:48:56:F6,f656481af2d41eff4c001219ffad9a5a8d56933eefd8b6745d84861a3dff9fcb265a7800ff,-51558.561702473875,93604.08166623392,-173766.91042885918,91396.2237472631,-175870.69616433003,-45601.83457393398,503,558,498,504,2063,1,1,2,ADV_NONCONN_IND,37,37,0,-1,0,232695313,232695947,56,32,8,pre_aa_hdr_payload
1768.2776429653168,1769647896.2626429,42.3644679,-71.0184618,49.875,CA:B0:A5:15:19:1F,1f1915a5b0ca1eff4c001219ffef5bf16e003beb485986005e3822fa1f7b341518143c02ff,-38432.94446611072,162573.4038404553,-148721.19597504384,123752.12195339664,-146276.61809659848,-35897.294908708915,401,912,372,378,2063,1,1,2,ADV_NONCONN_IND,37,37,3,-1,0,233058903,233059537,55,32,8,pre_aa_hdr_payload
1782.1569294929504,1769647910.1419294,42.3644679,-71.0184618,49.875,C6:12:58:A0:3F:93,933fa05812c61eff4c001219ffb3ae7094b52faf841bfb14bd4ba4c207e3c85ee8d34602ff,-113700.40904759543,116466.99072075471,-164487.02147961772,100156.58653183347,-164295.92015770433,-75931.3548229012,263,1002,396,402,2063,1,1,2,ADV_NONCONN_IND,37,37,1,-1,0,234719192,234719827,56,32,8,pre_aa_hdr_payload
1782.6271884441376,1769647910.6121883,42.3644679,-71.0184618,49.875,FD:72:80:40:A2:3F,3fa2408072fd1eff4c001219104629d1c38ec6d67cb18b22b6575af26c28f5c63ab6bd003f,-60113.99619401798,79962.78368741974,-169116.16014418597,92794.41876507303,-169363.27692087681,-49860.14880215101,449,522,546,546,2063,1,1,0,ADV_IND,37,37,2,-1,0,234758194,234758829,56,32,8,pre_aa_hdr_payload
1790.6475160121918,1769647918.632516,42.3644679,-71.0184618,49.875,FD:72:80:40:A2:3F,3fa2408072fd1eff4c001219104629d1c38ec6d67cb18b22b6575af26c28f5c63ab6bd003f,-51890.896652165466,142879.34577328604,-233854.9007749171,104106.69817639406,-176579.88735872737,-44163.128037587056,443,528,546,546,2063,1,1,0,ADV_IND,37,37,0,-1,0,235815275,235815910,56,32,8,pre_aa_hdr_payload
1794.1319575309753,1769647922.1169574,42.3644679,-71.0184618,49.875,E8:91:BB:D5:4E:2E,2e4ed5bb91e81eff4c001219ff1c0b8a58b58815a4636dee5b3d7f391953ed4faf2f4000ff,-93266.07673110493,117187.19001689776,-154226.3059964058,110245.5932798162,-172065.2341273816,-65254.11910373165,305,960,396,402,2063,1,1,2,ADV_NONCONN_IND,37,37,0,-1,0,236350910,236351544,56,31,7,pre_aa_hdr_payload
1796.2632579803467,1769647924.2482579,42.3644679,-71.0184618,49.875,DE:1F:7C:F0:9A:C7,c79af07c1fde1eff4c001219ffda240160761f03d3ec6a1ba70053346f9da51dac48d100ff,-46988.79872969819,98855.7305311074,-189270.35089264784,95479.45084556073,-125347.98977461937,-35051.43329924895,545,552,480,486,2063,1,1,2,ADV_NONCONN_IND,37,37,5,-1,0,236669585,236670220,55,28,8,pre_aa_hdr_payload
1798.717204093933,1769647926.702204,42.3644679,-71.0184618,49.875,E1:39:7B:4F:A9:90,90a94f7b39e11eff4c00121900775c3acae9508e429a8e5e9ac8e12977d760a6ad4d790100,-43313.97552382517,119733.00062721272,-174344.03770438486,46987.54726583055,-54695.80720950956,-13466.64248934157,491,540,516,516,2063,1,1,2,ADV_NONCONN_IND,37,37,0,-1,0,237101708,237102342,56,29,8,pre_aa_hdr_payload
1802.1853559017181,1769647930.1703558,42.3644679,-71.0184618,49.875,D7:DD:52:08:2D:43,432d0852ddd71eff4c001219ff79399e0e623dc95f34c43dbb99f146afe77f67c46fb000ff,-92689.9289294099,62496.54255102733,-179523.84182891803,58902.27081325651,-164784.65007699523,-63543.48522089594,359,630,534,540,2063,1,1,2,ADV_NONCONN_IND,37,37,1,-1,0,237693079,237693714,56,30,8,pre_aa_hdr_payload
1803.2344930171967,1769647931.219493,42.3644679,-71.0184618,49.875,EE:8C:4D:48:F4:B4,b4f4484d8cee1eff4c00121900420722cff83290384a86b0801550f5147ba1095e00040100,-26163.62840301415,124541.08225806936,-127529.56972457276,99402.80264128215,-96167.68080686893,-25556.60529276353,521,498,522,522,2063,1,1,2,ADV_NONCONN_IND,37,37,1,-1,0,237836107,237836742,56,32,8,pre_aa_hdr_payload
1806.3379247188568,1769647934.3229246,42.3644679,-71.0184618,49.875,DF:14:62:F8:07:E8,e807f86214df0201060303aafe1516aafe00feede5a7b1986e2be4ca5a00002cde001b,-24030.071180870764,127165.43359171714,-10125.327567794095,39891.55190541003,-106811.24415572935,-3594.035732440179,455,522,492,498,1967,1,1,2,ADV_NONCONN_IND,35,37,0,-1,0,238343828,238344462,56,28,8,pre_aa_hdr_payload
1807.09348654747,1769647935.0784864,42.3644679,-71.0184618,49.875,DF:14:62:F8:07:E8,e807f86214df0201060303aafe1516aafe00feede5a7b1986e2be4ca5a00002cde001b,-36139.975253107616,79699.67819074476,-147913.76095334807,102957.79433862574,-100063.79519490417,-14621.847948783898,443,570,474,480,1967,1,1,2,ADV_NONCONN_IND,35,37,0,-1,0,238459526,238460161,56,32,8,pre_aa_hdr_payload
1807.88454246521,1769647935.8695424,42.3644679,-71.0184618,49.875,FD:ED:E7:75:43:8C,8c4375e7edfd1eff4c001219ff120bf29bffda86393d24d6f4e7975c5073d9842de35d01ff,-38407.704782655586,117613.36970759163,-148913.2753242223,37516.46710871677,-181685.91737827234,-22019.22275287762,521,504,516,522,2063,1,1,2,ADV_NONCONN_IND,37,37,1,-1,0,238550675,238551309,56,29,8,pre_aa_hdr_payload
1808.3042409420013,1769647936.2892408,42.3644679,-71.0184618,49.875,DF:14:62:F8:07:E8,e807f86214df0201060303aafe1516aafe00feede5a7b1986e2be4ca5a00002cde001b,-36501.477245032984,149825.36166371897,-186482.06120558595,128718.95296540491,-157415.10908939873,-29361.567875646342,449,564,474,480,1967,1,1,2,ADV_NONCONN_IND,35,37,0,-1,0,238555321,238555955,56,32,8,pre_aa_hdr_payload
1809.0816040039062,1769647937.066604,42.3644679,-71.0184618,49.875,E2:55:CA:6D:D7:EE,eed76dca55e21eff4c001219d05722c8bcb8cd76171d174e9abbc35d49495061086f6600ee,-44061.46502440905,154744.88205993565,-27435.927145684906,89840.38504210982,-82978.24760120657,-20154.310743435373,420,527,558,558,2063,1,1,0,ADV_IND,37,37,5,-1,0,238621345,238621979,55,31,7,pre_aa_hdr_payload
1809.0827341079712,1769647937.067734,42.3644679,-71.0184618,49.875,C5:F2:98:7E:32:0E,0e327e98f2c51eff4c0012199071bb7fbc448475f801eba2c5380a1f57de5208041cf9030e,-60119.58129662891,58444.93016822343,-161482.8976208078,94632.8461410459,-164719.18993581345,-49281.212567281014,437,582,522,522,2063,1,1,0,ADV_IND,37,37,1,-1,0,238622863,238623498,56,28,8,pre_aa_hdr_payload
1814.5984897613525,1769647942.5834897,42.3644679,-71.0184618,49.875,FF:FF:8B:4E:B5:DD,ddb54e8bffff0201060303aafe1516aafe00feede5a7b1986e2be4ca5a00002cde001c,-22359.056504447824,121244.31627972075,-123564.45854327246,101300.40806031482,-150001.61344691785,-21425.422018126043,455,558,474,480,1967,1,1,2,ADV_NONCONN_IND,35,37,2,-1,0,239045321,239045956,56,32,8,pre_aa_hdr_payload
1821.7694864273071,1769647949.7544863,42.3644679,-71.0184618,49.875,FF:FF:8B:4E:B5:DD,ddb54e8bffff0201060303aafe1516aafe00feede5a7b1986e2be4ca5a00002cde001c,-14344.13010089963,7630.774075898428,-145396.3939506626,11890.677230147494,-89699.982642845,1499.953856552982,485,492,492,498,1967,1,1,2,ADV_NONCONN_IND,35,37,5,-1,0,239966854,239967489,55,30,8,pre_aa_hdr_payload
1822.1437258720398,1769647950.1287258,42.3644679,-71.0184618,49.875,D1:F0:54:F5:FC:DD,ddfcf554f0d11eff4c001219ffdcdd27bec4fb172f9cb74443f5e3ac95272f92cfd36002ff,-57701.17494785254,129758.99154644017,-223998.22902693538,93150.81424275035,-96602.69675841612,-33524.16426052939,455,534,534,540,2063,1,1,2,ADV_NONCONN_IND,37,37,0,-1,0,240052873,240053507,56,29,8,pre_aa_hdr_payload
1834.164927482605,1769647962.1499274,42.3644679,-71.0184618,49.875,D4:49:62:24:60:43,4360246249d41eff4c001219ff52d1088ef1673c895e3318907dd4516546374780af9900ff,-52732.78505904468,115189.69920485553,-109487.63500796148,100858.91357565727,-127864.38547037674,-40657.716956092445,311,942,402,408,2063,1,1,2,ADV_NONCONN_IND,37,37,1,-1,0,241613911,241614545,56,31,8,pre_aa_hdr_payload
1840.282308101654,1769647968.267308,42.3644679,-71.0184618,49.875,E5:76:7E:16:8D:83,838d167e76e51eff4c001219ff042a837b0e89c2c6bf8d5255c952505c6cb019a7519a03ff,-65413.41902770494,84540.0711067662,-177801.35166380362,77718.03962862612,-144973.97498083886,-48779.59275141473,389,540,564,570,2063,1,1,2,ADV_NONCONN_IND,37,37,5,-1,0,242167956,242168590,55,30,8,pre_aa_hdr_payload
1853.9886841773987,1769647981.973684,42.3644679,-71.0184618,49.875,F2:12:97:FE:9A:79,799afe9712f21eff4c001219ffe7613c5d61dcb09ca054c72386d63413b405fca32a0100ff,-67061.6646281653,113165.83694776459,-202294.6923202844,95498.06761290706,-178426.68097324556,-48244.143735765094,467,582,504,510,2063,1,1,2,ADV_NONCONN_IND,37,37,1,-1,0,243904655,243905290,56,30,8,pre_aa_hdr_payload
1854.7433233261108,1769647982.7283232,42.3644679,-71.0184618,49.875,EB:DB:1C:E2:C2:49,49c2e21cdbeb0201060303aafe1516aafe00feede5a7b1986e2be4ca5a00002cde0016,-44578.10124548098,158509.64914430736,-180303.76122936333,123435.29366127648,-114036.17895965853,-27275.5866052502,437,564,480,486,1967,1,1,2,ADV_NONCONN_IND,35,37,1,-1,0,243997607,243998242,56,32,8,pre_aa_hdr_payload
1856.1547784805298,1769647984.1397784,42.3644679,-71.0184618,49.875,FF:FF:8B:4E:B5:DD,ddb54e8bffff0201060303aafe1516aafe00feede5a7b1986e2be4ca5a00002cde001c,-16948.733810031896,111109.95917068073,-20765.187298816847,93248.90717984825,-149524.9247322405,-10687.889477380413,479,498,492,498,1967,1,1,2,ADV_NONCONN_IND,35,37,0,-1,0,244263052,244263686,56,29,8,pre_aa_hdr_payload
1858.0933401584625,1769647986.07834,42.3644679,-71.0184618,49.875,D4:23:19:78:75:4C,4c75781923d41eff4c001219ff23f360f568dcc202305b5cec6f2f624248ef659cb46c00ff,-39779.37040999831,85570.55555424377,-136583.1895162767,95906.9693036695,-164494.64224374222,-32941.84876895486,515,522,510,516,2063,1,1,2,ADV_NONCONN_IND,37,37,3,-1,0,244618368,244619003,56,30,8,pre_aa_hdr_payload
1861.0254778862,1769647989.0104778,42.3644679,-71.0184618,49.875,EB:DB:1C:E2:C2:49,49c2e21cdbeb0201060303aafe1516aafe00feede5a7b1986e2be4ca5a00002cde0016,-42825.47470182958,170767.63867958367,-182915.4733342995,121147.1864266512,-179408.69459336513,-38807.54352282206,431,582,474,480,1967,1,1,2,ADV_NONCONN_IND,35,37,2,-1,0,245063864,245064498,56,32,8,pre_aa_hdr_payload
1862.8277623653412,1769647990.8127623,42.3644679,-71.0184618,49.875,EB:DB:1C:E2:C2:49,49c2e21cdbeb0201060303aafe1516aafe00feede5a7b1986e2be4ca5a00002cde0016,-42370.14298604057,146565.84134771087,-158262.5266500752,112951.57749328109,-170830.08359875937,-29933.49630268435,437,576,474,480,1967,1,1,2,ADV_NONCONN_IND,35,37,0,-1,0,245373109,245373744,56,32,8,pre_aa_hdr_payload
1862.8601260185242,1769647990.845126,42.3644679,-71.0184618,49.875,EB:DB:1C:E2:C2:49,49c2e21cdbeb0201060303aafe1516aafe00feede5a7b1986e2be4ca5a00002cde0016,-38518.11905962251,120094.9947774197,-140961.28006202143,11449.923497814347,-108536.92556138689,-7409.044285497256,449,564,474,480,1967,1,1,2,ADV_NONCONN_IND,35,37,0,-1,0,245416610,245417244,56,29,7,pre_aa_hdr_payload
1867.451665878296,1769647995.4366658,42.3644679,-71.0184618,49.875,FF:FF:8B:4E:B5:DD,ddb54e8bffff0201060303aafe1516aafe00feede5a7b1986e2be4ca5a00002cde001c,-17855.149717713455,130141.7897821876,-158319.74612865568,120082.21832146021,-153596.95914260336,-17670.680978343073,479,510,486,492,1967,1,1,2,ADV_NONCONN_IND,35,37,0,-1,0,246008504,246009138,56,32,8,pre_aa_hdr_payload
1868.3401963710785,1769647996.3251963,42.3644679,-71.0184618,49.875,FF:FF:8B:4E:B5:DD,ddb54e8bffff0201060303aafe1516aafe00feede5a7b1986e2be4ca5a00002cde001c,-13108.047286175011,17992.696014750632,-114397.8546839644,90376.38956557051,-145620.51081855968,-6747.689637687986,461,576,462,468,1967,1,1,2,ADV_NONCONN_IND,35,37,0,-1,0,246102654,246103288,56,28,8,pre_aa_hdr_payload
1869.6618258953094,1769647997.6468258,42.3644679,-71.0184618,49.875,FF:FF:8B:4E:B5:DD,ddb54e8bffff0201060303aafe1516aafe00feede5a7b1986e2be4ca5a00002cde001c,-23182.37355579814,142983.59874953135,-169421.08582346552,71796.18877703979,-163722.76831147374,-22144.83163670947,491,510,480,486,1967,1,1,2,ADV_NONCONN_IND,35,37,0,-1,0,246336399,246337034,56,32,8,pre_aa_hdr_payload
1870.8139276504517,1769647998.7989275,42.3644679,-71.0184618,49.875,FF:FF:8B:4E:B5:DD,ddb54e8bffff0201060303aafe1516aafe00feede5a7b1986e2be4ca5a00002cde001c,-22522.518584048008,25239.488539244805,-208688.1703198753,133798.97251637012,-163617.62282408754,-6854.471274562164,491,498,486,492,1967,1,1,2,ADV_NONCONN_IND,35,37,4,-1,0,246537176,246537810,55,32,8,pre_aa_hdr_payload
1876.1266415119171,1769648004.1116414,42.3644679,-71.0184618,49.875,F7:6E:AC:3A:AD:24,24ad3aac6ef71eff4c001219fff8822fba40a814ce9e5707430fd87f9aa8e7a519e6b900ff,-30512.247992823446,131234.70503769038,-213827.92546744723,101137.89012537526,-175023.89389033534,-35227.1570730536,539,510,504,510,2063,1,1,2,ADV_NONCONN_IND,37,37,0,-1,0,247042262,247042896,56,32,8,pre_aa_hdr_payload
1880.7259085178375,1769648008.7109084,42.3644679,-71.0184618,49.875,FF:FF:8B:4E:B5:DD,ddb54e8bffff0201060303aafe1516aafe00feede5a7b1986e2be4ca5a00002cde001c,-28942.94088085772,148167.55969263607,-185564.57056785293,120748.36533027602,-166826.9203780456,-25933.183099205526,479,522,480,486,1967,1,1,2,ADV_NONCONN_IND,35,37,0,-1,0,247853246,247853881,56,32,8,pre_aa_hdr_payload
1883.039380788803,1769648011.0243807,42.3644679,-71.0184618,49.875,EB:DB:1C:E2:C2:49,49c2e21cdbeb0201060303aafe1516aafe00feede5a7b1986e2be4ca5a00002cde0016,-44649.06050776139,188540.00349984944,-189227.0435501539,117269.71773829107,-171228.02338715937,-26701.569982648554,437,576,474,480,1967,1,1,2,ADV_NONCONN_IND,35,37,0,-1,0,248190645,248191279,56,32,8,pre_aa_hdr_payload
1885.1106419563293,1769648013.0956419,42.3644679,-71.0184618,49.875,FF:FF:8B:4E:B5:DD,ddb54e8bffff0201060303aafe1516aafe00feede5a7b1986e2be4ca5a00002cde001c,-22928.85792202954,133662.2188482245,-107730.18513883346,114999.9898716482,-113774.69733904641,-22798.879430364956,485,504,486,492,1967,1,1,2,ADV_NONCONN_IND,35,37,1,-1,0,248544214,248544848,56,32,7,pre_aa_hdr_payload
1885.131731748581,1769648013.1167316,42.3644679,-71.0184618,49.875,D4:1A:76:1C:4E:CE,ce4e1c761ad40201060303aafe1516aafe00feede5a7b1986e2be4ca5a00002cde001d,-19255.519926564204,152732.67714875413,-167303.63356069854,109668.10008495525,-55739.62291367158,1308.0199353053465,491,510,480,486,1967,1,1,2,ADV_NONCONN_IND,35,37,1,-1,0,248572561,248573195,56,28,8,pre_aa_hdr_payload
1886.275441646576,1769648014.2604415,42.3644679,-71.0184618,49.875,C1:DD:3C:33:EB:D5,d5eb333cddc11eff4c001219ff0f733896078a873d850d00041f9ec82c946901d7508f02ff,-54952.48270613864,84813.4849030025,-165955.95991809038,72122.11327456226,-168419.26312302015,-47923.945786666445,443,534,540,546,2063,1,1,2,ADV_NONCONN_IND,37,37,0,-1,0,248725767,248726402,56,32,8,pre_aa_hdr_payload
1886.2785017490387,1769648014.2635016,42.3644679,-71.0184618,49.875,FF:FF:8B:4E:B5:DD,ddb54e8bffff0201060303aafe1516aafe00feede5a7b1986e2be4ca5a00002cde001c,-26516.905708801638,169194.69802890893,-175215.0466833009,39814.75627176857,-139858.20222471078,-9445.197054591787,473,528,480,486,1967,1,1,2,ADV_NONCONN_IND,35,37,5,-1,0,248729881,248730516,55,32,8,pre_aa_hdr_payload
1886.9133410453796,1769648014.898341,42.3644679,-71.0184618,49.875,D4:1A:76:1C:4E:CE,ce4e1c761ad40201060303aafe1516aafe00feede5a7b1986e2be4ca5a00002cde001d,-22816.84993425388,186185.58573525684,-194373.16839599947,137171.58472463582,-159608.45537531693,-20076.334293254662,497,576,444,450,1967,1,1,2,ADV_NONCONN_IND,35,37,4,-1,0,248863426,248864060,55,31,8,pre_aa_hdr_payload
1889.773283958435,1769648017.7582839,42.3644679,-71.0184618,49.875,EB:DB:1C:E2:C2:49,49c2e21cdbeb0201060303aafe1516aafe00feede5a7b1986e2be4ca5a00002cde0016,-43649.90343761679,152592.82442026626,-170221.94822586776,117240.22599309543,-171548.78486193952,-27797.574078043588,431,582,474,480,1967,1,1,2,ADV_NONCONN_IND,35,37,0,-1,0,249241778,249242413,56,32,7,pre_aa_hdr_payload
1889.8022146224976,1769648017.7872145,42.3644679,-71.0184618,49.875,EB:DB:1C:E2:C2:49,49c2e21cdbeb0201060303aafe1516aafe00feede5a7b1986e2be4ca5a00002cde0016,-39302.21766273448,8765.595639907027,-149456.2874371709,63735.13906290268,-121596.13018433384,2290.7947692521266,455,558,474,480,1967,1,1,2,ADV_NONCONN_IND,35,37,0,-1,0,249280665,249281299,56,29,8,pre_aa_hdr_payload
1889.8045024871826,1769648017.7895024,42.3644679,-71.0184618,49.875,FF:FF:8B:4E:B5:DD,ddb54e8bffff0201060303aafe1516aafe00feede5a7b1986e2be4ca5a00002cde001c,-8240.22570761345,160560.78162487975,-176840.95252935318,49038.045595388525,-43286.93431482515,-6504.491224819233,491,474,498,504,1967,1,1,2,ADV_NONCONN_IND,35,37,2,-1,0,249283739,249284374,56,28,8,pre_aa_hdr_payload
1890.5755820274353,1769648018.560582,42.3644679,-71.0184618,49.875,F5:B9:BB:63:EA:F1,f1ea63bbb9f51eff4c001219ffd4241f61eda661177b78e7dcb8631f8d0d01999c345202ff,-65532.39238548837,163405.67645627633,-144055.2412510922,120657.34517458262,-131620.25033951766,-51581.78210672752,251,978,414,420,2063,1,1,2,ADV_NONCONN_IND,37,37,3,-1,0,249307716,249308351,55,31,8,pre_aa_hdr_payload
1893.469037771225,1769648021.4540377,42.3644679,-71.0184618,49.875,FF:FF:8B:4E:B5:DD,ddb54e8bffff0201060303aafe1516aafe00feede5a7b1986e2be4ca5a00002cde001c,-24291.09824404254,177413.1094491791,-193968.7563270482,97447.62526636841,-149740.95800009152,-14349.612152598265,443,570,474,480,1967,1,1,2,ADV_NONCONN_IND,35,37,4,-1,0,249590634,249591268,55,31,8,pre_aa_hdr_payload
1893.9791073799133,1769648021.9641073,42.3644679,-71.0184618,49.875,FC:70:1A:B0:6D:02,026db01a70fc1eff4c001219ff946c1cdaa6bf1d68d619cf77430050be7d6349df50a602ff,-70128.6472430689,112416.93268354906,-206640.90754736282,72154.54269185002,-96468.5012611942,-40409.41806766924,431,570,528,534,2063,1,1,2,ADV_NONCONN_IND,37,37,5,-1,0,249677769,249678403,55,32,8,pre_aa_hdr_payload
1895.9635453224182,1769648023.9485452,42.3644679,-71.0184618,49.875,C0:70:49:8F:E7:24,24e78f4970c01eff4c001219ffe55269a8ebc1b79c4b4bfea0ba7b90461ab4b061237f01ff,-45108.05989284458,130843.05065443798,-134744.6628631206,89287.9013731706,-170845.5830574783,-39824.39666391672,449,732,438,444,2063,1,1,2,ADV_NONCONN_IND,37,37,4,-1,0,249944534,249945168,55,32,8,pre_aa_hdr_payload
1903.5384414196014,1769648031.5234413,42.3644679,-71.0184618,49.875,E6:E5:6D:D9:31:92,9231d96de5e60201060303aafe1516aafe00feede5a7b1986e2be4ca5a00002cde001e,-16278.912809641939,82213.66521788467,-201510.80762055406,128853.88206207544,-161239.24198761585,-10589.720369352559,485,528,474,480,1967,1,1,2,ADV_NONCONN_IND,35,37,0,-1,0,250830984,250831619,56,29,8,pre_aa_hdr_payload
1904.6155440807343,1769648032.600544,42.3644679,-71.0184618,49.875,D4:1A:76:1C:4E:CE,ce4e1c761ad40201060303aafe1516aafe00feede5a7b1986e2be4ca5a00002cde001d,-21983.926150673746,6515.462660068005,-179474.3780452905,88898.77850727264,-101121.72103840583,-55.239118693280076,467,534,480,486,1967,1,1,2,ADV_NONCONN_IND,35,37,5,-1,0,251012945,251013579,55,32,8,pre_aa_hdr_payload
1904.622673034668,1769648032.607673,42.3644679,-71.0184618,49.875,E6:E5:6D:D9:31:92,9231d96de5e60201060303aafe1516aafe00feede5a7b1986e2be4ca5a00002cde001e,-22489.73545467792,127817.94809777675,-154787.8925220145,94364.28724367151,-153095.17939481733,-29934.904654768663,497,492,486,492,1967,1,1,2,ADV_NONCONN_IND,35,37,1,-1,0,251022526,251023161,56,32,8,pre_aa_hdr_payload
1904.6561851501465,1769648032.641185,42.3644679,-71.0184618,49.875,D4:1A:76:1C:4E:CE,ce4e1c761ad40201060303aafe1516aafe00feede5a7b1986e2be4ca5a00002cde001d,-18545.400810010786,128430.29281600127,-134344.08129090763,113513.0940966959,-147902.1551771568,-12816.023497508975,491,534,468,474,1967,1,1,2,ADV_NONCONN_IND,35,37,0,-1,0,251067571,251068206,56,32,8,pre_aa_hdr_payload
1912.0520091056824,1769648040.037009,42.3644679,-71.0184618,49.875,E6:E5:6D:D9:31:92,9231d96de5e60201060303aafe1516aafe00feede5a7b1986e2be4ca5a00002cde001e,-10383.33541178614,165841.4231188314,-192125.85783531333,129606.22980691063,-165035.74557320998,-16846.60397571455,509,492,480,486,1967,1,1,2,ADV_NONCONN_IND,35,37,5,-1,0,251903173,251903807,55,32,8,pre_aa_hdr_payload
1917.7322804927826,1769648045.7172804,42.3644679,-71.0184618,49.875,D4:1A:76:1C:4E:CE,ce4e1c761ad40201060303aafe1516aafe00feede5a7b1986e2be4ca5a00002cde001d,-27727.916037410432,150619.45333156415,-167189.37945940488,130175.08952266465,-160212.82657883284,-15773.527356722205,479,546,468,474,1967,1,1,2,ADV_NONCONN_IND,35,37,0,-1,0,252561586,252562220,56,32,7,pre_aa_hdr_payload
1918.2287406921387,1769648046.2137406,42.3644679,-71.0184618,49.875,F8:5C:24:01:8E:1C,1c8e01245cf81eff4c001219ff713d329b8f2cb6312db3e172d8d94fb7a0ec4ed6354301ff,-61036.34920978678,96160.04484581418,-189344.24112145987,93346.1222041358,-166544.34285571985,-48158.28098101246,479,582,498,504,2063,1,1,2,ADV_NONCONN_IND,37,37,5,-1,0,252596826,252597461,55,32,8,pre_aa_hdr_payload
1918.25927901268,1769648046.244279,42.3644679,-71.0184618,49.875,D4:1A:76:1C:4E:CE,ce4e1c761ad40201060303aafe1516aafe00feede5a7b1986e2be4ca5a00002cde001d,-25860.232822583657,137718.4678723466,-159181.43629765222,128158.17019639388,-152868.0800181754,-20091.911980856967,473,540,474,480,1967,1,1,2,ADV_NONCONN_IND,35,37,0,-1,0,252637872,252638507,56,32,7,pre_aa_hdr_payload
1924.2058596611023,1769648052.1908596,42.3644679,-71.0184618,49.875,E4:89:B8:45:E7:87,87e745b889e41eff4c001219ffcd96d0d06006f6d76450f28ca08eeab185314822e08a00ff,-50692.55774744211,95322.12472855487,-182309.5911325093,81229.90297066806,-165898.19226463704,-37155.1235142018,479,534,522,528,2063,1,1,2,ADV_NONCONN_IND,37,37,0,-1,0,253320569,253321204,56,32,8,pre_aa_hdr_payload
1925.3753628730774,1769648053.3603628,42.3644679,-71.0184618,49.875,D4:1A:76:1C:4E:CE,ce4e1c761ad40201060303aafe1516aafe00feede5a7b1986e2be4ca5a00002cde001d,-14143.028164961479,151289.75141001868,-171163.19425434532,38230.39967276738,-8018.292763303036,-1514.6003286042721,509,516,468,474,1967,1,1,2,ADV_NONCONN_IND,35,37,0,-1,0,253433500,253434135,56,29,8,pre_aa_hdr_payload
1928.7433452606201,1769648056.7283452,42.3644679,-71.0184618,49.875,F8:C2:19:C3:E6:1B,1be6c319c2f81eff4c001219ff4e4cfd735a8d3b799fc6317e3e923db8dddf966a54ee02ff,-40710.45326131311,78110.73812357135,-149692.84772415555,76696.41716655603,-130638.26770520928,-38816.4110646637,455,582,510,516,2063,1,1,2,ADV_NONCONN_IND,37,37,0,-1,0,253848198,253848833,56,32,8,pre_aa_hdr_payload
1928.7608869075775,1769648056.7458868,42.3644679,-71.0184618,49.875,D4:1A:76:1C:4E:CE,ce4e1c761ad40201060303aafe1516aafe00feede5a7b1986e2be4ca5a00002cde001d,-15111.366674472862,146585.78350518423,-181145.2760324415,20158.67280379229,-18533.042394785756,-397.56357506638636,509,564,444,450,1967,1,1,2,ADV_NONCONN_IND,35,37,0,-1,0,253871777,253872411,56,28,7,pre_aa_hdr_payload
1933.1231954097748,1769648061.1081953,42.3644679,-71.0184618,49.875,FF:FF:8B:4E:B5:DD,ddb54e8bffff0201060303aafe1516aafe00feede5a7b1986e2be4ca5a00002cde001c,-28938.08682193249,136988.0991271277,-175710.20274006497,31491.95186719462,-12599.523980170969,-4358.054046266012,473,504,492,498,1967,1,1,2,ADV_NONCONN_IND,35,37,5,-1,0,254403200,254403834,55,29,7,pre_aa_hdr_payload
1936.1973884105682,1769648064.1823883,42.3644679,-71.0184618,49.875,FF:FF:8B:4E:B5:DD,ddb54e8bffff0201060303aafe1516aafe00feede5a7b1986e2be4ca5a00002cde001c,-19354.577235323875,181255.47615030975,-207182.37866577026,128416.13938683081,-167378.40233140765,-22771.531906562315,485,516,480,486,1967,1,1,2,ADV_NONCONN_IND,35,37,3,-1,0,254787267,254787902,55,32,8,pre_aa_hdr_payload
1936.5984272956848,1769648064.5834272,42.3644679,-71.0184618,49.875,FF:FF:8B:4E:B5:DD,ddb54e8bffff0201060303aafe1516aafe00feede5a7b1986e2be4ca5a00002cde001c,-14765.398916194808,149497.91363808396,-166553.30490052106,122965.42045105927,-159587.71033493997,-14445.991781758908,485,504,486,492,1967,1,1,2,ADV_NONCONN_IND,35,37,0,-1,0,254813875,254814510,56,32,8,pre_aa_hdr_payload
1937.2077436447144,1769648065.1927435,42.3644679,-71.0184618,49.875,FF:FF:8B:4E:B5:DD,ddb54e8bffff0201060303aafe1516aafe00feede5a7b1986e2be4ca5a00002cde001c,-13456.356696550929,126426.08793425701,-46048.45237861973,113154.14812140721,-115812.63287809932,3161.301499005126,486,545,468,468,1967,1,1,2,ADV_NONCONN_IND,35,37,1,-1,0,254929568,254930203,56,28,7,pre_aa_hdr_payload
1938.9981498718262,1769648066.9831498,42.3644679,-71.0184618,49.875,FF:FF:8B:4E:B5:DD,ddb54e8bffff0201060303aafe1516aafe00feede5a7b1986e2be4ca5a00002cde001c,-23401.17439731912,150930.27509129082,-208675.9452919596,97423.92535647324,-151919.136396359,-19932.92804781075,467,534,480,486,1967,1,1,2,ADV_NONCONN_IND,35,37,0,-1,0,255087743,255088378,56,29,8,pre_aa_hdr_payload
1941.2095782756805,1769648069.1945782,42.3644679,-71.0184618,49.875,EB:DB:1C:E2:C2:49,49c2e21cdbeb0201060303aafe1516aafe00feede5a7b1986e2be4ca5a00002cde0016,-35573.830832649495,119265.74387756243,-111998.22482504121,13931.643232243794,-22504.92635856833,83.56608762233799,461,576,462,468,1967,1,1,2,ADV_NONCONN_IND,35,37,1,-1,0,255365249,255365883,56,29,8,pre_aa_hdr_payload
1942.2091271877289,1769648070.194127,42.3644679,-71.0184618,49.875,FF:FF:8B:4E:B5:DD,ddb54e8bffff0201060303aafe1516aafe00feede5a7b1986e2be4ca5a00002cde001c,-17615.75514433599,72957.12153943743,-162395.9796535097,110540.92970866116,-71500.03232350378,-10205.566900277881,431,630,450,456,1967,1,1,2,ADV_NONCONN_IND,35,37,3,-1,0,255498403,255499037,55,29,7,pre_aa_hdr_payload
1948.8019104003906,1769648076.7869103,42.3644679,-71.0184618,49.875,EB:DB:1C:E2:C2:49,49c2e21cdbeb0201060303aafe1516aafe00feede5a7b1986e2be4ca5a00002cde0016,-51211.64856775069,172167.1615410163,-182957.73178424712,30126.80991978607,-174649.0892746943,-17758.659598946295,425,564,486,492,1967,1,1,2,ADV_NONCONN_IND,35,37,3,-1,0,256420993,256421627,55,28,8,pre_aa_hdr_payload
1949.744883298874,1769648077.7298832,42.3644679,-71.0184618,49.875,EB:DB:1C:E2:C2:49,49c2e21cdbeb0201060303aafe1516aafe00feede5a7b1986e2be4ca5a00002cde0016,-40070.23330476109,174851.4041453878,-186801.56455033724,129973.09596321745,-122199.59846775336,-24486.024880932724,443,570,474,480,1967,1,1,2,ADV_NONCONN_IND,35,37,5,-1,0,256519769,256520403,55,32,8,pre_aa_hdr_payload
1953.9296882152557,1769648081.914688,42.3644679,-71.0184618,49.875,FF:FF:8B:4E:B5:DD,ddb54e8bffff0201060303aafe1516aafe00feede5a7b1986e2be4ca5a00002cde001c,-18780.54963818688,157086.47708119013,-143887.1432504113,126869.15214090557,-172742.7487062099,-23613.690198781307,485,504,486,492,1967,1,1,2,ADV_NONCONN_IND,35,37,5,-1,0,256979603,256980237,55,30,8,pre_aa_hdr_payload
1954.4467844963074,1769648082.4317844,42.3644679,-71.0184618,49.875,FF:FF:8B:4E:B5:DD,ddb54e8bffff0201060303aafe1516aafe00feede5a7b1986e2be4ca5a00002cde001c,-13689.738391146144,145844.14319385652,-196763.85842741583,125950.9496342796,-146642.8288166725,-18473.204049527438,479,546,468,474,1967,1,1,2,ADV_NONCONN_IND,35,37,4,-1,0,257053333,257053968,55,30,8,pre_aa_hdr_payload
1954.4627921581268,1769648082.447792,42.3644679,-71.0184618,49.875,FF:FF:8B:4E:B5:DD,ddb54e8bffff0201060303aafe1516aafe00feede5a7b1986e2be4ca5a00002cde001c,-20620.394496018853,185832.8980353077,-194726.6226502424,83042.8830076624,-49334.027347984484,-13000.803831903859,492,515,480,480,1967,1,1,2,ADV_NONCONN_IND,35,37,3,-1,0,257074849,257075484,55,28,8,pre_aa_hdr_payload
1955.6660377979279,1769648083.6510377,42.3644679,-71.0184618,49.875,FF:FF:8B:4E:B5:DD,ddb54e8bffff0201060303aafe1516aafe00feede5a7b1986e2be4ca5a00002cde001c,-21214.533798640496,162397.0641820247,-197440.54645522332,132854.3448608751,-164512.85736988223,-29497.460457108355,491,522,474,480,1967,1,1,2,ADV_NONCONN_IND,35,37,0,-1,0,257215660,257216295,56,32,7,pre_aa_hdr_payload
1957.9560768604279,1769648085.9410768,42.3644679,-71.0184618,49.875,EB:DB:1C:E2:C2:49,49c2e21cdbeb0201060303aafe1516aafe00feede5a7b1986e2be4ca5a00002cde0016,-38343.163052292446,161655.93781898505,-177366.67752434325,4099.915848554829,-50272.44329430879,-7359.682776098241,449,576,468,474,1967,1,1,2,ADV_NONCONN_IND,35,37,0,-1,0,257515165,257515800,56,29,8,pre_aa_hdr_payload
1963.6857688426971,1769648091.6707687,42.3644679,-71.0184618,49.875,EB:DB:1C:E2:C2:49,49c2e21cdbeb0201060303aafe1516aafe00feede5a7b1986e2be4ca5a00002cde0016,-46013.113320080294,148728.0382901138,-135374.7503203239,31944.339637639383,-30579.353459110214,-8621.482696026815,413,576,486,492,1967,1,1,2,ADV_NONCONN_IND,35,37,1,-1,0,258429567,258430201,56,29,8,pre_aa_hdr_payload
1963.6938128471375,1769648091.6788127,42.3644679,-71.0184618,49.875,EB:DB:1C:E2:C2:49,49c2e21cdbeb0201060303aafe1516aafe00feede5a7b1986e2be4ca5a00002cde0016,-47734.776339447904,149094.75013745087,-160543.13589614877,102241.82842848422,-179153.3808643817,-36353.359506630084,437,576,474,480,1967,1,1,2,ADV_NONCONN_IND,35,37,2,-1,0,258440379,258441014,56,32,8,pre_aa_hdr_payload
1964.2991962432861,1769648092.2841961,42.3644679,-71.0184618,49.875,EB:DB:1C:E2:C2:49,49c2e21cdbeb0201060303aafe1516aafe00feede5a7b1986e2be4ca5a00002cde0016,-44642.04889168104,144078.176984363,-160490.06442305603,109667.62344613326,-162379.83713703326,-29657.6863865089,437,576,474,480,1967,1,1,2,ADV_NONCONN_IND,35,37,0,-1,0,258527937,258528571,56,32,8,pre_aa_hdr_payload
1971.2246766090393,1769648099.2096765,42.3644679,-71.0184618,49.875,DF:14:62:F8:07:E8,e807f86214df0201060303aafe1516aafe00feede5a7b1986e2be4ca5a00002cde001b,-31088.25705630075,172878.2890902651,-179360.16167893418,119559.4038138299,-157393.85823329608,-8060.675279807812,461,552,474,480,1967,1,1,2,ADV_NONCONN_IND,35,37,0,-1,0,259257542,259258177,56,32,8,pre_aa_hdr_payload
1971.9911427497864,1769648099.9761426,42.3644679,-71.0184618,49.875,ED:E2:AB:AE:56:18,1856aeabe2ed1eff4c001219ff434b5badd6d2179637a8dbce756c8eefd48771e9b8ae01ff,-23654.850113646633,108658.34026585311,-188060.1233510355,77155.59326869175,-166619.199935541,-27791.511370159944,563,474,510,516,2063,1,1,2,ADV_NONCONN_IND,37,37,0,-1,0,259312953,259313587,56,32,8,pre_aa_hdr_payload
1972.3581182956696,1769648100.3431182,42.3644679,-71.0184618,49.875,FF:FF:8B:4E:B5:DD,ddb54e8bffff0201060303aafe1516aafe00feede5a7b1986e2be4ca5a00002cde001c,-19440.121797416272,113250.78186319138,-92062.2787261154,124783.27267585928,-68291.33886423401,-13919.418763932863,497,492,486,492,1967,1,1,2,ADV_NONCONN_IND,35,37,2,-1,0,259365014,259365648,56,28,8,pre_aa_hdr_payload
1972.681473493576,1769648100.6664734,42.3644679,-71.0184618,49.875,EB:DB:1C:E2:C2:49,49c2e21cdbeb0201060303aafe1516aafe00feede5a7b1986e2be4ca5a00002cde0016,-39741.06443234575,158500.33419460157,-75501.474923127,121476.2746753331,-18799.899820018778,-11034.707964634124,437,588,468,474,1967,1,1,2,ADV_NONCONN_IND,35,37,1,-1,0,259401458,259402092,56,32,8,pre_aa_hdr_payload
1973.0664992332458,1769648101.0514991,42.3644679,-71.0184618,49.875,EB:DB:1C:E2:C2:49,49c2e21cdbeb0201060303aafe1516aafe00feede5a7b1986e2be4ca5a00002cde0016,-44271.80994942928,187015.07346921787,-209628.06377088898,102588.05373270648,-159215.11424039488,-34198.52092870467,431,582,474,480,1967,1,1,2,ADV_NONCONN_IND,35,37,0,-1,0,259520793,259521427,56,32,8,pre_aa_hdr_payload
1973.4456527233124,1769648101.4306526,42.3644679,-71.0184618,49.875,EB:DB:1C:E2:C2:49,49c2e21cdbeb0201060303aafe1516aafe00feede5a7b1986e2be4ca5a00002cde0016,-50445.13058699746,150250.82689326938,-135930.188784271,45390.087874963785,-69339.89049648224,-10383.04620193948,425,576,480,486,1967,1,1,2,ADV_NONCONN_IND,35,37,0,-1,0,259569062,259569696,56,32,8,pre_aa_hdr_payload
1977.7924959659576,1769648105.7774959,42.3644679,-71.0184618,49.875,EE:8C:4D:48:F4:B4,b4f4484d8cee1eff4c00121900420722cff83290384a86b0801550f5147ba1095e00040100,-35780.9385325895,107128.30253191089,-210364.89778783533,16217.752576569137,-28614.375503280546,-11176.942077001915,527,504,516,516,2063,1,1,2,ADV_NONCONN_IND,37,37,0,-1,0,260316304,260316938,56,29,8,pre_aa_hdr_payload
1977.8271622657776,1769648105.8121622,42.3644679,-71.0184618,49.875,DF:14:62:F8:07:E8,e807f86214df0201060303aafe1516aafe00feede5a7b1986e2be4ca5a00002cde001b,-22746.58614175719,127679.23525663781,-163456.25512172942,126313.29075751745,-48048.44691777054,-6410.84665296611,461,528,486,492,1967,1,1,2,ADV_NONCONN_IND,35,37,5,-1,0,260362899,260363533,55,29,8,pre_aa_hdr_payload
1979.8562395572662,1769648107.8412395,42.3644679,-71.0184618,49.875,DF:14:62:F8:07:E8,e807f86214df0201060303aafe1516aafe00feede5a7b1986e2be4ca5a00002cde001b,-19308.478794442504,162939.0338514486,-195793.1792849968,121392.51943031972,-143082.94493062267,-10055.109772070276,509,540,456,462,1967,1,1,2,ADV_NONCONN_IND,35,37,5,-1,0,260586167,260586802,55,32,8,pre_aa_hdr_payload
1980.378839969635,1769648108.3638399,42.3644679,-71.0184618,49.875,D2:4C:66:9C:F4:A3,a3f49c664cd21eff4c001219ffa78338265e124897df1b1fe700fc9537224b7ac9da7301ff,-51075.07680065753,114753.88552598815,-210144.53409778958,61087.406538055264,-172730.89757324883,-37179.91628982254,485,516,528,534,2063,1,1,2,ADV_NONCONN_IND,37,37,0,-1,0,260640413,260641048,56,32,8,pre_aa_hdr_payload
1981.9379904270172,1769648109.9229903,42.3644679,-71.0184618,49.875,DF:14:62:F8:07:E8,e807f86214df0201060303aafe1516aafe00feede5a7b1986e2be4ca5a00002cde001b,-30466.151330637174,144508.4087750412,-161961.23362860095,124103.54759457038,-161599.82048844625,-21567.567089332828,461,540,480,486,1967,1,1,2,ADV_NONCONN_IND,35,37,2,-1,0,260860074,260860708,56,31,7,pre_aa_hdr_payload
1981.9549787044525,1769648109.9399786,42.3644679,-71.0184618,49.875,FF:DA:D2:EE:AA:24,24aaeed2daff1eff4c001219ff460229ffbff25ae3e0a8953d4464fa5470b938737bd100ff,-28167.248390783738,144064.8980667844,-156219.48892666664,84597.14360682746,-164534.32142772165,-27945.62986050424,504,629,468,462,2063,1,1,2,ADV_NONCONN_IND,37,37,4,-1,0,260882907,260883541,56,32,8,pre_aa_hdr_payload
1984.1875321865082,1769648112.172532,42.3644679,-71.0184618,49.875,DF:14:62:F8:07:E8,e807f86214df0201060303aafe1516aafe00feede5a7b1986e2be4ca5a00002cde001b,-34942.16995691397,166765.04287190392,-180566.87575295658,81110.28574796818,-109191.51448201778,-8068.239842721719,443,534,492,498,1967,1,1,2,ADV_NONCONN_IND,35,37,4,-1,0,261041281,261041916,55,29,8,pre_aa_hdr_payload
1985.4785447120667,1769648113.4635446,42.3644679,-71.0184618,49.875,EE:8C:4D:48:F4:B4,b4f4484d8cee1eff4c00121900420722cff83290384a86b0801550f5147ba1095e00040100,-36415.587616091376,92915.9710851978,-31680.32845032637,53244.69764213574,-150778.758224442,-13941.217224199967,515,516,516,516,2063,1,1,2,ADV_NONCONN_IND,37,37,4,-1,0,261149846,261150480,55,28,8,pre_aa_hdr_payload
1986.5072131156921,1769648114.492213,42.3644679,-71.0184618,49.875,DF:14:62:F8:07:E8,e807f86214df0201060303aafe1516aafe00feede5a7b1986e2be4ca5a00002cde001b,-31342.169339076434,34114.87839242673,-168696.2891628615,122091.63766341335,-135003.5337248977,-19232.566054550378,467,546,474,480,1967,1,1,2,ADV_NONCONN_IND,35,37,0,-1,0,261208215,261208849,56,29,8,pre_aa_hdr_payload
1993.9103908538818,1769648121.8953907,42.3644679,-71.0184618,49.875,FC:98:85:29:A1:DF,dfa1298598fc1eff4c001219ff97e306e74484d07f285698c45643ad9935cab0c880ca00ff,-12441.512424980498,144667.18513502937,-165468.32807231243,91129.49633636432,-69675.75286046372,-19895.96805413814,528,581,480,474,2063,1,1,2,ADV_NONCONN_IND,37,37,4,-1,0,262206278,262206912,56,31,8,pre_aa_hdr_payload
1996.1373798847198,1769648124.1223798,42.3644679,-71.0184618,49.875,C7:A6:68:89:6B:29,296b8968a6c71eff4c001219ff025fab79641a34e04695bf9cc37ac5fc9fb909f640f702ff,-74059.04403294009,107262.90768909846,-217003.6257654617,104821.87154506787,-172895.41749176514,-56147.49808899604,479,618,480,486,2063,1,1,2,ADV_NONCONN_IND,37,37,1,-1,0,262489589,262490223,56,32,8,pre_aa_hdr_payload
1998.2489387989044,1769648126.2339387,42.3644679,-71.0184618,49.875,EF:89:37:5C:B7:42,42b75c3789ef1eff4c001219ff9726de999f04950471dc86d98706f5aa2921877a9e4002ff,-74288.05458432945,44133.58566276682,-223921.31955834813,95018.4836379681,-180342.65444998117,-44496.888069385925,467,618,486,492,2063,1,1,2,ADV_NONCONN_IND,37,37,0,-1,0,262898341,262898976,56,29,7,pre_aa_hdr_payload
2004.0549685955048,1769648132.0399685,42.3644679,-71.0184618,49.875,DF:14:62:F8:07:E8,e807f86214df0201060303aafe1516aafe00feede5a7b1986e2be4ca5a00002cde001b,-36653.58413512101,158284.44546668127,-93532.15313459745,114445.0010514739,-159250.08384556597,-19615.70332794048,449,552,480,486,1967,1,1,2,ADV_NONCONN_IND,35,37,0,-1,0,263918730,263919365,56,30,8,pre_aa_hdr_payload
2012.085121870041,1769648140.0701218,42.3644679,-71.0184618,49.875,DF:14:62:F8:07:E8,e807f86214df0201060303aafe1516aafe00feede5a7b1986e2be4ca5a00002cde001b,-19986.394636228113,160662.96782260665,-162773.23827931457,77393.43038615242,-88219.80897796461,-2666.6676430028056,486,521,480,480,1967,1,1,2,ADV_NONCONN_IND,35,37,5,-1,0,265176218,265176853,55,31,7,pre_aa_hdr_payload
2017.0896744728088,1769648145.0746744,42.3644679,-71.0184618,49.875,DF:14:62:F8:07:E8,e807f86214df0201060303aafe1516aafe00feede5a7b1986e2be4ca5a00002cde001b,-30510.98511930314,175879.60734349358,-184158.1787655805,119858.78808133173,-156596.90218887455,-20327.867887148623,461,564,468,474,1967,1,1,2,ADV_NONCONN_IND,35,37,4,-1,0,265626304,265626938,55,32,8,pre_aa_hdr_payload
2017.6236009597778,1769648145.6086009,42.3644679,-71.0184618,49.875,DF:14:62:F8:07:E8,e807f86214df0201060303aafe1516aafe00feede5a7b1986e2be4ca5a00002cde001b,-26841.031980611246,141500.49581558615,-7955.364822341255,73597.85098550598,-10195.158717456929,-3133.929296194174,461,552,474,480,1967,1,1,2,ADV_NONCONN_IND,35,37,0,-1,0,265698462,265699097,56,29,8,pre_aa_hdr_payload
2026.4472572803497,1769648154.4322572,42.3644679,-71.0184618,49.875,E8:2F:89:D4:D6:19,19d6d4892fe81eff4c00121900123acd84ed5ad9d05463e498225c3e647ac71b245f400000,-45556.88158457117,166209.29715678125,-228369.73245006648,103547.29073047607,-153918.9947315572,-33315.865797236744,491,588,492,492,2063,1,1,2,ADV_NONCONN_IND,37,37,3,-1,0,267099795,267100429,55,30,7,pre_aa_hdr_payload
2030.1790585517883,1769648158.1640584,42.3644679,-71.0184618,49.875,D1:88:0F:BB:AE:8E,8eaebb0f88d11eff4c001219ff491c6b6a3f95fe60f763d7526bfaf71373982f168f7b00ff,-83291.65976519391,81585.160800143,-195712.48191572717,57909.6957625735,-185086.98521598734,-53318.83022617875,431,606,510,516,2063,1,1,2,ADV_NONCONN_IND,37,37,0,-1,0,267653060,267653694,56,32,8,pre_aa_hdr_payload
2030.9208343029022,1769648158.9058342,42.3644679,-71.0184618,49.875,FD:36:FC:2E:DC:2E,2edc2efc36fd0201060303aafe1516aafe00feede5a7b1986e2be4ca5a00002cde001a,-15282.747504653895,10223.939798849611,-172735.2317514061,90879.82931004437,-139328.83325700727,3107.1861042284454,485,504,486,492,1967,1,1,2,ADV_NONCONN_IND,35,37,0,-1,0,267837594,267838229,56,28,8,pre_aa_hdr_payload
2036.1211655139923,1769648164.1061654,42.3644679,-71.0184618,49.875,CD:45:3F:6A:BB:1A,1abb6a3f45cd1eff4c001219003e6f00b75f316910c555cf4c1542bf3856d42f80eef50100,-54091.270555703646,84930.87083875325,-180664.2936340615,99060.0227618936,-134538.2140190959,-39408.85366861561,443,564,528,528,2063,1,1,2,ADV_NONCONN_IND,37,37,0,-1,0,268642963,268643598,56,30,8,pre_aa_hdr_payload
2037.8696699142456,1769648165.8546698,42.3644679,-71.0184618,49.875,FE:16:4E:22:6F:66,666f224e16fe1eff4c001219009520cb31c2ffdd08bffea9716cf7a132253200c6be3e0000,-46664.02679156764,99981.37662746813,-196078.5400068044,135592.88325139094,-184943.2386618795,-38475.56729047138,503,552,504,504,2063,1,1,2,ADV_NONCONN_IND,37,37,1,-1,0,268968633,268969267,56,32,8,pre_aa_hdr_payload
2037.9058582782745,1769648165.8908582,42.3644679,-71.0184618,49.875,CD:45:3F:6A:BB:1A,1abb6a3f45cd1eff4c001219003e6f00b75f316910c555cf4c1542bf3856d42f80eef50100,-63083.698416565836,115733.74555373682,-215901.8763944395,115630.03663819449,-195358.6100332872,-49498.80614671234,449,558,528,528,2063,1,1,2,ADV_NONCONN_IND,37,37,1,-1,0,269017275,269017909,56,32,8,pre_aa_hdr_payload
2039.7863359451294,1769648167.7713358,42.3644679,-71.0184618,49.875,FE:16:4E:22:6F:66,666f224e16fe1eff4c001219009520cb31c2ffdd08bffea9716cf7a132253200c6be3e0000,-42581.24919256318,60932.97718421424,-157949.08145760163,124641.92900508121,-154943.49715784044,-32152.717997756594,503,564,498,498,2063,1,1,2,ADV_NONCONN_IND,37,37,1,-1,0,269306618,269307252,56,32,8,pre_aa_hdr_payload
2040.1490325927734,1769648168.1340325,42.3644679,-71.0184618,49.875,F7:F0:E8:3B:6D:3B,3b6d3be8f0f71eff4c001219ff65cb6ee8a1ecdf858c0b82a2ca4112644ceb5c18db9200ff,-38108.617201754925,128474.10471249404,-206398.69889715928,95753.68085797537,-189401.80661554946,-33721.929803218416,480,491,546,546,2063,1,1,2,ADV_NONCONN_IND,37,37,0,-1,0,269383843,269384477,56,30,7,pre_aa_hdr_payload
2045.85538315773,1769648173.840383,42.3644679,-71.0184618,49.875,CD:45:3F:6A:BB:1A,1abb6a3f45cd1eff4c001219003e6f00b75f316910c555cf4c1542bf3856d42f80eef50100,-66257.14660531655,134584.1757738386,-205206.34864616278,51821.03670713407,-198834.72456446534,-39467.811249251004,443,564,528,528,2063,1,1,2,ADV_NONCONN_IND,37,37,5,-1,0,270454396,270455031,55,29,8,pre_aa_hdr_payload
2046.8731169700623,1769648174.8581169,42.3644679,-71.0184618,49.875,C9:E6:35:7B:7B:1E,1e7b7b35e6c91eff4c00121900266c55d9ba20749c7f4eeaa5c7778306a1bf05aaff310000,-86882.23329900662,72716.63162639154,-203244.98566020944,93190.3479147223,-175749.23262007075,-54803.40249236282,419,648,498,498,2063,1,1,2,ADV_NONCONN_IND,37,37,0,-1,0,270610323,270610957,56,30,8,pre_aa_hdr_payload
2046.8870511054993,1769648174.872051,42.3644679,-71.0184618,49.875,D4:1A:76:1C:4E:CE,ce4e1c761ad40201060303aafe1516aafe00feede5a7b1986e2be4ca5a00002cde001d,-16403.076399724316,187587.06333262514,-194445.54488122737,137009.49728811404,-157314.36643250295,-9721.217756376747,467,546,474,480,1967,1,1,2,ADV_NONCONN_IND,35,37,0,-1,0,270629051,270629686,56,32,8,pre_aa_hdr_payload
2047.7088446617126,1769648175.6938446,42.3644679,-71.0184618,49.875,FE:16:4E:22:6F:66,666f224e16fe1eff4c001219009520cb31c2ffdd08bffea9716cf7a132253200c6be3e0000,-39909.983548509736,104982.18498442216,-173892.89950561748,121397.28884837322,-168860.3976808761,-36747.685735581785,461,582,510,510,2063,1,1,2,ADV_NONCONN_IND,37,37,1,-1,0,270763879,270764513,56,32,8,pre_aa_hdr_payload
2048.4349126815796,1769648176.4199126,42.3644679,-71.0184618,49.875,D4:1A:76:1C:4E:CE,ce4e1c761ad40201060303aafe1516aafe00feede5a7b1986e2be4ca5a00002cde001d,-28321.217574640435,145582.13286044938,-169290.46954980065,131647.03713352073,-164944.94003681428,-26627.091498570408,491,546,462,468,1967,1,1,2,ADV_NONCONN_IND,35,37,5,-1,0,270889666,270890300,55,32,8,pre_aa_hdr_payload
2049.89044713974,1769648177.875447,42.3644679,-71.0184618,49.875,CD:45:3F:6A:BB:1A,1abb6a3f45cd1eff4c001219003e6f00b75f316910c555cf4c1542bf3856d42f80eef50100,-61276.89282019821,112214.85939017075,-202013.0703555229,110618.15308737462,-196472.87355806722,-48253.06836159942,461,558,522,522,2063,1,1,2,ADV_NONCONN_IND,37,37,5,-1,0,271097745,271098380,55,30,8,pre_aa_hdr_payload
2050.688624382019,1769648178.6736243,42.3644679,-71.0184618,49.875,E6:E5:6D:D9:31:92,9231d96de5e60201060303aafe1516aafe00feede5a7b1986e2be4ca5a00002cde001e,-15845.617347434718,169621.51444501465,-34189.04709065898,124953.02266989824,-118013.51258112019,-7127.653837582501,479,498,492,498,1967,1,1,2,ADV_NONCONN_IND,35,37,0,-1,0,271250560,271251195,56,29,8,pre_aa_hdr_payload
2051.804678916931,1769648179.7896788,42.3644679,-71.0184618,49.875,FE:16:4E:22:6F:66,666f224e16fe1eff4c001219009520cb31c2ffdd08bffea9716cf7a132253200c6be3e0000,-46230.163925623834,88122.19308227654,-184140.70722478503,106646.98584876246,-170997.28675627816,-25408.926981219618,503,552,504,504,2063,1,1,2,ADV_NONCONN_IND,37,37,5,-1,0,271440522,271441156,55,32,8,pre_aa_hdr_payload
2052.775705575943,1769648180.7607055,42.3644679,-71.0184618,49.875,E8:2F:89:D4:D6:19,19d6d4892fe81eff4c00121900123acd84ed5ad9d05463e498225c3e647ac71b245f400000,-37046.078110451745,126071.88145483188,-26909.969689333066,78127.07612838705,-177987.3194565718,-15003.680386379441,515,588,480,480,2063,1,1,2,ADV_NONCONN_IND,37,37,0,-1,0,271619692,271620326,56,32,8,pre_aa_hdr_payload
2055.786861181259,1769648183.771861,42.3644679,-71.0184618,49.875,DF:BA:8C:BE:15:15,1515be8cbadf0201060303aafe1516aafe00feede5a7b1986e2be4ca5a00002cde0020,-21735.399756657902,181214.38272879305,-178771.28893549138,139695.0845793785,-172304.79325663846,-3844.687508839089,479,546,468,474,1967,1,1,2,ADV_NONCONN_IND,35,37,5,-1,0,272086718,272087352,55,32,8,pre_aa_hdr_payload
2056.957930088043,1769648184.94293,42.3644679,-71.0184618,49.875,CA:D6:E4:F5:E7:4E,4ee7f5e4d6ca0201060303aafe1516aafe00feede5a7b1986e2be4ca5a00002cde0021,-22240.341057453752,147164.0437721039,-163512.9410686193,97746.49274403711,-164876.19246339746,-18256.257929556443,515,522,462,468,1967,1,1,2,ADV_NONCONN_IND,35,37,1,-1,0,272249816,272250450,56,32,8,pre_aa_hdr_payload
2056.987813949585,1769648184.9728138,42.3644679,-71.0184618,49.875,CA:D6:E4:F5:E7:4E,4ee7f5e4d6ca0201060303aafe1516aafe00feede5a7b1986e2be4ca5a00002cde0021,-32006.892599312596,171011.17351399973,-200783.28414096747,131798.8822892233,-177118.42272302634,-18408.795603023304,515,522,462,468,1967,1,1,2,ADV_NONCONN_IND,35,37,5,-1,0,272289983,272290617,55,32,8,pre_aa_hdr_payload
2058.5334300994873,1769648186.51843,42.3644679,-71.0184618,49.875,DE:5F:51:0D:C5:E6,e6c50d515fde0201060303aafe1516aafe00feede5a7b1986e2be4ca5a00002cde0022,-22241.74622658198,184030.3590022948,-203890.96162294172,78576.46378156585,-135105.84523520694,-15294.564780561523,491,546,462,468,1967,1,1,2,ADV_NONCONN_IND,35,37,0,-1,0,272524729,272525363,56,32,8,pre_aa_hdr_payload
2059.602383375168,1769648187.5873833,42.3644679,-71.0184618,49.875,DE:5F:51:0D:C5:E6,e6c50d515fde0201060303aafe1516aafe00feede5a7b1986e2be4ca5a00002cde0022,-28248.187911264762,156270.4345267477,-170039.62256394594,126452.32350169483,-164987.20437120632,-18310.429630225157,485,540,468,474,1967,1,1,2,ADV_NONCONN_IND,35,37,0,-1,0,272706489,272707123,56,32,8,pre_aa_hdr_payload
2060.370729446411,1769648188.3557293,42.3644679,-71.0184618,49.875,C8:CD:E2:B4:71:FE,fe71b4e2cdc81eff4c001219ff62f654f75966713d423509fcec9ce39a42d03369c6de02ff,-50765.601640378576,103971.80323395584,-203001.67390932768,99128.46458696164,-182353.87918251226,-47449.7319028001,497,528,516,522,2063,1,1,2,ADV_NONCONN_IND,37,37,5,-1,0,272848779,272849413,55,31,8,pre_aa_hdr_payload
2061.1509606838226,1769648189.1359606,42.3644679,-71.0184618,49.875,CA:F5:17:ED:A0:86,86a0ed17f5ca0201060303aafe1516aafe00feede5a7b1986e2be4ca5a00002cde0023,-11867.153990555087,169193.16314001253,-176866.82888377178,94123.2437866166,-154952.6716779724,-16644.349774677295,521,528,456,462,1967,1,1,2,ADV_NONCONN_IND,35,37,0,-1,0,273005700,273006335,56,32,8,pre_aa_hdr_payload
2061.8468537330627,1769648189.8318536,42.3644679,-71.0184618,49.875,CA:F5:17:ED:A0:86,86a0ed17f5ca0201060303aafe1516aafe00feede5a7b1986e2be4ca5a00002cde0023,-11428.6104884582,176113.64122470265,-184866.3148153955,135682.3010069691,-172323.23831996517,-17706.505882709385,521,516,462,468,1967,1,1,2,ADV_NONCONN_IND,35,37,5,-1,0,273124531,273125166,55,32,8,pre_aa_hdr_payload
2062.2129628658295,1769648190.1979628,42.3644679,-71.0184618,49.875,CD:45:3F:6A:BB:1A,1abb6a3f45cd1eff4c001219003e6f00b75f316910c555cf4c1542bf3856d42f80eef50100,-68579.33977879658,110559.19299352466,-217785.47073622144,113341.74534795053,-188911.54429803905,-52951.28960174846,437,570,528,528,2063,1,1,2,ADV_NONCONN_IND,37,37,1,-1,0,273179461,273180095,56,32,8,pre_aa_hdr_payload
2062.9027905464172,1769648190.8877904,42.3644679,-71.0184618,49.875,CA:F5:17:ED:A0:86,86a0ed17f5ca0201060303aafe1516aafe00feede5a7b1986e2be4ca5a00002cde0023,209.7784106311845,187520.86605576813,-68520.17171838776,127607.41978963286,-53437.34525420789,-5587.351900008121,527,522,456,462,1967,1,1,2,ADV_NONCONN_IND,35,37,0,-1,0,273295516,273296150,56,29,8,pre_aa_hdr_payload
2062.9183785915375,1769648190.9033785,42.3644679,-71.0184618,49.875,E6:41:BD:B7:DD:E7,e7ddb7bd41e60201060303aafe1516aafe00feede5a7b1986e2be4ca5a00002cde0024,-23660.05813289657,198290.97363823294,-185729.0690539379,79904.42741028199,-130274.91483150041,-12727.23026762169,455,582,462,468,1967,1,1,2,ADV_NONCONN_IND,35,37,5,-1,0,273316468,273317102,55,32,8,pre_aa_hdr_payload
2063.285782814026,1769648191.2707827,42.3644679,-71.0184618,49.875,E6:41:BD:B7:DD:E7,e7ddb7bd41e60201060303aafe1516aafe00feede5a7b1986e2be4ca5a00002cde0024,-6456.136271029217,183517.49725925562,-161924.9623703248,99309.40071022775,-123105.48236935887,-7135.95745394069,479,570,456,462,1967,1,1,2,ADV_NONCONN_IND,35,37,2,-1,0,273402710,273403344,55,32,8,pre_aa_hdr_payload
2063.6289734840393,1769648191.6139734,42.3644679,-71.0184618,49.875,FE:16:4E:22:6F:66,666f224e16fe1eff4c001219009520cb31c2ffdd08bffea9716cf7a132253200c6be3e0000,-40816.09352063426,150664.23332047576,-226870.73311245165,117738.21357346946,-195945.7231463728,-34745.34910861374,503,540,510,510,2063,1,1,2,ADV_NONCONN_IND,37,37,1,-1,0,273464469,273465103,56,31,8,pre_aa_hdr_payload
2064.4591569900513,1769648192.444157,42.3644679,-71.0184618,49.875,EA:DE:76:89:3B:BB,bb3b8976deea1eff4c0012190046c2b011e561206a40a85854aaf3ac9740ba7588c5960300,-48804.33060422162,140485.718936617,-216627.55897462412,118059.30912936329,-190836.8210117418,-41521.46223905223,449,546,534,534,2063,1,1,2,ADV_NONCONN_IND,37,37,1,-1,0,273585035,273585669,56,31,8,pre_aa_hdr_payload
2064.923615694046,1769648192.9086156,42.3644679,-71.0184618,49.875,CF:A3:2F:A7:02:C5,c502a72fa3cf0201060303aafe1516aafe00feede5a7b1986e2be4ca5a00002cde0025,-22051.83495085933,166037.63819802372,-197561.70143008576,133875.8508266062,-161183.48786601995,-13325.298729226382,479,522,480,486,1967,1,1,2,ADV_NONCONN_IND,35,37,4,-1,0,273671350,273671984,55,32,7,pre_aa_hdr_payload
2065.2614290714264,1769648193.246429,42.3644679,-71.0184618,49.875,CF:A3:2F:A7:02:C5,c502a72fa3cf0201060303aafe1516aafe00feede5a7b1986e2be4ca5a00002cde0025,-29057.679165610378,165999.14341260985,-186724.2870569683,107043.19459058702,-71896.2825028435,-15989.534512308584,479,534,474,480,1967,1,1,2,ADV_NONCONN_IND,35,37,2,-1,0,273694966,273695600,56,32,8,pre_aa_hdr_payload
2065.626888990402,1769648193.611889,42.3644679,-71.0184618,49.875,CF:A3:2F:A7:02:C5,c502a72fa3cf0201060303aafe1516aafe00feede5a7b1986e2be4ca5a00002cde0025,-19887.717968219633,196550.48036428375,-218515.98873842205,118917.38645647131,-126262.13657670475,-14542.891212684308,462,545,480,480,1967,1,1,2,ADV_NONCONN_IND,35,37,4,-1,0,273773217,273773851,56,32,7,pre_aa_hdr_payload
2065.6436450481415,1769648193.628645,42.3644679,-71.0184618,49.875,CF:A3:2F:A7:02:C5,c502a72fa3cf0201060303aafe1516aafe00feede5a7b1986e2be4ca5a00002cde0025,-23798.495751148606,102602.73665001831,-217657.96241231734,140855.9112677549,-151637.41099126387,-21480.13385103499,485,516,480,486,1967,1,1,2,ADV_NONCONN_IND,35,37,5,-1,0,273795740,273796374,55,31,8,pre_aa_hdr_payload
2065.9875864982605,1769648193.9725864,42.3644679,-71.0184618,49.875,CF:A3:2F:A7:02:C5,c502a72fa3cf0201060303aafe1516aafe00feede5a7b1986e2be4ca5a00002cde0025,-27753.180622596952,153753.16333986167,-195012.98127593484,17433.101225148723,-6045.07119903309,-4037.8619120098347,467,546,474,480,1967,1,1,2,ADV_NONCONN_IND,35,37,4,-1,0,273846413,273847047,55,28,8,pre_aa_hdr_payload
2065.9917364120483,1769648193.9767363,42.3644679,-71.0184618,49.875,EF:E8:9E:04:31:7C,7c31049ee8ef1eff4c001219005e8e60736229d53954b2223367046228210fe077969c0000,-49440.57695592243,58848.4321954678,-157805.58348365716,94975.35279103741,-109606.6170292651,-23298.471222059074,485,558,510,510,2063,1,1,2,ADV_NONCONN_IND,37,37,0,-1,0,273851990,273852624,56,32,8,pre_aa_hdr_payload
2066.577169418335,1769648194.5621693,42.3644679,-71.0184618,49.875,CF:A3:2F:A7:02:C5,c502a72fa3cf0201060303aafe1516aafe00feede5a7b1986e2be4ca5a00002cde0025,-30874.767398345455,156153.68007983326,-200857.53856751646,65097.267228444034,-148751.64620299684,-18438.974947928557,473,516,486,492,1967,1,1,2,ADV_NONCONN_IND,35,37,4,-1,0,273932894,273933528,55,32,7,pre_aa_hdr_payload
2066.580305337906,1769648194.5653052,42.3644679,-71.0184618,49.875,CF:A3:2F:A7:02:C5,c502a72fa3cf0201060303aafe1516aafe00feede5a7b1986e2be4ca5a00002cde0025,-25507.478453155283,158438.06924299456,-197039.75199547733,131226.0749476911,-156553.92551263145,-11155.38939215338,479,534,474,480,1967,1,1,2,ADV_NONCONN_IND,35,37,5,-1,0,273937108,273937742,55,32,8,pre_aa_hdr_payload
2067.1362907886505,1769648195.1212907,42.3644679,-71.0184618,49.875,F2:A9:B1:2F:8B:AC,ac8b2fb1a9f20201060303aafe1516aafe00feede5a7b1986e2be4ca5a00002cde0026,-27545.05195167011,166828.2586518203,-199354.1178985484,64801.44138505361,-55769.74684287259,-12644.58984832781,473,540,474,480,1967,1,1,2,ADV_NONCONN_IND,35,37,3,-1,0,273955581,273956215,55,32,8,pre_aa_hdr_payload
2067.7139797210693,1769648195.6989796,42.3644679,-71.0184618,49.875,FE:16:4E:22:6F:66,666f224e16fe1eff4c001219009520cb31c2ffdd08bffea9716cf7a132253200c6be3e0000,-46374.711361541005,102598.10801214217,-188434.705853104,137288.49535580064,-186139.25349128028,-33109.92122490346,503,552,504,504,2063,1,1,2,ADV_NONCONN_IND,37,37,1,-1,0,274047580,274048215,56,32,8,pre_aa_hdr_payload
2068.1972439289093,1769648196.1822438,42.3644679,-71.0184618,49.875,F8:92:E0:A9:33:56,5633a9e092f81eff4c001219ff67aa851d7442d631a67b275148b85d9fe4598c73ca0b00ff,-46719.924063749524,124384.4737478382,-226835.0879801646,99203.2288402719,-185816.7021787383,-48075.69793883289,509,528,510,516,2063,1,1,2,ADV_NONCONN_IND,37,37,4,-1,0,274100031,274100666,55,32,8,pre_aa_hdr_payload
2070.044504880905,1769648198.0295048,42.3644679,-71.0184618,49.875,CD:45:3F:6A:BB:1A,1abb6a3f45cd1eff4c001219003e6f00b75f316910c555cf4c1542bf3856d42f80eef50100,-67143.64112788904,110722.8085910856,-145386.74910012336,117692.3299534768,-196325.58347681785,-49972.5277209531,437,594,516,516,2063,1,1,2,ADV_NONCONN_IND,37,37,4,-1,0,274301022,274301656,55,32,8,pre_aa_hdr_payload
2074.0512824058533,1769648202.0362823,42.3644679,-71.0184618,49.875,CD:45:3F:6A:BB:1A,1abb6a3f45cd1eff4c001219003e6f00b75f316910c555cf4c1542bf3856d42f80eef50100,-59973.92039757974,120795.48308377211,-209544.65551114953,112650.06866928296,-198770.67252433088,-46244.39689054618,449,570,522,522,2063,1,1,2,ADV_NONCONN_IND,37,37,4,-1,0,274756787,274757421,55,32,8,pre_aa_hdr_payload
2075.7896914482117,1769648203.7746913,42.3644679,-71.0184618,49.875,FE:16:4E:22:6F:66,666f224e16fe1eff4c001219009520cb31c2ffdd08bffea9716cf7a132253200c6be3e0000,-45017.64526357107,78753.78144741744,-195456.5603837288,137995.05889885483,-158912.10027522562,-39810.30565414466,497,558,504,504,2063,1,1,2,ADV_NONCONN_IND,37,37,4,-1,0,274959321,274959956,55,32,8,pre_aa_hdr_payload
2076.2245070934296,1769648204.209507,42.3644679,-71.0184618,49.875,F8:E9:2C:25:C5:D1,d1c5252ce9f81eff4c001219ff899eae759045f1324cd14c73ca057c4a35fbf92caed303ff,-44491.809631446995,112042.70674935203,-197764.6769878782,98533.6167804491,-182164.72554527235,-42844.947400936704,509,528,510,516,2063,1,1,2,ADV_NONCONN_IND,37,37,0,-1,0,274995038,274995673,56,32,8,pre_aa_hdr_payload
2076.250349521637,1769648204.2353494,42.3644679,-71.0184618,49.875,5B:3C:4E:CB:4D:27,274dcb4e3c5b0201021816aafe4033bc19a41c2f20a3dd1335b88f67ff7c8e9b1be2,-24326.8375646672,159864.02943922798,-187519.18397142514,126141.73225711111,-185975.79567282298,-23245.39776063765,479,486,474,480,1919,1,1,0,ADV_IND,34,37,4,-1,0,275029774,275030409,55,32,8,pre_aa_hdr_payload
2078.123875141144,1769648206.108875,42.3644679,-71.0184618,49.875,F0:36:F2:85:5B:C2,c25b85f236f01eff4c001219ff2321fdd9531f1a7b1a60a3ca451b225b28859078c7cd03ff,-15870.773432220196,116408.57079124088,-202122.6472564187,93974.64517814083,-178933.06674163791,-32611.127849774082,587,462,504,510,2063,1,1,2,ADV_NONCONN_IND,37,37,1,-1,0,275287248,275287882,56,32,8,pre_aa_hdr_payload
2079.724689245224,1769648207.7096891,42.3644679,-71.0184618,49.875,FE:16:4E:22:6F:66,666f224e16fe1eff4c001219009520cb31c2ffdd08bffea9716cf7a132253200c6be3e0000,-46663.692396889026,129705.60634085107,-214366.803570244,136197.7178225134,-185612.142189519,-35488.66222969184,503,552,504,504,2063,1,1,2,ADV_NONCONN_IND,37,37,1,-1,0,275494358,275494992,56,32,8,pre_aa_hdr_payload
2080.2892360687256,1769648208.274236,42.3644679,-71.0184618,49.875,CD:45:3F:6A:BB:1A,1abb6a3f45cd1eff4c001219003e6f00b75f316910c555cf4c1542bf3856d42f80eef50100,-65131.83024918846,132591.70656722726,-221488.30190589896,120470.0260068931,-194677.54304395625,-43955.6543121117,443,588,516,516,2063,1,1,2,ADV_NONCONN_IND,37,37,5,-1,0,275524339,275524974,55,32,8,pre_aa_hdr_payload
2081.984424829483,1769648209.9694247,42.3644679,-71.0184618,49.875,EC:5F:C0:7E:D1:EB,ebd17ec05fec1eff4c001219ff7fcc92eef519f0b16e15111a5bfe6ca136504c6a6dc101ff,-62724.72928646148,123345.95308741569,-211594.65793152672,84980.88454503423,-180457.11448128687,-52216.657713936256,473,564,510,516,2063,1,1,2,ADV_NONCONN_IND,37,37,5,-1,0,275760180,275760815,55,32,8,pre_aa_hdr_payload
2084.1050820350647,1769648212.090082,42.3644679,-71.0184618,49.875,FC:B0:15:35:74:1B,1b743515b0fc1eff4c001219ff6375a7c97eca2f8f43829a2f9bc5f3f1c3682c72a17b00ff,-41842.83815176471,131888.92222013016,-230913.74758596078,95478.06744852892,-179360.7252717763,-43697.05506922481,533,516,504,510,2063,1,1,2,ADV_NONCONN_IND,37,37,5,-1,0,276127397,276128031,55,31,7,pre_aa_hdr_payload
2084.7982139587402,1769648212.7832139,42.3644679,-71.0184618,49.875,EA:DE:76:89:3B:BB,bb3b8976deea1eff4c0012190046c2b011e561206a40a85854aaf3ac9740ba7588c5960300,-59755.85949321996,106876.99503804398,-184964.74087231196,106726.43374216784,-190113.59110311404,-44936.38352770439,443,552,534,534,2063,1,1,2,ADV_NONCONN_IND,37,37,2,-1,0,276243860,276244495,56,31,8,pre_aa_hdr_payload
2085.870681285858,1769648213.8556812,42.3644679,-71.0184618,49.875,FE:16:4E:22:6F:66,666f224e16fe1eff4c001219009520cb31c2ffdd08bffea9716cf7a132253200c6be3e0000,-48775.99243390399,81546.1333325486,-171603.01208735566,120769.96022386402,-159412.9243642043,-37798.90014948761,485,558,510,510,2063,1,1,2,ADV_NONCONN_IND,37,37,0,-1,0,276474700,276475334,56,32,8,pre_aa_hdr_payload
2086.2009131908417,1769648214.185913,42.3644679,-71.0184618,49.875,CD:45:3F:6A:BB:1A,1abb6a3f45cd1eff4c001219003e6f00b75f316910c555cf4c1542bf3856d42f80eef50100,-62554.86390450481,83612.00508907156,-183401.23765097134,113090.42109877661,-136319.2116868583,-44617.21572625202,455,564,522,522,2063,1,1,2,ADV_NONCONN_IND,37,37,2,-1,0,276508288,276508923,56,31,8,pre_aa_hdr_payload
2086.5572016239166,1769648214.5422015,42.3644679,-71.0184618,49.875,5B:3C:4E:CB:4D:27,274dcb4e3c5b0201021816aafe4033bc19a41c2f20a3dd1335b88f67ff7c8e9b1be2,-28263.922248110717,72164.80917884504,-123688.09132763493,89013.02125213479,-126218.54393633593,-17598.19866780699,467,486,480,486,1919,1,1,0,ADV_IND,34,37,0,-1,0,276587654,276588289,56,32,8,pre_aa_hdr_payload
2088.0269932746887,1769648216.0119932,42.3644679,-71.0184618,49.875,CD:45:3F:6A:BB:1A,1abb6a3f45cd1eff4c001219003e6f00b75f316910c555cf4c1542bf3856d42f80eef50100,-67545.78986021728,154588.4801493448,-246952.8256311246,106085.48639605465,-178173.6335667492,-50853.54558260404,425,594,522,522,2063,1,1,2,ADV_NONCONN_IND,37,37,5,-1,0,276852206,276852840,55,32,8,pre_aa_hdr_payload
2088.03151512146,1769648216.016515,42.3644679,-71.0184618,49.875,DB:8B:F3:92:47:C6,c64792f38bdb1eff4c001219ff3f2acd0bc1eb99877ebdc0ddb72ca12a41a3793ef99d00ff,-45769.45699324557,111849.11474769359,-209600.0802118338,68324.10327164535,-155028.57779052234,-44374.93378794783,473,480,552,558,2063,1,1,2,ADV_NONCONN_IND,37,37,5,-1,0,276858284,276858918,55,32,8,pre_aa_hdr_payload
2088.400685787201,1769648216.3856857,42.3644679,-71.0184618,49.875,5B:3C:4E:CB:4D:27,274dcb4e3c5b0201021816aafe4033bc19a41c2f20a3dd1335b88f67ff7c8e9b1be2,-30444.348086113354,141521.2061118217,-163196.36502697587,117564.79870686612,-155585.40368493943,-27229.323425804887,467,486,480,486,1919,1,1,0,ADV_IND,34,37,5,-1,0,276942867,276943501,55,32,8,pre_aa_hdr_payload
2088.7721667289734,1769648216.7571666,42.3644679,-71.0184618,49.875,EA:DE:76:89:3B:BB,bb3b8976deea1eff4c0012190046c2b011e561206a40a85854aaf3ac9740ba7588c5960300,-56023.239368799295,114590.86063757795,-192290.33418774104,113763.53592795524,-187646.54327847398,-42678.904125304056,449,534,540,540,2063,1,1,2,ADV_NONCONN_IND,37,37,5,-1,0,276956629,276957264,55,32,8,pre_aa_hdr_payload
2090.302743911743,1769648218.2877438,42.3644679,-71.0184618,49.875,CD:45:3F:6A:BB:1A,1abb6a3f45cd1eff4c001219003e6f00b75f316910c555cf4c1542bf3856d42f80eef50100,-65416.93372922061,56195.339000094886,-178294.3974271222,99935.06171247397,-160732.70106714946,-51513.21964244683,455,576,516,516,2063,1,1,2,ADV_NONCONN_IND,37,37,0,-1,0,277155356,277155991,56,32,8,pre_aa_hdr_payload
2090.346832036972,1769648218.331832,42.3644679,-71.0184618,49.875,5B:3C:4E:CB:4D:27,274dcb4e3c5b0201021816aafe4033bc19a41c2f20a3dd1335b88f67ff7c8e9b1be2,-31183.488391902425,158588.549982019,-138225.32227778007,130659.79488371134,-189884.21702382877,-24652.28845732712,455,498,480,486,1919,1,1,0,ADV_IND,34,37,1,-1,0,277214615,277215249,56,32,8,pre_aa_hdr_payload
2090.805783510208,1769648218.7907834,42.3644679,-71.0184618,49.875,EA:DE:76:89:3B:BB,bb3b8976deea1eff4c0012190046c2b011e561206a40a85854aaf3ac9740ba7588c5960300,-49551.93038390164,137745.67271427574,-208078.75830553396,112072.47544936933,-186401.0570230566,-39929.637613529245,443,540,540,540,2063,1,1,2,ADV_NONCONN_IND,37,37,4,-1,0,277220946,277221581,55,32,8,pre_aa_hdr_payload
2092.175450325012,1769648220.1604502,42.3644679,-71.0184618,49.875,CD:45:3F:6A:BB:1A,1abb6a3f45cd1eff4c001219003e6f00b75f316910c555cf4c1542bf3856d42f80eef50100,-64887.31659131601,152322.5382620126,-236565.73981711466,104939.93686594968,-184925.49393404476,-51676.94533482454,443,576,522,522,2063,1,1,2,ADV_NONCONN_IND,37,37,3,-1,0,277427860,277428494,55,31,8,pre_aa_hdr_payload
2092.8039264678955,1769648220.7889264,42.3644679,-71.0184618,49.875,5B:3C:4E:CB:4D:27,274dcb4e3c5b0201021816aafe4033bc19a41c2f20a3dd1335b88f67ff7c8e9b1be2,-20572.43020397861,114469.3309773833,-127401.36234361533,53276.396588866286,-158602.07977772417,-15061.920924402573,467,474,486,492,1919,1,1,0,ADV_IND,34,37,5,-1,0,277491347,277491981,55,29,8,pre_aa_hdr_payload
2093.8810217380524,1769648221.8660216,42.3644679,-71.0184618,49.875,CD:45:3F:6A:BB:1A,1abb6a3f45cd1eff4c001219003e6f00b75f316910c555cf4c1542bf3856d42f80eef50100,-62973.74660032465,157336.5899426155,-226282.13559068483,96343.89887673531,-140775.04837500767,-43752.29924188215,401,630,516,516,2063,1,1,2,ADV_NONCONN_IND,37,37,4,-1,0,277672279,277672913,55,30,7,pre_aa_hdr_payload
2094.3076293468475,1769648222.2926292,42.3644679,-71.0184618,49.875,EE:3E:3E:AF:4A:6A,6a4aaf3e3eee1eff4c001219ff3aed274660ded9b1376b267da4ae26ad7ef0cddb0ec401ff,-61980.70112654029,119748.50066810941,-217804.61259033365,90349.32522313412,-182963.30323622547,-53298.59438887624,467,546,522,528,2063,1,1,2,ADV_NONCONN_IND,37,37,5,-1,0,277680835,277681470,55,32,8,pre_aa_hdr_payload
2094.7355556488037,1769648222.7205555,42.3644679,-71.0184618,49.875,5B:3C:4E:CB:4D:27,274dcb4e3c5b0201021816aafe4033bc19a41c2f20a3dd1335b88f67ff7c8e9b1be2,-22033.29383314712,159054.39870958068,-193940.3672510282,122142.20294342103,-185139.07553003723,-25755.970218069873,473,480,480,486,1919,1,1,0,ADV_IND,34,37,1,-1,0,277747615,277748249,56,31,8,pre_aa_hdr_payload
2097.8936533927917,1769648225.8786533,42.3644679,-71.0184618,49.875,DC:5D:F0:96:65:C6,c66596f05ddc1eff4c001219ff078c7c1b0fd9d67fff86d1bfa27f10b984e1ccdca0f901ff,-49860.082195026924,117147.21288836222,-214377.62703627488,98854.11557179094,-178125.71568458193,-43207.37266752111,479,498,540,546,2063,1,1,2,ADV_NONCONN_IND,37,37,0,-1,0,278197415,278198050,56,32,7,pre_aa_hdr_payload
2098.7748079299927,1769648226.7598078,42.3644679,-71.0184618,49.875,EA:DE:76:89:3B:BB,bb3b8976deea1eff4c0012190046c2b011e561206a40a85854aaf3ac9740ba7588c5960300,-49599.64210123783,144701.83935228255,-215478.12161251035,113325.62115244688,-190920.93897924188,-42336.43468361464,449,534,540,540,2063,1,1,2,ADV_NONCONN_IND,37,37,4,-1,0,278269555,278270190,55,32,8,pre_aa_hdr_payload
2098.7809138298035,1769648226.7659137,42.3644679,-71.0184618,49.875,5B:3C:4E:CB:4D:27,274dcb4e3c5b0201021816aafe4033bc19a41c2f20a3dd1335b88f67ff7c8e9b1be2,-27004.750192305688,119147.60507216769,-147734.970894395,104324.0758028093,-177365.2110476863,-26939.42329785618,473,480,480,486,1919,1,1,0,ADV_IND,34,37,0,-1,0,278277762,278278397,56,31,8,pre_aa_hdr_payload
2099.643927335739,1769648227.6289272,42.3644679,-71.0184618,49.875,EF:E8:9E:04:31:7C,7c31049ee8ef1eff4c001219005e8e60736229d53954b2223367046228210fe077969c0000,-41372.7503814342,115546.75255849103,-24822.42618752404,39227.234928886726,-138362.59197995003,-11135.994735088867,497,546,510,510,2063,1,1,2,ADV_NONCONN_IND,37,37,1,-1,0,278418261,278418895,56,32,8,pre_aa_hdr_payload
2100.075651884079,1769648228.0606518,42.3644679,-71.0184618,49.875,D3:F1:E3:A8:F6:63,63f6a8e3f1d31eff4c001219ff940faee0aa9b3b4bb320a21accba154547226cd3067f01ff,-47466.39615073677,87333.53254341664,-172656.89399493957,86713.96078885517,-169695.9133724032,-43455.741293424166,479,510,534,540,2063,1,1,2,ADV_NONCONN_IND,37,37,3,-1,0,278487458,278488092,56,32,8,pre_aa_hdr_payload
2100.762091398239,1769648228.7470913,42.3644679,-71.0184618,49.875,EA:DE:76:89:3B:BB,bb3b8976deea1eff4c0012190046c2b011e561206a40a85854aaf3ac9740ba7588c5960300,-55021.23282910606,92113.4470720358,-170048.02236359744,104126.01464076317,-182682.83606703993,-42248.625017449136,449,534,540,540,2063,1,1,2,ADV_NONCONN_IND,37,37,0,-1,0,278596272,278596906,56,32,7,pre_aa_hdr_payload
2100.7694158554077,1769648228.7544158,42.3644679,-71.0184618,49.875,5B:3C:4E:CB:4D:27,274dcb4e3c5b0201021816aafe4033bc19a41c2f20a3dd1335b88f67ff7c8e9b1be2,-33192.019356840414,128042.52933994262,-113237.73231003477,110099.54516058484,-118766.60954312827,-25865.574653578144,431,558,462,468,1919,1,1,0,ADV_IND,34,37,3,-1,0,278606116,278606750,56,32,8,pre_aa_hdr_payload
2105.1494677066803,1769648233.1344676,42.3644679,-71.0184618,49.875,EA:DE:76:89:3B:BB,bb3b8976deea1eff4c0012190046c2b011e561206a40a85854aaf3ac9740ba7588c5960300,-57631.051672268666,58162.5860028045,-134408.31129709445,82707.14527532177,-150576.83400307258,-45378.107971854166,419,600,522,522,2063,1,1,2,ADV_NONCONN_IND,37,37,3,-1,0,279323049,279323684,56,31,8,pre_aa_hdr_payload
2105.161860227585,1769648233.1468601,42.3644679,-71.0184618,49.875,5B:3C:4E:CB:4D:27,274dcb4e3c5b0201021816aafe4033bc19a41c2f20a3dd1335b88f67ff7c8e9b1be2,-24920.413020942455,117293.36210755348,-139928.1021850492,101193.9365496126,-177485.9246933403,-27476.19672458836,467,486,480,486,1919,1,1,0,ADV_IND,34,37,0,-1,0,279339707,279340341,56,32,8,pre_aa_hdr_payload
2108.337751865387,1769648236.3227518,42.3644679,-71.0184618,49.875,F8:14:48:43:BC:B3,b3bc434814f81eff4c001219ffdd506bbaf865e84a0b550cd2d54eb9e3a7abe2b202de01ff,-59384.01616798888,110325.72055049558,-208509.2825987052,91029.69356019044,-176984.3152086219,-52581.820099659824,497,600,480,486,2063,1,1,2,ADV_NONCONN_IND,37,37,3,-1,0,279870571,279871205,55,32,8,pre_aa_hdr_payload
2110.1746819019318,1769648238.1596818,42.3644679,-71.0184618,49.875,FE:16:4E:22:6F:66,666f224e16fe1eff4c001219009520cb31c2ffdd08bffea9716cf7a132253200c6be3e0000,-42096.52987634811,117656.69090778485,-195845.414249213,143574.16048560457,-180712.8171612794,-36800.98516528528,486,599,492,486,2063,1,1,2,ADV_NONCONN_IND,37,37,2,-1,0,280160847,280161481,55,31,7,pre_aa_hdr_payload
2112.270574569702,1769648240.2555745,42.3644679,-71.0184618,49.875,ED:F4:C8:52:4B:AD,ad4b52c8f4ed1eff4c001219ffdafb3d54b733003418711f38a5e04333886e5c377d4703ff,-87914.15393287521,136073.22262976776,-232414.48004624227,90617.37603171483,-183411.68635414966,-63053.90382669164,431,630,498,504,2063,1,1,2,ADV_NONCONN_IND,37,37,1,-1,0,280477629,280478263,56,32,7,pre_aa_hdr_payload
2112.948909521103,1769648240.9339094,42.3644679,-71.0184618,49.875,EA:DE:76:89:3B:BB,bb3b8976deea1eff4c0012190046c2b011e561206a40a85854aaf3ac9740ba7588c5960300,-53642.94689860478,147021.4956892769,-216882.48350424282,114151.63133691315,-196571.29843631937,-42390.222064509835,449,546,534,534,2063,1,1,2,ADV_NONCONN_IND,37,37,1,-1,0,280567484,280568118,56,32,8,pre_aa_hdr_payload
2112.9790091514587,1769648240.964009,42.3644679,-71.0184618,49.875,5B:3C:4E:CB:4D:27,274dcb4e3c5b0201021816aafe4033bc19a41c2f20a3dd1335b88f67ff7c8e9b1be2,-31016.796202002417,165215.11077705672,-193179.52962595996,124100.77524419077,-188300.48130918157,-28342.93879434145,461,492,480,486,1919,1,1,0,ADV_IND,34,37,1,-1,0,280607940,280608575,56,32,8,pre_aa_hdr_payload
2114.4511749744415,1769648242.4361749,42.3644679,-71.0184618,49.875,F6:65:48:BD:8C:9B,9b8cbd4865f61eff4c001219ff71513aa15d70f1a7f117b47a3d6a3bf60f88b6e5aa6d00ff,-26370.15802704697,128891.14705110097,-204955.51108940874,97025.17416919822,-176852.37049407043,-28053.190595165837,557,456,522,528,2063,1,1,2,ADV_NONCONN_IND,37,37,5,-1,0,280831329,280831964,55,32,8,pre_aa_hdr_payload
2114.453483581543,1769648242.4384835,42.3644679,-71.0184618,49.875,CD:45:3F:6A:BB:1A,1abb6a3f45cd1eff4c001219003e6f00b75f316910c555cf4c1542bf3856d42f80eef50100,-64402.94234195016,118109.40564434952,-216963.9335281499,111951.87660117888,-185212.42010225687,-52883.093878219726,443,564,528,528,2063,1,1,2,ADV_NONCONN_IND,37,37,1,-1,0,280834432,280835066,56,32,8,pre_aa_hdr_payload
2114.8072624206543,1769648242.7922623,42.3644679,-71.0184618,49.875,EA:DE:76:89:3B:BB,bb3b8976deea1eff4c0012190046c2b011e561206a40a85854aaf3ac9740ba7588c5960300,-52277.11539118685,135960.4365798048,-215857.26423815032,118916.50416848803,-193842.52786873872,-40949.12352538968,455,516,546,546,2063,1,1,2,ADV_NONCONN_IND,37,37,4,-1,0,280906391,280907025,55,30,8,pre_aa_hdr_payload
2114.8324389457703,1769648242.8174388,42.3644679,-71.0184618,49.875,5B:3C:4E:CB:4D:27,274dcb4e3c5b0201021816aafe4033bc19a41c2f20a3dd1335b88f67ff7c8e9b1be2,-25480.39959896776,129548.21271435218,-147989.97343547616,109324.4094760081,-180533.50446365195,-24179.707114314035,467,486,480,486,1919,1,1,0,ADV_IND,34,37,2,-1,0,280940230,280940865,56,32,8,pre_aa_hdr_payload
2115.908385515213,1769648243.8933854,42.3644679,-71.0184618,49.875,E3:28:84:D5:E3:78,78e3d58428e31eff4c001219ffa11d8116d44f43c5c2ca9c1d843bd3bac9cd2dc3fcdf00ff,-15298.287963734056,129707.6105975266,-204943.85536013704,98529.02908345126,-173128.35514402218,-24781.924061881982,575,450,516,522,2063,1,1,2,ADV_NONCONN_IND,37,37,5,-1,0,281146176,281146810,55,32,8,pre_aa_hdr_payload
2116.2372908592224,1769648244.2222908,42.3644679,-71.0184618,49.875,CD:45:3F:6A:BB:1A,1abb6a3f45cd1eff4c001219003e6f00b75f316910c555cf4c1542bf3856d42f80eef50100,-60130.31750024661,131350.07768946924,-233996.97505496655,116199.30152039918,-192040.05075442372,-47796.903727859295,449,570,522,522,2063,1,1,2,ADV_NONCONN_IND,37,37,1,-1,0,281151099,281151734,56,32,8,pre_aa_hdr_payload
2117.932315826416,1769648245.9173157,42.3644679,-71.0184618,49.875,FE:16:4E:22:6F:66,666f224e16fe1eff4c001219009520cb31c2ffdd08bffea9716cf7a132253200c6be3e0000,-39979.647920758056,98882.5805285543,-195049.11731978907,139737.94945950824,-197370.0489970463,-31992.903819261872,503,540,510,510,2063,1,1,2,ADV_NONCONN_IND,37,37,5,-1,0,281498975,281499610,55,32,8,pre_aa_hdr_payload
2117.953862428665,1769648245.9388623,42.3644679,-71.0184618,49.875,F6:D0:D4:C6:AC:99,99acc6d4d0f61eff4c001219ffda286446b821537b5e8a6763c17583dcf814bf9c2f2401ff,-78086.66429692386,134462.10230482818,-234350.10797208443,94042.83927394956,-187956.15756857587,-59973.875261301284,443,606,504,510,2063,1,1,2,ADV_NONCONN_IND,37,37,1,-1,0,281527935,281528570,56,30,8,pre_aa_hdr_payload
2119.798292160034,1769648247.783292,42.3644679,-71.0184618,49.875,FE:16:4E:22:6F:66,666f224e16fe1eff4c001219009520cb31c2ffdd08bffea9716cf7a132253200c6be3e0000,-44821.51922717243,98070.40328496801,-198568.31443618657,139805.3428925368,-192842.70148748413,-40564.40862724846,515,552,498,498,2063,1,1,2,ADV_NONCONN_IND,37,37,5,-1,0,281785281,281785915,55,32,8,pre_aa_hdr_payload
2120.132795572281,1769648248.1177955,42.3644679,-71.0184618,49.875,EF:A6:16:59:76:AF,af765916a6ef1eff4c001219ffd2622edb270a00386bf0cf1071207e7518621225f00b01ff,-46881.83512122336,83787.67638910226,-179530.3820586552,88633.19020634032,-160680.09803444642,-41021.83811891711,503,498,528,534,2063,1,1,2,ADV_NONCONN_IND,37,37,2,-1,0,281831331,281831966,56,30,8,pre_aa_hdr_payload
2120.817314863205,1769648248.8023148,42.3644679,-71.0184618,49.875,EA:DE:76:89:3B:BB,bb3b8976deea1eff4c0012190046c2b011e561206a40a85854aaf3ac9740ba7588c5960300,-48998.389796915195,167369.3343050597,-165043.7526556516,115248.07557941532,-159415.76441585904,-39106.214697214826,335,744,492,492,2063,1,1,2,ADV_NONCONN_IND,37,37,5,-1,0,281936220,281936855,55,32,8,pre_aa_hdr_payload
2122.3061752319336,1769648250.2911751,42.3644679,-71.0184618,49.875,CC:87:BC:7D:65:00,00657dbc87cc1eff4c001219ffe42504f727be2fdadfe475984bf9241c2205e5befb3b00ff,-66257.33158960684,101331.05449278768,-197192.50428062057,95863.99437122584,-187511.0487704306,-52737.70840981892,503,606,474,480,2063,1,1,2,ADV_NONCONN_IND,37,37,2,-1,0,282203553,282204187,56,31,8,pre_aa_hdr_payload
2124.0030858516693,1769648251.9880857,42.3644679,-71.0184618,49.875,FE:16:4E:22:6F:66,666f224e16fe1eff4c001219009520cb31c2ffdd08bffea9716cf7a132253200c6be3e0000,-48242.23805119907,146113.96497747648,-232057.95873123364,126752.7059157308,-191963.88236542148,-47878.129787430196,503,552,504,504,2063,1,1,2,ADV_NONCONN_IND,37,37,4,-1,0,282416170,282416804,55,32,8,pre_aa_hdr_payload
2125.2915143966675,1769648253.2765143,42.3644679,-71.0184618,49.875,E8:2F:89:D4:D6:19,19d6d4892fe81eff4c00121900123acd84ed5ad9d05463e498225c3e647ac71b245f400000,-62982.34836982353,93081.44789564695,-118708.45766688851,98374.91845636297,-169954.38563257473,-37290.03608119226,491,612,480,480,2063,1,1,2,ADV_NONCONN_IND,37,37,1,-1,0,282626795,282627429,56,30,8,pre_aa_hdr_payload
2126.1302478313446,1769648254.1152477,42.3644679,-71.0184618,49.875,CD:45:3F:6A:BB:1A,1abb6a3f45cd1eff4c001219003e6f00b75f316910c555cf4c1542bf3856d42f80eef50100,-69906.95780070711,130480.33669157203,-199704.27612181232,116466.44114708428,-180572.6691197768,-52986.92840300326,389,702,486,486,2063,1,1,2,ADV_NONCONN_IND,37,37,5,-1,0,282750788,282751422,55,32,8,pre_aa_hdr_payload
2127.7441544532776,1769648255.7291543,42.3644679,-71.0184618,49.875,EF:E8:9E:04:31:7C,7c31049ee8ef1eff4c001219005e8e60736229d53954b2223367046228210fe077969c0000,-41332.44159310015,145874.65749620993,-207525.59785392048,103331.36923712643,-132586.57382955268,-19116.67062007835,479,540,522,522,2063,1,1,2,ADV_NONCONN_IND,37,37,4,-1,0,283006087,283006721,55,29,8,pre_aa_hdr_payload
2127.7594106197357,1769648255.7444105,42.3644679,-71.0184618,49.875,E8:2F:89:D4:D6:19,19d6d4892fe81eff4c00121900123acd84ed5ad9d05463e498225c3e647ac71b245f400000,-48162.4778055687,72543.83799504439,-66757.56021136811,19312.3085666364,-167230.4699676736,-7776.162502655233,491,612,480,480,2063,1,1,2,ADV_NONCONN_IND,37,37,0,-1,0,283026591,283027226,56,29,7,pre_aa_hdr_payload
2128.317645549774,1769648256.3026454,42.3644679,-71.0184618,49.875,CD:45:3F:6A:BB:1A,1abb6a3f45cd1eff4c001219003e6f00b75f316910c555cf4c1542bf3856d42f80eef50100,-68335.69412413245,76529.15585026647,-161591.4883735613,109408.96327033533,-174180.6933774535,-52667.507113903164,443,600,510,510,2063,1,1,2,ADV_NONCONN_IND,37,37,0,-1,0,283069594,283070229,56,31,8,pre_aa_hdr_payload
2129.0210058689117,1769648257.0060058,42.3644679,-71.0184618,49.875,5B:3C:4E:CB:4D:27,274dcb4e3c5b0201021816aafe4033bc19a41c2f20a3dd1335b88f67ff7c8e9b1be2,-21469.271395942127,141717.12485433934,-99957.07237834299,104911.48760780487,-53338.159807511336,-18910.760467700868,371,702,420,426,1919,1,1,0,ADV_IND,34,37,0,-1,0,283167873,283168507,56,30,7,pre_aa_hdr_payload
2129.7885971069336,1769648257.773597,42.3644679,-71.0184618,49.875,FE:16:4E:22:6F:66,666f224e16fe1eff4c001219009520cb31c2ffdd08bffea9716cf7a132253200c6be3e0000,-43028.11076229064,91518.23592082084,-191056.14326894926,139265.65765782454,-180934.27205925615,-38750.65044659809,509,546,504,504,2063,1,1,2,ADV_NONCONN_IND,37,37,0,-1,0,283239580,283240214,56,31,8,pre_aa_hdr_payload
2130.917970895767,1769648258.9029708,42.3644679,-71.0184618,49.875,EA:DE:76:89:3B:BB,bb3b8976deea1eff4c0012190046c2b011e561206a40a85854aaf3ac9740ba7588c5960300,-50802.53802280488,101050.64320686004,-182963.0983931615,114999.42486577602,-191575.94520646878,-40202.07107295622,473,534,528,528,2063,1,1,2,ADV_NONCONN_IND,37,37,5,-1,0,283316046,283316681,55,32,8,pre_aa_hdr_payload
2130.959716796875,1769648258.9447167,42.3644679,-71.0184618,49.875,5B:3C:4E:CB:4D:27,274dcb4e3c5b0201021816aafe4033bc19a41c2f20a3dd1335b88f67ff7c8e9b1be2,-26622.22936039517,58189.6990079149,-148558.7058631041,106669.11343300858,-91751.1298734333,-13170.458888141986,461,480,486,492,1919,1,1,0,ADV_IND,34,37,2,-1,0,283372156,283372791,56,28,8,pre_aa_hdr_payload
2132.182662963867,1769648260.1676629,42.3644679,-71.0184618,49.875,FE:16:4E:22:6F:66,666f224e16fe1eff4c001219009520cb31c2ffdd08bffea9716cf7a132253200c6be3e0000,-48830.171486620224,80063.03417575473,-164222.74071756072,124583.36945162648,-158796.50020967412,-42496.41572597402,437,618,504,504,2063,1,1,2,ADV_NONCONN_IND,37,37,0,-1,0,283457457,283458091,56,31,8,pre_aa_hdr_payload
2132.1931421756744,1769648260.178142,42.3644679,-71.0184618,49.875,D1:CF:66:39:32:BF,bf323966cfd11eff4c001219ff85ecc777fea579bda71758a61b18a7b5a9c5dcc4836d02ff,-63531.353284307464,135112.8881268066,-227395.4116250597,92725.23535889288,-187634.71104172667,-50411.50121744734,461,540,528,534,2063,1,1,2,ADV_NONCONN_IND,37,37,4,-1,0,283471542,283472176,55,32,8,pre_aa_hdr_payload
2132.6763050556183,1769648260.661305,42.3644679,-71.0184618,49.875,EA:DE:76:89:3B:BB,bb3b8976deea1eff4c0012190046c2b011e561206a40a85854aaf3ac9740ba7588c5960300,-53193.29277757185,113565.5498144658,-192825.4746838476,115484.80778925556,-189277.66406966714,-39554.18702266479,449,534,540,540,2063,1,1,2,ADV_NONCONN_IND,37,37,5,-1,0,283546706,283547340,55,32,8,pre_aa_hdr_payload
2133.784152507782,1769648261.7691524,42.3644679,-71.0184618,49.875,FE:16:4E:22:6F:66,666f224e16fe1eff4c001219009520cb31c2ffdd08bffea9716cf7a132253200c6be3e0000,-45421.693642265054,143725.99888289915,-217767.2654647289,120478.63334036438,-165878.86178141655,-41653.146482925644,468,581,510,504,2063,1,1,2,ADV_NONCONN_IND,37,37,3,-1,0,283768646,283769281,56,32,8,pre_aa_hdr_payload
2134.1460576057434,1769648262.1310575,42.3644679,-71.0184618,49.875,CD:45:3F:6A:BB:1A,1abb6a3f45cd1eff4c001219003e6f00b75f316910c555cf4c1542bf3856d42f80eef50100,-69896.89750122704,102768.02340855873,-212617.489103876,107035.32776363447,-191156.71285726991,-55413.81847855919,449,570,522,522,2063,1,1,2,ADV_NONCONN_IND,37,37,5,-1,0,283807173,283807807,55,32,8,pre_aa_hdr_payload
2134.7632451057434,1769648262.748245,42.3644679,-71.0184618,49.875,EA:DE:76:89:3B:BB,bb3b8976deea1eff4c0012190046c2b011e561206a40a85854aaf3ac9740ba7588c5960300,-50807.244450036895,155238.01432219418,-211666.84018862052,108264.26619264546,-180608.98127641677,-39956.51556311694,431,576,528,528,2063,1,1,2,ADV_NONCONN_IND,37,37,1,-1,0,283867585,283868219,56,32,8,pre_aa_hdr_payload
2136.024398088455,1769648264.009398,42.3644679,-71.0184618,49.875,FE:16:4E:22:6F:66,666f224e16fe1eff4c001219009520cb31c2ffdd08bffea9716cf7a132253200c6be3e0000,-46077.342000106,113579.66203560778,-216671.79749210406,141158.752210267,-191585.83987896214,-42819.675678945394,503,552,504,504,2063,1,1,2,ADV_NONCONN_IND,37,37,0,-1,0,284059022,284059656,56,32,8,pre_aa_hdr_payload
2136.035531282425,1769648264.0205312,42.3644679,-71.0184618,49.875,D9:EE:41:2F:8D:4F,4f8d2f41eed91eff4c001219ffeb9a39257f79af7ed8beb83b33ef302854d6bcf419ae03ff,-15913.056572114163,110917.62596341343,-147490.19553207525,93941.6098312651,-130224.46941635737,-24336.348553527707,545,624,444,450,2063,1,1,2,ADV_NONCONN_IND,37,37,4,-1,0,284073986,284074620,55,32,8,pre_aa_hdr_payload
2136.0432879924774,1769648264.028288,42.3644679,-71.0184618,49.875,CD:45:3F:6A:BB:1A,1abb6a3f45cd1eff4c001219003e6f00b75f316910c555cf4c1542bf3856d42f80eef50100,-66667.32080993157,134176.70553028182,-235491.2207868938,115166.44333996146,-192127.56810722456,-60602.19057307323,443,576,522,522,2063,1,1,2,ADV_NONCONN_IND,37,37,5,-1,0,284084412,284085047,55,32,8,pre_aa_hdr_payload
2136.5831253528595,1769648264.5681252,42.3644679,-71.0184618,49.875,EA:DE:76:89:3B:BB,bb3b8976deea1eff4c0012190046c2b011e561206a40a85854aaf3ac9740ba7588c5960300,-58478.44336178425,130280.92290811417,-215598.24817065246,118924.71008515281,-186998.3846920025,-43674.29572318211,437,546,540,540,2063,1,1,2,ADV_NONCONN_IND,37,37,5,-1,0,284147041,284147675,55,32,8,pre_aa_hdr_payload
2138.3398492336273,1769648266.3248491,42.3644679,-71.0184618,49.875,CD:45:3F:6A:BB:1A,1abb6a3f45cd1eff4c001219003e6f00b75f316910c555cf4c1542bf3856d42f80eef50100,-73067.17249792108,161548.26894361243,-213559.2582413208,109856.30416704672,-172365.94571525257,-56801.526341832134,371,684,504,504,2063,1,1,2,ADV_NONCONN_IND,37,37,3,-1,0,284462254,284462888,55,32,8,pre_aa_hdr_payload
2141.049570083618,1769648269.03457,42.3644679,-71.0184618,49.875,EA:DE:76:89:3B:BB,bb3b8976deea1eff4c0012190046c2b011e561206a40a85854aaf3ac9740ba7588c5960300,-61283.95068235113,104452.82322629615,-188276.3602691107,115324.89168283358,-188512.91127884726,-43047.20742209332,443,552,534,534,2063,1,1,2,ADV_NONCONN_IND,37,37,5,-1,0,284829555,284830190,55,32,8,pre_aa_hdr_payload
2141.0875396728516,1769648269.0725396,42.3644679,-71.0184618,49.875,5B:3C:4E:CB:4D:27,274dcb4e3c5b0201021816aafe4033bc19a41c2f20a3dd1335b88f67ff7c8e9b1be2,-31770.489791091688,162467.35743813083,-203581.8764493473,129033.34069413599,-178284.13617657614,-27607.22039050102,467,486,480,486,1919,1,1,0,ADV_IND,34,37,4,-1,0,284880591,284881226,55,32,8,pre_aa_hdr_payload
2142.276520013809,1769648270.26152,42.3644679,-71.0184618,49.875,D2:51:0A:8B:A0:E4,e4a08b0a51d21eff4c001219ffa400f2f50ae1612ee835f507bcd9856671594279c19603ff,-62647.81851037974,94371.27778405792,-167164.91495071023,76097.47722899058,-182978.26494354056,-50545.68489758734,485,576,498,504,2063,1,1,2,ADV_NONCONN_IND,37,37,0,-1,0,284979377,284980012,56,32,8,pre_aa_hdr_payload
2143.0279281139374,1769648271.012928,42.3644679,-71.0184618,49.875,E8:2F:89:D4:D6:19,19d6d4892fe81eff4c00121900123acd84ed5ad9d05463e498225c3e647ac71b245f400000,-34130.195644210115,111022.01038941844,-37133.37376992457,98003.06432084744,-9771.990688332658,-6785.90840924931,521,582,480,480,2063,1,1,2,ADV_NONCONN_IND,37,37,0,-1,0,285049494,285050129,56,28,8,pre_aa_hdr_payload
2146.252636194229,1769648274.237636,42.3644679,-71.0184618,49.875,CD:45:3F:6A:BB:1A,1abb6a3f45cd1eff4c001219003e6f00b75f316910c555cf4c1542bf3856d42f80eef50100,-60191.50461165299,88882.7208962803,-176289.1884451393,88183.79229914145,-148526.64037127933,-50590.55810349554,413,606,522,522,2063,1,1,2,ADV_NONCONN_IND,37,37,1,-1,0,285383502,285384137,56,32,8,pre_aa_hdr_payload
2146.6904010772705,1769648274.675401,42.3644679,-71.0184618,49.875,EA:DE:76:89:3B:BB,bb3b8976deea1eff4c0012190046c2b011e561206a40a85854aaf3ac9740ba7588c5960300,-47500.25539064177,175884.8919528366,-146854.1835145615,110557.90637088436,-142273.35683175805,-38776.70919103567,287,816,480,480,2063,1,1,2,ADV_NONCONN_IND,37,37,2,-1,0,285437971,285438605,55,32,8,pre_aa_hdr_payload
2147.559505701065,1769648275.5445056,42.3644679,-71.0184618,49.875,5B:3C:4E:CB:4D:27,274dcb4e3c5b0201021816aafe4033bc19a41c2f20a3dd1335b88f67ff7c8e9b1be2,-25294.16844340499,136257.21168546585,-174107.45760459744,99896.94930997053,-160018.19608865218,-21680.869201980604,467,486,480,486,1919,1,1,0,ADV_IND,34,37,5,-1,0,285547677,285548312,55,31,8,pre_aa_hdr_payload
2152.7472813129425,1769648280.7322812,42.3644679,-71.0184618,49.875,EA:DE:76:89:3B:BB,bb3b8976deea1eff4c0012190046c2b011e561206a40a85854aaf3ac9740ba7588c5960300,-52154.303609379735,132943.34004032006,-212262.4822285289,113496.1967603991,-190686.1900133223,-40557.75617843328,449,534,540,540,2063,1,1,2,ADV_NONCONN_IND,37,37,1,-1,0,286324724,286325358,56,32,8,pre_aa_hdr_payload
2153.7924613952637,1769648281.7774613,42.3644679,-71.0184618,49.875,FE:16:4E:22:6F:66,666f224e16fe1eff4c001219009520cb31c2ffdd08bffea9716cf7a132253200c6be3e0000,-42670.62862128906,162929.36395799555,-213701.1135866235,124263.16957874782,-161795.83272844934,-45948.65130766509,431,636,498,498,2063,1,1,2,ADV_NONCONN_IND,37,37,4,-1,0,286520230,286520864,55,31,8,pre_aa_hdr_payload
2154.2651884555817,1769648282.2501884,42.3644679,-71.0184618,49.875,F2:2A:53:09:C9:B0,b0c909532af21eff4c001219ff1be774ef205d41eb8a7e6cb6c0f45a95ae680e22886800ff,-73174.02938468997,117695.98028501736,-224490.54369257897,104808.32767484256,-183540.50114203387,-58209.24732293439,485,624,474,480,2063,1,1,2,ADV_NONCONN_IND,37,37,0,-1,0,286534323,286534957,56,32,8,pre_aa_hdr_payload
2154.2781159877777,1769648282.263116,42.3644679,-71.0184618,49.875,CD:45:3F:6A:BB:1A,1abb6a3f45cd1eff4c001219003e6f00b75f316910c555cf4c1542bf3856d42f80eef50100,-63951.26050850435,93122.61707818073,-204516.187028609,106765.13504257874,-181849.93255475827,-52506.06866047849,449,558,528,528,2063,1,1,2,ADV_NONCONN_IND,37,37,4,-1,0,286551699,286552333,55,29,8,pre_aa_hdr_payload
2154.9145760536194,1769648282.899576,42.3644679,-71.0184618,49.875,EA:DE:76:89:3B:BB,bb3b8976deea1eff4c0012190046c2b011e561206a40a85854aaf3ac9740ba7588c5960300,-50568.76768333053,103466.56661572031,-177632.19109890427,110565.1719499722,-188754.4068743235,-42134.41778320705,449,534,540,540,2063,1,1,2,ADV_NONCONN_IND,37,37,0,-1,0,286613821,286614455,56,32,8,pre_aa_hdr_payload
2155.901280641556,1769648283.8862805,42.3644679,-71.0184618,49.875,C4:79:3F:75:BB:75,75bb753f79c41eff4c001219ff5f96e92f66e00dc19e00654445f5aa76194679cd12bb03ff,-46786.9488524709,119556.37752101455,-219579.73373012888,103645.90631711745,-177097.75462355895,-44090.35281975552,521,528,504,510,2063,1,1,2,ADV_NONCONN_IND,37,37,5,-1,0,286783475,286784110,55,32,8,pre_aa_hdr_payload
2157.367776632309,1769648285.3527765,42.3644679,-71.0184618,49.875,5B:3C:4E:CB:4D:27,274dcb4e3c5b0201021816aafe4033bc19a41c2f20a3dd1335b88f67ff7c8e9b1be2,-33013.61268101824,169175.79887515632,-172960.64818699413,131541.46340437324,-181997.47430601998,-28413.198037854494,467,510,468,474,1919,1,1,0,ADV_IND,34,37,1,-1,0,286971340,286971974,56,32,8,pre_aa_hdr_payload
2158.163680076599,1769648286.14868,42.3644679,-71.0184618,49.875,CD:45:3F:6A:BB:1A,1abb6a3f45cd1eff4c001219003e6f00b75f316910c555cf4c1542bf3856d42f80eef50100,-62599.78662792573,118668.97045271013,-181820.85185854504,85461.26046267601,-173141.2708846678,-50475.928593966484,395,648,510,510,2063,1,1,2,ADV_NONCONN_IND,37,37,0,-1,0,287087498,287088132,56,32,8,pre_aa_hdr_payload
2160.1504595279694,1769648288.1354594,42.3644679,-71.0184618,49.875,FE:16:4E:22:6F:66,666f224e16fe1eff4c001219009520cb31c2ffdd08bffea9716cf7a132253200c6be3e0000,-48496.81556594179,155659.11896865346,-209976.04712694403,108838.29088565017,-164089.157905803,-43403.59660148906,461,630,486,486,2063,1,1,2,ADV_NONCONN_IND,37,37,5,-1,0,287317087,287317722,55,32,7,pre_aa_hdr_payload
2161.8782184123993,1769648289.8632183,42.3644679,-71.0184618,49.875,5B:3C:4E:CB:4D:27,274dcb4e3c5b0201021816aafe4033bc19a41c2f20a3dd1335b88f67ff7c8e9b1be2,-22271.043113557986,148024.8273676988,-74457.26975511738,126677.1413108949,-174450.1891757534,-19603.80157597466,473,480,480,486,1919,1,1,0,ADV_IND,34,37,0,-1,0,287510683,287511318,56,28,8,pre_aa_hdr_payload
2162.448343515396,1769648290.4333434,42.3644679,-71.0184618,49.875,CD:45:3F:6A:BB:1A,1abb6a3f45cd1eff4c001219003e6f00b75f316910c555cf4c1542bf3856d42f80eef50100,-65264.86952781496,103025.40767803155,-213919.62307230485,121355.63681818775,-188213.52885663064,-54039.47993560061,449,570,522,522,2063,1,1,2,ADV_NONCONN_IND,37,37,0,-1,0,287588484,287589118,56,32,8,pre_aa_hdr_payload
2163.1693563461304,1769648291.1543562,42.3644679,-71.0184618,49.875,EA:DE:76:89:3B:BB,bb3b8976deea1eff4c0012190046c2b011e561206a40a85854aaf3ac9740ba7588c5960300,-55838.78157225025,121477.91339113546,-195930.65666955605,114213.18500749624,-191387.5579679167,-42224.18526995328,444,545,540,534,2063,1,1,2,ADV_NONCONN_IND,37,37,5,-1,0,287643284,287643918,55,31,7,pre_aa_hdr_payload
2163.998890399933,1769648291.9838903,42.3644679,-71.0184618,49.875,5B:3C:4E:CB:4D:27,274dcb4e3c5b0201021816aafe4033bc19a41c2f20a3dd1335b88f67ff7c8e9b1be2,-21867.36114605439,80077.75011630348,-168893.11584889007,50792.25797304533,-177065.48795017187,-7893.544082349826,468,491,480,480,1919,1,1,0,ADV_IND,34,37,0,-1,0,287721634,287722269,56,28,8,pre_aa_hdr_payload
2164.024797677994,1769648292.0097976,42.3644679,-71.0184618,49.875,E8:96:2D:50:77:AA,aa77502d96e81eff4c001219ff583d06cfce9528d32cf2107ef7ece8918776a6b4554d00ff,-88748.02042485784,146933.36343173258,-236939.34879002985,87146.09392688173,-180036.0126086256,-65075.77907506871,407,642,504,510,2063,1,1,2,ADV_NONCONN_IND,37,37,0,-1,0,287756457,287757092,56,32,8,pre_aa_hdr_payload
2164.690337896347,1769648292.6753378,42.3644679,-71.0184618,49.875,CD:45:3F:6A:BB:1A,1abb6a3f45cd1eff4c001219003e6f00b75f316910c555cf4c1542bf3856d42f80eef50100,-71065.11598314354,97429.52846111395,-151245.48715566026,111620.67695787974,-182784.99223305428,-54149.32582265286,353,738,486,486,2063,1,1,2,ADV_NONCONN_IND,37,37,1,-1,0,287768955,287769589,56,32,8,pre_aa_hdr_payload
2164.706535100937,1769648292.691535,42.3644679,-71.0184618,49.875,E8:2F:89:D4:D6:19,19d6d4892fe81eff4c00121900123acd84ed5ad9d05463e498225c3e647ac71b245f400000,-51762.51043991801,130850.54080222311,-194087.98969483172,117101.2853774996,-42418.877613916215,-17284.90805078432,497,594,486,486,2063,1,1,2,ADV_NONCONN_IND,37,37,0,-1,0,287790725,287791360,56,31,8,pre_aa_hdr_payload
2164.7228887081146,1769648292.7078886,42.3644679,-71.0184618,49.875,EA:DE:76:89:3B:BB,bb3b8976deea1eff4c0012190046c2b011e561206a40a85854aaf3ac9740ba7588c5960300,-54130.45876612531,106373.9874913665,-107296.8679944911,93764.5038044532,-165977.85138370722,-43609.92939330493,305,858,450,450,2063,1,1,2,ADV_NONCONN_IND,37,37,5,-1,0,287812707,287813341,55,32,8,pre_aa_hdr_payload
2165.3899767398834,1769648293.3749766,42.3644679,-71.0184618,49.875,E8:2F:89:D4:D6:19,19d6d4892fe81eff4c00121900123acd84ed5ad9d05463e498225c3e647ac71b245f400000,-38833.55996326359,132606.62546935194,-52529.67140966789,137203.40264054708,-22640.190382487825,-10052.004235911243,467,624,486,486,2063,1,1,2,ADV_NONCONN_IND,37,37,5,-1,0,287850135,287850769,55,28,8,pre_aa_hdr_payload
2167.763142824173,1769648295.7481427,42.3644679,-71.0184618,49.875,5B:3C:4E:CB:4D:27,274dcb4e3c5b0201021816aafe4033bc19a41c2f20a3dd1335b88f67ff7c8e9b1be2,-26575.7591722381,102892.85359520337,-113725.4166342387,75148.69542221086,-155577.71443112136,-27046.06999244043,455,522,468,474,1919,1,1,0,ADV_IND,34,37,1,-1,0,288096372,288097007,56,32,8,pre_aa_hdr_payload
2168.114443540573,1769648296.0994434,42.3644679,-71.0184618,49.875,FE:16:4E:22:6F:66,666f224e16fe1eff4c001219009520cb31c2ffdd08bffea9716cf7a132253200c6be3e0000,-52379.216047260954,48138.164521010774,-163954.4482093301,120912.35150248141,-151863.84156591422,-43819.285605729456,503,564,498,498,2063,1,1,2,ADV_NONCONN_IND,37,37,1,-1,0,288163657,288164291,56,32,8,pre_aa_hdr_payload
2168.1279439926147,1769648296.112944,42.3644679,-71.0184618,49.875,E4:AD:9B:03:DA:6D,6dda039bade41eff4c001219ff5ce598fbaeee2627048791ca29fae4f9c0005fcac66c02ff,-80512.88978935554,118120.37460163124,-220588.7987616346,94817.43940166189,-192868.4291895187,-61653.689212400684,467,618,486,492,2063,1,1,2,ADV_NONCONN_IND,37,37,1,-1,0,288181802,288182437,56,32,8,pre_aa_hdr_payload
2170.1076860427856,1769648298.092686,42.3644679,-71.0184618,49.875,FE:16:4E:22:6F:66,666f224e16fe1eff4c001219009520cb31c2ffdd08bffea9716cf7a132253200c6be3e0000,-41981.24553220005,140828.71083080757,-230992.16368647848,122190.69039243126,-178932.26064466411,-38004.57464055834,515,540,504,504,2063,1,1,2,ADV_NONCONN_IND,37,37,4,-1,0,288491663,288492298,55,30,8,pre_aa_hdr_payload
2173.7924675941467,1769648301.7774675,42.3644679,-71.0184618,49.875,5B:3C:4E:CB:4D:27,274dcb4e3c5b0201021816aafe4033bc19a41c2f20a3dd1335b88f67ff7c8e9b1be2,-31236.486391072904,109883.5675907333,-105224.61259483836,94331.1482222192,-160759.34502686333,-20559.116823958182,461,492,480,486,1919,1,1,0,ADV_IND,34,37,4,-1,0,289112109,289112743,55,32,8,pre_aa_hdr_payload
2174.3875687122345,1769648302.3725686,42.3644679,-71.0184618,49.875,F5:2A:90:F7:C5:08,08c5f7902af51eff4c001219ff57fb47ea64ba18efb05c475c7903c1b8974a88420c8e00ff,-61015.59539537138,65348.458234119265,-169847.24365552337,74490.61508333297,-153852.84288887275,-51020.132940709555,437,552,534,540,2063,1,1,2,ADV_NONCONN_IND,37,37,5,-1,0,289153586,289154220,55,32,8,pre_aa_hdr_payload
2174.927309989929,1769648302.91231,42.3644679,-71.0184618,49.875,EA:DE:76:89:3B:BB,bb3b8976deea1eff4c0012190046c2b011e561206a40a85854aaf3ac9740ba7588c5960300,-60768.22159577971,111278.73780619675,-165315.70292206178,95531.47209690721,-160954.72820550422,-43812.419499031115,383,600,540,540,2063,1,1,2,ADV_NONCONN_IND,37,37,4,-1,0,289228183,289228817,55,32,8,pre_aa_hdr_payload
2176.16569852829,1769648304.1506984,42.3644679,-71.0184618,49.875,FE:16:4E:22:6F:66,666f224e16fe1eff4c001219009520cb31c2ffdd08bffea9716cf7a132253200c6be3e0000,-48071.07066442992,55742.21302421848,-164861.16724829233,134111.87535825852,-166342.70616343853,-39432.2667027334,509,558,498,498,2063,1,1,2,ADV_NONCONN_IND,37,37,3,-1,0,289409183,289409817,56,30,8,pre_aa_hdr_payload
2176.175451517105,1769648304.1604514,42.3644679,-71.0184618,49.875,C2:8E:53:AD:DC:BA,badcad538ec21eff4c001219fff08ae317581daee827b513041bc47cddd969d155c95601ff,-51392.214579423075,138654.91092013643,-149597.78080607837,108274.11559046514,-119247.87351044652,-46426.60267964137,390,965,354,354,2063,1,1,2,ADV_NONCONN_IND,37,37,4,-1,0,289422293,289422928,55,32,8,pre_aa_hdr_payload
2176.668208837509,1769648304.6532087,42.3644679,-71.0184618,49.875,EA:DE:76:89:3B:BB,bb3b8976deea1eff4c0012190046c2b011e561206a40a85854aaf3ac9740ba7588c5960300,-51346.43452496443,109517.54529374784,-133446.67490835398,86794.70037545943,-164822.65489798327,-42925.17199207068,365,696,498,504,2063,1,1,2,ADV_NONCONN_IND,37,37,4,-1,0,289529169,289529803,56,32,8,pre_aa_hdr_payload
2177.8494868278503,1769648305.8344867,42.3644679,-71.0184618,49.875,5B:3C:4E:CB:4D:27,274dcb4e3c5b0201021816aafe4033bc19a41c2f20a3dd1335b88f67ff7c8e9b1be2,-34844.35951341871,142294.5987076395,-173640.82537281574,126839.35246575,-187335.1845416613,-28645.3158744843,461,504,474,480,1919,1,1,0,ADV_IND,34,37,5,-1,0,289693893,289694528,55,32,8,pre_aa_hdr_payload
2178.2699766159058,1769648306.2549765,42.3644679,-71.0184618,49.875,E7:C4:06:EE:17:67,6717ee06c4e71eff4c001219ffe3b9cf1326b1c874c712a5887455cf6a52bdcba94fd802ff,-70081.29126475252,88362.2108515975,-172729.20978064623,59736.1264860168,-160549.46417167078,-57888.75752754461,479,654,462,468,2063,1,1,2,ADV_NONCONN_IND,37,37,1,-1,0,289739926,289740560,56,32,8,pre_aa_hdr_payload
2178.708551645279,1769648306.6935515,42.3644679,-71.0184618,49.875,EA:DE:76:89:3B:BB,bb3b8976deea1eff4c0012190046c2b011e561206a40a85854aaf3ac9740ba7588c5960300,-53193.936665197696,110024.73317027505,-185646.95607935407,114502.7318572429,-189092.37760354165,-39873.12471056984,455,528,540,540,2063,1,1,2,ADV_NONCONN_IND,37,37,5,-1,0,289846558,289847192,55,32,8,pre_aa_hdr_payload
2179.912223815918,1769648307.8972237,42.3644679,-71.0184618,49.875,E8:97:F7:2D:10:60,60102df797e81eff4c001219ff0dc0e11f0b221ac2729a7d115ac4fff089d3b0cfe6e600ff,-33766.29597129127,127329.45788241751,-217485.54486988366,105946.6216208538,-181615.60138627456,-37785.86646994891,557,516,492,498,2063,1,1,2,ADV_NONCONN_IND,37,37,1,-1,0,290061543,290062177,56,32,8,pre_aa_hdr_payload
2180.330852985382,1769648308.3158529,42.3644679,-71.0184618,49.875,CD:45:3F:6A:BB:1A,1abb6a3f45cd1eff4c001219003e6f00b75f316910c555cf4c1542bf3856d42f80eef50100,-65253.40050181647,110667.84928414485,-222557.63260540238,116885.25421239916,-185058.48944094294,-55434.41853835473,455,564,522,522,2063,1,1,2,ADV_NONCONN_IND,37,37,1,-1,0,290086257,290086891,56,32,8,pre_aa_hdr_payload
2183.0138108730316,1769648310.9988108,42.3644679,-71.0184618,49.875,EA:DE:76:89:3B:BB,bb3b8976deea1eff4c0012190046c2b011e561206a40a85854aaf3ac9740ba7588c5960300,-52123.834562333475,160612.2817949794,-213598.63062371794,100681.58372338949,-182638.37337860026,-41702.59396536147,438,593,516,516,2063,1,1,2,ADV_NONCONN_IND,37,37,1,-1,0,290392373,290393007,57,31,8,pre_aa_hdr_payload
2186.3788361549377,1769648314.363836,42.3644679,-71.0184618,49.875,CD:45:3F:6A:BB:1A,1abb6a3f45cd1eff4c001219003e6f00b75f316910c555cf4c1542bf3856d42f80eef50100,-63478.85331976471,84746.13886073063,-199776.83219629573,110625.03836463147,-171031.0306499548,-55806.83148166419,437,582,522,522,2063,1,1,2,ADV_NONCONN_IND,37,37,5,-1,0,290811163,290811797,55,32,8,pre_aa_hdr_payload
2196.789351463318,1769648324.7743514,42.3690741,-71.0190971,14.941,F5:26:4A:8A:8A:A6,a68a8a4a26f51eff4c001219ffbeb37401cc6b05cc2ce6048c607343c5077f765d055c03ff,-73968.13136903885,135724.66295158459,-148489.618874957,106650.23310025569,-149082.35818790153,-57099.04970745867,306,989,384,384,2063,1,1,2,ADV_NONCONN_IND,37,37,2,-1,0,291923279,291923913,56,32,8,pre_aa_hdr_payload
2198.033427476883,1769648326.0184274,42.3690871,-71.0191203,15.839,FE:16:4E:22:6F:66,666f224e16fe1eff4c001219009520cb31c2ffdd08bffea9716cf7a132253200c6be3e0000,-48989.04453286493,98697.53531938248,-189941.77995280258,140382.8152329714,-181175.1664766545,-34050.044466645166,503,552,504,504,2063,1,1,2,ADV_NONCONN_IND,37,37,0,-1,0,292152247,292152882,56,32,8,pre_aa_hdr_payload
2198.7279555797577,1769648326.7129555,42.3691182,-71.0191243,16.794,EA:DE:76:89:3B:BB,bb3b8976deea1eff4c0012190046c2b011e561206a40a85854aaf3ac9740ba7588c5960300,-58080.147283040504,160375.85599919886,-215480.43207261563,110922.39267605242,-184610.74981921652,-39150.85446294208,431,552,540,540,2063,1,1,2,ADV_NONCONN_IND,37,37,0,-1,0,292274621,292275255,56,32,8,pre_aa_hdr_payload
2200.059082508087,1769648328.0440824,42.3691488,-71.0191436,17.702,FE:16:4E:22:6F:66,666f224e16fe1eff4c001219009520cb31c2ffdd08bffea9716cf7a132253200c6be3e0000,-42369.26786805185,103519.94423972411,-142716.44049900287,127503.59152170162,-155914.64643923633,-36892.8811594833,371,708,492,492,2063,1,1,2,ADV_NONCONN_IND,37,37,5,-1,0,292451238,292451872,55,31,8,pre_aa_hdr_payload
2200.920041322708,1769648328.9050412,42.3691822,-71.0191672,18.067,EA:DE:76:89:3B:BB,bb3b8976deea1eff4c0012190046c2b011e561206a40a85854aaf3ac9740ba7588c5960300,-54887.12633342015,109586.51025292439,-175147.5615884129,90642.20882576074,-156305.46012092708,-42067.49245682857,395,582,540,546,2063,1,1,2,ADV_NONCONN_IND,37,37,2,-1,0,292571501,292572135,56,32,8,pre_aa_hdr_payload
2203.91415643692,1769648331.8991563,42.3692428,-71.0192482,20.614,FE:16:4E:22:6F:66,666f224e16fe1eff4c001219009520cb31c2ffdd08bffea9716cf7a132253200c6be3e0000,-46116.14245499608,156640.61626799923,-146931.41365980107,141793.2122699733,-156549.70290653684,-38762.56751272987,335,840,444,444,2063,1,1,2,ADV_NONCONN_IND,37,37,3,-1,0,293007884,293008519,55,30,8,pre_aa_hdr_payload
2204.769621372223,1769648332.7546213,42.3692342,-71.0192682,21.082,EA:DE:76:89:3B:BB,bb3b8976deea1eff4c0012190046c2b011e561206a40a85854aaf3ac9740ba7588c5960300,-60522.26363748685,163025.34442693545,-233325.23645426182,105728.16141061168,-183627.63016503066,-44703.932857965316,437,558,534,534,2063,1,1,2,ADV_NONCONN_IND,37,37,3,-1,0,293126141,293126775,55,32,8,pre_aa_hdr_payload
2206.001166343689,1769648333.9861662,42.369234,-71.0192683,21.118,FE:DC:E4:8D:3B:39,393b8de4dcfe1eff4c001219ffd2348debe4026cf3242a334ac1417d72c6bcdebfdc3400ff,-52949.40877776445,117308.33018185731,-197376.21512936312,85868.31025781906,-167755.5193390912,-43470.899684858094,485,564,504,510,2063,1,1,2,ADV_NONCONN_IND,37,37,1,-1,0,293315416,293316050,56,32,8,pre_aa_hdr_payload
2206.005920648575,1769648333.9909205,42.369234,-71.0192683,21.118,FE:16:4E:22:6F:66,666f224e16fe1eff4c001219009520cb31c2ffdd08bffea9716cf7a132253200c6be3e0000,-45711.36481131149,146834.6351947536,-211062.4836793056,128013.82273053753,-190437.31913331719,-35905.98768906469,509,546,504,504,2063,1,1,2,ADV_NONCONN_IND,37,37,5,-1,0,293321806,293322440,55,32,8,pre_aa_hdr_payload
2206.4203548431396,1769648334.4053547,42.3692427,-71.0192822,21.137,5B:3C:4E:CB:4D:27,274dcb4e3c5b0201021816aafe4033bc19a41c2f20a3dd1335b88f67ff7c8e9b1be2,-26403.860741783254,112297.22225515753,-137082.8778570405,102730.7915524615,-176995.10151451587,-29061.20565675994,461,492,480,486,1919,1,1,0,ADV_IND,34,37,3,-1,0,293351634,293352268,56,32,8,pre_aa_hdr_payload
2209.908954143524,1769648337.893954,42.3692593,-71.0193099,20.778,FF:B0:0B:E3:EC:19,19ece30bb0ff1eff4c001219ff8221018970ec27ba82659bad1c180077367d91056dbb03ff,-49138.511839426,98857.2737180372,-186502.66111352827,79637.25902347796,-159340.9033303668,-42382.70675081873,461,522,540,540,2063,1,1,2,ADV_NONCONN_IND,37,37,3,-1,0,293925115,293925749,56,32,8,pre_aa_hdr_payload
2211.9221460819244,1769648339.907146,42.3692883,-71.0193196,21.175,D3:89:96:67:D0:0F,0fd0679689d31eff4c001219ff2845e19a0f11dfa150244a1a9fa9f52d41f5ac5f0e0502ff,-48135.530574818506,99465.51099923984,-188690.22315091238,108775.44991172598,-177632.40781890773,-37643.535394900064,509,528,510,516,2063,1,1,2,ADV_NONCONN_IND,37,37,1,-1,0,294186174,294186808,56,32,8,pre_aa_hdr_payload
2211.924805164337,1769648339.909805,42.3692883,-71.0193196,21.175,FE:16:4E:22:6F:66,666f224e16fe1eff4c001219009520cb31c2ffdd08bffea9716cf7a132253200c6be3e0000,-49380.325438138134,57054.53073230665,-166305.26872047383,128393.61786085296,-165090.77634044303,-41104.54348725726,503,552,504,504,2063,1,1,2,ADV_NONCONN_IND,37,37,0,-1,0,294189748,294190382,56,32,8,pre_aa_hdr_payload
2212.4143216609955,1769648340.3993216,42.3693004,-71.0193189,21.553,5B:3C:4E:CB:4D:27,274dcb4e3c5b0201021816aafe4033bc19a41c2f20a3dd1335b88f67ff7c8e9b1be2,-34893.02816871817,126649.63009304594,-142221.3358931775,93201.8270772047,-183011.2748445775,-21592.908611544946,449,492,486,492,1919,1,1,0,ADV_IND,34,37,5,-1,0,294216999,294217634,55,32,8,pre_aa_hdr_payload
2212.419201374054,1769648340.4042013,42.3693004,-71.0193189,21.553,CD:45:3F:6A:BB:1A,1abb6a3f45cd1eff4c001219003e6f00b75f316910c555cf4c1542bf3856d42f80eef50100,-65369.00856847254,144527.51431265136,-240675.5725943508,106996.51437769273,-191292.48963231503,-55128.428989075015,449,570,522,522,2063,1,1,2,ADV_NONCONN_IND,37,37,5,-1,0,294223558,294224192,55,32,8,pre_aa_hdr_payload
2213.9500665664673,1769648341.9350665,42.3693059,-71.0193225,21.993,CC:DC:50:AC:30:37,3730ac50dccc1eff4c001219fff80f3213eae96f2950a76035112d4befc1f82735bd8502ff,-66478.45896431734,158263.0812796029,-142366.87985571576,117014.7145443331,-152002.78991133015,-52275.63701641798,311,1026,360,366,2063,1,1,2,ADV_NONCONN_IND,37,37,2,-1,0,294444179,294444814,55,29,8,pre_aa_hdr_payload
2213.9548332691193,1769648341.9398332,42.3693059,-71.0193225,21.993,FE:16:4E:22:6F:66,666f224e16fe1eff4c001219009520cb31c2ffdd08bffea9716cf7a132253200c6be3e0000,-45750.96923638633,130679.519508419,-197826.20235147042,134484.39869259117,-194128.67170786348,-39117.98857918248,491,564,504,504,2063,1,1,2,ADV_NONCONN_IND,37,37,5,-1,0,294450586,294451221,55,32,8,pre_aa_hdr_payload
2215.937293767929,1769648343.9222937,42.3693337,-71.0193221,22.958,C8:9B:04:BC:B1:AE,aeb1bc049bc81eff4c001219ff0ebbd66a38377736aa253b49a63f35b0b059e78955d301ff,-56596.18551931609,104361.0230528722,-201391.95289589316,103279.28294931335,-169150.1783000617,-44365.42473137681,551,606,450,456,2063,1,1,2,ADV_NONCONN_IND,37,37,2,-1,0,294705283,294705917,56,31,8,pre_aa_hdr_payload
2216.951007127762,1769648344.936007,42.369351,-71.0193107,23.224,EA:DE:76:89:3B:BB,bb3b8976deea1eff4c0012190046c2b011e561206a40a85854aaf3ac9740ba7588c5960300,-57708.880255021504,75254.51881251662,-150212.61889990125,88399.9478970296,-173689.80221834677,-45479.093878191634,437,546,540,540,2063,1,1,2,ADV_NONCONN_IND,37,37,3,-1,0,294802367,294803002,56,32,7,pre_aa_hdr_payload
2218.0092282295227,1769648345.9942281,42.369351,-71.0193107,23.224,FE:16:4E:22:6F:66,666f224e16fe1eff4c001219009520cb31c2ffdd08bffea9716cf7a132253200c6be3e0000,-45940.96588947374,157374.5459222384,-230043.83693759385,122510.43645704044,-181170.85588325403,-38210.87234002025,491,564,504,504,2063,1,1,2,ADV_NONCONN_IND,37,37,4,-1,0,294967341,294967975,55,32,8,pre_aa_hdr_payload
2218.590996980667,1769648346.5759969,42.369351,-71.0193107,23.224,CD:45:3F:6A:BB:1A,1abb6a3f45cd1eff4c001219003e6f00b75f316910c555cf4c1542bf3856d42f80eef50100,-64770.043666047255,135888.53241519682,-160632.821275968,95899.56287011657,-181666.70920395936,-55711.41619376035,347,816,450,450,2063,1,1,2,ADV_NONCONN_IND,37,37,4,-1,0,294992242,294992877,55,32,8,pre_aa_hdr_payload
2218.592074394226,1769648346.5770743,42.369351,-71.0193107,23.224,5B:3C:4E:CB:4D:27,274dcb4e3c5b0201021816aafe4033bc19a41c2f20a3dd1335b88f67ff7c8e9b1be2,-32308.24623776941,153222.66105958162,-186221.1515367227,129592.33610495226,-183995.41548719956,-30953.502432343183,461,492,480,486,1919,1,1,0,ADV_IND,34,37,2,-1,0,294993689,294994324,56,32,8,pre_aa_hdr_payload
2220.1662080287933,1769648348.151208,42.369351,-71.0193107,23.224,F7:3C:50:63:84:84,848463503cf71eff4c001219ffb8c198366a92f5de63fce1fa557d09d1dd60ada71db302ff,-87673.27592778517,127065.34977092792,-217600.0925117179,90743.80826467082,-190750.71026480605,-66164.3010039989,365,636,528,534,2063,1,1,2,ADV_NONCONN_IND,37,37,4,-1,0,295191823,295192457,55,32,8,pre_aa_hdr_payload
2220.1738250255585,1769648348.158825,42.369351,-71.0193107,23.224,FE:16:4E:22:6F:66,666f224e16fe1eff4c001219009520cb31c2ffdd08bffea9716cf7a132253200c6be3e0000,-47185.291177287225,126378.05246377563,-214219.83626366846,131508.06783935524,-190831.36928994456,-39325.7231892303,503,540,510,510,2063,1,1,2,ADV_NONCONN_IND,37,37,0,-1,0,295202059,295202694,56,32,8,pre_aa_hdr_payload
2220.6475274562836,1769648348.6325274,42.369351,-71.0193107,23.224,5B:3C:4E:CB:4D:27,274dcb4e3c5b0201021816aafe4033bc19a41c2f20a3dd1335b88f67ff7c8e9b1be2,-36261.7696213181,159443.19742591894,-193530.92529197055,124771.42101131109,-185509.9464142485,-29724.875317899747,467,486,480,486,1919,1,1,0,ADV_IND,34,37,0,-1,0,295241658,295242292,56,32,8,pre_aa_hdr_payload
2222.204320192337,1769648350.18932,42.369351,-71.0193107,23.224,CE:EF:AA:66:CE:45,45ce66aaefce1eff4c001219ff13ab1c2153fd8385e954bed59fec08c4d443a9249df302ff,-82316.06684772116,147058.81784421936,-223436.83214289052,86359.41815750697,-183681.26768617996,-62701.85829046883,407,654,498,504,2063,1,1,2,ADV_NONCONN_IND,37,37,5,-1,0,295448740,295449375,55,32,8,pre_aa_hdr_payload
2222.2086300849915,1769648350.19363,42.369351,-71.0193107,23.224,FE:16:4E:22:6F:66,666f224e16fe1eff4c001219009520cb31c2ffdd08bffea9716cf7a132253200c6be3e0000,-50985.466141568766,135243.80845300067,-178593.4775551271,112656.88586234645,-148708.21042269352,-37346.31095029166,402,695,486,480,2063,1,1,2,ADV_NONCONN_IND,37,37,4,-1,0,295454532,295455167,56,32,7,pre_aa_hdr_payload
2228.279552936554,1769648356.2645528,42.369351,-71.0193107,23.224,EA:43:5E:80:19:28,2819805e43ea1eff4c001219ff18db648d984d62b12d422a0685407807f83420d94c5102ff,-73753.05867244542,114842.75162011072,-212439.21339782787,99385.52953460783,-190591.5598320228,-55776.984913545646,449,600,504,510,2063,1,1,2,ADV_NONCONN_IND,37,37,4,-1,0,296232797,296233431,55,32,8,pre_aa_hdr_payload
2228.2888448238373,1769648356.2738447,42.369351,-71.0193107,23.224,FE:16:4E:22:6F:66,666f224e16fe1eff4c001219009520cb31c2ffdd08bffea9716cf7a132253200c6be3e0000,-54289.605731415264,165524.91371187277,-142975.32561369988,119214.23698274678,-126236.2665954044,-40101.36893723455,281,882,450,450,2063,1,1,2,ADV_NONCONN_IND,37,37,3,-1,0,296245287,296245921,55,32,8,pre_aa_hdr_payload
2230.1942253112793,1769648358.1792252,42.369351,-71.0193107,23.224,FB:E3:A3:2E:03:54,54032ea3e3fb1eff4c001219ff25974b8b6baa2e95618dc3b47b2686a6279472524af000ff,-57066.45471654669,130991.15552180748,-221597.75671341945,97767.13617640967,-184156.22543456327,-47320.575329981206,474,557,516,516,2063,1,1,2,ADV_NONCONN_IND,37,37,0,-1,0,296554660,296555294,56,31,8,pre_aa_hdr_payload
2230.568446159363,1769648358.553446,42.369351,-71.0193107,23.224,5B:3C:4E:CB:4D:27,274dcb4e3c5b0201021816aafe4033bc19a41c2f20a3dd1335b88f67ff7c8e9b1be2,-32507.502777542326,80396.44707865287,-185558.90115206531,115274.67456113291,-114830.50273976919,-15856.878832131286,461,492,480,486,1919,1,1,0,ADV_IND,34,37,4,-1,0,296650063,296650697,55,32,8,pre_aa_hdr_payload
2232.406372308731,1769648360.3913722,42.369351,-71.0193107,23.224,FE:16:4E:22:6F:66,666f224e16fe1eff4c001219009520cb31c2ffdd08bffea9716cf7a132253200c6be3e0000,-48081.81398282802,132394.95221337318,-218718.91404988142,136219.52309612662,-183737.92139477743,-36940.13109465477,497,558,504,504,2063,1,1,2,ADV_NONCONN_IND,37,37,1,-1,0,296992429,296993063,56,32,7,pre_aa_hdr_payload
2232.7324907779694,1769648360.7174907,42.369351,-71.0193107,23.224,CD:45:3F:6A:BB:1A,1abb6a3f45cd1eff4c001219003e6f00b75f316910c555cf4c1542bf3856d42f80eef50100,-71942.28302861677,61016.58580950637,-152182.86933196746,72480.94176521664,-161272.1729843385,-52107.271950700386,395,636,516,516,2063,1,1,2,ADV_NONCONN_IND,37,37,2,-1,0,297027209,297027843,56,31,8,pre_aa_hdr_payload
2234.453624486923,1769648362.4386244,42.369351,-71.0193107,23.224,5B:3C:4E:CB:4D:27,274dcb4e3c5b0201021816aafe4033bc19a41c2f20a3dd1335b88f67ff7c8e9b1be2,-31792.29303561551,126912.48386721057,-163712.40235544986,118850.41170823626,-178374.70846801647,-28786.366897114403,467,498,474,480,1919,1,1,0,ADV_IND,34,37,5,-1,0,297329857,297330491,55,32,8,pre_aa_hdr_payload
2236.1063828468323,1769648364.0913827,42.369351,-71.0193107,23.224,C1:83:DC:64:90:24,249064dc83c11eff4c001219ffe3289e83641653f3b66026ec0f9cafaea7db5f344c0401ff,-43907.65414441616,106068.2600259727,-178617.15672096476,79460.04473491044,-167603.33304605834,-40064.33350877672,497,516,522,528,2063,1,1,2,ADV_NONCONN_IND,37,37,1,-1,0,297576891,297577525,56,32,7,pre_aa_hdr_payload
2236.422949552536,1769648364.4079494,42.369351,-71.0193107,23.224,FE:16:4E:22:6F:66,666f224e16fe1eff4c001219009520cb31c2ffdd08bffea9716cf7a132253200c6be3e0000,-51158.22368175645,61537.80735925137,-168308.64901026437,130593.74677392107,-167064.639308359,-39829.48502117024,491,564,504,504,2063,1,1,2,ADV_NONCONN_IND,37,37,0,-1,0,297600176,297600811,56,32,7,pre_aa_hdr_payload
2236.8071422576904,1769648364.7921422,42.369351,-71.0193107,23.224,5B:3C:4E:CB:4D:27,274dcb4e3c5b0201021816aafe4033bc19a41c2f20a3dd1335b88f67ff7c8e9b1be2,-26017.738052297213,137126.1835650642,-190746.0124905801,119022.91796586053,-184981.8638807843,-25170.350672707114,467,480,486,486,1919,1,1,0,ADV_IND,34,37,5,-1,0,297710328,297710963,55,32,8,pre_aa_hdr_payload
2238.5375587940216,1769648366.5225587,42.369351,-71.0193107,23.224,5B:3C:4E:CB:4D:27,274dcb4e3c5b0201021816aafe4033bc19a41c2f20a3dd1335b88f67ff7c8e9b1be2,-28012.772278823817,155623.26842256152,-192408.05508960556,122097.04665918945,-156091.31106237214,-26856.994918090775,467,486,480,486,1919,1,1,0,ADV_IND,34,37,2,-1,0,298045288,298045922,56,32,8,pre_aa_hdr_payload
2242.169111728668,1769648370.1541116,42.369351,-71.0193107,23.224,FF:CD:64:BB:B1:C4,c4b1bb64cdff1eff4c001219ff2fe7b26a16d2bf4bab91eb6796a578509d88caede45a00ff,-62508.973570950024,105408.06463796803,-191829.17763990132,98392.97276653664,-193624.46997261333,-49437.67116324485,467,570,510,516,2063,1,1,2,ADV_NONCONN_IND,37,37,5,-1,0,298607629,298608264,55,32,8,pre_aa_hdr_payload
2242.186355829239,1769648370.1713557,42.369351,-71.0193107,23.224,FE:16:4E:22:6F:66,666f224e16fe1eff4c001219009520cb31c2ffdd08bffea9716cf7a132253200c6be3e0000,-40738.556643877666,107337.56592685443,-195727.51466643554,144015.45581772816,-194330.2771235242,-37859.310425403346,515,540,504,504,2063,1,1,2,ADV_NONCONN_IND,37,37,5,-1,0,298630807,298631442,55,32,8,pre_aa_hdr_payload
2243.121890068054,1769648371.10689,42.369351,-71.0193107,23.224,EA:DE:76:89:3B:BB,bb3b8976deea1eff4c0012190046c2b011e561206a40a85854aaf3ac9740ba7588c5960300,-56401.46109465548,95507.0403828975,-172288.04823211403,98453.9868847137,-176417.3977379485,-44653.188002426665,449,534,540,540,2063,1,1,2,ADV_NONCONN_IND,37,37,5,-1,0,298735715,298736349,55,32,8,pre_aa_hdr_payload
2244.309365749359,1769648372.2943656,42.369351,-71.0193107,23.224,FE:16:4E:22:6F:66,666f224e16fe1eff4c001219009520cb31c2ffdd08bffea9716cf7a132253200c6be3e0000,-50158.30533010946,51374.50371232038,-155731.36735686296,123854.86546320954,-156944.47049791028,-38977.18503084321,491,564,504,504,2063,1,1,2,ADV_NONCONN_IND,37,37,1,-1,0,298915489,298916123,56,32,8,pre_aa_hdr_payload
2244.342390060425,1769648372.32739,42.369351,-71.0193107,23.224,CD:45:3F:6A:BB:1A,1abb6a3f45cd1eff4c001219003e6f00b75f316910c555cf4c1542bf3856d42f80eef50100,-66093.7841326419,118911.91913830907,-222614.62424592295,114865.45120598521,-174318.17646770968,-52507.37242484432,437,570,528,528,2063,1,1,2,ADV_NONCONN_IND,37,37,0,-1,0,298959877,298960511,56,32,8,pre_aa_hdr_payload
2246.2601754665375,1769648374.2451754,42.369351,-71.0193107,23.224,D1:54:CA:4B:94:0F,0f944bca54d11eff4c001219ff2d99d176bb726251229b82ca11b6ddb4dcf1e781d4e102ff,-65116.28445402301,106456.07799791475,-205335.29823795723,91999.05425506282,-181923.30993287414,-51714.3451942482,443,546,534,540,2063,1,1,2,ADV_NONCONN_IND,37,37,5,-1,0,299237537,299238171,55,29,8,pre_aa_hdr_payload
2246.982915878296,1769648374.9679158,42.369351,-71.0193107,23.224,5B:3C:4E:CB:4D:27,274dcb4e3c5b0201021816aafe4033bc19a41c2f20a3dd1335b88f67ff7c8e9b1be2,-36677.47556769108,108881.04408050445,-136077.91416404687,93687.41844966509,-176393.61372641457,-30196.35759332251,467,486,480,486,1919,1,1,0,ADV_IND,34,37,3,-1,0,299397829,299398463,56,32,8,pre_aa_hdr_payload
2247.009021759033,1769648374.9940217,42.369351,-71.0193107,23.224,EA:DE:76:89:3B:BB,bb3b8976deea1eff4c0012190046c2b011e561206a40a85854aaf3ac9740ba7588c5960300,-60417.576758738775,82919.78003421745,-158506.84830957773,98280.9996550729,-164253.7274920488,-44503.058542066916,407,576,540,540,2063,1,1,2,ADV_NONCONN_IND,37,37,5,-1,0,299432919,299433554,55,32,8,pre_aa_hdr_payload
2248.0536975860596,1769648376.0386975,42.369351,-71.0193107,23.224,ED:32:D9:8E:B3:F0,f0b38ed932ed1eff4c001219ff37f879d890aed45d80efc75e591e43f845647812157b02ff,-65782.51960509333,106839.68068250279,-194418.7233763856,72356.20873587651,-172955.10608143857,-52868.97428025209,449,552,528,534,2063,1,1,2,ADV_NONCONN_IND,37,37,2,-1,0,299608929,299609563,56,32,8,pre_aa_hdr_payload
2248.4537210464478,1769648376.438721,42.369351,-71.0193107,23.224,FE:16:4E:22:6F:66,666f224e16fe1eff4c001219009520cb31c2ffdd08bffea9716cf7a132253200c6be3e0000,-43727.08813274378,103399.43413121048,-181159.31190536282,136986.90195992897,-183379.60596260606,-37816.801894934564,503,540,510,510,2063,1,1,2,ADV_NONCONN_IND,37,37,0,-1,0,299634174,299634808,56,32,8,pre_aa_hdr_payload
2248.4732723236084,1769648376.4582722,42.369351,-71.0193107,23.224,CD:45:3F:6A:BB:1A,1abb6a3f45cd1eff4c001219003e6f00b75f316910c555cf4c1542bf3856d42f80eef50100,-70388.7066961068,132000.6496200599,-233277.22378322302,115866.35387897342,-194951.99951194462,-52668.01077274897,455,564,522,522,2063,1,1,2,ADV_NONCONN_IND,37,37,5,-1,0,299660453,299661088,55,31,7,pre_aa_hdr_payload
2250.2689089775085,1769648378.2539089,42.369351,-71.0193107,23.224,F3:63:F7:DE:F8:49,49f8def763f31eff4c001219ff367e1340fc022a5df0175b50dad18a67ae9352de23bc01ff,-70342.74521474807,88591.79692392699,-178819.79683214772,86904.50260088504,-177978.15912956165,-52007.000230952144,461,588,504,510,2063,1,1,2,ADV_NONCONN_IND,37,37,2,-1,0,299845820,299846454,56,32,8,pre_aa_hdr_payload
2250.687121629715,1769648378.6721215,42.369351,-71.0193107,23.224,5B:3C:4E:CB:4D:27,274dcb4e3c5b0201021816aafe4033bc19a41c2f20a3dd1335b88f67ff7c8e9b1be2,-22760.643169124767,62765.556024565216,-113770.46375306763,56469.209241063225,-146734.3525105004,-10330.398041240182,449,528,468,474,1919,1,1,0,ADV_IND,34,37,2,-1,0,299953309,299953943,56,29,8,pre_aa_hdr_payload
2252.7711594104767,1769648380.7561593,42.369351,-71.0193107,23.224,5B:3C:4E:CB:4D:27,274dcb4e3c5b0201021816aafe4033bc19a41c2f20a3dd1335b88f67ff7c8e9b1be2,-32481.960715920362,155797.78501250924,-193664.30708145327,129537.08440709564,-189856.09203254705,-30635.91776368515,467,486,480,486,1919,1,1,0,ADV_IND,34,37,4,-1,0,300270287,300270922,55,32,8,pre_aa_hdr_payload
2253.1725635528564,1769648381.1575634,42.369351,-71.0193107,23.224,EA:DE:76:89:3B:BB,bb3b8976deea1eff4c0012190046c2b011e561206a40a85854aaf3ac9740ba7588c5960300,-51642.56591461052,158062.28371004446,-223432.29927414667,103140.10779488718,-180959.0906250292,-42952.81452410724,431,552,540,540,2063,1,1,2,ADV_NONCONN_IND,37,37,3,-1,0,300293356,300293990,55,32,8,pre_aa_hdr_payload
2253.9561553001404,1769648381.9411552,42.369351,-71.0193107,23.224,EF:E8:9E:04:31:7C,7c31049ee8ef1eff4c001219005e8e60736229d53954b2223367046228210fe077969c0000,-36243.70519389242,125753.71477108267,-204254.5395954207,97415.39654872366,-117646.16086900033,-26553.45684195381,509,534,510,510,2063,1,1,2,ADV_NONCONN_IND,37,37,5,-1,0,300461513,300462147,55,32,8,pre_aa_hdr_payload
2254.462591648102,1769648382.4475915,42.369351,-71.0193107,23.224,FE:16:4E:22:6F:66,666f224e16fe1eff4c001219009520cb31c2ffdd08bffea9716cf7a132253200c6be3e0000,-46590.854832584046,127883.90040520998,-217965.74223098758,136503.70964728115,-185549.56002794436,-38372.32310680226,509,546,504,504,2063,1,1,2,ADV_NONCONN_IND,37,37,5,-1,0,300495377,300496011,55,32,8,pre_aa_hdr_payload
2254.9311096668243,1769648382.9161096,42.369351,-71.0193107,23.224,EA:DE:76:89:3B:BB,bb3b8976deea1eff4c0012190046c2b011e561206a40a85854aaf3ac9740ba7588c5960300,-51423.46269492271,75051.33250554248,-141993.2225030516,84113.9316321095,-171695.707645383,-45216.38651416081,449,564,522,528,2063,1,1,2,ADV_NONCONN_IND,37,37,2,-1,0,300583115,300583749,56,30,7,pre_aa_hdr_payload
2256.067101955414,1769648384.0521019,42.369351,-71.0193107,23.224,ED:CC:D7:FF:F6:6D,6df6ffd7cced1eff4c001219ffbacdd30536f55643a4a78ceac0e8a81dc6ffdaf064bf00ff,-48343.80865613366,127987.89381121023,-209083.04513544697,90430.49251874264,-176364.74037804664,-42753.972622089794,473,528,528,534,2063,1,1,2,ADV_NONCONN_IND,37,37,5,-1,0,300783745,300784379,55,31,8,pre_aa_hdr_payload
2258.389897108078,1769648386.374897,42.369351,-71.0193107,23.224,F3:22:E2:7B:EA:62,62ea7be222f31eff4c001219ffb2ccaa1d826ace72da6a80ab62b0901f26eb525772f401ff,-21585.30812811707,120851.77079826615,-199942.18222361014,97593.72552880159,-169821.44973893525,-26141.222791505552,557,444,528,534,2063,1,1,2,ADV_NONCONN_IND,37,37,0,-1,0,301140395,301141029,56,31,8,pre_aa_hdr_payload
2259.930953502655,1769648387.9159534,42.369351,-71.0193107,23.224,D5:0F:71:5A:35:8F,8f355a710fd51eff4c001219ff7d131f0e5de013c9ec107483daee0cb9d54a27cad06a00ff,-80704.71138361454,128646.47964195802,-232094.41649637622,94899.7686191085,-175841.09598992715,-60778.189587663015,383,618,528,534,2063,1,1,2,ADV_NONCONN_IND,37,37,1,-1,0,301392186,301392821,56,32,8,pre_aa_hdr_payload
2260.409815788269,1769648388.3948157,42.369351,-71.0193107,23.224,FE:16:4E:22:6F:66,666f224e16fe1eff4c001219009520cb31c2ffdd08bffea9716cf7a132253200c6be3e0000,-42420.81445202153,105998.53094614681,-203033.19028649945,130727.30878866345,-170251.23302315635,-36837.63905319217,503,552,504,504,2063,1,1,2,ADV_NONCONN_IND,37,37,3,-1,0,301409150,301409785,55,32,8,pre_aa_hdr_payload
2262.320636034012,1769648390.305636,42.369351,-71.0193107,23.224,FE:16:4E:22:6F:66,666f224e16fe1eff4c001219009520cb31c2ffdd08bffea9716cf7a132253200c6be3e0000,-50566.981873451114,62798.93230756314,-149060.23616899224,112233.95283536907,-157820.75931522512,-33073.85359465912,491,576,498,498,2063,1,1,2,ADV_NONCONN_IND,37,37,0,-1,0,301692558,301693192,56,31,8,pre_aa_hdr_payload
2264.231654882431,1769648392.2166548,42.369351,-71.0193107,23.224,F2:CD:DA:38:E0:5D,5de038dacdf21eff4c001219ff2e987b6d62908dc9e44be88fcfaa8bd2063358e8d14900ff,-59726.16951462707,110600.96509340778,-193093.67585359712,81045.09752895581,-180305.32470522358,-51293.13964056328,455,546,528,534,2063,1,1,2,ADV_NONCONN_IND,37,37,0,-1,0,301948007,301948641,56,32,8,pre_aa_hdr_payload
2264.244174718857,1769648392.2291746,42.369351,-71.0193107,23.224,FE:16:4E:22:6F:66,666f224e16fe1eff4c001219009520cb31c2ffdd08bffea9716cf7a132253200c6be3e0000,-45427.840812527276,116657.49111109467,-204647.05007661425,138578.79843255813,-178432.5535994003,-38805.80453557678,503,552,504,504,2063,1,1,2,ADV_NONCONN_IND,37,37,5,-1,0,301964835,301965469,55,32,8,pre_aa_hdr_payload
2266.1469662189484,1769648394.131966,42.369351,-71.0193107,23.224,D1:DB:3A:E7:97:1C,1c97e73adbd11eff4c001219fff41a7e5f69484e1a04200347e0f7328786362129717400ff,-91755.772492964,59649.09975246041,-167198.6292025332,74823.36018402682,-187268.539228042,-67435.09110201722,377,624,528,534,2063,1,1,2,ADV_NONCONN_IND,37,37,2,-1,0,302203848,302204483,56,32,8,pre_aa_hdr_payload
2266.16535615921,1769648394.150356,42.369351,-71.0193107,23.224,FE:16:4E:22:6F:66,666f224e16fe1eff4c001219009520cb31c2ffdd08bffea9716cf7a132253200c6be3e0000,-37927.321925091936,129852.44337653522,-221482.21467708878,128674.32191199048,-181380.2237550035,-31436.436298732122,503,528,516,516,2063,1,1,2,ADV_NONCONN_IND,37,37,4,-1,0,302228567,302229202,55,32,8,pre_aa_hdr_payload
2266.5618181228638,1769648394.546818,42.369351,-71.0193107,23.224,CD:45:3F:6A:BB:1A,1abb6a3f45cd1eff4c001219003e6f00b75f316910c555cf4c1542bf3856d42f80eef50100,-65012.1881020478,71035.71188326862,-177173.39512433906,89655.38089539965,-146827.15839953467,-49915.695236987645,449,570,522,522,2063,1,1,2,ADV_NONCONN_IND,37,37,1,-1,0,302282626,302283261,56,32,8,pre_aa_hdr_payload
2267.128829717636,1769648395.1138296,42.369351,-71.0193107,23.224,5B:3C:4E:CB:4D:27,274dcb4e3c5b0201021816aafe4033bc19a41c2f20a3dd1335b88f67ff7c8e9b1be2,-28379.309756574516,159735.28648123218,-178800.91905589838,125678.50896516463,-187606.77408843744,-27161.545426805013,467,486,480,486,1919,1,1,0,ADV_IND,34,37,5,-1,0,302353555,302354189,55,32,8,pre_aa_hdr_payload
2268.0229082107544,1769648396.007908,42.369351,-71.0193107,23.224,EA:DE:76:89:3B:BB,bb3b8976deea1eff4c0012190046c2b011e561206a40a85854aaf3ac9740ba7588c5960300,-60378.90081250562,80527.15748119548,-164251.3080428642,105399.49958226735,-136529.61158680165,-37567.77038922411,455,540,534,534,2063,1,1,2,ADV_NONCONN_IND,37,37,2,-1,0,302468602,302469237,56,32,8,pre_aa_hdr_payload
2269.8547410964966,1769648397.839741,42.369351,-71.0193107,23.224,EA:DE:76:89:3B:BB,bb3b8976deea1eff4c0012190046c2b011e561206a40a85854aaf3ac9740ba7588c5960300,-56145.95865846127,113689.02606937401,-187348.18810155225,102640.45434201923,-174024.910695587,-43888.58877441928,443,540,540,540,2063,1,1,2,ADV_NONCONN_IND,37,37,1,-1,0,302760092,302760726,56,32,8,pre_aa_hdr_payload
2272.0209155082703,1769648400.0059154,42.369351,-71.0193107,23.224,F0:4D:A5:2C:41:34,34412ca54df01eff4c001219ff429f3fcf2fb3c0a29485221c509636406ed17a1246d400ff,-53489.70875843378,119819.55430149286,-212098.7499600613,103151.23712877011,-185793.78257687244,-45148.485085964596,521,564,486,492,2063,1,1,2,ADV_NONCONN_IND,37,37,0,-1,0,303083975,303084609,56,32,8,pre_aa_hdr_payload
2274.11607670784,1769648402.1010766,42.369351,-71.0193107,23.224,EA:DE:76:89:3B:BB,bb3b8976deea1eff4c0012190046c2b011e561206a40a85854aaf3ac9740ba7588c5960300,-54866.21955122624,125632.15226602039,-202940.40075253168,90122.81764281323,-185030.0310141309,-40247.54577774246,449,546,534,534,2063,1,1,2,ADV_NONCONN_IND,37,37,0,-1,0,303390366,303391000,56,32,8,pre_aa_hdr_payload
2274.1397280693054,1769648402.124728,42.369351,-71.0193107,23.224,FE:16:4E:22:6F:66,666f224e16fe1eff4c001219009520cb31c2ffdd08bffea9716cf7a132253200c6be3e0000,-46746.938884913485,89664.70889963619,-185687.48035836066,135449.32622335103,-180591.02508771085,-39263.26715513292,503,552,504,504,2063,1,1,2,ADV_NONCONN_IND,37,37,0,-1,0,303422156,303422790,56,32,8,pre_aa_hdr_payload
2274.6081244945526,1769648402.5931244,42.369351,-71.0193107,23.224,CD:45:3F:6A:BB:1A,1abb6a3f45cd1eff4c001219003e6f00b75f316910c555cf4c1542bf3856d42f80eef50100,-61673.76950025294,113098.38550088374,-219520.686072322,104024.22934172454,-192215.28093280047,-58501.81687336595,443,576,522,522,2063,1,1,2,ADV_NONCONN_IND,37,37,1,-1,0,303455966,303456600,56,32,8,pre_aa_hdr_payload
2276.2427430152893,1769648404.227743,42.369351,-71.0193107,23.224,EA:DE:76:89:3B:BB,bb3b8976deea1eff4c0012190046c2b011e561206a40a85854aaf3ac9740ba7588c5960300,-57516.86300430161,117937.61717018054,-189734.30942944367,111512.74240243367,-183754.32234473398,-42123.54498399352,449,534,540,540,2063,1,1,2,ADV_NONCONN_IND,37,37,5,-1,0,303634588,303635222,55,32,8,pre_aa_hdr_payload
2278.2893130779266,1769648406.274313,42.369351,-71.0193107,23.224,EA:DE:76:89:3B:BB,bb3b8976deea1eff4c0012190046c2b011e561206a40a85854aaf3ac9740ba7588c5960300,-57730.70128649631,150505.67037647357,-206643.2650809558,109745.3073124876,-189046.29297441928,-44578.73051196671,437,546,540,540,2063,1,1,2,ADV_NONCONN_IND,37,37,0,-1,0,303830618,303831252,56,32,8,pre_aa_hdr_payload
2280.104074716568,1769648408.0890746,42.369351,-71.0193107,23.224,CD:75:8A:A1:A3:F2,f2a3a18a75cd1eff4c001219ff6ea753d1affdadfe807ddf449da4d20d1ded7af4576c00ff,-101049.07730199647,121091.58552544792,-232076.5322420894,96176.36565538112,-189194.34525872295,-70265.00147462674,425,648,492,498,2063,1,1,2,ADV_NONCONN_IND,37,37,4,-1,0,304056476,304057111,55,29,7,pre_aa_hdr_payload
2282.1924402713776,1769648410.1774402,42.369351,-71.0193107,23.224,F8:A1:62:FC:4B:90,904bfc62a1f81eff4c001219ff53969940138230e655949e562a5571e4fe41460f364000ff,-60105.55094968782,104201.9132036975,-195643.74408541687,89275.11369523755,-172524.43555627583,-49610.72144513926,491,570,498,504,2063,1,1,2,ADV_NONCONN_IND,37,37,4,-1,0,304298951,304299585,55,32,8,pre_aa_hdr_payload
2282.548615217209,1769648410.533615,42.369351,-71.0193107,23.224,CD:45:3F:6A:BB:1A,1abb6a3f45cd1eff4c001219003e6f00b75f316910c555cf4c1542bf3856d42f80eef50100,-68642.52614349427,59027.45272162623,-160393.42907511795,79583.18579392988,-155541.43313774726,-59733.54238979704,401,642,510,510,2063,1,1,2,ADV_NONCONN_IND,37,37,0,-1,0,304375473,304376108,56,32,7,pre_aa_hdr_payload
2284.010673046112,1769648411.995673,42.369351,-71.0193107,23.224,EA:DE:76:89:3B:BB,bb3b8976deea1eff4c0012190046c2b011e561206a40a85854aaf3ac9740ba7588c5960300,-53676.069758738784,99439.61985544511,-172905.83811558032,108043.99697044083,-189599.20130531018,-43580.96646213228,449,534,540,540,2063,1,1,2,ADV_NONCONN_IND,37,37,5,-1,0,304645760,304646394,55,32,8,pre_aa_hdr_payload
2284.0254306793213,1769648412.0104306,42.369351,-71.0193107,23.224,E8:AD:F5:B1:F0:9A,9af0b1f5ade81eff4c001219ff5c90510f7abe261d9536c242150b5eb34274c085564101ff,-50576.19907145425,159580.2579693292,-158476.04651500258,96928.56606636927,-148510.84133723876,-43065.42994992435,353,768,468,474,2063,1,1,2,ADV_NONCONN_IND,37,37,0,-1,0,304665596,304666230,56,32,8,pre_aa_hdr_payload
2284.411458015442,1769648412.396458,42.369351,-71.0193107,23.224,FE:16:4E:22:6F:66,666f224e16fe1eff4c001219009520cb31c2ffdd08bffea9716cf7a132253200c6be3e0000,-50372.51713827496,140378.37098080874,-189484.8476773119,127752.55332682253,-185035.5738965665,-40900.78892500694,503,552,504,504,2063,1,1,2,ADV_NONCONN_IND,37,37,4,-1,0,304681437,304682072,55,32,8,pre_aa_hdr_payload
2286.1115095615387,1769648414.0965095,42.369351,-71.0193107,23.224,EA:DE:76:89:3B:BB,bb3b8976deea1eff4c0012190046c2b011e561206a40a85854aaf3ac9740ba7588c5960300,-56773.73842149073,95604.59650093611,-172400.91732904417,98205.86780487736,-182605.96305863193,-39633.15184311852,449,534,540,540,2063,1,1,2,ADV_NONCONN_IND,37,37,0,-1,0,304953059,304953693,56,32,8,pre_aa_hdr_payload
2287.9363207817078,1769648415.9213207,42.369351,-71.0193107,23.224,EA:DE:76:89:3B:BB,bb3b8976deea1eff4c0012190046c2b011e561206a40a85854aaf3ac9740ba7588c5960300,-47966.408687413226,133259.77604219265,-216387.25742945026,115435.82788445332,-185871.4517579626,-34082.8385802606,455,528,540,540,2063,1,1,2,ADV_NONCONN_IND,37,37,0,-1,0,305314087,305314722,56,32,8,pre_aa_hdr_payload
2288.350038290024,1769648416.3350382,42.369351,-71.0193107,23.224,FE:16:4E:22:6F:66,666f224e16fe1eff4c001219009520cb31c2ffdd08bffea9716cf7a132253200c6be3e0000,-49722.983934184456,121491.14065930781,-214650.84920756877,119013.82987332565,-177677.12746334323,-40998.44099729724,497,558,504,504,2063,1,1,2,ADV_NONCONN_IND,37,37,5,-1,0,305355050,305355685,55,32,8,pre_aa_hdr_payload
2290.02081990242,1769648418.0058198,42.369351,-71.0193107,23.224,E4:A4:1E:87:0B:55,550b871ea4e41eff4c001219ff9b002b3ffef2aa6c1c9fadd4726bad7c907a4212c75d02ff,-55612.73432689586,115632.81517437106,-202619.70505860553,84732.85084207584,-170085.58778273463,-46543.5389509963,461,516,540,546,2063,1,1,2,ADV_NONCONN_IND,37,37,1,-1,0,305631685,305632319,56,32,8,pre_aa_hdr_payload
2291.4507789611816,1769648419.4357789,42.3689379,-71.0195093,26.377,5B:3C:4E:CB:4D:27,274dcb4e3c5b0201021816aafe4033bc19a41c2f20a3dd1335b88f67ff7c8e9b1be2,-32982.129777765535,147255.69836963987,-209448.48816305702,115318.62107236059,-165470.7481166131,-31534.049376262927,467,486,480,486,1919,1,1,0,ADV_IND,34,37,3,-1,0,305897807,305898442,55,32,8,pre_aa_hdr_payload
2292.160756111145,1769648420.145756,42.3689443,-71.0195132,26.208,F3:84:CC:41:5F:37,375f41cc84f31eff4c001219ff89719165787e284c1a24ceb98094d31779720e4caeaa02ff,-87089.60780321147,124587.20553292114,-223075.62821051388,93857.17511853637,-190466.02143650904,-64031.848238710576,437,636,492,498,2063,1,1,2,ADV_NONCONN_IND,37,37,5,-1,0,306023472,306024106,55,32,8,pre_aa_hdr_payload
2292.467803955078,1769648420.4528039,42.3689443,-71.0195132,26.208,FE:16:4E:22:6F:66,666f224e16fe1eff4c001219009520cb31c2ffdd08bffea9716cf7a132253200c6be3e0000,-48931.55710726452,132360.59440075033,-218304.56454957486,131362.9274011912,-179936.1178233021,-44129.748201098475,497,570,498,498,2063,1,1,2,ADV_NONCONN_IND,37,37,4,-1,0,306075631,306076265,55,32,8,pre_aa_hdr_payload
2294.3350393772125,1769648422.3200393,42.3689515,-71.0195289,26.1,FC:E3:B7:DF:1F:9C,9c1fdfb7e3fc1eff4c001219ffb4042aab4eb593318e7fa4530bc3447ec2be598ef76603ff,-52048.86612129987,111176.41211999227,-196850.32103808873,82317.10366350303,-174276.5194239263,-46397.56988019863,515,534,504,510,2063,1,1,2,ADV_NONCONN_IND,37,37,0,-1,0,306382122,306382756,56,32,8,pre_aa_hdr_payload
2294.951387166977,1769648422.936387,42.3689515,-71.0195289,26.1,CD:45:3F:6A:BB:1A,1abb6a3f45cd1eff4c001219003e6f00b75f316910c555cf4c1542bf3856d42f80eef50100,-58540.462902496976,126213.51529759481,-193491.0520507374,32382.580958051945,-156651.66573563742,-16704.59258411961,449,570,522,522,2063,1,1,2,ADV_NONCONN_IND,37,37,0,-1,0,306446781,306447415,56,32,7,pre_aa_hdr_payload
2295.404627561569,1769648423.3896275,42.3689531,-71.0195384,25.936,5B:3C:4E:CB:4D:27,274dcb4e3c5b0201021816aafe4033bc19a41c2f20a3dd1335b88f67ff7c8e9b1be2,-34221.96919653929,148284.12816122224,-183158.2388068445,120748.13423673421,-185156.7991356075,-31020.30550401725,461,492,480,486,1919,1,1,0,ADV_IND,34,37,1,-1,0,306570436,306571071,56,32,8,pre_aa_hdr_payload
2300.013019800186,1769648427.9980197,42.3689191,-71.0195448,25.094,5B:3C:4E:CB:4D:27,274dcb4e3c5b0201021816aafe4033bc19a41c2f20a3dd1335b88f67ff7c8e9b1be2,-21217.76568763542,170875.1523848387,-201313.37452592116,100257.8349205469,-93430.53455151035,-18812.75500919209,473,468,486,492,1919,1,1,0,ADV_IND,34,37,1,-1,0,307318417,307319051,56,29,8,pre_aa_hdr_payload
2302.1876771450043,1769648430.172677,42.368933,-71.0195617,23.604,EA:DE:76:89:3B:BB,bb3b8976deea1eff4c0012190046c2b011e561206a40a85854aaf3ac9740ba7588c5960300,-50691.892515475076,75735.54622926032,-136231.3331630165,76729.17936636024,-156118.69448649778,-32353.332808642783,438,539,546,540,2063,1,1,2,ADV_NONCONN_IND,37,37,3,-1,0,307713861,307714496,55,32,7,pre_aa_hdr_payload
2302.5032289028168,1769648430.4882288,42.368933,-71.0195617,23.604,FE:16:4E:22:6F:66,666f224e16fe1eff4c001219009520cb31c2ffdd08bffea9716cf7a132253200c6be3e0000,-45924.644583245106,103318.07795092404,-196016.95466546496,137472.54615160514,-170108.51386011302,-35330.742362821235,497,570,498,498,2063,1,1,2,ADV_NONCONN_IND,37,37,5,-1,0,307777450,307778084,55,31,8,pre_aa_hdr_payload
2302.8474752902985,1769648430.8324752,42.368933,-71.0195617,23.604,CD:45:3F:6A:BB:1A,1abb6a3f45cd1eff4c001219003e6f00b75f316910c555cf4c1542bf3856d42f80eef50100,-63678.92805928318,129696.2124650021,-226641.28799527074,115971.85962857216,-194316.5593352443,-49785.022137784414,461,570,516,516,2063,1,1,2,ADV_NONCONN_IND,37,37,5,-1,0,307840629,307841264,55,32,8,pre_aa_hdr_payload
2304.3051121234894,1769648432.290112,42.3689419,-71.0195884,23.529,EA:DE:76:89:3B:BB,bb3b8976deea1eff4c0012190046c2b011e561206a40a85854aaf3ac9740ba7588c5960300,-53314.38278252311,132883.53895224005,-215954.50648596435,113271.06123523366,-190967.7150097408,-44772.061321112335,455,528,540,540,2063,1,1,2,ADV_NONCONN_IND,37,37,2,-1,0,308090187,308090821,56,32,8,pre_aa_hdr_payload
2304.3365857601166,1769648432.3215857,42.3689419,-71.0195884,23.529,FE:16:4E:22:6F:66,666f224e16fe1eff4c001219009520cb31c2ffdd08bffea9716cf7a132253200c6be3e0000,-41218.850566686364,114292.71212454353,-205365.509451857,144234.54621388394,-181436.13804525166,-31048.439798718395,491,552,510,510,2063,1,1,2,ADV_NONCONN_IND,37,37,2,-1,0,308132491,308133126,56,29,8,pre_aa_hdr_payload
2306.1024248600006,1769648434.0874248,42.3689554,-71.0195907,23.626,EA:DE:76:89:3B:BB,bb3b8976deea1eff4c0012190046c2b011e561206a40a85854aaf3ac9740ba7588c5960300,-59491.47425370123,107069.60633305066,-198001.39859931052,117298.16141772029,-190607.23546520283,-52226.16118666117,443,552,534,534,2063,1,1,2,ADV_NONCONN_IND,37,37,2,-1,0,308476084,308476718,56,32,8,pre_aa_hdr_payload
2309.8968665599823,1769648437.8818665,42.3690002,-71.019578,24.021,5B:3C:4E:CB:4D:27,274dcb4e3c5b0201021816aafe4033bc19a41c2f20a3dd1335b88f67ff7c8e9b1be2,-32786.483989043634,95950.83167103297,-197617.6772515269,125677.13682767702,-191532.1230769541,-31016.851942928348,479,486,474,480,1919,1,1,0,ADV_IND,34,37,0,-1,0,309097092,309097727,56,31,8,pre_aa_hdr_payload
2310.242762565613,1769648438.2277625,42.3690258,-71.0195815,24.136,E7:7A:E2:A4:D3:B7,b7d3a4e27ae71eff4c001219ff3538ee707686123a53198444785f10d0a767ce27e70100ff,-37801.85633019708,111953.8598281314,-185065.95668375428,101029.25632520331,-184637.702554592,-27360.2334584575,515,510,516,522,2063,1,1,2,ADV_NONCONN_IND,37,37,1,-1,0,309161143,309161777,56,32,8,pre_aa_hdr_payload
2310.631402492523,1769648438.6164024,42.3690258,-71.0195815,24.136,DF:A5:61:3B:4F:42,424f3b61a5df1eff4c00121900ad1ee8838d311bd55a773241a6096b8be3fe34e018d10200,-20729.969228899048,130780.1799579561,-190172.5637532825,113338.41754769633,-181822.55095816936,-24550.84892624611,539,504,510,510,2063,1,1,2,ADV_NONCONN_IND,37,37,5,-1,0,309212755,309213390,55,32,8,pre_aa_hdr_payload
2312.1866106987,1769648440.1716106,42.3690653,-71.0195845,24.539,C9:67:20:7B:E1:35,35e17b2067c91eff4c001219ff12369e1a7c652dce4f439b8fb86d3f324aff3b333bb603ff,-78718.86945335969,125068.27702291615,-207801.63948184173,98247.13376106418,-195297.0796191044,-59123.12225420497,467,642,474,480,2063,1,1,2,ADV_NONCONN_IND,37,37,5,-1,0,309526254,309526889,55,32,8,pre_aa_hdr_payload
2314.5451991558075,1769648442.530199,42.3691339,-71.0196261,25.066,EA:DE:76:89:3B:BB,bb3b8976deea1eff4c0012190046c2b011e561206a40a85854aaf3ac9740ba7588c5960300,-58412.93757867745,117849.33009701136,-89854.10226505333,120639.4145344445,-188715.39174783955,-44152.15954853353,455,528,540,540,2063,1,1,2,ADV_NONCONN_IND,37,37,4,-1,0,309806338,309806973,55,32,8,pre_aa_hdr_payload
2318.7299864292145,1769648446.7149863,42.3692291,-71.0196643,27.36,EF:04:A5:0F:31:62,62310fa504ef1eff4c001219ffc528a001d1c5d8e62990ff4bd7bfb7771e639a22cf3500ff,-55180.312203982256,128609.83340454228,-192108.83649130896,75781.09079152335,-161649.41181791676,-40008.96990717006,437,552,534,540,2063,1,1,2,ADV_NONCONN_IND,37,37,4,-1,0,309973415,309974049,55,30,8,pre_aa_hdr_payload
2322.7216188907623,1769648450.7066188,42.3693256,-71.019744,30.545,5B:3C:4E:CB:4D:27,274dcb4e3c5b0201021816aafe4033bc19a41c2f20a3dd1335b88f67ff7c8e9b1be2,-30751.87379656378,172798.28860033787,-200333.6533674241,126609.68919010441,-183604.1815767271,-25830.683494979057,467,486,480,486,1919,1,1,0,ADV_IND,34,37,0,-1,0,310197429,310198064,56,32,8,pre_aa_hdr_payload
2324.1675083637238,1769648452.1525083,42.3693491,-71.0197576,30.9,FE:DE:B1:11:ED:06,06ed11b1defe1eff4c001219ff9db659ed1595b77e46d27bad7ed0595124d344c0122002ff,-54181.76700495172,119455.29734200035,-200168.30931751683,88488.73349036595,-168984.67505555457,-43016.98797224598,455,534,534,540,2063,1,1,2,ADV_NONCONN_IND,37,37,0,-1,0,310466146,310466780,56,32,8,pre_aa_hdr_payload
2332.4005947113037,1769648460.3855946,42.3693965,-71.0197734,28.504,F3:6A:17:33:C9:83,83c933176af31eff4c001219ff1c94a836b4014397784dc365e43d69d1a3121f7b7b9f01ff,-40456.20302646861,143856.15402045267,-224282.57568784486,86897.51851291736,-174988.06583308056,-38368.16371278274,509,516,516,522,2063,1,1,2,ADV_NONCONN_IND,37,37,4,-1,0,311252694,311253328,55,32,8,pre_aa_hdr_payload
2338.337281703949,1769648466.3222816,42.3693846,-71.0197597,12.631,E7:1F:21:36:60:87,876036211fe71eff4c001219ff9479ff7eb668134ef0cd88518eecc05080ecb844564803ff,-69087.93985541112,157895.8607415945,-146961.14093115626,108448.25424451112,-149465.328755932,-51509.6884276821,324,935,402,402,2063,1,1,2,ADV_NONCONN_IND,37,37,5,-1,0,311927795,311928429,55,32,8,pre_aa_hdr_payload
2338.341986656189,1769648466.3269866,42.3693846,-71.0197597,12.631,5B:3C:4E:CB:4D:27,274dcb4e3c5b0201021816aafe4033bc19a41c2f20a3dd1335b88f67ff7c8e9b1be2,-27516.962798666344,136913.14141409955,-161087.3606496643,120990.9478629836,-184684.40799637663,-27811.225408916434,467,486,480,486,1919,1,1,0,ADV_IND,34,37,0,-1,0,311934118,311934753,56,32,7,pre_aa_hdr_payload
2344.250180244446,1769648472.2351801,42.3694367,-71.0197048,12.361,ED:84:0B:A0:7A:D3,d37aa00b84ed1eff4c0012190026b783802a59c43ec1896bb78df5f3bc2515de524d980300,-65289.33725759712,89105.10220165686,-160149.08542426626,91877.75039982657,-141540.1417833132,-48364.4506097906,389,642,516,516,2063,1,1,2,ADV_NONCONN_IND,37,37,5,-1,0,312695273,312695908,55,32,8,pre_aa_hdr_payload
2348.4675312042236,1769648476.452531,42.3694807,-71.019692,13.405,EF:27:A8:CE:AE:57,57aecea827ef1eff4c001219ffb0ea57d4ef674fca9903779d6a081b3c42aed654650600ff,-55185.65896144992,145005.10787222825,-122192.92030315878,107841.27092107282,-181993.79376358795,-34904.14335655433,521,636,450,456,2063,1,1,2,ADV_NONCONN_IND,37,37,1,-1,0,313248259,313248893,56,32,8,pre_aa_hdr_payload
2352.6161613464355,1769648480.6011612,42.3694986,-71.0196953,13.767,CE:F5:42:B3:28:17,1728b342f5ce1eff4c0012190079e41a53d8c26e8c83bbb6785f0b238f108d1ae2fa8e0000,-17482.353011909294,30937.860142327852,-179196.12978879033,47128.472859495945,-170100.39564316114,2284.157791989199,533,546,492,492,2063,1,1,2,ADV_NONCONN_IND,37,37,1,-1,0,313774738,313775372,56,29,8,pre_aa_hdr_payload
2358.4179356098175,1769648486.4029355,42.3694986,-71.0196953,13.767,C2:25:B4:04:9E:EE,ee9e04b425c21eff4c001219ffa3f7c4297154b415a86ea2bc870d241c436c955bcff501ff,-46216.16559519452,130349.84847579316,-227152.13904822452,96421.42077787044,-172559.18461051304,-47324.33700404577,545,552,480,486,2063,1,1,2,ADV_NONCONN_IND,37,37,0,-1,0,314540705,314541340,56,28,8,pre_aa_hdr_payload
2370.402439594269,1769648498.3874395,42.3694986,-71.0196953,13.767,5B:3C:4E:CB:4D:27,274dcb4e3c5b0201021816aafe4033bc19a41c2f20a3dd1335b88f67ff7c8e9b1be2,-29715.540220154508,139386.39319481692,-160989.68214240044,53111.24652832929,-130523.50986585037,-25353.454257796697,461,492,480,486,1919,1,1,0,ADV_IND,34,37,5,-1,0,316276233,316276868,55,32,8,pre_aa_hdr_payload
2374.0922203063965,1769648502.0772202,42.3694986,-71.0196953,13.767,CD:E3:95:57:CD:41,41cd5795e3cd1eff4c001219ff6d671c32ae0a75be4251cf55269d332b10667bcc02cf00ff,-45151.595234088265,107518.36490371345,-198370.79856747124,90303.00557901042,-152561.82399154894,-40645.558145968054,485,516,528,534,2063,1,1,2,ADV_NONCONN_IND,37,37,4,-1,0,316640929,316641563,55,30,8,pre_aa_hdr_payload
2391.8928577899933,1769648519.8778577,42.3694986,-71.0196953,13.767,C4:B8:F1:A0:99:DE,de99a0f1b8c41eff4c001219ffb05f1c345d2983b50adb340440941ac75f3f776addb303ff,-66272.19436585427,79783.2512571054,-148205.82495049594,78684.73639858421,-151526.05609031126,-59840.8702860107,359,768,468,468,2063,1,1,2,ADV_NONCONN_IND,37,37,1,-1,0,318175994,318176629,56,32,8,pre_aa_hdr_payload
2402.091175556183,1769648530.0761755,42.3694986,-71.0196953,13.767,E5:65:A4:C5:A0:63,63a0c5a465e50201060303edfe0d16edfe02006d520ed62acc4a4c,-15379.419583285777,55424.278797935905,-142223.88969730076,66798.10753422506,-167029.76667138562,-28699.91885469698,420,359,402,402,1583,1,1,0,ADV_IND,27,37,0,-1,0,319553696,319554331,56,30,8,pre_aa_hdr_payload
2403.470004796982,1769648531.4550047,42.3694986,-71.0196953,13.767,E5:65:A4:C5:A0:63,63a0c5a465e50201060303edfe0d16edfe02006d520ed62acc4a4c,-538.9162114665073,163219.56952339216,-189728.30628971086,111097.66046033565,-160626.941015366,2703.0745533068634,419,342,408,414,1583,1,1,0,ADV_IND,27,37,1,-1,0,319809216,319809850,56,32,8,pre_aa_hdr_payload
2404.0070843696594,1769648531.9920843,42.3694986,-71.0196953,13.767,C0:66:15:44:11:79,7911441566c01eff4c001219ffd3b42d31788a6f4413162a0d23f23a18f23c9760f5c602ff,-34143.95207210596,121379.47543884396,-202957.41063740736,102580.43472460729,-181942.00474645966,-34558.45944823727,563,510,492,498,2063,1,1,2,ADV_NONCONN_IND,37,37,5,-1,0,319861418,319862052,55,32,8,pre_aa_hdr_payload
2406.6276586055756,1769648534.6126585,42.3694986,-71.0196953,13.767,D9:D6:40:72:EC:19,19ec7240d6d91eff4c001219ff61e89b91d37cfc1c0d2b5c174a90031e044f0ed90ab303ff,-75574.1578626288,110621.44637608549,-203424.43913381052,91099.43074743418,-179535.10113173717,-52629.94632925682,437,600,510,516,2063,1,1,2,ADV_NONCONN_IND,37,37,1,-1,0,320144170,320144804,56,32,8,pre_aa_hdr_payload
2408.4126484394073,1769648536.3976483,42.3694986,-71.0196953,13.767,F8:DD:6E:0E:E9:C2,c2e90e6eddf81eff4c001219ff25e4113c1d0bfbd4377544b035174c2814c306a1bcdf03ff,-73946.28899322284,97585.1086046621,-158929.24451277958,83389.55920871554,-143573.8354670029,-52176.53889122755,359,762,468,474,2063,1,1,2,ADV_NONCONN_IND,37,37,4,-1,0,320350173,320350807,55,32,8,pre_aa_hdr_payload
2410.5824513435364,1769648538.5674512,42.3694986,-71.0196953,13.767,C3:AE:8A:D5:E6:AD,ade6d58aaec31eff4c001219ff1cf0962b85311db3c55d8eda3158eae682db4bf9a53402ff,-99904.6221866029,130973.58150583447,-226279.18756003672,90693.81540119406,-189668.87354898461,-68103.7318246521,413,672,486,492,2063,1,1,2,ADV_NONCONN_IND,37,37,4,-1,0,320491733,320492367,55,32,8,pre_aa_hdr_payload
2425.853637456894,1769648553.8386374,42.3694986,-71.0196953,13.767,FF:29:51:BF:F8:E6,e6f8bf5129ff1eff4c00121900e52ecc6da888fec4fe42aa17c9c453634767469047a20000,-47594.72188735086,36520.2512382056,-149351.66070406005,124927.15976082374,-156415.96449271924,-14543.701041295208,461,618,492,492,2063,1,1,2,ADV_NONCONN_IND,37,37,0,-1,0,322401936,322402570,56,30,8,pre_aa_hdr_payload
2427.7341594696045,1769648555.7191594,42.3694986,-71.0196953,13.767,4B:A6:D3:1F:5D:3D,3d5d1fd3a64b02010403025afd17165afd12e4fb02f47e5a6e0b928e17a20000000fe0af1f,-41728.48584384854,159353.8329179847,-188098.30248180483,118665.00806293687,-193703.50628700934,-42329.995954825135,473,534,528,528,2063,1,1,0,ADV_IND,37,37,0,-1,0,322600590,322601224,56,30,8,pre_aa_hdr_payload
2432.738632917404,1769648560.7236328,42.3694986,-71.0196953,13.767,E5:F2:E2:AB:1E:E7,e71eabe2f2e51eff4c001219ffc4c6708ce3049a9673f4b272289c43ad60f598d6214801ff,-38214.673675729246,115766.76357524049,-123561.79511454151,108328.06675359626,-134967.756619503,-39203.43921016325,359,858,420,426,2063,1,1,2,ADV_NONCONN_IND,37,37,4,-1,0,323295240,323295874,55,32,8,pre_aa_hdr_payload
2444.721202135086,1769648572.706202,42.3694986,-71.0196953,13.767,E7:77:06:82:FE:6A,6afe820677e71eff4c001219ff206269eb0a54a3f72b2c0460b0713fb7f5c308d852e803ff,-40390.640325118635,112555.26541294358,-198015.82971158368,108786.17286314958,-170191.49378962663,-33337.25813745019,533,540,492,498,2063,1,1,2,ADV_NONCONN_IND,37,37,4,-1,0,324804677,324805311,55,32,8,pre_aa_hdr_payload
2453.9026293754578,1769648581.8876293,42.3694986,-71.0196953,13.767,E4:1B:CF:AE:72:BC,bc72aecf1be41eff4c001219ff491d1125df487c6099783115a8affd4f914ae13294f300ff,-72041.75477333451,131544.04314358387,-132259.43833394794,111264.18900372909,-156819.80728242887,-51177.925856519854,335,894,414,420,2063,1,1,2,ADV_NONCONN_IND,37,37,0,-1,0,325581256,325581890,56,32,8,pre_aa_hdr_payload
2466.2214295864105,1769648594.2064295,42.3694986,-71.0196953,13.767,E0:E7:9F:AB:12:E3,e312ab9fe7e01eff4c001219ffa19d2d686c9942df69c82f4acb8a56b3a8474d81821c03ff,-60975.40400091387,99619.37041532842,-188561.16676556558,83210.82873935341,-154071.74066464056,-50710.43252316826,449,540,534,540,2063,1,1,2,ADV_NONCONN_IND,37,37,2,-1,0,327306104,327306738,56,32,8,pre_aa_hdr_payload
2470.292986392975,1769648598.2779863,42.3694986,-71.0196953,13.767,D1:19:68:84:62:49,4962846819d11eff4c001219ffc0ba146ac943cd06621fd2b7961f53e4e31e98eb293101ff,-92979.21590031496,62674.13924423176,-172486.4561209077,68681.86326036895,-177740.5481008955,-70544.38610804136,413,672,486,492,2063,1,1,2,ADV_NONCONN_IND,37,37,0,-1,0,327985062,327985696,56,32,8,pre_aa_hdr_payload
2482.1213381290436,1769648610.106338,42.3694986,-71.0196953,13.767,D2:C1:42:D9:BC:24,24bcd942c1d21eff4c001219ff0ef6900c2dc245265d8c48d2f3977e268c955fbaf4ab01ff,-88259.8113088585,121737.22855924373,-223917.3026172705,95864.08875567657,-183465.03104563063,-62664.681683250834,383,618,528,534,2063,1,1,2,ADV_NONCONN_IND,37,37,4,-1,0,329690815,329691450,55,32,8,pre_aa_hdr_payload
2490.2123045921326,1769648618.1973045,42.3694986,-71.0196953,13.767,CC:8F:58:EB:6F:5C,5c6feb588fcc1eff4c001219ff19649dfbf18a0b52f90426088acff5a9849dc36aec1c03ff,-55389.266189435046,160101.84260708338,-227474.88456747026,87685.57318801795,-146686.7601351882,-40330.45457562005,473,612,486,492,2063,1,1,2,ADV_NONCONN_IND,37,37,3,-1,0,330978641,330979275,55,32,8,pre_aa_hdr_payload
2502.461520433426,1769648630.4465203,42.3694986,-71.0196953,13.767,D7:0D:92:EE:17:57,5717ee920dd71eff4c001219005ff4f8e9ffc13318b6d031b98babe2247f307c42a5a10000,-41601.344718170396,136362.50174745952,-161102.10597064235,78497.55873650673,-141915.862519125,-24052.197741323438,449,594,510,510,2063,1,1,2,ADV_NONCONN_IND,37,37,0,-1,0,332709748,332710382,56,32,8,pre_aa_hdr_payload
2532.3760340213776,1769648660.361034,42.3694986,-71.0196953,13.767,E4:5C:52:94:8F:16,168f94525ce41eff4c001219ff558c2171fb76f7a84dd7966e2eade85bcdf6857061b403ff,-49838.86236249559,110910.90041322267,-199968.90495842337,101787.58812335544,-186693.3723113013,-20549.78903249542,425,492,570,576,2063,1,1,2,ADV_NONCONN_IND,37,37,0,-1,0,337263012,337263646,56,30,8,pre_aa_hdr_payload
2540.1976850032806,1769648668.182685,42.3694986,-71.0196953,13.767,EE:7F:92:42:2A:9E,9e2a42927fee1eff4c001219fffead278bde2aaaef9e772a5fc44e5ddc299e0104b34100ff,-61974.425890230945,104794.3294795595,-157773.8477203158,72087.8217370495,-174329.87157229314,-45191.97855268022,425,612,510,516,2063,1,1,2,ADV_NONCONN_IND,37,37,0,-1,0,338469073,338469707,56,32,8,pre_aa_hdr_payload
2544.1039083004,1769648672.0889082,42.3694986,-71.0196953,13.767,D8:30:E8:DF:2A:DA,da2adfe830d81eff4c001219ffa63b15dded6d5d278fb1b99a401d4fb3281fa1433e0401ff,-67004.22700602765,127911.21268395803,-228144.4838388386,90942.6446506612,-180213.86635506648,-56445.834505636296,431,534,546,552,2063,1,1,2,ADV_NONCONN_IND,37,37,5,-1,0,338929469,338930104,55,32,8,pre_aa_hdr_payload
2546.701249599457,1769648674.6862495,42.3694986,-71.0196953,13.767,F9:6D:0B:29:C5:6E,6ec5290b6df91eff4c001219ff342897e4201b6575cfc4691cbc10987e950aae171eb003ff,-53684.326461388446,116950.32629473066,-206042.99286617516,97666.0064699113,-181746.62402476487,-49618.645839546225,467,558,516,522,2063,1,1,2,ADV_NONCONN_IND,37,37,4,-1,0,339222661,339223295,55,30,8,pre_aa_hdr_payload
2548.1767942905426,1769648676.1617942,42.3694986,-71.0196953,13.767,E1:2B:6B:2B:4B:8A,8a4b2b6b2be11eff4c001219ffcc6137786909aa6691f6f8fc7cc2cc3c67b85320285d00ff,-59481.05110042096,138967.14494043207,-215489.68911142807,94943.18758784464,-185102.003862808,-47985.39823243024,455,570,516,522,2063,1,1,2,ADV_NONCONN_IND,37,37,5,-1,0,339442851,339443485,55,32,8,pre_aa_hdr_payload
2550.1175866127014,1769648678.1025865,42.3694986,-71.0196953,13.767,C0:C0:AB:A2:29:88,8829a2abc0c01eff4c001219ff817b3fc0ed99d3848eb7e0f55ee280ce785eb6534c6103ff,-57885.25566104059,134201.54053264324,-217919.98046269972,92946.3608836763,-184394.1060802639,-45104.726878208116,485,576,498,504,2063,1,1,2,ADV_NONCONN_IND,37,37,0,-1,0,339644556,339645190,56,32,8,pre_aa_hdr_payload
2552.0364859104156,1769648680.0214858,42.3694986,-71.0196953,13.767,E0:4C:9B:E1:28:AB,ab28e19b4ce01eff4c001219ff8f62710de706f4a1eb89f2e3b2bdbdc82addcc6884ad03ff,-58969.5659803558,63924.90190606431,-157810.89621078994,86785.81028992729,-172460.5704822741,-47428.16797621765,467,558,516,522,2063,1,1,2,ADV_NONCONN_IND,37,37,3,-1,0,339854469,339855104,56,30,8,pre_aa_hdr_payload
2556.0887672901154,1769648684.0737672,42.3694986,-71.0196953,13.767,EA:29:86:07:74:68,6874078629ea1eff4c001219ffd77406ca7469935c657f3b5af104ee4d1d228c62bd0d02ff,-77101.23875294371,114716.8428076066,-205020.6067362524,90092.13353222629,-173553.777509801,-55200.9459033401,395,630,516,522,2063,1,1,2,ADV_NONCONN_IND,37,37,5,-1,0,340550206,340550840,55,30,8,pre_aa_hdr_payload
2561.287358522415,1769648689.2723584,42.3694986,-71.0196953,13.767,EE:87:45:03:53:CF,cf53034587ee1eff4c0012192a8ba8d694ecc39ad152e6b36a2d8cbeb474dd07a5c96a02d1,-58369.72595994179,112431.6304299934,-103098.24442771131,106957.78120142598,-123479.28580142754,-40591.460372670306,359,750,474,480,2063,1,1,0,ADV_IND,37,37,3,-1,0,341353562,341354197,55,31,8,pre_aa_hdr_payload
2564.12176322937,1769648692.1067631,42.3694986,-71.0196953,13.767,E9:EB:A7:FE:27:2F,2f27fea7ebe91eff4c001219ffd785c31e0878576a850d5becd472a872f10ecf36cbb901ff,-42991.80403792939,105328.00759259544,-175341.3948215675,97697.22511852742,-179514.40160650574,-40161.447456800706,509,528,510,516,2063,1,1,2,ADV_NONCONN_IND,37,37,5,-1,0,341720440,341721074,55,32,8,pre_aa_hdr_payload
2568.0200374126434,1769648696.0050373,42.3694986,-71.0196953,13.767,D3:5C:F8:2D:48:33,33482df85cd31eff4c001219ff29d1c9b58bf3442eafc8df5c4405ebeb44067647fbf801ff,-41424.33965408625,102047.19710659744,-150842.48117827877,100285.5108730725,-164931.8166139244,-41015.288476939255,425,636,498,504,2063,1,1,2,ADV_NONCONN_IND,37,37,0,-1,0,342356332,342356966,56,32,8,pre_aa_hdr_payload
2570.351198196411,1769648698.336198,42.3694986,-71.0196953,13.767,E4:54:EC:DD:51:40,4051ddec54e41eff4c001219ffd415354621060fa19067803b7d42b7aee074f37d15ce01ff,-35108.901278106154,105566.18594722042,-196068.21445160412,103443.81799889347,-165858.6907495504,-39869.62722074925,527,534,498,504,2063,1,1,2,ADV_NONCONN_IND,37,37,3,-1,0,342724226,342724861,55,31,8,pre_aa_hdr_payload
2571.4823276996613,1769648699.4673276,42.3694986,-71.0196953,13.767,EE:87:45:03:53:CF,cf53034587ee1eff4c0012192a8ba8d694ecc39ad152e6b36a2d8cbeb474dd07a5c96a02d1,-61373.411931051574,143004.46525447865,-226085.8912434071,72202.55500783995,-167116.67853080414,-52091.89780578143,461,564,516,522,2063,1,1,0,ADV_IND,37,37,5,-1,0,342892782,342893416,55,32,8,pre_aa_hdr_payload
2572.100832223892,1769648700.085832,42.3694986,-71.0196953,13.767,FB:55:49:18:5C:C1,c15c184955fb1eff4c001219ff9f2404199d680213031e515c997b2152f871ac40338401ff,-59505.50815803252,116876.13818727055,-175105.84830771852,96753.29778819776,-186283.05707025892,-45857.74035999907,413,528,558,564,2063,1,1,2,ADV_NONCONN_IND,37,37,1,-1,0,342983190,342983824,56,32,8,pre_aa_hdr_payload
2572.1032235622406,1769648700.0882235,42.3694986,-71.0196953,13.767,FF:29:51:BF:F8:E6,e6f8bf5129ff1eff4c00121900e52ecc6da888fec4fe42aa17c9c453634767469047a20000,-49584.594340700096,93223.63868935674,-180436.48920379597,114695.21675847964,-166843.3152402778,-11232.511009958302,467,612,492,492,2063,1,1,2,ADV_NONCONN_IND,37,37,4,-1,0,342986404,342987039,55,31,7,pre_aa_hdr_payload
2580.5767374038696,1769648708.5617373,42.3694986,-71.0196953,13.767,FF:29:51:BF:F8:E6,e6f8bf5129ff1eff4c00121900e52ecc6da888fec4fe42aa17c9c453634767469047a20000,-54606.59054240229,134259.1318091664,-175935.4291692894,115210.33273076273,-130683.64907902005,-14084.389850493442,443,624,498,498,2063,1,1,2,ADV_NONCONN_IND,37,37,4,-1,0,344129433,344130068,55,30,8,pre_aa_hdr_payload
2582.0010409355164,1769648709.9860408,42.3694986,-71.0196953,13.767,C5:02:2E:1C:9D:42,429d1c2e02c51eff4c001219ffb2171fdb3c1f4446b30cd4f1d75cb14a6c46c5a9096d02ff,-64486.12835434125,99182.80242626755,-194803.03184713615,91308.34891511037,-171110.2110317133,-46326.77156033129,455,558,522,528,2063,1,1,2,ADV_NONCONN_IND,37,37,1,-1,0,344313008,344313642,56,32,8,pre_aa_hdr_payload
2590.0765409469604,1769648718.0615408,42.3694986,-71.0196953,13.767,E3:38:34:03:1F:80,801f033438e30201060d16edfe02007663669b544aa3db0303edfe,-44605.79552817276,90085.02283258058,-152150.41367150564,74618.16470396322,-164225.71417912297,-43944.06738827622,365,414,402,402,1583,1,1,0,ADV_IND,27,37,0,-1,0,345597518,345598152,56,32,8,pre_aa_hdr_payload
2594.133626937866,1769648722.1186268,42.3694986,-71.0196953,13.767,EB:4B:7C:59:22:19,1922597c4beb1eff4c00121990c6059d4a53bcc54336ab922f57101d92516a0940a2e300e5,-50180.02675465873,119486.59316743098,-231906.5666957141,103401.29098008653,-193966.5392611395,-46582.26697335823,479,510,534,540,2063,1,1,0,ADV_IND,37,37,0,-1,0,346258370,346259004,56,32,8,pre_aa_hdr_payload
2599.9580175876617,1769648727.9430175,42.3694986,-71.0196953,13.767,C7:16:75:3C:8A:5E,5e8a3c7516c71eff4c001219ffca0d72c71b75cd792b32d023741279dbe6e9dcc5272d02ff,-44916.07110124628,107191.59673523661,-210738.68608429297,43637.75363673837,-161411.8197341593,-34818.911242164904,467,486,552,558,2063,1,1,2,ADV_NONCONN_IND,37,37,1,-1,0,346871569,346872203,56,32,8,pre_aa_hdr_payload
2604.1315529346466,1769648732.1165528,42.3694986,-71.0196953,13.767,DF:D6:DC:16:BA:19,19ba16dcd6df1eff4c0012191057d5ebb599ba220ba655f7b76bc2ad2d22525f922a6e02b1,-63673.47813749978,129231.84108996503,-118071.58106135316,103068.7012792883,-115553.74063875126,-28286.844567183718,431,594,516,522,2063,1,1,0,ADV_IND,37,37,4,-1,0,347313567,347314202,55,31,8,pre_aa_hdr_payload
2608.1748909950256,1769648736.159891,42.3694986,-71.0196953,13.767,E6:FB:92:F9:C2:0D,0dc2f992fbe61eff4c001219ff0f3c7d248e6bb0e912fe1f59ddee2945c1ad0c87c66801ff,-66036.36074006505,106450.63957609564,-206663.8816335217,86337.37099651534,-176644.76412604435,-52169.84615768499,425,540,546,552,2063,1,1,2,ADV_NONCONN_IND,37,37,5,-1,0,347962661,347963295,55,32,8,pre_aa_hdr_payload
2613.774078607559,1769648741.7590785,42.3694986,-71.0196953,13.767,DD:8D:52:FA:6A:E4,e46afa528ddd1eff4c001219a8e140b74d1aed0d5022da2e0ccde4659b8db88923952f03c6,-101945.56809102547,127604.10958948378,-177382.18904443525,90687.11075726125,-183693.31611234567,-62050.23254491432,359,798,450,456,2063,1,1,0,ADV_IND,37,37,5,-1,0,348331935,348332570,55,31,8,pre_aa_hdr_payload
2614.848339319229,1769648742.8333392,42.3694986,-71.0196953,13.767,F1:EA:54:21:C5:0E,0ec52154eaf11eff4c001219ffb53062dfce31b288f84155ed591bd1d2b47288d910f502ff,-77634.40616626597,80424.04165724675,-184835.2524338376,79142.86432392504,-167440.7122775658,-54893.66695689311,437,612,504,510,2063,1,1,2,ADV_NONCONN_IND,37,37,5,-1,0,348405886,348406521,55,32,8,pre_aa_hdr_payload
2614.8503897190094,1769648742.8353896,42.3694986,-71.0196953,13.767,DD:8D:52:FA:6A:E4,e46afa528ddd1eff4c001219a8e140b74d1aed0d5022da2e0ccde4659b8db88923952f03c6,-89341.53540549973,153960.09160945946,-103519.51116552453,107657.73869736753,-56937.28209993142,-36447.12142047636,299,894,432,438,2063,1,1,0,ADV_IND,37,37,5,-1,0,348408642,348409277,55,32,7,pre_aa_hdr_payload
2618.0886754989624,1769648746.0736754,42.3694986,-71.0196953,13.767,DD:8D:52:FA:6A:E4,e46afa528ddd1eff4c001219a8e140b74d1aed0d5022da2e0ccde4659b8db88923952f03c6,-107773.71160028712,127755.3475019918,-206549.4002605286,116528.56335974108,-190087.49534190903,-56518.04196209641,407,690,480,486,2063,1,1,0,ADV_IND,37,37,5,-1,0,348706117,348706752,55,32,8,pre_aa_hdr_payload
2630.4809427261353,1769648758.4659426,42.3694986,-71.0196953,13.767,D5:90:18:87:52:9A,9a52871890d51eff4c001219ffab0510f78b5215a3dcbf09515a41393434269d9a008300ff,-44771.438287964345,93617.63853122634,-181447.361466042,91178.83375532793,-169105.7206283785,-40528.16193948112,509,528,510,516,2063,1,1,2,ADV_NONCONN_IND,37,37,3,-1,0,350382185,350382820,56,32,8,pre_aa_hdr_payload
2630.4878232479095,1769648758.4728231,42.3694986,-71.0196953,13.767,DD:8D:52:FA:6A:E4,e46afa528ddd1eff4c001219a8e140b74d1aed0d5022da2e0ccde4659b8db88923952f03c6,-102156.74188796185,146010.60249538353,-220290.36856108546,48536.94372662477,-181819.8346232564,-35478.258705703214,401,684,486,492,2063,1,1,0,ADV_IND,37,37,5,-1,0,350391434,350392068,55,29,8,pre_aa_hdr_payload
2638.1950697898865,1769648766.1800697,42.3694986,-71.0196953,13.767,F2:1D:E1:30:59:E9,e95930e11df21eff4c001219ffc946d252b48ff0eed8bdc0f523504b653f29369a6be802ff,-44450.65418424581,81767.53705159629,-234919.78504589587,98912.33861141179,-190807.02167230207,-44409.32824961215,563,558,468,474,2063,1,1,2,ADV_NONCONN_IND,37,37,5,-1,0,351406739,351407373,55,29,8,pre_aa_hdr_payload
2640.2912549972534,1769648768.276255,42.3694986,-71.0196953,13.767,CA:5F:27:41:47:D1,d14741275fca1eff4c001219ff45f5e9ff13a023c1dd90094b664f3b870dcda7679e4603ff,-34276.59292303028,92846.35046059548,-139149.8321681356,88676.80458766695,-78318.31839954006,-34286.650486436694,449,744,432,438,2063,1,1,2,ADV_NONCONN_IND,37,37,1,-1,0,351619724,351620359,56,29,8,pre_aa_hdr_payload
2640.867878675461,1769648768.8528786,42.3694986,-71.0196953,13.767,C0:96:5C:1E:F8:11,11f81e5c96c01eff4c00121960feaf642bd4d41611174e1007fc68c9357a519908e39102ef,-53845.41931911673,144144.69896597636,-112273.77695175991,122082.19109035342,-174824.24044098047,-39519.48767106386,473,564,510,516,2063,1,1,0,ADV_IND,37,37,3,-1,0,351692821,351693455,55,32,8,pre_aa_hdr_payload
2650.132247209549,1769648778.117247,42.3694986,-71.0196953,13.767,FC:91:FB:17:34:29,293417fb91fc1eff4c001219ffdd20b303cf9d822865ed61698c399be519c27cdcbaee00ff,-61122.36690477552,81915.60385657409,-173420.40174459384,70568.55281493187,-158617.56252978445,-53689.45414858902,479,558,510,516,2063,1,1,2,ADV_NONCONN_IND,37,37,2,-1,0,353222149,353222783,56,32,8,pre_aa_hdr_payload
2652.1374089717865,1769648780.1224089,42.3694986,-71.0196953,13.767,CC:99:4B:D0:AA:D5,d5aad04b99cc1eff4c00121970e69b89824d580c15535fb1b8178817c1173a053d03270005,-42900.91627575953,87680.94911956516,-141607.87109357488,103834.0641645925,-148739.48249062122,-20545.27300452957,485,558,510,510,2063,1,1,0,ADV_IND,37,37,1,-1,0,353532573,353533207,56,30,8,pre_aa_hdr_payload
2654.210429430008,1769648782.1954293,42.3694986,-71.0196953,13.767,DD:72:2D:7C:FA:51,51fa7c2d72dd1eff4c001219ffa02e6f923a480830294e2920486abac21ccb7204362301ff,-25666.58450845796,124103.13229829575,-179576.91422794407,99446.29633164892,-173880.7385935338,-14445.870148725342,527,486,522,528,2063,1,1,2,ADV_NONCONN_IND,37,37,0,-1,0,353773239,353773873,56,32,8,pre_aa_hdr_payload
2658.068168401718,1769648786.0531683,42.3694986,-71.0196953,13.767,CB:E3:FD:BB:B0:07,07b0bbfde3cb1eff4c001219ff361bb3af8e9197a39cad42f520c863846170123ba8c603ff,-23496.81127540337,130777.74821273785,-198282.84884624043,89923.14506083996,-166776.60426831094,-22433.06149465937,575,486,498,504,2063,1,1,2,ADV_NONCONN_IND,37,37,4,-1,0,354324058,354324693,55,32,8,pre_aa_hdr_payload
2662.2915840148926,1769648790.276584,42.3694986,-71.0196953,13.767,D4:E4:A8:C6:87:A7,a787c6a8e4d41eff4c001219ff689e747e0b883b5f5fcac37949447b6cc1532f8d2af100ff,-61667.480034382796,97316.48552458808,-187359.14146711628,90516.93570944264,-166534.81562104166,-49746.7322385775,497,564,498,504,2063,1,1,2,ADV_NONCONN_IND,37,37,4,-1,0,354761863,354762497,55,29,8,pre_aa_hdr_payload
2666.183266878128,1769648794.1682668,42.3694986,-71.0196953,13.767,C2:EE:0F:61:A7:39,39a7610feec21eff4c001219ffcdd14adf78b771a993638dfe495510c73215d91ebfaf02ff,-54405.36676584986,127018.42519225024,-205726.64457589507,93319.80204225233,-162565.54400859273,-41009.52561834691,437,516,552,558,2063,1,1,2,ADV_NONCONN_IND,37,37,0,-1,0,355447711,355448346,56,32,8,pre_aa_hdr_payload
2668.0547754764557,1769648796.0397754,42.3694986,-71.0196953,13.767,E1:A0:E6:D2:DB:7A,7adbd2e6a0e10201060303edfe0d16edfe02002f6f9cb148e2c23d,-36435.80782197707,27318.21669192564,-170859.68947550395,14186.720351028931,-139269.9278975205,-187.2401529968249,359,378,420,426,1583,1,1,0,ADV_IND,27,37,5,-1,0,355739784,355740418,55,30,8,pre_aa_hdr_payload
2674.081941843033,1769648802.0669417,42.3694986,-71.0196953,13.767,DB:9A:86:95:E6:88,88e695869adb1eff4c001219ff1304a1bf31b05bb137bbe2e5e5c36617550fbb9ea24802ff,-51221.06142221472,125894.93116736613,-219383.11282952657,90125.63231083122,-178946.09808474296,-57371.318631660186,527,570,480,486,2063,1,1,2,ADV_NONCONN_IND,37,37,1,-1,0,356807401,356808035,56,32,8,pre_aa_hdr_payload
2686.1249918937683,1769648814.1099918,42.3694986,-71.0196953,13.767,E5:C6:93:62:13:10,10136293c6e51eff4c001219ffd7a8349bb0d094c32e6a79a8e68e8478bfe591fc492201ff,-56867.77803137605,145687.92285478048,-210408.66679287763,102338.85525195858,-176935.70211909155,-58535.00347212678,461,600,498,504,2063,1,1,2,ADV_NONCONN_IND,37,37,4,-1,0,358572908,358573543,55,32,8,pre_aa_hdr_payload
2686.149983406067,1769648814.1349833,42.3694986,-71.0196953,13.767,EB:4B:7C:59:22:19,1922597c4beb1eff4c00121990c6059d4a53bcc54336ab922f57101d92516a0940a2e300e5,-54598.00300246421,128013.37932690945,-230631.39022508086,103766.18489678513,-205785.79419362164,-58794.04377406611,486,509,534,534,2063,1,1,0,ADV_IND,37,37,4,-1,0,358606499,358607133,55,28,8,pre_aa_hdr_payload
2702.3442828655243,1769648830.3292828,42.3694986,-71.0196953,13.767,E4:60:6F:3A:4E:26,264e3a6f60e41eff4c001219ffca7f18db39b35a3ff2decdef43c9b6fe68241cf7c3b301ff,-34187.889398442014,133427.36903663704,-228454.38019183755,93825.5070449833,-165768.87167868958,-30762.14775734664,557,492,504,510,2063,1,1,2,ADV_NONCONN_IND,37,37,5,-1,0,360644913,360645548,55,32,8,pre_aa_hdr_payload
2705.9568436145782,1769648833.9418435,42.3694986,-71.0196953,13.767,DC:40:65:93:D3:6C,6cd3936540dc1eff4c001219ffd5e35023be0390723d38497dff62de39835785a507db02ff,-67145.60480727837,125519.60756917133,-206839.8007629338,96816.29779057186,-193011.7046987901,-48480.93116141269,437,588,516,522,2063,1,1,2,ADV_NONCONN_IND,37,37,5,-1,0,361287911,361288545,55,32,8,pre_aa_hdr_payload
2708.246450662613,1769648836.2314506,42.3694986,-71.0196953,13.767,E3:31:83:C8:01:57,5701c88331e31eff4c001219ffa4463c21e34636ae2a8f075e7e6acad87e2f934ea5a500ff,-45819.95770449703,124382.55097068244,-206711.92798369864,92371.76117556679,-175524.00460280958,-40609.06512657506,491,510,528,534,2063,1,1,2,ADV_NONCONN_IND,37,37,0,-1,0,361645652,361646286,56,32,8,pre_aa_hdr_payload
2708.2797589302063,1769648836.2647588,42.3694986,-71.0196953,13.767,C3:08:5A:FD:CE:62,62cefd5a08c31eff4c00121990e59736aeedb6e09cdaface7ba47283ba90668e744d9e02a5,-47678.260081371554,150689.98575351023,-205468.2293300326,55430.87907680168,-115035.88576030565,-13615.715551223318,503,546,504,510,2063,1,1,0,ADV_IND,37,37,0,-1,0,361690422,361691057,56,32,8,pre_aa_hdr_payload
2708.602887392044,1769648836.5878873,42.3694986,-71.0196953,13.767,EB:4B:7C:59:22:19,1922597c4beb1eff4c00121990c6059d4a53bcc54336ab922f57101d92516a0940a2e300e5,-47490.38363284219,107141.89981161254,-178508.98137653375,40130.36593128758,-60076.09403766107,-14150.499948584338,474,509,540,540,2063,1,1,0,ADV_IND,37,37,0,-1,0,361722528,361723162,56,29,8,pre_aa_hdr_payload
2714.212805747986,1769648842.1978056,42.3694986,-71.0196953,13.767,D5:0F:93:AF:4F:8D,8d4faf930fd51eff4c001219ff95d4fcbd685595a8c412f20073f7ecbbea353e56aaf300ff,-57163.73510890244,107132.07002658806,-207400.30202716167,93842.3328075138,-174423.73605144472,-62116.84426081835,449,516,546,552,2063,1,1,2,ADV_NONCONN_IND,37,37,4,-1,0,362571698,362572332,55,31,8,pre_aa_hdr_payload
2715.9386084079742,1769648843.9236083,42.3694986,-71.0196953,13.767,E6:E8:CD:2B:A4:2D,2da42bcde8e61eff4c001219ff7864ae7e4654f7e57edfcc18c02eec94237351147f6803ff,-45980.36042852689,125318.78761664001,-203574.91836335693,84114.74555679261,-172631.2710703045,-41662.05244626472,437,456,582,588,2063,1,1,2,ADV_NONCONN_IND,37,37,0,-1,0,362864491,362865125,56,32,8,pre_aa_hdr_payload
2720.19216299057,1769648848.177163,42.3694986,-71.0196953,13.767,C3:08:5A:FD:CE:62,62cefd5a08c31eff4c00121990e59736aeedb6e09cdaface7ba47283ba90668e744d9e02a5,-44466.655325356616,99075.60755253638,-153395.77089250524,60426.98482565364,-151444.4217053444,-27011.79051795508,485,552,510,516,2063,1,1,0,ADV_IND,37,37,1,-1,0,363451028,363451662,56,31,8,pre_aa_hdr_payload
2721.957008123398,1769648849.942008,42.3694986,-71.0196953,13.767,EE:B9:E3:2C:F7:16,16f72ce3b9ee1eff4c001219ffc1f7f3f535d916963082e8c613204020644f835d0d0c01ff,-57855.88940495573,135119.497260262,-233045.33770186154,87927.78926936878,-174985.84049799302,-52007.47923137462,485,552,510,516,2063,1,1,2,ADV_NONCONN_IND,37,37,5,-1,0,363712963,363713598,55,32,8,pre_aa_hdr_payload
2726.293298959732,1769648854.2782989,42.3694986,-71.0196953,13.767,DD:4C:A0:D2:C1:2A,2ac1d2a04cdd1eff4c001219ff05cdc6547aa53a0fdd8b86394ff98f72978fcdbe8ba400ff,-84861.0309101832,159931.83589111143,-171329.27487705552,102567.7257121831,-158282.98773932635,-61228.576793939625,305,900,426,432,2063,1,1,2,ADV_NONCONN_IND,37,37,3,-1,0,364344522,364345156,55,32,8,pre_aa_hdr_payload
2734.39057970047,1769648862.3755796,42.3694986,-71.0196953,13.767,C7:33:FC:69:A5:D1,d1a569fc33c71eff4c001219ffa94b2061061c369dfcec986e9852669472fe39a5dd1e00ff,-44155.6433725121,103634.78899347202,-118675.23777813921,50684.09426363888,-116740.24435280592,-44136.04109569637,353,792,456,462,2063,1,1,2,ADV_NONCONN_IND,37,37,0,-1,0,365378689,365379323,56,30,8,pre_aa_hdr_payload
2735.94313955307,1769648863.9281394,42.3694986,-71.0196953,13.767,C2:16:63:55:63:EE,ee63556316c21eff4c001219ff9b96c100bb071931c2299a519fc111523f511dfeecf402ff,-40442.49995942574,112586.08042828231,-182122.53938224615,80638.99742237144,-172363.3230248298,-39194.995343073715,473,498,546,546,2063,1,1,2,ADV_NONCONN_IND,37,37,0,-1,0,365619060,365619695,56,32,8,pre_aa_hdr_payload
2742.378673315048,1769648870.3636732,42.3694986,-71.0196953,13.767,EB:4B:7C:59:22:19,1922597c4beb1eff4c00121990c6059d4a53bcc54336ab922f57101d92516a0940a2e300e5,-34924.13043121968,140790.56727890062,-216078.48472902275,106601.98184203386,-197011.96005463,-4865.474578766525,485,492,540,546,2063,1,1,0,ADV_IND,37,37,4,-1,0,366442176,366442811,55,32,8,pre_aa_hdr_payload
2750.332342147827,1769648878.317342,42.3694986,-71.0196953,13.767,E5:EB:09:04:A0:3B,3ba00409ebe51eff4c001219ffd6f9b864befc85d840bca1c90fa09c8c41a70caed38e00ff,-63661.0557309282,86912.96926634338,-161067.52525937624,70924.41306849713,-170316.42326356485,-49626.15193868968,479,570,504,510,2063,1,1,2,ADV_NONCONN_IND,37,37,1,-1,0,367673474,367674108,56,29,8,pre_aa_hdr_payload
2750.350840806961,1769648878.3358407,42.3694986,-71.0196953,13.767,EB:4B:7C:59:22:19,1922597c4beb1eff4c00121990c6059d4a53bcc54336ab922f57101d92516a0940a2e300e5,-53053.181407231634,70376.15420633461,-137005.01394042355,89386.48532155565,-164277.4655163716,-38594.19294927286,467,546,522,528,2063,1,1,0,ADV_IND,37,37,2,-1,0,367698337,367698972,56,32,8,pre_aa_hdr_payload
2754.141288995743,1769648882.126289,42.3694986,-71.0196953,13.767,D9:8B:25:E1:44:62,6244e1258bd91eff4c001219ffb16e97b5155d69f47af2d6295db7166d0d5499b8700203ff,-77069.66335754587,149938.35149867446,-138727.21013799935,146528.78156233407,-133590.69268349255,-69870.59223707073,227,1218,306,312,2063,1,1,2,ADV_NONCONN_IND,37,37,5,-1,0,368213820,368214454,55,32,8,pre_aa_hdr_payload
2755.9877173900604,1769648883.9727173,42.3694986,-71.0196953,13.767,EF:48:26:01:49:DC,dc49012648ef1eff4c001219ff8755e94ba0f82cbc5637e5de16a8ab3fd534db583a3902ff,-63441.73551043831,114730.76923065212,-211061.2207612535,98386.73619891822,-190465.48468738905,-57606.18435879239,509,588,480,486,2063,1,1,2,ADV_NONCONN_IND,37,37,0,-1,0,368494013,368494647,56,32,7,pre_aa_hdr_payload
2759.995444536209,1769648887.9804444,42.3694986,-71.0196953,13.767,E2:80:18:10:F8:A4,a4f8101880e21eff4c001219ff8307104809535cc30d2fc27a023e75f434abbf34cf9302ff,-60465.907461969415,89395.19163720764,-180195.26648395814,83394.99390793216,-163289.15886103327,-44046.87919953304,455,558,522,528,2063,1,1,2,ADV_NONCONN_IND,37,37,5,-1,0,368893582,368894217,55,32,8,pre_aa_hdr_payload
2764.214628458023,1769648892.1996284,42.3694986,-71.0196953,13.767,ED:4B:9F:38:05:AE,ae05389f4bed1eff4c001219ff7887890b08bc4599a5e14eaf2c33a4963068f2b74aec00ff,-43656.21780521832,123027.09988813217,-221224.81813665404,88578.60997181569,-175717.54877619533,-43425.67278004128,533,504,510,516,2063,1,1,2,ADV_NONCONN_IND,37,37,1,-1,0,369534405,369535039,56,32,8,pre_aa_hdr_payload
2768.1686387062073,1769648896.1536386,42.3694986,-71.0196953,13.767,F6:D6:46:07:6E:6F,6f6e0746d6f61eff4c001219fffac96891b9fad063c9b8e374425d65009a7bbdb96c6b02ff,-47964.40943412193,109760.43207203834,-211434.94621471822,94488.5740684872,-168923.9815934539,-48072.472906676936,533,564,480,486,2063,1,1,2,ADV_NONCONN_IND,37,37,3,-1,0,370168273,370168907,55,32,8,pre_aa_hdr_payload
2772.2143783569336,1769648900.1993783,42.3694986,-71.0196953,13.767,F4:8A:70:1A:56:5F,5f561a708af40201060d16edfe02004d2e3a39887c31ac0303edfe,-33502.7004723965,127181.4312725532,-197606.06072030758,70636.93058520416,-145134.84810231134,-25113.023750380704,371,384,414,414,1583,1,1,0,ADV_IND,27,37,3,-1,0,370900916,370901551,55,31,8,pre_aa_hdr_payload
2772.2154972553253,1769648900.2004972,42.3694986,-71.0196953,13.767,F7:9E:AB:BB:55:50,5055bbab9ef71eff4c001219ffdaf2c702440157624af3562c38c51d9efa3d567ea7fd02ff,-42840.38372414959,130276.64431034094,-211102.5417914534,106301.6105720319,-175821.1550149326,-49135.17285288382,521,528,504,510,2063,1,1,2,ADV_NONCONN_IND,37,37,4,-1,0,370902420,370903055,55,32,8,pre_aa_hdr_payload
2776.1811373233795,1769648904.1661372,42.3694986,-71.0196953,13.767,C6:CE:A4:20:A7:97,97a720a4cec60201060303edfe0d16edfe0200a1218e7d2b09f769,15930.24054546582,152984.41781177916,-112634.46931409877,44443.77677744797,-126861.70396338971,21966.923136372432,425,324,414,420,1583,1,1,0,ADV_IND,27,37,2,-1,0,371505200,371505835,56,32,8,pre_aa_hdr_payload
2778.1480116844177,1769648906.1330116,42.3694986,-71.0196953,13.767,F3:BC:44:60:6C:93,936c6044bcf31eff4c001219ff676d27a740183a7be9b2a280a0e51aca3a709f28e51401ff,-35262.84378153637,110879.57934501591,-177175.33402723022,100862.72150745707,-186507.69209471013,-33381.75007567871,533,492,516,522,2063,1,1,2,ADV_NONCONN_IND,37,37,1,-1,0,371694919,371695554,56,32,8,pre_aa_hdr_payload
2788.0053522586823,1769648915.9903522,42.3694986,-71.0196953,13.767,CB:EC:34:C6:2F:CB,cb2fc634eccb1eff4c001219ff1d272aa04c2c236cb443b2c4840983907f321f188d0100ff,-86073.16893148478,163155.97778318977,-176127.25582622478,102666.92403376751,-167574.5384830621,-67802.19476166113,329,888,420,426,2063,1,1,2,ADV_NONCONN_IND,37,37,3,-1,0,373077010,373077645,55,32,8,pre_aa_hdr_payload
2795.9902713298798,1769648923.9752712,42.3694986,-71.0196953,13.767,E0:E9:50:58:E7:C3,c3e75850e9e01eff4c001219ffdbb177295344be4a12a9a918af3d33b548b8409e1b8700ff,-49631.01116800419,123343.2599142137,-223451.01963469153,104673.36309349787,-149081.36791789462,-45238.09340247519,485,528,522,528,2063,1,1,2,ADV_NONCONN_IND,37,37,0,-1,0,374332838,374333473,56,31,8,pre_aa_hdr_payload
2810.333420276642,1769648938.3184202,42.3694986,-71.0196953,13.767,C5:2C:69:9F:1B:08,081b9f692cc51eff4c001219ffda4aae3e5301ca2bbffe9303977194371febc753ef9c00ff,-63291.67767710436,106881.10191592686,-209578.32121051918,94045.3471781834,-183637.3375411694,-53117.91433140329,467,534,528,534,2063,1,1,2,ADV_NONCONN_IND,37,37,5,-1,0,376638570,376639205,55,32,8,pre_aa_hdr_payload
2812.3367331027985,1769648940.321733,42.3694986,-71.0196953,13.767,C3:08:5A:FD:CE:62,62cefd5a08c31eff4c00121990e59736aeedb6e09cdaface7ba47283ba90668e744d9e02a5,-58070.95854415895,149850.57227783196,-240194.72398661182,92757.6539867728,-207849.298561306,-54426.563076218685,497,552,504,510,2063,1,1,0,ADV_IND,37,37,4,-1,0,377023123,377023757,55,30,7,pre_aa_hdr_payload
2814.140780210495,1769648942.12578,42.3694986,-71.0196953,13.767,CB:0A:E3:1C:80:2D,2d801ce30acb1eff4c001219ffc695e1b775c9a85c98fd3a054554a5da754e178a5d9200ff,-61817.480949473575,118401.17191784094,-212127.23647382544,91547.9181303012,-178159.8280107796,-54641.08676008925,479,558,510,516,2063,1,1,2,ADV_NONCONN_IND,37,37,1,-1,0,377191567,377192202,56,30,8,pre_aa_hdr_payload
2827.023439645767,1769648955.0084395,42.3694986,-71.0196953,13.767,D9:AC:09:00:E1:7D,7de10009acd91eff4c001219001b776076060f443d33dc353139baf4e7822250871c980300,-52206.035177639715,77627.48862190596,-130178.97436858961,74156.10755817729,-138710.83559634327,-39930.88640234056,401,630,516,516,2063,1,1,2,ADV_NONCONN_IND,37,37,1,-1,0,379285574,379286208,56,32,8,pre_aa_hdr_payload
2827.938966989517,1769648955.923967,42.3694986,-71.0196953,13.767,ED:39:9B:DC:26:89,8926dc9b39ed0201060d16edfe0200c52464829ba4fbe80303edfe,-18783.416894686507,135048.09559788473,-178041.66856983537,100872.14721416104,-121700.44268287746,-26835.344425310133,401,390,396,396,1583,1,1,0,ADV_IND,27,37,0,-1,0,379446925,379447559,56,30,8,pre_aa_hdr_payload
2829.0713787078857,1769648957.0563786,42.3694986,-71.0196953,13.767,E5:65:A4:C5:A0:63,63a0c5a465e50201060303edfe0d16edfe02006d520ed62acc4a4c,-21267.33969874028,97712.73401833762,-155215.74462422729,80569.07265339607,-161278.2621461965,-44984.078405195934,413,348,408,414,1583,1,1,0,ADV_IND,27,37,0,-1,0,379597043,379597677,56,32,8,pre_aa_hdr_payload
2831.963458776474,1769648959.9484587,42.3694986,-71.0196953,13.767,ED:39:9B:DC:26:89,8926dc9b39ed0201060d16edfe0200c52464829ba4fbe80303edfe,-15403.36437670882,174256.18375664533,-188465.37449125736,116077.62948489033,-41713.57106832979,-8438.910559788032,407,396,390,390,1583,1,1,0,ADV_IND,27,37,1,-1,0,380088160,380088794,56,32,8,pre_aa_hdr_payload
2832.3821794986725,1769648960.3671794,42.3694986,-71.0196953,13.767,E7:03:D4:20:4A:9D,9d4a20d403e71eff4c001219ff32a295626aa95d79a88cac7379cb6e3777f5aa95d34601ff,-61633.95518915642,126803.49331617611,-214687.16981679987,87690.70299256203,-184162.74557734863,-53089.911165102,461,552,522,528,2063,1,1,2,ADV_NONCONN_IND,37,37,5,-1,0,380156010,380156645,55,32,8,pre_aa_hdr_payload
2834.2872817516327,1769648962.2722816,42.3694986,-71.0196953,13.767,DA:34:65:6A:F8:00,00f86a6534da1eff4c001219ffe235f6a601557ea5dbd9d9cf83f159527edff61c485503ff,-31371.69567772021,121815.99641941418,-206198.71828368385,91864.76590001771,-178692.3692592991,-18352.561816207985,527,498,516,522,2063,1,1,2,ADV_NONCONN_IND,37,37,5,-1,0,380491892,380492526,55,32,8,pre_aa_hdr_payload
2836.134071826935,1769648964.1190717,42.3694986,-71.0196953,13.767,C4:68:52:C1:6F:27,276fc15268c41eff4c001219ff139e461dea75610ff349fb515759453333bc88127ee500ff,-86989.40323611294,90468.4307322712,-203056.54538883507,85441.16881904255,-181734.74424943005,-66372.68083056304,419,642,498,504,2063,1,1,2,ADV_NONCONN_IND,37,37,0,-1,0,380797784,380798418,56,32,8,pre_aa_hdr_payload
2842.8191804885864,1769648970.8041804,42.3694986,-71.0196953,13.767,D9:C2:33:05:5B:A9,a95b0533c2d91eff4c001219009fe2241f3dc8bbc3a11dbb292e78aafaf182ae0de7a70100,-30722.578688282876,129732.7276092985,-200853.89389254202,106813.03197275697,-190724.37274982518,-26272.867194727194,539,516,504,504,2063,1,1,2,ADV_NONCONN_IND,37,37,5,-1,0,381687208,381687842,55,30,8,pre_aa_hdr_payload
2843.87179851532,1769648971.8567984,42.3694986,-71.0196953,13.767,C8:DE:12:8C:DC:B9,b9dc8c12dec81eff4c00121900e14f28bd53724f2b37231389b9b9802459338c73a9990000,-36839.390182555115,154425.1432571764,-96935.4980012868,107693.1688793138,-163248.86747226838,-31316.884091319993,419,696,474,474,2063,1,1,2,ADV_NONCONN_IND,37,37,0,-1,0,381890023,381890658,56,32,8,pre_aa_hdr_payload
2844.6637246608734,1769648972.6487246,42.3694986,-71.0196953,13.767,D9:C2:33:05:5B:A9,a95b0533c2d91eff4c001219009fe2241f3dc8bbc3a11dbb292e78aafaf182ae0de7a70100,-25245.95691274598,113728.95729583535,-157241.84523671967,53162.24144754459,-48698.80996893974,-2772.488463865319,515,516,516,516,2063,1,1,2,ADV_NONCONN_IND,37,37,0,-1,0,382047878,382048512,56,30,8,pre_aa_hdr_payload
2844.6677763462067,1769648972.6527762,42.3694986,-71.0196953,13.767,43:07:5B:93:2B:7F,7f2b935b07430201061916aafe41348729edfe230ebbfe0ca4c3c6f426a68dc2f49acd,-33293.90301211243,125423.24566892497,-192850.08934478147,104826.21595129628,-193581.45960437026,-30281.161297598108,521,510,468,468,1967,1,1,0,ADV_IND,35,37,0,-1,0,382053324,382053958,56,32,8,pre_aa_hdr_payload
2846.8378677368164,1769648974.8228676,42.3694986,-71.0196953,13.767,43:07:5B:93:2B:7F,7f2b935b07430201061916aafe41348729edfe230ebbfe0ca4c3c6f426a68dc2f49acd,-40853.99751319444,143769.10212782858,-234054.0585587261,82683.86507632809,-147784.22911059373,-28087.237965502485,527,504,468,468,1967,1,1,0,ADV_IND,35,37,4,-1,0,382410372,382411006,55,30,8,pre_aa_hdr_payload
2847.564473390579,1769648975.5494733,42.3694986,-71.0196953,13.767,ED:39:9B:DC:26:89,8926dc9b39ed0201060d16edfe0200c52464829ba4fbe80303edfe,-24097.971087580856,156128.58705626352,-198624.96204401657,122066.99809167696,-169300.8477081269,-34883.07102698753,407,396,390,390,1583,1,1,0,ADV_IND,27,37,4,-1,0,382554356,382554990,55,32,8,pre_aa_hdr_payload
2850.296879529953,1769648978.2818794,42.3694986,-71.0196953,13.767,FC:7F:15:C8:FC:BD,bdfcc8157ffc1eff4c001219ff3a3484673f95755f4afb4f3c22fe378bdd30aca501ed01ff,-47777.048807171275,163128.68369321013,-117780.04211980011,123140.71611018333,-127902.95895074405,-26940.326343900164,306,1037,360,360,2063,1,1,2,ADV_NONCONN_IND,37,37,4,-1,0,382952149,382952784,55,32,8,pre_aa_hdr_payload
2852.009639263153,1769648979.9946392,42.3694986,-71.0196953,13.767,E7:F9:72:28:0C:78,780c2872f9e71eff4c001219ff31ee8a6127981bb037e91648cd839913db7c54d385b202ff,-68875.52808668584,115537.92854771717,-212098.25490227784,86228.24412299295,-167276.3696456492,-46639.761893721865,419,582,528,534,2063,1,1,2,ADV_NONCONN_IND,37,37,1,-1,0,383240851,383241486,56,31,8,pre_aa_hdr_payload
2854.5263228416443,1769648982.5113227,42.3694986,-71.0196953,13.767,43:07:5B:93:2B:7F,7f2b935b07430201061916aafe41348729edfe230ebbfe0ca4c3c6f426a68dc2f49acd,-45311.724039072884,159289.60874392904,-148425.02549091502,119130.03793908043,-168777.62164790407,-44200.10050925617,389,804,384,390,1967,1,1,0,ADV_IND,35,37,0,-1,0,383573483,383574117,56,32,8,pre_aa_hdr_payload
2857.5556302070618,1769648985.54063,42.3694986,-71.0196953,13.767,D1:99:16:A1:20:10,1020a11699d11eff4c00121900644c8bec700f7ec84792b5ab0f1ece8af27d6e6529e50200,-54274.06349364001,144232.22264449138,-226334.3325771087,127389.93091865891,-163734.3482113648,-50948.731965551895,473,558,516,516,2063,1,1,2,ADV_NONCONN_IND,37,37,0,-1,0,383886790,383887425,56,32,8,pre_aa_hdr_payload
2857.8901858329773,1769648985.8751857,42.3694986,-71.0196953,13.767,C8:DE:12:8C:DC:B9,b9dc8c12dec81eff4c00121900e14f28bd53724f2b37231389b9b9802459338c73a9990000,-47679.90715303325,111523.15431068654,-188885.86697794826,115029.43497962074,-173089.0497877234,-39397.02727672177,521,534,504,504,2063,1,1,2,ADV_NONCONN_IND,37,37,1,-1,0,383928880,383929514,56,32,8,pre_aa_hdr_payload
2858.232943058014,1769648986.217943,42.3694986,-71.0196953,13.767,F5:FC:A0:EB:2D:9A,9a2deba0fcf51eff4c001219ff7a8da0b84b3eb523b91f7cbb741d4d7db0ffc5331b0f01ff,-33022.324729613254,160915.83022809977,-165602.4126685528,105019.10688750035,-159006.1959500858,-30297.81765540888,419,678,480,486,2063,1,1,2,ADV_NONCONN_IND,37,37,3,-1,0,383984682,383985316,55,32,8,pre_aa_hdr_payload
2859.3832352161407,1769648987.368235,42.3694986,-71.0196953,13.767,FE:97:89:01:C8:C1,c1c8018997fe1eff4c001219000933a829ff96152f55bacede34ddeb5ca744c6eabfbb0000,-42088.83879873994,120697.1791783157,-190452.41484307594,103341.8852231535,-177523.71064945275,-35726.86716535598,527,528,504,504,2063,1,1,2,ADV_NONCONN_IND,37,37,0,-1,0,384197811,384198445,56,28,8,pre_aa_hdr_payload
2862.129201889038,1769648990.1142018,42.3694986,-71.0196953,13.767,C8:DE:12:8C:DC:B9,b9dc8c12dec81eff4c00121900e14f28bd53724f2b37231389b9b9802459338c73a9990000,-39533.19189351317,145578.47811330232,-220953.44295691868,101923.0190363052,-172910.71460398505,-31682.99569371592,533,546,492,492,2063,1,1,2,ADV_NONCONN_IND,37,37,4,-1,0,384649798,384650432,55,32,8,pre_aa_hdr_payload
2862.1549685001373,1769648990.1399684,42.3694986,-71.0196953,13.767,F7:F2:4B:9C:4F:46,464f9c4bf2f71eff4c00121900a802ec3fa1b79d3721d54a6f666f8cd9775009542f380000,-54749.690120508865,148332.54997666148,-231405.51019490208,116762.19069331235,-166250.03997077592,-48780.38037604361,521,582,480,480,2063,1,1,2,ADV_NONCONN_IND,37,37,0,-1,0,384684431,384685065,56,32,8,pre_aa_hdr_payload
2862.888632774353,1769648990.8736327,42.3694986,-71.0196953,13.767,FE:97:89:01:C8:C1,c1c8018997fe1eff4c001219000933a829ff96152f55bacede34ddeb5ca744c6eabfbb0000,-28325.153826894573,134528.33865650918,-194244.1272829714,101078.82483507403,-187328.80302118865,-34854.55444155844,527,528,504,504,2063,1,1,2,ADV_NONCONN_IND,37,37,0,-1,0,384780105,384780740,56,32,8,pre_aa_hdr_payload
2862.893439054489,1769648990.878439,42.3694986,-71.0196953,13.767,F4:94:FD:39:F5:EE,eef539fd94f41eff4c00121900894b4a6d71b0b7c6a8b704f66ce847b04d5e6bc2e08f0300,-48189.346773734535,129287.55606484457,-228100.15519780782,112790.26870598628,-188385.395349028,-53808.57932204746,521,534,504,504,2063,1,1,2,ADV_NONCONN_IND,37,37,0,-1,0,384786565,384787199,56,28,8,pre_aa_hdr_payload
2863.9861028194427,1769648991.9711027,42.3694986,-71.0196953,13.767,C8:95:09:91:21:F6,f621910995c81eff4c001219ff24c3a732d2986136fe56e47087b736bad588dc89519c02ff,-31149.525987681685,136918.77896856377,-222305.77605156667,96842.560570507,-178230.49360191057,-33293.23209367452,551,510,498,504,2063,1,1,2,ADV_NONCONN_IND,37,37,5,-1,0,385009603,385010238,55,32,8,pre_aa_hdr_payload
2865.1105959415436,1769648993.0955958,42.3694986,-71.0196953,13.767,E5:34:6A:CC:D8:CA,cad8cc6a34e51eff4c0012196a20deb6376b2fd2022e4436b963aaecc108b0bf94b4aa0284,-62009.679627093574,122558.47983275572,-119080.26239687148,121100.31452926158,-81847.15375035594,-29072.845542121613,407,606,522,528,2063,1,1,0,ADV_IND,37,37,3,-1,0,385170582,385171216,56,28,8,pre_aa_hdr_payload
2865.456659555435,1769648993.4416595,42.3694986,-71.0196953,13.767,C1:BC:79:C6:5E:19,195ec679bcc11eff4c0012197d3b156c962f86afc8f25230d324c9949455241e0f2d180119,-62957.482212339186,109707.67190343657,-213830.62386822025,108576.22297966122,-177410.81157078754,-42862.30271912478,461,582,510,510,2063,1,1,0,ADV_IND,37,37,2,-1,0,385230827,385231462,56,32,8,pre_aa_hdr_payload
2865.466012239456,1769648993.4510121,42.3694986,-71.0196953,13.767,C1:BC:79:C6:5E:19,195ec679bcc11eff4c0012197d3b156c962f86afc8f25230d324c9949455241e0f2d180119,-60439.141658119326,141797.57002426818,-154712.51422658638,60267.10036989299,-140449.01675308973,-44999.88279945835,413,756,444,450,2063,1,1,0,ADV_IND,37,37,4,-1,0,385243397,385244032,56,32,7,pre_aa_hdr_payload
2867.600698709488,1769648995.5856986,42.3694986,-71.0196953,13.767,FB:FC:FD:C1:3B:F2,f23bc1fdfcfb1eff4c00121910a19f86b446a7c61a22b96d8d61d58c1a4d73c52957b900de,-95872.02869112226,148077.50392760074,-222831.88403262716,102033.10337172057,-199072.66675490674,-66176.54815545875,401,624,516,522,2063,1,1,0,ADV_IND,37,37,0,-1,0,385364641,385365276,56,31,8,pre_aa_hdr_payload
2867.607568025589,1769648995.592568,42.3694986,-71.0196953,13.767,F4:94:FD:39:F5:EE,eef539fd94f41eff4c00121900894b4a6d71b0b7c6a8b704f66ce847b04d5e6bc2e08f0300,-40075.34883186588,95808.134496606,-166327.4772134947,97501.4593520244,-143583.13055787192,-35638.24959970338,509,612,468,474,2063,1,1,2,ADV_NONCONN_IND,37,37,1,-1,0,385373874,385374508,56,32,7,pre_aa_hdr_payload
2878.362602710724,1769649006.3476026,42.3694986,-71.0196953,13.767,DC:C4:98:E7:55:39,3955e798c4dc1eff4c001219fffbeee18f30aea04bcfaccaf68d273200f6512985b31200ff,-61262.11542131553,119464.84099055882,-215981.73222536527,50720.5164210375,-122749.91861441545,-43929.038646570545,509,612,468,474,2063,1,1,2,ADV_NONCONN_IND,37,37,5,-1,0,385815199,385815833,55,28,8,pre_aa_hdr_payload
2880.585335254669,1769649008.5703351,42.3694986,-71.0196953,13.767,E5:65:A4:C5:A0:63,63a0c5a465e50201060303edfe0d16edfe02006d520ed62acc4a4c,-12227.876914027083,103857.26440557188,-155502.3057025909,100591.80822341706,-159181.03954671574,-24413.473912073736,419,342,408,414,1583,1,1,0,ADV_IND,27,37,2,-1,0,386065211,386065846,56,32,8,pre_aa_hdr_payload
2888.0529963970184,1769649016.0379963,42.3694986,-71.0196953,13.767,C8:DE:12:8C:DC:B9,b9dc8c12dec81eff4c00121900e14f28bd53724f2b37231389b9b9802459338c73a9990000,-44324.56960345648,117025.78604112419,-175087.49922147286,97485.46797429836,-192785.41301239395,-43617.68599318867,545,546,486,486,2063,1,1,2,ADV_NONCONN_IND,37,37,0,-1,0,386699955,386700589,56,31,8,pre_aa_hdr_payload
2896.5737166404724,1769649024.5587165,42.3694986,-71.0196953,13.767,E7:7F:1D:07:3C:F5,f53c071d7fe71eff4c00121900dcd8d89dff5a2ce66276c4ec150a45ebd30a5a9fd07d0000,-82032.10173255239,129314.06319293835,-111614.16714761112,44300.42163312505,-159970.2807135343,-25196.54640991775,389,606,534,534,2063,1,1,2,ADV_NONCONN_IND,37,37,5,-1,0,387736058,387736693,55,32,8,pre_aa_hdr_payload
2900.064135313034,1769649028.0491352,42.3694986,-71.0196953,13.767,C8:DE:12:8C:DC:B9,b9dc8c12dec81eff4c00121900e14f28bd53724f2b37231389b9b9802459338c73a9990000,-36783.14428613382,174398.85374150306,-138040.48679802543,128810.52368262956,-109721.42726755647,-38176.36090448903,341,966,378,378,2063,1,1,2,ADV_NONCONN_IND,37,37,3,-1,0,388239404,388240038,55,32,8,pre_aa_hdr_payload
2900.0890595912933,1769649028.0740595,42.3694986,-71.0196953,13.767,DA:70:D6:2A:CF:4C,4ccf2ad670da1eff4c001219ffd1fe4fd8772731bda769d9fe19e15e391fae235e92ab00ff,-87450.34851363447,79776.9073767838,-149492.39457493092,81510.90472019996,-169405.85839354427,-65349.13797257783,353,804,450,456,2063,1,1,2,ADV_NONCONN_IND,37,37,0,-1,0,388272904,388273538,56,32,8,pre_aa_hdr_payload
2909.1028413772583,1769649037.0878413,42.3694986,-71.0196953,13.767,E5:65:A4:C5:A0:63,63a0c5a465e50201060303edfe0d16edfe02006d520ed62acc4a4c,-11978.072527582592,163712.13910591934,-207612.1712067321,122879.86203179274,-180712.02301609426,-8263.350577111089,419,354,402,408,1583,1,1,0,ADV_IND,27,37,4,-1,0,389785316,389785950,55,32,8,pre_aa_hdr_payload
2912.7725915908813,1769649040.7575915,42.3694986,-71.0196953,13.767,E5:65:A4:C5:A0:63,63a0c5a465e50201060303edfe0d16edfe02006d520ed62acc4a4c,-31647.948370939623,135934.7916863788,-221744.2995776298,84287.73381519178,-158444.09643040397,-56414.20763233844,419,330,414,420,1583,1,1,0,ADV_IND,27,37,5,-1,0,390434963,390435597,55,30,8,pre_aa_hdr_payload
2913.6826560497284,1769649041.667656,42.3694986,-71.0196953,13.767,F6:F2:29:08:1B:8F,8f1b0829f2f60201060303edfe0d16edfe0200904ce9b57356440d,-41523.39162676063,162621.3914351089,-229899.01517912187,93258.6671537234,-178740.58476165915,-30848.611709701214,371,402,402,408,1583,1,1,0,ADV_IND,27,37,4,-1,0,390586283,390586917,55,31,8,pre_aa_hdr_payload
2915.0979385375977,1769649043.0829384,42.3694986,-71.0196953,13.767,E5:65:A4:C5:A0:63,63a0c5a465e50201060303edfe0d16edfe02006d520ed62acc4a4c,-17881.970661111616,113074.85960414537,-172960.23024255445,106678.81246514179,-156938.8477277162,-22569.137084147915,413,348,408,414,1583,1,1,0,ADV_IND,27,37,4,-1,0,390825957,390826592,55,32,8,pre_aa_hdr_payload
2917.004013299942,1769649044.9890132,42.3694986,-71.0196953,13.767,E5:65:A4:C5:A0:63,63a0c5a465e50201060303edfe0d16edfe02006d520ed62acc4a4c,-7551.471387241945,97532.43437113838,-224568.43724743254,138931.23691014198,-187421.12195398487,-4731.579310050446,425,360,396,402,1583,1,1,0,ADV_IND,27,37,5,-1,0,391181964,391182599,55,32,8,pre_aa_hdr_payload
2920.6021189689636,1769649048.5871189,42.3694986,-71.0196953,13.767,E4:A8:69:F3:CA:16,16caf369a8e41eff4c001219001ef33dbcab4584fb7710d4e023c77d9f07e660e07db90100,-61762.41966398823,162758.90722358218,-209283.22959786,109136.35483401352,-156135.3587458127,-45750.98236691575,413,594,528,528,2063,1,1,2,ADV_NONCONN_IND,37,37,5,-1,0,391671447,391672082,55,29,8,pre_aa_hdr_payload
2924.8735225200653,1769649052.8585224,42.3694986,-71.0196953,13.767,E5:65:A4:C5:A0:63,63a0c5a465e50201060303edfe0d16edfe02006d520ed62acc4a4c,-16149.124985656452,121837.94715627117,-183796.23257869633,110722.77421884699,-175830.19894208648,-39131.94677820781,419,342,408,414,1583,1,1,0,ADV_IND,27,37,2,-1,0,391966392,391967026,56,32,8,pre_aa_hdr_payload
2928.4487993717194,1769649056.4337993,42.3694986,-71.0196953,13.767,E0:50:FB:2F:FF:63,63ff2ffb50e01eff4c001219ffe54ce160ecb16a87cae97508f31f418a439d2778965200ff,-48693.60327691726,112492.65742735588,-192054.35626344738,98403.24734234584,-181713.00889226538,-35864.49525377939,515,546,498,504,2063,1,1,2,ADV_NONCONN_IND,37,37,0,-1,0,392177832,392178466,56,32,8,pre_aa_hdr_payload
2940.3943371772766,1769649068.379337,42.3694986,-71.0196953,13.767,D3:79:62:B9:89:D7,d789b96279d31eff4c001219ff47d9f20bf16300b258875c5e73da3125647bb7b0055401ff,-37302.02877781091,127380.23538172591,-223314.35896043037,90934.48416719692,-180479.77561578003,-51006.12766640726,569,504,492,498,2063,1,1,2,ADV_NONCONN_IND,37,37,5,-1,0,393501372,393502006,55,32,8,pre_aa_hdr_payload
2948.041615009308,1769649076.026615,42.3694986,-71.0196953,13.767,DC:BB:E8:09:A2:6F,6fa209e8bbdc1eff4c001219ff00893473a36d66c2844488675cddb2390ce3f6d77ef703ff,-63829.2206803702,141706.5832572729,-228782.85638873288,97519.13480397084,-185060.6178897499,-56995.82317914785,497,624,468,474,2063,1,1,2,ADV_NONCONN_IND,37,37,3,-1,0,394832628,394833262,55,32,8,pre_aa_hdr_payload
2952.97421002388,1769649080.95921,42.3694986,-71.0196953,13.767,E5:65:A4:C5:A0:63,63a0c5a465e50201060303edfe0d16edfe02006d520ed62acc4a4c,-15535.38446304358,119094.66604510465,-205121.44953739826,113273.45061949368,-163910.5030239988,-34249.37815618283,431,342,402,408,1583,1,1,0,ADV_IND,27,37,0,-1,0,395586256,395586890,56,32,8,pre_aa_hdr_payload
2953.962728023529,1769649081.947728,42.3694986,-71.0196953,13.767,F5:85:25:CD:0A:CA,ca0acd2585f51eff4c001219ffa41596fd3aa6cbf0fbfb591a536ed6c6c109289be33b01ff,-60488.916661770374,147885.57241861653,-235386.87519416423,85930.01415700505,-171177.6433177663,-59025.98525532886,443,558,528,534,2063,1,1,2,ADV_NONCONN_IND,37,37,4,-1,0,395762380,395763015,55,32,8,pre_aa_hdr_payload
2956.1155619621277,1769649084.1005619,42.3694986,-71.0196953,13.767,CC:B9:58:EE:5D:70,705dee58b9cc1eff4c0012190030e22d731e85c7d74711d1035923b82bb46b7be0030b0200,-94344.25766710892,94928.67038865136,-154204.3515436002,115781.79327221672,-156485.29657095822,-44190.74965126451,401,714,474,474,2063,1,1,2,ADV_NONCONN_IND,37,37,0,-1,0,396071018,396071653,56,32,8,pre_aa_hdr_payload
2961.167232275009,1769649089.1522322,42.3694986,-71.0196953,13.767,D5:F7:25:07:A8:A9,a9a80725f7d51eff4c001219002987e3b6f6bcf92961a41f0d366f7cd6f2971ff8dbf60300,-27822.65467446968,140239.6586943095,-217087.08611213684,111829.50473968922,-187165.46160908343,-21961.771493690823,539,480,522,522,2063,1,1,2,ADV_NONCONN_IND,37,37,0,-1,0,396791472,396792106,56,32,8,pre_aa_hdr_payload
2970.0278403759003,1769649098.0128403,42.3694986,-71.0196953,13.767,CB:EA:30:F8:E8:E9,e9e8f830eacb1eff4c001219ff3571775bdf6a8b2addd0bda0797e4c74ff495b9551ba03ff,-74766.89353454715,147709.04711966508,-223892.1882982837,68424.44779520198,-172800.3894460198,-56650.53565373886,426,617,510,510,2063,1,1,2,ADV_NONCONN_IND,37,37,3,-1,0,398177954,398178589,55,31,7,pre_aa_hdr_payload
2973.6855397224426,1769649101.6705396,42.3694986,-71.0196953,13.767,DF:D7:2D:8F:72:F0,f0728f2dd7df1eff4c00121900fca514fcc1f57960fc72fef4286e82bd975dbdadb4d30200,-89683.59981738297,92174.46708564194,-191357.91495384005,108535.66994204192,-80171.4949370424,-37300.80890421311,431,636,498,498,2063,1,1,2,ADV_NONCONN_IND,37,37,0,-1,0,398688396,398689031,56,30,8,pre_aa_hdr_payload
2974.2850253582,1769649102.2700253,42.3694986,-71.0196953,13.767,F3:38:AC:EB:81:A3,a381ebac38f31eff4c00121900bad01219ec733193a654290491aff1f826a483d4c24e0100,-36718.997426082664,98554.22831423151,-133696.49754663248,83906.79498514145,-140840.8692341228,-29422.926313570846,467,564,516,516,2063,1,1,2,ADV_NONCONN_IND,37,37,0,-1,0,398762650,398763284,56,29,8,pre_aa_hdr_payload
2978.4218697547913,1769649106.4068696,42.3694986,-71.0196953,13.767,F2:1C:2A:2C:C9:2F,2fc92c2a1cf21eff4c001219ffeca59c8428a36fe1315f1540dde1cc9c225ac8a69e1001ff,-86971.90087633855,132454.66923844715,-230071.60251362566,86648.0438902165,-187942.90541643673,-62987.83685931554,437,636,492,498,2063,1,1,2,ADV_NONCONN_IND,37,37,4,-1,0,399195655,399196290,55,32,8,pre_aa_hdr_payload
2980.2309300899506,1769649108.21593,42.3694986,-71.0196953,13.767,DC:70:BF:FE:80:E9,e980febf70dc1eff4c001219ffd618f442d97c8b51b80ad76231b48c826e0c40cb9fcc02ff,-78421.39337021874,91953.21470472528,-173548.6580627772,64327.861659127295,-174116.9596571931,-53857.523013537335,455,630,486,492,2063,1,1,2,ADV_NONCONN_IND,37,37,1,-1,0,399467289,399467923,56,32,8,pre_aa_hdr_payload
2984.280818462372,1769649112.2658184,42.3694986,-71.0196953,13.767,D7:14:10:FB:15:4A,4a15fb1014d71eff4c001219ff8c47d2e8bebffebc6a98a3274b09cf776dcb21a49d1a03ff,-75552.57161890705,145980.60796370046,-175874.293971078,86651.41670994968,-178159.10428127914,-58489.525786321756,395,594,534,540,2063,1,1,2,ADV_NONCONN_IND,37,37,5,-1,0,400046210,400046844,55,29,8,pre_aa_hdr_payload
2987.133040904999,1769649115.1180408,42.3694986,-71.0196953,13.767,E5:34:6A:CC:D8:CA,cad8cc6a34e51eff4c0012196a20deb6376b2fd2022e4436b963aaecc108b0bf94b4aa0284,-73766.07160578987,164168.17015611051,-221076.95566225203,122901.06083938069,-187468.3041089014,-46698.30119482278,395,618,522,528,2063,1,1,0,ADV_IND,37,37,3,-1,0,400477361,400477995,55,32,7,pre_aa_hdr_payload
2987.5138840675354,1769649115.498884,42.3694986,-71.0196953,13.767,C1:BC:79:C6:5E:19,195ec679bcc11eff4c0012197d3b156c962f86afc8f25230d324c9949455241e0f2d180119,-65996.91639754912,128616.60146339443,-147704.63957394118,101172.03885853992,-47442.3576846416,-27267.68732129769,437,594,516,516,2063,1,1,0,ADV_IND,37,37,1,-1,0,400503706,400504340,56,32,8,pre_aa_hdr_payload
2987.519551038742,1769649115.504551,42.3694986,-71.0196953,13.767,C1:BC:79:C6:5E:19,195ec679bcc11eff4c0012197d3b156c962f86afc8f25230d324c9949455241e0f2d180119,-55775.43512499366,176229.44499674643,-213416.6736377462,26833.469350298907,-135603.81563025693,-27080.693579427705,455,588,510,510,2063,1,1,0,ADV_IND,37,37,0,-1,0,400511323,400511957,56,32,8,pre_aa_hdr_payload
2987.5254769325256,1769649115.5104768,42.3694986,-71.0196953,13.767,C1:BC:79:C6:5E:19,195ec679bcc11eff4c0012197d3b156c962f86afc8f25230d324c9949455241e0f2d180119,-57514.22342077466,170858.58440660397,-211675.1425438738,60693.03712515508,-169940.6524050116,-30951.720267545585,455,600,504,504,2063,1,1,0,ADV_IND,37,37,0,-1,0,400519288,400519922,56,32,8,pre_aa_hdr_payload
2989.5220363140106,1769649117.5070362,42.3694986,-71.0196953,13.767,E5:34:6A:CC:D8:CA,cad8cc6a34e51eff4c0012196a20deb6376b2fd2022e4436b963aaecc108b0bf94b4aa0284,-77299.62017472791,155398.8167438845,-206739.4573377647,119638.00216465046,-163627.11321158631,-43619.25713038271,383,642,516,522,2063,1,1,0,ADV_IND,37,37,0,-1,0,400791593,400792228,56,32,8,pre_aa_hdr_payload
2989.9493641853333,1769649117.934364,42.3694986,-71.0196953,13.767,C1:BC:79:C6:5E:19,195ec679bcc11eff4c0012197d3b156c962f86afc8f25230d324c9949455241e0f2d180119,-52652.484090104204,132642.03928501275,-119249.16368586414,82289.68758885055,-148706.70228839223,-34190.25088304309,438,635,498,492,2063,1,1,0,ADV_IND,37,37,1,-1,0,400877731,400878365,56,29,8,pre_aa_hdr_payload
2994.3065826892853,1769649122.2915826,42.3694986,-71.0196953,13.767,F3:38:AC:EB:81:A3,a381ebac38f31eff4c00121900bad01219ec733193a654290491aff1f826a483d4c24e0100,-33101.08179120778,96564.61724669422,-214714.00157579136,74779.2390057981,-170323.6223575646,-20019.466390805057,503,528,516,516,2063,1,1,2,ADV_NONCONN_IND,37,37,2,-1,0,401446343,401446977,56,32,8,pre_aa_hdr_payload
2996.800180196762,1769649124.78518,42.3694986,-71.0196953,13.767,F3:38:AC:EB:81:A3,a381ebac38f31eff4c00121900bad01219ec733193a654290491aff1f826a483d4c24e0100,-34990.1555932954,126986.66104780186,-178698.28898998402,116334.22787493147,-170020.9444493047,-25106.558924248326,497,546,510,510,2063,1,1,2,ADV_NONCONN_IND,37,37,5,-1,0,401746600,401747234,55,32,8,pre_aa_hdr_payload
3005.856154680252,1769649133.8411546,42.3694986,-71.0196953,13.767,E6:A1:EB:B9:66:AF,af66b9eba1e61eff4c0012191053dd4aadf950f0e07212ac6913848e93503b30200705032e,-52814.12834331318,169609.83914004042,-222082.8133271907,78699.34895708376,-64007.8778852176,-16595.143004212376,407,540,558,558,2063,1,1,0,ADV_IND,37,37,0,-1,0,402914442,402915077,56,30,8,pre_aa_hdr_payload
3007.446170568466,1769649135.4311705,42.3694986,-71.0196953,13.767,E5:34:6A:CC:D8:CA,cad8cc6a34e51eff4c0012196a20deb6376b2fd2022e4436b963aaecc108b0bf94b4aa0284,-69212.79713658213,133931.9606880278,-177474.77508153694,27226.732882480548,-82527.61614052876,-19585.10754650822,395,606,528,534,2063,1,1,0,ADV_IND,37,37,1,-1,0,403057306,403057941,56,29,8,pre_aa_hdr_payload
3013.5181958675385,1769649141.5031958,42.3694986,-71.0196953,13.767,E5:34:6A:CC:D8:CA,cad8cc6a34e51eff4c0012196a20deb6376b2fd2022e4436b963aaecc108b0bf94b4aa0284,-64920.84855132279,117144.4459020799,-186796.85367733156,60653.44053061697,-44061.036233725616,-14350.949577263298,407,630,510,516,2063,1,1,0,ADV_IND,37,37,5,-1,0,404076672,404077306,55,28,8,pre_aa_hdr_payload
3014.611668109894,1769649142.596668,42.3694986,-71.0196953,13.767,C8:DE:12:8C:DC:B9,b9dc8c12dec81eff4c00121900e14f28bd53724f2b37231389b9b9802459338c73a9990000,-37305.735578397274,138182.13275131452,-212864.94085553082,106220.41352055459,-194319.27885695294,-29545.88107043849,539,528,498,498,2063,1,1,2,ADV_NONCONN_IND,37,37,5,-1,0,404226871,404227505,55,32,8,pre_aa_hdr_payload
3018.8991062641144,1769649146.8841062,42.3694986,-71.0196953,13.767,CA:F5:B1:29:56:90,905629b1f5ca1eff4c0012197039d07ac4aa2f9a103e57a3d51effc9743cf2dd7630610340,-59192.557427530075,121508.01066447668,-196481.09635089446,95695.7328558127,-59898.61587596616,-23467.35779695486,413,522,564,564,2063,1,1,0,ADV_IND,37,37,0,-1,0,404909701,404910336,56,31,8,pre_aa_hdr_payload
3026.5711040496826,1769649154.556104,42.3694986,-71.0196953,13.767,C8:DE:12:8C:DC:B9,b9dc8c12dec81eff4c00121900e14f28bd53724f2b37231389b9b9802459338c73a9990000,-42130.9476265142,115198.37673465599,-73387.81140223898,55689.29330472552,-196293.96852661134,-16263.138124205125,533,534,498,498,2063,1,1,2,ADV_NONCONN_IND,37,37,0,-1,0,405881986,405882620,56,28,8,pre_aa_hdr_payload
3030.3666145801544,1769649158.3516145,42.3694986,-71.0196953,13.767,EC:3D:FC:09:98:EC,ec9809fc3dec1eff4c001219ff757c6adfc78c3a445cba9f6bb18208742e41cf532c3700ff,-35766.59513531098,153939.56768870485,-196774.09783807825,92210.82799604067,-173392.17500507896,-37465.8110375601,521,552,492,498,2063,1,1,2,ADV_NONCONN_IND,37,37,4,-1,0,406531313,406531947,55,32,8,pre_aa_hdr_payload
3048.9074351787567,1769649176.892435,42.3694986,-71.0196953,13.767,C1:BC:79:C6:5E:19,195ec679bcc11eff4c0012197d3b156c962f86afc8f25230d324c9949455241e0f2d180119,-62667.13513915512,30380.14196459483,-192902.80035717395,92799.11902270227,-20334.726516731862,-16246.622533217804,449,594,510,510,2063,1,1,0,ADV_IND,37,37,5,-1,0,409064450,409065085,55,32,8,pre_aa_hdr_payload
3049.2464022636414,1769649177.2314022,42.3694986,-71.0196953,13.767,C1:BC:79:C6:5E:19,195ec679bcc11eff4c0012197d3b156c962f86afc8f25230d324c9949455241e0f2d180119,-50798.59287707525,156340.35293083263,-208541.82043506228,90757.33765635415,-176768.42850965925,-36819.00286715967,455,576,516,516,2063,1,1,0,ADV_IND,37,37,5,-1,0,409107092,409107726,55,31,8,pre_aa_hdr_payload
3049.2630064487457,1769649177.2480063,42.3694986,-71.0196953,13.767,C1:BC:79:C6:5E:19,195ec679bcc11eff4c0012197d3b156c962f86afc8f25230d324c9949455241e0f2d180119,-56714.08098786951,171231.6360124296,-31205.860018431522,84188.05640811927,-180208.85598529305,-16647.54074295093,455,612,498,498,2063,1,1,0,ADV_IND,37,37,1,-1,0,409129409,409130044,56,32,8,pre_aa_hdr_payload
3049.596822500229,1769649177.5818224,42.3694986,-71.0196953,13.767,C1:BC:79:C6:5E:19,195ec679bcc11eff4c0012197d3b156c962f86afc8f25230d324c9949455241e0f2d180119,-67837.63815206492,136165.31920472204,-88752.60393459619,101192.63773367151,-169853.01331256278,-37788.435892989495,425,606,516,516,2063,1,1,0,ADV_IND,37,37,1,-1,0,409177224,409177859,56,32,8,pre_aa_hdr_payload
3050.3368508815765,1769649178.3218508,42.3694986,-71.0196953,13.767,F7:65:44:0D:FF:CF,cfff0d4465f71eff4c001219ff3758fb0e15362a1564159fcbe34eaf57a5860e71c0b900ff,-49794.27047636309,97741.18805423645,-158346.3784571922,96222.22001211937,-169872.72787142324,-43034.84449380271,503,522,516,522,2063,1,1,2,ADV_NONCONN_IND,37,37,0,-1,0,409293550,409294184,56,32,8,pre_aa_hdr_payload
3050.7010288238525,1769649178.6860287,42.3694986,-71.0196953,13.767,C1:BC:79:C6:5E:19,195ec679bcc11eff4c0012197d3b156c962f86afc8f25230d324c9949455241e0f2d180119,-49332.965902431555,117369.56043073168,-129619.54823710432,5083.791035294975,-89112.21201996529,-12956.07944504676,456,617,498,492,2063,1,1,0,ADV_IND,37,37,1,-1,0,409368733,409369367,56,29,8,pre_aa_hdr_payload
3051.0630583763123,1769649179.0480583,42.3694986,-71.0196953,13.767,C1:BC:79:C6:5E:19,195ec679bcc11eff4c0012197d3b156c962f86afc8f25230d324c9949455241e0f2d180119,-58980.021150147855,158734.01897903866,-207362.9660411072,13908.035946264974,-116891.69425087782,-19738.446632044135,419,672,486,486,2063,1,1,0,ADV_IND,37,37,0,-1,0,409449095,409449729,56,28,8,pre_aa_hdr_payload
3078.1628606319427,1769649206.1478605,42.3694986,-71.0196953,13.767,C5:5F:07:BA:A9:E0,e0a9ba075fc51eff4c001219ff45be8e2ec6d09b870dc9456bd58efa054f913b5c746600ff,-67224.23736021596,71396.94343581327,-159142.1618660724,84958.22788714427,-141165.66140405904,-52179.96188949481,443,702,456,462,2063,1,1,2,ADV_NONCONN_IND,37,37,0,-1,0,413168252,413168886,56,30,8,pre_aa_hdr_payload
3084.7027447223663,1769649212.6877446,42.3694986,-71.0196953,13.767,F3:38:AC:EB:81:A3,a381ebac38f31eff4c00121900bad01219ec733193a654290491aff1f826a483d4c24e0100,-26538.057950919218,149605.25173014426,-205105.19301395025,41895.65079309867,-59487.49653890442,-5844.157435687572,503,528,516,516,2063,1,1,2,ADV_NONCONN_IND,37,37,5,-1,0,414149792,414150426,55,28,8,pre_aa_hdr_payload
3087.6253974437714,1769649215.6103973,42.3694986,-71.0196953,13.767,DA:CE:D5:6F:0A:A2,a20a6fd5ceda1eff4c0012190016476fc6753be8dd1ca3966512d54db6cdf469331b500200,-75940.94613638845,122356.78129305186,-203250.71207734352,104497.76680834933,-152275.81052449986,-46890.237427443775,395,588,540,540,2063,1,1,2,ADV_NONCONN_IND,37,37,0,-1,0,414683022,414683656,56,32,8,pre_aa_hdr_payload
3107.7119312286377,1769649235.6969311,42.3694986,-71.0196953,13.767,DA:CE:D5:6F:0A:A2,a20a6fd5ceda1eff4c0012190016476fc6753be8dd1ca3966512d54db6cdf469331b500200,-76280.4705716703,128637.32727972546,-79186.74064632547,101932.31519364708,-200736.4729029834,-52854.4941023555,401,594,534,534,2063,1,1,2,ADV_NONCONN_IND,37,37,0,-1,0,417159322,417159956,56,29,8,pre_aa_hdr_payload
3114.413564682007,1769649242.3985646,42.3694986,-71.0196953,13.767,F1:5D:3A:F2:A1:A1,a1a1f23a5df11eff4c00121900a67945943c66320820937389d837663b5f8954c9fc580100,-79036.69380843345,133335.04594142482,-231331.59795535952,118337.58467147277,-193164.16585803457,-63635.81259807554,485,642,468,468,2063,1,1,2,ADV_NONCONN_IND,37,37,0,-1,0,418185900,418186534,56,32,7,pre_aa_hdr_payload
3121.5881111621857,1769649249.573111,42.3694986,-71.0196953,13.767,DA:CE:D5:6F:0A:A2,a20a6fd5ceda1eff4c0012190016476fc6753be8dd1ca3966512d54db6cdf469331b500200,-83390.6832787467,110418.4455842363,-116220.14044363154,71533.08397174432,-158160.04554967038,-66542.78748435716,293,882,444,444,2063,1,1,2,ADV_NONCONN_IND,37,37,0,-1,0,419215374,419216008,56,30,7,pre_aa_hdr_payload
3123.811366558075,1769649251.7963665,42.3694986,-71.0196953,13.767,DA:CE:D5:6F:0A:A2,a20a6fd5ceda1eff4c0012190016476fc6753be8dd1ca3966512d54db6cdf469331b500200,-74896.49637424234,105960.47793250962,-182553.37283180008,81789.25637906961,-184767.82237485534,-54207.32685375376,395,588,540,540,2063,1,1,2,ADV_NONCONN_IND,37,37,1,-1,0,419525923,419526558,56,32,8,pre_aa_hdr_payload
3124.4376242160797,1769649252.422624,42.3694986,-71.0196953,13.767,C9:B5:E9:4C:D6:C9,c9d64ce9b5c91eff4c001219ffbefac673979a0968cc808b52f4491df2a35ca872eece03ff,-55505.155289916765,132504.7972557827,-202198.6457226989,88557.09906822916,-148622.42648903473,-40502.59454387855,503,582,486,492,2063,1,1,2,ADV_NONCONN_IND,37,37,1,-1,0,419563580,419564214,56,32,8,pre_aa_hdr_payload
3135.9922075271606,1769649263.9772074,42.3694986,-71.0196953,13.767,65:2D:53:E6:FC:B9,b9fce6532d6502010403025afd17165afd13e4fb025877844d52e0f475b7000000ac754a2d,-44543.59456055994,109664.83135344651,-148815.03520212194,82184.75004998725,-160384.1856058299,-34889.40596588757,413,534,558,558,2063,1,1,0,ADV_IND,37,37,0,-1,0,421094542,421095176,56,31,8,pre_aa_hdr_payload
3150.976022720337,1769649278.9610226,42.3694986,-71.0196953,13.767,F3:38:AC:EB:81:A3,a381ebac38f31eff4c00121900bad01219ec733193a654290491aff1f826a483d4c24e0100,-25949.192479266178,49617.86976002072,-133616.76281851903,91294.82247140643,-29870.528310709225,-17248.998893627082,509,522,516,516,2063,1,1,2,ADV_NONCONN_IND,37,37,2,-1,0,423448212,423448846,56,30,8,pre_aa_hdr_payload
3154.290248155594,1769649282.275248,42.3694986,-71.0196953,13.767,DC:F3:9D:2A:65:21,21652a9df3dc1eff4c001219ffb293f4c63a53abb735bacd4c94bfd2cd108af72f69a400ff,-42439.622373998594,164304.27075731376,-175252.01248855997,92842.29459454375,-146441.19627175436,-41901.22790794677,401,672,492,498,2063,1,1,2,ADV_NONCONN_IND,37,37,3,-1,0,423922053,423922688,55,32,8,pre_aa_hdr_payload
3154.302651166916,1769649282.287651,42.3694986,-71.0196953,13.767,E6:A1:EB:B9:66:AF,af66b9eba1e61eff4c0012191053dd4aadf950f0e07212ac6913848e93503b30200705032e,-46926.48036820883,168117.96837224512,-172827.15238452147,95164.29240047814,-149879.7244258256,-24968.484541988644,372,695,498,498,2063,1,1,0,ADV_IND,37,37,0,-1,0,423938722,423939356,57,28,8,pre_aa_hdr_payload
3155.7353706359863,1769649283.7203705,42.3694986,-71.0196953,13.767,DA:CE:D5:6F:0A:A2,a20a6fd5ceda1eff4c0012190016476fc6753be8dd1ca3966512d54db6cdf469331b500200,-75662.67996031695,111782.85821198477,-199531.22584420137,94740.897012083,-190767.70391370417,-63856.44557574065,395,588,540,540,2063,1,1,2,ADV_NONCONN_IND,37,37,1,-1,0,424132266,424132901,56,32,7,pre_aa_hdr_payload
3156.3382217884064,1769649284.3232217,42.3694986,-71.0196953,13.767,CA:4F:FD:FA:EB:AC,acebfafd4fca1eff4c001219ffa6fa4f2ab8f9bdb03afd21fef5e7ee83b10467b365e702ff,-68932.19019776031,140110.65315572024,-224732.7382599247,94463.39297773218,-173300.0185317381,-58255.95525061089,431,606,510,516,2063,1,1,2,ADV_NONCONN_IND,37,37,5,-1,0,424177441,424178075,55,32,8,pre_aa_hdr_payload
3157.8952403068542,1769649285.8802402,42.3694986,-71.0196953,13.767,E7:EA:C8:58:0C:F3,f30c58c8eae71eff4c001219ff66305b4c76983ed9c9795257e21debcf24b719e29cd503ff,-71584.92895366233,106232.90720313108,-155433.11902687524,81770.43581147154,-166566.37561916368,-56687.181830527115,395,570,546,552,2063,1,1,2,ADV_NONCONN_IND,37,37,5,-1,0,424475901,424476536,55,32,8,pre_aa_hdr_payload
3159.902952194214,1769649287.887952,42.3694986,-71.0196953,13.767,DA:CE:D5:6F:0A:A2,a20a6fd5ceda1eff4c0012190016476fc6753be8dd1ca3966512d54db6cdf469331b500200,-80366.67393743548,131812.10861635016,-219012.99476513092,101209.09410191134,-83951.66868962067,-41584.850652974616,383,612,534,534,2063,1,1,2,ADV_NONCONN_IND,37,37,5,-1,0,424677173,424677808,55,32,8,pre_aa_hdr_payload
3161.814222574234,1769649289.7992225,42.3694986,-71.0196953,13.767,F1:1A:4A:A4:2B:94,942ba44a1af11eff4c0012191065651e21a97042d16aa030c084a2f1e778ed6a5a0281007e,-48123.200660392074,122357.1810450144,-228216.4984440087,32661.39454946437,-31453.541871259822,-7764.409379368393,509,534,510,510,2063,1,1,0,ADV_IND,37,37,0,-1,0,424950433,424951067,56,29,7,pre_aa_hdr_payload
3161.8187787532806,1769649289.8037786,42.3694986,-71.0196953,13.767,DA:CE:D5:6F:0A:A2,a20a6fd5ceda1eff4c0012190016476fc6753be8dd1ca3966512d54db6cdf469331b500200,-80286.32672242243,25918.70285842048,-170642.05340335524,47598.759166415446,-156676.78946296178,-30487.033412992896,389,606,534,534,2063,1,1,2,ADV_NONCONN_IND,37,37,0,-1,0,424956556,424957191,56,28,8,pre_aa_hdr_payload
3165.273447036743,1769649293.258447,42.3694986,-71.0196953,13.767,DD:09:66:DF:D4:1F,1fd4df6609dd1eff4c00121910610295343ab316ea79bb678ccbc28bdad92fb9cad59102ee,-82000.38404154661,107443.20958233898,-228184.37795627373,73778.59168685328,-65613.12387273251,-32886.1761786853,455,582,510,516,2063,1,1,0,ADV_IND,37,37,5,-1,0,425473679,425474313,55,28,8,pre_aa_hdr_payload
3166.177868127823,1769649294.162868,42.3694986,-71.0196953,13.767,DD:39:F2:59:96:5C,5c9659f239dd1eff4c001219ff81e8b13e5a42c6e0812a893b57e032783d5bfe27825700ff,-46220.04315051039,81075.5675540945,-194252.30307037616,104654.75005856158,-47908.102148956226,-23087.495489012294,449,504,552,558,2063,1,1,2,ADV_NONCONN_IND,37,37,5,-1,0,425630855,425631489,55,31,8,pre_aa_hdr_payload
3166.5888941287994,1769649294.573894,42.3694986,-71.0196953,13.767,E6:A1:EB:B9:66:AF,af66b9eba1e61eff4c0012191053dd4aadf950f0e07212ac6913848e93503b30200705032e,-37298.03027122831,140554.96016385235,-175605.1436310472,70136.63866727205,-191198.82412271574,-19845.05730952014,437,522,552,552,2063,1,1,0,ADV_IND,37,37,5,-1,0,425697770,425698404,55,32,8,pre_aa_hdr_payload
3167.9124867916107,1769649295.8974867,42.3694986,-71.0196953,13.767,DB:E7:7B:5F:F4:82,82f45f7be7db1eff4c001219ff1bd1ff7a2c533b885106bf35ecca5156bf53e341392101ff,-58072.92933832867,115776.64373764247,-212166.19277409167,88007.1860885188,-171996.51016214475,-50569.102070926405,467,582,504,510,2063,1,1,2,ADV_NONCONN_IND,37,37,3,-1,0,425913992,425914627,55,30,8,pre_aa_hdr_payload
3170.352255344391,1769649298.3372552,42.3694986,-71.0196953,13.767,FA:F0:44:C9:95:83,8395c944f0fa1eff4c001219ff3013435ccd5ae7c3188270e9abfcac18c0da7c1f11c302ff,-64820.722246808604,88563.08188032106,-175528.2823842471,88218.45332773168,-163769.9110086693,-50650.56989706925,437,612,504,510,2063,1,1,2,ADV_NONCONN_IND,37,37,0,-1,0,426191629,426192263,56,32,8,pre_aa_hdr_payload
3170.370143175125,1769649298.355143,42.3694986,-71.0196953,13.767,E6:A1:EB:B9:66:AF,af66b9eba1e61eff4c0012191053dd4aadf950f0e07212ac6913848e93503b30200705032e,-48363.84387772905,150002.95988211664,-196302.95585622455,121817.2300143829,-184658.30916809692,-39381.13484481166,431,540,546,546,2063,1,1,0,ADV_IND,37,37,0,-1,0,426215672,426216307,56,32,8,pre_aa_hdr_payload
3170.7391669750214,1769649298.7241669,42.3694986,-71.0196953,13.767,F3:38:AC:EB:81:A3,a381ebac38f31eff4c00121900bad01219ec733193a654290491aff1f826a483d4c24e0100,-35143.3972908566,130973.24197877597,-160459.85518694646,112264.41391210875,-167649.50255855324,-28802.810947288508,491,552,510,510,2063,1,1,2,ADV_NONCONN_IND,37,37,4,-1,0,426304090,426304724,55,32,8,pre_aa_hdr_payload
3172.283970117569,1769649300.26897,42.3694986,-71.0196953,13.767,E3:55:EA:9F:D9:89,89d99fea55e31eff4c001219fff621e9ddd9ee4c7179944711f9c0339db24b32d09a8c01ff,-34156.39226562852,117163.12032433346,-161187.9527163344,95724.40973922402,-180736.05816609145,-37840.128236312834,551,534,486,492,2063,1,1,2,ADV_NONCONN_IND,37,37,1,-1,0,426448012,426448647,56,30,8,pre_aa_hdr_payload
3178.6134572029114,1769649306.598457,42.3694986,-71.0196953,13.767,C5:B1:F3:E4:BD:EE,eebde4f3b1c51eff4c001219ff96f228be147b416c5f95d125a3a04d26b3106c439d4700ff,-60414.34664843895,114624.39206722056,-199198.6215600478,96237.92674797715,-177904.04452528327,-49545.389405073285,419,534,552,558,2063,1,1,2,ADV_NONCONN_IND,37,37,1,-1,0,427304668,427305302,56,32,8,pre_aa_hdr_payload
3184.5478370189667,1769649312.532837,42.3694986,-71.0196953,13.767,E6:A1:EB:B9:66:AF,af66b9eba1e61eff4c0012191053dd4aadf950f0e07212ac6913848e93503b302007050311,-33201.33971915929,83459.66384598425,-127100.36453739772,36140.20233276963,-134722.70758523964,-31246.76715232764,467,492,552,552,2063,1,1,0,ADV_IND,37,37,2,-1,0,428095642,428096276,56,28,8,pre_aa_hdr_payload
3184.905359983444,1769649312.8903599,42.3694986,-71.0196953,13.767,F3:38:AC:EB:81:A3,a381ebac38f31eff4c00121900bad01219ec733193a654290491aff1f826a483d4c24e0100,-34868.52842242423,165884.72930352198,-121144.192071392,109955.68274522785,-149365.3125975944,-29101.850133182776,359,792,456,456,2063,1,1,2,ADV_NONCONN_IND,37,37,4,-1,0,428173979,428174613,55,31,8,pre_aa_hdr_payload
3186.7653589248657,1769649314.7503588,42.3694986,-71.0196953,13.767,F3:38:AC:EB:81:A3,a381ebac38f31eff4c00121900bad01219ec733193a654290491aff1f826a483d4c24e0100,-35460.87302169096,134166.35540080088,-172995.03732148145,113527.63503222015,-183424.17754141625,-29308.635038413675,497,534,516,516,2063,1,1,2,ADV_NONCONN_IND,37,37,0,-1,0,428457626,428458261,56,32,8,pre_aa_hdr_payload
3195.1386544704437,1769649323.1236544,42.3694986,-71.0196953,13.767,F3:38:AC:EB:81:A3,a381ebac38f31eff4c00121900bad01219ec733193a654290491aff1f826a483d4c24e0100,-36613.06190337508,145631.48088782074,-194909.7018616304,120178.1799330677,-181362.3149526858,-25982.323582130975,497,546,510,510,2063,1,1,2,ADV_NONCONN_IND,37,37,5,-1,0,429608102,429608736,55,31,8,pre_aa_hdr_payload
3199.996703863144,1769649327.9817038,42.3694986,-71.0196953,13.767,E2:A3:CF:E2:CA:FA,facae2cfa3e21eff4c00121900ac061d1c6b6eeb2f4fecba612a382b9959d18d8d01480300,-33345.43536652131,167278.7263481864,-191010.36100753353,66783.5771173593,-117808.62574924347,-13618.546125741796,461,558,522,522,2063,1,1,2,ADV_NONCONN_IND,37,37,0,-1,0,430258152,430258786,56,32,8,pre_aa_hdr_payload
3200.3686621189117,1769649328.353662,42.3694986,-71.0196953,13.767,F7:85:93:62:ED:F7,f7ed629385f71eff4c00121910471c47843f2a9dcd660f64f88eabe4ab30077bbb0b0200db,-84270.21243131143,87315.9015108341,-153144.35269983482,66253.15360020536,-142953.65074951024,-50056.91003252276,353,660,522,528,2063,1,1,0,ADV_IND,37,37,1,-1,0,430350514,430351148,56,32,7,pre_aa_hdr_payload
3203.9710063934326,1769649331.9560063,42.3694986,-71.0196953,13.767,CF:D8:5D:17:DD:9C,9cdd175dd8cf1eff4c001219ffc2683e1a52d749fbc082c9cd4ccbf7ca575d2e3b464401ff,-47326.21718998279,135052.564445956,-207504.7100730043,102691.8257287072,-147123.27343939367,-35815.51784590623,492,599,486,486,2063,1,1,2,ADV_NONCONN_IND,37,37,5,-1,0,430824514,430825148,55,31,8,pre_aa_hdr_payload
3206.3593425750732,1769649334.3443425,42.3694986,-71.0196953,13.767,D0:55:B2:82:2D:CA,ca2d82b255d01eff4c001219ff044c83606a2255a9b5c9af48a4543711cc6b53c1af2c01ff,-62968.79471316897,166343.9383675566,-204402.49579264075,96193.45354595604,-165909.36107625614,-47250.27929179014,431,714,456,462,2063,1,1,2,ADV_NONCONN_IND,37,37,5,-1,0,431129796,431130430,55,32,8,pre_aa_hdr_payload
3207.4484004974365,1769649335.4334004,42.3694986,-71.0196953,13.767,EE:31:EB:5F:E3:C6,c6e35feb31ee1eff4c00121900e7e31cb91bbd602b6f006f11899478ea191302798b0c0000,-46910.77449048446,132902.4099531545,-198314.7219076898,97256.55663107675,-171423.56717471854,-43946.44715868089,473,558,516,516,2063,1,1,2,ADV_NONCONN_IND,37,37,4,-1,0,431326483,431327117,55,32,8,pre_aa_hdr_payload
3208.886045694351,1769649336.8710456,42.3694986,-71.0196953,13.767,DA:CE:D5:6F:0A:A2,a20a6fd5ceda1eff4c0012190016476fc6753be8dd1ca3966512d54db6cdf469331b500200,-85264.1401378649,86769.3261024167,-189604.70159730825,59145.25307655192,-174920.73693071824,-64906.083590768496,395,588,540,540,2063,1,1,2,ADV_NONCONN_IND,37,37,0,-1,0,431430195,431430829,56,32,8,pre_aa_hdr_payload
3210.9543006420135,1769649338.9393005,42.3694986,-71.0196953,13.767,DA:CE:D5:6F:0A:A2,a20a6fd5ceda1eff4c0012190016476fc6753be8dd1ca3966512d54db6cdf469331b500200,-72652.62981814286,162951.32910605808,-221476.4332517615,70955.22323099278,-151046.6936823935,-63298.98479575954,335,660,534,534,2063,1,1,2,ADV_NONCONN_IND,37,37,3,-1,0,431621770,431622404,55,29,8,pre_aa_hdr_payload
3210.9600336551666,1769649338.9450336,42.3694986,-71.0196953,13.767,EF:59:11:AC:46:96,9646ac1159ef1eff4c001219ff0b1a17adec90843648e1aad2dbefe8252999f4804fb703ff,-67818.15076856004,139916.29129288203,-213063.797842971,65649.21616933719,-191461.13945814513,-51170.221476547784,504,647,456,456,2063,1,1,2,ADV_NONCONN_IND,37,37,0,-1,0,431629475,431630109,56,30,7,pre_aa_hdr_payload
3216.358098268509,1769649344.3430982,42.3694986,-71.0196953,13.767,DA:D6:2C:7C:A3:FC,fca37c2cd6da1eff4c001219ffc964f3e14fe73a64bf887360c0e2909359ab2a03246303ff,-39393.39001612019,124174.29240852373,-208382.4549547134,70987.59816091646,-162903.2762956886,-32439.996747318004,455,486,558,564,2063,1,1,2,ADV_NONCONN_IND,37,37,1,-1,0,432128637,432129271,56,32,8,pre_aa_hdr_payload
3219.748458623886,1769649347.7334585,42.3694986,-71.0196953,13.767,F5:F3:D6:3D:4D:7B,7b4d3dd6f3f51eff4c001219005accb9dbb13a74bc254125ef26468ce07e920b37f27e0200,-64220.16363357459,135913.9284708089,-223394.6090554457,86416.29350478915,-155143.1668986753,-43890.69362798795,491,612,480,480,2063,1,1,2,ADV_NONCONN_IND,37,37,0,-1,0,432452769,432453403,56,29,8,pre_aa_hdr_payload
3226.2951562404633,1769649354.2801561,42.3694986,-71.0196953,13.767,FA:A5:48:DB:D6:2A,2ad6db48a5fa1eff4c001219d0b478fc1a16ebc8b881d57b5aacb422ab929ee0fdfde000c3,-86755.19889503442,119468.11668345741,-131445.41746725605,97667.6299133155,-53311.41891645867,-36574.86662821661,383,630,522,528,2063,1,1,0,ADV_IND,37,37,0,-1,0,433377930,433378565,56,28,8,pre_aa_hdr_payload
3230.3919293880463,1769649358.3769293,42.3694986,-71.0196953,13.767,CD:71:37:24:F5:6E,6ef5243771cd1eff4c001219ff9db30380b330156b58d52d9a0e92e0db61c2dd46112d03ff,-46698.76470685155,93716.38313624586,-168281.8884564698,85394.53522290757,-152934.37222591287,-40801.01506099984,461,552,522,528,2063,1,1,2,ADV_NONCONN_IND,37,37,2,-1,0,433925783,433926417,56,32,8,pre_aa_hdr_payload
3231.025911808014,1769649359.0109117,42.3694986,-71.0196953,13.767,F3:38:AC:EB:81:A3,a381ebac38f31eff4c00121900bad01219ec733193a654290491aff1f826a483d4c24e0100,-33815.22075868498,36624.14062511288,-160243.87424492565,98675.37931516985,-165049.52670587297,-26278.644993371014,503,528,516,516,2063,1,1,2,ADV_NONCONN_IND,37,37,1,-1,0,434023553,434024188,56,28,8,pre_aa_hdr_payload
3233.733300924301,1769649361.7183008,42.3694986,-71.0196953,13.767,F5:F3:D6:3D:4D:7B,7b4d3dd6f3f51eff4c001219005accb9dbb13a74bc254125ef26468ce07e920b37f27e0200,-66630.29549275032,154098.96324415255,-233875.75223040648,93472.2272294311,-156955.36706952954,-51502.41681145626,479,612,486,486,2063,1,1,2,ADV_NONCONN_IND,37,37,3,-1,0,434351758,434352392,55,30,8,pre_aa_hdr_payload
3238.3467350006104,1769649366.331735,42.3694986,-71.0196953,13.767,FB:DD:33:7E:3B:DA,da3b7e33ddfb1eff4c001219ff3f3e98600f6bd74cd3538e27e4918ee3392429abdaab00ff,-81155.9521006758,116555.44038095247,-204786.41641331319,93094.43912746535,-185637.69853681032,-59190.06678119357,419,618,510,516,2063,1,1,2,ADV_NONCONN_IND,37,37,1,-1,0,434928723,434929357,56,32,8,pre_aa_hdr_payload
3239.243488550186,1769649367.2284884,42.3694986,-71.0196953,13.767,F3:38:AC:EB:81:A3,a381ebac38f31eff4c00121900bad01219ec733193a654290491aff1f826a483d4c24e0100,-38133.437113166685,119916.13149916436,-226521.2774780448,109817.42688311696,-35930.45682399318,-18177.58411173172,485,534,522,522,2063,1,1,2,ADV_NONCONN_IND,37,37,5,-1,0,435046023,435046657,55,31,8,pre_aa_hdr_payload
3242.0380709171295,1769649370.0230708,42.3694986,-71.0196953,13.767,F4:47:7A:D3:44:37,3744d37a47f41eff4c001219ffb2adc35b73dffd778df7323cc2dcc6342272188b534400ff,-64350.6344764781,141632.44262668982,-233661.74065202766,90361.35730004357,-159165.83448765363,-49604.687702845426,420,551,546,546,2063,1,1,2,ADV_NONCONN_IND,37,37,0,-1,0,435548567,435549202,57,29,8,pre_aa_hdr_payload
3246.262746334076,1769649374.2477462,42.3694986,-71.0196953,13.767,CF:BF:A8:13:17:59,591713a8bfcf1eff4c001219ffb92517a84a407fccceaa4812b722f200d5dbc880700a02ff,-79795.57762982168,126542.13860974184,-221173.5729316948,101184.58853865396,-176453.936452684,-55171.292761313875,467,642,474,480,2063,1,1,2,ADV_NONCONN_IND,37,37,5,-1,0,436300962,436301597,55,31,8,pre_aa_hdr_payload
3252.3879504203796,1769649380.3729503,42.3694986,-71.0196953,13.767,DF:9F:9B:FC:17:75,7517fc9b9fdf1eff4c001219ffa9aa992498b0fca165f1939296b96f50925642baf5e301ff,-74186.39860203011,115887.90470634963,-133916.1010475554,105915.2601191234,-146555.58119578715,-53794.31137292634,263,978,408,414,2063,1,1,2,ADV_NONCONN_IND,37,37,4,-1,0,437083636,437084271,55,32,8,pre_aa_hdr_payload
3252.3949377536774,1769649380.3799376,42.3694986,-71.0196953,13.767,E6:A1:EB:B9:66:AF,af66b9eba1e61eff4c0012191053dd4aadf950f0e07212ac6913848e93503b302007050311,-36310.37424359399,96324.56883739396,-180110.1328029097,115924.46244664339,-163978.07729779053,-33752.88025161108,455,504,552,552,2063,1,1,0,ADV_IND,37,37,1,-1,0,437093027,437093662,56,30,7,pre_aa_hdr_payload
3254.5969893932343,1769649382.5819893,42.3694986,-71.0196953,13.767,E6:A1:EB:B9:66:AF,af66b9eba1e61eff4c0012191053dd4aadf950f0e07212ac6913848e93503b302007050311,-37309.29296859532,133383.5691740554,-197576.53236726366,126697.99739473914,-183930.72199767188,-36152.10955672637,461,498,552,552,2063,1,1,0,ADV_IND,37,37,5,-1,0,437403304,437403938,55,32,7,pre_aa_hdr_payload
3256.1080029010773,1769649384.0930028,42.3694986,-71.0196953,13.767,DA:CE:D5:6F:0A:A2,a20a6fd5ceda1eff4c0012190016476fc6753be8dd1ca3966512d54db6cdf469331b500200,-74089.87949117675,66701.26441930952,-168988.29731574847,81410.44249325729,-110880.8894560757,-52491.4957673469,389,582,546,546,2063,1,1,2,ADV_NONCONN_IND,37,37,2,-1,0,437691004,437691638,56,30,8,pre_aa_hdr_payload
3262.3984575271606,1769649390.3834574,42.3694986,-71.0196953,13.767,EA:57:2D:AE:90:83,8390ae2d57ea1eff4c001219ff5b19cda52d8bf797e1b1106e5d6929935954998b1cf802ff,-57525.30469124157,122231.85917375085,-202056.8589062778,102624.69615875196,-180088.2223954347,-47117.04471495611,467,546,522,528,2063,1,1,2,ADV_NONCONN_IND,37,37,5,-1,0,438384285,438384920,55,31,8,pre_aa_hdr_payload
3265.304993391037,1769649393.2899933,42.3694986,-71.0196953,13.767,F3:38:AC:EB:81:A3,a381ebac38f31eff4c00121900bad01219ec733193a654290491aff1f826a483d4c24e0100,-38802.17666693644,110566.56572509727,-169079.4147416752,94969.27290388604,-155930.1939130909,-29099.62954887788,485,534,522,522,2063,1,1,2,ADV_NONCONN_IND,37,37,1,-1,0,438944239,438944874,56,32,8,pre_aa_hdr_payload
3270.4580454826355,1769649398.4430454,42.3694986,-71.0196953,13.767,E3:23:AA:B7:AD:65,65adb7aa23e31eff4c001219ff21b611ab3926a7b9e15baecaa161aeff9f53a7b1337502ff,-44336.732320543604,96964.06281107804,-177860.67420672963,87906.88168869703,-134157.78454884715,-37342.45318640884,497,516,522,528,2063,1,1,2,ADV_NONCONN_IND,37,37,0,-1,0,439772084,439772719,56,32,8,pre_aa_hdr_payload
3274.02600812912,1769649402.011008,42.3694986,-71.0196953,13.767,DA:CE:D5:6F:0A:A2,a20a6fd5ceda1eff4c0012190016476fc6753be8dd1ca3966512d54db6cdf469331b500200,-77533.37628464148,69751.22536244325,-185269.69704021525,96987.24609630613,-51768.81334847995,-32559.89640801563,371,600,546,546,2063,1,1,2,ADV_NONCONN_IND,37,37,0,-1,0,440390084,440390718,56,32,8,pre_aa_hdr_payload
3276.0065808296204,1769649403.9915807,42.3694986,-71.0196953,13.767,E0:4C:FF:F8:E0:2D,2de0f8ff4ce01eff4c001219ff3ffa4c0297b7b1ce538635150ecc6770067011691d5800ff,-67397.46091851959,105548.10161879906,-192117.61753330752,92391.72373515015,-177404.58979755675,-54823.40979260592,431,558,534,540,2063,1,1,2,ADV_NONCONN_IND,37,37,0,-1,0,440719877,440720512,56,32,8,pre_aa_hdr_payload
3277.2977726459503,1769649405.2827725,42.3694986,-71.0196953,13.767,F3:38:AC:EB:81:A3,a381ebac38f31eff4c00121900bad01219ec733193a654290491aff1f826a483d4c24e0100,-37795.66291386228,103414.0618281924,-183782.49235383465,103309.56485571407,-156083.0551666632,-27675.779616368236,497,534,516,516,2063,1,1,2,ADV_NONCONN_IND,37,37,3,-1,0,440883142,440883776,55,32,8,pre_aa_hdr_payload
3278.042645215988,1769649406.027645,42.3694986,-71.0196953,13.767,DE:70:82:1C:78:16,16781c8270de1eff4c001219ff3ab83ba6625175b511c24abc1dffa570984e7f25166a03ff,-66181.67301487482,135843.13494923274,-122877.08721834775,124543.77687576949,-149626.20437933863,-52259.858539237044,275,1014,384,390,2063,1,1,2,ADV_NONCONN_IND,37,37,0,-1,0,440975387,440976022,56,32,8,pre_aa_hdr_payload
3279.2844998836517,1769649407.2694998,42.3694986,-71.0196953,13.767,F3:38:AC:EB:81:A3,a381ebac38f31eff4c00121900bad01219ec733193a654290491aff1f826a483d4c24e0100,-34260.87637313531,136920.89125157564,-153726.1294009574,122648.85711030336,-185824.06520523902,-36768.43950538143,497,546,510,510,2063,1,1,2,ADV_NONCONN_IND,37,37,5,-1,0,441074006,441074641,55,32,8,pre_aa_hdr_payload
3283.5693566799164,1769649411.5543566,42.3694986,-71.0196953,13.767,C8:2A:0B:0A:1A:61,611a0a0b2ac81eff4c00121900d088181f70e686c0296d90312e4371bdc90a84a2f3200200,-58202.46458761009,101844.78348768616,-160113.27065727522,16013.550967053978,-48421.64442406722,-6328.841296545572,467,612,492,492,2063,1,1,2,ADV_NONCONN_IND,37,37,1,-1,0,441641113,441641747,56,28,8,pre_aa_hdr_payload
3285.315938472748,1769649413.3009384,42.3694986,-71.0196953,13.767,F3:38:AC:EB:81:A3,a381ebac38f31eff4c00121900bad01219ec733193a654290491aff1f826a483d4c24e0100,-40887.148832450024,153299.93583525173,-223853.95449584228,117634.23676017522,-181115.13579700745,-38207.76427880615,491,540,516,516,2063,1,1,2,ADV_NONCONN_IND,37,37,4,-1,0,441866404,441867039,55,32,8,pre_aa_hdr_payload
3286.1135857105255,1769649414.0985856,42.3694986,-71.0196953,13.767,DA:CE:D5:6F:0A:A2,a20a6fd5ceda1eff4c0012190016476fc6753be8dd1ca3966512d54db6cdf469331b500200,-85663.20817028164,76632.56933487619,-168942.42626105042,52362.75379800307,-146213.5356845622,-75092.86525074524,371,636,528,528,2063,1,1,2,ADV_NONCONN_IND,37,37,1,-1,0,442011786,442012421,56,32,8,pre_aa_hdr_payload
3290.497412443161,1769649418.4824123,42.3694986,-71.0196953,13.767,DA:CE:D5:6F:0A:A2,a20a6fd5ceda1eff4c0012190016476fc6753be8dd1ca3966512d54db6cdf469331b500200,-77398.80732822981,61015.786079885875,-227841.6962952595,106500.1922293046,-197389.35844950253,-49926.72607232711,419,600,522,522,2063,1,1,2,ADV_NONCONN_IND,37,37,1,-1,0,442705568,442706202,56,28,8,pre_aa_hdr_payload
3295.656417131424,1769649423.641417,42.3694986,-71.0196953,13.767,C2:83:23:BD:5E:96,965ebd2383c21eff4c00121910048b885b94d205f96998cd9f2840f1db61c0ab3c0a5600a6,-37529.175256736504,131213.81932404428,-206201.42110486748,20892.38089953725,-143941.98862038116,-15581.479754149357,509,528,510,516,2063,1,1,0,ADV_IND,37,37,0,-1,0,443553510,443554144,56,32,8,pre_aa_hdr_payload
3297.3582191467285,1769649425.343219,42.3694986,-71.0196953,13.767,C2:83:23:BD:5E:96,965ebd2383c21eff4c00121910048b885b94d205f96998cd9f2840f1db61c0ab3c0a5600a6,-43735.33416322285,161626.65643239065,-225526.05185204686,96698.53461930816,-161912.02971847364,-28277.604117198676,503,534,510,516,2063,1,1,0,ADV_IND,37,37,2,-1,0,443791518,443792152,56,28,8,pre_aa_hdr_payload
3302.0493602752686,1769649430.0343602,42.3694986,-71.0196953,13.767,F6:BE:0C:31:4F:63,634f310cbef61eff4c001219fffddd286953c7b98e1702d7a2ae71771344a82044fc8903ff,-54956.61283615857,144495.7903484405,-221070.16534660562,88002.13418069754,-180199.30960851864,-47285.46520780571,449,540,534,540,2063,1,1,2,ADV_NONCONN_IND,37,37,4,-1,0,444461855,444462489,55,32,8,pre_aa_hdr_payload
3304.2214365005493,1769649432.2064364,42.3694986,-71.0196953,13.767,F5:44:C6:CB:80:74,7480cbc644f51eff4c001219ff9f378cf4be2d5908cb51e1ad9dab44cc0ed04a18f5d903ff,-68812.50536193726,116544.59505072722,-206192.0989298641,101649.44693873581,-165814.00623917638,-55244.063013975196,437,600,510,516,2063,1,1,2,ADV_NONCONN_IND,37,37,5,-1,0,444691842,444692476,55,32,8,pre_aa_hdr_payload
3305.953848838806,1769649433.9388487,42.3694986,-71.0196953,13.767,FA:25:3C:CB:BD:2B,2bbdcb3c25fa1eff4c00121900c161503d0ce8ea31ad0b1eb5a7b2bf26ae84b8a8d8e90300,-72026.18763382787,47173.16723554261,-193994.35347255217,106491.63274040988,-173361.26881581784,-51678.9130897092,455,588,510,510,2063,1,1,2,ADV_NONCONN_IND,37,37,5,-1,0,444871531,444872166,55,32,8,pre_aa_hdr_payload
3305.9870896339417,1769649433.9720895,42.3694986,-71.0196953,13.767,C0:8D:A5:10:58:D2,d25810a58dc01eff4c001219ff9722ce62f3e44693a52b9d9c86f6ec6af920dea501f201ff,-35777.971669164326,134647.52435662685,-214239.52077809014,98978.19099546644,-183327.04766179834,-35960.46265496404,545,504,504,510,2063,1,1,2,ADV_NONCONN_IND,37,37,0,-1,0,444916210,444916844,56,32,8,pre_aa_hdr_payload
3310.296905517578,1769649438.2819054,42.3694986,-71.0196953,13.767,DA:CE:D5:6F:0A:A2,a20a6fd5ceda1eff4c0012190016476fc6753be8dd1ca3966512d54db6cdf469331b500200,-80148.75532868362,76055.39167605984,-142768.25482924352,80350.63771441618,-184684.2524179225,-65227.68931681797,395,588,540,540,2063,1,1,2,ADV_NONCONN_IND,37,37,0,-1,0,445603255,445603890,56,32,8,pre_aa_hdr_payload
3314.1121332645416,1769649442.0971332,42.3694986,-71.0196953,13.767,DA:CE:D5:6F:0A:A2,a20a6fd5ceda1eff4c0012190016476fc6753be8dd1ca3966512d54db6cdf469331b500200,-77871.36392735776,88216.44024712255,-180477.3564524641,84268.81962653872,-179944.087165514,-61508.290376831814,389,606,534,534,2063,1,1,2,ADV_NONCONN_IND,37,37,5,-1,0,446218923,446219558,55,32,7,pre_aa_hdr_payload
3316.721219062805,1769649444.706219,42.3694986,-71.0196953,13.767,C3:6F:38:3E:95:E5,e5953e386fc31eff4c00121910063071faf2ccb2ff8f9c0a22549217532345f09b8eac01e5,-41990.398697179626,136008.98463621153,-23712.027198959404,86825.41263761463,-150999.2526994547,-14448.88096856842,420,707,468,468,2063,1,1,0,ADV_IND,37,37,3,-1,0,446531933,446532568,56,32,7,pre_aa_hdr_payload
3322.3433792591095,1769649450.3283792,42.3694986,-71.0196953,13.767,C4:F6:C1:F6:15:56,5615f6c1f6c41eff4c001219ff9aa579fac9849ff443ad7f12fb2e96a7f0fa1670ef0703ff,-64737.58603788029,122671.48278688901,-206063.6839368434,105317.94700376186,-174212.35139881386,-44453.91197542709,485,564,504,510,2063,1,1,2,ADV_NONCONN_IND,37,37,1,-1,0,447301107,447301742,56,32,8,pre_aa_hdr_payload
3324.1377141475677,1769649452.122714,42.3694986,-71.0196953,13.767,DA:CE:D5:6F:0A:A2,a20a6fd5ceda1eff4c0012190016476fc6753be8dd1ca3966512d54db6cdf469331b500200,-79595.17561040499,100207.73790206849,-177319.88766781785,81833.01746537497,-176740.3221102959,-50345.72150135186,395,588,540,540,2063,1,1,2,ADV_NONCONN_IND,37,37,0,-1,0,447666873,447667508,56,32,8,pre_aa_hdr_payload
3324.6627254486084,1769649452.6477253,42.3694986,-71.0196953,13.767,D1:7F:6B:A4:31:F1,f131a46b7fd11eff4c00121900711a263fad19138563d4d27b9dce6dc8e65e7998614b0200,-36230.43257106352,89100.80168706065,-17895.067598067923,113154.10305690598,-89761.96336129849,-10226.694692658697,467,552,522,522,2063,1,1,2,ADV_NONCONN_IND,37,37,5,-1,0,447714951,447715586,55,29,8,pre_aa_hdr_payload
3326.6429641246796,1769649454.627964,42.3694986,-71.0196953,13.767,D1:7F:6B:A4:31:F1,f131a46b7fd11eff4c00121900711a263fad19138563d4d27b9dce6dc8e65e7998614b0200,-40599.71170444796,137628.06364564374,-180755.4109269767,136716.24434856206,-137881.81027557523,-34664.27714291107,473,546,522,522,2063,1,1,2,ADV_NONCONN_IND,37,37,5,-1,0,448036231,448036865,55,32,8,pre_aa_hdr_payload
3338.31964468956,1769649466.3046446,42.3694986,-71.0196953,13.767,CC:30:86:5B:04:4D,4d045b8630cc1eff4c001219ff8d03f6926a750bdd633f7787f631a045ad7c07d4796000ff,-96642.18943943828,116241.44753389279,-208320.28613574838,75109.5797806584,-163334.2084658839,-69140.63378590031,359,684,510,510,2063,1,1,2,ADV_NONCONN_IND,37,37,1,-1,0,449335769,449336403,56,32,8,pre_aa_hdr_payload
3351.7770595550537,1769649479.7620595,42.3694986,-71.0196953,13.767,D3:DD:8D:14:DC:6F,6fdc148dddd31eff4c00121900156f40ec92777f6194e722d8982e30948c417ea065690300,-51132.4717341128,140172.92468972583,-154763.59942081533,94994.87599726405,-168334.16286618853,-40212.634070262684,413,534,558,558,2063,1,1,2,ADV_NONCONN_IND,37,37,4,-1,0,451152517,451153152,55,29,8,pre_aa_hdr_payload
3353.837660551071,1769649481.8226604,42.3694986,-71.0196953,13.767,F3:38:AC:EB:81:A3,a381ebac38f31eff4c00121900bad01219ec733193a654290491aff1f826a483d4c24e0100,-30434.800050821803,157730.56570314654,-154026.552727983,112963.10451584202,-98581.00227326152,-38030.95416140126,431,756,438,438,2063,1,1,2,ADV_NONCONN_IND,37,37,3,-1,0,451428910,451429545,55,32,8,pre_aa_hdr_payload
3355.82089138031,1769649483.8058913,42.3694986,-71.0196953,13.767,DA:51:55:C7:8A:28,288ac75551da1eff4c0012190061c27fd4c907804c7c347dcedeb332a35479978f80f80100,-92935.73747731444,61450.796876608474,-159785.6983338176,80562.99758229419,-151718.54982534976,-60276.58728854068,401,666,498,498,2063,1,1,2,ADV_NONCONN_IND,37,37,2,-1,0,451687331,451687966,56,30,8,pre_aa_hdr_payload
3356.2174305915833,1769649484.2024305,42.3694986,-71.0196953,13.767,E9:7B:E9:48:0F:73,730f48e97be91eff4c001219ff6b7f9cd190717863912ac7bc4ffa06b219c827ca8a0d00ff,-63119.72766449164,119343.53037923983,-207161.9578796215,92614.2594293768,-183765.97543690365,-61646.43602533179,461,552,522,528,2063,1,1,2,ADV_NONCONN_IND,37,37,5,-1,0,451768378,451769012,55,32,8,pre_aa_hdr_payload
3359.7178225517273,1769649487.7028224,42.3694986,-71.0196953,13.767,F3:38:AC:EB:81:A3,a381ebac38f31eff4c00121900bad01219ec733193a654290491aff1f826a483d4c24e0100,-32943.17991248714,138650.89838140193,-185304.44055120237,109073.72592669741,-168711.2657893341,-21172.691339685203,491,528,522,522,2063,1,1,2,ADV_NONCONN_IND,37,37,3,-1,0,452089864,452090499,55,32,8,pre_aa_hdr_payload
3360.1894545555115,1769649488.1744545,42.3694986,-71.0196953,13.767,C0:3E:E3:84:47:62,624784e33ec01eff4c001219ffa19ab8a90baea9fdda1454491b0182f50fcf18a441a702ff,-46019.07194866202,97117.58258513079,-174688.62343220937,90588.12220193431,-142712.23241921695,-40576.1032661622,527,570,480,486,2063,1,1,2,ADV_NONCONN_IND,37,37,1,-1,0,452146841,452147475,56,29,8,pre_aa_hdr_payload
3361.9820754528046,1769649489.9670753,42.3694986,-71.0196953,13.767,F4:45:81:96:67:52,5267968145f41eff4c001219ff53f39e56211052ceb40d71cbfec12d6e6f07605f206f01ff,-37891.43141538386,132331.35439281844,-222581.3911708827,94629.08360877252,-181954.38829943616,-42733.70837392894,539,498,510,516,2063,1,1,2,ADV_NONCONN_IND,37,37,5,-1,0,452388639,452389274,55,32,8,pre_aa_hdr_payload
3366.0560131073,1769649494.041013,42.3694986,-71.0196953,13.767,EB:49:B4:6E:05:53,53056eb449eb1eff4c001219704445f0c6cb4abcd3380dacd1f0cb78f9c279c5b1431e0149,-7358.38247272489,108157.81013146904,-163845.51483190522,13427.05316268412,-20486.125556591862,-4472.85673889233,527,480,528,528,2063,1,1,0,ADV_IND,37,37,0,-1,0,453070471,453071106,56,29,7,pre_aa_hdr_payload
3366.39457154274,1769649494.3795714,42.3694986,-71.0196953,13.767,FB:9B:25:74:7F:E1,e17f74259bfb1eff4c001219ffb0ccaab9aa6a0f847fbe23f0aabac7fe551d93578fe803ff,-67545.19221866401,115335.79537642095,-217041.71178975963,100926.2498221406,-186487.16949130644,-58291.78731019331,485,600,486,492,2063,1,1,2,ADV_NONCONN_IND,37,37,5,-1,0,453116597,453117232,55,32,8,pre_aa_hdr_payload
3368.3266627788544,1769649496.3116627,42.3694986,-71.0196953,13.767,D8:AE:8E:E9:5D:BD,bd5de98eaed81eff4c001219ffba20d89d5bfe19a167ac4e62e496d5bb3ca5acc51a8a03ff,-48264.927085882206,76590.1802098163,-132863.03313642638,102369.58561909017,-154746.02240954767,-48315.35188122184,437,732,444,450,2063,1,1,2,ADV_NONCONN_IND,37,37,1,-1,0,453461872,453462506,56,32,8,pre_aa_hdr_payload
3369.367213010788,1769649497.352213,42.3694986,-71.0196953,13.767,F3:38:AC:EB:81:A3,a381ebac38f31eff4c00121900bad01219ec733193a654290491aff1f826a483d4c24e0100,-27699.42134192409,121565.24022468443,-68280.52334462322,68592.04652548046,-176432.1479522075,-18875.91660439305,503,528,516,516,2063,1,1,2,ADV_NONCONN_IND,37,37,5,-1,0,453621911,453622545,55,29,8,pre_aa_hdr_payload
3372.0891869068146,1769649500.0741868,42.3694986,-71.0196953,13.767,D0:7B:A1:C9:C0:62,62c0c9a17bd01eff4c001219ff2b7c1064b131c15577698a7226c2cf7fe3519501b03703ff,-42750.4671295038,124497.3215403087,-222419.80712693717,59117.22006109556,-177204.09076723995,-36450.634577709956,527,534,498,504,2063,1,1,2,ADV_NONCONN_IND,37,37,1,-1,0,453940146,453940780,56,32,8,pre_aa_hdr_payload
3374.185685157776,1769649502.170685,42.3694986,-71.0196953,13.767,DA:59:8A:CA:A4:76,76a4ca8a59da1eff4c001219ffdd84d6e8dd0e009384f9ab1f913b581aef09a640b62c03ff,-59623.16883883287,99346.28534850077,-197131.16920707226,86041.62080809526,-156236.2132238878,-49292.09981009128,479,558,510,516,2063,1,1,2,ADV_NONCONN_IND,37,37,0,-1,0,454280594,454281228,56,32,8,pre_aa_hdr_payload
3379.2644350528717,1769649507.249435,42.3694986,-71.0196953,13.767,F3:38:AC:EB:81:A3,a381ebac38f31eff4c00121900bad01219ec733193a654290491aff1f826a483d4c24e0100,-35625.708253907585,158093.39635954954,-211773.39389112237,98581.38581856356,-58912.90328542988,-24817.02731603067,503,528,516,516,2063,1,1,2,ADV_NONCONN_IND,37,37,0,-1,0,454942337,454942972,56,28,8,pre_aa_hdr_payload
3380.082282066345,1769649508.067282,42.3694986,-71.0196953,13.767,E2:C9:CF:E6:C6:10,10c6e6cfc9e21eff4c001219ff9986568db0edaf053addbed56a07fcb22c5b49f8c19a02ff,-87732.26457204916,114738.46049094378,-207437.57761627357,83681.49491152073,-145712.11240692998,-59201.41922843069,389,636,516,522,2063,1,1,2,ADV_NONCONN_IND,37,37,5,-1,0,455065140,455065775,55,32,8,pre_aa_hdr_payload
3384.1447308063507,1769649512.1297307,42.3694986,-71.0196953,13.767,EF:F6:F7:14:A5:54,54a514f7f6ef1eff4c001219ffd87fd51bf24a97952ea41acae6de76f6e3a7dc6acc7101ff,-12684.413695745683,140991.17083492878,-214859.83967678345,100209.27076488352,-167758.05185427624,-23415.89038183307,605,468,492,498,2063,1,1,2,ADV_NONCONN_IND,37,37,5,-1,0,455579278,455579913,55,32,8,pre_aa_hdr_payload
3387.662383556366,1769649515.6473835,42.3694986,-71.0196953,13.767,F3:38:AC:EB:81:A3,a381ebac38f31eff4c00121900bad01219ec733193a654290491aff1f826a483d4c24e0100,-38547.48531570738,140775.12935965345,-187954.4789429898,116792.95075323638,-127002.93875313568,-33703.47034660028,497,534,516,516,2063,1,1,2,ADV_NONCONN_IND,37,37,4,-1,0,456073530,456074164,55,32,8,pre_aa_hdr_payload
3389.1504652500153,1769649517.1354651,42.3694986,-71.0196953,13.767,DA:51:55:C7:8A:28,288ac75551da1eff4c0012190061c27fd4c907804c7c347dcedeb332a35479978f80f80100,-85934.73664931803,67858.80476462649,-166304.72111301322,77966.70459326243,-161704.05980884668,-65149.864026457726,395,660,504,504,2063,1,1,2,ADV_NONCONN_IND,37,37,3,-1,0,456335782,456336417,56,30,8,pre_aa_hdr_payload
3391.611879825592,1769649519.5968797,42.3694986,-71.0196953,13.767,F3:38:AC:EB:81:A3,a381ebac38f31eff4c00121900bad01219ec733193a654290491aff1f826a483d4c24e0100,-41353.67209780208,160604.3661048459,-185518.87191071693,14292.31839698278,-92475.26963400008,-12723.055830466452,473,546,522,522,2063,1,1,2,ADV_NONCONN_IND,37,37,1,-1,0,456765847,456766481,56,31,8,pre_aa_hdr_payload
3397.205894947052,1769649525.1908948,42.3694986,-71.0196953,13.767,DA:51:55:C7:8A:28,288ac75551da1eff4c0012190061c27fd4c907804c7c347dcedeb332a35479978f80f80100,-96384.34979788396,91640.69808421026,-208969.24854734802,109725.9310065757,-178963.14784403835,-65613.65769044266,419,648,498,498,2063,1,1,2,ADV_NONCONN_IND,37,37,0,-1,0,457546922,457547557,56,32,7,pre_aa_hdr_payload
3399.1393587589264,1769649527.1243587,42.3694986,-71.0196953,13.767,DA:51:55:C7:8A:28,288ac75551da1eff4c0012190061c27fd4c907804c7c347dcedeb332a35479978f80f80100,-87431.44454212204,144566.06869493978,-235847.73948146866,110594.53551789215,-163626.80561316907,-55605.274865978536,419,636,504,504,2063,1,1,2,ADV_NONCONN_IND,37,37,0,-1,0,457809690,457810324,56,32,8,pre_aa_hdr_payload
3404.3752946853638,1769649532.3602946,42.3694986,-71.0196953,13.767,DF:88:8B:6C:1D:74,741d6c8b88df1eff4c001219006cf760ba52cf9110305e52e7548e00f9b05845e6f0610300,-51298.85443106557,157548.04909428034,-151115.27630646873,126838.19626557495,-168334.26711642844,-27221.85319144241,419,738,450,456,2063,1,1,2,ADV_NONCONN_IND,37,37,4,-1,0,458487814,458488449,55,32,8,pre_aa_hdr_payload
3407.2613954544067,1769649535.2463953,42.3694986,-71.0196953,13.767,DA:51:55:C7:8A:28,288ac75551da1eff4c0012190061c27fd4c907804c7c347dcedeb332a35479978f80f80100,-94980.59651095487,77470.55624220592,-159451.20136299945,113986.19089621889,-168603.02258606118,-61711.9700161949,293,936,414,420,2063,1,1,2,ADV_NONCONN_IND,37,37,1,-1,0,458773961,458774596,56,32,8,pre_aa_hdr_payload
3408.3502764701843,1769649536.3352764,42.3694986,-71.0196953,13.767,CC:37:0B:2D:94:67,67942d0b37cc1eff4c001219001b9fbec00a3789335358037d2342d1b112a03fb7aed60200,-50148.65413050217,119553.37826592287,-170897.3760890421,109250.24457503784,-178223.74624057236,-25124.105729685452,485,546,516,516,2063,1,1,2,ADV_NONCONN_IND,37,37,5,-1,0,458978474,458979109,55,32,7,pre_aa_hdr_payload
3411.2137353420258,1769649539.1987352,42.3694986,-71.0196953,13.767,DA:51:55:C7:8A:28,288ac75551da1eff4c0012190061c27fd4c907804c7c347dcedeb332a35479978f80f80100,-94328.18537819415,115175.43922706263,-219356.8566790746,106559.07902231127,-172946.1039728144,-62419.682705867424,419,660,492,492,2063,1,1,2,ADV_NONCONN_IND,37,37,1,-1,0,459510099,459510734,56,32,8,pre_aa_hdr_payload
3420.1923780441284,1769649548.177378,42.3694986,-71.0196953,13.767,E1:A8:1B:B1:08:0A,0a08b11ba8e11eff4c001219ff3b41cdd7b56fadbc79c48e8997a62de9183f62e0584303ff,-62556.322434486014,118476.67077308094,-209307.5154253275,95120.33109689996,-188418.00238207943,-59919.89092268653,485,564,504,510,2063,1,1,2,ADV_NONCONN_IND,37,37,0,-1,0,460942003,460942638,56,32,8,pre_aa_hdr_payload
3427.0326976776123,1769649555.0176976,42.3694986,-71.0196953,13.767,E6:99:39:1B:32:09,09321b3999e61eff4c001219ffffcd2d3b1d7aabb808780da338c098809ab1afa1f81900ff,-66520.30098782675,77134.49428067169,-175971.32892502047,84831.86012232774,-170654.1332648024,-54191.458165220014,419,576,534,534,2063,1,1,2,ADV_NONCONN_IND,37,37,3,-1,0,461512094,461512728,56,31,8,pre_aa_hdr_payload
3428.172361135483,1769649556.157361,42.3694986,-71.0196953,13.767,ED:C0:05:84:10:79,79108405c0ed1eff4c001219ffa60f8a9ac7c9cf01c653d514d146d20a3f5bfb95dfbe02ff,-73464.68950821146,114184.82094039612,-163351.98282890383,93721.23220435603,-190001.55070559285,-64407.257518166465,431,582,522,528,2063,1,1,2,ADV_NONCONN_IND,37,37,0,-1,0,461683038,461683672,56,32,8,pre_aa_hdr_payload
3436.349720478058,1769649564.3347204,42.3694986,-71.0196953,13.767,FA:53:A2:0D:87:0B,0b870da253fa1eff4c0012191077cafc584e33eb269fd638a69c4480ac8394d06b20a9000b,-24993.69348032709,108032.4365905346,-165047.05077377617,116494.34622045161,-161273.73460357112,-22339.129165667535,503,480,540,540,2063,1,1,0,ADV_IND,37,37,2,-1,0,462730753,462731387,56,32,8,pre_aa_hdr_payload
3439.9958686828613,1769649567.9808686,42.3694986,-71.0196953,13.767,F3:38:AC:EB:81:A3,a381ebac38f31eff4c00121900bad01219ec733193a654290491aff1f826a483d4c24e0100,-35557.42414905611,111726.84648143964,-117954.46898168138,87319.33926773955,-124735.42808442732,-28079.172484438375,407,744,456,456,2063,1,1,2,ADV_NONCONN_IND,37,37,0,-1,0,463110726,463111361,56,32,8,pre_aa_hdr_payload
3443.55229640007,1769649571.5372963,42.3694986,-71.0196953,13.767,DA:51:55:C7:8A:28,288ac75551da1eff4c0012190061c27fd4c907804c7c347dcedeb332a35479978f80f80100,-94704.06634130001,81372.27542351252,-202068.8314337143,93684.27059632054,-183297.69024670965,-70011.33228938103,425,642,498,498,2063,1,1,2,ADV_NONCONN_IND,37,37,0,-1,0,463548547,463549182,56,30,8,pre_aa_hdr_payload
3443.987250804901,1769649571.9722507,42.3694986,-71.0196953,13.767,FF:02:66:75:CE:02,02ce756602ff1eff4c00121900443c92ff23858e9e2d7908d16bd53e16d40c16630f9c0100,-86565.0421593881,78522.47926789703,-155366.22423676413,20103.07499834405,-31379.637484050698,-14458.561401928273,371,636,528,528,2063,1,1,2,ADV_NONCONN_IND,37,37,2,-1,0,463653002,463653636,56,28,8,pre_aa_hdr_payload
3453.8952662944794,1769649581.8802662,42.3694986,-71.0196953,13.767,F3:38:AC:EB:81:A3,a381ebac38f31eff4c00121900bad01219ec733193a654290491aff1f826a483d4c24e0100,-37060.883968456015,144153.3991500921,-90786.16425467937,26095.71433367674,-137567.4510044401,-5980.122350527167,485,558,510,510,2063,1,1,2,ADV_NONCONN_IND,37,37,0,-1,0,465073309,465073943,56,28,8,pre_aa_hdr_payload
3455.6682493686676,1769649583.6532493,42.3694986,-71.0196953,13.767,F3:38:AC:EB:81:A3,a381ebac38f31eff4c00121900bad01219ec733193a654290491aff1f826a483d4c24e0100,-32144.1046966414,141467.48164700926,-81734.69034762253,91982.51348433444,-179900.44587835518,-15866.066627446697,491,540,516,516,2063,1,1,2,ADV_NONCONN_IND,37,37,5,-1,0,465421128,465421762,55,32,8,pre_aa_hdr_payload
3462.523297071457,1769649590.508297,42.3694986,-71.0196953,13.767,ED:86:D4:B9:BF:E4,e4bfb9d486ed1eff4c0012192abd10c57def2215d3968ef930c2fa4f72eaaba524ad8701a1,-50454.269522416245,84126.81644918202,-164337.0071052465,74635.62710046068,-163824.9351718546,-41693.892801169415,509,540,504,510,2063,1,1,0,ADV_IND,37,37,1,-1,0,466442886,466443520,56,32,8,pre_aa_hdr_payload
3465.0478432178497,1769649593.032843,42.3694986,-71.0196953,13.767,DA:51:55:C7:8A:28,288ac75551da1eff4c0012190061c27fd4c907804c7c347dcedeb332a35479978f80f80100,-85059.30561026145,127730.23890999662,-184854.02076859883,72041.98708947029,-130257.51077162016,-59439.10350764937,300,839,462,462,2063,1,1,2,ADV_NONCONN_IND,37,37,0,-1,0,466875814,466876448,57,30,7,pre_aa_hdr_payload
3472.4130249023438,1769649600.3980248,42.3694986,-71.0196953,13.767,ED:2B:5E:3D:00:A3,a3003d5e2bed1eff4c001219ff4305de3d9841bdb99fb2d03bafc337addb8464b7dfbf02ff,-33465.856582115346,92647.9504943407,-89423.70051071057,60756.27010134172,-158871.4908737843,-36317.47123952155,545,516,498,504,2063,1,1,2,ADV_NONCONN_IND,37,37,0,-1,0,467488408,467489042,56,28,8,pre_aa_hdr_payload
3476.429795026779,1769649604.414795,42.3694986,-71.0196953,13.767,C9:E9:93:B8:D7:08,08d7b893e9c91eff4c001219ffecd7bfb8c826a7d032d9f5c09ece3080c8886c5bb95601ff,-60848.568810792756,124008.16438777526,-77564.24940545895,45147.7897351572,-173010.90558642053,-36623.51410495421,480,587,498,498,2063,1,1,2,ADV_NONCONN_IND,37,37,4,-1,0,468013731,468014365,55,28,8,pre_aa_hdr_payload
3478.7249178886414,1769649606.7099178,42.3694986,-71.0196953,13.767,CA:9B:23:48:EB:CF,cfeb48239bca1eff4c00121900a333c5aca7cebf0009d2ffb9b5471a8d693a07e95bb60100,-46702.126440588705,86510.05297795706,-165447.76165259807,81714.60348503814,-20683.373124815294,-14168.452139960755,515,552,498,498,2063,1,1,2,ADV_NONCONN_IND,37,37,0,-1,0,468375179,468375813,56,28,8,pre_aa_hdr_payload
3479.49906873703,1769649607.4840686,42.3694986,-71.0196953,13.767,DA:51:55:C7:8A:28,288ac75551da1eff4c0012190061c27fd4c907804c7c347dcedeb332a35479978f80f80100,-79051.27199346504,58696.14397065409,-188638.56791925774,55145.471756543724,-33901.64414101002,-28305.419877618144,443,624,498,498,2063,1,1,2,ADV_NONCONN_IND,37,37,0,-1,0,468507797,468508432,56,28,8,pre_aa_hdr_payload
3487.6693847179413,1769649615.6543846,42.3694986,-71.0196953,13.767,F3:38:AC:EB:81:A3,a381ebac38f31eff4c00121900bad01219ec733193a654290491aff1f826a483d4c24e0100,-39000.408678332315,58859.11302155881,-177067.43636417243,102926.38736883206,-157196.2324580177,-24332.81707123242,497,534,516,516,2063,1,1,2,ADV_NONCONN_IND,37,37,4,-1,0,469604861,469605495,55,32,8,pre_aa_hdr_payload
3490.284722328186,1769649618.2697222,42.3694986,-71.0196953,13.767,CA:5E:6D:68:95:3F,3f95686d5eca1eff4c001219ff2b06fbcd599530e4cfd0c9118cd4cd0fc7a7a63df0e902ff,-33304.90957738518,134417.58713754028,-114548.22262182059,100619.4214284427,-169106.39307724923,-30844.40411633764,509,528,510,516,2063,1,1,2,ADV_NONCONN_IND,37,37,5,-1,0,469977025,469977659,55,32,8,pre_aa_hdr_payload
3491.839589357376,1769649619.8245893,42.3694986,-71.0196953,13.767,F3:38:AC:EB:81:A3,a381ebac38f31eff4c00121900bad01219ec733193a654290491aff1f826a483d4c24e0100,-30864.024079947358,146633.31791838407,-192684.31916289974,80617.03008870075,-166280.28753902408,-25886.416099051818,491,528,522,522,2063,1,1,2,ADV_NONCONN_IND,37,37,4,-1,0,470247055,470247689,55,30,8,pre_aa_hdr_payload
3493.386065721512,1769649621.3710656,42.3694986,-71.0196953,13.767,DA:51:55:C7:8A:28,288ac75551da1eff4c0012190061c27fd4c907804c7c347dcedeb332a35479978f80f80100,-81425.24653866784,136485.27893977417,-222702.5088484254,70974.98288550279,-89276.01559916242,-27518.639952316036,419,648,498,498,2063,1,1,2,ADV_NONCONN_IND,37,37,4,-1,0,470463121,470463756,55,30,8,pre_aa_hdr_payload
3499.832082271576,1769649627.8170822,42.3694986,-71.0196953,13.767,F3:38:AC:EB:81:A3,a381ebac38f31eff4c00121900bad01219ec733193a654290491aff1f826a483d4c24e0100,-36494.618596731154,108707.02186245311,-163352.95308952197,103448.36499296772,-167576.46298813415,-30644.801877099282,504,545,510,504,2063,1,1,2,ADV_NONCONN_IND,37,37,1,-1,0,471315111,471315745,56,31,7,pre_aa_hdr_payload
3513.4672570228577,1769649641.452257,42.3694986,-71.0196953,13.767,DA:51:55:C7:8A:28,288ac75551da1eff4c0012190061c27fd4c907804c7c347dcedeb332a35479978f80f80100,-87767.5111941314,23023.962869002728,-235624.5216526435,89213.25962433415,-187850.4465371577,-27914.13206116845,443,660,480,480,2063,1,1,2,ADV_NONCONN_IND,37,37,5,-1,0,473189007,473189642,55,29,8,pre_aa_hdr_payload
3514.208409309387,1769649642.1934092,42.3694986,-71.0196953,13.767,DC:1F:D8:CE:4D:67,674dced81fdc1eff4c001219ff5341ae2b5a70d98af0e9fcb09abe4b9bd02595437cb100ff,-44308.62893797905,102563.06934617463,-181127.27052954526,90291.07037824832,-166199.52764146955,-41078.13790909655,527,570,480,486,2063,1,1,2,ADV_NONCONN_IND,37,37,0,-1,0,473353886,473354521,56,32,8,pre_aa_hdr_payload
3516.3261716365814,1769649644.3111715,42.3694986,-71.0196953,13.767,FC:0E:69:AF:E3:44,44e3af690efc1eff4c001219ff73f0774b5a9d80b247ce8bce98551a8a260b49509de000ff,-43838.98939881349,155100.5559194624,-144211.51333106414,111398.06278811459,-157936.54009260304,-38969.11390155838,396,887,390,390,2063,1,1,2,ADV_NONCONN_IND,37,37,2,-1,0,473659741,473660375,56,32,8,pre_aa_hdr_payload
3520.1019768714905,1769649648.0869768,42.3694986,-71.0196953,13.767,F3:38:AC:EB:81:A3,a381ebac38f31eff4c00121900bad01219ec733193a654290491aff1f826a483d4c24e0100,-27418.903337857224,147343.1898216273,-205109.60584554527,116013.16193178917,-169869.69279855624,-16827.123603729695,497,522,522,522,2063,1,1,2,ADV_NONCONN_IND,37,37,4,-1,0,474287958,474288592,55,32,8,pre_aa_hdr_payload
3521.9560871124268,1769649649.941087,42.3694986,-71.0196953,13.767,E0:1D:F7:A1:08:A7,a708a1f71de01eff4c001219ffea23b5acb63dbb6a7561c0aae0f25496c98b0d610a8803ff,-48431.508996686076,105116.15779379652,-205540.7064373328,103417.68999255275,-165138.63139473592,-47058.00614898918,479,498,540,546,2063,1,1,2,ADV_NONCONN_IND,37,37,5,-1,0,474542511,474543145,55,31,8,pre_aa_hdr_payload
3532.3661692142487,1769649660.351169,42.3694986,-71.0196953,13.767,CB:2B:06:62:56:C4,c45662062bcb1eff4c001219fff78c525dd8cd2b521b2323bc49c22d97597faafefb1902ff,-74853.87883966976,97318.84546014314,-186933.04957613145,62641.278727433564,-155850.3934671338,-52444.440435564,395,606,528,534,2063,1,1,2,ADV_NONCONN_IND,37,37,5,-1,0,475823771,475824406,55,31,8,pre_aa_hdr_payload
3534.883354663849,1769649662.8683546,42.3694986,-71.0196953,13.767,C9:0B:92:AE:BC:98,98bcae920bc91eff4c00121900b4af7be937ea47cf7e1d01638d24fa07bb8587c67a950000,-76800.35468999304,91721.28265782236,-210749.54301640112,96103.27653706362,-77535.37893108308,-38047.22523320108,389,594,540,540,2063,1,1,2,ADV_NONCONN_IND,37,37,0,-1,0,476227988,476228623,56,32,8,pre_aa_hdr_payload
3534.897673368454,1769649662.8826733,42.3694986,-71.0196953,13.767,CA:9B:23:48:EB:CF,cfeb48239bca1eff4c00121900a333c5aca7cebf0009d2ffb9b5471a8d693a07e95bb60100,-47866.39621938538,101176.04311936328,-182764.7965964857,109198.53826595403,-185039.2121533062,-41142.391728895724,515,552,498,498,2063,1,1,2,ADV_NONCONN_IND,37,37,2,-1,0,476247234,476247869,56,32,8,pre_aa_hdr_payload
3535.998268842697,1769649663.9832687,42.3694986,-71.0196953,13.767,C6:4B:70:42:3B:1A,1a3b42704bc61eff4c001219ffbe360d50eca247bbc78a55fea016cf95cf6e9684e33800ff,-90918.64031677957,78599.9956291304,-168933.76404835607,81674.72619000931,-145841.16103126167,-56984.64484502385,413,696,474,480,2063,1,1,2,ADV_NONCONN_IND,37,37,5,-1,0,476429858,476430492,55,32,8,pre_aa_hdr_payload
3537.0507690906525,1769649665.035769,42.3694986,-71.0196953,13.767,CA:9B:23:48:EB:CF,cfeb48239bca1eff4c00121900a333c5aca7cebf0009d2ffb9b5471a8d693a07e95bb60100,-43142.676513618695,121716.37751440932,-171823.2741457165,36332.49008535621,-41346.86293576815,-6048.829084438369,521,546,498,498,2063,1,1,2,ADV_NONCONN_IND,37,37,0,-1,0,476620418,476621053,56,29,7,pre_aa_hdr_payload
3541.120863676071,1769649669.1058636,42.3694986,-71.0196953,13.767,CA:9B:23:48:EB:CF,cfeb48239bca1eff4c00121900a333c5aca7cebf0009d2ffb9b5471a8d693a07e95bb60100,-37423.77689994882,8562.67238310754,-173382.15810054584,112897.02485390511,-150845.73601319498,-8906.33124447441,527,540,498,498,2063,1,1,2,ADV_NONCONN_IND,37,37,2,-1,0,477317246,477317881,56,28,8,pre_aa_hdr_payload
3544.198821783066,1769649672.1838217,42.3694986,-71.0196953,13.767,E5:7F:AC:30:D0:81,81d030ac7fe51eff4c001219ff79a36d90344b0567938f343c0d28dfdd1409aade90fc01ff,-40265.61228921813,115429.86269068814,-171203.60024730765,91501.89082180493,-162354.92896902707,-33082.37716215394,443,486,564,570,2063,1,1,2,ADV_NONCONN_IND,37,37,1,-1,0,477845510,477846145,56,32,8,pre_aa_hdr_payload
3544.9475376605988,1769649672.9325376,42.3694986,-71.0196953,13.767,D4:91:1B:73:2F:4E,4e2f731b91d41eff4c00121900d3e8b8d3b3c5b159de63aa8d032372bc832edbdeb0360100,-48446.40734683549,99139.79174410636,-196073.83424703174,119751.38317163975,-152186.08286053356,-43248.0925730763,503,564,498,498,2063,1,1,2,ADV_NONCONN_IND,37,37,5,-1,0,477985610,477986245,55,32,8,pre_aa_hdr_payload
3546.6010689735413,1769649674.5860689,42.3694986,-71.0196953,13.767,E8:6E:B2:42:9F:09,099f42b26ee81eff4c001219003d6f9f5aec9b5177055a4fe95b8f6beaa68f672ad5150000,-67848.57356953372,164473.90036281786,-239493.67005946967,108473.70967323278,-187680.20604430555,-54014.88571334655,480,623,480,480,2063,1,1,2,ADV_NONCONN_IND,37,37,4,-1,0,478236369,478237004,56,32,8,pre_aa_hdr_payload
3582.132250547409,1769649710.1172504,42.3694986,-71.0196953,13.767,F3:38:AC:EB:81:A3,a381ebac38f31eff4c00121900bad01219ec733193a654290491aff1f826a483d4c24e0100,-45941.008578156114,36063.61253697289,-175908.94135337722,108270.44526686244,-70752.29386750625,-10986.585697523362,485,546,516,516,2063,1,1,2,ADV_NONCONN_IND,37,37,4,-1,0,482768008,482768642,55,28,8,pre_aa_hdr_payload
3618.5197870731354,1769649746.504787,42.3694986,-71.0196953,13.767,DD:35:81:F8:79:E4,e479f88135dd1eff4c001219009d01e563dfb1cb6493bba2f702f6b7c32c949b0706e50300,-66962.49170422419,122922.62195728111,-214885.9714114339,42596.77641397714,-127972.73060456672,-20793.50501489945,455,588,510,510,2063,1,1,2,ADV_NONCONN_IND,37,37,5,-1,0,487892633,487893268,55,29,8,pre_aa_hdr_payload
3621.5358226299286,1769649749.5208225,42.3694986,-71.0196953,13.767,E4:0B:EB:95:1C:12,121c95eb0be41eff4c00121900458dd2b880818c9ca8355b7088839ca629556e40b82b0300,-58106.62138089436,130924.53480481434,-14671.163968361763,86900.17564032607,-90322.70516739988,-9449.337361878785,419,576,534,534,2063,1,1,2,ADV_NONCONN_IND,37,37,5,-1,0,488312455,488313090,55,29,8,pre_aa_hdr_payload
3624.406219482422,1769649752.3912194,42.3694986,-71.0196953,13.767,F3:38:AC:EB:81:A3,a381ebac38f31eff4c00121900bad01219ec733193a654290491aff1f826a483d4c24e0100,-47044.54303410156,120040.17353307479,-185285.01185193117,74165.18650810064,-142092.87101405562,-36141.892518848515,497,546,510,510,2063,1,1,2,ADV_NONCONN_IND,37,37,5,-1,0,488782493,488783128,55,30,8,pre_aa_hdr_payload
3625.7673654556274,1769649753.7523654,42.3694986,-71.0196953,13.767,C9:DC:59:FE:34:03,0334fe59dcc91eff4c001219006608d025713db2c05ea72eaeea910ea64389444774010300,-43137.00247625281,95396.72646836826,-194508.06936221014,116516.11158415736,-174832.94761221533,-24605.7855862834,461,534,534,534,2063,1,1,2,ADV_NONCONN_IND,37,37,0,-1,0,489023653,489024287,56,31,7,pre_aa_hdr_payload
3632.3025143146515,1769649760.2875142,42.3694986,-71.0196953,13.767,C7:3E:0C:19:32:C5,c532190c3ec71eff4c001219ffda9ee0cd1127d0f1b4a5fdfdc3a4524d81f65648d27a00ff,-67223.84604729418,43430.648752403664,-149092.20823619163,67780.17799904852,-135864.12171240966,-38509.53186085582,413,564,540,546,2063,1,1,2,ADV_NONCONN_IND,37,37,0,-1,0,489708458,489709092,56,32,8,pre_aa_hdr_payload
3634.2299466133118,1769649762.2149465,42.3694986,-71.0196953,13.767,F3:38:AC:EB:81:A3,a381ebac38f31eff4c00121900bad01219ec733193a654290491aff1f826a483d4c24e0100,-32634.789756218586,162207.3652229077,-220516.6306706894,118508.00462811659,-179329.87960228565,-23641.101921542886,497,534,516,516,2063,1,1,2,ADV_NONCONN_IND,37,37,0,-1,0,489904303,489904937,56,32,7,pre_aa_hdr_payload
3652.093258857727,1769649780.0782588,42.3694986,-71.0196953,13.767,DF:27:47:BE:7D:AE,ae7dbe4727df1eff4c001219ff876e89b85922c852324fe7d1384d4785a49c153c110c03ff,-69920.81739291869,138466.08914912093,-209177.76660889463,50365.89074419363,-118130.69718046224,-30619.422540924897,467,642,474,480,2063,1,1,2,ADV_NONCONN_IND,37,37,1,-1,0,492019347,492019982,56,28,8,pre_aa_hdr_payload
3666.2270221710205,1769649794.212022,42.3694986,-71.0196953,13.767,EE:45:D7:BD:27:05,0527bdd745ee1eff4c001219ffb4506367b020393b9589c71f659ab08582a87341449c02ff,-38003.4536327203,94196.0975085728,-167326.47396589888,85586.71816081973,-157498.97351190937,-43060.17641725643,497,540,510,516,2063,1,1,2,ADV_NONCONN_IND,37,37,5,-1,0,494091988,494092623,55,32,8,pre_aa_hdr_payload
3670.589098930359,1769649798.5740988,42.3694986,-71.0196953,13.767,D3:DD:8D:14:DC:6F,6fdc148dddd31eff4c00121900156f40ec92777f6194e722d8982e30948c417ea065690300,-50022.43081149512,139464.06673289565,-200823.65478406815,112672.60290074878,-117604.40219046074,-25761.134451291447,407,564,546,546,2063,1,1,2,ADV_NONCONN_IND,37,37,4,-1,0,494825084,494825718,55,29,8,pre_aa_hdr_payload
3678.198042154312,1769649806.183042,42.3694986,-71.0196953,13.767,E6:C2:DC:86:94:53,539486dcc2e61eff4c001219fff1c7cc9729490aac8d746c85ad38e8989b586877012b01ff,-66059.44820245037,128873.61665486828,-218838.28011162742,96110.24213814747,-176417.17560907133,-55052.75631937297,431,594,516,522,2063,1,1,2,ADV_NONCONN_IND,37,37,4,-1,0,495745200,495745835,55,32,7,pre_aa_hdr_payload
3694.5114381313324,1769649822.496438,42.3694986,-71.0196953,13.767,DA:41:AF:5F:B9:27,27b95faf41da1eff4c001219ff07c32f9d339da18c6e68e7158fea6a0d531c8f2736bb03ff,-60382.89220430783,138751.09042226415,-149866.1271927663,80676.59973901632,-176283.43310035963,-42356.915583328264,485,588,492,498,2063,1,1,2,ADV_NONCONN_IND,37,37,5,-1,0,498221315,498221950,55,32,8,pre_aa_hdr_payload
3708.7764382362366,1769649836.7614381,42.3694986,-71.0196953,13.767,D3:DD:8D:14:DC:6F,6fdc148dddd31eff4c00121900156f40ec92777f6194e722d8982e30948c417ea065690300,-53640.3749054916,23427.614488246676,-171132.95893044313,35336.18515924876,-152661.69029239583,-12275.556867196248,431,528,552,552,2063,1,1,2,ADV_NONCONN_IND,37,37,1,-1,0,500108418,500109052,56,29,8,pre_aa_hdr_payload
3720.218313932419,1769649848.2033138,42.3694986,-71.0196953,13.767,C8:43:A4:C6:93:EE,ee93c6a443c81eff4c001219ff9d1421f2506410a2bcac163b4d8ff591f9a0599e6b6603ff,-38587.8510222846,155383.2355183449,-216678.31777636491,93134.31898452035,-156947.88385078232,-37054.17530486396,521,564,486,492,2063,1,1,2,ADV_NONCONN_IND,37,37,5,-1,0,501979550,501980185,55,31,8,pre_aa_hdr_payload
3722.0394983291626,1769649850.0244982,42.3694986,-71.0196953,13.767,FA:16:8A:F8:EE:AB,abeef88a16fa1eff4c001219ff89ae00d8f7b49557580e19925940de3517145cb238b301ff,-55873.572848387135,85949.20911171261,-189117.92349750767,101264.25372524858,-178874.42921292494,-44354.604265852286,479,558,510,516,2063,1,1,2,ADV_NONCONN_IND,37,37,5,-1,0,502310166,502310800,55,32,8,pre_aa_hdr_payload
3724.1070685386658,1769649852.0920684,42.3694986,-71.0196953,13.767,DF:75:4F:83:6F:31,316f834f75df1eff4c001219ff8844cc73598cacb19f19e6c54bb6e29ecf897c34354d03ff,-68606.16961567024,114147.29818071285,-208893.05261755356,91516.21701463198,-174358.7419500775,-51438.90668599213,449,588,510,516,2063,1,1,2,ADV_NONCONN_IND,37,37,1,-1,0,502555602,502556237,56,32,8,pre_aa_hdr_payload
3727.245931148529,1769649855.230931,42.3694986,-71.0196953,13.767,C3:92:0D:28:BE:5A,5abe280d92c31eff4c00121900bdfbfcd843751b54da45998c64f93bf92e090319bbb30100,-35694.45126209462,119222.43634464478,-185040.24120501813,59008.518521587335,-105632.37814588637,-27763.402933628386,527,564,486,486,2063,1,1,2,ADV_NONCONN_IND,37,37,0,-1,0,503046428,503047063,56,32,8,pre_aa_hdr_payload
3730.5080304145813,1769649858.4930303,42.3694986,-71.0196953,13.767,F3:38:AC:EB:81:A3,a381ebac38f31eff4c00121900bad01219ec733193a654290491aff1f826a483d4c24e0100,-42339.019379197875,185513.0544537624,-152705.88161845037,66016.73289434284,-124843.09797652432,-27273.671774479495,360,761,474,468,2063,1,1,2,ADV_NONCONN_IND,37,37,0,-1,0,503320476,503321111,57,30,8,pre_aa_hdr_payload
3736.2880766391754,1769649864.2730765,42.3694986,-71.0196953,13.767,D7:99:DC:64:06:CA,ca0664dc99d71eff4c001219ff8b4490809d2bffc493720aae9bcbc9a9f79bcf6c2d5f03ff,-62098.72821853104,111766.48857927631,-213708.45382532687,95772.87180190845,-174653.93984466622,-59763.25628638866,437,564,528,534,2063,1,1,2,ADV_NONCONN_IND,37,37,0,-1,0,504116381,504117015,56,32,8,pre_aa_hdr_payload
3738.07173371315,1769649866.0567336,42.3694986,-71.0196953,13.767,E4:E8:CD:1D:8E:2E,2e8e1dcde8e41eff4c001219ff97754c008951e3f822cbdacf14b18a4a1b840fe95b0101ff,-63967.06955054446,117370.48608486666,-202803.03965139706,96331.6744280724,-182763.38423988206,-48789.48858398777,431,570,528,534,2063,1,1,2,ADV_NONCONN_IND,37,37,5,-1,0,504429140,504429775,55,32,8,pre_aa_hdr_payload
3750.3343250751495,1769649878.319325,42.3694986,-71.0196953,13.767,DD:09:7C:38:41:3C,3c41387c09dd1eff4c001219ff6c03e6c50a4279f76b73cf4ef11e2bd6fc8e9b866c2702ff,-68626.77401969732,143680.24045978618,-213869.24679745792,61903.76540061776,-172119.00861833678,-54424.648772748995,419,594,522,528,2063,1,1,2,ADV_NONCONN_IND,37,37,0,-1,0,505953067,505953701,56,32,8,pre_aa_hdr_payload
3754.2593581676483,1769649882.244358,42.3694986,-71.0196953,13.767,F3:38:AC:EB:81:A3,a381ebac38f31eff4c00121900bad01219ec733193a654290491aff1f826a483d4c24e0100,-34905.50393614271,101015.86614212656,-159724.5110523961,24044.21542008066,-131209.26315249427,-16421.315525366772,467,540,528,528,2063,1,1,2,ADV_NONCONN_IND,37,37,0,-1,0,506521755,506522389,56,29,8,pre_aa_hdr_payload
3760.880080461502,1769649888.8650804,42.3694986,-71.0196953,13.767,DB:D9:63:52:6F:FE,fe6f5263d9db1eff4c001219003b4f9ee932c1d36e9c038b7e1496c86fca13e3de399b0100,-55359.89281856978,132021.89387111767,-98895.6668997125,129490.5593731165,-185436.98423437015,-36946.6030331256,479,588,498,498,2063,1,1,2,ADV_NONCONN_IND,37,37,5,-1,0,507484259,507484894,55,32,8,pre_aa_hdr_payload
3760.891539335251,1769649888.8765392,42.3694986,-71.0196953,13.767,DB:D9:63:52:6F:FE,fe6f5263d9db1eff4c001219003b4f9ee932c1d36e9c038b7e1496c86fca13e3de399b0100,-61172.042301501024,82967.81892656272,-118013.52710652664,65536.39393455739,-158137.55888198907,-37535.95963436771,449,654,480,480,2063,1,1,2,ADV_NONCONN_IND,37,37,1,-1,0,507499662,507500296,56,31,8,pre_aa_hdr_payload
3771.935222387314,1769649899.9202223,42.3694986,-71.0196953,13.767,F8:75:DA:D8:00:DB,db00d8da75f81eff4c001219ffc045e8cd85bb00a38ec16f282fa3210014fff765509400ff,-22583.835540196615,135203.27033817218,-198716.13322076772,87167.19116744008,-175557.031964304,-28637.646826612818,569,480,504,510,2063,1,1,2,ADV_NONCONN_IND,37,37,2,-1,0,508950437,508951071,56,31,8,pre_aa_hdr_payload
3781.570159435272,1769649909.5551593,42.3694986,-71.0196953,13.767,C8:C8:52:73:EA:31,31ea7352c8c81eff4c001219391b3e50e870d49b5df96b12956617dee22418453fcba303e7,-64457.676347537286,77204.67181123473,-69903.50965578498,76774.68455296657,-154775.60759660124,-36743.14123818257,389,564,552,558,2063,1,1,2,ADV_NONCONN_IND,37,37,1,-1,0,510361229,510361864,56,32,8,pre_aa_hdr_payload
3781.9122927188873,1769649909.8972926,42.3694986,-71.0196953,13.767,C8:C8:52:73:EA:31,31ea7352c8c81eff4c001219391b3e50e870d49b5df96b12956617dee22418453fcba303e7,-61765.27980570746,132823.82788920394,-224782.18824210772,62770.5306331587,-154599.68708046273,-53402.16587622039,413,528,558,564,2063,1,1,2,ADV_NONCONN_IND,37,37,5,-1,0,510416192,510416826,55,32,8,pre_aa_hdr_payload
3781.925487279892,1769649909.9104872,42.3694986,-71.0196953,13.767,C8:C8:52:73:EA:31,31ea7352c8c81eff4c001219391b3e50e870d49b5df96b12956617dee22418453fcba303e7,-64085.829464916,87929.68955854503,-166533.28823190767,62145.03612897741,-127173.18176438153,-52284.6576730119,395,558,552,558,2063,1,1,2,ADV_NONCONN_IND,37,37,1,-1,0,510433927,510434561,56,31,8,pre_aa_hdr_payload
3782.3228340148926,1769649910.307834,42.3694986,-71.0196953,13.767,C8:C8:52:73:EA:31,31ea7352c8c81eff4c001219391b3e50e870d49b5df96b12956617dee22418453fcba303e7,-59342.188374040255,84697.42992103331,-142470.7565505557,92728.71332495968,-165120.02325324542,-55530.73844077735,377,600,540,546,2063,1,1,2,ADV_NONCONN_IND,37,37,1,-1,0,510501273,510501907,56,31,8,pre_aa_hdr_payload
3782.6721217632294,1769649910.6571217,42.3694986,-71.0196953,13.767,C8:C8:52:73:EA:31,31ea7352c8c81eff4c001219391b3e50e870d49b5df96b12956617dee22418453fcba303e7,-58219.44756841556,116501.77673126679,-216561.97152673098,90636.46817393313,-180974.33319942895,-45837.34013973837,419,522,558,564,2063,1,1,2,ADV_NONCONN_IND,37,37,5,-1,0,510532249,510532884,55,31,8,pre_aa_hdr_payload
3782.6785950660706,1769649910.663595,42.3694986,-71.0196953,13.767,C8:C8:52:73:EA:31,31ea7352c8c81eff4c001219391b3e50e870d49b5df96b12956617dee22418453fcba303e7,-53331.8744701269,102095.91384212201,-50881.5079754199,22842.129862809114,-171769.20144540753,-14085.32486950068,425,516,558,564,2063,1,1,2,ADV_NONCONN_IND,37,37,0,-1,0,510540950,510541585,56,29,8,pre_aa_hdr_payload
3783.466102361679,1769649911.4511023,42.3694986,-71.0196953,13.767,C8:C8:52:73:EA:31,31ea7352c8c81eff4c001219391b3e50e870d49b5df96b12956617dee22418453fcba303e7,-58154.33309823054,109704.49481899125,-59485.04956536907,100145.6725595572,-179377.26755820712,-34891.68501540318,413,528,558,564,2063,1,1,0,ADV_IND,37,37,1,-1,0,510674048,510674682,56,30,8,pre_aa_hdr_payload
3783.4886000156403,1769649911.4736,42.3694986,-71.0196953,13.767,C8:C8:52:73:EA:31,31ea7352c8c81eff4c001219391b3e50e870d49b5df96b12956617dee22418453fcba303e7,-52933.26534104573,162212.95919094962,-204943.68300827374,34533.1748955759,-14592.887479021976,-15257.125838842589,407,606,522,528,2063,1,1,0,ADV_IND,37,37,0,-1,0,510704287,510704921,56,28,7,pre_aa_hdr_payload
3783.4993603229523,1769649911.4843602,42.3694986,-71.0196953,13.767,C8:C8:52:73:EA:31,31ea7352c8c81eff4c001219391b3e50e870d49b5df96b12956617dee22418453fcba303e7,-50449.84768640007,156066.2917611006,-124645.79225858858,81957.32063673965,-96565.37801791246,-35255.04276554126,288,875,450,450,2063,1,1,0,ADV_IND,37,37,4,-1,0,510718750,510719385,55,32,8,pre_aa_hdr_payload
3783.805979013443,1769649911.790979,42.3694986,-71.0196953,13.767,C8:C8:52:73:EA:31,31ea7352c8c81eff4c001219391b3e50e870d49b5df96b12956617dee22418453fcba303e7,-48608.841340668434,139521.86919902332,-203701.04971711463,81664.46703543814,-159301.70078917997,-35776.10780425877,413,504,570,576,2063,1,1,0,ADV_IND,37,37,5,-1,0,510727321,510727956,55,31,8,pre_aa_hdr_payload
3786.22101855278,1769649914.2060184,42.3694986,-71.0196953,13.767,F4:C4:9D:46:DB:F2,f2db469dc4f41eff4c001219ff5727757650d84f2a98cc8e6158ed61600f1d36747d4101ff,-39870.10164699945,159085.84570229508,-177126.77324616918,106825.07455828715,-131977.28740506215,-36104.709169174486,461,624,486,492,2063,1,1,2,ADV_NONCONN_IND,37,37,5,-1,0,511146128,511146762,55,32,8,pre_aa_hdr_payload
3803.211254119873,1769649931.196254,42.3694986,-71.0196953,13.767,DB:D9:63:52:6F:FE,fe6f5263d9db1eff4c001219003b4f9ee932c1d36e9c038b7e1496c86fca13e3de399b0100,-58733.604288519455,166546.88380076247,-216844.37742006872,113641.2814133046,-63759.534174407214,-22430.59420714817,455,624,492,492,2063,1,1,2,ADV_NONCONN_IND,37,37,0,-1,0,513417355,513417989,56,29,8,pre_aa_hdr_payload
3803.215400457382,1769649931.2004004,42.3694986,-71.0196953,13.767,D9:84:FC:68:5A:16,165a68fc84d91eff4c001219009b75fc4f929a33fefc78b145c003fc59bd38500e52950000,-45036.84094107972,105007.3527187262,-199682.3657098874,114235.67791729969,-196553.90912520624,-40573.61383869389,515,480,534,534,2063,1,1,2,ADV_NONCONN_IND,37,37,5,-1,0,513422928,513423563,55,32,8,pre_aa_hdr_payload
3806.131796360016,1769649934.1167963,42.3694986,-71.0196953,13.767,D9:84:FC:68:5A:16,165a68fc84d91eff4c001219009b75fc4f929a33fefc78b145c003fc59bd38500e52950000,-40697.03478548608,61869.21967444912,-109564.76854638524,88186.07931850228,-131930.94107748807,-33829.62407898823,414,611,522,516,2063,1,1,2,ADV_NONCONN_IND,37,37,1,-1,0,513878180,513878814,56,30,7,pre_aa_hdr_payload
3810.141077518463,1769649938.1260774,42.3694986,-71.0196953,13.767,E0:D2:DB:F4:E2:61,61e2f4dbd2e01eff4c001219ffc2288ff01cea1b50a131137bc676b253f72b8ea14a9302ff,-47594.0886718956,115416.77080729787,-185323.81248365113,58484.05038711421,-134874.59676568085,-23069.461614086264,467,546,522,528,2063,1,1,2,ADV_NONCONN_IND,37,37,1,-1,0,514361504,514362138,56,30,8,pre_aa_hdr_payload
3811.487626552582,1769649939.4726264,42.3694986,-71.0196953,13.767,D9:84:FC:68:5A:16,165a68fc84d91eff4c001219009b75fc4f929a33fefc78b145c003fc59bd38500e52950000,-44064.14729661838,156553.44395732935,-87223.3506122187,121389.70667226885,-178545.3783759075,-28431.43698858116,402,665,498,498,2063,1,1,2,ADV_NONCONN_IND,37,37,0,-1,0,514574977,514575612,57,28,8,pre_aa_hdr_payload
3817.802020549774,1769649945.7870204,42.3694986,-71.0196953,13.767,C9:0B:92:AE:BC:98,98bcae920bc91eff4c00121900b4af7be937ea47cf7e1d01638d24fa07bb8587c67a950000,-74837.7638620726,135614.52425501062,-169240.37672939204,24783.51649380233,-176212.4904314224,-27426.532922225204,317,702,522,522,2063,1,1,2,ADV_NONCONN_IND,37,37,5,-1,0,515602579,515603214,55,28,8,pre_aa_hdr_payload
3818.493588447571,1769649946.4785883,42.3694986,-71.0196953,13.767,E6:A3:6C:9C:BF:C3,c3bf9c6ca3e61eff4c001219ffbb2db25afc4ba1c361768f333f12416cc149d1fd5e2c01ff,-56958.068151992644,117058.64593763293,-185497.55942618195,94618.16575817693,-185987.50434779134,-35549.439798124935,431,534,546,552,2063,1,1,2,ADV_NONCONN_IND,37,37,5,-1,0,515704844,515705479,55,32,8,pre_aa_hdr_payload
3822.4410276412964,1769649950.4260275,42.3694986,-71.0196953,13.767,E0:FC:5E:EC:18:F0,f018ec5efce01eff4c001219ff79f60934b8e1957449325f457981baf053a7c17ed14c03ff,-32768.5333981043,123432.53096977503,-209392.50346076905,107032.14967564859,-143751.17777301153,-28324.456752854807,533,504,510,516,2063,1,1,2,ADV_NONCONN_IND,37,37,0,-1,0,516433051,516433685,56,31,8,pre_aa_hdr_payload
3823.6102907657623,1769649951.5952907,42.3694986,-71.0196953,13.767,D9:84:FC:68:5A:16,165a68fc84d91eff4c001219009b75fc4f929a33fefc78b145c003fc59bd38500e52950000,-39013.48564470033,117011.86051302949,-122163.8686384159,121583.34083284742,-193119.48609790643,-31549.626892784723,503,492,534,534,2063,1,1,2,ADV_NONCONN_IND,37,37,0,-1,0,516663615,516664249,56,32,8,pre_aa_hdr_payload
3825.52405500412,1769649953.509055,42.3694986,-71.0196953,13.767,DB:D9:63:52:6F:FE,fe6f5263d9db1eff4c001219003b4f9ee932c1d36e9c038b7e1496c86fca13e3de399b0100,-56972.240794541656,82442.81909345032,-150789.04140976584,74632.05205908358,-156689.53213717235,-40259.14568766202,473,630,480,480,2063,1,1,2,ADV_NONCONN_IND,37,37,2,-1,0,516883774,516884408,56,32,8,pre_aa_hdr_payload
3825.555948972702,1769649953.5409489,42.3694986,-71.0196953,13.767,D9:84:FC:68:5A:16,165a68fc84d91eff4c001219009b75fc4f929a33fefc78b145c003fc59bd38500e52950000,-44161.118196026895,141291.410063764,-232554.24857858938,109055.51602194227,-194226.69106131312,-39191.7029009863,497,498,534,534,2063,1,1,2,ADV_NONCONN_IND,37,37,5,-1,0,516926644,516927279,55,32,8,pre_aa_hdr_payload
3834.9669666290283,1769649962.9519665,42.3694986,-71.0196953,13.767,DB:D9:63:52:6F:FE,fe6f5263d9db1eff4c001219003b4f9ee932c1d36e9c038b7e1496c86fca13e3de399b0100,-56444.78654987748,165976.7737648084,-226190.951242302,104176.26234635405,-185126.4541732981,-45103.217514218406,479,600,492,492,2063,1,1,2,ADV_NONCONN_IND,37,37,5,-1,0,518190669,518191304,55,32,8,pre_aa_hdr_payload
3835.716457128525,1769649963.701457,42.3694986,-71.0196953,13.767,C3:BA:D7:EF:58:CA,ca58efd7bac31eff4c001219397f1cdaba9c8c3d7e4a79f709531a68f0883832f6bf20026f,-63445.15771980883,171818.16818849285,-243439.7173353223,99010.24099138725,-175782.57461902,-46675.43191125109,443,600,510,510,2063,1,1,0,ADV_IND,37,37,4,-1,0,518283422,518284056,55,31,8,pre_aa_hdr_payload
3835.720943212509,1769649963.705943,42.3694986,-71.0196953,13.767,C3:BA:D7:EF:58:CA,ca58efd7bac31eff4c001219397f1cdaba9c8c3d7e4a79f709531a68f0883832f6bf20026f,-68949.72101665627,120624.06898040023,-219705.93732287118,80907.61485986777,-195511.15898407082,-39103.40828578917,443,600,510,510,2063,1,1,0,ADV_IND,37,37,2,-1,0,518289450,518290085,56,32,8,pre_aa_hdr_payload
3835.741048812866,1769649963.7260487,42.3694986,-71.0196953,13.767,C3:BA:D7:EF:58:CA,ca58efd7bac31eff4c001219397f1cdaba9c8c3d7e4a79f709531a68f0883832f6bf20026f,-65171.608986383006,102181.26838978053,-129707.80715803521,82450.97433654488,-156015.3734089956,-36519.2567338219,437,606,510,510,2063,1,1,0,ADV_IND,37,37,3,-1,0,518316475,518317109,56,32,7,pre_aa_hdr_payload
3836.078011751175,1769649964.0630116,42.3694986,-71.0196953,13.767,C3:BA:D7:EF:58:CA,ca58efd7bac31eff4c001219397f1cdaba9c8c3d7e4a79f709531a68f0883832f6bf20026f,-67453.40443677404,103701.36668276432,-187730.46932358367,110023.71346682188,-184342.96900420316,-48563.34219720685,443,600,510,510,2063,1,1,0,ADV_IND,37,37,0,-1,0,518365831,518366466,56,32,8,pre_aa_hdr_payload
3836.4823019504547,1769649964.4673018,42.3694986,-71.0196953,13.767,C3:BA:D7:EF:58:CA,ca58efd7bac31eff4c001219397f1cdaba9c8c3d7e4a79f709531a68f0883832f6bf20026f,-60323.68300185156,121139.79046284119,-192146.05081058881,109528.68484014698,-155958.47512238272,-37103.937950176056,443,600,510,510,2063,1,1,0,ADV_IND,37,37,0,-1,0,518431758,518432392,56,32,8,pre_aa_hdr_payload
3836.840024471283,1769649964.8250244,42.3694986,-71.0196953,13.767,C3:BA:D7:EF:58:CA,ca58efd7bac31eff4c001219397f1cdaba9c8c3d7e4a79f709531a68f0883832f6bf20026f,-58131.78991654553,96438.05240965543,-136509.4651457773,101704.5365097371,-110222.0073241519,-24085.93257566588,432,659,486,486,2063,1,1,0,ADV_IND,37,37,1,-1,0,518457943,518458578,55,31,7,pre_aa_hdr_payload
3837.221704483032,1769649965.2067044,42.3694986,-71.0196953,13.767,C3:BA:D7:EF:58:CA,ca58efd7bac31eff4c001219397f1cdaba9c8c3d7e4a79f709531a68f0883832f6bf20026f,-62664.92955723233,157504.89208890797,-216676.61205670564,124865.3854692316,-177040.41889156116,-34744.67954758678,437,606,510,510,2063,1,1,0,ADV_IND,37,37,4,-1,0,518523048,518523683,55,32,8,pre_aa_hdr_payload
3837.265137910843,1769649965.2501378,42.3694986,-71.0196953,13.767,C3:BA:D7:EF:58:CA,ca58efd7bac31eff4c001219397f1cdaba9c8c3d7e4a79f709531a68f0883832f6bf20026f,-67311.64243738193,111312.18548205502,-183194.48777182953,117341.47697741464,-185539.42668514748,-42771.562538883096,443,600,510,510,2063,1,1,0,ADV_IND,37,37,0,-1,0,518581426,518582061,56,32,7,pre_aa_hdr_payload
3837.2660319805145,1769649965.2510319,42.3694986,-71.0196953,13.767,DB:D9:63:52:6F:FE,fe6f5263d9db1eff4c001219003b4f9ee932c1d36e9c038b7e1496c86fca13e3de399b0100,-53054.89606930709,38368.04963069276,-164145.26199406342,40366.228830564774,-146650.78907662793,-17967.093679113183,395,816,426,426,2063,1,1,2,ADV_NONCONN_IND,37,37,3,-1,0,518582630,518583264,55,32,8,pre_aa_hdr_payload
3837.6398601531982,1769649965.62486,42.3694986,-71.0196953,13.767,C3:BA:D7:EF:58:CA,ca58efd7bac31eff4c001219397f1cdaba9c8c3d7e4a79f709531a68f0883832f6bf20026f,-70679.43796743226,137710.08491203294,-138827.69089145598,70152.41705094179,-178233.28970629856,-29687.769266759915,419,624,510,510,2063,1,1,0,ADV_IND,37,37,0,-1,0,518625083,518625718,56,32,8,pre_aa_hdr_payload
3838.342828273773,1769649966.3278282,42.3694986,-71.0196953,13.767,C3:BA:D7:EF:58:CA,ca58efd7bac31eff4c001219397f1cdaba9c8c3d7e4a79f709531a68f0883832f6bf20026f,-70601.87263155408,150252.0645082064,-203418.67503559444,129844.4987719552,-197293.35461588757,-47761.06120465219,449,594,510,510,2063,1,1,0,ADV_IND,37,37,5,-1,0,518730575,518731209,55,32,8,pre_aa_hdr_payload
3838.3486528396606,1769649966.3336527,42.3694986,-71.0196953,13.767,C3:BA:D7:EF:58:CA,ca58efd7bac31eff4c001219397f1cdaba9c8c3d7e4a79f709531a68f0883832f6bf20026f,-67049.13549988778,146214.9107148809,-154550.1869590415,126717.61550282875,-200689.18606901538,-50964.46184540338,443,612,504,504,2063,1,1,0,ADV_IND,37,37,0,-1,0,518738404,518739038,56,32,8,pre_aa_hdr_payload
3838.3586349487305,1769649966.3436348,42.3694986,-71.0196953,13.767,C3:BA:D7:EF:58:CA,ca58efd7bac31eff4c001219397f1cdaba9c8c3d7e4a79f709531a68f0883832f6bf20026f,-73440.70558349624,98753.55890701739,-191641.80933392045,114224.14183562172,-179237.32971379725,-54937.25730151971,443,600,510,510,2063,1,1,0,ADV_IND,37,37,0,-1,0,518751820,518752455,56,32,8,pre_aa_hdr_payload
3838.363279104233,1769649966.348279,42.3694986,-71.0196953,13.767,C3:BA:D7:EF:58:CA,ca58efd7bac31eff4c001219397f1cdaba9c8c3d7e4a79f709531a68f0883832f6bf20026f,-76376.64105828425,94900.3469034014,-178542.36096922442,107831.26100855053,-180595.04912783677,-49797.33078589528,443,600,510,510,2063,1,1,0,ADV_IND,37,37,0,-1,0,518758062,518758697,56,32,7,pre_aa_hdr_payload
3841.90301322937,1769649969.8880131,42.3694986,-71.0196953,13.767,F8:1A:8D:E6:75:F0,f075e68d1af81eff4c001219ff39b5e992edd2fd003fa2bf057ce989b6abb34503c6a603ff,-43379.56668429673,137803.48003373726,-131247.43407922343,93439.27171237784,-166633.52373509164,-35693.7082653781,407,624,516,516,2063,1,1,2,ADV_NONCONN_IND,37,37,0,-1,0,519175116,519175750,56,32,8,pre_aa_hdr_payload
3860.320986032486,1769649988.305986,42.3694986,-71.0196953,13.767,C7:65:19:25:70:5F,5f70251965c71eff4c001219ffcea0583fa536286a3d290187b9cc9320b7bed5f25a4801ff,-57723.10981581368,101841.54112854275,-188014.421153126,110919.46837436836,-177073.90923338122,-52893.617174624305,479,612,486,486,2063,1,1,2,ADV_NONCONN_IND,37,37,1,-1,0,521360291,521360925,56,32,8,pre_aa_hdr_payload
3863.93629860878,1769649991.9212985,42.3694986,-71.0196953,13.767,F3:4A:5A:19:BD:9B,9bbd195a4af31eff4c001219003f15784d77bd170eb170726583069e6acf90e90d0de50100,-69749.20888976498,65413.96928920559,-173536.86344989558,92206.81027223685,-136370.09087060846,-49736.3597080829,407,564,546,546,2063,1,1,2,ADV_NONCONN_IND,37,37,1,-1,0,521886343,521886978,56,31,8,pre_aa_hdr_payload
3865.9812819957733,1769649993.966282,42.3694986,-71.0196953,13.767,E0:31:4A:26:5D:6F,6f5d264a31e01eff4c001219ff4e816df6b4bdebc64e4e53dcf04f9a75e0ff3e0a340001ff,-66133.35654120496,105246.36960576168,-211841.80728951027,92536.75777287678,-178029.4114093786,-61727.913489368715,449,564,522,528,2063,1,1,2,ADV_NONCONN_IND,37,37,5,-1,0,522242228,522242863,55,32,8,pre_aa_hdr_payload
3874.378545999527,1769650002.363546,42.3694986,-71.0196953,13.767,D6:CD:3F:C1:6A:70,706ac13fcdd61eff4c001219ff6ac6a32ac6611e2cd8ca97cf33d61f5edb2642bad84403ff,-47592.0965333847,120401.19516174476,-205537.23313978055,89041.68774718205,-178365.10700651995,-41768.07758679231,509,552,498,504,2063,1,1,2,ADV_NONCONN_IND,37,37,5,-1,0,523308307,523308941,55,32,8,pre_aa_hdr_payload
3880.121497154236,1769650008.106497,42.3694986,-71.0196953,13.767,EA:A0:4E:76:0F:DF,df0f764ea0ea1eff4c001219ff0e5a7f2ab2fab0ba25f40daff5087292d49e94f441bc00ff,-62701.54933193101,128859.16434808933,-220965.34591987196,93259.01144418809,-184723.06967070216,-57580.695198853246,437,540,540,546,2063,1,1,2,ADV_NONCONN_IND,37,37,5,-1,0,524338325,524338960,55,30,8,pre_aa_hdr_payload
3881.7651398181915,1769650009.7501397,42.3694986,-71.0196953,13.767,CB:E1:C2:39:DA:EB,ebda39c2e1cb1eff4c0012190024f17d95f6a89d8d4c061dd53b74a3462090337734650300,-83726.88511158357,118744.56807803744,-211360.02949774245,110490.12707445107,-186716.23780958104,-57972.05051374889,407,624,516,516,2063,1,1,2,ADV_NONCONN_IND,37,37,5,-1,0,524589236,524589870,55,32,8,pre_aa_hdr_payload
3884.0252356529236,1769650012.0102355,42.3694986,-71.0196953,13.767,D3:8B:70:5E:87:0B,0b875e708bd31eff4c001219ff90f81a4923e9c8d849d4a05e74aecfa61438931d1ee302ff,-86039.4306428465,163305.040273943,-148091.06902742872,107235.27591253488,-134374.30492349187,-59970.390338874975,233,1008,408,414,2063,1,1,2,ADV_NONCONN_IND,37,37,3,-1,0,524998710,524999345,55,31,8,pre_aa_hdr_payload
3887.329602956772,1769650015.3146029,42.3694986,-71.0196953,13.767,E8:B8:28:4B:DE:3B,3bde4b28b8e81eff4c001219105a6c1df08191059dee2cdacab847b047b3a45a9f835500cc,-62844.037038923525,164966.59948517062,-219123.62925523994,122107.71597526802,-187838.00899746374,-50087.8133244513,389,576,546,552,2063,1,1,0,ADV_IND,37,37,1,-1,0,525460644,525461278,56,32,8,pre_aa_hdr_payload
3888.1429777145386,1769650016.1279776,42.3694986,-71.0196953,13.767,D0:C5:14:7D:18:B0,b0187d14c5d01eff4c001219ff03521686b47bb97f3641e055e9f03eeef63997a8514b03ff,-66981.53797134451,155571.2083388186,-172254.10560178163,101649.91345426124,-153333.27406791094,-53512.570899828504,384,887,396,396,2063,1,1,2,ADV_NONCONN_IND,37,37,3,-1,0,525557273,525557907,55,31,8,pre_aa_hdr_payload
3898.2362036705017,1769650026.2212036,42.3694986,-71.0196953,13.767,D4:AD:DF:E1:D7:4E,4ed7e1dfadd41eff4c001219fffa0a1f9cede464f3470735aa0675c25f13cd0a5edca902ff,-81725.37643489652,77401.6809395912,-90432.4452676299,77895.03121437995,-164194.54119173682,-53276.74070325305,407,678,486,492,2063,1,1,2,ADV_NONCONN_IND,37,37,0,-1,0,526651527,526652161,56,30,8,pre_aa_hdr_payload
3902.2012832164764,1769650030.186283,42.3694986,-71.0196953,13.767,C2:0F:E9:E4:6B:EE,ee6be4e90fc21eff4c001219ff0fb7083e5bfdf245671c88cd76b633d27c2f70381f3500ff,-66710.68539644574,68063.83576079585,-159800.6806380841,69220.19772354871,-165800.44586844675,-65427.59848520365,425,588,522,528,2063,1,1,2,ADV_NONCONN_IND,37,37,1,-1,0,527048881,527049516,56,32,7,pre_aa_hdr_payload
3904.2221586704254,1769650032.2071586,42.3694986,-71.0196953,13.767,E5:DC:E7:E3:85:F4,f485e3e7dce51eff4c001219ffddc4ced64e7ca55f46e7d1a45e21d240daf79f2ed06800ff,-87207.57797695906,152154.27641618552,-144227.38240102568,125956.02301757642,-130148.96351668352,-81277.74052907046,191,1218,324,330,2063,1,1,2,ADV_NONCONN_IND,37,37,3,-1,0,527380427,527381061,55,32,8,pre_aa_hdr_payload
3915.9920523166656,1769650043.9770522,42.3694986,-71.0196953,13.767,D1:6D:A3:2C:93:8E,8e932ca36dd11eff4c00121900f64004c6d0fa1a1b9e1c8bd788b538e2e99916a55b5e0000,-10207.086293119082,106997.20319749312,-127118.87412174973,123874.10358449153,-174012.08009240424,-16216.603456291272,599,516,474,474,2063,1,1,2,ADV_NONCONN_IND,37,37,1,-1,0,529173950,529174584,56,32,8,pre_aa_hdr_payload
3928.0329463481903,1769650056.0179462,42.3694986,-71.0196953,13.767,C2:B8:5F:B8:66:05,0566b85fb8c21eff4c001219ff2767d393265284c6cbeb92dcaf94ab86888d987ad26b03ff,-68705.34965439174,96652.79827258558,-209659.6503285234,77599.48496982628,-172769.65872458727,-75213.64848818984,455,570,516,522,2063,1,1,2,ADV_NONCONN_IND,37,37,0,-1,0,530372272,530372907,56,32,7,pre_aa_hdr_payload
3935.6789350509644,1769650063.663935,42.3694986,-71.0196953,13.767,F1:27:65:65:57:40,4057656527f10201060d16edfe0200f17035341a5b34800303edfe,-15840.571189438791,125100.26479384914,-182277.8236786877,100333.03781216232,-175812.9054181948,-9670.918212874785,443,336,402,402,1583,1,1,0,ADV_IND,27,37,2,-1,0,531395295,531395929,56,32,8,pre_aa_hdr_payload
3952.9068932533264,1769650080.8918931,42.3694986,-71.0196953,13.767,E4:FF:84:34:7E:4C,4c7e3484ffe41eff4c0012190008e59ec7428c9a8434ecab3d36eb3356d26f597382ce0100,-39509.866085984584,157245.10682155946,-145637.97289733766,99576.55070423528,-35247.1876742986,-19787.262922588143,456,599,504,504,2063,1,1,2,ADV_NONCONN_IND,37,37,0,-1,0,533833512,533834146,57,31,8,pre_aa_hdr_payload
3957.0369081497192,1769650085.021908,42.3694986,-71.0196953,13.767,E4:FF:84:34:7E:4C,4c7e3484ffe41eff4c0012190008e59ec7428c9a8434ecab3d36eb3356d26f597382ce0100,-36426.71157524067,134076.07569035748,-221773.66266629478,102136.05025201081,-183147.9697751874,-33067.63255745061,509,486,534,534,2063,1,1,2,ADV_NONCONN_IND,37,37,0,-1,0,534480827,534481462,56,32,8,pre_aa_hdr_payload
3958.946982383728,1769650086.9319823,42.3694986,-71.0196953,13.767,F1:27:65:65:57:40,4057656527f10201060d16edfe0200f17035341a5b34800303edfe,-20432.42021925904,147454.82430773962,-185154.2720058147,46725.37667035543,-63171.44297531398,-3070.375314799564,377,402,402,402,1583,1,1,0,ADV_IND,27,37,5,-1,0,534733663,534734297,55,32,8,pre_aa_hdr_payload
3976.0048503875732,1769650103.9898503,42.3694986,-71.0196953,13.767,F7:18:CF:1E:C4:5B,5bc41ecf18f71eff4c001219ff1777c4346c7e07cfcd646f36f1a1e61b2958da8bfc1303ff,-75185.61970519827,136679.22389113368,-191357.4664448754,74002.72856164817,-176922.02472562893,-15647.819201648897,389,636,516,522,2063,1,1,2,ADV_NONCONN_IND,37,37,5,-1,0,536924400,536925034,55,32,8,pre_aa_hdr_payload
3982.008991956711,1769650109.9939919,42.3694986,-71.0196953,13.767,D9:72:BD:4D:0B:41,410b4dbd72d91eff4c001219ff76d6c36789c4e23df6b0fcb44d24953532b0de67416801ff,-10366.333754682133,111908.54925825176,-151329.17418869713,103846.04706103026,-151211.06194001282,7281.767044419627,509,420,564,570,2063,1,1,2,ADV_NONCONN_IND,37,37,0,-1,0,537705646,537706280,56,31,7,pre_aa_hdr_payload
3984.183685064316,1769650112.168685,42.3694986,-71.0196953,13.767,E2:12:B2:D5:1F:1E,1e1fd5b212e21eff4c001219ffe07a55fc5664574f55b2dd04c7c13fe7d928ceadf17003ff,-31940.67178077598,140534.82152500856,-122297.98491075748,104703.26243945067,-133928.878430608,-18297.395228962127,377,948,366,372,2063,1,1,2,ADV_NONCONN_IND,37,37,2,-1,0,537924366,537925001,55,32,8,pre_aa_hdr_payload
4002.1952590942383,1769650130.180259,42.3694986,-71.0196953,13.767,D9:CA:09:B5:74:D1,d174b509cad91eff4c001219ff5db1d71a74f3d8617842bd4551676a196bedd854906903ff,-59587.562920340635,78257.08648282709,-173171.24450430713,61713.26415307686,-165985.06450689244,-64319.20281862905,431,510,558,564,2063,1,1,2,ADV_NONCONN_IND,37,37,0,-1,0,540537494,540538128,56,31,8,pre_aa_hdr_payload
4006.0985531806946,1769650134.083553,42.3694986,-71.0196953,13.767,D3:74:3E:B4:14:C5,c514b43e74d31eff4c001219ff34c5beaeada8aec15535ff976db68ddca6a572d0061502ff,-76942.87797088752,130943.31952384765,-219804.90914882458,52974.73925212039,-149176.99833988363,-53022.56623733279,425,600,516,522,2063,1,1,2,ADV_NONCONN_IND,37,37,4,-1,0,541032607,541033241,55,28,8,pre_aa_hdr_payload
4008.3656153678894,1769650136.3506153,42.3694986,-71.0196953,13.767,EC:04:19:B2:5A:76,765ab21904ec1eff4c001219ff2336e252b2a22aeaf915c5621112743d55a301f5b84b02ff,-49726.1891427529,103511.15036320969,-197045.27901346324,86027.24312913229,-124679.17151089375,-54297.68407302703,497,582,492,492,2063,1,1,2,ADV_NONCONN_IND,37,37,1,-1,0,541428595,541429229,56,32,8,pre_aa_hdr_payload
4013.119746208191,1769650141.104746,42.3694986,-71.0196953,13.767,E4:FF:84:34:7E:4C,4c7e3484ffe41eff4c0012190008e59ec7428c9a8434ecab3d36eb3356d26f597382ce0100,-31158.209577155114,121647.9223983147,-211523.7680006569,113513.93629292467,-177119.25681707505,-21701.016785716165,515,492,528,528,2063,1,1,2,ADV_NONCONN_IND,37,37,5,-1,0,542086819,542087453,55,31,8,pre_aa_hdr_payload
4018.2117750644684,1769650146.196775,42.3694986,-71.0196953,13.767,F7:6E:7A:41:C6:82,82c6417a6ef71eff4c001219ff22c3ec981ec3985ea3f666d1596087066def7b4f153c03ff,-95643.71538821171,111409.97264237632,-215871.77900539606,84771.98584316485,-197906.118236991,-85428.61786243011,395,654,504,510,2063,1,1,2,ADV_NONCONN_IND,37,37,2,-1,0,542458568,542459202,56,32,8,pre_aa_hdr_payload
4019.9386074543,1769650147.9236073,42.3694986,-71.0196953,13.767,F5:A1:F5:57:33:26,263357f5a1f51eff4c001219ff3b067f86d1871f98f21e89c847ac3ee31ca0d22d187003ff,-16583.21196718274,164203.9950371075,-176629.3421542084,96195.6819494993,-146917.54689501246,-24156.28805729469,509,636,456,462,2063,1,1,2,ADV_NONCONN_IND,37,37,0,-1,0,542766185,542766820,56,32,8,pre_aa_hdr_payload
4026.1670689582825,1769650154.1520689,42.3694986,-71.0196953,13.767,C3:9D:C6:0F:35:E1,e1350fc69dc31eff4c001219ff6918793a839cecf9835f7815ed8050b26cf641575e2f02ff,-56129.23536714026,121785.03272617025,-207730.8111090719,90845.76063103844,-176133.24122958715,-47804.300247895575,443,534,540,546,2063,1,1,2,ADV_NONCONN_IND,37,37,5,-1,0,543510227,543510862,55,32,8,pre_aa_hdr_payload
4034.100777864456,1769650162.0857778,42.3694986,-71.0196953,13.767,CB:1A:1E:F0:AA:61,61aaf01e1acb1eff4c001219ffa8569cffc0f0aff7b9036e59aaf9aac0fc0adaa3930501ff,-62108.973502301415,119866.4189164837,-201349.84828628984,97212.86556603965,-166767.54729190152,-42505.01031323511,437,576,522,528,2063,1,1,2,ADV_NONCONN_IND,37,37,4,-1,0,544847438,544848073,55,32,8,pre_aa_hdr_payload
4051.9106738567352,1769650179.8956738,42.3694986,-71.0196953,13.767,F5:2D:FB:BE:F2:B6,b6f2befb2df51eff4c001219ff649287990a1bfcd00eeda124b19b65e173d5e4305f8c03ff,-47062.79244581753,149506.9049834382,-219688.8870156929,92917.80163156545,-155218.30573078606,-37810.46080042913,461,528,534,540,2063,1,1,2,ADV_NONCONN_IND,37,37,0,-1,0,547487556,547488190,56,32,8,pre_aa_hdr_payload
4078.201235294342,1769650206.1862352,42.3694986,-71.0196953,13.767,CE:89:58:A7:A9:B1,b1a9a75889ce1eff4c001219ffa6e8ad12f8f09fb2e71280612aff43a0bbe0192bc27000ff,-79375.54233957767,133085.6125111039,-225724.9297968015,74369.42563214856,-147015.61234017363,-50894.001070599654,455,642,480,486,2063,1,1,2,ADV_NONCONN_IND,37,37,4,-1,0,550933492,550934127,55,32,8,pre_aa_hdr_payload
4084.105298757553,1769650212.0902987,42.3694986,-71.0196953,13.767,E8:C4:4A:5D:97:8B,8b975d4ac4e81eff4c001219ff2c45259c3de030d2d66d2b5ac513277a0fc0d6786e4101ff,-60423.289927396836,123787.01783687373,-196366.22533186077,91327.60452377869,-194379.15131508987,-44622.974337388834,491,582,492,498,2063,1,1,2,ADV_NONCONN_IND,37,37,0,-1,0,551650441,551651076,56,32,8,pre_aa_hdr_payload
4086.445885658264,1769650214.4308856,42.3694986,-71.0196953,13.767,E9:2F:9D:F2:FC:91,91fcf29d2fe91eff4c001219ffdf641a1af8357c0426385249cf7da393118e89bee47b03ff,-72070.28504272284,96174.606876166,-210623.62671072595,97238.34391272462,-147586.14455220223,-48252.87794881596,395,570,546,552,2063,1,1,2,ADV_NONCONN_IND,37,37,1,-1,0,552018907,552019541,56,32,8,pre_aa_hdr_payload
4091.007379770279,1769650218.9923797,42.3694986,-71.0196953,13.767,ED:BA:54:BF:89:81,8189bf54baed1eff4c001219ff059bd60e0c0f11be5335beba4b16ee3c081f4ccebf9300ff,-91722.52512417306,70374.60442298854,-180648.47186399277,83892.49194949002,-167383.10453060103,-60788.963579603966,389,636,516,522,2063,1,1,2,ADV_NONCONN_IND,37,37,5,-1,0,552541172,552541806,55,32,8,pre_aa_hdr_payload
4099.913769483566,1769650227.8987694,42.3694986,-71.0196953,13.767,D2:41:16:FB:A2:41,41a2fb1641d21eff4c001219ff9ec6daafbe51288cb91545a02c4b83c5fbe91f1a985500ff,-43547.16956608744,137940.06014095782,-132676.35368912882,80608.40115162554,-126773.52156913748,-32271.65762320732,383,990,342,348,2063,1,1,2,ADV_NONCONN_IND,37,37,0,-1,0,553581188,553581822,56,31,7,pre_aa_hdr_payload
4102.039893388748,1769650230.0248933,42.3694986,-71.0196953,13.767,EA:A3:4C:96:BB:56,56bb964ca3ea1eff4c001219ff3518535311cc79d7ca19a3842a23499cecefc73b78ab00ff,-40356.27237841532,123254.61992736113,-197525.07186455769,88745.21999709927,-176620.28950780872,-41652.445689912936,503,510,522,528,2063,1,1,2,ADV_NONCONN_IND,37,37,2,-1,0,553767210,553767844,56,32,8,pre_aa_hdr_payload
4103.86264872551,1769650231.8476486,42.3694986,-71.0196953,13.767,DA:98:16:FA:A2:53,53a2fa1698da1eff4c00121950f50c3724063273b69f5874dfb6f1ab86ceef0e9cea1a03de,-46994.54035747783,100112.60156871453,-183511.19587161604,80712.34046563391,-165785.76434353297,-20689.724095181995,455,546,528,534,2063,1,1,0,ADV_IND,37,37,0,-1,0,554016928,554017562,56,31,8,pre_aa_hdr_payload
4112.421167850494,1769650240.4061677,42.3694986,-71.0196953,13.767,F5:C0:C3:BA:12:22,2212bac3c0f51eff4c001219ff970c677b56d55bc0a7c78668e18849834c0592a47ad101ff,-62151.377593462115,148719.2785606394,-195888.79270662327,98235.45923140299,-157414.33571927008,-47478.502511495535,402,725,468,468,2063,1,1,2,ADV_NONCONN_IND,37,37,0,-1,0,555357590,555358224,57,31,8,pre_aa_hdr_payload
4126.94909119606,1769650254.934091,42.3694986,-71.0196953,13.767,FE:24:CA:B2:07:3E,3e07b2ca24fe1eff4c00121900c30f233241e7c1e13c89b1586bd212bd6721511c3f8f0100,-19883.83151942827,108064.62418952581,-202730.06308922422,28899.00377151683,-23451.94416899349,-3929.6504398984443,527,444,546,546,2063,1,1,2,ADV_NONCONN_IND,37,37,0,-1,0,557480177,557480812,56,32,8,pre_aa_hdr_payload
4128.3051652908325,1769650256.2901652,42.3694986,-71.0196953,13.767,C5:3C:9C:F0:4E:DA,da4ef09c3cc51eff4c001219ffa0fc1eadb1bcbe35ddbfe8248f64d8a5b60381b7c9ac03ff,-61579.87574336573,123918.04019642231,-211276.9869673676,93599.62732797753,-153420.07038426644,-56968.40417175747,455,594,504,510,2063,1,1,2,ADV_NONCONN_IND,37,37,1,-1,0,557724947,557725582,56,32,8,pre_aa_hdr_payload
4129.689590215683,1769650257.67459,42.3694986,-71.0196953,13.767,E3:81:67:A6:A8:94,94a8a66781e31eff4c00121900e2992a58f3012d669cef5df705eb2c52e19bdcde8f780300,-62561.6300606615,150531.84905499796,-235350.06424085845,122538.53353198376,-157745.65372032294,-38294.9391374869,491,612,480,480,2063,1,1,2,ADV_NONCONN_IND,37,37,4,-1,0,557957075,557957709,55,32,8,pre_aa_hdr_payload
4132.2336349487305,1769650260.2186348,42.3694986,-71.0196953,13.767,E0:0A:5C:0F:F1:D5,d5f10f5c0ae01eff4c001219ffb5042b0a76c9463a9d3e47c7811addd348d48c46d35d03ff,-51585.846885292885,83072.13545467121,-192394.09832095864,84989.30701472695,-158069.2376992268,-50072.411187540216,479,510,534,540,2063,1,1,2,ADV_NONCONN_IND,37,37,2,-1,0,558314059,558314693,56,32,8,pre_aa_hdr_payload
4146.162615776062,1769650274.1476157,42.3694986,-71.0196953,13.767,E3:81:67:A6:A8:94,94a8a66781e31eff4c00121900e2992a58f3012d669cef5df705eb2c52e19bdcde8f780300,-68941.38249403206,133437.62188808012,-229237.36662210125,118549.26063246184,-190852.52829421958,-53647.6939620297,515,612,468,468,2063,1,1,2,ADV_NONCONN_IND,37,37,1,-1,0,560391349,560391983,56,32,8,pre_aa_hdr_payload
4148.161845207214,1769650276.146845,42.3694986,-71.0196953,13.767,E3:81:67:A6:A8:94,94a8a66781e31eff4c00121900e2992a58f3012d669cef5df705eb2c52e19bdcde8f780300,-53864.262814995775,172671.31070230986,-232387.81306215606,61799.74118816892,-174770.91249811652,-24795.013775616822,486,629,474,474,2063,1,1,2,ADV_NONCONN_IND,37,37,4,-1,0,560699175,560699809,56,31,8,pre_aa_hdr_payload
4148.582713127136,1769650276.567713,42.3694986,-71.0196953,13.767,E7:B2:7B:EB:FC:D0,d0fceb7bb2e71eff4c001219ff2092f13bef0cecab69e3568206c9eef4189e982a529e03ff,-50397.09158976306,95350.39603134073,-127955.94760673278,100268.15224620535,-138758.3484174688,-46884.99768615375,353,888,408,414,2063,1,1,2,ADV_NONCONN_IND,37,37,2,-1,0,560747060,560747695,56,32,8,pre_aa_hdr_payload
4152.309052467346,1769650280.2940524,42.3694986,-71.0196953,13.767,E3:81:67:A6:A8:94,94a8a66781e31eff4c00121900e2992a58f3012d669cef5df705eb2c52e19bdcde8f780300,-57080.57399824273,123015.9806952941,-213206.69436692257,112544.87539159403,-161891.6253306347,-43693.44314719552,509,618,468,468,2063,1,1,2,ADV_NONCONN_IND,37,37,2,-1,0,561123259,561123894,56,32,7,pre_aa_hdr_payload
4152.3231518268585,1769650280.3081517,42.3694986,-71.0196953,13.767,EE:83:1F:67:BB:DB,dbbb671f83ee1eff4c001219ff976adef16aeda282b235dcc45244ebc83041bcc967ce02ff,-49988.81347412359,100682.05242190583,-161507.03826707348,82851.82155766722,-151129.8462619994,-50242.071155974816,443,630,492,498,2063,1,1,2,ADV_NONCONN_IND,37,37,1,-1,0,561142210,561142844,56,32,8,pre_aa_hdr_payload
4152.750660657883,1769650280.7356606,42.3694986,-71.0196953,13.767,FE:24:CA:B2:07:3E,3e07b2ca24fe1eff4c00121900c30f233241e7c1e13c89b1586bd212bd6721511c3f8f0100,-14008.10969496286,132454.29025992827,-99048.68020572796,126792.77749938979,-144577.0711123466,-24979.173230121512,347,780,468,468,2063,1,1,2,ADV_NONCONN_IND,37,37,5,-1,0,561233969,561234604,55,32,8,pre_aa_hdr_payload
4158.451133966446,1769650286.4361339,42.3694986,-71.0196953,13.767,EF:76:BE:7C:89:C5,c5897cbe76ef1eff4c001219ff2dccf4056301898f1d059a4db5e2f3269c216189128f00ff,-47736.69377276465,98166.12180935207,-184848.46779686725,76058.46328428203,-157070.45796581815,-46419.18263168291,485,528,522,528,2063,1,1,2,ADV_NONCONN_IND,37,37,1,-1,0,561732010,561732645,56,32,8,pre_aa_hdr_payload
4159.866610050201,1769650287.85161,42.3694986,-71.0196953,13.767,E3:81:67:A6:A8:94,94a8a66781e31eff4c00121900e2992a58f3012d669cef5df705eb2c52e19bdcde8f780300,-61060.8809725925,142679.04173669923,-224924.1039525215,113087.06499115274,-162376.5608629391,-38985.03151897355,515,612,468,468,2063,1,1,2,ADV_NONCONN_IND,37,37,1,-1,0,562021677,562022311,56,32,8,pre_aa_hdr_payload
4162.040602207184,1769650290.025602,42.3694986,-71.0196953,13.767,E3:81:67:A6:A8:94,94a8a66781e31eff4c00121900e2992a58f3012d669cef5df705eb2c52e19bdcde8f780300,-59858.83170989258,163744.38671018142,-224934.91929691556,117673.25702270813,-182058.33187777037,-42141.285428541174,509,618,468,468,2063,1,1,2,ADV_NONCONN_IND,37,37,4,-1,0,562255585,562256219,55,32,8,pre_aa_hdr_payload
4164.2055077552795,1769650292.1905077,42.3694986,-71.0196953,13.767,D4:E7:AB:CD:91:BF,bf91cdabe7d41eff4c001219fff2b367a96e1b064dd30474ffe5d60d9c9a7d9b8c737100ff,-66844.41480877066,111944.7335653871,-180433.4063185633,84757.92104935265,-187226.43684011578,-58459.76530405976,479,654,462,468,2063,1,1,2,ADV_NONCONN_IND,37,37,0,-1,0,562529697,562530332,56,32,8,pre_aa_hdr_payload
4170.272591352463,1769650298.2575912,42.3694986,-71.0196953,13.767,E0:97:AA:58:A1:DE,dea158aa97e01eff4c001219ffadd5ae04ae8bfe4328e30fe0f60ea7e077a862d8f50f03ff,-40542.76855954785,123534.89952846336,-210796.3320437448,79320.00470287353,-129907.03260321275,-39742.374870909596,509,516,516,522,2063,1,1,2,ADV_NONCONN_IND,37,37,5,-1,0,563245330,563245964,55,32,8,pre_aa_hdr_payload
4172.260311603546,1769650300.2453115,42.3694986,-71.0196953,13.767,F9:BF:F3:BD:42:30,3042bdf3bff91eff4c001219ff486198dabf78de284e2bf7d939b3261a349e8422ab7403ff,-79570.7576840856,108651.2316710232,-210350.19674427845,95922.76860500076,-188962.55006476076,-65682.90582962347,437,612,504,510,2063,1,1,2,ADV_NONCONN_IND,37,37,5,-1,0,563417368,563418002,55,32,8,pre_aa_hdr_payload
4172.942698001862,1769650300.927698,42.3694986,-71.0196953,13.767,FE:24:CA:B2:07:3E,3e07b2ca24fe1eff4c00121900c30f233241e7c1e13c89b1586bd212bd6721511c3f8f0100,-6411.199762721282,68274.63831823986,-177813.5246164738,134480.4889350474,-100407.1570299317,-11984.79400660213,581,438,522,522,2063,1,1,2,ADV_NONCONN_IND,37,37,0,-1,0,563546270,563546905,56,29,8,pre_aa_hdr_payload
4176.156520843506,1769650304.1415207,42.3694986,-71.0196953,13.767,E3:81:67:A6:A8:94,94a8a66781e31eff4c00121900e2992a58f3012d669cef5df705eb2c52e19bdcde8f780300,-60237.416289548964,144943.40834317353,-235535.43513877387,119344.76253371364,-181794.5633987495,-42495.96981308586,503,612,474,474,2063,1,1,2,ADV_NONCONN_IND,37,37,4,-1,0,564109300,564109934,55,32,8,pre_aa_hdr_payload
4176.477583646774,1769650304.4625835,42.3694986,-71.0196953,13.767,DD:3E:34:62:EE:E1,e1ee62343edd1eff4c001219ff211cb16aa895009b36f441b2cbcc673fb2e7b54c7c7f00ff,-52919.86109477949,152684.52290234246,-218221.31600794155,84861.99070963249,-176967.36950116616,-51700.12020489225,473,552,516,522,2063,1,1,2,ADV_NONCONN_IND,37,37,4,-1,0,564139974,564140609,55,32,8,pre_aa_hdr_payload
4178.442380189896,1769650306.42738,42.3694986,-71.0196953,13.767,E3:81:67:A6:A8:94,94a8a66781e31eff4c00121900e2992a58f3012d669cef5df705eb2c52e19bdcde8f780300,-65924.25314536385,115192.60915189392,-206163.98033916517,107019.77278429603,-177089.64904418832,-51661.93681039036,503,624,468,468,2063,1,1,2,ADV_NONCONN_IND,37,37,1,-1,0,564464692,564465326,56,32,8,pre_aa_hdr_payload
4178.449221134186,1769650306.434221,42.3694986,-71.0196953,13.767,E3:B2:30:DD:F5:49,49f5dd30b2e31eff4c001219ff2d5e54bc7b48630394a654889864df083f06b57cee7200ff,-48909.501288036634,85477.84188292192,-181453.8366477891,78028.08164217563,-157329.10534013066,-55313.17451377813,503,534,510,516,2063,1,1,2,ADV_NONCONN_IND,37,37,0,-1,0,564473887,564474521,56,32,8,pre_aa_hdr_payload
4182.052078962326,1769650310.0370789,42.3694986,-71.0196953,13.767,E3:81:67:A6:A8:94,94a8a66781e31eff4c00121900e2992a58f3012d669cef5df705eb2c52e19bdcde8f780300,-43064.78389784229,126284.99214477559,-198272.08221563033,64955.06841629254,-110060.74106784613,-11196.354014730972,515,600,474,474,2063,1,1,2,ADV_NONCONN_IND,37,37,2,-1,0,565010081,565010715,56,28,8,pre_aa_hdr_payload
4206.42561507225,1769650334.410615,42.3694986,-71.0196953,13.767,DA:DB:B8:FC:6E:C8,c86efcb8dbda1eff4c001219fffdc188a774aa4421682d7b805de95afa6f0598b9309e01ff,-50253.977782095695,146339.30958703364,-228260.48741629656,100888.17142864,-184374.77699741986,-46327.20196405349,563,558,468,474,2063,1,1,2,ADV_NONCONN_IND,37,37,4,-1,0,568278194,568278828,55,32,7,pre_aa_hdr_payload
4210.365306854248,1769650338.3503067,42.3694986,-71.0196953,13.767,D5:68:D5:33:F5:D1,d1f533d568d51eff4c001219ff92b39560fb68e893457bdb1f1bfa2f1d74efaa05151401ff,-45695.64470402633,115306.26740770746,-30804.10137032257,92534.41587183494,-169760.48180970177,-18805.271885593756,515,546,498,504,2063,1,1,2,ADV_NONCONN_IND,37,37,0,-1,0,568886420,568887055,56,29,8,pre_aa_hdr_payload
4226.765315771103,1769650354.7503157,42.3694986,-71.0196953,13.767,D8:82:9B:00:1C:AF,af1c009b82d81eff4c001219311e054d673ab08294eeb773b78263b5cfb1f5e7dec9060090,-51724.880366403086,70761.62685967659,-177770.6012698486,16101.392650771399,-64552.25885307405,-10177.246702801465,443,546,534,540,2063,1,1,0,ADV_IND,37,37,3,-1,0,571234974,571235608,56,28,8,pre_aa_hdr_payload
4237.717764854431,1769650365.7027647,42.3694986,-71.0196953,13.767,E0:2E:3D:95:8B:80,808b953d2ee01eff4c001219685a530369ead2fc7e61cab0db763af67c9e118b06511501b6,-49283.774310772984,107757.08422423847,-181931.12472678226,32652.817178787704,-86779.56567611893,-25405.91452650976,413,504,570,576,2063,1,1,2,ADV_NONCONN_IND,37,37,0,-1,0,572772476,572773111,56,31,8,pre_aa_hdr_payload
4250.23240852356,1769650378.2174084,42.3694986,-71.0196953,13.767,E2:7D:B1:69:08:E9,e90869b17de21eff4c001219ff2687ccdacdabd53922374779ddd941a9f83e7cabf62900ff,-66840.09613707023,113326.77103943557,-221121.38256046854,94433.76810475205,-169595.38963561688,-60268.02406467146,443,546,534,540,2063,1,1,2,ADV_NONCONN_IND,37,37,0,-1,0,574727325,574727960,56,29,8,pre_aa_hdr_payload
4256.039911746979,1769650384.0249116,42.3694986,-71.0196953,13.767,FF:C4:64:0D:BF:CE,cebf0d64c4ff1eff4c001219ff04a4492ae7d316677fecafedc9ba1883df17e2ce625e01ff,-51013.124850358574,127203.1829531618,-215186.9658947508,103142.67479326011,-165286.37418713325,-34060.6991080919,449,528,540,546,2063,1,1,2,ADV_NONCONN_IND,37,37,0,-1,0,575189442,575190076,56,32,8,pre_aa_hdr_payload
4272.196851730347,1769650400.1818516,42.3694986,-71.0196953,13.767,D2:65:6C:68:3D:D4,d43d686c65d21eff4c001219ffb02a4ea0c9a6672e2b4f5be7c6817118c96678ce2aac00ff,-50432.338211845294,104898.68585229128,-193809.90731080194,103550.4113077886,-138509.8494020767,-30949.1383031685,479,570,504,510,2063,1,1,2,ADV_NONCONN_IND,37,37,3,-1,0,577402801,577403435,55,31,8,pre_aa_hdr_payload
4275.212746143341,1769650403.197746,42.3694986,-71.0196953,13.767,DC:B6:F1:50:21:7E,7e2150f1b6dc1eff4c00121900b3d6828f936d104a013fef1f07bb4bc3430e09f1b3790300,-45151.890497474706,134323.260576926,-200601.254847614,81741.59084514446,-71472.44506509166,-22237.712940937483,479,552,516,516,2063,1,1,2,ADV_NONCONN_IND,37,37,5,-1,0,577803939,577804573,55,29,7,pre_aa_hdr_payload
4276.179963350296,1769650404.1649632,42.3694986,-71.0196953,13.767,E2:94:B4:34:6B:F4,f46b34b494e21eff4c001219ffff14d092e34fc42dbbab86dbea09fb71f36a2415a05f02ff,-17251.691831468033,122227.13160474347,-209341.37302196113,98035.04323288712,-178515.70301717205,-23561.35335302733,557,492,504,510,2063,1,1,2,ADV_NONCONN_IND,37,37,5,-1,0,577860358,577860993,55,32,8,pre_aa_hdr_payload
4280.694957494736,1769650408.6799574,42.3694986,-71.0196953,13.767,D1:97:A7:0D:EB:F8,f8eb0da797d11eff4c001219ffcfac25a16424b40761ee46a4a89a7072717e234a8aa201ff,-56301.70475872189,145924.84082304963,-234927.99354875326,87925.02461801887,-174747.87558533534,-66614.55640554757,485,552,510,516,2063,1,1,2,ADV_NONCONN_IND,37,37,0,-1,0,578557052,578557686,56,32,8,pre_aa_hdr_payload
4296.289611577988,1769650424.2746115,42.3694986,-71.0196953,13.767,ED:07:1E:BB:8B:29,298bbb1e07ed1eff4c001219ffa9929f3757d95cb21e32a8879fd3e4d8d881cf6a54e303ff,-51398.19099495579,115186.58645376844,-194475.51715947417,95456.88109626254,-163452.3806698695,-37353.39527819786,503,558,498,504,2063,1,1,2,ADV_NONCONN_IND,37,37,0,-1,0,580623150,580623784,56,32,8,pre_aa_hdr_payload
4299.921806573868,1769650427.9068065,42.3694986,-71.0196953,13.767,F3:C6:3A:74:73:37,3773743ac6f31eff4c001219ffca9c0d3af7e0d8676ffd357155f2d93f0e52f908e82c00ff,-60744.60052486468,110029.94347128896,-221731.4282297113,87173.5839577961,-173524.95044957328,-67749.64551224609,497,576,492,498,2063,1,1,2,ADV_NONCONN_IND,37,37,5,-1,0,581040822,581041457,55,32,8,pre_aa_hdr_payload
4310.305845975876,1769650438.2908459,42.3694986,-71.0196953,13.767,C1:99:5C:D6:70:0B,0b70d65c99c11eff4c001219ff631686160b0df593da214ceeb9b0f8c4e3afae8d5b3200ff,-75982.9091111646,103942.52066731187,-135448.63157206643,63010.89852068436,-158396.43098091663,-53103.51414407053,371,810,438,444,2063,1,1,2,ADV_NONCONN_IND,37,37,2,-1,0,582629542,582630177,56,31,7,pre_aa_hdr_payload
4312.248039960861,1769650440.2330399,42.3694986,-71.0196953,13.767,D6:16:04:6C:C7:E7,e7c76c0416d61eff4c001219ffa227984fc7bd8ec91f83f744207be1a209861a8fc8c600ff,-45225.48578589186,134208.7082596771,-201677.28818506456,97394.09414084622,-181985.05356602918,-31957.200925190897,503,534,510,516,2063,1,1,2,ADV_NONCONN_IND,37,37,5,-1,0,582945387,582946022,55,32,8,pre_aa_hdr_payload
4320.0983057022095,1769650448.0833056,42.3694986,-71.0196953,13.767,C7:1A:D6:02:99:36,369902d61ac71eff4c00121910174be60d713ff3db625c7c5f90dbde35f11a4ec8b5ba0380,-71182.50274489864,142088.63715121808,-167527.29044388403,109922.82264085177,-195197.0423786651,-52864.3827063297,455,582,510,516,2063,1,1,0,ADV_IND,37,37,5,-1,0,584003729,584004364,55,28,8,pre_aa_hdr_payload
4320.1177299022675,1769650448.1027298,42.3694986,-71.0196953,13.767,EF:50:4C:2E:E2:44,44e22e4c50ef1eff4c001219ff284798bc98f5888b3338be2b78a4db40b93b9ffc2efc01ff,-53440.584757188975,66261.2462601742,-183871.161883133,81632.03292770035,-181576.79928957112,-46811.03799813882,473,564,510,516,2063,1,1,2,ADV_NONCONN_IND,37,37,0,-1,0,584029837,584030471,56,31,8,pre_aa_hdr_payload
4320.547203540802,1769650448.5322034,42.3694986,-71.0196953,13.767,FC:2D:F8:90:E4:3A,3ae490f82dfc1eff4c001219d01e999d3329c2ac5c5f2aa1f805224d2133d47517692c032f,-60863.716178256036,148396.22244444984,-225428.2278130148,58238.756535055465,-58111.32708794875,-23996.739748993394,437,594,516,516,2063,1,1,0,ADV_IND,37,37,5,-1,0,584065095,584065730,55,32,8,pre_aa_hdr_payload
4324.648216247559,1769650452.6332161,42.3694986,-71.0196953,13.767,FC:2D:F8:90:E4:3A,3ae490f82dfc1eff4c001219d01e999d3329c2ac5c5f2aa1f805224d2133d47517692c032f,-78762.50440152892,151185.10442082753,-227721.7685595928,111833.60024999232,-152542.621282376,-65883.9342414006,431,600,516,516,2063,1,1,0,ADV_IND,37,37,1,-1,0,584586711,584587346,56,32,8,pre_aa_hdr_payload
4329.978566646576,1769650457.9635665,42.3694986,-71.0196953,13.767,E5:B8:7C:BC:7F:24,247fbc7cb8e51eff4c001219ffcd5a338e571cea2369ee8fd0dd13326046880ddf388202ff,-61117.86324878479,139120.5218993063,-188083.01635638723,90363.18601694117,-157084.9995141596,-54930.76331616879,402,683,492,486,2063,1,1,2,ADV_NONCONN_IND,37,37,3,-1,0,585359154,585359789,56,32,7,pre_aa_hdr_payload
4335.633123636246,1769650463.6181235,42.3694986,-71.0196953,13.767,DC:B6:F1:50:21:7E,7e2150f1b6dc1eff4c00121900b3d6828f936d104a013fef1f07bb4bc3430e09f1b3790300,-34912.910422535046,83888.46877534143,-190695.4209210744,113715.62117352946,-186222.27903472394,-9415.091896077796,497,570,498,498,2063,1,1,2,ADV_NONCONN_IND,37,37,4,-1,0,586072735,586073370,55,30,8,pre_aa_hdr_payload
4338.265326499939,1769650466.2503264,42.3694986,-71.0196953,13.767,CB:BD:67:DE:C5:A9,a9c5de67bdcb1eff4c001219ff0ffe0d43312b58be8a5ef8f2929a1afa531aa3181ff703ff,-61305.35905656297,147738.36408583142,-231424.05055388768,98548.42751391846,-178455.2532052488,-52153.23028960213,467,594,498,504,2063,1,1,2,ADV_NONCONN_IND,37,37,0,-1,0,586499501,586500135,56,32,8,pre_aa_hdr_payload
4348.0288875103,1769650476.0138874,42.3694986,-71.0196953,13.767,FE:6A:0D:8F:2F:2F,2f2f8f0d6afe1eff4c00121910dcabdda1fd61299a55d625f62757d9181109ea5e7f94024f,-60601.1594372991,116843.95573737759,-199135.47203425012,71767.8998300564,-131162.98373891524,-40902.536202603864,402,575,546,540,2063,1,1,0,ADV_IND,37,37,0,-1,0,587952800,587953434,56,30,8,pre_aa_hdr_payload
4356.483911991119,1769650484.468912,42.3694986,-71.0196953,13.767,FC:2D:F8:90:E4:3A,3ae490f82dfc1eff4c001219d01e999d3329c2ac5c5f2aa1f805224d2133d47517692c032f,-62616.30003322505,181437.60264111304,-157151.32038496016,111360.92854897802,-129412.8308118346,-43308.86305120865,324,905,420,414,2063,1,1,0,ADV_IND,37,37,3,-1,0,589012163,589012797,55,32,8,pre_aa_hdr_payload
4362.220637559891,1769650490.2056375,42.3694986,-71.0196953,13.767,DF:26:3A:A2:AD:F6,f6ada23a26df1eff4c001219ff0702671e33a63c441b37f88bcbbe3663b41525da0e3103ff,-81556.17272751669,88949.50758238416,-174425.0985608584,80355.70515688934,-180403.56511512387,-57278.183220576444,449,636,486,492,2063,1,1,2,ADV_NONCONN_IND,37,37,3,-1,0,589919887,589920521,56,31,8,pre_aa_hdr_payload
4362.595061779022,1769650490.5800617,42.3694986,-71.0196953,13.767,FC:2D:F8:90:E4:3A,3ae490f82dfc1eff4c001219d01e999d3329c2ac5c5f2aa1f805224d2133d47517692c032f,-72739.97086228528,85470.28169356257,-200921.4349334764,88427.62620442761,-183910.39306839558,-54880.13079372361,425,606,516,516,2063,1,1,0,ADV_IND,37,37,0,-1,0,589957767,589958402,56,32,8,pre_aa_hdr_payload
4364.058983564377,1769650492.0439835,42.3694986,-71.0196953,13.767,C6:03:56:AC:55:EA,ea55ac5603c61eff4c001219ff895607ec7e8a67b2479b579d38944e97e7645600446e00ff,-60895.8180674032,142467.6332813712,-214124.60500566522,99034.7863011383,-173247.706080676,-48754.132986501885,449,564,522,528,2063,1,1,2,ADV_NONCONN_IND,37,37,4,-1,0,590270883,590271518,55,31,8,pre_aa_hdr_payload
4370.1904718875885,1769650498.1754718,42.3694986,-71.0196953,13.767,FB:FB:43:6B:CC:AE,aecc6b43fbfb1eff4c001219ff5a891a10dc1d86fe7225005a2b58bb06a4ba494f30c002ff,-77525.84884698241,132320.48215664265,-200570.91802571726,91234.63274748405,-183084.4222570289,-44654.67542248344,413,624,510,516,2063,1,1,2,ADV_NONCONN_IND,37,37,5,-1,0,591329524,591330159,55,32,8,pre_aa_hdr_payload
4373.472204208374,1769650501.457204,42.3694986,-71.0196953,13.767,DC:B6:F1:50:21:7E,7e2150f1b6dc1eff4c00121900b3d6828f936d104a013fef1f07bb4bc3430e09f1b3790300,-53181.435996041764,120436.06371076079,-187073.47751763885,93802.30004027221,-120447.7583335407,-30637.435255633663,479,552,516,516,2063,1,1,2,ADV_NONCONN_IND,37,37,0,-1,0,591913612,591914246,56,28,8,pre_aa_hdr_payload
4374.26423740387,1769650502.2492373,42.3694986,-71.0196953,13.767,F2:5E:C0:93:4F:4F,4f4f93c05ef21eff4c001219ff8ad0c7639ddb3139f86352dcbadbf06984a770e2db8400ff,-38706.02396727347,116315.92258790822,-174322.63587848382,54881.37540849009,-182564.86949771893,-38708.84286634313,503,486,534,540,2063,1,1,2,ADV_NONCONN_IND,37,37,5,-1,0,591986932,591987566,55,32,8,pre_aa_hdr_payload
4376.104316949844,1769650504.0893168,42.3694986,-71.0196953,13.767,C7:1A:D6:02:99:36,369902d61ac71eff4c00121910174be60d713ff3db625c7c5f90dbde35f11a4ec8b5ba0380,-68991.00097251439,102898.47351737997,-209261.78559468713,95025.57225080521,-115772.48644652101,-53739.607408249685,473,576,504,510,2063,1,1,0,ADV_IND,37,37,1,-1,0,592250527,592251161,56,30,8,pre_aa_hdr_payload
4378.095535993576,1769650506.080536,42.3694986,-71.0196953,13.767,CC:5E:20:92:20:E0,e02092205ecc1eff4c001219ff8bf8d4fb58067f04f37bc3888f6c0b29de2ddfe4a40101ff,-66036.27536270031,87466.54998765331,-161302.32004781874,84120.78295207229,-178288.0669328504,-57519.1058548381,449,720,444,450,2063,1,1,2,ADV_NONCONN_IND,37,37,0,-1,0,592557321,592557955,56,32,8,pre_aa_hdr_payload
4380.025347232819,1769650508.0103471,42.3694986,-71.0196953,13.767,C8:CF:68:69:33:5C,5c336968cfc81eff4c001219ff870f55891febd7009029c18bfbfbd0d1df13df155db003ff,-52723.32951589828,127683.90784485594,-200784.96736901335,90799.67549177911,-164207.356713441,-41040.22928182024,473,540,522,528,2063,1,1,2,ADV_NONCONN_IND,37,37,0,-1,0,592903565,592904199,56,32,8,pre_aa_hdr_payload
4382.364503145218,1769650510.349503,42.3694986,-71.0196953,13.767,FC:2D:F8:90:E4:3A,3ae490f82dfc1eff4c001219d01e999d3329c2ac5c5f2aa1f805224d2133d47517692c032f,-60762.10999941947,160840.714689529,-165076.11262116279,49520.232177768776,-153010.30185932462,-38597.20902757989,371,756,468,468,2063,1,1,0,ADV_IND,37,37,2,-1,0,593228765,593229399,56,32,8,pre_aa_hdr_payload
4386.340789794922,1769650514.3257897,42.3694986,-71.0196953,13.767,FE:6A:0D:8F:2F:2F,2f2f8f0d6afe1eff4c00121910dcabdda1fd61299a55d625f62757d9181109ea5e7f94024f,-65492.06581020333,50437.02972452729,-229458.3253318982,95963.51838371227,-92571.38427294194,-23028.58658651075,419,564,540,540,2063,1,1,0,ADV_IND,37,37,0,-1,0,593711772,593712406,56,28,8,pre_aa_hdr_payload
4386.342180252075,1769650514.3271801,42.3694986,-71.0196953,13.767,C7:1A:D6:02:99:36,369902d61ac71eff4c00121910174be60d713ff3db625c7c5f90dbde35f11a4ec8b5ba0380,-67998.26143428707,142690.9250940985,-206562.47527340017,82982.77565033818,-194817.81133337785,-31593.053700857963,455,582,510,516,2063,1,1,0,ADV_IND,37,37,5,-1,0,593713641,593714275,55,32,8,pre_aa_hdr_payload
4386.34698343277,1769650514.3319833,42.3694986,-71.0196953,13.767,E0:65:E0:BB:1B:DD,dd1bbbe065e01eff4c001219ffc525febec7e9e1b3813d93f907f9bb8144c3ad68e72f00ff,-29826.754909916,161309.0786073555,-132508.5721426886,127811.68592698801,-140813.23896702722,-34450.43073013973,396,947,360,360,2063,1,1,2,ADV_NONCONN_IND,37,37,3,-1,0,593720097,593720732,55,32,8,pre_aa_hdr_payload
4387.344729185104,1769650515.329729,42.3694986,-71.0196953,13.767,DC:B6:F1:50:21:7E,7e2150f1b6dc1eff4c00121900b3d6828f936d104a013fef1f07bb4bc3430e09f1b3790300,-53933.920072463705,146010.82819008717,-225323.16163608356,108486.63938281832,-185285.5953975894,-36171.31056828776,479,552,516,516,2063,1,1,2,ADV_NONCONN_IND,37,37,1,-1,0,593883086,593883720,56,32,8,pre_aa_hdr_payload
4391.324969768524,1769650519.3099697,42.3694986,-71.0196953,13.767,DC:B6:F1:50:21:7E,7e2150f1b6dc1eff4c00121900b3d6828f936d104a013fef1f07bb4bc3430e09f1b3790300,-51986.87148231854,88501.92814531116,-150357.96193467765,81487.62374036867,-164946.17239827482,-39621.40743590432,485,606,486,486,2063,1,1,2,ADV_NONCONN_IND,37,37,0,-1,0,594405009,594405643,56,31,8,pre_aa_hdr_payload
4392.545474529266,1769650520.5304744,42.3694986,-71.0196953,13.767,FC:2D:F8:90:E4:3A,3ae490f82dfc1eff4c001219d01e999d3329c2ac5c5f2aa1f805224d2133d47517692c032f,-61150.0576300771,190270.29331013683,-228045.37468717314,109615.7290842086,-128337.86250820472,-43981.11015578707,425,606,516,516,2063,1,1,0,ADV_IND,37,37,0,-1,0,594496435,594497070,56,32,8,pre_aa_hdr_payload
4393.116496562958,1769650521.1014965,42.3694986,-71.0196953,13.767,E3:81:67:A6:A8:94,94a8a66781e31eff4c00121900e2992a58f3012d669cef5df705eb2c52e19bdcde8f780300,-62181.35216327084,154905.56318122597,-187503.2793214954,116029.8448706936,-135692.76569144844,-45869.52349618649,401,834,414,414,2063,1,1,2,ADV_NONCONN_IND,37,37,0,-1,0,594548561,594549195,56,32,8,pre_aa_hdr_payload
4394.197091817856,1769650522.1820917,42.3694986,-71.0196953,13.767,C9:59:68:FF:D4:05,05d4ff6859c91eff4c001219ff1c6a06d7a23db92e76075469121d74e6dfc1196510a202ff,-95160.52219239161,108742.54970212663,-210206.0329273768,100783.6406204689,-189285.52314339593,-65660.8873624447,377,672,504,510,2063,1,1,2,ADV_NONCONN_IND,37,37,0,-1,0,594697905,594698540,56,32,8,pre_aa_hdr_payload
4402.980744361877,1769650530.9657443,42.3694986,-71.0196953,13.767,FC:2D:F8:90:E4:3A,3ae490f82dfc1eff4c001219d01e999d3329c2ac5c5f2aa1f805224d2133d47517692c032f,-63761.58757792496,132638.65517173245,-147002.11278987594,104798.09111851275,-161465.04381389648,-38367.25596062656,359,780,462,462,2063,1,1,0,ADV_IND,37,37,1,-1,0,596057566,596058200,56,32,8,pre_aa_hdr_payload
4406.311213970184,1769650534.2962139,42.3694986,-71.0196953,13.767,FD:B9:E6:20:C1:1B,1bc120e6b9fd1eff4c001219ff3e77cc4222fc9733ab23b94d7ba05d3fbc8c6bbdcfb303ff,-61301.44592734512,156500.08904152852,-224091.25073241975,91115.1897316924,-167327.29947239472,-49955.17929715591,443,618,498,504,2063,1,1,2,ADV_NONCONN_IND,37,37,0,-1,0,596656086,596656720,56,32,8,pre_aa_hdr_payload
4414.128907442093,1769650542.1139073,42.3694986,-71.0196953,13.767,D6:D9:74:D6:7E:21,217ed674d9d61eff4c001219ff5443400d9a6ff09c39e09fbdead49a81b2e491440bd900ff,-88627.73794748152,118677.50697809011,-214968.93607427677,86536.03532192485,-116008.13752608838,-60680.66076389687,371,642,522,528,2063,1,1,2,ADV_NONCONN_IND,37,37,5,-1,0,597523771,597524405,55,32,8,pre_aa_hdr_payload
4416.190911054611,1769650544.175911,42.3694986,-71.0196953,13.767,FF:37:48:0D:F2:E5,e5f20d4837ff1eff4c001219ff1ef2a7372139ee63e78e33d650d17a6ef6b07ef0aa3f02ff,-65043.756382665255,88167.77774045862,-196929.66416985105,85660.50525425073,-170034.17512658084,-61143.53160821351,449,564,522,528,2063,1,1,2,ADV_NONCONN_IND,37,37,1,-1,0,597708286,597708920,56,32,8,pre_aa_hdr_payload
4419.735309123993,1769650547.720309,42.3694986,-71.0196953,13.767,DC:B6:F1:50:21:7E,7e2150f1b6dc1eff4c00121900b3d6828f936d104a013fef1f07bb4bc3430e09f1b3790300,-54867.36858826021,31422.331203202386,-203094.37668502837,117113.35701260011,-202645.5887083373,-42556.30394692266,497,522,522,522,2063,1,1,2,ADV_NONCONN_IND,37,37,1,-1,0,598115479,598116113,56,28,8,pre_aa_hdr_payload
4421.930309534073,1769650549.9153094,42.3694986,-71.0196953,13.767,D4:98:4E:76:44:AD,ad44764e98d41eff4c001219ff70e28a33d83b05994f40b7ef0aca1c63062f354e70c201ff,-69202.05381818402,106248.2704329804,-202332.26254887317,104482.83571921254,-174542.99255127858,-59247.83200904934,467,594,498,504,2063,1,1,2,ADV_NONCONN_IND,37,37,2,-1,0,598407193,598407828,56,32,8,pre_aa_hdr_payload
4432.03581404686,1769650560.020814,42.3694986,-71.0196953,13.767,DD:4A:B0:B5:44:B1,b144b5b04add1eff4c001219ff03adcfe5825b60a4dc83a0f330d2eaaf38323bab05e302ff,-58311.45590849781,58769.60870307913,-189026.36004341333,102659.78202446454,-175296.2929071717,-49402.732768918875,479,546,516,522,2063,1,1,2,ADV_NONCONN_IND,37,37,5,-1,0,599899071,599899705,55,32,7,pre_aa_hdr_payload
4437.948590040207,1769650565.93359,42.3694986,-71.0196953,13.767,DC:B6:F1:50:21:7E,7e2150f1b6dc1eff4c00121900b3d6828f936d104a013fef1f07bb4bc3430e09f1b3790300,-48323.97264838936,114734.97958448666,-191114.1434335065,108002.41892889817,-192445.79016456645,-41846.21848098372,503,552,504,504,2063,1,1,2,ADV_NONCONN_IND,37,37,5,-1,0,600714447,600715081,55,32,8,pre_aa_hdr_payload
4437.979494571686,1769650565.9644945,42.3694986,-71.0196953,13.767,D2:85:F3:15:1E:5D,5d1e15f385d21eff4c001219ff1192dab57f46d2e52752cc02b8a6379d8e2586c08bef03ff,-66455.00153335143,137878.990499179,-232745.78081865763,91598.18485545418,-175431.25832792805,-54934.04047082092,485,564,504,510,2063,1,1,2,ADV_NONCONN_IND,37,37,4,-1,0,600755986,600756621,55,32,8,pre_aa_hdr_payload
4445.710874795914,1769650573.6958747,42.3694986,-71.0196953,13.767,DC:B6:F1:50:21:7E,7e2150f1b6dc1eff4c00121900b3d6828f936d104a013fef1f07bb4bc3430e09f1b3790300,-49460.71178444337,93379.49609345793,-182104.79611662767,17376.37191506993,-74873.61958192378,-13946.749896964966,485,546,516,516,2063,1,1,2,ADV_NONCONN_IND,37,37,1,-1,0,601584271,601584905,56,28,8,pre_aa_hdr_payload
4448.260394334793,1769650576.2453942,42.3694986,-71.0196953,13.767,FA:9A:A2:50:0F:7D,7d0f50a29afa1eff4c001219ff9b9871f17eb3520c320edf60f70cf1f481802127467603ff,-61099.165605903865,141428.6829189686,-222404.4151969859,73182.00812204354,-171162.95985084085,-52327.91306142362,449,552,528,534,2063,1,1,2,ADV_NONCONN_IND,37,37,4,-1,0,601948615,601949250,55,32,8,pre_aa_hdr_payload
4456.239487409592,1769650584.2244873,42.3694986,-71.0196953,13.767,E3:21:54:F5:4D:B1,b14df55421e31eff4c001219ffcd528c1aabaa8abe95c9701b33fe4cbd1c6bfa1b1e6303ff,-64923.59485655568,97904.94441398504,-189175.05438155224,78024.6166103074,-145206.25417799118,-46198.60489413791,431,582,522,528,2063,1,1,2,ADV_NONCONN_IND,37,37,1,-1,0,603112583,603113218,56,29,8,pre_aa_hdr_payload
4458.337199449539,1769650586.3221993,42.3694986,-71.0196953,13.767,C7:1A:D6:02:99:36,369902d61ac71eff4c00121910174be60d713ff3db625c7c5f90dbde35f11a4ec8b5ba0380,-71358.10975463495,75635.63195415353,-164640.64018038037,81397.32189408044,-132323.35062432842,-47733.411775972105,449,588,510,516,2063,1,1,0,ADV_IND,37,37,2,-1,0,603427779,603428414,56,32,8,pre_aa_hdr_payload
4460.087627410889,1769650588.0726273,42.3694986,-71.0196953,13.767,C7:1A:D6:02:99:36,369902d61ac71eff4c00121910174be60d713ff3db625c7c5f90dbde35f11a4ec8b5ba0380,-71377.80346677134,86329.92914365446,-191357.5177326477,79651.69614723512,-155989.36068032344,-55237.49701029688,461,576,510,516,2063,1,1,0,ADV_IND,37,37,0,-1,0,603714693,603715327,56,32,8,pre_aa_hdr_payload
4469.978712558746,1769650597.9637125,42.3694986,-71.0196953,13.767,DC:B6:F1:50:21:7E,7e2150f1b6dc1eff4c00121900b3d6828f936d104a013fef1f07bb4bc3430e09f1b3790300,-40506.84959071818,126842.24808827741,-181761.24919035245,101881.99718162157,-186654.86910608478,-7064.954283883665,497,546,510,510,2063,1,1,2,ADV_NONCONN_IND,37,37,5,-1,0,605243315,605243950,55,32,8,pre_aa_hdr_payload
4472.061692476273,1769650600.0466924,42.3694986,-71.0196953,13.767,FF:FE:43:20:D6:29,29d62043feff1eff4c001219ffe6ea96314472cfcd6f29fd3548ff5e7f980200744ee003ff,-74978.07444626391,110810.0416297594,-112888.28276267838,114762.95540297733,-144092.6458374976,-41484.16829154554,348,797,462,456,2063,1,1,2,ADV_NONCONN_IND,37,37,2,-1,0,605596506,605597141,56,32,8,pre_aa_hdr_payload
4474.220432043076,1769650602.205432,42.3694986,-71.0196953,13.767,EB:A2:19:6F:4A:2C,2c4a6f19a2eb1eff4c001219ffe835b4189693970111dd9884ccf16b7be0d4efbde96402ff,-49664.290553306906,169633.8898125647,-156296.18718640157,98316.20041101059,-144292.28953542054,-40632.21485345708,377,828,426,432,2063,1,1,2,ADV_NONCONN_IND,37,37,3,-1,0,605935935,605936569,55,32,8,pre_aa_hdr_payload
4478.219294786453,1769650606.2042947,42.3694986,-71.0196953,13.767,E3:EC:CC:3F:4C:12,124c3fccece31eff4c001219ff1af218739a02b25af0e066324d7ae1347e472989000703ff,-68689.7825148851,75468.52243244677,-177453.9476871929,74260.7411683806,-158649.75209971235,-60173.99975153551,443,546,534,540,2063,1,1,2,ADV_NONCONN_IND,37,37,0,-1,0,606426434,606427069,56,32,8,pre_aa_hdr_payload
4481.934975385666,1769650609.9199753,42.3694986,-71.0196953,13.767,DC:B6:F1:50:21:7E,7e2150f1b6dc1eff4c00121900b3d6828f936d104a013fef1f07bb4bc3430e09f1b3790300,-48061.94595857194,132582.25922875814,-113200.62562399785,77735.37357412466,-165800.197486605,-20570.110175419253,479,576,504,504,2063,1,1,2,ADV_NONCONN_IND,37,37,5,-1,0,607074645,607075280,55,32,8,pre_aa_hdr_payload
4483.7773513793945,1769650611.7623513,42.3694986,-71.0196953,13.767,DC:B6:F1:50:21:7E,7e2150f1b6dc1eff4c00121900b3d6828f936d104a013fef1f07bb4bc3430e09f1b3790300,-46854.763381816236,166421.88160870707,-38089.810194111014,98704.9665308571,-103438.92812897873,-8591.206946669023,377,810,438,438,2063,1,1,2,ADV_NONCONN_IND,37,37,0,-1,0,607414927,607415561,56,29,8,pre_aa_hdr_payload
4494.185242176056,1769650622.170242,42.3694986,-71.0196953,13.767,E5:6E:BE:F9:BA:A0,a0baf9be6ee51eff4c001219ffa4501b7dbb3df85a530d3e20160f83e1080ad243007603ff,-46983.23141403825,78379.52240407957,-213794.82488143136,97008.18369197151,-176916.59077959467,-30907.596628387073,443,534,540,546,2063,1,1,2,ADV_NONCONN_IND,37,37,5,-1,0,608979580,608980214,55,30,8,pre_aa_hdr_payload
4496.29597902298,1769650624.280979,42.3694986,-71.0196953,13.767,D7:C0:8F:D3:48:42,4248d38fc0d71eff4c001219fff6d28c12240a1b0b5aa9b93af9824b1a57615a01da9300ff,-23744.165509348957,94182.60466104087,-189045.2844298787,101750.81979359234,-169637.13130595032,-23394.533124503538,509,444,552,558,2063,1,1,2,ADV_NONCONN_IND,37,37,5,-1,0,609293465,609294100,55,31,8,pre_aa_hdr_payload
4500.912786245346,1769650628.8977861,42.3694986,-71.0196953,13.767,C4:EC:33:31:6F:FE,fe6f3133ecc41eff4c00121910cd767c479329241dc9c3e5c11da2308330549d4430c601a1,-40092.32825528114,127526.83448489575,-199250.19978712255,81960.8303500217,-145027.88943695807,-17311.17790111472,467,546,522,528,2063,1,1,0,ADV_IND,37,37,5,-1,0,609936794,609937429,55,31,8,pre_aa_hdr_payload
4507.610501289368,1769650635.5955012,42.3694986,-71.0196953,13.767,C4:EC:33:31:6F:FE,fe6f3133ecc41eff4c00121910cd767c479329241dc9c3e5c11da2308330549d4430c601a1,-46246.88010216445,122898.14869383858,-219402.15357355354,119535.99431892656,-189143.09992255215,-42062.78211614198,479,522,528,534,2063,1,1,0,ADV_IND,37,37,5,-1,0,610421720,610422354,55,32,8,pre_aa_hdr_payload
4507.640931129456,1769650635.625931,42.3694986,-71.0196953,13.767,C3:DA:E3:A9:0D:36,360da9e3dac31eff4c001219100e332e9717341c80dc7fc479916f8194a1d950a52fce01f2,-39495.93534596904,166857.18024512377,-176565.96090700963,84708.38703473263,-131430.29202180996,-24837.167150353092,425,708,462,468,2063,1,1,0,ADV_IND,37,37,5,-1,0,610462621,610463255,55,32,8,pre_aa_hdr_payload
4508.163280010223,1769650636.14828,42.3694986,-71.0196953,13.767,DE:76:28:A3:06:27,2706a32876de1eff4c001219ff5f9147d8b201a2d560249fe1dbd1df69e8ad912e516d02ff,-90294.59581345806,94885.25127995988,-212816.12118982748,79143.75238373662,-197565.40539750372,-70981.55750087275,437,660,480,486,2063,1,1,2,ADV_NONCONN_IND,37,37,0,-1,0,610489647,610490282,56,31,8,pre_aa_hdr_payload
4514.369037866592,1769650642.3540378,42.3694986,-71.0196953,13.767,DB:BA:98:2A:65:33,33652a98badb1eff4c001219ff271170ce77fbbc859d568db6b19f58cc7f161de1b2c703ff,-66778.88056654227,137147.56614162668,-220942.6798179645,90461.13029770242,-181654.18299060984,-53031.00073521875,425,552,540,546,2063,1,1,2,ADV_NONCONN_IND,37,37,5,-1,0,611219626,611220260,55,32,7,pre_aa_hdr_payload
4519.040063619614,1769650647.0250635,42.3694986,-71.0196953,13.767,C4:EC:33:31:6F:FE,fe6f3133ecc41eff4c00121910cd767c479329241dc9c3e5c11da2308330549d4430c601a1,-40898.34749679347,125728.47401757608,-217243.13376987146,51192.55630875856,-49167.24086007596,-13348.340495176568,473,504,540,546,2063,1,1,0,ADV_IND,37,37,5,-1,0,612020878,612021513,55,30,8,pre_aa_hdr_payload
4526.271589756012,1769650654.2565897,42.3694986,-71.0196953,13.767,D0:7D:0A:85:77:85,8577850a7dd01eff4c001219ffecb40cabbdf816e11d9260b2a45b758e7a3c567230f403ff,-40124.55465308524,129518.28213953,-206986.2261706758,90172.07407940249,-143804.8129783512,-40135.7068310898,515,522,510,516,2063,1,1,2,ADV_NONCONN_IND,37,37,5,-1,0,613183760,613184394,55,32,8,pre_aa_hdr_payload
4528.239502429962,1769650656.2245023,42.3694986,-71.0196953,13.767,ED:A2:29:A5:BF:B3,b3bfa529a2ed1eff4c001219fff01223e85c9f55d3f4b39a9b36d9499b98dcd6a8e88a00ff,-16166.188007741377,112060.9152824567,-195571.93557446648,110018.29848576844,-162897.00184754186,-31681.357563196856,605,480,486,492,2063,1,1,2,ADV_NONCONN_IND,37,37,2,-1,0,613505945,613506580,56,32,8,pre_aa_hdr_payload
4532.056772232056,1769650660.0417721,42.3694986,-71.0196953,13.767,CE:BD:99:A6:FB:95,95fba699bdce1eff4c001219ff28249cdff1dd60302c26f33f4c2c52e941c32475620803ff,-46388.16185387982,175745.77311130872,-133229.1550801326,110173.30741288229,-159191.9433421316,-42682.40800569859,353,978,366,366,2063,1,1,2,ADV_NONCONN_IND,37,37,1,-1,0,613994631,613995265,56,32,8,pre_aa_hdr_payload
4543.994516372681,1769650671.9795163,42.3694986,-71.0196953,13.767,C9:6D:94:B2:73:EE,ee73b2946dc91eff4c001219ff6d65b4118f27a5ff1b4232eeb137ab539275f7f5c80c00ff,-76691.6052716388,149444.02206567727,-247045.35819897862,97034.95861907417,-178485.9964162949,-54318.43717832645,443,630,492,498,2063,1,1,2,ADV_NONCONN_IND,37,37,4,-1,0,615236784,615237418,55,32,7,pre_aa_hdr_payload
4546.078746080399,1769650674.063746,42.3694986,-71.0196953,13.767,CE:EB:E6:E8:3B:4F,4f3be8e6ebce1eff4c001219ff2b82874e27672609f67499229f9213bbc6b8c76ddf0901ff,-65167.58202067882,155505.79454261824,-139792.47080575206,121243.95085288589,-136530.6155210131,-55375.75164818977,311,1050,348,354,2063,1,1,2,ADV_NONCONN_IND,37,37,4,-1,0,615556707,615557341,55,32,8,pre_aa_hdr_payload
4572.381840705872,1769650700.3668406,42.3694986,-71.0196953,13.767,C5:7A:70:BC:3F:A6,a63fbc707ac50201060303edfe0d16edfe020086bde7f72770df96,-83592.05290829725,130748.57181981979,-220845.8439122253,101196.94880331459,-195101.21110147654,-62244.69770938155,311,474,396,402,1583,1,1,0,ADV_IND,27,37,1,-1,0,619117284,619117918,56,32,8,pre_aa_hdr_payload
4576.208340406418,1769650704.1933403,42.3694986,-71.0196953,13.767,FD:4E:01:79:9D:10,109d79014efd1eff4c001219ff1d8d06383bb22396c962c41be219ad4a77206fe575f103ff,-53360.70000290166,120050.15515792847,-211884.58196300504,100792.24530193413,-184974.92628320245,-49119.69603881093,491,558,504,510,2063,1,1,2,ADV_NONCONN_IND,37,37,2,-1,0,619731647,619732281,56,32,8,pre_aa_hdr_payload
4576.2289361953735,1769650704.213936,42.3694986,-71.0196953,13.767,C3:80:5C:95:6C:85,856c955c80c30201060303edfe0d16edfe02004019795ea54b4b88,-35598.80726922997,77736.24620045508,-137674.82383277916,83960.7123254698,-137594.68084979168,-32267.546837205933,347,384,426,426,1583,1,1,0,ADV_IND,27,37,3,-1,0,619759330,619759965,56,32,8,pre_aa_hdr_payload
4578.365720748901,1769650706.3507206,42.3694986,-71.0196953,13.767,C5:7A:70:BC:3F:A6,a63fbc707ac50201060303edfe0d16edfe020086bde7f72770df96,-82764.63952213389,175556.20701937348,-218142.58624281237,92634.2839220516,-76042.68671661286,-46549.870868793434,263,522,396,402,1583,1,1,0,ADV_IND,27,37,5,-1,0,620107902,620108536,55,31,8,pre_aa_hdr_payload
4580.398141860962,1769650708.3831418,42.3694986,-71.0196953,13.767,C3:80:5C:95:6C:85,856c955c80c30201060303edfe0d16edfe02004019795ea54b4b88,-32054.522496674224,104890.21530773475,-164885.07165050335,108314.17543476228,-154260.80953319717,-27964.637970108353,347,384,426,426,1583,1,1,0,ADV_IND,27,37,3,-1,0,620449588,620450223,56,32,8,pre_aa_hdr_payload
4582.17103600502,1769650710.156036,42.3694986,-71.0196953,13.767,FC:69:03:63:CE:C9,c9ce630369fc1eff4c001219ffcab921cacc645a13679cbfcc5e3fec17efff3bb85c5c03ff,-81789.70116445758,170017.45289481056,-171927.2896483527,110358.18867492021,-154707.08544516476,-58463.46714306985,312,923,414,414,2063,1,1,2,ADV_NONCONN_IND,37,37,5,-1,0,620722344,620722978,55,29,7,pre_aa_hdr_payload
4582.182817220688,1769650710.167817,42.3694986,-71.0196953,13.767,C5:7A:70:BC:3F:A6,a63fbc707ac50201060303edfe0d16edfe020086bde7f72770df96,-72294.11603398385,124211.95834158172,-201197.56970476822,97472.80849404086,-190099.33093518703,-59519.15395562715,317,462,402,402,1583,1,1,0,ADV_IND,27,37,1,-1,0,620738179,620738813,56,32,8,pre_aa_hdr_payload
4582.183928012848,1769650710.168928,42.3694986,-71.0196953,13.767,C3:80:5C:95:6C:85,856c955c80c30201060303edfe0d16edfe02004019795ea54b4b88,-36084.95309891445,87899.03997655684,-95050.44039417084,39329.11606991905,-127972.73576894506,-23152.316816905408,293,486,402,402,1583,1,1,0,ADV_IND,27,37,1,-1,0,620739672,620740306,56,32,8,pre_aa_hdr_payload
4583.932197332382,1769650711.9171972,42.3694986,-71.0196953,13.767,DF:8E:62:D6:82:C4,c482d6628edf1eff4c001219ff2974d201d8ebebec0cb6e3795eba364ab990ff6388b303ff,-66766.9988832808,107105.94010605289,-203754.06959100236,95821.80819043418,-180434.10251632283,-51454.54370501614,467,582,504,510,2063,1,1,2,ADV_NONCONN_IND,37,37,0,-1,0,621015618,621016253,56,32,8,pre_aa_hdr_payload
4584.483276605606,1769650712.4682765,42.3694986,-71.0196953,13.767,C3:80:5C:95:6C:85,856c955c80c30201060303edfe0d16edfe02004019795ea54b4b88,-32474.166473996444,102913.02797165708,-132289.16178890516,97667.27966158369,-148080.29542761686,-28378.519693151233,311,414,426,432,1583,1,1,0,ADV_IND,27,37,2,-1,0,621036905,621037540,56,32,8,pre_aa_hdr_payload
4586.046321153641,1769650714.031321,42.3694986,-71.0196953,13.767,F0:36:46:5E:60:E2,e2605e4636f01eff4c001219ff8e099c0744b59339e688bf59420c9dd58987e646fbbe02ff,-32064.579238764098,139477.1228163181,-216092.881468029,98114.06593971941,-178001.66902728917,-34801.453778922376,527,486,522,528,2063,1,1,2,ADV_NONCONN_IND,37,37,5,-1,0,621269865,621270499,55,32,8,pre_aa_hdr_payload
4586.390963792801,1769650714.3759637,42.3694986,-71.0196953,13.767,C3:80:5C:95:6C:85,856c955c80c30201060303edfe0d16edfe02004019795ea54b4b88,-30984.971789290703,170969.15204346634,-165678.2995926367,130568.74486874013,-166558.76317797217,-27037.12070089061,347,408,414,414,1583,1,1,0,ADV_IND,27,37,0,-1,0,621290565,621291199,56,32,7,pre_aa_hdr_payload
4588.19628405571,1769650716.181284,42.3694986,-71.0196953,13.767,C5:7A:70:BC:3F:A6,a63fbc707ac50201060303edfe0d16edfe020086bde7f72770df96,-81270.02337476633,160684.1467998704,-240284.94971328165,101227.11052981883,-183535.51208725665,-60222.40795092282,305,462,408,408,1583,1,1,0,ADV_IND,27,37,4,-1,0,621594807,621595442,55,32,8,pre_aa_hdr_payload
4590.878953933716,1769650718.8639538,42.3694986,-71.0196953,13.767,D2:92:63:5A:1B:B7,b71b5a6392d20201060303edfe0d16edfe0200dbe8d5e99a71e7c1,1167.7749198261884,182125.58685225045,-197028.62082225882,138614.25994739565,-167222.75085928536,-2722.6487225206106,407,348,414,414,1583,1,1,0,ADV_IND,27,37,4,-1,0,622014136,622014771,55,32,8,pre_aa_hdr_payload
4596.591411113739,1769650724.576411,42.3694986,-71.0196953,13.767,C5:7A:70:BC:3F:A6,a63fbc707ac50201060303edfe0d16edfe020086bde7f72770df96,-73781.16916979037,115855.17568888588,-213508.67727622823,104635.45107403198,-146135.28654214516,-55089.76140928018,317,450,408,408,1583,1,1,0,ADV_IND,27,37,0,-1,0,622951072,622951706,56,28,8,pre_aa_hdr_payload
4596.940481185913,1769650724.925481,42.3694986,-71.0196953,13.767,D2:92:63:5A:1B:B7,b71b5a6392d20201060303edfe0d16edfe0200dbe8d5e99a71e7c1,2610.692627129996,131342.93414961422,-153920.7963440259,124676.96961747578,-166556.47559759964,-4323.848556377106,407,348,414,414,1583,1,1,0,ADV_IND,27,37,0,-1,0,623018046,623018680,56,32,8,pre_aa_hdr_payload
4598.589630842209,1769650726.5746307,42.3694986,-71.0196953,13.767,C3:80:5C:95:6C:85,856c955c80c30201060303edfe0d16edfe02004019795ea54b4b88,-36628.088319571616,97311.71342964892,-161604.66286902787,106123.53614769538,-160101.46534391897,-30366.905390795757,359,384,420,420,1583,1,1,0,ADV_IND,27,37,1,-1,0,623277702,623278336,56,31,8,pre_aa_hdr_payload
4598.997395515442,1769650726.9823954,42.3694986,-71.0196953,13.767,76:67:6D:06:61:93,9361066d67760201021816aafe4045034cdc754353b915a7fee8d149447e60a6cd3e,-1688.8111878993232,148649.40490702775,-166323.27185953275,127833.50882727826,-197199.0029021794,-14978.01124961792,599,492,414,414,1919,1,1,0,ADV_IND,34,37,2,-1,0,623367116,623367750,56,32,8,pre_aa_hdr_payload
4600.797716856003,1769650728.7827168,42.3694986,-71.0196953,13.767,76:67:6D:06:61:93,9361066d67760201021816aafe4045034cdc754353b915a7fee8d149447e60a6cd3e,5113.641243310468,150575.55470221775,-182892.55724436886,124257.12695816557,-172587.98875987114,-14173.242573760128,599,480,420,420,1919,1,1,0,ADV_IND,34,37,5,-1,0,623699261,623699895,55,32,8,pre_aa_hdr_payload
4601.989677667618,1769650729.9746776,42.3694986,-71.0196953,13.767,CA:5A:C8:9D:10:AE,ae109dc85aca1eff4c001219ff3675c3ddc7ffc06afbf885a10284ceac8f9b93b2e33800ff,-83008.09307772732,114619.51648536105,-224495.28202533035,100984.62859174931,-179901.08015605505,-60674.57334443095,431,606,510,516,2063,1,1,2,ADV_NONCONN_IND,37,37,0,-1,0,623893128,623893762,56,32,8,pre_aa_hdr_payload
