chunk_index,start_byte,timestamp_ms,formatted_time,lat,lon,accuracy_m,alt,speed,loc_ts
0,0,1769650743149,20:39:03.149,42.3694986,-71.0196953,13.767,-24.99183057003102,0.99762195,1769648477969
1,262144,1769650743539,20:39:03.539,42.3694986,-71.0196953,13.767,-24.99183057003102,0.99762195,1769648477969
2,524288,1769650744033,20:39:04.033,42.3694986,-71.0196953,13.767,-24.99183057003102,0.99762195,1769648477969
3,786432,1769650744540,20:39:04.540,42.3694986,-71.0196953,13.767,-24.99183057003102,0.99762195,1769648477969
4,1048576,1769650745130,20:39:05.130,42.3694986,-71.0196953,13.767,-24.99183057003102,0.99762195,1769648477969
5,1310720,1769650745591,20:39:05.591,42.3694986,-71.0196953,13.767,-24.99183057003102,0.99762195,1769648477969
6,1572864,1769650745960,20:39:05.960,42.3694986,-71.0196953,13.767,-24.99183057003102,0.99762195,1769648477969
7,1835008,1769650746497,20:39:06.497,42.3694986,-71.0196953,13.767,-24.99183057003102,0.99762195,1769648477969
8,2097152,1769650747005,20:39:07.005,42.3694986,-71.0196953,13.767,-24.99183057003102,0.99762195,1769648477969
9,2359296,1769650747477,20:39:07.477,42.3694986,-71.0196953,13.767,-24.99183057003102,0.99762195,1769648477969
10,2621440,1769650747869,20:39:07.869,42.3694986,-71.0196953,13.767,-24.99183057003102,0.99762195,1769648477969
11,2883584,1769650748315,20:39:08.315,42.3694986,-71.0196953,13.767,-24.99183057003102,0.99762195,1769648477969
12,3145728,1769650748876,20:39:08.876,42.3694986,-71.0196953,13.767,-24.99183057003102,0.99762195,1769648477969
13,3407872,1769650749377,20:39:09.377,42.3694986,-71.0196953,13.767,-24.99183057003102,0.99762195,1769648477969
14,3670016,1769650749903,20:39:09.903,42.3694986,-71.0196953,13.767,-24.99183057003102,0.99762195,1769648477969
15,3932160,1769650750531,20:39:10.531,42.3694986,-71.0196953,13.767,-24.99183057003102,0.99762195,1769648477969
16,4194304,1769650750971,20:39:10.971,42.3694986,-71.0196953,13.767,-24.99183057003102,0.99762195,1769648477969
17,4456448,1769650751429,20:39:11.429,42.3694986,-71.0196953,13.767,-24.99183057003102,0.99762195,1769648477969
18,4718592,1769650751952,20:39:11.952,42.3694986,-71.0196953,13.767,-24.99183057003102,0.99762195,1769648477969
19,4980736,1769650752516,20:39:12.516,42.3694986,-71.0196953,13.767,-24.99183057003102,0.99762195,1769648477969
20,5242880,1769650753029,20:39:13.029,42.3694986,-71.0196953,13.767,-24.99183057003102,0.99762195,1769648477969
21,5505024,1769650753569,20:39:13.569,42.3694986,-71.0196953,13.767,-24.99183057003102,0.99762195,1769648477969
22,5767168,1769650754145,20:39:14.145,42.3694986,-71.0196953,13.767,-24.99183057003102,0.99762195,1769648477969
23,6029312,1769650754621,20:39:14.621,42.3694986,-71.0196953,13.767,-24.99183057003102,0.99762195,1769648477969
24,6291456,1769650755081,20:39:15.081,42.3694986,-71.0196953,13.767,-24.99183057003102,0.99762195,1769648477969
25,6553600,1769650755723,20:39:15.723,42.3694986,-71.0196953,13.767,-24.99183057003102,0.99762195,1769648477969
26,6815744,1769650756243,20:39:16.243,42.3694986,-71.0196953,13.767,-24.99183057003102,0.99762195,1769648477969
27,7077888,1769650756813,20:39:16.813,42.3694986,-71.0196953,13.767,-24.99183057003102,0.99762195,1769648477969
28,7340032,1769650757327,20:39:17.327,42.3694986,-71.0196953,13.767,-24.99183057003102,0.99762195,1769648477969
29,7602176,1769650757840,20:39:17.840,42.3694986,-71.0196953,13.767,-24.99183057003102,0.99762195,1769648477969
30,7864320,1769650758546,20:39:18.546,42.3694986,-71.0196953,13.767,-24.99183057003102,0.99762195,1769648477969
31,8126464,1769650759276,20:39:19.276,42.3694986,-71.0196953,13.767,-24.99183057003102,0.99762195,1769648477969
32,8388608,1769650759895,20:39:19.895,42.3694986,-71.0196953,13.767,-24.99183057003102,0.99762195,1769648477969
33,8650752,1769650760329,20:39:20.329,42.3694986,-71.0196953,13.767,-24.99183057003102,0.99762195,1769648477969
34,8912896,1769650760985,20:39:20.985,42.3694986,-71.0196953,13.767,-24.99183057003102,0.99762195,1769648477969
35,9175040,1769650761468,20:39:21.468,42.3694986,-71.0196953,13.767,-24.99183057003102,0.99762195,1769648477969
36,9437184,1769650762025,20:39:22.025,42.3694986,-71.0196953,13.767,-24.99183057003102,0.99762195,1769648477969
37,9699328,1769650762709,20:39:22.709,42.3694986,-71.0196953,13.767,-24.99183057003102,0.99762195,1769648477969
38,9961472,1769650763194,20:39:23.194,42.3694986,-71.0196953,13.767,-24.99183057003102,0.99762195,1769648477969
39,10223616,1769650763652,20:39:23.652,42.3694986,-71.0196953,13.767,-24.99183057003102,0.99762195,1769648477969
40,10485760,1769650764136,20:39:24.136,42.3694986,-71.0196953,13.767,-24.99183057003102,0.99762195,1769648477969
41,10747904,1769650764696,20:39:24.696,42.3694986,-71.0196953,13.767,-24.99183057003102,0.99762195,1769648477969
42,11010048,1769650765234,20:39:25.234,42.3694986,-71.0196953,13.767,-24.99183057003102,0.99762195,1769648477969
43,11272192,1769650765753,20:39:25.753,42.3694986,-71.0196953,13.767,-24.99183057003102,0.99762195,1769648477969
44,11534336,1769650766235,20:39:26.235,42.3694986,-71.0196953,13.767,-24.99183057003102,0.99762195,1769648477969
45,11796480,1769650766708,20:39:26.708,42.3694986,-71.0196953,13.767,-24.99183057003102,0.99762195,1769648477969
46,12058624,1769650767247,20:39:27.247,42.3694986,-71.0196953,13.767,-24.99183057003102,0.99762195,1769648477969
47,12320768,1769650767833,20:39:27.833,42.3694986,-71.0196953,13.767,-24.99183057003102,0.99762195,1769648477969
48,12582912,1769650768364,20:39:28.364,42.3694986,-71.0196953,13.767,-24.99183057003102,0.99762195,1769648477969
49,12845056,1769650768926,20:39:28.926,42.3694986,-71.0196953,13.767,-24.99183057003102,0.99762195,1769648477969
50,13107200,1769650769380,20:39:29.380,42.3694986,-71.0196953,13.767,-24.99183057003102,0.99762195,1769648477969
51,13369344,1769650769942,20:39:29.942,42.3694986,-71.0196953,13.767,-24.99183057003102,0.99762195,1769648477969
52,13631488,1769650770549,20:39:30.549,42.3694986,-71.0196953,13.767,-24.99183057003102,0.99762195,1769648477969
53,13893632,1769650770953,20:39:30.953,42.3694986,-71.0196953,13.767,-24.99183057003102,0.99762195,1769648477969
54,14155776,1769650771416,20:39:31.416,42.3694986,-71.0196953,13.767,-24.99183057003102,0.99762195,1769648477969
55,14417920,1769650771764,20:39:31.764,42.3694986,-71.0196953,13.767,-24.99183057003102,0.99762195,1769648477969
56,14680064,1769650772114,20:39:32.114,42.3694986,-71.0196953,13.767,-24.99183057003102,0.99762195,1769648477969
57,14942208,1769650772466,20:39:32.466,42.3694986,-71.0196953,13.767,-24.99183057003102,0.99762195,1769648477969
58,15204352,1769650772816,20:39:32.816,42.3694986,-71.0196953,13.767,-24.99183057003102,0.99762195,1769648477969
59,15466496,1769650773170,20:39:33.170,42.3694986,-71.0196953,13.767,-24.99183057003102,0.99762195,1769648477969
60,15728640,1769650773541,20:39:33.541,42.3694986,-71.0196953,13.767,-24.99183057003102,0.99762195,1769648477969
61,15990784,1769650773947,20:39:33.947,42.3694986,-71.0196953,13.767,-24.99183057003102,0.99762195,1769648477969
62,16252928,1769650774356,20:39:34.356,42.3694986,-71.0196953,13.767,-24.99183057003102,0.99762195,1769648477969
63,16515072,1769650774705,20:39:34.705,42.3694986,-71.0196953,13.767,-24.99183057003102,0.99762195,1769648477969
64,16777216,1769650775052,20:39:35.052,42.3694986,-71.0196953,13.767,-24.99183057003102,0.99762195,1769648477969
65,17039360,1769650775613,20:39:35.613,42.3694986,-71.0196953,13.767,-24.99183057003102,0.99762195,1769648477969
66,17301504,1769650776134,20:39:36.134,42.3694986,-71.0196953,13.767,-24.99183057003102,0.99762195,1769648477969
67,17563648,1769650776767,20:39:36.767,42.3694986,-71.0196953,13.767,-24.99183057003102,0.99762195,1769648477969
68,17825792,1769650777265,20:39:37.265,42.3694986,-71.0196953,13.767,-24.99183057003102,0.99762195,1769648477969
69,18087936,1769650777757,20:39:37.757,42.3694986,-71.0196953,13.767,-24.99183057003102,0.99762195,1769648477969
70,18350080,1769650778312,20:39:38.312,42.3694986,-71.0196953,13.767,-24.99183057003102,0.99762195,1769648477969
71,18612224,1769650778981,20:39:38.981,42.3694986,-71.0196953,13.767,-24.99183057003102,0.99762195,1769648477969
72,18874368,1769650779484,20:39:39.484,42.3694986,-71.0196953,13.767,-24.99183057003102,0.99762195,1769648477969
73,19136512,1769650779986,20:39:39.986,42.3694986,-71.0196953,13.767,-24.99183057003102,0.99762195,1769648477969
74,19398656,1769650780525,20:39:40.525,42.3694986,-71.0196953,13.767,-24.99183057003102,0.99762195,1769648477969
75,19660800,1769650781092,20:39:41.092,42.3694986,-71.0196953,13.767,-24.99183057003102,0.99762195,1769648477969
76,19922944,1769650781451,20:39:41.451,42.3694986,-71.0196953,13.767,-24.99183057003102,0.99762195,1769648477969
77,20185088,1769650781958,20:39:41.958,42.3694986,-71.0196953,13.767,-24.99183057003102,0.99762195,1769648477969
78,20447232,1769650782418,20:39:42.418,42.3694986,-71.0196953,13.767,-24.99183057003102,0.99762195,1769648477969
79,20709376,1769650782855,20:39:42.855,42.3694986,-71.0196953,13.767,-24.99183057003102,0.99762195,1769648477969
80,20971520,1769650783262,20:39:43.262,42.3694986,-71.0196953,13.767,-24.99183057003102,0.99762195,1769648477969
81,21233664,1769650783691,20:39:43.691,42.3694986,-71.0196953,13.767,-24.99183057003102,0.99762195,1769648477969
82,21495808,1769650784028,20:39:44.028,42.3694986,-71.0196953,13.767,-24.99183057003102,0.99762195,1769648477969
83,21757952,1769650784378,20:39:44.378,42.3694986,-71.0196953,13.767,-24.99183057003102,0.99762195,1769648477969
84,22020096,1769650784775,20:39:44.775,42.3694986,-71.0196953,13.767,-24.99183057003102,0.99762195,1769648477969
85,22282240,1769650785255,20:39:45.255,42.3694986,-71.0196953,13.767,-24.99183057003102,0.99762195,1769648477969
86,22544384,1769650785610,20:39:45.610,42.3694986,-71.0196953,13.767,-24.99183057003102,0.99762195,1769648477969
87,22806528,1769650785960,20:39:45.960,42.3694986,-71.0196953,13.767,-24.99183057003102,0.99762195,1769648477969
88,23068672,1769650786308,20:39:46.308,42.3694986,-71.0196953,13.767,-24.99183057003102,0.99762195,1769648477969
89,23330816,1769650786668,20:39:46.668,42.3694986,-71.0196953,13.767,-24.99183057003102,0.99762195,1769648477969
90,23592960,1769650787100,20:39:47.100,42.3694986,-71.0196953,13.767,-24.99183057003102,0.99762195,1769648477969
91,23855104,1769650787656,20:39:47.656,42.3694986,-71.0196953,13.767,-24.99183057003102,0.99762195,1769648477969
92,24117248,1769650788051,20:39:48.051,42.3694986,-71.0196953,13.767,-24.99183057003102,0.99762195,1769648477969
93,24379392,1769650788492,20:39:48.492,42.3694986,-71.0196953,13.767,-24.99183057003102,0.99762195,1769648477969
94,24641536,1769650788858,20:39:48.858,42.3694986,-71.0196953,13.767,-24.99183057003102,0.99762195,1769648477969
95,24903680,1769650789171,20:39:49.171,42.3694986,-71.0196953,13.767,-24.99183057003102,0.99762195,1769648477969
96,25165824,1769650789519,20:39:49.519,42.3694986,-71.0196953,13.767,-24.99183057003102,0.99762195,1769648477969
97,25427968,1769650789870,20:39:49.870,42.3694986,-71.0196953,13.767,-24.99183057003102,0.99762195,1769648477969
98,25690112,1769650790225,20:39:50.225,42.3694986,-71.0196953,13.767,-24.99183057003102,0.99762195,1769648477969
99,25952256,1769650790650,20:39:50.650,42.3694986,-71.0196953,13.767,-24.99183057003102,0.99762195,1769648477969
100,26214400,1769650791003,20:39:51.003,42.3694986,-71.0196953,13.767,-24.99183057003102,0.99762195,1769648477969
101,26476544,1769650791514,20:39:51.514,42.3694986,-71.0196953,13.767,-24.99183057003102,0.99762195,1769648477969
102,26738688,1769650791900,20:39:51.900,42.3694986,-71.0196953,13.767,-24.99183057003102,0.99762195,1769648477969
103,27000832,1769650792264,20:39:52.264,42.3694986,-71.0196953,13.767,-24.99183057003102,0.99762195,1769648477969
104,27262976,1769650792645,20:39:52.645,42.3694986,-71.0196953,13.767,-24.99183057003102,0.99762195,1769648477969
105,27525120,1769650793001,20:39:53.001,42.3694986,-71.0196953,13.767,-24.99183057003102,0.99762195,1769648477969
106,27787264,1769650793345,20:39:53.345,42.3694986,-71.0196953,13.767,-24.99183057003102,0.99762195,1769648477969
107,28049408,1769650793706,20:39:53.706,42.3694986,-71.0196953,13.767,-24.99183057003102,0.99762195,1769648477969
108,28311552,1769650794055,20:39:54.055,42.3694986,-71.0196953,13.767,-24.99183057003102,0.99762195,1769648477969
109,28573696,1769650794407,20:39:54.407,42.3694986,-71.0196953,13.767,-24.99183057003102,0.99762195,1769648477969
110,28835840,1769650794836,20:39:54.836,42.3694986,-71.0196953,13.767,-24.99183057003102,0.99762195,1769648477969
111,29097984,1769650795286,20:39:55.286,42.3694986,-71.0196953,13.767,-24.99183057003102,0.99762195,1769648477969
112,29360128,1769650795734,20:39:55.734,42.3694986,-71.0196953,13.767,-24.99183057003102,0.99762195,1769648477969
113,29622272,1769650796139,20:39:56.139,42.3694986,-71.0196953,13.767,-24.99183057003102,0.99762195,1769648477969
114,29884416,1769650796446,20:39:56.446,42.3694986,-71.0196953,13.767,-24.99183057003102,0.99762195,1769648477969
115,30146560,1769650796795,20:39:56.795,42.3694986,-71.0196953,13.767,-24.99183057003102,0.99762195,1769648477969
116,30408704,1769650797189,20:39:57.189,42.3694986,-71.0196953,13.767,-24.99183057003102,0.99762195,1769648477969
117,30670848,1769650797497,20:39:57.497,42.3694986,-71.0196953,13.767,-24.99183057003102,0.99762195,1769648477969
118,30932992,1769650797850,20:39:57.850,42.3694986,-71.0196953,13.767,-24.99183057003102,0.99762195,1769648477969
119,31195136,1769650798199,20:39:58.199,42.3694986,-71.0196953,13.767,-24.99183057003102,0.99762195,1769648477969
120,31457280,1769650798548,20:39:58.548,42.3694986,-71.0196953,13.767,-24.99183057003102,0.99762195,1769648477969
121,31719424,1769650798900,20:39:58.900,42.3694986,-71.0196953,13.767,-24.99183057003102,0.99762195,1769648477969
122,31981568,1769650799249,20:39:59.249,42.3694986,-71.0196953,13.767,-24.99183057003102,0.99762195,1769648477969
123,32243712,1769650799601,20:39:59.601,42.3694986,-71.0196953,13.767,-24.99183057003102,0.99762195,1769648477969
124,32505856,1769650799949,20:39:59.949,42.3694986,-71.0196953,13.767,-24.99183057003102,0.99762195,1769648477969
125,32768000,1769650800297,20:40:00.297,42.3694986,-71.0196953,13.767,-24.99183057003102,0.99762195,1769648477969
126,33030144,1769650800688,20:40:00.688,42.3694986,-71.0196953,13.767,-24.99183057003102,0.99762195,1769648477969
127,33292288,1769650801105,20:40:01.105,42.3694986,-71.0196953,13.767,-24.99183057003102,0.99762195,1769648477969
128,33554432,1769650801632,20:40:01.632,42.3694986,-71.0196953,13.767,-24.99183057003102,0.99762195,1769648477969
129,33816576,1769650802108,20:40:02.108,42.3694986,-71.0196953,13.767,-24.99183057003102,0.99762195,1769648477969
130,34078720,1769650802448,20:40:02.448,42.3694986,-71.0196953,13.767,-24.99183057003102,0.99762195,1769648477969
131,34340864,1769650802802,20:40:02.802,42.3694986,-71.0196953,13.767,-24.99183057003102,0.99762195,1769648477969
132,34603008,1769650803150,20:40:03.150,42.3694986,-71.0196953,13.767,-24.99183057003102,0.99762195,1769648477969
133,34865152,1769650803598,20:40:03.598,42.3694986,-71.0196953,13.767,-24.99183057003102,0.99762195,1769648477969
134,35127296,1769650804062,20:40:04.062,42.3694986,-71.0196953,13.767,-24.99183057003102,0.99762195,1769648477969
135,35389440,1769650804447,20:40:04.447,42.3694986,-71.0196953,13.767,-24.99183057003102,0.99762195,1769648477969
136,35651584,1769650804860,20:40:04.860,42.3694986,-71.0196953,13.767,-24.99183057003102,0.99762195,1769648477969
137,35913728,1769650805288,20:40:05.288,42.3694986,-71.0196953,13.767,-24.99183057003102,0.99762195,1769648477969
138,36175872,1769650805844,20:40:05.844,42.3694986,-71.0196953,13.767,-24.99183057003102,0.99762195,1769648477969
139,36438016,1769650806292,20:40:06.292,42.3694986,-71.0196953,13.767,-24.99183057003102,0.99762195,1769648477969
140,36700160,1769650806769,20:40:06.769,42.3694986,-71.0196953,13.767,-24.99183057003102,0.99762195,1769648477969
141,36962304,1769650807266,20:40:07.266,42.3694986,-71.0196953,13.767,-24.99183057003102,0.99762195,1769648477969
142,37224448,1769650807757,20:40:07.757,42.3694986,-71.0196953,13.767,-24.99183057003102,0.99762195,1769648477969
143,37486592,1769650808307,20:40:08.307,42.3694986,-71.0196953,13.767,-24.99183057003102,0.99762195,1769648477969
144,37748736,1769650808794,20:40:08.794,42.3694986,-71.0196953,13.767,-24.99183057003102,0.99762195,1769648477969
145,38010880,1769650809501,20:40:09.501,42.3694986,-71.0196953,13.767,-24.99183057003102,0.99762195,1769648477969
146,38273024,1769650810008,20:40:10.008,42.3694986,-71.0196953,13.767,-24.99183057003102,0.99762195,1769648477969
147,38535168,1769650810405,20:40:10.405,42.3694986,-71.0196953,13.767,-24.99183057003102,0.99762195,1769648477969
148,38797312,1769650810852,20:40:10.852,42.3694986,-71.0196953,13.767,-24.99183057003102,0.99762195,1769648477969
149,39059456,1769650811285,20:40:11.285,42.3694986,-71.0196953,13.767,-24.99183057003102,0.99762195,1769648477969
150,39321600,1769650811724,20:40:11.724,42.3694986,-71.0196953,13.767,-24.99183057003102,0.99762195,1769648477969
151,39583744,1769650812333,20:40:12.333,42.3694986,-71.0196953,13.767,-24.99183057003102,0.99762195,1769648477969
152,39845888,1769650812796,20:40:12.796,42.3694986,-71.0196953,13.767,-24.99183057003102,0.99762195,1769648477969
153,40108032,1769650813332,20:40:13.332,42.3694986,-71.0196953,13.767,-24.99183057003102,0.99762195,1769648477969
154,40370176,1769650813839,20:40:13.839,42.3694986,-71.0196953,13.767,-24.99183057003102,0.99762195,1769648477969
155,40632320,1769650814269,20:40:14.269,42.3694986,-71.0196953,13.767,-24.99183057003102,0.99762195,1769648477969
156,40894464,1769650814762,20:40:14.762,42.3694986,-71.0196953,13.767,-24.99183057003102,0.99762195,1769648477969
157,41156608,1769650815224,20:40:15.224,42.3694986,-71.0196953,13.767,-24.99183057003102,0.99762195,1769648477969
158,41418752,1769650815635,20:40:15.635,42.3694986,-71.0196953,13.767,-24.99183057003102,0.99762195,1769648477969
159,41680896,1769650816140,20:40:16.140,42.3694986,-71.0196953,13.767,-24.99183057003102,0.99762195,1769648477969
160,41943040,1769650816539,20:40:16.539,42.3694986,-71.0196953,13.767,-24.99183057003102,0.99762195,1769648477969
161,42205184,1769650816973,20:40:16.973,42.3694986,-71.0196953,13.767,-24.99183057003102,0.99762195,1769648477969
162,42467328,1769650817298,20:40:17.298,42.3694986,-71.0196953,13.767,-24.99183057003102,0.99762195,1769648477969
163,42729472,1769650817649,20:40:17.649,42.3694986,-71.0196953,13.767,-24.99183057003102,0.99762195,1769648477969
164,42991616,1769650818003,20:40:18.003,42.3694986,-71.0196953,13.767,-24.99183057003102,0.99762195,1769648477969
165,43253760,1769650818350,20:40:18.350,42.3694986,-71.0196953,13.767,-24.99183057003102,0.99762195,1769648477969
166,43515904,1769650818704,20:40:18.704,42.3694986,-71.0196953,13.767,-24.99183057003102,0.99762195,1769648477969
167,43778048,1769650819053,20:40:19.053,42.3694986,-71.0196953,13.767,-24.99183057003102,0.99762195,1769648477969
168,44040192,1769650819403,20:40:19.403,42.3694986,-71.0196953,13.767,-24.99183057003102,0.99762195,1769648477969
169,44302336,1769650819824,20:40:19.824,42.3694986,-71.0196953,13.767,-24.99183057003102,0.99762195,1769648477969
170,44564480,1769650820182,20:40:20.182,42.3694986,-71.0196953,13.767,-24.99183057003102,0.99762195,1769648477969
171,44826624,1769650820538,20:40:20.538,42.3694986,-71.0196953,13.767,-24.99183057003102,0.99762195,1769648477969
172,45088768,1769650820890,20:40:20.890,42.3694986,-71.0196953,13.767,-24.99183057003102,0.99762195,1769648477969
173,45350912,1769650821240,20:40:21.240,42.3694986,-71.0196953,13.767,-24.99183057003102,0.99762195,1769648477969
174,45613056,1769650821614,20:40:21.614,42.3694986,-71.0196953,13.767,-24.99183057003102,0.99762195,1769648477969
175,45875200,1769650821997,20:40:21.997,42.3694986,-71.0196953,13.767,-24.99183057003102,0.99762195,1769648477969
176,46137344,1769650822433,20:40:22.433,42.3694986,-71.0196953,13.767,-24.99183057003102,0.99762195,1769648477969
177,46399488,1769650822790,20:40:22.790,42.3694986,-71.0196953,13.767,-24.99183057003102,0.99762195,1769648477969
178,46661632,1769650823139,20:40:23.139,42.3694986,-71.0196953,13.767,-24.99183057003102,0.99762195,1769648477969
179,46923776,1769650823574,20:40:23.574,42.3694986,-71.0196953,13.767,-24.99183057003102,0.99762195,1769648477969
180,47185920,1769650823905,20:40:23.905,42.3694986,-71.0196953,13.767,-24.99183057003102,0.99762195,1769648477969
181,47448064,1769650824256,20:40:24.256,42.3694986,-71.0196953,13.767,-24.99183057003102,0.99762195,1769648477969
182,47710208,1769650824609,20:40:24.609,42.3694986,-71.0196953,13.767,-24.99183057003102,0.99762195,1769648477969
183,47972352,1769650824961,20:40:24.961,42.3694986,-71.0196953,13.767,-24.99183057003102,0.99762195,1769648477969
184,48234496,1769650825311,20:40:25.311,42.3694986,-71.0196953,13.767,-24.99183057003102,0.99762195,1769648477969
185,48496640,1769650825660,20:40:25.660,42.3694986,-71.0196953,13.767,-24.99183057003102,0.99762195,1769648477969
186,48758784,1769650826073,20:40:26.073,42.3694986,-71.0196953,13.767,-24.99183057003102,0.99762195,1769648477969
187,49020928,1769650826490,20:40:26.490,42.3694986,-71.0196953,13.767,-24.99183057003102,0.99762195,1769648477969
188,49283072,1769650826905,20:40:26.905,42.3694986,-71.0196953,13.767,-24.99183057003102,0.99762195,1769648477969
189,49545216,1769650827213,20:40:27.213,42.3694986,-71.0196953,13.767,-24.99183057003102,0.99762195,1769648477969
190,49807360,1769650827506,20:40:27.506,42.3694986,-71.0196953,13.767,-24.99183057003102,0.99762195,1769648477969
191,50069504,1769650827914,20:40:27.914,42.3694986,-71.0196953,13.767,-24.99183057003102,0.99762195,1769648477969
192,50331648,1769650828311,20:40:28.311,42.3694986,-71.0196953,13.767,-24.99183057003102,0.99762195,1769648477969
193,50593792,1769650828772,20:40:28.772,42.3694986,-71.0196953,13.767,-24.99183057003102,0.99762195,1769648477969
194,50855936,1769650829175,20:40:29.175,42.3694986,-71.0196953,13.767,-24.99183057003102,0.99762195,1769648477969
195,51118080,1769650829616,20:40:29.616,42.3694986,-71.0196953,13.767,-24.99183057003102,0.99762195,1769648477969
196,51380224,1769650830026,20:40:30.026,42.3694986,-71.0196953,13.767,-24.99183057003102,0.99762195,1769648477969
197,51642368,1769650830418,20:40:30.418,42.3694986,-71.0196953,13.767,-24.99183057003102,0.99762195,1769648477969
198,51904512,1769650830823,20:40:30.823,42.3694986,-71.0196953,13.767,-24.99183057003102,0.99762195,1769648477969
199,52166656,1769650831169,20:40:31.169,42.3694986,-71.0196953,13.767,-24.99183057003102,0.99762195,1769648477969
200,52428800,1769650831522,20:40:31.522,42.3694986,-71.0196953,13.767,-24.99183057003102,0.99762195,1769648477969
201,52690944,1769650831964,20:40:31.964,42.3694986,-71.0196953,13.767,-24.99183057003102,0.99762195,1769648477969
202,52953088,1769650832392,20:40:32.392,42.3694986,-71.0196953,13.767,-24.99183057003102,0.99762195,1769648477969
203,53215232,1769650832892,20:40:32.892,42.3694986,-71.0196953,13.767,-24.99183057003102,0.99762195,1769648477969
204,53477376,1769650833365,20:40:33.365,42.3694986,-71.0196953,13.767,-24.99183057003102,0.99762195,1769648477969
205,53739520,1769650833785,20:40:33.785,42.3694986,-71.0196953,13.767,-24.99183057003102,0.99762195,1769648477969
206,54001664,1769650834213,20:40:34.213,42.3694986,-71.0196953,13.767,-24.99183057003102,0.99762195,1769648477969
207,54263808,1769650834590,20:40:34.590,42.3694986,-71.0196953,13.767,-24.99183057003102,0.99762195,1769648477969
208,54525952,1769650834921,20:40:34.921,42.3694986,-71.0196953,13.767,-24.99183057003102,0.99762195,1769648477969
209,54788096,1769650835267,20:40:35.267,42.3694986,-71.0196953,13.767,-24.99183057003102,0.99762195,1769648477969
210,55050240,1769650835672,20:40:35.672,42.3694986,-71.0196953,13.767,-24.99183057003102,0.99762195,1769648477969
211,55312384,1769650836075,20:40:36.075,42.3694986,-71.0196953,13.767,-24.99183057003102,0.99762195,1769648477969
212,55574528,1769650836408,20:40:36.408,42.3694986,-71.0196953,13.767,-24.99183057003102,0.99762195,1769648477969
213,55836672,1769650836813,20:40:36.813,42.3694986,-71.0196953,13.767,-24.99183057003102,0.99762195,1769648477969
214,56098816,1769650837205,20:40:37.205,42.3694986,-71.0196953,13.767,-24.99183057003102,0.99762195,1769648477969
215,56360960,1769650837492,20:40:37.492,42.3694986,-71.0196953,13.767,-24.99183057003102,0.99762195,1769648477969
216,56623104,1769650837805,20:40:37.805,42.3694986,-71.0196953,13.767,-24.99183057003102,0.99762195,1769648477969
217,56885248,1769650838123,20:40:38.123,42.3694986,-71.0196953,13.767,-24.99183057003102,0.99762195,1769648477969
218,57147392,1769650838491,20:40:38.491,42.3694986,-71.0196953,13.767,-24.99183057003102,0.99762195,1769648477969
219,57409536,1769650838897,20:40:38.897,42.3694986,-71.0196953,13.767,-24.99183057003102,0.99762195,1769648477969
220,57671680,1769650839198,20:40:39.198,42.3694986,-71.0196953,13.767,-24.99183057003102,0.99762195,1769648477969
221,57933824,1769650839532,20:40:39.532,42.3694986,-71.0196953,13.767,-24.99183057003102,0.99762195,1769648477969
222,58195968,1769650839875,20:40:39.875,42.3694986,-71.0196953,13.767,-24.99183057003102,0.99762195,1769648477969
223,58458112,1769650840224,20:40:40.224,42.3694986,-71.0196953,13.767,-24.99183057003102,0.99762195,1769648477969
224,58720256,1769650840626,20:40:40.626,42.3694986,-71.0196953,13.767,-24.99183057003102,0.99762195,1769648477969
225,58982400,1769650841039,20:40:41.039,42.3694986,-71.0196953,13.767,-24.99183057003102,0.99762195,1769648477969
226,59244544,1769650841420,20:40:41.420,42.3694986,-71.0196953,13.767,-24.99183057003102,0.99762195,1769648477969
227,59506688,1769650841736,20:40:41.736,42.3694986,-71.0196953,13.767,-24.99183057003102,0.99762195,1769648477969
228,59768832,1769650842055,20:40:42.055,42.3694986,-71.0196953,13.767,-24.99183057003102,0.99762195,1769648477969
229,60030976,1769650842404,20:40:42.404,42.3694986,-71.0196953,13.767,-24.99183057003102,0.99762195,1769648477969
230,60293120,1769650842759,20:40:42.759,42.3694986,-71.0196953,13.767,-24.99183057003102,0.99762195,1769648477969
231,60555264,1769650843107,20:40:43.107,42.3694986,-71.0196953,13.767,-24.99183057003102,0.99762195,1769648477969
232,60817408,1769650843461,20:40:43.461,42.3694986,-71.0196953,13.767,-24.99183057003102,0.99762195,1769648477969
233,61079552,1769650843886,20:40:43.886,42.3694986,-71.0196953,13.767,-24.99183057003102,0.99762195,1769648477969
234,61341696,1769650844235,20:40:44.235,42.3694986,-71.0196953,13.767,-24.99183057003102,0.99762195,1769648477969
235,61603840,1769650844587,20:40:44.587,42.3694986,-71.0196953,13.767,-24.99183057003102,0.99762195,1769648477969
236,61865984,1769650844939,20:40:44.939,42.3694986,-71.0196953,13.767,-24.99183057003102,0.99762195,1769648477969
237,62128128,1769650845287,20:40:45.287,42.3694986,-71.0196953,13.767,-24.99183057003102,0.99762195,1769648477969
238,62390272,1769650845672,20:40:45.672,42.3694986,-71.0196953,13.767,-24.99183057003102,0.99762195,1769648477969
239,62652416,1769650845986,20:40:45.986,42.3694986,-71.0196953,13.767,-24.99183057003102,0.99762195,1769648477969
240,62914560,1769650846330,20:40:46.330,42.3694986,-71.0196953,13.767,-24.99183057003102,0.99762195,1769648477969
241,63176704,1769650846676,20:40:46.676,42.3694986,-71.0196953,13.767,-24.99183057003102,0.99762195,1769648477969
242,63438848,1769650847033,20:40:47.033,42.3694986,-71.0196953,13.767,-24.99183057003102,0.99762195,1769648477969
243,63700992,1769650847383,20:40:47.383,42.3694986,-71.0196953,13.767,-24.99183057003102,0.99762195,1769648477969
244,63963136,1769650847731,20:40:47.731,42.3694986,-71.0196953,13.767,-24.99183057003102,0.99762195,1769648477969
245,64225280,1769650848083,20:40:48.083,42.3694986,-71.0196953,13.767,-24.99183057003102,0.99762195,1769648477969
246,64487424,1769650848500,20:40:48.500,42.3694986,-71.0196953,13.767,-24.99183057003102,0.99762195,1769648477969
247,64749568,1769650849095,20:40:49.095,42.3694986,-71.0196953,13.767,-24.99183057003102,0.99762195,1769648477969
248,65011712,1769650849513,20:40:49.513,42.3694986,-71.0196953,13.767,-24.99183057003102,0.99762195,1769648477969
249,65273856,1769650849954,20:40:49.954,42.3694986,-71.0196953,13.767,-24.99183057003102,0.99762195,1769648477969
250,65536000,1769650850449,20:40:50.449,42.3694986,-71.0196953,13.767,-24.99183057003102,0.99762195,1769648477969
251,65798144,1769650850975,20:40:50.975,42.3694986,-71.0196953,13.767,-24.99183057003102,0.99762195,1769648477969
252,66060288,1769650851526,20:40:51.526,42.3694986,-71.0196953,13.767,-24.99183057003102,0.99762195,1769648477969
253,66322432,1769650852042,20:40:52.042,42.3694986,-71.0196953,13.767,-24.99183057003102,0.99762195,1769648477969
254,66584576,1769650852604,20:40:52.604,42.3694986,-71.0196953,13.767,-24.99183057003102,0.99762195,1769648477969
255,66846720,1769650853093,20:40:53.093,42.3694986,-71.0196953,13.767,-24.99183057003102,0.99762195,1769648477969
256,67108864,1769650853597,20:40:53.597,42.3694986,-71.0196953,13.767,-24.99183057003102,0.99762195,1769648477969
257,67371008,1769650853944,20:40:53.944,42.3694986,-71.0196953,13.767,-24.99183057003102,0.99762195,1769648477969
258,67633152,1769650854302,20:40:54.302,42.3694986,-71.0196953,13.767,-24.99183057003102,0.99762195,1769648477969
259,67895296,1769650854818,20:40:54.818,42.3694986,-71.0196953,13.767,-24.99183057003102,0.99762195,1769648477969
260,68157440,1769650855444,20:40:55.444,42.3694986,-71.0196953,13.767,-24.99183057003102,0.99762195,1769648477969
261,68419584,1769650855892,20:40:55.892,42.3694986,-71.0196953,13.767,-24.99183057003102,0.99762195,1769648477969
262,68681728,1769650856424,20:40:56.424,42.3694986,-71.0196953,13.767,-24.99183057003102,0.99762195,1769648477969
263,68943872,1769650856991,20:40:56.991,42.3694986,-71.0196953,13.767,-24.99183057003102,0.99762195,1769648477969
264,69206016,1769650857534,20:40:57.534,42.3694986,-71.0196953,13.767,-24.99183057003102,0.99762195,1769648477969
265,69468160,1769650857881,20:40:57.881,42.3694986,-71.0196953,13.767,-24.99183057003102,0.99762195,1769648477969
266,69730304,1769650858247,20:40:58.247,42.3694986,-71.0196953,13.767,-24.99183057003102,0.99762195,1769648477969
267,69992448,1769650858688,20:40:58.688,42.3694986,-71.0196953,13.767,-24.99183057003102,0.99762195,1769648477969
268,70254592,1769650859193,20:40:59.193,42.3694986,-71.0196953,13.767,-24.99183057003102,0.99762195,1769648477969
269,70516736,1769650859618,20:40:59.618,42.3694986,-71.0196953,13.767,-24.99183057003102,0.99762195,1769648477969
270,70778880,1769650860088,20:41:00.088,42.3694986,-71.0196953,13.767,-24.99183057003102,0.99762195,1769648477969
271,71041024,1769650860603,20:41:00.603,42.3694986,-71.0196953,13.767,-24.99183057003102,0.99762195,1769648477969
272,71303168,1769650861106,20:41:01.106,42.3694986,-71.0196953,13.767,-24.99183057003102,0.99762195,1769648477969
273,71565312,1769650861698,20:41:01.698,42.3694986,-71.0196953,13.767,-24.99183057003102,0.99762195,1769648477969
274,71827456,1769650862362,20:41:02.362,42.3694986,-71.0196953,13.767,-24.99183057003102,0.99762195,1769648477969
275,72089600,1769650862912,20:41:02.912,42.3694986,-71.0196953,13.767,-24.99183057003102,0.99762195,1769648477969
276,72351744,1769650863599,20:41:03.599,42.3694986,-71.0196953,13.767,-24.99183057003102,0.99762195,1769648477969
277,72613888,1769650864106,20:41:04.106,42.3694986,-71.0196953,13.767,-24.99183057003102,0.99762195,1769648477969
278,72876032,1769650864584,20:41:04.584,42.3694986,-71.0196953,13.767,-24.99183057003102,0.99762195,1769648477969
279,73138176,1769650865227,20:41:05.227,42.3694986,-71.0196953,13.767,-24.99183057003102,0.99762195,1769648477969
280,73400320,1769650865775,20:41:05.775,42.3694986,-71.0196953,13.767,-24.99183057003102,0.99762195,1769648477969
281,73662464,1769650866139,20:41:06.139,42.3694986,-71.0196953,13.767,-24.99183057003102,0.99762195,1769648477969
282,73924608,1769650866573,20:41:06.573,42.3694986,-71.0196953,13.767,-24.99183057003102,0.99762195,1769648477969
283,74186752,1769650867040,20:41:07.040,42.3694986,-71.0196953,13.767,-24.99183057003102,0.99762195,1769648477969
284,74448896,1769650867533,20:41:07.533,42.3694986,-71.0196953,13.767,-24.99183057003102,0.99762195,1769648477969
285,74711040,1769650868063,20:41:08.063,42.3694986,-71.0196953,13.767,-24.99183057003102,0.99762195,1769648477969
286,74973184,1769650868634,20:41:08.634,42.3694986,-71.0196953,13.767,-24.99183057003102,0.99762195,1769648477969
287,75235328,1769650869218,20:41:09.218,42.3694986,-71.0196953,13.767,-24.99183057003102,0.99762195,1769648477969
288,75497472,1769650869672,20:41:09.672,42.3694986,-71.0196953,13.767,-24.99183057003102,0.99762195,1769648477969
289,75759616,1769650870024,20:41:10.024,42.3694986,-71.0196953,13.767,-24.99183057003102,0.99762195,1769648477969
290,76021760,1769650870460,20:41:10.460,42.3694986,-71.0196953,13.767,-24.99183057003102,0.99762195,1769648477969
291,76283904,1769650870860,20:41:10.860,42.3694986,-71.0196953,13.767,-24.99183057003102,0.99762195,1769648477969
292,76546048,1769650871254,20:41:11.254,42.3694986,-71.0196953,13.767,-24.99183057003102,0.99762195,1769648477969
293,76808192,1769650871611,20:41:11.611,42.3694986,-71.0196953,13.767,-24.99183057003102,0.99762195,1769648477969
294,77070336,1769650871958,20:41:11.958,42.3694986,-71.0196953,13.767,-24.99183057003102,0.99762195,1769648477969
295,77332480,1769650872309,20:41:12.309,42.3694986,-71.0196953,13.767,-24.99183057003102,0.99762195,1769648477969
296,77594624,1769650872687,20:41:12.687,42.3694986,-71.0196953,13.767,-24.99183057003102,0.99762195,1769648477969
297,77856768,1769650873107,20:41:13.107,42.3694986,-71.0196953,13.767,-24.99183057003102,0.99762195,1769648477969
298,78118912,1769650873517,20:41:13.517,42.3694986,-71.0196953,13.767,-24.99183057003102,0.99762195,1769648477969
299,78381056,1769650874020,20:41:14.020,42.3694986,-71.0196953,13.767,-24.99183057003102,0.99762195,1769648477969
300,78643200,1769650874436,20:41:14.436,42.3694986,-71.0196953,13.767,-24.99183057003102,0.99762195,1769648477969
301,78905344,1769650874962,20:41:14.962,42.3694986,-71.0196953,13.767,-24.99183057003102,0.99762195,1769648477969
302,79167488,1769650875487,20:41:15.487,42.3694986,-71.0196953,13.767,-24.99183057003102,0.99762195,1769648477969
303,79429632,1769650875940,20:41:15.940,42.3694986,-71.0196953,13.767,-24.99183057003102,0.99762195,1769648477969
304,79691776,1769650876375,20:41:16.375,42.3694986,-71.0196953,13.767,-24.99183057003102,0.99762195,1769648477969
305,79953920,1769650876959,20:41:16.959,42.3694986,-71.0196953,13.767,-24.99183057003102,0.99762195,1769648477969
306,80216064,1769650877425,20:41:17.425,42.3694986,-71.0196953,13.767,-24.99183057003102,0.99762195,1769648477969
307,80478208,1769650877772,20:41:17.772,42.3694986,-71.0196953,13.767,-24.99183057003102,0.99762195,1769648477969
308,80740352,1769650878132,20:41:18.132,42.3694986,-71.0196953,13.767,-24.99183057003102,0.99762195,1769648477969
309,81002496,1769650878638,20:41:18.638,42.3694986,-71.0196953,13.767,-24.99183057003102,0.99762195,1769648477969
310,81264640,1769650879178,20:41:19.178,42.3694986,-71.0196953,13.767,-24.99183057003102,0.99762195,1769648477969
311,81526784,1769650879637,20:41:19.637,42.3694986,-71.0196953,13.767,-24.99183057003102,0.99762195,1769648477969
312,81788928,1769650879975,20:41:19.975,42.3694986,-71.0196953,13.767,-24.99183057003102,0.99762195,1769648477969
313,82051072,1769650880326,20:41:20.326,42.3694986,-71.0196953,13.767,-24.99183057003102,0.99762195,1769648477969
314,82313216,1769650880668,20:41:20.668,42.3694986,-71.0196953,13.767,-24.99183057003102,0.99762195,1769648477969
315,82575360,1769650881020,20:41:21.020,42.3694986,-71.0196953,13.767,-24.99183057003102,0.99762195,1769648477969
316,82837504,1769650881373,20:41:21.373,42.3694986,-71.0196953,13.767,-24.99183057003102,0.99762195,1769648477969
317,83099648,1769650881761,20:41:21.761,42.3694986,-71.0196953,13.767,-24.99183057003102,0.99762195,1769648477969
318,83361792,1769650882179,20:41:22.179,42.3694986,-71.0196953,13.767,-24.99183057003102,0.99762195,1769648477969
319,83623936,1769650882528,20:41:22.528,42.3694986,-71.0196953,13.767,-24.99183057003102,0.99762195,1769648477969
320,83886080,1769650882880,20:41:22.880,42.3694986,-71.0196953,13.767,-24.99183057003102,0.99762195,1769648477969
321,84148224,1769650883250,20:41:23.250,42.3694986,-71.0196953,13.767,-24.99183057003102,0.99762195,1769648477969
322,84410368,1769650883604,20:41:23.604,42.3694986,-71.0196953,13.767,-24.99183057003102,0.99762195,1769648477969
323,84672512,1769650883961,20:41:23.961,42.3694986,-71.0196953,13.767,-24.99183057003102,0.99762195,1769648477969
324,84934656,1769650884311,20:41:24.311,42.3694986,-71.0196953,13.767,-24.99183057003102,0.99762195,1769648477969
325,85196800,1769650884664,20:41:24.664,42.3694986,-71.0196953,13.767,-24.99183057003102,0.99762195,1769648477969
326,85458944,1769650885015,20:41:25.015,42.3694986,-71.0196953,13.767,-24.99183057003102,0.99762195,1769648477969
327,85721088,1769650885547,20:41:25.547,42.3694986,-71.0196953,13.767,-24.99183057003102,0.99762195,1769648477969
328,85983232,1769650886063,20:41:26.063,42.3694986,-71.0196953,13.767,-24.99183057003102,0.99762195,1769648477969
329,86245376,1769650886643,20:41:26.643,42.3694986,-71.0196953,13.767,-24.99183057003102,0.99762195,1769648477969
330,86507520,1769650887206,20:41:27.206,42.3694986,-71.0196953,13.767,-24.99183057003102,0.99762195,1769648477969
331,86769664,1769650887794,20:41:27.794,42.3694986,-71.0196953,13.767,-24.99183057003102,0.99762195,1769648477969
332,87031808,1769650888196,20:41:28.196,42.3694986,-71.0196953,13.767,-24.99183057003102,0.99762195,1769648477969
333,87293952,1769650888506,20:41:28.506,42.3694986,-71.0196953,13.767,-24.99183057003102,0.99762195,1769648477969
334,87556096,1769650888940,20:41:28.940,42.3694986,-71.0196953,13.767,-24.99183057003102,0.99762195,1769648477969
335,87818240,1769650889538,20:41:29.538,42.3694986,-71.0196953,13.767,-24.99183057003102,0.99762195,1769648477969
336,88080384,1769650889956,20:41:29.956,42.3694986,-71.0196953,13.767,-24.99183057003102,0.99762195,1769648477969
337,88342528,1769650890471,20:41:30.471,42.3694986,-71.0196953,13.767,-24.99183057003102,0.99762195,1769648477969
338,88604672,1769650890972,20:41:30.972,42.3694986,-71.0196953,13.767,-24.99183057003102,0.99762195,1769648477969
339,88866816,1769650891451,20:41:31.451,42.3694986,-71.0196953,13.767,-24.99183057003102,0.99762195,1769648477969
340,89128960,1769650891800,20:41:31.800,42.3694986,-71.0196953,13.767,-24.99183057003102,0.99762195,1769648477969
341,89391104,1769650892154,20:41:32.154,42.3694986,-71.0196953,13.767,-24.99183057003102,0.99762195,1769648477969
342,89653248,1769650892522,20:41:32.522,42.3694986,-71.0196953,13.767,-24.99183057003102,0.99762195,1769648477969
343,89915392,1769650892852,20:41:32.852,42.3694986,-71.0196953,13.767,-24.99183057003102,0.99762195,1769648477969
344,90177536,1769650893204,20:41:33.204,42.3694986,-71.0196953,13.767,-24.99183057003102,0.99762195,1769648477969
345,90439680,1769650893604,20:41:33.604,42.3694986,-71.0196953,13.767,-24.99183057003102,0.99762195,1769648477969
346,90701824,1769650893912,20:41:33.912,42.3694986,-71.0196953,13.767,-24.99183057003102,0.99762195,1769648477969
347,90963968,1769650894258,20:41:34.258,42.3694986,-71.0196953,13.767,-24.99183057003102,0.99762195,1769648477969
348,91226112,1769650894607,20:41:34.607,42.3694986,-71.0196953,13.767,-24.99183057003102,0.99762195,1769648477969
349,91488256,1769650894957,20:41:34.957,42.3694986,-71.0196953,13.767,-24.99183057003102,0.99762195,1769648477969
350,91750400,1769650895304,20:41:35.304,42.3694986,-71.0196953,13.767,-24.99183057003102,0.99762195,1769648477969
351,92012544,1769650895684,20:41:35.684,42.3694986,-71.0196953,13.767,-24.99183057003102,0.99762195,1769648477969
352,92274688,1769650896183,20:41:36.183,42.3694986,-71.0196953,13.767,-24.99183057003102,0.99762195,1769648477969
353,92536832,1769650896584,20:41:36.584,42.3694986,-71.0196953,13.767,-24.99183057003102,0.99762195,1769648477969
354,92798976,1769650896985,20:41:36.985,42.3694986,-71.0196953,13.767,-24.99183057003102,0.99762195,1769648477969
355,93061120,1769650897492,20:41:37.492,42.3694986,-71.0196953,13.767,-24.99183057003102,0.99762195,1769648477969
356,93323264,1769650897898,20:41:37.898,42.3694986,-71.0196953,13.767,-24.99183057003102,0.99762195,1769648477969
357,93585408,1769650898332,20:41:38.332,42.3694986,-71.0196953,13.767,-24.99183057003102,0.99762195,1769648477969
358,93847552,1769650898864,20:41:38.864,42.3694986,-71.0196953,13.767,-24.99183057003102,0.99762195,1769648477969
359,94109696,1769650899268,20:41:39.268,42.3694986,-71.0196953,13.767,-24.99183057003102,0.99762195,1769648477969
360,94371840,1769650899709,20:41:39.709,42.3694986,-71.0196953,13.767,-24.99183057003102,0.99762195,1769648477969
361,94633984,1769650900110,20:41:40.110,42.3694986,-71.0196953,13.767,-24.99183057003102,0.99762195,1769648477969
362,94896128,1769650900633,20:41:40.633,42.3694986,-71.0196953,13.767,-24.99183057003102,0.99762195,1769648477969
363,95158272,1769650901039,20:41:41.039,42.3694986,-71.0196953,13.767,-24.99183057003102,0.99762195,1769648477969
364,95420416,1769650901347,20:41:41.347,42.3694986,-71.0196953,13.767,-24.99183057003102,0.99762195,1769648477969
365,95682560,1769650901792,20:41:41.792,42.3694986,-71.0196953,13.767,-24.99183057003102,0.99762195,1769648477969
366,95944704,1769650902329,20:41:42.329,42.3694986,-71.0196953,13.767,-24.99183057003102,0.99762195,1769648477969
367,96206848,1769650902835,20:41:42.835,42.3694986,-71.0196953,13.767,-24.99183057003102,0.99762195,1769648477969
368,96468992,1769650903171,20:41:43.171,42.3694986,-71.0196953,13.767,-24.99183057003102,0.99762195,1769648477969
369,96731136,1769650903524,20:41:43.524,42.3694986,-71.0196953,13.767,-24.99183057003102,0.99762195,1769648477969
370,96993280,1769650903873,20:41:43.873,42.3694986,-71.0196953,13.767,-24.99183057003102,0.99762195,1769648477969
371,97255424,1769650904232,20:41:44.232,42.3694986,-71.0196953,13.767,-24.99183057003102,0.99762195,1769648477969
372,97517568,1769650904614,20:41:44.614,42.3694986,-71.0196953,13.767,-24.99183057003102,0.99762195,1769648477969
373,97779712,1769650904960,20:41:44.960,42.3694986,-71.0196953,13.767,-24.99183057003102,0.99762195,1769648477969
374,98041856,1769650905313,20:41:45.313,42.3694986,-71.0196953,13.767,-24.99183057003102,0.99762195,1769648477969
375,98304000,1769650905675,20:41:45.675,42.3694986,-71.0196953,13.767,-24.99183057003102,0.99762195,1769648477969
376,98566144,1769650906020,20:41:46.020,42.3694986,-71.0196953,13.767,-24.99183057003102,0.99762195,1769648477969
377,98828288,1769650906368,20:41:46.368,42.3694986,-71.0196953,13.767,-24.99183057003102,0.99762195,1769648477969
378,99090432,1769650906724,20:41:46.724,42.3694986,-71.0196953,13.767,-24.99183057003102,0.99762195,1769648477969
379,99352576,1769650907075,20:41:47.075,42.3694986,-71.0196953,13.767,-24.99183057003102,0.99762195,1769648477969
380,99614720,1769650907452,20:41:47.452,42.3694986,-71.0196953,13.767,-24.99183057003102,0.99762195,1769648477969
381,99876864,1769650907804,20:41:47.804,42.3694986,-71.0196953,13.767,-24.99183057003102,0.99762195,1769648477969
382,100139008,1769650908158,20:41:48.158,42.3694986,-71.0196953,13.767,-24.99183057003102,0.99762195,1769648477969
383,100401152,1769650908520,20:41:48.520,42.3694986,-71.0196953,13.767,-24.99183057003102,0.99762195,1769648477969
384,100663296,1769650908926,20:41:48.926,42.3694986,-71.0196953,13.767,-24.99183057003102,0.99762195,1769648477969
385,100925440,1769650909357,20:41:49.357,42.3694986,-71.0196953,13.767,-24.99183057003102,0.99762195,1769648477969
386,101187584,1769650909801,20:41:49.801,42.3694986,-71.0196953,13.767,-24.99183057003102,0.99762195,1769648477969
387,101449728,1769650910231,20:41:50.231,42.3694986,-71.0196953,13.767,-24.99183057003102,0.99762195,1769648477969
388,101711872,1769650910616,20:41:50.616,42.3694986,-71.0196953,13.767,-24.99183057003102,0.99762195,1769648477969
389,101974016,1769650910993,20:41:50.993,42.3694986,-71.0196953,13.767,-24.99183057003102,0.99762195,1769648477969
390,102236160,1769650911361,20:41:51.361,42.3694986,-71.0196953,13.767,-24.99183057003102,0.99762195,1769648477969
391,102498304,1769650911708,20:41:51.708,42.3694986,-71.0196953,13.767,-24.99183057003102,0.99762195,1769648477969
392,102760448,1769650912069,20:41:52.069,42.3694986,-71.0196953,13.767,-24.99183057003102,0.99762195,1769648477969
393,103022592,1769650912417,20:41:52.417,42.3694986,-71.0196953,13.767,-24.99183057003102,0.99762195,1769648477969
394,103284736,1769650912765,20:41:52.765,42.3694986,-71.0196953,13.767,-24.99183057003102,0.99762195,1769648477969
395,103546880,1769650913116,20:41:53.116,42.3694986,-71.0196953,13.767,-24.99183057003102,0.99762195,1769648477969
396,103809024,1769650913471,20:41:53.471,42.3694986,-71.0196953,13.767,-24.99183057003102,0.99762195,1769648477969
397,104071168,1769650914018,20:41:54.018,42.3694986,-71.0196953,13.767,-24.99183057003102,0.99762195,1769648477969
398,104333312,1769650914592,20:41:54.592,42.3694986,-71.0196953,13.767,-24.99183057003102,0.99762195,1769648477969
399,104595456,1769650915019,20:41:55.019,42.3694986,-71.0196953,13.767,-24.99183057003102,0.99762195,1769648477969
400,104857600,1769650915540,20:41:55.540,42.3694986,-71.0196953,13.767,-24.99183057003102,0.99762195,1769648477969
401,105119744,1769650915988,20:41:55.988,42.3694986,-71.0196953,13.767,-24.99183057003102,0.99762195,1769648477969
402,105381888,1769650916470,20:41:56.470,42.3694986,-71.0196953,13.767,-24.99183057003102,0.99762195,1769648477969
403,105644032,1769650916865,20:41:56.865,42.3694986,-71.0196953,13.767,-24.99183057003102,0.99762195,1769648477969
404,105906176,1769650917217,20:41:57.217,42.3694986,-71.0196953,13.767,-24.99183057003102,0.99762195,1769648477969
405,106168320,1769650917629,20:41:57.629,42.3694986,-71.0196953,13.767,-24.99183057003102,0.99762195,1769648477969
406,106430464,1769650918124,20:41:58.124,42.3694986,-71.0196953,13.767,-24.99183057003102,0.99762195,1769648477969
407,106692608,1769650918896,20:41:58.896,42.3694986,-71.0196953,13.767,-24.99183057003102,0.99762195,1769648477969
408,106954752,1769650919397,20:41:59.397,42.3694986,-71.0196953,13.767,-24.99183057003102,0.99762195,1769648477969
409,107216896,1769650919990,20:41:59.990,42.3694986,-71.0196953,13.767,-24.99183057003102,0.99762195,1769648477969
410,107479040,1769650920623,20:42:00.623,42.3694986,-71.0196953,13.767,-24.99183057003102,0.99762195,1769648477969
411,107741184,1769650921264,20:42:01.264,42.3694986,-71.0196953,13.767,-24.99183057003102,0.99762195,1769648477969
412,108003328,1769650921751,20:42:01.751,42.3694986,-71.0196953,13.767,-24.99183057003102,0.99762195,1769648477969
413,108265472,1769650922195,20:42:02.195,42.3694986,-71.0196953,13.767,-24.99183057003102,0.99762195,1769648477969
414,108527616,1769650922830,20:42:02.830,42.3694986,-71.0196953,13.767,-24.99183057003102,0.99762195,1769648477969
415,108789760,1769650923329,20:42:03.329,42.3694986,-71.0196953,13.767,-24.99183057003102,0.99762195,1769648477969
416,109051904,1769650924050,20:42:04.050,42.3694986,-71.0196953,13.767,-24.99183057003102,0.99762195,1769648477969
417,109314048,1769650924540,20:42:04.540,42.3694986,-71.0196953,13.767,-24.99183057003102,0.99762195,1769648477969
418,109576192,1769650925128,20:42:05.128,42.3694986,-71.0196953,13.767,-24.99183057003102,0.99762195,1769648477969
419,109838336,1769650925661,20:42:05.661,42.3694986,-71.0196953,13.767,-24.99183057003102,0.99762195,1769648477969
420,110100480,1769650926009,20:42:06.009,42.3694986,-71.0196953,13.767,-24.99183057003102,0.99762195,1769648477969
421,110362624,1769650926358,20:42:06.358,42.3694986,-71.0196953,13.767,-24.99183057003102,0.99762195,1769648477969
422,110624768,1769650926732,20:42:06.732,42.3694986,-71.0196953,13.767,-24.99183057003102,0.99762195,1769648477969
423,110886912,1769650927222,20:42:07.222,42.3694986,-71.0196953,13.767,-24.99183057003102,0.99762195,1769648477969
424,111149056,1769650927651,20:42:07.651,42.3694986,-71.0196953,13.767,-24.99183057003102,0.99762195,1769648477969
425,111411200,1769650928015,20:42:08.015,42.3694986,-71.0196953,13.767,-24.99183057003102,0.99762195,1769648477969
426,111673344,1769650928428,20:42:08.428,42.3694986,-71.0196953,13.767,-24.99183057003102,0.99762195,1769648477969
427,111935488,1769650928775,20:42:08.775,42.3694986,-71.0196953,13.767,-24.99183057003102,0.99762195,1769648477969
428,112197632,1769650929125,20:42:09.125,42.3694986,-71.0196953,13.767,-24.99183057003102,0.99762195,1769648477969
429,112459776,1769650929472,20:42:09.472,42.3694986,-71.0196953,13.767,-24.99183057003102,0.99762195,1769648477969
430,112721920,1769650929826,20:42:09.826,42.3694986,-71.0196953,13.767,-24.99183057003102,0.99762195,1769648477969
431,112984064,1769650930183,20:42:10.183,42.3694986,-71.0196953,13.767,-24.99183057003102,0.99762195,1769648477969
432,113246208,1769650930610,20:42:10.610,42.3694986,-71.0196953,13.767,-24.99183057003102,0.99762195,1769648477969
433,113508352,1769650930972,20:42:10.972,42.3694986,-71.0196953,13.767,-24.99183057003102,0.99762195,1769648477969
434,113770496,1769650931300,20:42:11.300,42.3694986,-71.0196953,13.767,-24.99183057003102,0.99762195,1769648477969
435,114032640,1769650931807,20:42:11.807,42.3694986,-71.0196953,13.767,-24.99183057003102,0.99762195,1769648477969
436,114294784,1769650932281,20:42:12.281,42.3694986,-71.0196953,13.767,-24.99183057003102,0.99762195,1769648477969
437,114556928,1769650932750,20:42:12.750,42.3694986,-71.0196953,13.767,-24.99183057003102,0.99762195,1769648477969
438,114819072,1769650933227,20:42:13.227,42.3694986,-71.0196953,13.767,-24.99183057003102,0.99762195,1769648477969
439,115081216,1769650933682,20:42:13.682,42.3694986,-71.0196953,13.767,-24.99183057003102,0.99762195,1769648477969
440,115343360,1769650934168,20:42:14.168,42.3694986,-71.0196953,13.767,-24.99183057003102,0.99762195,1769648477969
441,115605504,1769650934554,20:42:14.554,42.3694986,-71.0196953,13.767,-24.99183057003102,0.99762195,1769648477969
442,115867648,1769650934897,20:42:14.897,42.3694986,-71.0196953,13.767,-24.99183057003102,0.99762195,1769648477969
443,116129792,1769650935251,20:42:15.251,42.3694986,-71.0196953,13.767,-24.99183057003102,0.99762195,1769648477969
444,116391936,1769650935756,20:42:15.756,42.3694986,-71.0196953,13.767,-24.99183057003102,0.99762195,1769648477969
445,116654080,1769650936246,20:42:16.246,42.3694986,-71.0196953,13.767,-24.99183057003102,0.99762195,1769648477969
446,116916224,1769650936604,20:42:16.604,42.3694986,-71.0196953,13.767,-24.99183057003102,0.99762195,1769648477969
447,117178368,1769650937060,20:42:17.060,42.3694986,-71.0196953,13.767,-24.99183057003102,0.99762195,1769648477969
448,117440512,1769650937498,20:42:17.498,42.3694986,-71.0196953,13.767,-24.99183057003102,0.99762195,1769648477969
449,117702656,1769650937844,20:42:17.844,42.3694986,-71.0196953,13.767,-24.99183057003102,0.99762195,1769648477969
450,117964800,1769650938195,20:42:18.195,42.3694986,-71.0196953,13.767,-24.99183057003102,0.99762195,1769648477969
451,118226944,1769650938547,20:42:18.547,42.3694986,-71.0196953,13.767,-24.99183057003102,0.99762195,1769648477969
452,118489088,1769650938894,20:42:18.894,42.3694986,-71.0196953,13.767,-24.99183057003102,0.99762195,1769648477969
453,118751232,1769650939249,20:42:19.249,42.3694986,-71.0196953,13.767,-24.99183057003102,0.99762195,1769648477969
454,119013376,1769650939611,20:42:19.611,42.3694986,-71.0196953,13.767,-24.99183057003102,0.99762195,1769648477969
455,119275520,1769650940012,20:42:20.012,42.3694986,-71.0196953,13.767,-24.99183057003102,0.99762195,1769648477969
456,119537664,1769650940405,20:42:20.405,42.3694986,-71.0196953,13.767,-24.99183057003102,0.99762195,1769648477969
457,119799808,1769650940708,20:42:20.708,42.3694986,-71.0196953,13.767,-24.99183057003102,0.99762195,1769648477969
458,120061952,1769650941026,20:42:21.026,42.3694986,-71.0196953,13.767,-24.99183057003102,0.99762195,1769648477969
459,120324096,1769650941375,20:42:21.375,42.3694986,-71.0196953,13.767,-24.99183057003102,0.99762195,1769648477969
460,120586240,1769650941726,20:42:21.726,42.3694986,-71.0196953,13.767,-24.99183057003102,0.99762195,1769648477969
461,120848384,1769650942157,20:42:22.157,42.3694986,-71.0196953,13.767,-24.99183057003102,0.99762195,1769648477969
462,121110528,1769650942552,20:42:22.552,42.3694986,-71.0196953,13.767,-24.99183057003102,0.99762195,1769648477969
463,121372672,1769650942888,20:42:22.888,42.3694986,-71.0196953,13.767,-24.99183057003102,0.99762195,1769648477969
464,121634816,1769650943263,20:42:23.263,42.3694986,-71.0196953,13.767,-24.99183057003102,0.99762195,1769648477969
465,121896960,1769650943733,20:42:23.733,42.3694986,-71.0196953,13.767,-24.99183057003102,0.99762195,1769648477969
466,122159104,1769650944171,20:42:24.171,42.3694986,-71.0196953,13.767,-24.99183057003102,0.99762195,1769648477969
467,122421248,1769650944659,20:42:24.659,42.3694986,-71.0196953,13.767,-24.99183057003102,0.99762195,1769648477969
468,122683392,1769650945169,20:42:25.169,42.3694986,-71.0196953,13.767,-24.99183057003102,0.99762195,1769648477969
469,122945536,1769650945848,20:42:25.848,42.3694986,-71.0196953,13.767,-24.99183057003102,0.99762195,1769648477969
470,123207680,1769650946397,20:42:26.397,42.3694986,-71.0196953,13.767,-24.99183057003102,0.99762195,1769648477969
471,123469824,1769650947045,20:42:27.045,42.3694986,-71.0196953,13.767,-24.99183057003102,0.99762195,1769648477969
472,123731968,1769650947569,20:42:27.569,42.3694986,-71.0196953,13.767,-24.99183057003102,0.99762195,1769648477969
473,123994112,1769650948021,20:42:28.021,42.3694986,-71.0196953,13.767,-24.99183057003102,0.99762195,1769648477969
474,124256256,1769650948516,20:42:28.516,42.3694986,-71.0196953,13.767,-24.99183057003102,0.99762195,1769648477969
475,124518400,1769650949061,20:42:29.061,42.3694986,-71.0196953,13.767,-24.99183057003102,0.99762195,1769648477969
476,124780544,1769650949564,20:42:29.564,42.3694986,-71.0196953,13.767,-24.99183057003102,0.99762195,1769648477969
477,125042688,1769650949974,20:42:29.974,42.3694986,-71.0196953,13.767,-24.99183057003102,0.99762195,1769648477969
478,125304832,1769650950329,20:42:30.329,42.3694986,-71.0196953,13.767,-24.99183057003102,0.99762195,1769648477969
479,125566976,1769650950871,20:42:30.871,42.3694986,-71.0196953,13.767,-24.99183057003102,0.99762195,1769648477969
480,125829120,1769650951305,20:42:31.305,42.3694986,-71.0196953,13.767,-24.99183057003102,0.99762195,1769648477969
481,126091264,1769650951674,20:42:31.674,42.3694986,-71.0196953,13.767,-24.99183057003102,0.99762195,1769648477969
482,126353408,1769650952100,20:42:32.100,42.3694986,-71.0196953,13.767,-24.99183057003102,0.99762195,1769648477969
483,126615552,1769650952521,20:42:32.521,42.3694986,-71.0196953,13.767,-24.99183057003102,0.99762195,1769648477969
484,126877696,1769650953167,20:42:33.167,42.3694986,-71.0196953,13.767,-24.99183057003102,0.99762195,1769648477969
485,127139840,1769650953723,20:42:33.723,42.3694986,-71.0196953,13.767,-24.99183057003102,0.99762195,1769648477969
486,127401984,1769650954249,20:42:34.249,42.3694986,-71.0196953,13.767,-24.99183057003102,0.99762195,1769648477969
487,127664128,1769650954871,20:42:34.871,42.3694986,-71.0196953,13.767,-24.99183057003102,0.99762195,1769648477969
488,127926272,1769650955507,20:42:35.507,42.3694986,-71.0196953,13.767,-24.99183057003102,0.99762195,1769648477969
489,128188416,1769650955932,20:42:35.932,42.3694986,-71.0196953,13.767,-24.99183057003102,0.99762195,1769648477969
490,128450560,1769650956499,20:42:36.499,42.3694986,-71.0196953,13.767,-24.99183057003102,0.99762195,1769648477969
491,128712704,1769650957192,20:42:37.192,42.3694986,-71.0196953,13.767,-24.99183057003102,0.99762195,1769648477969
492,128974848,1769650957750,20:42:37.750,42.3694986,-71.0196953,13.767,-24.99183057003102,0.99762195,1769648477969
493,129236992,1769650958274,20:42:38.274,42.3694986,-71.0196953,13.767,-24.99183057003102,0.99762195,1769648477969
494,129499136,1769650958838,20:42:38.838,42.3694986,-71.0196953,13.767,-24.99183057003102,0.99762195,1769648477969
495,129761280,1769650959338,20:42:39.338,42.3694986,-71.0196953,13.767,-24.99183057003102,0.99762195,1769648477969
496,130023424,1769650959917,20:42:39.917,42.3694986,-71.0196953,13.767,-24.99183057003102,0.99762195,1769648477969
497,130285568,1769650960376,20:42:40.376,42.3694986,-71.0196953,13.767,-24.99183057003102,0.99762195,1769648477969
498,130547712,1769650961002,20:42:41.002,42.3694986,-71.0196953,13.767,-24.99183057003102,0.99762195,1769648477969
499,130809856,1769650961473,20:42:41.473,42.3694986,-71.0196953,13.767,-24.99183057003102,0.99762195,1769648477969
500,131072000,1769650961874,20:42:41.874,42.3694986,-71.0196953,13.767,-24.99183057003102,0.99762195,1769648477969
501,131334144,1769650962274,20:42:42.274,42.3694986,-71.0196953,13.767,-24.99183057003102,0.99762195,1769648477969
502,131596288,1769650962806,20:42:42.806,42.3694986,-71.0196953,13.767,-24.99183057003102,0.99762195,1769648477969
503,131858432,1769650963226,20:42:43.226,42.3694986,-71.0196953,13.767,-24.99183057003102,0.99762195,1769648477969
504,132120576,1769650963727,20:42:43.727,42.3694986,-71.0196953,13.767,-24.99183057003102,0.99762195,1769648477969
505,132382720,1769650964105,20:42:44.105,42.3694986,-71.0196953,13.767,-24.99183057003102,0.99762195,1769648477969
506,132644864,1769650964540,20:42:44.540,42.3694986,-71.0196953,13.767,-24.99183057003102,0.99762195,1769648477969
507,132907008,1769650965000,20:42:45.000,42.3694986,-71.0196953,13.767,-24.99183057003102,0.99762195,1769648477969
508,133169152,1769650965400,20:42:45.400,42.3694986,-71.0196953,13.767,-24.99183057003102,0.99762195,1769648477969
509,133431296,1769650965836,20:42:45.836,42.3694986,-71.0196953,13.767,-24.99183057003102,0.99762195,1769648477969
510,133693440,1769650966272,20:42:46.272,42.3694986,-71.0196953,13.767,-24.99183057003102,0.99762195,1769648477969
511,133955584,1769650966696,20:42:46.696,42.3694986,-71.0196953,13.767,-24.99183057003102,0.99762195,1769648477969
512,134217728,1769650967082,20:42:47.082,42.3694986,-71.0196953,13.767,-24.99183057003102,0.99762195,1769648477969
513,134479872,1769650967679,20:42:47.679,42.3694986,-71.0196953,13.767,-24.99183057003102,0.99762195,1769648477969
514,134742016,1769650968111,20:42:48.111,42.3694986,-71.0196953,13.767,-24.99183057003102,0.99762195,1769648477969
515,135004160,1769650968479,20:42:48.479,42.3694986,-71.0196953,13.767,-24.99183057003102,0.99762195,1769648477969
516,135266304,1769650968830,20:42:48.830,42.3694986,-71.0196953,13.767,-24.99183057003102,0.99762195,1769648477969
517,135528448,1769650969360,20:42:49.360,42.3694986,-71.0196953,13.767,-24.99183057003102,0.99762195,1769648477969
518,135790592,1769650969841,20:42:49.841,42.3694986,-71.0196953,13.767,-24.99183057003102,0.99762195,1769648477969
519,136052736,1769650970281,20:42:50.281,42.3694986,-71.0196953,13.767,-24.99183057003102,0.99762195,1769648477969
520,136314880,1769650970706,20:42:50.706,42.3694986,-71.0196953,13.767,-24.99183057003102,0.99762195,1769648477969
521,136577024,1769650971149,20:42:51.149,42.3694986,-71.0196953,13.767,-24.99183057003102,0.99762195,1769648477969
522,136839168,1769650971589,20:42:51.589,42.3694986,-71.0196953,13.767,-24.99183057003102,0.99762195,1769648477969
523,137101312,1769650971978,20:42:51.978,42.3694986,-71.0196953,13.767,-24.99183057003102,0.99762195,1769648477969
524,137363456,1769650972372,20:42:52.372,42.3694986,-71.0196953,13.767,-24.99183057003102,0.99762195,1769648477969
525,137625600,1769650972846,20:42:52.846,42.3694986,-71.0196953,13.767,-24.99183057003102,0.99762195,1769648477969
526,137887744,1769650973294,20:42:53.294,42.3694986,-71.0196953,13.767,-24.99183057003102,0.99762195,1769648477969
527,138149888,1769650973818,20:42:53.818,42.3694986,-71.0196953,13.767,-24.99183057003102,0.99762195,1769648477969
528,138412032,1769650974275,20:42:54.275,42.3694986,-71.0196953,13.767,-24.99183057003102,0.99762195,1769648477969
529,138674176,1769650974690,20:42:54.690,42.3694986,-71.0196953,13.767,-24.99183057003102,0.99762195,1769648477969
530,138936320,1769650975161,20:42:55.161,42.3694986,-71.0196953,13.767,-24.99183057003102,0.99762195,1769648477969
531,139198464,1769650975592,20:42:55.592,42.3694986,-71.0196953,13.767,-24.99183057003102,0.99762195,1769648477969
532,139460608,1769650976052,20:42:56.052,42.3694986,-71.0196953,13.767,-24.99183057003102,0.99762195,1769648477969
533,139722752,1769650976428,20:42:56.428,42.3694986,-71.0196953,13.767,-24.99183057003102,0.99762195,1769648477969
534,139984896,1769650976873,20:42:56.873,42.3694986,-71.0196953,13.767,-24.99183057003102,0.99762195,1769648477969
535,140247040,1769650977233,20:42:57.233,42.3694986,-71.0196953,13.767,-24.99183057003102,0.99762195,1769648477969
536,140509184,1769650977536,20:42:57.536,42.3694986,-71.0196953,13.767,-24.99183057003102,0.99762195,1769648477969
537,140771328,1769650977905,20:42:57.905,42.3694986,-71.0196953,13.767,-24.99183057003102,0.99762195,1769648477969
538,141033472,1769650978262,20:42:58.262,42.3694986,-71.0196953,13.767,-24.99183057003102,0.99762195,1769648477969
539,141295616,1769650978607,20:42:58.607,42.3694986,-71.0196953,13.767,-24.99183057003102,0.99762195,1769648477969
540,141557760,1769650978993,20:42:58.993,42.3694986,-71.0196953,13.767,-24.99183057003102,0.99762195,1769648477969
541,141819904,1769650979346,20:42:59.346,42.3694986,-71.0196953,13.767,-24.99183057003102,0.99762195,1769648477969
542,142082048,1769650979797,20:42:59.797,42.3694986,-71.0196953,13.767,-24.99183057003102,0.99762195,1769648477969
543,142344192,1769650980194,20:43:00.194,42.3694986,-71.0196953,13.767,-24.99183057003102,0.99762195,1769648477969
544,142606336,1769650980677,20:43:00.677,42.3694986,-71.0196953,13.767,-24.99183057003102,0.99762195,1769648477969
545,142868480,1769650981081,20:43:01.081,42.3694986,-71.0196953,13.767,-24.99183057003102,0.99762195,1769648477969
546,143130624,1769650981542,20:43:01.542,42.3694986,-71.0196953,13.767,-24.99183057003102,0.99762195,1769648477969
547,143392768,1769650981974,20:43:01.974,42.3694986,-71.0196953,13.767,-24.99183057003102,0.99762195,1769648477969
548,143654912,1769650982301,20:43:02.301,42.3694986,-71.0196953,13.767,-24.99183057003102,0.99762195,1769648477969
549,143917056,1769650982655,20:43:02.655,42.3694986,-71.0196953,13.767,-24.99183057003102,0.99762195,1769648477969
550,144179200,1769650983005,20:43:03.005,42.3694986,-71.0196953,13.767,-24.99183057003102,0.99762195,1769648477969
551,144441344,1769650983354,20:43:03.354,42.3694986,-71.0196953,13.767,-24.99183057003102,0.99762195,1769648477969
552,144703488,1769650983703,20:43:03.703,42.3694986,-71.0196953,13.767,-24.99183057003102,0.99762195,1769648477969
553,144965632,1769650984057,20:43:04.057,42.3694986,-71.0196953,13.767,-24.99183057003102,0.99762195,1769648477969
554,145227776,1769650984409,20:43:04.409,42.3694986,-71.0196953,13.767,-24.99183057003102,0.99762195,1769648477969
555,145489920,1769650984755,20:43:04.755,42.3694986,-71.0196953,13.767,-24.99183057003102,0.99762195,1769648477969
556,145752064,1769650985148,20:43:05.148,42.3694986,-71.0196953,13.767,-24.99183057003102,0.99762195,1769648477969
557,146014208,1769650985516,20:43:05.516,42.3694986,-71.0196953,13.767,-24.99183057003102,0.99762195,1769648477969
558,146276352,1769650985862,20:43:05.862,42.3694986,-71.0196953,13.767,-24.99183057003102,0.99762195,1769648477969
559,146538496,1769650986223,20:43:06.223,42.3694986,-71.0196953,13.767,-24.99183057003102,0.99762195,1769648477969
560,146800640,1769650986589,20:43:06.589,42.3694986,-71.0196953,13.767,-24.99183057003102,0.99762195,1769648477969
561,147062784,1769650986942,20:43:06.942,42.3694986,-71.0196953,13.767,-24.99183057003102,0.99762195,1769648477969
562,147324928,1769650987287,20:43:07.287,42.3694986,-71.0196953,13.767,-24.99183057003102,0.99762195,1769648477969
563,147587072,1769650987638,20:43:07.638,42.3694986,-71.0196953,13.767,-24.99183057003102,0.99762195,1769648477969
564,147849216,1769650987993,20:43:07.993,42.3694986,-71.0196953,13.767,-24.99183057003102,0.99762195,1769648477969
565,148111360,1769650988342,20:43:08.342,42.3694986,-71.0196953,13.767,-24.99183057003102,0.99762195,1769648477969
566,148373504,1769650988723,20:43:08.723,42.3694986,-71.0196953,13.767,-24.99183057003102,0.99762195,1769648477969
567,148635648,1769650989074,20:43:09.074,42.3694986,-71.0196953,13.767,-24.99183057003102,0.99762195,1769648477969
568,148897792,1769650989463,20:43:09.463,42.3694986,-71.0196953,13.767,-24.99183057003102,0.99762195,1769648477969
569,149159936,1769650989867,20:43:09.867,42.3694986,-71.0196953,13.767,-24.99183057003102,0.99762195,1769648477969
570,149422080,1769650990259,20:43:10.259,42.3694986,-71.0196953,13.767,-24.99183057003102,0.99762195,1769648477969
571,149684224,1769650990741,20:43:10.741,42.3694986,-71.0196953,13.767,-24.99183057003102,0.99762195,1769648477969
572,149946368,1769650991238,20:43:11.238,42.3694986,-71.0196953,13.767,-24.99183057003102,0.99762195,1769648477969
573,150208512,1769650991676,20:43:11.676,42.3694986,-71.0196953,13.767,-24.99183057003102,0.99762195,1769648477969
574,150470656,1769650992167,20:43:12.167,42.3694986,-71.0196953,13.767,-24.99183057003102,0.99762195,1769648477969
575,150732800,1769650992689,20:43:12.689,42.3694986,-71.0196953,13.767,-24.99183057003102,0.99762195,1769648477969
576,150994944,1769650993270,20:43:13.270,42.3694986,-71.0196953,13.767,-24.99183057003102,0.99762195,1769648477969
577,151257088,1769650993744,20:43:13.744,42.3694986,-71.0196953,13.767,-24.99183057003102,0.99762195,1769648477969
578,151519232,1769650994172,20:43:14.172,42.3694986,-71.0196953,13.767,-24.99183057003102,0.99762195,1769648477969
579,151781376,1769650994675,20:43:14.675,42.3694986,-71.0196953,13.767,-24.99183057003102,0.99762195,1769648477969
580,152043520,1769650995040,20:43:15.040,42.3694986,-71.0196953,13.767,-24.99183057003102,0.99762195,1769648477969
581,152305664,1769650995482,20:43:15.482,42.3694986,-71.0196953,13.767,-24.99183057003102,0.99762195,1769648477969
582,152567808,1769650995929,20:43:15.929,42.3694986,-71.0196953,13.767,-24.99183057003102,0.99762195,1769648477969
583,152829952,1769650996420,20:43:16.420,42.3694986,-71.0196953,13.767,-24.99183057003102,0.99762195,1769648477969
584,153092096,1769650996877,20:43:16.877,42.3694986,-71.0196953,13.767,-24.99183057003102,0.99762195,1769648477969
585,153354240,1769650997281,20:43:17.281,42.3694986,-71.0196953,13.767,-24.99183057003102,0.99762195,1769648477969
586,153616384,1769650997764,20:43:17.764,42.3694986,-71.0196953,13.767,-24.99183057003102,0.99762195,1769648477969
587,153878528,1769650998178,20:43:18.178,42.3694986,-71.0196953,13.767,-24.99183057003102,0.99762195,1769648477969
588,154140672,1769650998641,20:43:18.641,42.3694986,-71.0196953,13.767,-24.99183057003102,0.99762195,1769648477969
589,154402816,1769650999159,20:43:19.159,42.3694986,-71.0196953,13.767,-24.99183057003102,0.99762195,1769648477969
590,154664960,1769650999752,20:43:19.752,42.3694986,-71.0196953,13.767,-24.99183057003102,0.99762195,1769648477969
591,154927104,1769651000228,20:43:20.228,42.3694986,-71.0196953,13.767,-24.99183057003102,0.99762195,1769648477969
592,155189248,1769651000678,20:43:20.678,42.3694986,-71.0196953,13.767,-24.99183057003102,0.99762195,1769648477969
593,155451392,1769651001214,20:43:21.214,42.3694986,-71.0196953,13.767,-24.99183057003102,0.99762195,1769648477969
594,155713536,1769651001756,20:43:21.756,42.3694986,-71.0196953,13.767,-24.99183057003102,0.99762195,1769648477969
595,155975680,1769651002317,20:43:22.317,42.3694986,-71.0196953,13.767,-24.99183057003102,0.99762195,1769648477969
596,156237824,1769651002725,20:43:22.725,42.3694986,-71.0196953,13.767,-24.99183057003102,0.99762195,1769648477969
597,156499968,1769651003216,20:43:23.216,42.3694986,-71.0196953,13.767,-24.99183057003102,0.99762195,1769648477969
598,156762112,1769651003693,20:43:23.693,42.3694986,-71.0196953,13.767,-24.99183057003102,0.99762195,1769648477969
599,157024256,1769651004183,20:43:24.183,42.3694986,-71.0196953,13.767,-24.99183057003102,0.99762195,1769648477969
600,157286400,1769651004832,20:43:24.832,42.3694986,-71.0196953,13.767,-24.99183057003102,0.99762195,1769648477969
601,157548544,1769651005216,20:43:25.216,42.3694986,-71.0196953,13.767,-24.99183057003102,0.99762195,1769648477969
602,157810688,1769651005724,20:43:25.724,42.3694986,-71.0196953,13.767,-24.99183057003102,0.99762195,1769648477969
603,158072832,1769651006213,20:43:26.213,42.3694986,-71.0196953,13.767,-24.99183057003102,0.99762195,1769648477969
604,158334976,1769651006699,20:43:26.699,42.3694986,-71.0196953,13.767,-24.99183057003102,0.99762195,1769648477969
605,158597120,1769651007093,20:43:27.093,42.3694986,-71.0196953,13.767,-24.99183057003102,0.99762195,1769648477969
606,158859264,1769651007421,20:43:27.421,42.3694986,-71.0196953,13.767,-24.99183057003102,0.99762195,1769648477969
607,159121408,1769651007802,20:43:27.802,42.3694986,-71.0196953,13.767,-24.99183057003102,0.99762195,1769648477969
608,159383552,1769651008155,20:43:28.155,42.3694986,-71.0196953,13.767,-24.99183057003102,0.99762195,1769648477969
609,159645696,1769651008577,20:43:28.577,42.3694986,-71.0196953,13.767,-24.99183057003102,0.99762195,1769648477969
610,159907840,1769651009012,20:43:29.012,42.3694986,-71.0196953,13.767,-24.99183057003102,0.99762195,1769648477969
611,160169984,1769651009406,20:43:29.406,42.3694986,-71.0196953,13.767,-24.99183057003102,0.99762195,1769648477969
612,160432128,1769651009797,20:43:29.797,42.3694986,-71.0196953,13.767,-24.99183057003102,0.99762195,1769648477969
613,160694272,1769651010209,20:43:30.209,42.3694986,-71.0196953,13.767,-24.99183057003102,0.99762195,1769648477969
614,160956416,1769651010649,20:43:30.649,42.3694986,-71.0196953,13.767,-24.99183057003102,0.99762195,1769648477969
615,161218560,1769651011093,20:43:31.093,42.3694986,-71.0196953,13.767,-24.99183057003102,0.99762195,1769648477969
616,161480704,1769651011440,20:43:31.440,42.3694986,-71.0196953,13.767,-24.99183057003102,0.99762195,1769648477969
617,161742848,1769651011792,20:43:31.792,42.3694986,-71.0196953,13.767,-24.99183057003102,0.99762195,1769648477969
618,162004992,1769651012143,20:43:32.143,42.3694986,-71.0196953,13.767,-24.99183057003102,0.99762195,1769648477969
619,162267136,1769651012492,20:43:32.492,42.3694986,-71.0196953,13.767,-24.99183057003102,0.99762195,1769648477969
620,162529280,1769651012913,20:43:32.913,42.3694986,-71.0196953,13.767,-24.99183057003102,0.99762195,1769648477969
621,162791424,1769651013296,20:43:33.296,42.3694986,-71.0196953,13.767,-24.99183057003102,0.99762195,1769648477969
622,163053568,1769651013720,20:43:33.720,42.3694986,-71.0196953,13.767,-24.99183057003102,0.99762195,1769648477969
623,163315712,1769651014211,20:43:34.211,42.3694986,-71.0196953,13.767,-24.99183057003102,0.99762195,1769648477969
624,163577856,1769651014724,20:43:34.724,42.3694986,-71.0196953,13.767,-24.99183057003102,0.99762195,1769648477969
625,163840000,1769651015204,20:43:35.204,42.3694986,-71.0196953,13.767,-24.99183057003102,0.99762195,1769648477969
626,164102144,1769651015809,20:43:35.809,42.3694986,-71.0196953,13.767,-24.99183057003102,0.99762195,1769648477969
627,164364288,1769651016357,20:43:36.357,42.3694986,-71.0196953,13.767,-24.99183057003102,0.99762195,1769648477969
628,164626432,1769651016878,20:43:36.878,42.3694986,-71.0196953,13.767,-24.99183057003102,0.99762195,1769648477969
629,164888576,1769651017315,20:43:37.315,42.3694986,-71.0196953,13.767,-24.99183057003102,0.99762195,1769648477969
630,165150720,1769651017775,20:43:37.775,42.3694986,-71.0196953,13.767,-24.99183057003102,0.99762195,1769648477969
631,165412864,1769651018210,20:43:38.210,42.3694986,-71.0196953,13.767,-24.99183057003102,0.99762195,1769648477969
632,165675008,1769651018560,20:43:38.560,42.3694986,-71.0196953,13.767,-24.99183057003102,0.99762195,1769648477969
633,165937152,1769651018914,20:43:38.914,42.3694986,-71.0196953,13.767,-24.99183057003102,0.99762195,1769648477969
634,166199296,1769651019266,20:43:39.266,42.3694986,-71.0196953,13.767,-24.99183057003102,0.99762195,1769648477969
635,166461440,1769651019614,20:43:39.614,42.3694986,-71.0196953,13.767,-24.99183057003102,0.99762195,1769648477969
636,166723584,1769651020015,20:43:40.015,42.3694986,-71.0196953,13.767,-24.99183057003102,0.99762195,1769648477969
637,166985728,1769651020471,20:43:40.471,42.3694986,-71.0196953,13.767,-24.99183057003102,0.99762195,1769648477969
638,167247872,1769651020826,20:43:40.826,42.3694986,-71.0196953,13.767,-24.99183057003102,0.99762195,1769648477969
639,167510016,1769651021265,20:43:41.265,42.3694986,-71.0196953,13.767,-24.99183057003102,0.99762195,1769648477969
640,167772160,1769651021764,20:43:41.764,42.3694986,-71.0196953,13.767,-24.99183057003102,0.99762195,1769648477969
641,168034304,1769651022187,20:43:42.187,42.3694986,-71.0196953,13.767,-24.99183057003102,0.99762195,1769648477969
642,168296448,1769651022650,20:43:42.650,42.3694986,-71.0196953,13.767,-24.99183057003102,0.99762195,1769648477969
643,168558592,1769651023028,20:43:43.028,42.3694986,-71.0196953,13.767,-24.99183057003102,0.99762195,1769648477969
644,168820736,1769651023540,20:43:43.540,42.3694986,-71.0196953,13.767,-24.99183057003102,0.99762195,1769648477969
645,169082880,1769651024064,20:43:44.064,42.3694986,-71.0196953,13.767,-24.99183057003102,0.99762195,1769648477969
646,169345024,1769651024548,20:43:44.548,42.3694986,-71.0196953,13.767,-24.99183057003102,0.99762195,1769648477969
647,169607168,1769651024994,20:43:44.994,42.3694986,-71.0196953,13.767,-24.99183057003102,0.99762195,1769648477969
648,169869312,1769651025506,20:43:45.506,42.3694986,-71.0196953,13.767,-24.99183057003102,0.99762195,1769648477969
649,170131456,1769651025993,20:43:45.993,42.3694986,-71.0196953,13.767,-24.99183057003102,0.99762195,1769648477969
650,170393600,1769651026672,20:43:46.672,42.3694986,-71.0196953,13.767,-24.99183057003102,0.99762195,1769648477969
651,170655744,1769651027212,20:43:47.212,42.3694986,-71.0196953,13.767,-24.99183057003102,0.99762195,1769648477969
652,170917888,1769651027663,20:43:47.663,42.3694986,-71.0196953,13.767,-24.99183057003102,0.99762195,1769648477969
653,171180032,1769651028059,20:43:48.059,42.3694986,-71.0196953,13.767,-24.99183057003102,0.99762195,1769648477969
654,171442176,1769651028476,20:43:48.476,42.3694986,-71.0196953,13.767,-24.99183057003102,0.99762195,1769648477969
655,171704320,1769651028860,20:43:48.860,42.3694986,-71.0196953,13.767,-24.99183057003102,0.99762195,1769648477969
656,171966464,1769651029211,20:43:49.211,42.3694986,-71.0196953,13.767,-24.99183057003102,0.99762195,1769648477969
657,172228608,1769651029532,20:43:49.532,42.3694986,-71.0196953,13.767,-24.99183057003102,0.99762195,1769648477969
658,172490752,1769651029880,20:43:49.880,42.3694986,-71.0196953,13.767,-24.99183057003102,0.99762195,1769648477969
659,172752896,1769651030233,20:43:50.233,42.3694986,-71.0196953,13.767,-24.99183057003102,0.99762195,1769648477969
660,173015040,1769651030587,20:43:50.587,42.3694986,-71.0196953,13.767,-24.99183057003102,0.99762195,1769648477969
661,173277184,1769651030919,20:43:50.919,42.3694986,-71.0196953,13.767,-24.99183057003102,0.99762195,1769648477969
662,173539328,1769651031227,20:43:51.227,42.3694986,-71.0196953,13.767,-24.99183057003102,0.99762195,1769648477969
663,173801472,1769651031546,20:43:51.546,42.3694986,-71.0196953,13.767,-24.99183057003102,0.99762195,1769648477969
664,174063616,1769651032035,20:43:52.035,42.3694986,-71.0196953,13.767,-24.99183057003102,0.99762195,1769648477969
665,174325760,1769651032613,20:43:52.613,42.3694986,-71.0196953,13.767,-24.99183057003102,0.99762195,1769648477969
666,174587904,1769651033047,20:43:53.047,42.3694986,-71.0196953,13.767,-24.99183057003102,0.99762195,1769648477969
667,174850048,1769651033504,20:43:53.504,42.3694986,-71.0196953,13.767,-24.99183057003102,0.99762195,1769648477969
668,175112192,1769651033910,20:43:53.910,42.3694986,-71.0196953,13.767,-24.99183057003102,0.99762195,1769648477969
669,175374336,1769651034311,20:43:54.311,42.3694986,-71.0196953,13.767,-24.99183057003102,0.99762195,1769648477969
670,175636480,1769651034618,20:43:54.618,42.3694986,-71.0196953,13.767,-24.99183057003102,0.99762195,1769648477969
671,175898624,1769651034994,20:43:54.994,42.3694986,-71.0196953,13.767,-24.99183057003102,0.99762195,1769648477969
672,176160768,1769651035344,20:43:55.344,42.3694986,-71.0196953,13.767,-24.99183057003102,0.99762195,1769648477969
673,176422912,1769651035777,20:43:55.777,42.3694986,-71.0196953,13.767,-24.99183057003102,0.99762195,1769648477969
674,176685056,1769651036123,20:43:56.123,42.3694986,-71.0196953,13.767,-24.99183057003102,0.99762195,1769648477969
675,176947200,1769651036459,20:43:56.459,42.3694986,-71.0196953,13.767,-24.99183057003102,0.99762195,1769648477969
676,177209344,1769651036832,20:43:56.832,42.3694986,-71.0196953,13.767,-24.99183057003102,0.99762195,1769648477969
677,177471488,1769651037315,20:43:57.315,42.3694986,-71.0196953,13.767,-24.99183057003102,0.99762195,1769648477969
678,177733632,1769651037826,20:43:57.826,42.3694986,-71.0196953,13.767,-24.99183057003102,0.99762195,1769648477969
679,177995776,1769651038327,20:43:58.327,42.3694986,-71.0196953,13.767,-24.99183057003102,0.99762195,1769648477969
680,178257920,1769651038766,20:43:58.766,42.3694986,-71.0196953,13.767,-24.99183057003102,0.99762195,1769648477969
681,178520064,1769651039269,20:43:59.269,42.3694986,-71.0196953,13.767,-24.99183057003102,0.99762195,1769648477969
682,178782208,1769651039769,20:43:59.769,42.3694986,-71.0196953,13.767,-24.99183057003102,0.99762195,1769648477969
683,179044352,1769651040299,20:44:00.299,42.3694986,-71.0196953,13.767,-24.99183057003102,0.99762195,1769648477969
684,179306496,1769651040894,20:44:00.894,42.3694986,-71.0196953,13.767,-24.99183057003102,0.99762195,1769648477969
685,179568640,1769651041406,20:44:01.406,42.3694986,-71.0196953,13.767,-24.99183057003102,0.99762195,1769648477969
686,179830784,1769651041829,20:44:01.829,42.3694986,-71.0196953,13.767,-24.99183057003102,0.99762195,1769648477969
687,180092928,1769651042265,20:44:02.265,42.3694986,-71.0196953,13.767,-24.99183057003102,0.99762195,1769648477969
688,180355072,1769651042690,20:44:02.690,42.3694986,-71.0196953,13.767,-24.99183057003102,0.99762195,1769648477969
689,180617216,1769651043188,20:44:03.188,42.3694986,-71.0196953,13.767,-24.99183057003102,0.99762195,1769648477969
690,180879360,1769651043633,20:44:03.633,42.3694986,-71.0196953,13.767,-24.99183057003102,0.99762195,1769648477969
691,181141504,1769651044113,20:44:04.113,42.3694986,-71.0196953,13.767,-24.99183057003102,0.99762195,1769648477969
692,181403648,1769651044676,20:44:04.676,42.3694986,-71.0196953,13.767,-24.99183057003102,0.99762195,1769648477969
693,181665792,1769651045142,20:44:05.142,42.3694986,-71.0196953,13.767,-24.99183057003102,0.99762195,1769648477969
694,181927936,1769651045545,20:44:05.545,42.3694986,-71.0196953,13.767,-24.99183057003102,0.99762195,1769648477969
695,182190080,1769651046132,20:44:06.132,42.3694986,-71.0196953,13.767,-24.99183057003102,0.99762195,1769648477969
696,182452224,1769651046668,20:44:06.668,42.3694986,-71.0196953,13.767,-24.99183057003102,0.99762195,1769648477969
697,182714368,1769651047278,20:44:07.278,42.3694986,-71.0196953,13.767,-24.99183057003102,0.99762195,1769648477969
698,182976512,1769651047752,20:44:07.752,42.3694986,-71.0196953,13.767,-24.99183057003102,0.99762195,1769648477969
699,183238656,1769651048192,20:44:08.192,42.3694986,-71.0196953,13.767,-24.99183057003102,0.99762195,1769648477969
700,183500800,1769651048715,20:44:08.715,42.3694986,-71.0196953,13.767,-24.99183057003102,0.99762195,1769648477969
701,183762944,1769651049073,20:44:09.073,42.3694986,-71.0196953,13.767,-24.99183057003102,0.99762195,1769648477969
702,184025088,1769651049596,20:44:09.596,42.3694986,-71.0196953,13.767,-24.99183057003102,0.99762195,1769648477969
703,184287232,1769651050117,20:44:10.117,42.3694986,-71.0196953,13.767,-24.99183057003102,0.99762195,1769648477969
704,184549376,1769651050554,20:44:10.554,42.3694986,-71.0196953,13.767,-24.99183057003102,0.99762195,1769648477969
705,184811520,1769651050984,20:44:10.984,42.3694986,-71.0196953,13.767,-24.99183057003102,0.99762195,1769648477969
706,185073664,1769651051492,20:44:11.492,42.3694986,-71.0196953,13.767,-24.99183057003102,0.99762195,1769648477969
707,185335808,1769651051942,20:44:11.942,42.3694986,-71.0196953,13.767,-24.99183057003102,0.99762195,1769648477969
708,185597952,1769651052364,20:44:12.364,42.3694986,-71.0196953,13.767,-24.99183057003102,0.99762195,1769648477969
709,185860096,1769651052768,20:44:12.768,42.3694986,-71.0196953,13.767,-24.99183057003102,0.99762195,1769648477969
710,186122240,1769651053071,20:44:13.071,42.3694986,-71.0196953,13.767,-24.99183057003102,0.99762195,1769648477969
711,186384384,1769651053472,20:44:13.472,42.3694986,-71.0196953,13.767,-24.99183057003102,0.99762195,1769648477969
712,186646528,1769651053814,20:44:13.814,42.3694986,-71.0196953,13.767,-24.99183057003102,0.99762195,1769648477969
713,186908672,1769651054187,20:44:14.187,42.3694986,-71.0196953,13.767,-24.99183057003102,0.99762195,1769648477969
714,187170816,1769651054545,20:44:14.545,42.3694986,-71.0196953,13.767,-24.99183057003102,0.99762195,1769648477969
715,187432960,1769651054973,20:44:14.973,42.3694986,-71.0196953,13.767,-24.99183057003102,0.99762195,1769648477969
716,187695104,1769651055449,20:44:15.449,42.3694986,-71.0196953,13.767,-24.99183057003102,0.99762195,1769648477969
717,187957248,1769651056044,20:44:16.044,42.3694986,-71.0196953,13.767,-24.99183057003102,0.99762195,1769648477969
718,188219392,1769651056441,20:44:16.441,42.3694986,-71.0196953,13.767,-24.99183057003102,0.99762195,1769648477969
719,188481536,1769651056835,20:44:16.835,42.3694986,-71.0196953,13.767,-24.99183057003102,0.99762195,1769648477969
720,188743680,1769651057238,20:44:17.238,42.3694986,-71.0196953,13.767,-24.99183057003102,0.99762195,1769648477969
721,189005824,1769651057604,20:44:17.604,42.3694986,-71.0196953,13.767,-24.99183057003102,0.99762195,1769648477969
722,189267968,1769651058005,20:44:18.005,42.3694986,-71.0196953,13.767,-24.99183057003102,0.99762195,1769648477969
723,189530112,1769651058330,20:44:18.330,42.3694986,-71.0196953,13.767,-24.99183057003102,0.99762195,1769648477969
724,189792256,1769651058681,20:44:18.681,42.3694986,-71.0196953,13.767,-24.99183057003102,0.99762195,1769648477969
725,190054400,1769651059099,20:44:19.099,42.3694986,-71.0196953,13.767,-24.99183057003102,0.99762195,1769648477969
726,190316544,1769651059717,20:44:19.717,42.3694986,-71.0196953,13.767,-24.99183057003102,0.99762195,1769648477969
727,190578688,1769651060180,20:44:20.180,42.3481266,-71.0703005,70.125,-17.799999237060547,0.0,1769651059754
728,190840832,1769651060635,20:44:20.635,42.3481266,-71.0703005,70.125,-17.799999237060547,0.0,1769651059754
729,191102976,1769651061015,20:44:21.015,42.3481266,-71.0703005,70.125,-17.799999237060547,0.0,1769651059754
730,191365120,1769651061318,20:44:21.318,42.3481266,-71.0703005,70.125,-17.799999237060547,0.0,1769651059754
731,191627264,1769651061769,20:44:21.769,42.3481266,-71.0703005,70.125,-17.799999237060547,0.0,1769651059754
732,191889408,1769651062174,20:44:22.174,42.3481266,-71.0703005,70.125,-17.799999237060547,0.0,1769651059754
733,192151552,1769651062683,20:44:22.683,42.3481266,-71.0703005,70.125,-17.799999237060547,0.0,1769651059754
734,192413696,1769651063109,20:44:23.109,42.3481266,-71.0703005,70.125,-17.799999237060547,0.0,1769651059754
735,192675840,1769651063551,20:44:23.551,42.3481266,-71.0703005,70.125,-17.799999237060547,0.0,1769651059754
736,192937984,1769651064243,20:44:24.243,42.3481266,-71.0703005,70.125,-17.799999237060547,0.0,1769651059754
737,193200128,1769651064692,20:44:24.692,42.3481266,-71.0703005,70.125,-17.799999237060547,0.0,1769651059754
738,193462272,1769651065026,20:44:25.026,42.3481266,-71.0703005,70.125,-17.799999237060547,0.0,1769651059754
739,193724416,1769651065520,20:44:25.520,42.3481266,-71.0703005,70.125,-17.799999237060547,0.0,1769651059754
740,193986560,1769651065927,20:44:25.927,42.3481266,-71.0703005,70.125,-17.799999237060547,0.0,1769651059754
741,194248704,1769651066391,20:44:26.391,42.3481266,-71.0703005,70.125,-17.799999237060547,0.0,1769651059754
742,194510848,1769651066799,20:44:26.799,42.3479432,-71.0713171,28.771,-20.399999618530273,0.0,1769651066405
743,194772992,1769651067226,20:44:27.226,42.3479432,-71.0713171,28.771,-20.399999618530273,0.0,1769651066405
744,195035136,1769651067576,20:44:27.576,42.3479432,-71.0713171,28.771,-20.399999618530273,0.0,1769651066405
745,195297280,1769651068069,20:44:28.069,42.3479432,-71.0713171,28.771,-20.399999618530273,0.0,1769651066405
746,195559424,1769651068565,20:44:28.565,42.3479432,-71.0713171,28.771,-20.399999618530273,0.0,1769651066405
747,195821568,1769651069096,20:44:29.096,42.3479432,-71.0713171,28.771,-20.399999618530273,0.0,1769651066405
748,196083712,1769651069511,20:44:29.511,42.3479432,-71.0713171,28.771,-20.399999618530273,0.0,1769651066405
749,196345856,1769651070081,20:44:30.081,42.3479432,-71.0713171,28.771,-20.399999618530273,0.0,1769651066405
750,196608000,1769651070536,20:44:30.536,42.3479432,-71.0713171,28.771,-20.399999618530273,0.0,1769651066405
751,196870144,1769651071218,20:44:31.218,42.3479432,-71.0713171,28.771,-20.399999618530273,0.0,1769651066405
752,197132288,1769651071697,20:44:31.697,42.3479432,-71.0713171,28.771,-20.399999618530273,0.0,1769651066405
753,197394432,1769651072167,20:44:32.167,42.3479432,-71.0713171,28.771,-20.399999618530273,0.0,1769651066405
754,197656576,1769651072652,20:44:32.652,42.3479432,-71.0713171,28.771,-20.399999618530273,0.0,1769651066405
755,197918720,1769651073027,20:44:33.027,42.3479432,-71.0713171,28.771,-20.399999618530273,0.0,1769651066405
756,198180864,1769651073470,20:44:33.470,42.3479432,-71.0713171,28.771,-20.399999618530273,0.0,1769651066405
757,198443008,1769651074002,20:44:34.002,42.3479432,-71.0713171,28.771,-20.399999618530273,0.0,1769651066405
758,198705152,1769651074497,20:44:34.497,42.3479432,-71.0713171,28.771,-20.399999618530273,0.0,1769651066405
759,198967296,1769651075092,20:44:35.092,42.3479432,-71.0713171,28.771,-20.399999618530273,0.0,1769651066405
760,199229440,1769651075720,20:44:35.720,42.3479432,-71.0713171,28.771,-20.399999618530273,0.0,1769651066405
761,199491584,1769651076190,20:44:36.190,42.3479432,-71.0713171,28.771,-20.399999618530273,0.0,1769651066405
762,199753728,1769651076721,20:44:36.721,42.3479432,-71.0713171,28.771,-20.399999618530273,0.0,1769651066405
763,200015872,1769651077205,20:44:37.205,42.3479432,-71.0713171,28.771,-20.399999618530273,0.0,1769651066405
764,200278016,1769651077636,20:44:37.636,42.3479432,-71.0713171,28.771,-20.399999618530273,0.0,1769651066405
765,200540160,1769651078086,20:44:38.086,42.3479432,-71.0713171,28.771,-20.399999618530273,0.0,1769651066405
766,200802304,1769651078482,20:44:38.482,42.3479432,-71.0713171,28.771,-20.399999618530273,0.0,1769651066405
767,201064448,1769651078834,20:44:38.834,42.3479432,-71.0713171,28.771,-20.399999618530273,0.0,1769651066405
768,201326592,1769651079249,20:44:39.249,42.3479432,-71.0713171,28.771,-20.399999618530273,0.0,1769651066405
769,201588736,1769651079723,20:44:39.723,42.3479432,-71.0713171,28.771,-20.399999618530273,0.0,1769651066405
770,201850880,1769651080142,20:44:40.142,42.3479432,-71.0713171,28.771,-20.399999618530273,0.0,1769651066405
771,202113024,1769651080623,20:44:40.623,42.3479432,-71.0713171,28.771,-20.399999618530273,0.0,1769651066405
772,202375168,1769651081142,20:44:41.142,42.3479432,-71.0713171,28.771,-20.399999618530273,0.0,1769651066405
773,202637312,1769651081607,20:44:41.607,42.3479432,-71.0713171,28.771,-20.399999618530273,0.0,1769651066405
774,202899456,1769651082150,20:44:42.150,42.3479432,-71.0713171,28.771,-20.399999618530273,0.0,1769651066405
775,203161600,1769651082749,20:44:42.749,42.3479432,-71.0713171,28.771,-20.399999618530273,0.0,1769651066405
776,203423744,1769651083387,20:44:43.387,42.3479432,-71.0713171,28.771,-20.399999618530273,0.0,1769651066405
777,203685888,1769651083858,20:44:43.858,42.3479432,-71.0713171,28.771,-20.399999618530273,0.0,1769651066405
778,203948032,1769651084422,20:44:44.422,42.3479432,-71.0713171,28.771,-20.399999618530273,0.0,1769651066405
779,204210176,1769651085072,20:44:45.072,42.3479432,-71.0713171,28.771,-20.399999618530273,0.0,1769651066405
780,204472320,1769651085525,20:44:45.525,42.3479432,-71.0713171,28.771,-20.399999618530273,0.0,1769651066405
781,204734464,1769651085992,20:44:45.992,42.3479432,-71.0713171,28.771,-20.399999618530273,0.0,1769651066405
782,204996608,1769651086473,20:44:46.473,42.3479432,-71.0713171,28.771,-20.399999618530273,0.0,1769651066405
783,205258752,1769651087018,20:44:47.018,42.3479432,-71.0713171,28.771,-20.399999618530273,0.0,1769651066405
784,205520896,1769651087418,20:44:47.418,42.3479432,-71.0713171,28.771,-20.399999618530273,0.0,1769651066405
785,205783040,1769651088004,20:44:48.004,42.3479432,-71.0713171,28.771,-20.399999618530273,0.0,1769651066405
786,206045184,1769651088421,20:44:48.421,42.3479432,-71.0713171,28.771,-20.399999618530273,0.0,1769651066405
787,206307328,1769651088974,20:44:48.974,42.3479432,-71.0713171,28.771,-20.399999618530273,0.0,1769651066405
788,206569472,1769651089550,20:44:49.550,42.3479432,-71.0713171,28.771,-20.399999618530273,0.0,1769651066405
789,206831616,1769651090011,20:44:50.011,42.3479432,-71.0713171,28.771,-20.399999618530273,0.0,1769651066405
790,207093760,1769651090405,20:44:50.405,42.3479432,-71.0713171,28.771,-20.399999618530273,0.0,1769651066405
791,207355904,1769651090878,20:44:50.878,42.3479432,-71.0713171,28.771,-20.399999618530273,0.0,1769651066405
792,207618048,1769651091401,20:44:51.401,42.3479432,-71.0713171,28.771,-20.399999618530273,0.0,1769651066405
793,207880192,1769651091892,20:44:51.892,42.3479432,-71.0713171,28.771,-20.399999618530273,0.0,1769651066405
794,208142336,1769651092452,20:44:52.452,42.3479432,-71.0713171,28.771,-20.399999618530273,0.0,1769651066405
795,208404480,1769651093034,20:44:53.034,42.3479432,-71.0713171,28.771,-20.399999618530273,0.0,1769651066405
796,208666624,1769651093544,20:44:53.544,42.3479432,-71.0713171,28.771,-20.399999618530273,0.0,1769651066405
797,208928768,1769651094022,20:44:54.022,42.3479432,-71.0713171,28.771,-20.399999618530273,0.0,1769651066405
798,209190912,1769651094427,20:44:54.427,42.3479432,-71.0713171,28.771,-20.399999618530273,0.0,1769651066405
799,209453056,1769651094924,20:44:54.924,42.3479432,-71.0713171,28.771,-20.399999618530273,0.0,1769651066405
800,209715200,1769651095342,20:44:55.342,42.3479432,-71.0713171,28.771,-20.399999618530273,0.0,1769651066405
801,209977344,1769651095822,20:44:55.822,42.3479432,-71.0713171,28.771,-20.399999618530273,0.0,1769651066405
802,210239488,1769651096226,20:44:56.226,42.3479432,-71.0713171,28.771,-20.399999618530273,0.0,1769651066405
803,210501632,1769651096672,20:44:56.672,42.3479432,-71.0713171,28.771,-20.399999618530273,0.0,1769651066405
804,210763776,1769651097160,20:44:57.160,42.3479432,-71.0713171,28.771,-20.399999618530273,0.0,1769651066405
805,211025920,1769651097562,20:44:57.562,42.3479432,-71.0713171,28.771,-20.399999618530273,0.0,1769651066405
806,211288064,1769651098027,20:44:58.027,42.3479432,-71.0713171,28.771,-20.399999618530273,0.0,1769651066405
807,211550208,1769651098405,20:44:58.405,42.3479432,-71.0713171,28.771,-20.399999618530273,0.0,1769651066405
808,211812352,1769651098805,20:44:58.805,42.3479432,-71.0713171,28.771,-20.399999618530273,0.0,1769651066405
809,212074496,1769651099154,20:44:59.154,42.3479432,-71.0713171,28.771,-20.399999618530273,0.0,1769651066405
810,212336640,1769651099521,20:44:59.521,42.3479432,-71.0713171,28.771,-20.399999618530273,0.0,1769651066405
811,212598784,1769651099923,20:44:59.923,42.3479432,-71.0713171,28.771,-20.399999618530273,0.0,1769651066405
812,212860928,1769651100301,20:45:00.301,42.3479432,-71.0713171,28.771,-20.399999618530273,0.0,1769651066405
813,213123072,1769651100735,20:45:00.735,42.3479432,-71.0713171,28.771,-20.399999618530273,0.0,1769651066405
814,213385216,1769651101121,20:45:01.121,42.3479432,-71.0713171,28.771,-20.399999618530273,0.0,1769651066405
815,213647360,1769651101567,20:45:01.567,42.3479432,-71.0713171,28.771,-20.399999618530273,0.0,1769651066405
816,213909504,1769651102051,20:45:02.051,42.3479432,-71.0713171,28.771,-20.399999618530273,0.0,1769651066405
817,214171648,1769651102482,20:45:02.482,42.3479432,-71.0713171,28.771,-20.399999618530273,0.0,1769651066405
818,214433792,1769651102884,20:45:02.884,42.3479432,-71.0713171,28.771,-20.399999618530273,0.0,1769651066405
819,214695936,1769651103273,20:45:03.273,42.3479432,-71.0713171,28.771,-20.399999618530273,0.0,1769651066405
820,214958080,1769651103654,20:45:03.654,42.3479432,-71.0713171,28.771,-20.399999618530273,0.0,1769651066405
821,215220224,1769651104049,20:45:04.049,42.3479432,-71.0713171,28.771,-20.399999618530273,0.0,1769651066405
822,215482368,1769651104469,20:45:04.469,42.3479432,-71.0713171,28.771,-20.399999618530273,0.0,1769651066405
823,215744512,1769651104831,20:45:04.831,42.3479432,-71.0713171,28.771,-20.399999618530273,0.0,1769651066405
824,216006656,1769651105250,20:45:05.250,42.3479432,-71.0713171,28.771,-20.399999618530273,0.0,1769651066405
825,216268800,1769651105599,20:45:05.599,42.3479432,-71.0713171,28.771,-20.399999618530273,0.0,1769651066405
826,216530944,1769651105968,20:45:05.968,42.3479432,-71.0713171,28.771,-20.399999618530273,0.0,1769651066405
827,216793088,1769651106391,20:45:06.391,42.3479432,-71.0713171,28.771,-20.399999618530273,0.0,1769651066405
828,217055232,1769651106767,20:45:06.767,42.3478526,-71.0822628,48.9,-20.399999618530273,0.0,1769651106575
829,217317376,1769651107187,20:45:07.187,42.3478526,-71.0822628,48.9,-20.399999618530273,0.0,1769651106575
830,217579520,1769651107687,20:45:07.687,42.3478526,-71.0822628,48.9,-20.399999618530273,0.0,1769651106575
831,217841664,1769651108191,20:45:08.191,42.3478526,-71.0822628,48.9,-20.399999618530273,0.0,1769651106575
832,218103808,1769651108636,20:45:08.636,42.3478526,-71.0822628,48.9,-20.399999618530273,0.0,1769651106575
833,218365952,1769651109090,20:45:09.090,42.3478526,-71.0822628,48.9,-20.399999618530273,0.0,1769651106575
834,218628096,1769651109537,20:45:09.537,42.3478526,-71.0822628,48.9,-20.399999618530273,0.0,1769651106575
835,218890240,1769651110005,20:45:10.005,42.3478526,-71.0822628,48.9,-20.399999618530273,0.0,1769651106575
836,219152384,1769651110367,20:45:10.367,42.3478526,-71.0822628,48.9,-20.399999618530273,0.0,1769651106575
837,219414528,1769651110894,20:45:10.894,42.3478526,-71.0822628,48.9,-20.399999618530273,0.0,1769651106575
838,219676672,1769651111362,20:45:11.362,42.3478526,-71.0822628,48.9,-20.399999618530273,0.0,1769651106575
839,219938816,1769651111748,20:45:11.748,42.3478526,-71.0822628,48.9,-20.399999618530273,0.0,1769651106575
840,220200960,1769651112161,20:45:12.161,42.3478526,-71.0822628,48.9,-20.399999618530273,0.0,1769651106575
841,220463104,1769651112566,20:45:12.566,42.3478526,-71.0822628,48.9,-20.399999618530273,0.0,1769651106575
842,220725248,1769651112968,20:45:12.968,42.3478526,-71.0822628,48.9,-20.399999618530273,0.0,1769651106575
843,220987392,1769651113380,20:45:13.380,42.3478526,-71.0822628,48.9,-20.399999618530273,0.0,1769651106575
844,221249536,1769651113939,20:45:13.939,42.3478526,-71.0822628,48.9,-20.399999618530273,0.0,1769651106575
845,221511680,1769651114347,20:45:14.347,42.3478526,-71.0822628,48.9,-20.399999618530273,0.0,1769651106575
846,221773824,1769651114831,20:45:14.831,42.3478526,-71.0822628,48.9,-20.399999618530273,0.0,1769651106575
847,222035968,1769651115323,20:45:15.323,42.3478526,-71.0822628,48.9,-20.399999618530273,0.0,1769651106575
848,222298112,1769651115822,20:45:15.822,42.3478526,-71.0822628,48.9,-20.399999618530273,0.0,1769651106575
849,222560256,1769651116288,20:45:16.288,42.3478526,-71.0822628,48.9,-20.399999618530273,0.0,1769651106575
850,222822400,1769651116842,20:45:16.842,42.3478526,-71.0822628,48.9,-20.399999618530273,0.0,1769651106575
851,223084544,1769651117367,20:45:17.367,42.3478526,-71.0822628,48.9,-20.399999618530273,0.0,1769651106575
852,223346688,1769651117788,20:45:17.788,42.3478526,-71.0822628,48.9,-20.399999618530273,0.0,1769651106575
853,223608832,1769651118178,20:45:18.178,42.3478526,-71.0822628,48.9,-20.399999618530273,0.0,1769651106575
854,223870976,1769651118617,20:45:18.617,42.3478526,-71.0822628,48.9,-20.399999618530273,0.0,1769651106575
855,224133120,1769651119051,20:45:19.051,42.3478526,-71.0822628,48.9,-20.399999618530273,0.0,1769651106575
856,224395264,1769651119526,20:45:19.526,42.3478526,-71.0822628,48.9,-20.399999618530273,0.0,1769651106575
857,224657408,1769651119921,20:45:19.921,42.3478526,-71.0822628,48.9,-20.399999618530273,0.0,1769651106575
858,224919552,1769651120319,20:45:20.319,42.3478526,-71.0822628,48.9,-20.399999618530273,0.0,1769651106575
859,225181696,1769651120833,20:45:20.833,42.3478526,-71.0822628,48.9,-20.399999618530273,0.0,1769651106575
860,225443840,1769651121321,20:45:21.321,42.3478526,-71.0822628,48.9,-20.399999618530273,0.0,1769651106575
861,225705984,1769651121844,20:45:21.844,42.3478526,-71.0822628,48.9,-20.399999618530273,0.0,1769651106575
862,225968128,1769651122239,20:45:22.239,42.3478526,-71.0822628,48.9,-20.399999618530273,0.0,1769651106575
863,226230272,1769651122827,20:45:22.827,42.3478526,-71.0822628,48.9,-20.399999618530273,0.0,1769651106575
864,226492416,1769651123278,20:45:23.278,42.3478526,-71.0822628,48.9,-20.399999618530273,0.0,1769651106575
865,226754560,1769651123692,20:45:23.692,42.3478526,-71.0822628,48.9,-20.399999618530273,0.0,1769651106575
866,227016704,1769651124096,20:45:24.096,42.3478526,-71.0822628,48.9,-20.399999618530273,0.0,1769651106575
867,227278848,1769651124520,20:45:24.520,42.3478526,-71.0822628,48.9,-20.399999618530273,0.0,1769651106575
868,227540992,1769651125040,20:45:25.040,42.3478526,-71.0822628,48.9,-20.399999618530273,0.0,1769651106575
869,227803136,1769651125448,20:45:25.448,42.3478526,-71.0822628,48.9,-20.399999618530273,0.0,1769651106575
870,228065280,1769651125805,20:45:25.805,42.3478526,-71.0822628,48.9,-20.399999618530273,0.0,1769651106575
871,228327424,1769651126307,20:45:26.307,42.3478526,-71.0822628,48.9,-20.399999618530273,0.0,1769651106575
872,228589568,1769651126822,20:45:26.822,42.3478526,-71.0822628,48.9,-20.399999618530273,0.0,1769651106575
873,228851712,1769651127383,20:45:27.383,42.3478526,-71.0822628,48.9,-20.399999618530273,0.0,1769651106575
874,229113856,1769651127837,20:45:27.837,42.3478526,-71.0822628,48.9,-20.399999618530273,0.0,1769651106575
875,229376000,1769651128278,20:45:28.278,42.3478526,-71.0822628,48.9,-20.399999618530273,0.0,1769651106575
876,229638144,1769651128751,20:45:28.751,42.3478526,-71.0822628,48.9,-20.399999618530273,0.0,1769651106575
877,229900288,1769651129145,20:45:29.145,42.3478526,-71.0822628,48.9,-20.399999618530273,0.0,1769651106575
878,230162432,1769651129695,20:45:29.695,42.3478526,-71.0822628,48.9,-20.399999618530273,0.0,1769651106575
879,230424576,1769651130210,20:45:30.210,42.3478526,-71.0822628,48.9,-20.399999618530273,0.0,1769651106575
880,230686720,1769651130702,20:45:30.702,42.3478526,-71.0822628,48.9,-20.399999618530273,0.0,1769651106575
881,230948864,1769651131207,20:45:31.207,42.3478526,-71.0822628,48.9,-20.399999618530273,0.0,1769651106575
882,231211008,1769651131556,20:45:31.556,42.3478526,-71.0822628,48.9,-20.399999618530273,0.0,1769651106575
883,231473152,1769651131906,20:45:31.906,42.3478526,-71.0822628,48.9,-20.399999618530273,0.0,1769651106575
884,231735296,1769651132256,20:45:32.256,42.3478526,-71.0822628,48.9,-20.399999618530273,0.0,1769651106575
885,231997440,1769651132613,20:45:32.613,42.3478526,-71.0822628,48.9,-20.399999618530273,0.0,1769651106575
886,232259584,1769651132961,20:45:32.961,42.3478526,-71.0822628,48.9,-20.399999618530273,0.0,1769651106575
887,232521728,1769651133332,20:45:33.332,42.3478526,-71.0822628,48.9,-20.399999618530273,0.0,1769651106575
888,232783872,1769651133716,20:45:33.716,42.3478526,-71.0822628,48.9,-20.399999618530273,0.0,1769651106575
889,233046016,1769651134051,20:45:34.051,42.3478526,-71.0822628,48.9,-20.399999618530273,0.0,1769651106575
890,233308160,1769651134400,20:45:34.400,42.3478526,-71.0822628,48.9,-20.399999618530273,0.0,1769651106575
891,233570304,1769651134755,20:45:34.755,42.3478526,-71.0822628,48.9,-20.399999618530273,0.0,1769651106575
892,233832448,1769651135104,20:45:35.104,42.3478526,-71.0822628,48.9,-20.399999618530273,0.0,1769651106575
893,234094592,1769651135555,20:45:35.555,42.3478526,-71.0822628,48.9,-20.399999618530273,0.0,1769651106575
894,234356736,1769651136117,20:45:36.117,42.3478526,-71.0822628,48.9,-20.399999618530273,0.0,1769651106575
895,234618880,1769651136596,20:45:36.596,42.3478526,-71.0822628,48.9,-20.399999618530273,0.0,1769651106575
896,234881024,1769651137110,20:45:37.110,42.3478526,-71.0822628,48.9,-20.399999618530273,0.0,1769651106575
897,235143168,1769651137675,20:45:37.675,42.3478526,-71.0822628,48.9,-20.399999618530273,0.0,1769651106575
898,235405312,1769651138142,20:45:38.142,42.3478526,-71.0822628,48.9,-20.399999618530273,0.0,1769651106575
899,235667456,1769651138617,20:45:38.617,42.3478526,-71.0822628,48.9,-20.399999618530273,0.0,1769651106575
900,235929600,1769651138973,20:45:38.973,42.3478526,-71.0822628,48.9,-20.399999618530273,0.0,1769651106575
901,236191744,1769651139319,20:45:39.319,42.3478526,-71.0822628,48.9,-20.399999618530273,0.0,1769651106575
902,236453888,1769651139669,20:45:39.669,42.3478526,-71.0822628,48.9,-20.399999618530273,0.0,1769651106575
903,236716032,1769651140024,20:45:40.024,42.3478526,-71.0822628,48.9,-20.399999618530273,0.0,1769651106575
904,236978176,1769651140400,20:45:40.400,42.3478526,-71.0822628,48.9,-20.399999618530273,0.0,1769651106575
905,237240320,1769651140909,20:45:40.909,42.3478526,-71.0822628,48.9,-20.399999618530273,0.0,1769651106575
906,237502464,1769651141303,20:45:41.303,42.3478526,-71.0822628,48.9,-20.399999618530273,0.0,1769651106575
907,237764608,1769651141781,20:45:41.781,42.3478526,-71.0822628,48.9,-20.399999618530273,0.0,1769651106575
908,238026752,1769651142282,20:45:42.282,42.3478526,-71.0822628,48.9,-20.399999618530273,0.0,1769651106575
909,238288896,1769651142929,20:45:42.929,42.3478526,-71.0822628,48.9,-20.399999618530273,0.0,1769651106575
910,238551040,1769651143337,20:45:43.337,42.3478526,-71.0822628,48.9,-20.399999618530273,0.0,1769651106575
911,238813184,1769651143833,20:45:43.833,42.3478526,-71.0822628,48.9,-20.399999618530273,0.0,1769651106575
912,239075328,1769651144306,20:45:44.306,42.3478526,-71.0822628,48.9,-20.399999618530273,0.0,1769651106575
913,239337472,1769651144699,20:45:44.699,42.3478526,-71.0822628,48.9,-20.399999618530273,0.0,1769651106575
914,239599616,1769651145112,20:45:45.112,42.3478526,-71.0822628,48.9,-20.399999618530273,0.0,1769651106575
915,239861760,1769651145512,20:45:45.512,42.3478526,-71.0822628,48.9,-20.399999618530273,0.0,1769651106575
916,240123904,1769651146015,20:45:46.015,42.3478526,-71.0822628,48.9,-20.399999618530273,0.0,1769651106575
917,240386048,1769651146570,20:45:46.570,42.3478526,-71.0822628,48.9,-20.399999618530273,0.0,1769651106575
918,240648192,1769651147170,20:45:47.170,42.3478526,-71.0822628,48.9,-20.399999618530273,0.0,1769651106575
919,240910336,1769651147818,20:45:47.818,42.3478526,-71.0822628,48.9,-20.399999618530273,0.0,1769651106575
920,241172480,1769651148326,20:45:48.326,42.3478526,-71.0822628,48.9,-20.399999618530273,0.0,1769651106575
921,241434624,1769651148852,20:45:48.852,42.3478526,-71.0822628,48.9,-20.399999618530273,0.0,1769651106575
922,241696768,1769651149286,20:45:49.286,42.3478526,-71.0822628,48.9,-20.399999618530273,0.0,1769651106575
923,241958912,1769651149744,20:45:49.744,42.3478526,-71.0822628,48.9,-20.399999618530273,0.0,1769651106575
924,242221056,1769651150117,20:45:50.117,42.3478526,-71.0822628,48.9,-20.399999618530273,0.0,1769651106575
925,242483200,1769651150579,20:45:50.579,42.3478526,-71.0822628,48.9,-20.399999618530273,0.0,1769651106575
926,242745344,1769651151028,20:45:51.028,42.3478526,-71.0822628,48.9,-20.399999618530273,0.0,1769651106575
927,243007488,1769651151409,20:45:51.409,42.3478526,-71.0822628,48.9,-20.399999618530273,0.0,1769651106575
928,243269632,1769651151950,20:45:51.950,42.3478526,-71.0822628,48.9,-20.399999618530273,0.0,1769651106575
929,243531776,1769651152298,20:45:52.298,42.3478526,-71.0822628,48.9,-20.399999618530273,0.0,1769651106575
930,243793920,1769651152648,20:45:52.648,42.3478526,-71.0822628,48.9,-20.399999618530273,0.0,1769651106575
931,244056064,1769651153159,20:45:53.159,42.3478526,-71.0822628,48.9,-20.399999618530273,0.0,1769651106575
932,244318208,1769651153584,20:45:53.584,42.3478526,-71.0822628,48.9,-20.399999618530273,0.0,1769651106575
933,244580352,1769651154062,20:45:54.062,42.3478526,-71.0822628,48.9,-20.399999618530273,0.0,1769651106575
934,244842496,1769651154510,20:45:54.510,42.3478526,-71.0822628,48.9,-20.399999618530273,0.0,1769651106575
935,245104640,1769651154987,20:45:54.987,42.3478526,-71.0822628,48.9,-20.399999618530273,0.0,1769651106575
936,245366784,1769651155310,20:45:55.310,42.3478526,-71.0822628,48.9,-20.399999618530273,0.0,1769651106575
937,245628928,1769651155716,20:45:55.716,42.3478526,-71.0822628,48.9,-20.399999618530273,0.0,1769651106575
938,245891072,1769651156112,20:45:56.112,42.3478526,-71.0822628,48.9,-20.399999618530273,0.0,1769651106575
939,246153216,1769651156611,20:45:56.611,42.3478526,-71.0822628,48.9,-20.399999618530273,0.0,1769651106575
940,246415360,1769651157035,20:45:57.035,42.3478526,-71.0822628,48.9,-20.399999618530273,0.0,1769651106575
941,246677504,1769651157407,20:45:57.407,42.3478526,-71.0822628,48.9,-20.399999618530273,0.0,1769651106575
942,246939648,1769651157758,20:45:57.758,42.3478526,-71.0822628,48.9,-20.399999618530273,0.0,1769651106575
943,247201792,1769651158140,20:45:58.140,42.3478526,-71.0822628,48.9,-20.399999618530273,0.0,1769651106575
944,247463936,1769651158542,20:45:58.542,42.3478526,-71.0822628,48.9,-20.399999618530273,0.0,1769651106575
945,247726080,1769651158944,20:45:58.944,42.3478526,-71.0822628,48.9,-20.399999618530273,0.0,1769651106575
946,247988224,1769651159403,20:45:59.403,42.3478526,-71.0822628,48.9,-20.399999618530273,0.0,1769651106575
947,248250368,1769651159752,20:45:59.752,42.3478526,-71.0822628,48.9,-20.399999618530273,0.0,1769651106575
948,248512512,1769651160109,20:46:00.109,42.3478526,-71.0822628,48.9,-20.399999618530273,0.0,1769651106575
949,248774656,1769651160480,20:46:00.480,42.3478526,-71.0822628,48.9,-20.399999618530273,0.0,1769651106575
950,249036800,1769651160896,20:46:00.896,42.3478526,-71.0822628,48.9,-20.399999618530273,0.0,1769651106575
951,249298944,1769651161265,20:46:01.265,42.3478526,-71.0822628,48.9,-20.399999618530273,0.0,1769651106575
952,249561088,1769651161716,20:46:01.716,42.3478526,-71.0822628,48.9,-20.399999618530273,0.0,1769651106575
953,249823232,1769651162116,20:46:02.116,42.3478526,-71.0822628,48.9,-20.399999618530273,0.0,1769651106575
954,250085376,1769651162535,20:46:02.535,42.3478526,-71.0822628,48.9,-20.399999618530273,0.0,1769651106575
955,250347520,1769651162948,20:46:02.948,42.3478526,-71.0822628,48.9,-20.399999618530273,0.0,1769651106575
956,250609664,1769651163259,20:46:03.259,42.3478526,-71.0822628,48.9,-20.399999618530273,0.0,1769651106575
957,250871808,1769651163566,20:46:03.566,42.3478526,-71.0822628,48.9,-20.399999618530273,0.0,1769651106575
958,251133952,1769651163966,20:46:03.966,42.3478526,-71.0822628,48.9,-20.399999618530273,0.0,1769651106575
959,251396096,1769651164451,20:46:04.451,42.3478526,-71.0822628,48.9,-20.399999618530273,0.0,1769651106575
960,251658240,1769651164845,20:46:04.845,42.3478526,-71.0822628,48.9,-20.399999618530273,0.0,1769651106575
961,251920384,1769651165207,20:46:05.207,42.3478526,-71.0822628,48.9,-20.399999618530273,0.0,1769651106575
962,252182528,1769651165607,20:46:05.607,42.3478526,-71.0822628,48.9,-20.399999618530273,0.0,1769651106575
963,252444672,1769651165922,20:46:05.922,42.3478526,-71.0822628,48.9,-20.399999618530273,0.0,1769651106575
964,252706816,1769651166256,20:46:06.256,42.3478526,-71.0822628,48.9,-20.399999618530273,0.0,1769651106575
965,252968960,1769651166621,20:46:06.621,42.3478526,-71.0822628,48.9,-20.399999618530273,0.0,1769651106575
966,253231104,1769651167071,20:46:07.071,42.3478526,-71.0822628,48.9,-20.399999618530273,0.0,1769651106575
967,253493248,1769651167615,20:46:07.615,42.3478526,-71.0822628,48.9,-20.399999618530273,0.0,1769651106575
968,253755392,1769651168000,20:46:08.000,42.3478526,-71.0822628,48.9,-20.399999618530273,0.0,1769651106575
969,254017536,1769651168436,20:46:08.436,42.3478526,-71.0822628,48.9,-20.399999618530273,0.0,1769651106575
970,254279680,1769651168916,20:46:08.916,42.3478526,-71.0822628,48.9,-20.399999618530273,0.0,1769651106575
971,254541824,1769651169526,20:46:09.526,42.3478526,-71.0822628,48.9,-20.399999618530273,0.0,1769651106575
972,254803968,1769651170139,20:46:10.139,42.3478526,-71.0822628,48.9,-20.399999618530273,0.0,1769651106575
973,255066112,1769651170545,20:46:10.545,42.3478526,-71.0822628,48.9,-20.399999618530273,0.0,1769651106575
974,255328256,1769651171188,20:46:11.188,42.3478526,-71.0822628,48.9,-20.399999618530273,0.0,1769651106575
975,255590400,1769651171607,20:46:11.607,42.3478526,-71.0822628,48.9,-20.399999618530273,0.0,1769651106575
976,255852544,1769651172149,20:46:12.149,42.3478526,-71.0822628,48.9,-20.399999618530273,0.0,1769651106575
977,256114688,1769651172550,20:46:12.550,42.3478526,-71.0822628,48.9,-20.399999618530273,0.0,1769651106575
978,256376832,1769651173152,20:46:13.152,42.3478526,-71.0822628,48.9,-20.399999618530273,0.0,1769651106575
979,256638976,1769651173586,20:46:13.586,42.3478526,-71.0822628,48.9,-20.399999618530273,0.0,1769651106575
980,256901120,1769651174036,20:46:14.036,42.3478526,-71.0822628,48.9,-20.399999618530273,0.0,1769651106575
981,257163264,1769651174469,20:46:14.469,42.3478526,-71.0822628,48.9,-20.399999618530273,0.0,1769651106575
982,257425408,1769651174993,20:46:14.993,42.3478526,-71.0822628,48.9,-20.399999618530273,0.0,1769651106575
983,257687552,1769651175526,20:46:15.526,42.3478526,-71.0822628,48.9,-20.399999618530273,0.0,1769651106575
984,257949696,1769651175952,20:46:15.952,42.3478526,-71.0822628,48.9,-20.399999618530273,0.0,1769651106575
985,258211840,1769651176546,20:46:16.546,42.3478526,-71.0822628,48.9,-20.399999618530273,0.0,1769651106575
986,258473984,1769651177064,20:46:17.064,42.3478526,-71.0822628,48.9,-20.399999618530273,0.0,1769651106575
987,258736128,1769651177669,20:46:17.669,42.3478526,-71.0822628,48.9,-20.399999618530273,0.0,1769651106575
988,258998272,1769651178103,20:46:18.103,42.3478526,-71.0822628,48.9,-20.399999618530273,0.0,1769651106575
989,259260416,1769651178675,20:46:18.675,42.3478526,-71.0822628,48.9,-20.399999618530273,0.0,1769651106575
990,259522560,1769651179024,20:46:19.024,42.3478526,-71.0822628,48.9,-20.399999618530273,0.0,1769651106575
991,259784704,1769651179375,20:46:19.375,42.3478526,-71.0822628,48.9,-20.399999618530273,0.0,1769651106575
992,260046848,1769651179943,20:46:19.943,42.3478526,-71.0822628,48.9,-20.399999618530273,0.0,1769651106575
993,260308992,1769651180432,20:46:20.432,42.3478526,-71.0822628,48.9,-20.399999618530273,0.0,1769651106575
994,260571136,1769651180925,20:46:20.925,42.3478526,-71.0822628,48.9,-20.399999618530273,0.0,1769651106575
995,260833280,1769651181534,20:46:21.534,42.3478526,-71.0822628,48.9,-20.399999618530273,0.0,1769651106575
996,261095424,1769651182023,20:46:22.023,42.3478526,-71.0822628,48.9,-20.399999618530273,0.0,1769651106575
997,261357568,1769651182488,20:46:22.488,42.3478526,-71.0822628,48.9,-20.399999618530273,0.0,1769651106575
998,261619712,1769651182904,20:46:22.904,42.3478526,-71.0822628,48.9,-20.399999618530273,0.0,1769651106575
999,261881856,1769651183506,20:46:23.506,42.3478526,-71.0822628,48.9,-20.399999618530273,0.0,1769651106575
1000,262144000,1769651183929,20:46:23.929,42.3478526,-71.0822628,48.9,-20.399999618530273,0.0,1769651106575
1001,262406144,1769651184596,20:46:24.596,42.3478526,-71.0822628,48.9,-20.399999618530273,0.0,1769651106575
1002,262668288,1769651185142,20:46:25.142,42.3478526,-71.0822628,48.9,-20.399999618530273,0.0,1769651106575
1003,262930432,1769651185666,20:46:25.666,42.3478526,-71.0822628,48.9,-20.399999618530273,0.0,1769651106575
1004,263192576,1769651186151,20:46:26.151,42.3478526,-71.0822628,48.9,-20.399999618530273,0.0,1769651106575
1005,263454720,1769651186640,20:46:26.640,42.3478526,-71.0822628,48.9,-20.399999618530273,0.0,1769651106575
1006,263716864,1769651187026,20:46:27.026,42.3478526,-71.0822628,48.9,-20.399999618530273,0.0,1769651106575
1007,263979008,1769651187420,20:46:27.420,42.3478526,-71.0822628,48.9,-20.399999618530273,0.0,1769651106575
1008,264241152,1769651187854,20:46:27.854,42.3478526,-71.0822628,48.9,-20.399999618530273,0.0,1769651106575
1009,264503296,1769651188248,20:46:28.248,42.3478526,-71.0822628,48.9,-20.399999618530273,0.0,1769651106575
1010,264765440,1769651188694,20:46:28.694,42.3478526,-71.0822628,48.9,-20.399999618530273,0.0,1769651106575
1011,265027584,1769651189010,20:46:29.010,42.3478526,-71.0822628,48.9,-20.399999618530273,0.0,1769651106575
1012,265289728,1769651189359,20:46:29.359,42.3478526,-71.0822628,48.9,-20.399999618530273,0.0,1769651106575
1013,265551872,1769651189766,20:46:29.766,42.3478526,-71.0822628,48.9,-20.399999618530273,0.0,1769651106575
1014,265814016,1769651190194,20:46:30.194,42.3478526,-71.0822628,48.9,-20.399999618530273,0.0,1769651106575
1015,266076160,1769651190580,20:46:30.580,42.3478526,-71.0822628,48.9,-20.399999618530273,0.0,1769651106575
1016,266338304,1769651190948,20:46:30.948,42.3478526,-71.0822628,48.9,-20.399999618530273,0.0,1769651106575
1017,266600448,1769651191313,20:46:31.313,42.3478526,-71.0822628,48.9,-20.399999618530273,0.0,1769651106575
1018,266862592,1769651191660,20:46:31.660,42.3478526,-71.0822628,48.9,-20.399999618530273,0.0,1769651106575
1019,267124736,1769651192009,20:46:32.009,42.3478526,-71.0822628,48.9,-20.399999618530273,0.0,1769651106575
1020,267386880,1769651192361,20:46:32.361,42.3478526,-71.0822628,48.9,-20.399999618530273,0.0,1769651106575
1021,267649024,1769651192809,20:46:32.809,42.3478526,-71.0822628,48.9,-20.399999618530273,0.0,1769651106575
1022,267911168,1769651193448,20:46:33.448,42.3478526,-71.0822628,48.9,-20.399999618530273,0.0,1769651106575
1023,268173312,1769651194044,20:46:34.044,42.3478526,-71.0822628,48.9,-20.399999618530273,0.0,1769651106575
1024,268435456,1769651194472,20:46:34.472,42.3478526,-71.0822628,48.9,-20.399999618530273,0.0,1769651106575
1025,268697600,1769651195072,20:46:35.072,42.3478526,-71.0822628,48.9,-20.399999618530273,0.0,1769651106575
1026,268959744,1769651195534,20:46:35.534,42.3478526,-71.0822628,48.9,-20.399999618530273,0.0,1769651106575
1027,269221888,1769651195937,20:46:35.937,42.3478526,-71.0822628,48.9,-20.399999618530273,0.0,1769651106575
1028,269484032,1769651196433,20:46:36.433,42.3478526,-71.0822628,48.9,-20.399999618530273,0.0,1769651106575
1029,269746176,1769651197012,20:46:37.012,42.3478526,-71.0822628,48.9,-20.399999618530273,0.0,1769651106575
1030,270008320,1769651197633,20:46:37.633,42.3478526,-71.0822628,48.9,-20.399999618530273,0.0,1769651106575
1031,270270464,1769651198113,20:46:38.113,42.3478526,-71.0822628,48.9,-20.399999618530273,0.0,1769651106575
1032,270532608,1769651198600,20:46:38.600,42.3478526,-71.0822628,48.9,-20.399999618530273,0.0,1769651106575
1033,270794752,1769651199076,20:46:39.076,42.3478526,-71.0822628,48.9,-20.399999618530273,0.0,1769651106575
1034,271056896,1769651199466,20:46:39.466,42.3478526,-71.0822628,48.9,-20.399999618530273,0.0,1769651106575
1035,271319040,1769651199817,20:46:39.817,42.3478526,-71.0822628,48.9,-20.399999618530273,0.0,1769651106575
1036,271581184,1769651200169,20:46:40.169,42.3478526,-71.0822628,48.9,-20.399999618530273,0.0,1769651106575
1037,271843328,1769651200533,20:46:40.533,42.3478526,-71.0822628,48.9,-20.399999618530273,0.0,1769651106575
1038,272105472,1769651200880,20:46:40.880,42.3478526,-71.0822628,48.9,-20.399999618530273,0.0,1769651106575
1039,272367616,1769651201232,20:46:41.232,42.3478526,-71.0822628,48.9,-20.399999618530273,0.0,1769651106575
1040,272629760,1769651201773,20:46:41.773,42.3478526,-71.0822628,48.9,-20.399999618530273,0.0,1769651106575
1041,272891904,1769651202282,20:46:42.282,42.3478526,-71.0822628,48.9,-20.399999618530273,0.0,1769651106575
1042,273154048,1769651202814,20:46:42.814,42.3478526,-71.0822628,48.9,-20.399999618530273,0.0,1769651106575
1043,273416192,1769651203259,20:46:43.259,42.3478526,-71.0822628,48.9,-20.399999618530273,0.0,1769651106575
1044,273678336,1769651203719,20:46:43.719,42.3478526,-71.0822628,48.9,-20.399999618530273,0.0,1769651106575
1045,273940480,1769651204133,20:46:44.133,42.3478526,-71.0822628,48.9,-20.399999618530273,0.0,1769651106575
1046,274202624,1769651204675,20:46:44.675,42.3478526,-71.0822628,48.9,-20.399999618530273,0.0,1769651106575
1047,274464768,1769651205311,20:46:45.311,42.3478526,-71.0822628,48.9,-20.399999618530273,0.0,1769651106575
1048,274726912,1769651205701,20:46:45.701,42.3478526,-71.0822628,48.9,-20.399999618530273,0.0,1769651106575
1049,274989056,1769651206152,20:46:46.152,42.3478526,-71.0822628,48.9,-20.399999618530273,0.0,1769651106575
1050,275251200,1769651206701,20:46:46.701,42.3478526,-71.0822628,48.9,-20.399999618530273,0.0,1769651106575
1051,275513344,1769651207331,20:46:47.331,42.3478526,-71.0822628,48.9,-20.399999618530273,0.0,1769651106575
1052,275775488,1769651207971,20:46:47.971,42.3478526,-71.0822628,48.9,-20.399999618530273,0.0,1769651106575
1053,276037632,1769651208445,20:46:48.445,42.3478526,-71.0822628,48.9,-20.399999618530273,0.0,1769651106575
1054,276299776,1769651209028,20:46:49.028,42.3478526,-71.0822628,48.9,-20.399999618530273,0.0,1769651106575
1055,276561920,1769651209701,20:46:49.701,42.3478526,-71.0822628,48.9,-20.399999618530273,0.0,1769651106575
1056,276824064,1769651210170,20:46:50.170,42.3478526,-71.0822628,48.9,-20.399999618530273,0.0,1769651106575
1057,277086208,1769651210671,20:46:50.671,42.3478526,-71.0822628,48.9,-20.399999618530273,0.0,1769651106575
1058,277348352,1769651211138,20:46:51.138,42.3478526,-71.0822628,48.9,-20.399999618530273,0.0,1769651106575
1059,277610496,1769651211555,20:46:51.555,42.3478526,-71.0822628,48.9,-20.399999618530273,0.0,1769651106575
1060,277872640,1769651212089,20:46:52.089,42.3478526,-71.0822628,48.9,-20.399999618530273,0.0,1769651106575
1061,278134784,1769651212466,20:46:52.466,42.3478526,-71.0822628,48.9,-20.399999618530273,0.0,1769651106575
1062,278396928,1769651212926,20:46:52.926,42.3478526,-71.0822628,48.9,-20.399999618530273,0.0,1769651106575
1063,278659072,1769651213359,20:46:53.359,42.3478526,-71.0822628,48.9,-20.399999618530273,0.0,1769651106575
1064,278921216,1769651213870,20:46:53.870,42.3478526,-71.0822628,48.9,-20.399999618530273,0.0,1769651106575
1065,279183360,1769651214396,20:46:54.396,42.3478526,-71.0822628,48.9,-20.399999618530273,0.0,1769651106575
1066,279445504,1769651214965,20:46:54.965,42.3478526,-71.0822628,48.9,-20.399999618530273,0.0,1769651106575
1067,279707648,1769651215516,20:46:55.516,42.3478526,-71.0822628,48.9,-20.399999618530273,0.0,1769651106575
1068,279969792,1769651216015,20:46:56.015,42.3478526,-71.0822628,48.9,-20.399999618530273,0.0,1769651106575
1069,280231936,1769651216451,20:46:56.451,42.3478526,-71.0822628,48.9,-20.399999618530273,0.0,1769651106575
1070,280494080,1769651216889,20:46:56.889,42.3478526,-71.0822628,48.9,-20.399999618530273,0.0,1769651106575
1071,280756224,1769651217413,20:46:57.413,42.3478526,-71.0822628,48.9,-20.399999618530273,0.0,1769651106575
1072,281018368,1769651217869,20:46:57.869,42.3478526,-71.0822628,48.9,-20.399999618530273,0.0,1769651106575
1073,281280512,1769651218519,20:46:58.519,42.3478526,-71.0822628,48.9,-20.399999618530273,0.0,1769651106575
1074,281542656,1769651219031,20:46:59.031,42.3478526,-71.0822628,48.9,-20.399999618530273,0.0,1769651106575
1075,281804800,1769651219383,20:46:59.383,42.3478526,-71.0822628,48.9,-20.399999618530273,0.0,1769651106575
1076,282066944,1769651219816,20:46:59.816,42.3478526,-71.0822628,48.9,-20.399999618530273,0.0,1769651106575
1077,282329088,1769651220363,20:47:00.363,42.3478526,-71.0822628,48.9,-20.399999618530273,0.0,1769651106575
1078,282591232,1769651220871,20:47:00.871,42.3478526,-71.0822628,48.9,-20.399999618530273,0.0,1769651106575
1079,282853376,1769651221316,20:47:01.316,42.3478526,-71.0822628,48.9,-20.399999618530273,0.0,1769651106575
1080,283115520,1769651221796,20:47:01.796,42.3478526,-71.0822628,48.9,-20.399999618530273,0.0,1769651106575
1081,283377664,1769651222216,20:47:02.216,42.3478526,-71.0822628,48.9,-20.399999618530273,0.0,1769651106575
1082,283639808,1769651222708,20:47:02.708,42.3478526,-71.0822628,48.9,-20.399999618530273,0.0,1769651106575
1083,283901952,1769651223325,20:47:03.325,42.3478526,-71.0822628,48.9,-20.399999618530273,0.0,1769651106575
1084,284164096,1769651223883,20:47:03.883,42.3478526,-71.0822628,48.9,-20.399999618530273,0.0,1769651106575
1085,284426240,1769651224341,20:47:04.341,42.3478526,-71.0822628,48.9,-20.399999618530273,0.0,1769651106575
1086,284688384,1769651224815,20:47:04.815,42.3478526,-71.0822628,48.9,-20.399999618530273,0.0,1769651106575
1087,284950528,1769651225378,20:47:05.378,42.3478526,-71.0822628,48.9,-20.399999618530273,0.0,1769651106575
1088,285212672,1769651225776,20:47:05.776,42.3478526,-71.0822628,48.9,-20.399999618530273,0.0,1769651106575
1089,285474816,1769651226336,20:47:06.336,42.3478526,-71.0822628,48.9,-20.399999618530273,0.0,1769651106575
1090,285736960,1769651226778,20:47:06.778,42.3478526,-71.0822628,48.9,-20.399999618530273,0.0,1769651106575
1091,285999104,1769651227336,20:47:07.336,42.3478526,-71.0822628,48.9,-20.399999618530273,0.0,1769651106575
1092,286261248,1769651227765,20:47:07.765,42.3478526,-71.0822628,48.9,-20.399999618530273,0.0,1769651106575
1093,286523392,1769651228119,20:47:08.119,42.3478526,-71.0822628,48.9,-20.399999618530273,0.0,1769651106575
1094,286785536,1769651228466,20:47:08.466,42.3478526,-71.0822628,48.9,-20.399999618530273,0.0,1769651106575
1095,287047680,1769651228888,20:47:08.888,42.3478526,-71.0822628,48.9,-20.399999618530273,0.0,1769651106575
1096,287309824,1769651229275,20:47:09.275,42.3478526,-71.0822628,48.9,-20.399999618530273,0.0,1769651106575
1097,287571968,1769651229768,20:47:09.768,42.3478526,-71.0822628,48.9,-20.399999618530273,0.0,1769651106575
1098,287834112,1769651230207,20:47:10.207,42.3478526,-71.0822628,48.9,-20.399999618530273,0.0,1769651106575
1099,288096256,1769651230735,20:47:10.735,42.3478526,-71.0822628,48.9,-20.399999618530273,0.0,1769651106575
1100,288358400,1769651231251,20:47:11.251,42.3478526,-71.0822628,48.9,-20.399999618530273,0.0,1769651106575
1101,288620544,1769651231675,20:47:11.675,42.3478526,-71.0822628,48.9,-20.399999618530273,0.0,1769651106575
1102,288882688,1769651232211,20:47:12.211,42.3478526,-71.0822628,48.9,-20.399999618530273,0.0,1769651106575
1103,289144832,1769651232672,20:47:12.672,42.3478526,-71.0822628,48.9,-20.399999618530273,0.0,1769651106575
1104,289406976,1769651233140,20:47:13.140,42.3478526,-71.0822628,48.9,-20.399999618530273,0.0,1769651106575
1105,289669120,1769651233502,20:47:13.502,42.3478526,-71.0822628,48.9,-20.399999618530273,0.0,1769651106575
1106,289931264,1769651233920,20:47:13.920,42.3478526,-71.0822628,48.9,-20.399999618530273,0.0,1769651106575
1107,290193408,1769651234441,20:47:14.441,42.3478526,-71.0822628,48.9,-20.399999618530273,0.0,1769651106575
1108,290455552,1769651235080,20:47:15.080,42.3478526,-71.0822628,48.9,-20.399999618530273,0.0,1769651106575
1109,290717696,1769651235612,20:47:15.612,42.3478526,-71.0822628,48.9,-20.399999618530273,0.0,1769651106575
1110,290979840,1769651236017,20:47:16.017,42.3478526,-71.0822628,48.9,-20.399999618530273,0.0,1769651106575
1111,291241984,1769651236676,20:47:16.676,42.3478526,-71.0822628,48.9,-20.399999618530273,0.0,1769651106575
1112,291504128,1769651237182,20:47:17.182,42.3478526,-71.0822628,48.9,-20.399999618530273,0.0,1769651106575
1113,291766272,1769651237564,20:47:17.564,42.3478526,-71.0822628,48.9,-20.399999618530273,0.0,1769651106575
1114,292028416,1769651238026,20:47:18.026,42.3478526,-71.0822628,48.9,-20.399999618530273,0.0,1769651106575
1115,292290560,1769651238653,20:47:18.653,42.3478526,-71.0822628,48.9,-20.399999618530273,0.0,1769651106575
1116,292552704,1769651239074,20:47:19.074,42.3478526,-71.0822628,48.9,-20.399999618530273,0.0,1769651106575
1117,292814848,1769651239427,20:47:19.427,42.3478526,-71.0822628,48.9,-20.399999618530273,0.0,1769651106575
1118,293076992,1769651239817,20:47:19.817,42.3478526,-71.0822628,48.9,-20.399999618530273,0.0,1769651106575
1119,293339136,1769651240210,20:47:20.210,42.3478526,-71.0822628,48.9,-20.399999618530273,0.0,1769651106575
1120,293601280,1769651240697,20:47:20.697,42.3478526,-71.0822628,48.9,-20.399999618530273,0.0,1769651106575
1121,293863424,1769651241172,20:47:21.172,42.3478526,-71.0822628,48.9,-20.399999618530273,0.0,1769651106575
1122,294125568,1769651241603,20:47:21.603,42.3478526,-71.0822628,48.9,-20.399999618530273,0.0,1769651106575
1123,294387712,1769651242005,20:47:22.005,42.3478526,-71.0822628,48.9,-20.399999618530273,0.0,1769651106575
1124,294649856,1769651242320,20:47:22.320,42.3478526,-71.0822628,48.9,-20.399999618530273,0.0,1769651106575
1125,294912000,1769651242620,20:47:22.620,42.3478526,-71.0822628,48.9,-20.399999618530273,0.0,1769651106575
1126,295174144,1769651242982,20:47:22.982,42.3478526,-71.0822628,48.9,-20.399999618530273,0.0,1769651106575
1127,295436288,1769651243394,20:47:23.394,42.3478526,-71.0822628,48.9,-20.399999618530273,0.0,1769651106575
1128,295698432,1769651243804,20:47:23.804,42.3478526,-71.0822628,48.9,-20.399999618530273,0.0,1769651106575
1129,295960576,1769651244164,20:47:24.164,42.3478526,-71.0822628,48.9,-20.399999618530273,0.0,1769651106575
1130,296222720,1769651244620,20:47:24.620,42.3478526,-71.0822628,48.9,-20.399999618530273,0.0,1769651106575
1131,296484864,1769651245132,20:47:25.132,42.3478526,-71.0822628,48.9,-20.399999618530273,0.0,1769651106575
1132,296747008,1769651245677,20:47:25.677,42.3478526,-71.0822628,48.9,-20.399999618530273,0.0,1769651106575
1133,297009152,1769651246035,20:47:26.035,42.3478526,-71.0822628,48.9,-20.399999618530273,0.0,1769651106575
1134,297271296,1769651246386,20:47:26.386,42.3478526,-71.0822628,48.9,-20.399999618530273,0.0,1769651106575
1135,297533440,1769651246752,20:47:26.752,42.3478526,-71.0822628,48.9,-20.399999618530273,0.0,1769651106575
1136,297795584,1769651247330,20:47:27.330,42.3478526,-71.0822628,48.9,-20.399999618530273,0.0,1769651106575
1137,298057728,1769651247836,20:47:27.836,42.3478526,-71.0822628,48.9,-20.399999618530273,0.0,1769651106575
1138,298319872,1769651248191,20:47:28.191,42.3478526,-71.0822628,48.9,-20.399999618530273,0.0,1769651106575
1139,298582016,1769651248677,20:47:28.677,42.3478526,-71.0822628,48.9,-20.399999618530273,0.0,1769651106575
1140,298844160,1769651249174,20:47:29.174,42.3478526,-71.0822628,48.9,-20.399999618530273,0.0,1769651106575
1141,299106304,1769651249722,20:47:29.722,42.3478526,-71.0822628,48.9,-20.399999618530273,0.0,1769651106575
1142,299368448,1769651250152,20:47:30.152,42.3478526,-71.0822628,48.9,-20.399999618530273,0.0,1769651106575
1143,299630592,1769651250535,20:47:30.535,42.3478526,-71.0822628,48.9,-20.399999618530273,0.0,1769651106575
1144,299892736,1769651251028,20:47:31.028,42.3478526,-71.0822628,48.9,-20.399999618530273,0.0,1769651106575
1145,300154880,1769651251440,20:47:31.440,42.3478526,-71.0822628,48.9,-20.399999618530273,0.0,1769651106575
1146,300417024,1769651251838,20:47:31.838,42.3478526,-71.0822628,48.9,-20.399999618530273,0.0,1769651106575
1147,300679168,1769651252199,20:47:32.199,42.3478526,-71.0822628,48.9,-20.399999618530273,0.0,1769651106575
1148,300941312,1769651252524,20:47:32.524,42.3478526,-71.0822628,48.9,-20.399999618530273,0.0,1769651106575
1149,301203456,1769651252875,20:47:32.875,42.3478526,-71.0822628,48.9,-20.399999618530273,0.0,1769651106575
1150,301465600,1769651253228,20:47:33.228,42.3478526,-71.0822628,48.9,-20.399999618530273,0.0,1769651106575
1151,301727744,1769651253618,20:47:33.618,42.3478526,-71.0822628,48.9,-20.399999618530273,0.0,1769651106575
1152,301989888,1769651254126,20:47:34.126,42.3478526,-71.0822628,48.9,-20.399999618530273,0.0,1769651106575
1153,302252032,1769651254515,20:47:34.515,42.3478526,-71.0822628,48.9,-20.399999618530273,0.0,1769651106575
1154,302514176,1769651254882,20:47:34.882,42.3478526,-71.0822628,48.9,-20.399999618530273,0.0,1769651106575
1155,302776320,1769651255237,20:47:35.237,42.3478526,-71.0822628,48.9,-20.399999618530273,0.0,1769651106575
1156,303038464,1769651255648,20:47:35.648,42.3478526,-71.0822628,48.9,-20.399999618530273,0.0,1769651106575
1157,303300608,1769651256142,20:47:36.142,42.3478526,-71.0822628,48.9,-20.399999618530273,0.0,1769651106575
1158,303562752,1769651256646,20:47:36.646,42.3478526,-71.0822628,48.9,-20.399999618530273,0.0,1769651106575
1159,303824896,1769651257151,20:47:37.151,42.3478526,-71.0822628,48.9,-20.399999618530273,0.0,1769651106575
1160,304087040,1769651257534,20:47:37.534,42.3478526,-71.0822628,48.9,-20.399999618530273,0.0,1769651106575
1161,304349184,1769651257981,20:47:37.981,42.3478526,-71.0822628,48.9,-20.399999618530273,0.0,1769651106575
1162,304611328,1769651258401,20:47:38.401,42.3478526,-71.0822628,48.9,-20.399999618530273,0.0,1769651106575
1163,304873472,1769651258968,20:47:38.968,42.3478526,-71.0822628,48.9,-20.399999618530273,0.0,1769651106575
1164,305135616,1769651259370,20:47:39.370,42.3478526,-71.0822628,48.9,-20.399999618530273,0.0,1769651106575
1165,305397760,1769651259894,20:47:39.894,42.3478526,-71.0822628,48.9,-20.399999618530273,0.0,1769651106575
1166,305659904,1769651260315,20:47:40.315,42.3478526,-71.0822628,48.9,-20.399999618530273,0.0,1769651106575
1167,305922048,1769651260840,20:47:40.840,42.3478526,-71.0822628,48.9,-20.399999618530273,0.0,1769651106575
1168,306184192,1769651261302,20:47:41.302,42.3478526,-71.0822628,48.9,-20.399999618530273,0.0,1769651106575
1169,306446336,1769651261699,20:47:41.699,42.3478526,-71.0822628,48.9,-20.399999618530273,0.0,1769651106575
1170,306708480,1769651262190,20:47:42.190,42.3478526,-71.0822628,48.9,-20.399999618530273,0.0,1769651106575
1171,306970624,1769651262599,20:47:42.599,42.3478526,-71.0822628,48.9,-20.399999618530273,0.0,1769651106575
1172,307232768,1769651263120,20:47:43.120,42.3478526,-71.0822628,48.9,-20.399999618530273,0.0,1769651106575
1173,307494912,1769651263526,20:47:43.526,42.3478526,-71.0822628,48.9,-20.399999618530273,0.0,1769651106575
1174,307757056,1769651263987,20:47:43.987,42.3478526,-71.0822628,48.9,-20.399999618530273,0.0,1769651106575
1175,308019200,1769651264344,20:47:44.344,42.3478526,-71.0822628,48.9,-20.399999618530273,0.0,1769651106575
1176,308281344,1769651264765,20:47:44.765,42.3478526,-71.0822628,48.9,-20.399999618530273,0.0,1769651106575
1177,308543488,1769651265174,20:47:45.174,42.3478526,-71.0822628,48.9,-20.399999618530273,0.0,1769651106575
1178,308805632,1769651265620,20:47:45.620,42.3478526,-71.0822628,48.9,-20.399999618530273,0.0,1769651106575
1179,309067776,1769651266064,20:47:46.064,42.3478526,-71.0822628,48.9,-20.399999618530273,0.0,1769651106575
1180,309329920,1769651266390,20:47:46.390,42.3478526,-71.0822628,48.9,-20.399999618530273,0.0,1769651106575
1181,309592064,1769651266797,20:47:46.797,42.3478526,-71.0822628,48.9,-20.399999618530273,0.0,1769651106575
1182,309854208,1769651267165,20:47:47.165,42.3478526,-71.0822628,48.9,-20.399999618530273,0.0,1769651106575
1183,310116352,1769651267707,20:47:47.707,42.3478526,-71.0822628,48.9,-20.399999618530273,0.0,1769651106575
1184,310378496,1769651268284,20:47:48.284,42.3478526,-71.0822628,48.9,-20.399999618530273,0.0,1769651106575
1185,310640640,1769651268806,20:47:48.806,42.3478526,-71.0822628,48.9,-20.399999618530273,0.0,1769651106575
1186,310902784,1769651269246,20:47:49.246,42.3478526,-71.0822628,48.9,-20.399999618530273,0.0,1769651106575
1187,311164928,1769651269712,20:47:49.712,42.3478526,-71.0822628,48.9,-20.399999618530273,0.0,1769651106575
1188,311427072,1769651270223,20:47:50.223,42.3478526,-71.0822628,48.9,-20.399999618530273,0.0,1769651106575
1189,311689216,1769651270886,20:47:50.886,42.3478526,-71.0822628,48.9,-20.399999618530273,0.0,1769651106575
1190,311951360,1769651271370,20:47:51.370,42.3478526,-71.0822628,48.9,-20.399999618530273,0.0,1769651106575
1191,312213504,1769651271808,20:47:51.808,42.3478526,-71.0822628,48.9,-20.399999618530273,0.0,1769651106575
1192,312475648,1769651272296,20:47:52.296,42.3478526,-71.0822628,48.9,-20.399999618530273,0.0,1769651106575
1193,312737792,1769651272650,20:47:52.650,42.3478526,-71.0822628,48.9,-20.399999618530273,0.0,1769651106575
1194,312999936,1769651273102,20:47:53.102,42.3478526,-71.0822628,48.9,-20.399999618530273,0.0,1769651106575
1195,313262080,1769651273582,20:47:53.582,42.3478526,-71.0822628,48.9,-20.399999618530273,0.0,1769651106575
1196,313524224,1769651274077,20:47:54.077,42.3478526,-71.0822628,48.9,-20.399999618530273,0.0,1769651106575
1197,313786368,1769651274552,20:47:54.552,42.3478526,-71.0822628,48.9,-20.399999618530273,0.0,1769651106575
1198,314048512,1769651275079,20:47:55.079,42.3478526,-71.0822628,48.9,-20.399999618530273,0.0,1769651106575
1199,314310656,1769651275512,20:47:55.512,42.3478526,-71.0822628,48.9,-20.399999618530273,0.0,1769651106575
1200,314572800,1769651275963,20:47:55.963,42.3478526,-71.0822628,48.9,-20.399999618530273,0.0,1769651106575
1201,314834944,1769651276570,20:47:56.570,42.3478526,-71.0822628,48.9,-20.399999618530273,0.0,1769651106575
1202,315097088,1769651277104,20:47:57.104,42.3478526,-71.0822628,48.9,-20.399999618530273,0.0,1769651106575
1203,315359232,1769651277512,20:47:57.512,42.3478526,-71.0822628,48.9,-20.399999618530273,0.0,1769651106575
1204,315621376,1769651278092,20:47:58.092,42.3478526,-71.0822628,48.9,-20.399999618530273,0.0,1769651106575
1205,315883520,1769651278548,20:47:58.548,42.3478526,-71.0822628,48.9,-20.399999618530273,0.0,1769651106575
1206,316145664,1769651279060,20:47:59.060,42.3478526,-71.0822628,48.9,-20.399999618530273,0.0,1769651106575
1207,316407808,1769651279579,20:47:59.579,42.3478526,-71.0822628,48.9,-20.399999618530273,0.0,1769651106575
1208,316669952,1769651279981,20:47:59.981,42.3478526,-71.0822628,48.9,-20.399999618530273,0.0,1769651106575
1209,316932096,1769651280497,20:48:00.497,42.3478526,-71.0822628,48.9,-20.399999618530273,0.0,1769651106575
1210,317194240,1769651281029,20:48:01.029,42.3478526,-71.0822628,48.9,-20.399999618530273,0.0,1769651106575
1211,317456384,1769651281656,20:48:01.656,42.3478526,-71.0822628,48.9,-20.399999618530273,0.0,1769651106575
1212,317718528,1769651282148,20:48:02.148,42.3478526,-71.0822628,48.9,-20.399999618530273,0.0,1769651106575
1213,317980672,1769651282589,20:48:02.589,42.3478526,-71.0822628,48.9,-20.399999618530273,0.0,1769651106575
1214,318242816,1769651283163,20:48:03.163,42.3478526,-71.0822628,48.9,-20.399999618530273,0.0,1769651106575
1215,318504960,1769651283708,20:48:03.708,42.3478526,-71.0822628,48.9,-20.399999618530273,0.0,1769651106575
1216,318767104,1769651284202,20:48:04.202,42.3478526,-71.0822628,48.9,-20.399999618530273,0.0,1769651106575
1217,319029248,1769651284655,20:48:04.655,42.3478526,-71.0822628,48.9,-20.399999618530273,0.0,1769651106575
1218,319291392,1769651285168,20:48:05.168,42.3478526,-71.0822628,48.9,-20.399999618530273,0.0,1769651106575
1219,319553536,1769651285722,20:48:05.722,42.3478526,-71.0822628,48.9,-20.399999618530273,0.0,1769651106575
1220,319815680,1769651286105,20:48:06.105,42.3478526,-71.0822628,48.9,-20.399999618530273,0.0,1769651106575
1221,320077824,1769651286543,20:48:06.543,42.3478526,-71.0822628,48.9,-20.399999618530273,0.0,1769651106575
1222,320339968,1769651287030,20:48:07.030,42.3478526,-71.0822628,48.9,-20.399999618530273,0.0,1769651106575
1223,320602112,1769651287573,20:48:07.573,42.3478526,-71.0822628,48.9,-20.399999618530273,0.0,1769651106575
1224,320864256,1769651288040,20:48:08.040,42.3478526,-71.0822628,48.9,-20.399999618530273,0.0,1769651106575
1225,321126400,1769651288448,20:48:08.448,42.3478526,-71.0822628,48.9,-20.399999618530273,0.0,1769651106575
1226,321388544,1769651289024,20:48:09.024,42.3478526,-71.0822628,48.9,-20.399999618530273,0.0,1769651106575
1227,321650688,1769651289499,20:48:09.499,42.3478526,-71.0822628,48.9,-20.399999618530273,0.0,1769651106575
1228,321912832,1769651289912,20:48:09.912,42.3478526,-71.0822628,48.9,-20.399999618530273,0.0,1769651106575
1229,322174976,1769651290515,20:48:10.515,42.3478526,-71.0822628,48.9,-20.399999618530273,0.0,1769651106575
1230,322437120,1769651291027,20:48:11.027,42.3478526,-71.0822628,48.9,-20.399999618530273,0.0,1769651106575
1231,322699264,1769651291476,20:48:11.476,42.3478526,-71.0822628,48.9,-20.399999618530273,0.0,1769651106575
1232,322961408,1769651291959,20:48:11.959,42.3478526,-71.0822628,48.9,-20.399999618530273,0.0,1769651106575
1233,323223552,1769651292554,20:48:12.554,42.3478526,-71.0822628,48.9,-20.399999618530273,0.0,1769651106575
1234,323485696,1769651292950,20:48:12.950,42.3478526,-71.0822628,48.9,-20.399999618530273,0.0,1769651106575
1235,323747840,1769651293399,20:48:13.399,42.3478526,-71.0822628,48.9,-20.399999618530273,0.0,1769651106575
1236,324009984,1769651293901,20:48:13.901,42.3478526,-71.0822628,48.9,-20.399999618530273,0.0,1769651106575
1237,324272128,1769651294383,20:48:14.383,42.3478526,-71.0822628,48.9,-20.399999618530273,0.0,1769651106575
1238,324534272,1769651294886,20:48:14.886,42.3478526,-71.0822628,48.9,-20.399999618530273,0.0,1769651106575
1239,324796416,1769651295405,20:48:15.405,42.3478526,-71.0822628,48.9,-20.399999618530273,0.0,1769651106575
1240,325058560,1769651295833,20:48:15.833,42.3478526,-71.0822628,48.9,-20.399999618530273,0.0,1769651106575
1241,325320704,1769651296186,20:48:16.186,42.3478526,-71.0822628,48.9,-20.399999618530273,0.0,1769651106575
1242,325582848,1769651296694,20:48:16.694,42.3478526,-71.0822628,48.9,-20.399999618530273,0.0,1769651106575
1243,325844992,1769651297170,20:48:17.170,42.3478526,-71.0822628,48.9,-20.399999618530273,0.0,1769651106575
1244,326107136,1769651297623,20:48:17.623,42.3478526,-71.0822628,48.9,-20.399999618530273,0.0,1769651106575
1245,326369280,1769651298126,20:48:18.126,42.3478526,-71.0822628,48.9,-20.399999618530273,0.0,1769651106575
1246,326631424,1769651298565,20:48:18.565,42.3478526,-71.0822628,48.9,-20.399999618530273,0.0,1769651106575
1247,326893568,1769651298961,20:48:18.961,42.3478526,-71.0822628,48.9,-20.399999618530273,0.0,1769651106575
1248,327155712,1769651299506,20:48:19.506,42.3478526,-71.0822628,48.9,-20.399999618530273,0.0,1769651106575
1249,327417856,1769651299869,20:48:19.869,42.3478526,-71.0822628,48.9,-20.399999618530273,0.0,1769651106575
1250,327680000,1769651300238,20:48:20.238,42.3478526,-71.0822628,48.9,-20.399999618530273,0.0,1769651106575
1251,327942144,1769651300623,20:48:20.623,42.3478526,-71.0822628,48.9,-20.399999618530273,0.0,1769651106575
1252,328204288,1769651301102,20:48:21.102,42.3478526,-71.0822628,48.9,-20.399999618530273,0.0,1769651106575
1253,328466432,1769651301721,20:48:21.721,42.3478526,-71.0822628,48.9,-20.399999618530273,0.0,1769651106575
1254,328728576,1769651302217,20:48:22.217,42.3478526,-71.0822628,48.9,-20.399999618530273,0.0,1769651106575
1255,328990720,1769651302571,20:48:22.571,42.3478526,-71.0822628,48.9,-20.399999618530273,0.0,1769651106575
1256,329252864,1769651302921,20:48:22.921,42.3478526,-71.0822628,48.9,-20.399999618530273,0.0,1769651106575
1257,329515008,1769651303355,20:48:23.355,42.3478526,-71.0822628,48.9,-20.399999618530273,0.0,1769651106575
1258,329777152,1769651303862,20:48:23.862,42.3478526,-71.0822628,48.9,-20.399999618530273,0.0,1769651106575
1259,330039296,1769651304375,20:48:24.375,42.3478526,-71.0822628,48.9,-20.399999618530273,0.0,1769651106575
1260,330301440,1769651304874,20:48:24.874,42.3478526,-71.0822628,48.9,-20.399999618530273,0.0,1769651106575
1261,330563584,1769651305407,20:48:25.407,42.3478526,-71.0822628,48.9,-20.399999618530273,0.0,1769651106575
1262,330825728,1769651305878,20:48:25.878,42.3478526,-71.0822628,48.9,-20.399999618530273,0.0,1769651106575
1263,331087872,1769651306220,20:48:26.220,42.3478526,-71.0822628,48.9,-20.399999618530273,0.0,1769651106575
1264,331350016,1769651306572,20:48:26.572,42.3478526,-71.0822628,48.9,-20.399999618530273,0.0,1769651106575
1265,331612160,1769651306922,20:48:26.922,42.3478526,-71.0822628,48.9,-20.399999618530273,0.0,1769651106575
1266,331874304,1769651307274,20:48:27.274,42.3478526,-71.0822628,48.9,-20.399999618530273,0.0,1769651106575
1267,332136448,1769651307621,20:48:27.621,42.3478526,-71.0822628,48.9,-20.399999618530273,0.0,1769651106575
1268,332398592,1769651307974,20:48:27.974,42.3478526,-71.0822628,48.9,-20.399999618530273,0.0,1769651106575
1269,332660736,1769651308346,20:48:28.346,42.3478526,-71.0822628,48.9,-20.399999618530273,0.0,1769651106575
1270,332922880,1769651308780,20:48:28.780,42.3478526,-71.0822628,48.9,-20.399999618530273,0.0,1769651106575
1271,333185024,1769651309182,20:48:29.182,42.3478526,-71.0822628,48.9,-20.399999618530273,0.0,1769651106575
1272,333447168,1769651309616,20:48:29.616,42.3478526,-71.0822628,48.9,-20.399999618530273,0.0,1769651106575
1273,333709312,1769651310150,20:48:30.150,42.3478526,-71.0822628,48.9,-20.399999618530273,0.0,1769651106575
1274,333971456,1769651310705,20:48:30.705,42.3478526,-71.0822628,48.9,-20.399999618530273,0.0,1769651106575
1275,334233600,1769651311278,20:48:31.278,42.3478526,-71.0822628,48.9,-20.399999618530273,0.0,1769651106575
1276,334495744,1769651311704,20:48:31.704,42.3478526,-71.0822628,48.9,-20.399999618530273,0.0,1769651106575
1277,334757888,1769651312061,20:48:32.061,42.3478526,-71.0822628,48.9,-20.399999618530273,0.0,1769651106575
1278,335020032,1769651312443,20:48:32.443,42.3478526,-71.0822628,48.9,-20.399999618530273,0.0,1769651106575
1279,335282176,1769651312838,20:48:32.838,42.3478526,-71.0822628,48.9,-20.399999618530273,0.0,1769651106575
1280,335544320,1769651313209,20:48:33.209,42.3478526,-71.0822628,48.9,-20.399999618530273,0.0,1769651106575
1281,335806464,1769651313671,20:48:33.671,42.3478526,-71.0822628,48.9,-20.399999618530273,0.0,1769651106575
1282,336068608,1769651314141,20:48:34.141,42.3478526,-71.0822628,48.9,-20.399999618530273,0.0,1769651106575
1283,336330752,1769651314579,20:48:34.579,42.3478526,-71.0822628,48.9,-20.399999618530273,0.0,1769651106575
1284,336592896,1769651315074,20:48:35.074,42.3478526,-71.0822628,48.9,-20.399999618530273,0.0,1769651106575
1285,336855040,1769651315552,20:48:35.552,42.3478526,-71.0822628,48.9,-20.399999618530273,0.0,1769651106575
1286,337117184,1769651316008,20:48:36.008,42.3478526,-71.0822628,48.9,-20.399999618530273,0.0,1769651106575
1287,337379328,1769651316503,20:48:36.503,42.3478526,-71.0822628,48.9,-20.399999618530273,0.0,1769651106575
1288,337641472,1769651316943,20:48:36.943,42.3478526,-71.0822628,48.9,-20.399999618530273,0.0,1769651106575
1289,337903616,1769651317278,20:48:37.278,42.3478526,-71.0822628,48.9,-20.399999618530273,0.0,1769651106575
1290,338165760,1769651317649,20:48:37.649,42.3478526,-71.0822628,48.9,-20.399999618530273,0.0,1769651106575
1291,338427904,1769651318098,20:48:38.098,42.3478526,-71.0822628,48.9,-20.399999618530273,0.0,1769651106575
1292,338690048,1769651318538,20:48:38.538,42.3478526,-71.0822628,48.9,-20.399999618530273,0.0,1769651106575
1293,338952192,1769651318970,20:48:38.970,42.3478526,-71.0822628,48.9,-20.399999618530273,0.0,1769651106575
1294,339214336,1769651319466,20:48:39.466,42.3478526,-71.0822628,48.9,-20.399999618530273,0.0,1769651106575
1295,339476480,1769651319873,20:48:39.873,42.3478526,-71.0822628,48.9,-20.399999618530273,0.0,1769651106575
1296,339738624,1769651320219,20:48:40.219,42.3478526,-71.0822628,48.9,-20.399999618530273,0.0,1769651106575
1297,340000768,1769651320708,20:48:40.708,42.3478526,-71.0822628,48.9,-20.399999618530273,0.0,1769651106575
1298,340262912,1769651321108,20:48:41.108,42.3478526,-71.0822628,48.9,-20.399999618530273,0.0,1769651106575
1299,340525056,1769651321585,20:48:41.585,42.3478526,-71.0822628,48.9,-20.399999618530273,0.0,1769651106575
1300,340787200,1769651322009,20:48:42.009,42.3478526,-71.0822628,48.9,-20.399999618530273,0.0,1769651106575
1301,341049344,1769651322472,20:48:42.472,42.3478526,-71.0822628,48.9,-20.399999618530273,0.0,1769651106575
1302,341311488,1769651322924,20:48:42.924,42.3478526,-71.0822628,48.9,-20.399999618530273,0.0,1769651106575
1303,341573632,1769651323405,20:48:43.405,42.3478526,-71.0822628,48.9,-20.399999618530273,0.0,1769651106575
1304,341835776,1769651323887,20:48:43.887,42.3478526,-71.0822628,48.9,-20.399999618530273,0.0,1769651106575
1305,342097920,1769651324370,20:48:44.370,42.3478526,-71.0822628,48.9,-20.399999618530273,0.0,1769651106575
1306,342360064,1769651324869,20:48:44.869,42.3478526,-71.0822628,48.9,-20.399999618530273,0.0,1769651106575
1307,342622208,1769651325390,20:48:45.390,42.3478526,-71.0822628,48.9,-20.399999618530273,0.0,1769651106575
1308,342884352,1769651325890,20:48:45.890,42.3478526,-71.0822628,48.9,-20.399999618530273,0.0,1769651106575
1309,343146496,1769651326469,20:48:46.469,42.3478526,-71.0822628,48.9,-20.399999618530273,0.0,1769651106575
1310,343408640,1769651326831,20:48:46.831,42.3478526,-71.0822628,48.9,-20.399999618530273,0.0,1769651106575
1311,343670784,1769651327369,20:48:47.369,42.3478526,-71.0822628,48.9,-20.399999618530273,0.0,1769651106575
1312,343932928,1769651327925,20:48:47.925,42.3478526,-71.0822628,48.9,-20.399999618530273,0.0,1769651106575
1313,344195072,1769651328376,20:48:48.376,42.3478526,-71.0822628,48.9,-20.399999618530273,0.0,1769651106575
1314,344457216,1769651328867,20:48:48.867,42.3478526,-71.0822628,48.9,-20.399999618530273,0.0,1769651106575
1315,344719360,1769651329284,20:48:49.284,42.3478526,-71.0822628,48.9,-20.399999618530273,0.0,1769651106575
1316,344981504,1769651329740,20:48:49.740,42.3478526,-71.0822628,48.9,-20.399999618530273,0.0,1769651106575
1317,345243648,1769651330154,20:48:50.154,42.3478526,-71.0822628,48.9,-20.399999618530273,0.0,1769651106575
1318,345505792,1769651330621,20:48:50.621,42.3478526,-71.0822628,48.9,-20.399999618530273,0.0,1769651106575
1319,345767936,1769651331073,20:48:51.073,42.3478526,-71.0822628,48.9,-20.399999618530273,0.0,1769651106575
1320,346030080,1769651331562,20:48:51.562,42.3478526,-71.0822628,48.9,-20.399999618530273,0.0,1769651106575
1321,346292224,1769651332085,20:48:52.085,42.3478526,-71.0822628,48.9,-20.399999618530273,0.0,1769651106575
1322,346554368,1769651332714,20:48:52.714,42.3478526,-71.0822628,48.9,-20.399999618530273,0.0,1769651106575
1323,346816512,1769651333204,20:48:53.204,42.3478526,-71.0822628,48.9,-20.399999618530273,0.0,1769651106575
1324,347078656,1769651333570,20:48:53.570,42.3478526,-71.0822628,48.9,-20.399999618530273,0.0,1769651106575
1325,347340800,1769651334030,20:48:54.030,42.3478526,-71.0822628,48.9,-20.399999618530273,0.0,1769651106575
1326,347602944,1769651334546,20:48:54.546,42.3478526,-71.0822628,48.9,-20.399999618530273,0.0,1769651106575
1327,347865088,1769651335061,20:48:55.061,42.3478526,-71.0822628,48.9,-20.399999618530273,0.0,1769651106575
1328,348127232,1769651335640,20:48:55.640,42.3478526,-71.0822628,48.9,-20.399999618530273,0.0,1769651106575
1329,348389376,1769651336145,20:48:56.145,42.3478526,-71.0822628,48.9,-20.399999618530273,0.0,1769651106575
1330,348651520,1769651336750,20:48:56.750,42.3478526,-71.0822628,48.9,-20.399999618530273,0.0,1769651106575
1331,348913664,1769651337183,20:48:57.183,42.3478526,-71.0822628,48.9,-20.399999618530273,0.0,1769651106575
1332,349175808,1769651337733,20:48:57.733,42.3478526,-71.0822628,48.9,-20.399999618530273,0.0,1769651106575
1333,349437952,1769651338134,20:48:58.134,42.3478526,-71.0822628,48.9,-20.399999618530273,0.0,1769651106575
1334,349700096,1769651338462,20:48:58.462,42.3478526,-71.0822628,48.9,-20.399999618530273,0.0,1769651106575
1335,349962240,1769651338972,20:48:58.972,42.3478526,-71.0822628,48.9,-20.399999618530273,0.0,1769651106575
1336,350224384,1769651339357,20:48:59.357,42.3478526,-71.0822628,48.9,-20.399999618530273,0.0,1769651106575
1337,350486528,1769651339712,20:48:59.712,42.3478526,-71.0822628,48.9,-20.399999618530273,0.0,1769651106575
1338,350748672,1769651340065,20:49:00.065,42.3478526,-71.0822628,48.9,-20.399999618530273,0.0,1769651106575
1339,351010816,1769651340416,20:49:00.416,42.3478526,-71.0822628,48.9,-20.399999618530273,0.0,1769651106575
1340,351272960,1769651340776,20:49:00.776,42.3478526,-71.0822628,48.9,-20.399999618530273,0.0,1769651106575
1341,351535104,1769651341154,20:49:01.154,42.3478526,-71.0822628,48.9,-20.399999618530273,0.0,1769651106575
1342,351797248,1769651341648,20:49:01.648,42.3478526,-71.0822628,48.9,-20.399999618530273,0.0,1769651106575
1343,352059392,1769651341967,20:49:01.967,42.3478526,-71.0822628,48.9,-20.399999618530273,0.0,1769651106575
1344,352321536,1769651342367,20:49:02.367,42.3478526,-71.0822628,48.9,-20.399999618530273,0.0,1769651106575
1345,352583680,1769651342731,20:49:02.731,42.3478526,-71.0822628,48.9,-20.399999618530273,0.0,1769651106575
1346,352845824,1769651343334,20:49:03.334,42.3478526,-71.0822628,48.9,-20.399999618530273,0.0,1769651106575
1347,353107968,1769651343820,20:49:03.820,42.3478526,-71.0822628,48.9,-20.399999618530273,0.0,1769651106575
1348,353370112,1769651344245,20:49:04.245,42.3478526,-71.0822628,48.9,-20.399999618530273,0.0,1769651106575
1349,353632256,1769651344737,20:49:04.737,42.3478526,-71.0822628,48.9,-20.399999618530273,0.0,1769651106575
1350,353894400,1769651345150,20:49:05.150,42.3478526,-71.0822628,48.9,-20.399999618530273,0.0,1769651106575
1351,354156544,1769651345561,20:49:05.561,42.3478526,-71.0822628,48.9,-20.399999618530273,0.0,1769651106575
1352,354418688,1769651345975,20:49:05.975,42.3478526,-71.0822628,48.9,-20.399999618530273,0.0,1769651106575
1353,354680832,1769651346571,20:49:06.571,42.3478526,-71.0822628,48.9,-20.399999618530273,0.0,1769651106575
1354,354942976,1769651346921,20:49:06.921,42.3478526,-71.0822628,48.9,-20.399999618530273,0.0,1769651106575
1355,355205120,1769651347268,20:49:07.268,42.3478526,-71.0822628,48.9,-20.399999618530273,0.0,1769651106575
1356,355467264,1769651347660,20:49:07.660,42.3478526,-71.0822628,48.9,-20.399999618530273,0.0,1769651106575
1357,355729408,1769651348047,20:49:08.047,42.3478526,-71.0822628,48.9,-20.399999618530273,0.0,1769651106575
1358,355991552,1769651348425,20:49:08.425,42.3478526,-71.0822628,48.9,-20.399999618530273,0.0,1769651106575
1359,356253696,1769651348734,20:49:08.734,42.3478526,-71.0822628,48.9,-20.399999618530273,0.0,1769651106575
1360,356515840,1769651349043,20:49:09.043,42.3478526,-71.0822628,48.9,-20.399999618530273,0.0,1769651106575
1361,356777984,1769651349392,20:49:09.392,42.3478526,-71.0822628,48.9,-20.399999618530273,0.0,1769651106575
1362,357040128,1769651349739,20:49:09.739,42.3478526,-71.0822628,48.9,-20.399999618530273,0.0,1769651106575
1363,357302272,1769651350089,20:49:10.089,42.3478526,-71.0822628,48.9,-20.399999618530273,0.0,1769651106575
1364,357564416,1769651350582,20:49:10.582,42.3478526,-71.0822628,48.9,-20.399999618530273,0.0,1769651106575
1365,357826560,1769651351027,20:49:11.027,42.3478526,-71.0822628,48.9,-20.399999618530273,0.0,1769651106575
1366,358088704,1769651351372,20:49:11.372,42.3478526,-71.0822628,48.9,-20.399999618530273,0.0,1769651106575
1367,358350848,1769651351914,20:49:11.914,42.3478526,-71.0822628,48.9,-20.399999618530273,0.0,1769651106575
1368,358612992,1769651352501,20:49:12.501,42.3478526,-71.0822628,48.9,-20.399999618530273,0.0,1769651106575
1369,358875136,1769651352977,20:49:12.977,42.3478526,-71.0822628,48.9,-20.399999618530273,0.0,1769651106575
1370,359137280,1769651353440,20:49:13.440,42.3478526,-71.0822628,48.9,-20.399999618530273,0.0,1769651106575
1371,359399424,1769651353862,20:49:13.862,42.3478526,-71.0822628,48.9,-20.399999618530273,0.0,1769651106575
1372,359661568,1769651354286,20:49:14.286,42.3478526,-71.0822628,48.9,-20.399999618530273,0.0,1769651106575
1373,359923712,1769651354864,20:49:14.864,42.3478526,-71.0822628,48.9,-20.399999618530273,0.0,1769651106575
1374,360185856,1769651355220,20:49:15.220,42.3478526,-71.0822628,48.9,-20.399999618530273,0.0,1769651106575
1375,360448000,1769651355721,20:49:15.721,42.3478526,-71.0822628,48.9,-20.399999618530273,0.0,1769651106575
1376,360710144,1769651356148,20:49:16.148,42.3478526,-71.0822628,48.9,-20.399999618530273,0.0,1769651106575
1377,360972288,1769651356638,20:49:16.638,42.3478526,-71.0822628,48.9,-20.399999618530273,0.0,1769651106575
1378,361234432,1769651357106,20:49:17.106,42.3478526,-71.0822628,48.9,-20.399999618530273,0.0,1769651106575
1379,361496576,1769651357684,20:49:17.684,42.3478526,-71.0822628,48.9,-20.399999618530273,0.0,1769651106575
1380,361758720,1769651358261,20:49:18.261,42.3478526,-71.0822628,48.9,-20.399999618530273,0.0,1769651106575
1381,362020864,1769651358673,20:49:18.673,42.3478526,-71.0822628,48.9,-20.399999618530273,0.0,1769651106575
1382,362283008,1769651359079,20:49:19.079,42.3478526,-71.0822628,48.9,-20.399999618530273,0.0,1769651106575
1383,362545152,1769651359572,20:49:19.572,42.3478526,-71.0822628,48.9,-20.399999618530273,0.0,1769651106575
1384,362807296,1769651360003,20:49:20.003,42.3478526,-71.0822628,48.9,-20.399999618530273,0.0,1769651106575
1385,363069440,1769651360356,20:49:20.356,42.3478526,-71.0822628,48.9,-20.399999618530273,0.0,1769651106575
1386,363331584,1769651360837,20:49:20.837,42.3478526,-71.0822628,48.9,-20.399999618530273,0.0,1769651106575
1387,363593728,1769651361237,20:49:21.237,42.3478526,-71.0822628,48.9,-20.399999618530273,0.0,1769651106575
1388,363855872,1769651361736,20:49:21.736,42.3478526,-71.0822628,48.9,-20.399999618530273,0.0,1769651106575
1389,364118016,1769651362185,20:49:22.185,42.3478526,-71.0822628,48.9,-20.399999618530273,0.0,1769651106575
1390,364380160,1769651362614,20:49:22.614,42.3478526,-71.0822628,48.9,-20.399999618530273,0.0,1769651106575
1391,364642304,1769651363144,20:49:23.144,42.3478526,-71.0822628,48.9,-20.399999618530273,0.0,1769651106575
1392,364904448,1769651363498,20:49:23.498,42.3478526,-71.0822628,48.9,-20.399999618530273,0.0,1769651106575
1393,365166592,1769651364130,20:49:24.130,42.3478526,-71.0822628,48.9,-20.399999618530273,0.0,1769651106575
1394,365428736,1769651364739,20:49:24.739,42.3478526,-71.0822628,48.9,-20.399999618530273,0.0,1769651106575
1395,365690880,1769651365381,20:49:25.381,42.3478526,-71.0822628,48.9,-20.399999618530273,0.0,1769651106575
1396,365953024,1769651365922,20:49:25.922,42.3478526,-71.0822628,48.9,-20.399999618530273,0.0,1769651106575
1397,366215168,1769651366529,20:49:26.529,42.3478526,-71.0822628,48.9,-20.399999618530273,0.0,1769651106575
1398,366477312,1769651366959,20:49:26.959,42.3478526,-71.0822628,48.9,-20.399999618530273,0.0,1769651106575
1399,366739456,1769651367433,20:49:27.433,42.3478526,-71.0822628,48.9,-20.399999618530273,0.0,1769651106575
1400,367001600,1769651367894,20:49:27.894,42.3478526,-71.0822628,48.9,-20.399999618530273,0.0,1769651106575
1401,367263744,1769651368422,20:49:28.422,42.3478526,-71.0822628,48.9,-20.399999618530273,0.0,1769651106575
1402,367525888,1769651369041,20:49:29.041,42.3478526,-71.0822628,48.9,-20.399999618530273,0.0,1769651106575
1403,367788032,1769651369487,20:49:29.487,42.3478526,-71.0822628,48.9,-20.399999618530273,0.0,1769651106575
1404,368050176,1769651369932,20:49:29.932,42.3478526,-71.0822628,48.9,-20.399999618530273,0.0,1769651106575
1405,368312320,1769651370498,20:49:30.498,42.3478526,-71.0822628,48.9,-20.399999618530273,0.0,1769651106575
1406,368574464,1769651370988,20:49:30.988,42.3478526,-71.0822628,48.9,-20.399999618530273,0.0,1769651106575
1407,368836608,1769651371409,20:49:31.409,42.3478526,-71.0822628,48.9,-20.399999618530273,0.0,1769651106575
1408,369098752,1769651371756,20:49:31.756,42.3478526,-71.0822628,48.9,-20.399999618530273,0.0,1769651106575
1409,369360896,1769651372109,20:49:32.109,42.3478526,-71.0822628,48.9,-20.399999618530273,0.0,1769651106575
1410,369623040,1769651372478,20:49:32.478,42.3478526,-71.0822628,48.9,-20.399999618530273,0.0,1769651106575
1411,369885184,1769651372911,20:49:32.911,42.3478526,-71.0822628,48.9,-20.399999618530273,0.0,1769651106575
1412,370147328,1769651373253,20:49:33.253,42.3478526,-71.0822628,48.9,-20.399999618530273,0.0,1769651106575
1413,370409472,1769651373603,20:49:33.603,42.3478526,-71.0822628,48.9,-20.399999618530273,0.0,1769651106575
1414,370671616,1769651373953,20:49:33.953,42.3478526,-71.0822628,48.9,-20.399999618530273,0.0,1769651106575
1415,370933760,1769651374409,20:49:34.409,42.3478526,-71.0822628,48.9,-20.399999618530273,0.0,1769651106575
1416,371195904,1769651374992,20:49:34.992,42.3478526,-71.0822628,48.9,-20.399999618530273,0.0,1769651106575
1417,371458048,1769651375512,20:49:35.512,42.3478526,-71.0822628,48.9,-20.399999618530273,0.0,1769651106575
1418,371720192,1769651376082,20:49:36.082,42.3478526,-71.0822628,48.9,-20.399999618530273,0.0,1769651106575
1419,371982336,1769651376547,20:49:36.547,42.3478526,-71.0822628,48.9,-20.399999618530273,0.0,1769651106575
1420,372244480,1769651377124,20:49:37.124,42.3478526,-71.0822628,48.9,-20.399999618530273,0.0,1769651106575
1421,372506624,1769651377794,20:49:37.794,42.3478526,-71.0822628,48.9,-20.399999618530273,0.0,1769651106575
1422,372768768,1769651378340,20:49:38.340,42.3478526,-71.0822628,48.9,-20.399999618530273,0.0,1769651106575
1423,373030912,1769651378871,20:49:38.871,42.3478526,-71.0822628,48.9,-20.399999618530273,0.0,1769651106575
1424,373293056,1769651379582,20:49:39.582,42.3478526,-71.0822628,48.9,-20.399999618530273,0.0,1769651106575
1425,373555200,1769651380081,20:49:40.081,42.3478526,-71.0822628,48.9,-20.399999618530273,0.0,1769651106575
1426,373817344,1769651380460,20:49:40.460,42.3478526,-71.0822628,48.9,-20.399999618530273,0.0,1769651106575
1427,374079488,1769651380799,20:49:40.799,42.3478526,-71.0822628,48.9,-20.399999618530273,0.0,1769651106575
1428,374341632,1769651381325,20:49:41.325,42.3478526,-71.0822628,48.9,-20.399999618530273,0.0,1769651106575
1429,374603776,1769651381848,20:49:41.848,42.3478526,-71.0822628,48.9,-20.399999618530273,0.0,1769651106575
1430,374865920,1769651382450,20:49:42.450,42.3478526,-71.0822628,48.9,-20.399999618530273,0.0,1769651106575
1431,375128064,1769651382929,20:49:42.929,42.3478526,-71.0822628,48.9,-20.399999618530273,0.0,1769651106575
1432,375390208,1769651383371,20:49:43.371,42.3478526,-71.0822628,48.9,-20.399999618530273,0.0,1769651106575
1433,375652352,1769651383887,20:49:43.887,42.3478526,-71.0822628,48.9,-20.399999618530273,0.0,1769651106575
1434,375914496,1769651384310,20:49:44.310,42.3478526,-71.0822628,48.9,-20.399999618530273,0.0,1769651106575
1435,376176640,1769651384661,20:49:44.661,42.3478526,-71.0822628,48.9,-20.399999618530273,0.0,1769651106575
1436,376438784,1769651385101,20:49:45.101,42.3478526,-71.0822628,48.9,-20.399999618530273,0.0,1769651106575
1437,376700928,1769651385520,20:49:45.520,42.3478526,-71.0822628,48.9,-20.399999618530273,0.0,1769651106575
1438,376963072,1769651386068,20:49:46.068,42.3478526,-71.0822628,48.9,-20.399999618530273,0.0,1769651106575
1439,377225216,1769651386497,20:49:46.497,42.3478526,-71.0822628,48.9,-20.399999618530273,0.0,1769651106575
1440,377487360,1769651386910,20:49:46.910,42.3478526,-71.0822628,48.9,-20.399999618530273,0.0,1769651106575
1441,377749504,1769651387261,20:49:47.261,42.3478526,-71.0822628,48.9,-20.399999618530273,0.0,1769651106575
1442,378011648,1769651387630,20:49:47.630,42.3478526,-71.0822628,48.9,-20.399999618530273,0.0,1769651106575
1443,378273792,1769651388126,20:49:48.126,42.3478526,-71.0822628,48.9,-20.399999618530273,0.0,1769651106575
1444,378535936,1769651388661,20:49:48.661,42.3478526,-71.0822628,48.9,-20.399999618530273,0.0,1769651106575
1445,378798080,1769651389065,20:49:49.065,42.3478526,-71.0822628,48.9,-20.399999618530273,0.0,1769651106575
1446,379060224,1769651389415,20:49:49.415,42.3478526,-71.0822628,48.9,-20.399999618530273,0.0,1769651106575
1447,379322368,1769651389803,20:49:49.803,42.3478526,-71.0822628,48.9,-20.399999618530273,0.0,1769651106575
1448,379584512,1769651390132,20:49:50.132,42.3478526,-71.0822628,48.9,-20.399999618530273,0.0,1769651106575
1449,379846656,1769651390501,20:49:50.501,42.3478526,-71.0822628,48.9,-20.399999618530273,0.0,1769651106575
1450,380108800,1769651390825,20:49:50.825,42.3478526,-71.0822628,48.9,-20.399999618530273,0.0,1769651106575
1451,380370944,1769651391147,20:49:51.147,42.3478526,-71.0822628,48.9,-20.399999618530273,0.0,1769651106575
1452,380633088,1769651391463,20:49:51.463,42.3478526,-71.0822628,48.9,-20.399999618530273,0.0,1769651106575
1453,380895232,1769651391797,20:49:51.797,42.3478526,-71.0822628,48.9,-20.399999618530273,0.0,1769651106575
1454,381157376,1769651392190,20:49:52.190,42.3478526,-71.0822628,48.9,-20.399999618530273,0.0,1769651106575
1455,381419520,1769651392533,20:49:52.533,42.3478526,-71.0822628,48.9,-20.399999618530273,0.0,1769651106575
1456,381681664,1769651392944,20:49:52.944,42.3478526,-71.0822628,48.9,-20.399999618530273,0.0,1769651106575
1457,381943808,1769651393300,20:49:53.300,42.3478526,-71.0822628,48.9,-20.399999618530273,0.0,1769651106575
1458,382205952,1769651393708,20:49:53.708,42.3478526,-71.0822628,48.9,-20.399999618530273,0.0,1769651106575
1459,382468096,1769651394128,20:49:54.128,42.3478526,-71.0822628,48.9,-20.399999618530273,0.0,1769651106575
1460,382730240,1769651394503,20:49:54.503,42.3478526,-71.0822628,48.9,-20.399999618530273,0.0,1769651106575
1461,382992384,1769651394974,20:49:54.974,42.3478526,-71.0822628,48.9,-20.399999618530273,0.0,1769651106575
1462,383254528,1769651395331,20:49:55.331,42.3478526,-71.0822628,48.9,-20.399999618530273,0.0,1769651106575
1463,383516672,1769651395745,20:49:55.745,42.3478526,-71.0822628,48.9,-20.399999618530273,0.0,1769651106575
1464,383778816,1769651396093,20:49:56.093,42.3478526,-71.0822628,48.9,-20.399999618530273,0.0,1769651106575
1465,384040960,1769651396421,20:49:56.421,42.3478526,-71.0822628,48.9,-20.399999618530273,0.0,1769651106575
1466,384303104,1769651396772,20:49:56.772,42.3478526,-71.0822628,48.9,-20.399999618530273,0.0,1769651106575
1467,384565248,1769651397141,20:49:57.141,42.3478526,-71.0822628,48.9,-20.399999618530273,0.0,1769651106575
1468,384827392,1769651397643,20:49:57.643,42.3478526,-71.0822628,48.9,-20.399999618530273,0.0,1769651106575
1469,385089536,1769651398145,20:49:58.145,42.3478526,-71.0822628,48.9,-20.399999618530273,0.0,1769651106575
1470,385351680,1769651398507,20:49:58.507,42.3478526,-71.0822628,48.9,-20.399999618530273,0.0,1769651106575
1471,385613824,1769651399137,20:49:59.137,42.3478526,-71.0822628,48.9,-20.399999618530273,0.0,1769651106575
1472,385875968,1769651399666,20:49:59.666,42.3478526,-71.0822628,48.9,-20.399999618530273,0.0,1769651106575
1473,386138112,1769651400161,20:50:00.161,42.3478526,-71.0822628,48.9,-20.399999618530273,0.0,1769651106575
1474,386400256,1769651400540,20:50:00.540,42.3478526,-71.0822628,48.9,-20.399999618530273,0.0,1769651106575
1475,386662400,1769651401007,20:50:01.007,42.3478526,-71.0822628,48.9,-20.399999618530273,0.0,1769651106575
1476,386924544,1769651401392,20:50:01.392,42.3478526,-71.0822628,48.9,-20.399999618530273,0.0,1769651106575
1477,387186688,1769651401813,20:50:01.813,42.3478526,-71.0822628,48.9,-20.399999618530273,0.0,1769651106575
1478,387448832,1769651402286,20:50:02.286,42.3478526,-71.0822628,48.9,-20.399999618530273,0.0,1769651106575
1479,387710976,1769651402656,20:50:02.656,42.3478526,-71.0822628,48.9,-20.399999618530273,0.0,1769651106575
1480,387973120,1769651403062,20:50:03.062,42.3478526,-71.0822628,48.9,-20.399999618530273,0.0,1769651106575
1481,388235264,1769651403488,20:50:03.488,42.3478526,-71.0822628,48.9,-20.399999618530273,0.0,1769651106575
1482,388497408,1769651404023,20:50:04.023,42.3478526,-71.0822628,48.9,-20.399999618530273,0.0,1769651106575
1483,388759552,1769651404482,20:50:04.482,42.3478526,-71.0822628,48.9,-20.399999618530273,0.0,1769651106575
1484,389021696,1769651405116,20:50:05.116,42.3478526,-71.0822628,48.9,-20.399999618530273,0.0,1769651106575
1485,389283840,1769651405631,20:50:05.631,42.3478526,-71.0822628,48.9,-20.399999618530273,0.0,1769651106575
1486,389545984,1769651406190,20:50:06.190,42.3478526,-71.0822628,48.9,-20.399999618530273,0.0,1769651106575
1487,389808128,1769651406690,20:50:06.690,42.3478526,-71.0822628,48.9,-20.399999618530273,0.0,1769651106575
1488,390070272,1769651407127,20:50:07.127,42.3478526,-71.0822628,48.9,-20.399999618530273,0.0,1769651106575
1489,390332416,1769651407566,20:50:07.566,42.3478526,-71.0822628,48.9,-20.399999618530273,0.0,1769651106575
1490,390594560,1769651408028,20:50:08.028,42.3478526,-71.0822628,48.9,-20.399999618530273,0.0,1769651106575
1491,390856704,1769651408447,20:50:08.447,42.3478526,-71.0822628,48.9,-20.399999618530273,0.0,1769651106575
1492,391118848,1769651408927,20:50:08.927,42.3478526,-71.0822628,48.9,-20.399999618530273,0.0,1769651106575
1493,391380992,1769651409495,20:50:09.495,42.3478526,-71.0822628,48.9,-20.399999618530273,0.0,1769651106575
1494,391643136,1769651409951,20:50:09.951,42.3478526,-71.0822628,48.9,-20.399999618530273,0.0,1769651106575
1495,391905280,1769651410505,20:50:10.505,42.3478526,-71.0822628,48.9,-20.399999618530273,0.0,1769651106575
1496,392167424,1769651410994,20:50:10.994,42.3478526,-71.0822628,48.9,-20.399999618530273,0.0,1769651106575
1497,392429568,1769651411475,20:50:11.475,42.3478526,-71.0822628,48.9,-20.399999618530273,0.0,1769651106575
1498,392691712,1769651411940,20:50:11.940,42.3478526,-71.0822628,48.9,-20.399999618530273,0.0,1769651106575
1499,392953856,1769651412346,20:50:12.346,42.3478526,-71.0822628,48.9,-20.399999618530273,0.0,1769651106575
1500,393216000,1769651412758,20:50:12.758,42.3478526,-71.0822628,48.9,-20.399999618530273,0.0,1769651106575
1501,393478144,1769651413244,20:50:13.244,42.3478526,-71.0822628,48.9,-20.399999618530273,0.0,1769651106575
1502,393740288,1769651413646,20:50:13.646,42.3478526,-71.0822628,48.9,-20.399999618530273,0.0,1769651106575
1503,394002432,1769651413996,20:50:13.996,42.3478526,-71.0822628,48.9,-20.399999618530273,0.0,1769651106575
1504,394264576,1769651414344,20:50:14.344,42.3478526,-71.0822628,48.9,-20.399999618530273,0.0,1769651106575
1505,394526720,1769651414736,20:50:14.736,42.3478526,-71.0822628,48.9,-20.399999618530273,0.0,1769651106575
1506,394788864,1769651415188,20:50:15.188,42.3478526,-71.0822628,48.9,-20.399999618530273,0.0,1769651106575
1507,395051008,1769651415689,20:50:15.689,42.3478526,-71.0822628,48.9,-20.399999618530273,0.0,1769651106575
1508,395313152,1769651416040,20:50:16.040,42.3478526,-71.0822628,48.9,-20.399999618530273,0.0,1769651106575
1509,395575296,1769651416450,20:50:16.450,42.3478526,-71.0822628,48.9,-20.399999618530273,0.0,1769651106575
1510,395837440,1769651416999,20:50:16.999,42.3478526,-71.0822628,48.9,-20.399999618530273,0.0,1769651106575
1511,396099584,1769651417412,20:50:17.412,42.3478526,-71.0822628,48.9,-20.399999618530273,0.0,1769651106575
1512,396361728,1769651417817,20:50:17.817,42.3478526,-71.0822628,48.9,-20.399999618530273,0.0,1769651106575
1513,396623872,1769651418223,20:50:18.223,42.3478526,-71.0822628,48.9,-20.399999618530273,0.0,1769651106575
1514,396886016,1769651418616,20:50:18.616,42.3478526,-71.0822628,48.9,-20.399999618530273,0.0,1769651106575
1515,397148160,1769651419104,20:50:19.104,42.3478526,-71.0822628,48.9,-20.399999618530273,0.0,1769651106575
1516,397410304,1769651419452,20:50:19.452,42.3478526,-71.0822628,48.9,-20.399999618530273,0.0,1769651106575
1517,397672448,1769651419882,20:50:19.882,42.3478526,-71.0822628,48.9,-20.399999618530273,0.0,1769651106575
1518,397934592,1769651420334,20:50:20.334,42.3478526,-71.0822628,48.9,-20.399999618530273,0.0,1769651106575
1519,398196736,1769651420719,20:50:20.719,42.3478526,-71.0822628,48.9,-20.399999618530273,0.0,1769651106575
1520,398458880,1769651421181,20:50:21.181,42.3478526,-71.0822628,48.9,-20.399999618530273,0.0,1769651106575
1521,398721024,1769651421615,20:50:21.615,42.3478526,-71.0822628,48.9,-20.399999618530273,0.0,1769651106575
1522,398983168,1769651421995,20:50:21.995,42.3478526,-71.0822628,48.9,-20.399999618530273,0.0,1769651106575
1523,399245312,1769651422416,20:50:22.416,42.3478526,-71.0822628,48.9,-20.399999618530273,0.0,1769651106575
1524,399507456,1769651422871,20:50:22.871,42.3478526,-71.0822628,48.9,-20.399999618530273,0.0,1769651106575
1525,399769600,1769651423299,20:50:23.299,42.3478526,-71.0822628,48.9,-20.399999618530273,0.0,1769651106575
1526,400031744,1769651423806,20:50:23.806,42.3478526,-71.0822628,48.9,-20.399999618530273,0.0,1769651106575
1527,400293888,1769651424301,20:50:24.301,42.3478526,-71.0822628,48.9,-20.399999618530273,0.0,1769651106575
1528,400556032,1769651424726,20:50:24.726,42.3478526,-71.0822628,48.9,-20.399999618530273,0.0,1769651106575
1529,400818176,1769651425134,20:50:25.134,42.3478526,-71.0822628,48.9,-20.399999618530273,0.0,1769651106575
1530,401080320,1769651425548,20:50:25.548,42.3478526,-71.0822628,48.9,-20.399999618530273,0.0,1769651106575
1531,401342464,1769651426162,20:50:26.162,42.3478526,-71.0822628,48.9,-20.399999618530273,0.0,1769651106575
1532,401604608,1769651426651,20:50:26.651,42.3478526,-71.0822628,48.9,-20.399999618530273,0.0,1769651106575
1533,401866752,1769651427132,20:50:27.132,42.3478526,-71.0822628,48.9,-20.399999618530273,0.0,1769651106575
1534,402128896,1769651427634,20:50:27.634,42.3478526,-71.0822628,48.9,-20.399999618530273,0.0,1769651106575
1535,402391040,1769651428101,20:50:28.101,42.3478526,-71.0822628,48.9,-20.399999618530273,0.0,1769651106575
1536,402653184,1769651428535,20:50:28.535,42.3478526,-71.0822628,48.9,-20.399999618530273,0.0,1769651106575
1537,402915328,1769651428945,20:50:28.945,42.3478526,-71.0822628,48.9,-20.399999618530273,0.0,1769651106575
1538,403177472,1769651429349,20:50:29.349,42.3478526,-71.0822628,48.9,-20.399999618530273,0.0,1769651106575
1539,403439616,1769651429794,20:50:29.794,42.3478526,-71.0822628,48.9,-20.399999618530273,0.0,1769651106575
1540,403701760,1769651430203,20:50:30.203,42.3478526,-71.0822628,48.9,-20.399999618530273,0.0,1769651106575
1541,403963904,1769651430635,20:50:30.635,42.3478526,-71.0822628,48.9,-20.399999618530273,0.0,1769651106575
1542,404226048,1769651431040,20:50:31.040,42.3478526,-71.0822628,48.9,-20.399999618530273,0.0,1769651106575
1543,404488192,1769651431464,20:50:31.464,42.3478526,-71.0822628,48.9,-20.399999618530273,0.0,1769651106575
1544,404750336,1769651431827,20:50:31.827,42.3478526,-71.0822628,48.9,-20.399999618530273,0.0,1769651106575
1545,405012480,1769651432207,20:50:32.207,42.3478526,-71.0822628,48.9,-20.399999618530273,0.0,1769651106575
1546,405274624,1769651432567,20:50:32.567,42.3478526,-71.0822628,48.9,-20.399999618530273,0.0,1769651106575
1547,405536768,1769651432954,20:50:32.954,42.3478526,-71.0822628,48.9,-20.399999618530273,0.0,1769651106575
1548,405798912,1769651433307,20:50:33.307,42.3478526,-71.0822628,48.9,-20.399999618530273,0.0,1769651106575
1549,406061056,1769651433634,20:50:33.634,42.3478526,-71.0822628,48.9,-20.399999618530273,0.0,1769651106575
1550,406323200,1769651433986,20:50:33.986,42.3478526,-71.0822628,48.9,-20.399999618530273,0.0,1769651106575
1551,406585344,1769651434337,20:50:34.337,42.3478526,-71.0822628,48.9,-20.399999618530273,0.0,1769651106575
1552,406847488,1769651434687,20:50:34.687,42.3478526,-71.0822628,48.9,-20.399999618530273,0.0,1769651106575
1553,407109632,1769651435041,20:50:35.041,42.3478526,-71.0822628,48.9,-20.399999618530273,0.0,1769651106575
1554,407371776,1769651435387,20:50:35.387,42.3478526,-71.0822628,48.9,-20.399999618530273,0.0,1769651106575
1555,407633920,1769651435793,20:50:35.793,42.3478526,-71.0822628,48.9,-20.399999618530273,0.0,1769651106575
1556,407896064,1769651436215,20:50:36.215,42.3478526,-71.0822628,48.9,-20.399999618530273,0.0,1769651106575
1557,408158208,1769651436718,20:50:36.718,42.3478526,-71.0822628,48.9,-20.399999618530273,0.0,1769651106575
1558,408420352,1769651437150,20:50:37.150,42.3478526,-71.0822628,48.9,-20.399999618530273,0.0,1769651106575
1559,408682496,1769651437546,20:50:37.546,42.3478526,-71.0822628,48.9,-20.399999618530273,0.0,1769651106575
1560,408944640,1769651438065,20:50:38.065,42.3478526,-71.0822628,48.9,-20.399999618530273,0.0,1769651106575
1561,409206784,1769651438584,20:50:38.584,42.3478526,-71.0822628,48.9,-20.399999618530273,0.0,1769651106575
1562,409468928,1769651439153,20:50:39.153,42.3478526,-71.0822628,48.9,-20.399999618530273,0.0,1769651106575
1563,409731072,1769651439646,20:50:39.646,42.3478526,-71.0822628,48.9,-20.399999618530273,0.0,1769651106575
1564,409993216,1769651440048,20:50:40.048,42.3478526,-71.0822628,48.9,-20.399999618530273,0.0,1769651106575
1565,410255360,1769651440462,20:50:40.462,42.3478526,-71.0822628,48.9,-20.399999618530273,0.0,1769651106575
1566,410517504,1769651440962,20:50:40.962,42.3478526,-71.0822628,48.9,-20.399999618530273,0.0,1769651106575
1567,410779648,1769651441395,20:50:41.395,42.3478526,-71.0822628,48.9,-20.399999618530273,0.0,1769651106575
1568,411041792,1769651441856,20:50:41.856,42.3478526,-71.0822628,48.9,-20.399999618530273,0.0,1769651106575
1569,411303936,1769651442181,20:50:42.181,42.3478526,-71.0822628,48.9,-20.399999618530273,0.0,1769651106575
1570,411566080,1769651442619,20:50:42.619,42.3478526,-71.0822628,48.9,-20.399999618530273,0.0,1769651106575
1571,411828224,1769651443301,20:50:43.301,42.3478526,-71.0822628,48.9,-20.399999618530273,0.0,1769651106575
1572,412090368,1769651443670,20:50:43.670,42.3478526,-71.0822628,48.9,-20.399999618530273,0.0,1769651106575
1573,412352512,1769651444093,20:50:44.093,42.3478526,-71.0822628,48.9,-20.399999618530273,0.0,1769651106575
1574,412614656,1769651444546,20:50:44.546,42.3478526,-71.0822628,48.9,-20.399999618530273,0.0,1769651106575
1575,412876800,1769651445080,20:50:45.080,42.3478526,-71.0822628,48.9,-20.399999618530273,0.0,1769651106575
1576,413138944,1769651445541,20:50:45.541,42.3478526,-71.0822628,48.9,-20.399999618530273,0.0,1769651106575
1577,413401088,1769651445943,20:50:45.943,42.3478526,-71.0822628,48.9,-20.399999618530273,0.0,1769651106575
1578,413663232,1769651446255,20:50:46.255,42.3478526,-71.0822628,48.9,-20.399999618530273,0.0,1769651106575
1579,413925376,1769651446559,20:50:46.559,42.3478526,-71.0822628,48.9,-20.399999618530273,0.0,1769651106575
1580,414187520,1769651447124,20:50:47.124,42.3478526,-71.0822628,48.9,-20.399999618530273,0.0,1769651106575
1581,414449664,1769651447529,20:50:47.529,42.3478526,-71.0822628,48.9,-20.399999618530273,0.0,1769651106575
1582,414711808,1769651447879,20:50:47.879,42.3478526,-71.0822628,48.9,-20.399999618530273,0.0,1769651106575
1583,414973952,1769651448388,20:50:48.388,42.3478526,-71.0822628,48.9,-20.399999618530273,0.0,1769651106575
1584,415236096,1769651448789,20:50:48.789,42.3478526,-71.0822628,48.9,-20.399999618530273,0.0,1769651106575
1585,415498240,1769651449268,20:50:49.268,42.3478526,-71.0822628,48.9,-20.399999618530273,0.0,1769651106575
1586,415760384,1769651449824,20:50:49.824,42.3478526,-71.0822628,48.9,-20.399999618530273,0.0,1769651106575
1587,416022528,1769651450217,20:50:50.217,42.3478526,-71.0822628,48.9,-20.399999618530273,0.0,1769651106575
1588,416284672,1769651450780,20:50:50.780,42.3478526,-71.0822628,48.9,-20.399999618530273,0.0,1769651106575
1589,416546816,1769651451212,20:50:51.212,42.3478526,-71.0822628,48.9,-20.399999618530273,0.0,1769651106575
1590,416808960,1769651451649,20:50:51.649,42.3478526,-71.0822628,48.9,-20.399999618530273,0.0,1769651106575
1591,417071104,1769651452206,20:50:52.206,42.3478526,-71.0822628,48.9,-20.399999618530273,0.0,1769651106575
1592,417333248,1769651452751,20:50:52.751,42.3478526,-71.0822628,48.9,-20.399999618530273,0.0,1769651106575
1593,417595392,1769651453306,20:50:53.306,42.3478526,-71.0822628,48.9,-20.399999618530273,0.0,1769651106575
1594,417857536,1769651453725,20:50:53.725,42.3478526,-71.0822628,48.9,-20.399999618530273,0.0,1769651106575
1595,418119680,1769651454206,20:50:54.206,42.3478526,-71.0822628,48.9,-20.399999618530273,0.0,1769651106575
1596,418381824,1769651454576,20:50:54.576,42.3478526,-71.0822628,48.9,-20.399999618530273,0.0,1769651106575
1597,418643968,1769651455154,20:50:55.154,42.3478526,-71.0822628,48.9,-20.399999618530273,0.0,1769651106575
1598,418906112,1769651455694,20:50:55.694,42.3478526,-71.0822628,48.9,-20.399999618530273,0.0,1769651106575
1599,419168256,1769651456298,20:50:56.298,42.3478526,-71.0822628,48.9,-20.399999618530273,0.0,1769651106575
1600,419430400,1769651456854,20:50:56.854,42.3478526,-71.0822628,48.9,-20.399999618530273,0.0,1769651106575
1601,419692544,1769651457371,20:50:57.371,42.3478526,-71.0822628,48.9,-20.399999618530273,0.0,1769651106575
1602,419954688,1769651457872,20:50:57.872,42.3478526,-71.0822628,48.9,-20.399999618530273,0.0,1769651106575
1603,420216832,1769651458436,20:50:58.436,42.3478526,-71.0822628,48.9,-20.399999618530273,0.0,1769651106575
1604,420478976,1769651459016,20:50:59.016,42.3478526,-71.0822628,48.9,-20.399999618530273,0.0,1769651106575
1605,420741120,1769651459517,20:50:59.517,42.3478526,-71.0822628,48.9,-20.399999618530273,0.0,1769651106575
1606,421003264,1769651460144,20:51:00.144,42.3478526,-71.0822628,48.9,-20.399999618530273,0.0,1769651106575
1607,421265408,1769651460521,20:51:00.521,42.3478526,-71.0822628,48.9,-20.399999618530273,0.0,1769651106575
1608,421527552,1769651460849,20:51:00.849,42.3478526,-71.0822628,48.9,-20.399999618530273,0.0,1769651106575
1609,421789696,1769651461200,20:51:01.200,42.3478526,-71.0822628,48.9,-20.399999618530273,0.0,1769651106575
1610,422051840,1769651461553,20:51:01.553,42.3478526,-71.0822628,48.9,-20.399999618530273,0.0,1769651106575
1611,422313984,1769651461936,20:51:01.936,42.3478526,-71.0822628,48.9,-20.399999618530273,0.0,1769651106575
1612,422576128,1769651462381,20:51:02.381,42.3478526,-71.0822628,48.9,-20.399999618530273,0.0,1769651106575
1613,422838272,1769651462754,20:51:02.754,42.3478526,-71.0822628,48.9,-20.399999618530273,0.0,1769651106575
1614,423100416,1769651463147,20:51:03.147,42.3478526,-71.0822628,48.9,-20.399999618530273,0.0,1769651106575
1615,423362560,1769651463495,20:51:03.495,42.3478526,-71.0822628,48.9,-20.399999618530273,0.0,1769651106575
1616,423624704,1769651463979,20:51:03.979,42.3478526,-71.0822628,48.9,-20.399999618530273,0.0,1769651106575
1617,423886848,1769651464400,20:51:04.400,42.3478526,-71.0822628,48.9,-20.399999618530273,0.0,1769651106575
1618,424148992,1769651464982,20:51:04.982,42.3478526,-71.0822628,48.9,-20.399999618530273,0.0,1769651106575
1619,424411136,1769651465424,20:51:05.424,42.3478526,-71.0822628,48.9,-20.399999618530273,0.0,1769651106575
1620,424673280,1769651465905,20:51:05.905,42.3478526,-71.0822628,48.9,-20.399999618530273,0.0,1769651106575
1621,424935424,1769651466337,20:51:06.337,42.3478526,-71.0822628,48.9,-20.399999618530273,0.0,1769651106575
1622,425197568,1769651466697,20:51:06.697,42.3478526,-71.0822628,48.9,-20.399999618530273,0.0,1769651106575
1623,425459712,1769651467014,20:51:07.014,42.3478526,-71.0822628,48.9,-20.399999618530273,0.0,1769651106575
1624,425721856,1769651467384,20:51:07.384,42.3478526,-71.0822628,48.9,-20.399999618530273,0.0,1769651106575
1625,425984000,1769651467733,20:51:07.733,42.3478526,-71.0822628,48.9,-20.399999618530273,0.0,1769651106575
1626,426246144,1769651468082,20:51:08.082,42.3478526,-71.0822628,48.9,-20.399999618530273,0.0,1769651106575
1627,426508288,1769651468500,20:51:08.500,42.3478526,-71.0822628,48.9,-20.399999618530273,0.0,1769651106575
1628,426770432,1769651468977,20:51:08.977,42.3478526,-71.0822628,48.9,-20.399999618530273,0.0,1769651106575
1629,427032576,1769651469459,20:51:09.459,42.3478526,-71.0822628,48.9,-20.399999618530273,0.0,1769651106575
1630,427294720,1769651469855,20:51:09.855,42.3478526,-71.0822628,48.9,-20.399999618530273,0.0,1769651106575
1631,427556864,1769651470322,20:51:10.322,42.3478526,-71.0822628,48.9,-20.399999618530273,0.0,1769651106575
1632,427819008,1769651470733,20:51:10.733,42.3478526,-71.0822628,48.9,-20.399999618530273,0.0,1769651106575
1633,428081152,1769651471153,20:51:11.153,42.3478526,-71.0822628,48.9,-20.399999618530273,0.0,1769651106575
1634,428343296,1769651471560,20:51:11.560,42.3478526,-71.0822628,48.9,-20.399999618530273,0.0,1769651106575
1635,428605440,1769651472037,20:51:12.037,42.3478526,-71.0822628,48.9,-20.399999618530273,0.0,1769651106575
1636,428867584,1769651472601,20:51:12.601,42.3478526,-71.0822628,48.9,-20.399999618530273,0.0,1769651106575
1637,429129728,1769651473065,20:51:13.065,42.3478526,-71.0822628,48.9,-20.399999618530273,0.0,1769651106575
1638,429391872,1769651473503,20:51:13.503,42.3478526,-71.0822628,48.9,-20.399999618530273,0.0,1769651106575
1639,429654016,1769651473911,20:51:13.911,42.3478526,-71.0822628,48.9,-20.399999618530273,0.0,1769651106575
1640,429916160,1769651474267,20:51:14.267,42.3478526,-71.0822628,48.9,-20.399999618530273,0.0,1769651106575
1641,430178304,1769651474660,20:51:14.660,42.3478526,-71.0822628,48.9,-20.399999618530273,0.0,1769651106575
1642,430440448,1769651475215,20:51:15.215,42.3478526,-71.0822628,48.9,-20.399999618530273,0.0,1769651106575
1643,430702592,1769651475668,20:51:15.668,42.3478526,-71.0822628,48.9,-20.399999618530273,0.0,1769651106575
1644,430964736,1769651476046,20:51:16.046,42.3478526,-71.0822628,48.9,-20.399999618530273,0.0,1769651106575
1645,431226880,1769651476582,20:51:16.582,42.3478526,-71.0822628,48.9,-20.399999618530273,0.0,1769651106575
1646,431489024,1769651476981,20:51:16.981,42.3478526,-71.0822628,48.9,-20.399999618530273,0.0,1769651106575
1647,431751168,1769651477534,20:51:17.534,42.3478526,-71.0822628,48.9,-20.399999618530273,0.0,1769651106575
1648,432013312,1769651478029,20:51:18.029,42.3478526,-71.0822628,48.9,-20.399999618530273,0.0,1769651106575
1649,432275456,1769651478498,20:51:18.498,42.3478526,-71.0822628,48.9,-20.399999618530273,0.0,1769651106575
1650,432537600,1769651478986,20:51:18.986,42.3478526,-71.0822628,48.9,-20.399999618530273,0.0,1769651106575
1651,432799744,1769651479417,20:51:19.417,42.3478526,-71.0822628,48.9,-20.399999618530273,0.0,1769651106575
1652,433061888,1769651479799,20:51:19.799,42.3478526,-71.0822628,48.9,-20.399999618530273,0.0,1769651106575
1653,433324032,1769651480192,20:51:20.192,42.3478526,-71.0822628,48.9,-20.399999618530273,0.0,1769651106575
1654,433586176,1769651480686,20:51:20.686,42.3478526,-71.0822628,48.9,-20.399999618530273,0.0,1769651106575
1655,433848320,1769651481074,20:51:21.074,42.3478526,-71.0822628,48.9,-20.399999618530273,0.0,1769651106575
1656,434110464,1769651481463,20:51:21.463,42.3478526,-71.0822628,48.9,-20.399999618530273,0.0,1769651106575
1657,434372608,1769651481818,20:51:21.818,42.3478526,-71.0822628,48.9,-20.399999618530273,0.0,1769651106575
1658,434634752,1769651482283,20:51:22.283,42.3474823,-71.0818235,116.1,-16.299999237060547,0.0,1769651482095
1659,434896896,1769651482705,20:51:22.705,42.3474823,-71.0818235,116.1,-16.299999237060547,0.0,1769651482095
1660,435159040,1769651483090,20:51:23.090,42.3474823,-71.0818235,116.1,-16.299999237060547,0.0,1769651482095
1661,435421184,1769651483564,20:51:23.564,42.3474823,-71.0818235,116.1,-16.299999237060547,0.0,1769651482095
1662,435683328,1769651483991,20:51:23.991,42.3474823,-71.0818235,116.1,-16.299999237060547,0.0,1769651482095
1663,435945472,1769651484473,20:51:24.473,42.3474823,-71.0818235,116.1,-16.299999237060547,0.0,1769651482095
1664,436207616,1769651484903,20:51:24.903,42.3474823,-71.0818235,116.1,-16.299999237060547,0.0,1769651482095
1665,436469760,1769651485347,20:51:25.347,42.3474823,-71.0818235,116.1,-16.299999237060547,0.0,1769651482095
1666,436731904,1769651485749,20:51:25.749,42.3474823,-71.0818235,116.1,-16.299999237060547,0.0,1769651482095
1667,436994048,1769651486218,20:51:26.218,42.3474823,-71.0818235,116.1,-16.299999237060547,0.0,1769651482095
1668,437256192,1769651486634,20:51:26.634,42.3474823,-71.0818235,116.1,-16.299999237060547,0.0,1769651482095
1669,437518336,1769651487088,20:51:27.088,42.3474823,-71.0818235,116.1,-16.299999237060547,0.0,1769651482095
1670,437780480,1769651487435,20:51:27.435,42.3474823,-71.0818235,116.1,-16.299999237060547,0.0,1769651482095
1671,438042624,1769651487783,20:51:27.783,42.3474823,-71.0818235,116.1,-16.299999237060547,0.0,1769651482095
1672,438304768,1769651488154,20:51:28.154,42.3474823,-71.0818235,116.1,-16.299999237060547,0.0,1769651482095
1673,438566912,1769651488539,20:51:28.539,42.3474823,-71.0818235,116.1,-16.299999237060547,0.0,1769651482095
1674,438829056,1769651489041,20:51:29.041,42.3474823,-71.0818235,116.1,-16.299999237060547,0.0,1769651482095
1675,439091200,1769651489467,20:51:29.467,42.3474823,-71.0818235,116.1,-16.299999237060547,0.0,1769651482095
1676,439353344,1769651489845,20:51:29.845,42.3474823,-71.0818235,116.1,-16.299999237060547,0.0,1769651482095
1677,439615488,1769651490209,20:51:30.209,42.3474823,-71.0818235,116.1,-16.299999237060547,0.0,1769651482095
1678,439877632,1769651490582,20:51:30.582,42.3474823,-71.0818235,116.1,-16.299999237060547,0.0,1769651482095
1679,440139776,1769651491078,20:51:31.078,42.3474823,-71.0818235,116.1,-16.299999237060547,0.0,1769651482095
1680,440401920,1769651491414,20:51:31.414,42.3474823,-71.0818235,116.1,-16.299999237060547,0.0,1769651482095
1681,440664064,1769651491818,20:51:31.818,42.3474823,-71.0818235,116.1,-16.299999237060547,0.0,1769651482095
1682,440926208,1769651492192,20:51:32.192,42.3474823,-71.0818235,116.1,-16.299999237060547,0.0,1769651482095
1683,441188352,1769651492486,20:51:32.486,42.3474823,-71.0818235,116.1,-16.299999237060547,0.0,1769651482095
1684,441450496,1769651492820,20:51:32.820,42.3474823,-71.0818235,116.1,-16.299999237060547,0.0,1769651482095
1685,441712640,1769651493170,20:51:33.170,42.3474823,-71.0818235,116.1,-16.299999237060547,0.0,1769651482095
1686,441974784,1769651493526,20:51:33.526,42.3474823,-71.0818235,116.1,-16.299999237060547,0.0,1769651482095
1687,442236928,1769651493870,20:51:33.870,42.3474823,-71.0818235,116.1,-16.299999237060547,0.0,1769651482095
1688,442499072,1769651494239,20:51:34.239,42.3474823,-71.0818235,116.1,-16.299999237060547,0.0,1769651482095
1689,442761216,1769651494593,20:51:34.593,42.3474823,-71.0818235,116.1,-16.299999237060547,0.0,1769651482095
1690,443023360,1769651494944,20:51:34.944,42.3474823,-71.0818235,116.1,-16.299999237060547,0.0,1769651482095
1691,443285504,1769651495293,20:51:35.293,42.3474823,-71.0818235,116.1,-16.299999237060547,0.0,1769651482095
1692,443547648,1769651495664,20:51:35.664,42.3474823,-71.0818235,116.1,-16.299999237060547,0.0,1769651482095
1693,443809792,1769651496014,20:51:36.014,42.3474823,-71.0818235,116.1,-16.299999237060547,0.0,1769651482095
1694,444071936,1769651496373,20:51:36.373,42.3474823,-71.0818235,116.1,-16.299999237060547,0.0,1769651482095
1695,444334080,1769651496837,20:51:36.837,42.3474823,-71.0818235,116.1,-16.299999237060547,0.0,1769651482095
1696,444596224,1769651497256,20:51:37.256,42.3474823,-71.0818235,116.1,-16.299999237060547,0.0,1769651482095
1697,444858368,1769651497777,20:51:37.777,42.3474823,-71.0818235,116.1,-16.299999237060547,0.0,1769651482095
1698,445120512,1769651498188,20:51:38.188,42.3474823,-71.0818235,116.1,-16.299999237060547,0.0,1769651482095
1699,445382656,1769651498494,20:51:38.494,42.3474823,-71.0818235,116.1,-16.299999237060547,0.0,1769651482095
1700,445644800,1769651498828,20:51:38.828,42.3474823,-71.0818235,116.1,-16.299999237060547,0.0,1769651482095
1701,445906944,1769651499244,20:51:39.244,42.3474823,-71.0818235,116.1,-16.299999237060547,0.0,1769651482095
1702,446169088,1769651499604,20:51:39.604,42.3474823,-71.0818235,116.1,-16.299999237060547,0.0,1769651482095
1703,446431232,1769651499958,20:51:39.958,42.3474823,-71.0818235,116.1,-16.299999237060547,0.0,1769651482095
1704,446693376,1769651500420,20:51:40.420,42.3474823,-71.0818235,116.1,-16.299999237060547,0.0,1769651482095
1705,446955520,1769651500782,20:51:40.782,42.3474823,-71.0818235,116.1,-16.299999237060547,0.0,1769651482095
1706,447217664,1769651501135,20:51:41.135,42.3474823,-71.0818235,116.1,-16.299999237060547,0.0,1769651482095
1707,447479808,1769651501483,20:51:41.483,42.3474823,-71.0818235,116.1,-16.299999237060547,0.0,1769651482095
1708,447741952,1769651501834,20:51:41.834,42.3474823,-71.0818235,116.1,-16.299999237060547,0.0,1769651482095
1709,448004096,1769651502187,20:51:42.187,42.3474823,-71.0818235,116.1,-16.299999237060547,0.0,1769651482095
1710,448266240,1769651502536,20:51:42.536,42.3474823,-71.0818235,116.1,-16.299999237060547,0.0,1769651482095
1711,448528384,1769651502921,20:51:42.921,42.3474823,-71.0818235,116.1,-16.299999237060547,0.0,1769651482095
1712,448790528,1769651503346,20:51:43.346,42.3474823,-71.0818235,116.1,-16.299999237060547,0.0,1769651482095
1713,449052672,1769651503735,20:51:43.735,42.3474823,-71.0818235,116.1,-16.299999237060547,0.0,1769651482095
1714,449314816,1769651504181,20:51:44.181,42.3474823,-71.0818235,116.1,-16.299999237060547,0.0,1769651482095
1715,449576960,1769651504601,20:51:44.601,42.3474823,-71.0818235,116.1,-16.299999237060547,0.0,1769651482095
1716,449839104,1769651505118,20:51:45.118,42.3474823,-71.0818235,116.1,-16.299999237060547,0.0,1769651482095
1717,450101248,1769651505577,20:51:45.577,42.3474823,-71.0818235,116.1,-16.299999237060547,0.0,1769651482095
1718,450363392,1769651505922,20:51:45.922,42.3474823,-71.0818235,116.1,-16.299999237060547,0.0,1769651482095
1719,450625536,1769651506348,20:51:46.348,42.3474823,-71.0818235,116.1,-16.299999237060547,0.0,1769651482095
1720,450887680,1769651506912,20:51:46.912,42.3474823,-71.0818235,116.1,-16.299999237060547,0.0,1769651482095
1721,451149824,1769651507281,20:51:47.281,42.3474823,-71.0818235,116.1,-16.299999237060547,0.0,1769651482095
1722,451411968,1769651507637,20:51:47.637,42.3474823,-71.0818235,116.1,-16.299999237060547,0.0,1769651482095
1723,451674112,1769651507986,20:51:47.986,42.3474823,-71.0818235,116.1,-16.299999237060547,0.0,1769651482095
1724,451936256,1769651508337,20:51:48.337,42.3474823,-71.0818235,116.1,-16.299999237060547,0.0,1769651482095
1725,452198400,1769651508684,20:51:48.684,42.3474823,-71.0818235,116.1,-16.299999237060547,0.0,1769651482095
1726,452460544,1769651509036,20:51:49.036,42.3471965,-71.0770839,52.4,-14.632783964607496,0.0,1769651508821
1727,452722688,1769651509384,20:51:49.384,42.3471965,-71.0770839,52.4,-14.632783964607496,0.0,1769651508821
1728,452984832,1769651509734,20:51:49.734,42.3471965,-71.0770839,52.4,-14.632783964607496,0.0,1769651508821
1729,453246976,1769651510093,20:51:50.093,42.3471965,-71.0770839,52.4,-14.632783964607496,0.0,1769651508821
1730,453509120,1769651510477,20:51:50.477,42.3471965,-71.0770839,52.4,-14.632783964607496,0.0,1769651508821
1731,453771264,1769651511073,20:51:51.073,42.3471965,-71.0770839,52.4,-14.632783964607496,0.0,1769651508821
1732,454033408,1769651511498,20:51:51.498,42.3471965,-71.0770839,52.4,-14.632783964607496,0.0,1769651508821
1733,454295552,1769651511920,20:51:51.920,42.3471965,-71.0770839,52.4,-14.632783964607496,0.0,1769651508821
1734,454557696,1769651512411,20:51:52.411,42.3471965,-71.0770839,52.4,-14.632783964607496,0.0,1769651508821
1735,454819840,1769651512848,20:51:52.848,42.3471965,-71.0770839,52.4,-14.632783964607496,0.0,1769651508821
1736,455081984,1769651513246,20:51:53.246,42.3471965,-71.0770839,52.4,-14.632783964607496,0.0,1769651508821
1737,455344128,1769651513719,20:51:53.719,42.3471965,-71.0770839,52.4,-14.632783964607496,0.0,1769651508821
1738,455606272,1769651514104,20:51:54.104,42.3471965,-71.0770839,52.4,-14.632783964607496,0.0,1769651508821
1739,455868416,1769651514450,20:51:54.450,42.3471965,-71.0770839,52.4,-14.632783964607496,0.0,1769651508821
1740,456130560,1769651514797,20:51:54.797,42.3471965,-71.0770839,52.4,-14.632783964607496,0.0,1769651508821
1741,456392704,1769651515152,20:51:55.152,42.3471965,-71.0770839,52.4,-14.632783964607496,0.0,1769651508821
1742,456654848,1769651515514,20:51:55.514,42.3471965,-71.0770839,52.4,-14.632783964607496,0.0,1769651508821
1743,456916992,1769651515855,20:51:55.855,42.3467246,-71.0772272,128.899,-16.299999237060547,0.0,1769651515475
1744,457179136,1769651516207,20:51:56.207,42.3467246,-71.0772272,128.899,-16.299999237060547,0.0,1769651515475
1745,457441280,1769651516568,20:51:56.568,42.3467246,-71.0772272,128.899,-16.299999237060547,0.0,1769651515475
1746,457703424,1769651517002,20:51:57.002,42.3467246,-71.0772272,128.899,-16.299999237060547,0.0,1769651515475
1747,457965568,1769651517446,20:51:57.446,42.3467246,-71.0772272,128.899,-16.299999237060547,0.0,1769651515475
1748,458227712,1769651517932,20:51:57.932,42.3467246,-71.0772272,128.899,-16.299999237060547,0.0,1769651515475
1749,458489856,1769651518274,20:51:58.274,42.3467246,-71.0772272,128.899,-16.299999237060547,0.0,1769651515475
1750,458752000,1769651518717,20:51:58.717,42.3467246,-71.0772272,128.899,-16.299999237060547,0.0,1769651515475
1751,459014144,1769651519182,20:51:59.182,42.3467246,-71.0772272,128.899,-16.299999237060547,0.0,1769651515475
1752,459276288,1769651519588,20:51:59.588,42.3467246,-71.0772272,128.899,-16.299999237060547,0.0,1769651515475
1753,459538432,1769651520016,20:52:00.016,42.3467246,-71.0772272,128.899,-16.299999237060547,0.0,1769651515475
1754,459800576,1769651520408,20:52:00.408,42.3467246,-71.0772272,128.899,-16.299999237060547,0.0,1769651515475
1755,460062720,1769651520918,20:52:00.918,42.3467246,-71.0772272,128.899,-16.299999237060547,0.0,1769651515475
1756,460324864,1769651521323,20:52:01.323,42.3467246,-71.0772272,128.899,-16.299999237060547,0.0,1769651515475
1757,460587008,1769651521678,20:52:01.678,42.3467246,-71.0772272,128.899,-16.299999237060547,0.0,1769651515475
1758,460849152,1769651522113,20:52:02.113,42.3467246,-71.0772272,128.899,-16.299999237060547,0.0,1769651515475
1759,461111296,1769651522509,20:52:02.509,42.3467246,-71.0772272,128.899,-16.299999237060547,0.0,1769651515475
1760,461373440,1769651522942,20:52:02.942,42.3467246,-71.0772272,128.899,-16.299999237060547,0.0,1769651515475
1761,461635584,1769651523381,20:52:03.381,42.3467246,-71.0772272,128.899,-16.299999237060547,0.0,1769651515475
1762,461897728,1769651523709,20:52:03.709,42.3467246,-71.0772272,128.899,-16.299999237060547,0.0,1769651515475
1763,462159872,1769651524057,20:52:04.057,42.3467246,-71.0772272,128.899,-16.299999237060547,0.0,1769651515475
1764,462422016,1769651524462,20:52:04.462,42.3467246,-71.0772272,128.899,-16.299999237060547,0.0,1769651515475
1765,462684160,1769651524931,20:52:04.931,42.3467246,-71.0772272,128.899,-16.299999237060547,0.0,1769651515475
1766,462946304,1769651525343,20:52:05.343,42.3467246,-71.0772272,128.899,-16.299999237060547,0.0,1769651515475
1767,463208448,1769651525708,20:52:05.708,42.3467246,-71.0772272,128.899,-16.299999237060547,0.0,1769651515475
1768,463470592,1769651526024,20:52:06.024,42.3467246,-71.0772272,128.899,-16.299999237060547,0.0,1769651515475
1769,463732736,1769651526508,20:52:06.508,42.3467246,-71.0772272,128.899,-16.299999237060547,0.0,1769651515475
1770,463994880,1769651527090,20:52:07.090,42.3467246,-71.0772272,128.899,-16.299999237060547,0.0,1769651515475
1771,464257024,1769651527426,20:52:07.426,42.3467246,-71.0772272,128.899,-16.299999237060547,0.0,1769651515475
1772,464519168,1769651527772,20:52:07.772,42.3467246,-71.0772272,128.899,-16.299999237060547,0.0,1769651515475
1773,464781312,1769651528125,20:52:08.125,42.3467246,-71.0772272,128.899,-16.299999237060547,0.0,1769651515475
1774,465043456,1769651528475,20:52:08.475,42.3467246,-71.0772272,128.899,-16.299999237060547,0.0,1769651515475
1775,465305600,1769651528823,20:52:08.823,42.3467246,-71.0772272,128.899,-16.299999237060547,0.0,1769651515475
1776,465567744,1769651529177,20:52:09.177,42.3467246,-71.0772272,128.899,-16.299999237060547,0.0,1769651515475
1777,465829888,1769651529544,20:52:09.544,42.3467246,-71.0772272,128.899,-16.299999237060547,0.0,1769651515475
1778,466092032,1769651529898,20:52:09.898,42.3467246,-71.0772272,128.899,-16.299999237060547,0.0,1769651515475
1779,466354176,1769651530250,20:52:10.250,42.3467246,-71.0772272,128.899,-16.299999237060547,0.0,1769651515475
1780,466616320,1769651530634,20:52:10.634,42.3467246,-71.0772272,128.899,-16.299999237060547,0.0,1769651515475
1781,466878464,1769651530982,20:52:10.982,42.3467246,-71.0772272,128.899,-16.299999237060547,0.0,1769651515475
1782,467140608,1769651531367,20:52:11.367,42.3467246,-71.0772272,128.899,-16.299999237060547,0.0,1769651515475
1783,467402752,1769651531718,20:52:11.718,42.3467246,-71.0772272,128.899,-16.299999237060547,0.0,1769651515475
1784,467664896,1769651532068,20:52:12.068,42.3467246,-71.0772272,128.899,-16.299999237060547,0.0,1769651515475
1785,467927040,1769651532485,20:52:12.485,42.3467246,-71.0772272,128.899,-16.299999237060547,0.0,1769651515475
1786,468189184,1769651532934,20:52:12.934,42.3467246,-71.0772272,128.899,-16.299999237060547,0.0,1769651515475
1787,468451328,1769651533349,20:52:13.349,42.3467246,-71.0772272,128.899,-16.299999237060547,0.0,1769651515475
1788,468713472,1769651533765,20:52:13.765,42.3467246,-71.0772272,128.899,-16.299999237060547,0.0,1769651515475
1789,468975616,1769651534084,20:52:14.084,42.3467246,-71.0772272,128.899,-16.299999237060547,0.0,1769651515475
1790,469237760,1769651534437,20:52:14.437,42.3467246,-71.0772272,128.899,-16.299999237060547,0.0,1769651515475
1791,469499904,1769651534788,20:52:14.788,42.3467246,-71.0772272,128.899,-16.299999237060547,0.0,1769651515475
1792,469762048,1769651535141,20:52:15.141,42.3467246,-71.0772272,128.899,-16.299999237060547,0.0,1769651515475
1793,470024192,1769651535494,20:52:15.494,42.3467246,-71.0772272,128.899,-16.299999237060547,0.0,1769651515475
1794,470286336,1769651535867,20:52:15.867,42.3476608,-71.0773288,116.1,-13.356700063156236,0.0,1769651535578
1795,470548480,1769651536218,20:52:16.218,42.3476608,-71.0773288,116.1,-13.356700063156236,0.0,1769651535578
1796,470810624,1769651536568,20:52:16.568,42.3476608,-71.0773288,116.1,-13.356700063156236,0.0,1769651535578
1797,471072768,1769651536918,20:52:16.918,42.3476608,-71.0773288,116.1,-13.356700063156236,0.0,1769651535578
1798,471334912,1769651537349,20:52:17.349,42.3476608,-71.0773288,116.1,-13.356700063156236,0.0,1769651535578
1799,471597056,1769651537756,20:52:17.756,42.3476608,-71.0773288,116.1,-13.356700063156236,0.0,1769651535578
1800,471859200,1769651538157,20:52:18.157,42.3476608,-71.0773288,116.1,-13.356700063156236,0.0,1769651535578
1801,472121344,1769651538551,20:52:18.551,42.3476608,-71.0773288,116.1,-13.356700063156236,0.0,1769651535578
1802,472383488,1769651538992,20:52:18.992,42.3476608,-71.0773288,116.1,-13.356700063156236,0.0,1769651535578
1803,472645632,1769651539364,20:52:19.364,42.3476608,-71.0773288,116.1,-13.356700063156236,0.0,1769651535578
1804,472907776,1769651539791,20:52:19.791,42.3476608,-71.0773288,116.1,-13.356700063156236,0.0,1769651535578
1805,473169920,1769651540171,20:52:20.171,42.3476608,-71.0773288,116.1,-13.356700063156236,0.0,1769651535578
1806,473432064,1769651540483,20:52:20.483,42.3476608,-71.0773288,116.1,-13.356700063156236,0.0,1769651535578
1807,473694208,1769651540827,20:52:20.827,42.3476608,-71.0773288,116.1,-13.356700063156236,0.0,1769651535578
1808,473956352,1769651541154,20:52:21.154,42.3476608,-71.0773288,116.1,-13.356700063156236,0.0,1769651535578
1809,474218496,1769651541508,20:52:21.508,42.3476608,-71.0773288,116.1,-13.356700063156236,0.0,1769651535578
1810,474480640,1769651541952,20:52:21.952,42.3476608,-71.0773288,116.1,-13.356700063156236,0.0,1769651535578
1811,474742784,1769651542338,20:52:22.338,42.3476608,-71.0773288,116.1,-13.356700063156236,0.0,1769651535578
1812,475004928,1769651542687,20:52:22.687,42.3481854,-71.077116,67.219,-15.200000762939453,0.0,1769651542279
1813,475267072,1769651543035,20:52:23.035,42.3481854,-71.077116,67.219,-15.200000762939453,0.0,1769651542279
1814,475529216,1769651543387,20:52:23.387,42.3481854,-71.077116,67.219,-15.200000762939453,0.0,1769651542279
1815,475791360,1769651543734,20:52:23.734,42.3481854,-71.077116,67.219,-15.200000762939453,0.0,1769651542279
1816,476053504,1769651544126,20:52:24.126,42.3481854,-71.077116,67.219,-15.200000762939453,0.0,1769651542279
1817,476315648,1769651544572,20:52:24.572,42.3481854,-71.077116,67.219,-15.200000762939453,0.0,1769651542279
1818,476577792,1769651545064,20:52:25.064,42.3481854,-71.077116,67.219,-15.200000762939453,0.0,1769651542279
1819,476839936,1769651545604,20:52:25.604,42.3481854,-71.077116,67.219,-15.200000762939453,0.0,1769651542279
1820,477102080,1769651546088,20:52:26.088,42.3481854,-71.077116,67.219,-15.200000762939453,0.0,1769651542279
1821,477364224,1769651546515,20:52:26.515,42.3481854,-71.077116,67.219,-15.200000762939453,0.0,1769651542279
1822,477626368,1769651547081,20:52:27.081,42.3481854,-71.077116,67.219,-15.200000762939453,0.0,1769651542279
1823,477888512,1769651547641,20:52:27.641,42.3481854,-71.077116,67.219,-15.200000762939453,0.0,1769651542279
1824,478150656,1769651548151,20:52:28.151,42.3481854,-71.077116,67.219,-15.200000762939453,0.0,1769651542279
1825,478412800,1769651548705,20:52:28.705,42.3481854,-71.077116,67.219,-15.200000762939453,0.0,1769651542279
1826,478674944,1769651549352,20:52:29.352,42.3483151,-71.0768409,46.059,-15.200000762939453,0.0,1769651548951
1827,478937088,1769651550035,20:52:30.035,42.3483151,-71.0768409,46.059,-15.200000762939453,0.0,1769651548951
1828,479199232,1769651550526,20:52:30.526,42.3483151,-71.0768409,46.059,-15.200000762939453,0.0,1769651548951
1829,479461376,1769651551073,20:52:31.073,42.3483151,-71.0768409,46.059,-15.200000762939453,0.0,1769651548951
1830,479723520,1769651551551,20:52:31.551,42.3483151,-71.0768409,46.059,-15.200000762939453,0.0,1769651548951
1831,479985664,1769651551931,20:52:31.931,42.3483151,-71.0768409,46.059,-15.200000762939453,0.0,1769651548951
1832,480247808,1769651552476,20:52:32.476,42.3483151,-71.0768409,46.059,-15.200000762939453,0.0,1769651548951
1833,480509952,1769651552926,20:52:32.926,42.3483151,-71.0768409,46.059,-15.200000762939453,0.0,1769651548951
1834,480772096,1769651553411,20:52:33.411,42.3483151,-71.0768409,46.059,-15.200000762939453,0.0,1769651548951
1835,481034240,1769651553881,20:52:33.881,42.3483151,-71.0768409,46.059,-15.200000762939453,0.0,1769651548951
1836,481296384,1769651554289,20:52:34.289,42.3483151,-71.0768409,46.059,-15.200000762939453,0.0,1769651548951
1837,481558528,1769651554680,20:52:34.680,42.3483151,-71.0768409,46.059,-15.200000762939453,0.0,1769651548951
1838,481820672,1769651555063,20:52:35.063,42.3483151,-71.0768409,46.059,-15.200000762939453,0.0,1769651548951
1839,482082816,1769651555378,20:52:35.378,42.3483151,-71.0768409,46.059,-15.200000762939453,0.0,1769651548951
1840,482344960,1769651555786,20:52:35.786,42.3483539,-71.0761705,35.849,-16.93526586368804,0.0,1769651555631
1841,482607104,1769651556139,20:52:36.139,42.3483539,-71.0761705,35.849,-16.93526586368804,0.0,1769651555631
1842,482869248,1769651556583,20:52:36.583,42.3483539,-71.0761705,35.849,-16.93526586368804,0.0,1769651555631
1843,483131392,1769651557153,20:52:37.153,42.3483539,-71.0761705,35.849,-16.93526586368804,0.0,1769651555631
1844,483393536,1769651557567,20:52:37.567,42.3483539,-71.0761705,35.849,-16.93526586368804,0.0,1769651555631
1845,483655680,1769651557985,20:52:37.985,42.3483539,-71.0761705,35.849,-16.93526586368804,0.0,1769651555631
1846,483917824,1769651558581,20:52:38.581,42.3483539,-71.0761705,35.849,-16.93526586368804,0.0,1769651555631
1847,484179968,1769651559150,20:52:39.150,42.3483539,-71.0761705,35.849,-16.93526586368804,0.0,1769651555631
1848,484442112,1769651559506,20:52:39.506,42.3483539,-71.0761705,35.849,-16.93526586368804,0.0,1769651555631
1849,484704256,1769651560066,20:52:40.066,42.3483539,-71.0761705,35.849,-16.93526586368804,0.0,1769651555631
1850,484966400,1769651560564,20:52:40.564,42.3483539,-71.0761705,35.849,-16.93526586368804,0.0,1769651555631
1851,485228544,1769651560909,20:52:40.909,42.3483539,-71.0761705,35.849,-16.93526586368804,0.0,1769651555631
1852,485490688,1769651561261,20:52:41.261,42.3483539,-71.0761705,35.849,-16.93526586368804,0.0,1769651555631
1853,485752832,1769651561614,20:52:41.614,42.3483539,-71.0761705,35.849,-16.93526586368804,0.0,1769651555631
1854,486014976,1769651561966,20:52:41.966,42.3483539,-71.0761705,35.849,-16.93526586368804,0.0,1769651555631
1855,486277120,1769651562546,20:52:42.546,42.3484309,-71.0761666,25.318,-18.600000381469727,0.0,1769651562322
1856,486539264,1769651563028,20:52:43.028,42.3484309,-71.0761666,25.318,-18.600000381469727,0.0,1769651562322
1857,486801408,1769651563352,20:52:43.352,42.3484309,-71.0761666,25.318,-18.600000381469727,0.0,1769651562322
1858,487063552,1769651563879,20:52:43.879,42.3484309,-71.0761666,25.318,-18.600000381469727,0.0,1769651562322
1859,487325696,1769651564556,20:52:44.556,42.3484309,-71.0761666,25.318,-18.600000381469727,0.0,1769651562322
1860,487587840,1769651565181,20:52:45.181,42.3484309,-71.0761666,25.318,-18.600000381469727,0.0,1769651562322
1861,487849984,1769651565695,20:52:45.695,42.3484309,-71.0761666,25.318,-18.600000381469727,0.0,1769651562322
1862,488112128,1769651566229,20:52:46.229,42.3484309,-71.0761666,25.318,-18.600000381469727,0.0,1769651562322
1863,488374272,1769651566756,20:52:46.756,42.3484309,-71.0761666,25.318,-18.600000381469727,0.0,1769651562322
1864,488636416,1769651567284,20:52:47.284,42.3484309,-71.0761666,25.318,-18.600000381469727,0.0,1769651562322
1865,488898560,1769651567815,20:52:47.815,42.3484309,-71.0761666,25.318,-18.600000381469727,0.0,1769651562322
1866,489160704,1769651568360,20:52:48.360,42.3484309,-71.0761666,25.318,-18.600000381469727,0.0,1769651562322
1867,489422848,1769651568786,20:52:48.786,42.3484309,-71.0761666,25.318,-18.600000381469727,0.0,1769651562322
1868,489684992,1769651569295,20:52:49.295,42.3484496,-71.0761126,24.972,-18.600000381469727,0.0,1769651569004
1869,489947136,1769651569951,20:52:49.951,42.3484496,-71.0761126,24.972,-18.600000381469727,0.0,1769651569004
1870,490209280,1769651570467,20:52:50.467,42.3484496,-71.0761126,24.972,-18.600000381469727,0.0,1769651569004
1871,490471424,1769651570924,20:52:50.924,42.3484496,-71.0761126,24.972,-18.600000381469727,0.0,1769651569004
1872,490733568,1769651571391,20:52:51.391,42.3484496,-71.0761126,24.972,-18.600000381469727,0.0,1769651569004
1873,490995712,1769651571931,20:52:51.931,42.3484496,-71.0761126,24.972,-18.600000381469727,0.0,1769651569004
1874,491257856,1769651572417,20:52:52.417,42.3484496,-71.0761126,24.972,-18.600000381469727,0.0,1769651569004
1875,491520000,1769651572781,20:52:52.781,42.3484496,-71.0761126,24.972,-18.600000381469727,0.0,1769651569004
1876,491782144,1769651573395,20:52:53.395,42.3484496,-71.0761126,24.972,-18.600000381469727,0.0,1769651569004
1877,492044288,1769651573829,20:52:53.829,42.3484496,-71.0761126,24.972,-18.600000381469727,0.0,1769651569004
1878,492306432,1769651574283,20:52:54.283,42.3484496,-71.0761126,24.972,-18.600000381469727,0.0,1769651569004
1879,492568576,1769651574768,20:52:54.768,42.3484496,-71.0761126,24.972,-18.600000381469727,0.0,1769651569004
1880,492830720,1769651575312,20:52:55.312,42.3484496,-71.0761126,24.972,-18.600000381469727,0.0,1769651569004
1881,493092864,1769651575935,20:52:55.935,42.3484878,-71.0761596,30.146,-19.700000762939453,0.0,1769651575681
1882,493355008,1769651576609,20:52:56.609,42.3484878,-71.0761596,30.146,-19.700000762939453,0.0,1769651575681
1883,493617152,1769651577247,20:52:57.247,42.3484878,-71.0761596,30.146,-19.700000762939453,0.0,1769651575681
1884,493879296,1769651577899,20:52:57.899,42.3484878,-71.0761596,30.146,-19.700000762939453,0.0,1769651575681
1885,494141440,1769651578422,20:52:58.422,42.3484878,-71.0761596,30.146,-19.700000762939453,0.0,1769651575681
1886,494403584,1769651579114,20:52:59.114,42.3484878,-71.0761596,30.146,-19.700000762939453,0.0,1769651575681
1887,494665728,1769651579700,20:52:59.700,42.3484878,-71.0761596,30.146,-19.700000762939453,0.0,1769651575681
1888,494927872,1769651580284,20:53:00.284,42.3484878,-71.0761596,30.146,-19.700000762939453,0.0,1769651575681
1889,495190016,1769651580907,20:53:00.907,42.3484878,-71.0761596,30.146,-19.700000762939453,0.0,1769651575681
1890,495452160,1769651581259,20:53:01.259,42.3484878,-71.0761596,30.146,-19.700000762939453,0.0,1769651575681
1891,495714304,1769651581608,20:53:01.608,42.3484878,-71.0761596,30.146,-19.700000762939453,0.0,1769651575681
1892,495976448,1769651582022,20:53:02.022,42.3484878,-71.0761596,30.146,-19.700000762939453,0.0,1769651575681
1893,496238592,1769651582487,20:53:02.487,42.3484593,-71.0761055,31.061,-19.0,0.0,1769651582341
1894,496500736,1769651583003,20:53:03.003,42.3484593,-71.0761055,31.061,-19.0,0.0,1769651582341
1895,496762880,1769651583561,20:53:03.561,42.3484593,-71.0761055,31.061,-19.0,0.0,1769651582341
1896,497025024,1769651584036,20:53:04.036,42.3484593,-71.0761055,31.061,-19.0,0.0,1769651582341
1897,497287168,1769651584574,20:53:04.574,42.3484593,-71.0761055,31.061,-19.0,0.0,1769651582341
1898,497549312,1769651585008,20:53:05.008,42.3484593,-71.0761055,31.061,-19.0,0.0,1769651582341
1899,497811456,1769651585460,20:53:05.460,42.3484593,-71.0761055,31.061,-19.0,0.0,1769651582341
1900,498073600,1769651586015,20:53:06.015,42.3484593,-71.0761055,31.061,-19.0,0.0,1769651582341
1901,498335744,1769651586672,20:53:06.672,42.3484593,-71.0761055,31.061,-19.0,0.0,1769651582341
1902,498597888,1769651587054,20:53:07.054,42.3484593,-71.0761055,31.061,-19.0,0.0,1769651582341
1903,498860032,1769651587559,20:53:07.559,42.3484593,-71.0761055,31.061,-19.0,0.0,1769651582341
1904,499122176,1769651587975,20:53:07.975,42.3484593,-71.0761055,31.061,-19.0,0.0,1769651582341
1905,499384320,1769651588367,20:53:08.367,42.3484593,-71.0761055,31.061,-19.0,0.0,1769651582341
1906,499646464,1769651588869,20:53:08.869,42.3484593,-71.0761055,31.061,-19.0,0.0,1769651582341
1907,499908608,1769651589714,20:53:09.714,42.3483542,-71.0761863,29.35,-18.600000381469727,0.0,1769651589057
1908,500170752,1769651590297,20:53:10.297,42.3483542,-71.0761863,29.35,-18.600000381469727,0.0,1769651589057
1909,500432896,1769651590909,20:53:10.909,42.3483542,-71.0761863,29.35,-18.600000381469727,0.0,1769651589057
1910,500695040,1769651591531,20:53:11.531,42.3483542,-71.0761863,29.35,-18.600000381469727,0.0,1769651589057
1911,500957184,1769651592145,20:53:12.145,42.3483542,-71.0761863,29.35,-18.600000381469727,0.0,1769651589057
1912,501219328,1769651592760,20:53:12.760,42.3483542,-71.0761863,29.35,-18.600000381469727,0.0,1769651589057
1913,501481472,1769651593368,20:53:13.368,42.3483542,-71.0761863,29.35,-18.600000381469727,0.0,1769651589057
1914,501743616,1769651593974,20:53:13.974,42.3483542,-71.0761863,29.35,-18.600000381469727,0.0,1769651589057
1915,502005760,1769651594587,20:53:14.587,42.3483542,-71.0761863,29.35,-18.600000381469727,0.0,1769651589057
1916,502267904,1769651595202,20:53:15.202,42.3483542,-71.0761863,29.35,-18.600000381469727,0.0,1769651589057
1917,502530048,1769651595701,20:53:15.701,42.3483542,-71.0761863,29.35,-18.600000381469727,0.0,1769651589057
1918,502792192,1769651596052,20:53:16.052,42.3484437,-71.0760728,20.044,-19.0,0.0,1769651595736
1919,503054336,1769651596400,20:53:16.400,42.3484437,-71.0760728,20.044,-19.0,0.0,1769651595736
1920,503316480,1769651597001,20:53:17.001,42.3484437,-71.0760728,20.044,-19.0,0.0,1769651595736
1921,503578624,1769651597520,20:53:17.520,42.3484437,-71.0760728,20.044,-19.0,0.0,1769651595736
1922,503840768,1769651597932,20:53:17.932,42.3484437,-71.0760728,20.044,-19.0,0.0,1769651595736
1923,504102912,1769651598367,20:53:18.367,42.3484437,-71.0760728,20.044,-19.0,0.0,1769651595736
1924,504365056,1769651598952,20:53:18.952,42.3484437,-71.0760728,20.044,-19.0,0.0,1769651595736
1925,504627200,1769651599400,20:53:19.400,42.3484437,-71.0760728,20.044,-19.0,0.0,1769651595736
1926,504889344,1769651600008,20:53:20.008,42.3484437,-71.0760728,20.044,-19.0,0.0,1769651595736
1927,505151488,1769651600671,20:53:20.671,42.3484437,-71.0760728,20.044,-19.0,0.0,1769651595736
1928,505413632,1769651601376,20:53:21.376,42.3484437,-71.0760728,20.044,-19.0,0.0,1769651595736
1929,505675776,1769651601959,20:53:21.959,42.3484437,-71.0760728,20.044,-19.0,0.0,1769651595736
1930,505937920,1769651602912,20:53:22.912,42.348382,-71.0761238,32.196,-19.0,0.0,1769651602416
1931,506200064,1769651603559,20:53:23.559,42.348382,-71.0761238,32.196,-19.0,0.0,1769651602416
1932,506462208,1769651604315,20:53:24.315,42.348382,-71.0761238,32.196,-19.0,0.0,1769651602416
1933,506724352,1769651604937,20:53:24.937,42.348382,-71.0761238,32.196,-19.0,0.0,1769651602416
1934,506986496,1769651605658,20:53:25.658,42.348382,-71.0761238,32.196,-19.0,0.0,1769651602416
1935,507248640,1769651606138,20:53:26.138,42.348382,-71.0761238,32.196,-19.0,0.0,1769651602416
1936,507510784,1769651606706,20:53:26.706,42.348382,-71.0761238,32.196,-19.0,0.0,1769651602416
1937,507772928,1769651607236,20:53:27.236,42.348382,-71.0761238,32.196,-19.0,0.0,1769651602416
1938,508035072,1769651607787,20:53:27.787,42.348382,-71.0761238,32.196,-19.0,0.0,1769651602416
1939,508297216,1769651608347,20:53:28.347,42.348382,-71.0761238,32.196,-19.0,0.0,1769651602416
1940,508559360,1769651608869,20:53:28.869,42.348382,-71.0761238,32.196,-19.0,0.0,1769651602416
1941,508821504,1769651609446,20:53:29.446,42.348382,-71.0761238,32.196,-19.0,0.0,1769651602416
1942,509083648,1769651610007,20:53:30.007,42.348382,-71.0761238,32.196,-19.0,0.0,1769651602416
1943,509345792,1769651610566,20:53:30.566,42.348382,-71.0761238,32.196,-19.0,0.0,1769651602416
1944,509607936,1769651610948,20:53:30.948,42.348382,-71.0761238,32.196,-19.0,0.0,1769651602416
1945,509870080,1769651611346,20:53:31.346,42.348382,-71.0761238,32.196,-19.0,0.0,1769651602416
1946,510132224,1769651611754,20:53:31.754,42.348382,-71.0761238,32.196,-19.0,0.0,1769651602416
1947,510394368,1769651612100,20:53:32.100,42.348382,-71.0761238,32.196,-19.0,0.0,1769651602416
1948,510656512,1769651612552,20:53:32.552,42.348382,-71.0761238,32.196,-19.0,0.0,1769651602416
1949,510918656,1769651612991,20:53:32.991,42.348382,-71.0761238,32.196,-19.0,0.0,1769651602416
1950,511180800,1769651613446,20:53:33.446,42.348382,-71.0761238,32.196,-19.0,0.0,1769651602416
1951,511442944,1769651613811,20:53:33.811,42.348382,-71.0761238,32.196,-19.0,0.0,1769651602416
1952,511705088,1769651614184,20:53:34.184,42.348382,-71.0761238,32.196,-19.0,0.0,1769651602416
1953,511967232,1769651614692,20:53:34.692,42.348382,-71.0761238,32.196,-19.0,0.0,1769651602416
1954,512229376,1769651615122,20:53:35.122,42.348382,-71.0761238,32.196,-19.0,0.0,1769651602416
1955,512491520,1769651615718,20:53:35.718,42.348382,-71.0761238,32.196,-19.0,0.0,1769651602416
1956,512753664,1769651616222,20:53:36.222,42.348382,-71.0761238,32.196,-19.0,0.0,1769651602416
1957,513015808,1769651617113,20:53:37.113,42.348382,-71.0761238,32.196,-19.0,0.0,1769651602416
1958,513277952,1769651617872,20:53:37.872,42.348382,-71.0761238,32.196,-19.0,0.0,1769651602416
1959,513540096,1769651618386,20:53:38.386,42.348382,-71.0761238,32.196,-19.0,0.0,1769651602416
1960,513802240,1769651619155,20:53:39.155,42.348382,-71.0761238,32.196,-19.0,0.0,1769651602416
1961,514064384,1769651619991,20:53:39.991,42.348382,-71.0761238,32.196,-19.0,0.0,1769651602416
1962,514326528,1769651620450,20:53:40.450,42.348382,-71.0761238,32.196,-19.0,0.0,1769651602416
1963,514588672,1769651620815,20:53:40.815,42.348382,-71.0761238,32.196,-19.0,0.0,1769651602416
1964,514850816,1769651621131,20:53:41.131,42.348382,-71.0761238,32.196,-19.0,0.0,1769651602416
1965,515112960,1769651621520,20:53:41.520,42.348382,-71.0761238,32.196,-19.0,0.0,1769651602416
1966,515375104,1769651622020,20:53:42.020,42.348382,-71.0761238,32.196,-19.0,0.0,1769651602416
1967,515637248,1769651622491,20:53:42.491,42.348382,-71.0761238,32.196,-19.0,0.0,1769651602416
1968,515899392,1769651622886,20:53:42.886,42.348382,-71.0761238,32.196,-19.0,0.0,1769651602416
1969,516161536,1769651623320,20:53:43.320,42.348382,-71.0761238,32.196,-19.0,0.0,1769651602416
1970,516423680,1769651623818,20:53:43.818,42.348382,-71.0761238,32.196,-19.0,0.0,1769651602416
1971,516685824,1769651624290,20:53:44.290,42.348382,-71.0761238,32.196,-19.0,0.0,1769651602416
1972,516947968,1769651624761,20:53:44.761,42.348382,-71.0761238,32.196,-19.0,0.0,1769651602416
1973,517210112,1769651625268,20:53:45.268,42.348382,-71.0761238,32.196,-19.0,0.0,1769651602416
1974,517472256,1769651625753,20:53:45.753,42.348382,-71.0761238,32.196,-19.0,0.0,1769651602416
1975,517734400,1769651626161,20:53:46.161,42.348382,-71.0761238,32.196,-19.0,0.0,1769651602416
1976,517996544,1769651626555,20:53:46.555,42.348382,-71.0761238,32.196,-19.0,0.0,1769651602416
1977,518258688,1769651626886,20:53:46.886,42.348382,-71.0761238,32.196,-19.0,0.0,1769651602416
1978,518520832,1769651627256,20:53:47.256,42.348382,-71.0761238,32.196,-19.0,0.0,1769651602416
1979,518782976,1769651627604,20:53:47.604,42.348382,-71.0761238,32.196,-19.0,0.0,1769651602416
1980,519045120,1769651627955,20:53:47.955,42.348382,-71.0761238,32.196,-19.0,0.0,1769651602416
1981,519307264,1769651628307,20:53:48.307,42.348382,-71.0761238,32.196,-19.0,0.0,1769651602416
1982,519569408,1769651628657,20:53:48.657,42.348382,-71.0761238,32.196,-19.0,0.0,1769651602416
1983,519831552,1769651629006,20:53:49.006,42.348382,-71.0761238,32.196,-19.0,0.0,1769651602416
1984,520093696,1769651629356,20:53:49.356,42.348382,-71.0761238,32.196,-19.0,0.0,1769651602416
1985,520355840,1769651629708,20:53:49.708,42.348382,-71.0761238,32.196,-19.0,0.0,1769651602416
1986,520617984,1769651630056,20:53:50.056,42.348382,-71.0761238,32.196,-19.0,0.0,1769651602416
1987,520880128,1769651630447,20:53:50.447,42.348382,-71.0761238,32.196,-19.0,0.0,1769651602416
1988,521142272,1769651631012,20:53:51.012,42.348382,-71.0761238,32.196,-19.0,0.0,1769651602416
1989,521404416,1769651631568,20:53:51.568,42.348382,-71.0761238,32.196,-19.0,0.0,1769651602416
1990,521666560,1769651632271,20:53:52.271,42.348382,-71.0761238,32.196,-19.0,0.0,1769651602416
1991,521928704,1769651632917,20:53:52.917,42.348382,-71.0761238,32.196,-19.0,0.0,1769651602416
1992,522190848,1769651633471,20:53:53.471,42.348382,-71.0761238,32.196,-19.0,0.0,1769651602416
1993,522452992,1769651634428,20:53:54.428,42.348382,-71.0761238,32.196,-19.0,0.0,1769651602416
1994,522715136,1769651634914,20:53:54.914,42.348382,-71.0761238,32.196,-19.0,0.0,1769651602416
1995,522977280,1769651635403,20:53:55.403,42.348382,-71.0761238,32.196,-19.0,0.0,1769651602416
1996,523239424,1769651635981,20:53:55.981,42.348382,-71.0761238,32.196,-19.0,0.0,1769651602416
1997,523501568,1769651636452,20:53:56.452,42.348717,-71.0760575,98.4,-21.200000762939453,0.0,1769651636257
1998,523763712,1769651636877,20:53:56.877,42.348717,-71.0760575,98.4,-21.200000762939453,0.0,1769651636257
1999,524025856,1769651637225,20:53:57.225,42.348717,-71.0760575,98.4,-21.200000762939453,0.0,1769651636257
2000,524288000,1769651637580,20:53:57.580,42.348717,-71.0760575,98.4,-21.200000762939453,0.0,1769651636257
2001,524550144,1769651637930,20:53:57.930,42.348717,-71.0760575,98.4,-21.200000762939453,0.0,1769651636257
2002,524812288,1769651638311,20:53:58.311,42.348717,-71.0760575,98.4,-21.200000762939453,0.0,1769651636257
2003,525074432,1769651638762,20:53:58.762,42.348717,-71.0760575,98.4,-21.200000762939453,0.0,1769651636257
2004,525336576,1769651639240,20:53:59.240,42.348717,-71.0760575,98.4,-21.200000762939453,0.0,1769651636257
2005,525598720,1769651639643,20:53:59.643,42.348717,-71.0760575,98.4,-21.200000762939453,0.0,1769651636257
2006,525860864,1769651639994,20:53:59.994,42.348717,-71.0760575,98.4,-21.200000762939453,0.0,1769651636257
2007,526123008,1769651640438,20:54:00.438,42.348717,-71.0760575,98.4,-21.200000762939453,0.0,1769651636257
2008,526385152,1769651640847,20:54:00.847,42.348717,-71.0760575,98.4,-21.200000762939453,0.0,1769651636257
2009,526647296,1769651641275,20:54:01.275,42.348717,-71.0760575,98.4,-21.200000762939453,0.0,1769651636257
2010,526909440,1769651641574,20:54:01.574,42.348717,-71.0760575,98.4,-21.200000762939453,0.0,1769651636257
2011,527171584,1769651641910,20:54:01.910,42.348717,-71.0760575,98.4,-21.200000762939453,0.0,1769651636257
2012,527433728,1769651642298,20:54:02.298,42.348717,-71.0760575,98.4,-21.200000762939453,0.0,1769651636257
2013,527695872,1769651642648,20:54:02.648,42.348717,-71.0760575,98.4,-21.200000762939453,0.0,1769651636257
2014,527958016,1769651642997,20:54:02.997,42.348717,-71.0760575,98.4,-21.200000762939453,0.0,1769651636257
2015,528220160,1769651643346,20:54:03.346,42.348717,-71.0760575,98.4,-21.200000762939453,0.0,1769651636257
2016,528482304,1769651643708,20:54:03.708,42.348717,-71.0760575,98.4,-21.200000762939453,0.0,1769651636257
2017,528744448,1769651644109,20:54:04.109,42.348717,-71.0760575,98.4,-21.200000762939453,0.0,1769651636257
2018,529006592,1769651644414,20:54:04.414,42.348717,-71.0760575,98.4,-21.200000762939453,0.0,1769651636257
2019,529268736,1769651644751,20:54:04.751,42.348717,-71.0760575,98.4,-21.200000762939453,0.0,1769651636257
2020,529530880,1769651645262,20:54:05.262,42.348717,-71.0760575,98.4,-21.200000762939453,0.0,1769651636257
2021,529793024,1769651645645,20:54:05.645,42.348717,-71.0760575,98.4,-21.200000762939453,0.0,1769651636257
2022,530055168,1769651646220,20:54:06.220,42.348717,-71.0760575,98.4,-21.200000762939453,0.0,1769651636257
2023,530317312,1769651646853,20:54:06.853,42.348717,-71.0760575,98.4,-21.200000762939453,0.0,1769651636257
2024,530579456,1769651647784,20:54:07.784,42.348717,-71.0760575,98.4,-21.200000762939453,0.0,1769651636257
2025,530841600,1769651648268,20:54:08.268,42.348717,-71.0760575,98.4,-21.200000762939453,0.0,1769651636257
2026,531103744,1769651648752,20:54:08.752,42.348717,-71.0760575,98.4,-21.200000762939453,0.0,1769651636257
2027,531365888,1769651649451,20:54:09.451,42.348717,-71.0760575,98.4,-21.200000762939453,0.0,1769651636257
2028,531628032,1769651649987,20:54:09.987,42.348717,-71.0760575,98.4,-21.200000762939453,0.0,1769651636257
2029,531890176,1769651650574,20:54:10.574,42.348717,-71.0760575,98.4,-21.200000762939453,0.0,1769651636257
2030,532152320,1769651651116,20:54:11.116,42.348717,-71.0760575,98.4,-21.200000762939453,0.0,1769651636257
2031,532414464,1769651651702,20:54:11.702,42.348717,-71.0760575,98.4,-21.200000762939453,0.0,1769651636257
2032,532676608,1769651652295,20:54:12.295,42.348717,-71.0760575,98.4,-21.200000762939453,0.0,1769651636257
2033,532938752,1769651652893,20:54:12.893,42.348717,-71.0760575,98.4,-21.200000762939453,0.0,1769651636257
2034,533200896,1769651653467,20:54:13.467,42.348717,-71.0760575,98.4,-21.200000762939453,0.0,1769651636257
2035,533463040,1769651654059,20:54:14.059,42.348717,-71.0760575,98.4,-21.200000762939453,0.0,1769651636257
2036,533725184,1769651654652,20:54:14.652,42.348717,-71.0760575,98.4,-21.200000762939453,0.0,1769651636257
2037,533987328,1769651655237,20:54:15.237,42.348717,-71.0760575,98.4,-21.200000762939453,0.0,1769651636257
2038,534249472,1769651655756,20:54:15.756,42.348717,-71.0760575,98.4,-21.200000762939453,0.0,1769651636257
2039,534511616,1769651656105,20:54:16.105,42.348717,-71.0760575,98.4,-21.200000762939453,0.0,1769651636257
2040,534773760,1769651656598,20:54:16.598,42.348717,-71.0760575,98.4,-21.200000762939453,0.0,1769651636257
2041,535035904,1769651657185,20:54:17.185,42.348717,-71.0760575,98.4,-21.200000762939453,0.0,1769651636257
2042,535298048,1769651657827,20:54:17.827,42.348717,-71.0760575,98.4,-21.200000762939453,0.0,1769651636257
2043,535560192,1769651658294,20:54:18.294,42.348717,-71.0760575,98.4,-21.200000762939453,0.0,1769651636257
2044,535822336,1769651659249,20:54:19.249,42.348717,-71.0760575,98.4,-21.200000762939453,0.0,1769651636257
2045,536084480,1769651659784,20:54:19.784,42.348717,-71.0760575,98.4,-21.200000762939453,0.0,1769651636257
2046,536346624,1769651660472,20:54:20.472,42.348717,-71.0760575,98.4,-21.200000762939453,0.0,1769651636257
2047,536608768,1769651661388,20:54:21.388,42.348717,-71.0760575,98.4,-21.200000762939453,0.0,1769651636257
2048,536870912,1769651661813,20:54:21.813,42.348717,-71.0760575,98.4,-21.200000762939453,0.0,1769651636257
2049,537133056,1769651662363,20:54:22.363,42.348717,-71.0760575,98.4,-21.200000762939453,0.0,1769651636257
2050,537395200,1769651663061,20:54:23.061,42.348717,-71.0760575,98.4,-21.200000762939453,0.0,1769651636257
2051,537657344,1769651663857,20:54:23.857,42.349188,-71.0766811,116.1,-21.200000762939453,0.0,1769651663679
2052,537919488,1769651664624,20:54:24.624,42.349188,-71.0766811,116.1,-21.200000762939453,0.0,1769651663679
2053,538181632,1769651665363,20:54:25.363,42.349188,-71.0766811,116.1,-21.200000762939453,0.0,1769651663679
2054,538443776,1769651665860,20:54:25.860,42.349188,-71.0766811,116.1,-21.200000762939453,0.0,1769651663679
2055,538705920,1769651666181,20:54:26.181,42.349188,-71.0766811,116.1,-21.200000762939453,0.0,1769651663679
2056,538968064,1769651666659,20:54:26.659,42.349188,-71.0766811,116.1,-21.200000762939453,0.0,1769651663679
2057,539230208,1769651667078,20:54:27.078,42.349188,-71.0766811,116.1,-21.200000762939453,0.0,1769651663679
2058,539492352,1769651667518,20:54:27.518,42.349188,-71.0766811,116.1,-21.200000762939453,0.0,1769651663679
2059,539754496,1769651667999,20:54:27.999,42.349188,-71.0766811,116.1,-21.200000762939453,0.0,1769651663679
2060,540016640,1769651668386,20:54:28.386,42.349188,-71.0766811,116.1,-21.200000762939453,0.0,1769651663679
2061,540278784,1769651668881,20:54:28.881,42.349188,-71.0766811,116.1,-21.200000762939453,0.0,1769651663679
2062,540540928,1769651669356,20:54:29.356,42.349188,-71.0766811,116.1,-21.200000762939453,0.0,1769651663679
2063,540803072,1769651669818,20:54:29.818,42.349188,-71.0766811,116.1,-21.200000762939453,0.0,1769651663679
2064,541065216,1769651670252,20:54:30.252,42.349188,-71.0766811,116.1,-21.200000762939453,0.0,1769651663679
2065,541327360,1769651670717,20:54:30.717,42.3492705,-71.0767806,135.6,-21.200000762939453,0.0,1769651670512
2066,541589504,1769651671073,20:54:31.073,42.3492705,-71.0767806,135.6,-21.200000762939453,0.0,1769651670512
2067,541851648,1769651671417,20:54:31.417,42.3492705,-71.0767806,135.6,-21.200000762939453,0.0,1769651670512
2068,542113792,1769651671822,20:54:31.822,42.3492705,-71.0767806,135.6,-21.200000762939453,0.0,1769651670512
2069,542375936,1769651672374,20:54:32.374,42.3492705,-71.0767806,135.6,-21.200000762939453,0.0,1769651670512
2070,542638080,1769651672976,20:54:32.976,42.3492705,-71.0767806,135.6,-21.200000762939453,0.0,1769651670512
2071,542900224,1769651673500,20:54:33.500,42.3492705,-71.0767806,135.6,-21.200000762939453,0.0,1769651670512
2072,543162368,1769651673979,20:54:33.979,42.3492705,-71.0767806,135.6,-21.200000762939453,0.0,1769651670512
2073,543424512,1769651674605,20:54:34.605,42.3492705,-71.0767806,135.6,-21.200000762939453,0.0,1769651670512
2074,543686656,1769651675049,20:54:35.049,42.3492705,-71.0767806,135.6,-21.200000762939453,0.0,1769651670512
2075,543948800,1769651675403,20:54:35.403,42.3492705,-71.0767806,135.6,-21.200000762939453,0.0,1769651670512
2076,544210944,1769651675764,20:54:35.764,42.3492705,-71.0767806,135.6,-21.200000762939453,0.0,1769651670512
2077,544473088,1769651676147,20:54:36.147,42.3492705,-71.0767806,135.6,-21.200000762939453,0.0,1769651670512
2078,544735232,1769651676837,20:54:36.837,42.3492705,-71.0767806,135.6,-21.200000762939453,0.0,1769651670512
2079,544997376,1769651677413,20:54:37.413,42.3492705,-71.0767806,135.6,-21.200000762939453,0.0,1769651670512
2080,545259520,1769651678055,20:54:38.055,42.3492839,-71.0767779,110.0,-20.034817870405426,0.0,1769651677356
2081,545521664,1769651678409,20:54:38.409,42.3492839,-71.0767779,110.0,-20.034817870405426,0.0,1769651677356
2082,545783808,1769651679038,20:54:39.038,42.3492839,-71.0767779,110.0,-20.034817870405426,0.0,1769651677356
2083,546045952,1769651679625,20:54:39.625,42.3492839,-71.0767779,110.0,-20.034817870405426,0.0,1769651677356
2084,546308096,1769651680146,20:54:40.146,42.3492839,-71.0767779,110.0,-20.034817870405426,0.0,1769651677356
2085,546570240,1769651680641,20:54:40.641,42.3492839,-71.0767779,110.0,-20.034817870405426,0.0,1769651677356
2086,546832384,1769651680990,20:54:40.990,42.3492839,-71.0767779,110.0,-20.034817870405426,0.0,1769651677356
2087,547094528,1769651681344,20:54:41.344,42.3492839,-71.0767779,110.0,-20.034817870405426,0.0,1769651677356
2088,547356672,1769651681699,20:54:41.699,42.3492839,-71.0767779,110.0,-20.034817870405426,0.0,1769651677356
2089,547618816,1769651682179,20:54:42.179,42.3492839,-71.0767779,110.0,-20.034817870405426,0.0,1769651677356
2090,547880960,1769651682606,20:54:42.606,42.3492839,-71.0767779,110.0,-20.034817870405426,0.0,1769651677356
2091,548143104,1769651683083,20:54:43.083,42.3492839,-71.0767779,110.0,-20.034817870405426,0.0,1769651677356
2092,548405248,1769651683526,20:54:43.526,42.3492839,-71.0767779,110.0,-20.034817870405426,0.0,1769651677356
2093,548667392,1769651683926,20:54:43.926,42.3492839,-71.0767779,110.0,-20.034817870405426,0.0,1769651677356
2094,548929536,1769651684282,20:54:44.282,42.3492839,-71.0767779,110.0,-20.034817870405426,0.0,1769651677356
2095,549191680,1769651684632,20:54:44.632,42.3489968,-71.0766488,128.899,-21.700000762939453,0.0,1769651684232
2096,549453824,1769651685054,20:54:45.054,42.3489968,-71.0766488,128.899,-21.700000762939453,0.0,1769651684232
2097,549715968,1769651685462,20:54:45.462,42.3489968,-71.0766488,128.899,-21.700000762939453,0.0,1769651684232
2098,549978112,1769651685852,20:54:45.852,42.3489968,-71.0766488,128.899,-21.700000762939453,0.0,1769651684232
2099,550240256,1769651686200,20:54:46.200,42.3489968,-71.0766488,128.899,-21.700000762939453,0.0,1769651684232
2100,550502400,1769651686818,20:54:46.818,42.3489968,-71.0766488,128.899,-21.700000762939453,0.0,1769651684232
2101,550764544,1769651687280,20:54:47.280,42.3489968,-71.0766488,128.899,-21.700000762939453,0.0,1769651684232
2102,551026688,1769651687752,20:54:47.752,42.3489968,-71.0766488,128.899,-21.700000762939453,0.0,1769651684232
2103,551288832,1769651688094,20:54:48.094,42.3489968,-71.0766488,128.899,-21.700000762939453,0.0,1769651684232
2104,551550976,1769651688418,20:54:48.418,42.3489968,-71.0766488,128.899,-21.700000762939453,0.0,1769651684232
2105,551813120,1769651688878,20:54:48.878,42.3489968,-71.0766488,128.899,-21.700000762939453,0.0,1769651684232
2106,552075264,1769651689548,20:54:49.548,42.3489968,-71.0766488,128.899,-21.700000762939453,0.0,1769651684232
2107,552337408,1769651689954,20:54:49.954,42.3489968,-71.0766488,128.899,-21.700000762939453,0.0,1769651684232
2108,552599552,1769651690348,20:54:50.348,42.3489968,-71.0766488,128.899,-21.700000762939453,0.0,1769651684232
2109,552861696,1769651691004,20:54:51.004,42.3489968,-71.0766488,128.899,-21.700000762939453,0.0,1769651684232
2110,553123840,1769651691611,20:54:51.611,42.3491763,-71.076567,104.1,-21.0,0.0,1769651691074
2111,553385984,1769651692159,20:54:52.159,42.3491763,-71.076567,104.1,-21.0,0.0,1769651691074
2112,553648128,1769651692781,20:54:52.781,42.3491763,-71.076567,104.1,-21.0,0.0,1769651691074
2113,553910272,1769651693395,20:54:53.395,42.3491763,-71.076567,104.1,-21.0,0.0,1769651691074
2114,554172416,1769651693855,20:54:53.855,42.3491763,-71.076567,104.1,-21.0,0.0,1769651691074
2115,554434560,1769651694500,20:54:54.500,42.3491763,-71.076567,104.1,-21.0,0.0,1769651691074
2116,554696704,1769651695033,20:54:55.033,42.3491763,-71.076567,104.1,-21.0,0.0,1769651691074
2117,554958848,1769651695750,20:54:55.750,42.3491763,-71.076567,104.1,-21.0,0.0,1769651691074
2118,555220992,1769651696143,20:54:56.143,42.3491763,-71.076567,104.1,-21.0,0.0,1769651691074
2119,555483136,1769651696434,20:54:56.434,42.3491763,-71.076567,104.1,-21.0,0.0,1769651691074
2120,555745280,1769651696774,20:54:56.774,42.3491763,-71.076567,104.1,-21.0,0.0,1769651691074
2121,556007424,1769651697143,20:54:57.143,42.3491763,-71.076567,104.1,-21.0,0.0,1769651691074
2122,556269568,1769651697474,20:54:57.474,42.3491763,-71.076567,104.1,-21.0,0.0,1769651691074
2123,556531712,1769651697871,20:54:57.871,42.3491763,-71.076567,104.1,-21.0,0.0,1769651691074
2124,556793856,1769651698320,20:54:58.320,42.3491495,-71.0765696,116.1,-21.0,0.0,1769651697900
2125,557056000,1769651698762,20:54:58.762,42.3491495,-71.0765696,116.1,-21.0,0.0,1769651697900
2126,557318144,1769651699109,20:54:59.109,42.3491495,-71.0765696,116.1,-21.0,0.0,1769651697900
2127,557580288,1769651699461,20:54:59.461,42.3491495,-71.0765696,116.1,-21.0,0.0,1769651697900
2128,557842432,1769651699808,20:54:59.808,42.3491495,-71.0765696,116.1,-21.0,0.0,1769651697900
2129,558104576,1769651700183,20:55:00.183,42.3491495,-71.0765696,116.1,-21.0,0.0,1769651697900
2130,558366720,1769651700593,20:55:00.593,42.3491495,-71.0765696,116.1,-21.0,0.0,1769651697900
2131,558628864,1769651700986,20:55:00.986,42.3491495,-71.0765696,116.1,-21.0,0.0,1769651697900
2132,558891008,1769651701380,20:55:01.380,42.3491495,-71.0765696,116.1,-21.0,0.0,1769651697900
2133,559153152,1769651701815,20:55:01.815,42.3491495,-71.0765696,116.1,-21.0,0.0,1769651697900
2134,559415296,1769651702173,20:55:02.173,42.3491495,-71.0765696,116.1,-21.0,0.0,1769651697900
2135,559677440,1769651702582,20:55:02.582,42.3491495,-71.0765696,116.1,-21.0,0.0,1769651697900
2136,559939584,1769651703008,20:55:03.008,42.3491495,-71.0765696,116.1,-21.0,0.0,1769651697900
2137,560201728,1769651703362,20:55:03.362,42.3491495,-71.0765696,116.1,-21.0,0.0,1769651697900
2138,560463872,1769651703717,20:55:03.717,42.3491495,-71.0765696,116.1,-21.0,0.0,1769651697900
2139,560726016,1769651704063,20:55:04.063,42.3491495,-71.0765696,116.1,-21.0,0.0,1769651697900
2140,560988160,1769651704414,20:55:04.414,42.3491495,-71.0765696,116.1,-21.0,0.0,1769651697900
2141,561250304,1769651704775,20:55:04.775,42.3491495,-71.0765696,116.1,-21.0,0.0,1769651697900
2142,561512448,1769651705127,20:55:05.127,42.3492083,-71.076716,122.4,-21.0,0.0,1769651704678
2143,561774592,1769651705478,20:55:05.478,42.3492083,-71.076716,122.4,-21.0,0.0,1769651704678
2144,562036736,1769651705830,20:55:05.830,42.3492083,-71.076716,122.4,-21.0,0.0,1769651704678
2145,562298880,1769651706181,20:55:06.181,42.3492083,-71.076716,122.4,-21.0,0.0,1769651704678
2146,562561024,1769651706599,20:55:06.599,42.3492083,-71.076716,122.4,-21.0,0.0,1769651704678
2147,562823168,1769651707114,20:55:07.114,42.3492083,-71.076716,122.4,-21.0,0.0,1769651704678
2148,563085312,1769651707562,20:55:07.562,42.3492083,-71.076716,122.4,-21.0,0.0,1769651704678
2149,563347456,1769651708061,20:55:08.061,42.3492083,-71.076716,122.4,-21.0,0.0,1769651704678
2150,563609600,1769651708552,20:55:08.552,42.3492083,-71.076716,122.4,-21.0,0.0,1769651704678
2151,563871744,1769651708899,20:55:08.899,42.3492083,-71.076716,122.4,-21.0,0.0,1769651704678
2152,564133888,1769651709436,20:55:09.436,42.3492083,-71.076716,122.4,-21.0,0.0,1769651704678
2153,564396032,1769651709921,20:55:09.921,42.3492083,-71.076716,122.4,-21.0,0.0,1769651704678
2154,564658176,1769651710273,20:55:10.273,42.3492083,-71.076716,122.4,-21.0,0.0,1769651704678
2155,564920320,1769651710657,20:55:10.657,42.3492083,-71.076716,122.4,-21.0,0.0,1769651704678
2156,565182464,1769651711177,20:55:11.177,42.3492083,-71.076716,122.4,-21.0,0.0,1769651704678
2157,565444608,1769651711928,20:55:11.928,42.3492825,-71.0767607,104.1,-21.0,0.0,1769651711638
2158,565706752,1769651712806,20:55:12.806,42.3492825,-71.0767607,104.1,-21.0,0.0,1769651711638
2159,565968896,1769651713391,20:55:13.391,42.3492825,-71.0767607,104.1,-21.0,0.0,1769651711638
2160,566231040,1769651714078,20:55:14.078,42.3492825,-71.0767607,104.1,-21.0,0.0,1769651711638
2161,566493184,1769651714635,20:55:14.635,42.3492825,-71.0767607,104.1,-21.0,0.0,1769651711638
2162,566755328,1769651715360,20:55:15.360,42.3492825,-71.0767607,104.1,-21.0,0.0,1769651711638
2163,567017472,1769651715906,20:55:15.906,42.3492825,-71.0767607,104.1,-21.0,0.0,1769651711638
2164,567279616,1769651716360,20:55:16.360,42.3492825,-71.0767607,104.1,-21.0,0.0,1769651711638
2165,567541760,1769651716800,20:55:16.800,42.3492825,-71.0767607,104.1,-21.0,0.0,1769651711638
2166,567803904,1769651717152,20:55:17.152,42.3492825,-71.0767607,104.1,-21.0,0.0,1769651711638
2167,568066048,1769651717505,20:55:17.505,42.3492825,-71.0767607,104.1,-21.0,0.0,1769651711638
2168,568328192,1769651717852,20:55:17.852,42.3492825,-71.0767607,104.1,-21.0,0.0,1769651711638
2169,568590336,1769651718316,20:55:18.316,42.3492825,-71.0767607,104.1,-21.0,0.0,1769651711638
2170,568852480,1769651718775,20:55:18.775,42.3492057,-71.0766045,87.6,-21.0,0.0,1769651718472
2171,569114624,1769651719207,20:55:19.207,42.3492057,-71.0766045,87.6,-21.0,0.0,1769651718472
2172,569376768,1769651719696,20:55:19.696,42.3492057,-71.0766045,87.6,-21.0,0.0,1769651718472
2173,569638912,1769651720268,20:55:20.268,42.3492057,-71.0766045,87.6,-21.0,0.0,1769651718472
2174,569901056,1769651720917,20:55:20.917,42.3492057,-71.0766045,87.6,-21.0,0.0,1769651718472
2175,570163200,1769651721322,20:55:21.322,42.3492057,-71.0766045,87.6,-21.0,0.0,1769651718472
2176,570425344,1769651721673,20:55:21.673,42.3492057,-71.0766045,87.6,-21.0,0.0,1769651718472
2177,570687488,1769651722021,20:55:22.021,42.3492057,-71.0766045,87.6,-21.0,0.0,1769651718472
2178,570949632,1769651722373,20:55:22.373,42.3492057,-71.0766045,87.6,-21.0,0.0,1769651718472
2179,571211776,1769651722725,20:55:22.725,42.3492057,-71.0766045,87.6,-21.0,0.0,1769651718472
2180,571473920,1769651723075,20:55:23.075,42.3492057,-71.0766045,87.6,-21.0,0.0,1769651718472
2181,571736064,1769651723434,20:55:23.434,42.3492057,-71.0766045,87.6,-21.0,0.0,1769651718472
2182,571998208,1769651723773,20:55:23.773,42.3492057,-71.0766045,87.6,-21.0,0.0,1769651718472
2183,572260352,1769651724152,20:55:24.152,42.3492057,-71.0766045,87.6,-21.0,0.0,1769651718472
2184,572522496,1769651724534,20:55:24.534,42.3492057,-71.0766045,87.6,-21.0,0.0,1769651718472
2185,572784640,1769651724972,20:55:24.972,42.3492057,-71.0766045,87.6,-21.0,0.0,1769651718472
2186,573046784,1769651725310,20:55:25.310,42.3492057,-71.0766045,87.6,-21.0,0.0,1769651718472
2187,573308928,1769651725792,20:55:25.792,42.3491169,-71.0767666,77.167,-20.600000381469727,0.0,1769651725275
2188,573571072,1769651726201,20:55:26.201,42.3491169,-71.0767666,77.167,-20.600000381469727,0.0,1769651725275
2189,573833216,1769651726559,20:55:26.559,42.3491169,-71.0767666,77.167,-20.600000381469727,0.0,1769651725275
2190,574095360,1769651726904,20:55:26.904,42.3491169,-71.0767666,77.167,-20.600000381469727,0.0,1769651725275
2191,574357504,1769651727474,20:55:27.474,42.3491169,-71.0767666,77.167,-20.600000381469727,0.0,1769651725275
2192,574619648,1769651727947,20:55:27.947,42.3491169,-71.0767666,77.167,-20.600000381469727,0.0,1769651725275
2193,574881792,1769651728697,20:55:28.697,42.3491169,-71.0767666,77.167,-20.600000381469727,0.0,1769651725275
2194,575143936,1769651729322,20:55:29.322,42.3491169,-71.0767666,77.167,-20.600000381469727,0.0,1769651725275
2195,575406080,1769651729690,20:55:29.690,42.3491169,-71.0767666,77.167,-20.600000381469727,0.0,1769651725275
2196,575668224,1769651730504,20:55:30.504,42.3491169,-71.0767666,77.167,-20.600000381469727,0.0,1769651725275
2197,575930368,1769651731298,20:55:31.298,42.3491169,-71.0767666,77.167,-20.600000381469727,0.0,1769651725275
2198,576192512,1769651731658,20:55:31.658,42.3491169,-71.0767666,77.167,-20.600000381469727,0.0,1769651725275
2199,576454656,1769651732117,20:55:32.117,42.3491169,-71.0767666,77.167,-20.600000381469727,0.0,1769651725275
2200,576716800,1769651732523,20:55:32.523,42.3489253,-71.0770442,37.138,-20.600000381469727,0.0,1769651732098
2201,576978944,1769651732982,20:55:32.982,42.3489253,-71.0770442,37.138,-20.600000381469727,0.0,1769651732098
2202,577241088,1769651733428,20:55:33.428,42.3489253,-71.0770442,37.138,-20.600000381469727,0.0,1769651732098
2203,577503232,1769651733826,20:55:33.826,42.3489253,-71.0770442,37.138,-20.600000381469727,0.0,1769651732098
2204,577765376,1769651734134,20:55:34.134,42.3489253,-71.0770442,37.138,-20.600000381469727,0.0,1769651732098
2205,578027520,1769651734552,20:55:34.552,42.3489253,-71.0770442,37.138,-20.600000381469727,0.0,1769651732098
2206,578289664,1769651735481,20:55:35.481,42.3489253,-71.0770442,37.138,-20.600000381469727,0.0,1769651732098
2207,578551808,1769651736031,20:55:36.031,42.3489253,-71.0770442,37.138,-20.600000381469727,0.0,1769651732098
2208,578813952,1769651736882,20:55:36.882,42.3489253,-71.0770442,37.138,-20.600000381469727,0.0,1769651732098
2209,579076096,1769651737771,20:55:37.771,42.3489253,-71.0770442,37.138,-20.600000381469727,0.0,1769651732098
2210,579338240,1769651738374,20:55:38.374,42.3489253,-71.0770442,37.138,-20.600000381469727,0.0,1769651732098
2211,579600384,1769651739369,20:55:39.369,42.3490455,-71.0777365,31.965,-20.600000381469727,0.0,1769651738817
2212,579862528,1769651740110,20:55:40.110,42.3490455,-71.0777365,31.965,-20.600000381469727,0.0,1769651738817
2213,580124672,1769651741009,20:55:41.009,42.3490455,-71.0777365,31.965,-20.600000381469727,0.0,1769651738817
2214,580386816,1769651741729,20:55:41.729,42.3490455,-71.0777365,31.965,-20.600000381469727,0.0,1769651738817
2215,580648960,1769651742208,20:55:42.208,42.3490455,-71.0777365,31.965,-20.600000381469727,0.0,1769651738817
2216,580911104,1769651742679,20:55:42.679,42.3490455,-71.0777365,31.965,-20.600000381469727,0.0,1769651738817
2217,581173248,1769651743465,20:55:43.465,42.3490455,-71.0777365,31.965,-20.600000381469727,0.0,1769651738817
2218,581435392,1769651744014,20:55:44.014,42.3490455,-71.0777365,31.965,-20.600000381469727,0.0,1769651738817
2219,581697536,1769651744497,20:55:44.497,42.3490455,-71.0777365,31.965,-20.600000381469727,0.0,1769651738817
2220,581959680,1769651744898,20:55:44.898,42.3490455,-71.0777365,31.965,-20.600000381469727,0.0,1769651738817
2221,582221824,1769651745479,20:55:45.479,42.3490455,-71.0777365,31.965,-20.600000381469727,0.0,1769651738817
2222,582483968,1769651746095,20:55:46.095,42.3486255,-71.0779377,21.444,-19.42979551501841,0.0,1769651745636
2223,582746112,1769651746708,20:55:46.708,42.3486255,-71.0779377,21.444,-19.42979551501841,0.0,1769651745636
2224,583008256,1769651747324,20:55:47.324,42.3486255,-71.0779377,21.444,-19.42979551501841,0.0,1769651745636
2225,583270400,1769651747941,20:55:47.941,42.3486255,-71.0779377,21.444,-19.42979551501841,0.0,1769651745636
2226,583532544,1769651748563,20:55:48.563,42.3486255,-71.0779377,21.444,-19.42979551501841,0.0,1769651745636
2227,583794688,1769651749181,20:55:49.181,42.3486255,-71.0779377,21.444,-19.42979551501841,0.0,1769651745636
2228,584056832,1769651749801,20:55:49.801,42.3486255,-71.0779377,21.444,-19.42979551501841,0.0,1769651745636
2229,584318976,1769651750418,20:55:50.418,42.3486255,-71.0779377,21.444,-19.42979551501841,0.0,1769651745636
2230,584581120,1769651750864,20:55:50.864,42.3486255,-71.0779377,21.444,-19.42979551501841,0.0,1769651745636
2231,584843264,1769651751216,20:55:51.216,42.3486255,-71.0779377,21.444,-19.42979551501841,0.0,1769651745636
2232,585105408,1769651751565,20:55:51.565,42.3486255,-71.0779377,21.444,-19.42979551501841,0.0,1769651745636
2233,585367552,1769651752183,20:55:52.183,42.3486255,-71.0779377,21.444,-19.42979551501841,0.0,1769651745636
2234,585629696,1769651752792,20:55:52.792,42.3478532,-71.0785821,33.89,-17.82649707910481,0.0,1769651752417
2235,585891840,1769651753457,20:55:53.457,42.3478532,-71.0785821,33.89,-17.82649707910481,0.0,1769651752417
2236,586153984,1769651754125,20:55:54.125,42.3478532,-71.0785821,33.89,-17.82649707910481,0.0,1769651752417
2237,586416128,1769651754744,20:55:54.744,42.3478532,-71.0785821,33.89,-17.82649707910481,0.0,1769651752417
2238,586678272,1769651755441,20:55:55.441,42.3478532,-71.0785821,33.89,-17.82649707910481,0.0,1769651752417
2239,586940416,1769651756163,20:55:56.163,42.3478532,-71.0785821,33.89,-17.82649707910481,0.0,1769651752417
2240,587202560,1769651756862,20:55:56.862,42.3478532,-71.0785821,33.89,-17.82649707910481,0.0,1769651752417
2241,587464704,1769651757629,20:55:57.629,42.3478532,-71.0785821,33.89,-17.82649707910481,0.0,1769651752417
2242,587726848,1769651758094,20:55:58.094,42.3478532,-71.0785821,33.89,-17.82649707910481,0.0,1769651752417
2243,587988992,1769651758559,20:55:58.559,42.3478532,-71.0785821,33.89,-17.82649707910481,0.0,1769651752417
2244,588251136,1769651758935,20:55:58.935,42.3478532,-71.0785821,33.89,-17.82649707910481,0.0,1769651752417
2245,588513280,1769651759392,20:55:59.392,42.3478551,-71.0785488,34.664,-17.474829319966652,0.0,1769651759133
2246,588775424,1769651759861,20:55:59.861,42.3478551,-71.0785488,34.664,-17.474829319966652,0.0,1769651759133
2247,589037568,1769651760261,20:56:00.261,42.3478551,-71.0785488,34.664,-17.474829319966652,0.0,1769651759133
2248,589299712,1769651760602,20:56:00.602,42.3478551,-71.0785488,34.664,-17.474829319966652,0.0,1769651759133
2249,589561856,1769651760932,20:56:00.932,42.3478551,-71.0785488,34.664,-17.474829319966652,0.0,1769651759133
2250,589824000,1769651761287,20:56:01.287,42.3478551,-71.0785488,34.664,-17.474829319966652,0.0,1769651759133
2251,590086144,1769651761677,20:56:01.677,42.3478551,-71.0785488,34.664,-17.474829319966652,0.0,1769651759133
2252,590348288,1769651762123,20:56:02.123,42.3478551,-71.0785488,34.664,-17.474829319966652,0.0,1769651759133
2253,590610432,1769651762492,20:56:02.492,42.3478551,-71.0785488,34.664,-17.474829319966652,0.0,1769651759133
2254,590872576,1769651762896,20:56:02.896,42.3478551,-71.0785488,34.664,-17.474829319966652,0.0,1769651759133
2255,591134720,1769651763409,20:56:03.409,42.3478551,-71.0785488,34.664,-17.474829319966652,0.0,1769651759133
2256,591396864,1769651763838,20:56:03.838,42.3478551,-71.0785488,34.664,-17.474829319966652,0.0,1769651759133
2257,591659008,1769651764215,20:56:04.215,42.3478551,-71.0785488,34.664,-17.474829319966652,0.0,1769651759133
2258,591921152,1769651764537,20:56:04.537,42.3478551,-71.0785488,34.664,-17.474829319966652,0.0,1769651759133
2259,592183296,1769651764892,20:56:04.892,42.3478551,-71.0785488,34.664,-17.474829319966652,0.0,1769651759133
2260,592445440,1769651765364,20:56:05.364,42.3478551,-71.0785488,34.664,-17.474829319966652,0.0,1769651759133
2261,592707584,1769651765740,20:56:05.740,42.3478551,-71.0785488,34.664,-17.474829319966652,0.0,1769651759133
2262,592969728,1769651766138,20:56:06.138,42.3479148,-71.0787434,60.0,-16.196999339796754,0.0,1769651765905
2263,593231872,1769651766487,20:56:06.487,42.3479148,-71.0787434,60.0,-16.196999339796754,0.0,1769651765905
2264,593494016,1769651766840,20:56:06.840,42.3479148,-71.0787434,60.0,-16.196999339796754,0.0,1769651765905
2265,593756160,1769651767191,20:56:07.191,42.3479148,-71.0787434,60.0,-16.196999339796754,0.0,1769651765905
2266,594018304,1769651767542,20:56:07.542,42.3479148,-71.0787434,60.0,-16.196999339796754,0.0,1769651765905
2267,594280448,1769651767892,20:56:07.892,42.3479148,-71.0787434,60.0,-16.196999339796754,0.0,1769651765905
2268,594542592,1769651768265,20:56:08.265,42.3479148,-71.0787434,60.0,-16.196999339796754,0.0,1769651765905
2269,594804736,1769651768838,20:56:08.838,42.3479148,-71.0787434,60.0,-16.196999339796754,0.0,1769651765905
2270,595066880,1769651769551,20:56:09.551,42.3479148,-71.0787434,60.0,-16.196999339796754,0.0,1769651765905
2271,595329024,1769651770036,20:56:10.036,42.3479148,-71.0787434,60.0,-16.196999339796754,0.0,1769651765905
2272,595591168,1769651770629,20:56:10.629,42.3479148,-71.0787434,60.0,-16.196999339796754,0.0,1769651765905
2273,595853312,1769651771197,20:56:11.197,42.3479148,-71.0787434,60.0,-16.196999339796754,0.0,1769651765905
2274,596115456,1769651771709,20:56:11.709,42.3479148,-71.0787434,60.0,-16.196999339796754,0.0,1769651765905
2275,596377600,1769651772246,20:56:12.246,42.3479148,-71.0787434,60.0,-16.196999339796754,0.0,1769651765905
2276,596639744,1769651772815,20:56:12.815,42.3479148,-71.0787434,60.0,-16.196999339796754,0.0,1769651765905
2277,596901888,1769651773391,20:56:13.391,42.3469406,-71.0799098,91.366,-14.968715447991364,0.0,1769651772665
2278,597164032,1769651773934,20:56:13.934,42.3469406,-71.0799098,91.366,-14.968715447991364,0.0,1769651772665
2279,597426176,1769651774336,20:56:14.336,42.3469406,-71.0799098,91.366,-14.968715447991364,0.0,1769651772665
2280,597688320,1769651775000,20:56:15.000,42.3469406,-71.0799098,91.366,-14.968715447991364,0.0,1769651772665
2281,597950464,1769651775500,20:56:15.500,42.3469406,-71.0799098,91.366,-14.968715447991364,0.0,1769651772665
2282,598212608,1769651776021,20:56:16.021,42.3469406,-71.0799098,91.366,-14.968715447991364,0.0,1769651772665
2283,598474752,1769651776623,20:56:16.623,42.3469406,-71.0799098,91.366,-14.968715447991364,0.0,1769651772665
2284,598736896,1769651777222,20:56:17.222,42.3469406,-71.0799098,91.366,-14.968715447991364,0.0,1769651772665
2285,598999040,1769651777823,20:56:17.823,42.3469406,-71.0799098,91.366,-14.968715447991364,0.0,1769651772665
2286,599261184,1769651778418,20:56:18.418,42.3469406,-71.0799098,91.366,-14.968715447991364,0.0,1769651772665
2287,599523328,1769651779028,20:56:19.028,42.3469406,-71.0799098,91.366,-14.968715447991364,0.0,1769651772665
2288,599785472,1769651779627,20:56:19.627,42.3469406,-71.0799098,91.366,-14.968715447991364,0.0,1769651772665
2289,600047616,1769651780226,20:56:20.226,42.3468612,-71.0799039,30.098,-15.425133276612064,0.0,1769651779464
2290,600309760,1769651780760,20:56:20.760,42.3468612,-71.0799039,30.098,-15.425133276612064,0.0,1769651779464
2291,600571904,1769651781221,20:56:21.221,42.3468612,-71.0799039,30.098,-15.425133276612064,0.0,1769651779464
2292,600834048,1769651781601,20:56:21.601,42.3468612,-71.0799039,30.098,-15.425133276612064,0.0,1769651779464
2293,601096192,1769651781956,20:56:21.956,42.3468612,-71.0799039,30.098,-15.425133276612064,0.0,1769651779464
2294,601358336,1769651782391,20:56:22.391,42.3468612,-71.0799039,30.098,-15.425133276612064,0.0,1769651779464
2295,601620480,1769651782791,20:56:22.791,42.3468612,-71.0799039,30.098,-15.425133276612064,0.0,1769651779464
2296,601882624,1769651783174,20:56:23.174,42.3468612,-71.0799039,30.098,-15.425133276612064,0.0,1769651779464
2297,602144768,1769651783589,20:56:23.589,42.3468612,-71.0799039,30.098,-15.425133276612064,0.0,1769651779464
2298,602406912,1769651784062,20:56:24.062,42.3468612,-71.0799039,30.098,-15.425133276612064,0.0,1769651779464
2299,602669056,1769651784545,20:56:24.545,42.3468612,-71.0799039,30.098,-15.425133276612064,0.0,1769651779464
2300,602931200,1769651785028,20:56:25.028,42.3468612,-71.0799039,30.098,-15.425133276612064,0.0,1769651779464
2301,603193344,1769651785490,20:56:25.490,42.3468612,-71.0799039,30.098,-15.425133276612064,0.0,1769651779464
2302,603455488,1769651785841,20:56:25.841,42.3468612,-71.0799039,30.098,-15.425133276612064,0.0,1769651779464
2303,603717632,1769651786189,20:56:26.189,42.3468612,-71.0799039,30.098,-15.425133276612064,0.0,1769651779464
2304,603979776,1769651786548,20:56:26.548,42.3469547,-71.0797822,25.296,-16.91516108453222,0.0,1769651786329
2305,604241920,1769651786903,20:56:26.903,42.3469547,-71.0797822,25.296,-16.91516108453222,0.0,1769651786329
2306,604504064,1769651787342,20:56:27.342,42.3469547,-71.0797822,25.296,-16.91516108453222,0.0,1769651786329
2307,604766208,1769651787819,20:56:27.819,42.3469547,-71.0797822,25.296,-16.91516108453222,0.0,1769651786329
2308,605028352,1769651788325,20:56:28.325,42.3469547,-71.0797822,25.296,-16.91516108453222,0.0,1769651786329
2309,605290496,1769651788666,20:56:28.666,42.3469547,-71.0797822,25.296,-16.91516108453222,0.0,1769651786329
2310,605552640,1769651789152,20:56:29.152,42.3469547,-71.0797822,25.296,-16.91516108453222,0.0,1769651786329
2311,605814784,1769651789588,20:56:29.588,42.3469547,-71.0797822,25.296,-16.91516108453222,0.0,1769651786329
2312,606076928,1769651789997,20:56:29.997,42.3469547,-71.0797822,25.296,-16.91516108453222,0.0,1769651786329
2313,606339072,1769651790541,20:56:30.541,42.3469547,-71.0797822,25.296,-16.91516108453222,0.0,1769651786329
2314,606601216,1769651791064,20:56:31.064,42.3469547,-71.0797822,25.296,-16.91516108453222,0.0,1769651786329
2315,606863360,1769651791785,20:56:31.785,42.3469547,-71.0797822,25.296,-16.91516108453222,0.0,1769651786329
2316,607125504,1769651792222,20:56:32.222,42.3469547,-71.0797822,25.296,-16.91516108453222,0.0,1769651786329
2317,607387648,1769651792737,20:56:32.737,42.3469547,-71.0797822,25.296,-16.91516108453222,0.0,1769651786329
2318,607649792,1769651793171,20:56:33.171,42.3469547,-71.0797822,25.296,-16.91516108453222,0.0,1769651786329
2319,607911936,1769651793738,20:56:33.738,42.346861,-71.0797059,27.037,-17.07978530922422,0.0,1769651793144
2320,608174080,1769651794459,20:56:34.459,42.346861,-71.0797059,27.037,-17.07978530922422,0.0,1769651793144
2321,608436224,1769651795101,20:56:35.101,42.346861,-71.0797059,27.037,-17.07978530922422,0.0,1769651793144
2322,608698368,1769651795754,20:56:35.754,42.346861,-71.0797059,27.037,-17.07978530922422,0.0,1769651793144
2323,608960512,1769651796144,20:56:36.144,42.346861,-71.0797059,27.037,-17.07978530922422,0.0,1769651793144
2324,609222656,1769651796624,20:56:36.624,42.346861,-71.0797059,27.037,-17.07978530922422,0.0,1769651793144
2325,609484800,1769651797033,20:56:37.033,42.346861,-71.0797059,27.037,-17.07978530922422,0.0,1769651793144
2326,609746944,1769651797478,20:56:37.478,42.346861,-71.0797059,27.037,-17.07978530922422,0.0,1769651793144
2327,610009088,1769651797851,20:56:37.851,42.346861,-71.0797059,27.037,-17.07978530922422,0.0,1769651793144
2328,610271232,1769651798201,20:56:38.201,42.346861,-71.0797059,27.037,-17.07978530922422,0.0,1769651793144
2329,610533376,1769651798558,20:56:38.558,42.346861,-71.0797059,27.037,-17.07978530922422,0.0,1769651793144
2330,610795520,1769651798902,20:56:38.902,42.346861,-71.0797059,27.037,-17.07978530922422,0.0,1769651793144
2331,611057664,1769651799262,20:56:39.262,42.346861,-71.0797059,27.037,-17.07978530922422,0.0,1769651793144
2332,611319808,1769651799609,20:56:39.609,42.346861,-71.0797059,27.037,-17.07978530922422,0.0,1769651793144
2333,611581952,1769651799962,20:56:39.962,42.346861,-71.0797059,27.037,-17.07978530922422,0.0,1769651793144
2334,611844096,1769651800314,20:56:40.314,42.3468166,-71.0799118,36.007,-17.09636065206975,0.0,1769651799996
2335,612106240,1769651800673,20:56:40.673,42.3468166,-71.0799118,36.007,-17.09636065206975,0.0,1769651799996
2336,612368384,1769651801153,20:56:41.153,42.3468166,-71.0799118,36.007,-17.09636065206975,0.0,1769651799996
2337,612630528,1769651801833,20:56:41.833,42.3468166,-71.0799118,36.007,-17.09636065206975,0.0,1769651799996
2338,612892672,1769651802340,20:56:42.340,42.3468166,-71.0799118,36.007,-17.09636065206975,0.0,1769651799996
2339,613154816,1769651802941,20:56:42.941,42.3468166,-71.0799118,36.007,-17.09636065206975,0.0,1769651799996
2340,613416960,1769651803479,20:56:43.479,42.3468166,-71.0799118,36.007,-17.09636065206975,0.0,1769651799996
2341,613679104,1769651803978,20:56:43.978,42.3468166,-71.0799118,36.007,-17.09636065206975,0.0,1769651799996
2342,613941248,1769651804422,20:56:44.422,42.3468166,-71.0799118,36.007,-17.09636065206975,0.0,1769651799996
2343,614203392,1769651804865,20:56:44.865,42.3468166,-71.0799118,36.007,-17.09636065206975,0.0,1769651799996
2344,614465536,1769651805312,20:56:45.312,42.3468166,-71.0799118,36.007,-17.09636065206975,0.0,1769651799996
2345,614727680,1769651805683,20:56:45.683,42.3468166,-71.0799118,36.007,-17.09636065206975,0.0,1769651799996
2346,614989824,1769651806016,20:56:46.016,42.3468166,-71.0799118,36.007,-17.09636065206975,0.0,1769651799996
2347,615251968,1769651806411,20:56:46.411,42.3468166,-71.0799118,36.007,-17.09636065206975,0.0,1769651799996
2348,615514112,1769651806957,20:56:46.957,42.3468166,-71.0799118,36.007,-17.09636065206975,0.0,1769651799996
2349,615776256,1769651807406,20:56:47.406,42.3468908,-71.0811889,99.076,-17.109828094607643,0.0,1769651806891
2350,616038400,1769651807753,20:56:47.753,42.3468908,-71.0811889,99.076,-17.109828094607643,0.0,1769651806891
2351,616300544,1769651808116,20:56:48.116,42.3468908,-71.0811889,99.076,-17.109828094607643,0.0,1769651806891
2352,616562688,1769651808467,20:56:48.467,42.3468908,-71.0811889,99.076,-17.109828094607643,0.0,1769651806891
2353,616824832,1769651808907,20:56:48.907,42.3468908,-71.0811889,99.076,-17.109828094607643,0.0,1769651806891
2354,617086976,1769651809234,20:56:49.234,42.3468908,-71.0811889,99.076,-17.109828094607643,0.0,1769651806891
2355,617349120,1769651809701,20:56:49.701,42.3468908,-71.0811889,99.076,-17.109828094607643,0.0,1769651806891
2356,617611264,1769651810173,20:56:50.173,42.3468908,-71.0811889,99.076,-17.109828094607643,0.0,1769651806891
2357,617873408,1769651810592,20:56:50.592,42.3468908,-71.0811889,99.076,-17.109828094607643,0.0,1769651806891
2358,618135552,1769651810951,20:56:50.951,42.3468908,-71.0811889,99.076,-17.109828094607643,0.0,1769651806891
2359,618397696,1769651811253,20:56:51.253,42.3468908,-71.0811889,99.076,-17.109828094607643,0.0,1769651806891
2360,618659840,1769651811777,20:56:51.777,42.3468908,-71.0811889,99.076,-17.109828094607643,0.0,1769651806891
2361,618921984,1769651812311,20:56:52.311,42.3468908,-71.0811889,99.076,-17.109828094607643,0.0,1769651806891
2362,619184128,1769651812734,20:56:52.734,42.3468908,-71.0811889,99.076,-17.109828094607643,0.0,1769651806891
2363,619446272,1769651813207,20:56:53.207,42.3468908,-71.0811889,99.076,-17.109828094607643,0.0,1769651806891
2364,619708416,1769651813744,20:56:53.744,42.3468908,-71.0811889,99.076,-17.109828094607643,0.0,1769651806891
2365,619970560,1769651814448,20:56:54.448,42.3469212,-71.0798113,31.736,-17.398929065426138,0.0,1769651813769
2366,620232704,1769651814883,20:56:54.883,42.3469212,-71.0798113,31.736,-17.398929065426138,0.0,1769651813769
2367,620494848,1769651815302,20:56:55.302,42.3469212,-71.0798113,31.736,-17.398929065426138,0.0,1769651813769
2368,620756992,1769651815735,20:56:55.735,42.3469212,-71.0798113,31.736,-17.398929065426138,0.0,1769651813769
2369,621019136,1769651816378,20:56:56.378,42.3469212,-71.0798113,31.736,-17.398929065426138,0.0,1769651813769
2370,621281280,1769651816926,20:56:56.926,42.3469212,-71.0798113,31.736,-17.398929065426138,0.0,1769651813769
2371,621543424,1769651817270,20:56:57.270,42.3469212,-71.0798113,31.736,-17.398929065426138,0.0,1769651813769
2372,621805568,1769651817937,20:56:57.937,42.3469212,-71.0798113,31.736,-17.398929065426138,0.0,1769651813769
2373,622067712,1769651818662,20:56:58.662,42.3469212,-71.0798113,31.736,-17.398929065426138,0.0,1769651813769
2374,622329856,1769651819044,20:56:59.044,42.3469212,-71.0798113,31.736,-17.398929065426138,0.0,1769651813769
2375,622592000,1769651819414,20:56:59.414,42.3469212,-71.0798113,31.736,-17.398929065426138,0.0,1769651813769
2376,622854144,1769651819906,20:56:59.906,42.3469212,-71.0798113,31.736,-17.398929065426138,0.0,1769651813769
2377,623116288,1769651820378,20:57:00.378,42.3469212,-71.0798113,31.736,-17.398929065426138,0.0,1769651813769
2378,623378432,1769651821015,20:57:01.015,42.3470542,-71.0796989,36.214,-17.375102010086,0.0,1769651820554
2379,623640576,1769651821653,20:57:01.653,42.3470542,-71.0796989,36.214,-17.375102010086,0.0,1769651820554
2380,623902720,1769651822084,20:57:02.084,42.3470542,-71.0796989,36.214,-17.375102010086,0.0,1769651820554
2381,624164864,1769651822740,20:57:02.740,42.3470542,-71.0796989,36.214,-17.375102010086,0.0,1769651820554
2382,624427008,1769651823308,20:57:03.308,42.3470542,-71.0796989,36.214,-17.375102010086,0.0,1769651820554
2383,624689152,1769651823846,20:57:03.846,42.3470542,-71.0796989,36.214,-17.375102010086,0.0,1769651820554
2384,624951296,1769651824542,20:57:04.542,42.3470542,-71.0796989,36.214,-17.375102010086,0.0,1769651820554
2385,625213440,1769651825221,20:57:05.221,42.3470542,-71.0796989,36.214,-17.375102010086,0.0,1769651820554
2386,625475584,1769651825707,20:57:05.707,42.3470542,-71.0796989,36.214,-17.375102010086,0.0,1769651820554
2387,625737728,1769651826154,20:57:06.154,42.3470542,-71.0796989,36.214,-17.375102010086,0.0,1769651820554
2388,625999872,1769651826682,20:57:06.682,42.3473405,-71.0795833,36.267,-17.38908746361417,9.137677,1769651826065
2389,626262016,1769651827223,20:57:07.223,42.3473603,-71.0796347,35.394,-17.38908746361417,2.9099598,1769651827065
2390,626524160,1769651827744,20:57:07.744,42.3473603,-71.0796347,35.394,-17.38908746361417,2.9099598,1769651827065
2391,626786304,1769651828263,20:57:08.263,42.3473323,-71.0797794,36.673,-20.799999237060547,3.9602942,1769651828066
2392,627048448,1769651828712,20:57:08.712,42.3473323,-71.0797794,36.673,-20.799999237060547,3.9602942,1769651828066
2393,627310592,1769651829197,20:57:09.197,42.3473069,-71.0798875,35.081,-20.799999237060547,4.5589685,1769651829065
2394,627572736,1769651829742,20:57:09.742,42.3473069,-71.0798875,35.081,-20.799999237060547,4.5589685,1769651829065
2395,627834880,1769651830279,20:57:10.279,42.3472329,-71.0799817,33.923,-20.799999237060547,5.218019,1769651830066
2396,628097024,1769651830739,20:57:10.739,42.3472329,-71.0799817,33.923,-20.799999237060547,5.218019,1769651830066
2397,628359168,1769651831130,20:57:11.130,42.3472329,-71.0799817,33.923,-20.799999237060547,5.218019,1769651830066
2398,628621312,1769651831547,20:57:11.547,42.3471868,-71.08005,33.208,-20.799999237060547,5.4342947,1769651831066
2399,628883456,1769651831974,20:57:11.974,42.3471868,-71.08005,33.208,-20.799999237060547,5.4342947,1769651831066
2400,629145600,1769651832317,20:57:12.317,42.3471378,-71.080117,31.911,-20.799999237060547,5.5570087,1769651832065
2401,629407744,1769651832617,20:57:12.617,42.3471378,-71.080117,31.911,-20.799999237060547,5.5570087,1769651832065
2402,629669888,1769651833004,20:57:13.004,42.3471378,-71.080117,31.911,-20.799999237060547,5.5570087,1769651832065
2403,629932032,1769651833402,20:57:13.402,42.3471019,-71.0801882,29.29,-18.948408619664043,5.6298203,1769651833066
2404,630194176,1769651833744,20:57:13.744,42.3471019,-71.0801882,29.29,-18.948408619664043,5.6298203,1769651833066
2405,630456320,1769651834095,20:57:14.095,42.3471019,-71.0801882,29.29,-18.948408619664043,5.6298203,1769651833066
2406,630718464,1769651834445,20:57:14.445,42.3470432,-71.0802615,29.866,-20.799999237060547,5.8638473,1769651834065
2407,630980608,1769651834794,20:57:14.794,42.3470432,-71.0802615,29.866,-20.799999237060547,5.8638473,1769651834065
2408,631242752,1769651835147,20:57:15.147,42.3470432,-71.0802615,29.866,-20.799999237060547,5.8638473,1769651834065
2409,631504896,1769651835494,20:57:15.494,42.3469735,-71.0803623,31.717,-20.799999237060547,6.3332148,1769651835066
2410,631767040,1769651835925,20:57:15.925,42.3469735,-71.0803623,31.717,-20.799999237060547,6.3332148,1769651835066
2411,632029184,1769651836620,20:57:16.620,42.3469564,-71.0804753,32.097,-20.899999618530273,6.603663,1769651836065
2412,632291328,1769651837440,20:57:17.440,42.3468898,-71.080545,32.509,-20.899999618530273,6.816476,1769651837065
2413,632553472,1769651838300,20:57:18.300,42.3468155,-71.0806053,33.267,-20.899999618530273,7.0720787,1769651838066
2414,632815616,1769651838960,20:57:18.960,42.3468155,-71.0806053,33.267,-20.899999618530273,7.0720787,1769651838066
2415,633077760,1769651839795,20:57:19.795,42.3467393,-71.080644,33.643,-20.899999618530273,7.394323,1769651839065
2416,633339904,1769651840500,20:57:20.500,42.3464986,-71.079991,33.237,-20.899999618530273,8.715123,1769651840066
2417,633602048,1769651841031,20:57:21.031,42.3464986,-71.079991,33.237,-20.899999618530273,8.715123,1769651840066
2418,633864192,1769651841652,20:57:21.652,42.3463535,-71.0800321,33.247,-20.899999618530273,11.872055,1769651841065
2419,634126336,1769651842084,20:57:22.084,42.3463535,-71.0800321,33.247,-20.899999618530273,11.872055,1769651841065
2420,634388480,1769651842678,20:57:22.678,42.3462168,-71.0800153,33.575,-20.899999618530273,12.807121,1769651842065
2421,634650624,1769651843248,20:57:23.248,42.3460965,-71.0800692,34.298,-20.899999618530273,12.975925,1769651843065
2422,634912768,1769651843808,20:57:23.808,42.3460965,-71.0800692,34.298,-20.899999618530273,12.975925,1769651843065
2423,635174912,1769651844335,20:57:24.335,42.3459991,-71.080135,35.295,-20.899999618530273,12.616343,1769651844065
2424,635437056,1769651844820,20:57:24.820,42.3459991,-71.080135,35.295,-20.899999618530273,12.616343,1769651844065
2425,635699200,1769651845252,20:57:25.252,42.3459018,-71.0802289,35.766,-20.899999618530273,12.609718,1769651845066
2426,635961344,1769651845808,20:57:25.808,42.3459018,-71.0802289,35.766,-20.899999618530273,12.609718,1769651845066
2427,636223488,1769651846433,20:57:26.433,42.3458998,-71.0802282,37.354,-20.899999618530273,7.806804,1769651846065
2428,636485632,1769651847049,20:57:27.049,42.3458998,-71.0802282,37.354,-20.899999618530273,7.806804,1769651846065
2429,636747776,1769651847671,20:57:27.671,42.3458796,-71.0802632,38.675,-20.899999618530273,0.44636238,1769651847067
2430,637009920,1769651848289,20:57:28.289,42.3458485,-71.080285,40.11,-22.60994946595362,0.37406212,1769651848066
2431,637272064,1769651848911,20:57:28.911,42.3458485,-71.080285,40.11,-22.60994946595362,0.37406212,1769651848066
2432,637534208,1769651849535,20:57:29.535,42.3458202,-71.0803261,40.892,-20.899999618530273,0.39947605,1769651849065
2433,637796352,1769651850151,20:57:30.151,42.3458202,-71.0803261,40.892,-20.899999618530273,0.39947605,1769651849065
2434,638058496,1769651850760,20:57:30.760,42.345833,-71.0803447,43.254,-22.784446730682994,0.30198056,1769651850066
2435,638320640,1769651851299,20:57:31.299,42.3458489,-71.0803694,44.04,-22.8186208545707,0.61114377,1769651851065
2436,638582784,1769651851854,20:57:31.854,42.3458489,-71.0803694,44.04,-22.8186208545707,0.61114377,1769651851065
2437,638844928,1769651852405,20:57:32.405,42.3459099,-71.0804653,45.104,-22.82742325842657,1.934263,1769651852066
2438,639107072,1769651852976,20:57:32.976,42.3459099,-71.0804653,45.104,-22.82742325842657,1.934263,1769651852066
2439,639369216,1769651853519,20:57:33.519,42.3459038,-71.0805365,46.355,-20.899999618530273,2.297124,1769651853066
2440,639631360,1769651854093,20:57:34.093,42.3459038,-71.0805365,46.355,-20.899999618530273,2.297124,1769651853066
2441,639893504,1769651854654,20:57:34.654,42.3459622,-71.0806194,46.134,-20.899999618530273,0.3847264,1769651854066
2442,640155648,1769651855180,20:57:35.180,42.3456689,-71.0808203,45.548,-20.899999618530273,1.6408086,1769651855065
2443,640417792,1769651855662,20:57:35.662,42.3456689,-71.0808203,45.548,-20.899999618530273,1.6408086,1769651855065
2444,640679936,1769651856011,20:57:36.011,42.3456689,-71.0808203,45.548,-20.899999618530273,1.6408086,1769651855065
2445,640942080,1769651856361,20:57:36.361,42.345564,-71.0809464,43.813,-22.200000762939453,1.9079024,1769651856066
2446,641204224,1769651856779,20:57:36.779,42.345564,-71.0809464,43.813,-22.200000762939453,1.9079024,1769651856066
2447,641466368,1769651857300,20:57:37.300,42.3454806,-71.081021,41.418,-22.200000762939453,1.2580256,1769651857066
2448,641728512,1769651857790,20:57:37.790,42.3454806,-71.081021,41.418,-22.200000762939453,1.2580256,1769651857066
2449,641990656,1769651858341,20:57:38.341,42.3454691,-71.0810558,39.045,-22.200000762939453,0.7889283,1769651858067
2450,642252800,1769651858743,20:57:38.743,42.3454691,-71.0810558,39.045,-22.200000762939453,0.7889283,1769651858067
2451,642514944,1769651859386,20:57:39.386,42.3454466,-71.0810912,34.826,-22.200000762939453,0.7868434,1769651859067
2452,642777088,1769651859852,20:57:39.852,42.3454466,-71.0810912,34.826,-22.200000762939453,0.7868434,1769651859067
2453,643039232,1769651860403,20:57:40.403,42.3454257,-71.0811129,32.678,-22.200000762939453,1.5571011,1769651860066
2454,643301376,1769651860804,20:57:40.804,42.3454257,-71.0811129,32.678,-22.200000762939453,1.5571011,1769651860066
2455,643563520,1769651861192,20:57:41.192,42.3454018,-71.0811291,31.633,-22.200000762939453,1.9087311,1769651861065
2456,643825664,1769651861800,20:57:41.800,42.3454018,-71.0811291,31.633,-22.200000762939453,1.9087311,1769651861065
2457,644087808,1769651862279,20:57:42.279,42.3454018,-71.0811291,36.113,-22.200000762939453,0.0,1769651861762
2458,644349952,1769651862899,20:57:42.899,42.3454018,-71.0811291,36.113,-22.200000762939453,0.0,1769651861762
2459,644612096,1769651863402,20:57:43.402,42.345377,-71.0811805,34.884,-22.200000762939453,1.0122244,1769651863065
2460,644874240,1769651864122,20:57:44.122,42.345377,-71.0811805,34.884,-22.200000762939453,1.0122244,1769651863065
2461,645136384,1769651864620,20:57:44.620,42.3453519,-71.0812131,34.514,-22.200000762939453,0.8891263,1769651864066
2462,645398528,1769651865100,20:57:45.100,42.3453519,-71.0812131,34.514,-22.200000762939453,0.8891263,1769651864066
2463,645660672,1769651865677,20:57:45.677,42.3453047,-71.081246,34.794,-22.200000762939453,1.7918053,1769651865067
2464,645922816,1769651866045,20:57:46.045,42.3453047,-71.081246,34.794,-22.200000762939453,1.7918053,1769651865067
2465,646184960,1769651866550,20:57:46.550,42.3452763,-71.0812621,34.465,-22.200000762939453,2.498268,1769651866066
2466,646447104,1769651867085,20:57:47.085,42.3452763,-71.0812621,34.465,-22.200000762939453,2.498268,1769651866066
2467,646709248,1769651867601,20:57:47.601,42.3452256,-71.0812697,29.393,-22.200000762939453,2.572686,1769651867065
2468,646971392,1769651868108,20:57:48.108,42.3452256,-71.0812697,29.393,-22.200000762939453,2.572686,1769651867065
2469,647233536,1769651868638,20:57:48.638,42.3451841,-71.0812825,28.575,-22.200000762939453,3.4603271,1769651868066
2470,647495680,1769651869183,20:57:49.183,42.3451841,-71.0812825,28.575,-22.200000762939453,3.4603271,1769651868066
2471,647757824,1769651869732,20:57:49.732,42.3451571,-71.0813047,30.892,-22.200000762939453,3.4158425,1769651869066
2472,648019968,1769651870248,20:57:50.248,42.3451468,-71.081356,30.252,-22.200000762939453,3.6319041,1769651870066
2473,648282112,1769651870767,20:57:50.767,42.3451468,-71.081356,30.252,-22.200000762939453,3.6319041,1769651870066
2474,648544256,1769651871181,20:57:51.181,42.345143,-71.0814173,29.991,-22.200000762939453,1.261205,1769651871066
2475,648806400,1769651871528,20:57:51.528,42.345143,-71.0814173,29.991,-22.200000762939453,1.261205,1769651871066
2476,649068544,1769651871889,20:57:51.889,42.345143,-71.0814173,29.991,-22.200000762939453,1.261205,1769651871066
2477,649330688,1769651872294,20:57:52.294,42.345159,-71.0814643,29.559,-22.200000762939453,1.261205,1769651872066
2478,649592832,1769651872709,20:57:52.709,42.345159,-71.0814643,29.559,-22.200000762939453,1.261205,1769651872066
2479,649854976,1769651873070,20:57:53.070,42.345159,-71.0814643,29.559,-22.200000762939453,1.261205,1769651872066
2480,650117120,1769651873466,20:57:53.466,42.3451587,-71.0815028,29.137,-22.200000762939453,2.4688623,1769651873067
2481,650379264,1769651873884,20:57:53.884,42.3451587,-71.0815028,29.137,-22.200000762939453,2.4688623,1769651873067
2482,650641408,1769651874312,20:57:54.312,42.3451582,-71.0815102,25.654,-22.200000762939453,1.7820597,1769651874066
2483,650903552,1769651874715,20:57:54.715,42.3451582,-71.0815102,25.654,-22.200000762939453,1.7820597,1769651874066
2484,651165696,1769651875106,20:57:55.106,42.3451582,-71.0815102,25.654,-22.200000762939453,1.7820597,1769651874066
2485,651427840,1769651875519,20:57:55.519,42.3451542,-71.0815199,25.673,-22.200000762939453,1.1092709,1769651875066
2486,651689984,1769651875906,20:57:55.906,42.3451542,-71.0815199,25.673,-22.200000762939453,1.1092709,1769651875066
2487,651952128,1769651876254,20:57:56.254,42.3451569,-71.0815401,26.371,-23.399999618530273,0.7400588,1769651876065
2488,652214272,1769651876603,20:57:56.603,42.3451569,-71.0815401,26.371,-23.399999618530273,0.7400588,1769651876065
2489,652476416,1769651876977,20:57:56.977,42.3451569,-71.0815401,26.371,-23.399999618530273,0.7400588,1769651876065
2490,652738560,1769651877515,20:57:57.515,42.3451534,-71.0815494,26.391,-23.399999618530273,0.7864474,1769651877065
2491,653000704,1769651877917,20:57:57.917,42.3451534,-71.0815494,26.391,-23.399999618530273,0.7864474,1769651877065
2492,653262848,1769651878225,20:57:58.225,42.345174,-71.0815833,26.397,-23.399999618530273,0.6537547,1769651878065
2493,653524992,1769651878599,20:57:58.599,42.345174,-71.0815833,26.397,-23.399999618530273,0.6537547,1769651878065
2494,653787136,1769651878972,20:57:58.972,42.345174,-71.0815833,26.397,-23.399999618530273,0.6537547,1769651878065
2495,654049280,1769651879339,20:57:59.339,42.3452238,-71.0816114,26.553,-23.399999618530273,0.1296344,1769651879067
2496,654311424,1769651879832,20:57:59.832,42.3452238,-71.0816114,26.553,-23.399999618530273,0.1296344,1769651879067
2497,654573568,1769651880182,20:58:00.182,42.3452746,-71.081646,26.351,-23.399999618530273,0.06450052,1769651880066
2498,654835712,1769651880543,20:58:00.543,42.3452746,-71.081646,26.351,-23.399999618530273,0.06450052,1769651880066
2499,655097856,1769651881003,20:58:01.003,42.3452746,-71.081646,26.351,-23.399999618530273,0.06450052,1769651880066
2500,655360000,1769651881327,20:58:01.327,42.3453265,-71.0816596,25.001,-23.399999618530273,0.4204752,1769651881067
2501,655622144,1769651881825,20:58:01.825,42.3453265,-71.0816596,25.001,-23.399999618530273,0.4204752,1769651881067
2502,655884288,1769651882172,20:58:02.172,42.3453265,-71.0816596,25.001,-23.399999618530273,0.4204752,1769651881067
2503,656146432,1769651882701,20:58:02.701,42.3453555,-71.0816689,24.397,-23.399999618530273,0.3526993,1769651882066
2504,656408576,1769651883132,20:58:03.132,42.3453555,-71.0816689,24.397,-23.399999618530273,0.3526993,1769651882066
2505,656670720,1769651883523,20:58:03.523,42.3453754,-71.0816808,23.815,-23.200000762939453,0.5575204,1769651883066
2506,656932864,1769651883997,20:58:03.997,42.3453754,-71.0816808,23.815,-23.200000762939453,0.5575204,1769651883066
2507,657195008,1769651884412,20:58:04.412,42.3453659,-71.0817027,23.54,-23.200000762939453,1.1761004,1769651884067
2508,657457152,1769651884908,20:58:04.908,42.3453659,-71.0817027,23.54,-23.200000762939453,1.1761004,1769651884067
2509,657719296,1769651885297,20:58:05.297,42.3453702,-71.081721,22.97,-23.200000762939453,1.1770087,1769651885067
2510,657981440,1769651885636,20:58:05.636,42.3453702,-71.081721,22.97,-23.200000762939453,1.1770087,1769651885067
2511,658243584,1769651886026,20:58:06.026,42.3453702,-71.081721,22.97,-23.200000762939453,1.1770087,1769651885067
2512,658505728,1769651886361,20:58:06.361,42.3453881,-71.081728,22.192,-23.200000762939453,0.57080424,1769651886066
2513,658767872,1769651886695,20:58:06.695,42.3453881,-71.081728,22.192,-23.200000762939453,0.57080424,1769651886066
2514,659030016,1769651887018,20:58:07.018,42.3453881,-71.081728,22.192,-23.200000762939453,0.57080424,1769651886066
2515,659292160,1769651887375,20:58:07.375,42.3453953,-71.0817415,21.893,-23.200000762939453,0.78621846,1769651887067
2516,659554304,1769651887746,20:58:07.746,42.3453953,-71.0817415,21.893,-23.200000762939453,0.78621846,1769651887067
2517,659816448,1769651888067,20:58:08.067,42.3453953,-71.0817415,21.893,-23.200000762939453,0.78621846,1769651887067
2518,660078592,1769651888529,20:58:08.529,42.3454255,-71.081755,21.599,-23.200000762939453,0.642981,1769651888067
2519,660340736,1769651889031,20:58:09.031,42.3454255,-71.081755,25.917,-23.200000762939453,0.0,1769651888725
2520,660602880,1769651889583,20:58:09.583,42.3454255,-71.081755,25.917,-23.200000762939453,0.0,1769651888725
2521,660865024,1769651890057,20:58:10.057,42.3454255,-71.081755,25.917,-23.200000762939453,0.0,1769651888725
2522,661127168,1769651890376,20:58:10.376,42.3454549,-71.081785,25.58,-23.200000762939453,1.363092,1769651890066
2523,661389312,1769651890839,20:58:10.839,42.3454549,-71.081785,25.58,-23.200000762939453,1.363092,1769651890066
2524,661651456,1769651891318,20:58:11.318,42.3454824,-71.0817999,25.455,-23.200000762939453,0.84569144,1769651891066
2525,661913600,1769651891811,20:58:11.811,42.3454824,-71.0817999,25.455,-23.200000762939453,0.84569144,1769651891066
2526,662175744,1769651892254,20:58:12.254,42.3454927,-71.0818258,25.388,-23.200000762939453,1.5213192,1769651892067
2527,662437888,1769651892765,20:58:12.765,42.3454927,-71.0818258,25.388,-23.200000762939453,1.5213192,1769651892067
2528,662700032,1769651893355,20:58:13.355,42.3455058,-71.0818567,25.406,-23.200000762939453,1.9839504,1769651893066
2529,662962176,1769651893914,20:58:13.914,42.3455058,-71.0818567,25.406,-23.200000762939453,1.9839504,1769651893066
2530,663224320,1769651894316,20:58:14.316,42.345507,-71.0818787,21.082,-23.200000762939453,1.5941312,1769651894067
2531,663486464,1769651894668,20:58:14.668,42.345507,-71.0818787,21.082,-23.200000762939453,1.5941312,1769651894067
2532,663748608,1769651895048,20:58:15.048,42.345507,-71.0818787,21.082,-23.200000762939453,1.5941312,1769651894067
2533,664010752,1769651895680,20:58:15.680,42.3455182,-71.0818966,21.288,-23.200000762939453,0.19961116,1769651895066
2534,664272896,1769651896112,20:58:16.112,42.3455182,-71.0818966,21.288,-23.200000762939453,0.19961116,1769651895066
2535,664535040,1769651896748,20:58:16.748,42.3455422,-71.0819018,23.812,-22.399999618530273,0.36406487,1769651896066
2536,664797184,1769651897573,20:58:17.573,42.3455854,-71.0819623,23.449,-22.399999618530273,1.4414446,1769651897067
2537,665059328,1769651898092,20:58:18.092,42.3455854,-71.0819623,23.449,-22.399999618530273,1.4414446,1769651897067
2538,665321472,1769651898493,20:58:18.493,42.3456266,-71.0820157,23.874,-22.399999618530273,2.410237,1769651898066
2539,665583616,1769651898861,20:58:18.861,42.3456266,-71.0820157,23.874,-22.399999618530273,2.410237,1769651898066
2540,665845760,1769651899493,20:58:19.493,42.3456848,-71.0820509,23.568,-22.399999618530273,3.541777,1769651899067
2541,666107904,1769651900143,20:58:20.143,42.3456848,-71.0820509,23.568,-22.399999618530273,3.541777,1769651899067
2542,666370048,1769651900736,20:58:20.736,42.3456882,-71.0820935,23.724,-22.399999618530273,3.553661,1769651900066
2543,666632192,1769651901192,20:58:21.192,42.3457181,-71.0821352,21.103,-22.399999618530273,3.9730456,1769651901066
2544,666894336,1769651901859,20:58:21.859,42.3457181,-71.0821352,21.103,-22.399999618530273,3.9730456,1769651901066
2545,667156480,1769651902686,20:58:22.686,42.3457201,-71.0821406,20.954,-22.399999618530273,2.2755644,1769651902066
2546,667418624,1769651903427,20:58:23.427,42.3457213,-71.0821501,21.442,-22.399999618530273,1.9327639,1769651903066
2547,667680768,1769651904037,20:58:24.037,42.3457213,-71.0821501,21.442,-22.399999618530273,1.9327639,1769651903066
2548,667942912,1769651904709,20:58:24.709,42.3457212,-71.0821613,21.401,-22.399999618530273,1.6900189,1769651904067
2549,668205056,1769651905426,20:58:25.426,42.3457368,-71.0821872,21.463,-22.399999618530273,1.8606389,1769651905067
2550,668467200,1769651905950,20:58:25.950,42.3457368,-71.0821872,21.463,-22.399999618530273,1.8606389,1769651905067
2551,668729344,1769651906524,20:58:26.524,42.3457416,-71.0821944,21.706,-22.399999618530273,1.6272074,1769651906066
2552,668991488,1769651907093,20:58:27.093,42.3457416,-71.0821944,21.706,-22.399999618530273,1.6272074,1769651906066
2553,669253632,1769651907662,20:58:27.662,42.345744,-71.0822387,22.039,-22.399999618530273,1.3614658,1769651907066
2554,669515776,1769651908228,20:58:28.228,42.3457448,-71.0822775,22.333,-22.399999618530273,1.5433481,1769651908067
2555,669777920,1769651908746,20:58:28.746,42.3457448,-71.0822775,22.333,-22.399999618530273,1.5433481,1769651908067
2556,670040064,1769651909330,20:58:29.330,42.3457448,-71.0822775,27.722,-22.399999618530273,0.0,1769651908856
2557,670302208,1769651909884,20:58:29.884,42.3457448,-71.0822775,27.722,-22.399999618530273,0.0,1769651908856
2558,670564352,1769651910471,20:58:30.471,42.3457448,-71.0822775,27.722,-22.399999618530273,0.0,1769651908856
2559,670826496,1769651910949,20:58:30.949,42.3457448,-71.0822775,27.722,-22.399999618530273,0.0,1769651908856
2560,671088640,1769651911346,20:58:31.346,42.3457448,-71.0822775,27.722,-22.399999618530273,0.0,1769651908856
2561,671350784,1769651911657,20:58:31.657,42.3457448,-71.0822775,27.722,-22.399999618530273,0.0,1769651908856
2562,671612928,1769651912236,20:58:32.236,42.3457448,-71.0822775,27.722,-22.399999618530273,0.0,1769651908856
2563,671875072,1769651912755,20:58:32.755,42.3457448,-71.0822775,27.722,-22.399999618530273,0.0,1769651908856
2564,672137216,1769651913527,20:58:33.527,42.3457448,-71.0822775,27.722,-22.399999618530273,0.0,1769651908856
2565,672399360,1769651914179,20:58:34.179,42.3457448,-71.0822775,27.722,-22.399999618530273,0.0,1769651908856
2566,672661504,1769651914587,20:58:34.587,42.3457448,-71.0822775,27.722,-22.399999618530273,0.0,1769651908856
2567,672923648,1769651915117,20:58:35.117,42.3457448,-71.0822775,27.722,-22.399999618530273,0.0,1769651908856
2568,673185792,1769651915671,20:58:35.671,42.3457448,-71.0822775,27.722,-22.399999618530273,0.0,1769651908856
2569,673447936,1769651916258,20:58:36.258,42.3457457,-71.0822987,282.601,-22.399999618530273,0.0,1769651915542
2570,673710080,1769651916940,20:58:36.940,42.3457457,-71.0822987,282.601,-22.399999618530273,0.0,1769651915542
2571,673972224,1769651917431,20:58:37.431,42.3457457,-71.0822987,282.601,-22.399999618530273,0.0,1769651915542
2572,674234368,1769651918191,20:58:38.191,42.3457457,-71.0822987,282.601,-22.399999618530273,0.0,1769651915542
2573,674496512,1769651919003,20:58:39.003,42.3457457,-71.0822987,282.601,-22.399999618530273,0.0,1769651915542
2574,674758656,1769651919538,20:58:39.538,42.3457457,-71.0822987,282.601,-22.399999618530273,0.0,1769651915542
2575,675020800,1769651920130,20:58:40.130,42.3457457,-71.0822987,282.601,-22.399999618530273,0.0,1769651915542
2576,675282944,1769651920760,20:58:40.760,42.3457457,-71.0822987,282.601,-22.399999618530273,0.0,1769651915542
2577,675545088,1769651921084,20:58:41.084,42.3457457,-71.0822987,282.601,-22.399999618530273,0.0,1769651915542
2578,675807232,1769651921564,20:58:41.564,42.3457457,-71.0822987,282.601,-22.399999618530273,0.0,1769651915542
2579,676069376,1769651922016,20:58:42.016,42.3457457,-71.0822987,282.601,-22.399999618530273,0.0,1769651915542
2580,676331520,1769651922450,20:58:42.450,42.3457457,-71.0822987,282.601,-22.399999618530273,0.0,1769651915542
2581,676593664,1769651922937,20:58:42.937,42.3459413,-71.0835592,27.381,-22.399999618530273,0.0,1769651922410
2582,676855808,1769651923404,20:58:43.404,42.3459413,-71.0835592,27.381,-22.399999618530273,0.0,1769651922410
2583,677117952,1769651923913,20:58:43.913,42.3459413,-71.0835592,27.381,-22.399999618530273,0.0,1769651922410
2584,677380096,1769651924323,20:58:44.323,42.3459413,-71.0835592,27.381,-22.399999618530273,0.0,1769651922410
2585,677642240,1769651924773,20:58:44.773,42.3459413,-71.0835592,27.381,-22.399999618530273,0.0,1769651922410
2586,677904384,1769651925243,20:58:45.243,42.3459413,-71.0835592,27.381,-22.399999618530273,0.0,1769651922410
2587,678166528,1769651925686,20:58:45.686,42.3459413,-71.0835592,27.381,-22.399999618530273,0.0,1769651922410
2588,678428672,1769651926119,20:58:46.119,42.3459413,-71.0835592,27.381,-22.399999618530273,0.0,1769651922410
2589,678690816,1769651926593,20:58:46.593,42.3459413,-71.0835592,27.381,-22.399999618530273,0.0,1769651922410
2590,678952960,1769651927142,20:58:47.142,42.3459413,-71.0835592,27.381,-22.399999618530273,0.0,1769651922410
2591,679215104,1769651927669,20:58:47.669,42.3459413,-71.0835592,27.381,-22.399999618530273,0.0,1769651922410
2592,679477248,1769651928024,20:58:48.024,42.3459413,-71.0835592,27.381,-22.399999618530273,0.0,1769651922410
2593,679739392,1769651928591,20:58:48.591,42.3459413,-71.0835592,27.381,-22.399999618530273,0.0,1769651922410
2594,680001536,1769651929069,20:58:49.069,42.3459413,-71.0835592,27.381,-22.399999618530273,0.0,1769651922410
2595,680263680,1769651929744,20:58:49.744,42.3457673,-71.0810615,82.09,-22.399999618530273,0.0,1769651929140
2596,680525824,1769651930310,20:58:50.310,42.3457673,-71.0810615,82.09,-22.399999618530273,0.0,1769651929140
2597,680787968,1769651930914,20:58:50.914,42.3457673,-71.0810615,82.09,-22.399999618530273,0.0,1769651929140
2598,681050112,1769651931639,20:58:51.639,42.3457673,-71.0810615,82.09,-22.399999618530273,0.0,1769651929140
2599,681312256,1769651932219,20:58:52.219,42.3457673,-71.0810615,82.09,-22.399999618530273,0.0,1769651929140
2600,681574400,1769651932971,20:58:52.971,42.3457673,-71.0810615,82.09,-22.399999618530273,0.0,1769651929140
2601,681836544,1769651933358,20:58:53.358,42.3457673,-71.0810615,82.09,-22.399999618530273,0.0,1769651929140
2602,682098688,1769651933978,20:58:53.978,42.3457673,-71.0810615,82.09,-22.399999618530273,0.0,1769651929140
2603,682360832,1769651934445,20:58:54.445,42.3457673,-71.0810615,82.09,-22.399999618530273,0.0,1769651929140
2604,682622976,1769651934797,20:58:54.797,42.3457673,-71.0810615,82.09,-22.399999618530273,0.0,1769651929140
2605,682885120,1769651935443,20:58:55.443,42.3457673,-71.0810615,82.09,-22.399999618530273,0.0,1769651929140
2606,683147264,1769651935965,20:58:55.965,42.3457673,-71.0810615,82.09,-22.399999618530273,0.0,1769651929140
2607,683409408,1769651936305,20:58:56.305,42.3457676,-71.0810619,89.892,-22.399999618530273,0.0,1769651935833
2608,683671552,1769651936654,20:58:56.654,42.3457676,-71.0810619,89.892,-22.399999618530273,0.0,1769651935833
2609,683933696,1769651937042,20:58:57.042,42.3457676,-71.0810619,89.892,-22.399999618530273,0.0,1769651935833
2610,684195840,1769651937382,20:58:57.382,42.3457676,-71.0810619,89.892,-22.399999618530273,0.0,1769651935833
2611,684457984,1769651937706,20:58:57.706,42.3457676,-71.0810619,89.892,-22.399999618530273,0.0,1769651935833
2612,684720128,1769651938136,20:58:58.136,42.3457676,-71.0810619,89.892,-22.399999618530273,0.0,1769651935833
2613,684982272,1769651938450,20:58:58.450,42.3457676,-71.0810619,89.892,-22.399999618530273,0.0,1769651935833
2614,685244416,1769651938802,20:58:58.802,42.3457676,-71.0810619,89.892,-22.399999618530273,0.0,1769651935833
2615,685506560,1769651939171,20:58:59.171,42.3457676,-71.0810619,89.892,-22.399999618530273,0.0,1769651935833
2616,685768704,1769651939591,20:58:59.591,42.3457676,-71.0810619,89.892,-22.399999618530273,0.0,1769651935833
2617,686030848,1769651940056,20:59:00.056,42.3457676,-71.0810619,89.892,-22.399999618530273,0.0,1769651935833
2618,686292992,1769651940490,20:59:00.490,42.3457676,-71.0810619,89.892,-22.399999618530273,0.0,1769651935833
2619,686555136,1769651940887,20:59:00.887,42.3457676,-71.0810619,89.892,-22.399999618530273,0.0,1769651935833
2620,686817280,1769651941204,20:59:01.204,42.3457676,-71.0810619,89.892,-22.399999618530273,0.0,1769651935833
2621,687079424,1769651941558,20:59:01.558,42.3457676,-71.0810619,89.892,-22.399999618530273,0.0,1769651935833
2622,687341568,1769651941997,20:59:01.997,42.3457676,-71.0810619,89.892,-22.399999618530273,0.0,1769651935833
2623,687603712,1769651942372,20:59:02.372,42.3457676,-71.0810619,89.892,-22.399999618530273,0.0,1769651935833
2624,687865856,1769651942744,20:59:02.744,42.3459522,-71.0837516,24.9,-22.405561544767593,0.0,1769651942532
2625,688128000,1769651943104,20:59:03.104,42.3459522,-71.0837516,24.9,-22.405561544767593,0.0,1769651942532
2626,688390144,1769651943454,20:59:03.454,42.3459522,-71.0837516,24.9,-22.405561544767593,0.0,1769651942532
2627,688652288,1769651943842,20:59:03.842,42.3459522,-71.0837516,24.9,-22.405561544767593,0.0,1769651942532
2628,688914432,1769651944280,20:59:04.280,42.3459522,-71.0837516,24.9,-22.405561544767593,0.0,1769651942532
2629,689176576,1769651944617,20:59:04.617,42.3459522,-71.0837516,24.9,-22.405561544767593,0.0,1769651942532
2630,689438720,1769651944970,20:59:04.970,42.3459522,-71.0837516,24.9,-22.405561544767593,0.0,1769651942532
2631,689700864,1769651945320,20:59:05.320,42.3459522,-71.0837516,24.9,-22.405561544767593,0.0,1769651942532
2632,689963008,1769651945698,20:59:05.698,42.3459522,-71.0837516,24.9,-22.405561544767593,0.0,1769651942532
2633,690225152,1769651946112,20:59:06.112,42.3459522,-71.0837516,24.9,-22.405561544767593,0.0,1769651942532
2634,690487296,1769651946539,20:59:06.539,42.3459522,-71.0837516,24.9,-22.405561544767593,0.0,1769651942532
2635,690749440,1769651946948,20:59:06.948,42.3459522,-71.0837516,24.9,-22.405561544767593,0.0,1769651942532
2636,691011584,1769651947262,20:59:07.262,42.3459522,-71.0837516,24.9,-22.405561544767593,0.0,1769651942532
2637,691273728,1769651947597,20:59:07.597,42.3459522,-71.0837516,24.9,-22.405561544767593,0.0,1769651942532
2638,691535872,1769651947989,20:59:07.989,42.3459522,-71.0837516,24.9,-22.405561544767593,0.0,1769651942532
2639,691798016,1769651948349,20:59:08.349,42.3459522,-71.0837516,24.9,-22.405561544767593,0.0,1769651942532
2640,692060160,1769651948701,20:59:08.701,42.3459522,-71.0837516,24.9,-22.405561544767593,0.0,1769651942532
2641,692322304,1769651949071,20:59:09.071,42.3459522,-71.0837516,24.9,-22.405561544767593,0.0,1769651942532
2642,692584448,1769651949437,20:59:09.437,42.3459522,-71.0837516,24.9,-22.405561544767593,0.0,1769651942532
2643,692846592,1769651949916,20:59:09.916,42.3459522,-71.0837516,24.9,-22.405561544767593,0.0,1769651942532
2644,693108736,1769651950268,20:59:10.268,42.3459522,-71.0837516,24.9,-22.405561544767593,0.0,1769651942532
2645,693370880,1769651950685,20:59:10.685,42.3459522,-71.0837516,24.9,-22.405561544767593,0.0,1769651942532
2646,693633024,1769651951116,20:59:11.116,42.3459522,-71.0837516,24.9,-22.405561544767593,0.0,1769651942532
2647,693895168,1769651951496,20:59:11.496,42.3459522,-71.0837516,24.9,-22.405561544767593,0.0,1769651942532
2648,694157312,1769651951842,20:59:11.842,42.3459522,-71.0837516,24.9,-22.405561544767593,0.0,1769651942532
2649,694419456,1769651952213,20:59:12.213,42.3459522,-71.0837516,24.9,-22.405561544767593,0.0,1769651942532
2650,694681600,1769651952616,20:59:12.616,42.3459522,-71.0837516,24.9,-22.405561544767593,0.0,1769651942532
2651,694943744,1769651952955,20:59:12.955,42.3459522,-71.0837516,24.9,-22.405561544767593,0.0,1769651942532
2652,695205888,1769651953348,20:59:13.348,42.3459522,-71.0837516,24.9,-22.405561544767593,0.0,1769651942532
2653,695468032,1769651953673,20:59:13.673,42.3459522,-71.0837516,24.9,-22.405561544767593,0.0,1769651942532
2654,695730176,1769651954062,20:59:14.062,42.3459522,-71.0837516,24.9,-22.405561544767593,0.0,1769651942532
2655,695992320,1769651954371,20:59:14.371,42.3459522,-71.0837516,24.9,-22.405561544767593,0.0,1769651942532
2656,696254464,1769651954772,20:59:14.772,42.3459522,-71.0837516,24.9,-22.405561544767593,0.0,1769651942532
2657,696516608,1769651955128,20:59:15.128,42.3459522,-71.0837516,24.9,-22.405561544767593,0.0,1769651942532
2658,696778752,1769651955494,20:59:15.494,42.3459522,-71.0837516,24.9,-22.405561544767593,0.0,1769651942532
2659,697040896,1769651955841,20:59:15.841,42.3459522,-71.0837516,24.9,-22.405561544767593,0.0,1769651942532
2660,697303040,1769651956257,20:59:16.257,42.345873,-71.0837051,135.6,-22.563482737555145,0.0,1769651955958
2661,697565184,1769651956794,20:59:16.794,42.345873,-71.0837051,135.6,-22.563482737555145,0.0,1769651955958
2662,697827328,1769651957295,20:59:17.295,42.345873,-71.0837051,135.6,-22.563482737555145,0.0,1769651955958
2663,698089472,1769651957789,20:59:17.789,42.345873,-71.0837051,135.6,-22.563482737555145,0.0,1769651955958
2664,698351616,1769651958268,20:59:18.268,42.345873,-71.0837051,135.6,-22.563482737555145,0.0,1769651955958
2665,698613760,1769651958839,20:59:18.839,42.345873,-71.0837051,135.6,-22.563482737555145,0.0,1769651955958
2666,698875904,1769651959318,20:59:19.318,42.345873,-71.0837051,135.6,-22.563482737555145,0.0,1769651955958
2667,699138048,1769651959851,20:59:19.851,42.345873,-71.0837051,135.6,-22.563482737555145,0.0,1769651955958
2668,699400192,1769651960364,20:59:20.364,42.345873,-71.0837051,135.6,-22.563482737555145,0.0,1769651955958
2669,699662336,1769651960953,20:59:20.953,42.345873,-71.0837051,135.6,-22.563482737555145,0.0,1769651955958
2670,699924480,1769651961379,20:59:21.379,42.345873,-71.0837051,135.6,-22.563482737555145,0.0,1769651955958
2671,700186624,1769651961759,20:59:21.759,42.345873,-71.0837051,135.6,-22.563482737555145,0.0,1769651955958
2672,700448768,1769651962481,20:59:22.481,42.345873,-71.0837051,135.6,-22.563482737555145,0.0,1769651955958
2673,700710912,1769651963112,20:59:23.112,42.345873,-71.0837051,135.6,-22.563482737555145,0.0,1769651955958
2674,700973056,1769651963823,20:59:23.823,42.345873,-71.0837051,135.6,-22.563482737555145,0.0,1769651955958
2675,701235200,1769651964650,20:59:24.650,42.345873,-71.0837051,135.6,-22.563482737555145,0.0,1769651955958
2676,701497344,1769651965484,20:59:25.484,42.345873,-71.0837051,135.6,-22.563482737555145,0.0,1769651955958
2677,701759488,1769651966080,20:59:26.080,42.345873,-71.0837051,135.6,-22.563482737555145,0.0,1769651955958
2678,702021632,1769651966698,20:59:26.698,42.345873,-71.0837051,135.6,-22.563482737555145,0.0,1769651955958
2679,702283776,1769651967323,20:59:27.323,42.345873,-71.0837051,135.6,-22.563482737555145,0.0,1769651955958
2680,702545920,1769651967939,20:59:27.939,42.345873,-71.0837051,135.6,-22.563482737555145,0.0,1769651955958
2681,702808064,1769651968559,20:59:28.559,42.345873,-71.0837051,135.6,-22.563482737555145,0.0,1769651955958
2682,703070208,1769651969178,20:59:29.178,42.345873,-71.0837051,135.6,-22.563482737555145,0.0,1769651955958
2683,703332352,1769651969798,20:59:29.798,42.345873,-71.0837051,135.6,-22.563482737555145,0.0,1769651955958
2684,703594496,1769651970420,20:59:30.420,42.345873,-71.0837051,135.6,-22.563482737555145,0.0,1769651955958
2685,703856640,1769651971043,20:59:31.043,42.345873,-71.0837051,135.6,-22.563482737555145,0.0,1769651955958
2686,704118784,1769651971650,20:59:31.650,42.345873,-71.0837051,135.6,-22.563482737555145,0.0,1769651955958
2687,704380928,1769651972245,20:59:32.245,42.345873,-71.0837051,135.6,-22.563482737555145,0.0,1769651955958
2688,704643072,1769651972859,20:59:32.859,42.345873,-71.0837051,135.6,-22.563482737555145,0.0,1769651955958
2689,704905216,1769651973452,20:59:33.452,42.345873,-71.0837051,135.6,-22.563482737555145,0.0,1769651955958
2690,705167360,1769651974059,20:59:34.059,42.345873,-71.0837051,135.6,-22.563482737555145,0.0,1769651955958
2691,705429504,1769651974656,20:59:34.656,42.345873,-71.0837051,135.6,-22.563482737555145,0.0,1769651955958
2692,705691648,1769651975243,20:59:35.243,42.345873,-71.0837051,135.6,-22.563482737555145,0.0,1769651955958
2693,705953792,1769651975788,20:59:35.788,42.345873,-71.0837051,135.6,-22.563482737555145,0.0,1769651955958
2694,706215936,1769651976110,20:59:36.110,42.345873,-71.0837051,135.6,-22.563482737555145,0.0,1769651955958
2695,706478080,1769651976722,20:59:36.722,42.345873,-71.0837051,135.6,-22.563482737555145,0.0,1769651955958
2696,706740224,1769651977331,20:59:37.331,42.345873,-71.0837051,135.6,-22.563482737555145,0.0,1769651955958
2697,707002368,1769651977974,20:59:37.974,42.345873,-71.0837051,135.6,-22.563482737555145,0.0,1769651955958
2698,707264512,1769651978647,20:59:38.647,42.345873,-71.0837051,135.6,-22.563482737555145,0.0,1769651955958
2699,707526656,1769651979298,20:59:39.298,42.345873,-71.0837051,135.6,-22.563482737555145,0.0,1769651955958
2700,707788800,1769651979832,20:59:39.832,42.345873,-71.0837051,135.6,-22.563482737555145,0.0,1769651955958
2701,708050944,1769651980409,20:59:40.409,42.345873,-71.0837051,135.6,-22.563482737555145,0.0,1769651955958
2702,708313088,1769651981222,20:59:41.222,42.345873,-71.0837051,135.6,-22.563482737555145,0.0,1769651955958
2703,708575232,1769651981595,20:59:41.595,42.345873,-71.0837051,135.6,-22.563482737555145,0.0,1769651955958
2704,708837376,1769651982112,20:59:42.112,42.345873,-71.0837051,135.6,-22.563482737555145,0.0,1769651955958
2705,709099520,1769651982922,20:59:42.922,42.345873,-71.0837051,135.6,-22.563482737555145,0.0,1769651955958
2706,709361664,1769651983810,20:59:43.810,42.345873,-71.0837051,135.6,-22.563482737555145,0.0,1769651955958
2707,709623808,1769651984374,20:59:44.374,42.345873,-71.0837051,135.6,-22.563482737555145,0.0,1769651955958
2708,709885952,1769651985044,20:59:45.044,42.345873,-71.0837051,135.6,-22.563482737555145,0.0,1769651955958
2709,710148096,1769651985741,20:59:45.741,42.345873,-71.0837051,135.6,-22.563482737555145,0.0,1769651955958
2710,710410240,1769651986097,20:59:46.097,42.345873,-71.0837051,135.6,-22.563482737555145,0.0,1769651955958
2711,710672384,1769651986499,20:59:46.499,42.345873,-71.0837051,135.6,-22.563482737555145,0.0,1769651955958
2712,710934528,1769651986997,20:59:46.997,42.345873,-71.0837051,135.6,-22.563482737555145,0.0,1769651955958
2713,711196672,1769651987429,20:59:47.429,42.345873,-71.0837051,135.6,-22.563482737555145,0.0,1769651955958
2714,711458816,1769651987894,20:59:47.894,42.345873,-71.0837051,135.6,-22.563482737555145,0.0,1769651955958
2715,711720960,1769651988375,20:59:48.375,42.345873,-71.0837051,135.6,-22.563482737555145,0.0,1769651955958
2716,711983104,1769651988859,20:59:48.859,42.345873,-71.0837051,135.6,-22.563482737555145,0.0,1769651955958
2717,712245248,1769651989344,20:59:49.344,42.345873,-71.0837051,135.6,-22.563482737555145,0.0,1769651955958
2718,712507392,1769651989853,20:59:49.853,42.345873,-71.0837051,135.6,-22.563482737555145,0.0,1769651955958
2719,712769536,1769651990350,20:59:50.350,42.345873,-71.0837051,135.6,-22.563482737555145,0.0,1769651955958
2720,713031680,1769651990821,20:59:50.821,42.345873,-71.0837051,135.6,-22.563482737555145,0.0,1769651955958
2721,713293824,1769651991260,20:59:51.260,42.345873,-71.0837051,135.6,-22.563482737555145,0.0,1769651955958
2722,713555968,1769651991569,20:59:51.569,42.345873,-71.0837051,135.6,-22.563482737555145,0.0,1769651955958
2723,713818112,1769651992069,20:59:52.069,42.345873,-71.0837051,135.6,-22.563482737555145,0.0,1769651955958
2724,714080256,1769651992460,20:59:52.460,42.345873,-71.0837051,135.6,-22.563482737555145,0.0,1769651955958
2725,714342400,1769651992931,20:59:52.931,42.345873,-71.0837051,135.6,-22.563482737555145,0.0,1769651955958
2726,714604544,1769651993470,20:59:53.470,42.345873,-71.0837051,135.6,-22.563482737555145,0.0,1769651955958
2727,714866688,1769651994065,20:59:54.065,42.345873,-71.0837051,135.6,-22.563482737555145,0.0,1769651955958
2728,715128832,1769651994532,20:59:54.532,42.345873,-71.0837051,135.6,-22.563482737555145,0.0,1769651955958
2729,715390976,1769651994876,20:59:54.876,42.345873,-71.0837051,135.6,-22.563482737555145,0.0,1769651955958
2730,715653120,1769651995245,20:59:55.245,42.345873,-71.0837051,135.6,-22.563482737555145,0.0,1769651955958
2731,715915264,1769651995636,20:59:55.636,42.345873,-71.0837051,135.6,-22.563482737555145,0.0,1769651955958
2732,716177408,1769651995959,20:59:55.959,42.345873,-71.0837051,135.6,-22.563482737555145,0.0,1769651955958
2733,716439552,1769651996289,20:59:56.289,42.345873,-71.0837051,135.6,-22.563482737555145,0.0,1769651955958
2734,716701696,1769651996726,20:59:56.726,42.345873,-71.0837051,135.6,-22.563482737555145,0.0,1769651955958
2735,716963840,1769651997404,20:59:57.404,42.345873,-71.0837051,135.6,-22.563482737555145,0.0,1769651955958
2736,717225984,1769651997965,20:59:57.965,42.345873,-71.0837051,135.6,-22.563482737555145,0.0,1769651955958
2737,717488128,1769651998483,20:59:58.483,42.345873,-71.0837051,135.6,-22.563482737555145,0.0,1769651955958
2738,717750272,1769651999145,20:59:59.145,42.345873,-71.0837051,135.6,-22.563482737555145,0.0,1769651955958
2739,718012416,1769651999676,20:59:59.676,42.345873,-71.0837051,135.6,-22.563482737555145,0.0,1769651955958
2740,718274560,1769652000233,21:00:00.233,42.345873,-71.0837051,135.6,-22.563482737555145,0.0,1769651955958
2741,718536704,1769652000807,21:00:00.807,42.345873,-71.0837051,135.6,-22.563482737555145,0.0,1769651955958
2742,718798848,1769652001565,21:00:01.565,42.345873,-71.0837051,135.6,-22.563482737555145,0.0,1769651955958
2743,719060992,1769652002135,21:00:02.135,42.345873,-71.0837051,135.6,-22.563482737555145,0.0,1769651955958
2744,719323136,1769652002714,21:00:02.714,42.345873,-71.0837051,135.6,-22.563482737555145,0.0,1769651955958
2745,719585280,1769652003311,21:00:03.311,42.345873,-71.0837051,135.6,-22.563482737555145,0.0,1769651955958
2746,719847424,1769652003814,21:00:03.814,42.345873,-71.0837051,135.6,-22.563482737555145,0.0,1769651955958
2747,720109568,1769652004190,21:00:04.190,42.345873,-71.0837051,135.6,-22.563482737555145,0.0,1769651955958
2748,720371712,1769652004709,21:00:04.709,42.345873,-71.0837051,135.6,-22.563482737555145,0.0,1769651955958
2749,720633856,1769652005511,21:00:05.511,42.345873,-71.0837051,135.6,-22.563482737555145,0.0,1769651955958
2750,720896000,1769652006056,21:00:06.056,42.345873,-71.0837051,135.6,-22.563482737555145,0.0,1769651955958
2751,721158144,1769652006415,21:00:06.415,42.345873,-71.0837051,135.6,-22.563482737555145,0.0,1769651955958
2752,721420288,1769652006837,21:00:06.837,42.345873,-71.0837051,135.6,-22.563482737555145,0.0,1769651955958
2753,721682432,1769652007228,21:00:07.228,42.3478733,-71.0851256,37.9,-18.618208738859103,4.2328424,1769652007067
2754,721944576,1769652007781,21:00:07.781,42.3478733,-71.0851256,37.9,-18.618208738859103,4.2328424,1769652007067
2755,722206720,1769652008160,21:00:08.160,42.3478733,-71.0851256,37.9,-18.618208738859103,4.2328424,1769652007067
2756,722468864,1769652008523,21:00:08.523,42.3478761,-71.0850703,36.808,-18.700053492002585,4.4006295,1769652008067
2757,722731008,1769652008883,21:00:08.883,42.3478761,-71.0850703,36.808,-18.700053492002585,4.4006295,1769652008067
2758,722993152,1769652009430,21:00:09.430,42.3478857,-71.0850126,35.882,-20.299999237060547,4.5949297,1769652009067
2759,723255296,1769652009941,21:00:09.941,42.3478857,-71.0850126,35.882,-20.299999237060547,4.5949297,1769652009067
2760,723517440,1769652010744,21:00:10.744,42.347888,-71.0849509,35.152,-18.93315136881789,4.7219176,1769652010067
2761,723779584,1769652011460,21:00:11.460,42.3478987,-71.0848877,34.575,-19.69164410136185,4.8862486,1769652011069
2762,724041728,1769652012284,21:00:12.284,42.3478987,-71.0848789,33.394,-20.299999237060547,2.908084,1769652012068
2763,724303872,1769652012925,21:00:12.925,42.3478987,-71.0848789,33.394,-20.299999237060547,2.908084,1769652012068
2764,724566016,1769652013488,21:00:13.488,42.3478947,-71.0848642,32.647,-19.40450776963565,0.13159466,1769652013068
2765,724828160,1769652014272,21:00:14.272,42.3478877,-71.0848233,32.598,-19.584755916259514,0.4113304,1769652014068
2766,725090304,1769652015001,21:00:15.001,42.3478877,-71.0848233,32.598,-19.584755916259514,0.4113304,1769652014068
2767,725352448,1769652015432,21:00:15.432,42.3478726,-71.0848012,32.366,-20.299999237060547,0.29150853,1769652015067
2768,725614592,1769652015970,21:00:15.970,42.3478726,-71.0848012,32.366,-20.299999237060547,0.29150853,1769652015067
2769,725876736,1769652016588,21:00:16.588,42.3478493,-71.0847355,32.723,-20.057670947115188,0.839759,1769652016067
2770,726138880,1769652017202,21:00:17.202,42.3478493,-71.0847355,32.723,-20.057670947115188,0.839759,1769652016067
2771,726401024,1769652017824,21:00:17.824,42.3478493,-71.0847355,32.723,-20.057670947115188,0.839759,1769652016067
2772,726663168,1769652018442,21:00:18.442,42.3478493,-71.0847355,32.723,-20.057670947115188,0.839759,1769652016067
2773,726925312,1769652019054,21:00:19.054,42.3478493,-71.0847355,32.723,-20.057670947115188,0.839759,1769652016067
2774,727187456,1769652019678,21:00:19.678,42.3478493,-71.0847355,32.723,-20.057670947115188,0.839759,1769652016067
2775,727449600,1769652020293,21:00:20.293,42.3478493,-71.0847355,32.723,-20.057670947115188,0.839759,1769652016067
2776,727711744,1769652020847,21:00:20.847,42.3478493,-71.0847355,32.723,-20.057670947115188,0.839759,1769652016067
2777,727973888,1769652021221,21:00:21.221,42.3478493,-71.0847355,32.723,-20.057670947115188,0.839759,1769652016067
2778,728236032,1769652021630,21:00:21.630,42.3478493,-71.0847355,32.723,-20.057670947115188,0.839759,1769652016067
2779,728498176,1769652022083,21:00:22.083,42.3478493,-71.0847355,32.723,-20.057670947115188,0.839759,1769652016067
2780,728760320,1769652022450,21:00:22.450,42.3478493,-71.0847355,32.723,-20.057670947115188,0.839759,1769652016067
2781,729022464,1769652022861,21:00:22.861,42.3478493,-71.0847355,32.723,-20.057670947115188,0.839759,1769652016067
2782,729284608,1769652023267,21:00:23.267,42.3478493,-71.0847355,32.723,-20.057670947115188,0.839759,1769652016067
2783,729546752,1769652023618,21:00:23.618,42.3478493,-71.0847355,32.723,-20.057670947115188,0.839759,1769652016067
2784,729808896,1769652023974,21:00:23.974,42.3478493,-71.0847355,32.723,-20.057670947115188,0.839759,1769652016067
2785,730071040,1769652024403,21:00:24.403,42.3478493,-71.0847355,32.723,-20.057670947115188,0.839759,1769652016067
2786,730333184,1769652024840,21:00:24.840,42.3478493,-71.0847355,32.723,-20.057670947115188,0.839759,1769652016067
2787,730595328,1769652025212,21:00:25.212,42.3478493,-71.0847355,32.723,-20.057670947115188,0.839759,1769652016067
2788,730857472,1769652025687,21:00:25.687,42.3478493,-71.0847355,32.723,-20.057670947115188,0.839759,1769652016067
2789,731119616,1769652026062,21:00:26.062,42.3478493,-71.0847355,32.723,-20.057670947115188,0.839759,1769652016067
2790,731381760,1769652026398,21:00:26.398,42.3478493,-71.0847355,32.723,-20.057670947115188,0.839759,1769652016067
2791,731643904,1769652026724,21:00:26.724,42.3478493,-71.0847355,32.723,-20.057670947115188,0.839759,1769652016067
2792,731906048,1769652027080,21:00:27.080,42.3478493,-71.0847355,32.723,-20.057670947115188,0.839759,1769652016067
2793,732168192,1769652027514,21:00:27.514,42.3478493,-71.0847355,32.723,-20.057670947115188,0.839759,1769652016067
2794,732430336,1769652028093,21:00:28.093,42.3478493,-71.0847355,32.723,-20.057670947115188,0.839759,1769652016067
2795,732692480,1769652028579,21:00:28.579,42.3478493,-71.0847355,32.723,-20.057670947115188,0.839759,1769652016067
2796,732954624,1769652028994,21:00:28.994,42.3478493,-71.0847355,32.723,-20.057670947115188,0.839759,1769652016067
2797,733216768,1769652029330,21:00:29.330,42.3478493,-71.0847355,32.723,-20.057670947115188,0.839759,1769652016067
2798,733478912,1769652029635,21:00:29.635,42.3478493,-71.0847355,32.723,-20.057670947115188,0.839759,1769652016067
2799,733741056,1769652029997,21:00:29.997,42.3478493,-71.0847355,32.723,-20.057670947115188,0.839759,1769652016067
2800,734003200,1769652030349,21:00:30.349,42.3478493,-71.0847355,32.723,-20.057670947115188,0.839759,1769652016067
2801,734265344,1769652030709,21:00:30.709,42.3478493,-71.0847355,32.723,-20.057670947115188,0.839759,1769652016067
2802,734527488,1769652031035,21:00:31.035,42.3478493,-71.0847355,32.723,-20.057670947115188,0.839759,1769652016067
2803,734789632,1769652031411,21:00:31.411,42.3478493,-71.0847355,32.723,-20.057670947115188,0.839759,1769652016067
2804,735051776,1769652031983,21:00:31.983,42.3478493,-71.0847355,32.723,-20.057670947115188,0.839759,1769652016067
2805,735313920,1769652032452,21:00:32.452,42.3478493,-71.0847355,32.723,-20.057670947115188,0.839759,1769652016067
2806,735576064,1769652032913,21:00:32.913,42.3478493,-71.0847355,32.723,-20.057670947115188,0.839759,1769652016067
2807,735838208,1769652033272,21:00:33.272,42.3478493,-71.0847355,32.723,-20.057670947115188,0.839759,1769652016067
2808,736100352,1769652033673,21:00:33.673,42.3478493,-71.0847355,32.723,-20.057670947115188,0.839759,1769652016067
2809,736362496,1769652034077,21:00:34.077,42.3478493,-71.0847355,32.723,-20.057670947115188,0.839759,1769652016067
2810,736624640,1769652034466,21:00:34.466,42.3478493,-71.0847355,32.723,-20.057670947115188,0.839759,1769652016067
2811,736886784,1769652034989,21:00:34.989,42.3478493,-71.0847355,32.723,-20.057670947115188,0.839759,1769652016067
2812,737148928,1769652035554,21:00:35.554,42.3478493,-71.0847355,32.723,-20.057670947115188,0.839759,1769652016067
2813,737411072,1769652036080,21:00:36.080,42.3478493,-71.0847355,32.723,-20.057670947115188,0.839759,1769652016067
2814,737673216,1769652036603,21:00:36.603,42.3478493,-71.0847355,32.723,-20.057670947115188,0.839759,1769652016067
2815,737935360,1769652037122,21:00:37.122,42.3478493,-71.0847355,32.723,-20.057670947115188,0.839759,1769652016067
2816,738197504,1769652037640,21:00:37.640,42.3478493,-71.0847355,32.723,-20.057670947115188,0.839759,1769652016067
2817,738459648,1769652038125,21:00:38.125,42.3478493,-71.0847355,32.723,-20.057670947115188,0.839759,1769652016067
2818,738721792,1769652038649,21:00:38.649,42.3478493,-71.0847355,32.723,-20.057670947115188,0.839759,1769652016067
2819,738983936,1769652039229,21:00:39.229,42.3478493,-71.0847355,32.723,-20.057670947115188,0.839759,1769652016067
2820,739246080,1769652039725,21:00:39.725,42.3478493,-71.0847355,32.723,-20.057670947115188,0.839759,1769652016067
2821,739508224,1769652040202,21:00:40.202,42.3478493,-71.0847355,32.723,-20.057670947115188,0.839759,1769652016067
2822,739770368,1769652040666,21:00:40.666,42.3478493,-71.0847355,32.723,-20.057670947115188,0.839759,1769652016067
2823,740032512,1769652041087,21:00:41.087,42.3478493,-71.0847355,32.723,-20.057670947115188,0.839759,1769652016067
2824,740294656,1769652041527,21:00:41.527,42.3478493,-71.0847355,32.723,-20.057670947115188,0.839759,1769652016067
2825,740556800,1769652041877,21:00:41.877,42.3478493,-71.0847355,32.723,-20.057670947115188,0.839759,1769652016067
2826,740818944,1769652042227,21:00:42.227,42.3478493,-71.0847355,32.723,-20.057670947115188,0.839759,1769652016067
2827,741081088,1769652042577,21:00:42.577,42.3478493,-71.0847355,32.723,-20.057670947115188,0.839759,1769652016067
2828,741343232,1769652042977,21:00:42.977,42.3478493,-71.0847355,32.723,-20.057670947115188,0.839759,1769652016067
2829,741605376,1769652043324,21:00:43.324,42.3478493,-71.0847355,32.723,-20.057670947115188,0.839759,1769652016067
2830,741867520,1769652043954,21:00:43.954,42.3478493,-71.0847355,32.723,-20.057670947115188,0.839759,1769652016067
2831,742129664,1769652044583,21:00:44.583,42.3478493,-71.0847355,32.723,-20.057670947115188,0.839759,1769652016067
2832,742391808,1769652045028,21:00:45.028,42.3478493,-71.0847355,32.723,-20.057670947115188,0.839759,1769652016067
2833,742653952,1769652045751,21:00:45.751,42.3478493,-71.0847355,32.723,-20.057670947115188,0.839759,1769652016067
2834,742916096,1769652046525,21:00:46.525,42.3478493,-71.0847355,32.723,-20.057670947115188,0.839759,1769652016067
2835,743178240,1769652047331,21:00:47.331,42.3478493,-71.0847355,32.723,-20.057670947115188,0.839759,1769652016067
2836,743440384,1769652048055,21:00:48.055,42.3478493,-71.0847355,32.723,-20.057670947115188,0.839759,1769652016067
2837,743702528,1769652048581,21:00:48.581,42.3478493,-71.0847355,32.723,-20.057670947115188,0.839759,1769652016067
2838,743964672,1769652049129,21:00:49.129,42.3478493,-71.0847355,32.723,-20.057670947115188,0.839759,1769652016067
2839,744226816,1769652049685,21:00:49.685,42.3478493,-71.0847355,32.723,-20.057670947115188,0.839759,1769652016067
2840,744488960,1769652050489,21:00:50.489,42.3478493,-71.0847355,32.723,-20.057670947115188,0.839759,1769652016067
2841,744751104,1769652050890,21:00:50.890,42.3478493,-71.0847355,32.723,-20.057670947115188,0.839759,1769652016067
2842,745013248,1769652051298,21:00:51.298,42.3478493,-71.0847355,32.723,-20.057670947115188,0.839759,1769652016067
2843,745275392,1769652051768,21:00:51.768,42.3478493,-71.0847355,32.723,-20.057670947115188,0.839759,1769652016067
2844,745537536,1769652052261,21:00:52.261,42.3478493,-71.0847355,32.723,-20.057670947115188,0.839759,1769652016067
2845,745799680,1769652052662,21:00:52.662,42.3478493,-71.0847355,32.723,-20.057670947115188,0.839759,1769652016067
2846,746061824,1769652053121,21:00:53.121,42.3478493,-71.0847355,32.723,-20.057670947115188,0.839759,1769652016067
2847,746323968,1769652053595,21:00:53.595,42.3478493,-71.0847355,32.723,-20.057670947115188,0.839759,1769652016067
2848,746586112,1769652054042,21:00:54.042,42.3478493,-71.0847355,32.723,-20.057670947115188,0.839759,1769652016067
2849,746848256,1769652054510,21:00:54.510,42.3478493,-71.0847355,32.723,-20.057670947115188,0.839759,1769652016067
2850,747110400,1769652054929,21:00:54.929,42.3478493,-71.0847355,32.723,-20.057670947115188,0.839759,1769652016067
2851,747372544,1769652055392,21:00:55.392,42.3478493,-71.0847355,32.723,-20.057670947115188,0.839759,1769652016067
2852,747634688,1769652055836,21:00:55.836,42.3478493,-71.0847355,32.723,-20.057670947115188,0.839759,1769652016067
2853,747896832,1769652056230,21:00:56.230,42.3478493,-71.0847355,32.723,-20.057670947115188,0.839759,1769652016067
2854,748158976,1769652056638,21:00:56.638,42.3478493,-71.0847355,32.723,-20.057670947115188,0.839759,1769652016067
2855,748421120,1769652056991,21:00:56.991,42.3478493,-71.0847355,32.723,-20.057670947115188,0.839759,1769652016067
2856,748683264,1769652057381,21:00:57.381,42.3486238,-71.0824967,33.777,-22.76548094732871,0.73628515,1769652057068
2857,748945408,1769652057771,21:00:57.771,42.3486238,-71.0824967,33.777,-22.76548094732871,0.73628515,1769652057068
2858,749207552,1769652058122,21:00:58.122,42.3486238,-71.0824967,33.777,-22.76548094732871,0.73628515,1769652057068
2859,749469696,1769652058503,21:00:58.503,42.3486475,-71.0824612,30.489,-22.74580592337436,0.5617749,1769652058069
2860,749731840,1769652058859,21:00:58.859,42.3486475,-71.0824612,30.489,-22.74580592337436,0.5617749,1769652058069
2861,749993984,1769652059209,21:00:59.209,42.3486437,-71.0824564,28.177,-22.73337956926372,0.5670625,1769652059069
2862,750256128,1769652059561,21:00:59.561,42.3486437,-71.0824564,28.177,-22.73337956926372,0.5670625,1769652059069
2863,750518272,1769652059918,21:00:59.918,42.3486437,-71.0824564,28.177,-22.73337956926372,0.5670625,1769652059069
2864,750780416,1769652060294,21:01:00.294,42.3486549,-71.0824469,26.581,-22.712151172787763,0.7360509,1769652060069
2865,751042560,1769652060758,21:01:00.758,42.3486549,-71.0824469,26.581,-22.712151172787763,0.7360509,1769652060069
2866,751304704,1769652061166,21:01:01.166,42.3486549,-71.0824469,26.581,-22.712151172787763,0.7360509,1769652060069
2867,751566848,1769652061474,21:01:01.474,42.3486571,-71.0824504,25.456,-23.1515525616189,0.6814203,1769652061069
2868,751828992,1769652061947,21:01:01.947,42.3486571,-71.0824504,25.456,-23.1515525616189,0.6814203,1769652061069
2869,752091136,1769652062639,21:01:02.639,42.3486728,-71.0824507,24.603,-23.14275048951518,1.0802073,1769652062068
2870,752353280,1769652063050,21:01:03.050,42.3486728,-71.0824507,24.603,-23.14275048951518,1.0802073,1769652062068
2871,752615424,1769652063363,21:01:03.363,42.3486658,-71.0824614,21.296,-23.126699628956793,0.95512086,1769652063068
2872,752877568,1769652063708,21:01:03.708,42.3486658,-71.0824614,21.296,-23.126699628956793,0.95512086,1769652063068
2873,753139712,1769652064132,21:01:04.132,42.3486658,-71.0824614,21.296,-23.126699628956793,0.95512086,1769652063068
2874,753401856,1769652064525,21:01:04.525,42.3486399,-71.0824609,20.946,-22.518436660146,0.67083716,1769652064068
2875,753664000,1769652064956,21:01:04.956,42.3486399,-71.0824609,20.946,-22.518436660146,0.67083716,1769652064068
2876,753926144,1769652065354,21:01:05.354,42.3486321,-71.082476,19.805,-22.506010114510794,0.9753495,1769652065068
2877,754188288,1769652065783,21:01:05.783,42.3486321,-71.082476,19.805,-22.506010114510794,0.9753495,1769652065068
2878,754450432,1769652066197,21:01:06.197,42.3486201,-71.0824846,19.338,-22.506010114510794,1.0973827,1769652066068
2879,754712576,1769652066633,21:01:06.633,42.3486201,-71.0824846,19.338,-22.506010114510794,1.0973827,1769652066068
2880,754974720,1769652067056,21:01:07.056,42.3486201,-71.0824846,19.338,-22.506010114510794,1.0973827,1769652066068
2881,755236864,1769652067559,21:01:07.559,42.3486126,-71.0824869,19.04,-22.49461909857149,0.99653435,1769652067068
2882,755499008,1769652068039,21:01:08.039,42.3486126,-71.0824869,19.04,-22.49461909857149,0.99653435,1769652067068
2883,755761152,1769652068597,21:01:08.597,42.3486059,-71.0824856,18.925,-22.469248145209036,0.98552173,1769652068068
2884,756023296,1769652069242,21:01:09.242,42.3485964,-71.0824745,19.077,-23.010718326876272,0.95610964,1769652069068
2885,756285440,1769652070055,21:01:10.055,42.3485964,-71.0824745,19.077,-23.010718326876272,0.95610964,1769652069068
2886,756547584,1769652071069,21:01:11.069,42.3485844,-71.0824671,19.713,-22.371905833737358,0.31921363,1769652070069
2887,756809728,1769652071944,21:01:11.944,42.3485818,-71.0824665,20.028,-22.310289652248493,0.18013978,1769652071069
2888,757071872,1769652072753,21:01:12.753,42.3485785,-71.0824727,20.687,-22.19223388643844,0.38900316,1769652072068
2889,757334016,1769652073646,21:01:13.646,42.3485747,-71.0824747,21.543,-20.20161107159148,0.39106485,1769652073068
2890,757596160,1769652074839,21:01:14.839,42.3485707,-71.0824766,22.598,-20.1918127985439,0.39367077,1769652074069
2891,757858304,1769652075799,21:01:15.799,42.3485583,-71.0824786,28.115,-20.16280933228152,0.0,1769652075091
2892,758120448,1769652076805,21:01:16.805,42.348338,-71.0824235,33.055,-20.141574589601806,0.9553542,1769652076719
2893,758382592,1769652078657,21:01:18.657,42.3483006,-71.0824057,34.349,-20.11826810435595,0.8939388,1769652078198
2894,758644736,1769652080662,21:01:20.662,42.3483006,-71.0824057,34.349,-20.11826810435595,0.8939388,1769652078198
2895,758906880,1769652081341,21:01:21.341,42.3483006,-71.0824057,34.349,-20.11826810435595,0.8939388,1769652078198
2896,759169024,1769652082177,21:01:22.177,42.3483006,-71.0824057,34.349,-20.11826810435595,0.8939388,1769652078198
2897,759431168,1769652082865,21:01:22.865,42.348278,-71.0824044,33.147,-19.922491134612216,0.078322455,1769652082663
2898,759693312,1769652083297,21:01:23.297,42.348278,-71.0824044,33.147,-19.922491134612216,0.078322455,1769652082663
2899,759955456,1769652084075,21:01:24.075,42.348278,-71.0824044,33.147,-19.922491134612216,0.078322455,1769652082663
2900,760217600,1769652085061,21:01:25.061,42.348278,-71.0824044,33.147,-19.922491134612216,0.078322455,1769652082663
2901,760479744,1769652085847,21:01:25.847,42.348278,-71.0824044,33.147,-19.922491134612216,0.078322455,1769652082663
2902,760741888,1769652086368,21:01:26.368,42.348278,-71.0824044,33.147,-19.922491134612216,0.078322455,1769652082663
2903,761004032,1769652086748,21:01:26.748,42.348278,-71.0824044,33.147,-19.922491134612216,0.078322455,1769652082663
2904,761266176,1769652087109,21:01:27.109,42.348278,-71.0824044,33.147,-19.922491134612216,0.078322455,1769652082663
2905,761528320,1769652087452,21:01:27.452,42.348278,-71.0824044,33.147,-19.922491134612216,0.078322455,1769652082663
2906,761790464,1769652087802,21:01:27.802,42.348278,-71.0824044,33.147,-19.922491134612216,0.078322455,1769652082663
2907,762052608,1769652088251,21:01:28.251,42.348278,-71.0824044,33.147,-19.922491134612216,0.078322455,1769652082663
2908,762314752,1769652088618,21:01:28.618,42.348278,-71.0824044,33.147,-19.922491134612216,0.078322455,1769652082663
2909,762576896,1769652089213,21:01:29.213,42.348278,-71.0824044,33.147,-19.922491134612216,0.078322455,1769652082663
2910,762839040,1769652089843,21:01:29.843,42.3482394,-71.0823985,24.568,-18.42656652918711,0.022445137,1769652089407
2911,763101184,1769652090164,21:01:30.164,42.3482394,-71.0823985,24.568,-18.42656652918711,0.022445137,1769652089407
2912,763363328,1769652090566,21:01:30.566,42.3482394,-71.0823985,24.568,-18.42656652918711,0.022445137,1769652089407
2913,763625472,1769652091212,21:01:31.212,42.3482394,-71.0823985,24.568,-18.42656652918711,0.022445137,1769652089407
2914,763887616,1769652091680,21:01:31.680,42.3482394,-71.0823985,24.568,-18.42656652918711,0.022445137,1769652089407
2915,764149760,1769652092120,21:01:32.120,42.3482394,-71.0823985,24.568,-18.42656652918711,0.022445137,1769652089407
2916,764411904,1769652092509,21:01:32.509,42.3482394,-71.0823985,24.568,-18.42656652918711,0.022445137,1769652089407
2917,764674048,1769652092813,21:01:32.813,42.3482394,-71.0823985,24.568,-18.42656652918711,0.022445137,1769652089407
2918,764936192,1769652093170,21:01:33.170,42.3482394,-71.0823985,24.568,-18.42656652918711,0.022445137,1769652089407
2919,765198336,1769652093552,21:01:33.552,42.3482394,-71.0823985,24.568,-18.42656652918711,0.022445137,1769652089407
2920,765460480,1769652093896,21:01:33.896,42.3482394,-71.0823985,24.568,-18.42656652918711,0.022445137,1769652089407
2921,765722624,1769652094247,21:01:34.247,42.3482394,-71.0823985,24.568,-18.42656652918711,0.022445137,1769652089407
2922,765984768,1769652094597,21:01:34.597,42.3482394,-71.0823985,24.568,-18.42656652918711,0.022445137,1769652089407
2923,766246912,1769652094953,21:01:34.953,42.3482394,-71.0823985,24.568,-18.42656652918711,0.022445137,1769652089407
2924,766509056,1769652095299,21:01:35.299,42.3482394,-71.0823985,24.568,-18.42656652918711,0.022445137,1769652089407
2925,766771200,1769652095675,21:01:35.675,42.3482394,-71.0823985,24.568,-18.42656652918711,0.022445137,1769652089407
2926,767033344,1769652096011,21:01:36.011,42.3482394,-71.0823985,24.568,-18.42656652918711,0.022445137,1769652089407
2927,767295488,1769652096400,21:01:36.400,42.3482831,-71.0824104,60.766,-16.299999237060547,0.022041308,1769652096171
2928,767557632,1769652097035,21:01:37.035,42.3482831,-71.0824104,60.766,-16.299999237060547,0.022041308,1769652096171
2929,767819776,1769652097434,21:01:37.434,42.3482831,-71.0824104,60.766,-16.299999237060547,0.022041308,1769652096171
2930,768081920,1769652097915,21:01:37.915,42.3482831,-71.0824104,60.766,-16.299999237060547,0.022041308,1769652096171
2931,768344064,1769652098415,21:01:38.415,42.3482831,-71.0824104,60.766,-16.299999237060547,0.022041308,1769652096171
2932,768606208,1769652098830,21:01:38.830,42.3482831,-71.0824104,60.766,-16.299999237060547,0.022041308,1769652096171
2933,768868352,1769652099188,21:01:39.188,42.3482831,-71.0824104,60.766,-16.299999237060547,0.022041308,1769652096171
2934,769130496,1769652099586,21:01:39.586,42.3482831,-71.0824104,60.766,-16.299999237060547,0.022041308,1769652096171
2935,769392640,1769652099936,21:01:39.936,42.3482831,-71.0824104,60.766,-16.299999237060547,0.022041308,1769652096171
2936,769654784,1769652100611,21:01:40.611,42.3482831,-71.0824104,60.766,-16.299999237060547,0.022041308,1769652096171
2937,769916928,1769652101177,21:01:41.177,42.3482831,-71.0824104,60.766,-16.299999237060547,0.022041308,1769652096171
2938,770179072,1769652101513,21:01:41.513,42.3482831,-71.0824104,60.766,-16.299999237060547,0.022041308,1769652096171
2939,770441216,1769652101859,21:01:41.859,42.3482831,-71.0824104,60.766,-16.299999237060547,0.022041308,1769652096171
2940,770703360,1769652102636,21:01:42.636,42.3482831,-71.0824104,60.766,-16.299999237060547,0.022041308,1769652096171
2941,770965504,1769652103550,21:01:43.550,42.3483393,-71.0824251,71.112,-16.299999237060547,0.3217255,1769652103069
2942,771227648,1769652104105,21:01:44.105,42.3481102,-71.0824011,14.416,-16.299999237060547,0.44409993,1769652103899
2943,771489792,1769652105000,21:01:45.000,42.3480789,-71.0824,14.368,-16.299999237060547,0.33801657,1769652104773
2944,771751936,1769652105759,21:01:45.759,42.3480741,-71.0824005,14.362,-16.299999237060547,0.32696292,1769652105299
2945,772014080,1769652106139,21:01:46.139,42.3480694,-71.0823992,14.769,-16.299999237060547,0.41628116,1769652105940
2946,772276224,1769652106743,21:01:46.743,42.3480647,-71.0823956,15.33,-16.299999237060547,0.5020918,1769652106415
2947,772538368,1769652107180,21:01:47.180,42.34806,-71.0823923,15.8,-16.299999237060547,0.5700616,1769652107021
2948,772800512,1769652107542,21:01:47.542,42.34806,-71.0823923,15.8,-16.299999237060547,0.5700616,1769652107021
2949,773062656,1769652107892,21:01:47.892,42.3480544,-71.0823875,16.287,-16.299999237060547,0.64228815,1769652107541
2950,773324800,1769652108237,21:01:48.237,42.3480488,-71.0823831,16.739,-16.299999237060547,0.6784634,1769652108180
2951,773586944,1769652108739,21:01:48.739,42.3480426,-71.0823775,17.188,-16.299999237060547,0.73889214,1769652108654
2952,773849088,1769652109238,21:01:49.238,42.3480426,-71.0823775,17.188,-16.299999237060547,0.73889214,1769652108654
2953,774111232,1769652109596,21:01:49.596,42.3480359,-71.0823724,17.937,-16.299999237060547,0.7695935,1769652109294
2954,774373376,1769652109945,21:01:49.945,42.348028,-71.0823647,19.281,-16.299999237060547,0.8647618,1769652109875
2955,774635520,1769652110315,21:01:50.315,42.348028,-71.0823647,19.281,-16.299999237060547,0.8647618,1769652109875
2956,774897664,1769652110753,21:01:50.753,42.3480244,-71.082358,19.746,-16.299999237060547,0.8528398,1769652110479
2957,775159808,1769652111109,21:01:51.109,42.348023,-71.0823562,19.663,-16.299999237060547,0.84703803,1769652110999
2958,775421952,1769652111456,21:01:51.456,42.348023,-71.0823562,19.663,-16.299999237060547,0.84703803,1769652110999
2959,775684096,1769652111808,21:01:51.808,42.3480168,-71.082353,19.472,-16.299999237060547,0.94977605,1769652111621
2960,775946240,1769652112158,21:01:52.158,42.3480115,-71.0823503,19.275,-16.299999237060547,0.9687914,1769652112137
2961,776208384,1769652112510,21:01:52.510,42.3480115,-71.0823503,19.275,-16.299999237060547,0.9687914,1769652112137
2962,776470528,1769652112862,21:01:52.862,42.3480035,-71.0823471,18.956,-16.299999237060547,1.0328432,1769652112754
2963,776732672,1769652113211,21:01:53.211,42.3480035,-71.0823471,18.956,-16.299999237060547,1.0328432,1769652112754
2964,776994816,1769652113562,21:01:53.562,42.3479968,-71.0823445,18.616,-16.299999237060547,1.0376253,1769652113281
2965,777256960,1769652113915,21:01:53.915,42.3479876,-71.082342,18.191,-16.299999237060547,1.0652432,1769652113893
2966,777519104,1769652114275,21:01:54.275,42.3479876,-71.082342,18.191,-16.299999237060547,1.0652432,1769652113893
2967,777781248,1769652114625,21:01:54.625,42.3479793,-71.0823408,17.668,-16.299999237060547,1.0965891,1769652114421
2968,778043392,1769652114971,21:01:54.971,42.3479793,-71.0823408,17.668,-16.299999237060547,1.0965891,1769652114421
2969,778305536,1769652115326,21:01:55.326,42.3479712,-71.0823392,17.088,-16.299999237060547,1.0915363,1769652115017
2970,778567680,1769652115693,21:01:55.693,42.347964,-71.0823382,16.607,-16.299999237060547,1.1015562,1769652115537
2971,778829824,1769652116056,21:01:56.056,42.347964,-71.0823382,16.607,-16.299999237060547,1.1015562,1769652115537
2972,779091968,1769652116406,21:01:56.406,42.3479564,-71.0823366,16.794,-16.299999237060547,1.0930619,1769652116158
2973,779354112,1769652116753,21:01:56.753,42.3479491,-71.0823349,16.908,-16.299999237060547,1.1127062,1769652116677
2974,779616256,1769652117299,21:01:57.299,42.3479491,-71.0823349,16.908,-16.299999237060547,1.1127062,1769652116677
2975,779878400,1769652118123,21:01:58.123,42.3479563,-71.0823322,16.223,-16.299999237060547,1.0912099,1769652117820
2976,780140544,1769652118490,21:01:58.490,42.3479542,-71.0823309,15.815,-16.299999237060547,1.1234035,1769652118434
2977,780402688,1769652118843,21:01:58.843,42.3479542,-71.0823309,15.815,-16.299999237060547,1.1234035,1769652118434
2978,780664832,1769652119192,21:01:59.192,42.3479512,-71.0823299,15.434,-16.299999237060547,1.1380558,1769652118959
2979,780926976,1769652119611,21:01:59.611,42.3479451,-71.0823293,15.059,-16.299999237060547,1.124803,1769652119601
2980,781189120,1769652120100,21:02:00.100,42.3479451,-71.0823293,15.059,-16.299999237060547,1.124803,1769652119601
2981,781451264,1769652120453,21:02:00.453,42.3479404,-71.0823286,14.672,-16.299999237060547,1.1221064,1769652120094
2982,781713408,1769652120848,21:02:00.848,42.3479335,-71.0823276,14.279,-16.299999237060547,1.0918775,1769652120741
2983,781975552,1769652121163,21:02:01.163,42.3479335,-71.0823276,14.279,-16.299999237060547,1.0918775,1769652120741
2984,782237696,1769652121719,21:02:01.719,42.347928,-71.0823267,13.87,-16.299999237060547,1.0759565,1769652121258
2985,782499840,1769652122253,21:02:02.253,42.3479209,-71.082325,13.433,-16.299999237060547,1.0855778,1769652121872
2986,782761984,1769652122606,21:02:02.606,42.3479148,-71.0823236,12.953,-16.299999237060547,1.0874624,1769652122410
2987,783024128,1769652122958,21:02:02.958,42.3479148,-71.0823236,12.953,-16.299999237060547,1.0874624,1769652122410
2988,783286272,1769652123307,21:02:03.307,42.347908,-71.0823216,12.986,-16.299999237060547,1.0865883,1769652123040
2989,783548416,1769652123657,21:02:03.657,42.3479016,-71.0823202,12.91,-16.299999237060547,1.0855018,1769652123542
2990,783810560,1769652124013,21:02:04.013,42.3479016,-71.0823202,12.91,-16.299999237060547,1.0855018,1769652123542
2991,784072704,1769652124504,21:02:04.504,42.3478948,-71.0823188,12.834,-16.299999237060547,1.0837833,1769652124138
2992,784334848,1769652124857,21:02:04.857,42.3478994,-71.0823186,12.262,-16.299999237060547,1.4320806,1769652124657
2993,784596992,1769652125207,21:02:05.207,42.3478994,-71.0823186,12.262,-16.299999237060547,1.4320806,1769652124657
2994,784859136,1769652125557,21:02:05.557,42.3479014,-71.0823155,11.722,-16.299999237060547,1.4555373,1769652125235
2995,785121280,1769652125965,21:02:05.965,42.347902,-71.0823137,11.403,-16.299999237060547,1.4242383,1769652125736
2996,785383424,1769652126323,21:02:06.323,42.347902,-71.0823137,11.403,-16.299999237060547,1.4242383,1769652125736
2997,785645568,1769652126667,21:02:06.667,42.3479006,-71.0823102,10.858,-16.299999237060547,1.3434519,1769652126407
2998,785907712,1769652127077,21:02:07.077,42.3479001,-71.0823089,10.555,-16.299999237060547,1.275816,1769652126897
2999,786169856,1769652127429,21:02:07.429,42.3479001,-71.0823089,10.555,-16.299999237060547,1.275816,1769652126897
3000,786432000,1769652127777,21:02:07.777,42.3478973,-71.0823061,10.346,-16.299999237060547,1.2279247,1769652127519
3001,786694144,1769652128130,21:02:08.130,42.3478953,-71.0823043,10.449,-16.299999237060547,1.195524,1769652128037
3002,786956288,1769652128559,21:02:08.559,42.3478953,-71.0823043,10.449,-16.299999237060547,1.195524,1769652128037
3003,787218432,1769652128956,21:02:08.956,42.3478921,-71.0823001,10.227,-16.299999237060547,1.1630234,1769652128704
3004,787480576,1769652129297,21:02:09.297,42.3478903,-71.082298,10.072,-16.299999237060547,1.1456099,1769652129160
3005,787742720,1769652129690,21:02:09.690,42.3478903,-71.082298,10.072,-16.299999237060547,1.1456099,1769652129160
3006,788004864,1769652130039,21:02:10.039,42.3478855,-71.0822937,10.766,-16.299999237060547,1.1420565,1769652129784
3007,788267008,1769652130389,21:02:10.389,42.3478819,-71.0822907,11.532,-16.299999237060547,1.1368263,1769652130302
3008,788529152,1769652130755,21:02:10.755,42.3478819,-71.0822907,11.532,-16.299999237060547,1.1368263,1769652130302
3009,788791296,1769652131076,21:02:11.076,42.3478758,-71.0822874,12.3,-16.299999237060547,1.1412815,1769652130916
3010,789053440,1769652131405,21:02:11.405,42.3478758,-71.0822874,12.3,-16.299999237060547,1.1412815,1769652130916
3011,789315584,1769652131758,21:02:11.758,42.347921,-71.0823023,12.619,-16.299999237060547,0.9465021,1769652131442
3012,789577728,1769652132162,21:02:12.162,42.3479478,-71.0823074,12.614,-16.299999237060547,1.1093829,1769652132084
3013,789839872,1769652132672,21:02:12.672,42.347962,-71.0823082,12.622,-16.299999237060547,1.110932,1769652132577
3014,790102016,1769652133085,21:02:13.085,42.347962,-71.0823082,12.622,-16.299999237060547,1.110932,1769652132577
3015,790364160,1769652133460,21:02:13.460,42.3479736,-71.0823074,12.613,-16.299999237060547,1.1108807,1769652133181
3016,790626304,1769652133809,21:02:13.809,42.3479807,-71.0823055,12.61,-16.299999237060547,1.1286746,1769652133699
3017,790888448,1769652134160,21:02:14.160,42.3479807,-71.0823055,12.61,-16.299999237060547,1.1286746,1769652133699
3018,791150592,1769652134510,21:02:14.510,42.3479877,-71.0823034,12.615,-16.299999237060547,1.1301336,1769652134281
3019,791412736,1769652134869,21:02:14.869,42.3479912,-71.0823011,12.844,-16.299999237060547,1.1432997,1769652134780
3020,791674880,1769652135303,21:02:15.303,42.3479912,-71.0823011,12.844,-16.299999237060547,1.1432997,1769652134780
3021,791937024,1769652135688,21:02:15.688,42.3479941,-71.0822979,12.998,-16.299999237060547,1.1611116,1769652135378
3022,792199168,1769652136009,21:02:16.009,42.3479967,-71.0822951,13.455,-16.299999237060547,1.1710413,1769652135898
3023,792461312,1769652136350,21:02:16.350,42.3479967,-71.0822951,13.455,-16.299999237060547,1.1710413,1769652135898
3024,792723456,1769652136702,21:02:16.702,42.3479987,-71.0822915,14.247,-16.299999237060547,1.1787546,1769652136500
3025,792985600,1769652137056,21:02:17.056,42.3480006,-71.0822877,14.935,-16.299999237060547,1.1920873,1769652137037
3026,793247744,1769652137399,21:02:17.399,42.3480006,-71.0822877,14.935,-16.299999237060547,1.1920873,1769652137037
3027,793509888,1769652137783,21:02:17.783,42.3480007,-71.0822834,16.949,-16.299999237060547,1.1853021,1769652137615
3028,793772032,1769652138127,21:02:18.127,42.3480007,-71.0822834,16.949,-16.299999237060547,1.1853021,1769652137615
3029,794034176,1769652138479,21:02:18.479,42.3480006,-71.0822791,17.73,-16.299999237060547,1.1789231,1769652138141
3030,794296320,1769652138832,21:02:18.832,42.3479729,-71.0822555,19.077,-16.299999237060547,1.0799563,1769652138723
3031,794558464,1769652139327,21:02:19.327,42.3479507,-71.0822376,19.085,-16.299999237060547,1.1608163,1769652139241
3032,794820608,1769652140054,21:02:20.054,42.34793,-71.082222,20.233,-16.299999237060547,1.1721807,1769652139864
3033,795082752,1769652140500,21:02:20.500,42.3479107,-71.0822105,20.543,-16.299999237060547,1.1584669,1769652140415
3034,795344896,1769652140918,21:02:20.918,42.3479107,-71.0822105,20.543,-16.299999237060547,1.1584669,1769652140415
3035,795607040,1769652141348,21:02:21.348,42.347895,-71.0822004,20.847,-16.299999237060547,1.1670228,1769652140997
3036,795869184,1769652141844,21:02:21.844,42.3478797,-71.0821934,20.857,-16.299999237060547,1.1594167,1769652141497
3037,796131328,1769652142230,21:02:22.230,42.3478657,-71.082186,21.019,-16.299999237060547,1.1512197,1769652142125
3038,796393472,1769652142665,21:02:22.665,42.3478516,-71.0821823,21.055,-16.299999237060547,1.1586441,1769652142595
3039,796655616,1769652143042,21:02:23.042,42.3478516,-71.0821823,21.055,-16.299999237060547,1.1586441,1769652142595
3040,796917760,1769652143332,21:02:23.332,42.3478383,-71.0821777,20.465,-16.299999237060547,1.1520174,1769652143203
3041,797179904,1769652143687,21:02:23.687,42.3478383,-71.0821777,20.465,-16.299999237060547,1.1520174,1769652143203
3042,797442048,1769652144033,21:02:24.033,42.3478248,-71.0821759,20.575,-16.299999237060547,1.1816484,1769652143702
3043,797704192,1769652144393,21:02:24.393,42.3478118,-71.082173,21.171,-16.299999237060547,1.1894516,1769652144317
3044,797966336,1769652144748,21:02:24.748,42.3478118,-71.082173,21.171,-16.299999237060547,1.1894516,1769652144317
3045,798228480,1769652145095,21:02:25.095,42.3477992,-71.0821725,21.2,-16.299999237060547,1.1913797,1769652144783
3046,798490624,1769652145643,21:02:25.643,42.3477763,-71.0821737,21.188,-16.299999237060547,1.1934948,1769652145415
3047,798752768,1769652146106,21:02:26.106,42.347764,-71.0821735,20.92,-16.299999237060547,1.1927475,1769652145881
3048,799014912,1769652146464,21:02:26.464,42.347764,-71.0821735,20.92,-16.299999237060547,1.1927475,1769652145881
3049,799277056,1769652146831,21:02:26.831,42.3477508,-71.0821729,20.689,-16.299999237060547,1.2167677,1769652146477
3050,799539200,1769652147183,21:02:27.183,42.3477401,-71.0821725,20.478,-16.299999237060547,1.2123675,1769652146977
3051,799801344,1769652147554,21:02:27.554,42.3477401,-71.0821725,20.478,-16.299999237060547,1.2123675,1769652146977
3052,800063488,1769652147904,21:02:27.904,42.3477289,-71.0821722,20.195,-16.299999237060547,1.2324202,1769652147561
3053,800325632,1769652148378,21:02:28.378,42.3477193,-71.0821716,19.993,-16.299999237060547,1.234906,1769652148077
3054,800587776,1769652149031,21:02:29.031,42.3477089,-71.0821716,19.705,-16.299999237060547,1.2284094,1769652148654
3055,800849920,1769652149488,21:02:29.488,42.3476998,-71.0821714,19.501,-16.299999237060547,1.224811,1769652149183
3056,801112064,1769652149932,21:02:29.932,42.3476893,-71.0821729,19.2,-16.299999237060547,1.2405664,1769652149762
3057,801374208,1769652150451,21:02:30.451,42.3476805,-71.0821744,18.739,-16.299999237060547,1.2318517,1769652150256
3058,801636352,1769652151219,21:02:31.219,42.3476704,-71.0821762,18.865,-16.299999237060547,1.2404137,1769652150844
3059,801898496,1769652151824,21:02:31.824,42.3476609,-71.0821788,18.972,-16.299999237060547,1.2332057,1769652151411
3060,802160640,1769652152277,21:02:32.277,42.3476524,-71.0821807,19.112,-16.299999237060547,1.2338886,1769652151951
3061,802422784,1769652152867,21:02:32.867,42.3476398,-71.0821576,18.151,-16.299999237060547,1.2141489,1769652152459
3062,802684928,1769652153291,21:02:33.291,42.3476297,-71.082148,16.993,-16.299999237060547,1.2244749,1769652153100
3063,802947072,1769652153641,21:02:33.641,42.3476231,-71.0821425,16.212,-16.299999237060547,1.1872282,1769652153584
3064,803209216,1769652153997,21:02:33.997,42.3476231,-71.0821425,16.212,-16.299999237060547,1.1872282,1769652153584
3065,803471360,1769652154406,21:02:34.406,42.3476155,-71.0821383,14.813,-16.299999237060547,1.1921922,1769652154198
3066,803733504,1769652154792,21:02:34.792,42.3476089,-71.0821362,14.281,-16.299999237060547,1.1823375,1769652154718
3067,803995648,1769652155203,21:02:35.203,42.3476089,-71.0821362,14.281,-16.299999237060547,1.1823375,1769652154718
3068,804257792,1769652155563,21:02:35.563,42.3476006,-71.0821345,12.689,-16.299999237060547,1.174171,1769652155409
3069,804519936,1769652155944,21:02:35.944,42.3476006,-71.0821345,12.689,-16.299999237060547,1.174171,1769652155409
3070,804782080,1769652156290,21:02:36.290,42.3476006,-71.0821345,12.689,-16.299999237060547,1.174171,1769652155409
3071,805044224,1769652156668,21:02:36.668,42.3475881,-71.082131,10.646,-16.299999237060547,1.1707841,1769652156462
3072,805306368,1769652157011,21:02:37.011,42.3475822,-71.0821287,9.601,-16.299999237060547,1.1719167,1769652156982
3073,805568512,1769652157369,21:02:37.369,42.3475822,-71.0821287,9.601,-16.299999237060547,1.1719167,1769652156982
3074,805830656,1769652157719,21:02:37.719,42.3475759,-71.0821259,9.763,-16.299999237060547,1.1530284,1769652157577
3075,806092800,1769652158066,21:02:38.066,42.3475759,-71.0821259,9.763,-16.299999237060547,1.1530284,1769652157577
3076,806354944,1769652158412,21:02:38.412,42.3475703,-71.0821237,9.857,-16.299999237060547,1.163345,1769652158095
3077,806617088,1769652158765,21:02:38.765,42.3475635,-71.0821219,10.1,-16.299999237060547,1.1418842,1769652158700
3078,806879232,1769652159115,21:02:39.115,42.3475635,-71.0821219,10.1,-16.299999237060547,1.1418842,1769652158700
3079,807141376,1769652159466,21:02:39.466,42.3475622,-71.0821225,10.079,-16.299999237060547,1.1305078,1769652159220
3080,807403520,1769652159838,21:02:39.838,42.3475584,-71.0821224,9.984,-16.299999237060547,1.1260588,1769652159818
3081,807665664,1769652160190,21:02:40.190,42.3475584,-71.0821224,9.984,-16.299999237060547,1.1260588,1769652159818
3082,807927808,1769652160543,21:02:40.543,42.3475541,-71.0821219,9.868,-16.299999237060547,1.1241919,1769652160336
3083,808189952,1769652160896,21:02:40.896,42.3475541,-71.0821219,9.868,-16.299999237060547,1.1241919,1769652160336
3084,808452096,1769652161546,21:02:41.546,42.3475422,-71.0821212,9.679,-16.299999237060547,1.1470734,1769652161477
3085,808714240,1769652162028,21:02:42.028,42.3475422,-71.0821212,9.679,-16.299999237060547,1.1470734,1769652161477
3086,808976384,1769652162344,21:02:42.344,42.3475358,-71.0821199,9.579,-16.299999237060547,1.1505079,1769652162054
3087,809238528,1769652162773,21:02:42.773,42.3475301,-71.0821184,9.451,-16.299999237060547,1.1427854,1769652162584
3088,809500672,1769652163567,21:02:43.567,42.3475236,-71.0821165,9.319,-16.299999237060547,1.1386589,1769652163178
3089,809762816,1769652164179,21:02:44.179,42.3475179,-71.0821158,9.198,-16.299999237060547,1.1766982,1769652163680
3090,810024960,1769652164532,21:02:44.532,42.3475108,-71.0821145,9.169,-16.299999237060547,1.1675495,1769652164278
3091,810287104,1769652165362,21:02:45.362,42.347505,-71.0821142,9.239,-16.299999237060547,1.1856254,1769652164761
3092,810549248,1769652166011,21:02:46.011,42.3475081,-71.0821228,9.423,-16.399999618530273,1.1749256,1769652165903
3093,810811392,1769652166361,21:02:46.361,42.3475081,-71.0821228,9.423,-16.399999618530273,1.1749256,1769652165903
3094,811073536,1769652166712,21:02:46.712,42.3475121,-71.0821293,9.392,-16.399999618530273,1.1742725,1769652166484
3095,811335680,1769652167064,21:02:47.064,42.3475116,-71.0821329,9.319,-16.399999618530273,1.1664077,1769652167001
3096,811597824,1769652167410,21:02:47.410,42.3475116,-71.0821329,9.319,-16.399999618530273,1.1664077,1769652167001
3097,811859968,1769652167830,21:02:47.830,42.3475078,-71.0821351,9.277,-16.399999618530273,1.1425911,1769652167641
3098,812122112,1769652168396,21:02:48.396,42.3475043,-71.0821376,9.243,-16.399999618530273,1.1404903,1769652168116
3099,812384256,1769652168797,21:02:48.797,42.3475043,-71.0821376,9.243,-16.399999618530273,1.1404903,1769652168116
3100,812646400,1769652169153,21:02:49.153,42.3474979,-71.0821399,9.158,-16.399999618530273,1.1303713,1769652168781
3101,812908544,1769652170007,21:02:50.007,42.3474856,-71.0821426,9.011,-16.399999618530273,1.1387991,1769652169879
3102,813170688,1769652170637,21:02:50.637,42.3474785,-71.0821419,8.901,-16.399999618530273,1.1325419,1769652170437
3103,813432832,1769652170985,21:02:50.985,42.3474785,-71.0821419,8.901,-16.399999618530273,1.1325419,1769652170437
3104,813694976,1769652171575,21:02:51.575,42.3474714,-71.082141,8.869,-16.399999618530273,1.1425006,1769652171020
3105,813957120,1769652172271,21:02:52.271,42.3474576,-71.0821368,9.065,-16.399999618530273,1.1196557,1769652172163
3106,814219264,1769652172763,21:02:52.763,42.3474531,-71.0821354,9.109,-16.299999237060547,1.1429452,1769652172642
3107,814481408,1769652173156,21:02:53.156,42.3474531,-71.0821354,9.109,-16.299999237060547,1.1429452,1769652172642
3108,814743552,1769652173809,21:02:53.809,42.3474567,-71.082122,8.685,-16.299999237060547,1.1495175,1769652173779
3109,815005696,1769652174591,21:02:54.591,42.3474521,-71.082119,8.511,-16.299999237060547,1.1528262,1769652174341
3110,815267840,1769652175045,21:02:55.045,42.3474467,-71.0821159,8.444,-16.299999237060547,1.187934,1769652174878
3111,815529984,1769652175393,21:02:55.393,42.3474467,-71.0821159,8.444,-16.299999237060547,1.187934,1769652174878
3112,815792128,1769652175986,21:02:55.986,42.3474401,-71.0821126,8.264,-16.299999237060547,1.199919,1769652175499
3113,816054272,1769652176441,21:02:56.441,42.3474341,-71.0821101,8.239,-16.299999237060547,1.2147646,1769652176017
3114,816316416,1769652176826,21:02:56.826,42.3474273,-71.0821078,8.034,-16.299999237060547,1.1718112,1769652176598
3115,816578560,1769652177219,21:02:57.219,42.3474212,-71.0821056,8.06,-16.299999237060547,1.1628973,1769652177115
3116,816840704,1769652177557,21:02:57.557,42.3474212,-71.0821056,8.06,-16.299999237060547,1.1628973,1769652177115
3117,817102848,1769652177940,21:02:57.940,42.3474142,-71.0821037,7.895,-16.299999237060547,1.1779469,1769652177704
3118,817364992,1769652178495,21:02:58.495,42.3474079,-71.0821024,7.969,-16.299999237060547,1.1819464,1769652178221
3119,817627136,1769652179055,21:02:59.055,42.3474005,-71.082102,8.173,-16.299999237060547,1.2039952,1769652178819
3120,817889280,1769652179431,21:02:59.431,42.3473935,-71.082102,8.322,-16.299999237060547,1.19543,1769652179376
3121,818151424,1769652179926,21:02:59.926,42.3473935,-71.082102,8.322,-16.299999237060547,1.19543,1769652179376
3122,818413568,1769652180615,21:03:00.615,42.3473904,-71.0820926,8.323,-16.299999237060547,1.1725674,1769652180478
3123,818675712,1769652181279,21:03:01.279,42.3473852,-71.0820896,8.375,-16.299999237060547,1.1786847,1769652181100
3124,818937856,1769652181745,21:03:01.745,42.3473802,-71.082088,8.366,-16.299999237060547,1.1865997,1769652181601
3125,819200000,1769652182137,21:03:02.137,42.3473802,-71.082088,8.366,-16.299999237060547,1.1865997,1769652181601
3126,819462144,1769652182657,21:03:02.657,42.3473739,-71.0820861,8.365,-16.299999237060547,1.1864175,1769652182183
3127,819724288,1769652183474,21:03:03.474,42.3473606,-71.0820833,8.406,-16.299999237060547,1.1922596,1769652183324
3128,819986432,1769652183938,21:03:03.938,42.3473546,-71.0820813,8.418,-16.299999237060547,1.1982353,1769652183841
3129,820248576,1769652184733,21:03:04.733,42.3473477,-71.0820788,8.329,-16.299999237060547,1.2019942,1769652184420
3130,820510720,1769652185274,21:03:05.274,42.3473411,-71.0820763,8.504,-16.299999237060547,1.2046769,1769652184956
3131,820772864,1769652185623,21:03:05.623,42.3473337,-71.0820729,8.685,-16.299999237060547,1.1922848,1769652185589
3132,821035008,1769652185963,21:03:05.963,42.3473337,-71.0820729,8.685,-16.299999237060547,1.1922848,1769652185589
3133,821297152,1769652186281,21:03:06.281,42.3473279,-71.0820698,8.774,-16.299999237060547,1.1979212,1769652186089
3134,821559296,1769652186601,21:03:06.601,42.3473279,-71.0820698,8.774,-16.299999237060547,1.1979212,1769652186089
3135,821821440,1769652186950,21:03:06.950,42.3473316,-71.0820572,8.957,-16.399999618530273,1.1558701,1769652186703
3136,822083584,1769652187369,21:03:07.369,42.3473332,-71.0820476,8.954,-16.399999618530273,1.1614145,1769652187232
3137,822345728,1769652187772,21:03:07.772,42.3473332,-71.0820476,8.954,-16.399999618530273,1.1614145,1769652187232
3138,822607872,1769652188150,21:03:08.150,42.3473306,-71.0820395,8.963,-16.399999618530273,1.1632918,1769652187828
3139,822870016,1769652188555,21:03:08.555,42.3473264,-71.0820332,8.981,-16.399999618530273,1.1700642,1769652188402
3140,823132160,1769652188919,21:03:08.919,42.3473264,-71.0820332,8.981,-16.399999618530273,1.1700642,1769652188402
3141,823394304,1769652189287,21:03:09.287,42.3473218,-71.0820279,9.02,-16.399999618530273,1.156964,1769652188950
3142,823656448,1769652189695,21:03:09.695,42.3473166,-71.0820231,9.069,-16.399999618530273,1.1726573,1769652189468
3143,823918592,1769652190138,21:03:10.138,42.3473102,-71.0820175,9.119,-16.399999618530273,1.1715404,1769652190109
3144,824180736,1769652190617,21:03:10.617,42.3473042,-71.0820138,9.159,-16.399999618530273,1.1945002,1769652190613
3145,824442880,1769652191040,21:03:11.040,42.3473042,-71.0820138,9.159,-16.399999618530273,1.1945002,1769652190613
3146,824705024,1769652191446,21:03:11.446,42.3472977,-71.0820107,9.198,-16.399999618530273,1.1860899,1769652191164
3147,824967168,1769652191860,21:03:11.860,42.3472912,-71.082008,9.23,-16.399999618530273,1.2017728,1769652191691
3148,825229312,1769652192232,21:03:12.232,42.3472912,-71.082008,9.23,-16.399999618530273,1.2017728,1769652191691
3149,825491456,1769652192585,21:03:12.585,42.3472841,-71.0820043,9.597,-16.399999618530273,1.1911751,1769652192307
3150,825753600,1769652192972,21:03:12.972,42.3472778,-71.0820023,9.686,-16.399999618530273,1.2068553,1769652192825
3151,826015744,1769652193320,21:03:13.320,42.3472778,-71.0820023,9.686,-16.399999618530273,1.2068553,1769652192825
3152,826277888,1769652193670,21:03:13.670,42.347272,-71.0820003,9.878,-16.299999237060547,1.1929877,1769652193390
3153,826540032,1769652194051,21:03:14.051,42.3472845,-71.0819849,9.783,-16.299999237060547,1.2076457,1769652193991
3154,826802176,1769652194371,21:03:14.371,42.3472845,-71.0819849,9.783,-16.299999237060547,1.2076457,1769652193991
3155,827064320,1769652194736,21:03:14.736,42.347283,-71.0819788,9.752,-16.299999237060547,1.1946737,1769652194606
3156,827326464,1769652195148,21:03:15.148,42.3472803,-71.0819744,9.726,-16.299999237060547,1.2006484,1769652195126
3157,827588608,1769652195536,21:03:15.536,42.3472803,-71.0819744,9.726,-16.299999237060547,1.2006484,1769652195126
3158,827850752,1769652195911,21:03:15.911,42.3472754,-71.0819705,9.705,-16.299999237060547,1.1706802,1769652195728
3159,828112896,1769652196263,21:03:16.263,42.3472754,-71.0819705,9.705,-16.299999237060547,1.1706802,1769652195728
3160,828375040,1769652196614,21:03:16.614,42.3472709,-71.0819667,9.685,-16.299999237060547,1.1661165,1769652196266
3161,828637184,1769652196962,21:03:16.962,42.3472648,-71.0819623,9.659,-16.299999237060547,1.1563792,1769652196904
3162,828899328,1769652197313,21:03:17.313,42.3472648,-71.0819623,9.659,-16.299999237060547,1.1563792,1769652196904
3163,829161472,1769652197662,21:03:17.662,42.3472601,-71.0819592,9.621,-16.299999237060547,1.170013,1769652197387
3164,829423616,1769652198079,21:03:18.079,42.3472548,-71.0819541,9.603,-16.299999237060547,1.1672078,1769652197985
3165,829685760,1769652198616,21:03:18.616,42.3472499,-71.0819507,9.675,-16.299999237060547,1.16414,1769652198485
3166,829947904,1769652198966,21:03:18.966,42.3472499,-71.0819507,9.675,-16.299999237060547,1.16414,1769652198485
3167,830210048,1769652199510,21:03:19.510,42.3472442,-71.0819453,9.864,-16.299999237060547,1.1620152,1769652199116
3168,830472192,1769652199958,21:03:19.958,42.3472389,-71.0819419,10.043,-16.299999237060547,1.1599133,1769652199625
3169,830734336,1769652200697,21:03:20.697,42.3472325,-71.0819374,10.226,-16.299999237060547,1.1533425,1769652200265
3170,830996480,1769652201747,21:03:21.747,42.3472483,-71.0818847,10.468,-16.399999618530273,1.1626768,1769652201430
3171,831258624,1769652202770,21:03:22.770,42.3472477,-71.0818571,10.739,-16.399999618530273,1.1413791,1769652202550
3172,831520768,1769652203590,21:03:23.590,42.3472448,-71.0818489,10.867,-16.399999618530273,1.1473993,1769652203050
3173,831782912,1769652204274,21:03:24.274,42.3472333,-71.0818377,11.132,-16.399999618530273,1.1220819,1769652204209
3174,832045056,1769652205117,21:03:25.117,42.3472255,-71.0818335,11.227,-16.399999618530273,1.1105152,1769652204866
3175,832307200,1769652205654,21:03:25.654,42.3472187,-71.0818312,11.273,-16.399999618530273,1.1053795,1769652205362
3176,832569344,1769652206011,21:03:26.011,42.3472187,-71.0818312,11.273,-16.399999618530273,1.1053795,1769652205362
3177,832831488,1769652206355,21:03:26.355,42.3472107,-71.0818289,11.396,-16.399999618530273,1.0953753,1769652206007
3178,833093632,1769652206706,21:03:26.706,42.3472046,-71.0818274,11.468,-16.399999618530273,1.0756198,1769652206488
3179,833355776,1769652207066,21:03:27.066,42.3472046,-71.0818274,11.468,-16.399999618530273,1.0756198,1769652206488
3180,833617920,1769652207600,21:03:27.600,42.3471971,-71.0818243,11.54,-16.399999618530273,1.0777514,1769652207164
3181,833880064,1769652207942,21:03:27.942,42.3471855,-71.0818377,11.26,-16.299999237060547,1.0892768,1769652207728
3182,834142208,1769652208408,21:03:28.408,42.3471772,-71.0818436,10.952,-16.299999237060547,1.0875764,1769652208350
3183,834404352,1769652209123,21:03:29.123,42.3471706,-71.0818466,10.652,-16.299999237060547,1.0742071,1769652208873
3184,834666496,1769652209577,21:03:29.577,42.3471633,-71.0818477,10.329,-16.299999237060547,1.0491524,1769652209544
3185,834928640,1769652210299,21:03:30.299,42.3471577,-71.0818474,10.039,-16.299999237060547,1.047063,1769652210072
3186,835190784,1769652210632,21:03:30.632,42.3471577,-71.0818474,10.039,-16.299999237060547,1.047063,1769652210072
3187,835452928,1769652211355,21:03:31.355,42.3471462,-71.0818438,9.52,-16.299999237060547,1.032806,1769652211246
3188,835715072,1769652212083,21:03:32.083,42.3471395,-71.0818405,9.308,-16.299999237060547,1.0419668,1769652211929
3189,835977216,1769652212567,21:03:32.567,42.3471341,-71.0818384,8.809,-16.299999237060547,1.0556327,1769652212449
3190,836239360,1769652212916,21:03:32.916,42.3471341,-71.0818384,8.809,-16.299999237060547,1.0556327,1769652212449
3191,836501504,1769652213270,21:03:33.270,42.3471275,-71.0818359,8.996,-16.299999237060547,1.0562389,1769652213088
3192,836763648,1769652213811,21:03:33.811,42.347122,-71.0818345,9.182,-16.299999237060547,1.0514781,1769652213609
3193,837025792,1769652214503,21:03:34.503,42.3471174,-71.0818337,9.384,-16.399999618530273,1.0512433,1769652214138
3194,837287936,1769652214852,21:03:34.852,42.3471096,-71.0818312,9.381,-16.399999618530273,1.0605686,1769652214791
3195,837550080,1769652215630,21:03:35.630,42.347103,-71.0818293,9.436,-16.399999618530273,1.0588543,1769652215449
3196,837812224,1769652216197,21:03:36.197,42.3470978,-71.0818274,9.478,-16.399999618530273,1.0516465,1769652215966
3197,838074368,1769652216810,21:03:36.810,42.3470909,-71.0818263,9.524,-16.399999618530273,1.043564,1769652216623
3198,838336512,1769652217163,21:03:37.163,42.3470853,-71.0818261,9.562,-16.399999618530273,1.0449457,1769652217151
3199,838598656,1769652217549,21:03:37.549,42.3470853,-71.0818261,9.562,-16.399999618530273,1.0449457,1769652217151
3200,838860800,1769652218114,21:03:38.114,42.3470781,-71.0818265,9.584,-16.399999618530273,1.0480058,1769652217852
3201,839122944,1769652218594,21:03:38.594,42.3470722,-71.0818275,9.611,-16.399999618530273,1.044691,1769652218411
3202,839385088,1769652219026,21:03:39.026,42.3470722,-71.0818275,9.611,-16.399999618530273,1.044691,1769652218411
3203,839647232,1769652219380,21:03:39.380,42.3470657,-71.0818278,9.574,-16.399999618530273,1.0417469,1769652219026
3204,839909376,1769652219733,21:03:39.733,42.3470607,-71.0818283,9.733,-16.399999618530273,1.0527196,1769652219527
3205,840171520,1769652220083,21:03:40.083,42.3470607,-71.0818283,9.733,-16.399999618530273,1.0527196,1769652219527
3206,840433664,1769652220567,21:03:40.567,42.347054,-71.0818282,9.907,-16.399999618530273,1.0604345,1769652220184
3207,840695808,1769652221102,21:03:41.102,42.3470482,-71.0818284,10.05,-16.399999618530273,1.0935887,1769652220686
3208,840957952,1769652221453,21:03:41.453,42.347044,-71.0818284,10.198,-16.299999237060547,1.0815765,1769652221193
3209,841220096,1769652221826,21:03:41.826,42.347044,-71.0818284,10.198,-16.299999237060547,1.0815765,1769652221193
3210,841482240,1769652222241,21:03:42.241,42.3470347,-71.0818256,10.251,-16.299999237060547,1.0441562,1769652221906
3211,841744384,1769652222670,21:03:42.670,42.3470276,-71.0818242,10.31,-16.299999237060547,1.0592544,1769652222590
3212,842006528,1769652223067,21:03:43.067,42.3470276,-71.0818242,10.31,-16.299999237060547,1.0592544,1769652222590
3213,842268672,1769652223447,21:03:43.447,42.3470224,-71.0818234,10.361,-16.299999237060547,1.0674738,1769652223065
3214,842530816,1769652223805,21:03:43.805,42.3470149,-71.0818222,10.401,-16.299999237060547,1.0624722,1769652223748
3215,842792960,1769652224160,21:03:44.160,42.3470149,-71.0818222,10.401,-16.299999237060547,1.0624722,1769652223748
3216,843055104,1769652224510,21:03:44.510,42.3470094,-71.0818208,10.438,-16.299999237060547,1.0705801,1769652224249
3217,843317248,1769652224876,21:03:44.876,42.3470094,-71.0818208,10.438,-16.299999237060547,1.0705801,1769652224249
3218,843579392,1769652225238,21:03:45.238,42.3470021,-71.0818193,10.495,-16.299999237060547,1.0506519,1769652224922
3219,843841536,1769652225685,21:03:45.685,42.3469972,-71.0818181,10.527,-16.299999237060547,1.0406852,1769652225424
3220,844103680,1769652226098,21:03:46.098,42.3469972,-71.0818181,10.527,-16.299999237060547,1.0406852,1769652225424
3221,844365824,1769652226434,21:03:46.434,42.3469912,-71.081816,10.574,-16.299999237060547,1.042274,1769652226045
3222,844627968,1769652226786,21:03:46.786,42.3469859,-71.0818149,10.715,-16.299999237060547,1.0192258,1769652226582
3223,844890112,1769652227134,21:03:47.134,42.3469859,-71.0818149,10.715,-16.299999237060547,1.0192258,1769652226582
3224,845152256,1769652227484,21:03:47.484,42.3469795,-71.0818144,10.866,-16.299999237060547,1.0160393,1769652227237
3225,845414400,1769652227834,21:03:47.834,42.3469795,-71.0818144,10.866,-16.299999237060547,1.0160393,1769652227237
3226,845676544,1769652228186,21:03:48.186,42.3469727,-71.0818135,11.032,-16.299999237060547,0.98369455,1769652227992
3227,845938688,1769652228539,21:03:48.539,42.3469727,-71.0818135,11.032,-16.299999237060547,0.98369455,1769652227992
3228,846200832,1769652228888,21:03:48.888,42.3469799,-71.0818128,10.956,-16.299999237060547,0.870859,1769652228668
3229,846462976,1769652229234,21:03:49.234,42.3469799,-71.0818128,10.956,-16.299999237060547,0.870859,1769652228668
3230,846725120,1769652229589,21:03:49.589,42.346983,-71.0818097,10.803,-16.299999237060547,0.87122285,1769652229305
3231,846987264,1769652229940,21:03:49.940,42.3469833,-71.0818069,10.614,-16.299999237060547,0.8785545,1769652229886
3232,847249408,1769652230290,21:03:50.290,42.3469833,-71.0818069,10.614,-16.299999237060547,0.8785545,1769652229886
3233,847511552,1769652230648,21:03:50.648,42.3469808,-71.0818053,10.389,-16.299999237060547,0.9181302,1769652230489
3234,847773696,1769652231177,21:03:51.177,42.3469769,-71.0818045,10.183,-16.299999237060547,0.92210233,1769652231094
3235,848035840,1769652231638,21:03:51.638,42.3469728,-71.0818033,9.97,-16.299999237060547,0.93541026,1769652231592
3236,848297984,1769652232001,21:03:52.001,42.3469728,-71.0818033,9.97,-16.299999237060547,0.93541026,1769652231592
3237,848560128,1769652232376,21:03:52.376,42.3469664,-71.0818013,9.754,-16.299999237060547,0.9388272,1769652232305
3238,848822272,1769652232799,21:03:52.799,42.3469664,-71.0818013,9.754,-16.299999237060547,0.9388272,1769652232305
3239,849084416,1769652233203,21:03:53.203,42.3469616,-71.0817995,9.749,-16.299999237060547,0.9514738,1769652232808
3240,849346560,1769652233645,21:03:53.645,42.3469545,-71.0817983,9.313,-16.299999237060547,0.97449476,1769652233509
3241,849608704,1769652233989,21:03:53.989,42.3469545,-71.0817983,9.313,-16.299999237060547,0.97449476,1769652233509
3242,849870848,1769652234359,21:03:54.359,42.3469493,-71.0817978,9.455,-16.299999237060547,0.97513956,1769652233983
3243,850132992,1769652234806,21:03:54.806,42.3469418,-71.0817971,9.594,-16.299999237060547,0.9819389,1769652234709
3244,850395136,1769652235404,21:03:55.404,42.3469396,-71.0818049,9.733,-16.299999237060547,0.98111975,1769652235209
3245,850657280,1769652235846,21:03:55.846,42.3469396,-71.0818049,9.733,-16.299999237060547,0.98111975,1769652235209
3246,850919424,1769652236181,21:03:56.181,42.3469362,-71.0818107,9.794,-16.299999237060547,0.98873985,1769652235885
3247,851181568,1769652236602,21:03:56.602,42.346933,-71.0818145,9.854,-16.299999237060547,0.95807123,1769652236429
3248,851443712,1769652237022,21:03:57.022,42.346933,-71.0818145,9.854,-16.299999237060547,0.95807123,1769652236429
3249,851705856,1769652237648,21:03:57.648,42.3469271,-71.081817,9.929,-16.299999237060547,0.94859886,1769652237208
3250,851968000,1769652238273,21:03:58.273,42.3469231,-71.081818,10.003,-16.299999237060547,0.94375575,1769652237728
3251,852230144,1769652238800,21:03:58.800,42.346917,-71.0818187,10.093,-16.299999237060547,0.9678472,1769652238443
3252,852492288,1769652239242,21:03:59.242,42.3469123,-71.0818194,10.18,-16.299999237060547,0.9651827,1769652238972
3253,852754432,1769652239929,21:03:59.929,42.3469061,-71.0818202,10.267,-16.299999237060547,0.9864101,1769652239645
3254,853016576,1769652240593,21:04:00.593,42.3469015,-71.0818207,10.356,-16.299999237060547,0.98490125,1769652240129
3255,853278720,1769652241045,21:04:01.045,42.3468937,-71.0818208,10.563,-16.299999237060547,1.0045049,1769652240833
3256,853540864,1769652241509,21:04:01.509,42.3468881,-71.0818208,10.771,-16.299999237060547,1.0111841,1769652241331
3257,853803008,1769652241980,21:04:01.980,42.3468881,-71.0818208,10.771,-16.299999237060547,1.0111841,1769652241331
3258,854065152,1769652242478,21:04:02.478,42.3468812,-71.0818217,10.993,-16.299999237060547,1.0101341,1769652242008
3259,854327296,1769652242847,21:04:02.847,42.3468807,-71.0818056,11.171,-16.5,1.0271821,1769652242523
3260,854589440,1769652243254,21:04:03.254,42.3468807,-71.0818056,11.171,-16.5,1.0271821,1769652242523
3261,854851584,1769652243734,21:04:03.734,42.3468778,-71.081795,11.27,-16.5,1.0173625,1769652243250
3262,855113728,1769652244206,21:04:04.206,42.3468743,-71.0817898,11.377,-16.5,0.99876946,1769652243890
3263,855375872,1769652244552,21:04:04.552,42.3468701,-71.0817881,11.477,-16.5,0.9732236,1769652244546
3264,855638016,1769652244891,21:04:04.891,42.3468701,-71.0817881,11.477,-16.5,0.9732236,1769652244546
3265,855900160,1769652245242,21:04:05.242,42.3468666,-71.081788,11.574,-16.5,0.9637396,1769652245067
3266,856162304,1769652245593,21:04:05.593,42.3468666,-71.081788,11.574,-16.5,0.9637396,1769652245067
3267,856424448,1769652246155,21:04:06.155,42.3468612,-71.0817914,11.661,-16.5,0.9780028,1769652245809
3268,856686592,1769652246775,21:04:06.775,42.3468573,-71.0817945,11.744,-16.5,0.982209,1769652246328
3269,856948736,1769652247339,21:04:07.339,42.3468518,-71.0817996,11.802,-16.5,0.9905096,1769652247027
3270,857210880,1769652247887,21:04:07.887,42.3468474,-71.081804,11.978,-16.5,1.0118523,1769652247555
3271,857473024,1769652248861,21:04:08.861,42.3468372,-71.0818134,12.215,-16.5,1.0175492,1769652248783
3272,857735168,1769652249701,21:04:09.701,42.3468305,-71.0818192,12.417,-16.399999618530273,1.0355871,1769652249517
3273,857997312,1769652250414,21:04:10.414,42.3468259,-71.0818234,12.551,-16.399999618530273,1.0397437,1769652250063
3274,858259456,1769652250969,21:04:10.969,42.3468196,-71.0818277,12.656,-16.399999618530273,1.0434344,1769652250780
3275,858521600,1769652251432,21:04:11.432,42.346815,-71.0818311,12.78,-16.399999618530273,1.043531,1769652251304
3276,858783744,1769652251853,21:04:11.853,42.346815,-71.0818311,12.78,-16.399999618530273,1.043531,1769652251304
3277,859045888,1769652252198,21:04:12.198,42.3468087,-71.0818344,12.893,-16.399999618530273,1.0253941,1769652252017
3278,859308032,1769652252567,21:04:12.567,42.3468037,-71.0818368,13.026,-16.399999618530273,1.0100318,1769652252535
3279,859570176,1769652253282,21:04:13.282,42.3468037,-71.0818368,13.026,-16.399999618530273,1.0100318,1769652252535
3280,859832320,1769652253847,21:04:13.847,42.3467922,-71.0818447,13.3,-16.399999618530273,1.0163269,1769652253762
3281,860094464,1769652254304,21:04:14.304,42.3467922,-71.0818447,13.3,-16.399999618530273,1.0163269,1769652253762
3282,860356608,1769652254655,21:04:14.655,42.3467856,-71.0818498,13.461,-16.399999618530273,1.0204409,1769652254479
3283,860618752,1769652255201,21:04:15.201,42.3467807,-71.0818531,13.591,-16.399999618530273,1.012592,1769652255000
3284,860880896,1769652255547,21:04:15.547,42.3467807,-71.0818531,13.591,-16.399999618530273,1.012592,1769652255000
3285,861143040,1769652256047,21:04:16.047,42.3467742,-71.0818575,13.725,-16.399999618530273,0.9940071,1769652255744
3286,861405184,1769652256832,21:04:16.832,42.3468049,-71.0817951,15.005,-16.799999237060547,1.184963,1769652256282
3287,861667328,1769652257637,21:04:17.637,42.3468773,-71.0816466,17.425,-16.799999237060547,0.8725646,1769652257498
3288,861929472,1769652258254,21:04:18.254,42.3469106,-71.0815816,18.65,-16.799999237060547,0.8410515,1769652258215
3289,862191616,1769652259007,21:04:19.007,42.3469387,-71.0815279,19.852,-16.799999237060547,0.9104388,1769652258743
3290,862453760,1769652259611,21:04:19.611,42.3469603,-71.0814809,21.901,-16.799999237060547,0.99093235,1769652259502
3291,862715904,1769652260772,21:04:20.772,42.3469915,-71.0814102,23.607,-16.799999237060547,1.0049313,1769652260743
3292,862978048,1769652261395,21:04:21.395,42.3470026,-71.0813844,26.006,-16.799999237060547,1.009935,1769652261240
3293,863240192,1769652262017,21:04:22.017,42.3470083,-71.0813632,26.276,-16.799999237060547,1.014646,1769652262003
3294,863502336,1769652262633,21:04:22.633,42.3470129,-71.0813457,26.258,-16.799999237060547,0.98342705,1769652262509
3295,863764480,1769652263253,21:04:23.253,42.3469585,-71.0814056,26.382,-16.5,1.1634896,1769652263237
3296,864026624,1769652263874,21:04:23.874,42.3469041,-71.0814683,26.399,-16.5,1.0623283,1769652263740
3297,864288768,1769652264494,21:04:24.494,42.3469041,-71.0814683,26.399,-16.5,1.0623283,1769652263740
3298,864550912,1769652265113,21:04:25.113,42.346814,-71.0815729,26.532,-16.5,0.8953627,1769652265018
3299,864813056,1769652265740,21:04:25.740,42.346814,-71.0815729,26.532,-16.5,0.8953627,1769652265018
3300,865075200,1769652266090,21:04:26.090,42.3467763,-71.081618,26.54,-16.5,0.93347543,1769652265762
3301,865337344,1769652266440,21:04:26.440,42.3467472,-71.0816544,26.55,-16.5,0.9564257,1769652266297
3302,865599488,1769652266792,21:04:26.792,42.3467472,-71.0816544,26.55,-16.5,0.9564257,1769652266297
3303,865861632,1769652267142,21:04:27.142,42.3467201,-71.0816868,26.647,-16.5,0.97840816,1769652267041
3304,866123776,1769652267856,21:04:27.856,42.346697,-71.0817132,26.744,-16.5,0.9938418,1769652267559
3305,866385920,1769652268256,21:04:28.256,42.346697,-71.0817132,26.744,-16.5,0.9938418,1769652267559
3306,866648064,1769652268675,21:04:28.675,42.3466765,-71.0817353,26.79,-16.5,1.003437,1769652268277
3307,866910208,1769652269060,21:04:29.060,42.3466585,-71.0817533,26.725,-16.5,1.0021931,1769652268822
3308,867172352,1769652269559,21:04:29.559,42.3466585,-71.0817533,26.725,-16.5,1.0021931,1769652268822
3309,867434496,1769652270114,21:04:30.114,42.3466258,-71.0818037,25.312,-16.5,0.9803192,1769652270103
3310,867696640,1769652270759,21:04:30.759,42.3466258,-71.0818037,25.312,-16.5,0.9803192,1769652270103
3311,867958784,1769652271948,21:04:31.948,42.3466124,-71.0818329,23.041,-16.5,0.95579094,1769652271418
3312,868220928,1769652273095,21:04:33.095,42.3466002,-71.0818488,20.857,-16.5,0.9643706,1769652272695
3313,868483072,1769652273960,21:04:33.960,42.3465927,-71.081855,19.77,-16.5,0.93600255,1769652273482
3314,868745216,1769652274929,21:04:34.929,42.3465808,-71.0818647,16.909,-16.5,0.9193502,1769652274796
3315,869007360,1769652275623,21:04:35.623,42.3465765,-71.0818689,17.082,-16.5,0.92255795,1769652275316
3316,869269504,1769652276200,21:04:36.200,42.3465706,-71.0818736,17.245,-16.5,0.919101,1769652276042
3317,869531648,1769652276812,21:04:36.812,42.3465661,-71.081876,17.364,-16.5,0.9277301,1769652276543
3318,869793792,1769652277420,21:04:37.420,42.3465613,-71.0818859,16.876,-16.399999618530273,0.945197,1769652277321
3319,870055936,1769652278032,21:04:38.032,42.3465581,-71.0818918,16.375,-16.399999618530273,0.9711501,1769652277841
3320,870318080,1769652278647,21:04:38.647,42.3465526,-71.0818978,15.885,-16.399999618530273,0.9816845,1769652278521
3321,870580224,1769652279262,21:04:39.262,42.3465478,-71.0819024,15.388,-16.399999618530273,0.98563915,1769652279075
3322,870842368,1769652279867,21:04:39.867,42.346541,-71.0819078,14.906,-16.399999618530273,0.97462,1769652279818
3323,871104512,1769652280475,21:04:40.475,42.3465362,-71.0819113,14.425,-16.399999618530273,0.96771085,1769652280337
3324,871366656,1769652280975,21:04:40.975,42.3465362,-71.0819113,14.425,-16.399999618530273,0.96771085,1769652280337
3325,871628800,1769652281283,21:04:41.283,42.34653,-71.0819152,14.336,-16.399999618530273,0.98484915,1769652281040
3326,871890944,1769652281634,21:04:41.634,42.346525,-71.0819176,13.018,-16.399999618530273,0.98961264,1769652281556
3327,872153088,1769652281986,21:04:41.986,42.346525,-71.0819176,13.018,-16.399999618530273,0.98961264,1769652281556
3328,872415232,1769652282336,21:04:42.336,42.3465186,-71.0819222,13.116,-16.399999618530273,1.0047668,1769652282282
3329,872677376,1769652283035,21:04:43.035,42.346514,-71.0819256,13.288,-16.399999618530273,1.0068216,1769652282776
3330,872939520,1769652283689,21:04:43.689,42.3465087,-71.0819287,13.479,-16.5,1.0062299,1769652283438
3331,873201664,1769652284149,21:04:44.149,42.3465167,-71.0819157,13.46,-16.5,0.9975653,1769652284003
3332,873463808,1769652284500,21:04:44.500,42.3465167,-71.0819157,13.46,-16.5,0.9975653,1769652284003
3333,873725952,1769652284960,21:04:44.960,42.3465149,-71.0819141,13.495,-16.5,1.0132369,1769652284694
3334,873988096,1769652285357,21:04:45.357,42.3465136,-71.0819131,13.518,-16.5,1.0247148,1769652285161
3335,874250240,1769652285756,21:04:45.756,42.3465136,-71.0819131,13.518,-16.5,1.0247148,1769652285161
3336,874512384,1769652286207,21:04:46.207,42.3465088,-71.0819132,13.54,-16.5,1.0466403,1769652285862
3337,874774528,1769652286768,21:04:46.768,42.3465042,-71.081914,13.544,-16.5,1.0612363,1769652286421
3338,875036672,1769652287729,21:04:47.729,42.3464948,-71.0819189,13.535,-16.5,1.0412735,1769652287521
3339,875298816,1769652288096,21:04:48.096,42.3464948,-71.0819189,13.535,-16.5,1.0412735,1769652287521
3340,875560960,1769652288584,21:04:48.584,42.3464887,-71.0819235,13.537,-16.5,1.0474505,1769652288222
3341,875823104,1769652288938,21:04:48.938,42.346484,-71.0819268,13.589,-16.5,1.0673394,1769652288724
3342,876085248,1769652289303,21:04:49.303,42.346484,-71.0819268,13.589,-16.5,1.0673394,1769652288724
3343,876347392,1769652290013,21:04:50.013,42.3464735,-71.0819344,13.853,-16.5,1.0919784,1769652289881
3344,876609536,1769652290464,21:04:50.464,42.3464735,-71.0819344,13.853,-16.5,1.0919784,1769652289881
3345,876871680,1769652290989,21:04:50.989,42.346472,-71.0819169,13.69,-16.5,1.0975343,1769652290556
3346,877133824,1769652291821,21:04:51.821,42.3464665,-71.0819011,13.204,-16.5,1.1035807,1769652291723
3347,877395968,1769652292481,21:04:52.481,42.3464633,-71.0818983,12.956,-16.5,1.1040436,1769652292198
3348,877658112,1769652293011,21:04:53.011,42.3464576,-71.0818989,12.735,-16.5,1.1095352,1769652292882
3349,877920256,1769652293601,21:04:53.601,42.3464526,-71.0819,12.538,-16.5,1.110103,1769652293432
3350,878182400,1769652294261,21:04:54.261,42.346447,-71.0819023,12.343,-16.5,1.1107134,1769652294023
3351,878444544,1769652294848,21:04:54.848,42.3464421,-71.0819038,12.16,-16.5,1.1049029,1769652294515
3352,878706688,1769652295373,21:04:55.373,42.3464355,-71.0819062,11.693,-16.5,1.0943997,1769652295181
3353,878968832,1769652295739,21:04:55.739,42.3464307,-71.0819077,11.871,-16.5,1.0928086,1769652295682
3354,879230976,1769652296312,21:04:56.312,42.3464307,-71.0819077,11.871,-16.5,1.0928086,1769652295682
3355,879493120,1769652296913,21:04:56.913,42.3464193,-71.0819111,12.266,-16.5,1.1111104,1769652296841
3356,879755264,1769652297506,21:04:57.506,42.3464193,-71.0818935,12.097,-16.399999618530273,1.103924,1769652297456
3357,880017408,1769652298075,21:04:58.075,42.3464171,-71.0818854,11.842,-16.399999618530273,1.0967897,1769652297986
3358,880279552,1769652298675,21:04:58.675,42.3464126,-71.0818822,11.555,-16.399999618530273,1.0749464,1769652298638
3359,880541696,1769652299281,21:04:59.281,42.3464088,-71.0818816,11.268,-16.399999618530273,1.0793077,1769652299129
3360,880803840,1769652299866,21:04:59.866,42.3464026,-71.0818827,10.96,-16.399999618530273,1.0578417,1769652299814
3361,881065984,1769652300440,21:05:00.440,42.3463982,-71.0818831,10.648,-16.399999618530273,1.0523787,1769652300300
3362,881328128,1769652300960,21:05:00.960,42.3463982,-71.0818831,10.648,-16.399999618530273,1.0523787,1769652300300
3363,881590272,1769652301364,21:05:01.364,42.3463925,-71.0818846,10.336,-16.399999618530273,1.0538595,1769652300982
3364,881852416,1769652301751,21:05:01.751,42.3463881,-71.0818862,10.008,-16.399999618530273,1.0761381,1769652301476
3365,882114560,1769652302228,21:05:02.228,42.3463815,-71.0818884,9.333,-16.399999618530273,1.0821398,1769652302142
3366,882376704,1769652302626,21:05:02.626,42.3463815,-71.0818884,9.333,-16.399999618530273,1.0821398,1769652302142
3367,882638848,1769652303100,21:05:03.100,42.3463765,-71.0818907,9.484,-16.399999618530273,1.0954903,1769652302644
3368,882900992,1769652303451,21:05:03.451,42.3463686,-71.0818941,9.65,-16.399999618530273,1.0861704,1769652303359
3369,883163136,1769652303892,21:05:03.892,42.3463635,-71.0818969,9.821,-16.399999618530273,1.0927715,1769652303837
3370,883425280,1769652304381,21:05:04.381,42.3463635,-71.0818969,9.821,-16.399999618530273,1.0927715,1769652303837
3371,883687424,1769652304782,21:05:04.782,42.3463559,-71.0819014,10.062,-16.5,1.0603696,1769652304536
3372,883949568,1769652305295,21:05:05.295,42.3463506,-71.0819047,10.24,-16.5,1.0585461,1769652305122
3373,884211712,1769652305796,21:05:05.796,42.3463449,-71.081909,10.415,-16.5,1.0438482,1769652305780
3374,884473856,1769652306137,21:05:06.137,42.3463449,-71.081909,10.415,-16.5,1.0438482,1769652305780
3375,884736000,1769652306488,21:05:06.488,42.3463407,-71.081912,10.614,-16.5,1.034587,1769652306255
3376,884998144,1769652306915,21:05:06.915,42.3463345,-71.0819164,10.816,-16.5,1.034023,1769652306897
3377,885260288,1769652307394,21:05:07.394,42.3463345,-71.0819164,10.816,-16.5,1.034023,1769652306897
3378,885522432,1769652307795,21:05:07.795,42.3463292,-71.0819199,11.003,-16.5,1.0485708,1769652307399
3379,885784576,1769652308176,21:05:08.176,42.3463223,-71.0819236,11.19,-16.5,1.048714,1769652308082
3380,886046720,1769652308649,21:05:08.649,42.3463173,-71.0819268,11.355,-16.5,1.0482099,1769652308554
3381,886308864,1769652309043,21:05:09.043,42.3463173,-71.0819268,11.355,-16.5,1.0482099,1769652308554
3382,886571008,1769652309467,21:05:09.467,42.3463105,-71.081931,11.625,-16.5,1.0543915,1769652309232
3383,886833152,1769652309823,21:05:09.823,42.3463048,-71.0819349,11.796,-16.5,1.052897,1769652309792
3384,887095296,1769652310208,21:05:10.208,42.3463048,-71.0819349,11.796,-16.5,1.052897,1769652309792
3385,887357440,1769652310556,21:05:10.556,42.3462981,-71.0819393,11.974,-16.5,1.0780168,1769652310450
3386,887619584,1769652311084,21:05:11.084,42.3462859,-71.0819364,12.256,-16.5,1.0725528,1769652310966
3387,887881728,1769652311480,21:05:11.480,42.3462859,-71.0819364,12.256,-16.5,1.0725528,1769652310966
3388,888143872,1769652312511,21:05:12.511,42.3462654,-71.0819312,12.702,-16.5,1.0663136,1769652312170
3389,888406016,1769652313143,21:05:13.143,42.3462564,-71.0819292,12.94,-16.5,1.0468026,1769652312852
3390,888668160,1769652313725,21:05:13.725,42.3462491,-71.0819273,13.165,-16.5,1.0345579,1769652313423
3391,888930304,1769652314429,21:05:14.429,42.3462414,-71.0819262,13.429,-16.5,1.038677,1769652314088
3392,889192448,1769652314935,21:05:14.935,42.3462347,-71.0819253,13.661,-16.5,1.0224694,1769652314633
3393,889454592,1769652315300,21:05:15.300,42.3462347,-71.0819253,13.661,-16.5,1.0224694,1769652314633
3394,889716736,1769652315647,21:05:15.647,42.3462265,-71.0819264,13.91,-16.5,1.019294,1769652315384
3395,889978880,1769652316116,21:05:16.116,42.3462207,-71.0819271,14.304,-16.5,1.0251765,1769652315911
3396,890241024,1769652316751,21:05:16.751,42.3462132,-71.0819297,14.539,-16.5,1.0192071,1769652316629
3397,890503168,1769652317149,21:05:17.149,42.3462132,-71.0819297,14.539,-16.5,1.0192071,1769652316629
3398,890765312,1769652317502,21:05:17.502,42.3462077,-71.0819318,14.758,-16.5,1.0209682,1769652317148
3399,891027456,1769652317853,21:05:17.853,42.3462077,-71.0819318,14.758,-16.5,1.0209682,1769652317148
3400,891289600,1769652318204,21:05:18.204,42.3461942,-71.0819206,15.119,-16.5,1.0132782,1769652317904
3401,891551744,1769652318933,21:05:18.933,42.3461848,-71.0819117,15.172,-16.5,0.9926906,1769652318411
3402,891813888,1769652319367,21:05:19.367,42.3461739,-71.0819044,15.404,-16.5,1.0015103,1769652319172
3403,892076032,1769652320077,21:05:20.077,42.3461661,-71.0819002,15.572,-16.5,1.0027415,1769652319689
3404,892338176,1769652320985,21:05:20.985,42.3461505,-71.0818959,15.964,-16.5,0.99072784,1769652320969
3405,892600320,1769652322176,21:05:22.176,42.3461427,-71.0818953,16.173,-16.5,0.97828096,1769652321703
3406,892862464,1769652323209,21:05:23.209,42.3461295,-71.0818964,16.702,-16.5,0.9916292,1769652322965
3407,893124608,1769652323876,21:05:23.876,42.3461237,-71.0818976,16.926,-16.5,0.97585154,1769652323485
3408,893386752,1769652324229,21:05:24.229,42.3461163,-71.0818989,17.14,-16.5,0.96822697,1769652324210
3409,893648896,1769652324891,21:05:24.891,42.3461043,-71.0818771,16.816,-16.399999618530273,0.99354815,1769652324704
3410,893911040,1769652325884,21:05:25.884,42.3460925,-71.0818645,16.462,-16.399999618530273,1.0245036,1769652325436
3411,894173184,1769652326292,21:05:26.292,42.3460846,-71.081857,16.185,-16.399999618530273,1.0270009,1769652325932
3412,894435328,1769652326642,21:05:26.642,42.3460846,-71.081857,16.185,-16.399999618530273,1.0270009,1769652325932
3413,894697472,1769652326993,21:05:26.993,42.3460751,-71.081853,15.907,-16.399999618530273,0.998287,1769652326649
3414,894959616,1769652327342,21:05:27.342,42.3460683,-71.0818502,15.605,-16.399999618530273,0.99415195,1769652327166
3415,895221760,1769652327748,21:05:27.748,42.3460683,-71.0818502,15.605,-16.399999618530273,0.99415195,1769652327166
3416,895483904,1769652328098,21:05:28.098,42.3460593,-71.0818485,15.285,-16.399999618530273,1.0014324,1769652327911
3417,895746048,1769652328518,21:05:28.518,42.3460527,-71.0818469,14.997,-16.399999618530273,0.997644,1769652328429
3418,896008192,1769652329054,21:05:29.054,42.3460527,-71.0818469,14.997,-16.399999618530273,0.997644,1769652328429
3419,896270336,1769652329447,21:05:29.447,42.3460446,-71.0818453,14.733,-16.399999618530273,0.9887353,1769652329148
3420,896532480,1769652329871,21:05:29.871,42.3460384,-71.0818447,14.433,-16.399999618530273,1.017865,1769652329650
3421,896794624,1769652330407,21:05:30.407,42.3460384,-71.0818447,14.433,-16.399999618530273,1.017865,1769652329650
3422,897056768,1769652330890,21:05:30.890,42.3460295,-71.0818448,14.614,-16.399999618530273,1.0337576,1769652330426
3423,897318912,1769652331387,21:05:31.387,42.3460241,-71.081845,14.794,-16.399999618530273,1.0278628,1769652330877
3424,897581056,1769652331800,21:05:31.800,42.3460207,-71.0818431,14.819,-16.399999618530273,1.0198449,1769652331585
3425,897843200,1769652332279,21:05:32.279,42.3460189,-71.0818416,14.753,-16.399999618530273,1.0301497,1769652332089
3426,898105344,1769652332778,21:05:32.778,42.3460189,-71.0818416,14.753,-16.399999618530273,1.0301497,1769652332089
3427,898367488,1769652333330,21:05:33.330,42.3460133,-71.0818413,14.657,-16.399999618530273,1.0294731,1769652332806
3428,898629632,1769652333843,21:05:33.843,42.3460091,-71.0818412,14.566,-16.399999618530273,1.0323919,1769652333332
3429,898891776,1769652334266,21:05:34.266,42.3460027,-71.0818424,14.471,-16.399999618530273,1.0340011,1769652334031
3430,899153920,1769652334679,21:05:34.679,42.3459977,-71.0818445,14.35,-16.399999618530273,1.0317775,1769652334524
3431,899416064,1769652335174,21:05:35.174,42.3459977,-71.0818445,14.35,-16.399999618530273,1.0317775,1769652334524
3432,899678208,1769652335556,21:05:35.556,42.3459905,-71.0818461,14.263,-16.399999618530273,1.0352583,1769652335250
3433,899940352,1769652335990,21:05:35.990,42.3459846,-71.0818472,14.123,-16.399999618530273,1.0236754,1769652335786
3434,900202496,1769652336346,21:05:36.346,42.3459846,-71.0818472,14.123,-16.399999618530273,1.0236754,1769652335786
3435,900464640,1769652336691,21:05:36.691,42.3459769,-71.0818484,13.816,-16.399999618530273,1.0122085,1769652336504
3436,900726784,1769652337348,21:05:37.348,42.3459708,-71.0818496,13.891,-16.399999618530273,1.0171088,1769652337068
3437,900988928,1769652338030,21:05:38.030,42.3459649,-71.0818507,13.958,-16.5,1.0228947,1769652337693
3438,901251072,1769652338443,21:05:38.443,42.3459574,-71.0818409,13.488,-16.5,1.0150169,1769652338285
3439,901513216,1769652338979,21:05:38.979,42.3459574,-71.0818409,13.488,-16.5,1.0150169,1769652338285
3440,901775360,1769652339456,21:05:39.456,42.3459503,-71.0818382,13.274,-16.5,1.0318149,1769652339011
3441,902037504,1769652339766,21:05:39.766,42.345945,-71.0818365,12.983,-16.5,1.0259957,1769652339531
3442,902299648,1769652340568,21:05:40.568,42.3459372,-71.0818355,12.755,-16.5,1.0241723,1769652340291
3443,902561792,1769652340924,21:05:40.924,42.3459313,-71.0818354,12.573,-16.5,1.0243796,1769652340831
3444,902823936,1769652341470,21:05:41.470,42.3459313,-71.0818354,12.573,-16.5,1.0243796,1769652340831
3445,903086080,1769652341959,21:05:41.959,42.3459239,-71.0818358,12.4,-16.5,1.009523,1769652341543
3446,903348224,1769652342332,21:05:42.332,42.3459185,-71.0818363,12.229,-16.5,1.0148447,1769652342071
3447,903610368,1769652342679,21:05:42.679,42.3459185,-71.0818363,12.229,-16.5,1.0148447,1769652342071
3448,903872512,1769652343268,21:05:43.268,42.3459113,-71.0818381,12.159,-16.5,0.9964634,1769652342788
3449,904134656,1769652343802,21:05:43.802,42.3459059,-71.0818395,12.361,-16.5,0.9914676,1769652343307
3450,904396800,1769652344216,21:05:44.216,42.3458987,-71.0818417,12.588,-16.5,0.99030423,1769652344052
3451,904658944,1769652344616,21:05:44.616,42.3458972,-71.0818387,12.385,-16.5,0.96360654,1769652344543
3452,904921088,1769652345149,21:05:45.149,42.3458972,-71.0818387,12.385,-16.5,0.96360654,1769652344543
3453,905183232,1769652345487,21:05:45.487,42.3458922,-71.0818378,12.068,-16.5,0.9631775,1769652345330
3454,905445376,1769652346327,21:05:46.327,42.3458886,-71.0818382,11.75,-16.5,0.9774673,1769652345849
3455,905707520,1769652346709,21:05:46.709,42.3458821,-71.0818394,11.446,-16.5,0.98105615,1769652346584
3456,905969664,1769652347222,21:05:47.222,42.3458772,-71.0818406,11.142,-16.5,0.9682781,1769652347127
3457,906231808,1769652347796,21:05:47.796,42.3458772,-71.0818406,11.142,-16.5,0.9682781,1769652347127
3458,906493952,1769652348157,21:05:48.157,42.3458704,-71.0818427,10.844,-16.5,0.9711095,1769652347873
3459,906756096,1769652348593,21:05:48.593,42.3458657,-71.0818444,10.548,-16.5,0.94040626,1769652348408
3460,907018240,1769652348993,21:05:48.993,42.3458657,-71.0818444,10.548,-16.5,0.94040626,1769652348408
3461,907280384,1769652349430,21:05:49.430,42.3458591,-71.0818458,10.247,-16.5,0.9417526,1769652349170
3462,907542528,1769652349770,21:05:49.770,42.3458539,-71.081847,10.043,-16.5,0.9270161,1769652349732
3463,907804672,1769652350122,21:05:50.122,42.3458539,-71.081847,10.043,-16.5,0.9270161,1769652349732
3464,908066816,1769652350565,21:05:50.565,42.3458478,-71.0818488,10.255,-16.5,0.8760248,1769652350466
3465,908328960,1769652351244,21:05:51.244,42.3458429,-71.0818525,10.474,-16.5,0.8707431,1769652351132
3466,908591104,1769652351600,21:05:51.600,42.3458429,-71.0818525,10.474,-16.5,0.8707431,1769652351132
3467,908853248,1769652351947,21:05:51.947,42.3458429,-71.0818525,10.474,-16.5,0.8707431,1769652351132
3468,909115392,1769652353400,21:05:53.400,42.34584,-71.0818611,11.009,-16.5,0.6853747,1769652353285
3469,909377536,1769652353756,21:05:53.756,42.34584,-71.0818611,11.009,-16.5,0.6853747,1769652353285
3470,909639680,1769652354105,21:05:54.105,42.3458385,-71.0818637,11.158,-16.5,0.6296318,1769652353967
3471,909901824,1769652354776,21:05:54.776,42.345837,-71.0818672,11.296,-16.5,0.5893274,1769652354685
3472,910163968,1769652355683,21:05:55.683,42.3458352,-71.0818698,11.458,-16.5,0.58100206,1769652355325
3473,910426112,1769652356017,21:05:56.017,42.3458337,-71.0818715,11.607,-16.5,0.5001906,1769652356009
3474,910688256,1769652356371,21:05:56.371,42.3458337,-71.0818715,11.607,-16.5,0.5001906,1769652356009
3475,910950400,1769652356719,21:05:56.719,42.3458337,-71.0818715,11.607,-16.5,0.5001906,1769652356009
3476,911212544,1769652357160,21:05:57.160,42.345832,-71.081873,11.829,-16.5,0.47567922,1769652356752
3477,911474688,1769652357825,21:05:57.825,42.3458297,-71.0818753,12.029,-16.5,0.55046654,1769652357404
3478,911736832,1769652358190,21:05:58.190,42.345827,-71.0818777,12.218,-16.5,0.5534617,1769652358028
3479,911998976,1769652358534,21:05:58.534,42.345827,-71.0818777,12.218,-16.5,0.5534617,1769652358028
3480,912261120,1769652359154,21:05:59.154,42.3458358,-71.0818595,11.894,-16.5,0.4854135,1769652358730
3481,912523264,1769652359640,21:05:59.640,42.3458388,-71.0818526,11.575,-16.5,0.49591756,1769652359328
3482,912785408,1769652360104,21:06:00.104,42.3458392,-71.0818507,11.251,-16.5,0.49783793,1769652359966
3483,913047552,1769652360426,21:06:00.426,42.3458392,-71.0818507,11.251,-16.5,0.49783793,1769652359966
3484,913309696,1769652361227,21:06:01.227,42.3458359,-71.0818515,10.636,-16.5,0.5729191,1769652361091
3485,913571840,1769652361573,21:06:01.573,42.3458359,-71.0818515,10.636,-16.5,0.5729191,1769652361091
3486,913833984,1769652362119,21:06:02.119,42.3458321,-71.0818529,10.595,-16.5,0.7025641,1769652361705
3487,914096128,1769652362885,21:06:02.885,42.3458231,-71.0818577,10.218,-16.5,0.8317532,1769652362810
3488,914358272,1769652363234,21:06:03.234,42.3458231,-71.0818577,10.218,-16.5,0.8317532,1769652362810
3489,914620416,1769652363616,21:06:03.616,42.3458144,-71.081861,10.019,-16.5,0.9317858,1769652363449
3490,914882560,1769652364885,21:06:04.885,42.3457994,-71.0818663,10.514,-16.5,0.96730995,1769652364652
3491,915144704,1769652365337,21:06:05.337,42.3458071,-71.0818532,10.554,-16.5,0.85913557,1769652365172
3492,915406848,1769652365711,21:06:05.711,42.3458071,-71.0818532,10.554,-16.5,0.85913557,1769652365172
3493,915668992,1769652366115,21:06:06.115,42.345807,-71.0818449,10.484,-16.5,0.90135026,1769652365888
3494,915931136,1769652366489,21:06:06.489,42.3458036,-71.0818424,10.377,-16.5,0.9543854,1769652366436
3495,916193280,1769652366835,21:06:06.835,42.3458036,-71.0818424,10.377,-16.5,0.9543854,1769652366436
3496,916455424,1769652367319,21:06:07.319,42.3457986,-71.0818421,10.278,-16.5,0.96442467,1769652367091
3497,916717568,1769652367669,21:06:07.669,42.3457936,-71.0818432,10.154,-16.5,0.97024655,1769652367609
3498,916979712,1769652368022,21:06:08.022,42.3457936,-71.0818432,10.154,-16.5,0.97024655,1769652367609
3499,917241856,1769652368396,21:06:08.396,42.3457936,-71.0818432,10.154,-16.5,0.97024655,1769652367609
3500,917504000,1769652368939,21:06:08.939,42.3457858,-71.0818469,9.99,-16.5,0.94534594,1769652368446
3501,917766144,1769652369538,21:06:09.538,42.3457807,-71.0818489,9.685,-16.5,0.9469457,1769652368992
3502,918028288,1769652369936,21:06:09.936,42.3457732,-71.0818518,9.306,-16.5,0.8918573,1769652369831
3503,918290432,1769652370513,21:06:10.513,42.3457732,-71.0818518,9.306,-16.5,0.8918573,1769652369831
3504,918552576,1769652371131,21:06:11.131,42.3457675,-71.0818543,9.421,-16.5,0.8006367,1769652370592
3505,918814720,1769652371627,21:06:11.627,42.3457675,-71.0818543,9.421,-16.5,0.8006367,1769652370592
3506,919076864,1769652372180,21:06:12.180,42.3457622,-71.0818571,9.696,-16.5,0.6730262,1769652371616
3507,919339008,1769652372792,21:06:12.792,42.3457622,-71.0818571,9.696,-16.5,0.6730262,1769652371616
3508,919601152,1769652373564,21:06:13.564,42.3457622,-71.0818571,9.696,-16.5,0.6730262,1769652371616
3509,919863296,1769652374107,21:06:14.107,42.3457622,-71.0818571,9.696,-16.5,0.6730262,1769652371616
3510,920125440,1769652375228,21:06:15.228,42.3457622,-71.0818571,9.696,-16.5,0.6730262,1769652371616
3511,920387584,1769652375919,21:06:15.919,42.3457622,-71.0818571,9.696,-16.5,0.6730262,1769652371616
3512,920649728,1769652376305,21:06:16.305,42.3457622,-71.0818571,9.696,-16.5,0.6730262,1769652371616
3513,920911872,1769652376738,21:06:16.738,42.3457622,-71.0818571,9.696,-16.5,0.6730262,1769652371616
3514,921174016,1769652377178,21:06:17.178,42.3457622,-71.0818571,9.696,-16.5,0.6730262,1769652371616
3515,921436160,1769652377593,21:06:17.593,42.3457622,-71.0818571,9.696,-16.5,0.6730262,1769652371616
3516,921698304,1769652377994,21:06:17.994,42.3457622,-71.0818571,9.696,-16.5,0.6730262,1769652371616
3517,921960448,1769652378315,21:06:18.315,42.3457622,-71.0818571,9.696,-16.5,0.6730262,1769652371616
3518,922222592,1769652378669,21:06:18.669,42.3457819,-71.0818466,8.989,-16.5,0.017990917,1769652378359
3519,922484736,1769652379029,21:06:19.029,42.3457819,-71.0818466,8.989,-16.5,0.017990917,1769652378359
3520,922746880,1769652379380,21:06:19.380,42.3457819,-71.0818466,8.989,-16.5,0.017990917,1769652378359
3521,923009024,1769652379732,21:06:19.732,42.3457819,-71.0818466,8.989,-16.5,0.017990917,1769652378359
3522,923271168,1769652380081,21:06:20.081,42.3457819,-71.0818466,8.989,-16.5,0.017990917,1769652378359
3523,923533312,1769652380432,21:06:20.432,42.3457819,-71.0818466,8.989,-16.5,0.017990917,1769652378359
3524,923795456,1769652380799,21:06:20.799,42.3457819,-71.0818466,8.989,-16.5,0.017990917,1769652378359
3525,924057600,1769652381117,21:06:21.117,42.3457819,-71.0818466,8.989,-16.5,0.017990917,1769652378359
3526,924319744,1769652381460,21:06:21.460,42.3457819,-71.0818466,8.989,-16.5,0.017990917,1769652378359
3527,924581888,1769652382011,21:06:22.011,42.3457819,-71.0818466,8.989,-16.5,0.017990917,1769652378359
3528,924844032,1769652382434,21:06:22.434,42.3457819,-71.0818466,8.989,-16.5,0.017990917,1769652378359
3529,925106176,1769652382827,21:06:22.827,42.3457819,-71.0818466,8.989,-16.5,0.017990917,1769652378359
3530,925368320,1769652383177,21:06:23.177,42.3457819,-71.0818466,8.989,-16.5,0.017990917,1769652378359
3531,925630464,1769652383524,21:06:23.524,42.3457819,-71.0818466,8.989,-16.5,0.017990917,1769652378359
3532,925892608,1769652383875,21:06:23.875,42.3457819,-71.0818466,8.989,-16.5,0.017990917,1769652378359
3533,926154752,1769652384238,21:06:24.238,42.3457819,-71.0818466,8.989,-16.5,0.017990917,1769652378359
3534,926416896,1769652384943,21:06:24.943,42.3457819,-71.0818466,8.989,-16.5,0.017990917,1769652378359
3535,926679040,1769652385302,21:06:25.302,42.3457935,-71.081842,9.352,-18.511916304657053,0.07106566,1769652385102
3536,926941184,1769652385724,21:06:25.724,42.3457935,-71.081842,9.352,-18.511916304657053,0.07106566,1769652385102
3537,927203328,1769652386135,21:06:26.135,42.3457935,-71.081842,9.352,-18.511916304657053,0.07106566,1769652385102
3538,927465472,1769652386460,21:06:26.460,42.3457935,-71.081842,9.352,-18.511916304657053,0.07106566,1769652385102
3539,927727616,1769652386919,21:06:26.919,42.3457935,-71.081842,9.352,-18.511916304657053,0.07106566,1769652385102
3540,927989760,1769652387325,21:06:27.325,42.3457935,-71.081842,9.352,-18.511916304657053,0.07106566,1769652385102
3541,928251904,1769652387682,21:06:27.682,42.3457935,-71.081842,9.352,-18.511916304657053,0.07106566,1769652385102
3542,928514048,1769652388031,21:06:28.031,42.3457935,-71.081842,9.352,-18.511916304657053,0.07106566,1769652385102
3543,928776192,1769652388380,21:06:28.380,42.3457935,-71.081842,9.352,-18.511916304657053,0.07106566,1769652385102
3544,929038336,1769652388757,21:06:28.757,42.3457935,-71.081842,9.352,-18.511916304657053,0.07106566,1769652385102
3545,929300480,1769652389108,21:06:29.108,42.3457935,-71.081842,9.352,-18.511916304657053,0.07106566,1769652385102
3546,929562624,1769652389462,21:06:29.462,42.3457935,-71.081842,9.352,-18.511916304657053,0.07106566,1769652385102
3547,929824768,1769652389883,21:06:29.883,42.3457935,-71.081842,9.352,-18.511916304657053,0.07106566,1769652385102
3548,930086912,1769652390232,21:06:30.232,42.3457935,-71.081842,9.352,-18.511916304657053,0.07106566,1769652385102
3549,930349056,1769652390586,21:06:30.586,42.3457935,-71.081842,9.352,-18.511916304657053,0.07106566,1769652385102
3550,930611200,1769652390931,21:06:30.931,42.3457935,-71.081842,9.352,-18.511916304657053,0.07106566,1769652385102
3551,930873344,1769652391301,21:06:31.301,42.3457935,-71.081842,9.352,-18.511916304657053,0.07106566,1769652385102
3552,931135488,1769652391649,21:06:31.649,42.3457935,-71.081842,9.352,-18.511916304657053,0.07106566,1769652385102
3553,931397632,1769652391961,21:06:31.961,42.3457935,-71.081842,9.352,-18.511916304657053,0.07106566,1769652385102
3554,931659776,1769652392344,21:06:32.344,42.3458401,-71.0818117,23.863,-20.060262697637683,0.068944484,1769652391828
3555,931921920,1769652392709,21:06:32.709,42.3458401,-71.0818117,23.863,-20.060262697637683,0.068944484,1769652391828
3556,932184064,1769652393241,21:06:33.241,42.3458401,-71.0818117,23.863,-20.060262697637683,0.068944484,1769652391828
3557,932446208,1769652393807,21:06:33.807,42.3458401,-71.0818117,23.863,-20.060262697637683,0.068944484,1769652391828
3558,932708352,1769652394290,21:06:34.290,42.3458401,-71.0818117,23.863,-20.060262697637683,0.068944484,1769652391828
3559,932970496,1769652394697,21:06:34.697,42.3458401,-71.0818117,23.863,-20.060262697637683,0.068944484,1769652391828
3560,933232640,1769652395097,21:06:35.097,42.3458401,-71.0818117,23.863,-20.060262697637683,0.068944484,1769652391828
3561,933494784,1769652395647,21:06:35.647,42.3458401,-71.0818117,23.863,-20.060262697637683,0.068944484,1769652391828
3562,933756928,1769652396327,21:06:36.327,42.3458401,-71.0818117,23.863,-20.060262697637683,0.068944484,1769652391828
3563,934019072,1769652396673,21:06:36.673,42.3458401,-71.0818117,23.863,-20.060262697637683,0.068944484,1769652391828
3564,934281216,1769652397645,21:06:37.645,42.3458401,-71.0818117,23.863,-20.060262697637683,0.068944484,1769652391828
3565,934543360,1769652398569,21:06:38.569,42.3458401,-71.0818117,23.863,-20.060262697637683,0.068944484,1769652391828
3566,934805504,1769652398938,21:06:38.938,42.3458965,-71.0817928,22.429,-21.86674287310968,0.39765906,1769652398534
3567,935067648,1769652399662,21:06:39.662,42.3458965,-71.0817928,22.429,-21.86674287310968,0.39765906,1769652398534
3568,935329792,1769652400148,21:06:40.148,42.3458965,-71.0817928,22.429,-21.86674287310968,0.39765906,1769652398534
3569,935591936,1769652401087,21:06:41.087,42.3458965,-71.0817928,22.429,-21.86674287310968,0.39765906,1769652398534
3570,935854080,1769652401667,21:06:41.667,42.3458965,-71.0817928,22.429,-21.86674287310968,0.39765906,1769652398534
3571,936116224,1769652402281,21:06:42.281,42.3458965,-71.0817928,22.429,-21.86674287310968,0.39765906,1769652398534
3572,936378368,1769652402850,21:06:42.850,42.3458965,-71.0817928,22.429,-21.86674287310968,0.39765906,1769652398534
3573,936640512,1769652403199,21:06:43.199,42.3458965,-71.0817928,22.429,-21.86674287310968,0.39765906,1769652398534
3574,936902656,1769652403633,21:06:43.633,42.3459052,-71.0817883,29.64,-22.354554805814203,0.115817875,1769652403511
3575,937164800,1769652404039,21:06:44.039,42.3459099,-71.0817855,36.938,-22.354554805814203,0.11755779,1769652404013
3576,937426944,1769652404484,21:06:44.484,42.3459099,-71.0817855,36.938,-22.354554805814203,0.11755779,1769652404013
3577,937689088,1769652405247,21:06:45.247,42.3459026,-71.0817868,39.309,-22.38044638563115,0.9933571,1769652405190
3578,937951232,1769652405605,21:06:45.605,42.3459026,-71.0817868,39.309,-22.38044638563115,0.9933571,1769652405190
3579,938213376,1769652405971,21:06:45.971,42.3459064,-71.0817867,37.852,-22.307894035818585,0.9675516,1769652405856
3580,938475520,1769652406313,21:06:46.313,42.3459064,-71.0817867,37.852,-22.307894035818585,0.9675516,1769652405856
3581,938737664,1769652406698,21:06:46.698,42.345907,-71.0817873,36.523,-22.307894035818585,0.9404796,1769652406434
3582,938999808,1769652407049,21:06:47.049,42.3459072,-71.0817888,35.588,-22.325500250727167,0.92385614,1769652406953
3583,939261952,1769652407419,21:06:47.419,42.3459073,-71.0817906,34.815,-22.325500250727167,0.8715022,1769652407407
3584,939524096,1769652407749,21:06:47.749,42.3459073,-71.0817906,34.815,-22.325500250727167,0.8715022,1769652407407
3585,939786240,1769652408103,21:06:48.103,42.3459073,-71.0817906,34.815,-22.325500250727167,0.8715022,1769652407407
3586,940048384,1769652408456,21:06:48.456,42.345906,-71.0817959,34.139,-22.353462988557965,0.6073032,1769652408364
3587,940310528,1769652408815,21:06:48.815,42.345906,-71.0817959,34.139,-22.353462988557965,0.6073032,1769652408364
3588,940572672,1769652409208,21:06:49.208,42.3459079,-71.0817984,33.269,-22.353462988557965,0.5923927,1769652408967
3589,940834816,1769652410116,21:06:50.116,42.345909,-71.0818008,32.407,-22.366408669725935,0.5315495,1769652409588
3590,941096960,1769652411870,21:06:51.870,42.3459053,-71.0818029,28.537,-22.39178214828737,0.3887937,1769652411811
3591,941359104,1769652414098,21:06:54.098,42.345896,-71.0817986,28.509,-22.523878787533945,0.48602563,1769652413532
3592,941621248,1769652414497,21:06:54.497,42.3458926,-71.0817984,28.492,-22.523878787533945,0.5031005,1769652414091
3593,941883392,1769652415424,21:06:55.424,42.3458843,-71.0818003,28.48,-22.58808855615388,0.6249888,1769652415252
3594,942145536,1769652416234,21:06:56.234,42.3458783,-71.0818019,28.508,-22.92880656499842,0.7354311,1769652415791
3595,942407680,1769652416747,21:06:56.747,42.3458727,-71.0818036,28.573,-22.92880656499842,0.7479068,1769652416290
3596,942669824,1769652417293,21:06:57.293,42.3458639,-71.0818067,28.515,-23.573959005925055,0.93594325,1769652416789
3597,942931968,1769652417997,21:06:57.997,42.3458405,-71.0818134,28.219,-23.665084181806755,1.0903667,1769652417888
3598,943194112,1769652418782,21:06:58.782,42.3458279,-71.0818159,27.996,-23.665084181806755,1.1970664,1769652418409
3599,943456256,1769652419450,21:06:59.450,42.3458115,-71.0818189,27.826,-23.81841525641226,1.2032288,1769652419095
3600,943718400,1769652420124,21:07:00.124,42.3457942,-71.081822,27.55,-23.81841525641226,1.3321329,1769652419774
3601,943980544,1769652420775,21:07:00.775,42.3457756,-71.0818263,27.182,-23.91988249856205,1.43935,1769652420707
3602,944242688,1769652421227,21:07:01.227,42.3457756,-71.0818263,27.182,-23.91988249856205,1.43935,1769652420707
3603,944504832,1769652421699,21:07:01.699,42.3457652,-71.0818303,26.728,-23.97994040785108,1.450802,1769652421297
3604,944766976,1769652422112,21:07:02.112,42.3457652,-71.0818303,26.728,-23.97994040785108,1.450802,1769652421297
3605,945029120,1769652422816,21:07:02.816,42.3457479,-71.0818377,26.557,-23.97994040785108,1.5338445,1769652422252
3606,945291264,1769652423248,21:07:03.248,42.3457325,-71.0818456,26.372,-24.027572244577943,1.5942097,1769652423154
3607,945553408,1769652423670,21:07:03.670,42.3457325,-71.0818456,26.372,-24.027572244577943,1.5942097,1769652423154
3608,945815552,1769652424034,21:07:04.034,42.3457205,-71.0818529,26.449,-24.11455143961805,1.6406779,1769652423889
3609,946077696,1769652424484,21:07:04.484,42.3457205,-71.0818529,26.449,-24.11455143961805,1.6406779,1769652423889
3610,946339840,1769652425063,21:07:05.063,42.3457061,-71.0818605,26.561,-24.11455143961805,1.6721983,1769652424786
3611,946601984,1769652425615,21:07:05.615,42.3457061,-71.0818605,26.561,-24.11455143961805,1.6721983,1769652424786
3612,946864128,1769652426131,21:07:06.131,42.3456904,-71.0818664,26.69,-24.276081896557184,1.6779685,1769652425688
3613,947126272,1769652426784,21:07:06.784,42.3456419,-71.0818438,25.389,-23.100000381469727,1.6445173,1769652426610
3614,947388416,1769652427379,21:07:07.379,42.3456256,-71.0818371,24.721,-23.100000381469727,1.6308235,1769652427088
3615,947650560,1769652428380,21:07:08.380,42.3456008,-71.0818335,23.552,-23.100000381469727,1.602672,1769652428046
3616,947912704,1769652429188,21:07:09.188,42.3455809,-71.081838,21.938,-23.100000381469727,1.58694,1769652428989
3617,948174848,1769652429916,21:07:09.916,42.3455725,-71.0818424,21.266,-23.100000381469727,1.5817621,1769652429472
3618,948436992,1769652430550,21:07:10.550,42.3455581,-71.081853,19.925,-23.100000381469727,1.598827,1769652430415
3619,948699136,1769652430946,21:07:10.946,42.3455515,-71.0818584,18.617,-23.100000381469727,1.6005898,1769652430874
3620,948961280,1769652431297,21:07:11.297,42.3455515,-71.0818584,18.617,-23.100000381469727,1.6005898,1769652430874
3621,949223424,1769652431760,21:07:11.760,42.3455452,-71.0818639,18.858,-23.100000381469727,1.5982505,1769652431331
3622,949485568,1769652432174,21:07:12.174,42.3455387,-71.0818709,19.071,-23.100000381469727,1.6214926,1769652431843
3623,949747712,1769652432740,21:07:12.740,42.3455335,-71.0818782,19.282,-23.100000381469727,1.625208,1769652432302
3624,950009856,1769652433189,21:07:13.189,42.3455293,-71.0818868,19.378,-23.100000381469727,1.6194654,1769652432773
3625,950272000,1769652433660,21:07:13.660,42.3455255,-71.0818965,19.5,-24.741012239416076,1.6202488,1769652433242
3626,950534144,1769652434144,21:07:14.144,42.3455222,-71.0819056,19.59,-24.741012239416076,1.6105537,1769652433735
3627,950796288,1769652434604,21:07:14.604,42.3455191,-71.0819147,19.688,-24.726516773288026,1.6031934,1769652434219
3628,951058432,1769652435094,21:07:15.094,42.3455158,-71.0819231,19.746,-24.726516773288026,1.582263,1769652434704
3629,951320576,1769652435553,21:07:15.553,42.3455122,-71.0819316,19.807,-24.726516773288026,1.5792574,1769652435196
3630,951582720,1769652435926,21:07:15.926,42.3455083,-71.0819389,19.923,-24.691831094445266,1.5453466,1769652435664
3631,951844864,1769652436273,21:07:16.273,42.3455041,-71.0819466,20.048,-24.691831094445266,1.5466368,1769652436158
3632,952107008,1769652436647,21:07:16.647,42.3455041,-71.0819466,20.048,-24.691831094445266,1.5466368,1769652436158
3633,952369152,1769652437166,21:07:17.166,42.345499,-71.0819558,20.117,-24.608999056639657,1.4974109,1769652436777
3634,952631296,1769652437580,21:07:17.580,42.345499,-71.0819558,20.117,-24.608999056639657,1.4974109,1769652436777
3635,952893440,1769652438090,21:07:18.090,42.3454906,-71.0819687,20.266,-24.608999056639657,1.4786342,1769652437720
3636,953155584,1769652438489,21:07:18.489,42.3454845,-71.0819755,20.469,-24.54169743846919,1.477702,1769652438299
3637,953417728,1769652438925,21:07:18.925,42.3454845,-71.0819755,20.469,-24.54169743846919,1.477702,1769652438299
3638,953679872,1769652439384,21:07:19.384,42.3454733,-71.0819834,20.638,-24.54169743846919,1.4735326,1769652439245
3639,953942016,1769652439848,21:07:19.848,42.3454666,-71.0819856,20.677,-24.462487936218864,1.4258003,1769652439748
3640,954204160,1769652440381,21:07:20.381,42.3454426,-71.0819801,20.191,-24.45161598681314,1.4335678,1769652440261
3641,954466304,1769652441252,21:07:21.252,42.3454251,-71.0819774,19.735,-24.45161598681314,1.394272,1769652440764
3642,954728448,1769652441918,21:07:21.918,42.3453982,-71.0819758,18.865,-24.39466745585407,1.3931098,1769652441785
3643,954990592,1769652443224,21:07:23.224,42.345377,-71.081979,18.085,-24.378100539674858,1.369115,1769652442821
3644,955252736,1769652444267,21:07:24.267,42.34536,-71.0819849,17.335,-24.336165390462124,1.3502299,1769652443875
3645,955514880,1769652445013,21:07:25.013,42.345345,-71.0819942,16.246,-24.329435038830187,1.3448246,1769652444922
3646,955777024,1769652445717,21:07:25.717,42.345338,-71.0819996,16.477,-24.329435038830187,1.3401401,1769652445457
3647,956039168,1769652446127,21:07:26.127,42.3453314,-71.0820049,16.706,-24.29319459334647,1.3460387,1769652445975
3648,956301312,1769652446451,21:07:26.451,42.3453314,-71.0820049,16.706,-24.29319459334647,1.3460387,1769652445975
3649,956563456,1769652446785,21:07:26.785,42.3453247,-71.0820106,16.945,-24.29319459334647,1.3353739,1769652446520
3650,956825600,1769652447163,21:07:27.163,42.3453069,-71.0820207,16.861,-24.185411148552955,1.3599964,1769652447022
3651,957087744,1769652447588,21:07:27.588,42.3453069,-71.0820207,16.861,-24.185411148552955,1.3599964,1769652447022
3652,957349888,1769652448032,21:07:28.032,42.3452923,-71.0820285,16.638,-24.185411148552955,1.358445,1769652447601
3653,957612032,1769652448419,21:07:28.419,42.3452817,-71.0820346,16.435,-24.179716197921103,1.3629017,1769652448058
3654,957874176,1769652448907,21:07:28.907,42.3452715,-71.0820414,16.217,-24.179716197921103,1.362905,1769652448621
3655,958136320,1769652449550,21:07:29.550,42.3452635,-71.0820474,15.995,-24.179716197921103,1.3713208,1769652449096
3656,958398464,1769652450295,21:07:30.295,42.3452478,-71.0820583,15.537,-24.178163028912437,1.3648808,1769652450142
3657,958660608,1769652450760,21:07:30.760,42.3452405,-71.0820643,15.301,-24.178163028912437,1.3560561,1769652450696
3658,958922752,1769652451383,21:07:31.383,42.345234,-71.0820696,15.06,-24.178163028912437,1.3567495,1769652451198
3659,959184896,1769652451846,21:07:31.846,42.3452268,-71.0820764,14.486,-24.178163028912437,1.3626472,1769652451802
3660,959447040,1769652452228,21:07:32.228,42.3452268,-71.0820764,14.486,-24.178163028912437,1.3626472,1769652451802
3661,959709184,1769652452578,21:07:32.578,42.3452213,-71.0820817,14.692,-24.179716197921103,1.3628944,1769652452260
3662,959971328,1769652452981,21:07:32.981,42.3452155,-71.0820882,14.916,-24.179716197921103,1.3474869,1769652452796
3663,960233472,1769652453447,21:07:33.447,42.3452099,-71.0820939,15.145,-24.181269366648515,1.3425232,1769652453298
3664,960495616,1769652453843,21:07:33.843,42.345203,-71.0821011,15.322,-24.32170327506917,1.3617606,1769652453798
3665,960757760,1769652454257,21:07:34.257,42.345203,-71.0821011,15.322,-24.32170327506917,1.3617606,1769652453798
3666,961019904,1769652454604,21:07:34.604,42.3451967,-71.0821066,15.387,-24.32170327506917,1.3667495,1769652454317
3667,961282048,1769652454956,21:07:34.956,42.3451907,-71.0821126,15.46,-24.30927791290241,1.3892013,1769652454808
3668,961544192,1769652455756,21:07:35.756,42.3451844,-71.082119,15.531,-24.30927791290241,1.3838286,1769652455338
3669,961806336,1769652456390,21:07:36.390,42.345179,-71.0821254,15.602,-24.261129464939486,1.393463,1769652455838
3670,962068480,1769652457366,21:07:37.366,42.3451725,-71.0821328,15.681,-24.261129464939486,1.3906646,1769652456422
3671,962330624,1769652457873,21:07:37.873,42.3451613,-71.0821465,15.753,-24.241973555845547,1.3885415,1769652457434
3672,962592768,1769652458650,21:07:38.650,42.3451503,-71.0821608,15.744,-24.226441706338147,1.3884957,1769652458434
3673,962854912,1769652459170,21:07:39.170,42.3451445,-71.082168,15.819,-24.226441706338147,1.3907753,1769652458959
3674,963117056,1769652459966,21:07:39.966,42.345139,-71.0821756,15.943,-24.225406248707085,1.3753308,1769652459461
3675,963379200,1769652460859,21:07:40.859,42.3451277,-71.082191,16.203,-24.223335333070928,1.3576508,1769652460542
3676,963641344,1769652461475,21:07:41.475,42.3450986,-71.0821582,15.679,-23.100000381469727,1.3541237,1769652461096
3677,963903488,1769652462097,21:07:42.097,42.3450829,-71.0821439,15.095,-23.100000381469727,1.3359029,1769652461597
3678,964165632,1769652462717,21:07:42.717,42.3450612,-71.0821345,13.959,-23.100000381469727,1.3120924,1769652462659
3679,964427776,1769652463337,21:07:43.337,42.3450531,-71.0821348,13.405,-23.100000381469727,1.314273,1769652463178
3680,964689920,1769652463959,21:07:43.959,42.345047,-71.0821379,12.878,-23.100000381469727,1.3391342,1769652463679
3681,964952064,1769652464581,21:07:44.581,42.3450408,-71.0821428,12.354,-23.100000381469727,1.3434275,1769652464216
3682,965214208,1769652465200,21:07:45.200,42.3450355,-71.0821485,11.842,-23.100000381469727,1.3373864,1769652464718
3683,965476352,1769652465819,21:07:45.819,42.3450295,-71.0821554,11.328,-23.100000381469727,1.3414851,1769652465324
3684,965738496,1769652466391,21:07:46.391,42.3450245,-71.0821611,10.198,-23.100000381469727,1.3330015,1769652465816
3685,966000640,1769652466971,21:07:46.971,42.3450181,-71.0821685,10.357,-23.100000381469727,1.3566519,1769652466455
3686,966262784,1769652467537,21:07:47.537,42.3450087,-71.0821807,10.643,-23.100000381469727,1.3570435,1769652467397
3687,966524928,1769652468118,21:07:48.118,42.3450068,-71.0821948,10.792,-24.007862513329357,1.34512,1769652467884
3688,966787072,1769652468661,21:07:48.661,42.3450048,-71.0822081,10.89,-24.007862513329357,1.3617021,1769652468425
3689,967049216,1769652469262,21:07:49.262,42.3450023,-71.0822202,10.998,-23.963854823520894,1.3731996,1769652468963
3690,967311360,1769652469852,21:07:49.852,42.3449997,-71.0822317,11.097,-23.963854823520894,1.3686556,1769652469501
3691,967573504,1769652470413,21:07:50.413,42.3449969,-71.0822423,11.206,-23.94521620465719,1.3691404,1769652470034
3692,967835648,1769652470865,21:07:50.865,42.3449937,-71.082252,11.329,-23.94521620465719,1.3595868,1769652470536
3693,968097792,1769652472103,21:07:52.103,42.3449841,-71.08228,11.768,-23.86289515480587,1.3728334,1769652472074
3694,968359936,1769652473226,21:07:53.226,42.344979,-71.0822992,12.201,-23.796623548438554,1.3506984,1769652473121
3695,968622080,1769652474406,21:07:54.406,42.3449767,-71.0823099,12.412,-23.796623548438554,1.3302395,1769652473734
3696,968884224,1769652475404,21:07:55.404,42.3449703,-71.0823401,12.792,-22.899999618530273,1.2792674,1769652475194
3697,969146368,1769652478816,21:07:58.816,42.3449581,-71.0823909,12.669,-22.899999618530273,1.2529184,1769652477902
3698,969408512,1769652481008,21:08:01.008,42.3449445,-71.0824309,12.892,-22.899999618530273,1.2891898,1769652480441
3699,969670656,1769652481815,21:08:01.815,42.3449385,-71.0824469,13.314,-22.899999618530273,1.2687454,1769652481498
3700,969932800,1769652482393,21:08:02.393,42.3449314,-71.0824583,13.58,-22.0,1.2696831,1769652482156
3701,970194944,1769652482896,21:08:02.896,42.3449273,-71.0824664,13.702,-22.0,1.242422,1769652482682
3702,970457088,1769652483602,21:08:03.602,42.3449239,-71.0824737,13.816,-22.0,1.229501,1769652483157
3703,970719232,1769652484132,21:08:04.132,42.3449239,-71.0824737,13.816,-22.0,1.229501,1769652483157
3704,970981376,1769652484567,21:08:04.567,42.3449156,-71.0824875,14.04,-22.0,0.9971022,1769652484427
3705,971243520,1769652484952,21:08:04.952,42.3449156,-71.0824875,14.04,-22.0,0.9971022,1769652484427
3706,971505664,1769652485356,21:08:05.356,42.3449156,-71.0824875,14.04,-22.0,0.9971022,1769652484427
3707,971767808,1769652485926,21:08:05.926,42.3449101,-71.0824929,14.345,-22.0,0.73814255,1769652485484
3708,972029952,1769652486543,21:08:06.543,42.3449101,-71.0824929,14.345,-22.0,0.73814255,1769652485484
3709,972292096,1769652487162,21:08:07.162,42.3449106,-71.0825063,14.349,-22.0,0.91827404,1769652486877
3710,972554240,1769652487783,21:08:07.783,42.3449157,-71.0825164,14.831,-22.0,0.96903425,1769652487721
3711,972816384,1769652488405,21:08:08.405,42.3449166,-71.0825233,15.174,-22.0,0.95026064,1769652488213
3712,973078528,1769652489025,21:08:09.025,42.3449246,-71.0825391,15.148,-22.799999237060547,1.0013908,1769652488682
3713,973340672,1769652489644,21:08:09.644,42.3449276,-71.0825531,15.169,-22.799999237060547,1.0238492,1769652489340
3714,973602816,1769652490268,21:08:10.268,42.3449282,-71.0825639,15.42,-22.799999237060547,1.0728078,1769652489874
3715,973864960,1769652490895,21:08:10.895,42.3449295,-71.0825739,15.501,-22.799999237060547,1.0411519,1769652490420
3716,974127104,1769652491514,21:08:11.514,42.3449321,-71.0825833,15.687,-22.799999237060547,1.010589,1769652490957
3717,974389248,1769652492130,21:08:12.130,42.3449419,-71.0825985,15.906,-22.799999237060547,1.0386647,1769652492062
3718,974651392,1769652492753,21:08:12.753,42.3449484,-71.0826044,15.963,-22.799999237060547,1.0955722,1769652492660
3719,974913536,1769652493365,21:08:13.365,42.3449543,-71.0826086,16.044,-22.799999237060547,1.0953847,1769652493159
3720,975175680,1769652493981,21:08:13.981,42.3449615,-71.082613,16.279,-22.799999237060547,1.1563183,1769652493791
3721,975437824,1769652494603,21:08:14.603,42.3449674,-71.0826155,16.366,-22.799999237060547,1.1583055,1769652494257
3722,975699968,1769652495220,21:08:15.220,42.3449753,-71.0826183,16.578,-22.799999237060547,1.1799852,1769652494852
3723,975962112,1769652495800,21:08:15.800,42.345012,-71.0826456,16.169,-22.899999618530273,1.1931682,1769652495382
3724,976224256,1769652496591,21:08:16.591,42.3450498,-71.0826643,15.113,-22.899999618530273,1.1910747,1769652496480
3725,976486400,1769652499408,21:08:19.408,42.3450831,-71.0826615,13.156,-22.899999618530273,1.0779477,1769652498412
3726,976748544,1769652503003,21:08:23.003,42.3450844,-71.082626,10.272,-22.899999618530273,0.9322452,1769652502876
3727,977010688,1769652505986,21:08:25.986,42.3450701,-71.0825911,9.998,-22.899999618530273,1.1216143,1769652505679
3728,977272832,1769652506508,21:08:26.508,42.3450629,-71.0825859,9.919,-22.899999618530273,1.1100901,1769652506422
3729,977534976,1769652507094,21:08:27.094,42.3450576,-71.082584,9.85,-22.899999618530273,1.097587,1769652506920
3730,977797120,1769652507674,21:08:27.674,42.3450576,-71.082584,9.85,-22.899999618530273,1.097587,1769652506920
3731,978059264,1769652508204,21:08:28.204,42.3450576,-71.082584,9.85,-22.899999618530273,1.097587,1769652506920
3732,978321408,1769652508755,21:08:28.755,42.3450459,-71.082594,9.766,-22.899999618530273,1.0359468,1769652508417
3733,978583552,1769652509325,21:08:29.325,42.3450459,-71.082594,9.766,-22.899999618530273,1.0359468,1769652508417
3734,978845696,1769652509888,21:08:29.888,42.3450459,-71.082594,9.766,-22.899999618530273,1.0359468,1769652508417
3735,979107840,1769652510475,21:08:30.475,42.3450459,-71.082594,9.766,-22.899999618530273,1.0359468,1769652508417
3736,979369984,1769652510955,21:08:30.955,42.3450459,-71.082594,9.766,-22.899999618530273,1.0359468,1769652508417
3737,979632128,1769652516836,21:08:36.836,42.3450738,-71.082632,8.88,-22.799999237060547,0.08981807,1769652514949
3738,979894272,1769652520958,21:08:40.958,42.3450738,-71.082632,8.88,-22.799999237060547,0.08981807,1769652514949
3739,980156416,1769652521396,21:08:41.396,42.3450738,-71.082632,8.88,-22.799999237060547,0.08981807,1769652514949
3740,980418560,1769652522086,21:08:42.086,42.3450747,-71.082626,9.872,-17.297027072455965,0.017339543,1769652521692
3741,980680704,1769652522584,21:08:42.584,42.3450747,-71.082626,9.872,-17.297027072455965,0.017339543,1769652521692
3742,980942848,1769652523139,21:08:43.139,42.3450747,-71.082626,9.872,-17.297027072455965,0.017339543,1769652521692
3743,981204992,1769652523634,21:08:43.634,42.3450747,-71.082626,9.872,-17.297027072455965,0.017339543,1769652521692
3744,981467136,1769652524082,21:08:44.082,42.3450747,-71.082626,9.872,-17.297027072455965,0.017339543,1769652521692
3745,981729280,1769652524642,21:08:44.642,42.3450747,-71.082626,9.872,-17.297027072455965,0.017339543,1769652521692
3746,981991424,1769652525218,21:08:45.218,42.3450747,-71.082626,9.872,-17.297027072455965,0.017339543,1769652521692
3747,982253568,1769652525723,21:08:45.723,42.3450747,-71.082626,9.872,-17.297027072455965,0.017339543,1769652521692
3748,982515712,1769652526068,21:08:46.068,42.3450747,-71.082626,9.872,-17.297027072455965,0.017339543,1769652521692
3749,982777856,1769652526421,21:08:46.421,42.3450747,-71.082626,9.872,-17.297027072455965,0.017339543,1769652521692
3750,983040000,1769652526832,21:08:46.832,42.3450747,-71.082626,9.872,-17.297027072455965,0.017339543,1769652521692
3751,983302144,1769652527335,21:08:47.335,42.3450747,-71.082626,9.872,-17.297027072455965,0.017339543,1769652521692
3752,983564288,1769652527801,21:08:47.801,42.3450747,-71.082626,9.872,-17.297027072455965,0.017339543,1769652521692
3753,983826432,1769652528259,21:08:48.259,42.3450747,-71.082626,9.872,-17.297027072455965,0.017339543,1769652521692
3754,984088576,1769652528757,21:08:48.757,42.3450543,-71.0826864,17.981,-0.5000001192092896,0.017200883,1769652528456
3755,984350720,1769652529238,21:08:49.238,42.3450543,-71.0826864,17.981,-0.5000001192092896,0.017200883,1769652528456
3756,984612864,1769652529728,21:08:49.728,42.3450507,-71.0826941,23.631,-0.5000001192092896,0.07975697,1769652529717
3757,984875008,1769652530176,21:08:50.176,42.3450507,-71.0826941,23.631,-0.5000001192092896,0.07975697,1769652529717
3758,985137152,1769652530659,21:08:50.659,42.3450489,-71.0826975,25.552,-0.5000001192092896,0.07979275,1769652530314
3759,985399296,1769652531011,21:08:51.011,42.3450489,-71.0826975,25.552,-0.5000001192092896,0.07979275,1769652530314
3760,985661440,1769652531364,21:08:51.364,42.3450473,-71.0826997,27.1,1.1692528850717459,0.5364316,1769652531042
3761,985923584,1769652531708,21:08:51.708,42.345047,-71.0826985,27.817,1.1692528850717459,0.45317325,1769652531594
3762,986185728,1769652532104,21:08:52.104,42.345047,-71.0826985,27.817,1.1692528850717459,0.45317325,1769652531594
3763,986447872,1769652532453,21:08:52.453,42.345047,-71.0826985,27.817,1.1692528850717459,0.45317325,1769652531594
3764,986710016,1769652532900,21:08:52.900,42.345047,-71.0826985,27.817,1.1692528850717459,0.45317325,1769652531594
3765,986972160,1769652533266,21:08:53.266,42.345047,-71.0826985,27.817,1.1692528850717459,0.45317325,1769652531594
3766,987234304,1769652533618,21:08:53.618,42.345047,-71.0826985,27.817,1.1692528850717459,0.45317325,1769652531594
3767,987496448,1769652533967,21:08:53.967,42.345047,-71.0826985,27.817,1.1692528850717459,0.45317325,1769652531594
3768,987758592,1769652534321,21:08:54.321,42.345047,-71.0826985,27.817,1.1692528850717459,0.45317325,1769652531594
3769,988020736,1769652534670,21:08:54.670,42.345047,-71.0826985,27.817,1.1692528850717459,0.45317325,1769652531594
