chunk_index,start_byte,timestamp_ms,formatted_time,lat,lon,accuracy_m
3,786432,1769614489464,10:34:49.464,42.3392474,-71.0904381,20.697
4,1048576,1769614490046,10:34:50.046,42.3392474,-71.0904381,20.697
5,1310720,1769614490398,10:34:50.398,42.3392474,-71.0904381,20.697
6,1572864,1769614490748,10:34:50.748,42.3392474,-71.0904381,20.697
7,1835008,1769614491255,10:34:51.255,42.3392474,-71.0904381,20.697
8,2097152,1769614491864,10:34:51.864,42.3392474,-71.0904381,20.697
9,2359296,1769614492317,10:34:52.317,42.3392474,-71.0904381,20.697
10,2621440,1769614492662,10:34:52.662,42.3392474,-71.0904381,20.697
11,2883584,1769614493020,10:34:53.020,42.3392474,-71.0904381,20.697
12,3145728,1769614493422,10:34:53.422,42.3392474,-71.0904381,20.697
13,3407872,1769614494057,10:34:54.057,42.3392474,-71.0904381,20.697
14,3670016,1769614494543,10:34:54.543,42.3392474,-71.0904381,20.697
15,3932160,1769614494841,10:34:54.841,42.3392474,-71.0904381,20.697
16,4194304,1769614495190,10:34:55.190,42.3392474,-71.0904381,20.697
17,4456448,1769614495540,10:34:55.540,42.3392474,-71.0904381,20.697
18,4718592,1769614496383,10:34:56.383,42.3392474,-71.0904381,20.697
19,4980736,1769614496847,10:34:56.847,42.3392474,-71.0904381,20.697
20,5242880,1769614497137,10:34:57.137,42.3392474,-71.0904381,20.697
21,5505024,1769614497617,10:34:57.617,42.3392474,-71.0904381,20.697
22,5767168,1769614498485,10:34:58.485,42.3392474,-71.0904381,20.697
23,6029312,1769614498982,10:34:58.982,42.3392474,-71.0904381,20.697
24,6291456,1769614499296,10:34:59.296,42.3392474,-71.0904381,20.697
25,6553600,1769614499995,10:34:59.995,42.3392474,-71.0904381,20.697
26,6815744,1769614500644,10:35:00.644,42.3392474,-71.0904381,20.697
27,7077888,1769614501350,10:35:01.350,42.3392474,-71.0904381,20.697
28,7340032,1769614502379,10:35:02.379,42.3392474,-71.0904381,20.697
29,7602176,1769614503145,10:35:03.145,42.3392474,-71.0904381,20.697
30,7864320,1769614503697,10:35:03.697,42.3392474,-71.0904381,20.697
31,8126464,1769614504505,10:35:04.505,42.3392474,-71.0904381,20.697
32,8388608,1769614505027,10:35:05.027,42.3392474,-71.0904381,20.697
33,8650752,1769614505380,10:35:05.380,42.3392474,-71.0904381,20.697
34,8912896,1769614505735,10:35:05.735,42.3392474,-71.0904381,20.697
35,9175040,1769614506085,10:35:06.085,42.3392474,-71.0904381,20.697
36,9437184,1769614506521,10:35:06.521,42.3392474,-71.0904381,20.697
37,9699328,1769614507000,10:35:07.000,42.3392474,-71.0904381,20.697
38,9961472,1769614507703,10:35:07.703,42.3392474,-71.0904381,20.697
39,10223616,1769614508394,10:35:08.394,42.3392474,-71.0904381,20.697
40,10485760,1769614509037,10:35:09.037,42.3392474,-71.0904381,20.697
41,10747904,1769614509525,10:35:09.525,42.3392474,-71.0904381,20.697
42,11010048,1769614509995,10:35:09.995,42.3392474,-71.0904381,20.697
43,11272192,1769614510723,10:35:10.723,42.3392474,-71.0904381,20.697
44,11534336,1769614511510,10:35:11.510,42.3392474,-71.0904381,20.697
45,11796480,1769614512122,10:35:12.122,42.3392474,-71.0904381,20.697
46,12058624,1769614512568,10:35:12.568,42.3392474,-71.0904381,20.697
47,12320768,1769614513119,10:35:13.119,42.3392474,-71.0904381,20.697
48,12582912,1769614513717,10:35:13.717,42.3392474,-71.0904381,20.697
49,12845056,1769614514219,10:35:14.219,42.3392474,-71.0904381,20.697
50,13107200,1769614514637,10:35:14.637,42.3392474,-71.0904381,20.697
51,13369344,1769614514923,10:35:14.923,42.3392474,-71.0904381,20.697
52,13631488,1769614515273,10:35:15.273,42.3392474,-71.0904381,20.697
53,13893632,1769614515775,10:35:15.775,42.3392474,-71.0904381,20.697
54,14155776,1769614516420,10:35:16.420,42.3392474,-71.0904381,20.697
55,14417920,1769614516806,10:35:16.806,42.3392474,-71.0904381,20.697
56,14680064,1769614517149,10:35:17.149,42.3392474,-71.0904381,20.697
57,14942208,1769614517567,10:35:17.567,42.3392474,-71.0904381,20.697
58,15204352,1769614517941,10:35:17.941,42.3392474,-71.0904381,20.697
59,15466496,1769614518263,10:35:18.263,42.3392474,-71.0904381,20.697
60,15728640,1769614518665,10:35:18.665,42.3392474,-71.0904381,20.697
61,15990784,1769614519017,10:35:19.017,42.3392474,-71.0904381,20.697
62,16252928,1769614519367,10:35:19.367,42.3392474,-71.0904381,20.697
63,16515072,1769614519718,10:35:19.718,42.3392474,-71.0904381,20.697
64,16777216,1769614520097,10:35:20.097,42.3392474,-71.0904381,20.697
65,17039360,1769614520442,10:35:20.442,42.3392474,-71.0904381,20.697
66,17301504,1769614520893,10:35:20.893,42.3392474,-71.0904381,20.697
67,17563648,1769614521247,10:35:21.247,42.3392474,-71.0904381,20.697
68,17825792,1769614521610,10:35:21.610,42.3392474,-71.0904381,20.697
69,18087936,1769614522018,10:35:22.018,42.3392474,-71.0904381,20.697
70,18350080,1769614522607,10:35:22.607,42.3392474,-71.0904381,20.697
71,18612224,1769614523096,10:35:23.096,42.3392474,-71.0904381,20.697
72,18874368,1769614523380,10:35:23.380,42.3392474,-71.0904381,20.697
73,19136512,1769614523731,10:35:23.731,42.3392474,-71.0904381,20.697
74,19398656,1769614524165,10:35:24.165,42.3392474,-71.0904381,20.697
75,19660800,1769614524581,10:35:24.581,42.3392474,-71.0904381,20.697
76,19922944,1769614525262,10:35:25.262,42.3392474,-71.0904381,20.697
77,20185088,1769614525747,10:35:25.747,42.3392474,-71.0904381,20.697
78,20447232,1769614526019,10:35:26.019,42.3392474,-71.0904381,20.697
79,20709376,1769614526307,10:35:26.307,42.3392474,-71.0904381,20.697
80,20971520,1769614526655,10:35:26.655,42.3392474,-71.0904381,20.697
81,21233664,1769614527247,10:35:27.247,42.3392474,-71.0904381,20.697
82,21495808,1769614527743,10:35:27.743,42.3392474,-71.0904381,20.697
83,21757952,1769614528010,10:35:28.010,42.3392474,-71.0904381,20.697
84,22020096,1769614528500,10:35:28.500,42.3392474,-71.0904381,20.697
85,22282240,1769614529027,10:35:29.027,42.3392474,-71.0904381,20.697
86,22544384,1769614529638,10:35:29.638,42.3392474,-71.0904381,20.697
87,22806528,1769614530077,10:35:30.077,42.3392474,-71.0904381,20.697
88,23068672,1769614530497,10:35:30.497,42.3392474,-71.0904381,20.697
89,23330816,1769614531082,10:35:31.082,42.3392474,-71.0904381,20.697
90,23592960,1769614531747,10:35:31.747,42.3392474,-71.0904381,20.697
91,23855104,1769614532150,10:35:32.150,42.3392474,-71.0904381,20.697
92,24117248,1769614532451,10:35:32.451,42.3392474,-71.0904381,20.697
93,24379392,1769614532799,10:35:32.799,42.3392474,-71.0904381,20.697
94,24641536,1769614533547,10:35:33.547,42.3392474,-71.0904381,20.697
95,24903680,1769614534176,10:35:34.176,42.3392474,-71.0904381,20.697
96,25165824,1769614534688,10:35:34.688,42.3392474,-71.0904381,20.697
97,25427968,1769614535095,10:35:35.095,42.3392474,-71.0904381,20.697
98,25690112,1769614535661,10:35:35.661,42.3392474,-71.0904381,20.697
99,25952256,1769614536525,10:35:36.525,42.3392474,-71.0904381,20.697
100,26214400,1769614537207,10:35:37.207,42.3392474,-71.0904381,20.697
101,26476544,1769614537665,10:35:37.665,42.3392474,-71.0904381,20.697
102,26738688,1769614538106,10:35:38.106,42.3392474,-71.0904381,20.697
103,27000832,1769614538795,10:35:38.795,42.3392474,-71.0904381,20.697
104,27262976,1769614539511,10:35:39.511,42.3392474,-71.0904381,20.697
105,27525120,1769614539944,10:35:39.944,42.3392474,-71.0904381,20.697
106,27787264,1769614540229,10:35:40.229,42.3392474,-71.0904381,20.697
107,28049408,1769614540567,10:35:40.567,42.3392474,-71.0904381,20.697
108,28311552,1769614540969,10:35:40.969,42.3392474,-71.0904381,20.697
109,28573696,1769614541444,10:35:41.444,42.3392474,-71.0904381,20.697
110,28835840,1769614541906,10:35:41.906,42.3392474,-71.0904381,20.697
111,29097984,1769614542293,10:35:42.293,42.3392474,-71.0904381,20.697
112,29360128,1769614542748,10:35:42.748,42.3392474,-71.0904381,20.697
113,29622272,1769614543101,10:35:43.101,42.3392474,-71.0904381,20.697
114,29884416,1769614543491,10:35:43.491,42.3392474,-71.0904381,20.697
115,30146560,1769614543814,10:35:43.814,42.3392474,-71.0904381,20.697
116,30408704,1769614544165,10:35:44.165,42.3392474,-71.0904381,20.697
117,30670848,1769614544736,10:35:44.736,42.3392474,-71.0904381,20.697
118,30932992,1769614545221,10:35:45.221,42.3392474,-71.0904381,20.697
119,31195136,1769614545646,10:35:45.646,42.3392474,-71.0904381,20.697
120,31457280,1769614546082,10:35:46.082,42.3392474,-71.0904381,20.697
121,31719424,1769614546362,10:35:46.362,42.3392474,-71.0904381,20.697
122,31981568,1769614546712,10:35:46.712,42.3392474,-71.0904381,20.697
123,32243712,1769614547092,10:35:47.092,42.3392474,-71.0904381,20.697
124,32505856,1769614547471,10:35:47.471,42.3392474,-71.0904381,20.697
125,32768000,1769614547897,10:35:47.897,42.3392474,-71.0904381,20.697
126,33030144,1769614548206,10:35:48.206,42.3392474,-71.0904381,20.697
127,33292288,1769614548557,10:35:48.557,42.3392474,-71.0904381,20.697
128,33554432,1769614548970,10:35:48.970,42.3392474,-71.0904381,20.697
129,33816576,1769614549802,10:35:49.802,42.3392474,-71.0904381,20.697
130,34078720,1769614550240,10:35:50.240,42.3392474,-71.0904381,20.697
131,34340864,1769614551060,10:35:51.060,42.3392474,-71.0904381,20.697
132,34603008,1769614552231,10:35:52.231,42.3392474,-71.0904381,20.697
133,34865152,1769614552707,10:35:52.707,42.3392474,-71.0904381,20.697
134,35127296,1769614553201,10:35:53.201,42.3392474,-71.0904381,20.697
135,35389440,1769614553643,10:35:53.643,42.3392474,-71.0904381,20.697
136,35651584,1769614553913,10:35:53.913,42.3392474,-71.0904381,20.697
137,35913728,1769614554248,10:35:54.248,42.3392474,-71.0904381,20.697
138,36175872,1769614554665,10:35:54.665,42.3392474,-71.0904381,20.697
139,36438016,1769614554949,10:35:54.949,42.3392474,-71.0904381,20.697
140,36700160,1769614555300,10:35:55.300,42.3392474,-71.0904381,20.697
141,36962304,1769614555695,10:35:55.695,42.3392474,-71.0904381,20.697
142,37224448,1769614556096,10:35:56.096,42.3392474,-71.0904381,20.697
143,37486592,1769614556505,10:35:56.505,42.3392474,-71.0904381,20.697
144,37748736,1769614556795,10:35:56.795,42.3392474,-71.0904381,20.697
145,38010880,1769614557146,10:35:57.146,42.3392474,-71.0904381,20.697
146,38273024,1769614557548,10:35:57.548,42.3392474,-71.0904381,20.697
147,38535168,1769614557845,10:35:57.845,42.3392474,-71.0904381,20.697
148,38797312,1769614558213,10:35:58.213,42.3392474,-71.0904381,20.697
149,39059456,1769614558873,10:35:58.873,42.3392474,-71.0904381,20.697
150,39321600,1769614559358,10:35:59.358,42.3392474,-71.0904381,20.697
151,39583744,1769614559617,10:35:59.617,42.3392474,-71.0904381,20.697
152,39845888,1769614560031,10:36:00.031,42.3392474,-71.0904381,20.697
153,40108032,1769614560431,10:36:00.431,42.3392474,-71.0904381,20.697
154,40370176,1769614560986,10:36:00.986,42.3392474,-71.0904381,20.697
155,40632320,1769614561460,10:36:01.460,42.3392474,-71.0904381,20.697
156,40894464,1769614561842,10:36:01.842,42.3392474,-71.0904381,20.697
157,41156608,1769614562188,10:36:02.188,42.3392474,-71.0904381,20.697
158,41418752,1769614562540,10:36:02.540,42.3392474,-71.0904381,20.697
159,41680896,1769614562930,10:36:02.930,42.3392474,-71.0904381,20.697
160,41943040,1769614563263,10:36:03.263,42.3392474,-71.0904381,20.697
161,42205184,1769614564201,10:36:04.201,42.3392474,-71.0904381,20.697
162,42467328,1769614564895,10:36:04.895,42.3392474,-71.0904381,20.697
163,42729472,1769614565767,10:36:05.767,42.3392474,-71.0904381,20.697
164,42991616,1769614566487,10:36:06.487,42.3392474,-71.0904381,20.697
165,43253760,1769614567116,10:36:07.116,42.3392474,-71.0904381,20.697
166,43515904,1769614567844,10:36:07.844,42.3392474,-71.0904381,20.697
167,43778048,1769614568374,10:36:08.374,42.3392474,-71.0904381,20.697
168,44040192,1769614568646,10:36:08.646,42.3392474,-71.0904381,20.697
169,44302336,1769614568979,10:36:08.979,42.3392474,-71.0904381,20.697
170,44564480,1769614569365,10:36:09.365,42.3392474,-71.0904381,20.697
171,44826624,1769614569678,10:36:09.678,42.3392474,-71.0904381,20.697
172,45088768,1769614570044,10:36:10.044,42.3392474,-71.0904381,20.697
173,45350912,1769614570583,10:36:10.583,42.3392474,-71.0904381,20.697
174,45613056,1769614571065,10:36:11.065,42.3392474,-71.0904381,20.697
175,45875200,1769614571583,10:36:11.583,42.3392474,-71.0904381,20.697
176,46137344,1769614572054,10:36:12.054,42.3392474,-71.0904381,20.697
177,46399488,1769614572673,10:36:12.673,42.3392474,-71.0904381,20.697
178,46661632,1769614573319,10:36:13.319,42.3392474,-71.0904381,20.697
179,46923776,1769614573812,10:36:13.812,42.3392474,-71.0904381,20.697
180,47185920,1769614574111,10:36:14.111,42.3392474,-71.0904381,20.697
181,47448064,1769614574518,10:36:14.518,42.3392474,-71.0904381,20.697
182,47710208,1769614574993,10:36:14.993,42.3392474,-71.0904381,20.697
183,47972352,1769614575619,10:36:15.619,42.3392474,-71.0904381,20.697
184,48234496,1769614576492,10:36:16.492,42.3392474,-71.0904381,20.697
185,48496640,1769614577278,10:36:17.278,42.3392474,-71.0904381,20.697
186,48758784,1769614577754,10:36:17.754,42.3392474,-71.0904381,20.697
187,49020928,1769614578076,10:36:18.076,42.3392474,-71.0904381,20.697
188,49283072,1769614578424,10:36:18.424,42.3392474,-71.0904381,20.697
189,49545216,1769614578846,10:36:18.846,42.3392474,-71.0904381,20.697
190,49807360,1769614579393,10:36:19.393,42.3392474,-71.0904381,20.697
191,50069504,1769614579802,10:36:19.802,42.3392474,-71.0904381,20.697
192,50331648,1769614580207,10:36:20.207,42.3392474,-71.0904381,20.697
193,50593792,1769614580508,10:36:20.508,42.3392474,-71.0904381,20.697
194,50855936,1769614580859,10:36:20.859,42.3392474,-71.0904381,20.697
195,51118080,1769614581267,10:36:21.267,42.3392474,-71.0904381,20.697
196,51380224,1769614581809,10:36:21.809,42.3392474,-71.0904381,20.697
197,51642368,1769614582278,10:36:22.278,42.3392474,-71.0904381,20.697
198,51904512,1769614582553,10:36:22.553,42.3392474,-71.0904381,20.697
199,52166656,1769614582863,10:36:22.863,42.3392474,-71.0904381,20.697
200,52428800,1769614583220,10:36:23.220,42.3392474,-71.0904381,20.697
201,52690944,1769614583577,10:36:23.577,42.3392474,-71.0904381,20.697
202,52953088,1769614583953,10:36:23.953,42.3392474,-71.0904381,20.697
203,53215232,1769614584279,10:36:24.279,42.3392474,-71.0904381,20.697
204,53477376,1769614584731,10:36:24.731,42.3392474,-71.0904381,20.697
205,53739520,1769614585101,10:36:25.101,42.3392474,-71.0904381,20.697
206,54001664,1769614585435,10:36:25.435,42.3392474,-71.0904381,20.697
207,54263808,1769614585874,10:36:25.874,42.3392474,-71.0904381,20.697
208,54525952,1769614586343,10:36:26.343,42.3392474,-71.0904381,20.697
209,54788096,1769614586798,10:36:26.798,42.3392474,-71.0904381,20.697
210,55050240,1769614587197,10:36:27.197,42.3392474,-71.0904381,20.697
211,55312384,1769614587546,10:36:27.546,42.3392474,-71.0904381,20.697
212,55574528,1769614587919,10:36:27.919,42.3392474,-71.0904381,20.697
213,55836672,1769614588286,10:36:28.286,42.3392474,-71.0904381,20.697
214,56098816,1769614588985,10:36:28.985,42.3392474,-71.0904381,20.697
215,56360960,1769614589364,10:36:29.364,42.3392474,-71.0904381,20.697
216,56623104,1769614589685,10:36:29.685,42.3392474,-71.0904381,20.697
217,56885248,1769614590508,10:36:30.508,42.3392474,-71.0904381,20.697
218,57147392,1769614591335,10:36:31.335,42.3392474,-71.0904381,20.697
219,57409536,1769614591881,10:36:31.881,42.3392474,-71.0904381,20.697
220,57671680,1769614592368,10:36:32.368,42.3392474,-71.0904381,20.697
221,57933824,1769614593019,10:36:33.019,42.3392474,-71.0904381,20.697
222,58195968,1769614593494,10:36:33.494,42.3392474,-71.0904381,20.697
223,58458112,1769614593779,10:36:33.779,42.3392474,-71.0904381,20.697
224,58720256,1769614594121,10:36:34.121,42.3392474,-71.0904381,20.697
225,58982400,1769614594475,10:36:34.475,42.3392474,-71.0904381,20.697
226,59244544,1769614594825,10:36:34.825,42.3392474,-71.0904381,20.697
227,59506688,1769614595201,10:36:35.201,42.3392474,-71.0904381,20.697
228,59768832,1769614595551,10:36:35.551,42.3392474,-71.0904381,20.697
229,60030976,1769614595947,10:36:35.947,42.3392474,-71.0904381,20.697
230,60293120,1769614596251,10:36:36.251,42.3392474,-71.0904381,20.697
231,60555264,1769614596602,10:36:36.602,42.3392474,-71.0904381,20.697
232,60817408,1769614596954,10:36:36.954,42.3392474,-71.0904381,20.697
233,61079552,1769614597302,10:36:37.302,42.3392474,-71.0904381,20.697
234,61341696,1769614597654,10:36:37.654,42.3392474,-71.0904381,20.697
235,61603840,1769614598038,10:36:38.038,42.3392474,-71.0904381,20.697
236,61865984,1769614598565,10:36:38.565,42.3392474,-71.0904381,20.697
237,62128128,1769614599073,10:36:39.073,42.3392474,-71.0904381,20.697
238,62390272,1769614599816,10:36:39.816,42.3392474,-71.0904381,20.697
239,62652416,1769614600478,10:36:40.478,42.3392474,-71.0904381,20.697
240,62914560,1769614600931,10:36:40.931,42.3392474,-71.0904381,20.697
241,63176704,1769614601207,10:36:41.207,42.3392474,-71.0904381,20.697
242,63438848,1769614601628,10:36:41.628,42.3392474,-71.0904381,20.697
243,63700992,1769614602036,10:36:42.036,42.3392474,-71.0904381,20.697
244,63963136,1769614602514,10:36:42.514,42.3392474,-71.0904381,20.697
245,64225280,1769614602992,10:36:42.992,42.3392474,-71.0904381,20.697
246,64487424,1769614603558,10:36:43.558,42.3392474,-71.0904381,20.697
247,64749568,1769614604037,10:36:44.037,42.3392474,-71.0904381,20.697
248,65011712,1769614604305,10:36:44.305,42.3392474,-71.0904381,20.697
249,65273856,1769614604620,10:36:44.620,42.3392474,-71.0904381,20.697
250,65536000,1769614605045,10:36:45.045,42.3392474,-71.0904381,20.697
251,65798144,1769614605613,10:36:45.613,42.3392474,-71.0904381,20.697
252,66060288,1769614606108,10:36:46.108,42.3392474,-71.0904381,20.697
253,66322432,1769614606459,10:36:46.459,42.3392474,-71.0904381,20.697
254,66584576,1769614607029,10:36:47.029,42.3392474,-71.0904381,20.697
255,66846720,1769614607541,10:36:47.541,42.3392474,-71.0904381,20.697
256,67108864,1769614608130,10:36:48.130,42.3392474,-71.0904381,20.697
257,67371008,1769614608610,10:36:48.610,42.3392474,-71.0904381,20.697
258,67633152,1769614608855,10:36:48.855,42.3392474,-71.0904381,20.697
259,67895296,1769614609247,10:36:49.247,42.3392474,-71.0904381,20.697
260,68157440,1769614609766,10:36:49.766,42.3392474,-71.0904381,20.697
261,68419584,1769614610493,10:36:50.493,42.3392474,-71.0904381,20.697
262,68681728,1769614611006,10:36:51.006,42.3392474,-71.0904381,20.697
263,68943872,1769614611272,10:36:51.272,42.3392474,-71.0904381,20.697
264,69206016,1769614611584,10:36:51.584,42.3392474,-71.0904381,20.697
265,69468160,1769614611934,10:36:51.934,42.3392474,-71.0904381,20.697
266,69730304,1769614612466,10:36:52.466,42.3392474,-71.0904381,20.697
267,69992448,1769614612893,10:36:52.893,42.3392474,-71.0904381,20.697
268,70254592,1769614613445,10:36:53.445,42.3392474,-71.0904381,20.697
269,70516736,1769614614266,10:36:54.266,42.3392474,-71.0904381,20.697
270,70778880,1769614614854,10:36:54.854,42.3392474,-71.0904381,20.697
271,71041024,1769614615217,10:36:55.217,42.3392474,-71.0904381,20.697
272,71303168,1769614615647,10:36:55.647,42.3392474,-71.0904381,20.697
273,71565312,1769614616575,10:36:56.575,42.3392474,-71.0904381,20.697
274,71827456,1769614617082,10:36:57.082,42.3392474,-71.0904381,20.697
275,72089600,1769614617662,10:36:57.662,42.3392474,-71.0904381,20.697
276,72351744,1769614618208,10:36:58.208,42.3392474,-71.0904381,20.697
277,72613888,1769614619289,10:36:59.289,42.3392474,-71.0904381,20.697
278,72876032,1769614620570,10:37:00.570,42.3392474,-71.0904381,20.697
279,73138176,1769614621239,10:37:01.239,42.3392474,-71.0904381,20.697
280,73400320,1769614621689,10:37:01.689,42.3392474,-71.0904381,20.697
281,73662464,1769614622528,10:37:02.528,42.3392474,-71.0904381,20.697
282,73924608,1769614623405,10:37:03.405,42.3392474,-71.0904381,20.697
283,74186752,1769614623957,10:37:03.957,42.3392474,-71.0904381,20.697
284,74448896,1769614624640,10:37:04.640,42.3392474,-71.0904381,20.697
285,74711040,1769614625049,10:37:05.049,42.3392474,-71.0904381,20.697
286,74973184,1769614625638,10:37:05.638,42.3392474,-71.0904381,20.697
287,75235328,1769614626482,10:37:06.482,42.3392474,-71.0904381,20.697
288,75497472,1769614626910,10:37:06.910,42.3392474,-71.0904381,20.697
289,75759616,1769614627423,10:37:07.423,42.3392474,-71.0904381,20.697
290,76021760,1769614628248,10:37:08.248,42.3392474,-71.0904381,20.697
291,76283904,1769614628929,10:37:08.929,42.3392474,-71.0904381,20.697
292,76546048,1769614629417,10:37:09.417,42.3392474,-71.0904381,20.697
293,76808192,1769614629680,10:37:09.680,42.3392474,-71.0904381,20.697
294,77070336,1769614630041,10:37:10.041,42.3392474,-71.0904381,20.697
295,77332480,1769614630549,10:37:10.549,42.3392474,-71.0904381,20.697
296,77594624,1769614631208,10:37:11.208,42.3392474,-71.0904381,20.697
297,77856768,1769614631741,10:37:11.741,42.3392474,-71.0904381,20.697
298,78118912,1769614632034,10:37:12.034,42.3392474,-71.0904381,20.697
299,78381056,1769614632384,10:37:12.384,42.3392474,-71.0904381,20.697
300,78643200,1769614632735,10:37:12.735,42.3392474,-71.0904381,20.697
301,78905344,1769614633289,10:37:13.289,42.3392474,-71.0904381,20.697
302,79167488,1769614633876,10:37:13.876,42.3392474,-71.0904381,20.697
303,79429632,1769614634348,10:37:14.348,42.3392474,-71.0904381,20.697
304,79691776,1769614634791,10:37:14.791,42.3392474,-71.0904381,20.697
305,79953920,1769614635145,10:37:15.145,42.3392474,-71.0904381,20.697
306,80216064,1769614635494,10:37:15.494,42.3392474,-71.0904381,20.697
307,80478208,1769614635844,10:37:15.844,42.3392474,-71.0904381,20.697
308,80740352,1769614636389,10:37:16.389,42.3392474,-71.0904381,20.697
309,81002496,1769614636911,10:37:16.911,42.3392474,-71.0904381,20.697
310,81264640,1769614637370,10:37:17.370,42.3392474,-71.0904381,20.697
311,81526784,1769614637779,10:37:17.779,42.3392474,-71.0904381,20.697
312,81788928,1769614638121,10:37:18.121,42.3392474,-71.0904381,20.697
313,82051072,1769614638557,10:37:18.557,42.3392474,-71.0904381,20.697
314,82313216,1769614639025,10:37:19.025,42.3392474,-71.0904381,20.697
315,82575360,1769614639448,10:37:19.448,42.3392474,-71.0904381,20.697
316,82837504,1769614640119,10:37:20.119,42.3392474,-71.0904381,20.697
317,83099648,1769614640414,10:37:20.414,42.3392474,-71.0904381,20.697
318,83361792,1769614640699,10:37:20.699,42.3392474,-71.0904381,20.697
319,83623936,1769614640982,10:37:20.982,42.3392474,-71.0904381,20.697
320,83886080,1769614641359,10:37:21.359,42.3392474,-71.0904381,20.697
321,84148224,1769614642093,10:37:22.093,42.3392474,-71.0904381,20.697
322,84410368,1769614642545,10:37:22.545,42.3392474,-71.0904381,20.697
323,84672512,1769614643231,10:37:23.231,42.3392474,-71.0904381,20.697
324,84934656,1769614643728,10:37:23.728,42.3392474,-71.0904381,20.697
325,85196800,1769614644084,10:37:24.084,42.3392474,-71.0904381,20.697
326,85458944,1769614644546,10:37:24.546,42.3392474,-71.0904381,20.697
327,85721088,1769614645113,10:37:25.113,42.3392474,-71.0904381,20.697
328,85983232,1769614645671,10:37:25.671,42.3392474,-71.0904381,20.697
329,86245376,1769614646206,10:37:26.206,42.3392474,-71.0904381,20.697
330,86507520,1769614646632,10:37:26.632,42.3392474,-71.0904381,20.697
331,86769664,1769614646929,10:37:26.929,42.3392474,-71.0904381,20.697
332,87031808,1769614647279,10:37:27.279,42.3392474,-71.0904381,20.697
333,87293952,1769614647629,10:37:27.629,42.3392474,-71.0904381,20.697
334,87556096,1769614647993,10:37:27.993,42.3392474,-71.0904381,20.697
335,87818240,1769614648380,10:37:28.380,42.3392474,-71.0904381,20.697
336,88080384,1769614648694,10:37:28.694,42.3392474,-71.0904381,20.697
337,88342528,1769614649044,10:37:29.044,42.3392474,-71.0904381,20.697
338,88604672,1769614649393,10:37:29.393,42.3392474,-71.0904381,20.697
339,88866816,1769614649747,10:37:29.747,42.3392474,-71.0904381,20.697
340,89128960,1769614650095,10:37:30.095,42.3392474,-71.0904381,20.697
341,89391104,1769614650446,10:37:30.446,42.3392474,-71.0904381,20.697
342,89653248,1769614650802,10:37:30.802,42.3392474,-71.0904381,20.697
343,89915392,1769614651148,10:37:31.148,42.3392474,-71.0904381,20.697
344,90177536,1769614651524,10:37:31.524,42.3392474,-71.0904381,20.697
345,90439680,1769614652120,10:37:32.120,42.3392474,-71.0904381,20.697
346,90701824,1769614652606,10:37:32.606,42.3392474,-71.0904381,20.697
347,90963968,1769614652874,10:37:32.874,42.3392474,-71.0904381,20.697
348,91226112,1769614653166,10:37:33.166,42.3392474,-71.0904381,20.697
349,91488256,1769614653519,10:37:33.519,42.3392474,-71.0904381,20.697
350,91750400,1769614654093,10:37:34.093,42.3392474,-71.0904381,20.697
351,92012544,1769614654603,10:37:34.603,42.3392474,-71.0904381,20.697
352,92274688,1769614655028,10:37:35.028,42.3392474,-71.0904381,20.697
353,92536832,1769614655387,10:37:35.387,42.3392474,-71.0904381,20.697
354,92798976,1769614655818,10:37:35.818,42.3392474,-71.0904381,20.697
355,93061120,1769614656417,10:37:36.417,42.3392474,-71.0904381,20.697
356,93323264,1769614656926,10:37:36.926,42.3392474,-71.0904381,20.697
357,93585408,1769614657277,10:37:37.277,42.3392474,-71.0904381,20.697
358,93847552,1769614657628,10:37:37.628,42.3392474,-71.0904381,20.697
359,94109696,1769614658079,10:37:38.079,42.3392474,-71.0904381,20.697
360,94371840,1769614658394,10:37:38.394,42.3392474,-71.0904381,20.697
361,94633984,1769614658738,10:37:38.738,42.3392474,-71.0904381,20.697
362,94896128,1769614659182,10:37:39.182,42.3392474,-71.0904381,20.697
363,95158272,1769614659542,10:37:39.542,42.3392474,-71.0904381,20.697
364,95420416,1769614659894,10:37:39.894,42.3392474,-71.0904381,20.697
365,95682560,1769614660360,10:37:40.360,42.3392474,-71.0904381,20.697
366,95944704,1769614660834,10:37:40.834,42.3392474,-71.0904381,20.697
367,96206848,1769614661261,10:37:41.261,42.3392474,-71.0904381,20.697
368,96468992,1769614661575,10:37:41.575,42.3392474,-71.0904381,20.697
369,96731136,1769614661935,10:37:41.935,42.3392474,-71.0904381,20.697
370,96993280,1769614662285,10:37:42.285,42.3392474,-71.0904381,20.697
371,97255424,1769614662635,10:37:42.635,42.3392474,-71.0904381,20.697
372,97517568,1769614663000,10:37:43.000,42.3392474,-71.0904381,20.697
373,97779712,1769614663346,10:37:43.346,42.3392474,-71.0904381,20.697
374,98041856,1769614663756,10:37:43.756,42.3392474,-71.0904381,20.697
375,98304000,1769614664107,10:37:44.107,42.3392474,-71.0904381,20.697
376,98566144,1769614664595,10:37:44.595,42.3392474,-71.0904381,20.697
377,98828288,1769614665244,10:37:45.244,42.3392474,-71.0904381,20.697
378,99090432,1769614665826,10:37:45.826,42.3392474,-71.0904381,20.697
379,99352576,1769614666206,10:37:46.206,42.3392474,-71.0904381,20.697
380,99614720,1769614666681,10:37:46.681,42.3392474,-71.0904381,20.697
381,99876864,1769614667111,10:37:47.111,42.3392474,-71.0904381,20.697
382,100139008,1769614667403,10:37:47.403,42.3392474,-71.0904381,20.697
383,100401152,1769614667954,10:37:47.954,42.3392474,-71.0904381,20.697
384,100663296,1769614668522,10:37:48.522,42.3392474,-71.0904381,20.697
385,100925440,1769614669189,10:37:49.189,42.3392474,-71.0904381,20.697
386,101187584,1769614669642,10:37:49.642,42.3392474,-71.0904381,20.697
387,101449728,1769614669924,10:37:49.924,42.3392474,-71.0904381,20.697
388,101711872,1769614670487,10:37:50.487,42.3392474,-71.0904381,20.697
389,101974016,1769614670919,10:37:50.919,42.3392474,-71.0904381,20.697
390,102236160,1769614671449,10:37:51.449,42.3392474,-71.0904381,20.697
391,102498304,1769614671842,10:37:51.842,42.3392474,-71.0904381,20.697
392,102760448,1769614672302,10:37:52.302,42.3392474,-71.0904381,20.697
393,103022592,1769614672806,10:37:52.806,42.3392474,-71.0904381,20.697
394,103284736,1769614673241,10:37:53.241,42.3392474,-71.0904381,20.697
395,103546880,1769614673635,10:37:53.635,42.3392474,-71.0904381,20.697
396,103809024,1769614674107,10:37:54.107,42.3392474,-71.0904381,20.697
397,104071168,1769614674578,10:37:54.578,42.3392474,-71.0904381,20.697
398,104333312,1769614675019,10:37:55.019,42.3392474,-71.0904381,20.697
399,104595456,1769614675425,10:37:55.425,42.3392474,-71.0904381,20.697
400,104857600,1769614675777,10:37:55.777,42.3392474,-71.0904381,20.697
401,105119744,1769614676134,10:37:56.134,42.3392474,-71.0904381,20.697
402,105381888,1769614676586,10:37:56.586,42.3392474,-71.0904381,20.697
403,105644032,1769614677173,10:37:57.173,42.3392474,-71.0904381,20.697
404,105906176,1769614677785,10:37:57.785,42.3392474,-71.0904381,20.697
405,106168320,1769614678518,10:37:58.518,42.3392474,-71.0904381,20.697
406,106430464,1769614679008,10:37:59.008,42.3392474,-71.0904381,20.697
407,106692608,1769614679695,10:37:59.695,42.3392474,-71.0904381,20.697
408,106954752,1769614681235,10:38:01.235,42.3392474,-71.0904381,20.697
409,107216896,1769614681886,10:38:01.886,42.3392474,-71.0904381,20.697
410,107479040,1769614683323,10:38:03.323,42.3392474,-71.0904381,20.697
411,107741184,1769614684330,10:38:04.330,42.3392474,-71.0904381,20.697
412,108003328,1769614684801,10:38:04.801,42.3392474,-71.0904381,20.697
413,108265472,1769614685772,10:38:05.772,42.3392474,-71.0904381,20.697
414,108527616,1769614686950,10:38:06.950,42.3392474,-71.0904381,20.697
415,108789760,1769614687546,10:38:07.546,42.3392474,-71.0904381,20.697
416,109051904,1769614688332,10:38:08.332,42.3392474,-71.0904381,20.697
417,109314048,1769614689027,10:38:09.027,42.3392474,-71.0904381,20.697
418,109576192,1769614689601,10:38:09.601,42.3392474,-71.0904381,20.697
419,109838336,1769614690169,10:38:10.169,42.3392474,-71.0904381,20.697
420,110100480,1769614690638,10:38:10.638,42.3392474,-71.0904381,20.697
421,110362624,1769614691069,10:38:11.069,42.3392474,-71.0904381,20.697
422,110624768,1769614692017,10:38:12.017,42.3392474,-71.0904381,20.697
423,110886912,1769614692786,10:38:12.786,42.3392474,-71.0904381,20.697
424,111149056,1769614693265,10:38:13.265,42.3392474,-71.0904381,20.697
425,111411200,1769614693698,10:38:13.698,42.3392474,-71.0904381,20.697
426,111673344,1769614694200,10:38:14.200,42.3392474,-71.0904381,20.697
427,111935488,1769614694658,10:38:14.658,42.3392474,-71.0904381,20.697
428,112197632,1769614695233,10:38:15.233,42.3392474,-71.0904381,20.697
429,112459776,1769614695878,10:38:15.878,42.3392474,-71.0904381,20.697
430,112721920,1769614696323,10:38:16.323,42.3392474,-71.0904381,20.697
431,112984064,1769614696579,10:38:16.579,42.3392474,-71.0904381,20.697
432,113246208,1769614697030,10:38:17.030,42.3392474,-71.0904381,20.697
433,113508352,1769614697498,10:38:17.498,42.3392474,-71.0904381,20.697
434,113770496,1769614697848,10:38:17.848,42.3392474,-71.0904381,20.697
435,114032640,1769614698223,10:38:18.223,42.3392474,-71.0904381,20.697
436,114294784,1769614698513,10:38:18.513,42.3392474,-71.0904381,20.697
437,114556928,1769614698990,10:38:18.990,42.3392474,-71.0904381,20.697
438,114819072,1769614699473,10:38:19.473,42.3392474,-71.0904381,20.697
439,115081216,1769614699785,10:38:19.785,42.3392474,-71.0904381,20.697
440,115343360,1769614700187,10:38:20.187,42.3392474,-71.0904381,20.697
441,115605504,1769614700857,10:38:20.857,42.3392474,-71.0904381,20.697
442,115867648,1769614701142,10:38:21.142,42.3392474,-71.0904381,20.697
443,116129792,1769614701402,10:38:21.402,42.3392474,-71.0904381,20.697
444,116391936,1769614701650,10:38:21.650,42.3392474,-71.0904381,20.697
445,116654080,1769614702002,10:38:22.002,42.3392474,-71.0904381,20.697
446,116916224,1769614702392,10:38:22.392,42.3392474,-71.0904381,20.697
447,117178368,1769614702742,10:38:22.742,42.3392474,-71.0904381,20.697
448,117440512,1769614703393,10:38:23.393,42.3392474,-71.0904381,20.697
449,117702656,1769614703861,10:38:23.861,42.3392474,-71.0904381,20.697
450,117964800,1769614704127,10:38:24.127,42.3392474,-71.0904381,20.697
451,118226944,1769614704529,10:38:24.529,42.3392474,-71.0904381,20.697
452,118489088,1769614704986,10:38:24.986,42.3392474,-71.0904381,20.697
453,118751232,1769614705262,10:38:25.262,42.3392474,-71.0904381,20.697
454,119013376,1769614705751,10:38:25.751,42.3392474,-71.0904381,20.697
455,119275520,1769614706366,10:38:26.366,42.3392474,-71.0904381,20.697
456,119537664,1769614706825,10:38:26.825,42.3392474,-71.0904381,20.697
457,119799808,1769614707391,10:38:27.391,42.3392474,-71.0904381,20.697
458,120061952,1769614707870,10:38:27.870,42.3392474,-71.0904381,20.697
459,120324096,1769614708122,10:38:28.122,42.3392474,-71.0904381,20.697
460,120586240,1769614708404,10:38:28.404,42.3392474,-71.0904381,20.697
461,120848384,1769614708971,10:38:28.971,42.3392474,-71.0904381,20.697
462,121110528,1769614709552,10:38:29.552,42.3392474,-71.0904381,20.697
463,121372672,1769614710029,10:38:30.029,42.3392474,-71.0904381,20.697
464,121634816,1769614710308,10:38:30.308,42.3392474,-71.0904381,20.697
465,121896960,1769614710660,10:38:30.660,42.3392474,-71.0904381,20.697
466,122159104,1769614711218,10:38:31.218,42.3392474,-71.0904381,20.697
467,122421248,1769614711689,10:38:31.689,42.3392474,-71.0904381,20.697
468,122683392,1769614712075,10:38:32.075,42.3392474,-71.0904381,20.697
469,122945536,1769614712624,10:38:32.624,42.3392474,-71.0904381,20.697
470,123207680,1769614713140,10:38:33.140,42.3392474,-71.0904381,20.697
471,123469824,1769614713493,10:38:33.493,42.3392474,-71.0904381,20.697
472,123731968,1769614713993,10:38:33.993,42.3392474,-71.0904381,20.697
473,123994112,1769614714574,10:38:34.574,42.3392474,-71.0904381,20.697
474,124256256,1769614715147,10:38:35.147,42.3392474,-71.0904381,20.697
475,124518400,1769614715733,10:38:35.733,42.3392474,-71.0904381,20.697
476,124780544,1769614716260,10:38:36.260,42.3392474,-71.0904381,20.697
477,125042688,1769614716789,10:38:36.789,42.3392474,-71.0904381,20.697
478,125304832,1769614717375,10:38:37.375,42.3392474,-71.0904381,20.697
479,125566976,1769614717835,10:38:37.835,42.3392474,-71.0904381,20.697
480,125829120,1769614718485,10:38:38.485,42.3392474,-71.0904381,20.697
481,126091264,1769614718931,10:38:38.931,42.3392474,-71.0904381,20.697
482,126353408,1769614719242,10:38:39.242,42.3392474,-71.0904381,20.697
483,126615552,1769614719593,10:38:39.593,42.3392474,-71.0904381,20.697
484,126877696,1769614719945,10:38:39.945,42.3392474,-71.0904381,20.697
485,127139840,1769614720391,10:38:40.391,42.3392474,-71.0904381,20.697
486,127401984,1769614720871,10:38:40.871,42.3392474,-71.0904381,20.697
487,127664128,1769614721293,10:38:41.293,42.3392474,-71.0904381,20.697
488,127926272,1769614721723,10:38:41.723,42.3392474,-71.0904381,20.697
489,128188416,1769614722101,10:38:42.101,42.3392474,-71.0904381,20.697
490,128450560,1769614722669,10:38:42.669,42.3392474,-71.0904381,20.697
491,128712704,1769614723238,10:38:43.238,42.3392474,-71.0904381,20.697
492,128974848,1769614723752,10:38:43.752,42.3392474,-71.0904381,20.697
493,129236992,1769614724254,10:38:44.254,42.3392474,-71.0904381,20.697
494,129499136,1769614724678,10:38:44.678,42.3392474,-71.0904381,20.697
495,129761280,1769614725047,10:38:45.047,42.3392474,-71.0904381,20.697
496,130023424,1769614725557,10:38:45.557,42.3392474,-71.0904381,20.697
497,130285568,1769614726304,10:38:46.304,42.3392474,-71.0904381,20.697
498,130547712,1769614726952,10:38:46.952,42.3392474,-71.0904381,20.697
499,130809856,1769614727549,10:38:47.549,42.3392474,-71.0904381,20.697
500,131072000,1769614727918,10:38:47.918,42.3392474,-71.0904381,20.697
501,131334144,1769614728240,10:38:48.240,42.3392474,-71.0904381,20.697
502,131596288,1769614728744,10:38:48.744,42.3392474,-71.0904381,20.697
503,131858432,1769614729417,10:38:49.417,42.3392474,-71.0904381,20.697
504,132120576,1769614729929,10:38:49.929,42.3392474,-71.0904381,20.697
505,132382720,1769614730407,10:38:50.407,42.3392474,-71.0904381,20.697
506,132644864,1769614730864,10:38:50.864,42.3392474,-71.0904381,20.697
507,132907008,1769614731474,10:38:51.474,42.3392474,-71.0904381,20.697
508,133169152,1769614731840,10:38:51.840,42.3392474,-71.0904381,20.697
509,133431296,1769614732424,10:38:52.424,42.3392474,-71.0904381,20.697
510,133693440,1769614733069,10:38:53.069,42.3392474,-71.0904381,20.697
511,133955584,1769614733520,10:38:53.520,42.3392474,-71.0904381,20.697
512,134217728,1769614733891,10:38:53.891,42.3392474,-71.0904381,20.697
513,134479872,1769614734490,10:38:54.490,42.3392474,-71.0904381,20.697
514,134742016,1769614734936,10:38:54.936,42.3392474,-71.0904381,20.697
515,135004160,1769614735421,10:38:55.421,42.3392474,-71.0904381,20.697
516,135266304,1769614735924,10:38:55.924,42.3392474,-71.0904381,20.697
517,135528448,1769614736356,10:38:56.356,42.3392474,-71.0904381,20.697
518,135790592,1769614736713,10:38:56.713,42.3392474,-71.0904381,20.697
519,136052736,1769614737320,10:38:57.320,42.3392474,-71.0904381,20.697
520,136314880,1769614737886,10:38:57.886,42.3392474,-71.0904381,20.697
521,136577024,1769614738508,10:38:58.508,42.3392474,-71.0904381,20.697
522,136839168,1769614739077,10:38:59.077,42.3392474,-71.0904381,20.697
523,137101312,1769614739446,10:38:59.446,42.3392474,-71.0904381,20.697
524,137363456,1769614739996,10:38:59.996,42.3392474,-71.0904381,20.697
525,137625600,1769614740463,10:39:00.463,42.3392474,-71.0904381,20.697
526,137887744,1769614741154,10:39:01.154,42.3392474,-71.0904381,20.697
527,138149888,1769614741813,10:39:01.813,42.3392474,-71.0904381,20.697
528,138412032,1769614742287,10:39:02.287,42.3392474,-71.0904381,20.697
529,138674176,1769614742959,10:39:02.959,42.3392474,-71.0904381,20.697
530,138936320,1769614743459,10:39:03.459,42.3392474,-71.0904381,20.697
531,139198464,1769614743956,10:39:03.956,42.3392474,-71.0904381,20.697
532,139460608,1769614744595,10:39:04.595,42.3392474,-71.0904381,20.697
533,139722752,1769614744984,10:39:04.984,42.3392474,-71.0904381,20.697
534,139984896,1769614745334,10:39:05.334,42.3392474,-71.0904381,20.697
535,140247040,1769614745833,10:39:05.833,42.3392474,-71.0904381,20.697
536,140509184,1769614746361,10:39:06.361,42.3392474,-71.0904381,20.697
537,140771328,1769614746968,10:39:06.968,42.3392474,-71.0904381,20.697
538,141033472,1769614747471,10:39:07.471,42.3392474,-71.0904381,20.697
539,141295616,1769614747890,10:39:07.890,42.3392474,-71.0904381,20.697
540,141557760,1769614748298,10:39:08.298,42.3392474,-71.0904381,20.697
541,141819904,1769614748601,10:39:08.601,42.3392474,-71.0904381,20.697
542,142082048,1769614749082,10:39:09.082,42.3392474,-71.0904381,20.697
543,142344192,1769614749502,10:39:09.502,42.3392474,-71.0904381,20.697
544,142606336,1769614749846,10:39:09.846,42.3392474,-71.0904381,20.697
545,142868480,1769614750268,10:39:10.268,42.3392474,-71.0904381,20.697
546,143130624,1769614750715,10:39:10.715,42.3392474,-71.0904381,20.697
547,143392768,1769614751073,10:39:11.073,42.3392474,-71.0904381,20.697
548,143654912,1769614751416,10:39:11.416,42.3392474,-71.0904381,20.697
549,143917056,1769614751805,10:39:11.805,42.3392474,-71.0904381,20.697
550,144179200,1769614752117,10:39:12.117,42.3392474,-71.0904381,20.697
551,144441344,1769614752567,10:39:12.567,42.3392474,-71.0904381,20.697
552,144703488,1769614752977,10:39:12.977,42.3392474,-71.0904381,20.697
553,144965632,1769614753396,10:39:13.396,42.3392474,-71.0904381,20.697
554,145227776,1769614753746,10:39:13.746,42.3392474,-71.0904381,20.697
555,145489920,1769614754240,10:39:14.240,42.3392474,-71.0904381,20.697
556,145752064,1769614754710,10:39:14.710,42.3392474,-71.0904381,20.697
557,146014208,1769614755145,10:39:15.145,42.3392474,-71.0904381,20.697
558,146276352,1769614755612,10:39:15.612,42.3392474,-71.0904381,20.697
559,146538496,1769614756049,10:39:16.049,42.3392474,-71.0904381,20.697
560,146800640,1769614756543,10:39:16.543,42.3392474,-71.0904381,20.697
561,147062784,1769614756844,10:39:16.844,42.3392474,-71.0904381,20.697
562,147324928,1769614757211,10:39:17.211,42.3392474,-71.0904381,20.697
563,147587072,1769614757565,10:39:17.565,42.3392474,-71.0904381,20.697
564,147849216,1769614757937,10:39:17.937,42.3392474,-71.0904381,20.697
565,148111360,1769614758287,10:39:18.287,42.3392474,-71.0904381,20.697
566,148373504,1769614758634,10:39:18.634,42.3392474,-71.0904381,20.697
567,148635648,1769614759034,10:39:19.034,42.3392474,-71.0904381,20.697
568,148897792,1769614759531,10:39:19.531,42.3392474,-71.0904381,20.697
569,149159936,1769614760008,10:39:20.008,42.3392474,-71.0904381,20.697
570,149422080,1769614760415,10:39:20.415,42.3392474,-71.0904381,20.697
571,149684224,1769614760781,10:39:20.781,42.3392474,-71.0904381,20.697
572,149946368,1769614761540,10:39:21.540,42.3392474,-71.0904381,20.697
573,150208512,1769614761828,10:39:21.828,42.3392474,-71.0904381,20.697
574,150470656,1769614762096,10:39:22.096,42.3392474,-71.0904381,20.697
575,150732800,1769614762353,10:39:22.353,42.3392474,-71.0904381,20.697
576,150994944,1769614762613,10:39:22.613,42.3392474,-71.0904381,20.697
577,151257088,1769614762945,10:39:22.945,42.3392474,-71.0904381,20.697
578,151519232,1769614763327,10:39:23.327,42.3392474,-71.0904381,20.697
579,151781376,1769614763638,10:39:23.638,42.3392474,-71.0904381,20.697
580,152043520,1769614763986,10:39:23.986,42.3392474,-71.0904381,20.697
581,152305664,1769614764337,10:39:24.337,42.3392474,-71.0904381,20.697
582,152567808,1769614764688,10:39:24.688,42.3392474,-71.0904381,20.697
583,152829952,1769614765063,10:39:25.063,42.3392474,-71.0904381,20.697
584,153092096,1769614765392,10:39:25.392,42.3392474,-71.0904381,20.697
585,153354240,1769614765741,10:39:25.741,42.3392474,-71.0904381,20.697
586,153616384,1769614766091,10:39:26.091,42.3392474,-71.0904381,20.697
587,153878528,1769614766505,10:39:26.505,42.3392474,-71.0904381,20.697
588,154140672,1769614766792,10:39:26.792,42.3392474,-71.0904381,20.697
589,154402816,1769614767141,10:39:27.141,42.3392474,-71.0904381,20.697
590,154664960,1769614767634,10:39:27.634,42.3392474,-71.0904381,20.697
591,154927104,1769614768031,10:39:28.031,42.3392474,-71.0904381,20.697
592,155189248,1769614768509,10:39:28.509,42.3392474,-71.0904381,20.697
593,155451392,1769614768961,10:39:28.961,42.3392474,-71.0904381,20.697
594,155713536,1769614769307,10:39:29.307,42.3392474,-71.0904381,20.697
595,155975680,1769614769658,10:39:29.658,42.3392474,-71.0904381,20.697
596,156237824,1769614770007,10:39:30.007,42.3392474,-71.0904381,20.697
597,156499968,1769614770358,10:39:30.358,42.3392474,-71.0904381,20.697
598,156762112,1769614770775,10:39:30.775,42.3392474,-71.0904381,20.697
599,157024256,1769614771221,10:39:31.221,42.3392474,-71.0904381,20.697
600,157286400,1769614771640,10:39:31.640,42.3392474,-71.0904381,20.697
601,157548544,1769614772019,10:39:32.019,42.3392474,-71.0904381,20.697
602,157810688,1769614772370,10:39:32.370,42.3392474,-71.0904381,20.697
603,158072832,1769614772720,10:39:32.720,42.3392474,-71.0904381,20.697
604,158334976,1769614773076,10:39:33.076,42.3392474,-71.0904381,20.697
605,158597120,1769614773523,10:39:33.523,42.3392474,-71.0904381,20.697
606,158859264,1769614773927,10:39:33.927,42.3392474,-71.0904381,20.697
607,159121408,1769614774279,10:39:34.279,42.3392474,-71.0904381,20.697
608,159383552,1769614774630,10:39:34.630,42.3392474,-71.0904381,20.697
609,159645696,1769614775042,10:39:35.042,42.3392474,-71.0904381,20.697
610,159907840,1769614775331,10:39:35.331,42.3392474,-71.0904381,20.697
611,160169984,1769614775681,10:39:35.681,42.3392474,-71.0904381,20.697
612,160432128,1769614776088,10:39:36.088,42.3392474,-71.0904381,20.697
613,160694272,1769614776631,10:39:36.631,42.3392474,-71.0904381,20.697
614,160956416,1769614777068,10:39:37.068,42.3392474,-71.0904381,20.697
615,161218560,1769614777507,10:39:37.507,42.3392474,-71.0904381,20.697
616,161480704,1769614777960,10:39:37.960,42.3392474,-71.0904381,20.697
617,161742848,1769614778229,10:39:38.229,42.3392474,-71.0904381,20.697
618,162004992,1769614778632,10:39:38.632,42.3392474,-71.0904381,20.697
619,162267136,1769614779106,10:39:39.106,42.3392474,-71.0904381,20.697
620,162529280,1769614779496,10:39:39.496,42.3392474,-71.0904381,20.697
621,162791424,1769614779922,10:39:39.922,42.3392474,-71.0904381,20.697
622,163053568,1769614780273,10:39:40.273,42.3392474,-71.0904381,20.697
623,163315712,1769614780624,10:39:40.624,42.3392474,-71.0904381,20.697
624,163577856,1769614781030,10:39:41.030,42.3392474,-71.0904381,20.697
625,163840000,1769614781325,10:39:41.325,42.3392474,-71.0904381,20.697
626,164102144,1769614781674,10:39:41.674,42.3392474,-71.0904381,20.697
627,164364288,1769614782025,10:39:42.025,42.3392474,-71.0904381,20.697
628,164626432,1769614782376,10:39:42.376,42.3392474,-71.0904381,20.697
629,164888576,1769614782725,10:39:42.725,42.3392474,-71.0904381,20.697
630,165150720,1769614783260,10:39:43.260,42.3392474,-71.0904381,20.697
631,165412864,1769614783667,10:39:43.667,42.3392474,-71.0904381,20.697
632,165675008,1769614784162,10:39:44.162,42.3392474,-71.0904381,20.697
633,165937152,1769614784690,10:39:44.690,42.3392474,-71.0904381,20.697
634,166199296,1769614785117,10:39:45.117,42.3392474,-71.0904381,20.697
635,166461440,1769614785611,10:39:45.611,42.3392474,-71.0904381,20.697
636,166723584,1769614786057,10:39:46.057,42.3392474,-71.0904381,20.697
637,166985728,1769614786542,10:39:46.542,42.3392474,-71.0904381,20.697
638,167247872,1769614786984,10:39:46.984,42.3392474,-71.0904381,20.697
639,167510016,1769614787305,10:39:47.305,42.3392474,-71.0904381,20.697
640,167772160,1769614787704,10:39:47.704,42.3392474,-71.0904381,20.697
641,168034304,1769614788064,10:39:48.064,42.3392474,-71.0904381,20.697
642,168296448,1769614788509,10:39:48.509,42.3392474,-71.0904381,20.697
643,168558592,1769614788793,10:39:48.793,42.3392474,-71.0904381,20.697
644,168820736,1769614789164,10:39:49.164,42.3392474,-71.0904381,20.697
645,169082880,1769614789533,10:39:49.533,42.3392474,-71.0904381,20.697
646,169345024,1769614789886,10:39:49.886,42.3392474,-71.0904381,20.697
647,169607168,1769614790278,10:39:50.278,42.3392474,-71.0904381,20.697
648,169869312,1769614790586,10:39:50.586,42.3392474,-71.0904381,20.697
649,170131456,1769614790952,10:39:50.952,42.3392474,-71.0904381,20.697
650,170393600,1769614791301,10:39:51.301,42.3392474,-71.0904381,20.697
651,170655744,1769614791656,10:39:51.656,42.3392474,-71.0904381,20.697
652,170917888,1769614792508,10:39:52.508,42.3392474,-71.0904381,20.697
653,171180032,1769614792775,10:39:52.775,42.3392474,-71.0904381,20.697
654,171442176,1769614793025,10:39:53.025,42.3392474,-71.0904381,20.697
655,171704320,1769614793295,10:39:53.295,42.3392474,-71.0904381,20.697
656,171966464,1769614793553,10:39:53.553,42.3392474,-71.0904381,20.697
657,172228608,1769614793806,10:39:53.806,42.3392474,-71.0904381,20.697
658,172490752,1769614794169,10:39:54.169,42.3392474,-71.0904381,20.697
659,172752896,1769614794583,10:39:54.583,42.3392474,-71.0904381,20.697
660,173015040,1769614794996,10:39:54.996,42.3392474,-71.0904381,20.697
661,173277184,1769614795447,10:39:55.447,42.3392474,-71.0904381,20.697
662,173539328,1769614795893,10:39:55.893,42.3392474,-71.0904381,20.697
663,173801472,1769614796312,10:39:56.312,42.3392474,-71.0904381,20.697
664,174063616,1769614796667,10:39:56.667,42.3392474,-71.0904381,20.697
665,174325760,1769614797117,10:39:57.117,42.3392474,-71.0904381,20.697
666,174587904,1769614797592,10:39:57.592,42.3392474,-71.0904381,20.697
667,174850048,1769614798034,10:39:58.034,42.3392474,-71.0904381,20.697
668,175112192,1769614798450,10:39:58.450,42.3392474,-71.0904381,20.697
669,175374336,1769614798829,10:39:58.829,42.3392474,-71.0904381,20.697
670,175636480,1769614799215,10:39:59.215,42.3392474,-71.0904381,20.697
671,175898624,1769614799566,10:39:59.566,42.3392474,-71.0904381,20.697
672,176160768,1769614800006,10:40:00.006,42.3392474,-71.0904381,20.697
673,176422912,1769614800300,10:40:00.300,42.3392474,-71.0904381,20.697
674,176685056,1769614800658,10:40:00.658,42.3392474,-71.0904381,20.697
675,176947200,1769614801040,10:40:01.040,42.3392474,-71.0904381,20.697
676,177209344,1769614801439,10:40:01.439,42.3392474,-71.0904381,20.697
677,177471488,1769614801800,10:40:01.800,42.3392474,-71.0904381,20.697
678,177733632,1769614802172,10:40:02.172,42.3392474,-71.0904381,20.697
679,177995776,1769614802506,10:40:02.506,42.3392474,-71.0904381,20.697
680,178257920,1769614802930,10:40:02.930,42.3392474,-71.0904381,20.697
681,178520064,1769614803424,10:40:03.424,42.3392474,-71.0904381,20.697
682,178782208,1769614803909,10:40:03.909,42.3392474,-71.0904381,20.697
683,179044352,1769614804335,10:40:04.335,42.3392474,-71.0904381,20.697
684,179306496,1769614804772,10:40:04.772,42.3392474,-71.0904381,20.697
685,179568640,1769614805342,10:40:05.342,42.3392474,-71.0904381,20.697
686,179830784,1769614805844,10:40:05.844,42.3392474,-71.0904381,20.697
687,180092928,1769614806111,10:40:06.111,42.3392474,-71.0904381,20.697
688,180355072,1769614806417,10:40:06.417,42.3392474,-71.0904381,20.697
689,180617216,1769614806851,10:40:06.851,42.3392474,-71.0904381,20.697
690,180879360,1769614807263,10:40:07.263,42.3392474,-71.0904381,20.697
691,181141504,1769614807553,10:40:07.553,42.3392474,-71.0904381,20.697
692,181403648,1769614807919,10:40:07.919,42.3392474,-71.0904381,20.697
693,181665792,1769614808327,10:40:08.327,42.3392474,-71.0904381,20.697
694,181927936,1769614808594,10:40:08.594,42.3392474,-71.0904381,20.697
695,182190080,1769614808893,10:40:08.893,42.3392474,-71.0904381,20.697
696,182452224,1769614809333,10:40:09.333,42.3392474,-71.0904381,20.697
697,182714368,1769614809761,10:40:09.761,42.3392474,-71.0904381,20.697
698,182976512,1769614810057,10:40:10.057,42.3392474,-71.0904381,20.697
699,183238656,1769614810406,10:40:10.406,42.3392474,-71.0904381,20.697
700,183500800,1769614810757,10:40:10.757,42.3392474,-71.0904381,20.697
701,183762944,1769614811115,10:40:11.115,42.3392474,-71.0904381,20.697
702,184025088,1769614811459,10:40:11.459,42.3392474,-71.0904381,20.697
703,184287232,1769614811809,10:40:11.809,42.3392474,-71.0904381,20.697
704,184549376,1769614812160,10:40:12.160,42.3392474,-71.0904381,20.697
705,184811520,1769614812550,10:40:12.550,42.3392474,-71.0904381,20.697
706,185073664,1769614812863,10:40:12.863,42.3392474,-71.0904381,20.697
707,185335808,1769614813225,10:40:13.225,42.3392474,-71.0904381,20.697
708,185597952,1769614813649,10:40:13.649,42.3392474,-71.0904381,20.697
709,185860096,1769614814169,10:40:14.169,42.3392474,-71.0904381,20.697
710,186122240,1769614814552,10:40:14.552,42.3392474,-71.0904381,20.697
711,186384384,1769614814902,10:40:14.902,42.3392474,-71.0904381,20.697
712,186646528,1769614815340,10:40:15.340,42.3392474,-71.0904381,20.697
713,186908672,1769614815747,10:40:15.747,42.3392474,-71.0904381,20.697
714,187170816,1769614816176,10:40:16.176,42.3392474,-71.0904381,20.697
715,187432960,1769614816579,10:40:16.579,42.3392474,-71.0904381,20.697
716,187695104,1769614817147,10:40:17.147,42.3392474,-71.0904381,20.697
717,187957248,1769614817625,10:40:17.625,42.3392474,-71.0904381,20.697
718,188219392,1769614818050,10:40:18.050,42.3392474,-71.0904381,20.697
719,188481536,1769614818525,10:40:18.525,42.3392474,-71.0904381,20.697
720,188743680,1769614818877,10:40:18.877,42.3392474,-71.0904381,20.697
721,189005824,1769614819261,10:40:19.261,42.3392474,-71.0904381,20.697
722,189267968,1769614819727,10:40:19.727,42.3392474,-71.0904381,20.697
723,189530112,1769614820184,10:40:20.184,42.3392474,-71.0904381,20.697
724,189792256,1769614820599,10:40:20.599,42.3392474,-71.0904381,20.697
725,190054400,1769614821066,10:40:21.066,42.3392474,-71.0904381,20.697
726,190316544,1769614821438,10:40:21.438,42.3392474,-71.0904381,20.697
727,190578688,1769614821787,10:40:21.787,42.3392474,-71.0904381,20.697
728,190840832,1769614822136,10:40:22.136,42.3392474,-71.0904381,20.697
729,191102976,1769614822486,10:40:22.486,42.3392474,-71.0904381,20.697
730,191365120,1769614823483,10:40:23.483,42.3392474,-71.0904381,20.697
731,191627264,1769614823818,10:40:23.818,42.3392474,-71.0904381,20.697
732,191889408,1769614824703,10:40:24.703,42.3392474,-71.0904381,20.697
733,192151552,1769614825626,10:40:25.626,42.3392474,-71.0904381,20.697
734,192413696,1769614826439,10:40:26.439,42.3392474,-71.0904381,20.697
735,192675840,1769614827160,10:40:27.160,42.3392474,-71.0904381,20.697
736,192937984,1769614827807,10:40:27.807,42.3392474,-71.0904381,20.697
737,193200128,1769614828221,10:40:28.221,42.3392474,-71.0904381,20.697
738,193462272,1769614828683,10:40:28.683,42.3392474,-71.0904381,20.697
739,193724416,1769614829144,10:40:29.144,42.3392474,-71.0904381,20.697
740,193986560,1769614829410,10:40:29.410,42.3392474,-71.0904381,20.697
741,194248704,1769614829823,10:40:29.823,42.3392474,-71.0904381,20.697
742,194510848,1769614830243,10:40:30.243,42.3392474,-71.0904381,20.697
743,194772992,1769614830629,10:40:30.629,42.3392474,-71.0904381,20.697
744,195035136,1769614831038,10:40:31.038,42.3392474,-71.0904381,20.697
745,195297280,1769614831457,10:40:31.457,42.3392474,-71.0904381,20.697
746,195559424,1769614831882,10:40:31.882,42.3392474,-71.0904381,20.697
747,195821568,1769614832248,10:40:32.248,42.3392474,-71.0904381,20.697
748,196083712,1769614832629,10:40:32.629,42.3392474,-71.0904381,20.697
749,196345856,1769614832968,10:40:32.968,42.3392474,-71.0904381,20.697
750,196608000,1769614833351,10:40:33.351,42.3392474,-71.0904381,20.697
751,196870144,1769614833648,10:40:33.648,42.3392474,-71.0904381,20.697
752,197132288,1769614834000,10:40:34.000,42.3392474,-71.0904381,20.697
753,197394432,1769614834376,10:40:34.376,42.3392474,-71.0904381,20.697
754,197656576,1769614834829,10:40:34.829,42.3392474,-71.0904381,20.697
755,197918720,1769614835306,10:40:35.306,42.3392474,-71.0904381,20.697
756,198180864,1769614835722,10:40:35.722,42.3392474,-71.0904381,20.697
757,198443008,1769614836143,10:40:36.143,42.3392474,-71.0904381,20.697
758,198705152,1769614836544,10:40:36.544,42.3392474,-71.0904381,20.697
759,198967296,1769614837024,10:40:37.024,42.3392474,-71.0904381,20.697
760,199229440,1769614837517,10:40:37.517,42.3392474,-71.0904381,20.697
761,199491584,1769614838069,10:40:38.069,42.3392474,-71.0904381,20.697
762,199753728,1769614838507,10:40:38.507,42.3392474,-71.0904381,20.697
763,200015872,1769614838980,10:40:38.980,42.3392474,-71.0904381,20.697
764,200278016,1769614839389,10:40:39.389,42.3392474,-71.0904381,20.697
765,200540160,1769614839741,10:40:39.741,42.3392474,-71.0904381,20.697
766,200802304,1769614840125,10:40:40.125,42.3392474,-71.0904381,20.697
767,201064448,1769614840475,10:40:40.475,42.3392474,-71.0904381,20.697
768,201326592,1769614840849,10:40:40.849,42.3392474,-71.0904381,20.697
769,201588736,1769614841259,10:40:41.259,42.3392474,-71.0904381,20.697
770,201850880,1769614841694,10:40:41.694,42.3392474,-71.0904381,20.697
771,202113024,1769614842190,10:40:42.190,42.3392474,-71.0904381,20.697
772,202375168,1769614842608,10:40:42.608,42.3392474,-71.0904381,20.697
773,202637312,1769614842960,10:40:42.960,42.3392474,-71.0904381,20.697
774,202899456,1769614843341,10:40:43.341,42.3392474,-71.0904381,20.697
775,203161600,1769614843641,10:40:43.641,42.3392474,-71.0904381,20.697
776,203423744,1769614843990,10:40:43.990,42.3392474,-71.0904381,20.697
777,203685888,1769614844341,10:40:44.341,42.3392474,-71.0904381,20.697
778,203948032,1769614844691,10:40:44.691,42.3392474,-71.0904381,20.697
779,204210176,1769614845110,10:40:45.110,42.3392474,-71.0904381,20.697
780,204472320,1769614845593,10:40:45.593,42.3392474,-71.0904381,20.697
781,204734464,1769614845976,10:40:45.976,42.3392474,-71.0904381,20.697
782,204996608,1769614846368,10:40:46.368,42.3392474,-71.0904381,20.697
783,205258752,1769614846755,10:40:46.755,42.3392474,-71.0904381,20.697
784,205520896,1769614847104,10:40:47.104,42.3392474,-71.0904381,20.697
785,205783040,1769614847486,10:40:47.486,42.3392474,-71.0904381,20.697
786,206045184,1769614847896,10:40:47.896,42.3392474,-71.0904381,20.697
787,206307328,1769614848401,10:40:48.401,42.3392474,-71.0904381,20.697
788,206569472,1769614848961,10:40:48.961,42.3392474,-71.0904381,20.697
789,206831616,1769614849413,10:40:49.413,42.3392474,-71.0904381,20.697
790,207093760,1769614849768,10:40:49.768,42.3392474,-71.0904381,20.697
791,207355904,1769614850191,10:40:50.191,42.3392474,-71.0904381,20.697
792,207618048,1769614850483,10:40:50.483,42.3392474,-71.0904381,20.697
793,207880192,1769614850834,10:40:50.834,42.3392474,-71.0904381,20.697
794,208142336,1769614851186,10:40:51.186,42.3392474,-71.0904381,20.697
795,208404480,1769614851593,10:40:51.593,42.3392474,-71.0904381,20.697
796,208666624,1769614851886,10:40:51.886,42.3392474,-71.0904381,20.697
797,208928768,1769614852240,10:40:52.240,42.3392474,-71.0904381,20.697
798,209190912,1769614852667,10:40:52.667,42.3392474,-71.0904381,20.697
799,209453056,1769614853772,10:40:53.772,42.3392474,-71.0904381,20.697
800,209715200,1769614854016,10:40:54.016,42.3392474,-71.0904381,20.697
801,209977344,1769614854267,10:40:54.267,42.3392474,-71.0904381,20.697
802,210239488,1769614854664,10:40:54.664,42.3392474,-71.0904381,20.697
803,210501632,1769614855423,10:40:55.423,42.3392474,-71.0904381,20.697
804,210763776,1769614856040,10:40:56.040,42.3392474,-71.0904381,20.697
805,211025920,1769614856770,10:40:56.770,42.3392474,-71.0904381,20.697
806,211288064,1769614857362,10:40:57.362,42.3392474,-71.0904381,20.697
807,211550208,1769614857919,10:40:57.919,42.3392474,-71.0904381,20.697
808,211812352,1769614858314,10:40:58.314,42.3392474,-71.0904381,20.697
809,212074496,1769614858587,10:40:58.587,42.3392474,-71.0904381,20.697
810,212336640,1769614858940,10:40:58.940,42.3392474,-71.0904381,20.697
811,212598784,1769614859335,10:40:59.335,42.3392474,-71.0904381,20.697
812,212860928,1769614859711,10:40:59.711,42.3392474,-71.0904381,20.697
813,213123072,1769614860088,10:41:00.088,42.3392474,-71.0904381,20.697
814,213385216,1769614860570,10:41:00.570,42.3392474,-71.0904381,20.697
815,213647360,1769614861014,10:41:01.014,42.3392474,-71.0904381,20.697
816,213909504,1769614861304,10:41:01.304,42.3392474,-71.0904381,20.697
817,214171648,1769614861654,10:41:01.654,42.3392474,-71.0904381,20.697
818,214433792,1769614862033,10:41:02.033,42.3392474,-71.0904381,20.697
819,214695936,1769614862412,10:41:02.412,42.3392474,-71.0904381,20.697
820,214958080,1769614862795,10:41:02.795,42.3392474,-71.0904381,20.697
821,215220224,1769614863133,10:41:03.133,42.3392474,-71.0904381,20.697
822,215482368,1769614863469,10:41:03.469,42.3392474,-71.0904381,20.697
823,215744512,1769614863820,10:41:03.820,42.3392474,-71.0904381,20.697
824,216006656,1769614864282,10:41:04.282,42.3392474,-71.0904381,20.697
825,216268800,1769614864797,10:41:04.797,42.3392474,-71.0904381,20.697
826,216530944,1769614865322,10:41:05.322,42.3392474,-71.0904381,20.697
827,216793088,1769614865820,10:41:05.820,42.3392474,-71.0904381,20.697
828,217055232,1769614866217,10:41:06.217,42.3392474,-71.0904381,20.697
829,217317376,1769614866666,10:41:06.666,42.3392474,-71.0904381,20.697
830,217579520,1769614867128,10:41:07.128,42.3392474,-71.0904381,20.697
831,217841664,1769614867580,10:41:07.580,42.3392474,-71.0904381,20.697
832,218103808,1769614867972,10:41:07.972,42.3392474,-71.0904381,20.697
833,218365952,1769614868332,10:41:08.332,42.3392474,-71.0904381,20.697
834,218628096,1769614868684,10:41:08.684,42.3392474,-71.0904381,20.697
835,218890240,1769614869036,10:41:09.036,42.3392474,-71.0904381,20.697
836,219152384,1769614869404,10:41:09.404,42.3392474,-71.0904381,20.697
837,219414528,1769614869874,10:41:09.874,42.3392474,-71.0904381,20.697
838,219676672,1769614870381,10:41:10.381,42.3392474,-71.0904381,20.697
839,219938816,1769614870831,10:41:10.831,42.3392474,-71.0904381,20.697
840,220200960,1769614871277,10:41:11.277,42.3392474,-71.0904381,20.697
841,220463104,1769614871613,10:41:11.613,42.3392474,-71.0904381,20.697
842,220725248,1769614872083,10:41:12.083,42.3392474,-71.0904381,20.697
843,220987392,1769614872461,10:41:12.461,42.3392474,-71.0904381,20.697
844,221249536,1769614872793,10:41:12.793,42.3392474,-71.0904381,20.697
845,221511680,1769614873164,10:41:13.164,42.3392474,-71.0904381,20.697
846,221773824,1769614873562,10:41:13.562,42.3392474,-71.0904381,20.697
847,222035968,1769614873972,10:41:13.972,42.3392474,-71.0904381,20.697
848,222298112,1769614874294,10:41:14.294,42.3392474,-71.0904381,20.697
849,222560256,1769614874714,10:41:14.714,42.3392474,-71.0904381,20.697
850,222822400,1769614874995,10:41:14.995,42.3392474,-71.0904381,20.697
851,223084544,1769614875347,10:41:15.347,42.3392474,-71.0904381,20.697
852,223346688,1769614875731,10:41:15.731,42.3392474,-71.0904381,20.697
853,223608832,1769614876134,10:41:16.134,42.3392474,-71.0904381,20.697
854,223870976,1769614876531,10:41:16.531,42.3392474,-71.0904381,20.697
855,224133120,1769614876871,10:41:16.871,42.3392474,-71.0904381,20.697
856,224395264,1769614877314,10:41:17.314,42.3392474,-71.0904381,20.697
857,224657408,1769614877567,10:41:17.567,42.3392474,-71.0904381,20.697
858,224919552,1769614877932,10:41:17.932,42.3392474,-71.0904381,20.697
859,225181696,1769614878339,10:41:18.339,42.3392474,-71.0904381,20.697
860,225443840,1769614878728,10:41:18.728,42.3392474,-71.0904381,20.697
861,225705984,1769614879161,10:41:19.161,42.3392474,-71.0904381,20.697
862,225968128,1769614879571,10:41:19.571,42.3392474,-71.0904381,20.697
863,226230272,1769614879980,10:41:19.980,42.3392474,-71.0904381,20.697
864,226492416,1769614880406,10:41:20.406,42.3392474,-71.0904381,20.697
865,226754560,1769614880829,10:41:20.829,42.3392474,-71.0904381,20.697
866,227016704,1769614881181,10:41:21.181,42.3392474,-71.0904381,20.697
867,227278848,1769614881529,10:41:21.529,42.3392474,-71.0904381,20.697
868,227540992,1769614881879,10:41:21.879,42.3392474,-71.0904381,20.697
869,227803136,1769614882229,10:41:22.229,42.3392474,-71.0904381,20.697
870,228065280,1769614882625,10:41:22.625,42.3392474,-71.0904381,20.697
871,228327424,1769614884043,10:41:24.043,42.3392474,-71.0904381,20.697
872,228589568,1769614884296,10:41:24.296,42.3392474,-71.0904381,20.697
873,228851712,1769614884854,10:41:24.854,42.3392474,-71.0904381,20.697
874,229113856,1769614885479,10:41:25.479,42.3392474,-71.0904381,20.697
875,229376000,1769614886116,10:41:26.116,42.3392474,-71.0904381,20.697
876,229638144,1769614886799,10:41:26.799,42.3392474,-71.0904381,20.697
877,229900288,1769614887303,10:41:27.303,42.3392474,-71.0904381,20.697
878,230162432,1769614888016,10:41:28.016,42.3392474,-71.0904381,20.697
879,230424576,1769614888492,10:41:28.492,42.3392474,-71.0904381,20.697
880,230686720,1769614888911,10:41:28.911,42.3392474,-71.0904381,20.697
881,230948864,1769614889435,10:41:29.435,42.3392474,-71.0904381,20.697
882,231211008,1769614889880,10:41:29.880,42.3392474,-71.0904381,20.697
883,231473152,1769614890402,10:41:30.402,42.3392474,-71.0904381,20.697
884,231735296,1769614890891,10:41:30.891,42.3392474,-71.0904381,20.697
885,231997440,1769614891422,10:41:31.422,42.3392474,-71.0904381,20.697
886,232259584,1769614891974,10:41:31.974,42.3392474,-71.0904381,20.697
887,232521728,1769614892375,10:41:32.375,42.3392474,-71.0904381,20.697
888,232783872,1769614893000,10:41:33.000,42.3392474,-71.0904381,20.697
889,233046016,1769614893610,10:41:33.610,42.3392474,-71.0904381,20.697
890,233308160,1769614894196,10:41:34.196,42.3392474,-71.0904381,20.697
891,233570304,1769614894679,10:41:34.679,42.3392474,-71.0904381,20.697
892,233832448,1769614895198,10:41:35.198,42.3392474,-71.0904381,20.697
893,234094592,1769614895747,10:41:35.747,42.3392474,-71.0904381,20.697
894,234356736,1769614896374,10:41:36.374,42.3392474,-71.0904381,20.697
895,234618880,1769614896987,10:41:36.987,42.3392474,-71.0904381,20.697
896,234881024,1769614897612,10:41:37.612,42.3392474,-71.0904381,20.697
897,235143168,1769614898094,10:41:38.094,42.3392474,-71.0904381,20.697
898,235405312,1769614898396,10:41:38.396,42.3392474,-71.0904381,20.697
899,235667456,1769614898793,10:41:38.793,42.3392474,-71.0904381,20.697
900,235929600,1769614899220,10:41:39.220,42.3392474,-71.0904381,20.697
901,236191744,1769614899686,10:41:39.686,42.3392474,-71.0904381,20.697
902,236453888,1769614900184,10:41:40.184,42.3392474,-71.0904381,20.697
903,236716032,1769614900596,10:41:40.596,42.3392474,-71.0904381,20.697
904,236978176,1769614901103,10:41:41.103,42.3392474,-71.0904381,20.697
905,237240320,1769614901608,10:41:41.608,42.3392474,-71.0904381,20.697
906,237502464,1769614902118,10:41:42.118,42.3392474,-71.0904381,20.697
907,237764608,1769614902579,10:41:42.579,42.3392474,-71.0904381,20.697
908,238026752,1769614902944,10:41:42.944,42.3392474,-71.0904381,20.697
909,238288896,1769614903344,10:41:43.344,42.3392474,-71.0904381,20.697
910,238551040,1769614903840,10:41:43.840,42.3392474,-71.0904381,20.697
911,238813184,1769614904301,10:41:44.301,42.3392474,-71.0904381,20.697
912,239075328,1769614904788,10:41:44.788,42.3392474,-71.0904381,20.697
913,239337472,1769614905281,10:41:45.281,42.3392474,-71.0904381,20.697
914,239599616,1769614905694,10:41:45.694,42.3392474,-71.0904381,20.697
915,239861760,1769614906106,10:41:46.106,42.3392474,-71.0904381,20.697
916,240123904,1769614906560,10:41:46.560,42.3392474,-71.0904381,20.697
917,240386048,1769614907142,10:41:47.142,42.3392474,-71.0904381,20.697
918,240648192,1769614907640,10:41:47.640,42.3392474,-71.0904381,20.697
919,240910336,1769614908104,10:41:48.104,42.3392474,-71.0904381,20.697
920,241172480,1769614908545,10:41:48.545,42.3392474,-71.0904381,20.697
921,241434624,1769614909103,10:41:49.103,42.3392474,-71.0904381,20.697
922,241696768,1769614909562,10:41:49.562,42.3392474,-71.0904381,20.697
923,241958912,1769614910102,10:41:50.102,42.3392474,-71.0904381,20.697
924,242221056,1769614910521,10:41:50.521,42.3392474,-71.0904381,20.697
925,242483200,1769614910941,10:41:50.941,42.3392474,-71.0904381,20.697
926,242745344,1769614911393,10:41:51.393,42.3392474,-71.0904381,20.697
927,243007488,1769614911864,10:41:51.864,42.3392474,-71.0904381,20.697
928,243269632,1769614912327,10:41:52.327,42.3392474,-71.0904381,20.697
929,243531776,1769614912676,10:41:52.676,42.3392474,-71.0904381,20.697
930,243793920,1769614914195,10:41:54.195,42.3392474,-71.0904381,20.697
931,244056064,1769614914482,10:41:54.482,42.3392474,-71.0904381,20.697
932,244318208,1769614914744,10:41:54.744,42.3392474,-71.0904381,20.697
933,244580352,1769614915005,10:41:55.005,42.3392474,-71.0904381,20.697
934,244842496,1769614915282,10:41:55.282,42.3392474,-71.0904381,20.697
935,245104640,1769614915549,10:41:55.549,42.3392474,-71.0904381,20.697
936,245366784,1769614915803,10:41:55.803,42.3392474,-71.0904381,20.697
937,245628928,1769614916103,10:41:56.103,42.3392474,-71.0904381,20.697
938,245891072,1769614916506,10:41:56.506,42.3392474,-71.0904381,20.697
939,246153216,1769614916895,10:41:56.895,42.3392474,-71.0904381,20.697
940,246415360,1769614917215,10:41:57.215,42.3392474,-71.0904381,20.697
941,246677504,1769614917567,10:41:57.567,42.3392474,-71.0904381,20.697
942,246939648,1769614917926,10:41:57.926,42.3392474,-71.0904381,20.697
943,247201792,1769614918274,10:41:58.274,42.3392474,-71.0904381,20.697
944,247463936,1769614918654,10:41:58.654,42.3392474,-71.0904381,20.697
945,247726080,1769614918975,10:41:58.975,42.3392474,-71.0904381,20.697
946,247988224,1769614919327,10:41:59.327,42.3392474,-71.0904381,20.697
947,248250368,1769614919678,10:41:59.678,42.3392474,-71.0904381,20.697
948,248512512,1769614920031,10:42:00.031,42.3392474,-71.0904381,20.697
949,248774656,1769614920384,10:42:00.384,42.3392474,-71.0904381,20.697
950,249036800,1769614920787,10:42:00.787,42.3392474,-71.0904381,20.697
951,249298944,1769614921164,10:42:01.164,42.3392474,-71.0904381,20.697
952,249561088,1769614921551,10:42:01.551,42.3392474,-71.0904381,20.697
953,249823232,1769614921905,10:42:01.905,42.3392474,-71.0904381,20.697
954,250085376,1769614922255,10:42:02.255,42.3392474,-71.0904381,20.697
955,250347520,1769614922605,10:42:02.605,42.3392474,-71.0904381,20.697
956,250609664,1769614922976,10:42:02.976,42.3392474,-71.0904381,20.697
957,250871808,1769614923435,10:42:03.435,42.3392474,-71.0904381,20.697
958,251133952,1769614923930,10:42:03.930,42.3392474,-71.0904381,20.697
959,251396096,1769614924334,10:42:04.334,42.3392474,-71.0904381,20.697
960,251658240,1769614924819,10:42:04.819,42.3392474,-71.0904381,20.697
961,251920384,1769614925296,10:42:05.296,42.3392474,-71.0904381,20.697
962,252182528,1769614925873,10:42:05.873,42.3392474,-71.0904381,20.697
963,252444672,1769614926362,10:42:06.362,42.3392474,-71.0904381,20.697
964,252706816,1769614926823,10:42:06.823,42.3392474,-71.0904381,20.697
965,252968960,1769614927365,10:42:07.365,42.3392474,-71.0904381,20.697
966,253231104,1769614927946,10:42:07.946,42.3392474,-71.0904381,20.697
967,253493248,1769614928438,10:42:08.438,42.3392474,-71.0904381,20.697
968,253755392,1769614928921,10:42:08.921,42.3392474,-71.0904381,20.697
969,254017536,1769614929353,10:42:09.353,42.3392474,-71.0904381,20.697
970,254279680,1769614929734,10:42:09.734,42.3392474,-71.0904381,20.697
971,254541824,1769614930148,10:42:10.148,42.3392474,-71.0904381,20.697
972,254803968,1769614930523,10:42:10.523,42.3392474,-71.0904381,20.697
973,255066112,1769614930951,10:42:10.951,42.3392474,-71.0904381,20.697
974,255328256,1769614931497,10:42:11.497,42.3392474,-71.0904381,20.697
975,255590400,1769614931864,10:42:11.864,42.3392474,-71.0904381,20.697
976,255852544,1769614932305,10:42:12.305,42.3392474,-71.0904381,20.697
977,256114688,1769614932795,10:42:12.795,42.3392474,-71.0904381,20.697
978,256376832,1769614933178,10:42:13.178,42.3392474,-71.0904381,20.697
979,256638976,1769614933596,10:42:13.596,42.3392474,-71.0904381,20.697
980,256901120,1769614934004,10:42:14.004,42.3392474,-71.0904381,20.697
981,257163264,1769614934455,10:42:14.455,42.3392474,-71.0904381,20.697
982,257425408,1769614934896,10:42:14.896,42.3392474,-71.0904381,20.697
983,257687552,1769614935429,10:42:15.429,42.3392474,-71.0904381,20.697
984,257949696,1769614935923,10:42:15.923,42.3392474,-71.0904381,20.697
985,258211840,1769614936397,10:42:16.397,42.3392474,-71.0904381,20.697
986,258473984,1769614936885,10:42:16.885,42.3392474,-71.0904381,20.697
987,258736128,1769614937223,10:42:17.223,42.3392474,-71.0904381,20.697
988,258998272,1769614937623,10:42:17.623,42.3392474,-71.0904381,20.697
989,259260416,1769614938079,10:42:18.079,42.3392474,-71.0904381,20.697
990,259522560,1769614938534,10:42:18.534,42.3392474,-71.0904381,20.697
991,259784704,1769614938818,10:42:18.818,42.3392474,-71.0904381,20.697
992,260046848,1769614939130,10:42:19.130,42.3392474,-71.0904381,20.697
993,260308992,1769614939480,10:42:19.480,42.3392474,-71.0904381,20.697
994,260571136,1769614939833,10:42:19.833,42.3392474,-71.0904381,20.697
995,260833280,1769614940184,10:42:20.184,42.3392474,-71.0904381,20.697
996,261095424,1769614940535,10:42:20.535,42.3392474,-71.0904381,20.697
997,261357568,1769614940940,10:42:20.940,42.3392474,-71.0904381,20.697
998,261619712,1769614941312,10:42:21.312,42.3392474,-71.0904381,20.697
999,261881856,1769614941639,10:42:21.639,42.3392474,-71.0904381,20.697
1000,262144000,1769614941990,10:42:21.990,42.3392474,-71.0904381,20.697
1001,262406144,1769614942340,10:42:22.340,42.3392474,-71.0904381,20.697
1002,262668288,1769614942690,10:42:22.690,42.3392474,-71.0904381,20.697
1003,262930432,1769614943207,10:42:23.207,42.3392474,-71.0904381,20.697
1004,263192576,1769614943769,10:42:23.769,42.3392474,-71.0904381,20.697
1005,263454720,1769614945531,10:42:25.531,42.3392474,-71.0904381,20.697
1006,263716864,1769614945783,10:42:25.783,42.3392474,-71.0904381,20.697
1007,263979008,1769614946026,10:42:26.026,42.3392474,-71.0904381,20.697
1008,264241152,1769614946397,10:42:26.397,42.3392474,-71.0904381,20.697
1009,264503296,1769614947018,10:42:27.018,42.3392474,-71.0904381,20.697
1010,264765440,1769614947560,10:42:27.560,42.3392474,-71.0904381,20.697
1011,265027584,1769614948049,10:42:28.049,42.3392474,-71.0904381,20.697
1012,265289728,1769614948462,10:42:28.462,42.3392474,-71.0904381,20.697
1013,265551872,1769614948731,10:42:28.731,42.3392474,-71.0904381,20.697
1014,265814016,1769614949000,10:42:29.000,42.3392474,-71.0904381,20.697
1015,266076160,1769614949419,10:42:29.419,42.3392474,-71.0904381,20.697
1016,266338304,1769614949802,10:42:29.802,42.3392474,-71.0904381,20.697
1017,266600448,1769614950120,10:42:30.120,42.3392474,-71.0904381,20.697
1018,266862592,1769614950470,10:42:30.470,42.3392474,-71.0904381,20.697
1019,267124736,1769614950822,10:42:30.822,42.3392474,-71.0904381,20.697
1020,267386880,1769614951170,10:42:31.170,42.3392474,-71.0904381,20.697
1021,267649024,1769614951522,10:42:31.522,42.3392474,-71.0904381,20.697
1022,267911168,1769614951873,10:42:31.873,42.3392474,-71.0904381,20.697
1023,268173312,1769614952224,10:42:32.224,42.3392474,-71.0904381,20.697
1024,268435456,1769614952575,10:42:32.575,42.3392474,-71.0904381,20.697
1025,268697600,1769614952967,10:42:32.967,42.3392474,-71.0904381,20.697
1026,268959744,1769614953270,10:42:33.270,42.3392474,-71.0904381,20.697
1027,269221888,1769614953620,10:42:33.620,42.3392474,-71.0904381,20.697
1028,269484032,1769614953991,10:42:33.991,42.3392474,-71.0904381,20.697
1029,269746176,1769614954423,10:42:34.423,42.3392474,-71.0904381,20.697
1030,270008320,1769614954792,10:42:34.792,42.3392474,-71.0904381,20.697
1031,270270464,1769614955207,10:42:35.207,42.3392474,-71.0904381,20.697
1032,270532608,1769614955626,10:42:35.626,42.3392474,-71.0904381,20.697
1033,270794752,1769614956043,10:42:36.043,42.3392474,-71.0904381,20.697
1034,271056896,1769614956481,10:42:36.481,42.3392474,-71.0904381,20.697
1035,271319040,1769614956902,10:42:36.902,42.3392474,-71.0904381,20.697
1036,271581184,1769614957360,10:42:37.360,42.3392474,-71.0904381,20.697
1037,271843328,1769614957769,10:42:37.769,42.3392474,-71.0904381,20.697
1038,272105472,1769614958159,10:42:38.159,42.3392474,-71.0904381,20.697
1039,272367616,1769614958505,10:42:38.505,42.3392474,-71.0904381,20.697
1040,272629760,1769614959017,10:42:39.017,42.3392474,-71.0904381,20.697
1041,272891904,1769614959489,10:42:39.489,42.3392474,-71.0904381,20.697
1042,273154048,1769614959772,10:42:39.772,42.3392474,-71.0904381,20.697
1043,273416192,1769614960147,10:42:40.147,42.3392474,-71.0904381,20.697
1044,273678336,1769614960562,10:42:40.562,42.3392474,-71.0904381,20.697
1045,273940480,1769614960997,10:42:40.997,42.3392474,-71.0904381,20.697
1046,274202624,1769614961419,10:42:41.419,42.3392474,-71.0904381,20.697
1047,274464768,1769614961897,10:42:41.897,42.3392474,-71.0904381,20.697
1048,274726912,1769614962295,10:42:42.295,42.3392474,-71.0904381,20.697
1049,274989056,1769614962610,10:42:42.610,42.3392474,-71.0904381,20.697
1050,275251200,1769614962980,10:42:42.980,42.3392474,-71.0904381,20.697
1051,275513344,1769614963296,10:42:43.296,42.3392474,-71.0904381,20.697
1052,275775488,1769614963657,10:42:43.657,42.3392474,-71.0904381,20.697
1053,276037632,1769614964065,10:42:44.065,42.3392474,-71.0904381,20.697
1054,276299776,1769614964441,10:42:44.441,42.3392474,-71.0904381,20.697
1055,276561920,1769614964868,10:42:44.868,42.3392474,-71.0904381,20.697
1056,276824064,1769614965354,10:42:45.354,42.3392474,-71.0904381,20.697
1057,277086208,1769614965811,10:42:45.811,42.3392474,-71.0904381,20.697
1058,277348352,1769614966206,10:42:46.206,42.3392474,-71.0904381,20.697
1059,277610496,1769614966569,10:42:46.569,42.3392474,-71.0904381,20.697
1060,277872640,1769614967008,10:42:47.008,42.3392474,-71.0904381,20.697
1061,278134784,1769614967420,10:42:47.420,42.3392474,-71.0904381,20.697
1062,278396928,1769614967719,10:42:47.719,42.3392474,-71.0904381,20.697
1063,278659072,1769614968079,10:42:48.079,42.3392474,-71.0904381,20.697
1064,278921216,1769614968448,10:42:48.448,42.3392474,-71.0904381,20.697
1065,279183360,1769614968879,10:42:48.879,42.3392474,-71.0904381,20.697
1066,279445504,1769614969373,10:42:49.373,42.3392474,-71.0904381,20.697
1067,279707648,1769614969810,10:42:49.810,42.3392474,-71.0904381,20.697
1068,279969792,1769614970115,10:42:50.115,42.3392474,-71.0904381,20.697
1069,280231936,1769614970467,10:42:50.467,42.3392474,-71.0904381,20.697
1070,280494080,1769614970816,10:42:50.816,42.3392474,-71.0904381,20.697
1071,280756224,1769614971178,10:42:51.178,42.3392474,-71.0904381,20.697
1072,281018368,1769614971569,10:42:51.569,42.3392474,-71.0904381,20.697
1073,281280512,1769614971990,10:42:51.990,42.3392474,-71.0904381,20.697
1074,281542656,1769614972384,10:42:52.384,42.3392474,-71.0904381,20.697
1075,281804800,1769614972905,10:42:52.905,42.3392474,-71.0904381,20.697
1076,282066944,1769614973386,10:42:53.386,42.3392474,-71.0904381,20.697
1077,282329088,1769614973847,10:42:53.847,42.3392474,-71.0904381,20.697
1078,282591232,1769614974362,10:42:54.362,42.3392474,-71.0904381,20.697
1079,282853376,1769614976355,10:42:56.355,42.3392474,-71.0904381,20.697
1080,283115520,1769614976612,10:42:56.612,42.3392474,-71.0904381,20.697
1081,283377664,1769614976868,10:42:56.868,42.3392474,-71.0904381,20.697
1082,283639808,1769614977116,10:42:57.116,42.3392474,-71.0904381,20.697
1083,283901952,1769614977360,10:42:57.360,42.3392474,-71.0904381,20.697
1084,284164096,1769614977613,10:42:57.613,42.3392474,-71.0904381,20.697
1085,284426240,1769614978109,10:42:58.109,42.3392474,-71.0904381,20.697
1086,284688384,1769614978649,10:42:58.649,42.3392474,-71.0904381,20.697
1087,284950528,1769614979128,10:42:59.128,42.3392474,-71.0904381,20.697
1088,285212672,1769614979552,10:42:59.552,42.3392474,-71.0904381,20.697
1089,285474816,1769614979947,10:42:59.947,42.3392474,-71.0904381,20.697
1090,285736960,1769614980393,10:43:00.393,42.3392474,-71.0904381,20.697
1091,285999104,1769614980674,10:43:00.674,42.3392474,-71.0904381,20.697
1092,286261248,1769614981022,10:43:01.022,42.3392474,-71.0904381,20.697
1093,286523392,1769614981372,10:43:01.372,42.3392474,-71.0904381,20.697
1094,286785536,1769614981723,10:43:01.723,42.3392474,-71.0904381,20.697
1095,287047680,1769614982094,10:43:02.094,42.3392474,-71.0904381,20.697
1096,287309824,1769614982446,10:43:02.446,42.3392474,-71.0904381,20.697
1097,287571968,1769614982814,10:43:02.814,42.3392474,-71.0904381,20.697
1098,287834112,1769614983395,10:43:03.395,42.3392474,-71.0904381,20.697
1099,288096256,1769614983878,10:43:03.878,42.3392474,-71.0904381,20.697
1100,288358400,1769614984271,10:43:04.271,42.3392474,-71.0904381,20.697
1101,288620544,1769614984684,10:43:04.684,42.3392474,-71.0904381,20.697
1102,288882688,1769614985215,10:43:05.215,42.3392474,-71.0904381,20.697
1103,289144832,1769614985735,10:43:05.735,42.3392474,-71.0904381,20.697
1104,289406976,1769614986186,10:43:06.186,42.3392474,-71.0904381,20.697
1105,289669120,1769614986565,10:43:06.565,42.3392474,-71.0904381,20.697
1106,289931264,1769614987170,10:43:07.170,42.3392474,-71.0904381,20.697
1107,290193408,1769614987984,10:43:07.984,42.3392474,-71.0904381,20.697
1108,290455552,1769614988526,10:43:08.526,42.3392474,-71.0904381,20.697
1109,290717696,1769614989174,10:43:09.174,42.3392474,-71.0904381,20.697
1110,290979840,1769614989811,10:43:09.811,42.3392474,-71.0904381,20.697
1111,291241984,1769614990355,10:43:10.355,42.3392474,-71.0904381,20.697
1112,291504128,1769614991040,10:43:11.040,42.3392474,-71.0904381,20.697
1113,291766272,1769614991649,10:43:11.649,42.3392474,-71.0904381,20.697
1114,292028416,1769614992268,10:43:12.268,42.3392474,-71.0904381,20.697
1115,292290560,1769614992812,10:43:12.812,42.3392474,-71.0904381,20.697
1116,292552704,1769614993348,10:43:13.348,42.3392474,-71.0904381,20.697
1117,292814848,1769614993823,10:43:13.823,42.3392474,-71.0904381,20.697
1118,293076992,1769614994179,10:43:14.179,42.3392474,-71.0904381,20.697
1119,293339136,1769614994608,10:43:14.608,42.3392474,-71.0904381,20.697
1120,293601280,1769614994898,10:43:14.898,42.3392474,-71.0904381,20.697
1121,293863424,1769614995249,10:43:15.249,42.3392474,-71.0904381,20.697
1122,294125568,1769614995600,10:43:15.600,42.3392474,-71.0904381,20.697
1123,294387712,1769614995950,10:43:15.950,42.3392474,-71.0904381,20.697
1124,294649856,1769614996302,10:43:16.302,42.3392474,-71.0904381,20.697
1125,294912000,1769614996653,10:43:16.653,42.3392474,-71.0904381,20.697
1126,295174144,1769614997004,10:43:17.004,42.3392474,-71.0904381,20.697
1127,295436288,1769614997355,10:43:17.355,42.3392474,-71.0904381,20.697
1128,295698432,1769614997704,10:43:17.704,42.3392474,-71.0904381,20.697
1129,295960576,1769614998134,10:43:18.134,42.3392474,-71.0904381,20.697
1130,296222720,1769614998544,10:43:18.544,42.3392474,-71.0904381,20.697
1131,296484864,1769614998982,10:43:18.982,42.3392474,-71.0904381,20.697
1132,296747008,1769614999432,10:43:19.432,42.3392474,-71.0904381,20.697
1133,297009152,1769614999936,10:43:19.936,42.3392474,-71.0904381,20.697
1134,297271296,1769615000403,10:43:20.403,42.3392474,-71.0904381,20.697
1135,297533440,1769615000908,10:43:20.908,42.3392474,-71.0904381,20.697
1136,297795584,1769615001340,10:43:21.340,42.3392474,-71.0904381,20.697
1137,298057728,1769615001745,10:43:21.745,42.3392474,-71.0904381,20.697
1138,298319872,1769615002218,10:43:22.218,42.3392474,-71.0904381,20.697
1139,298582016,1769615002694,10:43:22.694,42.3392474,-71.0904381,20.697
1140,298844160,1769615003169,10:43:23.169,42.3392474,-71.0904381,20.697
1141,299106304,1769615003660,10:43:23.660,42.3392474,-71.0904381,20.697
1142,299368448,1769615003925,10:43:23.925,42.3392474,-71.0904381,20.697
1143,299630592,1769615004404,10:43:24.404,42.3392474,-71.0904381,20.697
1144,299892736,1769615004818,10:43:24.818,42.3392474,-71.0904381,20.697
1145,300154880,1769615006734,10:43:26.734,42.3392474,-71.0904381,20.697
1146,300417024,1769615007000,10:43:27.000,42.3392474,-71.0904381,20.697
1147,300679168,1769615007248,10:43:27.248,42.3392474,-71.0904381,20.697
1148,300941312,1769615007502,10:43:27.502,42.3392474,-71.0904381,20.697
1149,301203456,1769615007744,10:43:27.744,42.3392474,-71.0904381,20.697
1150,301465600,1769615008189,10:43:28.189,42.3392474,-71.0904381,20.697
1151,301727744,1769615008793,10:43:28.793,42.3392474,-71.0904381,20.697
1152,301989888,1769615009363,10:43:29.363,42.3392474,-71.0904381,20.697
1153,302252032,1769615009983,10:43:29.983,42.3392474,-71.0904381,20.697
1154,302514176,1769615010455,10:43:30.455,42.3392474,-71.0904381,20.697
1155,302776320,1769615010806,10:43:30.806,42.3392474,-71.0904381,20.697
1156,303038464,1769615011379,10:43:31.379,42.3392474,-71.0904381,20.697
1157,303300608,1769615011962,10:43:31.962,42.3392474,-71.0904381,20.697
1158,303562752,1769615012433,10:43:32.433,42.3392474,-71.0904381,20.697
1159,303824896,1769615012970,10:43:32.970,42.3392474,-71.0904381,20.697
1160,304087040,1769615013359,10:43:33.359,42.3392474,-71.0904381,20.697
1161,304349184,1769615013633,10:43:33.633,42.3392474,-71.0904381,20.697
1162,304611328,1769615013983,10:43:33.983,42.3392474,-71.0904381,20.697
1163,304873472,1769615014381,10:43:34.381,42.3392474,-71.0904381,20.697
1164,305135616,1769615014686,10:43:34.686,42.3392474,-71.0904381,20.697
1165,305397760,1769615015055,10:43:35.055,42.3392474,-71.0904381,20.697
1166,305659904,1769615015387,10:43:35.387,42.3392474,-71.0904381,20.697
1167,305922048,1769615015738,10:43:35.738,42.3392474,-71.0904381,20.697
1168,306184192,1769615016090,10:43:36.090,42.3392474,-71.0904381,20.697
1169,306446336,1769615016492,10:43:36.492,42.3392474,-71.0904381,20.697
1170,306708480,1769615016810,10:43:36.810,42.3392474,-71.0904381,20.697
1171,306970624,1769615017206,10:43:37.206,42.3392474,-71.0904381,20.697
1172,307232768,1769615017559,10:43:37.559,42.3392474,-71.0904381,20.697
1173,307494912,1769615017902,10:43:37.902,42.3392474,-71.0904381,20.697
1174,307757056,1769615018311,10:43:38.311,42.3392474,-71.0904381,20.697
1175,308019200,1769615018737,10:43:38.737,42.3392474,-71.0904381,20.697
1176,308281344,1769615019319,10:43:39.319,42.3392474,-71.0904381,20.697
1177,308543488,1769615019926,10:43:39.926,42.3392474,-71.0904381,20.697
1178,308805632,1769615020444,10:43:40.444,42.3392474,-71.0904381,20.697
1179,309067776,1769615020837,10:43:40.837,42.3392474,-71.0904381,20.697
1180,309329920,1769615021351,10:43:41.351,42.3392474,-71.0904381,20.697
1181,309592064,1769615022073,10:43:42.073,42.3392474,-71.0904381,20.697
1182,309854208,1769615022603,10:43:42.603,42.3392474,-71.0904381,20.697
1183,310116352,1769615023123,10:43:43.123,42.3392474,-71.0904381,20.697
1184,310378496,1769615023570,10:43:43.570,42.3392474,-71.0904381,20.697
1185,310640640,1769615023828,10:43:43.828,42.3392474,-71.0904381,20.697
1186,310902784,1769615024204,10:43:44.204,42.3392474,-71.0904381,20.697
1187,311164928,1769615024654,10:43:44.654,42.3392474,-71.0904381,20.697
1188,311427072,1769615025123,10:43:45.123,42.3392474,-71.0904381,20.697
1189,311689216,1769615025572,10:43:45.572,42.3392474,-71.0904381,20.697
1190,311951360,1769615025978,10:43:45.978,42.3392474,-71.0904381,20.697
1191,312213504,1769615026437,10:43:46.437,42.3392474,-71.0904381,20.697
1192,312475648,1769615026815,10:43:46.815,42.3392474,-71.0904381,20.697
1193,312737792,1769615027166,10:43:47.166,42.3392474,-71.0904381,20.697
1194,312999936,1769615027563,10:43:47.563,42.3392474,-71.0904381,20.697
1195,313262080,1769615027901,10:43:47.901,42.3392474,-71.0904381,20.697
1196,313524224,1769615028328,10:43:48.328,42.3392474,-71.0904381,20.697
1197,313786368,1769615028589,10:43:48.589,42.3392474,-71.0904381,20.697
1198,314048512,1769615028937,10:43:48.937,42.3392474,-71.0904381,20.697
1199,314310656,1769615029301,10:43:49.301,42.3392474,-71.0904381,20.697
1200,314572800,1769615029676,10:43:49.676,42.3392474,-71.0904381,20.697
1201,314834944,1769615030221,10:43:50.221,42.3392474,-71.0904381,20.697
1202,315097088,1769615030657,10:43:50.657,42.3392474,-71.0904381,20.697
1203,315359232,1769615031341,10:43:51.341,42.3392474,-71.0904381,20.697
1204,315621376,1769615031974,10:43:51.974,42.3392474,-71.0904381,20.697
1205,315883520,1769615032562,10:43:52.562,42.3392474,-71.0904381,20.697
1206,316145664,1769615033198,10:43:53.198,42.3392474,-71.0904381,20.697
1207,316407808,1769615033920,10:43:53.920,42.3392474,-71.0904381,20.697
1208,316669952,1769615034564,10:43:54.564,42.3392474,-71.0904381,20.697
1209,316932096,1769615035229,10:43:55.229,42.3392474,-71.0904381,20.697
1210,317194240,1769615036058,10:43:56.058,42.3392474,-71.0904381,20.697
1211,317456384,1769615038347,10:43:58.347,42.3392474,-71.0904381,20.697
1212,317718528,1769615038598,10:43:58.598,42.3392474,-71.0904381,20.697
1213,317980672,1769615038854,10:43:58.854,42.3392474,-71.0904381,20.697
1214,318242816,1769615039121,10:43:59.121,42.3392474,-71.0904381,20.697
1215,318504960,1769615039385,10:43:59.385,42.3392474,-71.0904381,20.697
1216,318767104,1769615039644,10:43:59.644,42.3392474,-71.0904381,20.697
1217,319029248,1769615039885,10:43:59.885,42.3392474,-71.0904381,20.697
1218,319291392,1769615040141,10:44:00.141,42.3392474,-71.0904381,20.697
1219,319553536,1769615040431,10:44:00.431,42.3392474,-71.0904381,20.697
1220,319815680,1769615040784,10:44:00.784,42.3392474,-71.0904381,20.697
1221,320077824,1769615041167,10:44:01.167,42.3392474,-71.0904381,20.697
1222,320339968,1769615041485,10:44:01.485,42.3392474,-71.0904381,20.697
1223,320602112,1769615041835,10:44:01.835,42.3392474,-71.0904381,20.697
1224,320864256,1769615042185,10:44:02.185,42.3392474,-71.0904381,20.697
1225,321126400,1769615042583,10:44:02.583,42.3392474,-71.0904381,20.697
1226,321388544,1769615042887,10:44:02.887,42.3392474,-71.0904381,20.697
1227,321650688,1769615043258,10:44:03.258,42.3392474,-71.0904381,20.697
1228,321912832,1769615043618,10:44:03.618,42.3392474,-71.0904381,20.697
1229,322174976,1769615043960,10:44:03.960,42.3392474,-71.0904381,20.697
1230,322437120,1769615044364,10:44:04.364,42.3392474,-71.0904381,20.697
1231,322699264,1769615044661,10:44:04.661,42.3392474,-71.0904381,20.697
1232,322961408,1769615045015,10:44:05.015,42.3392474,-71.0904381,20.697
1233,323223552,1769615045404,10:44:05.404,42.3392474,-71.0904381,20.697
1234,323485696,1769615045770,10:44:05.770,42.3392474,-71.0904381,20.697
1235,323747840,1769615046233,10:44:06.233,42.3392474,-71.0904381,20.697
1236,324009984,1769615046506,10:44:06.506,42.3392474,-71.0904381,20.697
1237,324272128,1769615046906,10:44:06.906,42.3392474,-71.0904381,20.697
1238,324534272,1769615047305,10:44:07.305,42.3392474,-71.0904381,20.697
1239,324796416,1769615047672,10:44:07.672,42.3392474,-71.0904381,20.697
1240,325058560,1769615048033,10:44:08.033,42.3392474,-71.0904381,20.697
1241,325320704,1769615048436,10:44:08.436,42.3392474,-71.0904381,20.697
1242,325582848,1769615048725,10:44:08.725,42.3392474,-71.0904381,20.697
1243,325844992,1769615049218,10:44:09.218,42.3392474,-71.0904381,20.697
1244,326107136,1769615049714,10:44:09.714,42.3392474,-71.0904381,20.697
1245,326369280,1769615050208,10:44:10.208,42.3392474,-71.0904381,20.697
1246,326631424,1769615050629,10:44:10.629,42.3392474,-71.0904381,20.697
1247,326893568,1769615050978,10:44:10.978,42.3392474,-71.0904381,20.697
1248,327155712,1769615051626,10:44:11.626,42.3392474,-71.0904381,20.697
1249,327417856,1769615052285,10:44:12.285,42.3392474,-71.0904381,20.697
1250,327680000,1769615052757,10:44:12.757,42.3392474,-71.0904381,20.697
1251,327942144,1769615053378,10:44:13.378,42.3392474,-71.0904381,20.697
1252,328204288,1769615054127,10:44:14.127,42.3392474,-71.0904381,20.697
1253,328466432,1769615054611,10:44:14.611,42.3392474,-71.0904381,20.697
1254,328728576,1769615054955,10:44:14.955,42.3392474,-71.0904381,20.697
1255,328990720,1769615055475,10:44:15.475,42.3392474,-71.0904381,20.697
1256,329252864,1769615055888,10:44:15.888,42.3392474,-71.0904381,20.697
1257,329515008,1769615056493,10:44:16.493,42.3392474,-71.0904381,20.697
1258,329777152,1769615057217,10:44:17.217,42.3392474,-71.0904381,20.697
1259,330039296,1769615057947,10:44:17.947,42.3392474,-71.0904381,20.697
1260,330301440,1769615058424,10:44:18.424,42.3392474,-71.0904381,20.697
1261,330563584,1769615058682,10:44:18.682,42.3392474,-71.0904381,20.697
1262,330825728,1769615059032,10:44:19.032,42.3392474,-71.0904381,20.697
1263,331087872,1769615059382,10:44:19.382,42.3392474,-71.0904381,20.697
1264,331350016,1769615059732,10:44:19.732,42.3392474,-71.0904381,20.697
1265,331612160,1769615060084,10:44:20.084,42.3392474,-71.0904381,20.697
1266,331874304,1769615060434,10:44:20.434,42.3392474,-71.0904381,20.697
1267,332136448,1769615060859,10:44:20.859,42.3392474,-71.0904381,20.697
1268,332398592,1769615061267,10:44:21.267,42.3392474,-71.0904381,20.697
1269,332660736,1769615061619,10:44:21.619,42.3392474,-71.0904381,20.697
1270,332922880,1769615061967,10:44:21.967,42.3392474,-71.0904381,20.697
1271,333185024,1769615062317,10:44:22.317,42.3392474,-71.0904381,20.697
1272,333447168,1769615062669,10:44:22.669,42.3392474,-71.0904381,20.697
1273,333709312,1769615063036,10:44:23.036,42.3392474,-71.0904381,20.697
1274,333971456,1769615063424,10:44:23.424,42.3392474,-71.0904381,20.697
1275,334233600,1769615064145,10:44:24.145,42.3392474,-71.0904381,20.697
1276,334495744,1769615064621,10:44:24.621,42.3392474,-71.0904381,20.697
1277,334757888,1769615065099,10:44:25.099,42.3392474,-71.0904381,20.697
1278,335020032,1769615065523,10:44:25.523,42.3392474,-71.0904381,20.697
1279,335282176,1769615066211,10:44:26.211,42.3392474,-71.0904381,20.697
1280,335544320,1769615066651,10:44:26.651,42.3392474,-71.0904381,20.697
1281,335806464,1769615068840,10:44:28.840,42.3392474,-71.0904381,20.697
1282,336068608,1769615069091,10:44:29.091,42.3392474,-71.0904381,20.697
1283,336330752,1769615069362,10:44:29.362,42.3392474,-71.0904381,20.697
1284,336592896,1769615069602,10:44:29.602,42.3392474,-71.0904381,20.697
1285,336855040,1769615069864,10:44:29.864,42.3392474,-71.0904381,20.697
1286,337117184,1769615070131,10:44:30.131,42.3392474,-71.0904381,20.697
1287,337379328,1769615070410,10:44:30.410,42.3392474,-71.0904381,20.697
1288,337641472,1769615070682,10:44:30.682,42.3392474,-71.0904381,20.697
1289,337903616,1769615070958,10:44:30.958,42.3392474,-71.0904381,20.697
1290,338165760,1769615071298,10:44:31.298,42.3392474,-71.0904381,20.697
1291,338427904,1769615071705,10:44:31.705,42.3392474,-71.0904381,20.697
1292,338690048,1769615072061,10:44:32.061,42.3392474,-71.0904381,20.697
1293,338952192,1769615072411,10:44:32.411,42.3392474,-71.0904381,20.697
1294,339214336,1769615072847,10:44:32.847,42.3392474,-71.0904381,20.697
1295,339476480,1769615073267,10:44:33.267,42.3392474,-71.0904381,20.697
1296,339738624,1769615073710,10:44:33.710,42.3392474,-71.0904381,20.697
1297,340000768,1769615073997,10:44:33.997,42.3392474,-71.0904381,20.697
1298,340262912,1769615074378,10:44:34.378,42.3392474,-71.0904381,20.697
1299,340525056,1769615074793,10:44:34.793,42.3392474,-71.0904381,20.697
1300,340787200,1769615075105,10:44:35.105,42.3392474,-71.0904381,20.697
1301,341049344,1769615075475,10:44:35.475,42.3392474,-71.0904381,20.697
1302,341311488,1769615075802,10:44:35.802,42.3392474,-71.0904381,20.697
1303,341573632,1769615076250,10:44:36.250,42.3392474,-71.0904381,20.697
1304,341835776,1769615076666,10:44:36.666,42.3392474,-71.0904381,20.697
1305,342097920,1769615077008,10:44:37.008,42.3392474,-71.0904381,20.697
1306,342360064,1769615077435,10:44:37.435,42.3392474,-71.0904381,20.697
1307,342622208,1769615077874,10:44:37.874,42.3392474,-71.0904381,20.697
1308,342884352,1769615078372,10:44:38.372,42.3392474,-71.0904381,20.697
1309,343146496,1769615078814,10:44:38.814,42.3392474,-71.0904381,20.697
1310,343408640,1769615079378,10:44:39.378,42.3392474,-71.0904381,20.697
1311,343670784,1769615079880,10:44:39.880,42.3392474,-71.0904381,20.697
1312,343932928,1769615080189,10:44:40.189,42.3392474,-71.0904381,20.697
1313,344195072,1769615080595,10:44:40.595,42.3392474,-71.0904381,20.697
1314,344457216,1769615081162,10:44:41.162,42.3392474,-71.0904381,20.697
1315,344719360,1769615081639,10:44:41.639,42.3392474,-71.0904381,20.697
1316,344981504,1769615082198,10:44:42.198,42.3392474,-71.0904381,20.697
1317,345243648,1769615082724,10:44:42.724,42.3392474,-71.0904381,20.697
1318,345505792,1769615083213,10:44:43.213,42.3392474,-71.0904381,20.697
1319,345767936,1769615083628,10:44:43.628,42.3392474,-71.0904381,20.697
1320,346030080,1769615083990,10:44:43.990,42.3392474,-71.0904381,20.697
1321,346292224,1769615084396,10:44:44.396,42.3392474,-71.0904381,20.697
1322,346554368,1769615084730,10:44:44.730,42.3392474,-71.0904381,20.697
1323,346816512,1769615085088,10:44:45.088,42.3392474,-71.0904381,20.697
1324,347078656,1769615085445,10:44:45.445,42.3392474,-71.0904381,20.697
1325,347340800,1769615085806,10:44:45.806,42.3392474,-71.0904381,20.697
1326,347602944,1769615086181,10:44:46.181,42.3392474,-71.0904381,20.697
1327,347865088,1769615086582,10:44:46.582,42.3392474,-71.0904381,20.697
1328,348127232,1769615086882,10:44:46.882,42.3392474,-71.0904381,20.697
1329,348389376,1769615087291,10:44:47.291,42.3392474,-71.0904381,20.697
1330,348651520,1769615087783,10:44:47.783,42.3392474,-71.0904381,20.697
1331,348913664,1769615088326,10:44:48.326,42.3392474,-71.0904381,20.697
1332,349175808,1769615088945,10:44:48.945,42.3392474,-71.0904381,20.697
1333,349437952,1769615089567,10:44:49.567,42.3392474,-71.0904381,20.697
1334,349700096,1769615090092,10:44:50.092,42.3392474,-71.0904381,20.697
1335,349962240,1769615090739,10:44:50.739,42.3392474,-71.0904381,20.697
1336,350224384,1769615091393,10:44:51.393,42.3392474,-71.0904381,20.697
1337,350486528,1769615092108,10:44:52.108,42.3392474,-71.0904381,20.697
1338,350748672,1769615092757,10:44:52.757,42.3392474,-71.0904381,20.697
1339,351010816,1769615093424,10:44:53.424,42.3392474,-71.0904381,20.697
1340,351272960,1769615093898,10:44:53.898,42.3392474,-71.0904381,20.697
1341,351535104,1769615094382,10:44:54.382,42.3392474,-71.0904381,20.697
1342,351797248,1769615094810,10:44:54.810,42.3392474,-71.0904381,20.697
1343,352059392,1769615095234,10:44:55.234,42.3392474,-71.0904381,20.697
1344,352321536,1769615095711,10:44:55.711,42.3392474,-71.0904381,20.697
1345,352583680,1769615096011,10:44:56.011,42.3392474,-71.0904381,20.697
1346,352845824,1769615096363,10:44:56.363,42.3392474,-71.0904381,20.697
1347,353107968,1769615096725,10:44:56.725,42.3392474,-71.0904381,20.697
1348,353370112,1769615098969,10:44:58.969,42.3392474,-71.0904381,20.697
1349,353632256,1769615099239,10:44:59.239,42.3392474,-71.0904381,20.697
1350,353894400,1769615099453,10:44:59.453,42.3392474,-71.0904381,20.697
1351,354156544,1769615099702,10:44:59.702,42.3392474,-71.0904381,20.697
1352,354418688,1769615099968,10:44:59.968,42.3392474,-71.0904381,20.697
1353,354680832,1769615100225,10:45:00.225,42.3392474,-71.0904381,20.697
1354,354942976,1769615100487,10:45:00.487,42.3392474,-71.0904381,20.697
1355,355205120,1769615100750,10:45:00.750,42.3392474,-71.0904381,20.697
1356,355467264,1769615101009,10:45:01.009,42.3392474,-71.0904381,20.697
1357,355729408,1769615101270,10:45:01.270,42.3392474,-71.0904381,20.697
1358,355991552,1769615101537,10:45:01.537,42.3392474,-71.0904381,20.697
1359,356253696,1769615102067,10:45:02.067,42.3392474,-71.0904381,20.697
1360,356515840,1769615102542,10:45:02.542,42.3392474,-71.0904381,20.697
1361,356777984,1769615102954,10:45:02.954,42.3392474,-71.0904381,20.697
1362,357040128,1769615103427,10:45:03.427,42.3392474,-71.0904381,20.697
1363,357302272,1769615103876,10:45:03.876,42.3392474,-71.0904381,20.697
1364,357564416,1769615104183,10:45:04.183,42.3392474,-71.0904381,20.697
1365,357826560,1769615104606,10:45:04.606,42.3392474,-71.0904381,20.697
1366,358088704,1769615105254,10:45:05.254,42.3392474,-71.0904381,20.697
1367,358350848,1769615105722,10:45:05.722,42.3392474,-71.0904381,20.697
1368,358612992,1769615106184,10:45:06.184,42.3392474,-71.0904381,20.697
1369,358875136,1769615106739,10:45:06.739,42.3392474,-71.0904381,20.697
1370,359137280,1769615107379,10:45:07.379,42.3392474,-71.0904381,20.697
1371,359399424,1769615107924,10:45:07.924,42.3392474,-71.0904381,20.697
1372,359661568,1769615108233,10:45:08.233,42.3392474,-71.0904381,20.697
1373,359923712,1769615108718,10:45:08.718,42.3392474,-71.0904381,20.697
1374,360185856,1769615109182,10:45:09.182,42.3392474,-71.0904381,20.697
1375,360448000,1769615109545,10:45:09.545,42.3392474,-71.0904381,20.697
1376,360710144,1769615109998,10:45:09.998,42.3392474,-71.0904381,20.697
1377,360972288,1769615110479,10:45:10.479,42.3392474,-71.0904381,20.697
1378,361234432,1769615110902,10:45:10.902,42.3392474,-71.0904381,20.697
1379,361496576,1769615111311,10:45:11.311,42.3392474,-71.0904381,20.697
1380,361758720,1769615111740,10:45:11.740,42.3392474,-71.0904381,20.697
1381,362020864,1769615112095,10:45:12.095,42.3392474,-71.0904381,20.697
1382,362283008,1769615112499,10:45:12.499,42.3392474,-71.0904381,20.697
1383,362545152,1769615112875,10:45:12.875,42.3392474,-71.0904381,20.697
1384,362807296,1769615113226,10:45:13.226,42.3392474,-71.0904381,20.697
1385,363069440,1769615113616,10:45:13.616,42.3392474,-71.0904381,20.697
1386,363331584,1769615114223,10:45:14.223,42.3392474,-71.0904381,20.697
1387,363593728,1769615114685,10:45:14.685,42.3392474,-71.0904381,20.697
1388,363855872,1769615115109,10:45:15.109,42.3392474,-71.0904381,20.697
1389,364118016,1769615115649,10:45:15.649,42.3392474,-71.0904381,20.697
1390,364380160,1769615116258,10:45:16.258,42.3392474,-71.0904381,20.697
1391,364642304,1769615116771,10:45:16.771,42.3392474,-71.0904381,20.697
1392,364904448,1769615117228,10:45:17.228,42.3392474,-71.0904381,20.697
1393,365166592,1769615117689,10:45:17.689,42.3392474,-71.0904381,20.697
1394,365428736,1769615118181,10:45:18.181,42.3392474,-71.0904381,20.697
1395,365690880,1769615118628,10:45:18.628,42.3392474,-71.0904381,20.697
1396,365953024,1769615118917,10:45:18.917,42.3392474,-71.0904381,20.697
1397,366215168,1769615119267,10:45:19.267,42.3392474,-71.0904381,20.697
1398,366477312,1769615119631,10:45:19.631,42.3392474,-71.0904381,20.697
1399,366739456,1769615119967,10:45:19.967,42.3392474,-71.0904381,20.697
1400,367001600,1769615120395,10:45:20.395,42.3392474,-71.0904381,20.697
1401,367263744,1769615120782,10:45:20.782,42.3392474,-71.0904381,20.697
1402,367525888,1769615121200,10:45:21.200,42.3392474,-71.0904381,20.697
1403,367788032,1769615121484,10:45:21.484,42.3392474,-71.0904381,20.697
1404,368050176,1769615121836,10:45:21.836,42.3392474,-71.0904381,20.697
1405,368312320,1769615122232,10:45:22.232,42.3392474,-71.0904381,20.697
1406,368574464,1769615122536,10:45:22.536,42.3392474,-71.0904381,20.697
1407,368836608,1769615122888,10:45:22.888,42.3392474,-71.0904381,20.697
1408,369098752,1769615123237,10:45:23.237,42.3392474,-71.0904381,20.697
1409,369360896,1769615123554,10:45:23.554,42.3392474,-71.0904381,20.697
1410,369623040,1769615123870,10:45:23.870,42.3392474,-71.0904381,20.697
1411,369885184,1769615124259,10:45:24.259,42.3392474,-71.0904381,20.697
1412,370147328,1769615124629,10:45:24.629,42.3392474,-71.0904381,20.697
1413,370409472,1769615124980,10:45:24.980,42.3392474,-71.0904381,20.697
1414,370671616,1769615125351,10:45:25.351,42.3392474,-71.0904381,20.697
1415,370933760,1769615125704,10:45:25.704,42.3392474,-71.0904381,20.697
1416,371195904,1769615126126,10:45:26.126,42.3392474,-71.0904381,20.697
1417,371458048,1769615126492,10:45:26.492,42.3392474,-71.0904381,20.697
1418,371720192,1769615126844,10:45:26.844,42.3392474,-71.0904381,20.697
1419,371982336,1769615129515,10:45:29.515,42.3392474,-71.0904381,20.697
1420,372244480,1769615129765,10:45:29.765,42.3392474,-71.0904381,20.697
1421,372506624,1769615130016,10:45:30.016,42.3392474,-71.0904381,20.697
1422,372768768,1769615130269,10:45:30.269,42.3392474,-71.0904381,20.697
1423,373030912,1769615130520,10:45:30.520,42.3392474,-71.0904381,20.697
1424,373293056,1769615130797,10:45:30.797,42.3392474,-71.0904381,20.697
1425,373555200,1769615131046,10:45:31.046,42.3392474,-71.0904381,20.697
1426,373817344,1769615131324,10:45:31.324,42.3392474,-71.0904381,20.697
1427,374079488,1769615131596,10:45:31.596,42.3392474,-71.0904381,20.697
1428,374341632,1769615131878,10:45:31.878,42.3392474,-71.0904381,20.697
1429,374603776,1769615132140,10:45:32.140,42.3392474,-71.0904381,20.697
1430,374865920,1769615132382,10:45:32.382,42.3392474,-71.0904381,20.697
1431,375128064,1769615132633,10:45:32.633,42.3392474,-71.0904381,20.697
1432,375390208,1769615132883,10:45:32.883,42.3392474,-71.0904381,20.697
1433,375652352,1769615133126,10:45:33.126,42.3392474,-71.0904381,20.697
1434,375914496,1769615133379,10:45:33.379,42.3392474,-71.0904381,20.697
1435,376176640,1769615133643,10:45:33.643,42.3392474,-71.0904381,20.697
1436,376438784,1769615133905,10:45:33.905,42.3392474,-71.0904381,20.697
1437,376700928,1769615134156,10:45:34.156,42.3392474,-71.0904381,20.697
1438,376963072,1769615134393,10:45:34.393,42.3392474,-71.0904381,20.697
1439,377225216,1769615134653,10:45:34.653,42.3392474,-71.0904381,20.697
1440,377487360,1769615134908,10:45:34.908,42.3392474,-71.0904381,20.697
1441,377749504,1769615135169,10:45:35.169,42.3392474,-71.0904381,20.697
1442,378011648,1769615135503,10:45:35.503,42.3392474,-71.0904381,20.697
1443,378273792,1769615135881,10:45:35.881,42.3392474,-71.0904381,20.697
1444,378535936,1769615136205,10:45:36.205,42.3392474,-71.0904381,20.697
1445,378798080,1769615136555,10:45:36.555,42.3392474,-71.0904381,20.697
1446,379060224,1769615136907,10:45:36.907,42.3392474,-71.0904381,20.697
1447,379322368,1769615137311,10:45:37.311,42.3392474,-71.0904381,20.697
1448,379584512,1769615137608,10:45:37.608,42.3392474,-71.0904381,20.697
1449,379846656,1769615137973,10:45:37.973,42.3392474,-71.0904381,20.697
1450,380108800,1769615138370,10:45:38.370,42.3392474,-71.0904381,20.697
1451,380370944,1769615138615,10:45:38.615,42.3392474,-71.0904381,20.697
1452,380633088,1769615138963,10:45:38.963,42.3392474,-71.0904381,20.697
1453,380895232,1769615139384,10:45:39.384,42.3392474,-71.0904381,20.697
1454,381157376,1769615139666,10:45:39.666,42.3392474,-71.0904381,20.697
1455,381419520,1769615140025,10:45:40.025,42.3392474,-71.0904381,20.697
1456,381681664,1769615140431,10:45:40.431,42.3392474,-71.0904381,20.697
1457,381943808,1769615140797,10:45:40.797,42.3392474,-71.0904381,20.697
1458,382205952,1769615141184,10:45:41.184,42.3392474,-71.0904381,20.697
1459,382468096,1769615141497,10:45:41.497,42.3392474,-71.0904381,20.697
1460,382730240,1769615141848,10:45:41.848,42.3392474,-71.0904381,20.697
1461,382992384,1769615142197,10:45:42.197,42.3392474,-71.0904381,20.697
1462,383254528,1769615142550,10:45:42.550,42.3392474,-71.0904381,20.697
1463,383516672,1769615142942,10:45:42.942,42.3392474,-71.0904381,20.697
1464,383778816,1769615143306,10:45:43.306,42.3392474,-71.0904381,20.697
1465,384040960,1769615143710,10:45:43.710,42.3392474,-71.0904381,20.697
1466,384303104,1769615144059,10:45:44.059,42.3392474,-71.0904381,20.697
1467,384565248,1769615144462,10:45:44.462,42.3392474,-71.0904381,20.697
1468,384827392,1769615144759,10:45:44.759,42.3392474,-71.0904381,20.697
1469,385089536,1769615145134,10:45:45.134,42.3392474,-71.0904381,20.697
1470,385351680,1769615145461,10:45:45.461,42.3392474,-71.0904381,20.697
1471,385613824,1769615145810,10:45:45.810,42.3392474,-71.0904381,20.697
1472,385875968,1769615146202,10:45:46.202,42.3392474,-71.0904381,20.697
1473,386138112,1769615146511,10:45:46.511,42.3392474,-71.0904381,20.697
1474,386400256,1769615146861,10:45:46.861,42.3392474,-71.0904381,20.697
1475,386662400,1769615147213,10:45:47.213,42.3392474,-71.0904381,20.697
1476,386924544,1769615147578,10:45:47.578,42.3392474,-71.0904381,20.697
1477,387186688,1769615147914,10:45:47.914,42.3392474,-71.0904381,20.697
1478,387448832,1769615148260,10:45:48.260,42.3392474,-71.0904381,20.697
1479,387710976,1769615148724,10:45:48.724,42.3392474,-71.0904381,20.697
1480,387973120,1769615149348,10:45:49.348,42.3392474,-71.0904381,20.697
1481,388235264,1769615149879,10:45:49.879,42.3392474,-71.0904381,20.697
1482,388497408,1769615150449,10:45:50.449,42.3392474,-71.0904381,20.697
1483,388759552,1769615150888,10:45:50.888,42.3392474,-71.0904381,20.697
1484,389021696,1769615151414,10:45:51.414,42.3392474,-71.0904381,20.697
1485,389283840,1769615151961,10:45:51.961,42.3392474,-71.0904381,20.697
1486,389545984,1769615152387,10:45:52.387,42.3392474,-71.0904381,20.697
1487,389808128,1769615152806,10:45:52.806,42.3392474,-71.0904381,20.697
1488,390070272,1769615153263,10:45:53.263,42.3392474,-71.0904381,20.697
1489,390332416,1769615154152,10:45:54.152,42.3392474,-71.0904381,20.697
1490,390594560,1769615154802,10:45:54.802,42.3392474,-71.0904381,20.697
1491,390856704,1769615155522,10:45:55.522,42.3392474,-71.0904381,20.697
1492,391118848,1769615156244,10:45:56.244,42.3392474,-71.0904381,20.697
1493,391380992,1769615156775,10:45:56.775,42.3392474,-71.0904381,20.697
1494,391643136,1769615159681,10:45:59.681,42.3392474,-71.0904381,20.697
1495,391905280,1769615159945,10:45:59.945,42.3392474,-71.0904381,20.697
1496,392167424,1769615160197,10:46:00.197,42.3392474,-71.0904381,20.697
1497,392429568,1769615160457,10:46:00.457,42.3392474,-71.0904381,20.697
1498,392691712,1769615160710,10:46:00.710,42.3392474,-71.0904381,20.697
1499,392953856,1769615160979,10:46:00.979,42.3392474,-71.0904381,20.697
1500,393216000,1769615161233,10:46:01.233,42.3392474,-71.0904381,20.697
1501,393478144,1769615161473,10:46:01.473,42.3392474,-71.0904381,20.697
1502,393740288,1769615161731,10:46:01.731,42.3392474,-71.0904381,20.697
1503,394002432,1769615161995,10:46:01.995,42.3392474,-71.0904381,20.697
1504,394264576,1769615162326,10:46:02.326,42.3392474,-71.0904381,20.697
1505,394526720,1769615162788,10:46:02.788,42.3392474,-71.0904381,20.697
1506,394788864,1769615163362,10:46:03.362,42.3392474,-71.0904381,20.697
1507,395051008,1769615163927,10:46:03.927,42.3392474,-71.0904381,20.697
1508,395313152,1769615164448,10:46:04.448,42.3392474,-71.0904381,20.697
1509,395575296,1769615164945,10:46:04.945,42.3392474,-71.0904381,20.697
1510,395837440,1769615165400,10:46:05.400,42.3392474,-71.0904381,20.697
1511,396099584,1769615165912,10:46:05.912,42.3392474,-71.0904381,20.697
1512,396361728,1769615166411,10:46:06.411,42.3392474,-71.0904381,20.697
1513,396623872,1769615166857,10:46:06.857,42.3392474,-71.0904381,20.697
1514,396886016,1769615167311,10:46:07.311,42.3392474,-71.0904381,20.697
1515,397148160,1769615167789,10:46:07.789,42.3392474,-71.0904381,20.697
1516,397410304,1769615168182,10:46:08.182,42.3392474,-71.0904381,20.697
1517,397672448,1769615168484,10:46:08.484,42.3392474,-71.0904381,20.697
1518,397934592,1769615168884,10:46:08.884,42.3392474,-71.0904381,20.697
1519,398196736,1769615169363,10:46:09.363,42.3392474,-71.0904381,20.697
1520,398458880,1769615169767,10:46:09.767,42.3392474,-71.0904381,20.697
1521,398721024,1769615170291,10:46:10.291,42.3392474,-71.0904381,20.697
1522,398983168,1769615170732,10:46:10.732,42.3392474,-71.0904381,20.697
1523,399245312,1769615171081,10:46:11.081,42.3392474,-71.0904381,20.697
1524,399507456,1769615171432,10:46:11.432,42.3392474,-71.0904381,20.697
1525,399769600,1769615171929,10:46:11.929,42.3392474,-71.0904381,20.697
1526,400031744,1769615172461,10:46:12.461,42.3392474,-71.0904381,20.697
1527,400293888,1769615172908,10:46:12.908,42.3392474,-71.0904381,20.697
1528,400556032,1769615173423,10:46:13.423,42.3392474,-71.0904381,20.697
1529,400818176,1769615173932,10:46:13.932,42.3392474,-71.0904381,20.697
1530,401080320,1769615174405,10:46:14.405,42.3392474,-71.0904381,20.697
1531,401342464,1769615174842,10:46:14.842,42.3392474,-71.0904381,20.697
1532,401604608,1769615175218,10:46:15.218,42.3392474,-71.0904381,20.697
1533,401866752,1769615175676,10:46:15.676,42.3392474,-71.0904381,20.697
1534,402128896,1769615176135,10:46:16.135,42.3392474,-71.0904381,20.697
1535,402391040,1769615176567,10:46:16.567,42.3392474,-71.0904381,20.697
1536,402653184,1769615176993,10:46:16.993,42.3392474,-71.0904381,20.697
1537,402915328,1769615177388,10:46:17.388,42.3392474,-71.0904381,20.697
1538,403177472,1769615177749,10:46:17.749,42.3392474,-71.0904381,20.697
1539,403439616,1769615178303,10:46:18.303,42.3392474,-71.0904381,20.697
1540,403701760,1769615178794,10:46:18.794,42.3392474,-71.0904381,20.697
1541,403963904,1769615179200,10:46:19.200,42.3392474,-71.0904381,20.697
1542,404226048,1769615179566,10:46:19.566,42.3392474,-71.0904381,20.697
1543,404488192,1769615179915,10:46:19.915,42.3392474,-71.0904381,20.697
1544,404750336,1769615180285,10:46:20.285,42.3392474,-71.0904381,20.697
1545,405012480,1769615180617,10:46:20.617,42.3392474,-71.0904381,20.697
1546,405274624,1769615180968,10:46:20.968,42.3392474,-71.0904381,20.697
1547,405536768,1769615181320,10:46:21.320,42.3392474,-71.0904381,20.697
1548,405798912,1769615181673,10:46:21.673,42.3392474,-71.0904381,20.697
1549,406061056,1769615182022,10:46:22.022,42.3392474,-71.0904381,20.697
1550,406323200,1769615182372,10:46:22.372,42.3392474,-71.0904381,20.697
1551,406585344,1769615182722,10:46:22.722,42.3392474,-71.0904381,20.697
1552,406847488,1769615183085,10:46:23.085,42.3392474,-71.0904381,20.697
1553,407109632,1769615183412,10:46:23.412,42.3392474,-71.0904381,20.697
1554,407371776,1769615183763,10:46:23.763,42.3392474,-71.0904381,20.697
1555,407633920,1769615184132,10:46:24.132,42.3392474,-71.0904381,20.697
1556,407896064,1769615184629,10:46:24.629,42.3392474,-71.0904381,20.697
1557,408158208,1769615185197,10:46:25.197,42.3392474,-71.0904381,20.697
1558,408420352,1769615185690,10:46:25.690,42.3392474,-71.0904381,20.697
1559,408682496,1769615186234,10:46:26.234,42.3392474,-71.0904381,20.697
1560,408944640,1769615186728,10:46:26.728,42.3392474,-71.0904381,20.697
1561,409206784,1769615187111,10:46:27.111,42.3392474,-71.0904381,20.697
1562,409468928,1769615187601,10:46:27.601,42.3392474,-71.0904381,20.697
1563,409731072,1769615190829,10:46:30.829,42.3392474,-71.0904381,20.697
1564,409993216,1769615191081,10:46:31.081,42.3392474,-71.0904381,20.697
1565,410255360,1769615191323,10:46:31.323,42.3392474,-71.0904381,20.697
1566,410517504,1769615191582,10:46:31.582,42.3392474,-71.0904381,20.697
1567,410779648,1769615191847,10:46:31.847,42.3392474,-71.0904381,20.697
1568,411041792,1769615192090,10:46:32.090,42.3392474,-71.0904381,20.697
1569,411303936,1769615192331,10:46:32.331,42.3392474,-71.0904381,20.697
1570,411566080,1769615192573,10:46:32.573,42.3392474,-71.0904381,20.697
1571,411828224,1769615192819,10:46:32.819,42.3392474,-71.0904381,20.697
1572,412090368,1769615193090,10:46:33.090,42.3392474,-71.0904381,20.697
1573,412352512,1769615193352,10:46:33.352,42.3392474,-71.0904381,20.697
1574,412614656,1769615193608,10:46:33.608,42.3392474,-71.0904381,20.697
1575,412876800,1769615194124,10:46:34.124,42.3392474,-71.0904381,20.697
1576,413138944,1769615194767,10:46:34.767,42.3392474,-71.0904381,20.697
1577,413401088,1769615195440,10:46:35.440,42.3392474,-71.0904381,20.697
1578,413663232,1769615195983,10:46:35.983,42.3392474,-71.0904381,20.697
1579,413925376,1769615196382,10:46:36.382,42.3392474,-71.0904381,20.697
1580,414187520,1769615196707,10:46:36.707,42.3392474,-71.0904381,20.697
1581,414449664,1769615197078,10:46:37.078,42.3392474,-71.0904381,20.697
1582,414711808,1769615197449,10:46:37.449,42.3392474,-71.0904381,20.697
1583,414973952,1769615197839,10:46:37.839,42.3392474,-71.0904381,20.697
1584,415236096,1769615198281,10:46:38.281,42.3392474,-71.0904381,20.697
1585,415498240,1769615198687,10:46:38.687,42.3392474,-71.0904381,20.697
1586,415760384,1769615199192,10:46:39.192,42.3392474,-71.0904381,20.697
1587,416022528,1769615199608,10:46:39.608,42.3392474,-71.0904381,20.697
1588,416284672,1769615200233,10:46:40.233,42.3392474,-71.0904381,20.697
1589,416546816,1769615200712,10:46:40.712,42.3392474,-71.0904381,20.697
1590,416808960,1769615201225,10:46:41.225,42.3392474,-71.0904381,20.697
1591,417071104,1769615201710,10:46:41.710,42.3392474,-71.0904381,20.697
1592,417333248,1769615202195,10:46:42.195,42.3392474,-71.0904381,20.697
1593,417595392,1769615202746,10:46:42.746,42.3392474,-71.0904381,20.697
1594,417857536,1769615203206,10:46:43.206,42.3392474,-71.0904381,20.697
1595,418119680,1769615203592,10:46:43.592,42.3392474,-71.0904381,20.697
1596,418381824,1769615204009,10:46:44.009,42.3392474,-71.0904381,20.697
1597,418643968,1769615204501,10:46:44.501,42.3392474,-71.0904381,20.697
1598,418906112,1769615204995,10:46:44.995,42.3392474,-71.0904381,20.697
1599,419168256,1769615205494,10:46:45.494,42.3392474,-71.0904381,20.697
1600,419430400,1769615205937,10:46:45.937,42.3392474,-71.0904381,20.697
1601,419692544,1769615206235,10:46:46.235,42.3392474,-71.0904381,20.697
1602,419954688,1769615206641,10:46:46.641,42.3392474,-71.0904381,20.697
1603,420216832,1769615207055,10:46:47.055,42.3392474,-71.0904381,20.697
1604,420478976,1769615207481,10:46:47.481,42.3392474,-71.0904381,20.697
1605,420741120,1769615207919,10:46:47.919,42.3392474,-71.0904381,20.697
1606,421003264,1769615208397,10:46:48.397,42.3392474,-71.0904381,20.697
1607,421265408,1769615208812,10:46:48.812,42.3392474,-71.0904381,20.697
1608,421527552,1769615209354,10:46:49.354,42.3392474,-71.0904381,20.697
1609,421789696,1769615209821,10:46:49.821,42.3392474,-71.0904381,20.697
1610,422051840,1769615210256,10:46:50.256,42.3392474,-71.0904381,20.697
1611,422313984,1769615210710,10:46:50.710,42.3392474,-71.0904381,20.697
1612,422576128,1769615211245,10:46:51.245,42.3392474,-71.0904381,20.697
1613,422838272,1769615211808,10:46:51.808,42.3392474,-71.0904381,20.697
1614,423100416,1769615212306,10:46:52.306,42.3392474,-71.0904381,20.697
1615,423362560,1769615212688,10:46:52.688,42.3392474,-71.0904381,20.697
1616,423624704,1769615213039,10:46:53.039,42.3392474,-71.0904381,20.697
1617,423886848,1769615213424,10:46:53.424,42.3392474,-71.0904381,20.697
1618,424148992,1769615213807,10:46:53.807,42.3392474,-71.0904381,20.697
1619,424411136,1769615214256,10:46:54.256,42.3392474,-71.0904381,20.697
1620,424673280,1769615214708,10:46:54.708,42.3392474,-71.0904381,20.697
1621,424935424,1769615215210,10:46:55.210,42.3392474,-71.0904381,20.697
1622,425197568,1769615215765,10:46:55.765,42.3392474,-71.0904381,20.697
1623,425459712,1769615216314,10:46:56.314,42.3392474,-71.0904381,20.697
1624,425721856,1769615216876,10:46:56.876,42.3392474,-71.0904381,20.697
1625,425984000,1769615217441,10:46:57.441,42.3392474,-71.0904381,20.697
1626,426246144,1769615217864,10:46:57.864,42.3392474,-71.0904381,20.697
1627,426508288,1769615221008,10:47:01.008,42.3392474,-71.0904381,20.697
1628,426770432,1769615221285,10:47:01.285,42.3392474,-71.0904381,20.697
1629,427032576,1769615221546,10:47:01.546,42.3392474,-71.0904381,20.697
1630,427294720,1769615221793,10:47:01.793,42.3392474,-71.0904381,20.697
1631,427556864,1769615222050,10:47:02.050,42.3392474,-71.0904381,20.697
1632,427819008,1769615222310,10:47:02.310,42.3392474,-71.0904381,20.697
1633,428081152,1769615222557,10:47:02.557,42.3392474,-71.0904381,20.697
1634,428343296,1769615222800,10:47:02.800,42.3392474,-71.0904381,20.697
1635,428605440,1769615223052,10:47:03.052,42.3392474,-71.0904381,20.697
1636,428867584,1769615223296,10:47:03.296,42.3392474,-71.0904381,20.697
1637,429129728,1769615223701,10:47:03.701,42.3392474,-71.0904381,20.697
1638,429391872,1769615224129,10:47:04.129,42.3392474,-71.0904381,20.697
1639,429654016,1769615224519,10:47:04.519,42.3392474,-71.0904381,20.697
1640,429916160,1769615224902,10:47:04.902,42.3392474,-71.0904381,20.697
1641,430178304,1769615225309,10:47:05.309,42.3392474,-71.0904381,20.697
1642,430440448,1769615225705,10:47:05.705,42.3392474,-71.0904381,20.697
1643,430702592,1769615226056,10:47:06.056,42.3392474,-71.0904381,20.697
1644,430964736,1769615226447,10:47:06.447,42.3392474,-71.0904381,20.697
1645,431226880,1769615226766,10:47:06.766,42.3392474,-71.0904381,20.697
1646,431489024,1769615227128,10:47:07.128,42.3392474,-71.0904381,20.697
1647,431751168,1769615227490,10:47:07.490,42.3392474,-71.0904381,20.697
1648,432013312,1769615227910,10:47:07.910,42.3392474,-71.0904381,20.697
1649,432275456,1769615228383,10:47:08.383,42.3392474,-71.0904381,20.697
1650,432537600,1769615228783,10:47:08.783,42.3392474,-71.0904381,20.697
1651,432799744,1769615229169,10:47:09.169,42.3392474,-71.0904381,20.697
1652,433061888,1769615229556,10:47:09.556,42.3392474,-71.0904381,20.697
1653,433324032,1769615229928,10:47:09.928,42.3392474,-71.0904381,20.697
1654,433586176,1769615230304,10:47:10.304,42.3392474,-71.0904381,20.697
1655,433848320,1769615230658,10:47:10.658,42.3392474,-71.0904381,20.697
1656,434110464,1769615231021,10:47:11.021,42.3392474,-71.0904381,20.697
1657,434372608,1769615231370,10:47:11.370,42.3392474,-71.0904381,20.697
1658,434634752,1769615231721,10:47:11.721,42.3392474,-71.0904381,20.697
1659,434896896,1769615232071,10:47:12.071,42.3392474,-71.0904381,20.697
1660,435159040,1769615232482,10:47:12.482,42.3392474,-71.0904381,20.697
1661,435421184,1769615232868,10:47:12.868,42.3392474,-71.0904381,20.697
1662,435683328,1769615233323,10:47:13.323,42.3392474,-71.0904381,20.697
1663,435945472,1769615233828,10:47:13.828,42.3392474,-71.0904381,20.697
1664,436207616,1769615234278,10:47:14.278,42.3392474,-71.0904381,20.697
1665,436469760,1769615234561,10:47:14.561,42.3392474,-71.0904381,20.697
1666,436731904,1769615234949,10:47:14.949,42.3392474,-71.0904381,20.697
1667,436994048,1769615235358,10:47:15.358,42.3392474,-71.0904381,20.697
1668,437256192,1769615235678,10:47:15.678,42.3392474,-71.0904381,20.697
1669,437518336,1769615236029,10:47:16.029,42.3392474,-71.0904381,20.697
1670,437780480,1769615236379,10:47:16.379,42.3392474,-71.0904381,20.697
1671,438042624,1769615236804,10:47:16.804,42.3392474,-71.0904381,20.697
1672,438304768,1769615237239,10:47:17.239,42.3392474,-71.0904381,20.697
1673,438566912,1769615237671,10:47:17.671,42.3392474,-71.0904381,20.697
1674,438829056,1769615238231,10:47:18.231,42.3392474,-71.0904381,20.697
1675,439091200,1769615238706,10:47:18.706,42.3392474,-71.0904381,20.697
1676,439353344,1769615239051,10:47:19.051,42.3392474,-71.0904381,20.697
1677,439615488,1769615239402,10:47:19.402,42.3392474,-71.0904381,20.697
1678,439877632,1769615239752,10:47:19.752,42.3392474,-71.0904381,20.697
1679,440139776,1769615240103,10:47:20.103,42.3392474,-71.0904381,20.697
1680,440401920,1769615240457,10:47:20.457,42.3392474,-71.0904381,20.697
1681,440664064,1769615240824,10:47:20.824,42.3392474,-71.0904381,20.697
1682,440926208,1769615241209,10:47:21.209,42.3392474,-71.0904381,20.697
1683,441188352,1769615241564,10:47:21.564,42.3392474,-71.0904381,20.697
1684,441450496,1769615241923,10:47:21.923,42.3392474,-71.0904381,20.697
1685,441712640,1769615242297,10:47:22.297,42.3392474,-71.0904381,20.697
1686,441974784,1769615242665,10:47:22.665,42.3392474,-71.0904381,20.697
1687,442236928,1769615243035,10:47:23.035,42.3392474,-71.0904381,20.697
1688,442499072,1769615243379,10:47:23.379,42.3392474,-71.0904381,20.697
1689,442761216,1769615243728,10:47:23.728,42.3392474,-71.0904381,20.697
1690,443023360,1769615244081,10:47:24.081,42.3392474,-71.0904381,20.697
1691,443285504,1769615244433,10:47:24.433,42.3392474,-71.0904381,20.697
1692,443547648,1769615244788,10:47:24.788,42.3392474,-71.0904381,20.697
1693,443809792,1769615245165,10:47:25.165,42.3392474,-71.0904381,20.697
1694,444071936,1769615245494,10:47:25.494,42.3392474,-71.0904381,20.697
1695,444334080,1769615245968,10:47:25.968,42.3392474,-71.0904381,20.697
1696,444596224,1769615246469,10:47:26.469,42.3392474,-71.0904381,20.697
1697,444858368,1769615246931,10:47:26.931,42.3392474,-71.0904381,20.697
1698,445120512,1769615247357,10:47:27.357,42.3392474,-71.0904381,20.697
1699,445382656,1769615247820,10:47:27.820,42.3392474,-71.0904381,20.697
1700,445644800,1769615248436,10:47:28.436,42.3392474,-71.0904381,20.697
1701,445906944,1769615251961,10:47:31.961,42.3392474,-71.0904381,20.697
1702,446169088,1769615252221,10:47:32.221,42.3392474,-71.0904381,20.697
1703,446431232,1769615252469,10:47:32.469,42.3392474,-71.0904381,20.697
1704,446693376,1769615252720,10:47:32.720,42.3392474,-71.0904381,20.697
1705,446955520,1769615252971,10:47:32.971,42.3392474,-71.0904381,20.697
1706,447217664,1769615253222,10:47:33.222,42.3392474,-71.0904381,20.697
1707,447479808,1769615253493,10:47:33.493,42.3392474,-71.0904381,20.697
1708,447741952,1769615253761,10:47:33.761,42.3392474,-71.0904381,20.697
1709,448004096,1769615254014,10:47:34.014,42.3392474,-71.0904381,20.697
1710,448266240,1769615254270,10:47:34.270,42.3392474,-71.0904381,20.697
1711,448528384,1769615254542,10:47:34.542,42.3392474,-71.0904381,20.697
1712,448790528,1769615254792,10:47:34.792,42.3392474,-71.0904381,20.697
1713,449052672,1769615255046,10:47:35.046,42.3392474,-71.0904381,20.697
1714,449314816,1769615255289,10:47:35.289,42.3392474,-71.0904381,20.697
1715,449576960,1769615255525,10:47:35.525,42.3392474,-71.0904381,20.697
1716,449839104,1769615255781,10:47:35.781,42.3392474,-71.0904381,20.697
1717,450101248,1769615256130,10:47:36.130,42.3392474,-71.0904381,20.697
1718,450363392,1769615256481,10:47:36.481,42.3392474,-71.0904381,20.697
1719,450625536,1769615256835,10:47:36.835,42.3392474,-71.0904381,20.697
1720,450887680,1769615257219,10:47:37.219,42.3392474,-71.0904381,20.697
1721,451149824,1769615257595,10:47:37.595,42.3392474,-71.0904381,20.697
1722,451411968,1769615258015,10:47:38.015,42.3392474,-71.0904381,20.697
1723,451674112,1769615258416,10:47:38.416,42.3392474,-71.0904381,20.697
1724,451936256,1769615258810,10:47:38.810,42.3392474,-71.0904381,20.697
1725,452198400,1769615259175,10:47:39.175,42.3392474,-71.0904381,20.697
1726,452460544,1769615259526,10:47:39.526,42.3392474,-71.0904381,20.697
1727,452722688,1769615259877,10:47:39.877,42.3392474,-71.0904381,20.697
1728,452984832,1769615260228,10:47:40.228,42.3392474,-71.0904381,20.697
1729,453246976,1769615260579,10:47:40.579,42.3392474,-71.0904381,20.697
1730,453509120,1769615260929,10:47:40.929,42.3392474,-71.0904381,20.697
1731,453771264,1769615261278,10:47:41.278,42.3392474,-71.0904381,20.697
1732,454033408,1769615261629,10:47:41.629,42.3392474,-71.0904381,20.697
1733,454295552,1769615262011,10:47:42.011,42.3392474,-71.0904381,20.697
1734,454557696,1769615262331,10:47:42.331,42.3392474,-71.0904381,20.697
1735,454819840,1769615262706,10:47:42.706,42.3392474,-71.0904381,20.697
1736,455081984,1769615263073,10:47:43.073,42.3392474,-71.0904381,20.697
1737,455344128,1769615263421,10:47:43.421,42.3392474,-71.0904381,20.697
1738,455606272,1769615263809,10:47:43.809,42.3392474,-71.0904381,20.697
1739,455868416,1769615264226,10:47:44.226,42.3392474,-71.0904381,20.697
1740,456130560,1769615264681,10:47:44.681,42.3392474,-71.0904381,20.697
1741,456392704,1769615265221,10:47:45.221,42.3392474,-71.0904381,20.697
1742,456654848,1769615265822,10:47:45.822,42.3392474,-71.0904381,20.697
1743,456916992,1769615266429,10:47:46.429,42.3392474,-71.0904381,20.697
1744,457179136,1769615267002,10:47:47.002,42.3392474,-71.0904381,20.697
1745,457441280,1769615267485,10:47:47.485,42.3392474,-71.0904381,20.697
1746,457703424,1769615267950,10:47:47.950,42.3392474,-71.0904381,20.697
1747,457965568,1769615268541,10:47:48.541,42.3392474,-71.0904381,20.697
1748,458227712,1769615269211,10:47:49.211,42.3392474,-71.0904381,20.697
1749,458489856,1769615269770,10:47:49.770,42.3392474,-71.0904381,20.697
1750,458752000,1769615270450,10:47:50.450,42.3392474,-71.0904381,20.697
1751,459014144,1769615270996,10:47:50.996,42.3392474,-71.0904381,20.697
1752,459276288,1769615271417,10:47:51.417,42.3392474,-71.0904381,20.697
1753,459538432,1769615271915,10:47:51.915,42.3392474,-71.0904381,20.697
1754,459800576,1769615272505,10:47:52.505,42.3392474,-71.0904381,20.697
1755,460062720,1769615273022,10:47:53.022,42.3392474,-71.0904381,20.697
1756,460324864,1769615273355,10:47:53.355,42.3392474,-71.0904381,20.697
1757,460587008,1769615273744,10:47:53.744,42.3392474,-71.0904381,20.697
1758,460849152,1769615274109,10:47:54.109,42.3392474,-71.0904381,20.697
1759,461111296,1769615274531,10:47:54.531,42.3392474,-71.0904381,20.697
1760,461373440,1769615274882,10:47:54.882,42.3392474,-71.0904381,20.697
1761,461635584,1769615275261,10:47:55.261,42.3392474,-71.0904381,20.697
1762,461897728,1769615275610,10:47:55.610,42.3392474,-71.0904381,20.697
1763,462159872,1769615276016,10:47:56.016,42.3392474,-71.0904381,20.697
1764,462422016,1769615276335,10:47:56.335,42.3392474,-71.0904381,20.697
1765,462684160,1769615276713,10:47:56.713,42.3392474,-71.0904381,20.697
1766,462946304,1769615277062,10:47:57.062,42.3392474,-71.0904381,20.697
1767,463208448,1769615277413,10:47:57.413,42.3392474,-71.0904381,20.697
1768,463470592,1769615277763,10:47:57.763,42.3392474,-71.0904381,20.697
1769,463732736,1769615278132,10:47:58.132,42.3392474,-71.0904381,20.697
1770,463994880,1769615278525,10:47:58.525,42.3392474,-71.0904381,20.697
1771,464257024,1769615278941,10:47:58.941,42.3392474,-71.0904381,20.697
1772,464519168,1769615279334,10:47:59.334,42.3392474,-71.0904381,20.697
1773,464781312,1769615283310,10:48:03.310,42.3392474,-71.0904381,20.697
1774,465043456,1769615283570,10:48:03.570,42.3392474,-71.0904381,20.697
1775,465305600,1769615283851,10:48:03.851,42.3392474,-71.0904381,20.697
1776,465567744,1769615284105,10:48:04.105,42.3392474,-71.0904381,20.697
1777,465829888,1769615284358,10:48:04.358,42.3392474,-71.0904381,20.697
1778,466092032,1769615284612,10:48:04.612,42.3392474,-71.0904381,20.697
1779,466354176,1769615284861,10:48:04.861,42.3392474,-71.0904381,20.697
1780,466616320,1769615285115,10:48:05.115,42.3392474,-71.0904381,20.697
1781,466878464,1769615285371,10:48:05.371,42.3392474,-71.0904381,20.697
1782,467140608,1769615285619,10:48:05.619,42.3392474,-71.0904381,20.697
1783,467402752,1769615285865,10:48:05.865,42.3392474,-71.0904381,20.697
1784,467664896,1769615286111,10:48:06.111,42.3392474,-71.0904381,20.697
1785,467927040,1769615286369,10:48:06.369,42.3392474,-71.0904381,20.697
1786,468189184,1769615286617,10:48:06.617,42.3392474,-71.0904381,20.697
1787,468451328,1769615286886,10:48:06.886,42.3392474,-71.0904381,20.697
1788,468713472,1769615287161,10:48:07.161,42.3392474,-71.0904381,20.697
1789,468975616,1769615287430,10:48:07.430,42.3392474,-71.0904381,20.697
1790,469237760,1769615287674,10:48:07.674,42.3392474,-71.0904381,20.697
1791,469499904,1769615287933,10:48:07.933,42.3392474,-71.0904381,20.697
1792,469762048,1769615288246,10:48:08.246,42.3392474,-71.0904381,20.697
1793,470024192,1769615288833,10:48:08.833,42.3392474,-71.0904381,20.697
1794,470286336,1769615289283,10:48:09.283,42.3392474,-71.0904381,20.697
1795,470548480,1769615289899,10:48:09.899,42.3392474,-71.0904381,20.697
1796,470810624,1769615290459,10:48:10.459,42.3392474,-71.0904381,20.697
1797,471072768,1769615291023,10:48:11.023,42.3392474,-71.0904381,20.697
1798,471334912,1769615291478,10:48:11.478,42.3392474,-71.0904381,20.697
1799,471597056,1769615292034,10:48:12.034,42.3392474,-71.0904381,20.697
1800,471859200,1769615292646,10:48:12.646,42.3392474,-71.0904381,20.697
1801,472121344,1769615293111,10:48:13.111,42.3392474,-71.0904381,20.697
1802,472383488,1769615293473,10:48:13.473,42.3392474,-71.0904381,20.697
1803,472645632,1769615293824,10:48:13.824,42.3392474,-71.0904381,20.697
1804,472907776,1769615294220,10:48:14.220,42.3392474,-71.0904381,20.697
1805,473169920,1769615294543,10:48:14.543,42.3392474,-71.0904381,20.697
1806,473432064,1769615294901,10:48:14.901,42.3392474,-71.0904381,20.697
1807,473694208,1769615295242,10:48:15.242,42.3392474,-71.0904381,20.697
1808,473956352,1769615295594,10:48:15.594,42.3392474,-71.0904381,20.697
1809,474218496,1769615295947,10:48:15.947,42.3392474,-71.0904381,20.697
1810,474480640,1769615296319,10:48:16.319,42.3392474,-71.0904381,20.697
1811,474742784,1769615296649,10:48:16.649,42.3392474,-71.0904381,20.697
1812,475004928,1769615297036,10:48:17.036,42.3392474,-71.0904381,20.697
1813,475267072,1769615297354,10:48:17.354,42.3392474,-71.0904381,20.697
1814,475529216,1769615297737,10:48:17.737,42.3392474,-71.0904381,20.697
1815,475791360,1769615298098,10:48:18.098,42.3392474,-71.0904381,20.697
1816,476053504,1769615298457,10:48:18.457,42.3392474,-71.0904381,20.697
1817,476315648,1769615298831,10:48:18.831,42.3392474,-71.0904381,20.697
1818,476577792,1769615299289,10:48:19.289,42.3392474,-71.0904381,20.697
1819,476839936,1769615299689,10:48:19.689,42.3392474,-71.0904381,20.697
1820,477102080,1769615300109,10:48:20.109,42.3392474,-71.0904381,20.697
1821,477364224,1769615300716,10:48:20.716,42.3392474,-71.0904381,20.697
1822,477626368,1769615301208,10:48:21.208,42.3392474,-71.0904381,20.697
1823,477888512,1769615301475,10:48:21.475,42.3392474,-71.0904381,20.697
1824,478150656,1769615301824,10:48:21.824,42.3392474,-71.0904381,20.697
1825,478412800,1769615302241,10:48:22.241,42.3392474,-71.0904381,20.697
1826,478674944,1769615302592,10:48:22.592,42.3392474,-71.0904381,20.697
1827,478937088,1769615302961,10:48:22.961,42.3392474,-71.0904381,20.697
1828,479199232,1769615303308,10:48:23.308,42.3392474,-71.0904381,20.697
1829,479461376,1769615303715,10:48:23.715,42.3392474,-71.0904381,20.697
1830,479723520,1769615304081,10:48:24.081,42.3392474,-71.0904381,20.697
1831,479985664,1769615304427,10:48:24.427,42.3392474,-71.0904381,20.697
1832,480247808,1769615304778,10:48:24.778,42.3392474,-71.0904381,20.697
1833,480509952,1769615305136,10:48:25.136,42.3392474,-71.0904381,20.697
1834,480772096,1769615305484,10:48:25.484,42.3392474,-71.0904381,20.697
1835,481034240,1769615305835,10:48:25.835,42.3392474,-71.0904381,20.697
1836,481296384,1769615306440,10:48:26.440,42.3392474,-71.0904381,20.697
1837,481558528,1769615307011,10:48:27.011,42.3392474,-71.0904381,20.697
1838,481820672,1769615307598,10:48:27.598,42.3392474,-71.0904381,20.697
1839,482082816,1769615308139,10:48:28.139,42.3392474,-71.0904381,20.697
1840,482344960,1769615308699,10:48:28.699,42.3392474,-71.0904381,20.697
1841,482607104,1769615309174,10:48:29.174,42.3392474,-71.0904381,20.697
1842,482869248,1769615309642,10:48:29.642,42.3392474,-71.0904381,20.697
1843,483131392,1769615313936,10:48:33.936,42.3392474,-71.0904381,20.697
1844,483393536,1769615314202,10:48:34.202,42.3392474,-71.0904381,20.697
1845,483655680,1769615314443,10:48:34.443,42.3392474,-71.0904381,20.697
1846,483917824,1769615314698,10:48:34.698,42.3392474,-71.0904381,20.697
1847,484179968,1769615314953,10:48:34.953,42.3392474,-71.0904381,20.697
1848,484442112,1769615315213,10:48:35.213,42.3392474,-71.0904381,20.697
1849,484704256,1769615315483,10:48:35.483,42.3392474,-71.0904381,20.697
1850,484966400,1769615315744,10:48:35.744,42.3392474,-71.0904381,20.697
1851,485228544,1769615315994,10:48:35.994,42.3392474,-71.0904381,20.697
1852,485490688,1769615316231,10:48:36.231,42.3392474,-71.0904381,20.697
1853,485752832,1769615316472,10:48:36.472,42.3392474,-71.0904381,20.697
1854,486014976,1769615316736,10:48:36.736,42.3392474,-71.0904381,20.697
1855,486277120,1769615316977,10:48:36.977,42.3392474,-71.0904381,20.697
1856,486539264,1769615317223,10:48:37.223,42.3392474,-71.0904381,20.697
1857,486801408,1769615317500,10:48:37.500,42.3392474,-71.0904381,20.697
1858,487063552,1769615317975,10:48:37.975,42.3392474,-71.0904381,20.697
1859,487325696,1769615318409,10:48:38.409,42.3392474,-71.0904381,20.697
1860,487587840,1769615318817,10:48:38.817,42.3392474,-71.0904381,20.697
1861,487849984,1769615319266,10:48:39.266,42.3392474,-71.0904381,20.697
1862,488112128,1769615319627,10:48:39.627,42.3392474,-71.0904381,20.697
1863,488374272,1769615320055,10:48:40.055,42.3392474,-71.0904381,20.697
1864,488636416,1769615320508,10:48:40.508,42.3392474,-71.0904381,20.697
1865,488898560,1769615320936,10:48:40.936,42.3392474,-71.0904381,20.697
1866,489160704,1769615321305,10:48:41.305,42.3392474,-71.0904381,20.697
1867,489422848,1769615321693,10:48:41.693,42.3392474,-71.0904381,20.697
1868,489684992,1769615322005,10:48:42.005,42.3392474,-71.0904381,20.697
1869,489947136,1769615322358,10:48:42.358,42.3392474,-71.0904381,20.697
1870,490209280,1769615322711,10:48:42.711,42.3392474,-71.0904381,20.697
1871,490471424,1769615323155,10:48:43.155,42.3392474,-71.0904381,20.697
1872,490733568,1769615323505,10:48:43.505,42.3392474,-71.0904381,20.697
1873,490995712,1769615323857,10:48:43.857,42.3392474,-71.0904381,20.697
1874,491257856,1769615324272,10:48:44.272,42.3392474,-71.0904381,20.697
1875,491520000,1769615324609,10:48:44.609,42.3392474,-71.0904381,20.697
1876,491782144,1769615325002,10:48:45.002,42.3392474,-71.0904381,20.697
1877,492044288,1769615325362,10:48:45.362,42.3392474,-71.0904381,20.697
1878,492306432,1769615325836,10:48:45.836,42.3392474,-71.0904381,20.697
1879,492568576,1769615326331,10:48:46.331,42.3392474,-71.0904381,20.697
1880,492830720,1769615326852,10:48:46.852,42.3392474,-71.0904381,20.697
1881,493092864,1769615327264,10:48:47.264,42.3392474,-71.0904381,20.697
1882,493355008,1769615327720,10:48:47.720,42.3392474,-71.0904381,20.697
1883,493617152,1769615328051,10:48:48.051,42.3392474,-71.0904381,20.697
1884,493879296,1769615328553,10:48:48.553,42.3392474,-71.0904381,20.697
1885,494141440,1769615329139,10:48:49.139,42.3392474,-71.0904381,20.697
1886,494403584,1769615329763,10:48:49.763,42.3392474,-71.0904381,20.697
1887,494665728,1769615330412,10:48:50.412,42.3392474,-71.0904381,20.697
1888,494927872,1769615331010,10:48:51.010,42.3392474,-71.0904381,20.697
1889,495190016,1769615331593,10:48:51.593,42.3392474,-71.0904381,20.697
1890,495452160,1769615332193,10:48:52.193,42.3392474,-71.0904381,20.697
1891,495714304,1769615332907,10:48:52.907,42.3392474,-71.0904381,20.697
1892,495976448,1769615333382,10:48:53.382,42.3392474,-71.0904381,20.697
1893,496238592,1769615333814,10:48:53.814,42.3392474,-71.0904381,20.697
1894,496500736,1769615334304,10:48:54.304,42.3392474,-71.0904381,20.697
1895,496762880,1769615334767,10:48:54.767,42.3392474,-71.0904381,20.697
1896,497025024,1769615335221,10:48:55.221,42.3392474,-71.0904381,20.697
1897,497287168,1769615335655,10:48:55.655,42.3392474,-71.0904381,20.697
1898,497549312,1769615336050,10:48:56.050,42.3392474,-71.0904381,20.697
1899,497811456,1769615336406,10:48:56.406,42.3392474,-71.0904381,20.697
1900,498073600,1769615336759,10:48:56.759,42.3392474,-71.0904381,20.697
1901,498335744,1769615337108,10:48:57.108,42.3392474,-71.0904381,20.697
1902,498597888,1769615337501,10:48:57.501,42.3392474,-71.0904381,20.697
1903,498860032,1769615337854,10:48:57.854,42.3392474,-71.0904381,20.697
1904,499122176,1769615338252,10:48:58.252,42.3392474,-71.0904381,20.697
1905,499384320,1769615338629,10:48:58.629,42.3392474,-71.0904381,20.697
1906,499646464,1769615339004,10:48:59.004,42.3392474,-71.0904381,20.697
1907,499908608,1769615339333,10:48:59.333,42.3392474,-71.0904381,20.697
1908,500170752,1769615339737,10:48:59.737,42.3392474,-71.0904381,20.697
1909,500432896,1769615340031,10:49:00.031,42.3392474,-71.0904381,20.697
1910,500695040,1769615344443,10:49:04.443,42.3392474,-71.0904381,20.697
1911,500957184,1769615344696,10:49:04.696,42.3392474,-71.0904381,20.697
1912,501219328,1769615344945,10:49:04.945,42.3392474,-71.0904381,20.697
1913,501481472,1769615345197,10:49:05.197,42.3392474,-71.0904381,20.697
1914,501743616,1769615345472,10:49:05.472,42.3392474,-71.0904381,20.697
1915,502005760,1769615345715,10:49:05.715,42.3392474,-71.0904381,20.697
1916,502267904,1769615345971,10:49:05.971,42.3392474,-71.0904381,20.697
1917,502530048,1769615346223,10:49:06.223,42.3392474,-71.0904381,20.697
1918,502792192,1769615346480,10:49:06.480,42.3392474,-71.0904381,20.697
1919,503054336,1769615346717,10:49:06.717,42.3392474,-71.0904381,20.697
1920,503316480,1769615346978,10:49:06.978,42.3392474,-71.0904381,20.697
1921,503578624,1769615347233,10:49:07.233,42.3392474,-71.0904381,20.697
1922,503840768,1769615347475,10:49:07.475,42.3392474,-71.0904381,20.697
1923,504102912,1769615347719,10:49:07.719,42.3392474,-71.0904381,20.697
1924,504365056,1769615347979,10:49:07.979,42.3392474,-71.0904381,20.697
1925,504627200,1769615348238,10:49:08.238,42.3392474,-71.0904381,20.697
1926,504889344,1769615348502,10:49:08.502,42.3392474,-71.0904381,20.697
1927,505151488,1769615348759,10:49:08.759,42.3392474,-71.0904381,20.697
1928,505413632,1769615349031,10:49:09.031,42.3392474,-71.0904381,20.697
1929,505675776,1769615349288,10:49:09.288,42.3392474,-71.0904381,20.697
1930,505937920,1769615349554,10:49:09.554,42.3392474,-71.0904381,20.697
1931,506200064,1769615349792,10:49:09.792,42.3392474,-71.0904381,20.697
1932,506462208,1769615350043,10:49:10.043,42.3392474,-71.0904381,20.697
1933,506724352,1769615350302,10:49:10.302,42.3392474,-71.0904381,20.697
1934,506986496,1769615350568,10:49:10.568,42.3392474,-71.0904381,20.697
1935,507248640,1769615350824,10:49:10.824,42.3392474,-71.0904381,20.697
1936,507510784,1769615351070,10:49:11.070,42.3392474,-71.0904381,20.697
1937,507772928,1769615351331,10:49:11.331,42.3392474,-71.0904381,20.697
1938,508035072,1769615351601,10:49:11.601,42.3392474,-71.0904381,20.697
1939,508297216,1769615351865,10:49:11.865,42.3392474,-71.0904381,20.697
1940,508559360,1769615352125,10:49:12.125,42.3392474,-71.0904381,20.697
1941,508821504,1769615352403,10:49:12.403,42.3392474,-71.0904381,20.697
1942,509083648,1769615352745,10:49:12.745,42.3392474,-71.0904381,20.697
1943,509345792,1769615353201,10:49:13.201,42.3392474,-71.0904381,20.697
1944,509607936,1769615353568,10:49:13.568,42.3392474,-71.0904381,20.697
1945,509870080,1769615353995,10:49:13.995,42.3392474,-71.0904381,20.697
1946,510132224,1769615354430,10:49:14.430,42.3392474,-71.0904381,20.697
1947,510394368,1769615354854,10:49:14.854,42.3392474,-71.0904381,20.697
1948,510656512,1769615355254,10:49:15.254,42.3392474,-71.0904381,20.697
1949,510918656,1769615355655,10:49:15.655,42.3392474,-71.0904381,20.697
1950,511180800,1769615356018,10:49:16.018,42.3392474,-71.0904381,20.697
1951,511442944,1769615356458,10:49:16.458,42.3392474,-71.0904381,20.697
1952,511705088,1769615356718,10:49:16.718,42.3392474,-71.0904381,20.697
1953,511967232,1769615357086,10:49:17.086,42.3392474,-71.0904381,20.697
1954,512229376,1769615357469,10:49:17.469,42.3392474,-71.0904381,20.697
1955,512491520,1769615357828,10:49:17.828,42.3392474,-71.0904381,20.697
1956,512753664,1769615358255,10:49:18.255,42.3392474,-71.0904381,20.697
1957,513015808,1769615358572,10:49:18.572,42.3392474,-71.0904381,20.697
1958,513277952,1769615358926,10:49:18.926,42.3392474,-71.0904381,20.697
1959,513540096,1769615359272,10:49:19.272,42.3392474,-71.0904381,20.697
1960,513802240,1769615359673,10:49:19.673,42.3392474,-71.0904381,20.697
1961,514064384,1769615359974,10:49:19.974,42.3392474,-71.0904381,20.697
1962,514326528,1769615360324,10:49:20.324,42.3392474,-71.0904381,20.697
1963,514588672,1769615360715,10:49:20.715,42.3392474,-71.0904381,20.697
1964,514850816,1769615361060,10:49:21.060,42.3392474,-71.0904381,20.697
1965,515112960,1769615361484,10:49:21.484,42.3392474,-71.0904381,20.697
1966,515375104,1769615361883,10:49:21.883,42.3392474,-71.0904381,20.697
1967,515637248,1769615362255,10:49:22.255,42.3392474,-71.0904381,20.697
1968,515899392,1769615362643,10:49:22.643,42.3392474,-71.0904381,20.697
1969,516161536,1769615363067,10:49:23.067,42.3392474,-71.0904381,20.697
1970,516423680,1769615363403,10:49:23.403,42.3392474,-71.0904381,20.697
1971,516685824,1769615363744,10:49:23.744,42.3392474,-71.0904381,20.697
1972,516947968,1769615364095,10:49:24.095,42.3392474,-71.0904381,20.697
1973,517210112,1769615364446,10:49:24.446,42.3392474,-71.0904381,20.697
1974,517472256,1769615364796,10:49:24.796,42.3392474,-71.0904381,20.697
1975,517734400,1769615365169,10:49:25.169,42.3392474,-71.0904381,20.697
1976,517996544,1769615365634,10:49:25.634,42.3392474,-71.0904381,20.697
1977,518258688,1769615366244,10:49:26.244,42.3392474,-71.0904381,20.697
1978,518520832,1769615366720,10:49:26.720,42.3392474,-71.0904381,20.697
1979,518782976,1769615367127,10:49:27.127,42.3392474,-71.0904381,20.697
1980,519045120,1769615367787,10:49:27.787,42.3392474,-71.0904381,20.697
1981,519307264,1769615368741,10:49:28.741,42.3392474,-71.0904381,20.697
1982,519569408,1769615369770,10:49:29.770,42.3392474,-71.0904381,20.697
1983,519831552,1769615370734,10:49:30.734,42.3392474,-71.0904381,20.697
1984,520093696,1769615371539,10:49:31.539,42.3392474,-71.0904381,20.697
1985,520355840,1769615376091,10:49:36.091,42.3392474,-71.0904381,20.697
1986,520617984,1769615376356,10:49:36.356,42.3392474,-71.0904381,20.697
1987,520880128,1769615376589,10:49:36.589,42.3392474,-71.0904381,20.697
1988,521142272,1769615376847,10:49:36.847,42.3392474,-71.0904381,20.697
1989,521404416,1769615377113,10:49:37.113,42.3392474,-71.0904381,20.697
1990,521666560,1769615377371,10:49:37.371,42.3392474,-71.0904381,20.697
1991,521928704,1769615377621,10:49:37.621,42.3392474,-71.0904381,20.697
1992,522190848,1769615377878,10:49:37.878,42.3392474,-71.0904381,20.697
1993,522452992,1769615378139,10:49:38.139,42.3392474,-71.0904381,20.697
1994,522715136,1769615378398,10:49:38.398,42.3392474,-71.0904381,20.697
1995,522977280,1769615378659,10:49:38.659,42.3392474,-71.0904381,20.697
1996,523239424,1769615378931,10:49:38.931,42.3392474,-71.0904381,20.697
1997,523501568,1769615379196,10:49:39.196,42.3392474,-71.0904381,20.697
1998,523763712,1769615379529,10:49:39.529,42.3392474,-71.0904381,20.697
1999,524025856,1769615380101,10:49:40.101,42.3392474,-71.0904381,20.697
2000,524288000,1769615380581,10:49:40.581,42.3392474,-71.0904381,20.697
2001,524550144,1769615381130,10:49:41.130,42.3392474,-71.0904381,20.697
2002,524812288,1769615381558,10:49:41.558,42.3392474,-71.0904381,20.697
2003,525074432,1769615381944,10:49:41.944,42.3392474,-71.0904381,20.697
2004,525336576,1769615382406,10:49:42.406,42.3392474,-71.0904381,20.697
2005,525598720,1769615382690,10:49:42.690,42.3392474,-71.0904381,20.697
2006,525860864,1769615383098,10:49:43.098,42.3392474,-71.0904381,20.697
2007,526123008,1769615383476,10:49:43.476,42.3392474,-71.0904381,20.697
2008,526385152,1769615383792,10:49:43.792,42.3392474,-71.0904381,20.697
2009,526647296,1769615384242,10:49:44.242,42.3392474,-71.0904381,20.697
2010,526909440,1769615384780,10:49:44.780,42.3392474,-71.0904381,20.697
2011,527171584,1769615385329,10:49:45.329,42.3392474,-71.0904381,20.697
2012,527433728,1769615385818,10:49:45.818,42.3392474,-71.0904381,20.697
2013,527695872,1769615386320,10:49:46.320,42.3392474,-71.0904381,20.697
2014,527958016,1769615386731,10:49:46.731,42.3392474,-71.0904381,20.697
2015,528220160,1769615387030,10:49:47.030,42.3392474,-71.0904381,20.697
2016,528482304,1769615387442,10:49:47.442,42.3392474,-71.0904381,20.697
2017,528744448,1769615388006,10:49:48.006,42.3392474,-71.0904381,20.697
2018,529006592,1769615388421,10:49:48.421,42.3392474,-71.0904381,20.697
2019,529268736,1769615388817,10:49:48.817,42.3392474,-71.0904381,20.697
2020,529530880,1769615389325,10:49:49.325,42.3392474,-71.0904381,20.697
2021,529793024,1769615389897,10:49:49.897,42.3392474,-71.0904381,20.697
2022,530055168,1769615390592,10:49:50.592,42.3392474,-71.0904381,20.697
2023,530317312,1769615391150,10:49:51.150,42.3392474,-71.0904381,20.697
2024,530579456,1769615391581,10:49:51.581,42.3392474,-71.0904381,20.697
2025,530841600,1769615392077,10:49:52.077,42.3392474,-71.0904381,20.697
2026,531103744,1769615392542,10:49:52.542,42.3392474,-71.0904381,20.697
2027,531365888,1769615392833,10:49:52.833,42.3392474,-71.0904381,20.697
2028,531628032,1769615393205,10:49:53.205,42.3392474,-71.0904381,20.697
2029,531890176,1769615393565,10:49:53.565,42.3392474,-71.0904381,20.697
2030,532152320,1769615393984,10:49:53.984,42.3392474,-71.0904381,20.697
2031,532414464,1769615394319,10:49:54.319,42.3392474,-71.0904381,20.697
2032,532676608,1769615394695,10:49:54.695,42.3392474,-71.0904381,20.697
2033,532938752,1769615395107,10:49:55.107,42.3392474,-71.0904381,20.697
2034,533200896,1769615395554,10:49:55.554,42.3392474,-71.0904381,20.697
2035,533463040,1769615396120,10:49:56.120,42.3392474,-71.0904381,20.697
2036,533725184,1769615396609,10:49:56.609,42.3392474,-71.0904381,20.697
2037,533987328,1769615397104,10:49:57.104,42.3392474,-71.0904381,20.697
2038,534249472,1769615397523,10:49:57.523,42.3392474,-71.0904381,20.697
2039,534511616,1769615398043,10:49:58.043,42.3392474,-71.0904381,20.697
2040,534773760,1769615398526,10:49:58.526,42.3392474,-71.0904381,20.697
2041,535035904,1769615399197,10:49:59.197,42.3392474,-71.0904381,20.697
2042,535298048,1769615399665,10:49:59.665,42.3392474,-71.0904381,20.697
2043,535560192,1769615400145,10:50:00.145,42.3392474,-71.0904381,20.697
2044,535822336,1769615400600,10:50:00.600,42.3392474,-71.0904381,20.697
2045,536084480,1769615401033,10:50:01.033,42.3392474,-71.0904381,20.697
2046,536346624,1769615401463,10:50:01.463,42.3392474,-71.0904381,20.697
2047,536608768,1769615402013,10:50:02.013,42.3392474,-71.0904381,20.697
2048,536870912,1769615402541,10:50:02.541,42.3392474,-71.0904381,20.697
2049,537133056,1769615403009,10:50:03.009,42.3392474,-71.0904381,20.697
2050,537395200,1769615403479,10:50:03.479,42.3392474,-71.0904381,20.697
2051,537657344,1769615407319,10:50:07.319,42.3392474,-71.0904381,20.697
2052,537919488,1769615407562,10:50:07.562,42.3392474,-71.0904381,20.697
2053,538181632,1769615407806,10:50:07.806,42.3392474,-71.0904381,20.697
2054,538443776,1769615408057,10:50:08.057,42.3392474,-71.0904381,20.697
2055,538705920,1769615408327,10:50:08.327,42.3392474,-71.0904381,20.697
2056,538968064,1769615408591,10:50:08.591,42.3392474,-71.0904381,20.697
2057,539230208,1769615408841,10:50:08.841,42.3392474,-71.0904381,20.697
2058,539492352,1769615409090,10:50:09.090,42.3392474,-71.0904381,20.697
2059,539754496,1769615409351,10:50:09.351,42.3392474,-71.0904381,20.697
2060,540016640,1769615409602,10:50:09.602,42.3392474,-71.0904381,20.697
2061,540278784,1769615409856,10:50:09.856,42.3392474,-71.0904381,20.697
2062,540540928,1769615410110,10:50:10.110,42.3392474,-71.0904381,20.697
2063,540803072,1769615410368,10:50:10.368,42.3392474,-71.0904381,20.697
2064,541065216,1769615410619,10:50:10.619,42.3392474,-71.0904381,20.697
2065,541327360,1769615410872,10:50:10.872,42.3392474,-71.0904381,20.697
2066,541589504,1769615411136,10:50:11.136,42.3392474,-71.0904381,20.697
2067,541851648,1769615411390,10:50:11.390,42.3392474,-71.0904381,20.697
2068,542113792,1769615412054,10:50:12.054,42.3392474,-71.0904381,20.697
2069,542375936,1769615412610,10:50:12.610,42.3392474,-71.0904381,20.697
2070,542638080,1769615413185,10:50:13.185,42.3392474,-71.0904381,20.697
2071,542900224,1769615413648,10:50:13.648,42.3392474,-71.0904381,20.697
2072,543162368,1769615413975,10:50:13.975,42.3392474,-71.0904381,20.697
2073,543424512,1769615414377,10:50:14.377,42.3392474,-71.0904381,20.697
2074,543686656,1769615414754,10:50:14.754,42.3392474,-71.0904381,20.697
2075,543948800,1769615415198,10:50:15.198,42.3392474,-71.0904381,20.697
2076,544210944,1769615415615,10:50:15.615,42.3392474,-71.0904381,20.697
2077,544473088,1769615415930,10:50:15.930,42.3392474,-71.0904381,20.697
2078,544735232,1769615416337,10:50:16.337,42.3392474,-71.0904381,20.697
2079,544997376,1769615416733,10:50:16.733,42.3392474,-71.0904381,20.697
2080,545259520,1769615417051,10:50:17.051,42.3392474,-71.0904381,20.697
2081,545521664,1769615417440,10:50:17.440,42.3392474,-71.0904381,20.697
2082,545783808,1769615417752,10:50:17.752,42.3392474,-71.0904381,20.697
2083,546045952,1769615418115,10:50:18.115,42.3392474,-71.0904381,20.697
2084,546308096,1769615418461,10:50:18.461,42.3392474,-71.0904381,20.697
2085,546570240,1769615418812,10:50:18.812,42.3392474,-71.0904381,20.697
2086,546832384,1769615419162,10:50:19.162,42.3392474,-71.0904381,20.697
2087,547094528,1769615419557,10:50:19.557,42.3392474,-71.0904381,20.697
2088,547356672,1769615420015,10:50:20.015,42.3392474,-71.0904381,20.697
2089,547618816,1769615420379,10:50:20.379,42.3392474,-71.0904381,20.697
2090,547880960,1769615420794,10:50:20.794,42.3392474,-71.0904381,20.697
2091,548143104,1769615421151,10:50:21.151,42.3392474,-71.0904381,20.697
2092,548405248,1769615421521,10:50:21.521,42.3392474,-71.0904381,20.697
2093,548667392,1769615421874,10:50:21.874,42.3392474,-71.0904381,20.697
2094,548929536,1769615422228,10:50:22.228,42.3392474,-71.0904381,20.697
2095,549191680,1769615422576,10:50:22.576,42.3392474,-71.0904381,20.697
2096,549453824,1769615422924,10:50:22.924,42.3392474,-71.0904381,20.697
2097,549715968,1769615423297,10:50:23.297,42.3392474,-71.0904381,20.697
2098,549978112,1769615423697,10:50:23.697,42.3392474,-71.0904381,20.697
2099,550240256,1769615424087,10:50:24.087,42.3392474,-71.0904381,20.697
2100,550502400,1769615424481,10:50:24.481,42.3392474,-71.0904381,20.697
2101,550764544,1769615424819,10:50:24.819,42.3392474,-71.0904381,20.697
2102,551026688,1769615425167,10:50:25.167,42.3392474,-71.0904381,20.697
2103,551288832,1769615425518,10:50:25.518,42.3392474,-71.0904381,20.697
2104,551550976,1769615425868,10:50:25.868,42.3392474,-71.0904381,20.697
2105,551813120,1769615426229,10:50:26.229,42.3392474,-71.0904381,20.697
2106,552075264,1769615426608,10:50:26.608,42.3392474,-71.0904381,20.697
2107,552337408,1769615427167,10:50:27.167,42.3392474,-71.0904381,20.697
2108,552599552,1769615427714,10:50:27.714,42.3392474,-71.0904381,20.697
2109,552861696,1769615428289,10:50:28.289,42.3392474,-71.0904381,20.697
2110,553123840,1769615428912,10:50:28.912,42.3392474,-71.0904381,20.697
2111,553385984,1769615429527,10:50:29.527,42.3392474,-71.0904381,20.697
2112,553648128,1769615430190,10:50:30.190,42.3392474,-71.0904381,20.697
2113,553910272,1769615430728,10:50:30.728,42.3392474,-71.0904381,20.697
2114,554172416,1769615431258,10:50:31.258,42.3392474,-71.0904381,20.697
2115,554434560,1769615431783,10:50:31.783,42.3392474,-71.0904381,20.697
2116,554696704,1769615432361,10:50:32.361,42.3392474,-71.0904381,20.697
2117,554958848,1769615432740,10:50:32.740,42.3392474,-71.0904381,20.697
2118,555220992,1769615433087,10:50:33.087,42.3392474,-71.0904381,20.697
2119,555483136,1769615433440,10:50:33.440,42.3392474,-71.0904381,20.697
2120,555745280,1769615433791,10:50:33.791,42.3392474,-71.0904381,20.697
2121,556007424,1769615437513,10:50:37.513,42.3392474,-71.0904381,20.697
2122,556269568,1769615437772,10:50:37.772,42.3392474,-71.0904381,20.697
2123,556531712,1769615438054,10:50:38.054,42.3392474,-71.0904381,20.697
2124,556793856,1769615438326,10:50:38.326,42.3392474,-71.0904381,20.697
2125,557056000,1769615438595,10:50:38.595,42.3392474,-71.0904381,20.697
2126,557318144,1769615438861,10:50:38.861,42.3392474,-71.0904381,20.697
2127,557580288,1769615439115,10:50:39.115,42.3392474,-71.0904381,20.697
2128,557842432,1769615439369,10:50:39.369,42.3392474,-71.0904381,20.697
2129,558104576,1769615439617,10:50:39.617,42.3392474,-71.0904381,20.697
2130,558366720,1769615439884,10:50:39.884,42.3392474,-71.0904381,20.697
2131,558628864,1769615440150,10:50:40.150,42.3392474,-71.0904381,20.697
2132,558891008,1769615440424,10:50:40.424,42.3392474,-71.0904381,20.697
2133,559153152,1769615440686,10:50:40.686,42.3392474,-71.0904381,20.697
2134,559415296,1769615440938,10:50:40.938,42.3392474,-71.0904381,20.697
2135,559677440,1769615441184,10:50:41.184,42.3392474,-71.0904381,20.697
2136,559939584,1769615441435,10:50:41.435,42.3392474,-71.0904381,20.697
2137,560201728,1769615441684,10:50:41.684,42.3392474,-71.0904381,20.697
2138,560463872,1769615441953,10:50:41.953,42.3392474,-71.0904381,20.697
2139,560726016,1769615442226,10:50:42.226,42.3392474,-71.0904381,20.697
2140,560988160,1769615442493,10:50:42.493,42.3392474,-71.0904381,20.697
2141,561250304,1769615442727,10:50:42.727,42.3392474,-71.0904381,20.697
2142,561512448,1769615443082,10:50:43.082,42.3392474,-71.0904381,20.697
2143,561774592,1769615443545,10:50:43.545,42.3392474,-71.0904381,20.697
2144,562036736,1769615444106,10:50:44.106,42.3392474,-71.0904381,20.697
2145,562298880,1769615444543,10:50:44.543,42.3392474,-71.0904381,20.697
2146,562561024,1769615445048,10:50:45.048,42.3392474,-71.0904381,20.697
2147,562823168,1769615445536,10:50:45.536,42.3392474,-71.0904381,20.697
2148,563085312,1769615445847,10:50:45.847,42.3392474,-71.0904381,20.697
2149,563347456,1769615446378,10:50:46.378,42.3392474,-71.0904381,20.697
2150,563609600,1769615446865,10:50:46.865,42.3392474,-71.0904381,20.697
2151,563871744,1769615447222,10:50:47.222,42.3392474,-71.0904381,20.697
2152,564133888,1769615447607,10:50:47.607,42.3392474,-71.0904381,20.697
2153,564396032,1769615448056,10:50:48.056,42.3392474,-71.0904381,20.697
2154,564658176,1769615448501,10:50:48.501,42.3392474,-71.0904381,20.697
2155,564920320,1769615448883,10:50:48.883,42.3392474,-71.0904381,20.697
2156,565182464,1769615449418,10:50:49.418,42.3392474,-71.0904381,20.697
2157,565444608,1769615449977,10:50:49.977,42.3392474,-71.0904381,20.697
2158,565706752,1769615450505,10:50:50.505,42.3392474,-71.0904381,20.697
2159,565968896,1769615451049,10:50:51.049,42.3392474,-71.0904381,20.697
2160,566231040,1769615451501,10:50:51.501,42.3392474,-71.0904381,20.697
2161,566493184,1769615451931,10:50:51.931,42.3392474,-71.0904381,20.697
2162,566755328,1769615452409,10:50:52.409,42.3392474,-71.0904381,20.697
2163,567017472,1769615452835,10:50:52.835,42.3392474,-71.0904381,20.697
2164,567279616,1769615453274,10:50:53.274,42.3392474,-71.0904381,20.697
2165,567541760,1769615453705,10:50:53.705,42.3392474,-71.0904381,20.697
2166,567803904,1769615454208,10:50:54.208,42.3392474,-71.0904381,20.697
2167,568066048,1769615454585,10:50:54.585,42.3392474,-71.0904381,20.697
2168,568328192,1769615455074,10:50:55.074,42.3392474,-71.0904381,20.697
2169,568590336,1769615455582,10:50:55.582,42.3392474,-71.0904381,20.697
2170,568852480,1769615456135,10:50:56.135,42.3392474,-71.0904381,20.697
2171,569114624,1769615456564,10:50:56.564,42.3392474,-71.0904381,20.697
2172,569376768,1769615457057,10:50:57.057,42.3392474,-71.0904381,20.697
2173,569638912,1769615457535,10:50:57.535,42.3392474,-71.0904381,20.697
2174,569901056,1769615457896,10:50:57.896,42.3392474,-71.0904381,20.697
2175,570163200,1769615458339,10:50:58.339,42.3392474,-71.0904381,20.697
2176,570425344,1769615458767,10:50:58.767,42.3392474,-71.0904381,20.697
2177,570687488,1769615459232,10:50:59.232,42.3392474,-71.0904381,20.697
2178,570949632,1769615459686,10:50:59.686,42.3392474,-71.0904381,20.697
2179,571211776,1769615460103,10:51:00.103,42.3392474,-71.0904381,20.697
2180,571473920,1769615460541,10:51:00.541,42.3392474,-71.0904381,20.697
2181,571736064,1769615461026,10:51:01.026,42.3392474,-71.0904381,20.697
2182,571998208,1769615461503,10:51:01.503,42.3392474,-71.0904381,20.697
2183,572260352,1769615461991,10:51:01.991,42.3392474,-71.0904381,20.697
2184,572522496,1769615462427,10:51:02.427,42.3392474,-71.0904381,20.697
2185,572784640,1769615462905,10:51:02.905,42.3392474,-71.0904381,20.697
2186,573046784,1769615463385,10:51:03.385,42.3392474,-71.0904381,20.697
2187,573308928,1769615463780,10:51:03.780,42.3392474,-71.0904381,20.697
2188,573571072,1769615464211,10:51:04.211,42.3392474,-71.0904381,20.697
2189,573833216,1769615464656,10:51:04.656,42.3392474,-71.0904381,20.697
2190,574095360,1769615467994,10:51:07.994,42.3392474,-71.0904381,20.697
2191,574357504,1769615468257,10:51:08.257,42.3392474,-71.0904381,20.697
2192,574619648,1769615468504,10:51:08.504,42.3392474,-71.0904381,20.697
2193,574881792,1769615468764,10:51:08.764,42.3392474,-71.0904381,20.697
2194,575143936,1769615469016,10:51:09.016,42.3392474,-71.0904381,20.697
2195,575406080,1769615469265,10:51:09.265,42.3392474,-71.0904381,20.697
2196,575668224,1769615469529,10:51:09.529,42.3392474,-71.0904381,20.697
2197,575930368,1769615469781,10:51:09.781,42.3392474,-71.0904381,20.697
2198,576192512,1769615470047,10:51:10.047,42.3392474,-71.0904381,20.697
2199,576454656,1769615470300,10:51:10.300,42.3392474,-71.0904381,20.697
2200,576716800,1769615470570,10:51:10.570,42.3392474,-71.0904381,20.697
2201,576978944,1769615470844,10:51:10.844,42.3392474,-71.0904381,20.697
2202,577241088,1769615471100,10:51:11.100,42.3392474,-71.0904381,20.697
2203,577503232,1769615471351,10:51:11.351,42.3392474,-71.0904381,20.697
2204,577765376,1769615471594,10:51:11.594,42.3392474,-71.0904381,20.697
2205,578027520,1769615471840,10:51:11.840,42.3392474,-71.0904381,20.697
2206,578289664,1769615472106,10:51:12.106,42.3392474,-71.0904381,20.697
2207,578551808,1769615472369,10:51:12.369,42.3392474,-71.0904381,20.697
2208,578813952,1769615472751,10:51:12.751,42.3392474,-71.0904381,20.697
2209,579076096,1769615473212,10:51:13.212,42.3392474,-71.0904381,20.697
2210,579338240,1769615473608,10:51:13.608,42.3392474,-71.0904381,20.697
2211,579600384,1769615474075,10:51:14.075,42.3392474,-71.0904381,20.697
2212,579862528,1769615474562,10:51:14.562,42.3392474,-71.0904381,20.697
2213,580124672,1769615474951,10:51:14.951,42.3392474,-71.0904381,20.697
2214,580386816,1769615475290,10:51:15.290,42.3392474,-71.0904381,20.697
2215,580648960,1769615475656,10:51:15.656,42.3392474,-71.0904381,20.697
2216,580911104,1769615476019,10:51:16.019,42.3392474,-71.0904381,20.697
2217,581173248,1769615476432,10:51:16.432,42.3392474,-71.0904381,20.697
2218,581435392,1769615476879,10:51:16.879,42.3392474,-71.0904381,20.697
2219,581697536,1769615477448,10:51:17.448,42.3392474,-71.0904381,20.697
2220,581959680,1769615477895,10:51:17.895,42.3392474,-71.0904381,20.697
2221,582221824,1769615478403,10:51:18.403,42.3392474,-71.0904381,20.697
2222,582483968,1769615478783,10:51:18.783,42.3392474,-71.0904381,20.697
2223,582746112,1769615479307,10:51:19.307,42.3392474,-71.0904381,20.697
2224,583008256,1769615479801,10:51:19.801,42.3392474,-71.0904381,20.697
2225,583270400,1769615480155,10:51:20.155,42.3392474,-71.0904381,20.697
2226,583532544,1769615480522,10:51:20.522,42.3392474,-71.0904381,20.697
2227,583794688,1769615480933,10:51:20.933,42.3392474,-71.0904381,20.697
2228,584056832,1769615481318,10:51:21.318,42.3392474,-71.0904381,20.697
2229,584318976,1769615481703,10:51:21.703,42.3392474,-71.0904381,20.697
2230,584581120,1769615482282,10:51:22.282,42.3392474,-71.0904381,20.697
2231,584843264,1769615482773,10:51:22.773,42.3392474,-71.0904381,20.697
2232,585105408,1769615483367,10:51:23.367,42.3392474,-71.0904381,20.697
2233,585367552,1769615483989,10:51:23.989,42.3392474,-71.0904381,20.697
2234,585629696,1769615484468,10:51:24.468,42.3392474,-71.0904381,20.697
2235,585891840,1769615484878,10:51:24.878,42.3392474,-71.0904381,20.697
2236,586153984,1769615485427,10:51:25.427,42.3392474,-71.0904381,20.697
2237,586416128,1769615485951,10:51:25.951,42.3392474,-71.0904381,20.697
2238,586678272,1769615486433,10:51:26.433,42.3392474,-71.0904381,20.697
2239,586940416,1769615486864,10:51:26.864,42.3392474,-71.0904381,20.697
2240,587202560,1769615487434,10:51:27.434,42.3392474,-71.0904381,20.697
2241,587464704,1769615487896,10:51:27.896,42.3392474,-71.0904381,20.697
2242,587726848,1769615488423,10:51:28.423,42.3392474,-71.0904381,20.697
2243,587988992,1769615488907,10:51:28.907,42.3392474,-71.0904381,20.697
2244,588251136,1769615489158,10:51:29.158,42.3392474,-71.0904381,20.697
2245,588513280,1769615489483,10:51:29.483,42.3392474,-71.0904381,20.697
2246,588775424,1769615489945,10:51:29.945,42.3392474,-71.0904381,20.697
2247,589037568,1769615490447,10:51:30.447,42.3392474,-71.0904381,20.697
2248,589299712,1769615490809,10:51:30.809,42.3392474,-71.0904381,20.697
2249,589561856,1769615491190,10:51:31.190,42.3392474,-71.0904381,20.697
2250,589824000,1769615491653,10:51:31.653,42.3392474,-71.0904381,20.697
2251,590086144,1769615492152,10:51:32.152,42.3392474,-71.0904381,20.697
2252,590348288,1769615492591,10:51:32.591,42.3392474,-71.0904381,20.697
2253,590610432,1769615492996,10:51:32.996,42.3392474,-71.0904381,20.697
2254,590872576,1769615493313,10:51:33.313,42.3392474,-71.0904381,20.697
2255,591134720,1769615493665,10:51:33.665,42.3392474,-71.0904381,20.697
2256,591396864,1769615494016,10:51:34.016,42.3392474,-71.0904381,20.697
2257,591659008,1769615494366,10:51:34.366,42.3392474,-71.0904381,20.697
2258,591921152,1769615494716,10:51:34.716,42.3392474,-71.0904381,20.697
2259,592183296,1769615497925,10:51:37.925,42.3392474,-71.0904381,20.697
2260,592445440,1769615498203,10:51:38.203,42.3392474,-71.0904381,20.697
2261,592707584,1769615498471,10:51:38.471,42.3392474,-71.0904381,20.697
2262,592969728,1769615498747,10:51:38.747,42.3392474,-71.0904381,20.697
2263,593231872,1769615498998,10:51:38.998,42.3392474,-71.0904381,20.697
2264,593494016,1769615499238,10:51:39.238,42.3392474,-71.0904381,20.697
2265,593756160,1769615499490,10:51:39.490,42.3392474,-71.0904381,20.697
2266,594018304,1769615499753,10:51:39.753,42.3392474,-71.0904381,20.697
2267,594280448,1769615500022,10:51:40.022,42.3392474,-71.0904381,20.697
2268,594542592,1769615500269,10:51:40.269,42.3392474,-71.0904381,20.697
2269,594804736,1769615500533,10:51:40.533,42.3392474,-71.0904381,20.697
2270,595066880,1769615500795,10:51:40.795,42.3392474,-71.0904381,20.697
2271,595329024,1769615501235,10:51:41.235,42.3392474,-71.0904381,20.697
2272,595591168,1769615501933,10:51:41.933,42.3392474,-71.0904381,20.697
2273,595853312,1769615502623,10:51:42.623,42.3392474,-71.0904381,20.697
2274,596115456,1769615503275,10:51:43.275,42.3392474,-71.0904381,20.697
2275,596377600,1769615503702,10:51:43.702,42.3392474,-71.0904381,20.697
2276,596639744,1769615504126,10:51:44.126,42.3392474,-71.0904381,20.697
2277,596901888,1769615504592,10:51:44.592,42.3392474,-71.0904381,20.697
2278,597164032,1769615505103,10:51:45.103,42.3392474,-71.0904381,20.697
2279,597426176,1769615505631,10:51:45.631,42.3392474,-71.0904381,20.697
2280,597688320,1769615506147,10:51:46.147,42.3392474,-71.0904381,20.697
2281,597950464,1769615506637,10:51:46.637,42.3392474,-71.0904381,20.697
2282,598212608,1769615507006,10:51:47.006,42.3392474,-71.0904381,20.697
2283,598474752,1769615507485,10:51:47.485,42.3392474,-71.0904381,20.697
2284,598736896,1769615508049,10:51:48.049,42.3392474,-71.0904381,20.697
2285,598999040,1769615508500,10:51:48.500,42.3392474,-71.0904381,20.697
2286,599261184,1769615508889,10:51:48.889,42.3392474,-71.0904381,20.697
2287,599523328,1769615509464,10:51:49.464,42.3392474,-71.0904381,20.697
2288,599785472,1769615509935,10:51:49.935,42.3392474,-71.0904381,20.697
2289,600047616,1769615510429,10:51:50.429,42.3392474,-71.0904381,20.697
2290,600309760,1769615510890,10:51:50.890,42.3392474,-71.0904381,20.697
2291,600571904,1769615511441,10:51:51.441,42.3392474,-71.0904381,20.697
2292,600834048,1769615511951,10:51:51.951,42.3392474,-71.0904381,20.697
2293,601096192,1769615512522,10:51:52.522,42.3392474,-71.0904381,20.697
2294,601358336,1769615512955,10:51:52.955,42.3392474,-71.0904381,20.697
2295,601620480,1769615513581,10:51:53.581,42.3392474,-71.0904381,20.697
2296,601882624,1769615514141,10:51:54.141,42.3392474,-71.0904381,20.697
2297,602144768,1769615514646,10:51:54.646,42.3392474,-71.0904381,20.697
2298,602406912,1769615515129,10:51:55.129,42.3392474,-71.0904381,20.697
2299,602669056,1769615515635,10:51:55.635,42.3392474,-71.0904381,20.697
2300,602931200,1769615516207,10:51:56.207,42.3392474,-71.0904381,20.697
2301,603193344,1769615516765,10:51:56.765,42.3392474,-71.0904381,20.697
2302,603455488,1769615517254,10:51:57.254,42.3392474,-71.0904381,20.697
2303,603717632,1769615517773,10:51:57.773,42.3392474,-71.0904381,20.697
2304,603979776,1769615518245,10:51:58.245,42.3392474,-71.0904381,20.697
2305,604241920,1769615518625,10:51:58.625,42.3392474,-71.0904381,20.697
2306,604504064,1769615518950,10:51:58.950,42.3392474,-71.0904381,20.697
2307,604766208,1769615519422,10:51:59.422,42.3392474,-71.0904381,20.697
2308,605028352,1769615519834,10:51:59.834,42.3392474,-71.0904381,20.697
2309,605290496,1769615520230,10:52:00.230,42.3392474,-71.0904381,20.697
2310,605552640,1769615520658,10:52:00.658,42.3392474,-71.0904381,20.697
2311,605814784,1769615521086,10:52:01.086,42.3392474,-71.0904381,20.697
2312,606076928,1769615521517,10:52:01.517,42.3392474,-71.0904381,20.697
2313,606339072,1769615521872,10:52:01.872,42.3392474,-71.0904381,20.697
2314,606601216,1769615522276,10:52:02.276,42.3392474,-71.0904381,20.697
2315,606863360,1769615522690,10:52:02.690,42.3392474,-71.0904381,20.697
2316,607125504,1769615523169,10:52:03.169,42.3392474,-71.0904381,20.697
2317,607387648,1769615523431,10:52:03.431,42.3392474,-71.0904381,20.697
2318,607649792,1769615523784,10:52:03.784,42.3392474,-71.0904381,20.697
2319,607911936,1769615524176,10:52:04.176,42.3392474,-71.0904381,20.697
2320,608174080,1769615524593,10:52:04.593,42.3392474,-71.0904381,20.697
2321,608436224,1769615527782,10:52:07.782,42.3392474,-71.0904381,20.697
2322,608698368,1769615528042,10:52:08.042,42.3392474,-71.0904381,20.697
2323,608960512,1769615528279,10:52:08.279,42.3392474,-71.0904381,20.697
2324,609222656,1769615528537,10:52:08.537,42.3392474,-71.0904381,20.697
2325,609484800,1769615528790,10:52:08.790,42.3392474,-71.0904381,20.697
2326,609746944,1769615529049,10:52:09.049,42.3392474,-71.0904381,20.697
2327,610009088,1769615529302,10:52:09.302,42.3392474,-71.0904381,20.697
2328,610271232,1769615529555,10:52:09.555,42.3392474,-71.0904381,20.697
2329,610533376,1769615529821,10:52:09.821,42.3392474,-71.0904381,20.697
2330,610795520,1769615530092,10:52:10.092,42.3392474,-71.0904381,20.697
2331,611057664,1769615530334,10:52:10.334,42.3392474,-71.0904381,20.697
2332,611319808,1769615530590,10:52:10.590,42.3392474,-71.0904381,20.697
2333,611581952,1769615530827,10:52:10.827,42.3392474,-71.0904381,20.697
2334,611844096,1769615531084,10:52:11.084,42.3392474,-71.0904381,20.697
2335,612106240,1769615531334,10:52:11.334,42.3392474,-71.0904381,20.697
2336,612368384,1769615531576,10:52:11.576,42.3392474,-71.0904381,20.697
2337,612630528,1769615531823,10:52:11.823,42.3392474,-71.0904381,20.697
2338,612892672,1769615532072,10:52:12.072,42.3392474,-71.0904381,20.697
2339,613154816,1769615532343,10:52:12.343,42.3392474,-71.0904381,20.697
2340,613416960,1769615532592,10:52:12.592,42.3392474,-71.0904381,20.697
2341,613679104,1769615532839,10:52:12.839,42.3392474,-71.0904381,20.697
2342,613941248,1769615533087,10:52:13.087,42.3392474,-71.0904381,20.697
2343,614203392,1769615533327,10:52:13.327,42.3392474,-71.0904381,20.697
2344,614465536,1769615533590,10:52:13.590,42.3392474,-71.0904381,20.697
2345,614727680,1769615533977,10:52:13.977,42.3392474,-71.0904381,20.697
2346,614989824,1769615534574,10:52:14.574,42.3392474,-71.0904381,20.697
2347,615251968,1769615535045,10:52:15.045,42.3392474,-71.0904381,20.697
2348,615514112,1769615535549,10:52:15.549,42.3392474,-71.0904381,20.697
2349,615776256,1769615535993,10:52:15.993,42.3392474,-71.0904381,20.697
2350,616038400,1769615536508,10:52:16.508,42.3392474,-71.0904381,20.697
2351,616300544,1769615536978,10:52:16.978,42.3392474,-71.0904381,20.697
2352,616562688,1769615537414,10:52:17.414,42.3392474,-71.0904381,20.697
2353,616824832,1769615537858,10:52:17.858,42.3392474,-71.0904381,20.697
2354,617086976,1769615538212,10:52:18.212,42.3392474,-71.0904381,20.697
2355,617349120,1769615538644,10:52:18.644,42.3392474,-71.0904381,20.697
2356,617611264,1769615539049,10:52:19.049,42.3392474,-71.0904381,20.697
2357,617873408,1769615539520,10:52:19.520,42.3392474,-71.0904381,20.697
2358,618135552,1769615539917,10:52:19.917,42.3392474,-71.0904381,20.697
2359,618397696,1769615540327,10:52:20.327,42.3392474,-71.0904381,20.697
2360,618659840,1769615540734,10:52:20.734,42.3392474,-71.0904381,20.697
2361,618921984,1769615541283,10:52:21.283,42.3392474,-71.0904381,20.697
2362,619184128,1769615541715,10:52:21.715,42.3392474,-71.0904381,20.697
2363,619446272,1769615542194,10:52:22.194,42.3392474,-71.0904381,20.697
2364,619708416,1769615542559,10:52:22.559,42.3392474,-71.0904381,20.697
2365,619970560,1769615542911,10:52:22.911,42.3392474,-71.0904381,20.697
2366,620232704,1769615543310,10:52:23.310,42.3392474,-71.0904381,20.697
2367,620494848,1769615543730,10:52:23.730,42.3392474,-71.0904381,20.697
2368,620756992,1769615544201,10:52:24.201,42.3392474,-71.0904381,20.697
2369,621019136,1769615544607,10:52:24.607,42.3392474,-71.0904381,20.697
2370,621281280,1769615545000,10:52:25.000,42.3392474,-71.0904381,20.697
2371,621543424,1769615545380,10:52:25.380,42.3392474,-71.0904381,20.697
2372,621805568,1769615545798,10:52:25.798,42.3392474,-71.0904381,20.697
2373,622067712,1769615546278,10:52:26.278,42.3392474,-71.0904381,20.697
2374,622329856,1769615546664,10:52:26.664,42.3392474,-71.0904381,20.697
2375,622592000,1769615547011,10:52:27.011,42.3392474,-71.0904381,20.697
2376,622854144,1769615547451,10:52:27.451,42.3392474,-71.0904381,20.697
2377,623116288,1769615547866,10:52:27.866,42.3392474,-71.0904381,20.697
2378,623378432,1769615548332,10:52:28.332,42.3392474,-71.0904381,20.697
2379,623640576,1769615548785,10:52:28.785,42.3392474,-71.0904381,20.697
2380,623902720,1769615549142,10:52:29.142,42.3392474,-71.0904381,20.697
2381,624164864,1769615549601,10:52:29.601,42.3392474,-71.0904381,20.697
2382,624427008,1769615550004,10:52:30.004,42.3392474,-71.0904381,20.697
2383,624689152,1769615550429,10:52:30.429,42.3392474,-71.0904381,20.697
2384,624951296,1769615550827,10:52:30.827,42.3392474,-71.0904381,20.697
2385,625213440,1769615551178,10:52:31.178,42.3392474,-71.0904381,20.697
2386,625475584,1769615551530,10:52:31.530,42.3392474,-71.0904381,20.697
2387,625737728,1769615551881,10:52:31.881,42.3392474,-71.0904381,20.697
2388,625999872,1769615552231,10:52:32.231,42.3392474,-71.0904381,20.697
2389,626262016,1769615552614,10:52:32.614,42.3392474,-71.0904381,20.697
2390,626524160,1769615552932,10:52:32.932,42.3392474,-71.0904381,20.697
2391,626786304,1769615553327,10:52:33.327,42.3392474,-71.0904381,20.697
2392,627048448,1769615553652,10:52:33.652,42.3392474,-71.0904381,20.697
2393,627310592,1769615554001,10:52:34.001,42.3392474,-71.0904381,20.697
2394,627572736,1769615554385,10:52:34.385,42.3392474,-71.0904381,20.697
2395,627834880,1769615554801,10:52:34.801,42.3392474,-71.0904381,20.697
2396,628097024,1769615555086,10:52:35.086,42.3392474,-71.0904381,20.697
2397,628359168,1769615558030,10:52:38.030,42.3392474,-71.0904381,20.697
2398,628621312,1769615558305,10:52:38.305,42.3392474,-71.0904381,20.697
2399,628883456,1769615558583,10:52:38.583,42.3392474,-71.0904381,20.697
2400,629145600,1769615558851,10:52:38.851,42.3392474,-71.0904381,20.697
2401,629407744,1769615559122,10:52:39.122,42.3392474,-71.0904381,20.697
2402,629669888,1769615559376,10:52:39.376,42.3392474,-71.0904381,20.697
2403,629932032,1769615559625,10:52:39.625,42.3392474,-71.0904381,20.697
2404,630194176,1769615559877,10:52:39.877,42.3392474,-71.0904381,20.697
2405,630456320,1769615560130,10:52:40.130,42.3392474,-71.0904381,20.697
2406,630718464,1769615560387,10:52:40.387,42.3392474,-71.0904381,20.697
2407,630980608,1769615560645,10:52:40.645,42.3392474,-71.0904381,20.697
2408,631242752,1769615560890,10:52:40.890,42.3392474,-71.0904381,20.697
2409,631504896,1769615561154,10:52:41.154,42.3392474,-71.0904381,20.697
2410,631767040,1769615561394,10:52:41.394,42.3392474,-71.0904381,20.697
2411,632029184,1769615561659,10:52:41.659,42.3392474,-71.0904381,20.697
2412,632291328,1769615561913,10:52:41.913,42.3392474,-71.0904381,20.697
2413,632553472,1769615562323,10:52:42.323,42.3392474,-71.0904381,20.697
2414,632815616,1769615562746,10:52:42.746,42.3392474,-71.0904381,20.697
2415,633077760,1769615563158,10:52:43.158,42.3392474,-71.0904381,20.697
2416,633339904,1769615563604,10:52:43.604,42.3392474,-71.0904381,20.697
2417,633602048,1769615564002,10:52:44.002,42.3392474,-71.0904381,20.697
2418,633864192,1769615564451,10:52:44.451,42.3392474,-71.0904381,20.697
2419,634126336,1769615564850,10:52:44.850,42.3392474,-71.0904381,20.697
2420,634388480,1769615565208,10:52:45.208,42.3392474,-71.0904381,20.697
2421,634650624,1769615565642,10:52:45.642,42.3392474,-71.0904381,20.697
2422,634912768,1769615566220,10:52:46.220,42.3392474,-71.0904381,20.697
2423,635174912,1769615566696,10:52:46.696,42.3392474,-71.0904381,20.697
2424,635437056,1769615567089,10:52:47.089,42.3392474,-71.0904381,20.697
2425,635699200,1769615567548,10:52:47.548,42.3392474,-71.0904381,20.697
2426,635961344,1769615568007,10:52:48.007,42.3392474,-71.0904381,20.697
2427,636223488,1769615568433,10:52:48.433,42.3392474,-71.0904381,20.697
2428,636485632,1769615568836,10:52:48.836,42.3392474,-71.0904381,20.697
2429,636747776,1769615569274,10:52:49.274,42.3392474,-71.0904381,20.697
2430,637009920,1769615569747,10:52:49.747,42.3392474,-71.0904381,20.697
2431,637272064,1769615570209,10:52:50.209,42.3392474,-71.0904381,20.697
2432,637534208,1769615570720,10:52:50.720,42.3392474,-71.0904381,20.697
2433,637796352,1769615571125,10:52:51.125,42.3392474,-71.0904381,20.697
2434,638058496,1769615571615,10:52:51.615,42.3392474,-71.0904381,20.697
2435,638320640,1769615572058,10:52:52.058,42.3392474,-71.0904381,20.697
2436,638582784,1769615572438,10:52:52.438,42.3392474,-71.0904381,20.697
2437,638844928,1769615572847,10:52:52.847,42.3392474,-71.0904381,20.697
2438,639107072,1769615573255,10:52:53.255,42.3392474,-71.0904381,20.697
2439,639369216,1769615573677,10:52:53.677,42.3392474,-71.0904381,20.697
2440,639631360,1769615574060,10:52:54.060,42.3392474,-71.0904381,20.697
2441,639893504,1769615574478,10:52:54.478,42.3392474,-71.0904381,20.697
2442,640155648,1769615574869,10:52:54.869,42.3392474,-71.0904381,20.697
2443,640417792,1769615575349,10:52:55.349,42.3392474,-71.0904381,20.697
2444,640679936,1769615575763,10:52:55.763,42.3392474,-71.0904381,20.697
2445,640942080,1769615576184,10:52:56.184,42.3392474,-71.0904381,20.697
2446,641204224,1769615576619,10:52:56.619,42.3392474,-71.0904381,20.697
2447,641466368,1769615577014,10:52:57.014,42.3392474,-71.0904381,20.697
2448,641728512,1769615577420,10:52:57.420,42.3392474,-71.0904381,20.697
2449,641990656,1769615577928,10:52:57.928,42.3392474,-71.0904381,20.697
2450,642252800,1769615578387,10:52:58.387,42.3392474,-71.0904381,20.697
2451,642514944,1769615578801,10:52:58.801,42.3392474,-71.0904381,20.697
2452,642777088,1769615579239,10:52:59.239,42.3392474,-71.0904381,20.697
2453,643039232,1769615579663,10:52:59.663,42.3392474,-71.0904381,20.697
2454,643301376,1769615580013,10:53:00.013,42.3392474,-71.0904381,20.697
2455,643563520,1769615580395,10:53:00.395,42.3392474,-71.0904381,20.697
2456,643825664,1769615580800,10:53:00.800,42.3392474,-71.0904381,20.697
2457,644087808,1769615581273,10:53:01.273,42.3392474,-71.0904381,20.697
2458,644349952,1769615581658,10:53:01.658,42.3392474,-71.0904381,20.697
2459,644612096,1769615582079,10:53:02.079,42.3392474,-71.0904381,20.697
2460,644874240,1769615582531,10:53:02.531,42.3392474,-71.0904381,20.697
2461,645136384,1769615582987,10:53:02.987,42.3392474,-71.0904381,20.697
2462,645398528,1769615583466,10:53:03.466,42.3392474,-71.0904381,20.697
2463,645660672,1769615583883,10:53:03.883,42.3392474,-71.0904381,20.697
2464,645922816,1769615584240,10:53:04.240,42.3392474,-71.0904381,20.697
2465,646184960,1769615584624,10:53:04.624,42.3392474,-71.0904381,20.697
2466,646447104,1769615585012,10:53:05.012,42.3392474,-71.0904381,20.697
2467,646709248,1769615585403,10:53:05.403,42.3392474,-71.0904381,20.697
2468,646971392,1769615588274,10:53:08.274,42.3392474,-71.0904381,20.697
2469,647233536,1769615588549,10:53:08.549,42.3392474,-71.0904381,20.697
2470,647495680,1769615588793,10:53:08.793,42.3392474,-71.0904381,20.697
2471,647757824,1769615589048,10:53:09.048,42.3392474,-71.0904381,20.697
2472,648019968,1769615589312,10:53:09.312,42.3392474,-71.0904381,20.697
2473,648282112,1769615589563,10:53:09.563,42.3392474,-71.0904381,20.697
2474,648544256,1769615589808,10:53:09.808,42.3392474,-71.0904381,20.697
2475,648806400,1769615590069,10:53:10.069,42.3392474,-71.0904381,20.697
2476,649068544,1769615590323,10:53:10.323,42.3392474,-71.0904381,20.697
2477,649330688,1769615590565,10:53:10.565,42.3392474,-71.0904381,20.697
2478,649592832,1769615590807,10:53:10.807,42.3392474,-71.0904381,20.697
2479,649854976,1769615591046,10:53:11.046,42.3392474,-71.0904381,20.697
2480,650117120,1769615591287,10:53:11.287,42.3392474,-71.0904381,20.697
2481,650379264,1769615591537,10:53:11.537,42.3392474,-71.0904381,20.697
2482,650641408,1769615591795,10:53:11.795,42.3392474,-71.0904381,20.697
2483,650903552,1769615592045,10:53:12.045,42.3392474,-71.0904381,20.697
2484,651165696,1769615592294,10:53:12.294,42.3392474,-71.0904381,20.697
2485,651427840,1769615592575,10:53:12.575,42.3392474,-71.0904381,20.697
2486,651689984,1769615592817,10:53:12.817,42.3392474,-71.0904381,20.697
2487,651952128,1769615593106,10:53:13.106,42.3392474,-71.0904381,20.697
2488,652214272,1769615593554,10:53:13.554,42.3392474,-71.0904381,20.697
2489,652476416,1769615593994,10:53:13.994,42.3392474,-71.0904381,20.697
2490,652738560,1769615594363,10:53:14.363,42.3392474,-71.0904381,20.697
2491,653000704,1769615594780,10:53:14.780,42.3392474,-71.0904381,20.697
2492,653262848,1769615595244,10:53:15.244,42.3392474,-71.0904381,20.697
2493,653524992,1769615595564,10:53:15.564,42.3392474,-71.0904381,20.697
2494,653787136,1769615595959,10:53:15.959,42.3392474,-71.0904381,20.697
2495,654049280,1769615596361,10:53:16.361,42.3392474,-71.0904381,20.697
2496,654311424,1769615596813,10:53:16.813,42.3392474,-71.0904381,20.697
2497,654573568,1769615597223,10:53:17.223,42.3392474,-71.0904381,20.697
2498,654835712,1769615597659,10:53:17.659,42.3392474,-71.0904381,20.697
2499,655097856,1769615598068,10:53:18.068,42.3392474,-71.0904381,20.697
2500,655360000,1769615598485,10:53:18.485,42.3392474,-71.0904381,20.697
2501,655622144,1769615598883,10:53:18.883,42.3392474,-71.0904381,20.697
2502,655884288,1769615599182,10:53:19.182,42.3392474,-71.0904381,20.697
2503,656146432,1769615599535,10:53:19.535,42.3392474,-71.0904381,20.697
2504,656408576,1769615599884,10:53:19.884,42.3392474,-71.0904381,20.697
2505,656670720,1769615600235,10:53:20.235,42.3392474,-71.0904381,20.697
2506,656932864,1769615600605,10:53:20.605,42.3392474,-71.0904381,20.697
2507,657195008,1769615600963,10:53:20.963,42.3392474,-71.0904381,20.697
2508,657457152,1769615601320,10:53:21.320,42.3392474,-71.0904381,20.697
2509,657719296,1769615601725,10:53:21.725,42.3392474,-71.0904381,20.697
2510,657981440,1769615602096,10:53:22.096,42.3392474,-71.0904381,20.697
2511,658243584,1769615602521,10:53:22.521,42.3392474,-71.0904381,20.697
2512,658505728,1769615602927,10:53:22.927,42.3392474,-71.0904381,20.697
2513,658767872,1769615603271,10:53:23.271,42.3392474,-71.0904381,20.697
2514,659030016,1769615603648,10:53:23.648,42.3392474,-71.0904381,20.697
2515,659292160,1769615604034,10:53:24.034,42.3392474,-71.0904381,20.697
2516,659554304,1769615604491,10:53:24.491,42.3392474,-71.0904381,20.697
2517,659816448,1769615604808,10:53:24.808,42.3392474,-71.0904381,20.697
2518,660078592,1769615605158,10:53:25.158,42.3392474,-71.0904381,20.697
2519,660340736,1769615605509,10:53:25.509,42.3392474,-71.0904381,20.697
2520,660602880,1769615605930,10:53:25.930,42.3392474,-71.0904381,20.697
2521,660865024,1769615606210,10:53:26.210,42.3392474,-71.0904381,20.697
2522,661127168,1769615606560,10:53:26.560,42.3392474,-71.0904381,20.697
2523,661389312,1769615606912,10:53:26.912,42.3392474,-71.0904381,20.697
2524,661651456,1769615607263,10:53:27.263,42.3392474,-71.0904381,20.697
2525,661913600,1769615607615,10:53:27.615,42.3392474,-71.0904381,20.697
2526,662175744,1769615607965,10:53:27.965,42.3392474,-71.0904381,20.697
2527,662437888,1769615608351,10:53:28.351,42.3392474,-71.0904381,20.697
2528,662700032,1769615608686,10:53:28.686,42.3392474,-71.0904381,20.697
2529,662962176,1769615609090,10:53:29.090,42.3392474,-71.0904381,20.697
2530,663224320,1769615609424,10:53:29.424,42.3392474,-71.0904381,20.697
2531,663486464,1769615609775,10:53:29.775,42.3392474,-71.0904381,20.697
2532,663748608,1769615610153,10:53:30.153,42.3392474,-71.0904381,20.697
2533,664010752,1769615610546,10:53:30.546,42.3392474,-71.0904381,20.697
2534,664272896,1769615610940,10:53:30.940,42.3392474,-71.0904381,20.697
2535,664535040,1769615611312,10:53:31.312,42.3392474,-71.0904381,20.697
2536,664797184,1769615611673,10:53:31.673,42.3392474,-71.0904381,20.697
2537,665059328,1769615612022,10:53:32.022,42.3392474,-71.0904381,20.697
2538,665321472,1769615612402,10:53:32.402,42.3392474,-71.0904381,20.697
2539,665583616,1769615612724,10:53:32.724,42.3392474,-71.0904381,20.697
2540,665845760,1769615613130,10:53:33.130,42.3392474,-71.0904381,20.697
2541,666107904,1769615613487,10:53:33.487,42.3392474,-71.0904381,20.697
2542,666370048,1769615613836,10:53:33.836,42.3392474,-71.0904381,20.697
2543,666632192,1769615614191,10:53:34.191,42.3392474,-71.0904381,20.697
2544,666894336,1769615614660,10:53:34.660,42.3392474,-71.0904381,20.697
2545,667156480,1769615615038,10:53:35.038,42.3392474,-71.0904381,20.697
2546,667418624,1769615615381,10:53:35.381,42.3392474,-71.0904381,20.697
2547,667680768,1769615618277,10:53:38.277,42.3392474,-71.0904381,20.697
2548,667942912,1769615618560,10:53:38.560,42.3392474,-71.0904381,20.697
2549,668205056,1769615618830,10:53:38.830,42.3392474,-71.0904381,20.697
2550,668467200,1769615619077,10:53:39.077,42.3392474,-71.0904381,20.697
2551,668729344,1769615619327,10:53:39.327,42.3392474,-71.0904381,20.697
2552,668991488,1769615619580,10:53:39.580,42.3392474,-71.0904381,20.697
2553,669253632,1769615619835,10:53:39.835,42.3392474,-71.0904381,20.697
2554,669515776,1769615620094,10:53:40.094,42.3392474,-71.0904381,20.697
2555,669777920,1769615620347,10:53:40.347,42.3392474,-71.0904381,20.697
2556,670040064,1769615620596,10:53:40.596,42.3392474,-71.0904381,20.697
2557,670302208,1769615620968,10:53:40.968,42.3392474,-71.0904381,20.697
2558,670564352,1769615621699,10:53:41.699,42.3392474,-71.0904381,20.697
2559,670826496,1769615622194,10:53:42.194,42.3392474,-71.0904381,20.697
2560,671088640,1769615622777,10:53:42.777,42.3392474,-71.0904381,20.697
2561,671350784,1769615623220,10:53:43.220,42.3392474,-71.0904381,20.697
2562,671612928,1769615623600,10:53:43.600,42.3392474,-71.0904381,20.697
2563,671875072,1769615624025,10:53:44.025,42.3392474,-71.0904381,20.697
2564,672137216,1769615624429,10:53:44.429,42.3392474,-71.0904381,20.697
2565,672399360,1769615624907,10:53:44.907,42.3392474,-71.0904381,20.697
2566,672661504,1769615625306,10:53:45.306,42.3392474,-71.0904381,20.697
2567,672923648,1769615625647,10:53:45.647,42.3392474,-71.0904381,20.697
2568,673185792,1769615625999,10:53:45.999,42.3392474,-71.0904381,20.697
2569,673447936,1769615626395,10:53:46.395,42.3392474,-71.0904381,20.697
2570,673710080,1769615626859,10:53:46.859,42.3392474,-71.0904381,20.697
2571,673972224,1769615627341,10:53:47.341,42.3392474,-71.0904381,20.697
2572,674234368,1769615627692,10:53:47.692,42.3392474,-71.0904381,20.697
2573,674496512,1769615628126,10:53:48.126,42.3392474,-71.0904381,20.697
2574,674758656,1769615628534,10:53:48.534,42.3392474,-71.0904381,20.697
2575,675020800,1769615628978,10:53:48.978,42.3392474,-71.0904381,20.697
2576,675282944,1769615629410,10:53:49.410,42.3392474,-71.0904381,20.697
2577,675545088,1769615629809,10:53:49.809,42.3392474,-71.0904381,20.697
2578,675807232,1769615630188,10:53:50.188,42.3392474,-71.0904381,20.697
2579,676069376,1769615630599,10:53:50.599,42.3392474,-71.0904381,20.697
2580,676331520,1769615630904,10:53:50.904,42.3392474,-71.0904381,20.697
2581,676593664,1769615631254,10:53:51.254,42.3392474,-71.0904381,20.697
2582,676855808,1769615631695,10:53:51.695,42.3392474,-71.0904381,20.697
2583,677117952,1769615632145,10:53:52.145,42.3392474,-71.0904381,20.697
2584,677380096,1769615632543,10:53:52.543,42.3392474,-71.0904381,20.697
2585,677642240,1769615632917,10:53:52.917,42.3392474,-71.0904381,20.697
2586,677904384,1769615633323,10:53:53.323,42.3392474,-71.0904381,20.697
2587,678166528,1769615633734,10:53:53.734,42.3392474,-71.0904381,20.697
2588,678428672,1769615634064,10:53:54.064,42.3392474,-71.0904381,20.697
2589,678690816,1769615634556,10:53:54.556,42.3392474,-71.0904381,20.697
2590,678952960,1769615635040,10:53:55.040,42.3392474,-71.0904381,20.697
2591,679215104,1769615635371,10:53:55.371,42.3392474,-71.0904381,20.697
2592,679477248,1769615635732,10:53:55.732,42.3392474,-71.0904381,20.697
2593,679739392,1769615636084,10:53:56.084,42.3392474,-71.0904381,20.697
2594,680001536,1769615636496,10:53:56.496,42.3392474,-71.0904381,20.697
2595,680263680,1769615636785,10:53:56.785,42.3392474,-71.0904381,20.697
2596,680525824,1769615637136,10:53:57.136,42.3392474,-71.0904381,20.697
2597,680787968,1769615637504,10:53:57.504,42.3392474,-71.0904381,20.697
2598,681050112,1769615637854,10:53:57.854,42.3392474,-71.0904381,20.697
2599,681312256,1769615638239,10:53:58.239,42.3392474,-71.0904381,20.697
2600,681574400,1769615638611,10:53:58.611,42.3392474,-71.0904381,20.697
2601,681836544,1769615638962,10:53:58.962,42.3392474,-71.0904381,20.697
2602,682098688,1769615639313,10:53:59.313,42.3392474,-71.0904381,20.697
2603,682360832,1769615639694,10:53:59.694,42.3392474,-71.0904381,20.697
2604,682622976,1769615640029,10:54:00.029,42.3392474,-71.0904381,20.697
2605,682885120,1769615640471,10:54:00.471,42.3392474,-71.0904381,20.697
2606,683147264,1769615640876,10:54:00.876,42.3392474,-71.0904381,20.697
2607,683409408,1769615641298,10:54:01.298,42.3392474,-71.0904381,20.697
2608,683671552,1769615641669,10:54:01.669,42.3392474,-71.0904381,20.697
2609,683933696,1769615642036,10:54:02.036,42.3392474,-71.0904381,20.697
2610,684195840,1769615642386,10:54:02.386,42.3392474,-71.0904381,20.697
2611,684457984,1769615642735,10:54:02.735,42.3392474,-71.0904381,20.697
2612,684720128,1769615643108,10:54:03.108,42.3392474,-71.0904381,20.697
2613,684982272,1769615643555,10:54:03.555,42.3392474,-71.0904381,20.697
2614,685244416,1769615643960,10:54:03.960,42.3392474,-71.0904381,20.697
2615,685506560,1769615644484,10:54:04.484,42.3392474,-71.0904381,20.697
2616,685768704,1769615644967,10:54:04.967,42.3392474,-71.0904381,20.697
2617,686030848,1769615645657,10:54:05.657,42.3392474,-71.0904381,20.697
2618,686292992,1769615648546,10:54:08.546,42.3392474,-71.0904381,20.697
2619,686555136,1769615648797,10:54:08.797,42.3392474,-71.0904381,20.697
2620,686817280,1769615649045,10:54:09.045,42.3392474,-71.0904381,20.697
2621,687079424,1769615649306,10:54:09.306,42.3392474,-71.0904381,20.697
2622,687341568,1769615649560,10:54:09.560,42.3392474,-71.0904381,20.697
2623,687603712,1769615649817,10:54:09.817,42.3392474,-71.0904381,20.697
2624,687865856,1769615650057,10:54:10.057,42.3392474,-71.0904381,20.697
2625,688128000,1769615650321,10:54:10.321,42.3392474,-71.0904381,20.697
2626,688390144,1769615650578,10:54:10.578,42.3392474,-71.0904381,20.697
2627,688652288,1769615651219,10:54:11.219,42.3392474,-71.0904381,20.697
2628,688914432,1769615651750,10:54:11.750,42.3392474,-71.0904381,20.697
2629,689176576,1769615652418,10:54:12.418,42.3392474,-71.0904381,20.697
2630,689438720,1769615652941,10:54:12.941,42.3392474,-71.0904381,20.697
2631,689700864,1769615653526,10:54:13.526,42.3392474,-71.0904381,20.697
2632,689963008,1769615654087,10:54:14.087,42.3392474,-71.0904381,20.697
2633,690225152,1769615654542,10:54:14.542,42.3392474,-71.0904381,20.697
2634,690487296,1769615655004,10:54:15.004,42.3392474,-71.0904381,20.697
2635,690749440,1769615655483,10:54:15.483,42.3392474,-71.0904381,20.697
2636,691011584,1769615655917,10:54:15.917,42.3392474,-71.0904381,20.697
2637,691273728,1769615656352,10:54:16.352,42.3392474,-71.0904381,20.697
2638,691535872,1769615656794,10:54:16.794,42.3392474,-71.0904381,20.697
2639,691798016,1769615657319,10:54:17.319,42.3392474,-71.0904381,20.697
2640,692060160,1769615657761,10:54:17.761,42.3392474,-71.0904381,20.697
2641,692322304,1769615658242,10:54:18.242,42.3392474,-71.0904381,20.697
2642,692584448,1769615658606,10:54:18.606,42.3392474,-71.0904381,20.697
2643,692846592,1769615658955,10:54:18.955,42.3392474,-71.0904381,20.697
2644,693108736,1769615659305,10:54:19.305,42.3392474,-71.0904381,20.697
2645,693370880,1769615659656,10:54:19.656,42.3392474,-71.0904381,20.697
2646,693633024,1769615660006,10:54:20.006,42.3392474,-71.0904381,20.697
2647,693895168,1769615660404,10:54:20.404,42.3392474,-71.0904381,20.697
2648,694157312,1769615660730,10:54:20.730,42.3392474,-71.0904381,20.697
2649,694419456,1769615661103,10:54:21.103,42.3392474,-71.0904381,20.697
2650,694681600,1769615661431,10:54:21.431,42.3392474,-71.0904381,20.697
2651,694943744,1769615661781,10:54:21.781,42.3392474,-71.0904381,20.697
2652,695205888,1769615662134,10:54:22.134,42.3392474,-71.0904381,20.697
2653,695468032,1769615662486,10:54:22.486,42.3392474,-71.0904381,20.697
2654,695730176,1769615662837,10:54:22.837,42.3392474,-71.0904381,20.697
2655,695992320,1769615663188,10:54:23.188,42.3392474,-71.0904381,20.697
2656,696254464,1769615663566,10:54:23.566,42.3392474,-71.0904381,20.697
2657,696516608,1769615663963,10:54:23.963,42.3392474,-71.0904381,20.697
2658,696778752,1769615664319,10:54:24.319,42.3392474,-71.0904381,20.697
2659,697040896,1769615664703,10:54:24.703,42.3392474,-71.0904381,20.697
2660,697303040,1769615665122,10:54:25.122,42.3392474,-71.0904381,20.697
2661,697565184,1769615665559,10:54:25.559,42.3392474,-71.0904381,20.697
2662,697827328,1769615665951,10:54:25.951,42.3392474,-71.0904381,20.697
2663,698089472,1769615666385,10:54:26.385,42.3392474,-71.0904381,20.697
2664,698351616,1769615666781,10:54:26.781,42.3392474,-71.0904381,20.697
2665,698613760,1769615667154,10:54:27.154,42.3392474,-71.0904381,20.697
2666,698875904,1769615667558,10:54:27.558,42.3392474,-71.0904381,20.697
2667,699138048,1769615667908,10:54:27.908,42.3392474,-71.0904381,20.697
2668,699400192,1769615668273,10:54:28.273,42.3392474,-71.0904381,20.697
2669,699662336,1769615668623,10:54:28.623,42.3392474,-71.0904381,20.697
2670,699924480,1769615669001,10:54:29.001,42.3392474,-71.0904381,20.697
2671,700186624,1769615669404,10:54:29.404,42.3392474,-71.0904381,20.697
2672,700448768,1769615670012,10:54:30.012,42.3392474,-71.0904381,20.697
2673,700710912,1769615670490,10:54:30.490,42.3392474,-71.0904381,20.697
2674,700973056,1769615671038,10:54:31.038,42.3392474,-71.0904381,20.697
2675,701235200,1769615671826,10:54:31.826,42.3392474,-71.0904381,20.697
2676,701497344,1769615672460,10:54:32.460,42.3392474,-71.0904381,20.697
2677,701759488,1769615673019,10:54:33.019,42.3392474,-71.0904381,20.697
2678,702021632,1769615673607,10:54:33.607,42.3392474,-71.0904381,20.697
2679,702283776,1769615674230,10:54:34.230,42.3392474,-71.0904381,20.697
2680,702545920,1769615674849,10:54:34.849,42.3392474,-71.0904381,20.697
2681,702808064,1769615675329,10:54:35.329,42.3392474,-71.0904381,20.697
2682,703070208,1769615675823,10:54:35.823,42.3392474,-71.0904381,20.697
2683,703332352,1769615678387,10:54:38.387,42.3392474,-71.0904381,20.697
2684,703594496,1769615678663,10:54:38.663,42.3392474,-71.0904381,20.697
2685,703856640,1769615678936,10:54:38.936,42.3392474,-71.0904381,20.697
2686,704118784,1769615679209,10:54:39.209,42.3392474,-71.0904381,20.697
2687,704380928,1769615679482,10:54:39.482,42.3392474,-71.0904381,20.697
2688,704643072,1769615679760,10:54:39.760,42.3392474,-71.0904381,20.697
2689,704905216,1769615680033,10:54:40.033,42.3392474,-71.0904381,20.697
2690,705167360,1769615680315,10:54:40.315,42.3392474,-71.0904381,20.697
2691,705429504,1769615680581,10:54:40.581,42.3392474,-71.0904381,20.697
2692,705691648,1769615680849,10:54:40.849,42.3392474,-71.0904381,20.697
2693,705953792,1769615681104,10:54:41.104,42.3392474,-71.0904381,20.697
2694,706215936,1769615681361,10:54:41.361,42.3392474,-71.0904381,20.697
2695,706478080,1769615681605,10:54:41.605,42.3392474,-71.0904381,20.697
2696,706740224,1769615682215,10:54:42.215,42.3392474,-71.0904381,20.697
2697,707002368,1769615682817,10:54:42.817,42.3392474,-71.0904381,20.697
2698,707264512,1769615683346,10:54:43.346,42.3392474,-71.0904381,20.697
2699,707526656,1769615683879,10:54:43.879,42.3392474,-71.0904381,20.697
2700,707788800,1769615684238,10:54:44.238,42.3392474,-71.0904381,20.697
2701,708050944,1769615684855,10:54:44.855,42.3392474,-71.0904381,20.697
2702,708313088,1769615685523,10:54:45.523,42.3392474,-71.0904381,20.697
2703,708575232,1769615686099,10:54:46.099,42.3392474,-71.0904381,20.697
2704,708837376,1769615686448,10:54:46.448,42.3392474,-71.0904381,20.697
2705,709099520,1769615687029,10:54:47.029,42.3392474,-71.0904381,20.697
2706,709361664,1769615687529,10:54:47.529,42.3392474,-71.0904381,20.697
2707,709623808,1769615688147,10:54:48.147,42.3392474,-71.0904381,20.697
2708,709885952,1769615688730,10:54:48.730,42.3392474,-71.0904381,20.697
2709,710148096,1769615689183,10:54:49.183,42.3392474,-71.0904381,20.697
2710,710410240,1769615689600,10:54:49.600,42.3392474,-71.0904381,20.697
2711,710672384,1769615690011,10:54:50.011,42.3392474,-71.0904381,20.697
2712,710934528,1769615690440,10:54:50.440,42.3392474,-71.0904381,20.697
2713,711196672,1769615690935,10:54:50.935,42.3392474,-71.0904381,20.697
2714,711458816,1769615691357,10:54:51.357,42.3392474,-71.0904381,20.697
2715,711720960,1769615691795,10:54:51.795,42.3392474,-71.0904381,20.697
2716,711983104,1769615692058,10:54:52.058,42.3392474,-71.0904381,20.697
2717,712245248,1769615692417,10:54:52.417,42.3392474,-71.0904381,20.697
2718,712507392,1769615692823,10:54:52.823,42.3392474,-71.0904381,20.697
2719,712769536,1769615693178,10:54:53.178,42.3392474,-71.0904381,20.697
2720,713031680,1769615693541,10:54:53.541,42.3392474,-71.0904381,20.697
2721,713293824,1769615693878,10:54:53.878,42.3392474,-71.0904381,20.697
2722,713555968,1769615694266,10:54:54.266,42.3392474,-71.0904381,20.697
2723,713818112,1769615694757,10:54:54.757,42.3392474,-71.0904381,20.697
2724,714080256,1769615695192,10:54:55.192,42.3392474,-71.0904381,20.697
2725,714342400,1769615695512,10:54:55.512,42.3392474,-71.0904381,20.697
2726,714604544,1769615695916,10:54:55.916,42.3392474,-71.0904381,20.697
2727,714866688,1769615696307,10:54:56.307,42.3392474,-71.0904381,20.697
2728,715128832,1769615696744,10:54:56.744,42.3392474,-71.0904381,20.697
2729,715390976,1769615697095,10:54:57.095,42.3392474,-71.0904381,20.697
2730,715653120,1769615697447,10:54:57.447,42.3392474,-71.0904381,20.697
2731,715915264,1769615697798,10:54:57.798,42.3392474,-71.0904381,20.697
2732,716177408,1769615698206,10:54:58.206,42.3392474,-71.0904381,20.697
2733,716439552,1769615698516,10:54:58.516,42.3392474,-71.0904381,20.697
2734,716701696,1769615698865,10:54:58.865,42.3392474,-71.0904381,20.697
2735,716963840,1769615699334,10:54:59.334,42.3392474,-71.0904381,20.697
2736,717225984,1769615699817,10:54:59.817,42.3392474,-71.0904381,20.697
2737,717488128,1769615700239,10:55:00.239,42.3392474,-71.0904381,20.697
2738,717750272,1769615700701,10:55:00.701,42.3392474,-71.0904381,20.697
2739,718012416,1769615701185,10:55:01.185,42.3392474,-71.0904381,20.697
2740,718274560,1769615701726,10:55:01.726,42.3392474,-71.0904381,20.697
2741,718536704,1769615702194,10:55:02.194,42.3392474,-71.0904381,20.697
2742,718798848,1769615702465,10:55:02.465,42.3392474,-71.0904381,20.697
2743,719060992,1769615702917,10:55:02.917,42.3392474,-71.0904381,20.697
2744,719323136,1769615703557,10:55:03.557,42.3392474,-71.0904381,20.697
2745,719585280,1769615704062,10:55:04.062,42.3392474,-71.0904381,20.697
2746,719847424,1769615704417,10:55:04.417,42.3392474,-71.0904381,20.697
2747,720109568,1769615704777,10:55:04.777,42.3392474,-71.0904381,20.697
2748,720371712,1769615705146,10:55:05.146,42.3392474,-71.0904381,20.697
2749,720633856,1769615705575,10:55:05.575,42.3392474,-71.0904381,20.697
2750,720896000,1769615706077,10:55:06.077,42.3392474,-71.0904381,20.697
2751,721158144,1769615708928,10:55:08.928,42.3392474,-71.0904381,20.697
2752,721420288,1769615709206,10:55:09.206,42.3392474,-71.0904381,20.697
2753,721682432,1769615709458,10:55:09.458,42.3392474,-71.0904381,20.697
2754,721944576,1769615709715,10:55:09.715,42.3392474,-71.0904381,20.697
2755,722206720,1769615709998,10:55:09.998,42.3392474,-71.0904381,20.697
2756,722468864,1769615710252,10:55:10.252,42.3392474,-71.0904381,20.697
2757,722731008,1769615710511,10:55:10.511,42.3392474,-71.0904381,20.697
2758,722993152,1769615710763,10:55:10.763,42.3392474,-71.0904381,20.697
2759,723255296,1769615711020,10:55:11.020,42.3392474,-71.0904381,20.697
2760,723517440,1769615711276,10:55:11.276,42.3392474,-71.0904381,20.697
2761,723779584,1769615711534,10:55:11.534,42.3392474,-71.0904381,20.697
2762,724041728,1769615711976,10:55:11.976,42.3392474,-71.0904381,20.697
2763,724303872,1769615712389,10:55:12.389,42.3392474,-71.0904381,20.697
2764,724566016,1769615712823,10:55:12.823,42.3392474,-71.0904381,20.697
2765,724828160,1769615713311,10:55:13.311,42.3392474,-71.0904381,20.697
2766,725090304,1769615713561,10:55:13.561,42.3392474,-71.0904381,20.697
2767,725352448,1769615713886,10:55:13.886,42.3392474,-71.0904381,20.697
2768,725614592,1769615714257,10:55:14.257,42.3392474,-71.0904381,20.697
2769,725876736,1769615714662,10:55:14.662,42.3392474,-71.0904381,20.697
2770,726138880,1769615715149,10:55:15.149,42.3392474,-71.0904381,20.697
2771,726401024,1769615715690,10:55:15.690,42.3392474,-71.0904381,20.697
2772,726663168,1769615716216,10:55:16.216,42.3392474,-71.0904381,20.697
2773,726925312,1769615716765,10:55:16.765,42.3392474,-71.0904381,20.697
2774,727187456,1769615717356,10:55:17.356,42.3392474,-71.0904381,20.697
2775,727449600,1769615717884,10:55:17.884,42.3392474,-71.0904381,20.697
2776,727711744,1769615718425,10:55:18.425,42.3392474,-71.0904381,20.697
2777,727973888,1769615719029,10:55:19.029,42.3392474,-71.0904381,20.697
2778,728236032,1769615719572,10:55:19.572,42.3392474,-71.0904381,20.697
2779,728498176,1769615720027,10:55:20.027,42.3392474,-71.0904381,20.697
2780,728760320,1769615720378,10:55:20.378,42.3392474,-71.0904381,20.697
2781,729022464,1769615720887,10:55:20.887,42.3392474,-71.0904381,20.697
2782,729284608,1769615721455,10:55:21.455,42.3392474,-71.0904381,20.697
2783,729546752,1769615722039,10:55:22.039,42.3392474,-71.0904381,20.697
2784,729808896,1769615722464,10:55:22.464,42.3392474,-71.0904381,20.697
2785,730071040,1769615722762,10:55:22.762,42.3392474,-71.0904381,20.697
2786,730333184,1769615723127,10:55:23.127,42.3392474,-71.0904381,20.697
2787,730595328,1769615723580,10:55:23.580,42.3392474,-71.0904381,20.697
2788,730857472,1769615724115,10:55:24.115,42.3392474,-71.0904381,20.697
2789,731119616,1769615724511,10:55:24.511,42.3392474,-71.0904381,20.697
2790,731381760,1769615724949,10:55:24.949,42.3392474,-71.0904381,20.697
2791,731643904,1769615725532,10:55:25.532,42.3392474,-71.0904381,20.697
2792,731906048,1769615726100,10:55:26.100,42.3392474,-71.0904381,20.697
2793,732168192,1769615726593,10:55:26.593,42.3392474,-71.0904381,20.697
2794,732430336,1769615727090,10:55:27.090,42.3392474,-71.0904381,20.697
2795,732692480,1769615727650,10:55:27.650,42.3392474,-71.0904381,20.697
2796,732954624,1769615728273,10:55:28.273,42.3392474,-71.0904381,20.697
2797,733216768,1769615728758,10:55:28.758,42.3392474,-71.0904381,20.697
2798,733478912,1769615729122,10:55:29.122,42.3392474,-71.0904381,20.697
2799,733741056,1769615729460,10:55:29.460,42.3392474,-71.0904381,20.697
2800,734003200,1769615730037,10:55:30.037,42.3392474,-71.0904381,20.697
2801,734265344,1769615730559,10:55:30.559,42.3392474,-71.0904381,20.697
2802,734527488,1769615731082,10:55:31.082,42.3392474,-71.0904381,20.697
2803,734789632,1769615731516,10:55:31.516,42.3392474,-71.0904381,20.697
2804,735051776,1769615731806,10:55:31.806,42.3392474,-71.0904381,20.697
2805,735313920,1769615732179,10:55:32.179,42.3392474,-71.0904381,20.697
2806,735576064,1769615732676,10:55:32.676,42.3392474,-71.0904381,20.697
2807,735838208,1769615733161,10:55:33.161,42.3392474,-71.0904381,20.697
2808,736100352,1769615733709,10:55:33.709,42.3392474,-71.0904381,20.697
2809,736362496,1769615734182,10:55:34.182,42.3392474,-71.0904381,20.697
2810,736624640,1769615734499,10:55:34.499,42.3392474,-71.0904381,20.697
2811,736886784,1769615734972,10:55:34.972,42.3392474,-71.0904381,20.697
2812,737148928,1769615735371,10:55:35.371,42.3392474,-71.0904381,20.697
2813,737411072,1769615735767,10:55:35.767,42.3392474,-71.0904381,20.697
2814,737673216,1769615736119,10:55:36.119,42.3392474,-71.0904381,20.697
2815,737935360,1769615738957,10:55:38.957,42.3392474,-71.0904381,20.697
2816,738197504,1769615739238,10:55:39.238,42.3392474,-71.0904381,20.697
2817,738459648,1769615739530,10:55:39.530,42.3392474,-71.0904381,20.697
2818,738721792,1769615739830,10:55:39.830,42.3392474,-71.0904381,20.697
2819,738983936,1769615740142,10:55:40.142,42.3392474,-71.0904381,20.697
2820,739246080,1769615740427,10:55:40.427,42.3392474,-71.0904381,20.697
2821,739508224,1769615740701,10:55:40.701,42.3392474,-71.0904381,20.697
2822,739770368,1769615740987,10:55:40.987,42.3392474,-71.0904381,20.697
2823,740032512,1769615741267,10:55:41.267,42.3392474,-71.0904381,20.697
2824,740294656,1769615741542,10:55:41.542,42.3392474,-71.0904381,20.697
2825,740556800,1769615741807,10:55:41.807,42.3392474,-71.0904381,20.697
2826,740818944,1769615742072,10:55:42.072,42.3392474,-71.0904381,20.697
2827,741081088,1769615742315,10:55:42.315,42.3392474,-71.0904381,20.697
2828,741343232,1769615742561,10:55:42.561,42.3392474,-71.0904381,20.697
2829,741605376,1769615742819,10:55:42.819,42.3392474,-71.0904381,20.697
2830,741867520,1769615743083,10:55:43.083,42.3392474,-71.0904381,20.697
2831,742129664,1769615743340,10:55:43.340,42.3392474,-71.0904381,20.697
2832,742391808,1769615743578,10:55:43.578,42.3392474,-71.0904381,20.697
2833,742653952,1769615743916,10:55:43.916,42.3392474,-71.0904381,20.697
2834,742916096,1769615744788,10:55:44.788,42.3392474,-71.0904381,20.697
2835,743178240,1769615745463,10:55:45.463,42.3392474,-71.0904381,20.697
2836,743440384,1769615746221,10:55:46.221,42.3392474,-71.0904381,20.697
2837,743702528,1769615746807,10:55:46.807,42.3392474,-71.0904381,20.697
2838,743964672,1769615747161,10:55:47.161,42.3392474,-71.0904381,20.697
2839,744226816,1769615747653,10:55:47.653,42.3392474,-71.0904381,20.697
2840,744488960,1769615748281,10:55:48.281,42.3392474,-71.0904381,20.697
2841,744751104,1769615748709,10:55:48.709,42.3392474,-71.0904381,20.697
2842,745013248,1769615749091,10:55:49.091,42.3392474,-71.0904381,20.697
2843,745275392,1769615749537,10:55:49.537,42.3392474,-71.0904381,20.697
2844,745537536,1769615749802,10:55:49.802,42.3392474,-71.0904381,20.697
2845,745799680,1769615750144,10:55:50.144,42.3392474,-71.0904381,20.697
2846,746061824,1769615750535,10:55:50.535,42.3392474,-71.0904381,20.697
2847,746323968,1769615750844,10:55:50.844,42.3392474,-71.0904381,20.697
2848,746586112,1769615751211,10:55:51.211,42.3392474,-71.0904381,20.697
2849,746848256,1769615751631,10:55:51.631,42.3392474,-71.0904381,20.697
2850,747110400,1769615752088,10:55:52.088,42.3392474,-71.0904381,20.697
2851,747372544,1769615752530,10:55:52.530,42.3392474,-71.0904381,20.697
2852,747634688,1769615752952,10:55:52.952,42.3392474,-71.0904381,20.697
2853,747896832,1769615753386,10:55:53.386,42.3392474,-71.0904381,20.697
2854,748158976,1769615753837,10:55:53.837,42.3392474,-71.0904381,20.697
2855,748421120,1769615754253,10:55:54.253,42.3392474,-71.0904381,20.697
2856,748683264,1769615754733,10:55:54.733,42.3392474,-71.0904381,20.697
2857,748945408,1769615755290,10:55:55.290,42.3392474,-71.0904381,20.697
2858,749207552,1769615755788,10:55:55.788,42.3392474,-71.0904381,20.697
2859,749469696,1769615756139,10:55:56.139,42.3392474,-71.0904381,20.697
2860,749731840,1769615756489,10:55:56.489,42.3392474,-71.0904381,20.697
2861,749993984,1769615756867,10:55:56.867,42.3392474,-71.0904381,20.697
2862,750256128,1769615757367,10:55:57.367,42.3392474,-71.0904381,20.697
2863,750518272,1769615757788,10:55:57.788,42.3392474,-71.0904381,20.697
2864,750780416,1769615758215,10:55:58.215,42.3392474,-71.0904381,20.697
2865,751042560,1769615758613,10:55:58.613,42.3392474,-71.0904381,20.697
2866,751304704,1769615758908,10:55:58.908,42.3392474,-71.0904381,20.697
2867,751566848,1769615759357,10:55:59.357,42.3392474,-71.0904381,20.697
2868,751828992,1769615759822,10:55:59.822,42.3392474,-71.0904381,20.697
2869,752091136,1769615760281,10:56:00.281,42.3392474,-71.0904381,20.697
2870,752353280,1769615760757,10:56:00.757,42.3392474,-71.0904381,20.697
2871,752615424,1769615761344,10:56:01.344,42.3392474,-71.0904381,20.697
2872,752877568,1769615761891,10:56:01.891,42.3392474,-71.0904381,20.697
2873,753139712,1769615762378,10:56:02.378,42.3392474,-71.0904381,20.697
2874,753401856,1769615762880,10:56:02.880,42.3392474,-71.0904381,20.697
2875,753664000,1769615763434,10:56:03.434,42.3392474,-71.0904381,20.697
2876,753926144,1769615763938,10:56:03.938,42.3392474,-71.0904381,20.697
2877,754188288,1769615764345,10:56:04.345,42.3392474,-71.0904381,20.697
2878,754450432,1769615764819,10:56:04.819,42.3392474,-71.0904381,20.697
2879,754712576,1769615765219,10:56:05.219,42.3392474,-71.0904381,20.697
2880,754974720,1769615765523,10:56:05.523,42.3392474,-71.0904381,20.697
2881,755236864,1769615766013,10:56:06.013,42.3392474,-71.0904381,20.697
2882,755499008,1769615766440,10:56:06.440,42.3392474,-71.0904381,20.697
2883,755761152,1769615769197,10:56:09.197,42.3392474,-71.0904381,20.697
2884,756023296,1769615769451,10:56:09.451,42.3392474,-71.0904381,20.697
2885,756285440,1769615769703,10:56:09.703,42.3392474,-71.0904381,20.697
2886,756547584,1769615769964,10:56:09.964,42.3392474,-71.0904381,20.697
2887,756809728,1769615770229,10:56:10.229,42.3392474,-71.0904381,20.697
2888,757071872,1769615770500,10:56:10.500,42.3392474,-71.0904381,20.697
2889,757334016,1769615770752,10:56:10.752,42.3392474,-71.0904381,20.697
2890,757596160,1769615770997,10:56:10.997,42.3392474,-71.0904381,20.697
2891,757858304,1769615771263,10:56:11.263,42.3392474,-71.0904381,20.697
2892,758120448,1769615771535,10:56:11.535,42.3392474,-71.0904381,20.697
2893,758382592,1769615771801,10:56:11.801,42.3392474,-71.0904381,20.697
2894,758644736,1769615772062,10:56:12.062,42.3392474,-71.0904381,20.697
2895,758906880,1769615772313,10:56:12.313,42.3392474,-71.0904381,20.697
2896,759169024,1769615772582,10:56:12.582,42.3392474,-71.0904381,20.697
2897,759431168,1769615772836,10:56:12.836,42.3392474,-71.0904381,20.697
2898,759693312,1769615773419,10:56:13.419,42.3392474,-71.0904381,20.697
2899,759955456,1769615773884,10:56:13.884,42.3392474,-71.0904381,20.697
2900,760217600,1769615774236,10:56:14.236,42.3392474,-71.0904381,20.697
2901,760479744,1769615774725,10:56:14.725,42.3392474,-71.0904381,20.697
2902,760741888,1769615775272,10:56:15.272,42.3392474,-71.0904381,20.697
2903,761004032,1769615775874,10:56:15.874,42.3392474,-71.0904381,20.697
2904,761266176,1769615776298,10:56:16.298,42.3392474,-71.0904381,20.697
2905,761528320,1769615776643,10:56:16.643,42.3392474,-71.0904381,20.697
2906,761790464,1769615777103,10:56:17.103,42.3392474,-71.0904381,20.697
2907,762052608,1769615777639,10:56:17.639,42.3392474,-71.0904381,20.697
2908,762314752,1769615778209,10:56:18.209,42.3392474,-71.0904381,20.697
2909,762576896,1769615778815,10:56:18.815,42.3392474,-71.0904381,20.697
2910,762839040,1769615779439,10:56:19.439,42.3392474,-71.0904381,20.697
2911,763101184,1769615779964,10:56:19.964,42.3392474,-71.0904381,20.697
2912,763363328,1769615780558,10:56:20.558,42.3392474,-71.0904381,20.697
2913,763625472,1769615781043,10:56:21.043,42.3392474,-71.0904381,20.697
2914,763887616,1769615781383,10:56:21.383,42.3392474,-71.0904381,20.697
2915,764149760,1769615781916,10:56:21.916,42.3392474,-71.0904381,20.697
2916,764411904,1769615782420,10:56:22.420,42.3392474,-71.0904381,20.697
2917,764674048,1769615782881,10:56:22.881,42.3392474,-71.0904381,20.697
2918,764936192,1769615783275,10:56:23.275,42.3392474,-71.0904381,20.697
2919,765198336,1769615783639,10:56:23.639,42.3392474,-71.0904381,20.697
2920,765460480,1769615784109,10:56:24.109,42.3392474,-71.0904381,20.697
2921,765722624,1769615784433,10:56:24.433,42.3392474,-71.0904381,20.697
2922,765984768,1769615784868,10:56:24.868,42.3392474,-71.0904381,20.697
2923,766246912,1769615785262,10:56:25.262,42.3392474,-71.0904381,20.697
2924,766509056,1769615785589,10:56:25.589,42.3392474,-71.0904381,20.697
2925,766771200,1769615785940,10:56:25.940,42.3392474,-71.0904381,20.697
2926,767033344,1769615786290,10:56:26.290,42.3392474,-71.0904381,20.697
2927,767295488,1769615786726,10:56:26.726,42.3392474,-71.0904381,20.697
2928,767557632,1769615787236,10:56:27.236,42.3392474,-71.0904381,20.697
2929,767819776,1769615787680,10:56:27.680,42.3392474,-71.0904381,20.697
2930,768081920,1769615788144,10:56:28.144,42.3392474,-71.0904381,20.697
2931,768344064,1769615788586,10:56:28.586,42.3392474,-71.0904381,20.697
2932,768606208,1769615789012,10:56:29.012,42.3392474,-71.0904381,20.697
2933,768868352,1769615789409,10:56:29.409,42.3392474,-71.0904381,20.697
2934,769130496,1769615789857,10:56:29.857,42.3392474,-71.0904381,20.697
2935,769392640,1769615790243,10:56:30.243,42.3392474,-71.0904381,20.697
2936,769654784,1769615790617,10:56:30.617,42.3392474,-71.0904381,20.697
2937,769916928,1769615791196,10:56:31.196,42.3392474,-71.0904381,20.697
2938,770179072,1769615791638,10:56:31.638,42.3392474,-71.0904381,20.697
2939,770441216,1769615792029,10:56:32.029,42.3392474,-71.0904381,20.697
2940,770703360,1769615792379,10:56:32.379,42.3392474,-71.0904381,20.697
2941,770965504,1769615792729,10:56:32.729,42.3392474,-71.0904381,20.697
2942,771227648,1769615793185,10:56:33.185,42.3392474,-71.0904381,20.697
2943,771489792,1769615793708,10:56:33.708,42.3392474,-71.0904381,20.697
2944,771751936,1769615794194,10:56:34.194,42.3392474,-71.0904381,20.697
2945,772014080,1769615794447,10:56:34.447,42.3392474,-71.0904381,20.697
2946,772276224,1769615794813,10:56:34.813,42.3392474,-71.0904381,20.697
2947,772538368,1769615795228,10:56:35.228,42.3392474,-71.0904381,20.697
2948,772800512,1769615795618,10:56:35.618,42.3392474,-71.0904381,20.697
2949,773062656,1769615796039,10:56:36.039,42.3392474,-71.0904381,20.697
2950,773324800,1769615796405,10:56:36.405,42.3392474,-71.0904381,20.697
2951,773586944,1769615799362,10:56:39.362,42.3392474,-71.0904381,20.697
2952,773849088,1769615799645,10:56:39.645,42.3392474,-71.0904381,20.697
2953,774111232,1769615799914,10:56:39.914,42.3392474,-71.0904381,20.697
2954,774373376,1769615800211,10:56:40.211,42.3392474,-71.0904381,20.697
2955,774635520,1769615800492,10:56:40.492,42.3392474,-71.0904381,20.697
2956,774897664,1769615800783,10:56:40.783,42.3392474,-71.0904381,20.697
2957,775159808,1769615801055,10:56:41.055,42.3392474,-71.0904381,20.697
2958,775421952,1769615801364,10:56:41.364,42.3392474,-71.0904381,20.697
2959,775684096,1769615801639,10:56:41.639,42.3392474,-71.0904381,20.697
2960,775946240,1769615801893,10:56:41.893,42.3392474,-71.0904381,20.697
2961,776208384,1769615802148,10:56:42.148,42.3392474,-71.0904381,20.697
2962,776470528,1769615802421,10:56:42.421,42.3392474,-71.0904381,20.697
2963,776732672,1769615802679,10:56:42.679,42.3392474,-71.0904381,20.697
2964,776994816,1769615802945,10:56:42.945,42.3392474,-71.0904381,20.697
2965,777256960,1769615803198,10:56:43.198,42.3392474,-71.0904381,20.697
2966,777519104,1769615803447,10:56:43.447,42.3392474,-71.0904381,20.697
2967,777781248,1769615803698,10:56:43.698,42.3392474,-71.0904381,20.697
2968,778043392,1769615803949,10:56:43.949,42.3392474,-71.0904381,20.697
2969,778305536,1769615804212,10:56:44.212,42.3392474,-71.0904381,20.697
2970,778567680,1769615804496,10:56:44.496,42.3392474,-71.0904381,20.697
2971,778829824,1769615804763,10:56:44.763,42.3392474,-71.0904381,20.697
2972,779091968,1769615805009,10:56:45.009,42.3392474,-71.0904381,20.697
2973,779354112,1769615805534,10:56:45.534,42.3392474,-71.0904381,20.697
2974,779616256,1769615806081,10:56:46.081,42.3392474,-71.0904381,20.697
2975,779878400,1769615806616,10:56:46.616,42.3392474,-71.0904381,20.697
2976,780140544,1769615807212,10:56:47.212,42.3392474,-71.0904381,20.697
2977,780402688,1769615807621,10:56:47.621,42.3392474,-71.0904381,20.697
2978,780664832,1769615808184,10:56:48.184,42.3392474,-71.0904381,20.697
2979,780926976,1769615808711,10:56:48.711,42.3392474,-71.0904381,20.697
2980,781189120,1769615809216,10:56:49.216,42.3392474,-71.0904381,20.697
2981,781451264,1769615809730,10:56:49.730,42.3392474,-71.0904381,20.697
2982,781713408,1769615810123,10:56:50.123,42.3392474,-71.0904381,20.697
2983,781975552,1769615810435,10:56:50.435,42.3392474,-71.0904381,20.697
2984,782237696,1769615810902,10:56:50.902,42.3392474,-71.0904381,20.697
2985,782499840,1769615811360,10:56:51.360,42.3392474,-71.0904381,20.697
2986,782761984,1769615811807,10:56:51.807,42.3392474,-71.0904381,20.697
2987,783024128,1769615812228,10:56:52.228,42.3392474,-71.0904381,20.697
2988,783286272,1769615812578,10:56:52.578,42.3392474,-71.0904381,20.697
2989,783548416,1769615812942,10:56:52.942,42.3392474,-71.0904381,20.697
2990,783810560,1769615813329,10:56:53.329,42.3392474,-71.0904381,20.697
2991,784072704,1769615813772,10:56:53.772,42.3392474,-71.0904381,20.697
2992,784334848,1769615814324,10:56:54.324,42.3392474,-71.0904381,20.697
2993,784596992,1769615814783,10:56:54.783,42.3392474,-71.0904381,20.697
2994,784859136,1769615815322,10:56:55.322,42.3392474,-71.0904381,20.697
2995,785121280,1769615815799,10:56:55.799,42.3392474,-71.0904381,20.697
2996,785383424,1769615816283,10:56:56.283,42.3392474,-71.0904381,20.697
2997,785645568,1769615816811,10:56:56.811,42.3392474,-71.0904381,20.697
2998,785907712,1769615817305,10:56:57.305,42.3392474,-71.0904381,20.697
2999,786169856,1769615817718,10:56:57.718,42.3392474,-71.0904381,20.697
3000,786432000,1769615818088,10:56:58.088,42.3392474,-71.0904381,20.697
3001,786694144,1769615818442,10:56:58.442,42.3392474,-71.0904381,20.697
3002,786956288,1769615818808,10:56:58.808,42.3392474,-71.0904381,20.697
3003,787218432,1769615819160,10:56:59.160,42.3392474,-71.0904381,20.697
3004,787480576,1769615819589,10:56:59.589,42.3392474,-71.0904381,20.697
3005,787742720,1769615820015,10:57:00.015,42.3392474,-71.0904381,20.697
3006,788004864,1769615820469,10:57:00.469,42.3392474,-71.0904381,20.697
3007,788267008,1769615821006,10:57:01.006,42.3392474,-71.0904381,20.697
3008,788529152,1769615821472,10:57:01.472,42.3392474,-71.0904381,20.697
3009,788791296,1769615821730,10:57:01.730,42.3392474,-71.0904381,20.697
3010,789053440,1769615822178,10:57:02.178,42.3392474,-71.0904381,20.697
3011,789315584,1769615822659,10:57:02.659,42.3392474,-71.0904381,20.697
3012,789577728,1769615823338,10:57:03.338,42.3392474,-71.0904381,20.697
3013,789839872,1769615823925,10:57:03.925,42.3392474,-71.0904381,20.697
3014,790102016,1769615824429,10:57:04.429,42.3392474,-71.0904381,20.697
3015,790364160,1769615824897,10:57:04.897,42.3392474,-71.0904381,20.697
3016,790626304,1769615825451,10:57:05.451,42.3392474,-71.0904381,20.697
3017,790888448,1769615826143,10:57:06.143,42.3392474,-71.0904381,20.697
3018,791150592,1769615826775,10:57:06.775,42.3392474,-71.0904381,20.697
3019,791412736,1769615829591,10:57:09.591,42.3392474,-71.0904381,20.697
3020,791674880,1769615829846,10:57:09.846,42.3392474,-71.0904381,20.697
3021,791937024,1769615830117,10:57:10.117,42.3392474,-71.0904381,20.697
3022,792199168,1769615830389,10:57:10.389,42.3392474,-71.0904381,20.697
3023,792461312,1769615830643,10:57:10.643,42.3392474,-71.0904381,20.697
3024,792723456,1769615830903,10:57:10.903,42.3392474,-71.0904381,20.697
3025,792985600,1769615831163,10:57:11.163,42.3392474,-71.0904381,20.697
3026,793247744,1769615831433,10:57:11.433,42.3392474,-71.0904381,20.697
3027,793509888,1769615831701,10:57:11.701,42.3392474,-71.0904381,20.697
3028,793772032,1769615831969,10:57:11.969,42.3392474,-71.0904381,20.697
3029,794034176,1769615832235,10:57:12.235,42.3392474,-71.0904381,20.697
3030,794296320,1769615832488,10:57:12.488,42.3392474,-71.0904381,20.697
3031,794558464,1769615832737,10:57:12.737,42.3392474,-71.0904381,20.697
3032,794820608,1769615832999,10:57:12.999,42.3392474,-71.0904381,20.697
3033,795082752,1769615833241,10:57:13.241,42.3392474,-71.0904381,20.697
3034,795344896,1769615833500,10:57:13.500,42.3392474,-71.0904381,20.697
3035,795607040,1769615833746,10:57:13.746,42.3392474,-71.0904381,20.697
3036,795869184,1769615833998,10:57:13.998,42.3392474,-71.0904381,20.697
3037,796131328,1769615834262,10:57:14.262,42.3392474,-71.0904381,20.697
3038,796393472,1769615834529,10:57:14.529,42.3392474,-71.0904381,20.697
3039,796655616,1769615834787,10:57:14.787,42.3392474,-71.0904381,20.697
3040,796917760,1769615835139,10:57:15.139,42.3392474,-71.0904381,20.697
3041,797179904,1769615835582,10:57:15.582,42.3392474,-71.0904381,20.697
3042,797442048,1769615835864,10:57:15.864,42.3392474,-71.0904381,20.697
3043,797704192,1769615836291,10:57:16.291,42.3392474,-71.0904381,20.697
3044,797966336,1769615836731,10:57:16.731,42.3392474,-71.0904381,20.697
3045,798228480,1769615837004,10:57:17.004,42.3392474,-71.0904381,20.697
3046,798490624,1769615837354,10:57:17.354,42.3392474,-71.0904381,20.697
3047,798752768,1769615837742,10:57:17.742,42.3392474,-71.0904381,20.697
3048,799014912,1769615838117,10:57:18.117,42.3392474,-71.0904381,20.697
3049,799277056,1769615838553,10:57:18.553,42.3392474,-71.0904381,20.697
3050,799539200,1769615838835,10:57:18.835,42.3392474,-71.0904381,20.697
3051,799801344,1769615839234,10:57:19.234,42.3392474,-71.0904381,20.697
3052,800063488,1769615839675,10:57:19.675,42.3392474,-71.0904381,20.697
3053,800325632,1769615839933,10:57:19.933,42.3392474,-71.0904381,20.697
3054,800587776,1769615840311,10:57:20.311,42.3392474,-71.0904381,20.697
3055,800849920,1769615840701,10:57:20.701,42.3392474,-71.0904381,20.697
3056,801112064,1769615841011,10:57:21.011,42.3392474,-71.0904381,20.697
3057,801374208,1769615841361,10:57:21.361,42.3392474,-71.0904381,20.697
3058,801636352,1769615841720,10:57:21.720,42.3392474,-71.0904381,20.697
3059,801898496,1769615842100,10:57:22.100,42.3392474,-71.0904381,20.697
3060,802160640,1769615842499,10:57:22.499,42.3392474,-71.0904381,20.697
3061,802422784,1769615842869,10:57:22.869,42.3392474,-71.0904381,20.697
3062,802684928,1769615843271,10:57:23.271,42.3392474,-71.0904381,20.697
3063,802947072,1769615843689,10:57:23.689,42.3392474,-71.0904381,20.697
3064,803209216,1769615844115,10:57:24.115,42.3392474,-71.0904381,20.697
3065,803471360,1769615844516,10:57:24.516,42.3392474,-71.0904381,20.697
3066,803733504,1769615845024,10:57:25.024,42.3392474,-71.0904381,20.697
3067,803995648,1769615845460,10:57:25.460,42.3392474,-71.0904381,20.697
3068,804257792,1769615845811,10:57:25.811,42.3392474,-71.0904381,20.697
3069,804519936,1769615846162,10:57:26.162,42.3392474,-71.0904381,20.697
3070,804782080,1769615846584,10:57:26.584,42.3392474,-71.0904381,20.697
3071,805044224,1769615846861,10:57:26.861,42.3392474,-71.0904381,20.697
3072,805306368,1769615847397,10:57:27.397,42.3392474,-71.0904381,20.697
3073,805568512,1769615847824,10:57:27.824,42.3392474,-71.0904381,20.697
3074,805830656,1769615848286,10:57:28.286,42.3392474,-71.0904381,20.697
3075,806092800,1769615848739,10:57:28.739,42.3392474,-71.0904381,20.697
3076,806354944,1769615849233,10:57:29.233,42.3392474,-71.0904381,20.697
3077,806617088,1769615849732,10:57:29.732,42.3392474,-71.0904381,20.697
3078,806879232,1769615850268,10:57:30.268,42.3392474,-71.0904381,20.697
3079,807141376,1769615850766,10:57:30.766,42.3392474,-71.0904381,20.697
3080,807403520,1769615851207,10:57:31.207,42.3392474,-71.0904381,20.697
3081,807665664,1769615851702,10:57:31.702,42.3392474,-71.0904381,20.697
3082,807927808,1769615852129,10:57:32.129,42.3392474,-71.0904381,20.697
3083,808189952,1769615852579,10:57:32.579,42.3392474,-71.0904381,20.697
3084,808452096,1769615852904,10:57:32.904,42.3392474,-71.0904381,20.697
3085,808714240,1769615853303,10:57:33.303,42.3392474,-71.0904381,20.697
3086,808976384,1769615853684,10:57:33.684,42.3392474,-71.0904381,20.697
3087,809238528,1769615854118,10:57:34.118,42.3392474,-71.0904381,20.697
3088,809500672,1769615854516,10:57:34.516,42.3392474,-71.0904381,20.697
3089,809762816,1769615854901,10:57:34.901,42.3392474,-71.0904381,20.697
3090,810024960,1769615855285,10:57:35.285,42.3392474,-71.0904381,20.697
3091,810287104,1769615855606,10:57:35.606,42.3392474,-71.0904381,20.697
3092,810549248,1769615855994,10:57:35.994,42.3392474,-71.0904381,20.697
3093,810811392,1769615856365,10:57:36.365,42.3392474,-71.0904381,20.697
3094,811073536,1769615856817,10:57:36.817,42.3392474,-71.0904381,20.697
3095,811335680,1769615857164,10:57:37.164,42.3392474,-71.0904381,20.697
3096,811597824,1769615860186,10:57:40.186,42.3392474,-71.0904381,20.697
3097,811859968,1769615860447,10:57:40.447,42.3392474,-71.0904381,20.697
3098,812122112,1769615860710,10:57:40.710,42.3392474,-71.0904381,20.697
3099,812384256,1769615860966,10:57:40.966,42.3392474,-71.0904381,20.697
3100,812646400,1769615861232,10:57:41.232,42.3392474,-71.0904381,20.697
3101,812908544,1769615861509,10:57:41.509,42.3392474,-71.0904381,20.697
3102,813170688,1769615861778,10:57:41.778,42.3392474,-71.0904381,20.697
3103,813432832,1769615862048,10:57:42.048,42.3392474,-71.0904381,20.697
3104,813694976,1769615862324,10:57:42.324,42.3392474,-71.0904381,20.697
3105,813957120,1769615862594,10:57:42.594,42.3392474,-71.0904381,20.697
3106,814219264,1769615862865,10:57:42.865,42.3392474,-71.0904381,20.697
3107,814481408,1769615863128,10:57:43.128,42.3392474,-71.0904381,20.697
3108,814743552,1769615863378,10:57:43.378,42.3392474,-71.0904381,20.697
3109,815005696,1769615863632,10:57:43.632,42.3392474,-71.0904381,20.697
3110,815267840,1769615863902,10:57:43.902,42.3392474,-71.0904381,20.697
3111,815529984,1769615864140,10:57:44.140,42.3392474,-71.0904381,20.697
3112,815792128,1769615864390,10:57:44.390,42.3392474,-71.0904381,20.697
3113,816054272,1769615864668,10:57:44.668,42.3392474,-71.0904381,20.697
3114,816316416,1769615864939,10:57:44.939,42.3392474,-71.0904381,20.697
3115,816578560,1769615865391,10:57:45.391,42.3392474,-71.0904381,20.697
3116,816840704,1769615865970,10:57:45.970,42.3392474,-71.0904381,20.697
3117,817102848,1769615866385,10:57:46.385,42.3392474,-71.0904381,20.697
3118,817364992,1769615866740,10:57:46.740,42.3392474,-71.0904381,20.697
3119,817627136,1769615867294,10:57:47.294,42.3392474,-71.0904381,20.697
3120,817889280,1769615867822,10:57:47.822,42.3392474,-71.0904381,20.697
3121,818151424,1769615868322,10:57:48.322,42.3392474,-71.0904381,20.697
3122,818413568,1769615868796,10:57:48.796,42.3392474,-71.0904381,20.697
3123,818675712,1769615869344,10:57:49.344,42.3392474,-71.0904381,20.697
3124,818937856,1769615869841,10:57:49.841,42.3392474,-71.0904381,20.697
3125,819200000,1769615870341,10:57:50.341,42.3392474,-71.0904381,20.697
3126,819462144,1769615870857,10:57:50.857,42.3392474,-71.0904381,20.697
3127,819724288,1769615871409,10:57:51.409,42.3392474,-71.0904381,20.697
3128,819986432,1769615871936,10:57:51.936,42.3392474,-71.0904381,20.697
3129,820248576,1769615872459,10:57:52.459,42.3392474,-71.0904381,20.697
3130,820510720,1769615872935,10:57:52.935,42.3392474,-71.0904381,20.697
3131,820772864,1769615873369,10:57:53.369,42.3392474,-71.0904381,20.697
3132,821035008,1769615873977,10:57:53.977,42.3392474,-71.0904381,20.697
3133,821297152,1769615874441,10:57:54.441,42.3392474,-71.0904381,20.697
3134,821559296,1769615875001,10:57:55.001,42.3392474,-71.0904381,20.697
3135,821821440,1769615875443,10:57:55.443,42.3392474,-71.0904381,20.697
3136,822083584,1769615875886,10:57:55.886,42.3392474,-71.0904381,20.697
3137,822345728,1769615876392,10:57:56.392,42.3392474,-71.0904381,20.697
3138,822607872,1769615876960,10:57:56.960,42.3392474,-71.0904381,20.697
3139,822870016,1769615877563,10:57:57.563,42.3392474,-71.0904381,20.697
3140,823132160,1769615878128,10:57:58.128,42.3392474,-71.0904381,20.697
3141,823394304,1769615878542,10:57:58.542,42.3392474,-71.0904381,20.697
3142,823656448,1769615878966,10:57:58.966,42.3392474,-71.0904381,20.697
3143,823918592,1769615879470,10:57:59.470,42.3392474,-71.0904381,20.697
3144,824180736,1769615879916,10:57:59.916,42.3392474,-71.0904381,20.697
3145,824442880,1769615880348,10:58:00.348,42.3392474,-71.0904381,20.697
3146,824705024,1769615880718,10:58:00.718,42.3392474,-71.0904381,20.697
3147,824967168,1769615881185,10:58:01.185,42.3392474,-71.0904381,20.697
3148,825229312,1769615881602,10:58:01.602,42.3392474,-71.0904381,20.697
3149,825491456,1769615882008,10:58:02.008,42.3392474,-71.0904381,20.697
3150,825753600,1769615882314,10:58:02.314,42.3392474,-71.0904381,20.697
3151,826015744,1769615882669,10:58:02.669,42.3392474,-71.0904381,20.697
3152,826277888,1769615883015,10:58:03.015,42.3392474,-71.0904381,20.697
3153,826540032,1769615883379,10:58:03.379,42.3392474,-71.0904381,20.697
3154,826802176,1769615883731,10:58:03.731,42.3392474,-71.0904381,20.697
3155,827064320,1769615884084,10:58:04.084,42.3392474,-71.0904381,20.697
3156,827326464,1769615884488,10:58:04.488,42.3392474,-71.0904381,20.697
3157,827588608,1769615884855,10:58:04.855,42.3392474,-71.0904381,20.697
3158,827850752,1769615885279,10:58:05.279,42.3392474,-71.0904381,20.697
3159,828112896,1769615885556,10:58:05.556,42.3392474,-71.0904381,20.697
3160,828375040,1769615885906,10:58:05.906,42.3392474,-71.0904381,20.697
3161,828637184,1769615886292,10:58:06.292,42.3392474,-71.0904381,20.697
3162,828899328,1769615886606,10:58:06.606,42.3392474,-71.0904381,20.697
3163,829161472,1769615886955,10:58:06.955,42.3392474,-71.0904381,20.697
3164,829423616,1769615887341,10:58:07.341,42.3392474,-71.0904381,20.697
3165,829685760,1769615890122,10:58:10.122,42.3392474,-71.0904381,20.697
3166,829947904,1769615890389,10:58:10.389,42.3392474,-71.0904381,20.697
3167,830210048,1769615890641,10:58:10.641,42.3392474,-71.0904381,20.697
3168,830472192,1769615890902,10:58:10.902,42.3392474,-71.0904381,20.697
3169,830734336,1769615891158,10:58:11.158,42.3392474,-71.0904381,20.697
3170,830996480,1769615891410,10:58:11.410,42.3392474,-71.0904381,20.697
3171,831258624,1769615891670,10:58:11.670,42.3392474,-71.0904381,20.697
3172,831520768,1769615891953,10:58:11.953,42.3392474,-71.0904381,20.697
3173,831782912,1769615892240,10:58:12.240,42.3392474,-71.0904381,20.697
3174,832045056,1769615892506,10:58:12.506,42.3392474,-71.0904381,20.697
3175,832307200,1769615892798,10:58:12.798,42.3392474,-71.0904381,20.697
3176,832569344,1769615893074,10:58:13.074,42.3392474,-71.0904381,20.697
3177,832831488,1769615893346,10:58:13.346,42.3392474,-71.0904381,20.697
3178,833093632,1769615893615,10:58:13.615,42.3392474,-71.0904381,20.697
3179,833355776,1769615893874,10:58:13.874,42.3392474,-71.0904381,20.697
3180,833617920,1769615894129,10:58:14.129,42.3392474,-71.0904381,20.697
3181,833880064,1769615894368,10:58:14.368,42.3392474,-71.0904381,20.697
3182,834142208,1769615894624,10:58:14.624,42.3392474,-71.0904381,20.697
3183,834404352,1769615894873,10:58:14.873,42.3392474,-71.0904381,20.697
3184,834666496,1769615895121,10:58:15.121,42.3392474,-71.0904381,20.697
3185,834928640,1769615895440,10:58:15.440,42.3392474,-71.0904381,20.697
3186,835190784,1769615895824,10:58:15.824,42.3392474,-71.0904381,20.697
3187,835452928,1769615896410,10:58:16.410,42.3392474,-71.0904381,20.697
3188,835715072,1769615896923,10:58:16.923,42.3392474,-71.0904381,20.697
3189,835977216,1769615897522,10:58:17.522,42.3392474,-71.0904381,20.697
3190,836239360,1769615897975,10:58:17.975,42.3392474,-71.0904381,20.697
3191,836501504,1769615898422,10:58:18.422,42.3392474,-71.0904381,20.697
3192,836763648,1769615898894,10:58:18.894,42.3392474,-71.0904381,20.697
3193,837025792,1769615899547,10:58:19.547,42.3392474,-71.0904381,20.697
3194,837287936,1769615900039,10:58:20.039,42.3392474,-71.0904381,20.697
3195,837550080,1769615900428,10:58:20.428,42.3392474,-71.0904381,20.697
3196,837812224,1769615901129,10:58:21.129,42.3392474,-71.0904381,20.697
3197,838074368,1769615901863,10:58:21.863,42.3392474,-71.0904381,20.697
3198,838336512,1769615902356,10:58:22.356,42.3392474,-71.0904381,20.697
3199,838598656,1769615902929,10:58:22.929,42.3392474,-71.0904381,20.697
3200,838860800,1769615903578,10:58:23.578,42.3392474,-71.0904381,20.697
3201,839122944,1769615904126,10:58:24.126,42.3392474,-71.0904381,20.697
3202,839385088,1769615904515,10:58:24.515,42.3392474,-71.0904381,20.697
3203,839647232,1769615905002,10:58:25.002,42.3392474,-71.0904381,20.697
3204,839909376,1769615905519,10:58:25.519,42.3392474,-71.0904381,20.697
3205,840171520,1769615905918,10:58:25.918,42.3392474,-71.0904381,20.697
3206,840433664,1769615906440,10:58:26.440,42.3392474,-71.0904381,20.697
3207,840695808,1769615906892,10:58:26.892,42.3392474,-71.0904381,20.697
3208,840957952,1769615907140,10:58:27.140,42.3392474,-71.0904381,20.697
3209,841220096,1769615907577,10:58:27.577,42.3392474,-71.0904381,20.697
3210,841482240,1769615908088,10:58:28.088,42.3392474,-71.0904381,20.697
3211,841744384,1769615908502,10:58:28.502,42.3392474,-71.0904381,20.697
3212,842006528,1769615908898,10:58:28.898,42.3392474,-71.0904381,20.697
3213,842268672,1769615909241,10:58:29.241,42.3392474,-71.0904381,20.697
3214,842530816,1769615909727,10:58:29.727,42.3392474,-71.0904381,20.697
3215,842792960,1769615910191,10:58:30.191,42.3392474,-71.0904381,20.697
3216,843055104,1769615910602,10:58:30.602,42.3392474,-71.0904381,20.697
3217,843317248,1769615911000,10:58:31.000,42.3392474,-71.0904381,20.697
3218,843579392,1769615911371,10:58:31.371,42.3392474,-71.0904381,20.697
3219,843841536,1769615911703,10:58:31.703,42.3392474,-71.0904381,20.697
3220,844103680,1769615912053,10:58:32.053,42.3392474,-71.0904381,20.697
3221,844365824,1769615912427,10:58:32.427,42.3392474,-71.0904381,20.697
3222,844627968,1769615912755,10:58:32.755,42.3392474,-71.0904381,20.697
3223,844890112,1769615913144,10:58:33.144,42.3392474,-71.0904381,20.697
3224,845152256,1769615913442,10:58:33.442,42.3392474,-71.0904381,20.697
3225,845414400,1769615913761,10:58:33.761,42.3392474,-71.0904381,20.697
3226,845676544,1769615914087,10:58:34.087,42.3392474,-71.0904381,20.697
3227,845938688,1769615914438,10:58:34.438,42.3392474,-71.0904381,20.697
3228,846200832,1769615914789,10:58:34.789,42.3392474,-71.0904381,20.697
3229,846462976,1769615915200,10:58:35.200,42.3392474,-71.0904381,20.697
3230,846725120,1769615915498,10:58:35.498,42.3392474,-71.0904381,20.697
3231,846987264,1769615915849,10:58:35.849,42.3392474,-71.0904381,20.697
3232,847249408,1769615916254,10:58:36.254,42.3392474,-71.0904381,20.697
3233,847511552,1769615916639,10:58:36.639,42.3392474,-71.0904381,20.697
3234,847773696,1769615917028,10:58:37.028,42.3392474,-71.0904381,20.697
3235,848035840,1769615917341,10:58:37.341,42.3392474,-71.0904381,20.697
3236,848297984,1769615920163,10:58:40.163,42.3392474,-71.0904381,20.697
3237,848560128,1769615920414,10:58:40.414,42.3392474,-71.0904381,20.697
3238,848822272,1769615920669,10:58:40.669,42.3392474,-71.0904381,20.697
3239,849084416,1769615920914,10:58:40.914,42.3392474,-71.0904381,20.697
3240,849346560,1769615921176,10:58:41.176,42.3392474,-71.0904381,20.697
3241,849608704,1769615921425,10:58:41.425,42.3392474,-71.0904381,20.697
3242,849870848,1769615921714,10:58:41.714,42.3392474,-71.0904381,20.697
3243,850132992,1769615921970,10:58:41.970,42.3392474,-71.0904381,20.697
3244,850395136,1769615922254,10:58:42.254,42.3392474,-71.0904381,20.697
3245,850657280,1769615922527,10:58:42.527,42.3392474,-71.0904381,20.697
3246,850919424,1769615922776,10:58:42.776,42.3392474,-71.0904381,20.697
3247,851181568,1769615923054,10:58:43.054,42.3392474,-71.0904381,20.697
3248,851443712,1769615923316,10:58:43.316,42.3392474,-71.0904381,20.697
3249,851705856,1769615923613,10:58:43.613,42.3392474,-71.0904381,20.697
3250,851968000,1769615923863,10:58:43.863,42.3392474,-71.0904381,20.697
3251,852230144,1769615924111,10:58:44.111,42.3392474,-71.0904381,20.697
3252,852492288,1769615924364,10:58:44.364,42.3392474,-71.0904381,20.697
3253,852754432,1769615924617,10:58:44.617,42.3392474,-71.0904381,20.697
3254,853016576,1769615924873,10:58:44.873,42.3392474,-71.0904381,20.697
3255,853278720,1769615925136,10:58:45.136,42.3392474,-71.0904381,20.697
3256,853540864,1769615925413,10:58:45.413,42.3392474,-71.0904381,20.697
3257,853803008,1769615925802,10:58:45.802,42.3392474,-71.0904381,20.697
3258,854065152,1769615926346,10:58:46.346,42.3392474,-71.0904381,20.697
3259,854327296,1769615926806,10:58:46.806,42.3392474,-71.0904381,20.697
3260,854589440,1769615927459,10:58:47.459,42.3392474,-71.0904381,20.697
3261,854851584,1769615927949,10:58:47.949,42.3392474,-71.0904381,20.697
3262,855113728,1769615928446,10:58:48.446,42.3392474,-71.0904381,20.697
3263,855375872,1769615928884,10:58:48.884,42.3392474,-71.0904381,20.697
3264,855638016,1769615929426,10:58:49.426,42.3392474,-71.0904381,20.697
3265,855900160,1769615930015,10:58:50.015,42.3392474,-71.0904381,20.697
3266,856162304,1769615930666,10:58:50.666,42.3392474,-71.0904381,20.697
3267,856424448,1769615931511,10:58:51.511,42.3392474,-71.0904381,20.697
3268,856686592,1769615932156,10:58:52.156,42.3392474,-71.0904381,20.697
3269,856948736,1769615932828,10:58:52.828,42.3392474,-71.0904381,20.697
3270,857210880,1769615933461,10:58:53.461,42.3392474,-71.0904381,20.697
3271,857473024,1769615933854,10:58:53.854,42.3392474,-71.0904381,20.697
3272,857735168,1769615934316,10:58:54.316,42.3392474,-71.0904381,20.697
3273,857997312,1769615934771,10:58:54.771,42.3392474,-71.0904381,20.697
3274,858259456,1769615935061,10:58:55.061,42.3392474,-71.0904381,20.697
3275,858521600,1769615935412,10:58:55.412,42.3392474,-71.0904381,20.697
3276,858783744,1769615935766,10:58:55.766,42.3392474,-71.0904381,20.697
3277,859045888,1769615936205,10:58:56.205,42.3392474,-71.0904381,20.697
3278,859308032,1769615936636,10:58:56.636,42.3392474,-71.0904381,20.697
3279,859570176,1769615936939,10:58:56.939,42.3392474,-71.0904381,20.697
3280,859832320,1769615937290,10:58:57.290,42.3392474,-71.0904381,20.697
3281,860094464,1769615937642,10:58:57.642,42.3392474,-71.0904381,20.697
3282,860356608,1769615938109,10:58:58.109,42.3392474,-71.0904381,20.697
3283,860618752,1769615938514,10:58:58.514,42.3392474,-71.0904381,20.697
3284,860880896,1769615938800,10:58:58.800,42.3392474,-71.0904381,20.697
3285,861143040,1769615939149,10:58:59.149,42.3392474,-71.0904381,20.697
3286,861405184,1769615939537,10:58:59.537,42.3392474,-71.0904381,20.697
3287,861667328,1769615939850,10:58:59.850,42.3392474,-71.0904381,20.697
3288,861929472,1769615940200,10:59:00.200,42.3392474,-71.0904381,20.697
3289,862191616,1769615940551,10:59:00.551,42.3392474,-71.0904381,20.697
3290,862453760,1769615940968,10:59:00.968,42.3392474,-71.0904381,20.697
3291,862715904,1769615941388,10:59:01.388,42.3392474,-71.0904381,20.697
3292,862978048,1769615941835,10:59:01.835,42.3392474,-71.0904381,20.697
3293,863240192,1769615942254,10:59:02.254,42.3392474,-71.0904381,20.697
3294,863502336,1769615942669,10:59:02.669,42.3392474,-71.0904381,20.697
3295,863764480,1769615943136,10:59:03.136,42.3392474,-71.0904381,20.697
3296,864026624,1769615943615,10:59:03.615,42.3392474,-71.0904381,20.697
3297,864288768,1769615944001,10:59:04.001,42.3392474,-71.0904381,20.697
3298,864550912,1769615944429,10:59:04.429,42.3392474,-71.0904381,20.697
3299,864813056,1769615944850,10:59:04.850,42.3392474,-71.0904381,20.697
3300,865075200,1769615945125,10:59:05.125,42.3392474,-71.0904381,20.697
3301,865337344,1769615945485,10:59:05.485,42.3392474,-71.0904381,20.697
3302,865599488,1769615946035,10:59:06.035,42.3392474,-71.0904381,20.697
3303,865861632,1769615946536,10:59:06.536,42.3392474,-71.0904381,20.697
3304,866123776,1769615946921,10:59:06.921,42.3392474,-71.0904381,20.697
3305,866385920,1769615947341,10:59:07.341,42.3392474,-71.0904381,20.697
3306,866648064,1769615948057,10:59:08.057,42.3392474,-71.0904381,20.697
3307,866910208,1769615950942,10:59:10.942,42.3392474,-71.0904381,20.697
3308,867172352,1769615951194,10:59:11.194,42.3392474,-71.0904381,20.697
3309,867434496,1769615951450,10:59:11.450,42.3392474,-71.0904381,20.697
3310,867696640,1769615951713,10:59:11.713,42.3392474,-71.0904381,20.697
3311,867958784,1769615951989,10:59:11.989,42.3392474,-71.0904381,20.697
3312,868220928,1769615952249,10:59:12.249,42.3392474,-71.0904381,20.697
3313,868483072,1769615952525,10:59:12.525,42.3392474,-71.0904381,20.697
3314,868745216,1769615952805,10:59:12.805,42.3392474,-71.0904381,20.697
3315,869007360,1769615953093,10:59:13.093,42.3392474,-71.0904381,20.697
3316,869269504,1769615953371,10:59:13.371,42.3392474,-71.0904381,20.697
3317,869531648,1769615953643,10:59:13.643,42.3392474,-71.0904381,20.697
3318,869793792,1769615953891,10:59:13.891,42.3392474,-71.0904381,20.697
3319,870055936,1769615954144,10:59:14.144,42.3392474,-71.0904381,20.697
3320,870318080,1769615954400,10:59:14.400,42.3392474,-71.0904381,20.697
3321,870580224,1769615954654,10:59:14.654,42.3392474,-71.0904381,20.697
3322,870842368,1769615954918,10:59:14.918,42.3392474,-71.0904381,20.697
3323,871104512,1769615955425,10:59:15.425,42.3392474,-71.0904381,20.697
3324,871366656,1769615956099,10:59:16.099,42.3392474,-71.0904381,20.697
3325,871628800,1769615956564,10:59:16.564,42.3392474,-71.0904381,20.697
3326,871890944,1769615957325,10:59:17.325,42.3392474,-71.0904381,20.697
3327,872153088,1769615957893,10:59:17.893,42.3392474,-71.0904381,20.697
3328,872415232,1769615958385,10:59:18.385,42.3392474,-71.0904381,20.697
3329,872677376,1769615958749,10:59:18.749,42.3392474,-71.0904381,20.697
3330,872939520,1769615959085,10:59:19.085,42.3392474,-71.0904381,20.697
3331,873201664,1769615959467,10:59:19.467,42.3392474,-71.0904381,20.697
3332,873463808,1769615959785,10:59:19.785,42.3392474,-71.0904381,20.697
3333,873725952,1769615960230,10:59:20.230,42.3392474,-71.0904381,20.697
3334,873988096,1769615960631,10:59:20.631,42.3392474,-71.0904381,20.697
3335,874250240,1769615960984,10:59:20.984,42.3392474,-71.0904381,20.697
3336,874512384,1769615961347,10:59:21.347,42.3392474,-71.0904381,20.697
3337,874774528,1769615961682,10:59:21.682,42.3392474,-71.0904381,20.697
3338,875036672,1769615962035,10:59:22.035,42.3392474,-71.0904381,20.697
3339,875298816,1769615962421,10:59:22.421,42.3392474,-71.0904381,20.697
3340,875560960,1769615962775,10:59:22.775,42.3392474,-71.0904381,20.697
3341,875823104,1769615963144,10:59:23.144,42.3392474,-71.0904381,20.697
3342,876085248,1769615963494,10:59:23.494,42.3392474,-71.0904381,20.697
3343,876347392,1769615963844,10:59:23.844,42.3392474,-71.0904381,20.697
3344,876609536,1769615964195,10:59:24.195,42.3392474,-71.0904381,20.697
3345,876871680,1769615964571,10:59:24.571,42.3392474,-71.0904381,20.697
3346,877133824,1769615964895,10:59:24.895,42.3392474,-71.0904381,20.697
3347,877395968,1769615965247,10:59:25.247,42.3392474,-71.0904381,20.697
3348,877658112,1769615965595,10:59:25.595,42.3392474,-71.0904381,20.697
3349,877920256,1769615966000,10:59:26.000,42.3392474,-71.0904381,20.697
3350,878182400,1769615966489,10:59:26.489,42.3392474,-71.0904381,20.697
3351,878444544,1769615966928,10:59:26.928,42.3392474,-71.0904381,20.697
3352,878706688,1769615967238,10:59:27.238,42.3392474,-71.0904381,20.697
3353,878968832,1769615967587,10:59:27.587,42.3392474,-71.0904381,20.697
3354,879230976,1769615968159,10:59:28.159,42.3392474,-71.0904381,20.697
3355,879493120,1769615968715,10:59:28.715,42.3392474,-71.0904381,20.697
3356,879755264,1769615969220,10:59:29.220,42.3392474,-71.0904381,20.697
3357,880017408,1769615969571,10:59:29.571,42.3392474,-71.0904381,20.697
3358,880279552,1769615970030,10:59:30.030,42.3392474,-71.0904381,20.697
3359,880541696,1769615970491,10:59:30.491,42.3392474,-71.0904381,20.697
3360,880803840,1769615970883,10:59:30.883,42.3392474,-71.0904381,20.697
3361,881065984,1769615971387,10:59:31.387,42.3392474,-71.0904381,20.697
3362,881328128,1769615971741,10:59:31.741,42.3392474,-71.0904381,20.697
3363,881590272,1769615972135,10:59:32.135,42.3392474,-71.0904381,20.697
3364,881852416,1769615972616,10:59:32.616,42.3392474,-71.0904381,20.697
3365,882114560,1769615973025,10:59:33.025,42.3392474,-71.0904381,20.697
3366,882376704,1769615973431,10:59:33.431,42.3392474,-71.0904381,20.697
3367,882638848,1769615973782,10:59:33.782,42.3392474,-71.0904381,20.697
3368,882900992,1769615974144,10:59:34.144,42.3392474,-71.0904381,20.697
3369,883163136,1769615974483,10:59:34.483,42.3392474,-71.0904381,20.697
3370,883425280,1769615974834,10:59:34.834,42.3392474,-71.0904381,20.697
3371,883687424,1769615975329,10:59:35.329,42.3392474,-71.0904381,20.697
3372,883949568,1769615975875,10:59:35.875,42.3392474,-71.0904381,20.697
3373,884211712,1769615976293,10:59:36.293,42.3392474,-71.0904381,20.697
3374,884473856,1769615976822,10:59:36.822,42.3392474,-71.0904381,20.697
3375,884736000,1769615977301,10:59:37.301,42.3392474,-71.0904381,20.697
3376,884998144,1769615977678,10:59:37.678,42.3392474,-71.0904381,20.697
3377,885260288,1769615978116,10:59:38.116,42.3392474,-71.0904381,20.697
3378,885522432,1769615981067,10:59:41.067,42.3392474,-71.0904381,20.697
3379,885784576,1769615981329,10:59:41.329,42.3392474,-71.0904381,20.697
3380,886046720,1769615981577,10:59:41.577,42.3392474,-71.0904381,20.697
3381,886308864,1769615981823,10:59:41.823,42.3392474,-71.0904381,20.697
3382,886571008,1769615982082,10:59:42.082,42.3392474,-71.0904381,20.697
3383,886833152,1769615982358,10:59:42.358,42.3392474,-71.0904381,20.697
3384,887095296,1769615982642,10:59:42.642,42.3392474,-71.0904381,20.697
3385,887357440,1769615982930,10:59:42.930,42.3392474,-71.0904381,20.697
3386,887619584,1769615983200,10:59:43.200,42.3392474,-71.0904381,20.697
3387,887881728,1769615983490,10:59:43.490,42.3392474,-71.0904381,20.697
3388,888143872,1769615983766,10:59:43.766,42.3392474,-71.0904381,20.697
3389,888406016,1769615984029,10:59:44.029,42.3392474,-71.0904381,20.697
3390,888668160,1769615984282,10:59:44.282,42.3392474,-71.0904381,20.697
3391,888930304,1769615984540,10:59:44.540,42.3392474,-71.0904381,20.697
3392,889192448,1769615984770,10:59:44.770,42.3392474,-71.0904381,20.697
3393,889454592,1769615985026,10:59:45.026,42.3392474,-71.0904381,20.697
3394,889716736,1769615985276,10:59:45.276,42.3392474,-71.0904381,20.697
3395,889978880,1769615985534,10:59:45.534,42.3392474,-71.0904381,20.697
3396,890241024,1769615985787,10:59:45.787,42.3392474,-71.0904381,20.697
3397,890503168,1769615986042,10:59:46.042,42.3392474,-71.0904381,20.697
3398,890765312,1769615986297,10:59:46.297,42.3392474,-71.0904381,20.697
3399,891027456,1769615986549,10:59:46.549,42.3392474,-71.0904381,20.697
3400,891289600,1769615986802,10:59:46.802,42.3392474,-71.0904381,20.697
3401,891551744,1769615987180,10:59:47.180,42.3392474,-71.0904381,20.697
3402,891813888,1769615987629,10:59:47.629,42.3392474,-71.0904381,20.697
3403,892076032,1769615987977,10:59:47.977,42.3392474,-71.0904381,20.697
3404,892338176,1769615988512,10:59:48.512,42.3392474,-71.0904381,20.697
3405,892600320,1769615988916,10:59:48.916,42.3392474,-71.0904381,20.697
3406,892862464,1769615989414,10:59:49.414,42.3392474,-71.0904381,20.697
3407,893124608,1769615990036,10:59:50.036,42.3392474,-71.0904381,20.697
3408,893386752,1769615990741,10:59:50.741,42.3392474,-71.0904381,20.697
3409,893648896,1769615991565,10:59:51.565,42.3392474,-71.0904381,20.697
3410,893911040,1769615992341,10:59:52.341,42.3392474,-71.0904381,20.697
3411,894173184,1769615992839,10:59:52.839,42.3392474,-71.0904381,20.697
3412,894435328,1769615993391,10:59:53.391,42.3392474,-71.0904381,20.697
3413,894697472,1769615993851,10:59:53.851,42.3392474,-71.0904381,20.697
3414,894959616,1769615994472,10:59:54.472,42.3392474,-71.0904381,20.697
3415,895221760,1769615994925,10:59:54.925,42.3392474,-71.0904381,20.697
3416,895483904,1769615995490,10:59:55.490,42.3392474,-71.0904381,20.697
3417,895746048,1769615996107,10:59:56.107,42.3392474,-71.0904381,20.697
3418,896008192,1769615996653,10:59:56.653,42.3392474,-71.0904381,20.697
3419,896270336,1769615997035,10:59:57.035,42.3392474,-71.0904381,20.697
3420,896532480,1769615997476,10:59:57.476,42.3392474,-71.0904381,20.697
3421,896794624,1769615998106,10:59:58.106,42.3392474,-71.0904381,20.697
3422,897056768,1769615998540,10:59:58.540,42.3392474,-71.0904381,20.697
3423,897318912,1769615998815,10:59:58.815,42.3392474,-71.0904381,20.697
3424,897581056,1769615999231,10:59:59.231,42.3392474,-71.0904381,20.697
3425,897843200,1769615999659,10:59:59.659,42.3392474,-71.0904381,20.697
3426,898105344,1769615999984,10:59:59.984,42.3392474,-71.0904381,20.697
3427,898367488,1769616000355,11:00:00.355,42.3392474,-71.0904381,20.697
3428,898629632,1769616000709,11:00:00.709,42.3392474,-71.0904381,20.697
3429,898891776,1769616001069,11:00:01.069,42.3392474,-71.0904381,20.697
3430,899153920,1769616001408,11:00:01.408,42.3392474,-71.0904381,20.697
3431,899416064,1769616001789,11:00:01.789,42.3392474,-71.0904381,20.697
3432,899678208,1769616002117,11:00:02.117,42.3392474,-71.0904381,20.697
3433,899940352,1769616002528,11:00:02.528,42.3392474,-71.0904381,20.697
3434,900202496,1769616002982,11:00:02.982,42.3392474,-71.0904381,20.697
3435,900464640,1769616003354,11:00:03.354,42.3392474,-71.0904381,20.697
3436,900726784,1769616003724,11:00:03.724,42.3392474,-71.0904381,20.697
3437,900988928,1769616004082,11:00:04.082,42.3392474,-71.0904381,20.697
3438,901251072,1769616004490,11:00:04.490,42.3392474,-71.0904381,20.697
3439,901513216,1769616004823,11:00:04.823,42.3392474,-71.0904381,20.697
3440,901775360,1769616005224,11:00:05.224,42.3392474,-71.0904381,20.697
3441,902037504,1769616005676,11:00:05.676,42.3392474,-71.0904381,20.697
3442,902299648,1769616006102,11:00:06.102,42.3392474,-71.0904381,20.697
3443,902561792,1769616006451,11:00:06.451,42.3392474,-71.0904381,20.697
3444,902823936,1769616006800,11:00:06.800,42.3392474,-71.0904381,20.697
3445,903086080,1769616007150,11:00:07.150,42.3392474,-71.0904381,20.697
3446,903348224,1769616007500,11:00:07.500,42.3392474,-71.0904381,20.697
3447,903610368,1769616007892,11:00:07.892,42.3392474,-71.0904381,20.697
3448,903872512,1769616008266,11:00:08.266,42.3392474,-71.0904381,20.697
3449,904134656,1769616008598,11:00:08.598,42.3392474,-71.0904381,20.697
3450,904396800,1769616011654,11:00:11.654,42.3392474,-71.0904381,20.697
3451,904658944,1769616011923,11:00:11.923,42.3392474,-71.0904381,20.697
3452,904921088,1769616012168,11:00:12.168,42.3392474,-71.0904381,20.697
3453,905183232,1769616012423,11:00:12.423,42.3392474,-71.0904381,20.697
3454,905445376,1769616012690,11:00:12.690,42.3392474,-71.0904381,20.697
3455,905707520,1769616012968,11:00:12.968,42.3392474,-71.0904381,20.697
3456,905969664,1769616013229,11:00:13.229,42.3392474,-71.0904381,20.697
3457,906231808,1769616013495,11:00:13.495,42.3392474,-71.0904381,20.697
3458,906493952,1769616013763,11:00:13.763,42.3392474,-71.0904381,20.697
3459,906756096,1769616014031,11:00:14.031,42.3392474,-71.0904381,20.697
3460,907018240,1769616014319,11:00:14.319,42.3392474,-71.0904381,20.697
3461,907280384,1769616014563,11:00:14.563,42.3392474,-71.0904381,20.697
3462,907542528,1769616014817,11:00:14.817,42.3392474,-71.0904381,20.697
3463,907804672,1769616015070,11:00:15.070,42.3392474,-71.0904381,20.697
3464,908066816,1769616015319,11:00:15.319,42.3392474,-71.0904381,20.697
3465,908328960,1769616015640,11:00:15.640,42.3392474,-71.0904381,20.697
3466,908591104,1769616016164,11:00:16.164,42.3392474,-71.0904381,20.697
3467,908853248,1769616016612,11:00:16.612,42.3392474,-71.0904381,20.697
3468,909115392,1769616017018,11:00:17.018,42.3392474,-71.0904381,20.697
3469,909377536,1769616017362,11:00:17.362,42.3392474,-71.0904381,20.697
3470,909639680,1769616017939,11:00:17.939,42.3392474,-71.0904381,20.697
3471,909901824,1769616018667,11:00:18.667,42.3392474,-71.0904381,20.697
3472,910163968,1769616019311,11:00:19.311,42.3392474,-71.0904381,20.697
3473,910426112,1769616019895,11:00:19.895,42.3392474,-71.0904381,20.697
3474,910688256,1769616020446,11:00:20.446,42.3392474,-71.0904381,20.697
3475,910950400,1769616020966,11:00:20.966,42.3392474,-71.0904381,20.697
3476,911212544,1769616021417,11:00:21.417,42.3392474,-71.0904381,20.697
3477,911474688,1769616021772,11:00:21.772,42.3392474,-71.0904381,20.697
3478,911736832,1769616022257,11:00:22.257,42.3392474,-71.0904381,20.697
3479,911998976,1769616022729,11:00:22.729,42.3392474,-71.0904381,20.697
3480,912261120,1769616023275,11:00:23.275,42.3392474,-71.0904381,20.697
3481,912523264,1769616023724,11:00:23.724,42.3392474,-71.0904381,20.697
3482,912785408,1769616024025,11:00:24.025,42.3392474,-71.0904381,20.697
3483,913047552,1769616024376,11:00:24.376,42.3392474,-71.0904381,20.697
3484,913309696,1769616024784,11:00:24.784,42.3392474,-71.0904381,20.697
3485,913571840,1769616025082,11:00:25.082,42.3392474,-71.0904381,20.697
3486,913833984,1769616025431,11:00:25.431,42.3392474,-71.0904381,20.697
3487,914096128,1769616025824,11:00:25.824,42.3392474,-71.0904381,20.697
3488,914358272,1769616026156,11:00:26.156,42.3392474,-71.0904381,20.697
3489,914620416,1769616026531,11:00:26.531,42.3392474,-71.0904381,20.697
3490,914882560,1769616026855,11:00:26.855,42.3392474,-71.0904381,20.697
3491,915144704,1769616027274,11:00:27.274,42.3392474,-71.0904381,20.697
3492,915406848,1769616027600,11:00:27.600,42.3392474,-71.0904381,20.697
3493,915668992,1769616027981,11:00:27.981,42.3392474,-71.0904381,20.697
3494,915931136,1769616028384,11:00:28.384,42.3392474,-71.0904381,20.697
3495,916193280,1769616028736,11:00:28.736,42.3392474,-71.0904381,20.697
3496,916455424,1769616029153,11:00:29.153,42.3392474,-71.0904381,20.697
3497,916717568,1769616029549,11:00:29.549,42.3392474,-71.0904381,20.697
3498,916979712,1769616029935,11:00:29.935,42.3392474,-71.0904381,20.697
3499,917241856,1769616030249,11:00:30.249,42.3392474,-71.0904381,20.697
3500,917504000,1769616030702,11:00:30.702,42.3392474,-71.0904381,20.697
3501,917766144,1769616031129,11:00:31.129,42.3392474,-71.0904381,20.697
3502,918028288,1769616031596,11:00:31.596,42.3392474,-71.0904381,20.697
3503,918290432,1769616032025,11:00:32.025,42.3392474,-71.0904381,20.697
3504,918552576,1769616032492,11:00:32.492,42.3392474,-71.0904381,20.697
3505,918814720,1769616032880,11:00:32.880,42.3392474,-71.0904381,20.697
3506,919076864,1769616033224,11:00:33.224,42.3392474,-71.0904381,20.697
3507,919339008,1769616033619,11:00:33.619,42.3392474,-71.0904381,20.697
3508,919601152,1769616033900,11:00:33.900,42.3392474,-71.0904381,20.697
3509,919863296,1769616034340,11:00:34.340,42.3392474,-71.0904381,20.697
3510,920125440,1769616034788,11:00:34.788,42.3392474,-71.0904381,20.697
3511,920387584,1769616035079,11:00:35.079,42.3392474,-71.0904381,20.697
3512,920649728,1769616035429,11:00:35.429,42.3392474,-71.0904381,20.697
3513,920911872,1769616035826,11:00:35.826,42.3392474,-71.0904381,20.697
3514,921174016,1769616036309,11:00:36.309,42.3392474,-71.0904381,20.697
3515,921436160,1769616036791,11:00:36.791,42.3392474,-71.0904381,20.697
3516,921698304,1769616037257,11:00:37.257,42.3392474,-71.0904381,20.697
3517,921960448,1769616037728,11:00:37.728,42.3392474,-71.0904381,20.697
3518,922222592,1769616038112,11:00:38.112,42.3392474,-71.0904381,20.697
3519,922484736,1769616038537,11:00:38.537,42.3392474,-71.0904381,20.697
3520,922746880,1769616038880,11:00:38.880,42.3392474,-71.0904381,20.697
3521,923009024,1769616041874,11:00:41.874,42.3392474,-71.0904381,20.697
3522,923271168,1769616042130,11:00:42.130,42.3392474,-71.0904381,20.697
3523,923533312,1769616042408,11:00:42.408,42.3392474,-71.0904381,20.697
3524,923795456,1769616042650,11:00:42.650,42.3392474,-71.0904381,20.697
3525,924057600,1769616042922,11:00:42.922,42.3392474,-71.0904381,20.697
3526,924319744,1769616043179,11:00:43.179,42.3392474,-71.0904381,20.697
3527,924581888,1769616043445,11:00:43.445,42.3392474,-71.0904381,20.697
3528,924844032,1769616043716,11:00:43.716,42.3392474,-71.0904381,20.697
3529,925106176,1769616043980,11:00:43.980,42.3392474,-71.0904381,20.697
3530,925368320,1769616044265,11:00:44.265,42.3392474,-71.0904381,20.697
3531,925630464,1769616044532,11:00:44.532,42.3392474,-71.0904381,20.697
3532,925892608,1769616044794,11:00:44.794,42.3392474,-71.0904381,20.697
3533,926154752,1769616045042,11:00:45.042,42.3392474,-71.0904381,20.697
3534,926416896,1769616045305,11:00:45.305,42.3392474,-71.0904381,20.697
3535,926679040,1769616045581,11:00:45.581,42.3392474,-71.0904381,20.697
3536,926941184,1769616045828,11:00:45.828,42.3392474,-71.0904381,20.697
3537,927203328,1769616046075,11:00:46.075,42.3392474,-71.0904381,20.697
3538,927465472,1769616046340,11:00:46.340,42.3392474,-71.0904381,20.697
3539,927727616,1769616046582,11:00:46.582,42.3392474,-71.0904381,20.697
3540,927989760,1769616046849,11:00:46.849,42.3392474,-71.0904381,20.697
3541,928251904,1769616047269,11:00:47.269,42.3392474,-71.0904381,20.697
3542,928514048,1769616047684,11:00:47.684,42.3392474,-71.0904381,20.697
3543,928776192,1769616048201,11:00:48.201,42.3392474,-71.0904381,20.697
3544,929038336,1769616048761,11:00:48.761,42.3392474,-71.0904381,20.697
3545,929300480,1769616049455,11:00:49.455,42.3392474,-71.0904381,20.697
3546,929562624,1769616050010,11:00:50.010,42.3392474,-71.0904381,20.697
3547,929824768,1769616050619,11:00:50.619,42.3392474,-71.0904381,20.697
3548,930086912,1769616051097,11:00:51.097,42.3392474,-71.0904381,20.697
3549,930349056,1769616051373,11:00:51.373,42.3392474,-71.0904381,20.697
3550,930611200,1769616052043,11:00:52.043,42.3392474,-71.0904381,20.697
3551,930873344,1769616052876,11:00:52.876,42.3392474,-71.0904381,20.697
3552,931135488,1769616053291,11:00:53.291,42.3392474,-71.0904381,20.697
3553,931397632,1769616053716,11:00:53.716,42.3392474,-71.0904381,20.697
3554,931659776,1769616054133,11:00:54.133,42.3392474,-71.0904381,20.697
3555,931921920,1769616054556,11:00:54.556,42.3392474,-71.0904381,20.697
3556,932184064,1769616054934,11:00:54.934,42.3392474,-71.0904381,20.697
3557,932446208,1769616055337,11:00:55.337,42.3392474,-71.0904381,20.697
3558,932708352,1769616055765,11:00:55.765,42.3392474,-71.0904381,20.697
3559,932970496,1769616056180,11:00:56.180,42.3392474,-71.0904381,20.697
3560,933232640,1769616056592,11:00:56.592,42.3392474,-71.0904381,20.697
3561,933494784,1769616057015,11:00:57.015,42.3392474,-71.0904381,20.697
3562,933756928,1769616057477,11:00:57.477,42.3392474,-71.0904381,20.697
3563,934019072,1769616057935,11:00:57.935,42.3392474,-71.0904381,20.697
3564,934281216,1769616058402,11:00:58.402,42.3392474,-71.0904381,20.697
3565,934543360,1769616058806,11:00:58.806,42.3392474,-71.0904381,20.697
3566,934805504,1769616059271,11:00:59.271,42.3392474,-71.0904381,20.697
3567,935067648,1769616059744,11:00:59.744,42.3392474,-71.0904381,20.697
3568,935329792,1769616060227,11:01:00.227,42.3392474,-71.0904381,20.697
3569,935591936,1769616060484,11:01:00.484,42.3392474,-71.0904381,20.697
3570,935854080,1769616060983,11:01:00.983,42.3392474,-71.0904381,20.697
3571,936116224,1769616061533,11:01:01.533,42.3392474,-71.0904381,20.697
3572,936378368,1769616061943,11:01:01.943,42.3392474,-71.0904381,20.697
3573,936640512,1769616062319,11:01:02.319,42.3392474,-71.0904381,20.697
3574,936902656,1769616062753,11:01:02.753,42.3392474,-71.0904381,20.697
3575,937164800,1769616063127,11:01:03.127,42.3392474,-71.0904381,20.697
3576,937426944,1769616063557,11:01:03.557,42.3392474,-71.0904381,20.697
3577,937689088,1769616063990,11:01:03.990,42.3392474,-71.0904381,20.697
3578,937951232,1769616064624,11:01:04.624,42.3392474,-71.0904381,20.697
3579,938213376,1769616065113,11:01:05.113,42.3392474,-71.0904381,20.697
3580,938475520,1769616065689,11:01:05.689,42.3392474,-71.0904381,20.697
3581,938737664,1769616066305,11:01:06.305,42.3392474,-71.0904381,20.697
3582,938999808,1769616066789,11:01:06.789,42.3392474,-71.0904381,20.697
3583,939261952,1769616067319,11:01:07.319,42.3392474,-71.0904381,20.697
3584,939524096,1769616067760,11:01:07.760,42.3392474,-71.0904381,20.697
3585,939786240,1769616068251,11:01:08.251,42.3392474,-71.0904381,20.697
3586,940048384,1769616068736,11:01:08.736,42.3392474,-71.0904381,20.697
3587,940310528,1769616069116,11:01:09.116,42.3392474,-71.0904381,20.697
3588,940572672,1769616072326,11:01:12.326,42.3392474,-71.0904381,20.697
3589,940834816,1769616072575,11:01:12.575,42.3392474,-71.0904381,20.697
3590,941096960,1769616072841,11:01:12.841,42.3392474,-71.0904381,20.697
3591,941359104,1769616073094,11:01:13.094,42.3392474,-71.0904381,20.697
3592,941621248,1769616073349,11:01:13.349,42.3392474,-71.0904381,20.697
3593,941883392,1769616073602,11:01:13.602,42.3392474,-71.0904381,20.697
3594,942145536,1769616073845,11:01:13.845,42.3392474,-71.0904381,20.697
3595,942407680,1769616074109,11:01:14.109,42.3392474,-71.0904381,20.697
3596,942669824,1769616074368,11:01:14.368,42.3392474,-71.0904381,20.697
3597,942931968,1769616074635,11:01:14.635,42.3392474,-71.0904381,20.697
3598,943194112,1769616074899,11:01:14.899,42.3392474,-71.0904381,20.697
3599,943456256,1769616075136,11:01:15.136,42.3392474,-71.0904381,20.697
3600,943718400,1769616075373,11:01:15.373,42.3392474,-71.0904381,20.697
3601,943980544,1769616075632,11:01:15.632,42.3392474,-71.0904381,20.697
3602,944242688,1769616075871,11:01:15.871,42.3392474,-71.0904381,20.697
3603,944504832,1769616076120,11:01:16.120,42.3392474,-71.0904381,20.697
3604,944766976,1769616076357,11:01:16.357,42.3392474,-71.0904381,20.697
3605,945029120,1769616076717,11:01:16.717,42.3392474,-71.0904381,20.697
3606,945291264,1769616077077,11:01:17.077,42.3392474,-71.0904381,20.697
3607,945553408,1769616077427,11:01:17.427,42.3392474,-71.0904381,20.697
3608,945815552,1769616077779,11:01:17.779,42.3392474,-71.0904381,20.697
3609,946077696,1769616078151,11:01:18.151,42.3392474,-71.0904381,20.697
3610,946339840,1769616078608,11:01:18.608,42.3392474,-71.0904381,20.697
3611,946601984,1769616078861,11:01:18.861,42.3392474,-71.0904381,20.697
3612,946864128,1769616079192,11:01:19.192,42.3392474,-71.0904381,20.697
3613,947126272,1769616079541,11:01:19.541,42.3392474,-71.0904381,20.697
3614,947388416,1769616079891,11:01:19.891,42.3392474,-71.0904381,20.697
3615,947650560,1769616080242,11:01:20.242,42.3392474,-71.0904381,20.697
3616,947912704,1769616080720,11:01:20.720,42.3392474,-71.0904381,20.697
3617,948174848,1769616081169,11:01:21.169,42.3392474,-71.0904381,20.697
3618,948436992,1769616081637,11:01:21.637,42.3392474,-71.0904381,20.697
3619,948699136,1769616082107,11:01:22.107,42.3392474,-71.0904381,20.697
3620,948961280,1769616082382,11:01:22.382,42.3392474,-71.0904381,20.697
3621,949223424,1769616082733,11:01:22.733,42.3392474,-71.0904381,20.697
3622,949485568,1769616083114,11:01:23.114,42.3392474,-71.0904381,20.697
3623,949747712,1769616083449,11:01:23.449,42.3392474,-71.0904381,20.697
3624,950009856,1769616083835,11:01:23.835,42.3392474,-71.0904381,20.697
3625,950272000,1769616084343,11:01:24.343,42.3392474,-71.0904381,20.697
3626,950534144,1769616084754,11:01:24.754,42.3392474,-71.0904381,20.697
3627,950796288,1769616085042,11:01:25.042,42.3392474,-71.0904381,20.697
3628,951058432,1769616085391,11:01:25.391,42.3392474,-71.0904381,20.697
3629,951320576,1769616085833,11:01:25.833,42.3392474,-71.0904381,20.697
3630,951582720,1769616086269,11:01:26.269,42.3392474,-71.0904381,20.697
3631,951844864,1769616086792,11:01:26.792,42.3392474,-71.0904381,20.697
3632,952107008,1769616087249,11:01:27.249,42.3392474,-71.0904381,20.697
3633,952369152,1769616087729,11:01:27.729,42.3392474,-71.0904381,20.697
3634,952631296,1769616088311,11:01:28.311,42.3392474,-71.0904381,20.697
3635,952893440,1769616088798,11:01:28.798,42.3392474,-71.0904381,20.697
3636,953155584,1769616089381,11:01:29.381,42.3392474,-71.0904381,20.697
3637,953417728,1769616089864,11:01:29.864,42.3392474,-71.0904381,20.697
3638,953679872,1769616090294,11:01:30.294,42.3392474,-71.0904381,20.697
3639,953942016,1769616090785,11:01:30.785,42.3392474,-71.0904381,20.697
3640,954204160,1769616091151,11:01:31.151,42.3392474,-71.0904381,20.697
3641,954466304,1769616091503,11:01:31.503,42.3392474,-71.0904381,20.697
3642,954728448,1769616091863,11:01:31.863,42.3392474,-71.0904381,20.697
3643,954990592,1769616092201,11:01:32.201,42.3392474,-71.0904381,20.697
3644,955252736,1769616092752,11:01:32.752,42.3392474,-71.0904381,20.697
3645,955514880,1769616093286,11:01:33.286,42.3392474,-71.0904381,20.697
3646,955777024,1769616093661,11:01:33.661,42.3392474,-71.0904381,20.697
3647,956039168,1769616094110,11:01:34.110,42.3392474,-71.0904381,20.697
3648,956301312,1769616094586,11:01:34.586,42.3392474,-71.0904381,20.697
3649,956563456,1769616095103,11:01:35.103,42.3392474,-71.0904381,20.697
3650,956825600,1769616095748,11:01:35.748,42.3392474,-71.0904381,20.697
3651,957087744,1769616096296,11:01:36.296,42.3392474,-71.0904381,20.697
3652,957349888,1769616096875,11:01:36.875,42.3392474,-71.0904381,20.697
3653,957612032,1769616097370,11:01:37.370,42.3392474,-71.0904381,20.697
3654,957874176,1769616097856,11:01:37.856,42.3392474,-71.0904381,20.697
3655,958136320,1769616098302,11:01:38.302,42.3392474,-71.0904381,20.697
3656,958398464,1769616098789,11:01:38.789,42.3392474,-71.0904381,20.697
3657,958660608,1769616099247,11:01:39.247,42.3392474,-71.0904381,20.697
3658,958922752,1769616102635,11:01:42.635,42.3392474,-71.0904381,20.697
3659,959184896,1769616102894,11:01:42.894,42.3392474,-71.0904381,20.697
3660,959447040,1769616103163,11:01:43.163,42.3392474,-71.0904381,20.697
3661,959709184,1769616103426,11:01:43.426,42.3392474,-71.0904381,20.697
3662,959971328,1769616103684,11:01:43.684,42.3392474,-71.0904381,20.697
3663,960233472,1769616103943,11:01:43.943,42.3392474,-71.0904381,20.697
3664,960495616,1769616104213,11:01:44.213,42.3392474,-71.0904381,20.697
3665,960757760,1769616104476,11:01:44.476,42.3392474,-71.0904381,20.697
3666,961019904,1769616104736,11:01:44.736,42.3392474,-71.0904381,20.697
3667,961282048,1769616104990,11:01:44.990,42.3392474,-71.0904381,20.697
3668,961544192,1769616105256,11:01:45.256,42.3392474,-71.0904381,20.697
3669,961806336,1769616105512,11:01:45.512,42.3392474,-71.0904381,20.697
3670,962068480,1769616105785,11:01:45.785,42.3392474,-71.0904381,20.697
3671,962330624,1769616106039,11:01:46.039,42.3392474,-71.0904381,20.697
3672,962592768,1769616106288,11:01:46.288,42.3392474,-71.0904381,20.697
3673,962854912,1769616106543,11:01:46.543,42.3392474,-71.0904381,20.697
3674,963117056,1769616106804,11:01:46.804,42.3392474,-71.0904381,20.697
3675,963379200,1769616107058,11:01:47.058,42.3392474,-71.0904381,20.697
3676,963641344,1769616107333,11:01:47.333,42.3392474,-71.0904381,20.697
3677,963903488,1769616107956,11:01:47.956,42.3392474,-71.0904381,20.697
3678,964165632,1769616108601,11:01:48.601,42.3392474,-71.0904381,20.697
3679,964427776,1769616109196,11:01:49.196,42.3392474,-71.0904381,20.697
3680,964689920,1769616109729,11:01:49.729,42.3392474,-71.0904381,20.697
3681,964952064,1769616110418,11:01:50.418,42.3392474,-71.0904381,20.697
3682,965214208,1769616111198,11:01:51.198,42.3392474,-71.0904381,20.697
3683,965476352,1769616111651,11:01:51.651,42.3392474,-71.0904381,20.697
3684,965738496,1769616112509,11:01:52.509,42.3392474,-71.0904381,20.697
3685,966000640,1769616113233,11:01:53.233,42.3392474,-71.0904381,20.697
3686,966262784,1769616113654,11:01:53.654,42.3392474,-71.0904381,20.697
3687,966524928,1769616114051,11:01:54.051,42.3392474,-71.0904381,20.697
3688,966787072,1769616114460,11:01:54.460,42.3392474,-71.0904381,20.697
3689,967049216,1769616114858,11:01:54.858,42.3392474,-71.0904381,20.697
3690,967311360,1769616115331,11:01:55.331,42.3392474,-71.0904381,20.697
3691,967573504,1769616115715,11:01:55.715,42.3392474,-71.0904381,20.697
3692,967835648,1769616116089,11:01:56.089,42.3392474,-71.0904381,20.697
3693,968097792,1769616116514,11:01:56.514,42.3392474,-71.0904381,20.697
3694,968359936,1769616116967,11:01:56.967,42.3392474,-71.0904381,20.697
3695,968622080,1769616117439,11:01:57.439,42.3392474,-71.0904381,20.697
3696,968884224,1769616117850,11:01:57.850,42.3392474,-71.0904381,20.697
3697,969146368,1769616118270,11:01:58.270,42.3392474,-71.0904381,20.697
3698,969408512,1769616118691,11:01:58.691,42.3392474,-71.0904381,20.697
3699,969670656,1769616119032,11:01:59.032,42.3392474,-71.0904381,20.697
3700,969932800,1769616119623,11:01:59.623,42.3392474,-71.0904381,20.697
3701,970194944,1769616120137,11:02:00.137,42.3392474,-71.0904381,20.697
3702,970457088,1769616120489,11:02:00.489,42.3392474,-71.0904381,20.697
3703,970719232,1769616120860,11:02:00.860,42.3392474,-71.0904381,20.697
3704,970981376,1769616121307,11:02:01.307,42.3392474,-71.0904381,20.697
3705,971243520,1769616121710,11:02:01.710,42.3392474,-71.0904381,20.697
3706,971505664,1769616122087,11:02:02.087,42.3392474,-71.0904381,20.697
3707,971767808,1769616122412,11:02:02.412,42.3392474,-71.0904381,20.697
3708,972029952,1769616122765,11:02:02.765,42.3392474,-71.0904381,20.697
3709,972292096,1769616123131,11:02:03.131,42.3392474,-71.0904381,20.697
3710,972554240,1769616123501,11:02:03.501,42.3392474,-71.0904381,20.697
3711,972816384,1769616123904,11:02:03.904,42.3392474,-71.0904381,20.697
3712,973078528,1769616124284,11:02:04.284,42.3392474,-71.0904381,20.697
3713,973340672,1769616124638,11:02:04.638,42.3392474,-71.0904381,20.697
3714,973602816,1769616125042,11:02:05.042,42.3392474,-71.0904381,20.697
3715,973864960,1769616125339,11:02:05.339,42.3392474,-71.0904381,20.697
3716,974127104,1769616125691,11:02:05.691,42.3392474,-71.0904381,20.697
3717,974389248,1769616126048,11:02:06.048,42.3392474,-71.0904381,20.697
3718,974651392,1769616126392,11:02:06.392,42.3392474,-71.0904381,20.697
3719,974913536,1769616126767,11:02:06.767,42.3392474,-71.0904381,20.697
3720,975175680,1769616127124,11:02:07.124,42.3392474,-71.0904381,20.697
3721,975437824,1769616127474,11:02:07.474,42.3392474,-71.0904381,20.697
3722,975699968,1769616127824,11:02:07.824,42.3392474,-71.0904381,20.697
3723,975962112,1769616128229,11:02:08.229,42.3392474,-71.0904381,20.697
3724,976224256,1769616128511,11:02:08.511,42.3392474,-71.0904381,20.697
3725,976486400,1769616128852,11:02:08.852,42.3392474,-71.0904381,20.697
3726,976748544,1769616129201,11:02:09.201,42.3392474,-71.0904381,20.697
3727,977010688,1769616132540,11:02:12.540,42.3392474,-71.0904381,20.697
3728,977272832,1769616132810,11:02:12.810,42.3392474,-71.0904381,20.697
3729,977534976,1769616133066,11:02:13.066,42.3392474,-71.0904381,20.697
3730,977797120,1769616133313,11:02:13.313,42.3392474,-71.0904381,20.697
3731,978059264,1769616133561,11:02:13.561,42.3392474,-71.0904381,20.697
3732,978321408,1769616133806,11:02:13.806,42.3392474,-71.0904381,20.697
3733,978583552,1769616134065,11:02:14.065,42.3392474,-71.0904381,20.697
3734,978845696,1769616134321,11:02:14.321,42.3392474,-71.0904381,20.697
3735,979107840,1769616134565,11:02:14.565,42.3392474,-71.0904381,20.697
3736,979369984,1769616134815,11:02:14.815,42.3392474,-71.0904381,20.697
3737,979632128,1769616135065,11:02:15.065,42.3392474,-71.0904381,20.697
3738,979894272,1769616135331,11:02:15.331,42.3392474,-71.0904381,20.697
3739,980156416,1769616135580,11:02:15.580,42.3392474,-71.0904381,20.697
3740,980418560,1769616135831,11:02:15.831,42.3392474,-71.0904381,20.697
3741,980680704,1769616136078,11:02:16.078,42.3392474,-71.0904381,20.697
3742,980942848,1769616136325,11:02:16.325,42.3392474,-71.0904381,20.697
3743,981204992,1769616136581,11:02:16.581,42.3392474,-71.0904381,20.697
3744,981467136,1769616136833,11:02:16.833,42.3392474,-71.0904381,20.697
3745,981729280,1769616137105,11:02:17.105,42.3392474,-71.0904381,20.697
3746,981991424,1769616137350,11:02:17.350,42.3392474,-71.0904381,20.697
3747,982253568,1769616137617,11:02:17.617,42.3392474,-71.0904381,20.697
3748,982515712,1769616137879,11:02:17.879,42.3392474,-71.0904381,20.697
3749,982777856,1769616138144,11:02:18.144,42.3392474,-71.0904381,20.697
3750,983040000,1769616138407,11:02:18.407,42.3392474,-71.0904381,20.697
3751,983302144,1769616138651,11:02:18.651,42.3392474,-71.0904381,20.697
3752,983564288,1769616138899,11:02:18.899,42.3392474,-71.0904381,20.697
3753,983826432,1769616139186,11:02:19.186,42.3392474,-71.0904381,20.697
3754,984088576,1769616139538,11:02:19.538,42.3392474,-71.0904381,20.697
3755,984350720,1769616139909,11:02:19.909,42.3392474,-71.0904381,20.697
3756,984612864,1769616140238,11:02:20.238,42.3392474,-71.0904381,20.697
3757,984875008,1769616140629,11:02:20.629,42.3392474,-71.0904381,20.697
3758,985137152,1769616140939,11:02:20.939,42.3392474,-71.0904381,20.697
3759,985399296,1769616141321,11:02:21.321,42.3392474,-71.0904381,20.697
3760,985661440,1769616141672,11:02:21.672,42.3392474,-71.0904381,20.697
3761,985923584,1769616142069,11:02:22.069,42.3392474,-71.0904381,20.697
3762,986185728,1769616142373,11:02:22.373,42.3392474,-71.0904381,20.697
3763,986447872,1769616142723,11:02:22.723,42.3392474,-71.0904381,20.697
3764,986710016,1769616143097,11:02:23.097,42.3392474,-71.0904381,20.697
3765,986972160,1769616143561,11:02:23.561,42.3392474,-71.0904381,20.697
3766,987234304,1769616144044,11:02:24.044,42.3392474,-71.0904381,20.697
3767,987496448,1769616144479,11:02:24.479,42.3392474,-71.0904381,20.697
3768,987758592,1769616144927,11:02:24.927,42.3392474,-71.0904381,20.697
3769,988020736,1769616145319,11:02:25.319,42.3392474,-71.0904381,20.697
3770,988282880,1769616145676,11:02:25.676,42.3392474,-71.0904381,20.697
3771,988545024,1769616146112,11:02:26.112,42.3392474,-71.0904381,20.697
3772,988807168,1769616146376,11:02:26.376,42.3392474,-71.0904381,20.697
3773,989069312,1769616146724,11:02:26.724,42.3392474,-71.0904381,20.697
3774,989331456,1769616147189,11:02:27.189,42.3392474,-71.0904381,20.697
3775,989593600,1769616147541,11:02:27.541,42.3392474,-71.0904381,20.697
3776,989855744,1769616147937,11:02:27.937,42.3392474,-71.0904381,20.697
3777,990117888,1769616148344,11:02:28.344,42.3392474,-71.0904381,20.697
3778,990380032,1769616148735,11:02:28.735,42.3392474,-71.0904381,20.697
3779,990642176,1769616149305,11:02:29.305,42.3392474,-71.0904381,20.697
3780,990904320,1769616150105,11:02:30.105,42.3392474,-71.0904381,20.697
3781,991166464,1769616150598,11:02:30.598,42.3392474,-71.0904381,20.697
3782,991428608,1769616150982,11:02:30.982,42.3392474,-71.0904381,20.697
3783,991690752,1769616151494,11:02:31.494,42.3392474,-71.0904381,20.697
3784,991952896,1769616152067,11:02:32.067,42.3392474,-71.0904381,20.697
3785,992215040,1769616152619,11:02:32.619,42.3392474,-71.0904381,20.697
3786,992477184,1769616153162,11:02:33.162,42.3392474,-71.0904381,20.697
3787,992739328,1769616153584,11:02:33.584,42.3392474,-71.0904381,20.697
3788,993001472,1769616154012,11:02:34.012,42.3392474,-71.0904381,20.697
3789,993263616,1769616154426,11:02:34.426,42.3392474,-71.0904381,20.697
3790,993525760,1769616154712,11:02:34.712,42.3392474,-71.0904381,20.697
3791,993787904,1769616155061,11:02:35.061,42.3392474,-71.0904381,20.697
3792,994050048,1769616155410,11:02:35.410,42.3392474,-71.0904381,20.697
3793,994312192,1769616155855,11:02:35.855,42.3392474,-71.0904381,20.697
3794,994574336,1769616156302,11:02:36.302,42.3392474,-71.0904381,20.697
3795,994836480,1769616156652,11:02:36.652,42.3392474,-71.0904381,20.697
3796,995098624,1769616157042,11:02:37.042,42.3392474,-71.0904381,20.697
3797,995360768,1769616157522,11:02:37.522,42.3392474,-71.0904381,20.697
3798,995622912,1769616157873,11:02:37.873,42.3392474,-71.0904381,20.697
3799,995885056,1769616158403,11:02:38.403,42.3392474,-71.0904381,20.697
3800,996147200,1769616159090,11:02:39.090,42.3392474,-71.0904381,20.697
3801,996409344,1769616159598,11:02:39.598,42.3392474,-71.0904381,20.697
3802,996671488,1769616159879,11:02:39.879,42.3392474,-71.0904381,20.697
3803,996933632,1769616162890,11:02:42.890,42.3392474,-71.0904381,20.697
3804,997195776,1769616163174,11:02:43.174,42.3392474,-71.0904381,20.697
3805,997457920,1769616163438,11:02:43.438,42.3392474,-71.0904381,20.697
3806,997720064,1769616163700,11:02:43.700,42.3392474,-71.0904381,20.697
3807,997982208,1769616163954,11:02:43.954,42.3392474,-71.0904381,20.697
3808,998244352,1769616164222,11:02:44.222,42.3392474,-71.0904381,20.697
3809,998506496,1769616164469,11:02:44.469,42.3392474,-71.0904381,20.697
3810,998768640,1769616164723,11:02:44.723,42.3392474,-71.0904381,20.697
3811,999030784,1769616164987,11:02:44.987,42.3392474,-71.0904381,20.697
3812,999292928,1769616165260,11:02:45.260,42.3392474,-71.0904381,20.697
3813,999555072,1769616165518,11:02:45.518,42.3392474,-71.0904381,20.697
3814,999817216,1769616165791,11:02:45.791,42.3392474,-71.0904381,20.697
3815,1000079360,1769616166068,11:02:46.068,42.3392474,-71.0904381,20.697
3816,1000341504,1769616166343,11:02:46.343,42.3392474,-71.0904381,20.697
3817,1000603648,1769616166629,11:02:46.629,42.3392474,-71.0904381,20.697
3818,1000865792,1769616166889,11:02:46.889,42.3392474,-71.0904381,20.697
3819,1001127936,1769616167157,11:02:47.157,42.3392474,-71.0904381,20.697
3820,1001390080,1769616167413,11:02:47.413,42.3392474,-71.0904381,20.697
3821,1001652224,1769616167687,11:02:47.687,42.3392474,-71.0904381,20.697
3822,1001914368,1769616167939,11:02:47.939,42.3392474,-71.0904381,20.697
3823,1002176512,1769616168231,11:02:48.231,42.3392474,-71.0904381,20.697
3824,1002438656,1769616168601,11:02:48.601,42.3392474,-71.0904381,20.697
3825,1002700800,1769616169001,11:02:49.001,42.3392474,-71.0904381,20.697
3826,1002962944,1769616169310,11:02:49.310,42.3392474,-71.0904381,20.697
3827,1003225088,1769616169744,11:02:49.744,42.3392474,-71.0904381,20.697
3828,1003487232,1769616170230,11:02:50.230,42.3392474,-71.0904381,20.697
3829,1003749376,1769616170637,11:02:50.637,42.3392474,-71.0904381,20.697
3830,1004011520,1769616171028,11:02:51.028,42.3392474,-71.0904381,20.697
3831,1004273664,1769616171406,11:02:51.406,42.3392474,-71.0904381,20.697
3832,1004535808,1769616172070,11:02:52.070,42.3392474,-71.0904381,20.697
3833,1004797952,1769616172544,11:02:52.544,42.3392474,-71.0904381,20.697
3834,1005060096,1769616172798,11:02:52.798,42.3392474,-71.0904381,20.697
3835,1005322240,1769616173135,11:02:53.135,42.3392474,-71.0904381,20.697
3836,1005584384,1769616173626,11:02:53.626,42.3392474,-71.0904381,20.697
3837,1005846528,1769616174128,11:02:54.128,42.3392474,-71.0904381,20.697
3838,1006108672,1769616174505,11:02:54.505,42.3392474,-71.0904381,20.697
3839,1006370816,1769616174932,11:02:54.932,42.3392474,-71.0904381,20.697
3840,1006632960,1769616175287,11:02:55.287,42.3392474,-71.0904381,20.697
3841,1006895104,1769616175786,11:02:55.786,42.3392474,-71.0904381,20.697
3842,1007157248,1769616176305,11:02:56.305,42.3392474,-71.0904381,20.697
3843,1007419392,1769616177246,11:02:57.246,42.3392474,-71.0904381,20.697
3844,1007681536,1769616177670,11:02:57.670,42.3392474,-71.0904381,20.697
3845,1007943680,1769616178292,11:02:58.292,42.3392474,-71.0904381,20.697
3846,1008205824,1769616178932,11:02:58.932,42.3392474,-71.0904381,20.697
3847,1008467968,1769616179553,11:02:59.553,42.3392474,-71.0904381,20.697
3848,1008730112,1769616180333,11:03:00.333,42.3392474,-71.0904381,20.697
3849,1008992256,1769616180993,11:03:00.993,42.3392474,-71.0904381,20.697
3850,1009254400,1769616181341,11:03:01.341,42.3392474,-71.0904381,20.697
3851,1009516544,1769616181826,11:03:01.826,42.3392474,-71.0904381,20.697
3852,1009778688,1769616182401,11:03:02.401,42.3392474,-71.0904381,20.697
3853,1010040832,1769616182996,11:03:02.996,42.3392474,-71.0904381,20.697
3854,1010302976,1769616183432,11:03:03.432,42.3392474,-71.0904381,20.697
3855,1010565120,1769616183784,11:03:03.784,42.3392474,-71.0904381,20.697
3856,1010827264,1769616184135,11:03:04.135,42.3392474,-71.0904381,20.697
3857,1011089408,1769616184484,11:03:04.484,42.3392474,-71.0904381,20.697
3858,1011351552,1769616184860,11:03:04.860,42.3392474,-71.0904381,20.697
3859,1011613696,1769616185186,11:03:05.186,42.3392474,-71.0904381,20.697
3860,1011875840,1769616185537,11:03:05.537,42.3392474,-71.0904381,20.697
3861,1012137984,1769616185912,11:03:05.912,42.3392474,-71.0904381,20.697
3862,1012400128,1769616186239,11:03:06.239,42.3392474,-71.0904381,20.697
3863,1012662272,1769616186591,11:03:06.591,42.3392474,-71.0904381,20.697
3864,1012924416,1769616186940,11:03:06.940,42.3392474,-71.0904381,20.697
3865,1013186560,1769616187291,11:03:07.291,42.3392474,-71.0904381,20.697
3866,1013448704,1769616187802,11:03:07.802,42.3392474,-71.0904381,20.697
3867,1013710848,1769616188368,11:03:08.368,42.3392474,-71.0904381,20.697
3868,1013972992,1769616188757,11:03:08.757,42.3392474,-71.0904381,20.697
3869,1014235136,1769616189251,11:03:09.251,42.3392474,-71.0904381,20.697
3870,1014497280,1769616189685,11:03:09.685,42.3392474,-71.0904381,20.697
3871,1014759424,1769616190009,11:03:10.009,42.3392474,-71.0904381,20.697
3872,1015021568,1769616192974,11:03:12.974,42.3392474,-71.0904381,20.697
3873,1015283712,1769616193225,11:03:13.225,42.3392474,-71.0904381,20.697
3874,1015545856,1769616193492,11:03:13.492,42.3392474,-71.0904381,20.697
3875,1015808000,1769616193740,11:03:13.740,42.3392474,-71.0904381,20.697
3876,1016070144,1769616193985,11:03:13.985,42.3392474,-71.0904381,20.697
3877,1016332288,1769616194237,11:03:14.237,42.3392474,-71.0904381,20.697
3878,1016594432,1769616194488,11:03:14.488,42.3392474,-71.0904381,20.697
3879,1016856576,1769616194734,11:03:14.734,42.3392474,-71.0904381,20.697
3880,1017118720,1769616194995,11:03:14.995,42.3392474,-71.0904381,20.697
3881,1017380864,1769616195234,11:03:15.234,42.3392474,-71.0904381,20.697
3882,1017643008,1769616195487,11:03:15.487,42.3392474,-71.0904381,20.697
3883,1017905152,1769616195735,11:03:15.735,42.3392474,-71.0904381,20.697
3884,1018167296,1769616195969,11:03:15.969,42.3392474,-71.0904381,20.697
3885,1018429440,1769616196237,11:03:16.237,42.3392474,-71.0904381,20.697
3886,1018691584,1769616196497,11:03:16.497,42.3392474,-71.0904381,20.697
3887,1018953728,1769616196755,11:03:16.755,42.3392474,-71.0904381,20.697
3888,1019215872,1769616197001,11:03:17.001,42.3392474,-71.0904381,20.697
3889,1019478016,1769616197261,11:03:17.261,42.3392474,-71.0904381,20.697
3890,1019740160,1769616197501,11:03:17.501,42.3392474,-71.0904381,20.697
3891,1020002304,1769616197755,11:03:17.755,42.3392474,-71.0904381,20.697
3892,1020264448,1769616198085,11:03:18.085,42.3392474,-71.0904381,20.697
3893,1020526592,1769616198724,11:03:18.724,42.3392474,-71.0904381,20.697
3894,1020788736,1769616199201,11:03:19.201,42.3392474,-71.0904381,20.697
3895,1021050880,1769616199552,11:03:19.552,42.3392474,-71.0904381,20.697
3896,1021313024,1769616200097,11:03:20.097,42.3392474,-71.0904381,20.697
3897,1021575168,1769616200578,11:03:20.578,42.3392474,-71.0904381,20.697
3898,1021837312,1769616201026,11:03:21.026,42.3392474,-71.0904381,20.697
3899,1022099456,1769616201461,11:03:21.461,42.3392474,-71.0904381,20.697
3900,1022361600,1769616201823,11:03:21.823,42.3392474,-71.0904381,20.697
3901,1022623744,1769616202391,11:03:22.391,42.3392474,-71.0904381,20.697
3902,1022885888,1769616202936,11:03:22.936,42.3392474,-71.0904381,20.697
3903,1023148032,1769616203696,11:03:23.696,42.3392474,-71.0904381,20.697
3904,1023410176,1769616204252,11:03:24.252,42.3392474,-71.0904381,20.697
3905,1023672320,1769616204821,11:03:24.821,42.3392474,-71.0904381,20.697
3906,1023934464,1769616205356,11:03:25.356,42.3392474,-71.0904381,20.697
3907,1024196608,1769616206120,11:03:26.120,42.3392474,-71.0904381,20.697
3908,1024458752,1769616206823,11:03:26.823,42.3392474,-71.0904381,20.697
3909,1024720896,1769616207485,11:03:27.485,42.3392474,-71.0904381,20.697
3910,1024983040,1769616208028,11:03:28.028,42.3392474,-71.0904381,20.697
3911,1025245184,1769616208378,11:03:28.378,42.3392474,-71.0904381,20.697
3912,1025507328,1769616208715,11:03:28.715,42.3392474,-71.0904381,20.697
3913,1025769472,1769616209112,11:03:29.112,42.3392474,-71.0904381,20.697
3914,1026031616,1769616209476,11:03:29.476,42.3392474,-71.0904381,20.697
3915,1026293760,1769616209967,11:03:29.967,42.3392474,-71.0904381,20.697
3916,1026555904,1769616210391,11:03:30.391,42.3392474,-71.0904381,20.697
3917,1026818048,1769616210762,11:03:30.762,42.3392474,-71.0904381,20.697
3918,1027080192,1769616211121,11:03:31.121,42.3392474,-71.0904381,20.697
3919,1027342336,1769616211551,11:03:31.551,42.3392474,-71.0904381,20.697
3920,1027604480,1769616212117,11:03:32.117,42.3392474,-71.0904381,20.697
3921,1027866624,1769616212721,11:03:32.721,42.3392474,-71.0904381,20.697
3922,1028128768,1769616213314,11:03:33.314,42.3392474,-71.0904381,20.697
3923,1028390912,1769616213817,11:03:33.817,42.3392474,-71.0904381,20.697
3924,1028653056,1769616214215,11:03:34.215,42.3392474,-71.0904381,20.697
3925,1028915200,1769616214738,11:03:34.738,42.3392474,-71.0904381,20.697
3926,1029177344,1769616215445,11:03:35.445,42.3392474,-71.0904381,20.697
3927,1029439488,1769616216121,11:03:36.121,42.3392474,-71.0904381,20.697
3928,1029701632,1769616216565,11:03:36.565,42.3392474,-71.0904381,20.697
3929,1029963776,1769616217006,11:03:37.006,42.3392474,-71.0904381,20.697
3930,1030225920,1769616217414,11:03:37.414,42.3392474,-71.0904381,20.697
3931,1030488064,1769616217709,11:03:37.709,42.3392474,-71.0904381,20.697
3932,1030750208,1769616218152,11:03:38.152,42.3392474,-71.0904381,20.697
3933,1031012352,1769616218623,11:03:38.623,42.3392474,-71.0904381,20.697
3934,1031274496,1769616218998,11:03:38.998,42.3392474,-71.0904381,20.697
3935,1031536640,1769616219431,11:03:39.431,42.3392474,-71.0904381,20.697
3936,1031798784,1769616219734,11:03:39.734,42.3392474,-71.0904381,20.697
3937,1032060928,1769616220085,11:03:40.085,42.3392474,-71.0904381,20.697
3938,1032323072,1769616220485,11:03:40.485,42.3392474,-71.0904381,20.697
3939,1032585216,1769616223829,11:03:43.829,42.3392474,-71.0904381,20.697
3940,1032847360,1769616224072,11:03:44.072,42.3392474,-71.0904381,20.697
3941,1033109504,1769616224333,11:03:44.333,42.3392474,-71.0904381,20.697
3942,1033371648,1769616224593,11:03:44.593,42.3392474,-71.0904381,20.697
3943,1033633792,1769616224846,11:03:44.846,42.3392474,-71.0904381,20.697
3944,1033895936,1769616225104,11:03:45.104,42.3392474,-71.0904381,20.697
3945,1034158080,1769616225382,11:03:45.382,42.3392474,-71.0904381,20.697
3946,1034420224,1769616225657,11:03:45.657,42.3392474,-71.0904381,20.697
3947,1034682368,1769616225930,11:03:45.930,42.3392474,-71.0904381,20.697
3948,1034944512,1769616226200,11:03:46.200,42.3392474,-71.0904381,20.697
3949,1035206656,1769616226494,11:03:46.494,42.3392474,-71.0904381,20.697
3950,1035468800,1769616226739,11:03:46.739,42.3392474,-71.0904381,20.697
3951,1035730944,1769616227018,11:03:47.018,42.3392474,-71.0904381,20.697
3952,1035993088,1769616227294,11:03:47.294,42.3392474,-71.0904381,20.697
3953,1036255232,1769616227568,11:03:47.568,42.3392474,-71.0904381,20.697
3954,1036517376,1769616227894,11:03:47.894,42.3392474,-71.0904381,20.697
3955,1036779520,1769616228415,11:03:48.415,42.3392474,-71.0904381,20.697
3956,1037041664,1769616228788,11:03:48.788,42.3392474,-71.0904381,20.697
3957,1037303808,1769616229389,11:03:49.389,42.3392474,-71.0904381,20.697
3958,1037565952,1769616229912,11:03:49.912,42.3392474,-71.0904381,20.697
3959,1037828096,1769616230595,11:03:50.595,42.3392474,-71.0904381,20.697
3960,1038090240,1769616231206,11:03:51.206,42.3392474,-71.0904381,20.697
3961,1038352384,1769616231777,11:03:51.777,42.3392474,-71.0904381,20.697
3962,1038614528,1769616232278,11:03:52.278,42.3392474,-71.0904381,20.697
3963,1038876672,1769616232825,11:03:52.825,42.3392474,-71.0904381,20.697
3964,1039138816,1769616233310,11:03:53.310,42.3392474,-71.0904381,20.697
3965,1039400960,1769616233669,11:03:53.669,42.3392474,-71.0904381,20.697
3966,1039663104,1769616234056,11:03:54.056,42.3392474,-71.0904381,20.697
3967,1039925248,1769616234549,11:03:54.549,42.3392474,-71.0904381,20.697
3968,1040187392,1769616235018,11:03:55.018,42.3392474,-71.0904381,20.697
3969,1040449536,1769616235373,11:03:55.373,42.3392474,-71.0904381,20.697
3970,1040711680,1769616235751,11:03:55.751,42.3392474,-71.0904381,20.697
3971,1040973824,1769616236072,11:03:56.072,42.3392474,-71.0904381,20.697
3972,1041235968,1769616236469,11:03:56.469,42.3392474,-71.0904381,20.697
3973,1041498112,1769616236880,11:03:56.880,42.3392474,-71.0904381,20.697
3974,1041760256,1769616237361,11:03:57.361,42.3392474,-71.0904381,20.697
3975,1042022400,1769616237625,11:03:57.625,42.3392474,-71.0904381,20.697
3976,1042284544,1769616237979,11:03:57.979,42.3392474,-71.0904381,20.697
3977,1042546688,1769616238359,11:03:58.359,42.3392474,-71.0904381,20.697
3978,1042808832,1769616238817,11:03:58.817,42.3392474,-71.0904381,20.697
3979,1043070976,1769616239446,11:03:59.446,42.3392474,-71.0904381,20.697
3980,1043333120,1769616239968,11:03:59.968,42.3392474,-71.0904381,20.697
3981,1043595264,1769616240456,11:04:00.456,42.3392474,-71.0904381,20.697
3982,1043857408,1769616240897,11:04:00.897,42.3392474,-71.0904381,20.697
3983,1044119552,1769616241612,11:04:01.612,42.3392474,-71.0904381,20.697
3984,1044381696,1769616242096,11:04:02.096,42.3392474,-71.0904381,20.697
3985,1044643840,1769616242380,11:04:02.380,42.3392474,-71.0904381,20.697
3986,1044905984,1769616242927,11:04:02.927,42.3392474,-71.0904381,20.697
3987,1045168128,1769616243393,11:04:03.393,42.3392474,-71.0904381,20.697
3988,1045430272,1769616243689,11:04:03.689,42.3392474,-71.0904381,20.697
3989,1045692416,1769616244041,11:04:04.041,42.3392474,-71.0904381,20.697
3990,1045954560,1769616244426,11:04:04.426,42.3392474,-71.0904381,20.697
3991,1046216704,1769616244745,11:04:04.745,42.3392474,-71.0904381,20.697
3992,1046478848,1769616245141,11:04:05.141,42.3392474,-71.0904381,20.697
3993,1046740992,1769616245616,11:04:05.616,42.3392474,-71.0904381,20.697
3994,1047003136,1769616246013,11:04:06.013,42.3392474,-71.0904381,20.697
3995,1047265280,1769616246464,11:04:06.464,42.3392474,-71.0904381,20.697
3996,1047527424,1769616246890,11:04:06.890,42.3392474,-71.0904381,20.697
3997,1047789568,1769616247244,11:04:07.244,42.3392474,-71.0904381,20.697
3998,1048051712,1769616247594,11:04:07.594,42.3392474,-71.0904381,20.697
3999,1048313856,1769616247944,11:04:07.944,42.3392474,-71.0904381,20.697
4000,1048576000,1769616248302,11:04:08.302,42.3392474,-71.0904381,20.697
4001,1048838144,1769616248642,11:04:08.642,42.3392474,-71.0904381,20.697
4002,1049100288,1769616249131,11:04:09.131,42.3392474,-71.0904381,20.697
4003,1049362432,1769616249613,11:04:09.613,42.3392474,-71.0904381,20.697
4004,1049624576,1769616250108,11:04:10.108,42.3392474,-71.0904381,20.697
4005,1049886720,1769616250757,11:04:10.757,42.3392474,-71.0904381,20.697
4006,1050148864,1769616254229,11:04:14.229,42.3392474,-71.0904381,20.697
4007,1050411008,1769616254506,11:04:14.506,42.3392474,-71.0904381,20.697
4008,1050673152,1769616254761,11:04:14.761,42.3392474,-71.0904381,20.697
4009,1050935296,1769616255010,11:04:15.010,42.3392474,-71.0904381,20.697
4010,1051197440,1769616255248,11:04:15.248,42.3392474,-71.0904381,20.697
4011,1051459584,1769616255508,11:04:15.508,42.3392474,-71.0904381,20.697
4012,1051721728,1769616255771,11:04:15.771,42.3392474,-71.0904381,20.697
4013,1051983872,1769616256026,11:04:16.026,42.3392474,-71.0904381,20.697
4014,1052246016,1769616256276,11:04:16.276,42.3392474,-71.0904381,20.697
4015,1052508160,1769616256536,11:04:16.536,42.3392474,-71.0904381,20.697
4016,1052770304,1769616256797,11:04:16.797,42.3392474,-71.0904381,20.697
4017,1053032448,1769616257053,11:04:17.053,42.3392474,-71.0904381,20.697
4018,1053294592,1769616257303,11:04:17.303,42.3392474,-71.0904381,20.697
4019,1053556736,1769616257545,11:04:17.545,42.3392474,-71.0904381,20.697
4020,1053818880,1769616257776,11:04:17.776,42.3392474,-71.0904381,20.697
4021,1054081024,1769616258273,11:04:18.273,42.3392474,-71.0904381,20.697
4022,1054343168,1769616258751,11:04:18.751,42.3392474,-71.0904381,20.697
4023,1054605312,1769616259178,11:04:19.178,42.3392474,-71.0904381,20.697
4024,1054867456,1769616259644,11:04:19.644,42.3392474,-71.0904381,20.697
4025,1055129600,1769616260256,11:04:20.256,42.3392474,-71.0904381,20.697
4026,1055391744,1769616260852,11:04:20.852,42.3392474,-71.0904381,20.697
4027,1055653888,1769616261382,11:04:21.382,42.3392474,-71.0904381,20.697
4028,1055916032,1769616261866,11:04:21.866,42.3392474,-71.0904381,20.697
4029,1056178176,1769616262292,11:04:22.292,42.3392474,-71.0904381,20.697
4030,1056440320,1769616262786,11:04:22.786,42.3392474,-71.0904381,20.697
4031,1056702464,1769616263409,11:04:23.409,42.3392474,-71.0904381,20.697
4032,1056964608,1769616264049,11:04:24.049,42.3392474,-71.0904381,20.697
4033,1057226752,1769616264565,11:04:24.565,42.3392474,-71.0904381,20.697
4034,1057488896,1769616264837,11:04:24.837,42.3392474,-71.0904381,20.697
4035,1057751040,1769616265353,11:04:25.353,42.3392474,-71.0904381,20.697
4036,1058013184,1769616265806,11:04:25.806,42.3392474,-71.0904381,20.697
4037,1058275328,1769616266374,11:04:26.374,42.3392474,-71.0904381,20.697
4038,1058537472,1769616267114,11:04:27.114,42.3392474,-71.0904381,20.697
4039,1058799616,1769616267770,11:04:27.770,42.3392474,-71.0904381,20.697
4040,1059061760,1769616268323,11:04:28.323,42.3392474,-71.0904381,20.697
4041,1059323904,1769616268763,11:04:28.763,42.3392474,-71.0904381,20.697
4042,1059586048,1769616269172,11:04:29.172,42.3392474,-71.0904381,20.697
4043,1059848192,1769616269625,11:04:29.625,42.3392474,-71.0904381,20.697
4044,1060110336,1769616270082,11:04:30.082,42.3392474,-71.0904381,20.697
4045,1060372480,1769616270453,11:04:30.453,42.3392474,-71.0904381,20.697
4046,1060634624,1769616270913,11:04:30.913,42.3392474,-71.0904381,20.697
4047,1060896768,1769616271290,11:04:31.290,42.3392474,-71.0904381,20.697
4048,1061158912,1769616271678,11:04:31.678,42.3392474,-71.0904381,20.697
4049,1061421056,1769616272038,11:04:32.038,42.3392474,-71.0904381,20.697
4050,1061683200,1769616272389,11:04:32.389,42.3392474,-71.0904381,20.697
4051,1061945344,1769616272740,11:04:32.740,42.3392474,-71.0904381,20.697
4052,1062207488,1769616273090,11:04:33.090,42.3392474,-71.0904381,20.697
4053,1062469632,1769616273436,11:04:33.436,42.3392474,-71.0904381,20.697
4054,1062731776,1769616273770,11:04:33.770,42.3392474,-71.0904381,20.697
4055,1062993920,1769616274119,11:04:34.119,42.3392474,-71.0904381,20.697
4056,1063256064,1769616274620,11:04:34.620,42.3392474,-71.0904381,20.697
4057,1063518208,1769616275155,11:04:35.155,42.3392474,-71.0904381,20.697
4058,1063780352,1769616275594,11:04:35.594,42.3392474,-71.0904381,20.697
4059,1064042496,1769616276127,11:04:36.127,42.3392474,-71.0904381,20.697
4060,1064304640,1769616276602,11:04:36.602,42.3392474,-71.0904381,20.697
4061,1064566784,1769616277200,11:04:37.200,42.3392474,-71.0904381,20.697
4062,1064828928,1769616277660,11:04:37.660,42.3392474,-71.0904381,20.697
4063,1065091072,1769616277989,11:04:37.989,42.3392474,-71.0904381,20.697
4064,1065353216,1769616278377,11:04:38.377,42.3392474,-71.0904381,20.697
4065,1065615360,1769616278726,11:04:38.726,42.3392474,-71.0904381,20.697
4066,1065877504,1769616279077,11:04:39.077,42.3392474,-71.0904381,20.697
4067,1066139648,1769616279426,11:04:39.426,42.3392474,-71.0904381,20.697
4068,1066401792,1769616279776,11:04:39.776,42.3392474,-71.0904381,20.697
4069,1066663936,1769616280188,11:04:40.188,42.3392474,-71.0904381,20.697
4070,1066926080,1769616280539,11:04:40.539,42.3392474,-71.0904381,20.697
4071,1067188224,1769616280897,11:04:40.897,42.3392474,-71.0904381,20.697
4072,1067450368,1769616281275,11:04:41.275,42.3392474,-71.0904381,20.697
4073,1067712512,1769616284666,11:04:44.666,42.3392474,-71.0904381,20.697
4074,1067974656,1769616284913,11:04:44.913,42.3392474,-71.0904381,20.697
4075,1068236800,1769616285163,11:04:45.163,42.3392474,-71.0904381,20.697
4076,1068498944,1769616285429,11:04:45.429,42.3392474,-71.0904381,20.697
4077,1068761088,1769616285683,11:04:45.683,42.3392474,-71.0904381,20.697
4078,1069023232,1769616285953,11:04:45.953,42.3392474,-71.0904381,20.697
4079,1069285376,1769616286204,11:04:46.204,42.3392474,-71.0904381,20.697
4080,1069547520,1769616286447,11:04:46.447,42.3392474,-71.0904381,20.697
4081,1069809664,1769616286719,11:04:46.719,42.3392474,-71.0904381,20.697
4082,1070071808,1769616286971,11:04:46.971,42.3392474,-71.0904381,20.697
4083,1070333952,1769616287227,11:04:47.227,42.3392474,-71.0904381,20.697
4084,1070596096,1769616287480,11:04:47.480,42.3392474,-71.0904381,20.697
4085,1070858240,1769616287750,11:04:47.750,42.3392474,-71.0904381,20.697
4086,1071120384,1769616288020,11:04:48.020,42.3392474,-71.0904381,20.697
4087,1071382528,1769616288273,11:04:48.273,42.3392474,-71.0904381,20.697
4088,1071644672,1769616288537,11:04:48.537,42.3392474,-71.0904381,20.697
4089,1071906816,1769616288781,11:04:48.781,42.3392474,-71.0904381,20.697
4090,1072168960,1769616289043,11:04:49.043,42.3392474,-71.0904381,20.697
4091,1072431104,1769616289286,11:04:49.286,42.3392474,-71.0904381,20.697
4092,1072693248,1769616289535,11:04:49.535,42.3392474,-71.0904381,20.697
4093,1072955392,1769616289777,11:04:49.777,42.3392474,-71.0904381,20.697
4094,1073217536,1769616290018,11:04:50.018,42.3392474,-71.0904381,20.697
4095,1073479680,1769616290288,11:04:50.288,42.3392474,-71.0904381,20.697
4096,1073741824,1769616290699,11:04:50.699,42.3392474,-71.0904381,20.697
4097,1074003968,1769616291246,11:04:51.246,42.3392474,-71.0904381,20.697
4098,1074266112,1769616291642,11:04:51.642,42.3392474,-71.0904381,20.697
4099,1074528256,1769616291949,11:04:51.949,42.3392474,-71.0904381,20.697
4100,1074790400,1769616292352,11:04:52.352,42.3392474,-71.0904381,20.697
4101,1075052544,1769616292891,11:04:52.891,42.3392474,-71.0904381,20.697
4102,1075314688,1769616293580,11:04:53.580,42.3392474,-71.0904381,20.697
4103,1075576832,1769616294108,11:04:54.108,42.3392474,-71.0904381,20.697
4104,1075838976,1769616294719,11:04:54.719,42.3392474,-71.0904381,20.697
4105,1076101120,1769616295185,11:04:55.185,42.3392474,-71.0904381,20.697
4106,1076363264,1769616295526,11:04:55.526,42.3392474,-71.0904381,20.697
4107,1076625408,1769616296094,11:04:56.094,42.3392474,-71.0904381,20.697
4108,1076887552,1769616296740,11:04:56.740,42.3392474,-71.0904381,20.697
4109,1077149696,1769616297253,11:04:57.253,42.3392474,-71.0904381,20.697
4110,1077411840,1769616297671,11:04:57.671,42.3392474,-71.0904381,20.697
4111,1077673984,1769616298157,11:04:58.157,42.3392474,-71.0904381,20.697
4112,1077936128,1769616298490,11:04:58.490,42.3392474,-71.0904381,20.697
4113,1078198272,1769616298887,11:04:58.887,42.3392474,-71.0904381,20.697
4114,1078460416,1769616299244,11:04:59.244,42.3392474,-71.0904381,20.697
4115,1078722560,1769616299731,11:04:59.731,42.3392474,-71.0904381,20.697
4116,1078984704,1769616300240,11:05:00.240,42.3392474,-71.0904381,20.697
4117,1079246848,1769616300678,11:05:00.678,42.3392474,-71.0904381,20.697
4118,1079508992,1769616300944,11:05:00.944,42.3392474,-71.0904381,20.697
4119,1079771136,1769616301433,11:05:01.433,42.3392474,-71.0904381,20.697
4120,1080033280,1769616301912,11:05:01.912,42.3392474,-71.0904381,20.697
4121,1080295424,1769616302395,11:05:02.395,42.3392474,-71.0904381,20.697
4122,1080557568,1769616302824,11:05:02.824,42.3392474,-71.0904381,20.697
4123,1080819712,1769616303478,11:05:03.478,42.3392474,-71.0904381,20.697
4124,1081081856,1769616304048,11:05:04.048,42.3392474,-71.0904381,20.697
4125,1081344000,1769616304667,11:05:04.667,42.3392474,-71.0904381,20.697
4126,1081606144,1769616305131,11:05:05.131,42.3392474,-71.0904381,20.697
4127,1081868288,1769616305563,11:05:05.563,42.3392474,-71.0904381,20.697
4128,1082130432,1769616305916,11:05:05.916,42.3392474,-71.0904381,20.697
4129,1082392576,1769616306375,11:05:06.375,42.3392474,-71.0904381,20.697
4130,1082654720,1769616306738,11:05:06.738,42.3392474,-71.0904381,20.697
4131,1082916864,1769616307137,11:05:07.137,42.3392474,-71.0904381,20.697
4132,1083179008,1769616307544,11:05:07.544,42.3392474,-71.0904381,20.697
4133,1083441152,1769616307840,11:05:07.840,42.3392474,-71.0904381,20.697
4134,1083703296,1769616308209,11:05:08.209,42.3392474,-71.0904381,20.697
4135,1083965440,1769616308535,11:05:08.535,42.3392474,-71.0904381,20.697
4136,1084227584,1769616308912,11:05:08.912,42.3392474,-71.0904381,20.697
4137,1084489728,1769616309304,11:05:09.304,42.3392474,-71.0904381,20.697
4138,1084751872,1769616309727,11:05:09.727,42.3392474,-71.0904381,20.697
4139,1085014016,1769616310183,11:05:10.183,42.3392474,-71.0904381,20.697
4140,1085276160,1769616310425,11:05:10.425,42.3392474,-71.0904381,20.697
4141,1085538304,1769616310772,11:05:10.772,42.3392474,-71.0904381,20.697
4142,1085800448,1769616311200,11:05:11.200,42.3392474,-71.0904381,20.697
4143,1086062592,1769616311697,11:05:11.697,42.3392474,-71.0904381,20.697
4144,1086324736,1769616312158,11:05:12.158,42.3392474,-71.0904381,20.697
4145,1086586880,1769616312632,11:05:12.632,42.3392474,-71.0904381,20.697
4146,1086849024,1769616315971,11:05:15.971,42.3392474,-71.0904381,20.697
4147,1087111168,1769616316218,11:05:16.218,42.3392474,-71.0904381,20.697
4148,1087373312,1769616316473,11:05:16.473,42.3392474,-71.0904381,20.697
4149,1087635456,1769616316721,11:05:16.721,42.3392474,-71.0904381,20.697
4150,1087897600,1769616316961,11:05:16.961,42.3392474,-71.0904381,20.697
4151,1088159744,1769616317236,11:05:17.236,42.3392474,-71.0904381,20.697
4152,1088421888,1769616317488,11:05:17.488,42.3392474,-71.0904381,20.697
4153,1088684032,1769616317762,11:05:17.762,42.3392474,-71.0904381,20.697
4154,1088946176,1769616318028,11:05:18.028,42.3392474,-71.0904381,20.697
4155,1089208320,1769616318279,11:05:18.279,42.3392474,-71.0904381,20.697
4156,1089470464,1769616318530,11:05:18.530,42.3392474,-71.0904381,20.697
4157,1089732608,1769616318792,11:05:18.792,42.3392474,-71.0904381,20.697
4158,1089994752,1769616319034,11:05:19.034,42.3392474,-71.0904381,20.697
4159,1090256896,1769616319291,11:05:19.291,42.3392474,-71.0904381,20.697
4160,1090519040,1769616319879,11:05:19.879,42.3392474,-71.0904381,20.697
4161,1090781184,1769616320543,11:05:20.543,42.3392474,-71.0904381,20.697
4162,1091043328,1769616321156,11:05:21.156,42.3392474,-71.0904381,20.697
4163,1091305472,1769616321757,11:05:21.757,42.3392474,-71.0904381,20.697
4164,1091567616,1769616322455,11:05:22.455,42.3392474,-71.0904381,20.697
4165,1091829760,1769616323064,11:05:23.064,42.3392474,-71.0904381,20.697
4166,1092091904,1769616323558,11:05:23.558,42.3392474,-71.0904381,20.697
4167,1092354048,1769616324046,11:05:24.046,42.3392474,-71.0904381,20.697
4168,1092616192,1769616324507,11:05:24.507,42.3392474,-71.0904381,20.697
4169,1092878336,1769616325074,11:05:25.074,42.3392474,-71.0904381,20.697
4170,1093140480,1769616325422,11:05:25.422,42.3392474,-71.0904381,20.697
4171,1093402624,1769616325771,11:05:25.771,42.3392474,-71.0904381,20.697
4172,1093664768,1769616326263,11:05:26.263,42.3392474,-71.0904381,20.697
4173,1093926912,1769616326775,11:05:26.775,42.3392474,-71.0904381,20.697
4174,1094189056,1769616327224,11:05:27.224,42.3392474,-71.0904381,20.697
4175,1094451200,1769616327576,11:05:27.576,42.3392474,-71.0904381,20.697
4176,1094713344,1769616327947,11:05:27.947,42.3392474,-71.0904381,20.697
4177,1094975488,1769616328290,11:05:28.290,42.3392474,-71.0904381,20.697
4178,1095237632,1769616328653,11:05:28.653,42.3392474,-71.0904381,20.697
4179,1095499776,1769616328962,11:05:28.962,42.3392474,-71.0904381,20.697
4180,1095761920,1769616329313,11:05:29.313,42.3392474,-71.0904381,20.697
4181,1096024064,1769616329780,11:05:29.780,42.3392474,-71.0904381,20.697
4182,1096286208,1769616330314,11:05:30.314,42.3392474,-71.0904381,20.697
4183,1096548352,1769616330699,11:05:30.699,42.3392474,-71.0904381,20.697
4184,1096810496,1769616331268,11:05:31.268,42.3392474,-71.0904381,20.697
4185,1097072640,1769616331728,11:05:31.728,42.3392474,-71.0904381,20.697
4186,1097334784,1769616332262,11:05:32.262,42.3392474,-71.0904381,20.697
4187,1097596928,1769616332774,11:05:32.774,42.3392474,-71.0904381,20.697
4188,1097859072,1769616333400,11:05:33.400,42.3392474,-71.0904381,20.697
4189,1098121216,1769616333892,11:05:33.892,42.3392474,-71.0904381,20.697
4190,1098383360,1769616334248,11:05:34.248,42.3392474,-71.0904381,20.697
4191,1098645504,1769616334614,11:05:34.614,42.3392474,-71.0904381,20.697
4192,1098907648,1769616334979,11:05:34.979,42.3392474,-71.0904381,20.697
4193,1099169792,1769616335413,11:05:35.413,42.3392474,-71.0904381,20.697
4194,1099431936,1769616335826,11:05:35.826,42.3392474,-71.0904381,20.697
4195,1099694080,1769616336185,11:05:36.185,42.3392474,-71.0904381,20.697
4196,1099956224,1769616336613,11:05:36.613,42.3392474,-71.0904381,20.697
4197,1100218368,1769616337156,11:05:37.156,42.3392474,-71.0904381,20.697
4198,1100480512,1769616337651,11:05:37.651,42.3392474,-71.0904381,20.697
4199,1100742656,1769616338211,11:05:38.211,42.3392474,-71.0904381,20.697
4200,1101004800,1769616338655,11:05:38.655,42.3392474,-71.0904381,20.697
4201,1101266944,1769616339089,11:05:39.089,42.3392474,-71.0904381,20.697
4202,1101529088,1769616339619,11:05:39.619,42.3392474,-71.0904381,20.697
4203,1101791232,1769616340024,11:05:40.024,42.3392474,-71.0904381,20.697
4204,1102053376,1769616340377,11:05:40.377,42.3392474,-71.0904381,20.697
4205,1102315520,1769616340733,11:05:40.733,42.3392474,-71.0904381,20.697
4206,1102577664,1769616341079,11:05:41.079,42.3392474,-71.0904381,20.697
4207,1102839808,1769616341595,11:05:41.595,42.3392474,-71.0904381,20.697
4208,1103101952,1769616342203,11:05:42.203,42.3392474,-71.0904381,20.697
4209,1103364096,1769616342678,11:05:42.678,42.3392474,-71.0904381,20.697
4210,1103626240,1769616342961,11:05:42.961,42.3392474,-71.0904381,20.697
4211,1103888384,1769616343553,11:05:43.553,42.3392474,-71.0904381,20.697
4212,1104150528,1769616346932,11:05:46.932,42.3392474,-71.0904381,20.697
4213,1104412672,1769616347227,11:05:47.227,42.3392474,-71.0904381,20.697
4214,1104674816,1769616347525,11:05:47.525,42.3392474,-71.0904381,20.697
4215,1104936960,1769616347788,11:05:47.788,42.3392474,-71.0904381,20.697
4216,1105199104,1769616348062,11:05:48.062,42.3392474,-71.0904381,20.697
4217,1105461248,1769616348318,11:05:48.318,42.3392474,-71.0904381,20.697
4218,1105723392,1769616348580,11:05:48.580,42.3392474,-71.0904381,20.697
4219,1105985536,1769616348835,11:05:48.835,42.3392474,-71.0904381,20.697
4220,1106247680,1769616349091,11:05:49.091,42.3392474,-71.0904381,20.697
4221,1106509824,1769616349339,11:05:49.339,42.3392474,-71.0904381,20.697
4222,1106771968,1769616349585,11:05:49.585,42.3392474,-71.0904381,20.697
4223,1107034112,1769616349852,11:05:49.852,42.3392474,-71.0904381,20.697
4224,1107296256,1769616350228,11:05:50.228,42.3392474,-71.0904381,20.697
4225,1107558400,1769616350685,11:05:50.685,42.3392474,-71.0904381,20.697
4226,1107820544,1769616351103,11:05:51.103,42.3392474,-71.0904381,20.697
4227,1108082688,1769616351716,11:05:51.716,42.3392474,-71.0904381,20.697
4228,1108344832,1769616352308,11:05:52.308,42.3392474,-71.0904381,20.697
4229,1108606976,1769616353035,11:05:53.035,42.3392474,-71.0904381,20.697
4230,1108869120,1769616353528,11:05:53.528,42.3392474,-71.0904381,20.697
4231,1109131264,1769616353797,11:05:53.797,42.3392474,-71.0904381,20.697
4232,1109393408,1769616354209,11:05:54.209,42.3392474,-71.0904381,20.697
4233,1109655552,1769616354598,11:05:54.598,42.3392474,-71.0904381,20.697
4234,1109917696,1769616354969,11:05:54.969,42.3392474,-71.0904381,20.697
4235,1110179840,1769616355321,11:05:55.321,42.3392474,-71.0904381,20.697
4236,1110441984,1769616355671,11:05:55.671,42.3392474,-71.0904381,20.697
4237,1110704128,1769616356022,11:05:56.022,42.3392474,-71.0904381,20.697
4238,1110966272,1769616356372,11:05:56.372,42.3392474,-71.0904381,20.697
4239,1111228416,1769616356744,11:05:56.744,42.3392474,-71.0904381,20.697
4240,1111490560,1769616357103,11:05:57.103,42.3392474,-71.0904381,20.697
4241,1111752704,1769616357628,11:05:57.628,42.3392474,-71.0904381,20.697
4242,1112014848,1769616358057,11:05:58.057,42.3392474,-71.0904381,20.697
4243,1112276992,1769616358439,11:05:58.439,42.3392474,-71.0904381,20.697
4244,1112539136,1769616358794,11:05:58.794,42.3392474,-71.0904381,20.697
4245,1112801280,1769616359140,11:05:59.140,42.3392474,-71.0904381,20.697
4246,1113063424,1769616359541,11:05:59.541,42.3392474,-71.0904381,20.697
4247,1113325568,1769616359898,11:05:59.898,42.3392474,-71.0904381,20.697
4248,1113587712,1769616360294,11:06:00.294,42.3392474,-71.0904381,20.697
4249,1113849856,1769616360601,11:06:00.601,42.3392474,-71.0904381,20.697
4250,1114112000,1769616360957,11:06:00.957,42.3392474,-71.0904381,20.697
4251,1114374144,1769616361463,11:06:01.463,42.3392474,-71.0904381,20.697
4252,1114636288,1769616361917,11:06:01.917,42.3392474,-71.0904381,20.697
4253,1114898432,1769616362404,11:06:02.404,42.3392474,-71.0904381,20.697
4254,1115160576,1769616362849,11:06:02.849,42.3392474,-71.0904381,20.697
4255,1115422720,1769616363304,11:06:03.304,42.3392474,-71.0904381,20.697
4256,1115684864,1769616363785,11:06:03.785,42.3392474,-71.0904381,20.697
4257,1115947008,1769616364278,11:06:04.278,42.3392474,-71.0904381,20.697
4258,1116209152,1769616364774,11:06:04.774,42.3392474,-71.0904381,20.697
4259,1116471296,1769616365311,11:06:05.311,42.3392474,-71.0904381,20.697
4260,1116733440,1769616365671,11:06:05.671,42.3392474,-71.0904381,20.697
4261,1116995584,1769616366030,11:06:06.030,42.3392474,-71.0904381,20.697
4262,1117257728,1769616366437,11:06:06.437,42.3392474,-71.0904381,20.697
4263,1117519872,1769616366735,11:06:06.735,42.3392474,-71.0904381,20.697
4264,1117782016,1769616367085,11:06:07.085,42.3392474,-71.0904381,20.697
4265,1118044160,1769616367454,11:06:07.454,42.3392474,-71.0904381,20.697
4266,1118306304,1769616367872,11:06:07.872,42.3392474,-71.0904381,20.697
4267,1118568448,1769616368286,11:06:08.286,42.3392474,-71.0904381,20.697
4268,1118830592,1769616368603,11:06:08.603,42.3392474,-71.0904381,20.697
4269,1119092736,1769616368979,11:06:08.979,42.3392474,-71.0904381,20.697
4270,1119354880,1769616369665,11:06:09.665,42.3392474,-71.0904381,20.697
4271,1119617024,1769616370224,11:06:10.224,42.3392474,-71.0904381,20.697
4272,1119879168,1769616370656,11:06:10.656,42.3392474,-71.0904381,20.697
4273,1120141312,1769616371218,11:06:11.218,42.3392474,-71.0904381,20.697
4274,1120403456,1769616371767,11:06:11.767,42.3392474,-71.0904381,20.697
4275,1120665600,1769616372364,11:06:12.364,42.3392474,-71.0904381,20.697
4276,1120927744,1769616372858,11:06:12.858,42.3392474,-71.0904381,20.697
4277,1121189888,1769616373465,11:06:13.465,42.3392474,-71.0904381,20.697
4278,1121452032,1769616374064,11:06:14.064,42.3392474,-71.0904381,20.697
4279,1121714176,1769616377808,11:06:17.808,42.3392474,-71.0904381,20.697
4280,1121976320,1769616378064,11:06:18.064,42.3392474,-71.0904381,20.697
4281,1122238464,1769616378314,11:06:18.314,42.3392474,-71.0904381,20.697
4282,1122500608,1769616378591,11:06:18.591,42.3392474,-71.0904381,20.697
4283,1122762752,1769616378849,11:06:18.849,42.3392474,-71.0904381,20.697
4284,1123024896,1769616379120,11:06:19.120,42.3392474,-71.0904381,20.697
4285,1123287040,1769616379384,11:06:19.384,42.3392474,-71.0904381,20.697
4286,1123549184,1769616379628,11:06:19.628,42.3392474,-71.0904381,20.697
4287,1123811328,1769616379870,11:06:19.870,42.3392474,-71.0904381,20.697
4288,1124073472,1769616380123,11:06:20.123,42.3392474,-71.0904381,20.697
4289,1124335616,1769616380379,11:06:20.379,42.3392474,-71.0904381,20.697
4290,1124597760,1769616380635,11:06:20.635,42.3392474,-71.0904381,20.697
4291,1124859904,1769616381101,11:06:21.101,42.3392474,-71.0904381,20.697
4292,1125122048,1769616381507,11:06:21.507,42.3392474,-71.0904381,20.697
4293,1125384192,1769616381968,11:06:21.968,42.3392474,-71.0904381,20.697
4294,1125646336,1769616382393,11:06:22.393,42.3392474,-71.0904381,20.697
4295,1125908480,1769616382781,11:06:22.781,42.3392474,-71.0904381,20.697
4296,1126170624,1769616383309,11:06:23.309,42.3392474,-71.0904381,20.697
4297,1126432768,1769616383833,11:06:23.833,42.3392474,-71.0904381,20.697
4298,1126694912,1769616384292,11:06:24.292,42.3392474,-71.0904381,20.697
4299,1126957056,1769616384749,11:06:24.749,42.3392474,-71.0904381,20.697
4300,1127219200,1769616385168,11:06:25.168,42.3392474,-71.0904381,20.697
4301,1127481344,1769616385551,11:06:25.551,42.3392474,-71.0904381,20.697
4302,1127743488,1769616386018,11:06:26.018,42.3392474,-71.0904381,20.697
4303,1128005632,1769616386462,11:06:26.462,42.3392474,-71.0904381,20.697
4304,1128267776,1769616387012,11:06:27.012,42.3392474,-71.0904381,20.697
4305,1128529920,1769616387608,11:06:27.608,42.3392474,-71.0904381,20.697
4306,1128792064,1769616388206,11:06:28.206,42.3392474,-71.0904381,20.697
4307,1129054208,1769616388782,11:06:28.782,42.3392474,-71.0904381,20.697
4308,1129316352,1769616389307,11:06:29.307,42.3392474,-71.0904381,20.697
4309,1129578496,1769616389797,11:06:29.797,42.3392474,-71.0904381,20.697
4310,1129840640,1769616390493,11:06:30.493,42.3392474,-71.0904381,20.697
4311,1130102784,1769616390994,11:06:30.994,42.3392474,-71.0904381,20.697
4312,1130364928,1769616391399,11:06:31.399,42.3392474,-71.0904381,20.697
4313,1130627072,1769616392047,11:06:32.047,42.3392474,-71.0904381,20.697
4314,1130889216,1769616392728,11:06:32.728,42.3392474,-71.0904381,20.697
4315,1131151360,1769616393257,11:06:33.257,42.3392474,-71.0904381,20.697
4316,1131413504,1769616393610,11:06:33.610,42.3392474,-71.0904381,20.697
4317,1131675648,1769616393961,11:06:33.961,42.3392474,-71.0904381,20.697
4318,1131937792,1769616394324,11:06:34.324,42.3392474,-71.0904381,20.697
4319,1132199936,1769616394676,11:06:34.676,42.3392474,-71.0904381,20.697
4320,1132462080,1769616395072,11:06:35.072,42.3392474,-71.0904381,20.697
4321,1132724224,1769616395377,11:06:35.377,42.3392474,-71.0904381,20.697
4322,1132986368,1769616395736,11:06:35.736,42.3392474,-71.0904381,20.697
4323,1133248512,1769616396113,11:06:36.113,42.3392474,-71.0904381,20.697
4324,1133510656,1769616396465,11:06:36.465,42.3392474,-71.0904381,20.697
4325,1133772800,1769616396818,11:06:36.818,42.3392474,-71.0904381,20.697
4326,1134034944,1769616397241,11:06:37.241,42.3392474,-71.0904381,20.697
4327,1134297088,1769616397564,11:06:37.564,42.3392474,-71.0904381,20.697
4328,1134559232,1769616397944,11:06:37.944,42.3392474,-71.0904381,20.697
4329,1134821376,1769616398338,11:06:38.338,42.3392474,-71.0904381,20.697
4330,1135083520,1769616398741,11:06:38.741,42.3392474,-71.0904381,20.697
4331,1135345664,1769616399126,11:06:39.126,42.3392474,-71.0904381,20.697
4332,1135607808,1769616399534,11:06:39.534,42.3392474,-71.0904381,20.697
4333,1135869952,1769616399970,11:06:39.970,42.3392474,-71.0904381,20.697
4334,1136132096,1769616400323,11:06:40.323,42.3392474,-71.0904381,20.697
4335,1136394240,1769616400665,11:06:40.665,42.3392474,-71.0904381,20.697
4336,1136656384,1769616401088,11:06:41.088,42.3392474,-71.0904381,20.697
4337,1136918528,1769616401367,11:06:41.367,42.3392474,-71.0904381,20.697
4338,1137180672,1769616401717,11:06:41.717,42.3392474,-71.0904381,20.697
4339,1137442816,1769616402111,11:06:42.111,42.3392474,-71.0904381,20.697
4340,1137704960,1769616402417,11:06:42.417,42.3392474,-71.0904381,20.697
4341,1137967104,1769616402773,11:06:42.773,42.3392474,-71.0904381,20.697
4342,1138229248,1769616403118,11:06:43.118,42.3392474,-71.0904381,20.697
4343,1138491392,1769616403529,11:06:43.529,42.3392474,-71.0904381,20.697
4344,1138753536,1769616404031,11:06:44.031,42.3392474,-71.0904381,20.697
4345,1139015680,1769616404471,11:06:44.471,42.3392474,-71.0904381,20.697
4346,1139277824,1769616408022,11:06:48.022,42.3392474,-71.0904381,20.697
4347,1139539968,1769616408305,11:06:48.305,42.3392474,-71.0904381,20.697
4348,1139802112,1769616408574,11:06:48.574,42.3392474,-71.0904381,20.697
4349,1140064256,1769616408842,11:06:48.842,42.3392474,-71.0904381,20.697
4350,1140326400,1769616409125,11:06:49.125,42.3392474,-71.0904381,20.697
4351,1140588544,1769616409396,11:06:49.396,42.3392474,-71.0904381,20.697
4352,1140850688,1769616409668,11:06:49.668,42.3392474,-71.0904381,20.697
4353,1141112832,1769616409946,11:06:49.946,42.3392474,-71.0904381,20.697
4354,1141374976,1769616410184,11:06:50.184,42.3392474,-71.0904381,20.697
4355,1141637120,1769616410455,11:06:50.455,42.3392474,-71.0904381,20.697
4356,1141899264,1769616410702,11:06:50.702,42.3392474,-71.0904381,20.697
4357,1142161408,1769616410957,11:06:50.957,42.3392474,-71.0904381,20.697
4358,1142423552,1769616411232,11:06:51.232,42.3392474,-71.0904381,20.697
4359,1142685696,1769616411485,11:06:51.485,42.3392474,-71.0904381,20.697
4360,1142947840,1769616411736,11:06:51.736,42.3392474,-71.0904381,20.697
4361,1143209984,1769616411989,11:06:51.989,42.3392474,-71.0904381,20.697
4362,1143472128,1769616412246,11:06:52.246,42.3392474,-71.0904381,20.697
4363,1143734272,1769616412493,11:06:52.493,42.3392474,-71.0904381,20.697
4364,1143996416,1769616412757,11:06:52.757,42.3392474,-71.0904381,20.697
4365,1144258560,1769616413230,11:06:53.230,42.3392474,-71.0904381,20.697
4366,1144520704,1769616413762,11:06:53.762,42.3392474,-71.0904381,20.697
4367,1144782848,1769616414247,11:06:54.247,42.3392474,-71.0904381,20.697
4368,1145044992,1769616414750,11:06:54.750,42.3392474,-71.0904381,20.697
4369,1145307136,1769616415251,11:06:55.251,42.3392474,-71.0904381,20.697
4370,1145569280,1769616415827,11:06:55.827,42.3392474,-71.0904381,20.697
4371,1145831424,1769616416262,11:06:56.262,42.3392474,-71.0904381,20.697
4372,1146093568,1769616416576,11:06:56.576,42.3392474,-71.0904381,20.697
4373,1146355712,1769616417086,11:06:57.086,42.3392474,-71.0904381,20.697
4374,1146617856,1769616417569,11:06:57.569,42.3392474,-71.0904381,20.697
4375,1146880000,1769616417919,11:06:57.919,42.3392474,-71.0904381,20.697
4376,1147142144,1769616418343,11:06:58.343,42.3392474,-71.0904381,20.697
4377,1147404288,1769616418689,11:06:58.689,42.3392474,-71.0904381,20.697
4378,1147666432,1769616419068,11:06:59.068,42.3392474,-71.0904381,20.697
4379,1147928576,1769616419524,11:06:59.524,42.3392474,-71.0904381,20.697
4380,1148190720,1769616420035,11:07:00.035,42.3392474,-71.0904381,20.697
4381,1148452864,1769616420445,11:07:00.445,42.3392474,-71.0904381,20.697
4382,1148715008,1769616420871,11:07:00.871,42.3392474,-71.0904381,20.697
4383,1148977152,1769616421401,11:07:01.401,42.3392474,-71.0904381,20.697
4384,1149239296,1769616421946,11:07:01.946,42.3392474,-71.0904381,20.697
4385,1149501440,1769616422489,11:07:02.489,42.3392474,-71.0904381,20.697
4386,1149763584,1769616423019,11:07:03.019,42.3392474,-71.0904381,20.697
4387,1150025728,1769616423684,11:07:03.684,42.3392474,-71.0904381,20.697
4388,1150287872,1769616424348,11:07:04.348,42.3392474,-71.0904381,20.697
4389,1150550016,1769616424796,11:07:04.796,42.3392474,-71.0904381,20.697
4390,1150812160,1769616425397,11:07:05.397,42.3392474,-71.0904381,20.697
4391,1151074304,1769616425847,11:07:05.847,42.3392474,-71.0904381,20.697
4392,1151336448,1769616426241,11:07:06.241,42.3392474,-71.0904381,20.697
4393,1151598592,1769616426607,11:07:06.607,42.3392474,-71.0904381,20.697
4394,1151860736,1769616426945,11:07:06.945,42.3392474,-71.0904381,20.697
4395,1152122880,1769616427373,11:07:07.373,42.3392474,-71.0904381,20.697
4396,1152385024,1769616427770,11:07:07.770,42.3392474,-71.0904381,20.697
4397,1152647168,1769616428129,11:07:08.129,42.3392474,-71.0904381,20.697
4398,1152909312,1769616428590,11:07:08.590,42.3392474,-71.0904381,20.697
4399,1153171456,1769616428988,11:07:08.988,42.3392474,-71.0904381,20.697
4400,1153433600,1769616429641,11:07:09.641,42.3392474,-71.0904381,20.697
4401,1153695744,1769616430246,11:07:10.246,42.3392474,-71.0904381,20.697
4402,1153957888,1769616430858,11:07:10.858,42.3392474,-71.0904381,20.697
4403,1154220032,1769616431479,11:07:11.479,42.3392474,-71.0904381,20.697
4404,1154482176,1769616432250,11:07:12.250,42.3392474,-71.0904381,20.697
4405,1154744320,1769616432991,11:07:12.991,42.3392474,-71.0904381,20.697
4406,1155006464,1769616433498,11:07:13.498,42.3392474,-71.0904381,20.697
4407,1155268608,1769616433833,11:07:13.833,42.3392474,-71.0904381,20.697
4408,1155530752,1769616434192,11:07:14.192,42.3392474,-71.0904381,20.697
4409,1155792896,1769616434535,11:07:14.535,42.3392474,-71.0904381,20.697
4410,1156055040,1769616434949,11:07:14.949,42.3392474,-71.0904381,20.697
4411,1156317184,1769616438069,11:07:18.069,42.3392474,-71.0904381,20.697
4412,1156579328,1769616438313,11:07:18.313,42.3392474,-71.0904381,20.697
4413,1156841472,1769616438547,11:07:18.547,42.3392474,-71.0904381,20.697
4414,1157103616,1769616438804,11:07:18.804,42.3392474,-71.0904381,20.697
4415,1157365760,1769616439053,11:07:19.053,42.3392474,-71.0904381,20.697
4416,1157627904,1769616439317,11:07:19.317,42.3392474,-71.0904381,20.697
4417,1157890048,1769616439564,11:07:19.564,42.3392474,-71.0904381,20.697
4418,1158152192,1769616439816,11:07:19.816,42.3392474,-71.0904381,20.697
4419,1158414336,1769616440065,11:07:20.065,42.3392474,-71.0904381,20.697
4420,1158676480,1769616440323,11:07:20.323,42.3392474,-71.0904381,20.697
4421,1158938624,1769616440574,11:07:20.574,42.3392474,-71.0904381,20.697
4422,1159200768,1769616440832,11:07:20.832,42.3392474,-71.0904381,20.697
4423,1159462912,1769616441086,11:07:21.086,42.3392474,-71.0904381,20.697
4424,1159725056,1769616441340,11:07:21.340,42.3392474,-71.0904381,20.697
4425,1159987200,1769616441590,11:07:21.590,42.3392474,-71.0904381,20.697
4426,1160249344,1769616441830,11:07:21.830,42.3392474,-71.0904381,20.697
4427,1160511488,1769616442085,11:07:22.085,42.3392474,-71.0904381,20.697
4428,1160773632,1769616442351,11:07:22.351,42.3392474,-71.0904381,20.697
4429,1161035776,1769616442605,11:07:22.605,42.3392474,-71.0904381,20.697
4430,1161297920,1769616442855,11:07:22.855,42.3392474,-71.0904381,20.697
4431,1161560064,1769616443112,11:07:23.112,42.3392474,-71.0904381,20.697
4432,1161822208,1769616443364,11:07:23.364,42.3392474,-71.0904381,20.697
4433,1162084352,1769616443608,11:07:23.608,42.3392474,-71.0904381,20.697
4434,1162346496,1769616443853,11:07:23.853,42.3392474,-71.0904381,20.697
4435,1162608640,1769616444118,11:07:24.118,42.3392474,-71.0904381,20.697
4436,1162870784,1769616444392,11:07:24.392,42.3392474,-71.0904381,20.697
4437,1163132928,1769616444726,11:07:24.726,42.3392474,-71.0904381,20.697
4438,1163395072,1769616445076,11:07:25.076,42.3392474,-71.0904381,20.697
4439,1163657216,1769616445427,11:07:25.427,42.3392474,-71.0904381,20.697
4440,1163919360,1769616445777,11:07:25.777,42.3392474,-71.0904381,20.697
4441,1164181504,1769616446126,11:07:26.126,42.3392474,-71.0904381,20.697
4442,1164443648,1769616446478,11:07:26.478,42.3392474,-71.0904381,20.697
4443,1164705792,1769616446831,11:07:26.831,42.3392474,-71.0904381,20.697
4444,1164967936,1769616447225,11:07:27.225,42.3392474,-71.0904381,20.697
4445,1165230080,1769616447531,11:07:27.531,42.3392474,-71.0904381,20.697
4446,1165492224,1769616447921,11:07:27.921,42.3392474,-71.0904381,20.697
4447,1165754368,1769616448321,11:07:28.321,42.3392474,-71.0904381,20.697
4448,1166016512,1769616448783,11:07:28.783,42.3392474,-71.0904381,20.697
4449,1166278656,1769616449050,11:07:29.050,42.3392474,-71.0904381,20.697
4450,1166540800,1769616449391,11:07:29.391,42.3392474,-71.0904381,20.697
4451,1166802944,1769616449742,11:07:29.742,42.3392474,-71.0904381,20.697
4452,1167065088,1769616450093,11:07:30.093,42.3392474,-71.0904381,20.697
4453,1167327232,1769616450444,11:07:30.444,42.3392474,-71.0904381,20.697
4454,1167589376,1769616450793,11:07:30.793,42.3392474,-71.0904381,20.697
4455,1167851520,1769616451143,11:07:31.143,42.3392474,-71.0904381,20.697
4456,1168113664,1769616451496,11:07:31.496,42.3392474,-71.0904381,20.697
4457,1168375808,1769616451862,11:07:31.862,42.3392474,-71.0904381,20.697
4458,1168637952,1769616452216,11:07:32.216,42.3392474,-71.0904381,20.697
4459,1168900096,1769616452568,11:07:32.568,42.3392474,-71.0904381,20.697
4460,1169162240,1769616452918,11:07:32.918,42.3392474,-71.0904381,20.697
4461,1169424384,1769616453359,11:07:33.359,42.3392474,-71.0904381,20.697
4462,1169686528,1769616453864,11:07:33.864,42.3392474,-71.0904381,20.697
4463,1169948672,1769616454395,11:07:34.395,42.3392474,-71.0904381,20.697
4464,1170210816,1769616454874,11:07:34.874,42.3392474,-71.0904381,20.697
4465,1170472960,1769616455431,11:07:35.431,42.3392474,-71.0904381,20.697
4466,1170735104,1769616456072,11:07:36.072,42.3392474,-71.0904381,20.697
4467,1170997248,1769616456549,11:07:36.549,42.3392474,-71.0904381,20.697
4468,1171259392,1769616457125,11:07:37.125,42.3392474,-71.0904381,20.697
4469,1171521536,1769616457776,11:07:37.776,42.3392474,-71.0904381,20.697
4470,1171783680,1769616458173,11:07:38.173,42.3392474,-71.0904381,20.697
4471,1172045824,1769616458507,11:07:38.507,42.3392474,-71.0904381,20.697
4472,1172307968,1769616458920,11:07:38.920,42.3392474,-71.0904381,20.697
4473,1172570112,1769616459209,11:07:39.209,42.3392474,-71.0904381,20.697
4474,1172832256,1769616459560,11:07:39.560,42.3392474,-71.0904381,20.697
4475,1173094400,1769616459911,11:07:39.911,42.3392474,-71.0904381,20.697
4476,1173356544,1769616460263,11:07:40.263,42.3392474,-71.0904381,20.697
4477,1173618688,1769616460613,11:07:40.613,42.3392474,-71.0904381,20.697
4478,1173880832,1769616460963,11:07:40.963,42.3392474,-71.0904381,20.697
4479,1174142976,1769616461319,11:07:41.319,42.3392474,-71.0904381,20.697
4480,1174405120,1769616461747,11:07:41.747,42.3392474,-71.0904381,20.697
4481,1174667264,1769616462103,11:07:42.103,42.3392474,-71.0904381,20.697
4482,1174929408,1769616462519,11:07:42.519,42.3392474,-71.0904381,20.697
4483,1175191552,1769616462919,11:07:42.919,42.3392474,-71.0904381,20.697
4484,1175453696,1769616463318,11:07:43.318,42.3392474,-71.0904381,20.697
4485,1175715840,1769616463692,11:07:43.692,42.3392474,-71.0904381,20.697
4486,1175977984,1769616464108,11:07:44.108,42.3392474,-71.0904381,20.697
4487,1176240128,1769616464393,11:07:44.393,42.3392474,-71.0904381,20.697
4488,1176502272,1769616464742,11:07:44.742,42.3392474,-71.0904381,20.697
4489,1176764416,1769616465092,11:07:45.092,42.3392474,-71.0904381,20.697
4490,1177026560,1769616468329,11:07:48.329,42.3392474,-71.0904381,20.697
4491,1177288704,1769616468614,11:07:48.614,42.3392474,-71.0904381,20.697
4492,1177550848,1769616468882,11:07:48.882,42.3392474,-71.0904381,20.697
4493,1177812992,1769616469158,11:07:49.158,42.3392474,-71.0904381,20.697
4494,1178075136,1769616469432,11:07:49.432,42.3392474,-71.0904381,20.697
4495,1178337280,1769616469692,11:07:49.692,42.3392474,-71.0904381,20.697
4496,1178599424,1769616469962,11:07:49.962,42.3392474,-71.0904381,20.697
4497,1178861568,1769616470236,11:07:50.236,42.3392474,-71.0904381,20.697
4498,1179123712,1769616470522,11:07:50.522,42.3392474,-71.0904381,20.697
4499,1179385856,1769616470805,11:07:50.805,42.3392474,-71.0904381,20.697
4500,1179648000,1769616471048,11:07:51.048,42.3392474,-71.0904381,20.697
4501,1179910144,1769616471310,11:07:51.310,42.3392474,-71.0904381,20.697
4502,1180172288,1769616471558,11:07:51.558,42.3392474,-71.0904381,20.697
4503,1180434432,1769616471804,11:07:51.804,42.3392474,-71.0904381,20.697
4504,1180696576,1769616472052,11:07:52.052,42.3392474,-71.0904381,20.697
4505,1180958720,1769616472488,11:07:52.488,42.3392474,-71.0904381,20.697
4506,1181220864,1769616472947,11:07:52.947,42.3392474,-71.0904381,20.697
4507,1181483008,1769616473303,11:07:53.303,42.3392474,-71.0904381,20.697
4508,1181745152,1769616474041,11:07:54.041,42.3392474,-71.0904381,20.697
4509,1182007296,1769616474755,11:07:54.755,42.3392474,-71.0904381,20.697
4510,1182269440,1769616475413,11:07:55.413,42.3392474,-71.0904381,20.697
4511,1182531584,1769616476096,11:07:56.096,42.3392474,-71.0904381,20.697
4512,1182793728,1769616476808,11:07:56.808,42.3392474,-71.0904381,20.697
4513,1183055872,1769616477510,11:07:57.510,42.3392474,-71.0904381,20.697
4514,1183318016,1769616478195,11:07:58.195,42.3392474,-71.0904381,20.697
4515,1183580160,1769616478697,11:07:58.697,42.3392474,-71.0904381,20.697
4516,1183842304,1769616479026,11:07:59.026,42.3392474,-71.0904381,20.697
4517,1184104448,1769616479396,11:07:59.396,42.3392474,-71.0904381,20.697
4518,1184366592,1769616479727,11:07:59.727,42.3392474,-71.0904381,20.697
4519,1184628736,1769616480319,11:08:00.319,42.3392474,-71.0904381,20.697
4520,1184890880,1769616480792,11:08:00.792,42.3392474,-71.0904381,20.697
4521,1185153024,1769616481322,11:08:01.322,42.3392474,-71.0904381,20.697
4522,1185415168,1769616481856,11:08:01.856,42.3392474,-71.0904381,20.697
4523,1185677312,1769616482339,11:08:02.339,42.3392474,-71.0904381,20.697
4524,1185939456,1769616482827,11:08:02.827,42.3392474,-71.0904381,20.697
4525,1186201600,1769616483457,11:08:03.457,42.3392474,-71.0904381,20.697
4526,1186463744,1769616484009,11:08:04.009,42.3392474,-71.0904381,20.697
4527,1186725888,1769616484577,11:08:04.577,42.3392474,-71.0904381,20.697
4528,1186988032,1769616485049,11:08:05.049,42.3392474,-71.0904381,20.697
4529,1187250176,1769616485624,11:08:05.624,42.3392474,-71.0904381,20.697
4530,1187512320,1769616486162,11:08:06.162,42.3392474,-71.0904381,20.697
4531,1187774464,1769616486691,11:08:06.691,42.3392474,-71.0904381,20.697
4532,1188036608,1769616487161,11:08:07.161,42.3392474,-71.0904381,20.697
4533,1188298752,1769616487473,11:08:07.473,42.3392474,-71.0904381,20.697
4534,1188560896,1769616487929,11:08:07.929,42.3392474,-71.0904381,20.697
4535,1188823040,1769616488370,11:08:08.370,42.3392474,-71.0904381,20.697
4536,1189085184,1769616488651,11:08:08.651,42.3392474,-71.0904381,20.697
4537,1189347328,1769616489000,11:08:09.000,42.3392474,-71.0904381,20.697
4538,1189609472,1769616489677,11:08:09.677,42.3392474,-71.0904381,20.697
4539,1189871616,1769616490234,11:08:10.234,42.3392474,-71.0904381,20.697
4540,1190133760,1769616490882,11:08:10.882,42.3392474,-71.0904381,20.697
4541,1190395904,1769616491526,11:08:11.526,42.3392474,-71.0904381,20.697
4542,1190658048,1769616491874,11:08:11.874,42.3392474,-71.0904381,20.697
4543,1190920192,1769616492533,11:08:12.533,42.3392474,-71.0904381,20.697
4544,1191182336,1769616493208,11:08:13.208,42.3392474,-71.0904381,20.697
4545,1191444480,1769616493570,11:08:13.570,42.3392474,-71.0904381,20.697
4546,1191706624,1769616493940,11:08:13.940,42.3392474,-71.0904381,20.697
4547,1191968768,1769616494345,11:08:14.345,42.3392474,-71.0904381,20.697
4548,1192230912,1769616494641,11:08:14.641,42.3392474,-71.0904381,20.697
4549,1192493056,1769616494992,11:08:14.992,42.3392474,-71.0904381,20.697
4550,1192755200,1769616495358,11:08:15.358,42.3392474,-71.0904381,20.697
4551,1193017344,1769616498409,11:08:18.409,42.3392474,-71.0904381,20.697
4552,1193279488,1769616498673,11:08:18.673,42.3392474,-71.0904381,20.697
4553,1193541632,1769616498922,11:08:18.922,42.3392474,-71.0904381,20.697
4554,1193803776,1769616499168,11:08:19.168,42.3392474,-71.0904381,20.697
4555,1194065920,1769616499402,11:08:19.402,42.3392474,-71.0904381,20.697
4556,1194328064,1769616499658,11:08:19.658,42.3392474,-71.0904381,20.697
4557,1194590208,1769616499917,11:08:19.917,42.3392474,-71.0904381,20.697
4558,1194852352,1769616500152,11:08:20.152,42.3392474,-71.0904381,20.697
4559,1195114496,1769616500411,11:08:20.411,42.3392474,-71.0904381,20.697
4560,1195376640,1769616500676,11:08:20.676,42.3392474,-71.0904381,20.697
4561,1195638784,1769616500949,11:08:20.949,42.3392474,-71.0904381,20.697
4562,1195900928,1769616501209,11:08:21.209,42.3392474,-71.0904381,20.697
4563,1196163072,1769616501456,11:08:21.456,42.3392474,-71.0904381,20.697
4564,1196425216,1769616501729,11:08:21.729,42.3392474,-71.0904381,20.697
4565,1196687360,1769616502005,11:08:22.005,42.3392474,-71.0904381,20.697
4566,1196949504,1769616502388,11:08:22.388,42.3392474,-71.0904381,20.697
4567,1197211648,1769616502737,11:08:22.737,42.3392474,-71.0904381,20.697
4568,1197473792,1769616503202,11:08:23.202,42.3392474,-71.0904381,20.697
4569,1197735936,1769616503648,11:08:23.648,42.3392474,-71.0904381,20.697
4570,1197998080,1769616504066,11:08:24.066,42.3392474,-71.0904381,20.697
4571,1198260224,1769616504423,11:08:24.423,42.3392474,-71.0904381,20.697
4572,1198522368,1769616504772,11:08:24.772,42.3392474,-71.0904381,20.697
4573,1198784512,1769616505273,11:08:25.273,42.3392474,-71.0904381,20.697
4574,1199046656,1769616505673,11:08:25.673,42.3392474,-71.0904381,20.697
4575,1199308800,1769616506102,11:08:26.102,42.3392474,-71.0904381,20.697
4576,1199570944,1769616506532,11:08:26.532,42.3392474,-71.0904381,20.697
4577,1199833088,1769616506939,11:08:26.939,42.3392474,-71.0904381,20.697
4578,1200095232,1769616507410,11:08:27.410,42.3392474,-71.0904381,20.697
4579,1200357376,1769616507665,11:08:27.665,42.3392474,-71.0904381,20.697
4580,1200619520,1769616507992,11:08:27.992,42.3392474,-71.0904381,20.697
4581,1200881664,1769616508396,11:08:28.396,42.3392474,-71.0904381,20.697
4582,1201143808,1769616508705,11:08:28.705,42.3392474,-71.0904381,20.697
4583,1201405952,1769616509055,11:08:29.055,42.3392474,-71.0904381,20.697
4584,1201668096,1769616509406,11:08:29.406,42.3392474,-71.0904381,20.697
4585,1201930240,1769616509756,11:08:29.756,42.3392474,-71.0904381,20.697
4586,1202192384,1769616510106,11:08:30.106,42.3392474,-71.0904381,20.697
4587,1202454528,1769616510456,11:08:30.456,42.3392474,-71.0904381,20.697
4588,1202716672,1769616510814,11:08:30.814,42.3392474,-71.0904381,20.697
4589,1202978816,1769616511227,11:08:31.227,42.3392474,-71.0904381,20.697
4590,1203240960,1769616511651,11:08:31.651,42.3392474,-71.0904381,20.697
4591,1203503104,1769616512063,11:08:32.063,42.3392474,-71.0904381,20.697
4592,1203765248,1769616512495,11:08:32.495,42.3392474,-71.0904381,20.697
4593,1204027392,1769616513011,11:08:33.011,42.3392474,-71.0904381,20.697
4594,1204289536,1769616513461,11:08:33.461,42.3392474,-71.0904381,20.697
4595,1204551680,1769616513891,11:08:33.891,42.3392474,-71.0904381,20.697
4596,1204813824,1769616514283,11:08:34.283,42.3392474,-71.0904381,20.697
4597,1205075968,1769616514663,11:08:34.663,42.3392474,-71.0904381,20.697
4598,1205338112,1769616515047,11:08:35.047,42.3392474,-71.0904381,20.697
4599,1205600256,1769616515483,11:08:35.483,42.3392474,-71.0904381,20.697
4600,1205862400,1769616515920,11:08:35.920,42.3392474,-71.0904381,20.697
4601,1206124544,1769616516332,11:08:36.332,42.3392474,-71.0904381,20.697
4602,1206386688,1769616516757,11:08:36.757,42.3392474,-71.0904381,20.697
4603,1206648832,1769616517052,11:08:37.052,42.3392474,-71.0904381,20.697
4604,1206910976,1769616517459,11:08:37.459,42.3392474,-71.0904381,20.697
4605,1207173120,1769616518012,11:08:38.012,42.3392474,-71.0904381,20.697
4606,1207435264,1769616518399,11:08:38.399,42.3392474,-71.0904381,20.697
4607,1207697408,1769616518743,11:08:38.743,42.3392474,-71.0904381,20.697
4608,1207959552,1769616519158,11:08:39.158,42.3392474,-71.0904381,20.697
4609,1208221696,1769616519560,11:08:39.560,42.3392474,-71.0904381,20.697
4610,1208483840,1769616519946,11:08:39.946,42.3392474,-71.0904381,20.697
4611,1208745984,1769616520373,11:08:40.373,42.3392474,-71.0904381,20.697
4612,1209008128,1769616520838,11:08:40.838,42.3392474,-71.0904381,20.697
4613,1209270272,1769616521226,11:08:41.226,42.3392474,-71.0904381,20.697
4614,1209532416,1769616521697,11:08:41.697,42.3392474,-71.0904381,20.697
4615,1209794560,1769616522169,11:08:42.169,42.3392474,-71.0904381,20.697
4616,1210056704,1769616522607,11:08:42.607,42.3392474,-71.0904381,20.697
4617,1210318848,1769616523010,11:08:43.010,42.3392474,-71.0904381,20.697
4618,1210580992,1769616523382,11:08:43.382,42.3392474,-71.0904381,20.697
4619,1210843136,1769616523829,11:08:43.829,42.3392474,-71.0904381,20.697
4620,1211105280,1769616524246,11:08:44.246,42.3392474,-71.0904381,20.697
4621,1211367424,1769616524602,11:08:44.602,42.3392474,-71.0904381,20.697
4622,1211629568,1769616524954,11:08:44.954,42.3392474,-71.0904381,20.697
4623,1211891712,1769616525305,11:08:45.305,42.3392474,-71.0904381,20.697
4624,1212153856,1769616525682,11:08:45.682,42.3392474,-71.0904381,20.697
4625,1212416000,1769616528788,11:08:48.788,42.3392474,-71.0904381,20.697
4626,1212678144,1769616529035,11:08:49.035,42.3392474,-71.0904381,20.697
4627,1212940288,1769616529291,11:08:49.291,42.3392474,-71.0904381,20.697
4628,1213202432,1769616529555,11:08:49.555,42.3392474,-71.0904381,20.697
4629,1213464576,1769616529819,11:08:49.819,42.3392474,-71.0904381,20.697
4630,1213726720,1769616530086,11:08:50.086,42.3392474,-71.0904381,20.697
4631,1213988864,1769616530352,11:08:50.352,42.3392474,-71.0904381,20.697
4632,1214251008,1769616530610,11:08:50.610,42.3392474,-71.0904381,20.697
4633,1214513152,1769616530858,11:08:50.858,42.3392474,-71.0904381,20.697
4634,1214775296,1769616531131,11:08:51.131,42.3392474,-71.0904381,20.697
4635,1215037440,1769616531401,11:08:51.401,42.3392474,-71.0904381,20.697
4636,1215299584,1769616531652,11:08:51.652,42.3392474,-71.0904381,20.697
4637,1215561728,1769616531896,11:08:51.896,42.3392474,-71.0904381,20.697
4638,1215823872,1769616532156,11:08:52.156,42.3392474,-71.0904381,20.697
4639,1216086016,1769616532428,11:08:52.428,42.3392474,-71.0904381,20.697
4640,1216348160,1769616532675,11:08:52.675,42.3392474,-71.0904381,20.697
4641,1216610304,1769616532917,11:08:52.917,42.3392474,-71.0904381,20.697
4642,1216872448,1769616533159,11:08:53.159,42.3392474,-71.0904381,20.697
4643,1217134592,1769616533397,11:08:53.397,42.3392474,-71.0904381,20.697
4644,1217396736,1769616533685,11:08:53.685,42.3392474,-71.0904381,20.697
4645,1217658880,1769616534184,11:08:54.184,42.3392474,-71.0904381,20.697
4646,1217921024,1769616534747,11:08:54.747,42.3392474,-71.0904381,20.697
4647,1218183168,1769616535138,11:08:55.138,42.3392474,-71.0904381,20.697
4648,1218445312,1769616535527,11:08:55.527,42.3392474,-71.0904381,20.697
4649,1218707456,1769616535911,11:08:55.911,42.3392474,-71.0904381,20.697
4650,1218969600,1769616536389,11:08:56.389,42.3392474,-71.0904381,20.697
4651,1219231744,1769616536756,11:08:56.756,42.3392474,-71.0904381,20.697
4652,1219493888,1769616537172,11:08:57.172,42.3392474,-71.0904381,20.697
4653,1219756032,1769616537555,11:08:57.555,42.3392474,-71.0904381,20.697
4654,1220018176,1769616537984,11:08:57.984,42.3392474,-71.0904381,20.697
4655,1220280320,1769616538474,11:08:58.474,42.3392474,-71.0904381,20.697
4656,1220542464,1769616538966,11:08:58.966,42.3392474,-71.0904381,20.697
4657,1220804608,1769616539656,11:08:59.656,42.3392474,-71.0904381,20.697
4658,1221066752,1769616540334,11:09:00.334,42.3392474,-71.0904381,20.697
4659,1221328896,1769616540859,11:09:00.859,42.3392474,-71.0904381,20.697
4660,1221591040,1769616541612,11:09:01.612,42.3392474,-71.0904381,20.697
4661,1221853184,1769616542079,11:09:02.079,42.3392474,-71.0904381,20.697
4662,1222115328,1769616542577,11:09:02.577,42.3392474,-71.0904381,20.697
4663,1222377472,1769616543116,11:09:03.116,42.3392474,-71.0904381,20.697
4664,1222639616,1769616543501,11:09:03.501,42.3392474,-71.0904381,20.697
4665,1222901760,1769616543869,11:09:03.869,42.3392474,-71.0904381,20.697
4666,1223163904,1769616544221,11:09:04.221,42.3392474,-71.0904381,20.697
4667,1223426048,1769616544574,11:09:04.574,42.3392474,-71.0904381,20.697
4668,1223688192,1769616544927,11:09:04.927,42.3392474,-71.0904381,20.697
4669,1223950336,1769616545327,11:09:05.327,42.3392474,-71.0904381,20.697
4670,1224212480,1769616545641,11:09:05.641,42.3392474,-71.0904381,20.697
4671,1224474624,1769616546016,11:09:06.016,42.3392474,-71.0904381,20.697
4672,1224736768,1769616546372,11:09:06.372,42.3392474,-71.0904381,20.697
4673,1224998912,1769616546724,11:09:06.724,42.3392474,-71.0904381,20.697
4674,1225261056,1769616547073,11:09:07.073,42.3392474,-71.0904381,20.697
4675,1225523200,1769616547424,11:09:07.424,42.3392474,-71.0904381,20.697
4676,1225785344,1769616547811,11:09:07.811,42.3392474,-71.0904381,20.697
4677,1226047488,1769616548126,11:09:08.126,42.3392474,-71.0904381,20.697
4678,1226309632,1769616548513,11:09:08.513,42.3392474,-71.0904381,20.697
4679,1226571776,1769616548915,11:09:08.915,42.3392474,-71.0904381,20.697
4680,1226833920,1769616549421,11:09:09.421,42.3392474,-71.0904381,20.697
4681,1227096064,1769616549808,11:09:09.808,42.3392474,-71.0904381,20.697
4682,1227358208,1769616550189,11:09:10.189,42.3392474,-71.0904381,20.697
4683,1227620352,1769616550562,11:09:10.562,42.3392474,-71.0904381,20.697
4684,1227882496,1769616550967,11:09:10.967,42.3392474,-71.0904381,20.697
4685,1228144640,1769616551384,11:09:11.384,42.3392474,-71.0904381,20.697
4686,1228406784,1769616551685,11:09:11.685,42.3392474,-71.0904381,20.697
4687,1228668928,1769616552056,11:09:12.056,42.3392474,-71.0904381,20.697
4688,1228931072,1769616552464,11:09:12.464,42.3392474,-71.0904381,20.697
4689,1229193216,1769616552897,11:09:12.897,42.3392474,-71.0904381,20.697
4690,1229455360,1769616553334,11:09:13.334,42.3392474,-71.0904381,20.697
4691,1229717504,1769616553755,11:09:13.755,42.3392474,-71.0904381,20.697
4692,1229979648,1769616554118,11:09:14.118,42.3392474,-71.0904381,20.697
4693,1230241792,1769616554548,11:09:14.548,42.3392474,-71.0904381,20.697
4694,1230503936,1769616554900,11:09:14.900,42.3392474,-71.0904381,20.697
4695,1230766080,1769616555292,11:09:15.292,42.3392474,-71.0904381,20.697
4696,1231028224,1769616555721,11:09:15.721,42.3392474,-71.0904381,20.697
4697,1231290368,1769616556063,11:09:16.063,42.3392474,-71.0904381,20.697
4698,1231552512,1769616556466,11:09:16.466,42.3392474,-71.0904381,20.697
4699,1231814656,1769616556925,11:09:16.925,42.3392474,-71.0904381,20.697
4700,1232076800,1769616557311,11:09:17.311,42.3392474,-71.0904381,20.697
4701,1232338944,1769616557872,11:09:17.872,42.3392474,-71.0904381,20.697
4702,1232601088,1769616561137,11:09:21.137,42.3392474,-71.0904381,20.697
4703,1232863232,1769616561402,11:09:21.402,42.3392474,-71.0904381,20.697
4704,1233125376,1769616561654,11:09:21.654,42.3392474,-71.0904381,20.697
4705,1233387520,1769616561931,11:09:21.931,42.3392474,-71.0904381,20.697
4706,1233649664,1769616562177,11:09:22.177,42.3392474,-71.0904381,20.697
4707,1233911808,1769616562433,11:09:22.433,42.3392474,-71.0904381,20.697
4708,1234173952,1769616562699,11:09:22.699,42.3392474,-71.0904381,20.697
4709,1234436096,1769616562966,11:09:22.966,42.3392474,-71.0904381,20.697
4710,1234698240,1769616563214,11:09:23.214,42.3392474,-71.0904381,20.697
4711,1234960384,1769616563448,11:09:23.448,42.3392474,-71.0904381,20.697
4712,1235222528,1769616563702,11:09:23.702,42.3392474,-71.0904381,20.697
4713,1235484672,1769616563953,11:09:23.953,42.3392474,-71.0904381,20.697
4714,1235746816,1769616564214,11:09:24.214,42.3392474,-71.0904381,20.697
4715,1236008960,1769616564462,11:09:24.462,42.3392474,-71.0904381,20.697
4716,1236271104,1769616564702,11:09:24.702,42.3392474,-71.0904381,20.697
4717,1236533248,1769616564953,11:09:24.953,42.3392474,-71.0904381,20.697
4718,1236795392,1769616565212,11:09:25.212,42.3392474,-71.0904381,20.697
4719,1237057536,1769616565461,11:09:25.461,42.3392474,-71.0904381,20.697
4720,1237319680,1769616565707,11:09:25.707,42.3392474,-71.0904381,20.697
4721,1237581824,1769616565981,11:09:25.981,42.3392474,-71.0904381,20.697
4722,1237843968,1769616566233,11:09:26.233,42.3392474,-71.0904381,20.697
4723,1238106112,1769616566475,11:09:26.475,42.3392474,-71.0904381,20.697
4724,1238368256,1769616566714,11:09:26.714,42.3392474,-71.0904381,20.697
4725,1238630400,1769616566981,11:09:26.981,42.3392474,-71.0904381,20.697
4726,1238892544,1769616567511,11:09:27.511,42.3392474,-71.0904381,20.697
4727,1239154688,1769616567991,11:09:27.991,42.3392474,-71.0904381,20.697
4728,1239416832,1769616568487,11:09:28.487,42.3392474,-71.0904381,20.697
4729,1239678976,1769616568948,11:09:28.948,42.3392474,-71.0904381,20.697
4730,1239941120,1769616569458,11:09:29.458,42.3392474,-71.0904381,20.697
4731,1240203264,1769616569885,11:09:29.885,42.3392474,-71.0904381,20.697
4732,1240465408,1769616570395,11:09:30.395,42.3392474,-71.0904381,20.697
4733,1240727552,1769616570876,11:09:30.876,42.3392474,-71.0904381,20.697
4734,1240989696,1769616571387,11:09:31.387,42.3392474,-71.0904381,20.697
4735,1241251840,1769616571884,11:09:31.884,42.3392474,-71.0904381,20.697
4736,1241513984,1769616572298,11:09:32.298,42.3392474,-71.0904381,20.697
4737,1241776128,1769616572761,11:09:32.761,42.3392474,-71.0904381,20.697
4738,1242038272,1769616573212,11:09:33.212,42.3392474,-71.0904381,20.697
4739,1242300416,1769616573603,11:09:33.603,42.3392474,-71.0904381,20.697
4740,1242562560,1769616574056,11:09:34.056,42.3392474,-71.0904381,20.697
4741,1242824704,1769616574455,11:09:34.455,42.3392474,-71.0904381,20.697
4742,1243086848,1769616574901,11:09:34.901,42.3392474,-71.0904381,20.697
4743,1243348992,1769616575410,11:09:35.410,42.3392474,-71.0904381,20.697
4744,1243611136,1769616575879,11:09:35.879,42.3392474,-71.0904381,20.697
4745,1243873280,1769616576535,11:09:36.535,42.3392474,-71.0904381,20.697
4746,1244135424,1769616577011,11:09:37.011,42.3392474,-71.0904381,20.697
4747,1244397568,1769616577476,11:09:37.476,42.3392474,-71.0904381,20.697
4748,1244659712,1769616577878,11:09:37.878,42.3392474,-71.0904381,20.697
4749,1244921856,1769616578313,11:09:38.313,42.3392474,-71.0904381,20.697
4750,1245184000,1769616578857,11:09:38.857,42.3392474,-71.0904381,20.697
4751,1245446144,1769616579387,11:09:39.387,42.3392474,-71.0904381,20.697
4752,1245708288,1769616579911,11:09:39.911,42.3392474,-71.0904381,20.697
4753,1245970432,1769616580400,11:09:40.400,42.3392474,-71.0904381,20.697
4754,1246232576,1769616580901,11:09:40.901,42.3392474,-71.0904381,20.697
4755,1246494720,1769616581455,11:09:41.455,42.3392474,-71.0904381,20.697
4756,1246756864,1769616581956,11:09:41.956,42.3392474,-71.0904381,20.697
4757,1247019008,1769616582308,11:09:42.308,42.3392474,-71.0904381,20.697
4758,1247281152,1769616582830,11:09:42.830,42.3392474,-71.0904381,20.697
4759,1247543296,1769616583352,11:09:43.352,42.3392474,-71.0904381,20.697
4760,1247805440,1769616583878,11:09:43.878,42.3392474,-71.0904381,20.697
4761,1248067584,1769616584287,11:09:44.287,42.3392474,-71.0904381,20.697
4762,1248329728,1769616584791,11:09:44.791,42.3392474,-71.0904381,20.697
4763,1248591872,1769616585237,11:09:45.237,42.3392474,-71.0904381,20.697
4764,1248854016,1769616585676,11:09:45.676,42.3392474,-71.0904381,20.697
4765,1249116160,1769616586249,11:09:46.249,42.3392474,-71.0904381,20.697
4766,1249378304,1769616586781,11:09:46.781,42.3392474,-71.0904381,20.697
4767,1249640448,1769616587254,11:09:47.254,42.3392474,-71.0904381,20.697
4768,1249902592,1769616587605,11:09:47.605,42.3392474,-71.0904381,20.697
4769,1250164736,1769616587955,11:09:47.955,42.3392474,-71.0904381,20.697
4770,1250426880,1769616588319,11:09:48.319,42.3392474,-71.0904381,20.697
4771,1250689024,1769616591752,11:09:51.752,42.3392474,-71.0904381,20.697
4772,1250951168,1769616592030,11:09:52.030,42.3392474,-71.0904381,20.697
4773,1251213312,1769616592299,11:09:52.299,42.3392474,-71.0904381,20.697
4774,1251475456,1769616592581,11:09:52.581,42.3392474,-71.0904381,20.697
4775,1251737600,1769616592857,11:09:52.857,42.3392474,-71.0904381,20.697
4776,1251999744,1769616593125,11:09:53.125,42.3392474,-71.0904381,20.697
4777,1252261888,1769616593370,11:09:53.370,42.3392474,-71.0904381,20.697
4778,1252524032,1769616593629,11:09:53.629,42.3392474,-71.0904381,20.697
4779,1252786176,1769616593871,11:09:53.871,42.3392474,-71.0904381,20.697
4780,1253048320,1769616594125,11:09:54.125,42.3392474,-71.0904381,20.697
4781,1253310464,1769616594380,11:09:54.380,42.3392474,-71.0904381,20.697
4782,1253572608,1769616594648,11:09:54.648,42.3392474,-71.0904381,20.697
4783,1253834752,1769616594912,11:09:54.912,42.3392474,-71.0904381,20.697
4784,1254096896,1769616595160,11:09:55.160,42.3392474,-71.0904381,20.697
4785,1254359040,1769616595418,11:09:55.418,42.3392474,-71.0904381,20.697
4786,1254621184,1769616595657,11:09:55.657,42.3392474,-71.0904381,20.697
4787,1254883328,1769616595909,11:09:55.909,42.3392474,-71.0904381,20.697
4788,1255145472,1769616596465,11:09:56.465,42.3392474,-71.0904381,20.697
4789,1255407616,1769616596940,11:09:56.940,42.3392474,-71.0904381,20.697
4790,1255669760,1769616597507,11:09:57.507,42.3392474,-71.0904381,20.697
4791,1255931904,1769616598070,11:09:58.070,42.3392474,-71.0904381,20.697
4792,1256194048,1769616598654,11:09:58.654,42.3392474,-71.0904381,20.697
4793,1256456192,1769616599188,11:09:59.188,42.3392474,-71.0904381,20.697
4794,1256718336,1769616599787,11:09:59.787,42.3392474,-71.0904381,20.697
4795,1256980480,1769616600491,11:10:00.491,42.3392474,-71.0904381,20.697
4796,1257242624,1769616601060,11:10:01.060,42.3392474,-71.0904381,20.697
4797,1257504768,1769616601591,11:10:01.591,42.3392474,-71.0904381,20.697
4798,1257766912,1769616602258,11:10:02.258,42.3392474,-71.0904381,20.697
4799,1258029056,1769616602851,11:10:02.851,42.3392474,-71.0904381,20.697
4800,1258291200,1769616603364,11:10:03.364,42.3392474,-71.0904381,20.697
4801,1258553344,1769616603808,11:10:03.808,42.3392474,-71.0904381,20.697
4802,1258815488,1769616604232,11:10:04.232,42.3392474,-71.0904381,20.697
4803,1259077632,1769616604656,11:10:04.656,42.3392474,-71.0904381,20.697
4804,1259339776,1769616605107,11:10:05.107,42.3392474,-71.0904381,20.697
4805,1259601920,1769616605548,11:10:05.548,42.3392474,-71.0904381,20.697
4806,1259864064,1769616605984,11:10:05.984,42.3392474,-71.0904381,20.697
4807,1260126208,1769616606395,11:10:06.395,42.3392474,-71.0904381,20.697
4808,1260388352,1769616606823,11:10:06.823,42.3392474,-71.0904381,20.697
4809,1260650496,1769616607203,11:10:07.203,42.3392474,-71.0904381,20.697
4810,1260912640,1769616607645,11:10:07.645,42.3392474,-71.0904381,20.697
4811,1261174784,1769616608115,11:10:08.115,42.3392474,-71.0904381,20.697
4812,1261436928,1769616608515,11:10:08.515,42.3392474,-71.0904381,20.697
4813,1261699072,1769616608869,11:10:08.869,42.3392474,-71.0904381,20.697
4814,1261961216,1769616609247,11:10:09.247,42.3392474,-71.0904381,20.697
4815,1262223360,1769616609677,11:10:09.677,42.3392474,-71.0904381,20.697
4816,1262485504,1769616610098,11:10:10.098,42.3392474,-71.0904381,20.697
4817,1262747648,1769616610569,11:10:10.569,42.3392474,-71.0904381,20.697
4818,1263009792,1769616611025,11:10:11.025,42.3392474,-71.0904381,20.697
4819,1263271936,1769616611503,11:10:11.503,42.3392474,-71.0904381,20.697
4820,1263534080,1769616611986,11:10:11.986,42.3392474,-71.0904381,20.697
4821,1263796224,1769616612371,11:10:12.371,42.3392474,-71.0904381,20.697
4822,1264058368,1769616612792,11:10:12.792,42.3392474,-71.0904381,20.697
4823,1264320512,1769616613222,11:10:13.222,42.3392474,-71.0904381,20.697
4824,1264582656,1769616613543,11:10:13.543,42.3392474,-71.0904381,20.697
4825,1264844800,1769616613938,11:10:13.938,42.3392474,-71.0904381,20.697
4826,1265106944,1769616614365,11:10:14.365,42.3392474,-71.0904381,20.697
4827,1265369088,1769616614793,11:10:14.793,42.3392474,-71.0904381,20.697
4828,1265631232,1769616615223,11:10:15.223,42.3392474,-71.0904381,20.697
4829,1265893376,1769616615558,11:10:15.558,42.3392474,-71.0904381,20.697
4830,1266155520,1769616616031,11:10:16.031,42.3392474,-71.0904381,20.697
4831,1266417664,1769616616519,11:10:16.519,42.3392474,-71.0904381,20.697
4832,1266679808,1769616616945,11:10:16.945,42.3392474,-71.0904381,20.697
4833,1266941952,1769616617442,11:10:17.442,42.3392474,-71.0904381,20.697
4834,1267204096,1769616617956,11:10:17.956,42.3392474,-71.0904381,20.697
4835,1267466240,1769616618429,11:10:18.429,42.3392474,-71.0904381,20.697
4836,1267728384,1769616618850,11:10:18.850,42.3392474,-71.0904381,20.697
4837,1267990528,1769616622211,11:10:22.211,42.3392474,-71.0904381,20.697
4838,1268252672,1769616622483,11:10:22.483,42.3392474,-71.0904381,20.697
4839,1268514816,1769616622769,11:10:22.769,42.3392474,-71.0904381,20.697
4840,1268776960,1769616623039,11:10:23.039,42.3392474,-71.0904381,20.697
4841,1269039104,1769616623312,11:10:23.312,42.3392474,-71.0904381,20.697
4842,1269301248,1769616623566,11:10:23.566,42.3392474,-71.0904381,20.697
4843,1269563392,1769616623842,11:10:23.842,42.3392474,-71.0904381,20.697
4844,1269825536,1769616624101,11:10:24.101,42.3392474,-71.0904381,20.697
4845,1270087680,1769616624367,11:10:24.367,42.3392474,-71.0904381,20.697
4846,1270349824,1769616624628,11:10:24.628,42.3392474,-71.0904381,20.697
4847,1270611968,1769616624898,11:10:24.898,42.3392474,-71.0904381,20.697
4848,1270874112,1769616625150,11:10:25.150,42.3392474,-71.0904381,20.697
4849,1271136256,1769616625394,11:10:25.394,42.3392474,-71.0904381,20.697
4850,1271398400,1769616625658,11:10:25.658,42.3392474,-71.0904381,20.697
4851,1271660544,1769616625915,11:10:25.915,42.3392474,-71.0904381,20.697
4852,1271922688,1769616626182,11:10:26.182,42.3392474,-71.0904381,20.697
4853,1272184832,1769616626456,11:10:26.456,42.3392474,-71.0904381,20.697
4854,1272446976,1769616626697,11:10:26.697,42.3392474,-71.0904381,20.697
4855,1272709120,1769616627039,11:10:27.039,42.3392474,-71.0904381,20.697
4856,1272971264,1769616627443,11:10:27.443,42.3392474,-71.0904381,20.697
4857,1273233408,1769616628007,11:10:28.007,42.3392474,-71.0904381,20.697
4858,1273495552,1769616628509,11:10:28.509,42.3392474,-71.0904381,20.697
4859,1273757696,1769616628932,11:10:28.932,42.3392474,-71.0904381,20.697
4860,1274019840,1769616629267,11:10:29.267,42.3392474,-71.0904381,20.697
4861,1274281984,1769616629638,11:10:29.638,42.3392474,-71.0904381,20.697
4862,1274544128,1769616629969,11:10:29.969,42.3392474,-71.0904381,20.697
4863,1274806272,1769616630338,11:10:30.338,42.3392474,-71.0904381,20.697
4864,1275068416,1769616630672,11:10:30.672,42.3392474,-71.0904381,20.697
4865,1275330560,1769616631022,11:10:31.022,42.3392474,-71.0904381,20.697
4866,1275592704,1769616631374,11:10:31.374,42.3392474,-71.0904381,20.697
4867,1275854848,1769616631732,11:10:31.732,42.3392474,-71.0904381,20.697
4868,1276116992,1769616632073,11:10:32.073,42.3392474,-71.0904381,20.697
4869,1276379136,1769616632426,11:10:32.426,42.3392474,-71.0904381,20.697
4870,1276641280,1769616632776,11:10:32.776,42.3392474,-71.0904381,20.697
4871,1276903424,1769616633172,11:10:33.172,42.3392474,-71.0904381,20.697
4872,1277165568,1769616633475,11:10:33.475,42.3392474,-71.0904381,20.697
4873,1277427712,1769616633826,11:10:33.826,42.3392474,-71.0904381,20.697
4874,1277689856,1769616634178,11:10:34.178,42.3392474,-71.0904381,20.697
4875,1277952000,1769616634559,11:10:34.559,42.3392474,-71.0904381,20.697
4876,1278214144,1769616634880,11:10:34.880,42.3392474,-71.0904381,20.697
4877,1278476288,1769616635276,11:10:35.276,42.3392474,-71.0904381,20.697
4878,1278738432,1769616635658,11:10:35.658,42.3392474,-71.0904381,20.697
4879,1279000576,1769616636075,11:10:36.075,42.3392474,-71.0904381,20.697
4880,1279262720,1769616636497,11:10:36.497,42.3392474,-71.0904381,20.697
4881,1279524864,1769616636890,11:10:36.890,42.3392474,-71.0904381,20.697
4882,1279787008,1769616637336,11:10:37.336,42.3392474,-71.0904381,20.697
4883,1280049152,1769616637694,11:10:37.694,42.3392474,-71.0904381,20.697
4884,1280311296,1769616638064,11:10:38.064,42.3392474,-71.0904381,20.697
4885,1280573440,1769616638406,11:10:38.406,42.3392474,-71.0904381,20.697
4886,1280835584,1769616638807,11:10:38.807,42.3392474,-71.0904381,20.697
4887,1281097728,1769616639106,11:10:39.106,42.3392474,-71.0904381,20.697
4888,1281359872,1769616639514,11:10:39.514,42.3392474,-71.0904381,20.697
4889,1281622016,1769616640001,11:10:40.001,42.3392474,-71.0904381,20.697
4890,1281884160,1769616640439,11:10:40.439,42.3392474,-71.0904381,20.697
4891,1282146304,1769616640854,11:10:40.854,42.3392474,-71.0904381,20.697
4892,1282408448,1769616641239,11:10:41.239,42.3392474,-71.0904381,20.697
4893,1282670592,1769616641649,11:10:41.649,42.3392474,-71.0904381,20.697
4894,1282932736,1769616642037,11:10:42.037,42.3392474,-71.0904381,20.697
4895,1283194880,1769616642416,11:10:42.416,42.3392474,-71.0904381,20.697
4896,1283457024,1769616642829,11:10:42.829,42.3392474,-71.0904381,20.697
4897,1283719168,1769616643266,11:10:43.266,42.3392474,-71.0904381,20.697
4898,1283981312,1769616643552,11:10:43.552,42.3392474,-71.0904381,20.697
4899,1284243456,1769616643987,11:10:43.987,42.3392474,-71.0904381,20.697
4900,1284505600,1769616644456,11:10:44.456,42.3392474,-71.0904381,20.697
4901,1284767744,1769616644891,11:10:44.891,42.3392474,-71.0904381,20.697
4902,1285029888,1769616645322,11:10:45.322,42.3392474,-71.0904381,20.697
4903,1285292032,1769616645699,11:10:45.699,42.3392474,-71.0904381,20.697
4904,1285554176,1769616646181,11:10:46.181,42.3392474,-71.0904381,20.697
4905,1285816320,1769616646785,11:10:46.785,42.3392474,-71.0904381,20.697
4906,1286078464,1769616647256,11:10:47.256,42.3392474,-71.0904381,20.697
4907,1286340608,1769616647768,11:10:47.768,42.3392474,-71.0904381,20.697
4908,1286602752,1769616648205,11:10:48.205,42.3392474,-71.0904381,20.697
4909,1286864896,1769616648585,11:10:48.585,42.3392474,-71.0904381,20.697
4910,1287127040,1769616648959,11:10:48.959,42.3392474,-71.0904381,20.697
4911,1287389184,1769616652669,11:10:52.669,42.3392474,-71.0904381,20.697
4912,1287651328,1769616652966,11:10:52.966,42.3392474,-71.0904381,20.697
4913,1287913472,1769616653257,11:10:53.257,42.3392474,-71.0904381,20.697
4914,1288175616,1769616653546,11:10:53.546,42.3392474,-71.0904381,20.697
4915,1288437760,1769616653818,11:10:53.818,42.3392474,-71.0904381,20.697
4916,1288699904,1769616654086,11:10:54.086,42.3392474,-71.0904381,20.697
4917,1288962048,1769616654355,11:10:54.355,42.3392474,-71.0904381,20.697
4918,1289224192,1769616654607,11:10:54.607,42.3392474,-71.0904381,20.697
4919,1289486336,1769616654845,11:10:54.845,42.3392474,-71.0904381,20.697
4920,1289748480,1769616655090,11:10:55.090,42.3392474,-71.0904381,20.697
4921,1290010624,1769616655339,11:10:55.339,42.3392474,-71.0904381,20.697
4922,1290272768,1769616655581,11:10:55.581,42.3392474,-71.0904381,20.697
4923,1290534912,1769616655840,11:10:55.840,42.3392474,-71.0904381,20.697
4924,1290797056,1769616656085,11:10:56.085,42.3392474,-71.0904381,20.697
4925,1291059200,1769616656359,11:10:56.359,42.3392474,-71.0904381,20.697
4926,1291321344,1769616656626,11:10:56.626,42.3392474,-71.0904381,20.697
4927,1291583488,1769616657048,11:10:57.048,42.3392474,-71.0904381,20.697
4928,1291845632,1769616657583,11:10:57.583,42.3392474,-71.0904381,20.697
4929,1292107776,1769616658055,11:10:58.055,42.3392474,-71.0904381,20.697
4930,1292369920,1769616658504,11:10:58.504,42.3392474,-71.0904381,20.697
4931,1292632064,1769616658918,11:10:58.918,42.3392474,-71.0904381,20.697
4932,1292894208,1769616659311,11:10:59.311,42.3392474,-71.0904381,20.697
4933,1293156352,1769616659708,11:10:59.708,42.3392474,-71.0904381,20.697
4934,1293418496,1769616660112,11:11:00.112,42.3392474,-71.0904381,20.697
4935,1293680640,1769616660494,11:11:00.494,42.3392474,-71.0904381,20.697
4936,1293942784,1769616660893,11:11:00.893,42.3392474,-71.0904381,20.697
4937,1294204928,1769616661253,11:11:01.253,42.3392474,-71.0904381,20.697
4938,1294467072,1769616661691,11:11:01.691,42.3392474,-71.0904381,20.697
4939,1294729216,1769616662098,11:11:02.098,42.3392474,-71.0904381,20.697
4940,1294991360,1769616662504,11:11:02.504,42.3392474,-71.0904381,20.697
4941,1295253504,1769616662926,11:11:02.926,42.3392474,-71.0904381,20.697
4942,1295515648,1769616663379,11:11:03.379,42.3392474,-71.0904381,20.697
4943,1295777792,1769616663811,11:11:03.811,42.3392474,-71.0904381,20.697
4944,1296039936,1769616664164,11:11:04.164,42.3392474,-71.0904381,20.697
4945,1296302080,1769616664546,11:11:04.546,42.3392474,-71.0904381,20.697
4946,1296564224,1769616664901,11:11:04.901,42.3392474,-71.0904381,20.697
4947,1296826368,1769616665323,11:11:05.323,42.3392474,-71.0904381,20.697
4948,1297088512,1769616665655,11:11:05.655,42.3392474,-71.0904381,20.697
4949,1297350656,1769616666117,11:11:06.117,42.3392474,-71.0904381,20.697
4950,1297612800,1769616666574,11:11:06.574,42.3392474,-71.0904381,20.697
4951,1297874944,1769616666842,11:11:06.842,42.3392474,-71.0904381,20.697
4952,1298137088,1769616667199,11:11:07.199,42.3392474,-71.0904381,20.697
4953,1298399232,1769616667600,11:11:07.600,42.3392474,-71.0904381,20.697
4954,1298661376,1769616667900,11:11:07.900,42.3392474,-71.0904381,20.697
4955,1298923520,1769616668273,11:11:08.273,42.3392474,-71.0904381,20.697
4956,1299185664,1769616668659,11:11:08.659,42.3392474,-71.0904381,20.697
4957,1299447808,1769616669022,11:11:09.022,42.3392474,-71.0904381,20.697
4958,1299709952,1769616669389,11:11:09.389,42.3392474,-71.0904381,20.697
4959,1299972096,1769616669740,11:11:09.740,42.3392474,-71.0904381,20.697
4960,1300234240,1769616670103,11:11:10.103,42.3392474,-71.0904381,20.697
4961,1300496384,1769616670442,11:11:10.442,42.3392474,-71.0904381,20.697
4962,1300758528,1769616670891,11:11:10.891,42.3392474,-71.0904381,20.697
4963,1301020672,1769616671148,11:11:11.148,42.3392474,-71.0904381,20.697
4964,1301282816,1769616671491,11:11:11.491,42.3392474,-71.0904381,20.697
4965,1301544960,1769616671868,11:11:11.868,42.3392474,-71.0904381,20.697
4966,1301807104,1769616672225,11:11:12.225,42.3392474,-71.0904381,20.697
4967,1302069248,1769616672632,11:11:12.632,42.3392474,-71.0904381,20.697
4968,1302331392,1769616672972,11:11:12.972,42.3392474,-71.0904381,20.697
4969,1302593536,1769616673345,11:11:13.345,42.3392474,-71.0904381,20.697
4970,1302855680,1769616673685,11:11:13.685,42.3392474,-71.0904381,20.697
4971,1303117824,1769616674059,11:11:14.059,42.3392474,-71.0904381,20.697
4972,1303379968,1769616674434,11:11:14.434,42.3392474,-71.0904381,20.697
4973,1303642112,1769616674808,11:11:14.808,42.3392474,-71.0904381,20.697
4974,1303904256,1769616675229,11:11:15.229,42.3392474,-71.0904381,20.697
4975,1304166400,1769616675663,11:11:15.663,42.3392474,-71.0904381,20.697
4976,1304428544,1769616676009,11:11:16.009,42.3392474,-71.0904381,20.697
4977,1304690688,1769616676360,11:11:16.360,42.3392474,-71.0904381,20.697
4978,1304952832,1769616676748,11:11:16.748,42.3392474,-71.0904381,20.697
4979,1305214976,1769616677193,11:11:17.193,42.3392474,-71.0904381,20.697
4980,1305477120,1769616677569,11:11:17.569,42.3392474,-71.0904381,20.697
4981,1305739264,1769616678020,11:11:18.020,42.3392474,-71.0904381,20.697
4982,1306001408,1769616678393,11:11:18.393,42.3392474,-71.0904381,20.697
4983,1306263552,1769616678817,11:11:18.817,42.3392474,-71.0904381,20.697
4984,1306525696,1769616679252,11:11:19.252,42.3392474,-71.0904381,20.697
4985,1306787840,1769616682813,11:11:22.813,42.3392474,-71.0904381,20.697
4986,1307049984,1769616683064,11:11:23.064,42.3392474,-71.0904381,20.697
4987,1307312128,1769616683324,11:11:23.324,42.3392474,-71.0904381,20.697
4988,1307574272,1769616683601,11:11:23.601,42.3392474,-71.0904381,20.697
4989,1307836416,1769616683861,11:11:23.861,42.3392474,-71.0904381,20.697
4990,1308098560,1769616684114,11:11:24.114,42.3392474,-71.0904381,20.697
4991,1308360704,1769616684383,11:11:24.383,42.3392474,-71.0904381,20.697
4992,1308622848,1769616684642,11:11:24.642,42.3392474,-71.0904381,20.697
4993,1308884992,1769616684907,11:11:24.907,42.3392474,-71.0904381,20.697
4994,1309147136,1769616685176,11:11:25.176,42.3392474,-71.0904381,20.697
4995,1309409280,1769616685423,11:11:25.423,42.3392474,-71.0904381,20.697
4996,1309671424,1769616685676,11:11:25.676,42.3392474,-71.0904381,20.697
4997,1309933568,1769616685934,11:11:25.934,42.3392474,-71.0904381,20.697
4998,1310195712,1769616686197,11:11:26.197,42.3392474,-71.0904381,20.697
4999,1310457856,1769616686449,11:11:26.449,42.3392474,-71.0904381,20.697
5000,1310720000,1769616686691,11:11:26.691,42.3392474,-71.0904381,20.697
5001,1310982144,1769616686935,11:11:26.935,42.3392474,-71.0904381,20.697
5002,1311244288,1769616687189,11:11:27.189,42.3392474,-71.0904381,20.697
5003,1311506432,1769616687438,11:11:27.438,42.3392474,-71.0904381,20.697
5004,1311768576,1769616687672,11:11:27.672,42.3392474,-71.0904381,20.697
5005,1312030720,1769616687934,11:11:27.934,42.3392474,-71.0904381,20.697
5006,1312292864,1769616688185,11:11:28.185,42.3392474,-71.0904381,20.697
5007,1312555008,1769616688442,11:11:28.442,42.3392474,-71.0904381,20.697
5008,1312817152,1769616688877,11:11:28.877,42.3392474,-71.0904381,20.697
5009,1313079296,1769616689419,11:11:29.419,42.3392474,-71.0904381,20.697
5010,1313341440,1769616689871,11:11:29.871,42.3392474,-71.0904381,20.697
5011,1313603584,1769616690331,11:11:30.331,42.3392474,-71.0904381,20.697
5012,1313865728,1769616690821,11:11:30.821,42.3392474,-71.0904381,20.697
5013,1314127872,1769616691290,11:11:31.290,42.3392474,-71.0904381,20.697
5014,1314390016,1769616691639,11:11:31.639,42.3392474,-71.0904381,20.697
5015,1314652160,1769616692059,11:11:32.059,42.3392474,-71.0904381,20.697
5016,1314914304,1769616692470,11:11:32.470,42.3392474,-71.0904381,20.697
5017,1315176448,1769616692927,11:11:32.927,42.3392474,-71.0904381,20.697
5018,1315438592,1769616693358,11:11:33.358,42.3392474,-71.0904381,20.697
5019,1315700736,1769616693834,11:11:33.834,42.3392474,-71.0904381,20.697
5020,1315962880,1769616694289,11:11:34.289,42.3392474,-71.0904381,20.697
5021,1316225024,1769616694672,11:11:34.672,42.3392474,-71.0904381,20.697
5022,1316487168,1769616695131,11:11:35.131,42.3392474,-71.0904381,20.697
5023,1316749312,1769616695556,11:11:35.556,42.3392474,-71.0904381,20.697
5024,1317011456,1769616696046,11:11:36.046,42.3392474,-71.0904381,20.697
5025,1317273600,1769616696495,11:11:36.495,42.3392474,-71.0904381,20.697
5026,1317535744,1769616696963,11:11:36.963,42.3392474,-71.0904381,20.697
5027,1317797888,1769616697417,11:11:37.417,42.3392474,-71.0904381,20.697
5028,1318060032,1769616697814,11:11:37.814,42.3392474,-71.0904381,20.697
5029,1318322176,1769616698143,11:11:38.143,42.3392474,-71.0904381,20.697
5030,1318584320,1769616698596,11:11:38.596,42.3392474,-71.0904381,20.697
5031,1318846464,1769616699068,11:11:39.068,42.3392474,-71.0904381,20.697
5032,1319108608,1769616699546,11:11:39.546,42.3392474,-71.0904381,20.697
5033,1319370752,1769616699989,11:11:39.989,42.3392474,-71.0904381,20.697
5034,1319632896,1769616700397,11:11:40.397,42.3392474,-71.0904381,20.697
5035,1319895040,1769616700748,11:11:40.748,42.3392474,-71.0904381,20.697
5036,1320157184,1769616701143,11:11:41.143,42.3392474,-71.0904381,20.697
5037,1320419328,1769616701565,11:11:41.565,42.3392474,-71.0904381,20.697
5038,1320681472,1769616701957,11:11:41.957,42.3392474,-71.0904381,20.697
5039,1320943616,1769616702378,11:11:42.378,42.3392474,-71.0904381,20.697
5040,1321205760,1769616702790,11:11:42.790,42.3392474,-71.0904381,20.697
5041,1321467904,1769616703224,11:11:43.224,42.3392474,-71.0904381,20.697
5042,1321730048,1769616703611,11:11:43.611,42.3392474,-71.0904381,20.697
5043,1321992192,1769616704145,11:11:44.145,42.3392474,-71.0904381,20.697
5044,1322254336,1769616704644,11:11:44.644,42.3392474,-71.0904381,20.697
5045,1322516480,1769616705163,11:11:45.163,42.3392474,-71.0904381,20.697
5046,1322778624,1769616705664,11:11:45.664,42.3392474,-71.0904381,20.697
5047,1323040768,1769616706058,11:11:46.058,42.3392474,-71.0904381,20.697
5048,1323302912,1769616706418,11:11:46.418,42.3392474,-71.0904381,20.697
5049,1323565056,1769616706787,11:11:46.787,42.3392474,-71.0904381,20.697
5050,1323827200,1769616707153,11:11:47.153,42.3392474,-71.0904381,20.697
5051,1324089344,1769616707552,11:11:47.552,42.3392474,-71.0904381,20.697
5052,1324351488,1769616707946,11:11:47.946,42.3392474,-71.0904381,20.697
5053,1324613632,1769616708310,11:11:48.310,42.3392474,-71.0904381,20.697
5054,1324875776,1769616708723,11:11:48.723,42.3392474,-71.0904381,20.697
5055,1325137920,1769616708986,11:11:48.986,42.3392474,-71.0904381,20.697
5056,1325400064,1769616709338,11:11:49.338,42.3392474,-71.0904381,20.697
5057,1325662208,1769616709698,11:11:49.698,42.3392474,-71.0904381,20.697
5058,1325924352,1769616713090,11:11:53.090,42.3392474,-71.0904381,20.697
5059,1326186496,1769616713362,11:11:53.362,42.3392474,-71.0904381,20.697
5060,1326448640,1769616713659,11:11:53.659,42.3392474,-71.0904381,20.697
5061,1326710784,1769616713925,11:11:53.925,42.3392474,-71.0904381,20.697
5062,1326972928,1769616714194,11:11:54.194,42.3392474,-71.0904381,20.697
5063,1327235072,1769616714467,11:11:54.467,42.3392474,-71.0904381,20.697
5064,1327497216,1769616714725,11:11:54.725,42.3392474,-71.0904381,20.697
5065,1327759360,1769616714972,11:11:54.972,42.3392474,-71.0904381,20.697
5066,1328021504,1769616715231,11:11:55.231,42.3392474,-71.0904381,20.697
5067,1328283648,1769616715484,11:11:55.484,42.3392474,-71.0904381,20.697
5068,1328545792,1769616715730,11:11:55.730,42.3392474,-71.0904381,20.697
5069,1328807936,1769616715973,11:11:55.973,42.3392474,-71.0904381,20.697
5070,1329070080,1769616716222,11:11:56.222,42.3392474,-71.0904381,20.697
5071,1329332224,1769616716486,11:11:56.486,42.3392474,-71.0904381,20.697
5072,1329594368,1769616716730,11:11:56.730,42.3392474,-71.0904381,20.697
5073,1329856512,1769616716985,11:11:56.985,42.3392474,-71.0904381,20.697
5074,1330118656,1769616717254,11:11:57.254,42.3392474,-71.0904381,20.697
5075,1330380800,1769616717520,11:11:57.520,42.3392474,-71.0904381,20.697
5076,1330642944,1769616717843,11:11:57.843,42.3392474,-71.0904381,20.697
5077,1330905088,1769616718316,11:11:58.316,42.3392474,-71.0904381,20.697
5078,1331167232,1769616718742,11:11:58.742,42.3392474,-71.0904381,20.697
5079,1331429376,1769616719070,11:11:59.070,42.3392474,-71.0904381,20.697
5080,1331691520,1769616719455,11:11:59.455,42.3392474,-71.0904381,20.697
5081,1331953664,1769616719934,11:11:59.934,42.3392474,-71.0904381,20.697
5082,1332215808,1769616720397,11:12:00.397,42.3392474,-71.0904381,20.697
5083,1332477952,1769616720776,11:12:00.776,42.3392474,-71.0904381,20.697
5084,1332740096,1769616721201,11:12:01.201,42.3392474,-71.0904381,20.697
5085,1333002240,1769616721631,11:12:01.631,42.3392474,-71.0904381,20.697
5086,1333264384,1769616722086,11:12:02.086,42.3392474,-71.0904381,20.697
5087,1333526528,1769616722620,11:12:02.620,42.3392474,-71.0904381,20.697
5088,1333788672,1769616723050,11:12:03.050,42.3392474,-71.0904381,20.697
5089,1334050816,1769616723441,11:12:03.441,42.3392474,-71.0904381,20.697
5090,1334312960,1769616723922,11:12:03.922,42.3392474,-71.0904381,20.697
5091,1334575104,1769616724281,11:12:04.281,42.3392474,-71.0904381,20.697
5092,1334837248,1769616724718,11:12:04.718,42.3392474,-71.0904381,20.697
5093,1335099392,1769616725061,11:12:05.061,42.3392474,-71.0904381,20.697
5094,1335361536,1769616725517,11:12:05.517,42.3392474,-71.0904381,20.697
5095,1335623680,1769616725973,11:12:05.973,42.3392474,-71.0904381,20.697
5096,1335885824,1769616726327,11:12:06.327,42.3392474,-71.0904381,20.697
5097,1336147968,1769616726793,11:12:06.793,42.3392474,-71.0904381,20.697
5098,1336410112,1769616727202,11:12:07.202,42.3392474,-71.0904381,20.697
5099,1336672256,1769616727625,11:12:07.625,42.3392474,-71.0904381,20.697
5100,1336934400,1769616728107,11:12:08.107,42.3392474,-71.0904381,20.697
5101,1337196544,1769616728555,11:12:08.555,42.3392474,-71.0904381,20.697
5102,1337458688,1769616729111,11:12:09.111,42.3392474,-71.0904381,20.697
5103,1337720832,1769616729741,11:12:09.741,42.3392474,-71.0904381,20.697
5104,1337982976,1769616730238,11:12:10.238,42.3392474,-71.0904381,20.697
5105,1338245120,1769616730636,11:12:10.636,42.3392474,-71.0904381,20.697
5106,1338507264,1769616731171,11:12:11.171,42.3392474,-71.0904381,20.697
5107,1338769408,1769616731636,11:12:11.636,42.3392474,-71.0904381,20.697
5108,1339031552,1769616732154,11:12:12.154,42.3392474,-71.0904381,20.697
5109,1339293696,1769616732619,11:12:12.619,42.3392474,-71.0904381,20.697
5110,1339555840,1769616733267,11:12:13.267,42.3392474,-71.0904381,20.697
5111,1339817984,1769616733735,11:12:13.735,42.3392474,-71.0904381,20.697
5112,1340080128,1769616733979,11:12:13.979,42.3392474,-71.0904381,20.697
5113,1340342272,1769616734326,11:12:14.326,42.3392474,-71.0904381,20.697
5114,1340604416,1769616734715,11:12:14.715,42.3392474,-71.0904381,20.697
5115,1340866560,1769616735027,11:12:15.027,42.3392474,-71.0904381,20.697
5116,1341128704,1769616735392,11:12:15.392,42.3392474,-71.0904381,20.697
5117,1341390848,1769616735827,11:12:15.827,42.3392474,-71.0904381,20.697
5118,1341652992,1769616736325,11:12:16.325,42.3392474,-71.0904381,20.697
5119,1341915136,1769616736756,11:12:16.756,42.3392474,-71.0904381,20.697
5120,1342177280,1769616737157,11:12:17.157,42.3392474,-71.0904381,20.697
5121,1342439424,1769616737578,11:12:17.578,42.3392474,-71.0904381,20.697
5122,1342701568,1769616738018,11:12:18.018,42.3392474,-71.0904381,20.697
5123,1342963712,1769616738384,11:12:18.384,42.3392474,-71.0904381,20.697
5124,1343225856,1769616738734,11:12:18.734,42.3392474,-71.0904381,20.697
5125,1343488000,1769616739121,11:12:19.121,42.3392474,-71.0904381,20.697
5126,1343750144,1769616739433,11:12:19.433,42.3392474,-71.0904381,20.697
5127,1344012288,1769616739783,11:12:19.783,42.3392474,-71.0904381,20.697
5128,1344274432,1769616743483,11:12:23.483,42.3392474,-71.0904381,20.697
5129,1344536576,1769616743760,11:12:23.760,42.3392474,-71.0904381,20.697
5130,1344798720,1769616744032,11:12:24.032,42.3392474,-71.0904381,20.697
5131,1345060864,1769616744322,11:12:24.322,42.3392474,-71.0904381,20.697
5132,1345323008,1769616744593,11:12:24.593,42.3392474,-71.0904381,20.697
5133,1345585152,1769616744855,11:12:24.855,42.3392474,-71.0904381,20.697
5134,1345847296,1769616745122,11:12:25.122,42.3392474,-71.0904381,20.697
5135,1346109440,1769616745395,11:12:25.395,42.3392474,-71.0904381,20.697
5136,1346371584,1769616745658,11:12:25.658,42.3392474,-71.0904381,20.697
5137,1346633728,1769616745932,11:12:25.932,42.3392474,-71.0904381,20.697
5138,1346895872,1769616746212,11:12:26.212,42.3392474,-71.0904381,20.697
5139,1347158016,1769616746475,11:12:26.475,42.3392474,-71.0904381,20.697
5140,1347420160,1769616746729,11:12:26.729,42.3392474,-71.0904381,20.697
5141,1347682304,1769616746989,11:12:26.989,42.3392474,-71.0904381,20.697
5142,1347944448,1769616747239,11:12:27.239,42.3392474,-71.0904381,20.697
5143,1348206592,1769616747504,11:12:27.504,42.3392474,-71.0904381,20.697
5144,1348468736,1769616747747,11:12:27.747,42.3392474,-71.0904381,20.697
5145,1348730880,1769616747994,11:12:27.994,42.3392474,-71.0904381,20.697
5146,1348993024,1769616748249,11:12:28.249,42.3392474,-71.0904381,20.697
5147,1349255168,1769616748504,11:12:28.504,42.3392474,-71.0904381,20.697
5148,1349517312,1769616749247,11:12:29.247,42.3392474,-71.0904381,20.697
5149,1349779456,1769616749856,11:12:29.856,42.3392474,-71.0904381,20.697
5150,1350041600,1769616750478,11:12:30.478,42.3392474,-71.0904381,20.697
5151,1350303744,1769616751293,11:12:31.293,42.3392474,-71.0904381,20.697
5152,1350565888,1769616752089,11:12:32.089,42.3392474,-71.0904381,20.697
5153,1350828032,1769616752744,11:12:32.744,42.3392474,-71.0904381,20.697
5154,1351090176,1769616753195,11:12:33.195,42.3392474,-71.0904381,20.697
5155,1351352320,1769616753531,11:12:33.531,42.3392474,-71.0904381,20.697
5156,1351614464,1769616753848,11:12:33.848,42.3392474,-71.0904381,20.697
5157,1351876608,1769616754191,11:12:34.191,42.3392474,-71.0904381,20.697
5158,1352138752,1769616754615,11:12:34.615,42.3392474,-71.0904381,20.697
5159,1352400896,1769616755118,11:12:35.118,42.3392474,-71.0904381,20.697
5160,1352663040,1769616755567,11:12:35.567,42.3392474,-71.0904381,20.697
5161,1352925184,1769616756037,11:12:36.037,42.3392474,-71.0904381,20.697
5162,1353187328,1769616756354,11:12:36.354,42.3392474,-71.0904381,20.697
5163,1353449472,1769616756755,11:12:36.755,42.3392474,-71.0904381,20.697
5164,1353711616,1769616757187,11:12:37.187,42.3392474,-71.0904381,20.697
5165,1353973760,1769616757586,11:12:37.586,42.3392474,-71.0904381,20.697
5166,1354235904,1769616757982,11:12:37.982,42.3392474,-71.0904381,20.697
5167,1354498048,1769616758343,11:12:38.343,42.3392474,-71.0904381,20.697
5168,1354760192,1769616758689,11:12:38.689,42.3392474,-71.0904381,20.697
5169,1355022336,1769616759040,11:12:39.040,42.3392474,-71.0904381,20.697
5170,1355284480,1769616759532,11:12:39.532,42.3392474,-71.0904381,20.697
5171,1355546624,1769616760279,11:12:40.279,42.3392474,-71.0904381,20.697
5172,1355808768,1769616760900,11:12:40.900,42.3392474,-71.0904381,20.697
5173,1356070912,1769616761459,11:12:41.459,42.3392474,-71.0904381,20.697
5174,1356333056,1769616761836,11:12:41.836,42.3392474,-71.0904381,20.697
5175,1356595200,1769616762187,11:12:42.187,42.3392474,-71.0904381,20.697
5176,1356857344,1769616762638,11:12:42.638,42.3392474,-71.0904381,20.697
5177,1357119488,1769616763368,11:12:43.368,42.3392474,-71.0904381,20.697
5178,1357381632,1769616763841,11:12:43.841,42.3392474,-71.0904381,20.697
5179,1357643776,1769616764171,11:12:44.171,42.3392474,-71.0904381,20.697
5180,1357905920,1769616764572,11:12:44.572,42.3392474,-71.0904381,20.697
5181,1358168064,1769616764928,11:12:44.928,42.3392474,-71.0904381,20.697
5182,1358430208,1769616765276,11:12:45.276,42.3392474,-71.0904381,20.697
5183,1358692352,1769616765628,11:12:45.628,42.3392474,-71.0904381,20.697
5184,1358954496,1769616766035,11:12:46.035,42.3392474,-71.0904381,20.697
5185,1359216640,1769616766327,11:12:46.327,42.3392474,-71.0904381,20.697
5186,1359478784,1769616766763,11:12:46.763,42.3392474,-71.0904381,20.697
5187,1359740928,1769616767307,11:12:47.307,42.3392474,-71.0904381,20.697
5188,1360003072,1769616767712,11:12:47.712,42.3392474,-71.0904381,20.697
5189,1360265216,1769616768124,11:12:48.124,42.3392474,-71.0904381,20.697
5190,1360527360,1769616768845,11:12:48.845,42.3392474,-71.0904381,20.697
5191,1360789504,1769616769549,11:12:49.549,42.3392474,-71.0904381,20.697
5192,1361051648,1769616770256,11:12:50.256,42.3392474,-71.0904381,20.697
5193,1361313792,1769616774096,11:12:54.096,42.3392474,-71.0904381,20.697
5194,1361575936,1769616774367,11:12:54.367,42.3392474,-71.0904381,20.697
5195,1361838080,1769616774649,11:12:54.649,42.3392474,-71.0904381,20.697
5196,1362100224,1769616774913,11:12:54.913,42.3392474,-71.0904381,20.697
5197,1362362368,1769616775174,11:12:55.174,42.3392474,-71.0904381,20.697
5198,1362624512,1769616775443,11:12:55.443,42.3392474,-71.0904381,20.697
5199,1362886656,1769616775721,11:12:55.721,42.3392474,-71.0904381,20.697
5200,1363148800,1769616775981,11:12:55.981,42.3392474,-71.0904381,20.697
5201,1363410944,1769616776234,11:12:56.234,42.3392474,-71.0904381,20.697
5202,1363673088,1769616776471,11:12:56.471,42.3392474,-71.0904381,20.697
5203,1363935232,1769616776717,11:12:56.717,42.3392474,-71.0904381,20.697
5204,1364197376,1769616776971,11:12:56.971,42.3392474,-71.0904381,20.697
5205,1364459520,1769616777237,11:12:57.237,42.3392474,-71.0904381,20.697
5206,1364721664,1769616777482,11:12:57.482,42.3392474,-71.0904381,20.697
5207,1364983808,1769616777719,11:12:57.719,42.3392474,-71.0904381,20.697
5208,1365245952,1769616777958,11:12:57.958,42.3392474,-71.0904381,20.697
5209,1365508096,1769616778333,11:12:58.333,42.3392474,-71.0904381,20.697
5210,1365770240,1769616778763,11:12:58.763,42.3392474,-71.0904381,20.697
5211,1366032384,1769616779294,11:12:59.294,42.3392474,-71.0904381,20.697
5212,1366294528,1769616779839,11:12:59.839,42.3392474,-71.0904381,20.697
5213,1366556672,1769616780113,11:13:00.113,42.3392474,-71.0904381,20.697
5214,1366818816,1769616780501,11:13:00.501,42.3392474,-71.0904381,20.697
5215,1367080960,1769616780885,11:13:00.885,42.3392474,-71.0904381,20.697
5216,1367343104,1769616781470,11:13:01.470,42.3392474,-71.0904381,20.697
5217,1367605248,1769616781933,11:13:01.933,42.3392474,-71.0904381,20.697
5218,1367867392,1769616782408,11:13:02.408,42.3392474,-71.0904381,20.697
5219,1368129536,1769616782819,11:13:02.819,42.3392474,-71.0904381,20.697
5220,1368391680,1769616783172,11:13:03.172,42.3392474,-71.0904381,20.697
5221,1368653824,1769616783517,11:13:03.517,42.3392474,-71.0904381,20.697
5222,1368915968,1769616783839,11:13:03.839,42.3392474,-71.0904381,20.697
5223,1369178112,1769616784320,11:13:04.320,42.3392474,-71.0904381,20.697
5224,1369440256,1769616784712,11:13:04.712,42.3392474,-71.0904381,20.697
5225,1369702400,1769616785151,11:13:05.151,42.3392474,-71.0904381,20.697
5226,1369964544,1769616785563,11:13:05.563,42.3392474,-71.0904381,20.697
5227,1370226688,1769616786058,11:13:06.058,42.3392474,-71.0904381,20.697
5228,1370488832,1769616786502,11:13:06.502,42.3392474,-71.0904381,20.697
5229,1370750976,1769616786758,11:13:06.758,42.3392474,-71.0904381,20.697
5230,1371013120,1769616787108,11:13:07.108,42.3392474,-71.0904381,20.697
5231,1371275264,1769616787459,11:13:07.459,42.3392474,-71.0904381,20.697
5232,1371537408,1769616787809,11:13:07.809,42.3392474,-71.0904381,20.697
5233,1371799552,1769616788159,11:13:08.159,42.3392474,-71.0904381,20.697
5234,1372061696,1769616788506,11:13:08.506,42.3392474,-71.0904381,20.697
5235,1372323840,1769616788827,11:13:08.827,42.3392474,-71.0904381,20.697
5236,1372585984,1769616789140,11:13:09.140,42.3392474,-71.0904381,20.697
5237,1372848128,1769616789523,11:13:09.523,42.3392474,-71.0904381,20.697
5238,1373110272,1769616789979,11:13:09.979,42.3392474,-71.0904381,20.697
5239,1373372416,1769616790355,11:13:10.355,42.3392474,-71.0904381,20.697
5240,1373634560,1769616790701,11:13:10.701,42.3392474,-71.0904381,20.697
5241,1373896704,1769616791097,11:13:11.097,42.3392474,-71.0904381,20.697
5242,1374158848,1769616791400,11:13:11.400,42.3392474,-71.0904381,20.697
5243,1374420992,1769616791822,11:13:11.822,42.3392474,-71.0904381,20.697
5244,1374683136,1769616792326,11:13:12.326,42.3392474,-71.0904381,20.697
5245,1374945280,1769616792759,11:13:12.759,42.3392474,-71.0904381,20.697
5246,1375207424,1769616793026,11:13:13.026,42.3392474,-71.0904381,20.697
5247,1375469568,1769616793393,11:13:13.393,42.3392474,-71.0904381,20.697
5248,1375731712,1769616793766,11:13:13.766,42.3392474,-71.0904381,20.697
5249,1375993856,1769616794224,11:13:14.224,42.3392474,-71.0904381,20.697
5250,1376256000,1769616794745,11:13:14.745,42.3392474,-71.0904381,20.697
5251,1376518144,1769616795339,11:13:15.339,42.3392474,-71.0904381,20.697
5252,1376780288,1769616795819,11:13:15.819,42.3392474,-71.0904381,20.697
5253,1377042432,1769616796310,11:13:16.310,42.3392474,-71.0904381,20.697
5254,1377304576,1769616796761,11:13:16.761,42.3392474,-71.0904381,20.697
5255,1377566720,1769616797205,11:13:17.205,42.3392474,-71.0904381,20.697
5256,1377828864,1769616797613,11:13:17.613,42.3392474,-71.0904381,20.697
5257,1378091008,1769616797914,11:13:17.914,42.3392474,-71.0904381,20.697
5258,1378353152,1769616798406,11:13:18.406,42.3392474,-71.0904381,20.697
5259,1378615296,1769616798816,11:13:18.816,42.3392474,-71.0904381,20.697
5260,1378877440,1769616799186,11:13:19.186,42.3392474,-71.0904381,20.697
5261,1379139584,1769616799538,11:13:19.538,42.3392474,-71.0904381,20.697
5262,1379401728,1769616799969,11:13:19.969,42.3392474,-71.0904381,20.697
5263,1379663872,1769616800448,11:13:20.448,42.3392474,-71.0904381,20.697
5264,1379926016,1769616800730,11:13:20.730,42.3392474,-71.0904381,20.697
5265,1380188160,1769616804840,11:13:24.840,42.3392474,-71.0904381,20.697
5266,1380450304,1769616805116,11:13:25.116,42.3392474,-71.0904381,20.697
5267,1380712448,1769616805367,11:13:25.367,42.3392474,-71.0904381,20.697
5268,1380974592,1769616805614,11:13:25.614,42.3392474,-71.0904381,20.697
5269,1381236736,1769616805870,11:13:25.870,42.3392474,-71.0904381,20.697
5270,1381498880,1769616806136,11:13:26.136,42.3392474,-71.0904381,20.697
5271,1381761024,1769616806399,11:13:26.399,42.3392474,-71.0904381,20.697
5272,1382023168,1769616806660,11:13:26.660,42.3392474,-71.0904381,20.697
5273,1382285312,1769616806919,11:13:26.919,42.3392474,-71.0904381,20.697
5274,1382547456,1769616807184,11:13:27.184,42.3392474,-71.0904381,20.697
5275,1382809600,1769616807419,11:13:27.419,42.3392474,-71.0904381,20.697
5276,1383071744,1769616807672,11:13:27.672,42.3392474,-71.0904381,20.697
5277,1383333888,1769616807930,11:13:27.930,42.3392474,-71.0904381,20.697
5278,1383596032,1769616808173,11:13:28.173,42.3392474,-71.0904381,20.697
5279,1383858176,1769616808402,11:13:28.402,42.3392474,-71.0904381,20.697
5280,1384120320,1769616808647,11:13:28.647,42.3392474,-71.0904381,20.697
5281,1384382464,1769616808905,11:13:28.905,42.3392474,-71.0904381,20.697
5282,1384644608,1769616809176,11:13:29.176,42.3392474,-71.0904381,20.697
5283,1384906752,1769616809424,11:13:29.424,42.3392474,-71.0904381,20.697
5284,1385168896,1769616809869,11:13:29.869,42.3392474,-71.0904381,20.697
5285,1385431040,1769616810499,11:13:30.499,42.3392474,-71.0904381,20.697
5286,1385693184,1769616810967,11:13:30.967,42.3392474,-71.0904381,20.697
5287,1385955328,1769616811362,11:13:31.362,42.3392474,-71.0904381,20.697
5288,1386217472,1769616812223,11:13:32.223,42.3392474,-71.0904381,20.697
5289,1386479616,1769616813173,11:13:33.173,42.3392474,-71.0904381,20.697
5290,1386741760,1769616813656,11:13:33.656,42.3392474,-71.0904381,20.697
5291,1387003904,1769616814007,11:13:34.007,42.3392474,-71.0904381,20.697
5292,1387266048,1769616814446,11:13:34.446,42.3392474,-71.0904381,20.697
5293,1387528192,1769616814896,11:13:34.896,42.3392474,-71.0904381,20.697
5294,1387790336,1769616815429,11:13:35.429,42.3392474,-71.0904381,20.697
5295,1388052480,1769616815801,11:13:35.801,42.3392474,-71.0904381,20.697
5296,1388314624,1769616816361,11:13:36.361,42.3392474,-71.0904381,20.697
5297,1388576768,1769616816878,11:13:36.878,42.3392474,-71.0904381,20.697
5298,1388838912,1769616817435,11:13:37.435,42.3392474,-71.0904381,20.697
5299,1389101056,1769616817946,11:13:37.946,42.3392474,-71.0904381,20.697
5300,1389363200,1769616818411,11:13:38.411,42.3392474,-71.0904381,20.697
5301,1389625344,1769616818871,11:13:38.871,42.3392474,-71.0904381,20.697
5302,1389887488,1769616819304,11:13:39.304,42.3392474,-71.0904381,20.697
5303,1390149632,1769616819744,11:13:39.744,42.3392474,-71.0904381,20.697
5304,1390411776,1769616820207,11:13:40.207,42.3392474,-71.0904381,20.697
5305,1390673920,1769616820678,11:13:40.678,42.3392474,-71.0904381,20.697
5306,1390936064,1769616820949,11:13:40.949,42.3392474,-71.0904381,20.697
5307,1391198208,1769616821283,11:13:41.283,42.3392474,-71.0904381,20.697
5308,1391460352,1769616821720,11:13:41.720,42.3392474,-71.0904381,20.697
5309,1391722496,1769616822157,11:13:42.157,42.3392474,-71.0904381,20.697
5310,1391984640,1769616822587,11:13:42.587,42.3392474,-71.0904381,20.697
5311,1392246784,1769616822997,11:13:42.997,42.3392474,-71.0904381,20.697
5312,1392508928,1769616823358,11:13:43.358,42.3392474,-71.0904381,20.697
5313,1392771072,1769616823899,11:13:43.899,42.3392474,-71.0904381,20.697
5314,1393033216,1769616824409,11:13:44.409,42.3392474,-71.0904381,20.697
5315,1393295360,1769616824816,11:13:44.816,42.3392474,-71.0904381,20.697
5316,1393557504,1769616825247,11:13:45.247,42.3392474,-71.0904381,20.697
5317,1393819648,1769616825724,11:13:45.724,42.3392474,-71.0904381,20.697
5318,1394081792,1769616826205,11:13:46.205,42.3392474,-71.0904381,20.697
5319,1394343936,1769616826822,11:13:46.822,42.3392474,-71.0904381,20.697
5320,1394606080,1769616827348,11:13:47.348,42.3392474,-71.0904381,20.697
5321,1394868224,1769616827917,11:13:47.917,42.3392474,-71.0904381,20.697
5322,1395130368,1769616828374,11:13:48.374,42.3392474,-71.0904381,20.697
5323,1395392512,1769616828927,11:13:48.927,42.3392474,-71.0904381,20.697
5324,1395654656,1769616829503,11:13:49.503,42.3392474,-71.0904381,20.697
5325,1395916800,1769616830091,11:13:50.091,42.3392474,-71.0904381,20.697
5326,1396178944,1769616830611,11:13:50.611,42.3392474,-71.0904381,20.697
5327,1396441088,1769616830995,11:13:50.995,42.3392474,-71.0904381,20.697
5328,1396703232,1769616835191,11:13:55.191,42.3392474,-71.0904381,20.697
5329,1396965376,1769616835438,11:13:55.438,42.3392474,-71.0904381,20.697
5330,1397227520,1769616835689,11:13:55.689,42.3392474,-71.0904381,20.697
5331,1397489664,1769616835948,11:13:55.948,42.3392474,-71.0904381,20.697
5332,1397751808,1769616836193,11:13:56.193,42.3392474,-71.0904381,20.697
5333,1398013952,1769616836471,11:13:56.471,42.3392474,-71.0904381,20.697
5334,1398276096,1769616836751,11:13:56.751,42.3392474,-71.0904381,20.697
5335,1398538240,1769616837009,11:13:57.009,42.3392474,-71.0904381,20.697
5336,1398800384,1769616837250,11:13:57.250,42.3392474,-71.0904381,20.697
5337,1399062528,1769616837493,11:13:57.493,42.3392474,-71.0904381,20.697
5338,1399324672,1769616837742,11:13:57.742,42.3392474,-71.0904381,20.697
5339,1399586816,1769616837992,11:13:57.992,42.3392474,-71.0904381,20.697
5340,1399848960,1769616838244,11:13:58.244,42.3392474,-71.0904381,20.697
5341,1400111104,1769616838494,11:13:58.494,42.3392474,-71.0904381,20.697
5342,1400373248,1769616838749,11:13:58.749,42.3392474,-71.0904381,20.697
5343,1400635392,1769616839008,11:13:59.008,42.3392474,-71.0904381,20.697
5344,1400897536,1769616839246,11:13:59.246,42.3392474,-71.0904381,20.697
5345,1401159680,1769616839621,11:13:59.621,42.3392474,-71.0904381,20.697
5346,1401421824,1769616840024,11:14:00.024,42.3392474,-71.0904381,20.697
5347,1401683968,1769616840323,11:14:00.323,42.3392474,-71.0904381,20.697
5348,1401946112,1769616840674,11:14:00.674,42.3392474,-71.0904381,20.697
5349,1402208256,1769616841024,11:14:01.024,42.3392474,-71.0904381,20.697
5350,1402470400,1769616841392,11:14:01.392,42.3392474,-71.0904381,20.697
5351,1402732544,1769616841726,11:14:01.726,42.3392474,-71.0904381,20.697
5352,1402994688,1769616842133,11:14:02.133,42.3392474,-71.0904381,20.697
5353,1403256832,1769616842425,11:14:02.425,42.3392474,-71.0904381,20.697
5354,1403518976,1769616842776,11:14:02.776,42.3392474,-71.0904381,20.697
5355,1403781120,1769616843125,11:14:03.125,42.3392474,-71.0904381,20.697
5356,1404043264,1769616843635,11:14:03.635,42.3392474,-71.0904381,20.697
5357,1404305408,1769616844153,11:14:04.153,42.3392474,-71.0904381,20.697
5358,1404567552,1769616844634,11:14:04.634,42.3392474,-71.0904381,20.697
5359,1404829696,1769616845122,11:14:05.122,42.3392474,-71.0904381,20.697
5360,1405091840,1769616845547,11:14:05.547,42.3392474,-71.0904381,20.697
5361,1405353984,1769616845934,11:14:05.934,42.3392474,-71.0904381,20.697
5362,1405616128,1769616846303,11:14:06.303,42.3392474,-71.0904381,20.697
5363,1405878272,1769616846800,11:14:06.800,42.3392474,-71.0904381,20.697
5364,1406140416,1769616847288,11:14:07.288,42.3392474,-71.0904381,20.697
5365,1406402560,1769616847665,11:14:07.665,42.3392474,-71.0904381,20.697
5366,1406664704,1769616848050,11:14:08.050,42.3392474,-71.0904381,20.697
5367,1406926848,1769616848418,11:14:08.418,42.3392474,-71.0904381,20.697
5368,1407188992,1769616848770,11:14:08.770,42.3392474,-71.0904381,20.697
5369,1407451136,1769616849147,11:14:09.147,42.3392474,-71.0904381,20.697
5370,1407713280,1769616849471,11:14:09.471,42.3392474,-71.0904381,20.697
5371,1407975424,1769616849823,11:14:09.823,42.3392474,-71.0904381,20.697
5372,1408237568,1769616850173,11:14:10.173,42.3392474,-71.0904381,20.697
5373,1408499712,1769616850524,11:14:10.524,42.3392474,-71.0904381,20.697
5374,1408761856,1769616850873,11:14:10.873,42.3392474,-71.0904381,20.697
5375,1409024000,1769616851280,11:14:11.280,42.3392474,-71.0904381,20.697
5376,1409286144,1769616851695,11:14:11.695,42.3392474,-71.0904381,20.697
5377,1409548288,1769616852111,11:14:12.111,42.3392474,-71.0904381,20.697
5378,1409810432,1769616852527,11:14:12.527,42.3392474,-71.0904381,20.697
5379,1410072576,1769616852899,11:14:12.899,42.3392474,-71.0904381,20.697
5380,1410334720,1769616853402,11:14:13.402,42.3392474,-71.0904381,20.697
5381,1410596864,1769616853797,11:14:13.797,42.3392474,-71.0904381,20.697
5382,1410859008,1769616854103,11:14:14.103,42.3392474,-71.0904381,20.697
5383,1411121152,1769616854513,11:14:14.513,42.3392474,-71.0904381,20.697
5384,1411383296,1769616854947,11:14:14.947,42.3392474,-71.0904381,20.697
5385,1411645440,1769616855407,11:14:15.407,42.3392474,-71.0904381,20.697
5386,1411907584,1769616855977,11:14:15.977,42.3392474,-71.0904381,20.697
5387,1412169728,1769616856442,11:14:16.442,42.3392474,-71.0904381,20.697
5388,1412431872,1769616856765,11:14:16.765,42.3392474,-71.0904381,20.697
5389,1412694016,1769616857115,11:14:17.115,42.3392474,-71.0904381,20.697
5390,1412956160,1769616857531,11:14:17.531,42.3392474,-71.0904381,20.697
5391,1413218304,1769616857919,11:14:17.919,42.3392474,-71.0904381,20.697
5392,1413480448,1769616858334,11:14:18.334,42.3392474,-71.0904381,20.697
5393,1413742592,1769616858797,11:14:18.797,42.3392474,-71.0904381,20.697
5394,1414004736,1769616859363,11:14:19.363,42.3392474,-71.0904381,20.697
5395,1414266880,1769616859801,11:14:19.801,42.3392474,-71.0904381,20.697
5396,1414529024,1769616860351,11:14:20.351,42.3392474,-71.0904381,20.697
5397,1414791168,1769616860807,11:14:20.807,42.3392474,-71.0904381,20.697
5398,1415053312,1769616861388,11:14:21.388,42.3392474,-71.0904381,20.697
5399,1415315456,1769616861867,11:14:21.867,42.3392474,-71.0904381,20.697
5400,1415577600,1769616865429,11:14:25.429,42.3392474,-71.0904381,20.697
5401,1415839744,1769616865703,11:14:25.703,42.3392474,-71.0904381,20.697
5402,1416101888,1769616865967,11:14:25.967,42.3392474,-71.0904381,20.697
5403,1416364032,1769616866249,11:14:26.249,42.3392474,-71.0904381,20.697
5404,1416626176,1769616866518,11:14:26.518,42.3392474,-71.0904381,20.697
5405,1416888320,1769616866772,11:14:26.772,42.3392474,-71.0904381,20.697
5406,1417150464,1769616867044,11:14:27.044,42.3392474,-71.0904381,20.697
5407,1417412608,1769616867302,11:14:27.302,42.3392474,-71.0904381,20.697
5408,1417674752,1769616867573,11:14:27.573,42.3392474,-71.0904381,20.697
5409,1417936896,1769616867835,11:14:27.835,42.3392474,-71.0904381,20.697
5410,1418199040,1769616868078,11:14:28.078,42.3392474,-71.0904381,20.697
5411,1418461184,1769616868334,11:14:28.334,42.3392474,-71.0904381,20.697
5412,1418723328,1769616868584,11:14:28.584,42.3392474,-71.0904381,20.697
5413,1418985472,1769616868821,11:14:28.821,42.3392474,-71.0904381,20.697
5414,1419247616,1769616869077,11:14:29.077,42.3392474,-71.0904381,20.697
5415,1419509760,1769616869321,11:14:29.321,42.3392474,-71.0904381,20.697
5416,1419771904,1769616869576,11:14:29.576,42.3392474,-71.0904381,20.697
5417,1420034048,1769616869840,11:14:29.840,42.3392474,-71.0904381,20.697
5418,1420296192,1769616870085,11:14:30.085,42.3392474,-71.0904381,20.697
5419,1420558336,1769616870419,11:14:30.419,42.3392474,-71.0904381,20.697
5420,1420820480,1769616870967,11:14:30.967,42.3392474,-71.0904381,20.697
5421,1421082624,1769616871700,11:14:31.700,42.3392474,-71.0904381,20.697
5422,1421344768,1769616872335,11:14:32.335,42.3392474,-71.0904381,20.697
5423,1421606912,1769616872874,11:14:32.874,42.3392474,-71.0904381,20.697
5424,1421869056,1769616873477,11:14:33.477,42.3392474,-71.0904381,20.697
5425,1422131200,1769616874004,11:14:34.004,42.3392474,-71.0904381,20.697
5426,1422393344,1769616874354,11:14:34.354,42.3392474,-71.0904381,20.697
5427,1422655488,1769616874753,11:14:34.753,42.3392474,-71.0904381,20.697
5428,1422917632,1769616875103,11:14:35.103,42.3392474,-71.0904381,20.697
5429,1423179776,1769616875553,11:14:35.553,42.3392474,-71.0904381,20.697
5430,1423441920,1769616876006,11:14:36.006,42.3392474,-71.0904381,20.697
5431,1423704064,1769616876412,11:14:36.412,42.3392474,-71.0904381,20.697
5432,1423966208,1769616876857,11:14:36.857,42.3392474,-71.0904381,20.697
5433,1424228352,1769616877112,11:14:37.112,42.3392474,-71.0904381,20.697
5434,1424490496,1769616877463,11:14:37.463,42.3392474,-71.0904381,20.697
5435,1424752640,1769616877812,11:14:37.812,42.3392474,-71.0904381,20.697
5436,1425014784,1769616878212,11:14:38.212,42.3392474,-71.0904381,20.697
5437,1425276928,1769616878508,11:14:38.508,42.3392474,-71.0904381,20.697
5438,1425539072,1769616878854,11:14:38.854,42.3392474,-71.0904381,20.697
5439,1425801216,1769616879208,11:14:39.208,42.3392474,-71.0904381,20.697
5440,1426063360,1769616879570,11:14:39.570,42.3392474,-71.0904381,20.697
5441,1426325504,1769616879908,11:14:39.908,42.3392474,-71.0904381,20.697
5442,1426587648,1769616880331,11:14:40.331,42.3392474,-71.0904381,20.697
5443,1426849792,1769616880688,11:14:40.688,42.3392474,-71.0904381,20.697
5444,1427111936,1769616881037,11:14:41.037,42.3392474,-71.0904381,20.697
5445,1427374080,1769616881391,11:14:41.391,42.3392474,-71.0904381,20.697
5446,1427636224,1769616881740,11:14:41.740,42.3392474,-71.0904381,20.697
5447,1427898368,1769616882091,11:14:42.091,42.3392474,-71.0904381,20.697
5448,1428160512,1769616882524,11:14:42.524,42.3392474,-71.0904381,20.697
5449,1428422656,1769616882906,11:14:42.906,42.3392474,-71.0904381,20.697
5450,1428684800,1769616883241,11:14:43.241,42.3392474,-71.0904381,20.697
5451,1428946944,1769616883585,11:14:43.585,42.3392474,-71.0904381,20.697
5452,1429209088,1769616883884,11:14:43.884,42.3392474,-71.0904381,20.697
5453,1429471232,1769616884221,11:14:44.221,42.3392474,-71.0904381,20.697
5454,1429733376,1769616884573,11:14:44.573,42.3392474,-71.0904381,20.697
5455,1429995520,1769616885024,11:14:45.024,42.3392474,-71.0904381,20.697
5456,1430257664,1769616885275,11:14:45.275,42.3392474,-71.0904381,20.697
5457,1430519808,1769616885624,11:14:45.624,42.3392474,-71.0904381,20.697
5458,1430781952,1769616886033,11:14:46.033,42.3392474,-71.0904381,20.697
5459,1431044096,1769616886419,11:14:46.419,42.3392474,-71.0904381,20.697
5460,1431306240,1769616886825,11:14:46.825,42.3392474,-71.0904381,20.697
5461,1431568384,1769616887201,11:14:47.201,42.3392474,-71.0904381,20.697
5462,1431830528,1769616887526,11:14:47.526,42.3392474,-71.0904381,20.697
5463,1432092672,1769616887876,11:14:47.876,42.3392474,-71.0904381,20.697
5464,1432354816,1769616888243,11:14:48.243,42.3392474,-71.0904381,20.697
5465,1432616960,1769616888622,11:14:48.622,42.3392474,-71.0904381,20.697
5466,1432879104,1769616888928,11:14:48.928,42.3392474,-71.0904381,20.697
5467,1433141248,1769616889288,11:14:49.288,42.3392474,-71.0904381,20.697
5468,1433403392,1769616889762,11:14:49.762,42.3392474,-71.0904381,20.697
5469,1433665536,1769616890221,11:14:50.221,42.3392474,-71.0904381,20.697
5470,1433927680,1769616890731,11:14:50.731,42.3392474,-71.0904381,20.697
5471,1434189824,1769616891237,11:14:51.237,42.3392474,-71.0904381,20.697
5472,1434451968,1769616891721,11:14:51.721,42.3392474,-71.0904381,20.697
5473,1434714112,1769616892072,11:14:52.072,42.3392474,-71.0904381,20.697
5474,1434976256,1769616895588,11:14:55.588,42.3392474,-71.0904381,20.697
5475,1435238400,1769616895860,11:14:55.860,42.3392474,-71.0904381,20.697
5476,1435500544,1769616896108,11:14:56.108,42.3392474,-71.0904381,20.697
5477,1435762688,1769616896378,11:14:56.378,42.3392474,-71.0904381,20.697
5478,1436024832,1769616896642,11:14:56.642,42.3392474,-71.0904381,20.697
5479,1436286976,1769616896899,11:14:56.899,42.3392474,-71.0904381,20.697
5480,1436549120,1769616897158,11:14:57.158,42.3392474,-71.0904381,20.697
5481,1436811264,1769616897446,11:14:57.446,42.3392474,-71.0904381,20.697
5482,1437073408,1769616897716,11:14:57.716,42.3392474,-71.0904381,20.697
5483,1437335552,1769616897973,11:14:57.973,42.3392474,-71.0904381,20.697
5484,1437597696,1769616898236,11:14:58.236,42.3392474,-71.0904381,20.697
5485,1437859840,1769616898487,11:14:58.487,42.3392474,-71.0904381,20.697
5486,1438121984,1769616898751,11:14:58.751,42.3392474,-71.0904381,20.697
5487,1438384128,1769616899013,11:14:59.013,42.3392474,-71.0904381,20.697
5488,1438646272,1769616899267,11:14:59.267,42.3392474,-71.0904381,20.697
5489,1438908416,1769616899537,11:14:59.537,42.3392474,-71.0904381,20.697
5490,1439170560,1769616899792,11:14:59.792,42.3392474,-71.0904381,20.697
5491,1439432704,1769616900049,11:15:00.049,42.3392474,-71.0904381,20.697
5492,1439694848,1769616900302,11:15:00.302,42.3392474,-71.0904381,20.697
5493,1439956992,1769616900615,11:15:00.615,42.3392474,-71.0904381,20.697
5494,1440219136,1769616901203,11:15:01.203,42.3392474,-71.0904381,20.697
5495,1440481280,1769616901707,11:15:01.707,42.3392474,-71.0904381,20.697
5496,1440743424,1769616902198,11:15:02.198,42.3392474,-71.0904381,20.697
5497,1441005568,1769616902659,11:15:02.659,42.3392474,-71.0904381,20.697
5498,1441267712,1769616903107,11:15:03.107,42.3392474,-71.0904381,20.697
5499,1441529856,1769616903594,11:15:03.594,42.3392474,-71.0904381,20.697
5500,1441792000,1769616904180,11:15:04.180,42.3392474,-71.0904381,20.697
5501,1442054144,1769616904631,11:15:04.631,42.3392474,-71.0904381,20.697
5502,1442316288,1769616905005,11:15:05.005,42.3392474,-71.0904381,20.697
5503,1442578432,1769616905923,11:15:05.923,42.3392474,-71.0904381,20.697
5504,1442840576,1769616906748,11:15:06.748,42.3392474,-71.0904381,20.697
5505,1443102720,1769616907606,11:15:07.606,42.3392474,-71.0904381,20.697
5506,1443364864,1769616908419,11:15:08.419,42.3392474,-71.0904381,20.697
5507,1443627008,1769616908902,11:15:08.902,42.3392474,-71.0904381,20.697
5508,1443889152,1769616909398,11:15:09.398,42.3392474,-71.0904381,20.697
5509,1444151296,1769616909937,11:15:09.937,42.3392474,-71.0904381,20.697
5510,1444413440,1769616910490,11:15:10.490,42.3392474,-71.0904381,20.697
5511,1444675584,1769616910949,11:15:10.949,42.3392474,-71.0904381,20.697
5512,1444937728,1769616911442,11:15:11.442,42.3392474,-71.0904381,20.697
5513,1445199872,1769616912050,11:15:12.050,42.3392474,-71.0904381,20.697
5514,1445462016,1769616912559,11:15:12.559,42.3392474,-71.0904381,20.697
5515,1445724160,1769616913068,11:15:13.068,42.3392474,-71.0904381,20.697
5516,1445986304,1769616913591,11:15:13.591,42.3392474,-71.0904381,20.697
5517,1446248448,1769616914027,11:15:14.027,42.3392474,-71.0904381,20.697
5518,1446510592,1769616914535,11:15:14.535,42.3392474,-71.0904381,20.697
5519,1446772736,1769616914990,11:15:14.990,42.3392474,-71.0904381,20.697
5520,1447034880,1769616915598,11:15:15.598,42.3392474,-71.0904381,20.697
5521,1447297024,1769616916046,11:15:16.046,42.3392474,-71.0904381,20.697
5522,1447559168,1769616916591,11:15:16.591,42.3392474,-71.0904381,20.697
5523,1447821312,1769616916949,11:15:16.949,42.3392474,-71.0904381,20.697
5524,1448083456,1769616917450,11:15:17.450,42.3392474,-71.0904381,20.697
5525,1448345600,1769616917908,11:15:17.908,42.3392474,-71.0904381,20.697
5526,1448607744,1769616918294,11:15:18.294,42.3392474,-71.0904381,20.697
5527,1448869888,1769616918766,11:15:18.766,42.3392474,-71.0904381,20.697
5528,1449132032,1769616919351,11:15:19.351,42.3392474,-71.0904381,20.697
5529,1449394176,1769616919778,11:15:19.778,42.3392474,-71.0904381,20.697
5530,1449656320,1769616920219,11:15:20.219,42.3392474,-71.0904381,20.697
5531,1449918464,1769616920613,11:15:20.613,42.3392474,-71.0904381,20.697
5532,1450180608,1769616920941,11:15:20.941,42.3392474,-71.0904381,20.697
5533,1450442752,1769616921303,11:15:21.303,42.3392474,-71.0904381,20.697
5534,1450704896,1769616921644,11:15:21.644,42.3392474,-71.0904381,20.697
5535,1450967040,1769616922038,11:15:22.038,42.3392474,-71.0904381,20.697
5536,1451229184,1769616922496,11:15:22.496,42.3392474,-71.0904381,20.697
5537,1451491328,1769616926206,11:15:26.206,42.3392474,-71.0904381,20.697
5538,1451753472,1769616926469,11:15:26.469,42.3392474,-71.0904381,20.697
5539,1452015616,1769616926714,11:15:26.714,42.3392474,-71.0904381,20.697
5540,1452277760,1769616926956,11:15:26.956,42.3392474,-71.0904381,20.697
5541,1452539904,1769616927206,11:15:27.206,42.3392474,-71.0904381,20.697
5542,1452802048,1769616927481,11:15:27.481,42.3392474,-71.0904381,20.697
5543,1453064192,1769616927721,11:15:27.721,42.3392474,-71.0904381,20.697
5544,1453326336,1769616927960,11:15:27.960,42.3392474,-71.0904381,20.697
5545,1453588480,1769616928211,11:15:28.211,42.3392474,-71.0904381,20.697
5546,1453850624,1769616928472,11:15:28.472,42.3392474,-71.0904381,20.697
5547,1454112768,1769616928704,11:15:28.704,42.3392474,-71.0904381,20.697
5548,1454374912,1769616928970,11:15:28.970,42.3392474,-71.0904381,20.697
5549,1454637056,1769616929223,11:15:29.223,42.3392474,-71.0904381,20.697
5550,1454899200,1769616929474,11:15:29.474,42.3392474,-71.0904381,20.697
5551,1455161344,1769616929724,11:15:29.724,42.3392474,-71.0904381,20.697
5552,1455423488,1769616929977,11:15:29.977,42.3392474,-71.0904381,20.697
5553,1455685632,1769616930237,11:15:30.237,42.3392474,-71.0904381,20.697
5554,1455947776,1769616930495,11:15:30.495,42.3392474,-71.0904381,20.697
5555,1456209920,1769616930854,11:15:30.854,42.3392474,-71.0904381,20.697
5556,1456472064,1769616931267,11:15:31.267,42.3392474,-71.0904381,20.697
5557,1456734208,1769616931725,11:15:31.725,42.3392474,-71.0904381,20.697
5558,1456996352,1769616932182,11:15:32.182,42.3392474,-71.0904381,20.697
5559,1457258496,1769616932550,11:15:32.550,42.3392474,-71.0904381,20.697
5560,1457520640,1769616932937,11:15:32.937,42.3392474,-71.0904381,20.697
5561,1457782784,1769616933272,11:15:33.272,42.3392474,-71.0904381,20.697
5562,1458044928,1769616933643,11:15:33.643,42.3392474,-71.0904381,20.697
5563,1458307072,1769616933934,11:15:33.934,42.3392474,-71.0904381,20.697
5564,1458569216,1769616934284,11:15:34.284,42.3392474,-71.0904381,20.697
5565,1458831360,1769616934664,11:15:34.664,42.3392474,-71.0904381,20.697
5566,1459093504,1769616935095,11:15:35.095,42.3392474,-71.0904381,20.697
5567,1459355648,1769616935379,11:15:35.379,42.3392474,-71.0904381,20.697
5568,1459617792,1769616935771,11:15:35.771,42.3392474,-71.0904381,20.697
5569,1459879936,1769616936217,11:15:36.217,42.3392474,-71.0904381,20.697
5570,1460142080,1769616936624,11:15:36.624,42.3392474,-71.0904381,20.697
5571,1460404224,1769616937016,11:15:37.016,42.3392474,-71.0904381,20.697
5572,1460666368,1769616937366,11:15:37.366,42.3392474,-71.0904381,20.697
5573,1460928512,1769616937768,11:15:37.768,42.3392474,-71.0904381,20.697
5574,1461190656,1769616938122,11:15:38.122,42.3392474,-71.0904381,20.697
5575,1461452800,1769616938498,11:15:38.498,42.3392474,-71.0904381,20.697
5576,1461714944,1769616938826,11:15:38.826,42.3392474,-71.0904381,20.697
5577,1461977088,1769616939176,11:15:39.176,42.3392474,-71.0904381,20.697
5578,1462239232,1769616939588,11:15:39.588,42.3392474,-71.0904381,20.697
5579,1462501376,1769616940007,11:15:40.007,42.3392474,-71.0904381,20.697
5580,1462763520,1769616940557,11:15:40.557,42.3392474,-71.0904381,20.697
5581,1463025664,1769616941026,11:15:41.026,42.3392474,-71.0904381,20.697
5582,1463287808,1769616941551,11:15:41.551,42.3392474,-71.0904381,20.697
5583,1463549952,1769616941988,11:15:41.988,42.3392474,-71.0904381,20.697
5584,1463812096,1769616942338,11:15:42.338,42.3392474,-71.0904381,20.697
5585,1464074240,1769616942877,11:15:42.877,42.3392474,-71.0904381,20.697
5586,1464336384,1769616943651,11:15:43.651,42.3392474,-71.0904381,20.697
5587,1464598528,1769616944578,11:15:44.578,42.3392474,-71.0904381,20.697
5588,1464860672,1769616945420,11:15:45.420,42.3392474,-71.0904381,20.697
5589,1465122816,1769616946015,11:15:46.015,42.3392474,-71.0904381,20.697
5590,1465384960,1769616946596,11:15:46.596,42.3392474,-71.0904381,20.697
5591,1465647104,1769616947406,11:15:47.406,42.3392474,-71.0904381,20.697
5592,1465909248,1769616948088,11:15:48.088,42.3392474,-71.0904381,20.697
5593,1466171392,1769616948601,11:15:48.601,42.3392474,-71.0904381,20.697
5594,1466433536,1769616949014,11:15:49.014,42.3392474,-71.0904381,20.697
5595,1466695680,1769616949476,11:15:49.476,42.3392474,-71.0904381,20.697
5596,1466957824,1769616949875,11:15:49.875,42.3392474,-71.0904381,20.697
5597,1467219968,1769616950266,11:15:50.266,42.3392474,-71.0904381,20.697
5598,1467482112,1769616950717,11:15:50.717,42.3392474,-71.0904381,20.697
5599,1467744256,1769616951155,11:15:51.155,42.3392474,-71.0904381,20.697
5600,1468006400,1769616951545,11:15:51.545,42.3392474,-71.0904381,20.697
5601,1468268544,1769616951895,11:15:51.895,42.3392474,-71.0904381,20.697
5602,1468530688,1769616952246,11:15:52.246,42.3392474,-71.0904381,20.697
5603,1468792832,1769616952595,11:15:52.595,42.3392474,-71.0904381,20.697
5604,1469054976,1769616952948,11:15:52.948,42.3392474,-71.0904381,20.697
5605,1469317120,1769616956791,11:15:56.791,42.3392474,-71.0904381,20.697
5606,1469579264,1769616957058,11:15:57.058,42.3392474,-71.0904381,20.697
5607,1469841408,1769616957332,11:15:57.332,42.3392474,-71.0904381,20.697
5608,1470103552,1769616957617,11:15:57.617,42.3392474,-71.0904381,20.697
5609,1470365696,1769616957891,11:15:57.891,42.3392474,-71.0904381,20.697
5610,1470627840,1769616958164,11:15:58.164,42.3392474,-71.0904381,20.697
5611,1470889984,1769616958434,11:15:58.434,42.3392474,-71.0904381,20.697
5612,1471152128,1769616958707,11:15:58.707,42.3392474,-71.0904381,20.697
5613,1471414272,1769616958956,11:15:58.956,42.3392474,-71.0904381,20.697
5614,1471676416,1769616959214,11:15:59.214,42.3392474,-71.0904381,20.697
5615,1471938560,1769616959453,11:15:59.453,42.3392474,-71.0904381,20.697
5616,1472200704,1769616959715,11:15:59.715,42.3392474,-71.0904381,20.697
5617,1472462848,1769616959956,11:15:59.956,42.3392474,-71.0904381,20.697
5618,1472724992,1769616960193,11:16:00.193,42.3392474,-71.0904381,20.697
5619,1472987136,1769616960808,11:16:00.808,42.3392474,-71.0904381,20.697
5620,1473249280,1769616961566,11:16:01.566,42.3392474,-71.0904381,20.697
5621,1473511424,1769616962349,11:16:02.349,42.3392474,-71.0904381,20.697
5622,1473773568,1769616963320,11:16:03.320,42.3392474,-71.0904381,20.697
5623,1474035712,1769616963827,11:16:03.827,42.3392474,-71.0904381,20.697
5624,1474297856,1769616964397,11:16:04.397,42.3392474,-71.0904381,20.697
5625,1474560000,1769616964893,11:16:04.893,42.3392474,-71.0904381,20.697
5626,1474822144,1769616965414,11:16:05.414,42.3392474,-71.0904381,20.697
5627,1475084288,1769616965941,11:16:05.941,42.3392474,-71.0904381,20.697
5628,1475346432,1769616966512,11:16:06.512,42.3392474,-71.0904381,20.697
5629,1475608576,1769616966924,11:16:06.924,42.3392474,-71.0904381,20.697
5630,1475870720,1769616967432,11:16:07.432,42.3392474,-71.0904381,20.697
5631,1476132864,1769616967942,11:16:07.942,42.3392474,-71.0904381,20.697
5632,1476395008,1769616968572,11:16:08.572,42.3392474,-71.0904381,20.697
5633,1476657152,1769616969126,11:16:09.126,42.3392474,-71.0904381,20.697
5634,1476919296,1769616969879,11:16:09.879,42.3392474,-71.0904381,20.697
5635,1477181440,1769616970404,11:16:10.404,42.3392474,-71.0904381,20.697
5636,1477443584,1769616970649,11:16:10.649,42.3392474,-71.0904381,20.697
5637,1477705728,1769616971309,11:16:11.309,42.3392474,-71.0904381,20.697
5638,1477967872,1769616971830,11:16:11.830,42.3392474,-71.0904381,20.697
5639,1478230016,1769616972438,11:16:12.438,42.3392474,-71.0904381,20.697
5640,1478492160,1769616972935,11:16:12.935,42.3392474,-71.0904381,20.697
5641,1478754304,1769616973471,11:16:13.471,42.3392474,-71.0904381,20.697
5642,1479016448,1769616973857,11:16:13.857,42.3392474,-71.0904381,20.697
5643,1479278592,1769616974207,11:16:14.207,42.3392474,-71.0904381,20.697
5644,1479540736,1769616974587,11:16:14.587,42.3392474,-71.0904381,20.697
5645,1479802880,1769616974947,11:16:14.947,42.3392474,-71.0904381,20.697
5646,1480065024,1769616975321,11:16:15.321,42.3392474,-71.0904381,20.697
5647,1480327168,1769616975654,11:16:15.654,42.3392474,-71.0904381,20.697
5648,1480589312,1769616976032,11:16:16.032,42.3392474,-71.0904381,20.697
5649,1480851456,1769616976447,11:16:16.447,42.3392474,-71.0904381,20.697
5650,1481113600,1769616976907,11:16:16.907,42.3392474,-71.0904381,20.697
5651,1481375744,1769616977183,11:16:17.183,42.3392474,-71.0904381,20.697
5652,1481637888,1769616977576,11:16:17.576,42.3392474,-71.0904381,20.697
5653,1481900032,1769616978016,11:16:18.016,42.3392474,-71.0904381,20.697
5654,1482162176,1769616978479,11:16:18.479,42.3392474,-71.0904381,20.697
5655,1482424320,1769616978863,11:16:18.863,42.3392474,-71.0904381,20.697
5656,1482686464,1769616979228,11:16:19.228,42.3392474,-71.0904381,20.697
5657,1482948608,1769616979591,11:16:19.591,42.3392474,-71.0904381,20.697
5658,1483210752,1769616979941,11:16:19.941,42.3392474,-71.0904381,20.697
5659,1483472896,1769616980290,11:16:20.290,42.3392474,-71.0904381,20.697
5660,1483735040,1769616980641,11:16:20.641,42.3392474,-71.0904381,20.697
5661,1483997184,1769616980993,11:16:20.993,42.3392474,-71.0904381,20.697
5662,1484259328,1769616981344,11:16:21.344,42.3392474,-71.0904381,20.697
5663,1484521472,1769616981695,11:16:21.695,42.3392474,-71.0904381,20.697
5664,1484783616,1769616982046,11:16:22.046,42.3392474,-71.0904381,20.697
5665,1485045760,1769616982397,11:16:22.397,42.3392474,-71.0904381,20.697
5666,1485307904,1769616982813,11:16:22.813,42.3392474,-71.0904381,20.697
5667,1485570048,1769616983251,11:16:23.251,42.3392474,-71.0904381,20.697
5668,1485832192,1769616986808,11:16:26.808,42.3392474,-71.0904381,20.697
5669,1486094336,1769616987078,11:16:27.078,42.3392474,-71.0904381,20.697
5670,1486356480,1769616987329,11:16:27.329,42.3392474,-71.0904381,20.697
5671,1486618624,1769616987577,11:16:27.577,42.3392474,-71.0904381,20.697
5672,1486880768,1769616987824,11:16:27.824,42.3392474,-71.0904381,20.697
5673,1487142912,1769616988077,11:16:28.077,42.3392474,-71.0904381,20.697
5674,1487405056,1769616988318,11:16:28.318,42.3392474,-71.0904381,20.697
5675,1487667200,1769616988573,11:16:28.573,42.3392474,-71.0904381,20.697
5676,1487929344,1769616988829,11:16:28.829,42.3392474,-71.0904381,20.697
5677,1488191488,1769616989075,11:16:29.075,42.3392474,-71.0904381,20.697
5678,1488453632,1769616989328,11:16:29.328,42.3392474,-71.0904381,20.697
5679,1488715776,1769616989584,11:16:29.584,42.3392474,-71.0904381,20.697
5680,1488977920,1769616989833,11:16:29.833,42.3392474,-71.0904381,20.697
5681,1489240064,1769616990069,11:16:30.069,42.3392474,-71.0904381,20.697
5682,1489502208,1769616990336,11:16:30.336,42.3392474,-71.0904381,20.697
5683,1489764352,1769616990734,11:16:30.734,42.3392474,-71.0904381,20.697
5684,1490026496,1769616991415,11:16:31.415,42.3392474,-71.0904381,20.697
5685,1490288640,1769616991998,11:16:31.998,42.3392474,-71.0904381,20.697
5686,1490550784,1769616992673,11:16:32.673,42.3392474,-71.0904381,20.697
5687,1490812928,1769616993251,11:16:33.251,42.3392474,-71.0904381,20.697
5688,1491075072,1769616993724,11:16:33.724,42.3392474,-71.0904381,20.697
5689,1491337216,1769616994179,11:16:34.179,42.3392474,-71.0904381,20.697
5690,1491599360,1769616994649,11:16:34.649,42.3392474,-71.0904381,20.697
5691,1491861504,1769616995004,11:16:35.004,42.3392474,-71.0904381,20.697
5692,1492123648,1769616995354,11:16:35.354,42.3392474,-71.0904381,20.697
5693,1492385792,1769616995711,11:16:35.711,42.3392474,-71.0904381,20.697
5694,1492647936,1769616996099,11:16:36.099,42.3392474,-71.0904381,20.697
5695,1492910080,1769616996510,11:16:36.510,42.3392474,-71.0904381,20.697
5696,1493172224,1769616996860,11:16:36.860,42.3392474,-71.0904381,20.697
5697,1493434368,1769616997210,11:16:37.210,42.3392474,-71.0904381,20.697
5698,1493696512,1769616997664,11:16:37.664,42.3392474,-71.0904381,20.697
5699,1493958656,1769616998078,11:16:38.078,42.3392474,-71.0904381,20.697
5700,1494220800,1769616998423,11:16:38.423,42.3392474,-71.0904381,20.697
5701,1494482944,1769616998774,11:16:38.774,42.3392474,-71.0904381,20.697
5702,1494745088,1769616999124,11:16:39.124,42.3392474,-71.0904381,20.697
5703,1495007232,1769616999605,11:16:39.605,42.3392474,-71.0904381,20.697
5704,1495269376,1769616999969,11:16:39.969,42.3392474,-71.0904381,20.697
5705,1495531520,1769617000423,11:16:40.423,42.3392474,-71.0904381,20.697
5706,1495793664,1769617000849,11:16:40.849,42.3392474,-71.0904381,20.697
5707,1496055808,1769617001143,11:16:41.143,42.3392474,-71.0904381,20.697
5708,1496317952,1769617001596,11:16:41.596,42.3392474,-71.0904381,20.697
5709,1496580096,1769617002051,11:16:42.051,42.3392474,-71.0904381,20.697
5710,1496842240,1769617002382,11:16:42.382,42.3392474,-71.0904381,20.697
5711,1497104384,1769617002774,11:16:42.774,42.3392474,-71.0904381,20.697
5712,1497366528,1769617003220,11:16:43.220,42.3392474,-71.0904381,20.697
5713,1497628672,1769617003477,11:16:43.477,42.3392474,-71.0904381,20.697
5714,1497890816,1769617003829,11:16:43.829,42.3392474,-71.0904381,20.697
5715,1498152960,1769617004211,11:16:44.211,42.3392474,-71.0904381,20.697
5716,1498415104,1769617004528,11:16:44.528,42.3392474,-71.0904381,20.697
5717,1498677248,1769617004879,11:16:44.879,42.3392474,-71.0904381,20.697
5718,1498939392,1769617005229,11:16:45.229,42.3392474,-71.0904381,20.697
5719,1499201536,1769617005579,11:16:45.579,42.3392474,-71.0904381,20.697
5720,1499463680,1769617005930,11:16:45.930,42.3392474,-71.0904381,20.697
5721,1499725824,1769617006281,11:16:46.281,42.3392474,-71.0904381,20.697
5722,1499987968,1769617006644,11:16:46.644,42.3392474,-71.0904381,20.697
5723,1500250112,1769617006983,11:16:46.983,42.3392474,-71.0904381,20.697
5724,1500512256,1769617007333,11:16:47.333,42.3392474,-71.0904381,20.697
5725,1500774400,1769617007687,11:16:47.687,42.3392474,-71.0904381,20.697
5726,1501036544,1769617008036,11:16:48.036,42.3392474,-71.0904381,20.697
5727,1501298688,1769617008447,11:16:48.447,42.3392474,-71.0904381,20.697
5728,1501560832,1769617008754,11:16:48.754,42.3392474,-71.0904381,20.697
5729,1501822976,1769617009105,11:16:49.105,42.3392474,-71.0904381,20.697
5730,1502085120,1769617009455,11:16:49.455,42.3392474,-71.0904381,20.697
5731,1502347264,1769617009805,11:16:49.805,42.3392474,-71.0904381,20.697
5732,1502609408,1769617010158,11:16:50.158,42.3392474,-71.0904381,20.697
5733,1502871552,1769617010505,11:16:50.505,42.3392474,-71.0904381,20.697
5734,1503133696,1769617010858,11:16:50.858,42.3392474,-71.0904381,20.697
5735,1503395840,1769617011310,11:16:51.310,42.3392474,-71.0904381,20.697
5736,1503657984,1769617011740,11:16:51.740,42.3392474,-71.0904381,20.697
5737,1503920128,1769617012050,11:16:52.050,42.3392474,-71.0904381,20.697
5738,1504182272,1769617012401,11:16:52.401,42.3392474,-71.0904381,20.697
5739,1504444416,1769617012749,11:16:52.749,42.3392474,-71.0904381,20.697
5740,1504706560,1769617013132,11:16:53.132,42.3392474,-71.0904381,20.697
5741,1504968704,1769617013561,11:16:53.561,42.3392474,-71.0904381,20.697
5742,1505230848,1769617016810,11:16:56.810,42.3392474,-71.0904381,20.697
5743,1505492992,1769617017102,11:16:57.102,42.3392474,-71.0904381,20.697
5744,1505755136,1769617017375,11:16:57.375,42.3392474,-71.0904381,20.697
5745,1506017280,1769617017660,11:16:57.660,42.3392474,-71.0904381,20.697
5746,1506279424,1769617017929,11:16:57.929,42.3392474,-71.0904381,20.697
5747,1506541568,1769617018206,11:16:58.206,42.3392474,-71.0904381,20.697
5748,1506803712,1769617018494,11:16:58.494,42.3392474,-71.0904381,20.697
5749,1507065856,1769617018750,11:16:58.750,42.3392474,-71.0904381,20.697
5750,1507328000,1769617018992,11:16:58.992,42.3392474,-71.0904381,20.697
5751,1507590144,1769617019246,11:16:59.246,42.3392474,-71.0904381,20.697
5752,1507852288,1769617019503,11:16:59.503,42.3392474,-71.0904381,20.697
5753,1508114432,1769617019753,11:16:59.753,42.3392474,-71.0904381,20.697
5754,1508376576,1769617019988,11:16:59.988,42.3392474,-71.0904381,20.697
5755,1508638720,1769617020230,11:17:00.230,42.3392474,-71.0904381,20.697
5756,1508900864,1769617020497,11:17:00.497,42.3392474,-71.0904381,20.697
5757,1509163008,1769617020731,11:17:00.731,42.3392474,-71.0904381,20.697
5758,1509425152,1769617020996,11:17:00.996,42.3392474,-71.0904381,20.697
5759,1509687296,1769617021271,11:17:01.271,42.3392474,-71.0904381,20.697
5760,1509949440,1769617021872,11:17:01.872,42.3392474,-71.0904381,20.697
5761,1510211584,1769617022481,11:17:02.481,42.3392474,-71.0904381,20.697
5762,1510473728,1769617022930,11:17:02.930,42.3392474,-71.0904381,20.697
5763,1510735872,1769617023560,11:17:03.560,42.3392474,-71.0904381,20.697
5764,1510998016,1769617024082,11:17:04.082,42.3392474,-71.0904381,20.697
5765,1511260160,1769617024492,11:17:04.492,42.3392474,-71.0904381,20.697
5766,1511522304,1769617024908,11:17:04.908,42.3392474,-71.0904381,20.697
5767,1511784448,1769617025289,11:17:05.289,42.3392474,-71.0904381,20.697
5768,1512046592,1769617025705,11:17:05.705,42.3392474,-71.0904381,20.697
5769,1512308736,1769617026144,11:17:06.144,42.3392474,-71.0904381,20.697
5770,1512570880,1769617026496,11:17:06.496,42.3392474,-71.0904381,20.697
5771,1512833024,1769617026846,11:17:06.846,42.3392474,-71.0904381,20.697
5772,1513095168,1769617027238,11:17:07.238,42.3392474,-71.0904381,20.697
5773,1513357312,1769617027613,11:17:07.613,42.3392474,-71.0904381,20.697
5774,1513619456,1769617028018,11:17:08.018,42.3392474,-71.0904381,20.697
5775,1513881600,1769617028405,11:17:08.405,42.3392474,-71.0904381,20.697
5776,1514143744,1769617028780,11:17:08.780,42.3392474,-71.0904381,20.697
5777,1514405888,1769617029140,11:17:09.140,42.3392474,-71.0904381,20.697
5778,1514668032,1769617029527,11:17:09.527,42.3392474,-71.0904381,20.697
5779,1514930176,1769617029884,11:17:09.884,42.3392474,-71.0904381,20.697
5780,1515192320,1769617030255,11:17:10.255,42.3392474,-71.0904381,20.697
5781,1515454464,1769617030611,11:17:10.611,42.3392474,-71.0904381,20.697
5782,1515716608,1769617030956,11:17:10.956,42.3392474,-71.0904381,20.697
5783,1515978752,1769617031306,11:17:11.306,42.3392474,-71.0904381,20.697
5784,1516240896,1769617031657,11:17:11.657,42.3392474,-71.0904381,20.697
5785,1516503040,1769617032084,11:17:12.084,42.3392474,-71.0904381,20.697
5786,1516765184,1769617032360,11:17:12.360,42.3392474,-71.0904381,20.697
5787,1517027328,1769617032710,11:17:12.710,42.3392474,-71.0904381,20.697
5788,1517289472,1769617033078,11:17:13.078,42.3392474,-71.0904381,20.697
5789,1517551616,1769617033462,11:17:13.462,42.3392474,-71.0904381,20.697
5790,1517813760,1769617033872,11:17:13.872,42.3392474,-71.0904381,20.697
5791,1518075904,1769617034218,11:17:14.218,42.3392474,-71.0904381,20.697
5792,1518338048,1769617034583,11:17:14.583,42.3392474,-71.0904381,20.697
5793,1518600192,1769617034937,11:17:14.937,42.3392474,-71.0904381,20.697
5794,1518862336,1769617035306,11:17:15.306,42.3392474,-71.0904381,20.697
5795,1519124480,1769617035688,11:17:15.688,42.3392474,-71.0904381,20.697
5796,1519386624,1769617036157,11:17:16.157,42.3392474,-71.0904381,20.697
5797,1519648768,1769617036410,11:17:16.410,42.3392474,-71.0904381,20.697
5798,1519910912,1769617036758,11:17:16.758,42.3392474,-71.0904381,20.697
5799,1520173056,1769617037151,11:17:17.151,42.3392474,-71.0904381,20.697
5800,1520435200,1769617037459,11:17:17.459,42.3392474,-71.0904381,20.697
5801,1520697344,1769617037810,11:17:17.810,42.3392474,-71.0904381,20.697
5802,1520959488,1769617038177,11:17:18.177,42.3392474,-71.0904381,20.697
5803,1521221632,1769617038651,11:17:18.651,42.3392474,-71.0904381,20.697
5804,1521483776,1769617039094,11:17:19.094,42.3392474,-71.0904381,20.697
5805,1521745920,1769617039469,11:17:19.469,42.3392474,-71.0904381,20.697
5806,1522008064,1769617039914,11:17:19.914,42.3392474,-71.0904381,20.697
5807,1522270208,1769617040398,11:17:20.398,42.3392474,-71.0904381,20.697
5808,1522532352,1769617040758,11:17:20.758,42.3392474,-71.0904381,20.697
5809,1522794496,1769617041099,11:17:21.099,42.3392474,-71.0904381,20.697
5810,1523056640,1769617041452,11:17:21.452,42.3392474,-71.0904381,20.697
5811,1523318784,1769617041802,11:17:21.802,42.3392474,-71.0904381,20.697
5812,1523580928,1769617042172,11:17:22.172,42.3392474,-71.0904381,20.697
5813,1523843072,1769617042538,11:17:22.538,42.3392474,-71.0904381,20.697
5814,1524105216,1769617042993,11:17:22.993,42.3392474,-71.0904381,20.697
5815,1524367360,1769617043407,11:17:23.407,42.3392474,-71.0904381,20.697
5816,1524629504,1769617043757,11:17:23.757,42.3392474,-71.0904381,20.697
5817,1524891648,1769617046561,11:17:26.561,42.3392474,-71.0904381,20.697
5818,1525153792,1769617046820,11:17:26.820,42.3392474,-71.0904381,20.697
5819,1525415936,1769617047071,11:17:27.071,42.3392474,-71.0904381,20.697
5820,1525678080,1769617047310,11:17:27.310,42.3392474,-71.0904381,20.697
5821,1525940224,1769617047561,11:17:27.561,42.3392474,-71.0904381,20.697
5822,1526202368,1769617047825,11:17:27.825,42.3392474,-71.0904381,20.697
5823,1526464512,1769617048078,11:17:28.078,42.3392474,-71.0904381,20.697
5824,1526726656,1769617048333,11:17:28.333,42.3392474,-71.0904381,20.697
5825,1526988800,1769617048568,11:17:28.568,42.3392474,-71.0904381,20.697
5826,1527250944,1769617048825,11:17:28.825,42.3392474,-71.0904381,20.697
5827,1527513088,1769617049292,11:17:29.292,42.3392474,-71.0904381,20.697
5828,1527775232,1769617050209,11:17:30.209,42.3392474,-71.0904381,20.697
5829,1528037376,1769617050948,11:17:30.948,42.3392474,-71.0904381,20.697
5830,1528299520,1769617051844,11:17:31.844,42.3392474,-71.0904381,20.697
5831,1528561664,1769617052427,11:17:32.427,42.3392474,-71.0904381,20.697
5832,1528823808,1769617053015,11:17:33.015,42.3392474,-71.0904381,20.697
5833,1529085952,1769617053579,11:17:33.579,42.3392474,-71.0904381,20.697
5834,1529348096,1769617053996,11:17:33.996,42.3392474,-71.0904381,20.697
5835,1529610240,1769617054386,11:17:34.386,42.3392474,-71.0904381,20.697
5836,1529872384,1769617054804,11:17:34.804,42.3392474,-71.0904381,20.697
5837,1530134528,1769617055085,11:17:35.085,42.3392474,-71.0904381,20.697
5838,1530396672,1769617055583,11:17:35.583,42.3392474,-71.0904381,20.697
5839,1530658816,1769617056045,11:17:36.045,42.3392474,-71.0904381,20.697
5840,1530920960,1769617056411,11:17:36.411,42.3392474,-71.0904381,20.697
5841,1531183104,1769617056899,11:17:36.899,42.3392474,-71.0904381,20.697
5842,1531445248,1769617057411,11:17:37.411,42.3392474,-71.0904381,20.697
5843,1531707392,1769617057905,11:17:37.905,42.3392474,-71.0904381,20.697
5844,1531969536,1769617058378,11:17:38.378,42.3392474,-71.0904381,20.697
5845,1532231680,1769617058765,11:17:38.765,42.3392474,-71.0904381,20.697
5846,1532493824,1769617059117,11:17:39.117,42.3392474,-71.0904381,20.697
5847,1532755968,1769617059482,11:17:39.482,42.3392474,-71.0904381,20.697
5848,1533018112,1769617059912,11:17:39.912,42.3392474,-71.0904381,20.697
5849,1533280256,1769617060331,11:17:40.331,42.3392474,-71.0904381,20.697
5850,1533542400,1769617060964,11:17:40.964,42.3392474,-71.0904381,20.697
5851,1533804544,1769617061430,11:17:41.430,42.3392474,-71.0904381,20.697
5852,1534066688,1769617061780,11:17:41.780,42.3392474,-71.0904381,20.697
5853,1534328832,1769617062144,11:17:42.144,42.3392474,-71.0904381,20.697
5854,1534590976,1769617062555,11:17:42.555,42.3392474,-71.0904381,20.697
5855,1534853120,1769617063021,11:17:43.021,42.3392474,-71.0904381,20.697
5856,1535115264,1769617063416,11:17:43.416,42.3392474,-71.0904381,20.697
5857,1535377408,1769617063766,11:17:43.766,42.3392474,-71.0904381,20.697
5858,1535639552,1769617064118,11:17:44.118,42.3392474,-71.0904381,20.697
5859,1535901696,1769617064526,11:17:44.526,42.3392474,-71.0904381,20.697
5860,1536163840,1769617065009,11:17:45.009,42.3392474,-71.0904381,20.697
5861,1536425984,1769617065448,11:17:45.448,42.3392474,-71.0904381,20.697
5862,1536688128,1769617065974,11:17:45.974,42.3392474,-71.0904381,20.697
5863,1536950272,1769617066540,11:17:46.540,42.3392474,-71.0904381,20.697
5864,1537212416,1769617067134,11:17:47.134,42.3392474,-71.0904381,20.697
5865,1537474560,1769617067611,11:17:47.611,42.3392474,-71.0904381,20.697
5866,1537736704,1769617068297,11:17:48.297,42.3392474,-71.0904381,20.697
5867,1537998848,1769617068965,11:17:48.965,42.3392474,-71.0904381,20.697
5868,1538260992,1769617069646,11:17:49.646,42.3392474,-71.0904381,20.697
5869,1538523136,1769617070234,11:17:50.234,42.3392474,-71.0904381,20.697
5870,1538785280,1769617070741,11:17:50.741,42.3392474,-71.0904381,20.697
5871,1539047424,1769617071268,11:17:51.268,42.3392474,-71.0904381,20.697
5872,1539309568,1769617071735,11:17:51.735,42.3392474,-71.0904381,20.697
5873,1539571712,1769617071998,11:17:51.998,42.3392474,-71.0904381,20.697
5874,1539833856,1769617072561,11:17:52.561,42.3392474,-71.0904381,20.697
5875,1540096000,1769617073079,11:17:53.079,42.3392474,-71.0904381,20.697
5876,1540358144,1769617073399,11:17:53.399,42.3392474,-71.0904381,20.697
5877,1540620288,1769617073724,11:17:53.724,42.3392474,-71.0904381,20.697
5878,1540882432,1769617074114,11:17:54.114,42.3392474,-71.0904381,20.697
5879,1541144576,1769617077017,11:17:57.017,42.3392474,-71.0904381,20.697
5880,1541406720,1769617077269,11:17:57.269,42.3392474,-71.0904381,20.697
5881,1541668864,1769617077519,11:17:57.519,42.3392474,-71.0904381,20.697
5882,1541931008,1769617077799,11:17:57.799,42.3392474,-71.0904381,20.697
5883,1542193152,1769617078069,11:17:58.069,42.3392474,-71.0904381,20.697
5884,1542455296,1769617078331,11:17:58.331,42.3392474,-71.0904381,20.697
5885,1542717440,1769617078584,11:17:58.584,42.3392474,-71.0904381,20.697
5886,1542979584,1769617078850,11:17:58.850,42.3392474,-71.0904381,20.697
5887,1543241728,1769617079104,11:17:59.104,42.3392474,-71.0904381,20.697
5888,1543503872,1769617079346,11:17:59.346,42.3392474,-71.0904381,20.697
5889,1543766016,1769617079598,11:17:59.598,42.3392474,-71.0904381,20.697
5890,1544028160,1769617079843,11:17:59.843,42.3392474,-71.0904381,20.697
5891,1544290304,1769617080097,11:18:00.097,42.3392474,-71.0904381,20.697
5892,1544552448,1769617080350,11:18:00.350,42.3392474,-71.0904381,20.697
5893,1544814592,1769617080656,11:18:00.656,42.3392474,-71.0904381,20.697
5894,1545076736,1769617081222,11:18:01.222,42.3392474,-71.0904381,20.697
5895,1545338880,1769617081731,11:18:01.731,42.3392474,-71.0904381,20.697
5896,1545601024,1769617082213,11:18:02.213,42.3392474,-71.0904381,20.697
5897,1545863168,1769617082658,11:18:02.658,42.3392474,-71.0904381,20.697
5898,1546125312,1769617082911,11:18:02.911,42.3392474,-71.0904381,20.697
5899,1546387456,1769617083410,11:18:03.410,42.3392474,-71.0904381,20.697
5900,1546649600,1769617083973,11:18:03.973,42.3392474,-71.0904381,20.697
5901,1546911744,1769617084441,11:18:04.441,42.3392474,-71.0904381,20.697
5902,1547173888,1769617084895,11:18:04.895,42.3392474,-71.0904381,20.697
5903,1547436032,1769617085377,11:18:05.377,42.3392474,-71.0904381,20.697
5904,1547698176,1769617085830,11:18:05.830,42.3392474,-71.0904381,20.697
5905,1547960320,1769617086324,11:18:06.324,42.3392474,-71.0904381,20.697
5906,1548222464,1769617086732,11:18:06.732,42.3392474,-71.0904381,20.697
5907,1548484608,1769617087175,11:18:07.175,42.3392474,-71.0904381,20.697
5908,1548746752,1769617087749,11:18:07.749,42.3392474,-71.0904381,20.697
5909,1549008896,1769617088325,11:18:08.325,42.3392474,-71.0904381,20.697
5910,1549271040,1769617088852,11:18:08.852,42.3392474,-71.0904381,20.697
5911,1549533184,1769617089309,11:18:09.309,42.3392474,-71.0904381,20.697
5912,1549795328,1769617089766,11:18:09.766,42.3392474,-71.0904381,20.697
5913,1550057472,1769617090263,11:18:10.263,42.3392474,-71.0904381,20.697
5914,1550319616,1769617090829,11:18:10.829,42.3392474,-71.0904381,20.697
5915,1550581760,1769617091327,11:18:11.327,42.3392474,-71.0904381,20.697
5916,1550843904,1769617091735,11:18:11.735,42.3392474,-71.0904381,20.697
5917,1551106048,1769617092086,11:18:12.086,42.3392474,-71.0904381,20.697
5918,1551368192,1769617092477,11:18:12.477,42.3392474,-71.0904381,20.697
5919,1551630336,1769617092936,11:18:12.936,42.3392474,-71.0904381,20.697
5920,1551892480,1769617093504,11:18:13.504,42.3392474,-71.0904381,20.697
5921,1552154624,1769617094171,11:18:14.171,42.3392474,-71.0904381,20.697
5922,1552416768,1769617094855,11:18:14.855,42.3392474,-71.0904381,20.697
5923,1552678912,1769617095419,11:18:15.419,42.3392474,-71.0904381,20.697
5924,1552941056,1769617096012,11:18:16.012,42.3392474,-71.0904381,20.697
5925,1553203200,1769617096500,11:18:16.500,42.3392474,-71.0904381,20.697
5926,1553465344,1769617096989,11:18:16.989,42.3392474,-71.0904381,20.697
5927,1553727488,1769617097438,11:18:17.438,42.3392474,-71.0904381,20.697
5928,1553989632,1769617098029,11:18:18.029,42.3392474,-71.0904381,20.697
5929,1554251776,1769617098502,11:18:18.502,42.3392474,-71.0904381,20.697
5930,1554513920,1769617098855,11:18:18.855,42.3392474,-71.0904381,20.697
5931,1554776064,1769617099259,11:18:19.259,42.3392474,-71.0904381,20.697
5932,1555038208,1769617099554,11:18:19.554,42.3392474,-71.0904381,20.697
5933,1555300352,1769617099907,11:18:19.907,42.3392474,-71.0904381,20.697
5934,1555562496,1769617100256,11:18:20.256,42.3392474,-71.0904381,20.697
5935,1555824640,1769617100608,11:18:20.608,42.3392474,-71.0904381,20.697
5936,1556086784,1769617100992,11:18:20.992,42.3392474,-71.0904381,20.697
5937,1556348928,1769617101411,11:18:21.411,42.3392474,-71.0904381,20.697
5938,1556611072,1769617101842,11:18:21.842,42.3392474,-71.0904381,20.697
5939,1556873216,1769617102373,11:18:22.373,42.3392474,-71.0904381,20.697
5940,1557135360,1769617102839,11:18:22.839,42.3392474,-71.0904381,20.697
5941,1557397504,1769617103289,11:18:23.289,42.3392474,-71.0904381,20.697
5942,1557659648,1769617103687,11:18:23.687,42.3392474,-71.0904381,20.697
5943,1557921792,1769617104073,11:18:24.073,42.3392474,-71.0904381,20.697
5944,1558183936,1769617104424,11:18:24.424,42.3392474,-71.0904381,20.697
5945,1558446080,1769617107307,11:18:27.307,42.3392474,-71.0904381,20.697
5946,1558708224,1769617107571,11:18:27.571,42.3392474,-71.0904381,20.697
5947,1558970368,1769617107818,11:18:27.818,42.3392474,-71.0904381,20.697
5948,1559232512,1769617108079,11:18:28.079,42.3392474,-71.0904381,20.697
5949,1559494656,1769617108325,11:18:28.325,42.3392474,-71.0904381,20.697
5950,1559756800,1769617108572,11:18:28.572,42.3392474,-71.0904381,20.697
5951,1560018944,1769617108815,11:18:28.815,42.3392474,-71.0904381,20.697
5952,1560281088,1769617109071,11:18:29.071,42.3392474,-71.0904381,20.697
5953,1560543232,1769617109324,11:18:29.324,42.3392474,-71.0904381,20.697
5954,1560805376,1769617109589,11:18:29.589,42.3392474,-71.0904381,20.697
5955,1561067520,1769617109842,11:18:29.842,42.3392474,-71.0904381,20.697
5956,1561329664,1769617110330,11:18:30.330,42.3392474,-71.0904381,20.697
5957,1561591808,1769617110707,11:18:30.707,42.3392474,-71.0904381,20.697
5958,1561853952,1769617111134,11:18:31.134,42.3392474,-71.0904381,20.697
5959,1562116096,1769617111706,11:18:31.706,42.3392474,-71.0904381,20.697
5960,1562378240,1769617112272,11:18:32.272,42.3392474,-71.0904381,20.697
5961,1562640384,1769617112728,11:18:32.728,42.3392474,-71.0904381,20.697
5962,1562902528,1769617113343,11:18:33.343,42.3392474,-71.0904381,20.697
5963,1563164672,1769617113798,11:18:33.798,42.3392474,-71.0904381,20.697
5964,1563426816,1769617114218,11:18:34.218,42.3392474,-71.0904381,20.697
5965,1563688960,1769617114609,11:18:34.609,42.3392474,-71.0904381,20.697
5966,1563951104,1769617115002,11:18:35.002,42.3392474,-71.0904381,20.697
5967,1564213248,1769617115392,11:18:35.392,42.3392474,-71.0904381,20.697
5968,1564475392,1769617115728,11:18:35.728,42.3392474,-71.0904381,20.697
5969,1564737536,1769617116207,11:18:36.207,42.3392474,-71.0904381,20.697
5970,1564999680,1769617116711,11:18:36.711,42.3392474,-71.0904381,20.697
5971,1565261824,1769617117149,11:18:37.149,42.3392474,-71.0904381,20.697
5972,1565523968,1769617117513,11:18:37.513,42.3392474,-71.0904381,20.697
5973,1565786112,1769617117957,11:18:37.957,42.3392474,-71.0904381,20.697
5974,1566048256,1769617118370,11:18:38.370,42.3392474,-71.0904381,20.697
5975,1566310400,1769617118866,11:18:38.866,42.3392474,-71.0904381,20.697
5976,1566572544,1769617119302,11:18:39.302,42.3392474,-71.0904381,20.697
5977,1566834688,1769617119644,11:18:39.644,42.3392474,-71.0904381,20.697
5978,1567096832,1769617120041,11:18:40.041,42.3392474,-71.0904381,20.697
5979,1567358976,1769617120392,11:18:40.392,42.3392474,-71.0904381,20.697
5980,1567621120,1769617120802,11:18:40.802,42.3392474,-71.0904381,20.697
5981,1567883264,1769617121229,11:18:41.229,42.3392474,-71.0904381,20.697
5982,1568145408,1769617121660,11:18:41.660,42.3392474,-71.0904381,20.697
5983,1568407552,1769617122140,11:18:42.140,42.3392474,-71.0904381,20.697
5984,1568669696,1769617122571,11:18:42.571,42.3392474,-71.0904381,20.697
5985,1568931840,1769617122939,11:18:42.939,42.3392474,-71.0904381,20.697
5986,1569193984,1769617123369,11:18:43.369,42.3392474,-71.0904381,20.697
5987,1569456128,1769617123710,11:18:43.710,42.3392474,-71.0904381,20.697
5988,1569718272,1769617124097,11:18:44.097,42.3392474,-71.0904381,20.697
5989,1569980416,1769617124511,11:18:44.511,42.3392474,-71.0904381,20.697
5990,1570242560,1769617124966,11:18:44.966,42.3392474,-71.0904381,20.697
5991,1570504704,1769617125315,11:18:45.315,42.3392474,-71.0904381,20.697
5992,1570766848,1769617125770,11:18:45.770,42.3392474,-71.0904381,20.697
5993,1571028992,1769617126251,11:18:46.251,42.3392474,-71.0904381,20.697
5994,1571291136,1769617126579,11:18:46.579,42.3392474,-71.0904381,20.697
5995,1571553280,1769617126985,11:18:46.985,42.3392474,-71.0904381,20.697
5996,1571815424,1769617127420,11:18:47.420,42.3392474,-71.0904381,20.697
5997,1572077568,1769617127739,11:18:47.739,42.3392474,-71.0904381,20.697
5998,1572339712,1769617128138,11:18:48.138,42.3392474,-71.0904381,20.697
5999,1572601856,1769617128641,11:18:48.641,42.3392474,-71.0904381,20.697
6000,1572864000,1769617129099,11:18:49.099,42.3392474,-71.0904381,20.697
6001,1573126144,1769617129401,11:18:49.401,42.3392474,-71.0904381,20.697
6002,1573388288,1769617129751,11:18:49.751,42.3392474,-71.0904381,20.697
6003,1573650432,1769617130102,11:18:50.102,42.3392474,-71.0904381,20.697
6004,1573912576,1769617130470,11:18:50.470,42.3392474,-71.0904381,20.697
6005,1574174720,1769617130867,11:18:50.867,42.3392474,-71.0904381,20.697
6006,1574436864,1769617131250,11:18:51.250,42.3392474,-71.0904381,20.697
6007,1574699008,1769617131599,11:18:51.599,42.3392474,-71.0904381,20.697
6008,1574961152,1769617132083,11:18:52.083,42.3392474,-71.0904381,20.697
6009,1575223296,1769617132478,11:18:52.478,42.3392474,-71.0904381,20.697
6010,1575485440,1769617132855,11:18:52.855,42.3392474,-71.0904381,20.697
6011,1575747584,1769617133206,11:18:53.206,42.3392474,-71.0904381,20.697
6012,1576009728,1769617133592,11:18:53.592,42.3392474,-71.0904381,20.697
6013,1576271872,1769617134015,11:18:54.015,42.3392474,-71.0904381,20.697
6014,1576534016,1769617134446,11:18:54.446,42.3392474,-71.0904381,20.697
6015,1576796160,1769617137346,11:18:57.346,42.3392474,-71.0904381,20.697
6016,1577058304,1769617137626,11:18:57.626,42.3392474,-71.0904381,20.697
6017,1577320448,1769617137889,11:18:57.889,42.3392474,-71.0904381,20.697
6018,1577582592,1769617138158,11:18:58.158,42.3392474,-71.0904381,20.697
6019,1577844736,1769617138418,11:18:58.418,42.3392474,-71.0904381,20.697
6020,1578106880,1769617138686,11:18:58.686,42.3392474,-71.0904381,20.697
6021,1578369024,1769617138977,11:18:58.977,42.3392474,-71.0904381,20.697
6022,1578631168,1769617139245,11:18:59.245,42.3392474,-71.0904381,20.697
6023,1578893312,1769617139505,11:18:59.505,42.3392474,-71.0904381,20.697
6024,1579155456,1769617139752,11:18:59.752,42.3392474,-71.0904381,20.697
6025,1579417600,1769617140022,11:19:00.022,42.3392474,-71.0904381,20.697
6026,1579679744,1769617140260,11:19:00.260,42.3392474,-71.0904381,20.697
6027,1579941888,1769617140527,11:19:00.527,42.3392474,-71.0904381,20.697
6028,1580204032,1769617140778,11:19:00.778,42.3392474,-71.0904381,20.697
6029,1580466176,1769617141036,11:19:01.036,42.3392474,-71.0904381,20.697
6030,1580728320,1769617141285,11:19:01.285,42.3392474,-71.0904381,20.697
6031,1580990464,1769617141538,11:19:01.538,42.3392474,-71.0904381,20.697
6032,1581252608,1769617141787,11:19:01.787,42.3392474,-71.0904381,20.697
6033,1581514752,1769617142104,11:19:02.104,42.3392474,-71.0904381,20.697
6034,1581776896,1769617142625,11:19:02.625,42.3392474,-71.0904381,20.697
6035,1582039040,1769617143161,11:19:03.161,42.3392474,-71.0904381,20.697
6036,1582301184,1769617143769,11:19:03.769,42.3392474,-71.0904381,20.697
6037,1582563328,1769617144323,11:19:04.323,42.3392474,-71.0904381,20.697
6038,1582825472,1769617144933,11:19:04.933,42.3392474,-71.0904381,20.697
6039,1583087616,1769617145444,11:19:05.444,42.3392474,-71.0904381,20.697
6040,1583349760,1769617146008,11:19:06.008,42.3392474,-71.0904381,20.697
6041,1583611904,1769617146547,11:19:06.547,42.3392474,-71.0904381,20.697
6042,1583874048,1769617147090,11:19:07.090,42.3392474,-71.0904381,20.697
6043,1584136192,1769617147595,11:19:07.595,42.3392474,-71.0904381,20.697
6044,1584398336,1769617148043,11:19:08.043,42.3392474,-71.0904381,20.697
6045,1584660480,1769617148427,11:19:08.427,42.3392474,-71.0904381,20.697
6046,1584922624,1769617148744,11:19:08.744,42.3392474,-71.0904381,20.697
6047,1585184768,1769617149096,11:19:09.096,42.3392474,-71.0904381,20.697
6048,1585446912,1769617149445,11:19:09.445,42.3392474,-71.0904381,20.697
6049,1585709056,1769617149797,11:19:09.797,42.3392474,-71.0904381,20.697
6050,1585971200,1769617150147,11:19:10.147,42.3392474,-71.0904381,20.697
6051,1586233344,1769617150497,11:19:10.497,42.3392474,-71.0904381,20.697
6052,1586495488,1769617150864,11:19:10.864,42.3392474,-71.0904381,20.697
6053,1586757632,1769617151199,11:19:11.199,42.3392474,-71.0904381,20.697
6054,1587019776,1769617151551,11:19:11.551,42.3392474,-71.0904381,20.697
6055,1587281920,1769617151899,11:19:11.899,42.3392474,-71.0904381,20.697
6056,1587544064,1769617152252,11:19:12.252,42.3392474,-71.0904381,20.697
6057,1587806208,1769617152601,11:19:12.601,42.3392474,-71.0904381,20.697
6058,1588068352,1769617152952,11:19:12.952,42.3392474,-71.0904381,20.697
6059,1588330496,1769617153323,11:19:13.323,42.3392474,-71.0904381,20.697
6060,1588592640,1769617153668,11:19:13.668,42.3392474,-71.0904381,20.697
6061,1588854784,1769617154038,11:19:14.038,42.3392474,-71.0904381,20.697
6062,1589116928,1769617154367,11:19:14.367,42.3392474,-71.0904381,20.697
6063,1589379072,1769617154719,11:19:14.719,42.3392474,-71.0904381,20.697
6064,1589641216,1769617155072,11:19:15.072,42.3392474,-71.0904381,20.697
6065,1589903360,1769617155421,11:19:15.421,42.3392474,-71.0904381,20.697
6066,1590165504,1769617155793,11:19:15.793,42.3392474,-71.0904381,20.697
6067,1590427648,1769617156125,11:19:16.125,42.3392474,-71.0904381,20.697
6068,1590689792,1769617156564,11:19:16.564,42.3392474,-71.0904381,20.697
6069,1590951936,1769617156978,11:19:16.978,42.3392474,-71.0904381,20.697
6070,1591214080,1769617157295,11:19:17.295,42.3392474,-71.0904381,20.697
6071,1591476224,1769617157659,11:19:17.659,42.3392474,-71.0904381,20.697
6072,1591738368,1769617158010,11:19:18.010,42.3392474,-71.0904381,20.697
6073,1592000512,1769617158374,11:19:18.374,42.3392474,-71.0904381,20.697
6074,1592262656,1769617158724,11:19:18.724,42.3392474,-71.0904381,20.697
6075,1592524800,1769617159074,11:19:19.074,42.3392474,-71.0904381,20.697
6076,1592786944,1769617159425,11:19:19.425,42.3392474,-71.0904381,20.697
6077,1593049088,1769617159775,11:19:19.775,42.3392474,-71.0904381,20.697
6078,1593311232,1769617160143,11:19:20.143,42.3392474,-71.0904381,20.697
6079,1593573376,1769617160477,11:19:20.477,42.3392474,-71.0904381,20.697
6080,1593835520,1769617160827,11:19:20.827,42.3392474,-71.0904381,20.697
6081,1594097664,1769617161177,11:19:21.177,42.3392474,-71.0904381,20.697
6082,1594359808,1769617161526,11:19:21.526,42.3392474,-71.0904381,20.697
6083,1594621952,1769617161877,11:19:21.877,42.3392474,-71.0904381,20.697
6084,1594884096,1769617162263,11:19:22.263,42.3392474,-71.0904381,20.697
6085,1595146240,1769617162719,11:19:22.719,42.3392474,-71.0904381,20.697
6086,1595408384,1769617162986,11:19:22.986,42.3392474,-71.0904381,20.697
6087,1595670528,1769617163337,11:19:23.337,42.3392474,-71.0904381,20.697
6088,1595932672,1769617163654,11:19:23.654,42.3392474,-71.0904381,20.697
6089,1596194816,1769617163987,11:19:23.987,42.3392474,-71.0904381,20.697
6090,1596456960,1769617164337,11:19:24.337,42.3392474,-71.0904381,20.697
6091,1596719104,1769617164701,11:19:24.701,42.3392474,-71.0904381,20.697
6092,1596981248,1769617167451,11:19:27.451,42.3392474,-71.0904381,20.697
6093,1597243392,1769617167709,11:19:27.709,42.3392474,-71.0904381,20.697
6094,1597505536,1769617167964,11:19:27.964,42.3392474,-71.0904381,20.697
6095,1597767680,1769617168221,11:19:28.221,42.3392474,-71.0904381,20.697
6096,1598029824,1769617168460,11:19:28.460,42.3392474,-71.0904381,20.697
6097,1598291968,1769617168733,11:19:28.733,42.3392474,-71.0904381,20.697
6098,1598554112,1769617168983,11:19:28.983,42.3392474,-71.0904381,20.697
6099,1598816256,1769617169242,11:19:29.242,42.3392474,-71.0904381,20.697
6100,1599078400,1769617169499,11:19:29.499,42.3392474,-71.0904381,20.697
6101,1599340544,1769617169753,11:19:29.753,42.3392474,-71.0904381,20.697
6102,1599602688,1769617170039,11:19:30.039,42.3392474,-71.0904381,20.697
6103,1599864832,1769617170670,11:19:30.670,42.3392474,-71.0904381,20.697
6104,1600126976,1769617171206,11:19:31.206,42.3392474,-71.0904381,20.697
6105,1600389120,1769617171723,11:19:31.723,42.3392474,-71.0904381,20.697
6106,1600651264,1769617172256,11:19:32.256,42.3392474,-71.0904381,20.697
6107,1600913408,1769617172876,11:19:32.876,42.3392474,-71.0904381,20.697
6108,1601175552,1769617173350,11:19:33.350,42.3392474,-71.0904381,20.697
6109,1601437696,1769617173692,11:19:33.692,42.3392474,-71.0904381,20.697
6110,1601699840,1769617174054,11:19:34.054,42.3392474,-71.0904381,20.697
6111,1601961984,1769617174394,11:19:34.394,42.3392474,-71.0904381,20.697
6112,1602224128,1769617174751,11:19:34.751,42.3392474,-71.0904381,20.697
6113,1602486272,1769617175120,11:19:35.120,42.3392474,-71.0904381,20.697
6114,1602748416,1769617175523,11:19:35.523,42.3392474,-71.0904381,20.697
6115,1603010560,1769617175905,11:19:35.905,42.3392474,-71.0904381,20.697
6116,1603272704,1769617176256,11:19:36.256,42.3392474,-71.0904381,20.697
6117,1603534848,1769617176607,11:19:36.607,42.3392474,-71.0904381,20.697
6118,1603796992,1769617177075,11:19:37.075,42.3392474,-71.0904381,20.697
6119,1604059136,1769617177483,11:19:37.483,42.3392474,-71.0904381,20.697
6120,1604321280,1769617177796,11:19:37.796,42.3392474,-71.0904381,20.697
6121,1604583424,1769617178240,11:19:38.240,42.3392474,-71.0904381,20.697
6122,1604845568,1769617178689,11:19:38.689,42.3392474,-71.0904381,20.697
6123,1605107712,1769617179151,11:19:39.151,42.3392474,-71.0904381,20.697
6124,1605369856,1769617179536,11:19:39.536,42.3392474,-71.0904381,20.697
6125,1605632000,1769617179887,11:19:39.887,42.3392474,-71.0904381,20.697
6126,1605894144,1769617180258,11:19:40.258,42.3392474,-71.0904381,20.697
6127,1606156288,1769617180589,11:19:40.589,42.3392474,-71.0904381,20.697
6128,1606418432,1769617180963,11:19:40.963,42.3392474,-71.0904381,20.697
6129,1606680576,1769617181288,11:19:41.288,42.3392474,-71.0904381,20.697
6130,1606942720,1769617181641,11:19:41.641,42.3392474,-71.0904381,20.697
6131,1607204864,1769617181992,11:19:41.992,42.3392474,-71.0904381,20.697
6132,1607467008,1769617182398,11:19:42.398,42.3392474,-71.0904381,20.697
6133,1607729152,1769617182692,11:19:42.692,42.3392474,-71.0904381,20.697
6134,1607991296,1769617183043,11:19:43.043,42.3392474,-71.0904381,20.697
6135,1608253440,1769617183405,11:19:43.405,42.3392474,-71.0904381,20.697
6136,1608515584,1769617183779,11:19:43.779,42.3392474,-71.0904381,20.697
6137,1608777728,1769617184107,11:19:44.107,42.3392474,-71.0904381,20.697
6138,1609039872,1769617184465,11:19:44.465,42.3392474,-71.0904381,20.697
6139,1609302016,1769617184810,11:19:44.810,42.3392474,-71.0904381,20.697
6140,1609564160,1769617185161,11:19:45.161,42.3392474,-71.0904381,20.697
6141,1609826304,1769617185649,11:19:45.649,42.3392474,-71.0904381,20.697
6142,1610088448,1769617186089,11:19:46.089,42.3392474,-71.0904381,20.697
6143,1610350592,1769617186373,11:19:46.373,42.3392474,-71.0904381,20.697
6144,1610612736,1769617186723,11:19:46.723,42.3392474,-71.0904381,20.697
6145,1610874880,1769617187080,11:19:47.080,42.3392474,-71.0904381,20.697
6146,1611137024,1769617187440,11:19:47.440,42.3392474,-71.0904381,20.697
6147,1611399168,1769617187826,11:19:47.826,42.3392474,-71.0904381,20.697
6148,1611661312,1769617188178,11:19:48.178,42.3392474,-71.0904381,20.697
6149,1611923456,1769617188526,11:19:48.526,42.3392474,-71.0904381,20.697
6150,1612185600,1769617188842,11:19:48.842,42.3392474,-71.0904381,20.697
6151,1612447744,1769617189187,11:19:49.187,42.3392474,-71.0904381,20.697
6152,1612709888,1769617189537,11:19:49.537,42.3392474,-71.0904381,20.697
6153,1612972032,1769617189887,11:19:49.887,42.3392474,-71.0904381,20.697
6154,1613234176,1769617190357,11:19:50.357,42.3392474,-71.0904381,20.697
6155,1613496320,1769617190819,11:19:50.819,42.3392474,-71.0904381,20.697
6156,1613758464,1769617191260,11:19:51.260,42.3392474,-71.0904381,20.697
6157,1614020608,1769617191671,11:19:51.671,42.3392474,-71.0904381,20.697
6158,1614282752,1769617191959,11:19:51.959,42.3392474,-71.0904381,20.697
6159,1614544896,1769617192387,11:19:52.387,42.3392474,-71.0904381,20.697
6160,1614807040,1769617192798,11:19:52.798,42.3392474,-71.0904381,20.697
6161,1615069184,1769617193255,11:19:53.255,42.3392474,-71.0904381,20.697
6162,1615331328,1769617193869,11:19:53.869,42.3392474,-71.0904381,20.697
6163,1615593472,1769617194488,11:19:54.488,42.3392474,-71.0904381,20.697
6164,1615855616,1769617194918,11:19:54.918,42.3392474,-71.0904381,20.697
6165,1616117760,1769617195219,11:19:55.219,42.3392474,-71.0904381,20.697
6166,1616379904,1769617197621,11:19:57.621,42.3392474,-71.0904381,20.697
6167,1616642048,1769617197913,11:19:57.913,42.3392474,-71.0904381,20.697
6168,1616904192,1769617198164,11:19:58.164,42.3392474,-71.0904381,20.697
6169,1617166336,1769617198444,11:19:58.444,42.3392474,-71.0904381,20.697
6170,1617428480,1769617198702,11:19:58.702,42.3392474,-71.0904381,20.697
6171,1617690624,1769617198974,11:19:58.974,42.3392474,-71.0904381,20.697
6172,1617952768,1769617199258,11:19:59.258,42.3392474,-71.0904381,20.697
6173,1618214912,1769617199529,11:19:59.529,42.3392474,-71.0904381,20.697
6174,1618477056,1769617199767,11:19:59.767,42.3392474,-71.0904381,20.697
6175,1618739200,1769617200009,11:20:00.009,42.3392474,-71.0904381,20.697
6176,1619001344,1769617200297,11:20:00.297,42.3392474,-71.0904381,20.697
6177,1619263488,1769617201021,11:20:01.021,42.3392474,-71.0904381,20.697
6178,1619525632,1769617201565,11:20:01.565,42.3392474,-71.0904381,20.697
6179,1619787776,1769617202200,11:20:02.200,42.3392474,-71.0904381,20.697
6180,1620049920,1769617202789,11:20:02.789,42.3392474,-71.0904381,20.697
6181,1620312064,1769617203407,11:20:03.407,42.3392474,-71.0904381,20.697
6182,1620574208,1769617203846,11:20:03.846,42.3392474,-71.0904381,20.697
6183,1620836352,1769617204112,11:20:04.112,42.3392474,-71.0904381,20.697
6184,1621098496,1769617204429,11:20:04.429,42.3392474,-71.0904381,20.697
6185,1621360640,1769617204779,11:20:04.779,42.3392474,-71.0904381,20.697
6186,1621622784,1769617205130,11:20:05.130,42.3392474,-71.0904381,20.697
6187,1621884928,1769617205510,11:20:05.510,42.3392474,-71.0904381,20.697
6188,1622147072,1769617205831,11:20:05.831,42.3392474,-71.0904381,20.697
6189,1622409216,1769617206180,11:20:06.180,42.3392474,-71.0904381,20.697
6190,1622671360,1769617206557,11:20:06.557,42.3392474,-71.0904381,20.697
6191,1622933504,1769617206919,11:20:06.919,42.3392474,-71.0904381,20.697
6192,1623195648,1769617207290,11:20:07.290,42.3392474,-71.0904381,20.697
6193,1623457792,1769617207676,11:20:07.676,42.3392474,-71.0904381,20.697
6194,1623719936,1769617208102,11:20:08.102,42.3392474,-71.0904381,20.697
6195,1623982080,1769617208513,11:20:08.513,42.3392474,-71.0904381,20.697
6196,1624244224,1769617208909,11:20:08.909,42.3392474,-71.0904381,20.697
6197,1624506368,1769617209285,11:20:09.285,42.3392474,-71.0904381,20.697
6198,1624768512,1769617209632,11:20:09.632,42.3392474,-71.0904381,20.697
6199,1625030656,1769617210027,11:20:10.027,42.3392474,-71.0904381,20.697
6200,1625292800,1769617210466,11:20:10.466,42.3392474,-71.0904381,20.697
6201,1625554944,1769617210891,11:20:10.891,42.3392474,-71.0904381,20.697
6202,1625817088,1769617211169,11:20:11.169,42.3392474,-71.0904381,20.697
6203,1626079232,1769617211521,11:20:11.521,42.3392474,-71.0904381,20.697
6204,1626341376,1769617211871,11:20:11.871,42.3392474,-71.0904381,20.697
6205,1626603520,1769617212222,11:20:12.222,42.3392474,-71.0904381,20.697
6206,1626865664,1769617212571,11:20:12.571,42.3392474,-71.0904381,20.697
6207,1627127808,1769617212937,11:20:12.937,42.3392474,-71.0904381,20.697
6208,1627389952,1769617213333,11:20:13.333,42.3392474,-71.0904381,20.697
6209,1627652096,1769617213682,11:20:13.682,42.3392474,-71.0904381,20.697
6210,1627914240,1769617214033,11:20:14.033,42.3392474,-71.0904381,20.697
6211,1628176384,1769617214385,11:20:14.385,42.3392474,-71.0904381,20.697
6212,1628438528,1769617214733,11:20:14.733,42.3392474,-71.0904381,20.697
6213,1628700672,1769617215084,11:20:15.084,42.3392474,-71.0904381,20.697
6214,1628962816,1769617215435,11:20:15.435,42.3392474,-71.0904381,20.697
6215,1629224960,1769617215783,11:20:15.783,42.3392474,-71.0904381,20.697
6216,1629487104,1769617216136,11:20:16.136,42.3392474,-71.0904381,20.697
6217,1629749248,1769617216487,11:20:16.487,42.3392474,-71.0904381,20.697
6218,1630011392,1769617216837,11:20:16.837,42.3392474,-71.0904381,20.697
6219,1630273536,1769617217187,11:20:17.187,42.3392474,-71.0904381,20.697
6220,1630535680,1769617217592,11:20:17.592,42.3392474,-71.0904381,20.697
6221,1630797824,1769617217888,11:20:17.888,42.3392474,-71.0904381,20.697
6222,1631059968,1769617218238,11:20:18.238,42.3392474,-71.0904381,20.697
6223,1631322112,1769617218795,11:20:18.795,42.3392474,-71.0904381,20.697
6224,1631584256,1769617219293,11:20:19.293,42.3392474,-71.0904381,20.697
6225,1631846400,1769617219857,11:20:19.857,42.3392474,-71.0904381,20.697
6226,1632108544,1769617220319,11:20:20.319,42.3392474,-71.0904381,20.697
6227,1632370688,1769617220809,11:20:20.809,42.3392474,-71.0904381,20.697
6228,1632632832,1769617221308,11:20:21.308,42.3392474,-71.0904381,20.697
6229,1632894976,1769617221726,11:20:21.726,42.3392474,-71.0904381,20.697
6230,1633157120,1769617222232,11:20:22.232,42.3392474,-71.0904381,20.697
6231,1633419264,1769617222688,11:20:22.688,42.3392474,-71.0904381,20.697
6232,1633681408,1769617223015,11:20:23.015,42.3392474,-71.0904381,20.697
6233,1633943552,1769617223403,11:20:23.403,42.3392474,-71.0904381,20.697
6234,1634205696,1769617223696,11:20:23.696,42.3392474,-71.0904381,20.697
6235,1634467840,1769617224021,11:20:24.021,42.3392474,-71.0904381,20.697
6236,1634729984,1769617224446,11:20:24.446,42.3392474,-71.0904381,20.697
6237,1634992128,1769617224961,11:20:24.961,42.3392474,-71.0904381,20.697
6238,1635254272,1769617225368,11:20:25.368,42.3392474,-71.0904381,20.697
6239,1635516416,1769617225813,11:20:25.813,42.3392474,-71.0904381,20.697
6240,1635778560,1769617228390,11:20:28.390,42.3392474,-71.0904381,20.697
6241,1636040704,1769617228651,11:20:28.651,42.3392474,-71.0904381,20.697
6242,1636302848,1769617228907,11:20:28.907,42.3392474,-71.0904381,20.697
6243,1636564992,1769617229161,11:20:29.161,42.3392474,-71.0904381,20.697
6244,1636827136,1769617229418,11:20:29.418,42.3392474,-71.0904381,20.697
6245,1637089280,1769617229660,11:20:29.660,42.3392474,-71.0904381,20.697
6246,1637351424,1769617229919,11:20:29.919,42.3392474,-71.0904381,20.697
6247,1637613568,1769617230182,11:20:30.182,42.3392474,-71.0904381,20.697
6248,1637875712,1769617230704,11:20:30.704,42.3392474,-71.0904381,20.697
6249,1638137856,1769617231242,11:20:31.242,42.3392474,-71.0904381,20.697
6250,1638400000,1769617231665,11:20:31.665,42.3392474,-71.0904381,20.697
6251,1638662144,1769617232131,11:20:32.131,42.3392474,-71.0904381,20.697
6252,1638924288,1769617232483,11:20:32.483,42.3392474,-71.0904381,20.697
6253,1639186432,1769617232831,11:20:32.831,42.3392474,-71.0904381,20.697
6254,1639448576,1769617233339,11:20:33.339,42.3392474,-71.0904381,20.697
6255,1639710720,1769617233794,11:20:33.794,42.3392474,-71.0904381,20.697
6256,1639972864,1769617234274,11:20:34.274,42.3392474,-71.0904381,20.697
6257,1640235008,1769617234685,11:20:34.685,42.3392474,-71.0904381,20.697
6258,1640497152,1769617235169,11:20:35.169,42.3392474,-71.0904381,20.697
6259,1640759296,1769617235629,11:20:35.629,42.3392474,-71.0904381,20.697
6260,1641021440,1769617236168,11:20:36.168,42.3392474,-71.0904381,20.697
6261,1641283584,1769617236607,11:20:36.607,42.3392474,-71.0904381,20.697
6262,1641545728,1769617237082,11:20:37.082,42.3392474,-71.0904381,20.697
6263,1641807872,1769617237560,11:20:37.560,42.3392474,-71.0904381,20.697
6264,1642070016,1769617238067,11:20:38.067,42.3392474,-71.0904381,20.697
6265,1642332160,1769617238639,11:20:38.639,42.3392474,-71.0904381,20.697
6266,1642594304,1769617239167,11:20:39.167,42.3392474,-71.0904381,20.697
6267,1642856448,1769617239539,11:20:39.539,42.3392474,-71.0904381,20.697
6268,1643118592,1769617240045,11:20:40.045,42.3392474,-71.0904381,20.697
6269,1643380736,1769617240491,11:20:40.491,42.3392474,-71.0904381,20.697
6270,1643642880,1769617240923,11:20:40.923,42.3392474,-71.0904381,20.697
6271,1643905024,1769617241352,11:20:41.352,42.3392474,-71.0904381,20.697
6272,1644167168,1769617241705,11:20:41.705,42.3392474,-71.0904381,20.697
6273,1644429312,1769617242066,11:20:42.066,42.3392474,-71.0904381,20.697
6274,1644691456,1769617242557,11:20:42.557,42.3392474,-71.0904381,20.697
6275,1644953600,1769617243002,11:20:43.002,42.3392474,-71.0904381,20.697
6276,1645215744,1769617243443,11:20:43.443,42.3392474,-71.0904381,20.697
6277,1645477888,1769617243981,11:20:43.981,42.3392474,-71.0904381,20.697
6278,1645740032,1769617244452,11:20:44.452,42.3392474,-71.0904381,20.697
6279,1646002176,1769617244994,11:20:44.994,42.3392474,-71.0904381,20.697
6280,1646264320,1769617245534,11:20:45.534,42.3392474,-71.0904381,20.697
6281,1646526464,1769617246039,11:20:46.039,42.3392474,-71.0904381,20.697
6282,1646788608,1769617246503,11:20:46.503,42.3392474,-71.0904381,20.697
6283,1647050752,1769617246922,11:20:46.922,42.3392474,-71.0904381,20.697
6284,1647312896,1769617247337,11:20:47.337,42.3392474,-71.0904381,20.697
6285,1647575040,1769617247739,11:20:47.739,42.3392474,-71.0904381,20.697
6286,1647837184,1769617248195,11:20:48.195,42.3392474,-71.0904381,20.697
6287,1648099328,1769617248689,11:20:48.689,42.3392474,-71.0904381,20.697
6288,1648361472,1769617249142,11:20:49.142,42.3392474,-71.0904381,20.697
6289,1648623616,1769617249589,11:20:49.589,42.3392474,-71.0904381,20.697
6290,1648885760,1769617250216,11:20:50.216,42.3392474,-71.0904381,20.697
6291,1649147904,1769617250770,11:20:50.770,42.3392474,-71.0904381,20.697
6292,1649410048,1769617251126,11:20:51.126,42.3392474,-71.0904381,20.697
6293,1649672192,1769617251507,11:20:51.507,42.3392474,-71.0904381,20.697
6294,1649934336,1769617252022,11:20:52.022,42.3392474,-71.0904381,20.697
6295,1650196480,1769617252536,11:20:52.536,42.3392474,-71.0904381,20.697
6296,1650458624,1769617253231,11:20:53.231,42.3392474,-71.0904381,20.697
6297,1650720768,1769617253686,11:20:53.686,42.3392474,-71.0904381,20.697
6298,1650982912,1769617254252,11:20:54.252,42.3392474,-71.0904381,20.697
6299,1651245056,1769617254806,11:20:54.806,42.3392474,-71.0904381,20.697
6300,1651507200,1769617255391,11:20:55.391,42.3392474,-71.0904381,20.697
6301,1651769344,1769617255797,11:20:55.797,42.3392474,-71.0904381,20.697
6302,1652031488,1769617256169,11:20:56.169,42.3392474,-71.0904381,20.697
6303,1652293632,1769617258783,11:20:58.783,42.3392474,-71.0904381,20.697
6304,1652555776,1769617259063,11:20:59.063,42.3392474,-71.0904381,20.697
6305,1652817920,1769617259324,11:20:59.324,42.3392474,-71.0904381,20.697
6306,1653080064,1769617259602,11:20:59.602,42.3392474,-71.0904381,20.697
6307,1653342208,1769617259872,11:20:59.872,42.3392474,-71.0904381,20.697
6308,1653604352,1769617260154,11:21:00.154,42.3392474,-71.0904381,20.697
6309,1653866496,1769617260430,11:21:00.430,42.3392474,-71.0904381,20.697
6310,1654128640,1769617260667,11:21:00.667,42.3392474,-71.0904381,20.697
6311,1654390784,1769617260927,11:21:00.927,42.3392474,-71.0904381,20.697
6312,1654652928,1769617261193,11:21:01.193,42.3392474,-71.0904381,20.697
6313,1654915072,1769617261442,11:21:01.442,42.3392474,-71.0904381,20.697
6314,1655177216,1769617261896,11:21:01.896,42.3392474,-71.0904381,20.697
6315,1655439360,1769617262599,11:21:02.599,42.3392474,-71.0904381,20.697
6316,1655701504,1769617263165,11:21:03.165,42.3392474,-71.0904381,20.697
6317,1655963648,1769617263623,11:21:03.623,42.3392474,-71.0904381,20.697
6318,1656225792,1769617264039,11:21:04.039,42.3392474,-71.0904381,20.697
6319,1656487936,1769617264420,11:21:04.420,42.3392474,-71.0904381,20.697
6320,1656750080,1769617264804,11:21:04.804,42.3392474,-71.0904381,20.697
6321,1657012224,1769617265185,11:21:05.185,42.3392474,-71.0904381,20.697
6322,1657274368,1769617265578,11:21:05.578,42.3392474,-71.0904381,20.697
6323,1657536512,1769617265957,11:21:05.957,42.3392474,-71.0904381,20.697
6324,1657798656,1769617266360,11:21:06.360,42.3392474,-71.0904381,20.697
6325,1658060800,1769617266815,11:21:06.815,42.3392474,-71.0904381,20.697
6326,1658322944,1769617267089,11:21:07.089,42.3392474,-71.0904381,20.697
6327,1658585088,1769617267493,11:21:07.493,42.3392474,-71.0904381,20.697
6328,1658847232,1769617267914,11:21:07.914,42.3392474,-71.0904381,20.697
6329,1659109376,1769617268365,11:21:08.365,42.3392474,-71.0904381,20.697
6330,1659371520,1769617268853,11:21:08.853,42.3392474,-71.0904381,20.697
6331,1659633664,1769617269216,11:21:09.216,42.3392474,-71.0904381,20.697
6332,1659895808,1769617269638,11:21:09.638,42.3392474,-71.0904381,20.697
6333,1660157952,1769617269965,11:21:09.965,42.3392474,-71.0904381,20.697
6334,1660420096,1769617270314,11:21:10.314,42.3392474,-71.0904381,20.697
6335,1660682240,1769617270763,11:21:10.763,42.3392474,-71.0904381,20.697
6336,1660944384,1769617271224,11:21:11.224,42.3392474,-71.0904381,20.697
6337,1661206528,1769617271673,11:21:11.673,42.3392474,-71.0904381,20.697
6338,1661468672,1769617272160,11:21:12.160,42.3392474,-71.0904381,20.697
6339,1661730816,1769617272666,11:21:12.666,42.3392474,-71.0904381,20.697
6340,1661992960,1769617273129,11:21:13.129,42.3392474,-71.0904381,20.697
6341,1662255104,1769617273650,11:21:13.650,42.3392474,-71.0904381,20.697
6342,1662517248,1769617274152,11:21:14.152,42.3392474,-71.0904381,20.697
6343,1662779392,1769617274532,11:21:14.532,42.3392474,-71.0904381,20.697
6344,1663041536,1769617274988,11:21:14.988,42.3392474,-71.0904381,20.697
6345,1663303680,1769617275242,11:21:15.242,42.3392474,-71.0904381,20.697
6346,1663565824,1769617275673,11:21:15.673,42.3392474,-71.0904381,20.697
6347,1663827968,1769617276105,11:21:16.105,42.3392474,-71.0904381,20.697
6348,1664090112,1769617276451,11:21:16.451,42.3392474,-71.0904381,20.697
6349,1664352256,1769617276802,11:21:16.802,42.3392474,-71.0904381,20.697
6350,1664614400,1769617277183,11:21:17.183,42.3392474,-71.0904381,20.697
6351,1664876544,1769617277561,11:21:17.561,42.3392474,-71.0904381,20.697
6352,1665138688,1769617277934,11:21:17.934,42.3392474,-71.0904381,20.697
6353,1665400832,1769617278358,11:21:18.358,42.3392474,-71.0904381,20.697
6354,1665662976,1769617278761,11:21:18.761,42.3392474,-71.0904381,20.697
6355,1665925120,1769617279111,11:21:19.111,42.3392474,-71.0904381,20.697
6356,1666187264,1769617279574,11:21:19.574,42.3392474,-71.0904381,20.697
6357,1666449408,1769617280122,11:21:20.122,42.3392474,-71.0904381,20.697
6358,1666711552,1769617280685,11:21:20.685,42.3392474,-71.0904381,20.697
6359,1666973696,1769617281171,11:21:21.171,42.3392474,-71.0904381,20.697
6360,1667235840,1769617281636,11:21:21.636,42.3392474,-71.0904381,20.697
6361,1667497984,1769617282076,11:21:22.076,42.3392474,-71.0904381,20.697
6362,1667760128,1769617282594,11:21:22.594,42.3392474,-71.0904381,20.697
6363,1668022272,1769617283030,11:21:23.030,42.3392474,-71.0904381,20.697
6364,1668284416,1769617283493,11:21:23.493,42.3392474,-71.0904381,20.697
6365,1668546560,1769617283893,11:21:23.893,42.3392474,-71.0904381,20.697
6366,1668808704,1769617284288,11:21:24.288,42.3392474,-71.0904381,20.697
6367,1669070848,1769617284628,11:21:24.628,42.3392474,-71.0904381,20.697
6368,1669332992,1769617284980,11:21:24.980,42.3392474,-71.0904381,20.697
6369,1669595136,1769617285331,11:21:25.331,42.3392474,-71.0904381,20.697
6370,1669857280,1769617285681,11:21:25.681,42.3392474,-71.0904381,20.697
6371,1670119424,1769617286086,11:21:26.086,42.3392474,-71.0904381,20.697
6372,1670381568,1769617286445,11:21:26.445,42.3392474,-71.0904381,20.697
6373,1670643712,1769617286824,11:21:26.824,42.3392474,-71.0904381,20.697
6374,1670905856,1769617289674,11:21:29.674,42.3392474,-71.0904381,20.697
6375,1671168000,1769617289932,11:21:29.932,42.3392474,-71.0904381,20.697
6376,1671430144,1769617290180,11:21:30.180,42.3392474,-71.0904381,20.697
6377,1671692288,1769617290442,11:21:30.442,42.3392474,-71.0904381,20.697
6378,1671954432,1769617290696,11:21:30.696,42.3392474,-71.0904381,20.697
6379,1672216576,1769617290944,11:21:30.944,42.3392474,-71.0904381,20.697
6380,1672478720,1769617291188,11:21:31.188,42.3392474,-71.0904381,20.697
6381,1672740864,1769617291435,11:21:31.435,42.3392474,-71.0904381,20.697
6382,1673003008,1769617291698,11:21:31.698,42.3392474,-71.0904381,20.697
6383,1673265152,1769617291956,11:21:31.956,42.3392474,-71.0904381,20.697
6384,1673527296,1769617292223,11:21:32.223,42.3392474,-71.0904381,20.697
6385,1673789440,1769617292721,11:21:32.721,42.3392474,-71.0904381,20.697
6386,1674051584,1769617293307,11:21:33.307,42.3392474,-71.0904381,20.697
6387,1674313728,1769617293722,11:21:33.722,42.3392474,-71.0904381,20.697
6388,1674575872,1769617293976,11:21:33.976,42.3392474,-71.0904381,20.697
6389,1674838016,1769617294313,11:21:34.313,42.3392474,-71.0904381,20.697
6390,1675100160,1769617294665,11:21:34.665,42.3392474,-71.0904381,20.697
6391,1675362304,1769617295015,11:21:35.015,42.3392474,-71.0904381,20.697
6392,1675624448,1769617295387,11:21:35.387,42.3392474,-71.0904381,20.697
6393,1675886592,1769617295740,11:21:35.740,42.3392474,-71.0904381,20.697
6394,1676148736,1769617296138,11:21:36.138,42.3392474,-71.0904381,20.697
6395,1676410880,1769617296540,11:21:36.540,42.3392474,-71.0904381,20.697
6396,1676673024,1769617296951,11:21:36.951,42.3392474,-71.0904381,20.697
6397,1676935168,1769617297259,11:21:37.259,42.3392474,-71.0904381,20.697
6398,1677197312,1769617297698,11:21:37.698,42.3392474,-71.0904381,20.697
6399,1677459456,1769617298135,11:21:38.135,42.3392474,-71.0904381,20.697
6400,1677721600,1769617298530,11:21:38.530,42.3392474,-71.0904381,20.697
6401,1677983744,1769617298914,11:21:38.914,42.3392474,-71.0904381,20.697
6402,1678245888,1769617299322,11:21:39.322,42.3392474,-71.0904381,20.697
6403,1678508032,1769617299709,11:21:39.709,42.3392474,-71.0904381,20.697
6404,1678770176,1769617300188,11:21:40.188,42.3392474,-71.0904381,20.697
6405,1679032320,1769617300636,11:21:40.636,42.3392474,-71.0904381,20.697
6406,1679294464,1769617300884,11:21:40.884,42.3392474,-71.0904381,20.697
6407,1679556608,1769617301234,11:21:41.234,42.3392474,-71.0904381,20.697
6408,1679818752,1769617301613,11:21:41.613,42.3392474,-71.0904381,20.697
6409,1680080896,1769617302187,11:21:42.187,42.3392474,-71.0904381,20.697
6410,1680343040,1769617302700,11:21:42.700,42.3392474,-71.0904381,20.697
6411,1680605184,1769617303237,11:21:43.237,42.3392474,-71.0904381,20.697
6412,1680867328,1769617303925,11:21:43.925,42.3392474,-71.0904381,20.697
6413,1681129472,1769617304465,11:21:44.465,42.3392474,-71.0904381,20.697
6414,1681391616,1769617305083,11:21:45.083,42.3392474,-71.0904381,20.697
6415,1681653760,1769617305648,11:21:45.648,42.3392474,-71.0904381,20.697
6416,1681915904,1769617306234,11:21:46.234,42.3392474,-71.0904381,20.697
6417,1682178048,1769617306735,11:21:46.735,42.3392474,-71.0904381,20.697
6418,1682440192,1769617307128,11:21:47.128,42.3392474,-71.0904381,20.697
6419,1682702336,1769617307565,11:21:47.565,42.3392474,-71.0904381,20.697
6420,1682964480,1769617307994,11:21:47.994,42.3392474,-71.0904381,20.697
6421,1683226624,1769617308448,11:21:48.448,42.3392474,-71.0904381,20.697
6422,1683488768,1769617308770,11:21:48.770,42.3392474,-71.0904381,20.697
6423,1683750912,1769617309138,11:21:49.138,42.3392474,-71.0904381,20.697
6424,1684013056,1769617309555,11:21:49.555,42.3392474,-71.0904381,20.697
6425,1684275200,1769617310023,11:21:50.023,42.3392474,-71.0904381,20.697
6426,1684537344,1769617310308,11:21:50.308,42.3392474,-71.0904381,20.697
6427,1684799488,1769617310690,11:21:50.690,42.3392474,-71.0904381,20.697
6428,1685061632,1769617311089,11:21:51.089,42.3392474,-71.0904381,20.697
6429,1685323776,1769617311457,11:21:51.457,42.3392474,-71.0904381,20.697
6430,1685585920,1769617311853,11:21:51.853,42.3392474,-71.0904381,20.697
6431,1685848064,1769617312224,11:21:52.224,42.3392474,-71.0904381,20.697
6432,1686110208,1769617312607,11:21:52.607,42.3392474,-71.0904381,20.697
6433,1686372352,1769617312960,11:21:52.960,42.3392474,-71.0904381,20.697
6434,1686634496,1769617313345,11:21:53.345,42.3392474,-71.0904381,20.697
6435,1686896640,1769617313660,11:21:53.660,42.3392474,-71.0904381,20.697
6436,1687158784,1769617314014,11:21:54.014,42.3392474,-71.0904381,20.697
6437,1687420928,1769617314365,11:21:54.365,42.3392474,-71.0904381,20.697
6438,1687683072,1769617314769,11:21:54.769,42.3392474,-71.0904381,20.697
6439,1687945216,1769617315136,11:21:55.136,42.3392474,-71.0904381,20.697
6440,1688207360,1769617315491,11:21:55.491,42.3392474,-71.0904381,20.697
6441,1688469504,1769617315889,11:21:55.889,42.3392474,-71.0904381,20.697
6442,1688731648,1769617316324,11:21:56.324,42.3392474,-71.0904381,20.697
6443,1688993792,1769617316806,11:21:56.806,42.3392474,-71.0904381,20.697
6444,1689255936,1769617317305,11:21:57.305,42.3392474,-71.0904381,20.697
6445,1689518080,1769617320394,11:22:00.394,42.3392474,-71.0904381,20.697
6446,1689780224,1769617320668,11:22:00.668,42.3392474,-71.0904381,20.697
6447,1690042368,1769617320939,11:22:00.939,42.3392474,-71.0904381,20.697
6448,1690304512,1769617321202,11:22:01.202,42.3392474,-71.0904381,20.697
6449,1690566656,1769617321475,11:22:01.475,42.3392474,-71.0904381,20.697
6450,1690828800,1769617321728,11:22:01.728,42.3392474,-71.0904381,20.697
6451,1691090944,1769617321994,11:22:01.994,42.3392474,-71.0904381,20.697
6452,1691353088,1769617322252,11:22:02.252,42.3392474,-71.0904381,20.697
6453,1691615232,1769617322519,11:22:02.519,42.3392474,-71.0904381,20.697
6454,1691877376,1769617322773,11:22:02.773,42.3392474,-71.0904381,20.697
6455,1692139520,1769617323046,11:22:03.046,42.3392474,-71.0904381,20.697
6456,1692401664,1769617323290,11:22:03.290,42.3392474,-71.0904381,20.697
6457,1692663808,1769617323549,11:22:03.549,42.3392474,-71.0904381,20.697
6458,1692925952,1769617323803,11:22:03.803,42.3392474,-71.0904381,20.697
6459,1693188096,1769617324057,11:22:04.057,42.3392474,-71.0904381,20.697
6460,1693450240,1769617324323,11:22:04.323,42.3392474,-71.0904381,20.697
6461,1693712384,1769617324577,11:22:04.577,42.3392474,-71.0904381,20.697
6462,1693974528,1769617324821,11:22:04.821,42.3392474,-71.0904381,20.697
6463,1694236672,1769617325081,11:22:05.081,42.3392474,-71.0904381,20.697
6464,1694498816,1769617325335,11:22:05.335,42.3392474,-71.0904381,20.697
6465,1694760960,1769617325580,11:22:05.580,42.3392474,-71.0904381,20.697
6466,1695023104,1769617325846,11:22:05.846,42.3392474,-71.0904381,20.697
6467,1695285248,1769617326195,11:22:06.195,42.3392474,-71.0904381,20.697
6468,1695547392,1769617326628,11:22:06.628,42.3392474,-71.0904381,20.697
6469,1695809536,1769617327146,11:22:07.146,42.3392474,-71.0904381,20.697
6470,1696071680,1769617327579,11:22:07.579,42.3392474,-71.0904381,20.697
6471,1696333824,1769617328094,11:22:08.094,42.3392474,-71.0904381,20.697
6472,1696595968,1769617328554,11:22:08.554,42.3392474,-71.0904381,20.697
6473,1696858112,1769617329047,11:22:09.047,42.3392474,-71.0904381,20.697
6474,1697120256,1769617329486,11:22:09.486,42.3392474,-71.0904381,20.697
6475,1697382400,1769617329914,11:22:09.914,42.3392474,-71.0904381,20.697
6476,1697644544,1769617330415,11:22:10.415,42.3392474,-71.0904381,20.697
6477,1697906688,1769617330849,11:22:10.849,42.3392474,-71.0904381,20.697
6478,1698168832,1769617331349,11:22:11.349,42.3392474,-71.0904381,20.697
6479,1698430976,1769617331775,11:22:11.775,42.3392474,-71.0904381,20.697
6480,1698693120,1769617332106,11:22:12.106,42.3392474,-71.0904381,20.697
6481,1698955264,1769617332570,11:22:12.570,42.3392474,-71.0904381,20.697
6482,1699217408,1769617333046,11:22:13.046,42.3392474,-71.0904381,20.697
6483,1699479552,1769617333434,11:22:13.434,42.3392474,-71.0904381,20.697
6484,1699741696,1769617333763,11:22:13.763,42.3392474,-71.0904381,20.697
6485,1700003840,1769617334129,11:22:14.129,42.3392474,-71.0904381,20.697
6486,1700265984,1769617334524,11:22:14.524,42.3392474,-71.0904381,20.697
6487,1700528128,1769617334910,11:22:14.910,42.3392474,-71.0904381,20.697
6488,1700790272,1769617335441,11:22:15.441,42.3392474,-71.0904381,20.697
6489,1701052416,1769617335915,11:22:15.915,42.3392474,-71.0904381,20.697
6490,1701314560,1769617336272,11:22:16.272,42.3392474,-71.0904381,20.697
6491,1701576704,1769617336620,11:22:16.620,42.3392474,-71.0904381,20.697
6492,1701838848,1769617337141,11:22:17.141,42.3392474,-71.0904381,20.697
6493,1702100992,1769617337576,11:22:17.576,42.3392474,-71.0904381,20.697
6494,1702363136,1769617338005,11:22:18.005,42.3392474,-71.0904381,20.697
6495,1702625280,1769617338375,11:22:18.375,42.3392474,-71.0904381,20.697
6496,1702887424,1769617338721,11:22:18.721,42.3392474,-71.0904381,20.697
6497,1703149568,1769617339105,11:22:19.105,42.3392474,-71.0904381,20.697
6498,1703411712,1769617339451,11:22:19.451,42.3392474,-71.0904381,20.697
6499,1703673856,1769617339851,11:22:19.851,42.3392474,-71.0904381,20.697
6500,1703936000,1769617340159,11:22:20.159,42.3392474,-71.0904381,20.697
6501,1704198144,1769617340622,11:22:20.622,42.3392474,-71.0904381,20.697
6502,1704460288,1769617341033,11:22:21.033,42.3392474,-71.0904381,20.697
6503,1704722432,1769617341518,11:22:21.518,42.3392474,-71.0904381,20.697
6504,1704984576,1769617341931,11:22:21.931,42.3392474,-71.0904381,20.697
6505,1705246720,1769617342317,11:22:22.317,42.3392474,-71.0904381,20.697
6506,1705508864,1769617342849,11:22:22.849,42.3392474,-71.0904381,20.697
6507,1705771008,1769617343335,11:22:23.335,42.3392474,-71.0904381,20.697
6508,1706033152,1769617343741,11:22:23.741,42.3392474,-71.0904381,20.697
6509,1706295296,1769617344142,11:22:24.142,42.3392474,-71.0904381,20.697
6510,1706557440,1769617344496,11:22:24.496,42.3392474,-71.0904381,20.697
6511,1706819584,1769617344903,11:22:24.903,42.3392474,-71.0904381,20.697
6512,1707081728,1769617345199,11:22:25.199,42.3392474,-71.0904381,20.697
6513,1707343872,1769617345548,11:22:25.548,42.3392474,-71.0904381,20.697
6514,1707606016,1769617345986,11:22:25.986,42.3392474,-71.0904381,20.697
6515,1707868160,1769617346337,11:22:26.337,42.3392474,-71.0904381,20.697
6516,1708130304,1769617346729,11:22:26.729,42.3392474,-71.0904381,20.697
6517,1708392448,1769617347091,11:22:27.091,42.3392474,-71.0904381,20.697
6518,1708654592,1769617347477,11:22:27.477,42.3392474,-71.0904381,20.697
6519,1708916736,1769617350550,11:22:30.550,42.3392474,-71.0904381,20.697
6520,1709178880,1769617350815,11:22:30.815,42.3392474,-71.0904381,20.697
6521,1709441024,1769617351067,11:22:31.067,42.3392474,-71.0904381,20.697
6522,1709703168,1769617351313,11:22:31.313,42.3392474,-71.0904381,20.697
6523,1709965312,1769617351569,11:22:31.569,42.3392474,-71.0904381,20.697
6524,1710227456,1769617351821,11:22:31.821,42.3392474,-71.0904381,20.697
6525,1710489600,1769617352078,11:22:32.078,42.3392474,-71.0904381,20.697
6526,1710751744,1769617352329,11:22:32.329,42.3392474,-71.0904381,20.697
6527,1711013888,1769617352589,11:22:32.589,42.3392474,-71.0904381,20.697
6528,1711276032,1769617352858,11:22:32.858,42.3392474,-71.0904381,20.697
6529,1711538176,1769617353114,11:22:33.114,42.3392474,-71.0904381,20.697
6530,1711800320,1769617353354,11:22:33.354,42.3392474,-71.0904381,20.697
6531,1712062464,1769617353615,11:22:33.615,42.3392474,-71.0904381,20.697
6532,1712324608,1769617353863,11:22:33.863,42.3392474,-71.0904381,20.697
6533,1712586752,1769617354113,11:22:34.113,42.3392474,-71.0904381,20.697
6534,1712848896,1769617354365,11:22:34.365,42.3392474,-71.0904381,20.697
6535,1713111040,1769617354612,11:22:34.612,42.3392474,-71.0904381,20.697
6536,1713373184,1769617354862,11:22:34.862,42.3392474,-71.0904381,20.697
6537,1713635328,1769617355125,11:22:35.125,42.3392474,-71.0904381,20.697
6538,1713897472,1769617355365,11:22:35.365,42.3392474,-71.0904381,20.697
6539,1714159616,1769617355614,11:22:35.614,42.3392474,-71.0904381,20.697
6540,1714421760,1769617355997,11:22:35.997,42.3392474,-71.0904381,20.697
6541,1714683904,1769617356450,11:22:36.450,42.3392474,-71.0904381,20.697
6542,1714946048,1769617356820,11:22:36.820,42.3392474,-71.0904381,20.697
6543,1715208192,1769617357166,11:22:37.166,42.3392474,-71.0904381,20.697
6544,1715470336,1769617357532,11:22:37.532,42.3392474,-71.0904381,20.697
6545,1715732480,1769617357864,11:22:37.864,42.3392474,-71.0904381,20.697
6546,1715994624,1769617358277,11:22:38.277,42.3392474,-71.0904381,20.697
6547,1716256768,1769617358706,11:22:38.706,42.3392474,-71.0904381,20.697
6548,1716518912,1769617359184,11:22:39.184,42.3392474,-71.0904381,20.697
6549,1716781056,1769617359608,11:22:39.608,42.3392474,-71.0904381,20.697
6550,1717043200,1769617360093,11:22:40.093,42.3392474,-71.0904381,20.697
6551,1717305344,1769617360527,11:22:40.527,42.3392474,-71.0904381,20.697
6552,1717567488,1769617360942,11:22:40.942,42.3392474,-71.0904381,20.697
6553,1717829632,1769617361368,11:22:41.368,42.3392474,-71.0904381,20.697
6554,1718091776,1769617361985,11:22:41.985,42.3392474,-71.0904381,20.697
6555,1718353920,1769617362526,11:22:42.526,42.3392474,-71.0904381,20.697
6556,1718616064,1769617362989,11:22:42.989,42.3392474,-71.0904381,20.697
6557,1718878208,1769617363603,11:22:43.603,42.3392474,-71.0904381,20.697
6558,1719140352,1769617364258,11:22:44.258,42.3392474,-71.0904381,20.697
6559,1719402496,1769617364835,11:22:44.835,42.3392474,-71.0904381,20.697
6560,1719664640,1769617365319,11:22:45.319,42.3392474,-71.0904381,20.697
6561,1719926784,1769617365731,11:22:45.731,42.3392474,-71.0904381,20.697
6562,1720188928,1769617366130,11:22:46.130,42.3392474,-71.0904381,20.697
6563,1720451072,1769617366568,11:22:46.568,42.3392474,-71.0904381,20.697
6564,1720713216,1769617366851,11:22:46.851,42.3392474,-71.0904381,20.697
6565,1720975360,1769617367193,11:22:47.193,42.3392474,-71.0904381,20.697
6566,1721237504,1769617367655,11:22:47.655,42.3392474,-71.0904381,20.697
6567,1721499648,1769617368187,11:22:48.187,42.3392474,-71.0904381,20.697
6568,1721761792,1769617368737,11:22:48.737,42.3392474,-71.0904381,20.697
6569,1722023936,1769617369279,11:22:49.279,42.3392474,-71.0904381,20.697
6570,1722286080,1769617369911,11:22:49.911,42.3392474,-71.0904381,20.697
6571,1722548224,1769617370432,11:22:50.432,42.3392474,-71.0904381,20.697
6572,1722810368,1769617371090,11:22:51.090,42.3392474,-71.0904381,20.697
6573,1723072512,1769617371625,11:22:51.625,42.3392474,-71.0904381,20.697
6574,1723334656,1769617372131,11:22:52.131,42.3392474,-71.0904381,20.697
6575,1723596800,1769617372552,11:22:52.552,42.3392474,-71.0904381,20.697
6576,1723858944,1769617373183,11:22:53.183,42.3392474,-71.0904381,20.697
6577,1724121088,1769617373630,11:22:53.630,42.3392474,-71.0904381,20.697
6578,1724383232,1769617374093,11:22:54.093,42.3392474,-71.0904381,20.697
6579,1724645376,1769617374591,11:22:54.591,42.3392474,-71.0904381,20.697
6580,1724907520,1769617374960,11:22:54.960,42.3392474,-71.0904381,20.697
6581,1725169664,1769617375363,11:22:55.363,42.3392474,-71.0904381,20.697
6582,1725431808,1769617375707,11:22:55.707,42.3392474,-71.0904381,20.697
6583,1725693952,1769617376166,11:22:56.166,42.3392474,-71.0904381,20.697
6584,1725956096,1769617376654,11:22:56.654,42.3392474,-71.0904381,20.697
6585,1726218240,1769617377117,11:22:57.117,42.3392474,-71.0904381,20.697
6586,1726480384,1769617377515,11:22:57.515,42.3392474,-71.0904381,20.697
6587,1726742528,1769617378018,11:22:58.018,42.3392474,-71.0904381,20.697
6588,1727004672,1769617381196,11:23:01.196,42.3392474,-71.0904381,20.697
6589,1727266816,1769617381478,11:23:01.478,42.3392474,-71.0904381,20.697
6590,1727528960,1769617381740,11:23:01.740,42.3392474,-71.0904381,20.697
6591,1727791104,1769617382004,11:23:02.004,42.3392474,-71.0904381,20.697
6592,1728053248,1769617382267,11:23:02.267,42.3392474,-71.0904381,20.697
6593,1728315392,1769617382538,11:23:02.538,42.3392474,-71.0904381,20.697
6594,1728577536,1769617382811,11:23:02.811,42.3392474,-71.0904381,20.697
6595,1728839680,1769617383050,11:23:03.050,42.3392474,-71.0904381,20.697
6596,1729101824,1769617383300,11:23:03.300,42.3392474,-71.0904381,20.697
6597,1729363968,1769617383560,11:23:03.560,42.3392474,-71.0904381,20.697
6598,1729626112,1769617383817,11:23:03.817,42.3392474,-71.0904381,20.697
6599,1729888256,1769617384047,11:23:04.047,42.3392474,-71.0904381,20.697
6600,1730150400,1769617384282,11:23:04.282,42.3392474,-71.0904381,20.697
6601,1730412544,1769617384541,11:23:04.541,42.3392474,-71.0904381,20.697
6602,1730674688,1769617384942,11:23:04.942,42.3392474,-71.0904381,20.697
6603,1730936832,1769617385370,11:23:05.370,42.3392474,-71.0904381,20.697
6604,1731198976,1769617385639,11:23:05.639,42.3392474,-71.0904381,20.697
6605,1731461120,1769617386167,11:23:06.167,42.3392474,-71.0904381,20.697
6606,1731723264,1769617386744,11:23:06.744,42.3392474,-71.0904381,20.697
6607,1731985408,1769617387331,11:23:07.331,42.3392474,-71.0904381,20.697
6608,1732247552,1769617387901,11:23:07.901,42.3392474,-71.0904381,20.697
6609,1732509696,1769617388446,11:23:08.446,42.3392474,-71.0904381,20.697
6610,1732771840,1769617388826,11:23:08.826,42.3392474,-71.0904381,20.697
6611,1733033984,1769617389257,11:23:09.257,42.3392474,-71.0904381,20.697
6612,1733296128,1769617389731,11:23:09.731,42.3392474,-71.0904381,20.697
6613,1733558272,1769617389994,11:23:09.994,42.3392474,-71.0904381,20.697
6614,1733820416,1769617390406,11:23:10.406,42.3392474,-71.0904381,20.697
6615,1734082560,1769617390866,11:23:10.866,42.3392474,-71.0904381,20.697
6616,1734344704,1769617391248,11:23:11.248,42.3392474,-71.0904381,20.697
6617,1734606848,1769617391703,11:23:11.703,42.3392474,-71.0904381,20.697
6618,1734868992,1769617392167,11:23:12.167,42.3392474,-71.0904381,20.697
6619,1735131136,1769617392538,11:23:12.538,42.3392474,-71.0904381,20.697
6620,1735393280,1769617392987,11:23:12.987,42.3392474,-71.0904381,20.697
6621,1735655424,1769617393409,11:23:13.409,42.3392474,-71.0904381,20.697
6622,1735917568,1769617393750,11:23:13.750,42.3392474,-71.0904381,20.697
6623,1736179712,1769617394102,11:23:14.102,42.3392474,-71.0904381,20.697
6624,1736441856,1769617394498,11:23:14.498,42.3392474,-71.0904381,20.697
6625,1736704000,1769617394934,11:23:14.934,42.3392474,-71.0904381,20.697
6626,1736966144,1769617395307,11:23:15.307,42.3392474,-71.0904381,20.697
6627,1737228288,1769617395770,11:23:15.770,42.3392474,-71.0904381,20.697
6628,1737490432,1769617396197,11:23:16.197,42.3392474,-71.0904381,20.697
6629,1737752576,1769617396635,11:23:16.635,42.3392474,-71.0904381,20.697
6630,1738014720,1769617397033,11:23:17.033,42.3392474,-71.0904381,20.697
6631,1738276864,1769617397400,11:23:17.400,42.3392474,-71.0904381,20.697
6632,1738539008,1769617397807,11:23:17.807,42.3392474,-71.0904381,20.697
6633,1738801152,1769617398171,11:23:18.171,42.3392474,-71.0904381,20.697
6634,1739063296,1769617398528,11:23:18.528,42.3392474,-71.0904381,20.697
6635,1739325440,1769617398879,11:23:18.879,42.3392474,-71.0904381,20.697
6636,1739587584,1769617399249,11:23:19.249,42.3392474,-71.0904381,20.697
6637,1739849728,1769617399598,11:23:19.598,42.3392474,-71.0904381,20.697
6638,1740111872,1769617399949,11:23:19.949,42.3392474,-71.0904381,20.697
6639,1740374016,1769617400304,11:23:20.304,42.3392474,-71.0904381,20.697
6640,1740636160,1769617400648,11:23:20.648,42.3392474,-71.0904381,20.697
6641,1740898304,1769617401095,11:23:21.095,42.3392474,-71.0904381,20.697
6642,1741160448,1769617401568,11:23:21.568,42.3392474,-71.0904381,20.697
6643,1741422592,1769617402126,11:23:22.126,42.3392474,-71.0904381,20.697
6644,1741684736,1769617402573,11:23:22.573,42.3392474,-71.0904381,20.697
6645,1741946880,1769617402947,11:23:22.947,42.3392474,-71.0904381,20.697
6646,1742209024,1769617403439,11:23:23.439,42.3392474,-71.0904381,20.697
6647,1742471168,1769617403909,11:23:23.909,42.3392474,-71.0904381,20.697
6648,1742733312,1769617404180,11:23:24.180,42.3392474,-71.0904381,20.697
6649,1742995456,1769617404583,11:23:24.583,42.3392474,-71.0904381,20.697
6650,1743257600,1769617405055,11:23:25.055,42.3392474,-71.0904381,20.697
6651,1743519744,1769617405380,11:23:25.380,42.3392474,-71.0904381,20.697
6652,1743781888,1769617405731,11:23:25.731,42.3392474,-71.0904381,20.697
6653,1744044032,1769617406113,11:23:26.113,42.3392474,-71.0904381,20.697
6654,1744306176,1769617406505,11:23:26.505,42.3392474,-71.0904381,20.697
6655,1744568320,1769617406955,11:23:26.955,42.3392474,-71.0904381,20.697
6656,1744830464,1769617407370,11:23:27.370,42.3392474,-71.0904381,20.697
6657,1745092608,1769617407724,11:23:27.724,42.3392474,-71.0904381,20.697
6658,1745354752,1769617408088,11:23:28.088,42.3392474,-71.0904381,20.697
6659,1745616896,1769617408446,11:23:28.446,42.3392474,-71.0904381,20.697
6660,1745879040,1769617408857,11:23:28.857,42.3392474,-71.0904381,20.697
6661,1746141184,1769617411945,11:23:31.945,42.3392474,-71.0904381,20.697
6662,1746403328,1769617412217,11:23:32.217,42.3392474,-71.0904381,20.697
6663,1746665472,1769617412477,11:23:32.477,42.3392474,-71.0904381,20.697
6664,1746927616,1769617412724,11:23:32.724,42.3392474,-71.0904381,20.697
6665,1747189760,1769617412990,11:23:32.990,42.3392474,-71.0904381,20.697
6666,1747451904,1769617413250,11:23:33.250,42.3392474,-71.0904381,20.697
6667,1747714048,1769617413503,11:23:33.503,42.3392474,-71.0904381,20.697
6668,1747976192,1769617413761,11:23:33.761,42.3392474,-71.0904381,20.697
6669,1748238336,1769617414017,11:23:34.017,42.3392474,-71.0904381,20.697
6670,1748500480,1769617414274,11:23:34.274,42.3392474,-71.0904381,20.697
6671,1748762624,1769617414522,11:23:34.522,42.3392474,-71.0904381,20.697
6672,1749024768,1769617414769,11:23:34.769,42.3392474,-71.0904381,20.697
6673,1749286912,1769617415029,11:23:35.029,42.3392474,-71.0904381,20.697
6674,1749549056,1769617415294,11:23:35.294,42.3392474,-71.0904381,20.697
6675,1749811200,1769617415537,11:23:35.537,42.3392474,-71.0904381,20.697
6676,1750073344,1769617415805,11:23:35.805,42.3392474,-71.0904381,20.697
6677,1750335488,1769617416059,11:23:36.059,42.3392474,-71.0904381,20.697
6678,1750597632,1769617416314,11:23:36.314,42.3392474,-71.0904381,20.697
6679,1750859776,1769617416564,11:23:36.564,42.3392474,-71.0904381,20.697
6680,1751121920,1769617417016,11:23:37.016,42.3392474,-71.0904381,20.697
6681,1751384064,1769617417525,11:23:37.525,42.3392474,-71.0904381,20.697
6682,1751646208,1769617418083,11:23:38.083,42.3392474,-71.0904381,20.697
6683,1751908352,1769617418627,11:23:38.627,42.3392474,-71.0904381,20.697
6684,1752170496,1769617419293,11:23:39.293,42.3392474,-71.0904381,20.697
6685,1752432640,1769617419804,11:23:39.804,42.3392474,-71.0904381,20.697
6686,1752694784,1769617420425,11:23:40.425,42.3392474,-71.0904381,20.697
6687,1752956928,1769617420948,11:23:40.948,42.3392474,-71.0904381,20.697
6688,1753219072,1769617421468,11:23:41.468,42.3392474,-71.0904381,20.697
6689,1753481216,1769617421999,11:23:41.999,42.3392474,-71.0904381,20.697
6690,1753743360,1769617422413,11:23:42.413,42.3392474,-71.0904381,20.697
6691,1754005504,1769617422762,11:23:42.762,42.3392474,-71.0904381,20.697
6692,1754267648,1769617423353,11:23:43.353,42.3392474,-71.0904381,20.697
6693,1754529792,1769617423821,11:23:43.821,42.3392474,-71.0904381,20.697
6694,1754791936,1769617424207,11:23:44.207,42.3392474,-71.0904381,20.697
6695,1755054080,1769617424594,11:23:44.594,42.3392474,-71.0904381,20.697
6696,1755316224,1769617424908,11:23:44.908,42.3392474,-71.0904381,20.697
6697,1755578368,1769617425261,11:23:45.261,42.3392474,-71.0904381,20.697
6698,1755840512,1769617425607,11:23:45.607,42.3392474,-71.0904381,20.697
6699,1756102656,1769617426013,11:23:46.013,42.3392474,-71.0904381,20.697
6700,1756364800,1769617426335,11:23:46.335,42.3392474,-71.0904381,20.697
6701,1756626944,1769617426696,11:23:46.696,42.3392474,-71.0904381,20.697
6702,1756889088,1769617427112,11:23:47.112,42.3392474,-71.0904381,20.697
6703,1757151232,1769617427600,11:23:47.600,42.3392474,-71.0904381,20.697
6704,1757413376,1769617428076,11:23:48.076,42.3392474,-71.0904381,20.697
6705,1757675520,1769617428673,11:23:48.673,42.3392474,-71.0904381,20.697
6706,1757937664,1769617429168,11:23:49.168,42.3392474,-71.0904381,20.697
6707,1758199808,1769617429801,11:23:49.801,42.3392474,-71.0904381,20.697
6708,1758461952,1769617430442,11:23:50.442,42.3392474,-71.0904381,20.697
6709,1758724096,1769617430896,11:23:50.896,42.3392474,-71.0904381,20.697
6710,1758986240,1769617431352,11:23:51.352,42.3392474,-71.0904381,20.697
6711,1759248384,1769617431751,11:23:51.751,42.3392474,-71.0904381,20.697
6712,1759510528,1769617432086,11:23:52.086,42.3392474,-71.0904381,20.697
6713,1759772672,1769617432436,11:23:52.436,42.3392474,-71.0904381,20.697
6714,1760034816,1769617432785,11:23:52.785,42.3392474,-71.0904381,20.697
6715,1760296960,1769617433136,11:23:53.136,42.3392474,-71.0904381,20.697
6716,1760559104,1769617433503,11:23:53.503,42.3392474,-71.0904381,20.697
6717,1760821248,1769617433937,11:23:53.937,42.3392474,-71.0904381,20.697
6718,1761083392,1769617434409,11:23:54.409,42.3392474,-71.0904381,20.697
6719,1761345536,1769617434938,11:23:54.938,42.3392474,-71.0904381,20.697
6720,1761607680,1769617435551,11:23:55.551,42.3392474,-71.0904381,20.697
6721,1761869824,1769617436104,11:23:56.104,42.3392474,-71.0904381,20.697
6722,1762131968,1769617436504,11:23:56.504,42.3392474,-71.0904381,20.697
6723,1762394112,1769617437075,11:23:57.075,42.3392474,-71.0904381,20.697
6724,1762656256,1769617437664,11:23:57.664,42.3392474,-71.0904381,20.697
6725,1762918400,1769617438287,11:23:58.287,42.3392474,-71.0904381,20.697
6726,1763180544,1769617438729,11:23:58.729,42.3392474,-71.0904381,20.697
6727,1763442688,1769617439103,11:23:59.103,42.3392474,-71.0904381,20.697
6728,1763704832,1769617442541,11:24:02.541,42.3392474,-71.0904381,20.697
6729,1763966976,1769617442814,11:24:02.814,42.3392474,-71.0904381,20.697
6730,1764229120,1769617443086,11:24:03.086,42.3392474,-71.0904381,20.697
6731,1764491264,1769617443366,11:24:03.366,42.3392474,-71.0904381,20.697
6732,1764753408,1769617443654,11:24:03.654,42.3392474,-71.0904381,20.697
6733,1765015552,1769617443937,11:24:03.937,42.3392474,-71.0904381,20.697
6734,1765277696,1769617444205,11:24:04.205,42.3392474,-71.0904381,20.697
6735,1765539840,1769617444451,11:24:04.451,42.3392474,-71.0904381,20.697
6736,1765801984,1769617444700,11:24:04.700,42.3392474,-71.0904381,20.697
6737,1766064128,1769617444933,11:24:04.933,42.3392474,-71.0904381,20.697
6738,1766326272,1769617445173,11:24:05.173,42.3392474,-71.0904381,20.697
6739,1766588416,1769617445422,11:24:05.422,42.3392474,-71.0904381,20.697
6740,1766850560,1769617445666,11:24:05.666,42.3392474,-71.0904381,20.697
6741,1767112704,1769617445929,11:24:05.929,42.3392474,-71.0904381,20.697
6742,1767374848,1769617446204,11:24:06.204,42.3392474,-71.0904381,20.697
6743,1767636992,1769617446755,11:24:06.755,42.3392474,-71.0904381,20.697
6744,1767899136,1769617447330,11:24:07.330,42.3392474,-71.0904381,20.697
6745,1768161280,1769617447973,11:24:07.973,42.3392474,-71.0904381,20.697
6746,1768423424,1769617448500,11:24:08.500,42.3392474,-71.0904381,20.697
6747,1768685568,1769617448980,11:24:08.980,42.3392474,-71.0904381,20.697
6748,1768947712,1769617449485,11:24:09.485,42.3392474,-71.0904381,20.697
6749,1769209856,1769617449993,11:24:09.993,42.3392474,-71.0904381,20.697
6750,1769472000,1769617450387,11:24:10.387,42.3392474,-71.0904381,20.697
6751,1769734144,1769617450754,11:24:10.754,42.3392474,-71.0904381,20.697
6752,1769996288,1769617451119,11:24:11.119,42.3392474,-71.0904381,20.697
6753,1770258432,1769617451454,11:24:11.454,42.3392474,-71.0904381,20.697
6754,1770520576,1769617452000,11:24:12.000,42.3392474,-71.0904381,20.697
6755,1770782720,1769617452494,11:24:12.494,42.3392474,-71.0904381,20.697
6756,1771044864,1769617452991,11:24:12.991,42.3392474,-71.0904381,20.697
6757,1771307008,1769617453535,11:24:13.535,42.3392474,-71.0904381,20.697
6758,1771569152,1769617454029,11:24:14.029,42.3392474,-71.0904381,20.697
6759,1771831296,1769617454426,11:24:14.426,42.3392474,-71.0904381,20.697
6760,1772093440,1769617454908,11:24:14.908,42.3392474,-71.0904381,20.697
6761,1772355584,1769617455392,11:24:15.392,42.3392474,-71.0904381,20.697
6762,1772617728,1769617455875,11:24:15.875,42.3392474,-71.0904381,20.697
6763,1772879872,1769617456339,11:24:16.339,42.3392474,-71.0904381,20.697
6764,1773142016,1769617456808,11:24:16.808,42.3392474,-71.0904381,20.697
6765,1773404160,1769617457259,11:24:17.259,42.3392474,-71.0904381,20.697
6766,1773666304,1769617457527,11:24:17.527,42.3392474,-71.0904381,20.697
6767,1773928448,1769617457954,11:24:17.954,42.3392474,-71.0904381,20.697
6768,1774190592,1769617458389,11:24:18.389,42.3392474,-71.0904381,20.697
6769,1774452736,1769617458834,11:24:18.834,42.3392474,-71.0904381,20.697
6770,1774714880,1769617459280,11:24:19.280,42.3392474,-71.0904381,20.697
6771,1774977024,1769617459754,11:24:19.754,42.3392474,-71.0904381,20.697
6772,1775239168,1769617460160,11:24:20.160,42.3392474,-71.0904381,20.697
6773,1775501312,1769617460510,11:24:20.510,42.3392474,-71.0904381,20.697
6774,1775763456,1769617460961,11:24:20.961,42.3392474,-71.0904381,20.697
6775,1776025600,1769617461421,11:24:21.421,42.3392474,-71.0904381,20.697
6776,1776287744,1769617461921,11:24:21.921,42.3392474,-71.0904381,20.697
6777,1776549888,1769617462406,11:24:22.406,42.3392474,-71.0904381,20.697
6778,1776812032,1769617462804,11:24:22.804,42.3392474,-71.0904381,20.697
6779,1777074176,1769617463163,11:24:23.163,42.3392474,-71.0904381,20.697
6780,1777336320,1769617463517,11:24:23.517,42.3392474,-71.0904381,20.697
6781,1777598464,1769617463887,11:24:23.887,42.3392474,-71.0904381,20.697
6782,1777860608,1769617464436,11:24:24.436,42.3392474,-71.0904381,20.697
6783,1778122752,1769617464883,11:24:24.883,42.3392474,-71.0904381,20.697
6784,1778384896,1769617465280,11:24:25.280,42.3392474,-71.0904381,20.697
6785,1778647040,1769617465691,11:24:25.691,42.3392474,-71.0904381,20.697
6786,1778909184,1769617466120,11:24:26.120,42.3392474,-71.0904381,20.697
6787,1779171328,1769617466582,11:24:26.582,42.3392474,-71.0904381,20.697
6788,1779433472,1769617466982,11:24:26.982,42.3392474,-71.0904381,20.697
6789,1779695616,1769617467345,11:24:27.345,42.3392474,-71.0904381,20.697
6790,1779957760,1769617467696,11:24:27.696,42.3392474,-71.0904381,20.697
6791,1780219904,1769617468190,11:24:28.190,42.3392474,-71.0904381,20.697
6792,1780482048,1769617468626,11:24:28.626,42.3392474,-71.0904381,20.697
6793,1780744192,1769617469055,11:24:29.055,42.3392474,-71.0904381,20.697
6794,1781006336,1769617469452,11:24:29.452,42.3392474,-71.0904381,20.697
6795,1781268480,1769617472777,11:24:32.777,42.3392474,-71.0904381,20.697
6796,1781530624,1769617473040,11:24:33.040,42.3392474,-71.0904381,20.697
6797,1781792768,1769617473283,11:24:33.283,42.3392474,-71.0904381,20.697
6798,1782054912,1769617473530,11:24:33.530,42.3392474,-71.0904381,20.697
6799,1782317056,1769617473786,11:24:33.786,42.3392474,-71.0904381,20.697
6800,1782579200,1769617474044,11:24:34.044,42.3392474,-71.0904381,20.697
6801,1782841344,1769617474306,11:24:34.306,42.3392474,-71.0904381,20.697
6802,1783103488,1769617474581,11:24:34.581,42.3392474,-71.0904381,20.697
6803,1783365632,1769617474847,11:24:34.847,42.3392474,-71.0904381,20.697
6804,1783627776,1769617475099,11:24:35.099,42.3392474,-71.0904381,20.697
6805,1783889920,1769617475362,11:24:35.362,42.3392474,-71.0904381,20.697
6806,1784152064,1769617475605,11:24:35.605,42.3392474,-71.0904381,20.697
6807,1784414208,1769617475845,11:24:35.845,42.3392474,-71.0904381,20.697
6808,1784676352,1769617476104,11:24:36.104,42.3392474,-71.0904381,20.697
6809,1784938496,1769617476352,11:24:36.352,42.3392474,-71.0904381,20.697
6810,1785200640,1769617476605,11:24:36.605,42.3392474,-71.0904381,20.697
6811,1785462784,1769617476861,11:24:36.861,42.3392474,-71.0904381,20.697
6812,1785724928,1769617477119,11:24:37.119,42.3392474,-71.0904381,20.697
6813,1785987072,1769617477397,11:24:37.397,42.3392474,-71.0904381,20.697
6814,1786249216,1769617477794,11:24:37.794,42.3392474,-71.0904381,20.697
6815,1786511360,1769617478158,11:24:38.158,42.3392474,-71.0904381,20.697
6816,1786773504,1769617478515,11:24:38.515,42.3392474,-71.0904381,20.697
6817,1787035648,1769617478861,11:24:38.861,42.3392474,-71.0904381,20.697
6818,1787297792,1769617479210,11:24:39.210,42.3392474,-71.0904381,20.697
6819,1787559936,1769617479559,11:24:39.559,42.3392474,-71.0904381,20.697
6820,1787822080,1769617480063,11:24:40.063,42.3392474,-71.0904381,20.697
6821,1788084224,1769617480495,11:24:40.495,42.3392474,-71.0904381,20.697
6822,1788346368,1769617480902,11:24:40.902,42.3392474,-71.0904381,20.697
6823,1788608512,1769617481352,11:24:41.352,42.3392474,-71.0904381,20.697
6824,1788870656,1769617481670,11:24:41.670,42.3392474,-71.0904381,20.697
6825,1789132800,1769617482098,11:24:42.098,42.3392474,-71.0904381,20.697
6826,1789394944,1769617482498,11:24:42.498,42.3392474,-71.0904381,20.697
6827,1789657088,1769617482917,11:24:42.917,42.3392474,-71.0904381,20.697
6828,1789919232,1769617483326,11:24:43.326,42.3392474,-71.0904381,20.697
6829,1790181376,1769617483755,11:24:43.755,42.3392474,-71.0904381,20.697
6830,1790443520,1769617484320,11:24:44.320,42.3392474,-71.0904381,20.697
6831,1790705664,1769617484731,11:24:44.731,42.3392474,-71.0904381,20.697
6832,1790967808,1769617485120,11:24:45.120,42.3392474,-71.0904381,20.697
6833,1791229952,1769617485559,11:24:45.559,42.3392474,-71.0904381,20.697
6834,1791492096,1769617486032,11:24:46.032,42.3392474,-71.0904381,20.697
6835,1791754240,1769617486520,11:24:46.520,42.3392474,-71.0904381,20.697
6836,1792016384,1769617487125,11:24:47.125,42.3392474,-71.0904381,20.697
6837,1792278528,1769617487769,11:24:47.769,42.3392474,-71.0904381,20.697
6838,1792540672,1769617488247,11:24:48.247,42.3392474,-71.0904381,20.697
6839,1792802816,1769617488527,11:24:48.527,42.3392474,-71.0904381,20.697
6840,1793064960,1769617489123,11:24:49.123,42.3392474,-71.0904381,20.697
6841,1793327104,1769617489671,11:24:49.671,42.3392474,-71.0904381,20.697
6842,1793589248,1769617490192,11:24:50.192,42.3392474,-71.0904381,20.697
6843,1793851392,1769617490741,11:24:50.741,42.3392474,-71.0904381,20.697
6844,1794113536,1769617491236,11:24:51.236,42.3392474,-71.0904381,20.697
6845,1794375680,1769617491890,11:24:51.890,42.3392474,-71.0904381,20.697
6846,1794637824,1769617492397,11:24:52.397,42.3392474,-71.0904381,20.697
6847,1794899968,1769617492962,11:24:52.962,42.3392474,-71.0904381,20.697
6848,1795162112,1769617493450,11:24:53.450,42.3392474,-71.0904381,20.697
6849,1795424256,1769617493845,11:24:53.845,42.3392474,-71.0904381,20.697
6850,1795686400,1769617494201,11:24:54.201,42.3392474,-71.0904381,20.697
6851,1795948544,1769617494551,11:24:54.551,42.3392474,-71.0904381,20.697
6852,1796210688,1769617494902,11:24:54.902,42.3392474,-71.0904381,20.697
6853,1796472832,1769617495255,11:24:55.255,42.3392474,-71.0904381,20.697
6854,1796734976,1769617495616,11:24:55.616,42.3392474,-71.0904381,20.697
6855,1796997120,1769617495993,11:24:55.993,42.3392474,-71.0904381,20.697
6856,1797259264,1769617496365,11:24:56.365,42.3392474,-71.0904381,20.697
6857,1797521408,1769617496776,11:24:56.776,42.3392474,-71.0904381,20.697
6858,1797783552,1769617497068,11:24:57.068,42.3392474,-71.0904381,20.697
6859,1798045696,1769617497501,11:24:57.501,42.3392474,-71.0904381,20.697
6860,1798307840,1769617497847,11:24:57.847,42.3392474,-71.0904381,20.697
6861,1798569984,1769617498197,11:24:58.197,42.3392474,-71.0904381,20.697
6862,1798832128,1769617498578,11:24:58.578,42.3392474,-71.0904381,20.697
6863,1799094272,1769617498901,11:24:58.901,42.3392474,-71.0904381,20.697
6864,1799356416,1769617499253,11:24:59.253,42.3392474,-71.0904381,20.697
6865,1799618560,1769617499604,11:24:59.604,42.3392474,-71.0904381,20.697
6866,1799880704,1769617503111,11:25:03.111,42.3392474,-71.0904381,20.697
6867,1800142848,1769617503384,11:25:03.384,42.3392474,-71.0904381,20.697
6868,1800404992,1769617503649,11:25:03.649,42.3392474,-71.0904381,20.697
6869,1800667136,1769617503914,11:25:03.914,42.3392474,-71.0904381,20.697
6870,1800929280,1769617504201,11:25:04.201,42.3392474,-71.0904381,20.697
6871,1801191424,1769617504471,11:25:04.471,42.3392474,-71.0904381,20.697
6872,1801453568,1769617504737,11:25:04.737,42.3392474,-71.0904381,20.697
6873,1801715712,1769617505011,11:25:05.011,42.3392474,-71.0904381,20.697
6874,1801977856,1769617505277,11:25:05.277,42.3392474,-71.0904381,20.697
6875,1802240000,1769617505527,11:25:05.527,42.3392474,-71.0904381,20.697
6876,1802502144,1769617505771,11:25:05.771,42.3392474,-71.0904381,20.697
6877,1802764288,1769617506018,11:25:06.018,42.3392474,-71.0904381,20.697
6878,1803026432,1769617506250,11:25:06.250,42.3392474,-71.0904381,20.697
6879,1803288576,1769617506498,11:25:06.498,42.3392474,-71.0904381,20.697
6880,1803550720,1769617506747,11:25:06.747,42.3392474,-71.0904381,20.697
6881,1803812864,1769617507005,11:25:07.005,42.3392474,-71.0904381,20.697
6882,1804075008,1769617507265,11:25:07.265,42.3392474,-71.0904381,20.697
6883,1804337152,1769617507534,11:25:07.534,42.3392474,-71.0904381,20.697
6884,1804599296,1769617507918,11:25:07.918,42.3392474,-71.0904381,20.697
6885,1804861440,1769617508440,11:25:08.440,42.3392474,-71.0904381,20.697
6886,1805123584,1769617508860,11:25:08.860,42.3392474,-71.0904381,20.697
6887,1805385728,1769617509140,11:25:09.140,42.3392474,-71.0904381,20.697
6888,1805647872,1769617509491,11:25:09.491,42.3392474,-71.0904381,20.697
6889,1805910016,1769617509843,11:25:09.843,42.3392474,-71.0904381,20.697
6890,1806172160,1769617510194,11:25:10.194,42.3392474,-71.0904381,20.697
6891,1806434304,1769617510553,11:25:10.553,42.3392474,-71.0904381,20.697
6892,1806696448,1769617510973,11:25:10.973,42.3392474,-71.0904381,20.697
6893,1806958592,1769617511381,11:25:11.381,42.3392474,-71.0904381,20.697
6894,1807220736,1769617511731,11:25:11.731,42.3392474,-71.0904381,20.697
6895,1807482880,1769617512081,11:25:12.081,42.3392474,-71.0904381,20.697
6896,1807745024,1769617512433,11:25:12.433,42.3392474,-71.0904381,20.697
6897,1808007168,1769617512784,11:25:12.784,42.3392474,-71.0904381,20.697
6898,1808269312,1769617513135,11:25:13.135,42.3392474,-71.0904381,20.697
6899,1808531456,1769617513506,11:25:13.506,42.3392474,-71.0904381,20.697
6900,1808793600,1769617513856,11:25:13.856,42.3392474,-71.0904381,20.697
6901,1809055744,1769617514204,11:25:14.204,42.3392474,-71.0904381,20.697
6902,1809317888,1769617514555,11:25:14.555,42.3392474,-71.0904381,20.697
6903,1809580032,1769617514908,11:25:14.908,42.3392474,-71.0904381,20.697
6904,1809842176,1769617515256,11:25:15.256,42.3392474,-71.0904381,20.697
6905,1810104320,1769617515607,11:25:15.607,42.3392474,-71.0904381,20.697
6906,1810366464,1769617515976,11:25:15.976,42.3392474,-71.0904381,20.697
6907,1810628608,1769617516344,11:25:16.344,42.3392474,-71.0904381,20.697
6908,1810890752,1769617516676,11:25:16.676,42.3392474,-71.0904381,20.697
6909,1811152896,1769617517026,11:25:17.026,42.3392474,-71.0904381,20.697
6910,1811415040,1769617517444,11:25:17.444,42.3392474,-71.0904381,20.697
6911,1811677184,1769617517980,11:25:17.980,42.3392474,-71.0904381,20.697
6912,1811939328,1769617518431,11:25:18.431,42.3392474,-71.0904381,20.697
6913,1812201472,1769617519016,11:25:19.016,42.3392474,-71.0904381,20.697
6914,1812463616,1769617519619,11:25:19.619,42.3392474,-71.0904381,20.697
6915,1812725760,1769617520169,11:25:20.169,42.3392474,-71.0904381,20.697
6916,1812987904,1769617520662,11:25:20.662,42.3392474,-71.0904381,20.697
6917,1813250048,1769617521240,11:25:21.240,42.3392474,-71.0904381,20.697
6918,1813512192,1769617521813,11:25:21.813,42.3392474,-71.0904381,20.697
6919,1813774336,1769617522358,11:25:22.358,42.3392474,-71.0904381,20.697
6920,1814036480,1769617523100,11:25:23.100,42.3392474,-71.0904381,20.697
6921,1814298624,1769617523597,11:25:23.597,42.3392474,-71.0904381,20.697
6922,1814560768,1769617524051,11:25:24.051,42.3392474,-71.0904381,20.697
6923,1814822912,1769617524490,11:25:24.490,42.3392474,-71.0904381,20.697
6924,1815085056,1769617524767,11:25:24.767,42.3392474,-71.0904381,20.697
6925,1815347200,1769617525224,11:25:25.224,42.3392474,-71.0904381,20.697
6926,1815609344,1769617525656,11:25:25.656,42.3392474,-71.0904381,20.697
6927,1815871488,1769617525921,11:25:25.921,42.3392474,-71.0904381,20.697
6928,1816133632,1769617526271,11:25:26.271,42.3392474,-71.0904381,20.697
6929,1816395776,1769617526622,11:25:26.622,42.3392474,-71.0904381,20.697
6930,1816657920,1769617526973,11:25:26.973,42.3392474,-71.0904381,20.697
6931,1816920064,1769617527323,11:25:27.323,42.3392474,-71.0904381,20.697
6932,1817182208,1769617527722,11:25:27.722,42.3392474,-71.0904381,20.697
6933,1817444352,1769617528137,11:25:28.137,42.3392474,-71.0904381,20.697
6934,1817706496,1769617528620,11:25:28.620,42.3392474,-71.0904381,20.697
6935,1817968640,1769617529052,11:25:29.052,42.3392474,-71.0904381,20.697
6936,1818230784,1769617529421,11:25:29.421,42.3392474,-71.0904381,20.697
6937,1818492928,1769617529912,11:25:29.912,42.3392474,-71.0904381,20.697
6938,1818755072,1769617530304,11:25:30.304,42.3392474,-71.0904381,20.697
6939,1819017216,1769617533663,11:25:33.663,42.3392474,-71.0904381,20.697
6940,1819279360,1769617533929,11:25:33.929,42.3392474,-71.0904381,20.697
6941,1819541504,1769617534166,11:25:34.166,42.3392474,-71.0904381,20.697
6942,1819803648,1769617534424,11:25:34.424,42.3392474,-71.0904381,20.697
6943,1820065792,1769617534680,11:25:34.680,42.3392474,-71.0904381,20.697
6944,1820327936,1769617534932,11:25:34.932,42.3392474,-71.0904381,20.697
6945,1820590080,1769617535207,11:25:35.207,42.3392474,-71.0904381,20.697
6946,1820852224,1769617535476,11:25:35.476,42.3392474,-71.0904381,20.697
6947,1821114368,1769617535721,11:25:35.721,42.3392474,-71.0904381,20.697
6948,1821376512,1769617535972,11:25:35.972,42.3392474,-71.0904381,20.697
6949,1821638656,1769617536211,11:25:36.211,42.3392474,-71.0904381,20.697
6950,1821900800,1769617536462,11:25:36.462,42.3392474,-71.0904381,20.697
6951,1822162944,1769617536708,11:25:36.708,42.3392474,-71.0904381,20.697
6952,1822425088,1769617536970,11:25:36.970,42.3392474,-71.0904381,20.697
6953,1822687232,1769617537224,11:25:37.224,42.3392474,-71.0904381,20.697
6954,1822949376,1769617537480,11:25:37.480,42.3392474,-71.0904381,20.697
6955,1823211520,1769617537725,11:25:37.725,42.3392474,-71.0904381,20.697
6956,1823473664,1769617537993,11:25:37.993,42.3392474,-71.0904381,20.697
6957,1823735808,1769617538248,11:25:38.248,42.3392474,-71.0904381,20.697
6958,1823997952,1769617538501,11:25:38.501,42.3392474,-71.0904381,20.697
6959,1824260096,1769617538757,11:25:38.757,42.3392474,-71.0904381,20.697
6960,1824522240,1769617538997,11:25:38.997,42.3392474,-71.0904381,20.697
6961,1824784384,1769617539255,11:25:39.255,42.3392474,-71.0904381,20.697
6962,1825046528,1769617539518,11:25:39.518,42.3392474,-71.0904381,20.697
6963,1825308672,1769617539779,11:25:39.779,42.3392474,-71.0904381,20.697
6964,1825570816,1769617540037,11:25:40.037,42.3392474,-71.0904381,20.697
6965,1825832960,1769617540524,11:25:40.524,42.3392474,-71.0904381,20.697
6966,1826095104,1769617541142,11:25:41.142,42.3392474,-71.0904381,20.697
6967,1826357248,1769617541694,11:25:41.694,42.3392474,-71.0904381,20.697
6968,1826619392,1769617542231,11:25:42.231,42.3392474,-71.0904381,20.697
6969,1826881536,1769617542604,11:25:42.604,42.3392474,-71.0904381,20.697
6970,1827143680,1769617543286,11:25:43.286,42.3392474,-71.0904381,20.697
6971,1827405824,1769617543878,11:25:43.878,42.3392474,-71.0904381,20.697
6972,1827667968,1769617544259,11:25:44.259,42.3392474,-71.0904381,20.697
6973,1827930112,1769617544838,11:25:44.838,42.3392474,-71.0904381,20.697
6974,1828192256,1769617545333,11:25:45.333,42.3392474,-71.0904381,20.697
6975,1828454400,1769617545806,11:25:45.806,42.3392474,-71.0904381,20.697
6976,1828716544,1769617546249,11:25:46.249,42.3392474,-71.0904381,20.697
6977,1828978688,1769617546677,11:25:46.677,42.3392474,-71.0904381,20.697
6978,1829240832,1769617547115,11:25:47.115,42.3392474,-71.0904381,20.697
6979,1829502976,1769617547677,11:25:47.677,42.3392474,-71.0904381,20.697
6980,1829765120,1769617548257,11:25:48.257,42.3392474,-71.0904381,20.697
6981,1830027264,1769617548823,11:25:48.823,42.3392474,-71.0904381,20.697
6982,1830289408,1769617549184,11:25:49.184,42.3392474,-71.0904381,20.697
6983,1830551552,1769617549653,11:25:49.653,42.3392474,-71.0904381,20.697
6984,1830813696,1769617550207,11:25:50.207,42.3392474,-71.0904381,20.697
6985,1831075840,1769617550675,11:25:50.675,42.3392474,-71.0904381,20.697
6986,1831337984,1769617551089,11:25:51.089,42.3392474,-71.0904381,20.697
6987,1831600128,1769617551484,11:25:51.484,42.3392474,-71.0904381,20.697
6988,1831862272,1769617551854,11:25:51.854,42.3392474,-71.0904381,20.697
6989,1832124416,1769617552337,11:25:52.337,42.3392474,-71.0904381,20.697
6990,1832386560,1769617552886,11:25:52.886,42.3392474,-71.0904381,20.697
6991,1832648704,1769617553305,11:25:53.305,42.3392474,-71.0904381,20.697
6992,1832910848,1769617553647,11:25:53.647,42.3392474,-71.0904381,20.697
6993,1833172992,1769617554133,11:25:54.133,42.3392474,-71.0904381,20.697
6994,1833435136,1769617554587,11:25:54.587,42.3392474,-71.0904381,20.697
6995,1833697280,1769617555097,11:25:55.097,42.3392474,-71.0904381,20.697
6996,1833959424,1769617555705,11:25:55.705,42.3392474,-71.0904381,20.697
6997,1834221568,1769617556202,11:25:56.202,42.3392474,-71.0904381,20.697
6998,1834483712,1769617556737,11:25:56.737,42.3392474,-71.0904381,20.697
6999,1834745856,1769617557310,11:25:57.310,42.3392474,-71.0904381,20.697
7000,1835008000,1769617558080,11:25:58.080,42.3392474,-71.0904381,20.697
7001,1835270144,1769617558551,11:25:58.551,42.3392474,-71.0904381,20.697
7002,1835532288,1769617558880,11:25:58.880,42.3392474,-71.0904381,20.697
7003,1835794432,1769617559237,11:25:59.237,42.3392474,-71.0904381,20.697
7004,1836056576,1769617559581,11:25:59.581,42.3392474,-71.0904381,20.697
7005,1836318720,1769617559933,11:25:59.933,42.3392474,-71.0904381,20.697
7006,1836580864,1769617560379,11:26:00.379,42.3392474,-71.0904381,20.697
7007,1836843008,1769617563821,11:26:03.821,42.3392474,-71.0904381,20.697
7008,1837105152,1769617564100,11:26:04.100,42.3392474,-71.0904381,20.697
7009,1837367296,1769617564359,11:26:04.359,42.3392474,-71.0904381,20.697
7010,1837629440,1769617564607,11:26:04.607,42.3392474,-71.0904381,20.697
7011,1837891584,1769617564863,11:26:04.863,42.3392474,-71.0904381,20.697
7012,1838153728,1769617565130,11:26:05.130,42.3392474,-71.0904381,20.697
7013,1838415872,1769617565381,11:26:05.381,42.3392474,-71.0904381,20.697
7014,1838678016,1769617565632,11:26:05.632,42.3392474,-71.0904381,20.697
7015,1838940160,1769617565875,11:26:05.875,42.3392474,-71.0904381,20.697
7016,1839202304,1769617566123,11:26:06.123,42.3392474,-71.0904381,20.697
7017,1839464448,1769617566385,11:26:06.385,42.3392474,-71.0904381,20.697
7018,1839726592,1769617566630,11:26:06.630,42.3392474,-71.0904381,20.697
7019,1839988736,1769617566880,11:26:06.880,42.3392474,-71.0904381,20.697
7020,1840250880,1769617567121,11:26:07.121,42.3392474,-71.0904381,20.697
7021,1840513024,1769617567365,11:26:07.365,42.3392474,-71.0904381,20.697
7022,1840775168,1769617567609,11:26:07.609,42.3392474,-71.0904381,20.697
7023,1841037312,1769617567861,11:26:07.861,42.3392474,-71.0904381,20.697
7024,1841299456,1769617568107,11:26:08.107,42.3392474,-71.0904381,20.697
7025,1841561600,1769617568369,11:26:08.369,42.3392474,-71.0904381,20.697
7026,1841823744,1769617568620,11:26:08.620,42.3392474,-71.0904381,20.697
7027,1842085888,1769617568861,11:26:08.861,42.3392474,-71.0904381,20.697
7028,1842348032,1769617569192,11:26:09.192,42.3392474,-71.0904381,20.697
7029,1842610176,1769617569543,11:26:09.543,42.3392474,-71.0904381,20.697
7030,1842872320,1769617570138,11:26:10.138,42.3392474,-71.0904381,20.697
7031,1843134464,1769617570593,11:26:10.593,42.3392474,-71.0904381,20.697
7032,1843396608,1769617570937,11:26:10.937,42.3392474,-71.0904381,20.697
7033,1843658752,1769617571319,11:26:11.319,42.3392474,-71.0904381,20.697
7034,1843920896,1769617571752,11:26:11.752,42.3392474,-71.0904381,20.697
7035,1844183040,1769617572140,11:26:12.140,42.3392474,-71.0904381,20.697
7036,1844445184,1769617572491,11:26:12.491,42.3392474,-71.0904381,20.697
7037,1844707328,1769617572881,11:26:12.881,42.3392474,-71.0904381,20.697
7038,1844969472,1769617573191,11:26:13.191,42.3392474,-71.0904381,20.697
7039,1845231616,1769617573561,11:26:13.561,42.3392474,-71.0904381,20.697
7040,1845493760,1769617574026,11:26:14.026,42.3392474,-71.0904381,20.697
7041,1845755904,1769617574561,11:26:14.561,42.3392474,-71.0904381,20.697
7042,1846018048,1769617575211,11:26:15.211,42.3392474,-71.0904381,20.697
7043,1846280192,1769617575877,11:26:15.877,42.3392474,-71.0904381,20.697
7044,1846542336,1769617576488,11:26:16.488,42.3392474,-71.0904381,20.697
7045,1846804480,1769617577129,11:26:17.129,42.3392474,-71.0904381,20.697
7046,1847066624,1769617577759,11:26:17.759,42.3392474,-71.0904381,20.697
7047,1847328768,1769617578221,11:26:18.221,42.3392474,-71.0904381,20.697
7048,1847590912,1769617578659,11:26:18.659,42.3392474,-71.0904381,20.697
7049,1847853056,1769617579095,11:26:19.095,42.3392474,-71.0904381,20.697
7050,1848115200,1769617579380,11:26:19.380,42.3392474,-71.0904381,20.697
7051,1848377344,1769617579735,11:26:19.735,42.3392474,-71.0904381,20.697
7052,1848639488,1769617580085,11:26:20.085,42.3392474,-71.0904381,20.697
7053,1848901632,1769617580435,11:26:20.435,42.3392474,-71.0904381,20.697
7054,1849163776,1769617580785,11:26:20.785,42.3392474,-71.0904381,20.697
7055,1849425920,1769617581135,11:26:21.135,42.3392474,-71.0904381,20.697
7056,1849688064,1769617581488,11:26:21.488,42.3392474,-71.0904381,20.697
7057,1849950208,1769617581881,11:26:21.881,42.3392474,-71.0904381,20.697
7058,1850212352,1769617582231,11:26:22.231,42.3392474,-71.0904381,20.697
7059,1850474496,1769617582583,11:26:22.583,42.3392474,-71.0904381,20.697
7060,1850736640,1769617582947,11:26:22.947,42.3392474,-71.0904381,20.697
7061,1850998784,1769617583287,11:26:23.287,42.3392474,-71.0904381,20.697
7062,1851260928,1769617583678,11:26:23.678,42.3392474,-71.0904381,20.697
7063,1851523072,1769617584028,11:26:24.028,42.3392474,-71.0904381,20.697
7064,1851785216,1769617584378,11:26:24.378,42.3392474,-71.0904381,20.697
7065,1852047360,1769617584727,11:26:24.727,42.3392474,-71.0904381,20.697
7066,1852309504,1769617585080,11:26:25.080,42.3392474,-71.0904381,20.697
7067,1852571648,1769617585431,11:26:25.431,42.3392474,-71.0904381,20.697
7068,1852833792,1769617585780,11:26:25.780,42.3392474,-71.0904381,20.697
7069,1853095936,1769617586131,11:26:26.131,42.3392474,-71.0904381,20.697
7070,1853358080,1769617586482,11:26:26.482,42.3392474,-71.0904381,20.697
7071,1853620224,1769617586837,11:26:26.837,42.3392474,-71.0904381,20.697
7072,1853882368,1769617587183,11:26:27.183,42.3392474,-71.0904381,20.697
7073,1854144512,1769617587541,11:26:27.541,42.3392474,-71.0904381,20.697
7074,1854406656,1769617587940,11:26:27.940,42.3392474,-71.0904381,20.697
7075,1854668800,1769617588381,11:26:28.381,42.3392474,-71.0904381,20.697
7076,1854930944,1769617588864,11:26:28.864,42.3392474,-71.0904381,20.697
7077,1855193088,1769617589426,11:26:29.426,42.3392474,-71.0904381,20.697
7078,1855455232,1769617589900,11:26:29.900,42.3392474,-71.0904381,20.697
7079,1855717376,1769617590370,11:26:30.370,42.3392474,-71.0904381,20.697
7080,1855979520,1769617593716,11:26:33.716,42.3392474,-71.0904381,20.697
7081,1856241664,1769617593970,11:26:33.970,42.3392474,-71.0904381,20.697
7082,1856503808,1769617594201,11:26:34.201,42.3392474,-71.0904381,20.697
7083,1856765952,1769617594445,11:26:34.445,42.3392474,-71.0904381,20.697
7084,1857028096,1769617594681,11:26:34.681,42.3392474,-71.0904381,20.697
7085,1857290240,1769617594922,11:26:34.922,42.3392474,-71.0904381,20.697
7086,1857552384,1769617595177,11:26:35.177,42.3392474,-71.0904381,20.697
7087,1857814528,1769617595415,11:26:35.415,42.3392474,-71.0904381,20.697
7088,1858076672,1769617595689,11:26:35.689,42.3392474,-71.0904381,20.697
7089,1858338816,1769617595937,11:26:35.937,42.3392474,-71.0904381,20.697
7090,1858600960,1769617596196,11:26:36.196,42.3392474,-71.0904381,20.697
7091,1858863104,1769617596446,11:26:36.446,42.3392474,-71.0904381,20.697
7092,1859125248,1769617596700,11:26:36.700,42.3392474,-71.0904381,20.697
7093,1859387392,1769617596960,11:26:36.960,42.3392474,-71.0904381,20.697
7094,1859649536,1769617597190,11:26:37.190,42.3392474,-71.0904381,20.697
7095,1859911680,1769617597439,11:26:37.439,42.3392474,-71.0904381,20.697
7096,1860173824,1769617597805,11:26:37.805,42.3392474,-71.0904381,20.697
7097,1860435968,1769617598155,11:26:38.155,42.3392474,-71.0904381,20.697
7098,1860698112,1769617598526,11:26:38.526,42.3392474,-71.0904381,20.697
7099,1860960256,1769617598875,11:26:38.875,42.3392474,-71.0904381,20.697
7100,1861222400,1769617599225,11:26:39.225,42.3392474,-71.0904381,20.697
7101,1861484544,1769617599782,11:26:39.782,42.3392474,-71.0904381,20.697
7102,1861746688,1769617600218,11:26:40.218,42.3392474,-71.0904381,20.697
7103,1862008832,1769617600571,11:26:40.571,42.3392474,-71.0904381,20.697
7104,1862270976,1769617600940,11:26:40.940,42.3392474,-71.0904381,20.697
7105,1862533120,1769617601293,11:26:41.293,42.3392474,-71.0904381,20.697
7106,1862795264,1769617601744,11:26:41.744,42.3392474,-71.0904381,20.697
7107,1863057408,1769617602131,11:26:42.131,42.3392474,-71.0904381,20.697
7108,1863319552,1769617602569,11:26:42.569,42.3392474,-71.0904381,20.697
7109,1863581696,1769617602943,11:26:42.943,42.3392474,-71.0904381,20.697
7110,1863843840,1769617603329,11:26:43.329,42.3392474,-71.0904381,20.697
7111,1864105984,1769617603801,11:26:43.801,42.3392474,-71.0904381,20.697
7112,1864368128,1769617604259,11:26:44.259,42.3392474,-71.0904381,20.697
7113,1864630272,1769617604680,11:26:44.680,42.3392474,-71.0904381,20.697
7114,1864892416,1769617605083,11:26:45.083,42.3392474,-71.0904381,20.697
7115,1865154560,1769617605436,11:26:45.436,42.3392474,-71.0904381,20.697
7116,1865416704,1769617605807,11:26:45.807,42.3392474,-71.0904381,20.697
7117,1865678848,1769617606202,11:26:46.202,42.3392474,-71.0904381,20.697
7118,1865940992,1769617606577,11:26:46.577,42.3392474,-71.0904381,20.697
7119,1866203136,1769617606903,11:26:46.903,42.3392474,-71.0904381,20.697
7120,1866465280,1769617607253,11:26:47.253,42.3392474,-71.0904381,20.697
7121,1866727424,1769617607606,11:26:47.606,42.3392474,-71.0904381,20.697
7122,1866989568,1769617608024,11:26:48.024,42.3392474,-71.0904381,20.697
7123,1867251712,1769617608308,11:26:48.308,42.3392474,-71.0904381,20.697
7124,1867513856,1769617608670,11:26:48.670,42.3392474,-71.0904381,20.697
7125,1867776000,1769617609062,11:26:49.062,42.3392474,-71.0904381,20.697
7126,1868038144,1769617609371,11:26:49.371,42.3392474,-71.0904381,20.697
7127,1868300288,1769617609774,11:26:49.774,42.3392474,-71.0904381,20.697
7128,1868562432,1769617610196,11:26:50.196,42.3392474,-71.0904381,20.697
7129,1868824576,1769617610474,11:26:50.474,42.3392474,-71.0904381,20.697
7130,1869086720,1769617610823,11:26:50.823,42.3392474,-71.0904381,20.697
7131,1869348864,1769617611193,11:26:51.193,42.3392474,-71.0904381,20.697
7132,1869611008,1769617611525,11:26:51.525,42.3392474,-71.0904381,20.697
7133,1869873152,1769617611891,11:26:51.891,42.3392474,-71.0904381,20.697
7134,1870135296,1769617612224,11:26:52.224,42.3392474,-71.0904381,20.697
7135,1870397440,1769617612601,11:26:52.601,42.3392474,-71.0904381,20.697
7136,1870659584,1769617612925,11:26:52.925,42.3392474,-71.0904381,20.697
7137,1870921728,1769617613284,11:26:53.284,42.3392474,-71.0904381,20.697
7138,1871183872,1769617613675,11:26:53.675,42.3392474,-71.0904381,20.697
7139,1871446016,1769617614254,11:26:54.254,42.3392474,-71.0904381,20.697
7140,1871708160,1769617614810,11:26:54.810,42.3392474,-71.0904381,20.697
7141,1871970304,1769617615255,11:26:55.255,42.3392474,-71.0904381,20.697
7142,1872232448,1769617615751,11:26:55.751,42.3392474,-71.0904381,20.697
7143,1872494592,1769617616255,11:26:56.255,42.3392474,-71.0904381,20.697
7144,1872756736,1769617616732,11:26:56.732,42.3392474,-71.0904381,20.697
7145,1873018880,1769617617181,11:26:57.181,42.3392474,-71.0904381,20.697
7146,1873281024,1769617617801,11:26:57.801,42.3392474,-71.0904381,20.697
7147,1873543168,1769617618310,11:26:58.310,42.3392474,-71.0904381,20.697
7148,1873805312,1769617618792,11:26:58.792,42.3392474,-71.0904381,20.697
7149,1874067456,1769617619197,11:26:59.197,42.3392474,-71.0904381,20.697
7150,1874329600,1769617619488,11:26:59.488,42.3392474,-71.0904381,20.697
7151,1874591744,1769617620011,11:27:00.011,42.3392474,-71.0904381,20.697
7152,1874853888,1769617620511,11:27:00.511,42.3392474,-71.0904381,20.697
7153,1875116032,1769617620956,11:27:00.956,42.3392474,-71.0904381,20.697
7154,1875378176,1769617624267,11:27:04.267,42.3392474,-71.0904381,20.697
7155,1875640320,1769617624536,11:27:04.536,42.3392474,-71.0904381,20.697
7156,1875902464,1769617624804,11:27:04.804,42.3392474,-71.0904381,20.697
7157,1876164608,1769617625043,11:27:05.043,42.3392474,-71.0904381,20.697
7158,1876426752,1769617625305,11:27:05.305,42.3392474,-71.0904381,20.697
7159,1876688896,1769617625561,11:27:05.561,42.3392474,-71.0904381,20.697
7160,1876951040,1769617625825,11:27:05.825,42.3392474,-71.0904381,20.697
7161,1877213184,1769617626073,11:27:06.073,42.3392474,-71.0904381,20.697
7162,1877475328,1769617626337,11:27:06.337,42.3392474,-71.0904381,20.697
7163,1877737472,1769617626591,11:27:06.591,42.3392474,-71.0904381,20.697
7164,1877999616,1769617626842,11:27:06.842,42.3392474,-71.0904381,20.697
7165,1878261760,1769617627093,11:27:07.093,42.3392474,-71.0904381,20.697
7166,1878523904,1769617627463,11:27:07.463,42.3392474,-71.0904381,20.697
7167,1878786048,1769617628129,11:27:08.129,42.3392474,-71.0904381,20.697
7168,1879048192,1769617628573,11:27:08.573,42.3392474,-71.0904381,20.697
7169,1879310336,1769617628837,11:27:08.837,42.3392474,-71.0904381,20.697
7170,1879572480,1769617629176,11:27:09.176,42.3392474,-71.0904381,20.697
7171,1879834624,1769617629540,11:27:09.540,42.3392474,-71.0904381,20.697
7172,1880096768,1769617629924,11:27:09.924,42.3392474,-71.0904381,20.697
7173,1880358912,1769617630343,11:27:10.343,42.3392474,-71.0904381,20.697
7174,1880621056,1769617630693,11:27:10.693,42.3392474,-71.0904381,20.697
7175,1880883200,1769617631042,11:27:11.042,42.3392474,-71.0904381,20.697
7176,1881145344,1769617631488,11:27:11.488,42.3392474,-71.0904381,20.697
7177,1881407488,1769617631887,11:27:11.887,42.3392474,-71.0904381,20.697
7178,1881669632,1769617632240,11:27:12.240,42.3392474,-71.0904381,20.697
7179,1881931776,1769617632591,11:27:12.591,42.3392474,-71.0904381,20.697
7180,1882193920,1769617632943,11:27:12.943,42.3392474,-71.0904381,20.697
7181,1882456064,1769617633309,11:27:13.309,42.3392474,-71.0904381,20.697
7182,1882718208,1769617633651,11:27:13.651,42.3392474,-71.0904381,20.697
7183,1882980352,1769617634011,11:27:14.011,42.3392474,-71.0904381,20.697
7184,1883242496,1769617634351,11:27:14.351,42.3392474,-71.0904381,20.697
7185,1883504640,1769617634736,11:27:14.736,42.3392474,-71.0904381,20.697
7186,1883766784,1769617635063,11:27:15.063,42.3392474,-71.0904381,20.697
7187,1884028928,1769617635419,11:27:15.419,42.3392474,-71.0904381,20.697
7188,1884291072,1769617635775,11:27:15.775,42.3392474,-71.0904381,20.697
7189,1884553216,1769617636143,11:27:16.143,42.3392474,-71.0904381,20.697
7190,1884815360,1769617636475,11:27:16.475,42.3392474,-71.0904381,20.697
7191,1885077504,1769617636829,11:27:16.829,42.3392474,-71.0904381,20.697
7192,1885339648,1769617637176,11:27:17.176,42.3392474,-71.0904381,20.697
7193,1885601792,1769617637527,11:27:17.527,42.3392474,-71.0904381,20.697
7194,1885863936,1769617637949,11:27:17.949,42.3392474,-71.0904381,20.697
7195,1886126080,1769617638340,11:27:18.340,42.3392474,-71.0904381,20.697
7196,1886388224,1769617638716,11:27:18.716,42.3392474,-71.0904381,20.697
7197,1886650368,1769617639025,11:27:19.025,42.3392474,-71.0904381,20.697
7198,1886912512,1769617639405,11:27:19.405,42.3392474,-71.0904381,20.697
7199,1887174656,1769617639816,11:27:19.816,42.3392474,-71.0904381,20.697
7200,1887436800,1769617640352,11:27:20.352,42.3392474,-71.0904381,20.697
7201,1887698944,1769617640812,11:27:20.812,42.3392474,-71.0904381,20.697
7202,1887961088,1769617641097,11:27:21.097,42.3392474,-71.0904381,20.697
7203,1888223232,1769617641565,11:27:21.565,42.3392474,-71.0904381,20.697
7204,1888485376,1769617642163,11:27:22.163,42.3392474,-71.0904381,20.697
7205,1888747520,1769617642716,11:27:22.716,42.3392474,-71.0904381,20.697
7206,1889009664,1769617643196,11:27:23.196,42.3392474,-71.0904381,20.697
7207,1889271808,1769617643700,11:27:23.700,42.3392474,-71.0904381,20.697
7208,1889533952,1769617644248,11:27:24.248,42.3392474,-71.0904381,20.697
7209,1889796096,1769617644775,11:27:24.775,42.3392474,-71.0904381,20.697
7210,1890058240,1769617645425,11:27:25.425,42.3392474,-71.0904381,20.697
7211,1890320384,1769617646097,11:27:26.097,42.3392474,-71.0904381,20.697
7212,1890582528,1769617646499,11:27:26.499,42.3392474,-71.0904381,20.697
7213,1890844672,1769617646850,11:27:26.850,42.3392474,-71.0904381,20.697
7214,1891106816,1769617647211,11:27:27.211,42.3392474,-71.0904381,20.697
7215,1891368960,1769617647773,11:27:27.773,42.3392474,-71.0904381,20.697
7216,1891631104,1769617648430,11:27:28.430,42.3392474,-71.0904381,20.697
7217,1891893248,1769617648802,11:27:28.802,42.3392474,-71.0904381,20.697
7218,1892155392,1769617649121,11:27:29.121,42.3392474,-71.0904381,20.697
7219,1892417536,1769617649474,11:27:29.474,42.3392474,-71.0904381,20.697
7220,1892679680,1769617649825,11:27:29.825,42.3392474,-71.0904381,20.697
7221,1892941824,1769617650222,11:27:30.222,42.3392474,-71.0904381,20.697
7222,1893203968,1769617650623,11:27:30.623,42.3392474,-71.0904381,20.697
7223,1893466112,1769617650986,11:27:30.986,42.3392474,-71.0904381,20.697
7224,1893728256,1769617651337,11:27:31.337,42.3392474,-71.0904381,20.697
7225,1893990400,1769617651702,11:27:31.702,42.3392474,-71.0904381,20.697
7226,1894252544,1769617652108,11:27:32.108,42.3392474,-71.0904381,20.697
7227,1894514688,1769617655215,11:27:35.215,42.3392474,-71.0904381,20.697
7228,1894776832,1769617655458,11:27:35.458,42.3392474,-71.0904381,20.697
7229,1895038976,1769617655723,11:27:35.723,42.3392474,-71.0904381,20.697
7230,1895301120,1769617655975,11:27:35.975,42.3392474,-71.0904381,20.697
7231,1895563264,1769617656218,11:27:36.218,42.3392474,-71.0904381,20.697
7232,1895825408,1769617656455,11:27:36.455,42.3392474,-71.0904381,20.697
7233,1896087552,1769617656713,11:27:36.713,42.3392474,-71.0904381,20.697
7234,1896349696,1769617656965,11:27:36.965,42.3392474,-71.0904381,20.697
7235,1896611840,1769617657212,11:27:37.212,42.3392474,-71.0904381,20.697
7236,1896873984,1769617657477,11:27:37.477,42.3392474,-71.0904381,20.697
7237,1897136128,1769617657728,11:27:37.728,42.3392474,-71.0904381,20.697
7238,1897398272,1769617657981,11:27:37.981,42.3392474,-71.0904381,20.697
7239,1897660416,1769617658230,11:27:38.230,42.3392474,-71.0904381,20.697
7240,1897922560,1769617658491,11:27:38.491,42.3392474,-71.0904381,20.697
7241,1898184704,1769617658758,11:27:38.758,42.3392474,-71.0904381,20.697
7242,1898446848,1769617659019,11:27:39.019,42.3392474,-71.0904381,20.697
7243,1898708992,1769617659278,11:27:39.278,42.3392474,-71.0904381,20.697
7244,1898971136,1769617659535,11:27:39.535,42.3392474,-71.0904381,20.697
7245,1899233280,1769617659788,11:27:39.788,42.3392474,-71.0904381,20.697
7246,1899495424,1769617660040,11:27:40.040,42.3392474,-71.0904381,20.697
7247,1899757568,1769617660371,11:27:40.371,42.3392474,-71.0904381,20.697
7248,1900019712,1769617660780,11:27:40.780,42.3392474,-71.0904381,20.697
7249,1900281856,1769617661109,11:27:41.109,42.3392474,-71.0904381,20.697
7250,1900544000,1769617661499,11:27:41.499,42.3392474,-71.0904381,20.697
7251,1900806144,1769617661953,11:27:41.953,42.3392474,-71.0904381,20.697
7252,1901068288,1769617662399,11:27:42.399,42.3392474,-71.0904381,20.697
7253,1901330432,1769617662812,11:27:42.812,42.3392474,-71.0904381,20.697
7254,1901592576,1769617663235,11:27:43.235,42.3392474,-71.0904381,20.697
7255,1901854720,1769617663686,11:27:43.686,42.3392474,-71.0904381,20.697
7256,1902116864,1769617664007,11:27:44.007,42.3392474,-71.0904381,20.697
7257,1902379008,1769617664422,11:27:44.422,42.3392474,-71.0904381,20.697
7258,1902641152,1769617664714,11:27:44.714,42.3392474,-71.0904381,20.697
7259,1902903296,1769617665085,11:27:45.085,42.3392474,-71.0904381,20.697
7260,1903165440,1769617665506,11:27:45.506,42.3392474,-71.0904381,20.697
7261,1903427584,1769617665889,11:27:45.889,42.3392474,-71.0904381,20.697
7262,1903689728,1769617666210,11:27:46.210,42.3392474,-71.0904381,20.697
7263,1903951872,1769617666561,11:27:46.561,42.3392474,-71.0904381,20.697
7264,1904214016,1769617666916,11:27:46.916,42.3392474,-71.0904381,20.697
7265,1904476160,1769617667260,11:27:47.260,42.3392474,-71.0904381,20.697
7266,1904738304,1769617667614,11:27:47.614,42.3392474,-71.0904381,20.697
7267,1905000448,1769617668127,11:27:48.127,42.3392474,-71.0904381,20.697
7268,1905262592,1769617668575,11:27:48.575,42.3392474,-71.0904381,20.697
7269,1905524736,1769617669127,11:27:49.127,42.3392474,-71.0904381,20.697
7270,1905786880,1769617669598,11:27:49.598,42.3392474,-71.0904381,20.697
7271,1906049024,1769617670107,11:27:50.107,42.3392474,-71.0904381,20.697
7272,1906311168,1769617670560,11:27:50.560,42.3392474,-71.0904381,20.697
7273,1906573312,1769617670980,11:27:50.980,42.3392474,-71.0904381,20.697
7274,1906835456,1769617671512,11:27:51.512,42.3392474,-71.0904381,20.697
7275,1907097600,1769617672088,11:27:52.088,42.3392474,-71.0904381,20.697
7276,1907359744,1769617672564,11:27:52.564,42.3392474,-71.0904381,20.697
7277,1907621888,1769617672838,11:27:52.838,42.3392474,-71.0904381,20.697
7278,1907884032,1769617673187,11:27:53.187,42.3392474,-71.0904381,20.697
7279,1908146176,1769617673607,11:27:53.607,42.3392474,-71.0904381,20.697
7280,1908408320,1769617674067,11:27:54.067,42.3392474,-71.0904381,20.697
7281,1908670464,1769617674569,11:27:54.569,42.3392474,-71.0904381,20.697
7282,1908932608,1769617675005,11:27:55.005,42.3392474,-71.0904381,20.697
7283,1909194752,1769617675358,11:27:55.358,42.3392474,-71.0904381,20.697
7284,1909456896,1769617675730,11:27:55.730,42.3392474,-71.0904381,20.697
7285,1909719040,1769617676207,11:27:56.207,42.3392474,-71.0904381,20.697
7286,1909981184,1769617676691,11:27:56.691,42.3392474,-71.0904381,20.697
7287,1910243328,1769617677220,11:27:57.220,42.3392474,-71.0904381,20.697
7288,1910505472,1769617677718,11:27:57.718,42.3392474,-71.0904381,20.697
7289,1910767616,1769617678264,11:27:58.264,42.3392474,-71.0904381,20.697
7290,1911029760,1769617678682,11:27:58.682,42.3392474,-71.0904381,20.697
7291,1911291904,1769617678952,11:27:58.952,42.3392474,-71.0904381,20.697
7292,1911554048,1769617679302,11:27:59.302,42.3392474,-71.0904381,20.697
7293,1911816192,1769617679652,11:27:59.652,42.3392474,-71.0904381,20.697
7294,1912078336,1769617680132,11:28:00.132,42.3392474,-71.0904381,20.697
7295,1912340480,1769617680541,11:28:00.541,42.3392474,-71.0904381,20.697
7296,1912602624,1769617680898,11:28:00.898,42.3392474,-71.0904381,20.697
7297,1912864768,1769617681381,11:28:01.381,42.3392474,-71.0904381,20.697
7298,1913126912,1769617681733,11:28:01.733,42.3392474,-71.0904381,20.697
7299,1913389056,1769617682085,11:28:02.085,42.3392474,-71.0904381,20.697
7300,1913651200,1769617682434,11:28:02.434,42.3392474,-71.0904381,20.697
7301,1913913344,1769617684929,11:28:04.929,42.3392474,-71.0904381,20.697
7302,1914175488,1769617685199,11:28:05.199,42.3392474,-71.0904381,20.697
7303,1914437632,1769617685461,11:28:05.461,42.3392474,-71.0904381,20.697
7304,1914699776,1769617685742,11:28:05.742,42.3392474,-71.0904381,20.697
7305,1914961920,1769617686015,11:28:06.015,42.3392474,-71.0904381,20.697
7306,1915224064,1769617686271,11:28:06.271,42.3392474,-71.0904381,20.697
7307,1915486208,1769617686551,11:28:06.551,42.3392474,-71.0904381,20.697
7308,1915748352,1769617686831,11:28:06.831,42.3392474,-71.0904381,20.697
7309,1916010496,1769617687089,11:28:07.089,42.3392474,-71.0904381,20.697
7310,1916272640,1769617687330,11:28:07.330,42.3392474,-71.0904381,20.697
7311,1916534784,1769617687592,11:28:07.592,42.3392474,-71.0904381,20.697
7312,1916796928,1769617687870,11:28:07.870,42.3392474,-71.0904381,20.697
7313,1917059072,1769617688130,11:28:08.130,42.3392474,-71.0904381,20.697
7314,1917321216,1769617688373,11:28:08.373,42.3392474,-71.0904381,20.697
7315,1917583360,1769617688937,11:28:08.937,42.3392474,-71.0904381,20.697
7316,1917845504,1769617689703,11:28:09.703,42.3392474,-71.0904381,20.697
7317,1918107648,1769617690186,11:28:10.186,42.3392474,-71.0904381,20.697
7318,1918369792,1769617690460,11:28:10.460,42.3392474,-71.0904381,20.697
7319,1918631936,1769617690927,11:28:10.927,42.3392474,-71.0904381,20.697
7320,1918894080,1769617691497,11:28:11.497,42.3392474,-71.0904381,20.697
7321,1919156224,1769617692173,11:28:12.173,42.3392474,-71.0904381,20.697
7322,1919418368,1769617692654,11:28:12.654,42.3392474,-71.0904381,20.697
7323,1919680512,1769617693100,11:28:13.100,42.3392474,-71.0904381,20.697
7324,1919942656,1769617693611,11:28:13.611,42.3392474,-71.0904381,20.697
7325,1920204800,1769617694065,11:28:14.065,42.3392474,-71.0904381,20.697
7326,1920466944,1769617694310,11:28:14.310,42.3392474,-71.0904381,20.697
7327,1920729088,1769617694660,11:28:14.660,42.3392474,-71.0904381,20.697
7328,1920991232,1769617695040,11:28:15.040,42.3392474,-71.0904381,20.697
7329,1921253376,1769617695361,11:28:15.361,42.3392474,-71.0904381,20.697
7330,1921515520,1769617695717,11:28:15.717,42.3392474,-71.0904381,20.697
7331,1921777664,1769617696067,11:28:16.067,42.3392474,-71.0904381,20.697
7332,1922039808,1769617696460,11:28:16.460,42.3392474,-71.0904381,20.697
7333,1922301952,1769617696767,11:28:16.767,42.3392474,-71.0904381,20.697
7334,1922564096,1769617697118,11:28:17.118,42.3392474,-71.0904381,20.697
7335,1922826240,1769617697483,11:28:17.483,42.3392474,-71.0904381,20.697
7336,1923088384,1769617697958,11:28:17.958,42.3392474,-71.0904381,20.697
7337,1923350528,1769617698396,11:28:18.396,42.3392474,-71.0904381,20.697
7338,1923612672,1769617698758,11:28:18.758,42.3392474,-71.0904381,20.697
7339,1923874816,1769617699148,11:28:19.148,42.3392474,-71.0904381,20.697
7340,1924136960,1769617699468,11:28:19.468,42.3392474,-71.0904381,20.697
7341,1924399104,1769617699819,11:28:19.819,42.3392474,-71.0904381,20.697
7342,1924661248,1769617700220,11:28:20.220,42.3392474,-71.0904381,20.697
7343,1924923392,1769617700575,11:28:20.575,42.3392474,-71.0904381,20.697
7344,1925185536,1769617700928,11:28:20.928,42.3392474,-71.0904381,20.697
7345,1925447680,1769617701342,11:28:21.342,42.3392474,-71.0904381,20.697
7346,1925709824,1769617701724,11:28:21.724,42.3392474,-71.0904381,20.697
7347,1925971968,1769617702047,11:28:22.047,42.3392474,-71.0904381,20.697
7348,1926234112,1769617702396,11:28:22.396,42.3392474,-71.0904381,20.697
7349,1926496256,1769617702749,11:28:22.749,42.3392474,-71.0904381,20.697
7350,1926758400,1769617703102,11:28:23.102,42.3392474,-71.0904381,20.697
7351,1927020544,1769617703498,11:28:23.498,42.3392474,-71.0904381,20.697
7352,1927282688,1769617703847,11:28:23.847,42.3392474,-71.0904381,20.697
7353,1927544832,1769617704285,11:28:24.285,42.3392474,-71.0904381,20.697
7354,1927806976,1769617704587,11:28:24.587,42.3392474,-71.0904381,20.697
7355,1928069120,1769617704937,11:28:24.937,42.3392474,-71.0904381,20.697
7356,1928331264,1769617705370,11:28:25.370,42.3392474,-71.0904381,20.697
7357,1928593408,1769617705900,11:28:25.900,42.3392474,-71.0904381,20.697
7358,1928855552,1769617706522,11:28:26.522,42.3392474,-71.0904381,20.697
7359,1929117696,1769617706994,11:28:26.994,42.3392474,-71.0904381,20.697
7360,1929379840,1769617707395,11:28:27.395,42.3392474,-71.0904381,20.697
7361,1929641984,1769617707819,11:28:27.819,42.3392474,-71.0904381,20.697
7362,1929904128,1769617708183,11:28:28.183,42.3392474,-71.0904381,20.697
7363,1930166272,1769617708827,11:28:28.827,42.3392474,-71.0904381,20.697
7364,1930428416,1769617709507,11:28:29.507,42.3392474,-71.0904381,20.697
7365,1930690560,1769617710201,11:28:30.201,42.3392474,-71.0904381,20.697
7366,1930952704,1769617710806,11:28:30.806,42.3392474,-71.0904381,20.697
7367,1931214848,1769617711523,11:28:31.523,42.3392474,-71.0904381,20.697
7368,1931476992,1769617712276,11:28:32.276,42.3392474,-71.0904381,20.697
7369,1931739136,1769617712750,11:28:32.750,42.3392474,-71.0904381,20.697
7370,1932001280,1769617715131,11:28:35.131,42.3392474,-71.0904381,20.697
7371,1932263424,1769617715409,11:28:35.409,42.3392474,-71.0904381,20.697
7372,1932525568,1769617715697,11:28:35.697,42.3392474,-71.0904381,20.697
7373,1932787712,1769617715936,11:28:35.936,42.3392474,-71.0904381,20.697
7374,1933049856,1769617716198,11:28:36.198,42.3392474,-71.0904381,20.697
7375,1933312000,1769617716457,11:28:36.457,42.3392474,-71.0904381,20.697
7376,1933574144,1769617716726,11:28:36.726,42.3392474,-71.0904381,20.697
7377,1933836288,1769617716984,11:28:36.984,42.3392474,-71.0904381,20.697
7378,1934098432,1769617717246,11:28:37.246,42.3392474,-71.0904381,20.697
7379,1934360576,1769617717494,11:28:37.494,42.3392474,-71.0904381,20.697
7380,1934622720,1769617717742,11:28:37.742,42.3392474,-71.0904381,20.697
7381,1934884864,1769617717995,11:28:37.995,42.3392474,-71.0904381,20.697
7382,1935147008,1769617718238,11:28:38.238,42.3392474,-71.0904381,20.697
7383,1935409152,1769617718482,11:28:38.482,42.3392474,-71.0904381,20.697
7384,1935671296,1769617718799,11:28:38.799,42.3392474,-71.0904381,20.697
7385,1935933440,1769617719300,11:28:39.300,42.3392474,-71.0904381,20.697
7386,1936195584,1769617719863,11:28:39.863,42.3392474,-71.0904381,20.697
7387,1936457728,1769617720301,11:28:40.301,42.3392474,-71.0904381,20.697
7388,1936719872,1769617720619,11:28:40.619,42.3392474,-71.0904381,20.697
7389,1936982016,1769617721007,11:28:41.007,42.3392474,-71.0904381,20.697
7390,1937244160,1769617721438,11:28:41.438,42.3392474,-71.0904381,20.697
7391,1937506304,1769617721859,11:28:41.859,42.3392474,-71.0904381,20.697
7392,1937768448,1769617722186,11:28:42.186,42.3392474,-71.0904381,20.697
7393,1938030592,1769617722587,11:28:42.587,42.3392474,-71.0904381,20.697
7394,1938292736,1769617722899,11:28:42.899,42.3392474,-71.0904381,20.697
7395,1938554880,1769617723441,11:28:43.441,42.3392474,-71.0904381,20.697
7396,1938817024,1769617724024,11:28:44.024,42.3392474,-71.0904381,20.697
7397,1939079168,1769617724535,11:28:44.535,42.3392474,-71.0904381,20.697
7398,1939341312,1769617724897,11:28:44.897,42.3392474,-71.0904381,20.697
7399,1939603456,1769617725385,11:28:45.385,42.3392474,-71.0904381,20.697
7400,1939865600,1769617725840,11:28:45.840,42.3392474,-71.0904381,20.697
7401,1940127744,1769617726369,11:28:46.369,42.3392474,-71.0904381,20.697
7402,1940389888,1769617726837,11:28:46.837,42.3392474,-71.0904381,20.697
7403,1940652032,1769617727376,11:28:47.376,42.3392474,-71.0904381,20.697
7404,1940914176,1769617727761,11:28:47.761,42.3392474,-71.0904381,20.697
7405,1941176320,1769617728177,11:28:48.177,42.3392474,-71.0904381,20.697
7406,1941438464,1769617728626,11:28:48.626,42.3392474,-71.0904381,20.697
7407,1941700608,1769617729038,11:28:49.038,42.3392474,-71.0904381,20.697
7408,1941962752,1769617729541,11:28:49.541,42.3392474,-71.0904381,20.697
7409,1942224896,1769617729966,11:28:49.966,42.3392474,-71.0904381,20.697
7410,1942487040,1769617730354,11:28:50.354,42.3392474,-71.0904381,20.697
7411,1942749184,1769617730780,11:28:50.780,42.3392474,-71.0904381,20.697
7412,1943011328,1769617731069,11:28:51.069,42.3392474,-71.0904381,20.697
7413,1943273472,1769617731418,11:28:51.418,42.3392474,-71.0904381,20.697
7414,1943535616,1769617731867,11:28:51.867,42.3392474,-71.0904381,20.697
7415,1943797760,1769617732326,11:28:52.326,42.3392474,-71.0904381,20.697
7416,1944059904,1769617732812,11:28:52.812,42.3392474,-71.0904381,20.697
7417,1944322048,1769617733246,11:28:53.246,42.3392474,-71.0904381,20.697
7418,1944584192,1769617733597,11:28:53.597,42.3392474,-71.0904381,20.697
7419,1944846336,1769617734167,11:28:54.167,42.3392474,-71.0904381,20.697
7420,1945108480,1769617734641,11:28:54.641,42.3392474,-71.0904381,20.697
7421,1945370624,1769617735126,11:28:55.126,42.3392474,-71.0904381,20.697
7422,1945632768,1769617735604,11:28:55.604,42.3392474,-71.0904381,20.697
7423,1945894912,1769617736052,11:28:56.052,42.3392474,-71.0904381,20.697
7424,1946157056,1769617736401,11:28:56.401,42.3392474,-71.0904381,20.697
7425,1946419200,1769617736807,11:28:56.807,42.3392474,-71.0904381,20.697
7426,1946681344,1769617737211,11:28:57.211,42.3392474,-71.0904381,20.697
7427,1946943488,1769617737692,11:28:57.692,42.3392474,-71.0904381,20.697
7428,1947205632,1769617738282,11:28:58.282,42.3392474,-71.0904381,20.697
7429,1947467776,1769617738715,11:28:58.715,42.3392474,-71.0904381,20.697
7430,1947729920,1769617739074,11:28:59.074,42.3392474,-71.0904381,20.697
7431,1947992064,1769617739447,11:28:59.447,42.3392474,-71.0904381,20.697
7432,1948254208,1769617739933,11:28:59.933,42.3392474,-71.0904381,20.697
7433,1948516352,1769617740463,11:29:00.463,42.3392474,-71.0904381,20.697
7434,1948778496,1769617740814,11:29:00.814,42.3392474,-71.0904381,20.697
7435,1949040640,1769617741165,11:29:01.165,42.3392474,-71.0904381,20.697
7436,1949302784,1769617741645,11:29:01.645,42.3392474,-71.0904381,20.697
7437,1949564928,1769617742098,11:29:02.098,42.3392474,-71.0904381,20.697
7438,1949827072,1769617742415,11:29:02.415,42.3392474,-71.0904381,20.697
7439,1950089216,1769617742787,11:29:02.787,42.3392474,-71.0904381,20.697
7440,1950351360,1769617745150,11:29:05.150,42.3392474,-71.0904381,20.697
7441,1950613504,1769617745416,11:29:05.416,42.3392474,-71.0904381,20.697
7442,1950875648,1769617745678,11:29:05.678,42.3392474,-71.0904381,20.697
7443,1951137792,1769617745954,11:29:05.954,42.3392474,-71.0904381,20.697
7444,1951399936,1769617746226,11:29:06.226,42.3392474,-71.0904381,20.697
7445,1951662080,1769617746502,11:29:06.502,42.3392474,-71.0904381,20.697
7446,1951924224,1769617746780,11:29:06.780,42.3392474,-71.0904381,20.697
7447,1952186368,1769617747040,11:29:07.040,42.3392474,-71.0904381,20.697
7448,1952448512,1769617747291,11:29:07.291,42.3392474,-71.0904381,20.697
7449,1952710656,1769617747528,11:29:07.528,42.3392474,-71.0904381,20.697
7450,1952972800,1769617747780,11:29:07.780,42.3392474,-71.0904381,20.697
7451,1953234944,1769617748037,11:29:08.037,42.3392474,-71.0904381,20.697
7452,1953497088,1769617748297,11:29:08.297,42.3392474,-71.0904381,20.697
7453,1953759232,1769617748561,11:29:08.561,42.3392474,-71.0904381,20.697
7454,1954021376,1769617748939,11:29:08.939,42.3392474,-71.0904381,20.697
7455,1954283520,1769617749441,11:29:09.441,42.3392474,-71.0904381,20.697
7456,1954545664,1769617749899,11:29:09.899,42.3392474,-71.0904381,20.697
7457,1954807808,1769617750251,11:29:10.251,42.3392474,-71.0904381,20.697
7458,1955069952,1769617750606,11:29:10.606,42.3392474,-71.0904381,20.697
7459,1955332096,1769617750952,11:29:10.952,42.3392474,-71.0904381,20.697
7460,1955594240,1769617751343,11:29:11.343,42.3392474,-71.0904381,20.697
7461,1955856384,1769617751652,11:29:11.652,42.3392474,-71.0904381,20.697
7462,1956118528,1769617752176,11:29:12.176,42.3392474,-71.0904381,20.697
7463,1956380672,1769617752628,11:29:12.628,42.3392474,-71.0904381,20.697
7464,1956642816,1769617752951,11:29:12.951,42.3392474,-71.0904381,20.697
7465,1956904960,1769617753399,11:29:13.399,42.3392474,-71.0904381,20.697
7466,1957167104,1769617753750,11:29:13.750,42.3392474,-71.0904381,20.697
7467,1957429248,1769617754038,11:29:14.038,42.3392474,-71.0904381,20.697
7468,1957691392,1769617754370,11:29:14.370,42.3392474,-71.0904381,20.697
7469,1957953536,1769617754722,11:29:14.722,42.3392474,-71.0904381,20.697
7470,1958215680,1769617755127,11:29:15.127,42.3392474,-71.0904381,20.697
7471,1958477824,1769617755472,11:29:15.472,42.3392474,-71.0904381,20.697
7472,1958739968,1769617755947,11:29:15.947,42.3392474,-71.0904381,20.697
7473,1959002112,1769617756397,11:29:16.397,42.3392474,-71.0904381,20.697
7474,1959264256,1769617756813,11:29:16.813,42.3392474,-71.0904381,20.697
7475,1959526400,1769617757275,11:29:17.275,42.3392474,-71.0904381,20.697
7476,1959788544,1769617757769,11:29:17.769,42.3392474,-71.0904381,20.697
7477,1960050688,1769617758174,11:29:18.174,42.3392474,-71.0904381,20.697
7478,1960312832,1769617758602,11:29:18.602,42.3392474,-71.0904381,20.697
7479,1960574976,1769617759024,11:29:19.024,42.3392474,-71.0904381,20.697
7480,1960837120,1769617759375,11:29:19.375,42.3392474,-71.0904381,20.697
7481,1961099264,1769617759738,11:29:19.738,42.3392474,-71.0904381,20.697
7482,1961361408,1769617760113,11:29:20.113,42.3392474,-71.0904381,20.697
7483,1961623552,1769617760604,11:29:20.604,42.3392474,-71.0904381,20.697
7484,1961885696,1769617761141,11:29:21.141,42.3392474,-71.0904381,20.697
7485,1962147840,1769617761631,11:29:21.631,42.3392474,-71.0904381,20.697
7486,1962409984,1769617762057,11:29:22.057,42.3392474,-71.0904381,20.697
7487,1962672128,1769617762391,11:29:22.391,42.3392474,-71.0904381,20.697
7488,1962934272,1769617762867,11:29:22.867,42.3392474,-71.0904381,20.697
7489,1963196416,1769617763315,11:29:23.315,42.3392474,-71.0904381,20.697
7490,1963458560,1769617763823,11:29:23.823,42.3392474,-71.0904381,20.697
7491,1963720704,1769617764267,11:29:24.267,42.3392474,-71.0904381,20.697
7492,1963982848,1769617764732,11:29:24.732,42.3392474,-71.0904381,20.697
7493,1964244992,1769617765178,11:29:25.178,42.3392474,-71.0904381,20.697
7494,1964507136,1769617765581,11:29:25.581,42.3392474,-71.0904381,20.697
7495,1964769280,1769617766194,11:29:26.194,42.3392474,-71.0904381,20.697
7496,1965031424,1769617766731,11:29:26.731,42.3392474,-71.0904381,20.697
7497,1965293568,1769617767185,11:29:27.185,42.3392474,-71.0904381,20.697
7498,1965555712,1769617767631,11:29:27.631,42.3392474,-71.0904381,20.697
7499,1965817856,1769617767981,11:29:27.981,42.3392474,-71.0904381,20.697
7500,1966080000,1769617768377,11:29:28.377,42.3392474,-71.0904381,20.697
7501,1966342144,1769617768792,11:29:28.792,42.3392474,-71.0904381,20.697
7502,1966604288,1769617769141,11:29:29.141,42.3392474,-71.0904381,20.697
7503,1966866432,1769617769629,11:29:29.629,42.3392474,-71.0904381,20.697
7504,1967128576,1769617770205,11:29:30.205,42.3392474,-71.0904381,20.697
7505,1967390720,1769617770647,11:29:30.647,42.3392474,-71.0904381,20.697
7506,1967652864,1769617770995,11:29:30.995,42.3392474,-71.0904381,20.697
7507,1967915008,1769617771482,11:29:31.482,42.3392474,-71.0904381,20.697
7508,1968177152,1769617771955,11:29:31.955,42.3392474,-71.0904381,20.697
7509,1968439296,1769617772406,11:29:32.406,42.3392474,-71.0904381,20.697
7510,1968701440,1769617772890,11:29:32.890,42.3392474,-71.0904381,20.697
7511,1968963584,1769617775277,11:29:35.277,42.3392474,-71.0904381,20.697
7512,1969225728,1769617775532,11:29:35.532,42.3392474,-71.0904381,20.697
7513,1969487872,1769617775791,11:29:35.791,42.3392474,-71.0904381,20.697
7514,1969750016,1769617776041,11:29:36.041,42.3392474,-71.0904381,20.697
7515,1970012160,1769617776300,11:29:36.300,42.3392474,-71.0904381,20.697
7516,1970274304,1769617776552,11:29:36.552,42.3392474,-71.0904381,20.697
7517,1970536448,1769617776816,11:29:36.816,42.3392474,-71.0904381,20.697
7518,1970798592,1769617777066,11:29:37.066,42.3392474,-71.0904381,20.697
7519,1971060736,1769617777323,11:29:37.323,42.3392474,-71.0904381,20.697
7520,1971322880,1769617777626,11:29:37.626,42.3392474,-71.0904381,20.697
7521,1971585024,1769617778041,11:29:38.041,42.3392474,-71.0904381,20.697
7522,1971847168,1769617778413,11:29:38.413,42.3392474,-71.0904381,20.697
7523,1972109312,1769617778788,11:29:38.788,42.3392474,-71.0904381,20.697
7524,1972371456,1769617779087,11:29:39.087,42.3392474,-71.0904381,20.697
7525,1972633600,1769617779438,11:29:39.438,42.3392474,-71.0904381,20.697
7526,1972895744,1769617779792,11:29:39.792,42.3392474,-71.0904381,20.697
7527,1973157888,1769617780186,11:29:40.186,42.3392474,-71.0904381,20.697
7528,1973420032,1769617780537,11:29:40.537,42.3392474,-71.0904381,20.697
7529,1973682176,1769617780943,11:29:40.943,42.3392474,-71.0904381,20.697
7530,1973944320,1769617781371,11:29:41.371,42.3392474,-71.0904381,20.697
7531,1974206464,1769617781895,11:29:41.895,42.3392474,-71.0904381,20.697
7532,1974468608,1769617782291,11:29:42.291,42.3392474,-71.0904381,20.697
7533,1974730752,1769617782637,11:29:42.637,42.3392474,-71.0904381,20.697
7534,1974992896,1769617782999,11:29:42.999,42.3392474,-71.0904381,20.697
7535,1975255040,1769617783440,11:29:43.440,42.3392474,-71.0904381,20.697
7536,1975517184,1769617783905,11:29:43.905,42.3392474,-71.0904381,20.697
7537,1975779328,1769617784336,11:29:44.336,42.3392474,-71.0904381,20.697
7538,1976041472,1769617784783,11:29:44.783,42.3392474,-71.0904381,20.697
7539,1976303616,1769617785145,11:29:45.145,42.3392474,-71.0904381,20.697
7540,1976565760,1769617785490,11:29:45.490,42.3392474,-71.0904381,20.697
7541,1976827904,1769617785974,11:29:45.974,42.3392474,-71.0904381,20.697
7542,1977090048,1769617786438,11:29:46.438,42.3392474,-71.0904381,20.697
7543,1977352192,1769617786897,11:29:46.897,42.3392474,-71.0904381,20.697
7544,1977614336,1769617787351,11:29:47.351,42.3392474,-71.0904381,20.697
7545,1977876480,1769617787703,11:29:47.703,42.3392474,-71.0904381,20.697
7546,1978138624,1769617788059,11:29:48.059,42.3392474,-71.0904381,20.697
7547,1978400768,1769617788429,11:29:48.429,42.3392474,-71.0904381,20.697
7548,1978662912,1769617788895,11:29:48.895,42.3392474,-71.0904381,20.697
7549,1978925056,1769617789605,11:29:49.605,42.3392474,-71.0904381,20.697
7550,1979187200,1769617790305,11:29:50.305,42.3392474,-71.0904381,20.697
7551,1979449344,1769617790950,11:29:50.950,42.3392474,-71.0904381,20.697
7552,1979711488,1769617791784,11:29:51.784,42.3392474,-71.0904381,20.697
7553,1979973632,1769617792442,11:29:52.442,42.3392474,-71.0904381,20.697
7554,1980235776,1769617793169,11:29:53.169,42.3392474,-71.0904381,20.697
7555,1980497920,1769617793664,11:29:53.664,42.3392474,-71.0904381,20.697
7556,1980760064,1769617794127,11:29:54.127,42.3392474,-71.0904381,20.697
7557,1981022208,1769617794623,11:29:54.623,42.3392474,-71.0904381,20.697
7558,1981284352,1769617795068,11:29:55.068,42.3392474,-71.0904381,20.697
7559,1981546496,1769617795475,11:29:55.475,42.3392474,-71.0904381,20.697
7560,1981808640,1769617795867,11:29:55.867,42.3392474,-71.0904381,20.697
7561,1982070784,1769617796289,11:29:56.289,42.3392474,-71.0904381,20.697
7562,1982332928,1769617796707,11:29:56.707,42.3392474,-71.0904381,20.697
7563,1982595072,1769617797014,11:29:57.014,42.3392474,-71.0904381,20.697
7564,1982857216,1769617797363,11:29:57.363,42.3392474,-71.0904381,20.697
7565,1983119360,1769617797713,11:29:57.713,42.3392474,-71.0904381,20.697
7566,1983381504,1769617798095,11:29:58.095,42.3392474,-71.0904381,20.697
7567,1983643648,1769617798541,11:29:58.541,42.3392474,-71.0904381,20.697
7568,1983905792,1769617798971,11:29:58.971,42.3392474,-71.0904381,20.697
7569,1984167936,1769617799460,11:29:59.460,42.3392474,-71.0904381,20.697
7570,1984430080,1769617799923,11:29:59.923,42.3392474,-71.0904381,20.697
7571,1984692224,1769617800515,11:30:00.515,42.3392474,-71.0904381,20.697
7572,1984954368,1769617801028,11:30:01.028,42.3392474,-71.0904381,20.697
7573,1985216512,1769617801603,11:30:01.603,42.3392474,-71.0904381,20.697
7574,1985478656,1769617802288,11:30:02.288,42.3392474,-71.0904381,20.697
7575,1985740800,1769617802740,11:30:02.740,42.3392474,-71.0904381,20.697
7576,1986002944,1769617803107,11:30:03.107,42.3392474,-71.0904381,20.697
7577,1986265088,1769617803642,11:30:03.642,42.3392474,-71.0904381,20.697
7578,1986527232,1769617806143,11:30:06.143,42.3392474,-71.0904381,20.697
7579,1986789376,1769617806391,11:30:06.391,42.3392474,-71.0904381,20.697
7580,1987051520,1769617806653,11:30:06.653,42.3392474,-71.0904381,20.697
7581,1987313664,1769617806907,11:30:06.907,42.3392474,-71.0904381,20.697
7582,1987575808,1769617807173,11:30:07.173,42.3392474,-71.0904381,20.697
7583,1987837952,1769617807422,11:30:07.422,42.3392474,-71.0904381,20.697
7584,1988100096,1769617807681,11:30:07.681,42.3392474,-71.0904381,20.697
7585,1988362240,1769617807926,11:30:07.926,42.3392474,-71.0904381,20.697
7586,1988624384,1769617808179,11:30:08.179,42.3392474,-71.0904381,20.697
7587,1988886528,1769617808438,11:30:08.438,42.3392474,-71.0904381,20.697
7588,1989148672,1769617808691,11:30:08.691,42.3392474,-71.0904381,20.697
7589,1989410816,1769617809127,11:30:09.127,42.3392474,-71.0904381,20.697
7590,1989672960,1769617809860,11:30:09.860,42.3392474,-71.0904381,20.697
7591,1989935104,1769617810530,11:30:10.530,42.3392474,-71.0904381,20.697
7592,1990197248,1769617811069,11:30:11.069,42.3392474,-71.0904381,20.697
7593,1990459392,1769617811613,11:30:11.613,42.3392474,-71.0904381,20.697
7594,1990721536,1769617812233,11:30:12.233,42.3392474,-71.0904381,20.697
7595,1990983680,1769617812898,11:30:12.898,42.3392474,-71.0904381,20.697
7596,1991245824,1769617813451,11:30:13.451,42.3392474,-71.0904381,20.697
7597,1991507968,1769617813833,11:30:13.833,42.3392474,-71.0904381,20.697
7598,1991770112,1769617814338,11:30:14.338,42.3392474,-71.0904381,20.697
7599,1992032256,1769617814699,11:30:14.699,42.3392474,-71.0904381,20.697
7600,1992294400,1769617815097,11:30:15.097,42.3392474,-71.0904381,20.697
7601,1992556544,1769617815491,11:30:15.491,42.3392474,-71.0904381,20.697
7602,1992818688,1769617815841,11:30:15.841,42.3392474,-71.0904381,20.697
7603,1993080832,1769617816232,11:30:16.232,42.3392474,-71.0904381,20.697
7604,1993342976,1769617816542,11:30:16.542,42.3392474,-71.0904381,20.697
7605,1993605120,1769617816895,11:30:16.895,42.3392474,-71.0904381,20.697
7606,1993867264,1769617817244,11:30:17.244,42.3392474,-71.0904381,20.697
7607,1994129408,1769617817623,11:30:17.623,42.3392474,-71.0904381,20.697
7608,1994391552,1769617817946,11:30:17.946,42.3392474,-71.0904381,20.697
7609,1994653696,1769617818316,11:30:18.316,42.3392474,-71.0904381,20.697
7610,1994915840,1769617818664,11:30:18.664,42.3392474,-71.0904381,20.697
7611,1995177984,1769617819075,11:30:19.075,42.3392474,-71.0904381,20.697
7612,1995440128,1769617819404,11:30:19.404,42.3392474,-71.0904381,20.697
7613,1995702272,1769617819783,11:30:19.783,42.3392474,-71.0904381,20.697
7614,1995964416,1769617820191,11:30:20.191,42.3392474,-71.0904381,20.697
7615,1996226560,1769617820609,11:30:20.609,42.3392474,-71.0904381,20.697
7616,1996488704,1769617820939,11:30:20.939,42.3392474,-71.0904381,20.697
7617,1996750848,1769617821399,11:30:21.399,42.3392474,-71.0904381,20.697
7618,1997012992,1769617821772,11:30:21.772,42.3392474,-71.0904381,20.697
7619,1997275136,1769617822291,11:30:22.291,42.3392474,-71.0904381,20.697
7620,1997537280,1769617822806,11:30:22.806,42.3392474,-71.0904381,20.697
7621,1997799424,1769617823292,11:30:23.292,42.3392474,-71.0904381,20.697
7622,1998061568,1769617823730,11:30:23.730,42.3392474,-71.0904381,20.697
7623,1998323712,1769617824259,11:30:24.259,42.3392474,-71.0904381,20.697
7624,1998585856,1769617824727,11:30:24.727,42.3392474,-71.0904381,20.697
7625,1998848000,1769617825123,11:30:25.123,42.3392474,-71.0904381,20.697
7626,1999110144,1769617825527,11:30:25.527,42.3392474,-71.0904381,20.697
7627,1999372288,1769617826009,11:30:26.009,42.3392474,-71.0904381,20.697
7628,1999634432,1769617826549,11:30:26.549,42.3392474,-71.0904381,20.697
7629,1999896576,1769617826966,11:30:26.966,42.3392474,-71.0904381,20.697
7630,2000158720,1769617827472,11:30:27.472,42.3392474,-71.0904381,20.697
7631,2000420864,1769617828018,11:30:28.018,42.3392474,-71.0904381,20.697
7632,2000683008,1769617828433,11:30:28.433,42.3392474,-71.0904381,20.697
7633,2000945152,1769617828862,11:30:28.862,42.3392474,-71.0904381,20.697
7634,2001207296,1769617829265,11:30:29.265,42.3392474,-71.0904381,20.697
7635,2001469440,1769617829797,11:30:29.797,42.3392474,-71.0904381,20.697
7636,2001731584,1769617830272,11:30:30.272,42.3392474,-71.0904381,20.697
7637,2001993728,1769617830792,11:30:30.792,42.3392474,-71.0904381,20.697
7638,2002255872,1769617831275,11:30:31.275,42.3392474,-71.0904381,20.697
7639,2002518016,1769617831694,11:30:31.694,42.3392474,-71.0904381,20.697
7640,2002780160,1769617832105,11:30:32.105,42.3392474,-71.0904381,20.697
7641,2003042304,1769617832586,11:30:32.586,42.3392474,-71.0904381,20.697
7642,2003304448,1769617833053,11:30:33.053,42.3392474,-71.0904381,20.697
7643,2003566592,1769617833600,11:30:33.600,42.3392474,-71.0904381,20.697
7644,2003828736,1769617836301,11:30:36.301,42.3392474,-71.0904381,20.697
7645,2004090880,1769617836549,11:30:36.549,42.3392474,-71.0904381,20.697
7646,2004353024,1769617836804,11:30:36.804,42.3392474,-71.0904381,20.697
7647,2004615168,1769617837067,11:30:37.067,42.3392474,-71.0904381,20.697
7648,2004877312,1769617837335,11:30:37.335,42.3392474,-71.0904381,20.697
7649,2005139456,1769617837587,11:30:37.587,42.3392474,-71.0904381,20.697
7650,2005401600,1769617837852,11:30:37.852,42.3392474,-71.0904381,20.697
7651,2005663744,1769617838095,11:30:38.095,42.3392474,-71.0904381,20.697
7652,2005925888,1769617838358,11:30:38.358,42.3392474,-71.0904381,20.697
7653,2006188032,1769617838740,11:30:38.740,42.3392474,-71.0904381,20.697
7654,2006450176,1769617839179,11:30:39.179,42.3392474,-71.0904381,20.697
7655,2006712320,1769617839639,11:30:39.639,42.3392474,-71.0904381,20.697
7656,2006974464,1769617840099,11:30:40.099,42.3392474,-71.0904381,20.697
7657,2007236608,1769617840568,11:30:40.568,42.3392474,-71.0904381,20.697
7658,2007498752,1769617840920,11:30:40.920,42.3392474,-71.0904381,20.697
7659,2007760896,1769617841305,11:30:41.305,42.3392474,-71.0904381,20.697
7660,2008023040,1769617841690,11:30:41.690,42.3392474,-71.0904381,20.697
7661,2008285184,1769617842073,11:30:42.073,42.3392474,-71.0904381,20.697
7662,2008547328,1769617842507,11:30:42.507,42.3392474,-71.0904381,20.697
7663,2008809472,1769617842982,11:30:42.982,42.3392474,-71.0904381,20.697
7664,2009071616,1769617843242,11:30:43.242,42.3392474,-71.0904381,20.697
7665,2009333760,1769617843604,11:30:43.604,42.3392474,-71.0904381,20.697
7666,2009595904,1769617843952,11:30:43.952,42.3392474,-71.0904381,20.697
7667,2009858048,1769617844566,11:30:44.566,42.3392474,-71.0904381,20.697
7668,2010120192,1769617845284,11:30:45.284,42.3392474,-71.0904381,20.697
7669,2010382336,1769617845816,11:30:45.816,42.3392474,-71.0904381,20.697
7670,2010644480,1769617846244,11:30:46.244,42.3392474,-71.0904381,20.697
7671,2010906624,1769617846593,11:30:46.593,42.3392474,-71.0904381,20.697
7672,2011168768,1769617847049,11:30:47.049,42.3392474,-71.0904381,20.697
7673,2011430912,1769617847438,11:30:47.438,42.3392474,-71.0904381,20.697
7674,2011693056,1769617847803,11:30:47.803,42.3392474,-71.0904381,20.697
7675,2011955200,1769617848154,11:30:48.154,42.3392474,-71.0904381,20.697
7676,2012217344,1769617848520,11:30:48.520,42.3392474,-71.0904381,20.697
7677,2012479488,1769617848846,11:30:48.846,42.3392474,-71.0904381,20.697
7678,2012741632,1769617849822,11:30:49.822,42.3392474,-71.0904381,20.697
7679,2013003776,1769617850358,11:30:50.358,42.3392474,-71.0904381,20.697
7680,2013265920,1769617850744,11:30:50.744,42.3392474,-71.0904381,20.697
7681,2013528064,1769617851110,11:30:51.110,42.3392474,-71.0904381,20.697
7682,2013790208,1769617852038,11:30:52.038,42.3392474,-71.0904381,20.697
7683,2014052352,1769617852799,11:30:52.799,42.3392474,-71.0904381,20.697
7684,2014314496,1769617853613,11:30:53.613,42.3392474,-71.0904381,20.697
7685,2014576640,1769617854783,11:30:54.783,42.3392474,-71.0904381,20.697
7686,2014838784,1769617855525,11:30:55.525,42.3392474,-71.0904381,20.697
7687,2015100928,1769617856457,11:30:56.457,42.3392474,-71.0904381,20.697
7688,2015363072,1769617857675,11:30:57.675,42.3392474,-71.0904381,20.697
7689,2015625216,1769617858717,11:30:58.717,42.3392474,-71.0904381,20.697
7690,2015887360,1769617859224,11:30:59.224,42.3392474,-71.0904381,20.697
7691,2016149504,1769617859700,11:30:59.700,42.3392474,-71.0904381,20.697
7692,2016411648,1769617860477,11:31:00.477,42.3392474,-71.0904381,20.697
7693,2016673792,1769617861280,11:31:01.280,42.3392474,-71.0904381,20.697
7694,2016935936,1769617861893,11:31:01.893,42.3392474,-71.0904381,20.697
7695,2017198080,1769617862529,11:31:02.529,42.3392474,-71.0904381,20.697
7696,2017460224,1769617863400,11:31:03.400,42.3392474,-71.0904381,20.697
7697,2017722368,1769617863996,11:31:03.996,42.3392474,-71.0904381,20.697
7698,2017984512,1769617866665,11:31:06.665,42.3392474,-71.0904381,20.697
7699,2018246656,1769617866922,11:31:06.922,42.3392474,-71.0904381,20.697
7700,2018508800,1769617867181,11:31:07.181,42.3392474,-71.0904381,20.697
7701,2018770944,1769617867451,11:31:07.451,42.3392474,-71.0904381,20.697
7702,2019033088,1769617867733,11:31:07.733,42.3392474,-71.0904381,20.697
7703,2019295232,1769617868005,11:31:08.005,42.3392474,-71.0904381,20.697
7704,2019557376,1769617868263,11:31:08.263,42.3392474,-71.0904381,20.697
7705,2019819520,1769617868523,11:31:08.523,42.3392474,-71.0904381,20.697
7706,2020081664,1769617868761,11:31:08.761,42.3392474,-71.0904381,20.697
7707,2020343808,1769617869005,11:31:09.005,42.3392474,-71.0904381,20.697
7708,2020605952,1769617869266,11:31:09.266,42.3392474,-71.0904381,20.697
7709,2020868096,1769617869520,11:31:09.520,42.3392474,-71.0904381,20.697
7710,2021130240,1769617870011,11:31:10.011,42.3392474,-71.0904381,20.697
7711,2021392384,1769617870578,11:31:10.578,42.3392474,-71.0904381,20.697
7712,2021654528,1769617871011,11:31:11.011,42.3392474,-71.0904381,20.697
7713,2021916672,1769617871574,11:31:11.574,42.3392474,-71.0904381,20.697
7714,2022178816,1769617872111,11:31:12.111,42.3392474,-71.0904381,20.697
7715,2022440960,1769617872577,11:31:12.577,42.3392474,-71.0904381,20.697
7716,2022703104,1769617873124,11:31:13.124,42.3392474,-71.0904381,20.697
7717,2022965248,1769617873630,11:31:13.630,42.3392474,-71.0904381,20.697
7718,2023227392,1769617874161,11:31:14.161,42.3392474,-71.0904381,20.697
7719,2023489536,1769617874689,11:31:14.689,42.3392474,-71.0904381,20.697
7720,2023751680,1769617875251,11:31:15.251,42.3392474,-71.0904381,20.697
7721,2024013824,1769617875754,11:31:15.754,42.3392474,-71.0904381,20.697
7722,2024275968,1769617876204,11:31:16.204,42.3392474,-71.0904381,20.697
7723,2024538112,1769617876624,11:31:16.624,42.3392474,-71.0904381,20.697
7724,2024800256,1769617877112,11:31:17.112,42.3392474,-71.0904381,20.697
7725,2025062400,1769617877782,11:31:17.782,42.3392474,-71.0904381,20.697
7726,2025324544,1769617878155,11:31:18.155,42.3392474,-71.0904381,20.697
7727,2025586688,1769617878498,11:31:18.498,42.3392474,-71.0904381,20.697
7728,2025848832,1769617878876,11:31:18.876,42.3392474,-71.0904381,20.697
7729,2026110976,1769617879327,11:31:19.327,42.3392474,-71.0904381,20.697
7730,2026373120,1769617879817,11:31:19.817,42.3392474,-71.0904381,20.697
7731,2026635264,1769617880289,11:31:20.289,42.3392474,-71.0904381,20.697
7732,2026897408,1769617880818,11:31:20.818,42.3392474,-71.0904381,20.697
7733,2027159552,1769617881364,11:31:21.364,42.3392474,-71.0904381,20.697
7734,2027421696,1769617881913,11:31:21.913,42.3392474,-71.0904381,20.697
7735,2027683840,1769617882426,11:31:22.426,42.3392474,-71.0904381,20.697
7736,2027945984,1769617882891,11:31:22.891,42.3392474,-71.0904381,20.697
7737,2028208128,1769617883427,11:31:23.427,42.3392474,-71.0904381,20.697
7738,2028470272,1769617883977,11:31:23.977,42.3392474,-71.0904381,20.697
7739,2028732416,1769617884475,11:31:24.475,42.3392474,-71.0904381,20.697
7740,2028994560,1769617884972,11:31:24.972,42.3392474,-71.0904381,20.697
7741,2029256704,1769617885569,11:31:25.569,42.3392474,-71.0904381,20.697
7742,2029518848,1769617886178,11:31:26.178,42.3392474,-71.0904381,20.697
7743,2029780992,1769617886752,11:31:26.752,42.3392474,-71.0904381,20.697
7744,2030043136,1769617887226,11:31:27.226,42.3392474,-71.0904381,20.697
7745,2030305280,1769617887578,11:31:27.578,42.3392474,-71.0904381,20.697
7746,2030567424,1769617887979,11:31:27.979,42.3392474,-71.0904381,20.697
7747,2030829568,1769617888407,11:31:28.407,42.3392474,-71.0904381,20.697
7748,2031091712,1769617888958,11:31:28.958,42.3392474,-71.0904381,20.697
7749,2031353856,1769617889526,11:31:29.526,42.3392474,-71.0904381,20.697
7750,2031616000,1769617890116,11:31:30.116,42.3392474,-71.0904381,20.697
7751,2031878144,1769617890714,11:31:30.714,42.3392474,-71.0904381,20.697
7752,2032140288,1769617891384,11:31:31.384,42.3392474,-71.0904381,20.697
7753,2032402432,1769617891989,11:31:31.989,42.3392474,-71.0904381,20.697
7754,2032664576,1769617892505,11:31:32.505,42.3392474,-71.0904381,20.697
7755,2032926720,1769617893081,11:31:33.081,42.3392474,-71.0904381,20.697
7756,2033188864,1769617893548,11:31:33.548,42.3392474,-71.0904381,20.697
7757,2033451008,1769617893989,11:31:33.989,42.3392474,-71.0904381,20.697
7758,2033713152,1769617894482,11:31:34.482,42.3392474,-71.0904381,20.697
7759,2033975296,1769617894862,11:31:34.862,42.3392474,-71.0904381,20.697
7760,2034237440,1769617897798,11:31:37.798,42.3392474,-71.0904381,20.697
7761,2034499584,1769617898060,11:31:38.060,42.3392474,-71.0904381,20.697
7762,2034761728,1769617898316,11:31:38.316,42.3392474,-71.0904381,20.697
7763,2035023872,1769617898572,11:31:38.572,42.3392474,-71.0904381,20.697
7764,2035286016,1769617898818,11:31:38.818,42.3392474,-71.0904381,20.697
7765,2035548160,1769617899089,11:31:39.089,42.3392474,-71.0904381,20.697
7766,2035810304,1769617899335,11:31:39.335,42.3392474,-71.0904381,20.697
7767,2036072448,1769617899597,11:31:39.597,42.3392474,-71.0904381,20.697
7768,2036334592,1769617899849,11:31:39.849,42.3392474,-71.0904381,20.697
7769,2036596736,1769617900104,11:31:40.104,42.3392474,-71.0904381,20.697
7770,2036858880,1769617900370,11:31:40.370,42.3392474,-71.0904381,20.697
7771,2037121024,1769617900616,11:31:40.616,42.3392474,-71.0904381,20.697
7772,2037383168,1769617900851,11:31:40.851,42.3392474,-71.0904381,20.697
7773,2037645312,1769617901099,11:31:41.099,42.3392474,-71.0904381,20.697
7774,2037907456,1769617901357,11:31:41.357,42.3392474,-71.0904381,20.697
7775,2038169600,1769617901595,11:31:41.595,42.3392474,-71.0904381,20.697
7776,2038431744,1769617901848,11:31:41.848,42.3392474,-71.0904381,20.697
7777,2038693888,1769617902106,11:31:42.106,42.3392474,-71.0904381,20.697
7778,2038956032,1769617902359,11:31:42.359,42.3392474,-71.0904381,20.697
7779,2039218176,1769617902622,11:31:42.622,42.3392474,-71.0904381,20.697
7780,2039480320,1769617902885,11:31:42.885,42.3392474,-71.0904381,20.697
7781,2039742464,1769617903124,11:31:43.124,42.3392474,-71.0904381,20.697
7782,2040004608,1769617903370,11:31:43.370,42.3392474,-71.0904381,20.697
7783,2040266752,1769617903677,11:31:43.677,42.3392474,-71.0904381,20.697
7784,2040528896,1769617904069,11:31:44.069,42.3392474,-71.0904381,20.697
7785,2040791040,1769617904420,11:31:44.420,42.3392474,-71.0904381,20.697
7786,2041053184,1769617904853,11:31:44.853,42.3392474,-71.0904381,20.697
7787,2041315328,1769617905213,11:31:45.213,42.3392474,-71.0904381,20.697
7788,2041577472,1769617905554,11:31:45.554,42.3392474,-71.0904381,20.697
7789,2041839616,1769617905903,11:31:45.903,42.3392474,-71.0904381,20.697
7790,2042101760,1769617906255,11:31:46.255,42.3392474,-71.0904381,20.697
7791,2042363904,1769617906631,11:31:46.631,42.3392474,-71.0904381,20.697
7792,2042626048,1769617906955,11:31:46.955,42.3392474,-71.0904381,20.697
7793,2042888192,1769617907397,11:31:47.397,42.3392474,-71.0904381,20.697
7794,2043150336,1769617907809,11:31:47.809,42.3392474,-71.0904381,20.697
7795,2043412480,1769617908226,11:31:48.226,42.3392474,-71.0904381,20.697
7796,2043674624,1769617908658,11:31:48.658,42.3392474,-71.0904381,20.697
7797,2043936768,1769617909105,11:31:49.105,42.3392474,-71.0904381,20.697
7798,2044198912,1769617909674,11:31:49.674,42.3392474,-71.0904381,20.697
7799,2044461056,1769617910311,11:31:50.311,42.3392474,-71.0904381,20.697
7800,2044723200,1769617910815,11:31:50.815,42.3392474,-71.0904381,20.697
7801,2044985344,1769617911330,11:31:51.330,42.3392474,-71.0904381,20.697
7802,2045247488,1769617911862,11:31:51.862,42.3392474,-71.0904381,20.697
7803,2045509632,1769617912477,11:31:52.477,42.3392474,-71.0904381,20.697
7804,2045771776,1769617912959,11:31:52.959,42.3392474,-71.0904381,20.697
7805,2046033920,1769617913521,11:31:53.521,42.3392474,-71.0904381,20.697
7806,2046296064,1769617914061,11:31:54.061,42.3392474,-71.0904381,20.697
7807,2046558208,1769617914314,11:31:54.314,42.3392474,-71.0904381,20.697
7808,2046820352,1769617914683,11:31:54.683,42.3392474,-71.0904381,20.697
7809,2047082496,1769617915070,11:31:55.070,42.3392474,-71.0904381,20.697
7810,2047344640,1769617915431,11:31:55.431,42.3392474,-71.0904381,20.697
7811,2047606784,1769617915782,11:31:55.782,42.3392474,-71.0904381,20.697
7812,2047868928,1769617916145,11:31:56.145,42.3392474,-71.0904381,20.697
7813,2048131072,1769617916485,11:31:56.485,42.3392474,-71.0904381,20.697
7814,2048393216,1769617916833,11:31:56.833,42.3392474,-71.0904381,20.697
7815,2048655360,1769617917184,11:31:57.184,42.3392474,-71.0904381,20.697
7816,2048917504,1769617917579,11:31:57.579,42.3392474,-71.0904381,20.697
7817,2049179648,1769617918078,11:31:58.078,42.3392474,-71.0904381,20.697
7818,2049441792,1769617918564,11:31:58.564,42.3392474,-71.0904381,20.697
7819,2049703936,1769617918978,11:31:58.978,42.3392474,-71.0904381,20.697
7820,2049966080,1769617919336,11:31:59.336,42.3392474,-71.0904381,20.697
7821,2050228224,1769617919784,11:31:59.784,42.3392474,-71.0904381,20.697
7822,2050490368,1769617920191,11:32:00.191,42.3392474,-71.0904381,20.697
7823,2050752512,1769617920601,11:32:00.601,42.3392474,-71.0904381,20.697
7824,2051014656,1769617921061,11:32:01.061,42.3392474,-71.0904381,20.697
7825,2051276800,1769617921480,11:32:01.480,42.3392474,-71.0904381,20.697
7826,2051538944,1769617921865,11:32:01.865,42.3392474,-71.0904381,20.697
7827,2051801088,1769617922409,11:32:02.409,42.3392474,-71.0904381,20.697
7828,2052063232,1769617922838,11:32:02.838,42.3392474,-71.0904381,20.697
7829,2052325376,1769617923206,11:32:03.206,42.3392474,-71.0904381,20.697
7830,2052587520,1769617923736,11:32:03.736,42.3392474,-71.0904381,20.697
7831,2052849664,1769617924147,11:32:04.147,42.3392474,-71.0904381,20.697
7832,2053111808,1769617924595,11:32:04.595,42.3392474,-71.0904381,20.697
7833,2053373952,1769617925026,11:32:05.026,42.3392474,-71.0904381,20.697
7834,2053636096,1769617928033,11:32:08.033,42.3392474,-71.0904381,20.697
7835,2053898240,1769617928309,11:32:08.309,42.3392474,-71.0904381,20.697
7836,2054160384,1769617928581,11:32:08.581,42.3392474,-71.0904381,20.697
7837,2054422528,1769617928844,11:32:08.844,42.3392474,-71.0904381,20.697
7838,2054684672,1769617929108,11:32:09.108,42.3392474,-71.0904381,20.697
7839,2054946816,1769617929369,11:32:09.369,42.3392474,-71.0904381,20.697
7840,2055208960,1769617929640,11:32:09.640,42.3392474,-71.0904381,20.697
7841,2055471104,1769617929897,11:32:09.897,42.3392474,-71.0904381,20.697
7842,2055733248,1769617930176,11:32:10.176,42.3392474,-71.0904381,20.697
7843,2055995392,1769617930421,11:32:10.421,42.3392474,-71.0904381,20.697
7844,2056257536,1769617930680,11:32:10.680,42.3392474,-71.0904381,20.697
7845,2056519680,1769617930937,11:32:10.937,42.3392474,-71.0904381,20.697
7846,2056781824,1769617931196,11:32:11.196,42.3392474,-71.0904381,20.697
7847,2057043968,1769617931462,11:32:11.462,42.3392474,-71.0904381,20.697
7848,2057306112,1769617931714,11:32:11.714,42.3392474,-71.0904381,20.697
7849,2057568256,1769617932083,11:32:12.083,42.3392474,-71.0904381,20.697
7850,2057830400,1769617932567,11:32:12.567,42.3392474,-71.0904381,20.697
7851,2058092544,1769617933030,11:32:13.030,42.3392474,-71.0904381,20.697
7852,2058354688,1769617933449,11:32:13.449,42.3392474,-71.0904381,20.697
7853,2058616832,1769617933908,11:32:13.908,42.3392474,-71.0904381,20.697
7854,2058878976,1769617934260,11:32:14.260,42.3392474,-71.0904381,20.697
7855,2059141120,1769617934626,11:32:14.626,42.3392474,-71.0904381,20.697
7856,2059403264,1769617935054,11:32:15.054,42.3392474,-71.0904381,20.697
7857,2059665408,1769617935481,11:32:15.481,42.3392474,-71.0904381,20.697
7858,2059927552,1769617935941,11:32:15.941,42.3392474,-71.0904381,20.697
7859,2060189696,1769617936444,11:32:16.444,42.3392474,-71.0904381,20.697
7860,2060451840,1769617936841,11:32:16.841,42.3392474,-71.0904381,20.697
7861,2060713984,1769617937283,11:32:17.283,42.3392474,-71.0904381,20.697
7862,2060976128,1769617937753,11:32:17.753,42.3392474,-71.0904381,20.697
7863,2061238272,1769617938250,11:32:18.250,42.3392474,-71.0904381,20.697
7864,2061500416,1769617938718,11:32:18.718,42.3392474,-71.0904381,20.697
7865,2061762560,1769617939186,11:32:19.186,42.3392474,-71.0904381,20.697
7866,2062024704,1769617939759,11:32:19.759,42.3392474,-71.0904381,20.697
7867,2062286848,1769617940110,11:32:20.110,42.3392474,-71.0904381,20.697
7868,2062548992,1769617940460,11:32:20.460,42.3392474,-71.0904381,20.697
7869,2062811136,1769617940979,11:32:20.979,42.3392474,-71.0904381,20.697
7870,2063073280,1769617941483,11:32:21.483,42.3392474,-71.0904381,20.697
7871,2063335424,1769617942066,11:32:22.066,42.3392474,-71.0904381,20.697
7872,2063597568,1769617942520,11:32:22.520,42.3392474,-71.0904381,20.697
7873,2063859712,1769617942882,11:32:22.882,42.3392474,-71.0904381,20.697
7874,2064121856,1769617943314,11:32:23.314,42.3392474,-71.0904381,20.697
7875,2064384000,1769617943663,11:32:23.663,42.3392474,-71.0904381,20.697
7876,2064646144,1769617943990,11:32:23.990,42.3392474,-71.0904381,20.697
7877,2064908288,1769617944446,11:32:24.446,42.3392474,-71.0904381,20.697
7878,2065170432,1769617944931,11:32:24.931,42.3392474,-71.0904381,20.697
7879,2065432576,1769617945369,11:32:25.369,42.3392474,-71.0904381,20.697
7880,2065694720,1769617945905,11:32:25.905,42.3392474,-71.0904381,20.697
7881,2065956864,1769617946298,11:32:26.298,42.3392474,-71.0904381,20.697
7882,2066219008,1769617946688,11:32:26.688,42.3392474,-71.0904381,20.697
7883,2066481152,1769617947138,11:32:27.138,42.3392474,-71.0904381,20.697
7884,2066743296,1769617947563,11:32:27.563,42.3392474,-71.0904381,20.697
7885,2067005440,1769617948026,11:32:28.026,42.3392474,-71.0904381,20.697
7886,2067267584,1769617948491,11:32:28.491,42.3392474,-71.0904381,20.697
7887,2067529728,1769617948898,11:32:28.898,42.3392474,-71.0904381,20.697
7888,2067791872,1769617949247,11:32:29.247,42.3392474,-71.0904381,20.697
7889,2068054016,1769617949738,11:32:29.738,42.3392474,-71.0904381,20.697
7890,2068316160,1769617950400,11:32:30.400,42.3392474,-71.0904381,20.697
7891,2068578304,1769617950944,11:32:30.944,42.3392474,-71.0904381,20.697
7892,2068840448,1769617951508,11:32:31.508,42.3392474,-71.0904381,20.697
7893,2069102592,1769617952048,11:32:32.048,42.3392474,-71.0904381,20.697
7894,2069364736,1769617952615,11:32:32.615,42.3392474,-71.0904381,20.697
7895,2069626880,1769617953070,11:32:33.070,42.3392474,-71.0904381,20.697
7896,2069889024,1769617953331,11:32:33.331,42.3392474,-71.0904381,20.697
7897,2070151168,1769617953711,11:32:33.711,42.3392474,-71.0904381,20.697
7898,2070413312,1769617954285,11:32:34.285,42.3392474,-71.0904381,20.697
7899,2070675456,1769617954768,11:32:34.768,42.3392474,-71.0904381,20.697
7900,2070937600,1769617955293,11:32:35.293,42.3392474,-71.0904381,20.697
7901,2071199744,1769617958619,11:32:38.619,42.3392474,-71.0904381,20.697
7902,2071461888,1769617958859,11:32:38.859,42.3392474,-71.0904381,20.697
7903,2071724032,1769617959095,11:32:39.095,42.3392474,-71.0904381,20.697
7904,2071986176,1769617959349,11:32:39.349,42.3392474,-71.0904381,20.697
7905,2072248320,1769617959614,11:32:39.614,42.3392474,-71.0904381,20.697
7906,2072510464,1769617959871,11:32:39.871,42.3392474,-71.0904381,20.697
7907,2072772608,1769617960130,11:32:40.130,42.3392474,-71.0904381,20.697
7908,2073034752,1769617960394,11:32:40.394,42.3392474,-71.0904381,20.697
7909,2073296896,1769617960645,11:32:40.645,42.3392474,-71.0904381,20.697
7910,2073559040,1769617960881,11:32:40.881,42.3392474,-71.0904381,20.697
7911,2073821184,1769617961126,11:32:41.126,42.3392474,-71.0904381,20.697
7912,2074083328,1769617961387,11:32:41.387,42.3392474,-71.0904381,20.697
7913,2074345472,1769617961738,11:32:41.738,42.3392474,-71.0904381,20.697
7914,2074607616,1769617962177,11:32:42.177,42.3392474,-71.0904381,20.697
7915,2074869760,1769617962530,11:32:42.530,42.3392474,-71.0904381,20.697
7916,2075131904,1769617962925,11:32:42.925,42.3392474,-71.0904381,20.697
7917,2075394048,1769617963332,11:32:43.332,42.3392474,-71.0904381,20.697
7918,2075656192,1769617963730,11:32:43.730,42.3392474,-71.0904381,20.697
7919,2075918336,1769617964208,11:32:44.208,42.3392474,-71.0904381,20.697
7920,2076180480,1769617964761,11:32:44.761,42.3392474,-71.0904381,20.697
7921,2076442624,1769617965186,11:32:45.186,42.3392474,-71.0904381,20.697
7922,2076704768,1769617965593,11:32:45.593,42.3392474,-71.0904381,20.697
7923,2076966912,1769617966091,11:32:46.091,42.3392474,-71.0904381,20.697
7924,2077229056,1769617966533,11:32:46.533,42.3392474,-71.0904381,20.697
7925,2077491200,1769617966899,11:32:46.899,42.3392474,-71.0904381,20.697
7926,2077753344,1769617967270,11:32:47.270,42.3392474,-71.0904381,20.697
7927,2078015488,1769617967772,11:32:47.772,42.3392474,-71.0904381,20.697
7928,2078277632,1769617968200,11:32:48.200,42.3392474,-71.0904381,20.697
7929,2078539776,1769617968698,11:32:48.698,42.3392474,-71.0904381,20.697
7930,2078801920,1769617969291,11:32:49.291,42.3392474,-71.0904381,20.697
7931,2079064064,1769617969847,11:32:49.847,42.3392474,-71.0904381,20.697
7932,2079326208,1769617970483,11:32:50.483,42.3392474,-71.0904381,20.697
7933,2079588352,1769617971043,11:32:51.043,42.3392474,-71.0904381,20.697
7934,2079850496,1769617971627,11:32:51.627,42.3392474,-71.0904381,20.697
7935,2080112640,1769617972077,11:32:52.077,42.3392474,-71.0904381,20.697
7936,2080374784,1769617972723,11:32:52.723,42.3392474,-71.0904381,20.697
7937,2080636928,1769617973197,11:32:53.197,42.3392474,-71.0904381,20.697
7938,2080899072,1769617973586,11:32:53.586,42.3392474,-71.0904381,20.697
7939,2081161216,1769617973971,11:32:53.971,42.3392474,-71.0904381,20.697
7940,2081423360,1769617974395,11:32:54.395,42.3392474,-71.0904381,20.697
7941,2081685504,1769617974751,11:32:54.751,42.3392474,-71.0904381,20.697
7942,2081947648,1769617975104,11:32:55.104,42.3392474,-71.0904381,20.697
7943,2082209792,1769617975451,11:32:55.451,42.3392474,-71.0904381,20.697
7944,2082471936,1769617975834,11:32:55.834,42.3392474,-71.0904381,20.697
7945,2082734080,1769617976218,11:32:56.218,42.3392474,-71.0904381,20.697
7946,2082996224,1769617976676,11:32:56.676,42.3392474,-71.0904381,20.697
7947,2083258368,1769617977041,11:32:57.041,42.3392474,-71.0904381,20.697
7948,2083520512,1769617977414,11:32:57.414,42.3392474,-71.0904381,20.697
7949,2083782656,1769617977766,11:32:57.766,42.3392474,-71.0904381,20.697
7950,2084044800,1769617978153,11:32:58.153,42.3392474,-71.0904381,20.697
7951,2084306944,1769617978558,11:32:58.558,42.3392474,-71.0904381,20.697
7952,2084569088,1769617978910,11:32:58.910,42.3392474,-71.0904381,20.697
7953,2084831232,1769617979262,11:32:59.262,42.3392474,-71.0904381,20.697
7954,2085093376,1769617979658,11:32:59.658,42.3392474,-71.0904381,20.697
7955,2085355520,1769617979964,11:32:59.964,42.3392474,-71.0904381,20.697
7956,2085617664,1769617980313,11:33:00.313,42.3392474,-71.0904381,20.697
7957,2085879808,1769617980665,11:33:00.665,42.3392474,-71.0904381,20.697
7958,2086141952,1769617981056,11:33:01.056,42.3392474,-71.0904381,20.697
7959,2086404096,1769617981408,11:33:01.408,42.3392474,-71.0904381,20.697
7960,2086666240,1769617981987,11:33:01.987,42.3392474,-71.0904381,20.697
7961,2086928384,1769617982443,11:33:02.443,42.3392474,-71.0904381,20.697
7962,2087190528,1769617982922,11:33:02.922,42.3392474,-71.0904381,20.697
7963,2087452672,1769617983300,11:33:03.300,42.3392474,-71.0904381,20.697
7964,2087714816,1769617983704,11:33:03.704,42.3392474,-71.0904381,20.697
7965,2087976960,1769617984074,11:33:04.074,42.3392474,-71.0904381,20.697
7966,2088239104,1769617984412,11:33:04.412,42.3392474,-71.0904381,20.697
7967,2088501248,1769617984818,11:33:04.818,42.3392474,-71.0904381,20.697
7968,2088763392,1769617985184,11:33:05.184,42.3392474,-71.0904381,20.697
7969,2089025536,1769617985665,11:33:05.665,42.3392474,-71.0904381,20.697
7970,2089287680,1769617989056,11:33:09.056,42.3392474,-71.0904381,20.697
7971,2089549824,1769617989335,11:33:09.335,42.3392474,-71.0904381,20.697
7972,2089811968,1769617989614,11:33:09.614,42.3392474,-71.0904381,20.697
7973,2090074112,1769617989887,11:33:09.887,42.3392474,-71.0904381,20.697
7974,2090336256,1769617990136,11:33:10.136,42.3392474,-71.0904381,20.697
7975,2090598400,1769617990402,11:33:10.402,42.3392474,-71.0904381,20.697
7976,2090860544,1769617990662,11:33:10.662,42.3392474,-71.0904381,20.697
7977,2091122688,1769617990926,11:33:10.926,42.3392474,-71.0904381,20.697
7978,2091384832,1769617991182,11:33:11.182,42.3392474,-71.0904381,20.697
7979,2091646976,1769617991439,11:33:11.439,42.3392474,-71.0904381,20.697
7980,2091909120,1769617991702,11:33:11.702,42.3392474,-71.0904381,20.697
7981,2092171264,1769617991962,11:33:11.962,42.3392474,-71.0904381,20.697
7982,2092433408,1769617992237,11:33:12.237,42.3392474,-71.0904381,20.697
7983,2092695552,1769617992519,11:33:12.519,42.3392474,-71.0904381,20.697
7984,2092957696,1769617992784,11:33:12.784,42.3392474,-71.0904381,20.697
7985,2093219840,1769617993058,11:33:13.058,42.3392474,-71.0904381,20.697
7986,2093481984,1769617993308,11:33:13.308,42.3392474,-71.0904381,20.697
7987,2093744128,1769617993556,11:33:13.556,42.3392474,-71.0904381,20.697
7988,2094006272,1769617993810,11:33:13.810,42.3392474,-71.0904381,20.697
7989,2094268416,1769617994063,11:33:14.063,42.3392474,-71.0904381,20.697
7990,2094530560,1769617994320,11:33:14.320,42.3392474,-71.0904381,20.697
7991,2094792704,1769617994576,11:33:14.576,42.3392474,-71.0904381,20.697
7992,2095054848,1769617994908,11:33:14.908,42.3392474,-71.0904381,20.697
7993,2095316992,1769617995468,11:33:15.468,42.3392474,-71.0904381,20.697
7994,2095579136,1769617996065,11:33:16.065,42.3392474,-71.0904381,20.697
7995,2095841280,1769617996702,11:33:16.702,42.3392474,-71.0904381,20.697
7996,2096103424,1769617997250,11:33:17.250,42.3392474,-71.0904381,20.697
7997,2096365568,1769617997858,11:33:17.858,42.3392474,-71.0904381,20.697
7998,2096627712,1769617998414,11:33:18.414,42.3392474,-71.0904381,20.697
7999,2096889856,1769617998779,11:33:18.779,42.3392474,-71.0904381,20.697
8000,2097152000,1769617999130,11:33:19.130,42.3392474,-71.0904381,20.697
8001,2097414144,1769617999489,11:33:19.489,42.3392474,-71.0904381,20.697
8002,2097676288,1769617999833,11:33:19.833,42.3392474,-71.0904381,20.697
8003,2097938432,1769618000202,11:33:20.202,42.3392474,-71.0904381,20.697
8004,2098200576,1769618000535,11:33:20.535,42.3392474,-71.0904381,20.697
8005,2098462720,1769618000907,11:33:20.907,42.3392474,-71.0904381,20.697
8006,2098724864,1769618001258,11:33:21.258,42.3392474,-71.0904381,20.697
8007,2098987008,1769618001609,11:33:21.609,42.3392474,-71.0904381,20.697
8008,2099249152,1769618001970,11:33:21.970,42.3392474,-71.0904381,20.697
8009,2099511296,1769618002333,11:33:22.333,42.3392474,-71.0904381,20.697
8010,2099773440,1769618002724,11:33:22.724,42.3392474,-71.0904381,20.697
8011,2100035584,1769618003118,11:33:23.118,42.3392474,-71.0904381,20.697
8012,2100297728,1769618003486,11:33:23.486,42.3392474,-71.0904381,20.697
8013,2100559872,1769618003818,11:33:23.818,42.3392474,-71.0904381,20.697
8014,2100822016,1769618004305,11:33:24.305,42.3392474,-71.0904381,20.697
8015,2101084160,1769618004733,11:33:24.733,42.3392474,-71.0904381,20.697
8016,2101346304,1769618005020,11:33:25.020,42.3392474,-71.0904381,20.697
8017,2101608448,1769618005387,11:33:25.387,42.3392474,-71.0904381,20.697
8018,2101870592,1769618005816,11:33:25.816,42.3392474,-71.0904381,20.697
8019,2102132736,1769618006262,11:33:26.262,42.3392474,-71.0904381,20.697
8020,2102394880,1769618006709,11:33:26.709,42.3392474,-71.0904381,20.697
8021,2102657024,1769618007007,11:33:27.007,42.3392474,-71.0904381,20.697
8022,2102919168,1769618007357,11:33:27.357,42.3392474,-71.0904381,20.697
8023,2103181312,1769618007759,11:33:27.759,42.3392474,-71.0904381,20.697
8024,2103443456,1769618008241,11:33:28.241,42.3392474,-71.0904381,20.697
8025,2103705600,1769618008621,11:33:28.621,42.3392474,-71.0904381,20.697
8026,2103967744,1769618008954,11:33:28.954,42.3392474,-71.0904381,20.697
8027,2104229888,1769618009309,11:33:29.309,42.3392474,-71.0904381,20.697
8028,2104492032,1769618009708,11:33:29.708,42.3392474,-71.0904381,20.697
8029,2104754176,1769618010245,11:33:30.245,42.3392474,-71.0904381,20.697
8030,2105016320,1769618010594,11:33:30.594,42.3392474,-71.0904381,20.697
8031,2105278464,1769618010946,11:33:30.946,42.3392474,-71.0904381,20.697
8032,2105540608,1769618011296,11:33:31.296,42.3392474,-71.0904381,20.697
8033,2105802752,1769618011659,11:33:31.659,42.3392474,-71.0904381,20.697
8034,2106064896,1769618012089,11:33:32.089,42.3392474,-71.0904381,20.697
8035,2106327040,1769618012443,11:33:32.443,42.3392474,-71.0904381,20.697
8036,2106589184,1769618012792,11:33:32.792,42.3392474,-71.0904381,20.697
8037,2106851328,1769618013173,11:33:33.173,42.3392474,-71.0904381,20.697
8038,2107113472,1769618013511,11:33:33.511,42.3392474,-71.0904381,20.697
8039,2107375616,1769618013889,11:33:33.889,42.3392474,-71.0904381,20.697
8040,2107637760,1769618014211,11:33:34.211,42.3392474,-71.0904381,20.697
8041,2107899904,1769618014569,11:33:34.569,42.3392474,-71.0904381,20.697
8042,2108162048,1769618014961,11:33:34.961,42.3392474,-71.0904381,20.697
8043,2108424192,1769618015311,11:33:35.311,42.3392474,-71.0904381,20.697
8044,2108686336,1769618015662,11:33:35.662,42.3392474,-71.0904381,20.697
8045,2108948480,1769618016012,11:33:36.012,42.3392474,-71.0904381,20.697
8046,2109210624,1769618016364,11:33:36.364,42.3392474,-71.0904381,20.697
8047,2109472768,1769618016713,11:33:36.713,42.3392474,-71.0904381,20.697
8048,2109734912,1769618017063,11:33:37.063,42.3392474,-71.0904381,20.697
8049,2109997056,1769618020597,11:33:40.597,42.3392474,-71.0904381,20.697
8050,2110259200,1769618020850,11:33:40.850,42.3392474,-71.0904381,20.697
8051,2110521344,1769618021089,11:33:41.089,42.3392474,-71.0904381,20.697
8052,2110783488,1769618021349,11:33:41.349,42.3392474,-71.0904381,20.697
8053,2111045632,1769618021611,11:33:41.611,42.3392474,-71.0904381,20.697
8054,2111307776,1769618021854,11:33:41.854,42.3392474,-71.0904381,20.697
8055,2111569920,1769618022114,11:33:42.114,42.3392474,-71.0904381,20.697
8056,2111832064,1769618022370,11:33:42.370,42.3392474,-71.0904381,20.697
8057,2112094208,1769618022614,11:33:42.614,42.3392474,-71.0904381,20.697
8058,2112356352,1769618022848,11:33:42.848,42.3392474,-71.0904381,20.697
8059,2112618496,1769618023089,11:33:43.089,42.3392474,-71.0904381,20.697
8060,2112880640,1769618023329,11:33:43.329,42.3392474,-71.0904381,20.697
8061,2113142784,1769618023587,11:33:43.587,42.3392474,-71.0904381,20.697
8062,2113404928,1769618023856,11:33:43.856,42.3392474,-71.0904381,20.697
8063,2113667072,1769618024114,11:33:44.114,42.3392474,-71.0904381,20.697
8064,2113929216,1769618024382,11:33:44.382,42.3392474,-71.0904381,20.697
8065,2114191360,1769618024649,11:33:44.649,42.3392474,-71.0904381,20.697
8066,2114453504,1769618024922,11:33:44.922,42.3392474,-71.0904381,20.697
8067,2114715648,1769618025184,11:33:45.184,42.3392474,-71.0904381,20.697
8068,2114977792,1769618025448,11:33:45.448,42.3392474,-71.0904381,20.697
8069,2115239936,1769618025718,11:33:45.718,42.3392474,-71.0904381,20.697
8070,2115502080,1769618025993,11:33:45.993,42.3392474,-71.0904381,20.697
8071,2115764224,1769618026257,11:33:46.257,42.3392474,-71.0904381,20.697
8072,2116026368,1769618026525,11:33:46.525,42.3392474,-71.0904381,20.697
8073,2116288512,1769618026785,11:33:46.785,42.3392474,-71.0904381,20.697
8074,2116550656,1769618027064,11:33:47.064,42.3392474,-71.0904381,20.697
8075,2116812800,1769618027324,11:33:47.324,42.3392474,-71.0904381,20.697
8076,2117074944,1769618027570,11:33:47.570,42.3392474,-71.0904381,20.697
8077,2117337088,1769618027843,11:33:47.843,42.3392474,-71.0904381,20.697
8078,2117599232,1769618028092,11:33:48.092,42.3392474,-71.0904381,20.697
8079,2117861376,1769618028514,11:33:48.514,42.3392474,-71.0904381,20.697
8080,2118123520,1769618028942,11:33:48.942,42.3392474,-71.0904381,20.697
8081,2118385664,1769618029329,11:33:49.329,42.3392474,-71.0904381,20.697
8082,2118647808,1769618029839,11:33:49.839,42.3392474,-71.0904381,20.697
8083,2118909952,1769618030372,11:33:50.372,42.3392474,-71.0904381,20.697
8084,2119172096,1769618030786,11:33:50.786,42.3392474,-71.0904381,20.697
8085,2119434240,1769618031135,11:33:51.135,42.3392474,-71.0904381,20.697
8086,2119696384,1769618031714,11:33:51.714,42.3392474,-71.0904381,20.697
8087,2119958528,1769618032295,11:33:52.295,42.3392474,-71.0904381,20.697
8088,2120220672,1769618032897,11:33:52.897,42.3392474,-71.0904381,20.697
8089,2120482816,1769618033367,11:33:53.367,42.3392474,-71.0904381,20.697
8090,2120744960,1769618033758,11:33:53.758,42.3392474,-71.0904381,20.697
8091,2121007104,1769618034291,11:33:54.291,42.3392474,-71.0904381,20.697
8092,2121269248,1769618034795,11:33:54.795,42.3392474,-71.0904381,20.697
8093,2121531392,1769618035325,11:33:55.325,42.3392474,-71.0904381,20.697
8094,2121793536,1769618035761,11:33:55.761,42.3392474,-71.0904381,20.697
8095,2122055680,1769618036202,11:33:56.202,42.3392474,-71.0904381,20.697
8096,2122317824,1769618036888,11:33:56.888,42.3392474,-71.0904381,20.697
8097,2122579968,1769618037378,11:33:57.378,42.3392474,-71.0904381,20.697
8098,2122842112,1769618037729,11:33:57.729,42.3392474,-71.0904381,20.697
8099,2123104256,1769618038092,11:33:58.092,42.3392474,-71.0904381,20.697
8100,2123366400,1769618038563,11:33:58.563,42.3392474,-71.0904381,20.697
8101,2123628544,1769618038993,11:33:58.993,42.3392474,-71.0904381,20.697
8102,2123890688,1769618039372,11:33:59.372,42.3392474,-71.0904381,20.697
8103,2124152832,1769618039835,11:33:59.835,42.3392474,-71.0904381,20.697
8104,2124414976,1769618040234,11:34:00.234,42.3392474,-71.0904381,20.697
8105,2124677120,1769618040562,11:34:00.562,42.3392474,-71.0904381,20.697
8106,2124939264,1769618040949,11:34:00.949,42.3392474,-71.0904381,20.697
8107,2125201408,1769618041441,11:34:01.441,42.3392474,-71.0904381,20.697
8108,2125463552,1769618041851,11:34:01.851,42.3392474,-71.0904381,20.697
8109,2125725696,1769618042203,11:34:02.203,42.3392474,-71.0904381,20.697
8110,2125987840,1769618042574,11:34:02.574,42.3392474,-71.0904381,20.697
8111,2126249984,1769618043033,11:34:03.033,42.3392474,-71.0904381,20.697
8112,2126512128,1769618043468,11:34:03.468,42.3392474,-71.0904381,20.697
8113,2126774272,1769618043989,11:34:03.989,42.3392474,-71.0904381,20.697
8114,2127036416,1769618044374,11:34:04.374,42.3392474,-71.0904381,20.697
8115,2127298560,1769618044738,11:34:04.738,42.3392474,-71.0904381,20.697
8116,2127560704,1769618045204,11:34:05.204,42.3392474,-71.0904381,20.697
8117,2127822848,1769618045636,11:34:05.636,42.3392474,-71.0904381,20.697
8118,2128084992,1769618046155,11:34:06.155,42.3392474,-71.0904381,20.697
8119,2128347136,1769618046510,11:34:06.510,42.3392474,-71.0904381,20.697
8120,2128609280,1769618046862,11:34:06.862,42.3392474,-71.0904381,20.697
8121,2128871424,1769618047225,11:34:07.225,42.3392474,-71.0904381,20.697
8122,2129133568,1769618050889,11:34:10.889,42.3392474,-71.0904381,20.697
8123,2129395712,1769618051182,11:34:11.182,42.3392474,-71.0904381,20.697
8124,2129657856,1769618051466,11:34:11.466,42.3392474,-71.0904381,20.697
8125,2129920000,1769618051754,11:34:11.754,42.3392474,-71.0904381,20.697
8126,2130182144,1769618052010,11:34:12.010,42.3392474,-71.0904381,20.697
8127,2130444288,1769618052289,11:34:12.289,42.3392474,-71.0904381,20.697
8128,2130706432,1769618052597,11:34:12.597,42.3392474,-71.0904381,20.697
8129,2130968576,1769618052853,11:34:12.853,42.3392474,-71.0904381,20.697
8130,2131230720,1769618053102,11:34:13.102,42.3392474,-71.0904381,20.697
8131,2131492864,1769618053374,11:34:13.374,42.3392474,-71.0904381,20.697
8132,2131755008,1769618053650,11:34:13.650,42.3392474,-71.0904381,20.697
8133,2132017152,1769618053905,11:34:13.905,42.3392474,-71.0904381,20.697
8134,2132279296,1769618054170,11:34:14.170,42.3392474,-71.0904381,20.697
8135,2132541440,1769618054423,11:34:14.423,42.3392474,-71.0904381,20.697
8136,2132803584,1769618054680,11:34:14.680,42.3392474,-71.0904381,20.697
8137,2133065728,1769618054937,11:34:14.937,42.3392474,-71.0904381,20.697
8138,2133327872,1769618055193,11:34:15.193,42.3392474,-71.0904381,20.697
8139,2133590016,1769618055447,11:34:15.447,42.3392474,-71.0904381,20.697
8140,2133852160,1769618055707,11:34:15.707,42.3392474,-71.0904381,20.697
8141,2134114304,1769618055985,11:34:15.985,42.3392474,-71.0904381,20.697
8142,2134376448,1769618056319,11:34:16.319,42.3392474,-71.0904381,20.697
8143,2134638592,1769618056820,11:34:16.820,42.3392474,-71.0904381,20.697
8144,2134900736,1769618057260,11:34:17.260,42.3392474,-71.0904381,20.697
8145,2135162880,1769618057611,11:34:17.611,42.3392474,-71.0904381,20.697
8146,2135425024,1769618058067,11:34:18.067,42.3392474,-71.0904381,20.697
8147,2135687168,1769618058480,11:34:18.480,42.3392474,-71.0904381,20.697
8148,2135949312,1769618058856,11:34:18.856,42.3392474,-71.0904381,20.697
8149,2136211456,1769618059234,11:34:19.234,42.3392474,-71.0904381,20.697
8150,2136473600,1769618059558,11:34:19.558,42.3392474,-71.0904381,20.697
8151,2136735744,1769618059910,11:34:19.910,42.3392474,-71.0904381,20.697
8152,2136997888,1769618060278,11:34:20.278,42.3392474,-71.0904381,20.697
8153,2137260032,1769618060785,11:34:20.785,42.3392474,-71.0904381,20.697
8154,2137522176,1769618061318,11:34:21.318,42.3392474,-71.0904381,20.697
8155,2137784320,1769618061756,11:34:21.756,42.3392474,-71.0904381,20.697
8156,2138046464,1769618062041,11:34:22.041,42.3392474,-71.0904381,20.697
8157,2138308608,1769618062490,11:34:22.490,42.3392474,-71.0904381,20.697
8158,2138570752,1769618062991,11:34:22.991,42.3392474,-71.0904381,20.697
8159,2138832896,1769618063430,11:34:23.430,42.3392474,-71.0904381,20.697
8160,2139095040,1769618063866,11:34:23.866,42.3392474,-71.0904381,20.697
8161,2139357184,1769618064216,11:34:24.216,42.3392474,-71.0904381,20.697
8162,2139619328,1769618064873,11:34:24.873,42.3392474,-71.0904381,20.697
8163,2139881472,1769618065384,11:34:25.384,42.3392474,-71.0904381,20.697
8164,2140143616,1769618065909,11:34:25.909,42.3392474,-71.0904381,20.697
8165,2140405760,1769618066375,11:34:26.375,42.3392474,-71.0904381,20.697
8166,2140667904,1769618066721,11:34:26.721,42.3392474,-71.0904381,20.697
8167,2140930048,1769618067299,11:34:27.299,42.3392474,-71.0904381,20.697
8168,2141192192,1769618067876,11:34:27.876,42.3392474,-71.0904381,20.697
8169,2141454336,1769618068302,11:34:28.302,42.3392474,-71.0904381,20.697
8170,2141716480,1769618068641,11:34:28.641,42.3392474,-71.0904381,20.697
8171,2141978624,1769618069008,11:34:29.008,42.3392474,-71.0904381,20.697
8172,2142240768,1769618069536,11:34:29.536,42.3392474,-71.0904381,20.697
8173,2142502912,1769618070046,11:34:30.046,42.3392474,-71.0904381,20.697
8174,2142765056,1769618070418,11:34:30.418,42.3392474,-71.0904381,20.697
8175,2143027200,1769618070781,11:34:30.781,42.3392474,-71.0904381,20.697
8176,2143289344,1769618071370,11:34:31.370,42.3392474,-71.0904381,20.697
8177,2143551488,1769618071861,11:34:31.861,42.3392474,-71.0904381,20.697
8178,2143813632,1769618072245,11:34:32.245,42.3392474,-71.0904381,20.697
8179,2144075776,1769618072663,11:34:32.663,42.3392474,-71.0904381,20.697
8180,2144337920,1769618072977,11:34:32.977,42.3392474,-71.0904381,20.697
8181,2144600064,1769618073328,11:34:33.328,42.3392474,-71.0904381,20.697
8182,2144862208,1769618073676,11:34:33.676,42.3392474,-71.0904381,20.697
8183,2145124352,1769618074016,11:34:34.016,42.3392474,-71.0904381,20.697
8184,2145386496,1769618074369,11:34:34.369,42.3392474,-71.0904381,20.697
8185,2145648640,1769618074719,11:34:34.719,42.3392474,-71.0904381,20.697
8186,2145910784,1769618075069,11:34:35.069,42.3392474,-71.0904381,20.697
8187,2146172928,1769618075520,11:34:35.520,42.3392474,-71.0904381,20.697
8188,2146435072,1769618076130,11:34:36.130,42.3392474,-71.0904381,20.697
8189,2146697216,1769618076668,11:34:36.668,42.3392474,-71.0904381,20.697
8190,2146959360,1769618077053,11:34:37.053,42.3392474,-71.0904381,20.697
8191,2147221504,1769618077403,11:34:37.403,42.3392474,-71.0904381,20.697
8192,2147483648,1769618077784,11:34:37.784,42.3392474,-71.0904381,20.697
8193,2147745792,1769618081389,11:34:41.389,42.3392474,-71.0904381,20.697
8194,2148007936,1769618081648,11:34:41.648,42.3392474,-71.0904381,20.697
8195,2148270080,1769618081897,11:34:41.897,42.3392474,-71.0904381,20.697
8196,2148532224,1769618082145,11:34:42.145,42.3392474,-71.0904381,20.697
8197,2148794368,1769618082409,11:34:42.409,42.3392474,-71.0904381,20.697
8198,2149056512,1769618082662,11:34:42.662,42.3392474,-71.0904381,20.697
8199,2149318656,1769618082898,11:34:42.898,42.3392474,-71.0904381,20.697
8200,2149580800,1769618083158,11:34:43.158,42.3392474,-71.0904381,20.697
8201,2149842944,1769618083421,11:34:43.421,42.3392474,-71.0904381,20.697
8202,2150105088,1769618083695,11:34:43.695,42.3392474,-71.0904381,20.697
8203,2150367232,1769618083954,11:34:43.954,42.3392474,-71.0904381,20.697
8204,2150629376,1769618084213,11:34:44.213,42.3392474,-71.0904381,20.697
8205,2150891520,1769618084463,11:34:44.463,42.3392474,-71.0904381,20.697
8206,2151153664,1769618084720,11:34:44.720,42.3392474,-71.0904381,20.697
8207,2151415808,1769618084971,11:34:44.971,42.3392474,-71.0904381,20.697
8208,2151677952,1769618085349,11:34:45.349,42.3392474,-71.0904381,20.697
8209,2151940096,1769618085809,11:34:45.809,42.3392474,-71.0904381,20.697
8210,2152202240,1769618086264,11:34:46.264,42.3392474,-71.0904381,20.697
8211,2152464384,1769618086724,11:34:46.724,42.3392474,-71.0904381,20.697
8212,2152726528,1769618087103,11:34:47.103,42.3392474,-71.0904381,20.697
8213,2152988672,1769618087512,11:34:47.512,42.3392474,-71.0904381,20.697
8214,2153250816,1769618087837,11:34:47.837,42.3392474,-71.0904381,20.697
8215,2153512960,1769618088319,11:34:48.319,42.3392474,-71.0904381,20.697
8216,2153775104,1769618088775,11:34:48.775,42.3392474,-71.0904381,20.697
8217,2154037248,1769618089141,11:34:49.141,42.3392474,-71.0904381,20.697
8218,2154299392,1769618089639,11:34:49.639,42.3392474,-71.0904381,20.697
8219,2154561536,1769618090151,11:34:50.151,42.3392474,-71.0904381,20.697
8220,2154823680,1769618090657,11:34:50.657,42.3392474,-71.0904381,20.697
8221,2155085824,1769618091156,11:34:51.156,42.3392474,-71.0904381,20.697
8222,2155347968,1769618091688,11:34:51.688,42.3392474,-71.0904381,20.697
8223,2155610112,1769618092231,11:34:52.231,42.3392474,-71.0904381,20.697
8224,2155872256,1769618092785,11:34:52.785,42.3392474,-71.0904381,20.697
8225,2156134400,1769618093311,11:34:53.311,42.3392474,-71.0904381,20.697
8226,2156396544,1769618093837,11:34:53.837,42.3392474,-71.0904381,20.697
8227,2156658688,1769618094278,11:34:54.278,42.3392474,-71.0904381,20.697
8228,2156920832,1769618094834,11:34:54.834,42.3392474,-71.0904381,20.697
8229,2157182976,1769618095350,11:34:55.350,42.3392474,-71.0904381,20.697
8230,2157445120,1769618095787,11:34:55.787,42.3392474,-71.0904381,20.697
8231,2157707264,1769618096225,11:34:56.225,42.3392474,-71.0904381,20.697
8232,2157969408,1769618096693,11:34:56.693,42.3392474,-71.0904381,20.697
8233,2158231552,1769618097196,11:34:57.196,42.3392474,-71.0904381,20.697
8234,2158493696,1769618097723,11:34:57.723,42.3392474,-71.0904381,20.697
8235,2158755840,1769618098176,11:34:58.176,42.3392474,-71.0904381,20.697
8236,2159017984,1769618098586,11:34:58.586,42.3392474,-71.0904381,20.697
8237,2159280128,1769618098960,11:34:58.960,42.3392474,-71.0904381,20.697
8238,2159542272,1769618099288,11:34:59.288,42.3392474,-71.0904381,20.697
8239,2159804416,1769618099638,11:34:59.638,42.3392474,-71.0904381,20.697
8240,2160066560,1769618099995,11:34:59.995,42.3392474,-71.0904381,20.697
8241,2160328704,1769618100486,11:35:00.486,42.3392474,-71.0904381,20.697
8242,2160590848,1769618100980,11:35:00.980,42.3392474,-71.0904381,20.697
8243,2160852992,1769618101404,11:35:01.404,42.3392474,-71.0904381,20.697
8244,2161115136,1769618101789,11:35:01.789,42.3392474,-71.0904381,20.697
8245,2161377280,1769618102202,11:35:02.202,42.3392474,-71.0904381,20.697
8246,2161639424,1769618102661,11:35:02.661,42.3392474,-71.0904381,20.697
8247,2161901568,1769618103051,11:35:03.051,42.3392474,-71.0904381,20.697
8248,2162163712,1769618103469,11:35:03.469,42.3392474,-71.0904381,20.697
8249,2162425856,1769618103848,11:35:03.848,42.3392474,-71.0904381,20.697
8250,2162688000,1769618104451,11:35:04.451,42.3392474,-71.0904381,20.697
8251,2162950144,1769618104871,11:35:04.871,42.3392474,-71.0904381,20.697
8252,2163212288,1769618105314,11:35:05.314,42.3392474,-71.0904381,20.697
8253,2163474432,1769618105664,11:35:05.664,42.3392474,-71.0904381,20.697
8254,2163736576,1769618106516,11:35:06.516,42.3392474,-71.0904381,20.697
8255,2163998720,1769618107290,11:35:07.290,42.3392474,-71.0904381,20.697
8256,2164260864,1769618107899,11:35:07.899,42.3392474,-71.0904381,20.697
8257,2164523008,1769618111526,11:35:11.526,42.3392474,-71.0904381,20.697
8258,2164785152,1769618111822,11:35:11.822,42.3392474,-71.0904381,20.697
8259,2165047296,1769618112112,11:35:12.112,42.3392474,-71.0904381,20.697
8260,2165309440,1769618112423,11:35:12.423,42.3392474,-71.0904381,20.697
8261,2165571584,1769618112720,11:35:12.720,42.3392474,-71.0904381,20.697
8262,2165833728,1769618112964,11:35:12.964,42.3392474,-71.0904381,20.697
8263,2166095872,1769618113628,11:35:13.628,42.3392474,-71.0904381,20.697
8264,2166358016,1769618114084,11:35:14.084,42.3392474,-71.0904381,20.697
8265,2166620160,1769618114341,11:35:14.341,42.3392474,-71.0904381,20.697
8266,2166882304,1769618114683,11:35:14.683,42.3392474,-71.0904381,20.697
8267,2167144448,1769618115151,11:35:15.151,42.3392474,-71.0904381,20.697
8268,2167406592,1769618115625,11:35:15.625,42.3392474,-71.0904381,20.697
8269,2167668736,1769618115991,11:35:15.991,42.3392474,-71.0904381,20.697
8270,2167930880,1769618116767,11:35:16.767,42.3392474,-71.0904381,20.697
8271,2168193024,1769618117657,11:35:17.657,42.3392474,-71.0904381,20.697
8272,2168455168,1769618118694,11:35:18.694,42.3392474,-71.0904381,20.697
8273,2168717312,1769618119992,11:35:19.992,42.3392474,-71.0904381,20.697
8274,2168979456,1769618121665,11:35:21.665,42.3392474,-71.0904381,20.697
8275,2169241600,1769618123313,11:35:23.313,42.3392474,-71.0904381,20.697
8276,2169503744,1769618124263,11:35:24.263,42.3392474,-71.0904381,20.697
8277,2169765888,1769618124708,11:35:24.708,42.3392474,-71.0904381,20.697
8278,2170028032,1769618125629,11:35:25.629,42.3392474,-71.0904381,20.697
8279,2170290176,1769618126555,11:35:26.555,42.3392474,-71.0904381,20.697
8280,2170552320,1769618127320,11:35:27.320,42.3392474,-71.0904381,20.697
8281,2170814464,1769618128099,11:35:28.099,42.3392474,-71.0904381,20.697
8282,2171076608,1769618128675,11:35:28.675,42.3392474,-71.0904381,20.697
8283,2171338752,1769618129131,11:35:29.131,42.3392474,-71.0904381,20.697
8284,2171600896,1769618129694,11:35:29.694,42.3392474,-71.0904381,20.697
8285,2171863040,1769618130149,11:35:30.149,42.3392474,-71.0904381,20.697
8286,2172125184,1769618130772,11:35:30.772,42.3392474,-71.0904381,20.697
8287,2172387328,1769618131406,11:35:31.406,42.3392474,-71.0904381,20.697
8288,2172649472,1769618131945,11:35:31.945,42.3392474,-71.0904381,20.697
8289,2172911616,1769618132322,11:35:32.322,42.3392474,-71.0904381,20.697
8290,2173173760,1769618132750,11:35:32.750,42.3392474,-71.0904381,20.697
8291,2173435904,1769618133186,11:35:33.186,42.3392474,-71.0904381,20.697
8292,2173698048,1769618133505,11:35:33.505,42.3392474,-71.0904381,20.697
8293,2173960192,1769618133825,11:35:33.825,42.3392474,-71.0904381,20.697
8294,2174222336,1769618134143,11:35:34.143,42.3392474,-71.0904381,20.697
8295,2174484480,1769618134490,11:35:34.490,42.3392474,-71.0904381,20.697
8296,2174746624,1769618134841,11:35:34.841,42.3392474,-71.0904381,20.697
8297,2175008768,1769618135191,11:35:35.191,42.3392474,-71.0904381,20.697
8298,2175270912,1769618135542,11:35:35.542,42.3392474,-71.0904381,20.697
8299,2175533056,1769618135983,11:35:35.983,42.3392474,-71.0904381,20.697
8300,2175795200,1769618136529,11:35:36.529,42.3392474,-71.0904381,20.697
8301,2176057344,1769618136945,11:35:36.945,42.3392474,-71.0904381,20.697
8302,2176319488,1769618137399,11:35:37.399,42.3392474,-71.0904381,20.697
8303,2176581632,1769618137854,11:35:37.854,42.3392474,-71.0904381,20.697
8304,2176843776,1769618138368,11:35:38.368,42.3392474,-71.0904381,20.697
8305,2177105920,1769618138817,11:35:38.817,42.3392474,-71.0904381,20.697
8306,2177368064,1769618142108,11:35:42.108,42.3392474,-71.0904381,20.697
8307,2177630208,1769618142351,11:35:42.351,42.3392474,-71.0904381,20.697
8308,2177892352,1769618142620,11:35:42.620,42.3392474,-71.0904381,20.697
8309,2178154496,1769618142868,11:35:42.868,42.3392474,-71.0904381,20.697
8310,2178416640,1769618143128,11:35:43.128,42.3392474,-71.0904381,20.697
8311,2178678784,1769618143379,11:35:43.379,42.3392474,-71.0904381,20.697
8312,2178940928,1769618143632,11:35:43.632,42.3392474,-71.0904381,20.697
8313,2179203072,1769618143902,11:35:43.902,42.3392474,-71.0904381,20.697
8314,2179465216,1769618144167,11:35:44.167,42.3392474,-71.0904381,20.697
8315,2179727360,1769618144419,11:35:44.419,42.3392474,-71.0904381,20.697
8316,2179989504,1769618144663,11:35:44.663,42.3392474,-71.0904381,20.697
8317,2180251648,1769618144945,11:35:44.945,42.3392474,-71.0904381,20.697
8318,2180513792,1769618145203,11:35:45.203,42.3392474,-71.0904381,20.697
8319,2180775936,1769618145469,11:35:45.469,42.3392474,-71.0904381,20.697
8320,2181038080,1769618145967,11:35:45.967,42.3392474,-71.0904381,20.697
8321,2181300224,1769618146437,11:35:46.437,42.3392474,-71.0904381,20.697
8322,2181562368,1769618146926,11:35:46.926,42.3392474,-71.0904381,20.697
8323,2181824512,1769618147459,11:35:47.459,42.3392474,-71.0904381,20.697
8324,2182086656,1769618147837,11:35:47.837,42.3392474,-71.0904381,20.697
8325,2182348800,1769618148499,11:35:48.499,42.3392474,-71.0904381,20.697
8326,2182610944,1769618149055,11:35:49.055,42.3392474,-71.0904381,20.697
8327,2182873088,1769618149681,11:35:49.681,42.3392474,-71.0904381,20.697
8328,2183135232,1769618150254,11:35:50.254,42.3392474,-71.0904381,20.697
8329,2183397376,1769618150646,11:35:50.646,42.3392474,-71.0904381,20.697
8330,2183659520,1769618151099,11:35:51.099,42.3392474,-71.0904381,20.697
8331,2183921664,1769618151576,11:35:51.576,42.3392474,-71.0904381,20.697
8332,2184183808,1769618152046,11:35:52.046,42.3392474,-71.0904381,20.697
8333,2184445952,1769618152512,11:35:52.512,42.3392474,-71.0904381,20.697
8334,2184708096,1769618152901,11:35:52.901,42.3392474,-71.0904381,20.697
8335,2184970240,1769618153213,11:35:53.213,42.3392474,-71.0904381,20.697
8336,2185232384,1769618153575,11:35:53.575,42.3392474,-71.0904381,20.697
8337,2185494528,1769618153926,11:35:53.926,42.3392474,-71.0904381,20.697
8338,2185756672,1769618154335,11:35:54.335,42.3392474,-71.0904381,20.697
8339,2186018816,1769618154626,11:35:54.626,42.3392474,-71.0904381,20.697
8340,2186280960,1769618154976,11:35:54.976,42.3392474,-71.0904381,20.697
8341,2186543104,1769618155327,11:35:55.327,42.3392474,-71.0904381,20.697
8342,2186805248,1769618155732,11:35:55.732,42.3392474,-71.0904381,20.697
8343,2187067392,1769618156143,11:35:56.143,42.3392474,-71.0904381,20.697
8344,2187329536,1769618156546,11:35:56.546,42.3392474,-71.0904381,20.697
8345,2187591680,1769618156970,11:35:56.970,42.3392474,-71.0904381,20.697
8346,2187853824,1769618157336,11:35:57.336,42.3392474,-71.0904381,20.697
8347,2188115968,1769618157733,11:35:57.733,42.3392474,-71.0904381,20.697
8348,2188378112,1769618158160,11:35:58.160,42.3392474,-71.0904381,20.697
8349,2188640256,1769618158561,11:35:58.561,42.3392474,-71.0904381,20.697
8350,2188902400,1769618158975,11:35:58.975,42.3392474,-71.0904381,20.697
8351,2189164544,1769618159317,11:35:59.317,42.3392474,-71.0904381,20.697
8352,2189426688,1769618159698,11:35:59.698,42.3392474,-71.0904381,20.697
8353,2189688832,1769618160156,11:36:00.156,42.3392474,-71.0904381,20.697
8354,2189950976,1769618160601,11:36:00.601,42.3392474,-71.0904381,20.697
8355,2190213120,1769618161044,11:36:01.044,42.3392474,-71.0904381,20.697
8356,2190475264,1769618161452,11:36:01.452,42.3392474,-71.0904381,20.697
8357,2190737408,1769618161841,11:36:01.841,42.3392474,-71.0904381,20.697
8358,2190999552,1769618162300,11:36:02.300,42.3392474,-71.0904381,20.697
8359,2191261696,1769618162666,11:36:02.666,42.3392474,-71.0904381,20.697
8360,2191523840,1769618163142,11:36:03.142,42.3392474,-71.0904381,20.697
8361,2191785984,1769618163609,11:36:03.609,42.3392474,-71.0904381,20.697
8362,2192048128,1769618164242,11:36:04.242,42.3392474,-71.0904381,20.697
8363,2192310272,1769618164744,11:36:04.744,42.3392474,-71.0904381,20.697
8364,2192572416,1769618165232,11:36:05.232,42.3392474,-71.0904381,20.697
8365,2192834560,1769618165673,11:36:05.673,42.3392474,-71.0904381,20.697
8366,2193096704,1769618166217,11:36:06.217,42.3392474,-71.0904381,20.697
8367,2193358848,1769618166637,11:36:06.637,42.3392474,-71.0904381,20.697
8368,2193620992,1769618167164,11:36:07.164,42.3392474,-71.0904381,20.697
8369,2193883136,1769618167641,11:36:07.641,42.3392474,-71.0904381,20.697
8370,2194145280,1769618167926,11:36:07.926,42.3392474,-71.0904381,20.697
8371,2194407424,1769618168276,11:36:08.276,42.3392474,-71.0904381,20.697
8372,2194669568,1769618168632,11:36:08.632,42.3392474,-71.0904381,20.697
8373,2194931712,1769618169011,11:36:09.011,42.3392474,-71.0904381,20.697
8374,2195193856,1769618172704,11:36:12.704,42.3392474,-71.0904381,20.697
8375,2195456000,1769618173003,11:36:13.003,42.3392474,-71.0904381,20.697
8376,2195718144,1769618173289,11:36:13.289,42.3392474,-71.0904381,20.697
8377,2195980288,1769618173574,11:36:13.574,42.3392474,-71.0904381,20.697
8378,2196242432,1769618173864,11:36:13.864,42.3392474,-71.0904381,20.697
8379,2196504576,1769618174105,11:36:14.105,42.3392474,-71.0904381,20.697
8380,2196766720,1769618174369,11:36:14.369,42.3392474,-71.0904381,20.697
8381,2197028864,1769618174639,11:36:14.639,42.3392474,-71.0904381,20.697
8382,2197291008,1769618174913,11:36:14.913,42.3392474,-71.0904381,20.697
8383,2197553152,1769618175173,11:36:15.173,42.3392474,-71.0904381,20.697
8384,2197815296,1769618175419,11:36:15.419,42.3392474,-71.0904381,20.697
8385,2198077440,1769618175669,11:36:15.669,42.3392474,-71.0904381,20.697
8386,2198339584,1769618175938,11:36:15.938,42.3392474,-71.0904381,20.697
8387,2198601728,1769618176186,11:36:16.186,42.3392474,-71.0904381,20.697
8388,2198863872,1769618176446,11:36:16.446,42.3392474,-71.0904381,20.697
8389,2199126016,1769618176700,11:36:16.700,42.3392474,-71.0904381,20.697
8390,2199388160,1769618176955,11:36:16.955,42.3392474,-71.0904381,20.697
8391,2199650304,1769618177209,11:36:17.209,42.3392474,-71.0904381,20.697
8392,2199912448,1769618177459,11:36:17.459,42.3392474,-71.0904381,20.697
8393,2200174592,1769618177742,11:36:17.742,42.3392474,-71.0904381,20.697
8394,2200436736,1769618177988,11:36:17.988,42.3392474,-71.0904381,20.697
8395,2200698880,1769618178229,11:36:18.229,42.3392474,-71.0904381,20.697
8396,2200961024,1769618178485,11:36:18.485,42.3392474,-71.0904381,20.697
8397,2201223168,1769618178741,11:36:18.741,42.3392474,-71.0904381,20.697
8398,2201485312,1769618179009,11:36:19.009,42.3392474,-71.0904381,20.697
8399,2201747456,1769618179401,11:36:19.401,42.3392474,-71.0904381,20.697
8400,2202009600,1769618179782,11:36:19.782,42.3392474,-71.0904381,20.697
8401,2202271744,1769618180182,11:36:20.182,42.3392474,-71.0904381,20.697
8402,2202533888,1769618180563,11:36:20.563,42.3392474,-71.0904381,20.697
8403,2202796032,1769618180897,11:36:20.897,42.3392474,-71.0904381,20.697
8404,2203058176,1769618181265,11:36:21.265,42.3392474,-71.0904381,20.697
8405,2203320320,1769618181801,11:36:21.801,42.3392474,-71.0904381,20.697
8406,2203582464,1769618182294,11:36:22.294,42.3392474,-71.0904381,20.697
8407,2203844608,1769618182765,11:36:22.765,42.3392474,-71.0904381,20.697
8408,2204106752,1769618183286,11:36:23.286,42.3392474,-71.0904381,20.697
8409,2204368896,1769618183700,11:36:23.700,42.3392474,-71.0904381,20.697
8410,2204631040,1769618184095,11:36:24.095,42.3392474,-71.0904381,20.697
8411,2204893184,1769618184559,11:36:24.559,42.3392474,-71.0904381,20.697
8412,2205155328,1769618185027,11:36:25.027,42.3392474,-71.0904381,20.697
8413,2205417472,1769618185556,11:36:25.556,42.3392474,-71.0904381,20.697
8414,2205679616,1769618186069,11:36:26.069,42.3392474,-71.0904381,20.697
8415,2205941760,1769618186433,11:36:26.433,42.3392474,-71.0904381,20.697
8416,2206203904,1769618186798,11:36:26.798,42.3392474,-71.0904381,20.697
8417,2206466048,1769618187146,11:36:27.146,42.3392474,-71.0904381,20.697
8418,2206728192,1769618187625,11:36:27.625,42.3392474,-71.0904381,20.697
8419,2206990336,1769618188152,11:36:28.152,42.3392474,-71.0904381,20.697
8420,2207252480,1769618188532,11:36:28.532,42.3392474,-71.0904381,20.697
8421,2207514624,1769618188893,11:36:28.893,42.3392474,-71.0904381,20.697
8422,2207776768,1769618189287,11:36:29.287,42.3392474,-71.0904381,20.697
8423,2208038912,1769618189630,11:36:29.630,42.3392474,-71.0904381,20.697
8424,2208301056,1769618190055,11:36:30.055,42.3392474,-71.0904381,20.697
8425,2208563200,1769618190517,11:36:30.517,42.3392474,-71.0904381,20.697
8426,2208825344,1769618190912,11:36:30.912,42.3392474,-71.0904381,20.697
8427,2209087488,1769618191411,11:36:31.411,42.3392474,-71.0904381,20.697
8428,2209349632,1769618191889,11:36:31.889,42.3392474,-71.0904381,20.697
8429,2209611776,1769618192254,11:36:32.254,42.3392474,-71.0904381,20.697
8430,2209873920,1769618192777,11:36:32.777,42.3392474,-71.0904381,20.697
8431,2210136064,1769618193315,11:36:33.315,42.3392474,-71.0904381,20.697
8432,2210398208,1769618193852,11:36:33.852,42.3392474,-71.0904381,20.697
8433,2210660352,1769618194334,11:36:34.334,42.3392474,-71.0904381,20.697
8434,2210922496,1769618194837,11:36:34.837,42.3392474,-71.0904381,20.697
8435,2211184640,1769618195316,11:36:35.316,42.3392474,-71.0904381,20.697
8436,2211446784,1769618195787,11:36:35.787,42.3392474,-71.0904381,20.697
8437,2211708928,1769618196228,11:36:36.228,42.3392474,-71.0904381,20.697
8438,2211971072,1769618196652,11:36:36.652,42.3392474,-71.0904381,20.697
8439,2212233216,1769618197003,11:36:37.003,42.3392474,-71.0904381,20.697
8440,2212495360,1769618197414,11:36:37.414,42.3392474,-71.0904381,20.697
8441,2212757504,1769618197809,11:36:37.809,42.3392474,-71.0904381,20.697
8442,2213019648,1769618198206,11:36:38.206,42.3392474,-71.0904381,20.697
8443,2213281792,1769618198529,11:36:38.529,42.3392474,-71.0904381,20.697
8444,2213543936,1769618198858,11:36:38.858,42.3392474,-71.0904381,20.697
8445,2213806080,1769618199211,11:36:39.211,42.3392474,-71.0904381,20.697
8446,2214068224,1769618199665,11:36:39.665,42.3392474,-71.0904381,20.697
8447,2214330368,1769618200192,11:36:40.192,42.3392474,-71.0904381,20.697
8448,2214592512,1769618200620,11:36:40.620,42.3392474,-71.0904381,20.697
8449,2214854656,1769618201001,11:36:41.001,42.3392474,-71.0904381,20.697
8450,2215116800,1769618201382,11:36:41.382,42.3392474,-71.0904381,20.697
8451,2215378944,1769618201732,11:36:41.732,42.3392474,-71.0904381,20.697
8452,2215641088,1769618202098,11:36:42.098,42.3392474,-71.0904381,20.697
8453,2215903232,1769618205764,11:36:45.764,42.3392474,-71.0904381,20.697
8454,2216165376,1769618206017,11:36:46.017,42.3392474,-71.0904381,20.697
8455,2216427520,1769618206273,11:36:46.273,42.3392474,-71.0904381,20.697
8456,2216689664,1769618206514,11:36:46.514,42.3392474,-71.0904381,20.697
8457,2216951808,1769618207102,11:36:47.102,42.3392474,-71.0904381,20.697
8458,2217213952,1769618209163,11:36:49.163,42.3392474,-71.0904381,20.697
8459,2217476096,1769618211393,11:36:51.393,42.3392474,-71.0904381,20.697
8460,2217738240,1769618212890,11:36:52.890,42.3392474,-71.0904381,20.697
8461,2218000384,1769618214315,11:36:54.315,42.3392474,-71.0904381,20.697
8462,2218262528,1769618215251,11:36:55.251,42.3392474,-71.0904381,20.697
8463,2218524672,1769618216059,11:36:56.059,42.3392474,-71.0904381,20.697
8464,2218786816,1769618216743,11:36:56.743,42.3392474,-71.0904381,20.697
8465,2219048960,1769618217498,11:36:57.498,42.3392474,-71.0904381,20.697
8466,2219311104,1769618218061,11:36:58.061,42.3392474,-71.0904381,20.697
8467,2219573248,1769618218592,11:36:58.592,42.3392474,-71.0904381,20.697
8468,2219835392,1769618219362,11:36:59.362,42.3392474,-71.0904381,20.697
8469,2220097536,1769618219955,11:36:59.955,42.3392474,-71.0904381,20.697
8470,2220359680,1769618220456,11:37:00.456,42.3392474,-71.0904381,20.697
8471,2220621824,1769618220869,11:37:00.869,42.3392474,-71.0904381,20.697
8472,2220883968,1769618221338,11:37:01.338,42.3392474,-71.0904381,20.697
8473,2221146112,1769618221751,11:37:01.751,42.3392474,-71.0904381,20.697
8474,2221408256,1769618222169,11:37:02.169,42.3392474,-71.0904381,20.697
8475,2221670400,1769618222620,11:37:02.620,42.3392474,-71.0904381,20.697
8476,2221932544,1769618223210,11:37:03.210,42.3392474,-71.0904381,20.697
8477,2222194688,1769618223643,11:37:03.643,42.3392474,-71.0904381,20.697
8478,2222456832,1769618224115,11:37:04.115,42.3392474,-71.0904381,20.697
8479,2222718976,1769618224661,11:37:04.661,42.3392474,-71.0904381,20.697
8480,2222981120,1769618225149,11:37:05.149,42.3392474,-71.0904381,20.697
8481,2223243264,1769618225667,11:37:05.667,42.3392474,-71.0904381,20.697
8482,2223505408,1769618226126,11:37:06.126,42.3392474,-71.0904381,20.697
8483,2223767552,1769618226497,11:37:06.497,42.3392474,-71.0904381,20.697
8484,2224029696,1769618226849,11:37:06.849,42.3392474,-71.0904381,20.697
8485,2224291840,1769618227307,11:37:07.307,42.3392474,-71.0904381,20.697
8486,2224553984,1769618227661,11:37:07.661,42.3392474,-71.0904381,20.697
8487,2224816128,1769618228006,11:37:08.006,42.3392474,-71.0904381,20.697
8488,2225078272,1769618228377,11:37:08.377,42.3392474,-71.0904381,20.697
8489,2225340416,1769618228772,11:37:08.772,42.3392474,-71.0904381,20.697
8490,2225602560,1769618229194,11:37:09.194,42.3392474,-71.0904381,20.697
8491,2225864704,1769618229513,11:37:09.513,42.3392474,-71.0904381,20.697
8492,2226126848,1769618229909,11:37:09.909,42.3392474,-71.0904381,20.697
8493,2226388992,1769618230360,11:37:10.360,42.3392474,-71.0904381,20.697
8494,2226651136,1769618230784,11:37:10.784,42.3392474,-71.0904381,20.697
8495,2226913280,1769618231249,11:37:11.249,42.3392474,-71.0904381,20.697
8496,2227175424,1769618231678,11:37:11.678,42.3392474,-71.0904381,20.697
8497,2227437568,1769618232077,11:37:12.077,42.3392474,-71.0904381,20.697
8498,2227699712,1769618232575,11:37:12.575,42.3392474,-71.0904381,20.697
8499,2227961856,1769618236605,11:37:16.605,42.3392474,-71.0904381,20.697
8500,2228224000,1769618236893,11:37:16.893,42.3392474,-71.0904381,20.697
8501,2228486144,1769618237155,11:37:17.155,42.3392474,-71.0904381,20.697
8502,2228748288,1769618237407,11:37:17.407,42.3392474,-71.0904381,20.697
8503,2229010432,1769618237657,11:37:17.657,42.3392474,-71.0904381,20.697
8504,2229272576,1769618237906,11:37:17.906,42.3392474,-71.0904381,20.697
8505,2229534720,1769618238163,11:37:18.163,42.3392474,-71.0904381,20.697
8506,2229796864,1769618238428,11:37:18.428,42.3392474,-71.0904381,20.697
8507,2230059008,1769618238680,11:37:18.680,42.3392474,-71.0904381,20.697
8508,2230321152,1769618238942,11:37:18.942,42.3392474,-71.0904381,20.697
8509,2230583296,1769618239208,11:37:19.208,42.3392474,-71.0904381,20.697
8510,2230845440,1769618239450,11:37:19.450,42.3392474,-71.0904381,20.697
8511,2231107584,1769618239694,11:37:19.694,42.3392474,-71.0904381,20.697
8512,2231369728,1769618239960,11:37:19.960,42.3392474,-71.0904381,20.697
8513,2231631872,1769618240226,11:37:20.226,42.3392474,-71.0904381,20.697
8514,2231894016,1769618240505,11:37:20.505,42.3392474,-71.0904381,20.697
8515,2232156160,1769618240776,11:37:20.776,42.3392474,-71.0904381,20.697
8516,2232418304,1769618241022,11:37:21.022,42.3392474,-71.0904381,20.697
8517,2232680448,1769618241282,11:37:21.282,42.3392474,-71.0904381,20.697
8518,2232942592,1769618241547,11:37:21.547,42.3392474,-71.0904381,20.697
8519,2233204736,1769618241990,11:37:21.990,42.3392474,-71.0904381,20.697
8520,2233466880,1769618242448,11:37:22.448,42.3392474,-71.0904381,20.697
8521,2233729024,1769618242934,11:37:22.934,42.3392474,-71.0904381,20.697
8522,2233991168,1769618243498,11:37:23.498,42.3392474,-71.0904381,20.697
8523,2234253312,1769618243903,11:37:23.903,42.3392474,-71.0904381,20.697
8524,2234515456,1769618244318,11:37:24.318,42.3392474,-71.0904381,20.697
8525,2234777600,1769618244796,11:37:24.796,42.3392474,-71.0904381,20.697
8526,2235039744,1769618245280,11:37:25.280,42.3392474,-71.0904381,20.697
8527,2235301888,1769618245631,11:37:25.631,42.3392474,-71.0904381,20.697
8528,2235564032,1769618246088,11:37:26.088,42.3392474,-71.0904381,20.697
8529,2235826176,1769618246566,11:37:26.566,42.3392474,-71.0904381,20.697
8530,2236088320,1769618246831,11:37:26.831,42.3392474,-71.0904381,20.697
8531,2236350464,1769618247216,11:37:27.216,42.3392474,-71.0904381,20.697
8532,2236612608,1769618247630,11:37:27.630,42.3392474,-71.0904381,20.697
8533,2236874752,1769618248029,11:37:28.029,42.3392474,-71.0904381,20.697
8534,2237136896,1769618248488,11:37:28.488,42.3392474,-71.0904381,20.697
8535,2237399040,1769618248897,11:37:28.897,42.3392474,-71.0904381,20.697
8536,2237661184,1769618249256,11:37:29.256,42.3392474,-71.0904381,20.697
8537,2237923328,1769618249643,11:37:29.643,42.3392474,-71.0904381,20.697
8538,2238185472,1769618250243,11:37:30.243,42.3392474,-71.0904381,20.697
8539,2238447616,1769618250649,11:37:30.649,42.3392474,-71.0904381,20.697
8540,2238709760,1769618251050,11:37:31.050,42.3392474,-71.0904381,20.697
8541,2238971904,1769618251431,11:37:31.431,42.3392474,-71.0904381,20.697
8542,2239234048,1769618251987,11:37:31.987,42.3392474,-71.0904381,20.697
8543,2239496192,1769618252553,11:37:32.553,42.3392474,-71.0904381,20.697
8544,2239758336,1769618253121,11:37:33.121,42.3392474,-71.0904381,20.697
8545,2240020480,1769618253550,11:37:33.550,42.3392474,-71.0904381,20.697
8546,2240282624,1769618253905,11:37:33.905,42.3392474,-71.0904381,20.697
8547,2240544768,1769618254339,11:37:34.339,42.3392474,-71.0904381,20.697
8548,2240806912,1769618254704,11:37:34.704,42.3392474,-71.0904381,20.697
8549,2241069056,1769618255058,11:37:35.058,42.3392474,-71.0904381,20.697
8550,2241331200,1769618255412,11:37:35.412,42.3392474,-71.0904381,20.697
8551,2241593344,1769618255807,11:37:35.807,42.3392474,-71.0904381,20.697
8552,2241855488,1769618256178,11:37:36.178,42.3392474,-71.0904381,20.697
8553,2242117632,1769618256634,11:37:36.634,42.3392474,-71.0904381,20.697
8554,2242379776,1769618257077,11:37:37.077,42.3392474,-71.0904381,20.697
8555,2242641920,1769618257580,11:37:37.580,42.3392474,-71.0904381,20.697
8556,2242904064,1769618258000,11:37:38.000,42.3392474,-71.0904381,20.697
8557,2243166208,1769618258434,11:37:38.434,42.3392474,-71.0904381,20.697
8558,2243428352,1769618258859,11:37:38.859,42.3392474,-71.0904381,20.697
8559,2243690496,1769618259261,11:37:39.261,42.3392474,-71.0904381,20.697
8560,2243952640,1769618259620,11:37:39.620,42.3392474,-71.0904381,20.697
8561,2244214784,1769618260053,11:37:40.053,42.3392474,-71.0904381,20.697
8562,2244476928,1769618260544,11:37:40.544,42.3392474,-71.0904381,20.697
8563,2244739072,1769618260895,11:37:40.895,42.3392474,-71.0904381,20.697
8564,2245001216,1769618261255,11:37:41.255,42.3392474,-71.0904381,20.697
8565,2245263360,1769618261642,11:37:41.642,42.3392474,-71.0904381,20.697
8566,2245525504,1769618261990,11:37:41.990,42.3392474,-71.0904381,20.697
8567,2245787648,1769618262342,11:37:42.342,42.3392474,-71.0904381,20.697
8568,2246049792,1769618262769,11:37:42.769,42.3392474,-71.0904381,20.697
8569,2246311936,1769618263228,11:37:43.228,42.3392474,-71.0904381,20.697
8570,2246574080,1769618263671,11:37:43.671,42.3392474,-71.0904381,20.697
8571,2246836224,1769618267695,11:37:47.695,42.3392474,-71.0904381,20.697
8572,2247098368,1769618267947,11:37:47.947,42.3392474,-71.0904381,20.697
8573,2247360512,1769618268219,11:37:48.219,42.3392474,-71.0904381,20.697
8574,2247622656,1769618268465,11:37:48.465,42.3392474,-71.0904381,20.697
8575,2247884800,1769618268726,11:37:48.726,42.3392474,-71.0904381,20.697
8576,2248146944,1769618268971,11:37:48.971,42.3392474,-71.0904381,20.697
8577,2248409088,1769618269215,11:37:49.215,42.3392474,-71.0904381,20.697
8578,2248671232,1769618269450,11:37:49.450,42.3392474,-71.0904381,20.697
8579,2248933376,1769618269690,11:37:49.690,42.3392474,-71.0904381,20.697
8580,2249195520,1769618269932,11:37:49.932,42.3392474,-71.0904381,20.697
8581,2249457664,1769618270189,11:37:50.189,42.3392474,-71.0904381,20.697
8582,2249719808,1769618270444,11:37:50.444,42.3392474,-71.0904381,20.697
8583,2249981952,1769618270708,11:37:50.708,42.3392474,-71.0904381,20.697
8584,2250244096,1769618270964,11:37:50.964,42.3392474,-71.0904381,20.697
8585,2250506240,1769618271230,11:37:51.230,42.3392474,-71.0904381,20.697
8586,2250768384,1769618271482,11:37:51.482,42.3392474,-71.0904381,20.697
8587,2251030528,1769618271735,11:37:51.735,42.3392474,-71.0904381,20.697
8588,2251292672,1769618271989,11:37:51.989,42.3392474,-71.0904381,20.697
8589,2251554816,1769618272267,11:37:52.267,42.3392474,-71.0904381,20.697
8590,2251816960,1769618272541,11:37:52.541,42.3392474,-71.0904381,20.697
8591,2252079104,1769618272804,11:37:52.804,42.3392474,-71.0904381,20.697
8592,2252341248,1769618273062,11:37:53.062,42.3392474,-71.0904381,20.697
8593,2252603392,1769618273484,11:37:53.484,42.3392474,-71.0904381,20.697
8594,2252865536,1769618273962,11:37:53.962,42.3392474,-71.0904381,20.697
8595,2253127680,1769618274333,11:37:54.333,42.3392474,-71.0904381,20.697
8596,2253389824,1769618274745,11:37:54.745,42.3392474,-71.0904381,20.697
8597,2253651968,1769618275220,11:37:55.220,42.3392474,-71.0904381,20.697
8598,2253914112,1769618275725,11:37:55.725,42.3392474,-71.0904381,20.697
8599,2254176256,1769618276247,11:37:56.247,42.3392474,-71.0904381,20.697
8600,2254438400,1769618276719,11:37:56.719,42.3392474,-71.0904381,20.697
8601,2254700544,1769618277153,11:37:57.153,42.3392474,-71.0904381,20.697
8602,2254962688,1769618277564,11:37:57.564,42.3392474,-71.0904381,20.697
8603,2255224832,1769618278183,11:37:58.183,42.3392474,-71.0904381,20.697
8604,2255486976,1769618278824,11:37:58.824,42.3392474,-71.0904381,20.697
8605,2255749120,1769618279419,11:37:59.419,42.3392474,-71.0904381,20.697
8606,2256011264,1769618279965,11:37:59.965,42.3392474,-71.0904381,20.697
8607,2256273408,1769618280451,11:38:00.451,42.3392474,-71.0904381,20.697
8608,2256535552,1769618281152,11:38:01.152,42.3392474,-71.0904381,20.697
8609,2256797696,1769618281887,11:38:01.887,42.3392474,-71.0904381,20.697
8610,2257059840,1769618282671,11:38:02.671,42.3392474,-71.0904381,20.697
8611,2257321984,1769618283322,11:38:03.322,42.3392474,-71.0904381,20.697
8612,2257584128,1769618283763,11:38:03.763,42.3392474,-71.0904381,20.697
8613,2257846272,1769618284026,11:38:04.026,42.3392474,-71.0904381,20.697
8614,2258108416,1769618284359,11:38:04.359,42.3392474,-71.0904381,20.697
8615,2258370560,1769618284715,11:38:04.715,42.3392474,-71.0904381,20.697
8616,2258632704,1769618285137,11:38:05.137,42.3392474,-71.0904381,20.697
8617,2258894848,1769618285580,11:38:05.580,42.3392474,-71.0904381,20.697
8618,2259156992,1769618286088,11:38:06.088,42.3392474,-71.0904381,20.697
8619,2259419136,1769618286550,11:38:06.550,42.3392474,-71.0904381,20.697
8620,2259681280,1769618286967,11:38:06.967,42.3392474,-71.0904381,20.697
8621,2259943424,1769618287407,11:38:07.407,42.3392474,-71.0904381,20.697
8622,2260205568,1769618287771,11:38:07.771,42.3392474,-71.0904381,20.697
8623,2260467712,1769618288246,11:38:08.246,42.3392474,-71.0904381,20.697
8624,2260729856,1769618288907,11:38:08.907,42.3392474,-71.0904381,20.697
8625,2260992000,1769618289381,11:38:09.381,42.3392474,-71.0904381,20.697
8626,2261254144,1769618289797,11:38:09.797,42.3392474,-71.0904381,20.697
8627,2261516288,1769618290296,11:38:10.296,42.3392474,-71.0904381,20.697
8628,2261778432,1769618290762,11:38:10.762,42.3392474,-71.0904381,20.697
8629,2262040576,1769618291191,11:38:11.191,42.3392474,-71.0904381,20.697
8630,2262302720,1769618291617,11:38:11.617,42.3392474,-71.0904381,20.697
8631,2262564864,1769618292107,11:38:12.107,42.3392474,-71.0904381,20.697
8632,2262827008,1769618292526,11:38:12.526,42.3392474,-71.0904381,20.697
8633,2263089152,1769618292952,11:38:12.952,42.3392474,-71.0904381,20.697
8634,2263351296,1769618293367,11:38:13.367,42.3392474,-71.0904381,20.697
8635,2263613440,1769618293703,11:38:13.703,42.3392474,-71.0904381,20.697
8636,2263875584,1769618297794,11:38:17.794,42.3392474,-71.0904381,20.697
8637,2264137728,1769618298041,11:38:18.041,42.3392474,-71.0904381,20.697
8638,2264399872,1769618298295,11:38:18.295,42.3392474,-71.0904381,20.697
8639,2264662016,1769618298558,11:38:18.558,42.3392474,-71.0904381,20.697
8640,2264924160,1769618298804,11:38:18.804,42.3392474,-71.0904381,20.697
8641,2265186304,1769618299049,11:38:19.049,42.3392474,-71.0904381,20.697
8642,2265448448,1769618299312,11:38:19.312,42.3392474,-71.0904381,20.697
8643,2265710592,1769618299577,11:38:19.577,42.3392474,-71.0904381,20.697
8644,2265972736,1769618299842,11:38:19.842,42.3392474,-71.0904381,20.697
8645,2266234880,1769618300110,11:38:20.110,42.3392474,-71.0904381,20.697
8646,2266497024,1769618300361,11:38:20.361,42.3392474,-71.0904381,20.697
8647,2266759168,1769618300609,11:38:20.609,42.3392474,-71.0904381,20.697
8648,2267021312,1769618300874,11:38:20.874,42.3392474,-71.0904381,20.697
8649,2267283456,1769618301141,11:38:21.141,42.3392474,-71.0904381,20.697
8650,2267545600,1769618301381,11:38:21.381,42.3392474,-71.0904381,20.697
8651,2267807744,1769618301618,11:38:21.618,42.3392474,-71.0904381,20.697
8652,2268069888,1769618301873,11:38:21.873,42.3392474,-71.0904381,20.697
8653,2268332032,1769618302129,11:38:22.129,42.3392474,-71.0904381,20.697
8654,2268594176,1769618302386,11:38:22.386,42.3392474,-71.0904381,20.697
8655,2268856320,1769618302653,11:38:22.653,42.3392474,-71.0904381,20.697
8656,2269118464,1769618302913,11:38:22.913,42.3392474,-71.0904381,20.697
8657,2269380608,1769618303175,11:38:23.175,42.3392474,-71.0904381,20.697
8658,2269642752,1769618303477,11:38:23.477,42.3392474,-71.0904381,20.697
8659,2269904896,1769618303892,11:38:23.892,42.3392474,-71.0904381,20.697
8660,2270167040,1769618304399,11:38:24.399,42.3392474,-71.0904381,20.697
8661,2270429184,1769618304851,11:38:24.851,42.3392474,-71.0904381,20.697
8662,2270691328,1769618305238,11:38:25.238,42.3392474,-71.0904381,20.697
8663,2270953472,1769618305715,11:38:25.715,42.3392474,-71.0904381,20.697
8664,2271215616,1769618306122,11:38:26.122,42.3392474,-71.0904381,20.697
8665,2271477760,1769618306472,11:38:26.472,42.3392474,-71.0904381,20.697
8666,2271739904,1769618306868,11:38:26.868,42.3392474,-71.0904381,20.697
8667,2272002048,1769618307272,11:38:27.272,42.3392474,-71.0904381,20.697
8668,2272264192,1769618307677,11:38:27.677,42.3392474,-71.0904381,20.697
8669,2272526336,1769618308138,11:38:28.138,42.3392474,-71.0904381,20.697
8670,2272788480,1769618308538,11:38:28.538,42.3392474,-71.0904381,20.697
8671,2273050624,1769618308982,11:38:28.982,42.3392474,-71.0904381,20.697
8672,2273312768,1769618309333,11:38:29.333,42.3392474,-71.0904381,20.697
8673,2273574912,1769618309725,11:38:29.725,42.3392474,-71.0904381,20.697
8674,2273837056,1769618310231,11:38:30.231,42.3392474,-71.0904381,20.697
8675,2274099200,1769618310633,11:38:30.633,42.3392474,-71.0904381,20.697
8676,2274361344,1769618310990,11:38:30.990,42.3392474,-71.0904381,20.697
8677,2274623488,1769618311406,11:38:31.406,42.3392474,-71.0904381,20.697
8678,2274885632,1769618311771,11:38:31.771,42.3392474,-71.0904381,20.697
8679,2275147776,1769618312106,11:38:32.106,42.3392474,-71.0904381,20.697
8680,2275409920,1769618312469,11:38:32.469,42.3392474,-71.0904381,20.697
8681,2275672064,1769618312970,11:38:32.970,42.3392474,-71.0904381,20.697
8682,2275934208,1769618313340,11:38:33.340,42.3392474,-71.0904381,20.697
8683,2276196352,1769618313693,11:38:33.693,42.3392474,-71.0904381,20.697
8684,2276458496,1769618314041,11:38:34.041,42.3392474,-71.0904381,20.697
8685,2276720640,1769618314474,11:38:34.474,42.3392474,-71.0904381,20.697
8686,2276982784,1769618314876,11:38:34.876,42.3392474,-71.0904381,20.697
8687,2277244928,1769618315305,11:38:35.305,42.3392474,-71.0904381,20.697
8688,2277507072,1769618315806,11:38:35.806,42.3392474,-71.0904381,20.697
8689,2277769216,1769618316227,11:38:36.227,42.3392474,-71.0904381,20.697
8690,2278031360,1769618316777,11:38:36.777,42.3392474,-71.0904381,20.697
8691,2278293504,1769618317207,11:38:37.207,42.3392474,-71.0904381,20.697
8692,2278555648,1769618317582,11:38:37.582,42.3392474,-71.0904381,20.697
8693,2278817792,1769618318109,11:38:38.109,42.3392474,-71.0904381,20.697
8694,2279079936,1769618318599,11:38:38.599,42.3392474,-71.0904381,20.697
8695,2279342080,1769618319050,11:38:39.050,42.3392474,-71.0904381,20.697
8696,2279604224,1769618319559,11:38:39.559,42.3392474,-71.0904381,20.697
8697,2279866368,1769618320062,11:38:40.062,42.3392474,-71.0904381,20.697
8698,2280128512,1769618320537,11:38:40.537,42.3392474,-71.0904381,20.697
8699,2280390656,1769618320912,11:38:40.912,42.3392474,-71.0904381,20.697
8700,2280652800,1769618321264,11:38:41.264,42.3392474,-71.0904381,20.697
8701,2280914944,1769618321615,11:38:41.615,42.3392474,-71.0904381,20.697
8702,2281177088,1769618321965,11:38:41.965,42.3392474,-71.0904381,20.697
8703,2281439232,1769618322382,11:38:42.382,42.3392474,-71.0904381,20.697
8704,2281701376,1769618322909,11:38:42.909,42.3392474,-71.0904381,20.697
8705,2281963520,1769618323349,11:38:43.349,42.3392474,-71.0904381,20.697
8706,2282225664,1769618323712,11:38:43.712,42.3392474,-71.0904381,20.697
8707,2282487808,1769618324064,11:38:44.064,42.3392474,-71.0904381,20.697
8708,2282749952,1769618324527,11:38:44.527,42.3392474,-71.0904381,20.697
8709,2283012096,1769618324974,11:38:44.974,42.3392474,-71.0904381,20.697
8710,2283274240,1769618325420,11:38:45.420,42.3392474,-71.0904381,20.697
8711,2283536384,1769618325785,11:38:45.785,42.3392474,-71.0904381,20.697
8712,2283798528,1769618326163,11:38:46.163,42.3392474,-71.0904381,20.697
8713,2284060672,1769618330195,11:38:50.195,42.3392474,-71.0904381,20.697
8714,2284322816,1769618330458,11:38:50.458,42.3392474,-71.0904381,20.697
8715,2284584960,1769618330711,11:38:50.711,42.3392474,-71.0904381,20.697
8716,2284847104,1769618330951,11:38:50.951,42.3392474,-71.0904381,20.697
8717,2285109248,1769618331190,11:38:51.190,42.3392474,-71.0904381,20.697
8718,2285371392,1769618331429,11:38:51.429,42.3392474,-71.0904381,20.697
8719,2285633536,1769618331675,11:38:51.675,42.3392474,-71.0904381,20.697
8720,2285895680,1769618331917,11:38:51.917,42.3392474,-71.0904381,20.697
8721,2286157824,1769618332178,11:38:52.178,42.3392474,-71.0904381,20.697
8722,2286419968,1769618332421,11:38:52.421,42.3392474,-71.0904381,20.697
8723,2286682112,1769618332688,11:38:52.688,42.3392474,-71.0904381,20.697
8724,2286944256,1769618332940,11:38:52.940,42.3392474,-71.0904381,20.697
8725,2287206400,1769618333184,11:38:53.184,42.3392474,-71.0904381,20.697
8726,2287468544,1769618333437,11:38:53.437,42.3392474,-71.0904381,20.697
8727,2287730688,1769618333693,11:38:53.693,42.3392474,-71.0904381,20.697
8728,2287992832,1769618333946,11:38:53.946,42.3392474,-71.0904381,20.697
8729,2288254976,1769618334194,11:38:54.194,42.3392474,-71.0904381,20.697
8730,2288517120,1769618334455,11:38:54.455,42.3392474,-71.0904381,20.697
8731,2288779264,1769618334721,11:38:54.721,42.3392474,-71.0904381,20.697
8732,2289041408,1769618334979,11:38:54.979,42.3392474,-71.0904381,20.697
8733,2289303552,1769618335240,11:38:55.240,42.3392474,-71.0904381,20.697
8734,2289565696,1769618335498,11:38:55.498,42.3392474,-71.0904381,20.697
8735,2289827840,1769618335750,11:38:55.750,42.3392474,-71.0904381,20.697
8736,2290089984,1769618336020,11:38:56.020,42.3392474,-71.0904381,20.697
8737,2290352128,1769618336331,11:38:56.331,42.3392474,-71.0904381,20.697
8738,2290614272,1769618336796,11:38:56.796,42.3392474,-71.0904381,20.697
8739,2290876416,1769618337318,11:38:57.318,42.3392474,-71.0904381,20.697
8740,2291138560,1769618337753,11:38:57.753,42.3392474,-71.0904381,20.697
8741,2291400704,1769618338191,11:38:58.191,42.3392474,-71.0904381,20.697
8742,2291662848,1769618338712,11:38:58.712,42.3392474,-71.0904381,20.697
8743,2291924992,1769618339205,11:38:59.205,42.3392474,-71.0904381,20.697
8744,2292187136,1769618339610,11:38:59.610,42.3392474,-71.0904381,20.697
8745,2292449280,1769618339974,11:38:59.974,42.3392474,-71.0904381,20.697
8746,2292711424,1769618340429,11:39:00.429,42.3392474,-71.0904381,20.697
8747,2292973568,1769618340897,11:39:00.897,42.3392474,-71.0904381,20.697
8748,2293235712,1769618341439,11:39:01.439,42.3392474,-71.0904381,20.697
8749,2293497856,1769618341861,11:39:01.861,42.3392474,-71.0904381,20.697
8750,2293760000,1769618342323,11:39:02.323,42.3392474,-71.0904381,20.697
8751,2294022144,1769618342773,11:39:02.773,42.3392474,-71.0904381,20.697
8752,2294284288,1769618343105,11:39:03.105,42.3392474,-71.0904381,20.697
8753,2294546432,1769618343459,11:39:03.459,42.3392474,-71.0904381,20.697
8754,2294808576,1769618343913,11:39:03.913,42.3392474,-71.0904381,20.697
8755,2295070720,1769618344414,11:39:04.414,42.3392474,-71.0904381,20.697
8756,2295332864,1769618344820,11:39:04.820,42.3392474,-71.0904381,20.697
8757,2295595008,1769618345272,11:39:05.272,42.3392474,-71.0904381,20.697
8758,2295857152,1769618345732,11:39:05.732,42.3392474,-71.0904381,20.697
8759,2296119296,1769618346044,11:39:06.044,42.3392474,-71.0904381,20.697
8760,2296381440,1769618346566,11:39:06.566,42.3392474,-71.0904381,20.697
8761,2296643584,1769618347027,11:39:07.027,42.3392474,-71.0904381,20.697
8762,2296905728,1769618347477,11:39:07.477,42.3392474,-71.0904381,20.697
8763,2297167872,1769618347923,11:39:07.923,42.3392474,-71.0904381,20.697
8764,2297430016,1769618348316,11:39:08.316,42.3392474,-71.0904381,20.697
8765,2297692160,1769618348902,11:39:08.902,42.3392474,-71.0904381,20.697
8766,2297954304,1769618349404,11:39:09.404,42.3392474,-71.0904381,20.697
8767,2298216448,1769618349798,11:39:09.798,42.3392474,-71.0904381,20.697
8768,2298478592,1769618350215,11:39:10.215,42.3392474,-71.0904381,20.697
8769,2298740736,1769618350743,11:39:10.743,42.3392474,-71.0904381,20.697
8770,2299002880,1769618351182,11:39:11.182,42.3392474,-71.0904381,20.697
8771,2299265024,1769618351643,11:39:11.643,42.3392474,-71.0904381,20.697
8772,2299527168,1769618352099,11:39:12.099,42.3392474,-71.0904381,20.697
8773,2299789312,1769618352453,11:39:12.453,42.3392474,-71.0904381,20.697
8774,2300051456,1769618352802,11:39:12.802,42.3392474,-71.0904381,20.697
8775,2300313600,1769618353337,11:39:13.337,42.3392474,-71.0904381,20.697
8776,2300575744,1769618353805,11:39:13.805,42.3392474,-71.0904381,20.697
8777,2300837888,1769618354206,11:39:14.206,42.3392474,-71.0904381,20.697
8778,2301100032,1769618354696,11:39:14.696,42.3392474,-71.0904381,20.697
8779,2301362176,1769618355193,11:39:15.193,42.3392474,-71.0904381,20.697
8780,2301624320,1769618355647,11:39:15.647,42.3392474,-71.0904381,20.697
8781,2301886464,1769618356092,11:39:16.092,42.3392474,-71.0904381,20.697
8782,2302148608,1769618356516,11:39:16.516,42.3392474,-71.0904381,20.697
8783,2302410752,1769618356929,11:39:16.929,42.3392474,-71.0904381,20.697
8784,2302672896,1769618361685,11:39:21.685,42.3392474,-71.0904381,20.697
8785,2302935040,1769618361928,11:39:21.928,42.3392474,-71.0904381,20.697
8786,2303197184,1769618362199,11:39:22.199,42.3392474,-71.0904381,20.697
8787,2303459328,1769618362474,11:39:22.474,42.3392474,-71.0904381,20.697
8788,2303721472,1769618362783,11:39:22.783,42.3392474,-71.0904381,20.697
8789,2303983616,1769618363057,11:39:23.057,42.3392474,-71.0904381,20.697
8790,2304245760,1769618363332,11:39:23.332,42.3392474,-71.0904381,20.697
8791,2304507904,1769618363597,11:39:23.597,42.3392474,-71.0904381,20.697
8792,2304770048,1769618363887,11:39:23.887,42.3392474,-71.0904381,20.697
8793,2305032192,1769618364158,11:39:24.158,42.3392474,-71.0904381,20.697
8794,2305294336,1769618364458,11:39:24.458,42.3392474,-71.0904381,20.697
8795,2305556480,1769618364720,11:39:24.720,42.3392474,-71.0904381,20.697
8796,2305818624,1769618364981,11:39:24.981,42.3392474,-71.0904381,20.697
8797,2306080768,1769618365241,11:39:25.241,42.3392474,-71.0904381,20.697
8798,2306342912,1769618365497,11:39:25.497,42.3392474,-71.0904381,20.697
8799,2306605056,1769618365761,11:39:25.761,42.3392474,-71.0904381,20.697
8800,2306867200,1769618366023,11:39:26.023,42.3392474,-71.0904381,20.697
8801,2307129344,1769618366292,11:39:26.292,42.3392474,-71.0904381,20.697
8802,2307391488,1769618366568,11:39:26.568,42.3392474,-71.0904381,20.697
8803,2307653632,1769618366825,11:39:26.825,42.3392474,-71.0904381,20.697
8804,2307915776,1769618367090,11:39:27.090,42.3392474,-71.0904381,20.697
8805,2308177920,1769618367357,11:39:27.357,42.3392474,-71.0904381,20.697
8806,2308440064,1769618367638,11:39:27.638,42.3392474,-71.0904381,20.697
8807,2308702208,1769618367917,11:39:27.917,42.3392474,-71.0904381,20.697
8808,2308964352,1769618368193,11:39:28.193,42.3392474,-71.0904381,20.697
8809,2309226496,1769618368474,11:39:28.474,42.3392474,-71.0904381,20.697
8810,2309488640,1769618368741,11:39:28.741,42.3392474,-71.0904381,20.697
8811,2309750784,1769618369006,11:39:29.006,42.3392474,-71.0904381,20.697
8812,2310012928,1769618369260,11:39:29.260,42.3392474,-71.0904381,20.697
8813,2310275072,1769618369542,11:39:29.542,42.3392474,-71.0904381,20.697
8814,2310537216,1769618369824,11:39:29.824,42.3392474,-71.0904381,20.697
8815,2310799360,1769618370106,11:39:30.106,42.3392474,-71.0904381,20.697
8816,2311061504,1769618370399,11:39:30.399,42.3392474,-71.0904381,20.697
8817,2311323648,1769618370664,11:39:30.664,42.3392474,-71.0904381,20.697
8818,2311585792,1769618370949,11:39:30.949,42.3392474,-71.0904381,20.697
8819,2311847936,1769618371281,11:39:31.281,42.3392474,-71.0904381,20.697
8820,2312110080,1769618371631,11:39:31.631,42.3392474,-71.0904381,20.697
8821,2312372224,1769618371983,11:39:31.983,42.3392474,-71.0904381,20.697
8822,2312634368,1769618372345,11:39:32.345,42.3392474,-71.0904381,20.697
8823,2312896512,1769618372682,11:39:32.682,42.3392474,-71.0904381,20.697
8824,2313158656,1769618373034,11:39:33.034,42.3392474,-71.0904381,20.697
8825,2313420800,1769618373426,11:39:33.426,42.3392474,-71.0904381,20.697
8826,2313682944,1769618373880,11:39:33.880,42.3392474,-71.0904381,20.697
8827,2313945088,1769618374425,11:39:34.425,42.3392474,-71.0904381,20.697
8828,2314207232,1769618374948,11:39:34.948,42.3392474,-71.0904381,20.697
8829,2314469376,1769618375391,11:39:35.391,42.3392474,-71.0904381,20.697
8830,2314731520,1769618375838,11:39:35.838,42.3392474,-71.0904381,20.697
8831,2314993664,1769618376317,11:39:36.317,42.3392474,-71.0904381,20.697
8832,2315255808,1769618376803,11:39:36.803,42.3392474,-71.0904381,20.697
8833,2315517952,1769618377282,11:39:37.282,42.3392474,-71.0904381,20.697
8834,2315780096,1769618377608,11:39:37.608,42.3392474,-71.0904381,20.697
8835,2316042240,1769618378064,11:39:38.064,42.3392474,-71.0904381,20.697
8836,2316304384,1769618378518,11:39:38.518,42.3392474,-71.0904381,20.697
8837,2316566528,1769618378925,11:39:38.925,42.3392474,-71.0904381,20.697
8838,2316828672,1769618379366,11:39:39.366,42.3392474,-71.0904381,20.697
8839,2317090816,1769618379797,11:39:39.797,42.3392474,-71.0904381,20.697
8840,2317352960,1769618380147,11:39:40.147,42.3392474,-71.0904381,20.697
8841,2317615104,1769618380501,11:39:40.501,42.3392474,-71.0904381,20.697
8842,2317877248,1769618380861,11:39:40.861,42.3392474,-71.0904381,20.697
8843,2318139392,1769618381285,11:39:41.285,42.3392474,-71.0904381,20.697
8844,2318401536,1769618381568,11:39:41.568,42.3392474,-71.0904381,20.697
8845,2318663680,1769618381911,11:39:41.911,42.3392474,-71.0904381,20.697
8846,2318925824,1769618382266,11:39:42.266,42.3392474,-71.0904381,20.697
8847,2319187968,1769618382661,11:39:42.661,42.3392474,-71.0904381,20.697
8848,2319450112,1769618383119,11:39:43.119,42.3392474,-71.0904381,20.697
8849,2319712256,1769618383623,11:39:43.623,42.3392474,-71.0904381,20.697
8850,2319974400,1769618384226,11:39:44.226,42.3392474,-71.0904381,20.697
8851,2320236544,1769618384784,11:39:44.784,42.3392474,-71.0904381,20.697
8852,2320498688,1769618385562,11:39:45.562,42.3392474,-71.0904381,20.697
8853,2320760832,1769618386206,11:39:46.206,42.3392474,-71.0904381,20.697
8854,2321022976,1769618386775,11:39:46.775,42.3392474,-71.0904381,20.697
8855,2321285120,1769618387534,11:39:47.534,42.3392474,-71.0904381,20.697
8856,2321547264,1769618392467,11:39:52.467,42.3392474,-71.0904381,20.697
8857,2321809408,1769618392734,11:39:52.734,42.3392474,-71.0904381,20.697
8858,2322071552,1769618392999,11:39:52.999,42.3392474,-71.0904381,20.697
8859,2322333696,1769618393254,11:39:53.254,42.3392474,-71.0904381,20.697
8860,2322595840,1769618393502,11:39:53.502,42.3392474,-71.0904381,20.697
8861,2322857984,1769618393771,11:39:53.771,42.3392474,-71.0904381,20.697
8862,2323120128,1769618394006,11:39:54.006,42.3392474,-71.0904381,20.697
8863,2323382272,1769618394253,11:39:54.253,42.3392474,-71.0904381,20.697
8864,2323644416,1769618394517,11:39:54.517,42.3392474,-71.0904381,20.697
8865,2323906560,1769618394784,11:39:54.784,42.3392474,-71.0904381,20.697
8866,2324168704,1769618395041,11:39:55.041,42.3392474,-71.0904381,20.697
8867,2324430848,1769618395305,11:39:55.305,42.3392474,-71.0904381,20.697
8868,2324692992,1769618395560,11:39:55.560,42.3392474,-71.0904381,20.697
8869,2324955136,1769618395820,11:39:55.820,42.3392474,-71.0904381,20.697
8870,2325217280,1769618396098,11:39:56.098,42.3392474,-71.0904381,20.697
8871,2325479424,1769618396351,11:39:56.351,42.3392474,-71.0904381,20.697
8872,2325741568,1769618396598,11:39:56.598,42.3392474,-71.0904381,20.697
8873,2326003712,1769618396869,11:39:56.869,42.3392474,-71.0904381,20.697
8874,2326265856,1769618397128,11:39:57.128,42.3392474,-71.0904381,20.697
8875,2326528000,1769618397389,11:39:57.389,42.3392474,-71.0904381,20.697
8876,2326790144,1769618397668,11:39:57.668,42.3392474,-71.0904381,20.697
8877,2327052288,1769618397949,11:39:57.949,42.3392474,-71.0904381,20.697
8878,2327314432,1769618398200,11:39:58.200,42.3392474,-71.0904381,20.697
8879,2327576576,1769618398457,11:39:58.457,42.3392474,-71.0904381,20.697
8880,2327838720,1769618398723,11:39:58.723,42.3392474,-71.0904381,20.697
8881,2328100864,1769618399002,11:39:59.002,42.3392474,-71.0904381,20.697
8882,2328363008,1769618399281,11:39:59.281,42.3392474,-71.0904381,20.697
8883,2328625152,1769618399545,11:39:59.545,42.3392474,-71.0904381,20.697
8884,2328887296,1769618399830,11:39:59.830,42.3392474,-71.0904381,20.697
8885,2329149440,1769618400099,11:40:00.099,42.3392474,-71.0904381,20.697
8886,2329411584,1769618400381,11:40:00.381,42.3392474,-71.0904381,20.697
8887,2329673728,1769618400633,11:40:00.633,42.3392474,-71.0904381,20.697
8888,2329935872,1769618400879,11:40:00.879,42.3392474,-71.0904381,20.697
8889,2330198016,1769618401149,11:40:01.149,42.3392474,-71.0904381,20.697
8890,2330460160,1769618401409,11:40:01.409,42.3392474,-71.0904381,20.697
8891,2330722304,1769618401658,11:40:01.658,42.3392474,-71.0904381,20.697
8892,2330984448,1769618401925,11:40:01.925,42.3392474,-71.0904381,20.697
8893,2331246592,1769618402192,11:40:02.192,42.3392474,-71.0904381,20.697
8894,2331508736,1769618402513,11:40:02.513,42.3392474,-71.0904381,20.697
8895,2331770880,1769618403020,11:40:03.020,42.3392474,-71.0904381,20.697
8896,2332033024,1769618403592,11:40:03.592,42.3392474,-71.0904381,20.697
8897,2332295168,1769618404165,11:40:04.165,42.3392474,-71.0904381,20.697
8898,2332557312,1769618404835,11:40:04.835,42.3392474,-71.0904381,20.697
8899,2332819456,1769618405419,11:40:05.419,42.3392474,-71.0904381,20.697
8900,2333081600,1769618405843,11:40:05.843,42.3392474,-71.0904381,20.697
8901,2333343744,1769618406304,11:40:06.304,42.3392474,-71.0904381,20.697
8902,2333605888,1769618407046,11:40:07.046,42.3392474,-71.0904381,20.697
8903,2333868032,1769618407779,11:40:07.779,42.3392474,-71.0904381,20.697
8904,2334130176,1769618408255,11:40:08.255,42.3392474,-71.0904381,20.697
8905,2334392320,1769618408598,11:40:08.598,42.3392474,-71.0904381,20.697
8906,2334654464,1769618409000,11:40:09.000,42.3392474,-71.0904381,20.697
8907,2334916608,1769618409475,11:40:09.475,42.3392474,-71.0904381,20.697
8908,2335178752,1769618409875,11:40:09.875,42.3392474,-71.0904381,20.697
8909,2335440896,1769618410386,11:40:10.386,42.3392474,-71.0904381,20.697
8910,2335703040,1769618410853,11:40:10.853,42.3392474,-71.0904381,20.697
8911,2335965184,1769618411221,11:40:11.221,42.3392474,-71.0904381,20.697
8912,2336227328,1769618411797,11:40:11.797,42.3392474,-71.0904381,20.697
8913,2336489472,1769618412261,11:40:12.261,42.3392474,-71.0904381,20.697
8914,2336751616,1769618412856,11:40:12.856,42.3392474,-71.0904381,20.697
8915,2337013760,1769618413447,11:40:13.447,42.3392474,-71.0904381,20.697
8916,2337275904,1769618414007,11:40:14.007,42.3392474,-71.0904381,20.697
8917,2337538048,1769618414431,11:40:14.431,42.3392474,-71.0904381,20.697
8918,2337800192,1769618414925,11:40:14.925,42.3392474,-71.0904381,20.697
8919,2338062336,1769618415468,11:40:15.468,42.3392474,-71.0904381,20.697
8920,2338324480,1769618416163,11:40:16.163,42.3392474,-71.0904381,20.697
8921,2338586624,1769618416824,11:40:16.824,42.3392474,-71.0904381,20.697
8922,2338848768,1769618417465,11:40:17.465,42.3392474,-71.0904381,20.697
8923,2339110912,1769618417864,11:40:17.864,42.3392474,-71.0904381,20.697
8924,2339373056,1769618418282,11:40:18.282,42.3392474,-71.0904381,20.697
8925,2339635200,1769618423160,11:40:23.160,42.3392474,-71.0904381,20.697
8926,2339897344,1769618423425,11:40:23.425,42.3392474,-71.0904381,20.697
8927,2340159488,1769618423681,11:40:23.681,42.3392474,-71.0904381,20.697
8928,2340421632,1769618423921,11:40:23.921,42.3392474,-71.0904381,20.697
8929,2340683776,1769618424166,11:40:24.166,42.3392474,-71.0904381,20.697
8930,2340945920,1769618424413,11:40:24.413,42.3392474,-71.0904381,20.697
8931,2341208064,1769618424665,11:40:24.665,42.3392474,-71.0904381,20.697
8932,2341470208,1769618424916,11:40:24.916,42.3392474,-71.0904381,20.697
8933,2341732352,1769618425180,11:40:25.180,42.3392474,-71.0904381,20.697
8934,2341994496,1769618425455,11:40:25.455,42.3392474,-71.0904381,20.697
8935,2342256640,1769618425704,11:40:25.704,42.3392474,-71.0904381,20.697
8936,2342518784,1769618425979,11:40:25.979,42.3392474,-71.0904381,20.697
8937,2342780928,1769618426247,11:40:26.247,42.3392474,-71.0904381,20.697
8938,2343043072,1769618426526,11:40:26.526,42.3392474,-71.0904381,20.697
8939,2343305216,1769618426804,11:40:26.804,42.3392474,-71.0904381,20.697
8940,2343567360,1769618427080,11:40:27.080,42.3392474,-71.0904381,20.697
8941,2343829504,1769618427339,11:40:27.339,42.3392474,-71.0904381,20.697
8942,2344091648,1769618427613,11:40:27.613,42.3392474,-71.0904381,20.697
8943,2344353792,1769618427870,11:40:27.870,42.3392474,-71.0904381,20.697
8944,2344615936,1769618428145,11:40:28.145,42.3392474,-71.0904381,20.697
8945,2344878080,1769618428427,11:40:28.427,42.3392474,-71.0904381,20.697
8946,2345140224,1769618428673,11:40:28.673,42.3392474,-71.0904381,20.697
8947,2345402368,1769618428949,11:40:28.949,42.3392474,-71.0904381,20.697
8948,2345664512,1769618429231,11:40:29.231,42.3392474,-71.0904381,20.697
8949,2345926656,1769618429500,11:40:29.500,42.3392474,-71.0904381,20.697
8950,2346188800,1769618429895,11:40:29.895,42.3392474,-71.0904381,20.697
8951,2346450944,1769618430338,11:40:30.338,42.3392474,-71.0904381,20.697
8952,2346713088,1769618430792,11:40:30.792,42.3392474,-71.0904381,20.697
8953,2346975232,1769618431274,11:40:31.274,42.3392474,-71.0904381,20.697
8954,2347237376,1769618431796,11:40:31.796,42.3392474,-71.0904381,20.697
8955,2347499520,1769618432241,11:40:32.241,42.3392474,-71.0904381,20.697
8956,2347761664,1769618432683,11:40:32.683,42.3392474,-71.0904381,20.697
8957,2348023808,1769618433136,11:40:33.136,42.3392474,-71.0904381,20.697
8958,2348285952,1769618433577,11:40:33.577,42.3392474,-71.0904381,20.697
8959,2348548096,1769618434051,11:40:34.051,42.3392474,-71.0904381,20.697
8960,2348810240,1769618434596,11:40:34.596,42.3392474,-71.0904381,20.697
8961,2349072384,1769618435060,11:40:35.060,42.3392474,-71.0904381,20.697
8962,2349334528,1769618435500,11:40:35.500,42.3392474,-71.0904381,20.697
8963,2349596672,1769618435993,11:40:35.993,42.3392474,-71.0904381,20.697
8964,2349858816,1769618436347,11:40:36.347,42.3392474,-71.0904381,20.697
8965,2350120960,1769618436803,11:40:36.803,42.3392474,-71.0904381,20.697
8966,2350383104,1769618437271,11:40:37.271,42.3392474,-71.0904381,20.697
8967,2350645248,1769618437727,11:40:37.727,42.3392474,-71.0904381,20.697
8968,2350907392,1769618438105,11:40:38.105,42.3392474,-71.0904381,20.697
8969,2351169536,1769618438530,11:40:38.530,42.3392474,-71.0904381,20.697
8970,2351431680,1769618438968,11:40:38.968,42.3392474,-71.0904381,20.697
8971,2351693824,1769618439375,11:40:39.375,42.3392474,-71.0904381,20.697
8972,2351955968,1769618439772,11:40:39.772,42.3392474,-71.0904381,20.697
8973,2352218112,1769618440169,11:40:40.169,42.3392474,-71.0904381,20.697
8974,2352480256,1769618440538,11:40:40.538,42.3392474,-71.0904381,20.697
8975,2352742400,1769618440956,11:40:40.956,42.3392474,-71.0904381,20.697
8976,2353004544,1769618441478,11:40:41.478,42.3392474,-71.0904381,20.697
8977,2353266688,1769618441938,11:40:41.938,42.3392474,-71.0904381,20.697
8978,2353528832,1769618442236,11:40:42.236,42.3392474,-71.0904381,20.697
8979,2353790976,1769618442607,11:40:42.607,42.3392474,-71.0904381,20.697
8980,2354053120,1769618442987,11:40:42.987,42.3392474,-71.0904381,20.697
8981,2354315264,1769618443404,11:40:43.404,42.3392474,-71.0904381,20.697
8982,2354577408,1769618443855,11:40:43.855,42.3392474,-71.0904381,20.697
8983,2354839552,1769618444198,11:40:44.198,42.3392474,-71.0904381,20.697
8984,2355101696,1769618444576,11:40:44.576,42.3392474,-71.0904381,20.697
8985,2355363840,1769618444916,11:40:44.916,42.3392474,-71.0904381,20.697
8986,2355625984,1769618445301,11:40:45.301,42.3392474,-71.0904381,20.697
8987,2355888128,1769618445830,11:40:45.830,42.3392474,-71.0904381,20.697
8988,2356150272,1769618446265,11:40:46.265,42.3392474,-71.0904381,20.697
8989,2356412416,1769618446640,11:40:46.640,42.3392474,-71.0904381,20.697
8990,2356674560,1769618447040,11:40:47.040,42.3392474,-71.0904381,20.697
8991,2356936704,1769618447385,11:40:47.385,42.3392474,-71.0904381,20.697
8992,2357198848,1769618447880,11:40:47.880,42.3392474,-71.0904381,20.697
8993,2357460992,1769618448318,11:40:48.318,42.3392474,-71.0904381,20.697
8994,2357723136,1769618454290,11:40:54.290,42.3392474,-71.0904381,20.697
8995,2357985280,1769618454562,11:40:54.562,42.3392474,-71.0904381,20.697
8996,2358247424,1769618454833,11:40:54.833,42.3392474,-71.0904381,20.697
8997,2358509568,1769618455114,11:40:55.114,42.3392474,-71.0904381,20.697
8998,2358771712,1769618455386,11:40:55.386,42.3392474,-71.0904381,20.697
8999,2359033856,1769618455646,11:40:55.646,42.3392474,-71.0904381,20.697
9000,2359296000,1769618455921,11:40:55.921,42.3392474,-71.0904381,20.697
9001,2359558144,1769618456214,11:40:56.214,42.3392474,-71.0904381,20.697
9002,2359820288,1769618456497,11:40:56.497,42.3392474,-71.0904381,20.697
9003,2360082432,1769618456765,11:40:56.765,42.3392474,-71.0904381,20.697
9004,2360344576,1769618457041,11:40:57.041,42.3392474,-71.0904381,20.697
9005,2360606720,1769618457320,11:40:57.320,42.3392474,-71.0904381,20.697
9006,2360868864,1769618457608,11:40:57.608,42.3392474,-71.0904381,20.697
9007,2361131008,1769618457903,11:40:57.903,42.3392474,-71.0904381,20.697
9008,2361393152,1769618458187,11:40:58.187,42.3392474,-71.0904381,20.697
9009,2361655296,1769618458471,11:40:58.471,42.3392474,-71.0904381,20.697
9010,2361917440,1769618458761,11:40:58.761,42.3392474,-71.0904381,20.697
9011,2362179584,1769618459045,11:40:59.045,42.3392474,-71.0904381,20.697
9012,2362441728,1769618459313,11:40:59.313,42.3392474,-71.0904381,20.697
9013,2362703872,1769618459607,11:40:59.607,42.3392474,-71.0904381,20.697
9014,2362966016,1769618459885,11:40:59.885,42.3392474,-71.0904381,20.697
9015,2363228160,1769618460146,11:41:00.146,42.3392474,-71.0904381,20.697
9016,2363490304,1769618460432,11:41:00.432,42.3392474,-71.0904381,20.697
9017,2363752448,1769618460720,11:41:00.720,42.3392474,-71.0904381,20.697
9018,2364014592,1769618461001,11:41:01.001,42.3392474,-71.0904381,20.697
9019,2364276736,1769618461301,11:41:01.301,42.3392474,-71.0904381,20.697
9020,2364538880,1769618461593,11:41:01.593,42.3392474,-71.0904381,20.697
9021,2364801024,1769618461878,11:41:01.878,42.3392474,-71.0904381,20.697
9022,2365063168,1769618462182,11:41:02.182,42.3392474,-71.0904381,20.697
9023,2365325312,1769618462480,11:41:02.480,42.3392474,-71.0904381,20.697
9024,2365587456,1769618462760,11:41:02.760,42.3392474,-71.0904381,20.697
9025,2365849600,1769618463062,11:41:03.062,42.3392474,-71.0904381,20.697
9026,2366111744,1769618463349,11:41:03.349,42.3392474,-71.0904381,20.697
9027,2366373888,1769618463635,11:41:03.635,42.3392474,-71.0904381,20.697
9028,2366636032,1769618463941,11:41:03.941,42.3392474,-71.0904381,20.697
9029,2366898176,1769618464237,11:41:04.237,42.3392474,-71.0904381,20.697
9030,2367160320,1769618464541,11:41:04.541,42.3392474,-71.0904381,20.697
9031,2367422464,1769618464855,11:41:04.855,42.3392474,-71.0904381,20.697
9032,2367684608,1769618465156,11:41:05.156,42.3392474,-71.0904381,20.697
9033,2367946752,1769618465448,11:41:05.448,42.3392474,-71.0904381,20.697
9034,2368208896,1769618465745,11:41:05.745,42.3392474,-71.0904381,20.697
9035,2368471040,1769618466039,11:41:06.039,42.3392474,-71.0904381,20.697
9036,2368733184,1769618466325,11:41:06.325,42.3392474,-71.0904381,20.697
9037,2368995328,1769618466633,11:41:06.633,42.3392474,-71.0904381,20.697
9038,2369257472,1769618466921,11:41:06.921,42.3392474,-71.0904381,20.697
9039,2369519616,1769618467218,11:41:07.218,42.3392474,-71.0904381,20.697
9040,2369781760,1769618467556,11:41:07.556,42.3392474,-71.0904381,20.697
9041,2370043904,1769618467933,11:41:07.933,42.3392474,-71.0904381,20.697
9042,2370306048,1769618468375,11:41:08.375,42.3392474,-71.0904381,20.697
9043,2370568192,1769618469042,11:41:09.042,42.3392474,-71.0904381,20.697
9044,2370830336,1769618469782,11:41:09.782,42.3392474,-71.0904381,20.697
9045,2371092480,1769618470486,11:41:10.486,42.3392474,-71.0904381,20.697
9046,2371354624,1769618471196,11:41:11.196,42.3392474,-71.0904381,20.697
9047,2371616768,1769618471822,11:41:11.822,42.3392474,-71.0904381,20.697
9048,2371878912,1769618472489,11:41:12.489,42.3392474,-71.0904381,20.697
9049,2372141056,1769618473001,11:41:13.001,42.3392474,-71.0904381,20.697
9050,2372403200,1769618473475,11:41:13.475,42.3392474,-71.0904381,20.697
9051,2372665344,1769618473945,11:41:13.945,42.3392474,-71.0904381,20.697
9052,2372927488,1769618474257,11:41:14.257,42.3392474,-71.0904381,20.697
9053,2373189632,1769618474582,11:41:14.582,42.3392474,-71.0904381,20.697
9054,2373451776,1769618474932,11:41:14.932,42.3392474,-71.0904381,20.697
9055,2373713920,1769618475374,11:41:15.374,42.3392474,-71.0904381,20.697
9056,2373976064,1769618475780,11:41:15.780,42.3392474,-71.0904381,20.697
9057,2374238208,1769618476360,11:41:16.360,42.3392474,-71.0904381,20.697
9058,2374500352,1769618476834,11:41:16.834,42.3392474,-71.0904381,20.697
9059,2374762496,1769618477185,11:41:17.185,42.3392474,-71.0904381,20.697
9060,2375024640,1769618477534,11:41:17.534,42.3392474,-71.0904381,20.697
9061,2375286784,1769618477899,11:41:17.899,42.3392474,-71.0904381,20.697
9062,2375548928,1769618478444,11:41:18.444,42.3392474,-71.0904381,20.697
9063,2375811072,1769618485082,11:41:25.082,42.3392474,-71.0904381,20.697
9064,2376073216,1769618485376,11:41:25.376,42.3392474,-71.0904381,20.697
9065,2376335360,1769618485665,11:41:25.665,42.3392474,-71.0904381,20.697
9066,2376597504,1769618485953,11:41:25.953,42.3392474,-71.0904381,20.697
9067,2376859648,1769618486228,11:41:26.228,42.3392474,-71.0904381,20.697
9068,2377121792,1769618486506,11:41:26.506,42.3392474,-71.0904381,20.697
9069,2377383936,1769618486792,11:41:26.792,42.3392474,-71.0904381,20.697
9070,2377646080,1769618487073,11:41:27.073,42.3392474,-71.0904381,20.697
9071,2377908224,1769618487349,11:41:27.349,42.3392474,-71.0904381,20.697
9072,2378170368,1769618487649,11:41:27.649,42.3392474,-71.0904381,20.697
9073,2378432512,1769618487941,11:41:27.941,42.3392474,-71.0904381,20.697
9074,2378694656,1769618488231,11:41:28.231,42.3392474,-71.0904381,20.697
9075,2378956800,1769618488526,11:41:28.526,42.3392474,-71.0904381,20.697
9076,2379218944,1769618488842,11:41:28.842,42.3392474,-71.0904381,20.697
9077,2379481088,1769618489149,11:41:29.149,42.3392474,-71.0904381,20.697
9078,2379743232,1769618489476,11:41:29.476,42.3392474,-71.0904381,20.697
9079,2380005376,1769618489802,11:41:29.802,42.3392474,-71.0904381,20.697
9080,2380267520,1769618490135,11:41:30.135,42.3392474,-71.0904381,20.697
9081,2380529664,1769618490458,11:41:30.458,42.3392474,-71.0904381,20.697
9082,2380791808,1769618490764,11:41:30.764,42.3392474,-71.0904381,20.697
9083,2381053952,1769618491081,11:41:31.081,42.3392474,-71.0904381,20.697
9084,2381316096,1769618491416,11:41:31.416,42.3392474,-71.0904381,20.697
9085,2381578240,1769618491726,11:41:31.726,42.3392474,-71.0904381,20.697
9086,2381840384,1769618492050,11:41:32.050,42.3392474,-71.0904381,20.697
9087,2382102528,1769618492366,11:41:32.366,42.3392474,-71.0904381,20.697
9088,2382364672,1769618492694,11:41:32.694,42.3392474,-71.0904381,20.697
9089,2382626816,1769618493016,11:41:33.016,42.3392474,-71.0904381,20.697
9090,2382888960,1769618493325,11:41:33.325,42.3392474,-71.0904381,20.697
9091,2383151104,1769618493651,11:41:33.651,42.3392474,-71.0904381,20.697
9092,2383413248,1769618493970,11:41:33.970,42.3392474,-71.0904381,20.697
9093,2383675392,1769618494281,11:41:34.281,42.3392474,-71.0904381,20.697
9094,2383937536,1769618494605,11:41:34.605,42.3392474,-71.0904381,20.697
9095,2384199680,1769618494932,11:41:34.932,42.3392474,-71.0904381,20.697
9096,2384461824,1769618495216,11:41:35.216,42.3392474,-71.0904381,20.697
9097,2384723968,1769618495529,11:41:35.529,42.3392474,-71.0904381,20.697
9098,2384986112,1769618495839,11:41:35.839,42.3392474,-71.0904381,20.697
9099,2385248256,1769618496166,11:41:36.166,42.3392474,-71.0904381,20.697
9100,2385510400,1769618496474,11:41:36.474,42.3392474,-71.0904381,20.697
9101,2385772544,1769618496758,11:41:36.758,42.3392474,-71.0904381,20.697
9102,2386034688,1769618497074,11:41:37.074,42.3392474,-71.0904381,20.697
9103,2386296832,1769618497385,11:41:37.385,42.3392474,-71.0904381,20.697
9104,2386558976,1769618497838,11:41:37.838,42.3392474,-71.0904381,20.697
9105,2386821120,1769618498396,11:41:38.396,42.3392474,-71.0904381,20.697
9106,2387083264,1769618498745,11:41:38.745,42.3392474,-71.0904381,20.697
9107,2387345408,1769618499074,11:41:39.074,42.3392474,-71.0904381,20.697
9108,2387607552,1769618499399,11:41:39.399,42.3392474,-71.0904381,20.697
9109,2387869696,1769618499971,11:41:39.971,42.3392474,-71.0904381,20.697
9110,2388131840,1769618500479,11:41:40.479,42.3392474,-71.0904381,20.697
9111,2388393984,1769618500801,11:41:40.801,42.3392474,-71.0904381,20.697
9112,2388656128,1769618501153,11:41:41.153,42.3392474,-71.0904381,20.697
9113,2388918272,1769618501503,11:41:41.503,42.3392474,-71.0904381,20.697
9114,2389180416,1769618501853,11:41:41.853,42.3392474,-71.0904381,20.697
9115,2389442560,1769618502204,11:41:42.204,42.3392474,-71.0904381,20.697
9116,2389704704,1769618502552,11:41:42.552,42.3392474,-71.0904381,20.697
9117,2389966848,1769618502903,11:41:42.903,42.3392474,-71.0904381,20.697
9118,2390228992,1769618503295,11:41:43.295,42.3392474,-71.0904381,20.697
9119,2390491136,1769618503713,11:41:43.713,42.3392474,-71.0904381,20.697
9120,2390753280,1769618504272,11:41:44.272,42.3392474,-71.0904381,20.697
9121,2391015424,1769618504729,11:41:44.729,42.3392474,-71.0904381,20.697
9122,2391277568,1769618505313,11:41:45.313,42.3392474,-71.0904381,20.697
9123,2391539712,1769618505823,11:41:45.823,42.3392474,-71.0904381,20.697
9124,2391801856,1769618506201,11:41:46.201,42.3392474,-71.0904381,20.697
9125,2392064000,1769618506625,11:41:46.625,42.3392474,-71.0904381,20.697
9126,2392326144,1769618506933,11:41:46.933,42.3392474,-71.0904381,20.697
9127,2392588288,1769618507302,11:41:47.302,42.3392474,-71.0904381,20.697
9128,2392850432,1769618507700,11:41:47.700,42.3392474,-71.0904381,20.697
9129,2393112576,1769618508008,11:41:48.008,42.3392474,-71.0904381,20.697
9130,2393374720,1769618508451,11:41:48.451,42.3392474,-71.0904381,20.697
9131,2393636864,1769618509068,11:41:49.068,42.3392474,-71.0904381,20.697
9132,2393899008,1769618516360,11:41:56.360,42.3392474,-71.0904381,20.697
9133,2394161152,1769618516662,11:41:56.662,42.3392474,-71.0904381,20.697
9134,2394423296,1769618516935,11:41:56.935,42.3392474,-71.0904381,20.697
9135,2394685440,1769618517227,11:41:57.227,42.3392474,-71.0904381,20.697
9136,2394947584,1769618517514,11:41:57.514,42.3392474,-71.0904381,20.697
9137,2395209728,1769618517810,11:41:57.810,42.3392474,-71.0904381,20.697
9138,2395471872,1769618518109,11:41:58.109,42.3392474,-71.0904381,20.697
9139,2395734016,1769618518411,11:41:58.411,42.3392474,-71.0904381,20.697
9140,2395996160,1769618518688,11:41:58.688,42.3392474,-71.0904381,20.697
9141,2396258304,1769618518999,11:41:58.999,42.3392474,-71.0904381,20.697
9142,2396520448,1769618519305,11:41:59.305,42.3392474,-71.0904381,20.697
9143,2396782592,1769618519598,11:41:59.598,42.3392474,-71.0904381,20.697
9144,2397044736,1769618519886,11:41:59.886,42.3392474,-71.0904381,20.697
9145,2397306880,1769618520190,11:42:00.190,42.3392474,-71.0904381,20.697
9146,2397569024,1769618520501,11:42:00.501,42.3392474,-71.0904381,20.697
9147,2397831168,1769618520833,11:42:00.833,42.3392474,-71.0904381,20.697
9148,2398093312,1769618521165,11:42:01.165,42.3392474,-71.0904381,20.697
9149,2398355456,1769618521462,11:42:01.462,42.3392474,-71.0904381,20.697
9150,2398617600,1769618521773,11:42:01.773,42.3392474,-71.0904381,20.697
9151,2398879744,1769618522057,11:42:02.057,42.3392474,-71.0904381,20.697
9152,2399141888,1769618522352,11:42:02.352,42.3392474,-71.0904381,20.697
9153,2399404032,1769618522627,11:42:02.627,42.3392474,-71.0904381,20.697
9154,2399666176,1769618522905,11:42:02.905,42.3392474,-71.0904381,20.697
9155,2399928320,1769618523199,11:42:03.199,42.3392474,-71.0904381,20.697
9156,2400190464,1769618523487,11:42:03.487,42.3392474,-71.0904381,20.697
9157,2400452608,1769618523772,11:42:03.772,42.3392474,-71.0904381,20.697
9158,2400714752,1769618524338,11:42:04.338,42.3392474,-71.0904381,20.697
9159,2400976896,1769618524817,11:42:04.817,42.3392474,-71.0904381,20.697
9160,2401239040,1769618525345,11:42:05.345,42.3392474,-71.0904381,20.697
9161,2401501184,1769618525980,11:42:05.980,42.3392474,-71.0904381,20.697
9162,2401763328,1769618526459,11:42:06.459,42.3392474,-71.0904381,20.697
9163,2402025472,1769618526775,11:42:06.775,42.3392474,-71.0904381,20.697
9164,2402287616,1769618527456,11:42:07.456,42.3392474,-71.0904381,20.697
9165,2402549760,1769618527974,11:42:07.974,42.3392474,-71.0904381,20.697
9166,2402811904,1769618528339,11:42:08.339,42.3392474,-71.0904381,20.697
9167,2403074048,1769618528694,11:42:08.694,42.3392474,-71.0904381,20.697
9168,2403336192,1769618529306,11:42:09.306,42.3392474,-71.0904381,20.697
9169,2403598336,1769618529977,11:42:09.977,42.3392474,-71.0904381,20.697
9170,2403860480,1769618530474,11:42:10.474,42.3392474,-71.0904381,20.697
9171,2404122624,1769618530758,11:42:10.758,42.3392474,-71.0904381,20.697
9172,2404384768,1769618531380,11:42:11.380,42.3392474,-71.0904381,20.697
9173,2404646912,1769618532220,11:42:12.220,42.3392474,-71.0904381,20.697
9174,2404909056,1769618532690,11:42:12.690,42.3392474,-71.0904381,20.697
9175,2405171200,1769618533040,11:42:13.040,42.3392474,-71.0904381,20.697
9176,2405433344,1769618533607,11:42:13.607,42.3392474,-71.0904381,20.697
9177,2405695488,1769618534065,11:42:14.065,42.3392474,-71.0904381,20.697
9178,2405957632,1769618534502,11:42:14.502,42.3392474,-71.0904381,20.697
9179,2406219776,1769618535042,11:42:15.042,42.3392474,-71.0904381,20.697
9180,2406481920,1769618535399,11:42:15.399,42.3392474,-71.0904381,20.697
9181,2406744064,1769618535906,11:42:15.906,42.3392474,-71.0904381,20.697
9182,2407006208,1769618536404,11:42:16.404,42.3392474,-71.0904381,20.697
9183,2407268352,1769618536890,11:42:16.890,42.3392474,-71.0904381,20.697
9184,2407530496,1769618537341,11:42:17.341,42.3392474,-71.0904381,20.697
9185,2407792640,1769618537692,11:42:17.692,42.3392474,-71.0904381,20.697
9186,2408054784,1769618538043,11:42:18.043,42.3392474,-71.0904381,20.697
9187,2408316928,1769618538394,11:42:18.394,42.3392474,-71.0904381,20.697
9188,2408579072,1769618538791,11:42:18.791,42.3392474,-71.0904381,20.697
9189,2408841216,1769618539077,11:42:19.077,42.3392474,-71.0904381,20.697
9190,2409103360,1769618539590,11:42:19.590,42.3392474,-71.0904381,20.697
9191,2409365504,1769618546472,11:42:26.472,42.3392474,-71.0904381,20.697
9192,2409627648,1769618546676,11:42:26.676,42.3392474,-71.0904381,20.697
9193,2409889792,1769618546879,11:42:26.879,42.3392474,-71.0904381,20.697
9194,2410151936,1769618547095,11:42:27.095,42.3392474,-71.0904381,20.697
9195,2410414080,1769618547303,11:42:27.303,42.3392474,-71.0904381,20.697
9196,2410676224,1769618547514,11:42:27.514,42.3392474,-71.0904381,20.697
9197,2410938368,1769618547745,11:42:27.745,42.3392474,-71.0904381,20.697
9198,2411200512,1769618547943,11:42:27.943,42.3392474,-71.0904381,20.697
9199,2411462656,1769618548157,11:42:28.157,42.3392474,-71.0904381,20.697
9200,2411724800,1769618548376,11:42:28.376,42.3392474,-71.0904381,20.697
9201,2411986944,1769618548579,11:42:28.579,42.3392474,-71.0904381,20.697
9202,2412249088,1769618548803,11:42:28.803,42.3392474,-71.0904381,20.697
9203,2412511232,1769618549015,11:42:29.015,42.3392474,-71.0904381,20.697
9204,2412773376,1769618549229,11:42:29.229,42.3392474,-71.0904381,20.697
9205,2413035520,1769618549412,11:42:29.412,42.3392474,-71.0904381,20.697
9206,2413297664,1769618549602,11:42:29.602,42.3392474,-71.0904381,20.697
9207,2413559808,1769618549897,11:42:29.897,42.3392474,-71.0904381,20.697
9208,2413821952,1769618550181,11:42:30.181,42.3392474,-71.0904381,20.697
9209,2414084096,1769618550452,11:42:30.452,42.3392474,-71.0904381,20.697
9210,2414346240,1769618550703,11:42:30.703,42.3392474,-71.0904381,20.697
9211,2414608384,1769618550986,11:42:30.986,42.3392474,-71.0904381,20.697
9212,2414870528,1769618551252,11:42:31.252,42.3392474,-71.0904381,20.697
9213,2415132672,1769618551523,11:42:31.523,42.3392474,-71.0904381,20.697
9214,2415394816,1769618551784,11:42:31.784,42.3392474,-71.0904381,20.697
9215,2415656960,1769618552059,11:42:32.059,42.3392474,-71.0904381,20.697
9216,2415919104,1769618552334,11:42:32.334,42.3392474,-71.0904381,20.697
9217,2416181248,1769618552638,11:42:32.638,42.3392474,-71.0904381,20.697
9218,2416443392,1769618552913,11:42:32.913,42.3392474,-71.0904381,20.697
9219,2416705536,1769618553220,11:42:33.220,42.3392474,-71.0904381,20.697
9220,2416967680,1769618553512,11:42:33.512,42.3392474,-71.0904381,20.697
9221,2417229824,1769618553810,11:42:33.810,42.3392474,-71.0904381,20.697
9222,2417491968,1769618554090,11:42:34.090,42.3392474,-71.0904381,20.697
9223,2417754112,1769618554395,11:42:34.395,42.3392474,-71.0904381,20.697
9224,2418016256,1769618554678,11:42:34.678,42.3392474,-71.0904381,20.697
9225,2418278400,1769618554955,11:42:34.955,42.3392474,-71.0904381,20.697
9226,2418540544,1769618555241,11:42:35.241,42.3392474,-71.0904381,20.697
9227,2418802688,1769618555539,11:42:35.539,42.3392474,-71.0904381,20.697
9228,2419064832,1769618556213,11:42:36.213,42.3392474,-71.0904381,20.697
9229,2419326976,1769618556662,11:42:36.662,42.3392474,-71.0904381,20.697
9230,2419589120,1769618557239,11:42:37.239,42.3392474,-71.0904381,20.697
9231,2419851264,1769618557738,11:42:37.738,42.3392474,-71.0904381,20.697
9232,2420113408,1769618558215,11:42:38.215,42.3392474,-71.0904381,20.697
9233,2420375552,1769618558689,11:42:38.689,42.3392474,-71.0904381,20.697
9234,2420637696,1769618559254,11:42:39.254,42.3392474,-71.0904381,20.697
9235,2420899840,1769618559795,11:42:39.795,42.3392474,-71.0904381,20.697
9236,2421161984,1769618560286,11:42:40.286,42.3392474,-71.0904381,20.697
9237,2421424128,1769618560747,11:42:40.747,42.3392474,-71.0904381,20.697
9238,2421686272,1769618561299,11:42:41.299,42.3392474,-71.0904381,20.697
9239,2421948416,1769618562044,11:42:42.044,42.3392474,-71.0904381,20.697
9240,2422210560,1769618562536,11:42:42.536,42.3392474,-71.0904381,20.697
9241,2422472704,1769618562889,11:42:42.889,42.3392474,-71.0904381,20.697
9242,2422734848,1769618563241,11:42:43.241,42.3392474,-71.0904381,20.697
9243,2422996992,1769618563606,11:42:43.606,42.3392474,-71.0904381,20.697
9244,2423259136,1769618563924,11:42:43.924,42.3392474,-71.0904381,20.697
9245,2423521280,1769618564242,11:42:44.242,42.3392474,-71.0904381,20.697
9246,2423783424,1769618564559,11:42:44.559,42.3392474,-71.0904381,20.697
9247,2424045568,1769618564876,11:42:44.876,42.3392474,-71.0904381,20.697
9248,2424307712,1769618565207,11:42:45.207,42.3392474,-71.0904381,20.697
9249,2424569856,1769618565586,11:42:45.586,42.3392474,-71.0904381,20.697
9250,2424832000,1769618565970,11:42:45.970,42.3392474,-71.0904381,20.697
9251,2425094144,1769618566344,11:42:46.344,42.3392474,-71.0904381,20.697
9252,2425356288,1769618566761,11:42:46.761,42.3392474,-71.0904381,20.697
9253,2425618432,1769618567182,11:42:47.182,42.3392474,-71.0904381,20.697
9254,2425880576,1769618567534,11:42:47.534,42.3392474,-71.0904381,20.697
9255,2426142720,1769618567883,11:42:47.883,42.3392474,-71.0904381,20.697
9256,2426404864,1769618568241,11:42:48.241,42.3392474,-71.0904381,20.697
9257,2426667008,1769618568605,11:42:48.605,42.3392474,-71.0904381,20.697
9258,2426929152,1769618569393,11:42:49.393,42.3392474,-71.0904381,20.697
9259,2427191296,1769618570069,11:42:50.069,42.3392474,-71.0904381,20.697
9260,2427453440,1769618570857,11:42:50.857,42.3392474,-71.0904381,20.697
9261,2427715584,1769618571293,11:42:51.293,42.3392474,-71.0904381,20.697
9262,2427977728,1769618572074,11:42:52.074,42.3392474,-71.0904381,20.697
9263,2428239872,1769618572695,11:42:52.695,42.3392474,-71.0904381,20.697
9264,2428502016,1769618582806,11:43:02.806,42.3392474,-71.0904381,20.697
9265,2428764160,1769618583063,11:43:03.063,42.3392474,-71.0904381,20.697
9266,2429026304,1769618583339,11:43:03.339,42.3392474,-71.0904381,20.697
9267,2429288448,1769618583595,11:43:03.595,42.3392474,-71.0904381,20.697
9268,2429550592,1769618583860,11:43:03.860,42.3392474,-71.0904381,20.697
9269,2429812736,1769618584116,11:43:04.116,42.3392474,-71.0904381,20.697
9270,2430074880,1769618584383,11:43:04.383,42.3392474,-71.0904381,20.697
9271,2430337024,1769618584635,11:43:04.635,42.3392474,-71.0904381,20.697
9272,2430599168,1769618584901,11:43:04.901,42.3392474,-71.0904381,20.697
9273,2430861312,1769618585190,11:43:05.190,42.3392474,-71.0904381,20.697
9274,2431123456,1769618585485,11:43:05.485,42.3392474,-71.0904381,20.697
9275,2431385600,1769618585766,11:43:05.766,42.3392474,-71.0904381,20.697
9276,2431647744,1769618586015,11:43:06.015,42.3392474,-71.0904381,20.697
9277,2431909888,1769618586298,11:43:06.298,42.3392474,-71.0904381,20.697
9278,2432172032,1769618586569,11:43:06.569,42.3392474,-71.0904381,20.697
9279,2432434176,1769618586828,11:43:06.828,42.3392474,-71.0904381,20.697
9280,2432696320,1769618587085,11:43:07.085,42.3392474,-71.0904381,20.697
9281,2432958464,1769618587317,11:43:07.317,42.3392474,-71.0904381,20.697
9282,2433220608,1769618587582,11:43:07.582,42.3392474,-71.0904381,20.697
9283,2433482752,1769618587844,11:43:07.844,42.3392474,-71.0904381,20.697
9284,2433744896,1769618588105,11:43:08.105,42.3392474,-71.0904381,20.697
9285,2434007040,1769618588361,11:43:08.361,42.3392474,-71.0904381,20.697
9286,2434269184,1769618588635,11:43:08.635,42.3392474,-71.0904381,20.697
9287,2434531328,1769618588879,11:43:08.879,42.3392474,-71.0904381,20.697
9288,2434793472,1769618589133,11:43:09.133,42.3392474,-71.0904381,20.697
9289,2435055616,1769618589393,11:43:09.393,42.3392474,-71.0904381,20.697
9290,2435317760,1769618589636,11:43:09.636,42.3392474,-71.0904381,20.697
9291,2435579904,1769618589898,11:43:09.898,42.3392474,-71.0904381,20.697
9292,2435842048,1769618590156,11:43:10.156,42.3392474,-71.0904381,20.697
9293,2436104192,1769618590414,11:43:10.414,42.3392474,-71.0904381,20.697
9294,2436366336,1769618590676,11:43:10.676,42.3392474,-71.0904381,20.697
9295,2436628480,1769618590941,11:43:10.941,42.3392474,-71.0904381,20.697
9296,2436890624,1769618591219,11:43:11.219,42.3392474,-71.0904381,20.697
9297,2437152768,1769618591466,11:43:11.466,42.3392474,-71.0904381,20.697
9298,2437414912,1769618591737,11:43:11.737,42.3392474,-71.0904381,20.697
9299,2437677056,1769618591983,11:43:11.983,42.3392474,-71.0904381,20.697
9300,2437939200,1769618592213,11:43:12.213,42.3392474,-71.0904381,20.697
9301,2438201344,1769618592475,11:43:12.475,42.3392474,-71.0904381,20.697
9302,2438463488,1769618592729,11:43:12.729,42.3392474,-71.0904381,20.697
9303,2438725632,1769618593033,11:43:13.033,42.3392474,-71.0904381,20.697
9304,2438987776,1769618593288,11:43:13.288,42.3392474,-71.0904381,20.697
9305,2439249920,1769618593521,11:43:13.521,42.3392474,-71.0904381,20.697
9306,2439512064,1769618593776,11:43:13.776,42.3392474,-71.0904381,20.697
9307,2439774208,1769618594163,11:43:14.163,42.3392474,-71.0904381,20.697
9308,2440036352,1769618594649,11:43:14.649,42.3392474,-71.0904381,20.697
9309,2440298496,1769618595170,11:43:15.170,42.3392474,-71.0904381,20.697
9310,2440560640,1769618595642,11:43:15.642,42.3392474,-71.0904381,20.697
9311,2440822784,1769618596074,11:43:16.074,42.3392474,-71.0904381,20.697
9312,2441084928,1769618596475,11:43:16.475,42.3392474,-71.0904381,20.697
9313,2441347072,1769618596841,11:43:16.841,42.3392474,-71.0904381,20.697
9314,2441609216,1769618597350,11:43:17.350,42.3392474,-71.0904381,20.697
9315,2441871360,1769618597796,11:43:17.796,42.3392474,-71.0904381,20.697
9316,2442133504,1769618598226,11:43:18.226,42.3392474,-71.0904381,20.697
9317,2442395648,1769618598672,11:43:18.672,42.3392474,-71.0904381,20.697
9318,2442657792,1769618599036,11:43:19.036,42.3392474,-71.0904381,20.697
9319,2442919936,1769618599517,11:43:19.517,42.3392474,-71.0904381,20.697
9320,2443182080,1769618599997,11:43:19.997,42.3392474,-71.0904381,20.697
9321,2443444224,1769618600524,11:43:20.524,42.3392474,-71.0904381,20.697
9322,2443706368,1769618601033,11:43:21.033,42.3392474,-71.0904381,20.697
9323,2443968512,1769618601543,11:43:21.543,42.3392474,-71.0904381,20.697
9324,2444230656,1769618602115,11:43:22.115,42.3392474,-71.0904381,20.697
9325,2444492800,1769618602578,11:43:22.578,42.3392474,-71.0904381,20.697
9326,2444754944,1769618603143,11:43:23.143,42.3392474,-71.0904381,20.697
9327,2445017088,1769618603699,11:43:23.699,42.3392474,-71.0904381,20.697
9328,2445279232,1769618604254,11:43:24.254,42.3392474,-71.0904381,20.697
9329,2445541376,1769618604737,11:43:24.737,42.3392474,-71.0904381,20.697
9330,2445803520,1769618605236,11:43:25.236,42.3392474,-71.0904381,20.697
9331,2446065664,1769618605783,11:43:25.783,42.3392474,-71.0904381,20.697
9332,2446327808,1769618606314,11:43:26.314,42.3392474,-71.0904381,20.697
9333,2446589952,1769618606850,11:43:26.850,42.3392474,-71.0904381,20.697
9334,2446852096,1769618607395,11:43:27.395,42.3392474,-71.0904381,20.697
9335,2447114240,1769618607916,11:43:27.916,42.3392474,-71.0904381,20.697
9336,2447376384,1769618608503,11:43:28.503,42.3392474,-71.0904381,20.697
9337,2447638528,1769618609020,11:43:29.020,42.3392474,-71.0904381,20.697
9338,2447900672,1769618609484,11:43:29.484,42.3392474,-71.0904381,20.697
9339,2448162816,1769618610008,11:43:30.008,42.3392474,-71.0904381,20.697
9340,2448424960,1769618610515,11:43:30.515,42.3392474,-71.0904381,20.697
9341,2448687104,1769618611041,11:43:31.041,42.3392474,-71.0904381,20.697
9342,2448949248,1769618619677,11:43:39.677,42.3392474,-71.0904381,20.697
9343,2449211392,1769618619895,11:43:39.895,42.3392474,-71.0904381,20.697
9344,2449473536,1769618620181,11:43:40.181,42.3392474,-71.0904381,20.697
9345,2449735680,1769618620434,11:43:40.434,42.3392474,-71.0904381,20.697
9346,2449997824,1769618620631,11:43:40.631,42.3392474,-71.0904381,20.697
9347,2450259968,1769618620829,11:43:40.829,42.3392474,-71.0904381,20.697
9348,2450522112,1769618621053,11:43:41.053,42.3392474,-71.0904381,20.697
9349,2450784256,1769618621286,11:43:41.286,42.3392474,-71.0904381,20.697
9350,2451046400,1769618621504,11:43:41.504,42.3392474,-71.0904381,20.697
9351,2451308544,1769618621729,11:43:41.729,42.3392474,-71.0904381,20.697
9352,2451570688,1769618621946,11:43:41.946,42.3392474,-71.0904381,20.697
9353,2451832832,1769618622177,11:43:42.177,42.3392474,-71.0904381,20.697
9354,2452094976,1769618622419,11:43:42.419,42.3392474,-71.0904381,20.697
9355,2452357120,1769618622633,11:43:42.633,42.3392474,-71.0904381,20.697
9356,2452619264,1769618622858,11:43:42.858,42.3392474,-71.0904381,20.697
9357,2452881408,1769618623083,11:43:43.083,42.3392474,-71.0904381,20.697
9358,2453143552,1769618623306,11:43:43.306,42.3392474,-71.0904381,20.697
9359,2453405696,1769618623516,11:43:43.516,42.3392474,-71.0904381,20.697
9360,2453667840,1769618623759,11:43:43.759,42.3392474,-71.0904381,20.697
9361,2453929984,1769618624003,11:43:44.003,42.3392474,-71.0904381,20.697
9362,2454192128,1769618624237,11:43:44.237,42.3392474,-71.0904381,20.697
9363,2454454272,1769618624474,11:43:44.474,42.3392474,-71.0904381,20.697
9364,2454716416,1769618624710,11:43:44.710,42.3392474,-71.0904381,20.697
9365,2454978560,1769618624956,11:43:44.956,42.3392474,-71.0904381,20.697
9366,2455240704,1769618625213,11:43:45.213,42.3392474,-71.0904381,20.697
9367,2455502848,1769618625440,11:43:45.440,42.3392474,-71.0904381,20.697
9368,2455764992,1769618625677,11:43:45.677,42.3392474,-71.0904381,20.697
9369,2456027136,1769618625916,11:43:45.916,42.3392474,-71.0904381,20.697
9370,2456289280,1769618626151,11:43:46.151,42.3392474,-71.0904381,20.697
9371,2456551424,1769618626382,11:43:46.382,42.3392474,-71.0904381,20.697
9372,2456813568,1769618626622,11:43:46.622,42.3392474,-71.0904381,20.697
9373,2457075712,1769618626864,11:43:46.864,42.3392474,-71.0904381,20.697
9374,2457337856,1769618627121,11:43:47.121,42.3392474,-71.0904381,20.697
9375,2457600000,1769618627367,11:43:47.367,42.3392474,-71.0904381,20.697
9376,2457862144,1769618627604,11:43:47.604,42.3392474,-71.0904381,20.697
9377,2458124288,1769618628012,11:43:48.012,42.3392474,-71.0904381,20.697
9378,2458386432,1769618628405,11:43:48.405,42.3392474,-71.0904381,20.697
9379,2458648576,1769618628745,11:43:48.745,42.3392474,-71.0904381,20.697
9380,2458910720,1769618629069,11:43:49.069,42.3392474,-71.0904381,20.697
9381,2459172864,1769618629491,11:43:49.491,42.3392474,-71.0904381,20.697
9382,2459435008,1769618629902,11:43:49.902,42.3392474,-71.0904381,20.697
9383,2459697152,1769618630253,11:43:50.253,42.3392474,-71.0904381,20.697
9384,2459959296,1769618630653,11:43:50.653,42.3392474,-71.0904381,20.697
9385,2460221440,1769618631004,11:43:51.004,42.3392474,-71.0904381,20.697
9386,2460483584,1769618631386,11:43:51.386,42.3392474,-71.0904381,20.697
9387,2460745728,1769618631754,11:43:51.754,42.3392474,-71.0904381,20.697
9388,2461007872,1769618632107,11:43:52.107,42.3392474,-71.0904381,20.697
9389,2461270016,1769618632491,11:43:52.491,42.3392474,-71.0904381,20.697
9390,2461532160,1769618633107,11:43:53.107,42.3392474,-71.0904381,20.697
9391,2461794304,1769618633912,11:43:53.912,42.3392474,-71.0904381,20.697
9392,2462056448,1769618634332,11:43:54.332,42.3392474,-71.0904381,20.697
9393,2462318592,1769618634722,11:43:54.722,42.3392474,-71.0904381,20.697
9394,2462580736,1769618635184,11:43:55.184,42.3392474,-71.0904381,20.697
9395,2462842880,1769618635957,11:43:55.957,42.3392474,-71.0904381,20.697
9396,2463105024,1769618636915,11:43:56.915,42.3392474,-71.0904381,20.697
9397,2463367168,1769618637383,11:43:57.383,42.3392474,-71.0904381,20.697
9398,2463629312,1769618637699,11:43:57.699,42.3392474,-71.0904381,20.697
9399,2463891456,1769618638050,11:43:58.050,42.3392474,-71.0904381,20.697
9400,2464153600,1769618638399,11:43:58.399,42.3392474,-71.0904381,20.697
9401,2464415744,1769618638899,11:43:58.899,42.3392474,-71.0904381,20.697
9402,2464677888,1769618639396,11:43:59.396,42.3392474,-71.0904381,20.697
9403,2464940032,1769618640104,11:44:00.104,42.3392474,-71.0904381,20.697
9404,2465202176,1769618641007,11:44:01.007,42.3392474,-71.0904381,20.697
9405,2465464320,1769618652677,11:44:12.677,42.3392474,-71.0904381,20.697
9406,2465726464,1769618652945,11:44:12.945,42.3392474,-71.0904381,20.697
9407,2465988608,1769618653220,11:44:13.220,42.3392474,-71.0904381,20.697
9408,2466250752,1769618653477,11:44:13.477,42.3392474,-71.0904381,20.697
9409,2466512896,1769618653722,11:44:13.722,42.3392474,-71.0904381,20.697
9410,2466775040,1769618653970,11:44:13.970,42.3392474,-71.0904381,20.697
9411,2467037184,1769618654205,11:44:14.205,42.3392474,-71.0904381,20.697
9412,2467299328,1769618654485,11:44:14.485,42.3392474,-71.0904381,20.697
9413,2467561472,1769618654731,11:44:14.731,42.3392474,-71.0904381,20.697
9414,2467823616,1769618654986,11:44:14.986,42.3392474,-71.0904381,20.697
9415,2468085760,1769618655466,11:44:15.466,42.3392474,-71.0904381,20.697
9416,2468347904,1769618655867,11:44:15.867,42.3392474,-71.0904381,20.697
9417,2468610048,1769618656388,11:44:16.388,42.3392474,-71.0904381,20.697
9418,2468872192,1769618657143,11:44:17.143,42.3392474,-71.0904381,20.697
9419,2469134336,1769618657623,11:44:17.623,42.3392474,-71.0904381,20.697
9420,2469396480,1769618658605,11:44:18.605,42.3392474,-71.0904381,20.697
9421,2469658624,1769618659276,11:44:19.276,42.3392474,-71.0904381,20.697
9422,2469920768,1769618659766,11:44:19.766,42.3392474,-71.0904381,20.697
9423,2470182912,1769618660057,11:44:20.057,42.3392474,-71.0904381,20.697
9424,2470445056,1769618660514,11:44:20.514,42.3392474,-71.0904381,20.697
9425,2470707200,1769618661393,11:44:21.393,42.3392474,-71.0904381,20.697
9426,2470969344,1769618661915,11:44:21.915,42.3392474,-71.0904381,20.697
9427,2471231488,1769618662290,11:44:22.290,42.3392474,-71.0904381,20.697
9428,2471493632,1769618662780,11:44:22.780,42.3392474,-71.0904381,20.697
9429,2471755776,1769618663624,11:44:23.624,42.3392474,-71.0904381,20.697
9430,2472017920,1769618664914,11:44:24.914,42.3392474,-71.0904381,20.697
9431,2472280064,1769618665500,11:44:25.500,42.3392474,-71.0904381,20.697
9432,2472542208,1769618666862,11:44:26.862,42.3392474,-71.0904381,20.697
9433,2472804352,1769618667473,11:44:27.473,42.3392474,-71.0904381,20.697
9434,2473066496,1769618668094,11:44:28.094,42.3392474,-71.0904381,20.697
9435,2473328640,1769618668669,11:44:28.669,42.3392474,-71.0904381,20.697
9436,2473590784,1769618669087,11:44:29.087,42.3392474,-71.0904381,20.697
9437,2473852928,1769618669477,11:44:29.477,42.3392474,-71.0904381,20.697
9438,2474115072,1769618669885,11:44:29.885,42.3392474,-71.0904381,20.697
9439,2474377216,1769618670178,11:44:30.178,42.3392474,-71.0904381,20.697
9440,2474639360,1769618670529,11:44:30.529,42.3392474,-71.0904381,20.697
9441,2474901504,1769618670881,11:44:30.881,42.3392474,-71.0904381,20.697
9442,2475163648,1769618671231,11:44:31.231,42.3392474,-71.0904381,20.697
9443,2475425792,1769618671581,11:44:31.581,42.3392474,-71.0904381,20.697
9444,2475687936,1769618684478,11:44:44.478,42.3392474,-71.0904381,20.697
9445,2475950080,1769618684754,11:44:44.754,42.3392474,-71.0904381,20.697
9446,2476212224,1769618685016,11:44:45.016,42.3392474,-71.0904381,20.697
9447,2476474368,1769618685263,11:44:45.263,42.3392474,-71.0904381,20.697
9448,2476736512,1769618685509,11:44:45.509,42.3392474,-71.0904381,20.697
9449,2476998656,1769618685756,11:44:45.756,42.3392474,-71.0904381,20.697
9450,2477260800,1769618686002,11:44:46.002,42.3392474,-71.0904381,20.697
9451,2477522944,1769618686235,11:44:46.235,42.3392474,-71.0904381,20.697
9452,2477785088,1769618686502,11:44:46.502,42.3392474,-71.0904381,20.697
9453,2478047232,1769618686753,11:44:46.753,42.3392474,-71.0904381,20.697
9454,2478309376,1769618686989,11:44:46.989,42.3392474,-71.0904381,20.697
9455,2478571520,1769618687233,11:44:47.233,42.3392474,-71.0904381,20.697
9456,2478833664,1769618687463,11:44:47.463,42.3392474,-71.0904381,20.697
9457,2479095808,1769618687703,11:44:47.703,42.3392474,-71.0904381,20.697
9458,2479357952,1769618687960,11:44:47.960,42.3392474,-71.0904381,20.697
9459,2479620096,1769618688231,11:44:48.231,42.3392474,-71.0904381,20.697
9460,2479882240,1769618688477,11:44:48.477,42.3392474,-71.0904381,20.697
9461,2480144384,1769618688736,11:44:48.736,42.3392474,-71.0904381,20.697
9462,2480406528,1769618688990,11:44:48.990,42.3392474,-71.0904381,20.697
9463,2480668672,1769618689236,11:44:49.236,42.3392474,-71.0904381,20.697
9464,2480930816,1769618689483,11:44:49.483,42.3392474,-71.0904381,20.697
9465,2481192960,1769618689731,11:44:49.731,42.3392474,-71.0904381,20.697
9466,2481455104,1769618689973,11:44:49.973,42.3392474,-71.0904381,20.697
9467,2481717248,1769618690227,11:44:50.227,42.3392474,-71.0904381,20.697
9468,2481979392,1769618690466,11:44:50.466,42.3392474,-71.0904381,20.697
9469,2482241536,1769618690728,11:44:50.728,42.3392474,-71.0904381,20.697
9470,2482503680,1769618690977,11:44:50.977,42.3392474,-71.0904381,20.697
9471,2482765824,1769618691227,11:44:51.227,42.3392474,-71.0904381,20.697
9472,2483027968,1769618691487,11:44:51.487,42.3392474,-71.0904381,20.697
9473,2483290112,1769618691738,11:44:51.738,42.3392474,-71.0904381,20.697
9474,2483552256,1769618691999,11:44:51.999,42.3392474,-71.0904381,20.697
9475,2483814400,1769618692262,11:44:52.262,42.3392474,-71.0904381,20.697
9476,2484076544,1769618692515,11:44:52.515,42.3392474,-71.0904381,20.697
9477,2484338688,1769618692760,11:44:52.760,42.3392474,-71.0904381,20.697
9478,2484600832,1769618693009,11:44:53.009,42.3392474,-71.0904381,20.697
9479,2484862976,1769618693257,11:44:53.257,42.3392474,-71.0904381,20.697
9480,2485125120,1769618693503,11:44:53.503,42.3392474,-71.0904381,20.697
9481,2485387264,1769618693751,11:44:53.751,42.3392474,-71.0904381,20.697
9482,2485649408,1769618694005,11:44:54.005,42.3392474,-71.0904381,20.697
9483,2485911552,1769618694267,11:44:54.267,42.3392474,-71.0904381,20.697
9484,2486173696,1769618694508,11:44:54.508,42.3392474,-71.0904381,20.697
9485,2486435840,1769618694753,11:44:54.753,42.3392474,-71.0904381,20.697
9486,2486697984,1769618695001,11:44:55.001,42.3392474,-71.0904381,20.697
9487,2486960128,1769618695252,11:44:55.252,42.3392474,-71.0904381,20.697
9488,2487222272,1769618695519,11:44:55.519,42.3392474,-71.0904381,20.697
9489,2487484416,1769618695776,11:44:55.776,42.3392474,-71.0904381,20.697
9490,2487746560,1769618696031,11:44:56.031,42.3392474,-71.0904381,20.697
9491,2488008704,1769618696258,11:44:56.258,42.3392474,-71.0904381,20.697
9492,2488270848,1769618696535,11:44:56.535,42.3392474,-71.0904381,20.697
9493,2488532992,1769618696773,11:44:56.773,42.3392474,-71.0904381,20.697
9494,2488795136,1769618697017,11:44:57.017,42.3392474,-71.0904381,20.697
9495,2489057280,1769618697262,11:44:57.262,42.3392474,-71.0904381,20.697
9496,2489319424,1769618697529,11:44:57.529,42.3392474,-71.0904381,20.697
9497,2489581568,1769618698135,11:44:58.135,42.3392474,-71.0904381,20.697
9498,2489843712,1769618698721,11:44:58.721,42.3392474,-71.0904381,20.697
9499,2490105856,1769618699186,11:44:59.186,42.3392474,-71.0904381,20.697
9500,2490368000,1769618699437,11:44:59.437,42.3392474,-71.0904381,20.697
9501,2490630144,1769618699782,11:44:59.782,42.3392474,-71.0904381,20.697
9502,2490892288,1769618700139,11:45:00.139,42.3392474,-71.0904381,20.697
9503,2491154432,1769618700483,11:45:00.483,42.3392474,-71.0904381,20.697
9504,2491416576,1769618700851,11:45:00.851,42.3392474,-71.0904381,20.697
9505,2491678720,1769618701239,11:45:01.239,42.3392474,-71.0904381,20.697
9506,2491940864,1769618701600,11:45:01.600,42.3392474,-71.0904381,20.697
9507,2492203008,1769618701952,11:45:01.952,42.3392474,-71.0904381,20.697
9508,2492465152,1769618715372,11:45:15.372,42.3392474,-71.0904381,20.697
9509,2492727296,1769618715629,11:45:15.629,42.3392474,-71.0904381,20.697
9510,2492989440,1769618715862,11:45:15.862,42.3392474,-71.0904381,20.697
9511,2493251584,1769618716099,11:45:16.099,42.3392474,-71.0904381,20.697
9512,2493513728,1769618716317,11:45:16.317,42.3392474,-71.0904381,20.697
9513,2493775872,1769618716569,11:45:16.569,42.3392474,-71.0904381,20.697
9514,2494038016,1769618716804,11:45:16.804,42.3392474,-71.0904381,20.697
9515,2494300160,1769618717041,11:45:17.041,42.3392474,-71.0904381,20.697
9516,2494562304,1769618717278,11:45:17.278,42.3392474,-71.0904381,20.697
9517,2494824448,1769618717518,11:45:17.518,42.3392474,-71.0904381,20.697
9518,2495086592,1769618717749,11:45:17.749,42.3392474,-71.0904381,20.697
9519,2495348736,1769618717986,11:45:17.986,42.3392474,-71.0904381,20.697
9520,2495610880,1769618718226,11:45:18.226,42.3392474,-71.0904381,20.697
9521,2495873024,1769618718468,11:45:18.468,42.3392474,-71.0904381,20.697
9522,2496135168,1769618718714,11:45:18.714,42.3392474,-71.0904381,20.697
9523,2496397312,1769618718975,11:45:18.975,42.3392474,-71.0904381,20.697
9524,2496659456,1769618719209,11:45:19.209,42.3392474,-71.0904381,20.697
9525,2496921600,1769618719451,11:45:19.451,42.3392474,-71.0904381,20.697
9526,2497183744,1769618719706,11:45:19.706,42.3392474,-71.0904381,20.697
9527,2497445888,1769618719951,11:45:19.951,42.3392474,-71.0904381,20.697
9528,2497708032,1769618720199,11:45:20.199,42.3392474,-71.0904381,20.697
9529,2497970176,1769618720433,11:45:20.433,42.3392474,-71.0904381,20.697
9530,2498232320,1769618720671,11:45:20.671,42.3392474,-71.0904381,20.697
9531,2498494464,1769618720920,11:45:20.920,42.3392474,-71.0904381,20.697
9532,2498756608,1769618721170,11:45:21.170,42.3392474,-71.0904381,20.697
9533,2499018752,1769618721438,11:45:21.438,42.3392474,-71.0904381,20.697
9534,2499280896,1769618721681,11:45:21.681,42.3392474,-71.0904381,20.697
9535,2499543040,1769618721914,11:45:21.914,42.3392474,-71.0904381,20.697
9536,2499805184,1769618722160,11:45:22.160,42.3392474,-71.0904381,20.697
9537,2500067328,1769618722413,11:45:22.413,42.3392474,-71.0904381,20.697
9538,2500329472,1769618722642,11:45:22.642,42.3392474,-71.0904381,20.697
9539,2500591616,1769618722884,11:45:22.884,42.3392474,-71.0904381,20.697
9540,2500853760,1769618723145,11:45:23.145,42.3392474,-71.0904381,20.697
9541,2501115904,1769618723382,11:45:23.382,42.3392474,-71.0904381,20.697
9542,2501378048,1769618723632,11:45:23.632,42.3392474,-71.0904381,20.697
9543,2501640192,1769618723876,11:45:23.876,42.3392474,-71.0904381,20.697
9544,2501902336,1769618724128,11:45:24.128,42.3392474,-71.0904381,20.697
9545,2502164480,1769618724372,11:45:24.372,42.3392474,-71.0904381,20.697
9546,2502426624,1769618724611,11:45:24.611,42.3392474,-71.0904381,20.697
9547,2502688768,1769618724869,11:45:24.869,42.3392474,-71.0904381,20.697
9548,2502950912,1769618725104,11:45:25.104,42.3392474,-71.0904381,20.697
9549,2503213056,1769618725340,11:45:25.340,42.3392474,-71.0904381,20.697
9550,2503475200,1769618725578,11:45:25.578,42.3392474,-71.0904381,20.697
9551,2503737344,1769618725810,11:45:25.810,42.3392474,-71.0904381,20.697
9552,2503999488,1769618726050,11:45:26.050,42.3392474,-71.0904381,20.697
9553,2504261632,1769618726301,11:45:26.301,42.3392474,-71.0904381,20.697
9554,2504523776,1769618726534,11:45:26.534,42.3392474,-71.0904381,20.697
9555,2504785920,1769618726774,11:45:26.774,42.3392474,-71.0904381,20.697
9556,2505048064,1769618726999,11:45:26.999,42.3392474,-71.0904381,20.697
9557,2505310208,1769618727226,11:45:27.226,42.3392474,-71.0904381,20.697
9558,2505572352,1769618727462,11:45:27.462,42.3392474,-71.0904381,20.697
9559,2505834496,1769618727721,11:45:27.721,42.3392474,-71.0904381,20.697
9560,2506096640,1769618727966,11:45:27.966,42.3392474,-71.0904381,20.697
9561,2506358784,1769618728219,11:45:28.219,42.3392474,-71.0904381,20.697
9562,2506620928,1769618728469,11:45:28.469,42.3392474,-71.0904381,20.697
9563,2506883072,1769618728720,11:45:28.720,42.3392474,-71.0904381,20.697
9564,2507145216,1769618728968,11:45:28.968,42.3392474,-71.0904381,20.697
9565,2507407360,1769618729217,11:45:29.217,42.3392474,-71.0904381,20.697
9566,2507669504,1769618729449,11:45:29.449,42.3392474,-71.0904381,20.697
9567,2507931648,1769618729696,11:45:29.696,42.3392474,-71.0904381,20.697
9568,2508193792,1769618729916,11:45:29.916,42.3392474,-71.0904381,20.697
9569,2508455936,1769618730154,11:45:30.154,42.3392474,-71.0904381,20.697
9570,2508718080,1769618730403,11:45:30.403,42.3392474,-71.0904381,20.697
9571,2508980224,1769618730656,11:45:30.656,42.3392474,-71.0904381,20.697
9572,2509242368,1769618730879,11:45:30.879,42.3392474,-71.0904381,20.697
9573,2509504512,1769618731118,11:45:31.118,42.3392474,-71.0904381,20.697
9574,2509766656,1769618731383,11:45:31.383,42.3392474,-71.0904381,20.697
9575,2510028800,1769618731623,11:45:31.623,42.3392474,-71.0904381,20.697
9576,2510290944,1769618731850,11:45:31.850,42.3392474,-71.0904381,20.697
9577,2510553088,1769618732100,11:45:32.100,42.3392474,-71.0904381,20.697
9578,2510815232,1769618746463,11:45:46.463,42.3392474,-71.0904381,20.697
9579,2511077376,1769618746707,11:45:46.707,42.3392474,-71.0904381,20.697
9580,2511339520,1769618746943,11:45:46.943,42.3392474,-71.0904381,20.697
9581,2511601664,1769618747193,11:45:47.193,42.3392474,-71.0904381,20.697
9582,2511863808,1769618747436,11:45:47.436,42.3392474,-71.0904381,20.697
9583,2512125952,1769618747693,11:45:47.693,42.3392474,-71.0904381,20.697
9584,2512388096,1769618747940,11:45:47.940,42.3392474,-71.0904381,20.697
9585,2512650240,1769618748187,11:45:48.187,42.3392474,-71.0904381,20.697
9586,2512912384,1769618748440,11:45:48.440,42.3392474,-71.0904381,20.697
9587,2513174528,1769618748691,11:45:48.691,42.3392474,-71.0904381,20.697
9588,2513436672,1769618748944,11:45:48.944,42.3392474,-71.0904381,20.697
9589,2513698816,1769618749217,11:45:49.217,42.3392474,-71.0904381,20.697
9590,2513960960,1769618749478,11:45:49.478,42.3392474,-71.0904381,20.697
9591,2514223104,1769618749732,11:45:49.732,42.3392474,-71.0904381,20.697
9592,2514485248,1769618749996,11:45:49.996,42.3392474,-71.0904381,20.697
9593,2514747392,1769618750248,11:45:50.248,42.3392474,-71.0904381,20.697
9594,2515009536,1769618750497,11:45:50.497,42.3392474,-71.0904381,20.697
9595,2515271680,1769618750756,11:45:50.756,42.3392474,-71.0904381,20.697
9596,2515533824,1769618751026,11:45:51.026,42.3392474,-71.0904381,20.697
9597,2515795968,1769618751274,11:45:51.274,42.3392474,-71.0904381,20.697
9598,2516058112,1769618751523,11:45:51.523,42.3392474,-71.0904381,20.697
9599,2516320256,1769618751776,11:45:51.776,42.3392474,-71.0904381,20.697
9600,2516582400,1769618752023,11:45:52.023,42.3392474,-71.0904381,20.697
9601,2516844544,1769618752266,11:45:52.266,42.3392474,-71.0904381,20.697
9602,2517106688,1769618752511,11:45:52.511,42.3392474,-71.0904381,20.697
9603,2517368832,1769618752763,11:45:52.763,42.3392474,-71.0904381,20.697
9604,2517630976,1769618753022,11:45:53.022,42.3392474,-71.0904381,20.697
9605,2517893120,1769618753276,11:45:53.276,42.3392474,-71.0904381,20.697
9606,2518155264,1769618753526,11:45:53.526,42.3392474,-71.0904381,20.697
9607,2518417408,1769618753779,11:45:53.779,42.3392474,-71.0904381,20.697
9608,2518679552,1769618754056,11:45:54.056,42.3392474,-71.0904381,20.697
9609,2518941696,1769618754308,11:45:54.308,42.3392474,-71.0904381,20.697
9610,2519203840,1769618754565,11:45:54.565,42.3392474,-71.0904381,20.697
9611,2519465984,1769618754806,11:45:54.806,42.3392474,-71.0904381,20.697
9612,2519728128,1769618755051,11:45:55.051,42.3392474,-71.0904381,20.697
9613,2519990272,1769618755304,11:45:55.304,42.3392474,-71.0904381,20.697
9614,2520252416,1769618755563,11:45:55.563,42.3392474,-71.0904381,20.697
9615,2520514560,1769618755825,11:45:55.825,42.3392474,-71.0904381,20.697
9616,2520776704,1769618756116,11:45:56.116,42.3392474,-71.0904381,20.697
9617,2521038848,1769618756358,11:45:56.358,42.3392474,-71.0904381,20.697
9618,2521300992,1769618756598,11:45:56.598,42.3392474,-71.0904381,20.697
9619,2521563136,1769618756846,11:45:56.846,42.3392474,-71.0904381,20.697
9620,2521825280,1769618757094,11:45:57.094,42.3392474,-71.0904381,20.697
9621,2522087424,1769618757343,11:45:57.343,42.3392474,-71.0904381,20.697
9622,2522349568,1769618757606,11:45:57.606,42.3392474,-71.0904381,20.697
9623,2522611712,1769618757859,11:45:57.859,42.3392474,-71.0904381,20.697
9624,2522873856,1769618758111,11:45:58.111,42.3392474,-71.0904381,20.697
9625,2523136000,1769618758358,11:45:58.358,42.3392474,-71.0904381,20.697
9626,2523398144,1769618758624,11:45:58.624,42.3392474,-71.0904381,20.697
9627,2523660288,1769618758877,11:45:58.877,42.3392474,-71.0904381,20.697
9628,2523922432,1769618759123,11:45:59.123,42.3392474,-71.0904381,20.697
9629,2524184576,1769618759369,11:45:59.369,42.3392474,-71.0904381,20.697
9630,2524446720,1769618759625,11:45:59.625,42.3392474,-71.0904381,20.697
9631,2524708864,1769618759877,11:45:59.877,42.3392474,-71.0904381,20.697
9632,2524971008,1769618760099,11:46:00.099,42.3392474,-71.0904381,20.697
9633,2525233152,1769618760351,11:46:00.351,42.3392474,-71.0904381,20.697
9634,2525495296,1769618760583,11:46:00.583,42.3392474,-71.0904381,20.697
9635,2525757440,1769618760825,11:46:00.825,42.3392474,-71.0904381,20.697
9636,2526019584,1769618761064,11:46:01.064,42.3392474,-71.0904381,20.697
9637,2526281728,1769618761291,11:46:01.291,42.3392474,-71.0904381,20.697
9638,2526543872,1769618761531,11:46:01.531,42.3392474,-71.0904381,20.697
9639,2526806016,1769618761781,11:46:01.781,42.3392474,-71.0904381,20.697
9640,2527068160,1769618762038,11:46:02.038,42.3392474,-71.0904381,20.697
9641,2527330304,1769618762268,11:46:02.268,42.3392474,-71.0904381,20.697
9642,2527592448,1769618762501,11:46:02.501,42.3392474,-71.0904381,20.697
9643,2527854592,1769618777510,11:46:17.510,42.3392474,-71.0904381,20.697
9644,2528116736,1769618777764,11:46:17.764,42.3392474,-71.0904381,20.697
9645,2528378880,1769618778009,11:46:18.009,42.3392474,-71.0904381,20.697
9646,2528641024,1769618778240,11:46:18.240,42.3392474,-71.0904381,20.697
9647,2528903168,1769618778497,11:46:18.497,42.3392474,-71.0904381,20.697
9648,2529165312,1769618778752,11:46:18.752,42.3392474,-71.0904381,20.697
9649,2529427456,1769618779005,11:46:19.005,42.3392474,-71.0904381,20.697
9650,2529689600,1769618779276,11:46:19.276,42.3392474,-71.0904381,20.697
9651,2529951744,1769618779522,11:46:19.522,42.3392474,-71.0904381,20.697
9652,2530213888,1769618779742,11:46:19.742,42.3392474,-71.0904381,20.697
9653,2530476032,1769618779978,11:46:19.978,42.3392474,-71.0904381,20.697
9654,2530738176,1769618780215,11:46:20.215,42.3392474,-71.0904381,20.697
9655,2531000320,1769618780466,11:46:20.466,42.3392474,-71.0904381,20.697
9656,2531262464,1769618780687,11:46:20.687,42.3392474,-71.0904381,20.697
9657,2531524608,1769618780933,11:46:20.933,42.3392474,-71.0904381,20.697
9658,2531786752,1769618781165,11:46:21.165,42.3392474,-71.0904381,20.697
9659,2532048896,1769618781394,11:46:21.394,42.3392474,-71.0904381,20.697
9660,2532311040,1769618781641,11:46:21.641,42.3392474,-71.0904381,20.697
9661,2532573184,1769618781889,11:46:21.889,42.3392474,-71.0904381,20.697
9662,2532835328,1769618782126,11:46:22.126,42.3392474,-71.0904381,20.697
9663,2533097472,1769618782374,11:46:22.374,42.3392474,-71.0904381,20.697
9664,2533359616,1769618782623,11:46:22.623,42.3392474,-71.0904381,20.697
9665,2533621760,1769618782883,11:46:22.883,42.3392474,-71.0904381,20.697
9666,2533883904,1769618783145,11:46:23.145,42.3392474,-71.0904381,20.697
9667,2534146048,1769618783390,11:46:23.390,42.3392474,-71.0904381,20.697
9668,2534408192,1769618783647,11:46:23.647,42.3392474,-71.0904381,20.697
9669,2534670336,1769618783898,11:46:23.898,42.3392474,-71.0904381,20.697
9670,2534932480,1769618784146,11:46:24.146,42.3392474,-71.0904381,20.697
9671,2535194624,1769618784395,11:46:24.395,42.3392474,-71.0904381,20.697
9672,2535456768,1769618784635,11:46:24.635,42.3392474,-71.0904381,20.697
9673,2535718912,1769618784886,11:46:24.886,42.3392474,-71.0904381,20.697
9674,2535981056,1769618785125,11:46:25.125,42.3392474,-71.0904381,20.697
9675,2536243200,1769618785376,11:46:25.376,42.3392474,-71.0904381,20.697
9676,2536505344,1769618785638,11:46:25.638,42.3392474,-71.0904381,20.697
9677,2536767488,1769618785891,11:46:25.891,42.3392474,-71.0904381,20.697
9678,2537029632,1769618786136,11:46:26.136,42.3392474,-71.0904381,20.697
9679,2537291776,1769618786382,11:46:26.382,42.3392474,-71.0904381,20.697
9680,2537553920,1769618786636,11:46:26.636,42.3392474,-71.0904381,20.697
9681,2537816064,1769618786878,11:46:26.878,42.3392474,-71.0904381,20.697
9682,2538078208,1769618787106,11:46:27.106,42.3392474,-71.0904381,20.697
9683,2538340352,1769618787347,11:46:27.347,42.3392474,-71.0904381,20.697
9684,2538602496,1769618787589,11:46:27.589,42.3392474,-71.0904381,20.697
9685,2538864640,1769618787844,11:46:27.844,42.3392474,-71.0904381,20.697
9686,2539126784,1769618788084,11:46:28.084,42.3392474,-71.0904381,20.697
9687,2539388928,1769618788338,11:46:28.338,42.3392474,-71.0904381,20.697
9688,2539651072,1769618788590,11:46:28.590,42.3392474,-71.0904381,20.697
9689,2539913216,1769618788826,11:46:28.826,42.3392474,-71.0904381,20.697
9690,2540175360,1769618789066,11:46:29.066,42.3392474,-71.0904381,20.697
9691,2540437504,1769618789319,11:46:29.319,42.3392474,-71.0904381,20.697
9692,2540699648,1769618789546,11:46:29.546,42.3392474,-71.0904381,20.697
9693,2540961792,1769618789791,11:46:29.791,42.3392474,-71.0904381,20.697
9694,2541223936,1769618790055,11:46:30.055,42.3392474,-71.0904381,20.697
9695,2541486080,1769618790308,11:46:30.308,42.3392474,-71.0904381,20.697
9696,2541748224,1769618790546,11:46:30.546,42.3392474,-71.0904381,20.697
9697,2542010368,1769618790781,11:46:30.781,42.3392474,-71.0904381,20.697
9698,2542272512,1769618791030,11:46:31.030,42.3392474,-71.0904381,20.697
9699,2542534656,1769618791275,11:46:31.275,42.3392474,-71.0904381,20.697
9700,2542796800,1769618791531,11:46:31.531,42.3392474,-71.0904381,20.697
9701,2543058944,1769618791766,11:46:31.766,42.3392474,-71.0904381,20.697
9702,2543321088,1769618792024,11:46:32.024,42.3392474,-71.0904381,20.697
9703,2543583232,1769618792284,11:46:32.284,42.3392474,-71.0904381,20.697
9704,2543845376,1769618792535,11:46:32.535,42.3392474,-71.0904381,20.697
9705,2544107520,1769618792756,11:46:32.756,42.3392474,-71.0904381,20.697
9706,2544369664,1769618792997,11:46:32.997,42.3392474,-71.0904381,20.697
9707,2544631808,1769618807264,11:46:47.264,42.3392474,-71.0904381,20.697
9708,2544893952,1769618807489,11:46:47.489,42.3392474,-71.0904381,20.697
9709,2545156096,1769618807703,11:46:47.703,42.3392474,-71.0904381,20.697
9710,2545418240,1769618807887,11:46:47.887,42.3392474,-71.0904381,20.697
9711,2545680384,1769618808107,11:46:48.107,42.3392474,-71.0904381,20.697
9712,2545942528,1769618808322,11:46:48.322,42.3392474,-71.0904381,20.697
9713,2546204672,1769618808525,11:46:48.525,42.3392474,-71.0904381,20.697
9714,2546466816,1769618808773,11:46:48.773,42.3392474,-71.0904381,20.697
9715,2546728960,1769618809010,11:46:49.010,42.3392474,-71.0904381,20.697
9716,2546991104,1769618809226,11:46:49.226,42.3392474,-71.0904381,20.697
9717,2547253248,1769618809461,11:46:49.461,42.3392474,-71.0904381,20.697
9718,2547515392,1769618809675,11:46:49.675,42.3392474,-71.0904381,20.697
9719,2547777536,1769618809878,11:46:49.878,42.3392474,-71.0904381,20.697
9720,2548039680,1769618810107,11:46:50.107,42.3392474,-71.0904381,20.697
9721,2548301824,1769618810314,11:46:50.314,42.3392474,-71.0904381,20.697
9722,2548563968,1769618810556,11:46:50.556,42.3392474,-71.0904381,20.697
9723,2548826112,1769618810793,11:46:50.793,42.3392474,-71.0904381,20.697
9724,2549088256,1769618811000,11:46:51.000,42.3392474,-71.0904381,20.697
9725,2549350400,1769618811217,11:46:51.217,42.3392474,-71.0904381,20.697
9726,2549612544,1769618811436,11:46:51.436,42.3392474,-71.0904381,20.697
9727,2549874688,1769618811659,11:46:51.659,42.3392474,-71.0904381,20.697
9728,2550136832,1769618811884,11:46:51.884,42.3392474,-71.0904381,20.697
9729,2550398976,1769618812104,11:46:52.104,42.3392474,-71.0904381,20.697
9730,2550661120,1769618812354,11:46:52.354,42.3392474,-71.0904381,20.697
9731,2550923264,1769618812572,11:46:52.572,42.3392474,-71.0904381,20.697
9732,2551185408,1769618812782,11:46:52.782,42.3392474,-71.0904381,20.697
9733,2551447552,1769618812998,11:46:52.998,42.3392474,-71.0904381,20.697
9734,2551709696,1769618813222,11:46:53.222,42.3392474,-71.0904381,20.697
9735,2551971840,1769618813436,11:46:53.436,42.3392474,-71.0904381,20.697
9736,2552233984,1769618813645,11:46:53.645,42.3392474,-71.0904381,20.697
9737,2552496128,1769618813856,11:46:53.856,42.3392474,-71.0904381,20.697
