chunk_index,start_byte,timestamp_ms,formatted_time,lat,lon,accuracy_m
8,2097152,1769612035023,09:53:55.023,42.3448023,-71.0825832,16.659
9,2359296,1769612035480,09:53:55.480,42.3448023,-71.0825832,16.659
10,2621440,1769612035912,09:53:55.912,42.3448023,-71.0825832,16.659
11,2883584,1769612036387,09:53:56.387,42.3448023,-71.0825832,16.659
12,3145728,1769612036819,09:53:56.819,42.3448023,-71.0825832,16.659
13,3407872,1769612037228,09:53:57.228,42.3448023,-71.0825832,16.659
14,3670016,1769612037605,09:53:57.605,42.3448023,-71.0825832,16.659
15,3932160,1769612037922,09:53:57.922,42.3448023,-71.0825832,16.659
16,4194304,1769612038381,09:53:58.381,42.3448023,-71.0825832,16.659
17,4456448,1769612038777,09:53:58.777,42.3448023,-71.0825832,16.659
18,4718592,1769612039162,09:53:59.162,42.3448023,-71.0825832,16.659
19,4980736,1769612039526,09:53:59.526,42.3448023,-71.0825832,16.659
20,5242880,1769612040012,09:54:00.012,42.3448023,-71.0825832,16.659
21,5505024,1769612040432,09:54:00.432,42.3448023,-71.0825832,16.659
22,5767168,1769612040805,09:54:00.805,42.3448023,-71.0825832,16.659
23,6029312,1769612041211,09:54:01.211,42.3448023,-71.0825832,16.659
24,6291456,1769612041638,09:54:01.638,42.3448023,-71.0825832,16.659
25,6553600,1769612042146,09:54:02.146,42.3448023,-71.0825832,16.659
26,6815744,1769612042565,09:54:02.565,42.3448023,-71.0825832,16.659
27,7077888,1769612042989,09:54:02.989,42.3448023,-71.0825832,16.659
28,7340032,1769612043646,09:54:03.646,42.3448023,-71.0825832,16.659
29,7602176,1769612044200,09:54:04.200,42.3448023,-71.0825832,16.659
30,7864320,1769612044786,09:54:04.786,42.3448023,-71.0825832,16.659
31,8126464,1769612045275,09:54:05.275,42.3448023,-71.0825832,16.659
32,8388608,1769612046000,09:54:06.000,42.3448023,-71.0825832,16.659
33,8650752,1769612046829,09:54:06.829,42.3448023,-71.0825832,16.659
34,8912896,1769612047301,09:54:07.301,42.3448023,-71.0825832,16.659
35,9175040,1769612047789,09:54:07.789,42.3448023,-71.0825832,16.659
36,9437184,1769612048210,09:54:08.210,42.3448023,-71.0825832,16.659
37,9699328,1769612048772,09:54:08.772,42.3448023,-71.0825832,16.659
38,9961472,1769612049424,09:54:09.424,42.3448023,-71.0825832,16.659
39,10223616,1769612050045,09:54:10.045,42.3448023,-71.0825832,16.659
40,10485760,1769612050528,09:54:10.528,42.3448023,-71.0825832,16.659
41,10747904,1769612050964,09:54:10.964,42.3448023,-71.0825832,16.659
42,11010048,1769612051673,09:54:11.673,42.3448023,-71.0825832,16.659
43,11272192,1769612052336,09:54:12.336,42.3448023,-71.0825832,16.659
44,11534336,1769612052746,09:54:12.746,42.3448023,-71.0825832,16.659
45,11796480,1769612053096,09:54:13.096,42.3448023,-71.0825832,16.659
46,12058624,1769612053545,09:54:13.545,42.3448023,-71.0825832,16.659
47,12320768,1769612053900,09:54:13.900,42.3448023,-71.0825832,16.659
48,12582912,1769612054273,09:54:14.273,42.3448023,-71.0825832,16.659
49,12845056,1769612054635,09:54:14.635,42.3448023,-71.0825832,16.659
50,13107200,1769612055200,09:54:15.200,42.3448023,-71.0825832,16.659
51,13369344,1769612055650,09:54:15.650,42.3448023,-71.0825832,16.659
52,13631488,1769612056002,09:54:16.002,42.3448023,-71.0825832,16.659
53,13893632,1769612056395,09:54:16.395,42.3448023,-71.0825832,16.659
54,14155776,1769612056848,09:54:16.848,42.3448023,-71.0825832,16.659
55,14417920,1769612057269,09:54:17.269,42.3448023,-71.0825832,16.659
56,14680064,1769612057642,09:54:17.642,42.3448023,-71.0825832,16.659
57,14942208,1769612058071,09:54:18.071,42.3448023,-71.0825832,16.659
58,15204352,1769612058450,09:54:18.450,42.3448023,-71.0825832,16.659
59,15466496,1769612058770,09:54:18.770,42.3448023,-71.0825832,16.659
60,15728640,1769612059150,09:54:19.150,42.3448023,-71.0825832,16.659
61,15990784,1769612059586,09:54:19.586,42.3448023,-71.0825832,16.659
62,16252928,1769612059990,09:54:19.990,42.3448023,-71.0825832,16.659
63,16515072,1769612060338,09:54:20.338,42.3448023,-71.0825832,16.659
64,16777216,1769612060709,09:54:20.709,42.3448023,-71.0825832,16.659
65,17039360,1769612061116,09:54:21.116,42.3448023,-71.0825832,16.659
66,17301504,1769612061477,09:54:21.477,42.3448023,-71.0825832,16.659
67,17563648,1769612061831,09:54:21.831,42.3448023,-71.0825832,16.659
68,17825792,1769612062273,09:54:22.273,42.3448023,-71.0825832,16.659
69,18087936,1769612062687,09:54:22.687,42.3448023,-71.0825832,16.659
70,18350080,1769612063082,09:54:23.082,42.3448023,-71.0825832,16.659
71,18612224,1769612063472,09:54:23.472,42.3448023,-71.0825832,16.659
72,18874368,1769612063905,09:54:23.905,42.3448023,-71.0825832,16.659
73,19136512,1769612064457,09:54:24.457,42.3448023,-71.0825832,16.659
74,19398656,1769612064861,09:54:24.861,42.3448023,-71.0825832,16.659
75,19660800,1769612065297,09:54:25.297,42.3448023,-71.0825832,16.659
76,19922944,1769612065733,09:54:25.733,42.3448023,-71.0825832,16.659
77,20185088,1769612066104,09:54:26.104,42.3448023,-71.0825832,16.659
78,20447232,1769612066513,09:54:26.513,42.3448023,-71.0825832,16.659
79,20709376,1769612066954,09:54:26.954,42.3448023,-71.0825832,16.659
80,20971520,1769612067418,09:54:27.418,42.3448023,-71.0825832,16.659
81,21233664,1769612067779,09:54:27.779,42.3448023,-71.0825832,16.659
82,21495808,1769612068163,09:54:28.163,42.3448023,-71.0825832,16.659
83,21757952,1769612068577,09:54:28.577,42.3448023,-71.0825832,16.659
84,22020096,1769612068957,09:54:28.957,42.3448023,-71.0825832,16.659
85,22282240,1769612069308,09:54:29.308,42.3448023,-71.0825832,16.659
86,22544384,1769612069804,09:54:29.804,42.3448023,-71.0825832,16.659
87,22806528,1769612070218,09:54:30.218,42.3448023,-71.0825832,16.659
88,23068672,1769612070648,09:54:30.648,42.3448023,-71.0825832,16.659
89,23330816,1769612070998,09:54:30.998,42.3448023,-71.0825832,16.659
90,23592960,1769612071350,09:54:31.350,42.3448023,-71.0825832,16.659
91,23855104,1769612071714,09:54:31.714,42.3448023,-71.0825832,16.659
92,24117248,1769612072049,09:54:32.049,42.3448023,-71.0825832,16.659
93,24379392,1769612072588,09:54:32.588,42.3448023,-71.0825832,16.659
94,24641536,1769612073027,09:54:33.027,42.3448023,-71.0825832,16.659
95,24903680,1769612073497,09:54:33.497,42.3448023,-71.0825832,16.659
96,25165824,1769612073915,09:54:33.915,42.3448023,-71.0825832,16.659
97,25427968,1769612074330,09:54:34.330,42.3448023,-71.0825832,16.659
98,25690112,1769612074754,09:54:34.754,42.3448023,-71.0825832,16.659
99,25952256,1769612075376,09:54:35.376,42.3448023,-71.0825832,16.659
100,26214400,1769612075831,09:54:35.831,42.3448023,-71.0825832,16.659
101,26476544,1769612076244,09:54:36.244,42.3448023,-71.0825832,16.659
102,26738688,1769612076693,09:54:36.693,42.3448023,-71.0825832,16.659
103,27000832,1769612077253,09:54:37.253,42.3448023,-71.0825832,16.659
104,27262976,1769612077866,09:54:37.866,42.3448023,-71.0825832,16.659
105,27525120,1769612078334,09:54:38.334,42.3448023,-71.0825832,16.659
106,27787264,1769612078700,09:54:38.700,42.3448023,-71.0825832,16.659
107,28049408,1769612079150,09:54:39.150,42.3448023,-71.0825832,16.659
108,28311552,1769612079664,09:54:39.664,42.3448023,-71.0825832,16.659
109,28573696,1769612080023,09:54:40.023,42.3448023,-71.0825832,16.659
110,28835840,1769612080375,09:54:40.375,42.3448023,-71.0825832,16.659
111,29097984,1769612080724,09:54:40.724,42.3448023,-71.0825832,16.659
112,29360128,1769612081076,09:54:41.076,42.3448023,-71.0825832,16.659
113,29622272,1769612081429,09:54:41.429,42.3448023,-71.0825832,16.659
114,29884416,1769612081777,09:54:41.777,42.3448023,-71.0825832,16.659
115,30146560,1769612082193,09:54:42.193,42.3448023,-71.0825832,16.659
116,30408704,1769612082526,09:54:42.526,42.3448023,-71.0825832,16.659
117,30670848,1769612083125,09:54:43.125,42.3448023,-71.0825832,16.659
118,30932992,1769612083559,09:54:43.559,42.3448023,-71.0825832,16.659
119,31195136,1769612083909,09:54:43.909,42.3448023,-71.0825832,16.659
120,31457280,1769612084316,09:54:44.316,42.3448023,-71.0825832,16.659
121,31719424,1769612084780,09:54:44.780,42.3448023,-71.0825832,16.659
122,31981568,1769612085177,09:54:45.177,42.3448023,-71.0825832,16.659
123,32243712,1769612085508,09:54:45.508,42.3448023,-71.0825832,16.659
124,32505856,1769612086027,09:54:46.027,42.3448023,-71.0825832,16.659
125,32768000,1769612086462,09:54:46.462,42.3448023,-71.0825832,16.659
126,33030144,1769612086791,09:54:46.791,42.3448023,-71.0825832,16.659
127,33292288,1769612087139,09:54:47.139,42.3448023,-71.0825832,16.659
128,33554432,1769612087525,09:54:47.525,42.3448023,-71.0825832,16.659
129,33816576,1769612087980,09:54:47.980,42.3448023,-71.0825832,16.659
130,34078720,1769612088339,09:54:48.339,42.3448023,-71.0825832,16.659
131,34340864,1769612088691,09:54:48.691,42.3448023,-71.0825832,16.659
132,34603008,1769612089042,09:54:49.042,42.3448023,-71.0825832,16.659
133,34865152,1769612089430,09:54:49.430,42.3448023,-71.0825832,16.659
134,35127296,1769612089812,09:54:49.812,42.3448023,-71.0825832,16.659
135,35389440,1769612090208,09:54:50.208,42.3448023,-71.0825832,16.659
136,35651584,1769612090606,09:54:50.606,42.3448023,-71.0825832,16.659
137,35913728,1769612090956,09:54:50.956,42.3448023,-71.0825832,16.659
138,36175872,1769612091307,09:54:51.307,42.3448023,-71.0825832,16.659
139,36438016,1769612091727,09:54:51.727,42.3448023,-71.0825832,16.659
140,36700160,1769612092116,09:54:52.116,42.3448023,-71.0825832,16.659
141,36962304,1769612092544,09:54:52.544,42.3448023,-71.0825832,16.659
142,37224448,1769612092989,09:54:52.989,42.3448023,-71.0825832,16.659
143,37486592,1769612093411,09:54:53.411,42.3448023,-71.0825832,16.659
144,37748736,1769612093883,09:54:53.883,42.3448023,-71.0825832,16.659
145,38010880,1769612094283,09:54:54.283,42.3448023,-71.0825832,16.659
146,38273024,1769612094624,09:54:54.624,42.3448023,-71.0825832,16.659
147,38535168,1769612094974,09:54:54.974,42.3448023,-71.0825832,16.659
148,38797312,1769612095326,09:54:55.326,42.3448023,-71.0825832,16.659
149,39059456,1769612095693,09:54:55.693,42.3448023,-71.0825832,16.659
150,39321600,1769612096035,09:54:56.035,42.3448023,-71.0825832,16.659
151,39583744,1769612096387,09:54:56.387,42.3448023,-71.0825832,16.659
152,39845888,1769612096736,09:54:56.736,42.3448023,-71.0825832,16.659
153,40108032,1769612097088,09:54:57.088,42.3448023,-71.0825832,16.659
154,40370176,1769612097437,09:54:57.437,42.3448023,-71.0825832,16.659
155,40632320,1769612097791,09:54:57.791,42.3448023,-71.0825832,16.659
156,40894464,1769612098142,09:54:58.142,42.3448023,-71.0825832,16.659
157,41156608,1769612098530,09:54:58.530,42.3448023,-71.0825832,16.659
158,41418752,1769612098884,09:54:58.884,42.3448023,-71.0825832,16.659
159,41680896,1769612099234,09:54:59.234,42.3448023,-71.0825832,16.659
160,41943040,1769612099610,09:54:59.610,42.3448023,-71.0825832,16.659
161,42205184,1769612100054,09:55:00.054,42.3448023,-71.0825832,16.659
162,42467328,1769612100564,09:55:00.564,42.3448023,-71.0825832,16.659
163,42729472,1769612101098,09:55:01.098,42.3448023,-71.0825832,16.659
164,42991616,1769612101609,09:55:01.609,42.3448023,-71.0825832,16.659
165,43253760,1769612101956,09:55:01.956,42.3448023,-71.0825832,16.659
166,43515904,1769612102321,09:55:02.321,42.3448023,-71.0825832,16.659
167,43778048,1769612102703,09:55:02.703,42.3448023,-71.0825832,16.659
168,44040192,1769612103222,09:55:03.222,42.3448023,-71.0825832,16.659
169,44302336,1769612103646,09:55:03.646,42.3448023,-71.0825832,16.659
170,44564480,1769612104083,09:55:04.083,42.3448023,-71.0825832,16.659
171,44826624,1769612104432,09:55:04.432,42.3448023,-71.0825832,16.659
172,45088768,1769612104933,09:55:04.933,42.3448023,-71.0825832,16.659
173,45350912,1769612105430,09:55:05.430,42.3448023,-71.0825832,16.659
174,45613056,1769612105981,09:55:05.981,42.3448023,-71.0825832,16.659
175,45875200,1769612106457,09:55:06.457,42.3448023,-71.0825832,16.659
176,46137344,1769612106895,09:55:06.895,42.3448023,-71.0825832,16.659
177,46399488,1769612107322,09:55:07.322,42.3448023,-71.0825832,16.659
178,46661632,1769612107677,09:55:07.677,42.3448023,-71.0825832,16.659
179,46923776,1769612108218,09:55:08.218,42.3448023,-71.0825832,16.659
180,47185920,1769612108697,09:55:08.697,42.3448023,-71.0825832,16.659
181,47448064,1769612109049,09:55:09.049,42.3448023,-71.0825832,16.659
182,47710208,1769612109505,09:55:09.505,42.3448023,-71.0825832,16.659
183,47972352,1769612109965,09:55:09.965,42.3448023,-71.0825832,16.659
184,48234496,1769612110319,09:55:10.319,42.3448023,-71.0825832,16.659
185,48496640,1769612110705,09:55:10.705,42.3448023,-71.0825832,16.659
186,48758784,1769612111073,09:55:11.073,42.3448023,-71.0825832,16.659
187,49020928,1769612111574,09:55:11.574,42.3448023,-71.0825832,16.659
188,49283072,1769612112008,09:55:12.008,42.3448023,-71.0825832,16.659
189,49545216,1769612112411,09:55:12.411,42.3448023,-71.0825832,16.659
190,49807360,1769612112756,09:55:12.756,42.3448023,-71.0825832,16.659
191,50069504,1769612113076,09:55:13.076,42.3448023,-71.0825832,16.659
192,50331648,1769612113394,09:55:13.394,42.3448023,-71.0825832,16.659
193,50593792,1769612113737,09:55:13.737,42.3448023,-71.0825832,16.659
194,50855936,1769612114096,09:55:14.096,42.3448023,-71.0825832,16.659
195,51118080,1769612114446,09:55:14.446,42.3448023,-71.0825832,16.659
196,51380224,1769612114799,09:55:14.799,42.3448023,-71.0825832,16.659
197,51642368,1769612115150,09:55:15.150,42.3448023,-71.0825832,16.659
198,51904512,1769612115499,09:55:15.499,42.3448023,-71.0825832,16.659
199,52166656,1769612115851,09:55:15.851,42.3448023,-71.0825832,16.659
200,52428800,1769612116203,09:55:16.203,42.3448023,-71.0825832,16.659
201,52690944,1769612116652,09:55:16.652,42.3448023,-71.0825832,16.659
202,52953088,1769612117030,09:55:17.030,42.3448023,-71.0825832,16.659
203,53215232,1769612117417,09:55:17.417,42.3448023,-71.0825832,16.659
204,53477376,1769612117790,09:55:17.790,42.3448023,-71.0825832,16.659
205,53739520,1769612118141,09:55:18.141,42.3448023,-71.0825832,16.659
206,54001664,1769612118584,09:55:18.584,42.3448023,-71.0825832,16.659
207,54263808,1769612118944,09:55:18.944,42.3448023,-71.0825832,16.659
208,54525952,1769612119291,09:55:19.291,42.3448023,-71.0825832,16.659
209,54788096,1769612119712,09:55:19.712,42.3448023,-71.0825832,16.659
210,55050240,1769612120206,09:55:20.206,42.3448023,-71.0825832,16.659
211,55312384,1769612120789,09:55:20.789,42.3448023,-71.0825832,16.659
212,55574528,1769612121240,09:55:21.240,42.3448023,-71.0825832,16.659
213,55836672,1769612121669,09:55:21.669,42.3448023,-71.0825832,16.659
214,56098816,1769612122306,09:55:22.306,42.3448023,-71.0825832,16.659
215,56360960,1769612122921,09:55:22.921,42.3448023,-71.0825832,16.659
216,56623104,1769612123404,09:55:23.404,42.3448023,-71.0825832,16.659
217,56885248,1769612124132,09:55:24.132,42.3448023,-71.0825832,16.659
218,57147392,1769612124871,09:55:24.871,42.3448023,-71.0825832,16.659
219,57409536,1769612125509,09:55:25.509,42.3448023,-71.0825832,16.659
220,57671680,1769612126325,09:55:26.325,42.3448023,-71.0825832,16.659
221,57933824,1769612127034,09:55:27.034,42.3448023,-71.0825832,16.659
222,58195968,1769612127562,09:55:27.562,42.3448023,-71.0825832,16.659
223,58458112,1769612127977,09:55:27.977,42.3448023,-71.0825832,16.659
224,58720256,1769612128522,09:55:28.522,42.3448023,-71.0825832,16.659
225,58982400,1769612128997,09:55:28.997,42.3448023,-71.0825832,16.659
226,59244544,1769612129365,09:55:29.365,42.3448023,-71.0825832,16.659
227,59506688,1769612129796,09:55:29.796,42.3448023,-71.0825832,16.659
228,59768832,1769612130295,09:55:30.295,42.3448023,-71.0825832,16.659
229,60030976,1769612130729,09:55:30.729,42.3448023,-71.0825832,16.659
230,60293120,1769612131122,09:55:31.122,42.3448023,-71.0825832,16.659
231,60555264,1769612131605,09:55:31.605,42.3448023,-71.0825832,16.659
232,60817408,1769612132148,09:55:32.148,42.3448023,-71.0825832,16.659
233,61079552,1769612132562,09:55:32.562,42.3448023,-71.0825832,16.659
234,61341696,1769612133230,09:55:33.230,42.3448023,-71.0825832,16.659
235,61603840,1769612133651,09:55:33.651,42.3448023,-71.0825832,16.659
236,61865984,1769612134051,09:55:34.051,42.3448023,-71.0825832,16.659
237,62128128,1769612134503,09:55:34.503,42.3448023,-71.0825832,16.659
238,62390272,1769612134910,09:55:34.910,42.3448023,-71.0825832,16.659
239,62652416,1769612135204,09:55:35.204,42.3448023,-71.0825832,16.659
240,62914560,1769612135554,09:55:35.554,42.3448023,-71.0825832,16.659
241,63176704,1769612135907,09:55:35.907,42.3448023,-71.0825832,16.659
242,63438848,1769612136257,09:55:36.257,42.3448023,-71.0825832,16.659
243,63700992,1769612136619,09:55:36.619,42.3448023,-71.0825832,16.659
244,63963136,1769612136972,09:55:36.972,42.3448023,-71.0825832,16.659
245,64225280,1769612137370,09:55:37.370,42.3448023,-71.0825832,16.659
246,64487424,1769612137673,09:55:37.673,42.3448023,-71.0825832,16.659
247,64749568,1769612138089,09:55:38.089,42.3448023,-71.0825832,16.659
248,65011712,1769612138448,09:55:38.448,42.3448023,-71.0825832,16.659
249,65273856,1769612138786,09:55:38.786,42.3448023,-71.0825832,16.659
250,65536000,1769612139227,09:55:39.227,42.3448023,-71.0825832,16.659
251,65798144,1769612139721,09:55:39.721,42.3448023,-71.0825832,16.659
252,66060288,1769612140270,09:55:40.270,42.3448023,-71.0825832,16.659
253,66322432,1769612140679,09:55:40.679,42.3448023,-71.0825832,16.659
254,66584576,1769612140969,09:55:40.969,42.3448023,-71.0825832,16.659
255,66846720,1769612141336,09:55:41.336,42.3448023,-71.0825832,16.659
256,67108864,1769612141702,09:55:41.702,42.3448023,-71.0825832,16.659
257,67371008,1769612142038,09:55:42.038,42.3448023,-71.0825832,16.659
258,67633152,1769612142403,09:55:42.403,42.3448023,-71.0825832,16.659
259,67895296,1769612142812,09:55:42.812,42.3448023,-71.0825832,16.659
260,68157440,1769612143210,09:55:43.210,42.3448023,-71.0825832,16.659
261,68419584,1769612143667,09:55:43.667,42.3448023,-71.0825832,16.659
262,68681728,1769612144099,09:55:44.099,42.3448023,-71.0825832,16.659
263,68943872,1769612144503,09:55:44.503,42.3448023,-71.0825832,16.659
264,69206016,1769612144958,09:55:44.958,42.3448023,-71.0825832,16.659
265,69468160,1769612145473,09:55:45.473,42.3448023,-71.0825832,16.659
266,69730304,1769612145959,09:55:45.959,42.3448023,-71.0825832,16.659
267,69992448,1769612146463,09:55:46.463,42.3448023,-71.0825832,16.659
268,70254592,1769612146818,09:55:46.818,42.3448023,-71.0825832,16.659
269,70516736,1769612147169,09:55:47.169,42.3448023,-71.0825832,16.659
270,70778880,1769612147593,09:55:47.593,42.3448023,-71.0825832,16.659
271,71041024,1769612148012,09:55:48.012,42.3448023,-71.0825832,16.659
272,71303168,1769612148444,09:55:48.444,42.3448023,-71.0825832,16.659
273,71565312,1769612148841,09:55:48.841,42.3448023,-71.0825832,16.659
274,71827456,1769612149475,09:55:49.475,42.3448023,-71.0825832,16.659
275,72089600,1769612150076,09:55:50.076,42.3448023,-71.0825832,16.659
276,72351744,1769612150559,09:55:50.559,42.3448023,-71.0825832,16.659
277,72613888,1769612151120,09:55:51.120,42.3448023,-71.0825832,16.659
278,72876032,1769612151672,09:55:51.672,42.3448023,-71.0825832,16.659
279,73138176,1769612152163,09:55:52.163,42.3448023,-71.0825832,16.659
280,73400320,1769612153069,09:55:53.069,42.3448023,-71.0825832,16.659
281,73662464,1769612153851,09:55:53.851,42.3448023,-71.0825832,16.659
282,73924608,1769612154498,09:55:54.498,42.3448023,-71.0825832,16.659
283,74186752,1769612155022,09:55:55.022,42.3448023,-71.0825832,16.659
284,74448896,1769612155559,09:55:55.559,42.3448023,-71.0825832,16.659
285,74711040,1769612156009,09:55:56.009,42.3448023,-71.0825832,16.659
286,74973184,1769612156502,09:55:56.502,42.3448023,-71.0825832,16.659
287,75235328,1769612156932,09:55:56.932,42.3448023,-71.0825832,16.659
288,75497472,1769612157251,09:55:57.251,42.3448023,-71.0825832,16.659
289,75759616,1769612157610,09:55:57.610,42.3448023,-71.0825832,16.659
290,76021760,1769612157966,09:55:57.966,42.3448023,-71.0825832,16.659
291,76283904,1769612158299,09:55:58.299,42.3448023,-71.0825832,16.659
292,76546048,1769612158652,09:55:58.652,42.3448023,-71.0825832,16.659
293,76808192,1769612159009,09:55:59.009,42.3448023,-71.0825832,16.659
294,77070336,1769612159381,09:55:59.381,42.3448023,-71.0825832,16.659
295,77332480,1769612159808,09:55:59.808,42.3448023,-71.0825832,16.659
296,77594624,1769612160161,09:56:00.161,42.3448023,-71.0825832,16.659
297,77856768,1769612160583,09:56:00.583,42.3448023,-71.0825832,16.659
298,78118912,1769612160943,09:56:00.943,42.3448023,-71.0825832,16.659
299,78381056,1769612161288,09:56:01.288,42.3448023,-71.0825832,16.659
300,78643200,1769612161639,09:56:01.639,42.3448023,-71.0825832,16.659
301,78905344,1769612161988,09:56:01.988,42.3448023,-71.0825832,16.659
302,79167488,1769612162337,09:56:02.337,42.3448023,-71.0825832,16.659
303,79429632,1769612162691,09:56:02.691,42.3448023,-71.0825832,16.659
304,79691776,1769612163009,09:56:03.009,42.3448023,-71.0825832,16.659
305,79953920,1769612163346,09:56:03.346,42.3448023,-71.0825832,16.659
306,80216064,1769612163708,09:56:03.708,42.3448023,-71.0825832,16.659
307,80478208,1769612164100,09:56:04.100,42.3448023,-71.0825832,16.659
308,80740352,1769612164615,09:56:04.615,42.3448023,-71.0825832,16.659
309,81002496,1769612165027,09:56:05.027,42.3448023,-71.0825832,16.659
310,81264640,1769612165473,09:56:05.473,42.3448023,-71.0825832,16.659
311,81526784,1769612165904,09:56:05.904,42.3448023,-71.0825832,16.659
312,81788928,1769612166447,09:56:06.447,42.3448023,-71.0825832,16.659
313,82051072,1769612166838,09:56:06.838,42.3448023,-71.0825832,16.659
314,82313216,1769612167288,09:56:07.288,42.3448023,-71.0825832,16.659
315,82575360,1769612167714,09:56:07.714,42.3448023,-71.0825832,16.659
316,82837504,1769612168064,09:56:08.064,42.3448023,-71.0825832,16.659
317,83099648,1769612168441,09:56:08.441,42.3448023,-71.0825832,16.659
318,83361792,1769612168894,09:56:08.894,42.3448023,-71.0825832,16.659
319,83623936,1769612169248,09:56:09.248,42.3448023,-71.0825832,16.659
320,83886080,1769612169596,09:56:09.596,42.3448023,-71.0825832,16.659
321,84148224,1769612170018,09:56:10.018,42.3448023,-71.0825832,16.659
322,84410368,1769612170410,09:56:10.410,42.3448023,-71.0825832,16.659
323,84672512,1769612170805,09:56:10.805,42.3448023,-71.0825832,16.659
324,84934656,1769612171488,09:56:11.488,42.3448023,-71.0825832,16.659
325,85196800,1769612171941,09:56:11.941,42.3448023,-71.0825832,16.659
326,85458944,1769612172279,09:56:12.279,42.3448023,-71.0825832,16.659
327,85721088,1769612172695,09:56:12.695,42.3448023,-71.0825832,16.659
328,85983232,1769612173143,09:56:13.143,42.3448023,-71.0825832,16.659
329,86245376,1769612173550,09:56:13.550,42.3448023,-71.0825832,16.659
330,86507520,1769612173951,09:56:13.951,42.3448023,-71.0825832,16.659
331,86769664,1769612174405,09:56:14.405,42.3448023,-71.0825832,16.659
332,87031808,1769612174764,09:56:14.764,42.3448023,-71.0825832,16.659
333,87293952,1769612175113,09:56:15.113,42.3448023,-71.0825832,16.659
334,87556096,1769612175612,09:56:15.612,42.3448023,-71.0825832,16.659
335,87818240,1769612175982,09:56:15.982,42.3448023,-71.0825832,16.659
336,88080384,1769612176333,09:56:16.333,42.3448023,-71.0825832,16.659
337,88342528,1769612176683,09:56:16.683,42.3448023,-71.0825832,16.659
338,88604672,1769612177035,09:56:17.035,42.3448023,-71.0825832,16.659
339,88866816,1769612177394,09:56:17.394,42.3448023,-71.0825832,16.659
340,89128960,1769612177742,09:56:17.742,42.3448023,-71.0825832,16.659
341,89391104,1769612178133,09:56:18.133,42.3448023,-71.0825832,16.659
342,89653248,1769612178558,09:56:18.558,42.3448023,-71.0825832,16.659
343,89915392,1769612178907,09:56:18.907,42.3448023,-71.0825832,16.659
344,90177536,1769612179425,09:56:19.425,42.3448023,-71.0825832,16.659
345,90439680,1769612179877,09:56:19.877,42.3448023,-71.0825832,16.659
346,90701824,1769612180242,09:56:20.242,42.3448023,-71.0825832,16.659
347,90963968,1769612180632,09:56:20.632,42.3448023,-71.0825832,16.659
348,91226112,1769612180962,09:56:20.962,42.3448023,-71.0825832,16.659
349,91488256,1769612181411,09:56:21.411,42.3448023,-71.0825832,16.659
350,91750400,1769612181761,09:56:21.761,42.3448023,-71.0825832,16.659
351,92012544,1769612182295,09:56:22.295,42.3448023,-71.0825832,16.659
352,92274688,1769612182711,09:56:22.711,42.3448023,-71.0825832,16.659
353,92536832,1769612183127,09:56:23.127,42.3448023,-71.0825832,16.659
354,92798976,1769612183686,09:56:23.686,42.3448023,-71.0825832,16.659
355,93061120,1769612184287,09:56:24.287,42.3448023,-71.0825832,16.659
356,93323264,1769612184695,09:56:24.695,42.3448023,-71.0825832,16.659
357,93585408,1769612185064,09:56:25.064,42.3448023,-71.0825832,16.659
358,93847552,1769612185601,09:56:25.601,42.3448023,-71.0825832,16.659
359,94109696,1769612185986,09:56:25.986,42.3448023,-71.0825832,16.659
360,94371840,1769612186328,09:56:26.328,42.3448023,-71.0825832,16.659
361,94633984,1769612186738,09:56:26.738,42.3448023,-71.0825832,16.659
362,94896128,1769612187200,09:56:27.200,42.3448023,-71.0825832,16.659
363,95158272,1769612187751,09:56:27.751,42.3448023,-71.0825832,16.659
364,95420416,1769612188228,09:56:28.228,42.3448023,-71.0825832,16.659
365,95682560,1769612188696,09:56:28.696,42.3448023,-71.0825832,16.659
366,95944704,1769612189075,09:56:29.075,42.3448023,-71.0825832,16.659
367,96206848,1769612189501,09:56:29.501,42.3448023,-71.0825832,16.659
368,96468992,1769612189958,09:56:29.958,42.3448023,-71.0825832,16.659
369,96731136,1769612190308,09:56:30.308,42.3448023,-71.0825832,16.659
370,96993280,1769612190659,09:56:30.659,42.3448023,-71.0825832,16.659
371,97255424,1769612191046,09:56:31.046,42.3448023,-71.0825832,16.659
372,97517568,1769612191396,09:56:31.396,42.3448023,-71.0825832,16.659
373,97779712,1769612191857,09:56:31.857,42.3448023,-71.0825832,16.659
374,98041856,1769612192251,09:56:32.251,42.3448023,-71.0825832,16.659
375,98304000,1769612192649,09:56:32.649,42.3448023,-71.0825832,16.659
376,98566144,1769612193099,09:56:33.099,42.3448023,-71.0825832,16.659
377,98828288,1769612193617,09:56:33.617,42.3448023,-71.0825832,16.659
378,99090432,1769612194134,09:56:34.134,42.3448023,-71.0825832,16.659
379,99352576,1769612194527,09:56:34.527,42.3448023,-71.0825832,16.659
380,99614720,1769612195127,09:56:35.127,42.3229969,-71.1085177,11.65
381,99876864,1769612195525,09:56:35.525,42.3229969,-71.1085177,11.65
382,100139008,1769612195953,09:56:35.953,42.3229969,-71.1085177,11.65
383,100401152,1769612196305,09:56:36.305,42.3229969,-71.1085177,11.65
384,100663296,1769612196655,09:56:36.655,42.3229969,-71.1085177,11.65
385,100925440,1769612197050,09:56:37.050,42.3229969,-71.1085177,11.65
386,101187584,1769612197423,09:56:37.423,42.3229969,-71.1085177,11.65
387,101449728,1769612197952,09:56:37.952,42.3229969,-71.1085177,11.65
388,101711872,1769612198362,09:56:38.362,42.3229969,-71.1085177,11.65
389,101974016,1769612198718,09:56:38.718,42.3229969,-71.1085177,11.65
390,102236160,1769612199070,09:56:39.070,42.3229969,-71.1085177,11.65
391,102498304,1769612199462,09:56:39.462,42.3229969,-71.1085177,11.65
392,102760448,1769612199842,09:56:39.842,42.3229969,-71.1085177,11.65
393,103022592,1769612200213,09:56:40.213,42.3229969,-71.1085177,11.65
394,103284736,1769612200561,09:56:40.561,42.3229969,-71.1085177,11.65
395,103546880,1769612200913,09:56:40.913,42.3229969,-71.1085177,11.65
396,103809024,1769612201304,09:56:41.304,42.3229969,-71.1085177,11.65
397,104071168,1769612201654,09:56:41.654,42.3229969,-71.1085177,11.65
398,104333312,1769612202004,09:56:42.004,42.3229969,-71.1085177,11.65
399,104595456,1769612202362,09:56:42.362,42.3229969,-71.1085177,11.65
400,104857600,1769612202723,09:56:42.723,42.3229969,-71.1085177,11.65
401,105119744,1769612203116,09:56:43.116,42.3229969,-71.1085177,11.65
402,105381888,1769612203467,09:56:43.467,42.3229969,-71.1085177,11.65
403,105644032,1769612203935,09:56:43.935,42.3229969,-71.1085177,11.65
404,105906176,1769612204781,09:56:44.781,42.3229969,-71.1085177,11.65
405,106168320,1769612205604,09:56:45.604,42.3229969,-71.1085177,11.65
406,106430464,1769612206513,09:56:46.513,42.3229969,-71.1085177,11.65
407,106692608,1769612207178,09:56:47.178,42.3229969,-71.1085177,11.65
408,106954752,1769612207690,09:56:47.690,42.3229969,-71.1085177,11.65
409,107216896,1769612208098,09:56:48.098,42.3229969,-71.1085177,11.65
410,107479040,1769612208513,09:56:48.513,42.3229969,-71.1085177,11.65
411,107741184,1769612208946,09:56:48.946,42.3229969,-71.1085177,11.65
412,108003328,1769612209407,09:56:49.407,42.3229969,-71.1085177,11.65
413,108265472,1769612209878,09:56:49.878,42.3229969,-71.1085177,11.65
414,108527616,1769612210328,09:56:50.328,42.3229969,-71.1085177,11.65
415,108789760,1769612210816,09:56:50.816,42.3229969,-71.1085177,11.65
416,109051904,1769612211244,09:56:51.244,42.3229969,-71.1085177,11.65
417,109314048,1769612211667,09:56:51.667,42.3229969,-71.1085177,11.65
418,109576192,1769612212151,09:56:52.151,42.3229969,-71.1085177,11.65
419,109838336,1769612212712,09:56:52.712,42.3229969,-71.1085177,11.65
420,110100480,1769612213062,09:56:53.062,42.3229969,-71.1085177,11.65
421,110362624,1769612213414,09:56:53.414,42.3229969,-71.1085177,11.65
422,110624768,1769612213766,09:56:53.766,42.3229969,-71.1085177,11.65
423,110886912,1769612214165,09:56:54.165,42.3229969,-71.1085177,11.65
424,111149056,1769612214527,09:56:54.527,42.3229969,-71.1085177,11.65
425,111411200,1769612214877,09:56:54.877,42.3229969,-71.1085177,11.65
426,111673344,1769612215226,09:56:55.226,42.3229969,-71.1085177,11.65
427,111935488,1769612215623,09:56:55.623,42.3229969,-71.1085177,11.65
428,112197632,1769612216042,09:56:56.042,42.3229969,-71.1085177,11.65
429,112459776,1769612216425,09:56:56.425,42.3229969,-71.1085177,11.65
430,112721920,1769612216743,09:56:56.743,42.3229969,-71.1085177,11.65
431,112984064,1769612217134,09:56:57.134,42.3229969,-71.1085177,11.65
432,113246208,1769612217699,09:56:57.699,42.3229969,-71.1085177,11.65
433,113508352,1769612218712,09:56:58.712,42.3229969,-71.1085177,11.65
434,113770496,1769612220341,09:57:00.341,42.3229969,-71.1085177,11.65
435,114032640,1769612220895,09:57:00.895,42.3229969,-71.1085177,11.65
436,114294784,1769612222568,09:57:02.568,42.3229969,-71.1085177,11.65
437,114556928,1769612223064,09:57:03.064,42.3229969,-71.1085177,11.65
438,114819072,1769612223318,09:57:03.318,42.3229969,-71.1085177,11.65
439,115081216,1769612224336,09:57:04.336,42.3229969,-71.1085177,11.65
440,115343360,1769612224890,09:57:04.890,42.3229969,-71.1085177,11.65
441,115605504,1769612225482,09:57:05.482,42.3229969,-71.1085177,11.65
442,115867648,1769612226177,09:57:06.177,42.3229969,-71.1085177,11.65
443,116129792,1769612226793,09:57:06.793,42.3229969,-71.1085177,11.65
444,116391936,1769612227600,09:57:07.600,42.3229969,-71.1085177,11.65
445,116654080,1769612228062,09:57:08.062,42.3229969,-71.1085177,11.65
446,116916224,1769612228490,09:57:08.490,42.3229969,-71.1085177,11.65
447,117178368,1769612228845,09:57:08.845,42.3229969,-71.1085177,11.65
448,117440512,1769612229192,09:57:09.192,42.3229969,-71.1085177,11.65
449,117702656,1769612229540,09:57:09.540,42.3229969,-71.1085177,11.65
450,117964800,1769612229891,09:57:09.891,42.3229969,-71.1085177,11.65
451,118226944,1769612230242,09:57:10.242,42.3229969,-71.1085177,11.65
452,118489088,1769612230592,09:57:10.592,42.3229969,-71.1085177,11.65
453,118751232,1769612230943,09:57:10.943,42.3229969,-71.1085177,11.65
454,119013376,1769612231293,09:57:11.293,42.3229969,-71.1085177,11.65
455,119275520,1769612231644,09:57:11.644,42.3229969,-71.1085177,11.65
456,119537664,1769612232018,09:57:12.018,42.3229969,-71.1085177,11.65
457,119799808,1769612232346,09:57:12.346,42.3229969,-71.1085177,11.65
458,120061952,1769612232695,09:57:12.695,42.3229969,-71.1085177,11.65
459,120324096,1769612233038,09:57:13.038,42.3229969,-71.1085177,11.65
460,120586240,1769612233391,09:57:13.391,42.3229969,-71.1085177,11.65
461,120848384,1769612233741,09:57:13.741,42.3229969,-71.1085177,11.65
462,121110528,1769612234132,09:57:14.132,42.3229969,-71.1085177,11.65
463,121372672,1769612234442,09:57:14.442,42.3229969,-71.1085177,11.65
464,121634816,1769612234791,09:57:14.791,42.3229969,-71.1085177,11.65
465,121896960,1769612235161,09:57:15.161,42.3229969,-71.1085177,11.65
466,122159104,1769612235552,09:57:15.552,42.3229969,-71.1085177,11.65
467,122421248,1769612235862,09:57:15.862,42.3229969,-71.1085177,11.65
468,122683392,1769612236224,09:57:16.224,42.3229969,-71.1085177,11.65
469,122945536,1769612236575,09:57:16.575,42.3229969,-71.1085177,11.65
470,123207680,1769612237050,09:57:17.050,42.3229969,-71.1085177,11.65
471,123469824,1769612237549,09:57:17.549,42.3229969,-71.1085177,11.65
472,123731968,1769612237930,09:57:17.930,42.3229969,-71.1085177,11.65
473,123994112,1769612238265,09:57:18.265,42.3229969,-71.1085177,11.65
474,124256256,1769612238614,09:57:18.614,42.3229969,-71.1085177,11.65
475,124518400,1769612239004,09:57:19.004,42.3229969,-71.1085177,11.65
476,124780544,1769612239376,09:57:19.376,42.3229969,-71.1085177,11.65
477,125042688,1769612239701,09:57:19.701,42.3229969,-71.1085177,11.65
478,125304832,1769612240053,09:57:20.053,42.3229969,-71.1085177,11.65
479,125566976,1769612240427,09:57:20.427,42.3229969,-71.1085177,11.65
480,125829120,1769612240884,09:57:20.884,42.3229969,-71.1085177,11.65
481,126091264,1769612241273,09:57:21.273,42.3229969,-71.1085177,11.65
482,126353408,1769612241716,09:57:21.716,42.3229969,-71.1085177,11.65
483,126615552,1769612242145,09:57:22.145,42.3229969,-71.1085177,11.65
484,126877696,1769612242621,09:57:22.621,42.3229969,-71.1085177,11.65
485,127139840,1769612243072,09:57:23.072,42.3229969,-71.1085177,11.65
486,127401984,1769612243422,09:57:23.422,42.3229969,-71.1085177,11.65
487,127664128,1769612243802,09:57:23.802,42.3229969,-71.1085177,11.65
488,127926272,1769612244120,09:57:24.120,42.3229969,-71.1085177,11.65
489,128188416,1769612244513,09:57:24.513,42.3229969,-71.1085177,11.65
490,128450560,1769612244893,09:57:24.893,42.3229969,-71.1085177,11.65
491,128712704,1769612245268,09:57:25.268,42.3229969,-71.1085177,11.65
492,128974848,1769612245622,09:57:25.622,42.3229969,-71.1085177,11.65
493,129236992,1769612245971,09:57:25.971,42.3229969,-71.1085177,11.65
494,129499136,1769612246336,09:57:26.336,42.3229969,-71.1085177,11.65
495,129761280,1769612246690,09:57:26.690,42.3229969,-71.1085177,11.65
496,130023424,1769612247037,09:57:27.037,42.3229969,-71.1085177,11.65
497,130285568,1769612247659,09:57:27.659,42.3229969,-71.1085177,11.65
498,130547712,1769612248169,09:57:28.169,42.3229969,-71.1085177,11.65
499,130809856,1769612249081,09:57:29.081,42.3229969,-71.1085177,11.65
500,131072000,1769612250068,09:57:30.068,42.3229969,-71.1085177,11.65
501,131334144,1769612250569,09:57:30.569,42.3229969,-71.1085177,11.65
502,131596288,1769612251404,09:57:31.404,42.3229969,-71.1085177,11.65
503,131858432,1769612252336,09:57:32.336,42.3229969,-71.1085177,11.65
504,132120576,1769612252926,09:57:32.926,42.3229969,-71.1085177,11.65
505,132382720,1769612253474,09:57:33.474,42.3229969,-71.1085177,11.65
506,132644864,1769612253851,09:57:33.851,42.3229969,-71.1085177,11.65
507,132907008,1769612254315,09:57:34.315,42.3229969,-71.1085177,11.65
508,133169152,1769612254751,09:57:34.751,42.3229969,-71.1085177,11.65
509,133431296,1769612255299,09:57:35.299,42.3229969,-71.1085177,11.65
510,133693440,1769612255787,09:57:35.787,42.3229969,-71.1085177,11.65
511,133955584,1769612256138,09:57:36.138,42.3229969,-71.1085177,11.65
512,134217728,1769612256490,09:57:36.490,42.3229969,-71.1085177,11.65
513,134479872,1769612256842,09:57:36.842,42.3229969,-71.1085177,11.65
514,134742016,1769612257192,09:57:37.192,42.3229969,-71.1085177,11.65
515,135004160,1769612257560,09:57:37.560,42.3229969,-71.1085177,11.65
516,135266304,1769612257968,09:57:37.968,42.3229969,-71.1085177,11.65
517,135528448,1769612258215,09:57:38.215,42.3229969,-71.1085177,11.65
518,135790592,1769612258566,09:57:38.566,42.3229969,-71.1085177,11.65
519,136052736,1769612258914,09:57:38.914,42.3229969,-71.1085177,11.65
520,136314880,1769612259351,09:57:39.351,42.3229969,-71.1085177,11.65
521,136577024,1769612259757,09:57:39.757,42.3229969,-71.1085177,11.65
522,136839168,1769612260071,09:57:40.071,42.3229969,-71.1085177,11.65
523,137101312,1769612260449,09:57:40.449,42.3229969,-71.1085177,11.65
524,137363456,1769612260773,09:57:40.773,42.3229969,-71.1085177,11.65
525,137625600,1769612261185,09:57:41.185,42.3229969,-71.1085177,11.65
526,137887744,1769612261653,09:57:41.653,42.3229969,-71.1085177,11.65
527,138149888,1769612262023,09:57:42.023,42.3229969,-71.1085177,11.65
528,138412032,1769612262427,09:57:42.427,42.3229969,-71.1085177,11.65
529,138674176,1769612262771,09:57:42.771,42.3229969,-71.1085177,11.65
530,138936320,1769612263122,09:57:43.122,42.3229969,-71.1085177,11.65
531,139198464,1769612263487,09:57:43.487,42.3229969,-71.1085177,11.65
532,139460608,1769612263850,09:57:43.850,42.3229969,-71.1085177,11.65
533,139722752,1769612264269,09:57:44.269,42.3229969,-71.1085177,11.65
534,139984896,1769612264553,09:57:44.553,42.3229969,-71.1085177,11.65
535,140247040,1769612264904,09:57:44.904,42.3229969,-71.1085177,11.65
536,140509184,1769612265268,09:57:45.268,42.3229969,-71.1085177,11.65
537,140771328,1769612265607,09:57:45.607,42.3229969,-71.1085177,11.65
538,141033472,1769612265974,09:57:45.974,42.3229969,-71.1085177,11.65
539,141295616,1769612266436,09:57:46.436,42.3229969,-71.1085177,11.65
540,141557760,1769612266810,09:57:46.810,42.3229969,-71.1085177,11.65
541,141819904,1769612267367,09:57:47.367,42.3229969,-71.1085177,11.65
542,142082048,1769612267801,09:57:47.801,42.3229969,-71.1085177,11.65
543,142344192,1769612268101,09:57:48.101,42.3229969,-71.1085177,11.65
544,142606336,1769612268454,09:57:48.454,42.3229969,-71.1085177,11.65
545,142868480,1769612268805,09:57:48.805,42.3229969,-71.1085177,11.65
546,143130624,1769612269160,09:57:49.160,42.3229969,-71.1085177,11.65
547,143392768,1769612269510,09:57:49.510,42.3229969,-71.1085177,11.65
548,143654912,1769612269884,09:57:49.884,42.3229969,-71.1085177,11.65
549,143917056,1769612270276,09:57:50.276,42.3229969,-71.1085177,11.65
550,144179200,1769612270627,09:57:50.627,42.3229969,-71.1085177,11.65
551,144441344,1769612271008,09:57:51.008,42.3229969,-71.1085177,11.65
552,144703488,1769612271326,09:57:51.326,42.3229969,-71.1085177,11.65
553,144965632,1769612271695,09:57:51.695,42.3229969,-71.1085177,11.65
554,145227776,1769612272028,09:57:52.028,42.3229969,-71.1085177,11.65
555,145489920,1769612272445,09:57:52.445,42.3229969,-71.1085177,11.65
556,145752064,1769612272817,09:57:52.817,42.3229969,-71.1085177,11.65
557,146014208,1769612273164,09:57:53.164,42.3229969,-71.1085177,11.65
558,146276352,1769612273685,09:57:53.685,42.3229969,-71.1085177,11.65
559,146538496,1769612274073,09:57:54.073,42.3229969,-71.1085177,11.65
560,146800640,1769612274416,09:57:54.416,42.3229969,-71.1085177,11.65
561,147062784,1769612274834,09:57:54.834,42.3229969,-71.1085177,11.65
562,147324928,1769612275420,09:57:55.420,42.3229969,-71.1085177,11.65
563,147587072,1769612275895,09:57:55.895,42.3229969,-71.1085177,11.65
564,147849216,1769612276246,09:57:56.246,42.3229969,-71.1085177,11.65
565,148111360,1769612276597,09:57:56.597,42.3229969,-71.1085177,11.65
566,148373504,1769612276965,09:57:56.965,42.3229969,-71.1085177,11.65
567,148635648,1769612277369,09:57:57.369,42.3229969,-71.1085177,11.65
568,148897792,1769612277866,09:57:57.866,42.3229969,-71.1085177,11.65
569,149159936,1769612278727,09:57:58.727,42.3229969,-71.1085177,11.65
570,149422080,1769612279602,09:57:59.602,42.3229969,-71.1085177,11.65
571,149684224,1769612280444,09:58:00.444,42.3229969,-71.1085177,11.65
572,149946368,1769612281351,09:58:01.351,42.3229969,-71.1085177,11.65
573,150208512,1769612282081,09:58:02.081,42.3229969,-71.1085177,11.65
574,150470656,1769612282729,09:58:02.729,42.3229969,-71.1085177,11.65
575,150732800,1769612283156,09:58:03.156,42.3229969,-71.1085177,11.65
576,150994944,1769612283526,09:58:03.526,42.3229969,-71.1085177,11.65
577,151257088,1769612284107,09:58:04.107,42.3229969,-71.1085177,11.65
578,151519232,1769612284736,09:58:04.736,42.3229969,-71.1085177,11.65
579,151781376,1769612285528,09:58:05.528,42.3229969,-71.1085177,11.65
580,152043520,1769612286306,09:58:06.306,42.3229969,-71.1085177,11.65
581,152305664,1769612287190,09:58:07.190,42.3229969,-71.1085177,11.65
582,152567808,1769612287698,09:58:07.698,42.3229969,-71.1085177,11.65
583,152829952,1769612288064,09:58:08.064,42.3229969,-71.1085177,11.65
584,153092096,1769612288635,09:58:08.635,42.3229969,-71.1085177,11.65
585,153354240,1769612289102,09:58:09.102,42.3229969,-71.1085177,11.65
586,153616384,1769612289409,09:58:09.409,42.3229969,-71.1085177,11.65
587,153878528,1769612289761,09:58:09.761,42.3229969,-71.1085177,11.65
588,154140672,1769612290112,09:58:10.112,42.3229969,-71.1085177,11.65
589,154402816,1769612290487,09:58:10.487,42.3229969,-71.1085177,11.65
590,154664960,1769612290816,09:58:10.816,42.3229969,-71.1085177,11.65
591,154927104,1769612291173,09:58:11.173,42.3229969,-71.1085177,11.65
592,155189248,1769612291525,09:58:11.525,42.3229969,-71.1085177,11.65
593,155451392,1769612291895,09:58:11.895,42.3229969,-71.1085177,11.65
594,155713536,1769612292229,09:58:12.229,42.3229969,-71.1085177,11.65
595,155975680,1769612292593,09:58:12.593,42.3229969,-71.1085177,11.65
596,156237824,1769612292911,09:58:12.911,42.3229969,-71.1085177,11.65
597,156499968,1769612293246,09:58:13.246,42.3229969,-71.1085177,11.65
598,156762112,1769612293750,09:58:13.750,42.3229969,-71.1085177,11.65
599,157024256,1769612294424,09:58:14.424,42.3229969,-71.1085177,11.65
600,157286400,1769612294915,09:58:14.915,42.3229969,-71.1085177,11.65
601,157548544,1769612295286,09:58:15.286,42.3229969,-71.1085177,11.65
602,157810688,1769612295687,09:58:15.687,42.3229969,-71.1085177,11.65
603,158072832,1769612296269,09:58:16.269,42.3229969,-71.1085177,11.65
604,158334976,1769612296776,09:58:16.776,42.3229969,-71.1085177,11.65
605,158597120,1769612297377,09:58:17.377,42.3229969,-71.1085177,11.65
606,158859264,1769612297959,09:58:17.959,42.3229969,-71.1085177,11.65
607,159121408,1769612298845,09:58:18.845,42.3229969,-71.1085177,11.65
608,159383552,1769612299513,09:58:19.513,42.3229969,-71.1085177,11.65
609,159645696,1769612299960,09:58:19.960,42.3229969,-71.1085177,11.65
610,159907840,1769612300645,09:58:20.645,42.3229969,-71.1085177,11.65
611,160169984,1769612301310,09:58:21.310,42.3229969,-71.1085177,11.65
612,160432128,1769612302118,09:58:22.118,42.3229969,-71.1085177,11.65
613,160694272,1769612302739,09:58:22.739,42.3229969,-71.1085177,11.65
614,160956416,1769612303188,09:58:23.188,42.3229969,-71.1085177,11.65
615,161218560,1769612303435,09:58:23.435,42.3229969,-71.1085177,11.65
616,161480704,1769612303783,09:58:23.783,42.3229969,-71.1085177,11.65
617,161742848,1769612304144,09:58:24.144,42.3229969,-71.1085177,11.65
618,162004992,1769612304483,09:58:24.483,42.3229969,-71.1085177,11.65
619,162267136,1769612304842,09:58:24.842,42.3229969,-71.1085177,11.65
620,162529280,1769612305198,09:58:25.198,42.3229969,-71.1085177,11.65
621,162791424,1769612305581,09:58:25.581,42.3229969,-71.1085177,11.65
622,163053568,1769612305930,09:58:25.930,42.3229969,-71.1085177,11.65
623,163315712,1769612306283,09:58:26.283,42.3229969,-71.1085177,11.65
624,163577856,1769612306666,09:58:26.666,42.3229969,-71.1085177,11.65
625,163840000,1769612307036,09:58:27.036,42.3229969,-71.1085177,11.65
626,164102144,1769612307438,09:58:27.438,42.3229969,-71.1085177,11.65
627,164364288,1769612308386,09:58:28.386,42.3229969,-71.1085177,11.65
628,164626432,1769612308970,09:58:28.970,42.3229969,-71.1085177,11.65
629,164888576,1769612309363,09:58:29.363,42.3229969,-71.1085177,11.65
630,165150720,1769612310251,09:58:30.251,42.3229969,-71.1085177,11.65
631,165412864,1769612310664,09:58:30.664,42.3229969,-71.1085177,11.65
632,165675008,1769612311334,09:58:31.334,42.3229969,-71.1085177,11.65
633,165937152,1769612312125,09:58:32.125,42.3229969,-71.1085177,11.65
634,166199296,1769612312593,09:58:32.593,42.3229969,-71.1085177,11.65
635,166461440,1769612312912,09:58:32.912,42.3229969,-71.1085177,11.65
636,166723584,1769612313240,09:58:33.240,42.3229969,-71.1085177,11.65
637,166985728,1769612313593,09:58:33.593,42.3229969,-71.1085177,11.65
638,167247872,1769612313945,09:58:33.945,42.3229969,-71.1085177,11.65
639,167510016,1769612314294,09:58:34.294,42.3229969,-71.1085177,11.65
640,167772160,1769612314647,09:58:34.647,42.3229969,-71.1085177,11.65
641,168034304,1769612315055,09:58:35.055,42.3229969,-71.1085177,11.65
642,168296448,1769612315405,09:58:35.405,42.3229969,-71.1085177,11.65
643,168558592,1769612315754,09:58:35.754,42.3229969,-71.1085177,11.65
644,168820736,1769612316105,09:58:36.105,42.3229969,-71.1085177,11.65
645,169082880,1769612316453,09:58:36.453,42.3229969,-71.1085177,11.65
646,169345024,1769612316822,09:58:36.822,42.3229969,-71.1085177,11.65
647,169607168,1769612317230,09:58:37.230,42.3229969,-71.1085177,11.65
648,169869312,1769612317665,09:58:37.665,42.3229969,-71.1085177,11.65
649,170131456,1769612318466,09:58:38.466,42.3229969,-71.1085177,11.65
650,170393600,1769612319400,09:58:39.400,42.3229969,-71.1085177,11.65
651,170655744,1769612319964,09:58:39.964,42.3229969,-71.1085177,11.65
652,170917888,1769612320601,09:58:40.601,42.3229969,-71.1085177,11.65
653,171180032,1769612321373,09:58:41.373,42.3229969,-71.1085177,11.65
654,171442176,1769612322149,09:58:42.149,42.3229969,-71.1085177,11.65
655,171704320,1769612322642,09:58:42.642,42.3229969,-71.1085177,11.65
656,171966464,1769612323115,09:58:43.115,42.3229969,-71.1085177,11.65
657,172228608,1769612323648,09:58:43.648,42.3229969,-71.1085177,11.65
658,172490752,1769612324177,09:58:44.177,42.3229969,-71.1085177,11.65
659,172752896,1769612324684,09:58:44.684,42.3229969,-71.1085177,11.65
660,173015040,1769612325217,09:58:45.217,42.3229969,-71.1085177,11.65
661,173277184,1769612325799,09:58:45.799,42.3229969,-71.1085177,11.65
662,173539328,1769612326331,09:58:46.331,42.3229969,-71.1085177,11.65
663,173801472,1769612326886,09:58:46.886,42.3229969,-71.1085177,11.65
664,174063616,1769612327442,09:58:47.442,42.3229969,-71.1085177,11.65
665,174325760,1769612327860,09:58:47.860,42.3229969,-71.1085177,11.65
666,174587904,1769612328216,09:58:48.216,42.3229969,-71.1085177,11.65
667,174850048,1769612328566,09:58:48.566,42.3229969,-71.1085177,11.65
668,175112192,1769612328918,09:58:48.918,42.3229969,-71.1085177,11.65
669,175374336,1769612329298,09:58:49.298,42.3229969,-71.1085177,11.65
670,175636480,1769612329721,09:58:49.721,42.3229969,-71.1085177,11.65
671,175898624,1769612330134,09:58:50.134,42.3229969,-71.1085177,11.65
672,176160768,1769612330537,09:58:50.537,42.3229969,-71.1085177,11.65
673,176422912,1769612330891,09:58:50.891,42.3229969,-71.1085177,11.65
674,176685056,1769612331256,09:58:51.256,42.3229969,-71.1085177,11.65
675,176947200,1769612331592,09:58:51.592,42.3229969,-71.1085177,11.65
676,177209344,1769612331942,09:58:51.942,42.3229969,-71.1085177,11.65
677,177471488,1769612332292,09:58:52.292,42.3229969,-71.1085177,11.65
678,177733632,1769612332654,09:58:52.654,42.3229969,-71.1085177,11.65
679,177995776,1769612332999,09:58:52.999,42.3229969,-71.1085177,11.65
680,178257920,1769612333351,09:58:53.351,42.3229969,-71.1085177,11.65
681,178520064,1769612333767,09:58:53.767,42.3229969,-71.1085177,11.65
682,178782208,1769612334180,09:58:54.180,42.3229969,-71.1085177,11.65
683,179044352,1769612334564,09:58:54.564,42.3229969,-71.1085177,11.65
684,179306496,1769612335046,09:58:55.046,42.3229969,-71.1085177,11.65
685,179568640,1769612335490,09:58:55.490,42.3229969,-71.1085177,11.65
686,179830784,1769612335896,09:58:55.896,42.3229969,-71.1085177,11.65
687,180092928,1769612336247,09:58:56.247,42.3229969,-71.1085177,11.65
688,180355072,1769612336715,09:58:56.715,42.3229969,-71.1085177,11.65
689,180617216,1769612337184,09:58:57.184,42.3229969,-71.1085177,11.65
690,180879360,1769612337432,09:58:57.432,42.3229969,-71.1085177,11.65
691,181141504,1769612338096,09:58:58.096,42.3229969,-71.1085177,11.65
692,181403648,1769612338846,09:58:58.846,42.3229969,-71.1085177,11.65
693,181665792,1769612339384,09:58:59.384,42.3229969,-71.1085177,11.65
694,181927936,1769612339667,09:58:59.667,42.3229969,-71.1085177,11.65
695,182190080,1769612340095,09:59:00.095,42.3229969,-71.1085177,11.65
696,182452224,1769612340639,09:59:00.639,42.3229969,-71.1085177,11.65
697,182714368,1769612341080,09:59:01.080,42.3229969,-71.1085177,11.65
698,182976512,1769612341505,09:59:01.505,42.3229969,-71.1085177,11.65
699,183238656,1769612341991,09:59:01.991,42.3229969,-71.1085177,11.65
700,183500800,1769612342353,09:59:02.353,42.3229969,-71.1085177,11.65
701,183762944,1769612342923,09:59:02.923,42.3229969,-71.1085177,11.65
702,184025088,1769612343364,09:59:03.364,42.3229969,-71.1085177,11.65
703,184287232,1769612343708,09:59:03.708,42.3229969,-71.1085177,11.65
704,184549376,1769612344089,09:59:04.089,42.3229969,-71.1085177,11.65
705,184811520,1769612344613,09:59:04.613,42.3229969,-71.1085177,11.65
706,185073664,1769612345068,09:59:05.068,42.3229969,-71.1085177,11.65
707,185335808,1769612345588,09:59:05.588,42.3229969,-71.1085177,11.65
708,185597952,1769612346122,09:59:06.122,42.3229969,-71.1085177,11.65
709,185860096,1769612346616,09:59:06.616,42.3229969,-71.1085177,11.65
710,186122240,1769612347088,09:59:07.088,42.3229969,-71.1085177,11.65
711,186384384,1769612347573,09:59:07.573,42.3229969,-71.1085177,11.65
712,186646528,1769612348243,09:59:08.243,42.3229969,-71.1085177,11.65
713,186908672,1769612348772,09:59:08.772,42.3229969,-71.1085177,11.65
714,187170816,1769612349440,09:59:09.440,42.3229969,-71.1085177,11.65
715,187432960,1769612350086,09:59:10.086,42.3229969,-71.1085177,11.65
716,187695104,1769612350585,09:59:10.585,42.3229969,-71.1085177,11.65
717,187957248,1769612351212,09:59:11.212,42.3229969,-71.1085177,11.65
718,188219392,1769612351846,09:59:11.846,42.3229969,-71.1085177,11.65
719,188481536,1769612352370,09:59:12.370,42.3229969,-71.1085177,11.65
720,188743680,1769612352776,09:59:12.776,42.3229969,-71.1085177,11.65
721,189005824,1769612353127,09:59:13.127,42.3229969,-71.1085177,11.65
722,189267968,1769612353478,09:59:13.478,42.3229969,-71.1085177,11.65
723,189530112,1769612353849,09:59:13.849,42.3229969,-71.1085177,11.65
724,189792256,1769612354208,09:59:14.208,42.3229969,-71.1085177,11.65
725,190054400,1769612354677,09:59:14.677,42.3229969,-71.1085177,11.65
726,190316544,1769612355097,09:59:15.097,42.3229969,-71.1085177,11.65
727,190578688,1769612355441,09:59:15.441,42.3229969,-71.1085177,11.65
728,190840832,1769612355855,09:59:15.855,42.3229969,-71.1085177,11.65
729,191102976,1769612356244,09:59:16.244,42.3229969,-71.1085177,11.65
730,191365120,1769612356943,09:59:16.943,42.3229969,-71.1085177,11.65
731,191627264,1769612357723,09:59:17.723,42.3229969,-71.1085177,11.65
732,191889408,1769612358243,09:59:18.243,42.3229969,-71.1085177,11.65
733,192151552,1769612358786,09:59:18.786,42.3229969,-71.1085177,11.65
734,192413696,1769612359471,09:59:19.471,42.3229969,-71.1085177,11.65
735,192675840,1769612359998,09:59:19.998,42.3229969,-71.1085177,11.65
736,192937984,1769612360528,09:59:20.528,42.3229969,-71.1085177,11.65
737,193200128,1769612361270,09:59:21.270,42.3229969,-71.1085177,11.65
738,193462272,1769612362084,09:59:22.084,42.3229969,-71.1085177,11.65
739,193724416,1769612362565,09:59:22.565,42.3229969,-71.1085177,11.65
740,193986560,1769612362864,09:59:22.864,42.3229969,-71.1085177,11.65
741,194248704,1769612363238,09:59:23.238,42.3229969,-71.1085177,11.65
742,194510848,1769612363589,09:59:23.589,42.3229969,-71.1085177,11.65
743,194772992,1769612364047,09:59:24.047,42.3229969,-71.1085177,11.65
744,195035136,1769612364399,09:59:24.399,42.3229969,-71.1085177,11.65
745,195297280,1769612364786,09:59:24.786,42.3229969,-71.1085177,11.65
746,195559424,1769612365171,09:59:25.171,42.3229969,-71.1085177,11.65
747,195821568,1769612365521,09:59:25.521,42.3229969,-71.1085177,11.65
748,196083712,1769612365899,09:59:25.899,42.3229969,-71.1085177,11.65
749,196345856,1769612366384,09:59:26.384,42.3229969,-71.1085177,11.65
750,196608000,1769612366789,09:59:26.789,42.3229969,-71.1085177,11.65
751,196870144,1769612367133,09:59:27.133,42.3229969,-71.1085177,11.65
752,197132288,1769612367551,09:59:27.551,42.3229969,-71.1085177,11.65
753,197394432,1769612367877,09:59:27.877,42.3229969,-71.1085177,11.65
754,197656576,1769612368589,09:59:28.589,42.3229969,-71.1085177,11.65
755,197918720,1769612369290,09:59:29.290,42.3229969,-71.1085177,11.65
756,198180864,1769612370316,09:59:30.316,42.3229969,-71.1085177,11.65
757,198443008,1769612371172,09:59:31.172,42.3229969,-71.1085177,11.65
758,198705152,1769612371805,09:59:31.805,42.3229969,-71.1085177,11.65
759,198967296,1769612372238,09:59:32.238,42.3229969,-71.1085177,11.65
760,199229440,1769612372550,09:59:32.550,42.3229969,-71.1085177,11.65
761,199491584,1769612373736,09:59:33.736,42.3229969,-71.1085177,11.65
762,199753728,1769612374528,09:59:34.528,42.3229969,-71.1085177,11.65
763,200015872,1769612375437,09:59:35.437,42.3229969,-71.1085177,11.65
764,200278016,1769612376347,09:59:36.347,42.3229969,-71.1085177,11.65
765,200540160,1769612377001,09:59:37.001,42.3229969,-71.1085177,11.65
766,200802304,1769612377601,09:59:37.601,42.3229969,-71.1085177,11.65
767,201064448,1769612377996,09:59:37.996,42.3229969,-71.1085177,11.65
768,201326592,1769612378346,09:59:38.346,42.3229969,-71.1085177,11.65
769,201588736,1769612378727,09:59:38.727,42.3229969,-71.1085177,11.65
770,201850880,1769612379075,09:59:39.075,42.3229969,-71.1085177,11.65
771,202113024,1769612379427,09:59:39.427,42.3229969,-71.1085177,11.65
772,202375168,1769612379775,09:59:39.775,42.3229969,-71.1085177,11.65
773,202637312,1769612380241,09:59:40.241,42.3229969,-71.1085177,11.65
774,202899456,1769612380797,09:59:40.797,42.3229969,-71.1085177,11.65
775,203161600,1769612381493,09:59:41.493,42.3229969,-71.1085177,11.65
776,203423744,1769612381913,09:59:41.913,42.3229969,-71.1085177,11.65
777,203685888,1769612382372,09:59:42.372,42.3229969,-71.1085177,11.65
778,203948032,1769612383496,09:59:43.496,42.3229969,-71.1085177,11.65
779,204210176,1769612384395,09:59:44.395,42.3229969,-71.1085177,11.65
780,204472320,1769612385314,09:59:45.314,42.3229969,-71.1085177,11.65
781,204734464,1769612386171,09:59:46.171,42.3229969,-71.1085177,11.65
782,204996608,1769612386625,09:59:46.625,42.3229969,-71.1085177,11.65
783,205258752,1769612387425,09:59:47.425,42.3229969,-71.1085177,11.65
784,205520896,1769612387854,09:59:47.854,42.3229969,-71.1085177,11.65
785,205783040,1769612388203,09:59:48.203,42.3229969,-71.1085177,11.65
786,206045184,1769612388712,09:59:48.712,42.3229969,-71.1085177,11.65
787,206307328,1769612389152,09:59:49.152,42.3229969,-71.1085177,11.65
788,206569472,1769612389470,09:59:49.470,42.3229969,-71.1085177,11.65
789,206831616,1769612389874,09:59:49.874,42.3229969,-71.1085177,11.65
790,207093760,1769612390227,09:59:50.227,42.3229969,-71.1085177,11.65
791,207355904,1769612390615,09:59:50.615,42.3229969,-71.1085177,11.65
792,207618048,1769612391060,09:59:51.060,42.3229969,-71.1085177,11.65
793,207880192,1769612391468,09:59:51.468,42.3229969,-71.1085177,11.65
794,208142336,1769612391914,09:59:51.914,42.3229969,-71.1085177,11.65
795,208404480,1769612392317,09:59:52.317,42.3229969,-71.1085177,11.65
796,208666624,1769612392736,09:59:52.736,42.3229969,-71.1085177,11.65
797,208928768,1769612393160,09:59:53.160,42.3229969,-71.1085177,11.65
798,209190912,1769612393430,09:59:53.430,42.3229969,-71.1085177,11.65
799,209453056,1769612393834,09:59:53.834,42.3229969,-71.1085177,11.65
800,209715200,1769612394290,09:59:54.290,42.3229969,-71.1085177,11.65
801,209977344,1769612394706,09:59:54.706,42.3229969,-71.1085177,11.65
802,210239488,1769612395157,09:59:55.157,42.3229969,-71.1085177,11.65
803,210501632,1769612395642,09:59:55.642,42.3229969,-71.1085177,11.65
804,210763776,1769612396207,09:59:56.207,42.3229969,-71.1085177,11.65
805,211025920,1769612396687,09:59:56.687,42.3229969,-71.1085177,11.65
806,211288064,1769612397318,09:59:57.318,42.3229969,-71.1085177,11.65
807,211550208,1769612397800,09:59:57.800,42.3229969,-71.1085177,11.65
808,211812352,1769612398602,09:59:58.602,42.3229969,-71.1085177,11.65
809,212074496,1769612399322,09:59:59.322,42.3229969,-71.1085177,11.65
810,212336640,1769612399987,09:59:59.987,42.3229969,-71.1085177,11.65
811,212598784,1769612400831,10:00:00.831,42.3229969,-71.1085177,11.65
812,212860928,1769612401886,10:00:01.886,42.3229969,-71.1085177,11.65
813,213123072,1769612402642,10:00:02.642,42.3229969,-71.1085177,11.65
814,213385216,1769612403035,10:00:03.035,42.3229969,-71.1085177,11.65
815,213647360,1769612403327,10:00:03.327,42.3229969,-71.1085177,11.65
816,213909504,1769612403680,10:00:03.680,42.3229969,-71.1085177,11.65
817,214171648,1769612404068,10:00:04.068,42.3229969,-71.1085177,11.65
818,214433792,1769612404521,10:00:04.521,42.3229969,-71.1085177,11.65
819,214695936,1769612405022,10:00:05.022,42.3229969,-71.1085177,11.65
820,214958080,1769612405391,10:00:05.391,42.3229969,-71.1085177,11.65
821,215220224,1769612405882,10:00:05.882,42.3229969,-71.1085177,11.65
822,215482368,1769612406345,10:00:06.345,42.3229969,-71.1085177,11.65
823,215744512,1769612406805,10:00:06.805,42.3229969,-71.1085177,11.65
824,216006656,1769612407231,10:00:07.231,42.3229969,-71.1085177,11.65
825,216268800,1769612407558,10:00:07.558,42.3229969,-71.1085177,11.65
826,216530944,1769612407908,10:00:07.908,42.3229969,-71.1085177,11.65
827,216793088,1769612408255,10:00:08.255,42.3229969,-71.1085177,11.65
828,217055232,1769612408712,10:00:08.712,42.3229969,-71.1085177,11.65
829,217317376,1769612409403,10:00:09.403,42.3229969,-71.1085177,11.65
830,217579520,1769612410093,10:00:10.093,42.3229969,-71.1085177,11.65
831,217841664,1769612410659,10:00:10.659,42.3229969,-71.1085177,11.65
832,218103808,1769612411031,10:00:11.031,42.3229969,-71.1085177,11.65
833,218365952,1769612411651,10:00:11.651,42.3229969,-71.1085177,11.65
834,218628096,1769612412230,10:00:12.230,42.3229969,-71.1085177,11.65
835,218890240,1769612412783,10:00:12.783,42.3229969,-71.1085177,11.65
836,219152384,1769612413152,10:00:13.152,42.3229969,-71.1085177,11.65
837,219414528,1769612414143,10:00:14.143,42.3229969,-71.1085177,11.65
838,219676672,1769612414730,10:00:14.730,42.3229969,-71.1085177,11.65
839,219938816,1769612415178,10:00:15.178,42.3229969,-71.1085177,11.65
840,220200960,1769612415530,10:00:15.530,42.3229969,-71.1085177,11.65
841,220463104,1769612415997,10:00:15.997,42.3229969,-71.1085177,11.65
842,220725248,1769612416432,10:00:16.432,42.3229969,-71.1085177,11.65
843,220987392,1769612416958,10:00:16.958,42.3229969,-71.1085177,11.65
844,221249536,1769612417374,10:00:17.374,42.3229969,-71.1085177,11.65
845,221511680,1769612417666,10:00:17.666,42.3229969,-71.1085177,11.65
846,221773824,1769612418242,10:00:18.242,42.3229969,-71.1085177,11.65
847,222035968,1769612418953,10:00:18.953,42.3229969,-71.1085177,11.65
848,222298112,1769612419471,10:00:19.471,42.3229969,-71.1085177,11.65
849,222560256,1769612419853,10:00:19.853,42.3229969,-71.1085177,11.65
850,222822400,1769612420517,10:00:20.517,42.3229969,-71.1085177,11.65
851,223084544,1769612421004,10:00:21.004,42.3229969,-71.1085177,11.65
852,223346688,1769612421505,10:00:21.505,42.3229969,-71.1085177,11.65
853,223608832,1769612421908,10:00:21.908,42.3229969,-71.1085177,11.65
854,223870976,1769612422223,10:00:22.223,42.3229969,-71.1085177,11.65
855,224133120,1769612422721,10:00:22.721,42.3229969,-71.1085177,11.65
856,224395264,1769612423781,10:00:23.781,42.3229969,-71.1085177,11.65
857,224657408,1769612424232,10:00:24.232,42.3229969,-71.1085177,11.65
858,224919552,1769612425028,10:00:25.028,42.3229969,-71.1085177,11.65
859,225181696,1769612425671,10:00:25.671,42.3229969,-71.1085177,11.65
860,225443840,1769612426298,10:00:26.298,42.3229969,-71.1085177,11.65
861,225705984,1769612426942,10:00:26.942,42.3229969,-71.1085177,11.65
862,225968128,1769612427650,10:00:27.650,42.3229969,-71.1085177,11.65
863,226230272,1769612428158,10:00:28.158,42.3229969,-71.1085177,11.65
864,226492416,1769612428387,10:00:28.387,42.3229969,-71.1085177,11.65
865,226754560,1769612428668,10:00:28.668,42.3229969,-71.1085177,11.65
866,227016704,1769612429179,10:00:29.179,42.3229969,-71.1085177,11.65
867,227278848,1769612429533,10:00:29.533,42.3229969,-71.1085177,11.65
868,227540992,1769612429884,10:00:29.884,42.3229969,-71.1085177,11.65
869,227803136,1769612430235,10:00:30.235,42.3229969,-71.1085177,11.65
870,228065280,1769612430666,10:00:30.666,42.3229969,-71.1085177,11.65
871,228327424,1769612431015,10:00:31.015,42.3229969,-71.1085177,11.65
872,228589568,1769612431370,10:00:31.370,42.3229969,-71.1085177,11.65
873,228851712,1769612431806,10:00:31.806,42.3229969,-71.1085177,11.65
874,229113856,1769612432222,10:00:32.222,42.3229969,-71.1085177,11.65
875,229376000,1769612432639,10:00:32.639,42.3229969,-71.1085177,11.65
876,229638144,1769612433008,10:00:33.008,42.3229969,-71.1085177,11.65
877,229900288,1769612433346,10:00:33.346,42.3229969,-71.1085177,11.65
878,230162432,1769612433748,10:00:33.748,42.3229969,-71.1085177,11.65
879,230424576,1769612434335,10:00:34.335,42.3229969,-71.1085177,11.65
880,230686720,1769612434790,10:00:34.790,42.3229969,-71.1085177,11.65
881,230948864,1769612435218,10:00:35.218,42.3229969,-71.1085177,11.65
882,231211008,1769612435638,10:00:35.638,42.3229969,-71.1085177,11.65
883,231473152,1769612436073,10:00:36.073,42.3229969,-71.1085177,11.65
884,231735296,1769612436597,10:00:36.597,42.3229969,-71.1085177,11.65
885,231997440,1769612437034,10:00:37.034,42.3229969,-71.1085177,11.65
886,232259584,1769612437322,10:00:37.322,42.3229969,-71.1085177,11.65
887,232521728,1769612437676,10:00:37.676,42.3229969,-71.1085177,11.65
888,232783872,1769612438052,10:00:38.052,42.3229969,-71.1085177,11.65
889,233046016,1769612438370,10:00:38.370,42.3229969,-71.1085177,11.65
890,233308160,1769612438794,10:00:38.794,42.3229969,-71.1085177,11.65
891,233570304,1769612439144,10:00:39.144,42.3229969,-71.1085177,11.65
892,233832448,1769612439668,10:00:39.668,42.3229969,-71.1085177,11.65
893,234094592,1769612440111,10:00:40.111,42.3229969,-71.1085177,11.65
894,234356736,1769612440465,10:00:40.465,42.3229969,-71.1085177,11.65
895,234618880,1769612440841,10:00:40.841,42.3229969,-71.1085177,11.65
896,234881024,1769612441208,10:00:41.208,42.3229969,-71.1085177,11.65
897,235143168,1769612441633,10:00:41.633,42.3229969,-71.1085177,11.65
898,235405312,1769612442026,10:00:42.026,42.3229969,-71.1085177,11.65
899,235667456,1769612442419,10:00:42.419,42.3229969,-71.1085177,11.65
900,235929600,1769612442769,10:00:42.769,42.3229969,-71.1085177,11.65
901,236191744,1769612443147,10:00:43.147,42.3229969,-71.1085177,11.65
902,236453888,1769612443763,10:00:43.763,42.3229969,-71.1085177,11.65
903,236716032,1769612444315,10:00:44.315,42.3229969,-71.1085177,11.65
904,236978176,1769612444838,10:00:44.838,42.3229969,-71.1085177,11.65
905,237240320,1769612445398,10:00:45.398,42.3229969,-71.1085177,11.65
906,237502464,1769612445890,10:00:45.890,42.3229969,-71.1085177,11.65
907,237764608,1769612446674,10:00:46.674,42.3229969,-71.1085177,11.65
908,238026752,1769612447373,10:00:47.373,42.3229969,-71.1085177,11.65
909,238288896,1769612447919,10:00:47.919,42.3229969,-71.1085177,11.65
910,238551040,1769612448398,10:00:48.398,42.3229969,-71.1085177,11.65
911,238813184,1769612448817,10:00:48.817,42.3229969,-71.1085177,11.65
912,239075328,1769612449149,10:00:49.149,42.3229969,-71.1085177,11.65
913,239337472,1769612449591,10:00:49.591,42.3229969,-71.1085177,11.65
914,239599616,1769612449994,10:00:49.994,42.3229969,-71.1085177,11.65
915,239861760,1769612450353,10:00:50.353,42.3229969,-71.1085177,11.65
916,240123904,1769612450703,10:00:50.703,42.3229969,-71.1085177,11.65
917,240386048,1769612451082,10:00:51.082,42.3229969,-71.1085177,11.65
918,240648192,1769612451432,10:00:51.432,42.3229969,-71.1085177,11.65
919,240910336,1769612451782,10:00:51.782,42.3229969,-71.1085177,11.65
920,241172480,1769612452180,10:00:52.180,42.3229969,-71.1085177,11.65
921,241434624,1769612452969,10:00:52.969,42.3229969,-71.1085177,11.65
922,241696768,1769612453478,10:00:53.478,42.3229969,-71.1085177,11.65
923,241958912,1769612454114,10:00:54.114,42.3229969,-71.1085177,11.65
924,242221056,1769612454647,10:00:54.647,42.3229969,-71.1085177,11.65
925,242483200,1769612455188,10:00:55.188,42.3229969,-71.1085177,11.65
926,242745344,1769612455693,10:00:55.693,42.3229969,-71.1085177,11.65
927,243007488,1769612456310,10:00:56.310,42.3229969,-71.1085177,11.65
928,243269632,1769612456899,10:00:56.899,42.3229969,-71.1085177,11.65
929,243531776,1769612457452,10:00:57.452,42.3229969,-71.1085177,11.65
930,243793920,1769612457840,10:00:57.840,42.3229969,-71.1085177,11.65
931,244056064,1769612458241,10:00:58.241,42.3229969,-71.1085177,11.65
932,244318208,1769612458755,10:00:58.755,42.3229969,-71.1085177,11.65
933,244580352,1769612459199,10:00:59.199,42.3229969,-71.1085177,11.65
934,244842496,1769612459580,10:00:59.580,42.3229969,-71.1085177,11.65
935,245104640,1769612460060,10:01:00.060,42.3229969,-71.1085177,11.65
936,245366784,1769612460492,10:01:00.492,42.3229969,-71.1085177,11.65
937,245628928,1769612460922,10:01:00.922,42.3229969,-71.1085177,11.65
938,245891072,1769612461403,10:01:01.403,42.3229969,-71.1085177,11.65
939,246153216,1769612461923,10:01:01.923,42.3229969,-71.1085177,11.65
940,246415360,1769612462402,10:01:02.402,42.3229969,-71.1085177,11.65
941,246677504,1769612462838,10:01:02.838,42.3229969,-71.1085177,11.65
942,246939648,1769612463224,10:01:03.224,42.3229969,-71.1085177,11.65
943,247201792,1769612463659,10:01:03.659,42.3229969,-71.1085177,11.65
944,247463936,1769612464077,10:01:04.077,42.3229969,-71.1085177,11.65
945,247726080,1769612464466,10:01:04.466,42.3229969,-71.1085177,11.65
946,247988224,1769612464827,10:01:04.827,42.3229969,-71.1085177,11.65
947,248250368,1769612465230,10:01:05.230,42.3229969,-71.1085177,11.65
948,248512512,1769612465606,10:01:05.606,42.3229969,-71.1085177,11.65
949,248774656,1769612465966,10:01:05.966,42.3229969,-71.1085177,11.65
950,249036800,1769612466309,10:01:06.309,42.3229969,-71.1085177,11.65
951,249298944,1769612466713,10:01:06.713,42.3229969,-71.1085177,11.65
952,249561088,1769612467148,10:01:07.148,42.3229969,-71.1085177,11.65
953,249823232,1769612467514,10:01:07.514,42.3229969,-71.1085177,11.65
954,250085376,1769612467865,10:01:07.865,42.3229969,-71.1085177,11.65
955,250347520,1769612468350,10:01:08.350,42.3229969,-71.1085177,11.65
956,250609664,1769612468723,10:01:08.723,42.3229969,-71.1085177,11.65
957,250871808,1769612469309,10:01:09.309,42.3229969,-71.1085177,11.65
958,251133952,1769612469889,10:01:09.889,42.3229969,-71.1085177,11.65
959,251396096,1769612470520,10:01:10.520,42.3229969,-71.1085177,11.65
960,251658240,1769612470985,10:01:10.985,42.3229969,-71.1085177,11.65
961,251920384,1769612471409,10:01:11.409,42.3229969,-71.1085177,11.65
962,252182528,1769612471842,10:01:11.842,42.3229969,-71.1085177,11.65
963,252444672,1769612472231,10:01:12.231,42.3229969,-71.1085177,11.65
964,252706816,1769612472633,10:01:12.633,42.3229969,-71.1085177,11.65
965,252968960,1769612473225,10:01:13.225,42.3229969,-71.1085177,11.65
966,253231104,1769612473668,10:01:13.668,42.3229969,-71.1085177,11.65
967,253493248,1769612474248,10:01:14.248,42.3229969,-71.1085177,11.65
968,253755392,1769612474678,10:01:14.678,42.3229969,-71.1085177,11.65
969,254017536,1769612475342,10:01:15.342,42.3229969,-71.1085177,11.65
970,254279680,1769612475757,10:01:15.757,42.3229969,-71.1085177,11.65
971,254541824,1769612476103,10:01:16.103,42.3229969,-71.1085177,11.65
972,254803968,1769612476484,10:01:16.484,42.3229969,-71.1085177,11.65
973,255066112,1769612476833,10:01:16.833,42.3229969,-71.1085177,11.65
974,255328256,1769612477300,10:01:17.300,42.3229969,-71.1085177,11.65
975,255590400,1769612477702,10:01:17.702,42.3229969,-71.1085177,11.65
976,255852544,1769612477989,10:01:17.989,42.3229969,-71.1085177,11.65
977,256114688,1769612478343,10:01:18.343,42.3229969,-71.1085177,11.65
978,256376832,1769612478732,10:01:18.732,42.3229969,-71.1085177,11.65
979,256638976,1769612479097,10:01:19.097,42.3229969,-71.1085177,11.65
980,256901120,1769612479447,10:01:19.447,42.3229969,-71.1085177,11.65
981,257163264,1769612479804,10:01:19.804,42.3229969,-71.1085177,11.65
982,257425408,1769612480154,10:01:20.154,42.3229969,-71.1085177,11.65
983,257687552,1769612480511,10:01:20.511,42.3229969,-71.1085177,11.65
984,257949696,1769612480906,10:01:20.906,42.3229969,-71.1085177,11.65
985,258211840,1769612481209,10:01:21.209,42.3229969,-71.1085177,11.65
986,258473984,1769612481559,10:01:21.559,42.3229969,-71.1085177,11.65
987,258736128,1769612481995,10:01:21.995,42.3229969,-71.1085177,11.65
988,258998272,1769612482406,10:01:22.406,42.3229969,-71.1085177,11.65
989,259260416,1769612482707,10:01:22.707,42.3229969,-71.1085177,11.65
990,259522560,1769612483251,10:01:23.251,42.3229969,-71.1085177,11.65
991,259784704,1769612483760,10:01:23.760,42.3229969,-71.1085177,11.65
992,260046848,1769612484174,10:01:24.174,42.3229969,-71.1085177,11.65
993,260308992,1769612484560,10:01:24.560,42.3229969,-71.1085177,11.65
994,260571136,1769612484978,10:01:24.978,42.3229969,-71.1085177,11.65
995,260833280,1769612485352,10:01:25.352,42.3229969,-71.1085177,11.65
996,261095424,1769612485748,10:01:25.748,42.3229969,-71.1085177,11.65
997,261357568,1769612486078,10:01:26.078,42.3229969,-71.1085177,11.65
998,261619712,1769612486514,10:01:26.514,42.3229969,-71.1085177,11.65
999,261881856,1769612486898,10:01:26.898,42.3229969,-71.1085177,11.65
1000,262144000,1769612487245,10:01:27.245,42.3229969,-71.1085177,11.65
1001,262406144,1769612487614,10:01:27.614,42.3229969,-71.1085177,11.65
1002,262668288,1769612487980,10:01:27.980,42.3229969,-71.1085177,11.65
1003,262930432,1769612488441,10:01:28.441,42.3229969,-71.1085177,11.65
1004,263192576,1769612488865,10:01:28.865,42.3229969,-71.1085177,11.65
1005,263454720,1769612489445,10:01:29.445,42.3229969,-71.1085177,11.65
1006,263716864,1769612490042,10:01:30.042,42.3229969,-71.1085177,11.65
1007,263979008,1769612490505,10:01:30.505,42.3229969,-71.1085177,11.65
1008,264241152,1769612490908,10:01:30.908,42.3229969,-71.1085177,11.65
1009,264503296,1769612491258,10:01:31.258,42.3229969,-71.1085177,11.65
1010,264765440,1769612491883,10:01:31.883,42.3229969,-71.1085177,11.65
1011,265027584,1769612492273,10:01:32.273,42.3229969,-71.1085177,11.65
1012,265289728,1769612492780,10:01:32.780,42.3229969,-71.1085177,11.65
1013,265551872,1769612493208,10:01:33.208,42.3229969,-71.1085177,11.65
1014,265814016,1769612493578,10:01:33.578,42.3229969,-71.1085177,11.65
1015,266076160,1769612494226,10:01:34.226,42.3229969,-71.1085177,11.65
1016,266338304,1769612494836,10:01:34.836,42.3229969,-71.1085177,11.65
1017,266600448,1769612495377,10:01:35.377,42.3229969,-71.1085177,11.65
1018,266862592,1769612496210,10:01:36.210,42.3229969,-71.1085177,11.65
1019,267124736,1769612497065,10:01:37.065,42.3229969,-71.1085177,11.65
1020,267386880,1769612497522,10:01:37.522,42.3229969,-71.1085177,11.65
1021,267649024,1769612498030,10:01:38.030,42.3229969,-71.1085177,11.65
1022,267911168,1769612498506,10:01:38.506,42.3229969,-71.1085177,11.65
1023,268173312,1769612498934,10:01:38.934,42.3229969,-71.1085177,11.65
1024,268435456,1769612499414,10:01:39.414,42.3229969,-71.1085177,11.65
1025,268697600,1769612499673,10:01:39.673,42.3229969,-71.1085177,11.65
1026,268959744,1769612500115,10:01:40.115,42.3229969,-71.1085177,11.65
1027,269221888,1769612500496,10:01:40.496,42.3229969,-71.1085177,11.65
1028,269484032,1769612500812,10:01:40.812,42.3229969,-71.1085177,11.65
1029,269746176,1769612501286,10:01:41.286,42.3229969,-71.1085177,11.65
1030,270008320,1769612501693,10:01:41.693,42.3229969,-71.1085177,11.65
1031,270270464,1769612502442,10:01:42.442,42.3229969,-71.1085177,11.65
1032,270532608,1769612502902,10:01:42.902,42.3229969,-71.1085177,11.65
1033,270794752,1769612503558,10:01:43.558,42.3229969,-71.1085177,11.65
1034,271056896,1769612504459,10:01:44.459,42.3229969,-71.1085177,11.65
1035,271319040,1769612505169,10:01:45.169,42.3229969,-71.1085177,11.65
1036,271581184,1769612506159,10:01:46.159,42.3229969,-71.1085177,11.65
1037,271843328,1769612506905,10:01:46.905,42.3229969,-71.1085177,11.65
1038,272105472,1769612507473,10:01:47.473,42.3229969,-71.1085177,11.65
1039,272367616,1769612507868,10:01:47.868,42.3229969,-71.1085177,11.65
1040,272629760,1769612508153,10:01:48.153,42.3229969,-71.1085177,11.65
1041,272891904,1769612508505,10:01:48.505,42.3229969,-71.1085177,11.65
1042,273154048,1769612508856,10:01:48.856,42.3229969,-71.1085177,11.65
1043,273416192,1769612509206,10:01:49.206,42.3229969,-71.1085177,11.65
1044,273678336,1769612509556,10:01:49.556,42.3229969,-71.1085177,11.65
1045,273940480,1769612509951,10:01:49.951,42.3229969,-71.1085177,11.65
1046,274202624,1769612510333,10:01:50.333,42.3229969,-71.1085177,11.65
1047,274464768,1769612510650,10:01:50.650,42.3229969,-71.1085177,11.65
1048,274726912,1769612511001,10:01:51.001,42.3229969,-71.1085177,11.65
1049,274989056,1769612511347,10:01:51.347,42.3229969,-71.1085177,11.65
1050,275251200,1769612511698,10:01:51.698,42.3229969,-71.1085177,11.65
1051,275513344,1769612512049,10:01:52.049,42.3229969,-71.1085177,11.65
1052,275775488,1769612512400,10:01:52.400,42.3229969,-71.1085177,11.65
1053,276037632,1769612512792,10:01:52.792,42.3229969,-71.1085177,11.65
1054,276299776,1769612513120,10:01:53.120,42.3229969,-71.1085177,11.65
1055,276561920,1769612513526,10:01:53.526,42.3229969,-71.1085177,11.65
1056,276824064,1769612513926,10:01:53.926,42.3229969,-71.1085177,11.65
1057,277086208,1769612514277,10:01:54.277,42.3229969,-71.1085177,11.65
1058,277348352,1769612514660,10:01:54.660,42.3229969,-71.1085177,11.65
1059,277610496,1769612515057,10:01:55.057,42.3229969,-71.1085177,11.65
1060,277872640,1769612515564,10:01:55.564,42.3229969,-71.1085177,11.65
1061,278134784,1769612515946,10:01:55.946,42.3229969,-71.1085177,11.65
1062,278396928,1769612516298,10:01:56.298,42.3229969,-71.1085177,11.65
1063,278659072,1769612516664,10:01:56.664,42.3229969,-71.1085177,11.65
1064,278921216,1769612516999,10:01:56.999,42.3229969,-71.1085177,11.65
1065,279183360,1769612517350,10:01:57.350,42.3229969,-71.1085177,11.65
1066,279445504,1769612517705,10:01:57.705,42.3229969,-71.1085177,11.65
1067,279707648,1769612518085,10:01:58.085,42.3229969,-71.1085177,11.65
1068,279969792,1769612518341,10:01:58.341,42.3229969,-71.1085177,11.65
1069,280231936,1769612518659,10:01:58.659,42.3229969,-71.1085177,11.65
1070,280494080,1769612519029,10:01:59.029,42.3229969,-71.1085177,11.65
1071,280756224,1769612519298,10:01:59.298,42.3229969,-71.1085177,11.65
1072,281018368,1769612519708,10:01:59.708,42.3229969,-71.1085177,11.65
1073,281280512,1769612520168,10:02:00.168,42.3229969,-71.1085177,11.65
1074,281542656,1769612520650,10:02:00.650,42.3229969,-71.1085177,11.65
1075,281804800,1769612521125,10:02:01.125,42.3229969,-71.1085177,11.65
1076,282066944,1769612521582,10:02:01.582,42.3229969,-71.1085177,11.65
1077,282329088,1769612522098,10:02:02.098,42.3229969,-71.1085177,11.65
1078,282591232,1769612522591,10:02:02.591,42.3229969,-71.1085177,11.65
1079,282853376,1769612523146,10:02:03.146,42.3229969,-71.1085177,11.65
1080,283115520,1769612523576,10:02:03.576,42.3229969,-71.1085177,11.65
1081,283377664,1769612523879,10:02:03.879,42.3229969,-71.1085177,11.65
1082,283639808,1769612524240,10:02:04.240,42.3229969,-71.1085177,11.65
1083,283901952,1769612524656,10:02:04.656,42.3229969,-71.1085177,11.65
1084,284164096,1769612525005,10:02:05.005,42.3229969,-71.1085177,11.65
1085,284426240,1769612525354,10:02:05.354,42.3229969,-71.1085177,11.65
1086,284688384,1769612525706,10:02:05.706,42.3229969,-71.1085177,11.65
1087,284950528,1769612526055,10:02:06.055,42.3229969,-71.1085177,11.65
1088,285212672,1769612526406,10:02:06.406,42.3229969,-71.1085177,11.65
1089,285474816,1769612526756,10:02:06.756,42.3229969,-71.1085177,11.65
1090,285736960,1769612527155,10:02:07.155,42.3229969,-71.1085177,11.65
1091,285999104,1769612527498,10:02:07.498,42.3229969,-71.1085177,11.65
1092,286261248,1769612528097,10:02:08.097,42.3229969,-71.1085177,11.65
1093,286523392,1769612528557,10:02:08.557,42.3229969,-71.1085177,11.65
1094,286785536,1769612529514,10:02:09.514,42.3229969,-71.1085177,11.65
1095,287047680,1769612530704,10:02:10.704,42.3229969,-71.1085177,11.65
1096,287309824,1769612533225,10:02:13.225,42.3229969,-71.1085177,11.65
1097,287571968,1769612534459,10:02:14.459,42.3229969,-71.1085177,11.65
1098,287834112,1769612535877,10:02:15.877,42.3229969,-71.1085177,11.65
1099,288096256,1769612536950,10:02:16.950,42.3229969,-71.1085177,11.65
1100,288358400,1769612537680,10:02:17.680,42.3229969,-71.1085177,11.65
1101,288620544,1769612538164,10:02:18.164,42.3229969,-71.1085177,11.65
1102,288882688,1769612538433,10:02:18.433,42.3229969,-71.1085177,11.65
1103,289144832,1769612538675,10:02:18.675,42.3229969,-71.1085177,11.65
1104,289406976,1769612539015,10:02:19.015,42.3229969,-71.1085177,11.65
1105,289669120,1769612539463,10:02:19.463,42.3229969,-71.1085177,11.65
1106,289931264,1769612539851,10:02:19.851,42.3229969,-71.1085177,11.65
1107,290193408,1769612540280,10:02:20.280,42.3229969,-71.1085177,11.65
1108,290455552,1769612540658,10:02:20.658,42.3229969,-71.1085177,11.65
1109,290717696,1769612541029,10:02:21.029,42.3229969,-71.1085177,11.65
1110,290979840,1769612541433,10:02:21.433,42.3229969,-71.1085177,11.65
1111,291241984,1769612541803,10:02:21.803,42.3229969,-71.1085177,11.65
1112,291504128,1769612542191,10:02:22.191,42.3229969,-71.1085177,11.65
1113,291766272,1769612542509,10:02:22.509,42.3229969,-71.1085177,11.65
1114,292028416,1769612542862,10:02:22.862,42.3229969,-71.1085177,11.65
1115,292290560,1769612543212,10:02:23.212,42.3229969,-71.1085177,11.65
1116,292552704,1769612543701,10:02:23.701,42.3229969,-71.1085177,11.65
1117,292814848,1769612544295,10:02:24.295,42.3229969,-71.1085177,11.65
1118,293076992,1769612544962,10:02:24.962,42.3229969,-71.1085177,11.65
1119,293339136,1769612545545,10:02:25.545,42.3229969,-71.1085177,11.65
1120,293601280,1769612546033,10:02:26.033,42.3229969,-71.1085177,11.65
1121,293863424,1769612546596,10:02:26.596,42.3229969,-71.1085177,11.65
1122,294125568,1769612546972,10:02:26.972,42.3229969,-71.1085177,11.65
1123,294387712,1769612547295,10:02:27.295,42.3229969,-71.1085177,11.65
1124,294649856,1769612547736,10:02:27.736,42.3229969,-71.1085177,11.65
1125,294912000,1769612548085,10:02:28.085,42.3229969,-71.1085177,11.65
1126,295174144,1769612548575,10:02:28.575,42.3229969,-71.1085177,11.65
1127,295436288,1769612549045,10:02:29.045,42.3229969,-71.1085177,11.65
1128,295698432,1769612549569,10:02:29.569,42.3229969,-71.1085177,11.65
1129,295960576,1769612549981,10:02:29.981,42.3229969,-71.1085177,11.65
1130,296222720,1769612550350,10:02:30.350,42.3229969,-71.1085177,11.65
1131,296484864,1769612550900,10:02:30.900,42.3229969,-71.1085177,11.65
1132,296747008,1769612551332,10:02:31.332,42.3229969,-71.1085177,11.65
1133,297009152,1769612551921,10:02:31.921,42.3229969,-71.1085177,11.65
1134,297271296,1769612552337,10:02:32.337,42.3229969,-71.1085177,11.65
1135,297533440,1769612552763,10:02:32.763,42.3229969,-71.1085177,11.65
1136,297795584,1769612553173,10:02:33.173,42.3229969,-71.1085177,11.65
1137,298057728,1769612553645,10:02:33.645,42.3229969,-71.1085177,11.65
1138,298319872,1769612554168,10:02:34.168,42.3229969,-71.1085177,11.65
1139,298582016,1769612554553,10:02:34.553,42.3229969,-71.1085177,11.65
1140,298844160,1769612555011,10:02:35.011,42.3229969,-71.1085177,11.65
1141,299106304,1769612555489,10:02:35.489,42.3229969,-71.1085177,11.65
1142,299368448,1769612555903,10:02:35.903,42.3229969,-71.1085177,11.65
1143,299630592,1769612556257,10:02:36.257,42.3229969,-71.1085177,11.65
1144,299892736,1769612556638,10:02:36.638,42.3229969,-71.1085177,11.65
1145,300154880,1769612557211,10:02:37.211,42.3229969,-71.1085177,11.65
1146,300417024,1769612557701,10:02:37.701,42.3229969,-71.1085177,11.65
1147,300679168,1769612558112,10:02:38.112,42.3229969,-71.1085177,11.65
1148,300941312,1769612558637,10:02:38.637,42.3229969,-71.1085177,11.65
1149,301203456,1769612559012,10:02:39.012,42.3229969,-71.1085177,11.65
1150,301465600,1769612559578,10:02:39.578,42.3229969,-71.1085177,11.65
1151,301727744,1769612560116,10:02:40.116,42.3229969,-71.1085177,11.65
1152,301989888,1769612560773,10:02:40.773,42.3229969,-71.1085177,11.65
1153,302252032,1769612561406,10:02:41.406,42.3229969,-71.1085177,11.65
1154,302514176,1769612562014,10:02:42.014,42.3229969,-71.1085177,11.65
1155,302776320,1769612562581,10:02:42.581,42.3229969,-71.1085177,11.65
1156,303038464,1769612562943,10:02:42.943,42.3229969,-71.1085177,11.65
1157,303300608,1769612563218,10:02:43.218,42.3229969,-71.1085177,11.65
1158,303562752,1769612563541,10:02:43.541,42.3229969,-71.1085177,11.65
1159,303824896,1769612563981,10:02:43.981,42.3229969,-71.1085177,11.65
1160,304087040,1769612564331,10:02:44.331,42.3229969,-71.1085177,11.65
1161,304349184,1769612564682,10:02:44.682,42.3229969,-71.1085177,11.65
1162,304611328,1769612565055,10:02:45.055,42.3229969,-71.1085177,11.65
1163,304873472,1769612565463,10:02:45.463,42.3229969,-71.1085177,11.65
1164,305135616,1769612565869,10:02:45.869,42.3229969,-71.1085177,11.65
1165,305397760,1769612566219,10:02:46.219,42.3229969,-71.1085177,11.65
1166,305659904,1769612566674,10:02:46.674,42.3229969,-71.1085177,11.65
1167,305922048,1769612567106,10:02:47.106,42.3229969,-71.1085177,11.65
1168,306184192,1769612567471,10:02:47.471,42.3229969,-71.1085177,11.65
1169,306446336,1769612567857,10:02:47.857,42.3229969,-71.1085177,11.65
1170,306708480,1769612568201,10:02:48.201,42.3229969,-71.1085177,11.65
1171,306970624,1769612568572,10:02:48.572,42.3229969,-71.1085177,11.65
1172,307232768,1769612568933,10:02:48.933,42.3229969,-71.1085177,11.65
1173,307494912,1769612569286,10:02:49.286,42.3229969,-71.1085177,11.65
1174,307757056,1769612569636,10:02:49.636,42.3229969,-71.1085177,11.65
1175,308019200,1769612569986,10:02:49.986,42.3229969,-71.1085177,11.65
1176,308281344,1769612570336,10:02:50.336,42.3229969,-71.1085177,11.65
1177,308543488,1769612570742,10:02:50.742,42.3229969,-71.1085177,11.65
1178,308805632,1769612571350,10:02:51.350,42.3229969,-71.1085177,11.65
1179,309067776,1769612572131,10:02:52.131,42.3229969,-71.1085177,11.65
1180,309329920,1769612572737,10:02:52.737,42.3229969,-71.1085177,11.65
1181,309592064,1769612573959,10:02:53.959,42.3229969,-71.1085177,11.65
1182,309854208,1769612574525,10:02:54.525,42.3229969,-71.1085177,11.65
1183,310116352,1769612575298,10:02:55.298,42.3229969,-71.1085177,11.65
1184,310378496,1769612576072,10:02:56.072,42.3229969,-71.1085177,11.65
1185,310640640,1769612576896,10:02:56.896,42.3229969,-71.1085177,11.65
1186,310902784,1769612577602,10:02:57.602,42.3229969,-71.1085177,11.65
1187,311164928,1769612578190,10:02:58.190,42.3229969,-71.1085177,11.65
1188,311427072,1769612578575,10:02:58.575,42.3229969,-71.1085177,11.65
1189,311689216,1769612579000,10:02:59.000,42.3229969,-71.1085177,11.65
1190,311951360,1769612579438,10:02:59.438,42.3229969,-71.1085177,11.65
1191,312213504,1769612579731,10:02:59.731,42.3229969,-71.1085177,11.65
1192,312475648,1769612580081,10:03:00.081,42.3229969,-71.1085177,11.65
1193,312737792,1769612580455,10:03:00.455,42.3229969,-71.1085177,11.65
1194,312999936,1769612580785,10:03:00.785,42.3229969,-71.1085177,11.65
1195,313262080,1769612581164,10:03:01.164,42.3229969,-71.1085177,11.65
1196,313524224,1769612581497,10:03:01.497,42.3229969,-71.1085177,11.65
1197,313786368,1769612581862,10:03:01.862,42.3229969,-71.1085177,11.65
1198,314048512,1769612582214,10:03:02.214,42.3229969,-71.1085177,11.65
1199,314310656,1769612582583,10:03:02.583,42.3229969,-71.1085177,11.65
1200,314572800,1769612582941,10:03:02.941,42.3229969,-71.1085177,11.65
1201,314834944,1769612583533,10:03:03.533,42.3229969,-71.1085177,11.65
1202,315097088,1769612584142,10:03:04.142,42.3229969,-71.1085177,11.65
1203,315359232,1769612584711,10:03:04.711,42.3229969,-71.1085177,11.65
1204,315621376,1769612585260,10:03:05.260,42.3229969,-71.1085177,11.65
1205,315883520,1769612585989,10:03:05.989,42.3229969,-71.1085177,11.65
1206,316145664,1769612586498,10:03:06.498,42.3229969,-71.1085177,11.65
1207,316407808,1769612587335,10:03:07.335,42.3229969,-71.1085177,11.65
1208,316669952,1769612587807,10:03:07.807,42.3229969,-71.1085177,11.65
1209,316932096,1769612588248,10:03:08.248,42.3229969,-71.1085177,11.65
1210,317194240,1769612588774,10:03:08.774,42.3229969,-71.1085177,11.65
1211,317456384,1769612589399,10:03:09.399,42.3229969,-71.1085177,11.65
1212,317718528,1769612590093,10:03:10.093,42.3229969,-71.1085177,11.65
1213,317980672,1769612590761,10:03:10.761,42.3229969,-71.1085177,11.65
1214,318242816,1769612591590,10:03:11.590,42.3229969,-71.1085177,11.65
1215,318504960,1769612592238,10:03:12.238,42.3229969,-71.1085177,11.65
1216,318767104,1769612592772,10:03:12.772,42.3229969,-71.1085177,11.65
1217,319029248,1769612593337,10:03:13.337,42.3229969,-71.1085177,11.65
1218,319291392,1769612593914,10:03:13.914,42.3229969,-71.1085177,11.65
1219,319553536,1769612594522,10:03:14.522,42.3229969,-71.1085177,11.65
1220,319815680,1769612595128,10:03:15.128,42.3229969,-71.1085177,11.65
1221,320077824,1769612595707,10:03:15.707,42.3229969,-71.1085177,11.65
1222,320339968,1769612596312,10:03:16.312,42.3229969,-71.1085177,11.65
1223,320602112,1769612596889,10:03:16.889,42.3229969,-71.1085177,11.65
1224,320864256,1769612597484,10:03:17.484,42.3229969,-71.1085177,11.65
1225,321126400,1769612597874,10:03:17.874,42.3229969,-71.1085177,11.65
1226,321388544,1769612598241,10:03:18.241,42.3229969,-71.1085177,11.65
1227,321650688,1769612598623,10:03:18.623,42.3229969,-71.1085177,11.65
1228,321912832,1769612599025,10:03:19.025,42.3229969,-71.1085177,11.65
1229,322174976,1769612599399,10:03:19.399,42.3229969,-71.1085177,11.65
1230,322437120,1769612599750,10:03:19.750,42.3229969,-71.1085177,11.65
1231,322699264,1769612600148,10:03:20.148,42.3229969,-71.1085177,11.65
1232,322961408,1769612600450,10:03:20.450,42.3229969,-71.1085177,11.65
1233,323223552,1769612600802,10:03:20.802,42.3229969,-71.1085177,11.65
1234,323485696,1769612601196,10:03:21.196,42.3229969,-71.1085177,11.65
1235,323747840,1769612601588,10:03:21.588,42.3229969,-71.1085177,11.65
1236,324009984,1769612601989,10:03:21.989,42.3229969,-71.1085177,11.65
1237,324272128,1769612602465,10:03:22.465,42.3229969,-71.1085177,11.65
1238,324534272,1769612602805,10:03:22.805,42.3229969,-71.1085177,11.65
1239,324796416,1769612603152,10:03:23.152,42.3229969,-71.1085177,11.65
1240,325058560,1769612603515,10:03:23.515,42.3229969,-71.1085177,11.65
1241,325320704,1769612603853,10:03:23.853,42.3229969,-71.1085177,11.65
1242,325582848,1769612604201,10:03:24.201,42.3229969,-71.1085177,11.65
1243,325844992,1769612604589,10:03:24.589,42.3229969,-71.1085177,11.65
1244,326107136,1769612605093,10:03:25.093,42.3229969,-71.1085177,11.65
1245,326369280,1769612605515,10:03:25.515,42.3229969,-71.1085177,11.65
1246,326631424,1769612605835,10:03:25.835,42.3229969,-71.1085177,11.65
1247,326893568,1769612606197,10:03:26.197,42.3229969,-71.1085177,11.65
1248,327155712,1769612606810,10:03:26.810,42.3229969,-71.1085177,11.65
1249,327417856,1769612607271,10:03:27.271,42.3229969,-71.1085177,11.65
1250,327680000,1769612607622,10:03:27.622,42.3229969,-71.1085177,11.65
1251,327942144,1769612608068,10:03:28.068,42.3229969,-71.1085177,11.65
1252,328204288,1769612608589,10:03:28.589,42.3229969,-71.1085177,11.65
1253,328466432,1769612609197,10:03:29.197,42.3229969,-71.1085177,11.65
1254,328728576,1769612609695,10:03:29.695,42.3229969,-71.1085177,11.65
1255,328990720,1769612610447,10:03:30.447,42.3229969,-71.1085177,11.65
1256,329252864,1769612610977,10:03:30.977,42.3229969,-71.1085177,11.65
1257,329515008,1769612611850,10:03:31.850,42.3229969,-71.1085177,11.65
1258,329777152,1769612612682,10:03:32.682,42.3229969,-71.1085177,11.65
1259,330039296,1769612613169,10:03:33.169,42.3229969,-71.1085177,11.65
1260,330301440,1769612613523,10:03:33.523,42.3229969,-71.1085177,11.65
1261,330563584,1769612613924,10:03:33.924,42.3229969,-71.1085177,11.65
1262,330825728,1769612614244,10:03:34.244,42.3229969,-71.1085177,11.65
1263,331087872,1769612614614,10:03:34.614,42.3229969,-71.1085177,11.65
1264,331350016,1769612614947,10:03:34.947,42.3229969,-71.1085177,11.65
1265,331612160,1769612615333,10:03:35.333,42.3229969,-71.1085177,11.65
1266,331874304,1769612615647,10:03:35.647,42.3229969,-71.1085177,11.65
1267,332136448,1769612616011,10:03:36.011,42.3229969,-71.1085177,11.65
1268,332398592,1769612616348,10:03:36.348,42.3229969,-71.1085177,11.65
1269,332660736,1769612616751,10:03:36.751,42.3229969,-71.1085177,11.65
1270,332922880,1769612617108,10:03:37.108,42.3229969,-71.1085177,11.65
1271,333185024,1769612617491,10:03:37.491,42.3229969,-71.1085177,11.65
1272,333447168,1769612617812,10:03:37.812,42.3229969,-71.1085177,11.65
1273,333709312,1769612618216,10:03:38.216,42.3229969,-71.1085177,11.65
1274,333971456,1769612618510,10:03:38.510,42.3229969,-71.1085177,11.65
1275,334233600,1769612619184,10:03:39.184,42.3229969,-71.1085177,11.65
1276,334495744,1769612619791,10:03:39.791,42.3229969,-71.1085177,11.65
1277,334757888,1769612620379,10:03:40.379,42.3229969,-71.1085177,11.65
1278,335020032,1769612620978,10:03:40.978,42.3229969,-71.1085177,11.65
1279,335282176,1769612621581,10:03:41.581,42.3229969,-71.1085177,11.65
1280,335544320,1769612622157,10:03:42.157,42.3229969,-71.1085177,11.65
1281,335806464,1769612622562,10:03:42.562,42.3229969,-71.1085177,11.65
1282,336068608,1769612623247,10:03:43.247,42.3229969,-71.1085177,11.65
1283,336330752,1769612624228,10:03:44.228,42.3229969,-71.1085177,11.65
1284,336592896,1769612625151,10:03:45.151,42.3229969,-71.1085177,11.65
1285,336855040,1769612626056,10:03:46.056,42.3229969,-71.1085177,11.65
1286,337117184,1769612627189,10:03:47.189,42.3229969,-71.1085177,11.65
1287,337379328,1769612627914,10:03:47.914,42.3229969,-71.1085177,11.65
1288,337641472,1769612628408,10:03:48.408,42.3229969,-71.1085177,11.65
1289,337903616,1769612628683,10:03:48.683,42.3229969,-71.1085177,11.65
1290,338165760,1769612629425,10:03:49.425,42.3229969,-71.1085177,11.65
1291,338427904,1769612630188,10:03:50.188,42.3229969,-71.1085177,11.65
1292,338690048,1769612630777,10:03:50.777,42.3229969,-71.1085177,11.65
1293,338952192,1769612631374,10:03:51.374,42.3229969,-71.1085177,11.65
1294,339214336,1769612631866,10:03:51.866,42.3229969,-71.1085177,11.65
1295,339476480,1769612632401,10:03:52.401,42.3229969,-71.1085177,11.65
1296,339738624,1769612632961,10:03:52.961,42.3229969,-71.1085177,11.65
1297,340000768,1769612633564,10:03:53.564,42.3229969,-71.1085177,11.65
1298,340262912,1769612634179,10:03:54.179,42.3229969,-71.1085177,11.65
1299,340525056,1769612634791,10:03:54.791,42.3229969,-71.1085177,11.65
1300,340787200,1769612635406,10:03:55.406,42.3229969,-71.1085177,11.65
1301,341049344,1769612636011,10:03:56.011,42.3229969,-71.1085177,11.65
1302,341311488,1769612636612,10:03:56.612,42.3229969,-71.1085177,11.65
1303,341573632,1769612637213,10:03:57.213,42.3229969,-71.1085177,11.65
1304,341835776,1769612637724,10:03:57.724,42.3229969,-71.1085177,11.65
1305,342097920,1769612638073,10:03:58.073,42.3229969,-71.1085177,11.65
1306,342360064,1769612638450,10:03:58.450,42.3229969,-71.1085177,11.65
1307,342622208,1769612638842,10:03:58.842,42.3229969,-71.1085177,11.65
1308,342884352,1769612639194,10:03:59.194,42.3229969,-71.1085177,11.65
1309,343146496,1769612639566,10:03:59.566,42.3229969,-71.1085177,11.65
1310,343408640,1769612639893,10:03:59.893,42.3229969,-71.1085177,11.65
1311,343670784,1769612640242,10:04:00.242,42.3229969,-71.1085177,11.65
1312,343932928,1769612640594,10:04:00.594,42.3229969,-71.1085177,11.65
1313,344195072,1769612640946,10:04:00.946,42.3229969,-71.1085177,11.65
1314,344457216,1769612641293,10:04:01.293,42.3229969,-71.1085177,11.65
1315,344719360,1769612641649,10:04:01.649,42.3229969,-71.1085177,11.65
1316,344981504,1769612641995,10:04:01.995,42.3229969,-71.1085177,11.65
1317,345243648,1769612642396,10:04:02.396,42.3229969,-71.1085177,11.65
1318,345505792,1769612642980,10:04:02.980,42.3229969,-71.1085177,11.65
1319,345767936,1769612643635,10:04:03.635,42.3229969,-71.1085177,11.65
1320,346030080,1769612644205,10:04:04.205,42.3229969,-71.1085177,11.65
1321,346292224,1769612644687,10:04:04.687,42.3229969,-71.1085177,11.65
1322,346554368,1769612645485,10:04:05.485,42.3229969,-71.1085177,11.65
1323,346816512,1769612646022,10:04:06.022,42.3229969,-71.1085177,11.65
1324,347078656,1769612646707,10:04:06.707,42.3229969,-71.1085177,11.65
1325,347340800,1769612647387,10:04:07.387,42.3229969,-71.1085177,11.65
1326,347602944,1769612647916,10:04:07.916,42.3229969,-71.1085177,11.65
1327,347865088,1769612648471,10:04:08.471,42.3229969,-71.1085177,11.65
1328,348127232,1769612649057,10:04:09.057,42.3229969,-71.1085177,11.65
1329,348389376,1769612649601,10:04:09.601,42.3229969,-71.1085177,11.65
1330,348651520,1769612650160,10:04:10.160,42.3229969,-71.1085177,11.65
1331,348913664,1769612650710,10:04:10.710,42.3229969,-71.1085177,11.65
1332,349175808,1769612651241,10:04:11.241,42.3229969,-71.1085177,11.65
1333,349437952,1769612651808,10:04:11.808,42.3229969,-71.1085177,11.65
1334,349700096,1769612652341,10:04:12.341,42.3229969,-71.1085177,11.65
1335,349962240,1769612652828,10:04:12.828,42.3229969,-71.1085177,11.65
1336,350224384,1769612653192,10:04:13.192,42.3229969,-71.1085177,11.65
1337,350486528,1769612653544,10:04:13.544,42.3229969,-71.1085177,11.65
1338,350748672,1769612654066,10:04:14.066,42.3229969,-71.1085177,11.65
1339,351010816,1769612654306,10:04:14.306,42.3229969,-71.1085177,11.65
1340,351272960,1769612654679,10:04:14.679,42.3229969,-71.1085177,11.65
1341,351535104,1769612655095,10:04:15.095,42.3229969,-71.1085177,11.65
1342,351797248,1769612655388,10:04:15.388,42.3229969,-71.1085177,11.65
1343,352059392,1769612655744,10:04:15.744,42.3229969,-71.1085177,11.65
1344,352321536,1769612656206,10:04:16.206,42.3229969,-71.1085177,11.65
1345,352583680,1769612656662,10:04:16.662,42.3229969,-71.1085177,11.65
1346,352845824,1769612657013,10:04:17.013,42.3229969,-71.1085177,11.65
1347,353107968,1769612657373,10:04:17.373,42.3229969,-71.1085177,11.65
1348,353370112,1769612657839,10:04:17.839,42.3229969,-71.1085177,11.65
1349,353632256,1769612658545,10:04:18.545,42.3229969,-71.1085177,11.65
1350,353894400,1769612659167,10:04:19.167,42.3229969,-71.1085177,11.65
1351,354156544,1769612659546,10:04:19.546,42.3229969,-71.1085177,11.65
1352,354418688,1769612659898,10:04:19.898,42.3229969,-71.1085177,11.65
1353,354680832,1769612660498,10:04:20.498,42.3229969,-71.1085177,11.65
1354,354942976,1769612661092,10:04:21.092,42.3229969,-71.1085177,11.65
1355,355205120,1769612661669,10:04:21.669,42.3229969,-71.1085177,11.65
1356,355467264,1769612662406,10:04:22.406,42.3229969,-71.1085177,11.65
1357,355729408,1769612662875,10:04:22.875,42.3229969,-71.1085177,11.65
1358,355991552,1769612663202,10:04:23.202,42.3229969,-71.1085177,11.65
1359,356253696,1769612663693,10:04:23.693,42.3229969,-71.1085177,11.65
1360,356515840,1769612664167,10:04:24.167,42.3229969,-71.1085177,11.65
1361,356777984,1769612664714,10:04:24.714,42.3229969,-71.1085177,11.65
1362,357040128,1769612665208,10:04:25.208,42.3229969,-71.1085177,11.65
1363,357302272,1769612665720,10:04:25.720,42.3229969,-71.1085177,11.65
1364,357564416,1769612666160,10:04:26.160,42.3229969,-71.1085177,11.65
1365,357826560,1769612666649,10:04:26.649,42.3229969,-71.1085177,11.65
1366,358088704,1769612667122,10:04:27.122,42.3229969,-71.1085177,11.65
1367,358350848,1769612667614,10:04:27.614,42.3229969,-71.1085177,11.65
1368,358612992,1769612668044,10:04:28.044,42.3229969,-71.1085177,11.65
1369,358875136,1769612668393,10:04:28.393,42.3229969,-71.1085177,11.65
1370,359137280,1769612668767,10:04:28.767,42.3229969,-71.1085177,11.65
1371,359399424,1769612669116,10:04:29.116,42.3229969,-71.1085177,11.65
1372,359661568,1769612669566,10:04:29.566,42.3229969,-71.1085177,11.65
1373,359923712,1769612669814,10:04:29.814,42.3229969,-71.1085177,11.65
1374,360185856,1769612670304,10:04:30.304,42.3229969,-71.1085177,11.65
1375,360448000,1769612670722,10:04:30.722,42.3229969,-71.1085177,11.65
1376,360710144,1769612671153,10:04:31.153,42.3229969,-71.1085177,11.65
1377,360972288,1769612671533,10:04:31.533,42.3229969,-71.1085177,11.65
1378,361234432,1769612671964,10:04:31.964,42.3229969,-71.1085177,11.65
1379,361496576,1769612672641,10:04:32.641,42.3229969,-71.1085177,11.65
1380,361758720,1769612673979,10:04:33.979,42.3229969,-71.1085177,11.65
1381,362020864,1769612675457,10:04:35.457,42.3229969,-71.1085177,11.65
1382,362283008,1769612676587,10:04:36.587,42.3229969,-71.1085177,11.65
1383,362545152,1769612677653,10:04:37.653,42.3229969,-71.1085177,11.65
1384,362807296,1769612678156,10:04:38.156,42.3229969,-71.1085177,11.65
1385,363069440,1769612678544,10:04:38.544,42.3229969,-71.1085177,11.65
1386,363331584,1769612678965,10:04:38.965,42.3229969,-71.1085177,11.65
1387,363593728,1769612679583,10:04:39.583,42.3229969,-71.1085177,11.65
1388,363855872,1769612679947,10:04:39.947,42.3229969,-71.1085177,11.65
1389,364118016,1769612680411,10:04:40.411,42.3229969,-71.1085177,11.65
1390,364380160,1769612680792,10:04:40.792,42.3229969,-71.1085177,11.65
1391,364642304,1769612681202,10:04:41.202,42.3229969,-71.1085177,11.65
1392,364904448,1769612681707,10:04:41.707,42.3229969,-71.1085177,11.65
1393,365166592,1769612682059,10:04:42.059,42.3229969,-71.1085177,11.65
1394,365428736,1769612682482,10:04:42.482,42.3229969,-71.1085177,11.65
1395,365690880,1769612682844,10:04:42.844,42.3229969,-71.1085177,11.65
1396,365953024,1769612683259,10:04:43.259,42.3229969,-71.1085177,11.65
1397,366215168,1769612683616,10:04:43.616,42.3229969,-71.1085177,11.65
1398,366477312,1769612683960,10:04:43.960,42.3229969,-71.1085177,11.65
1399,366739456,1769612684311,10:04:44.311,42.3229969,-71.1085177,11.65
1400,367001600,1769612684683,10:04:44.683,42.3229969,-71.1085177,11.65
1401,367263744,1769612685144,10:04:45.144,42.3229969,-71.1085177,11.65
1402,367525888,1769612685510,10:04:45.510,42.3229969,-71.1085177,11.65
1403,367788032,1769612685863,10:04:45.863,42.3229969,-71.1085177,11.65
1404,368050176,1769612686295,10:04:46.295,42.3229969,-71.1085177,11.65
1405,368312320,1769612686644,10:04:46.644,42.3229969,-71.1085177,11.65
1406,368574464,1769612687029,10:04:47.029,42.3229969,-71.1085177,11.65
1407,368836608,1769612687652,10:04:47.652,42.3229969,-71.1085177,11.65
1408,369098752,1769612687896,10:04:47.896,42.3229969,-71.1085177,11.65
1409,369360896,1769612688144,10:04:48.144,42.3229969,-71.1085177,11.65
1410,369623040,1769612689086,10:04:49.086,42.3229969,-71.1085177,11.65
1411,369885184,1769612689554,10:04:49.554,42.3229969,-71.1085177,11.65
1412,370147328,1769612690031,10:04:50.031,42.3229969,-71.1085177,11.65
1413,370409472,1769612690663,10:04:50.663,42.3229969,-71.1085177,11.65
1414,370671616,1769612691131,10:04:51.131,42.3229969,-71.1085177,11.65
1415,370933760,1769612691543,10:04:51.543,42.3229969,-71.1085177,11.65
1416,371195904,1769612692209,10:04:52.209,42.3229969,-71.1085177,11.65
1417,371458048,1769612692978,10:04:52.978,42.3229969,-71.1085177,11.65
1418,371720192,1769612693734,10:04:53.734,42.3229969,-71.1085177,11.65
1419,371982336,1769612694681,10:04:54.681,42.3229969,-71.1085177,11.65
1420,372244480,1769612695653,10:04:55.653,42.3229969,-71.1085177,11.65
1421,372506624,1769612696836,10:04:56.836,42.3229969,-71.1085177,11.65
1422,372768768,1769612697752,10:04:57.752,42.3229969,-71.1085177,11.65
1423,373030912,1769612698231,10:04:58.231,42.3229969,-71.1085177,11.65
1424,373293056,1769612698783,10:04:58.783,42.3229969,-71.1085177,11.65
1425,373555200,1769612699256,10:04:59.256,42.3229969,-71.1085177,11.65
1426,373817344,1769612700006,10:05:00.006,42.3229969,-71.1085177,11.65
1427,374079488,1769612700729,10:05:00.729,42.3229969,-71.1085177,11.65
1428,374341632,1769612701556,10:05:01.556,42.3229969,-71.1085177,11.65
1429,374603776,1769612702199,10:05:02.199,42.3229969,-71.1085177,11.65
1430,374865920,1769612702833,10:05:02.833,42.3229969,-71.1085177,11.65
1431,375128064,1769612703453,10:05:03.453,42.3229969,-71.1085177,11.65
1432,375390208,1769612704071,10:05:04.071,42.3229969,-71.1085177,11.65
1433,375652352,1769612704691,10:05:04.691,42.3229969,-71.1085177,11.65
1434,375914496,1769612705312,10:05:05.312,42.3229969,-71.1085177,11.65
1435,376176640,1769612705933,10:05:05.933,42.3229969,-71.1085177,11.65
1436,376438784,1769612706553,10:05:06.553,42.3229969,-71.1085177,11.65
1437,376700928,1769612707173,10:05:07.173,42.3229969,-71.1085177,11.65
1438,376963072,1769612707771,10:05:07.771,42.3229969,-71.1085177,11.65
1439,377225216,1769612708248,10:05:08.248,42.3229969,-71.1085177,11.65
1440,377487360,1769612708745,10:05:08.745,42.3229969,-71.1085177,11.65
1441,377749504,1769612709240,10:05:09.240,42.3229969,-71.1085177,11.65
1442,378011648,1769612709718,10:05:09.718,42.3229969,-71.1085177,11.65
1443,378273792,1769612710230,10:05:10.230,42.3229969,-71.1085177,11.65
1444,378535936,1769612710699,10:05:10.699,42.3229969,-71.1085177,11.65
1445,378798080,1769612711168,10:05:11.168,42.3229969,-71.1085177,11.65
1446,379060224,1769612711647,10:05:11.647,42.3229969,-71.1085177,11.65
1447,379322368,1769612712158,10:05:12.158,42.3229969,-71.1085177,11.65
1448,379584512,1769612712661,10:05:12.661,42.3229969,-71.1085177,11.65
1449,379846656,1769612713029,10:05:13.029,42.3229969,-71.1085177,11.65
1450,380108800,1769612713357,10:05:13.357,42.3229969,-71.1085177,11.65
1451,380370944,1769612713709,10:05:13.709,42.3229969,-71.1085177,11.65
1452,380633088,1769612714060,10:05:14.060,42.3229969,-71.1085177,11.65
1453,380895232,1769612714443,10:05:14.443,42.3229969,-71.1085177,11.65
1454,381157376,1769612714795,10:05:14.795,42.3229969,-71.1085177,11.65
1455,381419520,1769612715146,10:05:15.146,42.3229969,-71.1085177,11.65
1456,381681664,1769612715495,10:05:15.495,42.3229969,-71.1085177,11.65
1457,381943808,1769612715846,10:05:15.846,42.3229969,-71.1085177,11.65
1458,382205952,1769612716199,10:05:16.199,42.3229969,-71.1085177,11.65
1459,382468096,1769612716549,10:05:16.549,42.3229969,-71.1085177,11.65
1460,382730240,1769612716972,10:05:16.972,42.3229969,-71.1085177,11.65
1461,382992384,1769612717390,10:05:17.390,42.3229969,-71.1085177,11.65
1462,383254528,1769612717680,10:05:17.680,42.3229969,-71.1085177,11.65
1463,383516672,1769612718156,10:05:18.156,42.3229969,-71.1085177,11.65
1464,383778816,1769612718407,10:05:18.407,42.3229969,-71.1085177,11.65
1465,384040960,1769612718725,10:05:18.725,42.3229969,-71.1085177,11.65
1466,384303104,1769612719181,10:05:19.181,42.3229969,-71.1085177,11.65
1467,384565248,1769612719709,10:05:19.709,42.3229969,-71.1085177,11.65
1468,384827392,1769612720111,10:05:20.111,42.3229969,-71.1085177,11.65
1469,385089536,1769612720487,10:05:20.487,42.3229969,-71.1085177,11.65
1470,385351680,1769612721094,10:05:21.094,42.3229969,-71.1085177,11.65
1471,385613824,1769612721668,10:05:21.668,42.3229969,-71.1085177,11.65
1472,385875968,1769612722098,10:05:22.098,42.3229969,-71.1085177,11.65
1473,386138112,1769612722542,10:05:22.542,42.3229969,-71.1085177,11.65
1474,386400256,1769612722935,10:05:22.935,42.3229969,-71.1085177,11.65
1475,386662400,1769612723215,10:05:23.215,42.3229969,-71.1085177,11.65
1476,386924544,1769612723567,10:05:23.567,42.3229969,-71.1085177,11.65
1477,387186688,1769612723980,10:05:23.980,42.3229969,-71.1085177,11.65
1478,387448832,1769612724281,10:05:24.281,42.3229969,-71.1085177,11.65
1479,387710976,1769612724631,10:05:24.631,42.3229969,-71.1085177,11.65
1480,387973120,1769612724983,10:05:24.983,42.3229969,-71.1085177,11.65
1481,388235264,1769612725332,10:05:25.332,42.3229969,-71.1085177,11.65
1482,388497408,1769612725684,10:05:25.684,42.3229969,-71.1085177,11.65
1483,388759552,1769612726031,10:05:26.031,42.3229969,-71.1085177,11.65
1484,389021696,1769612726540,10:05:26.540,42.3229969,-71.1085177,11.65
1485,389283840,1769612726933,10:05:26.933,42.3229969,-71.1085177,11.65
1486,389545984,1769612727468,10:05:27.468,42.3229969,-71.1085177,11.65
1487,389808128,1769612727892,10:05:27.892,42.3229969,-71.1085177,11.65
1488,390070272,1769612728401,10:05:28.401,42.3229969,-71.1085177,11.65
1489,390332416,1769612728822,10:05:28.822,42.3229969,-71.1085177,11.65
1490,390594560,1769612729625,10:05:29.625,42.3229969,-71.1085177,11.65
1491,390856704,1769612730486,10:05:30.486,42.3229969,-71.1085177,11.65
1492,391118848,1769612730892,10:05:30.892,42.3229969,-71.1085177,11.65
1493,391380992,1769612731556,10:05:31.556,42.3229969,-71.1085177,11.65
1494,391643136,1769612732069,10:05:32.069,42.3229969,-71.1085177,11.65
1495,391905280,1769612732661,10:05:32.661,42.3229969,-71.1085177,11.65
1496,392167424,1769612733086,10:05:33.086,42.3229969,-71.1085177,11.65
1497,392429568,1769612733436,10:05:33.436,42.3229969,-71.1085177,11.65
1498,392691712,1769612733819,10:05:33.819,42.3229969,-71.1085177,11.65
1499,392953856,1769612734317,10:05:34.317,42.3229969,-71.1085177,11.65
1500,393216000,1769612734753,10:05:34.753,42.3229969,-71.1085177,11.65
1501,393478144,1769612735185,10:05:35.185,42.3229969,-71.1085177,11.65
1502,393740288,1769612735544,10:05:35.544,42.3229969,-71.1085177,11.65
1503,394002432,1769612736036,10:05:36.036,42.3229969,-71.1085177,11.65
1504,394264576,1769612736564,10:05:36.564,42.3229969,-71.1085177,11.65
1505,394526720,1769612737211,10:05:37.211,42.3229969,-71.1085177,11.65
1506,394788864,1769612737729,10:05:37.729,42.3229969,-71.1085177,11.65
1507,395051008,1769612738448,10:05:38.448,42.3229969,-71.1085177,11.65
1508,395313152,1769612738976,10:05:38.976,42.3229969,-71.1085177,11.65
1509,395575296,1769612739437,10:05:39.437,42.3229969,-71.1085177,11.65
1510,395837440,1769612739921,10:05:39.921,42.3229969,-71.1085177,11.65
1511,396099584,1769612740676,10:05:40.676,42.3229969,-71.1085177,11.65
1512,396361728,1769612741345,10:05:41.345,42.3229969,-71.1085177,11.65
1513,396623872,1769612741780,10:05:41.780,42.3229969,-71.1085177,11.65
1514,396886016,1769612742518,10:05:42.518,42.3229969,-71.1085177,11.65
1515,397148160,1769612743075,10:05:43.075,42.3229969,-71.1085177,11.65
1516,397410304,1769612743664,10:05:43.664,42.3229969,-71.1085177,11.65
1517,397672448,1769612744264,10:05:44.264,42.3229969,-71.1085177,11.65
1518,397934592,1769612744858,10:05:44.858,42.3229969,-71.1085177,11.65
1519,398196736,1769612745469,10:05:45.469,42.3229969,-71.1085177,11.65
1520,398458880,1769612746073,10:05:46.073,42.3229969,-71.1085177,11.65
1521,398721024,1769612746674,10:05:46.674,42.3229969,-71.1085177,11.65
1522,398983168,1769612747267,10:05:47.267,42.3229969,-71.1085177,11.65
1523,399245312,1769612747801,10:05:47.801,42.3229969,-71.1085177,11.65
1524,399507456,1769612748249,10:05:48.249,42.3229969,-71.1085177,11.65
1525,399769600,1769612748832,10:05:48.832,42.3229969,-71.1085177,11.65
1526,400031744,1769612749095,10:05:49.095,42.3229969,-71.1085177,11.65
1527,400293888,1769612749363,10:05:49.363,42.3229969,-71.1085177,11.65
1528,400556032,1769612749715,10:05:49.715,42.3229969,-71.1085177,11.65
1529,400818176,1769612750064,10:05:50.064,42.3229969,-71.1085177,11.65
1530,401080320,1769612750414,10:05:50.414,42.3229969,-71.1085177,11.65
1531,401342464,1769612750765,10:05:50.765,42.3229969,-71.1085177,11.65
1532,401604608,1769612751115,10:05:51.115,42.3229969,-71.1085177,11.65
1533,401866752,1769612751464,10:05:51.464,42.3229969,-71.1085177,11.65
1534,402128896,1769612752050,10:05:52.050,42.3229969,-71.1085177,11.65
1535,402391040,1769612752510,10:05:52.510,42.3229969,-71.1085177,11.65
1536,402653184,1769612753190,10:05:53.190,42.3229969,-71.1085177,11.65
1537,402915328,1769612754087,10:05:54.087,42.3229969,-71.1085177,11.65
1538,403177472,1769612755152,10:05:55.152,42.3229969,-71.1085177,11.65
1539,403439616,1769612756823,10:05:56.823,42.3229969,-71.1085177,11.65
1540,403701760,1769612757741,10:05:57.741,42.3229969,-71.1085177,11.65
1541,403963904,1769612758173,10:05:58.173,42.3229969,-71.1085177,11.65
1542,404226048,1769612758400,10:05:58.400,42.3229969,-71.1085177,11.65
1543,404488192,1769612758876,10:05:58.876,42.3229969,-71.1085177,11.65
1544,404750336,1769612759338,10:05:59.338,42.3229969,-71.1085177,11.65
1545,405012480,1769612759747,10:05:59.747,42.3229969,-71.1085177,11.65
1546,405274624,1769612760145,10:06:00.145,42.3229969,-71.1085177,11.65
1547,405536768,1769612760606,10:06:00.606,42.3229969,-71.1085177,11.65
1548,405798912,1769612760981,10:06:00.981,42.3229969,-71.1085177,11.65
1549,406061056,1769612761412,10:06:01.412,42.3229969,-71.1085177,11.65
1550,406323200,1769612761815,10:06:01.815,42.3229969,-71.1085177,11.65
1551,406585344,1769612762150,10:06:02.150,42.3229969,-71.1085177,11.65
1552,406847488,1769612762501,10:06:02.501,42.3229969,-71.1085177,11.65
1553,407109632,1769612762855,10:06:02.855,42.3229969,-71.1085177,11.65
1554,407371776,1769612764640,10:06:04.640,42.3229969,-71.1085177,11.65
1555,407633920,1769612766467,10:06:06.467,42.3229969,-71.1085177,11.65
1556,407896064,1769612767582,10:06:07.582,42.3229969,-71.1085177,11.65
1557,408158208,1769612769383,10:06:09.383,42.3229969,-71.1085177,11.65
1558,408420352,1769612772400,10:06:12.400,42.3229969,-71.1085177,11.65
1559,408682496,1769612773703,10:06:13.703,42.3229969,-71.1085177,11.65
1560,408944640,1769612774429,10:06:14.429,42.3229969,-71.1085177,11.65
1561,409206784,1769612775081,10:06:15.081,42.3229969,-71.1085177,11.65
1562,409468928,1769612776158,10:06:16.158,42.3229969,-71.1085177,11.65
1563,409731072,1769612776802,10:06:16.802,42.3229969,-71.1085177,11.65
1564,409993216,1769612777403,10:06:17.403,42.3229969,-71.1085177,11.65
1565,410255360,1769612778025,10:06:18.025,42.3229969,-71.1085177,11.65
1566,410517504,1769612778645,10:06:18.645,42.3229969,-71.1085177,11.65
1567,410779648,1769612779265,10:06:19.265,42.3229969,-71.1085177,11.65
1568,411041792,1769612779886,10:06:19.886,42.3229969,-71.1085177,11.65
1569,411303936,1769612780506,10:06:20.506,42.3229969,-71.1085177,11.65
1570,411566080,1769612781128,10:06:21.128,42.3229969,-71.1085177,11.65
1571,411828224,1769612781747,10:06:21.747,42.3229969,-71.1085177,11.65
1572,412090368,1769612782366,10:06:22.366,42.3229969,-71.1085177,11.65
1573,412352512,1769612782995,10:06:22.995,42.3229969,-71.1085177,11.65
1574,412614656,1769612783607,10:06:23.607,42.3229969,-71.1085177,11.65
1575,412876800,1769612784222,10:06:24.222,42.3229969,-71.1085177,11.65
1576,413138944,1769612784841,10:06:24.841,42.3229969,-71.1085177,11.65
1577,413401088,1769612785459,10:06:25.459,42.3229969,-71.1085177,11.65
1578,413663232,1769612786069,10:06:26.069,42.3229969,-71.1085177,11.65
1579,413925376,1769612786682,10:06:26.682,42.3229969,-71.1085177,11.65
1580,414187520,1769612787298,10:06:27.298,42.3229969,-71.1085177,11.65
1581,414449664,1769612787790,10:06:27.790,42.3229969,-71.1085177,11.65
1582,414711808,1769612788138,10:06:28.138,42.3229969,-71.1085177,11.65
1583,414973952,1769612788489,10:06:28.489,42.3229969,-71.1085177,11.65
1584,415236096,1769612788839,10:06:28.839,42.3229969,-71.1085177,11.65
1585,415498240,1769612789236,10:06:29.236,42.3229969,-71.1085177,11.65
1586,415760384,1769612789540,10:06:29.540,42.3229969,-71.1085177,11.65
1587,416022528,1769612789891,10:06:29.891,42.3229969,-71.1085177,11.65
1588,416284672,1769612790242,10:06:30.242,42.3229969,-71.1085177,11.65
1589,416546816,1769612790592,10:06:30.592,42.3229969,-71.1085177,11.65
1590,416808960,1769612790942,10:06:30.942,42.3229969,-71.1085177,11.65
1591,417071104,1769612791294,10:06:31.294,42.3229969,-71.1085177,11.65
1592,417333248,1769612791680,10:06:31.680,42.3229969,-71.1085177,11.65
1593,417595392,1769612792030,10:06:32.030,42.3229969,-71.1085177,11.65
1594,417857536,1769612792379,10:06:32.379,42.3229969,-71.1085177,11.65
1595,418119680,1769612792740,10:06:32.740,42.3229969,-71.1085177,11.65
1596,418381824,1769612793111,10:06:33.111,42.3229969,-71.1085177,11.65
1597,418643968,1769612793639,10:06:33.639,42.3229969,-71.1085177,11.65
1598,418906112,1769612794534,10:06:34.534,42.3229969,-71.1085177,11.65
1599,419168256,1769612795076,10:06:35.076,42.3229969,-71.1085177,11.65
1600,419430400,1769612795588,10:06:35.588,42.3229969,-71.1085177,11.65
1601,419692544,1769612795961,10:06:35.961,42.3229969,-71.1085177,11.65
1602,419954688,1769612796313,10:06:36.313,42.3229969,-71.1085177,11.65
1603,420216832,1769612796665,10:06:36.665,42.3229969,-71.1085177,11.65
1604,420478976,1769612797154,10:06:37.154,42.3229969,-71.1085177,11.65
1605,420741120,1769612797653,10:06:37.653,42.3229969,-71.1085177,11.65
1606,421003264,1769612798072,10:06:38.072,42.3229969,-71.1085177,11.65
1607,421265408,1769612798523,10:06:38.523,42.3229969,-71.1085177,11.65
1608,421527552,1769612798944,10:06:38.944,42.3229969,-71.1085177,11.65
1609,421789696,1769612799481,10:06:39.481,42.3229969,-71.1085177,11.65
1610,422051840,1769612800056,10:06:40.056,42.3229969,-71.1085177,11.65
1611,422313984,1769612800596,10:06:40.596,42.3229969,-71.1085177,11.65
1612,422576128,1769612801194,10:06:41.194,42.3229969,-71.1085177,11.65
1613,422838272,1769612801833,10:06:41.833,42.3229969,-71.1085177,11.65
1614,423100416,1769612802502,10:06:42.502,42.3229969,-71.1085177,11.65
1615,423362560,1769612802972,10:06:42.972,42.3229969,-71.1085177,11.65
1616,423624704,1769612803533,10:06:43.533,42.3229969,-71.1085177,11.65
1617,423886848,1769612804025,10:06:44.025,42.3229969,-71.1085177,11.65
1618,424148992,1769612804504,10:06:44.504,42.3229969,-71.1085177,11.65
1619,424411136,1769612805008,10:06:45.008,42.3229969,-71.1085177,11.65
1620,424673280,1769612805467,10:06:45.467,42.3229969,-71.1085177,11.65
1621,424935424,1769612805914,10:06:45.914,42.3229969,-71.1085177,11.65
1622,425197568,1769612806370,10:06:46.370,42.3229969,-71.1085177,11.65
1623,425459712,1769612806874,10:06:46.874,42.3229969,-71.1085177,11.65
1624,425721856,1769612807370,10:06:47.370,42.3229969,-71.1085177,11.65
1625,425984000,1769612807758,10:06:47.758,42.3229969,-71.1085177,11.65
1626,426246144,1769612809255,10:06:49.255,42.3229969,-71.1085177,11.65
1627,426508288,1769612811022,10:06:51.022,42.3229969,-71.1085177,11.65
1628,426770432,1769612812642,10:06:52.642,42.3229969,-71.1085177,11.65
1629,427032576,1769612814789,10:06:54.789,42.3229969,-71.1085177,11.65
1630,427294720,1769612817025,10:06:57.025,42.3229969,-71.1085177,11.65
1631,427556864,1769612817880,10:06:57.880,42.3229969,-71.1085177,11.65
1632,427819008,1769612818488,10:06:58.488,42.3229969,-71.1085177,11.65
1633,428081152,1769612819181,10:06:59.181,42.3229969,-71.1085177,11.65
1634,428343296,1769612819943,10:06:59.943,42.3229969,-71.1085177,11.65
1635,428605440,1769612820257,10:07:00.257,42.3229969,-71.1085177,11.65
1636,428867584,1769612820765,10:07:00.765,42.3229969,-71.1085177,11.65
1637,429129728,1769612821264,10:07:01.264,42.3229969,-71.1085177,11.65
1638,429391872,1769612821700,10:07:01.700,42.3229969,-71.1085177,11.65
1639,429654016,1769612822149,10:07:02.149,42.3229969,-71.1085177,11.65
1640,429916160,1769612822653,10:07:02.653,42.3229969,-71.1085177,11.65
1641,430178304,1769612823273,10:07:03.273,42.3229969,-71.1085177,11.65
1642,430440448,1769612823893,10:07:03.893,42.3229969,-71.1085177,11.65
1643,430702592,1769612824515,10:07:04.515,42.3229969,-71.1085177,11.65
1644,430964736,1769612825133,10:07:05.133,42.3229969,-71.1085177,11.65
1645,431226880,1769612825754,10:07:05.754,42.3229969,-71.1085177,11.65
1646,431489024,1769612826374,10:07:06.374,42.3229969,-71.1085177,11.65
1647,431751168,1769612826994,10:07:06.994,42.3229969,-71.1085177,11.65
1648,432013312,1769612827629,10:07:07.629,42.3229969,-71.1085177,11.65
1649,432275456,1769612828241,10:07:08.241,42.3229969,-71.1085177,11.65
1650,432537600,1769612828860,10:07:08.860,42.3229969,-71.1085177,11.65
1651,432799744,1769612829481,10:07:09.481,42.3229969,-71.1085177,11.65
1652,433061888,1769612830096,10:07:10.096,42.3229969,-71.1085177,11.65
1653,433324032,1769612830715,10:07:10.715,42.3229969,-71.1085177,11.65
1654,433586176,1769612831331,10:07:11.331,42.3229969,-71.1085177,11.65
1655,433848320,1769612831949,10:07:11.949,42.3229969,-71.1085177,11.65
1656,434110464,1769612832569,10:07:12.569,42.3229969,-71.1085177,11.65
1657,434372608,1769612833001,10:07:13.001,42.3229969,-71.1085177,11.65
1658,434634752,1769612833446,10:07:13.446,42.3229969,-71.1085177,11.65
1659,434896896,1769612834235,10:07:14.235,42.3229969,-71.1085177,11.65
1660,435159040,1769612835234,10:07:15.234,42.3229969,-71.1085177,11.65
1661,435421184,1769612835891,10:07:15.891,42.3229969,-71.1085177,11.65
1662,435683328,1769612836527,10:07:16.527,42.3229969,-71.1085177,11.65
1663,435945472,1769612837340,10:07:17.340,42.3229969,-71.1085177,11.65
1664,436207616,1769612838486,10:07:18.486,42.3229969,-71.1085177,11.65
1665,436469760,1769612839439,10:07:19.439,42.3229969,-71.1085177,11.65
1666,436731904,1769612840543,10:07:20.543,42.3229969,-71.1085177,11.65
1667,436994048,1769612841557,10:07:21.557,42.3229969,-71.1085177,11.65
1668,437256192,1769612842671,10:07:22.671,42.3229969,-71.1085177,11.65
1669,437518336,1769612843181,10:07:23.181,42.3229969,-71.1085177,11.65
1670,437780480,1769612843738,10:07:23.738,42.3229969,-71.1085177,11.65
1671,438042624,1769612844321,10:07:24.321,42.3229969,-71.1085177,11.65
1672,438304768,1769612844912,10:07:24.912,42.3229969,-71.1085177,11.65
1673,438566912,1769612845482,10:07:25.482,42.3229969,-71.1085177,11.65
1674,438829056,1769612846062,10:07:26.062,42.3229969,-71.1085177,11.65
1675,439091200,1769612846617,10:07:26.617,42.3229969,-71.1085177,11.65
1676,439353344,1769612847185,10:07:27.185,42.3229969,-71.1085177,11.65
1677,439615488,1769612847703,10:07:27.703,42.3229969,-71.1085177,11.65
1678,439877632,1769612848051,10:07:28.051,42.3229969,-71.1085177,11.65
1679,440139776,1769612849012,10:07:29.012,42.3229969,-71.1085177,11.65
1680,440401920,1769612850243,10:07:30.243,42.3229969,-71.1085177,11.65
1681,440664064,1769612851125,10:07:31.125,42.3229969,-71.1085177,11.65
1682,440926208,1769612852607,10:07:32.607,42.3229969,-71.1085177,11.65
1683,441188352,1769612854192,10:07:34.192,42.3229969,-71.1085177,11.65
1684,441450496,1769612856453,10:07:36.453,42.3229969,-71.1085177,11.65
1685,441712640,1769612857803,10:07:37.803,42.3229969,-71.1085177,11.65
1686,441974784,1769612858264,10:07:38.264,42.3229969,-71.1085177,11.65
1687,442236928,1769612858523,10:07:38.523,42.3229969,-71.1085177,11.65
1688,442499072,1769612858875,10:07:38.875,42.3229969,-71.1085177,11.65
1689,442761216,1769612859225,10:07:39.225,42.3229969,-71.1085177,11.65
1690,443023360,1769612859576,10:07:39.576,42.3229969,-71.1085177,11.65
1691,443285504,1769612859928,10:07:39.928,42.3229969,-71.1085177,11.65
1692,443547648,1769612860276,10:07:40.276,42.3229969,-71.1085177,11.65
1693,443809792,1769612860628,10:07:40.628,42.3229969,-71.1085177,11.65
1694,444071936,1769612860978,10:07:40.978,42.3229969,-71.1085177,11.65
1695,444334080,1769612861354,10:07:41.354,42.3229969,-71.1085177,11.65
1696,444596224,1769612861724,10:07:41.724,42.3229969,-71.1085177,11.65
1697,444858368,1769612862110,10:07:42.110,42.3229969,-71.1085177,11.65
1698,445120512,1769612862472,10:07:42.472,42.3229969,-71.1085177,11.65
1699,445382656,1769612862825,10:07:42.825,42.3229969,-71.1085177,11.65
1700,445644800,1769612863832,10:07:43.832,42.3229969,-71.1085177,11.65
1701,445906944,1769612865905,10:07:45.905,42.3229969,-71.1085177,11.65
1702,446169088,1769612866863,10:07:46.863,42.3229969,-71.1085177,11.65
1703,446431232,1769612868483,10:07:48.483,42.3229969,-71.1085177,11.65
1704,446693376,1769612871064,10:07:51.064,42.3229969,-71.1085177,11.65
1705,446955520,1769612872616,10:07:52.616,42.3229969,-71.1085177,11.65
1706,447217664,1769612873246,10:07:53.246,42.3229969,-71.1085177,11.65
1707,447479808,1769612873672,10:07:53.672,42.3229969,-71.1085177,11.65
1708,447741952,1769612874433,10:07:54.433,42.3229969,-71.1085177,11.65
1709,448004096,1769612875389,10:07:55.389,42.3229969,-71.1085177,11.65
1710,448266240,1769612876427,10:07:56.427,42.3229969,-71.1085177,11.65
1711,448528384,1769612876877,10:07:56.877,42.3229969,-71.1085177,11.65
1712,448790528,1769612877371,10:07:57.371,42.3229969,-71.1085177,11.65
1713,449052672,1769612877920,10:07:57.920,42.3229969,-71.1085177,11.65
1714,449314816,1769612878541,10:07:58.541,42.3229969,-71.1085177,11.65
1715,449576960,1769612879160,10:07:59.160,42.3229969,-71.1085177,11.65
1716,449839104,1769612879780,10:07:59.780,42.3229969,-71.1085177,11.65
1717,450101248,1769612880401,10:08:00.401,42.3229969,-71.1085177,11.65
1718,450363392,1769612881020,10:08:01.020,42.3229969,-71.1085177,11.65
1719,450625536,1769612881642,10:08:01.642,42.3229969,-71.1085177,11.65
1720,450887680,1769612882261,10:08:02.261,42.3229969,-71.1085177,11.65
1721,451149824,1769612882893,10:08:02.893,42.3229969,-71.1085177,11.65
1722,451411968,1769612883499,10:08:03.499,42.3229969,-71.1085177,11.65
1723,451674112,1769612884103,10:08:04.103,42.3229969,-71.1085177,11.65
1724,451936256,1769612884700,10:08:04.700,42.3229969,-71.1085177,11.65
1725,452198400,1769612885310,10:08:05.310,42.3229969,-71.1085177,11.65
1726,452460544,1769612885921,10:08:05.921,42.3229969,-71.1085177,11.65
1727,452722688,1769612886528,10:08:06.528,42.3229969,-71.1085177,11.65
1728,452984832,1769612887138,10:08:07.138,42.3229969,-71.1085177,11.65
1729,453246976,1769612887968,10:08:07.968,42.3229969,-71.1085177,11.65
1730,453509120,1769612888197,10:08:08.197,42.3229969,-71.1085177,11.65
1731,453771264,1769612888942,10:08:08.942,42.3229969,-71.1085177,11.65
1732,454033408,1769612889763,10:08:09.763,42.3229969,-71.1085177,11.65
1733,454295552,1769612890520,10:08:10.520,42.3229969,-71.1085177,11.65
1734,454557696,1769612890958,10:08:10.958,42.3229969,-71.1085177,11.65
1735,454819840,1769612891912,10:08:11.912,42.3229969,-71.1085177,11.65
1736,455081984,1769612892506,10:08:12.506,42.3229969,-71.1085177,11.65
1737,455344128,1769612894013,10:08:14.013,42.3229969,-71.1085177,11.65
1738,455606272,1769612895651,10:08:15.651,42.3229969,-71.1085177,11.65
1739,455868416,1769612896799,10:08:16.799,42.3229969,-71.1085177,11.65
1740,456130560,1769612897791,10:08:17.791,42.3229969,-71.1085177,11.65
1741,456392704,1769612898269,10:08:18.269,42.3229969,-71.1085177,11.65
1742,456654848,1769612898792,10:08:18.792,42.3229969,-71.1085177,11.65
1743,456916992,1769612899353,10:08:19.353,42.3229969,-71.1085177,11.65
1744,457179136,1769612899875,10:08:19.875,42.3229969,-71.1085177,11.65
1745,457441280,1769612900385,10:08:20.385,42.3229969,-71.1085177,11.65
1746,457703424,1769612900913,10:08:20.913,42.3229969,-71.1085177,11.65
1747,457965568,1769612901455,10:08:21.455,42.3229969,-71.1085177,11.65
1748,458227712,1769612901975,10:08:21.975,42.3229969,-71.1085177,11.65
1749,458489856,1769612902510,10:08:22.510,42.3229969,-71.1085177,11.65
1750,458752000,1769612902899,10:08:22.899,42.3229969,-71.1085177,11.65
1751,459014144,1769612903406,10:08:23.406,42.3229969,-71.1085177,11.65
1752,459276288,1769612904369,10:08:24.369,42.3229969,-71.1085177,11.65
1753,459538432,1769612904994,10:08:24.994,42.3229969,-71.1085177,11.65
1754,459800576,1769612905745,10:08:25.745,42.3229969,-71.1085177,11.65
1755,460062720,1769612906478,10:08:26.478,42.3229969,-71.1085177,11.65
1756,460324864,1769612907044,10:08:27.044,42.3229969,-71.1085177,11.65
1757,460587008,1769612907572,10:08:27.572,42.3229969,-71.1085177,11.65
1758,460849152,1769612908352,10:08:28.352,42.3229969,-71.1085177,11.65
1759,461111296,1769612909045,10:08:29.045,42.3229969,-71.1085177,11.65
1760,461373440,1769612910231,10:08:30.231,42.3229969,-71.1085177,11.65
1761,461635584,1769612912210,10:08:32.210,42.3229969,-71.1085177,11.65
1762,461897728,1769612912997,10:08:32.997,42.3229969,-71.1085177,11.65
1763,462159872,1769612913364,10:08:33.364,42.3229969,-71.1085177,11.65
1764,462422016,1769612913698,10:08:33.698,42.3229969,-71.1085177,11.65
1765,462684160,1769612914058,10:08:34.058,42.3229969,-71.1085177,11.65
1766,462946304,1769612914399,10:08:34.399,42.3229969,-71.1085177,11.65
1767,463208448,1769612914750,10:08:34.750,42.3229969,-71.1085177,11.65
1768,463470592,1769612915102,10:08:35.102,42.3229969,-71.1085177,11.65
1769,463732736,1769612915453,10:08:35.453,42.3229969,-71.1085177,11.65
1770,463994880,1769612915801,10:08:35.801,42.3229969,-71.1085177,11.65
1771,464257024,1769612916153,10:08:36.153,42.3229969,-71.1085177,11.65
1772,464519168,1769612916536,10:08:36.536,42.3229969,-71.1085177,11.65
1773,464781312,1769612916928,10:08:36.928,42.3229969,-71.1085177,11.65
1774,465043456,1769612917283,10:08:37.283,42.3229969,-71.1085177,11.65
1775,465305600,1769612917716,10:08:37.716,42.3229969,-71.1085177,11.65
1776,465567744,1769612918101,10:08:38.101,42.3229969,-71.1085177,11.65
1777,465829888,1769612918521,10:08:38.521,42.3229969,-71.1085177,11.65
1778,466092032,1769612919257,10:08:39.257,42.3229969,-71.1085177,11.65
1779,466354176,1769612919975,10:08:39.975,42.3229969,-71.1085177,11.65
1780,466616320,1769612921324,10:08:41.324,42.3229969,-71.1085177,11.65
1781,466878464,1769612921862,10:08:41.862,42.3229969,-71.1085177,11.65
1782,467140608,1769612922438,10:08:42.438,42.3229969,-71.1085177,11.65
1783,467402752,1769612924303,10:08:44.303,42.3229969,-71.1085177,11.65
1784,467664896,1769612925286,10:08:45.286,42.3229969,-71.1085177,11.65
1785,467927040,1769612926272,10:08:46.272,42.3229969,-71.1085177,11.65
1786,468189184,1769612927055,10:08:47.055,42.3229969,-71.1085177,11.65
1787,468451328,1769612927539,10:08:47.539,42.3229969,-71.1085177,11.65
1788,468713472,1769612927985,10:08:47.985,42.3229969,-71.1085177,11.65
1789,468975616,1769612928441,10:08:48.441,42.3229969,-71.1085177,11.65
1790,469237760,1769612928681,10:08:48.681,42.3229969,-71.1085177,11.65
1791,469499904,1769612929033,10:08:49.033,42.3229969,-71.1085177,11.65
1792,469762048,1769612929422,10:08:49.422,42.3229969,-71.1085177,11.65
1793,470024192,1769612929735,10:08:49.735,42.3229969,-71.1085177,11.65
1794,470286336,1769612930083,10:08:50.083,42.3229969,-71.1085177,11.65
1795,470548480,1769612930474,10:08:50.474,42.3229969,-71.1085177,11.65
1796,470810624,1769612930855,10:08:50.855,42.3229969,-71.1085177,11.65
1797,471072768,1769612931175,10:08:51.175,42.3229969,-71.1085177,11.65
1798,471334912,1769612931535,10:08:51.535,42.3229969,-71.1085177,11.65
1799,471597056,1769612931876,10:08:51.876,42.3229969,-71.1085177,11.65
1800,471859200,1769612932340,10:08:52.340,42.3229969,-71.1085177,11.65
1801,472121344,1769612932709,10:08:52.709,42.3229969,-71.1085177,11.65
1802,472383488,1769612933027,10:08:53.027,42.3229969,-71.1085177,11.65
1803,472645632,1769612933455,10:08:53.455,42.3229969,-71.1085177,11.65
1804,472907776,1769612933909,10:08:53.909,42.3229969,-71.1085177,11.65
1805,473169920,1769612934428,10:08:54.428,42.3229969,-71.1085177,11.65
1806,473432064,1769612934862,10:08:54.862,42.3229969,-71.1085177,11.65
1807,473694208,1769612935180,10:08:55.180,42.3229969,-71.1085177,11.65
1808,473956352,1769612935655,10:08:55.655,42.3229969,-71.1085177,11.65
1809,474218496,1769612936124,10:08:56.124,42.3229969,-71.1085177,11.65
1810,474480640,1769612936511,10:08:56.511,42.3229969,-71.1085177,11.65
1811,474742784,1769612936894,10:08:56.894,42.3229969,-71.1085177,11.65
1812,475004928,1769612937252,10:08:57.252,42.3229969,-71.1085177,11.65
1813,475267072,1769612937616,10:08:57.616,42.3229969,-71.1085177,11.65
1814,475529216,1769612938048,10:08:58.048,42.3229969,-71.1085177,11.65
1815,475791360,1769612938275,10:08:58.275,42.3229969,-71.1085177,11.65
1816,476053504,1769612938592,10:08:58.592,42.3229969,-71.1085177,11.65
1817,476315648,1769612938942,10:08:58.942,42.3229969,-71.1085177,11.65
1818,476577792,1769612939335,10:08:59.335,42.3229969,-71.1085177,11.65
1819,476839936,1769612939797,10:08:59.797,42.3229969,-71.1085177,11.65
1820,477102080,1769612940234,10:09:00.234,42.3229969,-71.1085177,11.65
1821,477364224,1769612940550,10:09:00.550,42.3229969,-71.1085177,11.65
1822,477626368,1769612940932,10:09:00.932,42.3229969,-71.1085177,11.65
1823,477888512,1769612941287,10:09:01.287,42.3229969,-71.1085177,11.65
1824,478150656,1769612941637,10:09:01.637,42.3229969,-71.1085177,11.65
1825,478412800,1769612941990,10:09:01.990,42.3229969,-71.1085177,11.65
1826,478674944,1769612942340,10:09:02.340,42.3229969,-71.1085177,11.65
1827,478937088,1769612942704,10:09:02.704,42.3229969,-71.1085177,11.65
1828,479199232,1769612943022,10:09:03.022,42.3229969,-71.1085177,11.65
1829,479461376,1769612943417,10:09:03.417,42.3229969,-71.1085177,11.65
1830,479723520,1769612944577,10:09:04.577,42.3229969,-71.1085177,11.65
1831,479985664,1769612945301,10:09:05.301,42.3229969,-71.1085177,11.65
1832,480247808,1769612945760,10:09:05.760,42.3229969,-71.1085177,11.65
1833,480509952,1769612946280,10:09:06.280,42.3229969,-71.1085177,11.65
1834,480772096,1769612947093,10:09:07.093,42.3229969,-71.1085177,11.65
1835,481034240,1769612947689,10:09:07.689,42.3229969,-71.1085177,11.65
1836,481296384,1769612948208,10:09:08.208,42.3229969,-71.1085177,11.65
1837,481558528,1769612948800,10:09:08.800,42.3229969,-71.1085177,11.65
1838,481820672,1769612949376,10:09:09.376,42.3229969,-71.1085177,11.65
1839,482082816,1769612949950,10:09:09.950,42.3229969,-71.1085177,11.65
1840,482344960,1769612950526,10:09:10.526,42.3229969,-71.1085177,11.65
1841,482607104,1769612951120,10:09:11.120,42.3229969,-71.1085177,11.65
1842,482869248,1769612951700,10:09:11.700,42.3229969,-71.1085177,11.65
1843,483131392,1769612952266,10:09:12.266,42.3229969,-71.1085177,11.65
1844,483393536,1769612952788,10:09:12.788,42.3229969,-71.1085177,11.65
1845,483655680,1769612953177,10:09:13.177,42.3229969,-71.1085177,11.65
1846,483917824,1769612953529,10:09:13.529,42.3229969,-71.1085177,11.65
1847,484179968,1769612954402,10:09:14.402,42.3229969,-71.1085177,11.65
1848,484442112,1769612954658,10:09:14.658,42.3229969,-71.1085177,11.65
1849,484704256,1769612954904,10:09:14.904,42.3229969,-71.1085177,11.65
1850,484966400,1769612955146,10:09:15.146,42.3229969,-71.1085177,11.65
1851,485228544,1769612955379,10:09:15.379,42.3229969,-71.1085177,11.65
1852,485490688,1769612955649,10:09:15.649,42.3229969,-71.1085177,11.65
1853,485752832,1769612956014,10:09:16.014,42.3229969,-71.1085177,11.65
1854,486014976,1769612956412,10:09:16.412,42.3229969,-71.1085177,11.65
1855,486277120,1769612956830,10:09:16.830,42.3229969,-71.1085177,11.65
1856,486539264,1769612957237,10:09:17.237,42.3229969,-71.1085177,11.65
1857,486801408,1769612957613,10:09:17.613,42.3229969,-71.1085177,11.65
1858,487063552,1769612958032,10:09:18.032,42.3229969,-71.1085177,11.65
1859,487325696,1769612958658,10:09:18.658,42.3229969,-71.1085177,11.65
1860,487587840,1769612959153,10:09:19.153,42.3229969,-71.1085177,11.65
1861,487849984,1769612959502,10:09:19.502,42.3229969,-71.1085177,11.65
1862,488112128,1769612959880,10:09:19.880,42.3229969,-71.1085177,11.65
1863,488374272,1769612960333,10:09:20.333,42.3229969,-71.1085177,11.65
1864,488636416,1769612960684,10:09:20.684,42.3229969,-71.1085177,11.65
1865,488898560,1769612961035,10:09:21.035,42.3229969,-71.1085177,11.65
1866,489160704,1769612961402,10:09:21.402,42.3229969,-71.1085177,11.65
1867,489422848,1769612961736,10:09:21.736,42.3229969,-71.1085177,11.65
1868,489684992,1769612962112,10:09:22.112,42.3229969,-71.1085177,11.65
1869,489947136,1769612962447,10:09:22.447,42.3229969,-71.1085177,11.65
1870,490209280,1769612962836,10:09:22.836,42.3229969,-71.1085177,11.65
1871,490471424,1769612963151,10:09:23.151,42.3229969,-71.1085177,11.65
1872,490733568,1769612963501,10:09:23.501,42.3229969,-71.1085177,11.65
1873,490995712,1769612963851,10:09:23.851,42.3229969,-71.1085177,11.65
1874,491257856,1769612964202,10:09:24.202,42.3229969,-71.1085177,11.65
1875,491520000,1769612964584,10:09:24.584,42.3229969,-71.1085177,11.65
1876,491782144,1769612965040,10:09:25.040,42.3229969,-71.1085177,11.65
1877,492044288,1769612965447,10:09:25.447,42.3229969,-71.1085177,11.65
1878,492306432,1769612965837,10:09:25.837,42.3229969,-71.1085177,11.65
1879,492568576,1769612966187,10:09:26.187,42.3229969,-71.1085177,11.65
1880,492830720,1769612966647,10:09:26.647,42.3229969,-71.1085177,11.65
1881,493092864,1769612967108,10:09:27.108,42.3229969,-71.1085177,11.65
1882,493355008,1769612967524,10:09:27.524,42.3229969,-71.1085177,11.65
1883,493617152,1769612968017,10:09:28.017,42.3229969,-71.1085177,11.65
1884,493879296,1769612968471,10:09:28.471,42.3229969,-71.1085177,11.65
1885,494141440,1769612968779,10:09:28.779,42.3229969,-71.1085177,11.65
1886,494403584,1769612969405,10:09:29.405,42.3229969,-71.1085177,11.65
1887,494665728,1769612969953,10:09:29.953,42.3229969,-71.1085177,11.65
1888,494927872,1769612970494,10:09:30.494,42.3229969,-71.1085177,11.65
1889,495190016,1769612970909,10:09:30.909,42.3229969,-71.1085177,11.65
1890,495452160,1769612971378,10:09:31.378,42.3229969,-71.1085177,11.65
1891,495714304,1769612972042,10:09:32.042,42.3229969,-71.1085177,11.65
1892,495976448,1769612972552,10:09:32.552,42.3229969,-71.1085177,11.65
1893,496238592,1769612972931,10:09:32.931,42.3229969,-71.1085177,11.65
1894,496500736,1769612973414,10:09:33.414,42.3229969,-71.1085177,11.65
1895,496762880,1769612973879,10:09:33.879,42.3229969,-71.1085177,11.65
1896,497025024,1769612974402,10:09:34.402,42.3229969,-71.1085177,11.65
1897,497287168,1769612974862,10:09:34.862,42.3229969,-71.1085177,11.65
1898,497549312,1769612975288,10:09:35.288,42.3229969,-71.1085177,11.65
1899,497811456,1769612975787,10:09:35.787,42.3229969,-71.1085177,11.65
1900,498073600,1769612976417,10:09:36.417,42.3229969,-71.1085177,11.65
1901,498335744,1769612976908,10:09:36.908,42.3229969,-71.1085177,11.65
1902,498597888,1769612977260,10:09:37.260,42.3229969,-71.1085177,11.65
1903,498860032,1769612977618,10:09:37.618,42.3229969,-71.1085177,11.65
1904,499122176,1769612978059,10:09:38.059,42.3229969,-71.1085177,11.65
1905,499384320,1769612978433,10:09:38.433,42.3229969,-71.1085177,11.65
1906,499646464,1769612978796,10:09:38.796,42.3229969,-71.1085177,11.65
1907,499908608,1769612979154,10:09:39.154,42.3229969,-71.1085177,11.65
1908,500170752,1769612979557,10:09:39.557,42.3229969,-71.1085177,11.65
1909,500432896,1769612980091,10:09:40.091,42.3229969,-71.1085177,11.65
1910,500695040,1769612980572,10:09:40.572,42.3229969,-71.1085177,11.65
1911,500957184,1769612981105,10:09:41.105,42.3229969,-71.1085177,11.65
1912,501219328,1769612981500,10:09:41.500,42.3229969,-71.1085177,11.65
1913,501481472,1769612981874,10:09:41.874,42.3229969,-71.1085177,11.65
1914,501743616,1769612982467,10:09:42.467,42.3229969,-71.1085177,11.65
1915,502005760,1769612983200,10:09:43.200,42.3229969,-71.1085177,11.65
1916,502267904,1769612983644,10:09:43.644,42.3229969,-71.1085177,11.65
1917,502530048,1769612984572,10:09:44.572,42.3229969,-71.1085177,11.65
1918,502792192,1769612984828,10:09:44.828,42.3229969,-71.1085177,11.65
1919,503054336,1769612985187,10:09:45.187,42.3229969,-71.1085177,11.65
1920,503316480,1769612985694,10:09:45.694,42.3229969,-71.1085177,11.65
1921,503578624,1769612986088,10:09:46.088,42.3229969,-71.1085177,11.65
1922,503840768,1769612986661,10:09:46.661,42.3229969,-71.1085177,11.65
1923,504102912,1769612987187,10:09:47.187,42.3229969,-71.1085177,11.65
1924,504365056,1769612987851,10:09:47.851,42.3229969,-71.1085177,11.65
1925,504627200,1769612988321,10:09:48.321,42.3229969,-71.1085177,11.65
1926,504889344,1769612988648,10:09:48.648,42.3229969,-71.1085177,11.65
1927,505151488,1769612989058,10:09:49.058,42.3229969,-71.1085177,11.65
1928,505413632,1769612989590,10:09:49.590,42.3229969,-71.1085177,11.65
1929,505675776,1769612990142,10:09:50.142,42.3229969,-71.1085177,11.65
1930,505937920,1769612990491,10:09:50.491,42.3229969,-71.1085177,11.65
1931,506200064,1769612991062,10:09:51.062,42.3229969,-71.1085177,11.65
1932,506462208,1769612991741,10:09:51.741,42.3229969,-71.1085177,11.65
1933,506724352,1769612992210,10:09:52.210,42.3229969,-71.1085177,11.65
1934,506986496,1769612992705,10:09:52.705,42.3229969,-71.1085177,11.65
1935,507248640,1769612993431,10:09:53.431,42.3229969,-71.1085177,11.65
1936,507510784,1769612993951,10:09:53.951,42.3229969,-71.1085177,11.65
1937,507772928,1769612994531,10:09:54.531,42.3229969,-71.1085177,11.65
1938,508035072,1769612994923,10:09:54.923,42.3229969,-71.1085177,11.65
1939,508297216,1769612995281,10:09:55.281,42.3229969,-71.1085177,11.65
1940,508559360,1769612995719,10:09:55.719,42.3229969,-71.1085177,11.65
1941,508821504,1769612996188,10:09:56.188,42.3229969,-71.1085177,11.65
1942,509083648,1769612996622,10:09:56.622,42.3229969,-71.1085177,11.65
1943,509345792,1769612997045,10:09:57.045,42.3229969,-71.1085177,11.65
1944,509607936,1769612997638,10:09:57.638,42.3229969,-71.1085177,11.65
1945,509870080,1769612998119,10:09:58.119,42.3229969,-71.1085177,11.65
1946,510132224,1769612998587,10:09:58.587,42.3229969,-71.1085177,11.65
1947,510394368,1769612999178,10:09:59.178,42.3229969,-71.1085177,11.65
1948,510656512,1769612999793,10:09:59.793,42.3229969,-71.1085177,11.65
1949,510918656,1769613000331,10:10:00.331,42.3229969,-71.1085177,11.65
1950,511180800,1769613000736,10:10:00.736,42.3229969,-71.1085177,11.65
1951,511442944,1769613001119,10:10:01.119,42.3229969,-71.1085177,11.65
1952,511705088,1769613001485,10:10:01.485,42.3229969,-71.1085177,11.65
1953,511967232,1769613001963,10:10:01.963,42.3229969,-71.1085177,11.65
1954,512229376,1769613002438,10:10:02.438,42.3229969,-71.1085177,11.65
1955,512491520,1769613002795,10:10:02.795,42.3229969,-71.1085177,11.65
1956,512753664,1769613003271,10:10:03.271,42.3229969,-71.1085177,11.65
1957,513015808,1769613003667,10:10:03.667,42.3229969,-71.1085177,11.65
1958,513277952,1769613004066,10:10:04.066,42.3229969,-71.1085177,11.65
1959,513540096,1769613004560,10:10:04.560,42.3229969,-71.1085177,11.65
1960,513802240,1769613004965,10:10:04.965,42.3229969,-71.1085177,11.65
1961,514064384,1769613005317,10:10:05.317,42.3229969,-71.1085177,11.65
1962,514326528,1769613005668,10:10:05.668,42.3229969,-71.1085177,11.65
1963,514588672,1769613006062,10:10:06.062,42.3229969,-71.1085177,11.65
1964,514850816,1769613006441,10:10:06.441,42.3229969,-71.1085177,11.65
1965,515112960,1769613006815,10:10:06.815,42.3229969,-71.1085177,11.65
1966,515375104,1769613007196,10:10:07.196,42.3229969,-71.1085177,11.65
1967,515637248,1769613007574,10:10:07.574,42.3229969,-71.1085177,11.65
1968,515899392,1769613007936,10:10:07.936,42.3229969,-71.1085177,11.65
1969,516161536,1769613008297,10:10:08.297,42.3229969,-71.1085177,11.65
1970,516423680,1769613008646,10:10:08.646,42.3229969,-71.1085177,11.65
1971,516685824,1769613009034,10:10:09.034,42.3229969,-71.1085177,11.65
1972,516947968,1769613009490,10:10:09.490,42.3229969,-71.1085177,11.65
1973,517210112,1769613009955,10:10:09.955,42.3229969,-71.1085177,11.65
1974,517472256,1769613010498,10:10:10.498,42.3229969,-71.1085177,11.65
1975,517734400,1769613011335,10:10:11.335,42.3229969,-71.1085177,11.65
1976,517996544,1769613012066,10:10:12.066,42.3229969,-71.1085177,11.65
1977,518258688,1769613012705,10:10:12.705,42.3229969,-71.1085177,11.65
1978,518520832,1769613013322,10:10:13.322,42.3229969,-71.1085177,11.65
1979,518782976,1769613013976,10:10:13.976,42.3229969,-71.1085177,11.65
1980,519045120,1769613015226,10:10:15.226,42.3229969,-71.1085177,11.65
1981,519307264,1769613015625,10:10:15.625,42.3229969,-71.1085177,11.65
1982,519569408,1769613016438,10:10:16.438,42.3229969,-71.1085177,11.65
1983,519831552,1769613017545,10:10:17.545,42.3229969,-71.1085177,11.65
1984,520093696,1769613018759,10:10:18.759,42.3229969,-71.1085177,11.65
1985,520355840,1769613019761,10:10:19.761,42.3229969,-71.1085177,11.65
1986,520617984,1769613020817,10:10:20.817,42.3229969,-71.1085177,11.65
1987,520880128,1769613021682,10:10:21.682,42.3229969,-71.1085177,11.65
1988,521142272,1769613022545,10:10:22.545,42.3229969,-71.1085177,11.65
1989,521404416,1769613023187,10:10:23.187,42.3229969,-71.1085177,11.65
1990,521666560,1769613023819,10:10:23.819,42.3229969,-71.1085177,11.65
1991,521928704,1769613024488,10:10:24.488,42.3229969,-71.1085177,11.65
1992,522190848,1769613025115,10:10:25.115,42.3229969,-71.1085177,11.65
1993,522452992,1769613025836,10:10:25.836,42.3229969,-71.1085177,11.65
1994,522715136,1769613026596,10:10:26.596,42.3229969,-71.1085177,11.65
1995,522977280,1769613027272,10:10:27.272,42.3229969,-71.1085177,11.65
1996,523239424,1769613027889,10:10:27.889,42.3229969,-71.1085177,11.65
1997,523501568,1769613028510,10:10:28.510,42.3229969,-71.1085177,11.65
1998,523763712,1769613029131,10:10:29.131,42.3229969,-71.1085177,11.65
1999,524025856,1769613029751,10:10:29.751,42.3229969,-71.1085177,11.65
2000,524288000,1769613030371,10:10:30.371,42.3229969,-71.1085177,11.65
2001,524550144,1769613030991,10:10:30.991,42.3229969,-71.1085177,11.65
2002,524812288,1769613031611,10:10:31.611,42.3229969,-71.1085177,11.65
2003,525074432,1769613032233,10:10:32.233,42.3229969,-71.1085177,11.65
2004,525336576,1769613032855,10:10:32.855,42.3229969,-71.1085177,11.65
2005,525598720,1769613033461,10:10:33.461,42.3229969,-71.1085177,11.65
2006,525860864,1769613034070,10:10:34.070,42.3229969,-71.1085177,11.65
2007,526123008,1769613034681,10:10:34.681,42.3229969,-71.1085177,11.65
2008,526385152,1769613035276,10:10:35.276,42.3229969,-71.1085177,11.65
2009,526647296,1769613035880,10:10:35.880,42.3229969,-71.1085177,11.65
2010,526909440,1769613036490,10:10:36.490,42.3229969,-71.1085177,11.65
2011,527171584,1769613037098,10:10:37.098,42.3229969,-71.1085177,11.65
2012,527433728,1769613037695,10:10:37.695,42.3229969,-71.1085177,11.65
2013,527695872,1769613038077,10:10:38.077,42.3229969,-71.1085177,11.65
2014,527958016,1769613038704,10:10:38.704,42.3229969,-71.1085177,11.65
2015,528220160,1769613039416,10:10:39.416,42.3229969,-71.1085177,11.65
2016,528482304,1769613040472,10:10:40.472,42.3229969,-71.1085177,11.65
2017,528744448,1769613041399,10:10:41.399,42.3229969,-71.1085177,11.65
2018,529006592,1769613042645,10:10:42.645,42.3229969,-71.1085177,11.65
2019,529268736,1769613044495,10:10:44.495,42.3229969,-71.1085177,11.65
2020,529530880,1769613046385,10:10:46.385,42.3229969,-71.1085177,11.65
2021,529793024,1769613047876,10:10:47.876,42.3229969,-71.1085177,11.65
2022,530055168,1769613048107,10:10:48.107,42.3229969,-71.1085177,11.65
2023,530317312,1769613048401,10:10:48.401,42.3229969,-71.1085177,11.65
2024,530579456,1769613048854,10:10:48.854,42.3229969,-71.1085177,11.65
2025,530841600,1769613049402,10:10:49.402,42.3229969,-71.1085177,11.65
2026,531103744,1769613049877,10:10:49.877,42.3229969,-71.1085177,11.65
2027,531365888,1769613050418,10:10:50.418,42.3229969,-71.1085177,11.65
2028,531628032,1769613050890,10:10:50.890,42.3229969,-71.1085177,11.65
2029,531890176,1769613051391,10:10:51.391,42.3229969,-71.1085177,11.65
2030,532152320,1769613051855,10:10:51.855,42.3229969,-71.1085177,11.65
2031,532414464,1769613052306,10:10:52.306,42.3229969,-71.1085177,11.65
2032,532676608,1769613052757,10:10:52.757,42.3229969,-71.1085177,11.65
2033,532938752,1769613053250,10:10:53.250,42.3229969,-71.1085177,11.65
2034,533200896,1769613054362,10:10:54.362,42.3229969,-71.1085177,11.65
2035,533463040,1769613055308,10:10:55.308,42.3229969,-71.1085177,11.65
2036,533725184,1769613056511,10:10:56.511,42.3229969,-71.1085177,11.65
2037,533987328,1769613057660,10:10:57.660,42.3229969,-71.1085177,11.65
2038,534249472,1769613059160,10:10:59.160,42.3229969,-71.1085177,11.65
2039,534511616,1769613059867,10:10:59.867,42.3229969,-71.1085177,11.65
2040,534773760,1769613061253,10:11:01.253,42.3229969,-71.1085177,11.65
2041,535035904,1769613062178,10:11:02.178,42.3229969,-71.1085177,11.65
2042,535298048,1769613062911,10:11:02.911,42.3229969,-71.1085177,11.65
2043,535560192,1769613063471,10:11:03.471,42.3229969,-71.1085177,11.65
2044,535822336,1769613063853,10:11:03.853,42.3229969,-71.1085177,11.65
2045,536084480,1769613064230,10:11:04.230,42.3229969,-71.1085177,11.65
2046,536346624,1769613064610,10:11:04.610,42.3229969,-71.1085177,11.65
2047,536608768,1769613064986,10:11:04.986,42.3229969,-71.1085177,11.65
2048,536870912,1769613065338,10:11:05.338,42.3229969,-71.1085177,11.65
2049,537133056,1769613065687,10:11:05.687,42.3229969,-71.1085177,11.65
2050,537395200,1769613066039,10:11:06.039,42.3229969,-71.1085177,11.65
2051,537657344,1769613066390,10:11:06.390,42.3229969,-71.1085177,11.65
2052,537919488,1769613066740,10:11:06.740,42.3229969,-71.1085177,11.65
2053,538181632,1769613067091,10:11:07.091,42.3229969,-71.1085177,11.65
2054,538443776,1769613067441,10:11:07.441,42.3229969,-71.1085177,11.65
2055,538705920,1769613067863,10:11:07.863,42.3229969,-71.1085177,11.65
2056,538968064,1769613068463,10:11:08.463,42.3229969,-71.1085177,11.65
2057,539230208,1769613068977,10:11:08.977,42.3229969,-71.1085177,11.65
2058,539492352,1769613069453,10:11:09.453,42.3229969,-71.1085177,11.65
2059,539754496,1769613069876,10:11:09.876,42.3229969,-71.1085177,11.65
2060,540016640,1769613070479,10:11:10.479,42.3229969,-71.1085177,11.65
2061,540278784,1769613071043,10:11:11.043,42.3229969,-71.1085177,11.65
2062,540540928,1769613071624,10:11:11.624,42.3229969,-71.1085177,11.65
2063,540803072,1769613072068,10:11:12.068,42.3229969,-71.1085177,11.65
2064,541065216,1769613072577,10:11:12.577,42.3229969,-71.1085177,11.65
2065,541327360,1769613073043,10:11:13.043,42.3229969,-71.1085177,11.65
2066,541589504,1769613073407,10:11:13.407,42.3229969,-71.1085177,11.65
2067,541851648,1769613074045,10:11:14.045,42.3229969,-71.1085177,11.65
2068,542113792,1769613074516,10:11:14.516,42.3229969,-71.1085177,11.65
2069,542375936,1769613074965,10:11:14.965,42.3229969,-71.1085177,11.65
2070,542638080,1769613075530,10:11:15.530,42.3229969,-71.1085177,11.65
2071,542900224,1769613076271,10:11:16.271,42.3229969,-71.1085177,11.65
2072,543162368,1769613076725,10:11:16.725,42.3229969,-71.1085177,11.65
2073,543424512,1769613078138,10:11:18.138,42.3229969,-71.1085177,11.65
2074,543686656,1769613078358,10:11:18.358,42.3229969,-71.1085177,11.65
2075,543948800,1769613078575,10:11:18.575,42.3229969,-71.1085177,11.65
2076,544210944,1769613078790,10:11:18.790,42.3229969,-71.1085177,11.65
2077,544473088,1769613079074,10:11:19.074,42.3229969,-71.1085177,11.65
2078,544735232,1769613079631,10:11:19.631,42.3229969,-71.1085177,11.65
2079,544997376,1769613080083,10:11:20.083,42.3229969,-71.1085177,11.65
2080,545259520,1769613080494,10:11:20.494,42.3229969,-71.1085177,11.65
2081,545521664,1769613080930,10:11:20.930,42.3229969,-71.1085177,11.65
2082,545783808,1769613081456,10:11:21.456,42.3229969,-71.1085177,11.65
2083,546045952,1769613081930,10:11:21.930,42.3229969,-71.1085177,11.65
2084,546308096,1769613082522,10:11:22.522,42.3229969,-71.1085177,11.65
2085,546570240,1769613082977,10:11:22.977,42.3229969,-71.1085177,11.65
2086,546832384,1769613083435,10:11:23.435,42.3229969,-71.1085177,11.65
2087,547094528,1769613083910,10:11:23.910,42.3229969,-71.1085177,11.65
2088,547356672,1769613084770,10:11:24.770,42.3229969,-71.1085177,11.65
2089,547618816,1769613085328,10:11:25.328,42.3229969,-71.1085177,11.65
2090,547880960,1769613085869,10:11:25.869,42.3229969,-71.1085177,11.65
2091,548143104,1769613086539,10:11:26.539,42.3229969,-71.1085177,11.65
2092,548405248,1769613087151,10:11:27.151,42.3229969,-71.1085177,11.65
2093,548667392,1769613087729,10:11:27.729,42.3229969,-71.1085177,11.65
2094,548929536,1769613088348,10:11:28.348,42.3229969,-71.1085177,11.65
2095,549191680,1769613088969,10:11:28.969,42.3229969,-71.1085177,11.65
2096,549453824,1769613089589,10:11:29.589,42.3229969,-71.1085177,11.65
2097,549715968,1769613090209,10:11:30.209,42.3229969,-71.1085177,11.65
2098,549978112,1769613090829,10:11:30.829,42.3229969,-71.1085177,11.65
2099,550240256,1769613091449,10:11:31.449,42.3229969,-71.1085177,11.65
2100,550502400,1769613092069,10:11:32.069,42.3229969,-71.1085177,11.65
2101,550764544,1769613092704,10:11:32.704,42.3229969,-71.1085177,11.65
2102,551026688,1769613093317,10:11:33.317,42.3229969,-71.1085177,11.65
2103,551288832,1769613093936,10:11:33.936,42.3229969,-71.1085177,11.65
2104,551550976,1769613094548,10:11:34.548,42.3229969,-71.1085177,11.65
2105,551813120,1769613095164,10:11:35.164,42.3229969,-71.1085177,11.65
2106,552075264,1769613095783,10:11:35.783,42.3229969,-71.1085177,11.65
2107,552337408,1769613096400,10:11:36.400,42.3229969,-71.1085177,11.65
2108,552599552,1769613097019,10:11:37.019,42.3229969,-71.1085177,11.65
2109,552861696,1769613097650,10:11:37.650,42.3229969,-71.1085177,11.65
2110,553123840,1769613098056,10:11:38.056,42.3229969,-71.1085177,11.65
2111,553385984,1769613098370,10:11:38.370,42.3229969,-71.1085177,11.65
2112,553648128,1769613098757,10:11:38.757,42.3229969,-71.1085177,11.65
2113,553910272,1769613099537,10:11:39.537,42.3229969,-71.1085177,11.65
2114,554172416,1769613100204,10:11:40.204,42.3229969,-71.1085177,11.65
2115,554434560,1769613100712,10:11:40.712,42.3229969,-71.1085177,11.65
2116,554696704,1769613101798,10:11:41.798,42.3229969,-71.1085177,11.65
2117,554958848,1769613102292,10:11:42.292,42.3229969,-71.1085177,11.65
2118,555220992,1769613102934,10:11:42.934,42.3229969,-71.1085177,11.65
2119,555483136,1769613104343,10:11:44.343,42.3229969,-71.1085177,11.65
2120,555745280,1769613105181,10:11:45.181,42.3229969,-71.1085177,11.65
2121,556007424,1769613106002,10:11:46.002,42.3229969,-71.1085177,11.65
2122,556269568,1769613107011,10:11:47.011,42.3229969,-71.1085177,11.65
2123,556531712,1769613108818,10:11:48.818,42.3229969,-71.1085177,11.65
2124,556793856,1769613109045,10:11:49.045,42.3229969,-71.1085177,11.65
2125,557056000,1769613109248,10:11:49.248,42.3229969,-71.1085177,11.65
2126,557318144,1769613109459,10:11:49.459,42.3229969,-71.1085177,11.65
2127,557580288,1769613110020,10:11:50.020,42.3229969,-71.1085177,11.65
2128,557842432,1769613110577,10:11:50.577,42.3229969,-71.1085177,11.65
2129,558104576,1769613111144,10:11:51.144,42.3229969,-71.1085177,11.65
2130,558366720,1769613111705,10:11:51.705,42.3229969,-71.1085177,11.65
2131,558628864,1769613112276,10:11:52.276,42.3229969,-71.1085177,11.65
2132,558891008,1769613112789,10:11:52.789,42.3229969,-71.1085177,11.65
2133,559153152,1769613113139,10:11:53.139,42.3229969,-71.1085177,11.65
2134,559415296,1769613113490,10:11:53.490,42.3229969,-71.1085177,11.65
2135,559677440,1769613113922,10:11:53.922,42.3229969,-71.1085177,11.65
2136,559939584,1769613114560,10:11:54.560,42.3229969,-71.1085177,11.65
2137,560201728,1769613115358,10:11:55.358,42.3229969,-71.1085177,11.65
2138,560463872,1769613115870,10:11:55.870,42.3229969,-71.1085177,11.65
2139,560726016,1769613116623,10:11:56.623,42.3229969,-71.1085177,11.65
2140,560988160,1769613117272,10:11:57.272,42.3229969,-71.1085177,11.65
2141,561250304,1769613118100,10:11:58.100,42.3229969,-71.1085177,11.65
2142,561512448,1769613119814,10:11:59.814,42.3229969,-71.1085177,11.65
2143,561774592,1769613121104,10:12:01.104,42.3229969,-71.1085177,11.65
2144,562036736,1769613122117,10:12:02.117,42.3229969,-71.1085177,11.65
2145,562298880,1769613122769,10:12:02.769,42.3229969,-71.1085177,11.65
2146,562561024,1769613123225,10:12:03.225,42.3229969,-71.1085177,11.65
2147,562823168,1769613123464,10:12:03.464,42.3229969,-71.1085177,11.65
2148,563085312,1769613123891,10:12:03.891,42.3229969,-71.1085177,11.65
2149,563347456,1769613124410,10:12:04.410,42.3229969,-71.1085177,11.65
2150,563609600,1769613124833,10:12:04.833,42.3229969,-71.1085177,11.65
2151,563871744,1769613125298,10:12:05.298,42.3229969,-71.1085177,11.65
2152,564133888,1769613125759,10:12:05.759,42.3229969,-71.1085177,11.65
2153,564396032,1769613126240,10:12:06.240,42.3229969,-71.1085177,11.65
2154,564658176,1769613126727,10:12:06.727,42.3229969,-71.1085177,11.65
2155,564920320,1769613127161,10:12:07.161,42.3229969,-71.1085177,11.65
2156,565182464,1769613127674,10:12:07.674,42.3229969,-71.1085177,11.65
2157,565444608,1769613128084,10:12:08.084,42.3229969,-71.1085177,11.65
2158,565706752,1769613128449,10:12:08.449,42.3229969,-71.1085177,11.65
2159,565968896,1769613128928,10:12:08.928,42.3229969,-71.1085177,11.65
2160,566231040,1769613129368,10:12:09.368,42.3229969,-71.1085177,11.65
2161,566493184,1769613130082,10:12:10.082,42.3229969,-71.1085177,11.65
2162,566755328,1769613130593,10:12:10.593,42.3229969,-71.1085177,11.65
2163,567017472,1769613131017,10:12:11.017,42.3229969,-71.1085177,11.65
2164,567279616,1769613131802,10:12:11.802,42.3229969,-71.1085177,11.65
2165,567541760,1769613132430,10:12:12.430,42.3229969,-71.1085177,11.65
2166,567803904,1769613132896,10:12:12.896,42.3229969,-71.1085177,11.65
2167,568066048,1769613133869,10:12:13.869,42.3229969,-71.1085177,11.65
2168,568328192,1769613134730,10:12:14.730,42.3229969,-71.1085177,11.65
2169,568590336,1769613135857,10:12:15.857,42.3229969,-71.1085177,11.65
2170,568852480,1769613136414,10:12:16.414,42.3229969,-71.1085177,11.65
2171,569114624,1769613137755,10:12:17.755,42.3229969,-71.1085177,11.65
2172,569376768,1769613139601,10:12:19.601,42.3229969,-71.1085177,11.65
2173,569638912,1769613139818,10:12:19.818,42.3229969,-71.1085177,11.65
2174,569901056,1769613140074,10:12:20.074,42.3229969,-71.1085177,11.65
2175,570163200,1769613140292,10:12:20.292,42.3229969,-71.1085177,11.65
2176,570425344,1769613140508,10:12:20.508,42.3229969,-71.1085177,11.65
2177,570687488,1769613140727,10:12:20.727,42.3229969,-71.1085177,11.65
2178,570949632,1769613140942,10:12:20.942,42.3229969,-71.1085177,11.65
2179,571211776,1769613141163,10:12:21.163,42.3229969,-71.1085177,11.65
2180,571473920,1769613141418,10:12:21.418,42.3229969,-71.1085177,11.65
2181,571736064,1769613141635,10:12:21.635,42.3229969,-71.1085177,11.65
2182,571998208,1769613142149,10:12:22.149,42.3229969,-71.1085177,11.65
2183,572260352,1769613142607,10:12:22.607,42.3229969,-71.1085177,11.65
2184,572522496,1769613142857,10:12:22.857,42.3229969,-71.1085177,11.65
2185,572784640,1769613143208,10:12:23.208,42.3229969,-71.1085177,11.65
2186,573046784,1769613143590,10:12:23.590,42.3229969,-71.1085177,11.65
2187,573308928,1769613143941,10:12:23.941,42.3229969,-71.1085177,11.65
2188,573571072,1769613144312,10:12:24.312,42.3229969,-71.1085177,11.65
2189,573833216,1769613144714,10:12:24.714,42.3229969,-71.1085177,11.65
2190,574095360,1769613145089,10:12:25.089,42.3229969,-71.1085177,11.65
2191,574357504,1769613145423,10:12:25.423,42.3229969,-71.1085177,11.65
2192,574619648,1769613145773,10:12:25.773,42.3229969,-71.1085177,11.65
2193,574881792,1769613146126,10:12:26.126,42.3229969,-71.1085177,11.65
2194,575143936,1769613146476,10:12:26.476,42.3229969,-71.1085177,11.65
2195,575406080,1769613146828,10:12:26.828,42.3229969,-71.1085177,11.65
2196,575668224,1769613147220,10:12:27.220,42.3229969,-71.1085177,11.65
2197,575930368,1769613147681,10:12:27.681,42.3229969,-71.1085177,11.65
2198,576192512,1769613148105,10:12:28.105,42.3229969,-71.1085177,11.65
2199,576454656,1769613148411,10:12:28.411,42.3229969,-71.1085177,11.65
2200,576716800,1769613148822,10:12:28.822,42.3229969,-71.1085177,11.65
2201,576978944,1769613149370,10:12:29.370,42.3229969,-71.1085177,11.65
2202,577241088,1769613149813,10:12:29.813,42.3229969,-71.1085177,11.65
2203,577503232,1769613150154,10:12:30.154,42.3229969,-71.1085177,11.65
2204,577765376,1769613150656,10:12:30.656,42.3229969,-71.1085177,11.65
2205,578027520,1769613151396,10:12:31.396,42.3229969,-71.1085177,11.65
2206,578289664,1769613151872,10:12:31.872,42.3229969,-71.1085177,11.65
2207,578551808,1769613152161,10:12:32.161,42.3229969,-71.1085177,11.65
2208,578813952,1769613152605,10:12:32.605,42.3229969,-71.1085177,11.65
2209,579076096,1769613153607,10:12:33.607,42.3229969,-71.1085177,11.65
2210,579338240,1769613154280,10:12:34.280,42.3229969,-71.1085177,11.65
2211,579600384,1769613154832,10:12:34.832,42.3229969,-71.1085177,11.65
2212,579862528,1769613155417,10:12:35.417,42.3229969,-71.1085177,11.65
2213,580124672,1769613156241,10:12:36.241,42.3229969,-71.1085177,11.65
2214,580386816,1769613157262,10:12:37.262,42.3229969,-71.1085177,11.65
2215,580648960,1769613157945,10:12:37.945,42.3229969,-71.1085177,11.65
2216,580911104,1769613158384,10:12:38.384,42.3229969,-71.1085177,11.65
2217,581173248,1769613158676,10:12:38.676,42.3229969,-71.1085177,11.65
2218,581435392,1769613159060,10:12:39.060,42.3229969,-71.1085177,11.65
2219,581697536,1769613159435,10:12:39.435,42.3229969,-71.1085177,11.65
2220,581959680,1769613159784,10:12:39.784,42.3229969,-71.1085177,11.65
2221,582221824,1769613160180,10:12:40.180,42.3229969,-71.1085177,11.65
2222,582483968,1769613160529,10:12:40.529,42.3229969,-71.1085177,11.65
2223,582746112,1769613160945,10:12:40.945,42.3229969,-71.1085177,11.65
2224,583008256,1769613161416,10:12:41.416,42.3229969,-71.1085177,11.65
2225,583270400,1769613161976,10:12:41.976,42.3229969,-71.1085177,11.65
2226,583532544,1769613162421,10:12:42.421,42.3229969,-71.1085177,11.65
2227,583794688,1769613162732,10:12:42.732,42.3229969,-71.1085177,11.65
2228,584056832,1769613163075,10:12:43.075,42.3229969,-71.1085177,11.65
2229,584318976,1769613163427,10:12:43.427,42.3229969,-71.1085177,11.65
2230,584581120,1769613163782,10:12:43.782,42.3229969,-71.1085177,11.65
2231,584843264,1769613164256,10:12:44.256,42.3229969,-71.1085177,11.65
2232,585105408,1769613164638,10:12:44.638,42.3229969,-71.1085177,11.65
2233,585367552,1769613165066,10:12:45.066,42.3229969,-71.1085177,11.65
2234,585629696,1769613165481,10:12:45.481,42.3229969,-71.1085177,11.65
2235,585891840,1769613165874,10:12:45.874,42.3229969,-71.1085177,11.65
2236,586153984,1769613166237,10:12:46.237,42.3229969,-71.1085177,11.65
2237,586416128,1769613166589,10:12:46.589,42.3229969,-71.1085177,11.65
2238,586678272,1769613166941,10:12:46.941,42.3229969,-71.1085177,11.65
2239,586940416,1769613167289,10:12:47.289,42.3229969,-71.1085177,11.65
2240,587202560,1769613167639,10:12:47.639,42.3229969,-71.1085177,11.65
2241,587464704,1769613167980,10:12:47.980,42.3229969,-71.1085177,11.65
2242,587726848,1769613168350,10:12:48.350,42.3229969,-71.1085177,11.65
2243,587988992,1769613168764,10:12:48.764,42.3229969,-71.1085177,11.65
2244,588251136,1769613170667,10:12:50.667,42.3229969,-71.1085177,11.65
2245,588513280,1769613170933,10:12:50.933,42.3229969,-71.1085177,11.65
2246,588775424,1769613171194,10:12:51.194,42.3229969,-71.1085177,11.65
2247,589037568,1769613171438,10:12:51.438,42.3229969,-71.1085177,11.65
2248,589299712,1769613171660,10:12:51.660,42.3229969,-71.1085177,11.65
2249,589561856,1769613171873,10:12:51.873,42.3229969,-71.1085177,11.65
2250,589824000,1769613172092,10:12:52.092,42.3229969,-71.1085177,11.65
2251,590086144,1769613172331,10:12:52.331,42.3229969,-71.1085177,11.65
2252,590348288,1769613172588,10:12:52.588,42.3229969,-71.1085177,11.65
2253,590610432,1769613172830,10:12:52.830,42.3229969,-71.1085177,11.65
2254,590872576,1769613173053,10:12:53.053,42.3229969,-71.1085177,11.65
2255,591134720,1769613173370,10:12:53.370,42.3229969,-71.1085177,11.65
2256,591396864,1769613173721,10:12:53.721,42.3229969,-71.1085177,11.65
2257,591659008,1769613174190,10:12:54.190,42.3229969,-71.1085177,11.65
2258,591921152,1769613174876,10:12:54.876,42.3229969,-71.1085177,11.65
2259,592183296,1769613175419,10:12:55.419,42.3229969,-71.1085177,11.65
2260,592445440,1769613176032,10:12:56.032,42.3229969,-71.1085177,11.65
2261,592707584,1769613176627,10:12:56.627,42.3229969,-71.1085177,11.65
2262,592969728,1769613177236,10:12:57.236,42.3229969,-71.1085177,11.65
2263,593231872,1769613177832,10:12:57.832,42.3229969,-71.1085177,11.65
2264,593494016,1769613178577,10:12:58.577,42.3229969,-71.1085177,11.65
2265,593756160,1769613179516,10:12:59.516,42.3229969,-71.1085177,11.65
2266,594018304,1769613180227,10:13:00.227,42.3229969,-71.1085177,11.65
2267,594280448,1769613181360,10:13:01.360,42.3229969,-71.1085177,11.65
2268,594542592,1769613182050,10:13:02.050,42.3229969,-71.1085177,11.65
2269,594804736,1769613182640,10:13:02.640,42.3229969,-71.1085177,11.65
2270,595066880,1769613183023,10:13:03.023,42.3229969,-71.1085177,11.65
2271,595329024,1769613183376,10:13:03.376,42.3229969,-71.1085177,11.65
2272,595591168,1769613183762,10:13:03.762,42.3229969,-71.1085177,11.65
2273,595853312,1769613184172,10:13:04.172,42.3229969,-71.1085177,11.65
2274,596115456,1769613184562,10:13:04.562,42.3229969,-71.1085177,11.65
2275,596377600,1769613184912,10:13:04.912,42.3229969,-71.1085177,11.65
2276,596639744,1769613185263,10:13:05.263,42.3229969,-71.1085177,11.65
2277,596901888,1769613185614,10:13:05.614,42.3229969,-71.1085177,11.65
2278,597164032,1769613185966,10:13:05.966,42.3229969,-71.1085177,11.65
2279,597426176,1769613186316,10:13:06.316,42.3229969,-71.1085177,11.65
2280,597688320,1769613186686,10:13:06.686,42.3229969,-71.1085177,11.65
2281,597950464,1769613187026,10:13:07.026,42.3229969,-71.1085177,11.65
2282,598212608,1769613187391,10:13:07.391,42.3229969,-71.1085177,11.65
2283,598474752,1769613187751,10:13:07.751,42.3229969,-71.1085177,11.65
2284,598736896,1769613188115,10:13:08.115,42.3229969,-71.1085177,11.65
2285,598999040,1769613188500,10:13:08.500,42.3229969,-71.1085177,11.65
2286,599261184,1769613188877,10:13:08.877,42.3229969,-71.1085177,11.65
2287,599523328,1769613189415,10:13:09.415,42.3229969,-71.1085177,11.65
2288,599785472,1769613190031,10:13:10.031,42.3229969,-71.1085177,11.65
2289,600047616,1769613190736,10:13:10.736,42.3229969,-71.1085177,11.65
2290,600309760,1769613191534,10:13:11.534,42.3229969,-71.1085177,11.65
2291,600571904,1769613192396,10:13:12.396,42.3229969,-71.1085177,11.65
2292,600834048,1769613192863,10:13:12.863,42.3229969,-71.1085177,11.65
2293,601096192,1769613193214,10:13:13.214,42.3229969,-71.1085177,11.65
2294,601358336,1769613193574,10:13:13.574,42.3229969,-71.1085177,11.65
2295,601620480,1769613193957,10:13:13.957,42.3229969,-71.1085177,11.65
2296,601882624,1769613194358,10:13:14.358,42.3229969,-71.1085177,11.65
2297,602144768,1769613194843,10:13:14.843,42.3229969,-71.1085177,11.65
2298,602406912,1769613195346,10:13:15.346,42.3229969,-71.1085177,11.65
2299,602669056,1769613195836,10:13:15.836,42.3229969,-71.1085177,11.65
2300,602931200,1769613196258,10:13:16.258,42.3229969,-71.1085177,11.65
2301,603193344,1769613196610,10:13:16.610,42.3229969,-71.1085177,11.65
2302,603455488,1769613197076,10:13:17.076,42.3229969,-71.1085177,11.65
2303,603717632,1769613197630,10:13:17.630,42.3229969,-71.1085177,11.65
2304,603979776,1769613198032,10:13:18.032,42.3229969,-71.1085177,11.65
2305,604241920,1769613198417,10:13:18.417,42.3229969,-71.1085177,11.65
2306,604504064,1769613199034,10:13:19.034,42.3229969,-71.1085177,11.65
2307,604766208,1769613199684,10:13:19.684,42.3229969,-71.1085177,11.65
2308,605028352,1769613201929,10:13:21.929,42.3229969,-71.1085177,11.65
2309,605290496,1769613202195,10:13:22.195,42.3229969,-71.1085177,11.65
2310,605552640,1769613202421,10:13:22.421,42.3229969,-71.1085177,11.65
2311,605814784,1769613202657,10:13:22.657,42.3229969,-71.1085177,11.65
2312,606076928,1769613202882,10:13:22.882,42.3229969,-71.1085177,11.65
2313,606339072,1769613203697,10:13:23.697,42.3229969,-71.1085177,11.65
2314,606601216,1769613204192,10:13:24.192,42.3229969,-71.1085177,11.65
2315,606863360,1769613205506,10:13:25.506,42.3229969,-71.1085177,11.65
2316,607125504,1769613206287,10:13:26.287,42.3229969,-71.1085177,11.65
2317,607387648,1769613207481,10:13:27.481,42.3229969,-71.1085177,11.65
2318,607649792,1769613208059,10:13:28.059,42.3229969,-71.1085177,11.65
2319,607911936,1769613208485,10:13:28.485,42.3229969,-71.1085177,11.65
2320,608174080,1769613208835,10:13:28.835,42.3229969,-71.1085177,11.65
2321,608436224,1769613209250,10:13:29.250,42.3229969,-71.1085177,11.65
2322,608698368,1769613209775,10:13:29.775,42.3229969,-71.1085177,11.65
2323,608960512,1769613210296,10:13:30.296,42.3229969,-71.1085177,11.65
2324,609222656,1769613210734,10:13:30.734,42.3229969,-71.1085177,11.65
2325,609484800,1769613211168,10:13:31.168,42.3229969,-71.1085177,11.65
2326,609746944,1769613211599,10:13:31.599,42.3229969,-71.1085177,11.65
2327,610009088,1769613211957,10:13:31.957,42.3229969,-71.1085177,11.65
2328,610271232,1769613212305,10:13:32.305,42.3229969,-71.1085177,11.65
2329,610533376,1769613212699,10:13:32.699,42.3229969,-71.1085177,11.65
2330,610795520,1769613213184,10:13:33.184,42.3229969,-71.1085177,11.65
2331,611057664,1769613213672,10:13:33.672,42.3229969,-71.1085177,11.65
2332,611319808,1769613214022,10:13:34.022,42.3229969,-71.1085177,11.65
2333,611581952,1769613214374,10:13:34.374,42.3229969,-71.1085177,11.65
2334,611844096,1769613214761,10:13:34.761,42.3229969,-71.1085177,11.65
2335,612106240,1769613215131,10:13:35.131,42.3229969,-71.1085177,11.65
2336,612368384,1769613215483,10:13:35.483,42.3229969,-71.1085177,11.65
2337,612630528,1769613215835,10:13:35.835,42.3229969,-71.1085177,11.65
2338,612892672,1769613216189,10:13:36.189,42.3229969,-71.1085177,11.65
2339,613154816,1769613216540,10:13:36.540,42.3229969,-71.1085177,11.65
2340,613416960,1769613216942,10:13:36.942,42.3229969,-71.1085177,11.65
2341,613679104,1769613217291,10:13:37.291,42.3229969,-71.1085177,11.65
2342,613941248,1769613217641,10:13:37.641,42.3229969,-71.1085177,11.65
2343,614203392,1769613218021,10:13:38.021,42.3229969,-71.1085177,11.65
2344,614465536,1769613218300,10:13:38.300,42.3229969,-71.1085177,11.65
2345,614727680,1769613219123,10:13:39.123,42.3229969,-71.1085177,11.65
2346,614989824,1769613219627,10:13:39.627,42.3229969,-71.1085177,11.65
2347,615251968,1769613220476,10:13:40.476,42.3229969,-71.1085177,11.65
2348,615514112,1769613221228,10:13:41.228,42.3229969,-71.1085177,11.65
2349,615776256,1769613221976,10:13:41.976,42.3229969,-71.1085177,11.65
2350,616038400,1769613222486,10:13:42.486,42.3229969,-71.1085177,11.65
2351,616300544,1769613223259,10:13:43.259,42.3229969,-71.1085177,11.65
2352,616562688,1769613223971,10:13:43.971,42.3229969,-71.1085177,11.65
2353,616824832,1769613225085,10:13:45.085,42.3229969,-71.1085177,11.65
2354,617086976,1769613226212,10:13:46.212,42.3229969,-71.1085177,11.65
2355,617349120,1769613227119,10:13:47.119,42.3229969,-71.1085177,11.65
2356,617611264,1769613227874,10:13:47.874,42.3229969,-71.1085177,11.65
2357,617873408,1769613228348,10:13:48.348,42.3229969,-71.1085177,11.65
2358,618135552,1769613228641,10:13:48.641,42.3229969,-71.1085177,11.65
2359,618397696,1769613229025,10:13:49.025,42.3229969,-71.1085177,11.65
2360,618659840,1769613229374,10:13:49.374,42.3229969,-71.1085177,11.65
2361,618921984,1769613229744,10:13:49.744,42.3229969,-71.1085177,11.65
2362,619184128,1769613230235,10:13:50.235,42.3229969,-71.1085177,11.65
2363,619446272,1769613232544,10:13:52.544,42.3229969,-71.1085177,11.65
2364,619708416,1769613232795,10:13:52.795,42.3229969,-71.1085177,11.65
2365,619970560,1769613233031,10:13:53.031,42.3229969,-71.1085177,11.65
2366,620232704,1769613233263,10:13:53.263,42.3229969,-71.1085177,11.65
2367,620494848,1769613233504,10:13:53.504,42.3229969,-71.1085177,11.65
2368,620756992,1769613233775,10:13:53.775,42.3229969,-71.1085177,11.65
2369,621019136,1769613233981,10:13:53.981,42.3229969,-71.1085177,11.65
2370,621281280,1769613234190,10:13:54.190,42.3229969,-71.1085177,11.65
2371,621543424,1769613234402,10:13:54.402,42.3229969,-71.1085177,11.65
2372,621805568,1769613234644,10:13:54.644,42.3229969,-71.1085177,11.65
2373,622067712,1769613234869,10:13:54.869,42.3229969,-71.1085177,11.65
2374,622329856,1769613235120,10:13:55.120,42.3229969,-71.1085177,11.65
2375,622592000,1769613235353,10:13:55.353,42.3229969,-71.1085177,11.65
2376,622854144,1769613235602,10:13:55.602,42.3229969,-71.1085177,11.65
2377,623116288,1769613235814,10:13:55.814,42.3229969,-71.1085177,11.65
2378,623378432,1769613236105,10:13:56.105,42.3229969,-71.1085177,11.65
2379,623640576,1769613236590,10:13:56.590,42.3229969,-71.1085177,11.65
2380,623902720,1769613236998,10:13:56.998,42.3229969,-71.1085177,11.65
2381,624164864,1769613237384,10:13:57.384,42.3229969,-71.1085177,11.65
2382,624427008,1769613237766,10:13:57.766,42.3229969,-71.1085177,11.65
2383,624689152,1769613238114,10:13:58.114,42.3229969,-71.1085177,11.65
2384,624951296,1769613238606,10:13:58.606,42.3229969,-71.1085177,11.65
2385,625213440,1769613239200,10:13:59.200,42.3229969,-71.1085177,11.65
2386,625475584,1769613239823,10:13:59.823,42.3229969,-71.1085177,11.65
2387,625737728,1769613240444,10:14:00.444,42.3229969,-71.1085177,11.65
2388,625999872,1769613240899,10:14:00.899,42.3229969,-71.1085177,11.65
2389,626262016,1769613241395,10:14:01.395,42.3229969,-71.1085177,11.65
2390,626524160,1769613241918,10:14:01.918,42.3229969,-71.1085177,11.65
2391,626786304,1769613242409,10:14:02.409,42.3229969,-71.1085177,11.65
2392,627048448,1769613242840,10:14:02.840,42.3229969,-71.1085177,11.65
2393,627310592,1769613243284,10:14:03.284,42.3229969,-71.1085177,11.65
2394,627572736,1769613243747,10:14:03.747,42.3229969,-71.1085177,11.65
2395,627834880,1769613244109,10:14:04.109,42.3229969,-71.1085177,11.65
2396,628097024,1769613244513,10:14:04.513,42.3229969,-71.1085177,11.65
2397,628359168,1769613244863,10:14:04.863,42.3229969,-71.1085177,11.65
2398,628621312,1769613245262,10:14:05.262,42.3229969,-71.1085177,11.65
2399,628883456,1769613245598,10:14:05.598,42.3229969,-71.1085177,11.65
2400,629145600,1769613245983,10:14:05.983,42.3229969,-71.1085177,11.65
2401,629407744,1769613246311,10:14:06.311,42.3229969,-71.1085177,11.65
2402,629669888,1769613246792,10:14:06.792,42.3229969,-71.1085177,11.65
2403,629932032,1769613247168,10:14:07.168,42.3229969,-71.1085177,11.65
2404,630194176,1769613248079,10:14:08.079,42.3229969,-71.1085177,11.65
2405,630456320,1769613248786,10:14:08.786,42.3229969,-71.1085177,11.65
2406,630718464,1769613249240,10:14:09.240,42.3229969,-71.1085177,11.65
2407,630980608,1769613249641,10:14:09.641,42.3229969,-71.1085177,11.65
2408,631242752,1769613250459,10:14:10.459,42.3229969,-71.1085177,11.65
2409,631504896,1769613250903,10:14:10.903,42.3229969,-71.1085177,11.65
2410,631767040,1769613251414,10:14:11.414,42.3229969,-71.1085177,11.65
2411,632029184,1769613252134,10:14:12.134,42.3229969,-71.1085177,11.65
2412,632291328,1769613252879,10:14:12.879,42.3229969,-71.1085177,11.65
2413,632553472,1769613253319,10:14:13.319,42.3229969,-71.1085177,11.65
2414,632815616,1769613253597,10:14:13.597,42.3229969,-71.1085177,11.65
2415,633077760,1769613253947,10:14:13.947,42.3229969,-71.1085177,11.65
2416,633339904,1769613254347,10:14:14.347,42.3229969,-71.1085177,11.65
2417,633602048,1769613254648,10:14:14.648,42.3229969,-71.1085177,11.65
2418,633864192,1769613254998,10:14:14.998,42.3229969,-71.1085177,11.65
2419,634126336,1769613255348,10:14:15.348,42.3229969,-71.1085177,11.65
2420,634388480,1769613255912,10:14:15.912,42.3229969,-71.1085177,11.65
2421,634650624,1769613256411,10:14:16.411,42.3229969,-71.1085177,11.65
2422,634912768,1769613256830,10:14:16.830,42.3229969,-71.1085177,11.65
2423,635174912,1769613257386,10:14:17.386,42.3229969,-71.1085177,11.65
2424,635437056,1769613257853,10:14:17.853,42.3229969,-71.1085177,11.65
2425,635699200,1769613258308,10:14:18.308,42.3229969,-71.1085177,11.65
2426,635961344,1769613258895,10:14:18.895,42.3229969,-71.1085177,11.65
2427,636223488,1769613259490,10:14:19.490,42.3229969,-71.1085177,11.65
2428,636485632,1769613260132,10:14:20.132,42.3229969,-71.1085177,11.65
2429,636747776,1769613260610,10:14:20.610,42.3229969,-71.1085177,11.65
2430,637009920,1769613262916,10:14:22.916,42.3229969,-71.1085177,11.65
2431,637272064,1769613263175,10:14:23.175,42.3229969,-71.1085177,11.65
2432,637534208,1769613263400,10:14:23.400,42.3229969,-71.1085177,11.65
2433,637796352,1769613263646,10:14:23.646,42.3229969,-71.1085177,11.65
2434,638058496,1769613263878,10:14:23.878,42.3229969,-71.1085177,11.65
2435,638320640,1769613264498,10:14:24.498,42.3229969,-71.1085177,11.65
2436,638582784,1769613265116,10:14:25.116,42.3229969,-71.1085177,11.65
2437,638844928,1769613265734,10:14:25.734,42.3229969,-71.1085177,11.65
2438,639107072,1769613266355,10:14:26.355,42.3229969,-71.1085177,11.65
2439,639369216,1769613266974,10:14:26.974,42.3229969,-71.1085177,11.65
2440,639631360,1769613267594,10:14:27.594,42.3229969,-71.1085177,11.65
2441,639893504,1769613268013,10:14:28.013,42.3229969,-71.1085177,11.65
2442,640155648,1769613268346,10:14:28.346,42.3229969,-71.1085177,11.65
2443,640417792,1769613268695,10:14:28.695,42.3229969,-71.1085177,11.65
2444,640679936,1769613269048,10:14:29.048,42.3229969,-71.1085177,11.65
2445,640942080,1769613269397,10:14:29.397,42.3229969,-71.1085177,11.65
2446,641204224,1769613269746,10:14:29.746,42.3229969,-71.1085177,11.65
2447,641466368,1769613270212,10:14:30.212,42.3229969,-71.1085177,11.65
2448,641728512,1769613270610,10:14:30.610,42.3229969,-71.1085177,11.65
2449,641990656,1769613270967,10:14:30.967,42.3229969,-71.1085177,11.65
2450,642252800,1769613271313,10:14:31.313,42.3229969,-71.1085177,11.65
2451,642514944,1769613271663,10:14:31.663,42.3229969,-71.1085177,11.65
2452,642777088,1769613272013,10:14:32.013,42.3229969,-71.1085177,11.65
2453,643039232,1769613272514,10:14:32.514,42.3229969,-71.1085177,11.65
2454,643301376,1769613273194,10:14:33.194,42.3229969,-71.1085177,11.65
2455,643563520,1769613273858,10:14:33.858,42.3229969,-71.1085177,11.65
2456,643825664,1769613274877,10:14:34.877,42.3229969,-71.1085177,11.65
2457,644087808,1769613275567,10:14:35.567,42.3229969,-71.1085177,11.65
2458,644349952,1769613276633,10:14:36.633,42.3229969,-71.1085177,11.65
2459,644612096,1769613277622,10:14:37.622,42.3229969,-71.1085177,11.65
2460,644874240,1769613278182,10:14:38.182,42.3229969,-71.1085177,11.65
2461,645136384,1769613278781,10:14:38.781,42.3229969,-71.1085177,11.65
2462,645398528,1769613279381,10:14:39.381,42.3229969,-71.1085177,11.65
2463,645660672,1769613279989,10:14:39.989,42.3229969,-71.1085177,11.65
2464,645922816,1769613280595,10:14:40.595,42.3229969,-71.1085177,11.65
2465,646184960,1769613281203,10:14:41.203,42.3229969,-71.1085177,11.65
2466,646447104,1769613281779,10:14:41.779,42.3229969,-71.1085177,11.65
2467,646709248,1769613282373,10:14:42.373,42.3229969,-71.1085177,11.65
2468,646971392,1769613282865,10:14:42.865,42.3229969,-71.1085177,11.65
2469,647233536,1769613283214,10:14:43.214,42.3229969,-71.1085177,11.65
2470,647495680,1769613284040,10:14:44.040,42.3229969,-71.1085177,11.65
2471,647757824,1769613285149,10:14:45.149,42.3229969,-71.1085177,11.65
2472,648019968,1769613285892,10:14:45.892,42.3229969,-71.1085177,11.65
2473,648282112,1769613286684,10:14:46.684,42.3229969,-71.1085177,11.65
2474,648544256,1769613288268,10:14:48.268,42.3229969,-71.1085177,11.65
2475,648806400,1769613289473,10:14:49.473,42.3229969,-71.1085177,11.65
2476,649068544,1769613290904,10:14:50.904,42.3229969,-71.1085177,11.65
2477,649330688,1769613293543,10:14:53.543,42.3229969,-71.1085177,11.65
2478,649592832,1769613293816,10:14:53.816,42.3229969,-71.1085177,11.65
2479,649854976,1769613294059,10:14:54.059,42.3229969,-71.1085177,11.65
2480,650117120,1769613294266,10:14:54.266,42.3229969,-71.1085177,11.65
2481,650379264,1769613294483,10:14:54.483,42.3229969,-71.1085177,11.65
2482,650641408,1769613294718,10:14:54.718,42.3229969,-71.1085177,11.65
2483,650903552,1769613294931,10:14:54.931,42.3229969,-71.1085177,11.65
2484,651165696,1769613295164,10:14:55.164,42.3229969,-71.1085177,11.65
2485,651427840,1769613295537,10:14:55.537,42.3229969,-71.1085177,11.65
2486,651689984,1769613295972,10:14:55.972,42.3229969,-71.1085177,11.65
2487,651952128,1769613296440,10:14:56.440,42.3229969,-71.1085177,11.65
2488,652214272,1769613296873,10:14:56.873,42.3229969,-71.1085177,11.65
2489,652476416,1769613297301,10:14:57.301,42.3229969,-71.1085177,11.65
2490,652738560,1769613297765,10:14:57.765,42.3229969,-71.1085177,11.65
2491,653000704,1769613298233,10:14:58.233,42.3229969,-71.1085177,11.65
2492,653262848,1769613299564,10:14:59.564,42.3229969,-71.1085177,11.65
2493,653524992,1769613301398,10:15:01.398,42.3229969,-71.1085177,11.65
2494,653787136,1769613304598,10:15:04.598,42.3229969,-71.1085177,11.65
2495,654049280,1769613307334,10:15:07.334,42.3229969,-71.1085177,11.65
2496,654311424,1769613308389,10:15:08.389,42.3229969,-71.1085177,11.65
2497,654573568,1769613309421,10:15:09.421,42.3229969,-71.1085177,11.65
2498,654835712,1769613309991,10:15:09.991,42.3229969,-71.1085177,11.65
2499,655097856,1769613310608,10:15:10.608,42.3229969,-71.1085177,11.65
2500,655360000,1769613311649,10:15:11.649,42.3229969,-71.1085177,11.65
2501,655622144,1769613312706,10:15:12.706,42.3229969,-71.1085177,11.65
2502,655884288,1769613313326,10:15:13.326,42.3229969,-71.1085177,11.65
2503,656146432,1769613313946,10:15:13.946,42.3229969,-71.1085177,11.65
2504,656408576,1769613314567,10:15:14.567,42.3229969,-71.1085177,11.65
2505,656670720,1769613315187,10:15:15.187,42.3229969,-71.1085177,11.65
2506,656932864,1769613315806,10:15:15.806,42.3229969,-71.1085177,11.65
2507,657195008,1769613316428,10:15:16.428,42.3229969,-71.1085177,11.65
2508,657457152,1769613317048,10:15:17.048,42.3229969,-71.1085177,11.65
2509,657719296,1769613317681,10:15:17.681,42.3229969,-71.1085177,11.65
2510,657981440,1769613318290,10:15:18.290,42.3229969,-71.1085177,11.65
2511,658243584,1769613318906,10:15:18.906,42.3229969,-71.1085177,11.65
2512,658505728,1769613319513,10:15:19.513,42.3229969,-71.1085177,11.65
2513,658767872,1769613320129,10:15:20.129,42.3229969,-71.1085177,11.65
2514,659030016,1769613320745,10:15:20.745,42.3229969,-71.1085177,11.65
2515,659292160,1769613321357,10:15:21.357,42.3229969,-71.1085177,11.65
2516,659554304,1769613321969,10:15:21.969,42.3229969,-71.1085177,11.65
2517,659816448,1769613322576,10:15:22.576,42.3229969,-71.1085177,11.65
2518,660078592,1769613323011,10:15:23.011,42.3229969,-71.1085177,11.65
2519,660340736,1769613323331,10:15:23.331,42.3229969,-71.1085177,11.65
2520,660602880,1769613325905,10:15:25.905,42.3229969,-71.1085177,11.65
2521,660865024,1769613326142,10:15:26.142,42.3229969,-71.1085177,11.65
2522,661127168,1769613326357,10:15:26.357,42.3229969,-71.1085177,11.65
2523,661389312,1769613326587,10:15:26.587,42.3229969,-71.1085177,11.65
2524,661651456,1769613327902,10:15:27.902,42.3229969,-71.1085177,11.65
2525,661913600,1769613330211,10:15:30.211,42.3229969,-71.1085177,11.65
2526,662175744,1769613332089,10:15:32.089,42.3229969,-71.1085177,11.65
2527,662437888,1769613332877,10:15:32.877,42.3229969,-71.1085177,11.65
2528,662700032,1769613333420,10:15:33.420,42.3229969,-71.1085177,11.65
2529,662962176,1769613333953,10:15:33.953,42.3229969,-71.1085177,11.65
2530,663224320,1769613334478,10:15:34.478,42.3229969,-71.1085177,11.65
2531,663486464,1769613334999,10:15:34.999,42.3229969,-71.1085177,11.65
2532,663748608,1769613335491,10:15:35.491,42.3229969,-71.1085177,11.65
2533,664010752,1769613336042,10:15:36.042,42.3229969,-71.1085177,11.65
2534,664272896,1769613336555,10:15:36.555,42.3229969,-71.1085177,11.65
2535,664535040,1769613337129,10:15:37.129,42.3229969,-71.1085177,11.65
2536,664797184,1769613337664,10:15:37.664,42.3229969,-71.1085177,11.65
2537,665059328,1769613338033,10:15:38.033,42.3229969,-71.1085177,11.65
2538,665321472,1769613339335,10:15:39.335,42.3229969,-71.1085177,11.65
2539,665583616,1769613340930,10:15:40.930,42.3229969,-71.1085177,11.65
2540,665845760,1769613342303,10:15:42.303,42.3229969,-71.1085177,11.65
2541,666107904,1769613343770,10:15:43.770,42.3229969,-71.1085177,11.65
2542,666370048,1769613345588,10:15:45.588,42.3229969,-71.1085177,11.65
2543,666632192,1769613347622,10:15:47.622,42.3229969,-71.1085177,11.65
2544,666894336,1769613348062,10:15:48.062,42.3229969,-71.1085177,11.65
2545,667156480,1769613348461,10:15:48.461,42.3229969,-71.1085177,11.65
2546,667418624,1769613348824,10:15:48.824,42.3229969,-71.1085177,11.65
2547,667680768,1769613349161,10:15:49.161,42.3229969,-71.1085177,11.65
2548,667942912,1769613349512,10:15:49.512,42.3229969,-71.1085177,11.65
2549,668205056,1769613349862,10:15:49.862,42.3229969,-71.1085177,11.65
2550,668467200,1769613350214,10:15:50.214,42.3229969,-71.1085177,11.65
2551,668729344,1769613350563,10:15:50.563,42.3229969,-71.1085177,11.65
2552,668991488,1769613350916,10:15:50.916,42.3229969,-71.1085177,11.65
2553,669253632,1769613351268,10:15:51.268,42.3229969,-71.1085177,11.65
2554,669515776,1769613351643,10:15:51.643,42.3229969,-71.1085177,11.65
2555,669777920,1769613352024,10:15:52.024,42.3229969,-71.1085177,11.65
2556,670040064,1769613352382,10:15:52.382,42.3229969,-71.1085177,11.65
2557,670302208,1769613352749,10:15:52.749,42.3229969,-71.1085177,11.65
2558,670564352,1769613353209,10:15:53.209,42.3229969,-71.1085177,11.65
2559,670826496,1769613354527,10:15:54.527,42.3229969,-71.1085177,11.65
2560,671088640,1769613357302,10:15:57.302,42.3229969,-71.1085177,11.65
2561,671350784,1769613357542,10:15:57.542,42.3229969,-71.1085177,11.65
2562,671612928,1769613357905,10:15:57.905,42.3229969,-71.1085177,11.65
2563,671875072,1769613358522,10:15:58.522,42.3229969,-71.1085177,11.65
2564,672137216,1769613359141,10:15:59.141,42.3229969,-71.1085177,11.65
2565,672399360,1769613359758,10:15:59.758,42.3229969,-71.1085177,11.65
2566,672661504,1769613360378,10:16:00.378,42.3229969,-71.1085177,11.65
2567,672923648,1769613360998,10:16:00.998,42.3229969,-71.1085177,11.65
2568,673185792,1769613361614,10:16:01.614,42.3229969,-71.1085177,11.65
2569,673447936,1769613362233,10:16:02.233,42.3229969,-71.1085177,11.65
2570,673710080,1769613362803,10:16:02.803,42.3229969,-71.1085177,11.65
2571,673972224,1769613363194,10:16:03.194,42.3229969,-71.1085177,11.65
2572,674234368,1769613363495,10:16:03.495,42.3229969,-71.1085177,11.65
2573,674496512,1769613363844,10:16:03.844,42.3229969,-71.1085177,11.65
2574,674758656,1769613364226,10:16:04.226,42.3229969,-71.1085177,11.65
2575,675020800,1769613364594,10:16:04.594,42.3229969,-71.1085177,11.65
2576,675282944,1769613364944,10:16:04.944,42.3229969,-71.1085177,11.65
2577,675545088,1769613365295,10:16:05.295,42.3229969,-71.1085177,11.65
2578,675807232,1769613365658,10:16:05.658,42.3229969,-71.1085177,11.65
2579,676069376,1769613366028,10:16:06.028,42.3229969,-71.1085177,11.65
2580,676331520,1769613366385,10:16:06.385,42.3229969,-71.1085177,11.65
2581,676593664,1769613366758,10:16:06.758,42.3229969,-71.1085177,11.65
2582,676855808,1769613367146,10:16:07.146,42.3229969,-71.1085177,11.65
2583,677117952,1769613367500,10:16:07.500,42.3229969,-71.1085177,11.65
2584,677380096,1769613367857,10:16:07.857,42.3229969,-71.1085177,11.65
2585,677642240,1769613368213,10:16:08.213,42.3229969,-71.1085177,11.65
2586,677904384,1769613368800,10:16:08.800,42.3229969,-71.1085177,11.65
2587,678166528,1769613369859,10:16:09.859,42.3229969,-71.1085177,11.65
2588,678428672,1769613370477,10:16:10.477,42.3229969,-71.1085177,11.65
2589,678690816,1769613370885,10:16:10.885,42.3229969,-71.1085177,11.65
2590,678952960,1769613371525,10:16:11.525,42.3229969,-71.1085177,11.65
2591,679215104,1769613372139,10:16:12.139,42.3229969,-71.1085177,11.65
2592,679477248,1769613372638,10:16:12.638,42.3229969,-71.1085177,11.65
2593,679739392,1769613373206,10:16:13.206,42.3229969,-71.1085177,11.65
2594,680001536,1769613373816,10:16:13.816,42.3229969,-71.1085177,11.65
2595,680263680,1769613374427,10:16:14.427,42.3229969,-71.1085177,11.65
2596,680525824,1769613375033,10:16:15.033,42.3229969,-71.1085177,11.65
2597,680787968,1769613375643,10:16:15.643,42.3229969,-71.1085177,11.65
2598,681050112,1769613376243,10:16:16.243,42.3229969,-71.1085177,11.65
2599,681312256,1769613376850,10:16:16.850,42.3229969,-71.1085177,11.65
2600,681574400,1769613377467,10:16:17.467,42.3229969,-71.1085177,11.65
2601,681836544,1769613377961,10:16:17.961,42.3229969,-71.1085177,11.65
2602,682098688,1769613378332,10:16:18.332,42.3229969,-71.1085177,11.65
2603,682360832,1769613378701,10:16:18.701,42.3229969,-71.1085177,11.65
2604,682622976,1769613379053,10:16:19.053,42.3229969,-71.1085177,11.65
2605,682885120,1769613379404,10:16:19.404,42.3229969,-71.1085177,11.65
2606,683147264,1769613379784,10:16:19.784,42.3229969,-71.1085177,11.65
2607,683409408,1769613380290,10:16:20.290,42.3229969,-71.1085177,11.65
2608,683671552,1769613380789,10:16:20.789,42.3229969,-71.1085177,11.65
2609,683933696,1769613381224,10:16:21.224,42.3229969,-71.1085177,11.65
2610,684195840,1769613381645,10:16:21.645,42.3229969,-71.1085177,11.65
2611,684457984,1769613382095,10:16:22.095,42.3229969,-71.1085177,11.65
2612,684720128,1769613382535,10:16:22.535,42.3229969,-71.1085177,11.65
2613,684982272,1769613382955,10:16:22.955,42.3229969,-71.1085177,11.65
2614,685244416,1769613383274,10:16:23.274,42.3229969,-71.1085177,11.65
2615,685506560,1769613383624,10:16:23.624,42.3229969,-71.1085177,11.65
2616,685768704,1769613384049,10:16:24.049,42.3229969,-71.1085177,11.65
2617,686030848,1769613384610,10:16:24.610,42.3229969,-71.1085177,11.65
2618,686292992,1769613385057,10:16:25.057,42.3229969,-71.1085177,11.65
2619,686555136,1769613387815,10:16:27.815,42.3229969,-71.1085177,11.65
2620,686817280,1769613387995,10:16:27.995,42.3229969,-71.1085177,11.65
2621,687079424,1769613388164,10:16:28.164,42.3229969,-71.1085177,11.65
2622,687341568,1769613388307,10:16:28.307,42.3229969,-71.1085177,11.65
2623,687603712,1769613388487,10:16:28.487,42.3229969,-71.1085177,11.65
2624,687865856,1769613388671,10:16:28.671,42.3229969,-71.1085177,11.65
2625,688128000,1769613388897,10:16:28.897,42.3229969,-71.1085177,11.65
2626,688390144,1769613389645,10:16:29.645,42.3229969,-71.1085177,11.65
2627,688652288,1769613390329,10:16:30.329,42.3229969,-71.1085177,11.65
2628,688914432,1769613391088,10:16:31.088,42.3229969,-71.1085177,11.65
2629,689176576,1769613392189,10:16:32.189,42.3229969,-71.1085177,11.65
2630,689438720,1769613392601,10:16:32.601,42.3229969,-71.1085177,11.65
2631,689700864,1769613393113,10:16:33.113,42.3229969,-71.1085177,11.65
2632,689963008,1769613393526,10:16:33.526,42.3229969,-71.1085177,11.65
2633,690225152,1769613393845,10:16:33.845,42.3229969,-71.1085177,11.65
2634,690487296,1769613394195,10:16:34.195,42.3229969,-71.1085177,11.65
2635,690749440,1769613394582,10:16:34.582,42.3229969,-71.1085177,11.65
2636,691011584,1769613394942,10:16:34.942,42.3229969,-71.1085177,11.65
2637,691273728,1769613395282,10:16:35.282,42.3229969,-71.1085177,11.65
2638,691535872,1769613395633,10:16:35.633,42.3229969,-71.1085177,11.65
2639,691798016,1769613395985,10:16:35.985,42.3229969,-71.1085177,11.65
2640,692060160,1769613396376,10:16:36.376,42.3229969,-71.1085177,11.65
2641,692322304,1769613396761,10:16:36.761,42.3229969,-71.1085177,11.65
2642,692584448,1769613397155,10:16:37.155,42.3229969,-71.1085177,11.65
2643,692846592,1769613397487,10:16:37.487,42.3229969,-71.1085177,11.65
2644,693108736,1769613398490,10:16:38.490,42.3229969,-71.1085177,11.65
2645,693370880,1769613400450,10:16:40.450,42.3229969,-71.1085177,11.65
2646,693633024,1769613401908,10:16:41.908,42.3229969,-71.1085177,11.65
2647,693895168,1769613402813,10:16:42.813,42.3229969,-71.1085177,11.65
2648,694157312,1769613403434,10:16:43.434,42.3229969,-71.1085177,11.65
2649,694419456,1769613404056,10:16:44.056,42.3229969,-71.1085177,11.65
2650,694681600,1769613404672,10:16:44.672,42.3229969,-71.1085177,11.65
2651,694943744,1769613405293,10:16:45.293,42.3229969,-71.1085177,11.65
2652,695205888,1769613405912,10:16:45.912,42.3229969,-71.1085177,11.65
2653,695468032,1769613406531,10:16:46.531,42.3229969,-71.1085177,11.65
2654,695730176,1769613407150,10:16:47.150,42.3229969,-71.1085177,11.65
2655,695992320,1769613407751,10:16:47.751,42.3229969,-71.1085177,11.65
2656,696254464,1769613408165,10:16:48.165,42.3229969,-71.1085177,11.65
2657,696516608,1769613408460,10:16:48.460,42.3229969,-71.1085177,11.65
2658,696778752,1769613408809,10:16:48.809,42.3229969,-71.1085177,11.65
2659,697040896,1769613409160,10:16:49.160,42.3229969,-71.1085177,11.65
2660,697303040,1769613409537,10:16:49.537,42.3229969,-71.1085177,11.65
2661,697565184,1769613409927,10:16:49.927,42.3229969,-71.1085177,11.65
2662,697827328,1769613410278,10:16:50.278,42.3229969,-71.1085177,11.65
2663,698089472,1769613410731,10:16:50.731,42.3229969,-71.1085177,11.65
2664,698351616,1769613411156,10:16:51.156,42.3229969,-71.1085177,11.65
2665,698613760,1769613411474,10:16:51.474,42.3229969,-71.1085177,11.65
2666,698875904,1769613411824,10:16:51.824,42.3229969,-71.1085177,11.65
2667,699138048,1769613412176,10:16:52.176,42.3229969,-71.1085177,11.65
2668,699400192,1769613412550,10:16:52.550,42.3229969,-71.1085177,11.65
2669,699662336,1769613413357,10:16:53.357,42.3229969,-71.1085177,11.65
2670,699924480,1769613414401,10:16:54.401,42.3229969,-71.1085177,11.65
2671,700186624,1769613415455,10:16:55.455,42.3229969,-71.1085177,11.65
2672,700448768,1769613418824,10:16:58.824,42.3229969,-71.1085177,11.65
2673,700710912,1769613419089,10:16:59.089,42.3229969,-71.1085177,11.65
2674,700973056,1769613419321,10:16:59.321,42.3229969,-71.1085177,11.65
2675,701235200,1769613419539,10:16:59.539,42.3229969,-71.1085177,11.65
2676,701497344,1769613419752,10:16:59.752,42.3229969,-71.1085177,11.65
2677,701759488,1769613419967,10:16:59.967,42.3229969,-71.1085177,11.65
2678,702021632,1769613420190,10:17:00.190,42.3229969,-71.1085177,11.65
2679,702283776,1769613420752,10:17:00.752,42.3229969,-71.1085177,11.65
2680,702545920,1769613421361,10:17:01.361,42.3229969,-71.1085177,11.65
2681,702808064,1769613421966,10:17:01.966,42.3229969,-71.1085177,11.65
2682,703070208,1769613422562,10:17:02.562,42.3229969,-71.1085177,11.65
2683,703332352,1769613423118,10:17:03.118,42.3229969,-71.1085177,11.65
2684,703594496,1769613423512,10:17:03.512,42.3229969,-71.1085177,11.65
2685,703856640,1769613423911,10:17:03.911,42.3229969,-71.1085177,11.65
2686,704118784,1769613424315,10:17:04.315,42.3229969,-71.1085177,11.65
2687,704380928,1769613424666,10:17:04.666,42.3229969,-71.1085177,11.65
2688,704643072,1769613425032,10:17:05.032,42.3229969,-71.1085177,11.65
2689,704905216,1769613425480,10:17:05.480,42.3229969,-71.1085177,11.65
2690,705167360,1769613425828,10:17:05.828,42.3229969,-71.1085177,11.65
2691,705429504,1769613426184,10:17:06.184,42.3229969,-71.1085177,11.65
2692,705691648,1769613426547,10:17:06.547,42.3229969,-71.1085177,11.65
2693,705953792,1769613426883,10:17:06.883,42.3229969,-71.1085177,11.65
2694,706215936,1769613427232,10:17:07.232,42.3229969,-71.1085177,11.65
2695,706478080,1769613427583,10:17:07.583,42.3229969,-71.1085177,11.65
2696,706740224,1769613427934,10:17:07.934,42.3229969,-71.1085177,11.65
2697,707002368,1769613428587,10:17:08.587,42.3229969,-71.1085177,11.65
2698,707264512,1769613429392,10:17:09.392,42.3229969,-71.1085177,11.65
2699,707526656,1769613429913,10:17:09.913,42.3229969,-71.1085177,11.65
2700,707788800,1769613430755,10:17:10.755,42.3229969,-71.1085177,11.65
2701,708050944,1769613431594,10:17:11.594,42.3229969,-71.1085177,11.65
2702,708313088,1769613432203,10:17:12.203,42.3229969,-71.1085177,11.65
2703,708575232,1769613432966,10:17:12.966,42.3229969,-71.1085177,11.65
2704,708837376,1769613433541,10:17:13.541,42.3229969,-71.1085177,11.65
2705,709099520,1769613434118,10:17:14.118,42.3229969,-71.1085177,11.65
2706,709361664,1769613434655,10:17:14.655,42.3229969,-71.1085177,11.65
2707,709623808,1769613435210,10:17:15.210,42.3229969,-71.1085177,11.65
2708,709885952,1769613435763,10:17:15.763,42.3229969,-71.1085177,11.65
2709,710148096,1769613436308,10:17:16.308,42.3229969,-71.1085177,11.65
2710,710410240,1769613436850,10:17:16.850,42.3229969,-71.1085177,11.65
2711,710672384,1769613437375,10:17:17.375,42.3229969,-71.1085177,11.65
2712,710934528,1769613437863,10:17:17.863,42.3229969,-71.1085177,11.65
2713,711196672,1769613438210,10:17:18.210,42.3229969,-71.1085177,11.65
2714,711458816,1769613438562,10:17:18.562,42.3229969,-71.1085177,11.65
2715,711720960,1769613439434,10:17:19.434,42.3229969,-71.1085177,11.65
2716,711983104,1769613440242,10:17:20.242,42.3229969,-71.1085177,11.65
2717,712245248,1769613440937,10:17:20.937,42.3229969,-71.1085177,11.65
2718,712507392,1769613441497,10:17:21.497,42.3229969,-71.1085177,11.65
2719,712769536,1769613442121,10:17:22.121,42.3229969,-71.1085177,11.65
2720,713031680,1769613442742,10:17:22.742,42.3229969,-71.1085177,11.65
2721,713293824,1769613443767,10:17:23.767,42.3229969,-71.1085177,11.65
2722,713555968,1769613444910,10:17:24.910,42.3229969,-71.1085177,11.65
2723,713818112,1769613445722,10:17:25.722,42.3229969,-71.1085177,11.65
2724,714080256,1769613449214,10:17:29.214,42.3229969,-71.1085177,11.65
2725,714342400,1769613449466,10:17:29.466,42.3229969,-71.1085177,11.65
2726,714604544,1769613449715,10:17:29.715,42.3229969,-71.1085177,11.65
2727,714866688,1769613449962,10:17:29.962,42.3229969,-71.1085177,11.65
2728,715128832,1769613450214,10:17:30.214,42.3229969,-71.1085177,11.65
2729,715390976,1769613450426,10:17:30.426,42.3229969,-71.1085177,11.65
2730,715653120,1769613450635,10:17:30.635,42.3229969,-71.1085177,11.65
2731,715915264,1769613450862,10:17:30.862,42.3229969,-71.1085177,11.65
2732,716177408,1769613451084,10:17:31.084,42.3229969,-71.1085177,11.65
2733,716439552,1769613451322,10:17:31.322,42.3229969,-71.1085177,11.65
2734,716701696,1769613451555,10:17:31.555,42.3229969,-71.1085177,11.65
2735,716963840,1769613451903,10:17:31.903,42.3229969,-71.1085177,11.65
2736,717225984,1769613452343,10:17:32.343,42.3229969,-71.1085177,11.65
2737,717488128,1769613452795,10:17:32.795,42.3229969,-71.1085177,11.65
2738,717750272,1769613453143,10:17:33.143,42.3229969,-71.1085177,11.65
2739,718012416,1769613453996,10:17:33.996,42.3229969,-71.1085177,11.65
2740,718274560,1769613454426,10:17:34.426,42.3229969,-71.1085177,11.65
2741,718536704,1769613454740,10:17:34.740,42.3229969,-71.1085177,11.65
2742,718798848,1769613455305,10:17:35.305,42.3229969,-71.1085177,11.65
2743,719060992,1769613455813,10:17:35.813,42.3229969,-71.1085177,11.65
2744,719323136,1769613456250,10:17:36.250,42.3229969,-71.1085177,11.65
2745,719585280,1769613456615,10:17:36.615,42.3229969,-71.1085177,11.65
2746,719847424,1769613457027,10:17:37.027,42.3229969,-71.1085177,11.65
2747,720109568,1769613457449,10:17:37.449,42.3229969,-71.1085177,11.65
2748,720371712,1769613457944,10:17:37.944,42.3229969,-71.1085177,11.65
2749,720633856,1769613458573,10:17:38.573,42.3229969,-71.1085177,11.65
2750,720896000,1769613459190,10:17:39.190,42.3229969,-71.1085177,11.65
2751,721158144,1769613459861,10:17:39.861,42.3229969,-71.1085177,11.65
2752,721420288,1769613460578,10:17:40.578,42.3229969,-71.1085177,11.65
2753,721682432,1769613461213,10:17:41.213,42.3229969,-71.1085177,11.65
2754,721944576,1769613461710,10:17:41.710,42.3229969,-71.1085177,11.65
2755,722206720,1769613462345,10:17:42.345,42.3229969,-71.1085177,11.65
2756,722468864,1769613462960,10:17:42.960,42.3229969,-71.1085177,11.65
2757,722731008,1769613463369,10:17:43.369,42.3229969,-71.1085177,11.65
2758,722993152,1769613463721,10:17:43.721,42.3229969,-71.1085177,11.65
2759,723255296,1769613464071,10:17:44.071,42.3229969,-71.1085177,11.65
2760,723517440,1769613464423,10:17:44.423,42.3229969,-71.1085177,11.65
2761,723779584,1769613464773,10:17:44.773,42.3229969,-71.1085177,11.65
2762,724041728,1769613465163,10:17:45.163,42.3229969,-71.1085177,11.65
2763,724303872,1769613465646,10:17:45.646,42.3229969,-71.1085177,11.65
2764,724566016,1769613466139,10:17:46.139,42.3229969,-71.1085177,11.65
2765,724828160,1769613466562,10:17:46.562,42.3229969,-71.1085177,11.65
2766,725090304,1769613466998,10:17:46.998,42.3229969,-71.1085177,11.65
2767,725352448,1769613467459,10:17:47.459,42.3229969,-71.1085177,11.65
2768,725614592,1769613467895,10:17:47.895,42.3229969,-71.1085177,11.65
2769,725876736,1769613468255,10:17:48.255,42.3229969,-71.1085177,11.65
2770,726138880,1769613468604,10:17:48.604,42.3229969,-71.1085177,11.65
2771,726401024,1769613469236,10:17:49.236,42.3229969,-71.1085177,11.65
2772,726663168,1769613469987,10:17:49.987,42.3229969,-71.1085177,11.65
2773,726925312,1769613470482,10:17:50.482,42.3229969,-71.1085177,11.65
2774,727187456,1769613470751,10:17:50.751,42.3229969,-71.1085177,11.65
2775,727449600,1769613471138,10:17:51.138,42.3229969,-71.1085177,11.65
2776,727711744,1769613471949,10:17:51.949,42.3229969,-71.1085177,11.65
2777,727973888,1769613472391,10:17:52.391,42.3229969,-71.1085177,11.65
2778,728236032,1769613472894,10:17:52.894,42.3229969,-71.1085177,11.65
2779,728498176,1769613473884,10:17:53.884,42.3229969,-71.1085177,11.65
2780,728760320,1769613474454,10:17:54.454,42.3229969,-71.1085177,11.65
2781,729022464,1769613474890,10:17:54.890,42.3229969,-71.1085177,11.65
2782,729284608,1769613475735,10:17:55.735,42.3229969,-71.1085177,11.65
2783,729546752,1769613476545,10:17:56.545,42.3229969,-71.1085177,11.65
2784,729808896,1769613480283,10:18:00.283,42.3229969,-71.1085177,11.65
2785,730071040,1769613480564,10:18:00.564,42.3229969,-71.1085177,11.65
2786,730333184,1769613480793,10:18:00.793,42.3229969,-71.1085177,11.65
2787,730595328,1769613481024,10:18:01.024,42.3229969,-71.1085177,11.65
2788,730857472,1769613481247,10:18:01.247,42.3229969,-71.1085177,11.65
2789,731119616,1769613481477,10:18:01.477,42.3229969,-71.1085177,11.65
2790,731381760,1769613481721,10:18:01.721,42.3229969,-71.1085177,11.65
2791,731643904,1769613481942,10:18:01.942,42.3229969,-71.1085177,11.65
2792,731906048,1769613482168,10:18:02.168,42.3229969,-71.1085177,11.65
2793,732168192,1769613482414,10:18:02.414,42.3229969,-71.1085177,11.65
2794,732430336,1769613482640,10:18:02.640,42.3229969,-71.1085177,11.65
2795,732692480,1769613482897,10:18:02.897,42.3229969,-71.1085177,11.65
2796,732954624,1769613483138,10:18:03.138,42.3229969,-71.1085177,11.65
2797,733216768,1769613483375,10:18:03.375,42.3229969,-71.1085177,11.65
2798,733478912,1769613483604,10:18:03.604,42.3229969,-71.1085177,11.65
2799,733741056,1769613483826,10:18:03.826,42.3229969,-71.1085177,11.65
2800,734003200,1769613484067,10:18:04.067,42.3229969,-71.1085177,11.65
2801,734265344,1769613484312,10:18:04.312,42.3229969,-71.1085177,11.65
2802,734527488,1769613484982,10:18:04.982,42.3229969,-71.1085177,11.65
2803,734789632,1769613485658,10:18:05.658,42.3229969,-71.1085177,11.65
2804,735051776,1769613486560,10:18:06.560,42.3229969,-71.1085177,11.65
2805,735313920,1769613487289,10:18:07.289,42.3229969,-71.1085177,11.65
2806,735576064,1769613487792,10:18:07.792,42.3229969,-71.1085177,11.65
2807,735838208,1769613488111,10:18:08.111,42.3229969,-71.1085177,11.65
2808,736100352,1769613488626,10:18:08.626,42.3229969,-71.1085177,11.65
2809,736362496,1769613489105,10:18:09.105,42.3229969,-71.1085177,11.65
2810,736624640,1769613489676,10:18:09.676,42.3229969,-71.1085177,11.65
2811,736886784,1769613490212,10:18:10.212,42.3229969,-71.1085177,11.65
2812,737148928,1769613490771,10:18:10.771,42.3229969,-71.1085177,11.65
2813,737411072,1769613491288,10:18:11.288,42.3229969,-71.1085177,11.65
2814,737673216,1769613491820,10:18:11.820,42.3229969,-71.1085177,11.65
2815,737935360,1769613492371,10:18:12.371,42.3229969,-71.1085177,11.65
2816,738197504,1769613492909,10:18:12.909,42.3229969,-71.1085177,11.65
2817,738459648,1769613493385,10:18:13.385,42.3229969,-71.1085177,11.65
2818,738721792,1769613493792,10:18:13.792,42.3229969,-71.1085177,11.65
2819,738983936,1769613494208,10:18:14.208,42.3229969,-71.1085177,11.65
2820,739246080,1769613494652,10:18:14.652,42.3229969,-71.1085177,11.65
2821,739508224,1769613495095,10:18:15.095,42.3229969,-71.1085177,11.65
2822,739770368,1769613495458,10:18:15.458,42.3229969,-71.1085177,11.65
2823,740032512,1769613495826,10:18:15.826,42.3229969,-71.1085177,11.65
2824,740294656,1769613496177,10:18:16.177,42.3229969,-71.1085177,11.65
2825,740556800,1769613496553,10:18:16.553,42.3229969,-71.1085177,11.65
2826,740818944,1769613496929,10:18:16.929,42.3229969,-71.1085177,11.65
2827,741081088,1769613497252,10:18:17.252,42.3229969,-71.1085177,11.65
2828,741343232,1769613497627,10:18:17.627,42.3229969,-71.1085177,11.65
2829,741605376,1769613497958,10:18:17.958,42.3229969,-71.1085177,11.65
2830,741867520,1769613498542,10:18:18.542,42.3229969,-71.1085177,11.65
2831,742129664,1769613499246,10:18:19.246,42.3229969,-71.1085177,11.65
2832,742391808,1769613500101,10:18:20.101,42.3229969,-71.1085177,11.65
2833,742653952,1769613500516,10:18:20.516,42.3229969,-71.1085177,11.65
2834,742916096,1769613501054,10:18:21.054,42.3229969,-71.1085177,11.65
2835,743178240,1769613501677,10:18:21.677,42.3229969,-71.1085177,11.65
2836,743440384,1769613502611,10:18:22.611,42.3229969,-71.1085177,11.65
2837,743702528,1769613503078,10:18:23.078,42.3229969,-71.1085177,11.65
2838,743964672,1769613503477,10:18:23.477,42.3229969,-71.1085177,11.65
2839,744226816,1769613503955,10:18:23.955,42.3229969,-71.1085177,11.65
2840,744488960,1769613504394,10:18:24.394,42.3229969,-71.1085177,11.65
2841,744751104,1769613504930,10:18:24.930,42.3229969,-71.1085177,11.65
2842,745013248,1769613505442,10:18:25.442,42.3229969,-71.1085177,11.65
2843,745275392,1769613505959,10:18:25.959,42.3229969,-71.1085177,11.65
2844,745537536,1769613506478,10:18:26.478,42.3229969,-71.1085177,11.65
2845,745799680,1769613506991,10:18:26.991,42.3229969,-71.1085177,11.65
2846,746061824,1769613511203,10:18:31.203,42.3229969,-71.1085177,11.65
2847,746323968,1769613511447,10:18:31.447,42.3229969,-71.1085177,11.65
2848,746586112,1769613511675,10:18:31.675,42.3229969,-71.1085177,11.65
2849,746848256,1769613511907,10:18:31.907,42.3229969,-71.1085177,11.65
2850,747110400,1769613512147,10:18:32.147,42.3229969,-71.1085177,11.65
2851,747372544,1769613512361,10:18:32.361,42.3229969,-71.1085177,11.65
2852,747634688,1769613512585,10:18:32.585,42.3229969,-71.1085177,11.65
2853,747896832,1769613512844,10:18:32.844,42.3229969,-71.1085177,11.65
2854,748158976,1769613513067,10:18:33.067,42.3229969,-71.1085177,11.65
2855,748421120,1769613513286,10:18:33.286,42.3229969,-71.1085177,11.65
2856,748683264,1769613513502,10:18:33.502,42.3229969,-71.1085177,11.65
2857,748945408,1769613513714,10:18:33.714,42.3229969,-71.1085177,11.65
2858,749207552,1769613513956,10:18:33.956,42.3229969,-71.1085177,11.65
2859,749469696,1769613514178,10:18:34.178,42.3229969,-71.1085177,11.65
2860,749731840,1769613514424,10:18:34.424,42.3229969,-71.1085177,11.65
2861,749993984,1769613514681,10:18:34.681,42.3229969,-71.1085177,11.65
2862,750256128,1769613514922,10:18:34.922,42.3229969,-71.1085177,11.65
2863,750518272,1769613515173,10:18:35.173,42.3229969,-71.1085177,11.65
2864,750780416,1769613515426,10:18:35.426,42.3229969,-71.1085177,11.65
2865,751042560,1769613515653,10:18:35.653,42.3229969,-71.1085177,11.65
2866,751304704,1769613516010,10:18:36.010,42.3229969,-71.1085177,11.65
2867,751566848,1769613516409,10:18:36.409,42.3229969,-71.1085177,11.65
2868,751828992,1769613516827,10:18:36.827,42.3229969,-71.1085177,11.65
2869,752091136,1769613517280,10:18:37.280,42.3229969,-71.1085177,11.65
2870,752353280,1769613517721,10:18:37.721,42.3229969,-71.1085177,11.65
2871,752615424,1769613518070,10:18:38.070,42.3229969,-71.1085177,11.65
2872,752877568,1769613518420,10:18:38.420,42.3229969,-71.1085177,11.65
2873,753139712,1769613518771,10:18:38.771,42.3229969,-71.1085177,11.65
2874,753401856,1769613519122,10:18:39.122,42.3229969,-71.1085177,11.65
2875,753664000,1769613519493,10:18:39.493,42.3229969,-71.1085177,11.65
2876,753926144,1769613519842,10:18:39.842,42.3229969,-71.1085177,11.65
2877,754188288,1769613520224,10:18:40.224,42.3229969,-71.1085177,11.65
2878,754450432,1769613520573,10:18:40.573,42.3229969,-71.1085177,11.65
2879,754712576,1769613520975,10:18:40.975,42.3229969,-71.1085177,11.65
2880,754974720,1769613521326,10:18:41.326,42.3229969,-71.1085177,11.65
2881,755236864,1769613521744,10:18:41.744,42.3229969,-71.1085177,11.65
2882,755499008,1769613522095,10:18:42.095,42.3229969,-71.1085177,11.65
2883,755761152,1769613522474,10:18:42.474,42.3229969,-71.1085177,11.65
2884,756023296,1769613522851,10:18:42.851,42.3229969,-71.1085177,11.65
2885,756285440,1769613523199,10:18:43.199,42.3229969,-71.1085177,11.65
2886,756547584,1769613523551,10:18:43.551,42.3229969,-71.1085177,11.65
2887,756809728,1769613523961,10:18:43.961,42.3229969,-71.1085177,11.65
2888,757071872,1769613524316,10:18:44.316,42.3229969,-71.1085177,11.65
2889,757334016,1769613524665,10:18:44.665,42.3229969,-71.1085177,11.65
2890,757596160,1769613525015,10:18:45.015,42.3229969,-71.1085177,11.65
2891,757858304,1769613525395,10:18:45.395,42.3229969,-71.1085177,11.65
2892,758120448,1769613525781,10:18:45.781,42.3229969,-71.1085177,11.65
2893,758382592,1769613526251,10:18:46.251,42.3229969,-71.1085177,11.65
2894,758644736,1769613526741,10:18:46.741,42.3229969,-71.1085177,11.65
2895,758906880,1769613527318,10:18:47.318,42.3229969,-71.1085177,11.65
2896,759169024,1769613527769,10:18:47.769,42.3229969,-71.1085177,11.65
2897,759431168,1769613528165,10:18:48.165,42.3229969,-71.1085177,11.65
2898,759693312,1769613529262,10:18:49.262,42.3229969,-71.1085177,11.65
2899,759955456,1769613530011,10:18:50.011,42.3229969,-71.1085177,11.65
2900,760217600,1769613530487,10:18:50.487,42.3229969,-71.1085177,11.65
2901,760479744,1769613531432,10:18:51.432,42.3229969,-71.1085177,11.65
2902,760741888,1769613532142,10:18:52.142,42.3229969,-71.1085177,11.65
2903,761004032,1769613532595,10:18:52.595,42.3229969,-71.1085177,11.65
2904,761266176,1769613533185,10:18:53.185,42.3229969,-71.1085177,11.65
2905,761528320,1769613533658,10:18:53.658,42.3229969,-71.1085177,11.65
2906,761790464,1769613534058,10:18:54.058,42.3229969,-71.1085177,11.65
2907,762052608,1769613534572,10:18:54.572,42.3229969,-71.1085177,11.65
2908,762314752,1769613535118,10:18:55.118,42.3229969,-71.1085177,11.65
2909,762576896,1769613535736,10:18:55.736,42.3229969,-71.1085177,11.65
2910,762839040,1769613536397,10:18:56.397,42.3229969,-71.1085177,11.65
2911,763101184,1769613536864,10:18:56.864,42.3229969,-71.1085177,11.65
2912,763363328,1769613537478,10:18:57.478,42.3229969,-71.1085177,11.65
2913,763625472,1769613542347,10:19:02.347,42.3229969,-71.1085177,11.65
2914,763887616,1769613542594,10:19:02.594,42.3229969,-71.1085177,11.65
2915,764149760,1769613542840,10:19:02.840,42.3229969,-71.1085177,11.65
2916,764411904,1769613543079,10:19:03.079,42.3229969,-71.1085177,11.65
2917,764674048,1769613543322,10:19:03.322,42.3229969,-71.1085177,11.65
2918,764936192,1769613543553,10:19:03.553,42.3229969,-71.1085177,11.65
2919,765198336,1769613543798,10:19:03.798,42.3229969,-71.1085177,11.65
2920,765460480,1769613544022,10:19:04.022,42.3229969,-71.1085177,11.65
2921,765722624,1769613544253,10:19:04.253,42.3229969,-71.1085177,11.65
2922,765984768,1769613544503,10:19:04.503,42.3229969,-71.1085177,11.65
2923,766246912,1769613544720,10:19:04.720,42.3229969,-71.1085177,11.65
2924,766509056,1769613544936,10:19:04.936,42.3229969,-71.1085177,11.65
2925,766771200,1769613545186,10:19:05.186,42.3229969,-71.1085177,11.65
2926,767033344,1769613545446,10:19:05.446,42.3229969,-71.1085177,11.65
2927,767295488,1769613545696,10:19:05.696,42.3229969,-71.1085177,11.65
2928,767557632,1769613545978,10:19:05.978,42.3229969,-71.1085177,11.65
2929,767819776,1769613547059,10:19:07.059,42.3229969,-71.1085177,11.65
2930,768081920,1769613547799,10:19:07.799,42.3229969,-71.1085177,11.65
2931,768344064,1769613548255,10:19:08.255,42.3229969,-71.1085177,11.65
2932,768606208,1769613548500,10:19:08.500,42.3229969,-71.1085177,11.65
2933,768868352,1769613548883,10:19:08.883,42.3229969,-71.1085177,11.65
2934,769130496,1769613549232,10:19:09.232,42.3229969,-71.1085177,11.65
2935,769392640,1769613549680,10:19:09.680,42.3229969,-71.1085177,11.65
2936,769654784,1769613550115,10:19:10.115,42.3229969,-71.1085177,11.65
2937,769916928,1769613550478,10:19:10.478,42.3229969,-71.1085177,11.65
2938,770179072,1769613550876,10:19:10.876,42.3229969,-71.1085177,11.65
2939,770441216,1769613551324,10:19:11.324,42.3229969,-71.1085177,11.65
2940,770703360,1769613551680,10:19:11.680,42.3229969,-71.1085177,11.65
2941,770965504,1769613552033,10:19:12.033,42.3229969,-71.1085177,11.65
2942,771227648,1769613552462,10:19:12.462,42.3229969,-71.1085177,11.65
2943,771489792,1769613552823,10:19:12.823,42.3229969,-71.1085177,11.65
2944,771751936,1769613553201,10:19:13.201,42.3229969,-71.1085177,11.65
2945,772014080,1769613553768,10:19:13.768,42.3229969,-71.1085177,11.65
2946,772276224,1769613554219,10:19:14.219,42.3229969,-71.1085177,11.65
2947,772538368,1769613554640,10:19:14.640,42.3229969,-71.1085177,11.65
2948,772800512,1769613555262,10:19:15.262,42.3229969,-71.1085177,11.65
2949,773062656,1769613555746,10:19:15.746,42.3229969,-71.1085177,11.65
2950,773324800,1769613556317,10:19:16.317,42.3229969,-71.1085177,11.65
2951,773586944,1769613556766,10:19:16.766,42.3229969,-71.1085177,11.65
2952,773849088,1769613557400,10:19:17.400,42.3229969,-71.1085177,11.65
2953,774111232,1769613558087,10:19:18.087,42.3229969,-71.1085177,11.65
2954,774373376,1769613558750,10:19:18.750,42.3229969,-71.1085177,11.65
2955,774635520,1769613559531,10:19:19.531,42.3229969,-71.1085177,11.65
2956,774897664,1769613560249,10:19:20.249,42.3229969,-71.1085177,11.65
2957,775159808,1769613560821,10:19:20.821,42.3229969,-71.1085177,11.65
2958,775421952,1769613561594,10:19:21.594,42.3229969,-71.1085177,11.65
2959,775684096,1769613562518,10:19:22.518,42.3229969,-71.1085177,11.65
2960,775946240,1769613562991,10:19:22.991,42.3229969,-71.1085177,11.65
2961,776208384,1769613563329,10:19:23.329,42.3229969,-71.1085177,11.65
2962,776470528,1769613563864,10:19:23.864,42.3229969,-71.1085177,11.65
2963,776732672,1769613564334,10:19:24.334,42.3229969,-71.1085177,11.65
2964,776994816,1769613564768,10:19:24.768,42.3229969,-71.1085177,11.65
2965,777256960,1769613565176,10:19:25.176,42.3229969,-71.1085177,11.65
2966,777519104,1769613565528,10:19:25.528,42.3229969,-71.1085177,11.65
2967,777781248,1769613566005,10:19:26.005,42.3229969,-71.1085177,11.65
2968,778043392,1769613566442,10:19:26.442,42.3229969,-71.1085177,11.65
2969,778305536,1769613566987,10:19:26.987,42.3229969,-71.1085177,11.65
2970,778567680,1769613567418,10:19:27.418,42.3229969,-71.1085177,11.65
2971,778829824,1769613567921,10:19:27.921,42.3229969,-71.1085177,11.65
2972,779091968,1769613573128,10:19:33.128,42.3229969,-71.1085177,11.65
2973,779354112,1769613573371,10:19:33.371,42.3229969,-71.1085177,11.65
2974,779616256,1769613573589,10:19:33.589,42.3229969,-71.1085177,11.65
2975,779878400,1769613573799,10:19:33.799,42.3229969,-71.1085177,11.65
2976,780140544,1769613574031,10:19:34.031,42.3229969,-71.1085177,11.65
2977,780402688,1769613574255,10:19:34.255,42.3229969,-71.1085177,11.65
2978,780664832,1769613574480,10:19:34.480,42.3229969,-71.1085177,11.65
2979,780926976,1769613574697,10:19:34.697,42.3229969,-71.1085177,11.65
2980,781189120,1769613574928,10:19:34.928,42.3229969,-71.1085177,11.65
2981,781451264,1769613575139,10:19:35.139,42.3229969,-71.1085177,11.65
2982,781713408,1769613575402,10:19:35.402,42.3229969,-71.1085177,11.65
2983,781975552,1769613575612,10:19:35.612,42.3229969,-71.1085177,11.65
2984,782237696,1769613575836,10:19:35.836,42.3229969,-71.1085177,11.65
2985,782499840,1769613576063,10:19:36.063,42.3229969,-71.1085177,11.65
2986,782761984,1769613576298,10:19:36.298,42.3229969,-71.1085177,11.65
2987,783024128,1769613576524,10:19:36.524,42.3229969,-71.1085177,11.65
2988,783286272,1769613576739,10:19:36.739,42.3229969,-71.1085177,11.65
2989,783548416,1769613576959,10:19:36.959,42.3229969,-71.1085177,11.65
2990,783810560,1769613577189,10:19:37.189,42.3229969,-71.1085177,11.65
2991,784072704,1769613577412,10:19:37.412,42.3229969,-71.1085177,11.65
2992,784334848,1769613577849,10:19:37.849,42.3229969,-71.1085177,11.65
2993,784596992,1769613578309,10:19:38.309,42.3229969,-71.1085177,11.65
2994,784859136,1769613578803,10:19:38.803,42.3229969,-71.1085177,11.65
2995,785121280,1769613579385,10:19:39.385,42.3229969,-71.1085177,11.65
2996,785383424,1769613579933,10:19:39.933,42.3229969,-71.1085177,11.65
2997,785645568,1769613580358,10:19:40.358,42.3229969,-71.1085177,11.65
2998,785907712,1769613580731,10:19:40.731,42.3229969,-71.1085177,11.65
2999,786169856,1769613581226,10:19:41.226,42.3229969,-71.1085177,11.65
3000,786432000,1769613581679,10:19:41.679,42.3229969,-71.1085177,11.65
3001,786694144,1769613582167,10:19:42.167,42.3229969,-71.1085177,11.65
3002,786956288,1769613582601,10:19:42.601,42.3229969,-71.1085177,11.65
3003,787218432,1769613582997,10:19:42.997,42.3229969,-71.1085177,11.65
3004,787480576,1769613583303,10:19:43.303,42.3229969,-71.1085177,11.65
3005,787742720,1769613583654,10:19:43.654,42.3229969,-71.1085177,11.65
3006,788004864,1769613584078,10:19:44.078,42.3229969,-71.1085177,11.65
3007,788267008,1769613584617,10:19:44.617,42.3229969,-71.1085177,11.65
3008,788529152,1769613585398,10:19:45.398,42.3229969,-71.1085177,11.65
3009,788791296,1769613585919,10:19:45.919,42.3229969,-71.1085177,11.65
3010,789053440,1769613586500,10:19:46.500,42.3229969,-71.1085177,11.65
3011,789315584,1769613586942,10:19:46.942,42.3229969,-71.1085177,11.65
3012,789577728,1769613587753,10:19:47.753,42.3229969,-71.1085177,11.65
3013,789839872,1769613588598,10:19:48.598,42.3229969,-71.1085177,11.65
3014,790102016,1769613589215,10:19:49.215,42.3229969,-71.1085177,11.65
3015,790364160,1769613589936,10:19:49.936,42.3229969,-71.1085177,11.65
3016,790626304,1769613590488,10:19:50.488,42.3229969,-71.1085177,11.65
3017,790888448,1769613591078,10:19:51.078,42.3229969,-71.1085177,11.65
3018,791150592,1769613591765,10:19:51.765,42.3229969,-71.1085177,11.65
3019,791412736,1769613592389,10:19:52.389,42.3229969,-71.1085177,11.65
3020,791674880,1769613592775,10:19:52.775,42.3229969,-71.1085177,11.65
3021,791937024,1769613593394,10:19:53.394,42.3229969,-71.1085177,11.65
3022,792199168,1769613594016,10:19:54.016,42.3229969,-71.1085177,11.65
3023,792461312,1769613594637,10:19:54.637,42.3229969,-71.1085177,11.65
3024,792723456,1769613595256,10:19:55.256,42.3229969,-71.1085177,11.65
3025,792985600,1769613595875,10:19:55.875,42.3229969,-71.1085177,11.65
3026,793247744,1769613596496,10:19:56.496,42.3229969,-71.1085177,11.65
3027,793509888,1769613597116,10:19:57.116,42.3229969,-71.1085177,11.65
3028,793772032,1769613597749,10:19:57.749,42.3229969,-71.1085177,11.65
3029,794034176,1769613598324,10:19:58.324,42.3229969,-71.1085177,11.65
3030,794296320,1769613598851,10:19:58.851,42.3229969,-71.1085177,11.65
3031,794558464,1769613599416,10:19:59.416,42.3229969,-71.1085177,11.65
3032,794820608,1769613599961,10:19:59.961,42.3229969,-71.1085177,11.65
3033,795082752,1769613600493,10:20:00.493,42.3229969,-71.1085177,11.65
3034,795344896,1769613601031,10:20:01.031,42.3229969,-71.1085177,11.65
3035,795607040,1769613606715,10:20:06.715,42.3229969,-71.1085177,11.65
3036,795869184,1769613606928,10:20:06.928,42.3229969,-71.1085177,11.65
3037,796131328,1769613607136,10:20:07.136,42.3229969,-71.1085177,11.65
3038,796393472,1769613607350,10:20:07.350,42.3229969,-71.1085177,11.65
3039,796655616,1769613607559,10:20:07.559,42.3229969,-71.1085177,11.65
3040,796917760,1769613607815,10:20:07.815,42.3229969,-71.1085177,11.65
3041,797179904,1769613608066,10:20:08.066,42.3229969,-71.1085177,11.65
3042,797442048,1769613608293,10:20:08.293,42.3229969,-71.1085177,11.65
3043,797704192,1769613608522,10:20:08.522,42.3229969,-71.1085177,11.65
3044,797966336,1769613608769,10:20:08.769,42.3229969,-71.1085177,11.65
3045,798228480,1769613609005,10:20:09.005,42.3229969,-71.1085177,11.65
3046,798490624,1769613609253,10:20:09.253,42.3229969,-71.1085177,11.65
3047,798752768,1769613609506,10:20:09.506,42.3229969,-71.1085177,11.65
3048,799014912,1769613609725,10:20:09.725,42.3229969,-71.1085177,11.65
3049,799277056,1769613609961,10:20:09.961,42.3229969,-71.1085177,11.65
3050,799539200,1769613610475,10:20:10.475,42.3229969,-71.1085177,11.65
3051,799801344,1769613611248,10:20:11.248,42.3229969,-71.1085177,11.65
3052,800063488,1769613611970,10:20:11.970,42.3229969,-71.1085177,11.65
3053,800325632,1769613612465,10:20:12.465,42.3229969,-71.1085177,11.65
3054,800587776,1769613612895,10:20:12.895,42.3229969,-71.1085177,11.65
3055,800849920,1769613613289,10:20:13.289,42.3229969,-71.1085177,11.65
3056,801112064,1769613613591,10:20:13.591,42.3229969,-71.1085177,11.65
3057,801374208,1769613613943,10:20:13.943,42.3229969,-71.1085177,11.65
3058,801636352,1769613614295,10:20:14.295,42.3229969,-71.1085177,11.65
3059,801898496,1769613614682,10:20:14.682,42.3229969,-71.1085177,11.65
3060,802160640,1769613615105,10:20:15.105,42.3229969,-71.1085177,11.65
3061,802422784,1769613615490,10:20:15.490,42.3229969,-71.1085177,11.65
3062,802684928,1769613615844,10:20:15.844,42.3229969,-71.1085177,11.65
3063,802947072,1769613616237,10:20:16.237,42.3229969,-71.1085177,11.65
3064,803209216,1769613616670,10:20:16.670,42.3229969,-71.1085177,11.65
3065,803471360,1769613617074,10:20:17.074,42.3229969,-71.1085177,11.65
3066,803733504,1769613617459,10:20:17.459,42.3229969,-71.1085177,11.65
3067,803995648,1769613617830,10:20:17.830,42.3229969,-71.1085177,11.65
3068,804257792,1769613618177,10:20:18.177,42.3229969,-71.1085177,11.65
3069,804519936,1769613618594,10:20:18.594,42.3229969,-71.1085177,11.65
3070,804782080,1769613619253,10:20:19.253,42.3229969,-71.1085177,11.65
3071,805044224,1769613620291,10:20:20.291,42.3229969,-71.1085177,11.65
3072,805306368,1769613620875,10:20:20.875,42.3229969,-71.1085177,11.65
3073,805568512,1769613621617,10:20:21.617,42.3229969,-71.1085177,11.65
3074,805830656,1769613622333,10:20:22.333,42.3229969,-71.1085177,11.65
3075,806092800,1769613623089,10:20:23.089,42.3229969,-71.1085177,11.65
3076,806354944,1769613623568,10:20:23.568,42.3229969,-71.1085177,11.65
3077,806617088,1769613624229,10:20:24.229,42.3229969,-71.1085177,11.65
3078,806879232,1769613624766,10:20:24.766,42.3229969,-71.1085177,11.65
3079,807141376,1769613625326,10:20:25.326,42.3229969,-71.1085177,11.65
3080,807403520,1769613625945,10:20:25.945,42.3229969,-71.1085177,11.65
3081,807665664,1769613626930,10:20:26.930,42.3229969,-71.1085177,11.65
3082,807927808,1769613627509,10:20:27.509,42.3229969,-71.1085177,11.65
3083,808189952,1769613628046,10:20:28.046,42.3229969,-71.1085177,11.65
3084,808452096,1769613628475,10:20:28.475,42.3229969,-71.1085177,11.65
3085,808714240,1769613628857,10:20:28.857,42.3229969,-71.1085177,11.65
3086,808976384,1769613629202,10:20:29.202,42.3229969,-71.1085177,11.65
3087,809238528,1769613629554,10:20:29.554,42.3229969,-71.1085177,11.65
3088,809500672,1769613629908,10:20:29.908,42.3229969,-71.1085177,11.65
3089,809762816,1769613630277,10:20:30.277,42.3229969,-71.1085177,11.65
3090,810024960,1769613630686,10:20:30.686,42.3229969,-71.1085177,11.65
3091,810287104,1769613631067,10:20:31.067,42.3229969,-71.1085177,11.65
3092,810549248,1769613631386,10:20:31.386,42.3229969,-71.1085177,11.65
3093,810811392,1769613637326,10:20:37.326,42.3229969,-71.1085177,11.65
3094,811073536,1769613637572,10:20:37.572,42.3229969,-71.1085177,11.65
3095,811335680,1769613637846,10:20:37.846,42.3229969,-71.1085177,11.65
3096,811597824,1769613638083,10:20:38.083,42.3229969,-71.1085177,11.65
3097,811859968,1769613638329,10:20:38.329,42.3229969,-71.1085177,11.65
3098,812122112,1769613638559,10:20:38.559,42.3229969,-71.1085177,11.65
3099,812384256,1769613638799,10:20:38.799,42.3229969,-71.1085177,11.65
3100,812646400,1769613639053,10:20:39.053,42.3229969,-71.1085177,11.65
3101,812908544,1769613639285,10:20:39.285,42.3229969,-71.1085177,11.65
3102,813170688,1769613639523,10:20:39.523,42.3229969,-71.1085177,11.65
3103,813432832,1769613639776,10:20:39.776,42.3229969,-71.1085177,11.65
3104,813694976,1769613640009,10:20:40.009,42.3229969,-71.1085177,11.65
3105,813957120,1769613640245,10:20:40.245,42.3229969,-71.1085177,11.65
3106,814219264,1769613640469,10:20:40.469,42.3229969,-71.1085177,11.65
3107,814481408,1769613640706,10:20:40.706,42.3229969,-71.1085177,11.65
3108,814743552,1769613640950,10:20:40.950,42.3229969,-71.1085177,11.65
3109,815005696,1769613641193,10:20:41.193,42.3229969,-71.1085177,11.65
3110,815267840,1769613642161,10:20:42.161,42.3229969,-71.1085177,11.65
3111,815529984,1769613642753,10:20:42.753,42.3229969,-71.1085177,11.65
3112,815792128,1769613643180,10:20:43.180,42.3229969,-71.1085177,11.65
3113,816054272,1769613643604,10:20:43.604,42.3229969,-71.1085177,11.65
3114,816316416,1769613644173,10:20:44.173,42.3229969,-71.1085177,11.65
3115,816578560,1769613644562,10:20:44.562,42.3229969,-71.1085177,11.65
3116,816840704,1769613644913,10:20:44.913,42.3229969,-71.1085177,11.65
3117,817102848,1769613645273,10:20:45.273,42.3229969,-71.1085177,11.65
3118,817364992,1769613645668,10:20:45.668,42.3229969,-71.1085177,11.65
3119,817627136,1769613646098,10:20:46.098,42.3229969,-71.1085177,11.65
3120,817889280,1769613646514,10:20:46.514,42.3229969,-71.1085177,11.65
3121,818151424,1769613646865,10:20:46.865,42.3229969,-71.1085177,11.65
3122,818413568,1769613647216,10:20:47.216,42.3229969,-71.1085177,11.65
3123,818675712,1769613647568,10:20:47.568,42.3229969,-71.1085177,11.65
3124,818937856,1769613647922,10:20:47.922,42.3229969,-71.1085177,11.65
3125,819200000,1769613648237,10:20:48.237,42.3229969,-71.1085177,11.65
3126,819462144,1769613648646,10:20:48.646,42.3229969,-71.1085177,11.65
3127,819724288,1769613649021,10:20:49.021,42.3229969,-71.1085177,11.65
3128,819986432,1769613649489,10:20:49.489,42.3229969,-71.1085177,11.65
3129,820248576,1769613649908,10:20:49.908,42.3229969,-71.1085177,11.65
3130,820510720,1769613650392,10:20:50.392,42.3229969,-71.1085177,11.65
3131,820772864,1769613650852,10:20:50.852,42.3229969,-71.1085177,11.65
3132,821035008,1769613651520,10:20:51.520,42.3229969,-71.1085177,11.65
3133,821297152,1769613651979,10:20:51.979,42.3229969,-71.1085177,11.65
3134,821559296,1769613652548,10:20:52.548,42.3229969,-71.1085177,11.65
3135,821821440,1769613653110,10:20:53.110,42.3229969,-71.1085177,11.65
3136,822083584,1769613653966,10:20:53.966,42.3229969,-71.1085177,11.65
3137,822345728,1769613654660,10:20:54.660,42.3229969,-71.1085177,11.65
3138,822607872,1769613655174,10:20:55.174,42.3229969,-71.1085177,11.65
3139,822870016,1769613655811,10:20:55.811,42.3229969,-71.1085177,11.65
3140,823132160,1769613656273,10:20:56.273,42.3229969,-71.1085177,11.65
3141,823394304,1769613656658,10:20:56.658,42.3229969,-71.1085177,11.65
3142,823656448,1769613657464,10:20:57.464,42.3229969,-71.1085177,11.65
3143,823918592,1769613658185,10:20:58.185,42.3229969,-71.1085177,11.65
3144,824180736,1769613658804,10:20:58.804,42.3229969,-71.1085177,11.65
3145,824442880,1769613659425,10:20:59.425,42.3229969,-71.1085177,11.65
3146,824705024,1769613660043,10:21:00.043,42.3229969,-71.1085177,11.65
3147,824967168,1769613660664,10:21:00.664,42.3229969,-71.1085177,11.65
3148,825229312,1769613661285,10:21:01.285,42.3229969,-71.1085177,11.65
3149,825491456,1769613661904,10:21:01.904,42.3229969,-71.1085177,11.65
3150,825753600,1769613662524,10:21:02.524,42.3229969,-71.1085177,11.65
3151,826015744,1769613663072,10:21:03.072,42.3229969,-71.1085177,11.65
3152,826277888,1769613663545,10:21:03.545,42.3229969,-71.1085177,11.65
3153,826540032,1769613664007,10:21:04.007,42.3229969,-71.1085177,11.65
3154,826802176,1769613670330,10:21:10.330,42.3229969,-71.1085177,11.65
3155,827064320,1769613670570,10:21:10.570,42.3229969,-71.1085177,11.65
3156,827326464,1769613670793,10:21:10.793,42.3229969,-71.1085177,11.65
3157,827588608,1769613671007,10:21:11.007,42.3229969,-71.1085177,11.65
3158,827850752,1769613671218,10:21:11.218,42.3229969,-71.1085177,11.65
3159,828112896,1769613671436,10:21:11.436,42.3229969,-71.1085177,11.65
3160,828375040,1769613671662,10:21:11.662,42.3229969,-71.1085177,11.65
3161,828637184,1769613671878,10:21:11.878,42.3229969,-71.1085177,11.65
3162,828899328,1769613672095,10:21:12.095,42.3229969,-71.1085177,11.65
3163,829161472,1769613672302,10:21:12.302,42.3229969,-71.1085177,11.65
3164,829423616,1769613672534,10:21:12.534,42.3229969,-71.1085177,11.65
3165,829685760,1769613672789,10:21:12.789,42.3229969,-71.1085177,11.65
3166,829947904,1769613674613,10:21:14.613,42.3229969,-71.1085177,11.65
3167,830210048,1769613675789,10:21:15.789,42.3229969,-71.1085177,11.65
3168,830472192,1769613677487,10:21:17.487,42.3229969,-71.1085177,11.65
3169,830734336,1769613678204,10:21:18.204,42.3229969,-71.1085177,11.65
3170,830996480,1769613678654,10:21:18.654,42.3229969,-71.1085177,11.65
3171,831258624,1769613679373,10:21:19.373,42.3229969,-71.1085177,11.65
3172,831520768,1769613679978,10:21:19.978,42.3229969,-71.1085177,11.65
3173,831782912,1769613680582,10:21:20.582,42.3229969,-71.1085177,11.65
3174,832045056,1769613681315,10:21:21.315,42.3229969,-71.1085177,11.65
3175,832307200,1769613682003,10:21:22.003,42.3229969,-71.1085177,11.65
3176,832569344,1769613682587,10:21:22.587,42.3229969,-71.1085177,11.65
3177,832831488,1769613683191,10:21:23.191,42.3229969,-71.1085177,11.65
3178,833093632,1769613683812,10:21:23.812,42.3229969,-71.1085177,11.65
3179,833355776,1769613684433,10:21:24.433,42.3229969,-71.1085177,11.65
3180,833617920,1769613685052,10:21:25.052,42.3229969,-71.1085177,11.65
3181,833880064,1769613685674,10:21:25.674,42.3229969,-71.1085177,11.65
3182,834142208,1769613686294,10:21:26.294,42.3229969,-71.1085177,11.65
3183,834404352,1769613686915,10:21:26.915,42.3229969,-71.1085177,11.65
3184,834666496,1769613687533,10:21:27.533,42.3229969,-71.1085177,11.65
3185,834928640,1769613688166,10:21:28.166,42.3229969,-71.1085177,11.65
3186,835190784,1769613688782,10:21:28.782,42.3229969,-71.1085177,11.65
3187,835452928,1769613689393,10:21:29.393,42.3229969,-71.1085177,11.65
3188,835715072,1769613690002,10:21:30.002,42.3229969,-71.1085177,11.65
3189,835977216,1769613690613,10:21:30.613,42.3229969,-71.1085177,11.65
3190,836239360,1769613691218,10:21:31.218,42.3229969,-71.1085177,11.65
3191,836501504,1769613691827,10:21:31.827,42.3229969,-71.1085177,11.65
3192,836763648,1769613692437,10:21:32.437,42.3229969,-71.1085177,11.65
3193,837025792,1769613692939,10:21:32.939,42.3229969,-71.1085177,11.65
3194,837287936,1769613693463,10:21:33.463,42.3229969,-71.1085177,11.65
3195,837550080,1769613694621,10:21:34.621,42.3229969,-71.1085177,11.65
3196,837812224,1769613701413,10:21:41.413,42.3229969,-71.1085177,11.65
3197,838074368,1769613701647,10:21:41.647,42.3229969,-71.1085177,11.65
3198,838336512,1769613701879,10:21:41.879,42.3229969,-71.1085177,11.65
3199,838598656,1769613702101,10:21:42.101,42.3229969,-71.1085177,11.65
3200,838860800,1769613702347,10:21:42.347,42.3229969,-71.1085177,11.65
3201,839122944,1769613702566,10:21:42.566,42.3229969,-71.1085177,11.65
3202,839385088,1769613702807,10:21:42.807,42.3229969,-71.1085177,11.65
3203,839647232,1769613703045,10:21:43.045,42.3229969,-71.1085177,11.65
3204,839909376,1769613703282,10:21:43.282,42.3229969,-71.1085177,11.65
3205,840171520,1769613703514,10:21:43.514,42.3229969,-71.1085177,11.65
3206,840433664,1769613703755,10:21:43.755,42.3229969,-71.1085177,11.65
3207,840695808,1769613704088,10:21:44.088,42.3229969,-71.1085177,11.65
3208,840957952,1769613704624,10:21:44.624,42.3229969,-71.1085177,11.65
3209,841220096,1769613705155,10:21:45.155,42.3229969,-71.1085177,11.65
3210,841482240,1769613705697,10:21:45.697,42.3229969,-71.1085177,11.65
3211,841744384,1769613706257,10:21:46.257,42.3229969,-71.1085177,11.65
3212,842006528,1769613706795,10:21:46.795,42.3229969,-71.1085177,11.65
3213,842268672,1769613707318,10:21:47.318,42.3229969,-71.1085177,11.65
3214,842530816,1769613707810,10:21:47.810,42.3229969,-71.1085177,11.65
3215,842792960,1769613708160,10:21:48.160,42.3229969,-71.1085177,11.65
3216,843055104,1769613708505,10:21:48.505,42.3229969,-71.1085177,11.65
3217,843317248,1769613709411,10:21:49.411,42.3229969,-71.1085177,11.65
3218,843579392,1769613710378,10:21:50.378,42.3229969,-71.1085177,11.65
3219,843841536,1769613710964,10:21:50.964,42.3229969,-71.1085177,11.65
3220,844103680,1769613711688,10:21:51.688,42.3229969,-71.1085177,11.65
3221,844365824,1769613712333,10:21:52.333,42.3229969,-71.1085177,11.65
3222,844627968,1769613712804,10:21:52.804,42.3229969,-71.1085177,11.65
3223,844890112,1769613713559,10:21:53.559,42.3229969,-71.1085177,11.65
3224,845152256,1769613714248,10:21:54.248,42.3229969,-71.1085177,11.65
3225,845414400,1769613714689,10:21:54.689,42.3229969,-71.1085177,11.65
3226,845676544,1769613715045,10:21:55.045,42.3229969,-71.1085177,11.65
3227,845938688,1769613715567,10:21:55.567,42.3229969,-71.1085177,11.65
3228,846200832,1769613716265,10:21:56.265,42.3229969,-71.1085177,11.65
3229,846462976,1769613716739,10:21:56.739,42.3229969,-71.1085177,11.65
3230,846725120,1769613717230,10:21:57.230,42.3229969,-71.1085177,11.65
3231,846987264,1769613717934,10:21:57.934,42.3229969,-71.1085177,11.65
3232,847249408,1769613718382,10:21:58.382,42.3229969,-71.1085177,11.65
3233,847511552,1769613718692,10:21:58.692,42.3229969,-71.1085177,11.65
3234,847773696,1769613719045,10:21:59.045,42.3229969,-71.1085177,11.65
3235,848035840,1769613719397,10:21:59.397,42.3229969,-71.1085177,11.65
3236,848297984,1769613719756,10:21:59.756,42.3229969,-71.1085177,11.65
3237,848560128,1769613720106,10:22:00.106,42.3229969,-71.1085177,11.65
3238,848822272,1769613720479,10:22:00.479,42.3229969,-71.1085177,11.65
3239,849084416,1769613720863,10:22:00.863,42.3229969,-71.1085177,11.65
3240,849346560,1769613721251,10:22:01.251,42.3229969,-71.1085177,11.65
3241,849608704,1769613721627,10:22:01.627,42.3229969,-71.1085177,11.65
3242,849870848,1769613722018,10:22:02.018,42.3229969,-71.1085177,11.65
3243,850132992,1769613722370,10:22:02.370,42.3229969,-71.1085177,11.65
3244,850395136,1769613722718,10:22:02.718,42.3229969,-71.1085177,11.65
3245,850657280,1769613723063,10:22:03.063,42.3229969,-71.1085177,11.65
3246,850919424,1769613723987,10:22:03.987,42.3229969,-71.1085177,11.65
3247,851181568,1769613725118,10:22:05.118,42.3229969,-71.1085177,11.65
3248,851443712,1769613732374,10:22:12.374,42.3229969,-71.1085177,11.65
3249,851705856,1769613732619,10:22:12.619,42.3229969,-71.1085177,11.65
3250,851968000,1769613732866,10:22:12.866,42.3229969,-71.1085177,11.65
3251,852230144,1769613733075,10:22:13.075,42.3229969,-71.1085177,11.65
3252,852492288,1769613733280,10:22:13.280,42.3229969,-71.1085177,11.65
3253,852754432,1769613733495,10:22:13.495,42.3229969,-71.1085177,11.65
3254,853016576,1769613733698,10:22:13.698,42.3229969,-71.1085177,11.65
3255,853278720,1769613733908,10:22:13.908,42.3229969,-71.1085177,11.65
3256,853540864,1769613734112,10:22:14.112,42.3229969,-71.1085177,11.65
3257,853803008,1769613734338,10:22:14.338,42.3229969,-71.1085177,11.65
3258,854065152,1769613734562,10:22:14.562,42.3229969,-71.1085177,11.65
3259,854327296,1769613734778,10:22:14.778,42.3229969,-71.1085177,11.65
3260,854589440,1769613734988,10:22:14.988,42.3229969,-71.1085177,11.65
3261,854851584,1769613735211,10:22:15.211,42.3229969,-71.1085177,11.65
3262,855113728,1769613736075,10:22:16.075,42.3229969,-71.1085177,11.65
3263,855375872,1769613736872,10:22:16.872,42.3229969,-71.1085177,11.65
3264,855638016,1769613737725,10:22:17.725,42.3229969,-71.1085177,11.65
3265,855900160,1769613738986,10:22:18.986,42.3229969,-71.1085177,11.65
3266,856162304,1769613740096,10:22:20.096,42.3229969,-71.1085177,11.65
3267,856424448,1769613741406,10:22:21.406,42.3229969,-71.1085177,11.65
3268,856686592,1769613742876,10:22:22.876,42.3229969,-71.1085177,11.65
3269,856948736,1769613743397,10:22:23.397,42.3229969,-71.1085177,11.65
3270,857210880,1769613743983,10:22:23.983,42.3229969,-71.1085177,11.65
3271,857473024,1769613744550,10:22:24.550,42.3229969,-71.1085177,11.65
3272,857735168,1769613745123,10:22:25.123,42.3229969,-71.1085177,11.65
3273,857997312,1769613745699,10:22:25.699,42.3229969,-71.1085177,11.65
3274,858259456,1769613746276,10:22:26.276,42.3229969,-71.1085177,11.65
3275,858521600,1769613746861,10:22:26.861,42.3229969,-71.1085177,11.65
3276,858783744,1769613747441,10:22:27.441,42.3229969,-71.1085177,11.65
3277,859045888,1769613747932,10:22:27.932,42.3229969,-71.1085177,11.65
3278,859308032,1769613748425,10:22:28.425,42.3229969,-71.1085177,11.65
3279,859570176,1769613749483,10:22:29.483,42.3229969,-71.1085177,11.65
3280,859832320,1769613750635,10:22:30.635,42.3229969,-71.1085177,11.65
3281,860094464,1769613751967,10:22:31.967,42.3229969,-71.1085177,11.65
3282,860356608,1769613752982,10:22:32.982,42.3229969,-71.1085177,11.65
3283,860618752,1769613754457,10:22:34.457,42.3229969,-71.1085177,11.65
3284,860880896,1769613756295,10:22:36.295,42.3229969,-71.1085177,11.65
3285,861143040,1769613763979,10:22:43.979,42.3229969,-71.1085177,11.65
3286,861405184,1769613764207,10:22:44.207,42.3229969,-71.1085177,11.65
3287,861667328,1769613764418,10:22:44.418,42.3229969,-71.1085177,11.65
3288,861929472,1769613764636,10:22:44.636,42.3229969,-71.1085177,11.65
3289,862191616,1769613764862,10:22:44.862,42.3229969,-71.1085177,11.65
3290,862453760,1769613765096,10:22:45.096,42.3229969,-71.1085177,11.65
3291,862715904,1769613765305,10:22:45.305,42.3229969,-71.1085177,11.65
3292,862978048,1769613765517,10:22:45.517,42.3229969,-71.1085177,11.65
3293,863240192,1769613765726,10:22:45.726,42.3229969,-71.1085177,11.65
3294,863502336,1769613765937,10:22:45.937,42.3229969,-71.1085177,11.65
3295,863764480,1769613766172,10:22:46.172,42.3229969,-71.1085177,11.65
3296,864026624,1769613766378,10:22:46.378,42.3229969,-71.1085177,11.65
3297,864288768,1769613766600,10:22:46.600,42.3229969,-71.1085177,11.65
3298,864550912,1769613766817,10:22:46.817,42.3229969,-71.1085177,11.65
3299,864813056,1769613767023,10:22:47.023,42.3229969,-71.1085177,11.65
3300,865075200,1769613767254,10:22:47.254,42.3229969,-71.1085177,11.65
3301,865337344,1769613767504,10:22:47.504,42.3229969,-71.1085177,11.65
3302,865599488,1769613767750,10:22:47.750,42.3229969,-71.1085177,11.65
3303,865861632,1769613767979,10:22:47.979,42.3229969,-71.1085177,11.65
3304,866123776,1769613769432,10:22:49.432,42.3229969,-71.1085177,11.65
3305,866385920,1769613771624,10:22:51.624,42.3229969,-71.1085177,11.65
3306,866648064,1769613773678,10:22:53.678,42.3229969,-71.1085177,11.65
3307,866910208,1769613774410,10:22:54.410,42.3229969,-71.1085177,11.65
3308,867172352,1769613775115,10:22:55.115,42.3229969,-71.1085177,11.65
3309,867434496,1769613775836,10:22:55.836,42.3229969,-71.1085177,11.65
3310,867696640,1769613776451,10:22:56.451,42.3229969,-71.1085177,11.65
3311,867958784,1769613776971,10:22:56.971,42.3229969,-71.1085177,11.65
3312,868220928,1769613777782,10:22:57.782,42.3229969,-71.1085177,11.65
3313,868483072,1769613778395,10:22:58.395,42.3229969,-71.1085177,11.65
3314,868745216,1769613779018,10:22:59.018,42.3229969,-71.1085177,11.65
3315,869007360,1769613779638,10:22:59.638,42.3229969,-71.1085177,11.65
3316,869269504,1769613780257,10:23:00.257,42.3229969,-71.1085177,11.65
3317,869531648,1769613780878,10:23:00.878,42.3229969,-71.1085177,11.65
3318,869793792,1769613781497,10:23:01.497,42.3229969,-71.1085177,11.65
3319,870055936,1769613782117,10:23:02.117,42.3229969,-71.1085177,11.65
3320,870318080,1769613782739,10:23:02.739,42.3229969,-71.1085177,11.65
3321,870580224,1769613783368,10:23:03.368,42.3229969,-71.1085177,11.65
3322,870842368,1769613783967,10:23:03.967,42.3229969,-71.1085177,11.65
3323,871104512,1769613784579,10:23:04.579,42.3229969,-71.1085177,11.65
3324,871366656,1769613785193,10:23:05.193,42.3229969,-71.1085177,11.65
3325,871628800,1769613785804,10:23:05.804,42.3229969,-71.1085177,11.65
3326,871890944,1769613786414,10:23:06.414,42.3229969,-71.1085177,11.65
3327,872153088,1769613787022,10:23:07.022,42.3229969,-71.1085177,11.65
3328,872415232,1769613787633,10:23:07.633,42.3229969,-71.1085177,11.65
3329,872677376,1769613788050,10:23:08.050,42.3229969,-71.1085177,11.65
3330,872939520,1769613788889,10:23:08.889,42.3229969,-71.1085177,11.65
3331,873201664,1769613796691,10:23:16.691,42.3229969,-71.1085177,11.65
3332,873463808,1769613796914,10:23:16.914,42.3229969,-71.1085177,11.65
3333,873725952,1769613797127,10:23:17.127,42.3229969,-71.1085177,11.65
3334,873988096,1769613797346,10:23:17.346,42.3229969,-71.1085177,11.65
3335,874250240,1769613797596,10:23:17.596,42.3229969,-71.1085177,11.65
3336,874512384,1769613798141,10:23:18.141,42.3229969,-71.1085177,11.65
3337,874774528,1769613798681,10:23:18.681,42.3229969,-71.1085177,11.65
3338,875036672,1769613799154,10:23:19.154,42.3229969,-71.1085177,11.65
3339,875298816,1769613799661,10:23:19.661,42.3229969,-71.1085177,11.65
3340,875560960,1769613800158,10:23:20.158,42.3229969,-71.1085177,11.65
3341,875823104,1769613800693,10:23:20.693,42.3229969,-71.1085177,11.65
3342,876085248,1769613801206,10:23:21.206,42.3229969,-71.1085177,11.65
3343,876347392,1769613801742,10:23:21.742,42.3229969,-71.1085177,11.65
3344,876609536,1769613802294,10:23:22.294,42.3229969,-71.1085177,11.65
3345,876871680,1769613802843,10:23:22.843,42.3229969,-71.1085177,11.65
3346,877133824,1769613803219,10:23:23.219,42.3229969,-71.1085177,11.65
3347,877395968,1769613804406,10:23:24.406,42.3229969,-71.1085177,11.65
3348,877658112,1769613805509,10:23:25.509,42.3229969,-71.1085177,11.65
3349,877920256,1769613806399,10:23:26.399,42.3229969,-71.1085177,11.65
3350,878182400,1769613807430,10:23:27.430,42.3229969,-71.1085177,11.65
3351,878444544,1769613809330,10:23:29.330,42.3229969,-71.1085177,11.65
3352,878706688,1769613811195,10:23:31.195,42.3229969,-71.1085177,11.65
3353,878968832,1769613812714,10:23:32.714,42.3229969,-71.1085177,11.65
3354,879230976,1769613813491,10:23:33.491,42.3229969,-71.1085177,11.65
3355,879493120,1769613814092,10:23:34.092,42.3229969,-71.1085177,11.65
3356,879755264,1769613814504,10:23:34.504,42.3229969,-71.1085177,11.65
3357,880017408,1769613815088,10:23:35.088,42.3229969,-71.1085177,11.65
3358,880279552,1769613815702,10:23:35.702,42.3229969,-71.1085177,11.65
3359,880541696,1769613816144,10:23:36.144,42.3229969,-71.1085177,11.65
3360,880803840,1769613816681,10:23:36.681,42.3229969,-71.1085177,11.65
3361,881065984,1769613817088,10:23:37.088,42.3229969,-71.1085177,11.65
3362,881328128,1769613817596,10:23:37.596,42.3229969,-71.1085177,11.65
3363,881590272,1769613818146,10:23:38.146,42.3229969,-71.1085177,11.65
3364,881852416,1769613818767,10:23:38.767,42.3229969,-71.1085177,11.65
3365,882114560,1769613819385,10:23:39.385,42.3229969,-71.1085177,11.65
3366,882376704,1769613820005,10:23:40.005,42.3229969,-71.1085177,11.65
3367,882638848,1769613820627,10:23:40.627,42.3229969,-71.1085177,11.65
3368,882900992,1769613821245,10:23:41.245,42.3229969,-71.1085177,11.65
3369,883163136,1769613821867,10:23:41.867,42.3229969,-71.1085177,11.65
3370,883425280,1769613822487,10:23:42.487,42.3229969,-71.1085177,11.65
3371,883687424,1769613823118,10:23:43.118,42.3229969,-71.1085177,11.65
3372,883949568,1769613823735,10:23:43.735,42.3229969,-71.1085177,11.65
3373,884211712,1769613824353,10:23:44.353,42.3229969,-71.1085177,11.65
3374,884473856,1769613824970,10:23:44.970,42.3229969,-71.1085177,11.65
3375,884736000,1769613825586,10:23:45.586,42.3229969,-71.1085177,11.65
3376,884998144,1769613826205,10:23:46.205,42.3229969,-71.1085177,11.65
3377,885260288,1769613826819,10:23:46.819,42.3229969,-71.1085177,11.65
3378,885522432,1769613827434,10:23:47.434,42.3229969,-71.1085177,11.65
3379,885784576,1769613827948,10:23:47.948,42.3229969,-71.1085177,11.65
3380,886046720,1769613828447,10:23:48.447,42.3229969,-71.1085177,11.65
3381,886308864,1769613829331,10:23:49.331,42.3229969,-71.1085177,11.65
3382,886571008,1769613830275,10:23:50.275,42.3229969,-71.1085177,11.65
3383,886833152,1769613838410,10:23:58.410,42.3229969,-71.1085177,11.65
3384,887095296,1769613838642,10:23:58.642,42.3229969,-71.1085177,11.65
3385,887357440,1769613838883,10:23:58.883,42.3229969,-71.1085177,11.65
3386,887619584,1769613839117,10:23:59.117,42.3229969,-71.1085177,11.65
3387,887881728,1769613839361,10:23:59.361,42.3229969,-71.1085177,11.65
3388,888143872,1769613839592,10:23:59.592,42.3229969,-71.1085177,11.65
3389,888406016,1769613839810,10:23:59.810,42.3229969,-71.1085177,11.65
3390,888668160,1769613840021,10:24:00.021,42.3229969,-71.1085177,11.65
3391,888930304,1769613840233,10:24:00.233,42.3229969,-71.1085177,11.65
3392,889192448,1769613840446,10:24:00.446,42.3229969,-71.1085177,11.65
3393,889454592,1769613840655,10:24:00.655,42.3229969,-71.1085177,11.65
3394,889716736,1769613841111,10:24:01.111,42.3229969,-71.1085177,11.65
3395,889978880,1769613841708,10:24:01.708,42.3229969,-71.1085177,11.65
3396,890241024,1769613842308,10:24:02.308,42.3229969,-71.1085177,11.65
3397,890503168,1769613842860,10:24:02.860,42.3229969,-71.1085177,11.65
3398,890765312,1769613843241,10:24:03.241,42.3229969,-71.1085177,11.65
3399,891027456,1769613843585,10:24:03.585,42.3229969,-71.1085177,11.65
3400,891289600,1769613844606,10:24:04.606,42.3229969,-71.1085177,11.65
3401,891551744,1769613845171,10:24:05.171,42.3229969,-71.1085177,11.65
3402,891813888,1769613845649,10:24:05.649,42.3229969,-71.1085177,11.65
3403,892076032,1769613846420,10:24:06.420,42.3229969,-71.1085177,11.65
3404,892338176,1769613847217,10:24:07.217,42.3229969,-71.1085177,11.65
3405,892600320,1769613848450,10:24:08.450,42.3229969,-71.1085177,11.65
3406,892862464,1769613849817,10:24:09.817,42.3229969,-71.1085177,11.65
3407,893124608,1769613851649,10:24:11.649,42.3229969,-71.1085177,11.65
3408,893386752,1769613852813,10:24:12.813,42.3229969,-71.1085177,11.65
3409,893648896,1769613853299,10:24:13.299,42.3229969,-71.1085177,11.65
3410,893911040,1769613853663,10:24:13.663,42.3229969,-71.1085177,11.65
3411,894173184,1769613854159,10:24:14.159,42.3229969,-71.1085177,11.65
3412,894435328,1769613854653,10:24:14.653,42.3229969,-71.1085177,11.65
3413,894697472,1769613855190,10:24:15.190,42.3229969,-71.1085177,11.65
3414,894959616,1769613855704,10:24:15.704,42.3229969,-71.1085177,11.65
3415,895221760,1769613856192,10:24:16.192,42.3229969,-71.1085177,11.65
3416,895483904,1769613856690,10:24:16.690,42.3229969,-71.1085177,11.65
3417,895746048,1769613857196,10:24:17.196,42.3229969,-71.1085177,11.65
3418,896008192,1769613857660,10:24:17.660,42.3229969,-71.1085177,11.65
3419,896270336,1769613858031,10:24:18.031,42.3229969,-71.1085177,11.65
3420,896532480,1769613858781,10:24:18.781,42.3229969,-71.1085177,11.65
3421,896794624,1769613859435,10:24:19.435,42.3229969,-71.1085177,11.65
3422,897056768,1769613860102,10:24:20.102,42.3229969,-71.1085177,11.65
3423,897318912,1769613861031,10:24:21.031,42.3229969,-71.1085177,11.65
3424,897581056,1769613861917,10:24:21.917,42.3229969,-71.1085177,11.65
3425,897843200,1769613870508,10:24:30.508,42.3229969,-71.1085177,11.65
3426,898105344,1769613870741,10:24:30.741,42.3229969,-71.1085177,11.65
3427,898367488,1769613870978,10:24:30.978,42.3229969,-71.1085177,11.65
3428,898629632,1769613871201,10:24:31.201,42.3229969,-71.1085177,11.65
3429,898891776,1769613871439,10:24:31.439,42.3229969,-71.1085177,11.65
3430,899153920,1769613871677,10:24:31.677,42.3229969,-71.1085177,11.65
3431,899416064,1769613871892,10:24:31.892,42.3229969,-71.1085177,11.65
3432,899678208,1769613872118,10:24:32.118,42.3229969,-71.1085177,11.65
3433,899940352,1769613872335,10:24:32.335,42.3229969,-71.1085177,11.65
3434,900202496,1769613872556,10:24:32.556,42.3229969,-71.1085177,11.65
3435,900464640,1769613872797,10:24:32.797,42.3229969,-71.1085177,11.65
3436,900726784,1769613873022,10:24:33.022,42.3229969,-71.1085177,11.65
3437,900988928,1769613873241,10:24:33.241,42.3229969,-71.1085177,11.65
3438,901251072,1769613873453,10:24:33.453,42.3229969,-71.1085177,11.65
3439,901513216,1769613873676,10:24:33.676,42.3229969,-71.1085177,11.65
3440,901775360,1769613873903,10:24:33.903,42.3229969,-71.1085177,11.65
3441,902037504,1769613874117,10:24:34.117,42.3229969,-71.1085177,11.65
3442,902299648,1769613874337,10:24:34.337,42.3229969,-71.1085177,11.65
3443,902561792,1769613874558,10:24:34.558,42.3229969,-71.1085177,11.65
3444,902823936,1769613874785,10:24:34.785,42.3229969,-71.1085177,11.65
3445,903086080,1769613875013,10:24:35.013,42.3229969,-71.1085177,11.65
3446,903348224,1769613875265,10:24:35.265,42.3229969,-71.1085177,11.65
3447,903610368,1769613876147,10:24:36.147,42.3229969,-71.1085177,11.65
3448,903872512,1769613877230,10:24:37.230,42.3229969,-71.1085177,11.65
3449,904134656,1769613878236,10:24:38.236,42.3229969,-71.1085177,11.65
3450,904396800,1769613879000,10:24:39.000,42.3229969,-71.1085177,11.65
3451,904658944,1769613880507,10:24:40.507,42.3229969,-71.1085177,11.65
3452,904921088,1769613881231,10:24:41.231,42.3229969,-71.1085177,11.65
3453,905183232,1769613882297,10:24:42.297,42.3229969,-71.1085177,11.65
3454,905445376,1769613882912,10:24:42.912,42.3229969,-71.1085177,11.65
3455,905707520,1769613883249,10:24:43.249,42.3229969,-71.1085177,11.65
3456,905969664,1769613883583,10:24:43.583,42.3229969,-71.1085177,11.65
3457,906231808,1769613883988,10:24:43.988,42.3229969,-71.1085177,11.65
3458,906493952,1769613884367,10:24:44.367,42.3229969,-71.1085177,11.65
3459,906756096,1769613884714,10:24:44.714,42.3229969,-71.1085177,11.65
3460,907018240,1769613885103,10:24:45.103,42.3229969,-71.1085177,11.65
3461,907280384,1769613885417,10:24:45.417,42.3229969,-71.1085177,11.65
3462,907542528,1769613885768,10:24:45.768,42.3229969,-71.1085177,11.65
3463,907804672,1769613886118,10:24:46.118,42.3229969,-71.1085177,11.65
3464,908066816,1769613886471,10:24:46.471,42.3229969,-71.1085177,11.65
3465,908328960,1769613886856,10:24:46.856,42.3229969,-71.1085177,11.65
3466,908591104,1769613887306,10:24:47.306,42.3229969,-71.1085177,11.65
3467,908853248,1769613887697,10:24:47.697,42.3229969,-71.1085177,11.65
3468,909115392,1769613888051,10:24:48.051,42.3229969,-71.1085177,11.65
3469,909377536,1769613888399,10:24:48.399,42.3229969,-71.1085177,11.65
3470,909639680,1769613888888,10:24:48.888,42.3229969,-71.1085177,11.65
3471,909901824,1769613889370,10:24:49.370,42.3229969,-71.1085177,11.65
3472,910163968,1769613889600,10:24:49.600,42.3229969,-71.1085177,11.65
3473,910426112,1769613889994,10:24:49.994,42.3229969,-71.1085177,11.65
3474,910688256,1769613890344,10:24:50.344,42.3229969,-71.1085177,11.65
3475,910950400,1769613890691,10:24:50.691,42.3229969,-71.1085177,11.65
3476,911212544,1769613891181,10:24:51.181,42.3229969,-71.1085177,11.65
3477,911474688,1769613891963,10:24:51.963,42.3229969,-71.1085177,11.65
3478,911736832,1769613892385,10:24:52.385,42.3229969,-71.1085177,11.65
3479,911998976,1769613892734,10:24:52.734,42.3229969,-71.1085177,11.65
3480,912261120,1769613901444,10:25:01.444,42.3229969,-71.1085177,11.65
3481,912523264,1769613901679,10:25:01.679,42.3229969,-71.1085177,11.65
3482,912785408,1769613901899,10:25:01.899,42.3229969,-71.1085177,11.65
3483,913047552,1769613902111,10:25:02.111,42.3229969,-71.1085177,11.65
3484,913309696,1769613902321,10:25:02.321,42.3229969,-71.1085177,11.65
3485,913571840,1769613902538,10:25:02.538,42.3229969,-71.1085177,11.65
3486,913833984,1769613902764,10:25:02.764,42.3229969,-71.1085177,11.65
3487,914096128,1769613902989,10:25:02.989,42.3229969,-71.1085177,11.65
3488,914358272,1769613903230,10:25:03.230,42.3229969,-71.1085177,11.65
3489,914620416,1769613903464,10:25:03.464,42.3229969,-71.1085177,11.65
3490,914882560,1769613903702,10:25:03.702,42.3229969,-71.1085177,11.65
3491,915144704,1769613903932,10:25:03.932,42.3229969,-71.1085177,11.65
3492,915406848,1769613904141,10:25:04.141,42.3229969,-71.1085177,11.65
3493,915668992,1769613904365,10:25:04.365,42.3229969,-71.1085177,11.65
3494,915931136,1769613904599,10:25:04.599,42.3229969,-71.1085177,11.65
3495,916193280,1769613904815,10:25:04.815,42.3229969,-71.1085177,11.65
3496,916455424,1769613905051,10:25:05.051,42.3229969,-71.1085177,11.65
3497,916717568,1769613905291,10:25:05.291,42.3229969,-71.1085177,11.65
3498,916979712,1769613905531,10:25:05.531,42.3229969,-71.1085177,11.65
3499,917241856,1769613905749,10:25:05.749,42.3229969,-71.1085177,11.65
3500,917504000,1769613905984,10:25:05.984,42.3229969,-71.1085177,11.65
3501,917766144,1769613906232,10:25:06.232,42.3229969,-71.1085177,11.65
3502,918028288,1769613906465,10:25:06.465,42.3229969,-71.1085177,11.65
3503,918290432,1769613906700,10:25:06.700,42.3229969,-71.1085177,11.65
3504,918552576,1769613907494,10:25:07.494,42.3229969,-71.1085177,11.65
3505,918814720,1769613908490,10:25:08.490,42.3229969,-71.1085177,11.65
3506,919076864,1769613909463,10:25:09.463,42.3229969,-71.1085177,11.65
3507,919339008,1769613910377,10:25:10.377,42.3229969,-71.1085177,11.65
3508,919601152,1769613911270,10:25:11.270,42.3229969,-71.1085177,11.65
3509,919863296,1769613912084,10:25:12.084,42.3229969,-71.1085177,11.65
3510,920125440,1769613912844,10:25:12.844,42.3229969,-71.1085177,11.65
3511,920387584,1769613913326,10:25:13.326,42.3229969,-71.1085177,11.65
3512,920649728,1769613913589,10:25:13.589,42.3229969,-71.1085177,11.65
3513,920911872,1769613913985,10:25:13.985,42.3229969,-71.1085177,11.65
3514,921174016,1769613914444,10:25:14.444,42.3229969,-71.1085177,11.65
3515,921436160,1769613914727,10:25:14.727,42.3229969,-71.1085177,11.65
3516,921698304,1769613915077,10:25:15.077,42.3229969,-71.1085177,11.65
3517,921960448,1769613915553,10:25:15.553,42.3229969,-71.1085177,11.65
3518,922222592,1769613915957,10:25:15.957,42.3229969,-71.1085177,11.65
3519,922484736,1769613916304,10:25:16.304,42.3229969,-71.1085177,11.65
