pkt_idx,pcap_ts,rf_channel,pdu_type,adv_addr,access_address,cfo_quick_hz,cfo_centroid_hz,cfo_two_stage_hz,cfo_std_hz,cfo_std_sym_hz,iq_gain_alpha,iq_phase_deg_deg,rise_time_us,psd_centroid_hz,psd_pnr_db,bw_3db_hz,gated_len_us,cfo_two_stage_coarse_hz,joint_fo_hz,joint_I0,joint_Q0,joint_eps,joint_phi_deg,joint_A,joint_iters,joint_cost,cfo_exact_quick_hz,cfo_exact_ls_hz,sample_start,sample_end,cfo_equal_00_hz,cfo_equal_11_hz,cfo_jump_10_hz,cfo_jump_01_hz
0,1764277989.748233318,37,0,C9:06:43:F9:43:3F,8E89BED6,-15947.168176,3292.539325,-15947.168570,335435.493125,249568.438628,0.980349,55.563060,2.500000,7689.897514,21.183234,367021.276596,376.000000,-8410.345703,0.000000,0.000000,0.000000,0.000000,0.000000,1.000000,0,0.000000,-7071.142090,-4529.995117,254971,255723,-11083.839538,-51479.136633,-24441.169776,-7361.884604
1,1764277991.705651045,37,0,C9:06:43:F9:43:3F,8E89BED6,-16080.909393,4258.580441,-16080.909570,345452.257139,246974.021539,1.010688,39.517478,3.000000,7403.040274,21.106465,367021.276596,376.000000,-8373.389648,0.000000,0.000000,0.000000,0.000000,0.000000,1.000000,0,0.000000,-42416.613281,-12164.848633,4267010,4267762,-25027.742076,-63219.938549,-13369.260180,17948.476785
2,1764277991.741724253,37,0,C9:06:43:F9:43:3F,8E89BED6,-15803.500769,4443.392310,-15803.501283,345139.405197,260978.284693,1.009381,40.275751,3.000000,7263.473049,21.060790,367021.276596,376.000000,-8380.340820,0.000000,0.000000,0.000000,0.000000,0.000000,1.000000,0,0.000000,-42416.613281,-12218.697266,4267011,4267763,3893.209591,-26388.094635,-30792.900235,-8113.071146
3,1764277993.686396837,37,0,C9:06:43:F9:43:3F,8E89BED6,-14970.611850,4497.758183,-14970.610908,339131.550620,257503.227877,0.984753,-53.282351,3.000000,8546.136488,21.133114,367021.276596,376.000000,-8174.502441,0.000000,0.000000,0.000000,0.000000,0.000000,1.000000,0,0.000000,-51550.914062,-1796.052124,8280587,8281339,-17576.198683,-55060.185759,-24401.807996,2317.763689
4,1764277993.731636047,37,0,C9:06:43:F9:43:3F,8E89BED6,-14518.556827,4683.935312,-14518.555995,339133.690165,267887.893791,0.986205,-52.679188,3.000000,8405.954043,21.117046,367021.276596,376.000000,-8034.171875,0.000000,0.000000,0.000000,0.000000,0.000000,1.000000,0,0.000000,-47619.390625,-1858.127319,8280588,8281340,13069.825224,-7168.663876,-22792.257280,-9643.984046
5,1764277995.908930063,37,0,C9:06:43:F9:43:3F,8E89BED6,-16579.360540,4137.011417,-16579.361231,346260.985717,270877.346124,1.071265,7.935257,2.500000,6921.898090,21.083142,369680.851064,376.000000,-9250.765625,0.000000,0.000000,0.000000,0.000000,0.000000,1.000000,0,0.000000,-14931.886719,-18481.884766,12293415,12294167,-6900.074673,-46641.085109,-26878.871284,-9477.670105
6,1764277997.884108782,37,0,C9:06:43:F9:43:3F,8E89BED6,-16265.916825,3781.711128,-16265.916355,346893.605672,253263.750032,1.036480,-30.552116,3.000000,7424.585733,21.179637,367021.276596,376.000000,-8471.085938,0.000000,0.000000,0.000000,0.000000,0.000000,1.000000,0,0.000000,-72185.960938,-13595.481445,16299585,16300337,-18603.167591,-62352.553117,-23667.465046,9494.014165
7,1764277997.924900293,37,0,C9:06:43:F9:43:3F,8E89BED6,-15912.877477,3964.584327,-15912.876615,346926.786824,263242.346426,1.038271,-29.949954,3.000000,7284.482519,21.202972,367021.276596,376.000000,-8476.138672,0.000000,0.000000,0.000000,0.000000,0.000000,1.000000,0,0.000000,-72185.960938,-13638.755859,16299586,16300338,6139.131312,-20692.948958,-30190.855118,-10848.330804
8,1764277999.895578384,37,0,C9:06:43:F9:43:3F,8E89BED6,-16901.549908,2567.331303,-16901.550776,327436.267809,241217.007045,0.943600,-73.394384,2.500000,6879.965138,21.003144,369680.851064,376.000000,-9889.987305,0.000000,0.000000,0.000000,0.000000,0.000000,1.000000,0,0.000000,-19665.560547,-2811.905762,20312593,20313345,-24816.878919,-74659.084394,-21497.028705,10407.381243
9,1764277999.933879614,37,0,C9:06:43:F9:43:3F,8E89BED6,-16692.048110,2740.033621,-16692.047579,326218.121303,243485.579895,0.942966,-73.023580,2.500000,6737.763585,21.011673,369680.851064,376.000000,-9974.447266,0.000000,0.000000,0.000000,0.000000,0.000000,1.000000,0,0.000000,-19665.560547,-2938.412354,20312594,20313346,5892.694062,-37451.141007,-31589.820804,-21751.268548
10,1764278001.994304180,37,0,C9:06:43:F9:43:3F,8E89BED6,-15552.918465,5541.753192,-15552.918216,331909.722599,254352.914397,0.977770,53.442847,2.500000,8035.173582,21.039959,367021.276596,376.000000,-8355.639648,0.000000,0.000000,0.000000,0.000000,0.000000,1.000000,0,0.000000,-29016.261719,-5255.205566,24326661,24327413,-12223.794698,-48509.449783,-25645.725747,-1694.609058
11,1764278002.042042255,37,0,C9:06:43:F9:43:3F,8E89BED6,-15091.803293,5728.239216,-15091.802987,331254.359839,266763.268588,0.976590,54.032316,2.500000,7890.914685,21.054308,367021.276596,376.000000,-8164.014648,0.000000,0.000000,0.000000,0.000000,0.000000,1.000000,0,0.000000,-29016.261719,-5340.687012,24326662,24327414,11628.597724,1583.792733,-31665.302319,-257.524176
12,1764278003.964331150,37,0,C9:06:43:F9:43:3F,8E89BED6,-15737.370501,4670.587344,-15737.369754,349292.893733,251541.088267,1.038220,24.790383,2.500000,7663.597101,21.148027,367021.276596,376.000000,-8680.826172,0.000000,0.000000,0.000000,0.000000,0.000000,1.000000,0,0.000000,-8412.246094,-936.459656,28337531,28338283,-1780.400651,-39252.774942,-28999.442163,-5997.259847
13,1764278006.044819117,37,0,C9:06:43:F9:43:3F,8E89BED6,-16324.847619,3351.077695,-16324.847286,357341.312233,272514.307416,0.919146,70.993673,3.000000,7398.838269,21.392207,369680.851064,376.000000,-10315.178711,0.000000,0.000000,0.000000,0.000000,0.000000,1.000000,0,0.000000,-44054.773438,-3164.134033,32345835,32346587,-17185.273963,-62591.367344,-24672.480266,-4590.193659
14,1764278006.079576015,37,0,C9:06:43:F9:43:3F,8E89BED6,-15901.900786,3541.638120,-15901.899998,356687.260840,286169.371754,0.917582,71.338535,3.000000,7260.223071,21.368674,369680.851064,376.000000,-10228.721680,0.000000,0.000000,0.000000,0.000000,0.000000,1.000000,0,0.000000,-40176.480469,-3289.074951,32345836,32346588,10250.416872,-19449.966887,-28636.325613,-13496.170981
15,1764278008.184601545,37,0,C9:06:43:F9:43:3F,8E89BED6,-16004.286691,5666.040908,-16004.287631,339596.606159,245250.511155,1.020033,11.658282,2.500000,7566.523063,20.900492,367021.276596,376.000000,-9331.998047,0.000000,0.000000,0.000000,0.000000,0.000000,1.000000,0,0.000000,-82922.375000,-15859.000000,36345683,36346435,-21368.240536,-62673.790027,-29802.090706,25043.360861
16,1764278008.223115444,37,0,C9:06:43:F9:43:3F,8E89BED6,-15717.841578,5860.696636,-15717.842335,339339.104813,277817.726409,1.018290,11.664878,2.500000,7424.783312,20.957097,367021.276596,376.000000,-9346.273438,0.000000,0.000000,0.000000,0.000000,0.000000,1.000000,0,0.000000,-82922.375000,-15870.482422,36345684,36346436,9881.543700,-31946.438175,-38829.590424,-9453.435941
17,1764278010.179147720,37,0,C9:06:43:F9:43:3F,8E89BED6,-16832.428122,3860.874068,-16832.427700,342709.709045,252913.860054,1.056601,-8.939016,3.000000,7194.490210,21.052451,369680.851064,376.000000,-9746.549805,0.000000,0.000000,0.000000,0.000000,0.000000,1.000000,0,0.000000,-63902.949219,-14004.804688,40350378,40351130,-20708.117139,-66505.376104,-14769.953835,12654.487420
18,1764278010.215292931,37,0,C9:06:43:F9:43:3F,8E89BED6,-16531.865304,4025.688990,-16531.865535,342475.590266,263617.730419,1.056834,-8.064600,3.000000,7053.726206,21.037240,369680.851064,376.000000,-9845.739258,0.000000,0.000000,0.000000,0.000000,0.000000,1.000000,0,0.000000,-63902.949219,-14077.954102,40350379,40351131,1325.256399,-33201.260805,-27919.181554,-11423.714685
19,1764278012.243078470,37,0,C9:06:43:F9:43:3F,8E89BED6,-16394.693319,3762.990050,-16394.694636,344623.096420,254389.698161,1.045573,28.066137,2.500000,7128.606155,21.925314,367021.276596,376.000000,-8637.153320,0.000000,0.000000,0.000000,0.000000,0.000000,1.000000,0,0.000000,-36275.957031,1342.944702,44357717,44358469,-26330.446712,-64390.558722,-25922.312749,21051.764516
20,1764278012.281350851,37,0,C9:06:43:F9:43:3F,8E89BED6,-16127.410488,3958.808023,-16127.410765,344637.797820,258756.607164,1.044373,28.682929,2.500000,6983.053624,21.909810,367021.276596,376.000000,-8691.642578,0.000000,0.000000,0.000000,0.000000,0.000000,1.000000,0,0.000000,-35723.683594,1216.188477,44357718,44358470,5396.080639,-28799.505427,-33554.368799,-17835.290122
21,1764278014.321873903,37,0,C9:06:43:F9:43:3F,8E89BED6,-16510.025118,4147.008031,-16510.024035,344359.399961,248361.106217,0.965947,-60.923452,2.500000,7171.598177,21.281968,369680.851064,376.000000,-9023.844727,0.000000,0.000000,0.000000,0.000000,0.000000,1.000000,0,0.000000,-13277.045898,-10545.543945,48359282,48360034,-4533.239636,-46050.374470,-35939.825517,-7996.663613
22,1764278016.468107224,37,0,C9:06:43:F9:43:3F,8E89BED6,-15793.133640,4449.709681,-15793.133404,339291.749323,260616.942957,0.971942,58.330346,2.500000,8010.772264,21.007057,367021.276596,376.000000,-8813.411133,0.000000,0.000000,0.000000,0.000000,0.000000,1.000000,0,0.000000,-36712.140625,-10187.919922,52249089,52249841,-12122.876331,-53905.054305,-24296.459243,-4897.250434
23,1764278016.520458698,37,0,C9:06:43:F9:43:3F,8E89BED6,-15286.080867,4639.733452,-15286.081033,338538.947245,275698.601297,0.971267,58.987514,2.500000,7871.882417,21.020357,369680.851064,376.000000,-8665.012695,0.000000,0.000000,0.000000,0.000000,0.000000,1.000000,0,0.000000,-29463.355469,-10294.498047,52249090,52249842,9587.422870,-2596.637789,-25351.605886,-8428.274677
24,1764278018.555570602,37,0,C9:06:43:F9:43:3F,8E89BED6,-15703.492265,4417.686663,-15703.491667,329703.974472,236683.997004,1.073408,2.110050,2.500000,8002.446020,21.200344,369680.851064,376.000000,-8947.517578,0.000000,0.000000,0.000000,0.000000,0.000000,1.000000,0,0.000000,-60016.886719,-15457.747070,56250799,56251551,-10237.205593,-55431.653847,-22600.306775,-1947.714595
25,1764278018.587781429,37,0,C9:06:43:F9:43:3F,8E89BED6,-15320.635807,4606.592164,-15320.635126,329668.647617,249347.734472,1.073820,2.816307,2.500000,7862.587806,21.247824,369680.851064,376.000000,-8842.677734,0.000000,0.000000,0.000000,0.000000,0.000000,1.000000,0,0.000000,-60016.886719,-15513.804688,56250800,56251552,17114.301036,-7309.515145,-25741.713383,-12178.424098
27,1764278022.683123350,37,0,C9:06:43:F9:43:3F,8E89BED6,-16312.440474,4483.751891,-16312.440622,339062.944679,253943.419641,0.947716,-75.252071,2.500000,7613.810687,20.877798,369680.851064,376.000000,-9173.105469,0.000000,0.000000,0.000000,0.000000,0.000000,1.000000,0,0.000000,-55641.535156,-7017.844238,64041872,64042624,-13507.023627,-57644.298066,-22948.091092,-8106.133538
28,1764278022.721070528,37,0,C9:06:43:F9:43:3F,8E89BED6,-15798.604662,4664.607340,-15798.604690,337869.804452,252527.229291,0.948529,-74.363563,2.500000,7473.350858,20.889377,369680.851064,376.000000,-8984.478516,0.000000,0.000000,0.000000,0.000000,0.000000,1.000000,0,0.000000,-55327.070312,-7089.327148,64041873,64042625,11704.843796,-3904.192235,-30112.579291,-11681.180938
29,1764278024.763509750,37,0,C9:06:43:F9:43:3F,8E89BED6,-16523.609233,2888.628884,-16523.609217,354032.835534,270991.745614,1.067970,15.395955,2.500000,6803.431558,21.172949,367021.276596,376.000000,-9217.364258,0.000000,0.000000,0.000000,0.000000,0.000000,1.000000,0,0.000000,-40361.296875,-2543.506104,68057378,68058130,-23750.010874,-71401.583917,-24331.093902,26168.980941
30,1764278024.806507826,37,0,C9:06:43:F9:43:3F,8E89BED6,-16374.259851,3051.240355,-16374.259686,352463.248132,250425.126259,1.068195,15.939880,2.500000,6660.101469,21.143747,367021.276596,376.000000,-9380.708984,0.000000,0.000000,0.000000,0.000000,0.000000,1.000000,0,0.000000,-40303.882812,-2597.978271,68057379,68058131,1803.028160,-35541.358040,-30598.446784,-12451.223734
31,1764278026.550103903,37,0,C9:06:43:F9:43:3F,8E89BED6,-16745.964045,3971.790143,-16745.964604,324986.890404,231760.010453,0.961195,-71.998117,2.500000,6944.788923,20.599589,367021.276596,376.000000,-9518.624023,0.000000,0.000000,0.000000,0.000000,0.000000,1.000000,0,0.000000,-46142.871094,-12328.524414,71931381,71932133,-22097.952915,-70361.126776,-22379.712499,12913.986033
32,1764278026.584125996,37,0,C9:06:43:F9:43:3F,8E89BED6,-16482.505448,4161.013216,-16482.505310,323052.091901,242032.104739,0.962991,-71.136233,2.500000,6804.939814,20.571468,367021.276596,376.000000,-9511.420898,0.000000,0.000000,0.000000,0.000000,0.000000,1.000000,0,0.000000,-41425.718750,-12405.710938,71931382,71932134,2723.789537,-31722.373492,-30370.506086,-20157.551986
33,1764278028.631486416,37,0,C9:06:43:F9:43:3F,8E89BED6,-16400.207140,3234.497096,-16400.206204,347504.941534,268544.680028,0.961723,-65.076872,2.500000,7273.593349,21.365490,367021.276596,376.000000,-8703.166016,0.000000,0.000000,0.000000,0.000000,0.000000,1.000000,0,0.000000,-4361.404297,4525.556152,75944354,75945106,-23936.885633,-67033.337088,-23030.208955,22119.793308
34,1764278028.681611538,37,0,C9:06:43:F9:43:3F,8E89BED6,-16199.193828,3412.153463,-16199.193498,347362.135654,262934.620998,0.963147,-64.218145,2.500000,7132.955198,21.320199,367021.276596,376.000000,-8755.423828,0.000000,0.000000,0.000000,0.000000,0.000000,1.000000,0,0.000000,-1998.555420,4396.160156,75944355,75945107,1008.895498,-31741.401050,-30179.297145,-13522.585250
35,1764278030.700627089,37,0,C9:06:43:F9:43:3F,8E89BED6,-15949.031133,4364.546501,-15949.030885,333756.354835,266160.265055,0.995171,47.565943,2.500000,7569.948166,21.158159,369680.851064,376.000000,-8505.032227,0.000000,0.000000,0.000000,0.000000,0.000000,1.000000,0,0.000000,-10580.775391,-234.573700,79955856,79956608,-11549.823174,-49025.350952,-22949.569562,-10985.454527
36,1764278032.869580269,37,0,C9:06:43:F9:43:3F,8E89BED6,-16444.705785,4859.089169,-16444.705733,360795.275593,291777.124653,0.946310,66.861177,3.000000,7032.255877,21.474522,369680.851064,376.000000,-9071.174805,0.000000,0.000000,0.000000,0.000000,0.000000,1.000000,0,0.000000,-10076.065430,-9895.244141,83815173,83815925,-7114.073856,-43248.720834,-26912.245272,-6273.137703
37,1764278034.950901031,37,0,C9:06:43:F9:43:3F,8E89BED6,-16936.054345,2847.308976,-16936.053672,353677.193981,265496.437468,0.961104,57.230829,2.500000,6618.017256,21.566106,367021.276596,376.000000,-10108.152344,0.000000,0.000000,0.000000,0.000000,0.000000,1.000000,0,0.000000,-57545.765625,-11475.714844,87817069,87817821,-24638.996290,-71693.421342,-21713.756305,17536.660735
38,1764278034.996229410,37,0,C9:06:43:F9:43:3F,8E89BED6,-16745.192737,3023.473971,-16745.192744,353576.496288,270681.276856,0.959515,57.626413,2.500000,6477.024131,21.626991,367021.276596,376.000000,-10175.062500,0.000000,0.000000,0.000000,0.000000,0.000000,1.000000,0,0.000000,-55717.671875,-11453.580078,87817070,87817822,-1908.795014,-36271.454948,-32373.050741,-10219.250332
41,1764278036.981070042,37,0,C9:06:43:F9:43:3F,8E89BED6,-16631.525733,3593.021682,-16631.525537,343512.073640,246632.984393,1.051988,19.392735,2.500000,6724.839990,21.420171,367021.276596,376.000000,-7377.819336,0.000000,0.000000,0.000000,0.000000,0.000000,1.000000,0,0.000000,-55294.781250,-4079.914551,91806837,91807589,-26772.601751,-69105.550548,-25764.775346,22142.990427
42,1764278037.023211479,37,0,C9:06:43:F9:43:3F,8E89BED6,-16418.336126,3765.437709,-16418.337010,342756.717619,273493.433876,1.052650,19.748102,2.500000,6581.244534,21.407871,367021.276596,376.000000,-7435.907227,0.000000,0.000000,0.000000,0.000000,0.000000,1.000000,0,0.000000,-50709.183594,-4166.808105,91806838,91807590,2215.224362,-30630.303661,-38924.435262,-13445.711639
43,1764278039.268973827,37,0,C9:06:43:F9:43:3F,8E89BED6,-16638.207757,3735.098666,-16638.208877,331205.502017,239320.614341,0.948164,-65.546043,2.500000,6897.390665,21.638011,367021.276596,376.000000,-8958.269531,0.000000,0.000000,0.000000,0.000000,0.000000,1.000000,0,0.000000,-25648.634766,-4793.976074,95814029,95814781,-27653.743403,-59528.678526,-23702.145774,25653.499436
44,1764278039.312629700,37,0,C9:06:43:F9:43:3F,8E89BED6,-16530.530882,3897.370300,-16530.531427,331175.992992,250026.243749,0.947753,-65.276584,2.500000,6754.533755,21.598175,369680.851064,376.000000,-9072.215820,0.000000,0.000000,0.000000,0.000000,0.000000,1.000000,0,0.000000,-25648.634766,-4931.548828,95814030,95814782,3750.622662,-36163.876633,-36782.870713,-9954.068223
45,1764278041.500509024,37,0,C9:06:43:F9:43:3F,8E89BED6,-15185.688616,4241.126276,-15185.686907,317849.439620,231155.508329,0.996653,46.963445,3.000000,8549.737632,20.830707,367021.276596,376.000000,-8468.297852,0.000000,0.000000,0.000000,0.000000,0.000000,1.000000,0,0.000000,-28729.759766,-5391.664551,99813919,99814671,-16916.358514,-55402.673925,-29632.576062,5099.349502
46,1764278041.532552004,37,0,C9:06:43:F9:43:3F,8E89BED6,-14709.062352,4455.971451,-14709.060622,317174.740538,252229.483655,0.995448,47.754645,3.000000,8404.323831,20.691363,367021.276596,376.000000,-8281.125000,0.000000,0.000000,0.000000,0.000000,0.000000,1.000000,0,0.000000,-24407.703125,-5436.520996,99813920,99814672,11137.720840,-9679.232273,-26200.763427,-6572.280454
47,1764278043.549646139,37,0,C9:06:43:F9:43:3F,8E89BED6,-15044.397483,3858.250876,-15044.396254,324905.546073,266000.042541,1.008347,39.979405,3.000000,8580.979296,20.753356,367021.276596,376.000000,-8527.724609,0.000000,0.000000,0.000000,0.000000,0.000000,1.000000,0,0.000000,-8319.492188,-11773.475586,103815361,103816113,-11270.239043,-55728.939096,-17736.600306,-1740.534164
48,1764278043.598207235,37,0,C9:06:43:F9:43:3F,8E89BED6,-14548.909347,4064.986396,-14548.910112,324717.428939,241427.047594,1.007644,40.202721,3.000000,8442.024516,20.712079,367021.276596,376.000000,-8345.717773,0.000000,0.000000,0.000000,0.000000,0.000000,1.000000,0,0.000000,-8319.492188,-11909.035156,103815362,103816114,11872.167173,-11325.004776,-21902.092590,-14210.757541
49,1764278045.762554646,37,0,C9:06:43:F9:43:3F,8E89BED6,-16943.020900,4004.051326,-16943.021022,322534.110491,257204.052131,0.993255,47.057084,2.500000,6454.223888,21.098325,369680.851064,376.000000,-8543.646484,0.000000,0.000000,0.000000,0.000000,0.000000,1.000000,0,0.000000,-6954.592773,1742.267822,107815793,107816545,-6079.077380,-46364.200708,-27331.943326,-7609.755599
50,1764278047.736579180,37,0,C9:06:43:F9:43:3F,8E89BED6,-16295.638268,3516.589017,-16295.637758,342120.444510,270976.448043,0.940051,80.977390,2.500000,7280.380435,21.185130,367021.276596,376.000000,-7956.270996,0.000000,0.000000,0.000000,0.000000,0.000000,1.000000,0,0.000000,-3459.452393,946.211670,111634559,111635311,-5611.344819,-45015.536452,-26680.379379,-11843.485753
51,1764278049.695348978,37,0,C9:06:43:F9:43:3F,8E89BED6,-16183.125246,4015.571059,-16183.125381,347053.367896,247769.703821,0.996525,-46.121521,2.500000,7667.829457,21.587289,367021.276596,376.000000,-9898.590820,0.000000,0.000000,0.000000,0.000000,0.000000,1.000000,0,0.000000,-63482.121094,-4494.371582,115642190,115642942,-16289.176986,-56528.488000,-21389.645340,3427.669204
52,1764278049.734877348,37,0,C9:06:43:F9:43:3F,8E89BED6,-15736.711157,4216.780624,-15736.711594,346837.336720,266645.549601,0.998230,-45.566774,2.500000,7526.670743,21.568455,367021.276596,376.000000,-9784.114258,0.000000,0.000000,0.000000,0.000000,0.000000,1.000000,0,0.000000,-63482.121094,-4565.860352,115642191,115642943,15165.079671,-8869.034300,-38467.225339,-17042.867109
54,1764278051.679208279,37,0,C9:06:43:F9:43:3F,8E89BED6,-15994.737195,4134.642480,-15994.736474,341985.346189,266670.237149,1.057140,25.961704,2.500000,8026.226360,20.797147,367021.276596,376.000000,-10236.692383,0.000000,0.000000,0.000000,0.000000,0.000000,1.000000,0,0.000000,-78282.031250,-5756.262695,119646010,119646762,-17082.961966,-56160.316298,-19692.095726,-944.874740
55,1764278051.728421926,37,0,C9:06:43:F9:43:3F,8E89BED6,-15630.591830,4319.006582,-15630.591245,340234.432473,251923.696752,1.055867,26.511971,2.500000,7885.855121,20.790244,369680.851064,376.000000,-10142.498047,0.000000,0.000000,0.000000,0.000000,0.000000,1.000000,0,0.000000,-78282.031250,-5792.365234,119646011,119646763,11825.336041,-13342.013231,-35111.772327,-10449.267671
56,1764278053.442290783,37,0,C9:06:43:F9:43:3F,8E89BED6,-16658.379830,2799.072018,-16658.381326,346502.302579,268028.147334,0.942039,-74.745386,2.500000,7004.632439,21.206307,367021.276596,376.000000,-9867.051758,0.000000,0.000000,0.000000,0.000000,0.000000,1.000000,0,0.000000,-16434.136719,-3725.092285,123460927,123461679,-25510.321435,-68090.850197,-21050.820275,10465.700742
57,1764278053.475193262,37,0,C9:06:43:F9:43:3F,8E89BED6,-16396.167464,2997.147416,-16396.167448,344957.268274,261988.370991,0.942859,-73.983354,2.500000,6866.094159,21.217597,367021.276596,376.000000,-9868.015625,0.000000,0.000000,0.000000,0.000000,0.000000,1.000000,0,0.000000,-16434.136719,-3888.375000,123460928,123461680,-1436.689309,-34424.183294,-29420.048058,-14665.195572
58,1764278055.535687447,37,0,C9:06:43:F9:43:3F,8E89BED6,-16004.620590,3331.882615,-16004.622547,331404.351835,228949.698404,0.976047,-56.255465,2.500000,7523.250415,21.294777,367021.276596,376.000000,-8607.141602,0.000000,0.000000,0.000000,0.000000,0.000000,1.000000,0,0.000000,-67561.687500,-2627.039795,127460883,127461635,-22553.227888,-66019.344204,-17852.314574,17323.358096
59,1764278055.570760727,37,0,C9:06:43:F9:43:3F,8E89BED6,-15795.146366,3510.723188,-15795.146544,331033.137288,246648.853664,0.977699,-55.443606,2.500000,7378.914852,21.238791,367021.276596,376.000000,-8692.160156,0.000000,0.000000,0.000000,0.000000,0.000000,1.000000,0,0.000000,-67561.687500,-2706.982666,127460884,127461636,5982.614934,-32655.663406,-27439.533477,-13995.948271
60,1764278057.537981749,37,0,C9:06:43:F9:43:3F,8E89BED6,-16729.862548,4266.022917,-16729.862943,342094.860978,250747.053662,1.089460,-20.582407,3.000000,7013.986278,21.025537,364361.702128,376.000000,-8915.522461,0.000000,0.000000,0.000000,0.000000,0.000000,1.000000,0,0.000000,-59978.406250,-21663.746094,131297007,131297759,-23598.672287,-66364.902374,-24646.878229,20330.092114
61,1764278057.584793091,37,0,C9:06:43:F9:43:3F,8E89BED6,-16409.221404,4457.846126,-16409.222758,341428.860069,262966.412355,1.091255,-20.417521,3.000000,6872.487731,20.994360,364361.702128,376.000000,-8920.169922,0.000000,0.000000,0.000000,0.000000,0.000000,1.000000,0,0.000000,-59978.406250,-21727.152344,131297008,131297760,10535.358713,-23327.498598,-33670.922939,-15509.758682
63,1764278059.538049698,37,0,C9:06:43:F9:43:3F,8E89BED6,-15644.437654,3300.115792,-15644.439276,347119.235866,268553.881768,1.054452,26.088917,2.500000,8053.765523,21.395278,369680.851064,376.000000,-8262.255859,0.000000,0.000000,0.000000,0.000000,0.000000,1.000000,0,0.000000,-21695.736328,-9220.778320,135297770,135298522,-8085.054018,-49649.600735,-33317.554438,-342.049332
64,1764278061.517774105,37,0,C9:06:43:F9:43:3F,8E89BED6,-15966.476535,4082.839852,-15966.476053,334835.032076,235130.769786,1.032145,35.601305,3.000000,7368.892117,21.303425,367021.276596,376.000000,-8841.148438,0.000000,0.000000,0.000000,0.000000,0.000000,1.000000,0,0.000000,-27922.857422,-12619.493164,139303798,139304550,-12047.202077,-54422.784565,-24805.475430,1838.455599
67,1764278063.560387850,37,0,C9:06:43:F9:43:3F,8E89BED6,-15750.385225,3437.065829,-15750.385456,354616.918506,264381.438612,0.956115,64.794033,3.000000,7727.645871,21.364617,367021.276596,376.000000,-8069.476074,0.000000,0.000000,0.000000,0.000000,0.000000,1.000000,0,0.000000,-83045.726562,-2272.150391,143315991,143316743,-20644.281740,-70790.966823,-19009.079195,10514.162935
68,1764278063.596630335,37,0,C9:06:43:F9:43:3F,8E89BED6,-15456.692777,3615.220270,-15456.691994,354306.769467,280142.853483,0.954563,65.517396,3.000000,7591.032367,21.288127,367021.276596,376.000000,-8068.738770,0.000000,0.000000,0.000000,0.000000,0.000000,1.000000,0,0.000000,-79990.273438,-2335.213379,143315992,143316744,4682.409336,-24826.146614,-32615.962172,-12793.462151
69,1764278065.538413525,37,0,C9:06:43:F9:43:3F,8E89BED6,-16392.869611,4009.548079,-16392.870126,339295.049923,251192.512795,1.086058,5.041884,2.500000,7245.301731,21.319082,369680.851064,376.000000,-8397.454102,0.000000,0.000000,0.000000,0.000000,0.000000,1.000000,0,0.000000,-15851.003906,-22017.912109,147322325,147323077,-10296.369464,-58220.515193,-24506.361470,-5105.794460
70,1764278067.563919306,37,0,C9:06:43:F9:43:3F,8E89BED6,-15796.118998,3962.075753,-15796.117468,325147.462080,243162.745399,1.047230,-26.933041,2.500000,8144.461087,21.645180,367021.276596,376.000000,-10300.746094,0.000000,0.000000,0.000000,0.000000,0.000000,1.000000,0,0.000000,-30925.376953,-165.867706,151334757,151335509,-9900.304263,-56983.580723,-32055.178875,-5008.348554
71,1764278067.608868361,37,0,C9:06:43:F9:43:3F,8E89BED6,-15273.920225,4181.644768,-15273.920007,325129.721349,238907.953888,1.048004,-26.320983,2.500000,8005.591922,21.620047,367021.276596,376.000000,-10095.777344,0.000000,0.000000,0.000000,0.000000,0.000000,1.000000,0,0.000000,-30925.376953,-352.733215,151334758,151335510,14078.089505,-5921.354071,-24089.930755,-15136.987051
72,1764278069.613856792,37,0,C9:06:43:F9:43:3F,8E89BED6,-16233.941745,2571.312446,-16233.941169,341070.902671,263048.539441,0.970040,-55.202381,3.000000,7326.100748,20.843452,369680.851064,376.000000,-9216.746094,0.000000,0.000000,0.000000,0.000000,0.000000,1.000000,0,0.000000,-53939.222656,-13417.498047,155343925,155344677,-21259.368820,-66567.716822,-19439.505313,-2465.306036
73,1764278069.655724764,37,0,C9:06:43:F9:43:3F,8E89BED6,-15882.862087,2771.009419,-15882.862078,340889.851391,259451.314252,0.971601,-54.605528,3.000000,7186.856852,20.820364,369680.851064,376.000000,-9168.717773,0.000000,0.000000,0.000000,0.000000,0.000000,1.000000,0,0.000000,-53939.222656,-13480.201172,155343926,155344678,7832.358037,-22443.501420,-35180.617411,-17351.158850
75,1764278071.628898859,37,0,C9:06:43:F9:43:3F,8E89BED6,-16911.303938,3641.320307,-16911.303757,336422.407298,246960.023776,0.956071,-71.474238,3.000000,6760.720777,21.073632,369680.851064,376.000000,-9586.579102,0.000000,0.000000,0.000000,0.000000,0.000000,1.000000,0,0.000000,-18138.443359,-4810.545898,159351167,159351919,-22575.440407,-69206.322460,-23061.308289,11226.654278
76,1764278071.661877871,37,0,C9:06:43:F9:43:3F,8E89BED6,-16658.815476,3806.932632,-16658.815600,336050.848752,256458.785389,0.955884,-70.839122,3.000000,6619.138530,21.072002,369680.851064,376.000000,-9673.495117,0.000000,0.000000,0.000000,0.000000,0.000000,1.000000,0,0.000000,-13737.367188,-4932.525391,159351168,159351920,8748.190677,-29060.734238,-37711.488323,-10082.976399
77,1764278073.656288624,37,0,C9:06:43:F9:43:3F,8E89BED6,-16677.597976,3193.583327,-16677.598002,343909.249491,265718.881159,1.033211,-34.249027,2.500000,6804.460998,21.183483,369680.851064,376.000000,-9105.615234,0.000000,0.000000,0.000000,0.000000,0.000000,1.000000,0,0.000000,-7521.134766,-1537.435547,163362592,163363344,-8904.353671,-50160.576905,-26679.943891,-10083.674592
78,1764278075.622136831,37,0,C9:06:43:F9:43:3F,8E89BED6,-16024.850536,3119.583756,-16024.849708,318954.201156,239828.147469,1.052697,-25.362625,3.000000,7541.686426,20.910439,369680.851064,376.000000,-7815.090820,0.000000,0.000000,0.000000,0.000000,0.000000,1.000000,0,0.000000,-32830.582031,-2974.011475,167371142,167371894,-22150.166653,-68824.118457,-20738.731948,13829.879554
79,1764278075.663686037,37,0,C9:06:43:F9:43:3F,8E89BED6,-15752.520315,3300.428465,-15752.520325,318982.399211,246125.786181,1.054524,-24.935804,3.000000,7399.510841,20.931973,369680.851064,376.000000,-7881.552734,0.000000,0.000000,0.000000,0.000000,0.000000,1.000000,0,0.000000,-32830.582031,-3055.719482,167371143,167371895,4218.333229,-29920.738518,-27670.532443,-14395.342930
80,1764278077.669514418,37,0,C9:06:43:F9:43:3F,8E89BED6,-16299.288271,2524.704429,-16299.289876,351615.700069,266565.705813,0.963392,-66.916918,2.500000,7255.504040,20.883857,369680.851064,376.000000,-8748.905273,0.000000,0.000000,0.000000,0.000000,0.000000,1.000000,0,0.000000,-67875.851562,-15265.623047,171070172,171070924,-25479.757602,-68682.038511,-22565.456750,17474.301773
81,1764278077.716170549,37,0,C9:06:43:F9:43:3F,8E89BED6,-16041.712258,2709.607279,-16041.711686,351509.831456,275887.006636,0.963223,-66.356399,2.500000,7113.943858,20.827490,369680.851064,376.000000,-8825.718750,0.000000,0.000000,0.000000,0.000000,0.000000,1.000000,0,0.000000,-67875.851562,-15290.677734,171070173,171070925,5159.722428,-31025.092251,-38255.689012,-14623.774106
82,1764278079.760485649,37,0,C9:06:43:F9:43:3F,8E89BED6,-15869.152027,3366.227731,-15869.152282,338986.930383,256741.273079,0.911316,85.010069,3.000000,7912.184850,21.915110,367021.276596,376.000000,-9072.140625,0.000000,0.000000,0.000000,0.000000,0.000000,1.000000,0,0.000000,-28845.251953,-15378.383789,175080789,175081541,-11994.382714,-47887.839625,-27551.324836,-5858.139551
83,1764278081.904519320,37,0,C9:06:43:F9:43:3F,8E89BED6,-15549.508323,4183.210109,-15549.507347,338145.881264,259557.136811,0.936379,-74.483197,3.000000,7730.952434,20.932888,367021.276596,376.000000,-8128.282227,0.000000,0.000000,0.000000,0.000000,0.000000,1.000000,0,0.000000,-38578.937500,-14628.126953,179089230,179089982,-10006.237635,-55395.904140,-28325.133483,-2660.784373
84,1764278083.707553625,37,0,C9:06:43:F9:43:3F,8E89BED6,-15544.767575,3996.407594,-15544.768251,346277.265523,240711.954544,0.936283,-74.652755,3.000000,7842.818744,20.488548,460106.382979,376.000000,-8345.589844,0.000000,0.000000,0.000000,0.000000,0.000000,1.000000,0,0.000000,-81824.445312,-12084.563477,182928268,182929020,-21072.950073,-56851.582987,-20856.454708,13482.608586
85,1764278083.753866911,37,0,C9:06:43:F9:43:3F,8E89BED6,-15152.758321,4195.896123,-15152.758360,346152.826330,274272.799916,0.935799,-74.218015,3.000000,7702.920256,20.443036,460106.382979,376.000000,-8335.386719,0.000000,0.000000,0.000000,0.000000,0.000000,1.000000,0,0.000000,-80944.195312,-12081.055664,182928269,182929021,10985.891355,-15147.465175,-34835.395728,-10690.872895
87,1764278085.708071232,37,0,C9:06:43:F9:43:3F,8E89BED6,-16772.513104,3707.262385,-16772.513969,342989.181859,256953.816321,0.917229,70.956893,2.500000,6876.123154,21.161530,369680.851064,376.000000,-9174.013672,0.000000,0.000000,0.000000,0.000000,0.000000,1.000000,0,0.000000,-4657.215820,5748.966797,186929736,186930488,-8832.043927,-51481.361346,-23789.536751,-8450.030680
88,1764278087.684447765,37,0,C9:06:43:F9:43:3F,8E89BED6,-16667.749202,2953.071012,-16667.747558,345635.082597,270829.035678,0.975592,54.424768,2.500000,6803.711649,21.276194,369680.851064,376.000000,-9299.600586,0.000000,0.000000,0.000000,0.000000,0.000000,1.000000,0,0.000000,-14227.260742,-11224.654297,190929878,190930630,-4232.068005,-44017.197712,-28779.386770,-15424.478924
89,1764278089.748803377,37,0,C9:06:43:F9:43:3F,8E89BED6,-15751.765703,3381.084224,-15751.766216,353189.441865,251348.042300,0.918656,74.683247,3.000000,7706.906851,21.048787,369680.851064,376.000000,-9086.211914,0.000000,0.000000,0.000000,0.000000,0.000000,1.000000,0,0.000000,-33693.492188,-6866.202637,194931316,194932068,-19252.294238,-57163.468766,-25861.117763,-119.455415
90,1764278089.781983376,37,0,C9:06:43:F9:43:3F,8E89BED6,-15308.496801,3587.946440,-15308.497460,352874.382478,276837.163397,0.917381,75.175870,3.000000,7568.632570,21.011007,369680.851064,376.000000,-9017.558594,0.000000,0.000000,0.000000,0.000000,0.000000,1.000000,0,0.000000,-26398.503906,-6933.875488,194931317,194932069,12858.950829,-11148.227804,-37727.618604,-8196.495677
91,1764278091.788644314,37,0,C9:06:43:F9:43:3F,8E89BED6,-16471.542299,2532.190178,-16471.542731,342192.751929,263963.141328,0.983361,-51.262790,2.500000,7212.928391,21.087559,369680.851064,376.000000,-9760.267578,0.000000,0.000000,0.000000,0.000000,0.000000,1.000000,0,0.000000,-4298.472656,-2131.023438,198938175,198938927,-6993.561830,-41629.238860,-26236.699066,-7966.864079
92,1764278094.139751673,37,0,C9:06:43:F9:43:3F,8E89BED6,-16325.923761,4599.502046,-16325.924003,329709.261948,237846.687598,0.930337,72.496818,3.000000,7607.464948,21.295851,367021.276596,376.000000,-9687.614258,0.000000,0.000000,0.000000,0.000000,0.000000,1.000000,0,0.000000,-29131.792969,-2856.528564,202939873,202940625,-22230.691703,-63339.970996,-19469.919114,9589.522261
93,1764278094.182262897,37,0,C9:06:43:F9:43:3F,8E89BED6,-15983.787833,4777.279166,-15983.787019,329105.265545,264055.784033,0.928895,73.019940,3.000000,7469.013714,21.205569,367021.276596,376.000000,-9668.888672,0.000000,0.000000,0.000000,0.000000,0.000000,1.000000,0,0.000000,-29131.792969,-2960.534668,202939874,202940626,4819.372298,-23539.165880,-31722.216401,-11422.662411
94,1764278096.248253584,37,0,C9:06:43:F9:43:3F,8E89BED6,-16461.202836,3615.955558,-16461.202303,340054.441893,269932.413430,0.925820,-86.605121,2.500000,6985.588896,20.816435,369680.851064,376.000000,-9172.638672,0.000000,0.000000,0.000000,0.000000,0.000000,1.000000,0,0.000000,-12354.590820,-7078.515625,206939790,206940542,423.793446,-39503.463321,-28400.611368,-9998.783485
95,1764278098.249755621,37,0,C9:06:43:F9:43:3F,8E89BED6,-16853.053309,3929.076024,-16853.053623,336697.479165,241298.528861,1.027226,-25.206392,2.500000,7241.728871,20.791205,369680.851064,376.000000,-9087.590820,0.000000,0.000000,0.000000,0.000000,0.000000,1.000000,0,0.000000,-31202.953125,-10042.389648,210787612,210788364,-25511.581248,-71408.774954,-25754.519929,18452.192079
96,1764278098.286919832,37,0,C9:06:43:F9:43:3F,8E89BED6,-16697.960453,4107.803052,-16697.961070,335538.537745,256539.448793,1.028972,-24.461843,2.500000,7100.179692,20.787682,369680.851064,376.000000,-9228.330078,0.000000,0.000000,0.000000,0.000000,0.000000,1.000000,0,0.000000,-31037.126953,-10114.248047,210787613,210788365,3950.278385,-42636.075642,-33918.665592,-14548.185303
97,1764278100.296204567,37,0,C9:06:43:F9:43:3F,8E89BED6,-15325.501458,4334.918842,-15325.501052,348992.681976,269707.143201,1.021789,-37.505168,3.000000,8260.774453,21.653925,367021.276596,376.000000,-9052.939453,0.000000,0.000000,0.000000,0.000000,0.000000,1.000000,0,0.000000,-3708.968506,2622.289062,214788545,214789297,-17406.005537,-59612.312109,-27536.887480,8942.470876
98,1764278100.329300165,37,0,C9:06:43:F9:43:3F,8E89BED6,-14903.444626,4533.859611,-14903.445164,348848.919977,272685.782960,1.023611,-36.900942,3.000000,8116.468374,21.609220,367021.276596,376.000000,-8977.982422,0.000000,0.000000,0.000000,0.000000,0.000000,1.000000,0,0.000000,-2183.773193,2456.590576,214788546,214789298,10811.464540,-12290.278837,-30954.923076,-6291.398527
99,1764278102.269243956,37,0,C9:06:43:F9:43:3F,8E89BED6,-15746.097477,4642.386909,-15746.097735,319981.983963,241099.217522,0.958068,-63.132593,2.500000,7858.420596,21.609520,367021.276596,376.000000,-8565.637695,0.000000,0.000000,0.000000,0.000000,0.000000,1.000000,0,0.000000,-48289.457031,-11072.124023,218791918,218792670,-24392.314104,-67807.282630,-21540.113455,21674.893615
100,1764278102.302884102,37,0,C9:06:43:F9:43:3F,8E89BED6,-15500.589910,4819.457963,-15500.590711,319515.803502,250201.105691,0.958503,-62.582127,2.500000,7716.358667,21.523498,367021.276596,376.000000,-8602.337891,0.000000,0.000000,0.000000,0.000000,0.000000,1.000000,0,0.000000,-48289.457031,-11120.298828,218791919,218792671,8648.259114,-23596.936632,-36134.336429,-11525.571837
103,1764278104.275369644,37,0,C9:06:43:F9:43:3F,8E89BED6,-16878.372251,3309.632713,-16878.372135,342763.638000,258071.586494,1.068334,18.678141,2.500000,6636.133777,21.067722,369680.851064,376.000000,-8649.864258,0.000000,0.000000,0.000000,0.000000,0.000000,1.000000,0,0.000000,-9928.045898,-7914.033203,222801051,222801803,-5353.900252,-49325.184857,-27879.300600,-3655.078138
104,1764278106.301768541,37,0,C9:06:43:F9:43:3F,8E89BED6,-16353.423630,4297.839329,-16353.423122,331314.817763,244900.441347,0.994463,48.934982,2.500000,7325.585059,21.195342,367021.276596,376.000000,-8826.450195,0.000000,0.000000,0.000000,0.000000,0.000000,1.000000,0,0.000000,-39379.882812,-6655.226562,226814611,226815363,-24023.027815,-73566.919093,-16117.440069,15116.600235
105,1764278106.342661381,37,0,C9:06:43:F9:43:3F,8E89BED6,-16104.177345,4487.741476,-16104.177868,329948.218200,260565.382613,0.993095,50.063463,2.500000,7185.847354,21.228125,367021.276596,376.000000,-8872.078125,0.000000,0.000000,0.000000,0.000000,0.000000,1.000000,0,0.000000,-35195.042969,-6709.291016,226814612,226815364,816.857386,-35386.753794,-27014.365067,-10807.895067
106,1764278108.105971098,37,0,C9:06:43:F9:43:3F,8E89BED6,-15381.203674,4058.724630,-15381.202546,335750.787508,258056.408332,1.005944,42.531766,2.500000,8119.355408,21.476304,367021.276596,376.000000,-7807.152832,0.000000,0.000000,0.000000,0.000000,0.000000,1.000000,0,0.000000,-34592.871094,-4619.969727,230494421,230495173,-16789.676692,-54727.137915,-23525.241003,3730.636880
107,1764278108.145537376,37,0,C9:06:43:F9:43:3F,8E89BED6,-14985.908850,4229.667019,-14985.907201,334234.891710,265921.039265,1.004182,43.276704,2.500000,7975.967320,21.261611,367021.276596,376.000000,-7716.940430,0.000000,0.000000,0.000000,0.000000,0.000000,1.000000,0,0.000000,-31055.406250,-4670.613281,230494422,230495174,13323.145553,-7475.635005,-26616.294170,-5674.581302
108,1764278110.074509144,37,0,C9:06:43:F9:43:3F,8E89BED6,-16283.713603,2519.638872,-16283.712311,362980.592316,274659.532954,0.944449,69.295547,2.500000,7400.874626,20.523412,369680.851064,376.000000,-9060.154297,0.000000,0.000000,0.000000,0.000000,0.000000,1.000000,0,0.000000,-57711.128906,-11379.286133,234495058,234495810,-16656.069838,-55878.023163,-30886.748112,-5148.801406
109,1764278110.107656240,37,0,C9:06:43:F9:43:3F,8E89BED6,-15799.214126,2711.241938,-15799.213795,363067.535861,271982.993387,0.942892,69.876251,2.500000,7262.728914,20.586758,369680.851064,376.000000,-8932.216797,0.000000,0.000000,0.000000,0.000000,0.000000,1.000000,0,0.000000,-57711.128906,-11488.378906,234495059,234495811,13927.880828,-9452.799809,-35041.673138,-17686.420153
110,1764278112.250780106,37,0,C9:06:43:F9:43:3F,8E89BED6,-16016.405704,4565.613747,-16016.405621,339798.040865,275569.040775,0.995997,46.866291,2.500000,7084.732225,21.338574,367021.276596,376.000000,-8486.293945,0.000000,0.000000,0.000000,0.000000,0.000000,1.000000,0,0.000000,0.000000,15592.941406,238501155,238501907,-2028.113966,-40135.573953,-32076.205017,-8600.423105
113,1764278114.374107599,37,0,C9:06:43:F9:43:3F,8E89BED6,-16427.424813,4015.708719,-16427.424884,335759.128908,262297.668077,0.944710,-77.894849,2.500000,7085.076697,21.143118,369680.851064,376.000000,-9014.517578,0.000000,0.000000,0.000000,0.000000,0.000000,1.000000,0,0.000000,-67047.265625,-9690.333008,242515026,242515778,3162.869099,-30278.204714,-30675.507944,-16594.767066
114,1764278116.342395544,37,0,C9:06:43:F9:43:3F,8E89BED6,-16283.533284,3867.032773,-16283.533905,333155.655537,255493.102576,0.967045,-66.623581,2.500000,7174.627523,20.714110,369680.851064,376.000000,-9191.923828,0.000000,0.000000,0.000000,0.000000,0.000000,1.000000,0,0.000000,-17753.343750,-17963.068359,246528149,246528901,-8040.102735,-49975.633161,-27726.312359,-11198.747935
115,1764278118.080211163,37,0,C9:06:43:F9:43:3F,8E89BED6,-16203.848481,3907.836006,-16203.849235,341460.019969,255694.584604,1.094318,-15.023077,2.500000,7214.522650,21.420353,369680.851064,376.000000,-9271.481445,0.000000,0.000000,0.000000,0.000000,0.000000,1.000000,0,0.000000,-11847.090820,-10165.572266,250485442,250486194,-12013.171953,-51957.546696,-28906.637192,-4206.035328
116,1764278120.378230333,37,0,C9:06:43:F9:43:3F,8E89BED6,-16092.091432,3409.339724,-16092.092290,355235.046553,275063.279141,1.018278,-38.899188,2.500000,7232.443941,21.019958,367021.276596,376.000000,-9630.868164,0.000000,0.000000,0.000000,0.000000,0.000000,1.000000,0,0.000000,-9512.040039,10854.881836,254501842,254502594,-3369.154848,-37390.514864,-33587.515489,-13641.014100
117,1764278122.366491318,37,0,C9:06:43:F9:43:3F,8E89BED6,-15700.907881,3174.066603,-15700.908498,336972.598901,256310.559484,0.936877,-77.158948,3.000000,8137.129453,21.188411,367021.276596,376.000000,-8328.290039,0.000000,0.000000,0.000000,0.000000,0.000000,1.000000,0,0.000000,-50256.996094,-11216.484375,258513163,258513915,-19355.528723,-60350.215022,-31069.231176,12421.272491
118,1764278122.423816204,37,0,C9:06:43:F9:43:3F,8E89BED6,-15291.905617,3377.448469,-15291.905590,336842.301122,275255.145499,0.936568,-76.591661,3.000000,7994.236013,20.999258,367021.276596,376.000000,-8270.535156,0.000000,0.000000,0.000000,0.000000,0.000000,1.000000,0,0.000000,-40874.957031,-11307.034180,258513164,258513916,11499.833735,-18428.048476,-31709.387165,-9403.518422
119,1764278124.544175148,37,0,C9:06:43:F9:43:3F,8E89BED6,-14882.938157,4219.987342,-14882.938013,338352.921362,261385.082690,0.987002,-56.569249,3.000000,8890.007580,20.860262,367021.276596,376.000000,-9330.724609,0.000000,0.000000,0.000000,0.000000,0.000000,1.000000,0,0.000000,-54477.386719,-14051.589844,262524324,262525076,-15085.049663,-58143.856697,-30088.585677,5186.731086
120,1764278124.583810806,37,0,C9:06:43:F9:43:3F,8E89BED6,-14458.421583,4424.740890,-14458.421733,338401.455173,285218.329782,0.988744,-55.421822,3.000000,8747.012828,20.898386,367021.276596,376.000000,-9242.077148,0.000000,0.000000,0.000000,0.000000,0.000000,1.000000,0,0.000000,-52768.238281,-14116.867188,262524325,262525077,12421.030110,-7454.666430,-28144.690946,-5370.486355
121,1764278126.540471315,37,0,C9:06:43:F9:43:3F,8E89BED6,-15814.221319,4251.355766,-15814.221372,324011.962961,230301.090758,1.032162,-33.903490,3.000000,7582.463154,21.437020,364361.702128,376.000000,-8890.624023,0.000000,0.000000,0.000000,0.000000,0.000000,1.000000,0,0.000000,-34644.847656,-8642.727539,266526142,266526894,-21765.214206,-56168.985533,-21020.509983,11097.877377
122,1764278126.573211432,37,0,C9:06:43:F9:43:3F,8E89BED6,-15498.256184,4432.309357,-15498.254538,323437.838275,262475.444243,1.033846,-33.479251,3.000000,7438.196155,21.405408,364361.702128,376.000000,-8842.388672,0.000000,0.000000,0.000000,0.000000,0.000000,1.000000,0,0.000000,-33326.476562,-8722.891602,266526143,266526895,10269.516892,-18927.509751,-35696.502209,-14412.133925
123,1764278130.395794630,37,0,C9:06:43:F9:43:3F,8E89BED6,-16413.327383,3163.310267,-16413.328078,347982.024023,268971.462644,0.954931,65.441669,2.500000,7109.295079,21.130272,369680.851064,376.000000,-8755.060547,0.000000,0.000000,0.000000,0.000000,0.000000,1.000000,0,0.000000,-15287.884766,-20649.146484,274209045,274209797,-12374.743772,-49473.891974,-30710.244027,-5558.691535
124,1764278132.352038145,37,0,C9:06:43:F9:43:3F,8E89BED6,-15758.069562,4352.894181,-15758.067285,331340.911030,255166.057099,1.048043,28.397409,3.000000,7849.209430,21.222534,367021.276596,376.000000,-7981.995605,0.000000,0.000000,0.000000,0.000000,0.000000,1.000000,0,0.000000,-90951.148438,-16638.232422,278211875,278212627,-19371.023036,-57789.779514,-27612.889088,6268.929584
125,1764278132.388554096,37,0,C9:06:43:F9:43:3F,8E89BED6,-15365.957524,4560.521081,-15365.958089,331396.303196,266243.529032,1.046762,28.986825,3.000000,7708.163773,21.165589,367021.276596,376.000000,-7944.765625,0.000000,0.000000,0.000000,0.000000,0.000000,1.000000,0,0.000000,-71866.742188,-16634.720703,278211876,278212628,12149.859448,-12420.913336,-33075.591485,-13141.460742
126,1764278134.355760336,37,0,C9:06:43:F9:43:3F,8E89BED6,-16361.609034,3619.352317,-16361.608486,340019.798855,243129.978525,1.066984,5.555113,2.500000,7104.137089,21.003597,369680.851064,376.000000,-10080.893555,0.000000,0.000000,0.000000,0.000000,0.000000,1.000000,0,0.000000,-11009.791992,-10695.703125,282198215,282198967,-6971.510218,-43826.645203,-29122.818983,-8702.102297
127,1764278136.445556879,37,0,C9:06:43:F9:43:3F,8E89BED6,-15969.932311,4459.648725,-15969.931904,353896.750582,277332.124130,1.027596,33.813600,2.500000,7771.972101,21.450250,367021.276596,376.000000,-9343.707031,0.000000,0.000000,0.000000,0.000000,0.000000,1.000000,0,0.000000,-26782.261719,-9821.682617,286206805,286207557,-10648.508070,-53275.282308,-26308.345851,-4450.841852
128,1764278138.404729605,37,0,C9:06:43:F9:43:3F,8E89BED6,-17106.060475,3456.926414,-17106.060554,335604.143202,264592.101356,1.019629,-39.839916,2.500000,6183.951831,20.975368,369680.851064,376.000000,-9200.158203,0.000000,0.000000,0.000000,0.000000,0.000000,1.000000,0,0.000000,501.326172,10567.572266,290210409,290211161,-2251.810069,-44228.920336,-33582.091050,-12604.934543
129,1764278140.116714478,37,0,C9:06:43:F9:43:3F,8E89BED6,-16696.301639,3043.791475,-16696.302932,342248.606346,256769.980088,1.032998,-29.700347,2.500000,7298.402940,21.020888,367021.276596,376.000000,-9755.909180,0.000000,0.000000,0.000000,0.000000,0.000000,1.000000,0,0.000000,-59305.414062,-11143.301758,293912369,293913121,-26287.997209,-68407.036019,-19928.015376,8121.214301
130,1764278140.150550127,37,0,C9:06:43:F9:43:3F,8E89BED6,-16565.801733,3203.567861,-16565.801870,341865.511706,250976.481013,1.034625,-29.298810,2.500000,7157.390368,20.915476,367021.276596,376.000000,-9832.214844,0.000000,0.000000,0.000000,0.000000,0.000000,1.000000,0,0.000000,-58618.949219,-11169.515625,293912370,293913122,-808.373459,-36042.738408,-32104.929166,-17080.781083
131,1764278142.145045280,37,0,C9:06:43:F9:43:3F,8E89BED6,-15226.847235,3818.414721,-15226.847360,308826.167145,220995.196546,0.928916,-77.243693,3.000000,8199.830822,21.320952,367021.276596,376.000000,-7715.356445,0.000000,0.000000,0.000000,0.000000,0.000000,1.000000,0,0.000000,-30522.931641,-18326.878906,297914265,297915017,-16458.138075,-54969.391580,-24766.358981,8060.214152
132,1764278142.181355953,37,0,C9:06:43:F9:43:3F,8E89BED6,-14753.443286,4016.717489,-14753.443346,307517.817179,247857.970352,0.929381,-76.629722,3.000000,8057.375312,21.347683,367021.276596,376.000000,-7616.532715,0.000000,0.000000,0.000000,0.000000,0.000000,1.000000,0,0.000000,-30522.931641,-18394.677734,297914266,297915018,12057.853677,-8744.646459,-33999.164591,-4085.510863
133,1764278144.232655764,37,0,C9:06:43:F9:43:3F,8E89BED6,-15676.710900,3573.376218,-15676.710861,320659.671027,254153.620939,1.021546,36.561979,2.500000,7371.880590,21.210800,367021.276596,376.000000,-8121.250977,0.000000,0.000000,0.000000,0.000000,0.000000,1.000000,0,0.000000,-27199.404297,-13687.643555,301922189,301922941,5536.429915,-33547.349282,-39093.898641,-9572.549560
134,1764278146.245703459,37,0,C9:06:43:F9:43:3F,8E89BED6,-16634.854637,4719.093706,-16634.854526,348896.568615,258018.280971,1.011608,25.939115,3.000000,7058.145319,20.839775,367021.276596,376.000000,-9209.628906,0.000000,0.000000,0.000000,0.000000,0.000000,1.000000,0,0.000000,-39585.449219,-3664.663330,305922305,305923057,-20789.220687,-67003.251057,-17649.363339,18724.926378
135,1764278146.288360596,37,0,C9:06:43:F9:43:3F,8E89BED6,-16322.152323,4887.161247,-16322.152116,347055.655354,265448.594601,1.009799,28.752986,3.000000,6917.897940,20.886528,367021.276596,376.000000,-9248.624023,0.000000,0.000000,0.000000,0.000000,0.000000,1.000000,0,0.000000,-32081.621094,-3781.947510,305922306,305923058,6451.959164,-27706.662131,-30052.495881,-10393.307936
136,1764278148.254836321,37,0,C9:06:43:F9:43:3F,8E89BED6,-15596.550754,3979.429890,-15596.550261,332204.740237,259611.294895,1.065863,-19.529748,2.500000,7882.650328,21.433200,367021.276596,376.000000,-8650.684570,0.000000,0.000000,0.000000,0.000000,0.000000,1.000000,0,0.000000,-12636.134766,-604.313110,309925936,309926688,-17612.715671,-53282.768464,-32559.283020,-224.246829
137,1764278148.287052870,37,0,C9:06:43:F9:43:3F,8E89BED6,-15146.081057,4171.352420,-15146.080959,331929.277863,250307.884750,1.067489,-18.943279,2.500000,7740.914508,21.413528,367021.276596,376.000000,-8566.182617,0.000000,0.000000,0.000000,0.000000,0.000000,1.000000,0,0.000000,-11052.048828,-738.503235,309925937,309926689,13499.126761,-4545.961665,-20255.395696,-11407.391000
138,1764278150.218147755,37,0,C9:06:43:F9:43:3F,8E89BED6,-16890.417629,3137.573212,-16890.417419,352977.867560,274478.427512,1.080983,-5.180155,2.500000,6997.523036,21.271308,367021.276596,376.000000,-9243.226562,0.000000,0.000000,0.000000,0.000000,0.000000,1.000000,0,0.000000,-54067.363281,-6482.394531,313703668,313704420,-23493.167361,-66557.064299,-25092.050094,15836.847347
139,1764278150.257874966,37,0,C9:06:43:F9:43:3F,8E89BED6,-16767.984231,3293.228023,-16767.983821,352951.320747,275179.070818,1.082812,-4.907730,2.500000,6852.918429,21.216322,367021.276596,376.000000,-9356.560547,0.000000,0.000000,0.000000,0.000000,0.000000,1.000000,0,0.000000,-52007.632812,-6546.448242,313703669,313704421,1433.538009,-34075.100479,-34416.748605,-17192.542074
140,1764278152.346406221,37,0,C9:06:43:F9:43:3F,8E89BED6,-16282.831900,3698.254216,-16282.832429,336988.606644,258278.499864,1.044327,-22.341975,2.500000,7232.674269,21.348156,367021.276596,376.000000,-9202.573242,0.000000,0.000000,0.000000,0.000000,0.000000,1.000000,0,0.000000,-8685.513672,-2507.574707,317716233,317716985,-8955.378342,-44534.324817,-34426.292435,-12153.744065
141,1764278154.314720154,37,0,C9:06:43:F9:43:3F,8E89BED6,-16001.168977,3605.169543,-16001.168703,339628.197665,265529.682146,0.958443,-58.774924,2.500000,7861.725894,21.449697,367021.276596,376.000000,-9012.226562,0.000000,0.000000,0.000000,0.000000,0.000000,1.000000,0,0.000000,-18862.097656,-14258.058594,321546493,321547245,-9392.177558,-48979.211844,-28290.502632,-5958.958966
142,1764278156.247053623,37,0,C9:06:43:F9:43:3F,8E89BED6,-16372.319797,3209.887394,-16372.319111,354302.935929,255235.973335,1.066279,-4.159566,3.000000,7592.502867,21.402922,367021.276596,376.000000,-9786.977539,0.000000,0.000000,0.000000,0.000000,0.000000,1.000000,0,0.000000,-24638.683594,-10576.086914,325561135,325561887,-19389.731296,-63855.246423,-30323.206539,4697.882842
143,1764278156.295700312,37,0,C9:06:43:F9:43:3F,8E89BED6,-15969.459880,3398.077811,-15969.459847,354305.600269,264504.570286,1.065948,-3.373795,3.000000,7452.041969,21.418952,367021.276596,376.000000,-9696.135742,0.000000,0.000000,0.000000,0.000000,0.000000,1.000000,0,0.000000,-24638.683594,-10671.706055,325561136,325561888,9579.722629,-23579.182566,-33053.237278,-13285.633144
144,1764278158.057620525,37,0,C9:06:43:F9:43:3F,8E89BED6,-16506.298661,4034.854942,-16506.298668,347991.092980,257528.231248,1.050365,28.185851,2.500000,7313.741941,21.862379,369680.851064,376.000000,-9734.450195,0.000000,0.000000,0.000000,0.000000,0.000000,1.000000,0,0.000000,-37927.312500,-11792.714844,329345877,329346629,-26497.845357,-62463.084869,-37274.535453,36687.941042
145,1764278158.095395565,37,0,C9:06:43:F9:43:3F,8E89BED6,-16326.398757,4212.564547,-16326.399761,347945.913051,261100.272055,1.050799,28.362190,2.500000,7167.741072,21.860926,369680.851064,376.000000,-9775.483398,0.000000,0.000000,0.000000,0.000000,0.000000,1.000000,0,0.000000,-37927.312500,-11806.561523,329345878,329346630,-2550.753288,-41710.312420,-32614.500749,-8060.241030
146,1764278160.044301033,37,0,C9:06:43:F9:43:3F,8E89BED6,-16314.554740,3792.992474,-16314.555040,338059.677754,259669.258919,0.992947,-47.909960,3.000000,7044.651571,21.572877,367021.276596,376.000000,-8759.081055,0.000000,0.000000,0.000000,0.000000,0.000000,1.000000,0,0.000000,-14960.820312,1993.888428,333356930,333357682,-24396.101740,-64202.841467,-26645.395802,19867.341146
147,1764278160.093001842,37,0,C9:06:43:F9:43:3F,8E89BED6,-16001.229976,3997.270227,-16001.229403,337898.222798,264819.320008,0.994125,-47.381794,3.000000,6903.623596,21.593994,367021.276596,376.000000,-8800.958008,0.000000,0.000000,0.000000,0.000000,0.000000,1.000000,0,0.000000,-13808.015625,1807.912109,333356931,333357683,6348.087800,-27941.865023,-37219.692482,-7299.419052
148,1764278162.026365042,37,0,C9:06:43:F9:43:3F,8E89BED6,-16086.144774,3124.442767,-16086.144206,349516.838035,248961.369477,1.060965,1.117947,3.000000,7537.702004,21.632397,367021.276596,376.000000,-9047.112305,0.000000,0.000000,0.000000,0.000000,0.000000,1.000000,0,0.000000,-10220.250000,2733.281250,337361706,337362458,-21695.249041,-59481.779630,-21219.238217,10420.662592
149,1764278162.059822321,37,0,C9:06:43:F9:43:3F,8E89BED6,-15760.102052,3316.251976,-15760.101988,349539.792831,281124.156017,1.060938,2.015310,3.000000,7397.729806,21.613862,367021.276596,376.000000,-9067.316406,0.000000,0.000000,0.000000,0.000000,0.000000,1.000000,0,0.000000,-9483.497070,2636.750488,337361707,337362459,8764.082839,-20356.665885,-33619.481178,-16663.082514
150,1764278163.963426828,37,0,C9:06:43:F9:43:3F,8E89BED6,-16573.602415,4108.357510,-16573.602712,338935.867746,253141.607600,1.053316,-19.404213,3.000000,7297.716657,21.191850,367021.276596,376.000000,-9659.993164,0.000000,0.000000,0.000000,0.000000,0.000000,1.000000,0,0.000000,-18255.722656,-584.200073,341237399,341238151,-23214.763726,-68954.620015,-18069.393752,7889.768195
151,1764278164.002543688,37,0,C9:06:43:F9:43:3F,8E89BED6,-16203.554214,4303.047092,-16203.554574,338983.369316,261517.973629,1.054359,-18.595506,3.000000,7160.318671,21.210405,367021.276596,376.000000,-9611.408203,0.000000,0.000000,0.000000,0.000000,0.000000,1.000000,0,0.000000,-17542.839844,-669.732849,341237400,341238152,3805.258999,-27245.506010,-32594.821086,-15295.066594
152,1764278165.987234592,37,0,C9:06:43:F9:43:3F,8E89BED6,-16486.014751,2531.826146,-16486.015575,342117.121567,249379.264167,1.102038,-0.142570,2.500000,7269.759749,20.967908,367021.276596,376.000000,-8554.189453,0.000000,0.000000,0.000000,0.000000,0.000000,1.000000,0,0.000000,-18038.917969,-17978.619141,345252688,345253440,-7194.255215,-47228.607498,-32455.485028,-12956.131964
153,1764278168.003743410,37,0,C9:06:43:F9:43:3F,8E89BED6,-15952.140079,4628.551469,-15952.140134,330407.765937,248109.027070,1.057925,-1.505339,3.000000,7509.575002,21.274648,367021.276596,376.000000,-9305.209961,0.000000,0.000000,0.000000,0.000000,0.000000,1.000000,0,0.000000,-41938.261719,-9864.519531,349268770,349269522,-24645.477933,-62082.594039,-17646.262884,25448.213288
154,1764278168.038021803,37,0,C9:06:43:F9:43:3F,8E89BED6,-15680.914673,4822.057763,-15680.915356,330428.890334,258611.594148,1.056203,-0.944242,3.000000,7367.119022,21.349310,367021.276596,376.000000,-9321.494141,0.000000,0.000000,0.000000,0.000000,0.000000,1.000000,0,0.000000,-41938.261719,-9888.638672,349268771,349269523,2891.755114,-34402.274326,-27712.242388,-6524.511474
155,1764278169.988537073,37,0,C9:06:43:F9:43:3F,8E89BED6,-16728.574016,4245.420091,-16728.573972,352734.022432,290603.944126,1.059242,8.032037,2.500000,6674.521552,20.990801,367021.276596,376.000000,-8436.574219,0.000000,0.000000,0.000000,0.000000,0.000000,1.000000,0,0.000000,-29712.976562,-6335.198730,353049624,353050376,-799.221759,-41945.178014,-35712.913159,-11573.915708
156,1764278171.913289785,37,0,C9:06:43:F9:43:3F,8E89BED6,-15351.845938,4819.024800,-15351.845449,344217.680472,257338.755078,1.039445,-1.480682,3.000000,8178.546017,21.149904,367021.276596,376.000000,-8573.154297,0.000000,0.000000,0.000000,0.000000,0.000000,1.000000,0,0.000000,-21450.964844,-9072.896484,357065105,357065857,-10742.619475,-49590.856415,-25878.273557,-1376.091362
157,1764278173.690180779,37,0,C9:06:43:F9:43:3F,8E89BED6,-16209.277606,4228.657519,-16209.277170,338673.007761,248328.272778,1.065001,-2.654451,2.500000,7262.975628,20.957806,367021.276596,376.000000,-8892.034180,0.000000,0.000000,0.000000,0.000000,0.000000,1.000000,0,0.000000,-43893.066406,-7490.877441,360908147,360908899,-24180.597813,-64101.996913,-25962.279662,28212.272931
158,1764278173.725481033,37,0,C9:06:43:F9:43:3F,8E89BED6,-16089.341525,4399.270306,-16089.341458,337540.717717,272784.896748,1.065296,-1.841288,2.500000,7119.564654,20.951296,367021.276596,376.000000,-8957.780273,0.000000,0.000000,0.000000,0.000000,0.000000,1.000000,0,0.000000,-43893.066406,-7597.843262,360908148,360908900,2035.847648,-34748.254365,-32804.697803,-11970.211098
159,1764278175.702996016,37,0,C9:06:43:F9:43:3F,8E89BED6,-16735.238777,4708.062657,-16735.239921,342600.492555,273742.800649,0.931273,89.961580,2.500000,6743.740658,20.507212,367021.276596,376.000000,-9407.835938,0.000000,0.000000,0.000000,0.000000,0.000000,1.000000,0,0.000000,-86056.867188,-9498.083984,364773499,364774251,-21929.678774,-69216.572522,-21282.906943,9983.514856
160,1764278175.745545626,37,0,C9:06:43:F9:43:3F,8E89BED6,-16418.614343,4900.845539,-16418.615785,342529.855471,262592.615457,0.931133,-89.324325,2.500000,6602.803684,20.462058,367021.276596,376.000000,-9446.685547,0.000000,0.000000,0.000000,0.000000,0.000000,1.000000,0,0.000000,-84405.742188,-9521.390625,364773500,364774252,3274.234469,-34676.428966,-33620.928129,-10895.132313
161,1764278177.737433195,37,0,C9:06:43:F9:43:3F,8E89BED6,-15747.391173,3232.170105,-15747.390305,335616.436460,248118.513811,0.963503,63.822290,2.500000,7945.571014,21.009835,367021.276596,376.000000,-9125.942383,0.000000,0.000000,0.000000,0.000000,0.000000,1.000000,0,0.000000,-34089.273438,-10947.245117,368783911,368784663,-9787.082902,-51949.463193,-26976.751162,-14443.441044
162,1764278179.732746601,37,0,C9:06:43:F9:43:3F,8E89BED6,-16805.431441,3273.604284,-16805.430997,354152.004717,290896.924597,0.931921,-71.118172,2.500000,6628.945296,21.229483,369680.851064,376.000000,-8842.911133,0.000000,0.000000,0.000000,0.000000,0.000000,1.000000,0,0.000000,-9671.493164,-12302.558594,372788549,372789301,-8291.783831,-43667.652266,-34827.200114,-7419.068717
163,1764278181.738199711,37,0,C9:06:43:F9:43:3F,8E89BED6,-16735.124460,3346.276209,-16735.124061,346305.496799,265553.872164,1.096498,-16.816345,2.500000,7163.232717,21.059990,369680.851064,376.000000,-9054.311523,0.000000,0.000000,0.000000,0.000000,0.000000,1.000000,0,0.000000,-18008.966797,-6360.389648,376801767,376802519,-8576.157302,-49386.459835,-26914.968205,-13281.204150
166,1764278183.771494389,37,0,C9:06:43:F9:43:3F,8E89BED6,-15304.705689,3599.361956,-15304.704976,340210.313224,258600.594870,1.002431,-43.980964,3.000000,8190.748352,21.316540,367021.276596,376.000000,-8231.130859,0.000000,0.000000,0.000000,0.000000,0.000000,1.000000,0,0.000000,-48544.996094,-10071.377930,380814653,380815405,-18575.363207,-59446.293757,-26747.239084,8672.318663
167,1764278183.810359001,37,0,C9:06:43:F9:43:3F,8E89BED6,-14907.925101,3793.290935,-14907.924662,340080.339618,264614.904953,1.004320,-43.199377,3.000000,8048.303122,21.368129,367021.276596,376.000000,-8194.676758,0.000000,0.000000,0.000000,0.000000,0.000000,1.000000,0,0.000000,-48544.996094,-10089.682617,380814654,380815406,14367.231694,-17495.278743,-32363.527606,-7404.792966
168,1764278185.791017294,37,0,C9:06:43:F9:43:3F,8E89BED6,-16605.269749,3927.669357,-16605.270401,348274.200646,277104.817170,1.063367,23.245351,3.000000,6875.152805,21.133152,369680.851064,376.000000,-8943.119141,0.000000,0.000000,0.000000,0.000000,0.000000,1.000000,0,0.000000,-17755.148438,-8264.195312,384824778,384825530,-12413.630747,-52052.199340,-21599.974125,-7812.275648
169,1764278187.791787148,37,0,C9:06:43:F9:43:3F,8E89BED6,-15442.239787,3910.854207,-15442.240982,337487.158618,255222.488005,1.061358,11.586264,3.000000,8272.773228,20.978486,367021.276596,376.000000,-7784.022461,0.000000,0.000000,0.000000,0.000000,0.000000,1.000000,0,0.000000,-8423.174805,-1814.153320,388840285,388841037,-17976.817586,-57723.621921,-21207.030614,3570.226397
170,1764278187.836757421,37,0,C9:06:43:F9:43:3F,8E89BED6,-15028.456975,4077.004253,-15028.457800,336657.509282,271162.005859,1.060727,12.406196,3.000000,8133.215499,20.956828,367021.276596,376.000000,-7762.921387,0.000000,0.000000,0.000000,0.000000,0.000000,1.000000,0,0.000000,-7595.262695,-1909.094971,388840286,388841038,12971.430650,-13618.357881,-30272.582435,-13482.778017
172,1764278189.791328430,37,0,C9:06:43:F9:43:3F,8E89BED6,-16630.135271,3295.584599,-16630.135229,340443.069155,257488.795065,1.023446,-36.381212,2.500000,6890.582619,21.205534,367021.276596,376.000000,-8644.499023,0.000000,0.000000,0.000000,0.000000,0.000000,1.000000,0,0.000000,-11085.841797,-9394.494141,392832031,392832783,-4835.850474,-45370.504522,-25846.972085,-13082.024228
173,1764278191.899528742,37,0,C9:06:43:F9:43:3F,8E89BED6,-16604.588403,3324.113924,-16604.587216,331702.359711,252699.567319,0.960634,-58.864290,2.500000,7013.661715,21.506864,367021.276596,376.000000,-8641.632812,0.000000,0.000000,0.000000,0.000000,0.000000,1.000000,0,0.000000,-39305.644531,-12373.535156,396847902,396848654,-25826.854588,-69574.935443,-20778.026894,24942.271559
174,1764278191.943640232,37,0,C9:06:43:F9:43:3F,8E89BED6,-16481.129469,3498.968593,-16481.127996,331468.800378,249383.463681,0.960606,-58.622137,2.500000,6870.878647,21.486323,367021.276596,376.000000,-8755.783203,0.000000,0.000000,0.000000,0.000000,0.000000,1.000000,0,0.000000,-39305.644531,-12457.252930,396847903,396848655,17.690697,-37186.669140,-39074.704319,-12548.519994
175,1764278194.035829306,37,0,C9:06:43:F9:43:3F,8E89BED6,-15852.844626,4777.072525,-15852.844499,328531.735952,241940.852001,0.953228,-72.783503,3.000000,7624.505553,21.189620,367021.276596,376.000000,-8650.524414,0.000000,0.000000,0.000000,0.000000,0.000000,1.000000,0,0.000000,-17890.306641,-3159.396484,400860414,400861166,-20987.824156,-60137.361678,-23320.094511,12202.305805
176,1764278194.085658312,37,0,C9:06:43:F9:43:3F,8E89BED6,-15571.799552,4963.163251,-15571.799687,327155.833187,264384.915582,0.953870,-71.915821,3.000000,7483.990587,21.095151,367021.276596,376.000000,-8614.507812,0.000000,0.000000,0.000000,0.000000,0.000000,1.000000,0,0.000000,-17890.306641,-3269.951416,400860415,400861167,10628.034290,-26279.819757,-31838.577976,-13627.026401
177,1764278196.027005196,37,0,C9:06:43:F9:43:3F,8E89BED6,-15219.775588,3621.010549,-15219.775526,348986.739118,260936.970423,1.036464,29.719560,3.000000,8357.067552,21.647808,367021.276596,376.000000,-8448.815430,0.000000,0.000000,0.000000,0.000000,0.000000,1.000000,0,0.000000,-3246.737061,9908.545898,404611595,404612347,-23676.652024,-61697.298258,-27843.952863,18254.810419
178,1764278196.070099831,37,0,C9:06:43:F9:43:3F,8E89BED6,-14814.878650,3820.288121,-14814.878780,347451.751856,279117.567696,1.035573,30.339451,3.000000,8211.868866,21.678594,367021.276596,376.000000,-8425.543945,0.000000,0.000000,0.000000,0.000000,0.000000,1.000000,0,0.000000,-3246.737061,9740.218750,404611596,404612348,9902.926985,-17482.979248,-35186.993066,-6587.795880
179,1764278198.064397097,37,0,C9:06:43:F9:43:3F,8E89BED6,-15385.938120,3159.066499,-15385.939550,350620.258978,256645.051153,0.983755,50.505662,2.500000,8264.161892,21.038100,369680.851064,376.000000,-8668.190430,0.000000,0.000000,0.000000,0.000000,0.000000,1.000000,0,0.000000,-19327.505859,2105.644043,408623380,408624132,-14208.866045,-57722.649632,-24704.149665,5747.924890
180,1764278198.107979536,37,0,C9:06:43:F9:43:3F,8E89BED6,-14969.941607,3347.479843,-14969.941069,350443.166355,275290.532044,0.982352,50.902799,2.500000,8124.523088,21.018390,369680.851064,376.000000,-8558.857422,0.000000,0.000000,0.000000,0.000000,0.000000,1.000000,0,0.000000,-19327.505859,1981.303345,408623381,408624133,17941.849193,-11796.152145,-31743.179453,-10310.258931
181,1764278200.155904293,37,0,C9:06:43:F9:43:3F,8E89BED6,-15995.524013,2826.775895,-15995.524858,337404.678085,247151.615474,1.046249,-24.044718,2.500000,7707.836716,21.469737,369680.851064,376.000000,-9083.670898,0.000000,0.000000,0.000000,0.000000,0.000000,1.000000,0,0.000000,-28790.664062,-15966.400391,412634286,412635038,-13534.397805,-53847.503614,-24897.266881,-7747.592672
182,1764278200.218545437,37,0,C9:06:43:F9:43:3F,8E89BED6,-15567.960514,3041.101652,-15567.960846,337477.363479,255792.432067,1.047157,-23.286750,2.500000,7567.732273,21.453077,369680.851064,376.000000,-8917.503906,0.000000,0.000000,0.000000,0.000000,0.000000,1.000000,0,0.000000,-27850.033203,-15997.804688,412634287,412635039,12988.411936,-6423.777058,-36967.687397,-17923.104873
183,1764278202.333780289,37,0,C9:06:43:F9:43:3F,8E89BED6,-16433.753181,2785.134886,-16433.754399,339107.042088,262848.369196,1.044692,23.750798,3.000000,7546.368998,20.921198,367021.276596,376.000000,-10139.023438,0.000000,0.000000,0.000000,0.000000,0.000000,1.000000,0,0.000000,-103017.484375,-10566.017578,416641708,416642460,-21825.082404,-66618.541718,-27177.745574,1488.709201
184,1764278202.390605927,37,0,C9:06:43:F9:43:3F,8E89BED6,-16093.138161,2961.646483,-16093.137865,338969.860448,256759.120657,1.043707,24.495484,3.000000,7406.041712,20.934410,367021.276596,376.000000,-10112.270508,0.000000,0.000000,0.000000,0.000000,0.000000,1.000000,0,0.000000,-100715.867188,-10587.853516,416641709,416642461,6515.282351,-26760.851874,-39321.524310,-14838.570344
185,1764278204.172369003,37,0,C9:06:43:F9:43:3F,8E89BED6,-15905.302425,4083.381760,-15905.302412,360790.633360,278078.830993,1.085797,12.797698,2.500000,7506.035954,21.675710,367021.276596,376.000000,-8605.689453,0.000000,0.000000,0.000000,0.000000,0.000000,1.000000,0,0.000000,-11824.845703,-4954.123047,420439537,420440289,-9665.900911,-49407.059526,-26942.441904,-2684.710094
186,1764278206.232286215,37,0,C9:06:43:F9:43:3F,8E89BED6,-15061.822904,4187.474300,-15061.822753,344568.979983,253386.788382,0.949005,-77.106425,3.000000,8724.632360,21.241265,367021.276596,376.000000,-8315.261719,0.000000,0.000000,0.000000,0.000000,0.000000,1.000000,0,0.000000,-72693.937500,-8753.901367,424442456,424443208,-15147.547583,-61937.918691,-25202.162981,5247.478417
187,1764278206.264009953,37,0,C9:06:43:F9:43:3F,8E89BED6,-14589.851308,4402.802475,-14589.851946,343551.891083,262543.696940,0.949958,-76.159575,3.000000,8584.314640,21.171590,367021.276596,376.000000,-8261.465820,0.000000,0.000000,0.000000,0.000000,0.000000,1.000000,0,0.000000,-68830.234375,-8792.193359,424442457,424443209,15195.872212,-17842.918769,-24998.604928,-10936.677910
188,1764278208.289243698,37,0,C9:06:43:F9:43:3F,8E89BED6,-15324.011859,4353.717538,-15324.011656,350482.223215,259614.780895,0.924227,71.339507,3.000000,8275.525345,21.196392,367021.276596,376.000000,-8650.670898,0.000000,0.000000,0.000000,0.000000,0.000000,1.000000,0,0.000000,-95597.984375,-21878.103516,428444801,428445553,-16451.911473,-61841.439338,-27160.728684,6016.919425
189,1764278208.328806877,37,0,C9:06:43:F9:43:3F,8E89BED6,-14979.761551,4538.262859,-14979.761628,349980.082280,280756.136897,0.922651,71.789573,3.000000,8131.377517,21.164209,367021.276596,376.000000,-8641.986328,0.000000,0.000000,0.000000,0.000000,0.000000,1.000000,0,0.000000,-95597.984375,-21864.525391,428444802,428445554,10981.315000,-13916.002514,-26094.209161,-7437.518100
190,1764278210.344934464,37,0,C9:06:43:F9:43:3F,8E89BED6,-16776.331282,2700.237333,-16776.330892,333569.864179,249188.355265,0.965765,62.381774,2.500000,6718.363418,20.406060,367021.276596,376.000000,-8894.572266,0.000000,0.000000,0.000000,0.000000,0.000000,1.000000,0,0.000000,-8930.353516,-15122.555664,432286508,432287260,-3603.551992,-46054.801869,-34695.153270,-8082.758942
191,1764278212.290641069,37,0,C9:06:43:F9:43:3F,8E89BED6,-15176.529901,4060.650533,-15176.530485,348347.146541,252843.291530,1.073075,-24.381310,3.000000,8310.397939,21.266094,369680.851064,376.000000,-8364.189453,0.000000,0.000000,0.000000,0.000000,0.000000,1.000000,0,0.000000,-57699.371094,-4290.247070,436285544,436286296,-19288.148769,-59562.036710,-28766.703766,10625.565948
192,1764278212.332002163,37,0,C9:06:43:F9:43:3F,8E89BED6,-14785.223146,4231.949105,-14785.223312,347593.078441,280028.511354,1.074857,-23.913312,3.000000,8166.863012,21.159805,369680.851064,376.000000,-8267.332031,0.000000,0.000000,0.000000,0.000000,0.000000,1.000000,0,0.000000,-57699.371094,-4380.805176,436285545,436286297,10726.471234,-10962.973108,-32629.174029,-9687.534531
194,1764278214.331438303,37,0,C9:06:43:F9:43:3F,8E89BED6,-16206.594876,2821.610986,-16206.596520,331175.442684,248924.923869,1.009833,41.762420,2.500000,7147.822469,21.658799,329787.234043,376.000000,-9269.689453,0.000000,0.000000,0.000000,0.000000,0.000000,1.000000,0,0.000000,-9883.061523,-7639.380859,440184386,440185138,-5096.011142,-39097.878524,-30024.110602,-10647.096769
195,1764278216.434506655,37,0,C9:06:43:F9:43:3F,8E89BED6,-16322.301250,3903.589239,-16322.299840,337450.545723,255012.969427,0.943478,67.932743,2.500000,7122.244786,21.271502,367021.276596,376.000000,-7620.405273,0.000000,0.000000,0.000000,0.000000,0.000000,1.000000,0,0.000000,-44561.097656,-8450.458984,444189315,444190067,-25346.092008,-69223.877650,-25111.572481,29206.861032
196,1764278216.483098269,37,0,C9:06:43:F9:43:3F,8E89BED6,-16203.591447,4077.671497,-16203.589793,337065.301786,266101.565127,0.941797,68.329214,2.500000,6982.319412,21.260808,367021.276596,376.000000,-7731.132324,0.000000,0.000000,0.000000,0.000000,0.000000,1.000000,0,0.000000,-44561.097656,-8475.471680,444189316,444190068,3304.648269,-35894.931061,-26492.347488,-10604.106769
197,1764278218.465211868,37,0,C9:06:43:F9:43:3F,8E89BED6,-16899.768753,4238.285538,-16899.768387,355872.884100,290491.051967,0.895245,-85.520937,2.500000,6425.903766,21.967555,367021.276596,376.000000,-8627.647461,0.000000,0.000000,0.000000,0.000000,0.000000,1.000000,0,0.000000,-20003.816406,3579.659424,448195753,448196505,-4437.684718,-42201.323973,-29988.989132,-7150.952012
198,1764278220.417622328,37,0,C9:06:43:F9:43:3F,8E89BED6,-16760.053992,3468.994624,-16760.053889,348720.759825,266396.415570,0.947895,-61.983279,2.500000,6451.329948,21.306802,369680.851064,376.000000,-8202.533203,0.000000,0.000000,0.000000,0.000000,0.000000,1.000000,0,0.000000,-7243.140625,-2791.455566,452196331,452197083,-7034.585600,-44056.714529,-32833.855415,-9824.545504
199,1764278222.393750668,37,0,C9:06:43:F9:43:3F,8E89BED6,-16964.233350,4648.204537,-16964.233539,344190.063339,255543.156990,1.037774,-23.279897,2.500000,6821.068743,21.216723,367021.276596,376.000000,-10338.460938,0.000000,0.000000,0.000000,0.000000,0.000000,1.000000,0,0.000000,-12314.223633,-14392.525391,456198308,456199060,-3203.172229,-42941.289840,-27911.909747,-16463.521980
200,1764278224.462662220,37,0,C9:06:43:F9:43:3F,8E89BED6,-15858.940497,4106.242582,-15858.939791,333742.761934,260970.367062,0.957579,-64.719303,2.500000,7654.904489,20.829917,367021.276596,376.000000,-8683.775391,0.000000,0.000000,0.000000,0.000000,0.000000,1.000000,0,0.000000,-50419.417969,-11368.081055,460210362,460211114,-27622.838854,-68833.466429,-27906.300967,30009.718775
201,1764278224.500235796,37,0,C9:06:43:F9:43:3F,8E89BED6,-15738.125723,4306.568430,-15738.125873,332934.612434,256235.500587,0.958688,-63.944516,2.500000,7508.040922,20.870998,367021.276596,376.000000,-8706.666016,0.000000,0.000000,0.000000,0.000000,0.000000,1.000000,0,0.000000,-50365.535156,-11335.378906,460210363,460211115,1422.090650,-36866.971392,-37590.616840,-5942.471626
202,1764278226.447761059,37,0,C9:06:43:F9:43:3F,8E89BED6,-15439.228435,4265.674306,-15439.228183,341293.916646,251651.989534,1.012769,-38.067086,3.000000,8293.689345,21.397617,367021.276596,376.000000,-9197.049805,0.000000,0.000000,0.000000,0.000000,0.000000,1.000000,0,0.000000,-21773.765625,7853.513184,464215249,464216001,-15175.339215,-58840.344369,-25868.088155,-1514.507894
203,1764278226.485176086,37,0,C9:06:43:F9:43:3F,8E89BED6,-14977.629806,4447.274659,-14977.629486,341095.631268,266497.348531,1.013314,-37.524170,3.000000,8156.592277,21.403486,367021.276596,376.000000,-9016.070312,0.000000,0.000000,0.000000,0.000000,0.000000,1.000000,0,0.000000,-20552.160156,7680.356934,464215250,464216002,12456.636035,-9687.977363,-30520.958544,-6511.480176
204,1764278228.403605223,37,0,C9:06:43:F9:43:3F,8E89BED6,-15321.745331,4512.445905,-15321.746322,349180.555289,262457.008978,1.067350,-25.666484,2.500000,7830.962719,21.741290,369680.851064,376.000000,-8741.729492,0.000000,0.000000,0.000000,0.000000,0.000000,1.000000,0,0.000000,-17004.496094,-4645.877441,468222378,468223130,-10511.835305,-50796.642351,-23344.213763,677.000101
205,1764278230.426699162,37,0,C9:06:43:F9:43:3F,8E89BED6,-16356.597466,3770.693754,-16356.596304,354306.843939,263480.299636,0.984057,-52.403082,3.000000,7354.622104,21.059681,369680.851064,376.000000,-8493.043945,0.000000,0.000000,0.000000,0.000000,0.000000,1.000000,0,0.000000,-16436.972656,-6825.680664,472222331,472223083,-20398.589007,-67116.275074,-17199.213325,6875.419572
206,1764278230.459863186,37,0,C9:06:43:F9:43:3F,8E89BED6,-16071.332366,3955.130454,-16071.331655,352547.115910,266447.391329,0.985236,-51.731937,3.000000,7215.705457,21.035925,369680.851064,376.000000,-8520.414062,0.000000,0.000000,0.000000,0.000000,0.000000,1.000000,0,0.000000,-16436.972656,-6928.158691,472222332,472223084,4108.524273,-28905.861772,-27148.787692,-10479.383580
208,1764278232.567709446,37,0,C9:06:43:F9:43:3F,8E89BED6,-16833.816187,3702.580271,-16833.815945,327748.017730,254377.807671,1.070902,-8.621255,3.000000,7059.371389,21.287869,369680.851064,376.000000,-9036.995117,0.000000,0.000000,0.000000,0.000000,0.000000,1.000000,0,0.000000,-20765.236328,-2871.034424,476226933,476227685,-22952.443427,-65364.130001,-21903.901098,15703.246928
209,1764278232.608228445,37,0,C9:06:43:F9:43:3F,8E89BED6,-16516.023549,3901.025471,-16516.023200,327714.759907,252452.518715,1.072762,-8.354661,3.000000,6918.380722,21.259367,369680.851064,376.000000,-9080.321289,0.000000,0.000000,0.000000,0.000000,0.000000,1.000000,0,0.000000,-20765.236328,-3012.881348,476226934,476227686,6850.954528,-29161.899135,-28350.527603,-14796.572203
210,1764278234.753955126,37,0,C9:06:43:F9:43:3F,8E89BED6,-16424.536442,2841.988566,-16424.536646,341248.889031,261544.382556,0.876429,-84.916327,2.500000,6840.654161,21.757070,332446.808511,376.000000,-9603.025391,0.000000,0.000000,0.000000,0.000000,0.000000,1.000000,0,0.000000,-19577.181641,-6706.145996,480233842,480234594,-2360.858815,-40526.022475,-33841.032727,-9181.893972
211,1764278236.742734432,37,0,C9:06:43:F9:43:3F,8E89BED6,-16170.031726,4108.824670,-16170.031336,356658.374000,253772.057856,0.973098,55.021061,3.000000,7509.170634,20.862729,369680.851064,376.000000,-8721.445312,0.000000,0.000000,0.000000,0.000000,0.000000,1.000000,0,0.000000,-39040.394531,-3703.728760,484233904,484234656,-24225.112978,-65377.060758,-18261.637858,5253.249083
212,1764278236.781444311,37,0,C9:06:43:F9:43:3F,8E89BED6,-15870.248633,4288.780200,-15870.249750,355214.734486,282227.084179,0.971509,55.487388,3.000000,7370.496294,20.801061,369680.851064,376.000000,-8693.072266,0.000000,0.000000,0.000000,0.000000,0.000000,1.000000,0,0.000000,-33353.531250,-3754.428467,484233905,484234657,7470.208602,-24912.831814,-30424.447069,-16826.338535
213,1764278238.761146545,37,0,C9:06:43:F9:43:3F,8E89BED6,-15885.376174,3803.006591,-15885.375699,330211.957472,237120.195966,1.058002,-11.961894,2.500000,7323.837369,21.522474,367021.276596,376.000000,-8718.155273,0.000000,0.000000,0.000000,0.000000,0.000000,1.000000,0,0.000000,-12288.623047,2378.381104,488236455,488237207,-8282.152301,-53652.233247,-21225.240433,-3722.203123
214,1764278240.781548023,37,0,C9:06:43:F9:43:3F,8E89BED6,-15907.648526,4921.850702,-15907.648613,351629.974587,259073.613723,0.944732,-85.070699,2.500000,7606.838936,20.770623,367021.276596,376.000000,-8186.040527,0.000000,0.000000,0.000000,0.000000,0.000000,1.000000,0,0.000000,-28947.650391,-19348.251953,492243379,492244131,-9195.817950,-41863.055051,-30139.298527,-6542.046173
215,1764278242.706849098,37,0,C9:06:43:F9:43:3F,8E89BED6,-16882.544675,2710.066955,-16882.545630,351469.328184,258698.927911,0.965976,61.327968,2.500000,6745.928619,20.862333,369680.851064,376.000000,-9118.355469,0.000000,0.000000,0.000000,0.000000,0.000000,1.000000,0,0.000000,-16479.359375,5737.305176,496254068,496254820,-3221.004028,-41333.524736,-25181.674830,-16397.178908
216,1764278244.728860855,37,0,C9:06:43:F9:43:3F,8E89BED6,-16082.061430,4033.572682,-16082.061341,345730.719237,259912.615807,1.039726,-34.495514,3.000000,7624.929566,20.894565,369680.851064,376.000000,-8420.578125,0.000000,0.000000,0.000000,0.000000,0.000000,1.000000,0,0.000000,-37436.898438,-2993.376709,500265721,500266473,-13324.008743,-53713.622843,-25919.210212,-3726.807698
217,1764278244.772522926,37,0,C9:06:43:F9:43:3F,8E89BED6,-15563.088086,4236.866468,-15563.087375,345792.305338,261432.870390,1.041345,-34.199247,3.000000,7486.333548,20.910750,369680.851064,376.000000,-8276.288086,0.000000,0.000000,0.000000,0.000000,0.000000,1.000000,0,0.000000,-20925.250000,-3074.021973,500265722,500266474,15674.799881,-11537.449081,-23357.102551,-12926.650980
218,1764278246.723820210,37,0,C9:06:43:F9:43:3F,8E89BED6,-17147.802979,2080.197609,-17147.802823,354345.718556,260907.829406,1.046292,28.679074,2.500000,6623.895124,20.902009,369680.851064,376.000000,-9922.627930,0.000000,0.000000,0.000000,0.000000,0.000000,1.000000,0,0.000000,-57390.925781,-5829.154297,504272677,504273429,-494.662744,-35741.932127,-35992.132187,-20370.459201
219,1764278248.779863358,37,0,C9:06:43:F9:43:3F,8E89BED6,-17742.461454,2133.320665,-17742.461626,334242.805136,251606.831425,1.052097,34.006853,2.500000,6033.217544,20.664118,369680.851064,376.000000,-10140.434570,0.000000,0.000000,0.000000,0.000000,0.000000,1.000000,0,0.000000,-15680.885742,1971.226685,508276080,508276832,-8573.074738,-39878.887295,-34731.068234,-14070.959326
220,1764278250.740643024,37,0,C9:06:43:F9:43:3F,8E89BED6,-16092.776024,3196.284836,-16092.777400,322621.236086,241093.684686,0.966551,-55.234846,3.000000,6972.774592,21.250353,369680.851064,376.000000,-8615.863281,0.000000,0.000000,0.000000,0.000000,0.000000,1.000000,0,0.000000,-45543.468750,-2599.804199,512247821,512248573,-21956.612269,-67286.240954,-21253.328266,12649.426790
221,1764278250.776223421,37,0,C9:06:43:F9:43:3F,8E89BED6,-15753.187750,3383.804544,-15753.188902,322337.302803,264803.659836,0.967448,-54.826580,3.000000,6831.398077,21.166731,369680.851064,376.000000,-8582.266602,0.000000,0.000000,0.000000,0.000000,0.000000,1.000000,0,0.000000,-45543.468750,-2692.278809,512247822,512248574,7310.908650,-28611.636585,-35410.661935,-10034.682264
222,1764278252.767365456,37,0,C9:06:43:F9:43:3F,8E89BED6,-16242.597126,3070.201249,-16242.597204,330577.666614,257127.862482,0.961615,-56.801954,2.500000,7126.576723,21.356308,369680.851064,376.000000,-9707.854492,0.000000,0.000000,0.000000,0.000000,0.000000,1.000000,0,0.000000,-12934.666016,-7130.674316,516247870,516248622,-5029.436194,-41320.962298,-32157.317288,-18473.319268
223,1764278254.733923912,37,0,C9:06:43:F9:43:3F,8E89BED6,-16400.033495,5309.559096,-16400.034585,343013.447121,253365.297911,0.961118,-77.887514,3.000000,7603.733164,21.077104,367021.276596,376.000000,-9611.508789,0.000000,0.000000,0.000000,0.000000,0.000000,1.000000,0,0.000000,-5405.545898,4561.750977,520116682,520117434,-6764.961193,-41305.438614,-29045.744260,-6994.132533
224,1764278256.659276009,37,0,C9:06:43:F9:43:3F,8E89BED6,-16086.790476,4365.214071,-16086.790083,339974.846053,252450.691841,1.040511,-23.209163,3.000000,7538.565334,21.559416,369680.851064,376.000000,-7769.846680,0.000000,0.000000,0.000000,0.000000,0.000000,1.000000,0,0.000000,-52571.453125,-10023.617188,524127562,524128314,-19200.918552,-64527.465365,-18215.408469,10819.436624
225,1764278256.696767807,37,0,C9:06:43:F9:43:3F,8E89BED6,-15844.236541,4523.022447,-15844.235894,339112.929625,264295.500691,1.042289,-22.398633,3.000000,7402.733439,21.559096,369680.851064,376.000000,-7798.109375,0.000000,0.000000,0.000000,0.000000,0.000000,1.000000,0,0.000000,-44232.343750,-10074.620117,524127563,524128315,9846.617581,-23202.540065,-31167.228184,-14559.216524
226,1764278258.614653349,37,0,C9:06:43:F9:43:3F,8E89BED6,-15921.589442,4072.302059,-15921.590357,340891.334232,251124.746345,0.966663,59.661092,3.000000,7923.531205,21.194600,367021.276596,376.000000,-9731.019531,0.000000,0.000000,0.000000,0.000000,0.000000,1.000000,0,0.000000,-34824.574219,-4222.949707,528137453,528138205,-23812.133521,-67370.084294,-24136.733330,21889.220380
227,1764278258.651294470,37,0,C9:06:43:F9:43:3F,8E89BED6,-15709.537862,4234.136496,-15709.538924,339600.009203,262243.365954,0.964973,60.211116,3.000000,7781.547206,21.221739,367021.276596,376.000000,-9832.993164,0.000000,0.000000,0.000000,0.000000,0.000000,1.000000,0,0.000000,-31468.742188,-4297.400879,528137454,528138206,8751.940450,-28026.097079,-34722.661331,-13647.141186
228,1764278260.363770485,37,0,C9:06:43:F9:43:3F,8E89BED6,-15583.587113,4312.567283,-15583.587375,329870.056399,247838.563705,0.965594,83.759061,3.000000,8339.098102,20.784927,367021.276596,376.000000,-8013.182617,0.000000,0.000000,0.000000,0.000000,0.000000,1.000000,0,0.000000,-43456.652344,-11855.485352,531850496,531851248,-16556.308533,-58852.014835,-22535.517801,2651.466545
229,1764278260.400223017,37,0,C9:06:43:F9:43:3F,8E89BED6,-15162.460025,4502.201375,-15162.460806,329855.446261,262300.583402,0.966043,85.184806,3.000000,8202.601482,20.788797,367021.276596,376.000000,-7943.870117,0.000000,0.000000,0.000000,0.000000,0.000000,1.000000,0,0.000000,-43456.652344,-11947.807617,531850497,531851249,11210.211032,-18758.360298,-29959.492860,-10916.158724
230,1764278262.428076744,37,0,C9:06:43:F9:43:3F,8E89BED6,-16925.314695,4349.893576,-16925.314230,335947.266345,266323.699655,1.106521,10.275336,2.500000,6678.297205,21.585145,369680.851064,376.000000,-8925.713867,0.000000,0.000000,0.000000,0.000000,0.000000,1.000000,0,0.000000,-37624.839844,-14676.987305,535857678,535858430,-2621.380234,-42677.970220,-29382.227244,-9319.348650
231,1764278264.351944447,37,0,C9:06:43:F9:43:3F,8E89BED6,-16736.288732,3839.595883,-16736.290318,344561.578374,273980.788422,0.950502,-70.879311,2.500000,6640.364045,21.004098,369680.851064,376.000000,-10171.221680,0.000000,0.000000,0.000000,0.000000,0.000000,1.000000,0,0.000000,-13602.167969,6671.092773,539705889,539706641,-3815.993134,-40193.424965,-30585.230242,-10532.910649
232,1764278266.292031765,37,0,C9:06:43:F9:43:3F,8E89BED6,-16116.016724,3347.343531,-16116.017267,355002.977849,271506.397235,1.021345,37.624180,3.000000,7477.549611,21.107915,367021.276596,376.000000,-8966.296875,0.000000,0.000000,0.000000,0.000000,0.000000,1.000000,0,0.000000,-41162.207031,-6452.882812,543703971,543704723,-11872.773055,-50505.628961,-24545.446855,-4885.392301
233,1764278266.333032370,37,0,C9:06:43:F9:43:3F,8E89BED6,-15658.373496,3524.038070,-15658.373404,355071.707442,253601.051069,1.019808,38.205309,3.000000,7338.479710,21.062125,367021.276596,376.000000,-8815.463867,0.000000,0.000000,0.000000,0.000000,0.000000,1.000000,0,0.000000,-39420.257812,-6516.263184,543703972,543704724,15246.113895,1040.212472,-34297.466193,-12795.575600
234,1764278268.294170856,37,0,C9:06:43:F9:43:3F,8E89BED6,-15569.534973,4242.024116,-15569.534805,324329.002462,243245.658766,1.050145,-23.535636,3.000000,7752.261715,20.855367,367021.276596,376.000000,-7988.805176,0.000000,0.000000,0.000000,0.000000,0.000000,1.000000,0,0.000000,-37199.429688,-11961.340820,547704728,547705480,-8984.468003,-57392.840876,-26901.325390,2495.227656
235,1764278270.261109591,37,0,C9:06:43:F9:43:3F,8E89BED6,-15874.383200,3580.084314,-15874.384281,337902.300104,257302.182726,0.986628,49.315539,3.000000,7963.542734,21.474660,369680.851064,376.000000,-8804.298828,0.000000,0.000000,0.000000,0.000000,0.000000,1.000000,0,0.000000,-55451.886719,-13604.061523,551573961,551574713,-17663.602921,-65011.899790,-19581.879908,7706.855948
236,1764278270.298584223,37,0,C9:06:43:F9:43:3F,8E89BED6,-15460.839814,3762.787324,-15460.839954,336947.091200,260461.592208,0.984868,49.891609,3.000000,7823.142338,21.485952,369680.851064,376.000000,-8777.818359,0.000000,0.000000,0.000000,0.000000,0.000000,1.000000,0,0.000000,-55451.886719,-13696.237305,551573962,551574714,12480.109522,-15176.405794,-25859.143760,-8767.259508
237,1764278272.305241823,37,0,C9:06:43:F9:43:3F,8E89BED6,-15928.600733,4287.664512,-15928.600917,334387.100655,249415.778844,0.943081,-80.568246,2.500000,7607.835394,21.076015,367021.276596,376.000000,-8246.127930,0.000000,0.000000,0.000000,0.000000,0.000000,1.000000,0,0.000000,-7477.759766,-7777.188965,555577143,555577895,-7936.041715,-53140.827063,-31271.921662,-2833.707114
238,1764278276.094685555,37,0,C9:06:43:F9:43:3F,8E89BED6,-15884.633801,4553.922435,-15884.632930,337586.293970,259636.026040,1.032318,29.030445,3.000000,7891.649230,21.239103,369680.851064,376.000000,-8307.537109,0.000000,0.000000,0.000000,0.000000,0.000000,1.000000,0,0.000000,-25455.005859,164.458328,563259605,563260357,-12526.963414,-53810.043650,-26199.884118,-2938.659321
239,1764278278.052382708,37,0,C9:06:43:F9:43:3F,8E89BED6,-16068.075230,2887.553654,-16068.075358,340335.457415,250135.464976,1.076878,6.799562,3.000000,7377.575052,21.116518,367021.276596,376.000000,-8700.965820,0.000000,0.000000,0.000000,0.000000,0.000000,1.000000,0,0.000000,-53430.000000,-19381.240234,567263144,567263896,-11427.863649,-56220.465309,-25572.954798,-6373.318090
240,1764278278.095982552,37,0,C9:06:43:F9:43:3F,8E89BED6,-15571.765738,3090.215215,-15571.765023,339309.931700,247489.244673,1.075770,7.484777,3.000000,7239.258989,21.083279,367021.276596,376.000000,-8510.857422,0.000000,0.000000,0.000000,0.000000,0.000000,1.000000,0,0.000000,-51616.062500,-19352.029297,567263145,567263897,15583.503968,-6508.399446,-27660.316164,-12138.669370
241,1764278280.035774708,37,0,C9:06:43:F9:43:3F,8E89BED6,-15804.306370,3942.105427,-15804.305696,339263.402830,247322.183018,0.940186,-70.941856,3.000000,7722.827988,21.698050,367021.276596,376.000000,-9200.187500,0.000000,0.000000,0.000000,0.000000,0.000000,1.000000,0,0.000000,-105027.882812,-18390.486328,571061066,571061818,-19696.863872,-62635.133140,-22624.412581,11927.976632
242,1764278280.073843718,37,0,C9:06:43:F9:43:3F,8E89BED6,-15450.701736,4136.410001,-15450.700519,338968.095769,274789.524167,0.941020,-70.273368,3.000000,7580.901432,21.588281,367021.276596,376.000000,-9171.370117,0.000000,0.000000,0.000000,0.000000,0.000000,1.000000,0,0.000000,-103937.312500,-18435.712891,571061067,571061819,11822.032651,-22080.273570,-28295.468385,-8525.660731
243,1764278282.009125948,37,0,C9:06:43:F9:43:3F,8E89BED6,-16346.338560,3483.256873,-16346.338260,357579.226340,274168.958257,1.044146,8.604874,2.500000,7562.279704,20.981556,367021.276596,376.000000,-9411.704102,0.000000,0.000000,0.000000,0.000000,0.000000,1.000000,0,0.000000,-8462.762695,-8401.412109,575065682,575066434,-8908.692375,-44402.219566,-29096.325884,-7851.993540
244,1764278283.985962868,37,0,C9:06:43:F9:43:3F,8E89BED6,-16006.420229,3504.793843,-16006.422488,327435.679212,254923.717897,1.073436,-6.726863,2.500000,7189.080694,20.969976,367021.276596,376.000000,-8915.986328,0.000000,0.000000,0.000000,0.000000,0.000000,1.000000,0,0.000000,-64093.597656,-10152.305664,579078658,579079410,-27171.645893,-65340.901558,-19560.541255,26248.353112
245,1764278284.019184828,37,0,C9:06:43:F9:43:3F,8E89BED6,-15825.001409,3697.476886,-15825.002049,326361.966944,254554.014919,1.074801,-6.137461,2.500000,7044.734615,20.917096,367021.276596,376.000000,-8933.868164,0.000000,0.000000,0.000000,0.000000,0.000000,1.000000,0,0.000000,-62712.324219,-10144.303711,579078659,579079411,4331.113177,-28615.655562,-36323.030804,-17723.280345
246,1764278285.752630472,37,0,C9:06:43:F9:43:3F,8E89BED6,-16962.980422,3488.025878,-16962.980428,360513.977545,254649.880535,0.906703,-81.559563,3.000000,6943.497057,21.542321,369680.851064,376.000000,-9405.934570,0.000000,0.000000,0.000000,0.000000,0.000000,1.000000,0,0.000000,-33953.113281,-10238.203125,582930837,582931589,-25532.278376,-62791.473938,-19813.143833,7369.957741
247,1764278285.792434692,37,0,C9:06:43:F9:43:3F,8E89BED6,-16646.204612,3658.032869,-16646.204921,359722.874636,270824.306977,0.905356,-81.465858,3.000000,6807.115351,21.355855,369680.851064,376.000000,-9416.602539,0.000000,0.000000,0.000000,0.000000,0.000000,1.000000,0,0.000000,-32823.582031,-10313.594727,582930838,582931590,3977.258474,-24689.947211,-30415.495408,-13091.073419
248,1764278287.757671356,37,0,C9:06:43:F9:43:3F,8E89BED6,-15850.838768,2871.890940,-15850.837253,335893.325132,251031.817400,0.993704,47.282104,2.500000,7912.030364,21.463638,367021.276596,376.000000,-9640.523438,0.000000,0.000000,0.000000,0.000000,0.000000,1.000000,0,0.000000,-50376.382812,-13312.851562,586943679,586944431,-12971.651148,-59871.731292,-18023.464729,-1233.684989
249,1764278287.792912245,37,0,C9:06:43:F9:43:3F,8E89BED6,-15345.324642,3087.903657,-15345.324017,334202.627525,263461.498784,0.991884,47.936457,2.500000,7777.500805,21.443849,367021.276596,376.000000,-9475.084961,0.000000,0.000000,0.000000,0.000000,0.000000,1.000000,0,0.000000,-50376.382812,-13393.193359,586943680,586944432,13763.223325,-11693.522237,-26992.440964,-16680.451003
250,1764278289.822943449,37,0,C9:06:43:F9:43:3F,8E89BED6,-14981.223974,4510.152828,-14981.224422,347935.882605,249045.401051,0.956194,64.884774,3.000000,8532.339984,21.249076,367021.276596,376.000000,-7777.748535,0.000000,0.000000,0.000000,0.000000,0.000000,1.000000,0,0.000000,-68644.742188,-17119.390625,590867893,590868645,-12030.348660,-51522.595759,-25800.682859,1034.023251
251,1764278291.751150846,37,0,C9:06:43:F9:43:3F,8E89BED6,-16096.964432,4505.480388,-16096.965137,348807.433162,259350.138042,0.958651,66.936730,2.500000,7540.771710,20.999800,367021.276596,376.000000,-8560.333008,0.000000,0.000000,0.000000,0.000000,0.000000,1.000000,0,0.000000,-14165.160156,-7641.260742,594876211,594876963,-6471.271154,-43964.216386,-29986.651920,-1888.223716
252,1764278293.714737415,37,0,C9:06:43:F9:43:3F,8E89BED6,-17005.941347,3817.735611,-17005.940666,339179.992854,260956.266407,1.069951,-7.946840,2.500000,6586.649427,20.908226,367021.276596,376.000000,-9443.898438,0.000000,0.000000,0.000000,0.000000,0.000000,1.000000,0,0.000000,-77874.281250,-18015.603516,598885239,598885991,-25856.308124,-71007.315191,-24030.749825,14178.849948
253,1764278293.751822233,37,0,C9:06:43:F9:43:3F,8E89BED6,-16818.117794,3999.839714,-16818.116901,338466.763980,255409.001539,1.071488,-7.425554,2.500000,6447.983721,20.850840,367021.276596,376.000000,-9501.495117,0.000000,0.000000,0.000000,0.000000,0.000000,1.000000,0,0.000000,-77874.281250,-18002.597656,598885240,598885992,1175.199743,-32915.355292,-40300.491379,-18194.042337
254,1764278295.670534134,37,0,C9:06:43:F9:43:3F,8E89BED6,-16088.171595,4158.486299,-16088.170870,339461.041184,252093.549156,0.998507,45.786664,3.000000,7869.850142,20.788409,367021.276596,376.000000,-8568.824219,0.000000,0.000000,0.000000,0.000000,0.000000,1.000000,0,0.000000,-37150.687500,-7760.992188,602896459,602897211,-20690.719596,-60330.968913,-24145.722408,7676.464382
255,1764278295.706928730,37,0,C9:06:43:F9:43:3F,8E89BED6,-15721.908104,4351.804194,-15721.908363,339511.920938,261387.204540,0.996698,46.735008,3.000000,7727.899289,20.803886,367021.276596,376.000000,-8567.775391,0.000000,0.000000,0.000000,0.000000,0.000000,1.000000,0,0.000000,-37150.687500,-7857.251465,602896460,602897212,12255.329124,-23284.442560,-32151.776042,-17473.738989
256,1764278297.654869556,37,0,C9:06:43:F9:43:3F,8E89BED6,-16399.298383,3050.470183,-16399.298209,343718.356413,271013.284096,0.945391,-86.514536,2.500000,7259.069132,20.846094,367021.276596,376.000000,-9555.386719,0.000000,0.000000,0.000000,0.000000,0.000000,1.000000,0,0.000000,-29521.298828,2435.487549,606908384,606909136,-26154.032938,-68854.654306,-17789.554179,19447.043807
257,1764278297.692294121,37,0,C9:06:43:F9:43:3F,8E89BED6,-16191.307182,3233.891995,-16191.307200,341846.185464,270319.537418,0.944699,-85.759082,2.500000,7121.781392,20.823911,369680.851064,376.000000,-9627.597656,0.000000,0.000000,0.000000,0.000000,0.000000,1.000000,0,0.000000,-29521.298828,2353.430420,606908385,606909137,1189.940440,-35048.536824,-32876.646756,-8598.656348
260,1764278299.695661068,37,0,C9:06:43:F9:43:3F,8E89BED6,-16295.694738,3406.707030,-16295.695725,333241.907709,245847.824209,1.002225,-44.265538,3.000000,7104.268150,21.138550,367021.276596,376.000000,-10122.698242,0.000000,0.000000,0.000000,0.000000,0.000000,1.000000,0,0.000000,13643.096680,9435.472656,610886161,610886913,-23420.686150,-64217.279600,-21846.927610,12918.473025
261,1764278299.744088650,37,0,C9:06:43:F9:43:3F,8E89BED6,-15913.165829,3611.557166,-15913.166196,331963.584226,263838.015127,1.003830,-43.748513,3.000000,6964.149354,21.062808,369680.851064,376.000000,-10097.757812,0.000000,0.000000,0.000000,0.000000,0.000000,1.000000,0,0.000000,16497.507812,9290.251953,610886162,610886914,8621.087117,-21692.174476,-36417.116209,-18973.627977
262,1764278301.745137453,37,0,C9:06:43:F9:43:3F,8E89BED6,-16280.858708,3754.468050,-16280.857643,345110.074755,259884.565610,0.933400,-76.279959,2.500000,7468.987056,20.507605,462765.957447,376.000000,-8852.039062,0.000000,0.000000,0.000000,0.000000,0.000000,1.000000,0,0.000000,-68622.734375,-24741.974609,614891849,614892601,-10130.419586,-57069.940427,-21852.479018,-3352.758405
263,1764278301.789795160,37,0,C9:06:43:F9:43:3F,8E89BED6,-15833.806101,3932.387330,-15833.806057,343642.773038,262828.098304,0.933224,-75.731469,2.500000,7328.720264,20.498679,462765.957447,376.000000,-8785.009766,0.000000,0.000000,0.000000,0.000000,0.000000,1.000000,0,0.000000,-68173.429688,-24713.820312,614891850,614892602,13525.533836,-9427.134349,-27589.354080,-15304.978569
264,1764278303.815012932,37,0,C9:06:43:F9:43:3F,8E89BED6,-16420.480164,4343.117252,-16420.480516,337846.478673,247684.442255,1.010394,41.372099,2.500000,7185.518099,21.316773,369680.851064,376.000000,-8439.238281,0.000000,0.000000,0.000000,0.000000,0.000000,1.000000,0,0.000000,-28701.251953,-16337.115234,618903929,618904681,-11103.131327,-46144.002776,-25810.894911,-5562.691010
265,1764278305.845927477,37,0,C9:06:43:F9:43:3F,8E89BED6,-14781.542699,4381.931922,-14781.541185,343670.848432,255994.060210,0.992786,49.167582,3.000000,8628.729522,21.210104,367021.276596,376.000000,-7759.189453,0.000000,0.000000,0.000000,0.000000,0.000000,1.000000,0,0.000000,-104016.343750,-11279.444336,622594244,622594996,-15216.880954,-63952.712498,-21786.163855,11087.565239
266,1764278305.895610332,37,0,C9:06:43:F9:43:3F,8E89BED6,-14415.151609,4590.154177,-14415.149593,343704.269683,265085.947616,0.991342,50.126562,3.000000,8485.410417,21.036230,367021.276596,376.000000,-7665.199707,0.000000,0.000000,0.000000,0.000000,0.000000,1.000000,0,0.000000,-104016.343750,-11268.649414,622594245,622594997,15124.677564,-15386.736711,-26258.906486,-10811.355370
267,1764278307.940024137,37,0,C9:06:43:F9:43:3F,8E89BED6,-15813.771247,3855.824403,-15813.771964,341644.002365,262903.942383,1.057250,-10.113328,3.000000,7451.849119,21.284017,367021.276596,376.000000,-10319.971680,0.000000,0.000000,0.000000,0.000000,0.000000,1.000000,0,0.000000,-38473.238281,-8789.376953,626597236,626597988,-20896.606205,-64531.493539,-19114.334823,3358.679286
268,1764278307.999661922,37,0,C9:06:43:F9:43:3F,8E89BED6,-15472.962074,4049.874271,-15472.961286,341322.024163,269789.709243,1.057439,-9.232294,3.000000,7315.261653,21.310439,367021.276596,376.000000,-10262.968750,0.000000,0.000000,0.000000,0.000000,0.000000,1.000000,0,0.000000,-38473.238281,-8863.098633,626597237,626597989,7481.074806,-17264.854679,-28595.997893,-20919.633420
269,1764278309.975035667,37,0,C9:06:43:F9:43:3F,8E89BED6,-16047.781221,5318.598806,-16047.781128,340270.831954,241729.412037,0.923663,-82.643996,2.500000,7560.328014,21.806710,364361.702128,376.000000,-9166.166016,0.000000,0.000000,0.000000,0.000000,0.000000,1.000000,0,0.000000,-25775.857422,-5505.673828,630608274,630609026,-9829.391569,-49054.008742,-29039.215630,-2250.608210
270,1764278311.990256310,37,0,C9:06:43:F9:43:3F,8E89BED6,-16384.688862,3727.976470,-16384.688227,345238.232324,272711.609662,0.941161,86.244578,2.500000,7515.110388,20.736479,462765.957447,376.000000,-8747.106445,0.000000,0.000000,0.000000,0.000000,0.000000,1.000000,0,0.000000,-14923.913086,-4456.523438,634613877,634614629,-7945.279894,-52444.477050,-31370.863784,-10803.620408
271,1764278313.925656557,37,0,C9:06:43:F9:43:3F,8E89BED6,-14948.740569,3936.212827,-14948.739898,350613.003128,247712.665667,0.984836,-52.884030,2.500000,8552.312880,21.218170,367021.276596,376.000000,-8599.382812,0.000000,0.000000,0.000000,0.000000,0.000000,1.000000,0,0.000000,-39599.011719,-5910.573730,638624685,638625437,-17058.971386,-56433.081876,-27127.893046,9050.961842
272,1764278313.962353945,37,0,C9:06:43:F9:43:3F,8E89BED6,-14570.319349,4123.536647,-14570.317865,349883.098362,265174.086061,0.986529,-51.963839,2.500000,8408.644223,21.153446,367021.276596,376.000000,-8524.322266,0.000000,0.000000,0.000000,0.000000,0.000000,1.000000,0,0.000000,-36652.054688,-6026.991699,638624686,638625438,11616.524919,-12281.351556,-32124.400099,-2643.380572
273,1764278315.888600588,37,0,C9:06:43:F9:43:3F,8E89BED6,-15306.136030,3778.151092,-15306.136750,334362.395054,232497.572129,1.033452,33.096645,3.000000,7912.017994,21.615325,367021.276596,376.000000,-8807.696289,0.000000,0.000000,0.000000,0.000000,0.000000,1.000000,0,0.000000,-17985.781250,-4658.428711,642626742,642627494,-18400.477675,-60867.222325,-19458.493234,10233.009147
274,1764278315.926100016,37,0,C9:06:43:F9:43:3F,8E89BED6,-14903.242068,3989.072437,-14903.242847,334421.394736,262019.864488,1.032215,33.658944,3.000000,7766.471755,21.512329,367021.276596,376.000000,-8777.773438,0.000000,0.000000,0.000000,0.000000,0.000000,1.000000,0,0.000000,-17985.781250,-4798.418457,642626743,642627495,16149.268622,-15038.238598,-29080.418231,-14651.150427
275,1764278317.875986099,37,0,C9:06:43:F9:43:3F,8E89BED6,-16258.217906,4746.251944,-16258.217554,327812.453562,246368.842373,0.944736,-81.421277,2.500000,7107.361280,21.232527,367021.276596,376.000000,-8836.748047,0.000000,0.000000,0.000000,0.000000,0.000000,1.000000,0,0.000000,-20347.904297,-1855.885498,646635800,646636552,1535.656714,-31688.432522,-29665.880256,-11755.571195
276,1764278319.692784071,37,0,C9:06:43:F9:43:3F,8E89BED6,-16273.217058,2999.060492,-16273.215888,341045.065160,257561.932311,1.062081,21.130976,3.000000,7228.530022,21.121808,369680.851064,376.000000,-8615.478516,0.000000,0.000000,0.000000,0.000000,0.000000,1.000000,0,0.000000,-26906.968750,-2113.384521,650493668,650494420,-17141.424991,-66886.666165,-21897.082209,-3391.497636
277,1764278319.727705956,37,0,C9:06:43:F9:43:3F,8E89BED6,-15860.268778,3190.027717,-15860.269180,339916.603689,286081.167123,1.061368,21.730013,3.000000,7088.000873,21.139631,369680.851064,376.000000,-8566.764648,0.000000,0.000000,0.000000,0.000000,0.000000,1.000000,0,0.000000,-26906.968750,-2258.391602,650493669,650494421,9207.117762,-22196.187374,-22247.307456,-12343.864534
278,1764278321.869588137,37,0,C9:06:43:F9:43:3F,8E89BED6,-15805.518100,5301.028262,-15805.516898,320413.718823,224508.669365,0.983653,52.382382,3.000000,7839.052370,20.790688,367021.276596,376.000000,-9451.968750,0.000000,0.000000,0.000000,0.000000,0.000000,1.000000,0,0.000000,-20005.429688,-449.452484,654505362,654506114,-19063.765556,-64321.511107,-24276.430509,11852.579595
279,1764278321.924048424,37,0,C9:06:43:F9:43:3F,8E89BED6,-15452.173263,5491.829533,-15452.173195,320454.254540,263696.814127,0.981959,53.179034,3.000000,7700.042562,20.790659,367021.276596,376.000000,-9408.589844,0.000000,0.000000,0.000000,0.000000,0.000000,1.000000,0,0.000000,-17180.246094,-603.641174,654505363,654506115,11135.209506,-18610.788063,-31059.912806,-4550.238200
280,1764278323.696952105,37,0,C9:06:43:F9:43:3F,8E89BED6,-15802.792849,4099.200432,-15802.792986,351056.722145,257428.214661,0.995364,-46.799031,2.500000,7516.571257,21.862018,367021.276596,376.000000,-9169.531250,0.000000,0.000000,0.000000,0.000000,0.000000,1.000000,0,0.000000,-11499.158203,-13336.478516,658334397,658335149,-7561.807731,-45258.302068,-28113.878700,-5154.296188
281,1764278325.668776512,37,0,C9:06:43:F9:43:3F,8E89BED6,-15287.682948,4006.546233,-15287.681997,334699.619520,252786.796678,1.051916,23.502128,2.500000,8098.600392,21.434523,367021.276596,376.000000,-8061.723633,0.000000,0.000000,0.000000,0.000000,0.000000,1.000000,0,0.000000,-25777.267578,-5889.245117,662342543,662343295,-9951.262034,-53807.935542,-25785.211812,121.676972
282,1764278325.703937769,37,0,C9:06:43:F9:43:3F,8E89BED6,-14809.031667,4203.405536,-14809.030602,334761.582553,265403.042810,1.050378,24.231165,2.500000,7954.635948,21.409166,367021.276596,376.000000,-7949.934082,0.000000,0.000000,0.000000,0.000000,0.000000,1.000000,0,0.000000,-25777.267578,-6010.875977,662342544,662343296,17064.370752,-6613.284548,-26060.248960,-4845.685387
283,1764278327.717400789,37,0,C9:06:43:F9:43:3F,8E89BED6,-16025.940131,2733.399142,-16025.940311,356195.370605,272241.645281,0.996869,-46.135771,3.000000,7772.407157,20.638066,369680.851064,376.000000,-9873.680664,0.000000,0.000000,0.000000,0.000000,0.000000,1.000000,0,0.000000,-29515.101562,-11885.251953,666346747,666347499,-16797.139940,-60719.784667,-22445.020491,-844.038391
284,1764278327.749086380,37,0,C9:06:43:F9:43:3F,8E89BED6,-15549.387525,2936.129314,-15549.386166,355199.531852,290249.635316,0.998458,-45.552869,3.000000,7631.760975,20.536344,369680.851064,376.000000,-9795.395508,0.000000,0.000000,0.000000,0.000000,0.000000,1.000000,0,0.000000,-26470.849609,-12000.791992,666346748,666347500,13840.211671,-11629.012649,-24004.315866,-11327.131272
286,1764278329.698362589,37,0,C9:06:43:F9:43:3F,8E89BED6,-16062.136087,4291.323476,-16062.135566,341767.441896,248361.320155,1.045503,7.608441,2.500000,7899.954277,21.050376,367021.276596,376.000000,-9320.374023,0.000000,0.000000,0.000000,0.000000,0.000000,1.000000,0,0.000000,-71079.351562,-20902.132812,670361155,670361907,-12418.346667,-56201.560927,-26495.752487,-9016.127822
287,1764278331.658605337,37,0,C9:06:43:F9:43:3F,8E89BED6,-15270.418880,5899.663309,-15270.417427,353081.537251,242453.710186,1.014986,30.629841,3.000000,8422.984572,20.967666,367021.276596,376.000000,-8207.075195,0.000000,0.000000,0.000000,0.000000,0.000000,1.000000,0,0.000000,-15825.162109,3430.784668,674374528,674375280,-18822.251518,-62883.677772,-22722.962885,10986.206932
288,1764278331.694464922,37,0,C9:06:43:F9:43:3F,8E89BED6,-14857.463221,6078.257413,-14857.462694,353083.062404,280974.704423,1.013140,31.891109,3.000000,8279.099913,20.948905,367021.276596,376.000000,-8139.014160,0.000000,0.000000,0.000000,0.000000,0.000000,1.000000,0,0.000000,-15825.162109,3281.881104,674374529,674375281,12878.093875,-21443.293056,-32439.611733,-6210.320265
289,1764278333.674463034,37,0,C9:06:43:F9:43:3F,8E89BED6,-15634.859975,4229.632459,-15634.860316,342978.851864,277986.396636,0.957160,72.336084,2.500000,8155.809284,21.339308,367021.276596,376.000000,-9036.786133,0.000000,0.000000,0.000000,0.000000,0.000000,1.000000,0,0.000000,-22300.951172,-10077.897461,678382017,678382769,-11480.108409,-50154.216581,-30226.055965,-617.663375
290,1764278333.709228754,37,0,C9:06:43:F9:43:3F,8E89BED6,-15109.602755,4430.030371,-15109.602768,341807.969190,266522.931583,0.956475,73.363467,2.500000,8013.335886,21.306129,367021.276596,376.000000,-8849.357422,0.000000,0.000000,0.000000,0.000000,0.000000,1.000000,0,0.000000,-22300.951172,-10196.825195,678382018,678382770,17235.749587,-1357.409473,-25509.954902,-16658.544474
291,1764278335.729569674,37,0,C9:06:43:F9:43:3F,8E89BED6,-16074.902576,3847.714593,-16074.901909,344211.576579,266373.201729,1.081071,1.344928,3.000000,7655.984374,20.529861,369680.851064,376.000000,-9217.520508,0.000000,0.000000,0.000000,0.000000,0.000000,1.000000,0,0.000000,-27008.716797,-9304.516602,682382691,682383443,-19143.278963,-67479.862174,-21430.122252,16463.939152
292,1764278335.766335964,37,0,C9:06:43:F9:43:3F,8E89BED6,-15676.040796,4048.654749,-15676.040078,344267.520577,286308.454861,1.081572,1.974028,3.000000,7513.680467,20.583016,369680.851064,376.000000,-9142.300781,0.000000,0.000000,0.000000,0.000000,0.000000,1.000000,0,0.000000,-23584.794922,-9436.038086,682382692,682383444,13789.270787,-25631.955767,-35835.349265,-15642.098862
293,1764278337.770481825,37,0,C9:06:43:F9:43:3F,8E89BED6,-16626.981184,3169.385902,-16626.981653,344388.509040,262093.613754,1.020457,39.564602,2.500000,7200.691804,21.757473,367021.276596,376.000000,-8269.144531,0.000000,0.000000,0.000000,0.000000,0.000000,1.000000,0,0.000000,-66547.468750,-17068.994141,686387644,686388396,-27530.609743,-65593.726987,-21627.974349,28581.302039
294,1764278337.808262110,37,0,C9:06:43:F9:43:3F,8E89BED6,-16355.508203,3361.133734,-16355.507704,344373.619321,262816.968789,1.020065,39.745823,2.500000,7058.036666,21.772937,367021.276596,376.000000,-8286.677734,0.000000,0.000000,0.000000,0.000000,0.000000,1.000000,0,0.000000,-66547.468750,-17140.324219,686387645,686388397,2194.149855,-31243.809064,-31619.152873,-12768.348318
295,1764278339.729140997,37,0,C9:06:43:F9:43:3F,8E89BED6,-16616.593420,3898.999878,-16616.592854,329787.278051,258285.365641,0.973363,54.039636,2.500000,7004.214077,21.275655,367021.276596,376.000000,-9516.752930,0.000000,0.000000,0.000000,0.000000,0.000000,1.000000,0,0.000000,-9602.883789,-8575.332031,690398715,690399467,-6364.583059,-44371.395557,-28958.742867,-8881.003539
296,1764278341.707878828,37,0,C9:06:43:F9:43:3F,8E89BED6,-16373.404711,4288.154959,-16373.404759,344492.464897,244646.960002,1.015785,-37.919044,2.500000,7364.237557,21.719169,367021.276596,376.000000,-8244.101562,0.000000,0.000000,0.000000,0.000000,0.000000,1.000000,0,0.000000,-81496.828125,-11484.895508,694405851,694406603,-23768.564168,-65744.276468,-24398.293170,16671.067292
297,1764278341.747603416,37,0,C9:06:43:F9:43:3F,8E89BED6,-16074.466658,4478.572570,-16074.466035,343870.481250,268289.383095,1.017382,-37.325200,2.500000,7219.952778,21.797268,367021.276596,376.000000,-8269.810547,0.000000,0.000000,0.000000,0.000000,0.000000,1.000000,0,0.000000,-81496.828125,-11553.162109,694405852,694406604,10028.064032,-26406.429765,-39892.018563,-18803.075100
298,1764278343.785277605,37,0,C9:06:43:F9:43:3F,8E89BED6,-17055.178737,3080.904235,-17055.177634,334696.523015,249145.616696,0.994743,-46.849503,2.500000,6515.317454,21.863323,367021.276596,376.000000,-8917.657227,0.000000,0.000000,0.000000,0.000000,0.000000,1.000000,0,0.000000,-25489.400391,1958.111450,698408025,698408777,-28907.333968,-67278.475085,-26068.999840,19484.207976
299,1764278343.817738533,37,0,C9:06:43:F9:43:3F,8E89BED6,-16886.082631,3254.181243,-16886.083095,334461.382976,262614.176786,0.995475,-46.561878,2.500000,6376.488208,21.735485,367021.276596,376.000000,-9002.727539,0.000000,0.000000,0.000000,0.000000,0.000000,1.000000,0,0.000000,-15814.348633,1781.167358,698408026,698408778,-2498.191013,-34354.382113,-32086.015964,-17182.723852
300,1764278345.839900255,37,0,C9:06:43:F9:43:3F,8E89BED6,-16803.394018,2966.240254,-16803.393824,346417.237559,253348.145009,1.028169,22.542655,3.000000,6923.260327,20.700609,369680.851064,376.000000,-11316.961914,0.000000,0.000000,0.000000,0.000000,0.000000,1.000000,0,0.000000,-29013.962891,-4356.531250,702063018,702063770,-24645.534705,-63927.932007,-24857.818508,10360.011434
301,1764278345.879857063,37,0,C9:06:43:F9:43:3F,8E89BED6,-16471.442567,3148.293731,-16471.442540,345847.639811,267922.661797,1.026800,23.887629,3.000000,6783.850647,20.720686,369680.851064,376.000000,-11323.487305,0.000000,0.000000,0.000000,0.000000,0.000000,1.000000,0,0.000000,-29013.962891,-4494.819336,702063019,702063771,8097.191664,-28692.539607,-33353.894761,-14306.155061
302,1764278347.800291300,37,0,C9:06:43:F9:43:3F,8E89BED6,-15359.556717,3672.233532,-15359.555490,347491.917646,267480.287747,1.091191,-12.895849,3.000000,7929.891700,21.720299,367021.276596,376.000000,-8113.413574,0.000000,0.000000,0.000000,0.000000,0.000000,1.000000,0,0.000000,-96496.562500,-4800.626953,706065681,706066433,-16822.700329,-63334.445017,-25284.400859,17255.917192
303,1764278347.837694407,37,0,C9:06:43:F9:43:3F,8E89BED6,-15045.439487,3855.834065,-15045.439121,347288.376213,288315.757052,1.092779,-12.423998,3.000000,7786.346581,21.663022,367021.276596,376.000000,-8146.178711,0.000000,0.000000,0.000000,0.000000,0.000000,1.000000,0,0.000000,-96496.562500,-4838.134766,706065682,706066434,13710.168288,-14470.341052,-28026.665591,-12602.371985
304,1764278349.967360973,37,0,C9:06:43:F9:43:3F,8E89BED6,-16851.096533,3028.190568,-16851.097212,323518.555186,248300.053200,1.015440,39.599989,2.500000,6819.013470,20.895476,367021.276596,376.000000,-8610.771484,0.000000,0.000000,0.000000,0.000000,0.000000,1.000000,0,0.000000,-79696.164062,-17569.355469,710068229,710068981,-22404.039418,-67182.472556,-21996.868312,16691.749614
305,1764278350.015815258,37,0,C9:06:43:F9:43:3F,8E89BED6,-16598.097970,3209.804926,-16598.096392,323493.296046,252717.916641,1.014438,40.028548,2.500000,6679.787726,20.726468,367021.276596,376.000000,-8688.117188,0.000000,0.000000,0.000000,0.000000,0.000000,1.000000,0,0.000000,-78190.765625,-17573.714844,710068230,710068982,4067.653554,-32737.433874,-25848.626924,-14199.751840
308,1764278352.082235336,37,0,C9:06:43:F9:43:3F,8E89BED6,-16667.507922,4099.064940,-16667.508621,352052.454610,274600.296009,0.964734,-58.436805,2.500000,6568.325885,21.548083,367021.276596,376.000000,-9868.132812,0.000000,0.000000,0.000000,0.000000,0.000000,1.000000,0,0.000000,-14091.893555,-8786.704102,714074813,714075565,-4329.252832,-36093.401890,-33622.603370,-9642.564401
309,1764278354.078253031,37,0,C9:06:43:F9:43:3F,8E89BED6,-15599.983905,3624.118483,-15599.983689,344929.351360,256050.989424,0.939557,83.232279,3.000000,7903.257825,21.192978,367021.276596,376.000000,-9402.139648,0.000000,0.000000,0.000000,0.000000,0.000000,1.000000,0,0.000000,-52546.230469,-12001.071289,718089680,718090432,-14546.092753,-55132.788530,-25198.645380,626.050720
310,1764278354.122205019,37,0,C9:06:43:F9:43:3F,8E89BED6,-15117.885790,3830.105279,-15117.886146,344735.086673,275656.934252,0.939490,84.041160,3.000000,7764.861292,21.185552,367021.276596,376.000000,-9256.828125,0.000000,0.000000,0.000000,0.000000,0.000000,1.000000,0,0.000000,-39549.253906,-12079.318359,718089681,718090433,12234.318982,-8463.467798,-32573.018754,-16007.456900
311,1764278356.152633429,37,0,C9:06:43:F9:43:3F,8E89BED6,-16747.435684,3374.458454,-16747.435722,356829.900999,271549.135455,0.982918,50.405174,3.000000,6830.144723,21.041917,369680.851064,376.000000,-9769.653320,0.000000,0.000000,0.000000,0.000000,0.000000,1.000000,0,0.000000,-7009.900879,6752.165527,722101165,722101917,-6908.882777,-46309.353132,-30291.536781,-9402.583077
312,1764278358.158784866,37,0,C9:06:43:F9:43:3F,8E89BED6,-16621.911867,3427.309649,-16621.912668,337691.952431,272811.989961,1.049693,-19.772334,2.500000,7106.548191,21.626132,367021.276596,376.000000,-9092.792969,0.000000,0.000000,0.000000,0.000000,0.000000,1.000000,0,0.000000,-43211.304688,-16633.335938,726112772,726113524,-26433.874852,-69380.262159,-30008.084673,30116.586331
313,1764278358.205916882,37,0,C9:06:43:F9:43:3F,8E89BED6,-16405.434675,3603.596381,-16405.434127,336791.633622,259833.514373,1.051468,-19.151999,2.500000,6964.332392,21.622649,367021.276596,376.000000,-9190.212891,0.000000,0.000000,0.000000,0.000000,0.000000,1.000000,0,0.000000,-43211.304688,-16733.587891,726112773,726113525,1836.377728,-39749.039331,-36460.740979,-8349.037101
314,1764278360.202051878,37,0,C9:06:43:F9:43:3F,8E89BED6,-16682.550925,4421.627973,-16682.551404,348839.268973,260442.949686,1.059024,-14.214446,2.500000,7033.462794,21.715033,367021.276596,376.000000,-8849.910156,0.000000,0.000000,0.000000,0.000000,0.000000,1.000000,0,0.000000,-49117.730469,-11757.117188,730122043,730122795,-27445.422134,-65631.356631,-20665.400695,26761.557149
315,1764278360.234076500,37,0,C9:06:43:F9:43:3F,8E89BED6,-16548.421297,4578.758722,-16548.420360,348774.097743,268966.604060,1.060744,-13.624069,2.500000,6890.206509,21.627125,367021.276596,376.000000,-8975.478516,0.000000,0.000000,0.000000,0.000000,0.000000,1.000000,0,0.000000,-44941.191406,-11800.751953,730122044,730122796,-745.165785,-32762.051232,-30897.130329,-14516.876592
316,1764278362.162583351,37,0,C9:06:43:F9:43:3F,8E89BED6,-16610.856500,4013.913351,-16610.857234,349774.512575,270849.821050,0.939956,-68.751714,2.500000,6980.295512,21.789143,367021.276596,376.000000,-9458.484375,0.000000,0.000000,0.000000,0.000000,0.000000,1.000000,0,0.000000,-26536.203125,-7888.427734,734127183,734127935,162.419997,-39259.870538,-26600.365374,-3953.341929
317,1764278364.092079878,37,0,C9:06:43:F9:43:3F,8E89BED6,-15471.194324,4634.701726,-15471.195405,339071.462839,244842.367884,0.992779,48.496589,3.000000,8082.121130,21.221297,367021.276596,376.000000,-8184.730957,0.000000,0.000000,0.000000,0.000000,0.000000,1.000000,0,0.000000,-53131.074219,-10047.247070,738138148,738138900,-21066.049216,-56650.583954,-25988.984103,10682.750037
318,1764278364.126135111,37,0,C9:06:43:F9:43:3F,8E89BED6,-15075.868199,4818.241117,-15075.867576,338991.305906,265483.719468,0.990908,49.398304,3.000000,7940.505131,21.217544,367021.276596,376.000000,-8152.831543,0.000000,0.000000,0.000000,0.000000,0.000000,1.000000,0,0.000000,-53131.074219,-10121.963867,738138149,738138901,10989.961308,-16036.105366,-36975.512635,-14682.170500
319,1764278366.108749151,37,0,C9:06:43:F9:43:3F,8E89BED6,-16048.464301,4601.696524,-16048.464809,333356.268875,259338.306341,0.963935,74.414248,2.500000,7625.333541,21.056777,367021.276596,376.000000,-9286.911133,0.000000,0.000000,0.000000,0.000000,0.000000,1.000000,0,0.000000,-16518.437500,-6899.437500,742012429,742013181,-5249.274493,-39890.933234,-30743.968151,-8245.377072
320,1764278368.133394718,37,0,C9:06:43:F9:43:3F,8E89BED6,-16027.483087,3592.911550,-16027.482888,356149.708035,259489.314060,1.061019,24.565388,3.000000,7550.909401,21.291605,369680.851064,376.000000,-8854.733398,0.000000,0.000000,0.000000,0.000000,0.000000,1.000000,0,0.000000,-54838.558594,-9301.400391,746020985,746021737,-21319.139079,-62310.757390,-27372.215958,11105.863146
321,1764278368.181180954,37,0,C9:06:43:F9:43:3F,8E89BED6,-15670.233056,3784.504637,-15670.232319,355678.291575,283882.755209,1.060481,25.032795,3.000000,7407.292621,21.269075,369680.851064,376.000000,-8809.074219,0.000000,0.000000,0.000000,0.000000,0.000000,1.000000,0,0.000000,-54838.558594,-9359.413086,746020986,746021738,10643.735723,-22379.477091,-37993.573779,-12518.446253
322,1764278369.993467093,37,0,C9:06:43:F9:43:3F,8E89BED6,-15790.379875,3972.884698,-15790.380614,330053.511434,253095.649282,0.963419,58.341937,2.500000,8023.565103,21.601082,367021.276596,376.000000,-9280.785156,0.000000,0.000000,0.000000,0.000000,0.000000,1.000000,0,0.000000,-12505.986328,-9503.326172,749825393,749826145,-7404.189246,-45097.349105,-33517.721337,-6936.129153
323,1764278371.966352463,37,0,C9:06:43:F9:43:3F,8E89BED6,-16865.121531,3702.181497,-16865.120603,335276.734822,248370.267922,0.967918,57.000488,3.000000,6821.982766,20.566280,369680.851064,376.000000,-10323.663086,0.000000,0.000000,0.000000,0.000000,0.000000,1.000000,0,0.000000,-92447.093750,-12505.604492,753828996,753829748,-22351.010459,-67402.074222,-25040.997979,7863.549968
324,1764278371.999702930,37,0,C9:06:43:F9:43:3F,8E89BED6,-16541.426985,3881.289258,-16541.426646,333794.890419,247779.068626,0.966597,57.284972,3.000000,6682.283987,20.524779,369680.851064,376.000000,-10344.034180,0.000000,0.000000,0.000000,0.000000,0.000000,1.000000,0,0.000000,-92447.093750,-12526.331055,753828997,753829749,4157.865885,-26469.373627,-37498.992146,-10211.964445
325,1764278373.963005543,37,0,C9:06:43:F9:43:3F,8E89BED6,-16519.736571,4437.458535,-16519.737314,315976.751931,228923.319637,0.914960,85.311815,3.000000,7072.108434,21.301764,367021.276596,376.000000,-8648.932617,0.000000,0.000000,0.000000,0.000000,0.000000,1.000000,0,0.000000,-29663.412109,-9723.862305,757836974,757837726,-23148.750529,-64430.676815,-20128.777359,10658.621978
326,1764278374.001333952,37,0,C9:06:43:F9:43:3F,8E89BED6,-16216.450813,4615.408990,-16216.450557,315986.922104,246750.548217,0.913482,85.555480,3.000000,6933.626413,21.316166,367021.276596,376.000000,-8721.144531,0.000000,0.000000,0.000000,0.000000,0.000000,1.000000,0,0.000000,-26732.919922,-9799.319336,757836975,757837727,3681.304570,-30563.196027,-24719.508790,-14499.364591
327,1764278375.923694611,37,0,C9:06:43:F9:43:3F,8E89BED6,-16042.454905,3860.641200,-16042.454420,331803.148457,256122.875400,0.937771,-80.860648,2.500000,7467.861708,20.966666,369680.851064,376.000000,-9165.882812,0.000000,0.000000,0.000000,0.000000,0.000000,1.000000,0,0.000000,-91943.007812,-7915.163086,761805335,761806087,-18596.003981,-61393.725159,-18670.574203,2941.366123
328,1764278375.958497286,37,0,C9:06:43:F9:43:3F,8E89BED6,-15696.361931,4036.162756,-15696.359566,331123.292280,267028.663796,0.936788,-80.423199,2.500000,7327.200027,20.978026,369680.851064,376.000000,-9193.455078,0.000000,0.000000,0.000000,0.000000,0.000000,1.000000,0,0.000000,-88694.343750,-7924.479492,761805336,761806088,10740.577912,-15673.868187,-35176.826479,-14644.484546
329,1764278377.965731382,37,0,C9:06:43:F9:43:3F,8E89BED6,-15990.482961,3308.429166,-15990.482566,321575.704998,240196.333277,1.068876,23.034000,3.000000,7762.312354,21.568147,367021.276596,376.000000,-8790.418945,0.000000,0.000000,0.000000,0.000000,0.000000,1.000000,0,0.000000,-25097.246094,-7102.925293,765806372,765807124,-13564.934535,-56794.647859,-29255.194866,-6112.755687
330,1764278379.676961184,37,0,C9:06:43:F9:43:3F,8E89BED6,-15095.023262,3783.053455,-15095.022337,345375.927790,267221.917406,0.947312,-67.812836,2.500000,8191.999479,20.884631,367021.276596,376.000000,-8039.348145,0.000000,0.000000,0.000000,0.000000,0.000000,1.000000,0,0.000000,-30002.662109,-5702.538574,769452383,769453135,-15082.236157,-57614.610975,-20912.544491,6281.760280
331,1764278379.709993124,37,0,C9:06:43:F9:43:3F,8E89BED6,-14661.024379,3983.922506,-14661.023503,344860.056809,269506.463513,0.948954,-67.154577,2.500000,8049.162464,20.943359,367021.276596,376.000000,-7853.785156,0.000000,0.000000,0.000000,0.000000,0.000000,1.000000,0,0.000000,-30002.662109,-5817.404785,769452384,769453136,15631.158159,-9298.902773,-23604.341974,-12624.276340
332,1764278381.641293287,37,0,C9:06:43:F9:43:3F,8E89BED6,-16144.551228,4374.368783,-16144.551275,325684.037602,251061.830532,1.007150,41.510974,2.500000,7378.472846,21.305747,369680.851064,376.000000,-8418.610352,0.000000,0.000000,0.000000,0.000000,0.000000,1.000000,0,0.000000,-74138.156250,-15120.941406,773465943,773466695,-13496.545767,-55536.065460,-24107.799864,476.646215
333,1764278381.674173594,37,0,C9:06:43:F9:43:3F,8E89BED6,-15656.720239,4567.539741,-15656.721072,325802.487908,246978.276651,1.005193,42.451325,2.500000,7241.771652,21.260973,369680.851064,376.000000,-8282.660156,0.000000,0.000000,0.000000,0.000000,0.000000,1.000000,0,0.000000,-74138.156250,-15101.520508,773465944,773466696,12673.998463,-13512.491859,-28484.540010,-9952.830844
334,1764278383.731178999,37,0,C9:06:43:F9:43:3F,8E89BED6,-16256.283653,5024.833478,-16256.284754,351548.220348,267158.789256,1.067670,-20.193433,3.000000,7604.662398,21.139679,367021.276596,376.000000,-8349.862305,0.000000,0.000000,0.000000,0.000000,0.000000,1.000000,0,0.000000,-2939.999512,2704.799316,777474636,777475388,-19890.917116,-60269.070982,-23536.255160,2106.335035
335,1764278383.763612747,37,0,C9:06:43:F9:43:3F,8E89BED6,-15860.583702,5198.181993,-15860.582977,350063.368576,279196.838395,1.069534,-19.847849,3.000000,7465.687792,21.121881,367021.276596,376.000000,-8347.664062,0.000000,0.000000,0.000000,0.000000,0.000000,1.000000,0,0.000000,-1412.908569,2498.705078,777474637,777475389,9872.596259,-15739.588750,-31155.455344,-7006.578792
336,1764278385.684028864,37,0,C9:06:43:F9:43:3F,8E89BED6,-16921.202392,4514.217223,-16921.202361,330225.221135,244993.089816,1.052740,4.175550,2.500000,6993.116107,20.954554,369680.851064,376.000000,-9597.291992,0.000000,0.000000,0.000000,0.000000,0.000000,1.000000,0,0.000000,-47302.054688,-12435.447266,781219918,781220670,-26643.666947,-68316.314508,-22959.667641,20104.898319
337,1764278385.723205805,37,0,C9:06:43:F9:43:3F,8E89BED6,-16650.442038,4702.748648,-16650.441205,330235.955644,264688.365504,1.053444,5.073789,2.500000,6852.040802,20.890014,369680.851064,376.000000,-9612.977539,0.000000,0.000000,0.000000,0.000000,0.000000,1.000000,0,0.000000,-47302.054688,-12467.633789,781219919,781220671,-224.958163,-30448.029714,-33127.490152,-11793.881259
338,1764278387.677839518,37,0,C9:06:43:F9:43:3F,8E89BED6,-15405.044552,4240.136688,-15405.043849,344492.868307,248206.867887,0.927413,-89.931327,3.000000,7760.022661,21.748810,367021.276596,376.000000,-8930.160156,0.000000,0.000000,0.000000,0.000000,0.000000,1.000000,0,0.000000,-32553.113281,-5370.864746,785234805,785235557,-20867.256186,-58284.959597,-14346.623666,16081.140312
339,1764278387.709557056,37,0,C9:06:43:F9:43:3F,8E89BED6,-15091.416155,4420.749861,-15091.414757,344389.155631,266879.307986,0.927065,-89.251678,3.000000,7614.813411,21.746357,367021.276596,376.000000,-8879.350586,0.000000,0.000000,0.000000,0.000000,0.000000,1.000000,0,0.000000,-32027.632812,-5448.315918,785234806,785235558,7882.739730,-22831.252889,-28619.785763,-14606.974897
340,1764278389.646730185,37,0,C9:06:43:F9:43:3F,8E89BED6,-16587.391823,3107.245960,-16587.390237,353803.653177,277124.073549,1.052831,18.224595,2.500000,6967.293966,21.975069,367021.276596,376.000000,-10271.818359,0.000000,0.000000,0.000000,0.000000,0.000000,1.000000,0,0.000000,-16744.978516,-7889.801758,789245799,789246551,-4903.945427,-43583.909215,-36644.989978,-5482.168474
341,1764278391.575283289,37,0,C9:06:43:F9:43:3F,8E89BED6,-15929.897437,4033.424678,-15929.897663,339466.148544,254894.969582,0.948519,75.778081,2.500000,7799.512617,21.387411,367021.276596,376.000000,-9574.728516,0.000000,0.000000,0.000000,0.000000,0.000000,1.000000,0,0.000000,-28875.103516,-10708.132812,793034566,793035318,-17669.970541,-64559.227772,-20951.792495,5782.259661
342,1764278391.614451885,37,0,C9:06:43:F9:43:3F,8E89BED6,-15487.628260,4208.589427,-15487.627890,339465.924017,258723.693148,0.948366,76.620009,2.500000,7662.270665,21.468011,367021.276596,376.000000,-9478.724609,0.000000,0.000000,0.000000,0.000000,0.000000,1.000000,0,0.000000,-28875.103516,-10872.654297,793034567,793035319,11021.035534,-20924.842263,-26164.556990,-10846.085729
344,1764278393.533687115,37,0,C9:06:43:F9:43:3F,8E89BED6,-16101.820393,3794.447979,-16101.821013,345605.864795,251903.039585,0.966023,-64.496098,2.500000,7569.613081,21.688427,367021.276596,376.000000,-9322.899414,0.000000,0.000000,0.000000,0.000000,0.000000,1.000000,0,0.000000,-24646.693359,-4305.756348,797041085,797041837,-24268.850399,-63292.482438,-28783.415993,17540.398247
345,1764278393.565880537,37,0,C9:06:43:F9:43:3F,8E89BED6,-15931.294771,3966.225310,-15931.296564,344331.251559,276487.447240,0.966849,-63.646616,2.500000,7425.751974,21.644933,367021.276596,376.000000,-9385.003906,0.000000,0.000000,0.000000,0.000000,0.000000,1.000000,0,0.000000,-24646.693359,-4443.460938,797041086,797041838,4735.784018,-24175.002109,-38883.214431,-14561.084763
346,1764278395.470852137,37,0,C9:06:43:F9:43:3F,8E89BED6,-17034.313739,2865.096589,-17034.314289,343703.998004,268804.072354,0.916062,89.232180,2.500000,6845.254013,21.453303,369680.851064,376.000000,-9346.319336,0.000000,0.000000,0.000000,0.000000,0.000000,1.000000,0,0.000000,-6449.771484,2514.441650,801051587,801052339,-26643.324827,-69145.417376,-24471.255926,16882.643939
347,1764278395.509188652,37,0,C9:06:43:F9:43:3F,8E89BED6,-16898.187810,3015.004770,-16898.188395,342844.393685,277361.670203,0.914712,89.555223,2.500000,6706.451368,21.466206,369680.851064,376.000000,-9478.014648,0.000000,0.000000,0.000000,0.000000,0.000000,1.000000,0,0.000000,-6449.771484,2307.098145,801051588,801052340,65.237637,-36492.033838,-32114.808032,-9212.838857
348,1764278397.450652599,37,0,C9:06:43:F9:43:3F,8E89BED6,-16746.368690,2991.740486,-16746.369130,342315.909422,258722.410253,0.992874,49.061767,2.500000,7036.410927,21.463615,367021.276596,376.000000,-9332.260742,0.000000,0.000000,0.000000,0.000000,0.000000,1.000000,0,0.000000,-6060.452148,-3132.304443,805058055,805058807,-28611.540957,-63704.499243,-35178.188206,20685.055164
349,1764278397.493331909,37,0,C9:06:43:F9:43:3F,8E89BED6,-16597.923356,3152.148402,-16597.922960,341421.797257,248845.497426,0.991356,49.832260,2.500000,6893.165621,21.475783,367021.276596,376.000000,-9386.545898,0.000000,0.000000,0.000000,0.000000,0.000000,1.000000,0,0.000000,-6060.452148,-3241.227539,805058056,805058808,-2996.266612,-31690.769765,-32162.892608,-15000.194064
350,1764278399.417034388,37,0,C9:06:43:F9:43:3F,8E89BED6,-16736.997782,3205.192435,-16736.997273,338206.542517,249648.133403,1.037383,-15.758904,2.500000,7375.655345,21.514253,367021.276596,376.000000,-9965.379883,0.000000,0.000000,0.000000,0.000000,0.000000,1.000000,0,0.000000,-32952.851562,-7461.995117,809055835,809056587,-22761.394481,-69122.789618,-23643.361198,20632.617161
351,1764278399.451607466,37,0,C9:06:43:F9:43:3F,8E89BED6,-16470.232436,3390.910469,-16470.232968,337209.399148,267459.003733,1.037550,-14.612390,2.500000,7236.019216,21.484601,367021.276596,376.000000,-9958.530273,0.000000,0.000000,0.000000,0.000000,0.000000,1.000000,0,0.000000,-32952.851562,-7565.387207,809055836,809056588,4675.561846,-35519.416481,-29494.420050,-15004.123365
352,1764278401.417610407,37,0,C9:06:43:F9:43:3F,8E89BED6,-15638.843993,4479.821684,-15638.843611,326486.117498,268351.674368,0.945620,-75.060125,3.000000,7542.342876,21.560673,369680.851064,376.000000,-8118.616699,0.000000,0.000000,0.000000,0.000000,0.000000,1.000000,0,0.000000,-22909.693359,-6448.773926,813053838,813054590,-8920.328399,-51197.201325,-31539.315918,-559.655013
353,1764278403.461689234,37,0,C9:06:43:F9:43:3F,8E89BED6,-17015.943422,3510.844712,-17015.944688,327582.893899,264143.850628,0.938976,-71.492033,2.500000,6601.596550,21.592803,369680.851064,376.000000,-9517.027344,0.000000,0.000000,0.000000,0.000000,0.000000,1.000000,0,0.000000,-22490.302734,-2199.507812,817052856,817053608,-3297.843278,-44086.856405,-28956.500058,-7117.154479
354,1764278405.397336006,37,0,C9:06:43:F9:43:3F,8E89BED6,-16555.296330,2060.397051,-16555.296593,326586.769512,246317.874551,0.963463,71.634830,2.500000,7063.260790,20.373624,369680.851064,376.000000,-10852.372070,0.000000,0.000000,0.000000,0.000000,0.000000,1.000000,0,0.000000,-11143.279297,1421.323608,821055258,821056010,-5175.570026,-42722.851136,-28405.698532,-11113.250213
355,1764278407.358962536,37,0,C9:06:43:F9:43:3F,8E89BED6,-15625.506782,4303.092574,-15625.506084,328400.620108,252531.667545,0.999089,-45.443737,2.500000,8081.467355,21.603204,367021.276596,376.000000,-9609.518555,0.000000,0.000000,0.000000,0.000000,0.000000,1.000000,0,0.000000,-16437.949219,-5399.348145,825065769,825066521,-15158.614242,-57626.137897,-19937.742651,5508.101764
356,1764278407.403848171,37,0,C9:06:43:F9:43:3F,8E89BED6,-15202.477609,4490.593804,-15202.478910,328167.487584,254574.863813,1.000916,-44.556779,2.500000,7941.880132,21.612455,367021.276596,376.000000,-9535.928711,0.000000,0.000000,0.000000,0.000000,0.000000,1.000000,0,0.000000,-16043.439453,-5554.798340,825065770,825066522,9808.238225,-13523.933941,-32161.974846,-4783.812408
357,1764278409.406945229,37,0,C9:06:43:F9:43:3F,8E89BED6,-15239.068632,5235.035779,-15239.068577,346860.439244,253712.572797,0.928675,-85.093464,3.000000,8088.720796,20.748078,367021.276596,376.000000,-7783.889160,0.000000,0.000000,0.000000,0.000000,0.000000,1.000000,0,0.000000,-49189.496094,-11565.847656,829067121,829067873,-12139.310449,-55400.007883,-20413.769871,580.975548
358,1764278409.452249050,37,0,C9:06:43:F9:43:3F,8E89BED6,-14832.213370,5430.111237,-14832.212969,344994.598290,257632.684291,0.928993,-84.401529,3.000000,7946.777133,20.773714,367021.276596,376.000000,-7664.229492,0.000000,0.000000,0.000000,0.000000,0.000000,1.000000,0,0.000000,-49189.496094,-11627.796875,829067122,829067874,12485.912496,-4775.527117,-24112.032922,-10478.458968
359,1764278411.261195183,37,0,C9:06:43:F9:43:3F,8E89BED6,-15299.480305,3982.038214,-15299.480794,339402.102681,246643.723751,1.026988,36.268873,3.000000,8115.125181,21.644335,367021.276596,376.000000,-7621.384766,0.000000,0.000000,0.000000,0.000000,0.000000,1.000000,0,0.000000,-52925.707031,-12857.392578,832902086,832902838,-13878.746598,-54250.246689,-21294.049213,4176.813348
360,1764278411.299184799,37,0,C9:06:43:F9:43:3F,8E89BED6,-14852.776798,4161.778769,-14852.777446,339297.881097,268159.419490,1.025366,36.842531,3.000000,7972.522474,21.574909,367021.276596,376.000000,-7502.275391,0.000000,0.000000,0.000000,0.000000,0.000000,1.000000,0,0.000000,-43718.632812,-12910.468750,832902087,832902839,15171.744235,-7466.397909,-24821.841807,-10544.207876
361,1764278413.283936024,37,0,C9:06:43:F9:43:3F,8E89BED6,-16874.623138,3575.941208,-16874.623825,349218.171375,269516.893793,0.962814,-63.287736,2.500000,6992.523388,21.099643,367021.276596,376.000000,-9720.242188,0.000000,0.000000,0.000000,0.000000,0.000000,1.000000,0,0.000000,-21380.193359,-3181.812744,836916345,836917097,-23886.870512,-66592.957623,-13612.040897,17741.373645
362,1764278413.324757814,37,0,C9:06:43:F9:43:3F,8E89BED6,-16608.264675,3750.872228,-16608.264717,348922.345758,266895.259804,0.964025,-62.482493,2.500000,6851.794063,21.100542,369680.851064,376.000000,-9742.701172,0.000000,0.000000,0.000000,0.000000,0.000000,1.000000,0,0.000000,-18772.208984,-3284.210205,836916346,836917098,-2897.713091,-34102.572789,-27054.365242,-15209.943458
363,1764278415.267586470,37,0,C9:06:43:F9:43:3F,8E89BED6,-15563.300306,5479.793454,-15563.301423,350897.786869,263998.132203,0.996264,47.073264,3.000000,7897.460013,20.998096,367021.276596,376.000000,-8391.499023,0.000000,0.000000,0.000000,0.000000,0.000000,1.000000,0,0.000000,-32346.707031,-812.445740,840769499,840770251,-15445.053908,-59919.476680,-20794.254147,6856.407198
364,1764278415.302149296,37,0,C9:06:43:F9:43:3F,8E89BED6,-15118.506675,5683.818167,-15118.506069,350935.506315,277928.769719,0.994395,48.126373,3.000000,7758.043746,20.877547,367021.276596,376.000000,-8297.873047,0.000000,0.000000,0.000000,0.000000,0.000000,1.000000,0,0.000000,-31807.031250,-919.494446,840769500,840770252,13693.056354,-12517.535161,-24395.035193,-12098.328177
365,1764278417.249224663,37,0,C9:06:43:F9:43:3F,8E89BED6,-16027.243030,3574.079151,-16027.242584,347983.409904,253487.984355,1.047387,-27.735348,3.000000,7469.345473,21.138621,369680.851064,376.000000,-9058.059570,0.000000,0.000000,0.000000,0.000000,0.000000,1.000000,0,0.000000,-54741.906250,-9965.644531,844770880,844771632,-12157.969336,-57824.570128,-18585.536574,-3115.914248
366,1764278417.293882608,37,0,C9:06:43:F9:43:3F,8E89BED6,-15577.352889,3760.881035,-15577.352630,347336.705467,239068.691447,1.049007,-27.067085,3.000000,7331.178764,20.920987,369680.851064,376.000000,-8944.057617,0.000000,0.000000,0.000000,0.000000,0.000000,1.000000,0,0.000000,-52297.601562,-9999.492188,844770881,844771633,13320.983694,-11315.010347,-28211.804390,-14203.376326
367,1764278419.290386438,37,0,C9:06:43:F9:43:3F,8E89BED6,-16071.551161,3803.796607,-16071.550285,333457.894129,252863.203585,1.054542,23.889162,3.000000,7777.499969,21.182583,367021.276596,376.000000,-9490.665039,0.000000,0.000000,0.000000,0.000000,0.000000,1.000000,0,0.000000,-104675.218750,-19991.005859,848777415,848778167,-21364.691644,-54840.544486,-21689.202689,2003.466647
368,1764278419.336756229,37,0,C9:06:43:F9:43:3F,8E89BED6,-15660.911975,3993.108559,-15660.912417,331891.141308,261899.754149,1.053759,24.486739,3.000000,7640.427706,21.108466,369680.851064,376.000000,-9423.451172,0.000000,0.000000,0.000000,0.000000,0.000000,1.000000,0,0.000000,-101277.468750,-19988.474609,848777416,848778168,9771.831843,-18571.841158,-33672.130228,-13698.332095
370,1764278421.332543373,37,0,C9:06:43:F9:43:3F,8E89BED6,-16474.954010,4203.362885,-16474.954172,346884.458505,263474.161895,0.940985,81.231774,3.000000,7068.530012,21.386827,369680.851064,376.000000,-8129.987793,0.000000,0.000000,0.000000,0.000000,0.000000,1.000000,0,0.000000,-50003.218750,-4473.854980,852781300,852782052,-21853.274538,-67866.941557,-20289.627304,18096.084168
371,1764278421.367008924,37,0,C9:06:43:F9:43:3F,8E89BED6,-16228.594719,4386.318156,-16228.595024,346249.732560,279761.660943,0.939691,81.900101,3.000000,6926.791487,21.435215,369680.851064,376.000000,-8198.567383,0.000000,0.000000,0.000000,0.000000,0.000000,1.000000,0,0.000000,-50003.218750,-4558.154297,852781301,852782053,3766.042290,-27899.005111,-33500.067006,-14162.130369
372,1764278423.293208838,37,0,C9:06:43:F9:43:3F,8E89BED6,-16571.641312,3432.359777,-16571.642510,343813.953871,254414.058545,1.035537,-24.318405,2.500000,7302.941136,20.921762,367021.276596,376.000000,-8753.244141,0.000000,0.000000,0.000000,0.000000,0.000000,1.000000,0,0.000000,-54026.535156,-5246.546875,856787297,856788049,-25647.074244,-67833.233430,-23568.110865,15405.701583
373,1764278423.328058004,37,0,C9:06:43:F9:43:3F,8E89BED6,-16351.420686,3615.287291,-16351.421381,343580.599962,265202.873458,1.037306,-23.820642,2.500000,7162.045962,20.926465,367021.276596,376.000000,-8810.168945,0.000000,0.000000,0.000000,0.000000,0.000000,1.000000,0,0.000000,-53305.769531,-5297.333496,856787298,856788050,2426.643633,-33646.349350,-32133.619706,-8173.111451
374,1764278425.305946827,37,0,C9:06:43:F9:43:3F,8E89BED6,-15481.238204,3068.925580,-15481.238583,337836.082507,268113.469168,1.069783,14.442312,2.500000,8179.201103,21.237520,369680.851064,376.000000,-8160.558105,0.000000,0.000000,0.000000,0.000000,0.000000,1.000000,0,0.000000,-22460.029297,6838.663574,860801571,860802323,-13162.179423,-55487.761787,-24701.839465,-1745.822554
375,1764278427.223780632,37,0,C9:06:43:F9:43:3F,8E89BED6,-16544.768132,5575.743006,-16544.768339,342262.234646,266824.196174,1.035223,26.814863,2.500000,7008.918883,21.594033,367021.276596,376.000000,-9033.129883,0.000000,0.000000,0.000000,0.000000,0.000000,1.000000,0,0.000000,-7042.932129,126.972221,864813524,864814276,-6631.983094,-42888.746135,-31083.284815,-7099.164305
376,1764278429.145035505,37,0,C9:06:43:F9:43:3F,8E89BED6,-15791.655552,3681.717039,-15791.655663,335862.500437,239487.323081,0.942617,89.191524,3.000000,8022.449856,21.554381,367021.276596,376.000000,-9819.752930,0.000000,0.000000,0.000000,0.000000,0.000000,1.000000,0,0.000000,-53968.757812,-6795.762695,868816858,868817610,-13234.850170,-55618.343333,-27152.507588,-769.633974
377,1764278429.182944059,37,0,C9:06:43:F9:43:3F,8E89BED6,-15282.825804,3886.196586,-15282.826631,335776.699370,249533.220427,0.942857,-89.867591,3.000000,7882.769740,21.551907,367021.276596,376.000000,-9658.109375,0.000000,0.000000,0.000000,0.000000,0.000000,1.000000,0,0.000000,-53043.468750,-6884.430664,868816859,868817611,15848.245036,-5902.678016,-30795.121038,-10954.918448
378,1764278431.125019789,37,0,C9:06:43:F9:43:3F,8E89BED6,-15431.112035,2764.918098,-15431.111792,334930.876004,249696.198327,1.046679,-32.132686,3.000000,7819.836090,22.108664,367021.276596,376.000000,-8878.705078,0.000000,0.000000,0.000000,0.000000,0.000000,1.000000,0,0.000000,-8695.526367,5486.254883,872829075,872829827,-17419.141189,-53004.054716,-27744.779951,-364.945787
379,1764278431.160713911,37,0,C9:06:43:F9:43:3F,8E89BED6,-15014.017735,2956.588864,-15014.016888,334901.248515,254418.530756,1.048556,-31.675753,3.000000,7677.735254,21.797689,367021.276596,376.000000,-8776.068359,0.000000,0.000000,0.000000,0.000000,0.000000,1.000000,0,0.000000,-618.702637,5324.080078,872829076,872829828,11715.594027,-7952.424725,-31336.989493,-8658.738550
381,1764278433.092410088,37,0,C9:06:43:F9:43:3F,8E89BED6,-14933.392414,4117.923854,-14933.392360,334440.656439,239048.861374,0.963385,89.021860,3.000000,8488.365571,20.895046,367021.276596,376.000000,-8090.837402,0.000000,0.000000,0.000000,0.000000,0.000000,1.000000,0,0.000000,-33050.550781,-6000.091309,876840807,876841559,-9357.789351,-52149.983456,-23524.666484,-817.367724
382,1764278433.128219366,37,0,C9:06:43:F9:43:3F,8E89BED6,-14522.006472,4308.848813,-14522.006024,333817.180512,259836.440546,0.964606,-89.864747,3.000000,8343.581912,20.931824,367021.276596,376.000000,-7934.827637,0.000000,0.000000,0.000000,0.000000,0.000000,1.000000,0,0.000000,-33050.550781,-6096.216797,876840808,876841560,15859.716752,-2708.409658,-24822.403013,-6324.503331
383,1764278435.059185266,37,0,C9:06:43:F9:43:3F,8E89BED6,-15629.573665,3879.735384,-15629.573938,336463.858752,255770.128797,0.945782,84.793368,2.500000,8191.450761,20.962015,367021.276596,376.000000,-9282.381836,0.000000,0.000000,0.000000,0.000000,0.000000,1.000000,0,0.000000,-56839.117188,-16163.220703,880846851,880847603,-14611.367702,-55095.171478,-24672.058756,-6697.229860
384,1764278435.099094629,37,0,C9:06:43:F9:43:3F,8E89BED6,-15140.461257,4074.597341,-15140.462410,336526.502066,262627.172290,0.946399,85.662448,2.500000,8051.263934,20.883130,367021.276596,376.000000,-9102.316406,0.000000,0.000000,0.000000,0.000000,0.000000,1.000000,0,0.000000,-51474.097656,-16224.127930,880846852,880847604,14844.708214,-11023.604169,-24543.851564,-14169.051595
385,1764278437.052917004,37,0,C9:06:43:F9:43:3F,8E89BED6,-16630.006053,4031.137241,-16630.005294,337989.197795,266105.181321,0.972524,-72.354923,2.500000,6750.985895,20.815917,367021.276596,376.000000,-8541.842773,0.000000,0.000000,0.000000,0.000000,0.000000,1.000000,0,0.000000,-10888.162109,-7536.796875,884858480,884859232,-6842.109802,-37803.369020,-33901.511189,-7813.521024
386,1764278439.077878714,37,0,C9:06:43:F9:43:3F,8E89BED6,-15926.626706,4561.157619,-15926.626373,346016.929818,266124.037655,1.051719,-19.663817,2.500000,7330.831651,21.810715,367021.276596,376.000000,-7258.628906,0.000000,0.000000,0.000000,0.000000,0.000000,1.000000,0,0.000000,-4831.044434,-1231.742554,888869568,888870320,-8496.007585,-52732.930639,-22137.897954,167.256706
387,1764278441.002606630,37,0,C9:06:43:F9:43:3F,8E89BED6,-16710.558955,4078.693043,-16710.558385,343985.983485,259018.072668,1.066995,-7.697510,2.500000,7000.009588,21.231910,369680.851064,376.000000,-9289.969727,0.000000,0.000000,0.000000,0.000000,0.000000,1.000000,0,0.000000,-11565.754883,-12400.010742,892872670,892873422,-6969.968438,-44721.575857,-30770.494534,-15082.441380
388,1764278442.905889511,37,0,C9:06:43:F9:43:3F,8E89BED6,-16238.787976,3836.297277,-16238.787921,344544.516503,256801.943594,0.945572,76.560776,2.500000,7528.946343,20.654074,367021.276596,376.000000,-9261.057617,0.000000,0.000000,0.000000,0.000000,0.000000,1.000000,0,0.000000,-71320.437500,-7645.577637,896879687,896880439,-13100.730999,-61509.825425,-23020.256447,-3157.136650
389,1764278442.939071417,37,0,C9:06:43:F9:43:3F,8E89BED6,-15738.517955,4047.917269,-15738.517451,344593.814608,264014.986680,0.944778,77.454571,2.500000,7389.522441,20.606429,367021.276596,376.000000,-9128.561523,0.000000,0.000000,0.000000,0.000000,0.000000,1.000000,0,0.000000,-61558.335938,-7741.589844,896879688,896880440,11766.102432,-17608.792842,-23293.715447,-10444.550613
390,1764278444.850937843,37,0,C9:06:43:F9:43:3F,8E89BED6,-16181.477392,3936.413920,-16181.476821,348283.113952,253791.393933,1.020474,-38.401084,3.000000,7286.438610,21.400161,367021.276596,376.000000,-9744.531250,0.000000,0.000000,0.000000,0.000000,0.000000,1.000000,0,0.000000,-98454.242188,-16768.210938,900878275,900879027,-21648.024002,-62287.732243,-23183.335476,16570.145661
391,1764278444.886546612,37,0,C9:06:43:F9:43:3F,8E89BED6,-15802.390028,4143.015973,-15802.389667,347549.439772,277985.831945,1.022338,-37.827527,3.000000,7143.923321,21.340800,367021.276596,376.000000,-9748.178711,0.000000,0.000000,0.000000,0.000000,0.000000,1.000000,0,0.000000,-79146.601562,-16758.273438,900878276,900879028,6217.998368,-21677.682358,-35978.654987,-11670.209314
392,1764278446.891814947,37,0,C9:06:43:F9:43:3F,8E89BED6,-15726.868644,3377.720410,-15726.868878,349019.295309,263334.735653,0.932300,-84.670735,3.000000,7792.477884,20.905874,367021.276596,376.000000,-9385.342773,0.000000,0.000000,0.000000,0.000000,0.000000,1.000000,0,0.000000,-62865.308594,-9908.827148,904880751,904881503,-15884.898959,-55958.148088,-26278.314372,-1607.779171
393,1764278446.939706802,37,0,C9:06:43:F9:43:3F,8E89BED6,-15284.066782,3568.879979,-15284.067767,348699.018060,272745.293960,0.931498,-84.100879,3.000000,7650.619234,20.993154,367021.276596,376.000000,-9300.147461,0.000000,0.000000,0.000000,0.000000,0.000000,1.000000,0,0.000000,-57963.531250,-9940.448242,904880752,904881504,12784.617273,-11255.639833,-30792.894559,-5995.183731
394,1764278448.910227299,37,0,C9:06:43:F9:43:3F,8E89BED6,-16690.176522,3899.310596,-16690.176129,339039.923895,238275.301230,0.943149,-65.453963,3.000000,7019.540993,21.290760,367021.276596,376.000000,-9280.503906,0.000000,0.000000,0.000000,0.000000,0.000000,1.000000,0,0.000000,-81961.093750,-8775.171875,908887282,908888034,-24931.068055,-72151.349125,-19012.659280,13357.227505
395,1764278448.948676586,37,0,C9:06:43:F9:43:3F,8E89BED6,-16432.381544,4081.774918,-16432.382285,338489.115176,259779.348305,0.942571,-65.278867,3.000000,6880.640483,21.357906,367021.276596,376.000000,-9289.040039,0.000000,0.000000,0.000000,0.000000,0.000000,1.000000,0,0.000000,-81961.093750,-8844.090820,908887283,908888035,3622.863372,-30657.854078,-28638.020136,-12790.088712
396,1764278450.884874344,37,0,C9:06:43:F9:43:3F,8E89BED6,-16064.458676,4125.326373,-16064.458128,364872.630881,260313.252700,1.053642,13.813974,2.500000,7539.535606,20.893751,367021.276596,376.000000,-8704.678711,0.000000,0.000000,0.000000,0.000000,0.000000,1.000000,0,0.000000,-40449.031250,-12377.528320,912576549,912577301,-11149.814859,-53091.083454,-28712.881185,-1326.164268
397,1764278450.917754889,37,0,C9:06:43:F9:43:3F,8E89BED6,-15606.501357,4330.632167,-15606.501417,363692.823981,284966.063598,1.053258,14.685634,2.500000,7400.949099,20.930755,367021.276596,376.000000,-8580.781250,0.000000,0.000000,0.000000,0.000000,0.000000,1.000000,0,0.000000,-40309.609375,-12446.460938,912576550,912577302,12521.734923,-2480.234003,-36831.580675,-15232.088032
398,1764278452.870958567,37,0,C9:06:43:F9:43:3F,8E89BED6,-16685.380390,3724.210967,-16685.379992,333575.359488,265898.458607,0.957159,63.369888,2.500000,6760.800216,20.956331,367021.276596,376.000000,-8877.672852,0.000000,0.000000,0.000000,0.000000,0.000000,1.000000,0,0.000000,-2313.062500,7594.727539,916588919,916589671,-5733.306661,-39031.091492,-29646.197888,-13906.252117
401,1764278454.840067625,37,0,C9:06:43:F9:43:3F,8E89BED6,-16050.118369,3550.777618,-16050.118828,347831.661846,254174.574321,1.014770,-39.445064,3.000000,7498.752987,21.112690,367021.276596,376.000000,-10371.226562,0.000000,0.000000,0.000000,0.000000,0.000000,1.000000,0,0.000000,-63326.808594,-332.145752,920601644,920602396,-19070.911134,-63697.047919,-22155.831702,965.335355
402,1764278454.877763510,37,0,C9:06:43:F9:43:3F,8E89BED6,-15644.867669,3726.399844,-15644.866994,347892.851581,266308.383757,1.016437,-38.773486,3.000000,7362.678405,21.070953,367021.276596,376.000000,-10280.838867,0.000000,0.000000,0.000000,0.000000,0.000000,1.000000,0,0.000000,-63326.808594,-380.498779,920601645,920602397,10374.844957,-14020.818742,-28640.975261,-16308.444353
403,1764278456.857540607,37,0,C9:06:43:F9:43:3F,8E89BED6,-16236.477469,4566.205765,-16236.476895,323222.262805,240030.582201,1.068835,8.013725,3.000000,7653.795629,21.304033,369680.851064,376.000000,-9576.668945,0.000000,0.000000,0.000000,0.000000,0.000000,1.000000,0,0.000000,-3636.336914,828.507996,924610500,924611252,-20741.072138,-64185.593582,-14807.397322,12808.208072
404,1764278456.902046680,37,0,C9:06:43:F9:43:3F,8E89BED6,-15933.173249,4744.076735,-15933.171773,323031.801604,242020.753405,1.069481,8.610856,3.000000,7513.100893,21.249585,369680.851064,376.000000,-9601.774414,0.000000,0.000000,0.000000,0.000000,0.000000,1.000000,0,0.000000,-3185.396484,658.605835,924610501,924611253,7972.951821,-29829.695106,-29056.230996,-11871.699140
405,1764278458.950502872,37,0,C9:06:43:F9:43:3F,8E89BED6,-16744.812595,3505.802462,-16744.811262,337739.458881,253024.914818,1.059092,22.411192,2.500000,6700.144607,21.123343,369680.851064,376.000000,-8962.345703,0.000000,0.000000,0.000000,0.000000,0.000000,1.000000,0,0.000000,-15145.136719,-9119.718750,928613787,928614539,-5376.024084,-43785.269099,-36214.983744,-7247.571103
406,1764278460.909169674,37,0,C9:06:43:F9:43:3F,8E89BED6,-15472.195636,3182.063975,-15472.196040,334713.651930,256738.791216,0.989913,49.012739,3.000000,7841.886705,21.787302,367021.276596,376.000000,-7968.037109,0.000000,0.000000,0.000000,0.000000,0.000000,1.000000,0,0.000000,-9089.583008,6761.365723,932622931,932623683,-18067.917617,-59328.113394,-26765.023847,6725.151207
407,1764278460.942754269,37,0,C9:06:43:F9:43:3F,8E89BED6,-15092.524537,3378.171529,-15092.525000,334338.459117,259191.850121,0.988213,49.649560,3.000000,7698.926049,21.754940,367021.276596,376.000000,-7916.551270,0.000000,0.000000,0.000000,0.000000,0.000000,1.000000,0,0.000000,-6091.220215,6577.583008,932622932,932623684,14117.653306,-11147.906920,-37191.880807,-12651.227627
408,1764278462.860687017,37,0,C9:06:43:F9:43:3F,8E89BED6,-16131.465199,4324.211401,-16131.464270,357073.312608,273659.967925,1.042645,28.835795,3.000000,7452.891464,21.235258,369680.851064,376.000000,-9571.941406,0.000000,0.000000,0.000000,0.000000,0.000000,1.000000,0,0.000000,-62983.148438,-4147.716797,936631099,936631851,-20334.193546,-66652.776037,-23511.868864,11267.996847
409,1764278462.895946741,37,0,C9:06:43:F9:43:3F,8E89BED6,-15776.228864,4506.078256,-15776.228544,356787.826301,281691.195366,1.040979,29.527990,3.000000,7313.534570,21.262786,369680.851064,376.000000,-9561.324219,0.000000,0.000000,0.000000,0.000000,0.000000,1.000000,0,0.000000,-62983.148438,-4149.660156,936631100,936631852,5932.717304,-23701.892866,-33562.701156,-9663.523813
410,1764278464.620181799,37,0,C9:06:43:F9:43:3F,8E89BED6,-16730.194048,4519.192286,-16730.194545,339069.384473,247736.654011,1.065856,-15.001775,2.500000,6990.490320,21.106915,369680.851064,376.000000,-10118.916016,0.000000,0.000000,0.000000,0.000000,0.000000,1.000000,0,0.000000,-12568.677734,11002.890625,940481090,940481842,-25275.461504,-69541.492384,-17964.574859,9172.665120
411,1764278464.656746149,37,0,C9:06:43:F9:43:3F,8E89BED6,-16503.705830,4699.137438,-16503.706132,338459.123992,257608.968855,1.067263,-14.343225,2.500000,6849.471106,21.076588,369680.851064,376.000000,-10165.969727,0.000000,0.000000,0.000000,0.000000,0.000000,1.000000,0,0.000000,-12568.677734,10808.940430,940481091,940481843,-731.310661,-32566.453596,-27386.661267,-15808.460853
412,1764278466.576207638,37,0,C9:06:43:F9:43:3F,8E89BED6,-16643.183972,2911.944640,-16643.183673,340223.338117,265793.616118,0.922945,75.528577,2.500000,6925.529017,21.463064,367021.276596,376.000000,-9306.559570,0.000000,0.000000,0.000000,0.000000,0.000000,1.000000,0,0.000000,-19249.369141,14545.163086,944495191,944495943,-27080.075155,-65287.294387,-27652.436432,23269.680841
413,1764278466.611332893,37,0,C9:06:43:F9:43:3F,8E89BED6,-16391.933159,3091.183542,-16391.931966,340091.075129,271139.884071,0.921340,75.774747,2.500000,6782.100466,21.413791,367021.276596,376.000000,-9337.116211,0.000000,0.000000,0.000000,0.000000,0.000000,1.000000,0,0.000000,-14650.346680,14348.794922,944495192,944495944,588.011626,-36270.924954,-33244.871374,-12710.364942
414,1764278468.741341591,37,0,C9:06:43:F9:43:3F,8E89BED6,-16376.030712,2976.477429,-16376.031506,339711.911287,264030.921827,1.068324,-26.167362,2.500000,6678.733715,21.480786,364361.702128,376.000000,-8559.099609,0.000000,0.000000,0.000000,0.000000,0.000000,1.000000,0,0.000000,-20429.398438,-1047.548950,948506431,948507183,-1111.042861,-43646.465124,-29996.410535,-10187.515522
415,1764278470.459829092,37,0,C9:06:43:F9:43:3F,8E89BED6,-16474.644251,4086.090221,-16474.643863,340849.543656,259647.294620,1.071483,-12.857614,2.500000,7166.454579,21.226047,367021.276596,376.000000,-8399.053711,0.000000,0.000000,0.000000,0.000000,0.000000,1.000000,0,0.000000,-12249.865234,-5718.915039,952285637,952286389,-7912.723044,-53994.863661,-21086.172208,-9379.498696
416,1764278472.389928818,37,0,C9:06:43:F9:43:3F,8E89BED6,-16658.976304,3667.437786,-16658.975922,336973.181242,251009.029023,1.019735,-36.166761,2.500000,6917.243188,20.850543,369680.851064,376.000000,-9370.909180,0.000000,0.000000,0.000000,0.000000,0.000000,1.000000,0,0.000000,-41035.296875,-16260.544922,956295272,956296024,-2802.665381,-39764.347326,-32313.104338,-14876.893476
417,1764278474.285326958,37,0,C9:06:43:F9:43:3F,8E89BED6,-14511.076491,-3846.228670,-14511.075979,359056.657448,267747.241280,0.956771,50.252482,0.500000,756.250434,23.648556,85106.382979,376.000000,-10760.078125,0.000000,0.000000,0.000000,0.000000,0.000000,1.000000,0,0.000000,-7005.567871,8313.248047,959999739,960000491,-28079.780336,-26346.733551,-56237.273139,14774.451279
420,1764278476.213570118,37,0,C9:06:43:F9:43:3F,8E89BED6,-16339.433164,4420.071303,-16339.432097,349470.197989,261415.406041,1.071819,-2.731714,2.500000,6905.032603,21.038919,369680.851064,376.000000,-9489.193359,0.000000,0.000000,0.000000,0.000000,0.000000,1.000000,0,0.000000,-45083.011719,-9776.380859,964012711,964013463,3311.837981,-36523.422903,-28261.484428,-8036.596748
421,1764278478.172436237,37,0,C9:06:43:F9:43:3F,8E89BED6,-15529.438344,3753.832650,-15529.438544,344138.298621,262334.166564,1.023194,-33.733836,3.000000,8201.501952,21.469064,367021.276596,376.000000,-8729.404297,0.000000,0.000000,0.000000,0.000000,0.000000,1.000000,0,0.000000,-76833.453125,-18064.066406,968019276,968020028,-18058.317382,-56922.008070,-25073.248113,13077.751951
422,1764278478.205571175,37,0,C9:06:43:F9:43:3F,8E89BED6,-15105.266561,3936.121663,-15105.266503,342958.893605,273232.019956,1.025003,-32.969790,3.000000,8057.712766,21.413217,367021.276596,376.000000,-8697.751953,0.000000,0.000000,0.000000,0.000000,0.000000,1.000000,0,0.000000,-75261.718750,-18112.185547,968019277,968020029,10888.202445,-16370.263935,-27965.453827,-9842.130335
423,1764278479.952077627,37,0,C9:06:43:F9:43:3F,8E89BED6,-16958.821238,3504.863349,-16958.820961,340163.691379,259512.417840,0.953355,-64.853954,2.500000,6708.046758,21.415127,369680.851064,376.000000,-8852.543945,0.000000,0.000000,0.000000,0.000000,0.000000,1.000000,0,0.000000,-26809.955078,-9873.997070,971838289,971839041,-6467.109296,-42578.367434,-26303.478388,-10391.371617
424,1764278481.872060776,37,0,C9:06:43:F9:43:3F,8E89BED6,-15954.953842,4510.654576,-15954.954225,342308.948696,252362.005911,1.007384,-42.305573,3.000000,7467.857610,20.777527,367021.276596,376.000000,-8837.807617,0.000000,0.000000,0.000000,0.000000,0.000000,1.000000,0,0.000000,-57961.996094,-9376.669922,975843494,975844246,-23634.209557,-61952.917886,-20777.755543,15743.671820
425,1764278481.907766819,37,0,C9:06:43:F9:43:3F,8E89BED6,-15628.250688,4691.627347,-15628.250797,340445.533227,261702.881780,1.008811,-41.839252,3.000000,7323.064752,20.778194,367021.276596,376.000000,-8804.005859,0.000000,0.000000,0.000000,0.000000,0.000000,1.000000,0,0.000000,-57961.996094,-9437.999023,975843495,975844247,8847.113168,-23608.109393,-29969.317667,-14769.695575
426,1764278483.810999632,37,0,C9:06:43:F9:43:3F,8E89BED6,-15476.931105,4030.247905,-15476.930425,334634.615052,252782.884935,0.936471,-87.271867,3.000000,8232.792987,21.541723,367021.276596,376.000000,-9179.816406,0.000000,0.000000,0.000000,0.000000,0.000000,1.000000,0,0.000000,-16529.378906,-351.469360,979775516,979776268,-10033.490538,-53604.599665,-25340.064785,-17.465610
427,1764278485.811969519,37,0,C9:06:43:F9:43:3F,8E89BED6,-15654.110399,4069.966946,-15654.109413,350583.698503,259927.583983,0.930751,-82.161408,3.000000,8244.070526,20.903892,369680.851064,376.000000,-9351.875977,0.000000,0.000000,0.000000,0.000000,0.000000,1.000000,0,0.000000,-92566.906250,-21163.601562,983787633,983788385,-14619.391118,-59166.634723,-21558.458409,1812.640209
428,1764278485.843819618,37,0,C9:06:43:F9:43:3F,8E89BED6,-15215.989755,4240.270869,-15215.988144,350515.850823,281201.430135,0.931274,-81.417917,3.000000,8106.494140,20.838839,369680.851064,376.000000,-9288.714844,0.000000,0.000000,0.000000,0.000000,0.000000,1.000000,0,0.000000,-92566.906250,-21146.097656,983787634,983788386,13103.601526,-12080.528082,-24032.746011,-11644.224452
429,1764278487.782109737,37,0,C9:06:43:F9:43:3F,8E89BED6,-16253.381463,3416.788220,-16253.380956,333947.990906,248675.806586,1.039508,28.789260,3.000000,7273.025127,21.875943,367021.276596,376.000000,-9410.222656,0.000000,0.000000,0.000000,0.000000,0.000000,1.000000,0,0.000000,-23246.437500,-4529.772461,987797526,987798278,-14902.730094,-58349.260613,-18095.786532,4133.424735
430,1764278487.814920425,37,0,C9:06:43:F9:43:3F,8E89BED6,-15822.743219,3610.260682,-15822.744390,333578.015909,253827.408356,1.038412,29.439492,3.000000,7135.075377,21.850624,367021.276596,376.000000,-9338.318359,0.000000,0.000000,0.000000,0.000000,0.000000,1.000000,0,0.000000,-23246.437500,-4632.412598,987797527,987798279,10452.164427,-15035.729358,-30660.659959,-12709.929008
431,1764278489.724210024,37,0,C9:06:43:F9:43:3F,8E89BED6,-15360.504187,3588.461624,-15360.504992,338295.004844,268267.509366,1.070026,-1.134154,2.500000,8015.515692,21.343745,367021.276596,376.000000,-8681.541992,0.000000,0.000000,0.000000,0.000000,0.000000,1.000000,0,0.000000,-49382.789062,-13036.418945,991801955,991802707,-17094.320499,-54197.283767,-23764.331036,3654.743578
432,1764278489.758303165,37,0,C9:06:43:F9:43:3F,8E89BED6,-14891.932312,3766.013083,-14891.932543,337965.323183,254472.255292,1.069232,-0.434896,2.500000,7873.039613,21.336793,367021.276596,376.000000,-8530.160156,0.000000,0.000000,0.000000,0.000000,0.000000,1.000000,0,0.000000,-49382.789062,-13136.651367,991801956,991802708,13948.309647,-8969.397258,-28565.881600,-8517.366440
433,1764278491.729416132,37,0,C9:06:43:F9:43:3F,8E89BED6,-15981.392611,3503.697886,-15981.392197,330442.191857,245013.950178,1.051216,-18.017811,3.000000,7705.330371,20.700404,367021.276596,376.000000,-8272.316406,0.000000,0.000000,0.000000,0.000000,0.000000,1.000000,0,0.000000,-35106.722656,-2771.874756,995813364,995814116,-23453.725460,-64304.128232,-17692.787217,11156.091669
434,1764278491.761571884,37,0,C9:06:43:F9:43:3F,8E89BED6,-15678.607588,3696.589490,-15678.606274,328520.852733,254636.106874,1.052781,-17.197790,3.000000,7565.522926,20.650718,367021.276596,376.000000,-8304.928711,0.000000,0.000000,0.000000,0.000000,0.000000,1.000000,0,0.000000,-24285.882812,-2859.480225,995813365,995814117,3792.246786,-25169.678107,-27260.120282,-10743.397547
435,1764278493.659757376,37,0,C9:06:43:F9:43:3F,8E89BED6,-16642.204448,3037.347984,-16642.205177,335916.745992,265345.054221,0.940484,-74.372349,2.500000,6878.997519,20.661187,369680.851064,376.000000,-9502.593750,0.000000,0.000000,0.000000,0.000000,0.000000,1.000000,0,0.000000,-10555.665039,-1156.411499,999505770,999506522,-3103.025637,-39007.348328,-27428.705890,-9741.352997
436,1764278495.591523409,37,0,C9:06:43:F9:43:3F,8E89BED6,-16479.300462,4079.523733,-16479.301177,338469.749493,248624.837857,0.916023,-78.713018,2.500000,7398.101461,21.377642,369680.851064,376.000000,-8662.988281,0.000000,0.000000,0.000000,0.000000,0.000000,1.000000,0,0.000000,-59859.464844,-9811.716797,1003505482,1003506234,-27184.070005,-67743.513159,-24798.216227,22086.014329
437,1764278495.625752687,37,0,C9:06:43:F9:43:3F,8E89BED6,-16324.831837,4262.331029,-16324.831012,338425.424339,273568.488080,0.914666,-78.660422,2.500000,7254.985246,21.338262,369680.851064,376.000000,-8765.905273,0.000000,0.000000,0.000000,0.000000,0.000000,1.000000,0,0.000000,-59859.464844,-9841.444336,1003505483,1003506235,3978.090655,-31226.922086,-31822.459571,-19171.772531
440,1764278497.539533854,37,0,C9:06:43:F9:43:3F,8E89BED6,-16078.744976,3728.952749,-16078.744565,347690.127213,267218.710717,0.946885,-67.359230,2.500000,7998.386271,21.299807,367021.276596,376.000000,-8561.553711,0.000000,0.000000,0.000000,0.000000,0.000000,1.000000,0,0.000000,-71240.195312,-18471.029297,1007510569,1007511321,-15205.991682,-60836.817192,-24074.945751,-5497.923522
441,1764278497.577336550,37,0,C9:06:43:F9:43:3F,8E89BED6,-15612.845843,3914.404150,-15612.846017,347397.096013,261248.153135,0.947410,-66.755060,2.500000,7857.915761,21.275882,367021.276596,376.000000,-8501.166016,0.000000,0.000000,0.000000,0.000000,0.000000,1.000000,0,0.000000,-71080.476562,-18490.763672,1007510570,1007511322,14620.621589,-13164.337616,-27339.401974,-20973.983513
442,1764278499.310650349,37,0,C9:06:43:F9:43:3F,8E89BED6,-17155.172396,3729.762857,-17155.170523,349926.825965,275584.704683,0.928123,-83.357351,2.500000,6492.769575,21.378295,369680.851064,376.000000,-9528.458984,0.000000,0.000000,0.000000,0.000000,0.000000,1.000000,0,0.000000,-13797.544922,-1036.026001,1011313839,1011314591,-4394.849525,-38048.424234,-29878.373755,-13254.955380
443,1764278501.216280222,37,0,C9:06:43:F9:43:3F,8E89BED6,-16185.322322,3733.548662,-16185.322390,340188.085631,264198.085384,0.929497,86.363759,2.500000,6988.091988,21.783059,367021.276596,376.000000,-9867.590820,0.000000,0.000000,0.000000,0.000000,0.000000,1.000000,0,0.000000,-8071.323242,-11060.347656,1015313482,1015314234,-8273.957949,-49663.476389,-31299.592282,-7198.714421
444,1764278503.133233309,37,0,C9:06:43:F9:43:3F,8E89BED6,-15847.526969,3976.596869,-15847.525461,344724.218680,253647.447451,0.964502,59.443712,3.000000,8014.118287,21.688916,367021.276596,376.000000,-9599.742188,0.000000,0.000000,0.000000,0.000000,0.000000,1.000000,0,0.000000,-44191.906250,-4479.703613,1019316814,1019317566,-9867.743571,-57740.089339,-22666.248837,-5181.970224
445,1764278505.091341972,37,0,C9:06:43:F9:43:3F,8E89BED6,-16341.467869,3299.940371,-16341.468014,338610.501647,254291.818104,1.057746,-5.628192,2.500000,7561.027288,20.695433,369680.851064,376.000000,-8828.149414,0.000000,0.000000,0.000000,0.000000,0.000000,1.000000,0,0.000000,-7140.279785,5342.584473,1023325786,1023326538,-6134.609810,-50019.923401,-25365.450247,-10527.346668
446,1764278507.001581907,37,0,C9:06:43:F9:43:3F,8E89BED6,-15996.915160,4120.629787,-15996.916305,364798.323936,265712.527787,1.088092,-2.180911,3.000000,7841.870861,21.254447,367021.276596,376.000000,-9388.371094,0.000000,0.000000,0.000000,0.000000,0.000000,1.000000,0,0.000000,-83587.828125,-14534.266602,1027330637,1027331389,-16259.250196,-55924.181759,-20905.246359,-2358.264476
447,1764278507.039712906,37,0,C9:06:43:F9:43:3F,8E89BED6,-15588.020563,4289.778329,-15588.020401,363388.079177,266600.481247,1.088079,-1.536348,3.000000,7704.841670,21.177474,367021.276596,376.000000,-9329.987305,0.000000,0.000000,0.000000,0.000000,0.000000,1.000000,0,0.000000,-83587.828125,-14599.990234,1027330638,1027331390,11403.619502,-14674.423639,-26368.147973,-14100.359008
448,1764278508.974647999,37,0,C9:06:43:F9:43:3F,8E89BED6,-16034.960607,3289.029561,-16034.959556,346894.439953,258631.858987,0.949228,74.618342,2.500000,7688.106101,20.813037,369680.851064,376.000000,-9594.583008,0.000000,0.000000,0.000000,0.000000,0.000000,1.000000,0,0.000000,-25455.039062,-15174.143555,1031340378,1031341130,-11490.660765,-51126.871893,-26626.464613,-5362.844446
449,1764278510.899105310,37,0,C9:06:43:F9:43:3F,8E89BED6,-16074.134494,4613.185952,-16074.134397,336012.214422,249574.990407,1.085798,-6.971433,3.000000,7632.237321,21.119641,369680.851064,376.000000,-8736.271484,0.000000,0.000000,0.000000,0.000000,0.000000,1.000000,0,0.000000,-24744.152344,3785.069580,1035349620,1035350372,-24756.296295,-61880.224143,-24681.576639,22103.639935
450,1764278510.934436083,37,0,C9:06:43:F9:43:3F,8E89BED6,-15656.318590,4816.067635,-15656.317322,335382.758959,257525.167749,1.087243,-6.443742,3.000000,7492.828705,21.150732,369680.851064,376.000000,-8675.018555,0.000000,0.000000,0.000000,0.000000,0.000000,1.000000,0,0.000000,-24062.945312,3673.247070,1035349621,1035350373,10568.500312,-21974.945311,-27639.882776,-11683.908695
452,1764278514.726706982,37,0,C9:06:43:F9:43:3F,8E89BED6,-16041.293592,4187.722973,-16041.294281,335497.324042,257166.976255,0.956539,-70.718681,2.500000,7647.230862,20.800888,369680.851064,376.000000,-9151.184570,0.000000,0.000000,0.000000,0.000000,0.000000,1.000000,0,0.000000,-25791.453125,-10347.487305,1043276703,1043277455,-12545.390125,-57871.391790,-24871.982009,-399.878197
453,1764278514.768512011,37,0,C9:06:43:F9:43:3F,8E89BED6,-15580.308537,4382.000402,-15580.309788,334840.161845,269625.363594,0.957813,-69.777638,2.500000,7506.381910,20.741894,369680.851064,376.000000,-9050.087891,0.000000,0.000000,0.000000,0.000000,0.000000,1.000000,0,0.000000,-25791.453125,-10423.775391,1043276704,1043277456,16253.103245,-9645.085612,-30143.419576,-11377.399682
454,1764278515.738065720,37,0,C9:06:43:F9:43:3F,8E89BED6,-18100.829971,2448.743752,-18100.829522,357039.262041,274936.306526,0.989040,47.410806,2.500000,5338.637755,21.047468,367021.276596,376.000000,-10311.588867,0.000000,0.000000,0.000000,0.000000,0.000000,1.000000,0,0.000000,-18443.943359,-20768.626953,1045120851,1045121603,-3689.186962,-39476.978867,-20916.147675,505.908361
455,1764278517.663616180,37,0,C9:06:43:F9:43:3F,8E89BED6,-15482.089073,3321.468576,-15482.089743,340421.780455,240481.112099,0.928243,-82.495131,2.500000,7631.084440,21.079923,367021.276596,376.000000,-7771.070312,0.000000,0.000000,0.000000,0.000000,0.000000,1.000000,0,0.000000,-23014.087891,-3478.813232,1049131834,1049132586,-14410.285063,-47489.645573,-14160.895372,16637.920400
456,1764278517.700036049,37,0,C9:06:43:F9:43:3F,8E89BED6,-15011.307128,3526.273112,-15011.306935,340417.189774,268771.753362,0.928235,-81.842346,2.500000,7486.955216,21.055635,367021.276596,376.000000,-7655.653320,0.000000,0.000000,0.000000,0.000000,0.000000,1.000000,0,0.000000,-21756.402344,-3593.693848,1049131835,1049132587,21083.092071,-15802.862405,-32469.978322,9178.668583
458,1764278519.645535707,37,0,C9:06:43:F9:43:3F,8E89BED6,-16404.404012,4479.439584,-16404.404678,327947.557547,242459.878573,1.036664,-32.054869,2.500000,7179.322953,20.938921,367021.276596,376.000000,-8845.232422,0.000000,0.000000,0.000000,0.000000,0.000000,1.000000,0,0.000000,7132.146973,953.642090,1053139996,1053140748,-20450.606950,-45377.386636,-337.261711,17580.776433
459,1764278519.681752920,37,0,C9:06:43:F9:43:3F,8E89BED6,-16191.519621,4647.091828,-16191.519625,327957.805516,265441.121024,1.038492,-31.510520,2.500000,7038.138931,20.954137,367021.276596,376.000000,-8882.854492,0.000000,0.000000,0.000000,0.000000,0.000000,1.000000,0,0.000000,7132.146973,782.112427,1053139997,1053140749,10779.346127,-33631.907771,-30422.685671,6956.083194
460,1764278521.588766575,37,0,C9:06:43:F9:43:3F,8E89BED6,-16780.483116,4412.372625,-16780.484223,349526.889358,261386.608063,0.964985,65.988171,2.500000,7064.893013,20.770625,367021.276596,376.000000,-9513.638672,0.000000,0.000000,0.000000,0.000000,0.000000,1.000000,0,0.000000,-20573.515625,-7939.280762,1057141849,1057142601,-19647.874923,-50696.959384,-2396.058792,15322.491629
461,1764278521.625530005,37,0,C9:06:43:F9:43:3F,8E89BED6,-16648.952380,4566.074566,-16648.952901,348837.146385,275315.442867,0.963307,66.531146,2.500000,6924.253848,20.686657,367021.276596,376.000000,-9635.065430,0.000000,0.000000,0.000000,0.000000,0.000000,1.000000,0,0.000000,-18873.755859,-8023.305176,1057141850,1057142602,5169.080674,-36497.108019,-24509.236713,2818.279381
462,1764278523.348331213,37,0,C9:06:43:F9:43:3F,8E89BED6,-15600.167757,3969.819227,-15600.167938,352886.414078,274287.137473,1.037158,29.633039,3.000000,8084.768861,21.020484,367021.276596,376.000000,-8856.806641,0.000000,0.000000,0.000000,0.000000,0.000000,1.000000,0,0.000000,-41313.652344,-11501.682617,1060996794,1060997546,-12410.406976,-54928.754361,-12494.476769,14185.543833
463,1764278523.389096260,37,0,C9:06:43:F9:43:3F,8E89BED6,-15123.216729,4177.434533,-15123.215081,352242.822922,262787.112921,1.035534,30.392289,3.000000,7940.686184,20.975137,367021.276596,376.000000,-8709.414062,0.000000,0.000000,0.000000,0.000000,0.000000,1.000000,0,0.000000,-41313.652344,-11558.345703,1060996795,1060997547,21715.258217,-17972.430596,-23003.711021,15630.158936
464,1764278525.531528234,37,0,C9:06:43:F9:43:3F,8E89BED6,-15900.703676,4398.370037,-15900.703510,340648.765456,273927.895862,0.934805,66.513047,3.000000,7722.074290,21.351629,369680.851064,376.000000,-9442.585938,0.000000,0.000000,0.000000,0.000000,0.000000,1.000000,0,0.000000,-71392.914062,-11366.062500,1065002561,1065003313,-15327.584083,-49634.475226,-1232.368840,14857.750997
465,1764278525.567262411,37,0,C9:06:43:F9:43:3F,8E89BED6,-15552.178133,4565.156262,-15552.178475,339361.637943,268222.370064,0.933396,66.669869,3.000000,7585.915828,21.360394,369680.851064,376.000000,-9452.496094,0.000000,0.000000,0.000000,0.000000,0.000000,1.000000,0,0.000000,-71392.914062,-11434.218750,1065002562,1065003314,15537.869003,-22906.945786,-28350.254864,10145.506789
466,1764278527.540888309,37,0,C9:06:43:F9:43:3F,8E89BED6,-15733.786024,2725.318582,-15733.785309,330724.313988,237606.420422,1.003665,-44.012839,3.000000,7956.128186,21.084924,369680.851064,376.000000,-8898.410156,0.000000,0.000000,0.000000,0.000000,0.000000,1.000000,0,0.000000,-39877.527344,611.723633,1069011085,1069011837,-10260.702495,-52269.730149,-12314.695478,11605.017534
467,1764278527.575288534,37,0,C9:06:43:F9:43:3F,8E89BED6,-15346.539837,2912.390204,-15346.538277,330126.213152,256761.810326,1.004917,-43.691767,3.000000,7815.782831,21.141965,369680.851064,376.000000,-8835.314453,0.000000,0.000000,0.000000,0.000000,0.000000,1.000000,0,0.000000,-39877.527344,492.768738,1069011086,1069011838,19548.152345,-24096.273406,-29345.413049,10475.421744
468,1764278529.314818382,37,0,C9:06:43:F9:43:3F,8E89BED6,-15453.161406,3529.672098,-15453.160659,333263.468641,251215.868831,1.006086,42.699998,3.000000,8254.741683,20.904204,369680.851064,376.000000,-9396.903320,0.000000,0.000000,0.000000,0.000000,0.000000,1.000000,0,0.000000,-23379.302734,-3965.340820,1072967921,1072968673,-7984.267752,-44729.370636,-17242.795653,13653.111200
469,1764278529.364835739,37,0,C9:06:43:F9:43:3F,8E89BED6,-14942.123754,3736.251332,-14942.125195,332382.681316,251671.443862,1.004296,43.379508,3.000000,8108.355659,20.888166,369680.851064,376.000000,-9261.182617,0.000000,0.000000,0.000000,0.000000,0.000000,1.000000,0,0.000000,-23379.302734,-4113.516113,1072967922,1072968674,19843.224733,-13196.633947,-29544.907628,8270.227884
470,1764278531.340495110,37,0,C9:06:43:F9:43:3F,8E89BED6,-16959.191975,2894.408717,-16959.192238,320629.621023,241766.200476,1.052556,-25.719908,2.500000,6886.532608,21.553610,369680.851064,376.000000,-8931.288086,0.000000,0.000000,0.000000,0.000000,0.000000,1.000000,0,0.000000,-32045.224609,-16858.740234,1076983355,1076984107,-20925.463416,-52314.312985,-6765.457604,21978.574514
471,1764278531.372600794,37,0,C9:06:43:F9:43:3F,8E89BED6,-16668.617917,3081.937623,-16668.617180,320606.326066,254395.222050,1.054041,-25.562498,2.500000,6744.315443,21.568631,369680.851064,376.000000,-8993.937500,0.000000,0.000000,0.000000,0.000000,0.000000,1.000000,0,0.000000,-32045.224609,-16928.648438,1076983356,1076984108,7891.864086,-32178.353541,-27032.820689,2745.414269
472,1764278533.314738274,37,0,C9:06:43:F9:43:3F,8E89BED6,-16336.339166,4251.449716,-16336.339652,350649.262637,249117.681185,0.923213,-78.664298,3.000000,7617.011752,20.970699,369680.851064,376.000000,-9049.934570,0.000000,0.000000,0.000000,0.000000,0.000000,1.000000,0,0.000000,-21833.187500,-11004.374023,1080995958,1080996710,-20493.952343,-51329.594959,-10495.596812,12391.023560
473,1764278533.346961498,37,0,C9:06:43:F9:43:3F,8E89BED6,-16091.345886,4435.145099,-16091.346454,349954.747272,256086.477124,0.922323,-78.369426,3.000000,7476.619394,20.924846,369680.851064,376.000000,-9100.560547,0.000000,0.000000,0.000000,0.000000,0.000000,1.000000,0,0.000000,-21833.187500,-11102.637695,1080995959,1080996711,7704.055122,-30739.134928,-37073.040901,9579.795868
475,1764278535.255418539,37,0,C9:06:43:F9:43:3F,8E89BED6,-15805.374299,4496.972794,-15805.374406,346971.503375,244170.182074,0.982339,-59.227957,3.000000,8171.126631,21.137364,369680.851064,376.000000,-9036.385742,0.000000,0.000000,0.000000,0.000000,0.000000,1.000000,0,0.000000,-35190.843750,-9555.699219,1084925964,1084926716,-11616.940307,-54628.294597,-7842.205394,10745.314376
476,1764278535.294753790,37,0,C9:06:43:F9:43:3F,8E89BED6,-15432.356826,4681.521990,-15432.357090,346833.070935,275698.844070,0.984214,-57.814192,3.000000,8030.422298,21.084044,369680.851064,376.000000,-9032.955078,0.000000,0.000000,0.000000,0.000000,0.000000,1.000000,0,0.000000,-35190.843750,-9650.701172,1084925965,1084926717,19535.235804,-24335.171491,-34183.931653,12648.614257
477,1764278537.309830904,37,0,C9:06:43:F9:43:3F,8E89BED6,-16070.425678,3571.421939,-16070.425624,323015.574464,253909.953604,0.917856,81.291464,2.500000,7477.719135,21.566971,369680.851064,376.000000,-9026.425781,0.000000,0.000000,0.000000,0.000000,0.000000,1.000000,0,0.000000,-6874.431641,-2107.611084,1088937831,1088938583,-3561.758194,-42240.104348,-17958.774783,1417.103985
478,1764278539.301706791,37,0,C9:06:43:F9:43:3F,8E89BED6,-15682.359915,3920.717678,-15682.360392,348211.444861,269549.889379,1.040575,17.274273,2.500000,7923.158471,21.116919,367021.276596,376.000000,-8552.425781,0.000000,0.000000,0.000000,0.000000,0.000000,1.000000,0,0.000000,-66258.523438,-15661.356445,1092947362,1092948114,-11446.368959,-46144.122825,-10627.266309,9944.322010
479,1764278539.339192390,37,0,C9:06:43:F9:43:3F,8E89BED6,-15268.921313,4113.411835,-15268.921625,347996.265108,275508.511198,1.039110,18.376471,2.500000,7781.614873,21.149252,367021.276596,376.000000,-8428.497070,0.000000,0.000000,0.000000,0.000000,0.000000,1.000000,0,0.000000,-58527.890625,-15738.320312,1092947363,1092948115,18275.116547,-16944.445053,-22335.092429,10506.875897
480,1764278541.255031586,37,0,C9:06:43:F9:43:3F,8E89BED6,-15893.145705,3266.623916,-15893.145084,344021.593207,245108.912280,0.921896,-70.357216,2.500000,8103.306100,21.167532,369680.851064,376.000000,-10884.155273,0.000000,0.000000,0.000000,0.000000,0.000000,1.000000,0,0.000000,-85216.421875,-19851.699219,1096955351,1096956103,-12102.647107,-54953.794948,-16653.291317,6602.939698
481,1764278541.291770935,37,0,C9:06:43:F9:43:3F,8E89BED6,-15431.325136,3460.364312,-15431.324516,342373.860620,270209.699473,0.922413,-69.907624,2.500000,7965.282906,21.114023,369680.851064,376.000000,-10771.936523,0.000000,0.000000,0.000000,0.000000,0.000000,1.000000,0,0.000000,-84794.703125,-19872.945312,1096955352,1096956104,16707.163553,-22798.140237,-28702.780589,9897.998394
482,1764278543.211624384,37,0,C9:06:43:F9:43:3F,8E89BED6,-15930.618333,4167.036896,-15930.617449,341039.070556,251733.351421,1.065965,6.752983,2.500000,8050.591669,22.141098,367021.276596,376.000000,-8901.502930,0.000000,0.000000,0.000000,0.000000,0.000000,1.000000,0,0.000000,-74253.679688,-25794.835938,1100957255,1100958007,-7356.006513,-44866.626091,-14782.116276,9700.574515
483,1764278543.243523598,37,0,C9:06:43:F9:43:3F,8E89BED6,-15549.140228,4354.947042,-15549.141446,340201.206865,276035.586735,1.065128,7.577196,2.500000,7911.687044,22.122312,367021.276596,376.000000,-8852.951172,0.000000,0.000000,0.000000,0.000000,0.000000,1.000000,0,0.000000,-74253.679688,-25776.980469,1100957256,1100958008,17411.456412,-13710.543706,-23611.611481,17953.497428
484,1764278545.179653168,37,0,C9:06:43:F9:43:3F,8E89BED6,-15758.777566,3803.633477,-15758.778698,337206.930693,251522.491530,1.067058,-1.560649,2.500000,7783.409426,21.096900,367021.276596,376.000000,-8637.254883,0.000000,0.000000,0.000000,0.000000,0.000000,1.000000,0,0.000000,-31975.777344,2357.907227,1104959075,1104959827,-21688.280175,-47174.137040,-6486.388067,25274.715068
485,1764278545.213584661,37,0,C9:06:43:F9:43:3F,8E89BED6,-15567.520821,3999.664495,-15567.521114,337086.587006,267187.215643,1.067915,-0.827753,2.500000,7639.010150,21.076334,367021.276596,376.000000,-8669.229492,0.000000,0.000000,0.000000,0.000000,0.000000,1.000000,0,0.000000,-30362.068359,2220.442627,1104959076,1104959828,7225.957772,-29260.803511,-28605.148208,6420.197879
486,1764278547.132916927,37,0,C9:06:43:F9:43:3F,8E89BED6,-15498.156411,3580.390588,-15498.156879,348851.746659,267997.141727,0.974149,55.905640,3.000000,7960.176194,21.646874,367021.276596,376.000000,-8820.433594,0.000000,0.000000,0.000000,0.000000,0.000000,1.000000,0,0.000000,-37271.027344,-23077.730469,1108970718,1108971470,-3692.889586,-46298.453195,-21089.308806,9314.754427
487,1764278549.065196753,37,0,C9:06:43:F9:43:3F,8E89BED6,-16246.063794,4384.723316,-16246.064741,332842.703632,254875.148928,1.107970,11.015760,2.500000,7723.070223,20.988658,369680.851064,376.000000,-10373.720703,0.000000,0.000000,0.000000,0.000000,0.000000,1.000000,0,0.000000,-5685.134277,-10695.081055,1112975519,1112976271,-8545.808449,-43223.934959,-14699.146560,620.059059
488,1764278549.101976156,37,0,C9:06:43:F9:43:3F,8E89BED6,-15809.829777,4566.792475,-15809.830568,331690.246598,261094.404137,1.108284,11.399423,2.500000,7582.342225,20.942824,369680.851064,376.000000,-10203.082031,0.000000,0.000000,0.000000,0.000000,0.000000,1.000000,0,0.000000,-5256.813965,-10823.840820,1112975520,1112976272,18432.240066,-9911.276475,-25270.458360,9534.559118
489,1764278551.076717615,37,0,C9:06:43:F9:43:3F,8E89BED6,-15939.801936,4567.794567,-15939.802601,347661.320050,253805.726514,1.047469,-21.399092,3.000000,7950.536625,21.433134,367021.276596,376.000000,-8606.433594,0.000000,0.000000,0.000000,0.000000,0.000000,1.000000,0,0.000000,-43440.578125,-5812.177246,1116984461,1116985213,-18038.591303,-48409.661457,-9874.988326,20340.191871
490,1764278551.115795851,37,0,C9:06:43:F9:43:3F,8E89BED6,-15598.534363,4753.395103,-15598.534291,346816.337896,272709.311598,1.049242,-20.665268,3.000000,7805.048484,21.418017,367021.276596,376.000000,-8630.176758,0.000000,0.000000,0.000000,0.000000,0.000000,1.000000,0,0.000000,-37366.363281,-5901.412109,1116984462,1116985214,13746.833791,-23020.625206,-27924.589024,4492.564746
491,1764278553.074225664,37,0,C9:06:43:F9:43:3F,8E89BED6,-16683.746018,3755.703013,-16683.745191,340401.975131,258429.032472,1.082612,-3.504190,2.500000,7050.954047,21.014163,369680.851064,376.000000,-9595.856445,0.000000,0.000000,0.000000,0.000000,0.000000,1.000000,0,0.000000,-7533.615723,12306.735352,1120992210,1120992962,179.589151,-43269.023078,-21613.955772,9855.851469
492,1764278554.977337837,37,0,C9:06:43:F9:43:3F,8E89BED6,-15765.057998,3566.609061,-15765.058758,345325.993264,257833.146478,0.940581,70.653350,3.000000,7721.328728,21.504951,367021.276596,376.000000,-9228.895508,0.000000,0.000000,0.000000,0.000000,0.000000,1.000000,0,0.000000,-48939.167969,-1162.872925,1124990554,1124991306,-16523.723791,-51511.883298,-8962.860147,22570.825026
493,1764278555.009142637,37,0,C9:06:43:F9:43:3F,8E89BED6,-15371.145484,3743.747069,-15371.144811,345305.175363,279365.666205,0.938948,71.188195,3.000000,7578.095311,21.550378,367021.276596,376.000000,-9176.782227,0.000000,0.000000,0.000000,0.000000,0.000000,1.000000,0,0.000000,-48939.167969,-1252.276611,1124990555,1124991307,15970.015788,-26064.287648,-29691.521327,12804.413979
494,1764278556.928321362,37,0,C9:06:43:F9:43:3F,8E89BED6,-16078.603364,3904.049681,-16078.602574,321161.849637,233617.388569,0.955066,62.804268,2.500000,7525.850439,21.403051,369680.851064,376.000000,-9756.048828,0.000000,0.000000,0.000000,0.000000,0.000000,1.000000,0,0.000000,-54932.664062,-8695.892578,1128988788,1128989540,-11693.278172,-51850.652684,-15389.499105,12209.314374
495,1764278556.972338200,37,0,C9:06:43:F9:43:3F,8E89BED6,-15586.884186,4099.909619,-15586.884235,321166.254819,238100.020576,0.953330,63.413365,2.500000,7389.421959,21.375556,369680.851064,376.000000,-9619.218750,0.000000,0.000000,0.000000,0.000000,0.000000,1.000000,0,0.000000,-54932.664062,-8733.748047,1128988789,1128989541,20128.366217,-18421.521805,-31053.244717,15399.802068
496,1764278558.912695408,37,0,C9:06:43:F9:43:3F,8E89BED6,-16223.128474,4770.895998,-16223.129033,305874.418319,243040.961850,0.945052,78.125624,2.500000,7260.181150,21.413161,367021.276596,376.000000,-9185.892578,0.000000,0.000000,0.000000,0.000000,0.000000,1.000000,0,0.000000,-11588.499023,-16517.587891,1132991097,1132991849,-2855.967157,-46351.315822,-20520.046166,11228.636618
497,1764278560.837967873,37,0,C9:06:43:F9:43:3F,8E89BED6,-16580.341645,4060.215946,-16580.342396,338046.460959,260931.067100,0.965520,58.240676,2.500000,6978.255512,21.543386,367021.276596,376.000000,-8289.959961,0.000000,0.000000,0.000000,0.000000,0.000000,1.000000,0,0.000000,-12440.159180,750.838074,1136994704,1136995456,3437.795663,-34603.776011,-25847.891425,4781.493128
498,1764278562.742013931,37,0,C9:06:43:F9:43:3F,8E89BED6,-16953.364913,2814.245013,-16953.363594,330893.572715,269156.475776,1.071948,2.677264,2.500000,6791.779621,21.177042,369680.851064,376.000000,-9723.662109,0.000000,0.000000,0.000000,0.000000,0.000000,1.000000,0,0.000000,-22004.125000,-3845.212158,1140849752,1140850504,3225.178830,-40157.727967,-24116.579901,7654.829589
501,1764278564.664822578,37,0,C9:06:43:F9:43:3F,8E89BED6,-16495.424465,3356.922223,-16495.423041,346293.505260,256226.528217,0.963746,-53.928820,2.500000,6723.264196,21.007182,369680.851064,376.000000,-9690.882812,0.000000,0.000000,0.000000,0.000000,0.000000,1.000000,0,0.000000,-19739.714844,-18684.892578,1144858752,1144859504,2207.276773,-42460.429554,-29805.557693,10606.613526
502,1764278566.637630939,37,0,C9:06:43:F9:43:3F,8E89BED6,-15287.358012,4448.166731,-15287.359267,346788.447564,251361.870154,0.933454,-72.961987,3.000000,8195.422008,21.267402,367021.276596,376.000000,-7461.453613,0.000000,0.000000,0.000000,0.000000,0.000000,1.000000,0,0.000000,-20566.884766,4883.812988,1148872194,1148872946,-8236.129894,-45047.320500,-19275.312707,14978.995564
503,1764278566.679435253,37,0,C9:06:43:F9:43:3F,8E89BED6,-14754.669264,4656.188592,-14754.669223,346866.792564,268433.390922,0.934154,-72.307167,3.000000,8053.481023,21.239745,367021.276596,376.000000,-7301.497070,0.000000,0.000000,0.000000,0.000000,0.000000,1.000000,0,0.000000,-20566.884766,4713.641602,1148872195,1148872947,21776.379858,-13869.832230,-17700.448354,13128.146210
504,1764278568.607674837,37,0,C9:06:43:F9:43:3F,8E89BED6,-16197.852700,3996.928153,-16197.852285,349947.746846,264212.620898,1.041938,-28.895868,3.000000,7308.772115,21.552002,369680.851064,376.000000,-8922.435547,0.000000,0.000000,0.000000,0.000000,0.000000,1.000000,0,0.000000,-21372.396484,-1602.090088,1152884683,1152885435,-16019.566380,-53342.482544,-1230.285952,12714.973870
505,1764278568.644646168,37,0,C9:06:43:F9:43:3F,8E89BED6,-15876.831926,4182.837662,-15876.832687,349734.308432,270307.069518,1.043875,-28.246568,3.000000,7170.528830,21.480468,369680.851064,376.000000,-8918.860352,0.000000,0.000000,0.000000,0.000000,0.000000,1.000000,0,0.000000,-21372.396484,-1737.241577,1152884684,1152885436,14827.057787,-27318.824783,-24112.609419,10369.914902
506,1764278570.554692030,37,0,C9:06:43:F9:43:3F,8E89BED6,-16050.739561,3735.881902,-16050.739583,337442.782943,242302.985353,0.966971,83.108838,2.500000,7792.522190,21.052425,367021.276596,376.000000,-9641.510742,0.000000,0.000000,0.000000,0.000000,0.000000,1.000000,0,0.000000,-24521.148438,-9192.099609,1156898152,1156898904,-4483.877636,-40552.702649,-26681.080134,978.916711
507,1764278572.494798422,37,0,C9:06:43:F9:43:3F,8E89BED6,-16060.668805,3473.342185,-16060.668785,326455.418412,250839.520269,0.967988,-53.931361,3.000000,7458.577654,21.358945,369680.851064,376.000000,-9118.823242,0.000000,0.000000,0.000000,0.000000,0.000000,1.000000,0,0.000000,-42829.902344,-13076.200195,1160758238,1160758990,-9101.472907,-48128.914134,-19694.355936,9972.232345
508,1764278572.530504465,37,0,C9:06:43:F9:43:3F,8E89BED6,-15544.040827,3673.258558,-15544.042205,325600.279572,256685.120578,0.969348,-53.487588,3.000000,7319.361849,21.283135,369680.851064,376.000000,-8987.755859,0.000000,0.000000,0.000000,0.000000,0.000000,1.000000,0,0.000000,-42829.902344,-13171.010742,1160758239,1160758991,19936.763180,-15450.529825,-26468.607434,13186.037522
509,1764278574.467769861,37,0,C9:06:43:F9:43:3F,8E89BED6,-15995.521014,2889.891165,-15995.520612,344882.211084,256479.277408,1.040327,-3.211829,2.500000,7740.230129,20.430143,367021.276596,376.000000,-8520.062500,0.000000,0.000000,0.000000,0.000000,0.000000,1.000000,0,0.000000,-37584.722656,-5589.009277,1164763933,1164764685,-17763.832783,-53228.030605,-11009.263212,17306.979836
510,1764278574.503297806,37,0,C9:06:43:F9:43:3F,8E89BED6,-15639.206176,3084.791392,-15639.205976,344548.773484,263288.248356,1.039202,-2.179698,2.500000,7599.474653,20.479100,367021.276596,376.000000,-8522.803711,0.000000,0.000000,0.000000,0.000000,0.000000,1.000000,0,0.000000,-35873.089844,-5674.249023,1164763934,1164764686,13794.093303,-33618.250559,-26268.256000,8460.920235
511,1764278576.438716888,37,0,C9:06:43:F9:43:3F,8E89BED6,-17460.080504,3747.874668,-17460.080627,339350.038443,249214.015890,1.102215,4.694422,2.500000,6272.072264,21.097438,369680.851064,376.000000,-8961.307617,0.000000,0.000000,0.000000,0.000000,0.000000,1.000000,0,0.000000,-29902.955078,-9454.396484,1168772736,1168773488,-26502.821722,-48360.170005,-1809.921291,17321.118481
512,1764278576.471179247,37,0,C9:06:43:F9:43:3F,8E89BED6,-17290.557636,3919.378462,-17290.559387,338349.075947,261715.341041,1.103772,4.913572,2.500000,6131.462519,20.979691,369680.851064,376.000000,-9020.842773,0.000000,0.000000,0.000000,0.000000,0.000000,1.000000,0,0.000000,-29659.683594,-9574.758789,1168772737,1168773489,103.087354,-34262.735554,-26428.060432,9107.421673
515,1764278578.383329630,37,0,C9:06:43:F9:43:3F,8E89BED6,-16728.863765,4101.928880,-16728.863138,344200.707801,255865.594721,1.074373,-0.551341,2.500000,7005.164680,20.318808,369680.851064,376.000000,-8412.858398,0.000000,0.000000,0.000000,0.000000,0.000000,1.000000,0,0.000000,-80443.750000,-11231.765625,1172558064,1172558816,-20837.693322,-58590.223899,-1077.725486,14218.413874
516,1764278578.418118477,37,0,C9:06:43:F9:43:3F,8E89BED6,-16489.898491,4276.002554,-16489.898502,344162.520433,269317.376607,1.076028,-0.200092,2.500000,6863.404001,20.319001,369680.851064,376.000000,-8422.916016,0.000000,0.000000,0.000000,0.000000,0.000000,1.000000,0,0.000000,-80346.781250,-11276.660156,1172558065,1172558817,11850.622937,-33729.344034,-28100.490218,7377.402066
517,1764278580.387217760,37,0,C9:06:43:F9:43:3F,8E89BED6,-16164.969337,3361.599197,-16164.969500,331288.359592,238099.378021,0.973186,56.335154,2.500000,7748.656573,21.223435,367021.276596,376.000000,-10089.073242,0.000000,0.000000,0.000000,0.000000,0.000000,1.000000,0,0.000000,-18377.933594,-5114.066895,1176570955,1176571707,-8029.828925,-48257.105206,-22293.605486,3731.775178
518,1764278580.495282650,37,0,C9:06:43:F9:43:3F,8E89BED6,-15661.530263,3561.638308,-15661.529364,331375.616551,271146.127012,0.971839,57.067848,2.500000,7606.885803,21.231682,367021.276596,376.000000,-9907.343750,0.000000,0.000000,0.000000,0.000000,0.000000,1.000000,0,0.000000,-18218.152344,-5239.313477,1176570956,1176571708,21160.224894,-13535.886701,-29992.888841,14417.284900
519,1764278582.264566183,37,0,C9:06:43:F9:43:3F,8E89BED6,-16715.354481,3494.799183,-16715.355453,333594.999189,253931.239738,0.948022,-73.065612,2.500000,6666.103029,20.886936,369680.851064,376.000000,-8861.110352,0.000000,0.000000,0.000000,0.000000,0.000000,1.000000,0,0.000000,-26389.970703,-14786.452148,1180392964,1180393716,3831.844794,-39783.277908,-26326.028855,6857.602402
520,1764278584.175713539,37,0,C9:06:43:F9:43:3F,8E89BED6,-16604.765148,4091.390921,-16604.765671,325865.521145,259532.418092,1.045369,-29.702476,2.500000,7081.795662,21.630511,369680.851064,376.000000,-10503.900391,0.000000,0.000000,0.000000,0.000000,0.000000,1.000000,0,0.000000,-23127.480469,-6142.677246,1184397997,1184398749,-3037.768291,-48060.058238,-26231.867103,9747.361569
521,1764278586.169499636,37,0,C9:06:43:F9:43:3F,8E89BED6,-16289.671891,4449.080568,-16289.672571,341817.617853,267258.643045,0.955837,65.647734,2.500000,7186.887163,20.956343,367021.276596,376.000000,-8811.948242,0.000000,0.000000,0.000000,0.000000,0.000000,1.000000,0,0.000000,-38324.660156,-2980.612061,1188408147,1188408899,6723.144236,-34513.035038,-26123.666228,2109.006711
522,1764278588.088873386,37,0,C9:06:43:F9:43:3F,8E89BED6,-15658.553197,4721.071166,-15658.552385,341997.261722,241060.404217,0.951006,-68.687609,3.000000,7763.579421,21.330275,367021.276596,376.000000,-7989.144043,0.000000,0.000000,0.000000,0.000000,0.000000,1.000000,0,0.000000,-80571.257812,-10106.678711,1192360677,1192361429,-16445.651488,-42258.536871,-19294.304096,16601.813368
523,1764278588.120338917,37,0,C9:06:43:F9:43:3F,8E89BED6,-15224.864214,4936.253320,-15224.864656,342067.974303,280069.515053,0.952042,-67.941598,3.000000,7619.678011,21.228819,367021.276596,376.000000,-7940.541016,0.000000,0.000000,0.000000,0.000000,0.000000,1.000000,0,0.000000,-80571.257812,-10155.402344,1192360678,1192361430,17660.183765,-19440.730267,-33483.121008,7883.075294
524,1764278590.047745705,37,0,C9:06:43:F9:43:3F,8E89BED6,-16297.322699,4201.601663,-16297.322344,344446.435026,248483.173279,0.930848,74.217892,2.500000,7434.796876,21.644278,367021.276596,376.000000,-9327.070312,0.000000,0.000000,0.000000,0.000000,0.000000,1.000000,0,0.000000,-38310.804688,-6491.435059,1196369591,1196370343,-22403.460195,-49775.940319,-18012.420507,26355.624336
525,1764278590.090080738,37,0,C9:06:43:F9:43:3F,8E89BED6,-16144.598713,4377.140915,-16144.599185,343968.434306,269722.638470,0.929220,74.504140,2.500000,7290.415972,21.630917,369680.851064,376.000000,-9394.360352,0.000000,0.000000,0.000000,0.000000,0.000000,1.000000,0,0.000000,-34678.261719,-6591.761719,1196369592,1196370344,8740.756466,-35300.236328,-34440.913118,8705.058870
526,1764278591.977778673,37,0,C9:06:43:F9:43:3F,8E89BED6,-15835.447628,4365.851466,-15835.446344,337592.694073,252358.253601,1.002967,43.653371,2.500000,7525.278276,21.140155,367021.276596,376.000000,-9569.367188,0.000000,0.000000,0.000000,0.000000,0.000000,1.000000,0,0.000000,-7891.811035,858.183716,1200068929,1200069681,-765.479577,-41624.476071,-19652.136428,11903.998419
527,1764278593.884725809,37,0,C9:06:43:F9:43:3F,8E89BED6,-15792.660031,3382.175801,-15792.660835,335829.989389,246863.960023,0.927001,62.916219,3.000000,7518.305235,21.809774,369680.851064,376.000000,-8350.622070,0.000000,0.000000,0.000000,0.000000,0.000000,1.000000,0,0.000000,-28821.759766,-13276.342773,1204076832,1204077584,-8436.692760,-43134.832923,-11613.859533,9421.648394
528,1764278595.780353546,37,0,C9:06:43:F9:43:3F,8E89BED6,-15027.338148,3946.792661,-15027.338740,344382.179294,244478.314351,0.997971,-46.341185,3.000000,8399.745657,21.253073,367021.276596,376.000000,-8394.504883,0.000000,0.000000,0.000000,0.000000,0.000000,1.000000,0,0.000000,-41630.519531,-7226.523438,1208079600,1208080352,-9227.693834,-41543.602681,-11387.506087,13181.913032
529,1764278595.818639040,37,0,C9:06:43:F9:43:3F,8E89BED6,-14556.170203,4159.934457,-14556.170171,344373.445249,273859.416739,0.999305,-45.474770,3.000000,8256.562621,21.243922,367021.276596,376.000000,-8190.109863,0.000000,0.000000,0.000000,0.000000,0.000000,1.000000,0,0.000000,-39150.097656,-7288.925781,1208079601,1208080353,17247.538126,-15425.865192,-24680.645572,11809.098563
530,1764278597.523069859,37,0,C9:06:43:F9:43:3F,8E89BED6,-16537.490746,3117.482376,-16537.489451,336256.429091,265755.466377,0.920833,74.538396,2.500000,6865.461549,21.026038,369680.851064,376.000000,-8992.826172,0.000000,0.000000,0.000000,0.000000,0.000000,1.000000,0,0.000000,-10300.027344,-13704.105469,1211923962,1211924714,-6428.327868,-46476.889981,-15064.346948,1222.010668
531,1764278599.487081766,37,0,C9:06:43:F9:43:3F,8E89BED6,-15429.842575,3722.085794,-15429.841324,320757.662079,244102.690958,0.962334,60.935013,2.500000,8198.949498,21.313424,367021.276596,376.000000,-8029.947266,0.000000,0.000000,0.000000,0.000000,0.000000,1.000000,0,0.000000,-28116.593750,-18322.878906,1215925056,1215925808,-5321.694118,-43842.258826,-21224.838390,9204.009129
532,1764278601.494494915,37,0,C9:06:43:F9:43:3F,8E89BED6,-15556.194018,3600.987549,-15556.194822,336120.709574,245180.776700,1.074312,-2.966187,2.500000,8035.383201,21.625685,367021.276596,376.000000,-8697.548828,0.000000,0.000000,0.000000,0.000000,0.000000,1.000000,0,0.000000,-6420.787109,3218.681152,1219695305,1219696057,-12151.291106,-47657.484153,-15746.170965,13693.956626
533,1764278601.549022675,37,0,C9:06:43:F9:43:3F,8E89BED6,-15112.734557,3790.266768,-15112.735462,335172.000411,252225.125034,1.075561,-2.381237,2.500000,7893.062559,21.637642,367021.276596,376.000000,-8643.576172,0.000000,0.000000,0.000000,0.000000,0.000000,1.000000,0,0.000000,-5153.007324,3056.384033,1219695306,1219696058,19854.717982,-18689.734677,-33380.261300,11333.613648
534,1764278603.520952463,37,0,C9:06:43:F9:43:3F,8E89BED6,-16233.168553,3728.523881,-16233.169375,315040.499486,239762.301661,0.977508,61.986126,2.500000,7653.362844,21.267615,367021.276596,376.000000,-9295.078125,0.000000,0.000000,0.000000,0.000000,0.000000,1.000000,0,0.000000,-10134.491211,-15982.464844,1223708246,1223708998,-3499.442323,-45583.303020,-16251.438341,6481.896390
535,1764278605.467659950,37,0,C9:06:43:F9:43:3F,8E89BED6,-16019.555820,3706.284691,-16019.555968,339345.482729,255374.532106,1.089628,-19.466419,3.000000,7431.878380,22.342832,329787.234043,376.000000,-7834.054199,0.000000,0.000000,0.000000,0.000000,0.000000,1.000000,0,0.000000,-18538.259766,-1000.905029,1227717448,1227718200,-17131.240956,-54836.726778,-12346.974367,15745.704300
536,1764278605.510775089,37,0,C9:06:43:F9:43:3F,8E89BED6,-15648.368966,3888.037082,-15648.369447,338944.450254,269055.750596,1.091249,-19.379108,3.000000,7289.092209,22.305256,329787.234043,376.000000,-7800.221680,0.000000,0.000000,0.000000,0.000000,0.000000,1.000000,0,0.000000,-18538.259766,-1136.740356,1227717449,1227718201,18536.688182,-23742.473120,-21991.435154,13077.438809
537,1764278607.443131447,37,0,C9:06:43:F9:43:3F,8E89BED6,-16687.369982,4380.520817,-16687.369915,329296.784887,255700.328878,1.055667,10.070251,2.500000,6938.731578,21.205458,367021.276596,376.000000,-9656.766602,0.000000,0.000000,0.000000,0.000000,0.000000,1.000000,0,0.000000,-5644.861328,-6232.245117,1231722871,1231723623,-1308.186502,-45370.057868,-23844.245337,4704.705243
538,1764278609.346878290,37,0,C9:06:43:F9:43:3F,8E89BED6,-16562.898256,2264.496429,-16562.897432,356488.456746,281896.797390,1.070618,-0.673858,2.500000,7217.152171,20.398986,367021.276596,376.000000,-8924.012695,0.000000,0.000000,0.000000,0.000000,0.000000,1.000000,0,0.000000,-17826.558594,-2643.749756,1235722465,1235723217,-18725.921212,-50639.100497,-5911.945009,12536.254094
539,1764278609.379897833,37,0,C9:06:43:F9:43:3F,8E89BED6,-16290.538879,2447.807495,-16290.537400,356462.791683,259155.597449,1.070355,0.067050,2.500000,7074.056062,20.404039,367021.276596,376.000000,-8926.545898,0.000000,0.000000,0.000000,0.000000,0.000000,1.000000,0,0.000000,-17826.558594,-2762.396484,1235722466,1235723218,8173.120674,-32041.831098,-29932.855039,8369.273675
540,1764278611.313924551,37,0,C9:06:43:F9:43:3F,8E89BED6,-16968.221458,3139.699783,-16968.223244,345490.905701,272484.949333,1.123057,2.549765,2.500000,6331.192253,21.394675,369680.851064,376.000000,-8784.563477,0.000000,0.000000,0.000000,0.000000,0.000000,1.000000,0,0.000000,-5307.494141,2137.405518,1239724174,1239724926,-1804.769590,-44616.144815,-19141.930352,620.804525
542,1764278613.276783466,37,0,C9:06:43:F9:43:3F,8E89BED6,-17117.527337,3802.538107,-17117.526192,324406.908069,248374.548072,1.090501,-20.207405,3.000000,6680.812170,21.341032,369680.851064,376.000000,-9801.042969,0.000000,0.000000,0.000000,0.000000,0.000000,1.000000,0,0.000000,-53465.433594,-6174.049805,1243724591,1243725343,-19548.503414,-48935.636791,-6767.112117,10443.040243
543,1764278613.316121817,37,0,C9:06:43:F9:43:3F,8E89BED6,-16832.263557,3983.697953,-16832.263259,322969.793185,253626.536941,1.091930,-20.188952,3.000000,6540.399836,21.388928,369680.851064,376.000000,-9801.575195,0.000000,0.000000,0.000000,0.000000,0.000000,1.000000,0,0.000000,-53465.433594,-6272.014160,1243724592,1243725344,9115.875500,-32214.654687,-28927.821476,10225.867243
544,1764278615.328275919,37,0,C9:06:43:F9:43:3F,8E89BED6,-15783.118385,3351.045215,-15783.118938,346982.037032,254190.226597,0.950069,58.222037,3.000000,7745.452348,21.253823,369680.851064,376.000000,-8725.660156,0.000000,0.000000,0.000000,0.000000,0.000000,1.000000,0,0.000000,-64159.890625,-9887.985352,1247729220,1247729972,-9414.020535,-48403.844120,-18654.123435,10269.372962
545,1764278615.364710093,37,0,C9:06:43:F9:43:3F,8E89BED6,-15302.268557,3555.310966,-15302.266859,345479.567714,270392.647257,0.948552,58.509766,3.000000,7602.026841,21.228313,369680.851064,376.000000,-8576.909180,0.000000,0.000000,0.000000,0.000000,0.000000,1.000000,0,0.000000,-58806.570312,-9906.219727,1247729221,1247729973,22379.991379,-19381.537918,-21876.473137,16325.255108
546,1764278617.382263899,37,0,C9:06:43:F9:43:3F,8E89BED6,-16887.847457,2939.259966,-16887.847286,365442.950062,290174.042424,1.068604,22.847365,2.500000,6837.112325,21.388935,367021.276596,376.000000,-8341.503906,0.000000,0.000000,0.000000,0.000000,0.000000,1.000000,0,0.000000,-24775.175781,-1576.972290,1251728134,1251728886,-27140.820727,-50552.319134,-11947.733386,31005.055934
547,1764278617.419959068,37,0,C9:06:43:F9:43:3F,8E89BED6,-16755.078740,3105.706006,-16755.078587,364281.340437,282646.262344,1.070059,22.739473,2.500000,6692.844885,21.356725,369680.851064,376.000000,-8451.302734,0.000000,0.000000,0.000000,0.000000,0.000000,1.000000,0,0.000000,-24775.175781,-1698.189453,1251728135,1251728887,5497.811429,-38659.432670,-28913.742524,7629.437709
548,1764278619.498820543,37,0,C9:06:43:F9:43:3F,8E89BED6,-17013.263332,3469.911543,-17013.263390,343404.069014,258926.203236,1.053501,-25.438194,2.500000,6373.289095,21.576417,367021.276596,376.000000,-8888.810547,0.000000,0.000000,0.000000,0.000000,0.000000,1.000000,0,0.000000,-39187.597656,-4866.510742,1255726620,1255727372,-23663.339097,-49957.789667,-8022.650871,25433.799911
549,1764278619.544657946,37,0,C9:06:43:F9:43:3F,8E89BED6,-16817.345392,3644.661574,-16817.344798,341449.487559,269324.531799,1.054984,-25.273667,2.500000,6231.698471,21.534710,367021.276596,376.000000,-9000.018555,0.000000,0.000000,0.000000,0.000000,0.000000,1.000000,0,0.000000,-39187.597656,-4969.627930,1255726621,1255727373,5801.502641,-41866.299480,-19768.735479,4045.902256
550,1764278621.566240549,37,0,C9:06:43:F9:43:3F,8E89BED6,-16279.749995,3383.522446,-16279.750563,339502.688007,271697.645170,1.069778,-26.444164,3.000000,7150.598936,21.668269,369680.851064,376.000000,-10173.923828,0.000000,0.000000,0.000000,0.000000,0.000000,1.000000,0,0.000000,-16407.640625,-7146.724609,1259728183,1259728935,-17037.886514,-47475.767325,-569.517012,16069.072346
551,1764278621.604115009,37,0,C9:06:43:F9:43:3F,8E89BED6,-15917.258479,3591.385688,-15917.257652,338848.116263,269407.205478,1.071548,-26.178669,3.000000,7014.945580,21.646627,369680.851064,376.000000,-10132.541016,0.000000,0.000000,0.000000,0.000000,0.000000,1.000000,0,0.000000,-16407.640625,-7289.553711,1259728184,1259728936,11812.668449,-25854.743150,-25366.103437,13675.633549
552,1764278623.639287472,37,0,C9:06:43:F9:43:3F,8E89BED6,-16887.155010,3561.435167,-16887.154567,318780.657142,249970.487438,0.941244,-74.408825,2.500000,6772.065068,21.029440,369680.851064,376.000000,-9155.264648,0.000000,0.000000,0.000000,0.000000,0.000000,1.000000,0,0.000000,-30068.037109,-6878.715332,1263729511,1263730263,661.669991,-41410.245223,-24049.892197,6911.908050
553,1764278625.560395718,37,0,C9:06:43:F9:43:3F,8E89BED6,-15911.285549,3466.139983,-15911.285333,329992.296284,235850.893942,0.929794,80.944216,2.500000,7731.905133,21.469277,369680.851064,376.000000,-9640.505859,0.000000,0.000000,0.000000,0.000000,0.000000,1.000000,0,0.000000,-14154.855469,-2653.676758,1267731914,1267732666,-8948.232288,-44946.739444,-10599.411067,10050.960357
554,1764278625.605693102,37,0,C9:06:43:F9:43:3F,8E89BED6,-15498.309996,3654.316905,-15498.309070,329830.843928,260724.727581,0.928674,81.576699,2.500000,7591.467710,21.441340,369680.851064,376.000000,-9539.336914,0.000000,0.000000,0.000000,0.000000,0.000000,1.000000,0,0.000000,-14154.855469,-2761.767090,1267731915,1267732667,19631.576130,-14391.747953,-35906.488562,10851.030883
555,1764278627.315185308,37,0,C9:06:43:F9:43:3F,8E89BED6,-16932.559747,2350.636555,-16932.559557,331105.935080,256991.320401,1.048041,31.246404,2.500000,6732.687958,20.392359,369680.851064,376.000000,-10124.691406,0.000000,0.000000,0.000000,0.000000,0.000000,1.000000,0,0.000000,-17225.224609,-18402.144531,1271415335,1271416087,-6685.949284,-46686.626297,-19815.166304,2597.681373
556,1764278629.299405098,37,0,C9:06:43:F9:43:3F,8E89BED6,-16673.729819,3032.876658,-16673.729627,347620.295719,262834.654074,1.068276,20.093215,3.000000,6795.405032,21.147310,367021.276596,376.000000,-8586.222656,0.000000,0.000000,0.000000,0.000000,0.000000,1.000000,0,0.000000,-13834.317383,1326.163696,1275428285,1275429037,-4876.316376,-41828.841875,-16827.142249,398.685006
557,1764278631.298695326,37,0,C9:06:43:F9:43:3F,8E89BED6,-16146.077986,4554.343763,-16146.078098,347893.228750,257929.875241,0.924576,-74.334708,3.000000,7375.545471,21.587305,367021.276596,376.000000,-9010.068359,0.000000,0.000000,0.000000,0.000000,0.000000,1.000000,0,0.000000,-11813.035156,8114.826660,1279399660,1279400412,-2893.527568,-43174.834973,-21038.039764,7755.776968
560,1764278633.321390629,37,0,C9:06:43:F9:43:3F,8E89BED6,-15592.982094,4383.840900,-15592.981866,342974.906013,244267.016360,0.930723,-76.795368,3.000000,8238.834242,21.283847,367021.276596,376.000000,-8747.559570,0.000000,0.000000,0.000000,0.000000,0.000000,1.000000,0,0.000000,-36383.472656,-8207.133789,1283415065,1283415817,-7333.707009,-45184.114228,-12483.016045,9273.291923
561,1764278633.359151840,37,0,C9:06:43:F9:43:3F,8E89BED6,-15166.167516,4564.504833,-15166.168004,341380.467643,261000.183795,0.931148,-76.144691,3.000000,8098.483763,21.283401,367021.276596,376.000000,-8625.494141,0.000000,0.000000,0.000000,0.000000,0.000000,1.000000,0,0.000000,-33928.066406,-8265.898438,1283415066,1283415818,18826.799085,-10952.278543,-28305.897047,19611.309581
563,1764278635.444469213,37,0,C9:06:43:F9:43:3F,8E89BED6,-17069.480879,4078.686078,-17069.480442,344954.615197,243979.758734,1.086490,-13.849499,3.000000,6831.962153,21.531382,367021.276596,376.000000,-9963.049805,0.000000,0.000000,0.000000,0.000000,0.000000,1.000000,0,0.000000,-18510.435547,-6546.973633,1287425579,1287426331,-20896.589986,-51052.361289,-3096.520691,18621.125358
564,1764278635.490031719,37,0,C9:06:43:F9:43:3F,8E89BED6,-16789.789262,4267.054696,-16789.789262,343596.065216,262230.348387,1.088351,-13.530143,3.000000,6695.723382,21.562455,367021.276596,376.000000,-9996.771484,0.000000,0.000000,0.000000,0.000000,0.000000,1.000000,0,0.000000,-18356.873047,-6629.940918,1287425580,1287426332,8817.939997,-29471.146377,-27632.367061,9196.596778
567,1764278637.472501516,37,0,C9:06:43:F9:43:3F,8E89BED6,-15680.983985,2954.535218,-15680.983618,347239.547710,242886.553110,0.929287,81.579373,2.500000,8375.659299,20.668134,367021.276596,376.000000,-9124.000000,0.000000,0.000000,0.000000,0.000000,0.000000,1.000000,0,0.000000,-43690.277344,-9741.027344,1291089974,1291090726,-11353.338872,-48462.730223,-15178.387734,10895.297714
568,1764278637.527067661,37,0,C9:06:43:F9:43:3F,8E89BED6,-15249.249250,3162.899345,-15249.249437,346695.209906,275276.882161,0.928594,82.250216,2.500000,8235.465950,20.574374,367021.276596,376.000000,-9012.109375,0.000000,0.000000,0.000000,0.000000,0.000000,1.000000,0,0.000000,-32715.945312,-9834.687500,1291089975,1291090727,18746.782803,-16549.958412,-30425.137354,13887.566500
569,1764278639.375539541,37,0,C9:06:43:F9:43:3F,8E89BED6,-15325.502436,3846.340472,-15325.503563,351910.857007,264717.468444,1.061101,23.623569,3.000000,7989.016209,21.085909,367021.276596,376.000000,-8336.386719,0.000000,0.000000,0.000000,0.000000,0.000000,1.000000,0,0.000000,-18692.201172,9337.213867,1294825749,1294826501,-13809.256927,-48762.152116,-13069.372487,15989.572404
570,1764278639.419855595,37,0,C9:06:43:F9:43:3F,8E89BED6,-14909.974672,4037.419201,-14909.973213,351374.631838,268568.082623,1.059920,24.193889,3.000000,7845.891175,21.110191,367021.276596,376.000000,-8250.974609,0.000000,0.000000,0.000000,0.000000,0.000000,1.000000,0,0.000000,-18692.201172,9165.578125,1294825750,1294826502,14646.801925,-15775.166343,-25422.809787,13624.196476
571,1764278641.428266525,37,0,C9:06:43:F9:43:3F,8E89BED6,-16556.514554,3306.291773,-16556.514932,340567.633825,252075.995364,0.983722,53.394121,3.000000,6970.632511,21.018652,369680.851064,376.000000,-9422.064453,0.000000,0.000000,0.000000,0.000000,0.000000,1.000000,0,0.000000,-11432.640625,-4227.276855,1298829323,1298830075,-22254.212963,-53218.787473,-2598.698761,18822.620328
572,1764278641.471899748,37,0,C9:06:43:F9:43:3F,8E89BED6,-16288.009895,3478.555627,-16288.010100,340546.934528,259795.850000,0.981970,54.208320,3.000000,6828.907937,21.033425,369680.851064,376.000000,-9493.179688,0.000000,0.000000,0.000000,0.000000,0.000000,1.000000,0,0.000000,-11432.640625,-4383.110840,1298829324,1298830076,9247.664518,-34503.431791,-25596.531825,6515.508015
573,1764278643.428073883,37,0,C9:06:43:F9:43:3F,8E89BED6,-16968.081416,3845.442649,-16968.081490,339460.758861,256158.164882,1.044589,-25.597153,2.500000,7015.236029,21.343735,367021.276596,376.000000,-9345.236328,0.000000,0.000000,0.000000,0.000000,0.000000,1.000000,0,0.000000,-32692.099609,-5638.109375,1302834895,1302835647,-24029.331351,-48809.661290,-2418.018757,23174.187763
574,1764278643.461073875,37,0,C9:06:43:F9:43:3F,8E89BED6,-16787.580134,4020.205245,-16787.581261,339218.559824,258473.388907,1.046336,-25.201245,2.500000,6874.336119,21.317336,367021.276596,376.000000,-9417.063477,0.000000,0.000000,0.000000,0.000000,0.000000,1.000000,0,0.000000,-32692.099609,-5729.419434,1302834896,1302835648,4116.074476,-34702.067364,-23179.431870,1523.529195
575,1764278645.427555084,37,0,C9:06:43:F9:43:3F,8E89BED6,-16112.871815,3810.666189,-16112.871421,336546.359588,256670.050618,1.042821,-27.769444,2.500000,7275.328610,21.372328,369680.851064,376.000000,-8439.182617,0.000000,0.000000,0.000000,0.000000,0.000000,1.000000,0,0.000000,-47065.050781,-9983.321289,1306833966,1306834718,-6622.099566,-51264.020255,-13057.800025,13019.987039
576,1764278645.463540077,37,0,C9:06:43:F9:43:3F,8E89BED6,-15683.771549,4000.886682,-15683.771196,335345.019288,258201.825616,1.044603,-27.287417,2.500000,7137.203809,21.405071,369680.851064,376.000000,-8330.623047,0.000000,0.000000,0.000000,0.000000,0.000000,1.000000,0,0.000000,-44493.445312,-10008.120117,1306833967,1306834719,19942.303024,-16719.316292,-30705.061312,6942.427057
577,1764278647.416368961,37,0,C9:06:43:F9:43:3F,8E89BED6,-15929.779400,2124.512335,-15929.779015,320066.035016,246892.049296,1.041680,22.643423,3.000000,7520.242876,20.403441,367021.276596,376.000000,-8490.682617,0.000000,0.000000,0.000000,0.000000,0.000000,1.000000,0,0.000000,-38615.894531,-4933.089844,1310835141,1310835893,-16982.085475,-53253.969155,-11038.922739,12960.985924
578,1764278647.453913927,37,0,C9:06:43:F9:43:3F,8E89BED6,-15628.454822,2311.269267,-15628.455125,320011.502380,242800.966786,1.041806,23.201949,3.000000,7381.498504,20.424078,367021.276596,376.000000,-8495.754883,0.000000,0.000000,0.000000,0.000000,0.000000,1.000000,0,0.000000,-38615.894531,-5043.786621,1310835142,1310835894,15887.174265,-31035.409362,-25353.209724,5289.595239
579,1764278649.431448460,37,0,C9:06:43:F9:43:3F,8E89BED6,-15703.645524,4009.270656,-15703.645564,330251.210251,247466.302475,1.069395,-7.796989,2.500000,7959.524304,21.318824,369680.851064,376.000000,-8935.024414,0.000000,0.000000,0.000000,0.000000,0.000000,1.000000,0,0.000000,-60261.308594,-20002.339844,1314838422,1314839174,-6188.232302,-48889.669911,-15500.798379,9723.079721
580,1764278649.468803406,37,0,C9:06:43:F9:43:3F,8E89BED6,-15237.731782,4197.805455,-15237.732706,329572.349551,264662.041598,1.069869,-7.042088,2.500000,7822.494574,21.235127,369680.851064,376.000000,-8815.643555,0.000000,0.000000,0.000000,0.000000,0.000000,1.000000,0,0.000000,-60062.335938,-20013.029297,1314838423,1314839175,21832.965121,-15941.574066,-26024.362089,18029.487736
581,1764278651.497790098,37,0,C9:06:43:F9:43:3F,8E89BED6,-15167.846743,4508.500662,-15167.845549,319980.403301,238414.662799,1.046102,-27.521028,3.000000,8281.464289,21.249863,367021.276596,376.000000,-8424.173828,0.000000,0.000000,0.000000,0.000000,0.000000,1.000000,0,0.000000,-46836.382812,-7686.629883,1318847675,1318848427,-6893.146648,-48557.720932,-18335.762009,13020.514876
582,1764278651.541581869,37,0,C9:06:43:F9:43:3F,8E89BED6,-14673.776899,4710.375602,-14673.776597,318742.682395,241101.694172,1.047612,-26.839300,3.000000,8140.384643,21.192691,367021.276596,376.000000,-8295.395508,0.000000,0.000000,0.000000,0.000000,0.000000,1.000000,0,0.000000,-45467.164062,-7756.693359,1318847676,1318848428,21798.321266,-10783.264048,-22322.199113,11053.579173
583,1764278653.479246140,37,0,C9:06:43:F9:43:3F,8E89BED6,-16598.816703,3313.491892,-16598.816920,319280.177453,251398.990456,1.034507,24.483863,2.500000,6699.812968,20.929132,367021.276596,376.000000,-8882.238281,0.000000,0.000000,0.000000,0.000000,0.000000,1.000000,0,0.000000,-8824.239258,-6232.430664,1322851708,1322852460,6827.419785,-36543.880996,-22553.535280,3275.804846
584,1764278655.447669744,37,0,C9:06:43:F9:43:3F,8E89BED6,-15564.468776,4078.866278,-15564.469270,349610.609309,250192.500091,0.975362,-55.338849,3.000000,8054.311888,21.420206,369680.851064,376.000000,-8913.373047,0.000000,0.000000,0.000000,0.000000,0.000000,1.000000,0,0.000000,-3793.085693,7544.078125,1326858337,1326859089,-14324.189871,-52192.255602,-13037.291633,12373.439161
585,1764278655.486467123,37,0,C9:06:43:F9:43:3F,8E89BED6,-15179.508995,4274.856662,-15179.507983,349647.718523,269372.782240,0.976078,-54.832511,3.000000,7911.452563,21.387352,369680.851064,376.000000,-8835.707031,0.000000,0.000000,0.000000,0.000000,0.000000,1.000000,0,0.000000,-3793.085693,7347.599609,1326858338,1326859090,20943.437470,-22537.092851,-27980.977500,10259.540021
586,1764278657.486518383,37,0,C9:06:43:F9:43:3F,8E89BED6,-15958.583330,3185.431722,-15958.584069,325249.679084,234083.553356,0.931263,79.020354,3.000000,7315.902866,21.714250,369680.851064,376.000000,-9429.527344,0.000000,0.000000,0.000000,0.000000,0.000000,1.000000,0,0.000000,-118338.015625,-14851.587891,1330856334,1330857086,-16031.320394,-50497.043043,-15127.212871,18294.991477
587,1764278657.532303333,37,0,C9:06:43:F9:43:3F,8E89BED6,-15563.973557,3374.464224,-15563.974387,325322.427773,246712.474062,0.929964,79.602799,3.000000,7173.129574,21.685683,369680.851064,376.000000,-9425.751953,0.000000,0.000000,0.000000,0.000000,0.000000,1.000000,0,0.000000,-118338.015625,-14829.403320,1330856335,1330857087,14641.874848,-24248.920026,-28159.899580,11457.334653
588,1764278659.474301338,37,0,C9:06:43:F9:43:3F,8E89BED6,-16106.826856,3271.807848,-16106.827315,340479.560529,257724.817172,0.932898,-78.635301,3.000000,7346.595738,21.087875,369680.851064,376.000000,-9329.575195,0.000000,0.000000,0.000000,0.000000,0.000000,1.000000,0,0.000000,-87996.195312,-16971.210938,1334858243,1334858995,-11434.157415,-49962.027804,-9922.523103,4432.028834
589,1764278659.507292986,37,0,C9:06:43:F9:43:3F,8E89BED6,-15617.260263,3473.947222,-15617.260221,339042.574088,251661.315580,0.933442,-77.967020,3.000000,7209.493489,21.112342,369680.851064,376.000000,-9167.545898,0.000000,0.000000,0.000000,0.000000,0.000000,1.000000,0,0.000000,-87996.195312,-16935.015625,1334858244,1334858996,16472.942054,-18904.772012,-21868.038369,12541.292777
590,1764278661.444564581,37,0,C9:06:43:F9:43:3F,8E89BED6,-16800.316042,4107.808471,-16800.316637,345700.834056,258695.886535,1.059763,16.496994,2.500000,6940.415241,20.735659,369680.851064,376.000000,-8649.314453,0.000000,0.000000,0.000000,0.000000,0.000000,1.000000,0,0.000000,-8064.490234,6273.593750,1338863684,1338864436,-353.306061,-38718.210059,-27296.999886,6538.076876
591,1764278663.415428162,37,0,C9:06:43:F9:43:3F,8E89BED6,-16445.475773,4213.263704,-16445.475972,332030.242127,252262.716320,1.037549,32.882618,2.500000,7263.749092,21.594332,367021.276596,376.000000,-9796.419922,0.000000,0.000000,0.000000,0.000000,0.000000,1.000000,0,0.000000,-6447.230957,-1183.086914,1342820017,1342820769,-2805.837169,-43111.830519,-19398.937921,8338.146468
592,1764278665.516208649,37,0,C9:06:43:F9:43:3F,8E89BED6,-16624.148269,5058.873472,-16624.147752,343196.918698,256151.859990,1.136944,-3.735034,2.500000,6604.507182,21.996218,369680.851064,376.000000,-8969.315430,0.000000,0.000000,0.000000,0.000000,0.000000,1.000000,0,0.000000,-13899.029297,-10482.354492,1346824201,1346824953,11.095034,-43214.921105,-24394.979251,11693.547773
595,1764278667.524997711,37,0,C9:06:43:F9:43:3F,8E89BED6,-15334.938291,3467.075290,-15334.939117,332179.664291,233902.851155,1.067944,2.111830,3.000000,7959.356660,21.087040,364361.702128,376.000000,-8498.770508,0.000000,0.000000,0.000000,0.000000,0.000000,1.000000,0,0.000000,-65573.687500,-5073.355957,1350841600,1350842352,-9629.461708,-48956.949573,-16746.080421,8307.442745
596,1764278667.563071251,37,0,C9:06:43:F9:43:3F,8E89BED6,-14953.755584,3652.490298,-14953.754503,331950.585560,259222.729859,1.067637,2.886495,3.000000,7814.562477,21.066491,364361.702128,376.000000,-8366.385742,0.000000,0.000000,0.000000,0.000000,0.000000,1.000000,0,0.000000,-62139.027344,-5142.771973,1350841601,1350842353,21912.453913,-17577.196813,-26240.408326,11819.235921
597,1764278669.568265438,37,0,C9:06:43:F9:43:3F,8E89BED6,-16973.646173,3702.178788,-16973.645995,332540.695822,264331.831730,0.890853,81.062647,2.500000,6424.874250,21.827973,329787.234043,376.000000,-9225.485352,0.000000,0.000000,0.000000,0.000000,0.000000,1.000000,0,0.000000,-40711.496094,-3962.416992,1354854318,1354855070,-25149.335309,-51175.936130,-9356.425350,28459.049572
598,1764278669.600775957,37,0,C9:06:43:F9:43:3F,8E89BED6,-16810.029940,3883.250353,-16810.030390,332546.180040,258346.322888,0.889437,81.036064,2.500000,6279.719654,21.786846,332446.808511,376.000000,-9328.449219,0.000000,0.000000,0.000000,0.000000,0.000000,1.000000,0,0.000000,-40711.496094,-4056.385498,1354854319,1354855071,3872.627473,-32301.936052,-33095.406330,7717.878893
599,1764278671.731170654,37,0,C9:06:43:F9:43:3F,8E89BED6,-15382.111263,3584.707075,-15382.109764,354823.403126,258345.197965,0.935632,71.374532,2.500000,8494.684973,20.962878,367021.276596,376.000000,-9636.585938,0.000000,0.000000,0.000000,0.000000,0.000000,1.000000,0,0.000000,-54857.863281,-9693.375977,1358863992,1358864744,-10497.351908,-46897.760034,-18061.190378,17671.667785
600,1764278671.763166666,37,0,C9:06:43:F9:43:3F,8E89BED6,-14878.898008,3774.438235,-14878.896487,354348.443456,280456.159662,0.934471,71.996442,2.500000,8349.909600,20.980362,367021.276596,376.000000,-9528.437500,0.000000,0.000000,0.000000,0.000000,0.000000,1.000000,0,0.000000,-53947.890625,-9713.155273,1358863993,1358864745,21745.855035,-12654.835904,-28902.047856,19314.103495
601,1764278673.733748913,37,0,C9:06:43:F9:43:3F,8E89BED6,-15495.925216,3601.916291,-15495.926229,335324.296260,252096.174429,1.051678,-28.791968,3.000000,8311.756386,20.899001,367021.276596,376.000000,-8393.700195,0.000000,0.000000,0.000000,0.000000,0.000000,1.000000,0,0.000000,-8367.787109,2356.083740,1362875810,1362876562,-11468.445435,-51238.931774,-15762.992001,9484.185172
602,1764278673.766201258,37,0,C9:06:43:F9:43:3F,8E89BED6,-15038.760554,3795.388226,-15038.760774,335059.404640,276667.795807,1.053479,-28.395772,3.000000,8166.417468,20.840257,367021.276596,376.000000,-8332.318359,0.000000,0.000000,0.000000,0.000000,0.000000,1.000000,0,0.000000,-8367.787109,2231.559814,1362875811,1362876563,21357.284546,-14034.240732,-25377.596862,10188.922738
603,1764278675.744362831,37,0,C9:06:43:F9:43:3F,8E89BED6,-15624.582888,4221.142032,-15624.585640,335477.493112,231102.823869,0.974132,-52.313017,3.000000,7858.214196,21.640198,369680.851064,376.000000,-9752.425781,0.000000,0.000000,0.000000,0.000000,0.000000,1.000000,0,0.000000,-9107.498047,7580.960938,1366891835,1366892587,-9203.167112,-45176.258926,-12998.696056,12308.808047
604,1764278675.778476000,37,0,C9:06:43:F9:43:3F,8E89BED6,-15172.733555,4426.157769,-15172.733511,335547.348055,256612.841426,0.975249,-51.916781,3.000000,7718.838315,21.653147,369680.851064,376.000000,-9664.460938,0.000000,0.000000,0.000000,0.000000,0.000000,1.000000,0,0.000000,-9107.498047,7388.724121,1366891836,1366892588,23682.716834,-11240.275801,-28140.186377,14872.128976
605,1764278678.028548241,37,0,C9:06:43:F9:43:3F,8E89BED6,-15947.779638,3500.332904,-15947.780113,336186.472366,252938.644825,1.017772,29.464708,2.500000,7602.203522,20.810224,367021.276596,376.000000,-8788.279297,0.000000,0.000000,0.000000,0.000000,0.000000,1.000000,0,0.000000,-18550.757812,-16168.262695,1370596287,1370597039,-1605.727827,-46700.228328,-20904.196205,10012.550505
608,1764278680.022926092,37,0,C9:06:43:F9:43:3F,8E89BED6,-15909.454563,4661.150401,-15909.453783,331880.711799,245005.767357,0.989333,-48.359057,3.000000,7405.974137,21.234313,367021.276596,376.000000,-8360.674805,0.000000,0.000000,0.000000,0.000000,0.000000,1.000000,0,0.000000,-89668.593750,-14494.028320,1374607522,1374608274,-15520.848600,-48303.854415,-18141.474488,22232.223778
609,1764278680.066327572,37,0,C9:06:43:F9:43:3F,8E89BED6,-15456.739489,4867.408399,-15456.740282,330841.692769,266213.884142,0.990463,-47.961065,3.000000,7262.766158,21.104679,367021.276596,376.000000,-8318.895508,0.000000,0.000000,0.000000,0.000000,0.000000,1.000000,0,0.000000,-88082.593750,-14495.901367,1374607523,1374608275,18515.130813,-21954.314387,-28574.187440,16947.790008
610,1764278682.247672081,37,0,C9:06:43:F9:43:3F,8E89BED6,-15480.449783,3164.008640,-15480.449095,346556.812260,263890.739211,0.971524,58.353616,3.000000,7951.242597,21.061883,367021.276596,376.000000,-8929.157227,0.000000,0.000000,0.000000,0.000000,0.000000,1.000000,0,0.000000,-36193.925781,-3683.088379,1378613562,1378614314,-16153.496215,-49355.327973,-14247.400449,14264.461579
611,1764278682.309649944,37,0,C9:06:43:F9:43:3F,8E89BED6,-15106.638257,3355.395806,-15106.636999,346609.222551,267725.809087,0.969781,59.150088,3.000000,7810.888567,21.072498,367021.276596,376.000000,-8839.007812,0.000000,0.000000,0.000000,0.000000,0.000000,1.000000,0,0.000000,-36193.925781,-3756.404541,1378613563,1378614315,18726.053019,-21409.132863,-33085.683157,6530.237687
612,1764278684.115638733,37,0,C9:06:43:F9:43:3F,8E89BED6,-16649.068010,3346.634030,-16649.068460,344672.490451,261353.927139,1.043867,31.511164,2.500000,6891.081699,21.153790,369680.851064,376.000000,-9029.625000,0.000000,0.000000,0.000000,0.000000,0.000000,1.000000,0,0.000000,-22114.482422,-13731.688477,1382400010,1382400762,2002.555067,-42758.839265,-23768.675824,6887.521198
613,1764278686.054930449,37,0,C9:06:43:F9:43:3F,8E89BED6,-16478.910095,2892.944335,-16478.910305,345646.511659,267768.895489,0.953457,69.902445,2.500000,7289.010035,20.916357,367021.276596,376.000000,-9345.219727,0.000000,0.000000,0.000000,0.000000,0.000000,1.000000,0,0.000000,-14350.896484,136.159973,1386409841,1386410593,-21602.044784,-55221.072968,-7303.453667,22573.949428
614,1764278686.087057590,37,0,C9:06:43:F9:43:3F,8E89BED6,-16233.904556,3080.502379,-16233.904037,345615.959305,260190.422427,0.951955,70.699909,2.500000,7147.910450,20.916143,367021.276596,376.000000,-9368.998047,0.000000,0.000000,0.000000,0.000000,0.000000,1.000000,0,0.000000,-11387.932617,-28.701725,1386409842,1386410594,9199.482468,-37470.609609,-27697.861950,7444.039055
615,1764278687.995583534,37,0,C9:06:43:F9:43:3F,8E89BED6,-16436.898097,3350.481802,-16436.896641,334745.458270,249262.466999,1.086724,5.273686,2.500000,7230.283213,20.785567,369680.851064,376.000000,-9364.777344,0.000000,0.000000,0.000000,0.000000,0.000000,1.000000,0,0.000000,-7060.697266,-5505.811523,1390241188,1390241940,427.919919,-43270.302532,-20694.085187,3123.237586
616,1764278689.949325562,37,0,C9:06:43:F9:43:3F,8E89BED6,-15849.644701,4648.094692,-15849.645827,342231.492525,256061.187678,1.019205,-36.053790,3.000000,7668.471409,21.355568,367021.276596,376.000000,-9253.085938,0.000000,0.000000,0.000000,0.000000,0.000000,1.000000,0,0.000000,-29417.751953,-1078.292725,1394258196,1394258948,-11371.929967,-48552.888824,-4075.848030,12302.766333
617,1764278689.985805750,37,0,C9:06:43:F9:43:3F,8E89BED6,-15506.069998,4817.694802,-15506.070689,342052.647002,280132.889820,1.020971,-35.196160,3.000000,7528.043538,21.417953,367021.276596,376.000000,-9216.067383,0.000000,0.000000,0.000000,0.000000,0.000000,1.000000,0,0.000000,-29048.720703,-1232.968018,1394258197,1394258949,17863.579047,-23869.532263,-30393.217668,8596.211531
618,1764278692.051299810,37,0,C9:06:43:F9:43:3F,8E89BED6,-15566.294017,3167.243318,-15566.293233,348323.319166,263910.801993,1.018989,-35.274192,3.000000,8106.995667,21.310289,369680.851064,376.000000,-9278.541016,0.000000,0.000000,0.000000,0.000000,0.000000,1.000000,0,0.000000,-18134.523438,1614.016602,1398271459,1398272211,-10688.479874,-49082.330974,-15446.312760,12784.402499
619,1764278692.083256483,37,0,C9:06:43:F9:43:3F,8E89BED6,-15113.095477,3369.148074,-15113.094541,348215.685368,268623.986942,1.020803,-34.298940,3.000000,7970.273647,21.298278,369680.851064,376.000000,-9144.000977,0.000000,0.000000,0.000000,0.000000,0.000000,1.000000,0,0.000000,-18134.523438,1472.343506,1398271460,1398272212,19644.909874,-17898.135516,-20832.991146,13469.053943
620,1764278694.010193110,37,0,C9:06:43:F9:43:3F,8E89BED6,-16543.147636,3532.867169,-16543.146371,334905.836616,250254.537761,1.038235,29.222131,2.500000,7338.990280,21.231568,367021.276596,376.000000,-8673.692383,0.000000,0.000000,0.000000,0.000000,0.000000,1.000000,0,0.000000,-39717.515625,-12685.027344,1402179110,1402179862,-5793.681333,-44333.270671,-16637.848734,3225.232044
621,1764278694.042685270,37,0,C9:06:43:F9:43:3F,8E89BED6,-16034.423241,3742.033027,-16034.423087,333202.525312,260159.700399,1.036712,29.968665,2.500000,7196.033409,21.200052,367021.276596,376.000000,-8470.178711,0.000000,0.000000,0.000000,0.000000,0.000000,1.000000,0,0.000000,-39717.515625,-12776.751953,1402179111,1402179863,18994.187410,-12954.802454,-25768.665992,9979.301374
622,1764278695.970991611,37,0,C9:06:43:F9:43:3F,8E89BED6,-16533.257510,3424.880695,-16533.258250,338933.304706,253168.900600,1.063289,-26.598219,3.000000,7124.342654,21.072846,369680.851064,376.000000,-9878.820312,0.000000,0.000000,0.000000,0.000000,0.000000,1.000000,0,0.000000,-25871.277344,-19077.951172,1406180464,1406181216,-16275.340550,-52460.758980,-8389.348687,8807.050496
623,1764278696.012052774,37,0,C9:06:43:F9:43:3F,8E89BED6,-16235.068103,3606.743575,-16235.069119,338474.756985,268777.043204,1.064949,-26.367993,3.000000,6986.462223,21.114706,369680.851064,376.000000,-9857.975586,0.000000,0.000000,0.000000,0.000000,0.000000,1.000000,0,0.000000,-25871.277344,-19162.560547,1406180465,1406181217,14969.538751,-22997.929076,-32104.908041,1923.488820
624,1764278697.758111000,37,0,C9:06:43:F9:43:3F,8E89BED6,-16486.397348,4155.107928,-16486.397313,335789.322566,250308.682749,1.032713,34.048198,2.500000,7150.858406,21.610928,367021.276596,376.000000,-9763.531250,0.000000,0.000000,0.000000,0.000000,0.000000,1.000000,0,0.000000,-12248.056641,-2785.991699,1409952807,1409953559,-4598.120645,-46321.457723,-22183.903819,7042.061405
625,1764278699.730266571,37,0,C9:06:43:F9:43:3F,8E89BED6,-16414.000977,3261.770718,-16414.003791,339237.011827,251239.473804,1.084004,-2.739444,3.000000,7107.502869,21.425161,367021.276596,376.000000,-8862.371094,0.000000,0.000000,0.000000,0.000000,0.000000,1.000000,0,0.000000,-56999.175781,-20285.835938,1413968101,1413968853,-20014.870736,-52168.129669,-10437.848708,26611.519888
626,1764278699.762107372,37,0,C9:06:43:F9:43:3F,8E89BED6,-16125.092165,3459.693311,-16125.093072,338875.254322,270197.119862,1.085711,-2.465130,3.000000,6966.361062,21.301520,367021.276596,376.000000,-8926.333984,0.000000,0.000000,0.000000,0.000000,0.000000,1.000000,0,0.000000,-50841.207031,-20334.384766,1413968102,1413968854,14882.895838,-27429.961234,-34010.511371,1478.723536
629,1764278701.796470165,37,0,C9:06:43:F9:43:3F,8E89BED6,-15830.510140,4625.485675,-15830.510037,335994.857255,251530.107457,1.056894,0.875847,2.500000,7559.605205,21.722531,367021.276596,376.000000,-9399.958984,0.000000,0.000000,0.000000,0.000000,0.000000,1.000000,0,0.000000,-24394.166016,-8173.768555,1417985842,1417986594,-3547.622690,-42807.993278,-20259.554366,8324.241539
630,1764278703.758348465,37,0,C9:06:43:F9:43:3F,8E89BED6,-15970.625577,3951.989398,-15970.626672,355228.375942,276741.626612,0.987872,-50.484623,2.500000,7604.414085,21.671014,367021.276596,376.000000,-10204.942383,0.000000,0.000000,0.000000,0.000000,0.000000,1.000000,0,0.000000,-31757.361328,-7233.058105,1421764578,1421765330,-5434.222762,-44530.283481,-18258.085791,8510.183884
631,1764278705.716549397,37,0,C9:06:43:F9:43:3F,8E89BED6,-15673.761687,4041.203347,-15673.761972,351966.197609,276622.633182,0.965674,-67.207030,2.500000,7983.510814,21.149964,367021.276596,376.000000,-8697.489258,0.000000,0.000000,0.000000,0.000000,0.000000,1.000000,0,0.000000,-57276.894531,-7667.609863,1425777261,1425778013,-11174.237086,-51244.515243,-14646.072404,9907.333954
632,1764278705.760413647,37,0,C9:06:43:F9:43:3F,8E89BED6,-15254.400960,4225.733688,-15254.402308,350723.218350,289798.434968,0.966687,-66.157835,2.500000,7844.040840,21.155341,367021.276596,376.000000,-8682.477539,0.000000,0.000000,0.000000,0.000000,0.000000,1.000000,0,0.000000,-52476.792969,-7759.481445,1425777262,1425778014,18672.396295,-17242.357898,-30098.150669,8538.186805
633,1764278707.778743029,37,0,C9:06:43:F9:43:3F,8E89BED6,-16044.027074,3978.258877,-16044.027697,348102.811819,251546.380999,1.041878,10.230307,2.500000,7263.886652,20.830123,367021.276596,376.000000,-7630.719238,0.000000,0.000000,0.000000,0.000000,0.000000,1.000000,0,0.000000,-25107.365234,-13875.117188,1429593439,1429594191,4273.526455,-36853.439425,-21470.175497,4334.248436
634,1764278709.886993647,37,0,C9:06:43:F9:43:3F,8E89BED6,-16052.820291,3961.068612,-16052.820883,337538.102203,247180.434537,0.908681,74.739443,3.000000,7803.446326,20.815414,369680.851064,376.000000,-9015.549805,0.000000,0.000000,0.000000,0.000000,0.000000,1.000000,0,0.000000,-32269.074219,-2164.277588,1433600840,1433601592,-11322.643274,-51129.426977,-8006.765737,14175.933887
635,1764278709.932041407,37,0,C9:06:43:F9:43:3F,8E89BED6,-15629.270392,4143.531481,-15629.269169,336710.667924,270612.714221,0.907159,75.067040,3.000000,7664.456579,20.799645,369680.851064,376.000000,-8914.199219,0.000000,0.000000,0.000000,0.000000,0.000000,1.000000,0,0.000000,-32097.689453,-2276.009521,1433600841,1433601593,17888.418980,-20125.195925,-21570.436450,8601.599880
636,1764278712.004293442,37,0,C9:06:43:F9:43:3F,8E89BED6,-17148.590553,2948.878248,-17148.591152,351112.656890,268409.303769,0.916298,82.686056,2.500000,6524.547885,21.387252,367021.276596,376.000000,-10162.932617,0.000000,0.000000,0.000000,0.000000,0.000000,1.000000,0,0.000000,-24671.986328,-8412.172852,1437606014,1437606766,-19544.604045,-46833.604704,-8752.342893,9761.734448
637,1764278712.061713219,37,0,C9:06:43:F9:43:3F,8E89BED6,-16979.448339,3135.116755,-16979.447118,350612.837457,258881.675918,0.914721,82.780306,2.500000,6384.653811,21.376899,367021.276596,376.000000,-10256.453125,0.000000,0.000000,0.000000,0.000000,0.000000,1.000000,0,0.000000,-24489.857422,-8499.559570,1437606015,1437606767,6262.458704,-39304.528752,-26607.128124,4383.384770
638,1764278713.917727947,37,0,C9:06:43:F9:43:3F,8E89BED6,-16218.547732,4143.837102,-16218.547848,339718.996856,264006.418828,0.993605,-46.616191,2.500000,7217.538046,21.547298,367021.276596,376.000000,-9410.688477,0.000000,0.000000,0.000000,0.000000,0.000000,1.000000,0,0.000000,-14120.833984,-6331.951172,1441466472,1441467224,-306.425744,-38300.594227,-25871.907663,7600.195508
639,1764278715.957652569,37,0,C9:06:43:F9:43:3F,8E89BED6,-15610.911052,3832.143155,-15610.910820,325534.888966,240758.127994,1.074292,-6.783943,3.000000,8064.558572,20.923868,367021.276596,376.000000,-9588.937500,0.000000,0.000000,0.000000,0.000000,0.000000,1.000000,0,0.000000,-36532.648438,-2953.111816,1445468011,1445468763,-11825.082359,-45794.703810,-15312.052753,15551.540896
640,1764278716.017280340,37,0,C9:06:43:F9:43:3F,8E89BED6,-15169.971898,4022.893620,-15169.971848,325061.650783,267728.041326,1.074809,-6.067729,3.000000,7925.229766,20.908837,460106.382979,376.000000,-9428.253906,0.000000,0.000000,0.000000,0.000000,0.000000,1.000000,0,0.000000,-32805.457031,-3033.529297,1445468012,1445468764,21908.036535,-15641.772271,-30991.773209,-1553.406950
641,1764278718.083222628,37,0,C9:06:43:F9:43:3F,8E89BED6,-17344.636216,2854.473180,-17344.635991,332079.839212,253622.438279,1.039223,-29.072180,2.500000,6624.606338,20.957324,369680.851064,376.000000,-10359.280273,0.000000,0.000000,0.000000,0.000000,0.000000,1.000000,0,0.000000,-35954.542969,-5654.781250,1449472283,1449473035,-21792.230857,-49375.267314,-7801.300383,12852.352890
642,1764278718.133148432,37,0,C9:06:43:F9:43:3F,8E89BED6,-17220.234164,3018.202971,-17220.233095,330811.503152,250412.816471,1.040489,-28.906841,2.500000,6484.975890,20.929781,369680.851064,376.000000,-10441.783203,0.000000,0.000000,0.000000,0.000000,0.000000,1.000000,0,0.000000,-35954.542969,-5761.551270,1449472284,1449473036,4779.273865,-39966.828319,-25960.069208,4734.993413
643,1764278720.196281433,37,0,C9:06:43:F9:43:3F,8E89BED6,-15276.698518,3572.165420,-15276.698097,350458.578179,262997.436758,1.046076,-20.359903,3.000000,8417.074364,21.114867,367021.276596,376.000000,-8802.004883,0.000000,0.000000,0.000000,0.000000,0.000000,1.000000,0,0.000000,-31313.037109,-666.464172,1453480357,1453481109,-10858.772909,-50598.301739,-11490.238561,11208.062854
644,1764278720.255253553,37,0,C9:06:43:F9:43:3F,8E89BED6,-14805.858103,3779.152410,-14805.856384,350461.814641,275789.474091,1.047093,-19.423702,3.000000,8271.310629,21.062005,367021.276596,376.000000,-8653.929688,0.000000,0.000000,0.000000,0.000000,0.000000,1.000000,0,0.000000,-28736.791016,-741.730713,1453480358,1453481110,19180.087608,-17610.947306,-29577.472542,15126.747485
645,1764278722.320068121,37,0,C9:06:43:F9:43:3F,8E89BED6,-15781.652086,3968.747511,-15781.651997,343572.627367,248498.077092,1.073382,-11.241644,2.500000,7669.302518,21.144726,369680.851064,376.000000,-8362.455078,0.000000,0.000000,0.000000,0.000000,0.000000,1.000000,0,0.000000,-26338.455078,-16045.112305,1457484393,1457485145,-5774.275509,-39765.563153,-16893.875048,6393.398400
646,1764278724.314500570,37,0,C9:06:43:F9:43:3F,8E89BED6,-15939.928614,3989.618271,-15939.928861,332397.711854,233036.294241,1.071438,-4.417055,3.000000,7321.859843,21.495854,367021.276596,376.000000,-8581.795898,0.000000,0.000000,0.000000,0.000000,0.000000,1.000000,0,0.000000,-7098.320312,-3375.952148,1461486580,1461487332,-17216.334863,-52169.712360,-2974.210303,25417.050786
647,1764278724.347105503,37,0,C9:06:43:F9:43:3F,8E89BED6,-15688.945105,4182.086535,-15688.945377,331914.938963,249326.631098,1.072871,-3.839402,3.000000,7177.410623,21.326641,367021.276596,376.000000,-8584.144531,0.000000,0.000000,0.000000,0.000000,0.000000,1.000000,0,0.000000,-6738.638672,-3465.714844,1461486581,1461487333,13291.760026,-26042.073960,-24286.824343,3303.732043
648,1764278726.517241001,37,0,C9:06:43:F9:43:3F,8E89BED6,-16276.318570,3924.316730,-16276.318149,331900.013886,242797.833494,1.053385,-12.558375,2.500000,7231.262262,21.341039,367021.276596,376.000000,-9612.221680,0.000000,0.000000,0.000000,0.000000,0.000000,1.000000,0,0.000000,-12621.772461,-14155.732422,1465498772,1465499524,-688.018828,-45072.046308,-22016.918702,6946.605611
649,1764278728.334427118,37,0,C9:06:43:F9:43:3F,8E89BED6,-15838.574680,3861.984715,-15838.575345,353781.565767,270183.974599,1.006940,-41.265327,2.500000,8192.647037,21.050258,367021.276596,376.000000,-9671.362305,0.000000,0.000000,0.000000,0.000000,0.000000,1.000000,0,0.000000,-59756.996094,-13235.927734,1469339797,1469340549,-6139.854989,-45922.446117,-17764.036536,11898.192446
650,1764278728.371552706,37,0,C9:06:43:F9:43:3F,8E89BED6,-15412.573701,4073.947326,-15412.573731,353276.659555,278304.712701,1.008652,-40.297274,2.500000,8054.868703,21.032084,367021.276596,376.000000,-9539.714844,0.000000,0.000000,0.000000,0.000000,0.000000,1.000000,0,0.000000,-56630.945312,-13290.711914,1469339798,1469340550,20902.566384,-14386.108658,-22630.197775,12146.775209
651,1764278730.519801378,37,0,C9:06:43:F9:43:3F,8E89BED6,-16179.375740,4102.834390,-16179.375560,335345.784157,253093.229673,0.919083,72.826763,2.500000,7321.515801,20.871655,369680.851064,376.000000,-8522.316406,0.000000,0.000000,0.000000,0.000000,0.000000,1.000000,0,0.000000,-11503.207031,-20060.357422,1473349978,1473350730,-2197.559506,-42691.260230,-21990.760630,4958.218749
652,1764278732.576361656,37,0,C9:06:43:F9:43:3F,8E89BED6,-16137.116347,3501.326341,-16137.116360,349469.419841,270401.393456,1.036038,33.018458,2.500000,7889.786463,21.584946,369680.851064,376.000000,-8604.333008,0.000000,0.000000,0.000000,0.000000,0.000000,1.000000,0,0.000000,-36429.632812,-13912.166992,1477351103,1477351855,-4453.670830,-52013.293517,-17722.729841,5530.352237
653,1764278732.608434439,37,0,C9:06:43:F9:43:3F,8E89BED6,-15647.546725,3704.043295,-15647.548811,349521.472646,273804.015517,1.034673,33.568406,2.500000,7748.412807,21.556441,369680.851064,376.000000,-8455.279297,0.000000,0.000000,0.000000,0.000000,0.000000,1.000000,0,0.000000,-36429.632812,-14026.297852,1477351104,1477351856,23195.827533,-9257.396745,-29206.278338,7914.409441
654,1764278734.541427851,37,0,C9:06:43:F9:43:3F,8E89BED6,-15985.469172,4819.620603,-15985.469503,333742.345571,264296.669351,0.956671,-61.663822,3.000000,7482.764951,21.007866,369680.851064,376.000000,-8751.156250,0.000000,0.000000,0.000000,0.000000,0.000000,1.000000,0,0.000000,-79251.265625,-9209.955078,1481357446,1481358198,-13538.904667,-53301.303857,-4998.802284,13156.180119
655,1764278734.575338125,37,0,C9:06:43:F9:43:3F,8E89BED6,-15599.177907,4997.417065,-15599.178858,332712.251102,256782.164485,0.957457,-61.124032,3.000000,7345.008676,20.986607,369680.851064,376.000000,-8695.043945,0.000000,0.000000,0.000000,0.000000,0.000000,1.000000,0,0.000000,-59860.988281,-9295.826172,1481357447,1481358199,13777.745731,-26404.032224,-24249.078938,16183.978787
656,1764278736.519160748,37,0,C9:06:43:F9:43:3F,8E89BED6,-16084.846689,3551.287003,-16084.847342,345152.346442,262599.998813,1.110745,-10.943530,3.000000,7718.579102,21.593878,367021.276596,376.000000,-8441.299805,0.000000,0.000000,0.000000,0.000000,0.000000,1.000000,0,0.000000,-65609.187500,-18848.671875,1485355830,1485356582,-12428.607385,-47612.158091,-14107.513952,9417.010120
657,1764278736.576292038,37,0,C9:06:43:F9:43:3F,8E89BED6,-15612.820092,3761.306625,-15612.820348,344750.111272,261300.319369,1.112602,-10.657545,3.000000,7578.783167,21.579568,369680.851064,376.000000,-8371.801758,0.000000,0.000000,0.000000,0.000000,0.000000,1.000000,0,0.000000,-64389.906250,-18850.751953,1485355831,1485356583,19744.571463,-14008.572609,-32209.670681,9516.169786
658,1764278738.649459600,37,0,C9:06:43:F9:43:3F,8E89BED6,-15420.356864,3672.117660,-15420.359114,344259.564037,251324.107805,1.086608,-5.653617,2.500000,8107.614773,20.846889,367021.276596,376.000000,-8308.252930,0.000000,0.000000,0.000000,0.000000,0.000000,1.000000,0,0.000000,-49006.132812,-13160.754883,1489355596,1489356348,-7698.316263,-47534.296720,-19966.768160,16375.196043
659,1764278738.694396019,37,0,C9:06:43:F9:43:3F,8E89BED6,-14915.430123,3877.111721,-14915.432370,343812.847755,261790.515530,1.087758,-5.066679,2.500000,7964.871999,20.744717,367021.276596,376.000000,-8158.375977,0.000000,0.000000,0.000000,0.000000,0.000000,1.000000,0,0.000000,-47054.910156,-13216.527344,1489355597,1489356349,22933.083590,-10872.619114,-26646.520926,13997.551832
661,1764278740.672845125,37,0,C9:06:43:F9:43:3F,8E89BED6,-16460.057331,3138.498435,-16460.057472,350112.033138,250265.366089,0.960690,59.810797,3.000000,7165.268831,20.585968,367021.276596,376.000000,-8959.956055,0.000000,0.000000,0.000000,0.000000,0.000000,1.000000,0,0.000000,-15896.180664,-1151.041748,1493358908,1493359660,-16383.598320,-52720.823747,-12789.697848,12674.833320
662,1764278740.718385696,37,0,C9:06:43:F9:43:3F,8E89BED6,-16123.741057,3339.961972,-16123.741270,349991.704046,280506.103005,0.959030,60.328960,3.000000,7025.403016,20.546238,367021.276596,376.000000,-8945.200195,0.000000,0.000000,0.000000,0.000000,0.000000,1.000000,0,0.000000,-15896.180664,-1278.364624,1493358909,1493359661,12016.439967,-28602.507992,-28759.833124,5831.883700
663,1764278742.803107262,37,0,C9:06:43:F9:43:3F,8E89BED6,-16206.799397,5168.426836,-16206.798774,347912.140804,260482.887214,0.960763,57.240124,3.000000,7076.803226,21.880331,367021.276596,376.000000,-8107.463867,0.000000,0.000000,0.000000,0.000000,0.000000,1.000000,0,0.000000,-107088.695312,-19074.199219,1497367665,1497368417,-22528.875910,-47515.768247,1732.462707,26812.747846
664,1764278742.841019869,37,0,C9:06:43:F9:43:3F,8E89BED6,-15941.355395,5353.989234,-15941.356226,347800.022781,262160.969748,0.959437,57.486357,3.000000,6936.033311,21.831940,367021.276596,376.000000,-8115.910156,0.000000,0.000000,0.000000,0.000000,0.000000,1.000000,0,0.000000,-98222.437500,-19117.140625,1497367666,1497368418,11592.358627,-23778.389441,-27920.853437,8217.782793
665,1764278744.766064882,37,0,C9:06:43:F9:43:3F,8E89BED6,-16009.503538,3602.645131,-16009.503764,345240.564198,247005.515368,0.931721,75.768373,3.000000,7471.283876,21.078840,369680.851064,376.000000,-8674.052734,0.000000,0.000000,0.000000,0.000000,0.000000,1.000000,0,0.000000,-46667.781250,-942.868652,1501170123,1501170875,-13465.407366,-52991.742462,-10729.741086,18616.271001
666,1764278744.801481724,37,0,C9:06:43:F9:43:3F,8E89BED6,-15618.594971,3793.954918,-15618.595752,344675.228949,266058.774198,0.930083,76.120429,3.000000,7330.130682,21.077718,369680.851064,376.000000,-8619.278320,0.000000,0.000000,0.000000,0.000000,0.000000,1.000000,0,0.000000,-46588.781250,-1063.142212,1501170124,1501170876,19271.873174,-27783.479057,-31978.534699,11281.049320
667,1764278746.788904428,37,0,C9:06:43:F9:43:3F,8E89BED6,-16585.466379,3325.106277,-16585.466179,337585.702213,257340.109135,1.027140,35.173448,2.500000,7492.494051,21.491276,367021.276596,376.000000,-9439.875000,0.000000,0.000000,0.000000,0.000000,0.000000,1.000000,0,0.000000,-16176.273438,-3959.313965,1505179724,1505180476,-2767.194734,-42640.652836,-25848.172427,4728.038288
668,1764278748.877545357,37,0,C9:06:43:F9:43:3F,8E89BED6,-16622.243867,4047.013052,-16622.244029,339443.658612,253750.140684,1.029151,36.092890,2.500000,6881.743544,21.151429,367021.276596,376.000000,-9129.923828,0.000000,0.000000,0.000000,0.000000,0.000000,1.000000,0,0.000000,-16192.810547,-1467.435669,1509186141,1509186893,-2102.427104,-44426.865620,-24287.697570,10623.983215
669,1764278750.898165464,37,0,C9:06:43:F9:43:3F,8E89BED6,-16378.646509,3782.829091,-16378.647051,354784.627576,272156.484044,1.042840,-26.314926,2.500000,7037.603114,21.598518,369680.851064,376.000000,-9385.298828,0.000000,0.000000,0.000000,0.000000,0.000000,1.000000,0,0.000000,-17444.646484,-23724.103516,1513198616,1513199368,2339.667359,-36622.249290,-28717.410984,15825.539882
670,1764278752.893817663,37,0,C9:06:43:F9:43:3F,8E89BED6,-16974.981063,3999.258427,-16974.982053,345464.541978,248715.621587,1.065552,-16.141994,2.500000,6627.509451,21.398512,369680.851064,376.000000,-9189.219727,0.000000,0.000000,0.000000,0.000000,0.000000,1.000000,0,0.000000,-29189.210938,-12829.054688,1517204412,1517205164,699.678986,-42161.789986,-29960.116402,1186.404527
671,1764278755.082017183,37,0,C9:06:43:F9:43:3F,8E89BED6,-15540.235548,4735.168966,-15540.234532,332761.731340,238826.854027,0.974653,-63.759487,2.500000,8227.610456,21.095433,367021.276596,376.000000,-7599.841797,0.000000,0.000000,0.000000,0.000000,0.000000,1.000000,0,0.000000,-24137.394531,-2161.928223,1521200980,1521201732,-7542.985545,-46419.750330,-17298.503160,12295.125479
672,1764278755.114082098,37,0,C9:06:43:F9:43:3F,8E89BED6,-15104.376687,4938.913659,-15104.376072,332838.541641,238886.832176,0.975977,-62.514394,2.500000,8085.522004,20.992714,460106.382979,376.000000,-7465.209961,0.000000,0.000000,0.000000,0.000000,0.000000,1.000000,0,0.000000,-24137.394531,-2263.353027,1521200981,1521201733,24384.562326,-13573.055371,-26095.504159,7041.436499
673,1764278757.125218153,37,0,C9:06:43:F9:43:3F,8E89BED6,-15574.560950,3937.469997,-15574.561108,345810.066057,257083.238947,0.992521,47.360175,3.000000,7701.651000,21.484590,367021.276596,376.000000,-8176.590332,0.000000,0.000000,0.000000,0.000000,0.000000,1.000000,0,0.000000,-4059.088623,2131.495850,1525208076,1525208828,-8898.556505,-51815.416705,-2785.767985,13140.563979
674,1764278757.163691521,37,0,C9:06:43:F9:43:3F,8E89BED6,-15166.464696,4125.849664,-15166.464163,344775.511675,276301.163553,0.990832,47.872269,3.000000,7563.529413,21.458374,367021.276596,376.000000,-8120.006348,0.000000,0.000000,0.000000,0.000000,0.000000,1.000000,0,0.000000,-3239.430908,1957.984253,1525208077,1525208829,19154.116823,-20911.578331,-24141.505433,7740.875483
675,1764278759.103667498,37,0,C9:06:43:F9:43:3F,8E89BED6,-16640.878439,3175.138959,-16640.878131,340364.831847,257740.086905,0.997276,-45.940117,3.000000,7441.646066,21.702541,367021.276596,376.000000,-9940.471680,0.000000,0.000000,0.000000,0.000000,0.000000,1.000000,0,0.000000,-50215.843750,-22708.570312,1529141615,1529142367,-19828.476681,-47783.428660,-8272.075420,14694.697261
676,1764278759.154009342,37,0,C9:06:43:F9:43:3F,8E89BED6,-16387.517995,3365.166645,-16387.517604,339651.879028,263259.331643,0.998389,-45.546277,3.000000,7302.138775,21.685442,367021.276596,376.000000,-10007.835938,0.000000,0.000000,0.000000,0.000000,0.000000,1.000000,0,0.000000,-50215.843750,-22762.992188,1529141616,1529142368,8331.357332,-28811.186830,-28486.209502,1507.407797
677,1764278761.152100325,37,0,C9:06:43:F9:43:3F,8E89BED6,-15854.205633,3327.360385,-15854.204566,337769.744560,257202.871984,0.963194,-56.584314,3.000000,7678.396975,21.480745,369680.851064,376.000000,-9367.625977,0.000000,0.000000,0.000000,0.000000,0.000000,1.000000,0,0.000000,-102897.234375,-28951.224609,1533145745,1533146497,-9414.200872,-48242.433041,-5926.814083,8258.333980
678,1764278761.194376469,37,0,C9:06:43:F9:43:3F,8E89BED6,-15398.071617,3501.179372,-15398.070897,337359.838348,268007.102302,0.964655,-56.040695,3.000000,7538.349079,21.501873,369680.851064,376.000000,-9236.763672,0.000000,0.000000,0.000000,0.000000,0.000000,1.000000,0,0.000000,-102897.234375,-28924.123047,1533145746,1533146498,18239.082413,-19242.364223,-28622.522104,8651.554490
679,1764278763.346192122,37,0,C9:06:43:F9:43:3F,8E89BED6,-16539.155130,3915.950089,-16539.156052,340503.329446,253049.814629,1.050485,-25.896906,3.000000,7391.106775,20.823236,367021.276596,376.000000,-9742.529297,0.000000,0.000000,0.000000,0.000000,0.000000,1.000000,0,0.000000,-26219.900391,-6217.327637,1537155267,1537156019,-16270.185684,-45559.015635,-5292.021830,14207.743042
680,1764278763.382976532,37,0,C9:06:43:F9:43:3F,8E89BED6,-16201.173203,4108.651322,-16201.173664,340169.260003,263620.849418,1.052286,-25.278074,3.000000,7249.675750,20.906288,367021.276596,376.000000,-9715.352539,0.000000,0.000000,0.000000,0.000000,0.000000,1.000000,0,0.000000,-26219.900391,-6293.363281,1537155268,1537156020,12246.476602,-31603.529815,-27369.018118,5429.042422
681,1764278765.123613358,37,0,C9:06:43:F9:43:3F,8E89BED6,-16078.393696,4628.842235,-16078.395239,337447.172931,273395.656286,1.036733,-21.112298,2.500000,6928.192897,21.289516,367021.276596,376.000000,-8025.030273,0.000000,0.000000,0.000000,0.000000,0.000000,1.000000,0,0.000000,-50353.027344,-7745.278809,1540990421,1540991173,8157.557561,-36911.087725,-27009.248424,11550.741546
682,1764278767.110103846,37,0,C9:06:43:F9:43:3F,8E89BED6,-17160.344667,3469.213828,-17160.345450,344995.927277,276938.270320,0.967006,-56.019851,2.500000,6671.603294,21.169513,369680.851064,376.000000,-10082.566406,0.000000,0.000000,0.000000,0.000000,0.000000,1.000000,0,0.000000,-26180.787109,-6871.288574,1544990514,1544991266,-25369.925736,-48142.607462,-7481.860693,11352.495145
683,1764278767.142152309,37,0,C9:06:43:F9:43:3F,8E89BED6,-17019.666186,3652.923751,-17019.666970,344986.655825,261600.386778,0.966651,-55.932829,2.500000,6534.373191,21.119343,369680.851064,376.000000,-10183.957031,0.000000,0.000000,0.000000,0.000000,0.000000,1.000000,0,0.000000,-26180.787109,-6977.992188,1544990515,1544991267,2534.345547,-37742.251678,-26403.396397,5330.954234
684,1764278769.116304159,37,0,C9:06:43:F9:43:3F,8E89BED6,-16054.502629,4045.621371,-16054.501487,335553.544993,247976.720885,0.982053,-51.368515,2.500000,7410.722267,21.583724,369680.851064,376.000000,-9966.436523,0.000000,0.000000,0.000000,0.000000,0.000000,1.000000,0,0.000000,-9019.568359,3595.623291,1548739711,1548740463,-374.810766,-39629.874461,-21098.090712,5837.995756
685,1764278771.111109018,37,0,C9:06:43:F9:43:3F,8E89BED6,-16775.208723,3252.996842,-16775.208569,340993.070989,267461.598341,0.973655,55.658239,2.500000,6851.170788,21.128334,369680.851064,376.000000,-9876.666016,0.000000,0.000000,0.000000,0.000000,0.000000,1.000000,0,0.000000,-11785.125000,-557.578735,1552745026,1552745778,0.321114,-45766.001491,-27928.135719,6562.650900
686,1764278773.104813099,37,0,C9:06:43:F9:43:3F,8E89BED6,-15372.991720,3366.935512,-15372.991956,344970.937258,258059.095955,0.988203,52.480996,2.500000,8511.529277,21.238177,367021.276596,376.000000,-9060.050781,0.000000,0.000000,0.000000,0.000000,0.000000,1.000000,0,0.000000,-11617.535156,2250.959473,1556759294,1556760046,-12064.829640,-50095.695773,-20362.592529,13554.481051
687,1764278773.141100407,37,0,C9:06:43:F9:43:3F,8E89BED6,-14918.564938,3561.070458,-14918.564821,344978.762466,277300.714628,0.986373,53.666076,2.500000,8367.194837,21.221111,367021.276596,376.000000,-8971.608398,0.000000,0.000000,0.000000,0.000000,0.000000,1.000000,0,0.000000,-10578.009766,2064.487061,1556759295,1556760047,18158.432970,-20213.189577,-27881.687089,4686.454130
688,1764278775.115936756,37,0,C9:06:43:F9:43:3F,8E89BED6,-16137.284946,3010.527063,-16137.285115,339640.550074,256878.223932,0.939858,62.757409,2.500000,7498.154069,21.049334,369680.851064,376.000000,-10361.905273,0.000000,0.000000,0.000000,0.000000,0.000000,1.000000,0,0.000000,-15122.499023,-2255.197754,1560571717,1560572469,-5803.658505,-44463.592376,-15224.277767,6134.418534
689,1764278777.130227089,37,0,C9:06:43:F9:43:3F,8E89BED6,-16133.149287,3293.226411,-16133.148514,350136.348927,271885.558727,0.903712,-81.222986,3.000000,7486.388083,21.253503,367021.276596,376.000000,-10018.020508,0.000000,0.000000,0.000000,0.000000,0.000000,1.000000,0,0.000000,-89827.843750,-19477.511719,1564575379,1564576131,-13695.179612,-51857.481428,-3056.699971,10575.962535
690,1764278777.162724495,37,0,C9:06:43:F9:43:3F,8E89BED6,-15707.634383,3487.084653,-15707.633979,348599.402658,264833.589748,0.903045,-80.866871,3.000000,7346.347074,21.148688,369680.851064,376.000000,-9910.074219,0.000000,0.000000,0.000000,0.000000,0.000000,1.000000,0,0.000000,-83427.351562,-19483.275391,1564575380,1564576132,16217.882814,-24758.893269,-24074.442948,3766.857822
691,1764278779.170199394,37,0,C9:06:43:F9:43:3F,8E89BED6,-16246.522472,3734.363201,-16246.522317,339175.601492,252824.210853,0.905162,-88.624416,2.500000,7377.187983,21.555174,367021.276596,376.000000,-7368.456543,0.000000,0.000000,0.000000,0.000000,0.000000,1.000000,0,0.000000,12916.039062,15273.508789,1568537236,1568537988,-20423.461469,-46173.692723,-5607.483239,28381.093277
692,1764278779.219111204,37,0,C9:06:43:F9:43:3F,8E89BED6,-16032.229616,3921.417917,-16032.230250,339183.955432,279038.180874,0.903685,-88.497831,2.500000,7230.245728,21.554330,367021.276596,376.000000,-7451.225586,0.000000,0.000000,0.000000,0.000000,0.000000,1.000000,0,0.000000,22465.179688,15066.376953,1568537237,1568537989,8159.146716,-29772.107450,-26682.064922,10406.607178
693,1764278781.262527227,37,0,C9:06:43:F9:43:3F,8E89BED6,-16526.250640,3536.974856,-16526.251696,321824.750377,247785.480244,0.955434,63.397982,2.500000,7183.746348,20.843117,369680.851064,376.000000,-9812.033203,0.000000,0.000000,0.000000,0.000000,0.000000,1.000000,0,0.000000,-19601.156250,-7317.486328,1572538963,1572539715,-4493.039739,-43361.226673,-23083.433469,-1406.355622
694,1764278783.350298166,37,0,C9:06:43:F9:43:3F,8E89BED6,-16451.397568,3822.564384,-16451.398253,344610.778533,252425.328154,1.063947,26.450267,3.000000,7163.903452,21.726593,369680.851064,376.000000,-9355.375977,0.000000,0.000000,0.000000,0.000000,0.000000,1.000000,0,0.000000,-33809.007812,-6874.451172,1576543712,1576544464,-20630.333670,-50693.033506,-11044.241391,31336.510002
695,1764278783.401011229,37,0,C9:06:43:F9:43:3F,8E89BED6,-16209.088078,4004.768584,-16209.089312,344608.881815,274892.210906,1.064352,26.638226,3.000000,7017.041136,21.723281,369680.851064,376.000000,-9451.688477,0.000000,0.000000,0.000000,0.000000,0.000000,1.000000,0,0.000000,-33809.007812,-6893.942383,1576543713,1576544465,10088.038713,-35263.250363,-29309.535887,6504.594112
696,1764278785.189231873,37,0,C9:06:43:F9:43:3F,8E89BED6,-16243.057771,3157.904400,-16243.057920,338922.360821,259442.738311,0.969382,-56.991496,2.500000,7676.844397,21.077544,369680.851064,376.000000,-9410.257812,0.000000,0.000000,0.000000,0.000000,0.000000,1.000000,0,0.000000,-3325.545898,2164.696533,1580393742,1580394494,-8556.415611,-50148.718660,-15273.384415,5040.859789
697,1764278785.226989746,37,0,C9:06:43:F9:43:3F,8E89BED6,-15723.333839,3361.876243,-15723.332798,337741.129460,254378.588657,0.970470,-56.393172,2.500000,7538.666874,21.065257,369680.851064,376.000000,-9272.021484,0.000000,0.000000,0.000000,0.000000,0.000000,1.000000,0,0.000000,-2108.600586,2018.426758,1580393743,1580394495,20656.909015,-17720.209053,-26488.821478,2638.946023
698,1764278787.351645947,37,0,C9:06:43:F9:43:3F,8E89BED6,-16652.902471,4349.887077,-16652.900441,350001.162878,277396.887419,1.034295,33.703409,2.500000,6637.677014,21.836260,367021.276596,376.000000,-8786.784180,0.000000,0.000000,0.000000,0.000000,0.000000,1.000000,0,0.000000,-20647.871094,2260.434570,1584396170,1584396922,6908.746519,-31769.052925,-22567.057081,3865.763611
699,1764278789.507570505,37,0,C9:06:43:F9:43:3F,8E89BED6,-16150.704743,4317.421777,-16150.704152,327681.431658,250149.089623,1.016758,37.710725,3.000000,7450.354358,21.781773,367021.276596,376.000000,-8642.513672,0.000000,0.000000,0.000000,0.000000,0.000000,1.000000,0,0.000000,-17218.345703,-14223.372070,1588242263,1588243015,-317.570489,-43761.663413,-22730.776781,8746.169932
700,1764278791.510372639,37,0,C9:06:43:F9:43:3F,8E89BED6,-15473.750201,4654.753000,-15473.750091,343769.921106,261385.340370,1.064227,-29.507478,3.000000,7568.378403,21.943302,367021.276596,376.000000,-7129.904785,0.000000,0.000000,0.000000,0.000000,0.000000,1.000000,0,0.000000,-58549.835938,612.916077,1592242924,1592243676,-13705.811543,-46248.512824,-11621.696616,17462.587513
701,1764278791.558384418,37,0,C9:06:43:F9:43:3F,8E89BED6,-15066.355242,4854.463526,-15066.354720,343509.962408,278022.575523,1.066143,-29.172116,3.000000,7426.705710,21.908900,367021.276596,376.000000,-7017.752930,0.000000,0.000000,0.000000,0.000000,0.000000,1.000000,0,0.000000,-55644.175781,604.490906,1592242925,1592243677,21641.050322,-17228.820601,-24067.252004,12524.254339
702,1764278793.527318239,37,0,C9:06:43:F9:43:3F,8E89BED6,-16733.084392,3251.713472,-16733.084009,344755.284731,260138.112755,1.053779,-23.418156,2.500000,6722.566523,21.263082,367021.276596,376.000000,-8521.123047,0.000000,0.000000,0.000000,0.000000,0.000000,1.000000,0,0.000000,1420.263306,11971.859375,1596244247,1596244999,-22337.519761,-53956.459184,-6673.047283,14021.319062
703,1764278793.560863972,37,0,C9:06:43:F9:43:3F,8E89BED6,-16579.563036,3428.992913,-16579.563817,344734.974547,271166.416047,1.055662,-22.954647,2.500000,6582.304388,21.235666,367021.276596,376.000000,-8589.544922,0.000000,0.000000,0.000000,0.000000,0.000000,1.000000,0,0.000000,1420.263306,11731.066406,1596244248,1596245000,6453.364642,-30287.182668,-28199.951518,-891.333921
704,1764278795.575953960,37,0,C9:06:43:F9:43:3F,8E89BED6,-16037.455917,3724.772780,-16037.456143,335563.790836,248888.283470,1.027123,36.321069,3.000000,7706.913449,21.412381,369680.851064,376.000000,-9391.189453,0.000000,0.000000,0.000000,0.000000,0.000000,1.000000,0,0.000000,-49883.289062,-18690.826172,1600244533,1600245285,-7265.930060,-45479.234737,-25017.889466,8185.049482
705,1764278795.610033751,37,0,C9:06:43:F9:43:3F,8E89BED6,-15572.782209,3880.595932,-15572.781483,335673.000060,261012.154907,1.025897,36.794434,3.000000,7564.863726,21.354152,369680.851064,376.000000,-9309.001953,0.000000,0.000000,0.000000,0.000000,0.000000,1.000000,0,0.000000,-49758.578125,-18652.625000,1600244534,1600245286,18611.427328,-12735.187411,-29242.760040,14007.966362
706,1764278797.581938982,37,0,C9:06:43:F9:43:3F,8E89BED6,-16149.485739,4071.040786,-16149.484124,331788.361140,246158.124365,1.057878,-18.825882,3.000000,7629.593612,21.273037,367021.276596,376.000000,-8886.936523,0.000000,0.000000,0.000000,0.000000,0.000000,1.000000,0,0.000000,-61401.394531,-10440.738281,1604249965,1604250717,-15212.371561,-51219.456159,-13047.396785,18705.755687
707,1764278797.620342731,37,0,C9:06:43:F9:43:3F,8E89BED6,-15767.718460,4262.030991,-15767.718929,331845.920417,266139.078530,1.059713,-18.277170,3.000000,7489.894790,21.286170,367021.276596,376.000000,-8872.098633,0.000000,0.000000,0.000000,0.000000,0.000000,1.000000,0,0.000000,-61401.394531,-10508.051758,1604249966,1604250718,11981.204076,-22234.518782,-27235.585266,10311.626726
708,1764278801.675996065,37,0,C9:06:43:F9:43:3F,8E89BED6,-17153.059084,2499.228145,-17153.058535,344285.536920,267140.028045,0.914518,-85.587149,2.500000,6601.954669,21.416088,369680.851064,376.000000,-10394.812500,0.000000,0.000000,0.000000,0.000000,0.000000,1.000000,0,0.000000,-27700.625000,-1244.837769,1612137559,1612138311,-23029.927088,-48120.035970,-11331.483948,10384.044028
709,1764278801.714757919,37,0,C9:06:43:F9:43:3F,8E89BED6,-17043.587161,2682.383213,-17043.585915,344219.416948,278076.248974,0.912955,-85.563101,2.500000,6461.588532,21.460769,369680.851064,376.000000,-10490.854492,0.000000,0.000000,0.000000,0.000000,0.000000,1.000000,0,0.000000,-27700.625000,-1342.632080,1612137560,1612138312,4575.682640,-40899.135727,-27511.489853,909.950258
710,1764278803.720444679,37,0,C9:06:43:F9:43:3F,8E89BED6,-16278.412383,2727.428719,-16278.410561,352232.980418,256733.123468,1.004687,-43.310520,3.000000,7558.999715,20.718766,369680.851064,376.000000,-9532.285156,0.000000,0.000000,0.000000,0.000000,0.000000,1.000000,0,0.000000,-54883.808594,-9009.679688,1616138663,1616139415,-9499.228373,-47963.441353,-18016.538514,9794.838900
711,1764278803.769030571,37,0,C9:06:43:F9:43:3F,8E89BED6,-15819.244103,2922.707431,-15819.244938,352034.901453,261190.386948,1.006109,-42.831298,3.000000,7419.819363,20.731481,369680.851064,376.000000,-9408.503906,0.000000,0.000000,0.000000,0.000000,0.000000,1.000000,0,0.000000,-48985.390625,-9170.469727,1616138664,1616139416,20895.861022,-19090.353016,-34305.377223,17068.766679
713,1764278805.759499311,37,0,C9:06:43:F9:43:3F,8E89BED6,-15832.280266,4453.777279,-15832.280949,354805.049128,248068.223293,1.039385,32.962378,2.500000,7525.106707,21.734680,367021.276596,376.000000,-8885.161133,0.000000,0.000000,0.000000,0.000000,0.000000,1.000000,0,0.000000,-20042.701172,416.275879,1620146691,1620147443,-17590.848547,-50638.487882,-9266.955947,24572.907196
714,1764278805.792289495,37,0,C9:06:43:F9:43:3F,8E89BED6,-15456.347114,4636.384940,-15456.348550,353786.236159,263796.199249,1.038694,33.339119,2.500000,7380.033101,21.749390,367021.276596,376.000000,-8875.230469,0.000000,0.000000,0.000000,0.000000,0.000000,1.000000,0,0.000000,-20042.701172,256.619232,1620146692,1620147444,14130.076520,-25878.281158,-22279.521464,15606.739135
715,1764278807.793886662,37,0,C9:06:43:F9:43:3F,8E89BED6,-16594.053134,3624.686331,-16594.052347,335511.517403,252288.864726,0.916543,84.284503,2.500000,7045.621006,21.410823,369680.851064,376.000000,-8404.672852,0.000000,0.000000,0.000000,0.000000,0.000000,1.000000,0,0.000000,-66200.101562,-10269.366211,1624144193,1624144945,-22145.330822,-45492.667552,-10812.688740,30654.328247
716,1764278807.828898907,37,0,C9:06:43:F9:43:3F,8E89BED6,-16286.722329,3818.494171,-16286.723330,335548.589438,256206.374032,0.915100,84.603798,2.500000,6902.412879,21.348929,369680.851064,376.000000,-8447.501953,0.000000,0.000000,0.000000,0.000000,0.000000,1.000000,0,0.000000,-66200.101562,-10336.587891,1624144194,1624144946,10041.481929,-30740.726532,-31795.522321,7526.267933
717,1764278809.639781713,37,0,C9:06:43:F9:43:3F,8E89BED6,-16999.584200,4166.537270,-16999.584583,336301.018886,238901.555523,1.022845,35.138715,2.500000,6852.852312,21.021376,367021.276596,376.000000,-8664.709961,0.000000,0.000000,0.000000,0.000000,0.000000,1.000000,0,0.000000,-73956.046875,-11367.395508,1627874936,1627875688,-20678.766996,-50817.002632,-3364.883309,15864.192262
718,1764278809.674601555,37,0,C9:06:43:F9:43:3F,8E89BED6,-16832.843090,4324.626047,-16832.843023,335025.537662,255845.498125,1.022662,35.447805,2.500000,6711.806678,20.918606,367021.276596,376.000000,-8736.078125,0.000000,0.000000,0.000000,0.000000,0.000000,1.000000,0,0.000000,-73956.046875,-11339.717773,1627874937,1627875689,8228.769192,-33966.660937,-29876.239495,6843.593271
719,1764278811.728817940,37,0,C9:06:43:F9:43:3F,8E89BED6,-16771.108189,4903.156231,-16771.108004,350324.688955,269248.145086,0.997465,47.343815,2.500000,6893.951212,20.957250,367021.276596,376.000000,-9601.926758,0.000000,0.000000,0.000000,0.000000,0.000000,1.000000,0,0.000000,-35904.636719,-1698.811157,1631874712,1631875464,-20187.580090,-52689.643552,-9047.685959,16825.559427
720,1764278811.761228561,37,0,C9:06:43:F9:43:3F,8E89BED6,-16556.474377,5082.764859,-16556.474109,350246.742075,267893.160577,0.995689,49.058245,2.500000,6753.661257,21.056580,367021.276596,376.000000,-9618.541992,0.000000,0.000000,0.000000,0.000000,0.000000,1.000000,0,0.000000,-34080.902344,-1844.588379,1631874713,1631875465,4024.760911,-46351.925155,-19744.420708,5748.212988
721,1764278813.764017105,37,0,C9:06:43:F9:43:3F,8E89BED6,-15860.861005,4467.029715,-15860.860949,343868.010655,254843.566676,1.066596,-12.295278,3.000000,8244.651447,21.472945,367021.276596,376.000000,-8438.770508,0.000000,0.000000,0.000000,0.000000,0.000000,1.000000,0,0.000000,-87729.718750,-10133.977539,1635874761,1635875513,-11551.623843,-51227.467352,-11994.316912,11216.476648
722,1764278813.803331375,37,0,C9:06:43:F9:43:3F,8E89BED6,-15474.351932,4650.976840,-15474.352250,343491.198704,278859.256878,1.067231,-11.533267,3.000000,8105.113008,21.520097,367021.276596,376.000000,-8407.588867,0.000000,0.000000,0.000000,0.000000,0.000000,1.000000,0,0.000000,-86680.867188,-10147.134766,1635874762,1635875514,20408.612039,-20045.078705,-27550.167184,12565.714074
723,1764278815.744046688,37,0,C9:06:43:F9:43:3F,8E89BED6,-16316.444026,3608.901180,-16316.445060,330550.789280,251584.709789,0.906896,67.852385,2.500000,6836.207776,21.585229,367021.276596,376.000000,-7677.525879,0.000000,0.000000,0.000000,0.000000,0.000000,1.000000,0,0.000000,-9566.083984,-6149.276855,1639592982,1639593734,-2597.497858,-38999.245581,-24252.970858,12088.170601
724,1764278817.879394054,37,0,C9:06:43:F9:43:3F,8E89BED6,-16876.712129,4496.423498,-16876.711924,339003.833449,267614.718584,1.053133,4.952273,2.500000,6800.345438,21.314920,367021.276596,376.000000,-9294.897461,0.000000,0.000000,0.000000,0.000000,0.000000,1.000000,0,0.000000,-10377.326172,-5587.771973,1643601602,1643602354,-2941.713512,-37321.606316,-31158.205970,3643.258713
725,1764278819.822563887,37,0,C9:06:43:F9:43:3F,8E89BED6,-16304.820071,3393.408842,-16304.821076,341449.110435,277150.758029,0.906760,87.043794,2.500000,7289.841314,21.323576,369680.851064,376.000000,-8799.612305,0.000000,0.000000,0.000000,0.000000,0.000000,1.000000,0,0.000000,-11060.655273,4821.565918,1647604367,1647605119,-2741.203650,-45132.048490,-15455.656843,7256.225688
726,1764278821.812078238,37,0,C9:06:43:F9:43:3F,8E89BED6,-16087.483107,3867.003430,-16087.483490,338538.864362,257326.362657,0.966522,59.578395,3.000000,7675.527294,21.067602,369680.851064,376.000000,-8736.588867,0.000000,0.000000,0.000000,0.000000,0.000000,1.000000,0,0.000000,-23599.132812,-10716.509766,1651529951,1651530703,-12850.749264,-44590.832220,-10825.887710,7300.056387
727,1764278821.861059904,37,0,C9:06:43:F9:43:3F,8E89BED6,-15733.566967,4034.881368,-15733.566769,338356.798966,260562.445315,0.964823,60.221033,3.000000,7537.936653,21.021154,369680.851064,376.000000,-8747.235352,0.000000,0.000000,0.000000,0.000000,0.000000,1.000000,0,0.000000,-23599.132812,-10821.876953,1651529952,1651530704,19190.809648,-20846.979190,-26768.142963,13511.710918
728,1764278824.064629555,37,0,C9:06:43:F9:43:3F,8E89BED6,-17040.261382,3250.313734,-17040.259855,353870.273549,266091.407977,1.060557,-17.029184,3.000000,7273.655427,21.570673,369680.851064,376.000000,-10512.061523,0.000000,0.000000,0.000000,0.000000,0.000000,1.000000,0,0.000000,-27705.156250,5241.640625,1655526412,1655527164,-19844.862427,-52606.636529,-4921.882565,11583.977978
729,1764278824.123553276,37,0,C9:06:43:F9:43:3F,8E89BED6,-16787.662305,3432.572673,-16787.661717,353715.617484,274987.416002,1.062253,-16.886645,3.000000,7132.361091,21.478514,369680.851064,376.000000,-10552.460938,0.000000,0.000000,0.000000,0.000000,0.000000,1.000000,0,0.000000,-26291.314453,5112.584961,1655526413,1655527165,14585.264973,-26889.728705,-30304.944336,5827.460161
730,1764278825.934929371,37,0,C9:06:43:F9:43:3F,8E89BED6,-16119.023357,3586.033629,-16119.023836,351382.168435,257152.589595,0.937016,-85.908917,3.000000,7520.200884,20.851936,462765.957447,376.000000,-8491.770508,0.000000,0.000000,0.000000,0.000000,0.000000,1.000000,0,0.000000,-31962.968750,-12559.481445,1659458043,1659458795,-16703.873700,-53257.327870,-8494.105526,12609.878747
731,1764278825.968344927,37,0,C9:06:43:F9:43:3F,8E89BED6,-15758.384296,3772.403537,-15758.385165,350962.997841,271117.095468,0.936318,-85.268430,3.000000,7381.419896,20.834104,462765.957447,376.000000,-8484.274414,0.000000,0.000000,0.000000,0.000000,0.000000,1.000000,0,0.000000,-31962.968750,-12646.791992,1659458044,1659458796,14128.651056,-27420.592524,-28163.816474,10445.253445
732,1764278829.918255091,37,0,C9:06:43:F9:43:3F,8E89BED6,-16724.969439,3703.733706,-16724.968677,329914.847211,245272.429134,1.054548,-28.174747,2.500000,6771.479350,21.303061,329787.234043,376.000000,-9487.618164,0.000000,0.000000,0.000000,0.000000,0.000000,1.000000,0,0.000000,-12137.254883,-15199.560547,1667268315,1667269067,-956.332766,-44269.072885,-23501.620847,2936.506455
733,1764278831.912100315,37,0,C9:06:43:F9:43:3F,8E89BED6,-15631.745674,3786.744749,-15631.745658,336103.455060,257576.534020,1.017927,39.130550,2.500000,8104.870762,21.180515,367021.276596,376.000000,-8737.669922,0.000000,0.000000,0.000000,0.000000,0.000000,1.000000,0,0.000000,-46655.187500,-10757.389648,1671269537,1671270289,-9066.886500,-52416.146319,-17638.269739,13101.126983
734,1764278831.945114613,37,0,C9:06:43:F9:43:3F,8E89BED6,-15173.680329,3989.863315,-15173.679342,335897.699501,254288.005218,1.016380,39.674982,2.500000,7960.948203,21.114682,367021.276596,376.000000,-8676.643555,0.000000,0.000000,0.000000,0.000000,0.000000,1.000000,0,0.000000,-46655.187500,-10768.875000,1671269538,1671270290,22483.807706,-10824.262987,-17958.627401,16390.037481
735,1764278833.944386959,37,0,C9:06:43:F9:43:3F,8E89BED6,-15610.872429,2748.134776,-15610.872515,355667.168109,249642.842136,1.083602,5.771845,2.500000,8028.660128,21.525626,367021.276596,376.000000,-8418.038086,0.000000,0.000000,0.000000,0.000000,0.000000,1.000000,0,0.000000,-72482.390625,-5381.272461,1675278537,1675279289,-8891.291111,-52959.252848,-17916.125805,6614.014092
736,1764278833.987326860,37,0,C9:06:43:F9:43:3F,8E89BED6,-15165.946010,2955.514761,-15165.946919,354412.875327,264178.255570,1.084493,6.230152,2.500000,7881.386374,21.314174,367021.276596,376.000000,-8339.067383,0.000000,0.000000,0.000000,0.000000,0.000000,1.000000,0,0.000000,-68456.906250,-5411.921875,1675278538,1675279290,24716.853288,-14596.556960,-26878.196043,13708.923581
737,1764278836.069580317,37,0,C9:06:43:F9:43:3F,8E89BED6,-15402.596805,3607.126754,-15402.597656,364302.314264,273633.388543,0.985351,58.844718,2.500000,8247.587691,21.136221,367021.276596,376.000000,-9376.454102,0.000000,0.000000,0.000000,0.000000,0.000000,1.000000,0,0.000000,-42744.042969,-5377.771973,1679097167,1679097919,-10468.647687,-46540.447358,-19211.103278,17647.564327
738,1764278836.119649649,37,0,C9:06:43:F9:43:3F,8E89BED6,-14979.207874,3815.111143,-14979.208218,363146.376882,268864.849889,0.984483,60.281158,2.500000,8104.428764,21.080391,367021.276596,376.000000,-9270.272461,0.000000,0.000000,0.000000,0.000000,0.000000,1.000000,0,0.000000,-42744.042969,-5441.801270,1679097168,1679097920,21643.328855,-17625.059661,-34924.891505,12069.546967
740,1764278838.089801073,37,0,C9:06:43:F9:43:3F,8E89BED6,-16368.170687,3980.276069,-16368.170575,340776.310558,257466.969258,0.926869,85.172916,3.000000,7565.215800,21.234332,369680.851064,376.000000,-10900.957031,0.000000,0.000000,0.000000,0.000000,0.000000,1.000000,0,0.000000,-38910.621094,-5198.913574,1683101122,1683101874,-11303.942583,-49698.644512,-16508.359658,14706.566664
741,1764278838.122643232,37,0,C9:06:43:F9:43:3F,8E89BED6,-15880.807199,4189.356935,-15880.806987,338990.693207,263180.075448,0.926066,85.799046,3.000000,7425.342418,21.220308,369680.851064,376.000000,-10773.393555,0.000000,0.000000,0.000000,0.000000,0.000000,1.000000,0,0.000000,-32661.996094,-5278.633301,1683101123,1683101875,18042.396490,-14771.355677,-32554.064042,12118.350406
742,1764278840.065965652,37,0,C9:06:43:F9:43:3F,8E89BED6,-16201.853143,3761.571487,-16201.852934,314497.065589,234166.295517,0.996916,46.044640,3.000000,7363.730821,20.960096,367021.276596,376.000000,-8430.036133,0.000000,0.000000,0.000000,0.000000,0.000000,1.000000,0,0.000000,-31241.560547,-13076.037109,1687108913,1687109665,-11935.951696,-50632.574518,-13848.541204,13130.967843
743,1764278842.082792759,37,0,C9:06:43:F9:43:3F,8E89BED6,-16013.173128,3940.566791,-16013.172946,350118.008533,258933.932999,0.933855,-73.136897,3.000000,7658.450826,21.341227,369680.851064,376.000000,-8121.112305,0.000000,0.000000,0.000000,0.000000,0.000000,1.000000,0,0.000000,-89942.234375,-9167.006836,1691042257,1691043009,-14582.534735,-55809.943796,-6373.828828,16082.617769
744,1764278842.138967276,37,0,C9:06:43:F9:43:3F,8E89BED6,-15674.644301,4127.981678,-15674.643401,349772.406164,271720.579630,0.933960,-72.613440,3.000000,7519.118218,21.249850,369680.851064,376.000000,-8093.253418,0.000000,0.000000,0.000000,0.000000,0.000000,1.000000,0,0.000000,-89942.234375,-9224.386719,1691042258,1691043010,16515.934935,-28222.815542,-23772.436274,5086.804121
745,1764278844.112035275,37,0,C9:06:43:F9:43:3F,8E89BED6,-16691.153790,2170.140530,-16691.154132,334876.920740,268261.104351,0.930047,81.507898,3.000000,7261.526977,21.258970,367021.276596,376.000000,-9215.262695,0.000000,0.000000,0.000000,0.000000,0.000000,1.000000,0,0.000000,-19258.839844,-380.023315,1695051574,1695052326,-7111.016300,-52038.783935,-24667.982124,4384.275080
746,1764278846.092818022,37,0,C9:06:43:F9:43:3F,8E89BED6,-16194.262427,3975.970742,-16194.262586,335735.549668,258048.495812,1.057925,-23.203023,2.500000,7267.848215,21.652424,329787.234043,376.000000,-9173.691406,0.000000,0.000000,0.000000,0.000000,0.000000,1.000000,0,0.000000,-46785.542969,-10015.912109,1699055857,1699056609,3428.401969,-38380.431215,-17897.251880,8423.155809
749,1764278847.865617752,37,0,C9:06:43:F9:43:3F,8E89BED6,-16341.717364,3052.564008,-16341.717296,341884.828791,273246.089720,1.071057,-14.570675,2.500000,6876.085496,21.397484,367021.276596,376.000000,-8282.998047,0.000000,0.000000,0.000000,0.000000,0.000000,1.000000,0,0.000000,-28205.533203,-14322.050781,1702747261,1702748013,5541.700635,-38604.251302,-21953.600827,4671.412197
750,1764278849.823825121,37,0,C9:06:43:F9:43:3F,8E89BED6,-15933.787837,4442.443881,-15933.787648,343012.336060,252589.714713,0.976019,66.142618,3.000000,7624.223666,21.617604,367021.276596,376.000000,-8835.065430,0.000000,0.000000,0.000000,0.000000,0.000000,1.000000,0,0.000000,-82322.882812,-12804.905273,1706758563,1706759315,-16710.458436,-57113.269055,-3740.053453,14486.914125
751,1764278849.862225771,37,0,C9:06:43:F9:43:3F,8E89BED6,-15533.226539,4649.229547,-15533.226566,341986.595255,263073.759834,0.976354,66.929852,3.000000,7484.393237,21.649080,367021.276596,376.000000,-8748.441406,0.000000,0.000000,0.000000,0.000000,0.000000,1.000000,0,0.000000,-82322.882812,-12851.540039,1706758564,1706759316,18924.139284,-28089.602651,-23684.800198,6684.976664
752,1764278851.880124331,37,0,C9:06:43:F9:43:3F,8E89BED6,-15969.034803,4339.591853,-15969.035229,352691.465324,258116.092972,0.931532,-76.048653,3.000000,7635.853319,21.533029,367021.276596,376.000000,-8328.952148,0.000000,0.000000,0.000000,0.000000,0.000000,1.000000,0,0.000000,-33987.949219,-1838.149170,1710764590,1710765342,-21666.441033,-45553.971585,-8597.275792,26524.257395
753,1764278851.916594982,37,0,C9:06:43:F9:43:3F,8E89BED6,-15633.269200,4536.691597,-15633.269911,352114.295002,270060.319072,0.931173,-75.577380,3.000000,7492.473396,21.523417,367021.276596,376.000000,-8325.051758,0.000000,0.000000,0.000000,0.000000,0.000000,1.000000,0,0.000000,-33987.949219,-1971.182007,1710764591,1710765343,15353.489555,-24389.747776,-26661.362971,13011.042422
754,1764278853.944684029,37,0,C9:06:43:F9:43:3F,8E89BED6,-16328.633160,4458.609951,-16328.631972,346764.838993,266617.309267,0.952783,-78.583086,2.500000,7054.284769,21.415352,367021.276596,376.000000,-8937.497070,0.000000,0.000000,0.000000,0.000000,0.000000,1.000000,0,0.000000,-16314.972656,-2707.840088,1714776026,1714776778,5128.446684,-38410.912148,-24532.762087,4168.844755
755,1764278856.020811081,37,0,C9:06:43:F9:43:3F,8E89BED6,-16450.252230,3791.582229,-16450.253349,354761.462728,256850.452051,1.040218,-26.929670,2.500000,7122.896561,21.454715,367021.276596,376.000000,-9507.165039,0.000000,0.000000,0.000000,0.000000,0.000000,1.000000,0,0.000000,6715.736816,7195.593262,1718781663,1718782415,-21422.791153,-49824.981541,-10888.532101,22930.931017
756,1764278856.055391073,37,0,C9:06:43:F9:43:3F,8E89BED6,-16219.031239,3999.137677,-16219.031104,354698.903624,265675.983307,1.041758,-26.646430,2.500000,6977.380961,21.468118,369680.851064,376.000000,-9569.965820,0.000000,0.000000,0.000000,0.000000,0.000000,1.000000,0,0.000000,7761.964355,6949.385742,1718781664,1718782416,9033.421595,-35484.334094,-25594.664933,5588.246909
757,1764278858.125383377,37,0,C9:06:43:F9:43:3F,8E89BED6,-16190.047576,3363.161689,-16190.047529,339618.205869,248442.432269,0.940459,66.363425,3.000000,7360.892730,20.574508,369680.851064,376.000000,-9153.079102,0.000000,0.000000,0.000000,0.000000,0.000000,1.000000,0,0.000000,-34938.828125,-2851.347900,1722785873,1722786625,-15623.201160,-50099.450707,-6435.686282,9893.862637
758,1764278858.173574924,37,0,C9:06:43:F9:43:3F,8E89BED6,-15806.652182,3549.647315,-15806.653125,339131.620855,267913.021830,0.938823,66.698019,3.000000,7222.841796,20.560425,369680.851064,376.000000,-9172.142578,0.000000,0.000000,0.000000,0.000000,0.000000,1.000000,0,0.000000,-34938.828125,-2951.784668,1722785874,1722786626,17864.738371,-21856.706129,-26352.029494,4564.357755
759,1764278860.191386461,37,0,C9:06:43:F9:43:3F,8E89BED6,-15979.221085,3572.885506,-15979.220645,321709.522187,249076.425198,0.937002,-70.209276,3.000000,7796.630251,21.903370,367021.276596,376.000000,-8706.815430,0.000000,0.000000,0.000000,0.000000,0.000000,1.000000,0,0.000000,-35328.457031,1746.326294,1726795720,1726796472,-13875.588794,-57270.829811,-12183.102593,19316.249236
760,1764278860.224829674,37,0,C9:06:43:F9:43:3F,8E89BED6,-15595.235249,3747.209090,-15595.236122,321044.547985,246531.744250,0.937495,-69.649828,3.000000,7657.359543,21.869006,367021.276596,376.000000,-8703.391602,0.000000,0.000000,0.000000,0.000000,0.000000,1.000000,0,0.000000,-35328.457031,1579.484619,1726795721,1726796473,15268.109764,-22422.273563,-26155.794735,20978.016765
761,1764278862.199364185,37,0,C9:06:43:F9:43:3F,8E89BED6,-16506.569426,4088.999756,-16506.569854,336902.225602,240098.940345,1.023511,35.680142,2.500000,7138.590986,21.394510,369680.851064,376.000000,-9148.226562,0.000000,0.000000,0.000000,0.000000,0.000000,1.000000,0,0.000000,-34712.511719,-9135.151367,1730797192,1730797944,-20678.406890,-51178.219282,-8321.127705,12291.582360
762,1764278862.247709513,37,0,C9:06:43:F9:43:3F,8E89BED6,-16201.881534,4274.174343,-16201.882930,335172.445892,258611.910347,1.023171,36.008240,2.500000,6998.100222,21.458581,369680.851064,376.000000,-9182.371094,0.000000,0.000000,0.000000,0.000000,0.000000,1.000000,0,0.000000,-33334.851562,-9168.854492,1730797193,1730797945,11022.774909,-33452.644264,-28841.752439,5652.240674
763,1764278864.244099379,37,0,C9:06:43:F9:43:3F,8E89BED6,-17079.816001,3588.354530,-17079.817071,335742.829493,261021.302997,0.959402,-59.488696,3.000000,6855.555861,21.136808,369680.851064,376.000000,-9337.579102,0.000000,0.000000,0.000000,0.000000,0.000000,1.000000,0,0.000000,-68596.781250,-12615.706055,1734801422,1734802174,-19802.899532,-56618.868674,-8484.222005,9294.406880
764,1764278864.280163527,37,0,C9:06:43:F9:43:3F,8E89BED6,-16812.846224,3788.049057,-16812.845238,335163.103618,256253.448884,0.959702,-59.130222,3.000000,6712.760351,21.096225,369680.851064,376.000000,-9352.164062,0.000000,0.000000,0.000000,0.000000,0.000000,1.000000,0,0.000000,-67292.500000,-12675.633789,1734801423,1734802175,11051.665210,-37611.533918,-20399.927120,-2717.469638
767,1764278866.240874767,37,0,C9:06:43:F9:43:3F,8E89BED6,-16751.504442,3721.646764,-16751.504747,363949.858955,268077.605192,0.970137,-54.407471,3.000000,7073.502093,21.247685,369680.851064,376.000000,-10062.392578,0.000000,0.000000,0.000000,0.000000,0.000000,1.000000,0,0.000000,-39265.777344,-799.979004,1738811404,1738812156,-18295.745826,-52178.529816,-11513.623837,13974.128637
768,1764278866.290673971,37,0,C9:06:43:F9:43:3F,8E89BED6,-16361.536400,3919.884985,-16361.537888,363543.528090,285078.688162,0.970085,-54.248315,3.000000,6931.771049,21.235654,369680.851064,376.000000,-10095.347656,0.000000,0.000000,0.000000,0.000000,0.000000,1.000000,0,0.000000,-38532.792969,-893.983215,1738811405,1738812157,14140.155750,-23442.482688,-32148.423751,5808.596504
769,1764278868.347604752,37,0,C9:06:43:F9:43:3F,8E89BED6,-16163.698201,4512.937790,-16163.698363,328360.939521,223294.384580,1.005463,-43.143356,3.000000,7386.060162,21.658674,369680.851064,376.000000,-9787.755859,0.000000,0.000000,0.000000,0.000000,0.000000,1.000000,0,0.000000,-16852.792969,-5282.522949,1742818650,1742819402,-20309.053967,-50751.285535,-5115.629991,19917.580477
770,1764278868.391875267,37,0,C9:06:43:F9:43:3F,8E89BED6,-15882.857287,4677.691885,-15882.858021,328390.839589,246530.920382,1.006011,-42.996213,3.000000,7241.580934,21.630736,369680.851064,376.000000,-9829.424805,0.000000,0.000000,0.000000,0.000000,0.000000,1.000000,0,0.000000,-16852.792969,-5356.079102,1742818651,1742819403,12209.274348,-25473.056700,-25006.216817,12187.783042
771,1764278870.508301258,37,0,C9:06:43:F9:43:3F,8E89BED6,-16506.494860,3076.969553,-16506.494453,344615.661046,260395.095531,1.086646,9.978520,2.500000,6989.454265,21.122009,369680.851064,376.000000,-8980.563477,0.000000,0.000000,0.000000,0.000000,0.000000,1.000000,0,0.000000,-28525.210938,-3980.301758,1746829744,1746830496,-20080.690183,-53748.805428,-6226.843495,16100.979546
772,1764278870.553226709,37,0,C9:06:43:F9:43:3F,8E89BED6,-16200.646458,3262.286173,-16200.645730,343499.125705,275435.271367,1.087712,10.299584,2.500000,6842.409695,21.100486,369680.851064,376.000000,-9032.599609,0.000000,0.000000,0.000000,0.000000,0.000000,1.000000,0,0.000000,-27351.904297,-4062.951904,1746829745,1746830497,8900.614145,-32010.945292,-26085.799506,7439.376390
773,1764278872.534430027,37,0,C9:06:43:F9:43:3F,8E89BED6,-16479.749739,4485.675536,-16479.750651,341113.078314,274428.045826,0.913230,82.705925,2.500000,7550.748345,21.293090,367021.276596,376.000000,-8802.356445,0.000000,0.000000,0.000000,0.000000,0.000000,1.000000,0,0.000000,-11947.258789,1388.415649,1750837502,1750838254,-3497.057274,-46370.905964,-16048.370882,8498.901251
774,1764278874.545746803,37,0,C9:06:43:F9:43:3F,8E89BED6,-16840.261114,3666.886443,-16840.261219,351945.957200,249872.841101,0.970073,53.604064,2.500000,6881.582335,21.100526,369680.851064,376.000000,-8580.772461,0.000000,0.000000,0.000000,0.000000,0.000000,1.000000,0,0.000000,-19220.941406,-8039.042969,1754838499,1754839251,2047.059226,-35938.165407,-27700.224042,4746.944431
775,1764278876.523851633,37,0,C9:06:43:F9:43:3F,8E89BED6,-16573.764092,1983.124264,-16573.763107,341219.149280,236615.721492,1.121475,-0.034867,3.000000,6872.823644,20.889214,364361.702128,376.000000,-8978.265625,0.000000,0.000000,0.000000,0.000000,0.000000,1.000000,0,0.000000,-49617.167969,-10108.279297,1758822498,1758823250,-19672.312511,-51378.953997,-1909.343088,12777.489837
776,1764278876.559114456,37,0,C9:06:43:F9:43:3F,8E89BED6,-16278.671998,2159.738092,-16278.672777,340466.113994,263618.819927,1.123434,-0.023884,3.000000,6729.738483,20.915557,364361.702128,376.000000,-9021.535156,0.000000,0.000000,0.000000,0.000000,0.000000,1.000000,0,0.000000,-49617.167969,-10209.235352,1758822499,1758823251,14930.959231,-28463.016591,-35365.473126,1332.295223
777,1764278878.530545473,37,0,C9:06:43:F9:43:3F,8E89BED6,-15771.377768,4577.126560,-15771.378311,338807.889836,260795.540176,0.989638,-48.502836,3.000000,7772.234931,21.525382,367021.276596,376.000000,-8646.092773,0.000000,0.000000,0.000000,0.000000,0.000000,1.000000,0,0.000000,-12167.988281,-1768.597900,1762829745,1762830497,-12246.721945,-41712.986902,-12301.129626,13661.031053
778,1764278878.563845873,37,0,C9:06:43:F9:43:3F,8E89BED6,-15365.692673,4781.533885,-15365.692588,338856.903446,259393.211688,0.990958,-48.015856,3.000000,7632.951450,21.385112,367021.276596,376.000000,-8561.049805,0.000000,0.000000,0.000000,0.000000,0.000000,1.000000,0,0.000000,-12167.988281,-1925.593872,1762829746,1762830498,18709.505651,-11881.114465,-24809.365406,10052.345576
779,1764278880.570838451,37,0,C9:06:43:F9:43:3F,8E89BED6,-16526.543414,3694.844499,-16526.543316,337382.722126,279135.613361,1.061803,26.172619,2.500000,6911.456254,21.597985,369680.851064,376.000000,-9610.709961,0.000000,0.000000,0.000000,0.000000,0.000000,1.000000,0,0.000000,-41373.742188,-16043.817383,1766830003,1766830755,6005.067155,-39508.341390,-27552.590178,2942.177129
780,1764278882.516219139,37,0,C9:06:43:F9:43:3F,8E89BED6,-17260.712596,3489.090423,-17260.712265,346642.726157,268239.449792,0.978007,51.541493,2.500000,6441.428473,21.538364,369680.851064,376.000000,-10755.465820,0.000000,0.000000,0.000000,0.000000,0.000000,1.000000,0,0.000000,-32264.126953,-9995.172852,1770679879,1770680631,-181.092309,-41011.811808,-26643.548453,4123.174790
781,1764278884.530068874,37,0,C9:06:43:F9:43:3F,8E89BED6,-16047.542700,2528.215213,-16047.541758,347351.668344,252909.382506,0.974902,-59.912459,2.500000,7702.006253,21.147093,367021.276596,376.000000,-8745.545898,0.000000,0.000000,0.000000,0.000000,0.000000,1.000000,0,0.000000,-37544.019531,-8985.417969,1774681438,1774682190,-23265.078466,-49035.801278,-9966.783845,21784.263595
782,1764278884.563638926,37,0,C9:06:43:F9:43:3F,8E89BED6,-15808.255213,2733.626408,-15808.255181,346458.865461,270730.384334,0.976727,-58.882878,2.500000,7555.916445,21.202967,367021.276596,376.000000,-8732.227539,0.000000,0.000000,0.000000,0.000000,0.000000,1.000000,0,0.000000,-32376.910156,-9002.229492,1774681439,1774682191,9086.903243,-34749.598907,-30170.949778,8855.584665
783,1764278886.336918116,37,0,C9:06:43:F9:43:3F,8E89BED6,-16099.605664,4075.761868,-16099.605692,344068.121480,250398.562074,1.069403,-3.878561,2.500000,7269.372429,21.506770,367021.276596,376.000000,-8760.446289,0.000000,0.000000,0.000000,0.000000,0.000000,1.000000,0,0.000000,-10130.184570,-3336.954834,1778484709,1778485461,-24395.152578,-47007.444180,-14386.388558,30497.121968
784,1764278886.372755051,37,0,C9:06:43:F9:43:3F,8E89BED6,-15969.850515,4263.425395,-15969.850165,342704.541946,281807.928226,1.070441,-3.208510,2.500000,7122.536550,21.521573,367021.276596,376.000000,-8905.861328,0.000000,0.000000,0.000000,0.000000,0.000000,1.000000,0,0.000000,-6327.190918,-3507.677002,1778484710,1778485462,8476.546303,-32324.572758,-27730.485915,-861.946172
785,1764278888.399462700,37,0,C9:06:43:F9:43:3F,8E89BED6,-15880.595846,4555.929471,-15880.595762,363232.888165,295071.032447,1.051495,12.071347,2.500000,8006.488090,21.026408,367021.276596,376.000000,-9556.801758,0.000000,0.000000,0.000000,0.000000,0.000000,1.000000,0,0.000000,-25772.785156,-10788.123047,1782485098,1782485850,-3664.558154,-40416.305176,-19453.879164,7664.943047
786,1764278890.462858438,37,0,C9:06:43:F9:43:3F,8E89BED6,-15507.450109,3830.482283,-15507.450342,331297.266749,264310.919807,0.997252,45.809399,3.000000,7600.490772,21.357429,367021.276596,376.000000,-9098.882812,0.000000,0.000000,0.000000,0.000000,0.000000,1.000000,0,0.000000,-86969.640625,-26435.691406,1786486573,1786487325,-12901.490814,-46105.852401,-12355.166156,12851.467763
787,1764278890.503999233,37,0,C9:06:43:F9:43:3F,8E89BED6,-15098.843691,4020.886664,-15098.844020,331049.282563,255695.991470,0.995518,46.315112,3.000000,7457.127583,21.200037,367021.276596,376.000000,-8994.334961,0.000000,0.000000,0.000000,0.000000,0.000000,1.000000,0,0.000000,-86969.640625,-26428.083984,1786486574,1786487326,21777.403659,-17931.361889,-32647.364087,15053.434867
788,1764278892.476516247,37,0,C9:06:43:F9:43:3F,8E89BED6,-16064.082607,3874.100601,-16064.083665,339793.258487,259960.144934,1.068013,11.771397,2.500000,7444.567182,20.798729,369680.851064,376.000000,-9155.905273,0.000000,0.000000,0.000000,0.000000,0.000000,1.000000,0,0.000000,-58338.183594,-17053.306641,1790434165,1790434917,-7140.864779,-49348.138660,-18132.569551,11311.675684
789,1764278892.511328697,37,0,C9:06:43:F9:43:3F,8E89BED6,-15597.952639,4067.355644,-15597.952709,339629.247929,264622.878127,1.067364,12.516646,2.500000,7305.795565,20.761406,369680.851064,376.000000,-8965.532227,0.000000,0.000000,0.000000,0.000000,0.000000,1.000000,0,0.000000,-58338.183594,-17055.125000,1790434166,1790434918,17313.274236,-12671.865110,-24524.624371,13475.440308
790,1764278894.532556534,37,0,C9:06:43:F9:43:3F,8E89BED6,-15658.218296,3899.681986,-15658.217717,331186.027958,233992.095040,1.072814,10.755429,3.000000,7928.652987,21.218116,367021.276596,376.000000,-8808.927734,0.000000,0.000000,0.000000,0.000000,0.000000,1.000000,0,0.000000,-38570.480469,-11930.595703,1794444715,1794445467,-15045.376992,-52120.872196,-16482.058452,22232.728243
791,1764278894.580297709,37,0,C9:06:43:F9:43:3F,8E89BED6,-15221.983931,4093.932809,-15221.985071,329603.716388,258713.372334,1.072911,11.364746,3.000000,7785.462908,21.133426,369680.851064,376.000000,-8735.122070,0.000000,0.000000,0.000000,0.000000,0.000000,1.000000,0,0.000000,-38570.480469,-12002.457031,1794444716,1794445468,17845.680409,-22772.608676,-26563.088541,16942.457999
792,1764278896.598416567,37,0,C9:06:43:F9:43:3F,8E89BED6,-15545.949662,5250.627703,-15545.949629,349822.650305,265810.188058,1.086220,-19.852196,3.000000,7829.427370,21.444606,367021.276596,376.000000,-8816.717773,0.000000,0.000000,0.000000,0.000000,0.000000,1.000000,0,0.000000,-11188.298828,8480.198242,1798452602,1798453354,-6199.523997,-43047.777398,-13692.244801,13336.926571
794,1764278898.623889208,37,0,C9:06:43:F9:43:3F,8E89BED6,-16654.998150,3936.743562,-16654.997856,324024.887584,237937.740320,0.954828,-78.005274,2.500000,7280.759704,21.169160,367021.276596,376.000000,-8725.070312,0.000000,0.000000,0.000000,0.000000,0.000000,1.000000,0,0.000000,-34850.332031,-7738.919434,1802457556,1802458308,-18033.487732,-49714.508888,-9740.401033,15073.091768
795,1764278898.656594753,37,0,C9:06:43:F9:43:3F,8E89BED6,-16327.216656,4121.281598,-16327.216933,322531.628873,252423.149064,0.954467,-77.188264,2.500000,7141.227047,21.147812,367021.276596,376.000000,-8734.819336,0.000000,0.000000,0.000000,0.000000,0.000000,1.000000,0,0.000000,-34850.332031,-7834.483398,1802457557,1802458309,11620.021402,-29491.482212,-28576.124737,10728.978216
796,1764278900.609378099,37,0,C9:06:43:F9:43:3F,8E89BED6,-16395.298324,3571.566973,-16395.298730,310748.360374,234371.631763,0.968504,-61.130676,3.000000,7291.657107,20.780359,367021.276596,376.000000,-9029.805664,0.000000,0.000000,0.000000,0.000000,0.000000,1.000000,0,0.000000,-67343.492188,-7290.075684,1806460169,1806460921,-17068.514600,-54974.155547,-8006.989120,15454.165947
797,1764278900.653172493,37,0,C9:06:43:F9:43:3F,8E89BED6,-16044.387557,3758.394377,-16044.388313,310734.302629,231741.740510,0.968870,-60.548150,3.000000,7152.377880,20.758212,367021.276596,376.000000,-9020.477539,0.000000,0.000000,0.000000,0.000000,0.000000,1.000000,0,0.000000,-66439.781250,-7354.152344,1806460170,1806460922,15811.133704,-30191.113665,-25494.189183,12803.207677
798,1764278902.657427311,37,0,C9:06:43:F9:43:3F,8E89BED6,-15709.670145,4015.851595,-15709.669598,345532.930403,268643.568378,0.952760,-59.173731,3.000000,7916.477001,21.336159,369680.851064,376.000000,-8780.115234,0.000000,0.000000,0.000000,0.000000,0.000000,1.000000,0,0.000000,-87415.531250,-8576.537109,1810291135,1810291887,-17308.830452,-51182.382804,-8529.663004,15743.184871
799,1764278902.698015690,37,0,C9:06:43:F9:43:3F,8E89BED6,-15353.442855,4189.433257,-15353.443098,345275.621409,280400.791067,0.953100,-58.861071,3.000000,7773.522449,21.340708,369680.851064,376.000000,-8763.291016,0.000000,0.000000,0.000000,0.000000,0.000000,1.000000,0,0.000000,-87415.531250,-8722.934570,1810291136,1810291888,15887.828976,-29724.613186,-22460.609179,12858.383808
800,1764278904.764951229,37,0,C9:06:43:F9:43:3F,8E89BED6,-16165.369968,5179.462410,-16165.370141,336071.476950,253214.160821,1.021953,36.209242,2.500000,7494.122758,20.788417,367021.276596,376.000000,-8605.916992,0.000000,0.000000,0.000000,0.000000,0.000000,1.000000,0,0.000000,-12731.860352,-6913.206055,1814291938,1814292690,-1451.096135,-40754.507683,-20565.100946,7612.469462
801,1764278906.735625505,37,0,C9:06:43:F9:43:3F,8E89BED6,-16625.253382,4170.811930,-16625.252857,345314.246675,259391.136260,0.993341,-47.822352,2.500000,6957.428186,20.980327,369680.851064,376.000000,-10444.543945,0.000000,0.000000,0.000000,0.000000,0.000000,1.000000,0,0.000000,-11232.236328,-7641.942383,1818059574,1818060326,704.934049,-36947.241559,-21251.411830,4495.228125
802,1764278908.831787109,37,0,C9:06:43:F9:43:3F,8E89BED6,-15491.476161,3351.032917,-15491.476249,341780.999080,258221.612879,0.936740,75.249493,3.000000,8035.985211,20.911804,369680.851064,376.000000,-8323.453125,0.000000,0.000000,0.000000,0.000000,0.000000,1.000000,0,0.000000,-10307.671875,1598.508545,1822062776,1822063528,-9095.005069,-46633.329261,-8102.810145,9045.033164
803,1764278908.875595331,37,0,C9:06:43:F9:43:3F,8E89BED6,-15090.962566,3552.068266,-15090.961796,340866.481099,270833.014692,0.935650,75.950785,3.000000,7896.677515,20.905486,369680.851064,376.000000,-8219.096680,0.000000,0.000000,0.000000,0.000000,0.000000,1.000000,0,0.000000,-10307.671875,1429.468384,1822062777,1822063529,22551.768073,-18380.470748,-28103.140548,8129.597904
804,1764278910.860183001,37,0,C9:06:43:F9:43:3F,8E89BED6,-17224.755524,3448.704446,-17224.755272,342965.286246,246650.685747,0.924409,81.306048,2.500000,6910.224203,21.101619,367021.276596,376.000000,-9615.894531,0.000000,0.000000,0.000000,0.000000,0.000000,1.000000,0,0.000000,-32486.679688,-3361.088867,1826070981,1826071733,-22551.320556,-56888.262653,-3067.788309,23170.983742
805,1764278910.909781933,37,0,C9:06:43:F9:43:3F,8E89BED6,-17033.038267,3617.204616,-17033.038338,342087.429926,270749.987119,0.923122,81.827338,2.500000,6767.544821,21.064458,367021.276596,376.000000,-9721.489258,0.000000,0.000000,0.000000,0.000000,0.000000,1.000000,0,0.000000,-32486.679688,-3468.537598,1826070982,1826071734,4087.246639,-40264.074208,-23171.795984,6959.784661
806,1764278912.704879045,37,0,C9:06:43:F9:43:3F,8E89BED6,-16430.162543,3692.152414,-16430.163030,341980.475519,261243.905863,1.019644,-38.739456,2.500000,7222.151956,21.151892,367021.276596,376.000000,-8174.512207,0.000000,0.000000,0.000000,0.000000,0.000000,1.000000,0,0.000000,-31152.371094,-12691.742188,1829841882,1829842634,3957.516268,-41030.471995,-25684.306998,2520.115365
807,1764278914.744654655,37,0,C9:06:43:F9:43:3F,8E89BED6,-16148.594602,3026.435009,-16148.594576,346377.856138,266533.735792,1.016890,40.555406,3.000000,7375.525545,21.665930,369680.851064,376.000000,-9053.072266,0.000000,0.000000,0.000000,0.000000,0.000000,1.000000,0,0.000000,-41613.378906,-15494.757812,1833854373,1833855125,-7178.429000,-52431.966284,-12614.614053,4600.423195
808,1764278914.786775351,37,0,C9:06:43:F9:43:3F,8E89BED6,-15650.938231,3223.083760,-15650.937342,346040.929854,295582.955975,1.015347,40.988972,3.000000,7235.499017,21.632520,369680.851064,376.000000,-8933.259766,0.000000,0.000000,0.000000,0.000000,0.000000,1.000000,0,0.000000,-41613.378906,-15559.370117,1833854374,1833855126,24243.628131,-14223.423115,-28004.631301,7665.529365
809,1764278916.709218979,37,0,C9:06:43:F9:43:3F,8E89BED6,-16303.012510,4009.874655,-16303.012831,330113.677016,250495.873408,0.957884,-59.547215,2.500000,7089.032068,21.261581,367021.276596,376.000000,-8582.941406,0.000000,0.000000,0.000000,0.000000,0.000000,1.000000,0,0.000000,-6950.043457,-2646.306885,1837674945,1837675697,197.351031,-42613.318529,-24158.878182,5558.210493
810,1764278918.763205051,37,0,C9:06:43:F9:43:3F,8E89BED6,-16090.184351,3447.373610,-16090.183852,363724.735283,273166.443980,0.979997,54.547843,2.500000,7499.699802,21.100239,367021.276596,376.000000,-9511.254883,0.000000,0.000000,0.000000,0.000000,0.000000,1.000000,0,0.000000,-21229.406250,1282.507324,1841688191,1841688943,-3510.285855,-43878.694015,-17771.647856,7113.520638
811,1764278918.797080994,37,0,C9:06:43:F9:43:3F,8E89BED6,-15636.560721,3629.205110,-15636.560974,363465.339356,286602.429276,0.978326,55.435202,2.500000,7358.461058,20.790745,367021.276596,376.000000,-9353.398438,0.000000,0.000000,0.000000,0.000000,0.000000,1.000000,0,0.000000,-20085.107422,1195.658936,1841688192,1841688944,19931.688479,-11432.690984,-31883.725531,13404.173799
812,1764278920.940168381,37,0,C9:06:43:F9:43:3F,8E89BED6,-16348.231343,3084.291215,-16348.230533,346277.049367,258532.203404,0.961692,86.100982,2.500000,7431.784732,21.514039,367021.276596,376.000000,-9999.723633,0.000000,0.000000,0.000000,0.000000,0.000000,1.000000,0,0.000000,-16000.732422,1153.777954,1845699285,1845700037,-18947.931580,-49306.325480,-11260.362657,16647.530781
813,1764278921.012624979,37,0,C9:06:43:F9:43:3F,8E89BED6,-16114.234755,3268.269724,-16114.233768,345081.089196,261453.563980,0.961843,87.449939,2.500000,7287.593792,21.553001,367021.276596,376.000000,-10047.241211,0.000000,0.000000,0.000000,0.000000,0.000000,1.000000,0,0.000000,-16000.732422,961.012451,1845699286,1845700038,10238.204898,-32932.364633,-28043.205742,5737.787920
814,1764278923.109144688,37,0,C9:06:43:F9:43:3F,8E89BED6,-16154.396813,4075.835281,-16154.397344,328464.072054,252607.996574,1.098488,-8.846894,3.000000,7574.168778,21.719269,369680.851064,376.000000,-8610.303711,0.000000,0.000000,0.000000,0.000000,0.000000,1.000000,0,0.000000,-30444.994141,-5494.020508,1849650549,1849651301,-16310.837660,-47506.189826,-4605.381940,15414.999127
815,1764278923.143846035,37,0,C9:06:43:F9:43:3F,8E89BED6,-15841.677669,4249.422475,-15841.677641,328495.739963,250032.947830,1.100366,-8.698142,3.000000,7435.360172,21.717669,369680.851064,376.000000,-8619.968750,0.000000,0.000000,0.000000,0.000000,0.000000,1.000000,0,0.000000,-30444.994141,-5579.352051,1849650550,1849651302,16704.619285,-20269.871252,-27025.448111,12114.639676
816,1764278925.304008484,37,0,C9:06:43:F9:43:3F,8E89BED6,-16619.507704,3339.380744,-16619.506848,348369.349565,255402.235510,1.037449,-11.816148,3.000000,7381.346978,21.283457,367021.276596,376.000000,-9060.813477,0.000000,0.000000,0.000000,0.000000,0.000000,1.000000,0,0.000000,-72386.218750,-17398.097656,1853662322,1853663074,-19469.628245,-52282.956136,-1927.025159,17394.179206
817,1764278925.335916758,37,0,C9:06:43:F9:43:3F,8E89BED6,-16432.794918,3524.930785,-16432.794668,346895.864186,267598.624491,1.038918,-10.660358,3.000000,7239.508404,21.239737,367021.276596,376.000000,-9119.940430,0.000000,0.000000,0.000000,0.000000,0.000000,1.000000,0,0.000000,-72386.218750,-17406.035156,1853662323,1853663075,10641.725022,-32631.469743,-30946.694945,7743.787465
818,1764278927.328834534,37,0,C9:06:43:F9:43:3F,8E89BED6,-15718.604588,5246.473755,-15718.605455,338934.928020,246296.140731,0.908094,82.805345,2.500000,7448.386253,21.351459,367021.276596,376.000000,-7905.672363,0.000000,0.000000,0.000000,0.000000,0.000000,1.000000,0,0.000000,-5919.285156,1083.139038,1857669745,1857670497,-1899.368816,-39172.700253,-21615.660037,10816.478524
819,1764278929.391931534,37,0,C9:06:43:F9:43:3F,8E89BED6,-15803.445455,5068.783579,-15803.446914,343571.286565,257730.745456,0.912809,82.763639,2.500000,7443.463769,21.719768,367021.276596,376.000000,-7798.428223,0.000000,0.000000,0.000000,0.000000,0.000000,1.000000,0,0.000000,-67359.929688,-14743.761719,1861672043,1861672795,-10070.798735,-43126.503306,-16568.470497,8767.677950
820,1764278929.425219059,37,0,C9:06:43:F9:43:3F,8E89BED6,-15411.689550,5261.039594,-15411.688788,343316.393894,266770.837497,0.912133,83.316086,2.500000,7304.479230,21.714762,367021.276596,376.000000,-7741.158691,0.000000,0.000000,0.000000,0.000000,0.000000,1.000000,0,0.000000,-67359.929688,-14782.235352,1861672044,1861672796,17563.222664,-13598.981463,-23957.622500,9819.649046
821,1764278931.404399395,37,0,C9:06:43:F9:43:3F,8E89BED6,-16559.223884,2498.328284,-16559.223511,357703.874707,266295.324749,1.055936,28.153509,2.500000,7375.832646,20.955954,369680.851064,376.000000,-9268.637695,0.000000,0.000000,0.000000,0.000000,0.000000,1.000000,0,0.000000,-21283.347656,-14066.926758,1865674474,1865675226,-6288.633059,-41740.211368,-24917.903636,6286.740208
822,1764278933.588921309,37,0,C9:06:43:F9:43:3F,8E89BED6,-16169.637598,4361.059773,-16169.638399,335600.876640,254552.467334,1.085772,14.195326,3.000000,7524.839444,21.281208,369680.851064,376.000000,-9320.097656,0.000000,0.000000,0.000000,0.000000,0.000000,1.000000,0,0.000000,-15475.318359,93.670944,1869627341,1869628093,-15925.963923,-50518.207409,-1989.413070,13732.977700
823,1764278933.634304047,37,0,C9:06:43:F9:43:3F,8E89BED6,-15832.888598,4541.297214,-15832.890237,335616.244844,266372.710279,1.086275,14.598183,3.000000,7385.166253,21.109783,369680.851064,376.000000,-9317.583984,0.000000,0.000000,0.000000,0.000000,0.000000,1.000000,0,0.000000,-15475.318359,-81.982285,1869627342,1869628094,13976.385907,-30573.305171,-21013.047377,10287.275291
824,1764278935.735174894,37,0,C9:06:43:F9:43:3F,8E89BED6,-15731.528590,3559.900333,-15731.528006,345269.998256,239790.789987,1.072135,9.529353,2.500000,7577.912934,20.918234,367021.276596,376.000000,-9280.945312,0.000000,0.000000,0.000000,0.000000,0.000000,1.000000,0,0.000000,-14946.986328,-5585.597656,1873628304,1873629056,-496.744117,-39882.904479,-24724.804453,11375.561412
825,1764278937.578989506,37,0,C9:06:43:F9:43:3F,8E89BED6,-16473.107639,3493.024308,-16473.107718,319096.757452,221856.288761,0.932857,-70.924116,3.000000,7143.569635,21.229877,369680.851064,376.000000,-9447.027344,0.000000,0.000000,0.000000,0.000000,0.000000,1.000000,0,0.000000,-37700.851562,-2766.607178,1877496293,1877497045,-18077.867110,-51782.115040,-7786.310034,13443.599165
826,1764278937.623752117,37,0,C9:06:43:F9:43:3F,8E89BED6,-16155.945100,3669.129891,-16155.945431,318903.993814,243241.463833,0.932470,-70.572812,3.000000,7007.019108,21.191818,369680.851064,376.000000,-9455.577148,0.000000,0.000000,0.000000,0.000000,0.000000,1.000000,0,0.000000,-35518.574219,-2842.433838,1877496294,1877497046,11279.234881,-25168.341065,-33590.583815,3858.887809
827,1764278939.870037079,37,0,C9:06:43:F9:43:3F,8E89BED6,-16012.117547,2989.691251,-16012.117830,328557.244371,239263.158621,0.995533,-47.258337,3.000000,7697.306241,20.814440,367021.276596,376.000000,-9504.411133,0.000000,0.000000,0.000000,0.000000,0.000000,1.000000,0,0.000000,-11495.662109,-6398.092285,1881502579,1881503331,3217.299719,-46358.737749,-19093.073310,5358.581516
828,1764278941.942773104,37,0,C9:06:43:F9:43:3F,8E89BED6,-16587.302521,2706.433009,-16587.302326,350766.531204,270872.966405,1.095240,-0.445398,2.500000,6952.330869,21.341360,369680.851064,376.000000,-9917.346680,0.000000,0.000000,0.000000,0.000000,0.000000,1.000000,0,0.000000,-10668.683594,-2923.670410,1885515080,1885515832,-188.758665,-45485.850524,-23721.572626,8793.232413
829,1764278943.975371122,37,0,C9:06:43:F9:43:3F,8E89BED6,-16669.024669,3724.314607,-16669.025230,349934.302857,253200.637441,1.059166,-11.276641,2.500000,7103.529733,21.210764,367021.276596,376.000000,-10889.229492,0.000000,0.000000,0.000000,0.000000,0.000000,1.000000,0,0.000000,-7145.673828,425.061249,1889528139,1889528891,120.155389,-40426.600882,-27523.587337,2973.687661
830,1764278946.000677586,37,0,C9:06:43:F9:43:3F,8E89BED6,-15774.675517,4555.069450,-15774.675118,355716.952331,259214.133429,1.094603,4.253877,3.000000,7942.344172,21.202460,367021.276596,376.000000,-7890.910645,0.000000,0.000000,0.000000,0.000000,0.000000,1.000000,0,0.000000,-58281.539062,-11993.375000,1893538576,1893539328,-18284.043688,-47040.469785,-10455.236839,24275.996134
831,1764278946.040430307,37,0,C9:06:43:F9:43:3F,8E89BED6,-15396.388219,4755.310463,-15396.387718,355433.883995,287282.545255,1.096123,4.512843,3.000000,7799.522300,21.170224,367021.276596,376.000000,-7942.505859,0.000000,0.000000,0.000000,0.000000,0.000000,1.000000,0,0.000000,-58281.539062,-12083.346680,1893538577,1893539329,15889.131770,-23248.996257,-26538.749459,13932.936050
832,1764278947.870611191,37,0,C9:06:43:F9:43:3F,8E89BED6,-16677.164917,3965.262370,-16677.163937,341038.485748,255396.605565,0.954760,61.648218,3.000000,7196.679228,21.249509,369680.851064,376.000000,-9865.037109,0.000000,0.000000,0.000000,0.000000,0.000000,1.000000,0,0.000000,-18309.054688,1445.977295,1897489866,1897490618,-15748.145299,-51485.497181,-3654.550250,13505.423427
833,1764278947.914288044,37,0,C9:06:43:F9:43:3F,8E89BED6,-16364.995172,4139.907499,-16364.994308,340520.995114,268453.681889,0.953571,61.796288,3.000000,7057.745060,21.218590,369680.851064,376.000000,-9895.607422,0.000000,0.000000,0.000000,0.000000,0.000000,1.000000,0,0.000000,-18045.658203,1322.555542,1897489867,1897490619,11995.370999,-32579.979390,-20230.653028,2023.124545
834,1764278950.156011105,37,0,C9:06:43:F9:43:3F,8E89BED6,-16682.121713,3559.623514,-16682.121716,341315.874986,266721.273267,1.019928,36.037565,2.500000,7188.001487,21.031461,369680.851064,376.000000,-9750.974609,0.000000,0.000000,0.000000,0.000000,0.000000,1.000000,0,0.000000,-7874.574707,4064.312500,1901506069,1901506821,-2480.790840,-40750.848544,-20815.270360,7954.402995
835,1764278952.166180849,37,0,C9:06:43:F9:43:3F,8E89BED6,-16544.996445,3700.891530,-16544.997680,338213.462739,263907.948461,1.009366,40.385406,2.500000,6723.334772,20.986549,367021.276596,376.000000,-9497.412109,0.000000,0.000000,0.000000,0.000000,0.000000,1.000000,0,0.000000,-6529.377441,-6055.057129,1905520395,1905521147,-3083.104635,-43632.238211,-23916.439424,9061.372970
836,1764278954.046392918,37,0,C9:06:43:F9:43:3F,8E89BED6,-16767.651298,3664.460148,-16767.651508,345670.261546,262492.469491,1.103470,-4.639354,2.500000,6853.356861,21.171289,364361.702128,376.000000,-9863.258789,0.000000,0.000000,0.000000,0.000000,0.000000,1.000000,0,0.000000,623.264160,12013.060547,1909495498,1909496250,789.923098,-39942.572907,-23690.909486,5907.513598
837,1764278956.261800051,37,0,C9:06:43:F9:43:3F,8E89BED6,-16195.260705,3887.287931,-16195.261385,336675.162541,258346.496362,1.068972,4.222098,3.000000,7453.220462,21.523656,367021.276596,376.000000,-9112.442383,0.000000,0.000000,0.000000,0.000000,0.000000,1.000000,0,0.000000,-74422.375000,-19901.527344,1913508427,1913509179,-8375.727310,-45537.141911,-16538.261108,13743.304641
838,1764278956.297625780,37,0,C9:06:43:F9:43:3F,8E89BED6,-15700.691556,4106.755975,-15700.691844,335178.640439,268656.481000,1.069594,4.900611,3.000000,7313.827127,21.483678,367021.276596,376.000000,-9000.542969,0.000000,0.000000,0.000000,0.000000,0.000000,1.000000,0,0.000000,-71752.882812,-19848.822266,1913508428,1913509180,17557.286958,-18536.091074,-19843.001848,7702.987502
839,1764278960.024276495,37,0,C9:06:43:F9:43:3F,8E89BED6,-16161.026989,3392.558329,-16161.026502,332879.651938,243595.478294,1.071743,-3.875767,2.500000,7567.303057,20.710413,369680.851064,376.000000,-9015.637695,0.000000,0.000000,0.000000,0.000000,0.000000,1.000000,0,0.000000,-37485.687500,-6514.466797,1921259945,1921260697,-1672.786018,-44058.180364,-21159.679111,7764.655768
840,1764278962.070142031,37,0,C9:06:43:F9:43:3F,8E89BED6,-16479.018419,1246.546290,-16479.017148,351249.840542,263347.769039,1.090823,9.266527,2.500000,6988.024857,21.035779,369680.851064,376.000000,-8900.843750,0.000000,0.000000,0.000000,0.000000,0.000000,1.000000,0,0.000000,-71078.820312,-29254.935547,1925261929,1925262681,-22168.760941,-55739.581868,-5870.456342,19321.435509
841,1764278962.123098373,37,0,C9:06:43:F9:43:3F,8E89BED6,-16243.395231,1444.024733,-16243.395151,350322.258999,265720.991874,1.091997,9.552581,2.500000,6848.516256,21.054961,369680.851064,376.000000,-8940.668945,0.000000,0.000000,0.000000,0.000000,0.000000,1.000000,0,0.000000,-70396.968750,-29233.437500,1925261930,1925262682,3459.314928,-36704.250327,-20614.203794,6971.922410
842,1764278964.196000338,37,0,C9:06:43:F9:43:3F,8E89BED6,-16238.591156,3821.712330,-16238.591642,350763.583412,263261.118873,1.021056,-38.841971,2.500000,7246.108162,20.991448,369680.851064,376.000000,-9873.582031,0.000000,0.000000,0.000000,0.000000,0.000000,1.000000,0,0.000000,-43463.386719,-23397.138672,1929263096,1929263848,-9605.876472,-42362.237759,-21707.955599,5411.627917
843,1764278964.235218525,37,0,C9:06:43:F9:43:3F,8E89BED6,-15752.363311,4041.492006,-15752.365367,350717.360697,261764.966506,1.022232,-38.594331,2.500000,7103.757973,20.934588,369680.851064,376.000000,-9749.909180,0.000000,0.000000,0.000000,0.000000,0.000000,1.000000,0,0.000000,-42887.507812,-23362.640625,1929263097,1929263849,23173.284730,-11278.422844,-34128.168963,9276.684500
844,1764278966.197327375,37,0,C9:06:43:F9:43:3F,8E89BED6,-16412.553805,4705.765771,-16412.554572,333353.815231,250338.638759,1.002648,-43.573065,2.500000,7237.133537,21.050312,367021.276596,376.000000,-7705.560547,0.000000,0.000000,0.000000,0.000000,0.000000,1.000000,0,0.000000,-48280.042969,-16132.953125,1933269743,1933270495,-23282.366900,-53637.895188,-5990.568313,34155.517189
845,1764278966.230926037,37,0,C9:06:43:F9:43:3F,8E89BED6,-16196.553944,4908.984713,-16196.555056,332467.170555,253656.450158,1.003778,-43.016779,2.500000,7094.579863,21.056595,367021.276596,376.000000,-7764.410156,0.000000,0.000000,0.000000,0.000000,0.000000,1.000000,0,0.000000,-43468.558594,-16132.053711,1933269744,1933270496,6748.390379,-38439.181046,-25691.437980,11360.986647
848,1764278968.237812281,37,0,C9:06:43:F9:43:3F,8E89BED6,-16710.031144,3533.635380,-16710.031806,331351.463724,243870.575290,0.922358,71.216921,2.500000,6832.882320,21.300320,367021.276596,376.000000,-9883.525391,0.000000,0.000000,0.000000,0.000000,0.000000,1.000000,0,0.000000,-8173.309570,-8781.027344,1937284362,1937285114,-936.389945,-37865.886053,-21726.579176,6128.463394
849,1764278970.414404631,37,0,C9:06:43:F9:43:3F,8E89BED6,-15773.695048,3741.454013,-15773.694709,335977.446883,247180.111478,0.926589,-76.262533,3.000000,8051.475288,22.059734,367021.276596,376.000000,-8949.827148,0.000000,0.000000,0.000000,0.000000,0.000000,1.000000,0,0.000000,-108584.156250,-25161.107422,1941298117,1941298869,-13142.011724,-49519.465840,-17504.117030,12557.855970
850,1764278970.457950354,37,0,C9:06:43:F9:43:3F,8E89BED6,-15334.734256,3928.780802,-15334.732880,336009.464799,290540.879665,0.926356,-75.769437,3.000000,7910.488162,21.860473,367021.276596,376.000000,-8918.867188,0.000000,0.000000,0.000000,0.000000,0.000000,1.000000,0,0.000000,-108584.156250,-25074.103516,1941298118,1941298870,19705.876801,-21106.631284,-26275.555538,13670.546605
851,1764278972.500802755,37,0,C9:06:43:F9:43:3F,8E89BED6,-16421.593854,3617.903819,-16421.595079,346518.970092,257919.472861,1.059243,-23.285146,2.500000,7386.268966,21.512446,367021.276596,376.000000,-8558.864258,0.000000,0.000000,0.000000,0.000000,0.000000,1.000000,0,0.000000,-51238.300781,-8756.082031,1945309960,1945310712,-21938.057876,-50249.433362,-9377.993263,17696.864693
852,1764278972.547393084,37,0,C9:06:43:F9:43:3F,8E89BED6,-16180.218286,3815.582500,-16180.219149,346229.829921,279868.045273,1.061059,-22.807428,2.500000,7245.183846,21.490532,367021.276596,376.000000,-8640.781250,0.000000,0.000000,0.000000,0.000000,0.000000,1.000000,0,0.000000,-50310.144531,-8821.458008,1945309961,1945310713,10798.380287,-30609.438636,-24983.889568,4597.826255
853,1764278974.521290302,37,0,C9:06:43:F9:43:3F,8E89BED6,-15751.752231,3246.741669,-15751.751952,334536.241935,258353.270583,1.053870,23.200595,3.000000,7905.598563,20.763798,369680.851064,376.000000,-8292.785156,0.000000,0.000000,0.000000,0.000000,0.000000,1.000000,0,0.000000,-48332.328125,-13646.638672,1949321101,1949321853,-14911.814346,-47939.843558,-6564.952933,11321.506952
854,1764278974.553267717,37,0,C9:06:43:F9:43:3F,8E89BED6,-15375.270876,3448.757721,-15375.269764,332799.706796,259695.082197,1.052967,23.846436,3.000000,7768.239993,20.646964,369680.851064,376.000000,-8252.565430,0.000000,0.000000,0.000000,0.000000,0.000000,1.000000,0,0.000000,-47196.000000,-13696.001953,1949321102,1949321854,17815.861514,-23855.359042,-26202.248671,11649.287780
855,1764278976.727360487,37,0,C9:06:43:F9:43:3F,8E89BED6,-16488.334912,4329.248064,-16488.334876,344055.532092,262358.871303,1.033580,33.753091,2.500000,6700.132756,21.465029,367021.276596,376.000000,-8981.735352,0.000000,0.000000,0.000000,0.000000,0.000000,1.000000,0,0.000000,-15839.591797,-7057.962402,1953333359,1953334111,1937.034361,-38740.330927,-19604.839168,926.009379
856,1764278978.811476946,37,0,C9:06:43:F9:43:3F,8E89BED6,-16744.076769,4350.454613,-16744.076253,338507.057949,260626.275728,0.953945,-60.544462,3.000000,7197.167434,20.643505,369680.851064,376.000000,-9260.209961,0.000000,0.000000,0.000000,0.000000,0.000000,1.000000,0,0.000000,-18195.767578,6558.373047,1957325184,1957325936,-19940.976972,-46140.915726,-1832.968426,12523.374366
857,1764278978.859230757,37,0,C9:06:43:F9:43:3F,8E89BED6,-16432.468862,4531.753289,-16432.467456,337820.757440,269505.515838,0.954362,-60.156437,3.000000,7057.128039,20.526325,369680.851064,376.000000,-9258.070312,0.000000,0.000000,0.000000,0.000000,0.000000,1.000000,0,0.000000,-18195.767578,6447.324219,1957325185,1957325937,10161.337177,-21588.604684,-29735.474151,8091.490493
858,1764278980.899020910,37,0,C9:06:43:F9:43:3F,8E89BED6,-16215.686217,4030.955248,-16215.685412,349901.983376,258589.793412,1.074105,11.774815,3.000000,7434.886608,21.094200,369680.851064,376.000000,-8924.020508,0.000000,0.000000,0.000000,0.000000,0.000000,1.000000,0,0.000000,-28466.048828,-1935.642334,1961333603,1961334355,-13804.756526,-51040.692636,-15570.320618,13970.661859
859,1764278980.956387281,37,0,C9:06:43:F9:43:3F,8E89BED6,-15803.074639,4216.481510,-15803.072124,348346.760876,273584.770855,1.074186,12.381764,3.000000,7295.015543,21.111303,369680.851064,376.000000,-8894.252930,0.000000,0.000000,0.000000,0.000000,0.000000,1.000000,0,0.000000,-28466.048828,-2036.133667,1961333604,1961334356,19568.019078,-21972.792798,-36528.617591,10757.852832
860,1764278983.161485195,37,0,C9:06:43:F9:43:3F,8E89BED6,-15681.238281,4373.395410,-15681.238949,344433.198502,260377.674926,1.027202,36.395442,3.000000,7870.710046,21.541449,369680.851064,376.000000,-8523.299805,0.000000,0.000000,0.000000,0.000000,0.000000,1.000000,0,0.000000,-19905.576172,5008.218750,1965338038,1965338790,-16317.242979,-49760.165988,-10284.589255,24143.007030
861,1764278983.200710297,37,0,C9:06:43:F9:43:3F,8E89BED6,-15325.362395,4563.183029,-15325.360688,343166.860825,271591.847741,1.026130,36.831330,3.000000,7729.887232,21.513669,369680.851064,376.000000,-8487.453125,0.000000,0.000000,0.000000,0.000000,0.000000,1.000000,0,0.000000,-19905.576172,4874.281738,1965338039,1965338791,17646.078332,-25081.667695,-31183.076030,12558.575618
862,1764278985.333030939,37,0,C9:06:43:F9:43:3F,8E89BED6,-16838.552175,3768.849302,-16838.552542,352276.622154,255968.164153,1.082118,-9.612883,2.500000,6797.717211,21.704339,367021.276596,376.000000,-9061.487305,0.000000,0.000000,0.000000,0.000000,0.000000,1.000000,0,0.000000,-40958.484375,1013.187195,1969234019,1969234771,-25311.882163,-44699.740145,-11166.462287,27513.828376
863,1764278985.376702309,37,0,C9:06:43:F9:43:3F,8E89BED6,-16668.586383,3942.284530,-16668.587531,351578.195899,269362.884636,1.083999,-9.410558,2.500000,6650.559665,21.689808,367021.276596,376.000000,-9158.358398,0.000000,0.000000,0.000000,0.000000,0.000000,1.000000,0,0.000000,-40958.484375,931.557495,1969234020,1969234772,2946.070624,-40166.176275,-24427.084962,5806.032696
864,1764278987.434420586,37,0,C9:06:43:F9:43:3F,8E89BED6,-17025.910681,3940.156174,-17025.910373,318259.765494,231198.120115,1.059843,16.905406,3.000000,6584.588508,20.990903,367021.276596,376.000000,-8932.066406,0.000000,0.000000,0.000000,0.000000,0.000000,1.000000,0,0.000000,-21366.349609,1407.579956,1973237060,1973237812,-21993.623972,-48582.265340,-3967.213545,18093.117637
865,1764278987.483980894,37,0,C9:06:43:F9:43:3F,8E89BED6,-16825.957688,4128.566815,-16825.957496,318058.808728,249477.749468,1.060968,17.126048,3.000000,6443.068506,20.952736,367021.276596,376.000000,-9013.374023,0.000000,0.000000,0.000000,0.000000,0.000000,1.000000,0,0.000000,-20098.906250,1261.451416,1973237061,1973237813,5163.984301,-38327.749180,-29281.825571,5352.133180
866,1764278989.586188316,37,0,C9:06:43:F9:43:3F,8E89BED6,-16143.714879,4085.000992,-16143.714107,342701.289711,262669.741523,0.977780,54.216760,2.500000,7381.591394,21.187250,367021.276596,376.000000,-8796.635742,0.000000,0.000000,0.000000,0.000000,0.000000,1.000000,0,0.000000,-25790.292969,-7386.814453,1977242990,1977243742,4685.555156,-35142.423326,-30212.799610,5581.945630
867,1764278991.760134220,37,0,C9:06:43:F9:43:3F,8E89BED6,-16275.380965,2478.933694,-16275.380458,344771.742300,260964.532445,1.097118,-5.082865,3.000000,7556.705464,21.033309,369680.851064,376.000000,-9364.574219,0.000000,0.000000,0.000000,0.000000,0.000000,1.000000,0,0.000000,-61064.652344,-6109.934570,1981033913,1981034665,-13625.862495,-52966.901786,-10683.490122,13689.047427
868,1764278991.808849096,37,0,C9:06:43:F9:43:3F,8E89BED6,-15912.137111,2673.308014,-15912.137605,343759.058362,269340.894539,1.098723,-4.675723,3.000000,7417.225455,21.026741,369680.851064,376.000000,-9332.863281,0.000000,0.000000,0.000000,0.000000,0.000000,1.000000,0,0.000000,-61064.652344,-6206.483398,1981033914,1981034666,19040.084430,-27979.714418,-23271.052155,4564.300575
869,1764278993.818733931,37,0,C9:06:43:F9:43:3F,8E89BED6,-16648.635885,2829.822472,-16648.634992,341793.922286,260944.868949,0.991265,48.228598,3.000000,7250.761604,21.391899,369680.851064,376.000000,-10562.039062,0.000000,0.000000,0.000000,0.000000,0.000000,1.000000,0,0.000000,-65912.992188,-9143.259766,1985036815,1985037567,-17798.191681,-56567.076434,-14528.283479,15464.350419
870,1764278993.857257366,37,0,C9:06:43:F9:43:3F,8E89BED6,-16295.680463,3024.304784,-16295.680189,341812.040118,249424.873987,0.989556,48.825796,3.000000,7113.299900,21.354805,369680.851064,376.000000,-10583.977539,0.000000,0.000000,0.000000,0.000000,0.000000,1.000000,0,0.000000,-65912.992188,-9222.942383,1985036816,1985037568,17639.964304,-30956.952400,-30959.623746,4136.793782
871,1764278995.851839542,37,0,C9:06:43:F9:43:3F,8E89BED6,-15811.171852,4657.003628,-15811.172907,336612.434424,256768.251192,1.038343,-27.571863,3.000000,8187.540119,21.407254,367021.276596,376.000000,-8307.035156,0.000000,0.000000,0.000000,0.000000,0.000000,1.000000,0,0.000000,-12706.833984,3787.490479,1989043345,1989044097,-14012.576288,-49587.026356,-14946.348982,24027.593706
872,1764278995.890160322,37,0,C9:06:43:F9:43:3F,8E89BED6,-15381.397860,4856.726912,-15381.396819,336649.615378,260305.774902,1.040179,-26.824956,3.000000,8042.858136,21.345287,367021.276596,376.000000,-8247.304688,0.000000,0.000000,0.000000,0.000000,0.000000,1.000000,0,0.000000,-12706.833984,3645.099854,1989043346,1989044098,15848.953067,-25784.439681,-32577.459726,13603.839758
874,1764278998.058598042,37,0,C9:06:43:F9:43:3F,8E89BED6,-15946.691360,3101.011250,-15946.691184,346827.540943,251904.420204,1.056941,-11.813643,3.000000,7856.323279,20.605201,369680.851064,376.000000,-8502.064453,0.000000,0.000000,0.000000,0.000000,0.000000,1.000000,0,0.000000,-29347.478516,5291.484863,1993061255,1993062007,-13745.552154,-51906.562266,-11903.021563,8740.144436
875,1764278998.091600657,37,0,C9:06:43:F9:43:3F,8E89BED6,-15537.202791,3296.786241,-15537.203401,346780.702187,279674.189755,1.058162,-10.976295,3.000000,7716.373561,20.631781,369680.851064,376.000000,-8467.375000,0.000000,0.000000,0.000000,0.000000,0.000000,1.000000,0,0.000000,-12029.172852,5174.420410,1993061256,1993062008,17451.289594,-17212.200690,-28299.862444,7065.786190
876,1764279000.045598269,37,0,C9:06:43:F9:43:3F,8E89BED6,-16464.093316,3999.753586,-16464.093956,339014.700498,258816.783371,0.883204,-77.733448,3.000000,6915.544544,21.646512,369680.851064,376.000000,-8753.077148,0.000000,0.000000,0.000000,0.000000,0.000000,1.000000,0,0.000000,-84543.500000,-13324.182617,1997073373,1997074125,-22122.942207,-52078.084757,-14062.864022,25554.248514
877,1764279000.093804121,37,0,C9:06:43:F9:43:3F,8E89BED6,-16186.109001,4176.689656,-16186.109136,339039.618799,256378.021740,0.881888,-77.712965,3.000000,6773.927349,21.491804,369680.851064,376.000000,-8757.474609,0.000000,0.000000,0.000000,0.000000,0.000000,1.000000,0,0.000000,-84543.500000,-13337.895508,1997073374,1997074126,10077.765428,-31822.109436,-30606.264817,10994.752047
878,1764279001.853175879,37,0,C9:06:43:F9:43:3F,8E89BED6,-16369.498834,4337.892207,-16369.498981,365026.219323,272405.158680,0.995478,-47.659325,2.500000,7282.273271,20.651353,369680.851064,376.000000,-9126.984375,0.000000,0.000000,0.000000,0.000000,0.000000,1.000000,0,0.000000,-37990.558594,-8650.171875,2000932567,2000933319,-7776.620266,-45628.202925,-11830.914976,1857.328311
879,1764279004.071775198,37,0,C9:06:43:F9:43:3F,8E89BED6,-16332.484239,3494.727219,-16332.484702,345813.207558,273291.663881,1.022380,-36.447415,2.500000,7108.404164,21.452356,367021.276596,376.000000,-9023.799805,0.000000,0.000000,0.000000,0.000000,0.000000,1.000000,0,0.000000,-30752.375000,-7401.945312,2004946917,2004947669,2756.754855,-38502.539356,-28350.695506,6297.251961
882,1764279006.039503098,37,0,C9:06:43:F9:43:3F,8E89BED6,-15365.451342,4524.311998,-15365.451294,331179.861533,239283.253256,1.050727,-19.004219,2.500000,8134.621288,21.589790,367021.276596,376.000000,-9371.679688,0.000000,0.000000,0.000000,0.000000,0.000000,1.000000,0,0.000000,-33989.476562,-5130.088379,2008805350,2008806102,-9500.551845,-49862.011177,-13173.420416,12205.050343
883,1764279006.071227074,37,0,C9:06:43:F9:43:3F,8E89BED6,-14907.914219,4729.511081,-14907.914715,330896.439358,270200.426265,1.051217,-18.214705,2.500000,7989.251768,21.561686,367021.276596,376.000000,-9283.970703,0.000000,0.000000,0.000000,0.000000,0.000000,1.000000,0,0.000000,-33989.476562,-5234.656250,2008805351,2008806103,19429.026165,-18298.171506,-27763.232572,13573.088427
884,1764279008.092502594,37,0,C9:06:43:F9:43:3F,8E89BED6,-16747.116404,3534.432051,-16747.116367,335906.398545,236275.292929,1.069052,8.289428,3.000000,6803.555566,21.389242,367021.276596,376.000000,-9105.419922,0.000000,0.000000,0.000000,0.000000,0.000000,1.000000,0,0.000000,-11352.493164,2780.166992,2012812598,2012813350,-19121.621615,-51305.979216,-5299.389360,20267.477955
885,1764279008.131549597,37,0,C9:06:43:F9:43:3F,8E89BED6,-16473.002003,3711.446076,-16473.001179,333941.143885,252727.330574,1.069605,8.890303,3.000000,6664.272036,21.303890,367021.276596,376.000000,-9130.250977,0.000000,0.000000,0.000000,0.000000,0.000000,1.000000,0,0.000000,-10905.482422,2613.046387,2012812599,2012813351,9379.151526,-31428.726377,-28943.563961,5562.992735
886,1764279010.232738256,37,0,C9:06:43:F9:43:3F,8E89BED6,-16098.250220,3685.700674,-16098.249631,355434.471417,256857.693560,0.962173,-56.864573,3.000000,7035.803315,21.630237,364361.702128,376.000000,-9152.725586,0.000000,0.000000,0.000000,0.000000,0.000000,1.000000,0,0.000000,-53400.730469,-4361.583496,2016826314,2016827066,-18346.390471,-46471.759559,-3540.246133,23932.909742
887,1764279010.266283512,37,0,C9:06:43:F9:43:3F,8E89BED6,-15792.538934,3870.639952,-15792.539806,354630.473219,281355.647831,0.962618,-56.551802,3.000000,6892.369638,21.666454,364361.702128,376.000000,-9137.556641,0.000000,0.000000,0.000000,0.000000,0.000000,1.000000,0,0.000000,-53400.730469,-4506.358398,2016826315,2016827067,16754.967601,-23916.439573,-27694.856634,15049.258522
888,1764279012.202495337,37,0,C9:06:43:F9:43:3F,8E89BED6,-15851.720363,3740.830365,-15851.721352,351467.002871,255112.439016,1.063015,-19.762696,3.000000,8288.558013,20.396603,367021.276596,376.000000,-8670.460938,0.000000,0.000000,0.000000,0.000000,0.000000,1.000000,0,0.000000,-55933.843750,-15106.113281,2020840953,2020841705,-12385.659847,-49931.665363,-6395.139039,6437.478083
889,1764279012.237056971,37,0,C9:06:43:F9:43:3F,8E89BED6,-15434.198112,3931.605112,-15434.198118,351433.022813,264367.534674,1.064885,-19.157706,3.000000,8148.117372,20.404679,367021.276596,376.000000,-8623.842773,0.000000,0.000000,0.000000,0.000000,0.000000,1.000000,0,0.000000,-48533.722656,-15125.468750,2020840954,2020841706,16548.961084,-21715.534577,-26293.535573,7831.833036
890,1764279014.204101562,37,0,C9:06:43:F9:43:3F,8E89BED6,-15788.790443,4236.558368,-15788.790197,344498.866310,246073.261737,0.943688,-80.596227,3.000000,7955.002821,21.234888,367021.276596,376.000000,-9229.008789,0.000000,0.000000,0.000000,0.000000,0.000000,1.000000,0,0.000000,-1266.724731,194.125000,2024853514,2024854266,-17242.450143,-52715.457409,-2599.192991,23990.538770
891,1764279014.250307083,37,0,C9:06:43:F9:43:3F,8E89BED6,-15518.328306,4420.883520,-15518.328787,344154.569687,277808.435721,0.944518,-79.739658,3.000000,7808.390833,21.187883,367021.276596,376.000000,-9208.308594,0.000000,0.000000,0.000000,0.000000,0.000000,1.000000,0,0.000000,-1266.724731,41.109642,2024853515,2024854267,13365.819138,-28172.129423,-18849.915277,8030.178116
892,1764279016.347114563,37,0,C9:06:43:F9:43:3F,8E89BED6,-16266.871786,4353.913715,-16266.872299,334057.785856,256437.242623,1.075623,-6.907835,2.500000,7542.424448,21.104883,369680.851064,376.000000,-9649.695312,0.000000,0.000000,0.000000,0.000000,0.000000,1.000000,0,0.000000,-5217.573730,-2578.423584,2028664938,2028665690,-2206.528100,-45332.786389,-19366.394066,8876.392079
893,1764279018.277716160,37,0,C9:06:43:F9:43:3F,8E89BED6,-16052.415350,3444.052276,-16052.415222,326993.365989,244150.817779,1.043794,27.914499,2.500000,7652.928726,21.217694,367021.276596,376.000000,-10398.331055,0.000000,0.000000,0.000000,0.000000,0.000000,1.000000,0,0.000000,-6171.121094,3544.358887,2032673543,2032674295,137.503828,-41717.539081,-26220.595358,6071.736378
896,1764279020.315099239,37,0,C9:06:43:F9:43:3F,8E89BED6,-15628.191469,3895.677933,-15628.190883,334842.387982,253703.303153,1.069930,-21.211414,3.000000,7892.777446,21.704882,329787.234043,376.000000,-8808.387695,0.000000,0.000000,0.000000,0.000000,0.000000,1.000000,0,0.000000,-51546.324219,-17429.943359,2036679998,2036680750,-13548.684967,-48759.627386,-12064.558067,16702.025103
897,1764279020.356895208,37,0,C9:06:43:F9:43:3F,8E89BED6,-15242.755549,4093.968125,-15242.755431,334549.614669,273817.908905,1.071808,-20.805407,3.000000,7748.201886,21.667066,364361.702128,376.000000,-8789.228516,0.000000,0.000000,0.000000,0.000000,0.000000,1.000000,0,0.000000,-51546.324219,-17488.144531,2036679999,2036680751,18141.946663,-20514.506313,-28110.341855,11544.476982
898,1764279022.435886621,37,0,C9:06:43:F9:43:3F,8E89BED6,-15706.238765,4241.941975,-15706.238660,352955.546736,274007.187834,0.910582,86.710384,3.000000,7795.143977,21.640586,367021.276596,376.000000,-9581.569336,0.000000,0.000000,0.000000,0.000000,0.000000,1.000000,0,0.000000,-18668.781250,2075.971680,2040639437,2040640189,-11501.019567,-52031.063636,-12986.382539,18309.522773
899,1764279022.482662916,37,0,C9:06:43:F9:43:3F,8E89BED6,-15268.076451,4451.614497,-15268.076911,352888.090847,257211.376111,0.909271,87.079779,3.000000,7653.378840,21.568775,367021.276596,376.000000,-9517.854492,0.000000,0.000000,0.000000,0.000000,0.000000,1.000000,0,0.000000,-18668.781250,1917.105347,2040639438,2040640190,21867.192963,-18640.588129,-27302.391569,14117.206167
901,1764279024.540354729,37,0,C9:06:43:F9:43:3F,8E89BED6,-16220.469709,3466.010525,-16220.470147,329876.476007,246424.597014,1.031710,-32.205964,3.000000,7587.765049,21.583720,367021.276596,376.000000,-9131.326172,0.000000,0.000000,0.000000,0.000000,0.000000,1.000000,0,0.000000,-62945.367188,-3585.704834,2044649197,2044649949,-10822.174006,-47845.752672,-14065.046619,10196.575436
902,1764279024.574573994,37,0,C9:06:43:F9:43:3F,8E89BED6,-15762.686460,3645.929947,-15762.686824,327934.361127,255383.666604,1.033458,-31.499849,3.000000,7447.509774,21.630472,367021.276596,376.000000,-9002.405273,0.000000,0.000000,0.000000,0.000000,0.000000,1.000000,0,0.000000,-62945.367188,-3628.729248,2044649198,2044649950,19462.019337,-16377.783465,-27993.343802,16021.316347
903,1764279026.352648497,37,0,C9:06:43:F9:43:3F,8E89BED6,-17106.130451,3535.477466,-17106.129772,319269.489436,254557.399445,1.081022,-2.860393,2.500000,6881.917400,20.751033,367021.276596,376.000000,-8733.023438,0.000000,0.000000,0.000000,0.000000,0.000000,1.000000,0,0.000000,-26328.208984,-10726.517578,2048423564,2048424316,-24739.425120,-55738.990163,-8054.551499,23452.668466
904,1764279026.391093493,37,0,C9:06:43:F9:43:3F,8E89BED6,-16938.198048,3696.183754,-16938.198323,318419.095967,252055.650059,1.081918,-2.260028,2.500000,6740.444298,20.655392,367021.276596,376.000000,-8812.298828,0.000000,0.000000,0.000000,0.000000,0.000000,1.000000,0,0.000000,-26328.208984,-10734.825195,2048423565,2048424317,1246.936885,-39466.943228,-24588.517055,9770.516681
905,1764279028.354297638,37,0,C9:06:43:F9:43:3F,8E89BED6,-15267.213475,4080.649559,-15267.213831,353577.491076,257987.841461,1.096152,-1.131916,3.000000,7743.285019,21.397063,367021.276596,376.000000,-8227.740234,0.000000,0.000000,0.000000,0.000000,0.000000,1.000000,0,0.000000,-18518.847656,-3487.354492,2052437306,2052438058,-7918.469240,-45468.311566,-16566.193029,19186.613166
906,1764279028.393549919,37,0,C9:06:43:F9:43:3F,8E89BED6,-14808.074943,4266.011689,-14808.074735,353234.215988,272720.591370,1.096344,-0.564234,3.000000,7598.854849,21.397415,367021.276596,376.000000,-8081.223633,0.000000,0.000000,0.000000,0.000000,0.000000,1.000000,0,0.000000,-18518.847656,-3575.198975,2052437307,2052438059,18338.442138,-15419.228065,-21400.726231,20873.902532
908,1764279030.366163015,37,0,C9:06:43:F9:43:3F,8E89BED6,-15633.345085,4775.538295,-15633.345271,335052.611538,248107.292428,1.120147,7.632042,3.000000,7745.944812,21.293501,367021.276596,376.000000,-8111.530762,0.000000,0.000000,0.000000,0.000000,0.000000,1.000000,0,0.000000,-109287.562500,-20584.035156,2056448414,2056449166,-18170.343753,-49008.859537,-12394.434159,21633.475785
909,1764279030.399488688,37,0,C9:06:43:F9:43:3F,8E89BED6,-15177.342036,4977.221164,-15177.341744,335027.986053,251412.938139,1.120945,7.956493,3.000000,7602.798667,21.242769,367021.276596,376.000000,-7999.839844,0.000000,0.000000,0.000000,0.000000,0.000000,1.000000,0,0.000000,-106192.421875,-20569.183594,2056448415,2056449167,17111.018245,-17734.064839,-22969.013449,9610.765820
910,1764279032.349847794,37,0,C9:06:43:F9:43:3F,8E89BED6,-16218.682538,3800.902226,-16218.682199,342699.752944,255410.093468,1.001342,44.513000,2.500000,6988.721554,21.260888,367021.276596,376.000000,-7921.776855,0.000000,0.000000,0.000000,0.000000,0.000000,1.000000,0,0.000000,-25777.433594,-10232.178711,2060178044,2060178796,6846.270862,-40411.393912,-28592.050939,7182.859673
911,1764279034.337844133,37,0,C9:06:43:F9:43:3F,8E89BED6,-15773.966471,4988.561825,-15773.966975,341226.610069,242743.003838,1.032061,32.014499,3.000000,8248.586837,21.030056,369680.851064,376.000000,-8472.570312,0.000000,0.000000,0.000000,0.000000,0.000000,1.000000,0,0.000000,-18645.199219,1405.392700,2064189955,2064190707,-7884.963577,-49425.413302,-7585.122450,11148.996497
912,1764279034.377134800,37,0,C9:06:43:F9:43:3F,8E89BED6,-15292.945134,5183.098861,-15292.944645,340247.239583,259390.340679,1.030831,32.654892,3.000000,8106.865361,21.036414,369680.851064,376.000000,-8335.787109,0.000000,0.000000,0.000000,0.000000,0.000000,1.000000,0,0.000000,-17245.240234,1273.151245,2064189956,2064190708,17844.314019,-22731.668804,-23676.016693,10548.104616
913,1764279036.329793930,37,0,C9:06:43:F9:43:3F,8E89BED6,-15748.138432,3339.935349,-15748.137828,352286.180684,275422.475010,0.947075,-80.983107,3.000000,7864.236244,20.961830,369680.851064,376.000000,-9402.257812,0.000000,0.000000,0.000000,0.000000,0.000000,1.000000,0,0.000000,-17404.648438,-6292.011719,2068199931,2068200683,-4518.509995,-48011.486545,-19954.304965,3168.905612
914,1764279038.373094082,37,0,C9:06:43:F9:43:3F,8E89BED6,-16000.202703,3443.604635,-16000.203347,338651.783354,255719.339941,1.086432,-10.688083,3.000000,7684.749942,21.418636,369680.851064,376.000000,-9716.613281,0.000000,0.000000,0.000000,0.000000,0.000000,1.000000,0,0.000000,-35389.261719,-14412.449219,2072209525,2072210277,-16844.532759,-50875.990250,-14658.427054,20093.017729
915,1764279038.418175459,37,0,C9:06:43:F9:43:3F,8E89BED6,-15601.597886,3645.640315,-15601.598077,337991.760143,259084.257211,1.088170,-10.218285,3.000000,7543.576881,21.430174,369680.851064,376.000000,-9697.597656,0.000000,0.000000,0.000000,0.000000,0.000000,1.000000,0,0.000000,-32410.800781,-14474.527344,2072209526,2072210278,21161.804578,-24765.817328,-26833.584599,-248.553829
916,1764279040.548941612,37,0,C9:06:43:F9:43:3F,8E89BED6,-16760.171289,3469.086541,-16760.170776,330426.420794,256518.262558,1.078248,13.587355,2.500000,7009.089430,20.997068,369680.851064,376.000000,-10495.232422,0.000000,0.000000,0.000000,0.000000,0.000000,1.000000,0,0.000000,-22551.027344,-9790.932617,2076225159,2076225911,733.661903,-40766.071052,-22692.983708,5885.901005
917,1764279042.650208235,37,0,C9:06:43:F9:43:3F,8E89BED6,-15993.255413,4138.761081,-15993.254887,346941.151650,241738.800482,1.011630,-40.246519,3.000000,7480.105120,20.882201,367021.276596,376.000000,-9597.070312,0.000000,0.000000,0.000000,0.000000,0.000000,1.000000,0,0.000000,-15719.825195,4716.821289,2080237604,2080238356,-15572.636992,-51226.297805,-11388.528235,10611.958503
918,1764279042.699028254,37,0,C9:06:43:F9:43:3F,8E89BED6,-15591.171869,4326.282626,-15591.171242,346289.043603,274485.782309,1.013402,-39.573145,3.000000,7335.826080,20.863944,369680.851064,376.000000,-9513.044922,0.000000,0.000000,0.000000,0.000000,0.000000,1.000000,0,0.000000,-9769.667969,4544.214355,2080237605,2080238357,12939.748826,-25996.034882,-29559.362709,7240.026268
919,1764279044.700837612,37,0,C9:06:43:F9:43:3F,8E89BED6,-15665.520061,3784.633679,-15665.519925,344896.862239,251743.504286,0.969712,56.944508,2.500000,7724.542944,20.932107,367021.276596,376.000000,-8503.752930,0.000000,0.000000,0.000000,0.000000,0.000000,1.000000,0,0.000000,-38419.105469,-15316.542969,2084250101,2084250853,-5149.120414,-41983.553055,-18921.354118,9511.204388
920,1764279046.880777359,37,0,C9:06:43:F9:43:3F,8E89BED6,-15716.109664,4023.642361,-15716.108646,343319.923446,248088.148559,0.918587,84.725551,3.000000,7808.427239,21.165407,367021.276596,376.000000,-7646.989258,0.000000,0.000000,0.000000,0.000000,0.000000,1.000000,0,0.000000,5689.933105,-5928.543945,2088259620,2088260372,-16867.617662,-51753.908658,-11375.409415,16640.291546
921,1764279046.931069374,37,0,C9:06:43:F9:43:3F,8E89BED6,-15416.507978,4197.755560,-15416.508243,341638.666149,264646.129314,0.917769,85.305049,3.000000,7664.367490,21.240769,367021.276596,376.000000,-7635.570312,0.000000,0.000000,0.000000,0.000000,0.000000,1.000000,0,0.000000,5689.933105,-6038.672852,2088259621,2088260373,12905.812721,-30703.953613,-26873.585190,16074.527830
922,1764279048.964295626,37,0,C9:06:43:F9:43:3F,8E89BED6,-15578.819354,4607.557294,-15578.818383,334987.513574,246046.386031,0.936771,-66.687277,3.000000,7973.946926,21.103173,369680.851064,376.000000,-8187.038574,0.000000,0.000000,0.000000,0.000000,0.000000,1.000000,0,0.000000,-28933.013672,-15034.323242,2092261416,2092262168,-14611.216696,-47667.726562,-16598.181184,21439.772877
923,1764279048.999235868,37,0,C9:06:43:F9:43:3F,8E89BED6,-15102.019714,4787.235454,-15102.018048,334703.340446,269764.569369,0.937439,-66.186630,3.000000,7830.369266,21.141294,369680.851064,376.000000,-8090.102539,0.000000,0.000000,0.000000,0.000000,0.000000,1.000000,0,0.000000,-28933.013672,-15141.423828,2092261417,2092262169,16872.954051,-20794.528726,-22745.829441,13274.615931
924,1764279051.180708170,37,0,C9:06:43:F9:43:3F,8E89BED6,-16711.487382,4008.768505,-16711.488446,336884.789387,256225.978969,1.064262,-15.753456,2.500000,6960.192210,20.810437,367021.276596,376.000000,-9228.344727,0.000000,0.000000,0.000000,0.000000,0.000000,1.000000,0,0.000000,-25525.212891,-5647.273926,2096260199,2096260951,3410.736534,-40398.737297,-28193.959765,4427.595526
927,1764279053.286017418,37,0,C9:06:43:F9:43:3F,8E89BED6,-16622.093534,3701.087663,-16622.093650,346180.473623,253760.683520,1.040229,30.158181,2.500000,7036.498255,21.155734,369680.851064,376.000000,-7912.847656,0.000000,0.000000,0.000000,0.000000,0.000000,1.000000,0,0.000000,-70997.093750,-5875.745605,2100262499,2100263251,-22594.535110,-53425.060349,-14035.874548,30456.048720
928,1764279053.333849907,37,0,C9:06:43:F9:43:3F,8E89BED6,-16394.377922,3882.374195,-16394.378120,346154.098648,268630.449048,1.040271,30.440971,2.500000,6889.234001,21.149992,369680.851064,376.000000,-7986.371582,0.000000,0.000000,0.000000,0.000000,0.000000,1.000000,0,0.000000,-70997.093750,-5898.223145,2100262500,2100263252,10811.346492,-37443.420755,-23558.935598,6992.467228
929,1764279055.517101049,37,0,C9:06:43:F9:43:3F,8E89BED6,-16850.210449,4086.777866,-16850.211006,350809.930998,276790.758425,0.997811,46.044057,2.500000,7188.729468,20.389435,367021.276596,376.000000,-8962.414062,0.000000,0.000000,0.000000,0.000000,0.000000,1.000000,0,0.000000,-6298.572754,-1170.702881,2104269051,2104269803,-26250.945403,-50448.874280,-1382.885285,16552.359714
930,1764279055.563480616,37,0,C9:06:43:F9:43:3F,8E89BED6,-16768.248212,4240.523849,-16768.247426,350796.132107,272164.843110,0.996352,46.712888,2.500000,7049.558457,20.413145,369680.851064,376.000000,-9072.313477,0.000000,0.000000,0.000000,0.000000,0.000000,1.000000,0,0.000000,-265.493927,-1359.149048,2104269052,2104269804,3265.749572,-38312.626765,-28368.945899,1556.722584
931,1764279057.541838884,37,0,C9:06:43:F9:43:3F,8E89BED6,-15899.952434,3688.060966,-15899.951989,345329.749062,256576.834567,1.014482,-35.810059,3.000000,8022.719052,20.786424,367021.276596,376.000000,-9231.890625,0.000000,0.000000,0.000000,0.000000,0.000000,1.000000,0,0.000000,-66514.453125,-8506.096680,2108281732,2108282484,-11456.562040,-56103.750316,-11731.319119,9712.687953
932,1764279057.574694633,37,0,C9:06:43:F9:43:3F,8E89BED6,-15447.906402,3882.833218,-15447.905773,344417.065714,253718.002384,1.016334,-34.646413,3.000000,7882.053560,20.777070,367021.276596,376.000000,-9159.033203,0.000000,0.000000,0.000000,0.000000,0.000000,1.000000,0,0.000000,-66514.453125,-8618.107422,2108281733,2108282485,20240.245475,-21066.625664,-30921.887396,14390.674566
933,1764279059.656634569,37,0,C9:06:43:F9:43:3F,8E89BED6,-15501.971170,5000.947065,-15501.970618,345107.364028,265174.899081,1.035476,-29.165986,3.000000,8099.814364,21.679473,367021.276596,376.000000,-7659.454590,0.000000,0.000000,0.000000,0.000000,0.000000,1.000000,0,0.000000,-21606.123047,-6918.641113,2112290687,2112291439,-13691.831334,-45638.274061,-7796.868600,16976.140070
934,1764279059.695524693,37,0,C9:06:43:F9:43:3F,8E89BED6,-15104.869824,5196.110871,-15104.867810,344034.748895,267922.281472,1.037344,-28.527305,3.000000,7956.961805,21.595013,367021.276596,376.000000,-7628.890137,0.000000,0.000000,0.000000,0.000000,0.000000,1.000000,0,0.000000,-20815.714844,-7078.952637,2112290688,2112291440,21221.672784,-14707.609794,-25513.178753,10177.029408
935,1764279061.758572817,37,0,C9:06:43:F9:43:3F,8E89BED6,-15138.171270,4103.078195,-15138.171490,341114.107137,253044.698546,0.936304,-71.065778,2.500000,8148.788814,21.267199,367021.276596,376.000000,-7743.625977,0.000000,0.000000,0.000000,0.000000,0.000000,1.000000,0,0.000000,-3479.801025,2528.836914,2116296243,2116296995,-9456.840277,-48498.632638,-18133.555277,12786.225675
936,1764279061.799114943,37,0,C9:06:43:F9:43:3F,8E89BED6,-14732.254702,4288.442085,-14732.255224,340056.812415,266887.702565,0.936830,-70.488286,2.500000,8003.596250,21.247793,367021.276596,376.000000,-7655.664062,0.000000,0.000000,0.000000,0.000000,0.000000,1.000000,0,0.000000,-3479.801025,2339.813965,2116296244,2116296996,20583.294303,-15245.127306,-31887.363758,17782.197107
939,1764279063.966227293,37,0,C9:06:43:F9:43:3F,8E89BED6,-16164.030334,3865.770725,-16164.030275,342380.391164,245014.950177,1.049407,-21.070141,2.500000,7576.991102,21.047149,369680.851064,376.000000,-9375.898438,0.000000,0.000000,0.000000,0.000000,0.000000,1.000000,0,0.000000,-25162.707031,-3521.046875,2120166917,2120167669,-7147.011764,-45857.031295,-14770.899967,6282.334268
940,1764279063.998680592,37,0,C9:06:43:F9:43:3F,8E89BED6,-15715.003039,4064.022924,-15715.002352,341635.518346,245108.275999,1.050473,-20.264078,2.500000,7440.971837,21.046014,369680.851064,376.000000,-9249.376953,0.000000,0.000000,0.000000,0.000000,0.000000,1.000000,0,0.000000,-25162.707031,-3660.731445,2120166918,2120167670,20627.841907,-15014.773668,-26966.297906,9686.563873
942,1764279065.979474783,37,0,C9:06:43:F9:43:3F,8E89BED6,-16696.105399,4133.781046,-16696.106307,350810.371612,274842.212445,0.926587,78.099258,3.000000,7289.679571,21.418188,367021.276596,376.000000,-9181.832031,0.000000,0.000000,0.000000,0.000000,0.000000,1.000000,0,0.000000,-30948.664062,-21080.089844,2124169324,2124170076,-3833.138224,-48379.971599,-19029.597388,12874.249569
943,1764279067.968120813,37,0,C9:06:43:F9:43:3F,8E89BED6,-16278.274005,3036.065691,-16278.273384,328822.140858,252255.828974,1.055327,-19.569301,3.000000,7671.439552,21.558048,367021.276596,376.000000,-8805.456055,0.000000,0.000000,0.000000,0.000000,0.000000,1.000000,0,0.000000,-71218.703125,-15882.371094,2128001799,2128002551,-8828.005235,-52346.641686,-11012.320527,10344.217701
944,1764279068.007790327,37,0,C9:06:43:F9:43:3F,8E89BED6,-15817.103969,3225.098879,-15817.105033,328872.438508,264421.892011,1.057093,-18.879114,3.000000,7530.101840,21.541901,367021.276596,376.000000,-8679.068359,0.000000,0.000000,0.000000,0.000000,0.000000,1.000000,0,0.000000,-70824.257812,-15872.107422,2128001800,2128002552,19961.127985,-20813.723317,-25310.336809,11359.774296
945,1764279069.733423948,37,0,C9:06:43:F9:43:3F,8E89BED6,-16727.101457,4479.474823,-16727.101790,347443.390044,275819.515238,0.968820,-70.128452,2.500000,7036.595732,21.024670,367021.276596,376.000000,-9015.437500,0.000000,0.000000,0.000000,0.000000,0.000000,1.000000,0,0.000000,-9854.769531,-5160.054199,2131710896,2131711648,2071.775976,-38993.098751,-24439.987724,2945.171730
946,1764279071.889230967,37,0,C9:06:43:F9:43:3F,8E89BED6,-16120.480115,3775.106025,-16120.480354,333964.006251,244123.632871,0.998581,-45.969675,2.500000,7586.200975,20.360655,367021.276596,376.000000,-8525.285156,0.000000,0.000000,0.000000,0.000000,0.000000,1.000000,0,0.000000,-5747.551270,13071.458984,2135722989,2135723741,994.947137,-46051.270687,-25410.325284,7270.543429
947,1764279073.987874746,37,0,C9:06:43:F9:43:3F,8E89BED6,-15951.758830,4264.343852,-15951.759062,342535.424453,265742.623799,1.065218,11.759425,3.000000,7629.123466,21.467669,367021.276596,376.000000,-8310.865234,0.000000,0.000000,0.000000,0.000000,0.000000,1.000000,0,0.000000,-46716.277344,-7710.813965,2139733545,2139734297,-6577.464863,-48469.586373,-14873.852032,6438.903251
948,1764279074.032114506,37,0,C9:06:43:F9:43:3F,8E89BED6,-15419.211954,4467.779836,-15419.211911,341800.425195,267803.863674,1.064379,12.537623,3.000000,7488.246915,21.507500,367021.276596,376.000000,-8129.510742,0.000000,0.000000,0.000000,0.000000,0.000000,1.000000,0,0.000000,-46716.277344,-7809.418457,2139733546,2139734298,22063.079803,-7401.071718,-19492.151581,15450.835741
949,1764279076.011181593,37,0,C9:06:43:F9:43:3F,8E89BED6,-16285.140448,3755.445598,-16285.140002,331408.314824,231986.863461,1.031343,34.068242,3.000000,6893.578288,21.013651,367021.276596,376.000000,-8388.237305,0.000000,0.000000,0.000000,0.000000,0.000000,1.000000,0,0.000000,-8994.538086,2967.941406,2143736033,2143736785,-18660.160785,-50874.972367,-10577.912508,14334.167577
950,1764279076.044610262,37,0,C9:06:43:F9:43:3F,8E89BED6,-15945.547176,3946.214754,-15945.547600,330887.153183,267649.722467,1.030510,34.524000,3.000000,6750.786027,20.977999,367021.276596,376.000000,-8373.917969,0.000000,0.000000,0.000000,0.000000,0.000000,1.000000,0,0.000000,-8994.538086,2816.526367,2143736034,2143736786,15304.884570,-23794.714805,-29709.017548,2873.041514
951,1764279078.011400938,37,0,C9:06:43:F9:43:3F,8E89BED6,-16536.676433,3757.049580,-16536.677294,332772.923194,242597.938167,0.968695,-55.654776,2.500000,7088.642137,21.174239,369680.851064,376.000000,-9417.081055,0.000000,0.000000,0.000000,0.000000,0.000000,1.000000,0,0.000000,-26170.925781,-8228.688477,2147699251,2147700003,-8400.243065,-47499.266729,-20767.509632,5716.546595
952,1764279079.989878893,37,0,C9:06:43:F9:43:3F,8E89BED6,-16104.635410,2907.253186,-16104.634550,356818.811169,268825.400166,0.951623,-61.660986,3.000000,6998.356076,21.651403,369680.851064,376.000000,-8346.448242,0.000000,0.000000,0.000000,0.000000,0.000000,1.000000,0,0.000000,-29083.900391,-21667.599609,2151700600,2151701352,-2867.846767,-42228.114569,-22230.814059,11414.667004
953,1764279082.017593622,37,0,C9:06:43:F9:43:3F,8E89BED6,-16076.847770,4212.702817,-16076.848505,329386.953243,241971.113431,0.904128,76.590748,3.000000,7203.846189,21.597283,367021.276596,376.000000,-7502.784668,0.000000,0.000000,0.000000,0.000000,0.000000,1.000000,0,0.000000,-40194.820312,-15817.028320,2155707619,2155708371,-21751.482986,-51218.418206,-14630.769579,30155.990504
954,1764279082.067626476,37,0,C9:06:43:F9:43:3F,8E89BED6,-15831.138287,4392.237205,-15831.136768,329186.231075,256376.085726,0.902701,76.623969,3.000000,7064.433264,21.522395,367021.276596,376.000000,-7609.000977,0.000000,0.000000,0.000000,0.000000,0.000000,1.000000,0,0.000000,-40060.300781,-15895.122070,2155707620,2155708372,14781.313197,-27304.728540,-25149.292320,12333.044049
955,1764279084.026091099,37,0,C9:06:43:F9:43:3F,8E89BED6,-17239.563395,3822.109598,-17239.564647,350750.794628,274290.884366,1.102870,-8.974593,2.500000,6789.770796,21.093979,369680.851064,376.000000,-9533.978516,0.000000,0.000000,0.000000,0.000000,0.000000,1.000000,0,0.000000,-22361.902344,-5995.468262,2159628695,2159629447,-23087.971362,-52934.601569,-1893.545386,12181.809842
956,1764279084.064167500,37,0,C9:06:43:F9:43:3F,8E89BED6,-16986.770929,4009.492745,-16986.770493,350173.335923,269835.174752,1.104717,-8.787184,2.500000,6652.959452,20.900187,369680.851064,376.000000,-9582.708008,0.000000,0.000000,0.000000,0.000000,0.000000,1.000000,0,0.000000,-22361.902344,-6120.520508,2159628696,2159629448,7505.606049,-36776.070595,-23444.994144,988.255978
957,1764279086.004370213,37,0,C9:06:43:F9:43:3F,8E89BED6,-16201.796196,4541.022221,-16201.797567,340077.271107,246356.477127,0.954394,-61.853920,2.500000,6955.393820,21.124106,367021.276596,376.000000,-8271.430664,0.000000,0.000000,0.000000,0.000000,0.000000,1.000000,0,0.000000,-15325.381836,-14958.541992,2163630932,2163631684,-1262.472814,-31701.226298,-20165.252848,10658.774379
960,1764279088.041486502,37,0,C9:06:43:F9:43:3F,8E89BED6,-15543.302508,3258.092785,-15543.302768,345413.516108,247228.462659,0.989696,-48.327762,3.000000,7453.069049,21.382187,367021.276596,376.000000,-8155.542480,0.000000,0.000000,0.000000,0.000000,0.000000,1.000000,0,0.000000,-72052.250000,-14745.650391,2167629038,2167629790,-16270.391566,-48057.600416,-11741.369943,23345.868959
961,1764279088.087156534,37,0,C9:06:43:F9:43:3F,8E89BED6,-15231.620225,3436.644570,-15231.620480,343843.809624,269958.870774,0.990477,-48.024313,3.000000,7308.039899,21.416959,367021.276596,376.000000,-8127.659180,0.000000,0.000000,0.000000,0.000000,0.000000,1.000000,0,0.000000,-72052.250000,-14785.022461,2167629039,2167629791,17985.443427,-21295.500412,-28352.200253,12738.881165
962,1764279090.112339497,37,0,C9:06:43:F9:43:3F,8E89BED6,-16102.577124,4902.225371,-16102.577563,351701.008188,274861.033770,0.961476,-63.323998,2.500000,7397.785452,21.288610,367021.276596,376.000000,-8738.893555,0.000000,0.000000,0.000000,0.000000,0.000000,1.000000,0,0.000000,-13782.379883,-10295.350586,2171641966,2171642718,-5336.241358,-39098.393307,-19332.720426,6867.628077
963,1764279092.130347729,37,0,C9:06:43:F9:43:3F,8E89BED6,-16077.898404,3299.448140,-16077.898000,338749.423510,258246.003117,0.919873,-82.844382,3.000000,7481.972470,21.396652,369680.851064,376.000000,-8670.947266,0.000000,0.000000,0.000000,0.000000,0.000000,1.000000,0,0.000000,-45780.128906,-7020.638184,2175655834,2175656586,-7425.707303,-48998.423205,-19577.668553,10170.634090
964,1764279092.171735287,37,0,C9:06:43:F9:43:3F,8E89BED6,-15641.496240,3492.599021,-15641.496811,337483.698912,257023.316281,0.919766,-82.271158,3.000000,7339.952155,21.423250,369680.851064,376.000000,-8635.088867,0.000000,0.000000,0.000000,0.000000,0.000000,1.000000,0,0.000000,-36861.390625,-7089.200195,2175655835,2175656587,20619.623296,-18599.060847,-27774.240126,14009.791989
965,1764279094.148979664,37,0,C9:06:43:F9:43:3F,8E89BED6,-15620.923754,4734.025931,-15620.923045,354797.412045,262241.176005,1.021169,35.903859,3.000000,7815.629075,21.383602,367021.276596,376.000000,-8451.843750,0.000000,0.000000,0.000000,0.000000,0.000000,1.000000,0,0.000000,-44910.320312,-12939.873047,2179663986,2179664738,-15681.108934,-51766.010334,-11836.876644,16012.060099
966,1764279094.187526464,37,0,C9:06:43:F9:43:3F,8E89BED6,-15249.618325,4908.424215,-15249.618087,354741.084273,270515.280132,1.019785,36.614050,3.000000,7674.475946,21.318510,367021.276596,376.000000,-8440.477539,0.000000,0.000000,0.000000,0.000000,0.000000,1.000000,0,0.000000,-44910.320312,-13029.141602,2179663987,2179664739,17162.199010,-19467.761502,-24323.770922,10085.435879
967,1764279096.309017658,37,0,C9:06:43:F9:43:3F,8E89BED6,-15437.077416,4340.946432,-15437.077740,320181.637604,228719.313917,1.017995,-40.172235,3.000000,7992.065159,21.197662,369680.851064,376.000000,-8912.017578,0.000000,0.000000,0.000000,0.000000,0.000000,1.000000,0,0.000000,-13051.840820,-4826.689453,2183664471,2183665223,-16353.878159,-43002.623379,-11114.711182,21032.450986
968,1764279096.349422932,37,0,C9:06:43:F9:43:3F,8E89BED6,-15026.756804,4542.766756,-15026.756137,318681.017132,242269.912147,1.019701,-39.756594,3.000000,7846.907710,21.175028,369680.851064,376.000000,-8846.664062,0.000000,0.000000,0.000000,0.000000,0.000000,1.000000,0,0.000000,-13051.840820,-4982.147461,2183664472,2183665224,16207.564127,-23043.729424,-29510.246450,17206.701350
969,1764279098.353155375,37,0,C9:06:43:F9:43:3F,8E89BED6,-16399.976357,2598.702074,-16399.977218,343021.781029,250790.696848,1.115678,6.066393,3.000000,7449.102906,21.332811,369680.851064,376.000000,-9370.128906,0.000000,0.000000,0.000000,0.000000,0.000000,1.000000,0,0.000000,-73881.750000,-13347.013672,2187674449,2187675201,-15001.844180,-48107.317700,-4718.314923,687.709147
970,1764279098.399705410,37,0,C9:06:43:F9:43:3F,8E89BED6,-16009.719668,2800.028988,-16009.720461,342295.646513,262655.017760,1.116970,6.328234,3.000000,7311.683501,21.187178,369680.851064,376.000000,-9307.031250,0.000000,0.000000,0.000000,0.000000,0.000000,1.000000,0,0.000000,-73881.750000,-13341.014648,2187674450,2187675202,15998.052893,-22467.072674,-25121.137740,9991.870129
972,1764279100.553171873,37,0,C9:06:43:F9:43:3F,8E89BED6,-16161.849837,4689.568559,-16161.849560,345781.378787,264046.962275,0.975698,53.268003,3.000000,7488.121308,20.883436,369680.851064,376.000000,-8425.991211,0.000000,0.000000,0.000000,0.000000,0.000000,1.000000,0,0.000000,-34009.046875,-2482.178711,2191678789,2191679541,-6726.139921,-45123.422537,-15164.667727,7371.053528
973,1764279100.594040155,37,0,C9:06:43:F9:43:3F,8E89BED6,-15683.288574,4898.378095,-15683.288745,345807.696869,256802.336748,0.974175,53.692295,3.000000,7349.583448,20.898615,369680.851064,376.000000,-8345.328125,0.000000,0.000000,0.000000,0.000000,0.000000,1.000000,0,0.000000,-30962.228516,-2590.248779,2191678790,2191679542,20659.052803,-14763.538580,-25358.815322,13360.254515
974,1764279102.700325727,37,0,C9:06:43:F9:43:3F,8E89BED6,-16618.400085,3885.296728,-16618.398750,351921.597558,263401.782813,0.946851,86.306986,3.000000,7216.307010,20.798274,367021.276596,376.000000,-9150.097656,0.000000,0.000000,0.000000,0.000000,0.000000,1.000000,0,0.000000,-103403.179688,-29244.027344,2195686921,2195687673,-18937.723260,-50100.823571,-7915.272389,18150.733336
975,1764279102.749771833,37,0,C9:06:43:F9:43:3F,8E89BED6,-16346.998096,4064.129922,-16346.997881,350252.718419,263854.638112,0.945252,86.668940,3.000000,7075.038910,20.746014,367021.276596,376.000000,-9245.177734,0.000000,0.000000,0.000000,0.000000,0.000000,1.000000,0,0.000000,-102528.257812,-29150.726562,2195686922,2195687674,10114.683581,-30865.712124,-33386.711463,6686.070430
976,1764279104.729168653,37,0,C9:06:43:F9:43:3F,8E89BED6,-16242.773526,4648.459186,-16242.774438,344441.613478,266179.200475,0.943814,-73.898228,2.500000,7288.033217,21.297474,369680.851064,376.000000,-8836.456055,0.000000,0.000000,0.000000,0.000000,0.000000,1.000000,0,0.000000,-7265.945801,-506.601227,2199691059,2199691811,-1574.017546,-43510.147715,-23376.597562,6701.837791
977,1764279106.691422701,37,0,C9:06:43:F9:43:3F,8E89BED6,-16093.598163,3521.368342,-16093.599262,325120.758591,236280.863918,0.971191,54.688295,3.000000,7506.145101,20.894691,367021.276596,376.000000,-8544.439453,0.000000,0.000000,0.000000,0.000000,0.000000,1.000000,0,0.000000,-49905.527344,-12845.920898,2203697631,2203698383,-12065.303406,-52589.727871,-9373.279716,10836.727151
978,1764279106.725923777,37,0,C9:06:43:F9:43:3F,8E89BED6,-15704.411970,3713.120723,-15704.411564,323725.085445,255938.333018,0.969863,54.991173,3.000000,7367.477486,20.912824,367021.276596,376.000000,-8525.892578,0.000000,0.000000,0.000000,0.000000,0.000000,1.000000,0,0.000000,-49161.769531,-12948.155273,2203697632,2203698384,16095.096184,-21313.349514,-24410.079991,10238.998616
979,1764279108.688590527,37,0,C9:06:43:F9:43:3F,8E89BED6,-16100.511568,3116.486924,-16100.512271,333458.828093,252858.257262,0.934307,72.143820,2.500000,7590.435202,21.356985,367021.276596,376.000000,-8990.222656,0.000000,0.000000,0.000000,0.000000,0.000000,1.000000,0,0.000000,-51232.792969,-17475.101562,2207698555,2207699307,-7571.876923,-46982.615078,-16421.698439,10970.491899
980,1764279108.733460188,37,0,C9:06:43:F9:43:3F,8E89BED6,-15696.027869,3294.758686,-15696.027469,333503.046458,245009.541444,0.932785,72.690351,2.500000,7450.230178,21.339966,367021.276596,376.000000,-8870.966797,0.000000,0.000000,0.000000,0.000000,0.000000,1.000000,0,0.000000,-51106.507812,-17510.080078,2207698556,2207699308,21635.172612,-11231.446968,-30025.934211,14591.359115
981,1764279110.716605425,37,0,C9:06:43:F9:43:3F,8E89BED6,-16015.503951,4787.738061,-16015.504470,345162.312072,250628.824561,0.936893,-65.949829,3.000000,7758.647845,21.288686,369680.851064,376.000000,-8746.127930,0.000000,0.000000,0.000000,0.000000,0.000000,1.000000,0,0.000000,-52621.910156,-8820.853516,2211707325,2211708077,-7675.634110,-47505.882866,-10166.399909,13458.185116
982,1764279110.750283718,37,0,C9:06:43:F9:43:3F,8E89BED6,-15533.816674,4991.471279,-15533.817193,345166.706802,269084.400749,0.937599,-65.463235,3.000000,7619.706347,21.328071,369680.851064,376.000000,-8624.874023,0.000000,0.000000,0.000000,0.000000,0.000000,1.000000,0,0.000000,-52621.910156,-8866.116211,2211707326,2211708078,23181.703711,-15484.503923,-23854.318549,9601.484321
983,1764279112.715234280,37,0,C9:06:43:F9:43:3F,8E89BED6,-15730.809558,3998.927568,-15730.808798,339966.529298,268719.687328,0.925838,85.185276,2.500000,7731.145787,21.269434,369680.851064,376.000000,-8608.120117,0.000000,0.000000,0.000000,0.000000,0.000000,1.000000,0,0.000000,-34032.558594,2348.508301,2215710911,2215711663,-6200.863723,-44232.800341,-23052.718678,15363.970406
984,1764279112.762292147,37,0,C9:06:43:F9:43:3F,8E89BED6,-15274.079015,4201.353594,-15274.078935,339307.358335,252874.868640,0.924345,85.570850,2.500000,7586.526113,21.310079,369680.851064,376.000000,-8508.316406,0.000000,0.000000,0.000000,0.000000,0.000000,1.000000,0,0.000000,-34032.558594,2207.562500,2215710912,2215711664,25473.699304,-15625.542396,-30720.804153,14959.752657
985,1764279114.726761818,37,0,C9:06:43:F9:43:3F,8E89BED6,-16799.011903,3959.023657,-16799.011851,353925.026526,265501.052073,1.084144,3.261384,2.500000,7071.498890,20.837171,367021.276596,376.000000,-8676.987305,0.000000,0.000000,0.000000,0.000000,0.000000,1.000000,0,0.000000,-10461.375000,-8271.573242,2219504059,2219504811,-1406.255677,-44873.686466,-22649.693238,582.921295
986,1764279116.704540491,37,0,C9:06:43:F9:43:3F,8E89BED6,-16071.026923,4039.981250,-16071.025505,326768.911788,242637.294947,0.972361,64.177440,2.500000,7483.859397,20.941492,367021.276596,376.000000,-8762.981445,0.000000,0.000000,0.000000,0.000000,0.000000,1.000000,0,0.000000,-17218.716797,-17365.865234,2223516296,2223517048,-578.959695,-43120.979717,-18721.834442,8118.015118
987,1764279118.767941713,37,0,C9:06:43:F9:43:3F,8E89BED6,-15543.507410,3861.063402,-15543.506662,341373.734577,262054.989147,1.089121,1.564771,3.000000,7807.904050,21.569871,367021.276596,376.000000,-9480.274414,0.000000,0.000000,0.000000,0.000000,0.000000,1.000000,0,0.000000,-81761.250000,-16041.628906,2227527931,2227528683,-15614.427541,-52617.275163,-11291.234755,27833.919918
988,1764279118.815942287,37,0,C9:06:43:F9:43:3F,8E89BED6,-15204.537172,4043.814630,-15204.536536,340802.237616,267691.617493,1.089647,2.136204,3.000000,7667.083525,21.534045,367021.276596,376.000000,-9446.532227,0.000000,0.000000,0.000000,0.000000,0.000000,1.000000,0,0.000000,-81475.093750,-16053.981445,2227527932,2227528684,14803.114635,-32842.292129,-28558.642441,10227.787106
989,1764279120.837450743,37,0,C9:06:43:F9:43:3F,8E89BED6,-16491.833534,3979.410666,-16491.833101,346907.332683,262784.504244,1.055103,-16.574714,2.500000,7441.932502,20.865294,369680.851064,376.000000,-10095.712891,0.000000,0.000000,0.000000,0.000000,0.000000,1.000000,0,0.000000,-11841.851562,3543.295166,2231531562,2231532314,-14610.166696,-51558.194743,-16566.015730,10657.204210
990,1764279120.871622801,37,0,C9:06:43:F9:43:3F,8E89BED6,-16018.131360,4186.166282,-16018.131017,345710.093387,257823.305679,1.056575,-15.764453,2.500000,7301.711566,20.859632,369680.851064,376.000000,-9994.291992,0.000000,0.000000,0.000000,0.000000,0.000000,1.000000,0,0.000000,-11841.851562,3366.061279,2231531563,2231532315,17316.423866,-17696.870301,-28615.271696,11340.720183
991,1764279122.828684807,37,0,C9:06:43:F9:43:3F,8E89BED6,-16386.706151,3353.496339,-16386.705751,341604.590141,258971.986054,0.898349,-87.023168,2.500000,7060.723562,21.720536,332446.808511,376.000000,-9257.131836,0.000000,0.000000,0.000000,0.000000,0.000000,1.000000,0,0.000000,-21130.273438,-17168.716797,2235542496,2235543248,3599.744814,-34557.554756,-33370.056875,3637.842870
992,1764279124.573547363,37,0,C9:06:43:F9:43:3F,8E89BED6,-16812.411476,3672.932990,-16812.411083,346591.519657,258849.328498,1.043310,-29.105167,2.500000,6996.670070,21.114380,369680.851064,376.000000,-9601.061523,0.000000,0.000000,0.000000,0.000000,0.000000,1.000000,0,0.000000,-53872.601562,-12852.333984,2239415820,2239416572,-23110.310572,-50768.483354,-18487.486510,12020.680036
993,1764279124.609634876,37,0,C9:06:43:F9:43:3F,8E89BED6,-16551.090989,3869.647000,-16551.090496,346183.066046,256489.359132,1.044806,-28.851082,2.500000,6856.698090,21.032733,369680.851064,376.000000,-9623.646484,0.000000,0.000000,0.000000,0.000000,0.000000,1.000000,0,0.000000,-53872.601562,-12870.403320,2239415821,2239416573,7934.299387,-37526.233109,-25945.960976,4134.401320
996,1764279126.682579994,37,0,C9:06:43:F9:43:3F,8E89BED6,-17038.951325,3645.840032,-17038.951134,348936.708111,266970.072240,1.054324,8.622589,3.000000,6975.747175,20.423129,369680.851064,376.000000,-9848.274414,0.000000,0.000000,0.000000,0.000000,0.000000,1.000000,0,0.000000,-18368.601562,1993.367065,2243428854,2243429606,-21091.361358,-54665.238965,-1478.456987,18640.452544
997,1764279126.728235722,37,0,C9:06:43:F9:43:3F,8E89BED6,-16822.518766,3823.269241,-16822.518944,348026.244985,269080.250574,1.054936,9.386833,3.000000,6835.270763,20.476201,369680.851064,376.000000,-9941.175781,0.000000,0.000000,0.000000,0.000000,0.000000,1.000000,0,0.000000,-18368.601562,1818.056763,2243428855,2243429607,9358.406490,-37003.800289,-25116.996638,-3549.544741
998,1764279128.714094400,37,0,C9:06:43:F9:43:3F,8E89BED6,-15703.262647,4707.319782,-15703.262159,355780.847930,267441.979900,1.020949,-33.900452,3.000000,7846.637275,21.242657,367021.276596,376.000000,-8383.057617,0.000000,0.000000,0.000000,0.000000,0.000000,1.000000,0,0.000000,-32905.363281,-7201.609375,2247224326,2247225078,-14843.422786,-49249.030667,-9938.420545,14246.733236
999,1764279128.756931067,37,0,C9:06:43:F9:43:3F,8E89BED6,-15315.083383,4891.884381,-15315.084269,355682.763237,269695.426383,1.022790,-32.963271,3.000000,7701.806738,21.229418,367021.276596,376.000000,-8381.642578,0.000000,0.000000,0.000000,0.000000,0.000000,1.000000,0,0.000000,-25058.312500,-7312.588867,2247224327,2247225079,19388.120192,-23322.292454,-24380.523845,7748.987753
1000,1764279130.752974272,37,0,C9:06:43:F9:43:3F,8E89BED6,-15793.281666,4254.679421,-15793.281648,351863.615348,268084.450881,0.971951,-53.427962,3.000000,8225.481129,21.524918,367021.276596,376.000000,-8472.583984,0.000000,0.000000,0.000000,0.000000,0.000000,1.000000,0,0.000000,-20273.949219,-4462.237793,2251228494,2251229246,-5764.351834,-46417.209623,-12839.371607,6135.430108
1001,1764279130.802046061,37,0,C9:06:43:F9:43:3F,8E89BED6,-15308.948594,4456.184058,-15308.948777,351787.659627,270072.123644,0.973221,-52.966619,3.000000,8084.991164,21.515143,367021.276596,376.000000,-8385.423828,0.000000,0.000000,0.000000,0.000000,0.000000,1.000000,0,0.000000,-18465.910156,-4564.961914,2251228495,2251229247,21263.870460,-14766.428020,-26410.576533,6458.086278
1002,1764279132.888744116,37,0,C9:06:43:F9:43:3F,8E89BED6,-15807.764207,4135.106132,-15807.764012,336175.192110,250109.979373,0.934927,-72.081175,2.500000,7364.561405,21.301122,367021.276596,376.000000,-9825.518555,0.000000,0.000000,0.000000,0.000000,0.000000,1.000000,0,0.000000,-8637.011719,-5318.765137,2255236759,2255237511,-3164.918108,-39105.429248,-20696.666560,9322.318470
1003,1764279134.927376747,37,0,C9:06:43:F9:43:3F,8E89BED6,-15680.788082,2968.902397,-15680.788577,341284.835128,252924.655808,1.016486,39.233610,3.000000,7696.421490,21.093613,367021.276596,376.000000,-7974.604980,0.000000,0.000000,0.000000,0.000000,0.000000,1.000000,0,0.000000,-53496.167969,-7113.971680,2259028609,2259029361,-12501.422451,-51788.036954,-8266.410670,14199.240497
1004,1764279134.988464594,37,0,C9:06:43:F9:43:3F,8E89BED6,-15305.371272,3139.786078,-15305.372980,340695.242988,265805.542226,1.014523,39.906683,3.000000,7557.093403,21.116067,369680.851064,376.000000,-7886.714355,0.000000,0.000000,0.000000,0.000000,0.000000,1.000000,0,0.000000,-53496.167969,-7173.199707,2259028610,2259029362,13106.236940,-24108.096036,-30035.183548,17064.138932
1005,1764279136.950187445,37,0,C9:06:43:F9:43:3F,8E89BED6,-15735.944243,3413.582686,-15735.944191,342532.299480,250802.022584,0.986500,50.633714,2.500000,7528.121034,20.850628,367021.276596,376.000000,-9408.848633,0.000000,0.000000,0.000000,0.000000,0.000000,1.000000,0,0.000000,-10817.183594,-3818.823486,2263042337,2263043089,2012.015103,-41668.442968,-28005.078615,7466.790831
1006,1764279140.744591475,37,0,C9:06:43:F9:43:3F,8E89BED6,-16885.164406,3219.827872,-16885.164295,350831.370793,244054.400394,1.081587,14.505099,2.500000,6562.052161,20.912553,367021.276596,376.000000,-8880.618164,0.000000,0.000000,0.000000,0.000000,0.000000,1.000000,0,0.000000,-51114.839844,-11732.882812,2270913183,2270913935,-22426.897800,-48133.431739,-2956.638334,28918.640066
1007,1764279140.775979996,37,0,C9:06:43:F9:43:3F,8E89BED6,-16721.449841,3383.898159,-16721.449615,350841.105048,278920.648482,1.082743,14.708045,2.500000,6422.923012,20.949161,367021.276596,376.000000,-8973.233398,0.000000,0.000000,0.000000,0.000000,0.000000,1.000000,0,0.000000,-51114.839844,-11779.740234,2270913184,2270913936,8464.086287,-32595.552596,-25022.257866,6725.907488
1008,1764279142.792032003,37,0,C9:06:43:F9:43:3F,8E89BED6,-15441.696153,4794.299599,-15441.695120,319488.067103,233343.634776,1.022271,26.281155,3.000000,8075.114927,21.044179,367021.276596,376.000000,-7859.518066,0.000000,0.000000,0.000000,0.000000,0.000000,1.000000,0,0.000000,-36211.988281,-3789.245850,2274927752,2274928504,-14713.028278,-42244.967615,-7893.490699,24791.888084
1009,1764279142.840393305,37,0,C9:06:43:F9:43:3F,8E89BED6,-15103.832056,4960.435802,-15103.832809,319258.807563,252124.063836,1.020740,26.689578,3.000000,7931.822215,21.050142,367021.276596,376.000000,-7812.726074,0.000000,0.000000,0.000000,0.000000,0.000000,1.000000,0,0.000000,-32843.898438,-3866.760254,2274927753,2274928505,16570.731665,-18348.686162,-31667.056948,9770.898780
1010,1764279144.756077290,37,0,C9:06:43:F9:43:3F,8E89BED6,-16870.031394,3582.491923,-16870.030896,338072.141810,259604.384665,1.059605,2.465499,2.500000,6769.838236,21.065312,369680.851064,376.000000,-8917.482422,0.000000,0.000000,0.000000,0.000000,0.000000,1.000000,0,0.000000,-22688.884766,-10425.352539,2278706741,2278707493,4207.667239,-36501.933072,-27312.356211,1475.669194
1011,1764279146.707290411,37,0,C9:06:43:F9:43:3F,8E89BED6,-16254.764800,4037.899693,-16254.764395,354205.818764,266300.938712,0.929624,-79.605470,2.500000,7282.694466,21.152983,369680.851064,376.000000,-9273.731445,0.000000,0.000000,0.000000,0.000000,0.000000,1.000000,0,0.000000,-12255.236328,-23834.703125,2282722423,2282723175,-4461.927686,-46130.167187,-18431.908729,9931.024644
1012,1764279148.745958328,37,0,C9:06:43:F9:43:3F,8E89BED6,-16660.918050,4721.406465,-16660.918479,330386.810876,246395.312931,1.086628,-12.369712,2.500000,6529.707858,21.790876,369680.851064,376.000000,-8813.357422,0.000000,0.000000,0.000000,0.000000,0.000000,1.000000,0,0.000000,-33017.406250,-4841.484863,2286734881,2286735633,-22341.124358,-50777.781346,-6274.351820,30504.479830
1013,1764279148.794558287,37,0,C9:06:43:F9:43:3F,8E89BED6,-16482.564212,4878.585257,-16482.564140,329904.199962,253605.020333,1.088342,-12.008289,2.500000,6386.076332,21.712654,369680.851064,376.000000,-8859.978516,0.000000,0.000000,0.000000,0.000000,0.000000,1.000000,0,0.000000,-32515.541016,-4882.592773,2286734882,2286735634,8467.889767,-37352.979680,-25318.201421,13096.365415
1014,1764279150.790277719,37,0,C9:06:43:F9:43:3F,8E89BED6,-15479.615659,4871.856170,-15479.616151,353761.664969,253951.343896,0.969786,-58.080305,3.000000,8125.229016,20.917381,367021.276596,376.000000,-8943.847656,0.000000,0.000000,0.000000,0.000000,0.000000,1.000000,0,0.000000,-35227.316406,-9375.834961,2290746143,2290746895,-5525.316896,-41870.694594,-22343.876690,10905.311146
1015,1764279152.808649540,37,0,C9:06:43:F9:43:3F,8E89BED6,-16629.625034,4435.120671,-16629.624916,340752.806224,244745.180517,0.935864,88.690619,2.500000,6915.346383,21.074053,367021.276596,376.000000,-9734.748047,0.000000,0.000000,0.000000,0.000000,0.000000,1.000000,0,0.000000,-17274.251953,-21678.708984,2294748175,2294748927,2586.304806,-37678.047030,-33585.917824,4667.513568
1016,1764279154.801459312,37,0,C9:06:43:F9:43:3F,8E89BED6,-16002.276083,4144.421608,-16002.275007,347096.742459,254140.691583,0.963256,57.418176,2.500000,7298.127835,21.290198,364361.702128,376.000000,-8988.574219,0.000000,0.000000,0.000000,0.000000,0.000000,1.000000,0,0.000000,-8461.577148,-787.003052,2298558626,2298559378,-2638.725465,-43600.708087,-17646.917074,3648.443767
1017,1764279156.788289309,37,0,C9:06:43:F9:43:3F,8E89BED6,-15999.530247,4539.679187,-15999.530876,341998.157458,275661.531512,1.046752,12.896722,2.500000,7594.405505,21.518703,367021.276596,376.000000,-9211.154297,0.000000,0.000000,0.000000,0.000000,0.000000,1.000000,0,0.000000,-7145.908691,2077.052246,2302570086,2302570838,-3508.054851,-41417.024375,-13245.966283,13191.980064
1018,1764279158.807030439,37,0,C9:06:43:F9:43:3F,8E89BED6,-16390.224010,3327.194525,-16390.224134,331664.163974,241969.665321,1.027302,36.463306,2.500000,7279.977957,21.175636,369680.851064,376.000000,-8903.403320,0.000000,0.000000,0.000000,0.000000,0.000000,1.000000,0,0.000000,-29184.582031,2558.509033,2306582925,2306583677,-15499.249267,-53324.344732,-10204.149112,17704.000054
1019,1764279158.849186659,37,0,C9:06:43:F9:43:3F,8E89BED6,-15983.830129,3519.053583,-15983.830636,330275.641695,263389.379840,1.026855,36.745556,2.500000,7142.663488,21.111400,369680.851064,376.000000,-8880.467773,0.000000,0.000000,0.000000,0.000000,0.000000,1.000000,0,0.000000,-28063.988281,2430.235352,2306582926,2306583678,10146.557312,-27260.895137,-26138.556668,6457.368633
1020,1764279160.740599394,37,0,C9:06:43:F9:43:3F,8E89BED6,-16368.324380,4774.595537,-16368.325076,332927.433466,242129.313363,1.023086,-35.478534,2.500000,7049.909832,21.160414,369680.851064,376.000000,-7740.156250,0.000000,0.000000,0.000000,0.000000,0.000000,1.000000,0,0.000000,-31759.060547,-4761.972656,2310385419,2310386171,-17037.567101,-52716.005122,-11016.934833,26808.582987
1021,1764279160.786031961,37,0,C9:06:43:F9:43:3F,8E89BED6,-16029.645027,4965.148156,-16029.646810,332963.108334,254108.623518,1.024250,-35.221510,2.500000,6910.665590,21.155190,369680.851064,376.000000,-7760.449707,0.000000,0.000000,0.000000,0.000000,0.000000,1.000000,0,0.000000,-31759.060547,-4878.156738,2310385420,2310386172,15955.406575,-31112.691100,-31656.440880,11327.592938
1023,1764279162.850853443,37,0,C9:06:43:F9:43:3F,8E89BED6,-16229.528143,3330.418206,-16229.527761,325230.260305,243079.739369,1.060480,-16.378000,2.500000,7606.723120,21.125953,367021.276596,376.000000,-9630.568359,0.000000,0.000000,0.000000,0.000000,0.000000,1.000000,0,0.000000,-30995.986328,-11246.926758,2314385106,2314385858,-6006.695735,-44273.152478,-9988.660735,2475.945321
1024,1764279164.808543444,37,0,C9:06:43:F9:43:3F,8E89BED6,-15856.851315,3640.750532,-15856.850822,342449.779195,254698.237375,0.948548,-58.798822,3.000000,7715.554324,20.817357,369680.851064,376.000000,-8477.723633,0.000000,0.000000,0.000000,0.000000,0.000000,1.000000,0,0.000000,-73821.515625,-16450.951172,2318176315,2318177067,-14000.601594,-48087.330139,-7150.031897,9697.452780
1025,1764279164.843924522,37,0,C9:06:43:F9:43:3F,8E89BED6,-15448.210846,3853.483679,-15448.210329,342072.288040,265383.836680,0.948478,-58.615189,3.000000,7576.740514,20.828271,369680.851064,376.000000,-8451.748047,0.000000,0.000000,0.000000,0.000000,0.000000,1.000000,0,0.000000,-72033.648438,-16550.076172,2318176316,2318177068,18559.643266,-17347.476840,-29128.989609,11914.647167
1026,1764279166.832875013,37,0,C9:06:43:F9:43:3F,8E89BED6,-17183.099934,3098.637376,-17183.100462,338101.674574,245613.143266,0.990804,50.040253,2.500000,6488.507086,21.256459,367021.276596,376.000000,-9507.505859,0.000000,0.000000,0.000000,0.000000,0.000000,1.000000,0,0.000000,-45925.902344,-12391.149414,2322171950,2322172702,-22245.617367,-50569.409134,1079.156001,10573.531574
1027,1764279166.876223326,37,0,C9:06:43:F9:43:3F,8E89BED6,-16983.355533,3271.939354,-16983.354869,337532.418868,268480.321910,0.989372,50.709250,2.500000,6349.448934,21.104077,367021.276596,376.000000,-9560.826172,0.000000,0.000000,0.000000,0.000000,0.000000,1.000000,0,0.000000,-45925.902344,-12498.772461,2322171951,2322172703,4603.735934,-35067.001651,-23358.239926,9150.644861
1028,1764279168.807786703,37,0,C9:06:43:F9:43:3F,8E89BED6,-16800.074010,3507.851558,-16800.073747,328953.868891,256031.141618,1.026595,37.228229,2.500000,6511.675025,21.261118,369680.851064,376.000000,-9574.128906,0.000000,0.000000,0.000000,0.000000,0.000000,1.000000,0,0.000000,-23923.103516,-2162.106934,2326170003,2326170755,3199.118764,-35602.804895,-26952.788490,1391.098595
1029,1764279170.808338404,37,0,C9:06:43:F9:43:3F,8E89BED6,-15722.131778,3410.629878,-15722.131303,337536.515915,252953.920217,1.101638,-12.634218,2.500000,7796.993163,21.276471,367021.276596,376.000000,-8879.521484,0.000000,0.000000,0.000000,0.000000,0.000000,1.000000,0,0.000000,-23023.035156,-2458.348145,2330168118,2330168870,-7898.353807,-41899.881643,-18266.428766,14665.971557
1030,1764279172.788041353,37,0,C9:06:43:F9:43:3F,8E89BED6,-16033.391517,3405.620377,-16033.391475,348945.100237,241802.941694,0.953257,63.453728,3.000000,7779.775766,20.888055,369680.851064,376.000000,-9028.883789,0.000000,0.000000,0.000000,0.000000,0.000000,1.000000,0,0.000000,-85031.085938,-12220.870117,2334165147,2334165899,-11661.134621,-54317.137728,-8758.984392,9243.071859
1031,1764279172.826631069,37,0,C9:06:43:F9:43:3F,8E89BED6,-15561.920706,3596.491799,-15561.922059,347210.475850,282150.186312,0.952011,64.110311,3.000000,7641.808687,20.751946,369680.851064,376.000000,-8889.214844,0.000000,0.000000,0.000000,0.000000,0.000000,1.000000,0,0.000000,-70918.257812,-12285.157227,2334165148,2334165900,15836.172004,-19834.204606,-22490.066685,14894.505822
1032,1764279174.848405600,37,0,C9:06:43:F9:43:3F,8E89BED6,-15186.617524,3693.137098,-15186.617269,340912.867890,241119.057756,0.931908,80.146821,2.500000,8094.308198,21.620040,367021.276596,376.000000,-8363.756836,0.000000,0.000000,0.000000,0.000000,0.000000,1.000000,0,0.000000,-28495.238281,-1482.964600,2338106276,2338107028,-10926.501742,-49959.685498,-15101.368608,12717.204142
1033,1764279174.885412931,37,0,C9:06:43:F9:43:3F,8E89BED6,-14698.270475,3898.037377,-14698.269679,340803.603163,273587.839545,0.931021,80.860426,2.500000,7948.270642,21.601216,367021.276596,376.000000,-8164.094727,0.000000,0.000000,0.000000,0.000000,0.000000,1.000000,0,0.000000,-28495.238281,-1581.100464,2338106277,2338107029,21348.746094,-13294.762661,-28880.853395,18161.728414
1035,1764279176.837393045,37,0,C9:06:43:F9:43:3F,8E89BED6,-16036.283579,5115.404121,-16036.284777,340677.406018,256025.182575,0.961158,-89.912565,2.500000,7857.155377,20.966986,367021.276596,376.000000,-8700.041016,0.000000,0.000000,0.000000,0.000000,0.000000,1.000000,0,0.000000,-46360.316406,-31104.285156,2342107630,2342108382,-5745.355234,-44198.492712,-14404.197840,9323.395626
1036,1764279178.834355831,37,0,C9:06:43:F9:43:3F,8E89BED6,-16962.488139,3758.196406,-16962.488321,342327.426409,276617.291689,1.002707,43.795413,2.500000,6795.170812,21.074643,369680.851064,376.000000,-9787.333984,0.000000,0.000000,0.000000,0.000000,0.000000,1.000000,0,0.000000,-43472.703125,-10149.958008,2346109617,2346110369,-22071.987816,-53856.450547,-11058.820184,15908.947939
1037,1764279178.878153801,37,0,C9:06:43:F9:43:3F,8E89BED6,-16801.090075,3920.893597,-16801.090172,342312.852946,271638.245015,1.001200,44.472250,2.500000,6653.659710,21.109689,369680.851064,376.000000,-9885.728516,0.000000,0.000000,0.000000,0.000000,0.000000,1.000000,0,0.000000,-40957.105469,-10239.888672,2346109618,2346110370,4926.726138,-39225.242961,-25100.544847,5894.351509
1038,1764279180.653668165,37,0,C9:06:43:F9:43:3F,8E89BED6,-15729.877754,3157.945414,-15729.877972,346442.718113,260913.326310,1.009172,-41.928194,3.000000,7723.035347,21.033055,369680.851064,376.000000,-9375.467773,0.000000,0.000000,0.000000,0.000000,0.000000,1.000000,0,0.000000,-18205.486328,-8087.762207,2349848660,2349849412,-4926.786146,-43170.321167,-14564.756394,9629.332909
1039,1764279182.637794495,37,0,C9:06:43:F9:43:3F,8E89BED6,-15380.702282,3402.235947,-15380.702944,351640.697768,240448.372003,1.076689,20.125322,3.000000,8331.034919,21.109270,329787.234043,376.000000,-9238.017578,0.000000,0.000000,0.000000,0.000000,0.000000,1.000000,0,0.000000,-53234.589844,-3259.442383,2353855812,2353856564,-12412.660934,-45707.379813,-16499.518703,21543.599154
1040,1764279182.672885180,37,0,C9:06:43:F9:43:3F,8E89BED6,-14975.902350,3590.880517,-14975.900610,350881.334474,267959.426379,1.077324,20.369939,3.000000,8187.192426,21.095498,332446.808511,376.000000,-9225.527344,0.000000,0.000000,0.000000,0.000000,0.000000,1.000000,0,0.000000,-53234.589844,-3292.441650,2353855813,2353856565,19120.706851,-22550.716944,-34259.786046,10193.754790
1041,1764279184.603124142,37,0,C9:06:43:F9:43:3F,8E89BED6,-15734.141608,3526.843231,-15734.141437,327547.319292,237255.285577,0.934947,84.018966,3.000000,8055.560265,21.188074,367021.276596,376.000000,-10077.173828,0.000000,0.000000,0.000000,0.000000,0.000000,1.000000,0,0.000000,-65443.300781,-21617.626953,2357664899,2357665651,-8513.141574,-47327.163161,-12080.394534,9264.906121
1042,1764279184.653139353,37,0,C9:06:43:F9:43:3F,8E89BED6,-15274.672931,3733.887197,-15274.672654,326771.080132,249460.526415,0.934240,84.744150,3.000000,7918.183378,21.096181,367021.276596,376.000000,-10005.117188,0.000000,0.000000,0.000000,0.000000,0.000000,1.000000,0,0.000000,-65372.539062,-21598.927734,2357664900,2357665652,19737.790392,-11051.972093,-22788.796929,8049.582899
1044,1764279186.675783873,37,0,C9:06:43:F9:43:3F,8E89BED6,-16451.027234,2896.360672,-16451.027363,336105.952063,253192.838807,1.049000,26.276976,2.500000,7328.313317,20.706146,369680.851064,376.000000,-9371.881836,0.000000,0.000000,0.000000,0.000000,0.000000,1.000000,0,0.000000,-55998.714844,-11877.166016,2361670122,2361670874,-18085.341975,-53379.783994,-740.934150,15270.136188
1045,1764279186.715761185,37,0,C9:06:43:F9:43:3F,8E89BED6,-16143.668840,3089.790827,-16143.669848,334466.016202,261552.669068,1.048237,26.839335,2.500000,7188.859112,20.647628,369680.851064,376.000000,-9390.034180,0.000000,0.000000,0.000000,0.000000,0.000000,1.000000,0,0.000000,-52326.628906,-11893.333984,2361670123,2361670875,10761.799813,-34244.816959,-23184.575440,8583.944074
1046,1764279188.745616913,37,0,C9:06:43:F9:43:3F,8E89BED6,-15422.267570,3569.097323,-15422.266317,342216.373238,234661.706952,0.938038,-72.307787,2.500000,7757.865058,21.323379,367021.276596,376.000000,-8726.979492,0.000000,0.000000,0.000000,0.000000,0.000000,1.000000,0,0.000000,-13054.409180,-13197.717773,2365682149,2365682901,381.457656,-42521.183233,-19495.502287,12721.318356
1047,1764279190.840932608,37,0,C9:06:43:F9:43:3F,8E89BED6,-16527.656332,3501.199169,-16527.657411,348679.866797,258197.534474,1.058741,-4.180085,2.500000,7192.935824,21.199222,367021.276596,376.000000,-8134.758301,0.000000,0.000000,0.000000,0.000000,0.000000,1.000000,0,0.000000,-43073.792969,1837.921631,2369690497,2369691249,-24768.821414,-51674.215817,-7501.584745,18596.607396
1048,1764279190.891530991,37,0,C9:06:43:F9:43:3F,8E89BED6,-16413.903850,3681.108587,-16413.904157,347494.483916,275327.458551,1.060399,-3.668665,2.500000,7047.835400,21.252572,367021.276596,376.000000,-8213.881836,0.000000,0.000000,0.000000,0.000000,0.000000,1.000000,0,0.000000,-42733.554688,1765.982910,2369690498,2369691250,3486.780292,-35862.066257,-24792.613360,9505.240823
1049,1764279192.850956917,37,0,C9:06:43:F9:43:3F,8E89BED6,-16536.342933,3778.342422,-16536.343093,343006.863557,257786.415171,1.084009,-5.369074,2.500000,7115.852071,21.811235,367021.276596,376.000000,-8982.278320,0.000000,0.000000,0.000000,0.000000,0.000000,1.000000,0,0.000000,-66380.382812,-14358.746094,2373696865,2373697617,-21829.765964,-51038.531599,-3281.374912,25006.318262
1050,1764279192.886368990,37,0,C9:06:43:F9:43:3F,8E89BED6,-16374.596087,3923.987497,-16374.595045,342637.467428,280480.233354,1.085815,-5.285528,2.500000,6973.781834,21.754485,369680.851064,376.000000,-9100.058594,0.000000,0.000000,0.000000,0.000000,0.000000,1.000000,0,0.000000,-66380.382812,-14372.928711,2373696866,2373697618,11987.823516,-34300.216124,-30532.068131,7292.080574
1051,1764279194.832757711,37,0,C9:06:43:F9:43:3F,8E89BED6,-16932.276156,3882.236540,-16932.275577,342039.046864,252819.878712,1.022257,-38.039677,2.500000,6758.704270,20.745636,369680.851064,376.000000,-8516.119141,0.000000,0.000000,0.000000,0.000000,0.000000,1.000000,0,0.000000,-18447.029297,6125.629395,2377695420,2377696172,2838.315967,-46070.271842,-26173.322081,2825.608013
1052,1764279196.844347239,37,0,C9:06:43:F9:43:3F,8E89BED6,-16023.758384,5199.164019,-16023.758828,344734.912374,250553.862031,0.925604,-84.633479,3.000000,7594.691120,21.147116,367021.276596,376.000000,-9582.247070,0.000000,0.000000,0.000000,0.000000,0.000000,1.000000,0,0.000000,-9970.808594,984.256531,2381616918,2381617670,-1639.626910,-37072.569116,-19991.632726,8949.585099
1055,1764279198.883043766,37,0,C9:06:43:F9:43:3F,8E89BED6,-16210.407475,3676.343465,-16210.408576,351025.769066,252240.262206,0.938919,73.219195,3.000000,7574.096104,21.322706,367021.276596,376.000000,-9066.572266,0.000000,0.000000,0.000000,0.000000,0.000000,1.000000,0,0.000000,-64631.996094,-12891.123047,2385619202,2385619954,-19066.028033,-47245.670678,-10021.652367,29557.453734
1056,1764279198.918802977,37,0,C9:06:43:F9:43:3F,8E89BED6,-15810.258800,3872.300126,-15810.259715,350993.299238,294537.958652,0.937331,73.758841,3.000000,7430.181817,21.244349,367021.276596,376.000000,-9012.365234,0.000000,0.000000,0.000000,0.000000,0.000000,1.000000,0,0.000000,-64631.996094,-13014.213867,2385619203,2385619955,10850.555725,-28682.702392,-27313.050007,4719.218959
1057,1764279201.015785217,37,0,C9:06:43:F9:43:3F,8E89BED6,-16989.327144,3468.586304,-16989.327657,348779.995680,259729.507598,1.050849,-29.075361,2.500000,7079.720839,21.528415,367021.276596,376.000000,-10090.706055,0.000000,0.000000,0.000000,0.000000,0.000000,1.000000,0,0.000000,-31524.021484,-6929.976074,2389622487,2389623239,-20539.354289,-51095.742788,-834.580180,14950.967040
1058,1764279201.050917864,37,0,C9:06:43:F9:43:3F,8E89BED6,-16779.865017,3637.360746,-16779.864764,347276.866232,269617.735134,1.052567,-28.726939,2.500000,6940.051939,21.478815,367021.276596,376.000000,-10147.566406,0.000000,0.000000,0.000000,0.000000,0.000000,1.000000,0,0.000000,-29520.208984,-6983.120605,2389622488,2389623240,3142.743121,-34487.759032,-26681.448662,6835.105028
1059,1764279203.028898716,37,0,C9:06:43:F9:43:3F,8E89BED6,-16314.684791,3803.061053,-16314.684913,338655.477384,253528.912451,0.970993,54.771295,2.500000,7477.138197,21.660447,369680.851064,376.000000,-9259.762695,0.000000,0.000000,0.000000,0.000000,0.000000,1.000000,0,0.000000,-44115.339844,-16957.609375,2393628179,2393628931,-6787.148117,-43344.802419,-17204.760876,4177.436078
1060,1764279203.066800117,37,0,C9:06:43:F9:43:3F,8E89BED6,-15813.779530,3990.866557,-15813.778686,337638.452676,249594.687940,0.969452,55.367962,2.500000,7341.960780,21.647769,369680.851064,376.000000,-9053.515625,0.000000,0.000000,0.000000,0.000000,0.000000,1.000000,0,0.000000,-40239.039062,-17011.470703,2393628180,2393628932,16374.339559,-9928.654567,-19746.056339,19652.120804
1061,1764279204.821227312,37,0,C9:06:43:F9:43:3F,8E89BED6,-15921.491499,4035.791497,-15921.491222,342482.222812,261240.321007,1.060485,1.215940,2.500000,7805.372991,21.473418,367021.276596,376.000000,-10220.556641,0.000000,0.000000,0.000000,0.000000,0.000000,1.000000,0,0.000000,-36408.214844,-9860.667969,2397411647,2397412399,-6996.326123,-48948.010011,-9650.907057,12989.093865
1062,1764279204.877811670,37,0,C9:06:43:F9:43:3F,8E89BED6,-15408.878301,4229.255259,-15408.876961,342481.471926,254992.857444,1.059181,2.008389,2.500000,7666.339036,21.475454,367021.276596,376.000000,-10080.988281,0.000000,0.000000,0.000000,0.000000,0.000000,1.000000,0,0.000000,-36408.214844,-9983.733398,2397411648,2397412400,23089.595054,-14285.500231,-27503.687668,11183.760952
1065,1764279206.839829683,37,0,C9:06:43:F9:43:3F,8E89BED6,-16337.175090,4089.232129,-16337.174883,343716.735063,239129.240375,1.005057,43.242883,3.000000,7828.477648,20.972802,369680.851064,376.000000,-10395.583008,0.000000,0.000000,0.000000,0.000000,0.000000,1.000000,0,0.000000,-53932.007812,-8639.263672,2401422606,2401423358,-9491.525954,-54361.025308,-11205.039683,5083.902483
1066,1764279206.873689175,37,0,C9:06:43:F9:43:3F,8E89BED6,-15864.556662,4296.602405,-15864.557440,342849.905305,268508.033160,1.003278,43.868219,3.000000,7689.010945,20.953312,369680.851064,376.000000,-10297.687500,0.000000,0.000000,0.000000,0.000000,0.000000,1.000000,0,0.000000,-53932.007812,-8673.374023,2401422607,2401423359,19612.435436,-24244.047120,-24728.773657,10327.087403
1067,1764279208.810717106,37,0,C9:06:43:F9:43:3F,8E89BED6,-17021.948894,4004.904498,-17021.948652,356071.566548,276458.254521,0.966875,56.545733,2.500000,6678.073937,21.306461,369680.851064,376.000000,-8830.941406,0.000000,0.000000,0.000000,0.000000,0.000000,1.000000,0,0.000000,-16864.197266,7994.729004,2405429934,2405430686,2772.568557,-38539.128014,-24563.415247,5290.785053
1068,1764279210.768284559,37,0,C9:06:43:F9:43:3F,8E89BED6,-16169.334156,3353.314504,-16169.334799,339924.752769,254008.027884,1.096358,-16.780711,3.000000,7611.471770,21.026647,369680.851064,376.000000,-10335.053711,0.000000,0.000000,0.000000,0.000000,0.000000,1.000000,0,0.000000,-21674.298828,324.484619,2409285515,2409286267,-11377.581909,-50136.674745,-9400.942170,10000.862868
1069,1764279210.819561481,37,0,C9:06:43:F9:43:3F,8E89BED6,-15854.867241,3525.621896,-15854.867106,338230.005779,252221.606147,1.098235,-16.518080,3.000000,7473.941750,21.076320,369680.851064,376.000000,-10297.361328,0.000000,0.000000,0.000000,0.000000,0.000000,1.000000,0,0.000000,-19646.453125,176.674728,2409285516,2409286268,16624.461237,-23919.698288,-28357.246228,11411.970426
1070,1764279212.896844864,37,0,C9:06:43:F9:43:3F,8E89BED6,-16650.537200,4630.319819,-16650.538469,352977.295895,268459.534966,1.050731,21.812892,2.500000,7350.309681,20.930815,369680.851064,376.000000,-9653.071289,0.000000,0.000000,0.000000,0.000000,0.000000,1.000000,0,0.000000,-39088.578125,424.751617,2413285185,2413285937,-23175.895021,-49587.107628,-2788.879308,18032.246980
1071,1764279212.929404497,37,0,C9:06:43:F9:43:3F,8E89BED6,-16470.428426,4817.453883,-16470.428896,351263.568330,259732.804867,1.049850,22.518855,2.500000,7209.710721,20.945769,369680.851064,376.000000,-9730.872070,0.000000,0.000000,0.000000,0.000000,0.000000,1.000000,0,0.000000,-35438.417969,421.630798,2413285186,2413285938,4257.733976,-32967.957494,-24561.153550,3398.902812
1072,1764279215.047996521,37,0,C9:06:43:F9:43:3F,8E89BED6,-15563.471964,2366.231994,-15563.472181,344611.958314,249265.713571,1.010753,41.142293,3.000000,7983.071660,21.107208,367021.276596,376.000000,-8937.954102,0.000000,0.000000,0.000000,0.000000,0.000000,1.000000,0,0.000000,-35015.382812,-8859.089844,2417285730,2417286482,-15219.889763,-48355.953294,-11509.372239,18694.669489
1073,1764279215.085370779,37,0,C9:06:43:F9:43:3F,8E89BED6,-15166.746793,2567.969268,-15166.745593,344012.754844,266197.988022,1.008860,41.815549,3.000000,7840.349100,21.038703,367021.276596,376.000000,-8870.560547,0.000000,0.000000,0.000000,0.000000,0.000000,1.000000,0,0.000000,-35015.382812,-8979.378906,2417285731,2417286483,17487.580665,-21209.638490,-28790.922224,10197.926636
1074,1764279217.228444576,37,0,C9:06:43:F9:43:3F,8E89BED6,-16366.755703,4555.510048,-16366.755729,332467.179057,249779.271018,0.975095,-63.498495,2.500000,7362.693402,20.688668,367021.276596,376.000000,-9180.329102,0.000000,0.000000,0.000000,0.000000,0.000000,1.000000,0,0.000000,-8499.718750,-2943.670166,2421044216,2421044968,1982.336901,-38561.774516,-21261.625730,8404.546808
1075,1764279219.238860846,37,0,C9:06:43:F9:43:3F,8E89BED6,-16476.524872,3383.525676,-16476.525396,352884.737175,253788.467897,1.088191,-0.764675,2.500000,6813.870514,21.251127,369680.851064,376.000000,-9134.257812,0.000000,0.000000,0.000000,0.000000,0.000000,1.000000,0,0.000000,-6988.906250,231.841232,2425045999,2425046751,-1677.546534,-41857.561030,-28453.834424,8176.353001
1076,1764279221.254840374,37,0,C9:06:43:F9:43:3F,8E89BED6,-15434.654393,3442.095158,-15434.654683,352836.032485,271260.745675,0.996632,46.367160,2.500000,8139.018190,21.311849,367021.276596,376.000000,-10140.960938,0.000000,0.000000,0.000000,0.000000,0.000000,1.000000,0,0.000000,-68414.039062,-16883.123047,2429056251,2429057003,-9254.819817,-50192.098701,-10260.220519,12916.491780
1077,1764279221.301429272,37,0,C9:06:43:F9:43:3F,8E89BED6,-15035.643562,3626.362667,-15035.643069,352900.817810,258118.351600,0.994724,47.139464,2.500000,8002.567806,21.281970,367021.276596,376.000000,-10036.135742,0.000000,0.000000,0.000000,0.000000,0.000000,1.000000,0,0.000000,-68414.039062,-16915.060547,2429056252,2429057004,17874.586370,-15500.785219,-17659.360396,10773.991300
1078,1764279223.473906279,37,0,C9:06:43:F9:43:3F,8E89BED6,-16442.260182,4132.681273,-16442.260304,349784.482006,248818.799908,0.945107,66.454350,3.000000,7037.625675,20.984569,369680.851064,376.000000,-9534.463867,0.000000,0.000000,0.000000,0.000000,0.000000,1.000000,0,0.000000,-28249.103516,-5114.362305,2433057559,2433058311,-17700.541510,-52265.235131,-21775.178613,20378.185618
1079,1764279223.528190374,37,0,C9:06:43:F9:43:3F,8E89BED6,-16104.327162,4315.621667,-16104.326032,349763.884939,282004.294456,0.943465,66.893799,3.000000,6894.111846,20.977158,369680.851064,376.000000,-9506.533203,0.000000,0.000000,0.000000,0.000000,0.000000,1.000000,0,0.000000,-27700.294922,-5179.652344,2433057560,2433058312,15023.847248,-27977.856159,-37675.931178,7056.608304
1082,1764279225.667685986,37,0,C9:06:43:F9:43:3F,8E89BED6,-15835.256540,4694.500409,-15835.256332,343316.594884,248408.309029,0.934667,-81.614928,3.000000,7704.925515,21.481318,369680.851064,376.000000,-8356.974609,0.000000,0.000000,0.000000,0.000000,0.000000,1.000000,0,0.000000,-29774.308594,-2678.535400,2437063666,2437064418,-19884.919234,-48903.353250,-16109.923236,29152.653827
1083,1764279225.709144115,37,0,C9:06:43:F9:43:3F,8E89BED6,-15481.498462,4886.854417,-15481.497286,342745.626763,266717.100120,0.933488,-81.297598,3.000000,7565.298264,21.418611,369680.851064,376.000000,-8339.873047,0.000000,0.000000,0.000000,0.000000,0.000000,1.000000,0,0.000000,-25722.923828,-2716.820801,2437063667,2437064419,16010.617477,-26302.132032,-38669.641409,12892.200399
1086,1764279227.709164858,37,0,C9:06:43:F9:43:3F,8E89BED6,-16540.877742,4463.378481,-16540.878256,349329.169550,272302.066368,0.988578,51.093791,2.500000,6880.889398,21.190909,367021.276596,376.000000,-9425.692383,0.000000,0.000000,0.000000,0.000000,0.000000,1.000000,0,0.000000,-41353.367188,-9972.225586,2441076800,2441077552,6095.762581,-35671.651824,-20623.105754,3862.910910
1087,1764279229.665740252,37,0,C9:06:43:F9:43:3F,8E89BED6,-16525.734960,2963.814780,-16525.734351,343212.740856,261171.887211,0.984526,49.569448,2.500000,7130.992180,20.976427,369680.851064,376.000000,-9480.998047,0.000000,0.000000,0.000000,0.000000,0.000000,1.000000,0,0.000000,-12356.096680,-12737.869141,2445084034,2445084786,849.709754,-38638.669009,-21702.260415,8096.458408
1088,1764279231.798501492,37,0,C9:06:43:F9:43:3F,8E89BED6,-15407.802232,4095.590256,-15407.804635,341851.051036,246848.878007,1.014468,40.637581,3.000000,8215.962916,21.827319,367021.276596,376.000000,-8279.001953,0.000000,0.000000,0.000000,0.000000,0.000000,1.000000,0,0.000000,-32846.007812,4648.673828,2449084560,2449085312,-9590.553395,-48040.144730,-12933.742221,13350.987747
1089,1764279231.831434488,37,0,C9:06:43:F9:43:3F,8E89BED6,-14901.559831,4293.591425,-14901.561371,341799.938794,274983.884880,1.012581,41.211474,3.000000,8074.999821,21.845667,367021.276596,376.000000,-8176.476074,0.000000,0.000000,0.000000,0.000000,0.000000,1.000000,0,0.000000,-32846.007812,4517.512207,2449084561,2449085313,20443.043238,-15602.304299,-26654.731179,17147.589590
1090,1764279233.936657190,37,0,C9:06:43:F9:43:3F,8E89BED6,-16258.671303,4635.290911,-16258.671951,327731.658977,252295.704545,1.066320,-3.703285,2.500000,7049.263581,21.301865,367021.276596,376.000000,-8994.874023,0.000000,0.000000,0.000000,0.000000,0.000000,1.000000,0,0.000000,-23519.824219,-4121.997559,2453087936,2453088688,-5338.667679,-42886.961367,-20196.091206,4391.092551
1091,1764279235.937389374,37,0,C9:06:43:F9:43:3F,8E89BED6,-16179.503118,4268.702896,-16179.502479,326234.016270,234088.698659,1.047288,28.342037,3.000000,7310.545385,21.630714,367021.276596,376.000000,-8802.629883,0.000000,0.000000,0.000000,0.000000,0.000000,1.000000,0,0.000000,-10459.009766,1487.550415,2457094799,2457095551,-19432.947838,-54192.736440,-2210.865028,26418.602562
1092,1764279235.982512236,37,0,C9:06:43:F9:43:3F,8E89BED6,-15958.691477,4434.423598,-15958.690832,325887.269019,238478.897072,1.047880,28.487709,3.000000,7167.430011,21.487782,367021.276596,376.000000,-8850.538086,0.000000,0.000000,0.000000,0.000000,0.000000,1.000000,0,0.000000,-3369.579346,1330.682983,2457094800,2457095552,9759.042683,-36009.866648,-24476.479631,5456.680346
1094,1764279237.938632250,37,0,C9:06:43:F9:43:3F,8E89BED6,-16632.111958,4251.154771,-16632.111313,338106.781824,265912.894795,0.988753,-48.541718,2.500000,6827.337601,21.152790,369680.851064,376.000000,-9742.846680,0.000000,0.000000,0.000000,0.000000,0.000000,1.000000,0,0.000000,-9821.583008,6404.680664,2461112211,2461112963,2904.730527,-45972.626433,-32017.017774,7934.366977
1095,1764279239.980993748,37,0,C9:06:43:F9:43:3F,8E89BED6,-16103.868368,3670.527740,-16103.869906,340543.434411,251312.151617,1.015384,39.358048,3.000000,7694.625575,21.047230,369680.851064,376.000000,-9620.151367,0.000000,0.000000,0.000000,0.000000,0.000000,1.000000,0,0.000000,-62657.511719,-2083.593994,2465126151,2465126903,-14504.042907,-50095.695830,-12877.805777,14267.281820
1096,1764279240.022768497,37,0,C9:06:43:F9:43:3F,8E89BED6,-15656.666243,3863.029654,-15656.667311,339818.566959,260483.964999,1.013945,39.943383,3.000000,7553.158141,21.008599,369680.851064,376.000000,-9513.202148,0.000000,0.000000,0.000000,0.000000,0.000000,1.000000,0,0.000000,-59035.703125,-2186.220459,2465126152,2465126904,14698.136467,-22145.848733,-30378.088706,9852.759128
1097,1764279242.042284966,37,0,C9:06:43:F9:43:3F,8E89BED6,-16388.725516,3367.917592,-16388.726143,356342.078601,270795.085781,0.958208,88.181013,3.000000,7224.715251,20.903204,367021.276596,376.000000,-9092.696289,0.000000,0.000000,0.000000,0.000000,0.000000,1.000000,0,0.000000,-83266.906250,-3955.714111,2469141840,2469142592,-17618.479326,-47692.441531,-7121.224713,18732.549539
1098,1764279242.075101614,37,0,C9:06:43:F9:43:3F,8E89BED6,-16141.554734,3557.381996,-16141.553164,355469.164970,281180.032826,0.957698,89.384174,3.000000,7084.387896,20.873792,367021.276596,376.000000,-9106.884766,0.000000,0.000000,0.000000,0.000000,0.000000,1.000000,0,0.000000,-83266.906250,-4007.056152,2469141841,2469142593,12615.131939,-29500.560977,-31629.922520,6222.782009
1099,1764279244.136204958,37,0,C9:06:43:F9:43:3F,8E89BED6,-15380.543095,4355.504606,-15380.543395,325322.466038,253764.985724,1.016483,38.360382,3.000000,7909.637366,21.290631,367021.276596,376.000000,-7978.164062,0.000000,0.000000,0.000000,0.000000,0.000000,1.000000,0,0.000000,-21323.449219,-316.943207,2473157388,2473158140,-5577.392029,-49990.431978,-20629.205738,11816.015747
1100,1764279244.172738075,37,0,C9:06:43:F9:43:3F,8E89BED6,-14918.068751,4563.718496,-14918.067353,324497.904527,258966.427022,1.014616,39.025806,3.000000,7765.508759,21.265566,367021.276596,376.000000,-7778.449707,0.000000,0.000000,0.000000,0.000000,0.000000,1.000000,0,0.000000,-21323.449219,-435.357941,2473157389,2473158141,25316.246737,-11416.501624,-23879.438884,17169.086811
1101,1764279246.217245102,37,0,C9:06:43:F9:43:3F,8E89BED6,-16594.625888,4111.263386,-16594.625233,348911.810567,265545.053889,0.962502,57.703601,2.500000,6743.386558,21.239791,369680.851064,376.000000,-9600.911133,0.000000,0.000000,0.000000,0.000000,0.000000,1.000000,0,0.000000,-10047.338867,-1303.299072,2477151086,2477151838,2152.100894,-40738.808116,-25078.051619,5430.114960
1102,1764279248.226248980,37,0,C9:06:43:F9:43:3F,8E89BED6,-15928.633815,4546.733684,-15928.633392,338427.384469,245929.761130,0.951531,-65.604149,2.500000,7975.308953,20.702612,369680.851064,376.000000,-8445.383789,0.000000,0.000000,0.000000,0.000000,0.000000,1.000000,0,0.000000,-41022.078125,-13036.508789,2481158855,2481159607,-7030.699659,-46761.940919,-16176.799438,9151.015630
1103,1764279250.256348372,37,0,C9:06:43:F9:43:3F,8E89BED6,-16323.229986,2427.741065,-16323.229392,344224.242668,276306.825662,0.970955,55.203301,2.500000,7583.123854,20.780234,369680.851064,376.000000,-9651.952148,0.000000,0.000000,0.000000,0.000000,0.000000,1.000000,0,0.000000,-23229.572266,2348.003906,2485161234,2485161986,-7387.579849,-50852.683768,-13931.442716,8264.710088
1104,1764279250.292911530,37,0,C9:06:43:F9:43:3F,8E89BED6,-15815.400666,2645.978465,-15815.399180,344277.230361,257697.110954,0.969318,55.672692,2.500000,7444.780496,20.718530,369680.851064,376.000000,-9489.018555,0.000000,0.000000,0.000000,0.000000,0.000000,1.000000,0,0.000000,-22798.189453,2204.005371,2485161235,2485161987,19916.899762,-16079.648061,-33560.000393,18842.899301
1105,1764279252.063702822,37,0,C9:06:43:F9:43:3F,8E89BED6,-16143.602750,3799.709582,-16143.603053,330171.490208,251477.824380,1.094531,-0.604398,3.000000,7391.461156,21.739202,367021.276596,376.000000,-9088.008789,0.000000,0.000000,0.000000,0.000000,0.000000,1.000000,0,0.000000,-35991.988281,-6090.953613,2488996313,2488997065,-16725.800093,-51743.081598,-6166.482994,17296.611209
1106,1764279252.111180305,37,0,C9:06:43:F9:43:3F,8E89BED6,-15844.199494,3994.520305,-15844.199362,328547.347059,251568.566470,1.096224,-0.339539,3.000000,7250.510127,21.702678,369680.851064,376.000000,-9132.921875,0.000000,0.000000,0.000000,0.000000,0.000000,1.000000,0,0.000000,-35991.988281,-6191.500000,2488996314,2488997066,15346.417876,-25391.242276,-25536.492474,4686.821514
1107,1764279254.389108181,37,0,C9:06:43:F9:43:3F,8E89BED6,-16169.001239,3536.280881,-16169.001212,336021.155078,258977.405742,1.072280,-17.558709,3.000000,7179.227803,21.652268,369680.851064,376.000000,-9581.624023,0.000000,0.000000,0.000000,0.000000,0.000000,1.000000,0,0.000000,-87615.406250,-9897.355469,2493008279,2493009031,-13702.268593,-48846.508634,-12139.597017,11019.704605
1108,1764279254.463191986,37,0,C9:06:43:F9:43:3F,8E89BED6,-15809.920537,3693.333929,-15809.919781,335627.485683,248941.234664,1.074205,-17.097760,3.000000,7039.562723,21.613880,369680.851064,376.000000,-9501.931641,0.000000,0.000000,0.000000,0.000000,0.000000,1.000000,0,0.000000,-83275.914062,-9963.620117,2493008280,2493009032,11964.684901,-28945.041955,-33445.847534,9649.326851
1109,1764279256.365953445,37,0,C9:06:43:F9:43:3F,8E89BED6,-16371.956610,4096.115732,-16371.956912,339952.452577,260127.928073,1.040488,-13.970188,2.500000,7503.260622,20.710698,367021.276596,376.000000,-9686.267578,0.000000,0.000000,0.000000,0.000000,0.000000,1.000000,0,0.000000,-9602.305664,-8891.924805,2496839857,2496840609,-1220.615000,-36072.769922,-25191.249597,9654.735491
1110,1764279258.317106962,37,0,C9:06:43:F9:43:3F,8E89BED6,-15731.732839,4170.674129,-15731.732055,332923.171401,253993.726888,1.014691,33.755602,2.500000,7894.331723,20.948349,367021.276596,376.000000,-9096.746094,0.000000,0.000000,0.000000,0.000000,0.000000,1.000000,0,0.000000,-27000.453125,-5766.277832,2500851201,2500851953,-5927.996175,-44773.054788,-10414.838288,10351.869785
1111,1764279260.316225052,37,0,C9:06:43:F9:43:3F,8E89BED6,-15783.409911,3966.139884,-15783.409544,340684.885658,263349.340704,0.928631,-78.102757,3.000000,7838.487147,21.481853,367021.276596,376.000000,-9088.374023,0.000000,0.000000,0.000000,0.000000,0.000000,1.000000,0,0.000000,-70654.734375,-21975.238281,2504859885,2504860637,-12009.309527,-49949.561272,-12788.266920,8875.335234
1112,1764279260.349599838,37,0,C9:06:43:F9:43:3F,8E89BED6,-15294.878121,4145.458806,-15294.878631,340767.670050,265242.183778,0.928610,-77.537003,3.000000,7698.160138,21.447323,367021.276596,376.000000,-8912.494141,0.000000,0.000000,0.000000,0.000000,0.000000,1.000000,0,0.000000,-70184.328125,-21970.634766,2504859886,2504860638,23532.270664,-14777.722574,-29208.653775,8871.877335
1114,1764279262.415977478,37,0,C9:06:43:F9:43:3F,8E89BED6,-16111.906339,4006.783245,-16111.906828,340519.933379,249447.448669,1.009363,-41.600352,3.000000,7870.637043,21.363657,367021.276596,376.000000,-8452.614258,0.000000,0.000000,0.000000,0.000000,0.000000,1.000000,0,0.000000,-16250.189453,7844.648926,2508865314,2508866066,-12795.971762,-52485.596428,-9485.462175,12403.249576
1115,1764279262.459366322,37,0,C9:06:43:F9:43:3F,8E89BED6,-15688.261966,4197.261245,-15688.263176,340463.167827,262381.435313,1.010662,-41.198523,3.000000,7731.694854,21.304125,367021.276596,376.000000,-8390.965820,0.000000,0.000000,0.000000,0.000000,0.000000,1.000000,0,0.000000,-16250.189453,7672.236816,2508865315,2508866067,14564.427123,-20307.771653,-24822.845079,5411.716242
1116,1764279264.593944073,37,0,C9:06:43:F9:43:3F,8E89BED6,-16026.403142,4603.959277,-16026.402602,337753.776108,240392.662530,1.098208,8.911823,2.500000,7343.280442,21.420934,369680.851064,376.000000,-8848.306641,0.000000,0.000000,0.000000,0.000000,0.000000,1.000000,0,0.000000,-21713.978516,-9880.757812,2512872274,2512873026,-4493.404020,-43830.313189,-18495.854822,9412.140398
1117,1764279266.698212624,37,0,C9:06:43:F9:43:3F,8E89BED6,-16341.761348,3658.197633,-16341.761372,331336.415993,253814.298633,0.989650,-49.245683,2.500000,7619.313842,20.617751,369680.851064,376.000000,-9223.856445,0.000000,0.000000,0.000000,0.000000,0.000000,1.000000,0,0.000000,-56376.835938,-10885.289062,2516883243,2516883995,-14482.725121,-54984.200905,-3269.390143,12033.077063
1118,1764279266.733072758,37,0,C9:06:43:F9:43:3F,8E89BED6,-15928.927848,3837.027111,-15928.927117,331316.963384,252712.638210,0.990815,-48.703265,2.500000,7478.276479,20.654526,369680.851064,376.000000,-9187.478516,0.000000,0.000000,0.000000,0.000000,0.000000,1.000000,0,0.000000,-43714.500000,-10925.254883,2516883244,2516883996,14883.076530,-25272.246335,-23766.318159,9424.622316
1119,1764279268.736378670,37,0,C9:06:43:F9:43:3F,8E89BED6,-16711.442949,3141.584972,-16711.442591,330208.130734,235621.118105,0.985047,-55.232084,2.500000,6995.722382,20.853835,367021.276596,376.000000,-9484.722656,0.000000,0.000000,0.000000,0.000000,0.000000,1.000000,0,0.000000,-9571.092773,-1391.825562,2520894079,2520894831,31.201425,-42072.587448,-26622.174539,655.651087
1120,1764279270.745020151,37,0,C9:06:43:F9:43:3F,8E89BED6,-16667.143554,3016.356150,-16667.142969,328819.320920,247273.680674,1.072626,-14.473189,3.000000,6746.079986,21.262680,369680.851064,376.000000,-7865.069824,0.000000,0.000000,0.000000,0.000000,0.000000,1.000000,0,0.000000,-54421.312500,-5259.689941,2524898146,2524898898,-20916.949047,-56631.493524,-11536.520727,24286.219725
1121,1764279270.779489517,37,0,C9:06:43:F9:43:3F,8E89BED6,-16427.792313,3191.408972,-16427.791805,328370.174962,259495.220151,1.074346,-14.349733,3.000000,6605.541172,21.247805,369680.851064,376.000000,-7935.106445,0.000000,0.000000,0.000000,0.000000,0.000000,1.000000,0,0.000000,-45726.835938,-5318.940918,2524898147,2524898899,11772.027577,-35457.901515,-28715.890422,11763.709966
1122,1764279272.735367537,37,0,C9:06:43:F9:43:3F,8E89BED6,-16305.277085,4028.424195,-16305.276275,342533.099580,238689.492718,1.076859,-2.201322,2.500000,7096.132417,21.164275,367021.276596,376.000000,-8889.567383,0.000000,0.000000,0.000000,0.000000,0.000000,1.000000,0,0.000000,-22090.291016,-2868.505127,2528896123,2528896875,-20509.453307,-47518.980311,-9056.067839,23435.162867
1123,1764279272.772629499,37,0,C9:06:43:F9:43:3F,8E89BED6,-16062.672371,4197.490029,-16062.672061,341213.922753,270498.895319,1.077843,-1.589093,2.500000,6953.710347,21.131186,367021.276596,376.000000,-8920.737305,0.000000,0.000000,0.000000,0.000000,0.000000,1.000000,0,0.000000,-22090.291016,-2992.943115,2528896124,2528896876,11067.767126,-30412.231252,-28786.359268,6442.945901
1124,1764279274.756013155,37,0,C9:06:43:F9:43:3F,8E89BED6,-16430.834036,3247.363522,-16430.834035,348146.309884,257329.503264,0.959851,66.510474,3.000000,7207.568083,21.498488,369680.851064,376.000000,-10843.711914,0.000000,0.000000,0.000000,0.000000,0.000000,1.000000,0,0.000000,-56776.109375,-15914.825195,2532896898,2532897650,-18851.022523,-49591.000371,-14967.378622,14206.954367
1125,1764279274.788610458,37,0,C9:06:43:F9:43:3F,8E89BED6,-16061.933849,3434.059840,-16061.934287,347048.902653,259899.780195,0.958143,67.052254,3.000000,7067.641378,21.449660,369680.851064,376.000000,-10851.840820,0.000000,0.000000,0.000000,0.000000,0.000000,1.000000,0,0.000000,-55653.875000,-15961.091797,2532896899,2532897651,12219.092004,-29773.529743,-34367.512985,5062.993453
1126,1764279276.726157904,37,0,C9:06:43:F9:43:3F,8E89BED6,-16101.844675,3264.295863,-16101.844432,339138.562076,258488.021091,1.094835,0.974768,2.500000,7531.068730,21.209939,369680.851064,376.000000,-9545.341797,0.000000,0.000000,0.000000,0.000000,0.000000,1.000000,0,0.000000,-24241.501953,-5805.476074,2536898643,2536899395,-10318.133674,-49008.929974,-13040.569331,4433.284152
1127,1764279276.760886192,37,0,C9:06:43:F9:43:3F,8E89BED6,-15677.399642,3470.898605,-15677.398939,338612.635684,268152.595048,1.095708,1.464509,2.500000,7392.129575,21.178330,369680.851064,376.000000,-9485.715820,0.000000,0.000000,0.000000,0.000000,0.000000,1.000000,0,0.000000,-24241.501953,-5886.252441,2536898644,2536899396,19540.859528,-15284.967275,-25806.407252,5276.017966
1128,1764279278.778871059,37,0,C9:06:43:F9:43:3F,8E89BED6,-16129.913791,4120.394827,-16129.915670,328943.708491,241727.310265,1.077657,27.223420,3.000000,7432.565403,21.743905,367021.276596,376.000000,-7773.862305,0.000000,0.000000,0.000000,0.000000,0.000000,1.000000,0,0.000000,-38289.457031,-6623.160645,2540903203,2540903955,-17748.922488,-46344.782281,-10819.186014,25669.106453
1129,1764279278.812878609,37,0,C9:06:43:F9:43:3F,8E89BED6,-15849.190536,4291.431464,-15849.189360,327582.536981,250102.121333,1.078350,27.302118,3.000000,7290.340121,21.667779,367021.276596,376.000000,-7761.552734,0.000000,0.000000,0.000000,0.000000,0.000000,1.000000,0,0.000000,-38289.457031,-6700.660156,2540903204,2540903956,13206.205278,-30900.850731,-26981.092840,9081.361318
1130,1764279280.760802984,37,0,C9:06:43:F9:43:3F,8E89BED6,-16378.221662,3818.786446,-16378.222014,349580.204571,249756.873642,1.078886,-5.717556,2.500000,7289.446307,21.324944,367021.276596,376.000000,-8345.748047,0.000000,0.000000,0.000000,0.000000,0.000000,1.000000,0,0.000000,-57571.449219,-14765.447266,2544921365,2544922117,-21845.415609,-49874.262670,-10889.278831,21312.250192
1131,1764279280.795879602,37,0,C9:06:43:F9:43:3F,8E89BED6,-16141.403234,3999.146810,-16141.402454,347956.315437,273262.515721,1.080824,-5.560839,2.500000,7147.387719,21.317575,367021.276596,376.000000,-8421.154297,0.000000,0.000000,0.000000,0.000000,0.000000,1.000000,0,0.000000,-57571.449219,-14798.274414,2544921366,2544922118,13860.017988,-31450.935624,-31734.302672,6659.629145
1132,1764279282.778552532,37,0,C9:06:43:F9:43:3F,8E89BED6,-17031.533679,4127.720286,-17031.533107,324775.710026,246362.950502,0.960047,-82.566756,2.500000,6693.557359,21.072274,367021.276596,376.000000,-9240.684570,0.000000,0.000000,0.000000,0.000000,0.000000,1.000000,0,0.000000,-48045.433594,-11190.087891,2548933384,2548934136,-21434.966741,-49250.706059,-11545.076408,20163.828639
1133,1764279282.818485737,37,0,C9:06:43:F9:43:3F,8E89BED6,-16869.853206,4308.815290,-16869.853602,324777.208720,265125.098632,0.960830,-81.386486,2.500000,6555.914609,21.103826,367021.276596,376.000000,-9359.042969,0.000000,0.000000,0.000000,0.000000,0.000000,1.000000,0,0.000000,-48045.433594,-11223.141602,2548933385,2548934137,8459.999829,-37150.958288,-24878.493370,7308.989570
1136,1764279284.772598505,37,0,C9:06:43:F9:43:3F,8E89BED6,-16715.937150,4974.402830,-16715.937016,340534.862004,265379.371365,0.901354,71.495390,3.000000,7061.640041,20.703937,369680.851064,376.000000,-9295.021484,0.000000,0.000000,0.000000,0.000000,0.000000,1.000000,0,0.000000,-17424.939453,3286.015625,2552941169,2552941921,-18300.193734,-51016.240152,-4213.485677,15131.256916
1137,1764279284.806082249,37,0,C9:06:43:F9:43:3F,8E89BED6,-16344.316339,5156.841596,-16344.314637,339710.314146,284797.778343,0.900261,71.444573,3.000000,6922.899764,20.657361,369680.851064,376.000000,-9304.529297,0.000000,0.000000,0.000000,0.000000,0.000000,1.000000,0,0.000000,-17424.939453,3193.512207,2552941170,2552941922,11942.794612,-26780.187611,-27437.274427,10841.324980
1138,1764279286.809042215,37,0,C9:06:43:F9:43:3F,8E89BED6,-15942.106763,2467.142577,-15942.107019,334992.363422,250646.971446,0.904818,-78.205265,3.000000,7341.617888,21.487771,329787.234043,376.000000,-9707.911133,0.000000,0.000000,0.000000,0.000000,0.000000,1.000000,0,0.000000,-41840.492188,-7904.859863,2556901483,2556902235,-18420.032037,-47503.993597,-11277.393654,19544.996349
1139,1764279286.845966339,37,0,C9:06:43:F9:43:3F,8E89BED6,-15687.969641,2634.014401,-15687.968681,333685.060729,259072.090210,0.903676,-78.075918,3.000000,7201.321120,21.612544,329787.234043,376.000000,-9732.350586,0.000000,0.000000,0.000000,0.000000,0.000000,1.000000,0,0.000000,-29880.300781,-7942.722656,2556901484,2556902236,15572.771678,-30490.221249,-31498.321515,2765.109459
1140,1764279289.110813618,37,0,C9:06:43:F9:43:3F,8E89BED6,-16280.332540,3174.210301,-16280.332387,331664.366994,259137.325922,1.070444,8.259060,2.500000,7601.553658,21.375131,367021.276596,376.000000,-9127.546875,0.000000,0.000000,0.000000,0.000000,0.000000,1.000000,0,0.000000,-36942.234375,-13076.725586,2560913291,2560914043,-5865.906941,-46623.472950,-16693.062027,9258.863223
1143,1764279291.308920145,37,0,C9:06:43:F9:43:3F,8E89BED6,-15935.048476,3874.558197,-15935.048058,345061.097332,271187.638543,1.047373,33.772084,2.500000,7749.203387,21.514843,369680.851064,376.000000,-9444.597656,0.000000,0.000000,0.000000,0.000000,0.000000,1.000000,0,0.000000,-20039.269531,6640.343750,2564920504,2564921256,-9394.212687,-40566.789667,-16611.159331,13519.415595
1144,1764279291.340476274,37,0,C9:06:43:F9:43:3F,8E89BED6,-15479.876299,4068.822891,-15479.875948,344293.292946,270096.783399,1.046890,34.013510,2.500000,7609.176960,21.514080,369680.851064,376.000000,-9289.543945,0.000000,0.000000,0.000000,0.000000,0.000000,1.000000,0,0.000000,-20039.269531,6539.220215,2564920505,2564921257,17220.237018,-7199.411823,-33217.443154,20069.671630
1145,1764279293.488515377,37,0,C9:06:43:F9:43:3F,8E89BED6,-16407.177635,3872.196659,-16407.179726,350618.161307,263777.957727,1.059557,26.161105,2.500000,6492.619637,21.506758,364361.702128,376.000000,-8152.967773,0.000000,0.000000,0.000000,0.000000,0.000000,1.000000,0,0.000000,2477.710938,4975.360352,2568751049,2568751801,3904.453927,-37232.400699,-34896.094703,8117.362894
1146,1764279295.541159391,37,0,C9:06:43:F9:43:3F,8E89BED6,-17011.258603,2853.778504,-17011.260279,347619.956048,263200.862219,0.936102,-63.579456,2.500000,6849.164185,20.776736,369680.851064,376.000000,-9593.268555,0.000000,0.000000,0.000000,0.000000,0.000000,1.000000,0,0.000000,-66727.781250,-21075.986328,2572754250,2572755002,-22766.833288,-49225.133802,-1700.225306,13023.976146
1147,1764279295.573628664,37,0,C9:06:43:F9:43:3F,8E89BED6,-16922.973958,3028.384291,-16922.974090,346907.389595,262336.086225,0.934826,-63.700019,2.500000,6706.925426,20.759922,369680.851064,376.000000,-9713.439453,0.000000,0.000000,0.000000,0.000000,0.000000,1.000000,0,0.000000,-62923.085938,-21077.792969,2572754251,2572755003,4990.049946,-28283.693533,-28547.049790,-2728.885184
1148,1764279299.580129862,37,0,C9:06:43:F9:43:3F,8E89BED6,-15748.175482,4028.891496,-15748.174941,347951.868639,257706.532329,0.961966,59.879867,3.000000,7960.919751,21.248272,369680.851064,376.000000,-9365.865234,0.000000,0.000000,0.000000,0.000000,0.000000,1.000000,0,0.000000,-50834.816406,-15300.172852,2580676349,2580677101,-8215.757819,-47321.598166,-21248.995833,7924.086412
1149,1764279299.628706217,37,0,C9:06:43:F9:43:3F,8E89BED6,-15292.261038,4237.590715,-15292.260186,348037.655884,264403.550145,0.960255,60.434150,3.000000,7821.955059,21.222896,369680.851064,376.000000,-9230.248047,0.000000,0.000000,0.000000,0.000000,0.000000,1.000000,0,0.000000,-50834.816406,-15340.036133,2580676350,2580677102,20569.657359,-18328.915121,-23848.787413,14586.665754
1150,1764279301.609081030,37,0,C9:06:43:F9:43:3F,8E89BED6,-16519.271105,3121.905598,-16519.271217,339923.247869,252006.893517,0.989650,-48.703308,2.500000,7135.602297,20.879541,369680.851064,376.000000,-9542.065430,0.000000,0.000000,0.000000,0.000000,0.000000,1.000000,0,0.000000,-32300.443359,-2662.677734,2584678949,2584679701,-5978.324324,-43959.295945,-18032.187687,9315.425618
1151,1764279303.549813271,37,0,C9:06:43:F9:43:3F,8E89BED6,-16431.149339,2944.378648,-16431.149807,350619.158252,245992.120648,0.943605,60.719313,3.000000,7201.290776,20.839916,369680.851064,376.000000,-9403.788086,0.000000,0.000000,0.000000,0.000000,0.000000,1.000000,0,0.000000,-23835.111328,-3158.374512,2588685933,2588686685,-14952.821652,-47476.728676,-7416.474602,9111.772645
1152,1764279303.586098671,37,0,C9:06:43:F9:43:3F,8E89BED6,-16073.024753,3126.156659,-16073.025345,349645.265189,259256.164510,0.942028,61.021791,3.000000,7062.875157,20.843241,369680.851064,376.000000,-9333.629883,0.000000,0.000000,0.000000,0.000000,0.000000,1.000000,0,0.000000,-23835.111328,-3297.706299,2588685934,2588686686,16009.254591,-23863.366186,-36896.572157,5487.969715
1153,1764279305.599105120,37,0,C9:06:43:F9:43:3F,8E89BED6,-17124.500828,3374.648681,-17124.500907,327284.708803,243272.975315,0.922802,64.641781,3.000000,6362.422173,21.602140,369680.851064,376.000000,-8899.311523,0.000000,0.000000,0.000000,0.000000,0.000000,1.000000,0,0.000000,-19633.179688,-986.490112,2592682129,2592682881,-22836.855556,-51307.240995,-3835.478251,15985.658675
1154,1764279305.639764547,37,0,C9:06:43:F9:43:3F,8E89BED6,-16877.739354,3551.030695,-16877.739816,327278.750287,246383.725487,0.922482,64.467223,3.000000,6224.628812,21.559546,369680.851064,376.000000,-8960.023438,0.000000,0.000000,0.000000,0.000000,0.000000,1.000000,0,0.000000,-19132.560547,-1086.013062,2592682130,2592682882,8946.484999,-31565.885729,-26222.923994,6249.346378
1155,1764279309.791755199,37,0,C9:06:43:F9:43:3F,8E89BED6,-15533.572241,3914.287659,-15533.572546,332898.277978,242539.256540,1.126980,6.272392,3.000000,7825.205037,20.848509,369680.851064,376.000000,-6936.283203,0.000000,0.000000,0.000000,0.000000,0.000000,1.000000,0,0.000000,-43929.347656,-1801.036377,2600536977,2600537729,-8150.566898,-49496.278999,-14165.412323,11186.075466
1156,1764279309.841109037,37,0,C9:06:43:F9:43:3F,8E89BED6,-15055.791310,4108.184094,-15055.790991,331737.299273,256931.489387,1.127996,6.543184,3.000000,7687.465958,20.849764,369680.851064,376.000000,-6789.854492,0.000000,0.000000,0.000000,0.000000,0.000000,1.000000,0,0.000000,-38703.468750,-1933.990112,2600536978,2600537730,21100.272940,-18334.491161,-23779.813426,18760.620742
1157,1764279311.975427628,37,0,C9:06:43:F9:43:3F,8E89BED6,-16364.382564,3873.812763,-16364.381389,347998.897438,253619.716058,0.963855,-75.065179,3.000000,7869.414705,20.929545,367021.276596,376.000000,-9309.030273,0.000000,0.000000,0.000000,0.000000,0.000000,1.000000,0,0.000000,-15339.057617,-531.351685,2604537187,2604537939,-14746.442401,-48366.701492,-10871.010643,9786.520610
1158,1764279312.007737398,37,0,C9:06:43:F9:43:3F,8E89BED6,-16001.149018,4072.346291,-16001.149223,347042.202149,265073.899458,0.964359,-73.834202,3.000000,7725.594210,20.969072,367021.276596,376.000000,-9289.752930,0.000000,0.000000,0.000000,0.000000,0.000000,1.000000,0,0.000000,-15339.057617,-654.184509,2604537188,2604537940,15890.258532,-21569.812141,-31436.962321,1785.805531
1159,1764279313.798711777,37,0,C9:06:43:F9:43:3F,8E89BED6,-16328.773771,3163.470990,-16328.775254,324449.253076,251347.526361,1.085056,7.098050,2.500000,6935.104332,21.159238,369680.851064,376.000000,-9103.100586,0.000000,0.000000,0.000000,0.000000,0.000000,1.000000,0,0.000000,-39126.921875,-11123.213867,2608325018,2608325770,2184.282368,-40677.016285,-21417.414916,5876.539286
1160,1764279315.846263885,37,0,C9:06:43:F9:43:3F,8E89BED6,-16132.683500,4321.777344,-16132.683214,348670.857280,277176.072953,1.016437,-39.782242,2.500000,7118.836683,21.912184,367021.276596,376.000000,-7952.583008,0.000000,0.000000,0.000000,0.000000,0.000000,1.000000,0,0.000000,-10303.443359,5202.197266,2612337721,2612338473,-758.082569,-36997.463240,-24218.416814,6480.045049
1161,1764279317.944408178,37,0,C9:06:43:F9:43:3F,8E89BED6,-16309.251686,2905.160674,-16309.251441,339616.150450,246944.820825,1.057307,21.921786,2.500000,7123.902427,20.900795,367021.276596,376.000000,-8544.518555,0.000000,0.000000,0.000000,0.000000,0.000000,1.000000,0,0.000000,-44698.503906,-15291.245117,2616348470,2616349222,-21535.291142,-45593.751177,-9082.626379,19308.429903
1162,1764279317.995324135,37,0,C9:06:43:F9:43:3F,8E89BED6,-16066.822508,3097.175953,-16066.822406,339635.744116,243410.992417,1.057263,22.393101,2.500000,6979.791494,20.911457,367021.276596,376.000000,-8549.475586,0.000000,0.000000,0.000000,0.000000,0.000000,1.000000,0,0.000000,-42893.953125,-15373.416016,2616348471,2616349223,7114.470665,-30082.881686,-31655.042629,8640.597371
1163,1764279320.049488544,37,0,C9:06:43:F9:43:3F,8E89BED6,-16099.690364,4315.670150,-16099.690939,354872.359170,269345.440413,1.108497,-10.204788,3.000000,7426.686612,21.346453,367021.276596,376.000000,-8162.914551,0.000000,0.000000,0.000000,0.000000,0.000000,1.000000,0,0.000000,-11398.187500,1512.951538,2620175312,2620176064,-3819.738794,-44294.468836,-13207.827746,12200.128141
1164,1764279322.046782017,37,0,C9:06:43:F9:43:3F,8E89BED6,-15986.556641,4379.405231,-15986.558211,342770.493824,250782.859457,0.964481,-69.690657,3.000000,7477.151113,21.036587,367021.276596,376.000000,-8981.377930,0.000000,0.000000,0.000000,0.000000,0.000000,1.000000,0,0.000000,-57000.964844,-10596.027344,2624187988,2624188740,-17336.751850,-44163.640675,-7102.307631,19091.577793
1165,1764279322.087274790,37,0,C9:06:43:F9:43:3F,8E89BED6,-15650.710118,4565.294035,-15650.709523,341270.015805,286536.725017,0.965787,-68.605621,3.000000,7334.872599,21.071099,367021.276596,376.000000,-8972.837891,0.000000,0.000000,0.000000,0.000000,0.000000,1.000000,0,0.000000,-57000.964844,-10703.572266,2624187989,2624188741,15612.555289,-20567.654324,-30112.841987,8108.002217
1167,1764279324.201047182,37,0,C9:06:43:F9:43:3F,8E89BED6,-16261.572738,3896.373357,-16261.572446,342385.671592,250409.094568,0.957837,-63.566764,2.500000,7755.452138,20.895989,367021.276596,376.000000,-8248.018555,0.000000,0.000000,0.000000,0.000000,0.000000,1.000000,0,0.000000,-22848.375000,2589.673828,2628166624,2628167376,-17394.708571,-51329.815007,-2375.777112,16151.508643
1168,1764279324.246707439,37,0,C9:06:43:F9:43:3F,8E89BED6,-16030.780148,4075.628769,-16030.779155,341851.633637,269757.993067,0.958335,-63.001898,2.500000,7616.131626,20.911144,367021.276596,376.000000,-8262.329102,0.000000,0.000000,0.000000,0.000000,0.000000,1.000000,0,0.000000,-19622.421875,2447.875000,2628166625,2628167377,10488.329510,-25832.195103,-28488.591215,8180.858523
1169,1764279326.211799622,37,0,C9:06:43:F9:43:3F,8E89BED6,-16150.137258,2598.558198,-16150.137715,347275.128209,250042.594153,0.913820,82.713566,2.500000,7587.010626,21.381136,369680.851064,376.000000,-10534.689453,0.000000,0.000000,0.000000,0.000000,0.000000,1.000000,0,0.000000,-45314.003906,-5916.751953,2632170626,2632171378,-7124.962544,-47607.403333,-16511.855333,7362.665617
1170,1764279326.258212566,37,0,C9:06:43:F9:43:3F,8E89BED6,-15736.317156,2783.856245,-15736.316879,346616.692261,253985.158255,0.912549,83.148935,2.500000,7446.775665,21.338275,369680.851064,376.000000,-10347.510742,0.000000,0.000000,0.000000,0.000000,0.000000,1.000000,0,0.000000,-45314.003906,-6022.134277,2632170627,2632171379,16511.023047,-15663.563330,-26492.376324,13385.746700
1171,1764279328.287474871,37,0,C9:06:43:F9:43:3F,8E89BED6,-16125.942386,5360.950681,-16125.941619,328427.411943,244375.610817,1.081932,-18.629926,2.500000,7001.751524,21.792597,367021.276596,376.000000,-9083.023438,0.000000,0.000000,0.000000,0.000000,0.000000,1.000000,0,0.000000,-12175.092773,-14334.799805,2636180845,2636181597,-2529.263061,-40185.970808,-25578.765519,13915.104833
1174,1764279330.330051899,37,0,C9:06:43:F9:43:3F,8E89BED6,-15821.934744,3364.127388,-15821.934997,343933.856879,262161.410287,0.931815,71.278597,3.000000,7566.158336,21.500305,367021.276596,376.000000,-9580.614258,0.000000,0.000000,0.000000,0.000000,0.000000,1.000000,0,0.000000,-31918.830078,-3793.555176,2640177509,2640178261,-12458.962641,-43805.874630,-15809.136131,8852.931574
1175,1764279330.362591743,37,0,C9:06:43:F9:43:3F,8E89BED6,-15416.595746,3549.810125,-15416.596676,343932.267410,276522.835356,0.930309,71.814388,3.000000,7428.942792,21.501274,367021.276596,376.000000,-9461.709961,0.000000,0.000000,0.000000,0.000000,0.000000,1.000000,0,0.000000,-25041.457031,-3924.753418,2640177510,2640178262,15926.264403,-17887.154155,-36053.829643,12038.078932
1176,1764279332.426829576,37,0,C9:06:43:F9:43:3F,8E89BED6,-15641.874453,3370.976657,-15641.874348,343157.454474,247626.853250,0.946074,67.001427,3.000000,8320.657984,21.347439,367021.276596,376.000000,-9239.186523,0.000000,0.000000,0.000000,0.000000,0.000000,1.000000,0,0.000000,-35593.554688,-9338.137695,2644193620,2644194372,-6678.375654,-45735.961075,-12176.408381,11695.981259
1177,1764279332.462678194,37,0,C9:06:43:F9:43:3F,8E89BED6,-15174.494092,3568.543856,-15174.494673,343170.720159,254193.656436,0.945100,67.658145,3.000000,8177.423941,21.309783,369680.851064,376.000000,-9050.494141,0.000000,0.000000,0.000000,0.000000,0.000000,1.000000,0,0.000000,-35432.527344,-9472.988281,2644193621,2644194373,22541.018776,-13786.395480,-20339.876869,11826.607742
1178,1764279334.293796778,37,0,C9:06:43:F9:43:3F,8E89BED6,-16182.855672,3422.741420,-16182.854963,335656.473097,253526.158473,0.904604,-88.550358,2.500000,7379.424727,21.412131,367021.276596,376.000000,-9894.135742,0.000000,0.000000,0.000000,0.000000,0.000000,1.000000,0,0.000000,-12500.014648,8293.536133,2647970620,2647971372,-6603.800505,-47553.703015,-8655.372371,6439.198941
1179,1764279336.302866936,37,0,C9:06:43:F9:43:3F,8E89BED6,-16070.663142,4052.252522,-16070.663396,332418.103729,246010.959785,1.084156,-0.931166,2.500000,7495.452733,21.448481,369680.851064,376.000000,-9419.447266,0.000000,0.000000,0.000000,0.000000,0.000000,1.000000,0,0.000000,-13767.992188,-9879.027344,2651973839,2651974591,-1115.513710,-43395.216558,-20155.855749,5569.009810
1180,1764279338.273891926,37,0,C9:06:43:F9:43:3F,8E89BED6,-16578.618636,3828.615475,-16578.618181,351914.480448,274992.939064,0.959444,-66.596290,2.500000,6960.859654,21.345835,367021.276596,376.000000,-9491.546875,0.000000,0.000000,0.000000,0.000000,0.000000,1.000000,0,0.000000,-30926.337891,-17422.167969,2655976167,2655976919,-22394.648975,-51233.317263,-3924.882938,25431.892780
1181,1764279338.307183266,37,0,C9:06:43:F9:43:3F,8E89BED6,-16419.719802,4014.039660,-16419.720495,351077.708292,277779.175028,0.958757,-66.327105,2.500000,6820.096572,21.345949,367021.276596,376.000000,-9571.883789,0.000000,0.000000,0.000000,0.000000,0.000000,1.000000,0,0.000000,-30443.281250,-17500.851562,2655976168,2655976920,2358.217811,-38502.656227,-18654.909890,9759.750480
1182,1764279340.316643238,37,0,C9:06:43:F9:43:3F,8E89BED6,-16164.080278,3393.187711,-16164.080397,355379.669862,258157.534246,1.095354,-2.685903,3.000000,7683.953863,21.272986,367021.276596,376.000000,-8623.065430,0.000000,0.000000,0.000000,0.000000,0.000000,1.000000,0,0.000000,-115435.585938,-17776.023438,2659991622,2659992374,-15656.005705,-50403.861937,-5644.755221,16983.850844
1183,1764279340.357388496,37,0,C9:06:43:F9:43:3F,8E89BED6,-15759.727727,3568.376836,-15759.728111,354508.553586,271146.446347,1.096310,-2.183514,3.000000,7542.285869,21.247305,367021.276596,376.000000,-8535.395508,0.000000,0.000000,0.000000,0.000000,0.000000,1.000000,0,0.000000,-105687.046875,-17759.394531,2659991623,2659992375,14685.572620,-24604.851199,-23481.981231,8851.673242
1184,1764279342.514339447,37,0,C9:06:43:F9:43:3F,8E89BED6,-16328.101062,4460.412986,-16328.100866,328112.258682,244768.575748,0.990446,-48.667974,2.500000,7031.618938,21.167984,367021.276596,376.000000,-8271.343750,0.000000,0.000000,0.000000,0.000000,0.000000,1.000000,0,0.000000,-43903.355469,-11253.867188,2664000664,2664001416,-20786.745228,-47610.164391,-15895.574060,24703.127705
1185,1764279342.553018570,37,0,C9:06:43:F9:43:3F,8E89BED6,-16173.060735,4643.572116,-16173.061425,327220.526820,246540.208379,0.991194,-48.315536,2.500000,6886.384401,21.215069,367021.276596,376.000000,-8316.974609,0.000000,0.000000,0.000000,0.000000,0.000000,1.000000,0,0.000000,-43217.890625,-11267.518555,2664000665,2664001417,10618.032473,-34053.818524,-27482.444959,10758.562949
1186,1764279344.295493364,37,0,C9:06:43:F9:43:3F,8E89BED6,-16100.350527,2849.244553,-16100.349828,360055.069366,256509.501686,0.987229,50.203462,3.000000,7593.064399,21.552101,367021.276596,376.000000,-8861.243164,0.000000,0.000000,0.000000,0.000000,0.000000,1.000000,0,0.000000,-55664.140625,-10362.295898,2667673147,2667673899,-9292.100026,-46943.498766,-15613.893272,6421.935331
1187,1764279344.343258619,37,0,C9:06:43:F9:43:3F,8E89BED6,-15616.589033,3067.534648,-15616.589619,360055.490827,271935.170504,0.985505,50.932048,3.000000,7454.235047,21.533650,367021.276596,376.000000,-8733.334961,0.000000,0.000000,0.000000,0.000000,0.000000,1.000000,0,0.000000,-52067.554688,-10437.721680,2667673148,2667673900,20672.953842,-14267.744508,-24693.268136,7424.561621
1188,1764279346.279559374,37,0,C9:06:43:F9:43:3F,8E89BED6,-15704.276359,3596.747824,-15704.277855,335983.573320,234220.684586,0.986657,48.562794,3.000000,7172.406302,21.415662,369680.851064,376.000000,-7162.489746,0.000000,0.000000,0.000000,0.000000,0.000000,1.000000,0,0.000000,-22909.771484,222.221893,2671676943,2671677695,-18477.129218,-48348.777419,-8168.994818,25841.216816
1189,1764279346.326898098,37,0,C9:06:43:F9:43:3F,8E89BED6,-15356.418266,3788.943169,-15356.419197,335996.504879,282908.945298,0.985216,48.911426,3.000000,7031.873518,21.371892,369680.851064,376.000000,-7143.178223,0.000000,0.000000,0.000000,0.000000,0.000000,1.000000,0,0.000000,-22909.771484,120.948441,2671676944,2671677696,13526.876047,-29646.648955,-23966.870265,18880.292587
1190,1764279348.306962967,37,0,C9:06:43:F9:43:3F,8E89BED6,-15421.595036,3552.038002,-15421.594493,341458.407100,249470.715088,0.980024,-53.817804,2.500000,7911.892752,21.202864,369680.851064,376.000000,-8895.568359,0.000000,0.000000,0.000000,0.000000,0.000000,1.000000,0,0.000000,-14751.181641,1730.726196,2675688808,2675689560,-9947.401013,-45429.892159,-22973.546731,8974.335208
1191,1764279348.355054617,37,0,C9:06:43:F9:43:3F,8E89BED6,-14984.750693,3784.106554,-14984.749937,341518.703471,268513.391345,0.981608,-53.034545,2.500000,7766.323979,21.253868,369680.851064,376.000000,-8799.598633,0.000000,0.000000,0.000000,0.000000,0.000000,1.000000,0,0.000000,-14597.242188,1590.151733,2675688809,2675689561,22391.923759,-10049.778554,-31603.333778,17462.141985
1192,1764279350.299156189,37,0,C9:06:43:F9:43:3F,8E89BED6,-16194.182416,3612.858157,-16194.183131,328016.967747,236290.418712,0.937671,67.726072,2.500000,7192.078232,21.280541,369680.851064,376.000000,-8586.803711,0.000000,0.000000,0.000000,0.000000,0.000000,1.000000,0,0.000000,-34846.210938,-14531.506836,2679460814,2679461566,-5474.170307,-43329.497104,-22552.102055,6118.959997
1193,1764279352.381225586,37,0,C9:06:43:F9:43:3F,8E89BED6,-16438.947471,4996.642514,-16438.948838,339395.992134,268050.029272,1.021185,-37.162012,2.500000,6776.376910,20.998934,367021.276596,376.000000,-8225.726562,0.000000,0.000000,0.000000,0.000000,0.000000,1.000000,0,0.000000,-12900.967773,-6562.014160,2683473301,2683474053,60.893425,-39339.831432,-22350.293995,7003.206178
1194,1764279354.355049133,37,0,C9:06:43:F9:43:3F,8E89BED6,-15563.244209,3435.602788,-15563.246032,336445.125584,239907.144514,0.933189,65.602294,3.000000,8306.231929,21.883106,329787.234043,376.000000,-9286.360352,0.000000,0.000000,0.000000,0.000000,0.000000,1.000000,0,0.000000,-17390.966797,-5418.709473,2687298156,2687298908,-12021.886927,-46485.279975,-13444.388685,9924.010154
1195,1764279354.389271975,37,0,C9:06:43:F9:43:3F,8E89BED6,-15145.202754,3628.276239,-15145.202253,335523.215880,265749.073527,0.931560,65.977833,3.000000,8160.819806,21.898788,329787.234043,376.000000,-9247.575195,0.000000,0.000000,0.000000,0.000000,0.000000,1.000000,0,0.000000,-11595.302734,-5600.993652,2687298157,2687298909,19886.923990,-19287.525908,-28536.975861,15214.108600
1196,1764279356.353613377,37,0,C9:06:43:F9:43:3F,8E89BED6,-15941.088121,3962.011934,-15941.089131,345993.983274,249119.889546,0.948830,-80.832017,2.500000,7475.983773,20.769762,367021.276596,376.000000,-9836.338867,0.000000,0.000000,0.000000,0.000000,0.000000,1.000000,0,0.000000,-18155.369141,-14760.783203,2691308486,2691309238,-4552.948825,-44991.786083,-17260.559978,934.907007
1197,1764279358.367636681,37,0,C9:06:43:F9:43:3F,8E89BED6,-16483.044637,2875.965134,-16483.044340,329264.370933,249382.973570,1.040548,-28.085451,2.500000,6873.370696,21.416393,367021.276596,376.000000,-8511.326172,0.000000,0.000000,0.000000,0.000000,0.000000,1.000000,0,0.000000,-12150.083984,-14372.068359,2695313905,2695314657,2667.234684,-42204.831546,-26458.564901,4878.973337
1198,1764279360.425467968,37,0,C9:06:43:F9:43:3F,8E89BED6,-16084.083041,5194.353609,-16084.082355,338491.123122,255347.947989,0.919480,83.411351,2.500000,7745.727082,21.027783,369680.851064,376.000000,-8908.661133,0.000000,0.000000,0.000000,0.000000,0.000000,1.000000,0,0.000000,-10731.024414,-7197.470215,2699326426,2699327178,-3134.585630,-46164.901531,-13107.509140,12237.595299
1199,1764279362.453471184,37,0,C9:06:43:F9:43:3F,8E89BED6,-16474.414992,2745.587598,-16474.414049,323629.517545,246200.897366,1.077717,-14.845654,2.500000,7611.898770,21.263758,369680.851064,376.000000,-8918.898438,0.000000,0.000000,0.000000,0.000000,0.000000,1.000000,0,0.000000,-24646.228516,-5553.293457,2703337007,2703337759,-23227.700786,-52074.192585,-12075.696656,11871.737184
1200,1764279362.495774031,37,0,C9:06:43:F9:43:3F,8E89BED6,-16292.391972,2923.947077,-16292.391706,323640.372537,254372.835585,1.079626,-14.571339,2.500000,7471.464922,21.176711,369680.851064,376.000000,-9009.501953,0.000000,0.000000,0.000000,0.000000,0.000000,1.000000,0,0.000000,-24646.228516,-5632.319336,2703337008,2703337760,6286.126488,-38328.585420,-22899.641319,5601.537574
1201,1764279364.441555262,37,0,C9:06:43:F9:43:3F,8E89BED6,-16727.719966,4151.104181,-16727.719882,328662.063080,262791.559551,0.985074,49.403981,2.500000,6509.480711,20.958388,369680.851064,376.000000,-9677.567383,0.000000,0.000000,0.000000,0.000000,0.000000,1.000000,0,0.000000,-27619.341797,-9866.629883,2707109233,2707109985,178.137681,-38711.287901,-22709.089788,3874.697491
1202,1764279366.443902016,37,0,C9:06:43:F9:43:3F,8E89BED6,-16694.724728,3546.123829,-16694.725520,329354.517213,254012.630805,0.911863,-84.546993,3.000000,7210.801988,20.849379,369680.851064,376.000000,-9342.744141,0.000000,0.000000,0.000000,0.000000,0.000000,1.000000,0,0.000000,-52117.039062,-18183.113281,2711109163,2711109915,-18977.830183,-55391.646895,-9104.886328,13686.816365
1203,1764279366.476888895,37,0,C9:06:43:F9:43:3F,8E89BED6,-16419.725593,3743.420257,-16419.726451,328919.064168,258049.651612,0.910920,-84.184807,3.000000,7069.993041,20.890208,369680.851064,376.000000,-9369.065430,0.000000,0.000000,0.000000,0.000000,0.000000,1.000000,0,0.000000,-52117.039062,-18233.312500,2711109164,2711109916,10125.803087,-32732.528159,-26965.276517,3495.041451
1206,1764279368.483360529,37,0,C9:06:43:F9:43:3F,8E89BED6,-16427.532948,4471.742453,-16427.533383,343861.176262,252552.168424,1.046530,-20.887273,3.000000,7316.780735,21.311792,369680.851064,376.000000,-9434.882812,0.000000,0.000000,0.000000,0.000000,0.000000,1.000000,0,0.000000,-15292.148438,-9302.885742,2715112544,2715113296,-4928.530522,-43857.848669,-17907.027307,7088.679949
1207,1764279370.493671417,37,0,C9:06:43:F9:43:3F,8E89BED6,-16521.814058,3705.432351,-16521.814863,329934.058892,238440.152665,1.040016,22.620525,2.500000,7697.051852,21.160249,369680.851064,376.000000,-9147.378906,0.000000,0.000000,0.000000,0.000000,0.000000,1.000000,0,0.000000,-83640.906250,-11334.229492,2719113505,2719114257,-19772.766180,-55352.094550,-9029.947993,22173.233154
1208,1764279370.530326128,37,0,C9:06:43:F9:43:3F,8E89BED6,-16248.524062,3901.211837,-16248.524119,329226.805495,244730.242401,1.039532,23.395436,2.500000,7556.664739,21.181009,369680.851064,376.000000,-9193.878906,0.000000,0.000000,0.000000,0.000000,0.000000,1.000000,0,0.000000,-83640.906250,-11354.623047,2719113506,2719114258,10252.094226,-34354.669763,-30744.576078,3367.768230
1209,1764279372.627653360,37,0,C9:06:43:F9:43:3F,8E89BED6,-16877.542537,4103.728034,-16877.542521,326493.559873,249825.425497,0.942169,-78.972348,2.500000,6692.300681,21.545221,369680.851064,376.000000,-9606.349609,0.000000,0.000000,0.000000,0.000000,0.000000,1.000000,0,0.000000,-27514.890625,-4020.623291,2723115079,2723115831,2466.560493,-40965.623697,-26805.238752,-1126.511031
1210,1764279374.540729046,37,0,C9:06:43:F9:43:3F,8E89BED6,-15731.839466,3979.038717,-15731.840218,339478.240801,245869.550651,0.995233,-47.166345,3.000000,7886.456709,20.881396,367021.276596,376.000000,-9137.648438,0.000000,0.000000,0.000000,0.000000,0.000000,1.000000,0,0.000000,-10246.364258,-3204.388184,2726802515,2726803267,-8309.634833,-50255.965566,-20039.196063,14970.422274
1211,1764279374.577508211,37,0,C9:06:43:F9:43:3F,8E89BED6,-15248.060349,4166.992608,-15248.060660,339484.333532,269610.468497,0.997015,-46.372969,3.000000,7748.812944,20.890320,367021.276596,376.000000,-8973.518555,0.000000,0.000000,0.000000,0.000000,0.000000,1.000000,0,0.000000,-10246.364258,-3391.613037,2726802516,2726803268,20611.281997,-13534.935720,-30979.488475,19753.334059
1212,1764279376.697967052,37,0,C9:06:43:F9:43:3F,8E89BED6,-15947.192325,4453.292099,-15947.193160,321786.132596,237835.982543,0.951294,77.285751,2.500000,7724.738965,21.001365,367021.276596,376.000000,-8484.584961,0.000000,0.000000,0.000000,0.000000,0.000000,1.000000,0,0.000000,6590.022461,3813.576416,2730811938,2730812690,-18506.233181,-50163.319801,-3782.968533,24958.763438
1213,1764279376.737982273,37,0,C9:06:43:F9:43:3F,8E89BED6,-15684.846773,4640.095036,-15684.848233,319879.534627,256324.385582,0.950615,78.226542,2.500000,7580.322894,20.971446,367021.276596,376.000000,-8490.185547,0.000000,0.000000,0.000000,0.000000,0.000000,1.000000,0,0.000000,6590.022461,3641.637695,2730811939,2730812691,10701.211942,-31345.253583,-23465.601044,8142.414090
1216,1764279378.801483154,37,0,C9:06:43:F9:43:3F,8E89BED6,-16838.427555,3241.666130,-16838.427443,340854.802867,250422.131574,0.989079,49.108606,3.000000,7286.716938,21.595953,367021.276596,376.000000,-9446.325195,0.000000,0.000000,0.000000,0.000000,0.000000,1.000000,0,0.000000,-89115.453125,-25194.640625,2734820616,2734821368,-21154.659218,-55700.274132,-10869.896583,19908.267610
1217,1764279378.835146189,37,0,C9:06:43:F9:43:3F,8E89BED6,-16570.422798,3428.252543,-16570.422286,340640.820573,271892.205945,0.987979,49.440733,3.000000,7140.405193,21.505353,367021.276596,376.000000,-9519.100586,0.000000,0.000000,0.000000,0.000000,0.000000,1.000000,0,0.000000,-87996.296875,-25142.191406,2734820617,2734821369,11964.086691,-30799.066505,-28765.595305,279.680102
1218,1764279380.818790674,37,0,C9:06:43:F9:43:3F,8E89BED6,-16395.819646,3873.637146,-16395.820001,353804.377422,248548.157880,1.075833,4.767913,3.000000,7093.001729,21.103476,369680.851064,376.000000,-9128.910156,0.000000,0.000000,0.000000,0.000000,0.000000,1.000000,0,0.000000,-78090.250000,-5543.365234,2738620601,2738621353,-18669.581754,-50779.706800,-8284.691033,18750.668600
1219,1764279380.871646643,37,0,C9:06:43:F9:43:3F,8E89BED6,-16074.332545,4067.567346,-16074.334378,352517.166675,265032.648904,1.077516,4.964223,3.000000,6948.816631,21.068458,369680.851064,376.000000,-9114.180664,0.000000,0.000000,0.000000,0.000000,0.000000,1.000000,0,0.000000,-78090.250000,-5641.279297,2738620602,2738621354,16093.197327,-30582.011952,-28280.624319,2356.187804
1220,1764279382.847179174,37,0,C9:06:43:F9:43:3F,8E89BED6,-15391.314122,3785.567280,-15391.313409,339539.718088,266486.072350,0.985658,50.991920,3.000000,8010.836338,21.210044,367021.276596,376.000000,-9432.402344,0.000000,0.000000,0.000000,0.000000,0.000000,1.000000,0,0.000000,-22312.300781,-2255.733398,2742630497,2742631249,-11849.248303,-47395.741942,-15378.775163,15750.941591
1221,1764279382.881211758,37,0,C9:06:43:F9:43:3F,8E89BED6,-14903.527716,3983.136239,-14903.527833,339538.431363,261709.409480,0.983834,51.763878,3.000000,7866.383755,21.288979,367021.276596,376.000000,-9236.545898,0.000000,0.000000,0.000000,0.000000,0.000000,1.000000,0,0.000000,-22312.300781,-2416.064453,2742630498,2742631250,18184.054528,-17239.775720,-26298.690256,20992.946357
1222,1764279384.849114418,37,0,C9:06:43:F9:43:3F,8E89BED6,-15967.004544,3558.769726,-15967.004294,344903.064357,261162.917576,0.980874,51.076998,3.000000,7468.149847,21.602949,369680.851064,376.000000,-9747.338867,0.000000,0.000000,0.000000,0.000000,0.000000,1.000000,0,0.000000,-37125.675781,-9697.010742,2746635013,2746635765,-13268.749898,-48163.336188,-19159.402919,17015.143365
1223,1764279384.901281595,37,0,C9:06:43:F9:43:3F,8E89BED6,-15488.244921,3758.817818,-15488.244660,344117.503941,262178.780677,0.979508,51.420666,3.000000,7327.368882,21.584447,369680.851064,376.000000,-9592.328125,0.000000,0.000000,0.000000,0.000000,0.000000,1.000000,0,0.000000,-37125.675781,-9800.478516,2746635014,2746635766,19548.922116,-15107.821355,-31051.323923,14969.963388
1225,1764279386.836627722,37,0,C9:06:43:F9:43:3F,8E89BED6,-16081.683639,2833.741337,-16081.684686,328336.094268,250578.553660,0.950676,-72.942303,3.000000,7926.760601,21.370771,369680.851064,376.000000,-9869.765625,0.000000,0.000000,0.000000,0.000000,0.000000,1.000000,0,0.000000,-53232.328125,-17146.396484,2750476595,2750477347,-16079.629384,-50420.739391,-9269.129373,10610.976450
1226,1764279386.876331568,37,0,C9:06:43:F9:43:3F,8E89BED6,-15701.777167,3032.208908,-15701.776821,327763.461495,255567.474995,0.950134,-72.437384,3.000000,7788.574743,21.358281,369680.851064,376.000000,-9884.372070,0.000000,0.000000,0.000000,0.000000,0.000000,1.000000,0,0.000000,-53232.328125,-17232.279297,2750476596,2750477348,13814.742642,-25584.532583,-22640.317497,5951.938439
1227,1764279388.850882292,37,0,C9:06:43:F9:43:3F,8E89BED6,-15863.866395,4103.213169,-15863.866181,353053.502860,256361.567623,0.970154,55.413687,2.500000,7740.984821,21.653552,367021.276596,376.000000,-8928.875000,0.000000,0.000000,0.000000,0.000000,0.000000,1.000000,0,0.000000,-7592.559082,-4907.734863,2754488806,2754489558,-1585.579079,-42299.130855,-22311.732438,12340.703082
1228,1764279390.817763805,37,0,C9:06:43:F9:43:3F,8E89BED6,-16887.035073,2984.847731,-16887.034698,334619.950099,255899.965595,0.923500,73.503550,2.500000,6898.293385,20.878375,369680.851064,376.000000,-10175.299805,0.000000,0.000000,0.000000,0.000000,0.000000,1.000000,0,0.000000,-48979.250000,-13750.261719,2758494876,2758495628,-21272.741809,-45864.820930,-11577.712511,19842.087628
1229,1764279390.853302717,37,0,C9:06:43:F9:43:3F,8E89BED6,-16653.853271,3181.626160,-16653.853445,334331.049838,268354.550883,0.921918,73.757480,2.500000,6758.834857,20.877168,369680.851064,376.000000,-10233.389648,0.000000,0.000000,0.000000,0.000000,0.000000,1.000000,0,0.000000,-43946.878906,-13770.367188,2758494877,2758495629,5967.034717,-38696.959468,-28599.533978,4046.144436
1232,1764279393.005228043,37,0,C9:06:43:F9:43:3F,8E89BED6,-15766.455220,3670.787052,-15766.455978,331831.304265,248586.488161,0.932387,66.814781,3.000000,8042.808135,21.149015,369680.851064,376.000000,-8700.440430,0.000000,0.000000,0.000000,0.000000,0.000000,1.000000,0,0.000000,-32898.878906,-7405.484375,2762508273,2762509025,-6071.425104,-43797.142289,-13856.075834,8575.125979
1233,1764279393.037885904,37,0,C9:06:43:F9:43:3F,8E89BED6,-15254.984106,3860.729498,-15254.983460,331273.104275,242602.666166,0.931004,67.353751,3.000000,7903.360009,21.081394,369680.851064,376.000000,-8537.046875,0.000000,0.000000,0.000000,0.000000,0.000000,1.000000,0,0.000000,-28069.400391,-7533.931641,2762508274,2762509026,24350.757350,-13026.170177,-27523.709285,16958.572194
1234,1764279395.093205929,37,0,C9:06:43:F9:43:3F,8E89BED6,-16166.233716,3295.370439,-16166.234334,359064.994792,258940.730486,0.931208,64.147231,3.000000,7682.609039,21.056061,369680.851064,376.000000,-9523.357422,0.000000,0.000000,0.000000,0.000000,0.000000,1.000000,0,0.000000,-18102.580078,426.320496,2766521329,2766522081,-12196.854022,-47962.921300,-11351.858333,7038.171293
1235,1764279395.132181168,37,0,C9:06:43:F9:43:3F,8E89BED6,-15690.229240,3482.534346,-15690.229466,357490.086531,285179.747425,0.929649,64.402427,3.000000,7543.573834,21.032577,369680.851064,376.000000,-9401.503906,0.000000,0.000000,0.000000,0.000000,0.000000,1.000000,0,0.000000,-17539.826172,314.101074,2766521330,2766522082,16523.158388,-13514.026897,-27092.385117,6411.528520
1236,1764279396.831119061,37,0,C9:06:43:F9:43:3F,8E89BED6,-16769.533626,3890.817952,-16769.532754,359021.974666,271847.588284,0.954690,-65.344074,3.000000,6932.498186,20.860989,369680.851064,376.000000,-9785.860352,0.000000,0.000000,0.000000,0.000000,0.000000,1.000000,0,0.000000,-27023.966797,294.500366,2770206687,2770207439,-20069.709383,-51745.543266,-7504.357759,10314.172653
1237,1764279396.866194487,37,0,C9:06:43:F9:43:3F,8E89BED6,-16541.056910,4074.772597,-16541.057628,357317.870505,287112.268833,0.954751,-64.880292,3.000000,6791.707910,20.842383,369680.851064,376.000000,-9829.125000,0.000000,0.000000,0.000000,0.000000,0.000000,1.000000,0,0.000000,-27023.966797,75.214195,2770206688,2770207440,7903.205342,-34510.186810,-24649.871989,6305.642917
1238,1764279398.884640694,37,0,C9:06:43:F9:43:3F,8E89BED6,-15742.336822,3351.434006,-15742.337379,344987.285073,254897.844823,0.969928,-57.432048,2.500000,7864.209904,21.526695,369680.851064,376.000000,-9953.673828,0.000000,0.000000,0.000000,0.000000,0.000000,1.000000,0,0.000000,-65362.300781,-13852.630859,2774212800,2774213552,-9343.003818,-48571.683473,-16806.381045,11945.834391
1239,1764279398.932452202,37,0,C9:06:43:F9:43:3F,8E89BED6,-15311.964446,3541.951114,-15311.966272,344979.391934,273833.664241,0.971143,-56.761694,2.500000,7726.218337,21.539810,369680.851064,376.000000,-9905.641602,0.000000,0.000000,0.000000,0.000000,0.000000,1.000000,0,0.000000,-57357.847656,-13863.271484,2774212801,2774213553,22548.004265,-16880.847956,-24101.375733,12143.280195
1240,1764279401.040946960,37,0,C9:06:43:F9:43:3F,8E89BED6,-16792.741846,4039.654368,-16792.740263,344439.211490,255186.344901,0.936398,-66.010851,2.500000,6812.649768,20.626404,369680.851064,376.000000,-9021.025391,0.000000,0.000000,0.000000,0.000000,0.000000,1.000000,0,0.000000,-50077.867188,-8177.775391,2778203832,2778204584,4448.390339,-39013.308573,-20993.511506,4222.002848
1241,1764279403.197086096,37,0,C9:06:43:F9:43:3F,8E89BED6,-16222.083360,4351.246908,-16222.083659,341815.901274,260767.171192,0.967724,59.288341,2.500000,7387.788834,20.804230,369680.851064,376.000000,-9024.313477,0.000000,0.000000,0.000000,0.000000,0.000000,1.000000,0,0.000000,-44499.750000,103.626625,2782207825,2782208577,-19603.641250,-52645.616722,-4273.621685,27052.847365
1242,1764279403.234473467,37,0,C9:06:43:F9:43:3F,8E89BED6,-15993.674164,4531.745646,-15993.674262,341689.214202,253133.620260,0.966232,59.690113,2.500000,7245.816886,20.839914,369680.851064,376.000000,-9101.724609,0.000000,0.000000,0.000000,0.000000,0.000000,1.000000,0,0.000000,-42371.812500,15.502820,2782207826,2782208578,12061.834237,-34692.427443,-30376.410446,3968.605793
1243,1764279405.260235548,37,0,C9:06:43:F9:43:3F,8E89BED6,-16412.524131,3520.702713,-16412.524398,330187.557363,253642.089040,1.040199,25.063642,2.500000,7391.006155,21.340654,367021.276596,376.000000,-9880.198242,0.000000,0.000000,0.000000,0.000000,0.000000,1.000000,0,0.000000,-28623.046875,-20066.826172,2786220619,2786221371,-4990.386531,-48550.576715,-21904.786219,2454.049170
1244,1764279407.281472921,37,0,C9:06:43:F9:43:3F,8E89BED6,-17303.902536,3231.542492,-17303.904151,339465.381304,250319.977189,0.914200,-82.994790,2.500000,6776.240292,20.964910,369680.851064,376.000000,-10159.654297,0.000000,0.000000,0.000000,0.000000,0.000000,1.000000,0,0.000000,-27661.621094,-7728.875977,2790191150,2790191902,435.862255,-39434.339580,-24934.274305,6827.273059
1245,1764279409.295784712,37,0,C9:06:43:F9:43:3F,8E89BED6,-16735.187574,4051.760094,-16735.186438,341164.021082,263306.933181,0.942954,-80.558976,3.000000,7226.134055,21.179660,367021.276596,376.000000,-9299.430664,0.000000,0.000000,0.000000,0.000000,0.000000,1.000000,0,0.000000,-95629.914062,-21368.373047,2794206301,2794207053,-19744.470417,-54499.351636,-7701.817105,15397.712165
1246,1764279409.334291220,37,0,C9:06:43:F9:43:3F,8E89BED6,-16475.715575,4222.020358,-16475.715263,339983.235627,268019.680510,0.942731,-79.833261,3.000000,7085.195605,21.194045,367021.276596,376.000000,-9332.428711,0.000000,0.000000,0.000000,0.000000,0.000000,1.000000,0,0.000000,-95629.914062,-21309.777344,2794206302,2794207054,10565.722916,-34817.229496,-25581.516873,5032.749574
1247,1764279411.338562489,37,0,C9:06:43:F9:43:3F,8E89BED6,-16659.851225,3685.830299,-16659.850860,339384.436865,259572.119593,1.043879,28.960126,2.500000,7329.028160,21.321585,369680.851064,376.000000,-8973.142578,0.000000,0.000000,0.000000,0.000000,0.000000,1.000000,0,0.000000,-55619.457031,-26692.878906,2798219571,2798220323,-20968.010081,-51815.330866,-11855.957890,20404.287054
1248,1764279411.377284527,37,0,C9:06:43:F9:43:3F,8E89BED6,-16475.052567,3874.387808,-16475.050813,337907.478464,258829.466310,1.043932,29.255864,2.500000,7184.003487,21.365642,369680.851064,376.000000,-9048.405273,0.000000,0.000000,0.000000,0.000000,0.000000,1.000000,0,0.000000,-55619.457031,-26677.619141,2798219572,2798220324,4693.966887,-38523.338279,-19632.300368,10810.641215
1249,1764279413.529663563,37,0,C9:06:43:F9:43:3F,8E89BED6,-17027.649476,3565.219023,-17027.649266,343453.197502,254775.615426,1.006759,-40.330067,2.500000,6794.445471,20.765858,367021.276596,376.000000,-9712.912109,0.000000,0.000000,0.000000,0.000000,0.000000,1.000000,0,0.000000,-18350.572266,1458.685425,2802235830,2802236582,-22036.434448,-50335.821944,-5984.333307,17001.035443
1250,1764279413.564955711,37,0,C9:06:43:F9:43:3F,8E89BED6,-16890.960771,3730.586669,-16890.961005,342872.493061,270985.813216,1.008523,-39.178192,2.500000,6650.918165,20.840059,367021.276596,376.000000,-9829.438477,0.000000,0.000000,0.000000,0.000000,0.000000,1.000000,0,0.000000,-18256.626953,1333.129517,2802235831,2802236583,6490.241920,-34776.000263,-25258.786209,3520.358299
1251,1764279415.518412113,37,0,C9:06:43:F9:43:3F,8E89BED6,-16126.268430,4816.448905,-16126.268633,341486.895613,247097.752596,1.058250,13.241972,2.500000,7679.761929,21.582148,367021.276596,376.000000,-8205.168945,0.000000,0.000000,0.000000,0.000000,0.000000,1.000000,0,0.000000,-19143.423828,18131.253906,2806247381,2806248133,-23693.551730,-47281.101396,-2877.679006,26881.901877
1252,1764279415.556504250,37,0,C9:06:43:F9:43:3F,8E89BED6,-15930.129896,4989.589964,-15930.130470,340547.183707,262540.676315,1.058301,13.952518,2.500000,7534.407446,21.591440,367021.276596,376.000000,-8263.227539,0.000000,0.000000,0.000000,0.000000,0.000000,1.000000,0,0.000000,-19143.423828,17934.744141,2806247382,2806248134,7309.761149,-37404.265079,-25839.835674,6855.225042
1253,1764279417.549362183,37,0,C9:06:43:F9:43:3F,8E89BED6,-16432.002399,1897.876721,-16432.001911,342175.587053,261750.955720,1.049591,23.307088,3.000000,7606.004569,21.293783,367021.276596,376.000000,-8832.422852,0.000000,0.000000,0.000000,0.000000,0.000000,1.000000,0,0.000000,-31807.148438,-15218.845703,2810256669,2810257421,-17614.763637,-48018.517258,-4828.401056,7287.412959
1254,1764279417.584061623,37,0,C9:06:43:F9:43:3F,8E89BED6,-16126.218237,2106.351091,-16126.219808,342213.444590,274589.373498,1.050092,23.622056,3.000000,7468.337840,21.229774,367021.276596,376.000000,-8861.198242,0.000000,0.000000,0.000000,0.000000,0.000000,1.000000,0,0.000000,-31807.148438,-15280.766602,2810256670,2810257422,16179.060637,-21905.616111,-30298.653731,2967.892701
1255,1764279419.604810476,37,0,C9:06:43:F9:43:3F,8E89BED6,-16670.123960,3550.635644,-16670.124655,344264.605986,263351.312132,1.105667,7.686921,2.500000,6744.810826,21.577654,369680.851064,376.000000,-7876.560059,0.000000,0.000000,0.000000,0.000000,0.000000,1.000000,0,0.000000,-16664.470703,-15366.039062,2814258338,2814259090,-6869.466658,-48355.415416,-20992.170696,4195.730356
1256,1764279421.573870897,37,0,C9:06:43:F9:43:3F,8E89BED6,-16359.870639,3690.713783,-16359.870406,328337.525292,238478.165599,1.080984,15.674497,3.000000,7654.402666,21.519009,367021.276596,376.000000,-9983.455078,0.000000,0.000000,0.000000,0.000000,0.000000,1.000000,0,0.000000,-24997.947266,-1469.478516,2818262425,2818263177,-19361.527987,-56245.032914,-10936.268557,12989.593638
1257,1764279421.610543966,37,0,C9:06:43:F9:43:3F,8E89BED6,-16095.378167,3879.219261,-16095.377820,326513.001684,258894.134244,1.081858,15.939821,3.000000,7516.433665,21.498410,367021.276596,376.000000,-10012.350586,0.000000,0.000000,0.000000,0.000000,0.000000,1.000000,0,0.000000,-22136.947266,-1577.661987,2818262426,2818263178,15757.098225,-27064.862298,-30523.497962,7727.622802
1258,1764279423.586233139,37,0,C9:06:43:F9:43:3F,8E89BED6,-16606.278436,3709.652669,-16606.278771,328026.069067,233881.803587,1.000682,-44.769520,3.000000,7220.293067,20.801201,367021.276596,376.000000,-9950.773438,0.000000,0.000000,0.000000,0.000000,0.000000,1.000000,0,0.000000,-83095.937500,-16389.365234,2822260007,2822260759,-18283.355191,-45811.029348,-5956.002620,17671.822992
1259,1764279423.639757156,37,0,C9:06:43:F9:43:3F,8E89BED6,-16276.913034,3908.091238,-16276.914194,326966.916971,245931.019033,1.001654,-44.451342,3.000000,7080.215467,20.769561,367021.276596,376.000000,-9903.315430,0.000000,0.000000,0.000000,0.000000,0.000000,1.000000,0,0.000000,-83095.937500,-16433.529297,2822260008,2822260760,15387.945072,-26453.930136,-29926.730053,1911.395055
1260,1764279425.646563292,37,0,C9:06:43:F9:43:3F,8E89BED6,-16044.689503,4617.047299,-16044.688895,357568.259103,256779.496638,1.076806,-10.013129,2.500000,7861.668252,20.716089,369680.851064,376.000000,-8314.816406,0.000000,0.000000,0.000000,0.000000,0.000000,1.000000,0,0.000000,-29748.039062,-9050.737305,2826259352,2826260104,-17335.688577,-51669.883169,-8351.946798,18556.797279
1261,1764279425.690168858,37,0,C9:06:43:F9:43:3F,8E89BED6,-15662.161596,4805.678118,-15662.160803,357228.302748,265770.108530,1.078653,-9.570180,2.500000,7721.246186,20.722674,369680.851064,376.000000,-8296.037109,0.000000,0.000000,0.000000,0.000000,0.000000,1.000000,0,0.000000,-29748.039062,-9138.945312,2826259353,2826260105,14144.915297,-27643.757633,-25096.789505,12699.109787
1262,1764279426.667769194,37,0,C9:06:43:F9:43:3F,8E89BED6,-17570.102269,1830.018860,-17570.102345,353751.104846,248860.048752,0.851251,86.699896,3.000000,6229.126945,21.576440,367021.276596,376.000000,-9950.743164,0.000000,0.000000,0.000000,0.000000,0.000000,1.000000,0,0.000000,-12972.576172,-295.307281,2828219371,2828220123,-24600.082054,-53659.691114,-4209.818436,7771.915630
1263,1764279426.700219631,37,0,C9:06:43:F9:43:3F,8E89BED6,-17219.645721,2051.257942,-17219.645490,352564.664504,259675.518775,0.852420,86.402903,3.000000,6089.581283,21.595040,367021.276596,376.000000,-9946.493164,0.000000,0.000000,0.000000,0.000000,0.000000,1.000000,0,0.000000,-12972.576172,-440.910828,2828219372,2828220124,4985.880446,-34493.027140,-24630.123077,-9209.621530
1264,1764279428.644434452,37,0,C9:06:43:F9:43:3F,8E89BED6,-15936.355945,4787.076256,-15936.357993,356402.694051,285097.182184,1.067261,-6.224712,2.500000,7754.455885,21.357971,369680.851064,376.000000,-9180.962891,0.000000,0.000000,0.000000,0.000000,0.000000,1.000000,0,0.000000,-23137.089844,-3514.604248,2832221271,2832222023,-9850.856216,-56951.332902,-16262.406718,2000.613443
1265,1764279430.673290968,37,0,C9:06:43:F9:43:3F,8E89BED6,-16905.832121,3603.560073,-16905.831044,343144.275783,249339.661305,1.050926,27.715549,2.500000,7213.776216,21.096151,369680.851064,376.000000,-8428.558594,0.000000,0.000000,0.000000,0.000000,0.000000,1.000000,0,0.000000,-11553.613281,2702.888916,2836225594,2836226346,-27824.820304,-55447.976100,709.233122,21559.888908
1266,1764279430.709666967,37,0,C9:06:43:F9:43:3F,8E89BED6,-16748.584285,3772.409707,-16748.583268,341390.305542,252154.326806,1.052064,27.678076,2.500000,7074.344555,21.043402,369680.851064,376.000000,-8556.645508,0.000000,0.000000,0.000000,0.000000,0.000000,1.000000,0,0.000000,-11553.613281,2497.321045,2836225595,2836226347,-588.295891,-42035.728226,-22251.807314,6263.104551
1267,1764279432.631652832,37,0,C9:06:43:F9:43:3F,8E89BED6,-16142.449671,3656.625229,-16142.449157,353409.583137,266164.511293,0.987701,-51.316004,2.500000,7870.634961,20.999070,367021.276596,376.000000,-8855.916992,0.000000,0.000000,0.000000,0.000000,0.000000,1.000000,0,0.000000,-10315.780273,5381.588867,2840231998,2840232750,-19557.820413,-60491.976196,-4339.602893,6638.159347
1268,1764279432.665765047,37,0,C9:06:43:F9:43:3F,8E89BED6,-15731.078483,3863.479255,-15731.077582,353169.406231,272992.200592,0.989220,-50.447757,2.500000,7727.295522,20.981075,369680.851064,376.000000,-8806.676758,0.000000,0.000000,0.000000,0.000000,0.000000,1.000000,0,0.000000,-10315.780273,5202.978027,2840231999,2840232751,9146.433523,-28389.128571,-26168.476476,6212.491969
1269,1764279434.727548361,37,0,C9:06:43:F9:43:3F,8E89BED6,-16247.992680,2995.678168,-16247.992509,354872.167602,254200.200438,0.989027,49.066429,3.000000,7642.100523,20.815303,367021.276596,376.000000,-9527.541016,0.000000,0.000000,0.000000,0.000000,0.000000,1.000000,0,0.000000,-26080.570312,2344.228271,2844233423,2844234175,-19263.580988,-57352.242591,-13762.637974,10631.107667
1270,1764279434.771802187,37,0,C9:06:43:F9:43:3F,8E89BED6,-15785.707220,3215.928320,-15785.707534,354131.402460,290699.742709,0.987204,49.764145,3.000000,7503.873460,20.815503,369680.851064,376.000000,-9426.946289,0.000000,0.000000,0.000000,0.000000,0.000000,1.000000,0,0.000000,-26080.570312,2190.099365,2844233424,2844234176,9761.838691,-31178.960670,-29008.826024,9420.719737
1271,1764279436.713474989,37,0,C9:06:43:F9:43:3F,8E89BED6,-15943.162013,4926.476135,-15943.161994,318952.919562,236105.811957,1.044468,-27.781839,2.500000,7285.895949,21.472202,367021.276596,376.000000,-9014.774414,0.000000,0.000000,0.000000,0.000000,0.000000,1.000000,0,0.000000,-10226.617188,-13120.176758,2848181319,2848182071,-10403.462926,-54327.949049,-22859.523653,14641.447559
1272,1764279438.761558533,37,0,C9:06:43:F9:43:3F,8E89BED6,-16112.896490,3755.325484,-16112.897807,332787.771229,265822.449920,1.017545,-34.206693,2.500000,7541.345705,21.020520,367021.276596,376.000000,-8873.324219,0.000000,0.000000,0.000000,0.000000,0.000000,1.000000,0,0.000000,-6655.569336,-6710.089355,2852186596,2852187348,-9961.885539,-54117.456313,-17884.393142,7793.907646
1273,1764279440.734679461,37,0,C9:06:43:F9:43:3F,8E89BED6,-16631.815087,3179.366463,-16631.814833,337524.815892,238908.703991,1.109280,-10.838455,3.000000,6916.424553,21.902856,369680.851064,376.000000,-9335.169922,0.000000,0.000000,0.000000,0.000000,0.000000,1.000000,0,0.000000,-91217.023438,-13856.628906,2856195663,2856196415,-26748.780085,-54649.737198,-10332.491478,26315.329226
1274,1764279440.779114485,37,0,C9:06:43:F9:43:3F,8E89BED6,-16271.510191,3383.840560,-16271.509037,337521.951294,261363.347279,1.111190,-10.717251,3.000000,6772.705624,21.865145,369680.851064,376.000000,-9356.279297,0.000000,0.000000,0.000000,0.000000,0.000000,1.000000,0,0.000000,-90691.828125,-13889.955078,2856195664,2856196416,7419.139314,-37838.030551,-27914.246771,2257.334238
1275,1764279442.726068735,37,0,C9:06:43:F9:43:3F,8E89BED6,-15676.461990,3900.418787,-15676.463607,352246.081462,257491.444797,1.003068,-42.877522,3.000000,8209.006455,20.978106,367021.276596,376.000000,-8494.538086,0.000000,0.000000,0.000000,0.000000,0.000000,1.000000,0,0.000000,-50294.886719,-9258.717773,2860069839,2860070591,-20637.971450,-59391.796322,4851.394974,24606.523775
1276,1764279442.760544062,37,0,C9:06:43:F9:43:3F,8E89BED6,-15305.419248,4078.562348,-15305.419818,351413.624116,277113.901410,1.004913,-41.632165,3.000000,8068.287174,20.996330,367021.276596,376.000000,-8480.398438,0.000000,0.000000,0.000000,0.000000,0.000000,1.000000,0,0.000000,-50294.886719,-9362.005859,2860069840,2860070592,8217.207751,-32654.570948,-20498.487695,13324.482728
1277,1764279444.766885042,37,0,C9:06:43:F9:43:3F,8E89BED6,-16667.050509,3305.258936,-16667.052705,357391.093294,275737.413509,1.047136,-23.847207,3.000000,7155.797926,21.242984,367021.276596,376.000000,-9301.168945,0.000000,0.000000,0.000000,0.000000,0.000000,1.000000,0,0.000000,-63418.582031,-21788.425781,2864079396,2864080148,-24358.320079,-57673.694411,-4033.938745,19576.789757
1278,1764279444.818141937,37,0,C9:06:43:F9:43:3F,8E89BED6,-16471.897241,3484.940677,-16471.898236,357410.162013,268435.942840,1.048889,-23.413990,3.000000,7017.949909,21.152819,367021.276596,376.000000,-9376.574219,0.000000,0.000000,0.000000,0.000000,0.000000,1.000000,0,0.000000,-63418.582031,-21793.464844,2864079397,2864080149,1426.033197,-36866.592197,-25974.038690,4899.443183
1279,1764279446.799832344,37,0,C9:06:43:F9:43:3F,8E89BED6,-16976.548602,3015.390706,-16976.549034,312057.763087,228257.366104,0.909518,78.316337,2.500000,6739.872063,21.059957,369680.851064,376.000000,-9133.415039,0.000000,0.000000,0.000000,0.000000,0.000000,1.000000,0,0.000000,-28379.789062,-2296.726562,2868084485,2868085237,-23650.652583,-57007.721191,-2345.904417,16285.269672
1280,1764279446.835684299,37,0,C9:06:43:F9:43:3F,8E89BED6,-16700.385066,3215.578070,-16700.384777,312005.896535,239291.083409,0.907920,78.563608,2.500000,6598.632274,21.039358,369680.851064,376.000000,-9141.667969,0.000000,0.000000,0.000000,0.000000,0.000000,1.000000,0,0.000000,-28379.789062,-2413.795166,2868084486,2868085238,-922.078103,-44827.755670,-25442.856040,2586.315726
1281,1764279448.821976423,37,0,C9:06:43:F9:43:3F,8E89BED6,-16456.634152,3345.176241,-16456.634599,348871.230900,257367.200284,1.068631,-20.376753,3.000000,7372.701751,21.484217,369680.851064,376.000000,-9131.591797,0.000000,0.000000,0.000000,0.000000,0.000000,1.000000,0,0.000000,-61172.351562,-13140.676758,2872096078,2872096830,-23179.877331,-57635.205815,2272.443727,17821.471273
1282,1764279448.854699850,37,0,C9:06:43:F9:43:3F,8E89BED6,-16141.772959,3532.850163,-16141.774140,348496.964444,277761.280856,1.070468,-19.942186,3.000000,7234.161028,21.364735,369680.851064,376.000000,-9102.765625,0.000000,0.000000,0.000000,0.000000,0.000000,1.000000,0,0.000000,-43358.140625,-13181.958008,2872096079,2872096831,3254.670775,-38767.182269,-19294.091110,1756.003250
1283,1764279450.850860119,37,0,C9:06:43:F9:43:3F,8E89BED6,-15700.132969,3824.287077,-15700.134438,349057.477321,255309.979494,0.976080,55.415234,2.500000,7688.133282,21.709594,367021.276596,376.000000,-9592.737305,0.000000,0.000000,0.000000,0.000000,0.000000,1.000000,0,0.000000,-100119.945312,-19182.576172,2876105398,2876106150,-19766.863445,-54497.078143,-14168.721520,18436.811660
1284,1764279450.894169331,37,0,C9:06:43:F9:43:3F,8E89BED6,-15238.814804,4023.323355,-15238.814881,347151.515535,273673.249633,0.974495,56.174997,2.500000,7544.928379,21.701173,367021.276596,376.000000,-9441.637695,0.000000,0.000000,0.000000,0.000000,0.000000,1.000000,0,0.000000,-100119.945312,-19183.869141,2876105399,2876106151,10838.266167,-25466.348791,-29245.842890,15089.572923
1285,1764279452.800092220,37,0,C9:06:43:F9:43:3F,8E89BED6,-16357.601916,4054.111052,-16357.600997,360514.628262,264254.389586,1.084115,-17.177022,2.500000,6979.829822,22.153744,367021.276596,376.000000,-9323.774414,0.000000,0.000000,0.000000,0.000000,0.000000,1.000000,0,0.000000,-81187.468750,-16196.640625,2880110801,2880111553,-26337.665758,-55029.030600,-11916.247335,35302.940958
1286,1764279452.845718384,37,0,C9:06:43:F9:43:3F,8E89BED6,-16197.601944,4237.447057,-16197.601934,359568.189780,264234.116755,1.085674,-17.131448,2.500000,6838.412517,21.970211,367021.276596,376.000000,-9436.926758,0.000000,0.000000,0.000000,0.000000,0.000000,1.000000,0,0.000000,-80324.687500,-16140.666016,2880110802,2880111554,4228.063500,-41469.167086,-25021.577106,8751.760382
1287,1764279454.856814384,37,0,C9:06:43:F9:43:3F,8E89BED6,-16130.685259,4258.777614,-16130.685660,338059.362302,249712.931868,1.071590,23.310856,3.000000,7362.432039,21.667465,367021.276596,376.000000,-8290.857422,0.000000,0.000000,0.000000,0.000000,0.000000,1.000000,0,0.000000,-59865.792969,-14363.618164,2884122516,2884123268,-21376.862694,-54126.762257,-601.721825,30531.306860
1288,1764279454.892318964,37,0,C9:06:43:F9:43:3F,8E89BED6,-15804.937431,4463.017132,-15804.938640,336436.652491,273157.170103,1.072105,23.517743,3.000000,7220.488349,21.601617,367021.276596,376.000000,-8307.963867,0.000000,0.000000,0.000000,0.000000,0.000000,1.000000,0,0.000000,-59865.792969,-14365.441406,2884122517,2884123269,3090.641669,-33753.953501,-21599.623338,3737.658874
1289,1764279456.861613274,37,0,C9:06:43:F9:43:3F,8E89BED6,-15991.112587,2991.971862,-15991.112734,337090.196079,255726.742913,1.030011,-34.284756,3.000000,7589.089723,21.035258,369680.851064,376.000000,-9224.576172,0.000000,0.000000,0.000000,0.000000,0.000000,1.000000,0,0.000000,-19401.179688,1208.313599,2888132133,2888132885,-17081.176630,-55369.095497,-12075.478937,9351.047806
1290,1764279456.897560358,37,0,C9:06:43:F9:43:3F,8E89BED6,-15552.383845,3186.402865,-15552.384503,336555.211286,244280.451829,1.031903,-33.644200,3.000000,7449.883230,21.010305,369680.851064,376.000000,-9107.122070,0.000000,0.000000,0.000000,0.000000,0.000000,1.000000,0,0.000000,-16937.228516,1083.395508,2888132134,2888132886,8586.824659,-18976.306726,-24491.314844,5873.760944
1291,1764279458.861580133,37,0,C9:06:43:F9:43:3F,8E89BED6,-15948.682543,3828.882864,-15948.681620,346197.584631,259898.850386,1.063392,8.913793,2.500000,7593.173110,21.390576,367021.276596,376.000000,-8945.170898,0.000000,0.000000,0.000000,0.000000,0.000000,1.000000,0,0.000000,-26475.914062,-20280.601562,2892139500,2892140252,-9817.132627,-55387.728271,-17318.194620,7798.721806
1292,1764279460.850997210,37,0,C9:06:43:F9:43:3F,8E89BED6,-15878.361354,5414.583554,-15878.361746,345461.832260,276981.685990,1.036913,-16.351666,2.500000,7451.338091,21.249847,367021.276596,376.000000,-8486.829102,0.000000,0.000000,0.000000,0.000000,0.000000,1.000000,0,0.000000,-24465.253906,-9779.775391,2896151630,2896152382,-2892.355199,-47884.340878,-22007.206947,1545.122412
1293,1764279462.872614622,37,0,C9:06:43:F9:43:3F,8E89BED6,-15437.251954,4080.599075,-15437.251363,359481.620857,254178.986442,0.939918,74.680582,3.000000,8250.080371,21.154156,367021.276596,376.000000,-9201.783203,0.000000,0.000000,0.000000,0.000000,0.000000,1.000000,0,0.000000,-44956.109375,-8423.915039,2900161634,2900162386,-18862.397048,-53775.063665,-13657.666519,14567.304179
1294,1764279462.911080122,37,0,C9:06:43:F9:43:3F,8E89BED6,-14999.067504,4284.991743,-14999.067639,358186.026518,263106.306413,0.938811,75.413611,3.000000,8104.880079,21.275230,367021.276596,376.000000,-9100.960938,0.000000,0.000000,0.000000,0.000000,0.000000,1.000000,0,0.000000,-41109.121094,-8492.868164,2900161635,2900162387,14387.265036,-24244.246143,-22357.541071,7636.983926
1295,1764279464.878799915,37,0,C9:06:43:F9:43:3F,8E89BED6,-15741.536880,2768.748136,-15741.535793,338882.938854,263973.385099,0.900718,83.920844,3.000000,7865.009974,21.148767,369680.851064,376.000000,-9348.217773,0.000000,0.000000,0.000000,0.000000,0.000000,1.000000,0,0.000000,-8984.368164,3125.768066,2904170605,2904171357,-17463.023032,-56145.764411,-13545.936367,6259.694189
1296,1764279464.921265125,37,0,C9:06:43:F9:43:3F,8E89BED6,-15248.228879,2970.800211,-15248.228506,338935.866154,275393.203135,0.899672,84.319883,3.000000,7724.863496,21.220723,369680.851064,376.000000,-9139.184570,0.000000,0.000000,0.000000,0.000000,0.000000,1.000000,0,0.000000,-7726.678711,2924.127686,2904170606,2904171358,11143.624668,-20855.553462,-28900.463444,6922.753432
1297,1764279466.870113611,37,0,C9:06:43:F9:43:3F,8E89BED6,-16431.260821,4000.034024,-16431.259809,349998.929382,245010.675186,1.083747,-17.141304,2.500000,6924.146902,21.419864,367021.276596,376.000000,-8420.491211,0.000000,0.000000,0.000000,0.000000,0.000000,1.000000,0,0.000000,-40102.867188,-9932.894531,2908173088,2908173840,-27679.605863,-57438.622513,-9372.074300,36997.126344
1298,1764279466.913516045,37,0,C9:06:43:F9:43:3F,8E89BED6,-16179.665699,4191.681269,-16179.665408,349658.864262,265476.092994,1.085535,-16.895290,2.500000,6779.296421,21.375859,367021.276596,376.000000,-8475.926758,0.000000,0.000000,0.000000,0.000000,0.000000,1.000000,0,0.000000,-37115.265625,-10024.431641,2908173089,2908173841,-2829.041783,-44241.421605,-25864.580241,3854.102378
1299,1764279468.894361973,37,0,C9:06:43:F9:43:3F,8E89BED6,-15588.973618,3740.157778,-15588.973964,333521.094816,244861.064384,1.050681,22.379829,3.000000,8099.770705,21.389563,367021.276596,376.000000,-9305.003906,0.000000,0.000000,0.000000,0.000000,0.000000,1.000000,0,0.000000,-6172.388672,-1191.241821,2912182589,2912183341,-21937.657734,-59359.080096,-5610.646987,18835.212844
1300,1764279468.932567596,37,0,C9:06:43:F9:43:3F,8E89BED6,-15165.413924,3940.894589,-15165.414367,333089.213995,255420.529399,1.049582,23.115160,3.000000,7960.039706,21.344562,367021.276596,376.000000,-9256.781250,0.000000,0.000000,0.000000,0.000000,0.000000,1.000000,0,0.000000,-6172.388672,-1307.624146,2912182590,2912183342,10828.592484,-32333.976542,-24448.686665,7522.056947
1301,1764279470.888410807,37,0,C9:06:43:F9:43:3F,8E89BED6,-15420.411336,3591.320056,-15420.411908,351353.912052,261234.783734,1.022332,36.489646,3.000000,8257.175181,20.906654,367021.276596,376.000000,-9938.058594,0.000000,0.000000,0.000000,0.000000,0.000000,1.000000,0,0.000000,-23535.535156,12403.160156,2916192032,2916192784,-14294.722782,-55029.378558,-13521.320296,12122.204113
1302,1764279470.934078455,37,0,C9:06:43:F9:43:3F,8E89BED6,-14973.084759,3780.562362,-14973.085054,351072.074635,268094.073820,1.020645,37.162744,3.000000,8111.770073,20.831785,367021.276596,376.000000,-9883.951172,0.000000,0.000000,0.000000,0.000000,0.000000,1.000000,0,0.000000,-23026.455078,12272.676758,2916192033,2916192785,14862.723183,-21602.657712,-25727.109584,12168.160451
1303,1764279472.867931128,37,0,C9:06:43:F9:43:3F,8E89BED6,-15966.654157,4709.775791,-15966.655705,336706.591731,255310.552832,0.949933,86.608170,2.500000,7489.829038,20.986592,369680.851064,376.000000,-9386.887695,0.000000,0.000000,0.000000,0.000000,0.000000,1.000000,0,0.000000,-32441.960938,-6527.731934,2920190715,2920191467,-16567.771249,-61700.339284,-1931.458734,15174.221524
1304,1764279472.912334919,37,0,C9:06:43:F9:43:3F,8E89BED6,-15554.961145,4914.423410,-15554.961209,336648.973481,257833.789981,0.950240,87.563974,2.500000,7353.284685,20.936906,369680.851064,376.000000,-9342.043945,0.000000,0.000000,0.000000,0.000000,0.000000,1.000000,0,0.000000,-32441.960938,-6571.135254,2920190716,2920191468,9890.080121,-35073.098189,-29397.410648,4263.358092
1305,1764279474.917366505,37,0,C9:06:43:F9:43:3F,8E89BED6,-16379.505766,3683.819387,-16379.504990,339323.460833,251433.681716,0.903611,89.409314,2.500000,6993.476510,21.707202,369680.851064,376.000000,-9216.616211,0.000000,0.000000,0.000000,0.000000,0.000000,1.000000,0,0.000000,-19916.777344,-3464.718506,2924192491,2924193243,-26788.088827,-54108.397939,-6252.303506,24458.672112
1306,1764279474.963705540,37,0,C9:06:43:F9:43:3F,8E89BED6,-16213.007966,3848.188509,-16213.009007,338325.088791,265619.486797,0.902220,89.631645,2.500000,6849.419927,21.592709,369680.851064,376.000000,-9277.024414,0.000000,0.000000,0.000000,0.000000,0.000000,1.000000,0,0.000000,-19916.777344,-3597.833984,2924192492,2924193244,-282.924717,-46046.468577,-22459.904410,10588.307042
1307,1764279476.804249287,37,0,C9:06:43:F9:43:3F,8E89BED6,-16469.777617,3237.026310,-16469.778547,331250.496413,270206.518276,0.968288,-54.668497,2.500000,7289.607598,21.295156,369680.851064,376.000000,-10495.506836,0.000000,0.000000,0.000000,0.000000,0.000000,1.000000,0,0.000000,-13213.460938,-12344.054688,2927936597,2927937349,-10216.267119,-53247.330853,-16993.520448,4177.928549
1308,1764279478.785979509,37,0,C9:06:43:F9:43:3F,8E89BED6,-16333.752059,4628.536005,-16333.753058,338191.123663,259819.621913,1.064180,-15.059689,2.500000,7199.108089,20.746054,369680.851064,376.000000,-8099.491699,0.000000,0.000000,0.000000,0.000000,0.000000,1.000000,0,0.000000,-9116.652344,-2408.653564,2931949165,2931949917,-10071.693412,-51231.736548,-14422.992725,636.744053
1309,1764279480.746112108,37,0,C9:06:43:F9:43:3F,8E89BED6,-15869.005087,4541.212267,-15869.005359,333178.027250,245932.886404,1.018767,34.887640,3.000000,7399.637564,21.645728,329787.234043,376.000000,-9116.955078,0.000000,0.000000,0.000000,0.000000,0.000000,1.000000,0,0.000000,-14809.829102,-1032.365723,2935959990,2935960742,-23295.437831,-61284.255456,-1396.086547,28236.356832
1310,1764279480.785348654,37,0,C9:06:43:F9:43:3F,8E89BED6,-15545.556105,4718.142762,-15545.554951,332756.591471,258815.147821,1.016870,35.894656,3.000000,7253.468565,21.700673,329787.234043,376.000000,-9104.436523,0.000000,0.000000,0.000000,0.000000,0.000000,1.000000,0,0.000000,-14809.829102,-1215.772217,2935959991,2935960743,10081.241355,-40204.159828,-29739.820537,8351.364746
1311,1764279482.753963709,37,0,C9:06:43:F9:43:3F,8E89BED6,-16562.169174,4299.518961,-16562.168782,329568.058814,267601.138039,0.949276,84.971441,2.500000,6846.846413,20.992182,369680.851064,376.000000,-9644.032227,0.000000,0.000000,0.000000,0.000000,0.000000,1.000000,0,0.000000,-17381.304688,-7423.262207,2939916087,2939916839,-3982.808986,-50101.385913,-19862.023317,4629.062072
1312,1764279484.747795105,37,0,C9:06:43:F9:43:3F,8E89BED6,-15547.505928,5141.622158,-15547.505748,338113.465804,252005.842787,1.014461,38.660685,2.500000,7800.183318,21.349052,367021.276596,376.000000,-8957.961914,0.000000,0.000000,0.000000,0.000000,0.000000,1.000000,0,0.000000,-44184.277344,-7909.033691,2943919968,2943920720,-18685.016624,-55691.673907,-2792.692678,20982.559469
1313,1764279484.784588575,37,0,C9:06:43:F9:43:3F,8E89BED6,-15113.723966,5351.096379,-15113.723984,338126.882583,269471.226243,1.013013,39.373626,2.500000,7657.306851,21.279617,367021.276596,376.000000,-8868.795898,0.000000,0.000000,0.000000,0.000000,0.000000,1.000000,0,0.000000,-44184.277344,-7964.714844,2943919969,2943920721,12937.722026,-24427.725375,-21340.930179,3056.114065
1314,1764279486.762621164,37,0,C9:06:43:F9:43:3F,8E89BED6,-15711.077629,3748.964185,-15711.077185,334915.692960,273020.969045,0.961404,-89.097145,3.000000,7766.483966,20.992618,367021.276596,376.000000,-8945.518555,0.000000,0.000000,0.000000,0.000000,0.000000,1.000000,0,0.000000,4367.038086,10678.843750,2947805069,2947805821,-24357.261027,-53260.568583,-4898.272429,28168.446006
1315,1764279486.801377535,37,0,C9:06:43:F9:43:3F,8E89BED6,-15417.297522,3926.638319,-15417.298361,334234.229859,247388.952442,0.960117,-88.364862,3.000000,7624.686999,20.958692,367021.276596,376.000000,-9004.502930,0.000000,0.000000,0.000000,0.000000,0.000000,1.000000,0,0.000000,4367.038086,10500.071289,2947805070,2947805822,9914.031388,-36399.694045,-26999.699034,5119.411736
1316,1764279488.751111269,37,0,C9:06:43:F9:43:3F,8E89BED6,-15332.797352,4598.551257,-15332.796847,341523.034992,255750.170877,0.982193,-57.613428,3.000000,8095.308610,20.919335,367021.276596,376.000000,-8871.661133,0.000000,0.000000,0.000000,0.000000,0.000000,1.000000,0,0.000000,-28383.654297,-8692.427734,2951805753,2951806505,-17591.068058,-50565.598404,-10177.824858,13504.494173
1317,1764279488.793469429,37,0,C9:06:43:F9:43:3F,8E89BED6,-14859.191360,4822.624157,-14859.191144,341263.260827,277156.430058,0.983796,-56.329916,3.000000,7951.677674,20.847418,367021.276596,376.000000,-8774.805664,0.000000,0.000000,0.000000,0.000000,0.000000,1.000000,0,0.000000,-28383.654297,-8759.334961,2951805754,2951806506,14830.182545,-22520.927631,-29074.368017,1867.724868
1318,1764279490.784167528,37,0,C9:06:43:F9:43:3F,8E89BED6,-17053.419613,3545.824539,-17053.418724,341333.486868,259140.933460,1.087725,-8.697235,2.500000,6826.137227,20.917952,369680.851064,376.000000,-9438.033203,0.000000,0.000000,0.000000,0.000000,0.000000,1.000000,0,0.000000,-10890.277344,-5276.746582,2955808837,2955809589,-25380.953039,-53685.103637,-1608.617513,24397.590572
1319,1764279490.822745800,37,0,C9:06:43:F9:43:3F,8E89BED6,-16842.521823,3718.818500,-16842.522136,339613.213926,268118.440017,1.089583,-8.627511,2.500000,6683.314633,20.883708,369680.851064,376.000000,-9562.208008,0.000000,0.000000,0.000000,0.000000,0.000000,1.000000,0,0.000000,-10890.277344,-5398.582520,2955808838,2955809590,-2081.958711,-44181.771858,-25464.383145,8153.824348
1320,1764279492.746954918,37,0,C9:06:43:F9:43:3F,8E89BED6,-16223.720120,4067.027164,-16223.720302,347684.528112,269572.924817,0.914326,-74.685019,2.500000,7395.903659,21.672542,367021.276596,376.000000,-8459.796875,0.000000,0.000000,0.000000,0.000000,0.000000,1.000000,0,0.000000,-10375.523438,-7254.113281,2959512904,2959513656,-11161.120803,-51188.414234,-15665.329849,5458.907129
1321,1764279494.771918774,37,0,C9:06:43:F9:43:3F,8E89BED6,-15789.556905,4711.785813,-15789.557228,332012.518018,243664.144108,1.036610,-4.599093,2.500000,7447.693274,21.083066,367021.276596,376.000000,-9110.964844,0.000000,0.000000,0.000000,0.000000,0.000000,1.000000,0,0.000000,-8499.145508,-5503.938477,2963525964,2963526716,-9283.394175,-50838.362417,-15254.633882,9904.430793
1322,1764279496.602257252,37,0,C9:06:43:F9:43:3F,8E89BED6,-16529.009592,3470.702959,-16529.009368,346549.817398,259216.110426,1.072470,8.977671,2.500000,6878.718887,20.604147,367021.276596,376.000000,-9271.625000,0.000000,0.000000,0.000000,0.000000,0.000000,1.000000,0,0.000000,-16474.179688,-9769.016602,2967345750,2967346502,-8503.621719,-52493.686478,-18418.072663,6089.341920
1323,1764279498.592858791,37,0,C9:06:43:F9:43:3F,8E89BED6,-16486.681608,2524.938712,-16486.681014,343835.529664,261014.571067,1.014498,40.713737,3.000000,7773.696135,20.711739,369680.851064,376.000000,-11189.864258,0.000000,0.000000,0.000000,0.000000,0.000000,1.000000,0,0.000000,-106404.406250,-2471.713379,2971349738,2971350490,-20831.924407,-57350.802283,-12344.848362,8611.912525
1324,1764279498.641882658,37,0,C9:06:43:F9:43:3F,8E89BED6,-16172.099187,2690.559229,-16172.098805,342807.720765,277577.693971,1.013888,40.959057,3.000000,7630.877045,20.665245,369680.851064,376.000000,-11223.010742,0.000000,0.000000,0.000000,0.000000,0.000000,1.000000,0,0.000000,-95050.453125,-2481.122070,2971349739,2971350491,8877.929575,-34921.282569,-27877.125019,2307.835441
1326,1764279500.608410120,37,0,C9:06:43:F9:43:3F,8E89BED6,-16045.904821,5398.555101,-16045.905202,340387.430475,249714.419626,0.942638,66.773758,2.500000,7271.674046,20.880202,369680.851064,376.000000,-9328.060547,0.000000,0.000000,0.000000,0.000000,0.000000,1.000000,0,0.000000,-71900.859375,-13192.743164,2975360510,2975361262,-20927.760852,-54541.162244,-3530.125353,22872.143360
1327,1764279500.647009850,37,0,C9:06:43:F9:43:3F,8E89BED6,-15618.800698,5590.553120,-15618.800814,340142.268283,273562.334351,0.941686,67.393072,2.500000,7132.024484,20.820909,369680.851064,376.000000,-9187.900391,0.000000,0.000000,0.000000,0.000000,0.000000,1.000000,0,0.000000,-69340.726562,-13206.213867,2975360511,2975361263,9150.859444,-30334.073001,-23511.317565,12549.093094
1328,1764279502.577320814,37,0,C9:06:43:F9:43:3F,8E89BED6,-16551.782056,3351.890297,-16551.782823,344290.753518,275613.393553,0.985516,60.740622,2.500000,6776.605454,20.979572,367021.276596,376.000000,-9697.074219,0.000000,0.000000,0.000000,0.000000,0.000000,1.000000,0,0.000000,-32931.230469,-13272.256836,2979201587,2979202339,-1493.171735,-41247.356808,-27554.375564,5819.279873
1329,1764279504.532517433,37,0,C9:06:43:F9:43:3F,8E89BED6,-15720.159001,3903.202350,-15720.159631,343142.743220,254365.482832,0.958233,-81.526555,2.500000,7612.632283,21.370330,367021.276596,376.000000,-9702.967773,0.000000,0.000000,0.000000,0.000000,0.000000,1.000000,0,0.000000,2408.544678,5807.503906,2983214397,2983215149,-24954.824625,-50850.664505,-3984.443548,26341.688739
1330,1764279504.568478107,37,0,C9:06:43:F9:43:3F,8E89BED6,-15481.302585,4089.882155,-15481.302747,342097.180923,260379.269014,0.957819,-80.535220,2.500000,7467.696874,21.335860,367021.276596,376.000000,-9752.652344,0.000000,0.000000,0.000000,0.000000,0.000000,1.000000,0,0.000000,2428.441650,5549.005859,2983214398,2983215150,1914.296457,-36533.569200,-23715.892744,9350.066624
1331,1764279506.332905054,37,0,C9:06:43:F9:43:3F,8E89BED6,-16063.704587,4431.303899,-16063.705467,350733.202496,260444.879371,1.015664,-21.027863,2.500000,7781.588200,20.831150,367021.276596,376.000000,-9418.063477,0.000000,0.000000,0.000000,0.000000,0.000000,1.000000,0,0.000000,-80383.445312,-21226.556641,2986997448,2986998200,-22503.966481,-57810.351416,-10443.718644,16324.107585
1332,1764279506.376934052,37,0,C9:06:43:F9:43:3F,8E89BED6,-15776.637810,4647.237048,-15776.638588,348977.057970,284034.360083,1.016492,-18.496016,2.500000,7637.526484,20.797550,367021.276596,376.000000,-9454.040039,0.000000,0.000000,0.000000,0.000000,0.000000,1.000000,0,0.000000,-80383.445312,-21194.486328,2986997449,2986998201,9383.008571,-38884.833395,-26002.382233,5953.373420
1333,1764279508.489862442,37,0,C9:06:43:F9:43:3F,8E89BED6,-15643.571308,3286.562427,-15643.571469,347168.499842,268222.804620,0.951213,-64.354344,3.000000,7762.056968,20.697799,367021.276596,376.000000,-9446.867188,0.000000,0.000000,0.000000,0.000000,0.000000,1.000000,0,0.000000,-113519.335938,-21507.117188,2991000612,2991001364,-23800.336889,-60188.464042,-8301.303514,21408.214234
1334,1764279508.529638290,37,0,C9:06:43:F9:43:3F,8E89BED6,-15263.897957,3469.245165,-15263.897030,347172.442447,279237.554022,0.952877,-63.721135,3.000000,7619.545348,20.750893,367021.276596,376.000000,-9361.220703,0.000000,0.000000,0.000000,0.000000,0.000000,1.000000,0,0.000000,-112857.359375,-21448.470703,2991000613,2991001365,4196.155483,-38702.209091,-22265.734025,11838.011026
1335,1764279510.512351036,37,0,C9:06:43:F9:43:3F,8E89BED6,-16887.014685,2397.017847,-16887.014675,364427.467109,259587.203813,1.042331,-31.726050,2.500000,6683.704675,21.265093,369680.851064,376.000000,-9325.505859,0.000000,0.000000,0.000000,0.000000,0.000000,1.000000,0,0.000000,-8339.143555,4853.383301,2995013013,2995013765,-6654.089852,-50047.371340,-27022.561261,-871.655506
1336,1764279512.294521332,37,0,C9:06:43:F9:43:3F,8E89BED6,-15293.868339,3922.410041,-15293.868351,333066.529362,237682.257141,1.022789,36.556262,2.500000,7857.329320,21.798722,367021.276596,376.000000,-8061.669922,0.000000,0.000000,0.000000,0.000000,0.000000,1.000000,0,0.000000,-53614.675781,-3475.692627,2998854297,2998855049,-21770.961132,-58218.250440,-3033.626114,19534.256219
1337,1764279512.339556456,37,0,C9:06:43:F9:43:3F,8E89BED6,-14876.892154,4101.183056,-14876.890628,332669.674016,258093.734098,1.020982,37.243941,2.500000,7718.259746,21.798574,367021.276596,376.000000,-8019.604980,0.000000,0.000000,0.000000,0.000000,0.000000,1.000000,0,0.000000,-51959.031250,-3593.582520,2998854298,2998855050,11725.425571,-29185.613208,-18981.496887,4984.675496
1338,1764279514.328681946,37,0,C9:06:43:F9:43:3F,8E89BED6,-16041.806213,4373.420439,-16041.806739,337381.983155,245203.832881,1.084793,-14.571226,2.500000,7302.037991,21.870074,367021.276596,376.000000,-8481.367188,0.000000,0.000000,0.000000,0.000000,0.000000,1.000000,0,0.000000,-11036.882812,3822.244629,3002854116,3002854868,-26356.039571,-53269.375320,-7018.041422,37366.161849
1339,1764279514.361711979,37,0,C9:06:43:F9:43:3F,8E89BED6,-15880.292956,4554.211180,-15880.292950,335938.808498,260751.465569,1.086709,-14.303453,2.500000,7158.788500,21.891250,367021.276596,376.000000,-8575.410156,0.000000,0.000000,0.000000,0.000000,0.000000,1.000000,0,0.000000,-8973.379883,3678.873291,3002854117,3002854869,-64.830098,-42649.541503,-27808.931739,8630.297744
1340,1764279516.288678169,37,0,C9:06:43:F9:43:3F,8E89BED6,-16770.302654,4748.346017,-16770.302528,328102.592135,242364.540820,1.060442,-3.028221,3.000000,6570.103441,20.870768,367021.276596,376.000000,-8948.503906,0.000000,0.000000,0.000000,0.000000,0.000000,1.000000,0,0.000000,-4934.218262,-10133.437500,3006633457,3006634209,-27045.561414,-52910.479421,-4295.679107,17172.374722
1341,1764279516.349753141,37,0,C9:06:43:F9:43:3F,8E89BED6,-16553.976753,4916.700386,-16553.976217,328119.626203,264159.483368,1.061223,-2.233268,3.000000,6432.159750,20.851645,367021.276596,376.000000,-9073.833008,0.000000,0.000000,0.000000,0.000000,0.000000,1.000000,0,0.000000,-1274.994629,-10231.225586,3006633458,3006634210,121.254650,-39279.335197,-23418.648907,9200.802977
1342,1764279518.307247400,37,0,C9:06:43:F9:43:3F,8E89BED6,-16520.027602,4884.222010,-16520.027291,341383.547583,248422.176349,0.987051,51.175688,2.500000,7127.829641,21.781589,367021.276596,376.000000,-8962.346680,0.000000,0.000000,0.000000,0.000000,0.000000,1.000000,0,0.000000,-28625.988281,3384.038330,3010638661,3010639413,-25775.089074,-50148.796419,1837.876348,34223.681222
1343,1764279518.344671726,37,0,C9:06:43:F9:43:3F,8E89BED6,-16356.376989,5067.811182,-16356.376767,341193.266449,269163.818937,0.985867,51.594206,2.500000,6986.078979,21.771593,367021.276596,376.000000,-9091.133789,0.000000,0.000000,0.000000,0.000000,0.000000,1.000000,0,0.000000,-28625.988281,3269.001465,3010638662,3010639414,1335.425173,-44635.404599,-23401.810245,4842.619064
1344,1764279520.299553394,37,0,C9:06:43:F9:43:3F,8E89BED6,-16220.403419,3056.394891,-16220.403669,344812.620634,244521.106236,1.094417,-2.371041,2.500000,7517.635330,21.209422,367021.276596,376.000000,-8649.180664,0.000000,0.000000,0.000000,0.000000,0.000000,1.000000,0,0.000000,-25641.574219,-1910.000000,3014649847,3014650599,-26631.442025,-55588.221622,-4801.807961,20461.954036
1345,1764279520.338481426,37,0,C9:06:43:F9:43:3F,8E89BED6,-15953.408236,3255.836040,-15953.408331,344719.646254,260632.543620,1.096232,-2.109116,2.500000,7373.321654,21.050485,367021.276596,376.000000,-8689.350586,0.000000,0.000000,0.000000,0.000000,0.000000,1.000000,0,0.000000,-23336.462891,-1977.783691,3014649848,3014650600,5427.634162,-35343.603767,-21215.652981,-795.568058
1346,1764279522.367531300,37,0,C9:06:43:F9:43:3F,8E89BED6,-16914.548807,3546.262679,-16914.549148,336478.681073,235834.646163,0.937264,-76.600025,2.500000,7116.705357,21.702705,369680.851064,376.000000,-8989.098633,0.000000,0.000000,0.000000,0.000000,0.000000,1.000000,0,0.000000,-16807.134766,-678.864258,3018657131,3018657883,-31401.749456,-56265.305828,3318.384026,29088.118700
1347,1764279522.423130989,37,0,C9:06:43:F9:43:3F,8E89BED6,-16720.907558,3727.481624,-16720.907411,335646.444891,255072.968590,0.936236,-76.299635,2.500000,6974.462899,21.696418,369680.851064,376.000000,-9022.699219,0.000000,0.000000,0.000000,0.000000,0.000000,1.000000,0,0.000000,-11600.896484,-820.167419,3018657132,3018657884,-127.341963,-46343.002806,-23683.529446,-594.148453
1348,1764279524.400156975,37,0,C9:06:43:F9:43:3F,8E89BED6,-16673.977883,3489.438272,-16673.977591,340443.439004,262229.259473,0.925633,86.966671,2.500000,6655.493749,21.392575,369680.851064,376.000000,-9777.833008,0.000000,0.000000,0.000000,0.000000,0.000000,1.000000,0,0.000000,-22809.394531,-1253.550903,3022671724,3022672476,-2003.490043,-46551.163984,-31243.986618,3189.169085
1349,1764279526.393035889,37,0,C9:06:43:F9:43:3F,8E89BED6,-16100.441350,2694.865907,-16100.442908,347663.392933,264573.454697,0.948875,-77.665851,3.000000,7546.763371,21.017807,367021.276596,376.000000,-8934.120117,0.000000,0.000000,0.000000,0.000000,0.000000,1.000000,0,0.000000,-10392.094727,7579.480957,3026688317,3026689069,-20333.312097,-56792.005251,-1305.605885,13427.629528
1350,1764279526.442644596,37,0,C9:06:43:F9:43:3F,8E89BED6,-15787.447427,2879.071067,-15787.446833,346279.422748,266501.605592,0.949364,-76.784199,3.000000,7407.546286,21.030283,367021.276596,376.000000,-8955.250000,0.000000,0.000000,0.000000,0.000000,0.000000,1.000000,0,0.000000,-10392.094727,7372.488770,3026688318,3026689070,4601.432483,-33637.593090,-17309.741622,6066.739826
1352,1764279528.432568073,37,0,C9:06:43:F9:43:3F,8E89BED6,-15918.111420,3810.998877,-15918.111577,347212.744252,264322.145746,0.977906,53.514840,2.500000,7517.839709,21.241891,367021.276596,376.000000,-8037.979980,0.000000,0.000000,0.000000,0.000000,0.000000,1.000000,0,0.000000,-40833.277344,-12552.222656,3030704503,3030705255,-18371.171587,-54685.592793,-4590.289917,4995.917989
1353,1764279528.465279818,37,0,C9:06:43:F9:43:3F,8E89BED6,-15553.335436,3991.511858,-15553.336167,347121.380993,269488.199440,0.976158,54.113912,2.500000,7381.932820,21.159392,367021.276596,376.000000,-7977.996582,0.000000,0.000000,0.000000,0.000000,0.000000,1.000000,0,0.000000,-40833.277344,-12671.611328,3030704504,3030705256,10474.590656,-32792.711625,-19336.330334,2608.686689
1354,1764279530.623571873,37,0,C9:06:43:F9:43:3F,8E89BED6,-15028.405264,4374.729061,-15028.405381,348157.628631,249538.604483,0.931759,-84.042930,2.500000,8255.496178,21.077845,367021.276596,376.000000,-8115.620117,0.000000,0.000000,0.000000,0.000000,0.000000,1.000000,0,0.000000,-108127.453125,-15492.176758,3034718433,3034719185,-19336.068416,-51376.663359,-9489.737207,20062.495990
1355,1764279530.670254707,37,0,C9:06:43:F9:43:3F,8E89BED6,-14664.976712,4565.749900,-14664.977927,347431.340826,275216.021942,0.933013,-83.347420,2.500000,8111.909508,21.059678,367021.276596,376.000000,-8045.470703,0.000000,0.000000,0.000000,0.000000,0.000000,1.000000,0,0.000000,-107696.351562,-15453.511719,3034718434,3034719186,12535.667526,-27778.499088,-22443.937993,10693.208081
1356,1764279532.649150610,37,0,C9:06:43:F9:43:3F,8E89BED6,-17034.797323,2796.085367,-17034.797186,330872.278686,246749.054774,1.079690,-22.268973,2.500000,6689.586867,20.984427,369680.851064,376.000000,-9923.195312,0.000000,0.000000,0.000000,0.000000,0.000000,1.000000,0,0.000000,-14993.326172,-12242.458008,3038725275,3038726027,-6324.676454,-48769.929525,-28035.810969,1829.083365
1357,1764279534.600558281,37,0,C9:06:43:F9:43:3F,8E89BED6,-16156.863859,3653.239023,-16156.862335,354914.133335,267883.912969,0.977033,54.191888,3.000000,7223.858831,21.687800,369680.851064,376.000000,-8542.862305,0.000000,0.000000,0.000000,0.000000,0.000000,1.000000,0,0.000000,-4816.577637,4779.500000,3042724886,3042725638,-17917.444869,-58060.436491,-5831.610544,17319.757914
1358,1764279534.633255959,37,0,C9:06:43:F9:43:3F,8E89BED6,-15731.030884,3841.287625,-15731.031598,354926.277987,280823.068919,0.975587,54.623760,3.000000,7085.960823,21.671639,369680.851064,376.000000,-8535.207031,0.000000,0.000000,0.000000,0.000000,0.000000,1.000000,0,0.000000,-4312.859375,4594.831543,3042724887,3042725639,9444.716159,-29126.073855,-23793.053152,4890.251624
1359,1764279536.568802118,37,0,C9:06:43:F9:43:3F,8E89BED6,-15711.931467,4067.590301,-15711.933605,354877.338997,259206.887774,1.075479,-17.878159,2.500000,8018.868375,21.423517,369680.851064,376.000000,-9234.860352,0.000000,0.000000,0.000000,0.000000,0.000000,1.000000,0,0.000000,-33817.851562,-9492.017578,3046539253,3046540005,-12813.470239,-55143.641006,-13735.030133,10543.152265
1360,1764279536.621767521,37,0,C9:06:43:F9:43:3F,8E89BED6,-15209.379791,4269.810689,-15209.380130,353058.428480,279345.305986,1.076686,-17.264009,2.500000,7878.119732,21.439501,369680.851064,376.000000,-9048.725586,0.000000,0.000000,0.000000,0.000000,0.000000,1.000000,0,0.000000,-33817.851562,-9557.742188,3046539254,3046540006,16084.885844,-22996.512571,-18286.512474,9451.664747
1361,1764279538.652215719,37,0,C9:06:43:F9:43:3F,8E89BED6,-16110.760742,3851.628924,-16110.759612,350360.029756,265295.222934,0.920495,-68.651329,3.000000,7439.353566,21.614469,369680.851064,376.000000,-9715.629883,0.000000,0.000000,0.000000,0.000000,0.000000,1.000000,0,0.000000,-60343.070312,-11505.666016,3050546392,3050547144,-18788.762603,-59011.345891,-7981.734945,10505.644319
1362,1764279538.687755346,37,0,C9:06:43:F9:43:3F,8E89BED6,-15685.865397,4039.292529,-15685.865738,349957.329275,277370.176648,0.919851,-68.485085,3.000000,7297.751208,21.550250,369680.851064,376.000000,-9667.863281,0.000000,0.000000,0.000000,0.000000,0.000000,1.000000,0,0.000000,-59552.765625,-11541.585938,3050546393,3050547145,9871.149636,-26124.538944,-23413.882385,10687.168804
1364,1764279540.832329750,37,0,C9:06:43:F9:43:3F,8E89BED6,-16244.625456,4166.916307,-16244.625536,345795.074551,260989.009578,1.087923,6.289020,3.000000,7261.027602,21.560388,367021.276596,376.000000,-9013.148438,0.000000,0.000000,0.000000,0.000000,0.000000,1.000000,0,0.000000,-74635.945312,-5058.710938,3054547861,3054548613,-25966.600278,-49297.183483,-3692.182428,23395.388776
1365,1764279540.879448414,37,0,C9:06:43:F9:43:3F,8E89BED6,-15964.167878,4357.252727,-15964.166624,345558.360964,275017.488050,1.088961,6.705086,3.000000,7118.193548,21.550844,367021.276596,376.000000,-9014.918945,0.000000,0.000000,0.000000,0.000000,0.000000,1.000000,0,0.000000,-74635.945312,-5128.252930,3054547862,3054548614,6400.822153,-29111.676948,-27042.038455,4022.842809
1366,1764279542.701628685,37,0,C9:06:43:F9:43:3F,8E89BED6,-15830.758662,3832.092283,-15830.758559,342583.939447,256378.036831,1.030121,-32.220489,2.500000,7569.142808,21.760037,367021.276596,376.000000,-8219.649414,0.000000,0.000000,0.000000,0.000000,0.000000,1.000000,0,0.000000,-45311.238281,-11605.416016,3058315556,3058316308,-16413.940072,-58781.121020,-10151.056895,16154.163010
1367,1764279542.748693466,37,0,C9:06:43:F9:43:3F,8E89BED6,-15330.655112,4023.862510,-15330.655912,341073.332501,250059.504755,1.031892,-31.435467,2.500000,7428.395943,21.716865,367021.276596,376.000000,-8043.362305,0.000000,0.000000,0.000000,0.000000,0.000000,1.000000,0,0.000000,-44624.750000,-11622.348633,3058315557,3058316309,10890.792850,-21415.947128,-18408.093936,11764.433386
1368,1764279544.701246500,37,0,C9:06:43:F9:43:3F,8E89BED6,-16651.149746,3954.752298,-16651.150691,337043.126460,261260.993435,1.013137,38.392370,3.000000,7335.802193,20.938444,369680.851064,376.000000,-9976.668945,0.000000,0.000000,0.000000,0.000000,0.000000,1.000000,0,0.000000,-25325.359375,-25455.267578,3062314857,3062315609,-14472.534589,-56774.228843,-15263.526860,6569.503667
1369,1764279546.867850542,37,0,C9:06:43:F9:43:3F,8E89BED6,-16194.835930,3022.429683,-16194.836508,344356.807366,261335.166686,0.999739,45.083924,3.000000,7559.390774,21.203332,369680.851064,376.000000,-9903.402344,0.000000,0.000000,0.000000,0.000000,0.000000,1.000000,0,0.000000,-22875.021484,8810.811523,3066315987,3066316739,-20923.952170,-62376.056480,-8093.405277,10020.317763
1370,1764279546.915218830,37,0,C9:06:43:F9:43:3F,8E89BED6,-15804.634345,3209.048862,-15804.634272,343749.297319,270692.037314,0.999245,45.238173,3.000000,7419.542777,21.101439,369680.851064,376.000000,-9858.050781,0.000000,0.000000,0.000000,0.000000,0.000000,1.000000,0,0.000000,-18290.251953,8618.940430,3066315988,3066316740,9624.610308,-31399.529268,-22623.085640,6594.424209
1372,1764279548.882645130,37,0,C9:06:43:F9:43:3F,8E89BED6,-16792.950532,3075.162454,-16792.950737,337969.591950,251534.141308,0.894449,-79.928370,2.500000,6960.649591,21.532853,369680.851064,376.000000,-9006.617188,0.000000,0.000000,0.000000,0.000000,0.000000,1.000000,0,0.000000,-19632.011719,-7082.837891,3070324289,3070325041,-6735.631112,-48940.747462,-20960.900537,3832.325562
1373,1764279550.810985804,37,0,C9:06:43:F9:43:3F,8E89BED6,-16221.524903,3574.127915,-16221.524089,333684.581927,261814.355349,0.982017,-51.684216,3.000000,7680.928339,21.168123,369680.851064,376.000000,-8632.227539,0.000000,0.000000,0.000000,0.000000,0.000000,1.000000,0,0.000000,-7659.489258,-6990.742676,3074335976,3074336728,-22859.809596,-55483.198942,3593.041106,11793.868638
1374,1764279550.848374844,37,0,C9:06:43:F9:43:3F,8E89BED6,-15959.996213,3778.748955,-15959.995883,332879.596243,266698.276792,0.982666,-51.317447,3.000000,7540.537740,21.099047,369680.851064,376.000000,-8657.458008,0.000000,0.000000,0.000000,0.000000,0.000000,1.000000,0,0.000000,-3266.160645,-7075.615234,3074335977,3074336729,2739.479938,-34323.167127,-22117.583007,3630.910153
1375,1764279552.936799288,37,0,C9:06:43:F9:43:3F,8E89BED6,-15923.502823,3803.718859,-15923.503284,344137.591289,249460.068727,0.923049,-83.776317,3.000000,7660.229576,20.828171,369680.851064,376.000000,-8163.614258,0.000000,0.000000,0.000000,0.000000,0.000000,1.000000,0,0.000000,-100477.687500,-11866.737305,3078180042,3078180794,-23299.855941,-58019.401909,-7134.366656,28671.365075
1376,1764279552.969146013,37,0,C9:06:43:F9:43:3F,8E89BED6,-15564.186074,3980.553985,-15564.186539,343955.799201,280916.067791,0.922298,-83.285300,3.000000,7516.652433,20.751699,369680.851064,376.000000,-8136.929199,0.000000,0.000000,0.000000,0.000000,0.000000,1.000000,0,0.000000,-90889.242188,-11961.629883,3078180043,3078180795,7093.371740,-37623.489282,-22927.299897,9995.790260
1377,1764279555.162956476,37,0,C9:06:43:F9:43:3F,8E89BED6,-16985.661814,3539.314388,-16985.660819,337967.955292,259154.126578,1.013383,-41.289620,2.500000,6670.288832,21.009088,369680.851064,376.000000,-9260.798828,0.000000,0.000000,0.000000,0.000000,0.000000,1.000000,0,0.000000,-12115.382812,-3409.252441,3082187059,3082187811,-7601.505650,-52135.913544,-14836.290484,-6911.566586
1378,1764279557.229249477,37,0,C9:06:43:F9:43:3F,8E89BED6,-17075.864897,3883.814323,-17075.865260,330116.930069,256183.139475,1.040562,-34.032072,2.500000,6808.908684,21.536506,369680.851064,376.000000,-9370.910156,0.000000,0.000000,0.000000,0.000000,0.000000,1.000000,0,0.000000,-6731.625000,5258.176270,3086189473,3086190225,-9539.961587,-53631.909892,-18155.574350,2983.554288
1379,1764279559.275063992,37,0,C9:06:43:F9:43:3F,8E89BED6,-15864.595063,3764.850141,-15864.594495,360608.445747,260340.447746,0.927374,-79.171970,3.000000,7706.935580,21.373635,369680.851064,376.000000,-8054.454102,0.000000,0.000000,0.000000,0.000000,0.000000,1.000000,0,0.000000,-43742.195312,-9588.944336,3090193745,3090194497,-14454.033389,-58783.717487,-18234.040737,7515.144327
1380,1764279559.328077793,37,0,C9:06:43:F9:43:3F,8E89BED6,-15422.489319,3960.053361,-15422.489524,360680.571372,282803.367442,0.926738,-78.756193,3.000000,7565.703211,21.314667,369680.851064,376.000000,-7948.540527,0.000000,0.000000,0.000000,0.000000,0.000000,1.000000,0,0.000000,-43742.195312,-9680.930664,3090193746,3090194498,15097.443521,-18687.382160,-19990.966266,12095.206757
1382,1764279561.280996084,37,0,C9:06:43:F9:43:3F,8E89BED6,-16204.214502,3331.321315,-16204.213420,324406.693956,239561.664069,1.102343,8.001278,2.500000,7183.372758,21.011773,369680.851064,376.000000,-9377.436523,0.000000,0.000000,0.000000,0.000000,0.000000,1.000000,0,0.000000,-16282.144531,-13094.981445,3094208309,3094209061,-12165.895083,-50730.608179,-15683.246530,9236.226747
1383,1764279563.373949528,37,0,C9:06:43:F9:43:3F,8E89BED6,-15707.143581,3785.355593,-15707.143410,338811.527187,226520.924597,0.907947,81.587430,3.000000,7826.663990,20.975588,367021.276596,376.000000,-9294.826172,0.000000,0.000000,0.000000,0.000000,0.000000,1.000000,0,0.000000,-50024.187500,-13699.999023,3098222032,3098222784,-19775.740545,-53989.357380,-2925.242121,18984.920123
1384,1764279563.427818775,37,0,C9:06:43:F9:43:3F,8E89BED6,-15351.314184,3954.025352,-15351.315035,336871.700244,275995.153756,0.906783,82.047196,3.000000,7683.742559,20.992035,367021.276596,376.000000,-9324.009766,0.000000,0.000000,0.000000,0.000000,0.000000,1.000000,0,0.000000,-50024.187500,-13747.209961,3098222033,3098222785,10718.110645,-33890.792912,-24305.033972,10518.624238
1385,1764279565.583000898,37,0,C9:06:43:F9:43:3F,8E89BED6,-15922.698922,3489.642829,-15922.699051,326149.265623,246726.369921,0.914072,88.164976,2.500000,7730.559320,21.210503,369680.851064,376.000000,-10153.754883,0.000000,0.000000,0.000000,0.000000,0.000000,1.000000,0,0.000000,-24459.003906,-9064.019531,3102233211,3102233963,-16483.673159,-60051.652078,-8170.551955,9383.340004
1386,1764279565.618272781,37,0,C9:06:43:F9:43:3F,8E89BED6,-15421.237858,3673.248798,-15421.238516,326181.117431,252821.753270,0.913969,88.767461,2.500000,7590.026193,21.224382,369680.851064,376.000000,-10020.869141,0.000000,0.000000,0.000000,0.000000,0.000000,1.000000,0,0.000000,-20803.507812,-9137.257812,3102233212,3102233964,12587.622958,-24214.022757,-20489.198554,8617.266296
1387,1764279567.590216398,37,0,C9:06:43:F9:43:3F,8E89BED6,-16279.141624,3742.519763,-16279.139703,341433.411624,257537.314615,0.996572,46.521955,2.500000,7198.392382,21.366314,367021.276596,376.000000,-9639.876953,0.000000,0.000000,0.000000,0.000000,0.000000,1.000000,0,0.000000,-10608.033203,-4167.492676,3106241506,3106242258,-8751.617402,-46555.684627,-27235.150792,9605.604214
1388,1764279569.700372934,37,0,C9:06:43:F9:43:3F,8E89BED6,-16041.027038,3653.622706,-16041.026322,357802.948584,261201.762038,1.103033,-2.992595,3.000000,7301.084085,21.187997,367021.276596,376.000000,-8180.516602,0.000000,0.000000,0.000000,0.000000,0.000000,1.000000,0,0.000000,-7535.634277,-7095.277344,3110247496,3110248248,-7971.826543,-51572.676922,-21332.953864,4697.355087
1389,1764279572.078652382,37,0,C9:06:43:F9:43:3F,8E89BED6,-15131.117916,4609.992194,-15131.117644,338452.923697,262314.584607,0.981733,61.484635,3.000000,8267.249459,20.803205,367021.276596,376.000000,-8530.170898,0.000000,0.000000,0.000000,0.000000,0.000000,1.000000,0,0.000000,-21150.117188,8445.256836,3114260903,3114261655,-11746.489294,-55613.831572,-12275.315479,11482.609500
1390,1764279572.122789621,37,0,C9:06:43:F9:43:3F,8E89BED6,-14687.198885,4793.683337,-14687.200057,337487.411728,280264.323887,0.982721,61.510857,3.000000,8120.399859,20.730604,367021.276596,376.000000,-8368.047852,0.000000,0.000000,0.000000,0.000000,0.000000,1.000000,0,0.000000,-14257.087891,8327.607422,3114260904,3114261656,17374.231751,-15992.640281,-17437.746709,13163.617197
1391,1764279573.830001831,37,0,C9:06:43:F9:43:3F,8E89BED6,-17235.181759,3567.237988,-17235.182710,358187.599521,272263.051152,0.974332,53.539959,3.000000,6262.568233,21.357640,369680.851064,376.000000,-9500.549805,0.000000,0.000000,0.000000,0.000000,0.000000,1.000000,0,0.000000,-42840.917969,-10370.530273,3117926167,3117926919,-28979.366309,-56988.228890,-240.216953,18037.887739
1392,1764279573.864469528,37,0,C9:06:43:F9:43:3F,8E89BED6,-17119.304938,3725.225312,-17119.305341,358081.048760,270878.879056,0.973282,53.735255,3.000000,6123.954648,21.339404,369680.851064,376.000000,-9576.948242,0.000000,0.000000,0.000000,0.000000,0.000000,1.000000,0,0.000000,-42840.917969,-10483.554688,3117926168,3117926920,-3661.859859,-47783.891517,-21462.269399,801.029796
1393,1764279575.801236629,37,0,C9:06:43:F9:43:3F,8E89BED6,-16413.548830,3341.213954,-16413.549113,342992.803413,253114.668787,0.905114,-87.328017,2.500000,7321.653893,21.023990,369680.851064,376.000000,-9267.774414,0.000000,0.000000,0.000000,0.000000,0.000000,1.000000,0,0.000000,-13530.947266,-14484.484375,3121937166,3121937918,-7854.859218,-47534.169189,-20528.633532,2591.447174
1394,1764279577.914549589,37,0,C9:06:43:F9:43:3F,8E89BED6,-16526.055622,3562.683711,-16526.054920,338685.723013,260555.285459,0.928259,82.278836,2.500000,6563.013240,21.092769,367021.276596,376.000000,-9635.350586,0.000000,0.000000,0.000000,0.000000,0.000000,1.000000,0,0.000000,-35011.921875,-3988.249756,3125941817,3125942569,-2207.047601,-49035.462949,-23126.757976,7715.315601
1395,1764279579.881167173,37,0,C9:06:43:F9:43:3F,8E89BED6,-15768.737347,3003.339069,-15768.737311,335014.289172,256795.643316,0.952628,89.291549,2.500000,7970.395717,20.717066,367021.276596,376.000000,-9020.485352,0.000000,0.000000,0.000000,0.000000,0.000000,1.000000,0,0.000000,-13636.138672,158.319992,3129584479,3129585231,-15049.881173,-56379.994044,-8824.882064,9639.236762
1396,1764279579.913902044,37,0,C9:06:43:F9:43:3F,8E89BED6,-15283.168798,3218.279876,-15283.168974,333898.567324,243246.074904,0.953766,-89.773478,2.500000,7828.546288,20.692402,367021.276596,376.000000,-8847.116211,0.000000,0.000000,0.000000,0.000000,0.000000,1.000000,0,0.000000,-9575.294922,-14.368884,3129584480,3129585232,13459.253609,-16386.469485,-19662.379685,9377.682783
1397,1764279581.830829620,37,0,C9:06:43:F9:43:3F,8E89BED6,-16501.898510,3266.713737,-16501.899325,354037.396079,268330.830073,0.976488,51.375499,2.500000,6954.128797,21.558040,369680.851064,376.000000,-9843.526367,0.000000,0.000000,0.000000,0.000000,0.000000,1.000000,0,0.000000,-26460.150391,-6579.194336,3133592585,3133593337,-26169.332057,-60995.009040,-5502.663032,33369.801587
1398,1764279581.874888420,37,0,C9:06:43:F9:43:3F,8E89BED6,-16238.666369,3421.298684,-16238.664809,353782.236793,273254.801844,0.975645,51.511803,2.500000,6811.620188,21.507153,369680.851064,376.000000,-9901.939453,0.000000,0.000000,0.000000,0.000000,0.000000,1.000000,0,0.000000,-23230.585938,-6729.368652,3133592586,3133593338,4740.451110,-45260.629282,-29686.554531,8352.958766
1399,1764279583.886211872,37,0,C9:06:43:F9:43:3F,8E89BED6,-16434.996039,4043.187185,-16434.996111,341212.177754,251255.798411,0.999958,45.019262,3.000000,7389.576293,21.499965,367021.276596,376.000000,-9679.708008,0.000000,0.000000,0.000000,0.000000,0.000000,1.000000,0,0.000000,-41676.101562,-1463.114624,3137595748,3137596500,-25121.233906,-55514.036080,-1031.756300,23932.083690
1400,1764279583.923036098,37,0,C9:06:43:F9:43:3F,8E89BED6,-16203.672326,4213.309365,-16203.672744,339716.740732,275832.138751,0.998640,45.615873,3.000000,7247.412564,21.442639,367021.276596,376.000000,-9738.817383,0.000000,0.000000,0.000000,0.000000,0.000000,1.000000,0,0.000000,-39138.585938,-1560.705444,3137595749,3137596501,-874.071379,-39688.225659,-23014.463735,4905.328859
1401,1764279585.869893074,37,0,C9:06:43:F9:43:3F,8E89BED6,-16398.788560,4542.658927,-16398.789138,320624.840565,232962.272531,1.019452,-38.141078,2.500000,7082.758536,21.621516,367021.276596,376.000000,-8744.141602,0.000000,0.000000,0.000000,0.000000,0.000000,1.000000,0,0.000000,-15519.046875,615.590210,3141602204,3141602956,-25226.136881,-55943.888140,-4300.798601,28112.913833
1402,1764279585.907323837,37,0,C9:06:43:F9:43:3F,8E89BED6,-16115.537411,4729.254109,-16115.536347,319665.659720,267057.347572,1.021215,-37.599712,2.500000,6938.817507,21.551745,367021.276596,376.000000,-8753.160156,0.000000,0.000000,0.000000,0.000000,0.000000,1.000000,0,0.000000,-14995.552734,489.914215,3141602205,3141602957,1100.838530,-43268.328750,-21324.378677,7559.810946
1403,1764279587.911830425,37,0,C9:06:43:F9:43:3F,8E89BED6,-16512.695608,3354.117414,-16512.695672,329669.707713,245351.269396,0.961447,-63.675136,2.500000,7164.968962,20.950345,367021.276596,376.000000,-10348.542969,0.000000,0.000000,0.000000,0.000000,0.000000,1.000000,0,0.000000,-39216.851562,-10658.682617,3145615387,3145616139,-27328.051762,-49829.726824,2027.435634,19554.212307
1404,1764279587.943670273,37,0,C9:06:43:F9:43:3F,8E89BED6,-16421.743603,3529.539286,-16421.743233,329471.684116,256732.168055,0.962075,-62.998824,2.500000,7022.394200,20.916133,367021.276596,376.000000,-10421.386719,0.000000,0.000000,0.000000,0.000000,0.000000,1.000000,0,0.000000,-38362.910156,-10675.831055,3145615388,3145616140,-6706.036384,-48174.494035,-19552.235956,15.899108
1405,1764279589.784761906,37,0,C9:06:43:F9:43:3F,8E89BED6,-16979.182924,3201.865216,-16979.182765,337002.482389,268116.493228,1.005089,-43.011048,2.500000,6855.087376,20.828609,367021.276596,376.000000,-10315.416016,0.000000,0.000000,0.000000,0.000000,0.000000,1.000000,0,0.000000,-9882.630859,3926.538086,3149425109,3149425861,-9590.218062,-47622.671230,-21453.472248,-3351.711575
1406,1764279591.869645357,37,0,C9:06:43:F9:43:3F,8E89BED6,-15919.649034,4530.663249,-15919.648561,344240.461957,249033.655997,0.982633,51.864920,2.500000,7449.772977,21.507450,369680.851064,376.000000,-8474.074219,0.000000,0.000000,0.000000,0.000000,0.000000,1.000000,0,0.000000,-9376.982422,-2315.616211,3153437679,3153438431,-9995.231659,-54882.141884,-12607.938167,9478.401156
1407,1764279591.910077333,37,0,C9:06:43:F9:43:3F,8E89BED6,-15400.255766,4728.735178,-15400.255805,344248.699854,267349.521867,0.980767,52.553229,2.500000,7306.901436,21.430855,369680.851064,376.000000,-8329.658203,0.000000,0.000000,0.000000,0.000000,0.000000,1.000000,0,0.000000,-9376.982422,-2440.655518,3153437680,3153438432,12615.771878,-17771.138793,-17977.567948,10871.078436
1408,1764279594.035520077,37,0,C9:06:43:F9:43:3F,8E89BED6,-16796.893927,4905.758071,-16796.894622,330971.962189,250468.173184,0.997605,46.104823,2.500000,6763.070176,21.144532,369680.851064,376.000000,-8298.783203,0.000000,0.000000,0.000000,0.000000,0.000000,1.000000,0,0.000000,-13213.945312,-17117.357422,3157447211,3157447963,-6411.905136,-47887.223249,-16339.704207,3956.130378
1409,1764279596.027908802,37,0,C9:06:43:F9:43:3F,8E89BED6,-16771.004323,3593.218691,-16771.004242,349199.460630,271253.640774,1.070535,-19.026058,2.500000,6618.142427,20.885337,367021.276596,376.000000,-8793.249023,0.000000,0.000000,0.000000,0.000000,0.000000,1.000000,0,0.000000,-5914.515625,-878.796570,3161446223,3161446975,-9266.130502,-51916.839599,-22632.776575,1683.968775
1410,1764279598.091606379,37,0,C9:06:43:F9:43:3F,8E89BED6,-16998.216541,3611.568947,-16998.216314,345882.769373,259512.895303,1.038459,-35.617715,2.500000,6638.851504,21.898373,367021.276596,376.000000,-9987.430664,0.000000,0.000000,0.000000,0.000000,0.000000,1.000000,0,0.000000,-44104.101562,-7977.630859,3165443732,3165444484,-27854.292244,-55189.775546,-8735.829124,29286.079946
1411,1764279598.132470131,37,0,C9:06:43:F9:43:3F,8E89BED6,-16703.056529,3790.306637,-16703.056669,345424.271971,269439.546814,1.038724,-35.689832,2.500000,6497.168922,21.817551,369680.851064,376.000000,-10007.854492,0.000000,0.000000,0.000000,0.000000,0.000000,1.000000,0,0.000000,-44104.101562,-8059.833008,3165443733,3165444485,3762.001285,-38311.235904,-27940.497678,6154.723089
1414,1764279600.178098917,37,0,C9:06:43:F9:43:3F,8E89BED6,-16637.419223,3755.782495,-16637.418697,343048.916161,268725.896595,1.047750,26.261657,2.500000,6979.934606,20.522719,367021.276596,376.000000,-8938.166016,0.000000,0.000000,0.000000,0.000000,0.000000,1.000000,0,0.000000,-12191.861328,-4720.853516,3169426161,3169426913,-4015.541264,-50280.702430,-16912.366459,-223.218987
1415,1764279602.337283611,37,0,C9:06:43:F9:43:3F,8E89BED6,-16521.956770,6006.693959,-16521.956850,350310.141198,245037.688192,1.069355,8.455663,2.500000,7022.593655,21.993800,367021.276596,376.000000,-8282.825195,0.000000,0.000000,0.000000,0.000000,0.000000,1.000000,0,0.000000,-22381.652344,146.131454,3173426981,3173427733,-25005.290723,-56333.199372,1054.155007,29828.341809
1416,1764279602.371986389,37,0,C9:06:43:F9:43:3F,8E89BED6,-16274.056088,6175.260257,-16274.055278,349780.371707,265251.318407,1.070283,8.912761,2.500000,6877.284688,21.938151,367021.276596,376.000000,-8393.024414,0.000000,0.000000,0.000000,0.000000,0.000000,1.000000,0,0.000000,-20882.535156,79.083244,3173426982,3173427734,1825.900246,-42147.625105,-22693.677408,13719.947392
1417,1764279604.334229946,37,0,C9:06:43:F9:43:3F,8E89BED6,-16898.259447,3419.797431,-16898.259752,343255.324077,262912.773027,0.944125,71.917547,2.500000,6800.295512,21.194570,369680.851064,376.000000,-7959.225586,0.000000,0.000000,0.000000,0.000000,0.000000,1.000000,0,0.000000,-29060.539062,-324.296387,3177311254,3177312006,-27270.959535,-58619.731367,-10139.723320,19606.327449
1418,1764279604.378106117,37,0,C9:06:43:F9:43:3F,8E89BED6,-16782.476686,3598.109235,-16782.476958,343244.823206,282938.363499,0.942736,71.972307,2.500000,6658.678465,21.230147,369680.851064,376.000000,-8052.511719,0.000000,0.000000,0.000000,0.000000,0.000000,1.000000,0,0.000000,-29060.539062,-524.583374,3177311255,3177312007,-1724.755746,-44560.079403,-23615.235693,846.476259
1419,1764279606.382986307,37,0,C9:06:43:F9:43:3F,8E89BED6,-16131.518837,2473.386536,-16131.519804,334445.547634,254297.807672,1.110780,0.264468,2.500000,7251.650107,21.400203,367021.276596,376.000000,-8615.723633,0.000000,0.000000,0.000000,0.000000,0.000000,1.000000,0,0.000000,-64118.359375,-6607.809570,3181318593,3181319345,-30560.672818,-54271.123081,-5350.705075,21841.762129
1420,1764279606.415296078,37,0,C9:06:43:F9:43:3F,8E89BED6,-15863.058394,2677.946706,-15863.058403,333585.346925,243568.761321,1.112605,0.377716,2.500000,7105.666924,21.419753,367021.276596,376.000000,-8630.859375,0.000000,0.000000,0.000000,0.000000,0.000000,1.000000,0,0.000000,-64118.359375,-6666.976074,3181318594,3181319346,3174.996672,-35230.067252,-24904.265666,-8736.337958
1421,1764279608.365517855,37,0,C9:06:43:F9:43:3F,8E89BED6,-15835.516137,4134.002395,-15835.516411,334434.777991,241849.547020,0.921851,79.449980,3.000000,7709.143989,22.093087,367021.276596,376.000000,-9313.973633,0.000000,0.000000,0.000000,0.000000,0.000000,1.000000,0,0.000000,-21674.324219,-11906.119141,3185316905,3185317657,-8199.988112,-52125.213729,-24111.867507,12044.462552
1422,1764279610.159776688,37,0,C9:06:43:F9:43:3F,8E89BED6,-15529.112503,3855.034880,-15529.112844,356052.341396,259972.746743,0.960224,59.684861,3.000000,8161.682505,21.144895,367021.276596,376.000000,-9706.989258,0.000000,0.000000,0.000000,0.000000,0.000000,1.000000,0,0.000000,-42915.125000,-8134.769531,3188970772,3188971524,-19266.521736,-59817.565558,-5691.523524,12409.701450
1423,1764279610.219224691,37,0,C9:06:43:F9:43:3F,8E89BED6,-15079.166565,4072.531270,-15079.166435,354876.394261,279130.256328,0.958486,60.237053,3.000000,8022.260850,21.110032,367021.276596,376.000000,-9607.493164,0.000000,0.000000,0.000000,0.000000,0.000000,1.000000,0,0.000000,-41521.554688,-8201.695312,3188970773,3188971525,9775.610077,-24177.464477,-14920.721133,4951.149555
1424,1764279612.191819668,37,0,C9:06:43:F9:43:3F,8E89BED6,-15975.846916,2433.286945,-15975.846346,345538.709138,255560.621326,0.985189,-49.454434,2.500000,7971.630997,21.025720,369680.851064,376.000000,-9646.822266,0.000000,0.000000,0.000000,0.000000,0.000000,1.000000,0,0.000000,-7920.046875,5630.713379,3192973583,3192974335,-16591.566399,-60099.321088,-9148.993613,11985.902226
1425,1764279612.239540815,37,0,C9:06:43:F9:43:3F,8E89BED6,-15546.436407,2611.358585,-15546.435493,344872.918309,268433.601073,0.986525,-49.007205,2.500000,7833.063623,20.988522,369680.851064,376.000000,-9567.988281,0.000000,0.000000,0.000000,0.000000,0.000000,1.000000,0,0.000000,-7920.046875,5424.644043,3192973584,3192974336,14434.630841,-28664.960731,-24765.695612,6871.452775
1426,1764279614.427170753,37,0,C9:06:43:F9:43:3F,8E89BED6,-16010.372170,3890.475731,-16010.372535,340347.204987,252801.358075,0.948754,-63.357144,3.000000,7809.758080,21.266313,367021.276596,376.000000,-9115.148438,0.000000,0.000000,0.000000,0.000000,0.000000,1.000000,0,0.000000,-25480.708984,909.934265,3196837660,3196838412,-23363.718454,-52935.890232,-7146.051711,28186.951992
1427,1764279614.472771645,37,0,C9:06:43:F9:43:3F,8E89BED6,-15715.498690,4064.550549,-15715.498651,340370.764064,270689.857326,0.949143,-62.923316,3.000000,7665.967030,21.295278,367021.276596,376.000000,-9078.400391,0.000000,0.000000,0.000000,0.000000,0.000000,1.000000,0,0.000000,-25200.894531,747.446655,3196837661,3196838413,8811.367000,-30148.422106,-23178.527806,7829.300861
