chunk_index,start_byte,timestamp_ms,formatted_time,lat,lon,accuracy_m,alt,speed,loc_ts
0,0,1769641294419,18:01:34.419,42.3448447,-71.0826676,10.16,-1.100000023841858,0.10069041,1769641292657
1,262144,1769641294751,18:01:34.751,42.3448447,-71.0826676,10.16,-1.100000023841858,0.10069041,1769641292657
2,524288,1769641295208,18:01:35.208,42.3448447,-71.0826676,10.16,-1.100000023841858,0.10069041,1769641292657
3,786432,1769641295810,18:01:35.810,42.3448447,-71.0826676,10.16,-1.100000023841858,0.10069041,1769641292657
4,1048576,1769641296245,18:01:36.245,42.3448447,-71.0826676,10.16,-1.100000023841858,0.10069041,1769641292657
5,1310720,1769641296619,18:01:36.619,42.3448447,-71.0826676,10.16,-1.100000023841858,0.10069041,1769641292657
6,1572864,1769641297077,18:01:37.077,42.3448447,-71.0826676,10.16,-1.100000023841858,0.10069041,1769641292657
7,1835008,1769641297511,18:01:37.511,42.3448447,-71.0826676,10.16,-1.100000023841858,0.10069041,1769641292657
8,2097152,1769641297962,18:01:37.962,42.3448447,-71.0826676,10.16,-1.100000023841858,0.10069041,1769641292657
9,2359296,1769641298528,18:01:38.528,42.3448447,-71.0826676,10.16,-1.100000023841858,0.10069041,1769641292657
10,2621440,1769641299148,18:01:39.148,42.3448447,-71.0826676,10.16,-1.100000023841858,0.10069041,1769641292657
11,2883584,1769641299725,18:01:39.725,42.3448447,-71.0826676,10.16,-1.100000023841858,0.10069041,1769641292657
12,3145728,1769641300264,18:01:40.264,42.3448429,-71.0826704,9.206,-1.100000023841858,0.022331303,1769641299708
13,3407872,1769641300764,18:01:40.764,42.3448429,-71.0826704,9.206,-1.100000023841858,0.022331303,1769641299708
14,3670016,1769641301228,18:01:41.228,42.3448429,-71.0826704,9.206,-1.100000023841858,0.022331303,1769641299708
15,3932160,1769641301638,18:01:41.638,42.3448429,-71.0826704,9.206,-1.100000023841858,0.022331303,1769641299708
16,4194304,1769641302123,18:01:42.123,42.3448429,-71.0826704,9.206,-1.100000023841858,0.022331303,1769641299708
17,4456448,1769641302510,18:01:42.510,42.3448429,-71.0826704,9.206,-1.100000023841858,0.022331303,1769641299708
18,4718592,1769641302943,18:01:42.943,42.3448429,-71.0826704,9.206,-1.100000023841858,0.022331303,1769641299708
19,4980736,1769641303435,18:01:43.435,42.3448429,-71.0826704,9.206,-1.100000023841858,0.022331303,1769641299708
20,5242880,1769641304081,18:01:44.081,42.3448429,-71.0826704,9.206,-1.100000023841858,0.022331303,1769641299708
21,5505024,1769641304568,18:01:44.568,42.3448429,-71.0826704,9.206,-1.100000023841858,0.022331303,1769641299708
22,5767168,1769641305017,18:01:45.017,42.3448378,-71.0826694,8.701,-1.100000023841858,0.09605707,1769641304819
23,6029312,1769641305438,18:01:45.438,42.3448378,-71.0826694,8.701,-1.100000023841858,0.09605707,1769641304819
24,6291456,1769641306052,18:01:46.052,42.3448368,-71.0826702,8.689,-1.100000023841858,0.117342986,1769641305519
25,6553600,1769641306557,18:01:46.557,42.3448356,-71.0826711,8.666,-1.100000023841858,0.073448576,1769641306454
26,6815744,1769641307007,18:01:47.007,42.3448356,-71.0826711,8.666,-1.100000023841858,0.073448576,1769641306454
27,7077888,1769641307630,18:01:47.630,42.3448304,-71.0826648,8.592,-1.100000023841858,0.13662572,1769641307119
28,7340032,1769641308170,18:01:48.170,42.3448304,-71.0826648,8.592,-1.100000023841858,0.13662572,1769641307119
29,7602176,1769641308628,18:01:48.628,42.3448265,-71.0826593,8.559,-1.100000023841858,0.12809369,1769641308462
30,7864320,1769641309093,18:01:49.093,42.3448265,-71.0826593,8.559,-1.100000023841858,0.12809369,1769641308462
31,8126464,1769641309588,18:01:49.588,42.3448265,-71.0826593,8.559,-1.100000023841858,0.12809369,1769641308462
32,8388608,1769641309949,18:01:49.949,42.3448265,-71.0826593,8.559,-1.100000023841858,0.12809369,1769641308462
33,8650752,1769641310322,18:01:50.322,42.3448265,-71.0826593,8.559,-1.100000023841858,0.12809369,1769641308462
34,8912896,1769641310751,18:01:50.751,42.3448265,-71.0826593,8.559,-1.100000023841858,0.12809369,1769641308462
35,9175040,1769641311181,18:01:51.181,42.3448265,-71.0826593,8.559,-1.100000023841858,0.12809369,1769641308462
36,9437184,1769641311629,18:01:51.629,42.3448265,-71.0826593,8.559,-1.100000023841858,0.12809369,1769641308462
37,9699328,1769641312137,18:01:52.137,42.3448231,-71.0826565,8.422,-1.100000023841858,0.15369517,1769641311673
38,9961472,1769641312677,18:01:52.677,42.3448231,-71.0826565,8.422,-1.100000023841858,0.15369517,1769641311673
39,10223616,1769641313084,18:01:53.084,42.3448231,-71.0826565,8.422,-1.100000023841858,0.15369517,1769641311673
40,10485760,1769641313607,18:01:53.607,42.3448231,-71.0826565,8.422,-1.100000023841858,0.15369517,1769641311673
41,10747904,1769641314150,18:01:54.150,42.3448226,-71.0826575,8.777,-1.1999999284744263,0.13581334,1769641313917
42,11010048,1769641314613,18:01:54.613,42.3448237,-71.0826586,8.664,-1.1999999284744263,0.08399335,1769641314578
43,11272192,1769641315077,18:01:55.077,42.3448237,-71.0826586,8.664,-1.1999999284744263,0.08399335,1769641314578
44,11534336,1769641315492,18:01:55.492,42.3448237,-71.0826586,8.664,-1.1999999284744263,0.08399335,1769641314578
45,11796480,1769641315928,18:01:55.928,42.3448237,-71.0826586,8.664,-1.1999999284744263,0.08399335,1769641314578
46,12058624,1769641316490,18:01:56.490,42.3448236,-71.0826605,8.676,-1.1999999284744263,0.11875952,1769641316221
47,12320768,1769641317003,18:01:57.003,42.3448232,-71.0826604,8.7,-1.1999999284744263,0.13054715,1769641316938
48,12582912,1769641317406,18:01:57.406,42.3448232,-71.0826604,8.7,-1.1999999284744263,0.13054715,1769641316938
49,12845056,1769641317758,18:01:57.758,42.3448232,-71.0826604,8.7,-1.1999999284744263,0.13054715,1769641316938
50,13107200,1769641318170,18:01:58.170,42.3448232,-71.0826604,8.7,-1.1999999284744263,0.13054715,1769641316938
51,13369344,1769641318820,18:01:58.820,42.3448232,-71.0826604,8.7,-1.1999999284744263,0.13054715,1769641316938
52,13631488,1769641319444,18:01:59.444,42.3448226,-71.0826617,8.783,-1.1999999284744263,0.12708546,1769641319298
53,13893632,1769641320480,18:02:00.480,42.3448226,-71.0826617,8.783,-1.1999999284744263,0.12708546,1769641319298
54,14155776,1769641320994,18:02:00.994,42.3448227,-71.0826597,9.052,-1.100000023841858,0.11090943,1769641320762
55,14417920,1769641321835,18:02:01.835,42.3448227,-71.0826597,9.052,-1.100000023841858,0.11090943,1769641320762
56,14680064,1769641322643,18:02:02.643,42.3448227,-71.0826597,9.052,-1.100000023841858,0.11090943,1769641320762
57,14942208,1769641323123,18:02:03.123,42.3448188,-71.0826513,9.359,-1.100000023841858,0.15137374,1769641322936
58,15204352,1769641323610,18:02:03.610,42.344818,-71.0826489,9.343,-1.100000023841858,0.17120783,1769641323514
59,15466496,1769641324158,18:02:04.158,42.344818,-71.0826489,9.343,-1.100000023841858,0.17120783,1769641323514
60,15728640,1769641324584,18:02:04.584,42.3448181,-71.0826467,9.389,-1.100000023841858,0.21338229,1769641324301
61,15990784,1769641324944,18:02:04.944,42.3448181,-71.0826467,9.389,-1.100000023841858,0.21338229,1769641324301
62,16252928,1769641325298,18:02:05.298,42.3448193,-71.0826459,9.388,-1.100000023841858,0.25091085,1769641325160
63,16515072,1769641325649,18:02:05.649,42.3448193,-71.0826459,9.388,-1.100000023841858,0.25091085,1769641325160
64,16777216,1769641326001,18:02:06.001,42.3448193,-71.0826459,9.388,-1.100000023841858,0.25091085,1769641325160
65,17039360,1769641326346,18:02:06.346,42.3448193,-71.0826459,9.388,-1.100000023841858,0.25091085,1769641325160
66,17301504,1769641326700,18:02:06.700,42.3448193,-71.0826459,9.388,-1.100000023841858,0.25091085,1769641325160
67,17563648,1769641327052,18:02:07.052,42.3448193,-71.0826459,9.388,-1.100000023841858,0.25091085,1769641325160
68,17825792,1769641327398,18:02:07.398,42.3448193,-71.0826459,9.388,-1.100000023841858,0.25091085,1769641325160
69,18087936,1769641327753,18:02:07.753,42.3448215,-71.0826471,9.453,-1.100000023841858,0.1308195,1769641327458
70,18350080,1769641328101,18:02:08.101,42.3448215,-71.0826471,9.453,-1.100000023841858,0.1308195,1769641327458
71,18612224,1769641328498,18:02:08.498,42.3448241,-71.0826528,9.384,-1.100000023841858,0.16530803,1769641328219
72,18874368,1769641328947,18:02:08.947,42.3448241,-71.0826528,9.384,-1.100000023841858,0.16530803,1769641328219
73,19136512,1769641329467,18:02:09.467,42.3448254,-71.0826562,9.251,-1.100000023841858,0.14341003,1769641329039
74,19398656,1769641329854,18:02:09.854,42.3448254,-71.0826562,9.251,-1.100000023841858,0.14341003,1769641329039
75,19660800,1769641330215,18:02:10.215,42.3448254,-71.0826562,9.251,-1.100000023841858,0.14341003,1769641329039
76,19922944,1769641330567,18:02:10.567,42.3448254,-71.0826562,9.251,-1.100000023841858,0.14341003,1769641329039
77,20185088,1769641330972,18:02:10.972,42.3448254,-71.0826562,9.251,-1.100000023841858,0.14341003,1769641329039
78,20447232,1769641331326,18:02:11.326,42.344827,-71.0826615,9.038,-1.100000023841858,0.14894052,1769641331077
79,20709376,1769641331684,18:02:11.684,42.344827,-71.0826615,9.038,-1.100000023841858,0.14894052,1769641331077
80,20971520,1769641332253,18:02:12.253,42.3448285,-71.0826636,8.944,-1.100000023841858,0.16134779,1769641331820
81,21233664,1769641332699,18:02:12.699,42.3448295,-71.0826647,8.891,-1.100000023841858,0.17741315,1769641332312
82,21495808,1769641333163,18:02:13.163,42.344831,-71.0826661,8.522,-1.100000023841858,0.19494393,1769641332922
83,21757952,1769641333578,18:02:13.578,42.344831,-71.0826661,8.522,-1.100000023841858,0.19494393,1769641332922
84,22020096,1769641333958,18:02:13.958,42.3448323,-71.0826673,8.618,-1.100000023841858,0.26987895,1769641333663
85,22282240,1769641334403,18:02:14.403,42.3448334,-71.0826683,8.715,-1.100000023841858,0.2948238,1769641334155
86,22544384,1769641334856,18:02:14.856,42.3448334,-71.0826683,8.715,-1.100000023841858,0.2948238,1769641334155
87,22806528,1769641335215,18:02:15.215,42.3448358,-71.0826714,8.801,-1.100000023841858,0.4197556,1769641334883
88,23068672,1769641335565,18:02:15.565,42.3448374,-71.0826724,8.904,-1.1999999284744263,0.4937759,1769641335453
89,23330816,1769641336049,18:02:16.049,42.3448374,-71.0826724,8.904,-1.1999999284744263,0.4937759,1769641335453
90,23592960,1769641336526,18:02:16.526,42.3448396,-71.0826732,9.019,-1.1999999284744263,0.5119933,1769641336159
91,23855104,1769641336947,18:02:16.947,42.3448431,-71.0826766,9.096,-1.1999999284744263,0.6738729,1769641336697
92,24117248,1769641337358,18:02:17.358,42.3448431,-71.0826766,9.096,-1.1999999284744263,0.6738729,1769641336697
93,24379392,1769641337709,18:02:17.709,42.344849,-71.0826828,9.316,-1.1999999284744263,0.7683352,1769641337455
94,24641536,1769641338140,18:02:18.140,42.344849,-71.0826828,9.316,-1.1999999284744263,0.7683352,1769641337455
95,24903680,1769641338502,18:02:18.502,42.344849,-71.0826828,9.316,-1.1999999284744263,0.7683352,1769641337455
96,25165824,1769641338930,18:02:18.930,42.344849,-71.0826828,9.316,-1.1999999284744263,0.7683352,1769641337455
97,25427968,1769641339321,18:02:19.321,42.344858,-71.0826923,9.662,-1.1999999284744263,0.6287239,1769641339201
98,25690112,1769641339708,18:02:19.708,42.344858,-71.0826923,9.662,-1.1999999284744263,0.6287239,1769641339201
99,25952256,1769641340142,18:02:20.142,42.3448574,-71.0826959,9.768,-1.1999999284744263,0.5219237,1769641339737
100,26214400,1769641340493,18:02:20.493,42.3448574,-71.0826959,9.768,-1.1999999284744263,0.5219237,1769641339737
101,26476544,1769641340886,18:02:20.886,42.344857,-71.0827029,10.149,-1.1999999284744263,0.5570331,1769641340530
102,26738688,1769641341326,18:02:21.326,42.3448562,-71.0827075,10.231,-1.1999999284744263,0.56647897,1769641341051
103,27000832,1769641341792,18:02:21.792,42.3448562,-71.0827127,10.538,-1.1999999284744263,0.5578165,1769641341736
104,27262976,1769641342139,18:02:22.139,42.3448562,-71.0827127,10.538,-1.1999999284744263,0.5578165,1769641341736
105,27525120,1769641342531,18:02:22.531,42.3448629,-71.0827132,10.507,-1.100000023841858,0.5492412,1769641342359
106,27787264,1769641342912,18:02:22.912,42.3448629,-71.0827132,10.507,-1.100000023841858,0.5492412,1769641342359
107,28049408,1769641343291,18:02:23.291,42.3448629,-71.0827132,10.507,-1.100000023841858,0.5492412,1769641342359
108,28311552,1769641343627,18:02:23.627,42.3448629,-71.0827132,10.507,-1.100000023841858,0.5492412,1769641342359
109,28573696,1769641343944,18:02:23.944,42.3448629,-71.0827132,10.507,-1.100000023841858,0.5492412,1769641342359
110,28835840,1769641344290,18:02:24.290,42.3448629,-71.0827132,10.507,-1.100000023841858,0.5492412,1769641342359
111,29097984,1769641344637,18:02:24.637,42.3448629,-71.0827132,10.507,-1.100000023841858,0.5492412,1769641342359
112,29360128,1769641344987,18:02:24.987,42.3448629,-71.0827132,10.507,-1.100000023841858,0.5492412,1769641342359
113,29622272,1769641345426,18:02:25.426,42.3448678,-71.0827038,10.393,-1.100000023841858,0.1819337,1769641345279
114,29884416,1769641345882,18:02:25.882,42.3448658,-71.0826997,10.15,-1.100000023841858,0.14260508,1769641345797
115,30146560,1769641346274,18:02:26.274,42.3448658,-71.0826997,10.15,-1.100000023841858,0.14260508,1769641345797
116,30408704,1769641346675,18:02:26.675,42.3448653,-71.0826975,9.874,-1.100000023841858,0.113568835,1769641346471
117,30670848,1769641347087,18:02:27.087,42.3448651,-71.0826968,9.311,-1.100000023841858,0.13820332,1769641347015
118,30932992,1769641347473,18:02:27.473,42.3448651,-71.0826968,9.311,-1.100000023841858,0.13820332,1769641347015
119,31195136,1769641347911,18:02:27.911,42.3448654,-71.0826967,9.182,-1.100000023841858,0.110517934,1769641347698
120,31457280,1769641348346,18:02:28.346,42.3448657,-71.0826967,9.212,-1.100000023841858,0.14410023,1769641348235
121,31719424,1769641348801,18:02:28.801,42.3448657,-71.0826967,9.212,-1.100000023841858,0.14410023,1769641348235
122,31981568,1769641349234,18:02:29.234,42.3448659,-71.0826967,9.258,-1.100000023841858,0.11995082,1769641348906
123,32243712,1769641349628,18:02:29.628,42.3448659,-71.0826967,9.258,-1.100000023841858,0.11995082,1769641348906
124,32505856,1769641350066,18:02:30.066,42.344872,-71.0826941,9.083,-1.1999999284744263,0.16149576,1769641350014
125,32768000,1769641350537,18:02:30.537,42.3448742,-71.0826964,9.025,-1.1999999284744263,0.24547839,1769641350479
126,33030144,1769641351104,18:02:31.104,42.3448742,-71.0826964,9.025,-1.1999999284744263,0.24547839,1769641350479
127,33292288,1769641351590,18:02:31.590,42.3448763,-71.0826994,9.015,-1.1999999284744263,0.30415976,1769641351156
128,33554432,1769641352096,18:02:32.096,42.3448778,-71.0827052,9.079,-1.1999999284744263,0.40791422,1769641351696
129,33816576,1769641352684,18:02:32.684,42.3448795,-71.0827106,9.173,-1.1999999284744263,0.44112867,1769641352324
130,34078720,1769641353306,18:02:33.306,42.3448823,-71.0827179,9.361,-1.1999999284744263,0.6574064,1769641352773
131,34340864,1769641353776,18:02:33.776,42.3448883,-71.0827301,9.601,-1.1999999284744263,0.8598716,1769641353456
132,34603008,1769641354476,18:02:34.476,42.3448934,-71.0827385,9.847,-1.1999999284744263,0.88045883,1769641353939
133,34865152,1769641354842,18:02:34.842,42.344901,-71.0827487,10.227,-1.1999999284744263,0.96922094,1769641354612
134,35127296,1769641355215,18:02:35.215,42.3449066,-71.0827558,10.631,-1.1999999284744263,0.9777686,1769641355095
135,35389440,1769641355771,18:02:35.771,42.3449066,-71.0827558,10.631,-1.1999999284744263,0.9777686,1769641355095
136,35651584,1769641356255,18:02:36.255,42.3449135,-71.0827638,11.014,-1.1999999284744263,0.9866838,1769641355795
137,35913728,1769641356814,18:02:36.814,42.3449326,-71.0827611,10.996,-0.5000001192092896,1.015878,1769641356259
138,36175872,1769641357264,18:02:37.264,42.3449444,-71.0827625,10.817,-0.5000001192092896,1.0180407,1769641356955
139,36438016,1769641357765,18:02:37.765,42.3449518,-71.0827642,10.61,-0.5000001192092896,1.0350372,1769641357422
140,36700160,1769641358356,18:02:38.356,42.3449596,-71.082768,10.339,-0.5000001192092896,1.0289814,1769641358077
141,36962304,1769641358887,18:02:38.887,42.3449655,-71.08277,10.027,-0.5000001192092896,1.0176582,1769641358597
142,37224448,1769641359481,18:02:39.481,42.3449655,-71.08277,10.027,-0.5000001192092896,1.0176582,1769641358597
143,37486592,1769641360085,18:02:40.085,42.344977,-71.0827731,9.502,-0.5000001192092896,0.90096736,1769641359858
144,37748736,1769641360668,18:02:40.668,42.3449811,-71.0827735,9.161,-0.5000001192092896,0.9015818,1769641360318
145,38010880,1769641361318,18:02:41.318,42.3449811,-71.0827735,9.161,-0.5000001192092896,0.9015818,1769641360318
146,38273024,1769641361894,18:02:41.894,42.3449811,-71.0827735,9.161,-0.5000001192092896,0.9015818,1769641360318
147,38535168,1769641362359,18:02:42.359,42.3449811,-71.0827735,9.161,-0.5000001192092896,0.9015818,1769641360318
148,38797312,1769641362872,18:02:42.872,42.3449867,-71.0827626,8.676,-1.100000023841858,0.18932627,1769641362560
149,39059456,1769641363551,18:02:43.551,42.3449867,-71.0827626,8.676,-1.100000023841858,0.18932627,1769641362560
150,39321600,1769641364160,18:02:44.160,42.3449867,-71.0827626,8.676,-1.100000023841858,0.18932627,1769641362560
151,39583744,1769641364703,18:02:44.703,42.3449853,-71.0827454,8.717,-1.100000023841858,0.056688793,1769641364476
152,39845888,1769641365115,18:02:45.115,42.3449852,-71.0827412,8.544,-1.100000023841858,0.09411908,1769641365075
153,40108032,1769641365482,18:02:45.482,42.3449852,-71.0827412,8.544,-1.100000023841858,0.09411908,1769641365075
154,40370176,1769641365849,18:02:45.849,42.3449854,-71.082738,8.349,-1.100000023841858,0.11132703,1769641365831
155,40632320,1769641366258,18:02:46.258,42.3449854,-71.082738,8.349,-1.100000023841858,0.11132703,1769641365831
156,40894464,1769641366632,18:02:46.632,42.3449856,-71.0827363,8.327,-1.100000023841858,0.080396764,1769641366419
157,41156608,1769641366985,18:02:46.985,42.3449856,-71.0827363,8.327,-1.100000023841858,0.080396764,1769641366419
158,41418752,1769641367336,18:02:47.336,42.3449856,-71.0827363,8.327,-1.100000023841858,0.080396764,1769641366419
159,41680896,1769641367691,18:02:47.691,42.3449856,-71.0827363,8.327,-1.100000023841858,0.080396764,1769641366419
160,41943040,1769641368046,18:02:48.046,42.3449856,-71.0827363,8.327,-1.100000023841858,0.080396764,1769641366419
161,42205184,1769641368398,18:02:48.398,42.3449845,-71.0827354,8.231,-1.100000023841858,0.17788324,1769641368217
162,42467328,1769641368776,18:02:48.776,42.344984,-71.0827368,8.266,-1.100000023841858,0.24989496,1769641368692
163,42729472,1769641369127,18:02:49.127,42.344984,-71.0827368,8.266,-1.100000023841858,0.24989496,1769641368692
164,42991616,1769641369526,18:02:49.526,42.3449836,-71.0827392,8.306,-1.100000023841858,0.29069728,1769641369313
165,43253760,1769641369873,18:02:49.873,42.3449836,-71.0827392,8.306,-1.100000023841858,0.29069728,1769641369313
166,43515904,1769641370224,18:02:50.224,42.3449836,-71.0827392,8.306,-1.100000023841858,0.29069728,1769641369313
167,43778048,1769641370578,18:02:50.578,42.3449863,-71.0827368,8.25,-1.100000023841858,0.38455912,1769641370315
168,44040192,1769641370923,18:02:50.923,42.3449863,-71.0827368,8.25,-1.100000023841858,0.38455912,1769641370315
169,44302336,1769641371276,18:02:51.276,42.3449863,-71.0827368,8.25,-1.100000023841858,0.38455912,1769641370315
170,44564480,1769641371628,18:02:51.628,42.3449863,-71.0827368,8.25,-1.100000023841858,0.38455912,1769641370315
171,44826624,1769641371975,18:02:51.975,42.3449863,-71.0827368,8.25,-1.100000023841858,0.38455912,1769641370315
172,45088768,1769641372327,18:02:52.327,42.3449863,-71.0827368,8.25,-1.100000023841858,0.38455912,1769641370315
173,45350912,1769641373074,18:02:53.074,42.3449863,-71.0827368,8.25,-1.100000023841858,0.38455912,1769641370315
174,45613056,1769641373567,18:02:53.567,42.3449805,-71.082732,8.142,-1.100000023841858,0.33399996,1769641373257
175,45875200,1769641374043,18:02:54.043,42.3449805,-71.082732,8.142,-1.100000023841858,0.33399996,1769641373257
176,46137344,1769641374651,18:02:54.651,42.3449805,-71.082732,8.142,-1.100000023841858,0.33399996,1769641373257
177,46399488,1769641375351,18:02:55.351,42.3449805,-71.082732,8.142,-1.100000023841858,0.33399996,1769641373257
178,46661632,1769641375958,18:02:55.958,42.3449805,-71.082732,8.142,-1.100000023841858,0.33399996,1769641373257
179,46923776,1769641376628,18:02:56.628,42.3449854,-71.0827245,7.909,-0.5000001192092896,0.058079123,1769641376360
180,47185920,1769641377197,18:02:57.197,42.3449854,-71.0827245,7.909,-0.5000001192092896,0.058079123,1769641376360
181,47448064,1769641378257,18:02:58.257,42.3449933,-71.0827242,7.608,-0.5000001192092896,0.12637262,1769641377897
182,47710208,1769641379697,18:02:59.697,42.344995,-71.0827267,7.513,-0.5000001192092896,0.20619436,1769641379211
183,47972352,1769641380615,18:03:00.615,42.3449981,-71.082731,7.557,-0.5000001192092896,0.4161557,1769641380471
184,48234496,1769641381218,18:03:01.218,42.3450013,-71.0827307,7.58,-0.5000001192092896,0.4319204,1769641381196
185,48496640,1769641382095,18:03:02.095,42.3450013,-71.0827307,7.58,-0.5000001192092896,0.4319204,1769641381196
186,48758784,1769641382841,18:03:02.841,42.3450013,-71.0827307,7.58,-0.5000001192092896,0.4319204,1769641381196
187,49020928,1769641998186,18:13:18.186,42.3469678,-71.0799538,11.4,-20.899999618530273,0.12714516,1769641993865
188,49283072,1769641998559,18:13:18.559,42.3469678,-71.0799538,11.4,-20.899999618530273,0.12714516,1769641993865
189,49545216,1769641998918,18:13:18.918,42.3469678,-71.0799538,11.4,-20.899999618530273,0.12714516,1769641993865
190,49807360,1769641999271,18:13:19.271,42.3469678,-71.0799538,11.4,-20.899999618530273,0.12714516,1769641993865
191,50069504,1769641999620,18:13:19.620,42.3469678,-71.0799538,11.4,-20.899999618530273,0.12714516,1769641993865
192,50331648,1769642000023,18:13:20.023,42.3469678,-71.0799538,11.4,-20.899999618530273,0.12714516,1769641993865
193,50593792,1769642000419,18:13:20.419,42.3469678,-71.0799538,11.4,-20.899999618530273,0.12714516,1769641993865
194,50855936,1769642000770,18:13:20.770,42.3469678,-71.0799538,11.4,-20.899999618530273,0.12714516,1769641993865
195,51118080,1769642001126,18:13:21.126,42.3469739,-71.0799718,19.363,-20.899999618530273,0.14065458,1769642000722
196,51380224,1769642001478,18:13:21.478,42.3469739,-71.0799718,19.363,-20.899999618530273,0.14065458,1769642000722
197,51642368,1769642001833,18:13:21.833,42.3469739,-71.0799718,19.363,-20.899999618530273,0.14065458,1769642000722
198,51904512,1769642002184,18:13:22.184,42.3469739,-71.0799718,19.363,-20.899999618530273,0.14065458,1769642000722
199,52166656,1769642002552,18:13:22.552,42.3469739,-71.0799718,19.363,-20.899999618530273,0.14065458,1769642000722
200,52428800,1769642002934,18:13:22.934,42.3469739,-71.0799718,19.363,-20.899999618530273,0.14065458,1769642000722
201,52690944,1769642003281,18:13:23.281,42.3469739,-71.0799718,19.363,-20.899999618530273,0.14065458,1769642000722
202,52953088,1769642003634,18:13:23.634,42.3469739,-71.0799718,19.363,-20.899999618530273,0.14065458,1769642000722
203,53215232,1769642003992,18:13:23.992,42.3469739,-71.0799718,19.363,-20.899999618530273,0.14065458,1769642000722
204,53477376,1769642004365,18:13:24.365,42.3469739,-71.0799718,19.363,-20.899999618530273,0.14065458,1769642000722
205,53739520,1769642004784,18:13:24.784,42.3469739,-71.0799718,19.363,-20.899999618530273,0.14065458,1769642000722
206,54001664,1769642005129,18:13:25.129,42.3469739,-71.0799718,19.363,-20.899999618530273,0.14065458,1769642000722
207,54263808,1769642005488,18:13:25.488,42.3469739,-71.0799718,19.363,-20.899999618530273,0.14065458,1769642000722
208,54525952,1769642005845,18:13:25.845,42.3469739,-71.0799718,19.363,-20.899999618530273,0.14065458,1769642000722
209,54788096,1769642006198,18:13:26.198,42.3469739,-71.0799718,19.363,-20.899999618530273,0.14065458,1769642000722
210,55050240,1769642006555,18:13:26.555,42.3469739,-71.0799718,19.363,-20.899999618530273,0.14065458,1769642000722
211,55312384,1769642006903,18:13:26.903,42.3469739,-71.0799718,19.363,-20.899999618530273,0.14065458,1769642000722
212,55574528,1769642007297,18:13:27.297,42.3469739,-71.0799718,19.363,-20.899999618530273,0.14065458,1769642000722
213,55836672,1769642007689,18:13:27.689,42.3469739,-71.0799718,19.363,-20.899999618530273,0.14065458,1769642000722
214,56098816,1769642008054,18:13:28.054,42.3469491,-71.079904,24.31,-20.899999618530273,0.4505759,1769642007593
215,56360960,1769642008404,18:13:28.404,42.3469491,-71.079904,24.31,-20.899999618530273,0.4505759,1769642007593
216,56623104,1769642008997,18:13:28.997,42.3469491,-71.079904,24.31,-20.899999618530273,0.4505759,1769642007593
217,56885248,1769642009543,18:13:29.543,42.3469491,-71.079904,24.31,-20.899999618530273,0.4505759,1769642007593
218,57147392,1769642009979,18:13:29.979,42.3469491,-71.079904,24.31,-20.899999618530273,0.4505759,1769642007593
219,57409536,1769642010336,18:13:30.336,42.3469491,-71.079904,24.31,-20.899999618530273,0.4505759,1769642007593
220,57671680,1769642010687,18:13:30.687,42.3469491,-71.079904,24.31,-20.899999618530273,0.4505759,1769642007593
221,57933824,1769642011242,18:13:31.242,42.3469491,-71.079904,24.31,-20.899999618530273,0.4505759,1769642007593
222,58195968,1769642011807,18:13:31.807,42.3469491,-71.079904,24.31,-20.899999618530273,0.4505759,1769642007593
223,58458112,1769642012387,18:13:32.387,42.3469491,-71.079904,24.31,-20.899999618530273,0.4505759,1769642007593
224,58720256,1769642012825,18:13:32.825,42.3469491,-71.079904,24.31,-20.899999618530273,0.4505759,1769642007593
225,58982400,1769642013311,18:13:33.311,42.3469491,-71.079904,24.31,-20.899999618530273,0.4505759,1769642007593
226,59244544,1769642013804,18:13:33.804,42.3469491,-71.079904,24.31,-20.899999618530273,0.4505759,1769642007593
227,59506688,1769642014171,18:13:34.171,42.3469491,-71.079904,24.31,-20.899999618530273,0.4505759,1769642007593
228,59768832,1769642014571,18:13:34.571,42.3469491,-71.079904,24.31,-20.899999618530273,0.4505759,1769642007593
229,60030976,1769642014994,18:13:34.994,42.3469396,-71.0800118,22.74,-20.899999618530273,0.5233052,1769642014533
230,60293120,1769642015347,18:13:35.347,42.3469396,-71.0800118,22.74,-20.899999618530273,0.5233052,1769642014533
231,60555264,1769642015704,18:13:35.704,42.3469396,-71.0800118,22.74,-20.899999618530273,0.5233052,1769642014533
232,60817408,1769642016056,18:13:36.056,42.3469396,-71.0800118,22.74,-20.899999618530273,0.5233052,1769642014533
233,61079552,1769642016423,18:13:36.423,42.3469396,-71.0800118,22.74,-20.899999618530273,0.5233052,1769642014533
234,61341696,1769642016862,18:13:36.862,42.3469396,-71.0800118,22.74,-20.899999618530273,0.5233052,1769642014533
235,61603840,1769642017252,18:13:37.252,42.3469396,-71.0800118,22.74,-20.899999618530273,0.5233052,1769642014533
236,61865984,1769642017645,18:13:37.645,42.3469396,-71.0800118,22.74,-20.899999618530273,0.5233052,1769642014533
237,62128128,1769642018115,18:13:38.115,42.3469396,-71.0800118,22.74,-20.899999618530273,0.5233052,1769642014533
238,62390272,1769642018472,18:13:38.472,42.3469396,-71.0800118,22.74,-20.899999618530273,0.5233052,1769642014533
239,62652416,1769642018824,18:13:38.824,42.3469396,-71.0800118,22.74,-20.899999618530273,0.5233052,1769642014533
240,62914560,1769642019179,18:13:39.179,42.3469396,-71.0800118,22.74,-20.899999618530273,0.5233052,1769642014533
241,63176704,1769642019610,18:13:39.610,42.3469396,-71.0800118,22.74,-20.899999618530273,0.5233052,1769642014533
242,63438848,1769642019967,18:13:39.967,42.3469396,-71.0800118,22.74,-20.899999618530273,0.5233052,1769642014533
243,63700992,1769642020392,18:13:40.392,42.3469396,-71.0800118,22.74,-20.899999618530273,0.5233052,1769642014533
244,63963136,1769642021332,18:13:41.332,42.3469396,-71.0800118,22.74,-20.899999618530273,0.5233052,1769642014533
245,64225280,1769642021716,18:13:41.716,42.3469122,-71.0799737,20.1,-20.899999618530273,0.32454944,1769642021334
246,64487424,1769642022072,18:13:42.072,42.3469122,-71.0799737,20.1,-20.899999618530273,0.32454944,1769642021334
247,64749568,1769642022774,18:13:42.774,42.3469122,-71.0799737,20.1,-20.899999618530273,0.32454944,1769642021334
248,65011712,1769642023472,18:13:43.472,42.3469122,-71.0799737,20.1,-20.899999618530273,0.32454944,1769642021334
249,65273856,1769642023902,18:13:43.902,42.3469122,-71.0799737,20.1,-20.899999618530273,0.32454944,1769642021334
250,65536000,1769642024583,18:13:44.583,42.3469122,-71.0799737,20.1,-20.899999618530273,0.32454944,1769642021334
251,65798144,1769642025276,18:13:45.276,42.3469122,-71.0799737,20.1,-20.899999618530273,0.32454944,1769642021334
252,66060288,1769642025630,18:13:45.630,42.3469122,-71.0799737,20.1,-20.899999618530273,0.32454944,1769642021334
253,66322432,1769642025986,18:13:45.986,42.3469122,-71.0799737,20.1,-20.899999618530273,0.32454944,1769642021334
254,66584576,1769642026472,18:13:46.472,42.3469122,-71.0799737,20.1,-20.899999618530273,0.32454944,1769642021334
255,66846720,1769642026846,18:13:46.846,42.3469122,-71.0799737,20.1,-20.899999618530273,0.32454944,1769642021334
256,67108864,1769642027499,18:13:47.499,42.3469122,-71.0799737,20.1,-20.899999618530273,0.32454944,1769642021334
257,67371008,1769642028434,18:13:48.434,42.3469737,-71.0799184,12.23,-21.0,0.5551188,1769642028117
258,67633152,1769642029037,18:13:49.037,42.3469737,-71.0799184,12.23,-21.0,0.5551188,1769642028117
259,67895296,1769642029463,18:13:49.463,42.3469737,-71.0799184,12.23,-21.0,0.5551188,1769642028117
260,68157440,1769642029817,18:13:49.817,42.3469737,-71.0799184,12.23,-21.0,0.5551188,1769642028117
261,68419584,1769642030247,18:13:50.247,42.3469737,-71.0799184,12.23,-21.0,0.5551188,1769642028117
262,68681728,1769642030931,18:13:50.931,42.3469737,-71.0799184,12.23,-21.0,0.5551188,1769642028117
263,68943872,1769642031399,18:13:51.399,42.3469737,-71.0799184,12.23,-21.0,0.5551188,1769642028117
264,69206016,1769642031999,18:13:51.999,42.3469737,-71.0799184,12.23,-21.0,0.5551188,1769642028117
265,69468160,1769642032872,18:13:52.872,42.3469737,-71.0799184,12.23,-21.0,0.5551188,1769642028117
266,69730304,1769642033289,18:13:53.289,42.3469737,-71.0799184,12.23,-21.0,0.5551188,1769642028117
267,69992448,1769642033683,18:13:53.683,42.3469737,-71.0799184,12.23,-21.0,0.5551188,1769642028117
268,70254592,1769642034389,18:13:54.389,42.3469737,-71.0799184,12.23,-21.0,0.5551188,1769642028117
269,70516736,1769642034799,18:13:54.799,42.3469737,-71.0799184,12.23,-21.0,0.5551188,1769642028117
270,70778880,1769642035151,18:13:55.151,42.3469813,-71.0799192,11.564,-20.899999618530273,0.26992822,1769642034933
271,71041024,1769642035503,18:13:55.503,42.3469813,-71.0799192,11.564,-20.899999618530273,0.26992822,1769642034933
272,71303168,1769642035872,18:13:55.872,42.3469813,-71.0799192,11.564,-20.899999618530273,0.26992822,1769642034933
273,71565312,1769642036389,18:13:56.389,42.3469813,-71.0799192,11.564,-20.899999618530273,0.26992822,1769642034933
274,71827456,1769642036930,18:13:56.930,42.3469813,-71.0799192,11.564,-20.899999618530273,0.26992822,1769642034933
275,72089600,1769642037279,18:13:57.279,42.3469813,-71.0799192,11.564,-20.899999618530273,0.26992822,1769642034933
276,72351744,1769642037637,18:13:57.637,42.3469813,-71.0799192,11.564,-20.899999618530273,0.26992822,1769642034933
277,72613888,1769642037989,18:13:57.989,42.3469813,-71.0799192,11.564,-20.899999618530273,0.26992822,1769642034933
278,72876032,1769642038530,18:13:58.530,42.3469813,-71.0799192,11.564,-20.899999618530273,0.26992822,1769642034933
279,73138176,1769642038927,18:13:58.927,42.3469813,-71.0799192,11.564,-20.899999618530273,0.26992822,1769642034933
280,73400320,1769642039284,18:13:59.284,42.3469813,-71.0799192,11.564,-20.899999618530273,0.26992822,1769642034933
281,73662464,1769642039640,18:13:59.640,42.3469813,-71.0799192,11.564,-20.899999618530273,0.26992822,1769642034933
282,73924608,1769642039990,18:13:59.990,42.3469813,-71.0799192,11.564,-20.899999618530273,0.26992822,1769642034933
283,74186752,1769642040556,18:14:00.556,42.3469813,-71.0799192,11.564,-20.899999618530273,0.26992822,1769642034933
284,74448896,1769642040918,18:14:00.918,42.3469813,-71.0799192,11.564,-20.899999618530273,0.26992822,1769642034933
285,74711040,1769642041269,18:14:01.269,42.3469813,-71.0799192,11.564,-20.899999618530273,0.26992822,1769642034933
286,74973184,1769642041620,18:14:01.620,42.3469813,-71.0799192,11.564,-20.899999618530273,0.26992822,1769642034933
287,75235328,1769642041972,18:14:01.972,42.3469635,-71.0799083,20.994,-21.0,0.16189551,1769642041784
288,75497472,1769642042327,18:14:02.327,42.3469635,-71.0799083,20.994,-21.0,0.16189551,1769642041784
289,75759616,1769642042696,18:14:02.696,42.3469635,-71.0799083,20.994,-21.0,0.16189551,1769642041784
290,76021760,1769642043048,18:14:03.048,42.3469635,-71.0799083,20.994,-21.0,0.16189551,1769642041784
291,76283904,1769642043379,18:14:03.379,42.3469635,-71.0799083,20.994,-21.0,0.16189551,1769642041784
292,76546048,1769642043739,18:14:03.739,42.3469635,-71.0799083,20.994,-21.0,0.16189551,1769642041784
293,76808192,1769642044092,18:14:04.092,42.3469635,-71.0799083,20.994,-21.0,0.16189551,1769642041784
294,77070336,1769642044440,18:14:04.440,42.3469635,-71.0799083,20.994,-21.0,0.16189551,1769642041784
295,77332480,1769642044794,18:14:04.794,42.3469635,-71.0799083,20.994,-21.0,0.16189551,1769642041784
296,77594624,1769642045153,18:14:05.153,42.3469635,-71.0799083,20.994,-21.0,0.16189551,1769642041784
297,77856768,1769642045594,18:14:05.594,42.3469635,-71.0799083,20.994,-21.0,0.16189551,1769642041784
298,78118912,1769642045993,18:14:05.993,42.3469635,-71.0799083,20.994,-21.0,0.16189551,1769642041784
299,78381056,1769642046349,18:14:06.349,42.3469635,-71.0799083,20.994,-21.0,0.16189551,1769642041784
300,78643200,1769642046703,18:14:06.703,42.3469635,-71.0799083,20.994,-21.0,0.16189551,1769642041784
301,78905344,1769642047056,18:14:07.056,42.3469635,-71.0799083,20.994,-21.0,0.16189551,1769642041784
302,79167488,1769642047411,18:14:07.411,42.3469635,-71.0799083,20.994,-21.0,0.16189551,1769642041784
303,79429632,1769642047775,18:14:07.775,42.3469635,-71.0799083,20.994,-21.0,0.16189551,1769642041784
304,79691776,1769642048314,18:14:08.314,42.3469635,-71.0799083,20.994,-21.0,0.16189551,1769642041784
305,79953920,1769642048806,18:14:08.806,42.3469635,-71.0799083,20.994,-21.0,0.16189551,1769642041784
306,80216064,1769642049293,18:14:09.293,42.3469542,-71.0799125,11.947,-20.899999618530273,0.12796615,1769642048640
307,80478208,1769642049890,18:14:09.890,42.3469542,-71.0799125,11.947,-20.899999618530273,0.12796615,1769642048640
308,80740352,1769642050338,18:14:10.338,42.3469542,-71.0799125,11.947,-20.899999618530273,0.12796615,1769642048640
309,81002496,1769642050734,18:14:10.734,42.3469542,-71.0799125,11.947,-20.899999618530273,0.12796615,1769642048640
310,81264640,1769642051209,18:14:11.209,42.3469542,-71.0799125,11.947,-20.899999618530273,0.12796615,1769642048640
311,81526784,1769642051728,18:14:11.728,42.3469542,-71.0799125,11.947,-20.899999618530273,0.12796615,1769642048640
312,81788928,1769642052170,18:14:12.170,42.3469542,-71.0799125,11.947,-20.899999618530273,0.12796615,1769642048640
313,82051072,1769642052533,18:14:12.533,42.3469542,-71.0799125,11.947,-20.899999618530273,0.12796615,1769642048640
314,82313216,1769642052903,18:14:12.903,42.3469542,-71.0799125,11.947,-20.899999618530273,0.12796615,1769642048640
315,82575360,1769642053253,18:14:13.253,42.3469542,-71.0799125,11.947,-20.899999618530273,0.12796615,1769642048640
316,82837504,1769642053845,18:14:13.845,42.3469542,-71.0799125,11.947,-20.899999618530273,0.12796615,1769642048640
317,83099648,1769642054241,18:14:14.241,42.3469542,-71.0799125,11.947,-20.899999618530273,0.12796615,1769642048640
318,83361792,1769642054613,18:14:14.613,42.3469542,-71.0799125,11.947,-20.899999618530273,0.12796615,1769642048640
319,83623936,1769642054974,18:14:14.974,42.3469542,-71.0799125,11.947,-20.899999618530273,0.12796615,1769642048640
320,83886080,1769642055331,18:14:15.331,42.3469542,-71.0799125,11.947,-20.899999618530273,0.12796615,1769642048640
321,84148224,1769642055690,18:14:15.690,42.3469542,-71.0799125,11.947,-20.899999618530273,0.12796615,1769642048640
322,84410368,1769642056128,18:14:16.128,42.3469659,-71.0798999,11.096,-20.899999618530273,0.12646568,1769642055554
323,84672512,1769642056582,18:14:16.582,42.3469659,-71.0798999,11.096,-20.899999618530273,0.12646568,1769642055554
324,84934656,1769642056994,18:14:16.994,42.3469659,-71.0798999,11.096,-20.899999618530273,0.12646568,1769642055554
325,85196800,1769642057346,18:14:17.346,42.3469659,-71.0798999,11.096,-20.899999618530273,0.12646568,1769642055554
326,85458944,1769642057702,18:14:17.702,42.3469659,-71.0798999,11.096,-20.899999618530273,0.12646568,1769642055554
327,85721088,1769642058171,18:14:18.171,42.3469659,-71.0798999,11.096,-20.899999618530273,0.12646568,1769642055554
328,85983232,1769642058618,18:14:18.618,42.3469659,-71.0798999,11.096,-20.899999618530273,0.12646568,1769642055554
329,86245376,1769642058969,18:14:18.969,42.3469659,-71.0798999,11.096,-20.899999618530273,0.12646568,1769642055554
330,86507520,1769642059319,18:14:19.319,42.3469659,-71.0798999,11.096,-20.899999618530273,0.12646568,1769642055554
331,86769664,1769642059674,18:14:19.674,42.3469659,-71.0798999,11.096,-20.899999618530273,0.12646568,1769642055554
332,87031808,1769642060024,18:14:20.024,42.3469659,-71.0798999,11.096,-20.899999618530273,0.12646568,1769642055554
333,87293952,1769642060373,18:14:20.373,42.3469659,-71.0798999,11.096,-20.899999618530273,0.12646568,1769642055554
334,87556096,1769642060870,18:14:20.870,42.3469659,-71.0798999,11.096,-20.899999618530273,0.12646568,1769642055554
335,87818240,1769642061434,18:14:21.434,42.3469659,-71.0798999,11.096,-20.899999618530273,0.12646568,1769642055554
336,88080384,1769642061837,18:14:21.837,42.3469659,-71.0798999,11.096,-20.899999618530273,0.12646568,1769642055554
337,88342528,1769642062195,18:14:22.195,42.3469659,-71.0798999,11.096,-20.899999618530273,0.12646568,1769642055554
338,88604672,1769642062544,18:14:22.544,42.3469659,-71.0798999,11.096,-20.899999618530273,0.12646568,1769642055554
339,88866816,1769642063111,18:14:23.111,42.3469324,-71.0799015,14.002,-20.899999618530273,0.3117154,1769642062510
340,89128960,1769642063462,18:14:23.462,42.3469324,-71.0799015,14.002,-20.899999618530273,0.3117154,1769642062510
341,89391104,1769642063820,18:14:23.820,42.3469324,-71.0799015,14.002,-20.899999618530273,0.3117154,1769642062510
342,89653248,1769642064177,18:14:24.177,42.3469324,-71.0799015,14.002,-20.899999618530273,0.3117154,1769642062510
343,89915392,1769642064839,18:14:24.839,42.3469324,-71.0799015,14.002,-20.899999618530273,0.3117154,1769642062510
344,90177536,1769642065446,18:14:25.446,42.3469324,-71.0799015,14.002,-20.899999618530273,0.3117154,1769642062510
345,90439680,1769642065809,18:14:25.809,42.3469324,-71.0799015,14.002,-20.899999618530273,0.3117154,1769642062510
346,90701824,1769642066167,18:14:26.167,42.3469324,-71.0799015,14.002,-20.899999618530273,0.3117154,1769642062510
347,90963968,1769642066582,18:14:26.582,42.3469324,-71.0799015,14.002,-20.899999618530273,0.3117154,1769642062510
348,91226112,1769642067073,18:14:27.073,42.3469324,-71.0799015,14.002,-20.899999618530273,0.3117154,1769642062510
349,91488256,1769642067524,18:14:27.524,42.3469324,-71.0799015,14.002,-20.899999618530273,0.3117154,1769642062510
350,91750400,1769642067942,18:14:27.942,42.3469324,-71.0799015,14.002,-20.899999618530273,0.3117154,1769642062510
351,92012544,1769642068656,18:14:28.656,42.3469324,-71.0799015,14.002,-20.899999618530273,0.3117154,1769642062510
352,92274688,1769642069151,18:14:29.151,42.3469324,-71.0799015,14.002,-20.899999618530273,0.3117154,1769642062510
353,92536832,1769642069580,18:14:29.580,42.3469269,-71.0799619,28.26,-20.899999618530273,0.45653194,1769642069421
354,92798976,1769642069940,18:14:29.940,42.3469269,-71.0799619,28.26,-20.899999618530273,0.45653194,1769642069421
355,93061120,1769642070433,18:14:30.433,42.3469269,-71.0799619,28.26,-20.899999618530273,0.45653194,1769642069421
356,93323264,1769642070813,18:14:30.813,42.3469269,-71.0799619,28.26,-20.899999618530273,0.45653194,1769642069421
357,93585408,1769642071163,18:14:31.163,42.3469269,-71.0799619,28.26,-20.899999618530273,0.45653194,1769642069421
358,93847552,1769642071673,18:14:31.673,42.3469269,-71.0799619,28.26,-20.899999618530273,0.45653194,1769642069421
359,94109696,1769642072568,18:14:32.568,42.3469269,-71.0799619,28.26,-20.899999618530273,0.45653194,1769642069421
360,94371840,1769642073086,18:14:33.086,42.3469269,-71.0799619,28.26,-20.899999618530273,0.45653194,1769642069421
361,94633984,1769642073577,18:14:33.577,42.3469269,-71.0799619,28.26,-20.899999618530273,0.45653194,1769642069421
362,94896128,1769642074035,18:14:34.035,42.3469269,-71.0799619,28.26,-20.899999618530273,0.45653194,1769642069421
363,95158272,1769642074828,18:14:34.828,42.3469269,-71.0799619,28.26,-20.899999618530273,0.45653194,1769642069421
364,95420416,1769642075360,18:14:35.360,42.3469269,-71.0799619,28.26,-20.899999618530273,0.45653194,1769642069421
365,95682560,1769642075719,18:14:35.719,42.3469269,-71.0799619,28.26,-20.899999618530273,0.45653194,1769642069421
366,95944704,1769642076074,18:14:36.074,42.3469269,-71.0799619,28.26,-20.899999618530273,0.45653194,1769642069421
367,96206848,1769642076817,18:14:36.817,42.3469097,-71.0799549,33.917,-20.899999618530273,0.2801708,1769642076291
368,96468992,1769642077380,18:14:37.380,42.3469097,-71.0799549,33.917,-20.899999618530273,0.2801708,1769642076291
369,96731136,1769642077750,18:14:37.750,42.3469097,-71.0799549,33.917,-20.899999618530273,0.2801708,1769642076291
370,96993280,1769642078328,18:14:38.328,42.3469097,-71.0799549,33.917,-20.899999618530273,0.2801708,1769642076291
371,97255424,1769642078888,18:14:38.888,42.3469097,-71.0799549,33.917,-20.899999618530273,0.2801708,1769642076291
372,97517568,1769642079333,18:14:39.333,42.3469097,-71.0799549,33.917,-20.899999618530273,0.2801708,1769642076291
373,97779712,1769642079760,18:14:39.760,42.3469097,-71.0799549,33.917,-20.899999618530273,0.2801708,1769642076291
374,98041856,1769642080111,18:14:40.111,42.3469097,-71.0799549,33.917,-20.899999618530273,0.2801708,1769642076291
375,98304000,1769642080465,18:14:40.465,42.3469097,-71.0799549,33.917,-20.899999618530273,0.2801708,1769642076291
376,98566144,1769642080923,18:14:40.923,42.3469097,-71.0799549,33.917,-20.899999618530273,0.2801708,1769642076291
377,98828288,1769642081281,18:14:41.281,42.3469097,-71.0799549,33.917,-20.899999618530273,0.2801708,1769642076291
378,99090432,1769642081632,18:14:41.632,42.3469097,-71.0799549,33.917,-20.899999618530273,0.2801708,1769642076291
379,99352576,1769642081985,18:14:41.985,42.3469097,-71.0799549,33.917,-20.899999618530273,0.2801708,1769642076291
380,99614720,1769642082341,18:14:42.341,42.3469097,-71.0799549,33.917,-20.899999618530273,0.2801708,1769642076291
381,99876864,1769642082694,18:14:42.694,42.3469097,-71.0799549,33.917,-20.899999618530273,0.2801708,1769642076291
382,100139008,1769642083059,18:14:43.059,42.3469097,-71.0799549,33.917,-20.899999618530273,0.2801708,1769642076291
383,100401152,1769642083407,18:14:43.407,42.3469097,-71.0799549,33.917,-20.899999618530273,0.2801708,1769642076291
384,100663296,1769642083760,18:14:43.760,42.3469442,-71.0799474,14.046,-20.899999618530273,0.15118682,1769642083212
385,100925440,1769642084170,18:14:44.170,42.3469442,-71.0799474,14.046,-20.899999618530273,0.15118682,1769642083212
386,101187584,1769642084638,18:14:44.638,42.3469442,-71.0799474,14.046,-20.899999618530273,0.15118682,1769642083212
387,101449728,1769642085008,18:14:45.008,42.3469442,-71.0799474,14.046,-20.899999618530273,0.15118682,1769642083212
388,101711872,1769642085386,18:14:45.386,42.3469442,-71.0799474,14.046,-20.899999618530273,0.15118682,1769642083212
389,101974016,1769642085742,18:14:45.742,42.3469442,-71.0799474,14.046,-20.899999618530273,0.15118682,1769642083212
390,102236160,1769642086095,18:14:46.095,42.3469442,-71.0799474,14.046,-20.899999618530273,0.15118682,1769642083212
391,102498304,1769642086449,18:14:46.449,42.3469442,-71.0799474,14.046,-20.899999618530273,0.15118682,1769642083212
392,102760448,1769642086807,18:14:46.807,42.3469442,-71.0799474,14.046,-20.899999618530273,0.15118682,1769642083212
393,103022592,1769642087211,18:14:47.211,42.3469442,-71.0799474,14.046,-20.899999618530273,0.15118682,1769642083212
394,103284736,1769642087562,18:14:47.562,42.3469442,-71.0799474,14.046,-20.899999618530273,0.15118682,1769642083212
395,103546880,1769642087926,18:14:47.926,42.3469442,-71.0799474,14.046,-20.899999618530273,0.15118682,1769642083212
396,103809024,1769642088274,18:14:48.274,42.3469442,-71.0799474,14.046,-20.899999618530273,0.15118682,1769642083212
397,104071168,1769642088632,18:14:48.632,42.3469442,-71.0799474,14.046,-20.899999618530273,0.15118682,1769642083212
398,104333312,1769642089097,18:14:49.097,42.3469442,-71.0799474,14.046,-20.899999618530273,0.15118682,1769642083212
399,104595456,1769642089452,18:14:49.452,42.3469442,-71.0799474,14.046,-20.899999618530273,0.15118682,1769642083212
400,104857600,1769642089807,18:14:49.807,42.3469442,-71.0799474,14.046,-20.899999618530273,0.15118682,1769642083212
401,105119744,1769642090159,18:14:50.159,42.3469442,-71.0799474,14.046,-20.899999618530273,0.15118682,1769642083212
402,105381888,1769642090515,18:14:50.515,42.3469474,-71.0799549,20.073,-20.899999618530273,0.11242975,1769642090120
403,105644032,1769642090885,18:14:50.885,42.3469474,-71.0799549,20.073,-20.899999618530273,0.11242975,1769642090120
404,105906176,1769642091349,18:14:51.349,42.3469474,-71.0799549,20.073,-20.899999618530273,0.11242975,1769642090120
405,106168320,1769642091688,18:14:51.688,42.3469474,-71.0799549,20.073,-20.899999618530273,0.11242975,1769642090120
406,106430464,1769642092040,18:14:52.040,42.3469474,-71.0799549,20.073,-20.899999618530273,0.11242975,1769642090120
407,106692608,1769642092394,18:14:52.394,42.3469474,-71.0799549,20.073,-20.899999618530273,0.11242975,1769642090120
408,106954752,1769642092750,18:14:52.750,42.3469474,-71.0799549,20.073,-20.899999618530273,0.11242975,1769642090120
409,107216896,1769642093180,18:14:53.180,42.3469474,-71.0799549,20.073,-20.899999618530273,0.11242975,1769642090120
410,107479040,1769642093533,18:14:53.533,42.3469474,-71.0799549,20.073,-20.899999618530273,0.11242975,1769642090120
411,107741184,1769642093887,18:14:53.887,42.3469474,-71.0799549,20.073,-20.899999618530273,0.11242975,1769642090120
412,108003328,1769642094239,18:14:54.239,42.3469474,-71.0799549,20.073,-20.899999618530273,0.11242975,1769642090120
413,108265472,1769642094592,18:14:54.592,42.3469474,-71.0799549,20.073,-20.899999618530273,0.11242975,1769642090120
414,108527616,1769642094962,18:14:54.962,42.3469474,-71.0799549,20.073,-20.899999618530273,0.11242975,1769642090120
415,108789760,1769642095439,18:14:55.439,42.3469474,-71.0799549,20.073,-20.899999618530273,0.11242975,1769642090120
416,109051904,1769642095875,18:14:55.875,42.3469474,-71.0799549,20.073,-20.899999618530273,0.11242975,1769642090120
417,109314048,1769642096222,18:14:56.222,42.3469474,-71.0799549,20.073,-20.899999618530273,0.11242975,1769642090120
418,109576192,1769642096584,18:14:56.584,42.3469474,-71.0799549,20.073,-20.899999618530273,0.11242975,1769642090120
419,109838336,1769642097015,18:14:57.015,42.3469474,-71.0799549,20.073,-20.899999618530273,0.11242975,1769642090120
420,110100480,1769642097367,18:14:57.367,42.3469637,-71.0799591,17.79,-20.899999618530273,0.19588664,1769642096975
421,110362624,1769642097726,18:14:57.726,42.3469637,-71.0799591,17.79,-20.899999618530273,0.19588664,1769642096975
422,110624768,1769642098151,18:14:58.151,42.3469637,-71.0799591,17.79,-20.899999618530273,0.19588664,1769642096975
423,110886912,1769642098502,18:14:58.502,42.3469637,-71.0799591,17.79,-20.899999618530273,0.19588664,1769642096975
424,111149056,1769642098855,18:14:58.855,42.3469637,-71.0799591,17.79,-20.899999618530273,0.19588664,1769642096975
425,111411200,1769642099251,18:14:59.251,42.3469637,-71.0799591,17.79,-20.899999618530273,0.19588664,1769642096975
426,111673344,1769642099830,18:14:59.830,42.3469637,-71.0799591,17.79,-20.899999618530273,0.19588664,1769642096975
427,111935488,1769642100205,18:15:00.205,42.3469637,-71.0799591,17.79,-20.899999618530273,0.19588664,1769642096975
428,112197632,1769642100556,18:15:00.556,42.3469637,-71.0799591,17.79,-20.899999618530273,0.19588664,1769642096975
429,112459776,1769642100910,18:15:00.910,42.3469637,-71.0799591,17.79,-20.899999618530273,0.19588664,1769642096975
430,112721920,1769642101745,18:15:01.745,42.3469637,-71.0799591,17.79,-20.899999618530273,0.19588664,1769642096975
431,112984064,1769642102634,18:15:02.634,42.3469637,-71.0799591,17.79,-20.899999618530273,0.19588664,1769642096975
432,113246208,1769642103495,18:15:03.495,42.3469637,-71.0799591,17.79,-20.899999618530273,0.19588664,1769642096975
433,113508352,1769642104612,18:15:04.612,42.3469347,-71.0799418,19.333,-20.899999618530273,0.20817861,1769642103876
434,113770496,1769642105343,18:15:05.343,42.3469347,-71.0799418,19.333,-20.899999618530273,0.20817861,1769642103876
435,114032640,1769642106703,18:15:06.703,42.3469347,-71.0799418,19.333,-20.899999618530273,0.20817861,1769642103876
436,114294784,1769642107307,18:15:07.307,42.3469347,-71.0799418,19.333,-20.899999618530273,0.20817861,1769642103876
437,114556928,1769642107741,18:15:07.741,42.3469347,-71.0799418,19.333,-20.899999618530273,0.20817861,1769642103876
438,114819072,1769642108328,18:15:08.328,42.3469347,-71.0799418,19.333,-20.899999618530273,0.20817861,1769642103876
439,115081216,1769642108848,18:15:08.848,42.3469347,-71.0799418,19.333,-20.899999618530273,0.20817861,1769642103876
440,115343360,1769642109405,18:15:09.405,42.3469347,-71.0799418,19.333,-20.899999618530273,0.20817861,1769642103876
441,115605504,1769642109889,18:15:09.889,42.3469347,-71.0799418,19.333,-20.899999618530273,0.20817861,1769642103876
442,115867648,1769642110251,18:15:10.251,42.3469347,-71.0799418,19.333,-20.899999618530273,0.20817861,1769642103876
443,116129792,1769642110603,18:15:10.603,42.3469347,-71.0799418,19.333,-20.899999618530273,0.20817861,1769642103876
444,116391936,1769642110956,18:15:10.956,42.3469346,-71.0799,25.598,-20.899999618530273,0.3303527,1769642110767
445,116654080,1769642111307,18:15:11.307,42.3469346,-71.0799,25.598,-20.899999618530273,0.3303527,1769642110767
446,116916224,1769642111661,18:15:11.661,42.3469346,-71.0799,25.598,-20.899999618530273,0.3303527,1769642110767
447,117178368,1769642112026,18:15:12.026,42.3469346,-71.0799,25.598,-20.899999618530273,0.3303527,1769642110767
448,117440512,1769642112377,18:15:12.377,42.3469346,-71.0799,25.598,-20.899999618530273,0.3303527,1769642110767
449,117702656,1769642112736,18:15:12.736,42.3469346,-71.0799,25.598,-20.899999618530273,0.3303527,1769642110767
450,117964800,1769642113115,18:15:13.115,42.3469346,-71.0799,25.598,-20.899999618530273,0.3303527,1769642110767
451,118226944,1769642113578,18:15:13.578,42.3469346,-71.0799,25.598,-20.899999618530273,0.3303527,1769642110767
452,118489088,1769642114005,18:15:14.005,42.3469346,-71.0799,25.598,-20.899999618530273,0.3303527,1769642110767
453,118751232,1769642114318,18:15:14.318,42.3469346,-71.0799,25.598,-20.899999618530273,0.3303527,1769642110767
454,119013376,1769642114681,18:15:14.681,42.3469346,-71.0799,25.598,-20.899999618530273,0.3303527,1769642110767
455,119275520,1769642115034,18:15:15.034,42.3469346,-71.0799,25.598,-20.899999618530273,0.3303527,1769642110767
456,119537664,1769642115395,18:15:15.395,42.3469346,-71.0799,25.598,-20.899999618530273,0.3303527,1769642110767
457,119799808,1769642115747,18:15:15.747,42.3469346,-71.0799,25.598,-20.899999618530273,0.3303527,1769642110767
458,120061952,1769642116152,18:15:16.152,42.3469346,-71.0799,25.598,-20.899999618530273,0.3303527,1769642110767
459,120324096,1769642116498,18:15:16.498,42.3469346,-71.0799,25.598,-20.899999618530273,0.3303527,1769642110767
460,120586240,1769642116880,18:15:16.880,42.3469346,-71.0799,25.598,-20.899999618530273,0.3303527,1769642110767
461,120848384,1769642117417,18:15:17.417,42.3469346,-71.0799,25.598,-20.899999618530273,0.3303527,1769642110767
462,121110528,1769642117785,18:15:17.785,42.3469653,-71.0799414,11.169,-20.899999618530273,0.24372609,1769642117644
463,121372672,1769642118130,18:15:18.130,42.3469653,-71.0799414,11.169,-20.899999618530273,0.24372609,1769642117644
464,121634816,1769642118465,18:15:18.465,42.3469653,-71.0799414,11.169,-20.899999618530273,0.24372609,1769642117644
465,121896960,1769642118981,18:15:18.981,42.3469653,-71.0799414,11.169,-20.899999618530273,0.24372609,1769642117644
466,122159104,1769642119453,18:15:19.453,42.3469653,-71.0799414,11.169,-20.899999618530273,0.24372609,1769642117644
467,122421248,1769642119806,18:15:19.806,42.3469653,-71.0799414,11.169,-20.899999618530273,0.24372609,1769642117644
468,122683392,1769642120158,18:15:20.158,42.3469653,-71.0799414,11.169,-20.899999618530273,0.24372609,1769642117644
469,122945536,1769642120637,18:15:20.637,42.3469653,-71.0799414,11.169,-20.899999618530273,0.24372609,1769642117644
470,123207680,1769642121065,18:15:21.065,42.3469653,-71.0799414,11.169,-20.899999618530273,0.24372609,1769642117644
471,123469824,1769642121431,18:15:21.431,42.3469653,-71.0799414,11.169,-20.899999618530273,0.24372609,1769642117644
472,123731968,1769642121770,18:15:21.770,42.3469653,-71.0799414,11.169,-20.899999618530273,0.24372609,1769642117644
473,123994112,1769642122122,18:15:22.122,42.3469653,-71.0799414,11.169,-20.899999618530273,0.24372609,1769642117644
474,124256256,1769642122469,18:15:22.469,42.3469653,-71.0799414,11.169,-20.899999618530273,0.24372609,1769642117644
475,124518400,1769642122889,18:15:22.889,42.3469653,-71.0799414,11.169,-20.899999618530273,0.24372609,1769642117644
476,124780544,1769642123284,18:15:23.284,42.3469653,-71.0799414,11.169,-20.899999618530273,0.24372609,1769642117644
477,125042688,1769642123646,18:15:23.646,42.3469653,-71.0799414,11.169,-20.899999618530273,0.24372609,1769642117644
478,125304832,1769642123998,18:15:23.998,42.3469653,-71.0799414,11.169,-20.899999618530273,0.24372609,1769642117644
479,125566976,1769642124357,18:15:24.357,42.3469653,-71.0799414,11.169,-20.899999618530273,0.24372609,1769642117644
480,125829120,1769642124880,18:15:24.880,42.3469736,-71.079927,14.84,-21.0,0.17973447,1769642124509
481,126091264,1769642125307,18:15:25.307,42.3469736,-71.079927,14.84,-21.0,0.17973447,1769642124509
482,126353408,1769642125676,18:15:25.676,42.3469736,-71.079927,14.84,-21.0,0.17973447,1769642124509
483,126615552,1769642126011,18:15:26.011,42.3469736,-71.079927,14.84,-21.0,0.17973447,1769642124509
484,126877696,1769642126367,18:15:26.367,42.3469736,-71.079927,14.84,-21.0,0.17973447,1769642124509
485,127139840,1769642126833,18:15:26.833,42.3469736,-71.079927,14.84,-21.0,0.17973447,1769642124509
486,127401984,1769642127270,18:15:27.270,42.3469736,-71.079927,14.84,-21.0,0.17973447,1769642124509
487,127664128,1769642127626,18:15:27.626,42.3469736,-71.079927,14.84,-21.0,0.17973447,1769642124509
488,127926272,1769642128005,18:15:28.005,42.3469736,-71.079927,14.84,-21.0,0.17973447,1769642124509
489,128188416,1769642128895,18:15:28.895,42.3469736,-71.079927,14.84,-21.0,0.17973447,1769642124509
490,128450560,1769642129268,18:15:29.268,42.3469736,-71.079927,14.84,-21.0,0.17973447,1769642124509
491,128712704,1769642129813,18:15:29.813,42.3469736,-71.079927,14.84,-21.0,0.17973447,1769642124509
492,128974848,1769642130581,18:15:30.581,42.3469736,-71.079927,14.84,-21.0,0.17973447,1769642124509
493,129236992,1769642131089,18:15:31.089,42.3469736,-71.079927,14.84,-21.0,0.17973447,1769642124509
494,129499136,1769642131447,18:15:31.447,42.3469736,-71.079927,14.84,-21.0,0.17973447,1769642124509
495,129761280,1769642132332,18:15:32.332,42.3469694,-71.0799149,18.168,-21.0,0.116977654,1769642131431
496,130023424,1769642132970,18:15:32.970,42.3469694,-71.0799149,18.168,-21.0,0.116977654,1769642131431
497,130285568,1769642133295,18:15:33.295,42.3469694,-71.0799149,18.168,-21.0,0.116977654,1769642131431
498,130547712,1769642133782,18:15:33.782,42.3469694,-71.0799149,18.168,-21.0,0.116977654,1769642131431
499,130809856,1769642134141,18:15:34.141,42.3469694,-71.0799149,18.168,-21.0,0.116977654,1769642131431
500,131072000,1769642134720,18:15:34.720,42.3469694,-71.0799149,18.168,-21.0,0.116977654,1769642131431
501,131334144,1769642135152,18:15:35.152,42.3469694,-71.0799149,18.168,-21.0,0.116977654,1769642131431
502,131596288,1769642135590,18:15:35.590,42.3469694,-71.0799149,18.168,-21.0,0.116977654,1769642131431
503,131858432,1769642136191,18:15:36.191,42.3469694,-71.0799149,18.168,-21.0,0.116977654,1769642131431
504,132120576,1769642136790,18:15:36.790,42.3469694,-71.0799149,18.168,-21.0,0.116977654,1769642131431
505,132382720,1769642137142,18:15:37.142,42.3469694,-71.0799149,18.168,-21.0,0.116977654,1769642131431
506,132644864,1769642137495,18:15:37.495,42.3469694,-71.0799149,18.168,-21.0,0.116977654,1769642131431
507,132907008,1769642137897,18:15:37.897,42.3469694,-71.0799149,18.168,-21.0,0.116977654,1769642131431
508,133169152,1769642138501,18:15:38.501,42.3469694,-71.0799149,18.168,-21.0,0.116977654,1769642131431
509,133431296,1769642138923,18:15:38.923,42.3469798,-71.079938,11.596,-20.899999618530273,0.15122712,1769642138368
510,133693440,1769642139281,18:15:39.281,42.3469798,-71.079938,11.596,-20.899999618530273,0.15122712,1769642138368
511,133955584,1769642139777,18:15:39.777,42.3469798,-71.079938,11.596,-20.899999618530273,0.15122712,1769642138368
512,134217728,1769642140392,18:15:40.392,42.3469798,-71.079938,11.596,-20.899999618530273,0.15122712,1769642138368
513,134479872,1769642140994,18:15:40.994,42.3469798,-71.079938,11.596,-20.899999618530273,0.15122712,1769642138368
514,134742016,1769642141411,18:15:41.411,42.3469798,-71.079938,11.596,-20.899999618530273,0.15122712,1769642138368
515,135004160,1769642142081,18:15:42.081,42.3469798,-71.079938,11.596,-20.899999618530273,0.15122712,1769642138368
516,135266304,1769642142834,18:15:42.834,42.3469798,-71.079938,11.596,-20.899999618530273,0.15122712,1769642138368
517,135528448,1769642143183,18:15:43.183,42.3469798,-71.079938,11.596,-20.899999618530273,0.15122712,1769642138368
518,135790592,1769642143597,18:15:43.597,42.3469798,-71.079938,11.596,-20.899999618530273,0.15122712,1769642138368
519,136052736,1769642144161,18:15:44.161,42.3469798,-71.079938,11.596,-20.899999618530273,0.15122712,1769642138368
520,136314880,1769642144518,18:15:44.518,42.3469798,-71.079938,11.596,-20.899999618530273,0.15122712,1769642138368
521,136577024,1769642144872,18:15:44.872,42.3469798,-71.079938,11.596,-20.899999618530273,0.15122712,1769642138368
522,136839168,1769642145226,18:15:45.226,42.3469798,-71.079938,11.596,-20.899999618530273,0.15122712,1769642138368
523,137101312,1769642145577,18:15:45.577,42.3469684,-71.0799281,11.059,-21.0,0.08234406,1769642145177
524,137363456,1769642145923,18:15:45.923,42.3469684,-71.0799281,11.059,-21.0,0.08234406,1769642145177
525,137625600,1769642146278,18:15:46.278,42.3469684,-71.0799281,11.059,-21.0,0.08234406,1769642145177
526,137887744,1769642146631,18:15:46.631,42.3469684,-71.0799281,11.059,-21.0,0.08234406,1769642145177
527,138149888,1769642146990,18:15:46.990,42.3469684,-71.0799281,11.059,-21.0,0.08234406,1769642145177
528,138412032,1769642147340,18:15:47.340,42.3469684,-71.0799281,11.059,-21.0,0.08234406,1769642145177
529,138674176,1769642147692,18:15:47.692,42.3469684,-71.0799281,11.059,-21.0,0.08234406,1769642145177
530,138936320,1769642148041,18:15:48.041,42.3469684,-71.0799281,11.059,-21.0,0.08234406,1769642145177
531,139198464,1769642148370,18:15:48.370,42.3469684,-71.0799281,11.059,-21.0,0.08234406,1769642145177
532,139460608,1769642148724,18:15:48.724,42.3469684,-71.0799281,11.059,-21.0,0.08234406,1769642145177
533,139722752,1769642149099,18:15:49.099,42.3469684,-71.0799281,11.059,-21.0,0.08234406,1769642145177
534,139984896,1769642149589,18:15:49.589,42.3469684,-71.0799281,11.059,-21.0,0.08234406,1769642145177
535,140247040,1769642150083,18:15:50.083,42.3469684,-71.0799281,11.059,-21.0,0.08234406,1769642145177
536,140509184,1769642150610,18:15:50.610,42.3469684,-71.0799281,11.059,-21.0,0.08234406,1769642145177
537,140771328,1769642151050,18:15:51.050,42.3469684,-71.0799281,11.059,-21.0,0.08234406,1769642145177
538,141033472,1769642151484,18:15:51.484,42.3469684,-71.0799281,11.059,-21.0,0.08234406,1769642145177
539,141295616,1769642152010,18:15:52.010,42.3469684,-71.0799281,11.059,-21.0,0.08234406,1769642145177
540,141557760,1769642152427,18:15:52.427,42.3469515,-71.0799747,12.488,-20.899999618530273,0.39291894,1769642151991
541,141819904,1769642152987,18:15:52.987,42.3469515,-71.0799747,12.488,-20.899999618530273,0.39291894,1769642151991
542,142082048,1769642153406,18:15:53.406,42.3469515,-71.0799747,12.488,-20.899999618530273,0.39291894,1769642151991
543,142344192,1769642153894,18:15:53.894,42.3469515,-71.0799747,12.488,-20.899999618530273,0.39291894,1769642151991
544,142606336,1769642154243,18:15:54.243,42.3469515,-71.0799747,12.488,-20.899999618530273,0.39291894,1769642151991
545,142868480,1769642154599,18:15:54.599,42.3469515,-71.0799747,12.488,-20.899999618530273,0.39291894,1769642151991
546,143130624,1769642154950,18:15:54.950,42.3469515,-71.0799747,12.488,-20.899999618530273,0.39291894,1769642151991
547,143392768,1769642155306,18:15:55.306,42.3469515,-71.0799747,12.488,-20.899999618530273,0.39291894,1769642151991
548,143654912,1769642155734,18:15:55.734,42.3469515,-71.0799747,12.488,-20.899999618530273,0.39291894,1769642151991
549,143917056,1769642156087,18:15:56.087,42.3469515,-71.0799747,12.488,-20.899999618530273,0.39291894,1769642151991
550,144179200,1769642156445,18:15:56.445,42.3469515,-71.0799747,12.488,-20.899999618530273,0.39291894,1769642151991
551,144441344,1769642156868,18:15:56.868,42.3469515,-71.0799747,12.488,-20.899999618530273,0.39291894,1769642151991
552,144703488,1769642157232,18:15:57.232,42.3469515,-71.0799747,12.488,-20.899999618530273,0.39291894,1769642151991
553,144965632,1769642157579,18:15:57.579,42.3469515,-71.0799747,12.488,-20.899999618530273,0.39291894,1769642151991
554,145227776,1769642158013,18:15:58.013,42.3469515,-71.0799747,12.488,-20.899999618530273,0.39291894,1769642151991
555,145489920,1769642158452,18:15:58.452,42.3469515,-71.0799747,12.488,-20.899999618530273,0.39291894,1769642151991
556,145752064,1769642158821,18:15:58.821,42.3469515,-71.0799747,12.488,-20.899999618530273,0.39291894,1769642151991
557,146014208,1769642159174,18:15:59.174,42.3469549,-71.0798984,12.851,-20.899999618530273,0.43094477,1769642158796
558,146276352,1769642159562,18:15:59.562,42.3469549,-71.0798984,12.851,-20.899999618530273,0.43094477,1769642158796
559,146538496,1769642159998,18:15:59.998,42.3469549,-71.0798984,12.851,-20.899999618530273,0.43094477,1769642158796
560,146800640,1769642160431,18:16:00.431,42.3469549,-71.0798984,12.851,-20.899999618530273,0.43094477,1769642158796
561,147062784,1769642160781,18:16:00.781,42.3469549,-71.0798984,12.851,-20.899999618530273,0.43094477,1769642158796
562,147324928,1769642161132,18:16:01.132,42.3469549,-71.0798984,12.851,-20.899999618530273,0.43094477,1769642158796
563,147587072,1769642161481,18:16:01.481,42.3469549,-71.0798984,12.851,-20.899999618530273,0.43094477,1769642158796
564,147849216,1769642161837,18:16:01.837,42.3469549,-71.0798984,12.851,-20.899999618530273,0.43094477,1769642158796
565,148111360,1769642162187,18:16:02.187,42.3469549,-71.0798984,12.851,-20.899999618530273,0.43094477,1769642158796
566,148373504,1769642162537,18:16:02.537,42.3469549,-71.0798984,12.851,-20.899999618530273,0.43094477,1769642158796
567,148635648,1769642163509,18:16:03.509,42.3469549,-71.0798984,12.851,-20.899999618530273,0.43094477,1769642158796
568,148897792,1769642163918,18:16:03.918,42.3469549,-71.0798984,12.851,-20.899999618530273,0.43094477,1769642158796
569,149159936,1769642164269,18:16:04.269,42.3469549,-71.0798984,12.851,-20.899999618530273,0.43094477,1769642158796
570,149422080,1769642165024,18:16:05.024,42.3469549,-71.0798984,12.851,-20.899999618530273,0.43094477,1769642158796
571,149684224,1769642165836,18:16:05.836,42.3469604,-71.0799596,22.269,-20.899999618530273,0.27948827,1769642165659
572,149946368,1769642166240,18:16:06.240,42.3469604,-71.0799596,22.269,-20.899999618530273,0.27948827,1769642165659
573,150208512,1769642166830,18:16:06.830,42.3469604,-71.0799596,22.269,-20.899999618530273,0.27948827,1769642165659
574,150470656,1769642167595,18:16:07.595,42.3469604,-71.0799596,22.269,-20.899999618530273,0.27948827,1769642165659
575,150732800,1769642168321,18:16:08.321,42.3469604,-71.0799596,22.269,-20.899999618530273,0.27948827,1769642165659
576,150994944,1769642168986,18:16:08.986,42.3469604,-71.0799596,22.269,-20.899999618530273,0.27948827,1769642165659
577,151257088,1769642169372,18:16:09.372,42.3469604,-71.0799596,22.269,-20.899999618530273,0.27948827,1769642165659
578,151519232,1769642169732,18:16:09.732,42.3469604,-71.0799596,22.269,-20.899999618530273,0.27948827,1769642165659
579,151781376,1769642170340,18:16:10.340,42.3469604,-71.0799596,22.269,-20.899999618530273,0.27948827,1769642165659
580,152043520,1769642171199,18:16:11.199,42.3469604,-71.0799596,22.269,-20.899999618530273,0.27948827,1769642165659
581,152305664,1769642171607,18:16:11.607,42.3469604,-71.0799596,22.269,-20.899999618530273,0.27948827,1769642165659
582,152567808,1769642172495,18:16:12.495,42.3469604,-71.0799596,22.269,-20.899999618530273,0.27948827,1769642165659
583,152829952,1769642173022,18:16:13.022,42.3469787,-71.0799385,13.989,-20.899999618530273,0.17828763,1769642172490
584,153092096,1769642173375,18:16:13.375,42.3469787,-71.0799385,13.989,-20.899999618530273,0.17828763,1769642172490
585,153354240,1769642173667,18:16:13.667,42.3469787,-71.0799385,13.989,-20.899999618530273,0.17828763,1769642172490
586,153616384,1769642173992,18:16:13.992,42.3469787,-71.0799385,13.989,-20.899999618530273,0.17828763,1769642172490
587,153878528,1769642174346,18:16:14.346,42.3469787,-71.0799385,13.989,-20.899999618530273,0.17828763,1769642172490
588,154140672,1769642174704,18:16:14.704,42.3469787,-71.0799385,13.989,-20.899999618530273,0.17828763,1769642172490
589,154402816,1769642175059,18:16:15.059,42.3469787,-71.0799385,13.989,-20.899999618530273,0.17828763,1769642172490
590,154664960,1769642175417,18:16:15.417,42.3469787,-71.0799385,13.989,-20.899999618530273,0.17828763,1769642172490
591,154927104,1769642175769,18:16:15.769,42.3469787,-71.0799385,13.989,-20.899999618530273,0.17828763,1769642172490
592,155189248,1769642176121,18:16:16.121,42.3469787,-71.0799385,13.989,-20.899999618530273,0.17828763,1769642172490
593,155451392,1769642176483,18:16:16.483,42.3469787,-71.0799385,13.989,-20.899999618530273,0.17828763,1769642172490
594,155713536,1769642176930,18:16:16.930,42.3469787,-71.0799385,13.989,-20.899999618530273,0.17828763,1769642172490
595,155975680,1769642177298,18:16:17.298,42.3469787,-71.0799385,13.989,-20.899999618530273,0.17828763,1769642172490
596,156237824,1769642177649,18:16:17.649,42.3469787,-71.0799385,13.989,-20.899999618530273,0.17828763,1769642172490
597,156499968,1769642178094,18:16:18.094,42.3469787,-71.0799385,13.989,-20.899999618530273,0.17828763,1769642172490
598,156762112,1769642178448,18:16:18.448,42.3469787,-71.0799385,13.989,-20.899999618530273,0.17828763,1769642172490
599,157024256,1769642178858,18:16:18.858,42.3469787,-71.0799385,13.989,-20.899999618530273,0.17828763,1769642172490
600,157286400,1769642179214,18:16:19.214,42.3469787,-71.0799385,13.989,-20.899999618530273,0.17828763,1769642172490
601,157548544,1769642179572,18:16:19.572,42.3469704,-71.0799603,21.097,-20.899999618530273,0.15293582,1769642179330
602,157810688,1769642179928,18:16:19.928,42.3469704,-71.0799603,21.097,-20.899999618530273,0.15293582,1769642179330
603,158072832,1769642180279,18:16:20.279,42.3469704,-71.0799603,21.097,-20.899999618530273,0.15293582,1769642179330
604,158334976,1769642180630,18:16:20.630,42.3469704,-71.0799603,21.097,-20.899999618530273,0.15293582,1769642179330
605,158597120,1769642180996,18:16:20.996,42.3469704,-71.0799603,21.097,-20.899999618530273,0.15293582,1769642179330
606,158859264,1769642181417,18:16:21.417,42.3469704,-71.0799603,21.097,-20.899999618530273,0.15293582,1769642179330
607,159121408,1769642181787,18:16:21.787,42.3469704,-71.0799603,21.097,-20.899999618530273,0.15293582,1769642179330
608,159383552,1769642182139,18:16:22.139,42.3469704,-71.0799603,21.097,-20.899999618530273,0.15293582,1769642179330
609,159645696,1769642182489,18:16:22.489,42.3469704,-71.0799603,21.097,-20.899999618530273,0.15293582,1769642179330
610,159907840,1769642182862,18:16:22.862,42.3469704,-71.0799603,21.097,-20.899999618530273,0.15293582,1769642179330
611,160169984,1769642183215,18:16:23.215,42.3469704,-71.0799603,21.097,-20.899999618530273,0.15293582,1769642179330
612,160432128,1769642183577,18:16:23.577,42.3469704,-71.0799603,21.097,-20.899999618530273,0.15293582,1769642179330
613,160694272,1769642183929,18:16:23.929,42.3469704,-71.0799603,21.097,-20.899999618530273,0.15293582,1769642179330
614,160956416,1769642184305,18:16:24.305,42.3469704,-71.0799603,21.097,-20.899999618530273,0.15293582,1769642179330
615,161218560,1769642184698,18:16:24.698,42.3469704,-71.0799603,21.097,-20.899999618530273,0.15293582,1769642179330
616,161480704,1769642185132,18:16:25.132,42.3469704,-71.0799603,21.097,-20.899999618530273,0.15293582,1769642179330
617,161742848,1769642185506,18:16:25.506,42.3469704,-71.0799603,21.097,-20.899999618530273,0.15293582,1769642179330
618,162004992,1769642185853,18:16:25.853,42.3469704,-71.0799603,21.097,-20.899999618530273,0.15293582,1769642179330
619,162267136,1769642186230,18:16:26.230,42.3469669,-71.0799783,31.649,-20.899999618530273,0.19149256,1769642186130
620,162529280,1769642186724,18:16:26.724,42.3469669,-71.0799783,31.649,-20.899999618530273,0.19149256,1769642186130
621,162791424,1769642187140,18:16:27.140,42.3469669,-71.0799783,31.649,-20.899999618530273,0.19149256,1769642186130
622,163053568,1769642187640,18:16:27.640,42.3469669,-71.0799783,31.649,-20.899999618530273,0.19149256,1769642186130
623,163315712,1769642188346,18:16:28.346,42.3469669,-71.0799783,31.649,-20.899999618530273,0.19149256,1769642186130
624,163577856,1769642188796,18:16:28.796,42.3469669,-71.0799783,31.649,-20.899999618530273,0.19149256,1769642186130
625,163840000,1769642189320,18:16:29.320,42.3469669,-71.0799783,31.649,-20.899999618530273,0.19149256,1769642186130
626,164102144,1769642190179,18:16:30.179,42.3469669,-71.0799783,31.649,-20.899999618530273,0.19149256,1769642186130
627,164364288,1769642190890,18:16:30.890,42.3469669,-71.0799783,31.649,-20.899999618530273,0.19149256,1769642186130
628,164626432,1769642191267,18:16:31.267,42.3469669,-71.0799783,31.649,-20.899999618530273,0.19149256,1769642186130
629,164888576,1769642191895,18:16:31.895,42.3469669,-71.0799783,31.649,-20.899999618530273,0.19149256,1769642186130
630,165150720,1769642192514,18:16:32.514,42.3469669,-71.0799783,31.649,-20.899999618530273,0.19149256,1769642186130
631,165412864,1769642193029,18:16:33.029,42.3469788,-71.0799706,27.725,-20.899999618530273,0.09235841,1769642192923
632,165675008,1769642193401,18:16:33.401,42.3469788,-71.0799706,27.725,-20.899999618530273,0.09235841,1769642192923
633,165937152,1769642193890,18:16:33.890,42.3469788,-71.0799706,27.725,-20.899999618530273,0.09235841,1769642192923
634,166199296,1769642194237,18:16:34.237,42.3469788,-71.0799706,27.725,-20.899999618530273,0.09235841,1769642192923
635,166461440,1769642194595,18:16:34.595,42.3469788,-71.0799706,27.725,-20.899999618530273,0.09235841,1769642192923
636,166723584,1769642194950,18:16:34.950,42.3469788,-71.0799706,27.725,-20.899999618530273,0.09235841,1769642192923
637,166985728,1769642195303,18:16:35.303,42.3469788,-71.0799706,27.725,-20.899999618530273,0.09235841,1769642192923
638,167247872,1769642195661,18:16:35.661,42.3469788,-71.0799706,27.725,-20.899999618530273,0.09235841,1769642192923
639,167510016,1769642196023,18:16:36.023,42.3469788,-71.0799706,27.725,-20.899999618530273,0.09235841,1769642192923
640,167772160,1769642196382,18:16:36.382,42.3469788,-71.0799706,27.725,-20.899999618530273,0.09235841,1769642192923
641,168034304,1769642196742,18:16:36.742,42.3469788,-71.0799706,27.725,-20.899999618530273,0.09235841,1769642192923
642,168296448,1769642197107,18:16:37.107,42.3469788,-71.0799706,27.725,-20.899999618530273,0.09235841,1769642192923
643,168558592,1769642197759,18:16:37.759,42.3469788,-71.0799706,27.725,-20.899999618530273,0.09235841,1769642192923
644,168820736,1769642198218,18:16:38.218,42.3469788,-71.0799706,27.725,-20.899999618530273,0.09235841,1769642192923
645,169082880,1769642198570,18:16:38.570,42.3469788,-71.0799706,27.725,-20.899999618530273,0.09235841,1769642192923
646,169345024,1769642198953,18:16:38.953,42.3469788,-71.0799706,27.725,-20.899999618530273,0.09235841,1769642192923
647,169607168,1769642199552,18:16:39.552,42.3469788,-71.0799706,27.725,-20.899999618530273,0.09235841,1769642192923
648,169869312,1769642199967,18:16:39.967,42.3469788,-71.0799706,27.725,-20.899999618530273,0.09235841,1769642192923
649,170131456,1769642200340,18:16:40.340,42.346965,-71.0799249,14.231,-20.899999618530273,0.25848827,1769642199845
650,170393600,1769642200746,18:16:40.746,42.346965,-71.0799249,14.231,-20.899999618530273,0.25848827,1769642199845
651,170655744,1769642201098,18:16:41.098,42.346965,-71.0799249,14.231,-20.899999618530273,0.25848827,1769642199845
652,170917888,1769642201450,18:16:41.450,42.346965,-71.0799249,14.231,-20.899999618530273,0.25848827,1769642199845
653,171180032,1769642201800,18:16:41.800,42.346965,-71.0799249,14.231,-20.899999618530273,0.25848827,1769642199845
654,171442176,1769642202155,18:16:42.155,42.346965,-71.0799249,14.231,-20.899999618530273,0.25848827,1769642199845
655,171704320,1769642202610,18:16:42.610,42.346965,-71.0799249,14.231,-20.899999618530273,0.25848827,1769642199845
656,171966464,1769642202970,18:16:42.970,42.346965,-71.0799249,14.231,-20.899999618530273,0.25848827,1769642199845
657,172228608,1769642203291,18:16:43.291,42.346965,-71.0799249,14.231,-20.899999618530273,0.25848827,1769642199845
658,172490752,1769642203758,18:16:43.758,42.346965,-71.0799249,14.231,-20.899999618530273,0.25848827,1769642199845
659,172752896,1769642204109,18:16:44.109,42.346965,-71.0799249,14.231,-20.899999618530273,0.25848827,1769642199845
660,173015040,1769642204468,18:16:44.468,42.346965,-71.0799249,14.231,-20.899999618530273,0.25848827,1769642199845
661,173277184,1769642204820,18:16:44.820,42.346965,-71.0799249,14.231,-20.899999618530273,0.25848827,1769642199845
662,173539328,1769642205169,18:16:45.169,42.346965,-71.0799249,14.231,-20.899999618530273,0.25848827,1769642199845
663,173801472,1769642205520,18:16:45.520,42.346965,-71.0799249,14.231,-20.899999618530273,0.25848827,1769642199845
664,174063616,1769642205878,18:16:45.878,42.346965,-71.0799249,14.231,-20.899999618530273,0.25848827,1769642199845
665,174325760,1769642206231,18:16:46.231,42.346965,-71.0799249,14.231,-20.899999618530273,0.25848827,1769642199845
666,174587904,1769642206650,18:16:46.650,42.346965,-71.0799249,14.231,-20.899999618530273,0.25848827,1769642199845
667,174850048,1769642207185,18:16:47.185,42.3469479,-71.0799654,15.465,-20.899999618530273,0.2765733,1769642206777
668,175112192,1769642207538,18:16:47.538,42.3469479,-71.0799654,15.465,-20.899999618530273,0.2765733,1769642206777
669,175374336,1769642207903,18:16:47.903,42.3469479,-71.0799654,15.465,-20.899999618530273,0.2765733,1769642206777
670,175636480,1769642208260,18:16:48.260,42.3469479,-71.0799654,15.465,-20.899999618530273,0.2765733,1769642206777
671,175898624,1769642208633,18:16:48.633,42.3469479,-71.0799654,15.465,-20.899999618530273,0.2765733,1769642206777
672,176160768,1769642209046,18:16:49.046,42.3469479,-71.0799654,15.465,-20.899999618530273,0.2765733,1769642206777
673,176422912,1769642209402,18:16:49.402,42.3469479,-71.0799654,15.465,-20.899999618530273,0.2765733,1769642206777
674,176685056,1769642209923,18:16:49.923,42.3469479,-71.0799654,15.465,-20.899999618530273,0.2765733,1769642206777
675,176947200,1769642210400,18:16:50.400,42.3469479,-71.0799654,15.465,-20.899999618530273,0.2765733,1769642206777
676,177209344,1769642211014,18:16:51.014,42.3469479,-71.0799654,15.465,-20.899999618530273,0.2765733,1769642206777
677,177471488,1769642211372,18:16:51.372,42.3469479,-71.0799654,15.465,-20.899999618530273,0.2765733,1769642206777
678,177733632,1769642211732,18:16:51.732,42.3469479,-71.0799654,15.465,-20.899999618530273,0.2765733,1769642206777
679,177995776,1769642212083,18:16:52.083,42.3469479,-71.0799654,15.465,-20.899999618530273,0.2765733,1769642206777
680,178257920,1769642212454,18:16:52.454,42.3469479,-71.0799654,15.465,-20.899999618530273,0.2765733,1769642206777
681,178520064,1769642212976,18:16:52.976,42.3469479,-71.0799654,15.465,-20.899999618530273,0.2765733,1769642206777
682,178782208,1769642213535,18:16:53.535,42.3469479,-71.0799654,15.465,-20.899999618530273,0.2765733,1769642206777
683,179044352,1769642214089,18:16:54.089,42.3469728,-71.0799568,23.145,-21.0,0.15953024,1769642213691
684,179306496,1769642214648,18:16:54.648,42.3469728,-71.0799568,23.145,-21.0,0.15953024,1769642213691
685,179568640,1769642215442,18:16:55.442,42.3469728,-71.0799568,23.145,-21.0,0.15953024,1769642213691
686,179830784,1769642216091,18:16:56.091,42.3469728,-71.0799568,23.145,-21.0,0.15953024,1769642213691
687,180092928,1769642216758,18:16:56.758,42.3469728,-71.0799568,23.145,-21.0,0.15953024,1769642213691
688,180355072,1769642217995,18:16:57.995,42.3469728,-71.0799568,23.145,-21.0,0.15953024,1769642213691
689,180617216,1769642218348,18:16:58.348,42.3469728,-71.0799568,23.145,-21.0,0.15953024,1769642213691
690,180879360,1769642219043,18:16:59.043,42.3469728,-71.0799568,23.145,-21.0,0.15953024,1769642213691
691,181141504,1769642219487,18:16:59.487,42.3469728,-71.0799568,23.145,-21.0,0.15953024,1769642213691
692,181403648,1769642219842,18:16:59.842,42.3469728,-71.0799568,23.145,-21.0,0.15953024,1769642213691
693,181665792,1769642220199,18:17:00.199,42.3469728,-71.0799568,23.145,-21.0,0.15953024,1769642213691
694,181927936,1769642220553,18:17:00.553,42.3469728,-71.0799568,23.145,-21.0,0.15953024,1769642213691
695,182190080,1769642220999,18:17:00.999,42.346961,-71.0799171,13.535,-20.899999618530273,0.24732535,1769642220596
696,182452224,1769642221470,18:17:01.470,42.346961,-71.0799171,13.535,-20.899999618530273,0.24732535,1769642220596
697,182714368,1769642221810,18:17:01.810,42.346961,-71.0799171,13.535,-20.899999618530273,0.24732535,1769642220596
698,182976512,1769642222320,18:17:02.320,42.346961,-71.0799171,13.535,-20.899999618530273,0.24732535,1769642220596
699,183238656,1769642222983,18:17:02.983,42.346961,-71.0799171,13.535,-20.899999618530273,0.24732535,1769642220596
700,183500800,1769642223373,18:17:03.373,42.346961,-71.0799171,13.535,-20.899999618530273,0.24732535,1769642220596
701,183762944,1769642223991,18:17:03.991,42.346961,-71.0799171,13.535,-20.899999618530273,0.24732535,1769642220596
702,184025088,1769642225000,18:17:05.000,42.346961,-71.0799171,13.535,-20.899999618530273,0.24732535,1769642220596
703,184287232,1769642225363,18:17:05.363,42.346961,-71.0799171,13.535,-20.899999618530273,0.24732535,1769642220596
704,184549376,1769642225718,18:17:05.718,42.346961,-71.0799171,13.535,-20.899999618530273,0.24732535,1769642220596
705,184811520,1769642226121,18:17:06.121,42.346961,-71.0799171,13.535,-20.899999618530273,0.24732535,1769642220596
706,185073664,1769642226491,18:17:06.491,42.346961,-71.0799171,13.535,-20.899999618530273,0.24732535,1769642220596
707,185335808,1769642226905,18:17:06.905,42.346961,-71.0799171,13.535,-20.899999618530273,0.24732535,1769642220596
708,185597952,1769642227259,18:17:07.259,42.346961,-71.0799171,13.535,-20.899999618530273,0.24732535,1769642220596
709,185860096,1769642227612,18:17:07.612,42.3470017,-71.0799306,11.493,-21.0,0.3881185,1769642227457
710,186122240,1769642228244,18:17:08.244,42.3470017,-71.0799306,11.493,-21.0,0.3881185,1769642227457
711,186384384,1769642228925,18:17:08.925,42.3470017,-71.0799306,11.493,-21.0,0.3881185,1769642227457
712,186646528,1769642229376,18:17:09.376,42.3470017,-71.0799306,11.493,-21.0,0.3881185,1769642227457
713,186908672,1769642229836,18:17:09.836,42.3470017,-71.0799306,11.493,-21.0,0.3881185,1769642227457
714,187170816,1769642230293,18:17:10.293,42.3470017,-71.0799306,11.493,-21.0,0.3881185,1769642227457
715,187432960,1769642230869,18:17:10.869,42.3470017,-71.0799306,11.493,-21.0,0.3881185,1769642227457
716,187695104,1769642231531,18:17:11.531,42.3470017,-71.0799306,11.493,-21.0,0.3881185,1769642227457
717,187957248,1769642232046,18:17:12.046,42.3470017,-71.0799306,11.493,-21.0,0.3881185,1769642227457
718,188219392,1769642232405,18:17:12.405,42.3470017,-71.0799306,11.493,-21.0,0.3881185,1769642227457
719,188481536,1769642232763,18:17:12.763,42.3470017,-71.0799306,11.493,-21.0,0.3881185,1769642227457
720,188743680,1769642233108,18:17:13.108,42.3470017,-71.0799306,11.493,-21.0,0.3881185,1769642227457
721,189005824,1769642233430,18:17:13.430,42.3470017,-71.0799306,11.493,-21.0,0.3881185,1769642227457
722,189267968,1769642233870,18:17:13.870,42.3470121,-71.0799306,20.288,-21.0,0.27341607,1769642233462
723,189530112,1769642234358,18:17:14.358,42.347011,-71.0799303,20.399,-21.0,0.24406058,1769642234032
724,189792256,1769642234725,18:17:14.725,42.3470088,-71.079924,20.444,-21.0,0.4810476,1769642234521
725,190054400,1769642235174,18:17:15.174,42.3470088,-71.079924,20.444,-21.0,0.4810476,1769642234521
726,190316544,1769642235548,18:17:15.548,42.346996,-71.0799348,16.521,-21.0,0.37383047,1769642235459
727,190578688,1769642235879,18:17:15.879,42.346996,-71.0799348,16.521,-21.0,0.37383047,1769642235459
728,190840832,1769642236232,18:17:16.232,42.3469944,-71.0799358,15.557,-21.0,0.36823502,1769642236117
729,191102976,1769642236671,18:17:16.671,42.3469944,-71.0799358,15.557,-21.0,0.36823502,1769642236117
730,191365120,1769642237897,18:17:17.897,42.3469947,-71.0799398,14.413,-21.0,0.33332145,1769642237464
731,191627264,1769642238867,18:17:18.867,42.3469947,-71.0799398,14.413,-21.0,0.33332145,1769642237464
732,191889408,1769642239356,18:17:19.356,42.3469966,-71.0799439,13.346,-21.0,0.36276925,1769642238932
733,192151552,1769642240185,18:17:20.185,42.3469975,-71.0799451,11.059,-21.0,0.2867563,1769642239513
734,192413696,1769642241157,18:17:21.157,42.3469975,-71.0799451,11.059,-21.0,0.2867563,1769642239513
735,192675840,1769642241878,18:17:21.878,42.3469994,-71.0799457,11.446,-21.0,0.16838144,1769642241367
736,192937984,1769642242722,18:17:22.722,42.3469986,-71.079948,11.465,-21.0,0.21328601,1769642242330
737,193200128,1769642243284,18:17:23.284,42.3469988,-71.0799493,11.497,-21.0,0.19083917,1769642242968
738,193462272,1769642243655,18:17:23.655,42.3469988,-71.0799493,11.497,-21.0,0.19083917,1769642242968
739,193724416,1769642244120,18:17:24.120,42.3470002,-71.0799514,11.516,-21.0,0.16573791,1769642243816
740,193986560,1769642244531,18:17:24.531,42.3470002,-71.0799514,11.516,-21.0,0.16573791,1769642243816
741,194248704,1769642244976,18:17:24.976,42.3470002,-71.0799514,11.516,-21.0,0.16573791,1769642243816
742,194510848,1769642245312,18:17:25.312,42.3470002,-71.0799514,11.516,-21.0,0.16573791,1769642243816
743,194772992,1769642245923,18:17:25.923,42.3470002,-71.0799514,11.516,-21.0,0.16573791,1769642243816
744,195035136,1769642246365,18:17:26.365,42.3470002,-71.0799514,11.516,-21.0,0.16573791,1769642243816
745,195297280,1769642246827,18:17:26.827,42.3470002,-71.0799514,11.516,-21.0,0.16573791,1769642243816
746,195559424,1769642247183,18:17:27.183,42.3470002,-71.0799514,11.516,-21.0,0.16573791,1769642243816
747,195821568,1769642247538,18:17:27.538,42.3470002,-71.0799514,11.516,-21.0,0.16573791,1769642243816
748,196083712,1769642247901,18:17:27.901,42.3470002,-71.0799514,11.516,-21.0,0.16573791,1769642243816
749,196345856,1769642248233,18:17:28.233,42.3470002,-71.0799514,11.516,-21.0,0.16573791,1769642243816
750,196608000,1769642248574,18:17:28.574,42.3470034,-71.0799589,12.288,-20.899999618530273,0.07062996,1769642248418
751,196870144,1769642248970,18:17:28.970,42.3470034,-71.0799589,12.288,-20.899999618530273,0.07062996,1769642248418
752,197132288,1769642249335,18:17:29.335,42.3470034,-71.0799589,12.288,-20.899999618530273,0.07062996,1769642248418
753,197394432,1769642249758,18:17:29.758,42.3470034,-71.0799589,12.288,-20.899999618530273,0.07062996,1769642248418
754,197656576,1769642250106,18:17:30.106,42.3470034,-71.0799589,12.288,-20.899999618530273,0.07062996,1769642248418
755,197918720,1769642250465,18:17:30.465,42.3470034,-71.0799589,12.288,-20.899999618530273,0.07062996,1769642248418
756,198180864,1769642250820,18:17:30.820,42.3470034,-71.0799589,12.288,-20.899999618530273,0.07062996,1769642248418
757,198443008,1769642251172,18:17:31.172,42.3470034,-71.0799589,12.288,-20.899999618530273,0.07062996,1769642248418
758,198705152,1769642251532,18:17:31.532,42.3470034,-71.0799589,12.288,-20.899999618530273,0.07062996,1769642248418
759,198967296,1769642251885,18:17:31.885,42.3470034,-71.0799589,12.288,-20.899999618530273,0.07062996,1769642248418
760,199229440,1769642252251,18:17:32.251,42.3470034,-71.0799589,12.288,-20.899999618530273,0.07062996,1769642248418
761,199491584,1769642252601,18:17:32.601,42.3470034,-71.0799589,12.288,-20.899999618530273,0.07062996,1769642248418
762,199753728,1769642252964,18:17:32.964,42.3470034,-71.0799589,12.288,-20.899999618530273,0.07062996,1769642248418
763,200015872,1769642253387,18:17:33.387,42.3470034,-71.0799589,12.288,-20.899999618530273,0.07062996,1769642248418
764,200278016,1769642253853,18:17:33.853,42.3470034,-71.0799589,12.288,-20.899999618530273,0.07062996,1769642248418
765,200540160,1769642254217,18:17:34.217,42.3470034,-71.0799589,12.288,-20.899999618530273,0.07062996,1769642248418
766,200802304,1769642254569,18:17:34.569,42.3470034,-71.0799589,12.288,-20.899999618530273,0.07062996,1769642248418
767,201064448,1769642254957,18:17:34.957,42.3470034,-71.0799589,12.288,-20.899999618530273,0.07062996,1769642248418
768,201326592,1769642255334,18:17:35.334,42.3470034,-71.0799589,12.288,-20.899999618530273,0.07062996,1769642248418
769,201588736,1769642255681,18:17:35.681,42.3470003,-71.079949,9.703,-20.899999618530273,0.014721589,1769642255575
770,201850880,1769642256032,18:17:36.032,42.3470003,-71.079949,9.703,-20.899999618530273,0.014721589,1769642255575
771,202113024,1769642256386,18:17:36.386,42.3470003,-71.079949,9.703,-20.899999618530273,0.014721589,1769642255575
772,202375168,1769642256745,18:17:36.745,42.3470003,-71.079949,9.703,-20.899999618530273,0.014721589,1769642255575
773,202637312,1769642257118,18:17:37.118,42.3470003,-71.079949,9.703,-20.899999618530273,0.014721589,1769642255575
774,202899456,1769642257545,18:17:37.545,42.3470003,-71.079949,9.703,-20.899999618530273,0.014721589,1769642255575
775,203161600,1769642257990,18:17:37.990,42.3470003,-71.079949,9.703,-20.899999618530273,0.014721589,1769642255575
776,203423744,1769642258329,18:17:38.329,42.3470003,-71.079949,9.703,-20.899999618530273,0.014721589,1769642255575
777,203685888,1769642258680,18:17:38.680,42.3470003,-71.079949,9.703,-20.899999618530273,0.014721589,1769642255575
778,203948032,1769642259090,18:17:39.090,42.3469988,-71.0799495,9.602,-20.899999618530273,0.02536739,1769642258716
779,204210176,1769642259508,18:17:39.508,42.3469983,-71.0799494,9.6,-20.899999618530273,0.102754705,1769642259372
780,204472320,1769642260232,18:17:40.232,42.3469983,-71.0799494,9.6,-20.899999618530273,0.102754705,1769642259372
781,204734464,1769642260992,18:17:40.992,42.3469985,-71.0799502,9.561,-20.899999618530273,0.085983746,1769642260236
782,204996608,1769642261770,18:17:41.770,42.3469985,-71.0799502,9.561,-20.899999618530273,0.085983746,1769642260236
783,205258752,1769642262451,18:17:42.451,42.3469992,-71.079951,9.568,-20.899999618530273,0.122879535,1769642261959
784,205520896,1769642263099,18:17:43.099,42.3469994,-71.0799518,9.627,-20.899999618530273,0.13701096,1769642262524
785,205783040,1769642263540,18:17:43.540,42.3470011,-71.0799603,9.246,-20.899999618530273,0.15943821,1769642263379
786,206045184,1769642264947,18:17:44.947,42.3470043,-71.0799629,8.939,-20.899999618530273,0.2307682,1769642264731
787,206307328,1769642265430,18:17:45.430,42.3470058,-71.079963,8.829,-20.899999618530273,0.24534065,1769642265336
788,206569472,1769642266020,18:17:46.020,42.3470085,-71.079963,8.822,-20.899999618530273,0.32598513,1769642265915
789,206831616,1769642267818,18:17:47.818,42.3470178,-71.0799608,8.621,-20.899999618530273,0.54190594,1769642267435
790,207093760,1769642268814,18:17:48.814,42.3470267,-71.0799581,8.925,-20.899999618530273,0.6714115,1769642268638
791,207355904,1769642269411,18:17:49.411,42.3470316,-71.0799563,9.121,-20.899999618530273,0.6875233,1769642269312
792,207618048,1769642269989,18:17:49.989,42.3470347,-71.0799559,9.207,-20.799999237060547,0.69538426,1769642269783
793,207880192,1769642270657,18:17:50.657,42.3470238,-71.0799395,9.412,-20.799999237060547,0.73440856,1769642270619
794,208142336,1769642271247,18:17:51.247,42.3470238,-71.0799395,9.412,-20.799999237060547,0.73440856,1769642270619
795,208404480,1769642271870,18:17:51.870,42.3470259,-71.0799286,9.681,-20.799999237060547,0.848042,1769642271868
796,208666624,1769642272667,18:17:52.667,42.347029,-71.0799239,9.825,-20.799999237060547,0.86516523,1769642272594
797,208928768,1769642273137,18:17:53.137,42.347029,-71.0799239,9.825,-20.799999237060547,0.86516523,1769642272594
798,209190912,1769642273805,18:17:53.805,42.3470307,-71.0799211,10.033,-20.799999237060547,0.85743225,1769642273193
799,209453056,1769642274278,18:17:54.278,42.347034,-71.0799189,10.163,-20.799999237060547,0.8989613,1769642273797
800,209715200,1769642274706,18:17:54.706,42.3470384,-71.0799154,10.371,-20.799999237060547,0.88456345,1769642274497
801,209977344,1769642275184,18:17:55.184,42.3470413,-71.0799128,10.52,-20.799999237060547,0.88059086,1769642274968
802,210239488,1769642275702,18:17:55.702,42.3470413,-71.0799128,10.52,-20.799999237060547,0.88059086,1769642274968
803,210501632,1769642276123,18:17:56.123,42.3470435,-71.0799082,10.914,-20.799999237060547,0.8787663,1769642275751
804,210763776,1769642276661,18:17:56.661,42.3470438,-71.0799034,11.2,-20.799999237060547,0.8692977,1769642276372
805,211025920,1769642277085,18:17:57.085,42.3470449,-71.0798997,11.509,-20.799999237060547,0.86780566,1769642276939
806,211288064,1769642277505,18:17:57.505,42.3470449,-71.0798997,11.509,-20.799999237060547,0.86780566,1769642276939
807,211550208,1769642277964,18:17:57.964,42.3470389,-71.0798934,11.73,-20.799999237060547,0.7204617,1769642277814
808,211812352,1769642278435,18:17:58.435,42.3470389,-71.0798934,11.73,-20.799999237060547,0.7204617,1769642277814
809,212074496,1769642279173,18:17:59.173,42.3470283,-71.0798916,12.115,-20.799999237060547,0.5967044,1769642278690
810,212336640,1769642279843,18:17:59.843,42.3470186,-71.0798928,12.499,-20.799999237060547,0.53245866,1769642279310
811,212598784,1769642280326,18:18:00.326,42.3470171,-71.0798911,12.777,-20.799999237060547,0.5678623,1769642279937
812,212860928,1769642281035,18:18:01.035,42.3470128,-71.0798908,13.111,-20.799999237060547,0.5388571,1769642280849
813,213123072,1769642281458,18:18:01.458,42.3470128,-71.0798908,13.111,-20.799999237060547,0.5388571,1769642280849
814,213385216,1769642282129,18:18:02.129,42.3470047,-71.0798943,13.406,-20.799999237060547,0.49497002,1769642281636
815,213647360,1769642282957,18:18:02.957,42.3469935,-71.0798997,13.549,-20.799999237060547,0.4597988,1769642282275
816,213909504,1769642283474,18:18:03.474,42.346987,-71.0799046,13.594,-20.799999237060547,0.41629174,1769642283051
817,214171648,1769642283972,18:18:03.972,42.3469778,-71.0799128,13.399,-20.799999237060547,0.42125788,1769642283682
818,214433792,1769642284528,18:18:04.528,42.3469709,-71.0798968,13.541,-20.899999618530273,0.54050016,1769642284460
819,214695936,1769642284960,18:18:04.960,42.3469709,-71.0798968,13.541,-20.899999618530273,0.54050016,1769642284460
820,214958080,1769642285335,18:18:05.335,42.3469687,-71.0798783,13.85,-20.899999618530273,0.56561893,1769642285028
821,215220224,1769642285831,18:18:05.831,42.3469687,-71.0798783,13.85,-20.899999618530273,0.56561893,1769642285028
822,215482368,1769642286215,18:18:06.215,42.3469628,-71.0798536,14.429,-20.899999618530273,0.5692498,1769642285835
823,215744512,1769642286649,18:18:06.649,42.3469588,-71.0798433,14.95,-20.899999618530273,0.53460336,1769642286553
824,216006656,1769642287001,18:18:07.001,42.3469588,-71.0798433,14.95,-20.899999618530273,0.53460336,1769642286553
825,216268800,1769642287358,18:18:07.358,42.3469588,-71.0798433,14.95,-20.899999618530273,0.53460336,1769642286553
826,216530944,1769642287868,18:18:07.868,42.3469588,-71.0798433,14.95,-20.899999618530273,0.53460336,1769642286553
827,216793088,1769642288335,18:18:08.335,42.3469558,-71.0798403,15.651,-20.899999618530273,0.44266158,1769642287932
828,217055232,1769642288766,18:18:08.766,42.3469498,-71.0798422,16.519,-20.899999618530273,0.39497316,1769642288688
829,217317376,1769642289179,18:18:09.179,42.3469498,-71.0798422,16.519,-20.899999618530273,0.39497316,1769642288688
830,217579520,1769642289591,18:18:09.591,42.3469498,-71.0798422,16.519,-20.899999618530273,0.39497316,1769642288688
831,217841664,1769642290028,18:18:10.028,42.346933,-71.0798406,17.079,-20.899999618530273,0.3338439,1769642289794
832,218103808,1769642290463,18:18:10.463,42.346933,-71.0798406,17.079,-20.899999618530273,0.3338439,1769642289794
833,218365952,1769642290816,18:18:10.816,42.3469226,-71.0798352,16.987,-20.899999618530273,0.29227462,1769642290589
834,218628096,1769642291170,18:18:11.170,42.3469181,-71.0798312,16.874,-20.899999618530273,0.29930183,1769642291043
835,218890240,1769642291527,18:18:11.527,42.3469181,-71.0798312,16.874,-20.899999618530273,0.29930183,1769642291043
836,219152384,1769642291884,18:18:11.884,42.3469181,-71.0798312,16.874,-20.899999618530273,0.29930183,1769642291043
837,219414528,1769642292244,18:18:12.244,42.3469024,-71.0798106,16.323,-20.899999618530273,0.26321107,1769642291977
838,219676672,1769642292620,18:18:12.620,42.3469024,-71.0798106,16.323,-20.899999618530273,0.26321107,1769642291977
839,219938816,1769642292987,18:18:12.987,42.3469024,-71.0798106,16.323,-20.899999618530273,0.26321107,1769642291977
840,220200960,1769642293298,18:18:13.298,42.3468937,-71.0797972,15.831,-20.899999618530273,0.19639306,1769642293014
841,220463104,1769642293794,18:18:13.794,42.3468826,-71.0797845,15.418,-20.899999618530273,0.14613837,1769642293615
842,220725248,1769642294200,18:18:14.200,42.3468826,-71.0797845,15.418,-20.899999618530273,0.14613837,1769642293615
843,220987392,1769642294560,18:18:14.560,42.3468711,-71.0797719,14.066,-20.899999618530273,0.09829736,1769642294529
844,221249536,1769642294906,18:18:14.906,42.3468711,-71.0797719,14.066,-20.899999618530273,0.09829736,1769642294529
845,221511680,1769642295379,18:18:15.379,42.3468678,-71.0797686,13.446,-20.899999618530273,0.13160367,1769642294984
846,221773824,1769642295803,18:18:15.803,42.3468678,-71.0797686,13.446,-20.899999618530273,0.13160367,1769642294984
847,222035968,1769642296319,18:18:16.319,42.3468636,-71.0797656,12.432,-20.899999618530273,0.10150158,1769642296021
848,222298112,1769642296687,18:18:16.687,42.3468636,-71.0797656,12.432,-20.899999618530273,0.10150158,1769642296021
849,222560256,1769642297226,18:18:17.226,42.3468586,-71.0797623,10.291,-20.899999618530273,0.08019396,1769642296955
850,222822400,1769642297902,18:18:17.902,42.3468586,-71.0797623,10.291,-20.899999618530273,0.08019396,1769642296955
851,223084544,1769642298441,18:18:18.441,42.3468548,-71.0797603,9.961,-20.899999618530273,0.075527504,1769642297993
852,223346688,1769642298893,18:18:18.893,42.3468548,-71.0797603,9.961,-20.899999618530273,0.075527504,1769642297993
853,223608832,1769642299514,18:18:19.514,42.3468569,-71.0797691,9.263,-20.899999618530273,0.078333005,1769642299029
854,223870976,1769642300175,18:18:20.175,42.3468608,-71.0797787,9.528,-20.899999618530273,0.07548413,1769642299963
855,224133120,1769642300722,18:18:20.722,42.3468608,-71.0797787,9.528,-20.899999618530273,0.07548413,1769642299963
856,224395264,1769642301321,18:18:21.321,42.3468623,-71.0797844,9.864,-20.899999618530273,0.067101575,1769642300999
857,224657408,1769642302005,18:18:22.005,42.3468623,-71.0797844,9.864,-20.899999618530273,0.067101575,1769642300999
858,224919552,1769642302662,18:18:22.662,42.3468616,-71.0797867,10.35,-20.899999618530273,0.09029444,1769642302037
859,225181696,1769642303164,18:18:23.164,42.3468593,-71.0797868,10.829,-20.899999618530273,0.09899103,1769642302970
860,225443840,1769642303587,18:18:23.587,42.3468593,-71.0797868,10.829,-20.899999618530273,0.09899103,1769642302970
861,225705984,1769642303926,18:18:23.926,42.3468593,-71.0797868,10.829,-20.899999618530273,0.09899103,1769642302970
862,225968128,1769642304274,18:18:24.274,42.3468553,-71.0797844,11.283,-20.899999618530273,0.1323245,1769642304007
863,226230272,1769642304634,18:18:24.634,42.3468553,-71.0797844,11.283,-20.899999618530273,0.1323245,1769642304007
864,226492416,1769642305063,18:18:25.063,42.3468553,-71.0797844,11.283,-20.899999618530273,0.1323245,1769642304007
865,226754560,1769642305553,18:18:25.553,42.3468509,-71.0797819,10.431,-20.899999618530273,0.15350579,1769642305044
866,227016704,1769642305993,18:18:25.993,42.3468509,-71.0797819,10.431,-20.899999618530273,0.15350579,1769642305044
867,227278848,1769642306414,18:18:26.414,42.346844,-71.079777,9.68,-20.899999618530273,0.13418108,1769642305977
868,227540992,1769642306770,18:18:26.770,42.346844,-71.079777,9.68,-20.899999618530273,0.13418108,1769642305977
869,227803136,1769642307280,18:18:27.280,42.3468405,-71.0797756,8.97,-20.899999618530273,0.11592505,1769642307014
870,228065280,1769642307698,18:18:27.698,42.3468405,-71.0797756,8.97,-20.899999618530273,0.11592505,1769642307014
871,228327424,1769642308088,18:18:28.088,42.3468405,-71.0797756,8.97,-20.899999618530273,0.11592505,1769642307014
872,228589568,1769642308396,18:18:28.396,42.3468405,-71.0797756,8.97,-20.899999618530273,0.11592505,1769642307014
873,228851712,1769642308691,18:18:28.691,42.3468405,-71.0797756,8.97,-20.899999618530273,0.11592505,1769642307014
874,229113856,1769642309034,18:18:29.034,42.3468405,-71.0797756,8.97,-20.899999618530273,0.11592505,1769642307014
875,229376000,1769642309389,18:18:29.389,42.3468405,-71.0797756,8.97,-20.899999618530273,0.11592505,1769642307014
876,229638144,1769642309741,18:18:29.741,42.3468405,-71.0797756,8.97,-20.899999618530273,0.11592505,1769642307014
877,229900288,1769642310099,18:18:30.099,42.346837,-71.0797742,7.819,-20.899999618530273,0.0642716,1769642310022
878,230162432,1769642310448,18:18:30.448,42.346837,-71.0797742,7.819,-20.899999618530273,0.0642716,1769642310022
879,230424576,1769642310807,18:18:30.807,42.346837,-71.0797742,7.819,-20.899999618530273,0.0642716,1769642310022
880,230686720,1769642311161,18:18:31.161,42.346837,-71.0797742,7.819,-20.899999618530273,0.0642716,1769642310022
881,230948864,1769642311511,18:18:31.511,42.346837,-71.0797742,7.819,-20.899999618530273,0.0642716,1769642310022
882,231211008,1769642311913,18:18:31.913,42.346837,-71.0797742,7.819,-20.899999618530273,0.0642716,1769642310022
883,231473152,1769642312265,18:18:32.265,42.3468409,-71.079768,14.542,-21.0,0.25988284,1769642312093
884,231735296,1769642312629,18:18:32.629,42.3468409,-71.079768,14.542,-21.0,0.25988284,1769642312093
885,231997440,1769642313041,18:18:33.041,42.3468409,-71.079768,14.542,-21.0,0.25988284,1769642312093
886,232259584,1769642313468,18:18:33.468,42.3468409,-71.079768,14.542,-21.0,0.25988284,1769642312093
887,232521728,1769642313820,18:18:33.820,42.3468409,-71.079768,14.542,-21.0,0.25988284,1769642312093
888,232783872,1769642314175,18:18:34.175,42.3468409,-71.079768,14.542,-21.0,0.25988284,1769642312093
889,233046016,1769642314633,18:18:34.633,42.3468409,-71.079768,14.542,-21.0,0.25988284,1769642312093
890,233308160,1769642315096,18:18:35.096,42.3468409,-71.079768,14.542,-21.0,0.25988284,1769642312093
891,233570304,1769642315486,18:18:35.486,42.3468409,-71.079768,14.542,-21.0,0.25988284,1769642312093
892,233832448,1769642315901,18:18:35.901,42.3468409,-71.079768,14.542,-21.0,0.25988284,1769642312093
893,234094592,1769642316390,18:18:36.390,42.3468409,-71.079768,14.542,-21.0,0.25988284,1769642312093
894,234356736,1769642316834,18:18:36.834,42.3468409,-71.079768,14.542,-21.0,0.25988284,1769642312093
895,234618880,1769642317196,18:18:37.196,42.3468409,-71.079768,14.542,-21.0,0.25988284,1769642312093
896,234881024,1769642317561,18:18:37.561,42.3468409,-71.079768,14.542,-21.0,0.25988284,1769642312093
897,235143168,1769642317922,18:18:37.922,42.3468409,-71.079768,14.542,-21.0,0.25988284,1769642312093
898,235405312,1769642318423,18:18:38.423,42.3468409,-71.079768,14.542,-21.0,0.25988284,1769642312093
899,235667456,1769642318950,18:18:38.950,42.3468409,-71.079768,14.542,-21.0,0.25988284,1769642312093
900,235929600,1769642319777,18:18:39.777,42.3468682,-71.0797771,19.201,-21.0,0.4217088,1769642319197
901,236191744,1769642320424,18:18:40.424,42.3468682,-71.0797771,19.201,-21.0,0.4217088,1769642319197
902,236453888,1769642321047,18:18:41.047,42.3468682,-71.0797771,19.201,-21.0,0.4217088,1769642319197
903,236716032,1769642321723,18:18:41.723,42.3468682,-71.0797771,19.201,-21.0,0.4217088,1769642319197
904,236978176,1769642322189,18:18:42.189,42.3468682,-71.0797771,19.201,-21.0,0.4217088,1769642319197
905,237240320,1769642322664,18:18:42.664,42.3468682,-71.0797771,19.201,-21.0,0.4217088,1769642319197
906,237502464,1769642323115,18:18:43.115,42.3468682,-71.0797771,19.201,-21.0,0.4217088,1769642319197
907,237764608,1769642323467,18:18:43.467,42.3468682,-71.0797771,19.201,-21.0,0.4217088,1769642319197
908,238026752,1769642323827,18:18:43.827,42.3468682,-71.0797771,19.201,-21.0,0.4217088,1769642319197
909,238288896,1769642324225,18:18:44.225,42.3468682,-71.0797771,19.201,-21.0,0.4217088,1769642319197
910,238551040,1769642324575,18:18:44.575,42.3468682,-71.0797771,19.201,-21.0,0.4217088,1769642319197
911,238813184,1769642325107,18:18:45.107,42.3468682,-71.0797771,19.201,-21.0,0.4217088,1769642319197
912,239075328,1769642325561,18:18:45.561,42.3468682,-71.0797771,19.201,-21.0,0.4217088,1769642319197
913,239337472,1769642325998,18:18:45.998,42.3468682,-71.0797771,19.201,-21.0,0.4217088,1769642319197
914,239599616,1769642326580,18:18:46.580,42.3467586,-71.0797602,74.153,-21.0,0.33043063,1769642326149
915,239861760,1769642326959,18:18:46.959,42.3467586,-71.0797602,74.153,-21.0,0.33043063,1769642326149
916,240123904,1769642327325,18:18:47.325,42.3467586,-71.0797602,74.153,-21.0,0.33043063,1769642326149
917,240386048,1769642327713,18:18:47.713,42.3467586,-71.0797602,74.153,-21.0,0.33043063,1769642326149
918,240648192,1769642328094,18:18:48.094,42.3467586,-71.0797602,74.153,-21.0,0.33043063,1769642326149
919,240910336,1769642328464,18:18:48.464,42.3467586,-71.0797602,74.153,-21.0,0.33043063,1769642326149
920,241172480,1769642328925,18:18:48.925,42.3467586,-71.0797602,74.153,-21.0,0.33043063,1769642326149
921,241434624,1769642329372,18:18:49.372,42.3467586,-71.0797602,74.153,-21.0,0.33043063,1769642326149
922,241696768,1769642329822,18:18:49.822,42.3467586,-71.0797602,74.153,-21.0,0.33043063,1769642326149
923,241958912,1769642330417,18:18:50.417,42.3467586,-71.0797602,74.153,-21.0,0.33043063,1769642326149
924,242221056,1769642330848,18:18:50.848,42.3467586,-71.0797602,74.153,-21.0,0.33043063,1769642326149
925,242483200,1769642331218,18:18:51.218,42.3467586,-71.0797602,74.153,-21.0,0.33043063,1769642326149
926,242745344,1769642331575,18:18:51.575,42.3467586,-71.0797602,74.153,-21.0,0.33043063,1769642326149
927,243007488,1769642332071,18:18:52.071,42.3467586,-71.0797602,74.153,-21.0,0.33043063,1769642326149
928,243269632,1769642332660,18:18:52.660,42.3467586,-71.0797602,74.153,-21.0,0.33043063,1769642326149
929,243531776,1769642333207,18:18:53.207,42.3467586,-71.0797602,74.153,-21.0,0.33043063,1769642326149
930,243793920,1769642333565,18:18:53.565,42.3462022,-71.0798028,84.701,-20.899999618530273,8.464811,1769642333181
931,244056064,1769642333927,18:18:53.927,42.3462022,-71.0798028,84.701,-20.899999618530273,8.464811,1769642333181
932,244318208,1769642334291,18:18:54.291,42.3462022,-71.0798028,84.701,-20.899999618530273,8.464811,1769642333181
933,244580352,1769642334748,18:18:54.748,42.3462022,-71.0798028,84.701,-20.899999618530273,8.464811,1769642333181
934,244842496,1769642335137,18:18:55.137,42.3462022,-71.0798028,84.701,-20.899999618530273,8.464811,1769642333181
935,245104640,1769642335586,18:18:55.586,42.3462022,-71.0798028,84.701,-20.899999618530273,8.464811,1769642333181
936,245366784,1769642336033,18:18:56.033,42.3462022,-71.0798028,84.701,-20.899999618530273,8.464811,1769642333181
937,245628928,1769642336644,18:18:56.644,42.3462022,-71.0798028,84.701,-20.899999618530273,8.464811,1769642333181
938,245891072,1769642337155,18:18:57.155,42.3462022,-71.0798028,84.701,-20.899999618530273,8.464811,1769642333181
939,246153216,1769642337653,18:18:57.653,42.3462022,-71.0798028,84.701,-20.899999618530273,8.464811,1769642333181
940,246415360,1769642338098,18:18:58.098,42.3462022,-71.0798028,84.701,-20.899999618530273,8.464811,1769642333181
941,246677504,1769642338560,18:18:58.560,42.3462022,-71.0798028,84.701,-20.899999618530273,8.464811,1769642333181
942,246939648,1769642339027,18:18:59.027,42.3462022,-71.0798028,84.701,-20.899999618530273,8.464811,1769642333181
943,247201792,1769642339578,18:18:59.578,42.3462022,-71.0798028,84.701,-20.899999618530273,8.464811,1769642333181
944,247463936,1769642340075,18:19:00.075,42.3462022,-71.0798028,84.701,-20.899999618530273,8.464811,1769642333181
945,247726080,1769642340433,18:19:00.433,42.3462022,-71.0798028,84.701,-20.899999618530273,8.464811,1769642333181
946,247988224,1769642340784,18:19:00.784,42.3460637,-71.0798169,95.272,-20.899999618530273,3.335683,1769642340227
947,248250368,1769642341137,18:19:01.137,42.3460637,-71.0798169,95.272,-20.899999618530273,3.335683,1769642340227
948,248512512,1769642341741,18:19:01.741,42.3460637,-71.0798169,95.272,-20.899999618530273,3.335683,1769642340227
949,248774656,1769642342293,18:19:02.293,42.3460637,-71.0798169,95.272,-20.899999618530273,3.335683,1769642340227
950,249036800,1769642342736,18:19:02.736,42.3460637,-71.0798169,95.272,-20.899999618530273,3.335683,1769642340227
951,249298944,1769642343533,18:19:03.533,42.3460637,-71.0798169,95.272,-20.899999618530273,3.335683,1769642340227
952,249561088,1769642344303,18:19:04.303,42.3460637,-71.0798169,95.272,-20.899999618530273,3.335683,1769642340227
953,249823232,1769642345139,18:19:05.139,42.3460637,-71.0798169,95.272,-20.899999618530273,3.335683,1769642340227
954,250085376,1769642345667,18:19:05.667,42.3460637,-71.0798169,95.272,-20.899999618530273,3.335683,1769642340227
955,250347520,1769642346165,18:19:06.165,42.3460637,-71.0798169,95.272,-20.899999618530273,3.335683,1769642340227
956,250609664,1769642346700,18:19:06.700,42.3460637,-71.0798169,95.272,-20.899999618530273,3.335683,1769642340227
957,250871808,1769642347247,18:19:07.247,42.3460637,-71.0798169,95.272,-20.899999618530273,3.335683,1769642340227
958,251133952,1769642347835,18:19:07.835,42.3460637,-71.0798169,95.272,-20.899999618530273,3.335683,1769642340227
959,251396096,1769642348226,18:19:08.226,42.3460637,-71.0798169,95.272,-20.899999618530273,3.335683,1769642340227
960,251658240,1769642348617,18:19:08.617,42.3460637,-71.0798169,95.272,-20.899999618530273,3.335683,1769642340227
961,251920384,1769642349106,18:19:09.106,42.3460637,-71.0798169,95.272,-20.899999618530273,3.335683,1769642340227
962,252182528,1769642349545,18:19:09.545,42.3460637,-71.0798169,95.272,-20.899999618530273,3.335683,1769642340227
963,252444672,1769642349967,18:19:09.967,42.3460637,-71.0798169,95.272,-20.899999618530273,3.335683,1769642340227
964,252706816,1769642350458,18:19:10.458,42.3460637,-71.0798169,95.272,-20.899999618530273,3.335683,1769642340227
965,252968960,1769642350895,18:19:10.895,42.3460637,-71.0798169,95.272,-20.899999618530273,3.335683,1769642340227
966,253231104,1769642351338,18:19:11.338,42.3460637,-71.0798169,95.272,-20.899999618530273,3.335683,1769642340227
967,253493248,1769642351883,18:19:11.883,42.3460637,-71.0798169,95.272,-20.899999618530273,3.335683,1769642340227
968,253755392,1769642352310,18:19:12.310,42.3460637,-71.0798169,95.272,-20.899999618530273,3.335683,1769642340227
969,254017536,1769642352661,18:19:12.661,42.3460637,-71.0798169,95.272,-20.899999618530273,3.335683,1769642340227
970,254279680,1769642353049,18:19:13.049,42.3460637,-71.0798169,95.272,-20.899999618530273,3.335683,1769642340227
971,254541824,1769642353413,18:19:13.413,42.3460637,-71.0798169,95.272,-20.899999618530273,3.335683,1769642340227
972,254803968,1769642353772,18:19:13.772,42.3460637,-71.0798169,95.272,-20.899999618530273,3.335683,1769642340227
973,255066112,1769642354119,18:19:14.119,42.3460637,-71.0798169,95.272,-20.899999618530273,3.335683,1769642340227
974,255328256,1769642354473,18:19:14.473,42.3460637,-71.0798169,95.272,-20.899999618530273,3.335683,1769642340227
975,255590400,1769642354829,18:19:14.829,42.3460637,-71.0798169,95.272,-20.899999618530273,3.335683,1769642340227
976,255852544,1769642355432,18:19:15.432,42.3460637,-71.0798169,95.272,-20.899999618530273,3.335683,1769642340227
977,256114688,1769642355884,18:19:15.884,42.3460637,-71.0798169,95.272,-20.899999618530273,3.335683,1769642340227
978,256376832,1769642356218,18:19:16.218,42.3460637,-71.0798169,95.272,-20.899999618530273,3.335683,1769642340227
979,256638976,1769642356583,18:19:16.583,42.3460637,-71.0798169,95.272,-20.899999618530273,3.335683,1769642340227
980,256901120,1769642357082,18:19:17.082,42.3468849,-71.0797638,14.944,-20.899999618530273,0.12795208,1769642356749
981,257163264,1769642357575,18:19:17.575,42.3468849,-71.0797638,14.944,-20.899999618530273,0.12795208,1769642356749
982,257425408,1769642358087,18:19:18.087,42.3468849,-71.0797638,14.944,-20.899999618530273,0.12795208,1769642356749
983,257687552,1769642358445,18:19:18.445,42.3468849,-71.0797638,14.944,-20.899999618530273,0.12795208,1769642356749
984,257949696,1769642358973,18:19:18.973,42.3468849,-71.0797638,14.944,-20.899999618530273,0.12795208,1769642356749
985,258211840,1769642359555,18:19:19.555,42.3468849,-71.0797638,14.944,-20.899999618530273,0.12795208,1769642356749
986,258473984,1769642359916,18:19:19.916,42.3468849,-71.0797638,14.944,-20.899999618530273,0.12795208,1769642356749
987,258736128,1769642360326,18:19:20.326,42.3468849,-71.0797638,14.944,-20.899999618530273,0.12795208,1769642356749
988,258998272,1769642360676,18:19:20.676,42.3468849,-71.0797638,14.944,-20.899999618530273,0.12795208,1769642356749
989,259260416,1769642361571,18:19:21.571,42.3468816,-71.0797675,13.6,-20.899999618530273,0.08152961,1769642361444
990,259522560,1769642362487,18:19:22.487,42.3468816,-71.0797675,13.6,-20.899999618530273,0.08152961,1769642361444
991,259784704,1769642362956,18:19:22.956,42.3468816,-71.0797675,13.6,-20.899999618530273,0.08152961,1769642361444
992,260046848,1769642363301,18:19:23.301,42.3468816,-71.0797675,13.6,-20.899999618530273,0.08152961,1769642361444
993,260308992,1769642363735,18:19:23.735,42.3468816,-71.0797675,13.6,-20.899999618530273,0.08152961,1769642361444
994,260571136,1769642364118,18:19:24.118,42.3468816,-71.0797675,13.6,-20.899999618530273,0.08152961,1769642361444
995,260833280,1769642364490,18:19:24.490,42.3468816,-71.0797675,13.6,-20.899999618530273,0.08152961,1769642361444
996,261095424,1769642364907,18:19:24.907,42.3468816,-71.0797675,13.6,-20.899999618530273,0.08152961,1769642361444
997,261357568,1769642365300,18:19:25.300,42.3468816,-71.0797675,13.6,-20.899999618530273,0.08152961,1769642361444
998,261619712,1769642365706,18:19:25.706,42.3468816,-71.0797675,13.6,-20.899999618530273,0.08152961,1769642361444
999,261881856,1769642366074,18:19:26.074,42.3468816,-71.0797675,13.6,-20.899999618530273,0.08152961,1769642361444
1000,262144000,1769642366406,18:19:26.406,42.3468816,-71.0797675,13.6,-20.899999618530273,0.08152961,1769642361444
1001,262406144,1769642366802,18:19:26.802,42.3468816,-71.0797675,13.6,-20.899999618530273,0.08152961,1769642361444
1002,262668288,1769642367169,18:19:27.169,42.3469081,-71.0798317,12.662,-20.899999618530273,0.1001186,1769642367072
1003,262930432,1769642367534,18:19:27.534,42.3469081,-71.0798317,12.662,-20.899999618530273,0.1001186,1769642367072
1004,263192576,1769642367914,18:19:27.914,42.3469108,-71.0798392,12.54,-20.899999618530273,0.061459366,1769642367628
1005,263454720,1769642368256,18:19:28.256,42.3469108,-71.0798392,12.54,-20.899999618530273,0.061459366,1769642367628
1006,263716864,1769642369159,18:19:29.159,42.3469132,-71.079843,12.566,-20.899999618530273,0.048400417,1769642368496
1007,263979008,1769642369531,18:19:29.531,42.3469132,-71.079843,12.566,-20.899999618530273,0.048400417,1769642368496
1008,264241152,1769642370039,18:19:30.039,42.3469132,-71.079843,12.566,-20.899999618530273,0.048400417,1769642368496
1009,264503296,1769642370914,18:19:30.914,42.3469132,-71.079843,12.566,-20.899999618530273,0.048400417,1769642368496
1010,264765440,1769642371585,18:19:31.585,42.3469203,-71.0798446,12.478,-20.899999618530273,0.10434233,1769642370985
1011,265027584,1769642372329,18:19:32.329,42.3469308,-71.0798502,12.487,-20.899999618530273,0.09494435,1769642372022
1012,265289728,1769642373146,18:19:33.146,42.3469434,-71.079856,12.459,-20.899999618530273,0.079275444,1769642373060
1013,265551872,1769642374447,18:19:34.447,42.3469569,-71.0798619,12.465,-20.899999618530273,0.09088695,1769642373988
1014,265814016,1769642375298,18:19:35.298,42.3469762,-71.0798705,12.485,-20.899999618530273,0.13248403,1769642375029
1015,266076160,1769642375803,18:19:35.803,42.3469877,-71.0798739,12.438,-20.899999618530273,0.108179174,1769642375652
1016,266338304,1769642376300,18:19:36.300,42.3469877,-71.0798739,12.438,-20.899999618530273,0.108179174,1769642375652
1017,266600448,1769642376690,18:19:36.690,42.3469802,-71.0798764,12.263,-20.899999618530273,0.115838036,1769642376485
1018,266862592,1769642377147,18:19:37.147,42.3469805,-71.0798768,12.237,-20.899999618530273,0.15243177,1769642377000
1019,267124736,1769642377696,18:19:37.696,42.3469827,-71.0798773,12.184,-20.899999618530273,0.16145308,1769642377646
1020,267386880,1769642379474,18:19:39.474,42.3469909,-71.0798838,12.212,-20.899999618530273,0.3101992,1769642379345
1021,267649024,1769642379837,18:19:39.837,42.3469909,-71.0798838,12.212,-20.899999618530273,0.3101992,1769642379345
1022,267911168,1769642380188,18:19:40.188,42.3469965,-71.07989,12.294,-20.899999618530273,0.5811076,1769642380003
1023,268173312,1769642380543,18:19:40.543,42.3469965,-71.07989,12.294,-20.899999618530273,0.5811076,1769642380003
1024,268435456,1769642380914,18:19:40.914,42.3469965,-71.07989,12.294,-20.899999618530273,0.5811076,1769642380003
1025,268697600,1769642381434,18:19:41.434,42.3470126,-71.0799092,12.894,-20.899999618530273,0.9832293,1769642381032
1026,268959744,1769642381839,18:19:41.839,42.347022,-71.0799179,13.282,-20.899999618530273,1.0988102,1769642381489
1027,269221888,1769642382282,18:19:42.282,42.3470297,-71.0799245,13.544,-20.899999618530273,1.1317658,1769642382070
1028,269484032,1769642382648,18:19:42.648,42.3470297,-71.0799245,13.544,-20.899999618530273,1.1317658,1769642382070
1029,269746176,1769642383015,18:19:43.015,42.3470412,-71.0799304,13.973,-20.899999618530273,1.214041,1769642382705
1030,270008320,1769642383407,18:19:43.407,42.3470412,-71.0799304,13.973,-20.899999618530273,1.214041,1769642382705
1031,270270464,1769642384457,18:19:44.457,42.3470145,-71.0799376,14.646,-20.899999618530273,1.2649367,1769642384063
1032,270532608,1769642385326,18:19:45.326,42.3470149,-71.0799436,14.763,-20.899999618530273,1.2615343,1769642385134
1033,270794752,1769642385766,18:19:45.766,42.3470189,-71.0799457,14.699,-20.899999618530273,1.2223245,1769642385706
1034,271056896,1769642386619,18:19:46.619,42.3470222,-71.0799478,14.548,-20.899999618530273,1.2273202,1769642386226
1035,271319040,1769642387417,18:19:47.417,42.3470272,-71.0799506,14.433,-20.899999618530273,1.171039,1769642386831
1036,271581184,1769642388828,18:19:48.828,42.3470435,-71.0799608,13.848,-20.899999618530273,1.1763047,1769642388725
1037,271843328,1769642389857,18:19:49.857,42.3470483,-71.0799636,13.83,-20.899999618530273,1.175735,1769642389223
1038,272105472,1769642390989,18:19:50.989,42.3470381,-71.0799707,12.873,-20.799999237060547,1.1844417,1769642390728
1039,272367616,1769642391455,18:19:51.455,42.3470403,-71.079974,12.269,-20.799999237060547,1.195275,1769642391324
1040,272629760,1769642391801,18:19:51.801,42.3470403,-71.079974,12.269,-20.799999237060547,1.195275,1769642391324
1041,272891904,1769642392336,18:19:52.336,42.3470463,-71.0799788,11.833,-20.799999237060547,1.2127613,1769642392037
1042,273154048,1769642392871,18:19:52.871,42.3470463,-71.0799788,11.833,-20.799999237060547,1.2127613,1769642392037
1043,273416192,1769642393223,18:19:53.223,42.347061,-71.0799877,11.412,-20.799999237060547,1.2544848,1769642392861
1044,273678336,1769642393580,18:19:53.580,42.3470757,-71.0799945,11.018,-20.799999237060547,1.2760074,1769642393502
1045,273940480,1769642393932,18:19:53.932,42.3470757,-71.0799945,11.018,-20.799999237060547,1.2760074,1769642393502
1046,274202624,1769642394286,18:19:54.286,42.3470853,-71.0799992,10.647,-20.799999237060547,1.2797287,1769642393977
1047,274464768,1769642394638,18:19:54.638,42.3471008,-71.080004,10.507,-20.799999237060547,1.2678918,1769642394502
1048,274726912,1769642394988,18:19:54.988,42.3471008,-71.080004,10.507,-20.799999237060547,1.2678918,1769642394502
1049,274989056,1769642395344,18:19:55.344,42.3471118,-71.0800081,10.202,-20.799999237060547,1.2703979,1769642395049
1050,275251200,1769642395692,18:19:55.692,42.3471269,-71.080009,10.383,-20.799999237060547,1.251143,1769642395602
1051,275513344,1769642396133,18:19:56.133,42.3471269,-71.080009,10.383,-20.799999237060547,1.251143,1769642395602
1052,275775488,1769642396483,18:19:56.483,42.3471461,-71.0800049,10.756,-20.799999237060547,1.2485769,1769642396134
1053,276037632,1769642396922,18:19:56.922,42.3471591,-71.0800049,11.074,-20.799999237060547,1.2429357,1769642396769
1054,276299776,1769642397330,18:19:57.330,42.3471602,-71.0800059,11.224,-20.799999237060547,1.2345525,1769642397330
1055,276561920,1769642397698,18:19:57.698,42.3471602,-71.0800059,11.224,-20.799999237060547,1.2345525,1769642397330
1056,276824064,1769642398127,18:19:58.127,42.347165,-71.0800065,11.421,-20.799999237060547,1.2495801,1769642398052
1057,277086208,1769642398553,18:19:58.553,42.347165,-71.0800065,11.421,-20.799999237060547,1.2495801,1769642398052
1058,277348352,1769642398968,18:19:58.968,42.3471822,-71.0800025,11.541,-20.799999237060547,1.2423555,1769642398946
1059,277610496,1769642399321,18:19:59.321,42.3471822,-71.0800025,11.541,-20.799999237060547,1.2423555,1769642398946
1060,277872640,1769642399747,18:19:59.747,42.347196,-71.079996,11.6,-20.799999237060547,1.2840127,1769642399507
1061,278134784,1769642400148,18:20:00.148,42.3472057,-71.0799922,11.594,-20.799999237060547,1.2868361,1769642399983
1062,278396928,1769642400502,18:20:00.502,42.3472057,-71.0799922,11.594,-20.799999237060547,1.2868361,1769642399983
1063,278659072,1769642400854,18:20:00.854,42.3472217,-71.0799823,11.54,-20.799999237060547,1.3374485,1769642400590
1064,278921216,1769642401211,18:20:01.211,42.3472217,-71.0799823,11.54,-20.799999237060547,1.3374485,1769642400590
1065,279183360,1769642401563,18:20:01.563,42.3472426,-71.0799653,11.315,-20.799999237060547,1.3880638,1769642401406
1066,279445504,1769642401917,18:20:01.917,42.3472426,-71.0799653,11.315,-20.799999237060547,1.3880638,1769642401406
1067,279707648,1769642402278,18:20:02.278,42.3472525,-71.0799577,11.144,-20.799999237060547,1.3928655,1769642401927
1068,279969792,1769642402640,18:20:02.640,42.3472658,-71.0799442,10.914,-20.799999237060547,1.4474752,1769642402451
1069,280231936,1769642403017,18:20:03.017,42.3472658,-71.0799442,10.914,-20.799999237060547,1.4474752,1769642402451
1070,280494080,1769642403369,18:20:03.369,42.3472765,-71.0799356,10.708,-20.799999237060547,1.4432732,1769642403027
1071,280756224,1769642403947,18:20:03.947,42.3472954,-71.0799184,10.199,-20.799999237060547,1.4584111,1769642403845
1072,281018368,1769642404403,18:20:04.403,42.3472954,-71.0799184,10.199,-20.799999237060547,1.4584111,1769642403845
1073,281280512,1769642404855,18:20:04.855,42.347299,-71.0799071,9.68,-20.899999618530273,1.3930566,1769642404466
1074,281542656,1769642405716,18:20:05.716,42.3473087,-71.0798896,8.798,-20.899999618530273,1.3111926,1769642405616
1075,281804800,1769642406238,18:20:06.238,42.3473087,-71.0798896,8.798,-20.899999618530273,1.3111926,1769642405616
1076,282066944,1769642406680,18:20:06.680,42.3473177,-71.0798837,8.321,-20.899999618530273,1.3212616,1769642406282
1077,282329088,1769642407080,18:20:07.080,42.3473246,-71.0798849,8.168,-20.899999618530273,1.1713356,1769642406907
1078,282591232,1769642407482,18:20:07.482,42.3473246,-71.0798849,8.168,-20.899999618530273,1.1713356,1769642406907
1079,282853376,1769642408071,18:20:08.071,42.3473321,-71.0798892,7.742,-20.899999618530273,1.0483181,1769642407641
1080,283115520,1769642409148,18:20:09.148,42.3473437,-71.0798958,7.401,-20.899999618530273,1.0124176,1769642408843
1081,283377664,1769642410058,18:20:10.058,42.3473509,-71.0798985,7.331,-20.899999618530273,1.0268245,1769642409482
1082,283639808,1769642410923,18:20:10.923,42.3473623,-71.0799069,7.328,-20.899999618530273,1.0299933,1769642410683
1083,283901952,1769642412251,18:20:12.251,42.347375,-71.0799124,7.397,-20.799999237060547,1.0534251,1769642411841
1084,284164096,1769642414017,18:20:14.017,42.3473961,-71.0799144,7.569,-20.799999237060547,1.0789613,1769642413543
1085,284426240,1769642415466,18:20:15.466,42.3474111,-71.0799147,7.731,-20.799999237060547,1.0541588,1769642414805
1086,284688384,1769642416915,18:20:16.915,42.3474318,-71.0799112,8.08,-20.799999237060547,1.0117301,1769642416585
1087,284950528,1769642418065,18:20:18.065,42.3474445,-71.0799076,8.268,-21.0,0.9976767,1769642417765
1088,285212672,1769642419500,18:20:19.500,42.3474588,-71.0799059,8.461,-21.0,1.0250914,1769642419023
1089,285474816,1769642420237,18:20:20.237,42.3474722,-71.0799044,8.574,-21.0,1.0272471,1769642420180
1090,285736960,1769642421444,18:20:21.444,42.3474847,-71.0799055,8.657,-21.0,1.032705,1769642421320
1091,285999104,1769642422974,18:20:22.974,42.3474975,-71.0799104,8.763,-21.0,1.0813172,1769642422478
1092,286261248,1769642423704,18:20:23.704,42.3475107,-71.0799144,8.899,-21.0,1.0659716,1769642423646
1093,286523392,1769642424495,18:20:24.495,42.3475182,-71.0799148,8.966,-21.0,1.068439,1769642424262
1094,286785536,1769642425199,18:20:25.199,42.3475219,-71.0799157,9.007,-20.899999618530273,1.0701493,1769642424714
1095,287047680,1769642425824,18:20:25.824,42.3475317,-71.079918,9.196,-20.899999618530273,1.0892417,1769642425485
1096,287309824,1769642426347,18:20:26.347,42.3475376,-71.0799191,9.286,-20.899999618530273,1.0896653,1769642426022
1097,287571968,1769642426729,18:20:26.729,42.3475459,-71.0799194,9.368,-20.899999618530273,1.0938497,1769642426661
1098,287834112,1769642427270,18:20:27.270,42.3475528,-71.0799179,9.507,-20.899999618530273,1.0950472,1769642427206
1099,288096256,1769642427924,18:20:27.924,42.3475602,-71.0799177,9.585,-20.899999618530273,1.0516083,1769642427905
1100,288358400,1769642428282,18:20:28.282,42.3475602,-71.0799177,9.585,-20.899999618530273,1.0516083,1769642427905
1101,288620544,1769642428787,18:20:28.787,42.3475602,-71.0799177,9.585,-20.899999618530273,1.0516083,1769642427905
1102,288882688,1769642429214,18:20:29.214,42.3475727,-71.0799162,9.808,-20.899999618530273,1.0178404,1769642429062
1103,289144832,1769642429716,18:20:29.716,42.3475808,-71.0799141,10.008,-20.899999618530273,1.0664443,1769642429665
1104,289406976,1769642430257,18:20:30.257,42.3475808,-71.0799141,10.008,-20.899999618530273,1.0664443,1769642429665
1105,289669120,1769642430709,18:20:30.709,42.3475888,-71.0799126,10.22,-20.899999618530273,1.0716403,1769642430325
1106,289931264,1769642431238,18:20:31.238,42.3475943,-71.079913,10.37,-20.899999618530273,1.0661722,1769642430861
1107,290193408,1769642431709,18:20:31.709,42.3476016,-71.0799125,10.667,-20.899999618530273,1.1029173,1769642431488
1108,290455552,1769642432168,18:20:32.168,42.3476084,-71.0799121,10.99,-21.0,1.10213,1769642432046
1109,290717696,1769642432560,18:20:32.560,42.3476084,-71.0799121,10.99,-21.0,1.10213,1769642432046
1110,290979840,1769642433027,18:20:33.027,42.3476167,-71.0799115,11.219,-21.0,1.1010119,1769642432702
1111,291241984,1769642433390,18:20:33.390,42.3476229,-71.0799084,11.533,-21.0,1.1195747,1769642433187
1112,291504128,1769642433757,18:20:33.757,42.3476229,-71.0799084,11.533,-21.0,1.1195747,1769642433187
1113,291766272,1769642434178,18:20:34.178,42.3476298,-71.0799069,11.611,-21.0,1.1082674,1769642433825
1114,292028416,1769642434616,18:20:34.616,42.3476359,-71.079903,11.894,-21.0,1.10363,1769642434302
1115,292290560,1769642434966,18:20:34.966,42.3476359,-71.079903,11.894,-21.0,1.10363,1769642434302
1116,292552704,1769642435311,18:20:35.311,42.3476433,-71.0799003,12.121,-21.0,1.0909326,1769642434966
1117,292814848,1769642435726,18:20:35.726,42.3476498,-71.0798991,12.329,-21.0,1.1032861,1769642435487
1118,293076992,1769642436082,18:20:36.082,42.3476498,-71.0798991,12.329,-21.0,1.1032861,1769642435487
1119,293339136,1769642436429,18:20:36.429,42.3476561,-71.0798991,12.533,-21.0,1.1061958,1769642436090
1120,293601280,1769642436781,18:20:36.781,42.3476625,-71.0799,12.711,-21.0,1.0951308,1769642436665
1121,293863424,1769642437131,18:20:37.131,42.3476625,-71.0799,12.711,-21.0,1.0951308,1769642436665
1122,294125568,1769642437492,18:20:37.492,42.3476733,-71.0798925,12.775,-21.0,1.0933545,1769642437300
1123,294387712,1769642437940,18:20:37.940,42.3476814,-71.0798875,12.711,-21.0,1.1094314,1769642437844
1124,294649856,1769642438309,18:20:38.309,42.3476814,-71.0798875,12.711,-21.0,1.1094314,1769642437844
1125,294912000,1769642438654,18:20:38.654,42.3476947,-71.0798792,12.407,-21.0,1.0996158,1769642438517
1126,295174144,1769642439008,18:20:39.008,42.3476947,-71.0798792,12.407,-21.0,1.0996158,1769642438517
1127,295436288,1769642439421,18:20:39.421,42.3477031,-71.0798753,12.113,-21.0,1.0982475,1769642439048
1128,295698432,1769642439909,18:20:39.909,42.3477131,-71.0798706,11.776,-21.0,1.1155994,1769642439624
1129,295960576,1769642440260,18:20:40.260,42.3477252,-71.0798656,11.018,-21.0,1.12161,1769642440204
1130,296222720,1769642440683,18:20:40.683,42.3477252,-71.0798656,11.018,-21.0,1.12161,1769642440204
1131,296484864,1769642441252,18:20:41.252,42.3477345,-71.0798635,10.606,-21.0,1.1019692,1769642440860
1132,296747008,1769642441778,18:20:41.778,42.3477433,-71.0798613,9.987,-21.0,1.0995057,1769642441345
1133,297009152,1769642442156,18:20:42.156,42.3477515,-71.0798614,9.245,-21.0,1.0981342,1769642441985
1134,297271296,1769642442594,18:20:42.594,42.3477607,-71.0798607,8.841,-21.0,1.0972781,1769642442563
1135,297533440,1769642443328,18:20:43.328,42.3477673,-71.0798596,8.338,-21.0,1.0988938,1769642443100
1136,297795584,1769642443842,18:20:43.842,42.3477736,-71.0798582,8.231,-21.0,1.0984315,1769642443660
1137,298057728,1769642444625,18:20:44.625,42.3477814,-71.0798563,8.131,-21.0,1.0966251,1769642444327
1138,298319872,1769642445492,18:20:45.492,42.3477953,-71.0798535,8.083,-21.0,1.0955889,1769642445483
1139,298582016,1769642446222,18:20:46.222,42.3478009,-71.0798517,8.042,-20.799999237060547,1.0957268,1769642445986
1140,298844160,1769642446970,18:20:46.970,42.3478081,-71.0798497,8.089,-20.799999237060547,1.0922211,1769642446643
1141,299106304,1769642447423,18:20:47.423,42.3478144,-71.0798489,8.195,-20.799999237060547,1.0944607,1769642447160
1142,299368448,1769642448054,18:20:48.054,42.3478213,-71.0798493,8.295,-20.799999237060547,1.0743395,1769642447824
1143,299630592,1769642448430,18:20:48.430,42.3478269,-71.0798506,8.421,-20.799999237060547,1.0796016,1769642448319
1144,299892736,1769642448826,18:20:48.826,42.3478269,-71.0798506,8.421,-20.799999237060547,1.0796016,1769642448319
1145,300154880,1769642449201,18:20:49.201,42.347834,-71.0798518,8.533,-20.799999237060547,1.0868094,1769642448991
1146,300417024,1769642449567,18:20:49.567,42.3478395,-71.0798546,8.624,-20.799999237060547,1.0910699,1769642449485
1147,300679168,1769642449974,18:20:49.974,42.3478395,-71.0798546,8.624,-20.799999237060547,1.0910699,1769642449485
1148,300941312,1769642450431,18:20:50.431,42.3478447,-71.0798569,8.714,-20.799999237060547,1.0891179,1769642450018
1149,301203456,1769642450864,18:20:50.864,42.3478518,-71.0798615,8.925,-20.799999237060547,1.0984576,1769642450629
1150,301465600,1769642451264,18:20:51.264,42.3478518,-71.0798615,8.925,-20.799999237060547,1.0984576,1769642450629
1151,301727744,1769642451677,18:20:51.677,42.3478587,-71.0798654,9.123,-20.799999237060547,1.0981095,1769642451266
1152,301989888,1769642452070,18:20:52.070,42.347864,-71.0798673,9.242,-20.799999237060547,1.1252152,1769642451769
1153,302252032,1769642452418,18:20:52.418,42.347864,-71.0798673,9.242,-20.799999237060547,1.1252152,1769642451769
1154,302514176,1769642452810,18:20:52.810,42.3478694,-71.0798698,9.478,-20.799999237060547,1.1452519,1769642452361
1155,302776320,1769642453166,18:20:53.166,42.3478768,-71.0798723,9.677,-20.799999237060547,1.141056,1769642452926
1156,303038464,1769642453484,18:20:53.484,42.3478768,-71.0798723,9.677,-20.799999237060547,1.141056,1769642452926
1157,303300608,1769642453840,18:20:53.840,42.3478834,-71.0798741,9.829,-20.799999237060547,1.1595591,1769642453521
1158,303562752,1769642454252,18:20:54.252,42.3478896,-71.0798754,9.937,-20.799999237060547,1.1596074,1769642454084
1159,303824896,1769642454616,18:20:54.616,42.3478896,-71.0798754,9.937,-20.799999237060547,1.1596074,1769642454084
1160,304087040,1769642454964,18:20:54.964,42.3478957,-71.0798784,10.018,-20.799999237060547,1.1182898,1769642454708
1161,304349184,1769642455320,18:20:55.320,42.3479009,-71.0798824,10.163,-20.799999237060547,1.1139855,1769642455227
1162,304611328,1769642455670,18:20:55.670,42.3479009,-71.0798824,10.163,-20.799999237060547,1.1139855,1769642455227
1163,304873472,1769642456065,18:20:56.065,42.3479075,-71.0798865,10.232,-20.799999237060547,1.0956221,1769642455905
1164,305135616,1769642456452,18:20:56.452,42.3479127,-71.0798923,10.336,-20.799999237060547,1.0778358,1769642456425
1165,305397760,1769642456801,18:20:56.801,42.3479127,-71.0798923,10.336,-20.799999237060547,1.0778358,1769642456425
1166,305659904,1769642457151,18:20:57.151,42.3479188,-71.0798971,10.429,-20.799999237060547,1.0737228,1769642457063
1167,305922048,1769642457503,18:20:57.503,42.3479188,-71.0798971,10.429,-20.799999237060547,1.0737228,1769642457063
1168,306184192,1769642457887,18:20:57.887,42.347925,-71.0799038,10.52,-20.799999237060547,1.066384,1769642457600
1169,306446336,1769642458211,18:20:58.211,42.347925,-71.0799038,10.52,-20.799999237060547,1.066384,1769642457600
1170,306708480,1769642458649,18:20:58.649,42.347929,-71.0799099,10.468,-20.799999237060547,1.0601823,1769642458204
1171,306970624,1769642459359,18:20:59.359,42.3479371,-71.0799167,10.163,-20.799999237060547,1.0418129,1769642459259
1172,307232768,1769642460054,18:21:00.054,42.3479416,-71.0799186,10.026,-20.799999237060547,1.0847889,1769642459823
1173,307494912,1769642460985,18:21:00.985,42.3479436,-71.0799314,9.387,-20.799999237060547,1.1011202,1769642460963
1174,307757056,1769642462097,18:21:02.097,42.3479395,-71.0799415,9.0,-20.799999237060547,1.1234483,1769642461586
1175,308019200,1769642462910,18:21:02.910,42.3479336,-71.0799533,8.059,-20.799999237060547,1.1071745,1769642462701
1176,308281344,1769642463321,18:21:03.321,42.3479323,-71.0799566,7.48,-20.799999237060547,1.1066185,1769642463245
1177,308543488,1769642463739,18:21:03.739,42.3479323,-71.0799566,7.48,-20.799999237060547,1.1066185,1769642463245
1178,308805632,1769642464116,18:21:04.116,42.3479364,-71.0799585,7.232,-20.799999237060547,1.102094,1769642463901
1179,309067776,1769642464543,18:21:04.543,42.3479384,-71.0799607,6.764,-20.799999237060547,1.0950052,1769642464395
1180,309329920,1769642464899,18:21:04.899,42.3479384,-71.0799607,6.764,-20.799999237060547,1.0950052,1769642464395
1181,309592064,1769642465248,18:21:05.248,42.3479435,-71.0799633,6.393,-20.799999237060547,1.0920688,1769642465033
1182,309854208,1769642465604,18:21:05.604,42.3479471,-71.0799673,6.218,-20.799999237060547,1.073546,1769642465549
1183,310116352,1769642465961,18:21:05.961,42.3479471,-71.0799673,6.218,-20.799999237060547,1.073546,1769642465549
1184,310378496,1769642466313,18:21:06.313,42.34795,-71.0799724,5.924,-20.799999237060547,1.0562564,1769642466091
1185,310640640,1769642466666,18:21:06.666,42.34795,-71.0799724,5.924,-20.799999237060547,1.0562564,1769642466091
1186,310902784,1769642467023,18:21:07.023,42.3479546,-71.079978,5.838,-20.799999237060547,1.0413952,1769642466717
1187,311164928,1769642467376,18:21:07.376,42.3479546,-71.079978,5.838,-20.799999237060547,1.0413952,1769642466717
1188,311427072,1769642467730,18:21:07.730,42.3479591,-71.0799847,5.76,-20.799999237060547,0.99281895,1769642467410
1189,311689216,1769642468084,18:21:08.084,42.3479624,-71.0799887,5.745,-20.799999237060547,0.9895887,1769642467893
1190,311951360,1769642468400,18:21:08.400,42.3479624,-71.0799887,5.745,-20.799999237060547,0.9895887,1769642467893
1191,312213504,1769642468781,18:21:08.781,42.3479674,-71.0799958,5.763,-20.799999237060547,0.9845679,1769642468575
1192,312475648,1769642469228,18:21:09.228,42.3479714,-71.0799991,5.791,-20.799999237060547,0.98426986,1769642469058
1193,312737792,1769642469648,18:21:09.648,42.3479755,-71.0800054,5.858,-20.799999237060547,1.0163331,1769642469596
1194,312999936,1769642470072,18:21:10.072,42.3479755,-71.0800054,5.858,-20.799999237060547,1.0163331,1769642469596
1195,313262080,1769642470526,18:21:10.526,42.3479789,-71.0800133,5.973,-20.799999237060547,1.0150758,1769642470129
1196,313524224,1769642470920,18:21:10.920,42.3479841,-71.0800195,6.055,-20.799999237060547,1.0748174,1769642470771
1197,313786368,1769642471353,18:21:11.353,42.3479872,-71.0800267,6.284,-20.799999237060547,1.073282,1769642471255
1198,314048512,1769642471817,18:21:11.817,42.3479872,-71.0800267,6.284,-20.799999237060547,1.073282,1769642471255
1199,314310656,1769642472222,18:21:12.222,42.3479925,-71.0800327,6.383,-20.799999237060547,1.0969398,1769642471877
1200,314572800,1769642472656,18:21:12.656,42.3479967,-71.0800376,6.54,-20.799999237060547,1.0912201,1769642472353
1201,314834944,1769642473087,18:21:13.087,42.3480025,-71.0800423,6.823,-20.799999237060547,1.1284983,1769642472964
1202,315097088,1769642473502,18:21:13.502,42.3480052,-71.0800503,6.969,-20.799999237060547,1.1594735,1769642473474
1203,315359232,1769642473895,18:21:13.895,42.3480052,-71.0800503,6.969,-20.799999237060547,1.1594735,1769642473474
1204,315621376,1769642474246,18:21:14.246,42.3480088,-71.0800547,7.089,-20.799999237060547,1.1637255,1769642473972
1205,315883520,1769642474596,18:21:14.596,42.3480088,-71.0800547,7.089,-20.799999237060547,1.1637255,1769642473972
1206,316145664,1769642474963,18:21:14.963,42.3480124,-71.080063,7.237,-20.799999237060547,1.1727012,1769642474634
1207,316407808,1769642475342,18:21:15.342,42.3480149,-71.0800715,7.376,-20.799999237060547,1.1732965,1769642475241
1208,316669952,1769642475716,18:21:15.716,42.3480149,-71.0800715,7.376,-20.799999237060547,1.1732965,1769642475241
1209,316932096,1769642476067,18:21:16.067,42.3480186,-71.0800778,7.431,-20.799999237060547,1.1619889,1769642475816
1210,317194240,1769642476473,18:21:16.473,42.3480193,-71.0800857,7.522,-20.799999237060547,1.1504513,1769642476335
1211,317456384,1769642476829,18:21:16.829,42.3480193,-71.0800857,7.522,-20.799999237060547,1.1504513,1769642476335
1212,317718528,1769642477192,18:21:17.192,42.3480222,-71.0800912,7.539,-20.799999237060547,1.1808773,1769642476838
1213,317980672,1769642477621,18:21:17.621,42.3480241,-71.0800994,7.636,-20.799999237060547,1.1623174,1769642477475
1214,318242816,1769642478030,18:21:18.030,42.3480267,-71.0801052,7.629,-20.799999237060547,1.1689975,1769642477976
1215,318504960,1769642478384,18:21:18.384,42.3480267,-71.0801052,7.629,-20.799999237060547,1.1689975,1769642477976
1216,318767104,1769642478912,18:21:18.912,42.3480272,-71.0801131,7.665,-20.799999237060547,1.1099914,1769642478616
1217,319029248,1769642479584,18:21:19.584,42.3480249,-71.0801193,7.64,-20.799999237060547,1.0931095,1769642479118
1218,319291392,1769642480447,18:21:20.447,42.3480254,-71.0801289,7.566,-20.799999237060547,1.0619514,1769642480292
1219,319553536,1769642481371,18:21:21.371,42.3480279,-71.0801356,7.52,-20.799999237060547,1.0505686,1769642480994
1220,319815680,1769642482157,18:21:22.157,42.348031,-71.0801432,7.41,-20.799999237060547,1.0507987,1769642482062
1221,320077824,1769642482900,18:21:22.900,42.3480366,-71.0801457,7.292,-20.799999237060547,1.0568777,1769642482696
1222,320339968,1769642483406,18:21:23.406,42.3480366,-71.0801457,7.292,-20.799999237060547,1.0568777,1769642482696
1223,320602112,1769642483760,18:21:23.760,42.3480454,-71.0801476,7.175,-20.799999237060547,1.0594645,1769642483461
1224,320864256,1769642484117,18:21:24.117,42.3480503,-71.0801492,7.14,-20.799999237060547,1.0575294,1769642483915
1225,321126400,1769642484471,18:21:24.471,42.3480503,-71.0801492,7.14,-20.799999237060547,1.0575294,1769642483915
1226,321388544,1769642484829,18:21:24.829,42.3480619,-71.0801474,7.071,-20.799999237060547,1.0290145,1769642484615
1227,321650688,1769642485180,18:21:25.180,42.3480728,-71.0801407,6.919,-20.799999237060547,1.0265094,1769642485133
1228,321912832,1769642485540,18:21:25.540,42.3480728,-71.0801407,6.919,-20.799999237060547,1.0265094,1769642485133
1229,322174976,1769642485892,18:21:25.892,42.348081,-71.0801407,6.862,-20.799999237060547,1.007956,1769642485788
1230,322437120,1769642486244,18:21:26.244,42.348081,-71.0801407,6.862,-20.799999237060547,1.007956,1769642485788
1231,322699264,1769642486596,18:21:26.596,42.3480886,-71.0801366,6.645,-20.799999237060547,1.0203714,1769642486317
1232,322961408,1769642487017,18:21:27.017,42.3480886,-71.0801366,6.645,-20.799999237060547,1.0203714,1769642486317
1233,323223552,1769642487378,18:21:27.378,42.3480955,-71.0801382,6.499,-20.799999237060547,0.9891441,1769642487052
1234,323485696,1769642487733,18:21:27.733,42.3481005,-71.0801361,6.347,-20.799999237060547,0.9666424,1769642487554
1235,323747840,1769642488113,18:21:28.113,42.3481005,-71.0801361,6.347,-20.799999237060547,0.9666424,1769642487554
1236,324009984,1769642488464,18:21:28.464,42.348107,-71.0801356,5.996,-20.799999237060547,0.9525782,1769642488313
1237,324272128,1769642488857,18:21:28.857,42.3481114,-71.0801375,5.827,-20.799999237060547,0.996476,1769642488813
1238,324534272,1769642489264,18:21:29.264,42.3481114,-71.0801375,5.827,-20.799999237060547,0.996476,1769642488813
1239,324796416,1769642489634,18:21:29.634,42.348117,-71.0801393,5.435,-20.799999237060547,1.0042127,1769642489453
1240,325058560,1769642490031,18:21:30.031,42.348117,-71.0801393,5.435,-20.799999237060547,1.0042127,1769642489453
1241,325320704,1769642490394,18:21:30.394,42.3481214,-71.0801426,5.122,-20.799999237060547,1.0025715,1769642490021
1242,325582848,1769642490746,18:21:30.746,42.3481269,-71.0801454,4.951,-20.799999237060547,0.9879046,1769642490714
1243,325844992,1769642491100,18:21:31.100,42.3481269,-71.0801454,4.951,-20.799999237060547,0.9879046,1769642490714
1244,326107136,1769642491453,18:21:31.453,42.348131,-71.0801462,4.684,-20.799999237060547,1.0091671,1769642491217
1245,326369280,1769642491808,18:21:31.808,42.348131,-71.0801462,4.684,-20.799999237060547,1.0091671,1769642491217
1246,326631424,1769642492159,18:21:32.159,42.3481368,-71.08015,4.629,-20.799999237060547,0.96265626,1769642491964
1247,326893568,1769642492643,18:21:32.643,42.3481419,-71.080152,4.565,-20.799999237060547,0.9514737,1769642492513
1248,327155712,1769642493046,18:21:33.046,42.3481419,-71.080152,4.565,-20.799999237060547,0.9514737,1769642492513
1249,327417856,1769642493396,18:21:33.396,42.348146,-71.0801544,4.559,-20.799999237060547,0.9505187,1769642493055
1250,327680000,1769642493747,18:21:33.747,42.3481521,-71.0801571,4.537,-20.799999237060547,0.9558093,1769642493697
1251,327942144,1769642494102,18:21:34.102,42.3481521,-71.0801571,4.537,-20.799999237060547,0.9558093,1769642493697
1252,328204288,1769642494587,18:21:34.587,42.3481599,-71.0801608,4.576,-20.799999237060547,0.97952133,1769642494455
1253,328466432,1769642495036,18:21:35.036,42.3481599,-71.0801608,4.576,-20.799999237060547,0.97952133,1769642494455
1254,328728576,1769642495544,18:21:35.544,42.3481651,-71.0801632,4.625,-20.799999237060547,0.9726322,1769642495024
1255,328990720,1769642495980,18:21:35.980,42.3481729,-71.0801659,4.654,-20.799999237060547,0.99147433,1769642495599
1256,329252864,1769642496397,18:21:36.397,42.3481802,-71.080167,4.733,-20.799999237060547,1.006425,1769642496115
1257,329515008,1769642496754,18:21:36.754,42.3481802,-71.080167,4.733,-20.799999237060547,1.006425,1769642496115
1258,329777152,1769642497117,18:21:37.117,42.3481871,-71.0801698,4.79,-20.799999237060547,0.99255246,1769642496790
1259,330039296,1769642497459,18:21:37.459,42.348194,-71.0801714,4.874,-20.799999237060547,0.99695873,1769642497318
1260,330301440,1769642497813,18:21:37.813,42.348194,-71.0801714,4.874,-20.799999237060547,0.99695873,1769642497318
1261,330563584,1769642498425,18:21:38.425,42.3482013,-71.0801741,4.943,-20.799999237060547,0.9709774,1769642498017
1262,330825728,1769642498981,18:21:38.981,42.3482083,-71.0801764,5.02,-20.799999237060547,0.9709073,1769642498537
1263,331087872,1769642499898,18:21:39.898,42.3482216,-71.0801801,5.204,-20.799999237060547,0.9710444,1769642499724
1264,331350016,1769642500613,18:21:40.613,42.3482289,-71.0801817,5.303,-20.799999237060547,0.9634696,1769642500352
1265,331612160,1769642500984,18:21:40.984,42.348235,-71.0801836,5.4,-20.799999237060547,0.96154606,1769642500933
1266,331874304,1769642501371,18:21:41.371,42.348235,-71.0801836,5.4,-20.799999237060547,0.96154606,1769642500933
1267,332136448,1769642501915,18:21:41.915,42.3482415,-71.0801845,5.48,-20.799999237060547,0.9451327,1769642501553
1268,332398592,1769642502431,18:21:42.431,42.348247,-71.0801859,5.585,-20.799999237060547,0.94103974,1769642502098
1269,332660736,1769642502995,18:21:42.995,42.3482527,-71.0801889,5.654,-20.799999237060547,0.9364807,1769642502773
1270,332922880,1769642503430,18:21:43.430,42.3482577,-71.0801903,5.787,-20.799999237060547,0.9350329,1769642503332
1271,333185024,1769642503951,18:21:43.951,42.3482577,-71.0801903,5.787,-20.799999237060547,0.9350329,1769642503332
1272,333447168,1769642504388,18:21:44.388,42.3482641,-71.0801923,5.894,-20.799999237060547,0.9576159,1769642504034
1273,333709312,1769642504763,18:21:44.763,42.3482641,-71.0801923,5.894,-20.799999237060547,0.9576159,1769642504034
1274,333971456,1769642505249,18:21:45.249,42.3482737,-71.0801959,6.142,-20.799999237060547,1.0049297,1769642504979
1275,334233600,1769642505791,18:21:45.791,42.3482794,-71.0801962,6.301,-20.799999237060547,1.0380685,1769642505596
1276,334495744,1769642506194,18:21:46.194,42.3482794,-71.0801962,6.301,-20.799999237060547,1.0380685,1769642505596
1277,334757888,1769642506799,18:21:46.799,42.3482907,-71.0801981,6.554,-20.799999237060547,1.068468,1769642506773
1278,335020032,1769642507346,18:21:47.346,42.3482907,-71.0801981,6.554,-20.799999237060547,1.068468,1769642506773
1279,335282176,1769642508064,18:21:48.064,42.3483026,-71.080199,6.795,-20.799999237060547,1.075667,1769642507975
1280,335544320,1769642508838,18:21:48.838,42.3483093,-71.0801982,6.883,-20.799999237060547,1.1091162,1769642508579
1281,335806464,1769642509295,18:21:49.295,42.3483164,-71.0801974,7.014,-20.799999237060547,1.1102484,1769642509192
1282,336068608,1769642509839,18:21:49.839,42.3483164,-71.0801974,7.014,-20.799999237060547,1.1102484,1769642509192
1283,336330752,1769642510492,18:21:50.492,42.3483272,-71.0801991,7.142,-20.799999237060547,1.1955376,1769642510073
1284,336592896,1769642510933,18:21:50.933,42.3483272,-71.0801991,7.142,-20.799999237060547,1.1955376,1769642510073
1285,336855040,1769642511342,18:21:51.342,42.3483371,-71.0802004,7.292,-20.799999237060547,1.2458497,1769642510994
1286,337117184,1769642511825,18:21:51.825,42.3483465,-71.080201,7.478,-20.799999237060547,1.2555422,1769642511732
1287,337379328,1769642512289,18:21:52.289,42.3483517,-71.0802009,7.695,-20.799999237060547,1.2454258,1769642512216
1288,337641472,1769642512813,18:21:52.813,42.3483517,-71.0802009,7.695,-20.799999237060547,1.2454258,1769642512216
1289,337903616,1769642513149,18:21:53.149,42.3483577,-71.0802017,7.827,-20.799999237060547,1.2374666,1769642512830
1290,338165760,1769642513546,18:21:53.546,42.3483615,-71.0802018,8.054,-20.799999237060547,1.2351326,1769642513313
1291,338427904,1769642513974,18:21:53.974,42.348368,-71.0802022,8.237,-20.799999237060547,1.2344513,1769642513936
1292,338690048,1769642514500,18:21:54.500,42.3483726,-71.0802007,8.34,-20.799999237060547,1.2182256,1769642514449
1293,338952192,1769642514972,18:21:54.972,42.3483726,-71.0802007,8.34,-20.799999237060547,1.2182256,1769642514449
1294,339214336,1769642515434,18:21:55.434,42.3483784,-71.0802005,8.418,-20.799999237060547,1.2137477,1769642515033
1295,339476480,1769642515920,18:21:55.920,42.3483784,-71.0802005,8.418,-20.799999237060547,1.2137477,1769642515033
1296,339738624,1769642516402,18:21:56.402,42.3483859,-71.0801989,8.49,-20.799999237060547,1.1592431,1769642515972
1297,340000768,1769642516918,18:21:56.918,42.3483893,-71.0801994,8.544,-20.799999237060547,1.1145778,1769642516711
1298,340262912,1769642517416,18:21:57.416,42.3483893,-71.0801994,8.544,-20.799999237060547,1.1145778,1769642516711
1299,340525056,1769642517958,18:21:57.958,42.3483934,-71.0802006,8.596,-20.799999237060547,1.0867505,1769642517462
1300,340787200,1769642518332,18:21:58.332,42.3483962,-71.0802014,8.648,-20.799999237060547,1.080904,1769642518046
1301,341049344,1769642518782,18:21:58.782,42.3484002,-71.0802027,8.677,-20.799999237060547,1.0767331,1769642518576
1302,341311488,1769642519275,18:21:59.275,42.3484012,-71.0802069,8.717,-20.799999237060547,1.0717143,1769642519114
1303,341573632,1769642519647,18:21:59.647,42.3484012,-71.0802069,8.717,-20.799999237060547,1.0717143,1769642519114
1304,341835776,1769642520062,18:22:00.062,42.3484045,-71.0802115,8.762,-20.799999237060547,1.0789014,1769642519718
1305,342097920,1769642520444,18:22:00.444,42.348405,-71.0802194,8.795,-20.799999237060547,1.0599593,1769642520235
1306,342360064,1769642520833,18:22:00.833,42.348405,-71.0802194,8.795,-20.799999237060547,1.0599593,1769642520235
1307,342622208,1769642521213,18:22:01.213,42.3484087,-71.0802262,8.83,-20.799999237060547,1.0842516,1769642520870
1308,342884352,1769642521604,18:22:01.604,42.3484085,-71.0802355,8.864,-20.799999237060547,1.0746182,1769642521377
1309,343146496,1769642521961,18:22:01.961,42.3484085,-71.0802355,8.864,-20.799999237060547,1.0746182,1769642521377
1310,343408640,1769642522311,18:22:02.311,42.3484116,-71.0802421,8.894,-20.799999237060547,1.0824974,1769642521959
1311,343670784,1769642522725,18:22:02.725,42.3484151,-71.0802487,8.908,-20.799999237060547,1.1186478,1769642522458
1312,343932928,1769642523129,18:22:03.129,42.3484209,-71.0802527,8.944,-20.799999237060547,1.1118515,1769642523053
1313,344195072,1769642523534,18:22:03.534,42.3484209,-71.0802527,8.944,-20.799999237060547,1.1118515,1769642523053
1314,344457216,1769642523897,18:22:03.897,42.3484217,-71.0802618,8.933,-20.799999237060547,1.1085362,1769642523576
1315,344719360,1769642524251,18:22:04.251,42.3484203,-71.0802746,8.868,-20.799999237060547,1.1001409,1769642524175
1316,344981504,1769642524603,18:22:04.603,42.3484203,-71.0802746,8.868,-20.799999237060547,1.1001409,1769642524175
1317,345243648,1769642525019,18:22:05.019,42.3484216,-71.0802825,8.823,-20.799999237060547,1.1446147,1769642524677
1318,345505792,1769642525387,18:22:05.387,42.3484247,-71.0802909,8.75,-20.799999237060547,1.1413105,1769642525276
1319,345767936,1769642525753,18:22:05.753,42.3484247,-71.0802909,8.75,-20.799999237060547,1.1413105,1769642525276
1320,346030080,1769642526120,18:22:06.120,42.3484291,-71.0802959,8.75,-20.799999237060547,1.1577322,1769642525818
1321,346292224,1769642526476,18:22:06.476,42.3484309,-71.0803043,8.67,-20.799999237060547,1.1065624,1769642526449
1322,346554368,1769642526826,18:22:06.826,42.3484309,-71.0803043,8.67,-20.799999237060547,1.1065624,1769642526449
1323,346816512,1769642527231,18:22:07.231,42.3484328,-71.0803095,8.603,-20.799999237060547,1.1033295,1769642526933
1324,347078656,1769642527781,18:22:07.781,42.3484347,-71.0803171,8.422,-20.799999237060547,1.089906,1769642527616
1325,347340800,1769642528566,18:22:08.566,42.348436,-71.080323,8.184,-20.799999237060547,1.0906631,1769642528093
1326,347602944,1769642529833,18:22:09.833,42.3484451,-71.0803308,7.98,-22.168050398009658,1.1065716,1769642529250
1327,347865088,1769642530690,18:22:10.690,42.3484563,-71.0803375,7.836,-22.193429177607758,1.0712842,1769642530466
1328,348127232,1769642531450,18:22:11.450,42.3484616,-71.0803407,7.692,-22.193429177607758,1.0645041,1769642531032
1329,348389376,1769642532329,18:22:12.329,42.3484701,-71.0803461,7.685,-22.26283198834584,1.0567478,1769642532045
1330,348651520,1769642532940,18:22:12.940,42.3484752,-71.0803488,7.658,-22.26283198834584,1.0641983,1769642532698
1331,348913664,1769642533251,18:22:13.251,42.3484752,-71.0803488,7.658,-22.26283198834584,1.0641983,1769642532698
1332,349175808,1769642533588,18:22:13.588,42.3484797,-71.0803517,7.66,-22.347731252635146,1.0585724,1769642533336
1333,349437952,1769642533941,18:22:13.941,42.3484834,-71.0803544,7.643,-22.347731252635146,1.0796826,1769642533833
1334,349700096,1769642534293,18:22:14.293,42.3484834,-71.0803544,7.643,-22.347731252635146,1.0796826,1769642533833
1335,349962240,1769642534651,18:22:14.651,42.3484889,-71.080358,7.591,-22.284605821106602,1.1078,1769642534478
1336,350224384,1769642535004,18:22:15.004,42.3484941,-71.0803612,7.515,-22.170969909058545,1.1061981,1769642534996
1337,350486528,1769642535418,18:22:15.418,42.3484941,-71.0803612,7.515,-22.170969909058545,1.1061981,1769642534996
1338,350748672,1769642535805,18:22:15.805,42.3485006,-71.0803636,7.452,-22.17666708900996,1.1074773,1769642535609
1339,351010816,1769642536212,18:22:16.212,42.348505,-71.0803643,7.349,-22.34986444158414,1.1013643,1769642536112
1340,351272960,1769642536638,18:22:16.638,42.348505,-71.0803643,7.349,-22.34986444158414,1.1013643,1769642536112
1341,351535104,1769642536990,18:22:16.990,42.3485109,-71.0803668,7.286,-22.34986444158414,1.0677227,1769642536792
1342,351797248,1769642537304,18:22:17.304,42.348515,-71.0803668,7.143,-22.379386035787917,1.0633932,1769642537276
1343,352059392,1769642537714,18:22:17.714,42.348515,-71.0803668,7.143,-22.379386035787917,1.0633932,1769642537276
1344,352321536,1769642538090,18:22:18.090,42.348521,-71.0803689,7.023,-22.379386035787917,1.0498312,1769642537934
1345,352583680,1769642538454,18:22:18.454,42.3485264,-71.0803685,6.91,-22.385972574181274,1.0652915,1769642538451
1346,352845824,1769642538809,18:22:18.809,42.3485264,-71.0803685,6.91,-22.385972574181274,1.0652915,1769642538451
1347,353107968,1769642539161,18:22:19.161,42.3485316,-71.0803697,6.834,-22.42015529260524,1.0711825,1769642538993
1348,353370112,1769642539518,18:22:19.518,42.3485316,-71.0803697,6.834,-22.42015529260524,1.0711825,1769642538993
1349,353632256,1769642539873,18:22:19.873,42.3485388,-71.0803684,6.612,-22.42015529260524,1.0944021,1769642539592
1350,353894400,1769642540230,18:22:20.230,42.348546,-71.0803686,6.407,-22.438800354480016,1.1001666,1769642540233
1351,354156544,1769642540605,18:22:20.605,42.348546,-71.0803686,6.407,-22.438800354480016,1.1001666,1769642540233
1352,354418688,1769642541061,18:22:21.061,42.3485516,-71.08037,6.333,-22.438800354480016,1.1044283,1769642540734
1353,354680832,1769642541510,18:22:21.510,42.3485589,-71.0803711,6.168,-22.510353014733532,1.1102564,1769642541411
1354,354942976,1769642541884,18:22:21.884,42.3485636,-71.0803727,6.075,-22.527962160301414,1.0998408,1769642541875
1355,355205120,1769642542267,18:22:22.267,42.3485636,-71.0803727,6.075,-22.527962160301414,1.0998408,1769642541875
1356,355467264,1769642542821,18:22:22.821,42.3485694,-71.0803733,5.894,-22.532105876626336,1.0962673,1769642542496
1357,355729408,1769642543416,18:22:23.416,42.3485741,-71.0803745,5.756,-22.532105876626336,1.0907496,1769642542990
1358,355991552,1769642543776,18:22:23.776,42.3485798,-71.0803749,5.655,-22.57043153017008,1.0733992,1769642543636
1359,356253696,1769642544323,18:22:24.323,42.3485835,-71.080375,5.504,-22.463110542048216,1.0573095,1769642544155
1360,356515840,1769642545149,18:22:25.149,42.3485887,-71.080378,5.431,-22.463110542048216,1.0617088,1769642544796
1361,356777984,1769642545638,18:22:25.638,42.3485887,-71.080378,5.431,-22.463110542048216,1.0617088,1769642544796
1362,357040128,1769642545997,18:22:25.997,42.3485957,-71.0803861,5.248,-22.49263144111067,1.0735202,1769642545833
1363,357302272,1769642546492,18:22:26.492,42.3485993,-71.0803904,5.076,-22.504543354142804,1.0580227,1769642546461
1364,357564416,1769642546853,18:22:26.853,42.3485993,-71.0803904,5.076,-22.504543354142804,1.0580227,1769642546461
1365,357826560,1769642547211,18:22:27.211,42.3486031,-71.0803951,4.949,-22.504543354142804,1.068151,1769642547033
1366,358088704,1769642547562,18:22:27.562,42.3486066,-71.0803967,4.878,-22.518008975094475,1.0706193,1769642547519
1367,358350848,1769642547932,18:22:27.932,42.3486066,-71.0803967,4.878,-22.518008975094475,1.0706193,1769642547519
1368,358612992,1769642548317,18:22:28.317,42.3486108,-71.0803989,4.812,-22.702035133244983,1.070972,1769642548015
1369,358875136,1769642548757,18:22:28.757,42.3486108,-71.0803989,4.812,-22.702035133244983,1.070972,1769642548015
1370,359137280,1769642549197,18:22:29.197,42.3486205,-71.080397,4.722,-22.69892768300478,1.0607623,1769642549053
1371,359399424,1769642549613,18:22:29.613,42.3486205,-71.080397,4.722,-22.69892768300478,1.0607623,1769642549053
1372,359661568,1769642550067,18:22:30.067,42.3486267,-71.080389,4.574,-22.69892768300478,0.9639461,1769642549956
1373,359923712,1769642550488,18:22:30.488,42.3486267,-71.080389,4.574,-22.69892768300478,0.9639461,1769642549956
1374,360185856,1769642550895,18:22:30.895,42.3486267,-71.080389,4.574,-22.69892768300478,0.9639461,1769642549956
1375,360448000,1769642551314,18:22:31.314,42.3486278,-71.0803821,4.582,-22.689087416502772,0.77602875,1769642551022
1376,360710144,1769642551666,18:22:31.666,42.3486278,-71.0803821,4.582,-22.689087416502772,0.77602875,1769642551022
1377,360972288,1769642552018,18:22:32.018,42.3486217,-71.0803742,4.619,-22.689087416502772,0.58073854,1769642551793
1378,361234432,1769642552419,18:22:32.419,42.3486195,-71.0803716,4.64,-22.487565794893097,0.55731237,1769642552328
1379,361496576,1769642552853,18:22:32.853,42.3486195,-71.0803716,4.64,-22.487565794893097,0.55731237,1769642552328
1380,361758720,1769642553200,18:22:33.200,42.3486207,-71.0803684,4.708,-22.487565794893097,0.6343153,1769642552950
1381,362020864,1769642553553,18:22:33.553,42.3486217,-71.0803632,4.784,-22.516057364767807,0.7796673,1769642553469
1382,362283008,1769642553905,18:22:33.905,42.3486217,-71.0803632,4.784,-22.516057364767807,0.7796673,1769642553469
1383,362545152,1769642554439,18:22:34.439,42.3486234,-71.0803597,4.884,-22.58544348461887,0.8225133,1769642554029
1384,362807296,1769642554876,18:22:34.876,42.3486234,-71.0803597,4.884,-22.58544348461887,0.8225133,1769642554029
1385,363069440,1769642555286,18:22:35.286,42.3486295,-71.0803533,5.188,-22.648719113978665,0.9226631,1769642554963
1386,363331584,1769642555696,18:22:35.696,42.3486297,-71.0803488,5.508,-22.648719113978665,0.9488304,1769642555676
1387,363593728,1769642556132,18:22:36.132,42.3486297,-71.0803488,5.508,-22.648719113978665,0.9488304,1769642555676
1388,363855872,1769642562259,18:22:42.259,42.3486658,-71.0803763,7.458,-22.83671834208033,0.98954004,1769642562040
1389,364118016,1769642562863,18:22:42.863,42.3486701,-71.0803793,7.427,-22.83304952501519,0.96119297,1769642562613
1390,364380160,1769642563446,18:22:43.446,42.3486737,-71.0803817,7.291,-22.975450649356322,0.9319683,1769642563176
1391,364642304,1769642563822,18:22:43.822,42.3486777,-71.0803838,7.202,-22.975450649356322,0.9413402,1769642563752
1392,364904448,1769642564448,18:22:44.448,42.3486816,-71.0803871,6.978,-22.89934358361497,0.92407364,1769642564376
1393,365166592,1769642564813,18:22:44.813,42.3486816,-71.0803871,6.978,-22.89934358361497,0.92407364,1769642564376
1394,365428736,1769642565421,18:22:45.421,42.3486859,-71.0803902,6.841,-22.89934358361497,1.0083354,1769642564894
1395,365690880,1769642565828,18:22:45.828,42.3486909,-71.0803947,6.556,-22.93507798847272,1.0558237,1769642565458
1396,365953024,1769642566373,18:22:46.373,42.3486955,-71.0803976,6.321,-23.091975973813632,1.0618922,1769642565955
1397,366215168,1769642566828,18:22:46.828,42.3487023,-71.0804028,6.139,-23.091975973813632,1.0454215,1769642566616
1398,366477312,1769642567181,18:22:47.181,42.3487087,-71.0804067,5.962,-23.124084896859408,1.0463144,1769642567133
1399,366739456,1769642567530,18:22:47.530,42.3487087,-71.0804067,5.962,-23.124084896859408,1.0463144,1769642567133
1400,367001600,1769642567881,18:22:47.881,42.3487149,-71.0804101,5.84,-23.124084896859408,1.0445249,1769642567695
1401,367263744,1769642568368,18:22:48.368,42.348723,-71.0804136,5.634,-23.193481191965365,1.0479099,1769642568293
1402,367525888,1769642568772,18:22:48.772,42.348723,-71.0804136,5.634,-23.193481191965365,1.0479099,1769642568293
1403,367788032,1769642569243,18:22:49.243,42.3487305,-71.0804172,5.49,-23.12146898111739,1.0648658,1769642569065
1404,368050176,1769642569720,18:22:49.720,42.3487305,-71.0804172,5.49,-23.12146898111739,1.0648658,1769642569065
1405,368312320,1769642570192,18:22:50.192,42.3487414,-71.0804244,5.433,-23.12146898111739,1.1034102,1769642569920
1406,368574464,1769642570723,18:22:50.723,42.3487476,-71.0804286,5.39,-23.219878397159487,1.1248606,1769642570452
1407,368836608,1769642571246,18:22:51.246,42.3487534,-71.0804317,5.394,-23.273737316370674,1.1317887,1769642571037
1408,369098752,1769642571772,18:22:51.772,42.348761,-71.0804344,5.393,-23.273737316370674,1.1019094,1769642571579
1409,369360896,1769642572260,18:22:52.260,42.3487685,-71.0804359,5.416,-23.297033323128492,1.1022458,1769642572213
1410,369623040,1769642572639,18:22:52.639,42.3487685,-71.0804359,5.416,-23.297033323128492,1.1022458,1769642572213
1411,369885184,1769642573126,18:22:53.126,42.3487741,-71.0804375,5.429,-23.297033323128492,1.1039131,1769642572717
1412,370147328,1769642573502,18:22:53.502,42.3487799,-71.0804396,5.456,-23.31677343462664,1.1072993,1769642573236
1413,370409472,1769642573898,18:22:53.898,42.3487866,-71.0804416,5.496,-23.31677343462664,1.12394,1769642573795
1414,370671616,1769642574355,18:22:54.355,42.3487866,-71.0804416,5.496,-23.31677343462664,1.12394,1769642573795
1415,370933760,1769642574760,18:22:54.760,42.348795,-71.0804426,5.533,-23.409988695451545,1.124974,1769642574408
1416,371195904,1769642575165,18:22:55.165,42.3488006,-71.0804431,5.549,-23.409988695451545,1.1302556,1769642574877
1417,371458048,1769642575611,18:22:55.611,42.34881,-71.0804424,5.595,-23.4597030881028,1.1276418,1769642575541
1418,371720192,1769642576076,18:22:56.076,42.3488164,-71.0804414,5.616,-23.4597030881028,1.1296139,1769642576047
1419,371982336,1769642576530,18:22:56.530,42.3488164,-71.0804414,5.616,-23.4597030881028,1.1296139,1769642576047
1420,372244480,1769642577042,18:22:57.042,42.3488164,-71.0804414,5.616,-23.4597030881028,1.1296139,1769642576047
1421,372506624,1769642577438,18:22:57.438,42.3488286,-71.080441,5.701,-23.54404345718984,1.1247294,1769642577051
1422,372768768,1769642577910,18:22:57.910,42.348838,-71.0804426,5.777,-23.54404345718984,1.1097333,1769642577694
1423,373030912,1769642578300,18:22:58.300,42.3488446,-71.0804429,5.849,-23.509115266827653,1.1058738,1769642578228
1424,373293056,1769642578654,18:22:58.654,42.3488446,-71.0804429,5.849,-23.509115266827653,1.1058738,1769642578228
1425,373555200,1769642579018,18:22:59.018,42.3488502,-71.0804431,5.877,-23.509115266827653,1.1187515,1769642578755
1426,373817344,1769642579423,18:22:59.423,42.348857,-71.0804404,5.898,-23.544846876561433,1.1208922,1769642579336
1427,374079488,1769642579792,18:22:59.792,42.348857,-71.0804404,5.898,-23.544846876561433,1.1208922,1769642579336
1428,374341632,1769642580197,18:23:00.197,42.3488629,-71.0804381,5.948,-23.544846876561433,1.1049266,1769642579913
1429,374603776,1769642580589,18:23:00.589,42.3488677,-71.0804363,5.96,-23.5774712601414,1.101046,1769642580463
1430,374865920,1769642580963,18:23:00.963,42.3488677,-71.0804363,5.96,-23.5774712601414,1.101046,1769642580463
1431,375128064,1769642581335,18:23:01.335,42.3488729,-71.0804347,5.998,-23.5774712601414,1.0965976,1769642581018
1432,375390208,1769642581764,18:23:01.764,42.3488761,-71.080434,6.008,-23.7105567490599,1.111103,1769642581558
1433,375652352,1769642582145,18:23:02.145,42.3488796,-71.0804332,6.019,-23.73851997517456,1.1104876,1769642582028
1434,375914496,1769642582512,18:23:02.512,42.3488796,-71.0804332,6.019,-23.73851997517456,1.1104876,1769642582028
1435,376176640,1769642582896,18:23:02.896,42.3488833,-71.0804317,6.025,-23.73851997517456,1.1131462,1769642582702
1436,376438784,1769642583250,18:23:03.250,42.3488833,-71.0804317,6.025,-23.73851997517456,1.1131462,1769642582702
1437,376700928,1769642583601,18:23:03.601,42.3488888,-71.0804293,6.069,-23.768173927780115,1.1141713,1769642583315
1438,376963072,1769642583952,18:23:03.952,42.3488931,-71.0804281,6.093,-23.768173927780115,1.0739578,1769642583837
1439,377225216,1769642584302,18:23:04.302,42.3488931,-71.0804281,6.093,-23.768173927780115,1.0739578,1769642583837
1440,377487360,1769642584655,18:23:04.655,42.3488949,-71.0804292,6.118,-23.85568755977708,1.0306746,1769642584418
1441,377749504,1769642585004,18:23:05.004,42.3488949,-71.0804292,6.118,-23.85568755977708,1.0306746,1769642584418
1442,378011648,1769642585356,18:23:05.356,42.3488987,-71.0804285,6.126,-23.85568755977708,1.0308292,1769642585030
1443,378273792,1769642585701,18:23:05.701,42.348903,-71.0804286,6.161,-23.937504232740128,1.0300319,1769642585577
1444,378535936,1769642586064,18:23:06.064,42.348903,-71.0804286,6.161,-23.937504232740128,1.0300319,1769642585577
1445,378798080,1769642586449,18:23:06.449,42.3489064,-71.0804282,6.184,-23.95053673673818,1.0209726,1769642586073
1446,379060224,1769642586855,18:23:06.855,42.3489132,-71.0804275,6.262,-23.95053673673818,1.0442241,1769642586673
1447,379322368,1769642587272,18:23:07.272,42.3489132,-71.0804275,6.262,-23.95053673673818,1.0442241,1769642586673
1448,379584512,1769642587877,18:23:07.877,42.3489253,-71.08043,6.437,-24.09661655624759,1.0435323,1769642587829
1449,379846656,1769642588678,18:23:08.678,42.3489312,-71.0804359,6.603,-24.230859711079187,1.0492177,1769642588459
1450,380108800,1769642589215,18:23:09.215,42.3489366,-71.0804389,6.732,-24.230859711079187,1.0529985,1769642589030
1451,380370944,1769642590815,18:23:10.815,42.3489549,-71.0804416,7.476,-24.339081384214964,1.0702635,1769642590733
1452,380633088,1769642591631,18:23:11.631,42.348953,-71.0804423,7.769,-24.382059555107414,1.0202146,1769642591296
1453,380895232,1769642592581,18:23:12.581,42.3489484,-71.080442,7.962,-24.500490009747608,1.0820227,1769642592459
1454,381157376,1769642593861,18:23:13.861,42.3489413,-71.0804348,7.994,-24.778025653122135,1.077071,1769642593548
1455,381419520,1769642594756,18:23:14.756,42.3489431,-71.0804268,7.946,-24.90642088426165,1.069781,1769642594707
1456,381681664,1769642595571,18:23:15.571,42.3489394,-71.0804218,7.779,-24.939558261481096,1.0491029,1769642595176
1457,381943808,1769642596387,18:23:16.387,42.3489372,-71.0804103,7.437,-24.992370692515617,1.0463648,1769642596351
1458,382205952,1769642597267,18:23:17.267,42.3489387,-71.0804046,7.255,-24.992370692515617,1.0556844,1769642596989
1459,382468096,1769642597620,18:23:17.620,42.3489394,-71.0804024,7.175,-25.048415035057406,1.0453844,1769642597478
1460,382730240,1769642597976,18:23:17.976,42.3489394,-71.0804024,7.175,-25.048415035057406,1.0453844,1769642597478
1461,382992384,1769642598526,18:23:18.526,42.3489408,-71.0803987,7.071,-24.99286356619421,1.0435505,1769642597997
1462,383254528,1769642598890,18:23:18.890,42.3489451,-71.0803995,7.013,-24.99286356619421,1.0267831,1769642598676
1463,383516672,1769642599599,18:23:19.599,42.3489512,-71.0803999,6.962,-24.91156964792666,1.0113727,1769642599349
1464,383778816,1769642599979,18:23:19.979,42.3489572,-71.0804013,6.864,-24.91156964792666,1.005517,1769642599833
1465,384040960,1769642600324,18:23:20.324,42.3489572,-71.0804013,6.864,-24.91156964792666,1.005517,1769642599833
1466,384303104,1769642600809,18:23:20.809,42.3489683,-71.0804071,6.68,-24.921407134140132,0.98999476,1769642600517
1467,384565248,1769642601161,18:23:21.161,42.3489747,-71.0804078,6.507,-24.921407134140132,0.9958431,1769642601032
1468,384827392,1769642601502,18:23:21.502,42.3489747,-71.0804078,6.507,-24.921407134140132,0.9958431,1769642601032
1469,385089536,1769642602066,18:23:22.066,42.3489849,-71.0804124,6.39,-24.94367087717668,0.9872553,1769642601735
1470,385351680,1769642602416,18:23:22.416,42.3489915,-71.0804177,6.034,-24.958168167238988,0.960601,1769642602211
1471,385613824,1769642602917,18:23:22.917,42.3489915,-71.0804177,6.034,-24.958168167238988,0.960601,1769642602211
1472,385875968,1769642603292,18:23:23.292,42.348999,-71.0804202,5.86,-24.958168167238988,0.9871736,1769642602908
1473,386138112,1769642603643,18:23:23.643,42.3490046,-71.0804248,5.482,-24.981985090715966,1.0169978,1769642603426
1474,386400256,1769642603992,18:23:23.992,42.3490046,-71.0804248,5.482,-24.981985090715966,1.0169978,1769642603426
1475,386662400,1769642604412,18:23:24.412,42.3490099,-71.0804273,5.144,-25.101129123269217,1.0128113,1769642604012
1476,386924544,1769642604739,18:23:24.739,42.3490146,-71.0804335,4.852,-25.101129123269217,1.048759,1769642604568
1477,387186688,1769642605107,18:23:25.107,42.3490146,-71.0804335,4.852,-25.101129123269217,1.048759,1769642604568
1478,387448832,1769642605474,18:23:25.474,42.3490188,-71.0804358,4.529,-25.10320015548037,1.0410101,1769642605048
1479,387710976,1769642605876,18:23:25.876,42.3490245,-71.0804422,4.377,-25.10320015548037,1.0875176,1769642605709
1480,387973120,1769642606262,18:23:26.262,42.3490245,-71.0804422,4.377,-25.10320015548037,1.0875176,1769642605709
1481,388235264,1769642606742,18:23:26.742,42.3490303,-71.0804472,4.246,-25.112519794256563,1.0850393,1769642606349
1482,388497408,1769642607079,18:23:27.079,42.3490348,-71.0804505,4.193,-25.112519794256563,1.0759021,1769642606854
1483,388759552,1769642607433,18:23:27.433,42.3490348,-71.0804505,4.193,-25.112519794256563,1.0759021,1769642606854
1484,389021696,1769642607779,18:23:27.779,42.3490406,-71.0804556,4.127,-25.11873288116253,1.0771031,1769642607514
1485,389283840,1769642608131,18:23:28.131,42.3490452,-71.080458,4.105,-25.11873288116253,1.0705392,1769642607993
1486,389545984,1769642608480,18:23:28.480,42.3490452,-71.080458,4.105,-25.11873288116253,1.0705392,1769642607993
1487,389808128,1769642608846,18:23:28.846,42.3490524,-71.0804614,4.17,-25.123910450156437,1.0670412,1769642608689
1488,390070272,1769642609201,18:23:29.201,42.3490568,-71.0804641,4.241,-25.108770150054255,1.0624527,1769642609172
1489,390332416,1769642609587,18:23:29.587,42.3490568,-71.0804641,4.241,-25.108770150054255,1.0624527,1769642609172
1490,390594560,1769642609932,18:23:29.932,42.3490633,-71.0804657,4.307,-25.108770150054255,1.0337921,1769642609847
1491,390856704,1769642610286,18:23:30.286,42.3490633,-71.0804657,4.307,-25.108770150054255,1.0337921,1769642609847
1492,391118848,1769642610637,18:23:30.637,42.3490689,-71.0804679,4.428,-25.107734635881712,0.9937917,1769642610454
1493,391380992,1769642610999,18:23:30.999,42.3490689,-71.0804679,4.428,-25.107734635881712,0.9937917,1769642610454
1494,391643136,1769642611513,18:23:31.513,42.3490738,-71.080468,4.518,-25.21504206762149,0.9970744,1769642611063
1495,391905280,1769642611862,18:23:31.862,42.3490797,-71.0804701,4.603,-25.21504206762149,1.0092521,1769642611592
1496,392167424,1769642612316,18:23:32.316,42.3490862,-71.0804697,4.736,-25.20365138291885,1.0235641,1769642612276
1497,392429568,1769642612893,18:23:32.893,42.3490913,-71.0804682,4.814,-25.20365138291885,0.998928,1769642612827
1498,392691712,1769642613801,18:23:33.801,42.3490975,-71.0804667,4.949,-25.10316307785669,1.0061368,1769642613459
1499,392953856,1769642614488,18:23:34.488,42.3491063,-71.0804618,5.163,-25.091254599987394,1.0339592,1769642614463
1500,393216000,1769642615013,18:23:35.013,42.3491063,-71.0804618,5.163,-25.091254599987394,1.0339592,1769642614463
1501,393478144,1769642615572,18:23:35.572,42.3491103,-71.0804573,5.255,-25.091254599987394,1.0339488,1769642615014
1502,393740288,1769642615925,18:23:35.925,42.3491153,-71.0804536,5.332,-25.0736507329312,1.0454694,1769642615670
1503,394002432,1769642616339,18:23:36.339,42.349121,-71.0804528,5.478,-25.113024098270763,1.0595156,1769642616209
1504,394264576,1769642616715,18:23:36.715,42.349121,-71.0804528,5.478,-25.113024098270763,1.0595156,1769642616209
1505,394526720,1769642617037,18:23:37.037,42.3491255,-71.0804498,5.554,-25.113024098270763,1.0766035,1769642616735
1506,394788864,1769642617390,18:23:37.390,42.3491327,-71.0804506,5.694,-24.860109242796156,1.0967095,1769642617313
1507,395051008,1769642617737,18:23:37.737,42.3491327,-71.0804506,5.694,-24.860109242796156,1.0967095,1769642617313
1508,395313152,1769642618088,18:23:38.088,42.3491382,-71.0804483,5.751,-24.860109242796156,1.0987493,1769642617876
1509,395575296,1769642618442,18:23:38.442,42.3491382,-71.0804483,5.751,-24.860109242796156,1.0987493,1769642617876
1510,395837440,1769642618789,18:23:38.789,42.3491438,-71.080444,5.842,-25.044198797913065,1.1006753,1769642618456
1511,396099584,1769642619152,18:23:39.152,42.349148,-71.0804383,5.986,-25.044198797913065,1.1029212,1769642619016
1512,396361728,1769642619558,18:23:39.558,42.349148,-71.0804383,5.986,-25.044198797913065,1.1029212,1769642619016
1513,396623872,1769642619911,18:23:39.911,42.3491575,-71.0804421,6.059,-25.048340887771257,1.1079979,1769642619552
1514,396886016,1769642620364,18:23:40.364,42.3491692,-71.0804493,6.038,-25.050929692918317,1.1241294,1769642620190
1515,397148160,1769642620761,18:23:40.761,42.349176,-71.0804505,6.015,-25.050929692918317,1.0971956,1769642620693
1516,397410304,1769642621119,18:23:41.119,42.349176,-71.0804505,6.015,-25.050929692918317,1.0971956,1769642620693
1517,397672448,1769642621758,18:23:41.758,42.3491849,-71.0804528,5.926,-24.967365420839382,1.1086379,1769642621333
1518,397934592,1769642622109,18:23:42.109,42.3491904,-71.0804509,5.849,-24.967365420839382,1.1113316,1769642621835
1519,398196736,1769642622733,18:23:42.733,42.3491978,-71.0804488,5.671,-24.973060785649576,1.1038277,1769642622515
1520,398458880,1769642623102,18:23:43.102,42.3492026,-71.0804466,5.53,-24.973060785649576,1.099764,1769642622993
1521,398721024,1769642623432,18:23:43.432,42.3492026,-71.0804466,5.53,-24.973060785649576,1.099764,1769642622993
1522,398983168,1769642623846,18:23:43.846,42.3492097,-71.0804453,5.401,-25.078821550179107,1.0834409,1769642623674
1523,399245312,1769642624194,18:23:44.194,42.3492158,-71.0804455,5.107,-25.080374830555645,1.1044896,1769642624175
1524,399507456,1769642624716,18:23:44.716,42.3492158,-71.0804455,5.107,-25.080374830555645,1.1044896,1769642624175
1525,399769600,1769642625121,18:23:45.121,42.3492223,-71.0804434,5.012,-25.080374830555645,1.084797,1769642624813
1526,400031744,1769642625488,18:23:45.488,42.3492281,-71.0804431,4.852,-25.09850147083695,1.0908455,1769642625314
1527,400293888,1769642625838,18:23:45.838,42.3492281,-71.0804431,4.852,-25.09850147083695,1.0908455,1769642625314
1528,400556032,1769642626315,18:23:46.315,42.3492348,-71.0804406,4.751,-25.09850147083695,1.0734224,1769642625954
1529,400818176,1769642626698,18:23:46.698,42.3492411,-71.0804405,4.743,-25.1295761606711,1.0970986,1769642626416
1530,401080320,1769642627011,18:23:47.011,42.3492411,-71.0804405,4.743,-25.1295761606711,1.0970986,1769642626416
1531,401342464,1769642627363,18:23:47.363,42.3492479,-71.0804393,4.694,-25.1295761606711,1.1112679,1769642626928
1532,401604608,1769642627712,18:23:47.712,42.3492554,-71.0804357,4.683,-25.1295761606711,1.1026455,1769642627554
1533,401866752,1769642628065,18:23:48.065,42.3492554,-71.0804357,4.683,-25.1295761606711,1.1026455,1769642627554
1534,402128896,1769642628413,18:23:48.413,42.3492623,-71.0804315,4.671,-25.13682478170028,1.1061265,1769642628193
1535,402391040,1769642628766,18:23:48.766,42.349267,-71.080428,4.673,-25.13682478170028,1.1065377,1769642628693
1536,402653184,1769642629125,18:23:49.125,42.349267,-71.080428,4.673,-25.13682478170028,1.1065377,1769642628693
1537,402915328,1769642629536,18:23:49.536,42.3492729,-71.0804239,4.678,-25.14718096704903,1.1137,1769642629308
1538,403177472,1769642629986,18:23:49.986,42.3492777,-71.08042,4.678,-25.14718096704903,1.1076002,1769642629837
1539,403439616,1769642630383,18:23:50.383,42.3492777,-71.08042,4.678,-25.14718096704903,1.1076002,1769642629837
1540,403701760,1769642630903,18:23:50.903,42.3492839,-71.080416,4.672,-25.157536119374516,1.0993959,1769642630490
1541,403963904,1769642631316,18:23:51.316,42.3492884,-71.0804132,4.645,-25.157536119374516,1.0881922,1769642630975
1542,404226048,1769642631728,18:23:51.728,42.3492943,-71.0804097,4.659,-25.255434969363083,1.0690922,1769642631632
1543,404488192,1769642632068,18:23:52.068,42.3492943,-71.0804097,4.659,-25.255434969363083,1.0690922,1769642631632
1544,404750336,1769642632461,18:23:52.461,42.3493004,-71.0804051,4.709,-25.225949695297878,1.076545,1769642632150
1545,405012480,1769642632813,18:23:52.813,42.3493068,-71.0804001,4.731,-25.225949695297878,1.0624583,1769642632814
1546,405274624,1769642633160,18:23:53.160,42.3493068,-71.0804001,4.731,-25.225949695297878,1.0624583,1769642632814
1547,405536768,1769642633539,18:23:53.539,42.349313,-71.0803954,4.778,-25.243553391721957,1.0718043,1769642633336
1548,405798912,1769642633933,18:23:53.933,42.349313,-71.0803954,4.778,-25.243553391721957,1.0718043,1769642633336
1549,406061056,1769642634405,18:23:54.405,42.3493199,-71.0803907,4.83,-25.243553391721957,1.0655578,1769642633992
1550,406323200,1769642634852,18:23:54.852,42.3493257,-71.0803857,4.877,-25.24717767768957,1.0533036,1769642634491
1551,406585344,1769642635189,18:23:55.189,42.3493305,-71.0803815,4.94,-25.25597950867934,1.0432361,1769642635015
1552,406847488,1769642635559,18:23:55.559,42.3493305,-71.0803815,4.94,-25.25597950867934,1.0432361,1769642635015
1553,407109632,1769642636034,18:23:56.034,42.3493383,-71.0803724,5.02,-25.25597950867934,1.0464915,1769642635667
1554,407371776,1769642636423,18:23:56.423,42.3493447,-71.0803632,5.1,-25.257015017615544,1.0470756,1769642636334
1555,407633920,1769642636791,18:23:56.791,42.3493447,-71.0803632,5.1,-25.257015017615544,1.0470756,1769642636334
1556,407896064,1769642637117,18:23:57.117,42.3493492,-71.0803579,5.148,-25.257015017615544,1.028682,1769642636852
1557,408158208,1769642637468,18:23:57.468,42.3493492,-71.0803579,5.148,-25.257015017615544,1.028682,1769642636852
1558,408420352,1769642637820,18:23:57.820,42.3493557,-71.08035,5.238,-25.27561954643354,1.0251381,1769642637533
1559,408682496,1769642638172,18:23:58.172,42.3493599,-71.0803452,5.316,-25.27561954643354,1.0288028,1769642638013
1560,408944640,1769642638643,18:23:58.643,42.3493599,-71.0803452,5.316,-25.27561954643354,1.0288028,1769642638013
1561,409206784,1769642639056,18:23:59.056,42.3493657,-71.0803362,5.376,-25.244682287806462,1.0359415,1769642638673
1562,409468928,1769642639407,18:23:59.407,42.3493694,-71.0803279,5.401,-25.288175807616117,1.0333025,1769642639194
1563,409731072,1769642639902,18:23:59.902,42.3493744,-71.0803207,5.431,-25.288175807616117,1.0046096,1769642639850
1564,409993216,1769642640252,18:24:00.252,42.3493744,-71.0803207,5.431,-25.288175807616117,1.0046096,1769642639850
1565,410255360,1769642640607,18:24:00.607,42.3493782,-71.0803144,5.458,-25.13969506941928,1.000073,1769642640367
1566,410517504,1769642641037,18:24:01.037,42.3493835,-71.0803088,5.484,-25.13969506941928,1.0150822,1769642641007
1567,410779648,1769642641419,18:24:01.419,42.3493835,-71.0803088,5.484,-25.13969506941928,1.0150822,1769642641007
1568,411041792,1769642641795,18:24:01.795,42.3493873,-71.0803028,5.494,-25.144872596020683,1.0305924,1769642641509
1569,411303936,1769642642317,18:24:02.317,42.3493903,-71.0802988,5.502,-25.15108562382683,1.0170479,1769642641963
1570,411566080,1769642642787,18:24:02.787,42.3493952,-71.0802898,5.491,-25.15108562382683,1.0126078,1769642642675
1571,411828224,1769642643385,18:24:03.385,42.3494002,-71.0802812,5.479,-25.295274340316503,1.0165927,1769642643375
1572,412090368,1769642644036,18:24:04.036,42.3494045,-71.0802751,5.482,-25.295274340316503,1.0634649,1769642643927
1573,412352512,1769642644640,18:24:04.640,42.3494077,-71.0802665,5.487,-25.26885400868046,1.0582364,1769642644474
1574,412614656,1769642645198,18:24:05.198,42.3494114,-71.0802599,5.489,-25.26885400868046,1.0603746,1769642645035
1575,412876800,1769642645812,18:24:05.812,42.3494145,-71.0802499,5.514,-25.27506701479166,1.0518092,1769642645708
1576,413138944,1769642646285,18:24:06.285,42.3494147,-71.0802404,5.491,-25.176949966571435,1.0456307,1769642646210
1577,413401088,1769642646744,18:24:06.744,42.3494147,-71.0802404,5.491,-25.176949966571435,1.0456307,1769642646210
1578,413663232,1769642647181,18:24:07.181,42.3494172,-71.0802332,5.496,-25.176949966571435,1.0492688,1769642646789
1579,413925376,1769642647685,18:24:07.685,42.3494179,-71.0802239,5.484,-25.187304961795647,1.0553789,1769642647368
1580,414187520,1769642648109,18:24:08.109,42.349421,-71.0802153,5.451,-25.187304961795647,1.060934,1769642648048
1581,414449664,1769642648573,18:24:08.573,42.3494209,-71.0802066,5.418,-25.19714219571045,1.0465202,1769642648553
1582,414711808,1769642648894,18:24:08.894,42.3494209,-71.0802066,5.418,-25.19714219571045,1.0465202,1769642648553
1583,414973952,1769642649392,18:24:09.392,42.3494222,-71.0802004,5.359,-25.325932916913615,1.0422359,1769642649014
1584,415236096,1769642649777,18:24:09.777,42.3494221,-71.0801883,5.284,-25.325932916913615,1.0505629,1769642649711
1585,415498240,1769642650287,18:24:10.287,42.3494221,-71.0801883,5.284,-25.325932916913615,1.0505629,1769642649711
1586,415760384,1769642650643,18:24:10.643,42.3494226,-71.0801784,5.206,-25.198695442141787,1.0533736,1769642650357
1587,416022528,1769642651019,18:24:11.019,42.3494238,-71.0801711,5.159,-25.198695442141787,1.0378966,1769642650903
1588,416284672,1769642651572,18:24:11.572,42.349423,-71.0801607,5.078,-25.198695442141787,1.057042,1769642651526
1589,416546816,1769642652032,18:24:12.032,42.349423,-71.0801607,5.078,-25.198695442141787,1.057042,1769642651526
1590,416808960,1769642652475,18:24:12.475,42.349424,-71.0801528,5.027,-25.198695442141787,1.064907,1769642652060
1591,417071104,1769642653004,18:24:13.004,42.3494232,-71.0801417,5.012,-25.199730939606773,1.0516613,1769642652698
1592,417333248,1769642653453,18:24:13.453,42.349421,-71.0801315,4.982,-25.246492423972494,1.0425925,1769642653243
1593,417595392,1769642654046,18:24:14.046,42.3494205,-71.0801211,4.978,-25.246492423972494,1.0065379,1769642653961
1594,417857536,1769642654673,18:24:14.673,42.3494203,-71.080113,4.988,-25.24027943656283,1.0088731,1769642654466
1595,418119680,1769642655460,18:24:15.460,42.3494216,-71.0801059,4.99,-25.244421428668545,1.0053033,1769642655028
1596,418381824,1769642656019,18:24:16.019,42.3494253,-71.0800974,4.969,-25.244421428668545,1.0139166,1769642655638
1597,418643968,1769642656574,18:24:16.574,42.3494304,-71.0800898,4.936,-25.151250835384474,1.0367265,1769642656318
1598,418906112,1769642657018,18:24:17.018,42.3494345,-71.0800847,4.933,-25.151250835384474,1.0422702,1769642656804
1599,419168256,1769642657333,18:24:17.333,42.3494345,-71.0800847,4.933,-25.151250835384474,1.0422702,1769642656804
1600,419430400,1769642657788,18:24:17.788,42.3494402,-71.0800777,4.902,-25.112802146868724,1.0544151,1769642657477
1601,419692544,1769642658141,18:24:18.141,42.349444,-71.0800724,4.884,-25.112802146868724,1.0464567,1769642657978
1602,419954688,1769642658489,18:24:18.489,42.349444,-71.0800724,4.884,-25.112802146868724,1.0464567,1769642657978
1603,420216832,1769642658895,18:24:18.895,42.3494493,-71.0800657,4.898,-25.268881116435033,1.0500094,1769642658617
1604,420478976,1769642659227,18:24:19.227,42.349454,-71.0800607,4.877,-25.289591012126433,1.0637605,1769642659099
1605,420741120,1769642659577,18:24:19.577,42.349454,-71.0800607,4.877,-25.289591012126433,1.0637605,1769642659099
1606,421003264,1769642659931,18:24:19.931,42.3494592,-71.0800541,4.889,-25.289591012126433,1.0617639,1769642659763
1607,421265408,1769642660283,18:24:20.283,42.3494645,-71.0800479,4.911,-25.266200427315407,1.0801458,1769642660259
1608,421527552,1769642660638,18:24:20.638,42.3494645,-71.0800479,4.911,-25.266200427315407,1.0801458,1769642660259
1609,421789696,1769642660987,18:24:20.987,42.3494692,-71.0800396,4.934,-25.266200427315407,1.0722253,1769642660943
1610,422051840,1769642661336,18:24:21.336,42.3494692,-71.0800396,4.934,-25.266200427315407,1.0722253,1769642660943
1611,422313984,1769642661733,18:24:21.733,42.3494752,-71.080034,4.95,-25.33205140199673,1.0458888,1769642661461
1612,422576128,1769642662082,18:24:22.082,42.3494752,-71.080034,4.95,-25.33205140199673,1.0458888,1769642661461
1613,422838272,1769642662448,18:24:22.448,42.3494793,-71.0800283,4.973,-25.34292403014213,1.0470726,1769642661976
1614,423100416,1769642662788,18:24:22.788,42.3494881,-71.0800212,4.996,-25.34292403014213,1.0499634,1769642662637
1615,423362560,1769642663240,18:24:23.240,42.3494881,-71.0800212,4.996,-25.34292403014213,1.0499634,1769642662637
1616,423624704,1769642663636,18:24:23.636,42.3494959,-71.0800153,5.02,-25.362080531999656,1.0632102,1769642663257
1617,423886848,1769642664080,18:24:24.080,42.3495008,-71.0800112,5.023,-25.362080531999656,1.0622842,1769642663745
1618,424148992,1769642664519,18:24:24.519,42.3495111,-71.080006,5.028,-25.513273869268506,1.0798775,1769642664417
1619,424411136,1769642664905,18:24:24.905,42.3495111,-71.080006,5.028,-25.513273869268506,1.0798775,1769642664417
1620,424673280,1769642665347,18:24:25.347,42.3495173,-71.0800022,5.024,-25.513273869268506,1.0857936,1769642664923
1621,424935424,1769642665998,18:24:25.998,42.3495284,-71.0799981,4.982,-25.549515665261353,1.1021154,1769642665557
1622,425197568,1769642666440,18:24:26.440,42.3495346,-71.0799946,4.955,-25.549515665261353,1.1016397,1769642666022
1623,425459712,1769642666785,18:24:26.785,42.3495444,-71.0799895,4.934,-25.602324866008253,1.1120576,1769642666698
1624,425721856,1769642667392,18:24:27.392,42.3495515,-71.0799857,4.87,-25.675902103659514,1.1182904,1769642667153
1625,425984000,1769642668200,18:24:28.200,42.3495589,-71.0799801,4.837,-25.675902103659514,1.1205133,1769642667838
1626,426246144,1769642668945,18:24:28.945,42.3495649,-71.0799768,4.767,-25.506029527559203,1.1164975,1769642668324
1627,426508288,1769642669433,18:24:29.433,42.3495709,-71.0799718,4.718,-25.506029527559203,1.1000988,1769642668978
1628,426770432,1769642669753,18:24:29.753,42.3495756,-71.0799669,4.7,-25.524667915275554,1.0947897,1769642669480
1629,427032576,1769642670138,18:24:30.138,42.3495795,-71.0799629,4.65,-25.53295163018326,1.0911072,1769642669960
1630,427294720,1769642670488,18:24:30.488,42.3495795,-71.0799629,4.65,-25.53295163018326,1.0911072,1769642669960
1631,427556864,1769642670858,18:24:30.858,42.3495858,-71.0799542,4.655,-25.53295163018326,1.0741519,1769642670759
1632,427819008,1769642671316,18:24:31.316,42.3495894,-71.0799484,4.653,-25.533987093986283,1.0751762,1769642671244
1633,428081152,1769642671681,18:24:31.681,42.3495894,-71.0799484,4.653,-25.533987093986283,1.0751762,1769642671244
1634,428343296,1769642672033,18:24:32.033,42.3495948,-71.0799417,4.654,-25.533987093986283,1.0721925,1769642671943
1635,428605440,1769642672386,18:24:32.386,42.3495948,-71.0799417,4.654,-25.533987093986283,1.0721925,1769642671943
1636,428867584,1769642672734,18:24:32.734,42.3495989,-71.079935,4.679,-25.535022557663677,1.0643089,1769642672522
1637,429129728,1769642673095,18:24:33.095,42.3496024,-71.0799297,4.686,-25.535022557663677,1.0608131,1769642673023
1638,429391872,1769642673545,18:24:33.545,42.3496024,-71.0799297,4.686,-25.535022557663677,1.0608131,1769642673023
1639,429654016,1769642673986,18:24:33.986,42.3496061,-71.079921,4.721,-25.516384192388685,1.0571913,1769642673722
1640,429916160,1769642674398,18:24:34.398,42.349609,-71.0799141,4.757,-25.453043234758958,1.0580066,1769642674223
1641,430178304,1769642674756,18:24:34.756,42.349609,-71.0799141,4.757,-25.453043234758958,1.0580066,1769642674223
1642,430440448,1769642675140,18:24:35.140,42.3496126,-71.0799064,4.807,-25.453043234758958,1.0473728,1769642674861
1643,430702592,1769642675558,18:24:35.558,42.3496146,-71.0798996,4.878,-25.43595801773418,1.0633924,1769642675356
1644,430964736,1769642675937,18:24:35.937,42.3496146,-71.0798996,4.878,-25.43595801773418,1.0633924,1769642675356
1645,431226880,1769642676282,18:24:36.282,42.3496183,-71.0798915,4.927,-25.43595801773418,1.0802095,1769642676002
1646,431489024,1769642676647,18:24:36.647,42.3496209,-71.0798854,4.974,-25.46194510414885,1.072805,1769642676499
1647,431751168,1769642676983,18:24:36.983,42.3496209,-71.0798854,4.974,-25.46194510414885,1.072805,1769642676499
1648,432013312,1769642677330,18:24:37.330,42.3496242,-71.0798803,5.027,-25.44951943304507,1.0642425,1769642677010
1649,432275456,1769642677681,18:24:37.681,42.3496242,-71.0798803,5.027,-25.44951943304507,1.0642425,1769642677010
1650,432537600,1769642678033,18:24:38.033,42.3496287,-71.0798732,5.141,-25.44951943304507,1.0462513,1769642677696
1651,432799744,1769642678382,18:24:38.382,42.3496325,-71.0798675,5.236,-25.340151362975142,1.0325632,1769642678302
1652,433061888,1769642678735,18:24:38.735,42.3496325,-71.0798675,5.236,-25.340151362975142,1.0325632,1769642678302
1653,433324032,1769642679083,18:24:39.083,42.3496358,-71.0798629,5.301,-25.340151362975142,1.0574069,1769642678777
1654,433586176,1769642679433,18:24:39.433,42.34964,-71.0798564,5.445,-25.32107079411208,1.0832744,1769642679401
1655,433848320,1769642679786,18:24:39.786,42.34964,-71.0798564,5.445,-25.32107079411208,1.0832744,1769642679401
1656,434110464,1769642680133,18:24:40.133,42.3496438,-71.0798512,5.517,-25.32107079411208,1.0797487,1769642679920
1657,434372608,1769642680482,18:24:40.482,42.3496438,-71.0798512,5.517,-25.32107079411208,1.0797487,1769642679920
1658,434634752,1769642681119,18:24:41.119,42.3496495,-71.0798383,5.751,-25.396760216492737,1.0890142,1769642681060
1659,434896896,1769642681469,18:24:41.469,42.3496495,-71.0798383,5.751,-25.396760216492737,1.0890142,1769642681060
1660,435159040,1769642682069,18:24:42.069,42.3496499,-71.0798304,5.825,-25.39520699605695,1.0651569,1769642681742
1661,435421184,1769642682735,18:24:42.735,42.3496472,-71.0798232,5.952,-25.393136035039092,1.0511352,1769642682259
1662,435683328,1769642683443,18:24:43.443,42.3496487,-71.0798163,6.001,-25.393136035039092,1.0375683,1769642682881
1663,435945472,1769642684106,18:24:44.106,42.3496484,-71.0797993,6.15,-25.393653775339946,1.0434961,1769642684039
1664,436207616,1769642684488,18:24:44.488,42.3496484,-71.0797993,6.15,-25.393653775339946,1.0434961,1769642684039
1665,436469760,1769642685106,18:24:45.106,42.3496474,-71.0797901,6.176,-25.525699645099667,1.0429995,1769642684557
1666,436731904,1769642685749,18:24:45.749,42.3496447,-71.0797787,6.193,-25.519486759428084,1.0425291,1769642685225
1667,436994048,1769642686392,18:24:46.392,42.3496406,-71.0797608,6.181,-25.51896901875323,1.0283885,1769642686381
1668,437256192,1769642686905,18:24:46.905,42.3496406,-71.0797608,6.181,-25.51896901875323,1.0283885,1769642686381
1669,437518336,1769642687390,18:24:47.390,42.3496397,-71.0797522,6.161,-25.51896901875323,1.0369447,1769642686959
1670,437780480,1769642687812,18:24:47.812,42.3496322,-71.0797404,6.121,-25.52880608625246,1.0122498,1769642687539
1671,438042624,1769642688166,18:24:48.166,42.3496295,-71.0797323,6.059,-25.531394786355435,1.0047593,1769642688040
1672,438304768,1769642688517,18:24:48.517,42.3496295,-71.0797323,6.059,-25.531394786355435,1.0047593,1769642688040
1673,438566912,1769642688868,18:24:48.868,42.3496213,-71.0797181,5.971,-25.537607663424993,1.0227202,1769642688699
1674,438829056,1769642689219,18:24:49.219,42.3496128,-71.0797066,5.743,-25.538125402977844,1.0190859,1769642689180
1675,439091200,1769642689569,18:24:49.569,42.3496128,-71.0797066,5.743,-25.538125402977844,1.0190859,1769642689180
1676,439353344,1769642689916,18:24:49.916,42.3496096,-71.0796969,5.636,-25.538125402977844,1.0385637,1769642689824
1677,439615488,1769642690271,18:24:50.271,42.3496096,-71.0796969,5.636,-25.538125402977844,1.0385637,1769642689824
1678,439877632,1769642690632,18:24:50.632,42.3496044,-71.0796875,5.381,-25.542785057553164,1.049577,1769642690322
1679,440139776,1769642690987,18:24:50.987,42.3496044,-71.0796875,5.381,-25.542785057553164,1.049577,1769642690322
1680,440401920,1769642691340,18:24:51.340,42.3496025,-71.0796771,5.168,-25.542785057553164,1.0624583,1769642690997
1681,440664064,1769642691709,18:24:51.709,42.3495988,-71.079667,5.017,-25.558834959544598,1.0496324,1769642691497
1682,440926208,1769642692062,18:24:52.062,42.3495988,-71.079667,5.017,-25.558834959544598,1.0496324,1769642691497
1683,441188352,1769642692411,18:24:52.411,42.3495971,-71.0796591,4.906,-25.57436709424293,1.0452095,1769642692046
1684,441450496,1769642692759,18:24:52.759,42.3495971,-71.0796591,4.906,-25.57436709424293,1.0452095,1769642692046
1685,441712640,1769642693111,18:24:53.111,42.349592,-71.0796463,4.695,-25.57436709424293,1.0231706,1769642692758
1686,441974784,1769642693504,18:24:53.504,42.3495885,-71.0796351,4.604,-25.575402568891498,0.9670732,1769642693470
1687,442236928,1769642694083,18:24:54.083,42.3495885,-71.0796351,4.604,-25.575402568891498,0.9670732,1769642693470
1688,442499072,1769642694831,18:24:54.831,42.3495868,-71.079628,4.537,-25.57954446624192,0.9734797,1769642694017
1689,442761216,1769642695189,18:24:55.189,42.3495826,-71.0796165,4.523,-25.57954446624192,0.8965823,1769642694874
1690,443023360,1769642695573,18:24:55.573,42.3495826,-71.0796165,4.523,-25.57954446624192,0.8965823,1769642694874
1691,443285504,1769642695916,18:24:55.916,42.349581,-71.0796096,4.529,-25.541350355905973,0.82510114,1769642695576
1692,443547648,1769642696444,18:24:56.444,42.3495773,-71.0796017,4.511,-25.54963413414841,0.8282062,1769642696222
1693,443809792,1769642697027,18:24:57.027,42.3495752,-71.0795942,4.525,-25.55636469809467,0.8142737,1769642696842
1694,444071936,1769642697647,18:24:57.647,42.3495666,-71.0795833,4.514,-25.575003155379502,0.79985076,1769642697569
1695,444334080,1769642698439,18:24:58.439,42.3495626,-71.0795777,4.481,-25.58639330383413,0.79951155,1769642698060
1696,444596224,1769642699036,18:24:59.036,42.3495626,-71.0795777,4.481,-25.58639330383413,0.79951155,1769642698060
1697,444858368,1769642699692,18:24:59.692,42.3495487,-71.0795619,4.406,-25.599336636040153,0.7865666,1769642698994
1698,445120512,1769642700269,18:25:00.269,42.3495367,-71.0795463,4.339,-25.599336636040153,0.8347027,1769642699724
1699,445382656,1769642700925,18:25:00.925,42.3495281,-71.079534,4.235,-25.600741936408525,0.82592076,1769642700467
1700,445644800,1769642701476,18:25:01.476,42.3495243,-71.0795271,4.153,-25.600741936408525,0.8206619,1769642700956
1701,445906944,1769642701874,18:25:01.874,42.349518,-71.0795187,4.035,-25.614720702370132,0.8320197,1769642701614
1702,446169088,1769642702224,18:25:02.224,42.349511,-71.079513,3.87,-25.546781464254934,0.82431704,1769642702218
1703,446431232,1769642702574,18:25:02.574,42.349511,-71.079513,3.87,-25.546781464254934,0.82431704,1769642702218
1704,446693376,1769642702924,18:25:02.924,42.349507,-71.0795075,3.833,-25.546781464254934,0.85214525,1769642702737
1705,446955520,1769642703281,18:25:03.281,42.349507,-71.0795075,3.833,-25.546781464254934,0.85214525,1769642702737
1706,447217664,1769642703627,18:25:03.627,42.3495013,-71.0795016,3.756,-25.570079313553137,0.90786874,1769642703258
1707,447479808,1769642703975,18:25:03.975,42.3494968,-71.0794947,3.739,-25.570079313553137,1.0291271,1769642703774
1708,447741952,1769642704330,18:25:04.330,42.3494917,-71.0794885,3.67,-25.58716436292502,1.0379442,1769642704254
1709,448004096,1769642704682,18:25:04.682,42.3494917,-71.0794885,3.67,-25.58716436292502,1.0379442,1769642704254
1710,448266240,1769642705031,18:25:05.031,42.3494917,-71.0794885,3.67,-25.58716436292502,1.0379442,1769642704254
1711,448528384,1769642705390,18:25:05.390,42.3494857,-71.0794783,3.639,-25.59337709973646,1.1844249,1769642705007
1712,448790528,1769642705740,18:25:05.740,42.3494857,-71.0794783,3.639,-25.59337709973646,1.1844249,1769642705007
1713,449052672,1769642706086,18:25:06.086,42.3494792,-71.0794667,3.574,-25.59337709973646,1.2684776,1769642705737
1714,449314816,1769642706438,18:25:06.438,42.3494753,-71.0794599,3.542,-25.59078845994331,1.2391036,1769642706221
1715,449576960,1769642706799,18:25:06.799,42.3494753,-71.0794599,3.542,-25.59078845994331,1.2391036,1769642706221
1716,449839104,1769642707141,18:25:07.141,42.3494704,-71.0794513,3.558,-25.59078845994331,1.3161856,1769642706842
1717,450101248,1769642708057,18:25:08.057,42.3494649,-71.0794346,3.603,-25.595519934670484,1.3526633,1769642707898
1718,450363392,1769642708427,18:25:08.427,42.3494647,-71.0794258,3.64,-25.595519934670484,1.3340796,1769642708365
1719,450625536,1769642709043,18:25:09.043,42.3494635,-71.0794157,3.661,-25.595519934670484,1.334958,1769642708960
1720,450887680,1769642709394,18:25:09.394,42.3494635,-71.0794157,3.661,-25.595519934670484,1.334958,1769642708960
1721,451149824,1769642710036,18:25:10.036,42.3494639,-71.0793975,3.726,-25.485231617551236,1.3394928,1769642709980
1722,451411968,1769642710965,18:25:10.965,42.3494656,-71.0793886,3.741,-25.465040194350614,1.3335483,1769642710470
1723,451674112,1769642711560,18:25:11.560,42.3494649,-71.079372,3.728,-25.444330993104277,1.3271548,1769642711469
1724,451936256,1769642711970,18:25:11.970,42.3494649,-71.079372,3.728,-25.444330993104277,1.3271548,1769642711469
1725,452198400,1769642712338,18:25:12.338,42.3494623,-71.0793638,3.694,-25.444330993104277,1.3181258,1769642712036
1726,452460544,1769642712698,18:25:12.698,42.349463,-71.0793551,3.659,-25.42103308209329,1.2894745,1769642712502
1727,452722688,1769642713050,18:25:13.050,42.349463,-71.0793551,3.659,-25.42103308209329,1.2894745,1769642712502
1728,452984832,1769642713400,18:25:13.400,42.349462,-71.0793481,3.615,-25.399288308206078,1.2814828,1769642712991
1729,453246976,1769642713755,18:25:13.755,42.3494653,-71.0793364,3.61,-25.399288308206078,1.2346852,1769642713661
1730,453509120,1769642714144,18:25:14.144,42.3494653,-71.0793364,3.61,-25.399288308206078,1.2346852,1769642713661
1731,453771264,1769642714506,18:25:14.506,42.3494688,-71.0793245,3.581,-25.366153308939893,1.2220341,1769642714316
1732,454033408,1769642714927,18:25:14.927,42.3494713,-71.0793169,3.578,-25.366153308939893,1.1417508,1769642714819
1733,454295552,1769642715314,18:25:15.314,42.3494713,-71.0793169,3.578,-25.366153308939893,1.1417508,1769642714819
1734,454557696,1769642715664,18:25:15.664,42.3494768,-71.0793056,3.537,-25.33716007985523,1.0826681,1769642715503
1735,454819840,1769642716018,18:25:16.018,42.3494768,-71.0793056,3.537,-25.33716007985523,1.0826681,1769642715503
1736,455081984,1769642716387,18:25:16.387,42.3494783,-71.0792973,3.513,-25.33716007985523,1.0750232,1769642716054
1737,455344128,1769642716786,18:25:16.786,42.3494815,-71.0792871,3.514,-25.28444884877479,1.055245,1769642716703
1738,455606272,1769642717108,18:25:17.108,42.3494815,-71.0792871,3.514,-25.28444884877479,1.055245,1769642716703
1739,455868416,1769642717449,18:25:17.449,42.3494846,-71.0792786,3.501,-25.276682753139454,1.0524038,1769642717245
1740,456130560,1769642718093,18:25:18.093,42.3494868,-71.07927,3.49,-25.398840186332034,1.0502148,1769642717886
1741,456392704,1769642718505,18:25:18.505,42.3494902,-71.0792632,3.47,-25.38279021573789,1.0364532,1769642718406
1742,456654848,1769642718927,18:25:18.927,42.3494902,-71.0792632,3.47,-25.38279021573789,1.0364532,1769642718406
1743,456916992,1769642719380,18:25:19.380,42.3494926,-71.0792547,3.432,-25.38279021573789,1.0347258,1769642719044
1744,457179136,1769642719719,18:25:19.719,42.3494969,-71.0792488,3.425,-25.338264334048414,1.034972,1769642719549
1745,457441280,1769642720069,18:25:20.069,42.3494969,-71.0792488,3.425,-25.338264334048414,1.034972,1769642719549
1746,457703424,1769642720559,18:25:20.559,42.3494994,-71.0792432,3.405,-25.331015912884965,1.0271262,1769642720043
1747,457965568,1769642720978,18:25:20.978,42.3495066,-71.0792345,3.444,-25.331015912884965,1.0684481,1769642720721
1748,458227712,1769642721327,18:25:21.327,42.3495066,-71.0792345,3.444,-25.331015912884965,1.0684481,1769642720721
1749,458489856,1769642721693,18:25:21.693,42.3495123,-71.0792273,3.486,-25.289596246181237,1.070656,1769642721342
1750,458752000,1769642722134,18:25:22.134,42.349516,-71.0792208,3.525,-25.289596246181237,1.1038901,1769642721859
1751,459014144,1769642722594,18:25:22.594,42.3495216,-71.0792134,3.638,-25.263708853189225,1.1203406,1769642722482
1752,459276288,1769642723077,18:25:23.077,42.3495252,-71.0792066,3.714,-25.263708853189225,1.1190528,1769642723027
1753,459538432,1769642723499,18:25:23.499,42.3495252,-71.0792066,3.714,-25.263708853189225,1.1190528,1769642723027
1754,459800576,1769642724041,18:25:24.041,42.3495306,-71.0791996,3.804,-25.251241034006064,1.1009916,1769642723684
1755,460062720,1769642724578,18:25:24.578,42.3495349,-71.0791951,3.866,-25.231566487408656,1.0932193,1769642724185
1756,460324864,1769642725118,18:25:25.118,42.3495378,-71.0791903,3.89,-25.093698081463145,1.0996126,1769642724708
1757,460587008,1769642725680,18:25:25.680,42.3495435,-71.0791823,4.035,-25.19479904675638,1.1072204,1769642725327
1758,460849152,1769642726223,18:25:26.223,42.3495474,-71.0791754,4.096,-25.19479904675638,1.0973712,1769642725980
1759,461111296,1769642726773,18:25:26.773,42.3495523,-71.0791705,4.171,-25.07402344484462,1.095712,1769642726485
1760,461373440,1769642727285,18:25:27.285,42.349556,-71.0791656,4.242,-25.049688963605973,1.1068817,1769642726989
1761,461635584,1769642727764,18:25:27.764,42.3495636,-71.0791595,4.272,-25.049688963605973,1.0861043,1769642727642
1762,461897728,1769642728399,18:25:28.399,42.3495685,-71.0791514,4.297,-25.022247870243817,1.0872389,1769642728344
1763,462159872,1769642728955,18:25:28.955,42.3495713,-71.0791446,4.327,-25.022247870243817,1.0537808,1769642728947
1764,462422016,1769642729397,18:25:29.397,42.3495713,-71.0791446,4.327,-25.022247870243817,1.0537808,1769642728947
1765,462684160,1769642729908,18:25:29.908,42.3495736,-71.0791371,4.341,-25.03625780083439,1.0482836,1769642729542
1766,462946304,1769642730383,18:25:30.383,42.3495756,-71.0791302,4.337,-25.03625780083439,1.0432926,1769642730059
1767,463208448,1769642730883,18:25:30.883,42.3495775,-71.0791209,4.353,-24.960123793177303,1.0464945,1769642730725
1768,463470592,1769642731375,18:25:31.375,42.3495782,-71.0791128,4.301,-24.958052752237876,1.0631342,1769642731227
1769,463732736,1769642732013,18:25:32.013,42.3495798,-71.0791032,4.295,-24.958052752237876,1.0464599,1769642731910
1770,463994880,1769642732435,18:25:32.435,42.3495798,-71.0791032,4.295,-24.958052752237876,1.0464599,1769642731910
1771,464257024,1769642732787,18:25:32.787,42.349581,-71.079095,4.265,-24.93112917464896,1.0445979,1769642732475
1772,464519168,1769642733138,18:25:33.138,42.3495826,-71.0790871,4.241,-24.93112917464896,1.0442629,1769642733071
1773,464781312,1769642733487,18:25:33.487,42.3495826,-71.0790871,4.241,-24.93112917464896,1.0442629,1769642733071
1774,465043456,1769642733841,18:25:33.841,42.3495829,-71.0790807,4.225,-24.84834384114732,1.0509579,1769642733561
1775,465305600,1769642734361,18:25:34.361,42.3495838,-71.0790747,4.214,-24.841095156840186,1.0505434,1769642734040
1776,465567744,1769642734776,18:25:34.776,42.3495861,-71.0790658,4.172,-24.841095156840186,1.0455128,1769642734726
1777,465829888,1769642735141,18:25:35.141,42.3495861,-71.0790658,4.172,-24.841095156840186,1.0455128,1769642734726
1778,466092032,1769642735493,18:25:35.493,42.3495892,-71.079058,4.154,-24.969009076382278,1.059258,1769642735413
1779,466354176,1769642735842,18:25:35.842,42.3495892,-71.079058,4.154,-24.969009076382278,1.059258,1769642735413
1780,466616320,1769642736191,18:25:36.191,42.3495914,-71.0790522,4.14,-24.969009076382278,1.0595868,1769642735902
1781,466878464,1769642736542,18:25:36.542,42.3495914,-71.0790522,4.14,-24.969009076382278,1.0595868,1769642735902
1782,467140608,1769642736896,18:25:36.896,42.3495942,-71.0790437,4.129,-24.962795907182375,1.0649207,1769642736586
1783,467402752,1769642737246,18:25:37.246,42.3495962,-71.0790371,4.118,-24.962795907182375,1.0606105,1769642737103
1784,467664896,1769642737597,18:25:37.597,42.3495962,-71.0790371,4.118,-24.962795907182375,1.0606105,1769642737103
1785,467927040,1769642737949,18:25:37.949,42.3495991,-71.0790294,4.106,-24.97629509703941,1.0536175,1769642737767
1786,468189184,1769642738331,18:25:38.331,42.3496013,-71.0790232,4.053,-25.155010622205438,1.0688787,1769642738262
1787,468451328,1769642738866,18:25:38.866,42.3496013,-71.0790232,4.053,-25.155010622205438,1.0688787,1769642738262
1788,468713472,1769642739453,18:25:39.453,42.3496041,-71.0790143,4.052,-25.155010622205438,1.0742961,1769642738929
1789,468975616,1769642739976,18:25:39.976,42.3496065,-71.0790073,4.035,-25.159670507381087,1.0692594,1769642739460
1790,469237760,1769642740988,18:25:40.988,42.3496113,-71.0789928,4.009,-25.11926467921697,1.0624001,1769642740604
1791,469499904,1769642741756,18:25:41.756,42.3496141,-71.0789844,3.968,-25.118746914353334,1.053443,1769642741286
1792,469762048,1769642742713,18:25:42.713,42.3496194,-71.0789713,3.947,-25.109944906901347,1.0240768,1769642742504
1793,470024192,1769642744064,18:25:44.064,42.3496258,-71.0789579,3.979,-25.093376397845567,1.0173798,1769642743749
1794,470286336,1769642745278,18:25:45.278,42.3496327,-71.0789458,3.985,-25.093376397845567,0.99696064,1769642744923
1795,470548480,1769642746191,18:25:46.191,42.3496376,-71.0789336,3.971,-25.087680965486037,1.0027064,1769642746069
1796,470810624,1769642746785,18:25:46.785,42.3496401,-71.0789256,3.937,-25.083538830491435,1.0161618,1769642746612
1797,471072768,1769642747229,18:25:47.229,42.3496401,-71.0789256,3.937,-25.083538830491435,1.0161618,1769642746612
1798,471334912,1769642748100,18:25:48.100,42.3496453,-71.0789103,3.939,-25.083538830491435,1.0469493,1769642747765
1799,471597056,1769642748472,18:25:48.472,42.3496479,-71.0789009,3.964,-24.941654628100498,1.0603274,1769642748408
1800,471859200,1769642748825,18:25:48.825,42.3496479,-71.0789009,3.964,-24.941654628100498,1.0603274,1769642748408
1801,472121344,1769642749173,18:25:49.173,42.3496496,-71.0788936,3.994,-24.941654628100498,1.0592974,1769642748924
1802,472383488,1769642749525,18:25:49.525,42.3496496,-71.0788936,3.994,-24.941654628100498,1.0592974,1769642748924
1803,472645632,1769642750130,18:25:50.130,42.3496531,-71.0788788,4.144,-25.024022364931074,1.0658388,1769642750009
1804,472907776,1769642750703,18:25:50.703,42.3496531,-71.0788788,4.144,-25.024022364931074,1.0658388,1769642750009
1805,473169920,1769642751062,18:25:51.062,42.3496541,-71.0788669,4.282,-25.024022364931074,1.0229586,1769642750809
1806,473432064,1769642751598,18:25:51.598,42.3496533,-71.0788578,4.464,-24.988239385289607,1.0052565,1769642751463
1807,473694208,1769642751985,18:25:51.985,42.3496533,-71.0788578,4.464,-24.988239385289607,1.0052565,1769642751463
1808,473956352,1769642752330,18:25:52.330,42.3496537,-71.0788509,4.605,-24.988239385289607,0.9976289,1769642751972
1809,474218496,1769642752720,18:25:52.720,42.3496549,-71.0788433,4.738,-24.929705327781846,0.99453044,1769642752482
1810,474480640,1769642753122,18:25:53.122,42.349656,-71.0788365,4.886,-24.925563173585022,0.99293274,1769642753015
1811,474742784,1769642753550,18:25:53.550,42.349656,-71.0788365,4.886,-24.925563173585022,0.99293274,1769642753015
1812,475004928,1769642753908,18:25:53.908,42.3496575,-71.0788265,5.05,-24.922456556627743,1.0046992,1769642753667
1813,475267072,1769642754298,18:25:54.298,42.3496575,-71.0788265,5.05,-24.922456556627743,1.0046992,1769642753667
1814,475529216,1769642754669,18:25:54.669,42.3496595,-71.0788169,5.215,-24.918314398940076,1.0039458,1769642754367
1815,475791360,1769642755017,18:25:55.017,42.3496612,-71.0788095,5.293,-24.918314398940076,0.9996132,1769642754886
1816,476053504,1769642755367,18:25:55.367,42.3496612,-71.0788095,5.293,-24.918314398940076,0.9996132,1769642754886
1817,476315648,1769642755722,18:25:55.722,42.3496632,-71.0788019,5.411,-24.920909785476365,1.0096768,1769642755474
1818,476577792,1769642756066,18:25:56.066,42.3496632,-71.0788019,5.411,-24.920909785476365,1.0096768,1769642755474
1819,476839936,1769642756489,18:25:56.489,42.3496649,-71.0787953,5.491,-24.920909785476365,1.0018444,1769642756025
1820,477102080,1769642756851,18:25:56.851,42.349667,-71.0787875,5.551,-24.907447741380693,1.0059482,1769642756699
1821,477364224,1769642757242,18:25:57.242,42.3496686,-71.0787812,5.66,-24.887765924376033,1.0188149,1769642757200
1822,477626368,1769642758009,18:25:58.009,42.3496714,-71.0787733,5.727,-24.887765924376033,1.0093455,1769642757884
1823,477888512,1769642758653,18:25:58.653,42.3496739,-71.0787672,5.856,-24.86024317256598,0.9846062,1769642758429
1824,478150656,1769642759107,18:25:59.107,42.3496759,-71.0787609,5.922,-24.850923271194972,0.99178714,1769642759029
1825,478412800,1769642759477,18:25:59.477,42.3496759,-71.0787609,5.922,-24.850923271194972,0.99178714,1769642759029
1826,478674944,1769642760115,18:26:00.115,42.349676,-71.0787563,5.852,-24.850923271194972,0.9954603,1769642759663
1827,478937088,1769642761040,18:26:01.040,42.3496767,-71.07875,5.791,-24.868090578222517,0.9869411,1769642760375
1828,479199232,1769642761940,18:26:01.940,42.349679,-71.0787395,5.642,-24.979984070138656,0.97242963,1769642761548
1829,479461376,1769642762529,18:26:02.529,42.3496803,-71.078734,5.563,-24.979984070138656,0.9663072,1769642762066
1830,479723520,1769642763198,18:26:03.198,42.3496805,-71.0787282,5.491,-24.966521957961092,0.93441993,1769642762705
1831,479985664,1769642763819,18:26:03.819,42.3496803,-71.0787245,5.314,-24.953059824710756,0.9160849,1769642763206
1832,480247808,1769642764520,18:26:04.520,42.3496834,-71.078713,5.124,-24.898815494153133,0.909211,1769642764484
1833,480509952,1769642765131,18:26:05.131,42.3496839,-71.078708,5.039,-24.898815494153133,0.9165745,1769642764985
1834,480772096,1769642765770,18:26:05.770,42.3496847,-71.0787034,5.003,-24.893637741866613,0.91650826,1769642765566
1835,481034240,1769642766120,18:26:06.120,42.3496847,-71.0787034,5.003,-24.893637741866613,0.91650826,1769642765566
1836,481296384,1769642766739,18:26:06.739,42.3496892,-71.0786956,4.918,-24.86292788288974,0.9080885,1769642766680
1837,481558528,1769642767084,18:26:07.084,42.3496892,-71.0786956,4.918,-24.86292788288974,0.9080885,1769642766680
1838,481820672,1769642767466,18:26:07.466,42.3496927,-71.0786912,4.874,-24.858785680810684,0.89331174,1769642767382
1839,482082816,1769642767937,18:26:07.937,42.3496954,-71.0786872,4.844,-24.861892332556685,0.93329537,1769642767848
1840,482344960,1769642768409,18:26:08.409,42.3496954,-71.0786872,4.844,-24.861892332556685,0.93329537,1769642767848
1841,482607104,1769642768942,18:26:08.942,42.3496984,-71.0786826,4.795,-24.861892332556685,0.93969977,1769642768488
1842,482869248,1769642769442,18:26:09.442,42.3497008,-71.0786779,4.743,-24.861892332556685,0.94611686,1769642769011
1843,483131392,1769642769958,18:26:09.958,42.3497036,-71.0786713,4.728,-24.827183114104002,0.9591468,1769642769704
1844,483393536,1769642770461,18:26:10.461,42.3497061,-71.0786671,4.666,-24.679440373162585,0.94573087,1769642770206
1845,483655680,1769642770991,18:26:10.991,42.3497104,-71.07866,4.657,-24.679440373162585,0.99312323,1769642770891
1846,483917824,1769642771495,18:26:11.495,42.3497134,-71.0786556,4.626,-24.81578639964456,0.9961778,1769642771380
1847,484179968,1769642772000,18:26:12.000,42.3497134,-71.0786556,4.626,-24.81578639964456,0.9961778,1769642771380
1848,484442112,1769642772383,18:26:12.383,42.3497173,-71.0786494,4.608,-24.81578639964456,0.9972415,1769642772064
1849,484704256,1769642772730,18:26:12.730,42.3497204,-71.0786454,4.601,-24.814750849935628,1.0123131,1769642772564
1850,484966400,1769642773100,18:26:13.100,42.3497204,-71.0786454,4.601,-24.814750849935628,1.0123131,1769642772564
1851,485228544,1769642773448,18:26:13.448,42.3497228,-71.0786412,4.585,-24.814750849935628,1.0086528,1769642773027
1852,485490688,1769642773812,18:26:13.812,42.3497262,-71.0786329,4.591,-24.814750849935628,1.0188525,1769642773765
1853,485752832,1769642774172,18:26:14.172,42.3497262,-71.0786329,4.591,-24.814750849935628,1.0188525,1769642773765
1854,486014976,1769642774554,18:26:14.554,42.3497285,-71.0786255,4.606,-24.885835101084616,1.0121582,1769642774448
1855,486277120,1769642774980,18:26:14.980,42.3497285,-71.0786255,4.606,-24.885835101084616,1.0121582,1769642774448
1856,486539264,1769642775339,18:26:15.339,42.3497307,-71.0786193,4.622,-24.883246223772325,1.0164933,1769642774985
1857,486801408,1769642775780,18:26:15.780,42.3497332,-71.0786115,4.63,-24.879621794225613,1.0239176,1769642775666
1858,487063552,1769642776143,18:26:16.143,42.3497332,-71.0786115,4.63,-24.879621794225613,1.0239176,1769642775666
1859,487325696,1769642776599,18:26:16.599,42.3497349,-71.0786054,4.599,-24.732428256202283,1.0278318,1769642776167
1860,487587840,1769642777049,18:26:17.049,42.3497374,-71.0785971,4.599,-24.732428256202283,1.0162563,1769642776868
1861,487849984,1769642777402,18:26:17.402,42.3497374,-71.0785971,4.599,-24.732428256202283,1.0162563,1769642776868
1862,488112128,1769642777752,18:26:17.752,42.3497391,-71.0785897,4.575,-24.67339549480267,1.0003207,1769642777416
1863,488374272,1769642778102,18:26:18.102,42.3497419,-71.0785813,4.579,-24.67339549480267,0.9984707,1769642778086
1864,488636416,1769642778455,18:26:18.455,42.3497419,-71.0785813,4.579,-24.67339549480267,0.9984707,1769642778086
1865,488898560,1769642778804,18:26:18.804,42.3497435,-71.078575,4.577,-24.65371994371514,0.9874349,1769642778587
1866,489160704,1769642779155,18:26:19.155,42.3497452,-71.07857,4.574,-24.645435487685432,0.9884066,1769642779041
1867,489422848,1769642779502,18:26:19.502,42.3497452,-71.07857,4.574,-24.645435487685432,0.9884066,1769642779041
1868,489684992,1769642779853,18:26:19.853,42.349748,-71.0785597,4.533,-24.645435487685432,0.97948897,1769642779814
1869,489947136,1769642780210,18:26:20.210,42.349748,-71.0785597,4.533,-24.645435487685432,0.97948897,1769642779814
1870,490209280,1769642780556,18:26:20.556,42.349748,-71.0785597,4.533,-24.645435487685432,0.97948897,1769642779814
1871,490471424,1769642780910,18:26:20.910,42.3497513,-71.0785518,4.49,-24.64284659353931,0.9504523,1769642780573
1872,490733568,1769642781256,18:26:21.256,42.3497545,-71.0785473,4.458,-24.630937670429013,0.9647228,1769642781075
1873,490995712,1769642781725,18:26:21.725,42.3497545,-71.0785473,4.458,-24.630937670429013,0.9647228,1769642781075
1874,491257856,1769642782246,18:26:22.246,42.3497585,-71.0785409,4.472,-24.630937670429013,0.9528866,1769642781792
1875,491520000,1769642782766,18:26:22.766,42.3497623,-71.078537,4.451,-24.627830992123226,0.95890605,1769642782295
1876,491782144,1769642783577,18:26:23.577,42.3497696,-71.0785247,4.429,-24.631415240681573,0.9613499,1769642783513
1877,492044288,1769642784040,18:26:24.040,42.3497696,-71.0785247,4.429,-24.631415240681573,0.9613499,1769642783513
1878,492306432,1769642784418,18:26:24.418,42.349772,-71.0785198,4.425,-24.642205611594235,0.94775665,1769642784019
1879,492568576,1769642784969,18:26:24.969,42.3497747,-71.0785112,4.415,-24.642205611594235,0.9593729,1769642784776
1880,492830720,1769642785724,18:26:25.724,42.3497764,-71.0785029,4.394,-24.63651002766978,0.98695666,1769642785474
1881,493092864,1769642786432,18:26:26.432,42.3497777,-71.0784978,4.39,-24.63651002766978,0.9738051,1769642785933
1882,493355008,1769642786845,18:26:26.845,42.3497787,-71.0784901,4.413,-24.629261097219608,1.0065128,1769642786615
1883,493617152,1769642787223,18:26:27.223,42.3497803,-71.0784848,4.408,-24.629261097219608,1.0036827,1769642787070
1884,493879296,1769642787595,18:26:27.595,42.3497803,-71.0784848,4.408,-24.629261097219608,1.0036827,1769642787070
1885,494141440,1769642788149,18:26:28.149,42.3497807,-71.0784771,4.411,-24.601818662310308,1.0071975,1769642787798
1886,494403584,1769642788590,18:26:28.590,42.3497797,-71.0784715,4.386,-24.599747531593167,1.0163386,1769642788299
1887,494665728,1769642788982,18:26:28.982,42.3497805,-71.078467,4.392,-24.676556988797834,1.003473,1769642788788
1888,494927872,1769642789502,18:26:29.502,42.3497805,-71.078467,4.392,-24.676556988797834,1.003473,1769642788788
1889,495190016,1769642789826,18:26:29.826,42.3497803,-71.0784575,4.401,-24.670348443666555,0.98765266,1769642789536
1890,495452160,1769642790253,18:26:30.253,42.3497808,-71.0784519,4.415,-24.656886039700368,0.98400533,1769642790032
1891,495714304,1769642790795,18:26:30.795,42.3497777,-71.0784399,4.395,-24.656886039700368,1.0011655,1769642790784
1892,495976448,1769642791307,18:26:31.307,42.3497777,-71.0784399,4.395,-24.656886039700368,1.0011655,1769642790784
1893,496238592,1769642791887,18:26:31.887,42.349776,-71.0784293,4.343,-24.57854717163261,1.0182017,1769642791454
1894,496500736,1769642792586,18:26:32.586,42.3497762,-71.0784221,4.321,-24.57854717163261,1.0143436,1769642791972
1895,496762880,1769642793035,18:26:33.035,42.3497759,-71.0784131,4.258,-24.620591590036383,1.0299801,1769642792594
1896,497025024,1769642793439,18:26:33.439,42.3497757,-71.078405,4.185,-24.612824770118795,1.0214312,1769642793199
1897,497287168,1769642793825,18:26:33.825,42.3497771,-71.0783986,4.147,-24.612824770118795,1.0097749,1769642793752
1898,497549312,1769642794244,18:26:34.244,42.3497771,-71.0783986,4.147,-24.612824770118795,1.0097749,1769642793752
1899,497811456,1769642794592,18:26:34.592,42.3497769,-71.078392,4.073,-24.605575731867468,1.0024655,1769642794252
1900,498073600,1769642795016,18:26:35.016,42.3497784,-71.0783849,4.029,-24.605575731867468,1.0409455,1769642794832
1901,498335744,1769642795420,18:26:35.420,42.3497784,-71.0783849,4.029,-24.605575731867468,1.0409455,1769642794832
1902,498597888,1769642795836,18:26:35.836,42.3497784,-71.0783756,3.92,-24.528839573542772,1.0691099,1769642795435
1903,498860032,1769642796186,18:26:36.186,42.3497795,-71.0783667,3.846,-24.528839573542772,1.067434,1769642796057
1904,499122176,1769642796692,18:26:36.692,42.3497788,-71.0783585,3.82,-24.521590524816663,1.063369,1769642796594
1905,499384320,1769642797385,18:26:37.385,42.3497779,-71.0783495,3.763,-24.51951936691456,1.0655696,1769642797200
1906,499646464,1769642797766,18:26:37.766,42.3497784,-71.0783424,3.758,-24.51951936691456,1.0812032,1769642797692
1907,499908608,1769642798126,18:26:38.126,42.3497784,-71.0783424,3.758,-24.51951936691456,1.0812032,1769642797692
1908,500170752,1769642798698,18:26:38.698,42.3497781,-71.0783322,3.757,-24.4640952434392,1.0692046,1769642798446
1909,500432896,1769642799178,18:26:39.178,42.3497786,-71.0783253,3.778,-24.442412516775388,1.0706207,1769642799054
1910,500695040,1769642799698,18:26:39.698,42.3497782,-71.0783183,3.776,-24.442412516775388,1.0544183,1769642799576
1911,500957184,1769642800093,18:26:40.093,42.3497782,-71.0783183,3.776,-24.442412516775388,1.0544183,1769642799576
1912,501219328,1769642800406,18:26:40.406,42.3497788,-71.078312,3.802,-24.442412516775388,1.06972,1769642800081
1913,501481472,1769642800756,18:26:40.756,42.3497781,-71.0783026,3.846,-24.441376936765074,1.0632802,1769642800734
1914,501743616,1769642801139,18:26:41.139,42.3497781,-71.0783026,3.846,-24.441376936765074,1.0632802,1769642800734
1915,502005760,1769642801534,18:26:41.534,42.349776,-71.0782958,3.858,-24.437234615475717,1.0511619,1769642801279
1916,502267904,1769642801940,18:26:41.940,42.3497761,-71.0782875,3.888,-24.437234615475717,1.0671458,1769642801900
1917,502530048,1769642802280,18:26:42.280,42.3497761,-71.0782875,3.888,-24.437234615475717,1.0671458,1769642801900
1918,502792192,1769642802695,18:26:42.695,42.3497745,-71.0782809,3.92,-24.439305776369633,1.0687797,1769642802380
1919,503054336,1769642803043,18:26:43.043,42.3497745,-71.0782809,3.92,-24.439305776369633,1.0687797,1769642802380
1920,503316480,1769642803396,18:26:43.396,42.3497747,-71.0782722,3.934,-24.439305776369633,1.0855113,1769642803032
1921,503578624,1769642803747,18:26:43.747,42.3497729,-71.0782651,3.944,-24.55541818737697,1.0793653,1769642803534
1922,503840768,1769642804093,18:26:44.093,42.3497729,-71.0782651,3.944,-24.55541818737697,1.0793653,1769642803534
1923,504102912,1769642804444,18:26:44.444,42.3497727,-71.0782583,3.959,-24.55541818737697,1.0666927,1769642804030
1924,504365056,1769642804798,18:26:44.798,42.3497708,-71.0782483,3.967,-24.55541818737697,1.0551562,1769642804698
1925,504627200,1769642805147,18:26:45.147,42.3497708,-71.0782483,3.967,-24.55541818737697,1.0551562,1769642804698
1926,504889344,1769642805554,18:26:45.554,42.3497698,-71.0782399,3.972,-24.55956051265699,1.0458612,1769642805341
1927,505151488,1769642805907,18:26:45.907,42.3497701,-71.0782332,3.991,-24.55956051265699,1.0826261,1769642805858
1928,505413632,1769642806252,18:26:46.252,42.3497701,-71.0782332,3.991,-24.55956051265699,1.0826261,1769642805858
1929,505675776,1769642806692,18:26:46.692,42.34977,-71.0782248,4.025,-24.609214324229022,1.0823108,1769642806479
1930,505937920,1769642807016,18:26:47.016,42.3497703,-71.0782182,4.034,-24.609214324229022,1.0820247,1769642806956
1931,506200064,1769642807629,18:26:47.629,42.3497703,-71.0782182,4.034,-24.609214324229022,1.0820247,1769642806956
1932,506462208,1769642808136,18:26:48.136,42.3497719,-71.0782009,4.072,-24.500978848149153,1.1084578,1769642808104
1933,506724352,1769642808562,18:26:48.562,42.3497719,-71.0782009,4.072,-24.500978848149153,1.1084578,1769642808104
1934,506986496,1769642809046,18:26:49.046,42.3497725,-71.0781917,4.092,-24.500978848149153,1.1178414,1769642808734
1935,507248640,1769642809397,18:26:49.397,42.3497733,-71.0781843,4.115,-24.523253162655724,1.1176534,1769642809237
1936,507510784,1769642809963,18:26:49.963,42.3497743,-71.078176,4.119,-24.523253162655724,1.1154139,1769642809801
1937,507772928,1769642810479,18:26:50.479,42.349776,-71.0781672,4.12,-24.560524913876378,1.126644,1769642810359
1938,508035072,1769642811025,18:26:51.025,42.3497776,-71.0781589,4.125,-24.560524913876378,1.1350697,1769642810912
1939,508297216,1769642811459,18:26:51.459,42.3497776,-71.0781589,4.125,-24.560524913876378,1.1350697,1769642810912
1940,508559360,1769642811887,18:26:51.887,42.3497799,-71.0781509,4.104,-24.547574858751318,1.1621717,1769642811456
1941,508821504,1769642812324,18:26:52.324,42.3497821,-71.0781412,4.096,-24.4144490613674,1.1530255,1769642812112
1942,509083648,1769642812788,18:26:52.788,42.3497855,-71.0781351,4.078,-24.409788938834144,1.1458913,1769642812597
1943,509345792,1769642813261,18:26:53.261,42.3497876,-71.0781296,4.066,-24.408752933106634,1.1421919,1769642813051
1944,509607936,1769642813715,18:26:53.715,42.3497876,-71.0781296,4.066,-24.408752933106634,1.1421919,1769642813051
1945,509870080,1769642814099,18:26:54.099,42.3497931,-71.0781199,4.02,-24.408752933106634,1.1442932,1769642813738
1946,510132224,1769642814413,18:26:54.413,42.3497967,-71.0781117,3.976,-24.40150384859112,1.1536392,1769642814361
1947,510394368,1769642814874,18:26:54.874,42.3497967,-71.0781117,3.976,-24.40150384859112,1.1536392,1769642814361
1948,510656512,1769642815449,18:26:55.449,42.3497994,-71.0781046,3.966,-24.40150384859112,1.1601074,1769642814877
1949,510918656,1769642815897,18:26:55.897,42.3498039,-71.078097,3.939,-24.399432680463633,1.1525337,1769642815501
1950,511180800,1769642816265,18:26:56.265,42.3498066,-71.0780912,3.897,-24.399432680463633,1.153884,1769642815959
1951,511442944,1769642816927,18:26:56.927,42.3498113,-71.0780844,3.902,-24.525359484372203,1.1358467,1769642816599
1952,511705088,1769642817348,18:26:57.348,42.3498132,-71.0780773,3.892,-24.518110385453415,1.1415322,1769642817118
1953,511967232,1769642817822,18:26:57.822,42.3498159,-71.0780683,3.916,-24.518110385453415,1.1081523,1769642817798
1954,512229376,1769642818254,18:26:58.254,42.3498159,-71.0780683,3.916,-24.518110385453415,1.1081523,1769642817798
1955,512491520,1769642818845,18:26:58.845,42.3498184,-71.0780614,3.98,-24.511896867231837,1.1140827,1769642818300
1956,512753664,1769642819370,18:26:59.370,42.3498212,-71.0780529,4.037,-24.511896867231837,1.0794827,1769642818913
1957,513015808,1769642819809,18:26:59.809,42.3498239,-71.0780454,4.16,-24.604619682491037,1.0917852,1769642819435
1958,513277952,1769642820138,18:27:00.138,42.3498266,-71.0780368,4.245,-24.604619682491037,1.0976424,1769642820079
1959,513540096,1769642820489,18:27:00.489,42.3498266,-71.0780368,4.245,-24.604619682491037,1.0976424,1769642820079
1960,513802240,1769642820840,18:27:00.840,42.3498266,-71.0780368,4.245,-24.604619682491037,1.0976424,1769642820079
1961,514064384,1769642821190,18:27:01.190,42.3498309,-71.0780239,4.439,-24.576658776419002,1.1092292,1769642821036
1962,514326528,1769642821541,18:27:01.541,42.3498309,-71.0780239,4.439,-24.576658776419002,1.1092292,1769642821036
1963,514588672,1769642821892,18:27:01.892,42.3498333,-71.0780147,4.65,-24.576658776419002,1.098081,1769642821679
1964,514850816,1769642822245,18:27:02.245,42.3498333,-71.0780147,4.65,-24.576658776419002,1.098081,1769642821679
1965,515112960,1769642822600,18:27:02.600,42.3498331,-71.0780068,4.972,-24.574587594575224,1.1013461,1769642822239
1966,515375104,1769642822944,18:27:02.944,42.3498318,-71.0780001,5.096,-24.574587594575224,1.0451277,1769642822824
1967,515637248,1769642823296,18:27:03.296,42.3498318,-71.0780001,5.096,-24.574587594575224,1.0451277,1769642822824
1968,515899392,1769642823645,18:27:03.645,42.3498287,-71.0779951,5.332,-24.574587594575224,1.0198482,1769642823456
1969,516161536,1769642824143,18:27:04.143,42.3498148,-71.0779914,5.489,-24.57510539008278,1.0369005,1769642824043
1970,516423680,1769642824738,18:27:04.738,42.3498024,-71.0779907,5.547,-24.57510539008278,1.0463561,1769642824660
1971,516685824,1769642825192,18:27:05.192,42.3498024,-71.0779907,5.547,-24.57510539008278,1.0463561,1769642824660
1972,516947968,1769642825763,18:27:05.763,42.3498024,-71.0779907,5.547,-24.57510539008278,1.0463561,1769642824660
1973,517210112,1769642826193,18:27:06.193,42.349791,-71.0780031,5.633,-24.494768243758497,0.88972706,1769642826012
1974,517472256,1769642826876,18:27:06.876,42.349791,-71.0780031,5.633,-24.494768243758497,0.88972706,1769642826012
1975,517734400,1769642827296,18:27:07.296,42.3497921,-71.0780114,5.653,-24.494768243758497,0.6383965,1769642826918
1976,517996544,1769642827788,18:27:07.788,42.3497927,-71.078015,5.603,-24.50719532285058,0.59495795,1769642827556
1977,518258688,1769642828339,18:27:08.339,42.3497927,-71.078015,5.603,-24.50719532285058,0.59495795,1769642827556
1978,518520832,1769642828881,18:27:08.881,42.349789,-71.0780151,5.558,-24.52324694010141,0.5988644,1769642828375
1979,518782976,1769642829416,18:27:09.416,42.3497866,-71.0780128,5.504,-24.52324694010141,0.5480325,1769642829013
1980,519045120,1769642830073,18:27:10.073,42.3497829,-71.0780107,5.585,-24.545517964522837,0.6357931,1769642829619
1981,519307264,1769642830692,18:27:10.692,42.3497729,-71.0780087,5.828,-24.568818623484518,0.8478447,1769642830675
1982,519569408,1769642831113,18:27:11.113,42.3497729,-71.0780087,5.828,-24.568818623484518,0.8478447,1769642830675
1983,519831552,1769642831747,18:27:11.747,42.3497603,-71.0780055,6.109,-24.593154799887493,0.9663905,1769642831657
1984,520093696,1769642832348,18:27:12.348,42.3497545,-71.078003,6.358,-24.65580719248753,0.9656498,1769642832175
1985,520355840,1769642833041,18:27:13.041,42.3497493,-71.0779995,6.486,-24.65580719248753,1.0942081,1769642832652
1986,520617984,1769642833944,18:27:13.944,42.3497371,-71.0779892,6.762,-24.708034671404526,1.3074497,1769642833638
1987,520880128,1769642834832,18:27:14.832,42.3497225,-71.0779774,6.942,-26.700000762939453,1.512748,1769642834554
1988,521142272,1769642835898,18:27:15.898,42.3497065,-71.0779663,7.121,-26.700000762939453,1.5682892,1769642835478
1989,521404416,1769642836390,18:27:16.390,42.3496988,-71.0779639,7.23,-26.700000762939453,1.5507234,1769642836069
1990,521666560,1769642836756,18:27:16.756,42.3496988,-71.0779639,7.23,-26.700000762939453,1.5507234,1769642836069
1991,521928704,1769642837120,18:27:17.120,42.3496883,-71.0779666,7.325,-26.700000762939453,1.5188813,1769642836876
1992,522190848,1769642837562,18:27:17.562,42.3496885,-71.077973,7.364,-27.100000381469727,1.4066945,1769642837361
1993,522452992,1769642838349,18:27:18.349,42.3496909,-71.0779873,7.3,-27.100000381469727,1.3848264,1769642838092
1994,522715136,1769642839552,18:27:19.552,42.3496969,-71.0779996,7.308,-27.100000381469727,1.209684,1769642838873
1995,522977280,1769642840775,18:27:20.775,42.349705,-71.0780152,7.45,-27.100000381469727,1.002842,1769642840297
1996,523239424,1769642841553,18:27:21.553,42.349703,-71.0780287,7.576,-27.100000381469727,1.0117805,1769642841501
1997,523501568,1769642842204,18:27:22.204,42.3497018,-71.078035,7.635,-27.100000381469727,1.0132139,1769642842018
1998,523763712,1769642842735,18:27:22.735,42.3497004,-71.0780423,7.77,-27.100000381469727,1.0544996,1769642842580
1999,524025856,1769642843081,18:27:23.081,42.3496991,-71.0780486,7.833,-27.100000381469727,1.0638765,1769642843044
2000,524288000,1769642843580,18:27:23.580,42.3496991,-71.0780486,7.833,-27.100000381469727,1.0638765,1769642843044
2001,524550144,1769642844032,18:27:24.032,42.3496978,-71.0780563,7.963,-27.100000381469727,1.117155,1769642843608
2002,524812288,1769642844565,18:27:24.565,42.3496967,-71.078064,8.254,-28.40891378391137,1.1133503,1769642844126
2003,525074432,1769642845023,18:27:25.023,42.3496958,-71.0780722,8.357,-28.40891378391137,1.1330451,1769642844688
2004,525336576,1769642845371,18:27:25.371,42.3496958,-71.0780722,8.357,-28.40891378391137,1.1330451,1769642844688
2005,525598720,1769642845721,18:27:25.721,42.3496958,-71.0780722,8.357,-28.40891378391137,1.1330451,1769642844688
2006,525860864,1769642846077,18:27:26.077,42.3496985,-71.0780874,8.576,-28.635083224670666,1.0970479,1769642845707
2007,526123008,1769642846510,18:27:26.510,42.3497035,-71.0780933,8.758,-29.41084579478939,1.0992924,1769642846271
2008,526385152,1769642846989,18:27:26.989,42.3497099,-71.0780957,8.889,-29.41084579478939,1.0156355,1769642846830
2009,526647296,1769642847310,18:27:27.310,42.3497099,-71.0780957,8.889,-29.41084579478939,1.0156355,1769642846830
2010,526909440,1769642847826,18:27:27.826,42.3497156,-71.0780946,8.995,-29.720047064110446,1.0122125,1769642847349
2011,527171584,1769642848468,18:27:28.468,42.3497207,-71.0780905,9.079,-29.720047064110446,0.94173104,1769642847989
2012,527433728,1769642848900,18:27:28.900,42.3497236,-71.078084,9.18,-30.486387745340636,0.8357833,1769642848653
2013,527695872,1769642849298,18:27:29.298,42.3497236,-71.078084,9.18,-30.486387745340636,0.8357833,1769642848653
2014,527958016,1769642849650,18:27:29.650,42.349726,-71.0780769,9.303,-30.486387745340636,0.7953201,1769642849467
2015,528220160,1769642850294,18:27:30.294,42.3497281,-71.0780717,9.315,-30.857890925967375,0.7987584,1769642850070
2016,528482304,1769642850821,18:27:30.821,42.3497312,-71.0780669,9.293,-30.857890925967375,0.8674947,1769642850619
2017,528744448,1769642851221,18:27:31.221,42.3497342,-71.0780605,9.209,-30.91790943264778,0.87215286,1769642851185
2018,529006592,1769642851695,18:27:31.695,42.3497342,-71.0780605,9.209,-30.91790943264778,0.87215286,1769642851185
2019,529268736,1769642852012,18:27:32.012,42.3497388,-71.0780532,9.076,-31.01828427504171,0.9623439,1769642851834
2020,529530880,1769642852331,18:27:32.331,42.3497388,-71.0780532,9.076,-31.01828427504171,0.9623439,1769642851834
2021,529793024,1769642852698,18:27:32.698,42.3497432,-71.0780456,8.973,-31.01828427504171,0.9657437,1769642852431
2022,530055168,1769642853032,18:27:33.032,42.3497432,-71.0780456,8.973,-31.01828427504171,0.9657437,1769642852431
2023,530317312,1769642853380,18:27:33.380,42.3497476,-71.0780365,8.894,-31.09589288617559,0.9699297,1769642853174
2024,530579456,1769642853730,18:27:33.730,42.3497508,-71.0780294,8.847,-31.09589288617559,1.0103567,1769642853726
2025,530841600,1769642854081,18:27:34.081,42.3497508,-71.0780294,8.847,-31.09589288617559,1.0103567,1769642853726
2026,531103744,1769642854490,18:27:34.490,42.3497508,-71.0780294,8.847,-31.09589288617559,1.0103567,1769642853726
2027,531365888,1769642854928,18:27:34.928,42.3497548,-71.0780201,8.806,-31.398390611533927,1.0044596,1769642854487
2028,531628032,1769642855386,18:27:35.386,42.3497576,-71.0780126,8.776,-31.398390611533927,1.0092515,1769642855091
2029,531890176,1769642855866,18:27:35.866,42.3497604,-71.0780059,8.759,-31.680359074141997,1.028735,1769642855689
2030,532152320,1769642856386,18:27:36.386,42.3497636,-71.0779982,8.815,-31.680359074141997,1.030247,1769642856353
2031,532414464,1769642856876,18:27:36.876,42.3497663,-71.0779926,8.917,-31.98818564735269,1.014083,1769642856853
2032,532676608,1769642857331,18:27:37.331,42.3497663,-71.0779926,8.917,-31.98818564735269,1.014083,1769642856853
2033,532938752,1769642857756,18:27:37.756,42.3497699,-71.0779856,9.04,-31.98818564735269,1.0656749,1769642857466
2034,533200896,1769642858255,18:27:38.255,42.3497729,-71.0779801,9.099,-32.0196921751698,1.0657629,1769642857938
2035,533463040,1769642858695,18:27:38.695,42.3497729,-71.0779801,9.099,-32.0196921751698,1.0657629,1769642857938
2036,533725184,1769642859139,18:27:39.139,42.3497803,-71.0779685,9.341,-32.246802328189474,1.0792361,1769642859014
2037,533987328,1769642859589,18:27:39.589,42.3497803,-71.0779685,9.341,-32.246802328189474,1.0792361,1769642859014
2038,534249472,1769642859985,18:27:39.985,42.3497851,-71.0779635,9.462,-32.246802328189474,1.0374805,1769642859594
2039,534511616,1769642860496,18:27:40.496,42.3497909,-71.0779595,9.6,-32.645653252060804,1.033927,1769642860232
2040,534773760,1769642860979,18:27:40.979,42.3497946,-71.0779559,9.744,-32.645653252060804,0.9295551,1769642860794
2041,535035904,1769642861425,18:27:41.425,42.3497946,-71.0779559,9.744,-32.645653252060804,0.9295551,1769642860794
2042,535298048,1769642861894,18:27:41.894,42.3497974,-71.077952,9.895,-32.92261265392931,0.6786607,1769642861546
2043,535560192,1769642862323,18:27:42.323,42.3497998,-71.0779512,10.065,-32.92261265392931,0.68081826,1769642862133
2044,535822336,1769642862718,18:27:42.718,42.3497998,-71.0779512,10.065,-32.92261265392931,0.68081826,1769642862133
2045,536084480,1769642863172,18:27:43.172,42.3498016,-71.0779517,10.231,-32.978997269230675,0.50929755,1769642862911
2046,536346624,1769642863591,18:27:43.591,42.3498016,-71.0779517,10.231,-32.978997269230675,0.50929755,1769642862911
2047,536608768,1769642864036,18:27:44.036,42.3498015,-71.0779536,10.491,-32.978997269230675,0.34977552,1769642863708
2048,536870912,1769642864475,18:27:44.475,42.3498015,-71.0779536,10.491,-32.978997269230675,0.34977552,1769642863708
2049,537133056,1769642864863,18:27:44.863,42.3498015,-71.0779536,10.491,-32.978997269230675,0.34977552,1769642863708
2050,537395200,1769642865289,18:27:45.289,42.3498015,-71.0779536,10.491,-32.978997269230675,0.34977552,1769642863708
2051,537657344,1769642865711,18:27:45.711,42.3497982,-71.0779601,10.825,-32.90945708900744,0.28353566,1769642865286
2052,537919488,1769642866083,18:27:46.083,42.3497982,-71.0779601,10.825,-32.90945708900744,0.28353566,1769642865286
2053,538181632,1769642866504,18:27:46.504,42.3497982,-71.0779601,10.825,-32.90945708900744,0.28353566,1769642865286
2054,538443776,1769642866856,18:27:46.856,42.349796,-71.0779638,10.896,-32.879454346494775,0.20803432,1769642866651
2055,538705920,1769642867284,18:27:47.284,42.349796,-71.0779638,10.896,-32.879454346494775,0.20803432,1769642866651
2056,538968064,1769642867718,18:27:47.718,42.3497946,-71.0779673,10.894,-32.879454346494775,0.13962796,1769642867612
2057,539230208,1769642868120,18:27:48.120,42.3497946,-71.0779673,10.894,-32.879454346494775,0.13962796,1769642867612
2058,539492352,1769642868493,18:27:48.493,42.349794,-71.0779692,10.9,-32.60973963049792,0.1384874,1769642868410
2059,539754496,1769642868967,18:27:48.967,42.349794,-71.0779692,10.9,-32.60973963049792,0.1384874,1769642868410
2060,540016640,1769642869444,18:27:49.444,42.349794,-71.0779692,10.9,-32.60973963049792,0.1384874,1769642868410
2061,540278784,1769642869882,18:27:49.882,42.349794,-71.0779692,10.9,-32.60973963049792,0.1384874,1769642868410
2062,540540928,1769642870275,18:27:50.275,42.3497949,-71.0779714,10.813,-32.475757704042294,0.16796677,1769642869953
2063,540803072,1769642870637,18:27:50.637,42.3497954,-71.077973,10.904,-32.475757704042294,0.20325273,1769642870455
2064,541065216,1769642870992,18:27:50.992,42.3497954,-71.077973,10.904,-32.475757704042294,0.20325273,1769642870455
2065,541327360,1769642871391,18:27:51.391,42.3497935,-71.0779764,10.854,-32.40074760599535,0.22198763,1769642871127
2066,541589504,1769642871760,18:27:51.760,42.3497921,-71.0779786,10.822,-32.40074760599535,0.2849537,1769642871587
2067,541851648,1769642872078,18:27:52.078,42.3497921,-71.0779786,10.822,-32.40074760599535,0.2849537,1769642871587
2068,542113792,1769642872432,18:27:52.432,42.3497921,-71.0779786,10.822,-32.40074760599535,0.2849537,1769642871587
2069,542375936,1769642872917,18:27:52.917,42.3497908,-71.0779841,10.825,-32.36039707572554,0.39989448,1769642872665
2070,542638080,1769642873317,18:27:53.317,42.3497908,-71.0779841,10.825,-32.36039707572554,0.39989448,1769642872665
2071,542900224,1769642873664,18:27:53.664,42.3497897,-71.0779926,10.831,-32.36039707572554,0.6795962,1769642873454
2072,543162368,1769642874014,18:27:54.014,42.3497897,-71.0779992,10.87,-32.42377030097457,0.6998063,1769642873953
2073,543424512,1769642874366,18:27:54.366,42.3497897,-71.0779992,10.87,-32.42377030097457,0.6998063,1769642873953
2074,543686656,1769642874715,18:27:54.715,42.3497907,-71.0780098,10.887,-32.42377030097457,0.89231527,1769642874653
2075,543948800,1769642875062,18:27:55.062,42.3497907,-71.0780098,10.887,-32.42377030097457,0.89231527,1769642874653
2076,544210944,1769642875412,18:27:55.412,42.3497914,-71.0780177,10.901,-32.39531779433116,0.90056956,1769642875128
2077,544473088,1769642875932,18:27:55.932,42.3497914,-71.0780177,10.901,-32.39531779433116,0.90056956,1769642875128
2078,544735232,1769642876406,18:27:56.406,42.3497926,-71.0780305,10.923,-32.39531779433116,0.8906009,1769642876087
2079,544997376,1769642876987,18:27:56.987,42.3497926,-71.0780305,10.923,-32.39531779433116,0.8906009,1769642876087
2080,545259520,1769642877492,18:27:57.492,42.3497926,-71.0780305,10.923,-32.39531779433116,0.8906009,1769642876087
2081,545521664,1769642878190,18:27:58.190,42.349799,-71.0780418,11.153,-32.38186748569516,0.5940294,1769642877513
2082,545783808,1769642879290,18:27:59.290,42.3498022,-71.0780484,11.549,-32.37876356533023,0.44441915,1769642879053
2083,546045952,1769642879772,18:27:59.772,42.3498022,-71.0780484,11.549,-32.37876356533023,0.44441915,1769642879053
2084,546308096,1769642880843,18:28:00.843,42.3498022,-71.0780484,11.549,-32.37876356533023,0.44441915,1769642879053
2085,546570240,1769642881891,18:28:01.891,42.3498022,-71.0780484,11.549,-32.37876356533023,0.44441915,1769642879053
2086,546832384,1769642882743,18:28:02.743,42.3498022,-71.0780484,11.549,-32.37876356533023,0.44441915,1769642879053
2087,547094528,1769642883184,18:28:03.184,42.3498022,-71.0780484,11.549,-32.37876356533023,0.44441915,1769642879053
2088,547356672,1769642883663,18:28:03.663,42.3498022,-71.0780484,11.549,-32.37876356533023,0.44441915,1769642879053
2089,547618816,1769642884436,18:28:04.436,42.3498041,-71.0780487,13.867,-32.32755818696643,0.08252235,1769642884180
2090,547880960,1769642885241,18:28:05.241,42.3498041,-71.0780487,13.867,-32.32755818696643,0.08252235,1769642884180
2091,548143104,1769642885614,18:28:05.614,42.3498041,-71.0780487,13.867,-32.32755818696643,0.08252235,1769642884180
2092,548405248,1769642886482,18:28:06.482,42.3498041,-71.0780487,13.867,-32.32755818696643,0.08252235,1769642884180
2093,548667392,1769642887011,18:28:07.011,42.3498041,-71.0780487,13.867,-32.32755818696643,0.08252235,1769642884180
2094,548929536,1769642887482,18:28:07.482,42.3498041,-71.0780487,13.867,-32.32755818696643,0.08252235,1769642884180
2095,549191680,1769642887843,18:28:07.843,42.3498041,-71.0780487,13.867,-32.32755818696643,0.08252235,1769642884180
2096,549453824,1769642888198,18:28:08.198,42.3498041,-71.0780487,13.867,-32.32755818696643,0.08252235,1769642884180
2097,549715968,1769642888714,18:28:08.714,42.3498041,-71.0780487,13.867,-32.32755818696643,0.08252235,1769642884180
2098,549978112,1769642889047,18:28:09.047,42.3498041,-71.0780487,13.867,-32.32755818696643,0.08252235,1769642884180
2099,550240256,1769642889432,18:28:09.432,42.3498041,-71.0780487,13.867,-32.32755818696643,0.08252235,1769642884180
2100,550502400,1769642889783,18:28:09.783,42.3498041,-71.0780487,13.867,-32.32755818696643,0.08252235,1769642884180
2101,550764544,1769642890137,18:28:10.137,42.3498042,-71.0780432,14.541,-32.46217457345517,0.079628535,1769642889889
2102,551026688,1769642890483,18:28:10.483,42.3498042,-71.0780432,14.541,-32.46217457345517,0.079628535,1769642889889
2103,551288832,1769642890894,18:28:10.894,42.3498035,-71.0780417,14.388,-32.46217457345517,0.07575223,1769642890567
2104,551550976,1769642891686,18:28:11.686,42.3498032,-71.0780409,14.338,-32.354945342324044,0.10873596,1769642891256
2105,551813120,1769642892123,18:28:12.123,42.3498032,-71.0780409,14.338,-32.354945342324044,0.10873596,1769642891256
2106,552075264,1769642892708,18:28:12.708,42.3498035,-71.0780406,14.32,-32.35597998798502,0.11300073,1769642892228
2107,552337408,1769642893074,18:28:13.074,42.349804,-71.0780397,14.242,-32.35597998798502,0.1150085,1769642892728
2108,552599552,1769642893481,18:28:13.481,42.3498046,-71.0780395,14.192,-32.36063589191781,0.14875413,1769642893331
2109,552861696,1769642893842,18:28:13.842,42.3498046,-71.0780395,14.192,-32.36063589191781,0.14875413,1769642893331
2110,553123840,1769642894395,18:28:14.395,42.3498061,-71.0780395,14.075,-32.36063589191781,0.1867593,1769642894267
2111,553385984,1769642894935,18:28:14.935,42.3498073,-71.078039,14.072,-32.35701463352094,0.20618609,1769642894812
2112,553648128,1769642895463,18:28:15.463,42.3498073,-71.078039,14.072,-32.35701463352094,0.20618609,1769642894812
2113,553910272,1769642895912,18:28:15.912,42.3498092,-71.0780374,14.016,-32.35701463352094,0.18051058,1769642895469
2114,554172416,1769642896419,18:28:16.419,42.3498108,-71.0780362,13.97,-32.33170792699116,0.20370127,1769642896073
2115,554434560,1769642896943,18:28:16.943,42.3498137,-71.0780351,13.957,-32.33170792699116,0.2920209,1769642896653
2116,554696704,1769642897324,18:28:17.324,42.3498137,-71.0780351,13.957,-32.33170792699116,0.2920209,1769642896653
2117,554958848,1769642897761,18:28:17.761,42.3498194,-71.0780328,13.995,-32.333777217938874,0.41926903,1769642897479
2118,555220992,1769642898165,18:28:18.165,42.3498254,-71.078031,14.139,-32.333777217938874,0.44167876,1769642898113
2119,555483136,1769642898535,18:28:18.535,42.3498254,-71.078031,14.139,-32.333777217938874,0.44167876,1769642898113
2120,555745280,1769642898962,18:28:18.962,42.3498311,-71.0780297,14.311,-32.35395277859055,0.5184342,1769642898847
2121,556007424,1769642899357,18:28:19.357,42.3498311,-71.0780297,14.311,-32.35395277859055,0.5184342,1769642898847
2122,556269568,1769642899865,18:28:19.865,42.3498374,-71.078029,14.455,-32.35395277859055,0.4923028,1769642899607
2123,556531712,1769642900369,18:28:20.369,42.3498374,-71.078029,14.455,-32.35395277859055,0.4923028,1769642899607
2124,556793856,1769642900884,18:28:20.884,42.3498434,-71.0780295,14.578,-32.44241429347854,0.48271516,1769642900445
2125,557056000,1769642901404,18:28:21.404,42.3498473,-71.0780303,14.717,-32.44241429347854,0.48457763,1769642901051
2126,557318144,1769642901944,18:28:21.944,42.3498473,-71.0780303,14.717,-32.44241429347854,0.48457763,1769642901051
2127,557580288,1769642902444,18:28:22.444,42.3498473,-71.0780303,14.717,-32.44241429347854,0.48457763,1769642901051
2128,557842432,1769642902928,18:28:22.928,42.3498473,-71.0780303,14.717,-32.44241429347854,0.48457763,1769642901051
2129,558104576,1769642903316,18:28:23.316,42.3498473,-71.0780303,14.717,-32.44241429347854,0.48457763,1769642901051
2130,558366720,1769642903700,18:28:23.700,42.3498473,-71.0780303,14.717,-32.44241429347854,0.48457763,1769642901051
2131,558628864,1769642904126,18:28:24.126,42.3498473,-71.0780303,14.717,-32.44241429347854,0.48457763,1769642901051
2132,558891008,1769642904619,18:28:24.619,42.3498473,-71.0780303,14.717,-32.44241429347854,0.48457763,1769642901051
2133,559153152,1769642905064,18:28:25.064,42.3498473,-71.0780303,14.717,-32.44241429347854,0.48457763,1769642901051
2134,559415296,1769642905523,18:28:25.523,42.3498473,-71.0780303,14.717,-32.44241429347854,0.48457763,1769642901051
2135,559677440,1769642906006,18:28:26.006,42.3498473,-71.0780303,14.717,-32.44241429347854,0.48457763,1769642901051
2136,559939584,1769642906394,18:28:26.394,42.3498473,-71.0780303,14.717,-32.44241429347854,0.48457763,1769642901051
2137,560201728,1769642906773,18:28:26.773,42.3498473,-71.0780303,14.717,-32.44241429347854,0.48457763,1769642901051
2138,560463872,1769642907180,18:28:27.180,42.3498563,-71.0780382,16.165,-32.82576014962116,0.13328068,1769642907121
2139,560726016,1769642907667,18:28:27.667,42.3498563,-71.0780382,16.165,-32.82576014962116,0.13328068,1769642907121
2140,560988160,1769642908122,18:28:28.122,42.3498563,-71.0780382,16.165,-32.82576014962116,0.13328068,1769642907121
2141,561250304,1769642908531,18:28:28.531,42.3498563,-71.0780382,16.165,-32.82576014962116,0.13328068,1769642907121
2142,561512448,1769642908960,18:28:28.960,42.3498563,-71.0780382,16.165,-32.82576014962116,0.13328068,1769642907121
2143,561774592,1769642909330,18:28:29.330,42.3498563,-71.0780382,16.165,-32.82576014962116,0.13328068,1769642907121
2144,562036736,1769642909734,18:28:29.734,42.3498563,-71.0780382,16.165,-32.82576014962116,0.13328068,1769642907121
2145,562298880,1769642910258,18:28:30.258,42.3498563,-71.0780382,16.165,-32.82576014962116,0.13328068,1769642907121
2146,562561024,1769642910700,18:28:30.700,42.3498563,-71.0780382,16.165,-32.82576014962116,0.13328068,1769642907121
2147,562823168,1769642911142,18:28:31.142,42.3498563,-71.0780382,16.165,-32.82576014962116,0.13328068,1769642907121
2148,563085312,1769642911611,18:28:31.611,42.3498563,-71.0780382,16.165,-32.82576014962116,0.13328068,1769642907121
2149,563347456,1769642912097,18:28:32.097,42.3498563,-71.0780382,16.165,-32.82576014962116,0.13328068,1769642907121
2150,563609600,1769642912598,18:28:32.598,42.3498563,-71.0780382,16.165,-32.82576014962116,0.13328068,1769642907121
2151,563871744,1769642913116,18:28:33.116,42.3498563,-71.0780382,16.165,-32.82576014962116,0.13328068,1769642907121
2152,564133888,1769642913619,18:28:33.619,42.3498563,-71.0780382,16.165,-32.82576014962116,0.13328068,1769642907121
2153,564396032,1769642914172,18:28:34.172,42.3498563,-71.0780382,16.165,-32.82576014962116,0.13328068,1769642907121
2154,564658176,1769642914762,18:28:34.762,42.3498563,-71.0780382,16.165,-32.82576014962116,0.13328068,1769642907121
2155,564920320,1769642915315,18:28:35.315,42.3498563,-71.0780382,16.165,-32.82576014962116,0.13328068,1769642907121
2156,565182464,1769642915874,18:28:35.874,42.3498563,-71.0780382,16.165,-32.82576014962116,0.13328068,1769642907121
