chunk_index,start_byte,timestamp_ms,formatted_time,lat,lon,accuracy_m,alt,speed,loc_ts
0,0,1769642934195,18:28:54.195,42.3498563,-71.0780382,16.165,-32.82576014962116,0.13328068,1769642907121
1,262144,1769642934709,18:28:54.709,42.3498563,-71.0780382,16.165,-32.82576014962116,0.13328068,1769642907121
2,524288,1769642935275,18:28:55.275,42.3498563,-71.0780382,16.165,-32.82576014962116,0.13328068,1769642907121
3,786432,1769642935763,18:28:55.763,42.3498563,-71.0780382,16.165,-32.82576014962116,0.13328068,1769642907121
4,1048576,1769642936244,18:28:56.244,42.3498563,-71.0780382,16.165,-32.82576014962116,0.13328068,1769642907121
5,1310720,1769642936642,18:28:56.642,42.3498563,-71.0780382,16.165,-32.82576014962116,0.13328068,1769642907121
6,1572864,1769642937023,18:28:57.023,42.3498563,-71.0780382,16.165,-32.82576014962116,0.13328068,1769642907121
7,1835008,1769642937440,18:28:57.440,42.3498563,-71.0780382,16.165,-32.82576014962116,0.13328068,1769642907121
8,2097152,1769642937881,18:28:57.881,42.3498563,-71.0780382,16.165,-32.82576014962116,0.13328068,1769642907121
9,2359296,1769642938343,18:28:58.343,42.3498563,-71.0780382,16.165,-32.82576014962116,0.13328068,1769642907121
10,2621440,1769642938841,18:28:58.841,42.3497112,-71.0779922,24.9,-32.317498021292835,0.0,1769642938164
11,2883584,1769642939237,18:28:59.237,42.3497112,-71.0779922,24.9,-32.317498021292835,0.0,1769642938164
12,3145728,1769642939644,18:28:59.644,42.3497112,-71.0779922,24.9,-32.317498021292835,0.0,1769642938164
13,3407872,1769642940163,18:29:00.163,42.3497112,-71.0779922,24.9,-32.317498021292835,0.0,1769642938164
14,3670016,1769642940668,18:29:00.668,42.3497112,-71.0779922,24.9,-32.317498021292835,0.0,1769642938164
15,3932160,1769642941131,18:29:01.131,42.3497112,-71.0779922,24.9,-32.317498021292835,0.0,1769642938164
16,4194304,1769642941593,18:29:01.593,42.3497112,-71.0779922,24.9,-32.317498021292835,0.0,1769642938164
17,4456448,1769642941969,18:29:01.969,42.3497112,-71.0779922,24.9,-32.317498021292835,0.0,1769642938164
18,4718592,1769642942430,18:29:02.430,42.3497112,-71.0779922,24.9,-32.317498021292835,0.0,1769642938164
19,4980736,1769642942850,18:29:02.850,42.3497112,-71.0779922,24.9,-32.317498021292835,0.0,1769642938164
20,5242880,1769642943364,18:29:03.364,42.3497112,-71.0779922,24.9,-32.317498021292835,0.0,1769642938164
21,5505024,1769642943854,18:29:03.854,42.3497112,-71.0779922,24.9,-32.317498021292835,0.0,1769642938164
22,5767168,1769642944271,18:29:04.271,42.3497112,-71.0779922,24.9,-32.317498021292835,0.0,1769642938164
23,6029312,1769642944622,18:29:04.622,42.3497112,-71.0779922,24.9,-32.317498021292835,0.0,1769642938164
24,6291456,1769642945037,18:29:05.037,42.3497112,-71.0779922,24.9,-32.317498021292835,0.0,1769642938164
25,6553600,1769642946016,18:29:06.016,42.3497112,-71.0779922,24.9,-32.317498021292835,0.0,1769642938164
26,6815744,1769642946656,18:29:06.656,42.3497112,-71.0779922,24.9,-32.317498021292835,0.0,1769642938164
27,7077888,1769642947012,18:29:07.012,42.3497112,-71.0779922,24.9,-32.317498021292835,0.0,1769642938164
28,7340032,1769642947555,18:29:07.555,42.3497112,-71.0779922,24.9,-32.317498021292835,0.0,1769642938164
29,7602176,1769642948292,18:29:08.292,42.3497112,-71.0779922,24.9,-32.317498021292835,0.0,1769642938164
30,7864320,1769642948985,18:29:08.985,42.3497298,-71.0779971,38.91,-32.097708977368704,0.118898034,1769642948685
31,8126464,1769642949383,18:29:09.383,42.3497335,-71.0779999,38.911,-32.097708977368704,0.15163878,1769642949151
32,8388608,1769642949722,18:29:09.722,42.3497335,-71.0779999,38.911,-32.097708977368704,0.15163878,1769642949151
33,8650752,1769642950722,18:29:10.722,42.349734,-71.0779993,38.456,-32.060508968025346,0.12638168,1769642949766
34,8912896,1769642951339,18:29:11.339,42.349734,-71.0779993,38.456,-32.060508968025346,0.12638168,1769642949766
35,9175040,1769642951757,18:29:11.757,42.349734,-71.0779993,38.456,-32.060508968025346,0.12638168,1769642949766
36,9437184,1769642952076,18:29:12.076,42.349734,-71.0779993,38.456,-32.060508968025346,0.12638168,1769642949766
37,9699328,1769642952427,18:29:12.427,42.349734,-71.0779993,38.456,-32.060508968025346,0.12638168,1769642949766
38,9961472,1769642952892,18:29:12.892,42.349734,-71.0779993,38.456,-32.060508968025346,0.12638168,1769642949766
39,10223616,1769642953678,18:29:13.678,42.349734,-71.0779993,38.456,-32.060508968025346,0.12638168,1769642949766
40,10485760,1769642954044,18:29:14.044,42.349734,-71.0779993,38.456,-32.060508968025346,0.12638168,1769642949766
41,10747904,1769642954411,18:29:14.411,42.349734,-71.0779993,38.456,-32.060508968025346,0.12638168,1769642949766
42,11010048,1769642954924,18:29:14.924,42.349734,-71.0779993,38.456,-32.060508968025346,0.12638168,1769642949766
43,11272192,1769642955351,18:29:15.351,42.349734,-71.0779993,38.456,-32.060508968025346,0.12638168,1769642949766
44,11534336,1769642955772,18:29:15.772,42.349734,-71.0779993,38.456,-32.060508968025346,0.12638168,1769642949766
45,11796480,1769642956180,18:29:16.180,42.349734,-71.0779993,38.456,-32.060508968025346,0.12638168,1769642949766
46,12058624,1769642956549,18:29:16.549,42.349734,-71.0779993,38.456,-32.060508968025346,0.12638168,1769642949766
47,12320768,1769642956923,18:29:16.923,42.349734,-71.0779993,38.456,-32.060508968025346,0.12638168,1769642949766
48,12582912,1769642957274,18:29:17.274,42.349734,-71.0779993,38.456,-32.060508968025346,0.12638168,1769642949766
49,12845056,1769642957620,18:29:17.620,42.349734,-71.0779993,38.456,-32.060508968025346,0.12638168,1769642949766
50,13107200,1769642957972,18:29:17.972,42.349734,-71.0779993,38.456,-32.060508968025346,0.12638168,1769642949766
51,13369344,1769642958323,18:29:18.323,42.349734,-71.0779993,38.456,-32.060508968025346,0.12638168,1769642949766
52,13631488,1769642958673,18:29:18.673,42.349734,-71.0779993,38.456,-32.060508968025346,0.12638168,1769642949766
53,13893632,1769642959021,18:29:19.021,42.349734,-71.0779993,38.456,-32.060508968025346,0.12638168,1769642949766
54,14155776,1769642959372,18:29:19.372,42.349734,-71.0779993,38.456,-32.060508968025346,0.12638168,1769642949766
55,14417920,1769642959735,18:29:19.735,42.349734,-71.0779993,38.456,-32.060508968025346,0.12638168,1769642949766
56,14680064,1769642960140,18:29:20.140,42.349734,-71.0779993,38.456,-32.060508968025346,0.12638168,1769642949766
57,14942208,1769642960535,18:29:20.535,42.349734,-71.0779993,38.456,-32.060508968025346,0.12638168,1769642949766
58,15204352,1769642960941,18:29:20.941,42.349734,-71.0779993,38.456,-32.060508968025346,0.12638168,1769642949766
59,15466496,1769642961340,18:29:21.340,42.349734,-71.0779993,38.456,-32.060508968025346,0.12638168,1769642949766
60,15728640,1769642961912,18:29:21.912,42.349734,-71.0779993,38.456,-32.060508968025346,0.12638168,1769642949766
61,15990784,1769642962451,18:29:22.451,42.349734,-71.0779993,38.456,-32.060508968025346,0.12638168,1769642949766
62,16252928,1769642963068,18:29:23.068,42.349734,-71.0779993,38.456,-32.060508968025346,0.12638168,1769642949766
63,16515072,1769642963489,18:29:23.489,42.349734,-71.0779993,38.456,-32.060508968025346,0.12638168,1769642949766
64,16777216,1769642964062,18:29:24.062,42.349734,-71.0779993,38.456,-32.060508968025346,0.12638168,1769642949766
65,17039360,1769642964648,18:29:24.648,42.349734,-71.0779993,38.456,-32.060508968025346,0.12638168,1769642949766
66,17301504,1769642965004,18:29:25.004,42.349734,-71.0779993,38.456,-32.060508968025346,0.12638168,1769642949766
67,17563648,1769642965354,18:29:25.354,42.349734,-71.0779993,38.456,-32.060508968025346,0.12638168,1769642949766
68,17825792,1769642965731,18:29:25.731,42.349734,-71.0779993,38.456,-32.060508968025346,0.12638168,1769642949766
69,18087936,1769642966262,18:29:26.262,42.349734,-71.0779993,38.456,-32.060508968025346,0.12638168,1769642949766
70,18350080,1769642966921,18:29:26.921,42.349734,-71.0779993,38.456,-32.060508968025346,0.12638168,1769642949766
71,18612224,1769642967281,18:29:27.281,42.349734,-71.0779993,38.456,-32.060508968025346,0.12638168,1769642949766
72,18874368,1769642967751,18:29:27.751,42.349734,-71.0779993,38.456,-32.060508968025346,0.12638168,1769642949766
73,19136512,1769642968252,18:29:28.252,42.349734,-71.0779993,38.456,-32.060508968025346,0.12638168,1769642949766
74,19398656,1769642968658,18:29:28.658,42.349734,-71.0779993,38.456,-32.060508968025346,0.12638168,1769642949766
75,19660800,1769642968978,18:29:28.978,42.349734,-71.0779993,38.456,-32.060508968025346,0.12638168,1769642949766
76,19922944,1769642969422,18:29:29.422,42.349734,-71.0779993,38.456,-32.060508968025346,0.12638168,1769642949766
77,20185088,1769642969775,18:29:29.775,42.349734,-71.0779993,38.456,-32.060508968025346,0.12638168,1769642949766
78,20447232,1769642970126,18:29:30.126,42.349734,-71.0779993,38.456,-32.060508968025346,0.12638168,1769642949766
79,20709376,1769642970477,18:29:30.477,42.349734,-71.0779993,38.456,-32.060508968025346,0.12638168,1769642949766
80,20971520,1769642970825,18:29:30.825,42.349734,-71.0779993,38.456,-32.060508968025346,0.12638168,1769642949766
81,21233664,1769642971175,18:29:31.175,42.349734,-71.0779993,38.456,-32.060508968025346,0.12638168,1769642949766
82,21495808,1769642971524,18:29:31.524,42.349734,-71.0779993,38.456,-32.060508968025346,0.12638168,1769642949766
83,21757952,1769642971942,18:29:31.942,42.349734,-71.0779993,38.456,-32.060508968025346,0.12638168,1769642949766
84,22020096,1769642988375,18:29:48.375,42.349734,-71.0779993,38.456,-32.060508968025346,0.12638168,1769642949766
85,22282240,1769642988888,18:29:48.888,42.349734,-71.0779993,38.456,-32.060508968025346,0.12638168,1769642949766
86,22544384,1769642989292,18:29:49.292,42.349734,-71.0779993,38.456,-32.060508968025346,0.12638168,1769642949766
87,22806528,1769642989747,18:29:49.747,42.349734,-71.0779993,38.456,-32.060508968025346,0.12638168,1769642949766
88,23068672,1769642990186,18:29:50.186,42.349734,-71.0779993,38.456,-32.060508968025346,0.12638168,1769642949766
89,23330816,1769642990708,18:29:50.708,42.349734,-71.0779993,38.456,-32.060508968025346,0.12638168,1769642949766
90,23592960,1769642991061,18:29:51.061,42.349734,-71.0779993,38.456,-32.060508968025346,0.12638168,1769642949766
91,23855104,1769642991414,18:29:51.414,42.349734,-71.0779993,38.456,-32.060508968025346,0.12638168,1769642949766
92,24117248,1769642991856,18:29:51.856,42.349734,-71.0779993,38.456,-32.060508968025346,0.12638168,1769642949766
93,24379392,1769642992185,18:29:52.185,42.349734,-71.0779993,38.456,-32.060508968025346,0.12638168,1769642949766
94,24641536,1769642992534,18:29:52.534,42.349734,-71.0779993,38.456,-32.060508968025346,0.12638168,1769642949766
95,24903680,1769642993090,18:29:53.090,42.349734,-71.0779993,38.456,-32.060508968025346,0.12638168,1769642949766
96,25165824,1769642993626,18:29:53.626,42.349734,-71.0779993,38.456,-32.060508968025346,0.12638168,1769642949766
97,25427968,1769642994150,18:29:54.150,42.349734,-71.0779993,38.456,-32.060508968025346,0.12638168,1769642949766
98,25690112,1769642994499,18:29:54.499,42.349734,-71.0779993,38.456,-32.060508968025346,0.12638168,1769642949766
99,25952256,1769642994997,18:29:54.997,42.349734,-71.0779993,38.456,-32.060508968025346,0.12638168,1769642949766
100,26214400,1769642995460,18:29:55.460,42.349734,-71.0779993,38.456,-32.060508968025346,0.12638168,1769642949766
101,26476544,1769642995937,18:29:55.937,42.349734,-71.0779993,38.456,-32.060508968025346,0.12638168,1769642949766
102,26738688,1769642996417,18:29:56.417,42.349734,-71.0779993,38.456,-32.060508968025346,0.12638168,1769642949766
103,27000832,1769642996777,18:29:56.777,42.349734,-71.0779993,38.456,-32.060508968025346,0.12638168,1769642949766
104,27262976,1769642997192,18:29:57.192,42.349734,-71.0779993,38.456,-32.060508968025346,0.12638168,1769642949766
105,27525120,1769642997564,18:29:57.564,42.349734,-71.0779993,38.456,-32.060508968025346,0.12638168,1769642949766
106,27787264,1769642998017,18:29:58.017,42.349734,-71.0779993,38.456,-32.060508968025346,0.12638168,1769642949766
107,28049408,1769642998646,18:29:58.646,42.349734,-71.0779993,38.456,-32.060508968025346,0.12638168,1769642949766
108,28311552,1769642999185,18:29:59.185,42.349734,-71.0779993,38.456,-32.060508968025346,0.12638168,1769642949766
109,28573696,1769642999744,18:29:59.744,42.349734,-71.0779993,38.456,-32.060508968025346,0.12638168,1769642949766
110,28835840,1769643000234,18:30:00.234,42.349734,-71.0779993,38.456,-32.060508968025346,0.12638168,1769642949766
111,29097984,1769643000636,18:30:00.636,42.349734,-71.0779993,38.456,-32.060508968025346,0.12638168,1769642949766
112,29360128,1769643001040,18:30:01.040,42.349734,-71.0779993,38.456,-32.060508968025346,0.12638168,1769642949766
113,29622272,1769643001436,18:30:01.436,42.349734,-71.0779993,38.456,-32.060508968025346,0.12638168,1769642949766
114,29884416,1769643001827,18:30:01.827,42.349734,-71.0779993,38.456,-32.060508968025346,0.12638168,1769642949766
115,30146560,1769643002223,18:30:02.223,42.349734,-71.0779993,38.456,-32.060508968025346,0.12638168,1769642949766
116,30408704,1769643002546,18:30:02.546,42.349734,-71.0779993,38.456,-32.060508968025346,0.12638168,1769642949766
117,30670848,1769643003007,18:30:03.007,42.349734,-71.0779993,38.456,-32.060508968025346,0.12638168,1769642949766
118,30932992,1769643003543,18:30:03.543,42.349734,-71.0779993,38.456,-32.060508968025346,0.12638168,1769642949766
119,31195136,1769643004098,18:30:04.098,42.349734,-71.0779993,38.456,-32.060508968025346,0.12638168,1769642949766
120,31457280,1769643004712,18:30:04.712,42.349734,-71.0779993,38.456,-32.060508968025346,0.12638168,1769642949766
121,31719424,1769643005189,18:30:05.189,42.349734,-71.0779993,38.456,-32.060508968025346,0.12638168,1769642949766
122,31981568,1769643005542,18:30:05.542,42.349734,-71.0779993,38.456,-32.060508968025346,0.12638168,1769642949766
123,32243712,1769643005957,18:30:05.957,42.349734,-71.0779993,38.456,-32.060508968025346,0.12638168,1769642949766
124,32505856,1769643006437,18:30:06.437,42.349734,-71.0779993,38.456,-32.060508968025346,0.12638168,1769642949766
125,32768000,1769643006819,18:30:06.819,42.349734,-71.0779993,38.456,-32.060508968025346,0.12638168,1769642949766
126,33030144,1769643007169,18:30:07.169,42.349734,-71.0779993,38.456,-32.060508968025346,0.12638168,1769642949766
127,33292288,1769643007556,18:30:07.556,42.349734,-71.0779993,38.456,-32.060508968025346,0.12638168,1769642949766
128,33554432,1769643007906,18:30:07.906,42.349734,-71.0779993,38.456,-32.060508968025346,0.12638168,1769642949766
129,33816576,1769643008255,18:30:08.255,42.349734,-71.0779993,38.456,-32.060508968025346,0.12638168,1769642949766
130,34078720,1769643008631,18:30:08.631,42.349734,-71.0779993,38.456,-32.060508968025346,0.12638168,1769642949766
131,34340864,1769643009272,18:30:09.272,42.349734,-71.0779993,38.456,-32.060508968025346,0.12638168,1769642949766
132,34603008,1769643009751,18:30:09.751,42.349734,-71.0779993,38.456,-32.060508968025346,0.12638168,1769642949766
133,34865152,1769643010312,18:30:10.312,42.349734,-71.0779993,38.456,-32.060508968025346,0.12638168,1769642949766
134,35127296,1769643010959,18:30:10.959,42.349734,-71.0779993,38.456,-32.060508968025346,0.12638168,1769642949766
135,35389440,1769643011411,18:30:11.411,42.349734,-71.0779993,38.456,-32.060508968025346,0.12638168,1769642949766
136,35651584,1769643012035,18:30:12.035,42.349734,-71.0779993,38.456,-32.060508968025346,0.12638168,1769642949766
137,35913728,1769643012701,18:30:12.701,42.349734,-71.0779993,38.456,-32.060508968025346,0.12638168,1769642949766
138,36175872,1769643013548,18:30:13.548,42.349734,-71.0779993,38.456,-32.060508968025346,0.12638168,1769642949766
139,36438016,1769643014143,18:30:14.143,42.349734,-71.0779993,38.456,-32.060508968025346,0.12638168,1769642949766
140,36700160,1769643014885,18:30:14.885,42.349734,-71.0779993,38.456,-32.060508968025346,0.12638168,1769642949766
141,36962304,1769643015457,18:30:15.457,42.349734,-71.0779993,38.456,-32.060508968025346,0.12638168,1769642949766
142,37224448,1769643016100,18:30:16.100,42.349734,-71.0779993,38.456,-32.060508968025346,0.12638168,1769642949766
143,37486592,1769643016860,18:30:16.860,42.349734,-71.0779993,38.456,-32.060508968025346,0.12638168,1769642949766
144,37748736,1769643017317,18:30:17.317,42.349734,-71.0779993,38.456,-32.060508968025346,0.12638168,1769642949766
145,38010880,1769643017681,18:30:17.681,42.349734,-71.0779993,38.456,-32.060508968025346,0.12638168,1769642949766
146,38273024,1769643018085,18:30:18.085,42.349734,-71.0779993,38.456,-32.060508968025346,0.12638168,1769642949766
147,38535168,1769643018624,18:30:18.624,42.349734,-71.0779993,38.456,-32.060508968025346,0.12638168,1769642949766
148,38797312,1769643019043,18:30:19.043,42.349734,-71.0779993,38.456,-32.060508968025346,0.12638168,1769642949766
149,39059456,1769643019364,18:30:19.364,42.349734,-71.0779993,38.456,-32.060508968025346,0.12638168,1769642949766
150,39321600,1769643019722,18:30:19.722,42.349734,-71.0779993,38.456,-32.060508968025346,0.12638168,1769642949766
151,39583744,1769643020072,18:30:20.072,42.349734,-71.0779993,38.456,-32.060508968025346,0.12638168,1769642949766
152,39845888,1769643020460,18:30:20.460,42.349734,-71.0779993,38.456,-32.060508968025346,0.12638168,1769642949766
153,40108032,1769643020913,18:30:20.913,42.349734,-71.0779993,38.456,-32.060508968025346,0.12638168,1769642949766
154,40370176,1769643021389,18:30:21.389,42.349734,-71.0779993,38.456,-32.060508968025346,0.12638168,1769642949766
155,40632320,1769643021783,18:30:21.783,42.349734,-71.0779993,38.456,-32.060508968025346,0.12638168,1769642949766
156,40894464,1769643022105,18:30:22.105,42.349734,-71.0779993,38.456,-32.060508968025346,0.12638168,1769642949766
157,41156608,1769643022454,18:30:22.454,42.349734,-71.0779993,38.456,-32.060508968025346,0.12638168,1769642949766
158,41418752,1769643022801,18:30:22.801,42.349734,-71.0779993,38.456,-32.060508968025346,0.12638168,1769642949766
159,41680896,1769643023152,18:30:23.152,42.349734,-71.0779993,38.456,-32.060508968025346,0.12638168,1769642949766
160,41943040,1769643023543,18:30:23.543,42.349734,-71.0779993,38.456,-32.060508968025346,0.12638168,1769642949766
161,42205184,1769643024074,18:30:24.074,42.349734,-71.0779993,38.456,-32.060508968025346,0.12638168,1769642949766
162,42467328,1769643024458,18:30:24.458,42.349734,-71.0779993,38.456,-32.060508968025346,0.12638168,1769642949766
163,42729472,1769643024871,18:30:24.871,42.349734,-71.0779993,38.456,-32.060508968025346,0.12638168,1769642949766
164,42991616,1769643025320,18:30:25.320,42.349734,-71.0779993,38.456,-32.060508968025346,0.12638168,1769642949766
165,43253760,1769643025692,18:30:25.692,42.349734,-71.0779993,38.456,-32.060508968025346,0.12638168,1769642949766
166,43515904,1769643026054,18:30:26.054,42.349734,-71.0779993,38.456,-32.060508968025346,0.12638168,1769642949766
167,43778048,1769643026405,18:30:26.405,42.349734,-71.0779993,38.456,-32.060508968025346,0.12638168,1769642949766
168,44040192,1769643026788,18:30:26.788,42.349734,-71.0779993,38.456,-32.060508968025346,0.12638168,1769642949766
169,44302336,1769643027141,18:30:27.141,42.349734,-71.0779993,38.456,-32.060508968025346,0.12638168,1769642949766
170,44564480,1769643027449,18:30:27.449,42.349734,-71.0779993,38.456,-32.060508968025346,0.12638168,1769642949766
171,44826624,1769643027835,18:30:27.835,42.349734,-71.0779993,38.456,-32.060508968025346,0.12638168,1769642949766
172,45088768,1769643028277,18:30:28.277,42.349734,-71.0779993,38.456,-32.060508968025346,0.12638168,1769642949766
173,45350912,1769643028823,18:30:28.823,42.349734,-71.0779993,38.456,-32.060508968025346,0.12638168,1769642949766
174,45613056,1769643029462,18:30:29.462,42.349734,-71.0779993,38.456,-32.060508968025346,0.12638168,1769642949766
175,45875200,1769643030045,18:30:30.045,42.349734,-71.0779993,38.456,-32.060508968025346,0.12638168,1769642949766
176,46137344,1769643030523,18:30:30.523,42.349734,-71.0779993,38.456,-32.060508968025346,0.12638168,1769642949766
177,46399488,1769643031058,18:30:31.058,42.349734,-71.0779993,38.456,-32.060508968025346,0.12638168,1769642949766
178,46661632,1769643031779,18:30:31.779,42.349734,-71.0779993,38.456,-32.060508968025346,0.12638168,1769642949766
179,46923776,1769643032610,18:30:32.610,42.349734,-71.0779993,38.456,-32.060508968025346,0.12638168,1769642949766
180,47185920,1769643033209,18:30:33.209,42.349734,-71.0779993,38.456,-32.060508968025346,0.12638168,1769642949766
181,47448064,1769643034040,18:30:34.040,42.349734,-71.0779993,38.456,-32.060508968025346,0.12638168,1769642949766
182,47710208,1769643034960,18:30:34.960,42.349734,-71.0779993,38.456,-32.060508968025346,0.12638168,1769642949766
183,47972352,1769643035625,18:30:35.625,42.349734,-71.0779993,38.456,-32.060508968025346,0.12638168,1769642949766
184,48234496,1769643036331,18:30:36.331,42.349734,-71.0779993,38.456,-32.060508968025346,0.12638168,1769642949766
185,48496640,1769643037062,18:30:37.062,42.349734,-71.0779993,38.456,-32.060508968025346,0.12638168,1769642949766
186,48758784,1769643037754,18:30:37.754,42.349734,-71.0779993,38.456,-32.060508968025346,0.12638168,1769642949766
187,49020928,1769643038617,18:30:38.617,42.349734,-71.0779993,38.456,-32.060508968025346,0.12638168,1769642949766
188,49283072,1769643039759,18:30:39.759,42.349734,-71.0779993,38.456,-32.060508968025346,0.12638168,1769642949766
189,49545216,1769643041352,18:30:41.352,42.349734,-71.0779993,38.456,-32.060508968025346,0.12638168,1769642949766
190,49807360,1769643043042,18:30:43.042,42.349734,-71.0779993,38.456,-32.060508968025346,0.12638168,1769642949766
191,50069504,1769643043778,18:30:43.778,42.349734,-71.0779993,38.456,-32.060508968025346,0.12638168,1769642949766
192,50331648,1769643044167,18:30:44.167,42.349734,-71.0779993,38.456,-32.060508968025346,0.12638168,1769642949766
193,50593792,1769643045269,18:30:45.269,42.349734,-71.0779993,38.456,-32.060508968025346,0.12638168,1769642949766
194,50855936,1769643046138,18:30:46.138,42.349734,-71.0779993,38.456,-32.060508968025346,0.12638168,1769642949766
195,51118080,1769643046617,18:30:46.617,42.349734,-71.0779993,38.456,-32.060508968025346,0.12638168,1769642949766
196,51380224,1769643046987,18:30:46.987,42.349734,-71.0779993,38.456,-32.060508968025346,0.12638168,1769642949766
197,51642368,1769643047339,18:30:47.339,42.349734,-71.0779993,38.456,-32.060508968025346,0.12638168,1769642949766
198,51904512,1769643047694,18:30:47.694,42.349734,-71.0779993,38.456,-32.060508968025346,0.12638168,1769642949766
199,52166656,1769643048040,18:30:48.040,42.349734,-71.0779993,38.456,-32.060508968025346,0.12638168,1769642949766
200,52428800,1769643048441,18:30:48.441,42.349734,-71.0779993,38.456,-32.060508968025346,0.12638168,1769642949766
201,52690944,1769643048787,18:30:48.787,42.349734,-71.0779993,38.456,-32.060508968025346,0.12638168,1769642949766
202,52953088,1769643049138,18:30:49.138,42.349734,-71.0779993,38.456,-32.060508968025346,0.12638168,1769642949766
203,53215232,1769643049582,18:30:49.582,42.349734,-71.0779993,38.456,-32.060508968025346,0.12638168,1769642949766
204,53477376,1769643050149,18:30:50.149,42.349734,-71.0779993,38.456,-32.060508968025346,0.12638168,1769642949766
205,53739520,1769643050607,18:30:50.607,42.349734,-71.0779993,38.456,-32.060508968025346,0.12638168,1769642949766
206,54001664,1769643050958,18:30:50.958,42.349734,-71.0779993,38.456,-32.060508968025346,0.12638168,1769642949766
207,54263808,1769643051351,18:30:51.351,42.349734,-71.0779993,38.456,-32.060508968025346,0.12638168,1769642949766
208,54525952,1769643051880,18:30:51.880,42.349734,-71.0779993,38.456,-32.060508968025346,0.12638168,1769642949766
209,54788096,1769643052354,18:30:52.354,42.349734,-71.0779993,38.456,-32.060508968025346,0.12638168,1769642949766
210,55050240,1769643052678,18:30:52.678,42.349734,-71.0779993,38.456,-32.060508968025346,0.12638168,1769642949766
211,55312384,1769643053026,18:30:53.026,42.349734,-71.0779993,38.456,-32.060508968025346,0.12638168,1769642949766
212,55574528,1769643053506,18:30:53.506,42.349734,-71.0779993,38.456,-32.060508968025346,0.12638168,1769642949766
213,55836672,1769643053995,18:30:53.995,42.349734,-71.0779993,38.456,-32.060508968025346,0.12638168,1769642949766
214,56098816,1769643054350,18:30:54.350,42.349734,-71.0779993,38.456,-32.060508968025346,0.12638168,1769642949766
215,56360960,1769643054700,18:30:54.700,42.349734,-71.0779993,38.456,-32.060508968025346,0.12638168,1769642949766
216,56623104,1769643055056,18:30:55.056,42.349734,-71.0779993,38.456,-32.060508968025346,0.12638168,1769642949766
217,56885248,1769643055403,18:30:55.403,42.349734,-71.0779993,38.456,-32.060508968025346,0.12638168,1769642949766
218,57147392,1769643055751,18:30:55.751,42.349734,-71.0779993,38.456,-32.060508968025346,0.12638168,1769642949766
219,57409536,1769643056208,18:30:56.208,42.349734,-71.0779993,38.456,-32.060508968025346,0.12638168,1769642949766
220,57671680,1769643056757,18:30:56.757,42.349734,-71.0779993,38.456,-32.060508968025346,0.12638168,1769642949766
221,57933824,1769643057174,18:30:57.174,42.349734,-71.0779993,38.456,-32.060508968025346,0.12638168,1769642949766
222,58195968,1769643057519,18:30:57.519,42.349734,-71.0779993,38.456,-32.060508968025346,0.12638168,1769642949766
223,58458112,1769643057995,18:30:57.995,42.349734,-71.0779993,38.456,-32.060508968025346,0.12638168,1769642949766
224,58720256,1769643058499,18:30:58.499,42.349734,-71.0779993,38.456,-32.060508968025346,0.12638168,1769642949766
225,58982400,1769643059084,18:30:59.084,42.349734,-71.0779993,38.456,-32.060508968025346,0.12638168,1769642949766
226,59244544,1769643059473,18:30:59.473,42.349734,-71.0779993,38.456,-32.060508968025346,0.12638168,1769642949766
227,59506688,1769643059902,18:30:59.902,42.349734,-71.0779993,38.456,-32.060508968025346,0.12638168,1769642949766
228,59768832,1769643060499,18:31:00.499,42.349734,-71.0779993,38.456,-32.060508968025346,0.12638168,1769642949766
229,60030976,1769643060950,18:31:00.950,42.349734,-71.0779993,38.456,-32.060508968025346,0.12638168,1769642949766
230,60293120,1769643061288,18:31:01.288,42.349734,-71.0779993,38.456,-32.060508968025346,0.12638168,1769642949766
231,60555264,1769643061637,18:31:01.637,42.349734,-71.0779993,38.456,-32.060508968025346,0.12638168,1769642949766
232,60817408,1769643062019,18:31:02.019,42.349734,-71.0779993,38.456,-32.060508968025346,0.12638168,1769642949766
233,61079552,1769643062367,18:31:02.367,42.349734,-71.0779993,38.456,-32.060508968025346,0.12638168,1769642949766
234,61341696,1769643062717,18:31:02.717,42.349734,-71.0779993,38.456,-32.060508968025346,0.12638168,1769642949766
235,61603840,1769643063067,18:31:03.067,42.349734,-71.0779993,38.456,-32.060508968025346,0.12638168,1769642949766
236,61865984,1769643063416,18:31:03.416,42.349734,-71.0779993,38.456,-32.060508968025346,0.12638168,1769642949766
237,62128128,1769643063794,18:31:03.794,42.349734,-71.0779993,38.456,-32.060508968025346,0.12638168,1769642949766
238,62390272,1769643064146,18:31:04.146,42.349734,-71.0779993,38.456,-32.060508968025346,0.12638168,1769642949766
239,62652416,1769643064541,18:31:04.541,42.349734,-71.0779993,38.456,-32.060508968025346,0.12638168,1769642949766
240,62914560,1769643064935,18:31:04.935,42.349734,-71.0779993,38.456,-32.060508968025346,0.12638168,1769642949766
241,63176704,1769643065340,18:31:05.340,42.349734,-71.0779993,38.456,-32.060508968025346,0.12638168,1769642949766
242,63438848,1769643065851,18:31:05.851,42.349734,-71.0779993,38.456,-32.060508968025346,0.12638168,1769642949766
243,63700992,1769643066274,18:31:06.274,42.349734,-71.0779993,38.456,-32.060508968025346,0.12638168,1769642949766
244,63963136,1769643066623,18:31:06.623,42.349734,-71.0779993,38.456,-32.060508968025346,0.12638168,1769642949766
245,64225280,1769643066994,18:31:06.994,42.349734,-71.0779993,38.456,-32.060508968025346,0.12638168,1769642949766
246,64487424,1769643067416,18:31:07.416,42.349734,-71.0779993,38.456,-32.060508968025346,0.12638168,1769642949766
247,64749568,1769643067759,18:31:07.759,42.349734,-71.0779993,38.456,-32.060508968025346,0.12638168,1769642949766
248,65011712,1769643068224,18:31:08.224,42.349734,-71.0779993,38.456,-32.060508968025346,0.12638168,1769642949766
249,65273856,1769643068612,18:31:08.612,42.349734,-71.0779993,38.456,-32.060508968025346,0.12638168,1769642949766
250,65536000,1769643069003,18:31:09.003,42.349734,-71.0779993,38.456,-32.060508968025346,0.12638168,1769642949766
251,65798144,1769643069587,18:31:09.587,42.349734,-71.0779993,38.456,-32.060508968025346,0.12638168,1769642949766
252,66060288,1769643070124,18:31:10.124,42.349734,-71.0779993,38.456,-32.060508968025346,0.12638168,1769642949766
253,66322432,1769643070514,18:31:10.514,42.349734,-71.0779993,38.456,-32.060508968025346,0.12638168,1769642949766
254,66584576,1769643070920,18:31:10.920,42.349734,-71.0779993,38.456,-32.060508968025346,0.12638168,1769642949766
255,66846720,1769643071236,18:31:11.236,42.349734,-71.0779993,38.456,-32.060508968025346,0.12638168,1769642949766
256,67108864,1769643071538,18:31:11.538,42.349734,-71.0779993,38.456,-32.060508968025346,0.12638168,1769642949766
257,67371008,1769643072249,18:31:12.249,42.349734,-71.0779993,38.456,-32.060508968025346,0.12638168,1769642949766
258,67633152,1769643072870,18:31:12.870,42.349734,-71.0779993,38.456,-32.060508968025346,0.12638168,1769642949766
259,67895296,1769643073444,18:31:13.444,42.349734,-71.0779993,38.456,-32.060508968025346,0.12638168,1769642949766
260,68157440,1769643074176,18:31:14.176,42.349734,-71.0779993,38.456,-32.060508968025346,0.12638168,1769642949766
261,68419584,1769643074775,18:31:14.775,42.349734,-71.0779993,38.456,-32.060508968025346,0.12638168,1769642949766
262,68681728,1769643075265,18:31:15.265,42.349734,-71.0779993,38.456,-32.060508968025346,0.12638168,1769642949766
263,68943872,1769643075778,18:31:15.778,42.349734,-71.0779993,38.456,-32.060508968025346,0.12638168,1769642949766
264,69206016,1769643076331,18:31:16.331,42.349734,-71.0779993,38.456,-32.060508968025346,0.12638168,1769642949766
265,69468160,1769643076847,18:31:16.847,42.349734,-71.0779993,38.456,-32.060508968025346,0.12638168,1769642949766
266,69730304,1769643077232,18:31:17.232,42.349734,-71.0779993,38.456,-32.060508968025346,0.12638168,1769642949766
267,69992448,1769643077595,18:31:17.595,42.349734,-71.0779993,38.456,-32.060508968025346,0.12638168,1769642949766
268,70254592,1769643077957,18:31:17.957,42.349734,-71.0779993,38.456,-32.060508968025346,0.12638168,1769642949766
269,70516736,1769643078428,18:31:18.428,42.349734,-71.0779993,38.456,-32.060508968025346,0.12638168,1769642949766
270,70778880,1769643078754,18:31:18.754,42.349734,-71.0779993,38.456,-32.060508968025346,0.12638168,1769642949766
271,71041024,1769643079128,18:31:19.128,42.349734,-71.0779993,38.456,-32.060508968025346,0.12638168,1769642949766
272,71303168,1769643079486,18:31:19.486,42.349734,-71.0779993,38.456,-32.060508968025346,0.12638168,1769642949766
273,71565312,1769643079838,18:31:19.838,42.349734,-71.0779993,38.456,-32.060508968025346,0.12638168,1769642949766
274,71827456,1769643080188,18:31:20.188,42.349734,-71.0779993,38.456,-32.060508968025346,0.12638168,1769642949766
275,72089600,1769643080570,18:31:20.570,42.349734,-71.0779993,38.456,-32.060508968025346,0.12638168,1769642949766
276,72351744,1769643081134,18:31:21.134,42.349734,-71.0779993,38.456,-32.060508968025346,0.12638168,1769642949766
277,72613888,1769643081546,18:31:21.546,42.349734,-71.0779993,38.456,-32.060508968025346,0.12638168,1769642949766
278,72876032,1769643081954,18:31:21.954,42.349734,-71.0779993,38.456,-32.060508968025346,0.12638168,1769642949766
279,73138176,1769643082320,18:31:22.320,42.349734,-71.0779993,38.456,-32.060508968025346,0.12638168,1769642949766
280,73400320,1769643082830,18:31:22.830,42.349734,-71.0779993,38.456,-32.060508968025346,0.12638168,1769642949766
281,73662464,1769643083399,18:31:23.399,42.349734,-71.0779993,38.456,-32.060508968025346,0.12638168,1769642949766
282,73924608,1769643083820,18:31:23.820,42.349734,-71.0779993,38.456,-32.060508968025346,0.12638168,1769642949766
283,74186752,1769643084171,18:31:24.171,42.349734,-71.0779993,38.456,-32.060508968025346,0.12638168,1769642949766
284,74448896,1769643084520,18:31:24.520,42.349734,-71.0779993,38.456,-32.060508968025346,0.12638168,1769642949766
285,74711040,1769643085088,18:31:25.088,42.349734,-71.0779993,38.456,-32.060508968025346,0.12638168,1769642949766
286,74973184,1769643086093,18:31:26.093,42.349734,-71.0779993,38.456,-32.060508968025346,0.12638168,1769642949766
287,75235328,1769643087395,18:31:27.395,42.349734,-71.0779993,38.456,-32.060508968025346,0.12638168,1769642949766
288,75497472,1769643088086,18:31:28.086,42.349734,-71.0779993,38.456,-32.060508968025346,0.12638168,1769642949766
289,75759616,1769643089022,18:31:29.022,42.349734,-71.0779993,38.456,-32.060508968025346,0.12638168,1769642949766
290,76021760,1769643089832,18:31:29.832,42.349734,-71.0779993,38.456,-32.060508968025346,0.12638168,1769642949766
291,76283904,1769643090662,18:31:30.662,42.349734,-71.0779993,38.456,-32.060508968025346,0.12638168,1769642949766
292,76546048,1769643091176,18:31:31.176,42.349734,-71.0779993,38.456,-32.060508968025346,0.12638168,1769642949766
293,76808192,1769643092011,18:31:32.011,42.349734,-71.0779993,38.456,-32.060508968025346,0.12638168,1769642949766
294,77070336,1769643092879,18:31:32.879,42.349734,-71.0779993,38.456,-32.060508968025346,0.12638168,1769642949766
295,77332480,1769643093706,18:31:33.706,42.349734,-71.0779993,38.456,-32.060508968025346,0.12638168,1769642949766
296,77594624,1769643094132,18:31:34.132,42.349734,-71.0779993,38.456,-32.060508968025346,0.12638168,1769642949766
297,77856768,1769643094714,18:31:34.714,42.349734,-71.0779993,38.456,-32.060508968025346,0.12638168,1769642949766
298,78118912,1769643095200,18:31:35.200,42.349734,-71.0779993,38.456,-32.060508968025346,0.12638168,1769642949766
299,78381056,1769643095617,18:31:35.617,42.349734,-71.0779993,38.456,-32.060508968025346,0.12638168,1769642949766
300,78643200,1769643095977,18:31:35.977,42.349734,-71.0779993,38.456,-32.060508968025346,0.12638168,1769642949766
301,78905344,1769643096284,18:31:36.284,42.349734,-71.0779993,38.456,-32.060508968025346,0.12638168,1769642949766
302,79167488,1769643096631,18:31:36.631,42.349734,-71.0779993,38.456,-32.060508968025346,0.12638168,1769642949766
303,79429632,1769643096990,18:31:36.990,42.349734,-71.0779993,38.456,-32.060508968025346,0.12638168,1769642949766
304,79691776,1769643097316,18:31:37.316,42.349734,-71.0779993,38.456,-32.060508968025346,0.12638168,1769642949766
305,79953920,1769643097671,18:31:37.671,42.349734,-71.0779993,38.456,-32.060508968025346,0.12638168,1769642949766
306,80216064,1769643098071,18:31:38.071,42.349734,-71.0779993,38.456,-32.060508968025346,0.12638168,1769642949766
307,80478208,1769643098560,18:31:38.560,42.349734,-71.0779993,38.456,-32.060508968025346,0.12638168,1769642949766
308,80740352,1769643099153,18:31:39.153,42.349734,-71.0779993,38.456,-32.060508968025346,0.12638168,1769642949766
309,81002496,1769643099569,18:31:39.569,42.349734,-71.0779993,38.456,-32.060508968025346,0.12638168,1769642949766
310,81264640,1769643099998,18:31:39.998,42.349734,-71.0779993,38.456,-32.060508968025346,0.12638168,1769642949766
311,81526784,1769643100486,18:31:40.486,42.349734,-71.0779993,38.456,-32.060508968025346,0.12638168,1769642949766
312,81788928,1769643100954,18:31:40.954,42.349734,-71.0779993,38.456,-32.060508968025346,0.12638168,1769642949766
313,82051072,1769643101294,18:31:41.294,42.349734,-71.0779993,38.456,-32.060508968025346,0.12638168,1769642949766
314,82313216,1769643101679,18:31:41.679,42.349734,-71.0779993,38.456,-32.060508968025346,0.12638168,1769642949766
315,82575360,1769643102017,18:31:42.017,42.349734,-71.0779993,38.456,-32.060508968025346,0.12638168,1769642949766
316,82837504,1769643102418,18:31:42.418,42.349734,-71.0779993,38.456,-32.060508968025346,0.12638168,1769642949766
317,83099648,1769643102768,18:31:42.768,42.349734,-71.0779993,38.456,-32.060508968025346,0.12638168,1769642949766
318,83361792,1769643103323,18:31:43.323,42.349734,-71.0779993,38.456,-32.060508968025346,0.12638168,1769642949766
319,83623936,1769643103714,18:31:43.714,42.349734,-71.0779993,38.456,-32.060508968025346,0.12638168,1769642949766
320,83886080,1769643104097,18:31:44.097,42.349734,-71.0779993,38.456,-32.060508968025346,0.12638168,1769642949766
321,84148224,1769643104452,18:31:44.452,42.349734,-71.0779993,38.456,-32.060508968025346,0.12638168,1769642949766
322,84410368,1769643104835,18:31:44.835,42.349734,-71.0779993,38.456,-32.060508968025346,0.12638168,1769642949766
323,84672512,1769643105200,18:31:45.200,42.349734,-71.0779993,38.456,-32.060508968025346,0.12638168,1769642949766
324,84934656,1769643105549,18:31:45.549,42.349734,-71.0779993,38.456,-32.060508968025346,0.12638168,1769642949766
325,85196800,1769643105942,18:31:45.942,42.349734,-71.0779993,38.456,-32.060508968025346,0.12638168,1769642949766
326,85458944,1769643106442,18:31:46.442,42.349734,-71.0779993,38.456,-32.060508968025346,0.12638168,1769642949766
327,85721088,1769643106829,18:31:46.829,42.349734,-71.0779993,38.456,-32.060508968025346,0.12638168,1769642949766
328,85983232,1769643107181,18:31:47.181,42.349734,-71.0779993,38.456,-32.060508968025346,0.12638168,1769642949766
329,86245376,1769643107774,18:31:47.774,42.349734,-71.0779993,38.456,-32.060508968025346,0.12638168,1769642949766
330,86507520,1769643108321,18:31:48.321,42.349734,-71.0779993,38.456,-32.060508968025346,0.12638168,1769642949766
331,86769664,1769643108781,18:31:48.781,42.349734,-71.0779993,38.456,-32.060508968025346,0.12638168,1769642949766
332,87031808,1769643109195,18:31:49.195,42.349734,-71.0779993,38.456,-32.060508968025346,0.12638168,1769642949766
333,87293952,1769643109603,18:31:49.603,42.349734,-71.0779993,38.456,-32.060508968025346,0.12638168,1769642949766
334,87556096,1769643110183,18:31:50.183,42.349734,-71.0779993,38.456,-32.060508968025346,0.12638168,1769642949766
335,87818240,1769643110995,18:31:50.995,42.349734,-71.0779993,38.456,-32.060508968025346,0.12638168,1769642949766
336,88080384,1769643111348,18:31:51.348,42.349734,-71.0779993,38.456,-32.060508968025346,0.12638168,1769642949766
337,88342528,1769643111700,18:31:51.700,42.349734,-71.0779993,38.456,-32.060508968025346,0.12638168,1769642949766
338,88604672,1769643112066,18:31:52.066,42.349734,-71.0779993,38.456,-32.060508968025346,0.12638168,1769642949766
339,88866816,1769643112419,18:31:52.419,42.349734,-71.0779993,38.456,-32.060508968025346,0.12638168,1769642949766
340,89128960,1769643112767,18:31:52.767,42.349734,-71.0779993,38.456,-32.060508968025346,0.12638168,1769642949766
341,89391104,1769643113634,18:31:53.634,42.349734,-71.0779993,38.456,-32.060508968025346,0.12638168,1769642949766
342,89653248,1769643114036,18:31:54.036,42.349734,-71.0779993,38.456,-32.060508968025346,0.12638168,1769642949766
343,89915392,1769643114619,18:31:54.619,42.349734,-71.0779993,38.456,-32.060508968025346,0.12638168,1769642949766
344,90177536,1769643115438,18:31:55.438,42.349734,-71.0779993,38.456,-32.060508968025346,0.12638168,1769642949766
345,90439680,1769643115968,18:31:55.968,42.349734,-71.0779993,38.456,-32.060508968025346,0.12638168,1769642949766
346,90701824,1769643116349,18:31:56.349,42.349734,-71.0779993,38.456,-32.060508968025346,0.12638168,1769642949766
347,90963968,1769643117136,18:31:57.136,42.349734,-71.0779993,38.456,-32.060508968025346,0.12638168,1769642949766
348,91226112,1769643117705,18:31:57.705,42.349734,-71.0779993,38.456,-32.060508968025346,0.12638168,1769642949766
349,91488256,1769643118110,18:31:58.110,42.349734,-71.0779993,38.456,-32.060508968025346,0.12638168,1769642949766
350,91750400,1769643118503,18:31:58.503,42.349734,-71.0779993,38.456,-32.060508968025346,0.12638168,1769642949766
351,92012544,1769643118815,18:31:58.815,42.349734,-71.0779993,38.456,-32.060508968025346,0.12638168,1769642949766
352,92274688,1769643119222,18:31:59.222,42.349734,-71.0779993,38.456,-32.060508968025346,0.12638168,1769642949766
353,92536832,1769643119993,18:31:59.993,42.349734,-71.0779993,38.456,-32.060508968025346,0.12638168,1769642949766
354,92798976,1769643120398,18:32:00.398,42.349734,-71.0779993,38.456,-32.060508968025346,0.12638168,1769642949766
355,93061120,1769643120766,18:32:00.766,42.349734,-71.0779993,38.456,-32.060508968025346,0.12638168,1769642949766
356,93323264,1769643121127,18:32:01.127,42.349734,-71.0779993,38.456,-32.060508968025346,0.12638168,1769642949766
357,93585408,1769643121569,18:32:01.569,42.349734,-71.0779993,38.456,-32.060508968025346,0.12638168,1769642949766
358,93847552,1769643122084,18:32:02.084,42.349734,-71.0779993,38.456,-32.060508968025346,0.12638168,1769642949766
359,94109696,1769643123010,18:32:03.010,42.349734,-71.0779993,38.456,-32.060508968025346,0.12638168,1769642949766
360,94371840,1769643123362,18:32:03.362,42.349734,-71.0779993,38.456,-32.060508968025346,0.12638168,1769642949766
361,94633984,1769643123733,18:32:03.733,42.349734,-71.0779993,38.456,-32.060508968025346,0.12638168,1769642949766
362,94896128,1769643124107,18:32:04.107,42.349734,-71.0779993,38.456,-32.060508968025346,0.12638168,1769642949766
363,95158272,1769643124559,18:32:04.559,42.349734,-71.0779993,38.456,-32.060508968025346,0.12638168,1769642949766
364,95420416,1769643125593,18:32:05.593,42.349734,-71.0779993,38.456,-32.060508968025346,0.12638168,1769642949766
365,95682560,1769643126166,18:32:06.166,42.349734,-71.0779993,38.456,-32.060508968025346,0.12638168,1769642949766
366,95944704,1769643126778,18:32:06.778,42.349734,-71.0779993,38.456,-32.060508968025346,0.12638168,1769642949766
367,96206848,1769643127352,18:32:07.352,42.349734,-71.0779993,38.456,-32.060508968025346,0.12638168,1769642949766
368,96468992,1769643127891,18:32:07.891,42.349734,-71.0779993,38.456,-32.060508968025346,0.12638168,1769642949766
369,96731136,1769643128305,18:32:08.305,42.349734,-71.0779993,38.456,-32.060508968025346,0.12638168,1769642949766
370,96993280,1769643128655,18:32:08.655,42.349734,-71.0779993,38.456,-32.060508968025346,0.12638168,1769642949766
371,97255424,1769643129007,18:32:09.007,42.349734,-71.0779993,38.456,-32.060508968025346,0.12638168,1769642949766
372,97517568,1769643129519,18:32:09.519,42.349734,-71.0779993,38.456,-32.060508968025346,0.12638168,1769642949766
373,97779712,1769643129974,18:32:09.974,42.349734,-71.0779993,38.456,-32.060508968025346,0.12638168,1769642949766
374,98041856,1769643130287,18:32:10.287,42.349734,-71.0779993,38.456,-32.060508968025346,0.12638168,1769642949766
375,98304000,1769643130703,18:32:10.703,42.349734,-71.0779993,38.456,-32.060508968025346,0.12638168,1769642949766
376,98566144,1769643131146,18:32:11.146,42.349734,-71.0779993,38.456,-32.060508968025346,0.12638168,1769642949766
377,98828288,1769643131547,18:32:11.547,42.349734,-71.0779993,38.456,-32.060508968025346,0.12638168,1769642949766
378,99090432,1769643131953,18:32:11.953,42.349734,-71.0779993,38.456,-32.060508968025346,0.12638168,1769642949766
379,99352576,1769643132315,18:32:12.315,42.349734,-71.0779993,38.456,-32.060508968025346,0.12638168,1769642949766
380,99614720,1769643132718,18:32:12.718,42.349734,-71.0779993,38.456,-32.060508968025346,0.12638168,1769642949766
381,99876864,1769643133128,18:32:13.128,42.349734,-71.0779993,38.456,-32.060508968025346,0.12638168,1769642949766
382,100139008,1769643133645,18:32:13.645,42.349734,-71.0779993,38.456,-32.060508968025346,0.12638168,1769642949766
383,100401152,1769643134058,18:32:14.058,42.349734,-71.0779993,38.456,-32.060508968025346,0.12638168,1769642949766
384,100663296,1769643134473,18:32:14.473,42.349734,-71.0779993,38.456,-32.060508968025346,0.12638168,1769642949766
385,100925440,1769643134829,18:32:14.829,42.349734,-71.0779993,38.456,-32.060508968025346,0.12638168,1769642949766
386,101187584,1769643135179,18:32:15.179,42.349734,-71.0779993,38.456,-32.060508968025346,0.12638168,1769642949766
387,101449728,1769643135530,18:32:15.530,42.349734,-71.0779993,38.456,-32.060508968025346,0.12638168,1769642949766
388,101711872,1769643136096,18:32:16.096,42.349734,-71.0779993,38.456,-32.060508968025346,0.12638168,1769642949766
389,101974016,1769643136676,18:32:16.676,42.349734,-71.0779993,38.456,-32.060508968025346,0.12638168,1769642949766
390,102236160,1769643137231,18:32:17.231,42.349734,-71.0779993,38.456,-32.060508968025346,0.12638168,1769642949766
391,102498304,1769643137637,18:32:17.637,42.349734,-71.0779993,38.456,-32.060508968025346,0.12638168,1769642949766
392,102760448,1769643138038,18:32:18.038,42.349734,-71.0779993,38.456,-32.060508968025346,0.12638168,1769642949766
393,103022592,1769643138353,18:32:18.353,42.349734,-71.0779993,38.456,-32.060508968025346,0.12638168,1769642949766
394,103284736,1769643138922,18:32:18.922,42.349734,-71.0779993,38.456,-32.060508968025346,0.12638168,1769642949766
395,103546880,1769643139275,18:32:19.275,42.349734,-71.0779993,38.456,-32.060508968025346,0.12638168,1769642949766
396,103809024,1769643139623,18:32:19.623,42.349734,-71.0779993,38.456,-32.060508968025346,0.12638168,1769642949766
397,104071168,1769643139979,18:32:19.979,42.349734,-71.0779993,38.456,-32.060508968025346,0.12638168,1769642949766
398,104333312,1769643140321,18:32:20.321,42.349734,-71.0779993,38.456,-32.060508968025346,0.12638168,1769642949766
399,104595456,1769643140703,18:32:20.703,42.349734,-71.0779993,38.456,-32.060508968025346,0.12638168,1769642949766
400,104857600,1769643141117,18:32:21.117,42.349734,-71.0779993,38.456,-32.060508968025346,0.12638168,1769642949766
401,105119744,1769643141495,18:32:21.495,42.349734,-71.0779993,38.456,-32.060508968025346,0.12638168,1769642949766
402,105381888,1769643141867,18:32:21.867,42.349734,-71.0779993,38.456,-32.060508968025346,0.12638168,1769642949766
403,105644032,1769643142218,18:32:22.218,42.349734,-71.0779993,38.456,-32.060508968025346,0.12638168,1769642949766
404,105906176,1769643142908,18:32:22.908,42.349734,-71.0779993,38.456,-32.060508968025346,0.12638168,1769642949766
405,106168320,1769643143419,18:32:23.419,42.349734,-71.0779993,38.456,-32.060508968025346,0.12638168,1769642949766
406,106430464,1769643144072,18:32:24.072,42.349734,-71.0779993,38.456,-32.060508968025346,0.12638168,1769642949766
407,106692608,1769643144418,18:32:24.418,42.349734,-71.0779993,38.456,-32.060508968025346,0.12638168,1769642949766
408,106954752,1769643145000,18:32:25.000,42.349734,-71.0779993,38.456,-32.060508968025346,0.12638168,1769642949766
409,107216896,1769643145631,18:32:25.631,42.349734,-71.0779993,38.456,-32.060508968025346,0.12638168,1769642949766
410,107479040,1769643145989,18:32:25.989,42.349734,-71.0779993,38.456,-32.060508968025346,0.12638168,1769642949766
411,107741184,1769643146377,18:32:26.377,42.349734,-71.0779993,38.456,-32.060508968025346,0.12638168,1769642949766
412,108003328,1769643146745,18:32:26.745,42.349734,-71.0779993,38.456,-32.060508968025346,0.12638168,1769642949766
413,108265472,1769643147393,18:32:27.393,42.349734,-71.0779993,38.456,-32.060508968025346,0.12638168,1769642949766
414,108527616,1769643147959,18:32:27.959,42.349734,-71.0779993,38.456,-32.060508968025346,0.12638168,1769642949766
415,108789760,1769643148308,18:32:28.308,42.349734,-71.0779993,38.456,-32.060508968025346,0.12638168,1769642949766
416,109051904,1769643148766,18:32:28.766,42.349734,-71.0779993,38.456,-32.060508968025346,0.12638168,1769642949766
417,109314048,1769643149692,18:32:29.692,42.349734,-71.0779993,38.456,-32.060508968025346,0.12638168,1769642949766
418,109576192,1769643150235,18:32:30.235,42.349734,-71.0779993,38.456,-32.060508968025346,0.12638168,1769642949766
419,109838336,1769643150833,18:32:30.833,42.349734,-71.0779993,38.456,-32.060508968025346,0.12638168,1769642949766
420,110100480,1769643151216,18:32:31.216,42.349734,-71.0779993,38.456,-32.060508968025346,0.12638168,1769642949766
421,110362624,1769643151536,18:32:31.536,42.349734,-71.0779993,38.456,-32.060508968025346,0.12638168,1769642949766
422,110624768,1769643151892,18:32:31.892,42.349734,-71.0779993,38.456,-32.060508968025346,0.12638168,1769642949766
423,110886912,1769643152213,18:32:32.213,42.349734,-71.0779993,38.456,-32.060508968025346,0.12638168,1769642949766
424,111149056,1769643152584,18:32:32.584,42.349734,-71.0779993,38.456,-32.060508968025346,0.12638168,1769642949766
425,111411200,1769643153070,18:32:33.070,42.349734,-71.0779993,38.456,-32.060508968025346,0.12638168,1769642949766
426,111673344,1769643153423,18:32:33.423,42.349734,-71.0779993,38.456,-32.060508968025346,0.12638168,1769642949766
427,111935488,1769643153771,18:32:33.771,42.349734,-71.0779993,38.456,-32.060508968025346,0.12638168,1769642949766
428,112197632,1769643154380,18:32:34.380,42.349734,-71.0779993,38.456,-32.060508968025346,0.12638168,1769642949766
429,112459776,1769643154772,18:32:34.772,42.349734,-71.0779993,38.456,-32.060508968025346,0.12638168,1769642949766
430,112721920,1769643155121,18:32:35.121,42.349734,-71.0779993,38.456,-32.060508968025346,0.12638168,1769642949766
431,112984064,1769643155500,18:32:35.500,42.349734,-71.0779993,38.456,-32.060508968025346,0.12638168,1769642949766
432,113246208,1769643155850,18:32:35.850,42.349734,-71.0779993,38.456,-32.060508968025346,0.12638168,1769642949766
433,113508352,1769643156266,18:32:36.266,42.349734,-71.0779993,38.456,-32.060508968025346,0.12638168,1769642949766
434,113770496,1769643156792,18:32:36.792,42.349734,-71.0779993,38.456,-32.060508968025346,0.12638168,1769642949766
435,114032640,1769643157193,18:32:37.193,42.349734,-71.0779993,38.456,-32.060508968025346,0.12638168,1769642949766
436,114294784,1769643157519,18:32:37.519,42.349734,-71.0779993,38.456,-32.060508968025346,0.12638168,1769642949766
437,114556928,1769643158160,18:32:38.160,42.349734,-71.0779993,38.456,-32.060508968025346,0.12638168,1769642949766
438,114819072,1769643158843,18:32:38.843,42.349734,-71.0779993,38.456,-32.060508968025346,0.12638168,1769642949766
439,115081216,1769643159286,18:32:39.286,42.349734,-71.0779993,38.456,-32.060508968025346,0.12638168,1769642949766
440,115343360,1769643159600,18:32:39.600,42.349734,-71.0779993,38.456,-32.060508968025346,0.12638168,1769642949766
441,115605504,1769643160052,18:32:40.052,42.349734,-71.0779993,38.456,-32.060508968025346,0.12638168,1769642949766
442,115867648,1769643160623,18:32:40.623,42.349734,-71.0779993,38.456,-32.060508968025346,0.12638168,1769642949766
443,116129792,1769643161613,18:32:41.613,42.349734,-71.0779993,38.456,-32.060508968025346,0.12638168,1769642949766
444,116391936,1769643162174,18:32:42.174,42.349734,-71.0779993,38.456,-32.060508968025346,0.12638168,1769642949766
445,116654080,1769643162582,18:32:42.582,42.349734,-71.0779993,38.456,-32.060508968025346,0.12638168,1769642949766
446,116916224,1769643162900,18:32:42.900,42.349734,-71.0779993,38.456,-32.060508968025346,0.12638168,1769642949766
447,117178368,1769643163203,18:32:43.203,42.349734,-71.0779993,38.456,-32.060508968025346,0.12638168,1769642949766
448,117440512,1769643163557,18:32:43.557,42.349734,-71.0779993,38.456,-32.060508968025346,0.12638168,1769642949766
449,117702656,1769643163972,18:32:43.972,42.349734,-71.0779993,38.456,-32.060508968025346,0.12638168,1769642949766
450,117964800,1769643164318,18:32:44.318,42.349734,-71.0779993,38.456,-32.060508968025346,0.12638168,1769642949766
451,118226944,1769643164670,18:32:44.670,42.349734,-71.0779993,38.456,-32.060508968025346,0.12638168,1769642949766
452,118489088,1769643165023,18:32:45.023,42.349734,-71.0779993,38.456,-32.060508968025346,0.12638168,1769642949766
453,118751232,1769643165370,18:32:45.370,42.349734,-71.0779993,38.456,-32.060508968025346,0.12638168,1769642949766
454,119013376,1769643165721,18:32:45.721,42.349734,-71.0779993,38.456,-32.060508968025346,0.12638168,1769642949766
455,119275520,1769643166118,18:32:46.118,42.349734,-71.0779993,38.456,-32.060508968025346,0.12638168,1769642949766
456,119537664,1769643166489,18:32:46.489,42.349734,-71.0779993,38.456,-32.060508968025346,0.12638168,1769642949766
457,119799808,1769643166886,18:32:46.886,42.349734,-71.0779993,38.456,-32.060508968025346,0.12638168,1769642949766
458,120061952,1769643167256,18:32:47.256,42.349734,-71.0779993,38.456,-32.060508968025346,0.12638168,1769642949766
459,120324096,1769643167611,18:32:47.611,42.349734,-71.0779993,38.456,-32.060508968025346,0.12638168,1769642949766
460,120586240,1769643168051,18:32:48.051,42.349734,-71.0779993,38.456,-32.060508968025346,0.12638168,1769642949766
461,120848384,1769643168446,18:32:48.446,42.349734,-71.0779993,38.456,-32.060508968025346,0.12638168,1769642949766
462,121110528,1769643168806,18:32:48.806,42.349734,-71.0779993,38.456,-32.060508968025346,0.12638168,1769642949766
463,121372672,1769643169236,18:32:49.236,42.349734,-71.0779993,38.456,-32.060508968025346,0.12638168,1769642949766
464,121634816,1769643169771,18:32:49.771,42.349734,-71.0779993,38.456,-32.060508968025346,0.12638168,1769642949766
465,121896960,1769643170286,18:32:50.286,42.349734,-71.0779993,38.456,-32.060508968025346,0.12638168,1769642949766
466,122159104,1769643170805,18:32:50.805,42.349734,-71.0779993,38.456,-32.060508968025346,0.12638168,1769642949766
467,122421248,1769643171341,18:32:51.341,42.349734,-71.0779993,38.456,-32.060508968025346,0.12638168,1769642949766
468,122683392,1769643171925,18:32:51.925,42.349734,-71.0779993,38.456,-32.060508968025346,0.12638168,1769642949766
469,122945536,1769643172420,18:32:52.420,42.349734,-71.0779993,38.456,-32.060508968025346,0.12638168,1769642949766
470,123207680,1769643172978,18:32:52.978,42.349734,-71.0779993,38.456,-32.060508968025346,0.12638168,1769642949766
471,123469824,1769643173550,18:32:53.550,42.349734,-71.0779993,38.456,-32.060508968025346,0.12638168,1769642949766
472,123731968,1769643174100,18:32:54.100,42.349734,-71.0779993,38.456,-32.060508968025346,0.12638168,1769642949766
473,123994112,1769643174640,18:32:54.640,42.349734,-71.0779993,38.456,-32.060508968025346,0.12638168,1769642949766
474,124256256,1769643175186,18:32:55.186,42.349734,-71.0779993,38.456,-32.060508968025346,0.12638168,1769642949766
475,124518400,1769643175708,18:32:55.708,42.349734,-71.0779993,38.456,-32.060508968025346,0.12638168,1769642949766
476,124780544,1769643176264,18:32:56.264,42.349734,-71.0779993,38.456,-32.060508968025346,0.12638168,1769642949766
477,125042688,1769643176753,18:32:56.753,42.349734,-71.0779993,38.456,-32.060508968025346,0.12638168,1769642949766
478,125304832,1769643177216,18:32:57.216,42.349734,-71.0779993,38.456,-32.060508968025346,0.12638168,1769642949766
479,125566976,1769643177688,18:32:57.688,42.349734,-71.0779993,38.456,-32.060508968025346,0.12638168,1769642949766
480,125829120,1769643178079,18:32:58.079,42.349734,-71.0779993,38.456,-32.060508968025346,0.12638168,1769642949766
481,126091264,1769643178605,18:32:58.605,42.349734,-71.0779993,38.456,-32.060508968025346,0.12638168,1769642949766
482,126353408,1769643179049,18:32:59.049,42.349734,-71.0779993,38.456,-32.060508968025346,0.12638168,1769642949766
483,126615552,1769643179594,18:32:59.594,42.349734,-71.0779993,38.456,-32.060508968025346,0.12638168,1769642949766
484,126877696,1769643180087,18:33:00.087,42.349734,-71.0779993,38.456,-32.060508968025346,0.12638168,1769642949766
485,127139840,1769643180609,18:33:00.609,42.349734,-71.0779993,38.456,-32.060508968025346,0.12638168,1769642949766
486,127401984,1769643181119,18:33:01.119,42.349734,-71.0779993,38.456,-32.060508968025346,0.12638168,1769642949766
487,127664128,1769643181624,18:33:01.624,42.349734,-71.0779993,38.456,-32.060508968025346,0.12638168,1769642949766
488,127926272,1769643182085,18:33:02.085,42.349734,-71.0779993,38.456,-32.060508968025346,0.12638168,1769642949766
489,128188416,1769643182565,18:33:02.565,42.349734,-71.0779993,38.456,-32.060508968025346,0.12638168,1769642949766
490,128450560,1769643183078,18:33:03.078,42.349734,-71.0779993,38.456,-32.060508968025346,0.12638168,1769642949766
491,128712704,1769643183568,18:33:03.568,42.349734,-71.0779993,38.456,-32.060508968025346,0.12638168,1769642949766
492,128974848,1769643184103,18:33:04.103,42.349734,-71.0779993,38.456,-32.060508968025346,0.12638168,1769642949766
493,129236992,1769643184615,18:33:04.615,42.349734,-71.0779993,38.456,-32.060508968025346,0.12638168,1769642949766
494,129499136,1769643185105,18:33:05.105,42.349734,-71.0779993,38.456,-32.060508968025346,0.12638168,1769642949766
495,129761280,1769643185630,18:33:05.630,42.349734,-71.0779993,38.456,-32.060508968025346,0.12638168,1769642949766
496,130023424,1769643186155,18:33:06.155,42.349734,-71.0779993,38.456,-32.060508968025346,0.12638168,1769642949766
497,130285568,1769643186646,18:33:06.646,42.349734,-71.0779993,38.456,-32.060508968025346,0.12638168,1769642949766
498,130547712,1769643187032,18:33:07.032,42.349734,-71.0779993,38.456,-32.060508968025346,0.12638168,1769642949766
499,130809856,1769643187397,18:33:07.397,42.349734,-71.0779993,38.456,-32.060508968025346,0.12638168,1769642949766
500,131072000,1769643187749,18:33:07.749,42.349734,-71.0779993,38.456,-32.060508968025346,0.12638168,1769642949766
501,131334144,1769643188133,18:33:08.133,42.349734,-71.0779993,38.456,-32.060508968025346,0.12638168,1769642949766
502,131596288,1769643188483,18:33:08.483,42.349734,-71.0779993,38.456,-32.060508968025346,0.12638168,1769642949766
503,131858432,1769643188835,18:33:08.835,42.349734,-71.0779993,38.456,-32.060508968025346,0.12638168,1769642949766
504,132120576,1769643189188,18:33:09.188,42.349734,-71.0779993,38.456,-32.060508968025346,0.12638168,1769642949766
505,132382720,1769643189580,18:33:09.580,42.349734,-71.0779993,38.456,-32.060508968025346,0.12638168,1769642949766
506,132644864,1769643189931,18:33:09.931,42.349734,-71.0779993,38.456,-32.060508968025346,0.12638168,1769642949766
507,132907008,1769643190316,18:33:10.316,42.349734,-71.0779993,38.456,-32.060508968025346,0.12638168,1769642949766
508,133169152,1769643190712,18:33:10.712,42.349734,-71.0779993,38.456,-32.060508968025346,0.12638168,1769642949766
509,133431296,1769643191268,18:33:11.268,42.349734,-71.0779993,38.456,-32.060508968025346,0.12638168,1769642949766
510,133693440,1769643191784,18:33:11.784,42.349734,-71.0779993,38.456,-32.060508968025346,0.12638168,1769642949766
511,133955584,1769643192192,18:33:12.192,42.349734,-71.0779993,38.456,-32.060508968025346,0.12638168,1769642949766
512,134217728,1769643192625,18:33:12.625,42.349734,-71.0779993,38.456,-32.060508968025346,0.12638168,1769642949766
513,134479872,1769643193034,18:33:13.034,42.349734,-71.0779993,38.456,-32.060508968025346,0.12638168,1769642949766
514,134742016,1769643193421,18:33:13.421,42.349734,-71.0779993,38.456,-32.060508968025346,0.12638168,1769642949766
515,135004160,1769643193780,18:33:13.780,42.349734,-71.0779993,38.456,-32.060508968025346,0.12638168,1769642949766
516,135266304,1769643194133,18:33:14.133,42.349734,-71.0779993,38.456,-32.060508968025346,0.12638168,1769642949766
517,135528448,1769643194479,18:33:14.479,42.349734,-71.0779993,38.456,-32.060508968025346,0.12638168,1769642949766
518,135790592,1769643194843,18:33:14.843,42.349734,-71.0779993,38.456,-32.060508968025346,0.12638168,1769642949766
519,136052736,1769643195197,18:33:15.197,42.349734,-71.0779993,38.456,-32.060508968025346,0.12638168,1769642949766
520,136314880,1769643195536,18:33:15.536,42.349734,-71.0779993,38.456,-32.060508968025346,0.12638168,1769642949766
521,136577024,1769643195887,18:33:15.887,42.349734,-71.0779993,38.456,-32.060508968025346,0.12638168,1769642949766
522,136839168,1769643196236,18:33:16.236,42.349734,-71.0779993,38.456,-32.060508968025346,0.12638168,1769642949766
523,137101312,1769643196589,18:33:16.589,42.349734,-71.0779993,38.456,-32.060508968025346,0.12638168,1769642949766
524,137363456,1769643196942,18:33:16.942,42.349734,-71.0779993,38.456,-32.060508968025346,0.12638168,1769642949766
525,137625600,1769643197369,18:33:17.369,42.349734,-71.0779993,38.456,-32.060508968025346,0.12638168,1769642949766
526,137887744,1769643197877,18:33:17.877,42.349734,-71.0779993,38.456,-32.060508968025346,0.12638168,1769642949766
527,138149888,1769643198229,18:33:18.229,42.349734,-71.0779993,38.456,-32.060508968025346,0.12638168,1769642949766
528,138412032,1769643198581,18:33:18.581,42.349734,-71.0779993,38.456,-32.060508968025346,0.12638168,1769642949766
529,138674176,1769643198933,18:33:18.933,42.349734,-71.0779993,38.456,-32.060508968025346,0.12638168,1769642949766
530,138936320,1769643199430,18:33:19.430,42.349734,-71.0779993,38.456,-32.060508968025346,0.12638168,1769642949766
531,139198464,1769643200293,18:33:20.293,42.349734,-71.0779993,38.456,-32.060508968025346,0.12638168,1769642949766
532,139460608,1769643200758,18:33:20.758,42.349734,-71.0779993,38.456,-32.060508968025346,0.12638168,1769642949766
533,139722752,1769643201256,18:33:21.256,42.349734,-71.0779993,38.456,-32.060508968025346,0.12638168,1769642949766
534,139984896,1769643201701,18:33:21.701,42.349734,-71.0779993,38.456,-32.060508968025346,0.12638168,1769642949766
535,140247040,1769643202070,18:33:22.070,42.349734,-71.0779993,38.456,-32.060508968025346,0.12638168,1769642949766
536,140509184,1769643202421,18:33:22.421,42.349734,-71.0779993,38.456,-32.060508968025346,0.12638168,1769642949766
537,140771328,1769643202769,18:33:22.769,42.349734,-71.0779993,38.456,-32.060508968025346,0.12638168,1769642949766
538,141033472,1769643203122,18:33:23.122,42.349734,-71.0779993,38.456,-32.060508968025346,0.12638168,1769642949766
539,141295616,1769643203471,18:33:23.471,42.349734,-71.0779993,38.456,-32.060508968025346,0.12638168,1769642949766
540,141557760,1769643203888,18:33:23.888,42.349734,-71.0779993,38.456,-32.060508968025346,0.12638168,1769642949766
541,141819904,1769643204404,18:33:24.404,42.349734,-71.0779993,38.456,-32.060508968025346,0.12638168,1769642949766
542,142082048,1769643204753,18:33:24.753,42.349734,-71.0779993,38.456,-32.060508968025346,0.12638168,1769642949766
543,142344192,1769643205105,18:33:25.105,42.349734,-71.0779993,38.456,-32.060508968025346,0.12638168,1769642949766
544,142606336,1769643205775,18:33:25.775,42.349734,-71.0779993,38.456,-32.060508968025346,0.12638168,1769642949766
545,142868480,1769643206385,18:33:26.385,42.349734,-71.0779993,38.456,-32.060508968025346,0.12638168,1769642949766
546,143130624,1769643206813,18:33:26.813,42.349734,-71.0779993,38.456,-32.060508968025346,0.12638168,1769642949766
547,143392768,1769643207152,18:33:27.152,42.349734,-71.0779993,38.456,-32.060508968025346,0.12638168,1769642949766
548,143654912,1769643207691,18:33:27.691,42.349734,-71.0779993,38.456,-32.060508968025346,0.12638168,1769642949766
549,143917056,1769643208912,18:33:28.912,42.349734,-71.0779993,38.456,-32.060508968025346,0.12638168,1769642949766
550,144179200,1769643210427,18:33:30.427,42.349734,-71.0779993,38.456,-32.060508968025346,0.12638168,1769642949766
551,144441344,1769643212687,18:33:32.687,42.349734,-71.0779993,38.456,-32.060508968025346,0.12638168,1769642949766
552,144703488,1769643213689,18:33:33.689,42.349734,-71.0779993,38.456,-32.060508968025346,0.12638168,1769642949766
553,144965632,1769643215177,18:33:35.177,42.349734,-71.0779993,38.456,-32.060508968025346,0.12638168,1769642949766
554,145227776,1769643215574,18:33:35.574,42.349734,-71.0779993,38.456,-32.060508968025346,0.12638168,1769642949766
555,145489920,1769643216421,18:33:36.421,42.349734,-71.0779993,38.456,-32.060508968025346,0.12638168,1769642949766
556,145752064,1769643217265,18:33:37.265,42.349734,-71.0779993,38.456,-32.060508968025346,0.12638168,1769642949766
557,146014208,1769643217705,18:33:37.705,42.349734,-71.0779993,38.456,-32.060508968025346,0.12638168,1769642949766
558,146276352,1769643218106,18:33:38.106,42.349734,-71.0779993,38.456,-32.060508968025346,0.12638168,1769642949766
559,146538496,1769643218509,18:33:38.509,42.349734,-71.0779993,38.456,-32.060508968025346,0.12638168,1769642949766
560,146800640,1769643219255,18:33:39.255,42.349734,-71.0779993,38.456,-32.060508968025346,0.12638168,1769642949766
561,147062784,1769643220024,18:33:40.024,42.349734,-71.0779993,38.456,-32.060508968025346,0.12638168,1769642949766
562,147324928,1769643220402,18:33:40.402,42.349734,-71.0779993,38.456,-32.060508968025346,0.12638168,1769642949766
563,147587072,1769643221833,18:33:41.833,42.349734,-71.0779993,38.456,-32.060508968025346,0.12638168,1769642949766
564,147849216,1769643222256,18:33:42.256,42.349734,-71.0779993,38.456,-32.060508968025346,0.12638168,1769642949766
565,148111360,1769643222603,18:33:42.603,42.349734,-71.0779993,38.456,-32.060508968025346,0.12638168,1769642949766
566,148373504,1769643223338,18:33:43.338,42.349734,-71.0779993,38.456,-32.060508968025346,0.12638168,1769642949766
567,148635648,1769643223898,18:33:43.898,42.349734,-71.0779993,38.456,-32.060508968025346,0.12638168,1769642949766
568,148897792,1769643224220,18:33:44.220,42.349734,-71.0779993,38.456,-32.060508968025346,0.12638168,1769642949766
569,149159936,1769643224567,18:33:44.567,42.349734,-71.0779993,38.456,-32.060508968025346,0.12638168,1769642949766
570,149422080,1769643225097,18:33:45.097,42.349734,-71.0779993,38.456,-32.060508968025346,0.12638168,1769642949766
571,149684224,1769643225747,18:33:45.747,42.349734,-71.0779993,38.456,-32.060508968025346,0.12638168,1769642949766
572,149946368,1769643226143,18:33:46.143,42.349734,-71.0779993,38.456,-32.060508968025346,0.12638168,1769642949766
573,150208512,1769643226649,18:33:46.649,42.349734,-71.0779993,38.456,-32.060508968025346,0.12638168,1769642949766
574,150470656,1769643227109,18:33:47.109,42.349734,-71.0779993,38.456,-32.060508968025346,0.12638168,1769642949766
575,150732800,1769643227639,18:33:47.639,42.349734,-71.0779993,38.456,-32.060508968025346,0.12638168,1769642949766
576,150994944,1769643228423,18:33:48.423,42.349734,-71.0779993,38.456,-32.060508968025346,0.12638168,1769642949766
577,151257088,1769643229200,18:33:49.200,42.349734,-71.0779993,38.456,-32.060508968025346,0.12638168,1769642949766
578,151519232,1769643229597,18:33:49.597,42.349734,-71.0779993,38.456,-32.060508968025346,0.12638168,1769642949766
579,151781376,1769643229909,18:33:49.909,42.349734,-71.0779993,38.456,-32.060508968025346,0.12638168,1769642949766
580,152043520,1769643230245,18:33:50.245,42.349734,-71.0779993,38.456,-32.060508968025346,0.12638168,1769642949766
581,152305664,1769643230607,18:33:50.607,42.349734,-71.0779993,38.456,-32.060508968025346,0.12638168,1769642949766
582,152567808,1769643230972,18:33:50.972,42.349734,-71.0779993,38.456,-32.060508968025346,0.12638168,1769642949766
583,152829952,1769643231516,18:33:51.516,42.349734,-71.0779993,38.456,-32.060508968025346,0.12638168,1769642949766
584,153092096,1769643232192,18:33:52.192,42.349734,-71.0779993,38.456,-32.060508968025346,0.12638168,1769642949766
585,153354240,1769643232547,18:33:52.547,42.349734,-71.0779993,38.456,-32.060508968025346,0.12638168,1769642949766
586,153616384,1769643232892,18:33:52.892,42.349734,-71.0779993,38.456,-32.060508968025346,0.12638168,1769642949766
587,153878528,1769643234058,18:33:54.058,42.349734,-71.0779993,38.456,-32.060508968025346,0.12638168,1769642949766
588,154140672,1769643234962,18:33:54.962,42.349734,-71.0779993,38.456,-32.060508968025346,0.12638168,1769642949766
589,154402816,1769643235543,18:33:55.543,42.349734,-71.0779993,38.456,-32.060508968025346,0.12638168,1769642949766
590,154664960,1769643236531,18:33:56.531,42.349734,-71.0779993,38.456,-32.060508968025346,0.12638168,1769642949766
591,154927104,1769643237430,18:33:57.430,42.349734,-71.0779993,38.456,-32.060508968025346,0.12638168,1769642949766
592,155189248,1769643237790,18:33:57.790,42.349734,-71.0779993,38.456,-32.060508968025346,0.12638168,1769642949766
593,155451392,1769643238137,18:33:58.137,42.349734,-71.0779993,38.456,-32.060508968025346,0.12638168,1769642949766
594,155713536,1769643238654,18:33:58.654,42.349734,-71.0779993,38.456,-32.060508968025346,0.12638168,1769642949766
595,155975680,1769643239188,18:33:59.188,42.349734,-71.0779993,38.456,-32.060508968025346,0.12638168,1769642949766
596,156237824,1769643239539,18:33:59.539,42.349734,-71.0779993,38.456,-32.060508968025346,0.12638168,1769642949766
597,156499968,1769643239888,18:33:59.888,42.349734,-71.0779993,38.456,-32.060508968025346,0.12638168,1769642949766
598,156762112,1769643240247,18:34:00.247,42.349734,-71.0779993,38.456,-32.060508968025346,0.12638168,1769642949766
599,157024256,1769643240616,18:34:00.616,42.349734,-71.0779993,38.456,-32.060508968025346,0.12638168,1769642949766
600,157286400,1769643240941,18:34:00.941,42.349734,-71.0779993,38.456,-32.060508968025346,0.12638168,1769642949766
601,157548544,1769643241307,18:34:01.307,42.349734,-71.0779993,38.456,-32.060508968025346,0.12638168,1769642949766
602,157810688,1769643241689,18:34:01.689,42.349734,-71.0779993,38.456,-32.060508968025346,0.12638168,1769642949766
603,158072832,1769643242018,18:34:02.018,42.349734,-71.0779993,38.456,-32.060508968025346,0.12638168,1769642949766
604,158334976,1769643242389,18:34:02.389,42.349734,-71.0779993,38.456,-32.060508968025346,0.12638168,1769642949766
605,158597120,1769643243270,18:34:03.270,42.349734,-71.0779993,38.456,-32.060508968025346,0.12638168,1769642949766
606,158859264,1769643243726,18:34:03.726,42.349734,-71.0779993,38.456,-32.060508968025346,0.12638168,1769642949766
607,159121408,1769643244078,18:34:04.078,42.349734,-71.0779993,38.456,-32.060508968025346,0.12638168,1769642949766
608,159383552,1769643244494,18:34:04.494,42.349734,-71.0779993,38.456,-32.060508968025346,0.12638168,1769642949766
609,159645696,1769643245016,18:34:05.016,42.349734,-71.0779993,38.456,-32.060508968025346,0.12638168,1769642949766
610,159907840,1769643245874,18:34:05.874,42.349734,-71.0779993,38.456,-32.060508968025346,0.12638168,1769642949766
611,160169984,1769643246251,18:34:06.251,42.349734,-71.0779993,38.456,-32.060508968025346,0.12638168,1769642949766
612,160432128,1769643246760,18:34:06.760,42.349734,-71.0779993,38.456,-32.060508968025346,0.12638168,1769642949766
613,160694272,1769643247759,18:34:07.759,42.349734,-71.0779993,38.456,-32.060508968025346,0.12638168,1769642949766
614,160956416,1769643248800,18:34:08.800,42.349734,-71.0779993,38.456,-32.060508968025346,0.12638168,1769642949766
615,161218560,1769643249426,18:34:09.426,42.349734,-71.0779993,38.456,-32.060508968025346,0.12638168,1769642949766
616,161480704,1769643250516,18:34:10.516,42.349734,-71.0779993,38.456,-32.060508968025346,0.12638168,1769642949766
617,161742848,1769643251264,18:34:11.264,42.349734,-71.0779993,38.456,-32.060508968025346,0.12638168,1769642949766
618,162004992,1769643251893,18:34:11.893,42.349734,-71.0779993,38.456,-32.060508968025346,0.12638168,1769642949766
619,162267136,1769643252347,18:34:12.347,42.349734,-71.0779993,38.456,-32.060508968025346,0.12638168,1769642949766
620,162529280,1769643252812,18:34:12.812,42.349734,-71.0779993,38.456,-32.060508968025346,0.12638168,1769642949766
621,162791424,1769643253195,18:34:13.195,42.349734,-71.0779993,38.456,-32.060508968025346,0.12638168,1769642949766
622,163053568,1769643253586,18:34:13.586,42.349734,-71.0779993,38.456,-32.060508968025346,0.12638168,1769642949766
623,163315712,1769643253970,18:34:13.970,42.349734,-71.0779993,38.456,-32.060508968025346,0.12638168,1769642949766
624,163577856,1769643254663,18:34:14.663,42.349734,-71.0779993,38.456,-32.060508968025346,0.12638168,1769642949766
625,163840000,1769643255200,18:34:15.200,42.349734,-71.0779993,38.456,-32.060508968025346,0.12638168,1769642949766
626,164102144,1769643255634,18:34:15.634,42.349734,-71.0779993,38.456,-32.060508968025346,0.12638168,1769642949766
627,164364288,1769643256019,18:34:16.019,42.349734,-71.0779993,38.456,-32.060508968025346,0.12638168,1769642949766
628,164626432,1769643256326,18:34:16.326,42.349734,-71.0779993,38.456,-32.060508968025346,0.12638168,1769642949766
629,164888576,1769643256961,18:34:16.961,42.349734,-71.0779993,38.456,-32.060508968025346,0.12638168,1769642949766
630,165150720,1769643257401,18:34:17.401,42.349734,-71.0779993,38.456,-32.060508968025346,0.12638168,1769642949766
631,165412864,1769643257751,18:34:17.751,42.349734,-71.0779993,38.456,-32.060508968025346,0.12638168,1769642949766
632,165675008,1769643258123,18:34:18.123,42.349734,-71.0779993,38.456,-32.060508968025346,0.12638168,1769642949766
633,165937152,1769643258474,18:34:18.474,42.349734,-71.0779993,38.456,-32.060508968025346,0.12638168,1769642949766
634,166199296,1769643259187,18:34:19.187,42.349734,-71.0779993,38.456,-32.060508968025346,0.12638168,1769642949766
635,166461440,1769643259643,18:34:19.643,42.349734,-71.0779993,38.456,-32.060508968025346,0.12638168,1769642949766
636,166723584,1769643259968,18:34:19.968,42.349734,-71.0779993,38.456,-32.060508968025346,0.12638168,1769642949766
637,166985728,1769643260320,18:34:20.320,42.349734,-71.0779993,38.456,-32.060508968025346,0.12638168,1769642949766
638,167247872,1769643260686,18:34:20.686,42.349734,-71.0779993,38.456,-32.060508968025346,0.12638168,1769642949766
639,167510016,1769643261329,18:34:21.329,42.349734,-71.0779993,38.456,-32.060508968025346,0.12638168,1769642949766
640,167772160,1769643261778,18:34:21.778,42.349734,-71.0779993,38.456,-32.060508968025346,0.12638168,1769642949766
641,168034304,1769643262116,18:34:22.116,42.349734,-71.0779993,38.456,-32.060508968025346,0.12638168,1769642949766
642,168296448,1769643262470,18:34:22.470,42.349734,-71.0779993,38.456,-32.060508968025346,0.12638168,1769642949766
643,168558592,1769643262821,18:34:22.821,42.349734,-71.0779993,38.456,-32.060508968025346,0.12638168,1769642949766
644,168820736,1769643263172,18:34:23.172,42.349734,-71.0779993,38.456,-32.060508968025346,0.12638168,1769642949766
645,169082880,1769643263782,18:34:23.782,42.349734,-71.0779993,38.456,-32.060508968025346,0.12638168,1769642949766
646,169345024,1769643264543,18:34:24.543,42.349734,-71.0779993,38.456,-32.060508968025346,0.12638168,1769642949766
647,169607168,1769643264916,18:34:24.916,42.349734,-71.0779993,38.456,-32.060508968025346,0.12638168,1769642949766
648,169869312,1769643265766,18:34:25.766,42.349734,-71.0779993,38.456,-32.060508968025346,0.12638168,1769642949766
649,170131456,1769643266559,18:34:26.559,42.349734,-71.0779993,38.456,-32.060508968025346,0.12638168,1769642949766
650,170393600,1769643266957,18:34:26.957,42.349734,-71.0779993,38.456,-32.060508968025346,0.12638168,1769642949766
651,170655744,1769643268017,18:34:28.017,42.349734,-71.0779993,38.456,-32.060508968025346,0.12638168,1769642949766
652,170917888,1769643268481,18:34:28.481,42.349734,-71.0779993,38.456,-32.060508968025346,0.12638168,1769642949766
653,171180032,1769643268830,18:34:28.830,42.349734,-71.0779993,38.456,-32.060508968025346,0.12638168,1769642949766
654,171442176,1769643269325,18:34:29.325,42.349734,-71.0779993,38.456,-32.060508968025346,0.12638168,1769642949766
655,171704320,1769643270199,18:34:30.199,42.349734,-71.0779993,38.456,-32.060508968025346,0.12638168,1769642949766
656,171966464,1769643270733,18:34:30.733,42.349734,-71.0779993,38.456,-32.060508968025346,0.12638168,1769642949766
657,172228608,1769643271059,18:34:31.059,42.349734,-71.0779993,38.456,-32.060508968025346,0.12638168,1769642949766
658,172490752,1769643271501,18:34:31.501,42.349734,-71.0779993,38.456,-32.060508968025346,0.12638168,1769642949766
659,172752896,1769643271895,18:34:31.895,42.349734,-71.0779993,38.456,-32.060508968025346,0.12638168,1769642949766
660,173015040,1769643272445,18:34:32.445,42.349734,-71.0779993,38.456,-32.060508968025346,0.12638168,1769642949766
661,173277184,1769643273123,18:34:33.123,42.349734,-71.0779993,38.456,-32.060508968025346,0.12638168,1769642949766
662,173539328,1769643273664,18:34:33.664,42.349734,-71.0779993,38.456,-32.060508968025346,0.12638168,1769642949766
663,173801472,1769643273995,18:34:33.995,42.349734,-71.0779993,38.456,-32.060508968025346,0.12638168,1769642949766
664,174063616,1769643274389,18:34:34.389,42.349734,-71.0779993,38.456,-32.060508968025346,0.12638168,1769642949766
665,174325760,1769643274736,18:34:34.736,42.349734,-71.0779993,38.456,-32.060508968025346,0.12638168,1769642949766
666,174587904,1769643275689,18:34:35.689,42.349734,-71.0779993,38.456,-32.060508968025346,0.12638168,1769642949766
667,174850048,1769643276070,18:34:36.070,42.349734,-71.0779993,38.456,-32.060508968025346,0.12638168,1769642949766
668,175112192,1769643276870,18:34:36.870,42.349734,-71.0779993,38.456,-32.060508968025346,0.12638168,1769642949766
669,175374336,1769643277560,18:34:37.560,42.349734,-71.0779993,38.456,-32.060508968025346,0.12638168,1769642949766
670,175636480,1769643277970,18:34:37.970,42.349734,-71.0779993,38.456,-32.060508968025346,0.12638168,1769642949766
671,175898624,1769643278313,18:34:38.313,42.349734,-71.0779993,38.456,-32.060508968025346,0.12638168,1769642949766
672,176160768,1769643278825,18:34:38.825,42.349734,-71.0779993,38.456,-32.060508968025346,0.12638168,1769642949766
673,176422912,1769643279580,18:34:39.580,42.349734,-71.0779993,38.456,-32.060508968025346,0.12638168,1769642949766
674,176685056,1769643279980,18:34:39.980,42.349734,-71.0779993,38.456,-32.060508968025346,0.12638168,1769642949766
675,176947200,1769643280368,18:34:40.368,42.349734,-71.0779993,38.456,-32.060508968025346,0.12638168,1769642949766
676,177209344,1769643280768,18:34:40.768,42.349734,-71.0779993,38.456,-32.060508968025346,0.12638168,1769642949766
677,177471488,1769643281107,18:34:41.107,42.349734,-71.0779993,38.456,-32.060508968025346,0.12638168,1769642949766
678,177733632,1769643281597,18:34:41.597,42.349734,-71.0779993,38.456,-32.060508968025346,0.12638168,1769642949766
679,177995776,1769643282547,18:34:42.547,42.349734,-71.0779993,38.456,-32.060508968025346,0.12638168,1769642949766
680,178257920,1769643282910,18:34:42.910,42.349734,-71.0779993,38.456,-32.060508968025346,0.12638168,1769642949766
681,178520064,1769643283678,18:34:43.678,42.349734,-71.0779993,38.456,-32.060508968025346,0.12638168,1769642949766
682,178782208,1769643284399,18:34:44.399,42.349734,-71.0779993,38.456,-32.060508968025346,0.12638168,1769642949766
683,179044352,1769643285024,18:34:45.024,42.349734,-71.0779993,38.456,-32.060508968025346,0.12638168,1769642949766
684,179306496,1769643285526,18:34:45.526,42.349734,-71.0779993,38.456,-32.060508968025346,0.12638168,1769642949766
685,179568640,1769643286377,18:34:46.377,42.349734,-71.0779993,38.456,-32.060508968025346,0.12638168,1769642949766
686,179830784,1769643286720,18:34:46.720,42.349734,-71.0779993,38.456,-32.060508968025346,0.12638168,1769642949766
687,180092928,1769643287139,18:34:47.139,42.349734,-71.0779993,38.456,-32.060508968025346,0.12638168,1769642949766
688,180355072,1769643287723,18:34:47.723,42.349734,-71.0779993,38.456,-32.060508968025346,0.12638168,1769642949766
689,180617216,1769643288275,18:34:48.275,42.349734,-71.0779993,38.456,-32.060508968025346,0.12638168,1769642949766
690,180879360,1769643288718,18:34:48.718,42.349734,-71.0779993,38.456,-32.060508968025346,0.12638168,1769642949766
691,181141504,1769643289081,18:34:49.081,42.349734,-71.0779993,38.456,-32.060508968025346,0.12638168,1769642949766
692,181403648,1769643289453,18:34:49.453,42.349734,-71.0779993,38.456,-32.060508968025346,0.12638168,1769642949766
693,181665792,1769643289805,18:34:49.805,42.349734,-71.0779993,38.456,-32.060508968025346,0.12638168,1769642949766
694,181927936,1769643290271,18:34:50.271,42.349734,-71.0779993,38.456,-32.060508968025346,0.12638168,1769642949766
695,182190080,1769643290674,18:34:50.674,42.349734,-71.0779993,38.456,-32.060508968025346,0.12638168,1769642949766
696,182452224,1769643291015,18:34:51.015,42.349734,-71.0779993,38.456,-32.060508968025346,0.12638168,1769642949766
697,182714368,1769643291367,18:34:51.367,42.349734,-71.0779993,38.456,-32.060508968025346,0.12638168,1769642949766
698,182976512,1769643291719,18:34:51.719,42.349734,-71.0779993,38.456,-32.060508968025346,0.12638168,1769642949766
699,183238656,1769643292061,18:34:52.061,42.349734,-71.0779993,38.456,-32.060508968025346,0.12638168,1769642949766
700,183500800,1769643292851,18:34:52.851,42.349734,-71.0779993,38.456,-32.060508968025346,0.12638168,1769642949766
701,183762944,1769643293498,18:34:53.498,42.349734,-71.0779993,38.456,-32.060508968025346,0.12638168,1769642949766
702,184025088,1769643293988,18:34:53.988,42.349734,-71.0779993,38.456,-32.060508968025346,0.12638168,1769642949766
703,184287232,1769643294319,18:34:54.319,42.349734,-71.0779993,38.456,-32.060508968025346,0.12638168,1769642949766
704,184549376,1769643294688,18:34:54.688,42.349734,-71.0779993,38.456,-32.060508968025346,0.12638168,1769642949766
705,184811520,1769643295053,18:34:55.053,42.349734,-71.0779993,38.456,-32.060508968025346,0.12638168,1769642949766
706,185073664,1769643295409,18:34:55.409,42.349734,-71.0779993,38.456,-32.060508968025346,0.12638168,1769642949766
707,185335808,1769643295764,18:34:55.764,42.349734,-71.0779993,38.456,-32.060508968025346,0.12638168,1769642949766
708,185597952,1769643296118,18:34:56.118,42.349734,-71.0779993,38.456,-32.060508968025346,0.12638168,1769642949766
709,185860096,1769643296545,18:34:56.545,42.349734,-71.0779993,38.456,-32.060508968025346,0.12638168,1769642949766
710,186122240,1769643296937,18:34:56.937,42.349734,-71.0779993,38.456,-32.060508968025346,0.12638168,1769642949766
711,186384384,1769643297521,18:34:57.521,42.349734,-71.0779993,38.456,-32.060508968025346,0.12638168,1769642949766
712,186646528,1769643297880,18:34:57.880,42.349734,-71.0779993,38.456,-32.060508968025346,0.12638168,1769642949766
713,186908672,1769643298347,18:34:58.347,42.349734,-71.0779993,38.456,-32.060508968025346,0.12638168,1769642949766
714,187170816,1769643298727,18:34:58.727,42.349734,-71.0779993,38.456,-32.060508968025346,0.12638168,1769642949766
715,187432960,1769643299608,18:34:59.608,42.349734,-71.0779993,38.456,-32.060508968025346,0.12638168,1769642949766
716,187695104,1769643300233,18:35:00.233,42.349734,-71.0779993,38.456,-32.060508968025346,0.12638168,1769642949766
717,187957248,1769643300698,18:35:00.698,42.349734,-71.0779993,38.456,-32.060508968025346,0.12638168,1769642949766
718,188219392,1769643301096,18:35:01.096,42.349734,-71.0779993,38.456,-32.060508968025346,0.12638168,1769642949766
719,188481536,1769643301398,18:35:01.398,42.349734,-71.0779993,38.456,-32.060508968025346,0.12638168,1769642949766
720,188743680,1769643301799,18:35:01.799,42.349734,-71.0779993,38.456,-32.060508968025346,0.12638168,1769642949766
721,189005824,1769643302135,18:35:02.135,42.349734,-71.0779993,38.456,-32.060508968025346,0.12638168,1769642949766
722,189267968,1769643302489,18:35:02.489,42.349734,-71.0779993,38.456,-32.060508968025346,0.12638168,1769642949766
723,189530112,1769643302856,18:35:02.856,42.349734,-71.0779993,38.456,-32.060508968025346,0.12638168,1769642949766
724,189792256,1769643303207,18:35:03.207,42.349734,-71.0779993,38.456,-32.060508968025346,0.12638168,1769642949766
725,190054400,1769643303744,18:35:03.744,42.349734,-71.0779993,38.456,-32.060508968025346,0.12638168,1769642949766
726,190316544,1769643304275,18:35:04.275,42.349734,-71.0779993,38.456,-32.060508968025346,0.12638168,1769642949766
727,190578688,1769643304690,18:35:04.690,42.349734,-71.0779993,38.456,-32.060508968025346,0.12638168,1769642949766
728,190840832,1769643305038,18:35:05.038,42.349734,-71.0779993,38.456,-32.060508968025346,0.12638168,1769642949766
729,191102976,1769643305448,18:35:05.448,42.349734,-71.0779993,38.456,-32.060508968025346,0.12638168,1769642949766
730,191365120,1769643306017,18:35:06.017,42.349734,-71.0779993,38.456,-32.060508968025346,0.12638168,1769642949766
731,191627264,1769643306627,18:35:06.627,42.349734,-71.0779993,38.456,-32.060508968025346,0.12638168,1769642949766
732,191889408,1769643307195,18:35:07.195,42.349734,-71.0779993,38.456,-32.060508968025346,0.12638168,1769642949766
733,192151552,1769643307605,18:35:07.605,42.349734,-71.0779993,38.456,-32.060508968025346,0.12638168,1769642949766
734,192413696,1769643307958,18:35:07.958,42.349734,-71.0779993,38.456,-32.060508968025346,0.12638168,1769642949766
735,192675840,1769643308321,18:35:08.321,42.349734,-71.0779993,38.456,-32.060508968025346,0.12638168,1769642949766
736,192937984,1769643308931,18:35:08.931,42.349734,-71.0779993,38.456,-32.060508968025346,0.12638168,1769642949766
737,193200128,1769643309390,18:35:09.390,42.349734,-71.0779993,38.456,-32.060508968025346,0.12638168,1769642949766
738,193462272,1769643309970,18:35:09.970,42.349734,-71.0779993,38.456,-32.060508968025346,0.12638168,1769642949766
739,193724416,1769643310632,18:35:10.632,42.349734,-71.0779993,38.456,-32.060508968025346,0.12638168,1769642949766
740,193986560,1769643311155,18:35:11.155,42.349734,-71.0779993,38.456,-32.060508968025346,0.12638168,1769642949766
741,194248704,1769643311638,18:35:11.638,42.349734,-71.0779993,38.456,-32.060508968025346,0.12638168,1769642949766
742,194510848,1769643312105,18:35:12.105,42.349734,-71.0779993,38.456,-32.060508968025346,0.12638168,1769642949766
743,194772992,1769643312459,18:35:12.459,42.349734,-71.0779993,38.456,-32.060508968025346,0.12638168,1769642949766
744,195035136,1769643312881,18:35:12.881,42.349734,-71.0779993,38.456,-32.060508968025346,0.12638168,1769642949766
745,195297280,1769643313387,18:35:13.387,42.349734,-71.0779993,38.456,-32.060508968025346,0.12638168,1769642949766
746,195559424,1769643313892,18:35:13.892,42.349734,-71.0779993,38.456,-32.060508968025346,0.12638168,1769642949766
747,195821568,1769643314393,18:35:14.393,42.349734,-71.0779993,38.456,-32.060508968025346,0.12638168,1769642949766
748,196083712,1769643314946,18:35:14.946,42.349734,-71.0779993,38.456,-32.060508968025346,0.12638168,1769642949766
749,196345856,1769643315462,18:35:15.462,42.349734,-71.0779993,38.456,-32.060508968025346,0.12638168,1769642949766
750,196608000,1769643315974,18:35:15.974,42.349734,-71.0779993,38.456,-32.060508968025346,0.12638168,1769642949766
751,196870144,1769643316475,18:35:16.475,42.349734,-71.0779993,38.456,-32.060508968025346,0.12638168,1769642949766
752,197132288,1769643317023,18:35:17.023,42.349734,-71.0779993,38.456,-32.060508968025346,0.12638168,1769642949766
753,197394432,1769643317481,18:35:17.481,42.349734,-71.0779993,38.456,-32.060508968025346,0.12638168,1769642949766
754,197656576,1769643317961,18:35:17.961,42.349734,-71.0779993,38.456,-32.060508968025346,0.12638168,1769642949766
755,197918720,1769643318419,18:35:18.419,42.349734,-71.0779993,38.456,-32.060508968025346,0.12638168,1769642949766
756,198180864,1769643318940,18:35:18.940,42.349734,-71.0779993,38.456,-32.060508968025346,0.12638168,1769642949766
757,198443008,1769643319421,18:35:19.421,42.349734,-71.0779993,38.456,-32.060508968025346,0.12638168,1769642949766
758,198705152,1769643319907,18:35:19.907,42.349734,-71.0779993,38.456,-32.060508968025346,0.12638168,1769642949766
759,198967296,1769643320385,18:35:20.385,42.349734,-71.0779993,38.456,-32.060508968025346,0.12638168,1769642949766
760,199229440,1769643320838,18:35:20.838,42.349734,-71.0779993,38.456,-32.060508968025346,0.12638168,1769642949766
761,199491584,1769643321321,18:35:21.321,42.349734,-71.0779993,38.456,-32.060508968025346,0.12638168,1769642949766
762,199753728,1769643321792,18:35:21.792,42.349734,-71.0779993,38.456,-32.060508968025346,0.12638168,1769642949766
763,200015872,1769643322174,18:35:22.174,42.349734,-71.0779993,38.456,-32.060508968025346,0.12638168,1769642949766
764,200278016,1769643322527,18:35:22.527,42.349734,-71.0779993,38.456,-32.060508968025346,0.12638168,1769642949766
765,200540160,1769643322878,18:35:22.878,42.349734,-71.0779993,38.456,-32.060508968025346,0.12638168,1769642949766
766,200802304,1769643323251,18:35:23.251,42.349734,-71.0779993,38.456,-32.060508968025346,0.12638168,1769642949766
767,201064448,1769643323622,18:35:23.622,42.349734,-71.0779993,38.456,-32.060508968025346,0.12638168,1769642949766
768,201326592,1769643323974,18:35:23.974,42.349734,-71.0779993,38.456,-32.060508968025346,0.12638168,1769642949766
769,201588736,1769643324348,18:35:24.348,42.349734,-71.0779993,38.456,-32.060508968025346,0.12638168,1769642949766
770,201850880,1769643324749,18:35:24.749,42.349734,-71.0779993,38.456,-32.060508968025346,0.12638168,1769642949766
771,202113024,1769643325102,18:35:25.102,42.349734,-71.0779993,38.456,-32.060508968025346,0.12638168,1769642949766
772,202375168,1769643325494,18:35:25.494,42.349734,-71.0779993,38.456,-32.060508968025346,0.12638168,1769642949766
773,202637312,1769643325864,18:35:25.864,42.349734,-71.0779993,38.456,-32.060508968025346,0.12638168,1769642949766
774,202899456,1769643326221,18:35:26.221,42.349734,-71.0779993,38.456,-32.060508968025346,0.12638168,1769642949766
775,203161600,1769643326565,18:35:26.565,42.349734,-71.0779993,38.456,-32.060508968025346,0.12638168,1769642949766
776,203423744,1769643327226,18:35:27.226,42.349734,-71.0779993,38.456,-32.060508968025346,0.12638168,1769642949766
777,203685888,1769643327723,18:35:27.723,42.349734,-71.0779993,38.456,-32.060508968025346,0.12638168,1769642949766
778,203948032,1769643328122,18:35:28.122,42.349734,-71.0779993,38.456,-32.060508968025346,0.12638168,1769642949766
779,204210176,1769643328447,18:35:28.447,42.349734,-71.0779993,38.456,-32.060508968025346,0.12638168,1769642949766
780,204472320,1769643328751,18:35:28.751,42.349734,-71.0779993,38.456,-32.060508968025346,0.12638168,1769642949766
781,204734464,1769643329123,18:35:29.123,42.349734,-71.0779993,38.456,-32.060508968025346,0.12638168,1769642949766
782,204996608,1769643329622,18:35:29.622,42.349734,-71.0779993,38.456,-32.060508968025346,0.12638168,1769642949766
783,205258752,1769643329982,18:35:29.982,42.349734,-71.0779993,38.456,-32.060508968025346,0.12638168,1769642949766
784,205520896,1769643330333,18:35:30.333,42.349734,-71.0779993,38.456,-32.060508968025346,0.12638168,1769642949766
785,205783040,1769643330738,18:35:30.738,42.349734,-71.0779993,38.456,-32.060508968025346,0.12638168,1769642949766
786,206045184,1769643331109,18:35:31.109,42.349734,-71.0779993,38.456,-32.060508968025346,0.12638168,1769642949766
787,206307328,1769643331573,18:35:31.573,42.349734,-71.0779993,38.456,-32.060508968025346,0.12638168,1769642949766
788,206569472,1769643332181,18:35:32.181,42.349734,-71.0779993,38.456,-32.060508968025346,0.12638168,1769642949766
789,206831616,1769643332789,18:35:32.789,42.349734,-71.0779993,38.456,-32.060508968025346,0.12638168,1769642949766
790,207093760,1769643333363,18:35:33.363,42.349734,-71.0779993,38.456,-32.060508968025346,0.12638168,1769642949766
791,207355904,1769643333831,18:35:33.831,42.349734,-71.0779993,38.456,-32.060508968025346,0.12638168,1769642949766
792,207618048,1769643334452,18:35:34.452,42.349734,-71.0779993,38.456,-32.060508968025346,0.12638168,1769642949766
793,207880192,1769643335010,18:35:35.010,42.349734,-71.0779993,38.456,-32.060508968025346,0.12638168,1769642949766
794,208142336,1769643335460,18:35:35.460,42.349734,-71.0779993,38.456,-32.060508968025346,0.12638168,1769642949766
795,208404480,1769643335811,18:35:35.811,42.349734,-71.0779993,38.456,-32.060508968025346,0.12638168,1769642949766
796,208666624,1769643336157,18:35:36.157,42.349734,-71.0779993,38.456,-32.060508968025346,0.12638168,1769642949766
797,208928768,1769643336536,18:35:36.536,42.349734,-71.0779993,38.456,-32.060508968025346,0.12638168,1769642949766
798,209190912,1769643336981,18:35:36.981,42.349734,-71.0779993,38.456,-32.060508968025346,0.12638168,1769642949766
799,209453056,1769643337328,18:35:37.328,42.349734,-71.0779993,38.456,-32.060508968025346,0.12638168,1769642949766
800,209715200,1769643337739,18:35:37.739,42.349734,-71.0779993,38.456,-32.060508968025346,0.12638168,1769642949766
801,209977344,1769643338421,18:35:38.421,42.349734,-71.0779993,38.456,-32.060508968025346,0.12638168,1769642949766
802,210239488,1769643339204,18:35:39.204,42.349734,-71.0779993,38.456,-32.060508968025346,0.12638168,1769642949766
803,210501632,1769643339714,18:35:39.714,42.349734,-71.0779993,38.456,-32.060508968025346,0.12638168,1769642949766
804,210763776,1769643340274,18:35:40.274,42.349734,-71.0779993,38.456,-32.060508968025346,0.12638168,1769642949766
805,211025920,1769643340672,18:35:40.672,42.349734,-71.0779993,38.456,-32.060508968025346,0.12638168,1769642949766
806,211288064,1769643341044,18:35:41.044,42.349734,-71.0779993,38.456,-32.060508968025346,0.12638168,1769642949766
807,211550208,1769643341532,18:35:41.532,42.349734,-71.0779993,38.456,-32.060508968025346,0.12638168,1769642949766
808,211812352,1769643342449,18:35:42.449,42.349734,-71.0779993,38.456,-32.060508968025346,0.12638168,1769642949766
809,212074496,1769643342823,18:35:42.823,42.349734,-71.0779993,38.456,-32.060508968025346,0.12638168,1769642949766
810,212336640,1769643343322,18:35:43.322,42.349734,-71.0779993,38.456,-32.060508968025346,0.12638168,1769642949766
811,212598784,1769643343781,18:35:43.781,42.349734,-71.0779993,38.456,-32.060508968025346,0.12638168,1769642949766
812,212860928,1769643344364,18:35:44.364,42.349734,-71.0779993,38.456,-32.060508968025346,0.12638168,1769642949766
813,213123072,1769643344791,18:35:44.791,42.349734,-71.0779993,38.456,-32.060508968025346,0.12638168,1769642949766
814,213385216,1769643345541,18:35:45.541,42.349734,-71.0779993,38.456,-32.060508968025346,0.12638168,1769642949766
815,213647360,1769643346174,18:35:46.174,42.349734,-71.0779993,38.456,-32.060508968025346,0.12638168,1769642949766
816,213909504,1769643346795,18:35:46.795,42.349734,-71.0779993,38.456,-32.060508968025346,0.12638168,1769642949766
817,214171648,1769643347156,18:35:47.156,42.349734,-71.0779993,38.456,-32.060508968025346,0.12638168,1769642949766
818,214433792,1769643347512,18:35:47.512,42.349734,-71.0779993,38.456,-32.060508968025346,0.12638168,1769642949766
819,214695936,1769643347935,18:35:47.935,42.349734,-71.0779993,38.456,-32.060508968025346,0.12638168,1769642949766
820,214958080,1769643348320,18:35:48.320,42.349734,-71.0779993,38.456,-32.060508968025346,0.12638168,1769642949766
821,215220224,1769643348666,18:35:48.666,42.349734,-71.0779993,38.456,-32.060508968025346,0.12638168,1769642949766
822,215482368,1769643349016,18:35:49.016,42.349734,-71.0779993,38.456,-32.060508968025346,0.12638168,1769642949766
823,215744512,1769643349398,18:35:49.398,42.349734,-71.0779993,38.456,-32.060508968025346,0.12638168,1769642949766
824,216006656,1769643349749,18:35:49.749,42.349734,-71.0779993,38.456,-32.060508968025346,0.12638168,1769642949766
825,216268800,1769643350105,18:35:50.105,42.349734,-71.0779993,38.456,-32.060508968025346,0.12638168,1769642949766
826,216530944,1769643350457,18:35:50.457,42.349734,-71.0779993,38.456,-32.060508968025346,0.12638168,1769642949766
827,216793088,1769643350825,18:35:50.825,42.349734,-71.0779993,38.456,-32.060508968025346,0.12638168,1769642949766
828,217055232,1769643351173,18:35:51.173,42.349734,-71.0779993,38.456,-32.060508968025346,0.12638168,1769642949766
829,217317376,1769643351526,18:35:51.526,42.349734,-71.0779993,38.456,-32.060508968025346,0.12638168,1769642949766
830,217579520,1769643351894,18:35:51.894,42.349734,-71.0779993,38.456,-32.060508968025346,0.12638168,1769642949766
831,217841664,1769643352269,18:35:52.269,42.349734,-71.0779993,38.456,-32.060508968025346,0.12638168,1769642949766
832,218103808,1769643352623,18:35:52.623,42.349734,-71.0779993,38.456,-32.060508968025346,0.12638168,1769642949766
833,218365952,1769643352971,18:35:52.971,42.349734,-71.0779993,38.456,-32.060508968025346,0.12638168,1769642949766
834,218628096,1769643353321,18:35:53.321,42.349734,-71.0779993,38.456,-32.060508968025346,0.12638168,1769642949766
835,218890240,1769643353835,18:35:53.835,42.349734,-71.0779993,38.456,-32.060508968025346,0.12638168,1769642949766
836,219152384,1769643355083,18:35:55.083,42.349734,-71.0779993,38.456,-32.060508968025346,0.12638168,1769642949766
837,219414528,1769643355891,18:35:55.891,42.349734,-71.0779993,38.456,-32.060508968025346,0.12638168,1769642949766
838,219676672,1769643356433,18:35:56.433,42.349734,-71.0779993,38.456,-32.060508968025346,0.12638168,1769642949766
839,219938816,1769643357138,18:35:57.138,42.349734,-71.0779993,38.456,-32.060508968025346,0.12638168,1769642949766
840,220200960,1769643357772,18:35:57.772,42.349734,-71.0779993,38.456,-32.060508968025346,0.12638168,1769642949766
841,220463104,1769643358110,18:35:58.110,42.349734,-71.0779993,38.456,-32.060508968025346,0.12638168,1769642949766
842,220725248,1769643358613,18:35:58.613,42.349734,-71.0779993,38.456,-32.060508968025346,0.12638168,1769642949766
843,220987392,1769643359469,18:35:59.469,42.349734,-71.0779993,38.456,-32.060508968025346,0.12638168,1769642949766
844,221249536,1769643360566,18:36:00.566,42.349734,-71.0779993,38.456,-32.060508968025346,0.12638168,1769642949766
845,221511680,1769643361056,18:36:01.056,42.349734,-71.0779993,38.456,-32.060508968025346,0.12638168,1769642949766
846,221773824,1769643361839,18:36:01.839,42.349734,-71.0779993,38.456,-32.060508968025346,0.12638168,1769642949766
847,222035968,1769643362170,18:36:02.170,42.349734,-71.0779993,38.456,-32.060508968025346,0.12638168,1769642949766
848,222298112,1769643362513,18:36:02.513,42.349734,-71.0779993,38.456,-32.060508968025346,0.12638168,1769642949766
849,222560256,1769643362865,18:36:02.865,42.349734,-71.0779993,38.456,-32.060508968025346,0.12638168,1769642949766
850,222822400,1769643363410,18:36:03.410,42.349734,-71.0779993,38.456,-32.060508968025346,0.12638168,1769642949766
851,223084544,1769643363736,18:36:03.736,42.349734,-71.0779993,38.456,-32.060508968025346,0.12638168,1769642949766
852,223346688,1769643364089,18:36:04.089,42.349734,-71.0779993,38.456,-32.060508968025346,0.12638168,1769642949766
853,223608832,1769643364523,18:36:04.523,42.349734,-71.0779993,38.456,-32.060508968025346,0.12638168,1769642949766
854,223870976,1769643364873,18:36:04.873,42.349734,-71.0779993,38.456,-32.060508968025346,0.12638168,1769642949766
855,224133120,1769643365359,18:36:05.359,42.349734,-71.0779993,38.456,-32.060508968025346,0.12638168,1769642949766
856,224395264,1769643365893,18:36:05.893,42.349734,-71.0779993,38.456,-32.060508968025346,0.12638168,1769642949766
857,224657408,1769643366527,18:36:06.527,42.349734,-71.0779993,38.456,-32.060508968025346,0.12638168,1769642949766
858,224919552,1769643367025,18:36:07.025,42.349734,-71.0779993,38.456,-32.060508968025346,0.12638168,1769642949766
859,225181696,1769643367465,18:36:07.465,42.349734,-71.0779993,38.456,-32.060508968025346,0.12638168,1769642949766
860,225443840,1769643367870,18:36:07.870,42.349734,-71.0779993,38.456,-32.060508968025346,0.12638168,1769642949766
861,225705984,1769643368204,18:36:08.204,42.349734,-71.0779993,38.456,-32.060508968025346,0.12638168,1769642949766
862,225968128,1769643368521,18:36:08.521,42.349734,-71.0779993,38.456,-32.060508968025346,0.12638168,1769642949766
863,226230272,1769643369005,18:36:09.005,42.349734,-71.0779993,38.456,-32.060508968025346,0.12638168,1769642949766
864,226492416,1769643369356,18:36:09.356,42.349734,-71.0779993,38.456,-32.060508968025346,0.12638168,1769642949766
865,226754560,1769643369784,18:36:09.784,42.349734,-71.0779993,38.456,-32.060508968025346,0.12638168,1769642949766
866,227016704,1769643370131,18:36:10.131,42.349734,-71.0779993,38.456,-32.060508968025346,0.12638168,1769642949766
867,227278848,1769643370480,18:36:10.480,42.349734,-71.0779993,38.456,-32.060508968025346,0.12638168,1769642949766
868,227540992,1769643371058,18:36:11.058,42.349734,-71.0779993,38.456,-32.060508968025346,0.12638168,1769642949766
869,227803136,1769643371520,18:36:11.520,42.349734,-71.0779993,38.456,-32.060508968025346,0.12638168,1769642949766
870,228065280,1769643372101,18:36:12.101,42.349734,-71.0779993,38.456,-32.060508968025346,0.12638168,1769642949766
871,228327424,1769643372547,18:36:12.547,42.349734,-71.0779993,38.456,-32.060508968025346,0.12638168,1769642949766
872,228589568,1769643373106,18:36:13.106,42.349734,-71.0779993,38.456,-32.060508968025346,0.12638168,1769642949766
873,228851712,1769643373584,18:36:13.584,42.349734,-71.0779993,38.456,-32.060508968025346,0.12638168,1769642949766
874,229113856,1769643373984,18:36:13.984,42.349734,-71.0779993,38.456,-32.060508968025346,0.12638168,1769642949766
875,229376000,1769643374445,18:36:14.445,42.349734,-71.0779993,38.456,-32.060508968025346,0.12638168,1769642949766
876,229638144,1769643374845,18:36:14.845,42.349734,-71.0779993,38.456,-32.060508968025346,0.12638168,1769642949766
877,229900288,1769643375239,18:36:15.239,42.349734,-71.0779993,38.456,-32.060508968025346,0.12638168,1769642949766
878,230162432,1769643375631,18:36:15.631,42.349734,-71.0779993,38.456,-32.060508968025346,0.12638168,1769642949766
879,230424576,1769643375948,18:36:15.948,42.349734,-71.0779993,38.456,-32.060508968025346,0.12638168,1769642949766
880,230686720,1769643376247,18:36:16.247,42.349734,-71.0779993,38.456,-32.060508968025346,0.12638168,1769642949766
881,230948864,1769643376584,18:36:16.584,42.349734,-71.0779993,38.456,-32.060508968025346,0.12638168,1769642949766
882,231211008,1769643376952,18:36:16.952,42.349734,-71.0779993,38.456,-32.060508968025346,0.12638168,1769642949766
883,231473152,1769643377292,18:36:17.292,42.349734,-71.0779993,38.456,-32.060508968025346,0.12638168,1769642949766
884,231735296,1769643377720,18:36:17.720,42.349734,-71.0779993,38.456,-32.060508968025346,0.12638168,1769642949766
885,231997440,1769643378281,18:36:18.281,42.349734,-71.0779993,38.456,-32.060508968025346,0.12638168,1769642949766
886,232259584,1769643378686,18:36:18.686,42.349734,-71.0779993,38.456,-32.060508968025346,0.12638168,1769642949766
887,232521728,1769643379090,18:36:19.090,42.349734,-71.0779993,38.456,-32.060508968025346,0.12638168,1769642949766
888,232783872,1769643379491,18:36:19.491,42.349734,-71.0779993,38.456,-32.060508968025346,0.12638168,1769642949766
889,233046016,1769643379911,18:36:19.911,42.349734,-71.0779993,38.456,-32.060508968025346,0.12638168,1769642949766
890,233308160,1769643380212,18:36:20.212,42.349734,-71.0779993,38.456,-32.060508968025346,0.12638168,1769642949766
891,233570304,1769643380523,18:36:20.523,42.349734,-71.0779993,38.456,-32.060508968025346,0.12638168,1769642949766
892,233832448,1769643380859,18:36:20.859,42.349734,-71.0779993,38.456,-32.060508968025346,0.12638168,1769642949766
893,234094592,1769643381213,18:36:21.213,42.349734,-71.0779993,38.456,-32.060508968025346,0.12638168,1769642949766
894,234356736,1769643381562,18:36:21.562,42.349734,-71.0779993,38.456,-32.060508968025346,0.12638168,1769642949766
895,234618880,1769643382118,18:36:22.118,42.349734,-71.0779993,38.456,-32.060508968025346,0.12638168,1769642949766
896,234881024,1769643382611,18:36:22.611,42.349734,-71.0779993,38.456,-32.060508968025346,0.12638168,1769642949766
897,235143168,1769643383110,18:36:23.110,42.349734,-71.0779993,38.456,-32.060508968025346,0.12638168,1769642949766
898,235405312,1769643383509,18:36:23.509,42.349734,-71.0779993,38.456,-32.060508968025346,0.12638168,1769642949766
899,235667456,1769643384060,18:36:24.060,42.349734,-71.0779993,38.456,-32.060508968025346,0.12638168,1769642949766
900,235929600,1769643384434,18:36:24.434,42.349734,-71.0779993,38.456,-32.060508968025346,0.12638168,1769642949766
901,236191744,1769643384980,18:36:24.980,42.349734,-71.0779993,38.456,-32.060508968025346,0.12638168,1769642949766
902,236453888,1769643385546,18:36:25.546,42.349734,-71.0779993,38.456,-32.060508968025346,0.12638168,1769642949766
903,236716032,1769643385889,18:36:25.889,42.349734,-71.0779993,38.456,-32.060508968025346,0.12638168,1769642949766
904,236978176,1769643386324,18:36:26.324,42.349734,-71.0779993,38.456,-32.060508968025346,0.12638168,1769642949766
905,237240320,1769643386854,18:36:26.854,42.349734,-71.0779993,38.456,-32.060508968025346,0.12638168,1769642949766
906,237502464,1769643387429,18:36:27.429,42.349734,-71.0779993,38.456,-32.060508968025346,0.12638168,1769642949766
907,237764608,1769643387858,18:36:27.858,42.349734,-71.0779993,38.456,-32.060508968025346,0.12638168,1769642949766
908,238026752,1769643388286,18:36:28.286,42.349734,-71.0779993,38.456,-32.060508968025346,0.12638168,1769642949766
909,238288896,1769643388819,18:36:28.819,42.349734,-71.0779993,38.456,-32.060508968025346,0.12638168,1769642949766
910,238551040,1769643389382,18:36:29.382,42.349734,-71.0779993,38.456,-32.060508968025346,0.12638168,1769642949766
911,238813184,1769643389863,18:36:29.863,42.349734,-71.0779993,38.456,-32.060508968025346,0.12638168,1769642949766
912,239075328,1769643390304,18:36:30.304,42.349734,-71.0779993,38.456,-32.060508968025346,0.12638168,1769642949766
913,239337472,1769643390749,18:36:30.749,42.349734,-71.0779993,38.456,-32.060508968025346,0.12638168,1769642949766
914,239599616,1769643391273,18:36:31.273,42.349734,-71.0779993,38.456,-32.060508968025346,0.12638168,1769642949766
915,239861760,1769643391645,18:36:31.645,42.349734,-71.0779993,38.456,-32.060508968025346,0.12638168,1769642949766
916,240123904,1769643392012,18:36:32.012,42.349734,-71.0779993,38.456,-32.060508968025346,0.12638168,1769642949766
917,240386048,1769643392346,18:36:32.346,42.349734,-71.0779993,38.456,-32.060508968025346,0.12638168,1769642949766
918,240648192,1769643392986,18:36:32.986,42.349734,-71.0779993,38.456,-32.060508968025346,0.12638168,1769642949766
919,240910336,1769643393670,18:36:33.670,42.349734,-71.0779993,38.456,-32.060508968025346,0.12638168,1769642949766
920,241172480,1769643394380,18:36:34.380,42.349734,-71.0779993,38.456,-32.060508968025346,0.12638168,1769642949766
921,241434624,1769643394824,18:36:34.824,42.349734,-71.0779993,38.456,-32.060508968025346,0.12638168,1769642949766
922,241696768,1769643395222,18:36:35.222,42.349734,-71.0779993,38.456,-32.060508968025346,0.12638168,1769642949766
923,241958912,1769643396237,18:36:36.237,42.349734,-71.0779993,38.456,-32.060508968025346,0.12638168,1769642949766
924,242221056,1769643396683,18:36:36.683,42.349734,-71.0779993,38.456,-32.060508968025346,0.12638168,1769642949766
925,242483200,1769643397047,18:36:37.047,42.349734,-71.0779993,38.456,-32.060508968025346,0.12638168,1769642949766
926,242745344,1769643397901,18:36:37.901,42.349734,-71.0779993,38.456,-32.060508968025346,0.12638168,1769642949766
927,243007488,1769643398545,18:36:38.545,42.349734,-71.0779993,38.456,-32.060508968025346,0.12638168,1769642949766
928,243269632,1769643400092,18:36:40.092,42.349734,-71.0779993,38.456,-32.060508968025346,0.12638168,1769642949766
929,243531776,1769643401204,18:36:41.204,42.349734,-71.0779993,38.456,-32.060508968025346,0.12638168,1769642949766
930,243793920,1769643402048,18:36:42.048,42.349734,-71.0779993,38.456,-32.060508968025346,0.12638168,1769642949766
931,244056064,1769643402426,18:36:42.426,42.349734,-71.0779993,38.456,-32.060508968025346,0.12638168,1769642949766
932,244318208,1769643402776,18:36:42.776,42.349734,-71.0779993,38.456,-32.060508968025346,0.12638168,1769642949766
933,244580352,1769643403322,18:36:43.322,42.349734,-71.0779993,38.456,-32.060508968025346,0.12638168,1769642949766
934,244842496,1769643403750,18:36:43.750,42.349734,-71.0779993,38.456,-32.060508968025346,0.12638168,1769642949766
935,245104640,1769643404258,18:36:44.258,42.349734,-71.0779993,38.456,-32.060508968025346,0.12638168,1769642949766
936,245366784,1769643404766,18:36:44.766,42.349734,-71.0779993,38.456,-32.060508968025346,0.12638168,1769642949766
937,245628928,1769643405132,18:36:45.132,42.349734,-71.0779993,38.456,-32.060508968025346,0.12638168,1769642949766
938,245891072,1769643405705,18:36:45.705,42.349734,-71.0779993,38.456,-32.060508968025346,0.12638168,1769642949766
939,246153216,1769643406234,18:36:46.234,42.349734,-71.0779993,38.456,-32.060508968025346,0.12638168,1769642949766
940,246415360,1769643406740,18:36:46.740,42.349734,-71.0779993,38.456,-32.060508968025346,0.12638168,1769642949766
941,246677504,1769643407145,18:36:47.145,42.349734,-71.0779993,38.456,-32.060508968025346,0.12638168,1769642949766
942,246939648,1769643407652,18:36:47.652,42.349734,-71.0779993,38.456,-32.060508968025346,0.12638168,1769642949766
943,247201792,1769643408017,18:36:48.017,42.349734,-71.0779993,38.456,-32.060508968025346,0.12638168,1769642949766
944,247463936,1769643408378,18:36:48.378,42.349734,-71.0779993,38.456,-32.060508968025346,0.12638168,1769642949766
945,247726080,1769643408733,18:36:48.733,42.349734,-71.0779993,38.456,-32.060508968025346,0.12638168,1769642949766
946,247988224,1769643409192,18:36:49.192,42.349734,-71.0779993,38.456,-32.060508968025346,0.12638168,1769642949766
947,248250368,1769643409741,18:36:49.741,42.349734,-71.0779993,38.456,-32.060508968025346,0.12638168,1769642949766
948,248512512,1769643410220,18:36:50.220,42.349734,-71.0779993,38.456,-32.060508968025346,0.12638168,1769642949766
949,248774656,1769643410803,18:36:50.803,42.349734,-71.0779993,38.456,-32.060508968025346,0.12638168,1769642949766
950,249036800,1769643411406,18:36:51.406,42.349734,-71.0779993,38.456,-32.060508968025346,0.12638168,1769642949766
951,249298944,1769643412198,18:36:52.198,42.349734,-71.0779993,38.456,-32.060508968025346,0.12638168,1769642949766
952,249561088,1769643412975,18:36:52.975,42.349734,-71.0779993,38.456,-32.060508968025346,0.12638168,1769642949766
953,249823232,1769643413433,18:36:53.433,42.349734,-71.0779993,38.456,-32.060508968025346,0.12638168,1769642949766
954,250085376,1769643413837,18:36:53.837,42.349734,-71.0779993,38.456,-32.060508968025346,0.12638168,1769642949766
955,250347520,1769643414594,18:36:54.594,42.349734,-71.0779993,38.456,-32.060508968025346,0.12638168,1769642949766
956,250609664,1769643415008,18:36:55.008,42.349734,-71.0779993,38.456,-32.060508968025346,0.12638168,1769642949766
957,250871808,1769643415979,18:36:55.979,42.349734,-71.0779993,38.456,-32.060508968025346,0.12638168,1769642949766
958,251133952,1769643416537,18:36:56.537,42.349734,-71.0779993,38.456,-32.060508968025346,0.12638168,1769642949766
959,251396096,1769643417109,18:36:57.109,42.349734,-71.0779993,38.456,-32.060508968025346,0.12638168,1769642949766
960,251658240,1769643417598,18:36:57.598,42.349734,-71.0779993,38.456,-32.060508968025346,0.12638168,1769642949766
961,251920384,1769643418038,18:36:58.038,42.349734,-71.0779993,38.456,-32.060508968025346,0.12638168,1769642949766
962,252182528,1769643418388,18:36:58.388,42.349734,-71.0779993,38.456,-32.060508968025346,0.12638168,1769642949766
963,252444672,1769643418898,18:36:58.898,42.349734,-71.0779993,38.456,-32.060508968025346,0.12638168,1769642949766
964,252706816,1769643419246,18:36:59.246,42.349734,-71.0779993,38.456,-32.060508968025346,0.12638168,1769642949766
965,252968960,1769643419598,18:36:59.598,42.349734,-71.0779993,38.456,-32.060508968025346,0.12638168,1769642949766
966,253231104,1769643419947,18:36:59.947,42.349734,-71.0779993,38.456,-32.060508968025346,0.12638168,1769642949766
967,253493248,1769643420514,18:37:00.514,42.349734,-71.0779993,38.456,-32.060508968025346,0.12638168,1769642949766
968,253755392,1769643421093,18:37:01.093,42.349734,-71.0779993,38.456,-32.060508968025346,0.12638168,1769642949766
969,254017536,1769643421621,18:37:01.621,42.349734,-71.0779993,38.456,-32.060508968025346,0.12638168,1769642949766
970,254279680,1769643422139,18:37:02.139,42.349734,-71.0779993,38.456,-32.060508968025346,0.12638168,1769642949766
971,254541824,1769643422711,18:37:02.711,42.349734,-71.0779993,38.456,-32.060508968025346,0.12638168,1769642949766
972,254803968,1769643423201,18:37:03.201,42.349734,-71.0779993,38.456,-32.060508968025346,0.12638168,1769642949766
973,255066112,1769643423747,18:37:03.747,42.349734,-71.0779993,38.456,-32.060508968025346,0.12638168,1769642949766
974,255328256,1769643424091,18:37:04.091,42.349734,-71.0779993,38.456,-32.060508968025346,0.12638168,1769642949766
975,255590400,1769643424489,18:37:04.489,42.349734,-71.0779993,38.456,-32.060508968025346,0.12638168,1769642949766
976,255852544,1769643424854,18:37:04.854,42.349734,-71.0779993,38.456,-32.060508968025346,0.12638168,1769642949766
977,256114688,1769643425233,18:37:05.233,42.349734,-71.0779993,38.456,-32.060508968025346,0.12638168,1769642949766
978,256376832,1769643426012,18:37:06.012,42.349734,-71.0779993,38.456,-32.060508968025346,0.12638168,1769642949766
979,256638976,1769643426504,18:37:06.504,42.349734,-71.0779993,38.456,-32.060508968025346,0.12638168,1769642949766
980,256901120,1769643426983,18:37:06.983,42.349734,-71.0779993,38.456,-32.060508968025346,0.12638168,1769642949766
981,257163264,1769643427471,18:37:07.471,42.349734,-71.0779993,38.456,-32.060508968025346,0.12638168,1769642949766
982,257425408,1769643427923,18:37:07.923,42.349734,-71.0779993,38.456,-32.060508968025346,0.12638168,1769642949766
983,257687552,1769643428354,18:37:08.354,42.349734,-71.0779993,38.456,-32.060508968025346,0.12638168,1769642949766
984,257949696,1769643428830,18:37:08.830,42.349734,-71.0779993,38.456,-32.060508968025346,0.12638168,1769642949766
985,258211840,1769643429617,18:37:09.617,42.349734,-71.0779993,38.456,-32.060508968025346,0.12638168,1769642949766
986,258473984,1769643430163,18:37:10.163,42.349734,-71.0779993,38.456,-32.060508968025346,0.12638168,1769642949766
987,258736128,1769643430539,18:37:10.539,42.349734,-71.0779993,38.456,-32.060508968025346,0.12638168,1769642949766
988,258998272,1769643430936,18:37:10.936,42.349734,-71.0779993,38.456,-32.060508968025346,0.12638168,1769642949766
989,259260416,1769643431240,18:37:11.240,42.349734,-71.0779993,38.456,-32.060508968025346,0.12638168,1769642949766
990,259522560,1769643431671,18:37:11.671,42.349734,-71.0779993,38.456,-32.060508968025346,0.12638168,1769642949766
991,259784704,1769643432134,18:37:12.134,42.349734,-71.0779993,38.456,-32.060508968025346,0.12638168,1769642949766
992,260046848,1769643432809,18:37:12.809,42.349734,-71.0779993,38.456,-32.060508968025346,0.12638168,1769642949766
993,260308992,1769643433239,18:37:13.239,42.349734,-71.0779993,38.456,-32.060508968025346,0.12638168,1769642949766
994,260571136,1769643433790,18:37:13.790,42.349734,-71.0779993,38.456,-32.060508968025346,0.12638168,1769642949766
995,260833280,1769643434209,18:37:14.209,42.349734,-71.0779993,38.456,-32.060508968025346,0.12638168,1769642949766
996,261095424,1769643434624,18:37:14.624,42.349734,-71.0779993,38.456,-32.060508968025346,0.12638168,1769642949766
997,261357568,1769643435050,18:37:15.050,42.349734,-71.0779993,38.456,-32.060508968025346,0.12638168,1769642949766
998,261619712,1769643435624,18:37:15.624,42.349734,-71.0779993,38.456,-32.060508968025346,0.12638168,1769642949766
999,261881856,1769643435990,18:37:15.990,42.349734,-71.0779993,38.456,-32.060508968025346,0.12638168,1769642949766
1000,262144000,1769643436342,18:37:16.342,42.349734,-71.0779993,38.456,-32.060508968025346,0.12638168,1769642949766
1001,262406144,1769643436757,18:37:16.757,42.349734,-71.0779993,38.456,-32.060508968025346,0.12638168,1769642949766
1002,262668288,1769643437321,18:37:17.321,42.349734,-71.0779993,38.456,-32.060508968025346,0.12638168,1769642949766
1003,262930432,1769643437755,18:37:17.755,42.349734,-71.0779993,38.456,-32.060508968025346,0.12638168,1769642949766
1004,263192576,1769643438067,18:37:18.067,42.349734,-71.0779993,38.456,-32.060508968025346,0.12638168,1769642949766
1005,263454720,1769643438470,18:37:18.470,42.349734,-71.0779993,38.456,-32.060508968025346,0.12638168,1769642949766
1006,263716864,1769643438828,18:37:18.828,42.349734,-71.0779993,38.456,-32.060508968025346,0.12638168,1769642949766
1007,263979008,1769643439290,18:37:19.290,42.349734,-71.0779993,38.456,-32.060508968025346,0.12638168,1769642949766
1008,264241152,1769643439695,18:37:19.695,42.349734,-71.0779993,38.456,-32.060508968025346,0.12638168,1769642949766
1009,264503296,1769643440067,18:37:20.067,42.349734,-71.0779993,38.456,-32.060508968025346,0.12638168,1769642949766
1010,264765440,1769643440367,18:37:20.367,42.349734,-71.0779993,38.456,-32.060508968025346,0.12638168,1769642949766
1011,265027584,1769643440704,18:37:20.704,42.349734,-71.0779993,38.456,-32.060508968025346,0.12638168,1769642949766
1012,265289728,1769643441053,18:37:21.053,42.349734,-71.0779993,38.456,-32.060508968025346,0.12638168,1769642949766
1013,265551872,1769643441402,18:37:21.402,42.349734,-71.0779993,38.456,-32.060508968025346,0.12638168,1769642949766
1014,265814016,1769643441753,18:37:21.753,42.349734,-71.0779993,38.456,-32.060508968025346,0.12638168,1769642949766
1015,266076160,1769643442109,18:37:22.109,42.349734,-71.0779993,38.456,-32.060508968025346,0.12638168,1769642949766
1016,266338304,1769643443611,18:37:23.611,42.349734,-71.0779993,38.456,-32.060508968025346,0.12638168,1769642949766
1017,266600448,1769643444973,18:37:24.973,42.349734,-71.0779993,38.456,-32.060508968025346,0.12638168,1769642949766
1018,266862592,1769643446240,18:37:26.240,42.349734,-71.0779993,38.456,-32.060508968025346,0.12638168,1769642949766
1019,267124736,1769643446831,18:37:26.831,42.349734,-71.0779993,38.456,-32.060508968025346,0.12638168,1769642949766
1020,267386880,1769643447166,18:37:27.166,42.349734,-71.0779993,38.456,-32.060508968025346,0.12638168,1769642949766
1021,267649024,1769643447648,18:37:27.648,42.349734,-71.0779993,38.456,-32.060508968025346,0.12638168,1769642949766
1022,267911168,1769643448063,18:37:28.063,42.349734,-71.0779993,38.456,-32.060508968025346,0.12638168,1769642949766
1023,268173312,1769643448430,18:37:28.430,42.349734,-71.0779993,38.456,-32.060508968025346,0.12638168,1769642949766
1024,268435456,1769643448890,18:37:28.890,42.349734,-71.0779993,38.456,-32.060508968025346,0.12638168,1769642949766
1025,268697600,1769643449264,18:37:29.264,42.349734,-71.0779993,38.456,-32.060508968025346,0.12638168,1769642949766
1026,268959744,1769643449615,18:37:29.615,42.349734,-71.0779993,38.456,-32.060508968025346,0.12638168,1769642949766
1027,269221888,1769643450060,18:37:30.060,42.349734,-71.0779993,38.456,-32.060508968025346,0.12638168,1769642949766
1028,269484032,1769643450415,18:37:30.415,42.349734,-71.0779993,38.456,-32.060508968025346,0.12638168,1769642949766
1029,269746176,1769643450809,18:37:30.809,42.349734,-71.0779993,38.456,-32.060508968025346,0.12638168,1769642949766
1030,270008320,1769643451159,18:37:31.159,42.349734,-71.0779993,38.456,-32.060508968025346,0.12638168,1769642949766
1031,270270464,1769643451539,18:37:31.539,42.349734,-71.0779993,38.456,-32.060508968025346,0.12638168,1769642949766
1032,270532608,1769643451970,18:37:31.970,42.349734,-71.0779993,38.456,-32.060508968025346,0.12638168,1769642949766
1033,270794752,1769643452278,18:37:32.278,42.349734,-71.0779993,38.456,-32.060508968025346,0.12638168,1769642949766
1034,271056896,1769643452616,18:37:32.616,42.349734,-71.0779993,38.456,-32.060508968025346,0.12638168,1769642949766
1035,271319040,1769643452969,18:37:32.969,42.349734,-71.0779993,38.456,-32.060508968025346,0.12638168,1769642949766
1036,271581184,1769643453315,18:37:33.315,42.349734,-71.0779993,38.456,-32.060508968025346,0.12638168,1769642949766
1037,271843328,1769643453688,18:37:33.688,42.349734,-71.0779993,38.456,-32.060508968025346,0.12638168,1769642949766
1038,272105472,1769643454018,18:37:34.018,42.349734,-71.0779993,38.456,-32.060508968025346,0.12638168,1769642949766
1039,272367616,1769643454394,18:37:34.394,42.349734,-71.0779993,38.456,-32.060508968025346,0.12638168,1769642949766
1040,272629760,1769643454814,18:37:34.814,42.349734,-71.0779993,38.456,-32.060508968025346,0.12638168,1769642949766
1041,272891904,1769643455257,18:37:35.257,42.349734,-71.0779993,38.456,-32.060508968025346,0.12638168,1769642949766
1042,273154048,1769643455611,18:37:35.611,42.349734,-71.0779993,38.456,-32.060508968025346,0.12638168,1769642949766
1043,273416192,1769643455959,18:37:35.959,42.349734,-71.0779993,38.456,-32.060508968025346,0.12638168,1769642949766
1044,273678336,1769643456370,18:37:36.370,42.349734,-71.0779993,38.456,-32.060508968025346,0.12638168,1769642949766
1045,273940480,1769643456828,18:37:36.828,42.349734,-71.0779993,38.456,-32.060508968025346,0.12638168,1769642949766
1046,274202624,1769643457263,18:37:37.263,42.349734,-71.0779993,38.456,-32.060508968025346,0.12638168,1769642949766
1047,274464768,1769643457620,18:37:37.620,42.349734,-71.0779993,38.456,-32.060508968025346,0.12638168,1769642949766
1048,274726912,1769643457982,18:37:37.982,42.349734,-71.0779993,38.456,-32.060508968025346,0.12638168,1769642949766
1049,274989056,1769643458445,18:37:38.445,42.349734,-71.0779993,38.456,-32.060508968025346,0.12638168,1769642949766
1050,275251200,1769643458859,18:37:38.859,42.349734,-71.0779993,38.456,-32.060508968025346,0.12638168,1769642949766
1051,275513344,1769643459207,18:37:39.207,42.349734,-71.0779993,38.456,-32.060508968025346,0.12638168,1769642949766
1052,275775488,1769643459563,18:37:39.563,42.349734,-71.0779993,38.456,-32.060508968025346,0.12638168,1769642949766
1053,276037632,1769643459911,18:37:39.911,42.349734,-71.0779993,38.456,-32.060508968025346,0.12638168,1769642949766
1054,276299776,1769643460262,18:37:40.262,42.349734,-71.0779993,38.456,-32.060508968025346,0.12638168,1769642949766
1055,276561920,1769643460608,18:37:40.608,42.349734,-71.0779993,38.456,-32.060508968025346,0.12638168,1769642949766
1056,276824064,1769643460960,18:37:40.960,42.349734,-71.0779993,38.456,-32.060508968025346,0.12638168,1769642949766
1057,277086208,1769643461340,18:37:41.340,42.349734,-71.0779993,38.456,-32.060508968025346,0.12638168,1769642949766
1058,277348352,1769643461695,18:37:41.695,42.349734,-71.0779993,38.456,-32.060508968025346,0.12638168,1769642949766
1059,277610496,1769643462152,18:37:42.152,42.349734,-71.0779993,38.456,-32.060508968025346,0.12638168,1769642949766
1060,277872640,1769643462705,18:37:42.705,42.349734,-71.0779993,38.456,-32.060508968025346,0.12638168,1769642949766
1061,278134784,1769643463053,18:37:43.053,42.349734,-71.0779993,38.456,-32.060508968025346,0.12638168,1769642949766
1062,278396928,1769643463496,18:37:43.496,42.349734,-71.0779993,38.456,-32.060508968025346,0.12638168,1769642949766
1063,278659072,1769643463933,18:37:43.933,42.349734,-71.0779993,38.456,-32.060508968025346,0.12638168,1769642949766
1064,278921216,1769643464519,18:37:44.519,42.349734,-71.0779993,38.456,-32.060508968025346,0.12638168,1769642949766
1065,279183360,1769643464952,18:37:44.952,42.349734,-71.0779993,38.456,-32.060508968025346,0.12638168,1769642949766
1066,279445504,1769643465468,18:37:45.468,42.349734,-71.0779993,38.456,-32.060508968025346,0.12638168,1769642949766
1067,279707648,1769643465986,18:37:45.986,42.349734,-71.0779993,38.456,-32.060508968025346,0.12638168,1769642949766
1068,279969792,1769643466707,18:37:46.707,42.349734,-71.0779993,38.456,-32.060508968025346,0.12638168,1769642949766
1069,280231936,1769643467285,18:37:47.285,42.349734,-71.0779993,38.456,-32.060508968025346,0.12638168,1769642949766
1070,280494080,1769643467834,18:37:47.834,42.349734,-71.0779993,38.456,-32.060508968025346,0.12638168,1769642949766
1071,280756224,1769643468486,18:37:48.486,42.349734,-71.0779993,38.456,-32.060508968025346,0.12638168,1769642949766
1072,281018368,1769643469103,18:37:49.103,42.349734,-71.0779993,38.456,-32.060508968025346,0.12638168,1769642949766
1073,281280512,1769643469615,18:37:49.615,42.349734,-71.0779993,38.456,-32.060508968025346,0.12638168,1769642949766
1074,281542656,1769643470018,18:37:50.018,42.349734,-71.0779993,38.456,-32.060508968025346,0.12638168,1769642949766
1075,281804800,1769643470869,18:37:50.869,42.349734,-71.0779993,38.456,-32.060508968025346,0.12638168,1769642949766
1076,282066944,1769643471781,18:37:51.781,42.349734,-71.0779993,38.456,-32.060508968025346,0.12638168,1769642949766
1077,282329088,1769643472130,18:37:52.130,42.349734,-71.0779993,38.456,-32.060508968025346,0.12638168,1769642949766
1078,282591232,1769643472553,18:37:52.553,42.349734,-71.0779993,38.456,-32.060508968025346,0.12638168,1769642949766
1079,282853376,1769643472915,18:37:52.915,42.349734,-71.0779993,38.456,-32.060508968025346,0.12638168,1769642949766
1080,283115520,1769643473548,18:37:53.548,42.349734,-71.0779993,38.456,-32.060508968025346,0.12638168,1769642949766
1081,283377664,1769643473950,18:37:53.950,42.349734,-71.0779993,38.456,-32.060508968025346,0.12638168,1769642949766
1082,283639808,1769643474274,18:37:54.274,42.349734,-71.0779993,38.456,-32.060508968025346,0.12638168,1769642949766
1083,283901952,1769643474626,18:37:54.626,42.349734,-71.0779993,38.456,-32.060508968025346,0.12638168,1769642949766
1084,284164096,1769643475131,18:37:55.131,42.349734,-71.0779993,38.456,-32.060508968025346,0.12638168,1769642949766
1085,284426240,1769643475619,18:37:55.619,42.349734,-71.0779993,38.456,-32.060508968025346,0.12638168,1769642949766
1086,284688384,1769643476012,18:37:56.012,42.349734,-71.0779993,38.456,-32.060508968025346,0.12638168,1769642949766
1087,284950528,1769643476327,18:37:56.327,42.349734,-71.0779993,38.456,-32.060508968025346,0.12638168,1769642949766
1088,285212672,1769643476888,18:37:56.888,42.349734,-71.0779993,38.456,-32.060508968025346,0.12638168,1769642949766
1089,285474816,1769643477542,18:37:57.542,42.349734,-71.0779993,38.456,-32.060508968025346,0.12638168,1769642949766
1090,285736960,1769643478218,18:37:58.218,42.349734,-71.0779993,38.456,-32.060508968025346,0.12638168,1769642949766
1091,285999104,1769643478711,18:37:58.711,42.349734,-71.0779993,38.456,-32.060508968025346,0.12638168,1769642949766
1092,286261248,1769643479062,18:37:59.062,42.349734,-71.0779993,38.456,-32.060508968025346,0.12638168,1769642949766
1093,286523392,1769643479536,18:37:59.536,42.349734,-71.0779993,38.456,-32.060508968025346,0.12638168,1769642949766
1094,286785536,1769643480112,18:38:00.112,42.349734,-71.0779993,38.456,-32.060508968025346,0.12638168,1769642949766
1095,287047680,1769643480515,18:38:00.515,42.349734,-71.0779993,38.456,-32.060508968025346,0.12638168,1769642949766
1096,287309824,1769643480906,18:38:00.906,42.349734,-71.0779993,38.456,-32.060508968025346,0.12638168,1769642949766
1097,287571968,1769643481470,18:38:01.470,42.349734,-71.0779993,38.456,-32.060508968025346,0.12638168,1769642949766
1098,287834112,1769643482199,18:38:02.199,42.349734,-71.0779993,38.456,-32.060508968025346,0.12638168,1769642949766
1099,288096256,1769643482786,18:38:02.786,42.349734,-71.0779993,38.456,-32.060508968025346,0.12638168,1769642949766
1100,288358400,1769643483430,18:38:03.430,42.349734,-71.0779993,38.456,-32.060508968025346,0.12638168,1769642949766
1101,288620544,1769643484042,18:38:04.042,42.349734,-71.0779993,38.456,-32.060508968025346,0.12638168,1769642949766
1102,288882688,1769643484696,18:38:04.696,42.349734,-71.0779993,38.456,-32.060508968025346,0.12638168,1769642949766
1103,289144832,1769643485049,18:38:05.049,42.349734,-71.0779993,38.456,-32.060508968025346,0.12638168,1769642949766
1104,289406976,1769643485467,18:38:05.467,42.349734,-71.0779993,38.456,-32.060508968025346,0.12638168,1769642949766
1105,289669120,1769643486018,18:38:06.018,42.349734,-71.0779993,38.456,-32.060508968025346,0.12638168,1769642949766
1106,289931264,1769643486786,18:38:06.786,42.349734,-71.0779993,38.456,-32.060508968025346,0.12638168,1769642949766
1107,290193408,1769643487185,18:38:07.185,42.349734,-71.0779993,38.456,-32.060508968025346,0.12638168,1769642949766
1108,290455552,1769643487571,18:38:07.571,42.349734,-71.0779993,38.456,-32.060508968025346,0.12638168,1769642949766
1109,290717696,1769643487928,18:38:07.928,42.349734,-71.0779993,38.456,-32.060508968025346,0.12638168,1769642949766
1110,290979840,1769643488277,18:38:08.277,42.349734,-71.0779993,38.456,-32.060508968025346,0.12638168,1769642949766
1111,291241984,1769643488827,18:38:08.827,42.349734,-71.0779993,38.456,-32.060508968025346,0.12638168,1769642949766
1112,291504128,1769643489460,18:38:09.460,42.349734,-71.0779993,38.456,-32.060508968025346,0.12638168,1769642949766
1113,291766272,1769643489947,18:38:09.947,42.349734,-71.0779993,38.456,-32.060508968025346,0.12638168,1769642949766
1114,292028416,1769643490470,18:38:10.470,42.349734,-71.0779993,38.456,-32.060508968025346,0.12638168,1769642949766
1115,292290560,1769643490975,18:38:10.975,42.349734,-71.0779993,38.456,-32.060508968025346,0.12638168,1769642949766
1116,292552704,1769643491746,18:38:11.746,42.349734,-71.0779993,38.456,-32.060508968025346,0.12638168,1769642949766
1117,292814848,1769643492312,18:38:12.312,42.349734,-71.0779993,38.456,-32.060508968025346,0.12638168,1769642949766
1118,293076992,1769643492791,18:38:12.791,42.349734,-71.0779993,38.456,-32.060508968025346,0.12638168,1769642949766
1119,293339136,1769643493215,18:38:13.215,42.349734,-71.0779993,38.456,-32.060508968025346,0.12638168,1769642949766
1120,293601280,1769643493630,18:38:13.630,42.349734,-71.0779993,38.456,-32.060508968025346,0.12638168,1769642949766
1121,293863424,1769643493975,18:38:13.975,42.349734,-71.0779993,38.456,-32.060508968025346,0.12638168,1769642949766
1122,294125568,1769643494723,18:38:14.723,42.349734,-71.0779993,38.456,-32.060508968025346,0.12638168,1769642949766
1123,294387712,1769643495233,18:38:15.233,42.349734,-71.0779993,38.456,-32.060508968025346,0.12638168,1769642949766
1124,294649856,1769643495818,18:38:15.818,42.349734,-71.0779993,38.456,-32.060508968025346,0.12638168,1769642949766
1125,294912000,1769643496444,18:38:16.444,42.349734,-71.0779993,38.456,-32.060508968025346,0.12638168,1769642949766
1126,295174144,1769643496926,18:38:16.926,42.349734,-71.0779993,38.456,-32.060508968025346,0.12638168,1769642949766
1127,295436288,1769643497420,18:38:17.420,42.349734,-71.0779993,38.456,-32.060508968025346,0.12638168,1769642949766
1128,295698432,1769643497928,18:38:17.928,42.349734,-71.0779993,38.456,-32.060508968025346,0.12638168,1769642949766
1129,295960576,1769643498344,18:38:18.344,42.349734,-71.0779993,38.456,-32.060508968025346,0.12638168,1769642949766
1130,296222720,1769643498693,18:38:18.693,42.349734,-71.0779993,38.456,-32.060508968025346,0.12638168,1769642949766
1131,296484864,1769643499041,18:38:19.041,42.349734,-71.0779993,38.456,-32.060508968025346,0.12638168,1769642949766
1132,296747008,1769643499395,18:38:19.395,42.349734,-71.0779993,38.456,-32.060508968025346,0.12638168,1769642949766
1133,297009152,1769643499744,18:38:19.744,42.349734,-71.0779993,38.456,-32.060508968025346,0.12638168,1769642949766
1134,297271296,1769643500114,18:38:20.114,42.349734,-71.0779993,38.456,-32.060508968025346,0.12638168,1769642949766
1135,297533440,1769643500478,18:38:20.478,42.349734,-71.0779993,38.456,-32.060508968025346,0.12638168,1769642949766
1136,297795584,1769643500830,18:38:20.830,42.349734,-71.0779993,38.456,-32.060508968025346,0.12638168,1769642949766
1137,298057728,1769643501180,18:38:21.180,42.349734,-71.0779993,38.456,-32.060508968025346,0.12638168,1769642949766
1138,298319872,1769643501528,18:38:21.528,42.349734,-71.0779993,38.456,-32.060508968025346,0.12638168,1769642949766
1139,298582016,1769643501933,18:38:21.933,42.349734,-71.0779993,38.456,-32.060508968025346,0.12638168,1769642949766
1140,298844160,1769643502404,18:38:22.404,42.349734,-71.0779993,38.456,-32.060508968025346,0.12638168,1769642949766
1141,299106304,1769643502788,18:38:22.788,42.349734,-71.0779993,38.456,-32.060508968025346,0.12638168,1769642949766
1142,299368448,1769643503205,18:38:23.205,42.349734,-71.0779993,38.456,-32.060508968025346,0.12638168,1769642949766
1143,299630592,1769643503561,18:38:23.561,42.349734,-71.0779993,38.456,-32.060508968025346,0.12638168,1769642949766
1144,299892736,1769643504036,18:38:24.036,42.349734,-71.0779993,38.456,-32.060508968025346,0.12638168,1769642949766
1145,300154880,1769643504443,18:38:24.443,42.349734,-71.0779993,38.456,-32.060508968025346,0.12638168,1769642949766
1146,300417024,1769643504834,18:38:24.834,42.349734,-71.0779993,38.456,-32.060508968025346,0.12638168,1769642949766
1147,300679168,1769643505185,18:38:25.185,42.349734,-71.0779993,38.456,-32.060508968025346,0.12638168,1769642949766
1148,300941312,1769643505537,18:38:25.537,42.349734,-71.0779993,38.456,-32.060508968025346,0.12638168,1769642949766
1149,301203456,1769643505887,18:38:25.887,42.349734,-71.0779993,38.456,-32.060508968025346,0.12638168,1769642949766
1150,301465600,1769643506236,18:38:26.236,42.349734,-71.0779993,38.456,-32.060508968025346,0.12638168,1769642949766
1151,301727744,1769643506649,18:38:26.649,42.349734,-71.0779993,38.456,-32.060508968025346,0.12638168,1769642949766
1152,301989888,1769643507427,18:38:27.427,42.349734,-71.0779993,38.456,-32.060508968025346,0.12638168,1769642949766
1153,302252032,1769643507920,18:38:27.920,42.349734,-71.0779993,38.456,-32.060508968025346,0.12638168,1769642949766
1154,302514176,1769643508411,18:38:28.411,42.349734,-71.0779993,38.456,-32.060508968025346,0.12638168,1769642949766
1155,302776320,1769643509110,18:38:29.110,42.349734,-71.0779993,38.456,-32.060508968025346,0.12638168,1769642949766
1156,303038464,1769643509658,18:38:29.658,42.349734,-71.0779993,38.456,-32.060508968025346,0.12638168,1769642949766
1157,303300608,1769643510278,18:38:30.278,42.349734,-71.0779993,38.456,-32.060508968025346,0.12638168,1769642949766
1158,303562752,1769643510695,18:38:30.695,42.349734,-71.0779993,38.456,-32.060508968025346,0.12638168,1769642949766
1159,303824896,1769643511145,18:38:31.145,42.349734,-71.0779993,38.456,-32.060508968025346,0.12638168,1769642949766
1160,304087040,1769643511490,18:38:31.490,42.349734,-71.0779993,38.456,-32.060508968025346,0.12638168,1769642949766
1161,304349184,1769643511857,18:38:31.857,42.349734,-71.0779993,38.456,-32.060508968025346,0.12638168,1769642949766
1162,304611328,1769643512213,18:38:32.213,42.349734,-71.0779993,38.456,-32.060508968025346,0.12638168,1769642949766
1163,304873472,1769643512599,18:38:32.599,42.349734,-71.0779993,38.456,-32.060508968025346,0.12638168,1769642949766
1164,305135616,1769643513056,18:38:33.056,42.349734,-71.0779993,38.456,-32.060508968025346,0.12638168,1769642949766
1165,305397760,1769643513680,18:38:33.680,42.349734,-71.0779993,38.456,-32.060508968025346,0.12638168,1769642949766
1166,305659904,1769643514030,18:38:34.030,42.349734,-71.0779993,38.456,-32.060508968025346,0.12638168,1769642949766
1167,305922048,1769643514442,18:38:34.442,42.349734,-71.0779993,38.456,-32.060508968025346,0.12638168,1769642949766
1168,306184192,1769643514767,18:38:34.767,42.349734,-71.0779993,38.456,-32.060508968025346,0.12638168,1769642949766
1169,306446336,1769643515120,18:38:35.120,42.349734,-71.0779993,38.456,-32.060508968025346,0.12638168,1769642949766
1170,306708480,1769643515468,18:38:35.468,42.349734,-71.0779993,38.456,-32.060508968025346,0.12638168,1769642949766
1171,306970624,1769643515821,18:38:35.821,42.349734,-71.0779993,38.456,-32.060508968025346,0.12638168,1769642949766
1172,307232768,1769643516198,18:38:36.198,42.349734,-71.0779993,38.456,-32.060508968025346,0.12638168,1769642949766
1173,307494912,1769643516655,18:38:36.655,42.349734,-71.0779993,38.456,-32.060508968025346,0.12638168,1769642949766
1174,307757056,1769643517083,18:38:37.083,42.349734,-71.0779993,38.456,-32.060508968025346,0.12638168,1769642949766
1175,308019200,1769643517444,18:38:37.444,42.349734,-71.0779993,38.456,-32.060508968025346,0.12638168,1769642949766
1176,308281344,1769643517797,18:38:37.797,42.349734,-71.0779993,38.456,-32.060508968025346,0.12638168,1769642949766
1177,308543488,1769643518150,18:38:38.150,42.349734,-71.0779993,38.456,-32.060508968025346,0.12638168,1769642949766
1178,308805632,1769643518501,18:38:38.501,42.349734,-71.0779993,38.456,-32.060508968025346,0.12638168,1769642949766
1179,309067776,1769643518885,18:38:38.885,42.349734,-71.0779993,38.456,-32.060508968025346,0.12638168,1769642949766
1180,309329920,1769643519238,18:38:39.238,42.349734,-71.0779993,38.456,-32.060508968025346,0.12638168,1769642949766
1181,309592064,1769643519588,18:38:39.588,42.349734,-71.0779993,38.456,-32.060508968025346,0.12638168,1769642949766
1182,309854208,1769643520001,18:38:40.001,42.349734,-71.0779993,38.456,-32.060508968025346,0.12638168,1769642949766
1183,310116352,1769643520446,18:38:40.446,42.349734,-71.0779993,38.456,-32.060508968025346,0.12638168,1769642949766
1184,310378496,1769643520906,18:38:40.906,42.349734,-71.0779993,38.456,-32.060508968025346,0.12638168,1769642949766
1185,310640640,1769643521405,18:38:41.405,42.349734,-71.0779993,38.456,-32.060508968025346,0.12638168,1769642949766
1186,310902784,1769643521835,18:38:41.835,42.349734,-71.0779993,38.456,-32.060508968025346,0.12638168,1769642949766
1187,311164928,1769643522596,18:38:42.596,42.349734,-71.0779993,38.456,-32.060508968025346,0.12638168,1769642949766
1188,311427072,1769643523477,18:38:43.477,42.349734,-71.0779993,38.456,-32.060508968025346,0.12638168,1769642949766
1189,311689216,1769643524298,18:38:44.298,42.349734,-71.0779993,38.456,-32.060508968025346,0.12638168,1769642949766
1190,311951360,1769643525134,18:38:45.134,42.349734,-71.0779993,38.456,-32.060508968025346,0.12638168,1769642949766
1191,312213504,1769643525909,18:38:45.909,42.349734,-71.0779993,38.456,-32.060508968025346,0.12638168,1769642949766
1192,312475648,1769643526753,18:38:46.753,42.349734,-71.0779993,38.456,-32.060508968025346,0.12638168,1769642949766
1193,312737792,1769643527338,18:38:47.338,42.349734,-71.0779993,38.456,-32.060508968025346,0.12638168,1769642949766
1194,312999936,1769643527825,18:38:47.825,42.349734,-71.0779993,38.456,-32.060508968025346,0.12638168,1769642949766
1195,313262080,1769643528433,18:38:48.433,42.349734,-71.0779993,38.456,-32.060508968025346,0.12638168,1769642949766
1196,313524224,1769643529022,18:38:49.022,42.349734,-71.0779993,38.456,-32.060508968025346,0.12638168,1769642949766
1197,313786368,1769643529584,18:38:49.584,42.349734,-71.0779993,38.456,-32.060508968025346,0.12638168,1769642949766
1198,314048512,1769643530123,18:38:50.123,42.349734,-71.0779993,38.456,-32.060508968025346,0.12638168,1769642949766
1199,314310656,1769643530708,18:38:50.708,42.349734,-71.0779993,38.456,-32.060508968025346,0.12638168,1769642949766
1200,314572800,1769643531339,18:38:51.339,42.349734,-71.0779993,38.456,-32.060508968025346,0.12638168,1769642949766
1201,314834944,1769643531817,18:38:51.817,42.349734,-71.0779993,38.456,-32.060508968025346,0.12638168,1769642949766
1202,315097088,1769643532280,18:38:52.280,42.349734,-71.0779993,38.456,-32.060508968025346,0.12638168,1769642949766
1203,315359232,1769643532695,18:38:52.695,42.349734,-71.0779993,38.456,-32.060508968025346,0.12638168,1769642949766
1204,315621376,1769643533034,18:38:53.034,42.349734,-71.0779993,38.456,-32.060508968025346,0.12638168,1769642949766
1205,315883520,1769643533449,18:38:53.449,42.349734,-71.0779993,38.456,-32.060508968025346,0.12638168,1769642949766
1206,316145664,1769643533950,18:38:53.950,42.349734,-71.0779993,38.456,-32.060508968025346,0.12638168,1769642949766
1207,316407808,1769643534474,18:38:54.474,42.349734,-71.0779993,38.456,-32.060508968025346,0.12638168,1769642949766
1208,316669952,1769643535028,18:38:55.028,42.349734,-71.0779993,38.456,-32.060508968025346,0.12638168,1769642949766
1209,316932096,1769643535461,18:38:55.461,42.349734,-71.0779993,38.456,-32.060508968025346,0.12638168,1769642949766
1210,317194240,1769643535991,18:38:55.991,42.349734,-71.0779993,38.456,-32.060508968025346,0.12638168,1769642949766
1211,317456384,1769643536338,18:38:56.338,42.349734,-71.0779993,38.456,-32.060508968025346,0.12638168,1769642949766
1212,317718528,1769643536704,18:38:56.704,42.349734,-71.0779993,38.456,-32.060508968025346,0.12638168,1769642949766
1213,317980672,1769643537074,18:38:57.074,42.349734,-71.0779993,38.456,-32.060508968025346,0.12638168,1769642949766
1214,318242816,1769643537384,18:38:57.384,42.349734,-71.0779993,38.456,-32.060508968025346,0.12638168,1769642949766
1215,318504960,1769643537732,18:38:57.732,42.349734,-71.0779993,38.456,-32.060508968025346,0.12638168,1769642949766
1216,318767104,1769643538120,18:38:58.120,42.349734,-71.0779993,38.456,-32.060508968025346,0.12638168,1769642949766
1217,319029248,1769643538515,18:38:58.515,42.349734,-71.0779993,38.456,-32.060508968025346,0.12638168,1769642949766
1218,319291392,1769643538982,18:38:58.982,42.349734,-71.0779993,38.456,-32.060508968025346,0.12638168,1769642949766
1219,319553536,1769643539495,18:38:59.495,42.349734,-71.0779993,38.456,-32.060508968025346,0.12638168,1769642949766
1220,319815680,1769643539872,18:38:59.872,42.349734,-71.0779993,38.456,-32.060508968025346,0.12638168,1769642949766
1221,320077824,1769643540363,18:39:00.363,42.349734,-71.0779993,38.456,-32.060508968025346,0.12638168,1769642949766
1222,320339968,1769643540910,18:39:00.910,42.349734,-71.0779993,38.456,-32.060508968025346,0.12638168,1769642949766
1223,320602112,1769643541285,18:39:01.285,42.349734,-71.0779993,38.456,-32.060508968025346,0.12638168,1769642949766
1224,320864256,1769643541775,18:39:01.775,42.349734,-71.0779993,38.456,-32.060508968025346,0.12638168,1769642949766
1225,321126400,1769643542174,18:39:02.174,42.349734,-71.0779993,38.456,-32.060508968025346,0.12638168,1769642949766
1226,321388544,1769643542586,18:39:02.586,42.349734,-71.0779993,38.456,-32.060508968025346,0.12638168,1769642949766
1227,321650688,1769643542990,18:39:02.990,42.349734,-71.0779993,38.456,-32.060508968025346,0.12638168,1769642949766
1228,321912832,1769643543484,18:39:03.484,42.349734,-71.0779993,38.456,-32.060508968025346,0.12638168,1769642949766
1229,322174976,1769643543939,18:39:03.939,42.349734,-71.0779993,38.456,-32.060508968025346,0.12638168,1769642949766
1230,322437120,1769643544398,18:39:04.398,42.349734,-71.0779993,38.456,-32.060508968025346,0.12638168,1769642949766
1231,322699264,1769643544891,18:39:04.891,42.349734,-71.0779993,38.456,-32.060508968025346,0.12638168,1769642949766
1232,322961408,1769643545350,18:39:05.350,42.349734,-71.0779993,38.456,-32.060508968025346,0.12638168,1769642949766
1233,323223552,1769643545741,18:39:05.741,42.349734,-71.0779993,38.456,-32.060508968025346,0.12638168,1769642949766
1234,323485696,1769643546090,18:39:06.090,42.349734,-71.0779993,38.456,-32.060508968025346,0.12638168,1769642949766
1235,323747840,1769643546487,18:39:06.487,42.349734,-71.0779993,38.456,-32.060508968025346,0.12638168,1769642949766
1236,324009984,1769643547102,18:39:07.102,42.349734,-71.0779993,38.456,-32.060508968025346,0.12638168,1769642949766
1237,324272128,1769643547594,18:39:07.594,42.349734,-71.0779993,38.456,-32.060508968025346,0.12638168,1769642949766
1238,324534272,1769643548041,18:39:08.041,42.349734,-71.0779993,38.456,-32.060508968025346,0.12638168,1769642949766
1239,324796416,1769643548490,18:39:08.490,42.349734,-71.0779993,38.456,-32.060508968025346,0.12638168,1769642949766
1240,325058560,1769643548943,18:39:08.943,42.349734,-71.0779993,38.456,-32.060508968025346,0.12638168,1769642949766
1241,325320704,1769643549442,18:39:09.442,42.349734,-71.0779993,38.456,-32.060508968025346,0.12638168,1769642949766
1242,325582848,1769643549942,18:39:09.942,42.349734,-71.0779993,38.456,-32.060508968025346,0.12638168,1769642949766
1243,325844992,1769643550421,18:39:10.421,42.349734,-71.0779993,38.456,-32.060508968025346,0.12638168,1769642949766
1244,326107136,1769643550966,18:39:10.966,42.349734,-71.0779993,38.456,-32.060508968025346,0.12638168,1769642949766
1245,326369280,1769643551455,18:39:11.455,42.349734,-71.0779993,38.456,-32.060508968025346,0.12638168,1769642949766
1246,326631424,1769643551997,18:39:11.997,42.349734,-71.0779993,38.456,-32.060508968025346,0.12638168,1769642949766
1247,326893568,1769643552553,18:39:12.553,42.349734,-71.0779993,38.456,-32.060508968025346,0.12638168,1769642949766
1248,327155712,1769643553136,18:39:13.136,42.349734,-71.0779993,38.456,-32.060508968025346,0.12638168,1769642949766
1249,327417856,1769643553532,18:39:13.532,42.349734,-71.0779993,38.456,-32.060508968025346,0.12638168,1769642949766
1250,327680000,1769643554224,18:39:14.224,42.349734,-71.0779993,38.456,-32.060508968025346,0.12638168,1769642949766
1251,327942144,1769643554795,18:39:14.795,42.349734,-71.0779993,38.456,-32.060508968025346,0.12638168,1769642949766
1252,328204288,1769643555309,18:39:15.309,42.349734,-71.0779993,38.456,-32.060508968025346,0.12638168,1769642949766
1253,328466432,1769643555895,18:39:15.895,42.349734,-71.0779993,38.456,-32.060508968025346,0.12638168,1769642949766
1254,328728576,1769643556427,18:39:16.427,42.349734,-71.0779993,38.456,-32.060508968025346,0.12638168,1769642949766
1255,328990720,1769643556950,18:39:16.950,42.349734,-71.0779993,38.456,-32.060508968025346,0.12638168,1769642949766
1256,329252864,1769643557266,18:39:17.266,42.349734,-71.0779993,38.456,-32.060508968025346,0.12638168,1769642949766
1257,329515008,1769643557623,18:39:17.623,42.349734,-71.0779993,38.456,-32.060508968025346,0.12638168,1769642949766
1258,329777152,1769643558031,18:39:18.031,42.349734,-71.0779993,38.456,-32.060508968025346,0.12638168,1769642949766
1259,330039296,1769643558440,18:39:18.440,42.349734,-71.0779993,38.456,-32.060508968025346,0.12638168,1769642949766
1260,330301440,1769643558817,18:39:18.817,42.349734,-71.0779993,38.456,-32.060508968025346,0.12638168,1769642949766
1261,330563584,1769643559287,18:39:19.287,42.349734,-71.0779993,38.456,-32.060508968025346,0.12638168,1769642949766
1262,330825728,1769643559729,18:39:19.729,42.349734,-71.0779993,38.456,-32.060508968025346,0.12638168,1769642949766
1263,331087872,1769643560080,18:39:20.080,42.349734,-71.0779993,38.456,-32.060508968025346,0.12638168,1769642949766
1264,331350016,1769643560574,18:39:20.574,42.349734,-71.0779993,38.456,-32.060508968025346,0.12638168,1769642949766
1265,331612160,1769643560972,18:39:20.972,42.349734,-71.0779993,38.456,-32.060508968025346,0.12638168,1769642949766
1266,331874304,1769643561383,18:39:21.383,42.349734,-71.0779993,38.456,-32.060508968025346,0.12638168,1769642949766
1267,332136448,1769643561800,18:39:21.800,42.349734,-71.0779993,38.456,-32.060508968025346,0.12638168,1769642949766
1268,332398592,1769643562153,18:39:22.153,42.349734,-71.0779993,38.456,-32.060508968025346,0.12638168,1769642949766
1269,332660736,1769643562503,18:39:22.503,42.349734,-71.0779993,38.456,-32.060508968025346,0.12638168,1769642949766
1270,332922880,1769643562918,18:39:22.918,42.349734,-71.0779993,38.456,-32.060508968025346,0.12638168,1769642949766
1271,333185024,1769643563319,18:39:23.319,42.349734,-71.0779993,38.456,-32.060508968025346,0.12638168,1769642949766
1272,333447168,1769643563644,18:39:23.644,42.349734,-71.0779993,38.456,-32.060508968025346,0.12638168,1769642949766
1273,333709312,1769643563969,18:39:23.969,42.349734,-71.0779993,38.456,-32.060508968025346,0.12638168,1769642949766
1274,333971456,1769643564283,18:39:24.283,42.349734,-71.0779993,38.456,-32.060508968025346,0.12638168,1769642949766
1275,334233600,1769643564663,18:39:24.663,42.349734,-71.0779993,38.456,-32.060508968025346,0.12638168,1769642949766
1276,334495744,1769643565035,18:39:25.035,42.349734,-71.0779993,38.456,-32.060508968025346,0.12638168,1769642949766
1277,334757888,1769643565364,18:39:25.364,42.349734,-71.0779993,38.456,-32.060508968025346,0.12638168,1769642949766
1278,335020032,1769643565717,18:39:25.717,42.349734,-71.0779993,38.456,-32.060508968025346,0.12638168,1769642949766
1279,335282176,1769643566066,18:39:26.066,42.349734,-71.0779993,38.456,-32.060508968025346,0.12638168,1769642949766
1280,335544320,1769643566415,18:39:26.415,42.349734,-71.0779993,38.456,-32.060508968025346,0.12638168,1769642949766
1281,335806464,1769643566775,18:39:26.775,42.349734,-71.0779993,38.456,-32.060508968025346,0.12638168,1769642949766
1282,336068608,1769643567154,18:39:27.154,42.349734,-71.0779993,38.456,-32.060508968025346,0.12638168,1769642949766
1283,336330752,1769643567503,18:39:27.503,42.349734,-71.0779993,38.456,-32.060508968025346,0.12638168,1769642949766
1284,336592896,1769643567850,18:39:27.850,42.349734,-71.0779993,38.456,-32.060508968025346,0.12638168,1769642949766
1285,336855040,1769643568200,18:39:28.200,42.349734,-71.0779993,38.456,-32.060508968025346,0.12638168,1769642949766
1286,337117184,1769643568648,18:39:28.648,42.349734,-71.0779993,38.456,-32.060508968025346,0.12638168,1769642949766
1287,337379328,1769643569052,18:39:29.052,42.349734,-71.0779993,38.456,-32.060508968025346,0.12638168,1769642949766
1288,337641472,1769643569592,18:39:29.592,42.349734,-71.0779993,38.456,-32.060508968025346,0.12638168,1769642949766
1289,337903616,1769643569949,18:39:29.949,42.349734,-71.0779993,38.456,-32.060508968025346,0.12638168,1769642949766
1290,338165760,1769643570313,18:39:30.313,42.349734,-71.0779993,38.456,-32.060508968025346,0.12638168,1769642949766
1291,338427904,1769643570805,18:39:30.805,42.349734,-71.0779993,38.456,-32.060508968025346,0.12638168,1769642949766
1292,338690048,1769643571172,18:39:31.172,42.349734,-71.0779993,38.456,-32.060508968025346,0.12638168,1769642949766
1293,338952192,1769643571596,18:39:31.596,42.349734,-71.0779993,38.456,-32.060508968025346,0.12638168,1769642949766
1294,339214336,1769643572038,18:39:32.038,42.349734,-71.0779993,38.456,-32.060508968025346,0.12638168,1769642949766
1295,339476480,1769643572654,18:39:32.654,42.349734,-71.0779993,38.456,-32.060508968025346,0.12638168,1769642949766
1296,339738624,1769643573037,18:39:33.037,42.349734,-71.0779993,38.456,-32.060508968025346,0.12638168,1769642949766
1297,340000768,1769643573524,18:39:33.524,42.349734,-71.0779993,38.456,-32.060508968025346,0.12638168,1769642949766
1298,340262912,1769643573920,18:39:33.920,42.349734,-71.0779993,38.456,-32.060508968025346,0.12638168,1769642949766
1299,340525056,1769643574524,18:39:34.524,42.349734,-71.0779993,38.456,-32.060508968025346,0.12638168,1769642949766
1300,340787200,1769643574939,18:39:34.939,42.349734,-71.0779993,38.456,-32.060508968025346,0.12638168,1769642949766
1301,341049344,1769643575270,18:39:35.270,42.349734,-71.0779993,38.456,-32.060508968025346,0.12638168,1769642949766
1302,341311488,1769643575609,18:39:35.609,42.349734,-71.0779993,38.456,-32.060508968025346,0.12638168,1769642949766
1303,341573632,1769643575965,18:39:35.965,42.349734,-71.0779993,38.456,-32.060508968025346,0.12638168,1769642949766
1304,341835776,1769643576316,18:39:36.316,42.349734,-71.0779993,38.456,-32.060508968025346,0.12638168,1769642949766
1305,342097920,1769643576663,18:39:36.663,42.349734,-71.0779993,38.456,-32.060508968025346,0.12638168,1769642949766
1306,342360064,1769643577077,18:39:37.077,42.349734,-71.0779993,38.456,-32.060508968025346,0.12638168,1769642949766
1307,342622208,1769643577457,18:39:37.457,42.349734,-71.0779993,38.456,-32.060508968025346,0.12638168,1769642949766
1308,342884352,1769643577768,18:39:37.768,42.349734,-71.0779993,38.456,-32.060508968025346,0.12638168,1769642949766
1309,343146496,1769643578084,18:39:38.084,42.349734,-71.0779993,38.456,-32.060508968025346,0.12638168,1769642949766
1310,343408640,1769643578423,18:39:38.423,42.349734,-71.0779993,38.456,-32.060508968025346,0.12638168,1769642949766
1311,343670784,1769643578963,18:39:38.963,42.349734,-71.0779993,38.456,-32.060508968025346,0.12638168,1769642949766
1312,343932928,1769643579467,18:39:39.467,42.349734,-71.0779993,38.456,-32.060508968025346,0.12638168,1769642949766
1313,344195072,1769643579957,18:39:39.957,42.349734,-71.0779993,38.456,-32.060508968025346,0.12638168,1769642949766
1314,344457216,1769643580336,18:39:40.336,42.349734,-71.0779993,38.456,-32.060508968025346,0.12638168,1769642949766
1315,344719360,1769643580854,18:39:40.854,42.349734,-71.0779993,38.456,-32.060508968025346,0.12638168,1769642949766
1316,344981504,1769643581249,18:39:41.249,42.349734,-71.0779993,38.456,-32.060508968025346,0.12638168,1769642949766
1317,345243648,1769643581744,18:39:41.744,42.349734,-71.0779993,38.456,-32.060508968025346,0.12638168,1769642949766
1318,345505792,1769643582243,18:39:42.243,42.349734,-71.0779993,38.456,-32.060508968025346,0.12638168,1769642949766
1319,345767936,1769643582812,18:39:42.812,42.349734,-71.0779993,38.456,-32.060508968025346,0.12638168,1769642949766
1320,346030080,1769643583311,18:39:43.311,42.349734,-71.0779993,38.456,-32.060508968025346,0.12638168,1769642949766
1321,346292224,1769643583799,18:39:43.799,42.349734,-71.0779993,38.456,-32.060508968025346,0.12638168,1769642949766
1322,346554368,1769643584218,18:39:44.218,42.349734,-71.0779993,38.456,-32.060508968025346,0.12638168,1769642949766
1323,346816512,1769643584623,18:39:44.623,42.349734,-71.0779993,38.456,-32.060508968025346,0.12638168,1769642949766
1324,347078656,1769643585072,18:39:45.072,42.349734,-71.0779993,38.456,-32.060508968025346,0.12638168,1769642949766
1325,347340800,1769643585581,18:39:45.581,42.349734,-71.0779993,38.456,-32.060508968025346,0.12638168,1769642949766
1326,347602944,1769643586013,18:39:46.013,42.349734,-71.0779993,38.456,-32.060508968025346,0.12638168,1769642949766
1327,347865088,1769643586430,18:39:46.430,42.349734,-71.0779993,38.456,-32.060508968025346,0.12638168,1769642949766
1328,348127232,1769643586834,18:39:46.834,42.349734,-71.0779993,38.456,-32.060508968025346,0.12638168,1769642949766
1329,348389376,1769643587151,18:39:47.151,42.349734,-71.0779993,38.456,-32.060508968025346,0.12638168,1769642949766
1330,348651520,1769643587469,18:39:47.469,42.349734,-71.0779993,38.456,-32.060508968025346,0.12638168,1769642949766
1331,348913664,1769643587820,18:39:47.820,42.349734,-71.0779993,38.456,-32.060508968025346,0.12638168,1769642949766
1332,349175808,1769643588303,18:39:48.303,42.349734,-71.0779993,38.456,-32.060508968025346,0.12638168,1769642949766
1333,349437952,1769643588897,18:39:48.897,42.349734,-71.0779993,38.456,-32.060508968025346,0.12638168,1769642949766
1334,349700096,1769643589352,18:39:49.352,42.349734,-71.0779993,38.456,-32.060508968025346,0.12638168,1769642949766
1335,349962240,1769643589823,18:39:49.823,42.349734,-71.0779993,38.456,-32.060508968025346,0.12638168,1769642949766
1336,350224384,1769643590319,18:39:50.319,42.349734,-71.0779993,38.456,-32.060508968025346,0.12638168,1769642949766
1337,350486528,1769643590716,18:39:50.716,42.349734,-71.0779993,38.456,-32.060508968025346,0.12638168,1769642949766
1338,350748672,1769643591073,18:39:51.073,42.349734,-71.0779993,38.456,-32.060508968025346,0.12638168,1769642949766
1339,351010816,1769643591420,18:39:51.420,42.349734,-71.0779993,38.456,-32.060508968025346,0.12638168,1769642949766
1340,351272960,1769643591770,18:39:51.770,42.349734,-71.0779993,38.456,-32.060508968025346,0.12638168,1769642949766
1341,351535104,1769643592111,18:39:52.111,42.349734,-71.0779993,38.456,-32.060508968025346,0.12638168,1769642949766
1342,351797248,1769643592446,18:39:52.446,42.349734,-71.0779993,38.456,-32.060508968025346,0.12638168,1769642949766
1343,352059392,1769643592840,18:39:52.840,42.349734,-71.0779993,38.456,-32.060508968025346,0.12638168,1769642949766
1344,352321536,1769643593175,18:39:53.175,42.349734,-71.0779993,38.456,-32.060508968025346,0.12638168,1769642949766
1345,352583680,1769643593525,18:39:53.525,42.349734,-71.0779993,38.456,-32.060508968025346,0.12638168,1769642949766
1346,352845824,1769643593875,18:39:53.875,42.349734,-71.0779993,38.456,-32.060508968025346,0.12638168,1769642949766
1347,353107968,1769643594229,18:39:54.229,42.349734,-71.0779993,38.456,-32.060508968025346,0.12638168,1769642949766
1348,353370112,1769643594577,18:39:54.577,42.349734,-71.0779993,38.456,-32.060508968025346,0.12638168,1769642949766
1349,353632256,1769643594941,18:39:54.941,42.349734,-71.0779993,38.456,-32.060508968025346,0.12638168,1769642949766
1350,353894400,1769643595356,18:39:55.356,42.349734,-71.0779993,38.456,-32.060508968025346,0.12638168,1769642949766
1351,354156544,1769643595839,18:39:55.839,42.349734,-71.0779993,38.456,-32.060508968025346,0.12638168,1769642949766
1352,354418688,1769643596191,18:39:56.191,42.349734,-71.0779993,38.456,-32.060508968025346,0.12638168,1769642949766
1353,354680832,1769643596695,18:39:56.695,42.349734,-71.0779993,38.456,-32.060508968025346,0.12638168,1769642949766
1354,354942976,1769643597116,18:39:57.116,42.349734,-71.0779993,38.456,-32.060508968025346,0.12638168,1769642949766
1355,355205120,1769643597475,18:39:57.475,42.349734,-71.0779993,38.456,-32.060508968025346,0.12638168,1769642949766
1356,355467264,1769643597997,18:39:57.997,42.349734,-71.0779993,38.456,-32.060508968025346,0.12638168,1769642949766
1357,355729408,1769643598349,18:39:58.349,42.349734,-71.0779993,38.456,-32.060508968025346,0.12638168,1769642949766
1358,355991552,1769643598695,18:39:58.695,42.349734,-71.0779993,38.456,-32.060508968025346,0.12638168,1769642949766
1359,356253696,1769643599113,18:39:59.113,42.349734,-71.0779993,38.456,-32.060508968025346,0.12638168,1769642949766
1360,356515840,1769643599763,18:39:59.763,42.349734,-71.0779993,38.456,-32.060508968025346,0.12638168,1769642949766
1361,356777984,1769643600093,18:40:00.093,42.349734,-71.0779993,38.456,-32.060508968025346,0.12638168,1769642949766
1362,357040128,1769643600720,18:40:00.720,42.349734,-71.0779993,38.456,-32.060508968025346,0.12638168,1769642949766
1363,357302272,1769643601326,18:40:01.326,42.349734,-71.0779993,38.456,-32.060508968025346,0.12638168,1769642949766
1364,357564416,1769643601864,18:40:01.864,42.349734,-71.0779993,38.456,-32.060508968025346,0.12638168,1769642949766
1365,357826560,1769643602193,18:40:02.193,42.349734,-71.0779993,38.456,-32.060508968025346,0.12638168,1769642949766
1366,358088704,1769643602545,18:40:02.545,42.349734,-71.0779993,38.456,-32.060508968025346,0.12638168,1769642949766
1367,358350848,1769643602894,18:40:02.894,42.349734,-71.0779993,38.456,-32.060508968025346,0.12638168,1769642949766
1368,358612992,1769643603249,18:40:03.249,42.349734,-71.0779993,38.456,-32.060508968025346,0.12638168,1769642949766
1369,358875136,1769643603596,18:40:03.596,42.349734,-71.0779993,38.456,-32.060508968025346,0.12638168,1769642949766
1370,359137280,1769643604116,18:40:04.116,42.349734,-71.0779993,38.456,-32.060508968025346,0.12638168,1769642949766
1371,359399424,1769643604452,18:40:04.452,42.349734,-71.0779993,38.456,-32.060508968025346,0.12638168,1769642949766
1372,359661568,1769643604809,18:40:04.809,42.349734,-71.0779993,38.456,-32.060508968025346,0.12638168,1769642949766
1373,359923712,1769643605165,18:40:05.165,42.349734,-71.0779993,38.456,-32.060508968025346,0.12638168,1769642949766
1374,360185856,1769643605540,18:40:05.540,42.349734,-71.0779993,38.456,-32.060508968025346,0.12638168,1769642949766
1375,360448000,1769643606024,18:40:06.024,42.349734,-71.0779993,38.456,-32.060508968025346,0.12638168,1769642949766
1376,360710144,1769643607117,18:40:07.117,42.349734,-71.0779993,38.456,-32.060508968025346,0.12638168,1769642949766
1377,360972288,1769643608374,18:40:08.374,42.349734,-71.0779993,38.456,-32.060508968025346,0.12638168,1769642949766
1378,361234432,1769643608928,18:40:08.928,42.349734,-71.0779993,38.456,-32.060508968025346,0.12638168,1769642949766
1379,361496576,1769643609331,18:40:09.331,42.349734,-71.0779993,38.456,-32.060508968025346,0.12638168,1769642949766
1380,361758720,1769643611011,18:40:11.011,42.349734,-71.0779993,38.456,-32.060508968025346,0.12638168,1769642949766
1381,362020864,1769643611769,18:40:11.769,42.349734,-71.0779993,38.456,-32.060508968025346,0.12638168,1769642949766
1382,362283008,1769643615890,18:40:15.890,42.349734,-71.0779993,38.456,-32.060508968025346,0.12638168,1769642949766
1383,362545152,1769643617766,18:40:17.766,42.349734,-71.0779993,38.456,-32.060508968025346,0.12638168,1769642949766
1384,362807296,1769643618271,18:40:18.271,42.349734,-71.0779993,38.456,-32.060508968025346,0.12638168,1769642949766
1385,363069440,1769643619787,18:40:19.787,42.349734,-71.0779993,38.456,-32.060508968025346,0.12638168,1769642949766
1386,363331584,1769643620210,18:40:20.210,42.349734,-71.0779993,38.456,-32.060508968025346,0.12638168,1769642949766
1387,363593728,1769643620697,18:40:20.697,42.349734,-71.0779993,38.456,-32.060508968025346,0.12638168,1769642949766
1388,363855872,1769643621635,18:40:21.635,42.349734,-71.0779993,38.456,-32.060508968025346,0.12638168,1769642949766
1389,364118016,1769643622564,18:40:22.564,42.349734,-71.0779993,38.456,-32.060508968025346,0.12638168,1769642949766
1390,364380160,1769643622988,18:40:22.988,42.349734,-71.0779993,38.456,-32.060508968025346,0.12638168,1769642949766
1391,364642304,1769643623375,18:40:23.375,42.349734,-71.0779993,38.456,-32.060508968025346,0.12638168,1769642949766
1392,364904448,1769643623695,18:40:23.695,42.349734,-71.0779993,38.456,-32.060508968025346,0.12638168,1769642949766
1393,365166592,1769643624062,18:40:24.062,42.349734,-71.0779993,38.456,-32.060508968025346,0.12638168,1769642949766
1394,365428736,1769643624408,18:40:24.408,42.349734,-71.0779993,38.456,-32.060508968025346,0.12638168,1769642949766
1395,365690880,1769643624762,18:40:24.762,42.349734,-71.0779993,38.456,-32.060508968025346,0.12638168,1769642949766
1396,365953024,1769643625129,18:40:25.129,42.349734,-71.0779993,38.456,-32.060508968025346,0.12638168,1769642949766
1397,366215168,1769643625477,18:40:25.477,42.349734,-71.0779993,38.456,-32.060508968025346,0.12638168,1769642949766
1398,366477312,1769643625830,18:40:25.830,42.349734,-71.0779993,38.456,-32.060508968025346,0.12638168,1769642949766
1399,366739456,1769643626184,18:40:26.184,42.349734,-71.0779993,38.456,-32.060508968025346,0.12638168,1769642949766
1400,367001600,1769643626531,18:40:26.531,42.349734,-71.0779993,38.456,-32.060508968025346,0.12638168,1769642949766
1401,367263744,1769643626917,18:40:26.917,42.349734,-71.0779993,38.456,-32.060508968025346,0.12638168,1769642949766
1402,367525888,1769643627274,18:40:27.274,42.349734,-71.0779993,38.456,-32.060508968025346,0.12638168,1769642949766
1403,367788032,1769643627604,18:40:27.604,42.349734,-71.0779993,38.456,-32.060508968025346,0.12638168,1769642949766
1404,368050176,1769643627915,18:40:27.915,42.349734,-71.0779993,38.456,-32.060508968025346,0.12638168,1769642949766
1405,368312320,1769643628236,18:40:28.236,42.349734,-71.0779993,38.456,-32.060508968025346,0.12638168,1769642949766
1406,368574464,1769643628587,18:40:28.587,42.349734,-71.0779993,38.456,-32.060508968025346,0.12638168,1769642949766
1407,368836608,1769643628943,18:40:28.943,42.349734,-71.0779993,38.456,-32.060508968025346,0.12638168,1769642949766
1408,369098752,1769643629338,18:40:29.338,42.349734,-71.0779993,38.456,-32.060508968025346,0.12638168,1769642949766
1409,369360896,1769643629803,18:40:29.803,42.349734,-71.0779993,38.456,-32.060508968025346,0.12638168,1769642949766
1410,369623040,1769643630227,18:40:30.227,42.349734,-71.0779993,38.456,-32.060508968025346,0.12638168,1769642949766
1411,369885184,1769643630717,18:40:30.717,42.349734,-71.0779993,38.456,-32.060508968025346,0.12638168,1769642949766
1412,370147328,1769643631191,18:40:31.191,42.349734,-71.0779993,38.456,-32.060508968025346,0.12638168,1769642949766
1413,370409472,1769643631705,18:40:31.705,42.349734,-71.0779993,38.456,-32.060508968025346,0.12638168,1769642949766
1414,370671616,1769643632194,18:40:32.194,42.349734,-71.0779993,38.456,-32.060508968025346,0.12638168,1769642949766
1415,370933760,1769643632574,18:40:32.574,42.349734,-71.0779993,38.456,-32.060508968025346,0.12638168,1769642949766
1416,371195904,1769643632963,18:40:32.963,42.349734,-71.0779993,38.456,-32.060508968025346,0.12638168,1769642949766
1417,371458048,1769643633316,18:40:33.316,42.349734,-71.0779993,38.456,-32.060508968025346,0.12638168,1769642949766
1418,371720192,1769643633668,18:40:33.668,42.349734,-71.0779993,38.456,-32.060508968025346,0.12638168,1769642949766
1419,371982336,1769643634016,18:40:34.016,42.349734,-71.0779993,38.456,-32.060508968025346,0.12638168,1769642949766
1420,372244480,1769643634368,18:40:34.368,42.349734,-71.0779993,38.456,-32.060508968025346,0.12638168,1769642949766
1421,372506624,1769643634843,18:40:34.843,42.349734,-71.0779993,38.456,-32.060508968025346,0.12638168,1769642949766
1422,372768768,1769643635311,18:40:35.311,42.349734,-71.0779993,38.456,-32.060508968025346,0.12638168,1769642949766
1423,373030912,1769643635687,18:40:35.687,42.349734,-71.0779993,38.456,-32.060508968025346,0.12638168,1769642949766
1424,373293056,1769643636110,18:40:36.110,42.349734,-71.0779993,38.456,-32.060508968025346,0.12638168,1769642949766
1425,373555200,1769643636461,18:40:36.461,42.349734,-71.0779993,38.456,-32.060508968025346,0.12638168,1769642949766
1426,373817344,1769643636869,18:40:36.869,42.349734,-71.0779993,38.456,-32.060508968025346,0.12638168,1769642949766
1427,374079488,1769643637205,18:40:37.205,42.349734,-71.0779993,38.456,-32.060508968025346,0.12638168,1769642949766
1428,374341632,1769643637681,18:40:37.681,42.349734,-71.0779993,38.456,-32.060508968025346,0.12638168,1769642949766
1429,374603776,1769643638058,18:40:38.058,42.349734,-71.0779993,38.456,-32.060508968025346,0.12638168,1769642949766
1430,374865920,1769643638539,18:40:38.539,42.349734,-71.0779993,38.456,-32.060508968025346,0.12638168,1769642949766
1431,375128064,1769643639069,18:40:39.069,42.349734,-71.0779993,38.456,-32.060508968025346,0.12638168,1769642949766
1432,375390208,1769643639769,18:40:39.769,42.349734,-71.0779993,38.456,-32.060508968025346,0.12638168,1769642949766
1433,375652352,1769643640733,18:40:40.733,42.349734,-71.0779993,38.456,-32.060508968025346,0.12638168,1769642949766
1434,375914496,1769643641275,18:40:41.275,42.349734,-71.0779993,38.456,-32.060508968025346,0.12638168,1769642949766
1435,376176640,1769643641840,18:40:41.840,42.349734,-71.0779993,38.456,-32.060508968025346,0.12638168,1769642949766
1436,376438784,1769643643165,18:40:43.165,42.349734,-71.0779993,38.456,-32.060508968025346,0.12638168,1769642949766
1437,376700928,1769643643767,18:40:43.767,42.349734,-71.0779993,38.456,-32.060508968025346,0.12638168,1769642949766
1438,376963072,1769643644842,18:40:44.842,42.349734,-71.0779993,38.456,-32.060508968025346,0.12638168,1769642949766
1439,377225216,1769643645655,18:40:45.655,42.349734,-71.0779993,38.456,-32.060508968025346,0.12638168,1769642949766
1440,377487360,1769643647156,18:40:47.156,42.349734,-71.0779993,38.456,-32.060508968025346,0.12638168,1769642949766
1441,377749504,1769643648632,18:40:48.632,42.349734,-71.0779993,38.456,-32.060508968025346,0.12638168,1769642949766
1442,378011648,1769643650050,18:40:50.050,42.349734,-71.0779993,38.456,-32.060508968025346,0.12638168,1769642949766
1443,378273792,1769643652599,18:40:52.599,42.349734,-71.0779993,38.456,-32.060508968025346,0.12638168,1769642949766
1444,378535936,1769643653796,18:40:53.796,42.349734,-71.0779993,38.456,-32.060508968025346,0.12638168,1769642949766
1445,378798080,1769643654556,18:40:54.556,42.349734,-71.0779993,38.456,-32.060508968025346,0.12638168,1769642949766
1446,379060224,1769643655414,18:40:55.414,42.349734,-71.0779993,38.456,-32.060508968025346,0.12638168,1769642949766
1447,379322368,1769643656032,18:40:56.032,42.349734,-71.0779993,38.456,-32.060508968025346,0.12638168,1769642949766
1448,379584512,1769643656735,18:40:56.735,42.349734,-71.0779993,38.456,-32.060508968025346,0.12638168,1769642949766
1449,379846656,1769643657307,18:40:57.307,42.349734,-71.0779993,38.456,-32.060508968025346,0.12638168,1769642949766
1450,380108800,1769643657954,18:40:57.954,42.349734,-71.0779993,38.456,-32.060508968025346,0.12638168,1769642949766
1451,380370944,1769643658781,18:40:58.781,42.349734,-71.0779993,38.456,-32.060508968025346,0.12638168,1769642949766
1452,380633088,1769643659455,18:40:59.455,42.349734,-71.0779993,38.456,-32.060508968025346,0.12638168,1769642949766
1453,380895232,1769643660100,18:41:00.100,42.349734,-71.0779993,38.456,-32.060508968025346,0.12638168,1769642949766
1454,381157376,1769643660692,18:41:00.692,42.349734,-71.0779993,38.456,-32.060508968025346,0.12638168,1769642949766
1455,381419520,1769643661210,18:41:01.210,42.349734,-71.0779993,38.456,-32.060508968025346,0.12638168,1769642949766
1456,381681664,1769643661770,18:41:01.770,42.349734,-71.0779993,38.456,-32.060508968025346,0.12638168,1769642949766
1457,381943808,1769643662116,18:41:02.116,42.349734,-71.0779993,38.456,-32.060508968025346,0.12638168,1769642949766
1458,382205952,1769643662558,18:41:02.558,42.349734,-71.0779993,38.456,-32.060508968025346,0.12638168,1769642949766
1459,382468096,1769643663095,18:41:03.095,42.349734,-71.0779993,38.456,-32.060508968025346,0.12638168,1769642949766
1460,382730240,1769643663603,18:41:03.603,42.349734,-71.0779993,38.456,-32.060508968025346,0.12638168,1769642949766
1461,382992384,1769643664139,18:41:04.139,42.349734,-71.0779993,38.456,-32.060508968025346,0.12638168,1769642949766
1462,383254528,1769643664686,18:41:04.686,42.349734,-71.0779993,38.456,-32.060508968025346,0.12638168,1769642949766
1463,383516672,1769643665208,18:41:05.208,42.349734,-71.0779993,38.456,-32.060508968025346,0.12638168,1769642949766
1464,383778816,1769643665726,18:41:05.726,42.349734,-71.0779993,38.456,-32.060508968025346,0.12638168,1769642949766
1465,384040960,1769643666279,18:41:06.279,42.349734,-71.0779993,38.456,-32.060508968025346,0.12638168,1769642949766
1466,384303104,1769643666860,18:41:06.860,42.349734,-71.0779993,38.456,-32.060508968025346,0.12638168,1769642949766
1467,384565248,1769643667339,18:41:07.339,42.349734,-71.0779993,38.456,-32.060508968025346,0.12638168,1769642949766
1468,384827392,1769643667881,18:41:07.881,42.349734,-71.0779993,38.456,-32.060508968025346,0.12638168,1769642949766
1469,385089536,1769643668393,18:41:08.393,42.349734,-71.0779993,38.456,-32.060508968025346,0.12638168,1769642949766
1470,385351680,1769643668945,18:41:08.945,42.349734,-71.0779993,38.456,-32.060508968025346,0.12638168,1769642949766
1471,385613824,1769643669426,18:41:09.426,42.349734,-71.0779993,38.456,-32.060508968025346,0.12638168,1769642949766
1472,385875968,1769643669983,18:41:09.983,42.349734,-71.0779993,38.456,-32.060508968025346,0.12638168,1769642949766
1473,386138112,1769643670513,18:41:10.513,42.349734,-71.0779993,38.456,-32.060508968025346,0.12638168,1769642949766
1474,386400256,1769643670980,18:41:10.980,42.349734,-71.0779993,38.456,-32.060508968025346,0.12638168,1769642949766
1475,386662400,1769643671460,18:41:11.460,42.349734,-71.0779993,38.456,-32.060508968025346,0.12638168,1769642949766
1476,386924544,1769643671981,18:41:11.981,42.349734,-71.0779993,38.456,-32.060508968025346,0.12638168,1769642949766
1477,387186688,1769643672452,18:41:12.452,42.349734,-71.0779993,38.456,-32.060508968025346,0.12638168,1769642949766
1478,387448832,1769643672803,18:41:12.803,42.349734,-71.0779993,38.456,-32.060508968025346,0.12638168,1769642949766
1479,387710976,1769643673154,18:41:13.154,42.349734,-71.0779993,38.456,-32.060508968025346,0.12638168,1769642949766
1480,387973120,1769643673515,18:41:13.515,42.349734,-71.0779993,38.456,-32.060508968025346,0.12638168,1769642949766
1481,388235264,1769643673936,18:41:13.936,42.349734,-71.0779993,38.456,-32.060508968025346,0.12638168,1769642949766
1482,388497408,1769643674400,18:41:14.400,42.349734,-71.0779993,38.456,-32.060508968025346,0.12638168,1769642949766
1483,388759552,1769643674746,18:41:14.746,42.349734,-71.0779993,38.456,-32.060508968025346,0.12638168,1769642949766
1484,389021696,1769643675169,18:41:15.169,42.349734,-71.0779993,38.456,-32.060508968025346,0.12638168,1769642949766
1485,389283840,1769643675566,18:41:15.566,42.349734,-71.0779993,38.456,-32.060508968025346,0.12638168,1769642949766
1486,389545984,1769643675941,18:41:15.941,42.349734,-71.0779993,38.456,-32.060508968025346,0.12638168,1769642949766
1487,389808128,1769643676322,18:41:16.322,42.349734,-71.0779993,38.456,-32.060508968025346,0.12638168,1769642949766
1488,390070272,1769643676655,18:41:16.655,42.349734,-71.0779993,38.456,-32.060508968025346,0.12638168,1769642949766
1489,390332416,1769643677165,18:41:17.165,42.349734,-71.0779993,38.456,-32.060508968025346,0.12638168,1769642949766
1490,390594560,1769643677802,18:41:17.802,42.349734,-71.0779993,38.456,-32.060508968025346,0.12638168,1769642949766
1491,390856704,1769643678347,18:41:18.347,42.349734,-71.0779993,38.456,-32.060508968025346,0.12638168,1769642949766
1492,391118848,1769643678884,18:41:18.884,42.349734,-71.0779993,38.456,-32.060508968025346,0.12638168,1769642949766
1493,391380992,1769643679433,18:41:19.433,42.349734,-71.0779993,38.456,-32.060508968025346,0.12638168,1769642949766
1494,391643136,1769643680429,18:41:20.429,42.349734,-71.0779993,38.456,-32.060508968025346,0.12638168,1769642949766
1495,391905280,1769643680969,18:41:20.969,42.349734,-71.0779993,38.456,-32.060508968025346,0.12638168,1769642949766
1496,392167424,1769643681719,18:41:21.719,42.349734,-71.0779993,38.456,-32.060508968025346,0.12638168,1769642949766
1497,392429568,1769643682368,18:41:22.368,42.349734,-71.0779993,38.456,-32.060508968025346,0.12638168,1769642949766
1498,392691712,1769643682987,18:41:22.987,42.349734,-71.0779993,38.456,-32.060508968025346,0.12638168,1769642949766
1499,392953856,1769643683481,18:41:23.481,42.349734,-71.0779993,38.456,-32.060508968025346,0.12638168,1769642949766
1500,393216000,1769643684191,18:41:24.191,42.349734,-71.0779993,38.456,-32.060508968025346,0.12638168,1769642949766
1501,393478144,1769643684979,18:41:24.979,42.349734,-71.0779993,38.456,-32.060508968025346,0.12638168,1769642949766
1502,393740288,1769643685691,18:41:25.691,42.349734,-71.0779993,38.456,-32.060508968025346,0.12638168,1769642949766
1503,394002432,1769643686209,18:41:26.209,42.349734,-71.0779993,38.456,-32.060508968025346,0.12638168,1769642949766
1504,394264576,1769643686858,18:41:26.858,42.349734,-71.0779993,38.456,-32.060508968025346,0.12638168,1769642949766
1505,394526720,1769643687351,18:41:27.351,42.349734,-71.0779993,38.456,-32.060508968025346,0.12638168,1769642949766
1506,394788864,1769643687685,18:41:27.685,42.349734,-71.0779993,38.456,-32.060508968025346,0.12638168,1769642949766
1507,395051008,1769643688094,18:41:28.094,42.349734,-71.0779993,38.456,-32.060508968025346,0.12638168,1769642949766
1508,395313152,1769643688451,18:41:28.451,42.349734,-71.0779993,38.456,-32.060508968025346,0.12638168,1769642949766
1509,395575296,1769643688799,18:41:28.799,42.349734,-71.0779993,38.456,-32.060508968025346,0.12638168,1769642949766
1510,395837440,1769643689148,18:41:29.148,42.349734,-71.0779993,38.456,-32.060508968025346,0.12638168,1769642949766
1511,396099584,1769643689538,18:41:29.538,42.349734,-71.0779993,38.456,-32.060508968025346,0.12638168,1769642949766
1512,396361728,1769643689912,18:41:29.912,42.349734,-71.0779993,38.456,-32.060508968025346,0.12638168,1769642949766
1513,396623872,1769643690336,18:41:30.336,42.349734,-71.0779993,38.456,-32.060508968025346,0.12638168,1769642949766
1514,396886016,1769643690749,18:41:30.749,42.349734,-71.0779993,38.456,-32.060508968025346,0.12638168,1769642949766
1515,397148160,1769643691156,18:41:31.156,42.349734,-71.0779993,38.456,-32.060508968025346,0.12638168,1769642949766
1516,397410304,1769643691508,18:41:31.508,42.349734,-71.0779993,38.456,-32.060508968025346,0.12638168,1769642949766
1517,397672448,1769643691969,18:41:31.969,42.349734,-71.0779993,38.456,-32.060508968025346,0.12638168,1769642949766
1518,397934592,1769643692361,18:41:32.361,42.349734,-71.0779993,38.456,-32.060508968025346,0.12638168,1769642949766
1519,398196736,1769643692724,18:41:32.724,42.349734,-71.0779993,38.456,-32.060508968025346,0.12638168,1769642949766
1520,398458880,1769643693077,18:41:33.077,42.349734,-71.0779993,38.456,-32.060508968025346,0.12638168,1769642949766
1521,398721024,1769643693477,18:41:33.477,42.349734,-71.0779993,38.456,-32.060508968025346,0.12638168,1769642949766
1522,398983168,1769643693971,18:41:33.971,42.349734,-71.0779993,38.456,-32.060508968025346,0.12638168,1769642949766
1523,399245312,1769643694373,18:41:34.373,42.349734,-71.0779993,38.456,-32.060508968025346,0.12638168,1769642949766
1524,399507456,1769643694708,18:41:34.708,42.349734,-71.0779993,38.456,-32.060508968025346,0.12638168,1769642949766
1525,399769600,1769643695059,18:41:35.059,42.349734,-71.0779993,38.456,-32.060508968025346,0.12638168,1769642949766
1526,400031744,1769643695413,18:41:35.413,42.349734,-71.0779993,38.456,-32.060508968025346,0.12638168,1769642949766
1527,400293888,1769643695798,18:41:35.798,42.349734,-71.0779993,38.456,-32.060508968025346,0.12638168,1769642949766
1528,400556032,1769643696211,18:41:36.211,42.349734,-71.0779993,38.456,-32.060508968025346,0.12638168,1769642949766
1529,400818176,1769643696564,18:41:36.564,42.349734,-71.0779993,38.456,-32.060508968025346,0.12638168,1769642949766
1530,401080320,1769643696932,18:41:36.932,42.349734,-71.0779993,38.456,-32.060508968025346,0.12638168,1769642949766
1531,401342464,1769643697246,18:41:37.246,42.349734,-71.0779993,38.456,-32.060508968025346,0.12638168,1769642949766
1532,401604608,1769643697603,18:41:37.603,42.349734,-71.0779993,38.456,-32.060508968025346,0.12638168,1769642949766
1533,401866752,1769643698195,18:41:38.195,42.349734,-71.0779993,38.456,-32.060508968025346,0.12638168,1769642949766
1534,402128896,1769643698774,18:41:38.774,42.349734,-71.0779993,38.456,-32.060508968025346,0.12638168,1769642949766
1535,402391040,1769643699273,18:41:39.273,42.349734,-71.0779993,38.456,-32.060508968025346,0.12638168,1769642949766
1536,402653184,1769643700081,18:41:40.081,42.349734,-71.0779993,38.456,-32.060508968025346,0.12638168,1769642949766
1537,402915328,1769643700769,18:41:40.769,42.349734,-71.0779993,38.456,-32.060508968025346,0.12638168,1769642949766
1538,403177472,1769643701331,18:41:41.331,42.349734,-71.0779993,38.456,-32.060508968025346,0.12638168,1769642949766
1539,403439616,1769643701942,18:41:41.942,42.349734,-71.0779993,38.456,-32.060508968025346,0.12638168,1769642949766
1540,403701760,1769643702359,18:41:42.359,42.349734,-71.0779993,38.456,-32.060508968025346,0.12638168,1769642949766
1541,403963904,1769643702801,18:41:42.801,42.349734,-71.0779993,38.456,-32.060508968025346,0.12638168,1769642949766
1542,404226048,1769643703319,18:41:43.319,42.349734,-71.0779993,38.456,-32.060508968025346,0.12638168,1769642949766
1543,404488192,1769643703768,18:41:43.768,42.349734,-71.0779993,38.456,-32.060508968025346,0.12638168,1769642949766
1544,404750336,1769643704287,18:41:44.287,42.349734,-71.0779993,38.456,-32.060508968025346,0.12638168,1769642949766
1545,405012480,1769643704705,18:41:44.705,42.349734,-71.0779993,38.456,-32.060508968025346,0.12638168,1769642949766
1546,405274624,1769643705184,18:41:45.184,42.349734,-71.0779993,38.456,-32.060508968025346,0.12638168,1769642949766
1547,405536768,1769643705753,18:41:45.753,42.349734,-71.0779993,38.456,-32.060508968025346,0.12638168,1769642949766
1548,405798912,1769643706223,18:41:46.223,42.349734,-71.0779993,38.456,-32.060508968025346,0.12638168,1769642949766
1549,406061056,1769643706581,18:41:46.581,42.349734,-71.0779993,38.456,-32.060508968025346,0.12638168,1769642949766
1550,406323200,1769643706946,18:41:46.946,42.349734,-71.0779993,38.456,-32.060508968025346,0.12638168,1769642949766
1551,406585344,1769643707280,18:41:47.280,42.349734,-71.0779993,38.456,-32.060508968025346,0.12638168,1769642949766
1552,406847488,1769643707631,18:41:47.631,42.349734,-71.0779993,38.456,-32.060508968025346,0.12638168,1769642949766
1553,407109632,1769643708021,18:41:48.021,42.349734,-71.0779993,38.456,-32.060508968025346,0.12638168,1769642949766
1554,407371776,1769643708359,18:41:48.359,42.349734,-71.0779993,38.456,-32.060508968025346,0.12638168,1769642949766
1555,407633920,1769643708695,18:41:48.695,42.349734,-71.0779993,38.456,-32.060508968025346,0.12638168,1769642949766
1556,407896064,1769643709087,18:41:49.087,42.349734,-71.0779993,38.456,-32.060508968025346,0.12638168,1769642949766
1557,408158208,1769643709439,18:41:49.439,42.349734,-71.0779993,38.456,-32.060508968025346,0.12638168,1769642949766
1558,408420352,1769643709848,18:41:49.848,42.349734,-71.0779993,38.456,-32.060508968025346,0.12638168,1769642949766
1559,408682496,1769643710203,18:41:50.203,42.349734,-71.0779993,38.456,-32.060508968025346,0.12638168,1769642949766
1560,408944640,1769643710555,18:41:50.555,42.349734,-71.0779993,38.456,-32.060508968025346,0.12638168,1769642949766
1561,409206784,1769643710974,18:41:50.974,42.349734,-71.0779993,38.456,-32.060508968025346,0.12638168,1769642949766
1562,409468928,1769643711436,18:41:51.436,42.349734,-71.0779993,38.456,-32.060508968025346,0.12638168,1769642949766
1563,409731072,1769643711849,18:41:51.849,42.349734,-71.0779993,38.456,-32.060508968025346,0.12638168,1769642949766
1564,409993216,1769643712196,18:41:52.196,42.349734,-71.0779993,38.456,-32.060508968025346,0.12638168,1769642949766
1565,410255360,1769643712601,18:41:52.601,42.349734,-71.0779993,38.456,-32.060508968025346,0.12638168,1769642949766
1566,410517504,1769643712960,18:41:52.960,42.349734,-71.0779993,38.456,-32.060508968025346,0.12638168,1769642949766
1567,410779648,1769643713335,18:41:53.335,42.349734,-71.0779993,38.456,-32.060508968025346,0.12638168,1769642949766
1568,411041792,1769643713690,18:41:53.690,42.349734,-71.0779993,38.456,-32.060508968025346,0.12638168,1769642949766
1569,411303936,1769643714047,18:41:54.047,42.349734,-71.0779993,38.456,-32.060508968025346,0.12638168,1769642949766
1570,411566080,1769643714396,18:41:54.396,42.349734,-71.0779993,38.456,-32.060508968025346,0.12638168,1769642949766
1571,411828224,1769643714745,18:41:54.745,42.349734,-71.0779993,38.456,-32.060508968025346,0.12638168,1769642949766
1572,412090368,1769643715099,18:41:55.099,42.349734,-71.0779993,38.456,-32.060508968025346,0.12638168,1769642949766
1573,412352512,1769643715452,18:41:55.452,42.349734,-71.0779993,38.456,-32.060508968025346,0.12638168,1769642949766
1574,412614656,1769643715801,18:41:55.801,42.349734,-71.0779993,38.456,-32.060508968025346,0.12638168,1769642949766
1575,412876800,1769643716151,18:41:56.151,42.349734,-71.0779993,38.456,-32.060508968025346,0.12638168,1769642949766
1576,413138944,1769643716502,18:41:56.502,42.349734,-71.0779993,38.456,-32.060508968025346,0.12638168,1769642949766
1577,413401088,1769643716927,18:41:56.927,42.349734,-71.0779993,38.456,-32.060508968025346,0.12638168,1769642949766
1578,413663232,1769643717287,18:41:57.287,42.349734,-71.0779993,38.456,-32.060508968025346,0.12638168,1769642949766
1579,413925376,1769643717637,18:41:57.637,42.349734,-71.0779993,38.456,-32.060508968025346,0.12638168,1769642949766
1580,414187520,1769643717984,18:41:57.984,42.349734,-71.0779993,38.456,-32.060508968025346,0.12638168,1769642949766
1581,414449664,1769643718341,18:41:58.341,42.349734,-71.0779993,38.456,-32.060508968025346,0.12638168,1769642949766
1582,414711808,1769643718957,18:41:58.957,42.349734,-71.0779993,38.456,-32.060508968025346,0.12638168,1769642949766
1583,414973952,1769643719351,18:41:59.351,42.349734,-71.0779993,38.456,-32.060508968025346,0.12638168,1769642949766
1584,415236096,1769643720028,18:42:00.028,42.349734,-71.0779993,38.456,-32.060508968025346,0.12638168,1769642949766
1585,415498240,1769643720605,18:42:00.605,42.349734,-71.0779993,38.456,-32.060508968025346,0.12638168,1769642949766
1586,415760384,1769643721236,18:42:01.236,42.349734,-71.0779993,38.456,-32.060508968025346,0.12638168,1769642949766
1587,416022528,1769643721738,18:42:01.738,42.349734,-71.0779993,38.456,-32.060508968025346,0.12638168,1769642949766
1588,416284672,1769643722180,18:42:02.180,42.349734,-71.0779993,38.456,-32.060508968025346,0.12638168,1769642949766
1589,416546816,1769643722715,18:42:02.715,42.349734,-71.0779993,38.456,-32.060508968025346,0.12638168,1769642949766
1590,416808960,1769643723454,18:42:03.454,42.349734,-71.0779993,38.456,-32.060508968025346,0.12638168,1769642949766
1591,417071104,1769643724011,18:42:04.011,42.349734,-71.0779993,38.456,-32.060508968025346,0.12638168,1769642949766
1592,417333248,1769643724556,18:42:04.556,42.349734,-71.0779993,38.456,-32.060508968025346,0.12638168,1769642949766
1593,417595392,1769643724973,18:42:04.973,42.349734,-71.0779993,38.456,-32.060508968025346,0.12638168,1769642949766
1594,417857536,1769643725803,18:42:05.803,42.349734,-71.0779993,38.456,-32.060508968025346,0.12638168,1769642949766
1595,418119680,1769643726494,18:42:06.494,42.349734,-71.0779993,38.456,-32.060508968025346,0.12638168,1769642949766
1596,418381824,1769643727056,18:42:07.056,42.349734,-71.0779993,38.456,-32.060508968025346,0.12638168,1769642949766
1597,418643968,1769643727543,18:42:07.543,42.349734,-71.0779993,38.456,-32.060508968025346,0.12638168,1769642949766
1598,418906112,1769643728082,18:42:08.082,42.349734,-71.0779993,38.456,-32.060508968025346,0.12638168,1769642949766
1599,419168256,1769643728784,18:42:08.784,42.349734,-71.0779993,38.456,-32.060508968025346,0.12638168,1769642949766
1600,419430400,1769643729238,18:42:09.238,42.349734,-71.0779993,38.456,-32.060508968025346,0.12638168,1769642949766
1601,419692544,1769643729737,18:42:09.737,42.349734,-71.0779993,38.456,-32.060508968025346,0.12638168,1769642949766
1602,419954688,1769643730092,18:42:10.092,42.349734,-71.0779993,38.456,-32.060508968025346,0.12638168,1769642949766
1603,420216832,1769643730655,18:42:10.655,42.349734,-71.0779993,38.456,-32.060508968025346,0.12638168,1769642949766
1604,420478976,1769643731148,18:42:11.148,42.349734,-71.0779993,38.456,-32.060508968025346,0.12638168,1769642949766
1605,420741120,1769643731929,18:42:11.929,42.349734,-71.0779993,38.456,-32.060508968025346,0.12638168,1769642949766
1606,421003264,1769643732464,18:42:12.464,42.349734,-71.0779993,38.456,-32.060508968025346,0.12638168,1769642949766
1607,421265408,1769643732875,18:42:12.875,42.349734,-71.0779993,38.456,-32.060508968025346,0.12638168,1769642949766
1608,421527552,1769643733204,18:42:13.204,42.349734,-71.0779993,38.456,-32.060508968025346,0.12638168,1769642949766
1609,421789696,1769643733550,18:42:13.550,42.349734,-71.0779993,38.456,-32.060508968025346,0.12638168,1769642949766
1610,422051840,1769643733902,18:42:13.902,42.349734,-71.0779993,38.456,-32.060508968025346,0.12638168,1769642949766
1611,422313984,1769643734253,18:42:14.253,42.349734,-71.0779993,38.456,-32.060508968025346,0.12638168,1769642949766
1612,422576128,1769643734602,18:42:14.602,42.349734,-71.0779993,38.456,-32.060508968025346,0.12638168,1769642949766
1613,422838272,1769643734952,18:42:14.952,42.349734,-71.0779993,38.456,-32.060508968025346,0.12638168,1769642949766
1614,423100416,1769643735300,18:42:15.300,42.349734,-71.0779993,38.456,-32.060508968025346,0.12638168,1769642949766
1615,423362560,1769643735657,18:42:15.657,42.349734,-71.0779993,38.456,-32.060508968025346,0.12638168,1769642949766
1616,423624704,1769643736002,18:42:16.002,42.349734,-71.0779993,38.456,-32.060508968025346,0.12638168,1769642949766
1617,423886848,1769643736357,18:42:16.357,42.349734,-71.0779993,38.456,-32.060508968025346,0.12638168,1769642949766
1618,424148992,1769643736707,18:42:16.707,42.349734,-71.0779993,38.456,-32.060508968025346,0.12638168,1769642949766
1619,424411136,1769643737055,18:42:17.055,42.349734,-71.0779993,38.456,-32.060508968025346,0.12638168,1769642949766
1620,424673280,1769643737451,18:42:17.451,42.349734,-71.0779993,38.456,-32.060508968025346,0.12638168,1769642949766
1621,424935424,1769643737800,18:42:17.800,42.349734,-71.0779993,38.456,-32.060508968025346,0.12638168,1769642949766
1622,425197568,1769643738175,18:42:18.175,42.349734,-71.0779993,38.456,-32.060508968025346,0.12638168,1769642949766
1623,425459712,1769643738576,18:42:18.576,42.349734,-71.0779993,38.456,-32.060508968025346,0.12638168,1769642949766
1624,425721856,1769643738983,18:42:18.983,42.349734,-71.0779993,38.456,-32.060508968025346,0.12638168,1769642949766
1625,425984000,1769643739329,18:42:19.329,42.349734,-71.0779993,38.456,-32.060508968025346,0.12638168,1769642949766
1626,426246144,1769643739718,18:42:19.718,42.349734,-71.0779993,38.456,-32.060508968025346,0.12638168,1769642949766
1627,426508288,1769643740147,18:42:20.147,42.349734,-71.0779993,38.456,-32.060508968025346,0.12638168,1769642949766
1628,426770432,1769643740553,18:42:20.553,42.349734,-71.0779993,38.456,-32.060508968025346,0.12638168,1769642949766
1629,427032576,1769643740990,18:42:20.990,42.349734,-71.0779993,38.456,-32.060508968025346,0.12638168,1769642949766
1630,427294720,1769643741338,18:42:21.338,42.349734,-71.0779993,38.456,-32.060508968025346,0.12638168,1769642949766
1631,427556864,1769643741692,18:42:21.692,42.349734,-71.0779993,38.456,-32.060508968025346,0.12638168,1769642949766
1632,427819008,1769643742058,18:42:22.058,42.349734,-71.0779993,38.456,-32.060508968025346,0.12638168,1769642949766
1633,428081152,1769643742411,18:42:22.411,42.349734,-71.0779993,38.456,-32.060508968025346,0.12638168,1769642949766
1634,428343296,1769643742760,18:42:22.760,42.349734,-71.0779993,38.456,-32.060508968025346,0.12638168,1769642949766
1635,428605440,1769643743112,18:42:23.112,42.349734,-71.0779993,38.456,-32.060508968025346,0.12638168,1769642949766
1636,428867584,1769643743462,18:42:23.462,42.349734,-71.0779993,38.456,-32.060508968025346,0.12638168,1769642949766
1637,429129728,1769643743812,18:42:23.812,42.349734,-71.0779993,38.456,-32.060508968025346,0.12638168,1769642949766
1638,429391872,1769643744159,18:42:24.159,42.349734,-71.0779993,38.456,-32.060508968025346,0.12638168,1769642949766
1639,429654016,1769643744514,18:42:24.514,42.349734,-71.0779993,38.456,-32.060508968025346,0.12638168,1769642949766
1640,429916160,1769643744862,18:42:24.862,42.349734,-71.0779993,38.456,-32.060508968025346,0.12638168,1769642949766
1641,430178304,1769643745217,18:42:25.217,42.349734,-71.0779993,38.456,-32.060508968025346,0.12638168,1769642949766
1642,430440448,1769643745569,18:42:25.569,42.349734,-71.0779993,38.456,-32.060508968025346,0.12638168,1769642949766
1643,430702592,1769643745915,18:42:25.915,42.349734,-71.0779993,38.456,-32.060508968025346,0.12638168,1769642949766
1644,430964736,1769643746268,18:42:26.268,42.349734,-71.0779993,38.456,-32.060508968025346,0.12638168,1769642949766
1645,431226880,1769643746667,18:42:26.667,42.349734,-71.0779993,38.456,-32.060508968025346,0.12638168,1769642949766
1646,431489024,1769643747147,18:42:27.147,42.349734,-71.0779993,38.456,-32.060508968025346,0.12638168,1769642949766
1647,431751168,1769643747605,18:42:27.605,42.349734,-71.0779993,38.456,-32.060508968025346,0.12638168,1769642949766
1648,432013312,1769643748005,18:42:28.005,42.349734,-71.0779993,38.456,-32.060508968025346,0.12638168,1769642949766
1649,432275456,1769643748436,18:42:28.436,42.349734,-71.0779993,38.456,-32.060508968025346,0.12638168,1769642949766
1650,432537600,1769643748752,18:42:28.752,42.349734,-71.0779993,38.456,-32.060508968025346,0.12638168,1769642949766
1651,432799744,1769643749106,18:42:29.106,42.349734,-71.0779993,38.456,-32.060508968025346,0.12638168,1769642949766
1652,433061888,1769643749590,18:42:29.590,42.349734,-71.0779993,38.456,-32.060508968025346,0.12638168,1769642949766
1653,433324032,1769643750104,18:42:30.104,42.349734,-71.0779993,38.456,-32.060508968025346,0.12638168,1769642949766
1654,433586176,1769643750697,18:42:30.697,42.349734,-71.0779993,38.456,-32.060508968025346,0.12638168,1769642949766
1655,433848320,1769643751099,18:42:31.099,42.349734,-71.0779993,38.456,-32.060508968025346,0.12638168,1769642949766
1656,434110464,1769643751522,18:42:31.522,42.349734,-71.0779993,38.456,-32.060508968025346,0.12638168,1769642949766
1657,434372608,1769643752087,18:42:32.087,42.349734,-71.0779993,38.456,-32.060508968025346,0.12638168,1769642949766
1658,434634752,1769643752522,18:42:32.522,42.349734,-71.0779993,38.456,-32.060508968025346,0.12638168,1769642949766
1659,434896896,1769643752898,18:42:32.898,42.349734,-71.0779993,38.456,-32.060508968025346,0.12638168,1769642949766
1660,435159040,1769643753293,18:42:33.293,42.349734,-71.0779993,38.456,-32.060508968025346,0.12638168,1769642949766
1661,435421184,1769643753842,18:42:33.842,42.349734,-71.0779993,38.456,-32.060508968025346,0.12638168,1769642949766
1662,435683328,1769643754289,18:42:34.289,42.349734,-71.0779993,38.456,-32.060508968025346,0.12638168,1769642949766
1663,435945472,1769643754714,18:42:34.714,42.349734,-71.0779993,38.456,-32.060508968025346,0.12638168,1769642949766
1664,436207616,1769643755088,18:42:35.088,42.349734,-71.0779993,38.456,-32.060508968025346,0.12638168,1769642949766
1665,436469760,1769643755480,18:42:35.480,42.349734,-71.0779993,38.456,-32.060508968025346,0.12638168,1769642949766
1666,436731904,1769643755810,18:42:35.810,42.349734,-71.0779993,38.456,-32.060508968025346,0.12638168,1769642949766
1667,436994048,1769643756188,18:42:36.188,42.349734,-71.0779993,38.456,-32.060508968025346,0.12638168,1769642949766
1668,437256192,1769643756595,18:42:36.595,42.349734,-71.0779993,38.456,-32.060508968025346,0.12638168,1769642949766
1669,437518336,1769643757008,18:42:37.008,42.349734,-71.0779993,38.456,-32.060508968025346,0.12638168,1769642949766
1670,437780480,1769643757360,18:42:37.360,42.349734,-71.0779993,38.456,-32.060508968025346,0.12638168,1769642949766
1671,438042624,1769643757810,18:42:37.810,42.349734,-71.0779993,38.456,-32.060508968025346,0.12638168,1769642949766
1672,438304768,1769643758189,18:42:38.189,42.349734,-71.0779993,38.456,-32.060508968025346,0.12638168,1769642949766
1673,438566912,1769643758585,18:42:38.585,42.349734,-71.0779993,38.456,-32.060508968025346,0.12638168,1769642949766
1674,438829056,1769643758986,18:42:38.986,42.349734,-71.0779993,38.456,-32.060508968025346,0.12638168,1769642949766
1675,439091200,1769643759299,18:42:39.299,42.349734,-71.0779993,38.456,-32.060508968025346,0.12638168,1769642949766
1676,439353344,1769643759754,18:42:39.754,42.349734,-71.0779993,38.456,-32.060508968025346,0.12638168,1769642949766
1677,439615488,1769643760104,18:42:40.104,42.349734,-71.0779993,38.456,-32.060508968025346,0.12638168,1769642949766
1678,439877632,1769643760414,18:42:40.414,42.349734,-71.0779993,38.456,-32.060508968025346,0.12638168,1769642949766
1679,440139776,1769643760771,18:42:40.771,42.349734,-71.0779993,38.456,-32.060508968025346,0.12638168,1769642949766
1680,440401920,1769643761119,18:42:41.119,42.349734,-71.0779993,38.456,-32.060508968025346,0.12638168,1769642949766
1681,440664064,1769643761475,18:42:41.475,42.349734,-71.0779993,38.456,-32.060508968025346,0.12638168,1769642949766
1682,440926208,1769643761834,18:42:41.834,42.349734,-71.0779993,38.456,-32.060508968025346,0.12638168,1769642949766
1683,441188352,1769643762160,18:42:42.160,42.349734,-71.0779993,38.456,-32.060508968025346,0.12638168,1769642949766
1684,441450496,1769643762549,18:42:42.549,42.349734,-71.0779993,38.456,-32.060508968025346,0.12638168,1769642949766
1685,441712640,1769643762914,18:42:42.914,42.349734,-71.0779993,38.456,-32.060508968025346,0.12638168,1769642949766
1686,441974784,1769643763272,18:42:43.272,42.349734,-71.0779993,38.456,-32.060508968025346,0.12638168,1769642949766
1687,442236928,1769643763621,18:42:43.621,42.349734,-71.0779993,38.456,-32.060508968025346,0.12638168,1769642949766
1688,442499072,1769643763971,18:42:43.971,42.349734,-71.0779993,38.456,-32.060508968025346,0.12638168,1769642949766
1689,442761216,1769643764319,18:42:44.319,42.349734,-71.0779993,38.456,-32.060508968025346,0.12638168,1769642949766
1690,443023360,1769643764670,18:42:44.670,42.349734,-71.0779993,38.456,-32.060508968025346,0.12638168,1769642949766
1691,443285504,1769643765045,18:42:45.045,42.349734,-71.0779993,38.456,-32.060508968025346,0.12638168,1769642949766
1692,443547648,1769643765372,18:42:45.372,42.349734,-71.0779993,38.456,-32.060508968025346,0.12638168,1769642949766
1693,443809792,1769643765737,18:42:45.737,42.349734,-71.0779993,38.456,-32.060508968025346,0.12638168,1769642949766
1694,444071936,1769643766106,18:42:46.106,42.349734,-71.0779993,38.456,-32.060508968025346,0.12638168,1769642949766
1695,444334080,1769643766469,18:42:46.469,42.349734,-71.0779993,38.456,-32.060508968025346,0.12638168,1769642949766
1696,444596224,1769643766879,18:42:46.879,42.349734,-71.0779993,38.456,-32.060508968025346,0.12638168,1769642949766
1697,444858368,1769643767353,18:42:47.353,42.349734,-71.0779993,38.456,-32.060508968025346,0.12638168,1769642949766
1698,445120512,1769643767989,18:42:47.989,42.349734,-71.0779993,38.456,-32.060508968025346,0.12638168,1769642949766
1699,445382656,1769643768512,18:42:48.512,42.349734,-71.0779993,38.456,-32.060508968025346,0.12638168,1769642949766
1700,445644800,1769643768907,18:42:48.907,42.349734,-71.0779993,38.456,-32.060508968025346,0.12638168,1769642949766
1701,445906944,1769643769345,18:42:49.345,42.349734,-71.0779993,38.456,-32.060508968025346,0.12638168,1769642949766
1702,446169088,1769643769788,18:42:49.788,42.349734,-71.0779993,38.456,-32.060508968025346,0.12638168,1769642949766
1703,446431232,1769643770299,18:42:50.299,42.349734,-71.0779993,38.456,-32.060508968025346,0.12638168,1769642949766
1704,446693376,1769643770862,18:42:50.862,42.349734,-71.0779993,38.456,-32.060508968025346,0.12638168,1769642949766
1705,446955520,1769643771273,18:42:51.273,42.349734,-71.0779993,38.456,-32.060508968025346,0.12638168,1769642949766
1706,447217664,1769643771815,18:42:51.815,42.349734,-71.0779993,38.456,-32.060508968025346,0.12638168,1769642949766
1707,447479808,1769643772189,18:42:52.189,42.349734,-71.0779993,38.456,-32.060508968025346,0.12638168,1769642949766
1708,447741952,1769643772717,18:42:52.717,42.349734,-71.0779993,38.456,-32.060508968025346,0.12638168,1769642949766
1709,448004096,1769643773176,18:42:53.176,42.349734,-71.0779993,38.456,-32.060508968025346,0.12638168,1769642949766
1710,448266240,1769643773540,18:42:53.540,42.349734,-71.0779993,38.456,-32.060508968025346,0.12638168,1769642949766
1711,448528384,1769643773931,18:42:53.931,42.349734,-71.0779993,38.456,-32.060508968025346,0.12638168,1769642949766
1712,448790528,1769643774356,18:42:54.356,42.349734,-71.0779993,38.456,-32.060508968025346,0.12638168,1769642949766
1713,449052672,1769643774819,18:42:54.819,42.349734,-71.0779993,38.456,-32.060508968025346,0.12638168,1769642949766
1714,449314816,1769643775256,18:42:55.256,42.349734,-71.0779993,38.456,-32.060508968025346,0.12638168,1769642949766
1715,449576960,1769643775611,18:42:55.611,42.349734,-71.0779993,38.456,-32.060508968025346,0.12638168,1769642949766
1716,449839104,1769643775963,18:42:55.963,42.349734,-71.0779993,38.456,-32.060508968025346,0.12638168,1769642949766
1717,450101248,1769643776310,18:42:56.310,42.349734,-71.0779993,38.456,-32.060508968025346,0.12638168,1769642949766
1718,450363392,1769643776663,18:42:56.663,42.349734,-71.0779993,38.456,-32.060508968025346,0.12638168,1769642949766
1719,450625536,1769643777022,18:42:57.022,42.349734,-71.0779993,38.456,-32.060508968025346,0.12638168,1769642949766
1720,450887680,1769643777372,18:42:57.372,42.349734,-71.0779993,38.456,-32.060508968025346,0.12638168,1769642949766
1721,451149824,1769643777803,18:42:57.803,42.349734,-71.0779993,38.456,-32.060508968025346,0.12638168,1769642949766
1722,451411968,1769643778235,18:42:58.235,42.349734,-71.0779993,38.456,-32.060508968025346,0.12638168,1769642949766
1723,451674112,1769643778612,18:42:58.612,42.349734,-71.0779993,38.456,-32.060508968025346,0.12638168,1769642949766
1724,451936256,1769643778983,18:42:58.983,42.349734,-71.0779993,38.456,-32.060508968025346,0.12638168,1769642949766
1725,452198400,1769643779343,18:42:59.343,42.349734,-71.0779993,38.456,-32.060508968025346,0.12638168,1769642949766
1726,452460544,1769643779765,18:42:59.765,42.349734,-71.0779993,38.456,-32.060508968025346,0.12638168,1769642949766
1727,452722688,1769643780115,18:43:00.115,42.349734,-71.0779993,38.456,-32.060508968025346,0.12638168,1769642949766
1728,452984832,1769643780468,18:43:00.468,42.349734,-71.0779993,38.456,-32.060508968025346,0.12638168,1769642949766
1729,453246976,1769643780820,18:43:00.820,42.349734,-71.0779993,38.456,-32.060508968025346,0.12638168,1769642949766
1730,453509120,1769643781191,18:43:01.191,42.349734,-71.0779993,38.456,-32.060508968025346,0.12638168,1769642949766
1731,453771264,1769643781679,18:43:01.679,42.349734,-71.0779993,38.456,-32.060508968025346,0.12638168,1769642949766
1732,454033408,1769643782197,18:43:02.197,42.349734,-71.0779993,38.456,-32.060508968025346,0.12638168,1769642949766
1733,454295552,1769643782613,18:43:02.613,42.349734,-71.0779993,38.456,-32.060508968025346,0.12638168,1769642949766
1734,454557696,1769643782978,18:43:02.978,42.349734,-71.0779993,38.456,-32.060508968025346,0.12638168,1769642949766
1735,454819840,1769643783318,18:43:03.318,42.349734,-71.0779993,38.456,-32.060508968025346,0.12638168,1769642949766
1736,455081984,1769643783723,18:43:03.723,42.349734,-71.0779993,38.456,-32.060508968025346,0.12638168,1769642949766
1737,455344128,1769643784122,18:43:04.122,42.349734,-71.0779993,38.456,-32.060508968025346,0.12638168,1769642949766
1738,455606272,1769643784500,18:43:04.500,42.349734,-71.0779993,38.456,-32.060508968025346,0.12638168,1769642949766
1739,455868416,1769643784852,18:43:04.852,42.349734,-71.0779993,38.456,-32.060508968025346,0.12638168,1769642949766
1740,456130560,1769643785189,18:43:05.189,42.349734,-71.0779993,38.456,-32.060508968025346,0.12638168,1769642949766
1741,456392704,1769643785552,18:43:05.552,42.349734,-71.0779993,38.456,-32.060508968025346,0.12638168,1769642949766
1742,456654848,1769643785890,18:43:05.890,42.349734,-71.0779993,38.456,-32.060508968025346,0.12638168,1769642949766
1743,456916992,1769643786242,18:43:06.242,42.349734,-71.0779993,38.456,-32.060508968025346,0.12638168,1769642949766
1744,457179136,1769643786591,18:43:06.591,42.349734,-71.0779993,38.456,-32.060508968025346,0.12638168,1769642949766
1745,457441280,1769643786956,18:43:06.956,42.349734,-71.0779993,38.456,-32.060508968025346,0.12638168,1769642949766
1746,457703424,1769643787295,18:43:07.295,42.349734,-71.0779993,38.456,-32.060508968025346,0.12638168,1769642949766
1747,457965568,1769643787694,18:43:07.694,42.349734,-71.0779993,38.456,-32.060508968025346,0.12638168,1769642949766
1748,458227712,1769643788092,18:43:08.092,42.349734,-71.0779993,38.456,-32.060508968025346,0.12638168,1769642949766
1749,458489856,1769643788493,18:43:08.493,42.349734,-71.0779993,38.456,-32.060508968025346,0.12638168,1769642949766
1750,458752000,1769643788795,18:43:08.795,42.349734,-71.0779993,38.456,-32.060508968025346,0.12638168,1769642949766
1751,459014144,1769643789088,18:43:09.088,42.349734,-71.0779993,38.456,-32.060508968025346,0.12638168,1769642949766
1752,459276288,1769643789407,18:43:09.407,42.349734,-71.0779993,38.456,-32.060508968025346,0.12638168,1769642949766
1753,459538432,1769643789762,18:43:09.762,42.349734,-71.0779993,38.456,-32.060508968025346,0.12638168,1769642949766
1754,459800576,1769643790113,18:43:10.113,42.349734,-71.0779993,38.456,-32.060508968025346,0.12638168,1769642949766
1755,460062720,1769643790463,18:43:10.463,42.349734,-71.0779993,38.456,-32.060508968025346,0.12638168,1769642949766
1756,460324864,1769643790902,18:43:10.902,42.349734,-71.0779993,38.456,-32.060508968025346,0.12638168,1769642949766
1757,460587008,1769643791318,18:43:11.318,42.349734,-71.0779993,38.456,-32.060508968025346,0.12638168,1769642949766
1758,460849152,1769643791746,18:43:11.746,42.349734,-71.0779993,38.456,-32.060508968025346,0.12638168,1769642949766
1759,461111296,1769643792289,18:43:12.289,42.349734,-71.0779993,38.456,-32.060508968025346,0.12638168,1769642949766
1760,461373440,1769643792703,18:43:12.703,42.349734,-71.0779993,38.456,-32.060508968025346,0.12638168,1769642949766
1761,461635584,1769643793109,18:43:13.109,42.349734,-71.0779993,38.456,-32.060508968025346,0.12638168,1769642949766
1762,461897728,1769643793592,18:43:13.592,42.349734,-71.0779993,38.456,-32.060508968025346,0.12638168,1769642949766
1763,462159872,1769643793990,18:43:13.990,42.349734,-71.0779993,38.456,-32.060508968025346,0.12638168,1769642949766
1764,462422016,1769643794334,18:43:14.334,42.349734,-71.0779993,38.456,-32.060508968025346,0.12638168,1769642949766
1765,462684160,1769643794703,18:43:14.703,42.349734,-71.0779993,38.456,-32.060508968025346,0.12638168,1769642949766
1766,462946304,1769643795054,18:43:15.054,42.349734,-71.0779993,38.456,-32.060508968025346,0.12638168,1769642949766
1767,463208448,1769643795404,18:43:15.404,42.349734,-71.0779993,38.456,-32.060508968025346,0.12638168,1769642949766
1768,463470592,1769643795754,18:43:15.754,42.349734,-71.0779993,38.456,-32.060508968025346,0.12638168,1769642949766
1769,463732736,1769643796154,18:43:16.154,42.349734,-71.0779993,38.456,-32.060508968025346,0.12638168,1769642949766
1770,463994880,1769643796505,18:43:16.505,42.349734,-71.0779993,38.456,-32.060508968025346,0.12638168,1769642949766
1771,464257024,1769643796883,18:43:16.883,42.349734,-71.0779993,38.456,-32.060508968025346,0.12638168,1769642949766
1772,464519168,1769643797256,18:43:17.256,42.349734,-71.0779993,38.456,-32.060508968025346,0.12638168,1769642949766
1773,464781312,1769643797604,18:43:17.604,42.349734,-71.0779993,38.456,-32.060508968025346,0.12638168,1769642949766
1774,465043456,1769643797977,18:43:17.977,42.349734,-71.0779993,38.456,-32.060508968025346,0.12638168,1769642949766
1775,465305600,1769643798325,18:43:18.325,42.349734,-71.0779993,38.456,-32.060508968025346,0.12638168,1769642949766
1776,465567744,1769643798744,18:43:18.744,42.349734,-71.0779993,38.456,-32.060508968025346,0.12638168,1769642949766
1777,465829888,1769643799157,18:43:19.157,42.349734,-71.0779993,38.456,-32.060508968025346,0.12638168,1769642949766
1778,466092032,1769643799512,18:43:19.512,42.349734,-71.0779993,38.456,-32.060508968025346,0.12638168,1769642949766
1779,466354176,1769643799860,18:43:19.860,42.349734,-71.0779993,38.456,-32.060508968025346,0.12638168,1769642949766
1780,466616320,1769643800211,18:43:20.211,42.349734,-71.0779993,38.456,-32.060508968025346,0.12638168,1769642949766
1781,466878464,1769643800560,18:43:20.560,42.349734,-71.0779993,38.456,-32.060508968025346,0.12638168,1769642949766
1782,467140608,1769643800911,18:43:20.911,42.349734,-71.0779993,38.456,-32.060508968025346,0.12638168,1769642949766
1783,467402752,1769643801260,18:43:21.260,42.349734,-71.0779993,38.456,-32.060508968025346,0.12638168,1769642949766
1784,467664896,1769643801635,18:43:21.635,42.349734,-71.0779993,38.456,-32.060508968025346,0.12638168,1769642949766
1785,467927040,1769643802004,18:43:22.004,42.349734,-71.0779993,38.456,-32.060508968025346,0.12638168,1769642949766
1786,468189184,1769643802359,18:43:22.359,42.349734,-71.0779993,38.456,-32.060508968025346,0.12638168,1769642949766
1787,468451328,1769643802709,18:43:22.709,42.349734,-71.0779993,38.456,-32.060508968025346,0.12638168,1769642949766
1788,468713472,1769643803067,18:43:23.067,42.349734,-71.0779993,38.456,-32.060508968025346,0.12638168,1769642949766
1789,468975616,1769643803411,18:43:23.411,42.349734,-71.0779993,38.456,-32.060508968025346,0.12638168,1769642949766
1790,469237760,1769643803762,18:43:23.762,42.349734,-71.0779993,38.456,-32.060508968025346,0.12638168,1769642949766
1791,469499904,1769643804107,18:43:24.107,42.349734,-71.0779993,38.456,-32.060508968025346,0.12638168,1769642949766
1792,469762048,1769643804496,18:43:24.496,42.349734,-71.0779993,38.456,-32.060508968025346,0.12638168,1769642949766
1793,470024192,1769643804850,18:43:24.850,42.349734,-71.0779993,38.456,-32.060508968025346,0.12638168,1769642949766
1794,470286336,1769643805198,18:43:25.198,42.349734,-71.0779993,38.456,-32.060508968025346,0.12638168,1769642949766
1795,470548480,1769643805563,18:43:25.563,42.349734,-71.0779993,38.456,-32.060508968025346,0.12638168,1769642949766
1796,470810624,1769643805976,18:43:25.976,42.349734,-71.0779993,38.456,-32.060508968025346,0.12638168,1769642949766
1797,471072768,1769643806426,18:43:26.426,42.349734,-71.0779993,38.456,-32.060508968025346,0.12638168,1769642949766
1798,471334912,1769643806779,18:43:26.779,42.349734,-71.0779993,38.456,-32.060508968025346,0.12638168,1769642949766
1799,471597056,1769643807320,18:43:27.320,42.349734,-71.0779993,38.456,-32.060508968025346,0.12638168,1769642949766
1800,471859200,1769643807734,18:43:27.734,42.349734,-71.0779993,38.456,-32.060508968025346,0.12638168,1769642949766
1801,472121344,1769643808414,18:43:28.414,42.349734,-71.0779993,38.456,-32.060508968025346,0.12638168,1769642949766
1802,472383488,1769643809124,18:43:29.124,42.349734,-71.0779993,38.456,-32.060508968025346,0.12638168,1769642949766
1803,472645632,1769643809953,18:43:29.953,42.349734,-71.0779993,38.456,-32.060508968025346,0.12638168,1769642949766
1804,472907776,1769643810460,18:43:30.460,42.349734,-71.0779993,38.456,-32.060508968025346,0.12638168,1769642949766
1805,473169920,1769643810812,18:43:30.812,42.349734,-71.0779993,38.456,-32.060508968025346,0.12638168,1769642949766
1806,473432064,1769643811160,18:43:31.160,42.349734,-71.0779993,38.456,-32.060508968025346,0.12638168,1769642949766
1807,473694208,1769643811584,18:43:31.584,42.349734,-71.0779993,38.456,-32.060508968025346,0.12638168,1769642949766
1808,473956352,1769643811938,18:43:31.938,42.349734,-71.0779993,38.456,-32.060508968025346,0.12638168,1769642949766
1809,474218496,1769643812406,18:43:32.406,42.349734,-71.0779993,38.456,-32.060508968025346,0.12638168,1769642949766
1810,474480640,1769643812985,18:43:32.985,42.349734,-71.0779993,38.456,-32.060508968025346,0.12638168,1769642949766
1811,474742784,1769643813446,18:43:33.446,42.349734,-71.0779993,38.456,-32.060508968025346,0.12638168,1769642949766
1812,475004928,1769643813932,18:43:33.932,42.349734,-71.0779993,38.456,-32.060508968025346,0.12638168,1769642949766
1813,475267072,1769643814314,18:43:34.314,42.349734,-71.0779993,38.456,-32.060508968025346,0.12638168,1769642949766
1814,475529216,1769643814785,18:43:34.785,42.349734,-71.0779993,38.456,-32.060508968025346,0.12638168,1769642949766
1815,475791360,1769643815169,18:43:35.169,42.349734,-71.0779993,38.456,-32.060508968025346,0.12638168,1769642949766
1816,476053504,1769643815520,18:43:35.520,42.349734,-71.0779993,38.456,-32.060508968025346,0.12638168,1769642949766
1817,476315648,1769643815913,18:43:35.913,42.349734,-71.0779993,38.456,-32.060508968025346,0.12638168,1769642949766
1818,476577792,1769643816333,18:43:36.333,42.349734,-71.0779993,38.456,-32.060508968025346,0.12638168,1769642949766
1819,476839936,1769643816678,18:43:36.678,42.349734,-71.0779993,38.456,-32.060508968025346,0.12638168,1769642949766
1820,477102080,1769643817049,18:43:37.049,42.349734,-71.0779993,38.456,-32.060508968025346,0.12638168,1769642949766
1821,477364224,1769643817397,18:43:37.397,42.349734,-71.0779993,38.456,-32.060508968025346,0.12638168,1769642949766
1822,477626368,1769643817829,18:43:37.829,42.349734,-71.0779993,38.456,-32.060508968025346,0.12638168,1769642949766
1823,477888512,1769643818176,18:43:38.176,42.349734,-71.0779993,38.456,-32.060508968025346,0.12638168,1769642949766
1824,478150656,1769643818526,18:43:38.526,42.349734,-71.0779993,38.456,-32.060508968025346,0.12638168,1769642949766
1825,478412800,1769643818882,18:43:38.882,42.349734,-71.0779993,38.456,-32.060508968025346,0.12638168,1769642949766
1826,478674944,1769643819543,18:43:39.543,42.349734,-71.0779993,38.456,-32.060508968025346,0.12638168,1769642949766
1827,478937088,1769643820004,18:43:40.004,42.349734,-71.0779993,38.456,-32.060508968025346,0.12638168,1769642949766
1828,479199232,1769643820634,18:43:40.634,42.349734,-71.0779993,38.456,-32.060508968025346,0.12638168,1769642949766
1829,479461376,1769643821101,18:43:41.101,42.349734,-71.0779993,38.456,-32.060508968025346,0.12638168,1769642949766
1830,479723520,1769643821622,18:43:41.622,42.349734,-71.0779993,38.456,-32.060508968025346,0.12638168,1769642949766
1831,479985664,1769643822158,18:43:42.158,42.349734,-71.0779993,38.456,-32.060508968025346,0.12638168,1769642949766
1832,480247808,1769643822620,18:43:42.620,42.349734,-71.0779993,38.456,-32.060508968025346,0.12638168,1769642949766
1833,480509952,1769643822981,18:43:42.981,42.349734,-71.0779993,38.456,-32.060508968025346,0.12638168,1769642949766
1834,480772096,1769643823550,18:43:43.550,42.349734,-71.0779993,38.456,-32.060508968025346,0.12638168,1769642949766
1835,481034240,1769643824071,18:43:44.071,42.349734,-71.0779993,38.456,-32.060508968025346,0.12638168,1769642949766
1836,481296384,1769643824419,18:43:44.419,42.349734,-71.0779993,38.456,-32.060508968025346,0.12638168,1769642949766
1837,481558528,1769643824771,18:43:44.771,42.349734,-71.0779993,38.456,-32.060508968025346,0.12638168,1769642949766
1838,481820672,1769643825118,18:43:45.118,42.349734,-71.0779993,38.456,-32.060508968025346,0.12638168,1769642949766
1839,482082816,1769643825699,18:43:45.699,42.349734,-71.0779993,38.456,-32.060508968025346,0.12638168,1769642949766
1840,482344960,1769643826403,18:43:46.403,42.349734,-71.0779993,38.456,-32.060508968025346,0.12638168,1769642949766
1841,482607104,1769643826793,18:43:46.793,42.349734,-71.0779993,38.456,-32.060508968025346,0.12638168,1769642949766
1842,482869248,1769643827249,18:43:47.249,42.349734,-71.0779993,38.456,-32.060508968025346,0.12638168,1769642949766
1843,483131392,1769643827662,18:43:47.662,42.349734,-71.0779993,38.456,-32.060508968025346,0.12638168,1769642949766
1844,483393536,1769643828129,18:43:48.129,42.349734,-71.0779993,38.456,-32.060508968025346,0.12638168,1769642949766
1845,483655680,1769643828843,18:43:48.843,42.349734,-71.0779993,38.456,-32.060508968025346,0.12638168,1769642949766
1846,483917824,1769643829536,18:43:49.536,42.349734,-71.0779993,38.456,-32.060508968025346,0.12638168,1769642949766
1847,484179968,1769643830124,18:43:50.124,42.349734,-71.0779993,38.456,-32.060508968025346,0.12638168,1769642949766
1848,484442112,1769643830647,18:43:50.647,42.349734,-71.0779993,38.456,-32.060508968025346,0.12638168,1769642949766
1849,484704256,1769643831482,18:43:51.482,42.349734,-71.0779993,38.456,-32.060508968025346,0.12638168,1769642949766
1850,484966400,1769643832061,18:43:52.061,42.349734,-71.0779993,38.456,-32.060508968025346,0.12638168,1769642949766
1851,485228544,1769643832508,18:43:52.508,42.349734,-71.0779993,38.456,-32.060508968025346,0.12638168,1769642949766
1852,485490688,1769643832861,18:43:52.861,42.349734,-71.0779993,38.456,-32.060508968025346,0.12638168,1769642949766
1853,485752832,1769643833208,18:43:53.208,42.349734,-71.0779993,38.456,-32.060508968025346,0.12638168,1769642949766
1854,486014976,1769643833564,18:43:53.564,42.349734,-71.0779993,38.456,-32.060508968025346,0.12638168,1769642949766
1855,486277120,1769643833948,18:43:53.948,42.349734,-71.0779993,38.456,-32.060508968025346,0.12638168,1769642949766
1856,486539264,1769643834296,18:43:54.296,42.349734,-71.0779993,38.456,-32.060508968025346,0.12638168,1769642949766
1857,486801408,1769643834650,18:43:54.650,42.349734,-71.0779993,38.456,-32.060508968025346,0.12638168,1769642949766
1858,487063552,1769643835008,18:43:55.008,42.349734,-71.0779993,38.456,-32.060508968025346,0.12638168,1769642949766
1859,487325696,1769643835439,18:43:55.439,42.349734,-71.0779993,38.456,-32.060508968025346,0.12638168,1769642949766
1860,487587840,1769643835898,18:43:55.898,42.349734,-71.0779993,38.456,-32.060508968025346,0.12638168,1769642949766
1861,487849984,1769643836292,18:43:56.292,42.349734,-71.0779993,38.456,-32.060508968025346,0.12638168,1769642949766
1862,488112128,1769643836651,18:43:56.651,42.349734,-71.0779993,38.456,-32.060508968025346,0.12638168,1769642949766
1863,488374272,1769643837036,18:43:57.036,42.349734,-71.0779993,38.456,-32.060508968025346,0.12638168,1769642949766
1864,488636416,1769643837388,18:43:57.388,42.349734,-71.0779993,38.456,-32.060508968025346,0.12638168,1769642949766
1865,488898560,1769643837740,18:43:57.740,42.349734,-71.0779993,38.456,-32.060508968025346,0.12638168,1769642949766
1866,489160704,1769643838090,18:43:58.090,42.349734,-71.0779993,38.456,-32.060508968025346,0.12638168,1769642949766
1867,489422848,1769643838498,18:43:58.498,42.349734,-71.0779993,38.456,-32.060508968025346,0.12638168,1769642949766
1868,489684992,1769643838854,18:43:58.854,42.349734,-71.0779993,38.456,-32.060508968025346,0.12638168,1769642949766
1869,489947136,1769643839206,18:43:59.206,42.349734,-71.0779993,38.456,-32.060508968025346,0.12638168,1769642949766
1870,490209280,1769643839554,18:43:59.554,42.349734,-71.0779993,38.456,-32.060508968025346,0.12638168,1769642949766
1871,490471424,1769643839902,18:43:59.902,42.349734,-71.0779993,38.456,-32.060508968025346,0.12638168,1769642949766
1872,490733568,1769643840257,18:44:00.257,42.349734,-71.0779993,38.456,-32.060508968025346,0.12638168,1769642949766
1873,490995712,1769643840606,18:44:00.606,42.349734,-71.0779993,38.456,-32.060508968025346,0.12638168,1769642949766
1874,491257856,1769643841002,18:44:01.002,42.349734,-71.0779993,38.456,-32.060508968025346,0.12638168,1769642949766
1875,491520000,1769643841364,18:44:01.364,42.349734,-71.0779993,38.456,-32.060508968025346,0.12638168,1769642949766
1876,491782144,1769643841718,18:44:01.718,42.349734,-71.0779993,38.456,-32.060508968025346,0.12638168,1769642949766
1877,492044288,1769643842067,18:44:02.067,42.349734,-71.0779993,38.456,-32.060508968025346,0.12638168,1769642949766
1878,492306432,1769643842525,18:44:02.525,42.349734,-71.0779993,38.456,-32.060508968025346,0.12638168,1769642949766
1879,492568576,1769643842876,18:44:02.876,42.349734,-71.0779993,38.456,-32.060508968025346,0.12638168,1769642949766
1880,492830720,1769643844300,18:44:04.300,42.349734,-71.0779993,38.456,-32.060508968025346,0.12638168,1769642949766
1881,493092864,1769643845050,18:44:05.050,42.349734,-71.0779993,38.456,-32.060508968025346,0.12638168,1769642949766
1882,493355008,1769643845678,18:44:05.678,42.349734,-71.0779993,38.456,-32.060508968025346,0.12638168,1769642949766
1883,493617152,1769643847439,18:44:07.439,42.349734,-71.0779993,38.456,-32.060508968025346,0.12638168,1769642949766
1884,493879296,1769643848366,18:44:08.366,42.349734,-71.0779993,38.456,-32.060508968025346,0.12638168,1769642949766
1885,494141440,1769643849378,18:44:09.378,42.349734,-71.0779993,38.456,-32.060508968025346,0.12638168,1769642949766
1886,494403584,1769643850464,18:44:10.464,42.349734,-71.0779993,38.456,-32.060508968025346,0.12638168,1769642949766
1887,494665728,1769643851431,18:44:11.431,42.349734,-71.0779993,38.456,-32.060508968025346,0.12638168,1769642949766
1888,494927872,1769643851799,18:44:11.799,42.349734,-71.0779993,38.456,-32.060508968025346,0.12638168,1769642949766
1889,495190016,1769643852536,18:44:12.536,42.349734,-71.0779993,38.456,-32.060508968025346,0.12638168,1769642949766
1890,495452160,1769643853093,18:44:13.093,42.349734,-71.0779993,38.456,-32.060508968025346,0.12638168,1769642949766
1891,495714304,1769643854226,18:44:14.226,42.349734,-71.0779993,38.456,-32.060508968025346,0.12638168,1769642949766
1892,495976448,1769643854961,18:44:14.961,42.349734,-71.0779993,38.456,-32.060508968025346,0.12638168,1769642949766
1893,496238592,1769643855716,18:44:15.716,42.349734,-71.0779993,38.456,-32.060508968025346,0.12638168,1769642949766
1894,496500736,1769643856521,18:44:16.521,42.349734,-71.0779993,38.456,-32.060508968025346,0.12638168,1769642949766
1895,496762880,1769643856883,18:44:16.883,42.349734,-71.0779993,38.456,-32.060508968025346,0.12638168,1769642949766
1896,497025024,1769643857196,18:44:17.196,42.349734,-71.0779993,38.456,-32.060508968025346,0.12638168,1769642949766
1897,497287168,1769643857550,18:44:17.550,42.349734,-71.0779993,38.456,-32.060508968025346,0.12638168,1769642949766
1898,497549312,1769643857909,18:44:17.909,42.349734,-71.0779993,38.456,-32.060508968025346,0.12638168,1769642949766
1899,497811456,1769643858489,18:44:18.489,42.349734,-71.0779993,38.456,-32.060508968025346,0.12638168,1769642949766
1900,498073600,1769643858930,18:44:18.930,42.349734,-71.0779993,38.456,-32.060508968025346,0.12638168,1769642949766
1901,498335744,1769643859449,18:44:19.449,42.349734,-71.0779993,38.456,-32.060508968025346,0.12638168,1769642949766
1902,498597888,1769643859868,18:44:19.868,42.349734,-71.0779993,38.456,-32.060508968025346,0.12638168,1769642949766
1903,498860032,1769643860373,18:44:20.373,42.349734,-71.0779993,38.456,-32.060508968025346,0.12638168,1769642949766
1904,499122176,1769643860775,18:44:20.775,42.349734,-71.0779993,38.456,-32.060508968025346,0.12638168,1769642949766
1905,499384320,1769643861181,18:44:21.181,42.349734,-71.0779993,38.456,-32.060508968025346,0.12638168,1769642949766
1906,499646464,1769643861797,18:44:21.797,42.349734,-71.0779993,38.456,-32.060508968025346,0.12638168,1769642949766
1907,499908608,1769643862229,18:44:22.229,42.349734,-71.0779993,38.456,-32.060508968025346,0.12638168,1769642949766
1908,500170752,1769643862765,18:44:22.765,42.349734,-71.0779993,38.456,-32.060508968025346,0.12638168,1769642949766
1909,500432896,1769643863116,18:44:23.116,42.349734,-71.0779993,38.456,-32.060508968025346,0.12638168,1769642949766
1910,500695040,1769643863631,18:44:23.631,42.349734,-71.0779993,38.456,-32.060508968025346,0.12638168,1769642949766
1911,500957184,1769643864156,18:44:24.156,42.349734,-71.0779993,38.456,-32.060508968025346,0.12638168,1769642949766
1912,501219328,1769643864747,18:44:24.747,42.349734,-71.0779993,38.456,-32.060508968025346,0.12638168,1769642949766
1913,501481472,1769643865191,18:44:25.191,42.349734,-71.0779993,38.456,-32.060508968025346,0.12638168,1769642949766
1914,501743616,1769643865682,18:44:25.682,42.349734,-71.0779993,38.456,-32.060508968025346,0.12638168,1769642949766
1915,502005760,1769643866107,18:44:26.107,42.349734,-71.0779993,38.456,-32.060508968025346,0.12638168,1769642949766
1916,502267904,1769643866508,18:44:26.508,42.349734,-71.0779993,38.456,-32.060508968025346,0.12638168,1769642949766
1917,502530048,1769643866915,18:44:26.915,42.349734,-71.0779993,38.456,-32.060508968025346,0.12638168,1769642949766
1918,502792192,1769643867267,18:44:27.267,42.349734,-71.0779993,38.456,-32.060508968025346,0.12638168,1769642949766
1919,503054336,1769643867662,18:44:27.662,42.349734,-71.0779993,38.456,-32.060508968025346,0.12638168,1769642949766
1920,503316480,1769643868061,18:44:28.061,42.349734,-71.0779993,38.456,-32.060508968025346,0.12638168,1769642949766
1921,503578624,1769643868463,18:44:28.463,42.349734,-71.0779993,38.456,-32.060508968025346,0.12638168,1769642949766
1922,503840768,1769643868824,18:44:28.824,42.349734,-71.0779993,38.456,-32.060508968025346,0.12638168,1769642949766
1923,504102912,1769643869314,18:44:29.314,42.349734,-71.0779993,38.456,-32.060508968025346,0.12638168,1769642949766
1924,504365056,1769643869704,18:44:29.704,42.349734,-71.0779993,38.456,-32.060508968025346,0.12638168,1769642949766
1925,504627200,1769643870050,18:44:30.050,42.349734,-71.0779993,38.456,-32.060508968025346,0.12638168,1769642949766
1926,504889344,1769643870400,18:44:30.400,42.349734,-71.0779993,38.456,-32.060508968025346,0.12638168,1769642949766
1927,505151488,1769643870943,18:44:30.943,42.349734,-71.0779993,38.456,-32.060508968025346,0.12638168,1769642949766
1928,505413632,1769643871273,18:44:31.273,42.349734,-71.0779993,38.456,-32.060508968025346,0.12638168,1769642949766
1929,505675776,1769643871648,18:44:31.648,42.349734,-71.0779993,38.456,-32.060508968025346,0.12638168,1769642949766
1930,505937920,1769643872009,18:44:32.009,42.349734,-71.0779993,38.456,-32.060508968025346,0.12638168,1769642949766
1931,506200064,1769643872343,18:44:32.343,42.349734,-71.0779993,38.456,-32.060508968025346,0.12638168,1769642949766
1932,506462208,1769643872697,18:44:32.697,42.349734,-71.0779993,38.456,-32.060508968025346,0.12638168,1769642949766
1933,506724352,1769643873047,18:44:33.047,42.349734,-71.0779993,38.456,-32.060508968025346,0.12638168,1769642949766
1934,506986496,1769643873395,18:44:33.395,42.349734,-71.0779993,38.456,-32.060508968025346,0.12638168,1769642949766
1935,507248640,1769643873748,18:44:33.748,42.349734,-71.0779993,38.456,-32.060508968025346,0.12638168,1769642949766
1936,507510784,1769643874097,18:44:34.097,42.349734,-71.0779993,38.456,-32.060508968025346,0.12638168,1769642949766
1937,507772928,1769643874448,18:44:34.448,42.349734,-71.0779993,38.456,-32.060508968025346,0.12638168,1769642949766
1938,508035072,1769643874803,18:44:34.803,42.349734,-71.0779993,38.456,-32.060508968025346,0.12638168,1769642949766
1939,508297216,1769643875172,18:44:35.172,42.349734,-71.0779993,38.456,-32.060508968025346,0.12638168,1769642949766
1940,508559360,1769643875628,18:44:35.628,42.349734,-71.0779993,38.456,-32.060508968025346,0.12638168,1769642949766
1941,508821504,1769643876009,18:44:36.009,42.349734,-71.0779993,38.456,-32.060508968025346,0.12638168,1769642949766
1942,509083648,1769643876360,18:44:36.360,42.349734,-71.0779993,38.456,-32.060508968025346,0.12638168,1769642949766
1943,509345792,1769643876877,18:44:36.877,42.349734,-71.0779993,38.456,-32.060508968025346,0.12638168,1769642949766
1944,509607936,1769643877238,18:44:37.238,42.349734,-71.0779993,38.456,-32.060508968025346,0.12638168,1769642949766
1945,509870080,1769643877624,18:44:37.624,42.349734,-71.0779993,38.456,-32.060508968025346,0.12638168,1769642949766
1946,510132224,1769643877976,18:44:37.976,42.349734,-71.0779993,38.456,-32.060508968025346,0.12638168,1769642949766
1947,510394368,1769643878326,18:44:38.326,42.349734,-71.0779993,38.456,-32.060508968025346,0.12638168,1769642949766
1948,510656512,1769643878676,18:44:38.676,42.349734,-71.0779993,38.456,-32.060508968025346,0.12638168,1769642949766
1949,510918656,1769643879115,18:44:39.115,42.349734,-71.0779993,38.456,-32.060508968025346,0.12638168,1769642949766
1950,511180800,1769643879510,18:44:39.510,42.349734,-71.0779993,38.456,-32.060508968025346,0.12638168,1769642949766
1951,511442944,1769643879866,18:44:39.866,42.349734,-71.0779993,38.456,-32.060508968025346,0.12638168,1769642949766
1952,511705088,1769643880219,18:44:40.219,42.349734,-71.0779993,38.456,-32.060508968025346,0.12638168,1769642949766
1953,511967232,1769643880672,18:44:40.672,42.349734,-71.0779993,38.456,-32.060508968025346,0.12638168,1769642949766
1954,512229376,1769643881011,18:44:41.011,42.349734,-71.0779993,38.456,-32.060508968025346,0.12638168,1769642949766
1955,512491520,1769643881476,18:44:41.476,42.349734,-71.0779993,38.456,-32.060508968025346,0.12638168,1769642949766
1956,512753664,1769643881871,18:44:41.871,42.349734,-71.0779993,38.456,-32.060508968025346,0.12638168,1769642949766
1957,513015808,1769643882202,18:44:42.202,42.349734,-71.0779993,38.456,-32.060508968025346,0.12638168,1769642949766
1958,513277952,1769643882623,18:44:42.623,42.349734,-71.0779993,38.456,-32.060508968025346,0.12638168,1769642949766
1959,513540096,1769643883162,18:44:43.162,42.349734,-71.0779993,38.456,-32.060508968025346,0.12638168,1769642949766
1960,513802240,1769643883514,18:44:43.514,42.349734,-71.0779993,38.456,-32.060508968025346,0.12638168,1769642949766
1961,514064384,1769643883861,18:44:43.861,42.349734,-71.0779993,38.456,-32.060508968025346,0.12638168,1769642949766
1962,514326528,1769643884210,18:44:44.210,42.349734,-71.0779993,38.456,-32.060508968025346,0.12638168,1769642949766
1963,514588672,1769643884604,18:44:44.604,42.349734,-71.0779993,38.456,-32.060508968025346,0.12638168,1769642949766
1964,514850816,1769643885126,18:44:45.126,42.349734,-71.0779993,38.456,-32.060508968025346,0.12638168,1769642949766
1965,515112960,1769643885643,18:44:45.643,42.349734,-71.0779993,38.456,-32.060508968025346,0.12638168,1769642949766
1966,515375104,1769643886027,18:44:46.027,42.349734,-71.0779993,38.456,-32.060508968025346,0.12638168,1769642949766
1967,515637248,1769643886577,18:44:46.577,42.349734,-71.0779993,38.456,-32.060508968025346,0.12638168,1769642949766
1968,515899392,1769643887125,18:44:47.125,42.349734,-71.0779993,38.456,-32.060508968025346,0.12638168,1769642949766
1969,516161536,1769643887601,18:44:47.601,42.349734,-71.0779993,38.456,-32.060508968025346,0.12638168,1769642949766
1970,516423680,1769643887996,18:44:47.996,42.349734,-71.0779993,38.456,-32.060508968025346,0.12638168,1769642949766
1971,516685824,1769643888569,18:44:48.569,42.349734,-71.0779993,38.456,-32.060508968025346,0.12638168,1769642949766
1972,516947968,1769643889100,18:44:49.100,42.349734,-71.0779993,38.456,-32.060508968025346,0.12638168,1769642949766
1973,517210112,1769643889620,18:44:49.620,42.349734,-71.0779993,38.456,-32.060508968025346,0.12638168,1769642949766
1974,517472256,1769643889969,18:44:49.969,42.349734,-71.0779993,38.456,-32.060508968025346,0.12638168,1769642949766
1975,517734400,1769643890323,18:44:50.323,42.349734,-71.0779993,38.456,-32.060508968025346,0.12638168,1769642949766
1976,517996544,1769643890808,18:44:50.808,42.349734,-71.0779993,38.456,-32.060508968025346,0.12638168,1769642949766
1977,518258688,1769643891355,18:44:51.355,42.349734,-71.0779993,38.456,-32.060508968025346,0.12638168,1769642949766
1978,518520832,1769643891782,18:44:51.782,42.349734,-71.0779993,38.456,-32.060508968025346,0.12638168,1769642949766
1979,518782976,1769643892156,18:44:52.156,42.349734,-71.0779993,38.456,-32.060508968025346,0.12638168,1769642949766
1980,519045120,1769643892689,18:44:52.689,42.349734,-71.0779993,38.456,-32.060508968025346,0.12638168,1769642949766
1981,519307264,1769643893092,18:44:53.092,42.349734,-71.0779993,38.456,-32.060508968025346,0.12638168,1769642949766
1982,519569408,1769643893782,18:44:53.782,42.349734,-71.0779993,38.456,-32.060508968025346,0.12638168,1769642949766
1983,519831552,1769643894379,18:44:54.379,42.349734,-71.0779993,38.456,-32.060508968025346,0.12638168,1769642949766
1984,520093696,1769643894903,18:44:54.903,42.349734,-71.0779993,38.456,-32.060508968025346,0.12638168,1769642949766
1985,520355840,1769643895416,18:44:55.416,42.349734,-71.0779993,38.456,-32.060508968025346,0.12638168,1769642949766
1986,520617984,1769643895954,18:44:55.954,42.349734,-71.0779993,38.456,-32.060508968025346,0.12638168,1769642949766
1987,520880128,1769643896513,18:44:56.513,42.349734,-71.0779993,38.456,-32.060508968025346,0.12638168,1769642949766
1988,521142272,1769643896907,18:44:56.907,42.349734,-71.0779993,38.456,-32.060508968025346,0.12638168,1769642949766
1989,521404416,1769643897414,18:44:57.414,42.349734,-71.0779993,38.456,-32.060508968025346,0.12638168,1769642949766
1990,521666560,1769643897900,18:44:57.900,42.349734,-71.0779993,38.456,-32.060508968025346,0.12638168,1769642949766
1991,521928704,1769643898378,18:44:58.378,42.349734,-71.0779993,38.456,-32.060508968025346,0.12638168,1769642949766
1992,522190848,1769643898750,18:44:58.750,42.349734,-71.0779993,38.456,-32.060508968025346,0.12638168,1769642949766
1993,522452992,1769643899123,18:44:59.123,42.349734,-71.0779993,38.456,-32.060508968025346,0.12638168,1769642949766
1994,522715136,1769643899440,18:44:59.440,42.349734,-71.0779993,38.456,-32.060508968025346,0.12638168,1769642949766
1995,522977280,1769643899796,18:44:59.796,42.349734,-71.0779993,38.456,-32.060508968025346,0.12638168,1769642949766
1996,523239424,1769643900156,18:45:00.156,42.349734,-71.0779993,38.456,-32.060508968025346,0.12638168,1769642949766
1997,523501568,1769643900498,18:45:00.498,42.349734,-71.0779993,38.456,-32.060508968025346,0.12638168,1769642949766
1998,523763712,1769643900848,18:45:00.848,42.349734,-71.0779993,38.456,-32.060508968025346,0.12638168,1769642949766
1999,524025856,1769643901197,18:45:01.197,42.349734,-71.0779993,38.456,-32.060508968025346,0.12638168,1769642949766
2000,524288000,1769643901607,18:45:01.607,42.349734,-71.0779993,38.456,-32.060508968025346,0.12638168,1769642949766
2001,524550144,1769643901973,18:45:01.973,42.349734,-71.0779993,38.456,-32.060508968025346,0.12638168,1769642949766
2002,524812288,1769643902324,18:45:02.324,42.349734,-71.0779993,38.456,-32.060508968025346,0.12638168,1769642949766
2003,525074432,1769643902805,18:45:02.805,42.349734,-71.0779993,38.456,-32.060508968025346,0.12638168,1769642949766
2004,525336576,1769643903368,18:45:03.368,42.349734,-71.0779993,38.456,-32.060508968025346,0.12638168,1769642949766
2005,525598720,1769643903964,18:45:03.964,42.349734,-71.0779993,38.456,-32.060508968025346,0.12638168,1769642949766
2006,525860864,1769643904409,18:45:04.409,42.349734,-71.0779993,38.456,-32.060508968025346,0.12638168,1769642949766
2007,526123008,1769643905153,18:45:05.153,42.349734,-71.0779993,38.456,-32.060508968025346,0.12638168,1769642949766
2008,526385152,1769643905618,18:45:05.618,42.349734,-71.0779993,38.456,-32.060508968025346,0.12638168,1769642949766
2009,526647296,1769643905999,18:45:05.999,42.349734,-71.0779993,38.456,-32.060508968025346,0.12638168,1769642949766
2010,526909440,1769643906593,18:45:06.593,42.349734,-71.0779993,38.456,-32.060508968025346,0.12638168,1769642949766
2011,527171584,1769643907113,18:45:07.113,42.349734,-71.0779993,38.456,-32.060508968025346,0.12638168,1769642949766
2012,527433728,1769643907557,18:45:07.557,42.349734,-71.0779993,38.456,-32.060508968025346,0.12638168,1769642949766
2013,527695872,1769643907996,18:45:07.996,42.349734,-71.0779993,38.456,-32.060508968025346,0.12638168,1769642949766
2014,527958016,1769643908449,18:45:08.449,42.349734,-71.0779993,38.456,-32.060508968025346,0.12638168,1769642949766
2015,528220160,1769643908989,18:45:08.989,42.349734,-71.0779993,38.456,-32.060508968025346,0.12638168,1769642949766
2016,528482304,1769643909489,18:45:09.489,42.349734,-71.0779993,38.456,-32.060508968025346,0.12638168,1769642949766
2017,528744448,1769643910258,18:45:10.258,42.349734,-71.0779993,38.456,-32.060508968025346,0.12638168,1769642949766
2018,529006592,1769643910761,18:45:10.761,42.349734,-71.0779993,38.456,-32.060508968025346,0.12638168,1769642949766
2019,529268736,1769643911290,18:45:11.290,42.349734,-71.0779993,38.456,-32.060508968025346,0.12638168,1769642949766
2020,529530880,1769643911888,18:45:11.888,42.349734,-71.0779993,38.456,-32.060508968025346,0.12638168,1769642949766
2021,529793024,1769643912231,18:45:12.231,42.349734,-71.0779993,38.456,-32.060508968025346,0.12638168,1769642949766
2022,530055168,1769643912614,18:45:12.614,42.349734,-71.0779993,38.456,-32.060508968025346,0.12638168,1769642949766
2023,530317312,1769643912941,18:45:12.941,42.349734,-71.0779993,38.456,-32.060508968025346,0.12638168,1769642949766
2024,530579456,1769643913281,18:45:13.281,42.349734,-71.0779993,38.456,-32.060508968025346,0.12638168,1769642949766
2025,530841600,1769643913711,18:45:13.711,42.349734,-71.0779993,38.456,-32.060508968025346,0.12638168,1769642949766
2026,531103744,1769643914191,18:45:14.191,42.349734,-71.0779993,38.456,-32.060508968025346,0.12638168,1769642949766
2027,531365888,1769643914678,18:45:14.678,42.349734,-71.0779993,38.456,-32.060508968025346,0.12638168,1769642949766
2028,531628032,1769643915053,18:45:15.053,42.349734,-71.0779993,38.456,-32.060508968025346,0.12638168,1769642949766
2029,531890176,1769643915416,18:45:15.416,42.349734,-71.0779993,38.456,-32.060508968025346,0.12638168,1769642949766
2030,532152320,1769643915756,18:45:15.756,42.349734,-71.0779993,38.456,-32.060508968025346,0.12638168,1769642949766
2031,532414464,1769643916062,18:45:16.062,42.349734,-71.0779993,38.456,-32.060508968025346,0.12638168,1769642949766
2032,532676608,1769643916401,18:45:16.401,42.349734,-71.0779993,38.456,-32.060508968025346,0.12638168,1769642949766
2033,532938752,1769643916805,18:45:16.805,42.349734,-71.0779993,38.456,-32.060508968025346,0.12638168,1769642949766
2034,533200896,1769643917193,18:45:17.193,42.349734,-71.0779993,38.456,-32.060508968025346,0.12638168,1769642949766
2035,533463040,1769643917506,18:45:17.506,42.349734,-71.0779993,38.456,-32.060508968025346,0.12638168,1769642949766
2036,533725184,1769643917816,18:45:17.816,42.349734,-71.0779993,38.456,-32.060508968025346,0.12638168,1769642949766
2037,533987328,1769643918159,18:45:18.159,42.349734,-71.0779993,38.456,-32.060508968025346,0.12638168,1769642949766
2038,534249472,1769643918515,18:45:18.515,42.349734,-71.0779993,38.456,-32.060508968025346,0.12638168,1769642949766
2039,534511616,1769643918860,18:45:18.860,42.349734,-71.0779993,38.456,-32.060508968025346,0.12638168,1769642949766
2040,534773760,1769643919220,18:45:19.220,42.349734,-71.0779993,38.456,-32.060508968025346,0.12638168,1769642949766
2041,535035904,1769643919610,18:45:19.610,42.349734,-71.0779993,38.456,-32.060508968025346,0.12638168,1769642949766
2042,535298048,1769643920088,18:45:20.088,42.349734,-71.0779993,38.456,-32.060508968025346,0.12638168,1769642949766
2043,535560192,1769643920656,18:45:20.656,42.349734,-71.0779993,38.456,-32.060508968025346,0.12638168,1769642949766
2044,535822336,1769643921001,18:45:21.001,42.349734,-71.0779993,38.456,-32.060508968025346,0.12638168,1769642949766
2045,536084480,1769643921351,18:45:21.351,42.349734,-71.0779993,38.456,-32.060508968025346,0.12638168,1769642949766
2046,536346624,1769643921783,18:45:21.783,42.349734,-71.0779993,38.456,-32.060508968025346,0.12638168,1769642949766
2047,536608768,1769643922147,18:45:22.147,42.349734,-71.0779993,38.456,-32.060508968025346,0.12638168,1769642949766
2048,536870912,1769643922446,18:45:22.446,42.349734,-71.0779993,38.456,-32.060508968025346,0.12638168,1769642949766
2049,537133056,1769643922791,18:45:22.791,42.349734,-71.0779993,38.456,-32.060508968025346,0.12638168,1769642949766
2050,537395200,1769643923117,18:45:23.117,42.349734,-71.0779993,38.456,-32.060508968025346,0.12638168,1769642949766
2051,537657344,1769643923529,18:45:23.529,42.349734,-71.0779993,38.456,-32.060508968025346,0.12638168,1769642949766
2052,537919488,1769643923917,18:45:23.917,42.349734,-71.0779993,38.456,-32.060508968025346,0.12638168,1769642949766
2053,538181632,1769643924364,18:45:24.364,42.349734,-71.0779993,38.456,-32.060508968025346,0.12638168,1769642949766
2054,538443776,1769643924788,18:45:24.788,42.349734,-71.0779993,38.456,-32.060508968025346,0.12638168,1769642949766
2055,538705920,1769643925175,18:45:25.175,42.349734,-71.0779993,38.456,-32.060508968025346,0.12638168,1769642949766
2056,538968064,1769643925660,18:45:25.660,42.349734,-71.0779993,38.456,-32.060508968025346,0.12638168,1769642949766
2057,539230208,1769643926020,18:45:26.020,42.349734,-71.0779993,38.456,-32.060508968025346,0.12638168,1769642949766
2058,539492352,1769643926440,18:45:26.440,42.349734,-71.0779993,38.456,-32.060508968025346,0.12638168,1769642949766
2059,539754496,1769643926818,18:45:26.818,42.349734,-71.0779993,38.456,-32.060508968025346,0.12638168,1769642949766
2060,540016640,1769643927187,18:45:27.187,42.349734,-71.0779993,38.456,-32.060508968025346,0.12638168,1769642949766
2061,540278784,1769643927534,18:45:27.534,42.349734,-71.0779993,38.456,-32.060508968025346,0.12638168,1769642949766
2062,540540928,1769643927887,18:45:27.887,42.349734,-71.0779993,38.456,-32.060508968025346,0.12638168,1769642949766
2063,540803072,1769643928233,18:45:28.233,42.349734,-71.0779993,38.456,-32.060508968025346,0.12638168,1769642949766
2064,541065216,1769643928584,18:45:28.584,42.349734,-71.0779993,38.456,-32.060508968025346,0.12638168,1769642949766
2065,541327360,1769643928935,18:45:28.935,42.349734,-71.0779993,38.456,-32.060508968025346,0.12638168,1769642949766
2066,541589504,1769643929288,18:45:29.288,42.349734,-71.0779993,38.456,-32.060508968025346,0.12638168,1769642949766
2067,541851648,1769643929636,18:45:29.636,42.349734,-71.0779993,38.456,-32.060508968025346,0.12638168,1769642949766
2068,542113792,1769643929993,18:45:29.993,42.349734,-71.0779993,38.456,-32.060508968025346,0.12638168,1769642949766
2069,542375936,1769643930374,18:45:30.374,42.349734,-71.0779993,38.456,-32.060508968025346,0.12638168,1769642949766
2070,542638080,1769643930760,18:45:30.760,42.349734,-71.0779993,38.456,-32.060508968025346,0.12638168,1769642949766
2071,542900224,1769643931169,18:45:31.169,42.349734,-71.0779993,38.456,-32.060508968025346,0.12638168,1769642949766
2072,543162368,1769643931517,18:45:31.517,42.349734,-71.0779993,38.456,-32.060508968025346,0.12638168,1769642949766
2073,543424512,1769643931889,18:45:31.889,42.349734,-71.0779993,38.456,-32.060508968025346,0.12638168,1769642949766
2074,543686656,1769643932500,18:45:32.500,42.349734,-71.0779993,38.456,-32.060508968025346,0.12638168,1769642949766
2075,543948800,1769643932910,18:45:32.910,42.349734,-71.0779993,38.456,-32.060508968025346,0.12638168,1769642949766
2076,544210944,1769643933308,18:45:33.308,42.349734,-71.0779993,38.456,-32.060508968025346,0.12638168,1769642949766
2077,544473088,1769643933674,18:45:33.674,42.349734,-71.0779993,38.456,-32.060508968025346,0.12638168,1769642949766
2078,544735232,1769643934026,18:45:34.026,42.349734,-71.0779993,38.456,-32.060508968025346,0.12638168,1769642949766
2079,544997376,1769643934375,18:45:34.375,42.349734,-71.0779993,38.456,-32.060508968025346,0.12638168,1769642949766
2080,545259520,1769643934920,18:45:34.920,42.349734,-71.0779993,38.456,-32.060508968025346,0.12638168,1769642949766
2081,545521664,1769643935369,18:45:35.369,42.349734,-71.0779993,38.456,-32.060508968025346,0.12638168,1769642949766
2082,545783808,1769643935700,18:45:35.700,42.349734,-71.0779993,38.456,-32.060508968025346,0.12638168,1769642949766
2083,546045952,1769643936053,18:45:36.053,42.349734,-71.0779993,38.456,-32.060508968025346,0.12638168,1769642949766
2084,546308096,1769643936404,18:45:36.404,42.349734,-71.0779993,38.456,-32.060508968025346,0.12638168,1769642949766
2085,546570240,1769643936757,18:45:36.757,42.349734,-71.0779993,38.456,-32.060508968025346,0.12638168,1769642949766
2086,546832384,1769643937099,18:45:37.099,42.349734,-71.0779993,38.456,-32.060508968025346,0.12638168,1769642949766
2087,547094528,1769643937423,18:45:37.423,42.349734,-71.0779993,38.456,-32.060508968025346,0.12638168,1769642949766
2088,547356672,1769643937813,18:45:37.813,42.349734,-71.0779993,38.456,-32.060508968025346,0.12638168,1769642949766
2089,547618816,1769643938168,18:45:38.168,42.349734,-71.0779993,38.456,-32.060508968025346,0.12638168,1769642949766
2090,547880960,1769643938515,18:45:38.515,42.349734,-71.0779993,38.456,-32.060508968025346,0.12638168,1769642949766
2091,548143104,1769643938870,18:45:38.870,42.349734,-71.0779993,38.456,-32.060508968025346,0.12638168,1769642949766
2092,548405248,1769643939217,18:45:39.217,42.349734,-71.0779993,38.456,-32.060508968025346,0.12638168,1769642949766
2093,548667392,1769643939663,18:45:39.663,42.349734,-71.0779993,38.456,-32.060508968025346,0.12638168,1769642949766
2094,548929536,1769643940202,18:45:40.202,42.349734,-71.0779993,38.456,-32.060508968025346,0.12638168,1769642949766
2095,549191680,1769643940604,18:45:40.604,42.349734,-71.0779993,38.456,-32.060508968025346,0.12638168,1769642949766
2096,549453824,1769643940987,18:45:40.987,42.349734,-71.0779993,38.456,-32.060508968025346,0.12638168,1769642949766
2097,549715968,1769643941360,18:45:41.360,42.349734,-71.0779993,38.456,-32.060508968025346,0.12638168,1769642949766
2098,549978112,1769643941758,18:45:41.758,42.349734,-71.0779993,38.456,-32.060508968025346,0.12638168,1769642949766
2099,550240256,1769643942183,18:45:42.183,42.349734,-71.0779993,38.456,-32.060508968025346,0.12638168,1769642949766
2100,550502400,1769643942667,18:45:42.667,42.349734,-71.0779993,38.456,-32.060508968025346,0.12638168,1769642949766
2101,550764544,1769643943104,18:45:43.104,42.349734,-71.0779993,38.456,-32.060508968025346,0.12638168,1769642949766
2102,551026688,1769643943681,18:45:43.681,42.349734,-71.0779993,38.456,-32.060508968025346,0.12638168,1769642949766
2103,551288832,1769643944071,18:45:44.071,42.349734,-71.0779993,38.456,-32.060508968025346,0.12638168,1769642949766
2104,551550976,1769643944465,18:45:44.465,42.349734,-71.0779993,38.456,-32.060508968025346,0.12638168,1769642949766
2105,551813120,1769643944994,18:45:44.994,42.349734,-71.0779993,38.456,-32.060508968025346,0.12638168,1769642949766
2106,552075264,1769643945553,18:45:45.553,42.349734,-71.0779993,38.456,-32.060508968025346,0.12638168,1769642949766
2107,552337408,1769643946078,18:45:46.078,42.349734,-71.0779993,38.456,-32.060508968025346,0.12638168,1769642949766
2108,552599552,1769643946541,18:45:46.541,42.349734,-71.0779993,38.456,-32.060508968025346,0.12638168,1769642949766
2109,552861696,1769643947056,18:45:47.056,42.349734,-71.0779993,38.456,-32.060508968025346,0.12638168,1769642949766
2110,553123840,1769643947572,18:45:47.572,42.349734,-71.0779993,38.456,-32.060508968025346,0.12638168,1769642949766
2111,553385984,1769643948083,18:45:48.083,42.349734,-71.0779993,38.456,-32.060508968025346,0.12638168,1769642949766
2112,553648128,1769643948635,18:45:48.635,42.349734,-71.0779993,38.456,-32.060508968025346,0.12638168,1769642949766
2113,553910272,1769643949101,18:45:49.101,42.349734,-71.0779993,38.456,-32.060508968025346,0.12638168,1769642949766
2114,554172416,1769643949625,18:45:49.625,42.349734,-71.0779993,38.456,-32.060508968025346,0.12638168,1769642949766
2115,554434560,1769643950187,18:45:50.187,42.349734,-71.0779993,38.456,-32.060508968025346,0.12638168,1769642949766
2116,554696704,1769643950561,18:45:50.561,42.349734,-71.0779993,38.456,-32.060508968025346,0.12638168,1769642949766
2117,554958848,1769643950943,18:45:50.943,42.349734,-71.0779993,38.456,-32.060508968025346,0.12638168,1769642949766
2118,555220992,1769643951728,18:45:51.728,42.349734,-71.0779993,38.456,-32.060508968025346,0.12638168,1769642949766
2119,555483136,1769643952273,18:45:52.273,42.349734,-71.0779993,38.456,-32.060508968025346,0.12638168,1769642949766
2120,555745280,1769643952817,18:45:52.817,42.349734,-71.0779993,38.456,-32.060508968025346,0.12638168,1769642949766
2121,556007424,1769643953168,18:45:53.168,42.349734,-71.0779993,38.456,-32.060508968025346,0.12638168,1769642949766
2122,556269568,1769643953521,18:45:53.521,42.349734,-71.0779993,38.456,-32.060508968025346,0.12638168,1769642949766
2123,556531712,1769643953923,18:45:53.923,42.349734,-71.0779993,38.456,-32.060508968025346,0.12638168,1769642949766
2124,556793856,1769643954315,18:45:54.315,42.349734,-71.0779993,38.456,-32.060508968025346,0.12638168,1769642949766
2125,557056000,1769643954729,18:45:54.729,42.349734,-71.0779993,38.456,-32.060508968025346,0.12638168,1769642949766
2126,557318144,1769643955302,18:45:55.302,42.349734,-71.0779993,38.456,-32.060508968025346,0.12638168,1769642949766
2127,557580288,1769643955833,18:45:55.833,42.349734,-71.0779993,38.456,-32.060508968025346,0.12638168,1769642949766
2128,557842432,1769643956367,18:45:56.367,42.349734,-71.0779993,38.456,-32.060508968025346,0.12638168,1769642949766
2129,558104576,1769643956915,18:45:56.915,42.349734,-71.0779993,38.456,-32.060508968025346,0.12638168,1769642949766
2130,558366720,1769643957447,18:45:57.447,42.349734,-71.0779993,38.456,-32.060508968025346,0.12638168,1769642949766
2131,558628864,1769643958194,18:45:58.194,42.349734,-71.0779993,38.456,-32.060508968025346,0.12638168,1769642949766
2132,558891008,1769643958780,18:45:58.780,42.349734,-71.0779993,38.456,-32.060508968025346,0.12638168,1769642949766
2133,559153152,1769643959109,18:45:59.109,42.349734,-71.0779993,38.456,-32.060508968025346,0.12638168,1769642949766
2134,559415296,1769643959718,18:45:59.718,42.349734,-71.0779993,38.456,-32.060508968025346,0.12638168,1769642949766
2135,559677440,1769643960463,18:46:00.463,42.349734,-71.0779993,38.456,-32.060508968025346,0.12638168,1769642949766
2136,559939584,1769643960873,18:46:00.873,42.349734,-71.0779993,38.456,-32.060508968025346,0.12638168,1769642949766
2137,560201728,1769643961243,18:46:01.243,42.349734,-71.0779993,38.456,-32.060508968025346,0.12638168,1769642949766
2138,560463872,1769643961648,18:46:01.648,42.349734,-71.0779993,38.456,-32.060508968025346,0.12638168,1769642949766
2139,560726016,1769643962238,18:46:02.238,42.349734,-71.0779993,38.456,-32.060508968025346,0.12638168,1769642949766
2140,560988160,1769643962572,18:46:02.572,42.349734,-71.0779993,38.456,-32.060508968025346,0.12638168,1769642949766
2141,561250304,1769643962923,18:46:02.923,42.349734,-71.0779993,38.456,-32.060508968025346,0.12638168,1769642949766
2142,561512448,1769643963415,18:46:03.415,42.349734,-71.0779993,38.456,-32.060508968025346,0.12638168,1769642949766
2143,561774592,1769643964004,18:46:04.004,42.349734,-71.0779993,38.456,-32.060508968025346,0.12638168,1769642949766
2144,562036736,1769643964399,18:46:04.399,42.349734,-71.0779993,38.456,-32.060508968025346,0.12638168,1769642949766
2145,562298880,1769643964763,18:46:04.763,42.349734,-71.0779993,38.456,-32.060508968025346,0.12638168,1769642949766
2146,562561024,1769643965234,18:46:05.234,42.349734,-71.0779993,38.456,-32.060508968025346,0.12638168,1769642949766
2147,562823168,1769643965877,18:46:05.877,42.349734,-71.0779993,38.456,-32.060508968025346,0.12638168,1769642949766
2148,563085312,1769643966612,18:46:06.612,42.349734,-71.0779993,38.456,-32.060508968025346,0.12638168,1769642949766
2149,563347456,1769643966970,18:46:06.970,42.349734,-71.0779993,38.456,-32.060508968025346,0.12638168,1769642949766
2150,563609600,1769643967434,18:46:07.434,42.349734,-71.0779993,38.456,-32.060508968025346,0.12638168,1769642949766
2151,563871744,1769643967943,18:46:07.943,42.349734,-71.0779993,38.456,-32.060508968025346,0.12638168,1769642949766
2152,564133888,1769643968568,18:46:08.568,42.349734,-71.0779993,38.456,-32.060508968025346,0.12638168,1769642949766
2153,564396032,1769643968999,18:46:08.999,42.349734,-71.0779993,38.456,-32.060508968025346,0.12638168,1769642949766
2154,564658176,1769643969400,18:46:09.400,42.349734,-71.0779993,38.456,-32.060508968025346,0.12638168,1769642949766
2155,564920320,1769643969783,18:46:09.783,42.349734,-71.0779993,38.456,-32.060508968025346,0.12638168,1769642949766
2156,565182464,1769643970208,18:46:10.208,42.349734,-71.0779993,38.456,-32.060508968025346,0.12638168,1769642949766
2157,565444608,1769643970623,18:46:10.623,42.349734,-71.0779993,38.456,-32.060508968025346,0.12638168,1769642949766
2158,565706752,1769643971015,18:46:11.015,42.349734,-71.0779993,38.456,-32.060508968025346,0.12638168,1769642949766
2159,565968896,1769643971365,18:46:11.365,42.349734,-71.0779993,38.456,-32.060508968025346,0.12638168,1769642949766
2160,566231040,1769643971717,18:46:11.717,42.349734,-71.0779993,38.456,-32.060508968025346,0.12638168,1769642949766
2161,566493184,1769643972088,18:46:12.088,42.349734,-71.0779993,38.456,-32.060508968025346,0.12638168,1769642949766
2162,566755328,1769643972557,18:46:12.557,42.349734,-71.0779993,38.456,-32.060508968025346,0.12638168,1769642949766
2163,567017472,1769643973278,18:46:13.278,42.349734,-71.0779993,38.456,-32.060508968025346,0.12638168,1769642949766
2164,567279616,1769643973627,18:46:13.627,42.349734,-71.0779993,38.456,-32.060508968025346,0.12638168,1769642949766
2165,567541760,1769643974147,18:46:14.147,42.349734,-71.0779993,38.456,-32.060508968025346,0.12638168,1769642949766
2166,567803904,1769643974670,18:46:14.670,42.349734,-71.0779993,38.456,-32.060508968025346,0.12638168,1769642949766
2167,568066048,1769643975122,18:46:15.122,42.349734,-71.0779993,38.456,-32.060508968025346,0.12638168,1769642949766
2168,568328192,1769643975535,18:46:15.535,42.349734,-71.0779993,38.456,-32.060508968025346,0.12638168,1769642949766
2169,568590336,1769643975887,18:46:15.887,42.349734,-71.0779993,38.456,-32.060508968025346,0.12638168,1769642949766
2170,568852480,1769643976258,18:46:16.258,42.349734,-71.0779993,38.456,-32.060508968025346,0.12638168,1769642949766
2171,569114624,1769643976628,18:46:16.628,42.349734,-71.0779993,38.456,-32.060508968025346,0.12638168,1769642949766
2172,569376768,1769643977044,18:46:17.044,42.349734,-71.0779993,38.456,-32.060508968025346,0.12638168,1769642949766
2173,569638912,1769643977586,18:46:17.586,42.349734,-71.0779993,38.456,-32.060508968025346,0.12638168,1769642949766
2174,569901056,1769643978220,18:46:18.220,42.349734,-71.0779993,38.456,-32.060508968025346,0.12638168,1769642949766
2175,570163200,1769643978746,18:46:18.746,42.349734,-71.0779993,38.456,-32.060508968025346,0.12638168,1769642949766
2176,570425344,1769643979195,18:46:19.195,42.349734,-71.0779993,38.456,-32.060508968025346,0.12638168,1769642949766
2177,570687488,1769643979583,18:46:19.583,42.349734,-71.0779993,38.456,-32.060508968025346,0.12638168,1769642949766
2178,570949632,1769643980045,18:46:20.045,42.349734,-71.0779993,38.456,-32.060508968025346,0.12638168,1769642949766
2179,571211776,1769643980589,18:46:20.589,42.349734,-71.0779993,38.456,-32.060508968025346,0.12638168,1769642949766
2180,571473920,1769643981254,18:46:21.254,42.349734,-71.0779993,38.456,-32.060508968025346,0.12638168,1769642949766
2181,571736064,1769643981833,18:46:21.833,42.349734,-71.0779993,38.456,-32.060508968025346,0.12638168,1769642949766
2182,571998208,1769643982176,18:46:22.176,42.349734,-71.0779993,38.456,-32.060508968025346,0.12638168,1769642949766
2183,572260352,1769643982525,18:46:22.525,42.349734,-71.0779993,38.456,-32.060508968025346,0.12638168,1769642949766
2184,572522496,1769643982877,18:46:22.877,42.349734,-71.0779993,38.456,-32.060508968025346,0.12638168,1769642949766
2185,572784640,1769643983226,18:46:23.226,42.349734,-71.0779993,38.456,-32.060508968025346,0.12638168,1769642949766
2186,573046784,1769643983577,18:46:23.577,42.349734,-71.0779993,38.456,-32.060508968025346,0.12638168,1769642949766
2187,573308928,1769643983933,18:46:23.933,42.349734,-71.0779993,38.456,-32.060508968025346,0.12638168,1769642949766
2188,573571072,1769643984279,18:46:24.279,42.349734,-71.0779993,38.456,-32.060508968025346,0.12638168,1769642949766
2189,573833216,1769643984749,18:46:24.749,42.349734,-71.0779993,38.456,-32.060508968025346,0.12638168,1769642949766
2190,574095360,1769643985320,18:46:25.320,42.349734,-71.0779993,38.456,-32.060508968025346,0.12638168,1769642949766
2191,574357504,1769643985806,18:46:25.806,42.349734,-71.0779993,38.456,-32.060508968025346,0.12638168,1769642949766
2192,574619648,1769643986207,18:46:26.207,42.349734,-71.0779993,38.456,-32.060508968025346,0.12638168,1769642949766
2193,574881792,1769643986607,18:46:26.607,42.349734,-71.0779993,38.456,-32.060508968025346,0.12638168,1769642949766
2194,575143936,1769643986994,18:46:26.994,42.349734,-71.0779993,38.456,-32.060508968025346,0.12638168,1769642949766
2195,575406080,1769643987403,18:46:27.403,42.349734,-71.0779993,38.456,-32.060508968025346,0.12638168,1769642949766
2196,575668224,1769643987921,18:46:27.921,42.349734,-71.0779993,38.456,-32.060508968025346,0.12638168,1769642949766
2197,575930368,1769643988413,18:46:28.413,42.349734,-71.0779993,38.456,-32.060508968025346,0.12638168,1769642949766
2198,576192512,1769643989088,18:46:29.088,42.349734,-71.0779993,38.456,-32.060508968025346,0.12638168,1769642949766
2199,576454656,1769643989434,18:46:29.434,42.349734,-71.0779993,38.456,-32.060508968025346,0.12638168,1769642949766
2200,576716800,1769643989788,18:46:29.788,42.349734,-71.0779993,38.456,-32.060508968025346,0.12638168,1769642949766
2201,576978944,1769643990136,18:46:30.136,42.349734,-71.0779993,38.456,-32.060508968025346,0.12638168,1769642949766
2202,577241088,1769643990488,18:46:30.488,42.349734,-71.0779993,38.456,-32.060508968025346,0.12638168,1769642949766
2203,577503232,1769643990888,18:46:30.888,42.349734,-71.0779993,38.456,-32.060508968025346,0.12638168,1769642949766
2204,577765376,1769643991254,18:46:31.254,42.349734,-71.0779993,38.456,-32.060508968025346,0.12638168,1769642949766
2205,578027520,1769643991623,18:46:31.623,42.349734,-71.0779993,38.456,-32.060508968025346,0.12638168,1769642949766
2206,578289664,1769643992045,18:46:32.045,42.349734,-71.0779993,38.456,-32.060508968025346,0.12638168,1769642949766
2207,578551808,1769643992374,18:46:32.374,42.349734,-71.0779993,38.456,-32.060508968025346,0.12638168,1769642949766
2208,578813952,1769643992729,18:46:32.729,42.349734,-71.0779993,38.456,-32.060508968025346,0.12638168,1769642949766
2209,579076096,1769643993083,18:46:33.083,42.349734,-71.0779993,38.456,-32.060508968025346,0.12638168,1769642949766
2210,579338240,1769643993582,18:46:33.582,42.349734,-71.0779993,38.456,-32.060508968025346,0.12638168,1769642949766
2211,579600384,1769643994168,18:46:34.168,42.349734,-71.0779993,38.456,-32.060508968025346,0.12638168,1769642949766
2212,579862528,1769643994686,18:46:34.686,42.349734,-71.0779993,38.456,-32.060508968025346,0.12638168,1769642949766
2213,580124672,1769643995076,18:46:35.076,42.349734,-71.0779993,38.456,-32.060508968025346,0.12638168,1769642949766
2214,580386816,1769643995455,18:46:35.455,42.349734,-71.0779993,38.456,-32.060508968025346,0.12638168,1769642949766
2215,580648960,1769643995965,18:46:35.965,42.349734,-71.0779993,38.456,-32.060508968025346,0.12638168,1769642949766
2216,580911104,1769643996397,18:46:36.397,42.349734,-71.0779993,38.456,-32.060508968025346,0.12638168,1769642949766
2217,581173248,1769643996831,18:46:36.831,42.349734,-71.0779993,38.456,-32.060508968025346,0.12638168,1769642949766
2218,581435392,1769643997197,18:46:37.197,42.349734,-71.0779993,38.456,-32.060508968025346,0.12638168,1769642949766
2219,581697536,1769643997563,18:46:37.563,42.349734,-71.0779993,38.456,-32.060508968025346,0.12638168,1769642949766
2220,581959680,1769643997899,18:46:37.899,42.349734,-71.0779993,38.456,-32.060508968025346,0.12638168,1769642949766
2221,582221824,1769643998252,18:46:38.252,42.349734,-71.0779993,38.456,-32.060508968025346,0.12638168,1769642949766
2222,582483968,1769643998603,18:46:38.603,42.349734,-71.0779993,38.456,-32.060508968025346,0.12638168,1769642949766
2223,582746112,1769643999038,18:46:39.038,42.349734,-71.0779993,38.456,-32.060508968025346,0.12638168,1769642949766
2224,583008256,1769643999440,18:46:39.440,42.349734,-71.0779993,38.456,-32.060508968025346,0.12638168,1769642949766
2225,583270400,1769643999790,18:46:39.790,42.349734,-71.0779993,38.456,-32.060508968025346,0.12638168,1769642949766
2226,583532544,1769644000139,18:46:40.139,42.349734,-71.0779993,38.456,-32.060508968025346,0.12638168,1769642949766
2227,583794688,1769644000543,18:46:40.543,42.349734,-71.0779993,38.456,-32.060508968025346,0.12638168,1769642949766
2228,584056832,1769644001005,18:46:41.005,42.349734,-71.0779993,38.456,-32.060508968025346,0.12638168,1769642949766
2229,584318976,1769644001372,18:46:41.372,42.349734,-71.0779993,38.456,-32.060508968025346,0.12638168,1769642949766
2230,584581120,1769644001772,18:46:41.772,42.349734,-71.0779993,38.456,-32.060508968025346,0.12638168,1769642949766
2231,584843264,1769644002144,18:46:42.144,42.349734,-71.0779993,38.456,-32.060508968025346,0.12638168,1769642949766
2232,585105408,1769644002504,18:46:42.504,42.349734,-71.0779993,38.456,-32.060508968025346,0.12638168,1769642949766
2233,585367552,1769644002854,18:46:42.854,42.349734,-71.0779993,38.456,-32.060508968025346,0.12638168,1769642949766
2234,585629696,1769644003205,18:46:43.205,42.349734,-71.0779993,38.456,-32.060508968025346,0.12638168,1769642949766
2235,585891840,1769644003552,18:46:43.552,42.349734,-71.0779993,38.456,-32.060508968025346,0.12638168,1769642949766
2236,586153984,1769644003916,18:46:43.916,42.349734,-71.0779993,38.456,-32.060508968025346,0.12638168,1769642949766
2237,586416128,1769644004272,18:46:44.272,42.349734,-71.0779993,38.456,-32.060508968025346,0.12638168,1769642949766
2238,586678272,1769644004819,18:46:44.819,42.349734,-71.0779993,38.456,-32.060508968025346,0.12638168,1769642949766
2239,586940416,1769644005403,18:46:45.403,42.349734,-71.0779993,38.456,-32.060508968025346,0.12638168,1769642949766
2240,587202560,1769644005874,18:46:45.874,42.349734,-71.0779993,38.456,-32.060508968025346,0.12638168,1769642949766
2241,587464704,1769644006206,18:46:46.206,42.349734,-71.0779993,38.456,-32.060508968025346,0.12638168,1769642949766
2242,587726848,1769644006554,18:46:46.554,42.349734,-71.0779993,38.456,-32.060508968025346,0.12638168,1769642949766
2243,587988992,1769644006928,18:46:46.928,42.349734,-71.0779993,38.456,-32.060508968025346,0.12638168,1769642949766
2244,588251136,1769644007354,18:46:47.354,42.349734,-71.0779993,38.456,-32.060508968025346,0.12638168,1769642949766
2245,588513280,1769644007798,18:46:47.798,42.349734,-71.0779993,38.456,-32.060508968025346,0.12638168,1769642949766
2246,588775424,1769644008539,18:46:48.539,42.349734,-71.0779993,38.456,-32.060508968025346,0.12638168,1769642949766
2247,589037568,1769644008966,18:46:48.966,42.349734,-71.0779993,38.456,-32.060508968025346,0.12638168,1769642949766
2248,589299712,1769644009546,18:46:49.546,42.349734,-71.0779993,38.456,-32.060508968025346,0.12638168,1769642949766
2249,589561856,1769644009977,18:46:49.977,42.349734,-71.0779993,38.456,-32.060508968025346,0.12638168,1769642949766
2250,589824000,1769644010328,18:46:50.328,42.349734,-71.0779993,38.456,-32.060508968025346,0.12638168,1769642949766
2251,590086144,1769644010785,18:46:50.785,42.349734,-71.0779993,38.456,-32.060508968025346,0.12638168,1769642949766
2252,590348288,1769644011136,18:46:51.136,42.349734,-71.0779993,38.456,-32.060508968025346,0.12638168,1769642949766
2253,590610432,1769644011510,18:46:51.510,42.349734,-71.0779993,38.456,-32.060508968025346,0.12638168,1769642949766
2254,590872576,1769644012056,18:46:52.056,42.349734,-71.0779993,38.456,-32.060508968025346,0.12638168,1769642949766
2255,591134720,1769644012653,18:46:52.653,42.349734,-71.0779993,38.456,-32.060508968025346,0.12638168,1769642949766
2256,591396864,1769644013225,18:46:53.225,42.349734,-71.0779993,38.456,-32.060508968025346,0.12638168,1769642949766
2257,591659008,1769644013723,18:46:53.723,42.349734,-71.0779993,38.456,-32.060508968025346,0.12638168,1769642949766
2258,591921152,1769644014212,18:46:54.212,42.349734,-71.0779993,38.456,-32.060508968025346,0.12638168,1769642949766
2259,592183296,1769644014688,18:46:54.688,42.349734,-71.0779993,38.456,-32.060508968025346,0.12638168,1769642949766
2260,592445440,1769644015086,18:46:55.086,42.349734,-71.0779993,38.456,-32.060508968025346,0.12638168,1769642949766
2261,592707584,1769644015473,18:46:55.473,42.349734,-71.0779993,38.456,-32.060508968025346,0.12638168,1769642949766
2262,592969728,1769644015861,18:46:55.861,42.349734,-71.0779993,38.456,-32.060508968025346,0.12638168,1769642949766
2263,593231872,1769644016183,18:46:56.183,42.349734,-71.0779993,38.456,-32.060508968025346,0.12638168,1769642949766
2264,593494016,1769644016537,18:46:56.537,42.349734,-71.0779993,38.456,-32.060508968025346,0.12638168,1769642949766
2265,593756160,1769644016932,18:46:56.932,42.349734,-71.0779993,38.456,-32.060508968025346,0.12638168,1769642949766
2266,594018304,1769644017330,18:46:57.330,42.349734,-71.0779993,38.456,-32.060508968025346,0.12638168,1769642949766
2267,594280448,1769644017708,18:46:57.708,42.349734,-71.0779993,38.456,-32.060508968025346,0.12638168,1769642949766
2268,594542592,1769644018020,18:46:58.020,42.349734,-71.0779993,38.456,-32.060508968025346,0.12638168,1769642949766
2269,594804736,1769644018547,18:46:58.547,42.349734,-71.0779993,38.456,-32.060508968025346,0.12638168,1769642949766
2270,595066880,1769644018969,18:46:58.969,42.349734,-71.0779993,38.456,-32.060508968025346,0.12638168,1769642949766
2271,595329024,1769644019350,18:46:59.350,42.349734,-71.0779993,38.456,-32.060508968025346,0.12638168,1769642949766
2272,595591168,1769644019701,18:46:59.701,42.349734,-71.0779993,38.456,-32.060508968025346,0.12638168,1769642949766
2273,595853312,1769644020165,18:47:00.165,42.349734,-71.0779993,38.456,-32.060508968025346,0.12638168,1769642949766
2274,596115456,1769644020708,18:47:00.708,42.349734,-71.0779993,38.456,-32.060508968025346,0.12638168,1769642949766
2275,596377600,1769644021239,18:47:01.239,42.349734,-71.0779993,38.456,-32.060508968025346,0.12638168,1769642949766
2276,596639744,1769644021745,18:47:01.745,42.349734,-71.0779993,38.456,-32.060508968025346,0.12638168,1769642949766
2277,596901888,1769644022549,18:47:02.549,42.349734,-71.0779993,38.456,-32.060508968025346,0.12638168,1769642949766
2278,597164032,1769644023431,18:47:03.431,42.349734,-71.0779993,38.456,-32.060508968025346,0.12638168,1769642949766
2279,597426176,1769644024148,18:47:04.148,42.349734,-71.0779993,38.456,-32.060508968025346,0.12638168,1769642949766
2280,597688320,1769644025185,18:47:05.185,42.349734,-71.0779993,38.456,-32.060508968025346,0.12638168,1769642949766
2281,597950464,1769644025782,18:47:05.782,42.349734,-71.0779993,38.456,-32.060508968025346,0.12638168,1769642949766
2282,598212608,1769644026335,18:47:06.335,42.349734,-71.0779993,38.456,-32.060508968025346,0.12638168,1769642949766
2283,598474752,1769644027191,18:47:07.191,42.349734,-71.0779993,38.456,-32.060508968025346,0.12638168,1769642949766
2284,598736896,1769644027917,18:47:07.917,42.349734,-71.0779993,38.456,-32.060508968025346,0.12638168,1769642949766
2285,598999040,1769644028307,18:47:08.307,42.349734,-71.0779993,38.456,-32.060508968025346,0.12638168,1769642949766
2286,599261184,1769644028861,18:47:08.861,42.349734,-71.0779993,38.456,-32.060508968025346,0.12638168,1769642949766
2287,599523328,1769644029469,18:47:09.469,42.349734,-71.0779993,38.456,-32.060508968025346,0.12638168,1769642949766
2288,599785472,1769644030080,18:47:10.080,42.349734,-71.0779993,38.456,-32.060508968025346,0.12638168,1769642949766
2289,600047616,1769644030591,18:47:10.591,42.349734,-71.0779993,38.456,-32.060508968025346,0.12638168,1769642949766
2290,600309760,1769644031003,18:47:11.003,42.349734,-71.0779993,38.456,-32.060508968025346,0.12638168,1769642949766
2291,600571904,1769644031744,18:47:11.744,42.349734,-71.0779993,38.456,-32.060508968025346,0.12638168,1769642949766
2292,600834048,1769644032262,18:47:12.262,42.349734,-71.0779993,38.456,-32.060508968025346,0.12638168,1769642949766
2293,601096192,1769644032693,18:47:12.693,42.349734,-71.0779993,38.456,-32.060508968025346,0.12638168,1769642949766
2294,601358336,1769644033098,18:47:13.098,42.349734,-71.0779993,38.456,-32.060508968025346,0.12638168,1769642949766
2295,601620480,1769644033484,18:47:13.484,42.349734,-71.0779993,38.456,-32.060508968025346,0.12638168,1769642949766
2296,601882624,1769644033889,18:47:13.889,42.349734,-71.0779993,38.456,-32.060508968025346,0.12638168,1769642949766
2297,602144768,1769644034220,18:47:14.220,42.349734,-71.0779993,38.456,-32.060508968025346,0.12638168,1769642949766
2298,602406912,1769644034676,18:47:14.676,42.349734,-71.0779993,38.456,-32.060508968025346,0.12638168,1769642949766
2299,602669056,1769644035011,18:47:15.011,42.349734,-71.0779993,38.456,-32.060508968025346,0.12638168,1769642949766
2300,602931200,1769644035361,18:47:15.361,42.349734,-71.0779993,38.456,-32.060508968025346,0.12638168,1769642949766
2301,603193344,1769644035711,18:47:15.711,42.349734,-71.0779993,38.456,-32.060508968025346,0.12638168,1769642949766
2302,603455488,1769644036062,18:47:16.062,42.349734,-71.0779993,38.456,-32.060508968025346,0.12638168,1769642949766
2303,603717632,1769644036413,18:47:16.413,42.349734,-71.0779993,38.456,-32.060508968025346,0.12638168,1769642949766
2304,603979776,1769644036810,18:47:16.810,42.349734,-71.0779993,38.456,-32.060508968025346,0.12638168,1769642949766
2305,604241920,1769644037164,18:47:17.164,42.349734,-71.0779993,38.456,-32.060508968025346,0.12638168,1769642949766
2306,604504064,1769644037502,18:47:17.502,42.349734,-71.0779993,38.456,-32.060508968025346,0.12638168,1769642949766
2307,604766208,1769644037853,18:47:17.853,42.349734,-71.0779993,38.456,-32.060508968025346,0.12638168,1769642949766
2308,605028352,1769644038203,18:47:18.203,42.349734,-71.0779993,38.456,-32.060508968025346,0.12638168,1769642949766
2309,605290496,1769644038556,18:47:18.556,42.349734,-71.0779993,38.456,-32.060508968025346,0.12638168,1769642949766
2310,605552640,1769644038905,18:47:18.905,42.349734,-71.0779993,38.456,-32.060508968025346,0.12638168,1769642949766
2311,605814784,1769644039281,18:47:19.281,42.349734,-71.0779993,38.456,-32.060508968025346,0.12638168,1769642949766
2312,606076928,1769644039669,18:47:19.669,42.349734,-71.0779993,38.456,-32.060508968025346,0.12638168,1769642949766
2313,606339072,1769644040054,18:47:20.054,42.349734,-71.0779993,38.456,-32.060508968025346,0.12638168,1769642949766
2314,606601216,1769644040407,18:47:20.407,42.349734,-71.0779993,38.456,-32.060508968025346,0.12638168,1769642949766
2315,606863360,1769644040731,18:47:20.731,42.349734,-71.0779993,38.456,-32.060508968025346,0.12638168,1769642949766
2316,607125504,1769644041055,18:47:21.055,42.349734,-71.0779993,38.456,-32.060508968025346,0.12638168,1769642949766
2317,607387648,1769644041407,18:47:21.407,42.349734,-71.0779993,38.456,-32.060508968025346,0.12638168,1769642949766
2318,607649792,1769644041759,18:47:21.759,42.349734,-71.0779993,38.456,-32.060508968025346,0.12638168,1769642949766
2319,607911936,1769644042227,18:47:22.227,42.349734,-71.0779993,38.456,-32.060508968025346,0.12638168,1769642949766
2320,608174080,1769644042614,18:47:22.614,42.349734,-71.0779993,38.456,-32.060508968025346,0.12638168,1769642949766
2321,608436224,1769644043005,18:47:23.005,42.349734,-71.0779993,38.456,-32.060508968025346,0.12638168,1769642949766
2322,608698368,1769644043509,18:47:23.509,42.349734,-71.0779993,38.456,-32.060508968025346,0.12638168,1769642949766
2323,608960512,1769644043880,18:47:23.880,42.349734,-71.0779993,38.456,-32.060508968025346,0.12638168,1769642949766
2324,609222656,1769644044325,18:47:24.325,42.349734,-71.0779993,38.456,-32.060508968025346,0.12638168,1769642949766
2325,609484800,1769644044796,18:47:24.796,42.349734,-71.0779993,38.456,-32.060508968025346,0.12638168,1769642949766
2326,609746944,1769644045229,18:47:25.229,42.349734,-71.0779993,38.456,-32.060508968025346,0.12638168,1769642949766
2327,610009088,1769644045728,18:47:25.728,42.349734,-71.0779993,38.456,-32.060508968025346,0.12638168,1769642949766
2328,610271232,1769644046144,18:47:26.144,42.349734,-71.0779993,38.456,-32.060508968025346,0.12638168,1769642949766
2329,610533376,1769644046494,18:47:26.494,42.349734,-71.0779993,38.456,-32.060508968025346,0.12638168,1769642949766
2330,610795520,1769644046982,18:47:26.982,42.349734,-71.0779993,38.456,-32.060508968025346,0.12638168,1769642949766
2331,611057664,1769644047394,18:47:27.394,42.349734,-71.0779993,38.456,-32.060508968025346,0.12638168,1769642949766
2332,611319808,1769644047741,18:47:27.741,42.349734,-71.0779993,38.456,-32.060508968025346,0.12638168,1769642949766
2333,611581952,1769644048089,18:47:28.089,42.349734,-71.0779993,38.456,-32.060508968025346,0.12638168,1769642949766
2334,611844096,1769644048441,18:47:28.441,42.349734,-71.0779993,38.456,-32.060508968025346,0.12638168,1769642949766
2335,612106240,1769644048792,18:47:28.792,42.349734,-71.0779993,38.456,-32.060508968025346,0.12638168,1769642949766
2336,612368384,1769644049150,18:47:29.150,42.349734,-71.0779993,38.456,-32.060508968025346,0.12638168,1769642949766
2337,612630528,1769644049541,18:47:29.541,42.349734,-71.0779993,38.456,-32.060508968025346,0.12638168,1769642949766
2338,612892672,1769644049989,18:47:29.989,42.349734,-71.0779993,38.456,-32.060508968025346,0.12638168,1769642949766
2339,613154816,1769644050339,18:47:30.339,42.349734,-71.0779993,38.456,-32.060508968025346,0.12638168,1769642949766
2340,613416960,1769644050693,18:47:30.693,42.349734,-71.0779993,38.456,-32.060508968025346,0.12638168,1769642949766
2341,613679104,1769644051041,18:47:31.041,42.349734,-71.0779993,38.456,-32.060508968025346,0.12638168,1769642949766
2342,613941248,1769644051393,18:47:31.393,42.349734,-71.0779993,38.456,-32.060508968025346,0.12638168,1769642949766
2343,614203392,1769644051743,18:47:31.743,42.349734,-71.0779993,38.456,-32.060508968025346,0.12638168,1769642949766
2344,614465536,1769644052106,18:47:32.106,42.349734,-71.0779993,38.456,-32.060508968025346,0.12638168,1769642949766
2345,614727680,1769644052410,18:47:32.410,42.349734,-71.0779993,38.456,-32.060508968025346,0.12638168,1769642949766
2346,614989824,1769644052806,18:47:32.806,42.349734,-71.0779993,38.456,-32.060508968025346,0.12638168,1769642949766
2347,615251968,1769644053211,18:47:33.211,42.349734,-71.0779993,38.456,-32.060508968025346,0.12638168,1769642949766
2348,615514112,1769644053612,18:47:33.612,42.349734,-71.0779993,38.456,-32.060508968025346,0.12638168,1769642949766
2349,615776256,1769644054016,18:47:34.016,42.349734,-71.0779993,38.456,-32.060508968025346,0.12638168,1769642949766
2350,616038400,1769644054380,18:47:34.380,42.349734,-71.0779993,38.456,-32.060508968025346,0.12638168,1769642949766
2351,616300544,1769644054733,18:47:34.733,42.349734,-71.0779993,38.456,-32.060508968025346,0.12638168,1769642949766
2352,616562688,1769644055143,18:47:35.143,42.349734,-71.0779993,38.456,-32.060508968025346,0.12638168,1769642949766
2353,616824832,1769644055588,18:47:35.588,42.349734,-71.0779993,38.456,-32.060508968025346,0.12638168,1769642949766
2354,617086976,1769644055959,18:47:35.959,42.349734,-71.0779993,38.456,-32.060508968025346,0.12638168,1769642949766
2355,617349120,1769644056435,18:47:36.435,42.349734,-71.0779993,38.456,-32.060508968025346,0.12638168,1769642949766
2356,617611264,1769644056782,18:47:36.782,42.349734,-71.0779993,38.456,-32.060508968025346,0.12638168,1769642949766
2357,617873408,1769644057130,18:47:37.130,42.349734,-71.0779993,38.456,-32.060508968025346,0.12638168,1769642949766
2358,618135552,1769644057674,18:47:37.674,42.349734,-71.0779993,38.456,-32.060508968025346,0.12638168,1769642949766
2359,618397696,1769644058363,18:47:38.363,42.349734,-71.0779993,38.456,-32.060508968025346,0.12638168,1769642949766
2360,618659840,1769644058744,18:47:38.744,42.349734,-71.0779993,38.456,-32.060508968025346,0.12638168,1769642949766
2361,618921984,1769644059093,18:47:39.093,42.349734,-71.0779993,38.456,-32.060508968025346,0.12638168,1769642949766
2362,619184128,1769644059443,18:47:39.443,42.349734,-71.0779993,38.456,-32.060508968025346,0.12638168,1769642949766
2363,619446272,1769644059946,18:47:39.946,42.349734,-71.0779993,38.456,-32.060508968025346,0.12638168,1769642949766
2364,619708416,1769644060556,18:47:40.556,42.349734,-71.0779993,38.456,-32.060508968025346,0.12638168,1769642949766
2365,619970560,1769644061248,18:47:41.248,42.349734,-71.0779993,38.456,-32.060508968025346,0.12638168,1769642949766
2366,620232704,1769644061999,18:47:41.999,42.349734,-71.0779993,38.456,-32.060508968025346,0.12638168,1769642949766
2367,620494848,1769644062476,18:47:42.476,42.349734,-71.0779993,38.456,-32.060508968025346,0.12638168,1769642949766
2368,620756992,1769644063435,18:47:43.435,42.349734,-71.0779993,38.456,-32.060508968025346,0.12638168,1769642949766
2369,621019136,1769644064255,18:47:44.255,42.349734,-71.0779993,38.456,-32.060508968025346,0.12638168,1769642949766
2370,621281280,1769644064622,18:47:44.622,42.349734,-71.0779993,38.456,-32.060508968025346,0.12638168,1769642949766
2371,621543424,1769644065234,18:47:45.234,42.349734,-71.0779993,38.456,-32.060508968025346,0.12638168,1769642949766
2372,621805568,1769644066115,18:47:46.115,42.349734,-71.0779993,38.456,-32.060508968025346,0.12638168,1769642949766
2373,622067712,1769644066648,18:47:46.648,42.349734,-71.0779993,38.456,-32.060508968025346,0.12638168,1769642949766
2374,622329856,1769644067114,18:47:47.114,42.349734,-71.0779993,38.456,-32.060508968025346,0.12638168,1769642949766
2375,622592000,1769644067643,18:47:47.643,42.349734,-71.0779993,38.456,-32.060508968025346,0.12638168,1769642949766
2376,622854144,1769644068225,18:47:48.225,42.349734,-71.0779993,38.456,-32.060508968025346,0.12638168,1769642949766
2377,623116288,1769644068758,18:47:48.758,42.349734,-71.0779993,38.456,-32.060508968025346,0.12638168,1769642949766
2378,623378432,1769644069198,18:47:49.198,42.349734,-71.0779993,38.456,-32.060508968025346,0.12638168,1769642949766
2379,623640576,1769644069766,18:47:49.766,42.349734,-71.0779993,38.456,-32.060508968025346,0.12638168,1769642949766
2380,623902720,1769644070226,18:47:50.226,42.349734,-71.0779993,38.456,-32.060508968025346,0.12638168,1769642949766
2381,624164864,1769644070691,18:47:50.691,42.349734,-71.0779993,38.456,-32.060508968025346,0.12638168,1769642949766
2382,624427008,1769644071060,18:47:51.060,42.349734,-71.0779993,38.456,-32.060508968025346,0.12638168,1769642949766
2383,624689152,1769644071491,18:47:51.491,42.349734,-71.0779993,38.456,-32.060508968025346,0.12638168,1769642949766
2384,624951296,1769644071944,18:47:51.944,42.349734,-71.0779993,38.456,-32.060508968025346,0.12638168,1769642949766
2385,625213440,1769644072553,18:47:52.553,42.349734,-71.0779993,38.456,-32.060508968025346,0.12638168,1769642949766
2386,625475584,1769644073069,18:47:53.069,42.349734,-71.0779993,38.456,-32.060508968025346,0.12638168,1769642949766
2387,625737728,1769644073544,18:47:53.544,42.349734,-71.0779993,38.456,-32.060508968025346,0.12638168,1769642949766
2388,625999872,1769644074031,18:47:54.031,42.349734,-71.0779993,38.456,-32.060508968025346,0.12638168,1769642949766
2389,626262016,1769644074493,18:47:54.493,42.349734,-71.0779993,38.456,-32.060508968025346,0.12638168,1769642949766
2390,626524160,1769644075083,18:47:55.083,42.349734,-71.0779993,38.456,-32.060508968025346,0.12638168,1769642949766
2391,626786304,1769644075483,18:47:55.483,42.349734,-71.0779993,38.456,-32.060508968025346,0.12638168,1769642949766
2392,627048448,1769644075883,18:47:55.883,42.349734,-71.0779993,38.456,-32.060508968025346,0.12638168,1769642949766
2393,627310592,1769644076236,18:47:56.236,42.349734,-71.0779993,38.456,-32.060508968025346,0.12638168,1769642949766
2394,627572736,1769644076521,18:47:56.521,42.349734,-71.0779993,38.456,-32.060508968025346,0.12638168,1769642949766
2395,627834880,1769644076843,18:47:56.843,42.349734,-71.0779993,38.456,-32.060508968025346,0.12638168,1769642949766
2396,628097024,1769644077278,18:47:57.278,42.349734,-71.0779993,38.456,-32.060508968025346,0.12638168,1769642949766
2397,628359168,1769644077639,18:47:57.639,42.349734,-71.0779993,38.456,-32.060508968025346,0.12638168,1769642949766
2398,628621312,1769644077983,18:47:57.983,42.349734,-71.0779993,38.456,-32.060508968025346,0.12638168,1769642949766
2399,628883456,1769644078330,18:47:58.330,42.349734,-71.0779993,38.456,-32.060508968025346,0.12638168,1769642949766
2400,629145600,1769644078964,18:47:58.964,42.349734,-71.0779993,38.456,-32.060508968025346,0.12638168,1769642949766
2401,629407744,1769644079362,18:47:59.362,42.349734,-71.0779993,38.456,-32.060508968025346,0.12638168,1769642949766
2402,629669888,1769644079711,18:47:59.711,42.349734,-71.0779993,38.456,-32.060508968025346,0.12638168,1769642949766
2403,629932032,1769644080061,18:48:00.061,42.349734,-71.0779993,38.456,-32.060508968025346,0.12638168,1769642949766
2404,630194176,1769644080413,18:48:00.413,42.349734,-71.0779993,38.456,-32.060508968025346,0.12638168,1769642949766
2405,630456320,1769644080763,18:48:00.763,42.349734,-71.0779993,38.456,-32.060508968025346,0.12638168,1769642949766
2406,630718464,1769644081215,18:48:01.215,42.349734,-71.0779993,38.456,-32.060508968025346,0.12638168,1769642949766
2407,630980608,1769644081642,18:48:01.642,42.349734,-71.0779993,38.456,-32.060508968025346,0.12638168,1769642949766
2408,631242752,1769644082089,18:48:02.089,42.349734,-71.0779993,38.456,-32.060508968025346,0.12638168,1769642949766
2409,631504896,1769644082518,18:48:02.518,42.349734,-71.0779993,38.456,-32.060508968025346,0.12638168,1769642949766
2410,631767040,1769644082959,18:48:02.959,42.349734,-71.0779993,38.456,-32.060508968025346,0.12638168,1769642949766
2411,632029184,1769644083394,18:48:03.394,42.349734,-71.0779993,38.456,-32.060508968025346,0.12638168,1769642949766
2412,632291328,1769644083780,18:48:03.780,42.349734,-71.0779993,38.456,-32.060508968025346,0.12638168,1769642949766
2413,632553472,1769644084133,18:48:04.133,42.349734,-71.0779993,38.456,-32.060508968025346,0.12638168,1769642949766
2414,632815616,1769644084526,18:48:04.526,42.349734,-71.0779993,38.456,-32.060508968025346,0.12638168,1769642949766
2415,633077760,1769644084943,18:48:04.943,42.349734,-71.0779993,38.456,-32.060508968025346,0.12638168,1769642949766
2416,633339904,1769644085665,18:48:05.665,42.349734,-71.0779993,38.456,-32.060508968025346,0.12638168,1769642949766
2417,633602048,1769644086328,18:48:06.328,42.349734,-71.0779993,38.456,-32.060508968025346,0.12638168,1769642949766
2418,633864192,1769644086679,18:48:06.679,42.349734,-71.0779993,38.456,-32.060508968025346,0.12638168,1769642949766
2419,634126336,1769644087174,18:48:07.174,42.349734,-71.0779993,38.456,-32.060508968025346,0.12638168,1769642949766
2420,634388480,1769644087729,18:48:07.729,42.349734,-71.0779993,38.456,-32.060508968025346,0.12638168,1769642949766
2421,634650624,1769644088460,18:48:08.460,42.349734,-71.0779993,38.456,-32.060508968025346,0.12638168,1769642949766
2422,634912768,1769644088805,18:48:08.805,42.349734,-71.0779993,38.456,-32.060508968025346,0.12638168,1769642949766
2423,635174912,1769644089258,18:48:09.258,42.349734,-71.0779993,38.456,-32.060508968025346,0.12638168,1769642949766
2424,635437056,1769644089636,18:48:09.636,42.349734,-71.0779993,38.456,-32.060508968025346,0.12638168,1769642949766
2425,635699200,1769644090165,18:48:10.165,42.349734,-71.0779993,38.456,-32.060508968025346,0.12638168,1769642949766
2426,635961344,1769644090761,18:48:10.761,42.349734,-71.0779993,38.456,-32.060508968025346,0.12638168,1769642949766
2427,636223488,1769644091386,18:48:11.386,42.349734,-71.0779993,38.456,-32.060508968025346,0.12638168,1769642949766
2428,636485632,1769644091737,18:48:11.737,42.349734,-71.0779993,38.456,-32.060508968025346,0.12638168,1769642949766
2429,636747776,1769644092228,18:48:12.228,42.349734,-71.0779993,38.456,-32.060508968025346,0.12638168,1769642949766
2430,637009920,1769644092670,18:48:12.670,42.349734,-71.0779993,38.456,-32.060508968025346,0.12638168,1769642949766
2431,637272064,1769644093242,18:48:13.242,42.349734,-71.0779993,38.456,-32.060508968025346,0.12638168,1769642949766
2432,637534208,1769644093657,18:48:13.657,42.349734,-71.0779993,38.456,-32.060508968025346,0.12638168,1769642949766
2433,637796352,1769644094228,18:48:14.228,42.349734,-71.0779993,38.456,-32.060508968025346,0.12638168,1769642949766
2434,638058496,1769644094812,18:48:14.812,42.349734,-71.0779993,38.456,-32.060508968025346,0.12638168,1769642949766
2435,638320640,1769644095347,18:48:15.347,42.349734,-71.0779993,38.456,-32.060508968025346,0.12638168,1769642949766
2436,638582784,1769644095728,18:48:15.728,42.349734,-71.0779993,38.456,-32.060508968025346,0.12638168,1769642949766
2437,638844928,1769644096440,18:48:16.440,42.349734,-71.0779993,38.456,-32.060508968025346,0.12638168,1769642949766
2438,639107072,1769644097020,18:48:17.020,42.349734,-71.0779993,38.456,-32.060508968025346,0.12638168,1769642949766
2439,639369216,1769644097492,18:48:17.492,42.349734,-71.0779993,38.456,-32.060508968025346,0.12638168,1769642949766
2440,639631360,1769644097831,18:48:17.831,42.349734,-71.0779993,38.456,-32.060508968025346,0.12638168,1769642949766
2441,639893504,1769644098307,18:48:18.307,42.349734,-71.0779993,38.456,-32.060508968025346,0.12638168,1769642949766
2442,640155648,1769644098755,18:48:18.755,42.349734,-71.0779993,38.456,-32.060508968025346,0.12638168,1769642949766
2443,640417792,1769644099306,18:48:19.306,42.349734,-71.0779993,38.456,-32.060508968025346,0.12638168,1769642949766
2444,640679936,1769644099789,18:48:19.789,42.349734,-71.0779993,38.456,-32.060508968025346,0.12638168,1769642949766
2445,640942080,1769644100282,18:48:20.282,42.349734,-71.0779993,38.456,-32.060508968025346,0.12638168,1769642949766
2446,641204224,1769644100658,18:48:20.658,42.349734,-71.0779993,38.456,-32.060508968025346,0.12638168,1769642949766
2447,641466368,1769644101042,18:48:21.042,42.349734,-71.0779993,38.456,-32.060508968025346,0.12638168,1769642949766
2448,641728512,1769644101391,18:48:21.391,42.349734,-71.0779993,38.456,-32.060508968025346,0.12638168,1769642949766
2449,641990656,1769644101763,18:48:21.763,42.349734,-71.0779993,38.456,-32.060508968025346,0.12638168,1769642949766
2450,642252800,1769644102117,18:48:22.117,42.349734,-71.0779993,38.456,-32.060508968025346,0.12638168,1769642949766
2451,642514944,1769644102491,18:48:22.491,42.349734,-71.0779993,38.456,-32.060508968025346,0.12638168,1769642949766
2452,642777088,1769644102877,18:48:22.877,42.349734,-71.0779993,38.456,-32.060508968025346,0.12638168,1769642949766
2453,643039232,1769644103276,18:48:23.276,42.349734,-71.0779993,38.456,-32.060508968025346,0.12638168,1769642949766
2454,643301376,1769644103633,18:48:23.633,42.349734,-71.0779993,38.456,-32.060508968025346,0.12638168,1769642949766
2455,643563520,1769644103989,18:48:23.989,42.349734,-71.0779993,38.456,-32.060508968025346,0.12638168,1769642949766
2456,643825664,1769644104342,18:48:24.342,42.349734,-71.0779993,38.456,-32.060508968025346,0.12638168,1769642949766
2457,644087808,1769644104738,18:48:24.738,42.349734,-71.0779993,38.456,-32.060508968025346,0.12638168,1769642949766
2458,644349952,1769644105088,18:48:25.088,42.349734,-71.0779993,38.456,-32.060508968025346,0.12638168,1769642949766
2459,644612096,1769644105477,18:48:25.477,42.349734,-71.0779993,38.456,-32.060508968025346,0.12638168,1769642949766
2460,644874240,1769644105788,18:48:25.788,42.349734,-71.0779993,38.456,-32.060508968025346,0.12638168,1769642949766
2461,645136384,1769644106139,18:48:26.139,42.349734,-71.0779993,38.456,-32.060508968025346,0.12638168,1769642949766
2462,645398528,1769644106519,18:48:26.519,42.349734,-71.0779993,38.456,-32.060508968025346,0.12638168,1769642949766
2463,645660672,1769644106886,18:48:26.886,42.349734,-71.0779993,38.456,-32.060508968025346,0.12638168,1769642949766
2464,645922816,1769644107263,18:48:27.263,42.349734,-71.0779993,38.456,-32.060508968025346,0.12638168,1769642949766
2465,646184960,1769644107609,18:48:27.609,42.349734,-71.0779993,38.456,-32.060508968025346,0.12638168,1769642949766
2466,646447104,1769644108122,18:48:28.122,42.349734,-71.0779993,38.456,-32.060508968025346,0.12638168,1769642949766
2467,646709248,1769644108855,18:48:28.855,42.349734,-71.0779993,38.456,-32.060508968025346,0.12638168,1769642949766
2468,646971392,1769644109445,18:48:29.445,42.349734,-71.0779993,38.456,-32.060508968025346,0.12638168,1769642949766
2469,647233536,1769644109821,18:48:29.821,42.349734,-71.0779993,38.456,-32.060508968025346,0.12638168,1769642949766
2470,647495680,1769644110499,18:48:30.499,42.349734,-71.0779993,38.456,-32.060508968025346,0.12638168,1769642949766
2471,647757824,1769644111377,18:48:31.377,42.349734,-71.0779993,38.456,-32.060508968025346,0.12638168,1769642949766
2472,648019968,1769644111853,18:48:31.853,42.349734,-71.0779993,38.456,-32.060508968025346,0.12638168,1769642949766
2473,648282112,1769644112192,18:48:32.192,42.349734,-71.0779993,38.456,-32.060508968025346,0.12638168,1769642949766
2474,648544256,1769644112650,18:48:32.650,42.349734,-71.0779993,38.456,-32.060508968025346,0.12638168,1769642949766
2475,648806400,1769644113150,18:48:33.150,42.349734,-71.0779993,38.456,-32.060508968025346,0.12638168,1769642949766
2476,649068544,1769644113565,18:48:33.565,42.349734,-71.0779993,38.456,-32.060508968025346,0.12638168,1769642949766
2477,649330688,1769644113892,18:48:33.892,42.349734,-71.0779993,38.456,-32.060508968025346,0.12638168,1769642949766
2478,649592832,1769644114244,18:48:34.244,42.349734,-71.0779993,38.456,-32.060508968025346,0.12638168,1769642949766
2479,649854976,1769644114593,18:48:34.593,42.349734,-71.0779993,38.456,-32.060508968025346,0.12638168,1769642949766
2480,650117120,1769644114943,18:48:34.943,42.349734,-71.0779993,38.456,-32.060508968025346,0.12638168,1769642949766
2481,650379264,1769644115295,18:48:35.295,42.349734,-71.0779993,38.456,-32.060508968025346,0.12638168,1769642949766
2482,650641408,1769644115718,18:48:35.718,42.349734,-71.0779993,38.456,-32.060508968025346,0.12638168,1769642949766
2483,650903552,1769644116118,18:48:36.118,42.349734,-71.0779993,38.456,-32.060508968025346,0.12638168,1769642949766
2484,651165696,1769644116455,18:48:36.455,42.349734,-71.0779993,38.456,-32.060508968025346,0.12638168,1769642949766
2485,651427840,1769644116764,18:48:36.764,42.349734,-71.0779993,38.456,-32.060508968025346,0.12638168,1769642949766
2486,651689984,1769644117131,18:48:37.131,42.349734,-71.0779993,38.456,-32.060508968025346,0.12638168,1769642949766
2487,651952128,1769644117481,18:48:37.481,42.349734,-71.0779993,38.456,-32.060508968025346,0.12638168,1769642949766
2488,652214272,1769644117829,18:48:37.829,42.349734,-71.0779993,38.456,-32.060508968025346,0.12638168,1769642949766
2489,652476416,1769644118211,18:48:38.211,42.349734,-71.0779993,38.456,-32.060508968025346,0.12638168,1769642949766
2490,652738560,1769644118561,18:48:38.561,42.349734,-71.0779993,38.456,-32.060508968025346,0.12638168,1769642949766
2491,653000704,1769644118916,18:48:38.916,42.349734,-71.0779993,38.456,-32.060508968025346,0.12638168,1769642949766
2492,653262848,1769644119334,18:48:39.334,42.349734,-71.0779993,38.456,-32.060508968025346,0.12638168,1769642949766
2493,653524992,1769644119875,18:48:39.875,42.349734,-71.0779993,38.456,-32.060508968025346,0.12638168,1769642949766
2494,653787136,1769644120412,18:48:40.412,42.349734,-71.0779993,38.456,-32.060508968025346,0.12638168,1769642949766
2495,654049280,1769644120845,18:48:40.845,42.349734,-71.0779993,38.456,-32.060508968025346,0.12638168,1769642949766
2496,654311424,1769644121250,18:48:41.250,42.349734,-71.0779993,38.456,-32.060508968025346,0.12638168,1769642949766
2497,654573568,1769644121599,18:48:41.599,42.349734,-71.0779993,38.456,-32.060508968025346,0.12638168,1769642949766
2498,654835712,1769644121950,18:48:41.950,42.349734,-71.0779993,38.456,-32.060508968025346,0.12638168,1769642949766
2499,655097856,1769644122362,18:48:42.362,42.349734,-71.0779993,38.456,-32.060508968025346,0.12638168,1769642949766
2500,655360000,1769644122714,18:48:42.714,42.349734,-71.0779993,38.456,-32.060508968025346,0.12638168,1769642949766
2501,655622144,1769644123159,18:48:43.159,42.349734,-71.0779993,38.456,-32.060508968025346,0.12638168,1769642949766
2502,655884288,1769644123740,18:48:43.740,42.349734,-71.0779993,38.456,-32.060508968025346,0.12638168,1769642949766
2503,656146432,1769644124258,18:48:44.258,42.349734,-71.0779993,38.456,-32.060508968025346,0.12638168,1769642949766
2504,656408576,1769644124676,18:48:44.676,42.349734,-71.0779993,38.456,-32.060508968025346,0.12638168,1769642949766
2505,656670720,1769644125007,18:48:45.007,42.349734,-71.0779993,38.456,-32.060508968025346,0.12638168,1769642949766
2506,656932864,1769644125357,18:48:45.357,42.349734,-71.0779993,38.456,-32.060508968025346,0.12638168,1769642949766
2507,657195008,1769644125709,18:48:45.709,42.349734,-71.0779993,38.456,-32.060508968025346,0.12638168,1769642949766
2508,657457152,1769644126061,18:48:46.061,42.349734,-71.0779993,38.456,-32.060508968025346,0.12638168,1769642949766
2509,657719296,1769644126430,18:48:46.430,42.349734,-71.0779993,38.456,-32.060508968025346,0.12638168,1769642949766
2510,657981440,1769644126838,18:48:46.838,42.349734,-71.0779993,38.456,-32.060508968025346,0.12638168,1769642949766
2511,658243584,1769644127323,18:48:47.323,42.349734,-71.0779993,38.456,-32.060508968025346,0.12638168,1769642949766
2512,658505728,1769644127750,18:48:47.750,42.349734,-71.0779993,38.456,-32.060508968025346,0.12638168,1769642949766
2513,658767872,1769644128234,18:48:48.234,42.349734,-71.0779993,38.456,-32.060508968025346,0.12638168,1769642949766
2514,659030016,1769644128772,18:48:48.772,42.349734,-71.0779993,38.456,-32.060508968025346,0.12638168,1769642949766
2515,659292160,1769644129129,18:48:49.129,42.349734,-71.0779993,38.456,-32.060508968025346,0.12638168,1769642949766
2516,659554304,1769644129580,18:48:49.580,42.349734,-71.0779993,38.456,-32.060508968025346,0.12638168,1769642949766
2517,659816448,1769644129960,18:48:49.960,42.349734,-71.0779993,38.456,-32.060508968025346,0.12638168,1769642949766
2518,660078592,1769644130312,18:48:50.312,42.349734,-71.0779993,38.456,-32.060508968025346,0.12638168,1769642949766
2519,660340736,1769644130661,18:48:50.661,42.349734,-71.0779993,38.456,-32.060508968025346,0.12638168,1769642949766
2520,660602880,1769644131087,18:48:51.087,42.349734,-71.0779993,38.456,-32.060508968025346,0.12638168,1769642949766
2521,660865024,1769644131486,18:48:51.486,42.349734,-71.0779993,38.456,-32.060508968025346,0.12638168,1769642949766
2522,661127168,1769644131839,18:48:51.839,42.349734,-71.0779993,38.456,-32.060508968025346,0.12638168,1769642949766
2523,661389312,1769644132183,18:48:52.183,42.349734,-71.0779993,38.456,-32.060508968025346,0.12638168,1769642949766
2524,661651456,1769644132498,18:48:52.498,42.349734,-71.0779993,38.456,-32.060508968025346,0.12638168,1769642949766
2525,661913600,1769644132821,18:48:52.821,42.349734,-71.0779993,38.456,-32.060508968025346,0.12638168,1769642949766
2526,662175744,1769644133175,18:48:53.175,42.349734,-71.0779993,38.456,-32.060508968025346,0.12638168,1769642949766
2527,662437888,1769644133528,18:48:53.528,42.349734,-71.0779993,38.456,-32.060508968025346,0.12638168,1769642949766
2528,662700032,1769644133888,18:48:53.888,42.349734,-71.0779993,38.456,-32.060508968025346,0.12638168,1769642949766
2529,662962176,1769644134238,18:48:54.238,42.349734,-71.0779993,38.456,-32.060508968025346,0.12638168,1769642949766
2530,663224320,1769644134622,18:48:54.622,42.349734,-71.0779993,38.456,-32.060508968025346,0.12638168,1769642949766
2531,663486464,1769644134991,18:48:54.991,42.349734,-71.0779993,38.456,-32.060508968025346,0.12638168,1769642949766
2532,663748608,1769644135335,18:48:55.335,42.349734,-71.0779993,38.456,-32.060508968025346,0.12638168,1769642949766
2533,664010752,1769644135749,18:48:55.749,42.349734,-71.0779993,38.456,-32.060508968025346,0.12638168,1769642949766
2534,664272896,1769644136153,18:48:56.153,42.349734,-71.0779993,38.456,-32.060508968025346,0.12638168,1769642949766
2535,664535040,1769644136636,18:48:56.636,42.349734,-71.0779993,38.456,-32.060508968025346,0.12638168,1769642949766
2536,664797184,1769644137089,18:48:57.089,42.349734,-71.0779993,38.456,-32.060508968025346,0.12638168,1769642949766
2537,665059328,1769644137680,18:48:57.680,42.349734,-71.0779993,38.456,-32.060508968025346,0.12638168,1769642949766
2538,665321472,1769644138351,18:48:58.351,42.349734,-71.0779993,38.456,-32.060508968025346,0.12638168,1769642949766
2539,665583616,1769644138965,18:48:58.965,42.349734,-71.0779993,38.456,-32.060508968025346,0.12638168,1769642949766
2540,665845760,1769644139677,18:48:59.677,42.349734,-71.0779993,38.456,-32.060508968025346,0.12638168,1769642949766
2541,666107904,1769644140325,18:49:00.325,42.349734,-71.0779993,38.456,-32.060508968025346,0.12638168,1769642949766
2542,666370048,1769644140660,18:49:00.660,42.349734,-71.0779993,38.456,-32.060508968025346,0.12638168,1769642949766
2543,666632192,1769644141011,18:49:01.011,42.349734,-71.0779993,38.456,-32.060508968025346,0.12638168,1769642949766
2544,666894336,1769644141758,18:49:01.758,42.349734,-71.0779993,38.456,-32.060508968025346,0.12638168,1769642949766
2545,667156480,1769644142132,18:49:02.132,42.349734,-71.0779993,38.456,-32.060508968025346,0.12638168,1769642949766
2546,667418624,1769644142465,18:49:02.465,42.349734,-71.0779993,38.456,-32.060508968025346,0.12638168,1769642949766
2547,667680768,1769644142824,18:49:02.824,42.349734,-71.0779993,38.456,-32.060508968025346,0.12638168,1769642949766
2548,667942912,1769644143172,18:49:03.172,42.349734,-71.0779993,38.456,-32.060508968025346,0.12638168,1769642949766
2549,668205056,1769644143555,18:49:03.555,42.349734,-71.0779993,38.456,-32.060508968025346,0.12638168,1769642949766
2550,668467200,1769644143945,18:49:03.945,42.349734,-71.0779993,38.456,-32.060508968025346,0.12638168,1769642949766
2551,668729344,1769644144393,18:49:04.393,42.349734,-71.0779993,38.456,-32.060508968025346,0.12638168,1769642949766
2552,668991488,1769644144765,18:49:04.765,42.349734,-71.0779993,38.456,-32.060508968025346,0.12638168,1769642949766
2553,669253632,1769644145224,18:49:05.224,42.349734,-71.0779993,38.456,-32.060508968025346,0.12638168,1769642949766
2554,669515776,1769644145619,18:49:05.619,42.349734,-71.0779993,38.456,-32.060508968025346,0.12638168,1769642949766
2555,669777920,1769644146022,18:49:06.022,42.349734,-71.0779993,38.456,-32.060508968025346,0.12638168,1769642949766
2556,670040064,1769644146416,18:49:06.416,42.349734,-71.0779993,38.456,-32.060508968025346,0.12638168,1769642949766
2557,670302208,1769644147024,18:49:07.024,42.349734,-71.0779993,38.456,-32.060508968025346,0.12638168,1769642949766
2558,670564352,1769644147482,18:49:07.482,42.349734,-71.0779993,38.456,-32.060508968025346,0.12638168,1769642949766
2559,670826496,1769644147900,18:49:07.900,42.349734,-71.0779993,38.456,-32.060508968025346,0.12638168,1769642949766
2560,671088640,1769644148378,18:49:08.378,42.349734,-71.0779993,38.456,-32.060508968025346,0.12638168,1769642949766
2561,671350784,1769644148961,18:49:08.961,42.349734,-71.0779993,38.456,-32.060508968025346,0.12638168,1769642949766
2562,671612928,1769644149474,18:49:09.474,42.349734,-71.0779993,38.456,-32.060508968025346,0.12638168,1769642949766
2563,671875072,1769644149827,18:49:09.827,42.349734,-71.0779993,38.456,-32.060508968025346,0.12638168,1769642949766
2564,672137216,1769644150172,18:49:10.172,42.349734,-71.0779993,38.456,-32.060508968025346,0.12638168,1769642949766
2565,672399360,1769644150624,18:49:10.624,42.349734,-71.0779993,38.456,-32.060508968025346,0.12638168,1769642949766
2566,672661504,1769644150992,18:49:10.992,42.349734,-71.0779993,38.456,-32.060508968025346,0.12638168,1769642949766
2567,672923648,1769644151310,18:49:11.310,42.349734,-71.0779993,38.456,-32.060508968025346,0.12638168,1769642949766
2568,673185792,1769644151756,18:49:11.756,42.349734,-71.0779993,38.456,-32.060508968025346,0.12638168,1769642949766
2569,673447936,1769644152106,18:49:12.106,42.349734,-71.0779993,38.456,-32.060508968025346,0.12638168,1769642949766
2570,673710080,1769644152468,18:49:12.468,42.349734,-71.0779993,38.456,-32.060508968025346,0.12638168,1769642949766
2571,673972224,1769644152885,18:49:12.885,42.349734,-71.0779993,38.456,-32.060508968025346,0.12638168,1769642949766
2572,674234368,1769644153380,18:49:13.380,42.349734,-71.0779993,38.456,-32.060508968025346,0.12638168,1769642949766
2573,674496512,1769644153768,18:49:13.768,42.349734,-71.0779993,38.456,-32.060508968025346,0.12638168,1769642949766
2574,674758656,1769644154138,18:49:14.138,42.349734,-71.0779993,38.456,-32.060508968025346,0.12638168,1769642949766
2575,675020800,1769644154512,18:49:14.512,42.349734,-71.0779993,38.456,-32.060508968025346,0.12638168,1769642949766
2576,675282944,1769644154819,18:49:14.819,42.349734,-71.0779993,38.456,-32.060508968025346,0.12638168,1769642949766
2577,675545088,1769644155179,18:49:15.179,42.349734,-71.0779993,38.456,-32.060508968025346,0.12638168,1769642949766
2578,675807232,1769644155628,18:49:15.628,42.349734,-71.0779993,38.456,-32.060508968025346,0.12638168,1769642949766
2579,676069376,1769644155999,18:49:15.999,42.349734,-71.0779993,38.456,-32.060508968025346,0.12638168,1769642949766
2580,676331520,1769644156405,18:49:16.405,42.349734,-71.0779993,38.456,-32.060508968025346,0.12638168,1769642949766
2581,676593664,1769644156748,18:49:16.748,42.349734,-71.0779993,38.456,-32.060508968025346,0.12638168,1769642949766
2582,676855808,1769644157099,18:49:17.099,42.349734,-71.0779993,38.456,-32.060508968025346,0.12638168,1769642949766
2583,677117952,1769644157447,18:49:17.447,42.349734,-71.0779993,38.456,-32.060508968025346,0.12638168,1769642949766
2584,677380096,1769644157796,18:49:17.796,42.349734,-71.0779993,38.456,-32.060508968025346,0.12638168,1769642949766
2585,677642240,1769644158337,18:49:18.337,42.349734,-71.0779993,38.456,-32.060508968025346,0.12638168,1769642949766
2586,677904384,1769644158692,18:49:18.692,42.349734,-71.0779993,38.456,-32.060508968025346,0.12638168,1769642949766
2587,678166528,1769644159062,18:49:19.062,42.349734,-71.0779993,38.456,-32.060508968025346,0.12638168,1769642949766
2588,678428672,1769644159658,18:49:19.658,42.349734,-71.0779993,38.456,-32.060508968025346,0.12638168,1769642949766
2589,678690816,1769644160298,18:49:20.298,42.349734,-71.0779993,38.456,-32.060508968025346,0.12638168,1769642949766
2590,678952960,1769644160779,18:49:20.779,42.349734,-71.0779993,38.456,-32.060508968025346,0.12638168,1769642949766
2591,679215104,1769644161111,18:49:21.111,42.349734,-71.0779993,38.456,-32.060508968025346,0.12638168,1769642949766
2592,679477248,1769644161502,18:49:21.502,42.349734,-71.0779993,38.456,-32.060508968025346,0.12638168,1769642949766
2593,679739392,1769644161855,18:49:21.855,42.349734,-71.0779993,38.456,-32.060508968025346,0.12638168,1769642949766
2594,680001536,1769644162511,18:49:22.511,42.349734,-71.0779993,38.456,-32.060508968025346,0.12638168,1769642949766
2595,680263680,1769644163257,18:49:23.257,42.349734,-71.0779993,38.456,-32.060508968025346,0.12638168,1769642949766
2596,680525824,1769644163667,18:49:23.667,42.349734,-71.0779993,38.456,-32.060508968025346,0.12638168,1769642949766
2597,680787968,1769644164046,18:49:24.046,42.349734,-71.0779993,38.456,-32.060508968025346,0.12638168,1769642949766
2598,681050112,1769644164732,18:49:24.732,42.349734,-71.0779993,38.456,-32.060508968025346,0.12638168,1769642949766
2599,681312256,1769644165250,18:49:25.250,42.349734,-71.0779993,38.456,-32.060508968025346,0.12638168,1769642949766
2600,681574400,1769644165740,18:49:25.740,42.349734,-71.0779993,38.456,-32.060508968025346,0.12638168,1769642949766
2601,681836544,1769644166132,18:49:26.132,42.349734,-71.0779993,38.456,-32.060508968025346,0.12638168,1769642949766
2602,682098688,1769644166803,18:49:26.803,42.349734,-71.0779993,38.456,-32.060508968025346,0.12638168,1769642949766
2603,682360832,1769644167184,18:49:27.184,42.349734,-71.0779993,38.456,-32.060508968025346,0.12638168,1769642949766
2604,682622976,1769644167533,18:49:27.533,42.349734,-71.0779993,38.456,-32.060508968025346,0.12638168,1769642949766
2605,682885120,1769644167920,18:49:27.920,42.349734,-71.0779993,38.456,-32.060508968025346,0.12638168,1769642949766
2606,683147264,1769644168245,18:49:28.245,42.349734,-71.0779993,38.456,-32.060508968025346,0.12638168,1769642949766
2607,683409408,1769644168587,18:49:28.587,42.349734,-71.0779993,38.456,-32.060508968025346,0.12638168,1769642949766
2608,683671552,1769644168934,18:49:28.934,42.349734,-71.0779993,38.456,-32.060508968025346,0.12638168,1769642949766
2609,683933696,1769644169288,18:49:29.288,42.349734,-71.0779993,38.456,-32.060508968025346,0.12638168,1769642949766
2610,684195840,1769644169640,18:49:29.640,42.349734,-71.0779993,38.456,-32.060508968025346,0.12638168,1769642949766
2611,684457984,1769644170048,18:49:30.048,42.349734,-71.0779993,38.456,-32.060508968025346,0.12638168,1769642949766
2612,684720128,1769644170441,18:49:30.441,42.349734,-71.0779993,38.456,-32.060508968025346,0.12638168,1769642949766
2613,684982272,1769644170846,18:49:30.846,42.349734,-71.0779993,38.456,-32.060508968025346,0.12638168,1769642949766
2614,685244416,1769644171197,18:49:31.197,42.349734,-71.0779993,38.456,-32.060508968025346,0.12638168,1769642949766
2615,685506560,1769644171545,18:49:31.545,42.349734,-71.0779993,38.456,-32.060508968025346,0.12638168,1769642949766
2616,685768704,1769644171929,18:49:31.929,42.349734,-71.0779993,38.456,-32.060508968025346,0.12638168,1769642949766
2617,686030848,1769644172268,18:49:32.268,42.349734,-71.0779993,38.456,-32.060508968025346,0.12638168,1769642949766
2618,686292992,1769644172625,18:49:32.625,42.349734,-71.0779993,38.456,-32.060508968025346,0.12638168,1769642949766
2619,686555136,1769644172973,18:49:32.973,42.349734,-71.0779993,38.456,-32.060508968025346,0.12638168,1769642949766
2620,686817280,1769644173324,18:49:33.324,42.349734,-71.0779993,38.456,-32.060508968025346,0.12638168,1769642949766
2621,687079424,1769644173675,18:49:33.675,42.349734,-71.0779993,38.456,-32.060508968025346,0.12638168,1769642949766
2622,687341568,1769644174020,18:49:34.020,42.349734,-71.0779993,38.456,-32.060508968025346,0.12638168,1769642949766
2623,687603712,1769644174369,18:49:34.369,42.349734,-71.0779993,38.456,-32.060508968025346,0.12638168,1769642949766
2624,687865856,1769644174724,18:49:34.724,42.349734,-71.0779993,38.456,-32.060508968025346,0.12638168,1769642949766
2625,688128000,1769644175072,18:49:35.072,42.349734,-71.0779993,38.456,-32.060508968025346,0.12638168,1769642949766
2626,688390144,1769644175428,18:49:35.428,42.349734,-71.0779993,38.456,-32.060508968025346,0.12638168,1769642949766
2627,688652288,1769644175778,18:49:35.778,42.349734,-71.0779993,38.456,-32.060508968025346,0.12638168,1769642949766
2628,688914432,1769644176171,18:49:36.171,42.349734,-71.0779993,38.456,-32.060508968025346,0.12638168,1769642949766
2629,689176576,1769644176546,18:49:36.546,42.349734,-71.0779993,38.456,-32.060508968025346,0.12638168,1769642949766
2630,689438720,1769644176876,18:49:36.876,42.349734,-71.0779993,38.456,-32.060508968025346,0.12638168,1769642949766
2631,689700864,1769644177226,18:49:37.226,42.349734,-71.0779993,38.456,-32.060508968025346,0.12638168,1769642949766
2632,689963008,1769644177567,18:49:37.567,42.349734,-71.0779993,38.456,-32.060508968025346,0.12638168,1769642949766
2633,690225152,1769644177918,18:49:37.918,42.349734,-71.0779993,38.456,-32.060508968025346,0.12638168,1769642949766
2634,690487296,1769644178271,18:49:38.271,42.349734,-71.0779993,38.456,-32.060508968025346,0.12638168,1769642949766
2635,690749440,1769644178619,18:49:38.619,42.349734,-71.0779993,38.456,-32.060508968025346,0.12638168,1769642949766
2636,691011584,1769644178997,18:49:38.997,42.349734,-71.0779993,38.456,-32.060508968025346,0.12638168,1769642949766
2637,691273728,1769644179360,18:49:39.360,42.349734,-71.0779993,38.456,-32.060508968025346,0.12638168,1769642949766
2638,691535872,1769644179849,18:49:39.849,42.349734,-71.0779993,38.456,-32.060508968025346,0.12638168,1769642949766
2639,691798016,1769644180248,18:49:40.248,42.349734,-71.0779993,38.456,-32.060508968025346,0.12638168,1769642949766
2640,692060160,1769644180953,18:49:40.953,42.349734,-71.0779993,38.456,-32.060508968025346,0.12638168,1769642949766
2641,692322304,1769644181664,18:49:41.664,42.349734,-71.0779993,38.456,-32.060508968025346,0.12638168,1769642949766
2642,692584448,1769644182021,18:49:42.021,42.349734,-71.0779993,38.456,-32.060508968025346,0.12638168,1769642949766
2643,692846592,1769644182449,18:49:42.449,42.349734,-71.0779993,38.456,-32.060508968025346,0.12638168,1769642949766
2644,693108736,1769644182793,18:49:42.793,42.349734,-71.0779993,38.456,-32.060508968025346,0.12638168,1769642949766
2645,693370880,1769644183188,18:49:43.188,42.349734,-71.0779993,38.456,-32.060508968025346,0.12638168,1769642949766
2646,693633024,1769644183602,18:49:43.602,42.349734,-71.0779993,38.456,-32.060508968025346,0.12638168,1769642949766
2647,693895168,1769644183955,18:49:43.955,42.349734,-71.0779993,38.456,-32.060508968025346,0.12638168,1769642949766
2648,694157312,1769644184310,18:49:44.310,42.349734,-71.0779993,38.456,-32.060508968025346,0.12638168,1769642949766
2649,694419456,1769644184689,18:49:44.689,42.349734,-71.0779993,38.456,-32.060508968025346,0.12638168,1769642949766
2650,694681600,1769644185200,18:49:45.200,42.349734,-71.0779993,38.456,-32.060508968025346,0.12638168,1769642949766
2651,694943744,1769644185607,18:49:45.607,42.349734,-71.0779993,38.456,-32.060508968025346,0.12638168,1769642949766
2652,695205888,1769644185996,18:49:45.996,42.349734,-71.0779993,38.456,-32.060508968025346,0.12638168,1769642949766
2653,695468032,1769644186394,18:49:46.394,42.349734,-71.0779993,38.456,-32.060508968025346,0.12638168,1769642949766
2654,695730176,1769644186792,18:49:46.792,42.349734,-71.0779993,38.456,-32.060508968025346,0.12638168,1769642949766
2655,695992320,1769644187184,18:49:47.184,42.349734,-71.0779993,38.456,-32.060508968025346,0.12638168,1769642949766
2656,696254464,1769644187576,18:49:47.576,42.349734,-71.0779993,38.456,-32.060508968025346,0.12638168,1769642949766
2657,696516608,1769644187883,18:49:47.883,42.349734,-71.0779993,38.456,-32.060508968025346,0.12638168,1769642949766
2658,696778752,1769644188221,18:49:48.221,42.349734,-71.0779993,38.456,-32.060508968025346,0.12638168,1769642949766
2659,697040896,1769644188574,18:49:48.574,42.349734,-71.0779993,38.456,-32.060508968025346,0.12638168,1769642949766
2660,697303040,1769644189019,18:49:49.019,42.349734,-71.0779993,38.456,-32.060508968025346,0.12638168,1769642949766
2661,697565184,1769644189686,18:49:49.686,42.349734,-71.0779993,38.456,-32.060508968025346,0.12638168,1769642949766
2662,697827328,1769644190217,18:49:50.217,42.349734,-71.0779993,38.456,-32.060508968025346,0.12638168,1769642949766
2663,698089472,1769644190616,18:49:50.616,42.349734,-71.0779993,38.456,-32.060508968025346,0.12638168,1769642949766
2664,698351616,1769644191151,18:49:51.151,42.349734,-71.0779993,38.456,-32.060508968025346,0.12638168,1769642949766
2665,698613760,1769644191752,18:49:51.752,42.349734,-71.0779993,38.456,-32.060508968025346,0.12638168,1769642949766
2666,698875904,1769644192369,18:49:52.369,42.349734,-71.0779993,38.456,-32.060508968025346,0.12638168,1769642949766
2667,699138048,1769644192824,18:49:52.824,42.349734,-71.0779993,38.456,-32.060508968025346,0.12638168,1769642949766
2668,699400192,1769644193676,18:49:53.676,42.349734,-71.0779993,38.456,-32.060508968025346,0.12638168,1769642949766
2669,699662336,1769644194438,18:49:54.438,42.349734,-71.0779993,38.456,-32.060508968025346,0.12638168,1769642949766
2670,699924480,1769644194787,18:49:54.787,42.349734,-71.0779993,38.456,-32.060508968025346,0.12638168,1769642949766
2671,700186624,1769644195648,18:49:55.648,42.349734,-71.0779993,38.456,-32.060508968025346,0.12638168,1769642949766
2672,700448768,1769644196416,18:49:56.416,42.349734,-71.0779993,38.456,-32.060508968025346,0.12638168,1769642949766
2673,700710912,1769644196865,18:49:56.865,42.349734,-71.0779993,38.456,-32.060508968025346,0.12638168,1769642949766
2674,700973056,1769644197217,18:49:57.217,42.349734,-71.0779993,38.456,-32.060508968025346,0.12638168,1769642949766
2675,701235200,1769644197611,18:49:57.611,42.349734,-71.0779993,38.456,-32.060508968025346,0.12638168,1769642949766
2676,701497344,1769644198167,18:49:58.167,42.349734,-71.0779993,38.456,-32.060508968025346,0.12638168,1769642949766
2677,701759488,1769644198784,18:49:58.784,42.349734,-71.0779993,38.456,-32.060508968025346,0.12638168,1769642949766
2678,702021632,1769644199187,18:49:59.187,42.349734,-71.0779993,38.456,-32.060508968025346,0.12638168,1769642949766
2679,702283776,1769644199792,18:49:59.792,42.349734,-71.0779993,38.456,-32.060508968025346,0.12638168,1769642949766
2680,702545920,1769644200415,18:50:00.415,42.349734,-71.0779993,38.456,-32.060508968025346,0.12638168,1769642949766
2681,702808064,1769644200980,18:50:00.980,42.349734,-71.0779993,38.456,-32.060508968025346,0.12638168,1769642949766
2682,703070208,1769644201329,18:50:01.329,42.349734,-71.0779993,38.456,-32.060508968025346,0.12638168,1769642949766
2683,703332352,1769644201779,18:50:01.779,42.349734,-71.0779993,38.456,-32.060508968025346,0.12638168,1769642949766
2684,703594496,1769644202142,18:50:02.142,42.349734,-71.0779993,38.456,-32.060508968025346,0.12638168,1769642949766
2685,703856640,1769644202757,18:50:02.757,42.349734,-71.0779993,38.456,-32.060508968025346,0.12638168,1769642949766
2686,704118784,1769644203241,18:50:03.241,42.349734,-71.0779993,38.456,-32.060508968025346,0.12638168,1769642949766
2687,704380928,1769644203625,18:50:03.625,42.349734,-71.0779993,38.456,-32.060508968025346,0.12638168,1769642949766
2688,704643072,1769644203973,18:50:03.973,42.349734,-71.0779993,38.456,-32.060508968025346,0.12638168,1769642949766
2689,704905216,1769644204389,18:50:04.389,42.349734,-71.0779993,38.456,-32.060508968025346,0.12638168,1769642949766
2690,705167360,1769644205059,18:50:05.059,42.349734,-71.0779993,38.456,-32.060508968025346,0.12638168,1769642949766
2691,705429504,1769644205468,18:50:05.468,42.349734,-71.0779993,38.456,-32.060508968025346,0.12638168,1769642949766
2692,705691648,1769644205806,18:50:05.806,42.349734,-71.0779993,38.456,-32.060508968025346,0.12638168,1769642949766
2693,705953792,1769644206163,18:50:06.163,42.349734,-71.0779993,38.456,-32.060508968025346,0.12638168,1769642949766
2694,706215936,1769644206530,18:50:06.530,42.349734,-71.0779993,38.456,-32.060508968025346,0.12638168,1769642949766
2695,706478080,1769644207036,18:50:07.036,42.349734,-71.0779993,38.456,-32.060508968025346,0.12638168,1769642949766
2696,706740224,1769644207664,18:50:07.664,42.349734,-71.0779993,38.456,-32.060508968025346,0.12638168,1769642949766
2697,707002368,1769644207990,18:50:07.990,42.349734,-71.0779993,38.456,-32.060508968025346,0.12638168,1769642949766
2698,707264512,1769644208340,18:50:08.340,42.349734,-71.0779993,38.456,-32.060508968025346,0.12638168,1769642949766
2699,707526656,1769644208836,18:50:08.836,42.349734,-71.0779993,38.456,-32.060508968025346,0.12638168,1769642949766
2700,707788800,1769644209482,18:50:09.482,42.349734,-71.0779993,38.456,-32.060508968025346,0.12638168,1769642949766
2701,708050944,1769644210042,18:50:10.042,42.349734,-71.0779993,38.456,-32.060508968025346,0.12638168,1769642949766
2702,708313088,1769644210776,18:50:10.776,42.349734,-71.0779993,38.456,-32.060508968025346,0.12638168,1769642949766
2703,708575232,1769644211298,18:50:11.298,42.349734,-71.0779993,38.456,-32.060508968025346,0.12638168,1769642949766
2704,708837376,1769644211955,18:50:11.955,42.349734,-71.0779993,38.456,-32.060508968025346,0.12638168,1769642949766
2705,709099520,1769644212280,18:50:12.280,42.349734,-71.0779993,38.456,-32.060508968025346,0.12638168,1769642949766
2706,709361664,1769644212639,18:50:12.639,42.349734,-71.0779993,38.456,-32.060508968025346,0.12638168,1769642949766
2707,709623808,1769644212991,18:50:12.991,42.349734,-71.0779993,38.456,-32.060508968025346,0.12638168,1769642949766
2708,709885952,1769644213342,18:50:13.342,42.349734,-71.0779993,38.456,-32.060508968025346,0.12638168,1769642949766
2709,710148096,1769644213813,18:50:13.813,42.349734,-71.0779993,38.456,-32.060508968025346,0.12638168,1769642949766
2710,710410240,1769644214160,18:50:14.160,42.349734,-71.0779993,38.456,-32.060508968025346,0.12638168,1769642949766
2711,710672384,1769644214513,18:50:14.513,42.349734,-71.0779993,38.456,-32.060508968025346,0.12638168,1769642949766
2712,710934528,1769644214895,18:50:14.895,42.349734,-71.0779993,38.456,-32.060508968025346,0.12638168,1769642949766
2713,711196672,1769644215345,18:50:15.345,42.349734,-71.0779993,38.456,-32.060508968025346,0.12638168,1769642949766
2714,711458816,1769644215811,18:50:15.811,42.349734,-71.0779993,38.456,-32.060508968025346,0.12638168,1769642949766
2715,711720960,1769644216205,18:50:16.205,42.349734,-71.0779993,38.456,-32.060508968025346,0.12638168,1769642949766
2716,711983104,1769644216659,18:50:16.659,42.349734,-71.0779993,38.456,-32.060508968025346,0.12638168,1769642949766
2717,712245248,1769644217032,18:50:17.032,42.349734,-71.0779993,38.456,-32.060508968025346,0.12638168,1769642949766
2718,712507392,1769644217384,18:50:17.384,42.349734,-71.0779993,38.456,-32.060508968025346,0.12638168,1769642949766
2719,712769536,1769644217771,18:50:17.771,42.349734,-71.0779993,38.456,-32.060508968025346,0.12638168,1769642949766
2720,713031680,1769644218095,18:50:18.095,42.349734,-71.0779993,38.456,-32.060508968025346,0.12638168,1769642949766
2721,713293824,1769644218451,18:50:18.451,42.349734,-71.0779993,38.456,-32.060508968025346,0.12638168,1769642949766
2722,713555968,1769644218790,18:50:18.790,42.349734,-71.0779993,38.456,-32.060508968025346,0.12638168,1769642949766
2723,713818112,1769644219136,18:50:19.136,42.349734,-71.0779993,38.456,-32.060508968025346,0.12638168,1769642949766
2724,714080256,1769644219487,18:50:19.487,42.349734,-71.0779993,38.456,-32.060508968025346,0.12638168,1769642949766
2725,714342400,1769644219850,18:50:19.850,42.349734,-71.0779993,38.456,-32.060508968025346,0.12638168,1769642949766
2726,714604544,1769644220192,18:50:20.192,42.349734,-71.0779993,38.456,-32.060508968025346,0.12638168,1769642949766
2727,714866688,1769644220541,18:50:20.541,42.349734,-71.0779993,38.456,-32.060508968025346,0.12638168,1769642949766
2728,715128832,1769644220892,18:50:20.892,42.349734,-71.0779993,38.456,-32.060508968025346,0.12638168,1769642949766
2729,715390976,1769644221240,18:50:21.240,42.349734,-71.0779993,38.456,-32.060508968025346,0.12638168,1769642949766
2730,715653120,1769644221634,18:50:21.634,42.349734,-71.0779993,38.456,-32.060508968025346,0.12638168,1769642949766
2731,715915264,1769644222041,18:50:22.041,42.349734,-71.0779993,38.456,-32.060508968025346,0.12638168,1769642949766
2732,716177408,1769644222390,18:50:22.390,42.349734,-71.0779993,38.456,-32.060508968025346,0.12638168,1769642949766
2733,716439552,1769644223102,18:50:23.102,42.349734,-71.0779993,38.456,-32.060508968025346,0.12638168,1769642949766
2734,716701696,1769644223788,18:50:23.788,42.349734,-71.0779993,38.456,-32.060508968025346,0.12638168,1769642949766
2735,716963840,1769644224136,18:50:24.136,42.349734,-71.0779993,38.456,-32.060508968025346,0.12638168,1769642949766
2736,717225984,1769644224572,18:50:24.572,42.349734,-71.0779993,38.456,-32.060508968025346,0.12638168,1769642949766
2737,717488128,1769644225033,18:50:25.033,42.349734,-71.0779993,38.456,-32.060508968025346,0.12638168,1769642949766
2738,717750272,1769644225445,18:50:25.445,42.349734,-71.0779993,38.456,-32.060508968025346,0.12638168,1769642949766
2739,718012416,1769644226297,18:50:26.297,42.349734,-71.0779993,38.456,-32.060508968025346,0.12638168,1769642949766
2740,718274560,1769644226833,18:50:26.833,42.349734,-71.0779993,38.456,-32.060508968025346,0.12638168,1769642949766
2741,718536704,1769644227446,18:50:27.446,42.349734,-71.0779993,38.456,-32.060508968025346,0.12638168,1769642949766
2742,718798848,1769644228137,18:50:28.137,42.349734,-71.0779993,38.456,-32.060508968025346,0.12638168,1769642949766
2743,719060992,1769644229053,18:50:29.053,42.349734,-71.0779993,38.456,-32.060508968025346,0.12638168,1769642949766
2744,719323136,1769644229838,18:50:29.838,42.349734,-71.0779993,38.456,-32.060508968025346,0.12638168,1769642949766
2745,719585280,1769644230611,18:50:30.611,42.349734,-71.0779993,38.456,-32.060508968025346,0.12638168,1769642949766
2746,719847424,1769644230964,18:50:30.964,42.349734,-71.0779993,38.456,-32.060508968025346,0.12638168,1769642949766
2747,720109568,1769644231780,18:50:31.780,42.349734,-71.0779993,38.456,-32.060508968025346,0.12638168,1769642949766
2748,720371712,1769644232375,18:50:32.375,42.349734,-71.0779993,38.456,-32.060508968025346,0.12638168,1769642949766
2749,720633856,1769644232774,18:50:32.774,42.349734,-71.0779993,38.456,-32.060508968025346,0.12638168,1769642949766
2750,720896000,1769644233171,18:50:33.171,42.349734,-71.0779993,38.456,-32.060508968025346,0.12638168,1769642949766
2751,721158144,1769644233620,18:50:33.620,42.349734,-71.0779993,38.456,-32.060508968025346,0.12638168,1769642949766
2752,721420288,1769644233973,18:50:33.973,42.349734,-71.0779993,38.456,-32.060508968025346,0.12638168,1769642949766
2753,721682432,1769644234315,18:50:34.315,42.349734,-71.0779993,38.456,-32.060508968025346,0.12638168,1769642949766
2754,721944576,1769644234665,18:50:34.665,42.349734,-71.0779993,38.456,-32.060508968025346,0.12638168,1769642949766
2755,722206720,1769644235014,18:50:35.014,42.349734,-71.0779993,38.456,-32.060508968025346,0.12638168,1769642949766
2756,722468864,1769644235475,18:50:35.475,42.349734,-71.0779993,38.456,-32.060508968025346,0.12638168,1769642949766
2757,722731008,1769644235923,18:50:35.923,42.349734,-71.0779993,38.456,-32.060508968025346,0.12638168,1769642949766
2758,722993152,1769644236357,18:50:36.357,42.349734,-71.0779993,38.456,-32.060508968025346,0.12638168,1769642949766
2759,723255296,1769644236839,18:50:36.839,42.349734,-71.0779993,38.456,-32.060508968025346,0.12638168,1769642949766
2760,723517440,1769644237386,18:50:37.386,42.349734,-71.0779993,38.456,-32.060508968025346,0.12638168,1769642949766
2761,723779584,1769644237840,18:50:37.840,42.349734,-71.0779993,38.456,-32.060508968025346,0.12638168,1769642949766
2762,724041728,1769644238188,18:50:38.188,42.349734,-71.0779993,38.456,-32.060508968025346,0.12638168,1769642949766
2763,724303872,1769644238525,18:50:38.525,42.349734,-71.0779993,38.456,-32.060508968025346,0.12638168,1769642949766
2764,724566016,1769644238873,18:50:38.873,42.349734,-71.0779993,38.456,-32.060508968025346,0.12638168,1769642949766
2765,724828160,1769644239222,18:50:39.222,42.349734,-71.0779993,38.456,-32.060508968025346,0.12638168,1769642949766
2766,725090304,1769644239663,18:50:39.663,42.349734,-71.0779993,38.456,-32.060508968025346,0.12638168,1769642949766
2767,725352448,1769644240035,18:50:40.035,42.349734,-71.0779993,38.456,-32.060508968025346,0.12638168,1769642949766
2768,725614592,1769644240401,18:50:40.401,42.349734,-71.0779993,38.456,-32.060508968025346,0.12638168,1769642949766
2769,725876736,1769644240755,18:50:40.755,42.349734,-71.0779993,38.456,-32.060508968025346,0.12638168,1769642949766
2770,726138880,1769644241391,18:50:41.391,42.349734,-71.0779993,38.456,-32.060508968025346,0.12638168,1769642949766
2771,726401024,1769644242019,18:50:42.019,42.349734,-71.0779993,38.456,-32.060508968025346,0.12638168,1769642949766
2772,726663168,1769644242373,18:50:42.373,42.349734,-71.0779993,38.456,-32.060508968025346,0.12638168,1769642949766
2773,726925312,1769644242918,18:50:42.918,42.349734,-71.0779993,38.456,-32.060508968025346,0.12638168,1769642949766
2774,727187456,1769644243405,18:50:43.405,42.349734,-71.0779993,38.456,-32.060508968025346,0.12638168,1769642949766
2775,727449600,1769644244039,18:50:44.039,42.349734,-71.0779993,38.456,-32.060508968025346,0.12638168,1769642949766
2776,727711744,1769644244524,18:50:44.524,42.349734,-71.0779993,38.456,-32.060508968025346,0.12638168,1769642949766
2777,727973888,1769644244932,18:50:44.932,42.349734,-71.0779993,38.456,-32.060508968025346,0.12638168,1769642949766
2778,728236032,1769644245302,18:50:45.302,42.349734,-71.0779993,38.456,-32.060508968025346,0.12638168,1769642949766
2779,728498176,1769644245779,18:50:45.779,42.349734,-71.0779993,38.456,-32.060508968025346,0.12638168,1769642949766
2780,728760320,1769644246154,18:50:46.154,42.349734,-71.0779993,38.456,-32.060508968025346,0.12638168,1769642949766
2781,729022464,1769644246839,18:50:46.839,42.349734,-71.0779993,38.456,-32.060508968025346,0.12638168,1769642949766
2782,729284608,1769644247184,18:50:47.184,42.349734,-71.0779993,38.456,-32.060508968025346,0.12638168,1769642949766
2783,729546752,1769644247647,18:50:47.647,42.349734,-71.0779993,38.456,-32.060508968025346,0.12638168,1769642949766
2784,729808896,1769644248120,18:50:48.120,42.349734,-71.0779993,38.456,-32.060508968025346,0.12638168,1769642949766
2785,730071040,1769644248711,18:50:48.711,42.349734,-71.0779993,38.456,-32.060508968025346,0.12638168,1769642949766
2786,730333184,1769644249079,18:50:49.079,42.349734,-71.0779993,38.456,-32.060508968025346,0.12638168,1769642949766
2787,730595328,1769644249443,18:50:49.443,42.349734,-71.0779993,38.456,-32.060508968025346,0.12638168,1769642949766
2788,730857472,1769644249827,18:50:49.827,42.349734,-71.0779993,38.456,-32.060508968025346,0.12638168,1769642949766
2789,731119616,1769644250488,18:50:50.488,42.349734,-71.0779993,38.456,-32.060508968025346,0.12638168,1769642949766
2790,731381760,1769644250931,18:50:50.931,42.349734,-71.0779993,38.456,-32.060508968025346,0.12638168,1769642949766
2791,731643904,1769644251286,18:50:51.286,42.349734,-71.0779993,38.456,-32.060508968025346,0.12638168,1769642949766
2792,731906048,1769644251632,18:50:51.632,42.349734,-71.0779993,38.456,-32.060508968025346,0.12638168,1769642949766
2793,732168192,1769644251995,18:50:51.995,42.349734,-71.0779993,38.456,-32.060508968025346,0.12638168,1769642949766
2794,732430336,1769644252317,18:50:52.317,42.349734,-71.0779993,38.456,-32.060508968025346,0.12638168,1769642949766
2795,732692480,1769644252684,18:50:52.684,42.349734,-71.0779993,38.456,-32.060508968025346,0.12638168,1769642949766
2796,732954624,1769644253089,18:50:53.089,42.349734,-71.0779993,38.456,-32.060508968025346,0.12638168,1769642949766
2797,733216768,1769644253437,18:50:53.437,42.349734,-71.0779993,38.456,-32.060508968025346,0.12638168,1769642949766
2798,733478912,1769644253786,18:50:53.786,42.349734,-71.0779993,38.456,-32.060508968025346,0.12638168,1769642949766
2799,733741056,1769644254139,18:50:54.139,42.349734,-71.0779993,38.456,-32.060508968025346,0.12638168,1769642949766
2800,734003200,1769644254491,18:50:54.491,42.349734,-71.0779993,38.456,-32.060508968025346,0.12638168,1769642949766
2801,734265344,1769644254849,18:50:54.849,42.349734,-71.0779993,38.456,-32.060508968025346,0.12638168,1769642949766
2802,734527488,1769644255196,18:50:55.196,42.349734,-71.0779993,38.456,-32.060508968025346,0.12638168,1769642949766
2803,734789632,1769644255541,18:50:55.541,42.349734,-71.0779993,38.456,-32.060508968025346,0.12638168,1769642949766
2804,735051776,1769644255896,18:50:55.896,42.349734,-71.0779993,38.456,-32.060508968025346,0.12638168,1769642949766
2805,735313920,1769644256252,18:50:56.252,42.349734,-71.0779993,38.456,-32.060508968025346,0.12638168,1769642949766
2806,735576064,1769644256600,18:50:56.600,42.349734,-71.0779993,38.456,-32.060508968025346,0.12638168,1769642949766
2807,735838208,1769644256980,18:50:56.980,42.349734,-71.0779993,38.456,-32.060508968025346,0.12638168,1769642949766
2808,736100352,1769644257383,18:50:57.383,42.349734,-71.0779993,38.456,-32.060508968025346,0.12638168,1769642949766
2809,736362496,1769644257789,18:50:57.789,42.349734,-71.0779993,38.456,-32.060508968025346,0.12638168,1769642949766
2810,736624640,1769644258178,18:50:58.178,42.349734,-71.0779993,38.456,-32.060508968025346,0.12638168,1769642949766
2811,736886784,1769644258526,18:50:58.526,42.349734,-71.0779993,38.456,-32.060508968025346,0.12638168,1769642949766
2812,737148928,1769644258881,18:50:58.881,42.349734,-71.0779993,38.456,-32.060508968025346,0.12638168,1769642949766
2813,737411072,1769644259228,18:50:59.228,42.349734,-71.0779993,38.456,-32.060508968025346,0.12638168,1769642949766
2814,737673216,1769644259579,18:50:59.579,42.349734,-71.0779993,38.456,-32.060508968025346,0.12638168,1769642949766
2815,737935360,1769644259946,18:50:59.946,42.349734,-71.0779993,38.456,-32.060508968025346,0.12638168,1769642949766
2816,738197504,1769644260294,18:51:00.294,42.349734,-71.0779993,38.456,-32.060508968025346,0.12638168,1769642949766
2817,738459648,1769644260645,18:51:00.645,42.349734,-71.0779993,38.456,-32.060508968025346,0.12638168,1769642949766
2818,738721792,1769644261032,18:51:01.032,42.349734,-71.0779993,38.456,-32.060508968025346,0.12638168,1769642949766
2819,738983936,1769644261534,18:51:01.534,42.349734,-71.0779993,38.456,-32.060508968025346,0.12638168,1769642949766
2820,739246080,1769644261979,18:51:01.979,42.349734,-71.0779993,38.456,-32.060508968025346,0.12638168,1769642949766
2821,739508224,1769644262336,18:51:02.336,42.349734,-71.0779993,38.456,-32.060508968025346,0.12638168,1769642949766
2822,739770368,1769644262748,18:51:02.748,42.349734,-71.0779993,38.456,-32.060508968025346,0.12638168,1769642949766
2823,740032512,1769644263158,18:51:03.158,42.349734,-71.0779993,38.456,-32.060508968025346,0.12638168,1769642949766
2824,740294656,1769644263621,18:51:03.621,42.349734,-71.0779993,38.456,-32.060508968025346,0.12638168,1769642949766
2825,740556800,1769644264204,18:51:04.204,42.349734,-71.0779993,38.456,-32.060508968025346,0.12638168,1769642949766
2826,740818944,1769644264738,18:51:04.738,42.349734,-71.0779993,38.456,-32.060508968025346,0.12638168,1769642949766
2827,741081088,1769644265150,18:51:05.150,42.349734,-71.0779993,38.456,-32.060508968025346,0.12638168,1769642949766
2828,741343232,1769644265500,18:51:05.500,42.349734,-71.0779993,38.456,-32.060508968025346,0.12638168,1769642949766
2829,741605376,1769644265923,18:51:05.923,42.349734,-71.0779993,38.456,-32.060508968025346,0.12638168,1769642949766
2830,741867520,1769644266271,18:51:06.271,42.349734,-71.0779993,38.456,-32.060508968025346,0.12638168,1769642949766
2831,742129664,1769644266644,18:51:06.644,42.349734,-71.0779993,38.456,-32.060508968025346,0.12638168,1769642949766
2832,742391808,1769644267498,18:51:07.498,42.349734,-71.0779993,38.456,-32.060508968025346,0.12638168,1769642949766
2833,742653952,1769644267907,18:51:07.907,42.349734,-71.0779993,38.456,-32.060508968025346,0.12638168,1769642949766
2834,742916096,1769644268488,18:51:08.488,42.349734,-71.0779993,38.456,-32.060508968025346,0.12638168,1769642949766
2835,743178240,1769644268944,18:51:08.944,42.349734,-71.0779993,38.456,-32.060508968025346,0.12638168,1769642949766
2836,743440384,1769644269369,18:51:09.369,42.349734,-71.0779993,38.456,-32.060508968025346,0.12638168,1769642949766
2837,743702528,1769644270078,18:51:10.078,42.349734,-71.0779993,38.456,-32.060508968025346,0.12638168,1769642949766
2838,743964672,1769644270580,18:51:10.580,42.349734,-71.0779993,38.456,-32.060508968025346,0.12638168,1769642949766
2839,744226816,1769644271113,18:51:11.113,42.349734,-71.0779993,38.456,-32.060508968025346,0.12638168,1769642949766
2840,744488960,1769644271703,18:51:11.703,42.349734,-71.0779993,38.456,-32.060508968025346,0.12638168,1769642949766
2841,744751104,1769644272226,18:51:12.226,42.349734,-71.0779993,38.456,-32.060508968025346,0.12638168,1769642949766
2842,745013248,1769644272663,18:51:12.663,42.349734,-71.0779993,38.456,-32.060508968025346,0.12638168,1769642949766
2843,745275392,1769644273177,18:51:13.177,42.349734,-71.0779993,38.456,-32.060508968025346,0.12638168,1769642949766
2844,745537536,1769644273526,18:51:13.526,42.349734,-71.0779993,38.456,-32.060508968025346,0.12638168,1769642949766
2845,745799680,1769644273884,18:51:13.884,42.349734,-71.0779993,38.456,-32.060508968025346,0.12638168,1769642949766
2846,746061824,1769644274278,18:51:14.278,42.349734,-71.0779993,38.456,-32.060508968025346,0.12638168,1769642949766
2847,746323968,1769644274623,18:51:14.623,42.349734,-71.0779993,38.456,-32.060508968025346,0.12638168,1769642949766
2848,746586112,1769644274978,18:51:14.978,42.349734,-71.0779993,38.456,-32.060508968025346,0.12638168,1769642949766
2849,746848256,1769644275335,18:51:15.335,42.349734,-71.0779993,38.456,-32.060508968025346,0.12638168,1769642949766
2850,747110400,1769644275789,18:51:15.789,42.349734,-71.0779993,38.456,-32.060508968025346,0.12638168,1769642949766
2851,747372544,1769644276249,18:51:16.249,42.349734,-71.0779993,38.456,-32.060508968025346,0.12638168,1769642949766
2852,747634688,1769644276591,18:51:16.591,42.349734,-71.0779993,38.456,-32.060508968025346,0.12638168,1769642949766
2853,747896832,1769644277074,18:51:17.074,42.349734,-71.0779993,38.456,-32.060508968025346,0.12638168,1769642949766
2854,748158976,1769644277529,18:51:17.529,42.349734,-71.0779993,38.456,-32.060508968025346,0.12638168,1769642949766
2855,748421120,1769644277878,18:51:17.878,42.349734,-71.0779993,38.456,-32.060508968025346,0.12638168,1769642949766
2856,748683264,1769644278229,18:51:18.229,42.349734,-71.0779993,38.456,-32.060508968025346,0.12638168,1769642949766
2857,748945408,1769644278581,18:51:18.581,42.349734,-71.0779993,38.456,-32.060508968025346,0.12638168,1769642949766
2858,749207552,1769644279279,18:51:19.279,42.349734,-71.0779993,38.456,-32.060508968025346,0.12638168,1769642949766
2859,749469696,1769644279868,18:51:19.868,42.349734,-71.0779993,38.456,-32.060508968025346,0.12638168,1769642949766
2860,749731840,1769644280218,18:51:20.218,42.349734,-71.0779993,38.456,-32.060508968025346,0.12638168,1769642949766
2861,749993984,1769644280565,18:51:20.565,42.349734,-71.0779993,38.456,-32.060508968025346,0.12638168,1769642949766
2862,750256128,1769644281320,18:51:21.320,42.349734,-71.0779993,38.456,-32.060508968025346,0.12638168,1769642949766
2863,750518272,1769644281945,18:51:21.945,42.349734,-71.0779993,38.456,-32.060508968025346,0.12638168,1769642949766
2864,750780416,1769644282428,18:51:22.428,42.349734,-71.0779993,38.456,-32.060508968025346,0.12638168,1769642949766
2865,751042560,1769644282752,18:51:22.752,42.349734,-71.0779993,38.456,-32.060508968025346,0.12638168,1769642949766
2866,751304704,1769644283085,18:51:23.085,42.349734,-71.0779993,38.456,-32.060508968025346,0.12638168,1769642949766
2867,751566848,1769644283454,18:51:23.454,42.349734,-71.0779993,38.456,-32.060508968025346,0.12638168,1769642949766
2868,751828992,1769644283943,18:51:23.943,42.349734,-71.0779993,38.456,-32.060508968025346,0.12638168,1769642949766
2869,752091136,1769644284403,18:51:24.403,42.349734,-71.0779993,38.456,-32.060508968025346,0.12638168,1769642949766
2870,752353280,1769644284756,18:51:24.756,42.349734,-71.0779993,38.456,-32.060508968025346,0.12638168,1769642949766
2871,752615424,1769644285171,18:51:25.171,42.349734,-71.0779993,38.456,-32.060508968025346,0.12638168,1769642949766
2872,752877568,1769644285672,18:51:25.672,42.349734,-71.0779993,38.456,-32.060508968025346,0.12638168,1769642949766
2873,753139712,1769644286173,18:51:26.173,42.349734,-71.0779993,38.456,-32.060508968025346,0.12638168,1769642949766
2874,753401856,1769644286522,18:51:26.522,42.349734,-71.0779993,38.456,-32.060508968025346,0.12638168,1769642949766
2875,753664000,1769644286876,18:51:26.876,42.349734,-71.0779993,38.456,-32.060508968025346,0.12638168,1769642949766
2876,753926144,1769644287235,18:51:27.235,42.349734,-71.0779993,38.456,-32.060508968025346,0.12638168,1769642949766
2877,754188288,1769644287655,18:51:27.655,42.349734,-71.0779993,38.456,-32.060508968025346,0.12638168,1769642949766
2878,754450432,1769644288283,18:51:28.283,42.349734,-71.0779993,38.456,-32.060508968025346,0.12638168,1769642949766
2879,754712576,1769644288683,18:51:28.683,42.349734,-71.0779993,38.456,-32.060508968025346,0.12638168,1769642949766
2880,754974720,1769644289096,18:51:29.096,42.349734,-71.0779993,38.456,-32.060508968025346,0.12638168,1769642949766
2881,755236864,1769644289564,18:51:29.564,42.349734,-71.0779993,38.456,-32.060508968025346,0.12638168,1769642949766
2882,755499008,1769644290043,18:51:30.043,42.349734,-71.0779993,38.456,-32.060508968025346,0.12638168,1769642949766
2883,755761152,1769644290473,18:51:30.473,42.349734,-71.0779993,38.456,-32.060508968025346,0.12638168,1769642949766
2884,756023296,1769644290842,18:51:30.842,42.349734,-71.0779993,38.456,-32.060508968025346,0.12638168,1769642949766
2885,756285440,1769644291220,18:51:31.220,42.349734,-71.0779993,38.456,-32.060508968025346,0.12638168,1769642949766
2886,756547584,1769644291571,18:51:31.571,42.349734,-71.0779993,38.456,-32.060508968025346,0.12638168,1769642949766
2887,756809728,1769644292300,18:51:32.300,42.349734,-71.0779993,38.456,-32.060508968025346,0.12638168,1769642949766
2888,757071872,1769644292800,18:51:32.800,42.349734,-71.0779993,38.456,-32.060508968025346,0.12638168,1769642949766
2889,757334016,1769644293152,18:51:33.152,42.349734,-71.0779993,38.456,-32.060508968025346,0.12638168,1769642949766
2890,757596160,1769644293948,18:51:33.948,42.349734,-71.0779993,38.456,-32.060508968025346,0.12638168,1769642949766
2891,757858304,1769644294770,18:51:34.770,42.349734,-71.0779993,38.456,-32.060508968025346,0.12638168,1769642949766
2892,758120448,1769644295172,18:51:35.172,42.349734,-71.0779993,38.456,-32.060508968025346,0.12638168,1769642949766
2893,758382592,1769644295518,18:51:35.518,42.349734,-71.0779993,38.456,-32.060508968025346,0.12638168,1769642949766
2894,758644736,1769644296088,18:51:36.088,42.349734,-71.0779993,38.456,-32.060508968025346,0.12638168,1769642949766
2895,758906880,1769644296679,18:51:36.679,42.349734,-71.0779993,38.456,-32.060508968025346,0.12638168,1769642949766
2896,759169024,1769644297194,18:51:37.194,42.349734,-71.0779993,38.456,-32.060508968025346,0.12638168,1769642949766
2897,759431168,1769644297533,18:51:37.533,42.349734,-71.0779993,38.456,-32.060508968025346,0.12638168,1769642949766
2898,759693312,1769644297887,18:51:37.887,42.349734,-71.0779993,38.456,-32.060508968025346,0.12638168,1769642949766
2899,759955456,1769644298340,18:51:38.340,42.349734,-71.0779993,38.456,-32.060508968025346,0.12638168,1769642949766
2900,760217600,1769644298932,18:51:38.932,42.349734,-71.0779993,38.456,-32.060508968025346,0.12638168,1769642949766
2901,760479744,1769644299365,18:51:39.365,42.349734,-71.0779993,38.456,-32.060508968025346,0.12638168,1769642949766
2902,760741888,1769644299715,18:51:39.715,42.349734,-71.0779993,38.456,-32.060508968025346,0.12638168,1769642949766
2903,761004032,1769644300070,18:51:40.070,42.349734,-71.0779993,38.456,-32.060508968025346,0.12638168,1769642949766
2904,761266176,1769644300551,18:51:40.551,42.349734,-71.0779993,38.456,-32.060508968025346,0.12638168,1769642949766
2905,761528320,1769644300959,18:51:40.959,42.349734,-71.0779993,38.456,-32.060508968025346,0.12638168,1769642949766
2906,761790464,1769644301362,18:51:41.362,42.349734,-71.0779993,38.456,-32.060508968025346,0.12638168,1769642949766
2907,762052608,1769644301763,18:51:41.763,42.349734,-71.0779993,38.456,-32.060508968025346,0.12638168,1769642949766
2908,762314752,1769644302120,18:51:42.120,42.349734,-71.0779993,38.456,-32.060508968025346,0.12638168,1769642949766
2909,762576896,1769644302703,18:51:42.703,42.349734,-71.0779993,38.456,-32.060508968025346,0.12638168,1769642949766
2910,762839040,1769644303071,18:51:43.071,42.349734,-71.0779993,38.456,-32.060508968025346,0.12638168,1769642949766
2911,763101184,1769644303570,18:51:43.570,42.349734,-71.0779993,38.456,-32.060508968025346,0.12638168,1769642949766
2912,763363328,1769644304049,18:51:44.049,42.349734,-71.0779993,38.456,-32.060508968025346,0.12638168,1769642949766
2913,763625472,1769644304413,18:51:44.413,42.349734,-71.0779993,38.456,-32.060508968025346,0.12638168,1769642949766
2914,763887616,1769644304763,18:51:44.763,42.349734,-71.0779993,38.456,-32.060508968025346,0.12638168,1769642949766
2915,764149760,1769644305120,18:51:45.120,42.349734,-71.0779993,38.456,-32.060508968025346,0.12638168,1769642949766
2916,764411904,1769644305470,18:51:45.470,42.349734,-71.0779993,38.456,-32.060508968025346,0.12638168,1769642949766
2917,764674048,1769644305965,18:51:45.965,42.349734,-71.0779993,38.456,-32.060508968025346,0.12638168,1769642949766
2918,764936192,1769644306370,18:51:46.370,42.349734,-71.0779993,38.456,-32.060508968025346,0.12638168,1769642949766
2919,765198336,1769644306783,18:51:46.783,42.349734,-71.0779993,38.456,-32.060508968025346,0.12638168,1769642949766
2920,765460480,1769644307143,18:51:47.143,42.349734,-71.0779993,38.456,-32.060508968025346,0.12638168,1769642949766
2921,765722624,1769644307678,18:51:47.678,42.349734,-71.0779993,38.456,-32.060508968025346,0.12638168,1769642949766
2922,765984768,1769644308378,18:51:48.378,42.349734,-71.0779993,38.456,-32.060508968025346,0.12638168,1769642949766
2923,766246912,1769644308836,18:51:48.836,42.349734,-71.0779993,38.456,-32.060508968025346,0.12638168,1769642949766
2924,766509056,1769644309585,18:51:49.585,42.349734,-71.0779993,38.456,-32.060508968025346,0.12638168,1769642949766
2925,766771200,1769644310158,18:51:50.158,42.349734,-71.0779993,38.456,-32.060508968025346,0.12638168,1769642949766
2926,767033344,1769644310751,18:51:50.751,42.349734,-71.0779993,38.456,-32.060508968025346,0.12638168,1769642949766
2927,767295488,1769644311399,18:51:51.399,42.349734,-71.0779993,38.456,-32.060508968025346,0.12638168,1769642949766
2928,767557632,1769644312079,18:51:52.079,42.349734,-71.0779993,38.456,-32.060508968025346,0.12638168,1769642949766
2929,767819776,1769644312410,18:51:52.410,42.349734,-71.0779993,38.456,-32.060508968025346,0.12638168,1769642949766
2930,768081920,1769644312880,18:51:52.880,42.349734,-71.0779993,38.456,-32.060508968025346,0.12638168,1769642949766
2931,768344064,1769644313262,18:51:53.262,42.349734,-71.0779993,38.456,-32.060508968025346,0.12638168,1769642949766
2932,768606208,1769644313682,18:51:53.682,42.349734,-71.0779993,38.456,-32.060508968025346,0.12638168,1769642949766
2933,768868352,1769644314029,18:51:54.029,42.349734,-71.0779993,38.456,-32.060508968025346,0.12638168,1769642949766
2934,769130496,1769644314384,18:51:54.384,42.349734,-71.0779993,38.456,-32.060508968025346,0.12638168,1769642949766
2935,769392640,1769644314730,18:51:54.730,42.349734,-71.0779993,38.456,-32.060508968025346,0.12638168,1769642949766
2936,769654784,1769644315461,18:51:55.461,42.349734,-71.0779993,38.456,-32.060508968025346,0.12638168,1769642949766
2937,769916928,1769644315917,18:51:55.917,42.349734,-71.0779993,38.456,-32.060508968025346,0.12638168,1769642949766
2938,770179072,1769644316239,18:51:56.239,42.349734,-71.0779993,38.456,-32.060508968025346,0.12638168,1769642949766
2939,770441216,1769644316572,18:51:56.572,42.349734,-71.0779993,38.456,-32.060508968025346,0.12638168,1769642949766
2940,770703360,1769644316941,18:51:56.941,42.349734,-71.0779993,38.456,-32.060508968025346,0.12638168,1769642949766
2941,770965504,1769644317270,18:51:57.270,42.349734,-71.0779993,38.456,-32.060508968025346,0.12638168,1769642949766
2942,771227648,1769644317646,18:51:57.646,42.349734,-71.0779993,38.456,-32.060508968025346,0.12638168,1769642949766
2943,771489792,1769644318021,18:51:58.021,42.349734,-71.0779993,38.456,-32.060508968025346,0.12638168,1769642949766
2944,771751936,1769644318462,18:51:58.462,42.349734,-71.0779993,38.456,-32.060508968025346,0.12638168,1769642949766
2945,772014080,1769644318912,18:51:58.912,42.349734,-71.0779993,38.456,-32.060508968025346,0.12638168,1769642949766
2946,772276224,1769644319333,18:51:59.333,42.349734,-71.0779993,38.456,-32.060508968025346,0.12638168,1769642949766
2947,772538368,1769644320048,18:52:00.048,42.349734,-71.0779993,38.456,-32.060508968025346,0.12638168,1769642949766
2948,772800512,1769644320662,18:52:00.662,42.349734,-71.0779993,38.456,-32.060508968025346,0.12638168,1769642949766
2949,773062656,1769644321196,18:52:01.196,42.349734,-71.0779993,38.456,-32.060508968025346,0.12638168,1769642949766
2950,773324800,1769644321824,18:52:01.824,42.349734,-71.0779993,38.456,-32.060508968025346,0.12638168,1769642949766
2951,773586944,1769644322549,18:52:02.549,42.349734,-71.0779993,38.456,-32.060508968025346,0.12638168,1769642949766
2952,773849088,1769644323090,18:52:03.090,42.349734,-71.0779993,38.456,-32.060508968025346,0.12638168,1769642949766
2953,774111232,1769644323797,18:52:03.797,42.349734,-71.0779993,38.456,-32.060508968025346,0.12638168,1769642949766
2954,774373376,1769644324594,18:52:04.594,42.349734,-71.0779993,38.456,-32.060508968025346,0.12638168,1769642949766
2955,774635520,1769644324974,18:52:04.974,42.349734,-71.0779993,38.456,-32.060508968025346,0.12638168,1769642949766
2956,774897664,1769644325372,18:52:05.372,42.349734,-71.0779993,38.456,-32.060508968025346,0.12638168,1769642949766
2957,775159808,1769644325834,18:52:05.834,42.349734,-71.0779993,38.456,-32.060508968025346,0.12638168,1769642949766
2958,775421952,1769644326277,18:52:06.277,42.349734,-71.0779993,38.456,-32.060508968025346,0.12638168,1769642949766
2959,775684096,1769644326792,18:52:06.792,42.349734,-71.0779993,38.456,-32.060508968025346,0.12638168,1769642949766
2960,775946240,1769644327207,18:52:07.207,42.349734,-71.0779993,38.456,-32.060508968025346,0.12638168,1769642949766
2961,776208384,1769644327589,18:52:07.589,42.349734,-71.0779993,38.456,-32.060508968025346,0.12638168,1769642949766
2962,776470528,1769644327971,18:52:07.971,42.349734,-71.0779993,38.456,-32.060508968025346,0.12638168,1769642949766
2963,776732672,1769644328318,18:52:08.318,42.349734,-71.0779993,38.456,-32.060508968025346,0.12638168,1769642949766
2964,776994816,1769644328716,18:52:08.716,42.349734,-71.0779993,38.456,-32.060508968025346,0.12638168,1769642949766
2965,777256960,1769644329167,18:52:09.167,42.349734,-71.0779993,38.456,-32.060508968025346,0.12638168,1769642949766
2966,777519104,1769644329673,18:52:09.673,42.349734,-71.0779993,38.456,-32.060508968025346,0.12638168,1769642949766
2967,777781248,1769644330360,18:52:10.360,42.349734,-71.0779993,38.456,-32.060508968025346,0.12638168,1769642949766
2968,778043392,1769644331166,18:52:11.166,42.349734,-71.0779993,38.456,-32.060508968025346,0.12638168,1769642949766
2969,778305536,1769644331671,18:52:11.671,42.349734,-71.0779993,38.456,-32.060508968025346,0.12638168,1769642949766
2970,778567680,1769644332383,18:52:12.383,42.349734,-71.0779993,38.456,-32.060508968025346,0.12638168,1769642949766
2971,778829824,1769644333151,18:52:13.151,42.349734,-71.0779993,38.456,-32.060508968025346,0.12638168,1769642949766
2972,779091968,1769644333878,18:52:13.878,42.349734,-71.0779993,38.456,-32.060508968025346,0.12638168,1769642949766
2973,779354112,1769644335223,18:52:15.223,42.349734,-71.0779993,38.456,-32.060508968025346,0.12638168,1769642949766
2974,779616256,1769644336964,18:52:16.964,42.349734,-71.0779993,38.456,-32.060508968025346,0.12638168,1769642949766
2975,779878400,1769644337840,18:52:17.840,42.349734,-71.0779993,38.456,-32.060508968025346,0.12638168,1769642949766
2976,780140544,1769644339028,18:52:19.028,42.349734,-71.0779993,38.456,-32.060508968025346,0.12638168,1769642949766
2977,780402688,1769644340100,18:52:20.100,42.349734,-71.0779993,38.456,-32.060508968025346,0.12638168,1769642949766
2978,780664832,1769644340845,18:52:20.845,42.349734,-71.0779993,38.456,-32.060508968025346,0.12638168,1769642949766
2979,780926976,1769644342790,18:52:22.790,42.349734,-71.0779993,38.456,-32.060508968025346,0.12638168,1769642949766
2980,781189120,1769644343590,18:52:23.590,42.349734,-71.0779993,38.456,-32.060508968025346,0.12638168,1769642949766
2981,781451264,1769644344281,18:52:24.281,42.349734,-71.0779993,38.456,-32.060508968025346,0.12638168,1769642949766
2982,781713408,1769644344729,18:52:24.729,42.349734,-71.0779993,38.456,-32.060508968025346,0.12638168,1769642949766
2983,781975552,1769644345349,18:52:25.349,42.349734,-71.0779993,38.456,-32.060508968025346,0.12638168,1769642949766
2984,782237696,1769644345868,18:52:25.868,42.349734,-71.0779993,38.456,-32.060508968025346,0.12638168,1769642949766
2985,782499840,1769644346444,18:52:26.444,42.349734,-71.0779993,38.456,-32.060508968025346,0.12638168,1769642949766
2986,782761984,1769644346846,18:52:26.846,42.349734,-71.0779993,38.456,-32.060508968025346,0.12638168,1769642949766
2987,783024128,1769644347390,18:52:27.390,42.349734,-71.0779993,38.456,-32.060508968025346,0.12638168,1769642949766
2988,783286272,1769644348009,18:52:28.009,42.349734,-71.0779993,38.456,-32.060508968025346,0.12638168,1769642949766
2989,783548416,1769644348628,18:52:28.628,42.349734,-71.0779993,38.456,-32.060508968025346,0.12638168,1769642949766
2990,783810560,1769644349252,18:52:29.252,42.349734,-71.0779993,38.456,-32.060508968025346,0.12638168,1769642949766
2991,784072704,1769644349868,18:52:29.868,42.349734,-71.0779993,38.456,-32.060508968025346,0.12638168,1769642949766
2992,784334848,1769644350488,18:52:30.488,42.349734,-71.0779993,38.456,-32.060508968025346,0.12638168,1769642949766
2993,784596992,1769644351107,18:52:31.107,42.349734,-71.0779993,38.456,-32.060508968025346,0.12638168,1769642949766
2994,784859136,1769644351733,18:52:31.733,42.349734,-71.0779993,38.456,-32.060508968025346,0.12638168,1769642949766
2995,785121280,1769644352298,18:52:32.298,42.349734,-71.0779993,38.456,-32.060508968025346,0.12638168,1769642949766
2996,785383424,1769644352836,18:52:32.836,42.349734,-71.0779993,38.456,-32.060508968025346,0.12638168,1769642949766
2997,785645568,1769644353380,18:52:33.380,42.349734,-71.0779993,38.456,-32.060508968025346,0.12638168,1769642949766
2998,785907712,1769644353874,18:52:33.874,42.349734,-71.0779993,38.456,-32.060508968025346,0.12638168,1769642949766
2999,786169856,1769644354389,18:52:34.389,42.349734,-71.0779993,38.456,-32.060508968025346,0.12638168,1769642949766
3000,786432000,1769644354906,18:52:34.906,42.349734,-71.0779993,38.456,-32.060508968025346,0.12638168,1769642949766
3001,786694144,1769644355403,18:52:35.403,42.349734,-71.0779993,38.456,-32.060508968025346,0.12638168,1769642949766
3002,786956288,1769644355943,18:52:35.943,42.349734,-71.0779993,38.456,-32.060508968025346,0.12638168,1769642949766
3003,787218432,1769644356501,18:52:36.501,42.349734,-71.0779993,38.456,-32.060508968025346,0.12638168,1769642949766
3004,787480576,1769644357048,18:52:37.048,42.349734,-71.0779993,38.456,-32.060508968025346,0.12638168,1769642949766
3005,787742720,1769644357442,18:52:37.442,42.349734,-71.0779993,38.456,-32.060508968025346,0.12638168,1769642949766
3006,788004864,1769644357842,18:52:37.842,42.349734,-71.0779993,38.456,-32.060508968025346,0.12638168,1769642949766
3007,788267008,1769644358329,18:52:38.329,42.349734,-71.0779993,38.456,-32.060508968025346,0.12638168,1769642949766
3008,788529152,1769644358858,18:52:38.858,42.349734,-71.0779993,38.456,-32.060508968025346,0.12638168,1769642949766
3009,788791296,1769644359361,18:52:39.361,42.349734,-71.0779993,38.456,-32.060508968025346,0.12638168,1769642949766
3010,789053440,1769644359927,18:52:39.927,42.349734,-71.0779993,38.456,-32.060508968025346,0.12638168,1769642949766
3011,789315584,1769644360445,18:52:40.445,42.349734,-71.0779993,38.456,-32.060508968025346,0.12638168,1769642949766
3012,789577728,1769644360947,18:52:40.947,42.349734,-71.0779993,38.456,-32.060508968025346,0.12638168,1769642949766
3013,789839872,1769644361388,18:52:41.388,42.349734,-71.0779993,38.456,-32.060508968025346,0.12638168,1769642949766
3014,790102016,1769644361893,18:52:41.893,42.349734,-71.0779993,38.456,-32.060508968025346,0.12638168,1769642949766
3015,790364160,1769644362358,18:52:42.358,42.349734,-71.0779993,38.456,-32.060508968025346,0.12638168,1769642949766
3016,790626304,1769644362805,18:52:42.805,42.349734,-71.0779993,38.456,-32.060508968025346,0.12638168,1769642949766
3017,790888448,1769644363300,18:52:43.300,42.349734,-71.0779993,38.456,-32.060508968025346,0.12638168,1769642949766
3018,791150592,1769644363763,18:52:43.763,42.349734,-71.0779993,38.456,-32.060508968025346,0.12638168,1769642949766
3019,791412736,1769644364263,18:52:44.263,42.349734,-71.0779993,38.456,-32.060508968025346,0.12638168,1769642949766
3020,791674880,1769644364805,18:52:44.805,42.349734,-71.0779993,38.456,-32.060508968025346,0.12638168,1769642949766
3021,791937024,1769644365320,18:52:45.320,42.349734,-71.0779993,38.456,-32.060508968025346,0.12638168,1769642949766
3022,792199168,1769644365786,18:52:45.786,42.349734,-71.0779993,38.456,-32.060508968025346,0.12638168,1769642949766
3023,792461312,1769644366312,18:52:46.312,42.349734,-71.0779993,38.456,-32.060508968025346,0.12638168,1769642949766
3024,792723456,1769644366822,18:52:46.822,42.349734,-71.0779993,38.456,-32.060508968025346,0.12638168,1769642949766
3025,792985600,1769644367338,18:52:47.338,42.349734,-71.0779993,38.456,-32.060508968025346,0.12638168,1769642949766
3026,793247744,1769644367781,18:52:47.781,42.349734,-71.0779993,38.456,-32.060508968025346,0.12638168,1769642949766
3027,793509888,1769644368264,18:52:48.264,42.349734,-71.0779993,38.456,-32.060508968025346,0.12638168,1769642949766
3028,793772032,1769644368698,18:52:48.698,42.349734,-71.0779993,38.456,-32.060508968025346,0.12638168,1769642949766
3029,794034176,1769644369212,18:52:49.212,42.349734,-71.0779993,38.456,-32.060508968025346,0.12638168,1769642949766
3030,794296320,1769644369680,18:52:49.680,42.349734,-71.0779993,38.456,-32.060508968025346,0.12638168,1769642949766
3031,794558464,1769644370188,18:52:50.188,42.349734,-71.0779993,38.456,-32.060508968025346,0.12638168,1769642949766
3032,794820608,1769644370613,18:52:50.613,42.349734,-71.0779993,38.456,-32.060508968025346,0.12638168,1769642949766
3033,795082752,1769644371121,18:52:51.121,42.349734,-71.0779993,38.456,-32.060508968025346,0.12638168,1769642949766
3034,795344896,1769644371641,18:52:51.641,42.349734,-71.0779993,38.456,-32.060508968025346,0.12638168,1769642949766
3035,795607040,1769644372113,18:52:52.113,42.349734,-71.0779993,38.456,-32.060508968025346,0.12638168,1769642949766
3036,795869184,1769644372545,18:52:52.545,42.349734,-71.0779993,38.456,-32.060508968025346,0.12638168,1769642949766
3037,796131328,1769644372989,18:52:52.989,42.349734,-71.0779993,38.456,-32.060508968025346,0.12638168,1769642949766
3038,796393472,1769644373491,18:52:53.491,42.349734,-71.0779993,38.456,-32.060508968025346,0.12638168,1769642949766
3039,796655616,1769644374020,18:52:54.020,42.349734,-71.0779993,38.456,-32.060508968025346,0.12638168,1769642949766
3040,796917760,1769644374504,18:52:54.504,42.349734,-71.0779993,38.456,-32.060508968025346,0.12638168,1769642949766
3041,797179904,1769644375002,18:52:55.002,42.349734,-71.0779993,38.456,-32.060508968025346,0.12638168,1769642949766
3042,797442048,1769644375450,18:52:55.450,42.349734,-71.0779993,38.456,-32.060508968025346,0.12638168,1769642949766
3043,797704192,1769644375900,18:52:55.900,42.349734,-71.0779993,38.456,-32.060508968025346,0.12638168,1769642949766
3044,797966336,1769644376478,18:52:56.478,42.349734,-71.0779993,38.456,-32.060508968025346,0.12638168,1769642949766
3045,798228480,1769644377010,18:52:57.010,42.349734,-71.0779993,38.456,-32.060508968025346,0.12638168,1769642949766
3046,798490624,1769644377484,18:52:57.484,42.349734,-71.0779993,38.456,-32.060508968025346,0.12638168,1769642949766
3047,798752768,1769644377931,18:52:57.931,42.349734,-71.0779993,38.456,-32.060508968025346,0.12638168,1769642949766
3048,799014912,1769644378483,18:52:58.483,42.349734,-71.0779993,38.456,-32.060508968025346,0.12638168,1769642949766
3049,799277056,1769644378963,18:52:58.963,42.349734,-71.0779993,38.456,-32.060508968025346,0.12638168,1769642949766
3050,799539200,1769644379514,18:52:59.514,42.349734,-71.0779993,38.456,-32.060508968025346,0.12638168,1769642949766
3051,799801344,1769644380038,18:53:00.038,42.349734,-71.0779993,38.456,-32.060508968025346,0.12638168,1769642949766
3052,800063488,1769644380541,18:53:00.541,42.349734,-71.0779993,38.456,-32.060508968025346,0.12638168,1769642949766
3053,800325632,1769644381029,18:53:01.029,42.349734,-71.0779993,38.456,-32.060508968025346,0.12638168,1769642949766
3054,800587776,1769644381524,18:53:01.524,42.349734,-71.0779993,38.456,-32.060508968025346,0.12638168,1769642949766
3055,800849920,1769644382099,18:53:02.099,42.349734,-71.0779993,38.456,-32.060508968025346,0.12638168,1769642949766
3056,801112064,1769644382639,18:53:02.639,42.349734,-71.0779993,38.456,-32.060508968025346,0.12638168,1769642949766
3057,801374208,1769644383135,18:53:03.135,42.349734,-71.0779993,38.456,-32.060508968025346,0.12638168,1769642949766
3058,801636352,1769644383583,18:53:03.583,42.349734,-71.0779993,38.456,-32.060508968025346,0.12638168,1769642949766
3059,801898496,1769644384064,18:53:04.064,42.349734,-71.0779993,38.456,-32.060508968025346,0.12638168,1769642949766
3060,802160640,1769644384536,18:53:04.536,42.349734,-71.0779993,38.456,-32.060508968025346,0.12638168,1769642949766
3061,802422784,1769644385069,18:53:05.069,42.349734,-71.0779993,38.456,-32.060508968025346,0.12638168,1769642949766
3062,802684928,1769644385642,18:53:05.642,42.349734,-71.0779993,38.456,-32.060508968025346,0.12638168,1769642949766
3063,802947072,1769644386102,18:53:06.102,42.349734,-71.0779993,38.456,-32.060508968025346,0.12638168,1769642949766
3064,803209216,1769644386656,18:53:06.656,42.349734,-71.0779993,38.456,-32.060508968025346,0.12638168,1769642949766
3065,803471360,1769644387094,18:53:07.094,42.349734,-71.0779993,38.456,-32.060508968025346,0.12638168,1769642949766
3066,803733504,1769644387597,18:53:07.597,42.349734,-71.0779993,38.456,-32.060508968025346,0.12638168,1769642949766
3067,803995648,1769644388058,18:53:08.058,42.349734,-71.0779993,38.456,-32.060508968025346,0.12638168,1769642949766
3068,804257792,1769644388489,18:53:08.489,42.349734,-71.0779993,38.456,-32.060508968025346,0.12638168,1769642949766
3069,804519936,1769644388926,18:53:08.926,42.349734,-71.0779993,38.456,-32.060508968025346,0.12638168,1769642949766
3070,804782080,1769644389395,18:53:09.395,42.349734,-71.0779993,38.456,-32.060508968025346,0.12638168,1769642949766
3071,805044224,1769644389856,18:53:09.856,42.349734,-71.0779993,38.456,-32.060508968025346,0.12638168,1769642949766
3072,805306368,1769644390253,18:53:10.253,42.349734,-71.0779993,38.456,-32.060508968025346,0.12638168,1769642949766
3073,805568512,1769644390641,18:53:10.641,42.349734,-71.0779993,38.456,-32.060508968025346,0.12638168,1769642949766
3074,805830656,1769644391082,18:53:11.082,42.349734,-71.0779993,38.456,-32.060508968025346,0.12638168,1769642949766
3075,806092800,1769644391496,18:53:11.496,42.349734,-71.0779993,38.456,-32.060508968025346,0.12638168,1769642949766
3076,806354944,1769644391985,18:53:11.985,42.349734,-71.0779993,38.456,-32.060508968025346,0.12638168,1769642949766
3077,806617088,1769644392341,18:53:12.341,42.349734,-71.0779993,38.456,-32.060508968025346,0.12638168,1769642949766
3078,806879232,1769644392697,18:53:12.697,42.349734,-71.0779993,38.456,-32.060508968025346,0.12638168,1769642949766
3079,807141376,1769644393052,18:53:13.052,42.349734,-71.0779993,38.456,-32.060508968025346,0.12638168,1769642949766
3080,807403520,1769644393481,18:53:13.481,42.349734,-71.0779993,38.456,-32.060508968025346,0.12638168,1769642949766
3081,807665664,1769644393999,18:53:13.999,42.349734,-71.0779993,38.456,-32.060508968025346,0.12638168,1769642949766
3082,807927808,1769644394474,18:53:14.474,42.349734,-71.0779993,38.456,-32.060508968025346,0.12638168,1769642949766
3083,808189952,1769644394866,18:53:14.866,42.349734,-71.0779993,38.456,-32.060508968025346,0.12638168,1769642949766
3084,808452096,1769644395382,18:53:15.382,42.349734,-71.0779993,38.456,-32.060508968025346,0.12638168,1769642949766
3085,808714240,1769644395826,18:53:15.826,42.349734,-71.0779993,38.456,-32.060508968025346,0.12638168,1769642949766
3086,808976384,1769644396203,18:53:16.203,42.349734,-71.0779993,38.456,-32.060508968025346,0.12638168,1769642949766
3087,809238528,1769644396685,18:53:16.685,42.349734,-71.0779993,38.456,-32.060508968025346,0.12638168,1769642949766
3088,809500672,1769644397076,18:53:17.076,42.349734,-71.0779993,38.456,-32.060508968025346,0.12638168,1769642949766
3089,809762816,1769644397501,18:53:17.501,42.349734,-71.0779993,38.456,-32.060508968025346,0.12638168,1769642949766
3090,810024960,1769644397953,18:53:17.953,42.349734,-71.0779993,38.456,-32.060508968025346,0.12638168,1769642949766
3091,810287104,1769644398398,18:53:18.398,42.349734,-71.0779993,38.456,-32.060508968025346,0.12638168,1769642949766
3092,810549248,1769644398752,18:53:18.752,42.349734,-71.0779993,38.456,-32.060508968025346,0.12638168,1769642949766
3093,810811392,1769644399126,18:53:19.126,42.349734,-71.0779993,38.456,-32.060508968025346,0.12638168,1769642949766
3094,811073536,1769644399475,18:53:19.475,42.349734,-71.0779993,38.456,-32.060508968025346,0.12638168,1769642949766
3095,811335680,1769644399869,18:53:19.869,42.349734,-71.0779993,38.456,-32.060508968025346,0.12638168,1769642949766
3096,811597824,1769644400393,18:53:20.393,42.349734,-71.0779993,38.456,-32.060508968025346,0.12638168,1769642949766
3097,811859968,1769644400744,18:53:20.744,42.349734,-71.0779993,38.456,-32.060508968025346,0.12638168,1769642949766
3098,812122112,1769644401095,18:53:21.095,42.349734,-71.0779993,38.456,-32.060508968025346,0.12638168,1769642949766
3099,812384256,1769644401445,18:53:21.445,42.349734,-71.0779993,38.456,-32.060508968025346,0.12638168,1769642949766
3100,812646400,1769644401843,18:53:21.843,42.349734,-71.0779993,38.456,-32.060508968025346,0.12638168,1769642949766
3101,812908544,1769644402184,18:53:22.184,42.349734,-71.0779993,38.456,-32.060508968025346,0.12638168,1769642949766
3102,813170688,1769644402500,18:53:22.500,42.349734,-71.0779993,38.456,-32.060508968025346,0.12638168,1769642949766
3103,813432832,1769644402821,18:53:22.821,42.349734,-71.0779993,38.456,-32.060508968025346,0.12638168,1769642949766
3104,813694976,1769644403132,18:53:23.132,42.349734,-71.0779993,38.456,-32.060508968025346,0.12638168,1769642949766
3105,813957120,1769644403518,18:53:23.518,42.349734,-71.0779993,38.456,-32.060508968025346,0.12638168,1769642949766
3106,814219264,1769644403870,18:53:23.870,42.349734,-71.0779993,38.456,-32.060508968025346,0.12638168,1769642949766
3107,814481408,1769644404219,18:53:24.219,42.349734,-71.0779993,38.456,-32.060508968025346,0.12638168,1769642949766
3108,814743552,1769644404572,18:53:24.572,42.349734,-71.0779993,38.456,-32.060508968025346,0.12638168,1769642949766
3109,815005696,1769644404928,18:53:24.928,42.349734,-71.0779993,38.456,-32.060508968025346,0.12638168,1769642949766
3110,815267840,1769644405272,18:53:25.272,42.349734,-71.0779993,38.456,-32.060508968025346,0.12638168,1769642949766
3111,815529984,1769644405648,18:53:25.648,42.349734,-71.0779993,38.456,-32.060508968025346,0.12638168,1769642949766
3112,815792128,1769644405998,18:53:25.998,42.349734,-71.0779993,38.456,-32.060508968025346,0.12638168,1769642949766
3113,816054272,1769644406350,18:53:26.350,42.349734,-71.0779993,38.456,-32.060508968025346,0.12638168,1769642949766
3114,816316416,1769644406704,18:53:26.704,42.349734,-71.0779993,38.456,-32.060508968025346,0.12638168,1769642949766
3115,816578560,1769644407064,18:53:27.064,42.349734,-71.0779993,38.456,-32.060508968025346,0.12638168,1769642949766
3116,816840704,1769644407380,18:53:27.380,42.349734,-71.0779993,38.456,-32.060508968025346,0.12638168,1769642949766
3117,817102848,1769644407716,18:53:27.716,42.349734,-71.0779993,38.456,-32.060508968025346,0.12638168,1769642949766
3118,817364992,1769644408153,18:53:28.153,42.349734,-71.0779993,38.456,-32.060508968025346,0.12638168,1769642949766
3119,817627136,1769644408504,18:53:28.504,42.349734,-71.0779993,38.456,-32.060508968025346,0.12638168,1769642949766
3120,817889280,1769644408891,18:53:28.891,42.349734,-71.0779993,38.456,-32.060508968025346,0.12638168,1769642949766
3121,818151424,1769644409241,18:53:29.241,42.349734,-71.0779993,38.456,-32.060508968025346,0.12638168,1769642949766
3122,818413568,1769644409594,18:53:29.594,42.349734,-71.0779993,38.456,-32.060508968025346,0.12638168,1769642949766
3123,818675712,1769644409950,18:53:29.950,42.349734,-71.0779993,38.456,-32.060508968025346,0.12638168,1769642949766
3124,818937856,1769644410296,18:53:30.296,42.349734,-71.0779993,38.456,-32.060508968025346,0.12638168,1769642949766
3125,819200000,1769644410642,18:53:30.642,42.349734,-71.0779993,38.456,-32.060508968025346,0.12638168,1769642949766
3126,819462144,1769644411007,18:53:31.007,42.349734,-71.0779993,38.456,-32.060508968025346,0.12638168,1769642949766
3127,819724288,1769644411416,18:53:31.416,42.349734,-71.0779993,38.456,-32.060508968025346,0.12638168,1769642949766
3128,819986432,1769644411770,18:53:31.770,42.349734,-71.0779993,38.456,-32.060508968025346,0.12638168,1769642949766
3129,820248576,1769644412125,18:53:32.125,42.349734,-71.0779993,38.456,-32.060508968025346,0.12638168,1769642949766
3130,820510720,1769644412455,18:53:32.455,42.349734,-71.0779993,38.456,-32.060508968025346,0.12638168,1769642949766
3131,820772864,1769644412802,18:53:32.802,42.349734,-71.0779993,38.456,-32.060508968025346,0.12638168,1769642949766
3132,821035008,1769644413169,18:53:33.169,42.349734,-71.0779993,38.456,-32.060508968025346,0.12638168,1769642949766
3133,821297152,1769644413639,18:53:33.639,42.349734,-71.0779993,38.456,-32.060508968025346,0.12638168,1769642949766
3134,821559296,1769644414084,18:53:34.084,42.349734,-71.0779993,38.456,-32.060508968025346,0.12638168,1769642949766
3135,821821440,1769644414523,18:53:34.523,42.349734,-71.0779993,38.456,-32.060508968025346,0.12638168,1769642949766
3136,822083584,1769644415025,18:53:35.025,42.349734,-71.0779993,38.456,-32.060508968025346,0.12638168,1769642949766
3137,822345728,1769644415444,18:53:35.444,42.349734,-71.0779993,38.456,-32.060508968025346,0.12638168,1769642949766
3138,822607872,1769644415920,18:53:35.920,42.349734,-71.0779993,38.456,-32.060508968025346,0.12638168,1769642949766
3139,822870016,1769644416363,18:53:36.363,42.349734,-71.0779993,38.456,-32.060508968025346,0.12638168,1769642949766
3140,823132160,1769644416809,18:53:36.809,42.349734,-71.0779993,38.456,-32.060508968025346,0.12638168,1769642949766
3141,823394304,1769644417237,18:53:37.237,42.349734,-71.0779993,38.456,-32.060508968025346,0.12638168,1769642949766
3142,823656448,1769644417683,18:53:37.683,42.349734,-71.0779993,38.456,-32.060508968025346,0.12638168,1769642949766
3143,823918592,1769644418134,18:53:38.134,42.349734,-71.0779993,38.456,-32.060508968025346,0.12638168,1769642949766
3144,824180736,1769644418557,18:53:38.557,42.349734,-71.0779993,38.456,-32.060508968025346,0.12638168,1769642949766
3145,824442880,1769644418915,18:53:38.915,42.349734,-71.0779993,38.456,-32.060508968025346,0.12638168,1769642949766
3146,824705024,1769644419307,18:53:39.307,42.349734,-71.0779993,38.456,-32.060508968025346,0.12638168,1769642949766
3147,824967168,1769644419664,18:53:39.664,42.349734,-71.0779993,38.456,-32.060508968025346,0.12638168,1769642949766
3148,825229312,1769644420016,18:53:40.016,42.349734,-71.0779993,38.456,-32.060508968025346,0.12638168,1769642949766
3149,825491456,1769644420452,18:53:40.452,42.349734,-71.0779993,38.456,-32.060508968025346,0.12638168,1769642949766
3150,825753600,1769644420841,18:53:40.841,42.349734,-71.0779993,38.456,-32.060508968025346,0.12638168,1769642949766
3151,826015744,1769644421279,18:53:41.279,42.349734,-71.0779993,38.456,-32.060508968025346,0.12638168,1769642949766
3152,826277888,1769644421717,18:53:41.717,42.349734,-71.0779993,38.456,-32.060508968025346,0.12638168,1769642949766
3153,826540032,1769644422080,18:53:42.080,42.349734,-71.0779993,38.456,-32.060508968025346,0.12638168,1769642949766
3154,826802176,1769644422447,18:53:42.447,42.349734,-71.0779993,38.456,-32.060508968025346,0.12638168,1769642949766
3155,827064320,1769644422801,18:53:42.801,42.349734,-71.0779993,38.456,-32.060508968025346,0.12638168,1769642949766
3156,827326464,1769644423151,18:53:43.151,42.349734,-71.0779993,38.456,-32.060508968025346,0.12638168,1769642949766
3157,827588608,1769644423503,18:53:43.503,42.349734,-71.0779993,38.456,-32.060508968025346,0.12638168,1769642949766
3158,827850752,1769644423848,18:53:43.848,42.349734,-71.0779993,38.456,-32.060508968025346,0.12638168,1769642949766
3159,828112896,1769644424434,18:53:44.434,42.349734,-71.0779993,38.456,-32.060508968025346,0.12638168,1769642949766
3160,828375040,1769644424978,18:53:44.978,42.349734,-71.0779993,38.456,-32.060508968025346,0.12638168,1769642949766
3161,828637184,1769644425368,18:53:45.368,42.349734,-71.0779993,38.456,-32.060508968025346,0.12638168,1769642949766
3162,828899328,1769644425708,18:53:45.708,42.349734,-71.0779993,38.456,-32.060508968025346,0.12638168,1769642949766
3163,829161472,1769644426200,18:53:46.200,42.349734,-71.0779993,38.456,-32.060508968025346,0.12638168,1769642949766
3164,829423616,1769644426592,18:53:46.592,42.349734,-71.0779993,38.456,-32.060508968025346,0.12638168,1769642949766
3165,829685760,1769644426960,18:53:46.960,42.349734,-71.0779993,38.456,-32.060508968025346,0.12638168,1769642949766
3166,829947904,1769644427419,18:53:47.419,42.349734,-71.0779993,38.456,-32.060508968025346,0.12638168,1769642949766
3167,830210048,1769644427812,18:53:47.812,42.349734,-71.0779993,38.456,-32.060508968025346,0.12638168,1769642949766
3168,830472192,1769644428444,18:53:48.444,42.349734,-71.0779993,38.456,-32.060508968025346,0.12638168,1769642949766
3169,830734336,1769644429155,18:53:49.155,42.349734,-71.0779993,38.456,-32.060508968025346,0.12638168,1769642949766
3170,830996480,1769644429641,18:53:49.641,42.349734,-71.0779993,38.456,-32.060508968025346,0.12638168,1769642949766
3171,831258624,1769644430008,18:53:50.008,42.349734,-71.0779993,38.456,-32.060508968025346,0.12638168,1769642949766
3172,831520768,1769644430525,18:53:50.525,42.349734,-71.0779993,38.456,-32.060508968025346,0.12638168,1769642949766
3173,831782912,1769644431063,18:53:51.063,42.349734,-71.0779993,38.456,-32.060508968025346,0.12638168,1769642949766
3174,832045056,1769644431667,18:53:51.667,42.349734,-71.0779993,38.456,-32.060508968025346,0.12638168,1769642949766
3175,832307200,1769644432177,18:53:52.177,42.349734,-71.0779993,38.456,-32.060508968025346,0.12638168,1769642949766
3176,832569344,1769644432673,18:53:52.673,42.349734,-71.0779993,38.456,-32.060508968025346,0.12638168,1769642949766
3177,832831488,1769644433089,18:53:53.089,42.349734,-71.0779993,38.456,-32.060508968025346,0.12638168,1769642949766
3178,833093632,1769644433477,18:53:53.477,42.349734,-71.0779993,38.456,-32.060508968025346,0.12638168,1769642949766
3179,833355776,1769644433896,18:53:53.896,42.349734,-71.0779993,38.456,-32.060508968025346,0.12638168,1769642949766
3180,833617920,1769644434278,18:53:54.278,42.349734,-71.0779993,38.456,-32.060508968025346,0.12638168,1769642949766
3181,833880064,1769644434630,18:53:54.630,42.349734,-71.0779993,38.456,-32.060508968025346,0.12638168,1769642949766
3182,834142208,1769644434976,18:53:54.976,42.349734,-71.0779993,38.456,-32.060508968025346,0.12638168,1769642949766
3183,834404352,1769644435393,18:53:55.393,42.349734,-71.0779993,38.456,-32.060508968025346,0.12638168,1769642949766
3184,834666496,1769644435812,18:53:55.812,42.349734,-71.0779993,38.456,-32.060508968025346,0.12638168,1769642949766
3185,834928640,1769644436160,18:53:56.160,42.349734,-71.0779993,38.456,-32.060508968025346,0.12638168,1769642949766
3186,835190784,1769644436518,18:53:56.518,42.349734,-71.0779993,38.456,-32.060508968025346,0.12638168,1769642949766
3187,835452928,1769644436895,18:53:56.895,42.349734,-71.0779993,38.456,-32.060508968025346,0.12638168,1769642949766
3188,835715072,1769644437315,18:53:57.315,42.349734,-71.0779993,38.456,-32.060508968025346,0.12638168,1769642949766
3189,835977216,1769644437665,18:53:57.665,42.349734,-71.0779993,38.456,-32.060508968025346,0.12638168,1769642949766
3190,836239360,1769644438016,18:53:58.016,42.349734,-71.0779993,38.456,-32.060508968025346,0.12638168,1769642949766
3191,836501504,1769644438389,18:53:58.389,42.349734,-71.0779993,38.456,-32.060508968025346,0.12638168,1769642949766
3192,836763648,1769644438835,18:53:58.835,42.349734,-71.0779993,38.456,-32.060508968025346,0.12638168,1769642949766
3193,837025792,1769644439182,18:53:59.182,42.349734,-71.0779993,38.456,-32.060508968025346,0.12638168,1769642949766
3194,837287936,1769644439574,18:53:59.574,42.349734,-71.0779993,38.456,-32.060508968025346,0.12638168,1769642949766
3195,837550080,1769644440233,18:54:00.233,42.349734,-71.0779993,38.456,-32.060508968025346,0.12638168,1769642949766
3196,837812224,1769644440772,18:54:00.772,42.349734,-71.0779993,38.456,-32.060508968025346,0.12638168,1769642949766
3197,838074368,1769644441338,18:54:01.338,42.349734,-71.0779993,38.456,-32.060508968025346,0.12638168,1769642949766
3198,838336512,1769644442119,18:54:02.119,42.349734,-71.0779993,38.456,-32.060508968025346,0.12638168,1769642949766
3199,838598656,1769644442746,18:54:02.746,42.349734,-71.0779993,38.456,-32.060508968025346,0.12638168,1769642949766
3200,838860800,1769644443087,18:54:03.087,42.349734,-71.0779993,38.456,-32.060508968025346,0.12638168,1769642949766
3201,839122944,1769644444109,18:54:04.109,42.349734,-71.0779993,38.456,-32.060508968025346,0.12638168,1769642949766
3202,839385088,1769644445027,18:54:05.027,42.349734,-71.0779993,38.456,-32.060508968025346,0.12638168,1769642949766
3203,839647232,1769644445792,18:54:05.792,42.349734,-71.0779993,38.456,-32.060508968025346,0.12638168,1769642949766
3204,839909376,1769644446890,18:54:06.890,42.349734,-71.0779993,38.456,-32.060508968025346,0.12638168,1769642949766
3205,840171520,1769644447491,18:54:07.491,42.349734,-71.0779993,38.456,-32.060508968025346,0.12638168,1769642949766
3206,840433664,1769644448274,18:54:08.274,42.349734,-71.0779993,38.456,-32.060508968025346,0.12638168,1769642949766
3207,840695808,1769644448839,18:54:08.839,42.349734,-71.0779993,38.456,-32.060508968025346,0.12638168,1769642949766
3208,840957952,1769644449501,18:54:09.501,42.349734,-71.0779993,38.456,-32.060508968025346,0.12638168,1769642949766
3209,841220096,1769644449906,18:54:09.906,42.349734,-71.0779993,38.456,-32.060508968025346,0.12638168,1769642949766
3210,841482240,1769644450290,18:54:10.290,42.349734,-71.0779993,38.456,-32.060508968025346,0.12638168,1769642949766
3211,841744384,1769644450758,18:54:10.758,42.349734,-71.0779993,38.456,-32.060508968025346,0.12638168,1769642949766
3212,842006528,1769644451368,18:54:11.368,42.349734,-71.0779993,38.456,-32.060508968025346,0.12638168,1769642949766
3213,842268672,1769644451861,18:54:11.861,42.349734,-71.0779993,38.456,-32.060508968025346,0.12638168,1769642949766
3214,842530816,1769644452381,18:54:12.381,42.349734,-71.0779993,38.456,-32.060508968025346,0.12638168,1769642949766
3215,842792960,1769644452774,18:54:12.774,42.349734,-71.0779993,38.456,-32.060508968025346,0.12638168,1769642949766
3216,843055104,1769644453183,18:54:13.183,42.349734,-71.0779993,38.456,-32.060508968025346,0.12638168,1769642949766
3217,843317248,1769644453539,18:54:13.539,42.349734,-71.0779993,38.456,-32.060508968025346,0.12638168,1769642949766
3218,843579392,1769644453891,18:54:13.891,42.349734,-71.0779993,38.456,-32.060508968025346,0.12638168,1769642949766
3219,843841536,1769644454240,18:54:14.240,42.349734,-71.0779993,38.456,-32.060508968025346,0.12638168,1769642949766
3220,844103680,1769644454595,18:54:14.595,42.349734,-71.0779993,38.456,-32.060508968025346,0.12638168,1769642949766
3221,844365824,1769644454945,18:54:14.945,42.349734,-71.0779993,38.456,-32.060508968025346,0.12638168,1769642949766
3222,844627968,1769644455297,18:54:15.297,42.349734,-71.0779993,38.456,-32.060508968025346,0.12638168,1769642949766
3223,844890112,1769644455648,18:54:15.648,42.349734,-71.0779993,38.456,-32.060508968025346,0.12638168,1769642949766
3224,845152256,1769644455997,18:54:15.997,42.349734,-71.0779993,38.456,-32.060508968025346,0.12638168,1769642949766
3225,845414400,1769644456345,18:54:16.345,42.349734,-71.0779993,38.456,-32.060508968025346,0.12638168,1769642949766
3226,845676544,1769644456699,18:54:16.699,42.349734,-71.0779993,38.456,-32.060508968025346,0.12638168,1769642949766
3227,845938688,1769644457064,18:54:17.064,42.349734,-71.0779993,38.456,-32.060508968025346,0.12638168,1769642949766
3228,846200832,1769644457397,18:54:17.397,42.349734,-71.0779993,38.456,-32.060508968025346,0.12638168,1769642949766
3229,846462976,1769644457769,18:54:17.769,42.349734,-71.0779993,38.456,-32.060508968025346,0.12638168,1769642949766
3230,846725120,1769644458115,18:54:18.115,42.349734,-71.0779993,38.456,-32.060508968025346,0.12638168,1769642949766
3231,846987264,1769644458514,18:54:18.514,42.349734,-71.0779993,38.456,-32.060508968025346,0.12638168,1769642949766
3232,847249408,1769644458989,18:54:18.989,42.349734,-71.0779993,38.456,-32.060508968025346,0.12638168,1769642949766
3233,847511552,1769644459342,18:54:19.342,42.349734,-71.0779993,38.456,-32.060508968025346,0.12638168,1769642949766
3234,847773696,1769644459698,18:54:19.698,42.349734,-71.0779993,38.456,-32.060508968025346,0.12638168,1769642949766
3235,848035840,1769644460111,18:54:20.111,42.349734,-71.0779993,38.456,-32.060508968025346,0.12638168,1769642949766
3236,848297984,1769644460539,18:54:20.539,42.349734,-71.0779993,38.456,-32.060508968025346,0.12638168,1769642949766
3237,848560128,1769644460884,18:54:20.884,42.349734,-71.0779993,38.456,-32.060508968025346,0.12638168,1769642949766
3238,848822272,1769644461234,18:54:21.234,42.349734,-71.0779993,38.456,-32.060508968025346,0.12638168,1769642949766
3239,849084416,1769644461610,18:54:21.610,42.349734,-71.0779993,38.456,-32.060508968025346,0.12638168,1769642949766
3240,849346560,1769644461987,18:54:21.987,42.349734,-71.0779993,38.456,-32.060508968025346,0.12638168,1769642949766
3241,849608704,1769644462326,18:54:22.326,42.349734,-71.0779993,38.456,-32.060508968025346,0.12638168,1769642949766
3242,849870848,1769644462680,18:54:22.680,42.349734,-71.0779993,38.456,-32.060508968025346,0.12638168,1769642949766
3243,850132992,1769644463029,18:54:23.029,42.349734,-71.0779993,38.456,-32.060508968025346,0.12638168,1769642949766
3244,850395136,1769644463376,18:54:23.376,42.349734,-71.0779993,38.456,-32.060508968025346,0.12638168,1769642949766
3245,850657280,1769644463905,18:54:23.905,42.349734,-71.0779993,38.456,-32.060508968025346,0.12638168,1769642949766
3246,850919424,1769644464431,18:54:24.431,42.349734,-71.0779993,38.456,-32.060508968025346,0.12638168,1769642949766
3247,851181568,1769644464783,18:54:24.783,42.349734,-71.0779993,38.456,-32.060508968025346,0.12638168,1769642949766
3248,851443712,1769644465131,18:54:25.131,42.349734,-71.0779993,38.456,-32.060508968025346,0.12638168,1769642949766
3249,851705856,1769644465716,18:54:25.716,42.349734,-71.0779993,38.456,-32.060508968025346,0.12638168,1769642949766
3250,851968000,1769644466110,18:54:26.110,42.349734,-71.0779993,38.456,-32.060508968025346,0.12638168,1769642949766
3251,852230144,1769644466534,18:54:26.534,42.349734,-71.0779993,38.456,-32.060508968025346,0.12638168,1769642949766
3252,852492288,1769644466908,18:54:26.908,42.349734,-71.0779993,38.456,-32.060508968025346,0.12638168,1769642949766
3253,852754432,1769644467244,18:54:27.244,42.349734,-71.0779993,38.456,-32.060508968025346,0.12638168,1769642949766
3254,853016576,1769644467664,18:54:27.664,42.349734,-71.0779993,38.456,-32.060508968025346,0.12638168,1769642949766
3255,853278720,1769644468013,18:54:28.013,42.349734,-71.0779993,38.456,-32.060508968025346,0.12638168,1769642949766
3256,853540864,1769644468418,18:54:28.418,42.349734,-71.0779993,38.456,-32.060508968025346,0.12638168,1769642949766
3257,853803008,1769644468809,18:54:28.809,42.349734,-71.0779993,38.456,-32.060508968025346,0.12638168,1769642949766
3258,854065152,1769644469190,18:54:29.190,42.349734,-71.0779993,38.456,-32.060508968025346,0.12638168,1769642949766
3259,854327296,1769644469631,18:54:29.631,42.349734,-71.0779993,38.456,-32.060508968025346,0.12638168,1769642949766
3260,854589440,1769644470220,18:54:30.220,42.349734,-71.0779993,38.456,-32.060508968025346,0.12638168,1769642949766
3261,854851584,1769644470625,18:54:30.625,42.349734,-71.0779993,38.456,-32.060508968025346,0.12638168,1769642949766
3262,855113728,1769644471035,18:54:31.035,42.349734,-71.0779993,38.456,-32.060508968025346,0.12638168,1769642949766
3263,855375872,1769644471438,18:54:31.438,42.349734,-71.0779993,38.456,-32.060508968025346,0.12638168,1769642949766
3264,855638016,1769644471787,18:54:31.787,42.349734,-71.0779993,38.456,-32.060508968025346,0.12638168,1769642949766
3265,855900160,1769644472098,18:54:32.098,42.349734,-71.0779993,38.456,-32.060508968025346,0.12638168,1769642949766
3266,856162304,1769644472426,18:54:32.426,42.349734,-71.0779993,38.456,-32.060508968025346,0.12638168,1769642949766
3267,856424448,1769644472730,18:54:32.730,42.349734,-71.0779993,38.456,-32.060508968025346,0.12638168,1769642949766
3268,856686592,1769644473045,18:54:33.045,42.349734,-71.0779993,38.456,-32.060508968025346,0.12638168,1769642949766
3269,856948736,1769644473510,18:54:33.510,42.349734,-71.0779993,38.456,-32.060508968025346,0.12638168,1769642949766
3270,857210880,1769644473919,18:54:33.919,42.349734,-71.0779993,38.456,-32.060508968025346,0.12638168,1769642949766
3271,857473024,1769644474302,18:54:34.302,42.349734,-71.0779993,38.456,-32.060508968025346,0.12638168,1769642949766
3272,857735168,1769644474666,18:54:34.666,42.349734,-71.0779993,38.456,-32.060508968025346,0.12638168,1769642949766
3273,857997312,1769644475095,18:54:35.095,42.349734,-71.0779993,38.456,-32.060508968025346,0.12638168,1769642949766
3274,858259456,1769644475434,18:54:35.434,42.349734,-71.0779993,38.456,-32.060508968025346,0.12638168,1769642949766
3275,858521600,1769644475788,18:54:35.788,42.349734,-71.0779993,38.456,-32.060508968025346,0.12638168,1769642949766
3276,858783744,1769644476139,18:54:36.139,42.349734,-71.0779993,38.456,-32.060508968025346,0.12638168,1769642949766
3277,859045888,1769644476487,18:54:36.487,42.349734,-71.0779993,38.456,-32.060508968025346,0.12638168,1769642949766
3278,859308032,1769644476864,18:54:36.864,42.349734,-71.0779993,38.456,-32.060508968025346,0.12638168,1769642949766
3279,859570176,1769644477241,18:54:37.241,42.349734,-71.0779993,38.456,-32.060508968025346,0.12638168,1769642949766
3280,859832320,1769644477592,18:54:37.592,42.349734,-71.0779993,38.456,-32.060508968025346,0.12638168,1769642949766
3281,860094464,1769644478030,18:54:38.030,42.349734,-71.0779993,38.456,-32.060508968025346,0.12638168,1769642949766
3282,860356608,1769644478515,18:54:38.515,42.349734,-71.0779993,38.456,-32.060508968025346,0.12638168,1769642949766
3283,860618752,1769644478920,18:54:38.920,42.349734,-71.0779993,38.456,-32.060508968025346,0.12638168,1769642949766
3284,860880896,1769644479325,18:54:39.325,42.349734,-71.0779993,38.456,-32.060508968025346,0.12638168,1769642949766
3285,861143040,1769644479789,18:54:39.789,42.349734,-71.0779993,38.456,-32.060508968025346,0.12638168,1769642949766
3286,861405184,1769644480141,18:54:40.141,42.349734,-71.0779993,38.456,-32.060508968025346,0.12638168,1769642949766
3287,861667328,1769644480526,18:54:40.526,42.349734,-71.0779993,38.456,-32.060508968025346,0.12638168,1769642949766
3288,861929472,1769644480873,18:54:40.873,42.349734,-71.0779993,38.456,-32.060508968025346,0.12638168,1769642949766
3289,862191616,1769644481220,18:54:41.220,42.349734,-71.0779993,38.456,-32.060508968025346,0.12638168,1769642949766
3290,862453760,1769644481570,18:54:41.570,42.349734,-71.0779993,38.456,-32.060508968025346,0.12638168,1769642949766
3291,862715904,1769644481921,18:54:41.921,42.349734,-71.0779993,38.456,-32.060508968025346,0.12638168,1769642949766
3292,862978048,1769644482374,18:54:42.374,42.349734,-71.0779993,38.456,-32.060508968025346,0.12638168,1769642949766
3293,863240192,1769644482769,18:54:42.769,42.349734,-71.0779993,38.456,-32.060508968025346,0.12638168,1769642949766
3294,863502336,1769644483180,18:54:43.180,42.349734,-71.0779993,38.456,-32.060508968025346,0.12638168,1769642949766
3295,863764480,1769644483659,18:54:43.659,42.349734,-71.0779993,38.456,-32.060508968025346,0.12638168,1769642949766
3296,864026624,1769644484096,18:54:44.096,42.349734,-71.0779993,38.456,-32.060508968025346,0.12638168,1769642949766
3297,864288768,1769644484456,18:54:44.456,42.349734,-71.0779993,38.456,-32.060508968025346,0.12638168,1769642949766
3298,864550912,1769644484859,18:54:44.859,42.349734,-71.0779993,38.456,-32.060508968025346,0.12638168,1769642949766
3299,864813056,1769644485316,18:54:45.316,42.349734,-71.0779993,38.456,-32.060508968025346,0.12638168,1769642949766
3300,865075200,1769644485772,18:54:45.772,42.349734,-71.0779993,38.456,-32.060508968025346,0.12638168,1769642949766
3301,865337344,1769644486129,18:54:46.129,42.349734,-71.0779993,38.456,-32.060508968025346,0.12638168,1769642949766
3302,865599488,1769644486533,18:54:46.533,42.349734,-71.0779993,38.456,-32.060508968025346,0.12638168,1769642949766
3303,865861632,1769644486880,18:54:46.880,42.349734,-71.0779993,38.456,-32.060508968025346,0.12638168,1769642949766
3304,866123776,1769644487318,18:54:47.318,42.349734,-71.0779993,38.456,-32.060508968025346,0.12638168,1769642949766
3305,866385920,1769644487786,18:54:47.786,42.349734,-71.0779993,38.456,-32.060508968025346,0.12638168,1769642949766
3306,866648064,1769644488278,18:54:48.278,42.349734,-71.0779993,38.456,-32.060508968025346,0.12638168,1769642949766
3307,866910208,1769644488637,18:54:48.637,42.349734,-71.0779993,38.456,-32.060508968025346,0.12638168,1769642949766
3308,867172352,1769644489001,18:54:49.001,42.349734,-71.0779993,38.456,-32.060508968025346,0.12638168,1769642949766
3309,867434496,1769644489342,18:54:49.342,42.349734,-71.0779993,38.456,-32.060508968025346,0.12638168,1769642949766
3310,867696640,1769644489687,18:54:49.687,42.349734,-71.0779993,38.456,-32.060508968025346,0.12638168,1769642949766
3311,867958784,1769644490153,18:54:50.153,42.349734,-71.0779993,38.456,-32.060508968025346,0.12638168,1769642949766
3312,868220928,1769644490553,18:54:50.553,42.349734,-71.0779993,38.456,-32.060508968025346,0.12638168,1769642949766
3313,868483072,1769644490910,18:54:50.910,42.349734,-71.0779993,38.456,-32.060508968025346,0.12638168,1769642949766
3314,868745216,1769644491262,18:54:51.262,42.349734,-71.0779993,38.456,-32.060508968025346,0.12638168,1769642949766
3315,869007360,1769644491661,18:54:51.661,42.349734,-71.0779993,38.456,-32.060508968025346,0.12638168,1769642949766
3316,869269504,1769644492040,18:54:52.040,42.349734,-71.0779993,38.456,-32.060508968025346,0.12638168,1769642949766
3317,869531648,1769644492434,18:54:52.434,42.349734,-71.0779993,38.456,-32.060508968025346,0.12638168,1769642949766
3318,869793792,1769644492867,18:54:52.867,42.349734,-71.0779993,38.456,-32.060508968025346,0.12638168,1769642949766
3319,870055936,1769644493434,18:54:53.434,42.349734,-71.0779993,38.456,-32.060508968025346,0.12638168,1769642949766
3320,870318080,1769644493896,18:54:53.896,42.349734,-71.0779993,38.456,-32.060508968025346,0.12638168,1769642949766
3321,870580224,1769644494351,18:54:54.351,42.349734,-71.0779993,38.456,-32.060508968025346,0.12638168,1769642949766
3322,870842368,1769644494763,18:54:54.763,42.349734,-71.0779993,38.456,-32.060508968025346,0.12638168,1769642949766
3323,871104512,1769644495269,18:54:55.269,42.349734,-71.0779993,38.456,-32.060508968025346,0.12638168,1769642949766
3324,871366656,1769644495629,18:54:55.629,42.349734,-71.0779993,38.456,-32.060508968025346,0.12638168,1769642949766
3325,871628800,1769644496163,18:54:56.163,42.349734,-71.0779993,38.456,-32.060508968025346,0.12638168,1769642949766
3326,871890944,1769644496812,18:54:56.812,42.349734,-71.0779993,38.456,-32.060508968025346,0.12638168,1769642949766
3327,872153088,1769644497180,18:54:57.180,42.349734,-71.0779993,38.456,-32.060508968025346,0.12638168,1769642949766
3328,872415232,1769644497535,18:54:57.535,42.349734,-71.0779993,38.456,-32.060508968025346,0.12638168,1769642949766
3329,872677376,1769644497946,18:54:57.946,42.349734,-71.0779993,38.456,-32.060508968025346,0.12638168,1769642949766
3330,872939520,1769644498295,18:54:58.295,42.349734,-71.0779993,38.456,-32.060508968025346,0.12638168,1769642949766
3331,873201664,1769644498702,18:54:58.702,42.349734,-71.0779993,38.456,-32.060508968025346,0.12638168,1769642949766
3332,873463808,1769644499050,18:54:59.050,42.349734,-71.0779993,38.456,-32.060508968025346,0.12638168,1769642949766
3333,873725952,1769644499400,18:54:59.400,42.349734,-71.0779993,38.456,-32.060508968025346,0.12638168,1769642949766
3334,873988096,1769644499761,18:54:59.761,42.349734,-71.0779993,38.456,-32.060508968025346,0.12638168,1769642949766
3335,874250240,1769644500132,18:55:00.132,42.349734,-71.0779993,38.456,-32.060508968025346,0.12638168,1769642949766
3336,874512384,1769644500566,18:55:00.566,42.349734,-71.0779993,38.456,-32.060508968025346,0.12638168,1769642949766
3337,874774528,1769644500919,18:55:00.919,42.349734,-71.0779993,38.456,-32.060508968025346,0.12638168,1769642949766
3338,875036672,1769644501267,18:55:01.267,42.349734,-71.0779993,38.456,-32.060508968025346,0.12638168,1769642949766
3339,875298816,1769644501618,18:55:01.618,42.349734,-71.0779993,38.456,-32.060508968025346,0.12638168,1769642949766
3340,875560960,1769644501993,18:55:01.993,42.349734,-71.0779993,38.456,-32.060508968025346,0.12638168,1769642949766
3341,875823104,1769644502316,18:55:02.316,42.349734,-71.0779993,38.456,-32.060508968025346,0.12638168,1769642949766
3342,876085248,1769644502701,18:55:02.701,42.349734,-71.0779993,38.456,-32.060508968025346,0.12638168,1769642949766
3343,876347392,1769644503048,18:55:03.048,42.349734,-71.0779993,38.456,-32.060508968025346,0.12638168,1769642949766
3344,876609536,1769644503452,18:55:03.452,42.349734,-71.0779993,38.456,-32.060508968025346,0.12638168,1769642949766
3345,876871680,1769644503957,18:55:03.957,42.349734,-71.0779993,38.456,-32.060508968025346,0.12638168,1769642949766
3346,877133824,1769644504439,18:55:04.439,42.349734,-71.0779993,38.456,-32.060508968025346,0.12638168,1769642949766
3347,877395968,1769644504783,18:55:04.783,42.349734,-71.0779993,38.456,-32.060508968025346,0.12638168,1769642949766
3348,877658112,1769644505181,18:55:05.181,42.349734,-71.0779993,38.456,-32.060508968025346,0.12638168,1769642949766
3349,877920256,1769644505492,18:55:05.492,42.349734,-71.0779993,38.456,-32.060508968025346,0.12638168,1769642949766
3350,878182400,1769644505829,18:55:05.829,42.349734,-71.0779993,38.456,-32.060508968025346,0.12638168,1769642949766
3351,878444544,1769644506179,18:55:06.179,42.349734,-71.0779993,38.456,-32.060508968025346,0.12638168,1769642949766
3352,878706688,1769644506530,18:55:06.530,42.349734,-71.0779993,38.456,-32.060508968025346,0.12638168,1769642949766
3353,878968832,1769644506895,18:55:06.895,42.349734,-71.0779993,38.456,-32.060508968025346,0.12638168,1769642949766
3354,879230976,1769644507239,18:55:07.239,42.349734,-71.0779993,38.456,-32.060508968025346,0.12638168,1769642949766
3355,879493120,1769644507573,18:55:07.573,42.349734,-71.0779993,38.456,-32.060508968025346,0.12638168,1769642949766
3356,879755264,1769644508090,18:55:08.090,42.349734,-71.0779993,38.456,-32.060508968025346,0.12638168,1769642949766
3357,880017408,1769644508889,18:55:08.889,42.349734,-71.0779993,38.456,-32.060508968025346,0.12638168,1769642949766
3358,880279552,1769644509484,18:55:09.484,42.349734,-71.0779993,38.456,-32.060508968025346,0.12638168,1769642949766
3359,880541696,1769644509959,18:55:09.959,42.349734,-71.0779993,38.456,-32.060508968025346,0.12638168,1769642949766
3360,880803840,1769644510502,18:55:10.502,42.349734,-71.0779993,38.456,-32.060508968025346,0.12638168,1769642949766
3361,881065984,1769644510925,18:55:10.925,42.349734,-71.0779993,38.456,-32.060508968025346,0.12638168,1769642949766
3362,881328128,1769644511306,18:55:11.306,42.349734,-71.0779993,38.456,-32.060508968025346,0.12638168,1769642949766
3363,881590272,1769644511916,18:55:11.916,42.349734,-71.0779993,38.456,-32.060508968025346,0.12638168,1769642949766
3364,881852416,1769644512303,18:55:12.303,42.349734,-71.0779993,38.456,-32.060508968025346,0.12638168,1769642949766
3365,882114560,1769644512791,18:55:12.791,42.349734,-71.0779993,38.456,-32.060508968025346,0.12638168,1769642949766
3366,882376704,1769644513426,18:55:13.426,42.349734,-71.0779993,38.456,-32.060508968025346,0.12638168,1769642949766
3367,882638848,1769644514030,18:55:14.030,42.349734,-71.0779993,38.456,-32.060508968025346,0.12638168,1769642949766
3368,882900992,1769644514749,18:55:14.749,42.349734,-71.0779993,38.456,-32.060508968025346,0.12638168,1769642949766
3369,883163136,1769644515465,18:55:15.465,42.349734,-71.0779993,38.456,-32.060508968025346,0.12638168,1769642949766
3370,883425280,1769644515826,18:55:15.826,42.349734,-71.0779993,38.456,-32.060508968025346,0.12638168,1769642949766
3371,883687424,1769644516487,18:55:16.487,42.349734,-71.0779993,38.456,-32.060508968025346,0.12638168,1769642949766
3372,883949568,1769644516886,18:55:16.886,42.349734,-71.0779993,38.456,-32.060508968025346,0.12638168,1769642949766
3373,884211712,1769644517192,18:55:17.192,42.349734,-71.0779993,38.456,-32.060508968025346,0.12638168,1769642949766
3374,884473856,1769644517544,18:55:17.544,42.349734,-71.0779993,38.456,-32.060508968025346,0.12638168,1769642949766
3375,884736000,1769644518072,18:55:18.072,42.349734,-71.0779993,38.456,-32.060508968025346,0.12638168,1769642949766
3376,884998144,1769644518653,18:55:18.653,42.349734,-71.0779993,38.456,-32.060508968025346,0.12638168,1769642949766
3377,885260288,1769644519050,18:55:19.050,42.349734,-71.0779993,38.456,-32.060508968025346,0.12638168,1769642949766
3378,885522432,1769644519485,18:55:19.485,42.349734,-71.0779993,38.456,-32.060508968025346,0.12638168,1769642949766
3379,885784576,1769644519875,18:55:19.875,42.349734,-71.0779993,38.456,-32.060508968025346,0.12638168,1769642949766
3380,886046720,1769644520170,18:55:20.170,42.349734,-71.0779993,38.456,-32.060508968025346,0.12638168,1769642949766
3381,886308864,1769644520522,18:55:20.522,42.349734,-71.0779993,38.456,-32.060508968025346,0.12638168,1769642949766
3382,886571008,1769644520928,18:55:20.928,42.349734,-71.0779993,38.456,-32.060508968025346,0.12638168,1769642949766
3383,886833152,1769644521250,18:55:21.250,42.349734,-71.0779993,38.456,-32.060508968025346,0.12638168,1769642949766
3384,887095296,1769644521602,18:55:21.602,42.349734,-71.0779993,38.456,-32.060508968025346,0.12638168,1769642949766
3385,887357440,1769644521968,18:55:21.968,42.349734,-71.0779993,38.456,-32.060508968025346,0.12638168,1769642949766
3386,887619584,1769644522319,18:55:22.319,42.349734,-71.0779993,38.456,-32.060508968025346,0.12638168,1769642949766
3387,887881728,1769644522670,18:55:22.670,42.349734,-71.0779993,38.456,-32.060508968025346,0.12638168,1769642949766
3388,888143872,1769644523025,18:55:23.025,42.349734,-71.0779993,38.456,-32.060508968025346,0.12638168,1769642949766
3389,888406016,1769644523371,18:55:23.371,42.349734,-71.0779993,38.456,-32.060508968025346,0.12638168,1769642949766
3390,888668160,1769644523727,18:55:23.727,42.349734,-71.0779993,38.456,-32.060508968025346,0.12638168,1769642949766
3391,888930304,1769644524101,18:55:24.101,42.349734,-71.0779993,38.456,-32.060508968025346,0.12638168,1769642949766
3392,889192448,1769644524457,18:55:24.457,42.349734,-71.0779993,38.456,-32.060508968025346,0.12638168,1769642949766
3393,889454592,1769644524811,18:55:24.811,42.349734,-71.0779993,38.456,-32.060508968025346,0.12638168,1769642949766
3394,889716736,1769644525229,18:55:25.229,42.349734,-71.0779993,38.456,-32.060508968025346,0.12638168,1769642949766
3395,889978880,1769644525648,18:55:25.648,42.349734,-71.0779993,38.456,-32.060508968025346,0.12638168,1769642949766
3396,890241024,1769644525980,18:55:25.980,42.349734,-71.0779993,38.456,-32.060508968025346,0.12638168,1769642949766
3397,890503168,1769644526327,18:55:26.327,42.349734,-71.0779993,38.456,-32.060508968025346,0.12638168,1769642949766
3398,890765312,1769644526684,18:55:26.684,42.349734,-71.0779993,38.456,-32.060508968025346,0.12638168,1769642949766
3399,891027456,1769644527051,18:55:27.051,42.349734,-71.0779993,38.456,-32.060508968025346,0.12638168,1769642949766
3400,891289600,1769644527375,18:55:27.375,42.349734,-71.0779993,38.456,-32.060508968025346,0.12638168,1769642949766
3401,891551744,1769644527859,18:55:27.859,42.349734,-71.0779993,38.456,-32.060508968025346,0.12638168,1769642949766
3402,891813888,1769644528379,18:55:28.379,42.349734,-71.0779993,38.456,-32.060508968025346,0.12638168,1769642949766
3403,892076032,1769644528717,18:55:28.717,42.349734,-71.0779993,38.456,-32.060508968025346,0.12638168,1769642949766
3404,892338176,1769644529493,18:55:29.493,42.349734,-71.0779993,38.456,-32.060508968025346,0.12638168,1769642949766
3405,892600320,1769644530292,18:55:30.292,42.349734,-71.0779993,38.456,-32.060508968025346,0.12638168,1769642949766
3406,892862464,1769644530756,18:55:30.756,42.349734,-71.0779993,38.456,-32.060508968025346,0.12638168,1769642949766
3407,893124608,1769644531417,18:55:31.417,42.349734,-71.0779993,38.456,-32.060508968025346,0.12638168,1769642949766
3408,893386752,1769644532018,18:55:32.018,42.349734,-71.0779993,38.456,-32.060508968025346,0.12638168,1769642949766
3409,893648896,1769644532601,18:55:32.601,42.349734,-71.0779993,38.456,-32.060508968025346,0.12638168,1769642949766
3410,893911040,1769644533075,18:55:33.075,42.349734,-71.0779993,38.456,-32.060508968025346,0.12638168,1769642949766
3411,894173184,1769644533541,18:55:33.541,42.349734,-71.0779993,38.456,-32.060508968025346,0.12638168,1769642949766
3412,894435328,1769644533899,18:55:33.899,42.349734,-71.0779993,38.456,-32.060508968025346,0.12638168,1769642949766
3413,894697472,1769644534248,18:55:34.248,42.349734,-71.0779993,38.456,-32.060508968025346,0.12638168,1769642949766
3414,894959616,1769644534614,18:55:34.614,42.349734,-71.0779993,38.456,-32.060508968025346,0.12638168,1769642949766
3415,895221760,1769644535015,18:55:35.015,42.349734,-71.0779993,38.456,-32.060508968025346,0.12638168,1769642949766
3416,895483904,1769644535327,18:55:35.327,42.349734,-71.0779993,38.456,-32.060508968025346,0.12638168,1769642949766
3417,895746048,1769644535688,18:55:35.688,42.349734,-71.0779993,38.456,-32.060508968025346,0.12638168,1769642949766
3418,896008192,1769644536043,18:55:36.043,42.349734,-71.0779993,38.456,-32.060508968025346,0.12638168,1769642949766
3419,896270336,1769644536390,18:55:36.390,42.349734,-71.0779993,38.456,-32.060508968025346,0.12638168,1769642949766
3420,896532480,1769644536742,18:55:36.742,42.349734,-71.0779993,38.456,-32.060508968025346,0.12638168,1769642949766
3421,896794624,1769644537169,18:55:37.169,42.349734,-71.0779993,38.456,-32.060508968025346,0.12638168,1769642949766
3422,897056768,1769644537607,18:55:37.607,42.349734,-71.0779993,38.456,-32.060508968025346,0.12638168,1769642949766
3423,897318912,1769644537987,18:55:37.987,42.349734,-71.0779993,38.456,-32.060508968025346,0.12638168,1769642949766
3424,897581056,1769644538375,18:55:38.375,42.349734,-71.0779993,38.456,-32.060508968025346,0.12638168,1769642949766
3425,897843200,1769644538925,18:55:38.925,42.349734,-71.0779993,38.456,-32.060508968025346,0.12638168,1769642949766
3426,898105344,1769644539462,18:55:39.462,42.349734,-71.0779993,38.456,-32.060508968025346,0.12638168,1769642949766
3427,898367488,1769644539861,18:55:39.861,42.349734,-71.0779993,38.456,-32.060508968025346,0.12638168,1769642949766
3428,898629632,1769644540175,18:55:40.175,42.349734,-71.0779993,38.456,-32.060508968025346,0.12638168,1769642949766
3429,898891776,1769644540508,18:55:40.508,42.349734,-71.0779993,38.456,-32.060508968025346,0.12638168,1769642949766
3430,899153920,1769644540861,18:55:40.861,42.349734,-71.0779993,38.456,-32.060508968025346,0.12638168,1769642949766
3431,899416064,1769644541208,18:55:41.208,42.349734,-71.0779993,38.456,-32.060508968025346,0.12638168,1769642949766
3432,899678208,1769644541558,18:55:41.558,42.349734,-71.0779993,38.456,-32.060508968025346,0.12638168,1769642949766
3433,899940352,1769644541911,18:55:41.911,42.349734,-71.0779993,38.456,-32.060508968025346,0.12638168,1769642949766
3434,900202496,1769644542262,18:55:42.262,42.349734,-71.0779993,38.456,-32.060508968025346,0.12638168,1769642949766
3435,900464640,1769644542614,18:55:42.614,42.349734,-71.0779993,38.456,-32.060508968025346,0.12638168,1769642949766
3436,900726784,1769644542963,18:55:42.963,42.349734,-71.0779993,38.456,-32.060508968025346,0.12638168,1769642949766
3437,900988928,1769644543325,18:55:43.325,42.349734,-71.0779993,38.456,-32.060508968025346,0.12638168,1769642949766
3438,901251072,1769644543714,18:55:43.714,42.349734,-71.0779993,38.456,-32.060508968025346,0.12638168,1769642949766
3439,901513216,1769644544080,18:55:44.080,42.349734,-71.0779993,38.456,-32.060508968025346,0.12638168,1769642949766
3440,901775360,1769644544435,18:55:44.435,42.349734,-71.0779993,38.456,-32.060508968025346,0.12638168,1769642949766
3441,902037504,1769644544783,18:55:44.783,42.349734,-71.0779993,38.456,-32.060508968025346,0.12638168,1769642949766
3442,902299648,1769644545199,18:55:45.199,42.349734,-71.0779993,38.456,-32.060508968025346,0.12638168,1769642949766
3443,902561792,1769644545508,18:55:45.508,42.349734,-71.0779993,38.456,-32.060508968025346,0.12638168,1769642949766
3444,902823936,1769644545855,18:55:45.855,42.349734,-71.0779993,38.456,-32.060508968025346,0.12638168,1769642949766
3445,903086080,1769644546209,18:55:46.209,42.349734,-71.0779993,38.456,-32.060508968025346,0.12638168,1769642949766
3446,903348224,1769644546558,18:55:46.558,42.349734,-71.0779993,38.456,-32.060508968025346,0.12638168,1769642949766
3447,903610368,1769644546945,18:55:46.945,42.349734,-71.0779993,38.456,-32.060508968025346,0.12638168,1769642949766
3448,903872512,1769644547274,18:55:47.274,42.349734,-71.0779993,38.456,-32.060508968025346,0.12638168,1769642949766
3449,904134656,1769644547595,18:55:47.595,42.349734,-71.0779993,38.456,-32.060508968025346,0.12638168,1769642949766
3450,904396800,1769644547978,18:55:47.978,42.349734,-71.0779993,38.456,-32.060508968025346,0.12638168,1769642949766
3451,904658944,1769644548363,18:55:48.363,42.349734,-71.0779993,38.456,-32.060508968025346,0.12638168,1769642949766
3452,904921088,1769644548751,18:55:48.751,42.349734,-71.0779993,38.456,-32.060508968025346,0.12638168,1769642949766
3453,905183232,1769644549095,18:55:49.095,42.349734,-71.0779993,38.456,-32.060508968025346,0.12638168,1769642949766
3454,905445376,1769644549489,18:55:49.489,42.349734,-71.0779993,38.456,-32.060508968025346,0.12638168,1769642949766
3455,905707520,1769644549839,18:55:49.839,42.349734,-71.0779993,38.456,-32.060508968025346,0.12638168,1769642949766
3456,905969664,1769644550189,18:55:50.189,42.349734,-71.0779993,38.456,-32.060508968025346,0.12638168,1769642949766
3457,906231808,1769644550548,18:55:50.548,42.349734,-71.0779993,38.456,-32.060508968025346,0.12638168,1769642949766
3458,906493952,1769644550963,18:55:50.963,42.349734,-71.0779993,38.456,-32.060508968025346,0.12638168,1769642949766
3459,906756096,1769644551313,18:55:51.313,42.349734,-71.0779993,38.456,-32.060508968025346,0.12638168,1769642949766
3460,907018240,1769644551666,18:55:51.666,42.349734,-71.0779993,38.456,-32.060508968025346,0.12638168,1769642949766
3461,907280384,1769644552030,18:55:52.030,42.349734,-71.0779993,38.456,-32.060508968025346,0.12638168,1769642949766
3462,907542528,1769644552723,18:55:52.723,42.349734,-71.0779993,38.456,-32.060508968025346,0.12638168,1769642949766
3463,907804672,1769644553248,18:55:53.248,42.349734,-71.0779993,38.456,-32.060508968025346,0.12638168,1769642949766
3464,908066816,1769644553759,18:55:53.759,42.349734,-71.0779993,38.456,-32.060508968025346,0.12638168,1769642949766
3465,908328960,1769644554152,18:55:54.152,42.349734,-71.0779993,38.456,-32.060508968025346,0.12638168,1769642949766
3466,908591104,1769644554988,18:55:54.988,42.349734,-71.0779993,38.456,-32.060508968025346,0.12638168,1769642949766
3467,908853248,1769644555819,18:55:55.819,42.349734,-71.0779993,38.456,-32.060508968025346,0.12638168,1769642949766
3468,909115392,1769644556206,18:55:56.206,42.349734,-71.0779993,38.456,-32.060508968025346,0.12638168,1769642949766
3469,909377536,1769644556607,18:55:56.607,42.349734,-71.0779993,38.456,-32.060508968025346,0.12638168,1769642949766
3470,909639680,1769644557009,18:55:57.009,42.349734,-71.0779993,38.456,-32.060508968025346,0.12638168,1769642949766
3471,909901824,1769644557430,18:55:57.430,42.349734,-71.0779993,38.456,-32.060508968025346,0.12638168,1769642949766
3472,910163968,1769644557791,18:55:57.791,42.349734,-71.0779993,38.456,-32.060508968025346,0.12638168,1769642949766
3473,910426112,1769644558155,18:55:58.155,42.349734,-71.0779993,38.456,-32.060508968025346,0.12638168,1769642949766
3474,910688256,1769644558503,18:55:58.503,42.349734,-71.0779993,38.456,-32.060508968025346,0.12638168,1769642949766
3475,910950400,1769644558851,18:55:58.851,42.349734,-71.0779993,38.456,-32.060508968025346,0.12638168,1769642949766
3476,911212544,1769644559636,18:55:59.636,42.349734,-71.0779993,38.456,-32.060508968025346,0.12638168,1769642949766
3477,911474688,1769644560658,18:56:00.658,42.349734,-71.0779993,38.456,-32.060508968025346,0.12638168,1769642949766
3478,911736832,1769644561365,18:56:01.365,42.349734,-71.0779993,38.456,-32.060508968025346,0.12638168,1769642949766
3479,911998976,1769644562963,18:56:02.963,42.349734,-71.0779993,38.456,-32.060508968025346,0.12638168,1769642949766
3480,912261120,1769644564567,18:56:04.567,42.349734,-71.0779993,38.456,-32.060508968025346,0.12638168,1769642949766
3481,912523264,1769644565000,18:56:05.000,42.349734,-71.0779993,38.456,-32.060508968025346,0.12638168,1769642949766
3482,912785408,1769644566723,18:56:06.723,42.349734,-71.0779993,38.456,-32.060508968025346,0.12638168,1769642949766
3483,913047552,1769644567097,18:56:07.097,42.349734,-71.0779993,38.456,-32.060508968025346,0.12638168,1769642949766
3484,913309696,1769644567418,18:56:07.418,42.349734,-71.0779993,38.456,-32.060508968025346,0.12638168,1769642949766
3485,913571840,1769644567868,18:56:07.868,42.349734,-71.0779993,38.456,-32.060508968025346,0.12638168,1769642949766
3486,913833984,1769644568376,18:56:08.376,42.349734,-71.0779993,38.456,-32.060508968025346,0.12638168,1769642949766
3487,914096128,1769644569629,18:56:09.629,42.349734,-71.0779993,38.456,-32.060508968025346,0.12638168,1769642949766
3488,914358272,1769644570486,18:56:10.486,42.349734,-71.0779993,38.456,-32.060508968025346,0.12638168,1769642949766
3489,914620416,1769644571926,18:56:11.926,42.349734,-71.0779993,38.456,-32.060508968025346,0.12638168,1769642949766
3490,914882560,1769644573186,18:56:13.186,42.349734,-71.0779993,38.456,-32.060508968025346,0.12638168,1769642949766
3491,915144704,1769644573656,18:56:13.656,42.349734,-71.0779993,38.456,-32.060508968025346,0.12638168,1769642949766
3492,915406848,1769644574004,18:56:14.004,42.349734,-71.0779993,38.456,-32.060508968025346,0.12638168,1769642949766
3493,915668992,1769644574981,18:56:14.981,42.349734,-71.0779993,38.456,-32.060508968025346,0.12638168,1769642949766
3494,915931136,1769644575750,18:56:15.750,42.349734,-71.0779993,38.456,-32.060508968025346,0.12638168,1769642949766
3495,916193280,1769644576091,18:56:16.091,42.349734,-71.0779993,38.456,-32.060508968025346,0.12638168,1769642949766
3496,916455424,1769644576679,18:56:16.679,42.349734,-71.0779993,38.456,-32.060508968025346,0.12638168,1769642949766
3497,916717568,1769644577337,18:56:17.337,42.349734,-71.0779993,38.456,-32.060508968025346,0.12638168,1769642949766
3498,916979712,1769644577737,18:56:17.737,42.349734,-71.0779993,38.456,-32.060508968025346,0.12638168,1769642949766
3499,917241856,1769644578152,18:56:18.152,42.349734,-71.0779993,38.456,-32.060508968025346,0.12638168,1769642949766
3500,917504000,1769644578697,18:56:18.697,42.349734,-71.0779993,38.456,-32.060508968025346,0.12638168,1769642949766
3501,917766144,1769644579147,18:56:19.147,42.349734,-71.0779993,38.456,-32.060508968025346,0.12638168,1769642949766
3502,918028288,1769644579722,18:56:19.722,42.349734,-71.0779993,38.456,-32.060508968025346,0.12638168,1769642949766
3503,918290432,1769644580387,18:56:20.387,42.349734,-71.0779993,38.456,-32.060508968025346,0.12638168,1769642949766
3504,918552576,1769644580964,18:56:20.964,42.349734,-71.0779993,38.456,-32.060508968025346,0.12638168,1769642949766
3505,918814720,1769644581445,18:56:21.445,42.349734,-71.0779993,38.456,-32.060508968025346,0.12638168,1769642949766
3506,919076864,1769644582120,18:56:22.120,42.349734,-71.0779993,38.456,-32.060508968025346,0.12638168,1769642949766
3507,919339008,1769644582492,18:56:22.492,42.349734,-71.0779993,38.456,-32.060508968025346,0.12638168,1769642949766
3508,919601152,1769644582874,18:56:22.874,42.349734,-71.0779993,38.456,-32.060508968025346,0.12638168,1769642949766
3509,919863296,1769644583232,18:56:23.232,42.349734,-71.0779993,38.456,-32.060508968025346,0.12638168,1769642949766
3510,920125440,1769644583584,18:56:23.584,42.349734,-71.0779993,38.456,-32.060508968025346,0.12638168,1769642949766
3511,920387584,1769644584007,18:56:24.007,42.349734,-71.0779993,38.456,-32.060508968025346,0.12638168,1769642949766
3512,920649728,1769644584444,18:56:24.444,42.349734,-71.0779993,38.456,-32.060508968025346,0.12638168,1769642949766
3513,920911872,1769644584980,18:56:24.980,42.349734,-71.0779993,38.456,-32.060508968025346,0.12638168,1769642949766
3514,921174016,1769644585401,18:56:25.401,42.349734,-71.0779993,38.456,-32.060508968025346,0.12638168,1769642949766
3515,921436160,1769644585896,18:56:25.896,42.349734,-71.0779993,38.456,-32.060508968025346,0.12638168,1769642949766
3516,921698304,1769644586375,18:56:26.375,42.349734,-71.0779993,38.456,-32.060508968025346,0.12638168,1769642949766
3517,921960448,1769644586886,18:56:26.886,42.349734,-71.0779993,38.456,-32.060508968025346,0.12638168,1769642949766
3518,922222592,1769644587275,18:56:27.275,42.349734,-71.0779993,38.456,-32.060508968025346,0.12638168,1769642949766
3519,922484736,1769644587623,18:56:27.623,42.349734,-71.0779993,38.456,-32.060508968025346,0.12638168,1769642949766
3520,922746880,1769644588048,18:56:28.048,42.349734,-71.0779993,38.456,-32.060508968025346,0.12638168,1769642949766
3521,923009024,1769644588509,18:56:28.509,42.349734,-71.0779993,38.456,-32.060508968025346,0.12638168,1769642949766
3522,923271168,1769644588974,18:56:28.974,42.349734,-71.0779993,38.456,-32.060508968025346,0.12638168,1769642949766
3523,923533312,1769644589418,18:56:29.418,42.349734,-71.0779993,38.456,-32.060508968025346,0.12638168,1769642949766
3524,923795456,1769644589865,18:56:29.865,42.349734,-71.0779993,38.456,-32.060508968025346,0.12638168,1769642949766
3525,924057600,1769644590277,18:56:30.277,42.349734,-71.0779993,38.456,-32.060508968025346,0.12638168,1769642949766
3526,924319744,1769644590694,18:56:30.694,42.349734,-71.0779993,38.456,-32.060508968025346,0.12638168,1769642949766
3527,924581888,1769644591133,18:56:31.133,42.349734,-71.0779993,38.456,-32.060508968025346,0.12638168,1769642949766
3528,924844032,1769644591600,18:56:31.600,42.349734,-71.0779993,38.456,-32.060508968025346,0.12638168,1769642949766
3529,925106176,1769644592024,18:56:32.024,42.349734,-71.0779993,38.456,-32.060508968025346,0.12638168,1769642949766
3530,925368320,1769644592482,18:56:32.482,42.349734,-71.0779993,38.456,-32.060508968025346,0.12638168,1769642949766
3531,925630464,1769644592929,18:56:32.929,42.349734,-71.0779993,38.456,-32.060508968025346,0.12638168,1769642949766
3532,925892608,1769644593315,18:56:33.315,42.349734,-71.0779993,38.456,-32.060508968025346,0.12638168,1769642949766
3533,926154752,1769644593740,18:56:33.740,42.349734,-71.0779993,38.456,-32.060508968025346,0.12638168,1769642949766
3534,926416896,1769644594183,18:56:34.183,42.349734,-71.0779993,38.456,-32.060508968025346,0.12638168,1769642949766
3535,926679040,1769644594552,18:56:34.552,42.349734,-71.0779993,38.456,-32.060508968025346,0.12638168,1769642949766
3536,926941184,1769644595024,18:56:35.024,42.349734,-71.0779993,38.456,-32.060508968025346,0.12638168,1769642949766
3537,927203328,1769644595434,18:56:35.434,42.349734,-71.0779993,38.456,-32.060508968025346,0.12638168,1769642949766
3538,927465472,1769644595895,18:56:35.895,42.349734,-71.0779993,38.456,-32.060508968025346,0.12638168,1769642949766
3539,927727616,1769644596272,18:56:36.272,42.349734,-71.0779993,38.456,-32.060508968025346,0.12638168,1769642949766
3540,927989760,1769644596794,18:56:36.794,42.349734,-71.0779993,38.456,-32.060508968025346,0.12638168,1769642949766
3541,928251904,1769644597160,18:56:37.160,42.349734,-71.0779993,38.456,-32.060508968025346,0.12638168,1769642949766
3542,928514048,1769644597517,18:56:37.517,42.349734,-71.0779993,38.456,-32.060508968025346,0.12638168,1769642949766
3543,928776192,1769644597876,18:56:37.876,42.349734,-71.0779993,38.456,-32.060508968025346,0.12638168,1769642949766
3544,929038336,1769644598226,18:56:38.226,42.349734,-71.0779993,38.456,-32.060508968025346,0.12638168,1769642949766
3545,929300480,1769644598578,18:56:38.578,42.349734,-71.0779993,38.456,-32.060508968025346,0.12638168,1769642949766
3546,929562624,1769644598927,18:56:38.927,42.349734,-71.0779993,38.456,-32.060508968025346,0.12638168,1769642949766
3547,929824768,1769644599276,18:56:39.276,42.349734,-71.0779993,38.456,-32.060508968025346,0.12638168,1769642949766
3548,930086912,1769644599646,18:56:39.646,42.349734,-71.0779993,38.456,-32.060508968025346,0.12638168,1769642949766
3549,930349056,1769644600077,18:56:40.077,42.349734,-71.0779993,38.456,-32.060508968025346,0.12638168,1769642949766
3550,930611200,1769644600536,18:56:40.536,42.349734,-71.0779993,38.456,-32.060508968025346,0.12638168,1769642949766
3551,930873344,1769644600896,18:56:40.896,42.349734,-71.0779993,38.456,-32.060508968025346,0.12638168,1769642949766
3552,931135488,1769644601244,18:56:41.244,42.349734,-71.0779993,38.456,-32.060508968025346,0.12638168,1769642949766
3553,931397632,1769644601590,18:56:41.590,42.349734,-71.0779993,38.456,-32.060508968025346,0.12638168,1769642949766
3554,931659776,1769644602036,18:56:42.036,42.349734,-71.0779993,38.456,-32.060508968025346,0.12638168,1769642949766
3555,931921920,1769644602532,18:56:42.532,42.349734,-71.0779993,38.456,-32.060508968025346,0.12638168,1769642949766
3556,932184064,1769644603015,18:56:43.015,42.349734,-71.0779993,38.456,-32.060508968025346,0.12638168,1769642949766
3557,932446208,1769644603331,18:56:43.331,42.349734,-71.0779993,38.456,-32.060508968025346,0.12638168,1769642949766
3558,932708352,1769644603925,18:56:43.925,42.349734,-71.0779993,38.456,-32.060508968025346,0.12638168,1769642949766
3559,932970496,1769644604825,18:56:44.825,42.349734,-71.0779993,38.456,-32.060508968025346,0.12638168,1769642949766
3560,933232640,1769644605461,18:56:45.461,42.349734,-71.0779993,38.456,-32.060508968025346,0.12638168,1769642949766
3561,933494784,1769644605841,18:56:45.841,42.349734,-71.0779993,38.456,-32.060508968025346,0.12638168,1769642949766
3562,933756928,1769644606256,18:56:46.256,42.349734,-71.0779993,38.456,-32.060508968025346,0.12638168,1769642949766
3563,934019072,1769644606966,18:56:46.966,42.349734,-71.0779993,38.456,-32.060508968025346,0.12638168,1769642949766
3564,934281216,1769644607415,18:56:47.415,42.349734,-71.0779993,38.456,-32.060508968025346,0.12638168,1769642949766
3565,934543360,1769644607751,18:56:47.751,42.349734,-71.0779993,38.456,-32.060508968025346,0.12638168,1769642949766
3566,934805504,1769644608102,18:56:48.102,42.349734,-71.0779993,38.456,-32.060508968025346,0.12638168,1769642949766
3567,935067648,1769644608471,18:56:48.471,42.349734,-71.0779993,38.456,-32.060508968025346,0.12638168,1769642949766
3568,935329792,1769644608823,18:56:48.823,42.349734,-71.0779993,38.456,-32.060508968025346,0.12638168,1769642949766
3569,935591936,1769644609173,18:56:49.173,42.349734,-71.0779993,38.456,-32.060508968025346,0.12638168,1769642949766
3570,935854080,1769644609526,18:56:49.526,42.349734,-71.0779993,38.456,-32.060508968025346,0.12638168,1769642949766
3571,936116224,1769644610001,18:56:50.001,42.349734,-71.0779993,38.456,-32.060508968025346,0.12638168,1769642949766
3572,936378368,1769644610343,18:56:50.343,42.349734,-71.0779993,38.456,-32.060508968025346,0.12638168,1769642949766
3573,936640512,1769644610688,18:56:50.688,42.349734,-71.0779993,38.456,-32.060508968025346,0.12638168,1769642949766
3574,936902656,1769644611080,18:56:51.080,42.349734,-71.0779993,38.456,-32.060508968025346,0.12638168,1769642949766
3575,937164800,1769644611632,18:56:51.632,42.349734,-71.0779993,38.456,-32.060508968025346,0.12638168,1769642949766
3576,937426944,1769644612004,18:56:52.004,42.349734,-71.0779993,38.456,-32.060508968025346,0.12638168,1769642949766
3577,937689088,1769644612454,18:56:52.454,42.349734,-71.0779993,38.456,-32.060508968025346,0.12638168,1769642949766
3578,937951232,1769644612763,18:56:52.763,42.349734,-71.0779993,38.456,-32.060508968025346,0.12638168,1769642949766
3579,938213376,1769644613236,18:56:53.236,42.349734,-71.0779993,38.456,-32.060508968025346,0.12638168,1769642949766
3580,938475520,1769644613801,18:56:53.801,42.349734,-71.0779993,38.456,-32.060508968025346,0.12638168,1769642949766
3581,938737664,1769644614367,18:56:54.367,42.349734,-71.0779993,38.456,-32.060508968025346,0.12638168,1769642949766
3582,938999808,1769644614740,18:56:54.740,42.349734,-71.0779993,38.456,-32.060508968025346,0.12638168,1769642949766
3583,939261952,1769644615092,18:56:55.092,42.349734,-71.0779993,38.456,-32.060508968025346,0.12638168,1769642949766
3584,939524096,1769644616058,18:56:56.058,42.349734,-71.0779993,38.456,-32.060508968025346,0.12638168,1769642949766
3585,939786240,1769644616625,18:56:56.625,42.349734,-71.0779993,38.456,-32.060508968025346,0.12638168,1769642949766
3586,940048384,1769644617127,18:56:57.127,42.349734,-71.0779993,38.456,-32.060508968025346,0.12638168,1769642949766
3587,940310528,1769644617665,18:56:57.665,42.349734,-71.0779993,38.456,-32.060508968025346,0.12638168,1769642949766
3588,940572672,1769644618508,18:56:58.508,42.349734,-71.0779993,38.456,-32.060508968025346,0.12638168,1769642949766
3589,940834816,1769644619152,18:56:59.152,42.349734,-71.0779993,38.456,-32.060508968025346,0.12638168,1769642949766
3590,941096960,1769644619530,18:56:59.530,42.349734,-71.0779993,38.456,-32.060508968025346,0.12638168,1769642949766
3591,941359104,1769644620140,18:57:00.140,42.349734,-71.0779993,38.456,-32.060508968025346,0.12638168,1769642949766
3592,941621248,1769644620494,18:57:00.494,42.349734,-71.0779993,38.456,-32.060508968025346,0.12638168,1769642949766
3593,941883392,1769644621356,18:57:01.356,42.349734,-71.0779993,38.456,-32.060508968025346,0.12638168,1769642949766
3594,942145536,1769644621779,18:57:01.779,42.349734,-71.0779993,38.456,-32.060508968025346,0.12638168,1769642949766
3595,942407680,1769644622137,18:57:02.137,42.349734,-71.0779993,38.456,-32.060508968025346,0.12638168,1769642949766
3596,942669824,1769644622524,18:57:02.524,42.349734,-71.0779993,38.456,-32.060508968025346,0.12638168,1769642949766
3597,942931968,1769644623175,18:57:03.175,42.349734,-71.0779993,38.456,-32.060508968025346,0.12638168,1769642949766
3598,943194112,1769644623838,18:57:03.838,42.349734,-71.0779993,38.456,-32.060508968025346,0.12638168,1769642949766
3599,943456256,1769644624244,18:57:04.244,42.349734,-71.0779993,38.456,-32.060508968025346,0.12638168,1769642949766
3600,943718400,1769644624546,18:57:04.546,42.349734,-71.0779993,38.456,-32.060508968025346,0.12638168,1769642949766
3601,943980544,1769644625172,18:57:05.172,42.349734,-71.0779993,38.456,-32.060508968025346,0.12638168,1769642949766
3602,944242688,1769644625951,18:57:05.951,42.349734,-71.0779993,38.456,-32.060508968025346,0.12638168,1769642949766
3603,944504832,1769644626288,18:57:06.288,42.349734,-71.0779993,38.456,-32.060508968025346,0.12638168,1769642949766
3604,944766976,1769644626636,18:57:06.636,42.349734,-71.0779993,38.456,-32.060508968025346,0.12638168,1769642949766
3605,945029120,1769644627391,18:57:07.391,42.349734,-71.0779993,38.456,-32.060508968025346,0.12638168,1769642949766
3606,945291264,1769644627775,18:57:07.775,42.349734,-71.0779993,38.456,-32.060508968025346,0.12638168,1769642949766
3607,945553408,1769644628129,18:57:08.129,42.349734,-71.0779993,38.456,-32.060508968025346,0.12638168,1769642949766
3608,945815552,1769644628474,18:57:08.474,42.349734,-71.0779993,38.456,-32.060508968025346,0.12638168,1769642949766
3609,946077696,1769644629033,18:57:09.033,42.349734,-71.0779993,38.456,-32.060508968025346,0.12638168,1769642949766
3610,946339840,1769644629877,18:57:09.877,42.349734,-71.0779993,38.456,-32.060508968025346,0.12638168,1769642949766
3611,946601984,1769644630213,18:57:10.213,42.349734,-71.0779993,38.456,-32.060508968025346,0.12638168,1769642949766
3612,946864128,1769644630558,18:57:10.558,42.349734,-71.0779993,38.456,-32.060508968025346,0.12638168,1769642949766
3613,947126272,1769644630963,18:57:10.963,42.349734,-71.0779993,38.456,-32.060508968025346,0.12638168,1769642949766
3614,947388416,1769644631308,18:57:11.308,42.349734,-71.0779993,38.456,-32.060508968025346,0.12638168,1769642949766
3615,947650560,1769644631929,18:57:11.929,42.349734,-71.0779993,38.456,-32.060508968025346,0.12638168,1769642949766
3616,947912704,1769644632980,18:57:12.980,42.349734,-71.0779993,38.456,-32.060508968025346,0.12638168,1769642949766
3617,948174848,1769644634408,18:57:14.408,42.349734,-71.0779993,38.456,-32.060508968025346,0.12638168,1769642949766
3618,948436992,1769644634904,18:57:14.904,42.349734,-71.0779993,38.456,-32.060508968025346,0.12638168,1769642949766
3619,948699136,1769644635254,18:57:15.254,42.349734,-71.0779993,38.456,-32.060508968025346,0.12638168,1769642949766
3620,948961280,1769644636220,18:57:16.220,42.349734,-71.0779993,38.456,-32.060508968025346,0.12638168,1769642949766
3621,949223424,1769644636783,18:57:16.783,42.349734,-71.0779993,38.456,-32.060508968025346,0.12638168,1769642949766
3622,949485568,1769644637143,18:57:17.143,42.349734,-71.0779993,38.456,-32.060508968025346,0.12638168,1769642949766
3623,949747712,1769644637491,18:57:17.491,42.349734,-71.0779993,38.456,-32.060508968025346,0.12638168,1769642949766
3624,950009856,1769644637894,18:57:17.894,42.349734,-71.0779993,38.456,-32.060508968025346,0.12638168,1769642949766
3625,950272000,1769644638616,18:57:18.616,42.349734,-71.0779993,38.456,-32.060508968025346,0.12638168,1769642949766
3626,950534144,1769644639060,18:57:19.060,42.349734,-71.0779993,38.456,-32.060508968025346,0.12638168,1769642949766
3627,950796288,1769644639370,18:57:19.370,42.349734,-71.0779993,38.456,-32.060508968025346,0.12638168,1769642949766
3628,951058432,1769644639766,18:57:19.766,42.349734,-71.0779993,38.456,-32.060508968025346,0.12638168,1769642949766
3629,951320576,1769644640160,18:57:20.160,42.349734,-71.0779993,38.456,-32.060508968025346,0.12638168,1769642949766
3630,951582720,1769644640507,18:57:20.507,42.349734,-71.0779993,38.456,-32.060508968025346,0.12638168,1769642949766
3631,951844864,1769644640899,18:57:20.899,42.349734,-71.0779993,38.456,-32.060508968025346,0.12638168,1769642949766
3632,952107008,1769644641340,18:57:21.340,42.349734,-71.0779993,38.456,-32.060508968025346,0.12638168,1769642949766
3633,952369152,1769644641877,18:57:21.877,42.349734,-71.0779993,38.456,-32.060508968025346,0.12638168,1769642949766
3634,952631296,1769644642315,18:57:22.315,42.349734,-71.0779993,38.456,-32.060508968025346,0.12638168,1769642949766
3635,952893440,1769644642688,18:57:22.688,42.349734,-71.0779993,38.456,-32.060508968025346,0.12638168,1769642949766
3636,953155584,1769644643065,18:57:23.065,42.349734,-71.0779993,38.456,-32.060508968025346,0.12638168,1769642949766
3637,953417728,1769644643475,18:57:23.475,42.349734,-71.0779993,38.456,-32.060508968025346,0.12638168,1769642949766
3638,953679872,1769644643949,18:57:23.949,42.349734,-71.0779993,38.456,-32.060508968025346,0.12638168,1769642949766
3639,953942016,1769644644362,18:57:24.362,42.349734,-71.0779993,38.456,-32.060508968025346,0.12638168,1769642949766
3640,954204160,1769644644727,18:57:24.727,42.349734,-71.0779993,38.456,-32.060508968025346,0.12638168,1769642949766
3641,954466304,1769644645080,18:57:25.080,42.349734,-71.0779993,38.456,-32.060508968025346,0.12638168,1769642949766
3642,954728448,1769644645574,18:57:25.574,42.349734,-71.0779993,38.456,-32.060508968025346,0.12638168,1769642949766
3643,954990592,1769644646104,18:57:26.104,42.349734,-71.0779993,38.456,-32.060508968025346,0.12638168,1769642949766
3644,955252736,1769644646510,18:57:26.510,42.349734,-71.0779993,38.456,-32.060508968025346,0.12638168,1769642949766
3645,955514880,1769644646885,18:57:26.885,42.349734,-71.0779993,38.456,-32.060508968025346,0.12638168,1769642949766
3646,955777024,1769644647327,18:57:27.327,42.349734,-71.0779993,38.456,-32.060508968025346,0.12638168,1769642949766
3647,956039168,1769644647770,18:57:27.770,42.349734,-71.0779993,38.456,-32.060508968025346,0.12638168,1769642949766
3648,956301312,1769644648359,18:57:28.359,42.349734,-71.0779993,38.456,-32.060508968025346,0.12638168,1769642949766
3649,956563456,1769644648899,18:57:28.899,42.349734,-71.0779993,38.456,-32.060508968025346,0.12638168,1769642949766
3650,956825600,1769644649403,18:57:29.403,42.349734,-71.0779993,38.456,-32.060508968025346,0.12638168,1769642949766
3651,957087744,1769644649871,18:57:29.871,42.349734,-71.0779993,38.456,-32.060508968025346,0.12638168,1769642949766
3652,957349888,1769644650207,18:57:30.207,42.349734,-71.0779993,38.456,-32.060508968025346,0.12638168,1769642949766
3653,957612032,1769644650707,18:57:30.707,42.349734,-71.0779993,38.456,-32.060508968025346,0.12638168,1769642949766
3654,957874176,1769644651113,18:57:31.113,42.349734,-71.0779993,38.456,-32.060508968025346,0.12638168,1769642949766
3655,958136320,1769644651465,18:57:31.465,42.349734,-71.0779993,38.456,-32.060508968025346,0.12638168,1769642949766
3656,958398464,1769644652165,18:57:32.165,42.349734,-71.0779993,38.456,-32.060508968025346,0.12638168,1769642949766
3657,958660608,1769644652603,18:57:32.603,42.349734,-71.0779993,38.456,-32.060508968025346,0.12638168,1769642949766
3658,958922752,1769644652965,18:57:32.965,42.349734,-71.0779993,38.456,-32.060508968025346,0.12638168,1769642949766
3659,959184896,1769644653304,18:57:33.304,42.349734,-71.0779993,38.456,-32.060508968025346,0.12638168,1769642949766
3660,959447040,1769644653787,18:57:33.787,42.349734,-71.0779993,38.456,-32.060508968025346,0.12638168,1769642949766
3661,959709184,1769644654474,18:57:34.474,42.349734,-71.0779993,38.456,-32.060508968025346,0.12638168,1769642949766
3662,959971328,1769644654799,18:57:34.799,42.349734,-71.0779993,38.456,-32.060508968025346,0.12638168,1769642949766
3663,960233472,1769644655204,18:57:35.204,42.349734,-71.0779993,38.456,-32.060508968025346,0.12638168,1769642949766
3664,960495616,1769644655552,18:57:35.552,42.349734,-71.0779993,38.456,-32.060508968025346,0.12638168,1769642949766
3665,960757760,1769644656186,18:57:36.186,42.349734,-71.0779993,38.456,-32.060508968025346,0.12638168,1769642949766
3666,961019904,1769644656700,18:57:36.700,42.349734,-71.0779993,38.456,-32.060508968025346,0.12638168,1769642949766
3667,961282048,1769644657067,18:57:37.067,42.349734,-71.0779993,38.456,-32.060508968025346,0.12638168,1769642949766
3668,961544192,1769644657717,18:57:37.717,42.349734,-71.0779993,38.456,-32.060508968025346,0.12638168,1769642949766
3669,961806336,1769644658672,18:57:38.672,42.349734,-71.0779993,38.456,-32.060508968025346,0.12638168,1769642949766
3670,962068480,1769644659233,18:57:39.233,42.349734,-71.0779993,38.456,-32.060508968025346,0.12638168,1769642949766
3671,962330624,1769644659947,18:57:39.947,42.349734,-71.0779993,38.456,-32.060508968025346,0.12638168,1769642949766
3672,962592768,1769644660877,18:57:40.877,42.349734,-71.0779993,38.456,-32.060508968025346,0.12638168,1769642949766
3673,962854912,1769644661231,18:57:41.231,42.349734,-71.0779993,38.456,-32.060508968025346,0.12638168,1769642949766
3674,963117056,1769644661585,18:57:41.585,42.349734,-71.0779993,38.456,-32.060508968025346,0.12638168,1769642949766
3675,963379200,1769644661932,18:57:41.932,42.349734,-71.0779993,38.456,-32.060508968025346,0.12638168,1769642949766
3676,963641344,1769644662299,18:57:42.299,42.349734,-71.0779993,38.456,-32.060508968025346,0.12638168,1769642949766
3677,963903488,1769644662651,18:57:42.651,42.349734,-71.0779993,38.456,-32.060508968025346,0.12638168,1769642949766
3678,964165632,1769644662997,18:57:42.997,42.349734,-71.0779993,38.456,-32.060508968025346,0.12638168,1769642949766
3679,964427776,1769644663352,18:57:43.352,42.349734,-71.0779993,38.456,-32.060508968025346,0.12638168,1769642949766
3680,964689920,1769644663723,18:57:43.723,42.349734,-71.0779993,38.456,-32.060508968025346,0.12638168,1769642949766
3681,964952064,1769644664212,18:57:44.212,42.349734,-71.0779993,38.456,-32.060508968025346,0.12638168,1769642949766
3682,965214208,1769644664603,18:57:44.603,42.349734,-71.0779993,38.456,-32.060508968025346,0.12638168,1769642949766
3683,965476352,1769644664917,18:57:44.917,42.349734,-71.0779993,38.456,-32.060508968025346,0.12638168,1769642949766
3684,965738496,1769644665252,18:57:45.252,42.349734,-71.0779993,38.456,-32.060508968025346,0.12638168,1769642949766
3685,966000640,1769644665654,18:57:45.654,42.349734,-71.0779993,38.456,-32.060508968025346,0.12638168,1769642949766
3686,966262784,1769644666133,18:57:46.133,42.349734,-71.0779993,38.456,-32.060508968025346,0.12638168,1769642949766
3687,966524928,1769644666514,18:57:46.514,42.349734,-71.0779993,38.456,-32.060508968025346,0.12638168,1769642949766
3688,966787072,1769644666920,18:57:46.920,42.349734,-71.0779993,38.456,-32.060508968025346,0.12638168,1769642949766
3689,967049216,1769644667297,18:57:47.297,42.349734,-71.0779993,38.456,-32.060508968025346,0.12638168,1769642949766
3690,967311360,1769644667660,18:57:47.660,42.349734,-71.0779993,38.456,-32.060508968025346,0.12638168,1769642949766
3691,967573504,1769644667993,18:57:47.993,42.349734,-71.0779993,38.456,-32.060508968025346,0.12638168,1769642949766
3692,967835648,1769644668347,18:57:48.347,42.349734,-71.0779993,38.456,-32.060508968025346,0.12638168,1769642949766
3693,968097792,1769644668697,18:57:48.697,42.349734,-71.0779993,38.456,-32.060508968025346,0.12638168,1769642949766
3694,968359936,1769644669079,18:57:49.079,42.349734,-71.0779993,38.456,-32.060508968025346,0.12638168,1769642949766
3695,968622080,1769644669441,18:57:49.441,42.349734,-71.0779993,38.456,-32.060508968025346,0.12638168,1769642949766
3696,968884224,1769644669791,18:57:49.791,42.349734,-71.0779993,38.456,-32.060508968025346,0.12638168,1769642949766
3697,969146368,1769644670155,18:57:50.155,42.349734,-71.0779993,38.456,-32.060508968025346,0.12638168,1769642949766
3698,969408512,1769644670505,18:57:50.505,42.349734,-71.0779993,38.456,-32.060508968025346,0.12638168,1769642949766
3699,969670656,1769644670857,18:57:50.857,42.349734,-71.0779993,38.456,-32.060508968025346,0.12638168,1769642949766
3700,969932800,1769644671214,18:57:51.214,42.349734,-71.0779993,38.456,-32.060508968025346,0.12638168,1769642949766
3701,970194944,1769644671660,18:57:51.660,42.349734,-71.0779993,38.456,-32.060508968025346,0.12638168,1769642949766
3702,970457088,1769644672173,18:57:52.173,42.349734,-71.0779993,38.456,-32.060508968025346,0.12638168,1769642949766
3703,970719232,1769644672694,18:57:52.694,42.349734,-71.0779993,38.456,-32.060508968025346,0.12638168,1769642949766
3704,970981376,1769644673183,18:57:53.183,42.349734,-71.0779993,38.456,-32.060508968025346,0.12638168,1769642949766
3705,971243520,1769644673639,18:57:53.639,42.349734,-71.0779993,38.456,-32.060508968025346,0.12638168,1769642949766
3706,971505664,1769644674114,18:57:54.114,42.349734,-71.0779993,38.456,-32.060508968025346,0.12638168,1769642949766
3707,971767808,1769644674553,18:57:54.553,42.349734,-71.0779993,38.456,-32.060508968025346,0.12638168,1769642949766
3708,972029952,1769644675064,18:57:55.064,42.349734,-71.0779993,38.456,-32.060508968025346,0.12638168,1769642949766
3709,972292096,1769644675513,18:57:55.513,42.349734,-71.0779993,38.456,-32.060508968025346,0.12638168,1769642949766
3710,972554240,1769644675966,18:57:55.966,42.349734,-71.0779993,38.456,-32.060508968025346,0.12638168,1769642949766
3711,972816384,1769644676362,18:57:56.362,42.349734,-71.0779993,38.456,-32.060508968025346,0.12638168,1769642949766
3712,973078528,1769644676765,18:57:56.765,42.349734,-71.0779993,38.456,-32.060508968025346,0.12638168,1769642949766
3713,973340672,1769644677158,18:57:57.158,42.349734,-71.0779993,38.456,-32.060508968025346,0.12638168,1769642949766
3714,973602816,1769644677512,18:57:57.512,42.349734,-71.0779993,38.456,-32.060508968025346,0.12638168,1769642949766
3715,973864960,1769644677875,18:57:57.875,42.349734,-71.0779993,38.456,-32.060508968025346,0.12638168,1769642949766
3716,974127104,1769644678270,18:57:58.270,42.349734,-71.0779993,38.456,-32.060508968025346,0.12638168,1769642949766
3717,974389248,1769644678643,18:57:58.643,42.349734,-71.0779993,38.456,-32.060508968025346,0.12638168,1769642949766
3718,974651392,1769644679031,18:57:59.031,42.349734,-71.0779993,38.456,-32.060508968025346,0.12638168,1769642949766
3719,974913536,1769644679333,18:57:59.333,42.349734,-71.0779993,38.456,-32.060508968025346,0.12638168,1769642949766
3720,975175680,1769644679678,18:57:59.678,42.349734,-71.0779993,38.456,-32.060508968025346,0.12638168,1769642949766
3721,975437824,1769644680031,18:58:00.031,42.349734,-71.0779993,38.456,-32.060508968025346,0.12638168,1769642949766
3722,975699968,1769644680530,18:58:00.530,42.349734,-71.0779993,38.456,-32.060508968025346,0.12638168,1769642949766
3723,975962112,1769644680993,18:58:00.993,42.349734,-71.0779993,38.456,-32.060508968025346,0.12638168,1769642949766
3724,976224256,1769644681535,18:58:01.535,42.349734,-71.0779993,38.456,-32.060508968025346,0.12638168,1769642949766
3725,976486400,1769644682099,18:58:02.099,42.349734,-71.0779993,38.456,-32.060508968025346,0.12638168,1769642949766
3726,976748544,1769644682568,18:58:02.568,42.349734,-71.0779993,38.456,-32.060508968025346,0.12638168,1769642949766
3727,977010688,1769644683070,18:58:03.070,42.349734,-71.0779993,38.456,-32.060508968025346,0.12638168,1769642949766
3728,977272832,1769644683582,18:58:03.582,42.349734,-71.0779993,38.456,-32.060508968025346,0.12638168,1769642949766
3729,977534976,1769644684037,18:58:04.037,42.349734,-71.0779993,38.456,-32.060508968025346,0.12638168,1769642949766
3730,977797120,1769644684499,18:58:04.499,42.349734,-71.0779993,38.456,-32.060508968025346,0.12638168,1769642949766
3731,978059264,1769644684999,18:58:04.999,42.349734,-71.0779993,38.456,-32.060508968025346,0.12638168,1769642949766
3732,978321408,1769644685535,18:58:05.535,42.349734,-71.0779993,38.456,-32.060508968025346,0.12638168,1769642949766
3733,978583552,1769644686061,18:58:06.061,42.349734,-71.0779993,38.456,-32.060508968025346,0.12638168,1769642949766
3734,978845696,1769644686536,18:58:06.536,42.349734,-71.0779993,38.456,-32.060508968025346,0.12638168,1769642949766
3735,979107840,1769644687044,18:58:07.044,42.349734,-71.0779993,38.456,-32.060508968025346,0.12638168,1769642949766
3736,979369984,1769644687528,18:58:07.528,42.349734,-71.0779993,38.456,-32.060508968025346,0.12638168,1769642949766
3737,979632128,1769644688038,18:58:08.038,42.349734,-71.0779993,38.456,-32.060508968025346,0.12638168,1769642949766
3738,979894272,1769644688505,18:58:08.505,42.349734,-71.0779993,38.456,-32.060508968025346,0.12638168,1769642949766
3739,980156416,1769644689037,18:58:09.037,42.349734,-71.0779993,38.456,-32.060508968025346,0.12638168,1769642949766
3740,980418560,1769644689552,18:58:09.552,42.349734,-71.0779993,38.456,-32.060508968025346,0.12638168,1769642949766
3741,980680704,1769644690037,18:58:10.037,42.349734,-71.0779993,38.456,-32.060508968025346,0.12638168,1769642949766
3742,980942848,1769644690516,18:58:10.516,42.349734,-71.0779993,38.456,-32.060508968025346,0.12638168,1769642949766
3743,981204992,1769644691025,18:58:11.025,42.349734,-71.0779993,38.456,-32.060508968025346,0.12638168,1769642949766
3744,981467136,1769644691388,18:58:11.388,42.349734,-71.0779993,38.456,-32.060508968025346,0.12638168,1769642949766
3745,981729280,1769644691740,18:58:11.740,42.349734,-71.0779993,38.456,-32.060508968025346,0.12638168,1769642949766
3746,981991424,1769644692102,18:58:12.102,42.349734,-71.0779993,38.456,-32.060508968025346,0.12638168,1769642949766
3747,982253568,1769644692471,18:58:12.471,42.349734,-71.0779993,38.456,-32.060508968025346,0.12638168,1769642949766
3748,982515712,1769644692928,18:58:12.928,42.349734,-71.0779993,38.456,-32.060508968025346,0.12638168,1769642949766
3749,982777856,1769644693359,18:58:13.359,42.349734,-71.0779993,38.456,-32.060508968025346,0.12638168,1769642949766
3750,983040000,1769644693711,18:58:13.711,42.349734,-71.0779993,38.456,-32.060508968025346,0.12638168,1769642949766
3751,983302144,1769644694119,18:58:14.119,42.349734,-71.0779993,38.456,-32.060508968025346,0.12638168,1769642949766
3752,983564288,1769644694471,18:58:14.471,42.349734,-71.0779993,38.456,-32.060508968025346,0.12638168,1769642949766
3753,983826432,1769644694819,18:58:14.819,42.349734,-71.0779993,38.456,-32.060508968025346,0.12638168,1769642949766
3754,984088576,1769644695170,18:58:15.170,42.349734,-71.0779993,38.456,-32.060508968025346,0.12638168,1769642949766
3755,984350720,1769644695521,18:58:15.521,42.349734,-71.0779993,38.456,-32.060508968025346,0.12638168,1769642949766
3756,984612864,1769644695893,18:58:15.893,42.349734,-71.0779993,38.456,-32.060508968025346,0.12638168,1769642949766
3757,984875008,1769644696251,18:58:16.251,42.349734,-71.0779993,38.456,-32.060508968025346,0.12638168,1769642949766
3758,985137152,1769644696601,18:58:16.601,42.349734,-71.0779993,38.456,-32.060508968025346,0.12638168,1769642949766
3759,985399296,1769644696948,18:58:16.948,42.349734,-71.0779993,38.456,-32.060508968025346,0.12638168,1769642949766
3760,985661440,1769644697294,18:58:17.294,42.349734,-71.0779993,38.456,-32.060508968025346,0.12638168,1769642949766
3761,985923584,1769644697622,18:58:17.622,42.349734,-71.0779993,38.456,-32.060508968025346,0.12638168,1769642949766
3762,986185728,1769644699880,18:58:19.880,42.349734,-71.0779993,38.456,-32.060508968025346,0.12638168,1769642949766
3763,986447872,1769644700486,18:58:20.486,42.349734,-71.0779993,38.456,-32.060508968025346,0.12638168,1769642949766
3764,986710016,1769644701091,18:58:21.091,42.349734,-71.0779993,38.456,-32.060508968025346,0.12638168,1769642949766
3765,986972160,1769644701689,18:58:21.689,42.349734,-71.0779993,38.456,-32.060508968025346,0.12638168,1769642949766
3766,987234304,1769644702305,18:58:22.305,42.349734,-71.0779993,38.456,-32.060508968025346,0.12638168,1769642949766
3767,987496448,1769644702904,18:58:22.904,42.349734,-71.0779993,38.456,-32.060508968025346,0.12638168,1769642949766
3768,987758592,1769644703506,18:58:23.506,42.349734,-71.0779993,38.456,-32.060508968025346,0.12638168,1769642949766
3769,988020736,1769644704100,18:58:24.100,42.349734,-71.0779993,38.456,-32.060508968025346,0.12638168,1769642949766
3770,988282880,1769644704702,18:58:24.702,42.349734,-71.0779993,38.456,-32.060508968025346,0.12638168,1769642949766
3771,988545024,1769644705300,18:58:25.300,42.349734,-71.0779993,38.456,-32.060508968025346,0.12638168,1769642949766
3772,988807168,1769644705877,18:58:25.877,42.349734,-71.0779993,38.456,-32.060508968025346,0.12638168,1769642949766
3773,989069312,1769644706480,18:58:26.480,42.349734,-71.0779993,38.456,-32.060508968025346,0.12638168,1769642949766
3774,989331456,1769644707064,18:58:27.064,42.349734,-71.0779993,38.456,-32.060508968025346,0.12638168,1769642949766
3775,989593600,1769644707667,18:58:27.667,42.349734,-71.0779993,38.456,-32.060508968025346,0.12638168,1769642949766
3776,989855744,1769644708231,18:58:28.231,42.349734,-71.0779993,38.456,-32.060508968025346,0.12638168,1769642949766
3777,990117888,1769644708814,18:58:28.814,42.349734,-71.0779993,38.456,-32.060508968025346,0.12638168,1769642949766
3778,990380032,1769644709430,18:58:29.430,42.349734,-71.0779993,38.456,-32.060508968025346,0.12638168,1769642949766
3779,990642176,1769644709996,18:58:29.996,42.349734,-71.0779993,38.456,-32.060508968025346,0.12638168,1769642949766
3780,990904320,1769644710569,18:58:30.569,42.349734,-71.0779993,38.456,-32.060508968025346,0.12638168,1769642949766
3781,991166464,1769644711162,18:58:31.162,42.349734,-71.0779993,38.456,-32.060508968025346,0.12638168,1769642949766
3782,991428608,1769644711743,18:58:31.743,42.349734,-71.0779993,38.456,-32.060508968025346,0.12638168,1769642949766
3783,991690752,1769644712295,18:58:32.295,42.349734,-71.0779993,38.456,-32.060508968025346,0.12638168,1769642949766
3784,991952896,1769644712876,18:58:32.876,42.349734,-71.0779993,38.456,-32.060508968025346,0.12638168,1769642949766
3785,992215040,1769644713416,18:58:33.416,42.349734,-71.0779993,38.456,-32.060508968025346,0.12638168,1769642949766
3786,992477184,1769644714006,18:58:34.006,42.349734,-71.0779993,38.456,-32.060508968025346,0.12638168,1769642949766
3787,992739328,1769644714583,18:58:34.583,42.349734,-71.0779993,38.456,-32.060508968025346,0.12638168,1769642949766
3788,993001472,1769644715132,18:58:35.132,42.349734,-71.0779993,38.456,-32.060508968025346,0.12638168,1769642949766
3789,993263616,1769644715713,18:58:35.713,42.349734,-71.0779993,38.456,-32.060508968025346,0.12638168,1769642949766
3790,993525760,1769644716301,18:58:36.301,42.349734,-71.0779993,38.456,-32.060508968025346,0.12638168,1769642949766
3791,993787904,1769644716831,18:58:36.831,42.349734,-71.0779993,38.456,-32.060508968025346,0.12638168,1769642949766
3792,994050048,1769644717458,18:58:37.458,42.349734,-71.0779993,38.456,-32.060508968025346,0.12638168,1769642949766
3793,994312192,1769644718051,18:58:38.051,42.349734,-71.0779993,38.456,-32.060508968025346,0.12638168,1769642949766
3794,994574336,1769644718617,18:58:38.617,42.349734,-71.0779993,38.456,-32.060508968025346,0.12638168,1769642949766
3795,994836480,1769644719174,18:58:39.174,42.349734,-71.0779993,38.456,-32.060508968025346,0.12638168,1769642949766
3796,995098624,1769644719750,18:58:39.750,42.349734,-71.0779993,38.456,-32.060508968025346,0.12638168,1769642949766
3797,995360768,1769644720301,18:58:40.301,42.349734,-71.0779993,38.456,-32.060508968025346,0.12638168,1769642949766
3798,995622912,1769644720851,18:58:40.851,42.349734,-71.0779993,38.456,-32.060508968025346,0.12638168,1769642949766
3799,995885056,1769644721386,18:58:41.386,42.349734,-71.0779993,38.456,-32.060508968025346,0.12638168,1769642949766
3800,996147200,1769644721884,18:58:41.884,42.349734,-71.0779993,38.456,-32.060508968025346,0.12638168,1769642949766
3801,996409344,1769644722383,18:58:42.383,42.349734,-71.0779993,38.456,-32.060508968025346,0.12638168,1769642949766
3802,996671488,1769644722892,18:58:42.892,42.349734,-71.0779993,38.456,-32.060508968025346,0.12638168,1769642949766
3803,996933632,1769644723439,18:58:43.439,42.349734,-71.0779993,38.456,-32.060508968025346,0.12638168,1769642949766
3804,997195776,1769644723995,18:58:43.995,42.349734,-71.0779993,38.456,-32.060508968025346,0.12638168,1769642949766
3805,997457920,1769644724576,18:58:44.576,42.349734,-71.0779993,38.456,-32.060508968025346,0.12638168,1769642949766
3806,997720064,1769644725103,18:58:45.103,42.349734,-71.0779993,38.456,-32.060508968025346,0.12638168,1769642949766
3807,997982208,1769644725614,18:58:45.614,42.349734,-71.0779993,38.456,-32.060508968025346,0.12638168,1769642949766
3808,998244352,1769644726183,18:58:46.183,42.349734,-71.0779993,38.456,-32.060508968025346,0.12638168,1769642949766
3809,998506496,1769644726702,18:58:46.702,42.349734,-71.0779993,38.456,-32.060508968025346,0.12638168,1769642949766
3810,998768640,1769644727280,18:58:47.280,42.349734,-71.0779993,38.456,-32.060508968025346,0.12638168,1769642949766
3811,999030784,1769644727839,18:58:47.839,42.349734,-71.0779993,38.456,-32.060508968025346,0.12638168,1769642949766
3812,999292928,1769644728371,18:58:48.371,42.349734,-71.0779993,38.456,-32.060508968025346,0.12638168,1769642949766
3813,999555072,1769644728890,18:58:48.890,42.349734,-71.0779993,38.456,-32.060508968025346,0.12638168,1769642949766
3814,999817216,1769644729474,18:58:49.474,42.349734,-71.0779993,38.456,-32.060508968025346,0.12638168,1769642949766
3815,1000079360,1769644729976,18:58:49.976,42.349734,-71.0779993,38.456,-32.060508968025346,0.12638168,1769642949766
3816,1000341504,1769644730461,18:58:50.461,42.349734,-71.0779993,38.456,-32.060508968025346,0.12638168,1769642949766
3817,1000603648,1769644731013,18:58:51.013,42.349734,-71.0779993,38.456,-32.060508968025346,0.12638168,1769642949766
3818,1000865792,1769644731507,18:58:51.507,42.349734,-71.0779993,38.456,-32.060508968025346,0.12638168,1769642949766
3819,1001127936,1769644732019,18:58:52.019,42.349734,-71.0779993,38.456,-32.060508968025346,0.12638168,1769642949766
3820,1001390080,1769644732477,18:58:52.477,42.349734,-71.0779993,38.456,-32.060508968025346,0.12638168,1769642949766
3821,1001652224,1769644732993,18:58:52.993,42.349734,-71.0779993,38.456,-32.060508968025346,0.12638168,1769642949766
3822,1001914368,1769644733470,18:58:53.470,42.349734,-71.0779993,38.456,-32.060508968025346,0.12638168,1769642949766
3823,1002176512,1769644733931,18:58:53.931,42.349734,-71.0779993,38.456,-32.060508968025346,0.12638168,1769642949766
3824,1002438656,1769644734388,18:58:54.388,42.349734,-71.0779993,38.456,-32.060508968025346,0.12638168,1769642949766
3825,1002700800,1769644734810,18:58:54.810,42.349734,-71.0779993,38.456,-32.060508968025346,0.12638168,1769642949766
3826,1002962944,1769644735279,18:58:55.279,42.349734,-71.0779993,38.456,-32.060508968025346,0.12638168,1769642949766
3827,1003225088,1769644735689,18:58:55.689,42.349734,-71.0779993,38.456,-32.060508968025346,0.12638168,1769642949766
3828,1003487232,1769644736078,18:58:56.078,42.349734,-71.0779993,38.456,-32.060508968025346,0.12638168,1769642949766
3829,1003749376,1769644736544,18:58:56.544,42.349734,-71.0779993,38.456,-32.060508968025346,0.12638168,1769642949766
3830,1004011520,1769644737011,18:58:57.011,42.349734,-71.0779993,38.456,-32.060508968025346,0.12638168,1769642949766
3831,1004273664,1769644737506,18:58:57.506,42.349734,-71.0779993,38.456,-32.060508968025346,0.12638168,1769642949766
3832,1004535808,1769644737925,18:58:57.925,42.349734,-71.0779993,38.456,-32.060508968025346,0.12638168,1769642949766
3833,1004797952,1769644738413,18:58:58.413,42.349734,-71.0779993,38.456,-32.060508968025346,0.12638168,1769642949766
3834,1005060096,1769644738918,18:58:58.918,42.349734,-71.0779993,38.456,-32.060508968025346,0.12638168,1769642949766
3835,1005322240,1769644739405,18:58:59.405,42.349734,-71.0779993,38.456,-32.060508968025346,0.12638168,1769642949766
3836,1005584384,1769644739778,18:58:59.778,42.349734,-71.0779993,38.456,-32.060508968025346,0.12638168,1769642949766
3837,1005846528,1769644740131,18:59:00.131,42.349734,-71.0779993,38.456,-32.060508968025346,0.12638168,1769642949766
3838,1006108672,1769644740481,18:59:00.481,42.349734,-71.0779993,38.456,-32.060508968025346,0.12638168,1769642949766
3839,1006370816,1769644740834,18:59:00.834,42.349734,-71.0779993,38.456,-32.060508968025346,0.12638168,1769642949766
3840,1006632960,1769644741244,18:59:01.244,42.349734,-71.0779993,38.456,-32.060508968025346,0.12638168,1769642949766
3841,1006895104,1769644741594,18:59:01.594,42.349734,-71.0779993,38.456,-32.060508968025346,0.12638168,1769642949766
3842,1007157248,1769644741947,18:59:01.947,42.349734,-71.0779993,38.456,-32.060508968025346,0.12638168,1769642949766
3843,1007419392,1769644742299,18:59:02.299,42.349734,-71.0779993,38.456,-32.060508968025346,0.12638168,1769642949766
3844,1007681536,1769644742652,18:59:02.652,42.349734,-71.0779993,38.456,-32.060508968025346,0.12638168,1769642949766
3845,1007943680,1769644743017,18:59:03.017,42.349734,-71.0779993,38.456,-32.060508968025346,0.12638168,1769642949766
3846,1008205824,1769644743447,18:59:03.447,42.349734,-71.0779993,38.456,-32.060508968025346,0.12638168,1769642949766
3847,1008467968,1769644743863,18:59:03.863,42.349734,-71.0779993,38.456,-32.060508968025346,0.12638168,1769642949766
3848,1008730112,1769644744245,18:59:04.245,42.349734,-71.0779993,38.456,-32.060508968025346,0.12638168,1769642949766
3849,1008992256,1769644744652,18:59:04.652,42.349734,-71.0779993,38.456,-32.060508968025346,0.12638168,1769642949766
3850,1009254400,1769644745118,18:59:05.118,42.349734,-71.0779993,38.456,-32.060508968025346,0.12638168,1769642949766
3851,1009516544,1769644745524,18:59:05.524,42.349734,-71.0779993,38.456,-32.060508968025346,0.12638168,1769642949766
3852,1009778688,1769644745873,18:59:05.873,42.349734,-71.0779993,38.456,-32.060508968025346,0.12638168,1769642949766
3853,1010040832,1769644746220,18:59:06.220,42.349734,-71.0779993,38.456,-32.060508968025346,0.12638168,1769642949766
3854,1010302976,1769644746573,18:59:06.573,42.349734,-71.0779993,38.456,-32.060508968025346,0.12638168,1769642949766
3855,1010565120,1769644747017,18:59:07.017,42.349734,-71.0779993,38.456,-32.060508968025346,0.12638168,1769642949766
3856,1010827264,1769644747433,18:59:07.433,42.349734,-71.0779993,38.456,-32.060508968025346,0.12638168,1769642949766
3857,1011089408,1769644747826,18:59:07.826,42.349734,-71.0779993,38.456,-32.060508968025346,0.12638168,1769642949766
3858,1011351552,1769644748161,18:59:08.161,42.349734,-71.0779993,38.456,-32.060508968025346,0.12638168,1769642949766
3859,1011613696,1769644748475,18:59:08.475,42.349734,-71.0779993,38.456,-32.060508968025346,0.12638168,1769642949766
3860,1011875840,1769644748829,18:59:08.829,42.349734,-71.0779993,38.456,-32.060508968025346,0.12638168,1769642949766
3861,1012137984,1769644749234,18:59:09.234,42.349734,-71.0779993,38.456,-32.060508968025346,0.12638168,1769642949766
3862,1012400128,1769644749652,18:59:09.652,42.349734,-71.0779993,38.456,-32.060508968025346,0.12638168,1769642949766
3863,1012662272,1769644750059,18:59:10.059,42.349734,-71.0779993,38.456,-32.060508968025346,0.12638168,1769642949766
3864,1012924416,1769644750406,18:59:10.406,42.349734,-71.0779993,38.456,-32.060508968025346,0.12638168,1769642949766
3865,1013186560,1769644750854,18:59:10.854,42.349734,-71.0779993,38.456,-32.060508968025346,0.12638168,1769642949766
3866,1013448704,1769644751474,18:59:11.474,42.349734,-71.0779993,38.456,-32.060508968025346,0.12638168,1769642949766
3867,1013710848,1769644751899,18:59:11.899,42.349734,-71.0779993,38.456,-32.060508968025346,0.12638168,1769642949766
3868,1013972992,1769644752313,18:59:12.313,42.349734,-71.0779993,38.456,-32.060508968025346,0.12638168,1769642949766
3869,1014235136,1769644752659,18:59:12.659,42.349734,-71.0779993,38.456,-32.060508968025346,0.12638168,1769642949766
3870,1014497280,1769644753012,18:59:13.012,42.349734,-71.0779993,38.456,-32.060508968025346,0.12638168,1769642949766
3871,1014759424,1769644753463,18:59:13.463,42.349734,-71.0779993,38.456,-32.060508968025346,0.12638168,1769642949766
3872,1015021568,1769644753903,18:59:13.903,42.349734,-71.0779993,38.456,-32.060508968025346,0.12638168,1769642949766
3873,1015283712,1769644754378,18:59:14.378,42.349734,-71.0779993,38.456,-32.060508968025346,0.12638168,1769642949766
3874,1015545856,1769644754800,18:59:14.800,42.349734,-71.0779993,38.456,-32.060508968025346,0.12638168,1769642949766
3875,1015808000,1769644755317,18:59:15.317,42.349734,-71.0779993,38.456,-32.060508968025346,0.12638168,1769642949766
3876,1016070144,1769644755794,18:59:15.794,42.349734,-71.0779993,38.456,-32.060508968025346,0.12638168,1769642949766
3877,1016332288,1769644756146,18:59:16.146,42.349734,-71.0779993,38.456,-32.060508968025346,0.12638168,1769642949766
3878,1016594432,1769644756496,18:59:16.496,42.349734,-71.0779993,38.456,-32.060508968025346,0.12638168,1769642949766
3879,1016856576,1769644756851,18:59:16.851,42.349734,-71.0779993,38.456,-32.060508968025346,0.12638168,1769642949766
3880,1017118720,1769644757244,18:59:17.244,42.349734,-71.0779993,38.456,-32.060508968025346,0.12638168,1769642949766
3881,1017380864,1769644757935,18:59:17.935,42.349734,-71.0779993,38.456,-32.060508968025346,0.12638168,1769642949766
3882,1017643008,1769644758423,18:59:18.423,42.349734,-71.0779993,38.456,-32.060508968025346,0.12638168,1769642949766
3883,1017905152,1769644758992,18:59:18.992,42.349734,-71.0779993,38.456,-32.060508968025346,0.12638168,1769642949766
3884,1018167296,1769644759365,18:59:19.365,42.349734,-71.0779993,38.456,-32.060508968025346,0.12638168,1769642949766
3885,1018429440,1769644759862,18:59:19.862,42.349734,-71.0779993,38.456,-32.060508968025346,0.12638168,1769642949766
3886,1018691584,1769644760357,18:59:20.357,42.349734,-71.0779993,38.456,-32.060508968025346,0.12638168,1769642949766
3887,1018953728,1769644760884,18:59:20.884,42.349734,-71.0779993,38.456,-32.060508968025346,0.12638168,1769642949766
3888,1019215872,1769644761265,18:59:21.265,42.349734,-71.0779993,38.456,-32.060508968025346,0.12638168,1769642949766
3889,1019478016,1769644761611,18:59:21.611,42.349734,-71.0779993,38.456,-32.060508968025346,0.12638168,1769642949766
3890,1019740160,1769644762160,18:59:22.160,42.349734,-71.0779993,38.456,-32.060508968025346,0.12638168,1769642949766
3891,1020002304,1769644762714,18:59:22.714,42.349734,-71.0779993,38.456,-32.060508968025346,0.12638168,1769642949766
3892,1020264448,1769644763094,18:59:23.094,42.349734,-71.0779993,38.456,-32.060508968025346,0.12638168,1769642949766
3893,1020526592,1769644763413,18:59:23.413,42.349734,-71.0779993,38.456,-32.060508968025346,0.12638168,1769642949766
3894,1020788736,1769644763767,18:59:23.767,42.349734,-71.0779993,38.456,-32.060508968025346,0.12638168,1769642949766
3895,1021050880,1769644764117,18:59:24.117,42.349734,-71.0779993,38.456,-32.060508968025346,0.12638168,1769642949766
3896,1021313024,1769644764479,18:59:24.479,42.349734,-71.0779993,38.456,-32.060508968025346,0.12638168,1769642949766
3897,1021575168,1769644764830,18:59:24.830,42.349734,-71.0779993,38.456,-32.060508968025346,0.12638168,1769642949766
3898,1021837312,1769644765184,18:59:25.184,42.349734,-71.0779993,38.456,-32.060508968025346,0.12638168,1769642949766
3899,1022099456,1769644765570,18:59:25.570,42.349734,-71.0779993,38.456,-32.060508968025346,0.12638168,1769642949766
3900,1022361600,1769644766001,18:59:26.001,42.349734,-71.0779993,38.456,-32.060508968025346,0.12638168,1769642949766
3901,1022623744,1769644766340,18:59:26.340,42.349734,-71.0779993,38.456,-32.060508968025346,0.12638168,1769642949766
3902,1022885888,1769644766687,18:59:26.687,42.349734,-71.0779993,38.456,-32.060508968025346,0.12638168,1769642949766
3903,1023148032,1769644767416,18:59:27.416,42.349734,-71.0779993,38.456,-32.060508968025346,0.12638168,1769642949766
3904,1023410176,1769644768024,18:59:28.024,42.349734,-71.0779993,38.456,-32.060508968025346,0.12638168,1769642949766
3905,1023672320,1769644768356,18:59:28.356,42.349734,-71.0779993,38.456,-32.060508968025346,0.12638168,1769642949766
3906,1023934464,1769644768956,18:59:28.956,42.349734,-71.0779993,38.456,-32.060508968025346,0.12638168,1769642949766
3907,1024196608,1769644769686,18:59:29.686,42.349734,-71.0779993,38.456,-32.060508968025346,0.12638168,1769642949766
3908,1024458752,1769644770160,18:59:30.160,42.349734,-71.0779993,38.456,-32.060508968025346,0.12638168,1769642949766
3909,1024720896,1769644770510,18:59:30.510,42.349734,-71.0779993,38.456,-32.060508968025346,0.12638168,1769642949766
3910,1024983040,1769644770991,18:59:30.991,42.349734,-71.0779993,38.456,-32.060508968025346,0.12638168,1769642949766
3911,1025245184,1769644771775,18:59:31.775,42.349734,-71.0779993,38.456,-32.060508968025346,0.12638168,1769642949766
3912,1025507328,1769644772127,18:59:32.127,42.349734,-71.0779993,38.456,-32.060508968025346,0.12638168,1769642949766
3913,1025769472,1769644772479,18:59:32.479,42.349734,-71.0779993,38.456,-32.060508968025346,0.12638168,1769642949766
3914,1026031616,1769644772900,18:59:32.900,42.349734,-71.0779993,38.456,-32.060508968025346,0.12638168,1769642949766
3915,1026293760,1769644773407,18:59:33.407,42.349734,-71.0779993,38.456,-32.060508968025346,0.12638168,1769642949766
3916,1026555904,1769644773779,18:59:33.779,42.349734,-71.0779993,38.456,-32.060508968025346,0.12638168,1769642949766
3917,1026818048,1769644774176,18:59:34.176,42.349734,-71.0779993,38.456,-32.060508968025346,0.12638168,1769642949766
3918,1027080192,1769644774496,18:59:34.496,42.349734,-71.0779993,38.456,-32.060508968025346,0.12638168,1769642949766
3919,1027342336,1769644774847,18:59:34.847,42.349734,-71.0779993,38.456,-32.060508968025346,0.12638168,1769642949766
3920,1027604480,1769644775203,18:59:35.203,42.349734,-71.0779993,38.456,-32.060508968025346,0.12638168,1769642949766
3921,1027866624,1769644775782,18:59:35.782,42.349734,-71.0779993,38.456,-32.060508968025346,0.12638168,1769642949766
3922,1028128768,1769644776259,18:59:36.259,42.349734,-71.0779993,38.456,-32.060508968025346,0.12638168,1769642949766
3923,1028390912,1769644776912,18:59:36.912,42.349734,-71.0779993,38.456,-32.060508968025346,0.12638168,1769642949766
3924,1028653056,1769644777263,18:59:37.263,42.349734,-71.0779993,38.456,-32.060508968025346,0.12638168,1769642949766
3925,1028915200,1769644777617,18:59:37.617,42.349734,-71.0779993,38.456,-32.060508968025346,0.12638168,1769642949766
3926,1029177344,1769644777970,18:59:37.970,42.349734,-71.0779993,38.456,-32.060508968025346,0.12638168,1769642949766
3927,1029439488,1769644778444,18:59:38.444,42.349734,-71.0779993,38.456,-32.060508968025346,0.12638168,1769642949766
3928,1029701632,1769644778765,18:59:38.765,42.349734,-71.0779993,38.456,-32.060508968025346,0.12638168,1769642949766
3929,1029963776,1769644779110,18:59:39.110,42.349734,-71.0779993,38.456,-32.060508968025346,0.12638168,1769642949766
3930,1030225920,1769644779485,18:59:39.485,42.349734,-71.0779993,38.456,-32.060508968025346,0.12638168,1769642949766
3931,1030488064,1769644779954,18:59:39.954,42.349734,-71.0779993,38.456,-32.060508968025346,0.12638168,1769642949766
3932,1030750208,1769644781180,18:59:41.180,42.349734,-71.0779993,38.456,-32.060508968025346,0.12638168,1769642949766
3933,1031012352,1769644782689,18:59:42.689,42.349734,-71.0779993,38.456,-32.060508968025346,0.12638168,1769642949766
3934,1031274496,1769644783787,18:59:43.787,42.349734,-71.0779993,38.456,-32.060508968025346,0.12638168,1769642949766
3935,1031536640,1769644785735,18:59:45.735,42.349734,-71.0779993,38.456,-32.060508968025346,0.12638168,1769642949766
3936,1031798784,1769644787603,18:59:47.603,42.349734,-71.0779993,38.456,-32.060508968025346,0.12638168,1769642949766
3937,1032060928,1769644789415,18:59:49.415,42.349734,-71.0779993,38.456,-32.060508968025346,0.12638168,1769642949766
3938,1032323072,1769644790156,18:59:50.156,42.349734,-71.0779993,38.456,-32.060508968025346,0.12638168,1769642949766
3939,1032585216,1769644790549,18:59:50.549,42.349734,-71.0779993,38.456,-32.060508968025346,0.12638168,1769642949766
3940,1032847360,1769644790898,18:59:50.898,42.349734,-71.0779993,38.456,-32.060508968025346,0.12638168,1769642949766
3941,1033109504,1769644791302,18:59:51.302,42.349734,-71.0779993,38.456,-32.060508968025346,0.12638168,1769642949766
3942,1033371648,1769644791767,18:59:51.767,42.349734,-71.0779993,38.456,-32.060508968025346,0.12638168,1769642949766
3943,1033633792,1769644792153,18:59:52.153,42.349734,-71.0779993,38.456,-32.060508968025346,0.12638168,1769642949766
3944,1033895936,1769644792647,18:59:52.647,42.349734,-71.0779993,38.456,-32.060508968025346,0.12638168,1769642949766
3945,1034158080,1769644793100,18:59:53.100,42.349734,-71.0779993,38.456,-32.060508968025346,0.12638168,1769642949766
3946,1034420224,1769644793581,18:59:53.581,42.349734,-71.0779993,38.456,-32.060508968025346,0.12638168,1769642949766
3947,1034682368,1769644794278,18:59:54.278,42.349734,-71.0779993,38.456,-32.060508968025346,0.12638168,1769642949766
3948,1034944512,1769644795093,18:59:55.093,42.349734,-71.0779993,38.456,-32.060508968025346,0.12638168,1769642949766
3949,1035206656,1769644795777,18:59:55.777,42.349734,-71.0779993,38.456,-32.060508968025346,0.12638168,1769642949766
3950,1035468800,1769644796453,18:59:56.453,42.349734,-71.0779993,38.456,-32.060508968025346,0.12638168,1769642949766
3951,1035730944,1769644796939,18:59:56.939,42.349734,-71.0779993,38.456,-32.060508968025346,0.12638168,1769642949766
3952,1035993088,1769644797408,18:59:57.408,42.349734,-71.0779993,38.456,-32.060508968025346,0.12638168,1769642949766
3953,1036255232,1769644797802,18:59:57.802,42.349734,-71.0779993,38.456,-32.060508968025346,0.12638168,1769642949766
3954,1036517376,1769644798249,18:59:58.249,42.349734,-71.0779993,38.456,-32.060508968025346,0.12638168,1769642949766
3955,1036779520,1769644798711,18:59:58.711,42.349734,-71.0779993,38.456,-32.060508968025346,0.12638168,1769642949766
3956,1037041664,1769644799233,18:59:59.233,42.349734,-71.0779993,38.456,-32.060508968025346,0.12638168,1769642949766
3957,1037303808,1769644799635,18:59:59.635,42.349734,-71.0779993,38.456,-32.060508968025346,0.12638168,1769642949766
3958,1037565952,1769644800028,19:00:00.028,42.349734,-71.0779993,38.456,-32.060508968025346,0.12638168,1769642949766
3959,1037828096,1769644800309,19:00:00.309,42.349734,-71.0779993,38.456,-32.060508968025346,0.12638168,1769642949766
3960,1038090240,1769644800649,19:00:00.649,42.349734,-71.0779993,38.456,-32.060508968025346,0.12638168,1769642949766
3961,1038352384,1769644801028,19:00:01.028,42.349734,-71.0779993,38.456,-32.060508968025346,0.12638168,1769642949766
3962,1038614528,1769644801430,19:00:01.430,42.349734,-71.0779993,38.456,-32.060508968025346,0.12638168,1769642949766
3963,1038876672,1769644801843,19:00:01.843,42.349734,-71.0779993,38.456,-32.060508968025346,0.12638168,1769642949766
3964,1039138816,1769644802195,19:00:02.195,42.349734,-71.0779993,38.456,-32.060508968025346,0.12638168,1769642949766
3965,1039400960,1769644802552,19:00:02.552,42.349734,-71.0779993,38.456,-32.060508968025346,0.12638168,1769642949766
3966,1039663104,1769644802899,19:00:02.899,42.349734,-71.0779993,38.456,-32.060508968025346,0.12638168,1769642949766
3967,1039925248,1769644803454,19:00:03.454,42.349734,-71.0779993,38.456,-32.060508968025346,0.12638168,1769642949766
3968,1040187392,1769644803815,19:00:03.815,42.349734,-71.0779993,38.456,-32.060508968025346,0.12638168,1769642949766
3969,1040449536,1769644804194,19:00:04.194,42.349734,-71.0779993,38.456,-32.060508968025346,0.12638168,1769642949766
3970,1040711680,1769644804819,19:00:04.819,42.349734,-71.0779993,38.456,-32.060508968025346,0.12638168,1769642949766
3971,1040973824,1769644805328,19:00:05.328,42.349734,-71.0779993,38.456,-32.060508968025346,0.12638168,1769642949766
3972,1041235968,1769644805807,19:00:05.807,42.349734,-71.0779993,38.456,-32.060508968025346,0.12638168,1769642949766
3973,1041498112,1769644806538,19:00:06.538,42.349734,-71.0779993,38.456,-32.060508968025346,0.12638168,1769642949766
3974,1041760256,1769644807228,19:00:07.228,42.349734,-71.0779993,38.456,-32.060508968025346,0.12638168,1769642949766
3975,1042022400,1769644807630,19:00:07.630,42.349734,-71.0779993,38.456,-32.060508968025346,0.12638168,1769642949766
3976,1042284544,1769644807991,19:00:07.991,42.349734,-71.0779993,38.456,-32.060508968025346,0.12638168,1769642949766
3977,1042546688,1769644808342,19:00:08.342,42.349734,-71.0779993,38.456,-32.060508968025346,0.12638168,1769642949766
3978,1042808832,1769644808691,19:00:08.691,42.349734,-71.0779993,38.456,-32.060508968025346,0.12638168,1769642949766
3979,1043070976,1769644809121,19:00:09.121,42.349734,-71.0779993,38.456,-32.060508968025346,0.12638168,1769642949766
3980,1043333120,1769644809513,19:00:09.513,42.349734,-71.0779993,38.456,-32.060508968025346,0.12638168,1769642949766
3981,1043595264,1769644809862,19:00:09.862,42.349734,-71.0779993,38.456,-32.060508968025346,0.12638168,1769642949766
3982,1043857408,1769644810213,19:00:10.213,42.349734,-71.0779993,38.456,-32.060508968025346,0.12638168,1769642949766
3983,1044119552,1769644810623,19:00:10.623,42.349734,-71.0779993,38.456,-32.060508968025346,0.12638168,1769642949766
3984,1044381696,1769644810982,19:00:10.982,42.349734,-71.0779993,38.456,-32.060508968025346,0.12638168,1769642949766
3985,1044643840,1769644811510,19:00:11.510,42.349734,-71.0779993,38.456,-32.060508968025346,0.12638168,1769642949766
3986,1044905984,1769644811902,19:00:11.902,42.349734,-71.0779993,38.456,-32.060508968025346,0.12638168,1769642949766
3987,1045168128,1769644812386,19:00:12.386,42.349734,-71.0779993,38.456,-32.060508968025346,0.12638168,1769642949766
3988,1045430272,1769644812889,19:00:12.889,42.349734,-71.0779993,38.456,-32.060508968025346,0.12638168,1769642949766
3989,1045692416,1769644813290,19:00:13.290,42.349734,-71.0779993,38.456,-32.060508968025346,0.12638168,1769642949766
3990,1045954560,1769644813696,19:00:13.696,42.349734,-71.0779993,38.456,-32.060508968025346,0.12638168,1769642949766
3991,1046216704,1769644814195,19:00:14.195,42.349734,-71.0779993,38.456,-32.060508968025346,0.12638168,1769642949766
3992,1046478848,1769644814599,19:00:14.599,42.349734,-71.0779993,38.456,-32.060508968025346,0.12638168,1769642949766
3993,1046740992,1769644814919,19:00:14.919,42.349734,-71.0779993,38.456,-32.060508968025346,0.12638168,1769642949766
3994,1047003136,1769644815230,19:00:15.230,42.349734,-71.0779993,38.456,-32.060508968025346,0.12638168,1769642949766
3995,1047265280,1769644815578,19:00:15.578,42.349734,-71.0779993,38.456,-32.060508968025346,0.12638168,1769642949766
3996,1047527424,1769644816136,19:00:16.136,42.349734,-71.0779993,38.456,-32.060508968025346,0.12638168,1769642949766
3997,1047789568,1769644816620,19:00:16.620,42.349734,-71.0779993,38.456,-32.060508968025346,0.12638168,1769642949766
3998,1048051712,1769644816962,19:00:16.962,42.349734,-71.0779993,38.456,-32.060508968025346,0.12638168,1769642949766
3999,1048313856,1769644817304,19:00:17.304,42.349734,-71.0779993,38.456,-32.060508968025346,0.12638168,1769642949766
4000,1048576000,1769644817653,19:00:17.653,42.349734,-71.0779993,38.456,-32.060508968025346,0.12638168,1769642949766
4001,1048838144,1769644818001,19:00:18.001,42.349734,-71.0779993,38.456,-32.060508968025346,0.12638168,1769642949766
4002,1049100288,1769644818355,19:00:18.355,42.349734,-71.0779993,38.456,-32.060508968025346,0.12638168,1769642949766
4003,1049362432,1769644818709,19:00:18.709,42.349734,-71.0779993,38.456,-32.060508968025346,0.12638168,1769642949766
4004,1049624576,1769644819054,19:00:19.054,42.349734,-71.0779993,38.456,-32.060508968025346,0.12638168,1769642949766
4005,1049886720,1769644819421,19:00:19.421,42.349734,-71.0779993,38.456,-32.060508968025346,0.12638168,1769642949766
4006,1050148864,1769644819809,19:00:19.809,42.349734,-71.0779993,38.456,-32.060508968025346,0.12638168,1769642949766
4007,1050411008,1769644820283,19:00:20.283,42.349734,-71.0779993,38.456,-32.060508968025346,0.12638168,1769642949766
4008,1050673152,1769644820628,19:00:20.628,42.349734,-71.0779993,38.456,-32.060508968025346,0.12638168,1769642949766
4009,1050935296,1769644821084,19:00:21.084,42.349734,-71.0779993,38.456,-32.060508968025346,0.12638168,1769642949766
4010,1051197440,1769644821517,19:00:21.517,42.349734,-71.0779993,38.456,-32.060508968025346,0.12638168,1769642949766
4011,1051459584,1769644821936,19:00:21.936,42.349734,-71.0779993,38.456,-32.060508968025346,0.12638168,1769642949766
4012,1051721728,1769644822282,19:00:22.282,42.349734,-71.0779993,38.456,-32.060508968025346,0.12638168,1769642949766
4013,1051983872,1769644822635,19:00:22.635,42.349734,-71.0779993,38.456,-32.060508968025346,0.12638168,1769642949766
4014,1052246016,1769644823099,19:00:23.099,42.349734,-71.0779993,38.456,-32.060508968025346,0.12638168,1769642949766
4015,1052508160,1769644823687,19:00:23.687,42.349734,-71.0779993,38.456,-32.060508968025346,0.12638168,1769642949766
4016,1052770304,1769644824064,19:00:24.064,42.349734,-71.0779993,38.456,-32.060508968025346,0.12638168,1769642949766
4017,1053032448,1769644824643,19:00:24.643,42.349734,-71.0779993,38.456,-32.060508968025346,0.12638168,1769642949766
4018,1053294592,1769644825243,19:00:25.243,42.349734,-71.0779993,38.456,-32.060508968025346,0.12638168,1769642949766
4019,1053556736,1769644825688,19:00:25.688,42.349734,-71.0779993,38.456,-32.060508968025346,0.12638168,1769642949766
4020,1053818880,1769644826091,19:00:26.091,42.349734,-71.0779993,38.456,-32.060508968025346,0.12638168,1769642949766
4021,1054081024,1769644826594,19:00:26.594,42.349734,-71.0779993,38.456,-32.060508968025346,0.12638168,1769642949766
4022,1054343168,1769644827278,19:00:27.278,42.349734,-71.0779993,38.456,-32.060508968025346,0.12638168,1769642949766
4023,1054605312,1769644827765,19:00:27.765,42.349734,-71.0779993,38.456,-32.060508968025346,0.12638168,1769642949766
4024,1054867456,1769644828321,19:00:28.321,42.349734,-71.0779993,38.456,-32.060508968025346,0.12638168,1769642949766
4025,1055129600,1769644828818,19:00:28.818,42.349734,-71.0779993,38.456,-32.060508968025346,0.12638168,1769642949766
4026,1055391744,1769644829352,19:00:29.352,42.349734,-71.0779993,38.456,-32.060508968025346,0.12638168,1769642949766
4027,1055653888,1769644829746,19:00:29.746,42.349734,-71.0779993,38.456,-32.060508968025346,0.12638168,1769642949766
4028,1055916032,1769644830153,19:00:30.153,42.349734,-71.0779993,38.456,-32.060508968025346,0.12638168,1769642949766
4029,1056178176,1769644830484,19:00:30.484,42.349734,-71.0779993,38.456,-32.060508968025346,0.12638168,1769642949766
4030,1056440320,1769644830835,19:00:30.835,42.349734,-71.0779993,38.456,-32.060508968025346,0.12638168,1769642949766
4031,1056702464,1769644831186,19:00:31.186,42.349734,-71.0779993,38.456,-32.060508968025346,0.12638168,1769642949766
4032,1056964608,1769644831537,19:00:31.537,42.349734,-71.0779993,38.456,-32.060508968025346,0.12638168,1769642949766
4033,1057226752,1769644831889,19:00:31.889,42.349734,-71.0779993,38.456,-32.060508968025346,0.12638168,1769642949766
4034,1057488896,1769644832242,19:00:32.242,42.349734,-71.0779993,38.456,-32.060508968025346,0.12638168,1769642949766
4035,1057751040,1769644832587,19:00:32.587,42.349734,-71.0779993,38.456,-32.060508968025346,0.12638168,1769642949766
4036,1058013184,1769644832953,19:00:32.953,42.349734,-71.0779993,38.456,-32.060508968025346,0.12638168,1769642949766
4037,1058275328,1769644833334,19:00:33.334,42.349734,-71.0779993,38.456,-32.060508968025346,0.12638168,1769642949766
4038,1058537472,1769644833680,19:00:33.680,42.349734,-71.0779993,38.456,-32.060508968025346,0.12638168,1769642949766
4039,1058799616,1769644834031,19:00:34.031,42.349734,-71.0779993,38.456,-32.060508968025346,0.12638168,1769642949766
4040,1059061760,1769644834410,19:00:34.410,42.349734,-71.0779993,38.456,-32.060508968025346,0.12638168,1769642949766
4041,1059323904,1769644834804,19:00:34.804,42.349734,-71.0779993,38.456,-32.060508968025346,0.12638168,1769642949766
4042,1059586048,1769644835160,19:00:35.160,42.349734,-71.0779993,38.456,-32.060508968025346,0.12638168,1769642949766
4043,1059848192,1769644835522,19:00:35.522,42.349734,-71.0779993,38.456,-32.060508968025346,0.12638168,1769642949766
4044,1060110336,1769644835912,19:00:35.912,42.349734,-71.0779993,38.456,-32.060508968025346,0.12638168,1769642949766
4045,1060372480,1769644836397,19:00:36.397,42.349734,-71.0779993,38.456,-32.060508968025346,0.12638168,1769642949766
4046,1060634624,1769644836819,19:00:36.819,42.349734,-71.0779993,38.456,-32.060508968025346,0.12638168,1769642949766
4047,1060896768,1769644837151,19:00:37.151,42.349734,-71.0779993,38.456,-32.060508968025346,0.12638168,1769642949766
4048,1061158912,1769644837501,19:00:37.501,42.349734,-71.0779993,38.456,-32.060508968025346,0.12638168,1769642949766
4049,1061421056,1769644837877,19:00:37.877,42.349734,-71.0779993,38.456,-32.060508968025346,0.12638168,1769642949766
4050,1061683200,1769644838312,19:00:38.312,42.349734,-71.0779993,38.456,-32.060508968025346,0.12638168,1769642949766
4051,1061945344,1769644838629,19:00:38.629,42.349734,-71.0779993,38.456,-32.060508968025346,0.12638168,1769642949766
4052,1062207488,1769644838977,19:00:38.977,42.349734,-71.0779993,38.456,-32.060508968025346,0.12638168,1769642949766
4053,1062469632,1769644839445,19:00:39.445,42.349734,-71.0779993,38.456,-32.060508968025346,0.12638168,1769642949766
4054,1062731776,1769644839938,19:00:39.938,42.349734,-71.0779993,38.456,-32.060508968025346,0.12638168,1769642949766
4055,1062993920,1769644840264,19:00:40.264,42.349734,-71.0779993,38.456,-32.060508968025346,0.12638168,1769642949766
4056,1063256064,1769644840617,19:00:40.617,42.349734,-71.0779993,38.456,-32.060508968025346,0.12638168,1769642949766
4057,1063518208,1769644840966,19:00:40.966,42.349734,-71.0779993,38.456,-32.060508968025346,0.12638168,1769642949766
4058,1063780352,1769644841492,19:00:41.492,42.349734,-71.0779993,38.456,-32.060508968025346,0.12638168,1769642949766
4059,1064042496,1769644841844,19:00:41.844,42.349734,-71.0779993,38.456,-32.060508968025346,0.12638168,1769642949766
4060,1064304640,1769644842267,19:00:42.267,42.349734,-71.0779993,38.456,-32.060508968025346,0.12638168,1769642949766
4061,1064566784,1769644842833,19:00:42.833,42.349734,-71.0779993,38.456,-32.060508968025346,0.12638168,1769642949766
4062,1064828928,1769644843559,19:00:43.559,42.349734,-71.0779993,38.456,-32.060508968025346,0.12638168,1769642949766
4063,1065091072,1769644844127,19:00:44.127,42.349734,-71.0779993,38.456,-32.060508968025346,0.12638168,1769642949766
4064,1065353216,1769644844516,19:00:44.516,42.349734,-71.0779993,38.456,-32.060508968025346,0.12638168,1769642949766
4065,1065615360,1769644844863,19:00:44.863,42.349734,-71.0779993,38.456,-32.060508968025346,0.12638168,1769642949766
4066,1065877504,1769644845389,19:00:45.389,42.349734,-71.0779993,38.456,-32.060508968025346,0.12638168,1769642949766
4067,1066139648,1769644845938,19:00:45.938,42.349734,-71.0779993,38.456,-32.060508968025346,0.12638168,1769642949766
4068,1066401792,1769644846412,19:00:46.412,42.349734,-71.0779993,38.456,-32.060508968025346,0.12638168,1769642949766
4069,1066663936,1769644846856,19:00:46.856,42.349734,-71.0779993,38.456,-32.060508968025346,0.12638168,1769642949766
4070,1066926080,1769644847196,19:00:47.196,42.349734,-71.0779993,38.456,-32.060508968025346,0.12638168,1769642949766
4071,1067188224,1769644847704,19:00:47.704,42.349734,-71.0779993,38.456,-32.060508968025346,0.12638168,1769642949766
4072,1067450368,1769644848128,19:00:48.128,42.349734,-71.0779993,38.456,-32.060508968025346,0.12638168,1769642949766
4073,1067712512,1769644848686,19:00:48.686,42.349734,-71.0779993,38.456,-32.060508968025346,0.12638168,1769642949766
4074,1067974656,1769644849170,19:00:49.170,42.349734,-71.0779993,38.456,-32.060508968025346,0.12638168,1769642949766
4075,1068236800,1769644849487,19:00:49.487,42.349734,-71.0779993,38.456,-32.060508968025346,0.12638168,1769642949766
4076,1068498944,1769644850043,19:00:50.043,42.349734,-71.0779993,38.456,-32.060508968025346,0.12638168,1769642949766
4077,1068761088,1769644850705,19:00:50.705,42.349734,-71.0779993,38.456,-32.060508968025346,0.12638168,1769642949766
4078,1069023232,1769644851134,19:00:51.134,42.349734,-71.0779993,38.456,-32.060508968025346,0.12638168,1769642949766
4079,1069285376,1769644851629,19:00:51.629,42.349734,-71.0779993,38.456,-32.060508968025346,0.12638168,1769642949766
4080,1069547520,1769644852121,19:00:52.121,42.349734,-71.0779993,38.456,-32.060508968025346,0.12638168,1769642949766
4081,1069809664,1769644852834,19:00:52.834,42.349734,-71.0779993,38.456,-32.060508968025346,0.12638168,1769642949766
4082,1070071808,1769644853355,19:00:53.355,42.349734,-71.0779993,38.456,-32.060508968025346,0.12638168,1769642949766
4083,1070333952,1769644853791,19:00:53.791,42.349734,-71.0779993,38.456,-32.060508968025346,0.12638168,1769642949766
4084,1070596096,1769644854765,19:00:54.765,42.349734,-71.0779993,38.456,-32.060508968025346,0.12638168,1769642949766
4085,1070858240,1769644855760,19:00:55.760,42.349734,-71.0779993,38.456,-32.060508968025346,0.12638168,1769642949766
4086,1071120384,1769644857999,19:00:57.999,42.349734,-71.0779993,38.456,-32.060508968025346,0.12638168,1769642949766
4087,1071382528,1769644859904,19:00:59.904,42.349734,-71.0779993,38.456,-32.060508968025346,0.12638168,1769642949766
4088,1071644672,1769644860423,19:01:00.423,42.349734,-71.0779993,38.456,-32.060508968025346,0.12638168,1769642949766
4089,1071906816,1769644860920,19:01:00.920,42.349734,-71.0779993,38.456,-32.060508968025346,0.12638168,1769642949766
4090,1072168960,1769644861331,19:01:01.331,42.349734,-71.0779993,38.456,-32.060508968025346,0.12638168,1769642949766
4091,1072431104,1769644861682,19:01:01.682,42.349734,-71.0779993,38.456,-32.060508968025346,0.12638168,1769642949766
4092,1072693248,1769644862121,19:01:02.121,42.349734,-71.0779993,38.456,-32.060508968025346,0.12638168,1769642949766
4093,1072955392,1769644862476,19:01:02.476,42.349734,-71.0779993,38.456,-32.060508968025346,0.12638168,1769642949766
4094,1073217536,1769644862828,19:01:02.828,42.349734,-71.0779993,38.456,-32.060508968025346,0.12638168,1769642949766
4095,1073479680,1769644863507,19:01:03.507,42.349734,-71.0779993,38.456,-32.060508968025346,0.12638168,1769642949766
4096,1073741824,1769644864518,19:01:04.518,42.349734,-71.0779993,38.456,-32.060508968025346,0.12638168,1769642949766
4097,1074003968,1769644865722,19:01:05.722,42.349734,-71.0779993,38.456,-32.060508968025346,0.12638168,1769642949766
4098,1074266112,1769644866970,19:01:06.970,42.349734,-71.0779993,38.456,-32.060508968025346,0.12638168,1769642949766
4099,1074528256,1769644868357,19:01:08.357,42.349734,-71.0779993,38.456,-32.060508968025346,0.12638168,1769642949766
4100,1074790400,1769644868800,19:01:08.800,42.349734,-71.0779993,38.456,-32.060508968025346,0.12638168,1769642949766
4101,1075052544,1769644869790,19:01:09.790,42.349734,-71.0779993,38.456,-32.060508968025346,0.12638168,1769642949766
4102,1075314688,1769644870817,19:01:10.817,42.349734,-71.0779993,38.456,-32.060508968025346,0.12638168,1769642949766
4103,1075576832,1769644872192,19:01:12.192,42.349734,-71.0779993,38.456,-32.060508968025346,0.12638168,1769642949766
4104,1075838976,1769644873440,19:01:13.440,42.349734,-71.0779993,38.456,-32.060508968025346,0.12638168,1769642949766
4105,1076101120,1769644873903,19:01:13.903,42.349734,-71.0779993,38.456,-32.060508968025346,0.12638168,1769642949766
4106,1076363264,1769644874455,19:01:14.455,42.349734,-71.0779993,38.456,-32.060508968025346,0.12638168,1769642949766
4107,1076625408,1769644875015,19:01:15.015,42.349734,-71.0779993,38.456,-32.060508968025346,0.12638168,1769642949766
4108,1076887552,1769644875570,19:01:15.570,42.349734,-71.0779993,38.456,-32.060508968025346,0.12638168,1769642949766
4109,1077149696,1769644875978,19:01:15.978,42.349734,-71.0779993,38.456,-32.060508968025346,0.12638168,1769642949766
4110,1077411840,1769644876692,19:01:16.692,42.349734,-71.0779993,38.456,-32.060508968025346,0.12638168,1769642949766
4111,1077673984,1769644877293,19:01:17.293,42.349734,-71.0779993,38.456,-32.060508968025346,0.12638168,1769642949766
4112,1077936128,1769644877788,19:01:17.788,42.349734,-71.0779993,38.456,-32.060508968025346,0.12638168,1769642949766
4113,1078198272,1769644878245,19:01:18.245,42.349734,-71.0779993,38.456,-32.060508968025346,0.12638168,1769642949766
4114,1078460416,1769644878677,19:01:18.677,42.349734,-71.0779993,38.456,-32.060508968025346,0.12638168,1769642949766
4115,1078722560,1769644879061,19:01:19.061,42.349734,-71.0779993,38.456,-32.060508968025346,0.12638168,1769642949766
4116,1078984704,1769644879454,19:01:19.454,42.349734,-71.0779993,38.456,-32.060508968025346,0.12638168,1769642949766
4117,1079246848,1769644879850,19:01:19.850,42.349734,-71.0779993,38.456,-32.060508968025346,0.12638168,1769642949766
4118,1079508992,1769644880244,19:01:20.244,42.349734,-71.0779993,38.456,-32.060508968025346,0.12638168,1769642949766
4119,1079771136,1769644880620,19:01:20.620,42.349734,-71.0779993,38.456,-32.060508968025346,0.12638168,1769642949766
4120,1080033280,1769644881093,19:01:21.093,42.349734,-71.0779993,38.456,-32.060508968025346,0.12638168,1769642949766
4121,1080295424,1769644881509,19:01:21.509,42.349734,-71.0779993,38.456,-32.060508968025346,0.12638168,1769642949766
4122,1080557568,1769644881949,19:01:21.949,42.349734,-71.0779993,38.456,-32.060508968025346,0.12638168,1769642949766
4123,1080819712,1769644882349,19:01:22.349,42.349734,-71.0779993,38.456,-32.060508968025346,0.12638168,1769642949766
4124,1081081856,1769644882731,19:01:22.731,42.349734,-71.0779993,38.456,-32.060508968025346,0.12638168,1769642949766
4125,1081344000,1769644883084,19:01:23.084,42.349734,-71.0779993,38.456,-32.060508968025346,0.12638168,1769642949766
4126,1081606144,1769644883582,19:01:23.582,42.349734,-71.0779993,38.456,-32.060508968025346,0.12638168,1769642949766
4127,1081868288,1769644883996,19:01:23.996,42.349734,-71.0779993,38.456,-32.060508968025346,0.12638168,1769642949766
4128,1082130432,1769644884491,19:01:24.491,42.349734,-71.0779993,38.456,-32.060508968025346,0.12638168,1769642949766
4129,1082392576,1769644884934,19:01:24.934,42.349734,-71.0779993,38.456,-32.060508968025346,0.12638168,1769642949766
4130,1082654720,1769644885339,19:01:25.339,42.349734,-71.0779993,38.456,-32.060508968025346,0.12638168,1769642949766
4131,1082916864,1769644885880,19:01:25.880,42.349734,-71.0779993,38.456,-32.060508968025346,0.12638168,1769642949766
4132,1083179008,1769644886346,19:01:26.346,42.349734,-71.0779993,38.456,-32.060508968025346,0.12638168,1769642949766
4133,1083441152,1769644886840,19:01:26.840,42.349734,-71.0779993,38.456,-32.060508968025346,0.12638168,1769642949766
4134,1083703296,1769644887285,19:01:27.285,42.349734,-71.0779993,38.456,-32.060508968025346,0.12638168,1769642949766
4135,1083965440,1769644887811,19:01:27.811,42.349734,-71.0779993,38.456,-32.060508968025346,0.12638168,1769642949766
4136,1084227584,1769644888329,19:01:28.329,42.349734,-71.0779993,38.456,-32.060508968025346,0.12638168,1769642949766
4137,1084489728,1769644888688,19:01:28.688,42.349734,-71.0779993,38.456,-32.060508968025346,0.12638168,1769642949766
4138,1084751872,1769644889040,19:01:29.040,42.349734,-71.0779993,38.456,-32.060508968025346,0.12638168,1769642949766
4139,1085014016,1769644889410,19:01:29.410,42.349734,-71.0779993,38.456,-32.060508968025346,0.12638168,1769642949766
4140,1085276160,1769644889756,19:01:29.756,42.349734,-71.0779993,38.456,-32.060508968025346,0.12638168,1769642949766
4141,1085538304,1769644890105,19:01:30.105,42.349734,-71.0779993,38.456,-32.060508968025346,0.12638168,1769642949766
4142,1085800448,1769644890665,19:01:30.665,42.349734,-71.0779993,38.456,-32.060508968025346,0.12638168,1769642949766
4143,1086062592,1769644891085,19:01:31.085,42.349734,-71.0779993,38.456,-32.060508968025346,0.12638168,1769642949766
4144,1086324736,1769644891537,19:01:31.537,42.349734,-71.0779993,38.456,-32.060508968025346,0.12638168,1769642949766
4145,1086586880,1769644891886,19:01:31.886,42.349734,-71.0779993,38.456,-32.060508968025346,0.12638168,1769642949766
4146,1086849024,1769644892236,19:01:32.236,42.349734,-71.0779993,38.456,-32.060508968025346,0.12638168,1769642949766
4147,1087111168,1769644892656,19:01:32.656,42.349734,-71.0779993,38.456,-32.060508968025346,0.12638168,1769642949766
4148,1087373312,1769644893011,19:01:33.011,42.349734,-71.0779993,38.456,-32.060508968025346,0.12638168,1769642949766
4149,1087635456,1769644893355,19:01:33.355,42.349734,-71.0779993,38.456,-32.060508968025346,0.12638168,1769642949766
4150,1087897600,1769644893708,19:01:33.708,42.349734,-71.0779993,38.456,-32.060508968025346,0.12638168,1769642949766
4151,1088159744,1769644894062,19:01:34.062,42.349734,-71.0779993,38.456,-32.060508968025346,0.12638168,1769642949766
4152,1088421888,1769644894426,19:01:34.426,42.349734,-71.0779993,38.456,-32.060508968025346,0.12638168,1769642949766
4153,1088684032,1769644894799,19:01:34.799,42.349734,-71.0779993,38.456,-32.060508968025346,0.12638168,1769642949766
4154,1088946176,1769644895188,19:01:35.188,42.349734,-71.0779993,38.456,-32.060508968025346,0.12638168,1769642949766
4155,1089208320,1769644895549,19:01:35.549,42.349734,-71.0779993,38.456,-32.060508968025346,0.12638168,1769642949766
4156,1089470464,1769644895886,19:01:35.886,42.349734,-71.0779993,38.456,-32.060508968025346,0.12638168,1769642949766
4157,1089732608,1769644896238,19:01:36.238,42.349734,-71.0779993,38.456,-32.060508968025346,0.12638168,1769642949766
4158,1089994752,1769644896591,19:01:36.591,42.349734,-71.0779993,38.456,-32.060508968025346,0.12638168,1769642949766
4159,1090256896,1769644896986,19:01:36.986,42.349734,-71.0779993,38.456,-32.060508968025346,0.12638168,1769642949766
4160,1090519040,1769644897334,19:01:37.334,42.349734,-71.0779993,38.456,-32.060508968025346,0.12638168,1769642949766
4161,1090781184,1769644897774,19:01:37.774,42.349734,-71.0779993,38.456,-32.060508968025346,0.12638168,1769642949766
4162,1091043328,1769644898445,19:01:38.445,42.349734,-71.0779993,38.456,-32.060508968025346,0.12638168,1769642949766
4163,1091305472,1769644898972,19:01:38.972,42.349734,-71.0779993,38.456,-32.060508968025346,0.12638168,1769642949766
4164,1091567616,1769644899486,19:01:39.486,42.349734,-71.0779993,38.456,-32.060508968025346,0.12638168,1769642949766
4165,1091829760,1769644899850,19:01:39.850,42.349734,-71.0779993,38.456,-32.060508968025346,0.12638168,1769642949766
4166,1092091904,1769644900165,19:01:40.165,42.349734,-71.0779993,38.456,-32.060508968025346,0.12638168,1769642949766
4167,1092354048,1769644900562,19:01:40.562,42.349734,-71.0779993,38.456,-32.060508968025346,0.12638168,1769642949766
4168,1092616192,1769644900934,19:01:40.934,42.349734,-71.0779993,38.456,-32.060508968025346,0.12638168,1769642949766
4169,1092878336,1769644901304,19:01:41.304,42.349734,-71.0779993,38.456,-32.060508968025346,0.12638168,1769642949766
4170,1093140480,1769644901699,19:01:41.699,42.349734,-71.0779993,38.456,-32.060508968025346,0.12638168,1769642949766
4171,1093402624,1769644902050,19:01:42.050,42.349734,-71.0779993,38.456,-32.060508968025346,0.12638168,1769642949766
4172,1093664768,1769644902401,19:01:42.401,42.349734,-71.0779993,38.456,-32.060508968025346,0.12638168,1769642949766
4173,1093926912,1769644902757,19:01:42.757,42.349734,-71.0779993,38.456,-32.060508968025346,0.12638168,1769642949766
4174,1094189056,1769644903116,19:01:43.116,42.349734,-71.0779993,38.456,-32.060508968025346,0.12638168,1769642949766
4175,1094451200,1769644903480,19:01:43.480,42.349734,-71.0779993,38.456,-32.060508968025346,0.12638168,1769642949766
4176,1094713344,1769644903803,19:01:43.803,42.349734,-71.0779993,38.456,-32.060508968025346,0.12638168,1769642949766
4177,1094975488,1769644904152,19:01:44.152,42.349734,-71.0779993,38.456,-32.060508968025346,0.12638168,1769642949766
4178,1095237632,1769644904533,19:01:44.533,42.349734,-71.0779993,38.456,-32.060508968025346,0.12638168,1769642949766
4179,1095499776,1769644905012,19:01:45.012,42.349734,-71.0779993,38.456,-32.060508968025346,0.12638168,1769642949766
4180,1095761920,1769644905360,19:01:45.360,42.349734,-71.0779993,38.456,-32.060508968025346,0.12638168,1769642949766
4181,1096024064,1769644905760,19:01:45.760,42.349734,-71.0779993,38.456,-32.060508968025346,0.12638168,1769642949766
4182,1096286208,1769644906156,19:01:46.156,42.349734,-71.0779993,38.456,-32.060508968025346,0.12638168,1769642949766
4183,1096548352,1769644906500,19:01:46.500,42.349734,-71.0779993,38.456,-32.060508968025346,0.12638168,1769642949766
4184,1096810496,1769644906854,19:01:46.854,42.349734,-71.0779993,38.456,-32.060508968025346,0.12638168,1769642949766
4185,1097072640,1769644907202,19:01:47.202,42.349734,-71.0779993,38.456,-32.060508968025346,0.12638168,1769642949766
4186,1097334784,1769644907591,19:01:47.591,42.349734,-71.0779993,38.456,-32.060508968025346,0.12638168,1769642949766
4187,1097596928,1769644908065,19:01:48.065,42.349734,-71.0779993,38.456,-32.060508968025346,0.12638168,1769642949766
4188,1097859072,1769644908505,19:01:48.505,42.349734,-71.0779993,38.456,-32.060508968025346,0.12638168,1769642949766
4189,1098121216,1769644908920,19:01:48.920,42.349734,-71.0779993,38.456,-32.060508968025346,0.12638168,1769642949766
4190,1098383360,1769644909314,19:01:49.314,42.349734,-71.0779993,38.456,-32.060508968025346,0.12638168,1769642949766
4191,1098645504,1769644909689,19:01:49.689,42.349734,-71.0779993,38.456,-32.060508968025346,0.12638168,1769642949766
4192,1098907648,1769644910038,19:01:50.038,42.349734,-71.0779993,38.456,-32.060508968025346,0.12638168,1769642949766
4193,1099169792,1769644910386,19:01:50.386,42.349734,-71.0779993,38.456,-32.060508968025346,0.12638168,1769642949766
4194,1099431936,1769644910775,19:01:50.775,42.349734,-71.0779993,38.456,-32.060508968025346,0.12638168,1769642949766
4195,1099694080,1769644911124,19:01:51.124,42.349734,-71.0779993,38.456,-32.060508968025346,0.12638168,1769642949766
4196,1099956224,1769644911479,19:01:51.479,42.349734,-71.0779993,38.456,-32.060508968025346,0.12638168,1769642949766
4197,1100218368,1769644911826,19:01:51.826,42.349734,-71.0779993,38.456,-32.060508968025346,0.12638168,1769642949766
4198,1100480512,1769644912252,19:01:52.252,42.349734,-71.0779993,38.456,-32.060508968025346,0.12638168,1769642949766
4199,1100742656,1769644912634,19:01:52.634,42.349734,-71.0779993,38.456,-32.060508968025346,0.12638168,1769642949766
4200,1101004800,1769644913023,19:01:53.023,42.349734,-71.0779993,38.456,-32.060508968025346,0.12638168,1769642949766
4201,1101266944,1769644913410,19:01:53.410,42.349734,-71.0779993,38.456,-32.060508968025346,0.12638168,1769642949766
4202,1101529088,1769644913780,19:01:53.780,42.349734,-71.0779993,38.456,-32.060508968025346,0.12638168,1769642949766
4203,1101791232,1769644914154,19:01:54.154,42.349734,-71.0779993,38.456,-32.060508968025346,0.12638168,1769642949766
4204,1102053376,1769644914518,19:01:54.518,42.349734,-71.0779993,38.456,-32.060508968025346,0.12638168,1769642949766
4205,1102315520,1769644914839,19:01:54.839,42.349734,-71.0779993,38.456,-32.060508968025346,0.12638168,1769642949766
4206,1102577664,1769644915154,19:01:55.154,42.349734,-71.0779993,38.456,-32.060508968025346,0.12638168,1769642949766
4207,1102839808,1769644915546,19:01:55.546,42.349734,-71.0779993,38.456,-32.060508968025346,0.12638168,1769642949766
4208,1103101952,1769644915951,19:01:55.951,42.349734,-71.0779993,38.456,-32.060508968025346,0.12638168,1769642949766
4209,1103364096,1769644916435,19:01:56.435,42.349734,-71.0779993,38.456,-32.060508968025346,0.12638168,1769642949766
4210,1103626240,1769644916892,19:01:56.892,42.349734,-71.0779993,38.456,-32.060508968025346,0.12638168,1769642949766
4211,1103888384,1769644917272,19:01:57.272,42.349734,-71.0779993,38.456,-32.060508968025346,0.12638168,1769642949766
4212,1104150528,1769644917620,19:01:57.620,42.349734,-71.0779993,38.456,-32.060508968025346,0.12638168,1769642949766
4213,1104412672,1769644917973,19:01:57.973,42.349734,-71.0779993,38.456,-32.060508968025346,0.12638168,1769642949766
4214,1104674816,1769644918324,19:01:58.324,42.349734,-71.0779993,38.456,-32.060508968025346,0.12638168,1769642949766
4215,1104936960,1769644918672,19:01:58.672,42.349734,-71.0779993,38.456,-32.060508968025346,0.12638168,1769642949766
4216,1105199104,1769644919025,19:01:59.025,42.349734,-71.0779993,38.456,-32.060508968025346,0.12638168,1769642949766
4217,1105461248,1769644919396,19:01:59.396,42.349734,-71.0779993,38.456,-32.060508968025346,0.12638168,1769642949766
4218,1105723392,1769644919716,19:01:59.716,42.349734,-71.0779993,38.456,-32.060508968025346,0.12638168,1769642949766
4219,1105985536,1769644920061,19:02:00.061,42.349734,-71.0779993,38.456,-32.060508968025346,0.12638168,1769642949766
4220,1106247680,1769644920410,19:02:00.410,42.349734,-71.0779993,38.456,-32.060508968025346,0.12638168,1769642949766
4221,1106509824,1769644920761,19:02:00.761,42.349734,-71.0779993,38.456,-32.060508968025346,0.12638168,1769642949766
4222,1106771968,1769644921112,19:02:01.112,42.349734,-71.0779993,38.456,-32.060508968025346,0.12638168,1769642949766
4223,1107034112,1769644921459,19:02:01.459,42.349734,-71.0779993,38.456,-32.060508968025346,0.12638168,1769642949766
4224,1107296256,1769644921815,19:02:01.815,42.349734,-71.0779993,38.456,-32.060508968025346,0.12638168,1769642949766
4225,1107558400,1769644922165,19:02:02.165,42.349734,-71.0779993,38.456,-32.060508968025346,0.12638168,1769642949766
4226,1107820544,1769644922516,19:02:02.516,42.349734,-71.0779993,38.456,-32.060508968025346,0.12638168,1769642949766
4227,1108082688,1769644922866,19:02:02.866,42.349734,-71.0779993,38.456,-32.060508968025346,0.12638168,1769642949766
4228,1108344832,1769644923248,19:02:03.248,42.349734,-71.0779993,38.456,-32.060508968025346,0.12638168,1769642949766
4229,1108606976,1769644923603,19:02:03.603,42.349734,-71.0779993,38.456,-32.060508968025346,0.12638168,1769642949766
4230,1108869120,1769644923948,19:02:03.948,42.349734,-71.0779993,38.456,-32.060508968025346,0.12638168,1769642949766
4231,1109131264,1769644924299,19:02:04.299,42.349734,-71.0779993,38.456,-32.060508968025346,0.12638168,1769642949766
4232,1109393408,1769644924647,19:02:04.647,42.349734,-71.0779993,38.456,-32.060508968025346,0.12638168,1769642949766
4233,1109655552,1769644924987,19:02:04.987,42.349734,-71.0779993,38.456,-32.060508968025346,0.12638168,1769642949766
4234,1109917696,1769644925578,19:02:05.578,42.349734,-71.0779993,38.456,-32.060508968025346,0.12638168,1769642949766
4235,1110179840,1769644926036,19:02:06.036,42.349734,-71.0779993,38.456,-32.060508968025346,0.12638168,1769642949766
4236,1110441984,1769644926671,19:02:06.671,42.349734,-71.0779993,38.456,-32.060508968025346,0.12638168,1769642949766
4237,1110704128,1769644927448,19:02:07.448,42.349734,-71.0779993,38.456,-32.060508968025346,0.12638168,1769642949766
4238,1110966272,1769644928189,19:02:08.189,42.349734,-71.0779993,38.456,-32.060508968025346,0.12638168,1769642949766
4239,1111228416,1769644928864,19:02:08.864,42.349734,-71.0779993,38.456,-32.060508968025346,0.12638168,1769642949766
4240,1111490560,1769644929785,19:02:09.785,42.349734,-71.0779993,38.456,-32.060508968025346,0.12638168,1769642949766
4241,1111752704,1769644930423,19:02:10.423,42.349734,-71.0779993,38.456,-32.060508968025346,0.12638168,1769642949766
4242,1112014848,1769644930886,19:02:10.886,42.349734,-71.0779993,38.456,-32.060508968025346,0.12638168,1769642949766
4243,1112276992,1769644931692,19:02:11.692,42.349734,-71.0779993,38.456,-32.060508968025346,0.12638168,1769642949766
4244,1112539136,1769644932679,19:02:12.679,42.349734,-71.0779993,38.456,-32.060508968025346,0.12638168,1769642949766
4245,1112801280,1769644933507,19:02:13.507,42.349734,-71.0779993,38.456,-32.060508968025346,0.12638168,1769642949766
4246,1113063424,1769644934228,19:02:14.228,42.349734,-71.0779993,38.456,-32.060508968025346,0.12638168,1769642949766
4247,1113325568,1769644934703,19:02:14.703,42.349734,-71.0779993,38.456,-32.060508968025346,0.12638168,1769642949766
4248,1113587712,1769644935377,19:02:15.377,42.349734,-71.0779993,38.456,-32.060508968025346,0.12638168,1769642949766
4249,1113849856,1769644935894,19:02:15.894,42.349734,-71.0779993,38.456,-32.060508968025346,0.12638168,1769642949766
4250,1114112000,1769644936342,19:02:16.342,42.349734,-71.0779993,38.456,-32.060508968025346,0.12638168,1769642949766
4251,1114374144,1769644936729,19:02:16.729,42.349734,-71.0779993,38.456,-32.060508968025346,0.12638168,1769642949766
4252,1114636288,1769644937205,19:02:17.205,42.349734,-71.0779993,38.456,-32.060508968025346,0.12638168,1769642949766
4253,1114898432,1769644937556,19:02:17.556,42.349734,-71.0779993,38.456,-32.060508968025346,0.12638168,1769642949766
4254,1115160576,1769644937902,19:02:17.902,42.349734,-71.0779993,38.456,-32.060508968025346,0.12638168,1769642949766
4255,1115422720,1769644938374,19:02:18.374,42.349734,-71.0779993,38.456,-32.060508968025346,0.12638168,1769642949766
4256,1115684864,1769644939192,19:02:19.192,42.349734,-71.0779993,38.456,-32.060508968025346,0.12638168,1769642949766
4257,1115947008,1769644939622,19:02:19.622,42.349734,-71.0779993,38.456,-32.060508968025346,0.12638168,1769642949766
4258,1116209152,1769644939954,19:02:19.954,42.349734,-71.0779993,38.456,-32.060508968025346,0.12638168,1769642949766
4259,1116471296,1769644940302,19:02:20.302,42.349734,-71.0779993,38.456,-32.060508968025346,0.12638168,1769642949766
4260,1116733440,1769644940864,19:02:20.864,42.349734,-71.0779993,38.456,-32.060508968025346,0.12638168,1769642949766
4261,1116995584,1769644941457,19:02:21.457,42.349734,-71.0779993,38.456,-32.060508968025346,0.12638168,1769642949766
4262,1117257728,1769644941912,19:02:21.912,42.349734,-71.0779993,38.456,-32.060508968025346,0.12638168,1769642949766
4263,1117519872,1769644942262,19:02:22.262,42.349734,-71.0779993,38.456,-32.060508968025346,0.12638168,1769642949766
4264,1117782016,1769644942617,19:02:22.617,42.349734,-71.0779993,38.456,-32.060508968025346,0.12638168,1769642949766
4265,1118044160,1769644942965,19:02:22.965,42.349734,-71.0779993,38.456,-32.060508968025346,0.12638168,1769642949766
4266,1118306304,1769644943488,19:02:23.488,42.349734,-71.0779993,38.456,-32.060508968025346,0.12638168,1769642949766
4267,1118568448,1769644943970,19:02:23.970,42.349734,-71.0779993,38.456,-32.060508968025346,0.12638168,1769642949766
4268,1118830592,1769644944511,19:02:24.511,42.349734,-71.0779993,38.456,-32.060508968025346,0.12638168,1769642949766
4269,1119092736,1769644945172,19:02:25.172,42.349734,-71.0779993,38.456,-32.060508968025346,0.12638168,1769642949766
4270,1119354880,1769644945558,19:02:25.558,42.349734,-71.0779993,38.456,-32.060508968025346,0.12638168,1769642949766
4271,1119617024,1769644946304,19:02:26.304,42.349734,-71.0779993,38.456,-32.060508968025346,0.12638168,1769642949766
4272,1119879168,1769644946653,19:02:26.653,42.349734,-71.0779993,38.456,-32.060508968025346,0.12638168,1769642949766
4273,1120141312,1769644947255,19:02:27.255,42.349734,-71.0779993,38.456,-32.060508968025346,0.12638168,1769642949766
4274,1120403456,1769644947873,19:02:27.873,42.349734,-71.0779993,38.456,-32.060508968025346,0.12638168,1769642949766
4275,1120665600,1769644948370,19:02:28.370,42.349734,-71.0779993,38.456,-32.060508968025346,0.12638168,1769642949766
4276,1120927744,1769644948737,19:02:28.737,42.349734,-71.0779993,38.456,-32.060508968025346,0.12638168,1769642949766
4277,1121189888,1769644949163,19:02:29.163,42.349734,-71.0779993,38.456,-32.060508968025346,0.12638168,1769642949766
4278,1121452032,1769644949561,19:02:29.561,42.349734,-71.0779993,38.456,-32.060508968025346,0.12638168,1769642949766
4279,1121714176,1769644949965,19:02:29.965,42.349734,-71.0779993,38.456,-32.060508968025346,0.12638168,1769642949766
4280,1121976320,1769644950278,19:02:30.278,42.349734,-71.0779993,38.456,-32.060508968025346,0.12638168,1769642949766
4281,1122238464,1769644950623,19:02:30.623,42.349734,-71.0779993,38.456,-32.060508968025346,0.12638168,1769642949766
4282,1122500608,1769644951000,19:02:31.000,42.349734,-71.0779993,38.456,-32.060508968025346,0.12638168,1769642949766
4283,1122762752,1769644951368,19:02:31.368,42.349734,-71.0779993,38.456,-32.060508968025346,0.12638168,1769642949766
4284,1123024896,1769644951721,19:02:31.721,42.349734,-71.0779993,38.456,-32.060508968025346,0.12638168,1769642949766
4285,1123287040,1769644952070,19:02:32.070,42.349734,-71.0779993,38.456,-32.060508968025346,0.12638168,1769642949766
4286,1123549184,1769644952421,19:02:32.421,42.349734,-71.0779993,38.456,-32.060508968025346,0.12638168,1769642949766
4287,1123811328,1769644952872,19:02:32.872,42.349734,-71.0779993,38.456,-32.060508968025346,0.12638168,1769642949766
4288,1124073472,1769644953408,19:02:33.408,42.349734,-71.0779993,38.456,-32.060508968025346,0.12638168,1769642949766
4289,1124335616,1769644953871,19:02:33.871,42.349734,-71.0779993,38.456,-32.060508968025346,0.12638168,1769642949766
4290,1124597760,1769644954283,19:02:34.283,42.349734,-71.0779993,38.456,-32.060508968025346,0.12638168,1769642949766
4291,1124859904,1769644954857,19:02:34.857,42.349734,-71.0779993,38.456,-32.060508968025346,0.12638168,1769642949766
4292,1125122048,1769644955525,19:02:35.525,42.349734,-71.0779993,38.456,-32.060508968025346,0.12638168,1769642949766
4293,1125384192,1769644955882,19:02:35.882,42.349734,-71.0779993,38.456,-32.060508968025346,0.12638168,1769642949766
4294,1125646336,1769644956264,19:02:36.264,42.349734,-71.0779993,38.456,-32.060508968025346,0.12638168,1769642949766
4295,1125908480,1769644957114,19:02:37.114,42.349734,-71.0779993,38.456,-32.060508968025346,0.12638168,1769642949766
4296,1126170624,1769644957585,19:02:37.585,42.349734,-71.0779993,38.456,-32.060508968025346,0.12638168,1769642949766
4297,1126432768,1769644957988,19:02:37.988,42.349734,-71.0779993,38.456,-32.060508968025346,0.12638168,1769642949766
4298,1126694912,1769644958296,19:02:38.296,42.349734,-71.0779993,38.456,-32.060508968025346,0.12638168,1769642949766
4299,1126957056,1769644958825,19:02:38.825,42.349734,-71.0779993,38.456,-32.060508968025346,0.12638168,1769642949766
4300,1127219200,1769644959323,19:02:39.323,42.349734,-71.0779993,38.456,-32.060508968025346,0.12638168,1769642949766
4301,1127481344,1769644959818,19:02:39.818,42.349734,-71.0779993,38.456,-32.060508968025346,0.12638168,1769642949766
4302,1127743488,1769644960184,19:02:40.184,42.349734,-71.0779993,38.456,-32.060508968025346,0.12638168,1769642949766
4303,1128005632,1769644960720,19:02:40.720,42.349734,-71.0779993,38.456,-32.060508968025346,0.12638168,1769642949766
4304,1128267776,1769644961540,19:02:41.540,42.349734,-71.0779993,38.456,-32.060508968025346,0.12638168,1769642949766
4305,1128529920,1769644962065,19:02:42.065,42.349734,-71.0779993,38.456,-32.060508968025346,0.12638168,1769642949766
4306,1128792064,1769644962418,19:02:42.418,42.349734,-71.0779993,38.456,-32.060508968025346,0.12638168,1769642949766
4307,1129054208,1769644962768,19:02:42.768,42.349734,-71.0779993,38.456,-32.060508968025346,0.12638168,1769642949766
4308,1129316352,1769644963176,19:02:43.176,42.349734,-71.0779993,38.456,-32.060508968025346,0.12638168,1769642949766
4309,1129578496,1769644963623,19:02:43.623,42.349734,-71.0779993,38.456,-32.060508968025346,0.12638168,1769642949766
4310,1129840640,1769644963974,19:02:43.974,42.349734,-71.0779993,38.456,-32.060508968025346,0.12638168,1769642949766
4311,1130102784,1769644964327,19:02:44.327,42.349734,-71.0779993,38.456,-32.060508968025346,0.12638168,1769642949766
4312,1130364928,1769644964668,19:02:44.668,42.349734,-71.0779993,38.456,-32.060508968025346,0.12638168,1769642949766
4313,1130627072,1769644965026,19:02:45.026,42.349734,-71.0779993,38.456,-32.060508968025346,0.12638168,1769642949766
4314,1130889216,1769644965362,19:02:45.362,42.349734,-71.0779993,38.456,-32.060508968025346,0.12638168,1769642949766
4315,1131151360,1769644965705,19:02:45.705,42.349734,-71.0779993,38.456,-32.060508968025346,0.12638168,1769642949766
4316,1131413504,1769644966092,19:02:46.092,42.349734,-71.0779993,38.456,-32.060508968025346,0.12638168,1769642949766
4317,1131675648,1769644966464,19:02:46.464,42.349734,-71.0779993,38.456,-32.060508968025346,0.12638168,1769642949766
4318,1131937792,1769644966848,19:02:46.848,42.349734,-71.0779993,38.456,-32.060508968025346,0.12638168,1769642949766
4319,1132199936,1769644967268,19:02:47.268,42.349734,-71.0779993,38.456,-32.060508968025346,0.12638168,1769642949766
4320,1132462080,1769644967651,19:02:47.651,42.349734,-71.0779993,38.456,-32.060508968025346,0.12638168,1769642949766
4321,1132724224,1769644968109,19:02:48.109,42.349734,-71.0779993,38.456,-32.060508968025346,0.12638168,1769642949766
4322,1132986368,1769644968520,19:02:48.520,42.349734,-71.0779993,38.456,-32.060508968025346,0.12638168,1769642949766
4323,1133248512,1769644968880,19:02:48.880,42.349734,-71.0779993,38.456,-32.060508968025346,0.12638168,1769642949766
4324,1133510656,1769644969240,19:02:49.240,42.349734,-71.0779993,38.456,-32.060508968025346,0.12638168,1769642949766
4325,1133772800,1769644969659,19:02:49.659,42.349734,-71.0779993,38.456,-32.060508968025346,0.12638168,1769642949766
4326,1134034944,1769644970031,19:02:50.031,42.349734,-71.0779993,38.456,-32.060508968025346,0.12638168,1769642949766
4327,1134297088,1769644970473,19:02:50.473,42.349734,-71.0779993,38.456,-32.060508968025346,0.12638168,1769642949766
4328,1134559232,1769644970860,19:02:50.860,42.349734,-71.0779993,38.456,-32.060508968025346,0.12638168,1769642949766
4329,1134821376,1769644971223,19:02:51.223,42.349734,-71.0779993,38.456,-32.060508968025346,0.12638168,1769642949766
4330,1135083520,1769644971573,19:02:51.573,42.349734,-71.0779993,38.456,-32.060508968025346,0.12638168,1769642949766
4331,1135345664,1769644972012,19:02:52.012,42.349734,-71.0779993,38.456,-32.060508968025346,0.12638168,1769642949766
4332,1135607808,1769644972511,19:02:52.511,42.349734,-71.0779993,38.456,-32.060508968025346,0.12638168,1769642949766
4333,1135869952,1769644972991,19:02:52.991,42.349734,-71.0779993,38.456,-32.060508968025346,0.12638168,1769642949766
4334,1136132096,1769644973456,19:02:53.456,42.349734,-71.0779993,38.456,-32.060508968025346,0.12638168,1769642949766
4335,1136394240,1769644973885,19:02:53.885,42.349734,-71.0779993,38.456,-32.060508968025346,0.12638168,1769642949766
4336,1136656384,1769644974277,19:02:54.277,42.349734,-71.0779993,38.456,-32.060508968025346,0.12638168,1769642949766
4337,1136918528,1769644974762,19:02:54.762,42.349734,-71.0779993,38.456,-32.060508968025346,0.12638168,1769642949766
4338,1137180672,1769644975171,19:02:55.171,42.349734,-71.0779993,38.456,-32.060508968025346,0.12638168,1769642949766
4339,1137442816,1769644975489,19:02:55.489,42.349734,-71.0779993,38.456,-32.060508968025346,0.12638168,1769642949766
4340,1137704960,1769644975842,19:02:55.842,42.349734,-71.0779993,38.456,-32.060508968025346,0.12638168,1769642949766
4341,1137967104,1769644976194,19:02:56.194,42.349734,-71.0779993,38.456,-32.060508968025346,0.12638168,1769642949766
4342,1138229248,1769644976544,19:02:56.544,42.349734,-71.0779993,38.456,-32.060508968025346,0.12638168,1769642949766
4343,1138491392,1769644976893,19:02:56.893,42.349734,-71.0779993,38.456,-32.060508968025346,0.12638168,1769642949766
4344,1138753536,1769644977243,19:02:57.243,42.349734,-71.0779993,38.456,-32.060508968025346,0.12638168,1769642949766
4345,1139015680,1769644977594,19:02:57.594,42.349734,-71.0779993,38.456,-32.060508968025346,0.12638168,1769642949766
4346,1139277824,1769644977967,19:02:57.967,42.349734,-71.0779993,38.456,-32.060508968025346,0.12638168,1769642949766
4347,1139539968,1769644978372,19:02:58.372,42.349734,-71.0779993,38.456,-32.060508968025346,0.12638168,1769642949766
4348,1139802112,1769644978732,19:02:58.732,42.349734,-71.0779993,38.456,-32.060508968025346,0.12638168,1769642949766
4349,1140064256,1769644979084,19:02:59.084,42.349734,-71.0779993,38.456,-32.060508968025346,0.12638168,1769642949766
4350,1140326400,1769644979450,19:02:59.450,42.349734,-71.0779993,38.456,-32.060508968025346,0.12638168,1769642949766
4351,1140588544,1769644979772,19:02:59.772,42.349734,-71.0779993,38.456,-32.060508968025346,0.12638168,1769642949766
4352,1140850688,1769644980116,19:03:00.116,42.349734,-71.0779993,38.456,-32.060508968025346,0.12638168,1769642949766
4353,1141112832,1769644980489,19:03:00.489,42.349734,-71.0779993,38.456,-32.060508968025346,0.12638168,1769642949766
4354,1141374976,1769644980917,19:03:00.917,42.349734,-71.0779993,38.456,-32.060508968025346,0.12638168,1769642949766
4355,1141637120,1769644981455,19:03:01.455,42.349734,-71.0779993,38.456,-32.060508968025346,0.12638168,1769642949766
4356,1141899264,1769644982128,19:03:02.128,42.349734,-71.0779993,38.456,-32.060508968025346,0.12638168,1769642949766
4357,1142161408,1769644982744,19:03:02.744,42.349734,-71.0779993,38.456,-32.060508968025346,0.12638168,1769642949766
4358,1142423552,1769644983185,19:03:03.185,42.349734,-71.0779993,38.456,-32.060508968025346,0.12638168,1769642949766
4359,1142685696,1769644983658,19:03:03.658,42.349734,-71.0779993,38.456,-32.060508968025346,0.12638168,1769642949766
4360,1142947840,1769644984157,19:03:04.157,42.349734,-71.0779993,38.456,-32.060508968025346,0.12638168,1769642949766
4361,1143209984,1769644984689,19:03:04.689,42.349734,-71.0779993,38.456,-32.060508968025346,0.12638168,1769642949766
4362,1143472128,1769644985220,19:03:05.220,42.349734,-71.0779993,38.456,-32.060508968025346,0.12638168,1769642949766
4363,1143734272,1769644985801,19:03:05.801,42.349734,-71.0779993,38.456,-32.060508968025346,0.12638168,1769642949766
4364,1143996416,1769644986195,19:03:06.195,42.349734,-71.0779993,38.456,-32.060508968025346,0.12638168,1769642949766
4365,1144258560,1769644986790,19:03:06.790,42.349734,-71.0779993,38.456,-32.060508968025346,0.12638168,1769642949766
4366,1144520704,1769644987444,19:03:07.444,42.349734,-71.0779993,38.456,-32.060508968025346,0.12638168,1769642949766
4367,1144782848,1769644988154,19:03:08.154,42.349734,-71.0779993,38.456,-32.060508968025346,0.12638168,1769642949766
4368,1145044992,1769644988528,19:03:08.528,42.349734,-71.0779993,38.456,-32.060508968025346,0.12638168,1769642949766
4369,1145307136,1769644989009,19:03:09.009,42.349734,-71.0779993,38.456,-32.060508968025346,0.12638168,1769642949766
4370,1145569280,1769644989475,19:03:09.475,42.349734,-71.0779993,38.456,-32.060508968025346,0.12638168,1769642949766
4371,1145831424,1769644989827,19:03:09.827,42.349734,-71.0779993,38.456,-32.060508968025346,0.12638168,1769642949766
4372,1146093568,1769644990181,19:03:10.181,42.349734,-71.0779993,38.456,-32.060508968025346,0.12638168,1769642949766
4373,1146355712,1769644990528,19:03:10.528,42.349734,-71.0779993,38.456,-32.060508968025346,0.12638168,1769642949766
4374,1146617856,1769644990964,19:03:10.964,42.349734,-71.0779993,38.456,-32.060508968025346,0.12638168,1769642949766
4375,1146880000,1769644991541,19:03:11.541,42.349734,-71.0779993,38.456,-32.060508968025346,0.12638168,1769642949766
4376,1147142144,1769644991918,19:03:11.918,42.349734,-71.0779993,38.456,-32.060508968025346,0.12638168,1769642949766
4377,1147404288,1769644992290,19:03:12.290,42.349734,-71.0779993,38.456,-32.060508968025346,0.12638168,1769642949766
4378,1147666432,1769644992643,19:03:12.643,42.349734,-71.0779993,38.456,-32.060508968025346,0.12638168,1769642949766
4379,1147928576,1769644993001,19:03:13.001,42.349734,-71.0779993,38.456,-32.060508968025346,0.12638168,1769642949766
4380,1148190720,1769644993339,19:03:13.339,42.349734,-71.0779993,38.456,-32.060508968025346,0.12638168,1769642949766
4381,1148452864,1769644993693,19:03:13.693,42.349734,-71.0779993,38.456,-32.060508968025346,0.12638168,1769642949766
4382,1148715008,1769644994038,19:03:14.038,42.349734,-71.0779993,38.456,-32.060508968025346,0.12638168,1769642949766
4383,1148977152,1769644994408,19:03:14.408,42.349734,-71.0779993,38.456,-32.060508968025346,0.12638168,1769642949766
4384,1149239296,1769644994758,19:03:14.758,42.349734,-71.0779993,38.456,-32.060508968025346,0.12638168,1769642949766
4385,1149501440,1769644995112,19:03:15.112,42.349734,-71.0779993,38.456,-32.060508968025346,0.12638168,1769642949766
4386,1149763584,1769644995462,19:03:15.462,42.349734,-71.0779993,38.456,-32.060508968025346,0.12638168,1769642949766
4387,1150025728,1769644995814,19:03:15.814,42.349734,-71.0779993,38.456,-32.060508968025346,0.12638168,1769642949766
4388,1150287872,1769644996160,19:03:16.160,42.349734,-71.0779993,38.456,-32.060508968025346,0.12638168,1769642949766
4389,1150550016,1769644996512,19:03:16.512,42.349734,-71.0779993,38.456,-32.060508968025346,0.12638168,1769642949766
4390,1150812160,1769644996864,19:03:16.864,42.349734,-71.0779993,38.456,-32.060508968025346,0.12638168,1769642949766
4391,1151074304,1769644997211,19:03:17.211,42.349734,-71.0779993,38.456,-32.060508968025346,0.12638168,1769642949766
4392,1151336448,1769644997560,19:03:17.560,42.349734,-71.0779993,38.456,-32.060508968025346,0.12638168,1769642949766
4393,1151598592,1769644997917,19:03:17.917,42.349734,-71.0779993,38.456,-32.060508968025346,0.12638168,1769642949766
4394,1151860736,1769644998266,19:03:18.266,42.349734,-71.0779993,38.456,-32.060508968025346,0.12638168,1769642949766
4395,1152122880,1769644998816,19:03:18.816,42.349734,-71.0779993,38.456,-32.060508968025346,0.12638168,1769642949766
4396,1152385024,1769644999192,19:03:19.192,42.349734,-71.0779993,38.456,-32.060508968025346,0.12638168,1769642949766
4397,1152647168,1769644999595,19:03:19.595,42.349734,-71.0779993,38.456,-32.060508968025346,0.12638168,1769642949766
4398,1152909312,1769645000011,19:03:20.011,42.349734,-71.0779993,38.456,-32.060508968025346,0.12638168,1769642949766
4399,1153171456,1769645000393,19:03:20.393,42.349734,-71.0779993,38.456,-32.060508968025346,0.12638168,1769642949766
4400,1153433600,1769645000750,19:03:20.750,42.349734,-71.0779993,38.456,-32.060508968025346,0.12638168,1769642949766
4401,1153695744,1769645001099,19:03:21.099,42.349734,-71.0779993,38.456,-32.060508968025346,0.12638168,1769642949766
4402,1153957888,1769645001450,19:03:21.450,42.349734,-71.0779993,38.456,-32.060508968025346,0.12638168,1769642949766
4403,1154220032,1769645001801,19:03:21.801,42.349734,-71.0779993,38.456,-32.060508968025346,0.12638168,1769642949766
4404,1154482176,1769645002255,19:03:22.255,42.349734,-71.0779993,38.456,-32.060508968025346,0.12638168,1769642949766
4405,1154744320,1769645002722,19:03:22.722,42.349734,-71.0779993,38.456,-32.060508968025346,0.12638168,1769642949766
4406,1155006464,1769645003140,19:03:23.140,42.349734,-71.0779993,38.456,-32.060508968025346,0.12638168,1769642949766
4407,1155268608,1769645003487,19:03:23.487,42.349734,-71.0779993,38.456,-32.060508968025346,0.12638168,1769642949766
4408,1155530752,1769645003851,19:03:23.851,42.349734,-71.0779993,38.456,-32.060508968025346,0.12638168,1769642949766
4409,1155792896,1769645004214,19:03:24.214,42.349734,-71.0779993,38.456,-32.060508968025346,0.12638168,1769642949766
4410,1156055040,1769645004579,19:03:24.579,42.349734,-71.0779993,38.456,-32.060508968025346,0.12638168,1769642949766
4411,1156317184,1769645004945,19:03:24.945,42.349734,-71.0779993,38.456,-32.060508968025346,0.12638168,1769642949766
4412,1156579328,1769645005348,19:03:25.348,42.349734,-71.0779993,38.456,-32.060508968025346,0.12638168,1769642949766
4413,1156841472,1769645005703,19:03:25.703,42.349734,-71.0779993,38.456,-32.060508968025346,0.12638168,1769642949766
4414,1157103616,1769645006012,19:03:26.012,42.349734,-71.0779993,38.456,-32.060508968025346,0.12638168,1769642949766
4415,1157365760,1769645006330,19:03:26.330,42.349734,-71.0779993,38.456,-32.060508968025346,0.12638168,1769642949766
4416,1157627904,1769645006680,19:03:26.680,42.349734,-71.0779993,38.456,-32.060508968025346,0.12638168,1769642949766
4417,1157890048,1769645007025,19:03:27.025,42.349734,-71.0779993,38.456,-32.060508968025346,0.12638168,1769642949766
4418,1158152192,1769645007380,19:03:27.380,42.349734,-71.0779993,38.456,-32.060508968025346,0.12638168,1769642949766
4419,1158414336,1769645007855,19:03:27.855,42.349734,-71.0779993,38.456,-32.060508968025346,0.12638168,1769642949766
4420,1158676480,1769645008206,19:03:28.206,42.349734,-71.0779993,38.456,-32.060508968025346,0.12638168,1769642949766
4421,1158938624,1769645008789,19:03:28.789,42.349734,-71.0779993,38.456,-32.060508968025346,0.12638168,1769642949766
4422,1159200768,1769645009322,19:03:29.322,42.349734,-71.0779993,38.456,-32.060508968025346,0.12638168,1769642949766
4423,1159462912,1769645009782,19:03:29.782,42.349734,-71.0779993,38.456,-32.060508968025346,0.12638168,1769642949766
4424,1159725056,1769645010219,19:03:30.219,42.349734,-71.0779993,38.456,-32.060508968025346,0.12638168,1769642949766
4425,1159987200,1769645010736,19:03:30.736,42.349734,-71.0779993,38.456,-32.060508968025346,0.12638168,1769642949766
4426,1160249344,1769645011184,19:03:31.184,42.349734,-71.0779993,38.456,-32.060508968025346,0.12638168,1769642949766
4427,1160511488,1769645011784,19:03:31.784,42.349734,-71.0779993,38.456,-32.060508968025346,0.12638168,1769642949766
4428,1160773632,1769645012574,19:03:32.574,42.349734,-71.0779993,38.456,-32.060508968025346,0.12638168,1769642949766
4429,1161035776,1769645013238,19:03:33.238,42.349734,-71.0779993,38.456,-32.060508968025346,0.12638168,1769642949766
4430,1161297920,1769645013969,19:03:33.969,42.349734,-71.0779993,38.456,-32.060508968025346,0.12638168,1769642949766
4431,1161560064,1769645014611,19:03:34.611,42.349734,-71.0779993,38.456,-32.060508968025346,0.12638168,1769642949766
4432,1161822208,1769645015019,19:03:35.019,42.349734,-71.0779993,38.456,-32.060508968025346,0.12638168,1769642949766
4433,1162084352,1769645015319,19:03:35.319,42.349734,-71.0779993,38.456,-32.060508968025346,0.12638168,1769642949766
4434,1162346496,1769645015661,19:03:35.661,42.349734,-71.0779993,38.456,-32.060508968025346,0.12638168,1769642949766
4435,1162608640,1769645016010,19:03:36.010,42.349734,-71.0779993,38.456,-32.060508968025346,0.12638168,1769642949766
4436,1162870784,1769645016361,19:03:36.361,42.349734,-71.0779993,38.456,-32.060508968025346,0.12638168,1769642949766
4437,1163132928,1769645016709,19:03:36.709,42.349734,-71.0779993,38.456,-32.060508968025346,0.12638168,1769642949766
4438,1163395072,1769645017060,19:03:37.060,42.349734,-71.0779993,38.456,-32.060508968025346,0.12638168,1769642949766
4439,1163657216,1769645017445,19:03:37.445,42.349734,-71.0779993,38.456,-32.060508968025346,0.12638168,1769642949766
4440,1163919360,1769645017812,19:03:37.812,42.349734,-71.0779993,38.456,-32.060508968025346,0.12638168,1769642949766
4441,1164181504,1769645018167,19:03:38.167,42.349734,-71.0779993,38.456,-32.060508968025346,0.12638168,1769642949766
4442,1164443648,1769645018512,19:03:38.512,42.349734,-71.0779993,38.456,-32.060508968025346,0.12638168,1769642949766
4443,1164705792,1769645018860,19:03:38.860,42.349734,-71.0779993,38.456,-32.060508968025346,0.12638168,1769642949766
4444,1164967936,1769645019212,19:03:39.212,42.349734,-71.0779993,38.456,-32.060508968025346,0.12638168,1769642949766
4445,1165230080,1769645019576,19:03:39.576,42.349734,-71.0779993,38.456,-32.060508968025346,0.12638168,1769642949766
4446,1165492224,1769645019896,19:03:39.896,42.349734,-71.0779993,38.456,-32.060508968025346,0.12638168,1769642949766
4447,1165754368,1769645020235,19:03:40.235,42.349734,-71.0779993,38.456,-32.060508968025346,0.12638168,1769642949766
4448,1166016512,1769645020668,19:03:40.668,42.349734,-71.0779993,38.456,-32.060508968025346,0.12638168,1769642949766
4449,1166278656,1769645021065,19:03:41.065,42.349734,-71.0779993,38.456,-32.060508968025346,0.12638168,1769642949766
4450,1166540800,1769645021380,19:03:41.380,42.349734,-71.0779993,38.456,-32.060508968025346,0.12638168,1769642949766
4451,1166802944,1769645021746,19:03:41.746,42.349734,-71.0779993,38.456,-32.060508968025346,0.12638168,1769642949766
4452,1167065088,1769645022149,19:03:42.149,42.349734,-71.0779993,38.456,-32.060508968025346,0.12638168,1769642949766
4453,1167327232,1769645022473,19:03:42.473,42.349734,-71.0779993,38.456,-32.060508968025346,0.12638168,1769642949766
4454,1167589376,1769645022785,19:03:42.785,42.349734,-71.0779993,38.456,-32.060508968025346,0.12638168,1769642949766
4455,1167851520,1769645023138,19:03:43.138,42.349734,-71.0779993,38.456,-32.060508968025346,0.12638168,1769642949766
4456,1168113664,1769645023488,19:03:43.488,42.349734,-71.0779993,38.456,-32.060508968025346,0.12638168,1769642949766
4457,1168375808,1769645023839,19:03:43.839,42.349734,-71.0779993,38.456,-32.060508968025346,0.12638168,1769642949766
4458,1168637952,1769645024252,19:03:44.252,42.349734,-71.0779993,38.456,-32.060508968025346,0.12638168,1769642949766
4459,1168900096,1769645024609,19:03:44.609,42.349734,-71.0779993,38.456,-32.060508968025346,0.12638168,1769642949766
4460,1169162240,1769645024948,19:03:44.948,42.349734,-71.0779993,38.456,-32.060508968025346,0.12638168,1769642949766
4461,1169424384,1769645025299,19:03:45.299,42.349734,-71.0779993,38.456,-32.060508968025346,0.12638168,1769642949766
4462,1169686528,1769645025726,19:03:45.726,42.349734,-71.0779993,38.456,-32.060508968025346,0.12638168,1769642949766
4463,1169948672,1769645026163,19:03:46.163,42.349734,-71.0779993,38.456,-32.060508968025346,0.12638168,1769642949766
4464,1170210816,1769645026519,19:03:46.519,42.349734,-71.0779993,38.456,-32.060508968025346,0.12638168,1769642949766
4465,1170472960,1769645026904,19:03:46.904,42.349734,-71.0779993,38.456,-32.060508968025346,0.12638168,1769642949766
4466,1170735104,1769645027334,19:03:47.334,42.349734,-71.0779993,38.456,-32.060508968025346,0.12638168,1769642949766
4467,1170997248,1769645027710,19:03:47.710,42.349734,-71.0779993,38.456,-32.060508968025346,0.12638168,1769642949766
4468,1171259392,1769645028084,19:03:48.084,42.349734,-71.0779993,38.456,-32.060508968025346,0.12638168,1769642949766
4469,1171521536,1769645028446,19:03:48.446,42.349734,-71.0779993,38.456,-32.060508968025346,0.12638168,1769642949766
4470,1171783680,1769645028795,19:03:48.795,42.349734,-71.0779993,38.456,-32.060508968025346,0.12638168,1769642949766
4471,1172045824,1769645029148,19:03:49.148,42.349734,-71.0779993,38.456,-32.060508968025346,0.12638168,1769642949766
4472,1172307968,1769645029511,19:03:49.511,42.349734,-71.0779993,38.456,-32.060508968025346,0.12638168,1769642949766
4473,1172570112,1769645029856,19:03:49.856,42.349734,-71.0779993,38.456,-32.060508968025346,0.12638168,1769642949766
4474,1172832256,1769645030231,19:03:50.231,42.349734,-71.0779993,38.456,-32.060508968025346,0.12638168,1769642949766
4475,1173094400,1769645031012,19:03:51.012,42.349734,-71.0779993,38.456,-32.060508968025346,0.12638168,1769642949766
4476,1173356544,1769645031803,19:03:51.803,42.349734,-71.0779993,38.456,-32.060508968025346,0.12638168,1769642949766
4477,1173618688,1769645032466,19:03:52.466,42.349734,-71.0779993,38.456,-32.060508968025346,0.12638168,1769642949766
4478,1173880832,1769645033075,19:03:53.075,42.349734,-71.0779993,38.456,-32.060508968025346,0.12638168,1769642949766
4479,1174142976,1769645033806,19:03:53.806,42.349734,-71.0779993,38.456,-32.060508968025346,0.12638168,1769642949766
4480,1174405120,1769645034583,19:03:54.583,42.349734,-71.0779993,38.456,-32.060508968025346,0.12638168,1769642949766
4481,1174667264,1769645035125,19:03:55.125,42.349734,-71.0779993,38.456,-32.060508968025346,0.12638168,1769642949766
4482,1174929408,1769645035708,19:03:55.708,42.349734,-71.0779993,38.456,-32.060508968025346,0.12638168,1769642949766
4483,1175191552,1769645036485,19:03:56.485,42.349734,-71.0779993,38.456,-32.060508968025346,0.12638168,1769642949766
4484,1175453696,1769645037183,19:03:57.183,42.349734,-71.0779993,38.456,-32.060508968025346,0.12638168,1769642949766
4485,1175715840,1769645037553,19:03:57.553,42.349734,-71.0779993,38.456,-32.060508968025346,0.12638168,1769642949766
4486,1175977984,1769645038008,19:03:58.008,42.349734,-71.0779993,38.456,-32.060508968025346,0.12638168,1769642949766
4487,1176240128,1769645038544,19:03:58.544,42.349734,-71.0779993,38.456,-32.060508968025346,0.12638168,1769642949766
4488,1176502272,1769645038908,19:03:58.908,42.349734,-71.0779993,38.456,-32.060508968025346,0.12638168,1769642949766
4489,1176764416,1769645039254,19:03:59.254,42.349734,-71.0779993,38.456,-32.060508968025346,0.12638168,1769642949766
4490,1177026560,1769645039710,19:03:59.710,42.349734,-71.0779993,38.456,-32.060508968025346,0.12638168,1769642949766
4491,1177288704,1769645040105,19:04:00.105,42.349734,-71.0779993,38.456,-32.060508968025346,0.12638168,1769642949766
4492,1177550848,1769645040425,19:04:00.425,42.349734,-71.0779993,38.456,-32.060508968025346,0.12638168,1769642949766
4493,1177812992,1769645040790,19:04:00.790,42.349734,-71.0779993,38.456,-32.060508968025346,0.12638168,1769642949766
4494,1178075136,1769645041198,19:04:01.198,42.349734,-71.0779993,38.456,-32.060508968025346,0.12638168,1769642949766
4495,1178337280,1769645041609,19:04:01.609,42.349734,-71.0779993,38.456,-32.060508968025346,0.12638168,1769642949766
4496,1178599424,1769645041932,19:04:01.932,42.349734,-71.0779993,38.456,-32.060508968025346,0.12638168,1769642949766
4497,1178861568,1769645042236,19:04:02.236,42.349734,-71.0779993,38.456,-32.060508968025346,0.12638168,1769642949766
4498,1179123712,1769645042590,19:04:02.590,42.349734,-71.0779993,38.456,-32.060508968025346,0.12638168,1769642949766
4499,1179385856,1769645042951,19:04:02.951,42.349734,-71.0779993,38.456,-32.060508968025346,0.12638168,1769642949766
4500,1179648000,1769645043303,19:04:03.303,42.349734,-71.0779993,38.456,-32.060508968025346,0.12638168,1769642949766
4501,1179910144,1769645043670,19:04:03.670,42.349734,-71.0779993,38.456,-32.060508968025346,0.12638168,1769642949766
4502,1180172288,1769645044083,19:04:04.083,42.349734,-71.0779993,38.456,-32.060508968025346,0.12638168,1769642949766
4503,1180434432,1769645044520,19:04:04.520,42.349734,-71.0779993,38.456,-32.060508968025346,0.12638168,1769642949766
4504,1180696576,1769645045053,19:04:05.053,42.349734,-71.0779993,38.456,-32.060508968025346,0.12638168,1769642949766
4505,1180958720,1769645045453,19:04:05.453,42.349734,-71.0779993,38.456,-32.060508968025346,0.12638168,1769642949766
4506,1181220864,1769645045858,19:04:05.858,42.349734,-71.0779993,38.456,-32.060508968025346,0.12638168,1769642949766
4507,1181483008,1769645046244,19:04:06.244,42.349734,-71.0779993,38.456,-32.060508968025346,0.12638168,1769642949766
4508,1181745152,1769645046594,19:04:06.594,42.349734,-71.0779993,38.456,-32.060508968025346,0.12638168,1769642949766
4509,1182007296,1769645046944,19:04:06.944,42.349734,-71.0779993,38.456,-32.060508968025346,0.12638168,1769642949766
4510,1182269440,1769645047297,19:04:07.297,42.349734,-71.0779993,38.456,-32.060508968025346,0.12638168,1769642949766
4511,1182531584,1769645047652,19:04:07.652,42.349734,-71.0779993,38.456,-32.060508968025346,0.12638168,1769642949766
4512,1182793728,1769645048006,19:04:08.006,42.349734,-71.0779993,38.456,-32.060508968025346,0.12638168,1769642949766
4513,1183055872,1769645048360,19:04:08.360,42.349734,-71.0779993,38.456,-32.060508968025346,0.12638168,1769642949766
4514,1183318016,1769645048748,19:04:08.748,42.349734,-71.0779993,38.456,-32.060508968025346,0.12638168,1769642949766
4515,1183580160,1769645049155,19:04:09.155,42.349734,-71.0779993,38.456,-32.060508968025346,0.12638168,1769642949766
4516,1183842304,1769645049583,19:04:09.583,42.349734,-71.0779993,38.456,-32.060508968025346,0.12638168,1769642949766
4517,1184104448,1769645049942,19:04:09.942,42.349734,-71.0779993,38.456,-32.060508968025346,0.12638168,1769642949766
4518,1184366592,1769645050332,19:04:10.332,42.349734,-71.0779993,38.456,-32.060508968025346,0.12638168,1769642949766
4519,1184628736,1769645050696,19:04:10.696,42.349734,-71.0779993,38.456,-32.060508968025346,0.12638168,1769642949766
4520,1184890880,1769645051068,19:04:11.068,42.349734,-71.0779993,38.456,-32.060508968025346,0.12638168,1769642949766
4521,1185153024,1769645051397,19:04:11.397,42.349734,-71.0779993,38.456,-32.060508968025346,0.12638168,1769642949766
4522,1185415168,1769645051747,19:04:11.747,42.349734,-71.0779993,38.456,-32.060508968025346,0.12638168,1769642949766
4523,1185677312,1769645052096,19:04:12.096,42.349734,-71.0779993,38.456,-32.060508968025346,0.12638168,1769642949766
4524,1185939456,1769645052451,19:04:12.451,42.349734,-71.0779993,38.456,-32.060508968025346,0.12638168,1769642949766
4525,1186201600,1769645053024,19:04:13.024,42.349734,-71.0779993,38.456,-32.060508968025346,0.12638168,1769642949766
4526,1186463744,1769645053509,19:04:13.509,42.349734,-71.0779993,38.456,-32.060508968025346,0.12638168,1769642949766
4527,1186725888,1769645053993,19:04:13.993,42.349734,-71.0779993,38.456,-32.060508968025346,0.12638168,1769642949766
4528,1186988032,1769645054564,19:04:14.564,42.349734,-71.0779993,38.456,-32.060508968025346,0.12638168,1769642949766
4529,1187250176,1769645055072,19:04:15.072,42.349734,-71.0779993,38.456,-32.060508968025346,0.12638168,1769642949766
4530,1187512320,1769645055431,19:04:15.431,42.349734,-71.0779993,38.456,-32.060508968025346,0.12638168,1769642949766
4531,1187774464,1769645056059,19:04:16.059,42.349734,-71.0779993,38.456,-32.060508968025346,0.12638168,1769642949766
4532,1188036608,1769645056593,19:04:16.593,42.349734,-71.0779993,38.456,-32.060508968025346,0.12638168,1769642949766
4533,1188298752,1769645057025,19:04:17.025,42.349734,-71.0779993,38.456,-32.060508968025346,0.12638168,1769642949766
4534,1188560896,1769645057676,19:04:17.676,42.349734,-71.0779993,38.456,-32.060508968025346,0.12638168,1769642949766
4535,1188823040,1769645058118,19:04:18.118,42.349734,-71.0779993,38.456,-32.060508968025346,0.12638168,1769642949766
4536,1189085184,1769645058756,19:04:18.756,42.349734,-71.0779993,38.456,-32.060508968025346,0.12638168,1769642949766
4537,1189347328,1769645059369,19:04:19.369,42.349734,-71.0779993,38.456,-32.060508968025346,0.12638168,1769642949766
4538,1189609472,1769645059904,19:04:19.904,42.349734,-71.0779993,38.456,-32.060508968025346,0.12638168,1769642949766
4539,1189871616,1769645060350,19:04:20.350,42.349734,-71.0779993,38.456,-32.060508968025346,0.12638168,1769642949766
4540,1190133760,1769645060827,19:04:20.827,42.349734,-71.0779993,38.456,-32.060508968025346,0.12638168,1769642949766
4541,1190395904,1769645061469,19:04:21.469,42.349734,-71.0779993,38.456,-32.060508968025346,0.12638168,1769642949766
4542,1190658048,1769645061901,19:04:21.901,42.349734,-71.0779993,38.456,-32.060508968025346,0.12638168,1769642949766
4543,1190920192,1769645062259,19:04:22.259,42.349734,-71.0779993,38.456,-32.060508968025346,0.12638168,1769642949766
4544,1191182336,1769645062933,19:04:22.933,42.349734,-71.0779993,38.456,-32.060508968025346,0.12638168,1769642949766
4545,1191444480,1769645063890,19:04:23.890,42.349734,-71.0779993,38.456,-32.060508968025346,0.12638168,1769642949766
4546,1191706624,1769645064480,19:04:24.480,42.349734,-71.0779993,38.456,-32.060508968025346,0.12638168,1769642949766
4547,1191968768,1769645064933,19:04:24.933,42.349734,-71.0779993,38.456,-32.060508968025346,0.12638168,1769642949766
4548,1192230912,1769645065390,19:04:25.390,42.349734,-71.0779993,38.456,-32.060508968025346,0.12638168,1769642949766
4549,1192493056,1769645065754,19:04:25.754,42.349734,-71.0779993,38.456,-32.060508968025346,0.12638168,1769642949766
4550,1192755200,1769645066105,19:04:26.105,42.349734,-71.0779993,38.456,-32.060508968025346,0.12638168,1769642949766
4551,1193017344,1769645066452,19:04:26.452,42.349734,-71.0779993,38.456,-32.060508968025346,0.12638168,1769642949766
4552,1193279488,1769645066822,19:04:26.822,42.349734,-71.0779993,38.456,-32.060508968025346,0.12638168,1769642949766
4553,1193541632,1769645067206,19:04:27.206,42.349734,-71.0779993,38.456,-32.060508968025346,0.12638168,1769642949766
4554,1193803776,1769645067691,19:04:27.691,42.349734,-71.0779993,38.456,-32.060508968025346,0.12638168,1769642949766
4555,1194065920,1769645068056,19:04:28.056,42.349734,-71.0779993,38.456,-32.060508968025346,0.12638168,1769642949766
4556,1194328064,1769645068406,19:04:28.406,42.349734,-71.0779993,38.456,-32.060508968025346,0.12638168,1769642949766
4557,1194590208,1769645068760,19:04:28.760,42.349734,-71.0779993,38.456,-32.060508968025346,0.12638168,1769642949766
4558,1194852352,1769645069113,19:04:29.113,42.349734,-71.0779993,38.456,-32.060508968025346,0.12638168,1769642949766
4559,1195114496,1769645069504,19:04:29.504,42.349734,-71.0779993,38.456,-32.060508968025346,0.12638168,1769642949766
4560,1195376640,1769645069888,19:04:29.888,42.349734,-71.0779993,38.456,-32.060508968025346,0.12638168,1769642949766
4561,1195638784,1769645070251,19:04:30.251,42.349734,-71.0779993,38.456,-32.060508968025346,0.12638168,1769642949766
4562,1195900928,1769645070631,19:04:30.631,42.349734,-71.0779993,38.456,-32.060508968025346,0.12638168,1769642949766
4563,1196163072,1769645071053,19:04:31.053,42.349734,-71.0779993,38.456,-32.060508968025346,0.12638168,1769642949766
4564,1196425216,1769645071473,19:04:31.473,42.349734,-71.0779993,38.456,-32.060508968025346,0.12638168,1769642949766
4565,1196687360,1769645071841,19:04:31.841,42.349734,-71.0779993,38.456,-32.060508968025346,0.12638168,1769642949766
4566,1196949504,1769645072262,19:04:32.262,42.349734,-71.0779993,38.456,-32.060508968025346,0.12638168,1769642949766
4567,1197211648,1769645072655,19:04:32.655,42.349734,-71.0779993,38.456,-32.060508968025346,0.12638168,1769642949766
4568,1197473792,1769645073016,19:04:33.016,42.349734,-71.0779993,38.456,-32.060508968025346,0.12638168,1769642949766
4569,1197735936,1769645073438,19:04:33.438,42.349734,-71.0779993,38.456,-32.060508968025346,0.12638168,1769642949766
4570,1197998080,1769645073832,19:04:33.832,42.349734,-71.0779993,38.456,-32.060508968025346,0.12638168,1769642949766
4571,1198260224,1769645074240,19:04:34.240,42.349734,-71.0779993,38.456,-32.060508968025346,0.12638168,1769642949766
4572,1198522368,1769645074569,19:04:34.569,42.349734,-71.0779993,38.456,-32.060508968025346,0.12638168,1769642949766
4573,1198784512,1769645074883,19:04:34.883,42.349734,-71.0779993,38.456,-32.060508968025346,0.12638168,1769642949766
4574,1199046656,1769645075202,19:04:35.202,42.349734,-71.0779993,38.456,-32.060508968025346,0.12638168,1769642949766
4575,1199308800,1769645075552,19:04:35.552,42.349734,-71.0779993,38.456,-32.060508968025346,0.12638168,1769642949766
4576,1199570944,1769645075988,19:04:35.988,42.349734,-71.0779993,38.456,-32.060508968025346,0.12638168,1769642949766
4577,1199833088,1769645076357,19:04:36.357,42.349734,-71.0779993,38.456,-32.060508968025346,0.12638168,1769642949766
4578,1200095232,1769645076701,19:04:36.701,42.349734,-71.0779993,38.456,-32.060508968025346,0.12638168,1769642949766
4579,1200357376,1769645077109,19:04:37.109,42.349734,-71.0779993,38.456,-32.060508968025346,0.12638168,1769642949766
4580,1200619520,1769645077568,19:04:37.568,42.349734,-71.0779993,38.456,-32.060508968025346,0.12638168,1769642949766
4581,1200881664,1769645077967,19:04:37.967,42.349734,-71.0779993,38.456,-32.060508968025346,0.12638168,1769642949766
4582,1201143808,1769645078338,19:04:38.338,42.349734,-71.0779993,38.456,-32.060508968025346,0.12638168,1769642949766
4583,1201405952,1769645078691,19:04:38.691,42.349734,-71.0779993,38.456,-32.060508968025346,0.12638168,1769642949766
4584,1201668096,1769645079041,19:04:39.041,42.349734,-71.0779993,38.456,-32.060508968025346,0.12638168,1769642949766
4585,1201930240,1769645079403,19:04:39.403,42.349734,-71.0779993,38.456,-32.060508968025346,0.12638168,1769642949766
4586,1202192384,1769645079839,19:04:39.839,42.349734,-71.0779993,38.456,-32.060508968025346,0.12638168,1769642949766
4587,1202454528,1769645080216,19:04:40.216,42.349734,-71.0779993,38.456,-32.060508968025346,0.12638168,1769642949766
4588,1202716672,1769645080569,19:04:40.569,42.349734,-71.0779993,38.456,-32.060508968025346,0.12638168,1769642949766
4589,1202978816,1769645080918,19:04:40.918,42.349734,-71.0779993,38.456,-32.060508968025346,0.12638168,1769642949766
4590,1203240960,1769645081272,19:04:41.272,42.349734,-71.0779993,38.456,-32.060508968025346,0.12638168,1769642949766
4591,1203503104,1769645081618,19:04:41.618,42.349734,-71.0779993,38.456,-32.060508968025346,0.12638168,1769642949766
4592,1203765248,1769645081971,19:04:41.971,42.349734,-71.0779993,38.456,-32.060508968025346,0.12638168,1769642949766
4593,1204027392,1769645082325,19:04:42.325,42.349734,-71.0779993,38.456,-32.060508968025346,0.12638168,1769642949766
4594,1204289536,1769645082707,19:04:42.707,42.349734,-71.0779993,38.456,-32.060508968025346,0.12638168,1769642949766
4595,1204551680,1769645083053,19:04:43.053,42.349734,-71.0779993,38.456,-32.060508968025346,0.12638168,1769642949766
4596,1204813824,1769645083406,19:04:43.406,42.349734,-71.0779993,38.456,-32.060508968025346,0.12638168,1769642949766
4597,1205075968,1769645083756,19:04:43.756,42.349734,-71.0779993,38.456,-32.060508968025346,0.12638168,1769642949766
4598,1205338112,1769645084107,19:04:44.107,42.349734,-71.0779993,38.456,-32.060508968025346,0.12638168,1769642949766
4599,1205600256,1769645084479,19:04:44.479,42.349734,-71.0779993,38.456,-32.060508968025346,0.12638168,1769642949766
4600,1205862400,1769645084823,19:04:44.823,42.349734,-71.0779993,38.456,-32.060508968025346,0.12638168,1769642949766
4601,1206124544,1769645085266,19:04:45.266,42.349734,-71.0779993,38.456,-32.060508968025346,0.12638168,1769642949766
4602,1206386688,1769645085766,19:04:45.766,42.349734,-71.0779993,38.456,-32.060508968025346,0.12638168,1769642949766
4603,1206648832,1769645086276,19:04:46.276,42.349734,-71.0779993,38.456,-32.060508968025346,0.12638168,1769642949766
4604,1206910976,1769645086768,19:04:46.768,42.349734,-71.0779993,38.456,-32.060508968025346,0.12638168,1769642949766
4605,1207173120,1769645087132,19:04:47.132,42.349734,-71.0779993,38.456,-32.060508968025346,0.12638168,1769642949766
4606,1207435264,1769645087484,19:04:47.484,42.349734,-71.0779993,38.456,-32.060508968025346,0.12638168,1769642949766
4607,1207697408,1769645087832,19:04:47.832,42.349734,-71.0779993,38.456,-32.060508968025346,0.12638168,1769642949766
4608,1207959552,1769645088411,19:04:48.411,42.349734,-71.0779993,38.456,-32.060508968025346,0.12638168,1769642949766
4609,1208221696,1769645089056,19:04:49.056,42.349734,-71.0779993,38.456,-32.060508968025346,0.12638168,1769642949766
4610,1208483840,1769645089638,19:04:49.638,42.349734,-71.0779993,38.456,-32.060508968025346,0.12638168,1769642949766
4611,1208745984,1769645090041,19:04:50.041,42.349734,-71.0779993,38.456,-32.060508968025346,0.12638168,1769642949766
4612,1209008128,1769645090476,19:04:50.476,42.349734,-71.0779993,38.456,-32.060508968025346,0.12638168,1769642949766
4613,1209270272,1769645090827,19:04:50.827,42.349734,-71.0779993,38.456,-32.060508968025346,0.12638168,1769642949766
4614,1209532416,1769645091516,19:04:51.516,42.349734,-71.0779993,38.456,-32.060508968025346,0.12638168,1769642949766
4615,1209794560,1769645092226,19:04:52.226,42.349734,-71.0779993,38.456,-32.060508968025346,0.12638168,1769642949766
4616,1210056704,1769645093572,19:04:53.572,42.349734,-71.0779993,38.456,-32.060508968025346,0.12638168,1769642949766
4617,1210318848,1769645094557,19:04:54.557,42.349734,-71.0779993,38.456,-32.060508968025346,0.12638168,1769642949766
4618,1210580992,1769645095192,19:04:55.192,42.349734,-71.0779993,38.456,-32.060508968025346,0.12638168,1769642949766
4619,1210843136,1769645095758,19:04:55.758,42.349734,-71.0779993,38.456,-32.060508968025346,0.12638168,1769642949766
4620,1211105280,1769645096122,19:04:56.122,42.349734,-71.0779993,38.456,-32.060508968025346,0.12638168,1769642949766
4621,1211367424,1769645096601,19:04:56.601,42.349734,-71.0779993,38.456,-32.060508968025346,0.12638168,1769642949766
4622,1211629568,1769645097005,19:04:57.005,42.349734,-71.0779993,38.456,-32.060508968025346,0.12638168,1769642949766
4623,1211891712,1769645097359,19:04:57.359,42.349734,-71.0779993,38.456,-32.060508968025346,0.12638168,1769642949766
4624,1212153856,1769645097803,19:04:57.803,42.349734,-71.0779993,38.456,-32.060508968025346,0.12638168,1769642949766
4625,1212416000,1769645098201,19:04:58.201,42.349734,-71.0779993,38.456,-32.060508968025346,0.12638168,1769642949766
4626,1212678144,1769645098552,19:04:58.552,42.349734,-71.0779993,38.456,-32.060508968025346,0.12638168,1769642949766
4627,1212940288,1769645098957,19:04:58.957,42.349734,-71.0779993,38.456,-32.060508968025346,0.12638168,1769642949766
4628,1213202432,1769645099488,19:04:59.488,42.349734,-71.0779993,38.456,-32.060508968025346,0.12638168,1769642949766
4629,1213464576,1769645099976,19:04:59.976,42.349734,-71.0779993,38.456,-32.060508968025346,0.12638168,1769642949766
4630,1213726720,1769645100453,19:05:00.453,42.349734,-71.0779993,38.456,-32.060508968025346,0.12638168,1769642949766
4631,1213988864,1769645100775,19:05:00.775,42.349734,-71.0779993,38.456,-32.060508968025346,0.12638168,1769642949766
4632,1214251008,1769645101236,19:05:01.236,42.349734,-71.0779993,38.456,-32.060508968025346,0.12638168,1769642949766
4633,1214513152,1769645101827,19:05:01.827,42.349734,-71.0779993,38.456,-32.060508968025346,0.12638168,1769642949766
4634,1214775296,1769645102454,19:05:02.454,42.349734,-71.0779993,38.456,-32.060508968025346,0.12638168,1769642949766
4635,1215037440,1769645102947,19:05:02.947,42.349734,-71.0779993,38.456,-32.060508968025346,0.12638168,1769642949766
4636,1215299584,1769645103319,19:05:03.319,42.349734,-71.0779993,38.456,-32.060508968025346,0.12638168,1769642949766
4637,1215561728,1769645103669,19:05:03.669,42.349734,-71.0779993,38.456,-32.060508968025346,0.12638168,1769642949766
4638,1215823872,1769645104024,19:05:04.024,42.349734,-71.0779993,38.456,-32.060508968025346,0.12638168,1769642949766
4639,1216086016,1769645104381,19:05:04.381,42.349734,-71.0779993,38.456,-32.060508968025346,0.12638168,1769642949766
4640,1216348160,1769645104793,19:05:04.793,42.349734,-71.0779993,38.456,-32.060508968025346,0.12638168,1769642949766
4641,1216610304,1769645105191,19:05:05.191,42.349734,-71.0779993,38.456,-32.060508968025346,0.12638168,1769642949766
4642,1216872448,1769645105579,19:05:05.579,42.349734,-71.0779993,38.456,-32.060508968025346,0.12638168,1769642949766
4643,1217134592,1769645105930,19:05:05.930,42.349734,-71.0779993,38.456,-32.060508968025346,0.12638168,1769642949766
4644,1217396736,1769645106283,19:05:06.283,42.349734,-71.0779993,38.456,-32.060508968025346,0.12638168,1769642949766
4645,1217658880,1769645106633,19:05:06.633,42.349734,-71.0779993,38.456,-32.060508968025346,0.12638168,1769642949766
4646,1217921024,1769645106989,19:05:06.989,42.349734,-71.0779993,38.456,-32.060508968025346,0.12638168,1769642949766
4647,1218183168,1769645107429,19:05:07.429,42.349734,-71.0779993,38.456,-32.060508968025346,0.12638168,1769642949766
4648,1218445312,1769645107791,19:05:07.791,42.349734,-71.0779993,38.456,-32.060508968025346,0.12638168,1769642949766
4649,1218707456,1769645108191,19:05:08.191,42.349734,-71.0779993,38.456,-32.060508968025346,0.12638168,1769642949766
4650,1218969600,1769645108575,19:05:08.575,42.349734,-71.0779993,38.456,-32.060508968025346,0.12638168,1769642949766
4651,1219231744,1769645108928,19:05:08.928,42.349734,-71.0779993,38.456,-32.060508968025346,0.12638168,1769642949766
4652,1219493888,1769645109380,19:05:09.380,42.349734,-71.0779993,38.456,-32.060508968025346,0.12638168,1769642949766
4653,1219756032,1769645109755,19:05:09.755,42.349734,-71.0779993,38.456,-32.060508968025346,0.12638168,1769642949766
4654,1220018176,1769645110105,19:05:10.105,42.349734,-71.0779993,38.456,-32.060508968025346,0.12638168,1769642949766
4655,1220280320,1769645110514,19:05:10.514,42.349734,-71.0779993,38.456,-32.060508968025346,0.12638168,1769642949766
4656,1220542464,1769645110964,19:05:10.964,42.349734,-71.0779993,38.456,-32.060508968025346,0.12638168,1769642949766
4657,1220804608,1769645111314,19:05:11.314,42.349734,-71.0779993,38.456,-32.060508968025346,0.12638168,1769642949766
4658,1221066752,1769645111666,19:05:11.666,42.349734,-71.0779993,38.456,-32.060508968025346,0.12638168,1769642949766
4659,1221328896,1769645112018,19:05:12.018,42.349734,-71.0779993,38.456,-32.060508968025346,0.12638168,1769642949766
4660,1221591040,1769645112374,19:05:12.374,42.349734,-71.0779993,38.456,-32.060508968025346,0.12638168,1769642949766
4661,1221853184,1769645112857,19:05:12.857,42.349734,-71.0779993,38.456,-32.060508968025346,0.12638168,1769642949766
4662,1222115328,1769645113204,19:05:13.204,42.349734,-71.0779993,38.456,-32.060508968025346,0.12638168,1769642949766
4663,1222377472,1769645113553,19:05:13.553,42.349734,-71.0779993,38.456,-32.060508968025346,0.12638168,1769642949766
4664,1222639616,1769645113925,19:05:13.925,42.349734,-71.0779993,38.456,-32.060508968025346,0.12638168,1769642949766
4665,1222901760,1769645114273,19:05:14.273,42.349734,-71.0779993,38.456,-32.060508968025346,0.12638168,1769642949766
4666,1223163904,1769645114647,19:05:14.647,42.349734,-71.0779993,38.456,-32.060508968025346,0.12638168,1769642949766
4667,1223426048,1769645114995,19:05:14.995,42.349734,-71.0779993,38.456,-32.060508968025346,0.12638168,1769642949766
4668,1223688192,1769645115341,19:05:15.341,42.349734,-71.0779993,38.456,-32.060508968025346,0.12638168,1769642949766
4669,1223950336,1769645115694,19:05:15.694,42.349734,-71.0779993,38.456,-32.060508968025346,0.12638168,1769642949766
4670,1224212480,1769645116077,19:05:16.077,42.349734,-71.0779993,38.456,-32.060508968025346,0.12638168,1769642949766
4671,1224474624,1769645116414,19:05:16.414,42.349734,-71.0779993,38.456,-32.060508968025346,0.12638168,1769642949766
4672,1224736768,1769645116761,19:05:16.761,42.349734,-71.0779993,38.456,-32.060508968025346,0.12638168,1769642949766
4673,1224998912,1769645117347,19:05:17.347,42.349734,-71.0779993,38.456,-32.060508968025346,0.12638168,1769642949766
4674,1225261056,1769645117976,19:05:17.976,42.349734,-71.0779993,38.456,-32.060508968025346,0.12638168,1769642949766
4675,1225523200,1769645118372,19:05:18.372,42.349734,-71.0779993,38.456,-32.060508968025346,0.12638168,1769642949766
4676,1225785344,1769645118727,19:05:18.727,42.349734,-71.0779993,38.456,-32.060508968025346,0.12638168,1769642949766
4677,1226047488,1769645119073,19:05:19.073,42.349734,-71.0779993,38.456,-32.060508968025346,0.12638168,1769642949766
4678,1226309632,1769645119445,19:05:19.445,42.349734,-71.0779993,38.456,-32.060508968025346,0.12638168,1769642949766
4679,1226571776,1769645119854,19:05:19.854,42.349734,-71.0779993,38.456,-32.060508968025346,0.12638168,1769642949766
4680,1226833920,1769645120648,19:05:20.648,42.349734,-71.0779993,38.456,-32.060508968025346,0.12638168,1769642949766
4681,1227096064,1769645121255,19:05:21.255,42.349734,-71.0779993,38.456,-32.060508968025346,0.12638168,1769642949766
4682,1227358208,1769645121834,19:05:21.834,42.349734,-71.0779993,38.456,-32.060508968025346,0.12638168,1769642949766
4683,1227620352,1769645122378,19:05:22.378,42.349734,-71.0779993,38.456,-32.060508968025346,0.12638168,1769642949766
4684,1227882496,1769645122867,19:05:22.867,42.349734,-71.0779993,38.456,-32.060508968025346,0.12638168,1769642949766
4685,1228144640,1769645123228,19:05:23.228,42.349734,-71.0779993,38.456,-32.060508968025346,0.12638168,1769642949766
4686,1228406784,1769645123585,19:05:23.585,42.349734,-71.0779993,38.456,-32.060508968025346,0.12638168,1769642949766
4687,1228668928,1769645123989,19:05:23.989,42.349734,-71.0779993,38.456,-32.060508968025346,0.12638168,1769642949766
4688,1228931072,1769645124555,19:05:24.555,42.349734,-71.0779993,38.456,-32.060508968025346,0.12638168,1769642949766
4689,1229193216,1769645125058,19:05:25.058,42.349734,-71.0779993,38.456,-32.060508968025346,0.12638168,1769642949766
4690,1229455360,1769645125404,19:05:25.404,42.349734,-71.0779993,38.456,-32.060508968025346,0.12638168,1769642949766
4691,1229717504,1769645126135,19:05:26.135,42.349734,-71.0779993,38.456,-32.060508968025346,0.12638168,1769642949766
4692,1229979648,1769645127025,19:05:27.025,42.349734,-71.0779993,38.456,-32.060508968025346,0.12638168,1769642949766
4693,1230241792,1769645127509,19:05:27.509,42.349734,-71.0779993,38.456,-32.060508968025346,0.12638168,1769642949766
4694,1230503936,1769645128108,19:05:28.108,42.349734,-71.0779993,38.456,-32.060508968025346,0.12638168,1769642949766
4695,1230766080,1769645128991,19:05:28.991,42.349734,-71.0779993,38.456,-32.060508968025346,0.12638168,1769642949766
4696,1231028224,1769645129632,19:05:29.632,42.349734,-71.0779993,38.456,-32.060508968025346,0.12638168,1769642949766
4697,1231290368,1769645130107,19:05:30.107,42.349734,-71.0779993,38.456,-32.060508968025346,0.12638168,1769642949766
4698,1231552512,1769645130587,19:05:30.587,42.349734,-71.0779993,38.456,-32.060508968025346,0.12638168,1769642949766
4699,1231814656,1769645131189,19:05:31.189,42.349734,-71.0779993,38.456,-32.060508968025346,0.12638168,1769642949766
4700,1232076800,1769645131701,19:05:31.701,42.349734,-71.0779993,38.456,-32.060508968025346,0.12638168,1769642949766
4701,1232338944,1769645132127,19:05:32.127,42.349734,-71.0779993,38.456,-32.060508968025346,0.12638168,1769642949766
4702,1232601088,1769645132488,19:05:32.488,42.349734,-71.0779993,38.456,-32.060508968025346,0.12638168,1769642949766
4703,1232863232,1769645132838,19:05:32.838,42.349734,-71.0779993,38.456,-32.060508968025346,0.12638168,1769642949766
4704,1233125376,1769645133188,19:05:33.188,42.349734,-71.0779993,38.456,-32.060508968025346,0.12638168,1769642949766
4705,1233387520,1769645133707,19:05:33.707,42.349734,-71.0779993,38.456,-32.060508968025346,0.12638168,1769642949766
4706,1233649664,1769645134170,19:05:34.170,42.349734,-71.0779993,38.456,-32.060508968025346,0.12638168,1769642949766
4707,1233911808,1769645134515,19:05:34.515,42.349734,-71.0779993,38.456,-32.060508968025346,0.12638168,1769642949766
4708,1234173952,1769645134870,19:05:34.870,42.349734,-71.0779993,38.456,-32.060508968025346,0.12638168,1769642949766
4709,1234436096,1769645135238,19:05:35.238,42.349734,-71.0779993,38.456,-32.060508968025346,0.12638168,1769642949766
4710,1234698240,1769645135645,19:05:35.645,42.349734,-71.0779993,38.456,-32.060508968025346,0.12638168,1769642949766
4711,1234960384,1769645136042,19:05:36.042,42.349734,-71.0779993,38.456,-32.060508968025346,0.12638168,1769642949766
4712,1235222528,1769645136458,19:05:36.458,42.349734,-71.0779993,38.456,-32.060508968025346,0.12638168,1769642949766
4713,1235484672,1769645136754,19:05:36.754,42.349734,-71.0779993,38.456,-32.060508968025346,0.12638168,1769642949766
4714,1235746816,1769645137140,19:05:37.140,42.349734,-71.0779993,38.456,-32.060508968025346,0.12638168,1769642949766
4715,1236008960,1769645137514,19:05:37.514,42.349734,-71.0779993,38.456,-32.060508968025346,0.12638168,1769642949766
4716,1236271104,1769645137891,19:05:37.891,42.349734,-71.0779993,38.456,-32.060508968025346,0.12638168,1769642949766
4717,1236533248,1769645138288,19:05:38.288,42.349734,-71.0779993,38.456,-32.060508968025346,0.12638168,1769642949766
4718,1236795392,1769645138674,19:05:38.674,42.349734,-71.0779993,38.456,-32.060508968025346,0.12638168,1769642949766
4719,1237057536,1769645139087,19:05:39.087,42.349734,-71.0779993,38.456,-32.060508968025346,0.12638168,1769642949766
4720,1237319680,1769645139485,19:05:39.485,42.349734,-71.0779993,38.456,-32.060508968025346,0.12638168,1769642949766
4721,1237581824,1769645139888,19:05:39.888,42.349734,-71.0779993,38.456,-32.060508968025346,0.12638168,1769642949766
4722,1237843968,1769645140213,19:05:40.213,42.349734,-71.0779993,38.456,-32.060508968025346,0.12638168,1769642949766
4723,1238106112,1769645140532,19:05:40.532,42.349734,-71.0779993,38.456,-32.060508968025346,0.12638168,1769642949766
4724,1238368256,1769645140826,19:05:40.826,42.349734,-71.0779993,38.456,-32.060508968025346,0.12638168,1769642949766
4725,1238630400,1769645141178,19:05:41.178,42.349734,-71.0779993,38.456,-32.060508968025346,0.12638168,1769642949766
4726,1238892544,1769645141529,19:05:41.529,42.349734,-71.0779993,38.456,-32.060508968025346,0.12638168,1769642949766
4727,1239154688,1769645141879,19:05:41.879,42.349734,-71.0779993,38.456,-32.060508968025346,0.12638168,1769642949766
4728,1239416832,1769645142230,19:05:42.230,42.349734,-71.0779993,38.456,-32.060508968025346,0.12638168,1769642949766
4729,1239678976,1769645142579,19:05:42.579,42.349734,-71.0779993,38.456,-32.060508968025346,0.12638168,1769642949766
4730,1239941120,1769645142929,19:05:42.929,42.349734,-71.0779993,38.456,-32.060508968025346,0.12638168,1769642949766
4731,1240203264,1769645143282,19:05:43.282,42.349734,-71.0779993,38.456,-32.060508968025346,0.12638168,1769642949766
4732,1240465408,1769645143631,19:05:43.631,42.349734,-71.0779993,38.456,-32.060508968025346,0.12638168,1769642949766
4733,1240727552,1769645143984,19:05:43.984,42.349734,-71.0779993,38.456,-32.060508968025346,0.12638168,1769642949766
4734,1240989696,1769645144335,19:05:44.335,42.349734,-71.0779993,38.456,-32.060508968025346,0.12638168,1769642949766
4735,1241251840,1769645144681,19:05:44.681,42.349734,-71.0779993,38.456,-32.060508968025346,0.12638168,1769642949766
4736,1241513984,1769645145112,19:05:45.112,42.349734,-71.0779993,38.456,-32.060508968025346,0.12638168,1769642949766
4737,1241776128,1769645145537,19:05:45.537,42.349734,-71.0779993,38.456,-32.060508968025346,0.12638168,1769642949766
4738,1242038272,1769645145884,19:05:45.884,42.349734,-71.0779993,38.456,-32.060508968025346,0.12638168,1769642949766
4739,1242300416,1769645146260,19:05:46.260,42.349734,-71.0779993,38.456,-32.060508968025346,0.12638168,1769642949766
4740,1242562560,1769645146624,19:05:46.624,42.349734,-71.0779993,38.456,-32.060508968025346,0.12638168,1769642949766
4741,1242824704,1769645146973,19:05:46.973,42.349734,-71.0779993,38.456,-32.060508968025346,0.12638168,1769642949766
4742,1243086848,1769645147354,19:05:47.354,42.349734,-71.0779993,38.456,-32.060508968025346,0.12638168,1769642949766
4743,1243348992,1769645147730,19:05:47.730,42.349734,-71.0779993,38.456,-32.060508968025346,0.12638168,1769642949766
4744,1243611136,1769645148081,19:05:48.081,42.349734,-71.0779993,38.456,-32.060508968025346,0.12638168,1769642949766
4745,1243873280,1769645148431,19:05:48.431,42.349734,-71.0779993,38.456,-32.060508968025346,0.12638168,1769642949766
4746,1244135424,1769645148781,19:05:48.781,42.349734,-71.0779993,38.456,-32.060508968025346,0.12638168,1769642949766
4747,1244397568,1769645149129,19:05:49.129,42.349734,-71.0779993,38.456,-32.060508968025346,0.12638168,1769642949766
4748,1244659712,1769645149499,19:05:49.499,42.349734,-71.0779993,38.456,-32.060508968025346,0.12638168,1769642949766
4749,1244921856,1769645149843,19:05:49.843,42.349734,-71.0779993,38.456,-32.060508968025346,0.12638168,1769642949766
4750,1245184000,1769645150192,19:05:50.192,42.349734,-71.0779993,38.456,-32.060508968025346,0.12638168,1769642949766
4751,1245446144,1769645150613,19:05:50.613,42.349734,-71.0779993,38.456,-32.060508968025346,0.12638168,1769642949766
4752,1245708288,1769645150991,19:05:50.991,42.349734,-71.0779993,38.456,-32.060508968025346,0.12638168,1769642949766
4753,1245970432,1769645151391,19:05:51.391,42.349734,-71.0779993,38.456,-32.060508968025346,0.12638168,1769642949766
4754,1246232576,1769645151747,19:05:51.747,42.349734,-71.0779993,38.456,-32.060508968025346,0.12638168,1769642949766
4755,1246494720,1769645152100,19:05:52.100,42.349734,-71.0779993,38.456,-32.060508968025346,0.12638168,1769642949766
4756,1246756864,1769645152450,19:05:52.450,42.349734,-71.0779993,38.456,-32.060508968025346,0.12638168,1769642949766
4757,1247019008,1769645152859,19:05:52.859,42.349734,-71.0779993,38.456,-32.060508968025346,0.12638168,1769642949766
4758,1247281152,1769645153428,19:05:53.428,42.349734,-71.0779993,38.456,-32.060508968025346,0.12638168,1769642949766
4759,1247543296,1769645153792,19:05:53.792,42.349734,-71.0779993,38.456,-32.060508968025346,0.12638168,1769642949766
4760,1247805440,1769645154144,19:05:54.144,42.349734,-71.0779993,38.456,-32.060508968025346,0.12638168,1769642949766
4761,1248067584,1769645154509,19:05:54.509,42.349734,-71.0779993,38.456,-32.060508968025346,0.12638168,1769642949766
4762,1248329728,1769645154853,19:05:54.853,42.349734,-71.0779993,38.456,-32.060508968025346,0.12638168,1769642949766
4763,1248591872,1769645155192,19:05:55.192,42.349734,-71.0779993,38.456,-32.060508968025346,0.12638168,1769642949766
4764,1248854016,1769645155626,19:05:55.626,42.349734,-71.0779993,38.456,-32.060508968025346,0.12638168,1769642949766
4765,1249116160,1769645156064,19:05:56.064,42.349734,-71.0779993,38.456,-32.060508968025346,0.12638168,1769642949766
4766,1249378304,1769645156448,19:05:56.448,42.349734,-71.0779993,38.456,-32.060508968025346,0.12638168,1769642949766
4767,1249640448,1769645156991,19:05:56.991,42.349734,-71.0779993,38.456,-32.060508968025346,0.12638168,1769642949766
4768,1249902592,1769645157448,19:05:57.448,42.349734,-71.0779993,38.456,-32.060508968025346,0.12638168,1769642949766
4769,1250164736,1769645157925,19:05:57.925,42.349734,-71.0779993,38.456,-32.060508968025346,0.12638168,1769642949766
4770,1250426880,1769645158306,19:05:58.306,42.349734,-71.0779993,38.456,-32.060508968025346,0.12638168,1769642949766
4771,1250689024,1769645158768,19:05:58.768,42.349734,-71.0779993,38.456,-32.060508968025346,0.12638168,1769642949766
4772,1250951168,1769645159353,19:05:59.353,42.349734,-71.0779993,38.456,-32.060508968025346,0.12638168,1769642949766
4773,1251213312,1769645159800,19:05:59.800,42.349734,-71.0779993,38.456,-32.060508968025346,0.12638168,1769642949766
4774,1251475456,1769645160185,19:06:00.185,42.349734,-71.0779993,38.456,-32.060508968025346,0.12638168,1769642949766
4775,1251737600,1769645160535,19:06:00.535,42.349734,-71.0779993,38.456,-32.060508968025346,0.12638168,1769642949766
4776,1251999744,1769645160887,19:06:00.887,42.349734,-71.0779993,38.456,-32.060508968025346,0.12638168,1769642949766
4777,1252261888,1769645161272,19:06:01.272,42.349734,-71.0779993,38.456,-32.060508968025346,0.12638168,1769642949766
4778,1252524032,1769645161646,19:06:01.646,42.349734,-71.0779993,38.456,-32.060508968025346,0.12638168,1769642949766
4779,1252786176,1769645162000,19:06:02.000,42.349734,-71.0779993,38.456,-32.060508968025346,0.12638168,1769642949766
4780,1253048320,1769645162349,19:06:02.349,42.349734,-71.0779993,38.456,-32.060508968025346,0.12638168,1769642949766
4781,1253310464,1769645162761,19:06:02.761,42.349734,-71.0779993,38.456,-32.060508968025346,0.12638168,1769642949766
4782,1253572608,1769645163299,19:06:03.299,42.349734,-71.0779993,38.456,-32.060508968025346,0.12638168,1769642949766
4783,1253834752,1769645163682,19:06:03.682,42.349734,-71.0779993,38.456,-32.060508968025346,0.12638168,1769642949766
4784,1254096896,1769645164142,19:06:04.142,42.349734,-71.0779993,38.456,-32.060508968025346,0.12638168,1769642949766
4785,1254359040,1769645164715,19:06:04.715,42.349734,-71.0779993,38.456,-32.060508968025346,0.12638168,1769642949766
4786,1254621184,1769645165327,19:06:05.327,42.349734,-71.0779993,38.456,-32.060508968025346,0.12638168,1769642949766
4787,1254883328,1769645165884,19:06:05.884,42.349734,-71.0779993,38.456,-32.060508968025346,0.12638168,1769642949766
4788,1255145472,1769645166558,19:06:06.558,42.349734,-71.0779993,38.456,-32.060508968025346,0.12638168,1769642949766
4789,1255407616,1769645167268,19:06:07.268,42.349734,-71.0779993,38.456,-32.060508968025346,0.12638168,1769642949766
4790,1255669760,1769645167826,19:06:07.826,42.349734,-71.0779993,38.456,-32.060508968025346,0.12638168,1769642949766
4791,1255931904,1769645168453,19:06:08.453,42.349734,-71.0779993,38.456,-32.060508968025346,0.12638168,1769642949766
4792,1256194048,1769645169267,19:06:09.267,42.349734,-71.0779993,38.456,-32.060508968025346,0.12638168,1769642949766
4793,1256456192,1769645169748,19:06:09.748,42.349734,-71.0779993,38.456,-32.060508968025346,0.12638168,1769642949766
4794,1256718336,1769645170097,19:06:10.097,42.349734,-71.0779993,38.456,-32.060508968025346,0.12638168,1769642949766
4795,1256980480,1769645170449,19:06:10.449,42.349734,-71.0779993,38.456,-32.060508968025346,0.12638168,1769642949766
4796,1257242624,1769645171001,19:06:11.001,42.349734,-71.0779993,38.456,-32.060508968025346,0.12638168,1769642949766
4797,1257504768,1769645171640,19:06:11.640,42.349734,-71.0779993,38.456,-32.060508968025346,0.12638168,1769642949766
4798,1257766912,1769645172013,19:06:12.013,42.349734,-71.0779993,38.456,-32.060508968025346,0.12638168,1769642949766
4799,1258029056,1769645172373,19:06:12.373,42.349734,-71.0779993,38.456,-32.060508968025346,0.12638168,1769642949766
4800,1258291200,1769645172722,19:06:12.722,42.349734,-71.0779993,38.456,-32.060508968025346,0.12638168,1769642949766
4801,1258553344,1769645173126,19:06:13.126,42.349734,-71.0779993,38.456,-32.060508968025346,0.12638168,1769642949766
4802,1258815488,1769645173527,19:06:13.527,42.349734,-71.0779993,38.456,-32.060508968025346,0.12638168,1769642949766
4803,1259077632,1769645173937,19:06:13.937,42.349734,-71.0779993,38.456,-32.060508968025346,0.12638168,1769642949766
4804,1259339776,1769645174288,19:06:14.288,42.349734,-71.0779993,38.456,-32.060508968025346,0.12638168,1769642949766
4805,1259601920,1769645174677,19:06:14.677,42.349734,-71.0779993,38.456,-32.060508968025346,0.12638168,1769642949766
4806,1259864064,1769645175221,19:06:15.221,42.349734,-71.0779993,38.456,-32.060508968025346,0.12638168,1769642949766
4807,1260126208,1769645175692,19:06:15.692,42.349734,-71.0779993,38.456,-32.060508968025346,0.12638168,1769642949766
4808,1260388352,1769645176163,19:06:16.163,42.349734,-71.0779993,38.456,-32.060508968025346,0.12638168,1769642949766
4809,1260650496,1769645176515,19:06:16.515,42.349734,-71.0779993,38.456,-32.060508968025346,0.12638168,1769642949766
4810,1260912640,1769645177041,19:06:17.041,42.349734,-71.0779993,38.456,-32.060508968025346,0.12638168,1769642949766
4811,1261174784,1769645177516,19:06:17.516,42.349734,-71.0779993,38.456,-32.060508968025346,0.12638168,1769642949766
4812,1261436928,1769645177933,19:06:17.933,42.349734,-71.0779993,38.456,-32.060508968025346,0.12638168,1769642949766
4813,1261699072,1769645178337,19:06:18.337,42.349734,-71.0779993,38.456,-32.060508968025346,0.12638168,1769642949766
4814,1261961216,1769645178725,19:06:18.725,42.349734,-71.0779993,38.456,-32.060508968025346,0.12638168,1769642949766
4815,1262223360,1769645179160,19:06:19.160,42.349734,-71.0779993,38.456,-32.060508968025346,0.12638168,1769642949766
4816,1262485504,1769645179529,19:06:19.529,42.349734,-71.0779993,38.456,-32.060508968025346,0.12638168,1769642949766
4817,1262747648,1769645179892,19:06:19.892,42.349734,-71.0779993,38.456,-32.060508968025346,0.12638168,1769642949766
4818,1263009792,1769645180422,19:06:20.422,42.349734,-71.0779993,38.456,-32.060508968025346,0.12638168,1769642949766
4819,1263271936,1769645180798,19:06:20.798,42.349734,-71.0779993,38.456,-32.060508968025346,0.12638168,1769642949766
4820,1263534080,1769645181303,19:06:21.303,42.349734,-71.0779993,38.456,-32.060508968025346,0.12638168,1769642949766
4821,1263796224,1769645181688,19:06:21.688,42.349734,-71.0779993,38.456,-32.060508968025346,0.12638168,1769642949766
4822,1264058368,1769645182132,19:06:22.132,42.349734,-71.0779993,38.456,-32.060508968025346,0.12638168,1769642949766
4823,1264320512,1769645182586,19:06:22.586,42.349734,-71.0779993,38.456,-32.060508968025346,0.12638168,1769642949766
4824,1264582656,1769645182937,19:06:22.937,42.349734,-71.0779993,38.456,-32.060508968025346,0.12638168,1769642949766
4825,1264844800,1769645183474,19:06:23.474,42.349734,-71.0779993,38.456,-32.060508968025346,0.12638168,1769642949766
4826,1265106944,1769645184014,19:06:24.014,42.349734,-71.0779993,38.456,-32.060508968025346,0.12638168,1769642949766
4827,1265369088,1769645184462,19:06:24.462,42.349734,-71.0779993,38.456,-32.060508968025346,0.12638168,1769642949766
4828,1265631232,1769645184864,19:06:24.864,42.349734,-71.0779993,38.456,-32.060508968025346,0.12638168,1769642949766
4829,1265893376,1769645185275,19:06:25.275,42.349734,-71.0779993,38.456,-32.060508968025346,0.12638168,1769642949766
4830,1266155520,1769645185814,19:06:25.814,42.349734,-71.0779993,38.456,-32.060508968025346,0.12638168,1769642949766
4831,1266417664,1769645186303,19:06:26.303,42.349734,-71.0779993,38.456,-32.060508968025346,0.12638168,1769642949766
4832,1266679808,1769645186744,19:06:26.744,42.349734,-71.0779993,38.456,-32.060508968025346,0.12638168,1769642949766
4833,1266941952,1769645187184,19:06:27.184,42.349734,-71.0779993,38.456,-32.060508968025346,0.12638168,1769642949766
4834,1267204096,1769645187633,19:06:27.633,42.349734,-71.0779993,38.456,-32.060508968025346,0.12638168,1769642949766
4835,1267466240,1769645188158,19:06:28.158,42.349734,-71.0779993,38.456,-32.060508968025346,0.12638168,1769642949766
4836,1267728384,1769645188509,19:06:28.509,42.349734,-71.0779993,38.456,-32.060508968025346,0.12638168,1769642949766
4837,1267990528,1769645188859,19:06:28.859,42.349734,-71.0779993,38.456,-32.060508968025346,0.12638168,1769642949766
4838,1268252672,1769645189212,19:06:29.212,42.349734,-71.0779993,38.456,-32.060508968025346,0.12638168,1769642949766
4839,1268514816,1769645189637,19:06:29.637,42.349734,-71.0779993,38.456,-32.060508968025346,0.12638168,1769642949766
4840,1268776960,1769645190029,19:06:30.029,42.349734,-71.0779993,38.456,-32.060508968025346,0.12638168,1769642949766
4841,1269039104,1769645190378,19:06:30.378,42.349734,-71.0779993,38.456,-32.060508968025346,0.12638168,1769642949766
4842,1269301248,1769645190728,19:06:30.728,42.349734,-71.0779993,38.456,-32.060508968025346,0.12638168,1769642949766
4843,1269563392,1769645191083,19:06:31.083,42.349734,-71.0779993,38.456,-32.060508968025346,0.12638168,1769642949766
4844,1269825536,1769645191482,19:06:31.482,42.349734,-71.0779993,38.456,-32.060508968025346,0.12638168,1769642949766
4845,1270087680,1769645191835,19:06:31.835,42.349734,-71.0779993,38.456,-32.060508968025346,0.12638168,1769642949766
4846,1270349824,1769645192312,19:06:32.312,42.349734,-71.0779993,38.456,-32.060508968025346,0.12638168,1769642949766
4847,1270611968,1769645192908,19:06:32.908,42.349734,-71.0779993,38.456,-32.060508968025346,0.12638168,1769642949766
4848,1270874112,1769645193488,19:06:33.488,42.349734,-71.0779993,38.456,-32.060508968025346,0.12638168,1769642949766
4849,1271136256,1769645194119,19:06:34.119,42.349734,-71.0779993,38.456,-32.060508968025346,0.12638168,1769642949766
4850,1271398400,1769645194821,19:06:34.821,42.349734,-71.0779993,38.456,-32.060508968025346,0.12638168,1769642949766
4851,1271660544,1769645195592,19:06:35.592,42.349734,-71.0779993,38.456,-32.060508968025346,0.12638168,1769642949766
4852,1271922688,1769645196203,19:06:36.203,42.349734,-71.0779993,38.456,-32.060508968025346,0.12638168,1769642949766
4853,1272184832,1769645196946,19:06:36.946,42.349734,-71.0779993,38.456,-32.060508968025346,0.12638168,1769642949766
4854,1272446976,1769645197387,19:06:37.387,42.349734,-71.0779993,38.456,-32.060508968025346,0.12638168,1769642949766
4855,1272709120,1769645197944,19:06:37.944,42.349734,-71.0779993,38.456,-32.060508968025346,0.12638168,1769642949766
4856,1272971264,1769645198522,19:06:38.522,42.349734,-71.0779993,38.456,-32.060508968025346,0.12638168,1769642949766
4857,1273233408,1769645199115,19:06:39.115,42.349734,-71.0779993,38.456,-32.060508968025346,0.12638168,1769642949766
4858,1273495552,1769645199543,19:06:39.543,42.349734,-71.0779993,38.456,-32.060508968025346,0.12638168,1769642949766
4859,1273757696,1769645199860,19:06:39.860,42.349734,-71.0779993,38.456,-32.060508968025346,0.12638168,1769642949766
4860,1274019840,1769645200183,19:06:40.183,42.349734,-71.0779993,38.456,-32.060508968025346,0.12638168,1769642949766
4861,1274281984,1769645200574,19:06:40.574,42.349734,-71.0779993,38.456,-32.060508968025346,0.12638168,1769642949766
4862,1274544128,1769645201013,19:06:41.013,42.349734,-71.0779993,38.456,-32.060508968025346,0.12638168,1769642949766
4863,1274806272,1769645201451,19:06:41.451,42.349734,-71.0779993,38.456,-32.060508968025346,0.12638168,1769642949766
4864,1275068416,1769645201802,19:06:41.802,42.349734,-71.0779993,38.456,-32.060508968025346,0.12638168,1769642949766
4865,1275330560,1769645202152,19:06:42.152,42.349734,-71.0779993,38.456,-32.060508968025346,0.12638168,1769642949766
4866,1275592704,1769645202513,19:06:42.513,42.349734,-71.0779993,38.456,-32.060508968025346,0.12638168,1769642949766
4867,1275854848,1769645202861,19:06:42.861,42.349734,-71.0779993,38.456,-32.060508968025346,0.12638168,1769642949766
4868,1276116992,1769645203253,19:06:43.253,42.349734,-71.0779993,38.456,-32.060508968025346,0.12638168,1769642949766
4869,1276379136,1769645203663,19:06:43.663,42.349734,-71.0779993,38.456,-32.060508968025346,0.12638168,1769642949766
4870,1276641280,1769645204027,19:06:44.027,42.349734,-71.0779993,38.456,-32.060508968025346,0.12638168,1769642949766
4871,1276903424,1769645204411,19:06:44.411,42.349734,-71.0779993,38.456,-32.060508968025346,0.12638168,1769642949766
4872,1277165568,1769645204765,19:06:44.765,42.349734,-71.0779993,38.456,-32.060508968025346,0.12638168,1769642949766
4873,1277427712,1769645205117,19:06:45.117,42.349734,-71.0779993,38.456,-32.060508968025346,0.12638168,1769642949766
4874,1277689856,1769645205471,19:06:45.471,42.349734,-71.0779993,38.456,-32.060508968025346,0.12638168,1769642949766
4875,1277952000,1769645205816,19:06:45.816,42.349734,-71.0779993,38.456,-32.060508968025346,0.12638168,1769642949766
4876,1278214144,1769645206166,19:06:46.166,42.349734,-71.0779993,38.456,-32.060508968025346,0.12638168,1769642949766
4877,1278476288,1769645206523,19:06:46.523,42.349734,-71.0779993,38.456,-32.060508968025346,0.12638168,1769642949766
4878,1278738432,1769645206913,19:06:46.913,42.349734,-71.0779993,38.456,-32.060508968025346,0.12638168,1769642949766
4879,1279000576,1769645207289,19:06:47.289,42.349734,-71.0779993,38.456,-32.060508968025346,0.12638168,1769642949766
4880,1279262720,1769645207658,19:06:47.658,42.349734,-71.0779993,38.456,-32.060508968025346,0.12638168,1769642949766
4881,1279524864,1769645208029,19:06:48.029,42.349734,-71.0779993,38.456,-32.060508968025346,0.12638168,1769642949766
4882,1279787008,1769645208383,19:06:48.383,42.349734,-71.0779993,38.456,-32.060508968025346,0.12638168,1769642949766
4883,1280049152,1769645208803,19:06:48.803,42.349734,-71.0779993,38.456,-32.060508968025346,0.12638168,1769642949766
4884,1280311296,1769645209152,19:06:49.152,42.349734,-71.0779993,38.456,-32.060508968025346,0.12638168,1769642949766
4885,1280573440,1769645209513,19:06:49.513,42.349734,-71.0779993,38.456,-32.060508968025346,0.12638168,1769642949766
4886,1280835584,1769645209830,19:06:49.830,42.349734,-71.0779993,38.456,-32.060508968025346,0.12638168,1769642949766
4887,1281097728,1769645210173,19:06:50.173,42.349734,-71.0779993,38.456,-32.060508968025346,0.12638168,1769642949766
4888,1281359872,1769645210522,19:06:50.522,42.349734,-71.0779993,38.456,-32.060508968025346,0.12638168,1769642949766
4889,1281622016,1769645210874,19:06:50.874,42.349734,-71.0779993,38.456,-32.060508968025346,0.12638168,1769642949766
4890,1281884160,1769645211228,19:06:51.228,42.349734,-71.0779993,38.456,-32.060508968025346,0.12638168,1769642949766
4891,1282146304,1769645211586,19:06:51.586,42.349734,-71.0779993,38.456,-32.060508968025346,0.12638168,1769642949766
4892,1282408448,1769645211967,19:06:51.967,42.349734,-71.0779993,38.456,-32.060508968025346,0.12638168,1769642949766
4893,1282670592,1769645212410,19:06:52.410,42.349734,-71.0779993,38.456,-32.060508968025346,0.12638168,1769642949766
4894,1282932736,1769645212861,19:06:52.861,42.349734,-71.0779993,38.456,-32.060508968025346,0.12638168,1769642949766
4895,1283194880,1769645213370,19:06:53.370,42.349734,-71.0779993,38.456,-32.060508968025346,0.12638168,1769642949766
4896,1283457024,1769645213733,19:06:53.733,42.349734,-71.0779993,38.456,-32.060508968025346,0.12638168,1769642949766
4897,1283719168,1769645214122,19:06:54.122,42.349734,-71.0779993,38.456,-32.060508968025346,0.12638168,1769642949766
4898,1283981312,1769645214615,19:06:54.615,42.349734,-71.0779993,38.456,-32.060508968025346,0.12638168,1769642949766
4899,1284243456,1769645215222,19:06:55.222,42.349734,-71.0779993,38.456,-32.060508968025346,0.12638168,1769642949766
4900,1284505600,1769645215570,19:06:55.570,42.349734,-71.0779993,38.456,-32.060508968025346,0.12638168,1769642949766
4901,1284767744,1769645216089,19:06:56.089,42.349734,-71.0779993,38.456,-32.060508968025346,0.12638168,1769642949766
4902,1285029888,1769645216648,19:06:56.648,42.349734,-71.0779993,38.456,-32.060508968025346,0.12638168,1769642949766
4903,1285292032,1769645217311,19:06:57.311,42.349734,-71.0779993,38.456,-32.060508968025346,0.12638168,1769642949766
4904,1285554176,1769645217690,19:06:57.690,42.349734,-71.0779993,38.456,-32.060508968025346,0.12638168,1769642949766
4905,1285816320,1769645218069,19:06:58.069,42.349734,-71.0779993,38.456,-32.060508968025346,0.12638168,1769642949766
4906,1286078464,1769645218479,19:06:58.479,42.349734,-71.0779993,38.456,-32.060508968025346,0.12638168,1769642949766
4907,1286340608,1769645219134,19:06:59.134,42.349734,-71.0779993,38.456,-32.060508968025346,0.12638168,1769642949766
4908,1286602752,1769645219802,19:06:59.802,42.349734,-71.0779993,38.456,-32.060508968025346,0.12638168,1769642949766
4909,1286864896,1769645220219,19:07:00.219,42.349734,-71.0779993,38.456,-32.060508968025346,0.12638168,1769642949766
4910,1287127040,1769645220572,19:07:00.572,42.349734,-71.0779993,38.456,-32.060508968025346,0.12638168,1769642949766
4911,1287389184,1769645221438,19:07:01.438,42.349734,-71.0779993,38.456,-32.060508968025346,0.12638168,1769642949766
4912,1287651328,1769645222134,19:07:02.134,42.349734,-71.0779993,38.456,-32.060508968025346,0.12638168,1769642949766
4913,1287913472,1769645222556,19:07:02.556,42.349734,-71.0779993,38.456,-32.060508968025346,0.12638168,1769642949766
4914,1288175616,1769645223242,19:07:03.242,42.349734,-71.0779993,38.456,-32.060508968025346,0.12638168,1769642949766
4915,1288437760,1769645224028,19:07:04.028,42.349734,-71.0779993,38.456,-32.060508968025346,0.12638168,1769642949766
4916,1288699904,1769645224508,19:07:04.508,42.349734,-71.0779993,38.456,-32.060508968025346,0.12638168,1769642949766
4917,1288962048,1769645225089,19:07:05.089,42.349734,-71.0779993,38.456,-32.060508968025346,0.12638168,1769642949766
4918,1289224192,1769645225846,19:07:05.846,42.349734,-71.0779993,38.456,-32.060508968025346,0.12638168,1769642949766
4919,1289486336,1769645226314,19:07:06.314,42.349734,-71.0779993,38.456,-32.060508968025346,0.12638168,1769642949766
4920,1289748480,1769645226958,19:07:06.958,42.349734,-71.0779993,38.456,-32.060508968025346,0.12638168,1769642949766
4921,1290010624,1769645227807,19:07:07.807,42.349734,-71.0779993,38.456,-32.060508968025346,0.12638168,1769642949766
4922,1290272768,1769645228492,19:07:08.492,42.349734,-71.0779993,38.456,-32.060508968025346,0.12638168,1769642949766
4923,1290534912,1769645229360,19:07:09.360,42.349734,-71.0779993,38.456,-32.060508968025346,0.12638168,1769642949766
4924,1290797056,1769645229726,19:07:09.726,42.349734,-71.0779993,38.456,-32.060508968025346,0.12638168,1769642949766
4925,1291059200,1769645230069,19:07:10.069,42.349734,-71.0779993,38.456,-32.060508968025346,0.12638168,1769642949766
4926,1291321344,1769645230439,19:07:10.439,42.349734,-71.0779993,38.456,-32.060508968025346,0.12638168,1769642949766
4927,1291583488,1769645230790,19:07:10.790,42.349734,-71.0779993,38.456,-32.060508968025346,0.12638168,1769642949766
4928,1291845632,1769645231147,19:07:11.147,42.349734,-71.0779993,38.456,-32.060508968025346,0.12638168,1769642949766
4929,1292107776,1769645231533,19:07:11.533,42.349734,-71.0779993,38.456,-32.060508968025346,0.12638168,1769642949766
4930,1292369920,1769645231928,19:07:11.928,42.349734,-71.0779993,38.456,-32.060508968025346,0.12638168,1769642949766
4931,1292632064,1769645232279,19:07:12.279,42.349734,-71.0779993,38.456,-32.060508968025346,0.12638168,1769642949766
4932,1292894208,1769645232630,19:07:12.630,42.349734,-71.0779993,38.456,-32.060508968025346,0.12638168,1769642949766
4933,1293156352,1769645233009,19:07:13.009,42.349734,-71.0779993,38.456,-32.060508968025346,0.12638168,1769642949766
4934,1293418496,1769645233572,19:07:13.572,42.349734,-71.0779993,38.456,-32.060508968025346,0.12638168,1769642949766
4935,1293680640,1769645234076,19:07:14.076,42.349734,-71.0779993,38.456,-32.060508968025346,0.12638168,1769642949766
4936,1293942784,1769645234472,19:07:14.472,42.349734,-71.0779993,38.456,-32.060508968025346,0.12638168,1769642949766
4937,1294204928,1769645234859,19:07:14.859,42.349734,-71.0779993,38.456,-32.060508968025346,0.12638168,1769642949766
4938,1294467072,1769645235180,19:07:15.180,42.349734,-71.0779993,38.456,-32.060508968025346,0.12638168,1769642949766
4939,1294729216,1769645235690,19:07:15.690,42.349734,-71.0779993,38.456,-32.060508968025346,0.12638168,1769642949766
4940,1294991360,1769645236104,19:07:16.104,42.349734,-71.0779993,38.456,-32.060508968025346,0.12638168,1769642949766
4941,1295253504,1769645236412,19:07:16.412,42.349734,-71.0779993,38.456,-32.060508968025346,0.12638168,1769642949766
4942,1295515648,1769645236765,19:07:16.765,42.349734,-71.0779993,38.456,-32.060508968025346,0.12638168,1769642949766
4943,1295777792,1769645237114,19:07:17.114,42.349734,-71.0779993,38.456,-32.060508968025346,0.12638168,1769642949766
4944,1296039936,1769645237503,19:07:17.503,42.349734,-71.0779993,38.456,-32.060508968025346,0.12638168,1769642949766
4945,1296302080,1769645237862,19:07:17.862,42.349734,-71.0779993,38.456,-32.060508968025346,0.12638168,1769642949766
4946,1296564224,1769645238211,19:07:18.211,42.349734,-71.0779993,38.456,-32.060508968025346,0.12638168,1769642949766
4947,1296826368,1769645238561,19:07:18.561,42.349734,-71.0779993,38.456,-32.060508968025346,0.12638168,1769642949766
4948,1297088512,1769645238917,19:07:18.917,42.349734,-71.0779993,38.456,-32.060508968025346,0.12638168,1769642949766
4949,1297350656,1769645239264,19:07:19.264,42.349734,-71.0779993,38.456,-32.060508968025346,0.12638168,1769642949766
4950,1297612800,1769645239625,19:07:19.625,42.349734,-71.0779993,38.456,-32.060508968025346,0.12638168,1769642949766
4951,1297874944,1769645239985,19:07:19.985,42.349734,-71.0779993,38.456,-32.060508968025346,0.12638168,1769642949766
4952,1298137088,1769645240343,19:07:20.343,42.349734,-71.0779993,38.456,-32.060508968025346,0.12638168,1769642949766
4953,1298399232,1769645240755,19:07:20.755,42.349734,-71.0779993,38.456,-32.060508968025346,0.12638168,1769642949766
4954,1298661376,1769645241191,19:07:21.191,42.349734,-71.0779993,38.456,-32.060508968025346,0.12638168,1769642949766
4955,1298923520,1769645241587,19:07:21.587,42.349734,-71.0779993,38.456,-32.060508968025346,0.12638168,1769642949766
4956,1299185664,1769645242072,19:07:22.072,42.349734,-71.0779993,38.456,-32.060508968025346,0.12638168,1769642949766
4957,1299447808,1769645242658,19:07:22.658,42.349734,-71.0779993,38.456,-32.060508968025346,0.12638168,1769642949766
4958,1299709952,1769645243047,19:07:23.047,42.349734,-71.0779993,38.456,-32.060508968025346,0.12638168,1769642949766
4959,1299972096,1769645243619,19:07:23.619,42.349734,-71.0779993,38.456,-32.060508968025346,0.12638168,1769642949766
4960,1300234240,1769645244017,19:07:24.017,42.349734,-71.0779993,38.456,-32.060508968025346,0.12638168,1769642949766
4961,1300496384,1769645244578,19:07:24.578,42.349734,-71.0779993,38.456,-32.060508968025346,0.12638168,1769642949766
4962,1300758528,1769645245003,19:07:25.003,42.349734,-71.0779993,38.456,-32.060508968025346,0.12638168,1769642949766
4963,1301020672,1769645245353,19:07:25.353,42.349734,-71.0779993,38.456,-32.060508968025346,0.12638168,1769642949766
4964,1301282816,1769645245782,19:07:25.782,42.349734,-71.0779993,38.456,-32.060508968025346,0.12638168,1769642949766
4965,1301544960,1769645246152,19:07:26.152,42.349734,-71.0779993,38.456,-32.060508968025346,0.12638168,1769642949766
4966,1301807104,1769645246500,19:07:26.500,42.349734,-71.0779993,38.456,-32.060508968025346,0.12638168,1769642949766
4967,1302069248,1769645246876,19:07:26.876,42.349734,-71.0779993,38.456,-32.060508968025346,0.12638168,1769642949766
4968,1302331392,1769645247255,19:07:27.255,42.349734,-71.0779993,38.456,-32.060508968025346,0.12638168,1769642949766
4969,1302593536,1769645247719,19:07:27.719,42.349734,-71.0779993,38.456,-32.060508968025346,0.12638168,1769642949766
4970,1302855680,1769645248303,19:07:28.303,42.349734,-71.0779993,38.456,-32.060508968025346,0.12638168,1769642949766
4971,1303117824,1769645248850,19:07:28.850,42.349734,-71.0779993,38.456,-32.060508968025346,0.12638168,1769642949766
4972,1303379968,1769645249347,19:07:29.347,42.349734,-71.0779993,38.456,-32.060508968025346,0.12638168,1769642949766
4973,1303642112,1769645249852,19:07:29.852,42.349734,-71.0779993,38.456,-32.060508968025346,0.12638168,1769642949766
4974,1303904256,1769645250199,19:07:30.199,42.349734,-71.0779993,38.456,-32.060508968025346,0.12638168,1769642949766
4975,1304166400,1769645250552,19:07:30.552,42.349734,-71.0779993,38.456,-32.060508968025346,0.12638168,1769642949766
4976,1304428544,1769645250908,19:07:30.908,42.349734,-71.0779993,38.456,-32.060508968025346,0.12638168,1769642949766
4977,1304690688,1769645251256,19:07:31.256,42.349734,-71.0779993,38.456,-32.060508968025346,0.12638168,1769642949766
4978,1304952832,1769645251607,19:07:31.607,42.349734,-71.0779993,38.456,-32.060508968025346,0.12638168,1769642949766
4979,1305214976,1769645252003,19:07:32.003,42.349734,-71.0779993,38.456,-32.060508968025346,0.12638168,1769642949766
4980,1305477120,1769645252348,19:07:32.348,42.349734,-71.0779993,38.456,-32.060508968025346,0.12638168,1769642949766
4981,1305739264,1769645252697,19:07:32.697,42.349734,-71.0779993,38.456,-32.060508968025346,0.12638168,1769642949766
4982,1306001408,1769645253048,19:07:33.048,42.349734,-71.0779993,38.456,-32.060508968025346,0.12638168,1769642949766
4983,1306263552,1769645253399,19:07:33.399,42.349734,-71.0779993,38.456,-32.060508968025346,0.12638168,1769642949766
4984,1306525696,1769645253748,19:07:33.748,42.349734,-71.0779993,38.456,-32.060508968025346,0.12638168,1769642949766
4985,1306787840,1769645254099,19:07:34.099,42.349734,-71.0779993,38.456,-32.060508968025346,0.12638168,1769642949766
4986,1307049984,1769645254472,19:07:34.472,42.349734,-71.0779993,38.456,-32.060508968025346,0.12638168,1769642949766
4987,1307312128,1769645254792,19:07:34.792,42.349734,-71.0779993,38.456,-32.060508968025346,0.12638168,1769642949766
4988,1307574272,1769645255118,19:07:35.118,42.349734,-71.0779993,38.456,-32.060508968025346,0.12638168,1769642949766
4989,1307836416,1769645255428,19:07:35.428,42.349734,-71.0779993,38.456,-32.060508968025346,0.12638168,1769642949766
4990,1308098560,1769645255752,19:07:35.752,42.349734,-71.0779993,38.456,-32.060508968025346,0.12638168,1769642949766
4991,1308360704,1769645256105,19:07:36.105,42.349734,-71.0779993,38.456,-32.060508968025346,0.12638168,1769642949766
4992,1308622848,1769645256453,19:07:36.453,42.349734,-71.0779993,38.456,-32.060508968025346,0.12638168,1769642949766
4993,1308884992,1769645257040,19:07:37.040,42.349734,-71.0779993,38.456,-32.060508968025346,0.12638168,1769642949766
4994,1309147136,1769645257546,19:07:37.546,42.349734,-71.0779993,38.456,-32.060508968025346,0.12638168,1769642949766
4995,1309409280,1769645258097,19:07:38.097,42.349734,-71.0779993,38.456,-32.060508968025346,0.12638168,1769642949766
4996,1309671424,1769645258782,19:07:38.782,42.349734,-71.0779993,38.456,-32.060508968025346,0.12638168,1769642949766
4997,1309933568,1769645259496,19:07:39.496,42.349734,-71.0779993,38.456,-32.060508968025346,0.12638168,1769642949766
4998,1310195712,1769645260039,19:07:40.039,42.349734,-71.0779993,38.456,-32.060508968025346,0.12638168,1769642949766
4999,1310457856,1769645260491,19:07:40.491,42.349734,-71.0779993,38.456,-32.060508968025346,0.12638168,1769642949766
5000,1310720000,1769645260831,19:07:40.831,42.349734,-71.0779993,38.456,-32.060508968025346,0.12638168,1769642949766
5001,1310982144,1769645261178,19:07:41.178,42.349734,-71.0779993,38.456,-32.060508968025346,0.12638168,1769642949766
5002,1311244288,1769645261527,19:07:41.527,42.349734,-71.0779993,38.456,-32.060508968025346,0.12638168,1769642949766
5003,1311506432,1769645261881,19:07:41.881,42.349734,-71.0779993,38.456,-32.060508968025346,0.12638168,1769642949766
5004,1311768576,1769645262438,19:07:42.438,42.349734,-71.0779993,38.456,-32.060508968025346,0.12638168,1769642949766
5005,1312030720,1769645263192,19:07:43.192,42.349734,-71.0779993,38.456,-32.060508968025346,0.12638168,1769642949766
5006,1312292864,1769645263783,19:07:43.783,42.349734,-71.0779993,38.456,-32.060508968025346,0.12638168,1769642949766
5007,1312555008,1769645264182,19:07:44.182,42.349734,-71.0779993,38.456,-32.060508968025346,0.12638168,1769642949766
5008,1312817152,1769645264635,19:07:44.635,42.349734,-71.0779993,38.456,-32.060508968025346,0.12638168,1769642949766
5009,1313079296,1769645264992,19:07:44.992,42.349734,-71.0779993,38.456,-32.060508968025346,0.12638168,1769642949766
5010,1313341440,1769645265355,19:07:45.355,42.349734,-71.0779993,38.456,-32.060508968025346,0.12638168,1769642949766
5011,1313603584,1769645265843,19:07:45.843,42.349734,-71.0779993,38.456,-32.060508968025346,0.12638168,1769642949766
5012,1313865728,1769645266280,19:07:46.280,42.349734,-71.0779993,38.456,-32.060508968025346,0.12638168,1769642949766
5013,1314127872,1769645266809,19:07:46.809,42.349734,-71.0779993,38.456,-32.060508968025346,0.12638168,1769642949766
5014,1314390016,1769645267159,19:07:47.159,42.349734,-71.0779993,38.456,-32.060508968025346,0.12638168,1769642949766
5015,1314652160,1769645267681,19:07:47.681,42.349734,-71.0779993,38.456,-32.060508968025346,0.12638168,1769642949766
5016,1314914304,1769645268190,19:07:48.190,42.349734,-71.0779993,38.456,-32.060508968025346,0.12638168,1769642949766
5017,1315176448,1769645268851,19:07:48.851,42.349734,-71.0779993,38.456,-32.060508968025346,0.12638168,1769642949766
5018,1315438592,1769645269337,19:07:49.337,42.349734,-71.0779993,38.456,-32.060508968025346,0.12638168,1769642949766
5019,1315700736,1769645270057,19:07:50.057,42.349734,-71.0779993,38.456,-32.060508968025346,0.12638168,1769642949766
5020,1315962880,1769645270685,19:07:50.685,42.349734,-71.0779993,38.456,-32.060508968025346,0.12638168,1769642949766
5021,1316225024,1769645271239,19:07:51.239,42.349734,-71.0779993,38.456,-32.060508968025346,0.12638168,1769642949766
5022,1316487168,1769645271787,19:07:51.787,42.349734,-71.0779993,38.456,-32.060508968025346,0.12638168,1769642949766
5023,1316749312,1769645272400,19:07:52.400,42.349734,-71.0779993,38.456,-32.060508968025346,0.12638168,1769642949766
5024,1317011456,1769645273172,19:07:53.172,42.349734,-71.0779993,38.456,-32.060508968025346,0.12638168,1769642949766
5025,1317273600,1769645273533,19:07:53.533,42.349734,-71.0779993,38.456,-32.060508968025346,0.12638168,1769642949766
5026,1317535744,1769645273963,19:07:53.963,42.349734,-71.0779993,38.456,-32.060508968025346,0.12638168,1769642949766
5027,1317797888,1769645274505,19:07:54.505,42.349734,-71.0779993,38.456,-32.060508968025346,0.12638168,1769642949766
5028,1318060032,1769645274916,19:07:54.916,42.349734,-71.0779993,38.456,-32.060508968025346,0.12638168,1769642949766
5029,1318322176,1769645275263,19:07:55.263,42.349734,-71.0779993,38.456,-32.060508968025346,0.12638168,1769642949766
5030,1318584320,1769645275686,19:07:55.686,42.349734,-71.0779993,38.456,-32.060508968025346,0.12638168,1769642949766
5031,1318846464,1769645276034,19:07:56.034,42.349734,-71.0779993,38.456,-32.060508968025346,0.12638168,1769642949766
5032,1319108608,1769645276432,19:07:56.432,42.349734,-71.0779993,38.456,-32.060508968025346,0.12638168,1769642949766
5033,1319370752,1769645276796,19:07:56.796,42.349734,-71.0779993,38.456,-32.060508968025346,0.12638168,1769642949766
5034,1319632896,1769645277150,19:07:57.150,42.349734,-71.0779993,38.456,-32.060508968025346,0.12638168,1769642949766
5035,1319895040,1769645277498,19:07:57.498,42.349734,-71.0779993,38.456,-32.060508968025346,0.12638168,1769642949766
5036,1320157184,1769645277884,19:07:57.884,42.349734,-71.0779993,38.456,-32.060508968025346,0.12638168,1769642949766
5037,1320419328,1769645278269,19:07:58.269,42.349734,-71.0779993,38.456,-32.060508968025346,0.12638168,1769642949766
5038,1320681472,1769645278681,19:07:58.681,42.349734,-71.0779993,38.456,-32.060508968025346,0.12638168,1769642949766
5039,1320943616,1769645279001,19:07:59.001,42.349734,-71.0779993,38.456,-32.060508968025346,0.12638168,1769642949766
5040,1321205760,1769645279353,19:07:59.353,42.349734,-71.0779993,38.456,-32.060508968025346,0.12638168,1769642949766
5041,1321467904,1769645279713,19:07:59.713,42.349734,-71.0779993,38.456,-32.060508968025346,0.12638168,1769642949766
5042,1321730048,1769645280053,19:08:00.053,42.349734,-71.0779993,38.456,-32.060508968025346,0.12638168,1769642949766
5043,1321992192,1769645280419,19:08:00.419,42.349734,-71.0779993,38.456,-32.060508968025346,0.12638168,1769642949766
5044,1322254336,1769645280837,19:08:00.837,42.349734,-71.0779993,38.456,-32.060508968025346,0.12638168,1769642949766
5045,1322516480,1769645281238,19:08:01.238,42.349734,-71.0779993,38.456,-32.060508968025346,0.12638168,1769642949766
5046,1322778624,1769645281627,19:08:01.627,42.349734,-71.0779993,38.456,-32.060508968025346,0.12638168,1769642949766
5047,1323040768,1769645282020,19:08:02.020,42.349734,-71.0779993,38.456,-32.060508968025346,0.12638168,1769642949766
5048,1323302912,1769645282626,19:08:02.626,42.349734,-71.0779993,38.456,-32.060508968025346,0.12638168,1769642949766
5049,1323565056,1769645282984,19:08:02.984,42.349734,-71.0779993,38.456,-32.060508968025346,0.12638168,1769642949766
5050,1323827200,1769645283468,19:08:03.468,42.349734,-71.0779993,38.456,-32.060508968025346,0.12638168,1769642949766
5051,1324089344,1769645283860,19:08:03.860,42.349734,-71.0779993,38.456,-32.060508968025346,0.12638168,1769642949766
5052,1324351488,1769645284281,19:08:04.281,42.349734,-71.0779993,38.456,-32.060508968025346,0.12638168,1769642949766
5053,1324613632,1769645284784,19:08:04.784,42.349734,-71.0779993,38.456,-32.060508968025346,0.12638168,1769642949766
5054,1324875776,1769645285138,19:08:05.138,42.349734,-71.0779993,38.456,-32.060508968025346,0.12638168,1769642949766
5055,1325137920,1769645285496,19:08:05.496,42.349734,-71.0779993,38.456,-32.060508968025346,0.12638168,1769642949766
5056,1325400064,1769645285911,19:08:05.911,42.349734,-71.0779993,38.456,-32.060508968025346,0.12638168,1769642949766
5057,1325662208,1769645286304,19:08:06.304,42.349734,-71.0779993,38.456,-32.060508968025346,0.12638168,1769642949766
5058,1325924352,1769645286653,19:08:06.653,42.349734,-71.0779993,38.456,-32.060508968025346,0.12638168,1769642949766
5059,1326186496,1769645287001,19:08:07.001,42.349734,-71.0779993,38.456,-32.060508968025346,0.12638168,1769642949766
5060,1326448640,1769645287354,19:08:07.354,42.349734,-71.0779993,38.456,-32.060508968025346,0.12638168,1769642949766
5061,1326710784,1769645287736,19:08:07.736,42.349734,-71.0779993,38.456,-32.060508968025346,0.12638168,1769642949766
5062,1326972928,1769645288144,19:08:08.144,42.349734,-71.0779993,38.456,-32.060508968025346,0.12638168,1769642949766
5063,1327235072,1769645288666,19:08:08.666,42.349734,-71.0779993,38.456,-32.060508968025346,0.12638168,1769642949766
5064,1327497216,1769645289019,19:08:09.019,42.349734,-71.0779993,38.456,-32.060508968025346,0.12638168,1769642949766
5065,1327759360,1769645289410,19:08:09.410,42.349734,-71.0779993,38.456,-32.060508968025346,0.12638168,1769642949766
5066,1328021504,1769645289792,19:08:09.792,42.349734,-71.0779993,38.456,-32.060508968025346,0.12638168,1769642949766
5067,1328283648,1769645290147,19:08:10.147,42.349734,-71.0779993,38.456,-32.060508968025346,0.12638168,1769642949766
5068,1328545792,1769645290533,19:08:10.533,42.349734,-71.0779993,38.456,-32.060508968025346,0.12638168,1769642949766
5069,1328807936,1769645290890,19:08:10.890,42.349734,-71.0779993,38.456,-32.060508968025346,0.12638168,1769642949766
5070,1329070080,1769645291236,19:08:11.236,42.349734,-71.0779993,38.456,-32.060508968025346,0.12638168,1769642949766
5071,1329332224,1769645291583,19:08:11.583,42.349734,-71.0779993,38.456,-32.060508968025346,0.12638168,1769642949766
5072,1329594368,1769645291933,19:08:11.933,42.349734,-71.0779993,38.456,-32.060508968025346,0.12638168,1769642949766
5073,1329856512,1769645292288,19:08:12.288,42.349734,-71.0779993,38.456,-32.060508968025346,0.12638168,1769642949766
5074,1330118656,1769645292652,19:08:12.652,42.349734,-71.0779993,38.456,-32.060508968025346,0.12638168,1769642949766
5075,1330380800,1769645293002,19:08:13.002,42.349734,-71.0779993,38.456,-32.060508968025346,0.12638168,1769642949766
5076,1330642944,1769645293430,19:08:13.430,42.349734,-71.0779993,38.456,-32.060508968025346,0.12638168,1769642949766
5077,1330905088,1769645293859,19:08:13.859,42.349734,-71.0779993,38.456,-32.060508968025346,0.12638168,1769642949766
5078,1331167232,1769645294213,19:08:14.213,42.349734,-71.0779993,38.456,-32.060508968025346,0.12638168,1769642949766
5079,1331429376,1769645294625,19:08:14.625,42.349734,-71.0779993,38.456,-32.060508968025346,0.12638168,1769642949766
5080,1331691520,1769645295035,19:08:15.035,42.349734,-71.0779993,38.456,-32.060508968025346,0.12638168,1769642949766
5081,1331953664,1769645295409,19:08:15.409,42.349734,-71.0779993,38.456,-32.060508968025346,0.12638168,1769642949766
5082,1332215808,1769645295829,19:08:15.829,42.349734,-71.0779993,38.456,-32.060508968025346,0.12638168,1769642949766
5083,1332477952,1769645296168,19:08:16.168,42.349734,-71.0779993,38.456,-32.060508968025346,0.12638168,1769642949766
5084,1332740096,1769645296604,19:08:16.604,42.349734,-71.0779993,38.456,-32.060508968025346,0.12638168,1769642949766
5085,1333002240,1769645296957,19:08:16.957,42.349734,-71.0779993,38.456,-32.060508968025346,0.12638168,1769642949766
5086,1333264384,1769645297334,19:08:17.334,42.349734,-71.0779993,38.456,-32.060508968025346,0.12638168,1769642949766
5087,1333526528,1769645297763,19:08:17.763,42.349734,-71.0779993,38.456,-32.060508968025346,0.12638168,1769642949766
5088,1333788672,1769645298113,19:08:18.113,42.349734,-71.0779993,38.456,-32.060508968025346,0.12638168,1769642949766
5089,1334050816,1769645298627,19:08:18.627,42.349734,-71.0779993,38.456,-32.060508968025346,0.12638168,1769642949766
5090,1334312960,1769645298972,19:08:18.972,42.349734,-71.0779993,38.456,-32.060508968025346,0.12638168,1769642949766
5091,1334575104,1769645299441,19:08:19.441,42.349734,-71.0779993,38.456,-32.060508968025346,0.12638168,1769642949766
5092,1334837248,1769645299935,19:08:19.935,42.349734,-71.0779993,38.456,-32.060508968025346,0.12638168,1769642949766
5093,1335099392,1769645300290,19:08:20.290,42.349734,-71.0779993,38.456,-32.060508968025346,0.12638168,1769642949766
5094,1335361536,1769645300667,19:08:20.667,42.349734,-71.0779993,38.456,-32.060508968025346,0.12638168,1769642949766
5095,1335623680,1769645301021,19:08:21.021,42.349734,-71.0779993,38.456,-32.060508968025346,0.12638168,1769642949766
5096,1335885824,1769645301375,19:08:21.375,42.349734,-71.0779993,38.456,-32.060508968025346,0.12638168,1769642949766
5097,1336147968,1769645301780,19:08:21.780,42.349734,-71.0779993,38.456,-32.060508968025346,0.12638168,1769642949766
5098,1336410112,1769645302195,19:08:22.195,42.349734,-71.0779993,38.456,-32.060508968025346,0.12638168,1769642949766
5099,1336672256,1769645302719,19:08:22.719,42.349734,-71.0779993,38.456,-32.060508968025346,0.12638168,1769642949766
5100,1336934400,1769645303095,19:08:23.095,42.349734,-71.0779993,38.456,-32.060508968025346,0.12638168,1769642949766
5101,1337196544,1769645303615,19:08:23.615,42.349734,-71.0779993,38.456,-32.060508968025346,0.12638168,1769642949766
5102,1337458688,1769645304164,19:08:24.164,42.349734,-71.0779993,38.456,-32.060508968025346,0.12638168,1769642949766
5103,1337720832,1769645304700,19:08:24.700,42.349734,-71.0779993,38.456,-32.060508968025346,0.12638168,1769642949766
5104,1337982976,1769645305105,19:08:25.105,42.349734,-71.0779993,38.456,-32.060508968025346,0.12638168,1769642949766
5105,1338245120,1769645305662,19:08:25.662,42.349734,-71.0779993,38.456,-32.060508968025346,0.12638168,1769642949766
5106,1338507264,1769645306261,19:08:26.261,42.349734,-71.0779993,38.456,-32.060508968025346,0.12638168,1769642949766
5107,1338769408,1769645306745,19:08:26.745,42.349734,-71.0779993,38.456,-32.060508968025346,0.12638168,1769642949766
5108,1339031552,1769645307113,19:08:27.113,42.349734,-71.0779993,38.456,-32.060508968025346,0.12638168,1769642949766
5109,1339293696,1769645307622,19:08:27.622,42.349734,-71.0779993,38.456,-32.060508968025346,0.12638168,1769642949766
5110,1339555840,1769645308154,19:08:28.154,42.349734,-71.0779993,38.456,-32.060508968025346,0.12638168,1769642949766
5111,1339817984,1769645308692,19:08:28.692,42.349734,-71.0779993,38.456,-32.060508968025346,0.12638168,1769642949766
5112,1340080128,1769645309263,19:08:29.263,42.349734,-71.0779993,38.456,-32.060508968025346,0.12638168,1769642949766
5113,1340342272,1769645309648,19:08:29.648,42.349734,-71.0779993,38.456,-32.060508968025346,0.12638168,1769642949766
5114,1340604416,1769645310186,19:08:30.186,42.349734,-71.0779993,38.456,-32.060508968025346,0.12638168,1769642949766
5115,1340866560,1769645310735,19:08:30.735,42.349734,-71.0779993,38.456,-32.060508968025346,0.12638168,1769642949766
5116,1341128704,1769645311227,19:08:31.227,42.349734,-71.0779993,38.456,-32.060508968025346,0.12638168,1769642949766
5117,1341390848,1769645311581,19:08:31.581,42.349734,-71.0779993,38.456,-32.060508968025346,0.12638168,1769642949766
5118,1341652992,1769645312088,19:08:32.088,42.349734,-71.0779993,38.456,-32.060508968025346,0.12638168,1769642949766
5119,1341915136,1769645312501,19:08:32.501,42.349734,-71.0779993,38.456,-32.060508968025346,0.12638168,1769642949766
5120,1342177280,1769645312937,19:08:32.937,42.349734,-71.0779993,38.456,-32.060508968025346,0.12638168,1769642949766
5121,1342439424,1769645313446,19:08:33.446,42.349734,-71.0779993,38.456,-32.060508968025346,0.12638168,1769642949766
5122,1342701568,1769645313869,19:08:33.869,42.349734,-71.0779993,38.456,-32.060508968025346,0.12638168,1769642949766
5123,1342963712,1769645314303,19:08:34.303,42.349734,-71.0779993,38.456,-32.060508968025346,0.12638168,1769642949766
5124,1343225856,1769645314852,19:08:34.852,42.349734,-71.0779993,38.456,-32.060508968025346,0.12638168,1769642949766
5125,1343488000,1769645315396,19:08:35.396,42.349734,-71.0779993,38.456,-32.060508968025346,0.12638168,1769642949766
5126,1343750144,1769645315983,19:08:35.983,42.349734,-71.0779993,38.456,-32.060508968025346,0.12638168,1769642949766
5127,1344012288,1769645316385,19:08:36.385,42.349734,-71.0779993,38.456,-32.060508968025346,0.12638168,1769642949766
5128,1344274432,1769645316849,19:08:36.849,42.349734,-71.0779993,38.456,-32.060508968025346,0.12638168,1769642949766
5129,1344536576,1769645317308,19:08:37.308,42.349734,-71.0779993,38.456,-32.060508968025346,0.12638168,1769642949766
5130,1344798720,1769645317837,19:08:37.837,42.349734,-71.0779993,38.456,-32.060508968025346,0.12638168,1769642949766
5131,1345060864,1769645318320,19:08:38.320,42.349734,-71.0779993,38.456,-32.060508968025346,0.12638168,1769642949766
5132,1345323008,1769645318907,19:08:38.907,42.349734,-71.0779993,38.456,-32.060508968025346,0.12638168,1769642949766
5133,1345585152,1769645319344,19:08:39.344,42.349734,-71.0779993,38.456,-32.060508968025346,0.12638168,1769642949766
5134,1345847296,1769645319805,19:08:39.805,42.349734,-71.0779993,38.456,-32.060508968025346,0.12638168,1769642949766
5135,1346109440,1769645320273,19:08:40.273,42.349734,-71.0779993,38.456,-32.060508968025346,0.12638168,1769642949766
5136,1346371584,1769645320917,19:08:40.917,42.349734,-71.0779993,38.456,-32.060508968025346,0.12638168,1769642949766
5137,1346633728,1769645321312,19:08:41.312,42.349734,-71.0779993,38.456,-32.060508968025346,0.12638168,1769642949766
5138,1346895872,1769645321720,19:08:41.720,42.349734,-71.0779993,38.456,-32.060508968025346,0.12638168,1769642949766
5139,1347158016,1769645322045,19:08:42.045,42.349734,-71.0779993,38.456,-32.060508968025346,0.12638168,1769642949766
5140,1347420160,1769645322391,19:08:42.391,42.349734,-71.0779993,38.456,-32.060508968025346,0.12638168,1769642949766
5141,1347682304,1769645322766,19:08:42.766,42.349734,-71.0779993,38.456,-32.060508968025346,0.12638168,1769642949766
5142,1347944448,1769645323118,19:08:43.118,42.349734,-71.0779993,38.456,-32.060508968025346,0.12638168,1769642949766
5143,1348206592,1769645323471,19:08:43.471,42.349734,-71.0779993,38.456,-32.060508968025346,0.12638168,1769642949766
5144,1348468736,1769645323818,19:08:43.818,42.349734,-71.0779993,38.456,-32.060508968025346,0.12638168,1769642949766
5145,1348730880,1769645324170,19:08:44.170,42.349734,-71.0779993,38.456,-32.060508968025346,0.12638168,1769642949766
5146,1348993024,1769645324541,19:08:44.541,42.349734,-71.0779993,38.456,-32.060508968025346,0.12638168,1769642949766
5147,1349255168,1769645324868,19:08:44.868,42.349734,-71.0779993,38.456,-32.060508968025346,0.12638168,1769642949766
5148,1349517312,1769645325219,19:08:45.219,42.349734,-71.0779993,38.456,-32.060508968025346,0.12638168,1769642949766
5149,1349779456,1769645325622,19:08:45.622,42.349734,-71.0779993,38.456,-32.060508968025346,0.12638168,1769642949766
5150,1350041600,1769645326011,19:08:46.011,42.349734,-71.0779993,38.456,-32.060508968025346,0.12638168,1769642949766
5151,1350303744,1769645326376,19:08:46.376,42.349734,-71.0779993,38.456,-32.060508968025346,0.12638168,1769642949766
5152,1350565888,1769645326736,19:08:46.736,42.349734,-71.0779993,38.456,-32.060508968025346,0.12638168,1769642949766
5153,1350828032,1769645327089,19:08:47.089,42.349734,-71.0779993,38.456,-32.060508968025346,0.12638168,1769642949766
5154,1351090176,1769645327439,19:08:47.439,42.349734,-71.0779993,38.456,-32.060508968025346,0.12638168,1769642949766
5155,1351352320,1769645327793,19:08:47.793,42.349734,-71.0779993,38.456,-32.060508968025346,0.12638168,1769642949766
5156,1351614464,1769645328173,19:08:48.173,42.349734,-71.0779993,38.456,-32.060508968025346,0.12638168,1769642949766
5157,1351876608,1769645328526,19:08:48.526,42.349734,-71.0779993,38.456,-32.060508968025346,0.12638168,1769642949766
5158,1352138752,1769645328883,19:08:48.883,42.349734,-71.0779993,38.456,-32.060508968025346,0.12638168,1769642949766
5159,1352400896,1769645329234,19:08:49.234,42.349734,-71.0779993,38.456,-32.060508968025346,0.12638168,1769642949766
5160,1352663040,1769645329638,19:08:49.638,42.349734,-71.0779993,38.456,-32.060508968025346,0.12638168,1769642949766
5161,1352925184,1769645330104,19:08:50.104,42.349734,-71.0779993,38.456,-32.060508968025346,0.12638168,1769642949766
5162,1353187328,1769645330509,19:08:50.509,42.349734,-71.0779993,38.456,-32.060508968025346,0.12638168,1769642949766
5163,1353449472,1769645330930,19:08:50.930,42.349734,-71.0779993,38.456,-32.060508968025346,0.12638168,1769642949766
5164,1353711616,1769645331501,19:08:51.501,42.349734,-71.0779993,38.456,-32.060508968025346,0.12638168,1769642949766
5165,1353973760,1769645331914,19:08:51.914,42.349734,-71.0779993,38.456,-32.060508968025346,0.12638168,1769642949766
5166,1354235904,1769645332265,19:08:52.265,42.349734,-71.0779993,38.456,-32.060508968025346,0.12638168,1769642949766
5167,1354498048,1769645332721,19:08:52.721,42.349734,-71.0779993,38.456,-32.060508968025346,0.12638168,1769642949766
5168,1354760192,1769645333104,19:08:53.104,42.349734,-71.0779993,38.456,-32.060508968025346,0.12638168,1769642949766
5169,1355022336,1769645333752,19:08:53.752,42.349734,-71.0779993,38.456,-32.060508968025346,0.12638168,1769642949766
5170,1355284480,1769645334137,19:08:54.137,42.349734,-71.0779993,38.456,-32.060508968025346,0.12638168,1769642949766
5171,1355546624,1769645334716,19:08:54.716,42.349734,-71.0779993,38.456,-32.060508968025346,0.12638168,1769642949766
5172,1355808768,1769645335087,19:08:55.087,42.349734,-71.0779993,38.456,-32.060508968025346,0.12638168,1769642949766
5173,1356070912,1769645335558,19:08:55.558,42.349734,-71.0779993,38.456,-32.060508968025346,0.12638168,1769642949766
5174,1356333056,1769645336054,19:08:56.054,42.349734,-71.0779993,38.456,-32.060508968025346,0.12638168,1769642949766
5175,1356595200,1769645336513,19:08:56.513,42.349734,-71.0779993,38.456,-32.060508968025346,0.12638168,1769642949766
5176,1356857344,1769645336947,19:08:56.947,42.349734,-71.0779993,38.456,-32.060508968025346,0.12638168,1769642949766
5177,1357119488,1769645337299,19:08:57.299,42.349734,-71.0779993,38.456,-32.060508968025346,0.12638168,1769642949766
5178,1357381632,1769645337651,19:08:57.651,42.349734,-71.0779993,38.456,-32.060508968025346,0.12638168,1769642949766
5179,1357643776,1769645338002,19:08:58.002,42.349734,-71.0779993,38.456,-32.060508968025346,0.12638168,1769642949766
5180,1357905920,1769645338353,19:08:58.353,42.349734,-71.0779993,38.456,-32.060508968025346,0.12638168,1769642949766
5181,1358168064,1769645338700,19:08:58.700,42.349734,-71.0779993,38.456,-32.060508968025346,0.12638168,1769642949766
5182,1358430208,1769645339072,19:08:59.072,42.349734,-71.0779993,38.456,-32.060508968025346,0.12638168,1769642949766
5183,1358692352,1769645339427,19:08:59.427,42.349734,-71.0779993,38.456,-32.060508968025346,0.12638168,1769642949766
5184,1358954496,1769645339767,19:08:59.767,42.349734,-71.0779993,38.456,-32.060508968025346,0.12638168,1769642949766
5185,1359216640,1769645340102,19:09:00.102,42.349734,-71.0779993,38.456,-32.060508968025346,0.12638168,1769642949766
5186,1359478784,1769645340635,19:09:00.635,42.349734,-71.0779993,38.456,-32.060508968025346,0.12638168,1769642949766
5187,1359740928,1769645340990,19:09:00.990,42.349734,-71.0779993,38.456,-32.060508968025346,0.12638168,1769642949766
5188,1360003072,1769645341338,19:09:01.338,42.349734,-71.0779993,38.456,-32.060508968025346,0.12638168,1769642949766
5189,1360265216,1769645341688,19:09:01.688,42.349734,-71.0779993,38.456,-32.060508968025346,0.12638168,1769642949766
5190,1360527360,1769645342039,19:09:02.039,42.349734,-71.0779993,38.456,-32.060508968025346,0.12638168,1769642949766
5191,1360789504,1769645342400,19:09:02.400,42.349734,-71.0779993,38.456,-32.060508968025346,0.12638168,1769642949766
5192,1361051648,1769645342886,19:09:02.886,42.349734,-71.0779993,38.456,-32.060508968025346,0.12638168,1769642949766
5193,1361313792,1769645343233,19:09:03.233,42.349734,-71.0779993,38.456,-32.060508968025346,0.12638168,1769642949766
5194,1361575936,1769645343654,19:09:03.654,42.349734,-71.0779993,38.456,-32.060508968025346,0.12638168,1769642949766
5195,1361838080,1769645344012,19:09:04.012,42.349734,-71.0779993,38.456,-32.060508968025346,0.12638168,1769642949766
5196,1362100224,1769645344415,19:09:04.415,42.349734,-71.0779993,38.456,-32.060508968025346,0.12638168,1769642949766
5197,1362362368,1769645344842,19:09:04.842,42.349734,-71.0779993,38.456,-32.060508968025346,0.12638168,1769642949766
5198,1362624512,1769645345193,19:09:05.193,42.349734,-71.0779993,38.456,-32.060508968025346,0.12638168,1769642949766
5199,1362886656,1769645345640,19:09:05.640,42.349734,-71.0779993,38.456,-32.060508968025346,0.12638168,1769642949766
5200,1363148800,1769645346014,19:09:06.014,42.349734,-71.0779993,38.456,-32.060508968025346,0.12638168,1769642949766
5201,1363410944,1769645346369,19:09:06.369,42.349734,-71.0779993,38.456,-32.060508968025346,0.12638168,1769642949766
5202,1363673088,1769645346759,19:09:06.759,42.349734,-71.0779993,38.456,-32.060508968025346,0.12638168,1769642949766
5203,1363935232,1769645347129,19:09:07.129,42.349734,-71.0779993,38.456,-32.060508968025346,0.12638168,1769642949766
5204,1364197376,1769645347617,19:09:07.617,42.349734,-71.0779993,38.456,-32.060508968025346,0.12638168,1769642949766
5205,1364459520,1769645348145,19:09:08.145,42.349734,-71.0779993,38.456,-32.060508968025346,0.12638168,1769642949766
5206,1364721664,1769645348654,19:09:08.654,42.349734,-71.0779993,38.456,-32.060508968025346,0.12638168,1769642949766
5207,1364983808,1769645349289,19:09:09.289,42.349734,-71.0779993,38.456,-32.060508968025346,0.12638168,1769642949766
5208,1365245952,1769645349828,19:09:09.828,42.349734,-71.0779993,38.456,-32.060508968025346,0.12638168,1769642949766
5209,1365508096,1769645350292,19:09:10.292,42.349734,-71.0779993,38.456,-32.060508968025346,0.12638168,1769642949766
5210,1365770240,1769645350659,19:09:10.659,42.349734,-71.0779993,38.456,-32.060508968025346,0.12638168,1769642949766
5211,1366032384,1769645351048,19:09:11.048,42.349734,-71.0779993,38.456,-32.060508968025346,0.12638168,1769642949766
5212,1366294528,1769645351798,19:09:11.798,42.349734,-71.0779993,38.456,-32.060508968025346,0.12638168,1769642949766
5213,1366556672,1769645352232,19:09:12.232,42.349734,-71.0779993,38.456,-32.060508968025346,0.12638168,1769642949766
5214,1366818816,1769645352676,19:09:12.676,42.349734,-71.0779993,38.456,-32.060508968025346,0.12638168,1769642949766
5215,1367080960,1769645353067,19:09:13.067,42.349734,-71.0779993,38.456,-32.060508968025346,0.12638168,1769642949766
5216,1367343104,1769645353599,19:09:13.599,42.349734,-71.0779993,38.456,-32.060508968025346,0.12638168,1769642949766
5217,1367605248,1769645353972,19:09:13.972,42.349734,-71.0779993,38.456,-32.060508968025346,0.12638168,1769642949766
5218,1367867392,1769645354449,19:09:14.449,42.349734,-71.0779993,38.456,-32.060508968025346,0.12638168,1769642949766
5219,1368129536,1769645354907,19:09:14.907,42.349734,-71.0779993,38.456,-32.060508968025346,0.12638168,1769642949766
5220,1368391680,1769645355245,19:09:15.245,42.349734,-71.0779993,38.456,-32.060508968025346,0.12638168,1769642949766
5221,1368653824,1769645355592,19:09:15.592,42.349734,-71.0779993,38.456,-32.060508968025346,0.12638168,1769642949766
5222,1368915968,1769645355944,19:09:15.944,42.349734,-71.0779993,38.456,-32.060508968025346,0.12638168,1769642949766
5223,1369178112,1769645356294,19:09:16.294,42.349734,-71.0779993,38.456,-32.060508968025346,0.12638168,1769642949766
5224,1369440256,1769645356646,19:09:16.646,42.349734,-71.0779993,38.456,-32.060508968025346,0.12638168,1769642949766
5225,1369702400,1769645357035,19:09:17.035,42.349734,-71.0779993,38.456,-32.060508968025346,0.12638168,1769642949766
5226,1369964544,1769645357412,19:09:17.412,42.349734,-71.0779993,38.456,-32.060508968025346,0.12638168,1769642949766
5227,1370226688,1769645357974,19:09:17.974,42.349734,-71.0779993,38.456,-32.060508968025346,0.12638168,1769642949766
5228,1370488832,1769645358805,19:09:18.805,42.349734,-71.0779993,38.456,-32.060508968025346,0.12638168,1769642949766
5229,1370750976,1769645359418,19:09:19.418,42.349734,-71.0779993,38.456,-32.060508968025346,0.12638168,1769642949766
5230,1371013120,1769645360097,19:09:20.097,42.349734,-71.0779993,38.456,-32.060508968025346,0.12638168,1769642949766
5231,1371275264,1769645360930,19:09:20.930,42.349734,-71.0779993,38.456,-32.060508968025346,0.12638168,1769642949766
5232,1371537408,1769645361294,19:09:21.294,42.349734,-71.0779993,38.456,-32.060508968025346,0.12638168,1769642949766
5233,1371799552,1769645361766,19:09:21.766,42.349734,-71.0779993,38.456,-32.060508968025346,0.12638168,1769642949766
5234,1372061696,1769645362168,19:09:22.168,42.349734,-71.0779993,38.456,-32.060508968025346,0.12638168,1769642949766
5235,1372323840,1769645362737,19:09:22.737,42.349734,-71.0779993,38.456,-32.060508968025346,0.12638168,1769642949766
5236,1372585984,1769645363383,19:09:23.383,42.349734,-71.0779993,38.456,-32.060508968025346,0.12638168,1769642949766
5237,1372848128,1769645363994,19:09:23.994,42.349734,-71.0779993,38.456,-32.060508968025346,0.12638168,1769642949766
5238,1373110272,1769645364499,19:09:24.499,42.349734,-71.0779993,38.456,-32.060508968025346,0.12638168,1769642949766
5239,1373372416,1769645364951,19:09:24.951,42.349734,-71.0779993,38.456,-32.060508968025346,0.12638168,1769642949766
5240,1373634560,1769645365389,19:09:25.389,42.349734,-71.0779993,38.456,-32.060508968025346,0.12638168,1769642949766
5241,1373896704,1769645365883,19:09:25.883,42.349734,-71.0779993,38.456,-32.060508968025346,0.12638168,1769642949766
5242,1374158848,1769645366335,19:09:26.335,42.349734,-71.0779993,38.456,-32.060508968025346,0.12638168,1769642949766
5243,1374420992,1769645366870,19:09:26.870,42.349734,-71.0779993,38.456,-32.060508968025346,0.12638168,1769642949766
5244,1374683136,1769645367255,19:09:27.255,42.349734,-71.0779993,38.456,-32.060508968025346,0.12638168,1769642949766
5245,1374945280,1769645367768,19:09:27.768,42.349734,-71.0779993,38.456,-32.060508968025346,0.12638168,1769642949766
5246,1375207424,1769645368166,19:09:28.166,42.349734,-71.0779993,38.456,-32.060508968025346,0.12638168,1769642949766
5247,1375469568,1769645368682,19:09:28.682,42.349734,-71.0779993,38.456,-32.060508968025346,0.12638168,1769642949766
5248,1375731712,1769645369193,19:09:29.193,42.349734,-71.0779993,38.456,-32.060508968025346,0.12638168,1769642949766
5249,1375993856,1769645369751,19:09:29.751,42.349734,-71.0779993,38.456,-32.060508968025346,0.12638168,1769642949766
5250,1376256000,1769645370222,19:09:30.222,42.349734,-71.0779993,38.456,-32.060508968025346,0.12638168,1769642949766
5251,1376518144,1769645370752,19:09:30.752,42.349734,-71.0779993,38.456,-32.060508968025346,0.12638168,1769642949766
5252,1376780288,1769645371176,19:09:31.176,42.349734,-71.0779993,38.456,-32.060508968025346,0.12638168,1769642949766
5253,1377042432,1769645371616,19:09:31.616,42.349734,-71.0779993,38.456,-32.060508968025346,0.12638168,1769642949766
5254,1377304576,1769645372085,19:09:32.085,42.349734,-71.0779993,38.456,-32.060508968025346,0.12638168,1769642949766
5255,1377566720,1769645372598,19:09:32.598,42.349734,-71.0779993,38.456,-32.060508968025346,0.12638168,1769642949766
5256,1377828864,1769645373053,19:09:33.053,42.349734,-71.0779993,38.456,-32.060508968025346,0.12638168,1769642949766
5257,1378091008,1769645373400,19:09:33.400,42.349734,-71.0779993,38.456,-32.060508968025346,0.12638168,1769642949766
5258,1378353152,1769645373854,19:09:33.854,42.349734,-71.0779993,38.456,-32.060508968025346,0.12638168,1769642949766
5259,1378615296,1769645374265,19:09:34.265,42.349734,-71.0779993,38.456,-32.060508968025346,0.12638168,1769642949766
5260,1378877440,1769645374668,19:09:34.668,42.349734,-71.0779993,38.456,-32.060508968025346,0.12638168,1769642949766
5261,1379139584,1769645375031,19:09:35.031,42.349734,-71.0779993,38.456,-32.060508968025346,0.12638168,1769642949766
5262,1379401728,1769645375339,19:09:35.339,42.349734,-71.0779993,38.456,-32.060508968025346,0.12638168,1769642949766
5263,1379663872,1769645375832,19:09:35.832,42.349734,-71.0779993,38.456,-32.060508968025346,0.12638168,1769642949766
5264,1379926016,1769645376228,19:09:36.228,42.349734,-71.0779993,38.456,-32.060508968025346,0.12638168,1769642949766
5265,1380188160,1769645376658,19:09:36.658,42.349734,-71.0779993,38.456,-32.060508968025346,0.12638168,1769642949766
5266,1380450304,1769645377134,19:09:37.134,42.349734,-71.0779993,38.456,-32.060508968025346,0.12638168,1769642949766
5267,1380712448,1769645377556,19:09:37.556,42.349734,-71.0779993,38.456,-32.060508968025346,0.12638168,1769642949766
5268,1380974592,1769645377925,19:09:37.925,42.349734,-71.0779993,38.456,-32.060508968025346,0.12638168,1769642949766
5269,1381236736,1769645378274,19:09:38.274,42.349734,-71.0779993,38.456,-32.060508968025346,0.12638168,1769642949766
5270,1381498880,1769645378623,19:09:38.623,42.349734,-71.0779993,38.456,-32.060508968025346,0.12638168,1769642949766
5271,1381761024,1769645378980,19:09:38.980,42.349734,-71.0779993,38.456,-32.060508968025346,0.12638168,1769642949766
5272,1382023168,1769645379334,19:09:39.334,42.349734,-71.0779993,38.456,-32.060508968025346,0.12638168,1769642949766
5273,1382285312,1769645379685,19:09:39.685,42.349734,-71.0779993,38.456,-32.060508968025346,0.12638168,1769642949766
5274,1382547456,1769645380044,19:09:40.044,42.349734,-71.0779993,38.456,-32.060508968025346,0.12638168,1769642949766
5275,1382809600,1769645380434,19:09:40.434,42.349734,-71.0779993,38.456,-32.060508968025346,0.12638168,1769642949766
5276,1383071744,1769645380839,19:09:40.839,42.349734,-71.0779993,38.456,-32.060508968025346,0.12638168,1769642949766
5277,1383333888,1769645381174,19:09:41.174,42.349734,-71.0779993,38.456,-32.060508968025346,0.12638168,1769642949766
5278,1383596032,1769645381546,19:09:41.546,42.349734,-71.0779993,38.456,-32.060508968025346,0.12638168,1769642949766
5279,1383858176,1769645381950,19:09:41.950,42.349734,-71.0779993,38.456,-32.060508968025346,0.12638168,1769642949766
5280,1384120320,1769645382268,19:09:42.268,42.349734,-71.0779993,38.456,-32.060508968025346,0.12638168,1769642949766
5281,1384382464,1769645382756,19:09:42.756,42.349734,-71.0779993,38.456,-32.060508968025346,0.12638168,1769642949766
5282,1384644608,1769645383174,19:09:43.174,42.349734,-71.0779993,38.456,-32.060508968025346,0.12638168,1769642949766
5283,1384906752,1769645383525,19:09:43.525,42.349734,-71.0779993,38.456,-32.060508968025346,0.12638168,1769642949766
5284,1385168896,1769645383876,19:09:43.876,42.349734,-71.0779993,38.456,-32.060508968025346,0.12638168,1769642949766
5285,1385431040,1769645384227,19:09:44.227,42.349734,-71.0779993,38.456,-32.060508968025346,0.12638168,1769642949766
5286,1385693184,1769645384638,19:09:44.638,42.349734,-71.0779993,38.456,-32.060508968025346,0.12638168,1769642949766
5287,1385955328,1769645384984,19:09:44.984,42.349734,-71.0779993,38.456,-32.060508968025346,0.12638168,1769642949766
5288,1386217472,1769645385335,19:09:45.335,42.349734,-71.0779993,38.456,-32.060508968025346,0.12638168,1769642949766
5289,1386479616,1769645385742,19:09:45.742,42.349734,-71.0779993,38.456,-32.060508968025346,0.12638168,1769642949766
5290,1386741760,1769645386119,19:09:46.119,42.349734,-71.0779993,38.456,-32.060508968025346,0.12638168,1769642949766
5291,1387003904,1769645386526,19:09:46.526,42.349734,-71.0779993,38.456,-32.060508968025346,0.12638168,1769642949766
5292,1387266048,1769645386855,19:09:46.855,42.349734,-71.0779993,38.456,-32.060508968025346,0.12638168,1769642949766
5293,1387528192,1769645387223,19:09:47.223,42.349734,-71.0779993,38.456,-32.060508968025346,0.12638168,1769642949766
5294,1387790336,1769645387610,19:09:47.610,42.349734,-71.0779993,38.456,-32.060508968025346,0.12638168,1769642949766
5295,1388052480,1769645387959,19:09:47.959,42.349734,-71.0779993,38.456,-32.060508968025346,0.12638168,1769642949766
5296,1388314624,1769645388310,19:09:48.310,42.349734,-71.0779993,38.456,-32.060508968025346,0.12638168,1769642949766
5297,1388576768,1769645388683,19:09:48.683,42.349734,-71.0779993,38.456,-32.060508968025346,0.12638168,1769642949766
5298,1388838912,1769645389060,19:09:49.060,42.349734,-71.0779993,38.456,-32.060508968025346,0.12638168,1769642949766
5299,1389101056,1769645389362,19:09:49.362,42.349734,-71.0779993,38.456,-32.060508968025346,0.12638168,1769642949766
5300,1389363200,1769645389712,19:09:49.712,42.349734,-71.0779993,38.456,-32.060508968025346,0.12638168,1769642949766
5301,1389625344,1769645390045,19:09:50.045,42.349734,-71.0779993,38.456,-32.060508968025346,0.12638168,1769642949766
5302,1389887488,1769645390393,19:09:50.393,42.349734,-71.0779993,38.456,-32.060508968025346,0.12638168,1769642949766
5303,1390149632,1769645390746,19:09:50.746,42.349734,-71.0779993,38.456,-32.060508968025346,0.12638168,1769642949766
5304,1390411776,1769645391095,19:09:51.095,42.349734,-71.0779993,38.456,-32.060508968025346,0.12638168,1769642949766
5305,1390673920,1769645391445,19:09:51.445,42.349734,-71.0779993,38.456,-32.060508968025346,0.12638168,1769642949766
5306,1390936064,1769645391798,19:09:51.798,42.349734,-71.0779993,38.456,-32.060508968025346,0.12638168,1769642949766
5307,1391198208,1769645392159,19:09:52.159,42.349734,-71.0779993,38.456,-32.060508968025346,0.12638168,1769642949766
5308,1391460352,1769645392720,19:09:52.720,42.349734,-71.0779993,38.456,-32.060508968025346,0.12638168,1769642949766
5309,1391722496,1769645393129,19:09:53.129,42.349734,-71.0779993,38.456,-32.060508968025346,0.12638168,1769642949766
5310,1391984640,1769645393549,19:09:53.549,42.349734,-71.0779993,38.456,-32.060508968025346,0.12638168,1769642949766
5311,1392246784,1769645393899,19:09:53.899,42.349734,-71.0779993,38.456,-32.060508968025346,0.12638168,1769642949766
5312,1392508928,1769645394246,19:09:54.246,42.349734,-71.0779993,38.456,-32.060508968025346,0.12638168,1769642949766
5313,1392771072,1769645394646,19:09:54.646,42.349734,-71.0779993,38.456,-32.060508968025346,0.12638168,1769642949766
5314,1393033216,1769645395222,19:09:55.222,42.349734,-71.0779993,38.456,-32.060508968025346,0.12638168,1769642949766
5315,1393295360,1769645395738,19:09:55.738,42.349734,-71.0779993,38.456,-32.060508968025346,0.12638168,1769642949766
5316,1393557504,1769645396287,19:09:56.287,42.349734,-71.0779993,38.456,-32.060508968025346,0.12638168,1769642949766
5317,1393819648,1769645396746,19:09:56.746,42.349734,-71.0779993,38.456,-32.060508968025346,0.12638168,1769642949766
5318,1394081792,1769645397269,19:09:57.269,42.349734,-71.0779993,38.456,-32.060508968025346,0.12638168,1769642949766
5319,1394343936,1769645397757,19:09:57.757,42.349734,-71.0779993,38.456,-32.060508968025346,0.12638168,1769642949766
5320,1394606080,1769645398118,19:09:58.118,42.349734,-71.0779993,38.456,-32.060508968025346,0.12638168,1769642949766
5321,1394868224,1769645398514,19:09:58.514,42.349734,-71.0779993,38.456,-32.060508968025346,0.12638168,1769642949766
5322,1395130368,1769645399099,19:09:59.099,42.349734,-71.0779993,38.456,-32.060508968025346,0.12638168,1769642949766
5323,1395392512,1769645399516,19:09:59.516,42.349734,-71.0779993,38.456,-32.060508968025346,0.12638168,1769642949766
5324,1395654656,1769645399937,19:09:59.937,42.349734,-71.0779993,38.456,-32.060508968025346,0.12638168,1769642949766
5325,1395916800,1769645400348,19:10:00.348,42.349734,-71.0779993,38.456,-32.060508968025346,0.12638168,1769642949766
5326,1396178944,1769645400861,19:10:00.861,42.349734,-71.0779993,38.456,-32.060508968025346,0.12638168,1769642949766
5327,1396441088,1769645401369,19:10:01.369,42.349734,-71.0779993,38.456,-32.060508968025346,0.12638168,1769642949766
5328,1396703232,1769645401770,19:10:01.770,42.349734,-71.0779993,38.456,-32.060508968025346,0.12638168,1769642949766
5329,1396965376,1769645402226,19:10:02.226,42.349734,-71.0779993,38.456,-32.060508968025346,0.12638168,1769642949766
5330,1397227520,1769645402569,19:10:02.569,42.349734,-71.0779993,38.456,-32.060508968025346,0.12638168,1769642949766
5331,1397489664,1769645403028,19:10:03.028,42.349734,-71.0779993,38.456,-32.060508968025346,0.12638168,1769642949766
5332,1397751808,1769645403407,19:10:03.407,42.349734,-71.0779993,38.456,-32.060508968025346,0.12638168,1769642949766
5333,1398013952,1769645403965,19:10:03.965,42.349734,-71.0779993,38.456,-32.060508968025346,0.12638168,1769642949766
5334,1398276096,1769645404437,19:10:04.437,42.349734,-71.0779993,38.456,-32.060508968025346,0.12638168,1769642949766
5335,1398538240,1769645404851,19:10:04.851,42.349734,-71.0779993,38.456,-32.060508968025346,0.12638168,1769642949766
5336,1398800384,1769645405424,19:10:05.424,42.349734,-71.0779993,38.456,-32.060508968025346,0.12638168,1769642949766
5337,1399062528,1769645405955,19:10:05.955,42.349734,-71.0779993,38.456,-32.060508968025346,0.12638168,1769642949766
5338,1399324672,1769645406496,19:10:06.496,42.349734,-71.0779993,38.456,-32.060508968025346,0.12638168,1769642949766
5339,1399586816,1769645406904,19:10:06.904,42.349734,-71.0779993,38.456,-32.060508968025346,0.12638168,1769642949766
5340,1399848960,1769645407442,19:10:07.442,42.349734,-71.0779993,38.456,-32.060508968025346,0.12638168,1769642949766
5341,1400111104,1769645407893,19:10:07.893,42.349734,-71.0779993,38.456,-32.060508968025346,0.12638168,1769642949766
5342,1400373248,1769645408459,19:10:08.459,42.349734,-71.0779993,38.456,-32.060508968025346,0.12638168,1769642949766
5343,1400635392,1769645408910,19:10:08.910,42.349734,-71.0779993,38.456,-32.060508968025346,0.12638168,1769642949766
5344,1400897536,1769645409245,19:10:09.245,42.349734,-71.0779993,38.456,-32.060508968025346,0.12638168,1769642949766
5345,1401159680,1769645409923,19:10:09.923,42.349734,-71.0779993,38.456,-32.060508968025346,0.12638168,1769642949766
5346,1401421824,1769645411021,19:10:11.021,42.349734,-71.0779993,38.456,-32.060508968025346,0.12638168,1769642949766
5347,1401683968,1769645411632,19:10:11.632,42.349734,-71.0779993,38.456,-32.060508968025346,0.12638168,1769642949766
5348,1401946112,1769645412206,19:10:12.206,42.349734,-71.0779993,38.456,-32.060508968025346,0.12638168,1769642949766
5349,1402208256,1769645413141,19:10:13.141,42.349734,-71.0779993,38.456,-32.060508968025346,0.12638168,1769642949766
5350,1402470400,1769645413801,19:10:13.801,42.349734,-71.0779993,38.456,-32.060508968025346,0.12638168,1769642949766
5351,1402732544,1769645414303,19:10:14.303,42.349734,-71.0779993,38.456,-32.060508968025346,0.12638168,1769642949766
5352,1402994688,1769645414943,19:10:14.943,42.349734,-71.0779993,38.456,-32.060508968025346,0.12638168,1769642949766
5353,1403256832,1769645415467,19:10:15.467,42.349734,-71.0779993,38.456,-32.060508968025346,0.12638168,1769642949766
5354,1403518976,1769645415900,19:10:15.900,42.349734,-71.0779993,38.456,-32.060508968025346,0.12638168,1769642949766
5355,1403781120,1769645416277,19:10:16.277,42.349734,-71.0779993,38.456,-32.060508968025346,0.12638168,1769642949766
5356,1404043264,1769645416863,19:10:16.863,42.349734,-71.0779993,38.456,-32.060508968025346,0.12638168,1769642949766
5357,1404305408,1769645417235,19:10:17.235,42.349734,-71.0779993,38.456,-32.060508968025346,0.12638168,1769642949766
5358,1404567552,1769645417589,19:10:17.589,42.349734,-71.0779993,38.456,-32.060508968025346,0.12638168,1769642949766
5359,1404829696,1769645417957,19:10:17.957,42.349734,-71.0779993,38.456,-32.060508968025346,0.12638168,1769642949766
5360,1405091840,1769645418486,19:10:18.486,42.349734,-71.0779993,38.456,-32.060508968025346,0.12638168,1769642949766
5361,1405353984,1769645419046,19:10:19.046,42.349734,-71.0779993,38.456,-32.060508968025346,0.12638168,1769642949766
5362,1405616128,1769645419477,19:10:19.477,42.349734,-71.0779993,38.456,-32.060508968025346,0.12638168,1769642949766
5363,1405878272,1769645419940,19:10:19.940,42.349734,-71.0779993,38.456,-32.060508968025346,0.12638168,1769642949766
5364,1406140416,1769645420485,19:10:20.485,42.349734,-71.0779993,38.456,-32.060508968025346,0.12638168,1769642949766
5365,1406402560,1769645420890,19:10:20.890,42.349734,-71.0779993,38.456,-32.060508968025346,0.12638168,1769642949766
5366,1406664704,1769645421264,19:10:21.264,42.349734,-71.0779993,38.456,-32.060508968025346,0.12638168,1769642949766
5367,1406926848,1769645421782,19:10:21.782,42.349734,-71.0779993,38.456,-32.060508968025346,0.12638168,1769642949766
5368,1407188992,1769645422292,19:10:22.292,42.349734,-71.0779993,38.456,-32.060508968025346,0.12638168,1769642949766
5369,1407451136,1769645422772,19:10:22.772,42.349734,-71.0779993,38.456,-32.060508968025346,0.12638168,1769642949766
5370,1407713280,1769645423135,19:10:23.135,42.349734,-71.0779993,38.456,-32.060508968025346,0.12638168,1769642949766
5371,1407975424,1769645423455,19:10:23.455,42.349734,-71.0779993,38.456,-32.060508968025346,0.12638168,1769642949766
5372,1408237568,1769645423801,19:10:23.801,42.349734,-71.0779993,38.456,-32.060508968025346,0.12638168,1769642949766
5373,1408499712,1769645424444,19:10:24.444,42.349734,-71.0779993,38.456,-32.060508968025346,0.12638168,1769642949766
5374,1408761856,1769645424976,19:10:24.976,42.349734,-71.0779993,38.456,-32.060508968025346,0.12638168,1769642949766
5375,1409024000,1769645425327,19:10:25.327,42.349734,-71.0779993,38.456,-32.060508968025346,0.12638168,1769642949766
5376,1409286144,1769645425669,19:10:25.669,42.349734,-71.0779993,38.456,-32.060508968025346,0.12638168,1769642949766
5377,1409548288,1769645426058,19:10:26.058,42.349734,-71.0779993,38.456,-32.060508968025346,0.12638168,1769642949766
5378,1409810432,1769645426432,19:10:26.432,42.349734,-71.0779993,38.456,-32.060508968025346,0.12638168,1769642949766
5379,1410072576,1769645426809,19:10:26.809,42.349734,-71.0779993,38.456,-32.060508968025346,0.12638168,1769642949766
5380,1410334720,1769645427224,19:10:27.224,42.349734,-71.0779993,38.456,-32.060508968025346,0.12638168,1769642949766
5381,1410596864,1769645427619,19:10:27.619,42.349734,-71.0779993,38.456,-32.060508968025346,0.12638168,1769642949766
5382,1410859008,1769645428175,19:10:28.175,42.349734,-71.0779993,38.456,-32.060508968025346,0.12638168,1769642949766
5383,1411121152,1769645428633,19:10:28.633,42.349734,-71.0779993,38.456,-32.060508968025346,0.12638168,1769642949766
5384,1411383296,1769645429102,19:10:29.102,42.349734,-71.0779993,38.456,-32.060508968025346,0.12638168,1769642949766
5385,1411645440,1769645429413,19:10:29.413,42.349734,-71.0779993,38.456,-32.060508968025346,0.12638168,1769642949766
5386,1411907584,1769645429864,19:10:29.864,42.349734,-71.0779993,38.456,-32.060508968025346,0.12638168,1769642949766
5387,1412169728,1769645430194,19:10:30.194,42.349734,-71.0779993,38.456,-32.060508968025346,0.12638168,1769642949766
5388,1412431872,1769645430541,19:10:30.541,42.349734,-71.0779993,38.456,-32.060508968025346,0.12638168,1769642949766
5389,1412694016,1769645430890,19:10:30.890,42.349734,-71.0779993,38.456,-32.060508968025346,0.12638168,1769642949766
5390,1412956160,1769645431242,19:10:31.242,42.349734,-71.0779993,38.456,-32.060508968025346,0.12638168,1769642949766
5391,1413218304,1769645431594,19:10:31.594,42.349734,-71.0779993,38.456,-32.060508968025346,0.12638168,1769642949766
5392,1413480448,1769645431945,19:10:31.945,42.349734,-71.0779993,38.456,-32.060508968025346,0.12638168,1769642949766
5393,1413742592,1769645432359,19:10:32.359,42.349734,-71.0779993,38.456,-32.060508968025346,0.12638168,1769642949766
5394,1414004736,1769645432792,19:10:32.792,42.349734,-71.0779993,38.456,-32.060508968025346,0.12638168,1769642949766
5395,1414266880,1769645433209,19:10:33.209,42.349734,-71.0779993,38.456,-32.060508968025346,0.12638168,1769642949766
5396,1414529024,1769645433745,19:10:33.745,42.349734,-71.0779993,38.456,-32.060508968025346,0.12638168,1769642949766
5397,1414791168,1769645434108,19:10:34.108,42.349734,-71.0779993,38.456,-32.060508968025346,0.12638168,1769642949766
5398,1415053312,1769645434416,19:10:34.416,42.349734,-71.0779993,38.456,-32.060508968025346,0.12638168,1769642949766
5399,1415315456,1769645434801,19:10:34.801,42.349734,-71.0779993,38.456,-32.060508968025346,0.12638168,1769642949766
5400,1415577600,1769645435184,19:10:35.184,42.349734,-71.0779993,38.456,-32.060508968025346,0.12638168,1769642949766
5401,1415839744,1769645435548,19:10:35.548,42.349734,-71.0779993,38.456,-32.060508968025346,0.12638168,1769642949766
5402,1416101888,1769645435901,19:10:35.901,42.349734,-71.0779993,38.456,-32.060508968025346,0.12638168,1769642949766
5403,1416364032,1769645436248,19:10:36.248,42.349734,-71.0779993,38.456,-32.060508968025346,0.12638168,1769642949766
5404,1416626176,1769645436626,19:10:36.626,42.349734,-71.0779993,38.456,-32.060508968025346,0.12638168,1769642949766
5405,1416888320,1769645437095,19:10:37.095,42.349734,-71.0779993,38.456,-32.060508968025346,0.12638168,1769642949766
5406,1417150464,1769645437514,19:10:37.514,42.349734,-71.0779993,38.456,-32.060508968025346,0.12638168,1769642949766
5407,1417412608,1769645437947,19:10:37.947,42.349734,-71.0779993,38.456,-32.060508968025346,0.12638168,1769642949766
5408,1417674752,1769645438377,19:10:38.377,42.349734,-71.0779993,38.456,-32.060508968025346,0.12638168,1769642949766
5409,1417936896,1769645438912,19:10:38.912,42.349734,-71.0779993,38.456,-32.060508968025346,0.12638168,1769642949766
5410,1418199040,1769645439261,19:10:39.261,42.349734,-71.0779993,38.456,-32.060508968025346,0.12638168,1769642949766
5411,1418461184,1769645439632,19:10:39.632,42.349734,-71.0779993,38.456,-32.060508968025346,0.12638168,1769642949766
5412,1418723328,1769645440028,19:10:40.028,42.349734,-71.0779993,38.456,-32.060508968025346,0.12638168,1769642949766
5413,1418985472,1769645440403,19:10:40.403,42.349734,-71.0779993,38.456,-32.060508968025346,0.12638168,1769642949766
5414,1419247616,1769645440920,19:10:40.920,42.349734,-71.0779993,38.456,-32.060508968025346,0.12638168,1769642949766
5415,1419509760,1769645441334,19:10:41.334,42.349734,-71.0779993,38.456,-32.060508968025346,0.12638168,1769642949766
5416,1419771904,1769645442004,19:10:42.004,42.349734,-71.0779993,38.456,-32.060508968025346,0.12638168,1769642949766
5417,1420034048,1769645442581,19:10:42.581,42.349734,-71.0779993,38.456,-32.060508968025346,0.12638168,1769642949766
5418,1420296192,1769645442994,19:10:42.994,42.349734,-71.0779993,38.456,-32.060508968025346,0.12638168,1769642949766
5419,1420558336,1769645443322,19:10:43.322,42.349734,-71.0779993,38.456,-32.060508968025346,0.12638168,1769642949766
5420,1420820480,1769645443670,19:10:43.670,42.349734,-71.0779993,38.456,-32.060508968025346,0.12638168,1769642949766
5421,1421082624,1769645444028,19:10:44.028,42.349734,-71.0779993,38.456,-32.060508968025346,0.12638168,1769642949766
5422,1421344768,1769645444368,19:10:44.368,42.349734,-71.0779993,38.456,-32.060508968025346,0.12638168,1769642949766
5423,1421606912,1769645444833,19:10:44.833,42.349734,-71.0779993,38.456,-32.060508968025346,0.12638168,1769642949766
5424,1421869056,1769645445201,19:10:45.201,42.349734,-71.0779993,38.456,-32.060508968025346,0.12638168,1769642949766
5425,1422131200,1769645445597,19:10:45.597,42.349734,-71.0779993,38.456,-32.060508968025346,0.12638168,1769642949766
5426,1422393344,1769645446248,19:10:46.248,42.349734,-71.0779993,38.456,-32.060508968025346,0.12638168,1769642949766
5427,1422655488,1769645446735,19:10:46.735,42.349734,-71.0779993,38.456,-32.060508968025346,0.12638168,1769642949766
5428,1422917632,1769645447139,19:10:47.139,42.349734,-71.0779993,38.456,-32.060508968025346,0.12638168,1769642949766
5429,1423179776,1769645447598,19:10:47.598,42.349734,-71.0779993,38.456,-32.060508968025346,0.12638168,1769642949766
5430,1423441920,1769645447948,19:10:47.948,42.349734,-71.0779993,38.456,-32.060508968025346,0.12638168,1769642949766
5431,1423704064,1769645448311,19:10:48.311,42.349734,-71.0779993,38.456,-32.060508968025346,0.12638168,1769642949766
5432,1423966208,1769645448658,19:10:48.658,42.349734,-71.0779993,38.456,-32.060508968025346,0.12638168,1769642949766
5433,1424228352,1769645449080,19:10:49.080,42.349734,-71.0779993,38.456,-32.060508968025346,0.12638168,1769642949766
5434,1424490496,1769645449543,19:10:49.543,42.349734,-71.0779993,38.456,-32.060508968025346,0.12638168,1769642949766
5435,1424752640,1769645450018,19:10:50.018,42.349734,-71.0779993,38.456,-32.060508968025346,0.12638168,1769642949766
5436,1425014784,1769645450373,19:10:50.373,42.349734,-71.0779993,38.456,-32.060508968025346,0.12638168,1769642949766
5437,1425276928,1769645450963,19:10:50.963,42.349734,-71.0779993,38.456,-32.060508968025346,0.12638168,1769642949766
5438,1425539072,1769645451386,19:10:51.386,42.349734,-71.0779993,38.456,-32.060508968025346,0.12638168,1769642949766
5439,1425801216,1769645451805,19:10:51.805,42.349734,-71.0779993,38.456,-32.060508968025346,0.12638168,1769642949766
5440,1426063360,1769645452236,19:10:52.236,42.349734,-71.0779993,38.456,-32.060508968025346,0.12638168,1769642949766
5441,1426325504,1769645452591,19:10:52.591,42.349734,-71.0779993,38.456,-32.060508968025346,0.12638168,1769642949766
5442,1426587648,1769645452984,19:10:52.984,42.349734,-71.0779993,38.456,-32.060508968025346,0.12638168,1769642949766
5443,1426849792,1769645453548,19:10:53.548,42.349734,-71.0779993,38.456,-32.060508968025346,0.12638168,1769642949766
5444,1427111936,1769645453958,19:10:53.958,42.349734,-71.0779993,38.456,-32.060508968025346,0.12638168,1769642949766
5445,1427374080,1769645454328,19:10:54.328,42.349734,-71.0779993,38.456,-32.060508968025346,0.12638168,1769642949766
5446,1427636224,1769645454728,19:10:54.728,42.349734,-71.0779993,38.456,-32.060508968025346,0.12638168,1769642949766
5447,1427898368,1769645455221,19:10:55.221,42.349734,-71.0779993,38.456,-32.060508968025346,0.12638168,1769642949766
5448,1428160512,1769645455601,19:10:55.601,42.349734,-71.0779993,38.456,-32.060508968025346,0.12638168,1769642949766
5449,1428422656,1769645456047,19:10:56.047,42.349734,-71.0779993,38.456,-32.060508968025346,0.12638168,1769642949766
5450,1428684800,1769645456955,19:10:56.955,42.349734,-71.0779993,38.456,-32.060508968025346,0.12638168,1769642949766
5451,1428946944,1769645457809,19:10:57.809,42.349734,-71.0779993,38.456,-32.060508968025346,0.12638168,1769642949766
5452,1429209088,1769645458173,19:10:58.173,42.349734,-71.0779993,38.456,-32.060508968025346,0.12638168,1769642949766
5453,1429471232,1769645458994,19:10:58.994,42.349734,-71.0779993,38.456,-32.060508968025346,0.12638168,1769642949766
5454,1429733376,1769645460051,19:11:00.051,42.349734,-71.0779993,38.456,-32.060508968025346,0.12638168,1769642949766
5455,1429995520,1769645460963,19:11:00.963,42.349734,-71.0779993,38.456,-32.060508968025346,0.12638168,1769642949766
5456,1430257664,1769645461566,19:11:01.566,42.349734,-71.0779993,38.456,-32.060508968025346,0.12638168,1769642949766
5457,1430519808,1769645462312,19:11:02.312,42.349734,-71.0779993,38.456,-32.060508968025346,0.12638168,1769642949766
5458,1430781952,1769645462911,19:11:02.911,42.349734,-71.0779993,38.456,-32.060508968025346,0.12638168,1769642949766
5459,1431044096,1769645463421,19:11:03.421,42.349734,-71.0779993,38.456,-32.060508968025346,0.12638168,1769642949766
5460,1431306240,1769645464052,19:11:04.052,42.349734,-71.0779993,38.456,-32.060508968025346,0.12638168,1769642949766
5461,1431568384,1769645464570,19:11:04.570,42.349734,-71.0779993,38.456,-32.060508968025346,0.12638168,1769642949766
5462,1431830528,1769645465002,19:11:05.002,42.349734,-71.0779993,38.456,-32.060508968025346,0.12638168,1769642949766
5463,1432092672,1769645465483,19:11:05.483,42.349734,-71.0779993,38.456,-32.060508968025346,0.12638168,1769642949766
5464,1432354816,1769645465999,19:11:05.999,42.349734,-71.0779993,38.456,-32.060508968025346,0.12638168,1769642949766
5465,1432616960,1769645466817,19:11:06.817,42.349734,-71.0779993,38.456,-32.060508968025346,0.12638168,1769642949766
5466,1432879104,1769645467536,19:11:07.536,42.349734,-71.0779993,38.456,-32.060508968025346,0.12638168,1769642949766
5467,1433141248,1769645468288,19:11:08.288,42.349734,-71.0779993,38.456,-32.060508968025346,0.12638168,1769642949766
5468,1433403392,1769645469060,19:11:09.060,42.349734,-71.0779993,38.456,-32.060508968025346,0.12638168,1769642949766
5469,1433665536,1769645469488,19:11:09.488,42.349734,-71.0779993,38.456,-32.060508968025346,0.12638168,1769642949766
5470,1433927680,1769645470084,19:11:10.084,42.349734,-71.0779993,38.456,-32.060508968025346,0.12638168,1769642949766
5471,1434189824,1769645470475,19:11:10.475,42.349734,-71.0779993,38.456,-32.060508968025346,0.12638168,1769642949766
5472,1434451968,1769645470915,19:11:10.915,42.349734,-71.0779993,38.456,-32.060508968025346,0.12638168,1769642949766
5473,1434714112,1769645471354,19:11:11.354,42.349734,-71.0779993,38.456,-32.060508968025346,0.12638168,1769642949766
5474,1434976256,1769645471836,19:11:11.836,42.349734,-71.0779993,38.456,-32.060508968025346,0.12638168,1769642949766
5475,1435238400,1769645472271,19:11:12.271,42.349734,-71.0779993,38.456,-32.060508968025346,0.12638168,1769642949766
5476,1435500544,1769645472797,19:11:12.797,42.349734,-71.0779993,38.456,-32.060508968025346,0.12638168,1769642949766
5477,1435762688,1769645473422,19:11:13.422,42.349734,-71.0779993,38.456,-32.060508968025346,0.12638168,1769642949766
5478,1436024832,1769645474034,19:11:14.034,42.349734,-71.0779993,38.456,-32.060508968025346,0.12638168,1769642949766
5479,1436286976,1769645474808,19:11:14.808,42.349734,-71.0779993,38.456,-32.060508968025346,0.12638168,1769642949766
5480,1436549120,1769645475508,19:11:15.508,42.349734,-71.0779993,38.456,-32.060508968025346,0.12638168,1769642949766
5481,1436811264,1769645476149,19:11:16.149,42.349734,-71.0779993,38.456,-32.060508968025346,0.12638168,1769642949766
5482,1437073408,1769645476913,19:11:16.913,42.349734,-71.0779993,38.456,-32.060508968025346,0.12638168,1769642949766
5483,1437335552,1769645477649,19:11:17.649,42.349734,-71.0779993,38.456,-32.060508968025346,0.12638168,1769642949766
5484,1437597696,1769645478399,19:11:18.399,42.349734,-71.0779993,38.456,-32.060508968025346,0.12638168,1769642949766
5485,1437859840,1769645479181,19:11:19.181,42.349734,-71.0779993,38.456,-32.060508968025346,0.12638168,1769642949766
5486,1438121984,1769645479659,19:11:19.659,42.349734,-71.0779993,38.456,-32.060508968025346,0.12638168,1769642949766
5487,1438384128,1769645480130,19:11:20.130,42.349734,-71.0779993,38.456,-32.060508968025346,0.12638168,1769642949766
5488,1438646272,1769645480455,19:11:20.455,42.349734,-71.0779993,38.456,-32.060508968025346,0.12638168,1769642949766
5489,1438908416,1769645480808,19:11:20.808,42.349734,-71.0779993,38.456,-32.060508968025346,0.12638168,1769642949766
5490,1439170560,1769645481187,19:11:21.187,42.349734,-71.0779993,38.456,-32.060508968025346,0.12638168,1769642949766
5491,1439432704,1769645481612,19:11:21.612,42.349734,-71.0779993,38.456,-32.060508968025346,0.12638168,1769642949766
5492,1439694848,1769645482022,19:11:22.022,42.349734,-71.0779993,38.456,-32.060508968025346,0.12638168,1769642949766
5493,1439956992,1769645482435,19:11:22.435,42.349734,-71.0779993,38.456,-32.060508968025346,0.12638168,1769642949766
5494,1440219136,1769645482952,19:11:22.952,42.349734,-71.0779993,38.456,-32.060508968025346,0.12638168,1769642949766
5495,1440481280,1769645483441,19:11:23.441,42.349734,-71.0779993,38.456,-32.060508968025346,0.12638168,1769642949766
5496,1440743424,1769645483912,19:11:23.912,42.349734,-71.0779993,38.456,-32.060508968025346,0.12638168,1769642949766
5497,1441005568,1769645484408,19:11:24.408,42.349734,-71.0779993,38.456,-32.060508968025346,0.12638168,1769642949766
5498,1441267712,1769645484803,19:11:24.803,42.349734,-71.0779993,38.456,-32.060508968025346,0.12638168,1769642949766
5499,1441529856,1769645485158,19:11:25.158,42.349734,-71.0779993,38.456,-32.060508968025346,0.12638168,1769642949766
5500,1441792000,1769645485929,19:11:25.929,42.349734,-71.0779993,38.456,-32.060508968025346,0.12638168,1769642949766
5501,1442054144,1769645486648,19:11:26.648,42.349734,-71.0779993,38.456,-32.060508968025346,0.12638168,1769642949766
5502,1442316288,1769645487351,19:11:27.351,42.349734,-71.0779993,38.456,-32.060508968025346,0.12638168,1769642949766
5503,1442578432,1769645488079,19:11:28.079,42.349734,-71.0779993,38.456,-32.060508968025346,0.12638168,1769642949766
5504,1442840576,1769645488664,19:11:28.664,42.349734,-71.0779993,38.456,-32.060508968025346,0.12638168,1769642949766
5505,1443102720,1769645489396,19:11:29.396,42.349734,-71.0779993,38.456,-32.060508968025346,0.12638168,1769642949766
5506,1443364864,1769645490355,19:11:30.355,42.349734,-71.0779993,38.456,-32.060508968025346,0.12638168,1769642949766
5507,1443627008,1769645491026,19:11:31.026,42.349734,-71.0779993,38.456,-32.060508968025346,0.12638168,1769642949766
5508,1443889152,1769645491604,19:11:31.604,42.349734,-71.0779993,38.456,-32.060508968025346,0.12638168,1769642949766
5509,1444151296,1769645492411,19:11:32.411,42.349734,-71.0779993,38.456,-32.060508968025346,0.12638168,1769642949766
5510,1444413440,1769645493223,19:11:33.223,42.349734,-71.0779993,38.456,-32.060508968025346,0.12638168,1769642949766
5511,1444675584,1769645493907,19:11:33.907,42.349734,-71.0779993,38.456,-32.060508968025346,0.12638168,1769642949766
5512,1444937728,1769645494618,19:11:34.618,42.349734,-71.0779993,38.456,-32.060508968025346,0.12638168,1769642949766
5513,1445199872,1769645495043,19:11:35.043,42.349734,-71.0779993,38.456,-32.060508968025346,0.12638168,1769642949766
5514,1445462016,1769645495445,19:11:35.445,42.349734,-71.0779993,38.456,-32.060508968025346,0.12638168,1769642949766
5515,1445724160,1769645495953,19:11:35.953,42.349734,-71.0779993,38.456,-32.060508968025346,0.12638168,1769642949766
5516,1445986304,1769645496411,19:11:36.411,42.349734,-71.0779993,38.456,-32.060508968025346,0.12638168,1769642949766
5517,1446248448,1769645496867,19:11:36.867,42.349734,-71.0779993,38.456,-32.060508968025346,0.12638168,1769642949766
5518,1446510592,1769645497308,19:11:37.308,42.349734,-71.0779993,38.456,-32.060508968025346,0.12638168,1769642949766
5519,1446772736,1769645497859,19:11:37.859,42.349734,-71.0779993,38.456,-32.060508968025346,0.12638168,1769642949766
5520,1447034880,1769645498461,19:11:38.461,42.349734,-71.0779993,38.456,-32.060508968025346,0.12638168,1769642949766
5521,1447297024,1769645499097,19:11:39.097,42.349734,-71.0779993,38.456,-32.060508968025346,0.12638168,1769642949766
5522,1447559168,1769645499803,19:11:39.803,42.349734,-71.0779993,38.456,-32.060508968025346,0.12638168,1769642949766
5523,1447821312,1769645500506,19:11:40.506,42.349734,-71.0779993,38.456,-32.060508968025346,0.12638168,1769642949766
5524,1448083456,1769645501028,19:11:41.028,42.349734,-71.0779993,38.456,-32.060508968025346,0.12638168,1769642949766
5525,1448345600,1769645501668,19:11:41.668,42.349734,-71.0779993,38.456,-32.060508968025346,0.12638168,1769642949766
5526,1448607744,1769645502250,19:11:42.250,42.349734,-71.0779993,38.456,-32.060508968025346,0.12638168,1769642949766
5527,1448869888,1769645503095,19:11:43.095,42.349734,-71.0779993,38.456,-32.060508968025346,0.12638168,1769642949766
5528,1449132032,1769645503703,19:11:43.703,42.349734,-71.0779993,38.456,-32.060508968025346,0.12638168,1769642949766
5529,1449394176,1769645504143,19:11:44.143,42.349734,-71.0779993,38.456,-32.060508968025346,0.12638168,1769642949766
5530,1449656320,1769645504588,19:11:44.588,42.349734,-71.0779993,38.456,-32.060508968025346,0.12638168,1769642949766
5531,1449918464,1769645505179,19:11:45.179,42.349734,-71.0779993,38.456,-32.060508968025346,0.12638168,1769642949766
5532,1450180608,1769645505778,19:11:45.778,42.349734,-71.0779993,38.456,-32.060508968025346,0.12638168,1769642949766
5533,1450442752,1769645506374,19:11:46.374,42.349734,-71.0779993,38.456,-32.060508968025346,0.12638168,1769642949766
5534,1450704896,1769645506972,19:11:46.972,42.349734,-71.0779993,38.456,-32.060508968025346,0.12638168,1769642949766
5535,1450967040,1769645507576,19:11:47.576,42.349734,-71.0779993,38.456,-32.060508968025346,0.12638168,1769642949766
5536,1451229184,1769645508176,19:11:48.176,42.349734,-71.0779993,38.456,-32.060508968025346,0.12638168,1769642949766
5537,1451491328,1769645508780,19:11:48.780,42.349734,-71.0779993,38.456,-32.060508968025346,0.12638168,1769642949766
5538,1451753472,1769645509383,19:11:49.383,42.349734,-71.0779993,38.456,-32.060508968025346,0.12638168,1769642949766
5539,1452015616,1769645509793,19:11:49.793,42.349734,-71.0779993,38.456,-32.060508968025346,0.12638168,1769642949766
5540,1452277760,1769645510142,19:11:50.142,42.349734,-71.0779993,38.456,-32.060508968025346,0.12638168,1769642949766
5541,1452539904,1769645510778,19:11:50.778,42.349734,-71.0779993,38.456,-32.060508968025346,0.12638168,1769642949766
5542,1452802048,1769645511317,19:11:51.317,42.349734,-71.0779993,38.456,-32.060508968025346,0.12638168,1769642949766
5543,1453064192,1769645511895,19:11:51.895,42.349734,-71.0779993,38.456,-32.060508968025346,0.12638168,1769642949766
5544,1453326336,1769645512594,19:11:52.594,42.349734,-71.0779993,38.456,-32.060508968025346,0.12638168,1769642949766
5545,1453588480,1769645513150,19:11:53.150,42.349734,-71.0779993,38.456,-32.060508968025346,0.12638168,1769642949766
5546,1453850624,1769645513763,19:11:53.763,42.349734,-71.0779993,38.456,-32.060508968025346,0.12638168,1769642949766
5547,1454112768,1769645514406,19:11:54.406,42.349734,-71.0779993,38.456,-32.060508968025346,0.12638168,1769642949766
5548,1454374912,1769645515190,19:11:55.190,42.349734,-71.0779993,38.456,-32.060508968025346,0.12638168,1769642949766
5549,1454637056,1769645515831,19:11:55.831,42.349734,-71.0779993,38.456,-32.060508968025346,0.12638168,1769642949766
5550,1454899200,1769645516542,19:11:56.542,42.349734,-71.0779993,38.456,-32.060508968025346,0.12638168,1769642949766
5551,1455161344,1769645517111,19:11:57.111,42.349734,-71.0779993,38.456,-32.060508968025346,0.12638168,1769642949766
5552,1455423488,1769645517741,19:11:57.741,42.349734,-71.0779993,38.456,-32.060508968025346,0.12638168,1769642949766
5553,1455685632,1769645518404,19:11:58.404,42.349734,-71.0779993,38.456,-32.060508968025346,0.12638168,1769642949766
5554,1455947776,1769645519056,19:11:59.056,42.349734,-71.0779993,38.456,-32.060508968025346,0.12638168,1769642949766
5555,1456209920,1769645519615,19:11:59.615,42.349734,-71.0779993,38.456,-32.060508968025346,0.12638168,1769642949766
5556,1456472064,1769645519973,19:11:59.973,42.349734,-71.0779993,38.456,-32.060508968025346,0.12638168,1769642949766
5557,1456734208,1769645520378,19:12:00.378,42.349734,-71.0779993,38.456,-32.060508968025346,0.12638168,1769642949766
5558,1456996352,1769645520853,19:12:00.853,42.349734,-71.0779993,38.456,-32.060508968025346,0.12638168,1769642949766
5559,1457258496,1769645521376,19:12:01.376,42.349734,-71.0779993,38.456,-32.060508968025346,0.12638168,1769642949766
5560,1457520640,1769645521861,19:12:01.861,42.349734,-71.0779993,38.456,-32.060508968025346,0.12638168,1769642949766
5561,1457782784,1769645522334,19:12:02.334,42.349734,-71.0779993,38.456,-32.060508968025346,0.12638168,1769642949766
5562,1458044928,1769645522791,19:12:02.791,42.349734,-71.0779993,38.456,-32.060508968025346,0.12638168,1769642949766
5563,1458307072,1769645523270,19:12:03.270,42.349734,-71.0779993,38.456,-32.060508968025346,0.12638168,1769642949766
5564,1458569216,1769645523749,19:12:03.749,42.349734,-71.0779993,38.456,-32.060508968025346,0.12638168,1769642949766
5565,1458831360,1769645524236,19:12:04.236,42.349734,-71.0779993,38.456,-32.060508968025346,0.12638168,1769642949766
5566,1459093504,1769645524687,19:12:04.687,42.349734,-71.0779993,38.456,-32.060508968025346,0.12638168,1769642949766
5567,1459355648,1769645525039,19:12:05.039,42.349734,-71.0779993,38.456,-32.060508968025346,0.12638168,1769642949766
5568,1459617792,1769645525401,19:12:05.401,42.349734,-71.0779993,38.456,-32.060508968025346,0.12638168,1769642949766
5569,1459879936,1769645526001,19:12:06.001,42.349734,-71.0779993,38.456,-32.060508968025346,0.12638168,1769642949766
5570,1460142080,1769645526546,19:12:06.546,42.349734,-71.0779993,38.456,-32.060508968025346,0.12638168,1769642949766
5571,1460404224,1769645527051,19:12:07.051,42.349734,-71.0779993,38.456,-32.060508968025346,0.12638168,1769642949766
5572,1460666368,1769645527555,19:12:07.555,42.349734,-71.0779993,38.456,-32.060508968025346,0.12638168,1769642949766
5573,1460928512,1769645528100,19:12:08.100,42.349734,-71.0779993,38.456,-32.060508968025346,0.12638168,1769642949766
5574,1461190656,1769645528627,19:12:08.627,42.349734,-71.0779993,38.456,-32.060508968025346,0.12638168,1769642949766
5575,1461452800,1769645529115,19:12:09.115,42.349734,-71.0779993,38.456,-32.060508968025346,0.12638168,1769642949766
5576,1461714944,1769645529631,19:12:09.631,42.349734,-71.0779993,38.456,-32.060508968025346,0.12638168,1769642949766
5577,1461977088,1769645530038,19:12:10.038,42.349734,-71.0779993,38.456,-32.060508968025346,0.12638168,1769642949766
5578,1462239232,1769645530439,19:12:10.439,42.349734,-71.0779993,38.456,-32.060508968025346,0.12638168,1769642949766
5579,1462501376,1769645530822,19:12:10.822,42.349734,-71.0779993,38.456,-32.060508968025346,0.12638168,1769642949766
5580,1462763520,1769645531126,19:12:11.126,42.349734,-71.0779993,38.456,-32.060508968025346,0.12638168,1769642949766
5581,1463025664,1769645531472,19:12:11.472,42.349734,-71.0779993,38.456,-32.060508968025346,0.12638168,1769642949766
5582,1463287808,1769645531973,19:12:11.973,42.349734,-71.0779993,38.456,-32.060508968025346,0.12638168,1769642949766
5583,1463549952,1769645532562,19:12:12.562,42.349734,-71.0779993,38.456,-32.060508968025346,0.12638168,1769642949766
5584,1463812096,1769645533065,19:12:13.065,42.349734,-71.0779993,38.456,-32.060508968025346,0.12638168,1769642949766
5585,1464074240,1769645533518,19:12:13.518,42.349734,-71.0779993,38.456,-32.060508968025346,0.12638168,1769642949766
5586,1464336384,1769645533945,19:12:13.945,42.349734,-71.0779993,38.456,-32.060508968025346,0.12638168,1769642949766
5587,1464598528,1769645534372,19:12:14.372,42.349734,-71.0779993,38.456,-32.060508968025346,0.12638168,1769642949766
5588,1464860672,1769645535002,19:12:15.002,42.349734,-71.0779993,38.456,-32.060508968025346,0.12638168,1769642949766
5589,1465122816,1769645535517,19:12:15.517,42.349734,-71.0779993,38.456,-32.060508968025346,0.12638168,1769642949766
5590,1465384960,1769645536062,19:12:16.062,42.349734,-71.0779993,38.456,-32.060508968025346,0.12638168,1769642949766
5591,1465647104,1769645536709,19:12:16.709,42.349734,-71.0779993,38.456,-32.060508968025346,0.12638168,1769642949766
5592,1465909248,1769645537260,19:12:17.260,42.349734,-71.0779993,38.456,-32.060508968025346,0.12638168,1769642949766
5593,1466171392,1769645537816,19:12:17.816,42.349734,-71.0779993,38.456,-32.060508968025346,0.12638168,1769642949766
5594,1466433536,1769645538272,19:12:18.272,42.349734,-71.0779993,38.456,-32.060508968025346,0.12638168,1769642949766
5595,1466695680,1769645538762,19:12:18.762,42.349734,-71.0779993,38.456,-32.060508968025346,0.12638168,1769642949766
5596,1466957824,1769645539315,19:12:19.315,42.349734,-71.0779993,38.456,-32.060508968025346,0.12638168,1769642949766
5597,1467219968,1769645539740,19:12:19.740,42.349734,-71.0779993,38.456,-32.060508968025346,0.12638168,1769642949766
5598,1467482112,1769645540092,19:12:20.092,42.349734,-71.0779993,38.456,-32.060508968025346,0.12638168,1769642949766
5599,1467744256,1769645540448,19:12:20.448,42.349734,-71.0779993,38.456,-32.060508968025346,0.12638168,1769642949766
5600,1468006400,1769645540794,19:12:20.794,42.349734,-71.0779993,38.456,-32.060508968025346,0.12638168,1769642949766
5601,1468268544,1769645541146,19:12:21.146,42.349734,-71.0779993,38.456,-32.060508968025346,0.12638168,1769642949766
5602,1468530688,1769645541495,19:12:21.495,42.349734,-71.0779993,38.456,-32.060508968025346,0.12638168,1769642949766
5603,1468792832,1769645541847,19:12:21.847,42.349734,-71.0779993,38.456,-32.060508968025346,0.12638168,1769642949766
5604,1469054976,1769645542244,19:12:22.244,42.349734,-71.0779993,38.456,-32.060508968025346,0.12638168,1769642949766
5605,1469317120,1769645542589,19:12:22.589,42.349734,-71.0779993,38.456,-32.060508968025346,0.12638168,1769642949766
5606,1469579264,1769645542940,19:12:22.940,42.349734,-71.0779993,38.456,-32.060508968025346,0.12638168,1769642949766
5607,1469841408,1769645543293,19:12:23.293,42.349734,-71.0779993,38.456,-32.060508968025346,0.12638168,1769642949766
5608,1470103552,1769645543729,19:12:23.729,42.349734,-71.0779993,38.456,-32.060508968025346,0.12638168,1769642949766
5609,1470365696,1769645544124,19:12:24.124,42.349734,-71.0779993,38.456,-32.060508968025346,0.12638168,1769642949766
5610,1470627840,1769645544444,19:12:24.444,42.349734,-71.0779993,38.456,-32.060508968025346,0.12638168,1769642949766
5611,1470889984,1769645544821,19:12:24.821,42.349734,-71.0779993,38.456,-32.060508968025346,0.12638168,1769642949766
5612,1471152128,1769645545216,19:12:25.216,42.349734,-71.0779993,38.456,-32.060508968025346,0.12638168,1769642949766
5613,1471414272,1769645545567,19:12:25.567,42.349734,-71.0779993,38.456,-32.060508968025346,0.12638168,1769642949766
5614,1471676416,1769645545918,19:12:25.918,42.349734,-71.0779993,38.456,-32.060508968025346,0.12638168,1769642949766
5615,1471938560,1769645546270,19:12:26.270,42.349734,-71.0779993,38.456,-32.060508968025346,0.12638168,1769642949766
5616,1472200704,1769645546722,19:12:26.722,42.349734,-71.0779993,38.456,-32.060508968025346,0.12638168,1769642949766
5617,1472462848,1769645547075,19:12:27.075,42.349734,-71.0779993,38.456,-32.060508968025346,0.12638168,1769642949766
5618,1472724992,1769645547420,19:12:27.420,42.349734,-71.0779993,38.456,-32.060508968025346,0.12638168,1769642949766
5619,1472987136,1769645547796,19:12:27.796,42.349734,-71.0779993,38.456,-32.060508968025346,0.12638168,1769642949766
5620,1473249280,1769645548222,19:12:28.222,42.349734,-71.0779993,38.456,-32.060508968025346,0.12638168,1769642949766
5621,1473511424,1769645548605,19:12:28.605,42.349734,-71.0779993,38.456,-32.060508968025346,0.12638168,1769642949766
5622,1473773568,1769645548999,19:12:28.999,42.349734,-71.0779993,38.456,-32.060508968025346,0.12638168,1769642949766
5623,1474035712,1769645549378,19:12:29.378,42.349734,-71.0779993,38.456,-32.060508968025346,0.12638168,1769642949766
5624,1474297856,1769645549737,19:12:29.737,42.349734,-71.0779993,38.456,-32.060508968025346,0.12638168,1769642949766
5625,1474560000,1769645550288,19:12:30.288,42.349734,-71.0779993,38.456,-32.060508968025346,0.12638168,1769642949766
5626,1474822144,1769645550883,19:12:30.883,42.349734,-71.0779993,38.456,-32.060508968025346,0.12638168,1769642949766
5627,1475084288,1769645551429,19:12:31.429,42.349734,-71.0779993,38.456,-32.060508968025346,0.12638168,1769642949766
5628,1475346432,1769645552029,19:12:32.029,42.349734,-71.0779993,38.456,-32.060508968025346,0.12638168,1769642949766
5629,1475608576,1769645552874,19:12:32.874,42.349734,-71.0779993,38.456,-32.060508968025346,0.12638168,1769642949766
5630,1475870720,1769645553623,19:12:33.623,42.349734,-71.0779993,38.456,-32.060508968025346,0.12638168,1769642949766
5631,1476132864,1769645554390,19:12:34.390,42.349734,-71.0779993,38.456,-32.060508968025346,0.12638168,1769642949766
5632,1476395008,1769645554842,19:12:34.842,42.349734,-71.0779993,38.456,-32.060508968025346,0.12638168,1769642949766
5633,1476657152,1769645555243,19:12:35.243,42.349734,-71.0779993,38.456,-32.060508968025346,0.12638168,1769642949766
5634,1476919296,1769645555592,19:12:35.592,42.349734,-71.0779993,38.456,-32.060508968025346,0.12638168,1769642949766
5635,1477181440,1769645555993,19:12:35.993,42.349734,-71.0779993,38.456,-32.060508968025346,0.12638168,1769642949766
5636,1477443584,1769645556445,19:12:36.445,42.349734,-71.0779993,38.456,-32.060508968025346,0.12638168,1769642949766
5637,1477705728,1769645556805,19:12:36.805,42.349734,-71.0779993,38.456,-32.060508968025346,0.12638168,1769642949766
5638,1477967872,1769645557285,19:12:37.285,42.349734,-71.0779993,38.456,-32.060508968025346,0.12638168,1769642949766
5639,1478230016,1769645557677,19:12:37.677,42.349734,-71.0779993,38.456,-32.060508968025346,0.12638168,1769642949766
5640,1478492160,1769645558154,19:12:38.154,42.349734,-71.0779993,38.456,-32.060508968025346,0.12638168,1769642949766
5641,1478754304,1769645558637,19:12:38.637,42.349734,-71.0779993,38.456,-32.060508968025346,0.12638168,1769642949766
5642,1479016448,1769645559138,19:12:39.138,42.349734,-71.0779993,38.456,-32.060508968025346,0.12638168,1769642949766
5643,1479278592,1769645559797,19:12:39.797,42.349734,-71.0779993,38.456,-32.060508968025346,0.12638168,1769642949766
5644,1479540736,1769645560541,19:12:40.541,42.349734,-71.0779993,38.456,-32.060508968025346,0.12638168,1769642949766
5645,1479802880,1769645561219,19:12:41.219,42.349734,-71.0779993,38.456,-32.060508968025346,0.12638168,1769642949766
5646,1480065024,1769645561794,19:12:41.794,42.349734,-71.0779993,38.456,-32.060508968025346,0.12638168,1769642949766
5647,1480327168,1769645562615,19:12:42.615,42.349734,-71.0779993,38.456,-32.060508968025346,0.12638168,1769642949766
5648,1480589312,1769645563400,19:12:43.400,42.349734,-71.0779993,38.456,-32.060508968025346,0.12638168,1769642949766
5649,1480851456,1769645564172,19:12:44.172,42.349734,-71.0779993,38.456,-32.060508968025346,0.12638168,1769642949766
5650,1481113600,1769645564759,19:12:44.759,42.349734,-71.0779993,38.456,-32.060508968025346,0.12638168,1769642949766
5651,1481375744,1769645565290,19:12:45.290,42.349734,-71.0779993,38.456,-32.060508968025346,0.12638168,1769642949766
5652,1481637888,1769645565831,19:12:45.831,42.349734,-71.0779993,38.456,-32.060508968025346,0.12638168,1769642949766
5653,1481900032,1769645566355,19:12:46.355,42.349734,-71.0779993,38.456,-32.060508968025346,0.12638168,1769642949766
5654,1482162176,1769645566884,19:12:46.884,42.349734,-71.0779993,38.456,-32.060508968025346,0.12638168,1769642949766
5655,1482424320,1769645567439,19:12:47.439,42.349734,-71.0779993,38.456,-32.060508968025346,0.12638168,1769642949766
5656,1482686464,1769645567932,19:12:47.932,42.349734,-71.0779993,38.456,-32.060508968025346,0.12638168,1769642949766
5657,1482948608,1769645568470,19:12:48.470,42.349734,-71.0779993,38.456,-32.060508968025346,0.12638168,1769642949766
5658,1483210752,1769645568961,19:12:48.961,42.349734,-71.0779993,38.456,-32.060508968025346,0.12638168,1769642949766
5659,1483472896,1769645569506,19:12:49.506,42.349734,-71.0779993,38.456,-32.060508968025346,0.12638168,1769642949766
5660,1483735040,1769645569920,19:12:49.920,42.349734,-71.0779993,38.456,-32.060508968025346,0.12638168,1769642949766
5661,1483997184,1769645570299,19:12:50.299,42.349734,-71.0779993,38.456,-32.060508968025346,0.12638168,1769642949766
5662,1484259328,1769645571151,19:12:51.151,42.349734,-71.0779993,38.456,-32.060508968025346,0.12638168,1769642949766
5663,1484521472,1769645571688,19:12:51.688,42.349734,-71.0779993,38.456,-32.060508968025346,0.12638168,1769642949766
5664,1484783616,1769645572462,19:12:52.462,42.349734,-71.0779993,38.456,-32.060508968025346,0.12638168,1769642949766
5665,1485045760,1769645573242,19:12:53.242,42.349734,-71.0779993,38.456,-32.060508968025346,0.12638168,1769642949766
5666,1485307904,1769645573775,19:12:53.775,42.349734,-71.0779993,38.456,-32.060508968025346,0.12638168,1769642949766
5667,1485570048,1769645574515,19:12:54.515,42.349734,-71.0779993,38.456,-32.060508968025346,0.12638168,1769642949766
5668,1485832192,1769645575419,19:12:55.419,42.349734,-71.0779993,38.456,-32.060508968025346,0.12638168,1769642949766
5669,1486094336,1769645576149,19:12:56.149,42.349734,-71.0779993,38.456,-32.060508968025346,0.12638168,1769642949766
5670,1486356480,1769645576994,19:12:56.994,42.349734,-71.0779993,38.456,-32.060508968025346,0.12638168,1769642949766
5671,1486618624,1769645577862,19:12:57.862,42.349734,-71.0779993,38.456,-32.060508968025346,0.12638168,1769642949766
5672,1486880768,1769645578487,19:12:58.487,42.349734,-71.0779993,38.456,-32.060508968025346,0.12638168,1769642949766
5673,1487142912,1769645579227,19:12:59.227,42.349734,-71.0779993,38.456,-32.060508968025346,0.12638168,1769642949766
5674,1487405056,1769645579701,19:12:59.701,42.349734,-71.0779993,38.456,-32.060508968025346,0.12638168,1769642949766
5675,1487667200,1769645580059,19:13:00.059,42.349734,-71.0779993,38.456,-32.060508968025346,0.12638168,1769642949766
5676,1487929344,1769645580469,19:13:00.469,42.349734,-71.0779993,38.456,-32.060508968025346,0.12638168,1769642949766
5677,1488191488,1769645580828,19:13:00.828,42.349734,-71.0779993,38.456,-32.060508968025346,0.12638168,1769642949766
5678,1488453632,1769645581242,19:13:01.242,42.349734,-71.0779993,38.456,-32.060508968025346,0.12638168,1769642949766
5679,1488715776,1769645581593,19:13:01.593,42.349734,-71.0779993,38.456,-32.060508968025346,0.12638168,1769642949766
5680,1488977920,1769645581994,19:13:01.994,42.349734,-71.0779993,38.456,-32.060508968025346,0.12638168,1769642949766
5681,1489240064,1769645582424,19:13:02.424,42.349734,-71.0779993,38.456,-32.060508968025346,0.12638168,1769642949766
5682,1489502208,1769645582784,19:13:02.784,42.349734,-71.0779993,38.456,-32.060508968025346,0.12638168,1769642949766
5683,1489764352,1769645583134,19:13:03.134,42.349734,-71.0779993,38.456,-32.060508968025346,0.12638168,1769642949766
5684,1490026496,1769645583482,19:13:03.482,42.349734,-71.0779993,38.456,-32.060508968025346,0.12638168,1769642949766
5685,1490288640,1769645583836,19:13:03.836,42.349734,-71.0779993,38.456,-32.060508968025346,0.12638168,1769642949766
5686,1490550784,1769645584182,19:13:04.182,42.349734,-71.0779993,38.456,-32.060508968025346,0.12638168,1769642949766
5687,1490812928,1769645584582,19:13:04.582,42.349734,-71.0779993,38.456,-32.060508968025346,0.12638168,1769642949766
5688,1491075072,1769645584972,19:13:04.972,42.349734,-71.0779993,38.456,-32.060508968025346,0.12638168,1769642949766
5689,1491337216,1769645585303,19:13:05.303,42.349734,-71.0779993,38.456,-32.060508968025346,0.12638168,1769642949766
5690,1491599360,1769645585619,19:13:05.619,42.349734,-71.0779993,38.456,-32.060508968025346,0.12638168,1769642949766
5691,1491861504,1769645585970,19:13:05.970,42.349734,-71.0779993,38.456,-32.060508968025346,0.12638168,1769642949766
5692,1492123648,1769645586345,19:13:06.345,42.349734,-71.0779993,38.456,-32.060508968025346,0.12638168,1769642949766
5693,1492385792,1769645586960,19:13:06.960,42.349734,-71.0779993,38.456,-32.060508968025346,0.12638168,1769642949766
5694,1492647936,1769645587582,19:13:07.582,42.349734,-71.0779993,38.456,-32.060508968025346,0.12638168,1769642949766
5695,1492910080,1769645588202,19:13:08.202,42.349734,-71.0779993,38.456,-32.060508968025346,0.12638168,1769642949766
5696,1493172224,1769645588819,19:13:08.819,42.349734,-71.0779993,38.456,-32.060508968025346,0.12638168,1769642949766
5697,1493434368,1769645589439,19:13:09.439,42.349734,-71.0779993,38.456,-32.060508968025346,0.12638168,1769642949766
5698,1493696512,1769645589856,19:13:09.856,42.349734,-71.0779993,38.456,-32.060508968025346,0.12638168,1769642949766
5699,1493958656,1769645590177,19:13:10.177,42.349734,-71.0779993,38.456,-32.060508968025346,0.12638168,1769642949766
5700,1494220800,1769645590527,19:13:10.527,42.349734,-71.0779993,38.456,-32.060508968025346,0.12638168,1769642949766
5701,1494482944,1769645590938,19:13:10.938,42.349734,-71.0779993,38.456,-32.060508968025346,0.12638168,1769642949766
5702,1494745088,1769645591327,19:13:11.327,42.349734,-71.0779993,38.456,-32.060508968025346,0.12638168,1769642949766
5703,1495007232,1769645591683,19:13:11.683,42.349734,-71.0779993,38.456,-32.060508968025346,0.12638168,1769642949766
5704,1495269376,1769645592031,19:13:12.031,42.349734,-71.0779993,38.456,-32.060508968025346,0.12638168,1769642949766
5705,1495531520,1769645592383,19:13:12.383,42.349734,-71.0779993,38.456,-32.060508968025346,0.12638168,1769642949766
5706,1495793664,1769645592732,19:13:12.732,42.349734,-71.0779993,38.456,-32.060508968025346,0.12638168,1769642949766
5707,1496055808,1769645593086,19:13:13.086,42.349734,-71.0779993,38.456,-32.060508968025346,0.12638168,1769642949766
5708,1496317952,1769645593432,19:13:13.432,42.349734,-71.0779993,38.456,-32.060508968025346,0.12638168,1769642949766
5709,1496580096,1769645593784,19:13:13.784,42.349734,-71.0779993,38.456,-32.060508968025346,0.12638168,1769642949766
5710,1496842240,1769645594135,19:13:14.135,42.349734,-71.0779993,38.456,-32.060508968025346,0.12638168,1769642949766
5711,1497104384,1769645594511,19:13:14.511,42.349734,-71.0779993,38.456,-32.060508968025346,0.12638168,1769642949766
5712,1497366528,1769645594827,19:13:14.827,42.349734,-71.0779993,38.456,-32.060508968025346,0.12638168,1769642949766
5713,1497628672,1769645595361,19:13:15.361,42.349734,-71.0779993,38.456,-32.060508968025346,0.12638168,1769642949766
5714,1497890816,1769645595816,19:13:15.816,42.349734,-71.0779993,38.456,-32.060508968025346,0.12638168,1769642949766
5715,1498152960,1769645596374,19:13:16.374,42.349734,-71.0779993,38.456,-32.060508968025346,0.12638168,1769642949766
5716,1498415104,1769645596934,19:13:16.934,42.349734,-71.0779993,38.456,-32.060508968025346,0.12638168,1769642949766
5717,1498677248,1769645597344,19:13:17.344,42.349734,-71.0779993,38.456,-32.060508968025346,0.12638168,1769642949766
5718,1498939392,1769645597695,19:13:17.695,42.349734,-71.0779993,38.456,-32.060508968025346,0.12638168,1769642949766
5719,1499201536,1769645598113,19:13:18.113,42.349734,-71.0779993,38.456,-32.060508968025346,0.12638168,1769642949766
5720,1499463680,1769645598526,19:13:18.526,42.349734,-71.0779993,38.456,-32.060508968025346,0.12638168,1769642949766
5721,1499725824,1769645598932,19:13:18.932,42.349734,-71.0779993,38.456,-32.060508968025346,0.12638168,1769642949766
5722,1499987968,1769645599311,19:13:19.311,42.349734,-71.0779993,38.456,-32.060508968025346,0.12638168,1769642949766
5723,1500250112,1769645599707,19:13:19.707,42.349734,-71.0779993,38.456,-32.060508968025346,0.12638168,1769642949766
5724,1500512256,1769645600113,19:13:20.113,42.349734,-71.0779993,38.456,-32.060508968025346,0.12638168,1769642949766
5725,1500774400,1769645600720,19:13:20.720,42.349734,-71.0779993,38.456,-32.060508968025346,0.12638168,1769642949766
5726,1501036544,1769645601470,19:13:21.470,42.349734,-71.0779993,38.456,-32.060508968025346,0.12638168,1769642949766
5727,1501298688,1769645602186,19:13:22.186,42.349734,-71.0779993,38.456,-32.060508968025346,0.12638168,1769642949766
5728,1501560832,1769645603271,19:13:23.271,42.349734,-71.0779993,38.456,-32.060508968025346,0.12638168,1769642949766
5729,1501822976,1769645603828,19:13:23.828,42.349734,-71.0779993,38.456,-32.060508968025346,0.12638168,1769642949766
5730,1502085120,1769645604389,19:13:24.389,42.349734,-71.0779993,38.456,-32.060508968025346,0.12638168,1769642949766
5731,1502347264,1769645604973,19:13:24.973,42.349734,-71.0779993,38.456,-32.060508968025346,0.12638168,1769642949766
5732,1502609408,1769645605390,19:13:25.390,42.349734,-71.0779993,38.456,-32.060508968025346,0.12638168,1769642949766
5733,1502871552,1769645605927,19:13:25.927,42.349734,-71.0779993,38.456,-32.060508968025346,0.12638168,1769642949766
5734,1503133696,1769645606455,19:13:26.455,42.349734,-71.0779993,38.456,-32.060508968025346,0.12638168,1769642949766
5735,1503395840,1769645607055,19:13:27.055,42.349734,-71.0779993,38.456,-32.060508968025346,0.12638168,1769642949766
5736,1503657984,1769645607666,19:13:27.666,42.349734,-71.0779993,38.456,-32.060508968025346,0.12638168,1769642949766
5737,1503920128,1769645608224,19:13:28.224,42.349734,-71.0779993,38.456,-32.060508968025346,0.12638168,1769642949766
5738,1504182272,1769645609110,19:13:29.110,42.349734,-71.0779993,38.456,-32.060508968025346,0.12638168,1769642949766
5739,1504444416,1769645609872,19:13:29.872,42.349734,-71.0779993,38.456,-32.060508968025346,0.12638168,1769642949766
5740,1504706560,1769645610493,19:13:30.493,42.349734,-71.0779993,38.456,-32.060508968025346,0.12638168,1769642949766
5741,1504968704,1769645611117,19:13:31.117,42.349734,-71.0779993,38.456,-32.060508968025346,0.12638168,1769642949766
5742,1505230848,1769645611735,19:13:31.735,42.349734,-71.0779993,38.456,-32.060508968025346,0.12638168,1769642949766
5743,1505492992,1769645612354,19:13:32.354,42.349734,-71.0779993,38.456,-32.060508968025346,0.12638168,1769642949766
5744,1505755136,1769645612975,19:13:32.975,42.349734,-71.0779993,38.456,-32.060508968025346,0.12638168,1769642949766
5745,1506017280,1769645613597,19:13:33.597,42.349734,-71.0779993,38.456,-32.060508968025346,0.12638168,1769642949766
5746,1506279424,1769645614216,19:13:34.216,42.349734,-71.0779993,38.456,-32.060508968025346,0.12638168,1769642949766
5747,1506541568,1769645614738,19:13:34.738,42.349734,-71.0779993,38.456,-32.060508968025346,0.12638168,1769642949766
5748,1506803712,1769645615126,19:13:35.126,42.349734,-71.0779993,38.456,-32.060508968025346,0.12638168,1769642949766
5749,1507065856,1769645615479,19:13:35.479,42.349734,-71.0779993,38.456,-32.060508968025346,0.12638168,1769642949766
5750,1507328000,1769645615825,19:13:35.825,42.349734,-71.0779993,38.456,-32.060508968025346,0.12638168,1769642949766
5751,1507590144,1769645616174,19:13:36.174,42.349734,-71.0779993,38.456,-32.060508968025346,0.12638168,1769642949766
5752,1507852288,1769645616712,19:13:36.712,42.349734,-71.0779993,38.456,-32.060508968025346,0.12638168,1769642949766
5753,1508114432,1769645617135,19:13:37.135,42.349734,-71.0779993,38.456,-32.060508968025346,0.12638168,1769642949766
5754,1508376576,1769645617592,19:13:37.592,42.349734,-71.0779993,38.456,-32.060508968025346,0.12638168,1769642949766
5755,1508638720,1769645618240,19:13:38.240,42.349734,-71.0779993,38.456,-32.060508968025346,0.12638168,1769642949766
5756,1508900864,1769645618765,19:13:38.765,42.349734,-71.0779993,38.456,-32.060508968025346,0.12638168,1769642949766
5757,1509163008,1769645619594,19:13:39.594,42.349734,-71.0779993,38.456,-32.060508968025346,0.12638168,1769642949766
5758,1509425152,1769645620428,19:13:40.428,42.349734,-71.0779993,38.456,-32.060508968025346,0.12638168,1769642949766
5759,1509687296,1769645621342,19:13:41.342,42.349734,-71.0779993,38.456,-32.060508968025346,0.12638168,1769642949766
5760,1509949440,1769645622023,19:13:42.023,42.349734,-71.0779993,38.456,-32.060508968025346,0.12638168,1769642949766
5761,1510211584,1769645622962,19:13:42.962,42.349734,-71.0779993,38.456,-32.060508968025346,0.12638168,1769642949766
5762,1510473728,1769645623745,19:13:43.745,42.349734,-71.0779993,38.456,-32.060508968025346,0.12638168,1769642949766
5763,1510735872,1769645624261,19:13:44.261,42.349734,-71.0779993,38.456,-32.060508968025346,0.12638168,1769642949766
5764,1510998016,1769645624706,19:13:44.706,42.349734,-71.0779993,38.456,-32.060508968025346,0.12638168,1769642949766
5765,1511260160,1769645625025,19:13:45.025,42.349734,-71.0779993,38.456,-32.060508968025346,0.12638168,1769642949766
5766,1511522304,1769645625482,19:13:45.482,42.349734,-71.0779993,38.456,-32.060508968025346,0.12638168,1769642949766
5767,1511784448,1769645625952,19:13:45.952,42.349734,-71.0779993,38.456,-32.060508968025346,0.12638168,1769642949766
5768,1512046592,1769645626430,19:13:46.430,42.349734,-71.0779993,38.456,-32.060508968025346,0.12638168,1769642949766
5769,1512308736,1769645626886,19:13:46.886,42.349734,-71.0779993,38.456,-32.060508968025346,0.12638168,1769642949766
5770,1512570880,1769645627357,19:13:47.357,42.349734,-71.0779993,38.456,-32.060508968025346,0.12638168,1769642949766
5771,1512833024,1769645627804,19:13:47.804,42.349734,-71.0779993,38.456,-32.060508968025346,0.12638168,1769642949766
5772,1513095168,1769645628271,19:13:48.271,42.349734,-71.0779993,38.456,-32.060508968025346,0.12638168,1769642949766
5773,1513357312,1769645628695,19:13:48.695,42.349734,-71.0779993,38.456,-32.060508968025346,0.12638168,1769642949766
5774,1513619456,1769645629124,19:13:49.124,42.349734,-71.0779993,38.456,-32.060508968025346,0.12638168,1769642949766
5775,1513881600,1769645629565,19:13:49.565,42.349734,-71.0779993,38.456,-32.060508968025346,0.12638168,1769642949766
5776,1514143744,1769645629916,19:13:49.916,42.349734,-71.0779993,38.456,-32.060508968025346,0.12638168,1769642949766
5777,1514405888,1769645630260,19:13:50.260,42.349734,-71.0779993,38.456,-32.060508968025346,0.12638168,1769642949766
5778,1514668032,1769645630755,19:13:50.755,42.349734,-71.0779993,38.456,-32.060508968025346,0.12638168,1769642949766
5779,1514930176,1769645631537,19:13:51.537,42.349734,-71.0779993,38.456,-32.060508968025346,0.12638168,1769642949766
5780,1515192320,1769645632320,19:13:52.320,42.349734,-71.0779993,38.456,-32.060508968025346,0.12638168,1769642949766
5781,1515454464,1769645633094,19:13:53.094,42.349734,-71.0779993,38.456,-32.060508968025346,0.12638168,1769642949766
5782,1515716608,1769645633845,19:13:53.845,42.349734,-71.0779993,38.456,-32.060508968025346,0.12638168,1769642949766
5783,1515978752,1769645634573,19:13:54.573,42.349734,-71.0779993,38.456,-32.060508968025346,0.12638168,1769642949766
5784,1516240896,1769645635100,19:13:55.100,42.349734,-71.0779993,38.456,-32.060508968025346,0.12638168,1769642949766
5785,1516503040,1769645635642,19:13:55.642,42.349734,-71.0779993,38.456,-32.060508968025346,0.12638168,1769642949766
5786,1516765184,1769645636164,19:13:56.164,42.349734,-71.0779993,38.456,-32.060508968025346,0.12638168,1769642949766
5787,1517027328,1769645636946,19:13:56.946,42.349734,-71.0779993,38.456,-32.060508968025346,0.12638168,1769642949766
5788,1517289472,1769645637775,19:13:57.775,42.349734,-71.0779993,38.456,-32.060508968025346,0.12638168,1769642949766
5789,1517551616,1769645638542,19:13:58.542,42.349734,-71.0779993,38.456,-32.060508968025346,0.12638168,1769642949766
5790,1517813760,1769645639097,19:13:59.097,42.349734,-71.0779993,38.456,-32.060508968025346,0.12638168,1769642949766
5791,1518075904,1769645639744,19:13:59.744,42.349734,-71.0779993,38.456,-32.060508968025346,0.12638168,1769642949766
5792,1518338048,1769645640229,19:14:00.229,42.349734,-71.0779993,38.456,-32.060508968025346,0.12638168,1769642949766
5793,1518600192,1769645640751,19:14:00.751,42.349734,-71.0779993,38.456,-32.060508968025346,0.12638168,1769642949766
5794,1518862336,1769645641258,19:14:01.258,42.349734,-71.0779993,38.456,-32.060508968025346,0.12638168,1769642949766
5795,1519124480,1769645641707,19:14:01.707,42.349734,-71.0779993,38.456,-32.060508968025346,0.12638168,1769642949766
5796,1519386624,1769645642084,19:14:02.084,42.349734,-71.0779993,38.456,-32.060508968025346,0.12638168,1769642949766
5797,1519648768,1769645642469,19:14:02.469,42.349734,-71.0779993,38.456,-32.060508968025346,0.12638168,1769642949766
5798,1519910912,1769645642879,19:14:02.879,42.349734,-71.0779993,38.456,-32.060508968025346,0.12638168,1769642949766
5799,1520173056,1769645643231,19:14:03.231,42.349734,-71.0779993,38.456,-32.060508968025346,0.12638168,1769642949766
5800,1520435200,1769645643577,19:14:03.577,42.349734,-71.0779993,38.456,-32.060508968025346,0.12638168,1769642949766
5801,1520697344,1769645643932,19:14:03.932,42.349734,-71.0779993,38.456,-32.060508968025346,0.12638168,1769642949766
5802,1520959488,1769645644282,19:14:04.282,42.349734,-71.0779993,38.456,-32.060508968025346,0.12638168,1769642949766
5803,1521221632,1769645644643,19:14:04.643,42.349734,-71.0779993,38.456,-32.060508968025346,0.12638168,1769642949766
5804,1521483776,1769645644964,19:14:04.964,42.349734,-71.0779993,38.456,-32.060508968025346,0.12638168,1769642949766
5805,1521745920,1769645645300,19:14:05.300,42.349734,-71.0779993,38.456,-32.060508968025346,0.12638168,1769642949766
5806,1522008064,1769645645670,19:14:05.670,42.349734,-71.0779993,38.456,-32.060508968025346,0.12638168,1769642949766
5807,1522270208,1769645646049,19:14:06.049,42.349734,-71.0779993,38.456,-32.060508968025346,0.12638168,1769642949766
5808,1522532352,1769645646366,19:14:06.366,42.349734,-71.0779993,38.456,-32.060508968025346,0.12638168,1769642949766
5809,1522794496,1769645646706,19:14:06.706,42.349734,-71.0779993,38.456,-32.060508968025346,0.12638168,1769642949766
5810,1523056640,1769645647125,19:14:07.125,42.349734,-71.0779993,38.456,-32.060508968025346,0.12638168,1769642949766
5811,1523318784,1769645647629,19:14:07.629,42.349734,-71.0779993,38.456,-32.060508968025346,0.12638168,1769642949766
5812,1523580928,1769645648184,19:14:08.184,42.349734,-71.0779993,38.456,-32.060508968025346,0.12638168,1769642949766
5813,1523843072,1769645648742,19:14:08.742,42.349734,-71.0779993,38.456,-32.060508968025346,0.12638168,1769642949766
5814,1524105216,1769645649320,19:14:09.320,42.349734,-71.0779993,38.456,-32.060508968025346,0.12638168,1769642949766
5815,1524367360,1769645649796,19:14:09.796,42.349734,-71.0779993,38.456,-32.060508968025346,0.12638168,1769642949766
5816,1524629504,1769645650199,19:14:10.199,42.349734,-71.0779993,38.456,-32.060508968025346,0.12638168,1769642949766
5817,1524891648,1769645650608,19:14:10.608,42.349734,-71.0779993,38.456,-32.060508968025346,0.12638168,1769642949766
5818,1525153792,1769645650958,19:14:10.958,42.349734,-71.0779993,38.456,-32.060508968025346,0.12638168,1769642949766
5819,1525415936,1769645651595,19:14:11.595,42.349734,-71.0779993,38.456,-32.060508968025346,0.12638168,1769642949766
5820,1525678080,1769645651973,19:14:11.973,42.349734,-71.0779993,38.456,-32.060508968025346,0.12638168,1769642949766
5821,1525940224,1769645652453,19:14:12.453,42.349734,-71.0779993,38.456,-32.060508968025346,0.12638168,1769642949766
5822,1526202368,1769645652971,19:14:12.971,42.349734,-71.0779993,38.456,-32.060508968025346,0.12638168,1769642949766
5823,1526464512,1769645653484,19:14:13.484,42.349734,-71.0779993,38.456,-32.060508968025346,0.12638168,1769642949766
5824,1526726656,1769645653814,19:14:13.814,42.349734,-71.0779993,38.456,-32.060508968025346,0.12638168,1769642949766
5825,1526988800,1769645654331,19:14:14.331,42.349734,-71.0779993,38.456,-32.060508968025346,0.12638168,1769642949766
5826,1527250944,1769645655225,19:14:15.225,42.349734,-71.0779993,38.456,-32.060508968025346,0.12638168,1769642949766
5827,1527513088,1769645655990,19:14:15.990,42.349734,-71.0779993,38.456,-32.060508968025346,0.12638168,1769642949766
5828,1527775232,1769645656885,19:14:16.885,42.349734,-71.0779993,38.456,-32.060508968025346,0.12638168,1769642949766
5829,1528037376,1769645657753,19:14:17.753,42.349734,-71.0779993,38.456,-32.060508968025346,0.12638168,1769642949766
5830,1528299520,1769645658153,19:14:18.153,42.349734,-71.0779993,38.456,-32.060508968025346,0.12638168,1769642949766
5831,1528561664,1769645658582,19:14:18.582,42.349734,-71.0779993,38.456,-32.060508968025346,0.12638168,1769642949766
5832,1528823808,1769645658944,19:14:18.944,42.349734,-71.0779993,38.456,-32.060508968025346,0.12638168,1769642949766
5833,1529085952,1769645659425,19:14:19.425,42.349734,-71.0779993,38.456,-32.060508968025346,0.12638168,1769642949766
5834,1529348096,1769645659777,19:14:19.777,42.349734,-71.0779993,38.456,-32.060508968025346,0.12638168,1769642949766
5835,1529610240,1769645660131,19:14:20.131,42.349734,-71.0779993,38.456,-32.060508968025346,0.12638168,1769642949766
5836,1529872384,1769645660518,19:14:20.518,42.349734,-71.0779993,38.456,-32.060508968025346,0.12638168,1769642949766
5837,1530134528,1769645660872,19:14:20.872,42.349734,-71.0779993,38.456,-32.060508968025346,0.12638168,1769642949766
5838,1530396672,1769645661220,19:14:21.220,42.349734,-71.0779993,38.456,-32.060508968025346,0.12638168,1769642949766
5839,1530658816,1769645661570,19:14:21.570,42.349734,-71.0779993,38.456,-32.060508968025346,0.12638168,1769642949766
5840,1530920960,1769645661921,19:14:21.921,42.349734,-71.0779993,38.456,-32.060508968025346,0.12638168,1769642949766
5841,1531183104,1769645662414,19:14:22.414,42.349734,-71.0779993,38.456,-32.060508968025346,0.12638168,1769642949766
5842,1531445248,1769645662946,19:14:22.946,42.349734,-71.0779993,38.456,-32.060508968025346,0.12638168,1769642949766
5843,1531707392,1769645663520,19:14:23.520,42.349734,-71.0779993,38.456,-32.060508968025346,0.12638168,1769642949766
5844,1531969536,1769645664132,19:14:24.132,42.349734,-71.0779993,38.456,-32.060508968025346,0.12638168,1769642949766
5845,1532231680,1769645664636,19:14:24.636,42.349734,-71.0779993,38.456,-32.060508968025346,0.12638168,1769642949766
5846,1532493824,1769645664983,19:14:24.983,42.349734,-71.0779993,38.456,-32.060508968025346,0.12638168,1769642949766
5847,1532755968,1769645665431,19:14:25.431,42.349734,-71.0779993,38.456,-32.060508968025346,0.12638168,1769642949766
5848,1533018112,1769645665814,19:14:25.814,42.349734,-71.0779993,38.456,-32.060508968025346,0.12638168,1769642949766
5849,1533280256,1769645666231,19:14:26.231,42.349734,-71.0779993,38.456,-32.060508968025346,0.12638168,1769642949766
5850,1533542400,1769645666956,19:14:26.956,42.349734,-71.0779993,38.456,-32.060508968025346,0.12638168,1769642949766
5851,1533804544,1769645667677,19:14:27.677,42.349734,-71.0779993,38.456,-32.060508968025346,0.12638168,1769642949766
5852,1534066688,1769645668171,19:14:28.171,42.349734,-71.0779993,38.456,-32.060508968025346,0.12638168,1769642949766
5853,1534328832,1769645668914,19:14:28.914,42.349734,-71.0779993,38.456,-32.060508968025346,0.12638168,1769642949766
5854,1534590976,1769645669652,19:14:29.652,42.349734,-71.0779993,38.456,-32.060508968025346,0.12638168,1769642949766
5855,1534853120,1769645670272,19:14:30.272,42.349734,-71.0779993,38.456,-32.060508968025346,0.12638168,1769642949766
5856,1535115264,1769645670891,19:14:30.891,42.349734,-71.0779993,38.456,-32.060508968025346,0.12638168,1769642949766
5857,1535377408,1769645671512,19:14:31.512,42.349734,-71.0779993,38.456,-32.060508968025346,0.12638168,1769642949766
5858,1535639552,1769645672133,19:14:32.133,42.349734,-71.0779993,38.456,-32.060508968025346,0.12638168,1769642949766
5859,1535901696,1769645672751,19:14:32.751,42.349734,-71.0779993,38.456,-32.060508968025346,0.12638168,1769642949766
5860,1536163840,1769645673375,19:14:33.375,42.349734,-71.0779993,38.456,-32.060508968025346,0.12638168,1769642949766
5861,1536425984,1769645673992,19:14:33.992,42.349734,-71.0779993,38.456,-32.060508968025346,0.12638168,1769642949766
5862,1536688128,1769645674626,19:14:34.626,42.349734,-71.0779993,38.456,-32.060508968025346,0.12638168,1769642949766
5863,1536950272,1769645675225,19:14:35.225,42.349734,-71.0779993,38.456,-32.060508968025346,0.12638168,1769642949766
5864,1537212416,1769645675744,19:14:35.744,42.349734,-71.0779993,38.456,-32.060508968025346,0.12638168,1769642949766
5865,1537474560,1769645676298,19:14:36.298,42.349734,-71.0779993,38.456,-32.060508968025346,0.12638168,1769642949766
5866,1537736704,1769645676808,19:14:36.808,42.349734,-71.0779993,38.456,-32.060508968025346,0.12638168,1769642949766
5867,1537998848,1769645677369,19:14:37.369,42.349734,-71.0779993,38.456,-32.060508968025346,0.12638168,1769642949766
5868,1538260992,1769645677892,19:14:37.892,42.349734,-71.0779993,38.456,-32.060508968025346,0.12638168,1769642949766
5869,1538523136,1769645678442,19:14:38.442,42.349734,-71.0779993,38.456,-32.060508968025346,0.12638168,1769642949766
5870,1538785280,1769645678999,19:14:38.999,42.349734,-71.0779993,38.456,-32.060508968025346,0.12638168,1769642949766
5871,1539047424,1769645679548,19:14:39.548,42.3465711,-71.0373054,33.189,-32.060508968025346,10.248974,1769645678977
5872,1539309568,1769645679891,19:14:39.891,42.3465711,-71.0373054,33.189,-32.060508968025346,10.248974,1769645678977
5873,1539571712,1769645680308,19:14:40.308,42.346509,-71.0374636,30.918,-32.060508968025346,3.0761697,1769645679976
5874,1539833856,1769645681276,19:14:41.276,42.3464707,-71.0376109,29.031,-31.04448568003548,3.7395954,1769645680977
5875,1540096000,1769645681963,19:14:41.963,42.3464707,-71.0376109,29.031,-31.04448568003548,3.7395954,1769645680977
5876,1540358144,1769645682824,19:14:42.824,42.3463699,-71.0375895,26.811,-34.98492132892226,4.436677,1769645681977
5877,1540620288,1769645683767,19:14:43.767,42.3462933,-71.0376615,25.119,-47.724300739217426,5.0138006,1769645682977
5878,1540882432,1769645684635,19:14:44.635,42.3462153,-71.0377043,21.893,-44.694342443869196,5.440129,1769645683976
5879,1541144576,1769645685476,19:14:45.476,42.3461171,-71.0377743,19.576,-44.69900201817156,6.0628233,1769645684977
5880,1541406720,1769645686289,19:14:46.289,42.3460164,-71.0378497,18.073,-44.133426617378426,6.67725,1769645685978
5881,1541668864,1769645687378,19:14:47.378,42.3459399,-71.0379523,17.914,-44.1437818285258,7.2135634,1769645686977
5882,1541931008,1769645688328,19:14:48.328,42.3458893,-71.0380593,18.225,-43.716031879388964,7.5302114,1769645687977
5883,1542193152,1769645689340,19:14:49.340,42.345844,-71.0381387,19.064,-43.73208236694336,7.5761924,1769645688977
5884,1542455296,1769645689944,19:14:49.944,42.345844,-71.0381387,19.064,-43.73208236694336,7.5761924,1769645688977
5885,1542717440,1769645690402,19:14:50.402,42.3458028,-71.0381967,19.232,-43.77453736173571,7.3960934,1769645689976
5886,1542979584,1769645690930,19:14:50.930,42.3458028,-71.0381967,19.232,-43.77453736173571,7.3960934,1769645689976
5887,1543241728,1769645691380,19:14:51.380,42.3457645,-71.0382727,19.833,-41.97671634610445,7.4801593,1769645690976
5888,1543503872,1769645691825,19:14:51.825,42.3457645,-71.0382727,19.833,-41.97671634610445,7.4801593,1769645690976
5889,1543766016,1769645692247,19:14:52.247,42.3457371,-71.0383594,20.673,-42.03211425536988,7.5589437,1769645691977
5890,1544028160,1769645692667,19:14:52.667,42.3457371,-71.0383594,20.673,-42.03211425536988,7.5589437,1769645691977
5891,1544290304,1769645693100,19:14:53.100,42.3457371,-71.0383594,20.673,-42.03211425536988,7.5589437,1769645691977
5892,1544552448,1769645693502,19:14:53.502,42.3456939,-71.0384525,21.287,-40.22708963176945,7.6914773,1769645692977
5893,1544814592,1769645693938,19:14:53.938,42.3456939,-71.0384525,21.287,-40.22708963176945,7.6914773,1769645692977
5894,1545076736,1769645694322,19:14:54.322,42.3456506,-71.0385462,21.861,-40.2498705253828,7.829995,1769645693977
5895,1545338880,1769645694960,19:14:54.960,42.3456506,-71.0385462,21.861,-40.2498705253828,7.829995,1769645693977
5896,1545601024,1769645695532,19:14:55.532,42.3456073,-71.0386399,23.29,-37.87204208931999,7.9551635,1769645694978
5897,1545863168,1769645695966,19:14:55.966,42.3456073,-71.0386399,23.29,-37.87204208931999,7.9551635,1769645694978
5898,1546125312,1769645696343,19:14:56.343,42.3455639,-71.0387337,24.877,-37.872040495504855,8.068247,1769645695978
5899,1546387456,1769645696968,19:14:56.968,42.3455639,-71.0387337,24.877,-37.872040495504855,8.068247,1769645695978
5900,1546649600,1769645697477,19:14:57.477,42.3455206,-71.0388276,26.724,-35.78251972395348,8.170169,1769645696977
5901,1546911744,1769645697997,19:14:57.997,42.3455206,-71.0388276,26.724,-35.78251972395348,8.170169,1769645696977
5902,1547173888,1769645698530,19:14:58.530,42.3455193,-71.038827,31.208,-35.7540436405386,5.328739,1769645697978
5903,1547436032,1769645699009,19:14:59.009,42.3455193,-71.038827,31.208,-35.7540436405386,5.328739,1769645697978
5904,1547698176,1769645699394,19:14:59.394,42.3455181,-71.0388266,35.349,-35.7457598192214,0.006764846,1769645698978
5905,1547960320,1769645699826,19:14:59.826,42.3455181,-71.0388266,35.349,-35.7457598192214,0.006764846,1769645698978
5906,1548222464,1769645700204,19:15:00.204,42.3455169,-71.0388261,39.124,-35.742135202164405,0.012971731,1769645699977
5907,1548484608,1769645700634,19:15:00.634,42.3455169,-71.0388261,39.124,-35.742135202164405,0.012971731,1769645699977
5908,1548746752,1769645701060,19:15:01.060,42.3455169,-71.0388261,39.124,-35.742135202164405,0.012971731,1769645699977
5909,1549008896,1769645701497,19:15:01.497,42.3455157,-71.0388257,42.627,-35.30694955437252,0.018648183,1769645700978
5910,1549271040,1769645701941,19:15:01.941,42.3455157,-71.0388257,42.627,-35.30694955437252,0.018648183,1769645700978
5911,1549533184,1769645702364,19:15:02.364,42.3455157,-71.0388257,42.627,-35.30694955437252,0.018648183,1769645700978
5912,1549795328,1769645702814,19:15:02.814,42.3455157,-71.0388257,42.627,-35.30694955437252,0.018648183,1769645700978
5913,1550057472,1769645703205,19:15:03.205,42.3455157,-71.0388257,42.627,-35.30694955437252,0.018648183,1769645700978
5914,1550319616,1769645703643,19:15:03.643,42.3455157,-71.0388257,42.627,-35.30694955437252,0.018648183,1769645700978
5915,1550581760,1769645704084,19:15:04.084,42.3455157,-71.0388257,42.627,-35.30694955437252,0.018648183,1769645700978
5916,1550843904,1769645704457,19:15:04.457,42.3455157,-71.0388257,42.627,-35.30694955437252,0.018648183,1769645700978
5917,1551106048,1769645704805,19:15:04.805,42.3455157,-71.0388257,42.627,-35.30694955437252,0.018648183,1769645700978
5918,1551368192,1769645705155,19:15:05.155,42.3455157,-71.0388257,42.627,-35.30694955437252,0.018648183,1769645700978
5919,1551630336,1769645705498,19:15:05.498,42.3455157,-71.0388257,42.627,-35.30694955437252,0.018648183,1769645700978
5920,1551892480,1769645705820,19:15:05.820,42.3455157,-71.0388257,42.627,-35.30694955437252,0.018648183,1769645700978
5921,1552154624,1769645706327,19:15:06.327,42.3455157,-71.0388257,42.627,-35.30694955437252,0.018648183,1769645700978
5922,1552416768,1769645706741,19:15:06.741,42.3455157,-71.0388257,42.627,-35.30694955437252,0.018648183,1769645700978
5923,1552678912,1769645707121,19:15:07.121,42.3455157,-71.0388257,42.627,-35.30694955437252,0.018648183,1769645700978
5924,1552941056,1769645707590,19:15:07.590,42.3455157,-71.0388257,42.627,-35.30694955437252,0.018648183,1769645700978
5925,1553203200,1769645708019,19:15:08.019,42.3455157,-71.0388257,42.627,-35.30694955437252,0.018648183,1769645700978
5926,1553465344,1769645708520,19:15:08.520,42.3455157,-71.0388257,42.627,-35.30694955437252,0.018648183,1769645700978
5927,1553727488,1769645708978,19:15:08.978,42.3455157,-71.0388257,42.627,-35.30694955437252,0.018648183,1769645700978
5928,1553989632,1769645709454,19:15:09.454,42.3455157,-71.0388257,42.627,-35.30694955437252,0.018648183,1769645700978
5929,1554251776,1769645709919,19:15:09.919,42.3455157,-71.0388257,42.627,-35.30694955437252,0.018648183,1769645700978
5930,1554513920,1769645710321,19:15:10.321,42.3455157,-71.0388257,42.627,-35.30694955437252,0.018648183,1769645700978
5931,1554776064,1769645711119,19:15:11.119,42.3455157,-71.0388257,42.627,-35.30694955437252,0.018648183,1769645700978
5932,1555038208,1769645711809,19:15:11.809,42.3455157,-71.0388257,42.627,-35.30694955437252,0.018648183,1769645700978
5933,1555300352,1769645712641,19:15:12.641,42.3455157,-71.0388257,42.627,-35.30694955437252,0.018648183,1769645700978
5934,1555562496,1769645713531,19:15:13.531,42.3455157,-71.0388257,42.627,-35.30694955437252,0.018648183,1769645700978
5935,1555824640,1769645714432,19:15:14.432,42.3455157,-71.0388257,42.627,-35.30694955437252,0.018648183,1769645700978
5936,1556086784,1769645715482,19:15:15.482,42.3455157,-71.0388257,42.627,-35.30694955437252,0.018648183,1769645700978
5937,1556348928,1769645716291,19:15:16.291,42.3455157,-71.0388257,42.627,-35.30694955437252,0.018648183,1769645700978
5938,1556611072,1769645717300,19:15:17.300,42.3455157,-71.0388257,42.627,-35.30694955437252,0.018648183,1769645700978
5939,1556873216,1769645718144,19:15:18.144,42.3455157,-71.0388257,42.627,-35.30694955437252,0.018648183,1769645700978
5940,1557135360,1769645719095,19:15:19.095,42.3455157,-71.0388257,42.627,-35.30694955437252,0.018648183,1769645700978
5941,1557397504,1769645719894,19:15:19.894,42.3455157,-71.0388257,42.627,-35.30694955437252,0.018648183,1769645700978
5942,1557659648,1769645720285,19:15:20.285,42.3455157,-71.0388257,42.627,-35.30694955437252,0.018648183,1769645700978
5943,1557921792,1769645720695,19:15:20.695,42.3455157,-71.0388257,42.627,-35.30694955437252,0.018648183,1769645700978
5944,1558183936,1769645721214,19:15:21.214,42.3455157,-71.0388257,42.627,-35.30694955437252,0.018648183,1769645700978
5945,1558446080,1769645721643,19:15:21.643,42.3455157,-71.0388257,42.627,-35.30694955437252,0.018648183,1769645700978
5946,1558708224,1769645722125,19:15:22.125,42.3455157,-71.0388257,42.627,-35.30694955437252,0.018648183,1769645700978
5947,1558970368,1769645722630,19:15:22.630,42.3455157,-71.0388257,42.627,-35.30694955437252,0.018648183,1769645700978
5948,1559232512,1769645723152,19:15:23.152,42.3455157,-71.0388257,42.627,-35.30694955437252,0.018648183,1769645700978
5949,1559494656,1769645723819,19:15:23.819,42.3455157,-71.0388257,42.627,-35.30694955437252,0.018648183,1769645700978
5950,1559756800,1769645724376,19:15:24.376,42.3455157,-71.0388257,42.627,-35.30694955437252,0.018648183,1769645700978
5951,1560018944,1769645724883,19:15:24.883,42.3455157,-71.0388257,42.627,-35.30694955437252,0.018648183,1769645700978
5952,1560281088,1769645725421,19:15:25.421,42.3455157,-71.0388257,42.627,-35.30694955437252,0.018648183,1769645700978
5953,1560543232,1769645726022,19:15:26.022,42.3455157,-71.0388257,42.627,-35.30694955437252,0.018648183,1769645700978
5954,1560805376,1769645726581,19:15:26.581,42.3455157,-71.0388257,42.627,-35.30694955437252,0.018648183,1769645700978
5955,1561067520,1769645727011,19:15:27.011,42.3455157,-71.0388257,42.627,-35.30694955437252,0.018648183,1769645700978
5956,1561329664,1769645727383,19:15:27.383,42.3455157,-71.0388257,42.627,-35.30694955437252,0.018648183,1769645700978
5957,1561591808,1769645727911,19:15:27.911,42.3455157,-71.0388257,42.627,-35.30694955437252,0.018648183,1769645700978
5958,1561853952,1769645728438,19:15:28.438,42.3455157,-71.0388257,42.627,-35.30694955437252,0.018648183,1769645700978
5959,1562116096,1769645728960,19:15:28.960,42.3455157,-71.0388257,42.627,-35.30694955437252,0.018648183,1769645700978
5960,1562378240,1769645729341,19:15:29.341,42.3455157,-71.0388257,42.627,-35.30694955437252,0.018648183,1769645700978
5961,1562640384,1769645729776,19:15:29.776,42.3455157,-71.0388257,42.627,-35.30694955437252,0.018648183,1769645700978
5962,1562902528,1769645730201,19:15:30.201,42.3455157,-71.0388257,42.627,-35.30694955437252,0.018648183,1769645700978
5963,1563164672,1769645731333,19:15:31.333,42.3455157,-71.0388257,42.627,-35.30694955437252,0.018648183,1769645700978
5964,1563426816,1769645732110,19:15:32.110,42.3455157,-71.0388257,42.627,-35.30694955437252,0.018648183,1769645700978
5965,1563688960,1769645733309,19:15:33.309,42.3455157,-71.0388257,42.627,-35.30694955437252,0.018648183,1769645700978
5966,1563951104,1769645734151,19:15:34.151,42.3455157,-71.0388257,42.627,-35.30694955437252,0.018648183,1769645700978
5967,1564213248,1769645734969,19:15:34.969,42.3455157,-71.0388257,42.627,-35.30694955437252,0.018648183,1769645700978
5968,1564475392,1769645735647,19:15:35.647,42.3455157,-71.0388257,42.627,-35.30694955437252,0.018648183,1769645700978
5969,1564737536,1769645736240,19:15:36.240,42.3455157,-71.0388257,42.627,-35.30694955437252,0.018648183,1769645700978
5970,1564999680,1769645736921,19:15:36.921,42.3455157,-71.0388257,42.627,-35.30694955437252,0.018648183,1769645700978
5971,1565261824,1769645737652,19:15:37.652,42.3455157,-71.0388257,42.627,-35.30694955437252,0.018648183,1769645700978
5972,1565523968,1769645738647,19:15:38.647,42.3455157,-71.0388257,42.627,-35.30694955437252,0.018648183,1769645700978
5973,1565786112,1769645739658,19:15:39.658,42.3455157,-71.0388257,42.627,-35.30694955437252,0.018648183,1769645700978
5974,1566048256,1769645740589,19:15:40.589,42.3455157,-71.0388257,42.627,-35.30694955437252,0.018648183,1769645700978
5975,1566310400,1769645741415,19:15:41.415,42.3455157,-71.0388257,42.627,-35.30694955437252,0.018648183,1769645700978
5976,1566572544,1769645742234,19:15:42.234,42.3455157,-71.0388257,42.627,-35.30694955437252,0.018648183,1769645700978
5977,1566834688,1769645743097,19:15:43.097,42.3455157,-71.0388257,42.627,-35.30694955437252,0.018648183,1769645700978
5978,1567096832,1769645743800,19:15:43.800,42.3455157,-71.0388257,42.627,-35.30694955437252,0.018648183,1769645700978
5979,1567358976,1769645744444,19:15:44.444,42.3455157,-71.0388257,42.627,-35.30694955437252,0.018648183,1769645700978
5980,1567621120,1769645745054,19:15:45.054,42.3455157,-71.0388257,42.627,-35.30694955437252,0.018648183,1769645700978
5981,1567883264,1769645745676,19:15:45.676,42.3455157,-71.0388257,42.627,-35.30694955437252,0.018648183,1769645700978
5982,1568145408,1769645746294,19:15:46.294,42.3455157,-71.0388257,42.627,-35.30694955437252,0.018648183,1769645700978
5983,1568407552,1769645746919,19:15:46.919,42.3455157,-71.0388257,42.627,-35.30694955437252,0.018648183,1769645700978
5984,1568669696,1769645747536,19:15:47.536,42.3455157,-71.0388257,42.627,-35.30694955437252,0.018648183,1769645700978
5985,1568931840,1769645748160,19:15:48.160,42.3455157,-71.0388257,42.627,-35.30694955437252,0.018648183,1769645700978
5986,1569193984,1769645748778,19:15:48.778,42.3455157,-71.0388257,42.627,-35.30694955437252,0.018648183,1769645700978
5987,1569456128,1769645749400,19:15:49.400,42.3455157,-71.0388257,42.627,-35.30694955437252,0.018648183,1769645700978
5988,1569718272,1769645749868,19:15:49.868,42.3455157,-71.0388257,42.627,-35.30694955437252,0.018648183,1769645700978
5989,1569980416,1769645750233,19:15:50.233,42.3455157,-71.0388257,42.627,-35.30694955437252,0.018648183,1769645700978
5990,1570242560,1769645750621,19:15:50.621,42.3455157,-71.0388257,42.627,-35.30694955437252,0.018648183,1769645700978
5991,1570504704,1769645750978,19:15:50.978,42.3455157,-71.0388257,42.627,-35.30694955437252,0.018648183,1769645700978
5992,1570766848,1769645751359,19:15:51.359,42.3455157,-71.0388257,42.627,-35.30694955437252,0.018648183,1769645700978
5993,1571028992,1769645751755,19:15:51.755,42.3455157,-71.0388257,42.627,-35.30694955437252,0.018648183,1769645700978
5994,1571291136,1769645752171,19:15:52.171,42.3455157,-71.0388257,42.627,-35.30694955437252,0.018648183,1769645700978
5995,1571553280,1769645752611,19:15:52.611,42.3455157,-71.0388257,42.627,-35.30694955437252,0.018648183,1769645700978
5996,1571815424,1769645753075,19:15:53.075,42.3455157,-71.0388257,42.627,-35.30694955437252,0.018648183,1769645700978
5997,1572077568,1769645753500,19:15:53.500,42.3455157,-71.0388257,42.627,-35.30694955437252,0.018648183,1769645700978
5998,1572339712,1769645753918,19:15:53.918,42.3455157,-71.0388257,42.627,-35.30694955437252,0.018648183,1769645700978
5999,1572601856,1769645754366,19:15:54.366,42.3455157,-71.0388257,42.627,-35.30694955437252,0.018648183,1769645700978
6000,1572864000,1769645754806,19:15:54.806,42.3455157,-71.0388257,42.627,-35.30694955437252,0.018648183,1769645700978
6001,1573126144,1769645755210,19:15:55.210,42.3455157,-71.0388257,42.627,-35.30694955437252,0.018648183,1769645700978
6002,1573388288,1769645755662,19:15:55.662,42.3455157,-71.0388257,42.627,-35.30694955437252,0.018648183,1769645700978
6003,1573650432,1769645756187,19:15:56.187,42.3455157,-71.0388257,42.627,-35.30694955437252,0.018648183,1769645700978
6004,1573912576,1769645756871,19:15:56.871,42.3455157,-71.0388257,42.627,-35.30694955437252,0.018648183,1769645700978
6005,1574174720,1769645757683,19:15:57.683,42.3455157,-71.0388257,42.627,-35.30694955437252,0.018648183,1769645700978
6006,1574436864,1769645758445,19:15:58.445,42.3455157,-71.0388257,42.627,-35.30694955437252,0.018648183,1769645700978
6007,1574699008,1769645759038,19:15:59.038,42.3455157,-71.0388257,42.627,-35.30694955437252,0.018648183,1769645700978
6008,1574961152,1769645759498,19:15:59.498,42.3455157,-71.0388257,42.627,-35.30694955437252,0.018648183,1769645700978
6009,1575223296,1769645760160,19:16:00.160,42.3455157,-71.0388257,42.627,-35.30694955437252,0.018648183,1769645700978
6010,1575485440,1769645760883,19:16:00.883,42.3455157,-71.0388257,42.627,-35.30694955437252,0.018648183,1769645700978
6011,1575747584,1769645761630,19:16:01.630,42.3455157,-71.0388257,42.627,-35.30694955437252,0.018648183,1769645700978
6012,1576009728,1769645762292,19:16:02.292,42.3455157,-71.0388257,42.627,-35.30694955437252,0.018648183,1769645700978
6013,1576271872,1769645762926,19:16:02.926,42.3455157,-71.0388257,42.627,-35.30694955437252,0.018648183,1769645700978
6014,1576534016,1769645763828,19:16:03.828,42.3455157,-71.0388257,42.627,-35.30694955437252,0.018648183,1769645700978
6015,1576796160,1769645764606,19:16:04.606,42.3455157,-71.0388257,42.627,-35.30694955437252,0.018648183,1769645700978
6016,1577058304,1769645765146,19:16:05.146,42.3455157,-71.0388257,42.627,-35.30694955437252,0.018648183,1769645700978
6017,1577320448,1769645765627,19:16:05.627,42.3455157,-71.0388257,42.627,-35.30694955437252,0.018648183,1769645700978
6018,1577582592,1769645765990,19:16:05.990,42.3455157,-71.0388257,42.627,-35.30694955437252,0.018648183,1769645700978
6019,1577844736,1769645766526,19:16:06.526,42.3455157,-71.0388257,42.627,-35.30694955437252,0.018648183,1769645700978
6020,1578106880,1769645766918,19:16:06.918,42.3455157,-71.0388257,42.627,-35.30694955437252,0.018648183,1769645700978
6021,1578369024,1769645767351,19:16:07.351,42.3455157,-71.0388257,42.627,-35.30694955437252,0.018648183,1769645700978
6022,1578631168,1769645767781,19:16:07.781,42.3455157,-71.0388257,42.627,-35.30694955437252,0.018648183,1769645700978
6023,1578893312,1769645768277,19:16:08.277,42.3455157,-71.0388257,42.627,-35.30694955437252,0.018648183,1769645700978
6024,1579155456,1769645768732,19:16:08.732,42.3455157,-71.0388257,42.627,-35.30694955437252,0.018648183,1769645700978
6025,1579417600,1769645769247,19:16:09.247,42.3455157,-71.0388257,42.627,-35.30694955437252,0.018648183,1769645700978
6026,1579679744,1769645769747,19:16:09.747,42.3455157,-71.0388257,42.627,-35.30694955437252,0.018648183,1769645700978
6027,1579941888,1769645770113,19:16:10.113,42.3455157,-71.0388257,42.627,-35.30694955437252,0.018648183,1769645700978
6028,1580204032,1769645770465,19:16:10.465,42.3455157,-71.0388257,42.627,-35.30694955437252,0.018648183,1769645700978
6029,1580466176,1769645770970,19:16:10.970,42.3455157,-71.0388257,42.627,-35.30694955437252,0.018648183,1769645700978
6030,1580728320,1769645771407,19:16:11.407,42.3455157,-71.0388257,42.627,-35.30694955437252,0.018648183,1769645700978
6031,1580990464,1769645771849,19:16:11.849,42.3455157,-71.0388257,42.627,-35.30694955437252,0.018648183,1769645700978
6032,1581252608,1769645772228,19:16:12.228,42.3455157,-71.0388257,42.627,-35.30694955437252,0.018648183,1769645700978
6033,1581514752,1769645772638,19:16:12.638,42.3455157,-71.0388257,42.627,-35.30694955437252,0.018648183,1769645700978
6034,1581776896,1769645772992,19:16:12.992,42.3455157,-71.0388257,42.627,-35.30694955437252,0.018648183,1769645700978
6035,1582039040,1769645773456,19:16:13.456,42.3455157,-71.0388257,42.627,-35.30694955437252,0.018648183,1769645700978
6036,1582301184,1769645773902,19:16:13.902,42.3455157,-71.0388257,42.627,-35.30694955437252,0.018648183,1769645700978
6037,1582563328,1769645774398,19:16:14.398,42.3455157,-71.0388257,42.627,-35.30694955437252,0.018648183,1769645700978
6038,1582825472,1769645774784,19:16:14.784,42.3455157,-71.0388257,42.627,-35.30694955437252,0.018648183,1769645700978
6039,1583087616,1769645775292,19:16:15.292,42.3455157,-71.0388257,42.627,-35.30694955437252,0.018648183,1769645700978
6040,1583349760,1769645776215,19:16:16.215,42.3455157,-71.0388257,42.627,-35.30694955437252,0.018648183,1769645700978
6041,1583611904,1769645776989,19:16:16.989,42.3455157,-71.0388257,42.627,-35.30694955437252,0.018648183,1769645700978
6042,1583874048,1769645778023,19:16:18.023,42.3455157,-71.0388257,42.627,-35.30694955437252,0.018648183,1769645700978
6043,1584136192,1769645778925,19:16:18.925,42.3455157,-71.0388257,42.627,-35.30694955437252,0.018648183,1769645700978
6044,1584398336,1769645779743,19:16:19.743,42.3455157,-71.0388257,42.627,-35.30694955437252,0.018648183,1769645700978
6045,1584660480,1769645780709,19:16:20.709,42.3455157,-71.0388257,42.627,-35.30694955437252,0.018648183,1769645700978
6046,1584922624,1769645781559,19:16:21.559,42.3455157,-71.0388257,42.627,-35.30694955437252,0.018648183,1769645700978
6047,1585184768,1769645782592,19:16:22.592,42.3455157,-71.0388257,42.627,-35.30694955437252,0.018648183,1769645700978
6048,1585446912,1769645783692,19:16:23.692,42.3455157,-71.0388257,42.627,-35.30694955437252,0.018648183,1769645700978
6049,1585709056,1769645784455,19:16:24.455,42.3455157,-71.0388257,42.627,-35.30694955437252,0.018648183,1769645700978
6050,1585971200,1769645784924,19:16:24.924,42.3455157,-71.0388257,42.627,-35.30694955437252,0.018648183,1769645700978
6051,1586233344,1769645785318,19:16:25.318,42.3455157,-71.0388257,42.627,-35.30694955437252,0.018648183,1769645700978
6052,1586495488,1769645785713,19:16:25.713,42.3455157,-71.0388257,42.627,-35.30694955437252,0.018648183,1769645700978
6053,1586757632,1769645786081,19:16:26.081,42.3455157,-71.0388257,42.627,-35.30694955437252,0.018648183,1769645700978
6054,1587019776,1769645786523,19:16:26.523,42.3455157,-71.0388257,42.627,-35.30694955437252,0.018648183,1769645700978
6055,1587281920,1769645786959,19:16:26.959,42.3455157,-71.0388257,42.627,-35.30694955437252,0.018648183,1769645700978
6056,1587544064,1769645787321,19:16:27.321,42.3455157,-71.0388257,42.627,-35.30694955437252,0.018648183,1769645700978
6057,1587806208,1769645787709,19:16:27.709,42.3455157,-71.0388257,42.627,-35.30694955437252,0.018648183,1769645700978
6058,1588068352,1769645788072,19:16:28.072,42.3455157,-71.0388257,42.627,-35.30694955437252,0.018648183,1769645700978
6059,1588330496,1769645788417,19:16:28.417,42.3455157,-71.0388257,42.627,-35.30694955437252,0.018648183,1769645700978
6060,1588592640,1769645788917,19:16:28.917,42.3455157,-71.0388257,42.627,-35.30694955437252,0.018648183,1769645700978
6061,1588854784,1769645789361,19:16:29.361,42.3455157,-71.0388257,42.627,-35.30694955437252,0.018648183,1769645700978
6062,1589116928,1769645790115,19:16:30.115,42.3455157,-71.0388257,42.627,-35.30694955437252,0.018648183,1769645700978
6063,1589379072,1769645791404,19:16:31.404,42.3455157,-71.0388257,42.627,-35.30694955437252,0.018648183,1769645700978
6064,1589641216,1769645792267,19:16:32.267,42.3455157,-71.0388257,42.627,-35.30694955437252,0.018648183,1769645700978
6065,1589903360,1769645793569,19:16:33.569,42.3455157,-71.0388257,42.627,-35.30694955437252,0.018648183,1769645700978
6066,1590165504,1769645794157,19:16:34.157,42.3455157,-71.0388257,42.627,-35.30694955437252,0.018648183,1769645700978
6067,1590427648,1769645794748,19:16:34.748,42.3455157,-71.0388257,42.627,-35.30694955437252,0.018648183,1769645700978
6068,1590689792,1769645795322,19:16:35.322,42.3455157,-71.0388257,42.627,-35.30694955437252,0.018648183,1769645700978
6069,1590951936,1769645795855,19:16:35.855,42.3455157,-71.0388257,42.627,-35.30694955437252,0.018648183,1769645700978
6070,1591214080,1769645796350,19:16:36.350,42.3455157,-71.0388257,42.627,-35.30694955437252,0.018648183,1769645700978
6071,1591476224,1769645796818,19:16:36.818,42.3455157,-71.0388257,42.627,-35.30694955437252,0.018648183,1769645700978
6072,1591738368,1769645797295,19:16:37.295,42.3455157,-71.0388257,42.627,-35.30694955437252,0.018648183,1769645700978
6073,1592000512,1769645797755,19:16:37.755,42.3455157,-71.0388257,42.627,-35.30694955437252,0.018648183,1769645700978
6074,1592262656,1769645798244,19:16:38.244,42.3455157,-71.0388257,42.627,-35.30694955437252,0.018648183,1769645700978
6075,1592524800,1769645798754,19:16:38.754,42.3455157,-71.0388257,42.627,-35.30694955437252,0.018648183,1769645700978
6076,1592786944,1769645799274,19:16:39.274,42.3455157,-71.0388257,42.627,-35.30694955437252,0.018648183,1769645700978
6077,1593049088,1769645799739,19:16:39.739,42.3455157,-71.0388257,42.627,-35.30694955437252,0.018648183,1769645700978
6078,1593311232,1769645800285,19:16:40.285,42.3455157,-71.0388257,42.627,-35.30694955437252,0.018648183,1769645700978
6079,1593573376,1769645801186,19:16:41.186,42.3455157,-71.0388257,42.627,-35.30694955437252,0.018648183,1769645700978
6080,1593835520,1769645802003,19:16:42.003,42.3455157,-71.0388257,42.627,-35.30694955437252,0.018648183,1769645700978
6081,1594097664,1769645803092,19:16:43.092,42.3455157,-71.0388257,42.627,-35.30694955437252,0.018648183,1769645700978
6082,1594359808,1769645804011,19:16:44.011,42.3455157,-71.0388257,42.627,-35.30694955437252,0.018648183,1769645700978
6083,1594621952,1769645804964,19:16:44.964,42.3455157,-71.0388257,42.627,-35.30694955437252,0.018648183,1769645700978
6084,1594884096,1769645806085,19:16:46.085,42.3455157,-71.0388257,42.627,-35.30694955437252,0.018648183,1769645700978
6085,1595146240,1769645807166,19:16:47.166,42.3455157,-71.0388257,42.627,-35.30694955437252,0.018648183,1769645700978
6086,1595408384,1769645808017,19:16:48.017,42.3455157,-71.0388257,42.627,-35.30694955437252,0.018648183,1769645700978
6087,1595670528,1769645809172,19:16:49.172,42.3455157,-71.0388257,42.627,-35.30694955437252,0.018648183,1769645700978
6088,1595932672,1769645809800,19:16:49.800,42.3455157,-71.0388257,42.627,-35.30694955437252,0.018648183,1769645700978
6089,1596194816,1769645810306,19:16:50.306,42.3455157,-71.0388257,42.627,-35.30694955437252,0.018648183,1769645700978
6090,1596456960,1769645811014,19:16:51.014,42.3455157,-71.0388257,42.627,-35.30694955437252,0.018648183,1769645700978
6091,1596719104,1769645811599,19:16:51.599,42.3455157,-71.0388257,42.627,-35.30694955437252,0.018648183,1769645700978
6092,1596981248,1769645812061,19:16:52.061,42.3455157,-71.0388257,42.627,-35.30694955437252,0.018648183,1769645700978
6093,1597243392,1769645812512,19:16:52.512,42.3455157,-71.0388257,42.627,-35.30694955437252,0.018648183,1769645700978
6094,1597505536,1769645812940,19:16:52.940,42.3455157,-71.0388257,42.627,-35.30694955437252,0.018648183,1769645700978
6095,1597767680,1769645813547,19:16:53.547,42.3455157,-71.0388257,42.627,-35.30694955437252,0.018648183,1769645700978
6096,1598029824,1769645813941,19:16:53.941,42.3455157,-71.0388257,42.627,-35.30694955437252,0.018648183,1769645700978
6097,1598291968,1769645814455,19:16:54.455,42.3455157,-71.0388257,42.627,-35.30694955437252,0.018648183,1769645700978
6098,1598554112,1769645814991,19:16:54.991,42.3455157,-71.0388257,42.627,-35.30694955437252,0.018648183,1769645700978
6099,1598816256,1769645815430,19:16:55.430,42.3455157,-71.0388257,42.627,-35.30694955437252,0.018648183,1769645700978
6100,1599078400,1769645815811,19:16:55.811,42.3455157,-71.0388257,42.627,-35.30694955437252,0.018648183,1769645700978
6101,1599340544,1769645816351,19:16:56.351,42.3455157,-71.0388257,42.627,-35.30694955437252,0.018648183,1769645700978
6102,1599602688,1769645816818,19:16:56.818,42.3455157,-71.0388257,42.627,-35.30694955437252,0.018648183,1769645700978
6103,1599864832,1769645817274,19:16:57.274,42.3455157,-71.0388257,42.627,-35.30694955437252,0.018648183,1769645700978
6104,1600126976,1769645817807,19:16:57.807,42.3455157,-71.0388257,42.627,-35.30694955437252,0.018648183,1769645700978
6105,1600389120,1769645818243,19:16:58.243,42.3455157,-71.0388257,42.627,-35.30694955437252,0.018648183,1769645700978
6106,1600651264,1769645818741,19:16:58.741,42.3455157,-71.0388257,42.627,-35.30694955437252,0.018648183,1769645700978
6107,1600913408,1769645819088,19:16:59.088,42.3455157,-71.0388257,42.627,-35.30694955437252,0.018648183,1769645700978
6108,1601175552,1769645819539,19:16:59.539,42.3455157,-71.0388257,42.627,-35.30694955437252,0.018648183,1769645700978
6109,1601437696,1769645819993,19:16:59.993,42.3455157,-71.0388257,42.627,-35.30694955437252,0.018648183,1769645700978
6110,1601699840,1769645820515,19:17:00.515,42.3455157,-71.0388257,42.627,-35.30694955437252,0.018648183,1769645700978
6111,1601961984,1769645820982,19:17:00.982,42.3455157,-71.0388257,42.627,-35.30694955437252,0.018648183,1769645700978
6112,1602224128,1769645821548,19:17:01.548,42.3455157,-71.0388257,42.627,-35.30694955437252,0.018648183,1769645700978
6113,1602486272,1769645822075,19:17:02.075,42.3455157,-71.0388257,42.627,-35.30694955437252,0.018648183,1769645700978
6114,1602748416,1769645822477,19:17:02.477,42.3455157,-71.0388257,42.627,-35.30694955437252,0.018648183,1769645700978
6115,1603010560,1769645823002,19:17:03.002,42.3455157,-71.0388257,42.627,-35.30694955437252,0.018648183,1769645700978
6116,1603272704,1769645823472,19:17:03.472,42.3455157,-71.0388257,42.627,-35.30694955437252,0.018648183,1769645700978
6117,1603534848,1769645823873,19:17:03.873,42.3455157,-71.0388257,42.627,-35.30694955437252,0.018648183,1769645700978
6118,1603796992,1769645824261,19:17:04.261,42.3455157,-71.0388257,42.627,-35.30694955437252,0.018648183,1769645700978
6119,1604059136,1769645824646,19:17:04.646,42.3455157,-71.0388257,42.627,-35.30694955437252,0.018648183,1769645700978
6120,1604321280,1769645825051,19:17:05.051,42.3455157,-71.0388257,42.627,-35.30694955437252,0.018648183,1769645700978
6121,1604583424,1769645825452,19:17:05.452,42.3455157,-71.0388257,42.627,-35.30694955437252,0.018648183,1769645700978
6122,1604845568,1769645825840,19:17:05.840,42.3455157,-71.0388257,42.627,-35.30694955437252,0.018648183,1769645700978
6123,1605107712,1769645826193,19:17:06.193,42.3455157,-71.0388257,42.627,-35.30694955437252,0.018648183,1769645700978
6124,1605369856,1769645826658,19:17:06.658,42.3455157,-71.0388257,42.627,-35.30694955437252,0.018648183,1769645700978
6125,1605632000,1769645827280,19:17:07.280,42.3455157,-71.0388257,42.627,-35.30694955437252,0.018648183,1769645700978
6126,1605894144,1769645827893,19:17:07.893,42.3455157,-71.0388257,42.627,-35.30694955437252,0.018648183,1769645700978
6127,1606156288,1769645828502,19:17:08.502,42.3455157,-71.0388257,42.627,-35.30694955437252,0.018648183,1769645700978
6128,1606418432,1769645829117,19:17:09.117,42.3455157,-71.0388257,42.627,-35.30694955437252,0.018648183,1769645700978
6129,1606680576,1769645829672,19:17:09.672,42.3455157,-71.0388257,42.627,-35.30694955437252,0.018648183,1769645700978
6130,1606942720,1769645830011,19:17:10.011,42.3455157,-71.0388257,42.627,-35.30694955437252,0.018648183,1769645700978
6131,1607204864,1769645830679,19:17:10.679,42.3455157,-71.0388257,42.627,-35.30694955437252,0.018648183,1769645700978
6132,1607467008,1769645831612,19:17:11.612,42.3455157,-71.0388257,42.627,-35.30694955437252,0.018648183,1769645700978
6133,1607729152,1769645832446,19:17:12.446,42.3455157,-71.0388257,42.627,-35.30694955437252,0.018648183,1769645700978
6134,1607991296,1769645833169,19:17:13.169,42.3455157,-71.0388257,42.627,-35.30694955437252,0.018648183,1769645700978
6135,1608253440,1769645834138,19:17:14.138,42.3455157,-71.0388257,42.627,-35.30694955437252,0.018648183,1769645700978
6136,1608515584,1769645834824,19:17:14.824,42.3455157,-71.0388257,42.627,-35.30694955437252,0.018648183,1769645700978
6137,1608777728,1769645835805,19:17:15.805,42.3455157,-71.0388257,42.627,-35.30694955437252,0.018648183,1769645700978
6138,1609039872,1769645836632,19:17:16.632,42.3455157,-71.0388257,42.627,-35.30694955437252,0.018648183,1769645700978
6139,1609302016,1769645837535,19:17:17.535,42.3455157,-71.0388257,42.627,-35.30694955437252,0.018648183,1769645700978
6140,1609564160,1769645838610,19:17:18.610,42.3455157,-71.0388257,42.627,-35.30694955437252,0.018648183,1769645700978
6141,1609826304,1769645839396,19:17:19.396,42.3455157,-71.0388257,42.627,-35.30694955437252,0.018648183,1769645700978
6142,1610088448,1769645839971,19:17:19.971,42.3455157,-71.0388257,42.627,-35.30694955437252,0.018648183,1769645700978
6143,1610350592,1769645840569,19:17:20.569,42.3455157,-71.0388257,42.627,-35.30694955437252,0.018648183,1769645700978
6144,1610612736,1769645841022,19:17:21.022,42.3455157,-71.0388257,42.627,-35.30694955437252,0.018648183,1769645700978
6145,1610874880,1769645841500,19:17:21.500,42.3455157,-71.0388257,42.627,-35.30694955437252,0.018648183,1769645700978
6146,1611137024,1769645841883,19:17:21.883,42.3455157,-71.0388257,42.627,-35.30694955437252,0.018648183,1769645700978
6147,1611399168,1769645842339,19:17:22.339,42.3455157,-71.0388257,42.627,-35.30694955437252,0.018648183,1769645700978
6148,1611661312,1769645842905,19:17:22.905,42.3455157,-71.0388257,42.627,-35.30694955437252,0.018648183,1769645700978
6149,1611923456,1769645843509,19:17:23.509,42.3455157,-71.0388257,42.627,-35.30694955437252,0.018648183,1769645700978
6150,1612185600,1769645844109,19:17:24.109,42.3455157,-71.0388257,42.627,-35.30694955437252,0.018648183,1769645700978
6151,1612447744,1769645844647,19:17:24.647,42.3455157,-71.0388257,42.627,-35.30694955437252,0.018648183,1769645700978
6152,1612709888,1769645844994,19:17:24.994,42.3455157,-71.0388257,42.627,-35.30694955437252,0.018648183,1769645700978
6153,1612972032,1769645845723,19:17:25.723,42.3455157,-71.0388257,42.627,-35.30694955437252,0.018648183,1769645700978
6154,1613234176,1769645846345,19:17:26.345,42.3455157,-71.0388257,42.627,-35.30694955437252,0.018648183,1769645700978
6155,1613496320,1769645847347,19:17:27.347,42.3455157,-71.0388257,42.627,-35.30694955437252,0.018648183,1769645700978
6156,1613758464,1769645848157,19:17:28.157,42.3455157,-71.0388257,42.627,-35.30694955437252,0.018648183,1769645700978
6157,1614020608,1769645849023,19:17:29.023,42.3455157,-71.0388257,42.627,-35.30694955437252,0.018648183,1769645700978
6158,1614282752,1769645849879,19:17:29.879,42.3455157,-71.0388257,42.627,-35.30694955437252,0.018648183,1769645700978
6159,1614544896,1769645850710,19:17:30.710,42.3455157,-71.0388257,42.627,-35.30694955437252,0.018648183,1769645700978
6160,1614807040,1769645851686,19:17:31.686,42.3455157,-71.0388257,42.627,-35.30694955437252,0.018648183,1769645700978
6161,1615069184,1769645852664,19:17:32.664,42.3455157,-71.0388257,42.627,-35.30694955437252,0.018648183,1769645700978
6162,1615331328,1769645853619,19:17:33.619,42.3455157,-71.0388257,42.627,-35.30694955437252,0.018648183,1769645700978
6163,1615593472,1769645854384,19:17:34.384,42.3455157,-71.0388257,42.627,-35.30694955437252,0.018648183,1769645700978
6164,1615855616,1769645854846,19:17:34.846,42.3455157,-71.0388257,42.627,-35.30694955437252,0.018648183,1769645700978
6165,1616117760,1769645855332,19:17:35.332,42.3455157,-71.0388257,42.627,-35.30694955437252,0.018648183,1769645700978
6166,1616379904,1769645855839,19:17:35.839,42.3455157,-71.0388257,42.627,-35.30694955437252,0.018648183,1769645700978
6167,1616642048,1769645856416,19:17:36.416,42.3455157,-71.0388257,42.627,-35.30694955437252,0.018648183,1769645700978
6168,1616904192,1769645856921,19:17:36.921,42.3455157,-71.0388257,42.627,-35.30694955437252,0.018648183,1769645700978
6169,1617166336,1769645857710,19:17:37.710,42.3455157,-71.0388257,42.627,-35.30694955437252,0.018648183,1769645700978
6170,1617428480,1769645858412,19:17:38.412,42.3455157,-71.0388257,42.627,-35.30694955437252,0.018648183,1769645700978
6171,1617690624,1769645859060,19:17:39.060,42.3455157,-71.0388257,42.627,-35.30694955437252,0.018648183,1769645700978
6172,1617952768,1769645859641,19:17:39.641,42.3455157,-71.0388257,42.627,-35.30694955437252,0.018648183,1769645700978
6173,1618214912,1769645860266,19:17:40.266,42.3455157,-71.0388257,42.627,-35.30694955437252,0.018648183,1769645700978
6174,1618477056,1769645860884,19:17:40.884,42.3455157,-71.0388257,42.627,-35.30694955437252,0.018648183,1769645700978
6175,1618739200,1769645861506,19:17:41.506,42.3455157,-71.0388257,42.627,-35.30694955437252,0.018648183,1769645700978
6176,1619001344,1769645862123,19:17:42.123,42.3455157,-71.0388257,42.627,-35.30694955437252,0.018648183,1769645700978
6177,1619263488,1769645862747,19:17:42.747,42.3455157,-71.0388257,42.627,-35.30694955437252,0.018648183,1769645700978
6178,1619525632,1769645863366,19:17:43.366,42.3455157,-71.0388257,42.627,-35.30694955437252,0.018648183,1769645700978
6179,1619787776,1769645863985,19:17:43.985,42.3455157,-71.0388257,42.627,-35.30694955437252,0.018648183,1769645700978
6180,1620049920,1769645864600,19:17:44.600,42.3455157,-71.0388257,42.627,-35.30694955437252,0.018648183,1769645700978
6181,1620312064,1769645865021,19:17:45.021,42.3455157,-71.0388257,42.627,-35.30694955437252,0.018648183,1769645700978
6182,1620574208,1769645865436,19:17:45.436,42.3455157,-71.0388257,42.627,-35.30694955437252,0.018648183,1769645700978
6183,1620836352,1769645865822,19:17:45.822,42.3455157,-71.0388257,42.627,-35.30694955437252,0.018648183,1769645700978
6184,1621098496,1769645866131,19:17:46.131,42.3455157,-71.0388257,42.627,-35.30694955437252,0.018648183,1769645700978
6185,1621360640,1769645866586,19:17:46.586,42.3455157,-71.0388257,42.627,-35.30694955437252,0.018648183,1769645700978
6186,1621622784,1769645866975,19:17:46.975,42.3455157,-71.0388257,42.627,-35.30694955437252,0.018648183,1769645700978
6187,1621884928,1769645867318,19:17:47.318,42.3455157,-71.0388257,42.627,-35.30694955437252,0.018648183,1769645700978
6188,1622147072,1769645867683,19:17:47.683,42.3455157,-71.0388257,42.627,-35.30694955437252,0.018648183,1769645700978
6189,1622409216,1769645868070,19:17:48.070,42.3455157,-71.0388257,42.627,-35.30694955437252,0.018648183,1769645700978
6190,1622671360,1769645868460,19:17:48.460,42.3455157,-71.0388257,42.627,-35.30694955437252,0.018648183,1769645700978
6191,1622933504,1769645868859,19:17:48.859,42.3455157,-71.0388257,42.627,-35.30694955437252,0.018648183,1769645700978
6192,1623195648,1769645869204,19:17:49.204,42.3455157,-71.0388257,42.627,-35.30694955437252,0.018648183,1769645700978
6193,1623457792,1769645869600,19:17:49.600,42.3455157,-71.0388257,42.627,-35.30694955437252,0.018648183,1769645700978
6194,1623719936,1769645869947,19:17:49.947,42.3455157,-71.0388257,42.627,-35.30694955437252,0.018648183,1769645700978
6195,1623982080,1769645870576,19:17:50.576,42.3455157,-71.0388257,42.627,-35.30694955437252,0.018648183,1769645700978
6196,1624244224,1769645871274,19:17:51.274,42.3455157,-71.0388257,42.627,-35.30694955437252,0.018648183,1769645700978
6197,1624506368,1769645872028,19:17:52.028,42.3455157,-71.0388257,42.627,-35.30694955437252,0.018648183,1769645700978
6198,1624768512,1769645872722,19:17:52.722,42.3455157,-71.0388257,42.627,-35.30694955437252,0.018648183,1769645700978
6199,1625030656,1769645873342,19:17:53.342,42.3455157,-71.0388257,42.627,-35.30694955437252,0.018648183,1769645700978
6200,1625292800,1769645874138,19:17:54.138,42.3455157,-71.0388257,42.627,-35.30694955437252,0.018648183,1769645700978
6201,1625554944,1769645874789,19:17:54.789,42.3455157,-71.0388257,42.627,-35.30694955437252,0.018648183,1769645700978
6202,1625817088,1769645875813,19:17:55.813,42.3455157,-71.0388257,42.627,-35.30694955437252,0.018648183,1769645700978
6203,1626079232,1769645876699,19:17:56.699,42.3455157,-71.0388257,42.627,-35.30694955437252,0.018648183,1769645700978
6204,1626341376,1769645877583,19:17:57.583,42.3455157,-71.0388257,42.627,-35.30694955437252,0.018648183,1769645700978
6205,1626603520,1769645878468,19:17:58.468,42.3455157,-71.0388257,42.627,-35.30694955437252,0.018648183,1769645700978
6206,1626865664,1769645879387,19:17:59.387,42.3455157,-71.0388257,42.627,-35.30694955437252,0.018648183,1769645700978
6207,1627127808,1769645879963,19:17:59.963,42.3455157,-71.0388257,42.627,-35.30694955437252,0.018648183,1769645700978
6208,1627389952,1769645880524,19:18:00.524,42.3455157,-71.0388257,42.627,-35.30694955437252,0.018648183,1769645700978
6209,1627652096,1769645881051,19:18:01.051,42.3455157,-71.0388257,42.627,-35.30694955437252,0.018648183,1769645700978
6210,1627914240,1769645881683,19:18:01.683,42.3455157,-71.0388257,42.627,-35.30694955437252,0.018648183,1769645700978
6211,1628176384,1769645882207,19:18:02.207,42.3455157,-71.0388257,42.627,-35.30694955437252,0.018648183,1769645700978
6212,1628438528,1769645882849,19:18:02.849,42.3455157,-71.0388257,42.627,-35.30694955437252,0.018648183,1769645700978
6213,1628700672,1769645883371,19:18:03.371,42.3455157,-71.0388257,42.627,-35.30694955437252,0.018648183,1769645700978
6214,1628962816,1769645883874,19:18:03.874,42.3455157,-71.0388257,42.627,-35.30694955437252,0.018648183,1769645700978
6215,1629224960,1769645884354,19:18:04.354,42.3455157,-71.0388257,42.627,-35.30694955437252,0.018648183,1769645700978
6216,1629487104,1769645884912,19:18:04.912,42.3455157,-71.0388257,42.627,-35.30694955437252,0.018648183,1769645700978
6217,1629749248,1769645885528,19:18:05.528,42.3455157,-71.0388257,42.627,-35.30694955437252,0.018648183,1769645700978
6218,1630011392,1769645886153,19:18:06.153,42.3455157,-71.0388257,42.627,-35.30694955437252,0.018648183,1769645700978
6219,1630273536,1769645886769,19:18:06.769,42.3455157,-71.0388257,42.627,-35.30694955437252,0.018648183,1769645700978
6220,1630535680,1769645887392,19:18:07.392,42.3455157,-71.0388257,42.627,-35.30694955437252,0.018648183,1769645700978
6221,1630797824,1769645888010,19:18:08.010,42.3455157,-71.0388257,42.627,-35.30694955437252,0.018648183,1769645700978
6222,1631059968,1769645888634,19:18:08.634,42.3455157,-71.0388257,42.627,-35.30694955437252,0.018648183,1769645700978
6223,1631322112,1769645889254,19:18:09.254,42.3455157,-71.0388257,42.627,-35.30694955437252,0.018648183,1769645700978
6224,1631584256,1769645889886,19:18:09.886,42.3455157,-71.0388257,42.627,-35.30694955437252,0.018648183,1769645700978
6225,1631846400,1769645890502,19:18:10.502,42.3455157,-71.0388257,42.627,-35.30694955437252,0.018648183,1769645700978
6226,1632108544,1769645891128,19:18:11.128,42.3455157,-71.0388257,42.627,-35.30694955437252,0.018648183,1769645700978
6227,1632370688,1769645891743,19:18:11.743,42.3455157,-71.0388257,42.627,-35.30694955437252,0.018648183,1769645700978
6228,1632632832,1769645892362,19:18:12.362,42.3455157,-71.0388257,42.627,-35.30694955437252,0.018648183,1769645700978
6229,1632894976,1769645892995,19:18:12.995,42.3455157,-71.0388257,42.627,-35.30694955437252,0.018648183,1769645700978
6230,1633157120,1769645893603,19:18:13.603,42.3455157,-71.0388257,42.627,-35.30694955437252,0.018648183,1769645700978
6231,1633419264,1769645894227,19:18:14.227,42.3455157,-71.0388257,42.627,-35.30694955437252,0.018648183,1769645700978
6232,1633681408,1769645894855,19:18:14.855,42.3455157,-71.0388257,42.627,-35.30694955437252,0.018648183,1769645700978
6233,1633943552,1769645895461,19:18:15.461,42.3455157,-71.0388257,42.627,-35.30694955437252,0.018648183,1769645700978
6234,1634205696,1769645896050,19:18:16.050,42.3455157,-71.0388257,42.627,-35.30694955437252,0.018648183,1769645700978
6235,1634467840,1769645896620,19:18:16.620,42.3455157,-71.0388257,42.627,-35.30694955437252,0.018648183,1769645700978
6236,1634729984,1769645897206,19:18:17.206,42.3455157,-71.0388257,42.627,-35.30694955437252,0.018648183,1769645700978
6237,1634992128,1769645897702,19:18:17.702,42.3455157,-71.0388257,42.627,-35.30694955437252,0.018648183,1769645700978
6238,1635254272,1769645898163,19:18:18.163,42.3455157,-71.0388257,42.627,-35.30694955437252,0.018648183,1769645700978
6239,1635516416,1769645898687,19:18:18.687,42.3455157,-71.0388257,42.627,-35.30694955437252,0.018648183,1769645700978
6240,1635778560,1769645899112,19:18:19.112,42.3455157,-71.0388257,42.627,-35.30694955437252,0.018648183,1769645700978
6241,1636040704,1769645899503,19:18:19.503,42.3455157,-71.0388257,42.627,-35.30694955437252,0.018648183,1769645700978
6242,1636302848,1769645899876,19:18:19.876,42.3455157,-71.0388257,42.627,-35.30694955437252,0.018648183,1769645700978
6243,1636564992,1769645900223,19:18:20.223,42.3455157,-71.0388257,42.627,-35.30694955437252,0.018648183,1769645700978
6244,1636827136,1769645900928,19:18:20.928,42.3455157,-71.0388257,42.627,-35.30694955437252,0.018648183,1769645700978
6245,1637089280,1769645901664,19:18:21.664,42.3455157,-71.0388257,42.627,-35.30694955437252,0.018648183,1769645700978
6246,1637351424,1769645902475,19:18:22.475,42.3455157,-71.0388257,42.627,-35.30694955437252,0.018648183,1769645700978
6247,1637613568,1769645903081,19:18:23.081,42.3455157,-71.0388257,42.627,-35.30694955437252,0.018648183,1769645700978
6248,1637875712,1769645904014,19:18:24.014,42.3455157,-71.0388257,42.627,-35.30694955437252,0.018648183,1769645700978
6249,1638137856,1769645904813,19:18:24.813,42.3455157,-71.0388257,42.627,-35.30694955437252,0.018648183,1769645700978
6250,1638400000,1769645905478,19:18:25.478,42.3455157,-71.0388257,42.627,-35.30694955437252,0.018648183,1769645700978
6251,1638662144,1769645906070,19:18:26.070,42.3455157,-71.0388257,42.627,-35.30694955437252,0.018648183,1769645700978
6252,1638924288,1769645906565,19:18:26.565,42.3455157,-71.0388257,42.627,-35.30694955437252,0.018648183,1769645700978
6253,1639186432,1769645907143,19:18:27.143,42.3455157,-71.0388257,42.627,-35.30694955437252,0.018648183,1769645700978
6254,1639448576,1769645907912,19:18:27.912,42.3455157,-71.0388257,42.627,-35.30694955437252,0.018648183,1769645700978
6255,1639710720,1769645908834,19:18:28.834,42.3455157,-71.0388257,42.627,-35.30694955437252,0.018648183,1769645700978
6256,1639972864,1769645909657,19:18:29.657,42.3455157,-71.0388257,42.627,-35.30694955437252,0.018648183,1769645700978
6257,1640235008,1769645910044,19:18:30.044,42.3455157,-71.0388257,42.627,-35.30694955437252,0.018648183,1769645700978
6258,1640497152,1769645910393,19:18:30.393,42.3455157,-71.0388257,42.627,-35.30694955437252,0.018648183,1769645700978
6259,1640759296,1769645910804,19:18:30.804,42.3455157,-71.0388257,42.627,-35.30694955437252,0.018648183,1769645700978
6260,1641021440,1769645911168,19:18:31.168,42.3455157,-71.0388257,42.627,-35.30694955437252,0.018648183,1769645700978
6261,1641283584,1769645911492,19:18:31.492,42.3455157,-71.0388257,42.627,-35.30694955437252,0.018648183,1769645700978
6262,1641545728,1769645911868,19:18:31.868,42.3455157,-71.0388257,42.627,-35.30694955437252,0.018648183,1769645700978
6263,1641807872,1769645912239,19:18:32.239,42.3455157,-71.0388257,42.627,-35.30694955437252,0.018648183,1769645700978
6264,1642070016,1769645912601,19:18:32.601,42.3455157,-71.0388257,42.627,-35.30694955437252,0.018648183,1769645700978
6265,1642332160,1769645912942,19:18:32.942,42.3455157,-71.0388257,42.627,-35.30694955437252,0.018648183,1769645700978
6266,1642594304,1769645913513,19:18:33.513,42.3455157,-71.0388257,42.627,-35.30694955437252,0.018648183,1769645700978
6267,1642856448,1769645914038,19:18:34.038,42.3455157,-71.0388257,42.627,-35.30694955437252,0.018648183,1769645700978
6268,1643118592,1769645914383,19:18:34.383,42.3455157,-71.0388257,42.627,-35.30694955437252,0.018648183,1769645700978
6269,1643380736,1769645914821,19:18:34.821,42.3455157,-71.0388257,42.627,-35.30694955437252,0.018648183,1769645700978
6270,1643642880,1769645915778,19:18:35.778,42.3455157,-71.0388257,42.627,-35.30694955437252,0.018648183,1769645700978
6271,1643905024,1769645916707,19:18:36.707,42.3455157,-71.0388257,42.627,-35.30694955437252,0.018648183,1769645700978
6272,1644167168,1769645917651,19:18:37.651,42.3455157,-71.0388257,42.627,-35.30694955437252,0.018648183,1769645700978
6273,1644429312,1769645918403,19:18:38.403,42.3455157,-71.0388257,42.627,-35.30694955437252,0.018648183,1769645700978
6274,1644691456,1769645919041,19:18:39.041,42.3455157,-71.0388257,42.627,-35.30694955437252,0.018648183,1769645700978
6275,1644953600,1769645919623,19:18:39.623,42.3455157,-71.0388257,42.627,-35.30694955437252,0.018648183,1769645700978
6276,1645215744,1769645919970,19:18:39.970,42.3455157,-71.0388257,42.627,-35.30694955437252,0.018648183,1769645700978
6277,1645477888,1769645920341,19:18:40.341,42.3455157,-71.0388257,42.627,-35.30694955437252,0.018648183,1769645700978
6278,1645740032,1769645920846,19:18:40.846,42.3455157,-71.0388257,42.627,-35.30694955437252,0.018648183,1769645700978
6279,1646002176,1769645921264,19:18:41.264,42.3455157,-71.0388257,42.627,-35.30694955437252,0.018648183,1769645700978
6280,1646264320,1769645921760,19:18:41.760,42.3455157,-71.0388257,42.627,-35.30694955437252,0.018648183,1769645700978
6281,1646526464,1769645922226,19:18:42.226,42.3455157,-71.0388257,42.627,-35.30694955437252,0.018648183,1769645700978
6282,1646788608,1769645922694,19:18:42.694,42.3455157,-71.0388257,42.627,-35.30694955437252,0.018648183,1769645700978
6283,1647050752,1769645923140,19:18:43.140,42.3455157,-71.0388257,42.627,-35.30694955437252,0.018648183,1769645700978
6284,1647312896,1769645923589,19:18:43.589,42.3455157,-71.0388257,42.627,-35.30694955437252,0.018648183,1769645700978
6285,1647575040,1769645924114,19:18:44.114,42.3455157,-71.0388257,42.627,-35.30694955437252,0.018648183,1769645700978
6286,1647837184,1769645924563,19:18:44.563,42.3455157,-71.0388257,42.627,-35.30694955437252,0.018648183,1769645700978
6287,1648099328,1769645925047,19:18:45.047,42.3455157,-71.0388257,42.627,-35.30694955437252,0.018648183,1769645700978
6288,1648361472,1769645925444,19:18:45.444,42.3455157,-71.0388257,42.627,-35.30694955437252,0.018648183,1769645700978
6289,1648623616,1769645925859,19:18:45.859,42.3455157,-71.0388257,42.627,-35.30694955437252,0.018648183,1769645700978
6290,1648885760,1769645926293,19:18:46.293,42.3455157,-71.0388257,42.627,-35.30694955437252,0.018648183,1769645700978
6291,1649147904,1769645926645,19:18:46.645,42.3455157,-71.0388257,42.627,-35.30694955437252,0.018648183,1769645700978
6292,1649410048,1769645926995,19:18:46.995,42.3455157,-71.0388257,42.627,-35.30694955437252,0.018648183,1769645700978
6293,1649672192,1769645927344,19:18:47.344,42.3455157,-71.0388257,42.627,-35.30694955437252,0.018648183,1769645700978
6294,1649934336,1769645927779,19:18:47.779,42.3455157,-71.0388257,42.627,-35.30694955437252,0.018648183,1769645700978
6295,1650196480,1769645928236,19:18:48.236,42.3455157,-71.0388257,42.627,-35.30694955437252,0.018648183,1769645700978
6296,1650458624,1769645928646,19:18:48.646,42.3455157,-71.0388257,42.627,-35.30694955437252,0.018648183,1769645700978
6297,1650720768,1769645929108,19:18:49.108,42.3455157,-71.0388257,42.627,-35.30694955437252,0.018648183,1769645700978
6298,1650982912,1769645929508,19:18:49.508,42.3455157,-71.0388257,42.627,-35.30694955437252,0.018648183,1769645700978
6299,1651245056,1769645930027,19:18:50.027,42.3455157,-71.0388257,42.627,-35.30694955437252,0.018648183,1769645700978
6300,1651507200,1769645930481,19:18:50.481,42.3455157,-71.0388257,42.627,-35.30694955437252,0.018648183,1769645700978
6301,1651769344,1769645930978,19:18:50.978,42.3455157,-71.0388257,42.627,-35.30694955437252,0.018648183,1769645700978
6302,1652031488,1769645931559,19:18:51.559,42.3455157,-71.0388257,42.627,-35.30694955437252,0.018648183,1769645700978
6303,1652293632,1769645931951,19:18:51.951,42.3455157,-71.0388257,42.627,-35.30694955437252,0.018648183,1769645700978
6304,1652555776,1769645932374,19:18:52.374,42.3455157,-71.0388257,42.627,-35.30694955437252,0.018648183,1769645700978
6305,1652817920,1769645932723,19:18:52.723,42.3455157,-71.0388257,42.627,-35.30694955437252,0.018648183,1769645700978
6306,1653080064,1769645933076,19:18:53.076,42.3455157,-71.0388257,42.627,-35.30694955437252,0.018648183,1769645700978
6307,1653342208,1769645933430,19:18:53.430,42.3455157,-71.0388257,42.627,-35.30694955437252,0.018648183,1769645700978
6308,1653604352,1769645933847,19:18:53.847,42.3455157,-71.0388257,42.627,-35.30694955437252,0.018648183,1769645700978
6309,1653866496,1769645934198,19:18:54.198,42.3455157,-71.0388257,42.627,-35.30694955437252,0.018648183,1769645700978
6310,1654128640,1769645934715,19:18:54.715,42.3455157,-71.0388257,42.627,-35.30694955437252,0.018648183,1769645700978
6311,1654390784,1769645935240,19:18:55.240,42.3455157,-71.0388257,42.627,-35.30694955437252,0.018648183,1769645700978
6312,1654652928,1769645935753,19:18:55.753,42.3455157,-71.0388257,42.627,-35.30694955437252,0.018648183,1769645700978
6313,1654915072,1769645936180,19:18:56.180,42.3455157,-71.0388257,42.627,-35.30694955437252,0.018648183,1769645700978
6314,1655177216,1769645936609,19:18:56.609,42.3455157,-71.0388257,42.627,-35.30694955437252,0.018648183,1769645700978
6315,1655439360,1769645937059,19:18:57.059,42.3455157,-71.0388257,42.627,-35.30694955437252,0.018648183,1769645700978
6316,1655701504,1769645937476,19:18:57.476,42.3455157,-71.0388257,42.627,-35.30694955437252,0.018648183,1769645700978
6317,1655963648,1769645937896,19:18:57.896,42.3455157,-71.0388257,42.627,-35.30694955437252,0.018648183,1769645700978
6318,1656225792,1769645938457,19:18:58.457,42.3455157,-71.0388257,42.627,-35.30694955437252,0.018648183,1769645700978
6319,1656487936,1769645938879,19:18:58.879,42.3455157,-71.0388257,42.627,-35.30694955437252,0.018648183,1769645700978
6320,1656750080,1769645939281,19:18:59.281,42.3455157,-71.0388257,42.627,-35.30694955437252,0.018648183,1769645700978
6321,1657012224,1769645939695,19:18:59.695,42.3455157,-71.0388257,42.627,-35.30694955437252,0.018648183,1769645700978
6322,1657274368,1769645940090,19:19:00.090,42.3455157,-71.0388257,42.627,-35.30694955437252,0.018648183,1769645700978
6323,1657536512,1769645940494,19:19:00.494,42.3455157,-71.0388257,42.627,-35.30694955437252,0.018648183,1769645700978
6324,1657798656,1769645940907,19:19:00.907,42.3455157,-71.0388257,42.627,-35.30694955437252,0.018648183,1769645700978
6325,1658060800,1769645941295,19:19:01.295,42.3455157,-71.0388257,42.627,-35.30694955437252,0.018648183,1769645700978
6326,1658322944,1769645941773,19:19:01.773,42.3455157,-71.0388257,42.627,-35.30694955437252,0.018648183,1769645700978
6327,1658585088,1769645942270,19:19:02.270,42.3455157,-71.0388257,42.627,-35.30694955437252,0.018648183,1769645700978
6328,1658847232,1769645942756,19:19:02.756,42.3455157,-71.0388257,42.627,-35.30694955437252,0.018648183,1769645700978
6329,1659109376,1769645943209,19:19:03.209,42.3455157,-71.0388257,42.627,-35.30694955437252,0.018648183,1769645700978
6330,1659371520,1769645943692,19:19:03.692,42.3455157,-71.0388257,42.627,-35.30694955437252,0.018648183,1769645700978
6331,1659633664,1769645944080,19:19:04.080,42.3455157,-71.0388257,42.627,-35.30694955437252,0.018648183,1769645700978
6332,1659895808,1769645944529,19:19:04.529,42.3455157,-71.0388257,42.627,-35.30694955437252,0.018648183,1769645700978
6333,1660157952,1769645944919,19:19:04.919,42.3455157,-71.0388257,42.627,-35.30694955437252,0.018648183,1769645700978
6334,1660420096,1769645945358,19:19:05.358,42.3455157,-71.0388257,42.627,-35.30694955437252,0.018648183,1769645700978
6335,1660682240,1769645945831,19:19:05.831,42.3455157,-71.0388257,42.627,-35.30694955437252,0.018648183,1769645700978
6336,1660944384,1769645946377,19:19:06.377,42.3455157,-71.0388257,42.627,-35.30694955437252,0.018648183,1769645700978
6337,1661206528,1769645946995,19:19:06.995,42.3455157,-71.0388257,42.627,-35.30694955437252,0.018648183,1769645700978
6338,1661468672,1769645947610,19:19:07.610,42.3455157,-71.0388257,42.627,-35.30694955437252,0.018648183,1769645700978
6339,1661730816,1769645948224,19:19:08.224,42.3455157,-71.0388257,42.627,-35.30694955437252,0.018648183,1769645700978
6340,1661992960,1769645948835,19:19:08.835,42.3455157,-71.0388257,42.627,-35.30694955437252,0.018648183,1769645700978
6341,1662255104,1769645949445,19:19:09.445,42.3455157,-71.0388257,42.627,-35.30694955437252,0.018648183,1769645700978
6342,1662517248,1769645949917,19:19:09.917,42.3455157,-71.0388257,42.627,-35.30694955437252,0.018648183,1769645700978
6343,1662779392,1769645950260,19:19:10.260,42.3455157,-71.0388257,42.627,-35.30694955437252,0.018648183,1769645700978
6344,1663041536,1769645950826,19:19:10.826,42.3455157,-71.0388257,42.627,-35.30694955437252,0.018648183,1769645700978
6345,1663303680,1769645951608,19:19:11.608,42.3455157,-71.0388257,42.627,-35.30694955437252,0.018648183,1769645700978
6346,1663565824,1769645952263,19:19:12.263,42.3455157,-71.0388257,42.627,-35.30694955437252,0.018648183,1769645700978
6347,1663827968,1769645952828,19:19:12.828,42.3455157,-71.0388257,42.627,-35.30694955437252,0.018648183,1769645700978
6348,1664090112,1769645953399,19:19:13.399,42.3455157,-71.0388257,42.627,-35.30694955437252,0.018648183,1769645700978
6349,1664352256,1769645954022,19:19:14.022,42.3455157,-71.0388257,42.627,-35.30694955437252,0.018648183,1769645700978
6350,1664614400,1769645954621,19:19:14.621,42.3455157,-71.0388257,42.627,-35.30694955437252,0.018648183,1769645700978
6351,1664876544,1769645955471,19:19:15.471,42.3455157,-71.0388257,42.627,-35.30694955437252,0.018648183,1769645700978
6352,1665138688,1769645956208,19:19:16.208,42.3455157,-71.0388257,42.627,-35.30694955437252,0.018648183,1769645700978
6353,1665400832,1769645957167,19:19:17.167,42.3455157,-71.0388257,42.627,-35.30694955437252,0.018648183,1769645700978
6354,1665662976,1769645957933,19:19:17.933,42.3455157,-71.0388257,42.627,-35.30694955437252,0.018648183,1769645700978
6355,1665925120,1769645958966,19:19:18.966,42.3455157,-71.0388257,42.627,-35.30694955437252,0.018648183,1769645700978
6356,1666187264,1769645959716,19:19:19.716,42.3455157,-71.0388257,42.627,-35.30694955437252,0.018648183,1769645700978
6357,1666449408,1769645960332,19:19:20.332,42.3455157,-71.0388257,42.627,-35.30694955437252,0.018648183,1769645700978
6358,1666711552,1769645960940,19:19:20.940,42.3455157,-71.0388257,42.627,-35.30694955437252,0.018648183,1769645700978
6359,1666973696,1769645961549,19:19:21.549,42.3455157,-71.0388257,42.627,-35.30694955437252,0.018648183,1769645700978
6360,1667235840,1769645962159,19:19:22.159,42.3455157,-71.0388257,42.627,-35.30694955437252,0.018648183,1769645700978
6361,1667497984,1769645962763,19:19:22.763,42.3455157,-71.0388257,42.627,-35.30694955437252,0.018648183,1769645700978
6362,1667760128,1769645963372,19:19:23.372,42.3455157,-71.0388257,42.627,-35.30694955437252,0.018648183,1769645700978
6363,1668022272,1769645963988,19:19:23.988,42.3455157,-71.0388257,42.627,-35.30694955437252,0.018648183,1769645700978
6364,1668284416,1769645964604,19:19:24.604,42.3455157,-71.0388257,42.627,-35.30694955437252,0.018648183,1769645700978
6365,1668546560,1769645964954,19:19:24.954,42.3455157,-71.0388257,42.627,-35.30694955437252,0.018648183,1769645700978
6366,1668808704,1769645965588,19:19:25.588,42.3455157,-71.0388257,42.627,-35.30694955437252,0.018648183,1769645700978
6367,1669070848,1769645966528,19:19:26.528,42.3455157,-71.0388257,42.627,-35.30694955437252,0.018648183,1769645700978
6368,1669332992,1769645967078,19:19:27.078,42.3455157,-71.0388257,42.627,-35.30694955437252,0.018648183,1769645700978
6369,1669595136,1769645967997,19:19:27.997,42.3455157,-71.0388257,42.627,-35.30694955437252,0.018648183,1769645700978
6370,1669857280,1769645968750,19:19:28.750,42.3455157,-71.0388257,42.627,-35.30694955437252,0.018648183,1769645700978
6371,1670119424,1769645969358,19:19:29.358,42.3455157,-71.0388257,42.627,-35.30694955437252,0.018648183,1769645700978
6372,1670381568,1769645970497,19:19:30.497,42.3455157,-71.0388257,42.627,-35.30694955437252,0.018648183,1769645700978
6373,1670643712,1769645971742,19:19:31.742,42.3455157,-71.0388257,42.627,-35.30694955437252,0.018648183,1769645700978
6374,1670905856,1769645972618,19:19:32.618,42.3455157,-71.0388257,42.627,-35.30694955437252,0.018648183,1769645700978
6375,1671168000,1769645973690,19:19:33.690,42.3455157,-71.0388257,42.627,-35.30694955437252,0.018648183,1769645700978
6376,1671430144,1769645974327,19:19:34.327,42.3455157,-71.0388257,42.627,-35.30694955437252,0.018648183,1769645700978
6377,1671692288,1769645974766,19:19:34.766,42.3455157,-71.0388257,42.627,-35.30694955437252,0.018648183,1769645700978
6378,1671954432,1769645975106,19:19:35.106,42.3455157,-71.0388257,42.627,-35.30694955437252,0.018648183,1769645700978
6379,1672216576,1769645975452,19:19:35.452,42.3455157,-71.0388257,42.627,-35.30694955437252,0.018648183,1769645700978
6380,1672478720,1769645975844,19:19:35.844,42.3455157,-71.0388257,42.627,-35.30694955437252,0.018648183,1769645700978
6381,1672740864,1769645976419,19:19:36.419,42.3455157,-71.0388257,42.627,-35.30694955437252,0.018648183,1769645700978
6382,1673003008,1769645977071,19:19:37.071,42.3455157,-71.0388257,42.627,-35.30694955437252,0.018648183,1769645700978
6383,1673265152,1769645977945,19:19:37.945,42.3455157,-71.0388257,42.627,-35.30694955437252,0.018648183,1769645700978
6384,1673527296,1769645978705,19:19:38.705,42.3455157,-71.0388257,42.627,-35.30694955437252,0.018648183,1769645700978
6385,1673789440,1769645979737,19:19:39.737,42.3455157,-71.0388257,42.627,-35.30694955437252,0.018648183,1769645700978
6386,1674051584,1769645980352,19:19:40.352,42.3455157,-71.0388257,42.627,-35.30694955437252,0.018648183,1769645700978
6387,1674313728,1769645980977,19:19:40.977,42.3455157,-71.0388257,42.627,-35.30694955437252,0.018648183,1769645700978
6388,1674575872,1769645981595,19:19:41.595,42.3455157,-71.0388257,42.627,-35.30694955437252,0.018648183,1769645700978
6389,1674838016,1769645982214,19:19:42.214,42.3455157,-71.0388257,42.627,-35.30694955437252,0.018648183,1769645700978
6390,1675100160,1769645982832,19:19:42.832,42.3455157,-71.0388257,42.627,-35.30694955437252,0.018648183,1769645700978
6391,1675362304,1769645983457,19:19:43.457,42.3455157,-71.0388257,42.627,-35.30694955437252,0.018648183,1769645700978
6392,1675624448,1769645984075,19:19:44.075,42.3455157,-71.0388257,42.627,-35.30694955437252,0.018648183,1769645700978
6393,1675886592,1769645984695,19:19:44.695,42.3455157,-71.0388257,42.627,-35.30694955437252,0.018648183,1769645700978
6394,1676148736,1769645985100,19:19:45.100,42.3455157,-71.0388257,42.627,-35.30694955437252,0.018648183,1769645700978
6395,1676410880,1769645985468,19:19:45.468,42.3455157,-71.0388257,42.627,-35.30694955437252,0.018648183,1769645700978
6396,1676673024,1769645985870,19:19:45.870,42.3455157,-71.0388257,42.627,-35.30694955437252,0.018648183,1769645700978
6397,1676935168,1769645986189,19:19:46.189,42.3455157,-71.0388257,42.627,-35.30694955437252,0.018648183,1769645700978
6398,1677197312,1769645986486,19:19:46.486,42.3455157,-71.0388257,42.627,-35.30694955437252,0.018648183,1769645700978
6399,1677459456,1769645986841,19:19:46.841,42.3455157,-71.0388257,42.627,-35.30694955437252,0.018648183,1769645700978
6400,1677721600,1769645987192,19:19:47.192,42.3455157,-71.0388257,42.627,-35.30694955437252,0.018648183,1769645700978
6401,1677983744,1769645987543,19:19:47.543,42.3455157,-71.0388257,42.627,-35.30694955437252,0.018648183,1769645700978
6402,1678245888,1769645987912,19:19:47.912,42.3455157,-71.0388257,42.627,-35.30694955437252,0.018648183,1769645700978
6403,1678508032,1769645988348,19:19:48.348,42.3455157,-71.0388257,42.627,-35.30694955437252,0.018648183,1769645700978
6404,1678770176,1769645988698,19:19:48.698,42.3455157,-71.0388257,42.627,-35.30694955437252,0.018648183,1769645700978
6405,1679032320,1769645989052,19:19:49.052,42.3455157,-71.0388257,42.627,-35.30694955437252,0.018648183,1769645700978
6406,1679294464,1769645989401,19:19:49.401,42.3455157,-71.0388257,42.627,-35.30694955437252,0.018648183,1769645700978
6407,1679556608,1769645990078,19:19:50.078,42.3455157,-71.0388257,42.627,-35.30694955437252,0.018648183,1769645700978
6408,1679818752,1769645991006,19:19:51.006,42.3455157,-71.0388257,42.627,-35.30694955437252,0.018648183,1769645700978
6409,1680080896,1769645991944,19:19:51.944,42.3455157,-71.0388257,42.627,-35.30694955437252,0.018648183,1769645700978
6410,1680343040,1769645992558,19:19:52.558,42.3455157,-71.0388257,42.627,-35.30694955437252,0.018648183,1769645700978
6411,1680605184,1769645993173,19:19:53.173,42.3455157,-71.0388257,42.627,-35.30694955437252,0.018648183,1769645700978
6412,1680867328,1769645993555,19:19:53.555,42.3455157,-71.0388257,42.627,-35.30694955437252,0.018648183,1769645700978
6413,1681129472,1769645994104,19:19:54.104,42.3455157,-71.0388257,42.627,-35.30694955437252,0.018648183,1769645700978
6414,1681391616,1769645994904,19:19:54.904,42.3455157,-71.0388257,42.627,-35.30694955437252,0.018648183,1769645700978
6415,1681653760,1769645995523,19:19:55.523,42.3455157,-71.0388257,42.627,-35.30694955437252,0.018648183,1769645700978
6416,1681915904,1769645996142,19:19:56.142,42.368771,-71.0254767,47.217,-25.22928607803796,17.28843,1769645995981
6417,1682178048,1769645996758,19:19:56.758,42.368771,-71.0254767,47.217,-25.22928607803796,17.28843,1769645995981
6418,1682440192,1769645997378,19:19:57.378,42.368771,-71.0254767,47.217,-25.22928607803796,17.28843,1769645995981
6419,1682702336,1769645998001,19:19:58.001,42.368771,-71.0254767,47.217,-25.22928607803796,17.28843,1769645995981
6420,1682964480,1769645998616,19:19:58.616,42.368771,-71.0254767,47.217,-25.22928607803796,17.28843,1769645995981
6421,1683226624,1769645999232,19:19:59.232,42.3688585,-71.0256464,40.513,-23.61609525268585,1.3014421,1769645998982
6422,1683488768,1769645999787,19:19:59.787,42.3688585,-71.0256464,40.513,-23.61609525268585,1.3014421,1769645998982
6423,1683750912,1769646000119,19:20:00.119,42.3688585,-71.0256464,40.513,-23.61609525268585,1.3014421,1769645998982
6424,1684013056,1769646000468,19:20:00.468,42.3688555,-71.0256819,37.75,-24.019572106107084,1.9672581,1769645999982
6425,1684275200,1769646000949,19:20:00.949,42.3688555,-71.0256819,37.75,-24.019572106107084,1.9672581,1769645999982
6426,1684537344,1769646001549,19:20:01.549,42.3688499,-71.0257233,32.514,-23.924698564674692,2.3655338,1769646000982
6427,1684799488,1769646002124,19:20:02.124,42.3688501,-71.0257336,32.233,-23.856264540774497,1.5207679,1769646001981
6428,1685061632,1769646002538,19:20:02.538,42.3688501,-71.0257336,32.233,-23.856264540774497,1.5207679,1769646001981
6429,1685323776,1769646002972,19:20:02.972,42.3688501,-71.0257336,32.233,-23.856264540774497,1.5207679,1769646001981
6430,1685585920,1769646003489,19:20:03.489,42.368883,-71.0257411,31.944,-23.776424157952626,0.10481551,1769646002981
6431,1685848064,1769646004104,19:20:04.104,42.368883,-71.0257411,31.944,-23.776424157952626,0.10481551,1769646002981
6432,1686110208,1769646004977,19:20:04.977,42.3688831,-71.0257466,31.507,-23.74842800403704,0.046243053,1769646003982
6433,1686372352,1769646005591,19:20:05.591,42.3688905,-71.0257736,31.687,-23.729763850795614,0.26091805,1769646004981
6434,1686634496,1769646006297,19:20:06.297,42.3688905,-71.0257736,32.113,-23.664438995461175,0.0,1769646005983
6435,1686896640,1769646006947,19:20:06.947,42.3688905,-71.0257736,32.113,-23.664438995461175,0.0,1769646005983
6436,1687158784,1769646007703,19:20:07.703,42.3688893,-71.0257726,33.045,-23.585633747714322,0.070652016,1769646006981
6437,1687420928,1769646008711,19:20:08.711,42.3688889,-71.0257724,34.495,-23.578375333313232,0.07268334,1769646007981
6438,1687683072,1769646009596,19:20:09.596,42.3688889,-71.0257724,35.435,-23.53897240538581,0.0,1769646008982
6439,1687945216,1769646010200,19:20:10.200,42.3688889,-71.0257724,35.435,-23.53897240538581,0.0,1769646008982
6440,1688207360,1769646010819,19:20:10.819,42.3688889,-71.0257724,35.435,-23.53897240538581,0.0,1769646008982
6441,1688469504,1769646011436,19:20:11.436,42.3688889,-71.0257724,35.435,-23.53897240538581,0.0,1769646008982
6442,1688731648,1769646012056,19:20:12.056,42.3688889,-71.0257724,35.435,-23.53897240538581,0.0,1769646008982
6443,1688993792,1769646012679,19:20:12.679,42.3688889,-71.0257724,35.435,-23.53897240538581,0.0,1769646008982
6444,1689255936,1769646013296,19:20:13.296,42.3688889,-71.0257724,35.435,-23.53897240538581,0.0,1769646008982
6445,1689518080,1769646013916,19:20:13.916,42.3688889,-71.0257724,35.435,-23.53897240538581,0.0,1769646008982
6446,1689780224,1769646014537,19:20:14.537,42.3688889,-71.0257724,35.435,-23.53897240538581,0.0,1769646008982
6447,1690042368,1769646014916,19:20:14.916,42.3688889,-71.0257724,35.435,-23.53897240538581,0.0,1769646008982
6448,1690304512,1769646015445,19:20:15.445,42.3688889,-71.0257724,35.435,-23.53897240538581,0.0,1769646008982
6449,1690566656,1769646016330,19:20:16.330,42.3688889,-71.0257724,35.435,-23.53897240538581,0.0,1769646008982
6450,1690828800,1769646017221,19:20:17.221,42.3688889,-71.0257724,35.435,-23.53897240538581,0.0,1769646008982
6451,1691090944,1769646017978,19:20:17.978,42.3688889,-71.0257724,35.435,-23.53897240538581,0.0,1769646008982
6452,1691353088,1769646018926,19:20:18.926,42.3688889,-71.0257724,35.435,-23.53897240538581,0.0,1769646008982
6453,1691615232,1769646019711,19:20:19.711,42.3688889,-71.0257724,35.435,-23.53897240538581,0.0,1769646008982
6454,1691877376,1769646020562,19:20:20.562,42.3688889,-71.0257724,35.435,-23.53897240538581,0.0,1769646008982
6455,1692139520,1769646021543,19:20:21.543,42.3688889,-71.0257724,35.435,-23.53897240538581,0.0,1769646008982
6456,1692401664,1769646022545,19:20:22.545,42.3688889,-71.0257724,35.435,-23.53897240538581,0.0,1769646008982
6457,1692663808,1769646023624,19:20:23.624,42.3688889,-71.0257724,35.435,-23.53897240538581,0.0,1769646008982
6458,1692925952,1769646024590,19:20:24.590,42.3688889,-71.0257724,35.435,-23.53897240538581,0.0,1769646008982
6459,1693188096,1769646025168,19:20:25.168,42.3688889,-71.0257724,35.435,-23.53897240538581,0.0,1769646008982
6460,1693450240,1769646025783,19:20:25.783,42.3688889,-71.0257724,35.435,-23.53897240538581,0.0,1769646008982
6461,1693712384,1769646026405,19:20:26.405,42.3688889,-71.0257724,35.435,-23.53897240538581,0.0,1769646008982
6462,1693974528,1769646027021,19:20:27.021,42.3688889,-71.0257724,35.435,-23.53897240538581,0.0,1769646008982
6463,1694236672,1769646027639,19:20:27.639,42.3688889,-71.0257724,35.435,-23.53897240538581,0.0,1769646008982
6464,1694498816,1769646028259,19:20:28.259,42.3688889,-71.0257724,35.435,-23.53897240538581,0.0,1769646008982
6465,1694760960,1769646028874,19:20:28.874,42.3688889,-71.0257724,35.435,-23.53897240538581,0.0,1769646008982
6466,1695023104,1769646029496,19:20:29.496,42.3688889,-71.0257724,35.435,-23.53897240538581,0.0,1769646008982
6467,1695285248,1769646029952,19:20:29.952,42.3688889,-71.0257724,35.435,-23.53897240538581,0.0,1769646008982
6468,1695547392,1769646030307,19:20:30.307,42.3688889,-71.0257724,35.435,-23.53897240538581,0.0,1769646008982
6469,1695809536,1769646030649,19:20:30.649,42.3688889,-71.0257724,35.435,-23.53897240538581,0.0,1769646008982
6470,1696071680,1769646031006,19:20:31.006,42.3688889,-71.0257724,35.435,-23.53897240538581,0.0,1769646008982
6471,1696333824,1769646031349,19:20:31.349,42.3688889,-71.0257724,35.435,-23.53897240538581,0.0,1769646008982
6472,1696595968,1769646031830,19:20:31.830,42.3688889,-71.0257724,35.435,-23.53897240538581,0.0,1769646008982
6473,1696858112,1769646032234,19:20:32.234,42.3688889,-71.0257724,35.435,-23.53897240538581,0.0,1769646008982
6474,1697120256,1769646032671,19:20:32.671,42.3688889,-71.0257724,35.435,-23.53897240538581,0.0,1769646008982
6475,1697382400,1769646033077,19:20:33.077,42.3688889,-71.0257724,35.435,-23.53897240538581,0.0,1769646008982
6476,1697644544,1769646033411,19:20:33.411,42.3688889,-71.0257724,35.435,-23.53897240538581,0.0,1769646008982
6477,1697906688,1769646033791,19:20:33.791,42.3688889,-71.0257724,35.435,-23.53897240538581,0.0,1769646008982
6478,1698168832,1769646034445,19:20:34.445,42.3688889,-71.0257724,35.435,-23.53897240538581,0.0,1769646008982
6479,1698430976,1769646035247,19:20:35.247,42.3688889,-71.0257724,35.435,-23.53897240538581,0.0,1769646008982
6480,1698693120,1769646036004,19:20:36.004,42.3688889,-71.0257724,35.435,-23.53897240538581,0.0,1769646008982
6481,1698955264,1769646036853,19:20:36.853,42.3688889,-71.0257724,35.435,-23.53897240538581,0.0,1769646008982
6482,1699217408,1769646037676,19:20:37.676,42.3688889,-71.0257724,35.435,-23.53897240538581,0.0,1769646008982
6483,1699479552,1769646038512,19:20:38.512,42.3688889,-71.0257724,35.435,-23.53897240538581,0.0,1769646008982
6484,1699741696,1769646039460,19:20:39.460,42.3688889,-71.0257724,35.435,-23.53897240538581,0.0,1769646008982
6485,1700003840,1769646039970,19:20:39.970,42.3688889,-71.0257724,35.435,-23.53897240538581,0.0,1769646008982
6486,1700265984,1769646040451,19:20:40.451,42.3688889,-71.0257724,35.435,-23.53897240538581,0.0,1769646008982
6487,1700528128,1769646041032,19:20:41.032,42.3688889,-71.0257724,35.435,-23.53897240538581,0.0,1769646008982
6488,1700790272,1769646041672,19:20:41.672,42.3688889,-71.0257724,35.435,-23.53897240538581,0.0,1769646008982
6489,1701052416,1769646042160,19:20:42.160,42.3688889,-71.0257724,35.435,-23.53897240538581,0.0,1769646008982
6490,1701314560,1769646042600,19:20:42.600,42.3688889,-71.0257724,35.435,-23.53897240538581,0.0,1769646008982
6491,1701576704,1769646042992,19:20:42.992,42.3688889,-71.0257724,35.435,-23.53897240538581,0.0,1769646008982
6492,1701838848,1769646043490,19:20:43.490,42.3688889,-71.0257724,35.435,-23.53897240538581,0.0,1769646008982
6493,1702100992,1769646044074,19:20:44.074,42.3688889,-71.0257724,35.435,-23.53897240538581,0.0,1769646008982
6494,1702363136,1769646044766,19:20:44.766,42.3688889,-71.0257724,35.435,-23.53897240538581,0.0,1769646008982
6495,1702625280,1769646045385,19:20:45.385,42.3688889,-71.0257724,35.435,-23.53897240538581,0.0,1769646008982
6496,1702887424,1769646046007,19:20:46.007,42.3688889,-71.0257724,35.435,-23.53897240538581,0.0,1769646008982
6497,1703149568,1769646046623,19:20:46.623,42.3688889,-71.0257724,35.435,-23.53897240538581,0.0,1769646008982
6498,1703411712,1769646047247,19:20:47.247,42.3688889,-71.0257724,35.435,-23.53897240538581,0.0,1769646008982
6499,1703673856,1769646047869,19:20:47.869,42.3688889,-71.0257724,35.435,-23.53897240538581,0.0,1769646008982
6500,1703936000,1769646048490,19:20:48.490,42.3688889,-71.0257724,35.435,-23.53897240538581,0.0,1769646008982
6501,1704198144,1769646049109,19:20:49.109,42.3688889,-71.0257724,35.435,-23.53897240538581,0.0,1769646008982
6502,1704460288,1769646049739,19:20:49.739,42.3688889,-71.0257724,35.435,-23.53897240538581,0.0,1769646008982
6503,1704722432,1769646050355,19:20:50.355,42.3688889,-71.0257724,35.435,-23.53897240538581,0.0,1769646008982
6504,1704984576,1769646050975,19:20:50.975,42.3688889,-71.0257724,35.435,-23.53897240538581,0.0,1769646008982
6505,1705246720,1769646051589,19:20:51.589,42.3688889,-71.0257724,35.435,-23.53897240538581,0.0,1769646008982
6506,1705508864,1769646052205,19:20:52.205,42.3688889,-71.0257724,35.435,-23.53897240538581,0.0,1769646008982
6507,1705771008,1769646052830,19:20:52.830,42.3688889,-71.0257724,35.435,-23.53897240538581,0.0,1769646008982
6508,1706033152,1769646053433,19:20:53.433,42.3688889,-71.0257724,35.435,-23.53897240538581,0.0,1769646008982
6509,1706295296,1769646054053,19:20:54.053,42.3688889,-71.0257724,35.435,-23.53897240538581,0.0,1769646008982
6510,1706557440,1769646054650,19:20:54.650,42.3688889,-71.0257724,35.435,-23.53897240538581,0.0,1769646008982
6511,1706819584,1769646055003,19:20:55.003,42.3688889,-71.0257724,35.435,-23.53897240538581,0.0,1769646008982
6512,1707081728,1769646055441,19:20:55.441,42.3688889,-71.0257724,35.435,-23.53897240538581,0.0,1769646008982
6513,1707343872,1769646056090,19:20:56.090,42.3688889,-71.0257724,35.435,-23.53897240538581,0.0,1769646008982
6514,1707606016,1769646056751,19:20:56.751,42.3688889,-71.0257724,35.435,-23.53897240538581,0.0,1769646008982
6515,1707868160,1769646057369,19:20:57.369,42.3688889,-71.0257724,35.435,-23.53897240538581,0.0,1769646008982
6516,1708130304,1769646058097,19:20:58.097,42.3688889,-71.0257724,35.435,-23.53897240538581,0.0,1769646008982
6517,1708392448,1769646058706,19:20:58.706,42.3688889,-71.0257724,35.435,-23.53897240538581,0.0,1769646008982
6518,1708654592,1769646059374,19:20:59.374,42.3688889,-71.0257724,35.435,-23.53897240538581,0.0,1769646008982
6519,1708916736,1769646060214,19:21:00.214,42.3688889,-71.0257724,35.435,-23.53897240538581,0.0,1769646008982
6520,1709178880,1769646061001,19:21:01.001,42.3688889,-71.0257724,35.435,-23.53897240538581,0.0,1769646008982
6521,1709441024,1769646061969,19:21:01.969,42.3688889,-71.0257724,35.435,-23.53897240538581,0.0,1769646008982
6522,1709703168,1769646062539,19:21:02.539,42.3688889,-71.0257724,35.435,-23.53897240538581,0.0,1769646008982
6523,1709965312,1769646063086,19:21:03.086,42.3688889,-71.0257724,35.435,-23.53897240538581,0.0,1769646008982
6524,1710227456,1769646063793,19:21:03.793,42.3688889,-71.0257724,35.435,-23.53897240538581,0.0,1769646008982
6525,1710489600,1769646064379,19:21:04.379,42.3688889,-71.0257724,35.435,-23.53897240538581,0.0,1769646008982
6526,1710751744,1769646064818,19:21:04.818,42.3688889,-71.0257724,35.435,-23.53897240538581,0.0,1769646008982
6527,1711013888,1769646065295,19:21:05.295,42.3688889,-71.0257724,35.435,-23.53897240538581,0.0,1769646008982
6528,1711276032,1769646065859,19:21:05.859,42.3688889,-71.0257724,35.435,-23.53897240538581,0.0,1769646008982
6529,1711538176,1769646066453,19:21:06.453,42.3688889,-71.0257724,35.435,-23.53897240538581,0.0,1769646008982
6530,1711800320,1769646067065,19:21:07.065,42.3688889,-71.0257724,35.435,-23.53897240538581,0.0,1769646008982
6531,1712062464,1769646067647,19:21:07.647,42.3688889,-71.0257724,35.435,-23.53897240538581,0.0,1769646008982
6532,1712324608,1769646068249,19:21:08.249,42.3688889,-71.0257724,35.435,-23.53897240538581,0.0,1769646008982
6533,1712586752,1769646068870,19:21:08.870,42.3688889,-71.0257724,35.435,-23.53897240538581,0.0,1769646008982
6534,1712848896,1769646069488,19:21:09.488,42.3688889,-71.0257724,35.435,-23.53897240538581,0.0,1769646008982
6535,1713111040,1769646069893,19:21:09.893,42.3688889,-71.0257724,35.435,-23.53897240538581,0.0,1769646008982
6536,1713373184,1769646070323,19:21:10.323,42.3688889,-71.0257724,35.435,-23.53897240538581,0.0,1769646008982
6537,1713635328,1769646070852,19:21:10.852,42.3688889,-71.0257724,35.435,-23.53897240538581,0.0,1769646008982
6538,1713897472,1769646071397,19:21:11.397,42.3688889,-71.0257724,35.435,-23.53897240538581,0.0,1769646008982
6539,1714159616,1769646071756,19:21:11.756,42.3688889,-71.0257724,35.435,-23.53897240538581,0.0,1769646008982
6540,1714421760,1769646072314,19:21:12.314,42.3688889,-71.0257724,35.435,-23.53897240538581,0.0,1769646008982
6541,1714683904,1769646072804,19:21:12.804,42.3688889,-71.0257724,35.435,-23.53897240538581,0.0,1769646008982
6542,1714946048,1769646073316,19:21:13.316,42.3688889,-71.0257724,35.435,-23.53897240538581,0.0,1769646008982
6543,1715208192,1769646073795,19:21:13.795,42.3688889,-71.0257724,35.435,-23.53897240538581,0.0,1769646008982
6544,1715470336,1769646074403,19:21:14.403,42.3688889,-71.0257724,35.435,-23.53897240538581,0.0,1769646008982
6545,1715732480,1769646074845,19:21:14.845,42.3688889,-71.0257724,35.435,-23.53897240538581,0.0,1769646008982
6546,1715994624,1769646075233,19:21:15.233,42.3688889,-71.0257724,35.435,-23.53897240538581,0.0,1769646008982
6547,1716256768,1769646076020,19:21:16.020,42.3688889,-71.0257724,35.435,-23.53897240538581,0.0,1769646008982
6548,1716518912,1769646076824,19:21:16.824,42.3688889,-71.0257724,35.435,-23.53897240538581,0.0,1769646008982
6549,1716781056,1769646077670,19:21:17.670,42.3688889,-71.0257724,35.435,-23.53897240538581,0.0,1769646008982
6550,1717043200,1769646078449,19:21:18.449,42.3688889,-71.0257724,35.435,-23.53897240538581,0.0,1769646008982
6551,1717305344,1769646079212,19:21:19.212,42.3688889,-71.0257724,35.435,-23.53897240538581,0.0,1769646008982
6552,1717567488,1769646080040,19:21:20.040,42.3688889,-71.0257724,35.435,-23.53897240538581,0.0,1769646008982
6553,1717829632,1769646080919,19:21:20.919,42.3688889,-71.0257724,35.435,-23.53897240538581,0.0,1769646008982
6554,1718091776,1769646081865,19:21:21.865,42.3688889,-71.0257724,35.435,-23.53897240538581,0.0,1769646008982
6555,1718353920,1769646082789,19:21:22.789,42.3688889,-71.0257724,35.435,-23.53897240538581,0.0,1769646008982
6556,1718616064,1769646083713,19:21:23.713,42.3688889,-71.0257724,35.435,-23.53897240538581,0.0,1769646008982
6557,1718878208,1769646084643,19:21:24.643,42.3688889,-71.0257724,35.435,-23.53897240538581,0.0,1769646008982
6558,1719140352,1769646084975,19:21:24.975,42.3688889,-71.0257724,35.435,-23.53897240538581,0.0,1769646008982
6559,1719402496,1769646085383,19:21:25.383,42.3688889,-71.0257724,35.435,-23.53897240538581,0.0,1769646008982
6560,1719664640,1769646085735,19:21:25.735,42.3688889,-71.0257724,35.435,-23.53897240538581,0.0,1769646008982
6561,1719926784,1769646086162,19:21:26.162,42.3688889,-71.0257724,35.435,-23.53897240538581,0.0,1769646008982
6562,1720188928,1769646086511,19:21:26.511,42.3688889,-71.0257724,35.435,-23.53897240538581,0.0,1769646008982
6563,1720451072,1769646086863,19:21:26.863,42.3688889,-71.0257724,35.435,-23.53897240538581,0.0,1769646008982
6564,1720713216,1769646087209,19:21:27.209,42.3688889,-71.0257724,35.435,-23.53897240538581,0.0,1769646008982
6565,1720975360,1769646087564,19:21:27.564,42.3688889,-71.0257724,35.435,-23.53897240538581,0.0,1769646008982
6566,1721237504,1769646087909,19:21:27.909,42.3688889,-71.0257724,35.435,-23.53897240538581,0.0,1769646008982
6567,1721499648,1769646088356,19:21:28.356,42.3688889,-71.0257724,35.435,-23.53897240538581,0.0,1769646008982
6568,1721761792,1769646088935,19:21:28.935,42.3688889,-71.0257724,35.435,-23.53897240538581,0.0,1769646008982
6569,1722023936,1769646089468,19:21:29.468,42.3688889,-71.0257724,35.435,-23.53897240538581,0.0,1769646008982
6570,1722286080,1769646090191,19:21:30.191,42.3688889,-71.0257724,35.435,-23.53897240538581,0.0,1769646008982
6571,1722548224,1769646090783,19:21:30.783,42.3688889,-71.0257724,35.435,-23.53897240538581,0.0,1769646008982
6572,1722810368,1769646091310,19:21:31.310,42.3688889,-71.0257724,35.435,-23.53897240538581,0.0,1769646008982
6573,1723072512,1769646091909,19:21:31.909,42.3688889,-71.0257724,35.435,-23.53897240538581,0.0,1769646008982
6574,1723334656,1769646092631,19:21:32.631,42.3688889,-71.0257724,35.435,-23.53897240538581,0.0,1769646008982
6575,1723596800,1769646093255,19:21:33.255,42.3688889,-71.0257724,35.435,-23.53897240538581,0.0,1769646008982
6576,1723858944,1769646093981,19:21:33.981,42.3688889,-71.0257724,35.435,-23.53897240538581,0.0,1769646008982
6577,1724121088,1769646094443,19:21:34.443,42.3688889,-71.0257724,35.435,-23.53897240538581,0.0,1769646008982
6578,1724383232,1769646094866,19:21:34.866,42.3688889,-71.0257724,35.435,-23.53897240538581,0.0,1769646008982
6579,1724645376,1769646095239,19:21:35.239,42.3688889,-71.0257724,35.435,-23.53897240538581,0.0,1769646008982
6580,1724907520,1769646095545,19:21:35.545,42.3688889,-71.0257724,35.435,-23.53897240538581,0.0,1769646008982
6581,1725169664,1769646095886,19:21:35.886,42.3688889,-71.0257724,35.435,-23.53897240538581,0.0,1769646008982
6582,1725431808,1769646096233,19:21:36.233,42.3688889,-71.0257724,35.435,-23.53897240538581,0.0,1769646008982
6583,1725693952,1769646096585,19:21:36.585,42.3688889,-71.0257724,35.435,-23.53897240538581,0.0,1769646008982
6584,1725956096,1769646096958,19:21:36.958,42.3688889,-71.0257724,35.435,-23.53897240538581,0.0,1769646008982
6585,1726218240,1769646097387,19:21:37.387,42.3688889,-71.0257724,35.435,-23.53897240538581,0.0,1769646008982
6586,1726480384,1769646097829,19:21:37.829,42.3688889,-71.0257724,35.435,-23.53897240538581,0.0,1769646008982
6587,1726742528,1769646098323,19:21:38.323,42.3688889,-71.0257724,35.435,-23.53897240538581,0.0,1769646008982
6588,1727004672,1769646098804,19:21:38.804,42.3688889,-71.0257724,35.435,-23.53897240538581,0.0,1769646008982
6589,1727266816,1769646099265,19:21:39.265,42.3688889,-71.0257724,35.435,-23.53897240538581,0.0,1769646008982
6590,1727528960,1769646099688,19:21:39.688,42.3688889,-71.0257724,35.435,-23.53897240538581,0.0,1769646008982
6591,1727791104,1769646100073,19:21:40.073,42.3688889,-71.0257724,35.435,-23.53897240538581,0.0,1769646008982
6592,1728053248,1769646100385,19:21:40.385,42.3688889,-71.0257724,35.435,-23.53897240538581,0.0,1769646008982
6593,1728315392,1769646100791,19:21:40.791,42.3688889,-71.0257724,35.435,-23.53897240538581,0.0,1769646008982
6594,1728577536,1769646101158,19:21:41.158,42.3688889,-71.0257724,35.435,-23.53897240538581,0.0,1769646008982
6595,1728839680,1769646101509,19:21:41.509,42.3688889,-71.0257724,35.435,-23.53897240538581,0.0,1769646008982
6596,1729101824,1769646101856,19:21:41.856,42.3688889,-71.0257724,35.435,-23.53897240538581,0.0,1769646008982
6597,1729363968,1769646102204,19:21:42.204,42.3688889,-71.0257724,35.435,-23.53897240538581,0.0,1769646008982
6598,1729626112,1769646102559,19:21:42.559,42.3688889,-71.0257724,35.435,-23.53897240538581,0.0,1769646008982
6599,1729888256,1769646102942,19:21:42.942,42.3688889,-71.0257724,35.435,-23.53897240538581,0.0,1769646008982
6600,1730150400,1769646103379,19:21:43.379,42.3688889,-71.0257724,35.435,-23.53897240538581,0.0,1769646008982
6601,1730412544,1769646103859,19:21:43.859,42.3688889,-71.0257724,35.435,-23.53897240538581,0.0,1769646008982
6602,1730674688,1769646104342,19:21:44.342,42.3688889,-71.0257724,35.435,-23.53897240538581,0.0,1769646008982
6603,1730936832,1769646104791,19:21:44.791,42.3688889,-71.0257724,35.435,-23.53897240538581,0.0,1769646008982
6604,1731198976,1769646105154,19:21:45.154,42.3688889,-71.0257724,35.435,-23.53897240538581,0.0,1769646008982
6605,1731461120,1769646105508,19:21:45.508,42.3688889,-71.0257724,35.435,-23.53897240538581,0.0,1769646008982
6606,1731723264,1769646105865,19:21:45.865,42.3688889,-71.0257724,35.435,-23.53897240538581,0.0,1769646008982
6607,1731985408,1769646106269,19:21:46.269,42.3688889,-71.0257724,35.435,-23.53897240538581,0.0,1769646008982
6608,1732247552,1769646106723,19:21:46.723,42.3688889,-71.0257724,35.435,-23.53897240538581,0.0,1769646008982
6609,1732509696,1769646107184,19:21:47.184,42.3688889,-71.0257724,35.435,-23.53897240538581,0.0,1769646008982
6610,1732771840,1769646107649,19:21:47.649,42.3688889,-71.0257724,35.435,-23.53897240538581,0.0,1769646008982
6611,1733033984,1769646108118,19:21:48.118,42.3688889,-71.0257724,35.435,-23.53897240538581,0.0,1769646008982
6612,1733296128,1769646108594,19:21:48.594,42.3688889,-71.0257724,35.435,-23.53897240538581,0.0,1769646008982
6613,1733558272,1769646109088,19:21:49.088,42.3688889,-71.0257724,35.435,-23.53897240538581,0.0,1769646008982
6614,1733820416,1769646109626,19:21:49.626,42.3688889,-71.0257724,35.435,-23.53897240538581,0.0,1769646008982
6615,1734082560,1769646110146,19:21:50.146,42.3688889,-71.0257724,35.435,-23.53897240538581,0.0,1769646008982
6616,1734344704,1769646110601,19:21:50.601,42.3688889,-71.0257724,35.435,-23.53897240538581,0.0,1769646008982
6617,1734606848,1769646111042,19:21:51.042,42.3688889,-71.0257724,35.435,-23.53897240538581,0.0,1769646008982
6618,1734868992,1769646111498,19:21:51.498,42.3688889,-71.0257724,35.435,-23.53897240538581,0.0,1769646008982
6619,1735131136,1769646111903,19:21:51.903,42.3688889,-71.0257724,35.435,-23.53897240538581,0.0,1769646008982
6620,1735393280,1769646112396,19:21:52.396,42.3688889,-71.0257724,35.435,-23.53897240538581,0.0,1769646008982
6621,1735655424,1769646112899,19:21:52.899,42.3688889,-71.0257724,35.435,-23.53897240538581,0.0,1769646008982
6622,1735917568,1769646113393,19:21:53.393,42.3688889,-71.0257724,35.435,-23.53897240538581,0.0,1769646008982
6623,1736179712,1769646113867,19:21:53.867,42.3688889,-71.0257724,35.435,-23.53897240538581,0.0,1769646008982
6624,1736441856,1769646114378,19:21:54.378,42.3688889,-71.0257724,35.435,-23.53897240538581,0.0,1769646008982
6625,1736704000,1769646114934,19:21:54.934,42.3688889,-71.0257724,35.435,-23.53897240538581,0.0,1769646008982
6626,1736966144,1769646115454,19:21:55.454,42.3688889,-71.0257724,35.435,-23.53897240538581,0.0,1769646008982
6627,1737228288,1769646115968,19:21:55.968,42.3688889,-71.0257724,35.435,-23.53897240538581,0.0,1769646008982
6628,1737490432,1769646116447,19:21:56.447,42.3688889,-71.0257724,35.435,-23.53897240538581,0.0,1769646008982
6629,1737752576,1769646116944,19:21:56.944,42.3688889,-71.0257724,35.435,-23.53897240538581,0.0,1769646008982
6630,1738014720,1769646117456,19:21:57.456,42.3688889,-71.0257724,35.435,-23.53897240538581,0.0,1769646008982
6631,1738276864,1769646117935,19:21:57.935,42.3688889,-71.0257724,35.435,-23.53897240538581,0.0,1769646008982
6632,1738539008,1769646118423,19:21:58.423,42.3688889,-71.0257724,35.435,-23.53897240538581,0.0,1769646008982
6633,1738801152,1769646118904,19:21:58.904,42.3688889,-71.0257724,35.435,-23.53897240538581,0.0,1769646008982
