chunk_index,start_byte,timestamp_ms,formatted_time,lat,lon,accuracy_m
10,2621440,1769564692733,20:44:52.733,NA,NA,NA
11,2883584,1769564693083,20:44:53.083,42.3448023,-71.0825832,16.659
12,3145728,1769564693489,20:44:53.489,42.3448023,-71.0825832,16.659
13,3407872,1769564693897,20:44:53.897,42.3448023,-71.0825832,16.659
14,3670016,1769564694899,20:44:54.899,42.3448023,-71.0825832,16.659
15,3932160,1769564695536,20:44:55.536,42.3448023,-71.0825832,16.659
16,4194304,1769564696104,20:44:56.104,42.3448023,-71.0825832,16.659
17,4456448,1769564696615,20:44:56.615,42.3448023,-71.0825832,16.659
18,4718592,1769564697066,20:44:57.066,42.3448023,-71.0825832,16.659
19,4980736,1769564697476,20:44:57.476,42.3448023,-71.0825832,16.659
20,5242880,1769564697757,20:44:57.757,42.3448023,-71.0825832,16.659
21,5505024,1769564698106,20:44:58.106,42.3448023,-71.0825832,16.659
22,5767168,1769564698458,20:44:58.458,42.3448023,-71.0825832,16.659
23,6029312,1769564698880,20:44:58.880,42.3448023,-71.0825832,16.659
24,6291456,1769564699312,20:44:59.312,42.3448023,-71.0825832,16.659
25,6553600,1769564699666,20:44:59.666,42.3448023,-71.0825832,16.659
26,6815744,1769564700011,20:45:00.011,42.3448023,-71.0825832,16.659
27,7077888,1769564700385,20:45:00.385,42.3448023,-71.0825832,16.659
28,7340032,1769564700771,20:45:00.771,42.3448023,-71.0825832,16.659
29,7602176,1769564701168,20:45:01.168,42.3448023,-71.0825832,16.659
30,7864320,1769564701534,20:45:01.534,42.3448023,-71.0825832,16.659
31,8126464,1769564701899,20:45:01.899,42.3448023,-71.0825832,16.659
32,8388608,1769564702286,20:45:02.286,42.3448023,-71.0825832,16.659
33,8650752,1769564702660,20:45:02.660,42.3448023,-71.0825832,16.659
34,8912896,1769564703057,20:45:03.057,42.3448023,-71.0825832,16.659
35,9175040,1769564703467,20:45:03.467,42.3448023,-71.0825832,16.659
36,9437184,1769564703846,20:45:03.846,42.3448023,-71.0825832,16.659
37,9699328,1769564704175,20:45:04.175,42.3448023,-71.0825832,16.659
38,9961472,1769564704777,20:45:04.777,42.3448023,-71.0825832,16.659
39,10223616,1769564705254,20:45:05.254,42.3448023,-71.0825832,16.659
40,10485760,1769564705600,20:45:05.600,42.3448023,-71.0825832,16.659
41,10747904,1769564705949,20:45:05.949,42.3448023,-71.0825832,16.659
42,11010048,1769564706300,20:45:06.300,42.3448023,-71.0825832,16.659
43,11272192,1769564706650,20:45:06.650,42.3448023,-71.0825832,16.659
44,11534336,1769564707000,20:45:07.000,42.3448023,-71.0825832,16.659
45,11796480,1769564707376,20:45:07.376,42.3448023,-71.0825832,16.659
46,12058624,1769564707807,20:45:07.807,42.3448023,-71.0825832,16.659
47,12320768,1769564708183,20:45:08.183,42.3448023,-71.0825832,16.659
48,12582912,1769564708533,20:45:08.533,42.3448023,-71.0825832,16.659
49,12845056,1769564709037,20:45:09.037,42.3448023,-71.0825832,16.659
50,13107200,1769564709550,20:45:09.550,42.3448023,-71.0825832,16.659
51,13369344,1769564709921,20:45:09.921,42.3448023,-71.0825832,16.659
52,13631488,1769564710253,20:45:10.253,42.3448023,-71.0825832,16.659
53,13893632,1769564710671,20:45:10.671,42.3448023,-71.0825832,16.659
54,14155776,1769564711008,20:45:11.008,42.3448023,-71.0825832,16.659
55,14417920,1769564711740,20:45:11.740,42.3448023,-71.0825832,16.659
56,14680064,1769564712360,20:45:12.360,42.3448023,-71.0825832,16.659
57,14942208,1769564713055,20:45:13.055,42.3448023,-71.0825832,16.659
58,15204352,1769564713525,20:45:13.525,42.3448023,-71.0825832,16.659
59,15466496,1769564713799,20:45:13.799,42.3448023,-71.0825832,16.659
60,15728640,1769564714238,20:45:14.238,42.3448023,-71.0825832,16.659
61,15990784,1769564715459,20:45:15.459,42.3448023,-71.0825832,16.659
62,16252928,1769564715914,20:45:15.914,42.3448023,-71.0825832,16.659
63,16515072,1769564716840,20:45:16.840,42.3448023,-71.0825832,16.659
64,16777216,1769564717905,20:45:17.905,42.3448023,-71.0825832,16.659
65,17039360,1769564718366,20:45:18.366,42.3448023,-71.0825832,16.659
66,17301504,1769564718651,20:45:18.651,42.3448023,-71.0825832,16.659
67,17563648,1769564718969,20:45:18.969,42.3448023,-71.0825832,16.659
68,17825792,1769564719319,20:45:19.319,42.3448023,-71.0825832,16.659
69,18087936,1769564720057,20:45:20.057,42.3448023,-71.0825832,16.659
70,18350080,1769564720651,20:45:20.651,42.3448023,-71.0825832,16.659
71,18612224,1769564721070,20:45:21.070,42.3448023,-71.0825832,16.659
72,18874368,1769564721876,20:45:21.876,42.3448023,-71.0825832,16.659
73,19136512,1769564722638,20:45:22.638,42.3448023,-71.0825832,16.659
74,19398656,1769564723117,20:45:23.117,42.3448023,-71.0825832,16.659
75,19660800,1769564723409,20:45:23.409,42.3448023,-71.0825832,16.659
76,19922944,1769564723696,20:45:23.696,42.3448023,-71.0825832,16.659
77,20185088,1769564724041,20:45:24.041,42.3448023,-71.0825832,16.659
78,20447232,1769564724413,20:45:24.413,42.3448023,-71.0825832,16.659
79,20709376,1769564724826,20:45:24.826,42.3448023,-71.0825832,16.659
80,20971520,1769564725261,20:45:25.261,42.3448023,-71.0825832,16.659
81,21233664,1769564725585,20:45:25.585,42.3448023,-71.0825832,16.659
82,21495808,1769564725944,20:45:25.944,42.3448023,-71.0825832,16.659
83,21757952,1769564726287,20:45:26.287,42.3448023,-71.0825832,16.659
84,22020096,1769564726636,20:45:26.636,42.3448023,-71.0825832,16.659
85,22282240,1769564727018,20:45:27.018,42.3448023,-71.0825832,16.659
86,22544384,1769564727558,20:45:27.558,42.3448023,-71.0825832,16.659
87,22806528,1769564728005,20:45:28.005,42.3448023,-71.0825832,16.659
88,23068672,1769564728272,20:45:28.272,42.3448023,-71.0825832,16.659
89,23330816,1769564728623,20:45:28.623,42.3448023,-71.0825832,16.659
90,23592960,1769564729065,20:45:29.065,42.3448023,-71.0825832,16.659
91,23855104,1769564729525,20:45:29.525,42.3448023,-71.0825832,16.659
92,24117248,1769564730018,20:45:30.018,42.3448023,-71.0825832,16.659
93,24379392,1769564730578,20:45:30.578,42.3448023,-71.0825832,16.659
94,24641536,1769564731033,20:45:31.033,42.3448023,-71.0825832,16.659
95,24903680,1769564731385,20:45:31.385,42.3448023,-71.0825832,16.659
96,25165824,1769564731735,20:45:31.735,42.3448023,-71.0825832,16.659
97,25427968,1769564732658,20:45:32.658,42.3448023,-71.0825832,16.659
98,25690112,1769564733225,20:45:33.225,42.3448023,-71.0825832,16.659
99,25952256,1769564733940,20:45:33.940,42.3448023,-71.0825832,16.659
100,26214400,1769564734626,20:45:34.626,42.3448023,-71.0825832,16.659
101,26476544,1769564735113,20:45:35.113,42.3448023,-71.0825832,16.659
102,26738688,1769564735396,20:45:35.396,42.3448023,-71.0825832,16.659
103,27000832,1769564736287,20:45:36.287,42.3448023,-71.0825832,16.659
104,27262976,1769564736973,20:45:36.973,42.3448023,-71.0825832,16.659
105,27525120,1769564737443,20:45:37.443,42.3448023,-71.0825832,16.659
106,27787264,1769564737734,20:45:37.734,42.3448023,-71.0825832,16.659
107,28049408,1769564738008,20:45:38.008,42.3448023,-71.0825832,16.659
108,28311552,1769564738290,20:45:38.290,42.3448023,-71.0825832,16.659
109,28573696,1769564738652,20:45:38.652,42.3448023,-71.0825832,16.659
110,28835840,1769564739017,20:45:39.017,42.3448023,-71.0825832,16.659
111,29097984,1769564739410,20:45:39.410,42.3448023,-71.0825832,16.659
112,29360128,1769564739841,20:45:39.841,42.3448023,-71.0825832,16.659
113,29622272,1769564740572,20:45:40.572,42.3448023,-71.0825832,16.659
114,29884416,1769564741140,20:45:41.140,42.3448023,-71.0825832,16.659
115,30146560,1769564741522,20:45:41.522,42.3448023,-71.0825832,16.659
116,30408704,1769564741917,20:45:41.917,42.3448023,-71.0825832,16.659
117,30670848,1769564742266,20:45:42.266,42.3448023,-71.0825832,16.659
118,30932992,1769564742613,20:45:42.613,42.3448023,-71.0825832,16.659
119,31195136,1769564743102,20:45:43.102,42.3448023,-71.0825832,16.659
120,31457280,1769564743484,20:45:43.484,42.3448023,-71.0825832,16.659
121,31719424,1769564743804,20:45:43.804,42.3448023,-71.0825832,16.659
122,31981568,1769564744195,20:45:44.195,42.3448023,-71.0825832,16.659
123,32243712,1769564744547,20:45:44.547,42.3448023,-71.0825832,16.659
124,32505856,1769564744897,20:45:44.897,42.3448023,-71.0825832,16.659
125,32768000,1769564745266,20:45:45.266,42.3448023,-71.0825832,16.659
126,33030144,1769564745683,20:45:45.683,42.3448023,-71.0825832,16.659
127,33292288,1769564746061,20:45:46.061,42.3448023,-71.0825832,16.659
128,33554432,1769564746398,20:45:46.398,42.3448023,-71.0825832,16.659
129,33816576,1769564746832,20:45:46.832,42.3448023,-71.0825832,16.659
130,34078720,1769564747208,20:45:47.208,42.3448023,-71.0825832,16.659
131,34340864,1769564747806,20:45:47.806,42.3448023,-71.0825832,16.659
132,34603008,1769564748256,20:45:48.256,42.3448023,-71.0825832,16.659
133,34865152,1769564748546,20:45:48.546,42.3448023,-71.0825832,16.659
134,35127296,1769564748871,20:45:48.871,42.3448023,-71.0825832,16.659
135,35389440,1769564749624,20:45:49.624,42.3448023,-71.0825832,16.659
136,35651584,1769564750170,20:45:50.170,42.3448023,-71.0825832,16.659
137,35913728,1769564750561,20:45:50.561,42.3448023,-71.0825832,16.659
138,36175872,1769564750895,20:45:50.895,42.3448023,-71.0825832,16.659
139,36438016,1769564751522,20:45:51.522,42.3448023,-71.0825832,16.659
140,36700160,1769564752505,20:45:52.505,42.3448023,-71.0825832,16.659
141,36962304,1769564753032,20:45:53.032,42.3448023,-71.0825832,16.659
142,37224448,1769564753309,20:45:53.309,42.3448023,-71.0825832,16.659
143,37486592,1769564753601,20:45:53.601,42.3448023,-71.0825832,16.659
144,37748736,1769564754290,20:45:54.290,42.3448023,-71.0825832,16.659
145,38010880,1769564754847,20:45:54.847,42.3448023,-71.0825832,16.659
146,38273024,1769564755329,20:45:55.329,42.3448023,-71.0825832,16.659
147,38535168,1769564755612,20:45:55.612,42.3448023,-71.0825832,16.659
148,38797312,1769564756154,20:45:56.154,42.3448023,-71.0825832,16.659
149,39059456,1769564756920,20:45:56.920,42.3448023,-71.0825832,16.659
150,39321600,1769564757323,20:45:57.323,42.3448023,-71.0825832,16.659
151,39583744,1769564757622,20:45:57.622,42.3448023,-71.0825832,16.659
152,39845888,1769564758004,20:45:58.004,42.3448023,-71.0825832,16.659
153,40108032,1769564758779,20:45:58.779,42.3448023,-71.0825832,16.659
154,40370176,1769564759311,20:45:59.311,42.3448023,-71.0825832,16.659
155,40632320,1769564759665,20:45:59.665,42.3448023,-71.0825832,16.659
156,40894464,1769564760057,20:46:00.057,42.3448023,-71.0825832,16.659
157,41156608,1769564760404,20:46:00.404,42.3448023,-71.0825832,16.659
158,41418752,1769564760759,20:46:00.759,42.3448023,-71.0825832,16.659
159,41680896,1769564761129,20:46:01.129,42.3448023,-71.0825832,16.659
160,41943040,1769564761488,20:46:01.488,42.3448023,-71.0825832,16.659
161,42205184,1769564761889,20:46:01.889,42.3448023,-71.0825832,16.659
162,42467328,1769564762663,20:46:02.663,42.3448023,-71.0825832,16.659
163,42729472,1769564763124,20:46:03.124,42.3448023,-71.0825832,16.659
164,42991616,1769564763475,20:46:03.475,42.3448023,-71.0825832,16.659
165,43253760,1769564764752,20:46:04.752,42.3448023,-71.0825832,16.659
166,43515904,1769564765319,20:46:05.319,42.3448023,-71.0825832,16.659
167,43778048,1769564765970,20:46:05.970,42.3448023,-71.0825832,16.659
168,44040192,1769564767398,20:46:07.398,42.3448023,-71.0825832,16.659
169,44302336,1769564767868,20:46:07.868,42.3448023,-71.0825832,16.659
170,44564480,1769564768146,20:46:08.146,42.3448023,-71.0825832,16.659
171,44826624,1769564768754,20:46:08.754,42.3448023,-71.0825832,16.659
172,45088768,1769564769252,20:46:09.252,42.3448023,-71.0825832,16.659
173,45350912,1769564769587,20:46:09.587,42.3448023,-71.0825832,16.659
174,45613056,1769564769971,20:46:09.971,42.3448023,-71.0825832,16.659
175,45875200,1769564770414,20:46:10.414,42.3448023,-71.0825832,16.659
176,46137344,1769564771094,20:46:11.094,42.3448023,-71.0825832,16.659
177,46399488,1769564771486,20:46:11.486,42.3448023,-71.0825832,16.659
178,46661632,1769564771826,20:46:11.826,42.3448023,-71.0825832,16.659
179,46923776,1769564772176,20:46:12.176,42.3448023,-71.0825832,16.659
180,47185920,1769564772697,20:46:12.697,42.3448023,-71.0825832,16.659
181,47448064,1769564773594,20:46:13.594,42.3448023,-71.0825832,16.659
182,47710208,1769564774089,20:46:14.089,42.3448023,-71.0825832,16.659
183,47972352,1769564774333,20:46:14.333,42.3448023,-71.0825832,16.659
184,48234496,1769564774652,20:46:14.652,42.3448023,-71.0825832,16.659
185,48496640,1769564775117,20:46:15.117,42.3448023,-71.0825832,16.659
186,48758784,1769564775768,20:46:15.768,42.3448023,-71.0825832,16.659
187,49020928,1769564776213,20:46:16.213,42.3448023,-71.0825832,16.659
188,49283072,1769564776604,20:46:16.604,42.3448023,-71.0825832,16.659
189,49545216,1769564777034,20:46:17.034,42.3448023,-71.0825832,16.659
190,49807360,1769564777352,20:46:17.352,42.3448023,-71.0825832,16.659
191,50069504,1769564778183,20:46:18.183,42.3448023,-71.0825832,16.659
192,50331648,1769564778620,20:46:18.620,42.3448023,-71.0825832,16.659
193,50593792,1769564779470,20:46:19.470,42.3448023,-71.0825832,16.659
194,50855936,1769564780523,20:46:20.523,42.3448023,-71.0825832,16.659
195,51118080,1769564781103,20:46:21.103,42.3448023,-71.0825832,16.659
196,51380224,1769564781776,20:46:21.776,42.3448023,-71.0825832,16.659
197,51642368,1769564782259,20:46:22.259,42.3448023,-71.0825832,16.659
198,51904512,1769564782547,20:46:22.547,42.3448023,-71.0825832,16.659
199,52166656,1769564783244,20:46:23.244,42.3448023,-71.0825832,16.659
200,52428800,1769564784051,20:46:24.051,42.3448023,-71.0825832,16.659
201,52690944,1769564784559,20:46:24.559,42.3448023,-71.0825832,16.659
202,52953088,1769564784836,20:46:24.836,42.3448023,-71.0825832,16.659
203,53215232,1769564785105,20:46:25.105,42.3448023,-71.0825832,16.659
204,53477376,1769564785454,20:46:25.454,42.3448023,-71.0825832,16.659
205,53739520,1769564785989,20:46:25.989,42.3448023,-71.0825832,16.659
206,54001664,1769564786453,20:46:26.453,42.3448023,-71.0825832,16.659
207,54263808,1769564786791,20:46:26.791,42.3448023,-71.0825832,16.659
208,54525952,1769564787205,20:46:27.205,42.3448023,-71.0825832,16.659
209,54788096,1769564787624,20:46:27.624,42.3448023,-71.0825832,16.659
210,55050240,1769564787952,20:46:27.952,42.3448023,-71.0825832,16.659
211,55312384,1769564788303,20:46:28.303,42.3448023,-71.0825832,16.659
212,55574528,1769564788825,20:46:28.825,42.3448023,-71.0825832,16.659
213,55836672,1769564789319,20:46:29.319,42.3448023,-71.0825832,16.659
214,56098816,1769564789673,20:46:29.673,42.3448023,-71.0825832,16.659
215,56360960,1769564790053,20:46:30.053,42.3448023,-71.0825832,16.659
216,56623104,1769564790373,20:46:30.373,42.3448023,-71.0825832,16.659
217,56885248,1769564790746,20:46:30.746,42.3448023,-71.0825832,16.659
218,57147392,1769564791452,20:46:31.452,42.3448023,-71.0825832,16.659
219,57409536,1769564791916,20:46:31.916,42.3448023,-71.0825832,16.659
220,57671680,1769564792261,20:46:32.261,42.3448023,-71.0825832,16.659
221,57933824,1769564792672,20:46:32.672,42.3448023,-71.0825832,16.659
222,58195968,1769564793181,20:46:33.181,42.3448023,-71.0825832,16.659
223,58458112,1769564793534,20:46:33.534,42.3448023,-71.0825832,16.659
224,58720256,1769564793876,20:46:33.876,42.3448023,-71.0825832,16.659
225,58982400,1769564794751,20:46:34.751,42.3448023,-71.0825832,16.659
226,59244544,1769564795312,20:46:35.312,42.3448023,-71.0825832,16.659
227,59506688,1769564795663,20:46:35.663,42.3448023,-71.0825832,16.659
228,59768832,1769564796809,20:46:36.809,42.3448023,-71.0825832,16.659
229,60030976,1769564797488,20:46:37.488,42.3448023,-71.0825832,16.659
230,60293120,1769564798168,20:46:38.168,42.3448023,-71.0825832,16.659
231,60555264,1769564799509,20:46:39.509,42.3448023,-71.0825832,16.659
232,60817408,1769564799964,20:46:39.964,42.3448023,-71.0825832,16.659
233,61079552,1769564800620,20:46:40.620,42.3448023,-71.0825832,16.659
234,61341696,1769564801781,20:46:41.781,42.3448023,-71.0825832,16.659
235,61603840,1769564802221,20:46:42.221,42.3448023,-71.0825832,16.659
236,61865984,1769564803020,20:46:43.020,42.3448023,-71.0825832,16.659
237,62128128,1769564804026,20:46:44.026,42.3448023,-71.0825832,16.659
238,62390272,1769564804486,20:46:44.486,42.3448023,-71.0825832,16.659
239,62652416,1769564804793,20:46:44.793,42.3448023,-71.0825832,16.659
240,62914560,1769564805175,20:46:45.175,42.3448023,-71.0825832,16.659
241,63176704,1769564806932,20:46:46.932,42.3448023,-71.0825832,16.659
242,63438848,1769564807441,20:46:47.441,42.3448023,-71.0825832,16.659
243,63700992,1769564808742,20:46:48.742,42.3448023,-71.0825832,16.659
244,63963136,1769564809471,20:46:49.471,42.3448023,-71.0825832,16.659
245,64225280,1769564810072,20:46:50.072,42.3448023,-71.0825832,16.659
246,64487424,1769564810422,20:46:50.422,42.3448023,-71.0825832,16.659
247,64749568,1769564811555,20:46:51.555,42.3448023,-71.0825832,16.659
248,65011712,1769564812376,20:46:52.376,42.3448023,-71.0825832,16.659
249,65273856,1769564812742,20:46:52.742,42.3448023,-71.0825832,16.659
250,65536000,1769564813134,20:46:53.134,42.3448023,-71.0825832,16.659
251,65798144,1769564813920,20:46:53.920,42.3448023,-71.0825832,16.659
252,66060288,1769564814609,20:46:54.609,42.3448023,-71.0825832,16.659
253,66322432,1769564815092,20:46:55.092,42.3448023,-71.0825832,16.659
254,66584576,1769564815378,20:46:55.378,42.3448023,-71.0825832,16.659
255,66846720,1769564815810,20:46:55.810,42.3448023,-71.0825832,16.659
256,67108864,1769564816450,20:46:56.450,42.3448023,-71.0825832,16.659
257,67371008,1769564817013,20:46:57.013,42.3448023,-71.0825832,16.659
258,67633152,1769564817525,20:46:57.525,42.3448023,-71.0825832,16.659
259,67895296,1769564817884,20:46:57.884,42.3448023,-71.0825832,16.659
260,68157440,1769564818285,20:46:58.285,42.3448023,-71.0825832,16.659
261,68419584,1769564818636,20:46:58.636,42.3448023,-71.0825832,16.659
262,68681728,1769564818992,20:46:58.992,42.3448023,-71.0825832,16.659
263,68943872,1769564819623,20:46:59.623,42.3448023,-71.0825832,16.659
264,69206016,1769564820106,20:47:00.106,42.3448023,-71.0825832,16.659
265,69468160,1769564820376,20:47:00.376,42.3448023,-71.0825832,16.659
266,69730304,1769564820803,20:47:00.803,42.3448023,-71.0825832,16.659
267,69992448,1769564821162,20:47:01.162,42.3448023,-71.0825832,16.659
268,70254592,1769564821501,20:47:01.501,42.3448023,-71.0825832,16.659
269,70516736,1769564821892,20:47:01.892,42.3448023,-71.0825832,16.659
270,70778880,1769564822352,20:47:02.352,42.3448023,-71.0825832,16.659
271,71041024,1769564822789,20:47:02.789,42.3448023,-71.0825832,16.659
272,71303168,1769564823061,20:47:03.061,42.3448023,-71.0825832,16.659
273,71565312,1769564823389,20:47:03.389,42.3448023,-71.0825832,16.659
274,71827456,1769564824106,20:47:04.106,42.3448023,-71.0825832,16.659
275,72089600,1769564824629,20:47:04.629,42.3448023,-71.0825832,16.659
276,72351744,1769564824982,20:47:04.982,42.3448023,-71.0825832,16.659
277,72613888,1769564825331,20:47:05.331,42.3448023,-71.0825832,16.659
278,72876032,1769564825862,20:47:05.862,42.3448023,-71.0825832,16.659
279,73138176,1769564826463,20:47:06.463,42.3448023,-71.0825832,16.659
280,73400320,1769564827182,20:47:07.182,42.3448023,-71.0825832,16.659
281,73662464,1769564827670,20:47:07.670,42.3448023,-71.0825832,16.659
282,73924608,1769564828047,20:47:08.047,42.3448023,-71.0825832,16.659
283,74186752,1769564828428,20:47:08.428,42.3448023,-71.0825832,16.659
284,74448896,1769564828748,20:47:08.748,42.3448023,-71.0825832,16.659
285,74711040,1769564829099,20:47:09.099,42.3448023,-71.0825832,16.659
286,74973184,1769564829450,20:47:09.450,42.3448023,-71.0825832,16.659
287,75235328,1769564829867,20:47:09.867,42.3448023,-71.0825832,16.659
288,75497472,1769564830288,20:47:10.288,42.3448023,-71.0825832,16.659
289,75759616,1769564830705,20:47:10.705,42.3448023,-71.0825832,16.659
290,76021760,1769564831068,20:47:11.068,42.3448023,-71.0825832,16.659
291,76283904,1769564831449,20:47:11.449,42.3448023,-71.0825832,16.659
292,76546048,1769564831820,20:47:11.820,42.3448023,-71.0825832,16.659
293,76808192,1769564832179,20:47:12.179,42.3448023,-71.0825832,16.659
294,77070336,1769564832561,20:47:12.561,42.3448023,-71.0825832,16.659
295,77332480,1769564832912,20:47:12.912,42.3448023,-71.0825832,16.659
296,77594624,1769564833290,20:47:13.290,42.3448023,-71.0825832,16.659
297,77856768,1769564833776,20:47:13.776,42.3448023,-71.0825832,16.659
298,78118912,1769564834149,20:47:14.149,42.3448023,-71.0825832,16.659
299,78381056,1769564834491,20:47:14.491,42.3448023,-71.0825832,16.659
300,78643200,1769564834844,20:47:14.844,42.3448023,-71.0825832,16.659
301,78905344,1769564835195,20:47:15.195,42.3448023,-71.0825832,16.659
302,79167488,1769564835682,20:47:15.682,42.3448023,-71.0825832,16.659
303,79429632,1769564836129,20:47:16.129,42.3448023,-71.0825832,16.659
304,79691776,1769564836510,20:47:16.510,42.3448023,-71.0825832,16.659
305,79953920,1769564836835,20:47:16.835,42.3448023,-71.0825832,16.659
306,80216064,1769564837185,20:47:17.185,42.3448023,-71.0825832,16.659
307,80478208,1769564837646,20:47:17.646,42.3448023,-71.0825832,16.659
308,80740352,1769564838116,20:47:18.116,42.3448023,-71.0825832,16.659
309,81002496,1769564838398,20:47:18.398,42.3448023,-71.0825832,16.659
310,81264640,1769564838752,20:47:18.752,42.3448023,-71.0825832,16.659
311,81526784,1769564839099,20:47:19.099,42.3448023,-71.0825832,16.659
312,81788928,1769564839580,20:47:19.580,42.3448023,-71.0825832,16.659
313,82051072,1769564840163,20:47:20.163,42.3448023,-71.0825832,16.659
314,82313216,1769564840665,20:47:20.665,42.3448023,-71.0825832,16.659
315,82575360,1769564840931,20:47:20.931,42.3448023,-71.0825832,16.659
316,82837504,1769564841203,20:47:21.203,42.3448023,-71.0825832,16.659
317,83099648,1769564841838,20:47:21.838,42.3448023,-71.0825832,16.659
318,83361792,1769564842424,20:47:22.424,42.3448023,-71.0825832,16.659
319,83623936,1769564842775,20:47:22.775,42.3448023,-71.0825832,16.659
320,83886080,1769564843190,20:47:23.190,42.3448023,-71.0825832,16.659
321,84148224,1769564843603,20:47:23.603,42.3448023,-71.0825832,16.659
322,84410368,1769564844793,20:47:24.793,42.3448023,-71.0825832,16.659
323,84672512,1769564845272,20:47:25.272,42.3448023,-71.0825832,16.659
324,84934656,1769564845524,20:47:25.524,42.3448023,-71.0825832,16.659
325,85196800,1769564846523,20:47:26.523,42.3448023,-71.0825832,16.659
326,85458944,1769564847152,20:47:27.152,42.3448023,-71.0825832,16.659
327,85721088,1769564847569,20:47:27.569,42.3448023,-71.0825832,16.659
328,85983232,1769564847872,20:47:27.872,42.3448023,-71.0825832,16.659
329,86245376,1769564848229,20:47:28.229,42.3448023,-71.0825832,16.659
330,86507520,1769564848917,20:47:28.917,42.3448023,-71.0825832,16.659
331,86769664,1769564849429,20:47:29.429,42.3448023,-71.0825832,16.659
332,87031808,1769564849809,20:47:29.809,42.3448023,-71.0825832,16.659
333,87293952,1769564850130,20:47:30.130,42.3448023,-71.0825832,16.659
334,87556096,1769564850477,20:47:30.477,42.3448023,-71.0825832,16.659
335,87818240,1769564850971,20:47:30.971,42.3448023,-71.0825832,16.659
336,88080384,1769564851458,20:47:31.458,42.3448023,-71.0825832,16.659
337,88342528,1769564851712,20:47:31.712,42.3448023,-71.0825832,16.659
338,88604672,1769564852062,20:47:32.062,42.3448023,-71.0825832,16.659
339,88866816,1769564852429,20:47:32.429,42.3448023,-71.0825832,16.659
340,89128960,1769564852777,20:47:32.777,42.3448023,-71.0825832,16.659
341,89391104,1769564853127,20:47:33.127,42.3448023,-71.0825832,16.659
342,89653248,1769564853615,20:47:33.615,42.3448023,-71.0825832,16.659
343,89915392,1769564854245,20:47:34.245,42.3448023,-71.0825832,16.659
344,90177536,1769564854682,20:47:34.682,42.3448023,-71.0825832,16.659
345,90439680,1769564855200,20:47:35.200,42.3448023,-71.0825832,16.659
346,90701824,1769564855833,20:47:35.833,42.3448023,-71.0825832,16.659
347,90963968,1769564856798,20:47:36.798,42.3448023,-71.0825832,16.659
348,91226112,1769564857263,20:47:37.263,42.3448023,-71.0825832,16.659
349,91488256,1769564857527,20:47:37.527,42.3448023,-71.0825832,16.659
350,91750400,1769564857899,20:47:37.899,42.3448023,-71.0825832,16.659
351,92012544,1769564858417,20:47:38.417,42.3448023,-71.0825832,16.659
352,92274688,1769564858907,20:47:38.907,42.3448023,-71.0825832,16.659
353,92536832,1769564859314,20:47:39.314,42.3448023,-71.0825832,16.659
354,92798976,1769564859688,20:47:39.688,42.3448023,-71.0825832,16.659
355,93061120,1769564860018,20:47:40.018,42.3448023,-71.0825832,16.659
356,93323264,1769564860367,20:47:40.367,42.3448023,-71.0825832,16.659
357,93585408,1769564860722,20:47:40.722,42.3448023,-71.0825832,16.659
358,93847552,1769564861071,20:47:41.071,42.3448023,-71.0825832,16.659
359,94109696,1769564861698,20:47:41.698,42.3448023,-71.0825832,16.659
360,94371840,1769564862095,20:47:42.095,42.3448023,-71.0825832,16.659
361,94633984,1769564862686,20:47:42.686,42.3448023,-71.0825832,16.659
362,94896128,1769564863266,20:47:43.266,42.3448023,-71.0825832,16.659
363,95158272,1769564864041,20:47:44.041,42.3448023,-71.0825832,16.659
364,95420416,1769564864765,20:47:44.765,42.3448023,-71.0825832,16.659
365,95682560,1769564865667,20:47:45.667,42.3448023,-71.0825832,16.659
366,95944704,1769564866185,20:47:46.185,42.3448023,-71.0825832,16.659
367,96206848,1769564866455,20:47:46.455,42.3448023,-71.0825832,16.659
368,96468992,1769564866804,20:47:46.804,42.3448023,-71.0825832,16.659
369,96731136,1769564867656,20:47:47.656,42.3448023,-71.0825832,16.659
370,96993280,1769564868581,20:47:48.581,42.3448023,-71.0825832,16.659
371,97255424,1769564869214,20:47:49.214,42.3448023,-71.0825832,16.659
372,97517568,1769564870182,20:47:50.182,42.3448023,-71.0825832,16.659
373,97779712,1769564870532,20:47:50.532,42.3448023,-71.0825832,16.659
374,98041856,1769564870882,20:47:50.882,42.3448023,-71.0825832,16.659
375,98304000,1769564871456,20:47:51.456,42.3448023,-71.0825832,16.659
376,98566144,1769564872295,20:47:52.295,42.3448023,-71.0825832,16.659
377,98828288,1769564872932,20:47:52.932,42.3448023,-71.0825832,16.659
378,99090432,1769564873221,20:47:53.221,42.3448023,-71.0825832,16.659
379,99352576,1769564873490,20:47:53.490,42.3448023,-71.0825832,16.659
380,99614720,1769564873748,20:47:53.748,42.3448023,-71.0825832,16.659
381,99876864,1769564874136,20:47:54.136,42.3448023,-71.0825832,16.659
382,100139008,1769564874573,20:47:54.573,42.3448023,-71.0825832,16.659
383,100401152,1769564874860,20:47:54.860,42.3448023,-71.0825832,16.659
384,100663296,1769564875294,20:47:55.294,42.3448023,-71.0825832,16.659
385,100925440,1769564875926,20:47:55.926,42.3448023,-71.0825832,16.659
386,101187584,1769564876570,20:47:56.570,42.3448023,-71.0825832,16.659
387,101449728,1769564877248,20:47:57.248,42.3448023,-71.0825832,16.659
388,101711872,1769564877954,20:47:57.954,42.3448023,-71.0825832,16.659
389,101974016,1769564878597,20:47:58.597,42.3448023,-71.0825832,16.659
390,102236160,1769564879168,20:47:59.168,42.3448023,-71.0825832,16.659
391,102498304,1769564879742,20:47:59.742,42.3448023,-71.0825832,16.659
392,102760448,1769564880328,20:48:00.328,42.3448023,-71.0825832,16.659
393,103022592,1769564880901,20:48:00.901,42.3448023,-71.0825832,16.659
394,103284736,1769564881448,20:48:01.448,42.3448023,-71.0825832,16.659
395,103546880,1769564881870,20:48:01.870,42.3448023,-71.0825832,16.659
396,103809024,1769564882425,20:48:02.425,42.3448023,-71.0825832,16.659
397,104071168,1769564882816,20:48:02.816,42.3448023,-71.0825832,16.659
398,104333312,1769564883171,20:48:03.171,42.3448023,-71.0825832,16.659
399,104595456,1769564883529,20:48:03.529,42.3448023,-71.0825832,16.659
400,104857600,1769564884011,20:48:04.011,42.3448023,-71.0825832,16.659
401,105119744,1769564884454,20:48:04.454,42.3448023,-71.0825832,16.659
402,105381888,1769564884931,20:48:04.931,42.3448023,-71.0825832,16.659
403,105644032,1769564885341,20:48:05.341,42.3448023,-71.0825832,16.659
404,105906176,1769564885901,20:48:05.901,42.3448023,-71.0825832,16.659
405,106168320,1769564886323,20:48:06.323,42.3448023,-71.0825832,16.659
406,106430464,1769564886796,20:48:06.796,42.3448023,-71.0825832,16.659
407,106692608,1769564887255,20:48:07.255,42.3448023,-71.0825832,16.659
408,106954752,1769564887681,20:48:07.681,42.3448023,-71.0825832,16.659
409,107216896,1769564888154,20:48:08.154,42.3448023,-71.0825832,16.659
410,107479040,1769564888589,20:48:08.589,42.3448023,-71.0825832,16.659
411,107741184,1769564889045,20:48:09.045,42.3448023,-71.0825832,16.659
412,108003328,1769564889476,20:48:09.476,42.3448023,-71.0825832,16.659
413,108265472,1769564889906,20:48:09.906,42.3448023,-71.0825832,16.659
414,108527616,1769564890259,20:48:10.259,42.3448023,-71.0825832,16.659
415,108789760,1769564890610,20:48:10.610,42.3448023,-71.0825832,16.659
416,109051904,1769564891001,20:48:11.001,42.3448023,-71.0825832,16.659
417,109314048,1769564891422,20:48:11.422,42.3448023,-71.0825832,16.659
418,109576192,1769564891872,20:48:11.872,42.3448023,-71.0825832,16.659
419,109838336,1769564892321,20:48:12.321,42.3448023,-71.0825832,16.659
420,110100480,1769564892790,20:48:12.790,42.3448023,-71.0825832,16.659
421,110362624,1769564893054,20:48:13.054,42.3448023,-71.0825832,16.659
422,110624768,1769564893404,20:48:13.404,42.3448023,-71.0825832,16.659
423,110886912,1769564893776,20:48:13.776,42.3448023,-71.0825832,16.659
424,111149056,1769564894139,20:48:14.139,42.3448023,-71.0825832,16.659
425,111411200,1769564894541,20:48:14.541,42.3448023,-71.0825832,16.659
426,111673344,1769564894968,20:48:14.968,42.3448023,-71.0825832,16.659
427,111935488,1769564895430,20:48:15.430,42.3448023,-71.0825832,16.659
428,112197632,1769564895885,20:48:15.885,42.3448023,-71.0825832,16.659
429,112459776,1769564896352,20:48:16.352,42.3448023,-71.0825832,16.659
430,112721920,1769564896763,20:48:16.763,42.3448023,-71.0825832,16.659
431,112984064,1769564897244,20:48:17.244,42.3448023,-71.0825832,16.659
432,113246208,1769564897708,20:48:17.708,42.3448023,-71.0825832,16.659
433,113508352,1769564898109,20:48:18.109,42.3448023,-71.0825832,16.659
434,113770496,1769564898509,20:48:18.509,42.3448023,-71.0825832,16.659
435,114032640,1769564898969,20:48:18.969,42.3448023,-71.0825832,16.659
436,114294784,1769564899398,20:48:19.398,42.3448023,-71.0825832,16.659
437,114556928,1769564899825,20:48:19.825,42.3448023,-71.0825832,16.659
438,114819072,1769564900206,20:48:20.206,42.3448023,-71.0825832,16.659
439,115081216,1769564900582,20:48:20.582,42.3448023,-71.0825832,16.659
440,115343360,1769564900950,20:48:20.950,42.3448023,-71.0825832,16.659
441,115605504,1769564901404,20:48:21.404,42.3448023,-71.0825832,16.659
442,115867648,1769564901840,20:48:21.840,42.3448023,-71.0825832,16.659
443,116129792,1769564902248,20:48:22.248,42.3448023,-71.0825832,16.659
444,116391936,1769564902662,20:48:22.662,42.3448023,-71.0825832,16.659
445,116654080,1769564903226,20:48:23.226,42.3448023,-71.0825832,16.659
446,116916224,1769564903489,20:48:23.489,42.3448023,-71.0825832,16.659
447,117178368,1769564903883,20:48:23.883,42.3448023,-71.0825832,16.659
448,117440512,1769564904415,20:48:24.415,42.3448023,-71.0825832,16.659
449,117702656,1769564905160,20:48:25.160,42.3448023,-71.0825832,16.659
450,117964800,1769564905733,20:48:25.733,42.3448023,-71.0825832,16.659
451,118226944,1769564906352,20:48:26.352,42.3448023,-71.0825832,16.659
452,118489088,1769564906898,20:48:26.898,42.3448023,-71.0825832,16.659
453,118751232,1769564907394,20:48:27.394,42.3448023,-71.0825832,16.659
454,119013376,1769564908101,20:48:28.101,42.3448023,-71.0825832,16.659
455,119275520,1769564908832,20:48:28.832,42.3448023,-71.0825832,16.659
456,119537664,1769564909431,20:48:29.431,42.3448023,-71.0825832,16.659
457,119799808,1769564909922,20:48:29.922,42.3448023,-71.0825832,16.659
458,120061952,1769564910505,20:48:30.505,42.3448023,-71.0825832,16.659
459,120324096,1769564911162,20:48:31.162,42.3448023,-71.0825832,16.659
460,120586240,1769564911685,20:48:31.685,42.3448023,-71.0825832,16.659
461,120848384,1769564912366,20:48:32.366,42.3448023,-71.0825832,16.659
462,121110528,1769564912801,20:48:32.801,42.3448023,-71.0825832,16.659
463,121372672,1769564913064,20:48:33.064,42.3448023,-71.0825832,16.659
464,121634816,1769564913344,20:48:33.344,42.3448023,-71.0825832,16.659
465,121896960,1769564913706,20:48:33.706,42.3448023,-71.0825832,16.659
466,122159104,1769564914085,20:48:34.085,42.3448023,-71.0825832,16.659
467,122421248,1769564914407,20:48:34.407,42.3448023,-71.0825832,16.659
468,122683392,1769564914758,20:48:34.758,42.3448023,-71.0825832,16.659
469,122945536,1769564915108,20:48:35.108,42.3448023,-71.0825832,16.659
470,123207680,1769564915457,20:48:35.457,42.3448023,-71.0825832,16.659
471,123469824,1769564915830,20:48:35.830,42.3448023,-71.0825832,16.659
472,123731968,1769564916180,20:48:36.180,42.3448023,-71.0825832,16.659
473,123994112,1769564916532,20:48:36.532,42.3448023,-71.0825832,16.659
474,124256256,1769564916903,20:48:36.903,42.3448023,-71.0825832,16.659
475,124518400,1769564917270,20:48:37.270,42.3448023,-71.0825832,16.659
476,124780544,1769564917687,20:48:37.687,42.3448023,-71.0825832,16.659
477,125042688,1769564918118,20:48:38.118,42.3448023,-71.0825832,16.659
478,125304832,1769564918500,20:48:38.500,42.3448023,-71.0825832,16.659
479,125566976,1769564918896,20:48:38.896,42.3448023,-71.0825832,16.659
480,125829120,1769564919405,20:48:39.405,42.3448023,-71.0825832,16.659
481,126091264,1769564919806,20:48:39.806,42.3448023,-71.0825832,16.659
482,126353408,1769564920336,20:48:40.336,42.3448023,-71.0825832,16.659
483,126615552,1769564920748,20:48:40.748,42.3448023,-71.0825832,16.659
484,126877696,1769564921196,20:48:41.196,42.3448023,-71.0825832,16.659
485,127139840,1769564921755,20:48:41.755,42.3448023,-71.0825832,16.659
486,127401984,1769564922268,20:48:42.268,42.3448023,-71.0825832,16.659
487,127664128,1769564922696,20:48:42.696,42.3448023,-71.0825832,16.659
488,127926272,1769564923186,20:48:43.186,42.3448023,-71.0825832,16.659
489,128188416,1769564923776,20:48:43.776,42.3448023,-71.0825832,16.659
490,128450560,1769564924270,20:48:44.270,42.3448023,-71.0825832,16.659
491,128712704,1769564924717,20:48:44.717,42.3448023,-71.0825832,16.659
492,128974848,1769564925324,20:48:45.324,42.3448023,-71.0825832,16.659
493,129236992,1769564925807,20:48:45.807,42.3448023,-71.0825832,16.659
494,129499136,1769564926350,20:48:46.350,42.3448023,-71.0825832,16.659
495,129761280,1769564926780,20:48:46.780,42.3448023,-71.0825832,16.659
496,130023424,1769564927195,20:48:47.195,42.3448023,-71.0825832,16.659
497,130285568,1769564927570,20:48:47.570,42.3448023,-71.0825832,16.659
498,130547712,1769564928219,20:48:48.219,42.3448023,-71.0825832,16.659
499,130809856,1769564928699,20:48:48.699,42.3448023,-71.0825832,16.659
500,131072000,1769564929196,20:48:49.196,42.3448023,-71.0825832,16.659
501,131334144,1769564929620,20:48:49.620,42.3448023,-71.0825832,16.659
502,131596288,1769564930190,20:48:50.190,42.3448023,-71.0825832,16.659
503,131858432,1769564930644,20:48:50.644,42.3448023,-71.0825832,16.659
504,132120576,1769564931184,20:48:51.184,42.3448023,-71.0825832,16.659
505,132382720,1769564931640,20:48:51.640,42.3448023,-71.0825832,16.659
506,132644864,1769564932046,20:48:52.046,42.3448023,-71.0825832,16.659
507,132907008,1769564932463,20:48:52.463,42.3448023,-71.0825832,16.659
508,133169152,1769564932926,20:48:52.926,42.3448023,-71.0825832,16.659
509,133431296,1769564933512,20:48:53.512,42.3448023,-71.0825832,16.659
510,133693440,1769564933830,20:48:53.830,42.3448023,-71.0825832,16.659
511,133955584,1769564934309,20:48:54.309,42.3448023,-71.0825832,16.659
512,134217728,1769564934696,20:48:54.696,42.3448023,-71.0825832,16.659
513,134479872,1769564935199,20:48:55.199,42.3448023,-71.0825832,16.659
514,134742016,1769564935659,20:48:55.659,42.3448023,-71.0825832,16.659
515,135004160,1769564936198,20:48:56.198,42.3448023,-71.0825832,16.659
516,135266304,1769564936619,20:48:56.619,42.3448023,-71.0825832,16.659
517,135528448,1769564937250,20:48:57.250,42.3448023,-71.0825832,16.659
518,135790592,1769564937727,20:48:57.727,42.3448023,-71.0825832,16.659
519,136052736,1769564938308,20:48:58.308,42.3448023,-71.0825832,16.659
520,136314880,1769564938781,20:48:58.781,42.3448023,-71.0825832,16.659
521,136577024,1769564939306,20:48:59.306,42.3448023,-71.0825832,16.659
522,136839168,1769564939718,20:48:59.718,42.3448023,-71.0825832,16.659
523,137101312,1769564940204,20:49:00.204,42.3448023,-71.0825832,16.659
524,137363456,1769564940624,20:49:00.624,42.3448023,-71.0825832,16.659
525,137625600,1769564941042,20:49:01.042,42.3448023,-71.0825832,16.659
526,137887744,1769564941449,20:49:01.449,42.3448023,-71.0825832,16.659
527,138149888,1769564941876,20:49:01.876,42.3448023,-71.0825832,16.659
528,138412032,1769564942304,20:49:02.304,42.3448023,-71.0825832,16.659
529,138674176,1769564942668,20:49:02.668,42.3448023,-71.0825832,16.659
530,138936320,1769564943099,20:49:03.099,42.3448023,-71.0825832,16.659
531,139198464,1769564943409,20:49:03.409,42.3448023,-71.0825832,16.659
532,139460608,1769564943791,20:49:03.791,42.3448023,-71.0825832,16.659
533,139722752,1769564944249,20:49:04.249,42.3448023,-71.0825832,16.659
534,139984896,1769564944611,20:49:04.611,42.3448023,-71.0825832,16.659
535,140247040,1769564944998,20:49:04.998,42.3448023,-71.0825832,16.659
536,140509184,1769564945417,20:49:05.417,42.3448023,-71.0825832,16.659
537,140771328,1769564945791,20:49:05.791,42.3448023,-71.0825832,16.659
538,141033472,1769564946233,20:49:06.233,42.3448023,-71.0825832,16.659
539,141295616,1769564946620,20:49:06.620,42.3448023,-71.0825832,16.659
540,141557760,1769564947154,20:49:07.154,42.3448023,-71.0825832,16.659
541,141819904,1769564947626,20:49:07.626,42.3448023,-71.0825832,16.659
542,142082048,1769564948055,20:49:08.055,42.3448023,-71.0825832,16.659
543,142344192,1769564948560,20:49:08.560,42.3448023,-71.0825832,16.659
544,142606336,1769564948941,20:49:08.941,42.3448023,-71.0825832,16.659
545,142868480,1769564949414,20:49:09.414,42.3448023,-71.0825832,16.659
546,143130624,1769564949782,20:49:09.782,42.3448023,-71.0825832,16.659
547,143392768,1769564950178,20:49:10.178,42.3448023,-71.0825832,16.659
548,143654912,1769564950629,20:49:10.629,42.3448023,-71.0825832,16.659
549,143917056,1769564951128,20:49:11.128,42.3448023,-71.0825832,16.659
550,144179200,1769564951585,20:49:11.585,42.3448023,-71.0825832,16.659
551,144441344,1769564952035,20:49:12.035,42.3448023,-71.0825832,16.659
552,144703488,1769564952465,20:49:12.465,42.3448023,-71.0825832,16.659
553,144965632,1769564952994,20:49:12.994,42.3448023,-71.0825832,16.659
554,145227776,1769564953526,20:49:13.526,42.3448023,-71.0825832,16.659
555,145489920,1769564954075,20:49:14.075,42.3448023,-71.0825832,16.659
556,145752064,1769564954553,20:49:14.553,42.3448023,-71.0825832,16.659
557,146014208,1769564955005,20:49:15.005,42.3448023,-71.0825832,16.659
558,146276352,1769564955420,20:49:15.420,42.3448023,-71.0825832,16.659
559,146538496,1769564955863,20:49:15.863,42.3448023,-71.0825832,16.659
560,146800640,1769564956276,20:49:16.276,42.3448023,-71.0825832,16.659
561,147062784,1769564956732,20:49:16.732,42.3448023,-71.0825832,16.659
562,147324928,1769564957024,20:49:17.024,42.3448023,-71.0825832,16.659
563,147587072,1769564957524,20:49:17.524,42.3448023,-71.0825832,16.659
564,147849216,1769564958039,20:49:18.039,42.3448023,-71.0825832,16.659
565,148111360,1769564958411,20:49:18.411,42.3448023,-71.0825832,16.659
566,148373504,1769564958757,20:49:18.757,42.3448023,-71.0825832,16.659
567,148635648,1769564959107,20:49:19.107,42.3448023,-71.0825832,16.659
568,148897792,1769564959456,20:49:19.456,42.3448023,-71.0825832,16.659
569,149159936,1769564959985,20:49:19.985,42.3448023,-71.0825832,16.659
570,149422080,1769564960392,20:49:20.392,42.3448023,-71.0825832,16.659
571,149684224,1769564960746,20:49:20.746,42.3448023,-71.0825832,16.659
572,149946368,1769564961152,20:49:21.152,42.3448023,-71.0825832,16.659
573,150208512,1769564961606,20:49:21.606,42.3448023,-71.0825832,16.659
574,150470656,1769564962024,20:49:22.024,42.3448023,-71.0825832,16.659
575,150732800,1769564962432,20:49:22.432,42.3448023,-71.0825832,16.659
576,150994944,1769564962851,20:49:22.851,42.3448023,-71.0825832,16.659
577,151257088,1769564963300,20:49:23.300,42.3448023,-71.0825832,16.659
578,151519232,1769564963724,20:49:23.724,42.3448023,-71.0825832,16.659
579,151781376,1769564964361,20:49:24.361,42.3448023,-71.0825832,16.659
580,152043520,1769564964913,20:49:24.913,42.3448023,-71.0825832,16.659
581,152305664,1769564965435,20:49:25.435,42.3448023,-71.0825832,16.659
582,152567808,1769564965876,20:49:25.876,42.3448023,-71.0825832,16.659
583,152829952,1769564966459,20:49:26.459,42.3448023,-71.0825832,16.659
584,153092096,1769564967073,20:49:27.073,42.3448023,-71.0825832,16.659
585,153354240,1769564967533,20:49:27.533,42.3448023,-71.0825832,16.659
586,153616384,1769564968076,20:49:28.076,42.3448023,-71.0825832,16.659
587,153878528,1769564968662,20:49:28.662,42.3448023,-71.0825832,16.659
588,154140672,1769564969365,20:49:29.365,42.3448023,-71.0825832,16.659
589,154402816,1769564969873,20:49:29.873,42.3448023,-71.0825832,16.659
590,154664960,1769564970468,20:49:30.468,42.3448023,-71.0825832,16.659
591,154927104,1769564971092,20:49:31.092,42.3448023,-71.0825832,16.659
592,155189248,1769564971646,20:49:31.646,42.3448023,-71.0825832,16.659
593,155451392,1769564972348,20:49:32.348,42.3448023,-71.0825832,16.659
594,155713536,1769564972818,20:49:32.818,42.3448023,-71.0825832,16.659
595,155975680,1769564973141,20:49:33.141,42.3448023,-71.0825832,16.659
596,156237824,1769564973569,20:49:33.569,42.3448023,-71.0825832,16.659
597,156499968,1769564974042,20:49:34.042,42.3448023,-71.0825832,16.659
598,156762112,1769564974514,20:49:34.514,42.3448023,-71.0825832,16.659
599,157024256,1769564974882,20:49:34.882,42.3448023,-71.0825832,16.659
600,157286400,1769564975285,20:49:35.285,42.3448023,-71.0825832,16.659
601,157548544,1769564975774,20:49:35.774,42.3448023,-71.0825832,16.659
602,157810688,1769564976233,20:49:36.233,42.3448023,-71.0825832,16.659
603,158072832,1769564976660,20:49:36.660,42.3448023,-71.0825832,16.659
604,158334976,1769564977077,20:49:37.077,42.3448023,-71.0825832,16.659
605,158597120,1769564977463,20:49:37.463,42.3448023,-71.0825832,16.659
606,158859264,1769564977782,20:49:37.782,42.3448023,-71.0825832,16.659
607,159121408,1769564978165,20:49:38.165,42.3448023,-71.0825832,16.659
608,159383552,1769564978465,20:49:38.465,42.3448023,-71.0825832,16.659
609,159645696,1769564978815,20:49:38.815,42.3448023,-71.0825832,16.659
610,159907840,1769564979201,20:49:39.201,42.3448023,-71.0825832,16.659
611,160169984,1769564979636,20:49:39.636,42.3448023,-71.0825832,16.659
612,160432128,1769564980020,20:49:40.020,42.3448023,-71.0825832,16.659
613,160694272,1769564980510,20:49:40.510,42.3448023,-71.0825832,16.659
614,160956416,1769564980890,20:49:40.890,42.3448023,-71.0825832,16.659
615,161218560,1769564981391,20:49:41.391,42.3448023,-71.0825832,16.659
616,161480704,1769564981889,20:49:41.889,42.3448023,-71.0825832,16.659
617,161742848,1769564982323,20:49:42.323,42.3448023,-71.0825832,16.659
618,162004992,1769564982761,20:49:42.761,42.3448023,-71.0825832,16.659
619,162267136,1769564983179,20:49:43.179,42.3448023,-71.0825832,16.659
620,162529280,1769564983647,20:49:43.647,42.3448023,-71.0825832,16.659
621,162791424,1769564984067,20:49:44.067,42.3448023,-71.0825832,16.659
622,163053568,1769564984572,20:49:44.572,42.3448023,-71.0825832,16.659
623,163315712,1769564985127,20:49:45.127,42.3448023,-71.0825832,16.659
624,163577856,1769564985546,20:49:45.546,42.3448023,-71.0825832,16.659
625,163840000,1769564985960,20:49:45.960,42.3448023,-71.0825832,16.659
626,164102144,1769564986440,20:49:46.440,42.3448023,-71.0825832,16.659
627,164364288,1769564986901,20:49:46.901,42.3448023,-71.0825832,16.659
628,164626432,1769564987329,20:49:47.329,42.3448023,-71.0825832,16.659
629,164888576,1769564987727,20:49:47.727,42.3448023,-71.0825832,16.659
630,165150720,1769564988125,20:49:48.125,42.3448023,-71.0825832,16.659
631,165412864,1769564988548,20:49:48.548,42.3448023,-71.0825832,16.659
632,165675008,1769564988859,20:49:48.859,42.3448023,-71.0825832,16.659
633,165937152,1769564989252,20:49:49.252,42.3448023,-71.0825832,16.659
634,166199296,1769564989676,20:49:49.676,42.3448023,-71.0825832,16.659
635,166461440,1769564989986,20:49:49.986,42.3448023,-71.0825832,16.659
636,166723584,1769564990396,20:49:50.396,42.3448023,-71.0825832,16.659
637,166985728,1769564990809,20:49:50.809,42.3448023,-71.0825832,16.659
638,167247872,1769564991099,20:49:51.099,42.3448023,-71.0825832,16.659
639,167510016,1769564991450,20:49:51.450,42.3448023,-71.0825832,16.659
640,167772160,1769564991811,20:49:51.811,42.3448023,-71.0825832,16.659
641,168034304,1769564992213,20:49:52.213,42.3448023,-71.0825832,16.659
642,168296448,1769564992619,20:49:52.619,42.3448023,-71.0825832,16.659
643,168558592,1769564993096,20:49:53.096,42.3448023,-71.0825832,16.659
644,168820736,1769564993531,20:49:53.531,42.3448023,-71.0825832,16.659
645,169082880,1769564993896,20:49:53.896,42.3448023,-71.0825832,16.659
646,169345024,1769564994423,20:49:54.423,42.3448023,-71.0825832,16.659
647,169607168,1769564994942,20:49:54.942,42.3448023,-71.0825832,16.659
648,169869312,1769564995486,20:49:55.486,42.3448023,-71.0825832,16.659
649,170131456,1769564995998,20:49:55.998,42.3448023,-71.0825832,16.659
650,170393600,1769564996570,20:49:56.570,42.3448023,-71.0825832,16.659
651,170655744,1769564997066,20:49:57.066,42.3448023,-71.0825832,16.659
652,170917888,1769564997548,20:49:57.548,42.3448023,-71.0825832,16.659
653,171180032,1769564998000,20:49:58.000,42.3448023,-71.0825832,16.659
654,171442176,1769564998569,20:49:58.569,42.3448023,-71.0825832,16.659
655,171704320,1769564999010,20:49:59.010,42.3448023,-71.0825832,16.659
656,171966464,1769564999482,20:49:59.482,42.3448023,-71.0825832,16.659
657,172228608,1769564999914,20:49:59.914,42.3448023,-71.0825832,16.659
658,172490752,1769565000523,20:50:00.523,42.3448023,-71.0825832,16.659
659,172752896,1769565000975,20:50:00.975,42.3448023,-71.0825832,16.659
660,173015040,1769565001532,20:50:01.532,42.3448023,-71.0825832,16.659
661,173277184,1769565002008,20:50:02.008,42.3448023,-71.0825832,16.659
662,173539328,1769565002457,20:50:02.457,42.3448023,-71.0825832,16.659
663,173801472,1769565002939,20:50:02.939,42.3448023,-71.0825832,16.659
664,174063616,1769565003438,20:50:03.438,42.3448023,-71.0825832,16.659
665,174325760,1769565003884,20:50:03.884,42.3448023,-71.0825832,16.659
666,174587904,1769565004353,20:50:04.353,42.3448023,-71.0825832,16.659
667,174850048,1769565004735,20:50:04.735,42.3448023,-71.0825832,16.659
668,175112192,1769565005196,20:50:05.196,42.3448023,-71.0825832,16.659
669,175374336,1769565005597,20:50:05.597,42.3448023,-71.0825832,16.659
670,175636480,1769565006024,20:50:06.024,42.3448023,-71.0825832,16.659
671,175898624,1769565006520,20:50:06.520,42.3448023,-71.0825832,16.659
672,176160768,1769565006913,20:50:06.913,42.3448023,-71.0825832,16.659
673,176422912,1769565007285,20:50:07.285,42.3448023,-71.0825832,16.659
674,176685056,1769565007673,20:50:07.673,42.3448023,-71.0825832,16.659
675,176947200,1769565008191,20:50:08.191,42.3448023,-71.0825832,16.659
676,177209344,1769565008660,20:50:08.660,42.3448023,-71.0825832,16.659
677,177471488,1769565009251,20:50:09.251,42.3448023,-71.0825832,16.659
678,177733632,1769565009682,20:50:09.682,42.3448023,-71.0825832,16.659
679,177995776,1769565010052,20:50:10.052,42.3448023,-71.0825832,16.659
680,178257920,1769565010474,20:50:10.474,42.3448023,-71.0825832,16.659
681,178520064,1769565010897,20:50:10.897,42.3448023,-71.0825832,16.659
682,178782208,1769565011415,20:50:11.415,42.3448023,-71.0825832,16.659
683,179044352,1769565011798,20:50:11.798,42.3448023,-71.0825832,16.659
684,179306496,1769565012267,20:50:12.267,42.3448023,-71.0825832,16.659
685,179568640,1769565012651,20:50:12.651,42.3448023,-71.0825832,16.659
686,179830784,1769565013071,20:50:13.071,42.3448023,-71.0825832,16.659
687,180092928,1769565013506,20:50:13.506,42.3448023,-71.0825832,16.659
688,180355072,1769565014062,20:50:14.062,42.3448023,-71.0825832,16.659
689,180617216,1769565014543,20:50:14.543,42.3448023,-71.0825832,16.659
690,180879360,1769565014910,20:50:14.910,42.3448023,-71.0825832,16.659
691,181141504,1769565015316,20:50:15.316,42.3448023,-71.0825832,16.659
692,181403648,1769565015750,20:50:15.750,42.3448023,-71.0825832,16.659
693,181665792,1769565016307,20:50:16.307,42.3448023,-71.0825832,16.659
694,181927936,1769565016777,20:50:16.777,42.3448023,-71.0825832,16.659
695,182190080,1769565017150,20:50:17.150,42.3448023,-71.0825832,16.659
696,182452224,1769565017623,20:50:17.623,42.3448023,-71.0825832,16.659
697,182714368,1769565018257,20:50:18.257,42.3448023,-71.0825832,16.659
698,182976512,1769565018705,20:50:18.705,42.3448023,-71.0825832,16.659
699,183238656,1769565019232,20:50:19.232,42.3448023,-71.0825832,16.659
700,183500800,1769565019679,20:50:19.679,42.3448023,-71.0825832,16.659
701,183762944,1769565020158,20:50:20.158,42.3448023,-71.0825832,16.659
702,184025088,1769565020645,20:50:20.645,42.3448023,-71.0825832,16.659
703,184287232,1769565021072,20:50:21.072,42.3448023,-71.0825832,16.659
704,184549376,1769565021520,20:50:21.520,42.3448023,-71.0825832,16.659
705,184811520,1769565021967,20:50:21.967,42.3448023,-71.0825832,16.659
706,185073664,1769565022624,20:50:22.624,42.3448023,-71.0825832,16.659
707,185335808,1769565023028,20:50:23.028,42.3448023,-71.0825832,16.659
708,185597952,1769565023444,20:50:23.444,42.3448023,-71.0825832,16.659
709,185860096,1769565023819,20:50:23.819,42.3448023,-71.0825832,16.659
710,186122240,1769565024201,20:50:24.201,42.3448023,-71.0825832,16.659
711,186384384,1769565024873,20:50:24.873,42.3448023,-71.0825832,16.659
712,186646528,1769565025134,20:50:25.134,42.3448023,-71.0825832,16.659
713,186908672,1769565025611,20:50:25.611,42.3448023,-71.0825832,16.659
714,187170816,1769565026058,20:50:26.058,42.3448023,-71.0825832,16.659
715,187432960,1769565026610,20:50:26.610,42.3448023,-71.0825832,16.659
716,187695104,1769565027101,20:50:27.101,42.3448023,-71.0825832,16.659
717,187957248,1769565027582,20:50:27.582,42.3448023,-71.0825832,16.659
718,188219392,1769565028041,20:50:28.041,42.3448023,-71.0825832,16.659
719,188481536,1769565028578,20:50:28.578,42.3448023,-71.0825832,16.659
720,188743680,1769565028986,20:50:28.986,42.3448023,-71.0825832,16.659
721,189005824,1769565029288,20:50:29.288,42.3448023,-71.0825832,16.659
722,189267968,1769565029698,20:50:29.698,42.3448023,-71.0825832,16.659
723,189530112,1769565030114,20:50:30.114,42.3448023,-71.0825832,16.659
724,189792256,1769565030496,20:50:30.496,42.3448023,-71.0825832,16.659
725,190054400,1769565030861,20:50:30.861,42.3448023,-71.0825832,16.659
726,190316544,1769565031233,20:50:31.233,42.3448023,-71.0825832,16.659
727,190578688,1769565031592,20:50:31.592,42.3448023,-71.0825832,16.659
728,190840832,1769565031970,20:50:31.970,42.3448023,-71.0825832,16.659
729,191102976,1769565032318,20:50:32.318,42.3448023,-71.0825832,16.659
730,191365120,1769565032666,20:50:32.666,42.3448023,-71.0825832,16.659
731,191627264,1769565032998,20:50:32.998,42.3448023,-71.0825832,16.659
732,191889408,1769565033302,20:50:33.302,42.3448023,-71.0825832,16.659
733,192151552,1769565033635,20:50:33.635,42.3448023,-71.0825832,16.659
734,192413696,1769565033991,20:50:33.991,42.3448023,-71.0825832,16.659
735,192675840,1769565034342,20:50:34.342,42.3448023,-71.0825832,16.659
736,192937984,1769565034692,20:50:34.692,42.3448023,-71.0825832,16.659
737,193200128,1769565035048,20:50:35.048,42.3448023,-71.0825832,16.659
738,193462272,1769565035445,20:50:35.445,42.3448023,-71.0825832,16.659
739,193724416,1769565035751,20:50:35.751,42.3448023,-71.0825832,16.659
740,193986560,1769565036101,20:50:36.101,42.3448023,-71.0825832,16.659
741,194248704,1769565036453,20:50:36.453,42.3448023,-71.0825832,16.659
742,194510848,1769565036806,20:50:36.806,42.3448023,-71.0825832,16.659
743,194772992,1769565037155,20:50:37.155,42.3448023,-71.0825832,16.659
744,195035136,1769565037517,20:50:37.517,42.3448023,-71.0825832,16.659
745,195297280,1769565037886,20:50:37.886,42.3448023,-71.0825832,16.659
746,195559424,1769565038183,20:50:38.183,42.3448023,-71.0825832,16.659
747,195821568,1769565038695,20:50:38.695,42.3448023,-71.0825832,16.659
748,196083712,1769565039180,20:50:39.180,42.3448023,-71.0825832,16.659
749,196345856,1769565039622,20:50:39.622,42.3448023,-71.0825832,16.659
750,196608000,1769565040160,20:50:40.160,42.3448023,-71.0825832,16.659
751,196870144,1769565040609,20:50:40.609,42.3448023,-71.0825832,16.659
752,197132288,1769565040885,20:50:40.885,42.3448023,-71.0825832,16.659
753,197394432,1769565041233,20:50:41.233,42.3448023,-71.0825832,16.659
754,197656576,1769565041649,20:50:41.649,42.3448023,-71.0825832,16.659
755,197918720,1769565042087,20:50:42.087,42.3448023,-71.0825832,16.659
756,198180864,1769565042507,20:50:42.507,42.3448023,-71.0825832,16.659
757,198443008,1769565042857,20:50:42.857,42.3448023,-71.0825832,16.659
758,198705152,1769565043278,20:50:43.278,42.3448023,-71.0825832,16.659
759,198967296,1769565043668,20:50:43.668,42.3448023,-71.0825832,16.659
760,199229440,1769565044105,20:50:44.105,42.3448023,-71.0825832,16.659
761,199491584,1769565044648,20:50:44.648,42.3448023,-71.0825832,16.659
762,199753728,1769565045201,20:50:45.201,42.3448023,-71.0825832,16.659
763,200015872,1769565045647,20:50:45.647,42.3448023,-71.0825832,16.659
764,200278016,1769565046148,20:50:46.148,42.3448023,-71.0825832,16.659
765,200540160,1769565046682,20:50:46.682,42.3448023,-71.0825832,16.659
766,200802304,1769565047128,20:50:47.128,42.3448023,-71.0825832,16.659
767,201064448,1769565047654,20:50:47.654,42.3448023,-71.0825832,16.659
768,201326592,1769565048187,20:50:48.187,42.3448023,-71.0825832,16.659
769,201588736,1769565048653,20:50:48.653,42.3448023,-71.0825832,16.659
770,201850880,1769565049052,20:50:49.052,42.3448023,-71.0825832,16.659
771,202113024,1769565049576,20:50:49.576,42.3448023,-71.0825832,16.659
772,202375168,1769565050038,20:50:50.038,42.3448023,-71.0825832,16.659
773,202637312,1769565050670,20:50:50.670,42.3448023,-71.0825832,16.659
774,202899456,1769565051219,20:50:51.219,42.3448023,-71.0825832,16.659
775,203161600,1769565051706,20:50:51.706,42.3448023,-71.0825832,16.659
776,203423744,1769565052120,20:50:52.120,42.3448023,-71.0825832,16.659
777,203685888,1769565052631,20:50:52.631,42.3448023,-71.0825832,16.659
778,203948032,1769565052982,20:50:52.982,42.3448023,-71.0825832,16.659
779,204210176,1769565053459,20:50:53.459,42.3448023,-71.0825832,16.659
780,204472320,1769565053897,20:50:53.897,42.3448023,-71.0825832,16.659
781,204734464,1769565054394,20:50:54.394,42.3448023,-71.0825832,16.659
782,204996608,1769565055207,20:50:55.207,42.3448023,-71.0825832,16.659
783,205258752,1769565055493,20:50:55.493,42.3448023,-71.0825832,16.659
784,205520896,1769565055735,20:50:55.735,42.3448023,-71.0825832,16.659
785,205783040,1769565055981,20:50:55.981,42.3448023,-71.0825832,16.659
786,206045184,1769565056526,20:50:56.526,42.3448023,-71.0825832,16.659
787,206307328,1769565057028,20:50:57.028,42.3448023,-71.0825832,16.659
788,206569472,1769565057700,20:50:57.700,42.3448023,-71.0825832,16.659
789,206831616,1769565058262,20:50:58.262,42.3448023,-71.0825832,16.659
790,207093760,1769565058818,20:50:58.818,42.3448023,-71.0825832,16.659
791,207355904,1769565059414,20:50:59.414,42.3448023,-71.0825832,16.659
792,207618048,1769565059968,20:50:59.968,42.3448023,-71.0825832,16.659
793,207880192,1769565060671,20:51:00.671,42.3448023,-71.0825832,16.659
794,208142336,1769565061240,20:51:01.240,42.3448023,-71.0825832,16.659
795,208404480,1769565061881,20:51:01.881,42.3448023,-71.0825832,16.659
796,208666624,1769565062493,20:51:02.493,42.3448023,-71.0825832,16.659
797,208928768,1769565062889,20:51:02.889,42.3448023,-71.0825832,16.659
798,209190912,1769565063197,20:51:03.197,42.3448023,-71.0825832,16.659
799,209453056,1769565063547,20:51:03.547,42.3448023,-71.0825832,16.659
800,209715200,1769565063940,20:51:03.940,42.3448023,-71.0825832,16.659
801,209977344,1769565064370,20:51:04.370,42.3448023,-71.0825832,16.659
802,210239488,1769565064803,20:51:04.803,42.3448023,-71.0825832,16.659
803,210501632,1769565065186,20:51:05.186,42.3448023,-71.0825832,16.659
804,210763776,1769565065671,20:51:05.671,42.3448023,-71.0825832,16.659
805,211025920,1769565066137,20:51:06.137,42.3448023,-71.0825832,16.659
806,211288064,1769565066633,20:51:06.633,42.3448023,-71.0825832,16.659
807,211550208,1769565067036,20:51:07.036,42.3448023,-71.0825832,16.659
808,211812352,1769565067453,20:51:07.453,42.3448023,-71.0825832,16.659
809,212074496,1769565067808,20:51:07.808,42.3448023,-71.0825832,16.659
810,212336640,1769565068206,20:51:08.206,42.3448023,-71.0825832,16.659
811,212598784,1769565068633,20:51:08.633,42.3448023,-71.0825832,16.659
812,212860928,1769565068983,20:51:08.983,42.3448023,-71.0825832,16.659
813,213123072,1769565069338,20:51:09.338,42.3448023,-71.0825832,16.659
814,213385216,1769565069738,20:51:09.738,42.3448023,-71.0825832,16.659
815,213647360,1769565070091,20:51:10.091,42.3448023,-71.0825832,16.659
816,213909504,1769565070439,20:51:10.439,42.3448023,-71.0825832,16.659
817,214171648,1769565070804,20:51:10.804,42.3448023,-71.0825832,16.659
818,214433792,1769565071224,20:51:11.224,42.3448023,-71.0825832,16.659
819,214695936,1769565071664,20:51:11.664,42.3448023,-71.0825832,16.659
820,214958080,1769565072064,20:51:12.064,42.3448023,-71.0825832,16.659
821,215220224,1769565072502,20:51:12.502,42.3448023,-71.0825832,16.659
822,215482368,1769565072890,20:51:12.890,42.3448023,-71.0825832,16.659
823,215744512,1769565073238,20:51:13.238,42.3448023,-71.0825832,16.659
824,216006656,1769565073590,20:51:13.590,42.3448023,-71.0825832,16.659
825,216268800,1769565073964,20:51:13.964,42.3448023,-71.0825832,16.659
826,216530944,1769565074423,20:51:14.423,42.3448023,-71.0825832,16.659
827,216793088,1769565074815,20:51:14.815,42.3448023,-71.0825832,16.659
828,217055232,1769565075143,20:51:15.143,42.3448023,-71.0825832,16.659
829,217317376,1769565075577,20:51:15.577,42.3448023,-71.0825832,16.659
830,217579520,1769565075967,20:51:15.967,42.3448023,-71.0825832,16.659
831,217841664,1769565076426,20:51:16.426,42.3448023,-71.0825832,16.659
832,218103808,1769565076888,20:51:16.888,42.3448023,-71.0825832,16.659
833,218365952,1769565077145,20:51:17.145,42.3448023,-71.0825832,16.659
834,218628096,1769565077516,20:51:17.516,42.3448023,-71.0825832,16.659
835,218890240,1769565077897,20:51:17.897,42.3448023,-71.0825832,16.659
836,219152384,1769565078345,20:51:18.345,42.3448023,-71.0825832,16.659
837,219414528,1769565078761,20:51:18.761,42.3448023,-71.0825832,16.659
838,219676672,1769565079046,20:51:19.046,42.3448023,-71.0825832,16.659
839,219938816,1769565079397,20:51:19.397,42.3448023,-71.0825832,16.659
840,220200960,1769565079747,20:51:19.747,42.3448023,-71.0825832,16.659
841,220463104,1769565080097,20:51:20.097,42.3448023,-71.0825832,16.659
842,220725248,1769565080447,20:51:20.447,42.3448023,-71.0825832,16.659
843,220987392,1769565080800,20:51:20.800,42.3448023,-71.0825832,16.659
844,221249536,1769565081158,20:51:21.158,42.3448023,-71.0825832,16.659
845,221511680,1769565081501,20:51:21.501,42.3448023,-71.0825832,16.659
846,221773824,1769565081857,20:51:21.857,42.3448023,-71.0825832,16.659
847,222035968,1769565082201,20:51:22.201,42.3448023,-71.0825832,16.659
848,222298112,1769565082560,20:51:22.560,42.3448023,-71.0825832,16.659
849,222560256,1769565082912,20:51:22.912,42.3448023,-71.0825832,16.659
850,222822400,1769565083262,20:51:23.262,42.3448023,-71.0825832,16.659
851,223084544,1769565083612,20:51:23.612,42.3448023,-71.0825832,16.659
852,223346688,1769565083963,20:51:23.963,42.3448023,-71.0825832,16.659
853,223608832,1769565084339,20:51:24.339,42.3448023,-71.0825832,16.659
854,223870976,1769565084695,20:51:24.695,42.3448023,-71.0825832,16.659
855,224133120,1769565085047,20:51:25.047,42.3448023,-71.0825832,16.659
856,224395264,1769565085915,20:51:25.915,42.3448023,-71.0825832,16.659
857,224657408,1769565086172,20:51:26.172,42.3448023,-71.0825832,16.659
858,224919552,1769565086420,20:51:26.420,42.3448023,-71.0825832,16.659
859,225181696,1769565086677,20:51:26.677,42.3448023,-71.0825832,16.659
860,225443840,1769565086933,20:51:26.933,42.3448023,-71.0825832,16.659
861,225705984,1769565087217,20:51:27.217,42.3448023,-71.0825832,16.659
862,225968128,1769565087563,20:51:27.563,42.3448023,-71.0825832,16.659
863,226230272,1769565087902,20:51:27.902,42.3448023,-71.0825832,16.659
864,226492416,1769565088212,20:51:28.212,42.3448023,-71.0825832,16.659
865,226754560,1769565088562,20:51:28.562,42.3448023,-71.0825832,16.659
866,227016704,1769565088914,20:51:28.914,42.3448023,-71.0825832,16.659
867,227278848,1769565089263,20:51:29.263,42.3448023,-71.0825832,16.659
868,227540992,1769565089616,20:51:29.616,42.3448023,-71.0825832,16.659
869,227803136,1769565090060,20:51:30.060,42.3448023,-71.0825832,16.659
870,228065280,1769565090420,20:51:30.420,42.3448023,-71.0825832,16.659
871,228327424,1769565090831,20:51:30.831,42.3448023,-71.0825832,16.659
872,228589568,1769565091277,20:51:31.277,42.3448023,-71.0825832,16.659
873,228851712,1769565091667,20:51:31.667,42.3448023,-71.0825832,16.659
874,229113856,1769565092056,20:51:32.056,42.3448023,-71.0825832,16.659
875,229376000,1769565092484,20:51:32.484,42.3448023,-71.0825832,16.659
876,229638144,1769565092774,20:51:32.774,42.3448023,-71.0825832,16.659
877,229900288,1769565093122,20:51:33.122,42.3448023,-71.0825832,16.659
878,230162432,1769565093613,20:51:33.613,42.3448023,-71.0825832,16.659
879,230424576,1769565094272,20:51:34.272,42.3448023,-71.0825832,16.659
880,230686720,1769565094816,20:51:34.816,42.3448023,-71.0825832,16.659
881,230948864,1769565095408,20:51:35.408,42.3448023,-71.0825832,16.659
882,231211008,1769565095894,20:51:35.894,42.3448023,-71.0825832,16.659
883,231473152,1769565096449,20:51:36.449,42.3448023,-71.0825832,16.659
884,231735296,1769565097022,20:51:37.022,42.3448023,-71.0825832,16.659
885,231997440,1769565097537,20:51:37.537,42.3448023,-71.0825832,16.659
886,232259584,1769565098293,20:51:38.293,42.3448023,-71.0825832,16.659
887,232521728,1769565098873,20:51:38.873,42.3448023,-71.0825832,16.659
888,232783872,1769565099602,20:51:39.602,42.3448023,-71.0825832,16.659
889,233046016,1769565100357,20:51:40.357,42.3448023,-71.0825832,16.659
890,233308160,1769565100880,20:51:40.880,42.3448023,-71.0825832,16.659
891,233570304,1769565101772,20:51:41.772,42.3448023,-71.0825832,16.659
892,233832448,1769565102734,20:51:42.734,42.3448023,-71.0825832,16.659
893,234094592,1769565103211,20:51:43.211,42.3448023,-71.0825832,16.659
894,234356736,1769565103576,20:51:43.576,42.3448023,-71.0825832,16.659
895,234618880,1769565104077,20:51:44.077,42.3448023,-71.0825832,16.659
896,234881024,1769565104676,20:51:44.676,42.3448023,-71.0825832,16.659
897,235143168,1769565105107,20:51:45.107,42.3448023,-71.0825832,16.659
898,235405312,1769565105514,20:51:45.514,42.3448023,-71.0825832,16.659
899,235667456,1769565105996,20:51:45.996,42.3448023,-71.0825832,16.659
900,235929600,1769565106534,20:51:46.534,42.3448023,-71.0825832,16.659
901,236191744,1769565107016,20:51:47.016,42.3448023,-71.0825832,16.659
902,236453888,1769565107447,20:51:47.447,42.3448023,-71.0825832,16.659
903,236716032,1769565107817,20:51:47.817,42.3448023,-71.0825832,16.659
904,236978176,1769565108311,20:51:48.311,42.3448023,-71.0825832,16.659
905,237240320,1769565108790,20:51:48.790,42.3448023,-71.0825832,16.659
906,237502464,1769565109153,20:51:49.153,42.3448023,-71.0825832,16.659
907,237764608,1769565109549,20:51:49.549,42.3448023,-71.0825832,16.659
908,238026752,1769565110046,20:51:50.046,42.3448023,-71.0825832,16.659
909,238288896,1769565110507,20:51:50.507,42.3448023,-71.0825832,16.659
910,238551040,1769565111068,20:51:51.068,42.3448023,-71.0825832,16.659
911,238813184,1769565111565,20:51:51.565,42.3448023,-71.0825832,16.659
912,239075328,1769565112042,20:51:52.042,42.3448023,-71.0825832,16.659
913,239337472,1769565112562,20:51:52.562,42.3448023,-71.0825832,16.659
914,239599616,1769565112974,20:51:52.974,42.3448023,-71.0825832,16.659
915,239861760,1769565113456,20:51:53.456,42.3448023,-71.0825832,16.659
916,240123904,1769565113956,20:51:53.956,42.3448023,-71.0825832,16.659
917,240386048,1769565114654,20:51:54.654,42.3448023,-71.0825832,16.659
918,240648192,1769565115113,20:51:55.113,42.3448023,-71.0825832,16.659
919,240910336,1769565116136,20:51:56.136,42.3448023,-71.0825832,16.659
920,241172480,1769565116393,20:51:56.393,42.3448023,-71.0825832,16.659
921,241434624,1769565116639,20:51:56.639,42.3448023,-71.0825832,16.659
922,241696768,1769565117065,20:51:57.065,42.3448023,-71.0825832,16.659
923,241958912,1769565117593,20:51:57.593,42.3448023,-71.0825832,16.659
924,242221056,1769565118080,20:51:58.080,42.3448023,-71.0825832,16.659
925,242483200,1769565118617,20:51:58.617,42.3448023,-71.0825832,16.659
926,242745344,1769565119066,20:51:59.066,42.3448023,-71.0825832,16.659
927,243007488,1769565119754,20:51:59.754,42.3448023,-71.0825832,16.659
928,243269632,1769565120341,20:52:00.341,42.3448023,-71.0825832,16.659
929,243531776,1769565120888,20:52:00.888,42.3448023,-71.0825832,16.659
930,243793920,1769565121533,20:52:01.533,42.3448023,-71.0825832,16.659
931,244056064,1769565122219,20:52:02.219,42.3448023,-71.0825832,16.659
932,244318208,1769565122733,20:52:02.733,42.3448023,-71.0825832,16.659
933,244580352,1769565123116,20:52:03.116,42.3448023,-71.0825832,16.659
934,244842496,1769565123601,20:52:03.601,42.3448023,-71.0825832,16.659
935,245104640,1769565124078,20:52:04.078,42.3448023,-71.0825832,16.659
936,245366784,1769565124568,20:52:04.568,42.3448023,-71.0825832,16.659
937,245628928,1769565125021,20:52:05.021,42.3448023,-71.0825832,16.659
938,245891072,1769565125504,20:52:05.504,42.3448023,-71.0825832,16.659
939,246153216,1769565125941,20:52:05.941,42.3448023,-71.0825832,16.659
940,246415360,1769565126373,20:52:06.373,42.3448023,-71.0825832,16.659
941,246677504,1769565126789,20:52:06.789,42.3448023,-71.0825832,16.659
942,246939648,1769565127173,20:52:07.173,42.3448023,-71.0825832,16.659
943,247201792,1769565127663,20:52:07.663,42.3448023,-71.0825832,16.659
944,247463936,1769565128154,20:52:08.154,42.3448023,-71.0825832,16.659
945,247726080,1769565128765,20:52:08.765,42.3448023,-71.0825832,16.659
946,247988224,1769565129216,20:52:09.216,42.3448023,-71.0825832,16.659
947,248250368,1769565129638,20:52:09.638,42.3448023,-71.0825832,16.659
948,248512512,1769565130089,20:52:10.089,42.3448023,-71.0825832,16.659
949,248774656,1769565130618,20:52:10.618,42.3448023,-71.0825832,16.659
950,249036800,1769565131038,20:52:11.038,42.3448023,-71.0825832,16.659
951,249298944,1769565131461,20:52:11.461,42.3448023,-71.0825832,16.659
952,249561088,1769565131900,20:52:11.900,42.3448023,-71.0825832,16.659
953,249823232,1769565132290,20:52:12.290,42.3448023,-71.0825832,16.659
954,250085376,1769565132775,20:52:12.775,42.3448023,-71.0825832,16.659
955,250347520,1769565133149,20:52:13.149,42.3448023,-71.0825832,16.659
956,250609664,1769565133475,20:52:13.475,42.3448023,-71.0825832,16.659
957,250871808,1769565133830,20:52:13.830,42.3448023,-71.0825832,16.659
958,251133952,1769565134180,20:52:14.180,42.3448023,-71.0825832,16.659
959,251396096,1769565134529,20:52:14.529,42.3448023,-71.0825832,16.659
960,251658240,1769565134921,20:52:14.921,42.3448023,-71.0825832,16.659
961,251920384,1769565135233,20:52:15.233,42.3448023,-71.0825832,16.659
962,252182528,1769565135583,20:52:15.583,42.3448023,-71.0825832,16.659
963,252444672,1769565135933,20:52:15.933,42.3448023,-71.0825832,16.659
964,252706816,1769565136285,20:52:16.285,42.3448023,-71.0825832,16.659
965,252968960,1769565136637,20:52:16.637,42.3448023,-71.0825832,16.659
966,253231104,1769565136988,20:52:16.988,42.3448023,-71.0825832,16.659
967,253493248,1769565137339,20:52:17.339,42.3448023,-71.0825832,16.659
968,253755392,1769565137687,20:52:17.687,42.3448023,-71.0825832,16.659
969,254017536,1769565138036,20:52:18.036,42.3448023,-71.0825832,16.659
970,254279680,1769565138523,20:52:18.523,42.3448023,-71.0825832,16.659
971,254541824,1769565139020,20:52:19.020,42.3448023,-71.0825832,16.659
972,254803968,1769565139522,20:52:19.522,42.3448023,-71.0825832,16.659
973,255066112,1769565140115,20:52:20.115,42.3448023,-71.0825832,16.659
974,255328256,1769565140777,20:52:20.777,42.3448023,-71.0825832,16.659
975,255590400,1769565141423,20:52:21.423,42.3448023,-71.0825832,16.659
976,255852544,1769565141996,20:52:21.996,42.3448023,-71.0825832,16.659
977,256114688,1769565142905,20:52:22.905,42.3448023,-71.0825832,16.659
978,256376832,1769565143923,20:52:23.923,42.3448023,-71.0825832,16.659
979,256638976,1769565144897,20:52:24.897,42.3448023,-71.0825832,16.659
980,256901120,1769565145644,20:52:25.644,42.3448023,-71.0825832,16.659
981,257163264,1769565146942,20:52:26.942,42.3448023,-71.0825832,16.659
982,257425408,1769565147326,20:52:27.326,42.3448023,-71.0825832,16.659
983,257687552,1769565147890,20:52:27.890,42.3448023,-71.0825832,16.659
984,257949696,1769565148390,20:52:28.390,42.3448023,-71.0825832,16.659
985,258211840,1769565149001,20:52:29.001,42.3448023,-71.0825832,16.659
986,258473984,1769565149547,20:52:29.547,42.3448023,-71.0825832,16.659
987,258736128,1769565150049,20:52:30.049,42.3448023,-71.0825832,16.659
988,258998272,1769565150694,20:52:30.694,42.3448023,-71.0825832,16.659
989,259260416,1769565151174,20:52:31.174,42.3448023,-71.0825832,16.659
990,259522560,1769565151733,20:52:31.733,42.3448023,-71.0825832,16.659
991,259784704,1769565152224,20:52:32.224,42.3448023,-71.0825832,16.659
992,260046848,1769565152680,20:52:32.680,42.3448023,-71.0825832,16.659
993,260308992,1769565153034,20:52:33.034,42.3448023,-71.0825832,16.659
994,260571136,1769565153410,20:52:33.410,42.3448023,-71.0825832,16.659
995,260833280,1769565153891,20:52:33.891,42.3448023,-71.0825832,16.659
996,261095424,1769565154344,20:52:34.344,42.3448023,-71.0825832,16.659
997,261357568,1769565154746,20:52:34.746,42.3448023,-71.0825832,16.659
998,261619712,1769565155186,20:52:35.186,42.3448023,-71.0825832,16.659
999,261881856,1769565155645,20:52:35.645,42.3448023,-71.0825832,16.659
1000,262144000,1769565156035,20:52:36.035,42.3448023,-71.0825832,16.659
1001,262406144,1769565156429,20:52:36.429,42.3448023,-71.0825832,16.659
1002,262668288,1769565156822,20:52:36.822,42.3448023,-71.0825832,16.659
1003,262930432,1769565157238,20:52:37.238,42.3448023,-71.0825832,16.659
1004,263192576,1769565157631,20:52:37.631,42.3448023,-71.0825832,16.659
1005,263454720,1769565157991,20:52:37.991,42.3448023,-71.0825832,16.659
1006,263716864,1769565158380,20:52:38.380,42.3448023,-71.0825832,16.659
1007,263979008,1769565158697,20:52:38.697,42.3448023,-71.0825832,16.659
1008,264241152,1769565159087,20:52:39.087,42.3448023,-71.0825832,16.659
1009,264503296,1769565159439,20:52:39.439,42.3448023,-71.0825832,16.659
1010,264765440,1769565159808,20:52:39.808,42.3448023,-71.0825832,16.659
1011,265027584,1769565160222,20:52:40.222,42.3448023,-71.0825832,16.659
1012,265289728,1769565160570,20:52:40.570,42.3448023,-71.0825832,16.659
1013,265551872,1769565160921,20:52:40.921,42.3448023,-71.0825832,16.659
1014,265814016,1769565161271,20:52:41.271,42.3448023,-71.0825832,16.659
1015,266076160,1769565161622,20:52:41.622,42.3448023,-71.0825832,16.659
1016,266338304,1769565161982,20:52:41.982,42.3448023,-71.0825832,16.659
1017,266600448,1769565162351,20:52:42.351,42.3448023,-71.0825832,16.659
1018,266862592,1769565162725,20:52:42.725,42.3448023,-71.0825832,16.659
1019,267124736,1769565163045,20:52:43.045,42.3448023,-71.0825832,16.659
1020,267386880,1769565163461,20:52:43.461,42.3448023,-71.0825832,16.659
1021,267649024,1769565163877,20:52:43.877,42.3448023,-71.0825832,16.659
1022,267911168,1769565164322,20:52:44.322,42.3448023,-71.0825832,16.659
1023,268173312,1769565164873,20:52:44.873,42.3448023,-71.0825832,16.659
1024,268435456,1769565165272,20:52:45.272,42.3448023,-71.0825832,16.659
1025,268697600,1769565165621,20:52:45.621,42.3448023,-71.0825832,16.659
1026,268959744,1769565166061,20:52:46.061,42.3448023,-71.0825832,16.659
1027,269221888,1769565166457,20:52:46.457,42.3448023,-71.0825832,16.659
1028,269484032,1769565166861,20:52:46.861,42.3448023,-71.0825832,16.659
1029,269746176,1769565167363,20:52:47.363,42.3448023,-71.0825832,16.659
1030,270008320,1769565167981,20:52:47.981,42.3448023,-71.0825832,16.659
1031,270270464,1769565168707,20:52:48.707,42.3448023,-71.0825832,16.659
1032,270532608,1769565169282,20:52:49.282,42.3448023,-71.0825832,16.659
1033,270794752,1769565169952,20:52:49.952,42.3448023,-71.0825832,16.659
1034,271056896,1769565170607,20:52:50.607,42.3448023,-71.0825832,16.659
1035,271319040,1769565171123,20:52:51.123,42.3448023,-71.0825832,16.659
1036,271581184,1769565171610,20:52:51.610,42.3448023,-71.0825832,16.659
1037,271843328,1769565172161,20:52:52.161,42.3448023,-71.0825832,16.659
1038,272105472,1769565172618,20:52:52.618,42.3448023,-71.0825832,16.659
1039,272367616,1769565173027,20:52:53.027,42.3448023,-71.0825832,16.659
1040,272629760,1769565173407,20:52:53.407,42.3448023,-71.0825832,16.659
1041,272891904,1769565173736,20:52:53.736,42.3448023,-71.0825832,16.659
1042,273154048,1769565174134,20:52:54.134,42.3448023,-71.0825832,16.659
1043,273416192,1769565174509,20:52:54.509,42.3448023,-71.0825832,16.659
1044,273678336,1769565174958,20:52:54.958,42.3448023,-71.0825832,16.659
1045,273940480,1769565175345,20:52:55.345,42.3448023,-71.0825832,16.659
1046,274202624,1769565175727,20:52:55.727,42.3448023,-71.0825832,16.659
1047,274464768,1769565176179,20:52:56.179,42.3448023,-71.0825832,16.659
1048,274726912,1769565177647,20:52:57.647,42.3448023,-71.0825832,16.659
1049,274989056,1769565177916,20:52:57.916,42.3448023,-71.0825832,16.659
1050,275251200,1769565178169,20:52:58.169,42.3448023,-71.0825832,16.659
1051,275513344,1769565178427,20:52:58.427,42.3448023,-71.0825832,16.659
1052,275775488,1769565178667,20:52:58.667,42.3448023,-71.0825832,16.659
1053,276037632,1769565178894,20:52:58.894,42.3448023,-71.0825832,16.659
1054,276299776,1769565179137,20:52:59.137,42.3448023,-71.0825832,16.659
1055,276561920,1769565179394,20:52:59.394,42.3448023,-71.0825832,16.659
1056,276824064,1769565179657,20:52:59.657,42.3448023,-71.0825832,16.659
1057,277086208,1769565179945,20:52:59.945,42.3448023,-71.0825832,16.659
1058,277348352,1769565180396,20:53:00.396,42.3448023,-71.0825832,16.659
1059,277610496,1769565180823,20:53:00.823,42.3448023,-71.0825832,16.659
1060,277872640,1769565181205,20:53:01.205,42.3448023,-71.0825832,16.659
1061,278134784,1769565181566,20:53:01.566,42.3448023,-71.0825832,16.659
1062,278396928,1769565181907,20:53:01.907,42.3448023,-71.0825832,16.659
1063,278659072,1769565182285,20:53:02.285,42.3448023,-71.0825832,16.659
1064,278921216,1769565182664,20:53:02.664,42.3448023,-71.0825832,16.659
1065,279183360,1769565183017,20:53:03.017,42.3448023,-71.0825832,16.659
1066,279445504,1769565183370,20:53:03.370,42.3448023,-71.0825832,16.659
1067,279707648,1769565183722,20:53:03.722,42.3448023,-71.0825832,16.659
1068,279969792,1769565184071,20:53:04.071,42.3448023,-71.0825832,16.659
1069,280231936,1769565184422,20:53:04.422,42.3448023,-71.0825832,16.659
1070,280494080,1769565184773,20:53:04.773,42.3448023,-71.0825832,16.659
1071,280756224,1769565185124,20:53:05.124,42.3448023,-71.0825832,16.659
1072,281018368,1769565185473,20:53:05.473,42.3448023,-71.0825832,16.659
1073,281280512,1769565185823,20:53:05.823,42.3448023,-71.0825832,16.659
1074,281542656,1769565186175,20:53:06.175,42.3448023,-71.0825832,16.659
1075,281804800,1769565186564,20:53:06.564,42.3448023,-71.0825832,16.659
1076,282066944,1769565186875,20:53:06.875,42.3448023,-71.0825832,16.659
1077,282329088,1769565187227,20:53:07.227,42.3448023,-71.0825832,16.659
1078,282591232,1769565187662,20:53:07.662,42.3448023,-71.0825832,16.659
1079,282853376,1769565188014,20:53:08.014,42.3448023,-71.0825832,16.659
1080,283115520,1769565188364,20:53:08.364,42.3448023,-71.0825832,16.659
1081,283377664,1769565188714,20:53:08.714,42.3448023,-71.0825832,16.659
1082,283639808,1769565189066,20:53:09.066,42.3448023,-71.0825832,16.659
1083,283901952,1769565189415,20:53:09.415,42.3448023,-71.0825832,16.659
1084,284164096,1769565189765,20:53:09.765,42.3448023,-71.0825832,16.659
1085,284426240,1769565190171,20:53:10.171,42.3448023,-71.0825832,16.659
1086,284688384,1769565190631,20:53:10.631,42.3448023,-71.0825832,16.659
1087,284950528,1769565191018,20:53:11.018,42.3448023,-71.0825832,16.659
1088,285212672,1769565191462,20:53:11.462,42.3448023,-71.0825832,16.659
1089,285474816,1769565191984,20:53:11.984,42.3448023,-71.0825832,16.659
1090,285736960,1769565192737,20:53:12.737,42.3448023,-71.0825832,16.659
1091,285999104,1769565193331,20:53:13.331,42.3448023,-71.0825832,16.659
1092,286261248,1769565194186,20:53:14.186,42.3448023,-71.0825832,16.659
1093,286523392,1769565194968,20:53:14.968,42.3448023,-71.0825832,16.659
1094,286785536,1769565195556,20:53:15.556,42.3448023,-71.0825832,16.659
1095,287047680,1769565196229,20:53:16.229,42.3448023,-71.0825832,16.659
1096,287309824,1769565196699,20:53:16.699,42.3448023,-71.0825832,16.659
1097,287571968,1769565197111,20:53:17.111,42.3448023,-71.0825832,16.659
1098,287834112,1769565197524,20:53:17.524,42.3448023,-71.0825832,16.659
1099,288096256,1769565197870,20:53:17.870,42.3448023,-71.0825832,16.659
1100,288358400,1769565198221,20:53:18.221,42.3448023,-71.0825832,16.659
1101,288620544,1769565198571,20:53:18.571,42.3448023,-71.0825832,16.659
1102,288882688,1769565198954,20:53:18.954,42.3448023,-71.0825832,16.659
1103,289144832,1769565199302,20:53:19.302,42.3448023,-71.0825832,16.659
1104,289406976,1769565199653,20:53:19.653,42.3448023,-71.0825832,16.659
1105,289669120,1769565200004,20:53:20.004,42.3448023,-71.0825832,16.659
1106,289931264,1769565200360,20:53:20.360,42.3448023,-71.0825832,16.659
1107,290193408,1769565200796,20:53:20.796,42.3448023,-71.0825832,16.659
1108,290455552,1769565201149,20:53:21.149,42.3448023,-71.0825832,16.659
1109,290717696,1769565201540,20:53:21.540,42.3448023,-71.0825832,16.659
1110,290979840,1769565202042,20:53:22.042,42.3448023,-71.0825832,16.659
1111,291241984,1769565202595,20:53:22.595,42.3448023,-71.0825832,16.659
1112,291504128,1769565203077,20:53:23.077,42.3448023,-71.0825832,16.659
1113,291766272,1769565203493,20:53:23.493,42.3448023,-71.0825832,16.659
1114,292028416,1769565203971,20:53:23.971,42.3448023,-71.0825832,16.659
1115,292290560,1769565204453,20:53:24.453,42.3448023,-71.0825832,16.659
1116,292552704,1769565204824,20:53:24.824,42.3448023,-71.0825832,16.659
1117,292814848,1769565205224,20:53:25.224,42.3448023,-71.0825832,16.659
1118,293076992,1769565205662,20:53:25.662,42.3448023,-71.0825832,16.659
1119,293339136,1769565206130,20:53:26.130,42.3448023,-71.0825832,16.659
1120,293601280,1769565206693,20:53:26.693,42.3448023,-71.0825832,16.659
1121,293863424,1769565208136,20:53:28.136,42.3448023,-71.0825832,16.659
1122,294125568,1769565208418,20:53:28.418,42.3448023,-71.0825832,16.659
1123,294387712,1769565208665,20:53:28.665,42.3448023,-71.0825832,16.659
1124,294649856,1769565208916,20:53:28.916,42.3448023,-71.0825832,16.659
1125,294912000,1769565209176,20:53:29.176,42.3448023,-71.0825832,16.659
1126,295174144,1769565209464,20:53:29.464,42.3448023,-71.0825832,16.659
1127,295436288,1769565209936,20:53:29.936,42.3448023,-71.0825832,16.659
1128,295698432,1769565210372,20:53:30.372,42.3448023,-71.0825832,16.659
1129,295960576,1769565210858,20:53:30.858,42.3448023,-71.0825832,16.659
1130,296222720,1769565211330,20:53:31.330,42.3448023,-71.0825832,16.659
1131,296484864,1769565211786,20:53:31.786,42.3448023,-71.0825832,16.659
1132,296747008,1769565212295,20:53:32.295,42.3448023,-71.0825832,16.659
1133,297009152,1769565212858,20:53:32.858,42.3448023,-71.0825832,16.659
1134,297271296,1769565213423,20:53:33.423,42.3448023,-71.0825832,16.659
1135,297533440,1769565213983,20:53:33.983,42.3448023,-71.0825832,16.659
1136,297795584,1769565214606,20:53:34.606,42.3448023,-71.0825832,16.659
1137,298057728,1769565215121,20:53:35.121,42.3448023,-71.0825832,16.659
1138,298319872,1769565215661,20:53:35.661,42.3448023,-71.0825832,16.659
1139,298582016,1769565216244,20:53:36.244,42.3448023,-71.0825832,16.659
1140,298844160,1769565216929,20:53:36.929,42.3448023,-71.0825832,16.659
1141,299106304,1769565217380,20:53:37.380,42.3448023,-71.0825832,16.659
1142,299368448,1769565217771,20:53:37.771,42.3448023,-71.0825832,16.659
1143,299630592,1769565218168,20:53:38.168,42.3448023,-71.0825832,16.659
1144,299892736,1769565218542,20:53:38.542,42.3448023,-71.0825832,16.659
1145,300154880,1769565218936,20:53:38.936,42.3448023,-71.0825832,16.659
1146,300417024,1769565219288,20:53:39.288,42.3448023,-71.0825832,16.659
1147,300679168,1769565219638,20:53:39.638,42.3448023,-71.0825832,16.659
1148,300941312,1769565219988,20:53:39.988,42.3448023,-71.0825832,16.659
1149,301203456,1769565220379,20:53:40.379,42.3448023,-71.0825832,16.659
1150,301465600,1769565220741,20:53:40.741,42.3448023,-71.0825832,16.659
1151,301727744,1769565221106,20:53:41.106,42.3448023,-71.0825832,16.659
1152,301989888,1769565221443,20:53:41.443,42.3448023,-71.0825832,16.659
1153,302252032,1769565221820,20:53:41.820,42.3448023,-71.0825832,16.659
1154,302514176,1769565222145,20:53:42.145,42.3448023,-71.0825832,16.659
1155,302776320,1769565222517,20:53:42.517,42.3448023,-71.0825832,16.659
1156,303038464,1769565222857,20:53:42.857,42.3448023,-71.0825832,16.659
1157,303300608,1769565223209,20:53:43.209,42.3448023,-71.0825832,16.659
1158,303562752,1769565223560,20:53:43.560,42.3448023,-71.0825832,16.659
1159,303824896,1769565223910,20:53:43.910,42.3448023,-71.0825832,16.659
1160,304087040,1769565224261,20:53:44.261,42.3448023,-71.0825832,16.659
1161,304349184,1769565224610,20:53:44.610,42.3448023,-71.0825832,16.659
1162,304611328,1769565224963,20:53:44.963,42.3448023,-71.0825832,16.659
1163,304873472,1769565225358,20:53:45.358,42.3448023,-71.0825832,16.659
1164,305135616,1769565225742,20:53:45.742,42.3448023,-71.0825832,16.659
1165,305397760,1769565226151,20:53:46.151,42.3448023,-71.0825832,16.659
1166,305659904,1769565226525,20:53:46.525,42.3448023,-71.0825832,16.659
1167,305922048,1769565226886,20:53:46.886,42.3448023,-71.0825832,16.659
1168,306184192,1769565227306,20:53:47.306,42.3448023,-71.0825832,16.659
1169,306446336,1769565227693,20:53:47.693,42.3448023,-71.0825832,16.659
1170,306708480,1769565228037,20:53:48.037,42.3448023,-71.0825832,16.659
1171,306970624,1769565228402,20:53:48.402,42.3448023,-71.0825832,16.659
1172,307232768,1769565228855,20:53:48.855,42.3448023,-71.0825832,16.659
1173,307494912,1769565229298,20:53:49.298,42.3448023,-71.0825832,16.659
1174,307757056,1769565229634,20:53:49.634,42.3448023,-71.0825832,16.659
1175,308019200,1769565229983,20:53:49.983,42.3448023,-71.0825832,16.659
1176,308281344,1769565230374,20:53:50.374,42.3448023,-71.0825832,16.659
1177,308543488,1769565230900,20:53:50.900,42.3448023,-71.0825832,16.659
1178,308805632,1769565231301,20:53:51.301,42.3448023,-71.0825832,16.659
1179,309067776,1769565231684,20:53:51.684,42.3448023,-71.0825832,16.659
1180,309329920,1769565232095,20:53:52.095,42.3448023,-71.0825832,16.659
1181,309592064,1769565232517,20:53:52.517,42.3448023,-71.0825832,16.659
1182,309854208,1769565233103,20:53:53.103,42.3448023,-71.0825832,16.659
1183,310116352,1769565233522,20:53:53.522,42.3448023,-71.0825832,16.659
1184,310378496,1769565234029,20:53:54.029,42.3448023,-71.0825832,16.659
1185,310640640,1769565234586,20:53:54.586,42.3448023,-71.0825832,16.659
1186,310902784,1769565235218,20:53:55.218,42.3448023,-71.0825832,16.659
1187,311164928,1769565235777,20:53:55.777,42.3448023,-71.0825832,16.659
1188,311427072,1769565236361,20:53:56.361,42.3448023,-71.0825832,16.659
1189,311689216,1769565236868,20:53:56.868,42.3448023,-71.0825832,16.659
1190,311951360,1769565238500,20:53:58.500,42.3448023,-71.0825832,16.659
1191,312213504,1769565238788,20:53:58.788,42.3448023,-71.0825832,16.659
1192,312475648,1769565239026,20:53:59.026,42.3448023,-71.0825832,16.659
1193,312737792,1769565239300,20:53:59.300,42.3448023,-71.0825832,16.659
1194,312999936,1769565239540,20:53:59.540,42.3448023,-71.0825832,16.659
1195,313262080,1769565239787,20:53:59.787,42.3448023,-71.0825832,16.659
1196,313524224,1769565240049,20:54:00.049,42.3448023,-71.0825832,16.659
1197,313786368,1769565240297,20:54:00.297,42.3448023,-71.0825832,16.659
1198,314048512,1769565240535,20:54:00.535,42.3448023,-71.0825832,16.659
1199,314310656,1769565240859,20:54:00.859,42.3448023,-71.0825832,16.659
1200,314572800,1769565241210,20:54:01.210,42.3448023,-71.0825832,16.659
1201,314834944,1769565241560,20:54:01.560,42.3448023,-71.0825832,16.659
1202,315097088,1769565241910,20:54:01.910,42.3448023,-71.0825832,16.659
1203,315359232,1769565242262,20:54:02.262,42.3448023,-71.0825832,16.659
1204,315621376,1769565242616,20:54:02.616,42.3448023,-71.0825832,16.659
1205,315883520,1769565242954,20:54:02.954,42.3448023,-71.0825832,16.659
1206,316145664,1769565243306,20:54:03.306,42.3448023,-71.0825832,16.659
1207,316407808,1769565243656,20:54:03.656,42.3448023,-71.0825832,16.659
1208,316669952,1769565244031,20:54:04.031,42.3448023,-71.0825832,16.659
1209,316932096,1769565244397,20:54:04.397,42.3448023,-71.0825832,16.659
1210,317194240,1769565244747,20:54:04.747,42.3448023,-71.0825832,16.659
1211,317456384,1769565245125,20:54:05.125,42.3448023,-71.0825832,16.659
1212,317718528,1769565245448,20:54:05.448,42.3448023,-71.0825832,16.659
1213,317980672,1769565245800,20:54:05.800,42.3448023,-71.0825832,16.659
1214,318242816,1769565246156,20:54:06.156,42.3448023,-71.0825832,16.659
1215,318504960,1769565246555,20:54:06.555,42.3448023,-71.0825832,16.659
1216,318767104,1769565246910,20:54:06.910,42.3448023,-71.0825832,16.659
1217,319029248,1769565247319,20:54:07.319,42.3448023,-71.0825832,16.659
1218,319291392,1769565247698,20:54:07.698,42.3448023,-71.0825832,16.659
1219,319553536,1769565248048,20:54:08.048,42.3448023,-71.0825832,16.659
1220,319815680,1769565248399,20:54:08.399,42.3448023,-71.0825832,16.659
1221,320077824,1769565248749,20:54:08.749,42.3448023,-71.0825832,16.659
1222,320339968,1769565249100,20:54:09.100,42.3448023,-71.0825832,16.659
1223,320602112,1769565249451,20:54:09.451,42.3448023,-71.0825832,16.659
1224,320864256,1769565249801,20:54:09.801,42.3448023,-71.0825832,16.659
1225,321126400,1769565250162,20:54:10.162,42.3448023,-71.0825832,16.659
1226,321388544,1769565250612,20:54:10.612,42.3448023,-71.0825832,16.659
1227,321650688,1769565251071,20:54:11.071,42.3448023,-71.0825832,16.659
1228,321912832,1769565251423,20:54:11.423,42.3448023,-71.0825832,16.659
1229,322174976,1769565251785,20:54:11.785,42.3448023,-71.0825832,16.659
1230,322437120,1769565252128,20:54:12.128,42.3448023,-71.0825832,16.659
1231,322699264,1769565252496,20:54:12.496,42.3448023,-71.0825832,16.659
1232,322961408,1769565252846,20:54:12.846,42.3448023,-71.0825832,16.659
1233,323223552,1769565253197,20:54:13.197,42.3448023,-71.0825832,16.659
1234,323485696,1769565253546,20:54:13.546,42.3448023,-71.0825832,16.659
1235,323747840,1769565253938,20:54:13.938,42.3448023,-71.0825832,16.659
1236,324009984,1769565254249,20:54:14.249,42.3448023,-71.0825832,16.659
1237,324272128,1769565254598,20:54:14.598,42.3448023,-71.0825832,16.659
1238,324534272,1769565254948,20:54:14.948,42.3448023,-71.0825832,16.659
1239,324796416,1769565255337,20:54:15.337,42.3448023,-71.0825832,16.659
1240,325058560,1769565255666,20:54:15.666,42.3448023,-71.0825832,16.659
1241,325320704,1769565256098,20:54:16.098,42.3448023,-71.0825832,16.659
1242,325582848,1769565256491,20:54:16.491,42.3448023,-71.0825832,16.659
1243,325844992,1769565256906,20:54:16.906,42.3448023,-71.0825832,16.659
1244,326107136,1769565257332,20:54:17.332,42.3448023,-71.0825832,16.659
1245,326369280,1769565257750,20:54:17.750,42.3448023,-71.0825832,16.659
1246,326631424,1769565258218,20:54:18.218,42.3448023,-71.0825832,16.659
1247,326893568,1769565259164,20:54:19.164,42.3448023,-71.0825832,16.659
1248,327155712,1769565259813,20:54:19.813,42.3448023,-71.0825832,16.659
1249,327417856,1769565260695,20:54:20.695,42.3448023,-71.0825832,16.659
1250,327680000,1769565261469,20:54:21.469,42.3448023,-71.0825832,16.659
1251,327942144,1769565262309,20:54:22.309,42.3448023,-71.0825832,16.659
1252,328204288,1769565262924,20:54:22.924,42.3448023,-71.0825832,16.659
1253,328466432,1769565263403,20:54:23.403,42.3448023,-71.0825832,16.659
1254,328728576,1769565263938,20:54:23.938,42.3448023,-71.0825832,16.659
1255,328990720,1769565264493,20:54:24.493,42.3448023,-71.0825832,16.659
1256,329252864,1769565265038,20:54:25.038,42.3448023,-71.0825832,16.659
1257,329515008,1769565265424,20:54:25.424,42.3448023,-71.0825832,16.659
1258,329777152,1769565265937,20:54:25.937,42.3448023,-71.0825832,16.659
1259,330039296,1769565266433,20:54:26.433,42.3448023,-71.0825832,16.659
1260,330301440,1769565266937,20:54:26.937,42.3448023,-71.0825832,16.659
1261,330563584,1769565268775,20:54:28.775,42.3448023,-71.0825832,16.659
1262,330825728,1769565269055,20:54:29.055,42.3448023,-71.0825832,16.659
1263,331087872,1769565269305,20:54:29.305,42.3448023,-71.0825832,16.659
1264,331350016,1769565269557,20:54:29.557,42.3448023,-71.0825832,16.659
1265,331612160,1769565269809,20:54:29.809,42.3448023,-71.0825832,16.659
1266,331874304,1769565270063,20:54:30.063,42.3448023,-71.0825832,16.659
1267,332136448,1769565270412,20:54:30.412,42.3448023,-71.0825832,16.659
1268,332398592,1769565270888,20:54:30.888,42.3448023,-71.0825832,16.659
1269,332660736,1769565271358,20:54:31.358,42.3448023,-71.0825832,16.659
1270,332922880,1769565271872,20:54:31.872,42.3448023,-71.0825832,16.659
1271,333185024,1769565272356,20:54:32.356,42.3448023,-71.0825832,16.659
1272,333447168,1769565272918,20:54:32.918,42.3448023,-71.0825832,16.659
1273,333709312,1769565273385,20:54:33.385,42.3448023,-71.0825832,16.659
1274,333971456,1769565273793,20:54:33.793,42.3448023,-71.0825832,16.659
1275,334233600,1769565274204,20:54:34.204,42.3448023,-71.0825832,16.659
1276,334495744,1769565274569,20:54:34.569,42.3448023,-71.0825832,16.659
1277,334757888,1769565274938,20:54:34.938,42.3448023,-71.0825832,16.659
1278,335020032,1769565275388,20:54:35.388,42.3448023,-71.0825832,16.659
1279,335282176,1769565275871,20:54:35.871,42.3448023,-71.0825832,16.659
1280,335544320,1769565276263,20:54:36.263,42.3448023,-71.0825832,16.659
1281,335806464,1769565276896,20:54:36.896,42.3448023,-71.0825832,16.659
1282,336068608,1769565277396,20:54:37.396,42.3448023,-71.0825832,16.659
1283,336330752,1769565278013,20:54:38.013,42.3448023,-71.0825832,16.659
1284,336592896,1769565278498,20:54:38.498,42.3448023,-71.0825832,16.659
1285,336855040,1769565278928,20:54:38.928,42.3448023,-71.0825832,16.659
1286,337117184,1769565279308,20:54:39.308,42.3448023,-71.0825832,16.659
1287,337379328,1769565279642,20:54:39.642,42.3448023,-71.0825832,16.659
1288,337641472,1769565279991,20:54:39.991,42.3448023,-71.0825832,16.659
1289,337903616,1769565280342,20:54:40.342,42.3448023,-71.0825832,16.659
1290,338165760,1769565280691,20:54:40.691,42.3448023,-71.0825832,16.659
1291,338427904,1769565281146,20:54:41.146,42.3448023,-71.0825832,16.659
1292,338690048,1769565281547,20:54:41.547,42.3448023,-71.0825832,16.659
1293,338952192,1769565281924,20:54:41.924,42.3448023,-71.0825832,16.659
1294,339214336,1769565282297,20:54:42.297,42.3448023,-71.0825832,16.659
1295,339476480,1769565282670,20:54:42.670,42.3448023,-71.0825832,16.659
1296,339738624,1769565283260,20:54:43.260,42.3448023,-71.0825832,16.659
1297,340000768,1769565283629,20:54:43.629,42.3448023,-71.0825832,16.659
1298,340262912,1769565284015,20:54:44.015,42.3448023,-71.0825832,16.659
1299,340525056,1769565284378,20:54:44.378,42.3448023,-71.0825832,16.659
1300,340787200,1769565284716,20:54:44.716,42.3448023,-71.0825832,16.659
1301,341049344,1769565285068,20:54:45.068,42.3448023,-71.0825832,16.659
1302,341311488,1769565285419,20:54:45.419,42.3448023,-71.0825832,16.659
1303,341573632,1769565285806,20:54:45.806,42.3448023,-71.0825832,16.659
1304,341835776,1769565286234,20:54:46.234,42.3448023,-71.0825832,16.659
1305,342097920,1769565286609,20:54:46.609,42.3448023,-71.0825832,16.659
1306,342360064,1769565286961,20:54:46.961,42.3448023,-71.0825832,16.659
1307,342622208,1769565287340,20:54:47.340,42.3448023,-71.0825832,16.659
1308,342884352,1769565287682,20:54:47.682,42.3448023,-71.0825832,16.659
1309,343146496,1769565288038,20:54:48.038,42.3448023,-71.0825832,16.659
1310,343408640,1769565288360,20:54:48.360,42.3448023,-71.0825832,16.659
1311,343670784,1769565288731,20:54:48.731,42.3448023,-71.0825832,16.659
1312,343932928,1769565289058,20:54:49.058,42.3448023,-71.0825832,16.659
1313,344195072,1769565289410,20:54:49.410,42.3448023,-71.0825832,16.659
1314,344457216,1769565289761,20:54:49.761,42.3448023,-71.0825832,16.659
1315,344719360,1769565290110,20:54:50.110,42.3448023,-71.0825832,16.659
1316,344981504,1769565290468,20:54:50.468,42.3448023,-71.0825832,16.659
1317,345243648,1769565290812,20:54:50.812,42.3448023,-71.0825832,16.659
1318,345505792,1769565291178,20:54:51.178,42.3448023,-71.0825832,16.659
1319,345767936,1769565291530,20:54:51.530,42.3448023,-71.0825832,16.659
1320,346030080,1769565291879,20:54:51.879,42.3448023,-71.0825832,16.659
1321,346292224,1769565292242,20:54:52.242,42.3448023,-71.0825832,16.659
1322,346554368,1769565292666,20:54:52.666,42.3448023,-71.0825832,16.659
1323,346816512,1769565293239,20:54:53.239,42.3448023,-71.0825832,16.659
1324,347078656,1769565293719,20:54:53.719,42.3448023,-71.0825832,16.659
1325,347340800,1769565294430,20:54:54.430,42.3448023,-71.0825832,16.659
1326,347602944,1769565295096,20:54:55.096,42.3448023,-71.0825832,16.659
1327,347865088,1769565295496,20:54:55.496,42.3448023,-71.0825832,16.659
1328,348127232,1769565295911,20:54:55.911,42.3448023,-71.0825832,16.659
1329,348389376,1769565296392,20:54:56.392,42.3448023,-71.0825832,16.659
1330,348651520,1769565296814,20:54:56.814,42.3448023,-71.0825832,16.659
1331,348913664,1769565297324,20:54:57.324,42.3448023,-71.0825832,16.659
1332,349175808,1769565299204,20:54:59.204,42.3448023,-71.0825832,16.659
1333,349437952,1769565299473,20:54:59.473,42.3448023,-71.0825832,16.659
1334,349700096,1769565299736,20:54:59.736,42.3448023,-71.0825832,16.659
1335,349962240,1769565300000,20:55:00.000,42.3448023,-71.0825832,16.659
1336,350224384,1769565300256,20:55:00.256,42.3448023,-71.0825832,16.659
1337,350486528,1769565300518,20:55:00.518,42.3448023,-71.0825832,16.659
1338,350748672,1769565300760,20:55:00.760,42.3448023,-71.0825832,16.659
1339,351010816,1769565301318,20:55:01.318,42.3448023,-71.0825832,16.659
1340,351272960,1769565301721,20:55:01.721,42.3448023,-71.0825832,16.659
1341,351535104,1769565302203,20:55:02.203,42.3448023,-71.0825832,16.659
1342,351797248,1769565302783,20:55:02.783,42.3448023,-71.0825832,16.659
1343,352059392,1769565303331,20:55:03.331,42.3448023,-71.0825832,16.659
1344,352321536,1769565303839,20:55:03.839,42.3448023,-71.0825832,16.659
1345,352583680,1769565304310,20:55:04.310,42.3448023,-71.0825832,16.659
1346,352845824,1769565304821,20:55:04.821,42.3448023,-71.0825832,16.659
1347,353107968,1769565305317,20:55:05.317,42.3448023,-71.0825832,16.659
1348,353370112,1769565305801,20:55:05.801,42.3448023,-71.0825832,16.659
1349,353632256,1769565306060,20:55:06.060,42.3448023,-71.0825832,16.659
1350,353894400,1769565306363,20:55:06.363,42.3448023,-71.0825832,16.659
1351,354156544,1769565306715,20:55:06.715,42.3448023,-71.0825832,16.659
1352,354418688,1769565307260,20:55:07.260,42.3448023,-71.0825832,16.659
1353,354680832,1769565307731,20:55:07.731,42.3448023,-71.0825832,16.659
1354,354942976,1769565308130,20:55:08.130,42.3448023,-71.0825832,16.659
1355,355205120,1769565308607,20:55:08.607,42.3448023,-71.0825832,16.659
1356,355467264,1769565309081,20:55:09.081,42.3448023,-71.0825832,16.659
1357,355729408,1769565309490,20:55:09.490,42.3448023,-71.0825832,16.659
1358,355991552,1769565309784,20:55:09.784,42.3448023,-71.0825832,16.659
1359,356253696,1769565310133,20:55:10.133,42.3448023,-71.0825832,16.659
1360,356515840,1769565310513,20:55:10.513,42.3448023,-71.0825832,16.659
1361,356777984,1769565310836,20:55:10.836,42.3448023,-71.0825832,16.659
1362,357040128,1769565311186,20:55:11.186,42.3448023,-71.0825832,16.659
1363,357302272,1769565311538,20:55:11.538,42.3448023,-71.0825832,16.659
1364,357564416,1769565311887,20:55:11.887,42.3448023,-71.0825832,16.659
1365,357826560,1769565312238,20:55:12.238,42.3448023,-71.0825832,16.659
1366,358088704,1769565312595,20:55:12.595,42.3448023,-71.0825832,16.659
1367,358350848,1769565312915,20:55:12.915,42.3448023,-71.0825832,16.659
1368,358612992,1769565313249,20:55:13.249,42.3448023,-71.0825832,16.659
1369,358875136,1769565313560,20:55:13.560,42.3448023,-71.0825832,16.659
1370,359137280,1769565313910,20:55:13.910,42.3448023,-71.0825832,16.659
1371,359399424,1769565314260,20:55:14.260,42.3448023,-71.0825832,16.659
1372,359661568,1769565314611,20:55:14.611,42.3448023,-71.0825832,16.659
1373,359923712,1769565314964,20:55:14.964,42.3448023,-71.0825832,16.659
1374,360185856,1769565315313,20:55:15.313,42.3448023,-71.0825832,16.659
1375,360448000,1769565315689,20:55:15.689,42.3448023,-71.0825832,16.659
1376,360710144,1769565316073,20:55:16.073,42.3448023,-71.0825832,16.659
1377,360972288,1769565316397,20:55:16.397,42.3448023,-71.0825832,16.659
1378,361234432,1769565316748,20:55:16.748,42.3448023,-71.0825832,16.659
1379,361496576,1769565317100,20:55:17.100,42.3448023,-71.0825832,16.659
1380,361758720,1769565317471,20:55:17.471,42.3448023,-71.0825832,16.659
1381,362020864,1769565317814,20:55:17.814,42.3448023,-71.0825832,16.659
1382,362283008,1769565318163,20:55:18.163,42.3448023,-71.0825832,16.659
1383,362545152,1769565318515,20:55:18.515,42.3448023,-71.0825832,16.659
1384,362807296,1769565318890,20:55:18.890,42.3448023,-71.0825832,16.659
1385,363069440,1769565319318,20:55:19.318,42.3448023,-71.0825832,16.659
1386,363331584,1769565319671,20:55:19.671,42.3448023,-71.0825832,16.659
1387,363593728,1769565320057,20:55:20.057,42.3448023,-71.0825832,16.659
1388,363855872,1769565320373,20:55:20.373,42.3448023,-71.0825832,16.659
1389,364118016,1769565320754,20:55:20.754,42.3448023,-71.0825832,16.659
1390,364380160,1769565321218,20:55:21.218,42.3448023,-71.0825832,16.659
1391,364642304,1769565321671,20:55:21.671,42.3448023,-71.0825832,16.659
1392,364904448,1769565321957,20:55:21.957,42.3448023,-71.0825832,16.659
1393,365166592,1769565322400,20:55:22.400,42.3448023,-71.0825832,16.659
1394,365428736,1769565322947,20:55:22.947,42.3448023,-71.0825832,16.659
1395,365690880,1769565323514,20:55:23.514,42.3448023,-71.0825832,16.659
1396,365953024,1769565324076,20:55:24.076,42.3448023,-71.0825832,16.659
1397,366215168,1769565324679,20:55:24.679,42.3448023,-71.0825832,16.659
1398,366477312,1769565325239,20:55:25.239,42.3448023,-71.0825832,16.659
1399,366739456,1769565325723,20:55:25.723,42.3448023,-71.0825832,16.659
1400,367001600,1769565326385,20:55:26.385,42.3448023,-71.0825832,16.659
1401,367263744,1769565327110,20:55:27.110,42.3448023,-71.0825832,16.659
1402,367525888,1769565327636,20:55:27.636,42.3448023,-71.0825832,16.659
1403,367788032,1769565329525,20:55:29.525,42.3448023,-71.0825832,16.659
1404,368050176,1769565329786,20:55:29.786,42.3448023,-71.0825832,16.659
1405,368312320,1769565330037,20:55:30.037,42.3448023,-71.0825832,16.659
1406,368574464,1769565330299,20:55:30.299,42.3448023,-71.0825832,16.659
1407,368836608,1769565330583,20:55:30.583,42.3448023,-71.0825832,16.659
1408,369098752,1769565330846,20:55:30.846,42.3448023,-71.0825832,16.659
1409,369360896,1769565331100,20:55:31.100,42.3448023,-71.0825832,16.659
1410,369623040,1769565331371,20:55:31.371,42.3448023,-71.0825832,16.659
1411,369885184,1769565331624,20:55:31.624,42.3448023,-71.0825832,16.659
1412,370147328,1769565331960,20:55:31.960,42.3448023,-71.0825832,16.659
1413,370409472,1769565332456,20:55:32.456,42.3448023,-71.0825832,16.659
1414,370671616,1769565332895,20:55:32.895,42.3448023,-71.0825832,16.659
1415,370933760,1769565333327,20:55:33.327,42.3448023,-71.0825832,16.659
1416,371195904,1769565333758,20:55:33.758,42.3448023,-71.0825832,16.659
1417,371458048,1769565334264,20:55:34.264,42.3448023,-71.0825832,16.659
1418,371720192,1769565334771,20:55:34.771,42.3448023,-71.0825832,16.659
1419,371982336,1769565335205,20:55:35.205,42.3448023,-71.0825832,16.659
1420,372244480,1769565335599,20:55:35.599,42.3448023,-71.0825832,16.659
1421,372506624,1769565336225,20:55:36.225,42.3448023,-71.0825832,16.659
1422,372768768,1769565336714,20:55:36.714,42.3448023,-71.0825832,16.659
1423,373030912,1769565337179,20:55:37.179,42.3448023,-71.0825832,16.659
1424,373293056,1769565337611,20:55:37.611,42.3448023,-71.0825832,16.659
1425,373555200,1769565338036,20:55:38.036,42.3448023,-71.0825832,16.659
1426,373817344,1769565338437,20:55:38.437,42.3448023,-71.0825832,16.659
1427,374079488,1769565338798,20:55:38.798,42.3448023,-71.0825832,16.659
1428,374341632,1769565339281,20:55:39.281,42.3448023,-71.0825832,16.659
1429,374603776,1769565339632,20:55:39.632,42.3448023,-71.0825832,16.659
1430,374865920,1769565339984,20:55:39.984,42.3448023,-71.0825832,16.659
1431,375128064,1769565340334,20:55:40.334,42.3448023,-71.0825832,16.659
1432,375390208,1769565340685,20:55:40.685,42.3448023,-71.0825832,16.659
1433,375652352,1769565341056,20:55:41.056,42.3448023,-71.0825832,16.659
1434,375914496,1769565341406,20:55:41.406,42.3448023,-71.0825832,16.659
1435,376176640,1769565341776,20:55:41.776,42.3448023,-71.0825832,16.659
1436,376438784,1769565342107,20:55:42.107,42.3448023,-71.0825832,16.659
1437,376700928,1769565342511,20:55:42.511,42.3448023,-71.0825832,16.659
1438,376963072,1769565342927,20:55:42.927,42.3448023,-71.0825832,16.659
1439,377225216,1769565343430,20:55:43.430,42.3448023,-71.0825832,16.659
1440,377487360,1769565343916,20:55:43.916,42.3448023,-71.0825832,16.659
1441,377749504,1769565344356,20:55:44.356,42.3448023,-71.0825832,16.659
1442,378011648,1769565344741,20:55:44.741,42.3448023,-71.0825832,16.659
1443,378273792,1769565345092,20:55:45.092,42.3448023,-71.0825832,16.659
1444,378535936,1769565345443,20:55:45.443,42.3448023,-71.0825832,16.659
1445,378798080,1769565345793,20:55:45.793,42.3448023,-71.0825832,16.659
1446,379060224,1769565346277,20:55:46.277,42.3448023,-71.0825832,16.659
1447,379322368,1769565346699,20:55:46.699,42.3448023,-71.0825832,16.659
1448,379584512,1769565347068,20:55:47.068,42.3448023,-71.0825832,16.659
1449,379846656,1769565347458,20:55:47.458,42.3448023,-71.0825832,16.659
1450,380108800,1769565347822,20:55:47.822,42.3448023,-71.0825832,16.659
1451,380370944,1769565348269,20:55:48.269,42.3448023,-71.0825832,16.659
1452,380633088,1769565348749,20:55:48.749,42.3448023,-71.0825832,16.659
1453,380895232,1769565349112,20:55:49.112,42.3448023,-71.0825832,16.659
1454,381157376,1769565349524,20:55:49.524,42.3448023,-71.0825832,16.659
1455,381419520,1769565349969,20:55:49.969,42.3448023,-71.0825832,16.659
1456,381681664,1769565350507,20:55:50.507,42.3448023,-71.0825832,16.659
1457,381943808,1769565351010,20:55:51.010,42.3448023,-71.0825832,16.659
1458,382205952,1769565351294,20:55:51.294,42.3448023,-71.0825832,16.659
1459,382468096,1769565351662,20:55:51.662,42.3448023,-71.0825832,16.659
1460,382730240,1769565352096,20:55:52.096,42.3448023,-71.0825832,16.659
1461,382992384,1769565352518,20:55:52.518,42.3448023,-71.0825832,16.659
1462,383254528,1769565352931,20:55:52.931,42.3448023,-71.0825832,16.659
1463,383516672,1769565353428,20:55:53.428,42.3448023,-71.0825832,16.659
1464,383778816,1769565353792,20:55:53.792,42.3448023,-71.0825832,16.659
1465,384040960,1769565354208,20:55:54.208,42.3448023,-71.0825832,16.659
1466,384303104,1769565354622,20:55:54.622,42.3448023,-71.0825832,16.659
1467,384565248,1769565355062,20:55:55.062,42.3448023,-71.0825832,16.659
1468,384827392,1769565355429,20:55:55.429,42.3448023,-71.0825832,16.659
1469,385089536,1769565355784,20:55:55.784,42.3448023,-71.0825832,16.659
1470,385351680,1769565356205,20:55:56.205,42.3448023,-71.0825832,16.659
1471,385613824,1769565356515,20:55:56.515,42.3448023,-71.0825832,16.659
1472,385875968,1769565356941,20:55:56.941,42.3448023,-71.0825832,16.659
1473,386138112,1769565357343,20:55:57.343,42.3448023,-71.0825832,16.659
1474,386400256,1769565357691,20:55:57.691,42.3448023,-71.0825832,16.659
1475,386662400,1769565358006,20:55:58.006,42.3448023,-71.0825832,16.659
1476,386924544,1769565358360,20:55:58.360,42.3448023,-71.0825832,16.659
1477,387186688,1769565358792,20:55:58.792,42.3448023,-71.0825832,16.659
1478,387448832,1769565360715,20:56:00.715,42.3448023,-71.0825832,16.659
1479,387710976,1769565360986,20:56:00.986,42.3448023,-71.0825832,16.659
1480,387973120,1769565361239,20:56:01.239,42.3448023,-71.0825832,16.659
1481,388235264,1769565361497,20:56:01.497,42.3448023,-71.0825832,16.659
1482,388497408,1769565361752,20:56:01.752,42.3448023,-71.0825832,16.659
1483,388759552,1769565362000,20:56:02.000,42.3448023,-71.0825832,16.659
1484,389021696,1769565362258,20:56:02.258,42.3448023,-71.0825832,16.659
1485,389283840,1769565362516,20:56:02.516,42.3448023,-71.0825832,16.659
1486,389545984,1769565362882,20:56:02.882,42.3448023,-71.0825832,16.659
1487,389808128,1769565363326,20:56:03.326,42.3448023,-71.0825832,16.659
1488,390070272,1769565363763,20:56:03.763,42.3448023,-71.0825832,16.659
1489,390332416,1769565364218,20:56:04.218,42.3448023,-71.0825832,16.659
1490,390594560,1769565364660,20:56:04.660,42.3448023,-71.0825832,16.659
1491,390856704,1769565365045,20:56:05.045,42.3448023,-71.0825832,16.659
1492,391118848,1769565365422,20:56:05.422,42.3448023,-71.0825832,16.659
1493,391380992,1769565365746,20:56:05.746,42.3448023,-71.0825832,16.659
1494,391643136,1769565366111,20:56:06.111,42.3448023,-71.0825832,16.659
1495,391905280,1769565366447,20:56:06.447,42.3448023,-71.0825832,16.659
1496,392167424,1769565366800,20:56:06.800,42.3448023,-71.0825832,16.659
1497,392429568,1769565367149,20:56:07.149,42.3448023,-71.0825832,16.659
1498,392691712,1769565367515,20:56:07.515,42.3448023,-71.0825832,16.659
1499,392953856,1769565367868,20:56:07.868,42.3448023,-71.0825832,16.659
1500,393216000,1769565368423,20:56:08.423,42.3448023,-71.0825832,16.659
1501,393478144,1769565368908,20:56:08.908,42.3448023,-71.0825832,16.659
1502,393740288,1769565369469,20:56:09.469,42.3448023,-71.0825832,16.659
1503,394002432,1769565369925,20:56:09.925,42.3448023,-71.0825832,16.659
1504,394264576,1769565370422,20:56:10.422,42.3448023,-71.0825832,16.659
1505,394526720,1769565370986,20:56:10.986,42.3448023,-71.0825832,16.659
1506,394788864,1769565371504,20:56:11.504,42.3448023,-71.0825832,16.659
1507,395051008,1769565372099,20:56:12.099,42.3448023,-71.0825832,16.659
1508,395313152,1769565372780,20:56:12.780,42.3448023,-71.0825832,16.659
1509,395575296,1769565373348,20:56:13.348,42.3448023,-71.0825832,16.659
1510,395837440,1769565373910,20:56:13.910,42.3448023,-71.0825832,16.659
1511,396099584,1769565374618,20:56:14.618,42.3448023,-71.0825832,16.659
1512,396361728,1769565375163,20:56:15.163,42.3448023,-71.0825832,16.659
1513,396623872,1769565375660,20:56:15.660,42.3448023,-71.0825832,16.659
1514,396886016,1769565376162,20:56:16.162,42.3448023,-71.0825832,16.659
1515,397148160,1769565376614,20:56:16.614,42.3448023,-71.0825832,16.659
1516,397410304,1769565377205,20:56:17.205,42.3448023,-71.0825832,16.659
1517,397672448,1769565377644,20:56:17.644,42.3448023,-71.0825832,16.659
1518,397934592,1769565378007,20:56:18.007,42.3448023,-71.0825832,16.659
1519,398196736,1769565378432,20:56:18.432,42.3448023,-71.0825832,16.659
1520,398458880,1769565378786,20:56:18.786,42.3448023,-71.0825832,16.659
1521,398721024,1769565379139,20:56:19.139,42.3448023,-71.0825832,16.659
1522,398983168,1769565379494,20:56:19.494,42.3448023,-71.0825832,16.659
1523,399245312,1769565379845,20:56:19.845,42.3448023,-71.0825832,16.659
1524,399507456,1769565380197,20:56:20.197,42.3448023,-71.0825832,16.659
1525,399769600,1769565380552,20:56:20.552,42.3448023,-71.0825832,16.659
1526,400031744,1769565380907,20:56:20.907,42.3448023,-71.0825832,16.659
1527,400293888,1769565381249,20:56:21.249,42.3448023,-71.0825832,16.659
1528,400556032,1769565381600,20:56:21.600,42.3448023,-71.0825832,16.659
1529,400818176,1769565381950,20:56:21.950,42.3448023,-71.0825832,16.659
1530,401080320,1769565382302,20:56:22.302,42.3448023,-71.0825832,16.659
1531,401342464,1769565382652,20:56:22.652,42.3448023,-71.0825832,16.659
1532,401604608,1769565383026,20:56:23.026,42.3448023,-71.0825832,16.659
1533,401866752,1769565383289,20:56:23.289,42.3448023,-71.0825832,16.659
1534,402128896,1769565383634,20:56:23.634,42.3448023,-71.0825832,16.659
1535,402391040,1769565383986,20:56:23.986,42.3448023,-71.0825832,16.659
1536,402653184,1769565384334,20:56:24.334,42.3448023,-71.0825832,16.659
1537,402915328,1769565384696,20:56:24.696,42.3448023,-71.0825832,16.659
1538,403177472,1769565385042,20:56:25.042,42.3448023,-71.0825832,16.659
1539,403439616,1769565385452,20:56:25.452,42.3448023,-71.0825832,16.659
1540,403701760,1769565385857,20:56:25.857,42.3448023,-71.0825832,16.659
1541,403963904,1769565386307,20:56:26.307,42.3448023,-71.0825832,16.659
1542,404226048,1769565386739,20:56:26.739,42.3448023,-71.0825832,16.659
1543,404488192,1769565387201,20:56:27.201,42.3448023,-71.0825832,16.659
1544,404750336,1769565387601,20:56:27.601,42.3448023,-71.0825832,16.659
1545,405012480,1769565388000,20:56:28.000,42.3448023,-71.0825832,16.659
1546,405274624,1769565388353,20:56:28.353,42.3448023,-71.0825832,16.659
1547,405536768,1769565388718,20:56:28.718,42.3448023,-71.0825832,16.659
1548,405798912,1769565389056,20:56:29.056,42.3448023,-71.0825832,16.659
1549,406061056,1769565391201,20:56:31.201,42.3448023,-71.0825832,16.659
1550,406323200,1769565391468,20:56:31.468,42.3448023,-71.0825832,16.659
1551,406585344,1769565391737,20:56:31.737,42.3448023,-71.0825832,16.659
1552,406847488,1769565391988,20:56:31.988,42.3448023,-71.0825832,16.659
1553,407109632,1769565392254,20:56:32.254,42.3448023,-71.0825832,16.659
1554,407371776,1769565392508,20:56:32.508,42.3448023,-71.0825832,16.659
1555,407633920,1769565392774,20:56:32.774,42.3448023,-71.0825832,16.659
1556,407896064,1769565393031,20:56:33.031,42.3448023,-71.0825832,16.659
1557,408158208,1769565393309,20:56:33.309,42.3448023,-71.0825832,16.659
1558,408420352,1769565393564,20:56:33.564,42.3448023,-71.0825832,16.659
1559,408682496,1769565393838,20:56:33.838,42.3448023,-71.0825832,16.659
1560,408944640,1769565394202,20:56:34.202,42.3448023,-71.0825832,16.659
1561,409206784,1769565394678,20:56:34.678,42.3448023,-71.0825832,16.659
1562,409468928,1769565395129,20:56:35.129,42.3448023,-71.0825832,16.659
1563,409731072,1769565395606,20:56:35.606,42.3448023,-71.0825832,16.659
1564,409993216,1769565396067,20:56:36.067,42.3448023,-71.0825832,16.659
1565,410255360,1769565396666,20:56:36.666,42.3448023,-71.0825832,16.659
1566,410517504,1769565397091,20:56:37.091,42.3448023,-71.0825832,16.659
1567,410779648,1769565397569,20:56:37.569,42.3448023,-71.0825832,16.659
1568,411041792,1769565397992,20:56:37.992,42.3448023,-71.0825832,16.659
1569,411303936,1769565398338,20:56:38.338,42.3448023,-71.0825832,16.659
1570,411566080,1769565398792,20:56:38.792,42.3448023,-71.0825832,16.659
1571,411828224,1769565399263,20:56:39.263,42.3448023,-71.0825832,16.659
1572,412090368,1769565399686,20:56:39.686,42.3448023,-71.0825832,16.659
1573,412352512,1769565399993,20:56:39.993,42.3448023,-71.0825832,16.659
1574,412614656,1769565400566,20:56:40.566,42.3448023,-71.0825832,16.659
1575,412876800,1769565401147,20:56:41.147,42.3448023,-71.0825832,16.659
1576,413138944,1769565401588,20:56:41.588,42.3448023,-71.0825832,16.659
1577,413401088,1769565401926,20:56:41.926,42.3448023,-71.0825832,16.659
1578,413663232,1769565402371,20:56:42.371,42.3448023,-71.0825832,16.659
1579,413925376,1769565402886,20:56:42.886,42.3448023,-71.0825832,16.659
1580,414187520,1769565403349,20:56:43.349,42.3448023,-71.0825832,16.659
1581,414449664,1769565403743,20:56:43.743,42.3448023,-71.0825832,16.659
1582,414711808,1769565404248,20:56:44.248,42.3448023,-71.0825832,16.659
1583,414973952,1769565404741,20:56:44.741,42.3448023,-71.0825832,16.659
1584,415236096,1769565405261,20:56:45.261,42.3448023,-71.0825832,16.659
1585,415498240,1769565405762,20:56:45.762,42.3448023,-71.0825832,16.659
1586,415760384,1769565406285,20:56:46.285,42.3448023,-71.0825832,16.659
1587,416022528,1769565406806,20:56:46.806,42.3448023,-71.0825832,16.659
1588,416284672,1769565407421,20:56:47.421,42.3448023,-71.0825832,16.659
1589,416546816,1769565407947,20:56:47.947,42.3448023,-71.0825832,16.659
1590,416808960,1769565408473,20:56:48.473,42.3448023,-71.0825832,16.659
1591,417071104,1769565409164,20:56:49.164,42.3448023,-71.0825832,16.659
1592,417333248,1769565409632,20:56:49.632,42.3448023,-71.0825832,16.659
1593,417595392,1769565410160,20:56:50.160,42.3448023,-71.0825832,16.659
1594,417857536,1769565410680,20:56:50.680,42.3448023,-71.0825832,16.659
1595,418119680,1769565411213,20:56:51.213,42.3448023,-71.0825832,16.659
1596,418381824,1769565411828,20:56:51.828,42.3448023,-71.0825832,16.659
1597,418643968,1769565412520,20:56:52.520,42.3448023,-71.0825832,16.659
1598,418906112,1769565413015,20:56:53.015,42.3448023,-71.0825832,16.659
1599,419168256,1769565413300,20:56:53.300,42.3448023,-71.0825832,16.659
1600,419430400,1769565413671,20:56:53.671,42.3448023,-71.0825832,16.659
1601,419692544,1769565414022,20:56:54.022,42.3448023,-71.0825832,16.659
1602,419954688,1769565414370,20:56:54.370,42.3448023,-71.0825832,16.659
1603,420216832,1769565414737,20:56:54.737,42.3448023,-71.0825832,16.659
1604,420478976,1769565415106,20:56:55.106,42.3448023,-71.0825832,16.659
1605,420741120,1769565415462,20:56:55.462,42.3448023,-71.0825832,16.659
1606,421003264,1769565415815,20:56:55.815,42.3448023,-71.0825832,16.659
1607,421265408,1769565416167,20:56:56.167,42.3448023,-71.0825832,16.659
1608,421527552,1769565416516,20:56:56.516,42.3448023,-71.0825832,16.659
1609,421789696,1769565416877,20:56:56.877,42.3448023,-71.0825832,16.659
1610,422051840,1769565417217,20:56:57.217,42.3448023,-71.0825832,16.659
1611,422313984,1769565417579,20:56:57.579,42.3448023,-71.0825832,16.659
1612,422576128,1769565417896,20:56:57.896,42.3448023,-71.0825832,16.659
1613,422838272,1769565418212,20:56:58.212,42.3448023,-71.0825832,16.659
1614,423100416,1769565418574,20:56:58.574,42.3448023,-71.0825832,16.659
1615,423362560,1769565418989,20:56:58.989,42.3448023,-71.0825832,16.659
1616,423624704,1769565419357,20:56:59.357,42.3448023,-71.0825832,16.659
1617,423886848,1769565419731,20:56:59.731,42.3448023,-71.0825832,16.659
1618,424148992,1769565422140,20:57:02.140,42.3448023,-71.0825832,16.659
1619,424411136,1769565422414,20:57:02.414,42.3448023,-71.0825832,16.659
1620,424673280,1769565422672,20:57:02.672,42.3448023,-71.0825832,16.659
1621,424935424,1769565422922,20:57:02.922,42.3448023,-71.0825832,16.659
1622,425197568,1769565423190,20:57:03.190,42.3448023,-71.0825832,16.659
1623,425459712,1769565423463,20:57:03.463,42.3448023,-71.0825832,16.659
1624,425721856,1769565423728,20:57:03.728,42.3448023,-71.0825832,16.659
1625,425984000,1769565423991,20:57:03.991,42.3448023,-71.0825832,16.659
1626,426246144,1769565424254,20:57:04.254,42.3448023,-71.0825832,16.659
1627,426508288,1769565424510,20:57:04.510,42.3448023,-71.0825832,16.659
1628,426770432,1769565424769,20:57:04.769,42.3448023,-71.0825832,16.659
1629,427032576,1769565425029,20:57:05.029,42.3448023,-71.0825832,16.659
1630,427294720,1769565425272,20:57:05.272,42.3448023,-71.0825832,16.659
1631,427556864,1769565425520,20:57:05.520,42.3448023,-71.0825832,16.659
1632,427819008,1769565425769,20:57:05.769,42.3448023,-71.0825832,16.659
1633,428081152,1769565426033,20:57:06.033,42.3448023,-71.0825832,16.659
1634,428343296,1769565426287,20:57:06.287,42.3448023,-71.0825832,16.659
1635,428605440,1769565426548,20:57:06.548,42.3448023,-71.0825832,16.659
1636,428867584,1769565426807,20:57:06.807,42.3448023,-71.0825832,16.659
1637,429129728,1769565427059,20:57:07.059,42.3448023,-71.0825832,16.659
1638,429391872,1769565427370,20:57:07.370,42.3448023,-71.0825832,16.659
1639,429654016,1769565427725,20:57:07.725,42.3448023,-71.0825832,16.659
1640,429916160,1769565428117,20:57:08.117,42.3448023,-71.0825832,16.659
1641,430178304,1769565428476,20:57:08.476,42.3448023,-71.0825832,16.659
1642,430440448,1769565428829,20:57:08.829,42.3448023,-71.0825832,16.659
1643,430702592,1769565429217,20:57:09.217,42.3448023,-71.0825832,16.659
1644,430964736,1769565429617,20:57:09.617,42.3448023,-71.0825832,16.659
1645,431226880,1769565429969,20:57:09.969,42.3448023,-71.0825832,16.659
1646,431489024,1769565430359,20:57:10.359,42.3448023,-71.0825832,16.659
1647,431751168,1769565430693,20:57:10.693,42.3448023,-71.0825832,16.659
1648,432013312,1769565431045,20:57:11.045,42.3448023,-71.0825832,16.659
1649,432275456,1769565431403,20:57:11.403,42.3448023,-71.0825832,16.659
1650,432537600,1769565431754,20:57:11.754,42.3448023,-71.0825832,16.659
1651,432799744,1769565432105,20:57:12.105,42.3448023,-71.0825832,16.659
1652,433061888,1769565432475,20:57:12.475,42.3448023,-71.0825832,16.659
1653,433324032,1769565432820,20:57:12.820,42.3448023,-71.0825832,16.659
1654,433586176,1769565433111,20:57:13.111,42.3448023,-71.0825832,16.659
1655,433848320,1769565433558,20:57:13.558,42.3448023,-71.0825832,16.659
1656,434110464,1769565434032,20:57:14.032,42.3448023,-71.0825832,16.659
1657,434372608,1769565434300,20:57:14.300,42.3448023,-71.0825832,16.659
1658,434634752,1769565434629,20:57:14.629,42.3448023,-71.0825832,16.659
1659,434896896,1769565435010,20:57:15.010,42.3448023,-71.0825832,16.659
1660,435159040,1769565435392,20:57:15.392,42.3448023,-71.0825832,16.659
1661,435421184,1769565435745,20:57:15.745,42.3448023,-71.0825832,16.659
1662,435683328,1769565436095,20:57:16.095,42.3448023,-71.0825832,16.659
1663,435945472,1769565436447,20:57:16.447,42.3448023,-71.0825832,16.659
1664,436207616,1769565436797,20:57:16.797,42.3448023,-71.0825832,16.659
1665,436469760,1769565437146,20:57:17.146,42.3448023,-71.0825832,16.659
1666,436731904,1769565437515,20:57:17.515,42.3448023,-71.0825832,16.659
1667,436994048,1769565437850,20:57:17.850,42.3448023,-71.0825832,16.659
1668,437256192,1769565438200,20:57:18.200,42.3448023,-71.0825832,16.659
1669,437518336,1769565438551,20:57:18.551,42.3448023,-71.0825832,16.659
1670,437780480,1769565438907,20:57:18.907,42.3448023,-71.0825832,16.659
1671,438042624,1769565439310,20:57:19.310,42.3448023,-71.0825832,16.659
1672,438304768,1769565439741,20:57:19.741,42.3448023,-71.0825832,16.659
1673,438566912,1769565440081,20:57:20.081,42.3448023,-71.0825832,16.659
1674,438829056,1769565440506,20:57:20.506,42.3448023,-71.0825832,16.659
1675,439091200,1769565440925,20:57:20.925,42.3448023,-71.0825832,16.659
1676,439353344,1769565441339,20:57:21.339,42.3448023,-71.0825832,16.659
1677,439615488,1769565441689,20:57:21.689,42.3448023,-71.0825832,16.659
1678,439877632,1769565442040,20:57:22.040,42.3448023,-71.0825832,16.659
1679,440139776,1769565442414,20:57:22.414,42.3448023,-71.0825832,16.659
1680,440401920,1769565442803,20:57:22.803,42.3448023,-71.0825832,16.659
1681,440664064,1769565443214,20:57:23.214,42.3448023,-71.0825832,16.659
1682,440926208,1769565443635,20:57:23.635,42.3448023,-71.0825832,16.659
1683,441188352,1769565444021,20:57:24.021,42.3448023,-71.0825832,16.659
1684,441450496,1769565444336,20:57:24.336,42.3448023,-71.0825832,16.659
1685,441712640,1769565444686,20:57:24.686,42.3448023,-71.0825832,16.659
1686,441974784,1769565445037,20:57:25.037,42.3448023,-71.0825832,16.659
1687,442236928,1769565445397,20:57:25.397,42.3448023,-71.0825832,16.659
1688,442499072,1769565445752,20:57:25.752,42.3448023,-71.0825832,16.659
1689,442761216,1769565446104,20:57:26.104,42.3448023,-71.0825832,16.659
1690,443023360,1769565446453,20:57:26.453,42.3448023,-71.0825832,16.659
1691,443285504,1769565446803,20:57:26.803,42.3448023,-71.0825832,16.659
1692,443547648,1769565447156,20:57:27.156,42.3448023,-71.0825832,16.659
1693,443809792,1769565447521,20:57:27.521,42.3448023,-71.0825832,16.659
1694,444071936,1769565447843,20:57:27.843,42.3448023,-71.0825832,16.659
1695,444334080,1769565448192,20:57:28.192,42.3448023,-71.0825832,16.659
1696,444596224,1769565448586,20:57:28.586,42.3448023,-71.0825832,16.659
1697,444858368,1769565448963,20:57:28.963,42.3448023,-71.0825832,16.659
1698,445120512,1769565449327,20:57:29.327,42.3448023,-71.0825832,16.659
1699,445382656,1769565449685,20:57:29.685,42.3448023,-71.0825832,16.659
1700,445644800,1769565450161,20:57:30.161,42.3448023,-71.0825832,16.659
1701,445906944,1769565450600,20:57:30.600,42.3448023,-71.0825832,16.659
1702,446169088,1769565453097,20:57:33.097,42.3448023,-71.0825832,16.659
1703,446431232,1769565453357,20:57:33.357,42.3448023,-71.0825832,16.659
1704,446693376,1769565453606,20:57:33.606,42.3448023,-71.0825832,16.659
1705,446955520,1769565453863,20:57:33.863,42.3448023,-71.0825832,16.659
1706,447217664,1769565454122,20:57:34.122,42.3448023,-71.0825832,16.659
1707,447479808,1769565454376,20:57:34.376,42.3448023,-71.0825832,16.659
1708,447741952,1769565454628,20:57:34.628,42.3448023,-71.0825832,16.659
1709,448004096,1769565454902,20:57:34.902,42.3448023,-71.0825832,16.659
1710,448266240,1769565455167,20:57:35.167,42.3448023,-71.0825832,16.659
1711,448528384,1769565455443,20:57:35.443,42.3448023,-71.0825832,16.659
1712,448790528,1769565455700,20:57:35.700,42.3448023,-71.0825832,16.659
1713,449052672,1769565455969,20:57:35.969,42.3448023,-71.0825832,16.659
1714,449314816,1769565456227,20:57:36.227,42.3448023,-71.0825832,16.659
1715,449576960,1769565456517,20:57:36.517,42.3448023,-71.0825832,16.659
1716,449839104,1769565456836,20:57:36.836,42.3448023,-71.0825832,16.659
1717,450101248,1769565457278,20:57:37.278,42.3448023,-71.0825832,16.659
1718,450363392,1769565457713,20:57:37.713,42.3448023,-71.0825832,16.659
1719,450625536,1769565458099,20:57:38.099,42.3448023,-71.0825832,16.659
1720,450887680,1769565458568,20:57:38.568,42.3448023,-71.0825832,16.659
1721,451149824,1769565459067,20:57:39.067,42.3448023,-71.0825832,16.659
1722,451411968,1769565459516,20:57:39.516,42.3448023,-71.0825832,16.659
1723,451674112,1769565459904,20:57:39.904,42.3448023,-71.0825832,16.659
1724,451936256,1769565460402,20:57:40.402,42.3448023,-71.0825832,16.659
1725,452198400,1769565460861,20:57:40.861,42.3448023,-71.0825832,16.659
1726,452460544,1769565461317,20:57:41.317,42.3448023,-71.0825832,16.659
1727,452722688,1769565461768,20:57:41.768,42.3448023,-71.0825832,16.659
1728,452984832,1769565462177,20:57:42.177,42.3448023,-71.0825832,16.659
1729,453246976,1769565462710,20:57:42.710,42.3448023,-71.0825832,16.659
1730,453509120,1769565463205,20:57:43.205,42.3448023,-71.0825832,16.659
1731,453771264,1769565463673,20:57:43.673,42.3448023,-71.0825832,16.659
1732,454033408,1769565464354,20:57:44.354,42.3448023,-71.0825832,16.659
1733,454295552,1769565464875,20:57:44.875,42.3448023,-71.0825832,16.659
1734,454557696,1769565465396,20:57:45.396,42.3448023,-71.0825832,16.659
1735,454819840,1769565465942,20:57:45.942,42.3448023,-71.0825832,16.659
1736,455081984,1769565466364,20:57:46.364,42.3448023,-71.0825832,16.659
1737,455344128,1769565466890,20:57:46.890,42.3448023,-71.0825832,16.659
1738,455606272,1769565467454,20:57:47.454,42.3448023,-71.0825832,16.659
1739,455868416,1769565467826,20:57:47.826,42.3448023,-71.0825832,16.659
1740,456130560,1769565468279,20:57:48.279,42.3448023,-71.0825832,16.659
1741,456392704,1769565468813,20:57:48.813,42.3448023,-71.0825832,16.659
1742,456654848,1769565469385,20:57:49.385,42.3448023,-71.0825832,16.659
1743,456916992,1769565469803,20:57:49.803,42.3448023,-71.0825832,16.659
1744,457179136,1769565470249,20:57:50.249,42.3448023,-71.0825832,16.659
1745,457441280,1769565470665,20:57:50.665,42.3448023,-71.0825832,16.659
1746,457703424,1769565471016,20:57:51.016,42.3448023,-71.0825832,16.659
1747,457965568,1769565471366,20:57:51.366,42.3448023,-71.0825832,16.659
1748,458227712,1769565471721,20:57:51.721,42.3448023,-71.0825832,16.659
1749,458489856,1769565472070,20:57:52.070,42.3448023,-71.0825832,16.659
1750,458752000,1769565472420,20:57:52.420,42.3448023,-71.0825832,16.659
1751,459014144,1769565472785,20:57:52.785,42.3448023,-71.0825832,16.659
1752,459276288,1769565473134,20:57:53.134,42.3448023,-71.0825832,16.659
1753,459538432,1769565473484,20:57:53.484,42.3448023,-71.0825832,16.659
1754,459800576,1769565473871,20:57:53.871,42.3448023,-71.0825832,16.659
1755,460062720,1769565474398,20:57:54.398,42.3448023,-71.0825832,16.659
1756,460324864,1769565474882,20:57:54.882,42.3448023,-71.0825832,16.659
1757,460587008,1769565475497,20:57:55.497,42.3448023,-71.0825832,16.659
1758,460849152,1769565476022,20:57:56.022,42.3448023,-71.0825832,16.659
1759,461111296,1769565476428,20:57:56.428,42.3448023,-71.0825832,16.659
1760,461373440,1769565476827,20:57:56.827,42.3448023,-71.0825832,16.659
1761,461635584,1769565477401,20:57:57.401,42.3448023,-71.0825832,16.659
1762,461897728,1769565477888,20:57:57.888,42.3448023,-71.0825832,16.659
1763,462159872,1769565478303,20:57:58.303,42.3448023,-71.0825832,16.659
1764,462422016,1769565478765,20:57:58.765,42.3448023,-71.0825832,16.659
1765,462684160,1769565479245,20:57:59.245,42.3448023,-71.0825832,16.659
1766,462946304,1769565479711,20:57:59.711,42.3448023,-71.0825832,16.659
1767,463208448,1769565480102,20:58:00.102,42.3448023,-71.0825832,16.659
1768,463470592,1769565480685,20:58:00.685,42.3448023,-71.0825832,16.659
1769,463732736,1769565481211,20:58:01.211,42.3448023,-71.0825832,16.659
1770,463994880,1769565483940,20:58:03.940,42.3448023,-71.0825832,16.659
1771,464257024,1769565484206,20:58:04.206,42.3448023,-71.0825832,16.659
1772,464519168,1769565484473,20:58:04.473,42.3448023,-71.0825832,16.659
1773,464781312,1769565484718,20:58:04.718,42.3448023,-71.0825832,16.659
1774,465043456,1769565484969,20:58:04.969,42.3448023,-71.0825832,16.659
1775,465305600,1769565485229,20:58:05.229,42.3448023,-71.0825832,16.659
1776,465567744,1769565485490,20:58:05.490,42.3448023,-71.0825832,16.659
1777,465829888,1769565485762,20:58:05.762,42.3448023,-71.0825832,16.659
1778,466092032,1769565486021,20:58:06.021,42.3448023,-71.0825832,16.659
1779,466354176,1769565486274,20:58:06.274,42.3448023,-71.0825832,16.659
1780,466616320,1769565486529,20:58:06.529,42.3448023,-71.0825832,16.659
1781,466878464,1769565486770,20:58:06.770,42.3448023,-71.0825832,16.659
1782,467140608,1769565487057,20:58:07.057,42.3448023,-71.0825832,16.659
1783,467402752,1769565487316,20:58:07.316,42.3448023,-71.0825832,16.659
1784,467664896,1769565487577,20:58:07.577,42.3448023,-71.0825832,16.659
1785,467927040,1769565487833,20:58:07.833,42.3448023,-71.0825832,16.659
1786,468189184,1769565488089,20:58:08.089,42.3448023,-71.0825832,16.659
1787,468451328,1769565488371,20:58:08.371,42.3448023,-71.0825832,16.659
1788,468713472,1769565488717,20:58:08.717,42.3448023,-71.0825832,16.659
1789,468975616,1769565489103,20:58:09.103,42.3448023,-71.0825832,16.659
1790,469237760,1769565489418,20:58:09.418,42.3448023,-71.0825832,16.659
1791,469499904,1769565489768,20:58:09.768,42.3448023,-71.0825832,16.659
1792,469762048,1769565490118,20:58:10.118,42.3448023,-71.0825832,16.659
1793,470024192,1769565490470,20:58:10.470,42.3448023,-71.0825832,16.659
1794,470286336,1769565490868,20:58:10.868,42.3448023,-71.0825832,16.659
1795,470548480,1769565491231,20:58:11.231,42.3448023,-71.0825832,16.659
1796,470810624,1769565491619,20:58:11.619,42.3448023,-71.0825832,16.659
1797,471072768,1769565492078,20:58:12.078,42.3448023,-71.0825832,16.659
1798,471334912,1769565492340,20:58:12.340,42.3448023,-71.0825832,16.659
1799,471597056,1769565492669,20:58:12.669,42.3448023,-71.0825832,16.659
1800,471859200,1769565493029,20:58:13.029,42.3448023,-71.0825832,16.659
1801,472121344,1769565493376,20:58:13.376,42.3448023,-71.0825832,16.659
1802,472383488,1769565493781,20:58:13.781,42.3448023,-71.0825832,16.659
1803,472645632,1769565494132,20:58:14.132,42.3448023,-71.0825832,16.659
1804,472907776,1769565494483,20:58:14.483,42.3448023,-71.0825832,16.659
1805,473169920,1769565494833,20:58:14.833,42.3448023,-71.0825832,16.659
1806,473432064,1769565495186,20:58:15.186,42.3448023,-71.0825832,16.659
1807,473694208,1769565495593,20:58:15.593,42.3448023,-71.0825832,16.659
1808,473956352,1769565495920,20:58:15.920,42.3448023,-71.0825832,16.659
1809,474218496,1769565496280,20:58:16.280,42.3448023,-71.0825832,16.659
1810,474480640,1769565496629,20:58:16.629,42.3448023,-71.0825832,16.659
1811,474742784,1769565496980,20:58:16.980,42.3448023,-71.0825832,16.659
1812,475004928,1769565497340,20:58:17.340,42.3448023,-71.0825832,16.659
1813,475267072,1769565497690,20:58:17.690,42.3448023,-71.0825832,16.659
1814,475529216,1769565498039,20:58:18.039,42.3448023,-71.0825832,16.659
1815,475791360,1769565498442,20:58:18.442,42.3448023,-71.0825832,16.659
1816,476053504,1769565498890,20:58:18.890,42.3448023,-71.0825832,16.659
1817,476315648,1769565499451,20:58:19.451,42.3448023,-71.0825832,16.659
1818,476577792,1769565500006,20:58:20.006,42.3448023,-71.0825832,16.659
1819,476839936,1769565500495,20:58:20.495,42.3448023,-71.0825832,16.659
1820,477102080,1769565500957,20:58:20.957,42.3448023,-71.0825832,16.659
1821,477364224,1769565501368,20:58:21.368,42.3448023,-71.0825832,16.659
1822,477626368,1769565501704,20:58:21.704,42.3448023,-71.0825832,16.659
1823,477888512,1769565502103,20:58:22.103,42.3448023,-71.0825832,16.659
1824,478150656,1769565502555,20:58:22.555,42.3448023,-71.0825832,16.659
1825,478412800,1769565502949,20:58:22.949,42.3448023,-71.0825832,16.659
1826,478674944,1769565503509,20:58:23.509,42.3448023,-71.0825832,16.659
1827,478937088,1769565504017,20:58:24.017,42.3448023,-71.0825832,16.659
1828,479199232,1769565504481,20:58:24.481,42.3448023,-71.0825832,16.659
1829,479461376,1769565504885,20:58:24.885,42.3448023,-71.0825832,16.659
1830,479723520,1769565505212,20:58:25.212,42.3448023,-71.0825832,16.659
1831,479985664,1769565505660,20:58:25.660,42.3448023,-71.0825832,16.659
1832,480247808,1769565506102,20:58:26.102,42.3448023,-71.0825832,16.659
1833,480509952,1769565506520,20:58:26.520,42.3448023,-71.0825832,16.659
1834,480772096,1769565507073,20:58:27.073,42.3448023,-71.0825832,16.659
1835,481034240,1769565507488,20:58:27.488,42.3448023,-71.0825832,16.659
1836,481296384,1769565507813,20:58:27.813,42.3448023,-71.0825832,16.659
1837,481558528,1769565508222,20:58:28.222,42.3448023,-71.0825832,16.659
1838,481820672,1769565508791,20:58:28.791,42.3448023,-71.0825832,16.659
1839,482082816,1769565509300,20:58:29.300,42.3448023,-71.0825832,16.659
1840,482344960,1769565509790,20:58:29.790,42.3448023,-71.0825832,16.659
1841,482607104,1769565510285,20:58:30.285,42.3448023,-71.0825832,16.659
1842,482869248,1769565510789,20:58:30.789,42.3448023,-71.0825832,16.659
1843,483131392,1769565511188,20:58:31.188,42.3448023,-71.0825832,16.659
1844,483393536,1769565511653,20:58:31.653,42.3448023,-71.0825832,16.659
1845,483655680,1769565512150,20:58:32.150,42.3448023,-71.0825832,16.659
1846,483917824,1769565515292,20:58:35.292,42.3448023,-71.0825832,16.659
1847,484179968,1769565515557,20:58:35.557,42.3448023,-71.0825832,16.659
1848,484442112,1769565515814,20:58:35.814,42.3448023,-71.0825832,16.659
1849,484704256,1769565516068,20:58:36.068,42.3448023,-71.0825832,16.659
1850,484966400,1769565516320,20:58:36.320,42.3448023,-71.0825832,16.659
1851,485228544,1769565516584,20:58:36.584,42.3448023,-71.0825832,16.659
1852,485490688,1769565516849,20:58:36.849,42.3448023,-71.0825832,16.659
1853,485752832,1769565517100,20:58:37.100,42.3448023,-71.0825832,16.659
1854,486014976,1769565517353,20:58:37.353,42.3448023,-71.0825832,16.659
1855,486277120,1769565517620,20:58:37.620,42.3448023,-71.0825832,16.659
1856,486539264,1769565517907,20:58:37.907,42.3448023,-71.0825832,16.659
1857,486801408,1769565518168,20:58:38.168,42.3448023,-71.0825832,16.659
1858,487063552,1769565518422,20:58:38.422,42.3448023,-71.0825832,16.659
1859,487325696,1769565518672,20:58:38.672,42.3448023,-71.0825832,16.659
1860,487587840,1769565518942,20:58:38.942,42.3448023,-71.0825832,16.659
1861,487849984,1769565519196,20:58:39.196,42.3448023,-71.0825832,16.659
1862,488112128,1769565519461,20:58:39.461,42.3448023,-71.0825832,16.659
1863,488374272,1769565519807,20:58:39.807,42.3448023,-71.0825832,16.659
1864,488636416,1769565520202,20:58:40.202,42.3448023,-71.0825832,16.659
1865,488898560,1769565520664,20:58:40.664,42.3448023,-71.0825832,16.659
1866,489160704,1769565521078,20:58:41.078,42.3448023,-71.0825832,16.659
1867,489422848,1769565521461,20:58:41.461,42.3448023,-71.0825832,16.659
1868,489684992,1769565521836,20:58:41.836,42.3448023,-71.0825832,16.659
1869,489947136,1769565522226,20:58:42.226,42.3448023,-71.0825832,16.659
1870,490209280,1769565522690,20:58:42.690,42.3448023,-71.0825832,16.659
1871,490471424,1769565523091,20:58:43.091,42.3448023,-71.0825832,16.659
1872,490733568,1769565523564,20:58:43.564,42.3448023,-71.0825832,16.659
1873,490995712,1769565523986,20:58:43.986,42.3448023,-71.0825832,16.659
1874,491257856,1769565524375,20:58:44.375,42.3448023,-71.0825832,16.659
1875,491520000,1769565524848,20:58:44.848,42.3448023,-71.0825832,16.659
1876,491782144,1769565525326,20:58:45.326,42.3448023,-71.0825832,16.659
1877,492044288,1769565525934,20:58:45.934,42.3448023,-71.0825832,16.659
1878,492306432,1769565526404,20:58:46.404,42.3448023,-71.0825832,16.659
1879,492568576,1769565527013,20:58:47.013,42.3448023,-71.0825832,16.659
1880,492830720,1769565527492,20:58:47.492,42.3448023,-71.0825832,16.659
1881,493092864,1769565527946,20:58:47.946,42.3448023,-71.0825832,16.659
1882,493355008,1769565528576,20:58:48.576,42.3448023,-71.0825832,16.659
1883,493617152,1769565529340,20:58:49.340,42.3448023,-71.0825832,16.659
1884,493879296,1769565529903,20:58:49.903,42.3448023,-71.0825832,16.659
1885,494141440,1769565530342,20:58:50.342,42.3448023,-71.0825832,16.659
1886,494403584,1769565530758,20:58:50.758,42.3448023,-71.0825832,16.659
1887,494665728,1769565531310,20:58:51.310,42.3448023,-71.0825832,16.659
1888,494927872,1769565531876,20:58:51.876,42.3448023,-71.0825832,16.659
1889,495190016,1769565532376,20:58:52.376,42.3448023,-71.0825832,16.659
1890,495452160,1769565532803,20:58:52.803,42.3448023,-71.0825832,16.659
1891,495714304,1769565533176,20:58:53.176,42.3448023,-71.0825832,16.659
1892,495976448,1769565533527,20:58:53.527,42.3448023,-71.0825832,16.659
1893,496238592,1769565533878,20:58:53.878,42.3448023,-71.0825832,16.659
1894,496500736,1769565534257,20:58:54.257,42.3448023,-71.0825832,16.659
1895,496762880,1769565534627,20:58:54.627,42.3448023,-71.0825832,16.659
1896,497025024,1769565534995,20:58:54.995,42.3448023,-71.0825832,16.659
1897,497287168,1769565535354,20:58:55.354,42.3448023,-71.0825832,16.659
1898,497549312,1769565535804,20:58:55.804,42.3448023,-71.0825832,16.659
1899,497811456,1769565536248,20:58:56.248,42.3448023,-71.0825832,16.659
1900,498073600,1769565536602,20:58:56.602,42.3448023,-71.0825832,16.659
1901,498335744,1769565536993,20:58:56.993,42.3448023,-71.0825832,16.659
1902,498597888,1769565537385,20:58:57.385,42.3448023,-71.0825832,16.659
1903,498860032,1769565537795,20:58:57.795,42.3448023,-71.0825832,16.659
1904,499122176,1769565538172,20:58:58.172,42.3448023,-71.0825832,16.659
1905,499384320,1769565538533,20:58:58.533,42.3448023,-71.0825832,16.659
1906,499646464,1769565538874,20:58:58.874,42.3448023,-71.0825832,16.659
1907,499908608,1769565539224,20:58:59.224,42.3448023,-71.0825832,16.659
1908,500170752,1769565539574,20:58:59.574,42.3448023,-71.0825832,16.659
1909,500432896,1769565539925,20:58:59.925,42.3448023,-71.0825832,16.659
1910,500695040,1769565540343,20:59:00.343,42.3448023,-71.0825832,16.659
1911,500957184,1769565540752,20:59:00.752,42.3448023,-71.0825832,16.659
1912,501219328,1769565541129,20:59:01.129,42.3448023,-71.0825832,16.659
1913,501481472,1769565541453,20:59:01.453,42.3448023,-71.0825832,16.659
1914,501743616,1769565541806,20:59:01.806,42.3448023,-71.0825832,16.659
1915,502005760,1769565542156,20:59:02.156,42.3448023,-71.0825832,16.659
1916,502267904,1769565545956,20:59:05.956,42.3448023,-71.0825832,16.659
1917,502530048,1769565546242,20:59:06.242,42.3448023,-71.0825832,16.659
1918,502792192,1769565546504,20:59:06.504,42.3448023,-71.0825832,16.659
1919,503054336,1769565546760,20:59:06.760,42.3448023,-71.0825832,16.659
1920,503316480,1769565547021,20:59:07.021,42.3448023,-71.0825832,16.659
1921,503578624,1769565547283,20:59:07.283,42.3448023,-71.0825832,16.659
1922,503840768,1769565547561,20:59:07.561,42.3448023,-71.0825832,16.659
1923,504102912,1769565547808,20:59:07.808,42.3448023,-71.0825832,16.659
1924,504365056,1769565548073,20:59:08.073,42.3448023,-71.0825832,16.659
1925,504627200,1769565548337,20:59:08.337,42.3448023,-71.0825832,16.659
1926,504889344,1769565548613,20:59:08.613,42.3448023,-71.0825832,16.659
1927,505151488,1769565548868,20:59:08.868,42.3448023,-71.0825832,16.659
1928,505413632,1769565549140,20:59:09.140,42.3448023,-71.0825832,16.659
1929,505675776,1769565549406,20:59:09.406,42.3448023,-71.0825832,16.659
1930,505937920,1769565549678,20:59:09.678,42.3448023,-71.0825832,16.659
1931,506200064,1769565549927,20:59:09.927,42.3448023,-71.0825832,16.659
1932,506462208,1769565550165,20:59:10.165,42.3448023,-71.0825832,16.659
1933,506724352,1769565550403,20:59:10.403,42.3448023,-71.0825832,16.659
1934,506986496,1769565550845,20:59:10.845,42.3448023,-71.0825832,16.659
1935,507248640,1769565551527,20:59:11.527,42.3448023,-71.0825832,16.659
1936,507510784,1769565552003,20:59:12.003,42.3448023,-71.0825832,16.659
1937,507772928,1769565552573,20:59:12.573,42.3448023,-71.0825832,16.659
1938,508035072,1769565553042,20:59:13.042,42.3448023,-71.0825832,16.659
1939,508297216,1769565553289,20:59:13.289,42.3448023,-71.0825832,16.659
1940,508559360,1769565553637,20:59:13.637,42.3448023,-71.0825832,16.659
1941,508821504,1769565554023,20:59:14.023,42.3448023,-71.0825832,16.659
1942,509083648,1769565554414,20:59:14.414,42.3448023,-71.0825832,16.659
1943,509345792,1769565554764,20:59:14.764,42.3448023,-71.0825832,16.659
1944,509607936,1769565555116,20:59:15.116,42.3448023,-71.0825832,16.659
1945,509870080,1769565555548,20:59:15.548,42.3448023,-71.0825832,16.659
1946,510132224,1769565555814,20:59:15.814,42.3448023,-71.0825832,16.659
1947,510394368,1769565556166,20:59:16.166,42.3448023,-71.0825832,16.659
1948,510656512,1769565556858,20:59:16.858,42.3448023,-71.0825832,16.659
1949,510918656,1769565557407,20:59:17.407,42.3448023,-71.0825832,16.659
1950,511180800,1769565558037,20:59:18.037,42.3448023,-71.0825832,16.659
1951,511442944,1769565558761,20:59:18.761,42.3448023,-71.0825832,16.659
1952,511705088,1769565559408,20:59:19.408,42.3448023,-71.0825832,16.659
1953,511967232,1769565560025,20:59:20.025,42.3448023,-71.0825832,16.659
1954,512229376,1769565560851,20:59:20.851,42.3448023,-71.0825832,16.659
1955,512491520,1769565561479,20:59:21.479,42.3448023,-71.0825832,16.659
1956,512753664,1769565562254,20:59:22.254,42.3448023,-71.0825832,16.659
1957,513015808,1769565562834,20:59:22.834,42.3448023,-71.0825832,16.659
1958,513277952,1769565563355,20:59:23.355,42.3448023,-71.0825832,16.659
1959,513540096,1769565563867,20:59:23.867,42.3448023,-71.0825832,16.659
1960,513802240,1769565564175,20:59:24.175,42.3448023,-71.0825832,16.659
1961,514064384,1769565564680,20:59:24.680,42.3448023,-71.0825832,16.659
1962,514326528,1769565565225,20:59:25.225,42.3448023,-71.0825832,16.659
1963,514588672,1769565565709,20:59:25.709,42.3448023,-71.0825832,16.659
1964,514850816,1769565566140,20:59:26.140,42.3448023,-71.0825832,16.659
1965,515112960,1769565566633,20:59:26.633,42.3448023,-71.0825832,16.659
1966,515375104,1769565567041,20:59:27.041,42.3448023,-71.0825832,16.659
1967,515637248,1769565567394,20:59:27.394,42.3448023,-71.0825832,16.659
1968,515899392,1769565567761,20:59:27.761,42.3448023,-71.0825832,16.659
1969,516161536,1769565568131,20:59:28.131,42.3448023,-71.0825832,16.659
1970,516423680,1769565568532,20:59:28.532,42.3448023,-71.0825832,16.659
1971,516685824,1769565569012,20:59:29.012,42.3448023,-71.0825832,16.659
1972,516947968,1769565569465,20:59:29.465,42.3448023,-71.0825832,16.659
1973,517210112,1769565569863,20:59:29.863,42.3448023,-71.0825832,16.659
1974,517472256,1769565570214,20:59:30.214,42.3448023,-71.0825832,16.659
1975,517734400,1769565570603,20:59:30.603,42.3448023,-71.0825832,16.659
1976,517996544,1769565571083,20:59:31.083,42.3448023,-71.0825832,16.659
1977,518258688,1769565571558,20:59:31.558,42.3448023,-71.0825832,16.659
1978,518520832,1769565572053,20:59:32.053,42.3448023,-71.0825832,16.659
1979,518782976,1769565576231,20:59:36.231,42.3448023,-71.0825832,16.659
1980,519045120,1769565576486,20:59:36.486,42.3448023,-71.0825832,16.659
1981,519307264,1769565576749,20:59:36.749,42.3448023,-71.0825832,16.659
1982,519569408,1769565577005,20:59:37.005,42.3448023,-71.0825832,16.659
1983,519831552,1769565577261,20:59:37.261,42.3448023,-71.0825832,16.659
1984,520093696,1769565577539,20:59:37.539,42.3448023,-71.0825832,16.659
1985,520355840,1769565577790,20:59:37.790,42.3448023,-71.0825832,16.659
1986,520617984,1769565578034,20:59:38.034,42.3448023,-71.0825832,16.659
1987,520880128,1769565578285,20:59:38.285,42.3448023,-71.0825832,16.659
1988,521142272,1769565578524,20:59:38.524,42.3448023,-71.0825832,16.659
1989,521404416,1769565578798,20:59:38.798,42.3448023,-71.0825832,16.659
1990,521666560,1769565579056,20:59:39.056,42.3448023,-71.0825832,16.659
1991,521928704,1769565579323,20:59:39.323,42.3448023,-71.0825832,16.659
1992,522190848,1769565579570,20:59:39.570,42.3448023,-71.0825832,16.659
1993,522452992,1769565579822,20:59:39.822,42.3448023,-71.0825832,16.659
1994,522715136,1769565580089,20:59:40.089,42.3448023,-71.0825832,16.659
1995,522977280,1769565580369,20:59:40.369,42.3448023,-71.0825832,16.659
1996,523239424,1769565580627,20:59:40.627,42.3448023,-71.0825832,16.659
1997,523501568,1769565580889,20:59:40.889,42.3448023,-71.0825832,16.659
1998,523763712,1769565581164,20:59:41.164,42.3448023,-71.0825832,16.659
1999,524025856,1769565581407,20:59:41.407,42.3448023,-71.0825832,16.659
2000,524288000,1769565581664,20:59:41.664,42.3448023,-71.0825832,16.659
2001,524550144,1769565582009,20:59:42.009,42.3448023,-71.0825832,16.659
2002,524812288,1769565582500,20:59:42.500,42.3448023,-71.0825832,16.659
2003,525074432,1769565582949,20:59:42.949,42.3448023,-71.0825832,16.659
2004,525336576,1769565583381,20:59:43.381,42.3448023,-71.0825832,16.659
2005,525598720,1769565583747,20:59:43.747,42.3448023,-71.0825832,16.659
2006,525860864,1769565584102,20:59:44.102,42.3448023,-71.0825832,16.659
2007,526123008,1769565584460,20:59:44.460,42.3448023,-71.0825832,16.659
2008,526385152,1769565584866,20:59:44.866,42.3448023,-71.0825832,16.659
2009,526647296,1769565585216,20:59:45.216,42.3448023,-71.0825832,16.659
2010,526909440,1769565585597,20:59:45.597,42.3448023,-71.0825832,16.659
2011,527171584,1769565585975,20:59:45.975,42.3448023,-71.0825832,16.659
2012,527433728,1769565586460,20:59:46.460,42.3448023,-71.0825832,16.659
2013,527695872,1769565586725,20:59:46.725,42.3448023,-71.0825832,16.659
2014,527958016,1769565587148,20:59:47.148,42.3448023,-71.0825832,16.659
2015,528220160,1769565587534,20:59:47.534,42.3448023,-71.0825832,16.659
2016,528482304,1769565587981,20:59:47.981,42.3448023,-71.0825832,16.659
2017,528744448,1769565588574,20:59:48.574,42.3448023,-71.0825832,16.659
2018,529006592,1769565589018,20:59:49.018,42.3448023,-71.0825832,16.659
2019,529268736,1769565589602,20:59:49.602,42.3448023,-71.0825832,16.659
2020,529530880,1769565589995,20:59:49.995,42.3448023,-71.0825832,16.659
2021,529793024,1769565590453,20:59:50.453,42.3448023,-71.0825832,16.659
2022,530055168,1769565591074,20:59:51.074,42.3448023,-71.0825832,16.659
2023,530317312,1769565591591,20:59:51.591,42.3448023,-71.0825832,16.659
2024,530579456,1769565592058,20:59:52.058,42.3448023,-71.0825832,16.659
2025,530841600,1769565592762,20:59:52.762,42.3448023,-71.0825832,16.659
2026,531103744,1769565593261,20:59:53.261,42.3448023,-71.0825832,16.659
2027,531365888,1769565593534,20:59:53.534,42.3448023,-71.0825832,16.659
2028,531628032,1769565594066,20:59:54.066,42.3448023,-71.0825832,16.659
2029,531890176,1769565594841,20:59:54.841,42.3448023,-71.0825832,16.659
2030,532152320,1769565595333,20:59:55.333,42.3448023,-71.0825832,16.659
2031,532414464,1769565595647,20:59:55.647,42.3448023,-71.0825832,16.659
2032,532676608,1769565596234,20:59:56.234,42.3448023,-71.0825832,16.659
2033,532938752,1769565596944,20:59:56.944,42.3448023,-71.0825832,16.659
2034,533200896,1769565597399,20:59:57.399,42.3448023,-71.0825832,16.659
2035,533463040,1769565597924,20:59:57.924,42.3448023,-71.0825832,16.659
2036,533725184,1769565598401,20:59:58.401,42.3448023,-71.0825832,16.659
2037,533987328,1769565598787,20:59:58.787,42.3448023,-71.0825832,16.659
2038,534249472,1769565599244,20:59:59.244,42.3448023,-71.0825832,16.659
2039,534511616,1769565599644,20:59:59.644,42.3448023,-71.0825832,16.659
2040,534773760,1769565600113,21:00:00.113,42.3448023,-71.0825832,16.659
2041,535035904,1769565600554,21:00:00.554,42.3448023,-71.0825832,16.659
2042,535298048,1769565601024,21:00:01.024,42.3448023,-71.0825832,16.659
2043,535560192,1769565601380,21:00:01.380,42.3448023,-71.0825832,16.659
2044,535822336,1769565601776,21:00:01.776,42.3448023,-71.0825832,16.659
2045,536084480,1769565602176,21:00:02.176,42.3448023,-71.0825832,16.659
2046,536346624,1769565602674,21:00:02.674,42.3448023,-71.0825832,16.659
2047,536608768,1769565603120,21:00:03.120,42.3448023,-71.0825832,16.659
2048,536870912,1769565607500,21:00:07.500,42.3448023,-71.0825832,16.659
2049,537133056,1769565607761,21:00:07.761,42.3448023,-71.0825832,16.659
2050,537395200,1769565608013,21:00:08.013,42.3448023,-71.0825832,16.659
2051,537657344,1769565608266,21:00:08.266,42.3448023,-71.0825832,16.659
2052,537919488,1769565608518,21:00:08.518,42.3448023,-71.0825832,16.659
2053,538181632,1769565608757,21:00:08.757,42.3448023,-71.0825832,16.659
2054,538443776,1769565609017,21:00:09.017,42.3448023,-71.0825832,16.659
2055,538705920,1769565609301,21:00:09.301,42.3448023,-71.0825832,16.659
2056,538968064,1769565609554,21:00:09.554,42.3448023,-71.0825832,16.659
2057,539230208,1769565609786,21:00:09.786,42.3448023,-71.0825832,16.659
2058,539492352,1769565610024,21:00:10.024,42.3448023,-71.0825832,16.659
2059,539754496,1769565610299,21:00:10.299,42.3448023,-71.0825832,16.659
2060,540016640,1769565610559,21:00:10.559,42.3448023,-71.0825832,16.659
2061,540278784,1769565610814,21:00:10.814,42.3448023,-71.0825832,16.659
2062,540540928,1769565611056,21:00:11.056,42.3448023,-71.0825832,16.659
2063,540803072,1769565611311,21:00:11.311,42.3448023,-71.0825832,16.659
2064,541065216,1769565611583,21:00:11.583,42.3448023,-71.0825832,16.659
2065,541327360,1769565611831,21:00:11.831,42.3448023,-71.0825832,16.659
2066,541589504,1769565612115,21:00:12.115,42.3448023,-71.0825832,16.659
2067,541851648,1769565612380,21:00:12.380,42.3448023,-71.0825832,16.659
2068,542113792,1769565612615,21:00:12.615,42.3448023,-71.0825832,16.659
2069,542375936,1769565612883,21:00:12.883,42.3448023,-71.0825832,16.659
2070,542638080,1769565613134,21:00:13.134,42.3448023,-71.0825832,16.659
2071,542900224,1769565613396,21:00:13.396,42.3448023,-71.0825832,16.659
2072,543162368,1769565613641,21:00:13.641,42.3448023,-71.0825832,16.659
2073,543424512,1769565614028,21:00:14.028,42.3448023,-71.0825832,16.659
2074,543686656,1769565614454,21:00:14.454,42.3448023,-71.0825832,16.659
2075,543948800,1769565614856,21:00:14.856,42.3448023,-71.0825832,16.659
2076,544210944,1769565615224,21:00:15.224,42.3448023,-71.0825832,16.659
2077,544473088,1769565615574,21:00:15.574,42.3448023,-71.0825832,16.659
2078,544735232,1769565615946,21:00:15.946,42.3448023,-71.0825832,16.659
2079,544997376,1769565616276,21:00:16.276,42.3448023,-71.0825832,16.659
2080,545259520,1769565616628,21:00:16.628,42.3448023,-71.0825832,16.659
2081,545521664,1769565616977,21:00:16.977,42.3448023,-71.0825832,16.659
2082,545783808,1769565617328,21:00:17.328,42.3448023,-71.0825832,16.659
2083,546045952,1769565617681,21:00:17.681,42.3448023,-71.0825832,16.659
2084,546308096,1769565618026,21:00:18.026,42.3448023,-71.0825832,16.659
2085,546570240,1769565618315,21:00:18.315,42.3448023,-71.0825832,16.659
2086,546832384,1769565618933,21:00:18.933,42.3448023,-71.0825832,16.659
2087,547094528,1769565619463,21:00:19.463,42.3448023,-71.0825832,16.659
2088,547356672,1769565619894,21:00:19.894,42.3448023,-71.0825832,16.659
2089,547618816,1769565620362,21:00:20.362,42.3448023,-71.0825832,16.659
2090,547880960,1769565620898,21:00:20.898,42.3448023,-71.0825832,16.659
2091,548143104,1769565621509,21:00:21.509,42.3448023,-71.0825832,16.659
2092,548405248,1769565622033,21:00:22.033,42.3448023,-71.0825832,16.659
2093,548667392,1769565622384,21:00:22.384,42.3448023,-71.0825832,16.659
2094,548929536,1769565622883,21:00:22.883,42.3448023,-71.0825832,16.659
2095,549191680,1769565623334,21:00:23.334,42.3448023,-71.0825832,16.659
2096,549453824,1769565623761,21:00:23.761,42.3448023,-71.0825832,16.659
2097,549715968,1769565624187,21:00:24.187,42.3448023,-71.0825832,16.659
2098,549978112,1769565624881,21:00:24.881,42.3448023,-71.0825832,16.659
2099,550240256,1769565625571,21:00:25.571,42.3448023,-71.0825832,16.659
2100,550502400,1769565626179,21:00:26.179,42.3448023,-71.0825832,16.659
2101,550764544,1769565626678,21:00:26.678,42.3448023,-71.0825832,16.659
2102,551026688,1769565627090,21:00:27.090,42.3448023,-71.0825832,16.659
2103,551288832,1769565627676,21:00:27.676,42.3448023,-71.0825832,16.659
2104,551550976,1769565628154,21:00:28.154,42.3448023,-71.0825832,16.659
2105,551813120,1769565628404,21:00:28.404,42.3448023,-71.0825832,16.659
2106,552075264,1769565628650,21:00:28.650,42.3448023,-71.0825832,16.659
2107,552337408,1769565628999,21:00:28.999,42.3448023,-71.0825832,16.659
2108,552599552,1769565629351,21:00:29.351,42.3448023,-71.0825832,16.659
2109,552861696,1769565629703,21:00:29.703,42.3448023,-71.0825832,16.659
2110,553123840,1769565630054,21:00:30.054,42.3448023,-71.0825832,16.659
2111,553385984,1769565630473,21:00:30.473,42.3448023,-71.0825832,16.659
2112,553648128,1769565630935,21:00:30.935,42.3448023,-71.0825832,16.659
2113,553910272,1769565631284,21:00:31.284,42.3448023,-71.0825832,16.659
2114,554172416,1769565631635,21:00:31.635,42.3448023,-71.0825832,16.659
2115,554434560,1769565632020,21:00:32.020,42.3448023,-71.0825832,16.659
2116,554696704,1769565632500,21:00:32.500,42.3448023,-71.0825832,16.659
2117,554958848,1769565632885,21:00:32.885,42.3448023,-71.0825832,16.659
2118,555220992,1769565633212,21:00:33.212,42.3448023,-71.0825832,16.659
2119,555483136,1769565638306,21:00:38.306,42.3448023,-71.0825832,16.659
2120,555745280,1769565638573,21:00:38.573,42.3448023,-71.0825832,16.659
2121,556007424,1769565638831,21:00:38.831,42.3448023,-71.0825832,16.659
2122,556269568,1769565639085,21:00:39.085,42.3448023,-71.0825832,16.659
2123,556531712,1769565639335,21:00:39.335,42.3448023,-71.0825832,16.659
2124,556793856,1769565639587,21:00:39.587,42.3448023,-71.0825832,16.659
2125,557056000,1769565639841,21:00:39.841,42.3448023,-71.0825832,16.659
2126,557318144,1769565640085,21:00:40.085,42.3448023,-71.0825832,16.659
2127,557580288,1769565640344,21:00:40.344,42.3448023,-71.0825832,16.659
2128,557842432,1769565640588,21:00:40.588,42.3448023,-71.0825832,16.659
2129,558104576,1769565640825,21:00:40.825,42.3448023,-71.0825832,16.659
2130,558366720,1769565641061,21:00:41.061,42.3448023,-71.0825832,16.659
2131,558628864,1769565641311,21:00:41.311,42.3448023,-71.0825832,16.659
2132,558891008,1769565641562,21:00:41.562,42.3448023,-71.0825832,16.659
2133,559153152,1769565641826,21:00:41.826,42.3448023,-71.0825832,16.659
2134,559415296,1769565642079,21:00:42.079,42.3448023,-71.0825832,16.659
2135,559677440,1769565642336,21:00:42.336,42.3448023,-71.0825832,16.659
2136,559939584,1769565642583,21:00:42.583,42.3448023,-71.0825832,16.659
2137,560201728,1769565642830,21:00:42.830,42.3448023,-71.0825832,16.659
2138,560463872,1769565643092,21:00:43.092,42.3448023,-71.0825832,16.659
2139,560726016,1769565643343,21:00:43.343,42.3448023,-71.0825832,16.659
2140,560988160,1769565643592,21:00:43.592,42.3448023,-71.0825832,16.659
2141,561250304,1769565643836,21:00:43.836,42.3448023,-71.0825832,16.659
2142,561512448,1769565644099,21:00:44.099,42.3448023,-71.0825832,16.659
2143,561774592,1769565644633,21:00:44.633,42.3448023,-71.0825832,16.659
2144,562036736,1769565645136,21:00:45.136,42.3448023,-71.0825832,16.659
2145,562298880,1769565645572,21:00:45.572,42.3448023,-71.0825832,16.659
2146,562561024,1769565645976,21:00:45.976,42.3448023,-71.0825832,16.659
2147,562823168,1769565646303,21:00:46.303,42.3448023,-71.0825832,16.659
2148,563085312,1769565646670,21:00:46.670,42.3448023,-71.0825832,16.659
2149,563347456,1769565647138,21:00:47.138,42.3448023,-71.0825832,16.659
2150,563609600,1769565647604,21:00:47.604,42.3448023,-71.0825832,16.659
2151,563871744,1769565647966,21:00:47.966,42.3448023,-71.0825832,16.659
2152,564133888,1769565648325,21:00:48.325,42.3448023,-71.0825832,16.659
2153,564396032,1769565648912,21:00:48.912,42.3448023,-71.0825832,16.659
2154,564658176,1769565649575,21:00:49.575,42.3448023,-71.0825832,16.659
2155,564920320,1769565650178,21:00:50.178,42.3448023,-71.0825832,16.659
2156,565182464,1769565650847,21:00:50.847,42.3448023,-71.0825832,16.659
2157,565444608,1769565651514,21:00:51.514,42.3448023,-71.0825832,16.659
2158,565706752,1769565652202,21:00:52.202,42.3448023,-71.0825832,16.659
2159,565968896,1769565652639,21:00:52.639,42.3448023,-71.0825832,16.659
2160,566231040,1769565652997,21:00:52.997,42.3448023,-71.0825832,16.659
2161,566493184,1769565653351,21:00:53.351,42.3448023,-71.0825832,16.659
2162,566755328,1769565653699,21:00:53.699,42.3448023,-71.0825832,16.659
2163,567017472,1769565654051,21:00:54.051,42.3448023,-71.0825832,16.659
2164,567279616,1769565654418,21:00:54.418,42.3448023,-71.0825832,16.659
2165,567541760,1769565654751,21:00:54.751,42.3448023,-71.0825832,16.659
2166,567803904,1769565655104,21:00:55.104,42.3448023,-71.0825832,16.659
2167,568066048,1769565655484,21:00:55.484,42.3448023,-71.0825832,16.659
2168,568328192,1769565655852,21:00:55.852,42.3448023,-71.0825832,16.659
2169,568590336,1769565656186,21:00:56.186,42.3448023,-71.0825832,16.659
2170,568852480,1769565656596,21:00:56.596,42.3448023,-71.0825832,16.659
2171,569114624,1769565656985,21:00:56.985,42.3448023,-71.0825832,16.659
2172,569376768,1769565657358,21:00:57.358,42.3448023,-71.0825832,16.659
2173,569638912,1769565657696,21:00:57.696,42.3448023,-71.0825832,16.659
2174,569901056,1769565658082,21:00:58.082,42.3448023,-71.0825832,16.659
2175,570163200,1769565658649,21:00:58.649,42.3448023,-71.0825832,16.659
2176,570425344,1769565659107,21:00:59.107,42.3448023,-71.0825832,16.659
2177,570687488,1769565659581,21:00:59.581,42.3448023,-71.0825832,16.659
2178,570949632,1769565660048,21:01:00.048,42.3448023,-71.0825832,16.659
2179,571211776,1769565660399,21:01:00.399,42.3448023,-71.0825832,16.659
2180,571473920,1769565660977,21:01:00.977,42.3448023,-71.0825832,16.659
2181,571736064,1769565661668,21:01:01.668,42.3448023,-71.0825832,16.659
2182,571998208,1769565662300,21:01:02.300,42.3448023,-71.0825832,16.659
2183,572260352,1769565662818,21:01:02.818,42.3448023,-71.0825832,16.659
2184,572522496,1769565663490,21:01:03.490,42.3448023,-71.0825832,16.659
2185,572784640,1769565669005,21:01:09.005,42.3448023,-71.0825832,16.659
2186,573046784,1769565669248,21:01:09.248,42.3448023,-71.0825832,16.659
2187,573308928,1769565669500,21:01:09.500,42.3448023,-71.0825832,16.659
2188,573571072,1769565669769,21:01:09.769,42.3448023,-71.0825832,16.659
2189,573833216,1769565670031,21:01:10.031,42.3448023,-71.0825832,16.659
2190,574095360,1769565670270,21:01:10.270,42.3448023,-71.0825832,16.659
2191,574357504,1769565670536,21:01:10.536,42.3448023,-71.0825832,16.659
2192,574619648,1769565670793,21:01:10.793,42.3448023,-71.0825832,16.659
2193,574881792,1769565671058,21:01:11.058,42.3448023,-71.0825832,16.659
2194,575143936,1769565671307,21:01:11.307,42.3448023,-71.0825832,16.659
2195,575406080,1769565671588,21:01:11.588,42.3448023,-71.0825832,16.659
2196,575668224,1769565671823,21:01:11.823,42.3448023,-71.0825832,16.659
2197,575930368,1769565672080,21:01:12.080,42.3448023,-71.0825832,16.659
2198,576192512,1769565672323,21:01:12.323,42.3448023,-71.0825832,16.659
2199,576454656,1769565672587,21:01:12.587,42.3448023,-71.0825832,16.659
2200,576716800,1769565672831,21:01:12.831,42.3448023,-71.0825832,16.659
2201,576978944,1769565673093,21:01:13.093,42.3448023,-71.0825832,16.659
2202,577241088,1769565673372,21:01:13.372,42.3448023,-71.0825832,16.659
2203,577503232,1769565673627,21:01:13.627,42.3448023,-71.0825832,16.659
2204,577765376,1769565673866,21:01:13.866,42.3448023,-71.0825832,16.659
2205,578027520,1769565674134,21:01:14.134,42.3448023,-71.0825832,16.659
2206,578289664,1769565674398,21:01:14.398,42.3448023,-71.0825832,16.659
2207,578551808,1769565674658,21:01:14.658,42.3448023,-71.0825832,16.659
2208,578813952,1769565674923,21:01:14.923,42.3448023,-71.0825832,16.659
2209,579076096,1769565675173,21:01:15.173,42.3448023,-71.0825832,16.659
2210,579338240,1769565675446,21:01:15.446,42.3448023,-71.0825832,16.659
2211,579600384,1769565675803,21:01:15.803,42.3448023,-71.0825832,16.659
2212,579862528,1769565676165,21:01:16.165,42.3448023,-71.0825832,16.659
2213,580124672,1769565676558,21:01:16.558,42.3448023,-71.0825832,16.659
2214,580386816,1769565676982,21:01:16.982,42.3448023,-71.0825832,16.659
2215,580648960,1769565677341,21:01:17.341,42.3448023,-71.0825832,16.659
2216,580911104,1769565677750,21:01:17.750,42.3448023,-71.0825832,16.659
2217,581173248,1769565678100,21:01:18.100,42.3448023,-71.0825832,16.659
2218,581435392,1769565678457,21:01:18.457,42.3448023,-71.0825832,16.659
2219,581697536,1769565678804,21:01:18.804,42.3448023,-71.0825832,16.659
2220,581959680,1769565679157,21:01:19.157,42.3448023,-71.0825832,16.659
2221,582221824,1769565679508,21:01:19.508,42.3448023,-71.0825832,16.659
2222,582483968,1769565679858,21:01:19.858,42.3448023,-71.0825832,16.659
2223,582746112,1769565680232,21:01:20.232,42.3448023,-71.0825832,16.659
2224,583008256,1769565680561,21:01:20.561,42.3448023,-71.0825832,16.659
2225,583270400,1769565680910,21:01:20.910,42.3448023,-71.0825832,16.659
2226,583532544,1769565681262,21:01:21.262,42.3448023,-71.0825832,16.659
2227,583794688,1769565681622,21:01:21.622,42.3448023,-71.0825832,16.659
2228,584056832,1769565681973,21:01:21.973,42.3448023,-71.0825832,16.659
2229,584318976,1769565682384,21:01:22.384,42.3448023,-71.0825832,16.659
2230,584581120,1769565682770,21:01:22.770,42.3448023,-71.0825832,16.659
2231,584843264,1769565683039,21:01:23.039,42.3448023,-71.0825832,16.659
2232,585105408,1769565683455,21:01:23.455,42.3448023,-71.0825832,16.659
2233,585367552,1769565683891,21:01:23.891,42.3448023,-71.0825832,16.659
2234,585629696,1769565684303,21:01:24.303,42.3448023,-71.0825832,16.659
2235,585891840,1769565684728,21:01:24.728,42.3448023,-71.0825832,16.659
2236,586153984,1769565685221,21:01:25.221,42.3448023,-71.0825832,16.659
2237,586416128,1769565685629,21:01:25.629,42.3448023,-71.0825832,16.659
2238,586678272,1769565686221,21:01:26.221,42.3448023,-71.0825832,16.659
2239,586940416,1769565686772,21:01:26.772,42.3448023,-71.0825832,16.659
2240,587202560,1769565687258,21:01:27.258,42.3448023,-71.0825832,16.659
2241,587464704,1769565687683,21:01:27.683,42.3448023,-71.0825832,16.659
2242,587726848,1769565688062,21:01:28.062,42.3448023,-71.0825832,16.659
2243,587988992,1769565688516,21:01:28.516,42.3448023,-71.0825832,16.659
2244,588251136,1769565689068,21:01:29.068,42.3448023,-71.0825832,16.659
2245,588513280,1769565689551,21:01:29.551,42.3448023,-71.0825832,16.659
2246,588775424,1769565689965,21:01:29.965,42.3448023,-71.0825832,16.659
2247,589037568,1769565690363,21:01:30.363,42.3448023,-71.0825832,16.659
2248,589299712,1769565690781,21:01:30.781,42.3448023,-71.0825832,16.659
2249,589561856,1769565691279,21:01:31.279,42.3448023,-71.0825832,16.659
2250,589824000,1769565691989,21:01:31.989,42.3448023,-71.0825832,16.659
2251,590086144,1769565692512,21:01:32.512,42.3448023,-71.0825832,16.659
2252,590348288,1769565693207,21:01:33.207,42.3448023,-71.0825832,16.659
2253,590610432,1769565693892,21:01:33.892,42.3448023,-71.0825832,16.659
2254,590872576,1769565699706,21:01:39.706,42.3448023,-71.0825832,16.659
2255,591134720,1769565699985,21:01:39.985,42.3448023,-71.0825832,16.659
2256,591396864,1769565700240,21:01:40.240,42.3448023,-71.0825832,16.659
2257,591659008,1769565700505,21:01:40.505,42.3448023,-71.0825832,16.659
2258,591921152,1769565700771,21:01:40.771,42.3448023,-71.0825832,16.659
2259,592183296,1769565701020,21:01:41.020,42.3448023,-71.0825832,16.659
2260,592445440,1769565701271,21:01:41.271,42.3448023,-71.0825832,16.659
2261,592707584,1769565701528,21:01:41.528,42.3448023,-71.0825832,16.659
2262,592969728,1769565701776,21:01:41.776,42.3448023,-71.0825832,16.659
2263,593231872,1769565702030,21:01:42.030,42.3448023,-71.0825832,16.659
2264,593494016,1769565702273,21:01:42.273,42.3448023,-71.0825832,16.659
2265,593756160,1769565702557,21:01:42.557,42.3448023,-71.0825832,16.659
2266,594018304,1769565702811,21:01:42.811,42.3448023,-71.0825832,16.659
2267,594280448,1769565703057,21:01:43.057,42.3448023,-71.0825832,16.659
2268,594542592,1769565703325,21:01:43.325,42.3448023,-71.0825832,16.659
2269,594804736,1769565703584,21:01:43.584,42.3448023,-71.0825832,16.659
2270,595066880,1769565703827,21:01:43.827,42.3448023,-71.0825832,16.659
2271,595329024,1769565704089,21:01:44.089,42.3448023,-71.0825832,16.659
2272,595591168,1769565704336,21:01:44.336,42.3448023,-71.0825832,16.659
2273,595853312,1769565704664,21:01:44.664,42.3448023,-71.0825832,16.659
2274,596115456,1769565705223,21:01:45.223,42.3448023,-71.0825832,16.659
2275,596377600,1769565705725,21:01:45.725,42.3448023,-71.0825832,16.659
2276,596639744,1769565706191,21:01:46.191,42.3448023,-71.0825832,16.659
2277,596901888,1769565706654,21:01:46.654,42.3448023,-71.0825832,16.659
2278,597164032,1769565707033,21:01:47.033,42.3448023,-71.0825832,16.659
2279,597426176,1769565707389,21:01:47.389,42.3448023,-71.0825832,16.659
2280,597688320,1769565707754,21:01:47.754,42.3448023,-71.0825832,16.659
2281,597950464,1769565708193,21:01:48.193,42.3448023,-71.0825832,16.659
2282,598212608,1769565708686,21:01:48.686,42.3448023,-71.0825832,16.659
2283,598474752,1769565709119,21:01:49.119,42.3448023,-71.0825832,16.659
2284,598736896,1769565709594,21:01:49.594,42.3448023,-71.0825832,16.659
2285,598999040,1769565710148,21:01:50.148,42.3448023,-71.0825832,16.659
2286,599261184,1769565710893,21:01:50.893,42.3448023,-71.0825832,16.659
2287,599523328,1769565711546,21:01:51.546,42.3448023,-71.0825832,16.659
2288,599785472,1769565712033,21:01:52.033,42.3448023,-71.0825832,16.659
2289,600047616,1769565712510,21:01:52.510,42.3448023,-71.0825832,16.659
2290,600309760,1769565713139,21:01:53.139,42.3448023,-71.0825832,16.659
2291,600571904,1769565713842,21:01:53.842,42.3448023,-71.0825832,16.659
2292,600834048,1769565714469,21:01:54.469,42.3448023,-71.0825832,16.659
2293,601096192,1769565715195,21:01:55.195,42.3448023,-71.0825832,16.659
2294,601358336,1769565715958,21:01:55.958,42.3448023,-71.0825832,16.659
2295,601620480,1769565716477,21:01:56.477,42.3448023,-71.0825832,16.659
2296,601882624,1769565717185,21:01:57.185,42.3448023,-71.0825832,16.659
2297,602144768,1769565717694,21:01:57.694,42.3448023,-71.0825832,16.659
2298,602406912,1769565717963,21:01:57.963,42.3448023,-71.0825832,16.659
2299,602669056,1769565718315,21:01:58.315,42.3448023,-71.0825832,16.659
2300,602931200,1769565718669,21:01:58.669,42.3448023,-71.0825832,16.659
2301,603193344,1769565719019,21:01:59.019,42.3448023,-71.0825832,16.659
2302,603455488,1769565719368,21:01:59.368,42.3448023,-71.0825832,16.659
2303,603717632,1769565719721,21:01:59.721,42.3448023,-71.0825832,16.659
2304,603979776,1769565720127,21:02:00.127,42.3448023,-71.0825832,16.659
2305,604241920,1769565720500,21:02:00.500,42.3448023,-71.0825832,16.659
2306,604504064,1769565720850,21:02:00.850,42.3448023,-71.0825832,16.659
2307,604766208,1769565721201,21:02:01.201,42.3448023,-71.0825832,16.659
2308,605028352,1769565721554,21:02:01.554,42.3448023,-71.0825832,16.659
2309,605290496,1769565721921,21:02:01.921,42.3448023,-71.0825832,16.659
2310,605552640,1769565722266,21:02:02.266,42.3448023,-71.0825832,16.659
2311,605814784,1769565722656,21:02:02.656,42.3448023,-71.0825832,16.659
2312,606076928,1769565723007,21:02:03.007,42.3448023,-71.0825832,16.659
2313,606339072,1769565723356,21:02:03.356,42.3448023,-71.0825832,16.659
2314,606601216,1769565723705,21:02:03.705,42.3448023,-71.0825832,16.659
2315,606863360,1769565724056,21:02:04.056,42.3448023,-71.0825832,16.659
2316,607125504,1769565730092,21:02:10.092,42.3448023,-71.0825832,16.659
2317,607387648,1769565730349,21:02:10.349,42.3448023,-71.0825832,16.659
2318,607649792,1769565730610,21:02:10.610,42.3448023,-71.0825832,16.659
2319,607911936,1769565730867,21:02:10.867,42.3448023,-71.0825832,16.659
2320,608174080,1769565731137,21:02:11.137,42.3448023,-71.0825832,16.659
2321,608436224,1769565731389,21:02:11.389,42.3448023,-71.0825832,16.659
2322,608698368,1769565731647,21:02:11.647,42.3448023,-71.0825832,16.659
2323,608960512,1769565731896,21:02:11.896,42.3448023,-71.0825832,16.659
2324,609222656,1769565732148,21:02:12.148,42.3448023,-71.0825832,16.659
2325,609484800,1769565732396,21:02:12.396,42.3448023,-71.0825832,16.659
2326,609746944,1769565732659,21:02:12.659,42.3448023,-71.0825832,16.659
2327,610009088,1769565732917,21:02:12.917,42.3448023,-71.0825832,16.659
2328,610271232,1769565733170,21:02:13.170,42.3448023,-71.0825832,16.659
2329,610533376,1769565733439,21:02:13.439,42.3448023,-71.0825832,16.659
2330,610795520,1769565733701,21:02:13.701,42.3448023,-71.0825832,16.659
2331,611057664,1769565733970,21:02:13.970,42.3448023,-71.0825832,16.659
2332,611319808,1769565734224,21:02:14.224,42.3448023,-71.0825832,16.659
2333,611581952,1769565734482,21:02:14.482,42.3448023,-71.0825832,16.659
2334,611844096,1769565734735,21:02:14.735,42.3448023,-71.0825832,16.659
2335,612106240,1769565735008,21:02:15.008,42.3448023,-71.0825832,16.659
2336,612368384,1769565735255,21:02:15.255,42.3448023,-71.0825832,16.659
2337,612630528,1769565735517,21:02:15.517,42.3448023,-71.0825832,16.659
2338,612892672,1769565735795,21:02:15.795,42.3448023,-71.0825832,16.659
2339,613154816,1769565736055,21:02:16.055,42.3448023,-71.0825832,16.659
2340,613416960,1769565736315,21:02:16.315,42.3448023,-71.0825832,16.659
2341,613679104,1769565736584,21:02:16.584,42.3448023,-71.0825832,16.659
2342,613941248,1769565736881,21:02:16.881,42.3448023,-71.0825832,16.659
2343,614203392,1769565737499,21:02:17.499,42.3448023,-71.0825832,16.659
2344,614465536,1769565738010,21:02:18.010,42.3448023,-71.0825832,16.659
2345,614727680,1769565738495,21:02:18.495,42.3448023,-71.0825832,16.659
2346,614989824,1769565739018,21:02:19.018,42.3448023,-71.0825832,16.659
2347,615251968,1769565739471,21:02:19.471,42.3448023,-71.0825832,16.659
2348,615514112,1769565740065,21:02:20.065,42.3448023,-71.0825832,16.659
2349,615776256,1769565740520,21:02:20.520,42.3448023,-71.0825832,16.659
2350,616038400,1769565740844,21:02:20.844,42.3448023,-71.0825832,16.659
2351,616300544,1769565741198,21:02:21.198,42.3448023,-71.0825832,16.659
2352,616562688,1769565741548,21:02:21.548,42.3448023,-71.0825832,16.659
2353,616824832,1769565741934,21:02:21.934,42.3448023,-71.0825832,16.659
2354,617086976,1769565742247,21:02:22.247,42.3448023,-71.0825832,16.659
2355,617349120,1769565742609,21:02:22.609,42.3448023,-71.0825832,16.659
2356,617611264,1769565743073,21:02:23.073,42.3448023,-71.0825832,16.659
2357,617873408,1769565743464,21:02:23.464,42.3448023,-71.0825832,16.659
2358,618135552,1769565743817,21:02:23.817,42.3448023,-71.0825832,16.659
2359,618397696,1769565744252,21:02:24.252,42.3448023,-71.0825832,16.659
2360,618659840,1769565744602,21:02:24.602,42.3448023,-71.0825832,16.659
2361,618921984,1769565744985,21:02:24.985,42.3448023,-71.0825832,16.659
2362,619184128,1769565745404,21:02:25.404,42.3448023,-71.0825832,16.659
2363,619446272,1769565745876,21:02:25.876,42.3448023,-71.0825832,16.659
2364,619708416,1769565746293,21:02:26.293,42.3448023,-71.0825832,16.659
2365,619970560,1769565746831,21:02:26.831,42.3448023,-71.0825832,16.659
2366,620232704,1769565747341,21:02:27.341,42.3448023,-71.0825832,16.659
2367,620494848,1769565747693,21:02:27.693,42.3448023,-71.0825832,16.659
2368,620756992,1769565748098,21:02:28.098,42.3448023,-71.0825832,16.659
2369,621019136,1769565748480,21:02:28.480,42.3448023,-71.0825832,16.659
2370,621281280,1769565748974,21:02:28.974,42.3448023,-71.0825832,16.659
2371,621543424,1769565749536,21:02:29.536,42.3448023,-71.0825832,16.659
2372,621805568,1769565750140,21:02:30.140,42.3448023,-71.0825832,16.659
2373,622067712,1769565750617,21:02:30.617,42.3448023,-71.0825832,16.659
2374,622329856,1769565751253,21:02:31.253,42.3448023,-71.0825832,16.659
2375,622592000,1769565751979,21:02:31.979,42.3448023,-71.0825832,16.659
2376,622854144,1769565752549,21:02:32.549,42.3448023,-71.0825832,16.659
2377,623116288,1769565752935,21:02:32.935,42.3448023,-71.0825832,16.659
2378,623378432,1769565753253,21:02:33.253,42.3448023,-71.0825832,16.659
2379,623640576,1769565753616,21:02:33.616,42.3448023,-71.0825832,16.659
2380,623902720,1769565754029,21:02:34.029,42.3448023,-71.0825832,16.659
2381,624164864,1769565754389,21:02:34.389,42.3448023,-71.0825832,16.659
2382,624427008,1769565760754,21:02:40.754,42.3448023,-71.0825832,16.659
2383,624689152,1769565761015,21:02:41.015,42.3448023,-71.0825832,16.659
2384,624951296,1769565761268,21:02:41.268,42.3448023,-71.0825832,16.659
2385,625213440,1769565761524,21:02:41.524,42.3448023,-71.0825832,16.659
2386,625475584,1769565761774,21:02:41.774,42.3448023,-71.0825832,16.659
2387,625737728,1769565762016,21:02:42.016,42.3448023,-71.0825832,16.659
2388,625999872,1769565762256,21:02:42.256,42.3448023,-71.0825832,16.659
2389,626262016,1769565762508,21:02:42.508,42.3448023,-71.0825832,16.659
2390,626524160,1769565762757,21:02:42.757,42.3448023,-71.0825832,16.659
2391,626786304,1769565763010,21:02:43.010,42.3448023,-71.0825832,16.659
2392,627048448,1769565763269,21:02:43.269,42.3448023,-71.0825832,16.659
2393,627310592,1769565763516,21:02:43.516,42.3448023,-71.0825832,16.659
2394,627572736,1769565763780,21:02:43.780,42.3448023,-71.0825832,16.659
2395,627834880,1769565764031,21:02:44.031,42.3448023,-71.0825832,16.659
2396,628097024,1769565764277,21:02:44.277,42.3448023,-71.0825832,16.659
2397,628359168,1769565764534,21:02:44.534,42.3448023,-71.0825832,16.659
2398,628621312,1769565764780,21:02:44.780,42.3448023,-71.0825832,16.659
2399,628883456,1769565765069,21:02:45.069,42.3448023,-71.0825832,16.659
2400,629145600,1769565765320,21:02:45.320,42.3448023,-71.0825832,16.659
2401,629407744,1769565765572,21:02:45.572,42.3448023,-71.0825832,16.659
2402,629669888,1769565765830,21:02:45.830,42.3448023,-71.0825832,16.659
2403,629932032,1769565766090,21:02:46.090,42.3448023,-71.0825832,16.659
2404,630194176,1769565766345,21:02:46.345,42.3448023,-71.0825832,16.659
2405,630456320,1769565766596,21:02:46.596,42.3448023,-71.0825832,16.659
2406,630718464,1769565766854,21:02:46.854,42.3448023,-71.0825832,16.659
2407,630980608,1769565767114,21:02:47.114,42.3448023,-71.0825832,16.659
2408,631242752,1769565767356,21:02:47.356,42.3448023,-71.0825832,16.659
2409,631504896,1769565767617,21:02:47.617,42.3448023,-71.0825832,16.659
2410,631767040,1769565767882,21:02:47.882,42.3448023,-71.0825832,16.659
2411,632029184,1769565768162,21:02:48.162,42.3448023,-71.0825832,16.659
2412,632291328,1769565768418,21:02:48.418,42.3448023,-71.0825832,16.659
2413,632553472,1769565768661,21:02:48.661,42.3448023,-71.0825832,16.659
2414,632815616,1769565768907,21:02:48.907,42.3448023,-71.0825832,16.659
2415,633077760,1769565769169,21:02:49.169,42.3448023,-71.0825832,16.659
2416,633339904,1769565769429,21:02:49.429,42.3448023,-71.0825832,16.659
2417,633602048,1769565769683,21:02:49.683,42.3448023,-71.0825832,16.659
2418,633864192,1769565769936,21:02:49.936,42.3448023,-71.0825832,16.659
2419,634126336,1769565770196,21:02:50.196,42.3448023,-71.0825832,16.659
2420,634388480,1769565770458,21:02:50.458,42.3448023,-71.0825832,16.659
2421,634650624,1769565770703,21:02:50.703,42.3448023,-71.0825832,16.659
2422,634912768,1769565771045,21:02:51.045,42.3448023,-71.0825832,16.659
2423,635174912,1769565771588,21:02:51.588,42.3448023,-71.0825832,16.659
2424,635437056,1769565772127,21:02:52.127,42.3448023,-71.0825832,16.659
2425,635699200,1769565772570,21:02:52.570,42.3448023,-71.0825832,16.659
2426,635961344,1769565773000,21:02:53.000,42.3448023,-71.0825832,16.659
2427,636223488,1769565773395,21:02:53.395,42.3448023,-71.0825832,16.659
2428,636485632,1769565773794,21:02:53.794,42.3448023,-71.0825832,16.659
2429,636747776,1769565774186,21:02:54.186,42.3448023,-71.0825832,16.659
2430,637009920,1769565774536,21:02:54.536,42.3448023,-71.0825832,16.659
2431,637272064,1769565774889,21:02:54.889,42.3448023,-71.0825832,16.659
2432,637534208,1769565775239,21:02:55.239,42.3448023,-71.0825832,16.659
2433,637796352,1769565775591,21:02:55.591,42.3448023,-71.0825832,16.659
2434,638058496,1769565775939,21:02:55.939,42.3448023,-71.0825832,16.659
2435,638320640,1769565776291,21:02:56.291,42.3448023,-71.0825832,16.659
2436,638582784,1769565776640,21:02:56.640,42.3448023,-71.0825832,16.659
2437,638844928,1769565776992,21:02:56.992,42.3448023,-71.0825832,16.659
2438,639107072,1769565777343,21:02:57.343,42.3448023,-71.0825832,16.659
2439,639369216,1769565777712,21:02:57.712,42.3448023,-71.0825832,16.659
2440,639631360,1769565778219,21:02:58.219,42.3448023,-71.0825832,16.659
2441,639893504,1769565778629,21:02:58.629,42.3448023,-71.0825832,16.659
2442,640155648,1769565778924,21:02:58.924,42.3448023,-71.0825832,16.659
2443,640417792,1769565779327,21:02:59.327,42.3448023,-71.0825832,16.659
2444,640679936,1769565779676,21:02:59.676,42.3448023,-71.0825832,16.659
2445,640942080,1769565780093,21:03:00.093,42.3448023,-71.0825832,16.659
2446,641204224,1769565780502,21:03:00.502,42.3448023,-71.0825832,16.659
2447,641466368,1769565780891,21:03:00.891,42.3448023,-71.0825832,16.659
2448,641728512,1769565781314,21:03:01.314,42.3448023,-71.0825832,16.659
2449,641990656,1769565781768,21:03:01.768,42.3448023,-71.0825832,16.659
2450,642252800,1769565782231,21:03:02.231,42.3448023,-71.0825832,16.659
2451,642514944,1769565782598,21:03:02.598,42.3448023,-71.0825832,16.659
2452,642777088,1769565782976,21:03:02.976,42.3448023,-71.0825832,16.659
2453,643039232,1769565783325,21:03:03.325,42.3448023,-71.0825832,16.659
2454,643301376,1769565783800,21:03:03.800,42.3448023,-71.0825832,16.659
2455,643563520,1769565784273,21:03:04.273,42.3448023,-71.0825832,16.659
2456,643825664,1769565784625,21:03:04.625,42.3448023,-71.0825832,16.659
2457,644087808,1769565790783,21:03:10.783,42.3448023,-71.0825832,16.659
2458,644349952,1769565791062,21:03:11.062,42.3448023,-71.0825832,16.659
2459,644612096,1769565791316,21:03:11.316,42.3448023,-71.0825832,16.659
2460,644874240,1769565791563,21:03:11.563,42.3448023,-71.0825832,16.659
2461,645136384,1769565791826,21:03:11.826,42.3448023,-71.0825832,16.659
2462,645398528,1769565792098,21:03:12.098,42.3448023,-71.0825832,16.659
2463,645660672,1769565792349,21:03:12.349,42.3448023,-71.0825832,16.659
2464,645922816,1769565792600,21:03:12.600,42.3448023,-71.0825832,16.659
2465,646184960,1769565792841,21:03:12.841,42.3448023,-71.0825832,16.659
2466,646447104,1769565793127,21:03:13.127,42.3448023,-71.0825832,16.659
2467,646709248,1769565793389,21:03:13.389,42.3448023,-71.0825832,16.659
2468,646971392,1769565793645,21:03:13.645,42.3448023,-71.0825832,16.659
2469,647233536,1769565793895,21:03:13.895,42.3448023,-71.0825832,16.659
2470,647495680,1769565794143,21:03:14.143,42.3448023,-71.0825832,16.659
2471,647757824,1769565794404,21:03:14.404,42.3448023,-71.0825832,16.659
2472,648019968,1769565794642,21:03:14.642,42.3448023,-71.0825832,16.659
2473,648282112,1769565794885,21:03:14.885,42.3448023,-71.0825832,16.659
2474,648544256,1769565795120,21:03:15.120,42.3448023,-71.0825832,16.659
2475,648806400,1769565795367,21:03:15.367,42.3448023,-71.0825832,16.659
2476,649068544,1769565795639,21:03:15.639,42.3448023,-71.0825832,16.659
2477,649330688,1769565795892,21:03:15.892,42.3448023,-71.0825832,16.659
2478,649592832,1769565796134,21:03:16.134,42.3448023,-71.0825832,16.659
2479,649854976,1769565796389,21:03:16.389,42.3448023,-71.0825832,16.659
2480,650117120,1769565796654,21:03:16.654,42.3448023,-71.0825832,16.659
2481,650379264,1769565796937,21:03:16.937,42.3448023,-71.0825832,16.659
2482,650641408,1769565797170,21:03:17.170,42.3448023,-71.0825832,16.659
2483,650903552,1769565797414,21:03:17.414,42.3448023,-71.0825832,16.659
2484,651165696,1769565797664,21:03:17.664,42.3448023,-71.0825832,16.659
2485,651427840,1769565797911,21:03:17.911,42.3448023,-71.0825832,16.659
2486,651689984,1769565798171,21:03:18.171,42.3448023,-71.0825832,16.659
2487,651952128,1769565798411,21:03:18.411,42.3448023,-71.0825832,16.659
2488,652214272,1769565798657,21:03:18.657,42.3448023,-71.0825832,16.659
2489,652476416,1769565798902,21:03:18.902,42.3448023,-71.0825832,16.659
2490,652738560,1769565799155,21:03:19.155,42.3448023,-71.0825832,16.659
2491,653000704,1769565799407,21:03:19.407,42.3448023,-71.0825832,16.659
2492,653262848,1769565799688,21:03:19.688,42.3448023,-71.0825832,16.659
2493,653524992,1769565799944,21:03:19.944,42.3448023,-71.0825832,16.659
2494,653787136,1769565800218,21:03:20.218,42.3448023,-71.0825832,16.659
2495,654049280,1769565800483,21:03:20.483,42.3448023,-71.0825832,16.659
2496,654311424,1769565800718,21:03:20.718,42.3448023,-71.0825832,16.659
2497,654573568,1769565800968,21:03:20.968,42.3448023,-71.0825832,16.659
2498,654835712,1769565801224,21:03:21.224,42.3448023,-71.0825832,16.659
2499,655097856,1769565801469,21:03:21.469,42.3448023,-71.0825832,16.659
2500,655360000,1769565801758,21:03:21.758,42.3448023,-71.0825832,16.659
2501,655622144,1769565802109,21:03:22.109,42.3448023,-71.0825832,16.659
2502,655884288,1769565802466,21:03:22.466,42.3448023,-71.0825832,16.659
2503,656146432,1769565802834,21:03:22.834,42.3448023,-71.0825832,16.659
2504,656408576,1769565803187,21:03:23.187,42.3448023,-71.0825832,16.659
2505,656670720,1769565803536,21:03:23.536,42.3448023,-71.0825832,16.659
2506,656932864,1769565803888,21:03:23.888,42.3448023,-71.0825832,16.659
2507,657195008,1769565804237,21:03:24.237,42.3448023,-71.0825832,16.659
2508,657457152,1769565804631,21:03:24.631,42.3448023,-71.0825832,16.659
2509,657719296,1769565805031,21:03:25.031,42.3448023,-71.0825832,16.659
2510,657981440,1769565805413,21:03:25.413,42.3448023,-71.0825832,16.659
2511,658243584,1769565805836,21:03:25.836,42.3448023,-71.0825832,16.659
2512,658505728,1769565806279,21:03:26.279,42.3448023,-71.0825832,16.659
2513,658767872,1769565806690,21:03:26.690,42.3448023,-71.0825832,16.659
2514,659030016,1769565806996,21:03:26.996,42.3448023,-71.0825832,16.659
2515,659292160,1769565807372,21:03:27.372,42.3448023,-71.0825832,16.659
2516,659554304,1769565807726,21:03:27.726,42.3448023,-71.0825832,16.659
2517,659816448,1769565808123,21:03:28.123,42.3448023,-71.0825832,16.659
2518,660078592,1769565808486,21:03:28.486,42.3448023,-71.0825832,16.659
2519,660340736,1769565808836,21:03:28.836,42.3448023,-71.0825832,16.659
2520,660602880,1769565809211,21:03:29.211,42.3448023,-71.0825832,16.659
2521,660865024,1769565809537,21:03:29.537,42.3448023,-71.0825832,16.659
2522,661127168,1769565809888,21:03:29.888,42.3448023,-71.0825832,16.659
2523,661389312,1769565810285,21:03:30.285,42.3448023,-71.0825832,16.659
2524,661651456,1769565810648,21:03:30.648,42.3448023,-71.0825832,16.659
2525,661913600,1769565811059,21:03:31.059,42.3448023,-71.0825832,16.659
2526,662175744,1769565811431,21:03:31.431,42.3448023,-71.0825832,16.659
2527,662437888,1769565811870,21:03:31.870,42.3448023,-71.0825832,16.659
2528,662700032,1769565812281,21:03:32.281,42.3448023,-71.0825832,16.659
2529,662962176,1769565812645,21:03:32.645,42.3448023,-71.0825832,16.659
2530,663224320,1769565812958,21:03:32.958,42.3448023,-71.0825832,16.659
2531,663486464,1769565813314,21:03:33.314,42.3448023,-71.0825832,16.659
2532,663748608,1769565813665,21:03:33.665,42.3448023,-71.0825832,16.659
2533,664010752,1769565814094,21:03:34.094,42.3448023,-71.0825832,16.659
2534,664272896,1769565814494,21:03:34.494,42.3448023,-71.0825832,16.659
2535,664535040,1769565814914,21:03:34.914,42.3448023,-71.0825832,16.659
2536,664797184,1769565821172,21:03:41.172,42.3448023,-71.0825832,16.659
2537,665059328,1769565821443,21:03:41.443,42.3448023,-71.0825832,16.659
2538,665321472,1769565821678,21:03:41.678,42.3448023,-71.0825832,16.659
2539,665583616,1769565821922,21:03:41.922,42.3448023,-71.0825832,16.659
2540,665845760,1769565822177,21:03:42.177,42.3448023,-71.0825832,16.659
2541,666107904,1769565822421,21:03:42.421,42.3448023,-71.0825832,16.659
2542,666370048,1769565822669,21:03:42.669,42.3448023,-71.0825832,16.659
2543,666632192,1769565822910,21:03:42.910,42.3448023,-71.0825832,16.659
2544,666894336,1769565823183,21:03:43.183,42.3448023,-71.0825832,16.659
2545,667156480,1769565823455,21:03:43.455,42.3448023,-71.0825832,16.659
2546,667418624,1769565823697,21:03:43.697,42.3448023,-71.0825832,16.659
2547,667680768,1769565823947,21:03:43.947,42.3448023,-71.0825832,16.659
2548,667942912,1769565824198,21:03:44.198,42.3448023,-71.0825832,16.659
2549,668205056,1769565824455,21:03:44.455,42.3448023,-71.0825832,16.659
2550,668467200,1769565824707,21:03:44.707,42.3448023,-71.0825832,16.659
2551,668729344,1769565824958,21:03:44.958,42.3448023,-71.0825832,16.659
2552,668991488,1769565825208,21:03:45.208,42.3448023,-71.0825832,16.659
2553,669253632,1769565825474,21:03:45.474,42.3448023,-71.0825832,16.659
2554,669515776,1769565825714,21:03:45.714,42.3448023,-71.0825832,16.659
2555,669777920,1769565825969,21:03:45.969,42.3448023,-71.0825832,16.659
2556,670040064,1769565826215,21:03:46.215,42.3448023,-71.0825832,16.659
2557,670302208,1769565826456,21:03:46.456,42.3448023,-71.0825832,16.659
2558,670564352,1769565826702,21:03:46.702,42.3448023,-71.0825832,16.659
2559,670826496,1769565826931,21:03:46.931,42.3448023,-71.0825832,16.659
2560,671088640,1769565827184,21:03:47.184,42.3448023,-71.0825832,16.659
2561,671350784,1769565827419,21:03:47.419,42.3448023,-71.0825832,16.659
2562,671612928,1769565827658,21:03:47.658,42.3448023,-71.0825832,16.659
2563,671875072,1769565827912,21:03:47.912,42.3448023,-71.0825832,16.659
2564,672137216,1769565828146,21:03:48.146,42.3448023,-71.0825832,16.659
2565,672399360,1769565828467,21:03:48.467,42.3448023,-71.0825832,16.659
2566,672661504,1769565828717,21:03:48.717,42.3448023,-71.0825832,16.659
2567,672923648,1769565828970,21:03:48.970,42.3448023,-71.0825832,16.659
2568,673185792,1769565829220,21:03:49.220,42.3448023,-71.0825832,16.659
2569,673447936,1769565829480,21:03:49.480,42.3448023,-71.0825832,16.659
2570,673710080,1769565829727,21:03:49.727,42.3448023,-71.0825832,16.659
2571,673972224,1769565829989,21:03:49.989,42.3448023,-71.0825832,16.659
2572,674234368,1769565830240,21:03:50.240,42.3448023,-71.0825832,16.659
2573,674496512,1769565830508,21:03:50.508,42.3448023,-71.0825832,16.659
2574,674758656,1769565830764,21:03:50.764,42.3448023,-71.0825832,16.659
2575,675020800,1769565831103,21:03:51.103,42.3448023,-71.0825832,16.659
2576,675282944,1769565831454,21:03:51.454,42.3448023,-71.0825832,16.659
2577,675545088,1769565831860,21:03:51.860,42.3448023,-71.0825832,16.659
2578,675807232,1769565832382,21:03:52.382,42.3448023,-71.0825832,16.659
2579,676069376,1769565832781,21:03:52.781,42.3448023,-71.0825832,16.659
2580,676331520,1769565833209,21:03:53.209,42.3448023,-71.0825832,16.659
2581,676593664,1769565833613,21:03:53.613,42.3448023,-71.0825832,16.659
2582,676855808,1769565834101,21:03:54.101,42.3448023,-71.0825832,16.659
2583,677117952,1769565834549,21:03:54.549,42.3448023,-71.0825832,16.659
2584,677380096,1769565834964,21:03:54.964,42.3448023,-71.0825832,16.659
2585,677642240,1769565835319,21:03:55.319,42.3448023,-71.0825832,16.659
2586,677904384,1769565835670,21:03:55.670,42.3448023,-71.0825832,16.659
2587,678166528,1769565836085,21:03:56.085,42.3448023,-71.0825832,16.659
2588,678428672,1769565836484,21:03:56.484,42.3448023,-71.0825832,16.659
2589,678690816,1769565836850,21:03:56.850,42.3448023,-71.0825832,16.659
2590,678952960,1769565837229,21:03:57.229,42.3448023,-71.0825832,16.659
2591,679215104,1769565837596,21:03:57.596,42.3448023,-71.0825832,16.659
2592,679477248,1769565837955,21:03:57.955,42.3448023,-71.0825832,16.659
2593,679739392,1769565838371,21:03:58.371,42.3448023,-71.0825832,16.659
2594,680001536,1769565838789,21:03:58.789,42.3448023,-71.0825832,16.659
2595,680263680,1769565839184,21:03:59.184,42.3448023,-71.0825832,16.659
2596,680525824,1769565839536,21:03:59.536,42.3448023,-71.0825832,16.659
2597,680787968,1769565839945,21:03:59.945,42.3448023,-71.0825832,16.659
2598,681050112,1769565840338,21:04:00.338,42.3448023,-71.0825832,16.659
2599,681312256,1769565840687,21:04:00.687,42.3448023,-71.0825832,16.659
2600,681574400,1769565841051,21:04:01.051,42.3448023,-71.0825832,16.659
2601,681836544,1769565841388,21:04:01.388,42.3448023,-71.0825832,16.659
2602,682098688,1769565841780,21:04:01.780,42.3448023,-71.0825832,16.659
2603,682360832,1769565842144,21:04:02.144,42.3448023,-71.0825832,16.659
2604,682622976,1769565842528,21:04:02.528,42.3448023,-71.0825832,16.659
2605,682885120,1769565842913,21:04:02.913,42.3448023,-71.0825832,16.659
2606,683147264,1769565843193,21:04:03.193,42.3448023,-71.0825832,16.659
2607,683409408,1769565843547,21:04:03.547,42.3448023,-71.0825832,16.659
2608,683671552,1769565843914,21:04:03.914,42.3448023,-71.0825832,16.659
2609,683933696,1769565844265,21:04:04.265,42.3448023,-71.0825832,16.659
2610,684195840,1769565844634,21:04:04.634,42.3448023,-71.0825832,16.659
2611,684457984,1769565844967,21:04:04.967,42.3448023,-71.0825832,16.659
2612,684720128,1769565850653,21:04:10.653,42.3448023,-71.0825832,16.659
2613,684982272,1769565850895,21:04:10.895,42.3448023,-71.0825832,16.659
2614,685244416,1769565851146,21:04:11.146,42.3448023,-71.0825832,16.659
2615,685506560,1769565851394,21:04:11.394,42.3448023,-71.0825832,16.659
2616,685768704,1769565851648,21:04:11.648,42.3448023,-71.0825832,16.659
2617,686030848,1769565851887,21:04:11.887,42.3448023,-71.0825832,16.659
2618,686292992,1769565852143,21:04:12.143,42.3448023,-71.0825832,16.659
2619,686555136,1769565852403,21:04:12.403,42.3448023,-71.0825832,16.659
2620,686817280,1769565852653,21:04:12.653,42.3448023,-71.0825832,16.659
2621,687079424,1769565852929,21:04:12.929,42.3448023,-71.0825832,16.659
2622,687341568,1769565853204,21:04:13.204,42.3448023,-71.0825832,16.659
2623,687603712,1769565853460,21:04:13.460,42.3448023,-71.0825832,16.659
2624,687865856,1769565853713,21:04:13.713,42.3448023,-71.0825832,16.659
2625,688128000,1769565853980,21:04:13.980,42.3448023,-71.0825832,16.659
2626,688390144,1769565854239,21:04:14.239,42.3448023,-71.0825832,16.659
2627,688652288,1769565854494,21:04:14.494,42.3448023,-71.0825832,16.659
2628,688914432,1769565854766,21:04:14.766,42.3448023,-71.0825832,16.659
2629,689176576,1769565855026,21:04:15.026,42.3448023,-71.0825832,16.659
2630,689438720,1769565855282,21:04:15.282,42.3448023,-71.0825832,16.659
2631,689700864,1769565855534,21:04:15.534,42.3448023,-71.0825832,16.659
2632,689963008,1769565855802,21:04:15.802,42.3448023,-71.0825832,16.659
2633,690225152,1769565856062,21:04:16.062,42.3448023,-71.0825832,16.659
2634,690487296,1769565856310,21:04:16.310,42.3448023,-71.0825832,16.659
2635,690749440,1769565856570,21:04:16.570,42.3448023,-71.0825832,16.659
2636,691011584,1769565856828,21:04:16.828,42.3448023,-71.0825832,16.659
2637,691273728,1769565857077,21:04:17.077,42.3448023,-71.0825832,16.659
2638,691535872,1769565857319,21:04:17.319,42.3448023,-71.0825832,16.659
2639,691798016,1769565857594,21:04:17.594,42.3448023,-71.0825832,16.659
2640,692060160,1769565857846,21:04:17.846,42.3448023,-71.0825832,16.659
2641,692322304,1769565858089,21:04:18.089,42.3448023,-71.0825832,16.659
2642,692584448,1769565858339,21:04:18.339,42.3448023,-71.0825832,16.659
2643,692846592,1769565858587,21:04:18.587,42.3448023,-71.0825832,16.659
2644,693108736,1769565858843,21:04:18.843,42.3448023,-71.0825832,16.659
2645,693370880,1769565859095,21:04:19.095,42.3448023,-71.0825832,16.659
2646,693633024,1769565859336,21:04:19.336,42.3448023,-71.0825832,16.659
2647,693895168,1769565859582,21:04:19.582,42.3448023,-71.0825832,16.659
2648,694157312,1769565859840,21:04:19.840,42.3448023,-71.0825832,16.659
2649,694419456,1769565860096,21:04:20.096,42.3448023,-71.0825832,16.659
2650,694681600,1769565860355,21:04:20.355,42.3448023,-71.0825832,16.659
2651,694943744,1769565860601,21:04:20.601,42.3448023,-71.0825832,16.659
2652,695205888,1769565861200,21:04:21.200,42.3448023,-71.0825832,16.659
2653,695468032,1769565861647,21:04:21.647,42.3448023,-71.0825832,16.659
2654,695730176,1769565862133,21:04:22.133,42.3448023,-71.0825832,16.659
2655,695992320,1769565862747,21:04:22.747,42.3448023,-71.0825832,16.659
2656,696254464,1769565863450,21:04:23.450,42.3448023,-71.0825832,16.659
2657,696516608,1769565864106,21:04:24.106,42.3448023,-71.0825832,16.659
2658,696778752,1769565864744,21:04:24.744,42.3448023,-71.0825832,16.659
2659,697040896,1769565865428,21:04:25.428,42.3448023,-71.0825832,16.659
2660,697303040,1769565866042,21:04:26.042,42.3448023,-71.0825832,16.659
2661,697565184,1769565866682,21:04:26.682,42.3448023,-71.0825832,16.659
2662,697827328,1769565867381,21:04:27.381,42.3448023,-71.0825832,16.659
2663,698089472,1769565867759,21:04:27.759,42.3448023,-71.0825832,16.659
2664,698351616,1769565868177,21:04:28.177,42.3448023,-71.0825832,16.659
2665,698613760,1769565868567,21:04:28.567,42.3448023,-71.0825832,16.659
2666,698875904,1769565868899,21:04:28.899,42.3448023,-71.0825832,16.659
2667,699138048,1769565869248,21:04:29.248,42.3448023,-71.0825832,16.659
2668,699400192,1769565869600,21:04:29.600,42.3448023,-71.0825832,16.659
2669,699662336,1769565869952,21:04:29.952,42.3448023,-71.0825832,16.659
2670,699924480,1769565870301,21:04:30.301,42.3448023,-71.0825832,16.659
2671,700186624,1769565870709,21:04:30.709,42.3448023,-71.0825832,16.659
2672,700448768,1769565871001,21:04:31.001,42.3448023,-71.0825832,16.659
2673,700710912,1769565871351,21:04:31.351,42.3448023,-71.0825832,16.659
2674,700973056,1769565871702,21:04:31.702,42.3448023,-71.0825832,16.659
2675,701235200,1769565872054,21:04:32.054,42.3448023,-71.0825832,16.659
2676,701497344,1769565872404,21:04:32.404,42.3448023,-71.0825832,16.659
2677,701759488,1769565872753,21:04:32.753,42.3448023,-71.0825832,16.659
2678,702021632,1769565873100,21:04:33.100,42.3448023,-71.0825832,16.659
2679,702283776,1769565873471,21:04:33.471,42.3448023,-71.0825832,16.659
2680,702545920,1769565873908,21:04:33.908,42.3448023,-71.0825832,16.659
2681,702808064,1769565874452,21:04:34.452,42.3448023,-71.0825832,16.659
2682,703070208,1769565874906,21:04:34.906,42.3448023,-71.0825832,16.659
2683,703332352,1769565875277,21:04:35.277,42.3448023,-71.0825832,16.659
2684,703594496,1769565880835,21:04:40.835,42.3448023,-71.0825832,16.659
2685,703856640,1769565881087,21:04:41.087,42.3448023,-71.0825832,16.659
2686,704118784,1769565881324,21:04:41.324,42.3448023,-71.0825832,16.659
2687,704380928,1769565881604,21:04:41.604,42.3448023,-71.0825832,16.659
2688,704643072,1769565881854,21:04:41.854,42.3448023,-71.0825832,16.659
2689,704905216,1769565882130,21:04:42.130,42.3448023,-71.0825832,16.659
2690,705167360,1769565882411,21:04:42.411,42.3448023,-71.0825832,16.659
2691,705429504,1769565882674,21:04:42.674,42.3448023,-71.0825832,16.659
2692,705691648,1769565882919,21:04:42.919,42.3448023,-71.0825832,16.659
2693,705953792,1769565883192,21:04:43.192,42.3448023,-71.0825832,16.659
2694,706215936,1769565883433,21:04:43.433,42.3448023,-71.0825832,16.659
2695,706478080,1769565883684,21:04:43.684,42.3448023,-71.0825832,16.659
2696,706740224,1769565883942,21:04:43.942,42.3448023,-71.0825832,16.659
2697,707002368,1769565884194,21:04:44.194,42.3448023,-71.0825832,16.659
2698,707264512,1769565884432,21:04:44.432,42.3448023,-71.0825832,16.659
2699,707526656,1769565884679,21:04:44.679,42.3448023,-71.0825832,16.659
2700,707788800,1769565884940,21:04:44.940,42.3448023,-71.0825832,16.659
2701,708050944,1769565885192,21:04:45.192,42.3448023,-71.0825832,16.659
2702,708313088,1769565885443,21:04:45.443,42.3448023,-71.0825832,16.659
2703,708575232,1769565885701,21:04:45.701,42.3448023,-71.0825832,16.659
2704,708837376,1769565885955,21:04:45.955,42.3448023,-71.0825832,16.659
2705,709099520,1769565886207,21:04:46.207,42.3448023,-71.0825832,16.659
2706,709361664,1769565886449,21:04:46.449,42.3448023,-71.0825832,16.659
2707,709623808,1769565886706,21:04:46.706,42.3448023,-71.0825832,16.659
2708,709885952,1769565886979,21:04:46.979,42.3448023,-71.0825832,16.659
2709,710148096,1769565887228,21:04:47.228,42.3448023,-71.0825832,16.659
2710,710410240,1769565887457,21:04:47.457,42.3448023,-71.0825832,16.659
2711,710672384,1769565887702,21:04:47.702,42.3448023,-71.0825832,16.659
2712,710934528,1769565887971,21:04:47.971,42.3448023,-71.0825832,16.659
2713,711196672,1769565888210,21:04:48.210,42.3448023,-71.0825832,16.659
2714,711458816,1769565888651,21:04:48.651,42.3448023,-71.0825832,16.659
2715,711720960,1769565889472,21:04:49.472,42.3448023,-71.0825832,16.659
2716,711983104,1769565890567,21:04:50.567,42.3448023,-71.0825832,16.659
2717,712245248,1769565891419,21:04:51.419,42.3448023,-71.0825832,16.659
2718,712507392,1769565891927,21:04:51.927,42.3448023,-71.0825832,16.659
2719,712769536,1769565892597,21:04:52.597,42.3448023,-71.0825832,16.659
2720,713031680,1769565893064,21:04:53.064,42.3448023,-71.0825832,16.659
2721,713293824,1769565893371,21:04:53.371,42.3448023,-71.0825832,16.659
2722,713555968,1769565893768,21:04:53.768,42.3448023,-71.0825832,16.659
2723,713818112,1769565894155,21:04:54.155,42.3448023,-71.0825832,16.659
2724,714080256,1769565894528,21:04:54.528,42.3448023,-71.0825832,16.659
2725,714342400,1769565894880,21:04:54.880,42.3448023,-71.0825832,16.659
2726,714604544,1769565895235,21:04:55.235,42.3448023,-71.0825832,16.659
2727,714866688,1769565895591,21:04:55.591,42.3448023,-71.0825832,16.659
2728,715128832,1769565895981,21:04:55.981,42.3448023,-71.0825832,16.659
2729,715390976,1769565896464,21:04:56.464,42.3448023,-71.0825832,16.659
2730,715653120,1769565896861,21:04:56.861,42.3448023,-71.0825832,16.659
2731,715915264,1769565897182,21:04:57.182,42.3448023,-71.0825832,16.659
2732,716177408,1769565897553,21:04:57.553,42.3448023,-71.0825832,16.659
2733,716439552,1769565897898,21:04:57.898,42.3448023,-71.0825832,16.659
2734,716701696,1769565898187,21:04:58.187,42.3448023,-71.0825832,16.659
2735,716963840,1769565898582,21:04:58.582,42.3448023,-71.0825832,16.659
2736,717225984,1769565898977,21:04:58.977,42.3448023,-71.0825832,16.659
2737,717488128,1769565899283,21:04:59.283,42.3448023,-71.0825832,16.659
2738,717750272,1769565899643,21:04:59.643,42.3448023,-71.0825832,16.659
2739,718012416,1769565900021,21:05:00.021,42.3448023,-71.0825832,16.659
2740,718274560,1769565900461,21:05:00.461,42.3448023,-71.0825832,16.659
2741,718536704,1769565900853,21:05:00.853,42.3448023,-71.0825832,16.659
2742,718798848,1769565901179,21:05:01.179,42.3448023,-71.0825832,16.659
2743,719060992,1769565901527,21:05:01.527,42.3448023,-71.0825832,16.659
2744,719323136,1769565901912,21:05:01.912,42.3448023,-71.0825832,16.659
2745,719585280,1769565902226,21:05:02.226,42.3448023,-71.0825832,16.659
2746,719847424,1769565902604,21:05:02.604,42.3448023,-71.0825832,16.659
2747,720109568,1769565902971,21:05:02.971,42.3448023,-71.0825832,16.659
2748,720371712,1769565903353,21:05:03.353,42.3448023,-71.0825832,16.659
2749,720633856,1769565903703,21:05:03.703,42.3448023,-71.0825832,16.659
2750,720896000,1769565904131,21:05:04.131,42.3448023,-71.0825832,16.659
2751,721158144,1769565904576,21:05:04.576,42.3448023,-71.0825832,16.659
2752,721420288,1769565904954,21:05:04.954,42.3448023,-71.0825832,16.659
2753,721682432,1769565905300,21:05:05.300,42.3448023,-71.0825832,16.659
2754,721944576,1769565905652,21:05:05.652,42.3448023,-71.0825832,16.659
2755,722206720,1769565910104,21:05:10.104,42.3448023,-71.0825832,16.659
2756,722468864,1769565910376,21:05:10.376,42.3448023,-71.0825832,16.659
2757,722731008,1769565910640,21:05:10.640,42.3448023,-71.0825832,16.659
2758,722993152,1769565910896,21:05:10.896,42.3448023,-71.0825832,16.659
2759,723255296,1769565911146,21:05:11.146,42.3448023,-71.0825832,16.659
2760,723517440,1769565911425,21:05:11.425,42.3448023,-71.0825832,16.659
2761,723779584,1769565911671,21:05:11.671,42.3448023,-71.0825832,16.659
2762,724041728,1769565911911,21:05:11.911,42.3448023,-71.0825832,16.659
2763,724303872,1769565912163,21:05:12.163,42.3448023,-71.0825832,16.659
2764,724566016,1769565912437,21:05:12.437,42.3448023,-71.0825832,16.659
2765,724828160,1769565912695,21:05:12.695,42.3448023,-71.0825832,16.659
2766,725090304,1769565912953,21:05:12.953,42.3448023,-71.0825832,16.659
2767,725352448,1769565913193,21:05:13.193,42.3448023,-71.0825832,16.659
2768,725614592,1769565913452,21:05:13.452,42.3448023,-71.0825832,16.659
2769,725876736,1769565913710,21:05:13.710,42.3448023,-71.0825832,16.659
2770,726138880,1769565913959,21:05:13.959,42.3448023,-71.0825832,16.659
2771,726401024,1769565914218,21:05:14.218,42.3448023,-71.0825832,16.659
2772,726663168,1769565914503,21:05:14.503,42.3448023,-71.0825832,16.659
2773,726925312,1769565914757,21:05:14.757,42.3448023,-71.0825832,16.659
2774,727187456,1769565914998,21:05:14.998,42.3448023,-71.0825832,16.659
2775,727449600,1769565915247,21:05:15.247,42.3448023,-71.0825832,16.659
2776,727711744,1769565915528,21:05:15.528,42.3448023,-71.0825832,16.659
2777,727973888,1769565915781,21:05:15.781,42.3448023,-71.0825832,16.659
2778,728236032,1769565916025,21:05:16.025,42.3448023,-71.0825832,16.659
2779,728498176,1769565916281,21:05:16.281,42.3448023,-71.0825832,16.659
2780,728760320,1769565916563,21:05:16.563,42.3448023,-71.0825832,16.659
2781,729022464,1769565916826,21:05:16.826,42.3448023,-71.0825832,16.659
2782,729284608,1769565917070,21:05:17.070,42.3448023,-71.0825832,16.659
2783,729546752,1769565917320,21:05:17.320,42.3448023,-71.0825832,16.659
2784,729808896,1769565917562,21:05:17.562,42.3448023,-71.0825832,16.659
2785,730071040,1769565917828,21:05:17.828,42.3448023,-71.0825832,16.659
2786,730333184,1769565918077,21:05:18.077,42.3448023,-71.0825832,16.659
2787,730595328,1769565918329,21:05:18.329,42.3448023,-71.0825832,16.659
2788,730857472,1769565918577,21:05:18.577,42.3448023,-71.0825832,16.659
2789,731119616,1769565918843,21:05:18.843,42.3448023,-71.0825832,16.659
2790,731381760,1769565919123,21:05:19.123,42.3448023,-71.0825832,16.659
2791,731643904,1769565919455,21:05:19.455,42.3448023,-71.0825832,16.659
2792,731906048,1769565919934,21:05:19.934,42.3448023,-71.0825832,16.659
2793,732168192,1769565920337,21:05:20.337,42.3448023,-71.0825832,16.659
2794,732430336,1769565920721,21:05:20.721,42.3448023,-71.0825832,16.659
2795,732692480,1769565921144,21:05:21.144,42.3448023,-71.0825832,16.659
2796,732954624,1769565921531,21:05:21.531,42.3448023,-71.0825832,16.659
2797,733216768,1769565921912,21:05:21.912,42.3448023,-71.0825832,16.659
2798,733478912,1769565922321,21:05:22.321,42.3448023,-71.0825832,16.659
2799,733741056,1769565922728,21:05:22.728,42.3448023,-71.0825832,16.659
2800,734003200,1769565923087,21:05:23.087,42.3448023,-71.0825832,16.659
2801,734265344,1769565923505,21:05:23.505,42.3448023,-71.0825832,16.659
2802,734527488,1769565923894,21:05:23.894,42.3448023,-71.0825832,16.659
2803,734789632,1769565924371,21:05:24.371,42.3448023,-71.0825832,16.659
2804,735051776,1769565924770,21:05:24.770,42.3448023,-71.0825832,16.659
2805,735313920,1769565925143,21:05:25.143,42.3448023,-71.0825832,16.659
2806,735576064,1769565925515,21:05:25.515,42.3448023,-71.0825832,16.659
2807,735838208,1769565925924,21:05:25.924,42.3448023,-71.0825832,16.659
2808,736100352,1769565926384,21:05:26.384,42.3448023,-71.0825832,16.659
2809,736362496,1769565926798,21:05:26.798,42.3448023,-71.0825832,16.659
2810,736624640,1769565927200,21:05:27.200,42.3448023,-71.0825832,16.659
2811,736886784,1769565927659,21:05:27.659,42.3448023,-71.0825832,16.659
2812,737148928,1769565928141,21:05:28.141,42.3448023,-71.0825832,16.659
2813,737411072,1769565928634,21:05:28.634,42.3448023,-71.0825832,16.659
2814,737673216,1769565928990,21:05:28.990,42.3448023,-71.0825832,16.659
2815,737935360,1769565929343,21:05:29.343,42.3448023,-71.0825832,16.659
2816,738197504,1769565929723,21:05:29.723,42.3448023,-71.0825832,16.659
2817,738459648,1769565930054,21:05:30.054,42.3448023,-71.0825832,16.659
2818,738721792,1769565930519,21:05:30.519,42.3448023,-71.0825832,16.659
2819,738983936,1769565930896,21:05:30.896,42.3448023,-71.0825832,16.659
2820,739246080,1769565931269,21:05:31.269,42.3448023,-71.0825832,16.659
2821,739508224,1769565931641,21:05:31.641,42.3448023,-71.0825832,16.659
2822,739770368,1769565932077,21:05:32.077,42.3448023,-71.0825832,16.659
2823,740032512,1769565932601,21:05:32.601,42.3448023,-71.0825832,16.659
2824,740294656,1769565933000,21:05:33.000,42.3448023,-71.0825832,16.659
2825,740556800,1769565933344,21:05:33.344,42.3448023,-71.0825832,16.659
2826,740818944,1769565933765,21:05:33.765,42.3448023,-71.0825832,16.659
2827,741081088,1769565934187,21:05:34.187,42.3448023,-71.0825832,16.659
2828,741343232,1769565934528,21:05:34.528,42.3448023,-71.0825832,16.659
2829,741605376,1769565934888,21:05:34.888,42.3448023,-71.0825832,16.659
2830,741867520,1769565935360,21:05:35.360,42.3448023,-71.0825832,16.659
2831,742129664,1769565935716,21:05:35.716,42.3448023,-71.0825832,16.659
2832,742391808,1769565939848,21:05:39.848,42.3448023,-71.0825832,16.659
2833,742653952,1769565940129,21:05:40.129,42.3448023,-71.0825832,16.659
2834,742916096,1769565940400,21:05:40.400,42.3448023,-71.0825832,16.659
2835,743178240,1769565940649,21:05:40.649,42.3448023,-71.0825832,16.659
2836,743440384,1769565940900,21:05:40.900,42.3448023,-71.0825832,16.659
2837,743702528,1769565941157,21:05:41.157,42.3448023,-71.0825832,16.659
2838,743964672,1769565941425,21:05:41.425,42.3448023,-71.0825832,16.659
2839,744226816,1769565941677,21:05:41.677,42.3448023,-71.0825832,16.659
2840,744488960,1769565941972,21:05:41.972,42.3448023,-71.0825832,16.659
2841,744751104,1769565942220,21:05:42.220,42.3448023,-71.0825832,16.659
2842,745013248,1769565942473,21:05:42.473,42.3448023,-71.0825832,16.659
2843,745275392,1769565942722,21:05:42.722,42.3448023,-71.0825832,16.659
2844,745537536,1769565942968,21:05:42.968,42.3448023,-71.0825832,16.659
2845,745799680,1769565943229,21:05:43.229,42.3448023,-71.0825832,16.659
2846,746061824,1769565943483,21:05:43.483,42.3448023,-71.0825832,16.659
2847,746323968,1769565943749,21:05:43.749,42.3448023,-71.0825832,16.659
2848,746586112,1769565944001,21:05:44.001,42.3448023,-71.0825832,16.659
2849,746848256,1769565944259,21:05:44.259,42.3448023,-71.0825832,16.659
2850,747110400,1769565944517,21:05:44.517,42.3448023,-71.0825832,16.659
2851,747372544,1769565944772,21:05:44.772,42.3448023,-71.0825832,16.659
2852,747634688,1769565945017,21:05:45.017,42.3448023,-71.0825832,16.659
2853,747896832,1769565945286,21:05:45.286,42.3448023,-71.0825832,16.659
2854,748158976,1769565945546,21:05:45.546,42.3448023,-71.0825832,16.659
2855,748421120,1769565945823,21:05:45.823,42.3448023,-71.0825832,16.659
2856,748683264,1769565946087,21:05:46.087,42.3448023,-71.0825832,16.659
2857,748945408,1769565946337,21:05:46.337,42.3448023,-71.0825832,16.659
2858,749207552,1769565946592,21:05:46.592,42.3448023,-71.0825832,16.659
2859,749469696,1769565946860,21:05:46.860,42.3448023,-71.0825832,16.659
2860,749731840,1769565947305,21:05:47.305,42.3448023,-71.0825832,16.659
2861,749993984,1769565947720,21:05:47.720,42.3448023,-71.0825832,16.659
2862,750256128,1769565948323,21:05:48.323,42.3448023,-71.0825832,16.659
2863,750518272,1769565948817,21:05:48.817,42.3448023,-71.0825832,16.659
2864,750780416,1769565949252,21:05:49.252,42.3448023,-71.0825832,16.659
2865,751042560,1769565949682,21:05:49.682,42.3448023,-71.0825832,16.659
2866,751304704,1769565950225,21:05:50.225,42.3448023,-71.0825832,16.659
2867,751566848,1769565950732,21:05:50.732,42.3448023,-71.0825832,16.659
2868,751828992,1769565951160,21:05:51.160,42.3448023,-71.0825832,16.659
2869,752091136,1769565951605,21:05:51.605,42.3448023,-71.0825832,16.659
2870,752353280,1769565952062,21:05:52.062,42.3448023,-71.0825832,16.659
2871,752615424,1769565952603,21:05:52.603,42.3448023,-71.0825832,16.659
2872,752877568,1769565953096,21:05:53.096,42.3448023,-71.0825832,16.659
2873,753139712,1769565953627,21:05:53.627,42.3448023,-71.0825832,16.659
2874,753401856,1769565954224,21:05:54.224,42.3448023,-71.0825832,16.659
2875,753664000,1769565954731,21:05:54.731,42.3448023,-71.0825832,16.659
2876,753926144,1769565955286,21:05:55.286,42.3448023,-71.0825832,16.659
2877,754188288,1769565955801,21:05:55.801,42.3448023,-71.0825832,16.659
2878,754450432,1769565956364,21:05:56.364,42.3448023,-71.0825832,16.659
2879,754712576,1769565956779,21:05:56.779,42.3448023,-71.0825832,16.659
2880,754974720,1769565957382,21:05:57.382,42.3448023,-71.0825832,16.659
2881,755236864,1769565957800,21:05:57.800,42.3448023,-71.0825832,16.659
2882,755499008,1769565958313,21:05:58.313,42.3448023,-71.0825832,16.659
2883,755761152,1769565958829,21:05:58.829,42.3448023,-71.0825832,16.659
2884,756023296,1769565959359,21:05:59.359,42.3448023,-71.0825832,16.659
2885,756285440,1769565959774,21:05:59.774,42.3448023,-71.0825832,16.659
2886,756547584,1769565960272,21:06:00.272,42.3448023,-71.0825832,16.659
2887,756809728,1769565960686,21:06:00.686,42.3448023,-71.0825832,16.659
2888,757071872,1769565961037,21:06:01.037,42.3448023,-71.0825832,16.659
2889,757334016,1769565961386,21:06:01.386,42.3448023,-71.0825832,16.659
2890,757596160,1769565961933,21:06:01.933,42.3448023,-71.0825832,16.659
2891,757858304,1769565962639,21:06:02.639,42.3448023,-71.0825832,16.659
2892,758120448,1769565963243,21:06:03.243,42.3448023,-71.0825832,16.659
2893,758382592,1769565963864,21:06:03.864,42.3448023,-71.0825832,16.659
2894,758644736,1769565964601,21:06:04.601,42.3448023,-71.0825832,16.659
2895,758906880,1769565965341,21:06:05.341,42.3448023,-71.0825832,16.659
2896,759169024,1769565965948,21:06:05.948,42.3448023,-71.0825832,16.659
2897,759431168,1769565969799,21:06:09.799,42.3448023,-71.0825832,16.659
2898,759693312,1769565970048,21:06:10.048,42.3448023,-71.0825832,16.659
2899,759955456,1769565970329,21:06:10.329,42.3448023,-71.0825832,16.659
2900,760217600,1769565970581,21:06:10.581,42.3448023,-71.0825832,16.659
2901,760479744,1769565970835,21:06:10.835,42.3448023,-71.0825832,16.659
2902,760741888,1769565971095,21:06:11.095,42.3448023,-71.0825832,16.659
2903,761004032,1769565971350,21:06:11.350,42.3448023,-71.0825832,16.659
2904,761266176,1769565971616,21:06:11.616,42.3448023,-71.0825832,16.659
2905,761528320,1769565971877,21:06:11.877,42.3448023,-71.0825832,16.659
2906,761790464,1769565972144,21:06:12.144,42.3448023,-71.0825832,16.659
2907,762052608,1769565972400,21:06:12.400,42.3448023,-71.0825832,16.659
2908,762314752,1769565972644,21:06:12.644,42.3448023,-71.0825832,16.659
2909,762576896,1769565972901,21:06:12.901,42.3448023,-71.0825832,16.659
2910,762839040,1769565973177,21:06:13.177,42.3448023,-71.0825832,16.659
2911,763101184,1769565973461,21:06:13.461,42.3448023,-71.0825832,16.659
2912,763363328,1769565973731,21:06:13.731,42.3448023,-71.0825832,16.659
2913,763625472,1769565973976,21:06:13.976,42.3448023,-71.0825832,16.659
2914,763887616,1769565974220,21:06:14.220,42.3448023,-71.0825832,16.659
2915,764149760,1769565974468,21:06:14.468,42.3448023,-71.0825832,16.659
2916,764411904,1769565974737,21:06:14.737,42.3448023,-71.0825832,16.659
2917,764674048,1769565974975,21:06:14.975,42.3448023,-71.0825832,16.659
2918,764936192,1769565975244,21:06:15.244,42.3448023,-71.0825832,16.659
2919,765198336,1769565975491,21:06:15.491,42.3448023,-71.0825832,16.659
2920,765460480,1769565975735,21:06:15.735,42.3448023,-71.0825832,16.659
2921,765722624,1769565975994,21:06:15.994,42.3448023,-71.0825832,16.659
2922,765984768,1769565976264,21:06:16.264,42.3448023,-71.0825832,16.659
2923,766246912,1769565976523,21:06:16.523,42.3448023,-71.0825832,16.659
2924,766509056,1769565976768,21:06:16.768,42.3448023,-71.0825832,16.659
2925,766771200,1769565977041,21:06:17.041,42.3448023,-71.0825832,16.659
2926,767033344,1769565977303,21:06:17.303,42.3448023,-71.0825832,16.659
2927,767295488,1769565977571,21:06:17.571,42.3448023,-71.0825832,16.659
2928,767557632,1769565977816,21:06:17.816,42.3448023,-71.0825832,16.659
2929,767819776,1769565978162,21:06:18.162,42.3448023,-71.0825832,16.659
2930,768081920,1769565978516,21:06:18.516,42.3448023,-71.0825832,16.659
2931,768344064,1769565978862,21:06:18.862,42.3448023,-71.0825832,16.659
2932,768606208,1769565979211,21:06:19.211,42.3448023,-71.0825832,16.659
2933,768868352,1769565979562,21:06:19.562,42.3448023,-71.0825832,16.659
2934,769130496,1769565979913,21:06:19.913,42.3448023,-71.0825832,16.659
2935,769392640,1769565980264,21:06:20.264,42.3448023,-71.0825832,16.659
2936,769654784,1769565980672,21:06:20.672,42.3448023,-71.0825832,16.659
2937,769916928,1769565980969,21:06:20.969,42.3448023,-71.0825832,16.659
2938,770179072,1769565981388,21:06:21.388,42.3448023,-71.0825832,16.659
2939,770441216,1769565981766,21:06:21.766,42.3448023,-71.0825832,16.659
2940,770703360,1769565982140,21:06:22.140,42.3448023,-71.0825832,16.659
2941,770965504,1769565982532,21:06:22.532,42.3448023,-71.0825832,16.659
2942,771227648,1769565982867,21:06:22.867,42.3448023,-71.0825832,16.659
2943,771489792,1769565983267,21:06:23.267,42.3448023,-71.0825832,16.659
2944,771751936,1769565983624,21:06:23.624,42.3448023,-71.0825832,16.659
2945,772014080,1769565983974,21:06:23.974,42.3448023,-71.0825832,16.659
2946,772276224,1769565984326,21:06:24.326,42.3448023,-71.0825832,16.659
2947,772538368,1769565984675,21:06:24.675,42.3448023,-71.0825832,16.659
2948,772800512,1769565985025,21:06:25.025,42.3448023,-71.0825832,16.659
2949,773062656,1769565985375,21:06:25.375,42.3448023,-71.0825832,16.659
2950,773324800,1769565985728,21:06:25.728,42.3448023,-71.0825832,16.659
2951,773586944,1769565986164,21:06:26.164,42.3448023,-71.0825832,16.659
2952,773849088,1769565986428,21:06:26.428,42.3448023,-71.0825832,16.659
2953,774111232,1769565986778,21:06:26.778,42.3448023,-71.0825832,16.659
2954,774373376,1769565987148,21:06:27.148,42.3448023,-71.0825832,16.659
2955,774635520,1769565987482,21:06:27.482,42.3448023,-71.0825832,16.659
2956,774897664,1769565987844,21:06:27.844,42.3448023,-71.0825832,16.659
2957,775159808,1769565988195,21:06:28.195,42.3448023,-71.0825832,16.659
2958,775421952,1769565988544,21:06:28.544,42.3448023,-71.0825832,16.659
2959,775684096,1769565988896,21:06:28.896,42.3448023,-71.0825832,16.659
2960,775946240,1769565989247,21:06:29.247,42.3448023,-71.0825832,16.659
2961,776208384,1769565989597,21:06:29.597,42.3448023,-71.0825832,16.659
2962,776470528,1769565989946,21:06:29.946,42.3448023,-71.0825832,16.659
2963,776732672,1769565990296,21:06:30.296,42.3448023,-71.0825832,16.659
2964,776994816,1769565990739,21:06:30.739,42.3448023,-71.0825832,16.659
2965,777256960,1769565991108,21:06:31.108,42.3448023,-71.0825832,16.659
2966,777519104,1769565991444,21:06:31.444,42.3448023,-71.0825832,16.659
2967,777781248,1769565991794,21:06:31.794,42.3448023,-71.0825832,16.659
2968,778043392,1769565992146,21:06:32.146,42.3448023,-71.0825832,16.659
2969,778305536,1769565992497,21:06:32.497,42.3448023,-71.0825832,16.659
2970,778567680,1769565992892,21:06:32.892,42.3448023,-71.0825832,16.659
2971,778829824,1769565993355,21:06:33.355,42.3448023,-71.0825832,16.659
2972,779091968,1769565993772,21:06:33.772,42.3448023,-71.0825832,16.659
2973,779354112,1769565994099,21:06:34.099,42.3448023,-71.0825832,16.659
2974,779616256,1769565994518,21:06:34.518,42.3448023,-71.0825832,16.659
2975,779878400,1769565994928,21:06:34.928,42.3448023,-71.0825832,16.659
2976,780140544,1769565995390,21:06:35.390,42.3448023,-71.0825832,16.659
2977,780402688,1769565995769,21:06:35.769,42.3448023,-71.0825832,16.659
2978,780664832,1769565996120,21:06:36.120,42.3448023,-71.0825832,16.659
2979,780926976,1769565996526,21:06:36.526,42.3448023,-71.0825832,16.659
2980,781189120,1769565996924,21:06:36.924,42.3448023,-71.0825832,16.659
2981,781451264,1769566000352,21:06:40.352,42.3448023,-71.0825832,16.659
2982,781713408,1769566000607,21:06:40.607,42.3448023,-71.0825832,16.659
2983,781975552,1769566000876,21:06:40.876,42.3448023,-71.0825832,16.659
2984,782237696,1769566001132,21:06:41.132,42.3448023,-71.0825832,16.659
2985,782499840,1769566001391,21:06:41.391,42.3448023,-71.0825832,16.659
2986,782761984,1769566001649,21:06:41.649,42.3448023,-71.0825832,16.659
2987,783024128,1769566001907,21:06:41.907,42.3448023,-71.0825832,16.659
2988,783286272,1769566002172,21:06:42.172,42.3448023,-71.0825832,16.659
2989,783548416,1769566002435,21:06:42.435,42.3448023,-71.0825832,16.659
2990,783810560,1769566002692,21:06:42.692,42.3448023,-71.0825832,16.659
2991,784072704,1769566002957,21:06:42.957,42.3448023,-71.0825832,16.659
2992,784334848,1769566003205,21:06:43.205,42.3448023,-71.0825832,16.659
2993,784596992,1769566003473,21:06:43.473,42.3448023,-71.0825832,16.659
2994,784859136,1769566003720,21:06:43.720,42.3448023,-71.0825832,16.659
2995,785121280,1769566003979,21:06:43.979,42.3448023,-71.0825832,16.659
2996,785383424,1769566004243,21:06:44.243,42.3448023,-71.0825832,16.659
2997,785645568,1769566004495,21:06:44.495,42.3448023,-71.0825832,16.659
2998,785907712,1769566004744,21:06:44.744,42.3448023,-71.0825832,16.659
2999,786169856,1769566005037,21:06:45.037,42.3448023,-71.0825832,16.659
3000,786432000,1769566005446,21:06:45.446,42.3448023,-71.0825832,16.659
3001,786694144,1769566005827,21:06:45.827,42.3448023,-71.0825832,16.659
3002,786956288,1769566006305,21:06:46.305,42.3448023,-71.0825832,16.659
3003,787218432,1769566006711,21:06:46.711,42.3448023,-71.0825832,16.659
3004,787480576,1769566007070,21:06:47.070,42.3448023,-71.0825832,16.659
3005,787742720,1769566007577,21:06:47.577,42.3448023,-71.0825832,16.659
3006,788004864,1769566007980,21:06:47.980,42.3448023,-71.0825832,16.659
3007,788267008,1769566008440,21:06:48.440,42.3448023,-71.0825832,16.659
3008,788529152,1769566009031,21:06:49.031,42.3448023,-71.0825832,16.659
3009,788791296,1769566009614,21:06:49.614,42.3448023,-71.0825832,16.659
3010,789053440,1769566010016,21:06:50.016,42.3448023,-71.0825832,16.659
3011,789315584,1769566010366,21:06:50.366,42.3448023,-71.0825832,16.659
3012,789577728,1769566010744,21:06:50.744,42.3448023,-71.0825832,16.659
3013,789839872,1769566011112,21:06:51.112,42.3448023,-71.0825832,16.659
3014,790102016,1769566011588,21:06:51.588,42.3448023,-71.0825832,16.659
3015,790364160,1769566011980,21:06:51.980,42.3448023,-71.0825832,16.659
3016,790626304,1769566012309,21:06:52.309,42.3448023,-71.0825832,16.659
3017,790888448,1769566012685,21:06:52.685,42.3448023,-71.0825832,16.659
3018,791150592,1769566013052,21:06:53.052,42.3448023,-71.0825832,16.659
3019,791412736,1769566013506,21:06:53.506,42.3448023,-71.0825832,16.659
3020,791674880,1769566013935,21:06:53.935,42.3448023,-71.0825832,16.659
3021,791937024,1769566014361,21:06:54.361,42.3448023,-71.0825832,16.659
3022,792199168,1769566014854,21:06:54.854,42.3448023,-71.0825832,16.659
3023,792461312,1769566015304,21:06:55.304,42.3448023,-71.0825832,16.659
3024,792723456,1769566015602,21:06:55.602,42.3448023,-71.0825832,16.659
3025,792985600,1769566015992,21:06:55.992,42.3448023,-71.0825832,16.659
3026,793247744,1769566016416,21:06:56.416,42.3448023,-71.0825832,16.659
3027,793509888,1769566016874,21:06:56.874,42.3448023,-71.0825832,16.659
3028,793772032,1769566017296,21:06:57.296,42.3448023,-71.0825832,16.659
3029,794034176,1769566017615,21:06:57.615,42.3448023,-71.0825832,16.659
3030,794296320,1769566017932,21:06:57.932,42.3448023,-71.0825832,16.659
3031,794558464,1769566018438,21:06:58.438,42.3448023,-71.0825832,16.659
3032,794820608,1769566018891,21:06:58.891,42.3448023,-71.0825832,16.659
3033,795082752,1769566019199,21:06:59.199,42.3448023,-71.0825832,16.659
3034,795344896,1769566019550,21:06:59.550,42.3448023,-71.0825832,16.659
3035,795607040,1769566019910,21:06:59.910,42.3448023,-71.0825832,16.659
3036,795869184,1769566020322,21:07:00.322,42.3448023,-71.0825832,16.659
3037,796131328,1769566020759,21:07:00.759,42.3448023,-71.0825832,16.659
3038,796393472,1769566021148,21:07:01.148,42.3448023,-71.0825832,16.659
3039,796655616,1769566021567,21:07:01.567,42.3448023,-71.0825832,16.659
3040,796917760,1769566021978,21:07:01.978,42.3448023,-71.0825832,16.659
3041,797179904,1769566022370,21:07:02.370,42.3448023,-71.0825832,16.659
3042,797442048,1769566022869,21:07:02.869,42.3448023,-71.0825832,16.659
3043,797704192,1769566023348,21:07:03.348,42.3448023,-71.0825832,16.659
3044,797966336,1769566023736,21:07:03.736,42.3448023,-71.0825832,16.659
3045,798228480,1769566024208,21:07:04.208,42.3448023,-71.0825832,16.659
3046,798490624,1769566024606,21:07:04.606,42.3448023,-71.0825832,16.659
3047,798752768,1769566025138,21:07:05.138,42.3448023,-71.0825832,16.659
3048,799014912,1769566025568,21:07:05.568,42.3448023,-71.0825832,16.659
3049,799277056,1769566025871,21:07:05.871,42.3448023,-71.0825832,16.659
3050,799539200,1769566026221,21:07:06.221,42.3448023,-71.0825832,16.659
3051,799801344,1769566026583,21:07:06.583,42.3448023,-71.0825832,16.659
3052,800063488,1769566026984,21:07:06.984,42.3448023,-71.0825832,16.659
3053,800325632,1769566027335,21:07:07.335,42.3448023,-71.0825832,16.659
3054,800587776,1769566031011,21:07:11.011,42.3448023,-71.0825832,16.659
3055,800849920,1769566031270,21:07:11.270,42.3448023,-71.0825832,16.659
3056,801112064,1769566031533,21:07:11.533,42.3448023,-71.0825832,16.659
3057,801374208,1769566031784,21:07:11.784,42.3448023,-71.0825832,16.659
3058,801636352,1769566032033,21:07:12.033,42.3448023,-71.0825832,16.659
3059,801898496,1769566032280,21:07:12.280,42.3448023,-71.0825832,16.659
3060,802160640,1769566032557,21:07:12.557,42.3448023,-71.0825832,16.659
3061,802422784,1769566032821,21:07:12.821,42.3448023,-71.0825832,16.659
3062,802684928,1769566033062,21:07:13.062,42.3448023,-71.0825832,16.659
3063,802947072,1769566033313,21:07:13.313,42.3448023,-71.0825832,16.659
3064,803209216,1769566033574,21:07:13.574,42.3448023,-71.0825832,16.659
3065,803471360,1769566033825,21:07:13.825,42.3448023,-71.0825832,16.659
3066,803733504,1769566034073,21:07:14.073,42.3448023,-71.0825832,16.659
3067,803995648,1769566034339,21:07:14.339,42.3448023,-71.0825832,16.659
3068,804257792,1769566034644,21:07:14.644,42.3448023,-71.0825832,16.659
3069,804519936,1769566035025,21:07:15.025,42.3448023,-71.0825832,16.659
3070,804782080,1769566035448,21:07:15.448,42.3448023,-71.0825832,16.659
3071,805044224,1769566035740,21:07:15.740,42.3448023,-71.0825832,16.659
3072,805306368,1769566036134,21:07:16.134,42.3448023,-71.0825832,16.659
3073,805568512,1769566036510,21:07:16.510,42.3448023,-71.0825832,16.659
3074,805830656,1769566036839,21:07:16.839,42.3448023,-71.0825832,16.659
3075,806092800,1769566037256,21:07:17.256,42.3448023,-71.0825832,16.659
3076,806354944,1769566037637,21:07:17.637,42.3448023,-71.0825832,16.659
3077,806617088,1769566038040,21:07:18.040,42.3448023,-71.0825832,16.659
3078,806879232,1769566038387,21:07:18.387,42.3448023,-71.0825832,16.659
3079,807141376,1769566038736,21:07:18.736,42.3448023,-71.0825832,16.659
3080,807403520,1769566039087,21:07:19.087,42.3448023,-71.0825832,16.659
3081,807665664,1769566039466,21:07:19.466,42.3448023,-71.0825832,16.659
3082,807927808,1769566039817,21:07:19.817,42.3448023,-71.0825832,16.659
3083,808189952,1769566040168,21:07:20.168,42.3448023,-71.0825832,16.659
3084,808452096,1769566040525,21:07:20.525,42.3448023,-71.0825832,16.659
3085,808714240,1769566040876,21:07:20.876,42.3448023,-71.0825832,16.659
3086,808976384,1769566041226,21:07:21.226,42.3448023,-71.0825832,16.659
3087,809238528,1769566041624,21:07:21.624,42.3448023,-71.0825832,16.659
3088,809500672,1769566042004,21:07:22.004,42.3448023,-71.0825832,16.659
3089,809762816,1769566042375,21:07:22.375,42.3448023,-71.0825832,16.659
3090,810024960,1769566042900,21:07:22.900,42.3448023,-71.0825832,16.659
3091,810287104,1769566043474,21:07:23.474,42.3448023,-71.0825832,16.659
3092,810549248,1769566043918,21:07:23.918,42.3448023,-71.0825832,16.659
3093,810811392,1769566044445,21:07:24.445,42.3448023,-71.0825832,16.659
3094,811073536,1769566045050,21:07:25.050,42.3448023,-71.0825832,16.659
3095,811335680,1769566045812,21:07:25.812,42.3448023,-71.0825832,16.659
3096,811597824,1769566046419,21:07:26.419,42.3448023,-71.0825832,16.659
3097,811859968,1769566047136,21:07:27.136,42.3448023,-71.0825832,16.659
3098,812122112,1769566047643,21:07:27.643,42.3448023,-71.0825832,16.659
3099,812384256,1769566047974,21:07:27.974,42.3448023,-71.0825832,16.659
3100,812646400,1769566048418,21:07:28.418,42.3448023,-71.0825832,16.659
3101,812908544,1769566048930,21:07:28.930,42.3448023,-71.0825832,16.659
3102,813170688,1769566049412,21:07:29.412,42.3448023,-71.0825832,16.659
3103,813432832,1769566049747,21:07:29.747,42.3448023,-71.0825832,16.659
3104,813694976,1769566050129,21:07:30.129,42.3448023,-71.0825832,16.659
3105,813957120,1769566050466,21:07:30.466,42.3448023,-71.0825832,16.659
3106,814219264,1769566050925,21:07:30.925,42.3448023,-71.0825832,16.659
3107,814481408,1769566051301,21:07:31.301,42.3448023,-71.0825832,16.659
3108,814743552,1769566051783,21:07:31.783,42.3448023,-71.0825832,16.659
3109,815005696,1769566052220,21:07:32.220,42.3448023,-71.0825832,16.659
3110,815267840,1769566052670,21:07:32.670,42.3448023,-71.0825832,16.659
3111,815529984,1769566053074,21:07:33.074,42.3448023,-71.0825832,16.659
3112,815792128,1769566053461,21:07:33.461,42.3448023,-71.0825832,16.659
3113,816054272,1769566053854,21:07:33.854,42.3448023,-71.0825832,16.659
3114,816316416,1769566054270,21:07:34.270,42.3448023,-71.0825832,16.659
3115,816578560,1769566054724,21:07:34.724,42.3448023,-71.0825832,16.659
3116,816840704,1769566055106,21:07:35.106,42.3448023,-71.0825832,16.659
3117,817102848,1769566055488,21:07:35.488,42.3448023,-71.0825832,16.659
3118,817364992,1769566055898,21:07:35.898,42.3448023,-71.0825832,16.659
3119,817627136,1769566056311,21:07:36.311,42.3448023,-71.0825832,16.659
3120,817889280,1769566056718,21:07:36.718,42.3448023,-71.0825832,16.659
3121,818151424,1769566057012,21:07:37.012,42.3448023,-71.0825832,16.659
3122,818413568,1769566057377,21:07:37.377,42.3448023,-71.0825832,16.659
3123,818675712,1769566060909,21:07:40.909,42.3448023,-71.0825832,16.659
3124,818937856,1769566061174,21:07:41.174,42.3448023,-71.0825832,16.659
3125,819200000,1769566061425,21:07:41.425,42.3448023,-71.0825832,16.659
3126,819462144,1769566061691,21:07:41.691,42.3448023,-71.0825832,16.659
3127,819724288,1769566061962,21:07:41.962,42.3448023,-71.0825832,16.659
3128,819986432,1769566062213,21:07:42.213,42.3448023,-71.0825832,16.659
3129,820248576,1769566062467,21:07:42.467,42.3448023,-71.0825832,16.659
3130,820510720,1769566062697,21:07:42.697,42.3448023,-71.0825832,16.659
3131,820772864,1769566062953,21:07:42.953,42.3448023,-71.0825832,16.659
3132,821035008,1769566063202,21:07:43.202,42.3448023,-71.0825832,16.659
3133,821297152,1769566063471,21:07:43.471,42.3448023,-71.0825832,16.659
3134,821559296,1769566063725,21:07:43.725,42.3448023,-71.0825832,16.659
3135,821821440,1769566063965,21:07:43.965,42.3448023,-71.0825832,16.659
3136,822083584,1769566064210,21:07:44.210,42.3448023,-71.0825832,16.659
3137,822345728,1769566064466,21:07:44.466,42.3448023,-71.0825832,16.659
3138,822607872,1769566064728,21:07:44.728,42.3448023,-71.0825832,16.659
3139,822870016,1769566064993,21:07:44.993,42.3448023,-71.0825832,16.659
3140,823132160,1769566065236,21:07:45.236,42.3448023,-71.0825832,16.659
3141,823394304,1769566065499,21:07:45.499,42.3448023,-71.0825832,16.659
3142,823656448,1769566065759,21:07:45.759,42.3448023,-71.0825832,16.659
3143,823918592,1769566066035,21:07:46.035,42.3448023,-71.0825832,16.659
3144,824180736,1769566066281,21:07:46.281,42.3448023,-71.0825832,16.659
3145,824442880,1769566066544,21:07:46.544,42.3448023,-71.0825832,16.659
3146,824705024,1769566067003,21:07:47.003,42.3448023,-71.0825832,16.659
3147,824967168,1769566067513,21:07:47.513,42.3448023,-71.0825832,16.659
3148,825229312,1769566067797,21:07:47.797,42.3448023,-71.0825832,16.659
3149,825491456,1769566068506,21:07:48.506,42.3448023,-71.0825832,16.659
3150,825753600,1769566069161,21:07:49.161,42.3448023,-71.0825832,16.659
3151,826015744,1769566069580,21:07:49.580,42.3448023,-71.0825832,16.659
3152,826277888,1769566070479,21:07:50.479,42.3448023,-71.0825832,16.659
3153,826540032,1769566071318,21:07:51.318,42.3448023,-71.0825832,16.659
3154,826802176,1769566071864,21:07:51.864,42.3448023,-71.0825832,16.659
3155,827064320,1769566072418,21:07:52.418,42.3448023,-71.0825832,16.659
3156,827326464,1769566072984,21:07:52.984,42.3448023,-71.0825832,16.659
3157,827588608,1769566073499,21:07:53.499,42.3448023,-71.0825832,16.659
3158,827850752,1769566073954,21:07:53.954,42.3448023,-71.0825832,16.659
3159,828112896,1769566074453,21:07:54.453,42.3448023,-71.0825832,16.659
3160,828375040,1769566074937,21:07:54.937,42.3448023,-71.0825832,16.659
3161,828637184,1769566075193,21:07:55.193,42.3448023,-71.0825832,16.659
3162,828899328,1769566075502,21:07:55.502,42.3448023,-71.0825832,16.659
3163,829161472,1769566075851,21:07:55.851,42.3448023,-71.0825832,16.659
3164,829423616,1769566076203,21:07:56.203,42.3448023,-71.0825832,16.659
3165,829685760,1769566076589,21:07:56.589,42.3448023,-71.0825832,16.659
3166,829947904,1769566076985,21:07:56.985,42.3448023,-71.0825832,16.659
3167,830210048,1769566077299,21:07:57.299,42.3448023,-71.0825832,16.659
3168,830472192,1769566077788,21:07:57.788,42.3448023,-71.0825832,16.659
3169,830734336,1769566078186,21:07:58.186,42.3448023,-71.0825832,16.659
3170,830996480,1769566078580,21:07:58.580,42.3448023,-71.0825832,16.659
3171,831258624,1769566078987,21:07:58.987,42.3448023,-71.0825832,16.659
3172,831520768,1769566079347,21:07:59.347,42.3448023,-71.0825832,16.659
3173,831782912,1769566079690,21:07:59.690,42.3448023,-71.0825832,16.659
3174,832045056,1769566080039,21:08:00.039,42.3448023,-71.0825832,16.659
3175,832307200,1769566080403,21:08:00.403,42.3448023,-71.0825832,16.659
3176,832569344,1769566081000,21:08:01.000,42.3448023,-71.0825832,16.659
3177,832831488,1769566081489,21:08:01.489,42.3448023,-71.0825832,16.659
3178,833093632,1769566081976,21:08:01.976,42.3448023,-71.0825832,16.659
3179,833355776,1769566082390,21:08:02.390,42.3448023,-71.0825832,16.659
3180,833617920,1769566082916,21:08:02.916,42.3448023,-71.0825832,16.659
3181,833880064,1769566083375,21:08:03.375,42.3448023,-71.0825832,16.659
3182,834142208,1769566083697,21:08:03.697,42.3448023,-71.0825832,16.659
3183,834404352,1769566084097,21:08:04.097,42.3448023,-71.0825832,16.659
3184,834666496,1769566084617,21:08:04.617,42.3448023,-71.0825832,16.659
3185,834928640,1769566085054,21:08:05.054,42.3448023,-71.0825832,16.659
3186,835190784,1769566085398,21:08:05.398,42.3448023,-71.0825832,16.659
3187,835452928,1769566085779,21:08:05.779,42.3448023,-71.0825832,16.659
3188,835715072,1769566086148,21:08:06.148,42.3448023,-71.0825832,16.659
3189,835977216,1769566086534,21:08:06.534,42.3448023,-71.0825832,16.659
3190,836239360,1769566086981,21:08:06.981,42.3448023,-71.0825832,16.659
3191,836501504,1769566087435,21:08:07.435,42.3448023,-71.0825832,16.659
3192,836763648,1769566087720,21:08:07.720,42.3448023,-71.0825832,16.659
3193,837025792,1769566090983,21:08:10.983,42.3448023,-71.0825832,16.659
3194,837287936,1769566091284,21:08:11.284,42.3448023,-71.0825832,16.659
3195,837550080,1769566091538,21:08:11.538,42.3448023,-71.0825832,16.659
3196,837812224,1769566091779,21:08:11.779,42.3448023,-71.0825832,16.659
3197,838074368,1769566092051,21:08:12.051,42.3448023,-71.0825832,16.659
3198,838336512,1769566092304,21:08:12.304,42.3448023,-71.0825832,16.659
3199,838598656,1769566092575,21:08:12.575,42.3448023,-71.0825832,16.659
3200,838860800,1769566092842,21:08:12.842,42.3448023,-71.0825832,16.659
3201,839122944,1769566093130,21:08:13.130,42.3448023,-71.0825832,16.659
3202,839385088,1769566093400,21:08:13.400,42.3448023,-71.0825832,16.659
3203,839647232,1769566093665,21:08:13.665,42.3448023,-71.0825832,16.659
3204,839909376,1769566093937,21:08:13.937,42.3448023,-71.0825832,16.659
3205,840171520,1769566094172,21:08:14.172,42.3448023,-71.0825832,16.659
3206,840433664,1769566094436,21:08:14.436,42.3448023,-71.0825832,16.659
3207,840695808,1769566094683,21:08:14.683,42.3448023,-71.0825832,16.659
3208,840957952,1769566094948,21:08:14.948,42.3448023,-71.0825832,16.659
3209,841220096,1769566095208,21:08:15.208,42.3448023,-71.0825832,16.659
3210,841482240,1769566095557,21:08:15.557,42.3448023,-71.0825832,16.659
3211,841744384,1769566095942,21:08:15.942,42.3448023,-71.0825832,16.659
3212,842006528,1769566096329,21:08:16.329,42.3448023,-71.0825832,16.659
3213,842268672,1769566096734,21:08:16.734,42.3448023,-71.0825832,16.659
3214,842530816,1769566097094,21:08:17.094,42.3448023,-71.0825832,16.659
3215,842792960,1769566097436,21:08:17.436,42.3448023,-71.0825832,16.659
3216,843055104,1769566097790,21:08:17.790,42.3448023,-71.0825832,16.659
3217,843317248,1769566098141,21:08:18.141,42.3448023,-71.0825832,16.659
3218,843579392,1769566098500,21:08:18.500,42.3448023,-71.0825832,16.659
3219,843841536,1769566098972,21:08:18.972,42.3448023,-71.0825832,16.659
3220,844103680,1769566099398,21:08:19.398,42.3448023,-71.0825832,16.659
3221,844365824,1769566099717,21:08:19.717,42.3448023,-71.0825832,16.659
3222,844627968,1769566100102,21:08:20.102,42.3448023,-71.0825832,16.659
3223,844890112,1769566100489,21:08:20.489,42.3448023,-71.0825832,16.659
3224,845152256,1769566100842,21:08:20.842,42.3448023,-71.0825832,16.659
3225,845414400,1769566101191,21:08:21.191,42.3448023,-71.0825832,16.659
3226,845676544,1769566101540,21:08:21.540,42.3448023,-71.0825832,16.659
3227,845938688,1769566101892,21:08:21.892,42.3448023,-71.0825832,16.659
3228,846200832,1769566102243,21:08:22.243,42.3448023,-71.0825832,16.659
3229,846462976,1769566102613,21:08:22.613,42.3448023,-71.0825832,16.659
3230,846725120,1769566103121,21:08:23.121,42.3448023,-71.0825832,16.659
3231,846987264,1769566103713,21:08:23.713,42.3448023,-71.0825832,16.659
3232,847249408,1769566104428,21:08:24.428,42.3448023,-71.0825832,16.659
3233,847511552,1769566105109,21:08:25.109,42.3448023,-71.0825832,16.659
3234,847773696,1769566105713,21:08:25.713,42.3448023,-71.0825832,16.659
3235,848035840,1769566106322,21:08:26.322,42.3448023,-71.0825832,16.659
3236,848297984,1769566106965,21:08:26.965,42.3448023,-71.0825832,16.659
3237,848560128,1769566107486,21:08:27.486,42.3448023,-71.0825832,16.659
3238,848822272,1769566107861,21:08:27.861,42.3448023,-71.0825832,16.659
3239,849084416,1769566108214,21:08:28.214,42.3448023,-71.0825832,16.659
3240,849346560,1769566108565,21:08:28.565,42.3448023,-71.0825832,16.659
3241,849608704,1769566108914,21:08:28.914,42.3448023,-71.0825832,16.659
3242,849870848,1769566109265,21:08:29.265,42.3448023,-71.0825832,16.659
3243,850132992,1769566109626,21:08:29.626,42.3448023,-71.0825832,16.659
3244,850395136,1769566109966,21:08:29.966,42.3448023,-71.0825832,16.659
3245,850657280,1769566110344,21:08:30.344,42.3448023,-71.0825832,16.659
3246,850919424,1769566110665,21:08:30.665,42.3448023,-71.0825832,16.659
3247,851181568,1769566111055,21:08:31.055,42.3448023,-71.0825832,16.659
3248,851443712,1769566111463,21:08:31.463,42.3448023,-71.0825832,16.659
3249,851705856,1769566111752,21:08:31.752,42.3448023,-71.0825832,16.659
3250,851968000,1769566112105,21:08:32.105,42.3448023,-71.0825832,16.659
3251,852230144,1769566112457,21:08:32.457,42.3448023,-71.0825832,16.659
3252,852492288,1769566112804,21:08:32.804,42.3448023,-71.0825832,16.659
3253,852754432,1769566113155,21:08:33.155,42.3448023,-71.0825832,16.659
3254,853016576,1769566113505,21:08:33.505,42.3448023,-71.0825832,16.659
3255,853278720,1769566113951,21:08:33.951,42.3448023,-71.0825832,16.659
3256,853540864,1769566114332,21:08:34.332,42.3448023,-71.0825832,16.659
3257,853803008,1769566114757,21:08:34.757,42.3448023,-71.0825832,16.659
3258,854065152,1769566115177,21:08:35.177,42.3448023,-71.0825832,16.659
3259,854327296,1769566115528,21:08:35.528,42.3448023,-71.0825832,16.659
3260,854589440,1769566115969,21:08:35.969,42.3448023,-71.0825832,16.659
3261,854851584,1769566116394,21:08:36.394,42.3448023,-71.0825832,16.659
3262,855113728,1769566116795,21:08:36.795,42.3448023,-71.0825832,16.659
3263,855375872,1769566117260,21:08:37.260,42.3448023,-71.0825832,16.659
3264,855638016,1769566117767,21:08:37.767,42.3448023,-71.0825832,16.659
3265,855900160,1769566121281,21:08:41.281,42.3448023,-71.0825832,16.659
3266,856162304,1769566121538,21:08:41.538,42.3448023,-71.0825832,16.659
3267,856424448,1769566121804,21:08:41.804,42.3448023,-71.0825832,16.659
3268,856686592,1769566122062,21:08:42.062,42.3448023,-71.0825832,16.659
3269,856948736,1769566122337,21:08:42.337,42.3448023,-71.0825832,16.659
3270,857210880,1769566122599,21:08:42.599,42.3448023,-71.0825832,16.659
3271,857473024,1769566122861,21:08:42.861,42.3448023,-71.0825832,16.659
3272,857735168,1769566123109,21:08:43.109,42.3448023,-71.0825832,16.659
3273,857997312,1769566123359,21:08:43.359,42.3448023,-71.0825832,16.659
3274,858259456,1769566123616,21:08:43.616,42.3448023,-71.0825832,16.659
3275,858521600,1769566123876,21:08:43.876,42.3448023,-71.0825832,16.659
3276,858783744,1769566124126,21:08:44.126,42.3448023,-71.0825832,16.659
3277,859045888,1769566124407,21:08:44.407,42.3448023,-71.0825832,16.659
3278,859308032,1769566124668,21:08:44.668,42.3448023,-71.0825832,16.659
3279,859570176,1769566124925,21:08:44.925,42.3448023,-71.0825832,16.659
3280,859832320,1769566125200,21:08:45.200,42.3448023,-71.0825832,16.659
3281,860094464,1769566125470,21:08:45.470,42.3448023,-71.0825832,16.659
3282,860356608,1769566125866,21:08:45.866,42.3448023,-71.0825832,16.659
3283,860618752,1769566126256,21:08:46.256,42.3448023,-71.0825832,16.659
3284,860880896,1769566126586,21:08:46.586,42.3448023,-71.0825832,16.659
3285,861143040,1769566126936,21:08:46.936,42.3448023,-71.0825832,16.659
3286,861405184,1769566127288,21:08:47.288,42.3448023,-71.0825832,16.659
3287,861667328,1769566127653,21:08:47.653,42.3448023,-71.0825832,16.659
3288,861929472,1769566128035,21:08:48.035,42.3448023,-71.0825832,16.659
3289,862191616,1769566128294,21:08:48.294,42.3448023,-71.0825832,16.659
3290,862453760,1769566128606,21:08:48.606,42.3448023,-71.0825832,16.659
3291,862715904,1769566129030,21:08:49.030,42.3448023,-71.0825832,16.659
3292,862978048,1769566129491,21:08:49.491,42.3448023,-71.0825832,16.659
3293,863240192,1769566129761,21:08:49.761,42.3448023,-71.0825832,16.659
3294,863502336,1769566130205,21:08:50.205,42.3448023,-71.0825832,16.659
3295,863764480,1769566130725,21:08:50.725,42.3448023,-71.0825832,16.659
3296,864026624,1769566131163,21:08:51.163,42.3448023,-71.0825832,16.659
3297,864288768,1769566131534,21:08:51.534,42.3448023,-71.0825832,16.659
3298,864550912,1769566131899,21:08:51.899,42.3448023,-71.0825832,16.659
3299,864813056,1769566132252,21:08:52.252,42.3448023,-71.0825832,16.659
3300,865075200,1769566132644,21:08:52.644,42.3448023,-71.0825832,16.659
3301,865337344,1769566132969,21:08:52.969,42.3448023,-71.0825832,16.659
3302,865599488,1769566133284,21:08:53.284,42.3448023,-71.0825832,16.659
3303,865861632,1769566133633,21:08:53.633,42.3448023,-71.0825832,16.659
3304,866123776,1769566134225,21:08:54.225,42.3448023,-71.0825832,16.659
3305,866385920,1769566134804,21:08:54.804,42.3448023,-71.0825832,16.659
3306,866648064,1769566135269,21:08:55.269,42.3448023,-71.0825832,16.659
3307,866910208,1769566135842,21:08:55.842,42.3448023,-71.0825832,16.659
3308,867172352,1769566136461,21:08:56.461,42.3448023,-71.0825832,16.659
3309,867434496,1769566136993,21:08:56.993,42.3448023,-71.0825832,16.659
3310,867696640,1769566137414,21:08:57.414,42.3448023,-71.0825832,16.659
3311,867958784,1769566137988,21:08:57.988,42.3448023,-71.0825832,16.659
3312,868220928,1769566138523,21:08:58.523,42.3448023,-71.0825832,16.659
3313,868483072,1769566139021,21:08:59.021,42.3448023,-71.0825832,16.659
3314,868745216,1769566139475,21:08:59.475,42.3448023,-71.0825832,16.659
3315,869007360,1769566140156,21:09:00.156,42.3448023,-71.0825832,16.659
3316,869269504,1769566140863,21:09:00.863,42.3448023,-71.0825832,16.659
3317,869531648,1769566141641,21:09:01.641,42.3448023,-71.0825832,16.659
3318,869793792,1769566142695,21:09:02.695,42.3448023,-71.0825832,16.659
3319,870055936,1769566143211,21:09:03.211,42.3448023,-71.0825832,16.659
3320,870318080,1769566143594,21:09:03.594,42.3448023,-71.0825832,16.659
3321,870580224,1769566144060,21:09:04.060,42.3448023,-71.0825832,16.659
3322,870842368,1769566144459,21:09:04.459,42.3448023,-71.0825832,16.659
3323,871104512,1769566144762,21:09:04.762,42.3448023,-71.0825832,16.659
3324,871366656,1769566145117,21:09:05.117,42.3448023,-71.0825832,16.659
3325,871628800,1769566145592,21:09:05.592,42.3448023,-71.0825832,16.659
3326,871890944,1769566146065,21:09:06.065,42.3448023,-71.0825832,16.659
3327,872153088,1769566146474,21:09:06.474,42.3448023,-71.0825832,16.659
3328,872415232,1769566146943,21:09:06.943,42.3448023,-71.0825832,16.659
3329,872677376,1769566147412,21:09:07.412,42.3448023,-71.0825832,16.659
3330,872939520,1769566147894,21:09:07.894,42.3448023,-71.0825832,16.659
3331,873201664,1769566151209,21:09:11.209,42.3448023,-71.0825832,16.659
3332,873463808,1769566151462,21:09:11.462,42.3448023,-71.0825832,16.659
3333,873725952,1769566151710,21:09:11.710,42.3448023,-71.0825832,16.659
3334,873988096,1769566151949,21:09:11.949,42.3448023,-71.0825832,16.659
3335,874250240,1769566152204,21:09:12.204,42.3448023,-71.0825832,16.659
3336,874512384,1769566152458,21:09:12.458,42.3448023,-71.0825832,16.659
3337,874774528,1769566152718,21:09:12.718,42.3448023,-71.0825832,16.659
3338,875036672,1769566152972,21:09:12.972,42.3448023,-71.0825832,16.659
3339,875298816,1769566153228,21:09:13.228,42.3448023,-71.0825832,16.659
3340,875560960,1769566153490,21:09:13.490,42.3448023,-71.0825832,16.659
3341,875823104,1769566153740,21:09:13.740,42.3448023,-71.0825832,16.659
3342,876085248,1769566154002,21:09:14.002,42.3448023,-71.0825832,16.659
3343,876347392,1769566154242,21:09:14.242,42.3448023,-71.0825832,16.659
3344,876609536,1769566154488,21:09:14.488,42.3448023,-71.0825832,16.659
3345,876871680,1769566154741,21:09:14.741,42.3448023,-71.0825832,16.659
3346,877133824,1769566155045,21:09:15.045,42.3448023,-71.0825832,16.659
3347,877395968,1769566155397,21:09:15.397,42.3448023,-71.0825832,16.659
3348,877658112,1769566155761,21:09:15.761,42.3448023,-71.0825832,16.659
3349,877920256,1769566156199,21:09:16.199,42.3448023,-71.0825832,16.659
3350,878182400,1769566156672,21:09:16.672,42.3448023,-71.0825832,16.659
3351,878444544,1769566156968,21:09:16.968,42.3448023,-71.0825832,16.659
3352,878706688,1769566157324,21:09:17.324,42.3448023,-71.0825832,16.659
3353,878968832,1769566157744,21:09:17.744,42.3448023,-71.0825832,16.659
3354,879230976,1769566158130,21:09:18.130,42.3448023,-71.0825832,16.659
3355,879493120,1769566158480,21:09:18.480,42.3448023,-71.0825832,16.659
3356,879755264,1769566158831,21:09:18.831,42.3448023,-71.0825832,16.659
3357,880017408,1769566159202,21:09:19.202,42.3448023,-71.0825832,16.659
3358,880279552,1769566159552,21:09:19.552,42.3448023,-71.0825832,16.659
3359,880541696,1769566159903,21:09:19.903,42.3448023,-71.0825832,16.659
3360,880803840,1769566160259,21:09:20.259,42.3448023,-71.0825832,16.659
3361,881065984,1769566160631,21:09:20.631,42.3448023,-71.0825832,16.659
3362,881328128,1769566161067,21:09:21.067,42.3448023,-71.0825832,16.659
3363,881590272,1769566161345,21:09:21.345,42.3448023,-71.0825832,16.659
3364,881852416,1769566161681,21:09:21.681,42.3448023,-71.0825832,16.659
3365,882114560,1769566162030,21:09:22.030,42.3448023,-71.0825832,16.659
3366,882376704,1769566162380,21:09:22.380,42.3448023,-71.0825832,16.659
3367,882638848,1769566162804,21:09:22.804,42.3448023,-71.0825832,16.659
3368,882900992,1769566163243,21:09:23.243,42.3448023,-71.0825832,16.659
3369,883163136,1769566163722,21:09:23.722,42.3448023,-71.0825832,16.659
3370,883425280,1769566164227,21:09:24.227,42.3448023,-71.0825832,16.659
3371,883687424,1769566164577,21:09:24.577,42.3448023,-71.0825832,16.659
3372,883949568,1769566165066,21:09:25.066,42.3448023,-71.0825832,16.659
3373,884211712,1769566165559,21:09:25.559,42.3448023,-71.0825832,16.659
3374,884473856,1769566165998,21:09:25.998,42.3448023,-71.0825832,16.659
3375,884736000,1769566166396,21:09:26.396,42.3448023,-71.0825832,16.659
3376,884998144,1769566166805,21:09:26.805,42.3448023,-71.0825832,16.659
3377,885260288,1769566167096,21:09:27.096,42.3448023,-71.0825832,16.659
3378,885522432,1769566167459,21:09:27.459,42.3448023,-71.0825832,16.659
3379,885784576,1769566167878,21:09:27.878,42.3448023,-71.0825832,16.659
3380,886046720,1769566168229,21:09:28.229,42.3448023,-71.0825832,16.659
3381,886308864,1769566168583,21:09:28.583,42.3448023,-71.0825832,16.659
3382,886571008,1769566168958,21:09:28.958,42.3448023,-71.0825832,16.659
3383,886833152,1769566169284,21:09:29.284,42.3448023,-71.0825832,16.659
3384,887095296,1769566169679,21:09:29.679,42.3448023,-71.0825832,16.659
3385,887357440,1769566170058,21:09:30.058,42.3448023,-71.0825832,16.659
3386,887619584,1769566170411,21:09:30.411,42.3448023,-71.0825832,16.659
3387,887881728,1769566170760,21:09:30.760,42.3448023,-71.0825832,16.659
3388,888143872,1769566171109,21:09:31.109,42.3448023,-71.0825832,16.659
3389,888406016,1769566171591,21:09:31.591,42.3448023,-71.0825832,16.659
3390,888668160,1769566172188,21:09:32.188,42.3448023,-71.0825832,16.659
3391,888930304,1769566172863,21:09:32.863,42.3448023,-71.0825832,16.659
3392,889192448,1769566173386,21:09:33.386,42.3448023,-71.0825832,16.659
3393,889454592,1769566174178,21:09:34.178,42.3448023,-71.0825832,16.659
3394,889716736,1769566175068,21:09:35.068,42.3448023,-71.0825832,16.659
3395,889978880,1769566175812,21:09:35.812,42.3448023,-71.0825832,16.659
3396,890241024,1769566176706,21:09:36.706,42.3448023,-71.0825832,16.659
3397,890503168,1769566177452,21:09:37.452,42.3448023,-71.0825832,16.659
3398,890765312,1769566178006,21:09:38.006,42.3448023,-71.0825832,16.659
3399,891027456,1769566181389,21:09:41.389,42.3448023,-71.0825832,16.659
3400,891289600,1769566181665,21:09:41.665,42.3448023,-71.0825832,16.659
3401,891551744,1769566181916,21:09:41.916,42.3448023,-71.0825832,16.659
3402,891813888,1769566182173,21:09:42.173,42.3448023,-71.0825832,16.659
3403,892076032,1769566182435,21:09:42.435,42.3448023,-71.0825832,16.659
3404,892338176,1769566182687,21:09:42.687,42.3448023,-71.0825832,16.659
3405,892600320,1769566182959,21:09:42.959,42.3448023,-71.0825832,16.659
3406,892862464,1769566183203,21:09:43.203,42.3448023,-71.0825832,16.659
3407,893124608,1769566183471,21:09:43.471,42.3448023,-71.0825832,16.659
3408,893386752,1769566183731,21:09:43.731,42.3448023,-71.0825832,16.659
3409,893648896,1769566183986,21:09:43.986,42.3448023,-71.0825832,16.659
3410,893911040,1769566184223,21:09:44.223,42.3448023,-71.0825832,16.659
3411,894173184,1769566184479,21:09:44.479,42.3448023,-71.0825832,16.659
3412,894435328,1769566184739,21:09:44.739,42.3448023,-71.0825832,16.659
3413,894697472,1769566184998,21:09:44.998,42.3448023,-71.0825832,16.659
3414,894959616,1769566185376,21:09:45.376,42.3448023,-71.0825832,16.659
3415,895221760,1769566185814,21:09:45.814,42.3448023,-71.0825832,16.659
3416,895483904,1769566186238,21:09:46.238,42.3448023,-71.0825832,16.659
3417,895746048,1769566186667,21:09:46.667,42.3448023,-71.0825832,16.659
3418,896008192,1769566187036,21:09:47.036,42.3448023,-71.0825832,16.659
3419,896270336,1769566187523,21:09:47.523,42.3448023,-71.0825832,16.659
3420,896532480,1769566187961,21:09:47.961,42.3448023,-71.0825832,16.659
3421,896794624,1769566188340,21:09:48.340,42.3448023,-71.0825832,16.659
3422,897056768,1769566188731,21:09:48.731,42.3448023,-71.0825832,16.659
3423,897318912,1769566189096,21:09:49.096,42.3448023,-71.0825832,16.659
3424,897581056,1769566189568,21:09:49.568,42.3448023,-71.0825832,16.659
3425,897843200,1769566189984,21:09:49.984,42.3448023,-71.0825832,16.659
3426,898105344,1769566190394,21:09:50.394,42.3448023,-71.0825832,16.659
3427,898367488,1769566190747,21:09:50.747,42.3448023,-71.0825832,16.659
3428,898629632,1769566191094,21:09:51.094,42.3448023,-71.0825832,16.659
3429,898891776,1769566191446,21:09:51.446,42.3448023,-71.0825832,16.659
3430,899153920,1769566191816,21:09:51.816,42.3448023,-71.0825832,16.659
3431,899416064,1769566192148,21:09:52.148,42.3448023,-71.0825832,16.659
3432,899678208,1769566192501,21:09:52.501,42.3448023,-71.0825832,16.659
3433,899940352,1769566193290,21:09:53.290,42.3448023,-71.0825832,16.659
3434,900202496,1769566193773,21:09:53.773,42.3448023,-71.0825832,16.659
3435,900464640,1769566194305,21:09:54.305,42.3448023,-71.0825832,16.659
3436,900726784,1769566194888,21:09:54.888,42.3448023,-71.0825832,16.659
3437,900988928,1769566195616,21:09:55.616,42.3448023,-71.0825832,16.659
3438,901251072,1769566196226,21:09:56.226,42.3448023,-71.0825832,16.659
3439,901513216,1769566196843,21:09:56.843,42.3448023,-71.0825832,16.659
3440,901775360,1769566197469,21:09:57.469,42.3448023,-71.0825832,16.659
3441,902037504,1769566197983,21:09:57.983,42.3448023,-71.0825832,16.659
3442,902299648,1769566198236,21:09:58.236,42.3448023,-71.0825832,16.659
3443,902561792,1769566198549,21:09:58.549,42.3448023,-71.0825832,16.659
3444,902823936,1769566198918,21:09:58.918,42.3448023,-71.0825832,16.659
3445,903086080,1769566199274,21:09:59.274,42.3448023,-71.0825832,16.659
3446,903348224,1769566199624,21:09:59.624,42.3448023,-71.0825832,16.659
3447,903610368,1769566200011,21:10:00.011,42.3448023,-71.0825832,16.659
3448,903872512,1769566200326,21:10:00.326,42.3448023,-71.0825832,16.659
3449,904134656,1769566200696,21:10:00.696,42.3448023,-71.0825832,16.659
3450,904396800,1769566201046,21:10:01.046,42.3448023,-71.0825832,16.659
3451,904658944,1769566201397,21:10:01.397,42.3448023,-71.0825832,16.659
3452,904921088,1769566201748,21:10:01.748,42.3448023,-71.0825832,16.659
3453,905183232,1769566202098,21:10:02.098,42.3448023,-71.0825832,16.659
3454,905445376,1769566202451,21:10:02.451,42.3448023,-71.0825832,16.659
3455,905707520,1769566202819,21:10:02.819,42.3448023,-71.0825832,16.659
3456,905969664,1769566203168,21:10:03.168,42.3448023,-71.0825832,16.659
3457,906231808,1769566203519,21:10:03.519,42.3448023,-71.0825832,16.659
3458,906493952,1769566203954,21:10:03.954,42.3448023,-71.0825832,16.659
3459,906756096,1769566204393,21:10:04.393,42.3448023,-71.0825832,16.659
3460,907018240,1769566204786,21:10:04.786,42.3448023,-71.0825832,16.659
3461,907280384,1769566205138,21:10:05.138,42.3448023,-71.0825832,16.659
3462,907542528,1769566205539,21:10:05.539,42.3448023,-71.0825832,16.659
3463,907804672,1769566206009,21:10:06.009,42.3448023,-71.0825832,16.659
3464,908066816,1769566206534,21:10:06.534,42.3448023,-71.0825832,16.659
3465,908328960,1769566207156,21:10:07.156,42.3448023,-71.0825832,16.659
3466,908591104,1769566207656,21:10:07.656,42.3448023,-71.0825832,16.659
3467,908853248,1769566208444,21:10:08.444,42.3448023,-71.0825832,16.659
3468,909115392,1769566212112,21:10:12.112,42.3448023,-71.0825832,16.659
3469,909377536,1769566212393,21:10:12.393,42.3448023,-71.0825832,16.659
3470,909639680,1769566212656,21:10:12.656,42.3448023,-71.0825832,16.659
3471,909901824,1769566212904,21:10:12.904,42.3448023,-71.0825832,16.659
3472,910163968,1769566213167,21:10:13.167,42.3448023,-71.0825832,16.659
3473,910426112,1769566213428,21:10:13.428,42.3448023,-71.0825832,16.659
3474,910688256,1769566213669,21:10:13.669,42.3448023,-71.0825832,16.659
3475,910950400,1769566213924,21:10:13.924,42.3448023,-71.0825832,16.659
3476,911212544,1769566214185,21:10:14.185,42.3448023,-71.0825832,16.659
3477,911474688,1769566214404,21:10:14.404,42.3448023,-71.0825832,16.659
3478,911736832,1769566214648,21:10:14.648,42.3448023,-71.0825832,16.659
3479,911998976,1769566214913,21:10:14.913,42.3448023,-71.0825832,16.659
3480,912261120,1769566215160,21:10:15.160,42.3448023,-71.0825832,16.659
3481,912523264,1769566215429,21:10:15.429,42.3448023,-71.0825832,16.659
3482,912785408,1769566215689,21:10:15.689,42.3448023,-71.0825832,16.659
3483,913047552,1769566215950,21:10:15.950,42.3448023,-71.0825832,16.659
3484,913309696,1769566216195,21:10:16.195,42.3448023,-71.0825832,16.659
3485,913571840,1769566216454,21:10:16.454,42.3448023,-71.0825832,16.659
3486,913833984,1769566216721,21:10:16.721,42.3448023,-71.0825832,16.659
3487,914096128,1769566217045,21:10:17.045,42.3448023,-71.0825832,16.659
3488,914358272,1769566217396,21:10:17.396,42.3448023,-71.0825832,16.659
3489,914620416,1769566217752,21:10:17.752,42.3448023,-71.0825832,16.659
3490,914882560,1769566218072,21:10:18.072,42.3448023,-71.0825832,16.659
3491,915144704,1769566218474,21:10:18.474,42.3448023,-71.0825832,16.659
3492,915406848,1769566218907,21:10:18.907,42.3448023,-71.0825832,16.659
3493,915668992,1769566219418,21:10:19.418,42.3448023,-71.0825832,16.659
3494,915931136,1769566219978,21:10:19.978,42.3448023,-71.0825832,16.659
3495,916193280,1769566220562,21:10:20.562,42.3448023,-71.0825832,16.659
3496,916455424,1769566221369,21:10:21.369,42.3448023,-71.0825832,16.659
3497,916717568,1769566221829,21:10:21.829,42.3448023,-71.0825832,16.659
3498,916979712,1769566222307,21:10:22.307,42.3448023,-71.0825832,16.659
3499,917241856,1769566222898,21:10:22.898,42.3448023,-71.0825832,16.659
3500,917504000,1769566223473,21:10:23.473,42.3448023,-71.0825832,16.659
3501,917766144,1769566224063,21:10:24.063,42.3448023,-71.0825832,16.659
3502,918028288,1769566224673,21:10:24.673,42.3448023,-71.0825832,16.659
3503,918290432,1769566225313,21:10:25.313,42.3448023,-71.0825832,16.659
3504,918552576,1769566225799,21:10:25.799,42.3448023,-71.0825832,16.659
3505,918814720,1769566226331,21:10:26.331,42.3448023,-71.0825832,16.659
3506,919076864,1769566226799,21:10:26.799,42.3448023,-71.0825832,16.659
3507,919339008,1769566227130,21:10:27.130,42.3448023,-71.0825832,16.659
3508,919601152,1769566227479,21:10:27.479,42.3448023,-71.0825832,16.659
3509,919863296,1769566227942,21:10:27.942,42.3448023,-71.0825832,16.659
3510,920125440,1769566228436,21:10:28.436,42.3448023,-71.0825832,16.659
3511,920387584,1769566228841,21:10:28.841,42.3448023,-71.0825832,16.659
3512,920649728,1769566229249,21:10:29.249,42.3448023,-71.0825832,16.659
3513,920911872,1769566229629,21:10:29.629,42.3448023,-71.0825832,16.659
3514,921174016,1769566230101,21:10:30.101,42.3448023,-71.0825832,16.659
3515,921436160,1769566230455,21:10:30.455,42.3448023,-71.0825832,16.659
3516,921698304,1769566230806,21:10:30.806,42.3448023,-71.0825832,16.659
3517,921960448,1769566231156,21:10:31.156,42.3448023,-71.0825832,16.659
3518,922222592,1769566231509,21:10:31.509,42.3448023,-71.0825832,16.659
3519,922484736,1769566231863,21:10:31.863,42.3448023,-71.0825832,16.659
3520,922746880,1769566232225,21:10:32.225,42.3448023,-71.0825832,16.659
3521,923009024,1769566232585,21:10:32.585,42.3448023,-71.0825832,16.659
3522,923271168,1769566232938,21:10:32.938,42.3448023,-71.0825832,16.659
3523,923533312,1769566233304,21:10:33.304,42.3448023,-71.0825832,16.659
3524,923795456,1769566233688,21:10:33.688,42.3448023,-71.0825832,16.659
3525,924057600,1769566234226,21:10:34.226,42.3448023,-71.0825832,16.659
3526,924319744,1769566234729,21:10:34.729,42.3448023,-71.0825832,16.659
3527,924581888,1769566235429,21:10:35.429,42.3448023,-71.0825832,16.659
3528,924844032,1769566235910,21:10:35.910,42.3448023,-71.0825832,16.659
3529,925106176,1769566236462,21:10:36.462,42.3448023,-71.0825832,16.659
3530,925368320,1769566237188,21:10:37.188,42.3448023,-71.0825832,16.659
3531,925630464,1769566237795,21:10:37.795,42.3448023,-71.0825832,16.659
3532,925892608,1769566238494,21:10:38.494,42.3448023,-71.0825832,16.659
3533,926154752,1769566242516,21:10:42.516,42.3448023,-71.0825832,16.659
3534,926416896,1769566242786,21:10:42.786,42.3448023,-71.0825832,16.659
3535,926679040,1769566243046,21:10:43.046,42.3448023,-71.0825832,16.659
3536,926941184,1769566243297,21:10:43.297,42.3448023,-71.0825832,16.659
3537,927203328,1769566243569,21:10:43.569,42.3448023,-71.0825832,16.659
3538,927465472,1769566243835,21:10:43.835,42.3448023,-71.0825832,16.659
3539,927727616,1769566244109,21:10:44.109,42.3448023,-71.0825832,16.659
3540,927989760,1769566244371,21:10:44.371,42.3448023,-71.0825832,16.659
3541,928251904,1769566244616,21:10:44.616,42.3448023,-71.0825832,16.659
3542,928514048,1769566244881,21:10:44.881,42.3448023,-71.0825832,16.659
3543,928776192,1769566245142,21:10:45.142,42.3448023,-71.0825832,16.659
3544,929038336,1769566245389,21:10:45.389,42.3448023,-71.0825832,16.659
3545,929300480,1769566245647,21:10:45.647,42.3448023,-71.0825832,16.659
3546,929562624,1769566246039,21:10:46.039,42.3448023,-71.0825832,16.659
3547,929824768,1769566246808,21:10:46.808,42.3448023,-71.0825832,16.659
3548,930086912,1769566247586,21:10:47.586,42.3448023,-71.0825832,16.659
3549,930349056,1769566248156,21:10:48.156,42.3448023,-71.0825832,16.659
3550,930611200,1769566248603,21:10:48.603,42.3448023,-71.0825832,16.659
3551,930873344,1769566249055,21:10:49.055,42.3448023,-71.0825832,16.659
3552,931135488,1769566249450,21:10:49.450,42.3448023,-71.0825832,16.659
3553,931397632,1769566249800,21:10:49.800,42.3448023,-71.0825832,16.659
3554,931659776,1769566250207,21:10:50.207,42.3448023,-71.0825832,16.659
3555,931921920,1769566250555,21:10:50.555,42.3448023,-71.0825832,16.659
3556,932184064,1769566250966,21:10:50.966,42.3448023,-71.0825832,16.659
3557,932446208,1769566251378,21:10:51.378,42.3448023,-71.0825832,16.659
3558,932708352,1769566251751,21:10:51.751,42.3448023,-71.0825832,16.659
3559,932970496,1769566252073,21:10:52.073,42.3448023,-71.0825832,16.659
3560,933232640,1769566252421,21:10:52.421,42.3448023,-71.0825832,16.659
3561,933494784,1769566252776,21:10:52.776,42.3448023,-71.0825832,16.659
3562,933756928,1769566253158,21:10:53.158,42.3448023,-71.0825832,16.659
3563,934019072,1769566253462,21:10:53.462,42.3448023,-71.0825832,16.659
3564,934281216,1769566253812,21:10:53.812,42.3448023,-71.0825832,16.659
3565,934543360,1769566254162,21:10:54.162,42.3448023,-71.0825832,16.659
3566,934805504,1769566254513,21:10:54.513,42.3448023,-71.0825832,16.659
3567,935067648,1769566254863,21:10:54.863,42.3448023,-71.0825832,16.659
3568,935329792,1769566255215,21:10:55.215,42.3448023,-71.0825832,16.659
3569,935591936,1769566255567,21:10:55.567,42.3448023,-71.0825832,16.659
3570,935854080,1769566255917,21:10:55.917,42.3448023,-71.0825832,16.659
3571,936116224,1769566256267,21:10:56.267,42.3448023,-71.0825832,16.659
3572,936378368,1769566256617,21:10:56.617,42.3448023,-71.0825832,16.659
3573,936640512,1769566256967,21:10:56.967,42.3448023,-71.0825832,16.659
3574,936902656,1769566257335,21:10:57.335,42.3448023,-71.0825832,16.659
3575,937164800,1769566257697,21:10:57.697,42.3448023,-71.0825832,16.659
3576,937426944,1769566258058,21:10:58.058,42.3448023,-71.0825832,16.659
3577,937689088,1769566258413,21:10:58.413,42.3448023,-71.0825832,16.659
3578,937951232,1769566258766,21:10:58.766,42.3448023,-71.0825832,16.659
3579,938213376,1769566259208,21:10:59.208,42.3448023,-71.0825832,16.659
3580,938475520,1769566259659,21:10:59.659,42.3448023,-71.0825832,16.659
3581,938737664,1769566259962,21:10:59.962,42.3448023,-71.0825832,16.659
3582,938999808,1769566260386,21:11:00.386,42.3448023,-71.0825832,16.659
3583,939261952,1769566260734,21:11:00.734,42.3448023,-71.0825832,16.659
3584,939524096,1769566261085,21:11:01.085,42.3448023,-71.0825832,16.659
3585,939786240,1769566261479,21:11:01.479,42.3448023,-71.0825832,16.659
3586,940048384,1769566261829,21:11:01.829,42.3448023,-71.0825832,16.659
3587,940310528,1769566262234,21:11:02.234,42.3448023,-71.0825832,16.659
3588,940572672,1769566262628,21:11:02.628,42.3448023,-71.0825832,16.659
3589,940834816,1769566262978,21:11:02.978,42.3448023,-71.0825832,16.659
3590,941096960,1769566263390,21:11:03.390,42.3448023,-71.0825832,16.659
3591,941359104,1769566263770,21:11:03.770,42.3448023,-71.0825832,16.659
3592,941621248,1769566264254,21:11:04.254,42.3448023,-71.0825832,16.659
3593,941883392,1769566264615,21:11:04.615,42.3448023,-71.0825832,16.659
3594,942145536,1769566265009,21:11:05.009,42.3448023,-71.0825832,16.659
3595,942407680,1769566265409,21:11:05.409,42.3448023,-71.0825832,16.659
3596,942669824,1769566265851,21:11:05.851,42.3448023,-71.0825832,16.659
3597,942931968,1769566266317,21:11:06.317,42.3448023,-71.0825832,16.659
3598,943194112,1769566266667,21:11:06.667,42.3448023,-71.0825832,16.659
3599,943456256,1769566267073,21:11:07.073,42.3448023,-71.0825832,16.659
3600,943718400,1769566267490,21:11:07.490,42.3448023,-71.0825832,16.659
3601,943980544,1769566267777,21:11:07.777,42.3448023,-71.0825832,16.659
3602,944242688,1769566268117,21:11:08.117,42.3448023,-71.0825832,16.659
3603,944504832,1769566268526,21:11:08.526,42.3448023,-71.0825832,16.659
3604,944766976,1769566269007,21:11:09.007,42.3448023,-71.0825832,16.659
3605,945029120,1769566273266,21:11:13.266,42.3448023,-71.0825832,16.659
3606,945291264,1769566273527,21:11:13.527,42.3448023,-71.0825832,16.659
3607,945553408,1769566273779,21:11:13.779,42.3448023,-71.0825832,16.659
3608,945815552,1769566274029,21:11:14.029,42.3448023,-71.0825832,16.659
3609,946077696,1769566274276,21:11:14.276,42.3448023,-71.0825832,16.659
3610,946339840,1769566274519,21:11:14.519,42.3448023,-71.0825832,16.659
3611,946601984,1769566274769,21:11:14.769,42.3448023,-71.0825832,16.659
3612,946864128,1769566275007,21:11:15.007,42.3448023,-71.0825832,16.659
3613,947126272,1769566275261,21:11:15.261,42.3448023,-71.0825832,16.659
3614,947388416,1769566275507,21:11:15.507,42.3448023,-71.0825832,16.659
3615,947650560,1769566275758,21:11:15.758,42.3448023,-71.0825832,16.659
3616,947912704,1769566276032,21:11:16.032,42.3448023,-71.0825832,16.659
3617,948174848,1769566276291,21:11:16.291,42.3448023,-71.0825832,16.659
3618,948436992,1769566276540,21:11:16.540,42.3448023,-71.0825832,16.659
3619,948699136,1769566276794,21:11:16.794,42.3448023,-71.0825832,16.659
3620,948961280,1769566277036,21:11:17.036,42.3448023,-71.0825832,16.659
3621,949223424,1769566277298,21:11:17.298,42.3448023,-71.0825832,16.659
3622,949485568,1769566277540,21:11:17.540,42.3448023,-71.0825832,16.659
3623,949747712,1769566277807,21:11:17.807,42.3448023,-71.0825832,16.659
3624,950009856,1769566278315,21:11:18.315,42.3448023,-71.0825832,16.659
3625,950272000,1769566279109,21:11:19.109,42.3448023,-71.0825832,16.659
3626,950534144,1769566279789,21:11:19.789,42.3448023,-71.0825832,16.659
3627,950796288,1769566280380,21:11:20.380,42.3448023,-71.0825832,16.659
3628,951058432,1769566281087,21:11:21.087,42.3448023,-71.0825832,16.659
3629,951320576,1769566281718,21:11:21.718,42.3448023,-71.0825832,16.659
3630,951582720,1769566282652,21:11:22.652,42.3448023,-71.0825832,16.659
3631,951844864,1769566283167,21:11:23.167,42.3448023,-71.0825832,16.659
3632,952107008,1769566283498,21:11:23.498,42.3448023,-71.0825832,16.659
3633,952369152,1769566283985,21:11:23.985,42.3448023,-71.0825832,16.659
3634,952631296,1769566284459,21:11:24.459,42.3448023,-71.0825832,16.659
3635,952893440,1769566284783,21:11:24.783,42.3448023,-71.0825832,16.659
3636,953155584,1769566285189,21:11:25.189,42.3448023,-71.0825832,16.659
3637,953417728,1769566285589,21:11:25.589,42.3448023,-71.0825832,16.659
3638,953679872,1769566285962,21:11:25.962,42.3448023,-71.0825832,16.659
3639,953942016,1769566286345,21:11:26.345,42.3448023,-71.0825832,16.659
3640,954204160,1769566286694,21:11:26.694,42.3448023,-71.0825832,16.659
3641,954466304,1769566287046,21:11:27.046,42.3448023,-71.0825832,16.659
3642,954728448,1769566287459,21:11:27.459,42.3448023,-71.0825832,16.659
3643,954990592,1769566287810,21:11:27.810,42.3448023,-71.0825832,16.659
3644,955252736,1769566288233,21:11:28.233,42.3448023,-71.0825832,16.659
3645,955514880,1769566288625,21:11:28.625,42.3448023,-71.0825832,16.659
3646,955777024,1769566288975,21:11:28.975,42.3448023,-71.0825832,16.659
3647,956039168,1769566289473,21:11:29.473,42.3448023,-71.0825832,16.659
3648,956301312,1769566289891,21:11:29.891,42.3448023,-71.0825832,16.659
3649,956563456,1769566290352,21:11:30.352,42.3448023,-71.0825832,16.659
3650,956825600,1769566290770,21:11:30.770,42.3448023,-71.0825832,16.659
3651,957087744,1769566291240,21:11:31.240,42.3448023,-71.0825832,16.659
3652,957349888,1769566291589,21:11:31.589,42.3448023,-71.0825832,16.659
3653,957612032,1769566292020,21:11:32.020,42.3448023,-71.0825832,16.659
3654,957874176,1769566292545,21:11:32.545,42.3448023,-71.0825832,16.659
3655,958136320,1769566293129,21:11:33.129,42.3448023,-71.0825832,16.659
3656,958398464,1769566293676,21:11:33.676,42.3448023,-71.0825832,16.659
3657,958660608,1769566294131,21:11:34.131,42.3448023,-71.0825832,16.659
3658,958922752,1769566294493,21:11:34.493,42.3448023,-71.0825832,16.659
3659,959184896,1769566294855,21:11:34.855,42.3448023,-71.0825832,16.659
3660,959447040,1769566295256,21:11:35.256,42.3448023,-71.0825832,16.659
3661,959709184,1769566295623,21:11:35.623,42.3448023,-71.0825832,16.659
3662,959971328,1769566296163,21:11:36.163,42.3448023,-71.0825832,16.659
3663,960233472,1769566296639,21:11:36.639,42.3448023,-71.0825832,16.659
3664,960495616,1769566297102,21:11:37.102,42.3448023,-71.0825832,16.659
3665,960757760,1769566297663,21:11:37.663,42.3448023,-71.0825832,16.659
3666,961019904,1769566298407,21:11:38.407,42.3448023,-71.0825832,16.659
3667,961282048,1769566298972,21:11:38.972,42.3448023,-71.0825832,16.659
3668,961544192,1769566299493,21:11:39.493,42.3448023,-71.0825832,16.659
3669,961806336,1769566303486,21:11:43.486,42.3448023,-71.0825832,16.659
3670,962068480,1769566303769,21:11:43.769,42.3448023,-71.0825832,16.659
3671,962330624,1769566304012,21:11:44.012,42.3448023,-71.0825832,16.659
3672,962592768,1769566304267,21:11:44.267,42.3448023,-71.0825832,16.659
3673,962854912,1769566304511,21:11:44.511,42.3448023,-71.0825832,16.659
3674,963117056,1769566304782,21:11:44.782,42.3448023,-71.0825832,16.659
3675,963379200,1769566305041,21:11:45.041,42.3448023,-71.0825832,16.659
3676,963641344,1769566305304,21:11:45.304,42.3448023,-71.0825832,16.659
3677,963903488,1769566305547,21:11:45.547,42.3448023,-71.0825832,16.659
3678,964165632,1769566305798,21:11:45.798,42.3448023,-71.0825832,16.659
3679,964427776,1769566306051,21:11:46.051,42.3448023,-71.0825832,16.659
3680,964689920,1769566306306,21:11:46.306,42.3448023,-71.0825832,16.659
3681,964952064,1769566306559,21:11:46.559,42.3448023,-71.0825832,16.659
3682,965214208,1769566306810,21:11:46.810,42.3448023,-71.0825832,16.659
3683,965476352,1769566307071,21:11:47.071,42.3448023,-71.0825832,16.659
3684,965738496,1769566307319,21:11:47.319,42.3448023,-71.0825832,16.659
3685,966000640,1769566307563,21:11:47.563,42.3448023,-71.0825832,16.659
3686,966262784,1769566308302,21:11:48.302,42.3448023,-71.0825832,16.659
3687,966524928,1769566309100,21:11:49.100,42.3448023,-71.0825832,16.659
3688,966787072,1769566309903,21:11:49.903,42.3448023,-71.0825832,16.659
3689,967049216,1769566310674,21:11:50.674,42.3448023,-71.0825832,16.659
3690,967311360,1769566311373,21:11:51.373,42.3448023,-71.0825832,16.659
3691,967573504,1769566312107,21:11:52.107,42.3448023,-71.0825832,16.659
3692,967835648,1769566312764,21:11:52.764,42.3448023,-71.0825832,16.659
3693,968097792,1769566313196,21:11:53.196,42.3448023,-71.0825832,16.659
3694,968359936,1769566313534,21:11:53.534,42.3448023,-71.0825832,16.659
3695,968622080,1769566313885,21:11:53.885,42.3448023,-71.0825832,16.659
3696,968884224,1769566314256,21:11:54.256,42.3448023,-71.0825832,16.659
3697,969146368,1769566314660,21:11:54.660,42.3448023,-71.0825832,16.659
3698,969408512,1769566315011,21:11:55.011,42.3448023,-71.0825832,16.659
3699,969670656,1769566315364,21:11:55.364,42.3448023,-71.0825832,16.659
3700,969932800,1769566315717,21:11:55.717,42.3448023,-71.0825832,16.659
3701,970194944,1769566316067,21:11:56.067,42.3448023,-71.0825832,16.659
3702,970457088,1769566316417,21:11:56.417,42.3448023,-71.0825832,16.659
3703,970719232,1769566316805,21:11:56.805,42.3448023,-71.0825832,16.659
3704,970981376,1769566317153,21:11:57.153,42.3448023,-71.0825832,16.659
3705,971243520,1769566317503,21:11:57.503,42.3448023,-71.0825832,16.659
3706,971505664,1769566317850,21:11:57.850,42.3448023,-71.0825832,16.659
3707,971767808,1769566318296,21:11:58.296,42.3448023,-71.0825832,16.659
3708,972029952,1769566318788,21:11:58.788,42.3448023,-71.0825832,16.659
3709,972292096,1769566319508,21:11:59.508,42.3448023,-71.0825832,16.659
3710,972554240,1769566319954,21:11:59.954,42.3448023,-71.0825832,16.659
3711,972816384,1769566320317,21:12:00.317,42.3448023,-71.0825832,16.659
3712,973078528,1769566320667,21:12:00.667,42.3448023,-71.0825832,16.659
3713,973340672,1769566321184,21:12:01.184,42.3448023,-71.0825832,16.659
3714,973602816,1769566321686,21:12:01.686,42.3448023,-71.0825832,16.659
3715,973864960,1769566322209,21:12:02.209,42.3448023,-71.0825832,16.659
3716,974127104,1769566322654,21:12:02.654,42.3448023,-71.0825832,16.659
3717,974389248,1769566323300,21:12:03.300,42.3448023,-71.0825832,16.659
3718,974651392,1769566323776,21:12:03.776,42.3448023,-71.0825832,16.659
3719,974913536,1769566324295,21:12:04.295,42.3448023,-71.0825832,16.659
3720,975175680,1769566324687,21:12:04.687,42.3448023,-71.0825832,16.659
3721,975437824,1769566325106,21:12:05.106,42.3448023,-71.0825832,16.659
3722,975699968,1769566325584,21:12:05.584,42.3448023,-71.0825832,16.659
3723,975962112,1769566326018,21:12:06.018,42.3448023,-71.0825832,16.659
3724,976224256,1769566326492,21:12:06.492,42.3448023,-71.0825832,16.659
3725,976486400,1769566326918,21:12:06.918,42.3448023,-71.0825832,16.659
3726,976748544,1769566327322,21:12:07.322,42.3448023,-71.0825832,16.659
3727,977010688,1769566327730,21:12:07.730,42.3448023,-71.0825832,16.659
3728,977272832,1769566328129,21:12:08.129,42.3448023,-71.0825832,16.659
3729,977534976,1769566328393,21:12:08.393,42.3448023,-71.0825832,16.659
3730,977797120,1769566328859,21:12:08.859,42.3448023,-71.0825832,16.659
3731,978059264,1769566329370,21:12:09.370,42.3448023,-71.0825832,16.659
3732,978321408,1769566329825,21:12:09.825,42.3448023,-71.0825832,16.659
3733,978583552,1769566333337,21:12:13.337,42.3448023,-71.0825832,16.659
3734,978845696,1769566333608,21:12:13.608,42.3448023,-71.0825832,16.659
3735,979107840,1769566333862,21:12:13.862,42.3448023,-71.0825832,16.659
3736,979369984,1769566334117,21:12:14.117,42.3448023,-71.0825832,16.659
3737,979632128,1769566334367,21:12:14.367,42.3448023,-71.0825832,16.659
3738,979894272,1769566334631,21:12:14.631,42.3448023,-71.0825832,16.659
3739,980156416,1769566334883,21:12:14.883,42.3448023,-71.0825832,16.659
3740,980418560,1769566335150,21:12:15.150,42.3448023,-71.0825832,16.659
3741,980680704,1769566335428,21:12:15.428,42.3448023,-71.0825832,16.659
3742,980942848,1769566335685,21:12:15.685,42.3448023,-71.0825832,16.659
3743,981204992,1769566335945,21:12:15.945,42.3448023,-71.0825832,16.659
3744,981467136,1769566336193,21:12:16.193,42.3448023,-71.0825832,16.659
3745,981729280,1769566336440,21:12:16.440,42.3448023,-71.0825832,16.659
3746,981991424,1769566336677,21:12:16.677,42.3448023,-71.0825832,16.659
3747,982253568,1769566336945,21:12:16.945,42.3448023,-71.0825832,16.659
3748,982515712,1769566337206,21:12:17.206,42.3448023,-71.0825832,16.659
3749,982777856,1769566337476,21:12:17.476,42.3448023,-71.0825832,16.659
3750,983040000,1769566337754,21:12:17.754,42.3448023,-71.0825832,16.659
3751,983302144,1769566338025,21:12:18.025,42.3448023,-71.0825832,16.659
3752,983564288,1769566338282,21:12:18.282,42.3448023,-71.0825832,16.659
3753,983826432,1769566338548,21:12:18.548,42.3448023,-71.0825832,16.659
3754,984088576,1769566338830,21:12:18.830,42.3448023,-71.0825832,16.659
3755,984350720,1769566339296,21:12:19.296,42.3448023,-71.0825832,16.659
3756,984612864,1769566339771,21:12:19.771,42.3448023,-71.0825832,16.659
3757,984875008,1769566340328,21:12:20.328,42.3448023,-71.0825832,16.659
3758,985137152,1769566340826,21:12:20.826,42.3448023,-71.0825832,16.659
3759,985399296,1769566341361,21:12:21.361,42.3448023,-71.0825832,16.659
3760,985661440,1769566341779,21:12:21.779,42.3448023,-71.0825832,16.659
3761,985923584,1769566342389,21:12:22.389,42.3448023,-71.0825832,16.659
3762,986185728,1769566342814,21:12:22.814,42.3448023,-71.0825832,16.659
3763,986447872,1769566343310,21:12:23.310,42.3448023,-71.0825832,16.659
3764,986710016,1769566343775,21:12:23.775,42.3448023,-71.0825832,16.659
3765,986972160,1769566344193,21:12:24.193,42.3448023,-71.0825832,16.659
3766,987234304,1769566344710,21:12:24.710,42.3448023,-71.0825832,16.659
3767,987496448,1769566345333,21:12:25.333,42.3448023,-71.0825832,16.659
3768,987758592,1769566345829,21:12:25.829,42.3448023,-71.0825832,16.659
3769,988020736,1769566346427,21:12:26.427,42.3448023,-71.0825832,16.659
3770,988282880,1769566347027,21:12:27.027,42.3448023,-71.0825832,16.659
3771,988545024,1769566347654,21:12:27.654,42.3448023,-71.0825832,16.659
3772,988807168,1769566348134,21:12:28.134,42.3448023,-71.0825832,16.659
3773,989069312,1769566348402,21:12:28.402,42.3448023,-71.0825832,16.659
3774,989331456,1769566348662,21:12:28.662,42.3448023,-71.0825832,16.659
3775,989593600,1769566349001,21:12:29.001,42.3448023,-71.0825832,16.659
3776,989855744,1769566349350,21:12:29.350,42.3448023,-71.0825832,16.659
3777,990117888,1769566349703,21:12:29.703,42.3448023,-71.0825832,16.659
3778,990380032,1769566350150,21:12:30.150,42.3448023,-71.0825832,16.659
3779,990642176,1769566350657,21:12:30.657,42.3448023,-71.0825832,16.659
3780,990904320,1769566351079,21:12:31.079,42.3448023,-71.0825832,16.659
3781,991166464,1769566351506,21:12:31.506,42.3448023,-71.0825832,16.659
3782,991428608,1769566351971,21:12:31.971,42.3448023,-71.0825832,16.659
3783,991690752,1769566352345,21:12:32.345,42.3448023,-71.0825832,16.659
3784,991952896,1769566352766,21:12:32.766,42.3448023,-71.0825832,16.659
3785,992215040,1769566353149,21:12:33.149,42.3448023,-71.0825832,16.659
3786,992477184,1769566353500,21:12:33.500,42.3448023,-71.0825832,16.659
3787,992739328,1769566353851,21:12:33.851,42.3448023,-71.0825832,16.659
3788,993001472,1769566354202,21:12:34.202,42.3448023,-71.0825832,16.659
3789,993263616,1769566354552,21:12:34.552,42.3448023,-71.0825832,16.659
3790,993525760,1769566354901,21:12:34.901,42.3448023,-71.0825832,16.659
3791,993787904,1769566355251,21:12:35.251,42.3448023,-71.0825832,16.659
3792,994050048,1769566355604,21:12:35.604,42.3448023,-71.0825832,16.659
3793,994312192,1769566355954,21:12:35.954,42.3448023,-71.0825832,16.659
3794,994574336,1769566356303,21:12:36.303,42.3448023,-71.0825832,16.659
3795,994836480,1769566356653,21:12:36.653,42.3448023,-71.0825832,16.659
3796,995098624,1769566357012,21:12:37.012,42.3448023,-71.0825832,16.659
3797,995360768,1769566357398,21:12:37.398,42.3448023,-71.0825832,16.659
3798,995622912,1769566357759,21:12:37.759,42.3448023,-71.0825832,16.659
3799,995885056,1769566358171,21:12:38.171,42.3448023,-71.0825832,16.659
3800,996147200,1769566358649,21:12:38.649,42.3448023,-71.0825832,16.659
3801,996409344,1769566359310,21:12:39.310,42.3448023,-71.0825832,16.659
3802,996671488,1769566359745,21:12:39.745,42.3448023,-71.0825832,16.659
3803,996933632,1769566360417,21:12:40.417,42.3448023,-71.0825832,16.659
3804,997195776,1769566360859,21:12:40.859,42.3448023,-71.0825832,16.659
3805,997457920,1769566364664,21:12:44.664,42.3448023,-71.0825832,16.659
3806,997720064,1769566364933,21:12:44.933,42.3448023,-71.0825832,16.659
3807,997982208,1769566365191,21:12:45.191,42.3448023,-71.0825832,16.659
3808,998244352,1769566365455,21:12:45.455,42.3448023,-71.0825832,16.659
3809,998506496,1769566365716,21:12:45.716,42.3448023,-71.0825832,16.659
3810,998768640,1769566365974,21:12:45.974,42.3448023,-71.0825832,16.659
3811,999030784,1769566366257,21:12:46.257,42.3448023,-71.0825832,16.659
3812,999292928,1769566366504,21:12:46.504,42.3448023,-71.0825832,16.659
3813,999555072,1769566366760,21:12:46.760,42.3448023,-71.0825832,16.659
3814,999817216,1769566367029,21:12:47.029,42.3448023,-71.0825832,16.659
3815,1000079360,1769566367309,21:12:47.309,42.3448023,-71.0825832,16.659
3816,1000341504,1769566367563,21:12:47.563,42.3448023,-71.0825832,16.659
3817,1000603648,1769566367832,21:12:47.832,42.3448023,-71.0825832,16.659
3818,1000865792,1769566368085,21:12:48.085,42.3448023,-71.0825832,16.659
3819,1001127936,1769566368491,21:12:48.491,42.3448023,-71.0825832,16.659
3820,1001390080,1769566368976,21:12:48.976,42.3448023,-71.0825832,16.659
3821,1001652224,1769566369411,21:12:49.411,42.3448023,-71.0825832,16.659
3822,1001914368,1769566369766,21:12:49.766,42.3448023,-71.0825832,16.659
3823,1002176512,1769566370204,21:12:50.204,42.3448023,-71.0825832,16.659
3824,1002438656,1769566370710,21:12:50.710,42.3448023,-71.0825832,16.659
3825,1002700800,1769566371194,21:12:51.194,42.3448023,-71.0825832,16.659
3826,1002962944,1769566371721,21:12:51.721,42.3448023,-71.0825832,16.659
3827,1003225088,1769566372234,21:12:52.234,42.3448023,-71.0825832,16.659
3828,1003487232,1769566372684,21:12:52.684,42.3448023,-71.0825832,16.659
3829,1003749376,1769566373208,21:12:53.208,42.3448023,-71.0825832,16.659
3830,1004011520,1769566373672,21:12:53.672,42.3448023,-71.0825832,16.659
3831,1004273664,1769566374129,21:12:54.129,42.3448023,-71.0825832,16.659
3832,1004535808,1769566374567,21:12:54.567,42.3448023,-71.0825832,16.659
3833,1004797952,1769566374951,21:12:54.951,42.3448023,-71.0825832,16.659
3834,1005060096,1769566375468,21:12:55.468,42.3448023,-71.0825832,16.659
3835,1005322240,1769566376040,21:12:56.040,42.3448023,-71.0825832,16.659
3836,1005584384,1769566376748,21:12:56.748,42.3448023,-71.0825832,16.659
3837,1005846528,1769566377404,21:12:57.404,42.3448023,-71.0825832,16.659
3838,1006108672,1769566377806,21:12:57.806,42.3448023,-71.0825832,16.659
3839,1006370816,1769566378147,21:12:58.147,42.3448023,-71.0825832,16.659
3840,1006632960,1769566378499,21:12:58.499,42.3448023,-71.0825832,16.659
3841,1006895104,1769566378899,21:12:58.899,42.3448023,-71.0825832,16.659
3842,1007157248,1769566379284,21:12:59.284,42.3448023,-71.0825832,16.659
3843,1007419392,1769566379600,21:12:59.600,42.3448023,-71.0825832,16.659
3844,1007681536,1769566380070,21:13:00.070,42.3448023,-71.0825832,16.659
3845,1007943680,1769566380461,21:13:00.461,42.3448023,-71.0825832,16.659
3846,1008205824,1769566380879,21:13:00.879,42.3448023,-71.0825832,16.659
3847,1008467968,1769566381257,21:13:01.257,42.3448023,-71.0825832,16.659
3848,1008730112,1769566381771,21:13:01.771,42.3448023,-71.0825832,16.659
3849,1008992256,1769566382258,21:13:02.258,42.3448023,-71.0825832,16.659
3850,1009254400,1769566382695,21:13:02.695,42.3448023,-71.0825832,16.659
3851,1009516544,1769566383159,21:13:03.159,42.3448023,-71.0825832,16.659
3852,1009778688,1769566383518,21:13:03.518,42.3448023,-71.0825832,16.659
3853,1010040832,1769566383868,21:13:03.868,42.3448023,-71.0825832,16.659
3854,1010302976,1769566384217,21:13:04.217,42.3448023,-71.0825832,16.659
3855,1010565120,1769566384644,21:13:04.644,42.3448023,-71.0825832,16.659
3856,1010827264,1769566385132,21:13:05.132,42.3448023,-71.0825832,16.659
3857,1011089408,1769566385503,21:13:05.503,42.3448023,-71.0825832,16.659
3858,1011351552,1769566385857,21:13:05.857,42.3448023,-71.0825832,16.659
3859,1011613696,1769566386205,21:13:06.205,42.3448023,-71.0825832,16.659
3860,1011875840,1769566386690,21:13:06.690,42.3448023,-71.0825832,16.659
3861,1012137984,1769566387339,21:13:07.339,42.3448023,-71.0825832,16.659
3862,1012400128,1769566388194,21:13:08.194,42.3448023,-71.0825832,16.659
3863,1012662272,1769566388775,21:13:08.775,42.3448023,-71.0825832,16.659
3864,1012924416,1769566389213,21:13:09.213,42.3448023,-71.0825832,16.659
3865,1013186560,1769566389573,21:13:09.573,42.3448023,-71.0825832,16.659
3866,1013448704,1769566389953,21:13:09.953,42.3448023,-71.0825832,16.659
3867,1013710848,1769566390533,21:13:10.533,42.3448023,-71.0825832,16.659
3868,1013972992,1769566391149,21:13:11.149,42.3448023,-71.0825832,16.659
3869,1014235136,1769566394794,21:13:14.794,42.3448023,-71.0825832,16.659
3870,1014497280,1769566395047,21:13:15.047,42.3448023,-71.0825832,16.659
3871,1014759424,1769566395300,21:13:15.300,42.3448023,-71.0825832,16.659
3872,1015021568,1769566395555,21:13:15.555,42.3448023,-71.0825832,16.659
3873,1015283712,1769566395832,21:13:15.832,42.3448023,-71.0825832,16.659
3874,1015545856,1769566396085,21:13:16.085,42.3448023,-71.0825832,16.659
3875,1015808000,1769566396344,21:13:16.344,42.3448023,-71.0825832,16.659
3876,1016070144,1769566396615,21:13:16.615,42.3448023,-71.0825832,16.659
3877,1016332288,1769566396877,21:13:16.877,42.3448023,-71.0825832,16.659
3878,1016594432,1769566397153,21:13:17.153,42.3448023,-71.0825832,16.659
3879,1016856576,1769566397409,21:13:17.409,42.3448023,-71.0825832,16.659
3880,1017118720,1769566397649,21:13:17.649,42.3448023,-71.0825832,16.659
3881,1017380864,1769566397908,21:13:17.908,42.3448023,-71.0825832,16.659
3882,1017643008,1769566398169,21:13:18.169,42.3448023,-71.0825832,16.659
3883,1017905152,1769566398419,21:13:18.419,42.3448023,-71.0825832,16.659
3884,1018167296,1769566398697,21:13:18.697,42.3448023,-71.0825832,16.659
3885,1018429440,1769566398957,21:13:18.957,42.3448023,-71.0825832,16.659
3886,1018691584,1769566399231,21:13:19.231,42.3448023,-71.0825832,16.659
3887,1018953728,1769566399473,21:13:19.473,42.3448023,-71.0825832,16.659
3888,1019215872,1769566399742,21:13:19.742,42.3448023,-71.0825832,16.659
3889,1019478016,1769566400001,21:13:20.001,42.3448023,-71.0825832,16.659
3890,1019740160,1769566400251,21:13:20.251,42.3448023,-71.0825832,16.659
3891,1020002304,1769566400492,21:13:20.492,42.3448023,-71.0825832,16.659
3892,1020264448,1769566400783,21:13:20.783,42.3448023,-71.0825832,16.659
3893,1020526592,1769566401086,21:13:21.086,42.3448023,-71.0825832,16.659
3894,1020788736,1769566401641,21:13:21.641,42.3448023,-71.0825832,16.659
3895,1021050880,1769566402128,21:13:22.128,42.3448023,-71.0825832,16.659
3896,1021313024,1769566402396,21:13:22.396,42.3448023,-71.0825832,16.659
3897,1021575168,1769566402728,21:13:22.728,42.3448023,-71.0825832,16.659
3898,1021837312,1769566403093,21:13:23.093,42.3448023,-71.0825832,16.659
3899,1022099456,1769566403707,21:13:23.707,42.3448023,-71.0825832,16.659
3900,1022361600,1769566404409,21:13:24.409,42.3448023,-71.0825832,16.659
3901,1022623744,1769566404920,21:13:24.920,42.3448023,-71.0825832,16.659
3902,1022885888,1769566405199,21:13:25.199,42.3448023,-71.0825832,16.659
3903,1023148032,1769566405618,21:13:25.618,42.3448023,-71.0825832,16.659
3904,1023410176,1769566406195,21:13:26.195,42.3448023,-71.0825832,16.659
3905,1023672320,1769566406721,21:13:26.721,42.3448023,-71.0825832,16.659
3906,1023934464,1769566407401,21:13:27.401,42.3448023,-71.0825832,16.659
3907,1024196608,1769566407913,21:13:27.913,42.3448023,-71.0825832,16.659
3908,1024458752,1769566408469,21:13:28.469,42.3448023,-71.0825832,16.659
3909,1024720896,1769566408988,21:13:28.988,42.3448023,-71.0825832,16.659
3910,1024983040,1769566409644,21:13:29.644,42.3448023,-71.0825832,16.659
3911,1025245184,1769566410267,21:13:30.267,42.3448023,-71.0825832,16.659
3912,1025507328,1769566410705,21:13:30.705,42.3448023,-71.0825832,16.659
3913,1025769472,1769566411152,21:13:31.152,42.3448023,-71.0825832,16.659
3914,1026031616,1769566411715,21:13:31.715,42.3448023,-71.0825832,16.659
3915,1026293760,1769566412293,21:13:32.293,42.3448023,-71.0825832,16.659
3916,1026555904,1769566412915,21:13:32.915,42.3448023,-71.0825832,16.659
3917,1026818048,1769566413330,21:13:33.330,42.3448023,-71.0825832,16.659
3918,1027080192,1769566413640,21:13:33.640,42.3448023,-71.0825832,16.659
3919,1027342336,1769566413992,21:13:33.992,42.3448023,-71.0825832,16.659
3920,1027604480,1769566414343,21:13:34.343,42.3448023,-71.0825832,16.659
3921,1027866624,1769566414694,21:13:34.694,42.3448023,-71.0825832,16.659
3922,1028128768,1769566415044,21:13:35.044,42.3448023,-71.0825832,16.659
3923,1028390912,1769566415394,21:13:35.394,42.3448023,-71.0825832,16.659
3924,1028653056,1769566415745,21:13:35.745,42.3448023,-71.0825832,16.659
3925,1028915200,1769566416097,21:13:36.097,42.3448023,-71.0825832,16.659
3926,1029177344,1769566416456,21:13:36.456,42.3448023,-71.0825832,16.659
3927,1029439488,1769566416799,21:13:36.799,42.3448023,-71.0825832,16.659
3928,1029701632,1769566417192,21:13:37.192,42.3448023,-71.0825832,16.659
3929,1029963776,1769566417500,21:13:37.500,42.3448023,-71.0825832,16.659
3930,1030225920,1769566417865,21:13:37.865,42.3448023,-71.0825832,16.659
3931,1030488064,1769566418214,21:13:38.214,42.3448023,-71.0825832,16.659
3932,1030750208,1769566418565,21:13:38.565,42.3448023,-71.0825832,16.659
3933,1031012352,1769566418914,21:13:38.914,42.3448023,-71.0825832,16.659
3934,1031274496,1769566419266,21:13:39.266,42.3448023,-71.0825832,16.659
3935,1031536640,1769566419616,21:13:39.616,42.3448023,-71.0825832,16.659
3936,1031798784,1769566419966,21:13:39.966,42.3448023,-71.0825832,16.659
3937,1032060928,1769566420317,21:13:40.317,42.3448023,-71.0825832,16.659
3938,1032323072,1769566420697,21:13:40.697,42.3448023,-71.0825832,16.659
3939,1032585216,1769566421048,21:13:41.048,42.3448023,-71.0825832,16.659
3940,1032847360,1769566421420,21:13:41.420,42.3448023,-71.0825832,16.659
3941,1033109504,1769566424849,21:13:44.849,42.3448023,-71.0825832,16.659
3942,1033371648,1769566425127,21:13:45.127,42.3448023,-71.0825832,16.659
3943,1033633792,1769566425390,21:13:45.390,42.3448023,-71.0825832,16.659
3944,1033895936,1769566425656,21:13:45.656,42.3448023,-71.0825832,16.659
3945,1034158080,1769566425906,21:13:45.906,42.3448023,-71.0825832,16.659
3946,1034420224,1769566426153,21:13:46.153,42.3448023,-71.0825832,16.659
3947,1034682368,1769566426400,21:13:46.400,42.3448023,-71.0825832,16.659
3948,1034944512,1769566426660,21:13:46.660,42.3448023,-71.0825832,16.659
3949,1035206656,1769566426908,21:13:46.908,42.3448023,-71.0825832,16.659
3950,1035468800,1769566427174,21:13:47.174,42.3448023,-71.0825832,16.659
3951,1035730944,1769566427426,21:13:47.426,42.3448023,-71.0825832,16.659
3952,1035993088,1769566427684,21:13:47.684,42.3448023,-71.0825832,16.659
3953,1036255232,1769566427944,21:13:47.944,42.3448023,-71.0825832,16.659
3954,1036517376,1769566428192,21:13:48.192,42.3448023,-71.0825832,16.659
3955,1036779520,1769566428439,21:13:48.439,42.3448023,-71.0825832,16.659
3956,1037041664,1769566428690,21:13:48.690,42.3448023,-71.0825832,16.659
3957,1037303808,1769566428951,21:13:48.951,42.3448023,-71.0825832,16.659
3958,1037565952,1769566429217,21:13:49.217,42.3448023,-71.0825832,16.659
3959,1037828096,1769566429493,21:13:49.493,42.3448023,-71.0825832,16.659
3960,1038090240,1769566429746,21:13:49.746,42.3448023,-71.0825832,16.659
3961,1038352384,1769566430004,21:13:50.004,42.3448023,-71.0825832,16.659
3962,1038614528,1769566430250,21:13:50.250,42.3448023,-71.0825832,16.659
3963,1038876672,1769566430492,21:13:50.492,42.3448023,-71.0825832,16.659
3964,1039138816,1769566430752,21:13:50.752,42.3448023,-71.0825832,16.659
3965,1039400960,1769566431023,21:13:51.023,42.3448023,-71.0825832,16.659
3966,1039663104,1769566431290,21:13:51.290,42.3448023,-71.0825832,16.659
3967,1039925248,1769566431543,21:13:51.543,42.3448023,-71.0825832,16.659
3968,1040187392,1769566431875,21:13:51.875,42.3448023,-71.0825832,16.659
3969,1040449536,1769566432365,21:13:52.365,42.3448023,-71.0825832,16.659
3970,1040711680,1769566432805,21:13:52.805,42.3448023,-71.0825832,16.659
3971,1040973824,1769566433156,21:13:53.156,42.3448023,-71.0825832,16.659
3972,1041235968,1769566433594,21:13:53.594,42.3448023,-71.0825832,16.659
3973,1041498112,1769566433998,21:13:53.998,42.3448023,-71.0825832,16.659
3974,1041760256,1769566434353,21:13:54.353,42.3448023,-71.0825832,16.659
3975,1042022400,1769566434719,21:13:54.719,42.3448023,-71.0825832,16.659
3976,1042284544,1769566435053,21:13:55.053,42.3448023,-71.0825832,16.659
3977,1042546688,1769566435433,21:13:55.433,42.3448023,-71.0825832,16.659
3978,1042808832,1769566435752,21:13:55.752,42.3448023,-71.0825832,16.659
3979,1043070976,1769566436104,21:13:56.104,42.3448023,-71.0825832,16.659
3980,1043333120,1769566436454,21:13:56.454,42.3448023,-71.0825832,16.659
3981,1043595264,1769566436854,21:13:56.854,42.3448023,-71.0825832,16.659
3982,1043857408,1769566437159,21:13:57.159,42.3448023,-71.0825832,16.659
3983,1044119552,1769566437511,21:13:57.511,42.3448023,-71.0825832,16.659
3984,1044381696,1769566437886,21:13:57.886,42.3448023,-71.0825832,16.659
3985,1044643840,1769566438285,21:13:58.285,42.3448023,-71.0825832,16.659
3986,1044905984,1769566438656,21:13:58.656,42.3448023,-71.0825832,16.659
3987,1045168128,1769566439006,21:13:59.006,42.3448023,-71.0825832,16.659
3988,1045430272,1769566439394,21:13:59.394,42.3448023,-71.0825832,16.659
3989,1045692416,1769566439794,21:13:59.794,42.3448023,-71.0825832,16.659
3990,1045954560,1769566440150,21:14:00.150,42.3448023,-71.0825832,16.659
3991,1046216704,1769566440501,21:14:00.501,42.3448023,-71.0825832,16.659
3992,1046478848,1769566440851,21:14:00.851,42.3448023,-71.0825832,16.659
3993,1046740992,1769566441202,21:14:01.202,42.3448023,-71.0825832,16.659
3994,1047003136,1769566441554,21:14:01.554,42.3448023,-71.0825832,16.659
3995,1047265280,1769566441905,21:14:01.905,42.3448023,-71.0825832,16.659
3996,1047527424,1769566442256,21:14:02.256,42.3448023,-71.0825832,16.659
3997,1047789568,1769566442625,21:14:02.625,42.3448023,-71.0825832,16.659
3998,1048051712,1769566442953,21:14:02.953,42.3448023,-71.0825832,16.659
3999,1048313856,1769566443303,21:14:03.303,42.3448023,-71.0825832,16.659
4000,1048576000,1769566443652,21:14:03.652,42.3448023,-71.0825832,16.659
4001,1048838144,1769566444004,21:14:04.004,42.3448023,-71.0825832,16.659
4002,1049100288,1769566444356,21:14:04.356,42.3448023,-71.0825832,16.659
4003,1049362432,1769566444706,21:14:04.706,42.3448023,-71.0825832,16.659
4004,1049624576,1769566445057,21:14:05.057,42.3448023,-71.0825832,16.659
4005,1049886720,1769566445407,21:14:05.407,42.3448023,-71.0825832,16.659
4006,1050148864,1769566445797,21:14:05.797,42.3448023,-71.0825832,16.659
4007,1050411008,1769566446107,21:14:06.107,42.3448023,-71.0825832,16.659
4008,1050673152,1769566446458,21:14:06.458,42.3448023,-71.0825832,16.659
4009,1050935296,1769566446818,21:14:06.818,42.3448023,-71.0825832,16.659
4010,1051197440,1769566447161,21:14:07.161,42.3448023,-71.0825832,16.659
4011,1051459584,1769566447552,21:14:07.552,42.3448023,-71.0825832,16.659
4012,1051721728,1769566447908,21:14:07.908,42.3448023,-71.0825832,16.659
4013,1051983872,1769566448322,21:14:08.322,42.3448023,-71.0825832,16.659
4014,1052246016,1769566448679,21:14:08.679,42.3448023,-71.0825832,16.659
4015,1052508160,1769566449039,21:14:09.039,42.3448023,-71.0825832,16.659
4016,1052770304,1769566449418,21:14:09.418,42.3448023,-71.0825832,16.659
4017,1053032448,1769566449813,21:14:09.813,42.3448023,-71.0825832,16.659
4018,1053294592,1769566450164,21:14:10.164,42.3448023,-71.0825832,16.659
4019,1053556736,1769566450515,21:14:10.515,42.3448023,-71.0825832,16.659
4020,1053818880,1769566450865,21:14:10.865,42.3448023,-71.0825832,16.659
4021,1054081024,1769566451215,21:14:11.215,42.3448023,-71.0825832,16.659
4022,1054343168,1769566451608,21:14:11.608,42.3448023,-71.0825832,16.659
4023,1054605312,1769566452022,21:14:12.022,42.3448023,-71.0825832,16.659
4024,1054867456,1769566452314,21:14:12.314,42.3448023,-71.0825832,16.659
4025,1055129600,1769566455584,21:14:15.584,42.3448023,-71.0825832,16.659
4026,1055391744,1769566455847,21:14:15.847,42.3448023,-71.0825832,16.659
4027,1055653888,1769566456107,21:14:16.107,42.3448023,-71.0825832,16.659
4028,1055916032,1769566456367,21:14:16.367,42.3448023,-71.0825832,16.659
4029,1056178176,1769566456627,21:14:16.627,42.3448023,-71.0825832,16.659
4030,1056440320,1769566456881,21:14:16.881,42.3448023,-71.0825832,16.659
4031,1056702464,1769566457134,21:14:17.134,42.3448023,-71.0825832,16.659
4032,1056964608,1769566457394,21:14:17.394,42.3448023,-71.0825832,16.659
4033,1057226752,1769566457649,21:14:17.649,42.3448023,-71.0825832,16.659
4034,1057488896,1769566457891,21:14:17.891,42.3448023,-71.0825832,16.659
4035,1057751040,1769566458149,21:14:18.149,42.3448023,-71.0825832,16.659
4036,1058013184,1769566458400,21:14:18.400,42.3448023,-71.0825832,16.659
4037,1058275328,1769566458652,21:14:18.652,42.3448023,-71.0825832,16.659
4038,1058537472,1769566458912,21:14:18.912,42.3448023,-71.0825832,16.659
4039,1058799616,1769566459171,21:14:19.171,42.3448023,-71.0825832,16.659
4040,1059061760,1769566459436,21:14:19.436,42.3448023,-71.0825832,16.659
4041,1059323904,1769566459692,21:14:19.692,42.3448023,-71.0825832,16.659
4042,1059586048,1769566459938,21:14:19.938,42.3448023,-71.0825832,16.659
4043,1059848192,1769566460194,21:14:20.194,42.3448023,-71.0825832,16.659
4044,1060110336,1769566460445,21:14:20.445,42.3448023,-71.0825832,16.659
4045,1060372480,1769566460698,21:14:20.698,42.3448023,-71.0825832,16.659
4046,1060634624,1769566460957,21:14:20.957,42.3448023,-71.0825832,16.659
4047,1060896768,1769566461204,21:14:21.204,42.3448023,-71.0825832,16.659
4048,1061158912,1769566461466,21:14:21.466,42.3448023,-71.0825832,16.659
4049,1061421056,1769566461797,21:14:21.797,42.3448023,-71.0825832,16.659
4050,1061683200,1769566462206,21:14:22.206,42.3448023,-71.0825832,16.659
4051,1061945344,1769566462497,21:14:22.497,42.3448023,-71.0825832,16.659
4052,1062207488,1769566462853,21:14:22.853,42.3448023,-71.0825832,16.659
4053,1062469632,1769566463201,21:14:23.201,42.3448023,-71.0825832,16.659
4054,1062731776,1769566463545,21:14:23.545,42.3448023,-71.0825832,16.659
4055,1062993920,1769566463918,21:14:23.918,42.3448023,-71.0825832,16.659
4056,1063256064,1769566464245,21:14:24.245,42.3448023,-71.0825832,16.659
4057,1063518208,1769566464618,21:14:24.618,42.3448023,-71.0825832,16.659
4058,1063780352,1769566464975,21:14:24.975,42.3448023,-71.0825832,16.659
4059,1064042496,1769566465363,21:14:25.363,42.3448023,-71.0825832,16.659
4060,1064304640,1769566465728,21:14:25.728,42.3448023,-71.0825832,16.659
4061,1064566784,1769566466077,21:14:26.077,42.3448023,-71.0825832,16.659
4062,1064828928,1769566466473,21:14:26.473,42.3448023,-71.0825832,16.659
4063,1065091072,1769566466823,21:14:26.823,42.3448023,-71.0825832,16.659
4064,1065353216,1769566467175,21:14:27.175,42.3448023,-71.0825832,16.659
4065,1065615360,1769566467527,21:14:27.527,42.3448023,-71.0825832,16.659
4066,1065877504,1769566467916,21:14:27.916,42.3448023,-71.0825832,16.659
4067,1066139648,1769566468275,21:14:28.275,42.3448023,-71.0825832,16.659
4068,1066401792,1769566468625,21:14:28.625,42.3448023,-71.0825832,16.659
4069,1066663936,1769566468976,21:14:28.976,42.3448023,-71.0825832,16.659
4070,1066926080,1769566469325,21:14:29.325,42.3448023,-71.0825832,16.659
4071,1067188224,1769566469675,21:14:29.675,42.3448023,-71.0825832,16.659
4072,1067450368,1769566470087,21:14:30.087,42.3448023,-71.0825832,16.659
4073,1067712512,1769566470473,21:14:30.473,42.3448023,-71.0825832,16.659
4074,1067974656,1769566470891,21:14:30.891,42.3448023,-71.0825832,16.659
4075,1068236800,1769566471426,21:14:31.426,42.3448023,-71.0825832,16.659
4076,1068498944,1769566471908,21:14:31.908,42.3448023,-71.0825832,16.659
4077,1068761088,1769566472314,21:14:32.314,42.3448023,-71.0825832,16.659
4078,1069023232,1769566472690,21:14:32.690,42.3448023,-71.0825832,16.659
4079,1069285376,1769566473246,21:14:33.246,42.3448023,-71.0825832,16.659
4080,1069547520,1769566473757,21:14:33.757,42.3448023,-71.0825832,16.659
4081,1069809664,1769566474578,21:14:34.578,42.3448023,-71.0825832,16.659
4082,1070071808,1769566475314,21:14:35.314,42.3448023,-71.0825832,16.659
4083,1070333952,1769566475944,21:14:35.944,42.3448023,-71.0825832,16.659
4084,1070596096,1769566476431,21:14:36.431,42.3448023,-71.0825832,16.659
4085,1070858240,1769566477048,21:14:37.048,42.3448023,-71.0825832,16.659
4086,1071120384,1769566477591,21:14:37.591,42.3448023,-71.0825832,16.659
4087,1071382528,1769566477953,21:14:37.953,42.3448023,-71.0825832,16.659
4088,1071644672,1769566478305,21:14:38.305,42.3448023,-71.0825832,16.659
4089,1071906816,1769566478721,21:14:38.721,42.3448023,-71.0825832,16.659
4090,1072168960,1769566479086,21:14:39.086,42.3448023,-71.0825832,16.659
4091,1072431104,1769566479508,21:14:39.508,42.3448023,-71.0825832,16.659
4092,1072693248,1769566479954,21:14:39.954,42.3448023,-71.0825832,16.659
4093,1072955392,1769566480477,21:14:40.477,42.3448023,-71.0825832,16.659
4094,1073217536,1769566480972,21:14:40.972,42.3448023,-71.0825832,16.659
4095,1073479680,1769566481409,21:14:41.409,42.3448023,-71.0825832,16.659
4096,1073741824,1769566481813,21:14:41.813,42.3448023,-71.0825832,16.659
4097,1074003968,1769566482327,21:14:42.327,42.3448023,-71.0825832,16.659
4098,1074266112,1769566485523,21:14:45.523,42.3448023,-71.0825832,16.659
4099,1074528256,1769566485776,21:14:45.776,42.3448023,-71.0825832,16.659
4100,1074790400,1769566486032,21:14:46.032,42.3448023,-71.0825832,16.659
4101,1075052544,1769566486300,21:14:46.300,42.3448023,-71.0825832,16.659
4102,1075314688,1769566486556,21:14:46.556,42.3448023,-71.0825832,16.659
4103,1075576832,1769566486806,21:14:46.806,42.3448023,-71.0825832,16.659
4104,1075838976,1769566487064,21:14:47.064,42.3448023,-71.0825832,16.659
4105,1076101120,1769566487316,21:14:47.316,42.3448023,-71.0825832,16.659
4106,1076363264,1769566487561,21:14:47.561,42.3448023,-71.0825832,16.659
4107,1076625408,1769566487821,21:14:47.821,42.3448023,-71.0825832,16.659
4108,1076887552,1769566488082,21:14:48.082,42.3448023,-71.0825832,16.659
4109,1077149696,1769566488334,21:14:48.334,42.3448023,-71.0825832,16.659
4110,1077411840,1769566488600,21:14:48.600,42.3448023,-71.0825832,16.659
4111,1077673984,1769566488859,21:14:48.859,42.3448023,-71.0825832,16.659
4112,1077936128,1769566489104,21:14:49.104,42.3448023,-71.0825832,16.659
4113,1078198272,1769566489358,21:14:49.358,42.3448023,-71.0825832,16.659
4114,1078460416,1769566489618,21:14:49.618,42.3448023,-71.0825832,16.659
4115,1078722560,1769566489921,21:14:49.921,42.3448023,-71.0825832,16.659
4116,1078984704,1769566490272,21:14:50.272,42.3448023,-71.0825832,16.659
4117,1079246848,1769566490642,21:14:50.642,42.3448023,-71.0825832,16.659
4118,1079508992,1769566491114,21:14:51.114,42.3448023,-71.0825832,16.659
4119,1079771136,1769566491479,21:14:51.479,42.3448023,-71.0825832,16.659
4120,1080033280,1769566491872,21:14:51.872,42.3448023,-71.0825832,16.659
4121,1080295424,1769566492517,21:14:52.517,42.3448023,-71.0825832,16.659
4122,1080557568,1769566492913,21:14:52.913,42.3448023,-71.0825832,16.659
4123,1080819712,1769566493320,21:14:53.320,42.3448023,-71.0825832,16.659
4124,1081081856,1769566493831,21:14:53.831,42.3448023,-71.0825832,16.659
4125,1081344000,1769566494207,21:14:54.207,42.3448023,-71.0825832,16.659
4126,1081606144,1769566494764,21:14:54.764,42.3448023,-71.0825832,16.659
4127,1081868288,1769566495276,21:14:55.276,42.3448023,-71.0825832,16.659
4128,1082130432,1769566495751,21:14:55.751,42.3448023,-71.0825832,16.659
4129,1082392576,1769566496266,21:14:56.266,42.3448023,-71.0825832,16.659
4130,1082654720,1769566496669,21:14:56.669,42.3448023,-71.0825832,16.659
4131,1082916864,1769566497040,21:14:57.040,42.3448023,-71.0825832,16.659
4132,1083179008,1769566497476,21:14:57.476,42.3448023,-71.0825832,16.659
4133,1083441152,1769566497870,21:14:57.870,42.3448023,-71.0825832,16.659
4134,1083703296,1769566498206,21:14:58.206,42.3448023,-71.0825832,16.659
4135,1083965440,1769566498580,21:14:58.580,42.3448023,-71.0825832,16.659
4136,1084227584,1769566498912,21:14:58.912,42.3448023,-71.0825832,16.659
4137,1084489728,1769566499272,21:14:59.272,42.3448023,-71.0825832,16.659
4138,1084751872,1769566499610,21:14:59.610,42.3448023,-71.0825832,16.659
4139,1085014016,1769566499961,21:14:59.961,42.3448023,-71.0825832,16.659
4140,1085276160,1769566500311,21:15:00.311,42.3448023,-71.0825832,16.659
4141,1085538304,1769566500743,21:15:00.743,42.3448023,-71.0825832,16.659
4142,1085800448,1769566501111,21:15:01.111,42.3448023,-71.0825832,16.659
4143,1086062592,1769566501490,21:15:01.490,42.3448023,-71.0825832,16.659
4144,1086324736,1769566501915,21:15:01.915,42.3448023,-71.0825832,16.659
4145,1086586880,1769566502279,21:15:02.279,42.3448023,-71.0825832,16.659
4146,1086849024,1769566502800,21:15:02.800,42.3448023,-71.0825832,16.659
4147,1087111168,1769566503425,21:15:03.425,42.3448023,-71.0825832,16.659
4148,1087373312,1769566504067,21:15:04.067,42.3448023,-71.0825832,16.659
4149,1087635456,1769566504539,21:15:04.539,42.3448023,-71.0825832,16.659
4150,1087897600,1769566504805,21:15:04.805,42.3448023,-71.0825832,16.659
4151,1088159744,1769566505298,21:15:05.298,42.3448023,-71.0825832,16.659
4152,1088421888,1769566505800,21:15:05.800,42.3448023,-71.0825832,16.659
4153,1088684032,1769566506330,21:15:06.330,42.3448023,-71.0825832,16.659
4154,1088946176,1769566506747,21:15:06.747,42.3448023,-71.0825832,16.659
4155,1089208320,1769566507419,21:15:07.419,42.3448023,-71.0825832,16.659
4156,1089470464,1769566507978,21:15:07.978,42.3448023,-71.0825832,16.659
4157,1089732608,1769566508438,21:15:08.438,42.3448023,-71.0825832,16.659
4158,1089994752,1769566508872,21:15:08.872,42.3448023,-71.0825832,16.659
4159,1090256896,1769566509310,21:15:09.310,42.3448023,-71.0825832,16.659
4160,1090519040,1769566509750,21:15:09.750,42.3448023,-71.0825832,16.659
4161,1090781184,1769566510217,21:15:10.217,42.3448023,-71.0825832,16.659
4162,1091043328,1769566510804,21:15:10.804,42.3448023,-71.0825832,16.659
4163,1091305472,1769566511421,21:15:11.421,42.3448023,-71.0825832,16.659
4164,1091567616,1769566511993,21:15:11.993,42.3448023,-71.0825832,16.659
4165,1091829760,1769566512685,21:15:12.685,42.3448023,-71.0825832,16.659
4166,1092091904,1769566513161,21:15:13.161,42.3448023,-71.0825832,16.659
4167,1092354048,1769566516237,21:15:16.237,42.3448023,-71.0825832,16.659
4168,1092616192,1769566516485,21:15:16.485,42.3448023,-71.0825832,16.659
4169,1092878336,1769566516744,21:15:16.744,42.3448023,-71.0825832,16.659
4170,1093140480,1769566517016,21:15:17.016,42.3448023,-71.0825832,16.659
4171,1093402624,1769566517260,21:15:17.260,42.3448023,-71.0825832,16.659
4172,1093664768,1769566517512,21:15:17.512,42.3448023,-71.0825832,16.659
4173,1093926912,1769566517769,21:15:17.769,42.3448023,-71.0825832,16.659
4174,1094189056,1769566518032,21:15:18.032,42.3448023,-71.0825832,16.659
4175,1094451200,1769566518290,21:15:18.290,42.3448023,-71.0825832,16.659
4176,1094713344,1769566518554,21:15:18.554,42.3448023,-71.0825832,16.659
4177,1094975488,1769566518805,21:15:18.805,42.3448023,-71.0825832,16.659
4178,1095237632,1769566519057,21:15:19.057,42.3448023,-71.0825832,16.659
4179,1095499776,1769566519312,21:15:19.312,42.3448023,-71.0825832,16.659
4180,1095761920,1769566519561,21:15:19.561,42.3448023,-71.0825832,16.659
4181,1096024064,1769566519822,21:15:19.822,42.3448023,-71.0825832,16.659
4182,1096286208,1769566520096,21:15:20.096,42.3448023,-71.0825832,16.659
4183,1096548352,1769566520349,21:15:20.349,42.3448023,-71.0825832,16.659
4184,1096810496,1769566520601,21:15:20.601,42.3448023,-71.0825832,16.659
4185,1097072640,1769566520870,21:15:20.870,42.3448023,-71.0825832,16.659
4186,1097334784,1769566521138,21:15:21.138,42.3448023,-71.0825832,16.659
4187,1097596928,1769566521402,21:15:21.402,42.3448023,-71.0825832,16.659
4188,1097859072,1769566521660,21:15:21.660,42.3448023,-71.0825832,16.659
4189,1098121216,1769566521917,21:15:21.917,42.3448023,-71.0825832,16.659
4190,1098383360,1769566522169,21:15:22.169,42.3448023,-71.0825832,16.659
4191,1098645504,1769566522414,21:15:22.414,42.3448023,-71.0825832,16.659
4192,1098907648,1769566522713,21:15:22.713,42.3448023,-71.0825832,16.659
4193,1099169792,1769566523029,21:15:23.029,42.3448023,-71.0825832,16.659
4194,1099431936,1769566523391,21:15:23.391,42.3448023,-71.0825832,16.659
4195,1099694080,1769566523829,21:15:23.829,42.3448023,-71.0825832,16.659
4196,1099956224,1769566524338,21:15:24.338,42.3448023,-71.0825832,16.659
4197,1100218368,1769566524743,21:15:24.743,42.3448023,-71.0825832,16.659
4198,1100480512,1769566525252,21:15:25.252,42.3448023,-71.0825832,16.659
4199,1100742656,1769566525735,21:15:25.735,42.3448023,-71.0825832,16.659
4200,1101004800,1769566526180,21:15:26.180,42.3448023,-71.0825832,16.659
4201,1101266944,1769566526669,21:15:26.669,42.3448023,-71.0825832,16.659
4202,1101529088,1769566527076,21:15:27.076,42.3448023,-71.0825832,16.659
4203,1101791232,1769566527472,21:15:27.472,42.3448023,-71.0825832,16.659
4204,1102053376,1769566527992,21:15:27.992,42.3448023,-71.0825832,16.659
4205,1102315520,1769566528366,21:15:28.366,42.3448023,-71.0825832,16.659
4206,1102577664,1769566528786,21:15:28.786,42.3448023,-71.0825832,16.659
4207,1102839808,1769566529417,21:15:29.417,42.3448023,-71.0825832,16.659
4208,1103101952,1769566530187,21:15:30.187,42.3448023,-71.0825832,16.659
4209,1103364096,1769566530895,21:15:30.895,42.3448023,-71.0825832,16.659
4210,1103626240,1769566531650,21:15:31.650,42.3448023,-71.0825832,16.659
4211,1103888384,1769566532431,21:15:32.431,42.3448023,-71.0825832,16.659
4212,1104150528,1769566532909,21:15:32.909,42.3448023,-71.0825832,16.659
4213,1104412672,1769566533280,21:15:33.280,42.3448023,-71.0825832,16.659
4214,1104674816,1769566533666,21:15:33.666,42.3448023,-71.0825832,16.659
4215,1104936960,1769566534020,21:15:34.020,42.3448023,-71.0825832,16.659
4216,1105199104,1769566534368,21:15:34.368,42.3448023,-71.0825832,16.659
4217,1105461248,1769566534719,21:15:34.719,42.3448023,-71.0825832,16.659
4218,1105723392,1769566535070,21:15:35.070,42.3448023,-71.0825832,16.659
4219,1105985536,1769566535473,21:15:35.473,42.3448023,-71.0825832,16.659
4220,1106247680,1769566535771,21:15:35.771,42.3448023,-71.0825832,16.659
4221,1106509824,1769566536121,21:15:36.121,42.3448023,-71.0825832,16.659
4222,1106771968,1769566536475,21:15:36.475,42.3448023,-71.0825832,16.659
4223,1107034112,1769566536824,21:15:36.824,42.3448023,-71.0825832,16.659
4224,1107296256,1769566537200,21:15:37.200,42.3448023,-71.0825832,16.659
4225,1107558400,1769566537525,21:15:37.525,42.3448023,-71.0825832,16.659
4226,1107820544,1769566537874,21:15:37.874,42.3448023,-71.0825832,16.659
4227,1108082688,1769566538206,21:15:38.206,42.3448023,-71.0825832,16.659
4228,1108344832,1769566538556,21:15:38.556,42.3448023,-71.0825832,16.659
4229,1108606976,1769566538908,21:15:38.908,42.3448023,-71.0825832,16.659
4230,1108869120,1769566539268,21:15:39.268,42.3448023,-71.0825832,16.659
4231,1109131264,1769566539672,21:15:39.672,42.3448023,-71.0825832,16.659
4232,1109393408,1769566540080,21:15:40.080,42.3448023,-71.0825832,16.659
4233,1109655552,1769566540494,21:15:40.494,42.3448023,-71.0825832,16.659
4234,1109917696,1769566540902,21:15:40.902,42.3448023,-71.0825832,16.659
4235,1110179840,1769566541315,21:15:41.315,42.3448023,-71.0825832,16.659
4236,1110441984,1769566541728,21:15:41.728,42.3448023,-71.0825832,16.659
4237,1110704128,1769566542085,21:15:42.085,42.3448023,-71.0825832,16.659
4238,1110966272,1769566542465,21:15:42.465,42.3448023,-71.0825832,16.659
4239,1111228416,1769566542845,21:15:42.845,42.3448023,-71.0825832,16.659
4240,1111490560,1769566543194,21:15:43.194,42.3448023,-71.0825832,16.659
4241,1111752704,1769566546241,21:15:46.241,42.3448023,-71.0825832,16.659
4242,1112014848,1769566546486,21:15:46.486,42.3448023,-71.0825832,16.659
4243,1112276992,1769566546748,21:15:46.748,42.3448023,-71.0825832,16.659
4244,1112539136,1769566547003,21:15:47.003,42.3448023,-71.0825832,16.659
4245,1112801280,1769566547270,21:15:47.270,42.3448023,-71.0825832,16.659
4246,1113063424,1769566547538,21:15:47.538,42.3448023,-71.0825832,16.659
4247,1113325568,1769566547778,21:15:47.778,42.3448023,-71.0825832,16.659
4248,1113587712,1769566548038,21:15:48.038,42.3448023,-71.0825832,16.659
4249,1113849856,1769566548301,21:15:48.301,42.3448023,-71.0825832,16.659
4250,1114112000,1769566548565,21:15:48.565,42.3448023,-71.0825832,16.659
4251,1114374144,1769566548835,21:15:48.835,42.3448023,-71.0825832,16.659
4252,1114636288,1769566549089,21:15:49.089,42.3448023,-71.0825832,16.659
4253,1114898432,1769566549357,21:15:49.357,42.3448023,-71.0825832,16.659
4254,1115160576,1769566549622,21:15:49.622,42.3448023,-71.0825832,16.659
4255,1115422720,1769566549885,21:15:49.885,42.3448023,-71.0825832,16.659
4256,1115684864,1769566550143,21:15:50.143,42.3448023,-71.0825832,16.659
4257,1115947008,1769566550410,21:15:50.410,42.3448023,-71.0825832,16.659
4258,1116209152,1769566550670,21:15:50.670,42.3448023,-71.0825832,16.659
4259,1116471296,1769566550937,21:15:50.937,42.3448023,-71.0825832,16.659
4260,1116733440,1769566551476,21:15:51.476,42.3448023,-71.0825832,16.659
4261,1116995584,1769566552000,21:15:52.000,42.3448023,-71.0825832,16.659
4262,1117257728,1769566552494,21:15:52.494,42.3448023,-71.0825832,16.659
4263,1117519872,1769566553064,21:15:53.064,42.3448023,-71.0825832,16.659
4264,1117782016,1769566553605,21:15:53.605,42.3448023,-71.0825832,16.659
4265,1118044160,1769566554213,21:15:54.213,42.3448023,-71.0825832,16.659
4266,1118306304,1769566554876,21:15:54.876,42.3448023,-71.0825832,16.659
4267,1118568448,1769566555418,21:15:55.418,42.3448023,-71.0825832,16.659
4268,1118830592,1769566555989,21:15:55.989,42.3448023,-71.0825832,16.659
4269,1119092736,1769566556656,21:15:56.656,42.3448023,-71.0825832,16.659
4270,1119354880,1769566557174,21:15:57.174,42.3448023,-71.0825832,16.659
4271,1119617024,1769566557731,21:15:57.731,42.3448023,-71.0825832,16.659
4272,1119879168,1769566558154,21:15:58.154,42.3448023,-71.0825832,16.659
4273,1120141312,1769566558556,21:15:58.556,42.3448023,-71.0825832,16.659
4274,1120403456,1769566558927,21:15:58.927,42.3448023,-71.0825832,16.659
4275,1120665600,1769566559314,21:15:59.314,42.3448023,-71.0825832,16.659
4276,1120927744,1769566559757,21:15:59.757,42.3448023,-71.0825832,16.659
4277,1121189888,1769566560219,21:16:00.219,42.3448023,-71.0825832,16.659
4278,1121452032,1769566560758,21:16:00.758,42.3448023,-71.0825832,16.659
4279,1121714176,1769566561139,21:16:01.139,42.3448023,-71.0825832,16.659
4280,1121976320,1769566561550,21:16:01.550,42.3448023,-71.0825832,16.659
4281,1122238464,1769566561950,21:16:01.950,42.3448023,-71.0825832,16.659
4282,1122500608,1769566562372,21:16:02.372,42.3448023,-71.0825832,16.659
4283,1122762752,1769566562739,21:16:02.739,42.3448023,-71.0825832,16.659
4284,1123024896,1769566563167,21:16:03.167,42.3448023,-71.0825832,16.659
4285,1123287040,1769566563518,21:16:03.518,42.3448023,-71.0825832,16.659
4286,1123549184,1769566563940,21:16:03.940,42.3448023,-71.0825832,16.659
4287,1123811328,1769566564312,21:16:04.312,42.3448023,-71.0825832,16.659
4288,1124073472,1769566564669,21:16:04.669,42.3448023,-71.0825832,16.659
4289,1124335616,1769566565069,21:16:05.069,42.3448023,-71.0825832,16.659
4290,1124597760,1769566565442,21:16:05.442,42.3448023,-71.0825832,16.659
4291,1124859904,1769566565819,21:16:05.819,42.3448023,-71.0825832,16.659
4292,1125122048,1769566566141,21:16:06.141,42.3448023,-71.0825832,16.659
4293,1125384192,1769566566524,21:16:06.524,42.3448023,-71.0825832,16.659
4294,1125646336,1769566566951,21:16:06.951,42.3448023,-71.0825832,16.659
4295,1125908480,1769566567339,21:16:07.339,42.3448023,-71.0825832,16.659
4296,1126170624,1769566567717,21:16:07.717,42.3448023,-71.0825832,16.659
4297,1126432768,1769566568137,21:16:08.137,42.3448023,-71.0825832,16.659
4298,1126694912,1769566568540,21:16:08.540,42.3448023,-71.0825832,16.659
4299,1126957056,1769566568977,21:16:08.977,42.3448023,-71.0825832,16.659
4300,1127219200,1769566569429,21:16:09.429,42.3448023,-71.0825832,16.659
4301,1127481344,1769566569843,21:16:09.843,42.3448023,-71.0825832,16.659
4302,1127743488,1769566570228,21:16:10.228,42.3448023,-71.0825832,16.659
4303,1128005632,1769566570597,21:16:10.597,42.3448023,-71.0825832,16.659
4304,1128267776,1769566570960,21:16:10.960,42.3448023,-71.0825832,16.659
4305,1128529920,1769566571373,21:16:11.373,42.3448023,-71.0825832,16.659
4306,1128792064,1769566571726,21:16:11.726,42.3448023,-71.0825832,16.659
4307,1129054208,1769566572093,21:16:12.093,42.3448023,-71.0825832,16.659
4308,1129316352,1769566572427,21:16:12.427,42.3448023,-71.0825832,16.659
4309,1129578496,1769566572787,21:16:12.787,42.3448023,-71.0825832,16.659
4310,1129840640,1769566573139,21:16:13.139,42.3448023,-71.0825832,16.659
4311,1130102784,1769566573491,21:16:13.491,42.3448023,-71.0825832,16.659
4312,1130364928,1769566576168,21:16:16.168,42.3448023,-71.0825832,16.659
4313,1130627072,1769566576447,21:16:16.447,42.3448023,-71.0825832,16.659
4314,1130889216,1769566576698,21:16:16.698,42.3448023,-71.0825832,16.659
4315,1131151360,1769566576954,21:16:16.954,42.3448023,-71.0825832,16.659
4316,1131413504,1769566577233,21:16:17.233,42.3448023,-71.0825832,16.659
4317,1131675648,1769566577490,21:16:17.490,42.3448023,-71.0825832,16.659
4318,1131937792,1769566577733,21:16:17.733,42.3448023,-71.0825832,16.659
4319,1132199936,1769566578002,21:16:18.002,42.3448023,-71.0825832,16.659
4320,1132462080,1769566578266,21:16:18.266,42.3448023,-71.0825832,16.659
4321,1132724224,1769566578504,21:16:18.504,42.3448023,-71.0825832,16.659
4322,1132986368,1769566578761,21:16:18.761,42.3448023,-71.0825832,16.659
4323,1133248512,1769566579005,21:16:19.005,42.3448023,-71.0825832,16.659
4324,1133510656,1769566579245,21:16:19.245,42.3448023,-71.0825832,16.659
4325,1133772800,1769566579488,21:16:19.488,42.3448023,-71.0825832,16.659
4326,1134034944,1769566579754,21:16:19.754,42.3448023,-71.0825832,16.659
4327,1134297088,1769566580025,21:16:20.025,42.3448023,-71.0825832,16.659
4328,1134559232,1769566580273,21:16:20.273,42.3448023,-71.0825832,16.659
4329,1134821376,1769566580533,21:16:20.533,42.3448023,-71.0825832,16.659
4330,1135083520,1769566580836,21:16:20.836,42.3448023,-71.0825832,16.659
4331,1135345664,1769566581220,21:16:21.220,42.3448023,-71.0825832,16.659
4332,1135607808,1769566581665,21:16:21.665,42.3448023,-71.0825832,16.659
4333,1135869952,1769566582158,21:16:22.158,42.3448023,-71.0825832,16.659
4334,1136132096,1769566582733,21:16:22.733,42.3448023,-71.0825832,16.659
4335,1136394240,1769566583318,21:16:23.318,42.3448023,-71.0825832,16.659
4336,1136656384,1769566584052,21:16:24.052,42.3448023,-71.0825832,16.659
4337,1136918528,1769566584643,21:16:24.643,42.3448023,-71.0825832,16.659
4338,1137180672,1769566585179,21:16:25.179,42.3448023,-71.0825832,16.659
4339,1137442816,1769566586027,21:16:26.027,42.3448023,-71.0825832,16.659
4340,1137704960,1769566586742,21:16:26.742,42.3448023,-71.0825832,16.659
4341,1137967104,1769566587478,21:16:27.478,42.3448023,-71.0825832,16.659
4342,1138229248,1769566587950,21:16:27.950,42.3448023,-71.0825832,16.659
4343,1138491392,1769566588311,21:16:28.311,42.3448023,-71.0825832,16.659
4344,1138753536,1769566588706,21:16:28.706,42.3448023,-71.0825832,16.659
4345,1139015680,1769566589088,21:16:29.088,42.3448023,-71.0825832,16.659
4346,1139277824,1769566589458,21:16:29.458,42.3448023,-71.0825832,16.659
4347,1139539968,1769566589868,21:16:29.868,42.3448023,-71.0825832,16.659
4348,1139802112,1769566590279,21:16:30.279,42.3448023,-71.0825832,16.659
4349,1140064256,1769566590743,21:16:30.743,42.3448023,-71.0825832,16.659
4350,1140326400,1769566591189,21:16:31.189,42.3448023,-71.0825832,16.659
4351,1140588544,1769566591471,21:16:31.471,42.3448023,-71.0825832,16.659
4352,1140850688,1769566591821,21:16:31.821,42.3448023,-71.0825832,16.659
4353,1141112832,1769566592197,21:16:32.197,42.3448023,-71.0825832,16.659
4354,1141374976,1769566592561,21:16:32.561,42.3448023,-71.0825832,16.659
4355,1141637120,1769566592955,21:16:32.955,42.3448023,-71.0825832,16.659
4356,1141899264,1769566593285,21:16:33.285,42.3448023,-71.0825832,16.659
4357,1142161408,1769566593637,21:16:33.637,42.3448023,-71.0825832,16.659
4358,1142423552,1769566594066,21:16:34.066,42.3448023,-71.0825832,16.659
4359,1142685696,1769566594605,21:16:34.605,42.3448023,-71.0825832,16.659
4360,1142947840,1769566595106,21:16:35.106,42.3448023,-71.0825832,16.659
4361,1143209984,1769566595574,21:16:35.574,42.3448023,-71.0825832,16.659
4362,1143472128,1769566595996,21:16:35.996,42.3448023,-71.0825832,16.659
4363,1143734272,1769566596391,21:16:36.391,42.3448023,-71.0825832,16.659
4364,1143996416,1769566596803,21:16:36.803,42.3448023,-71.0825832,16.659
4365,1144258560,1769566597356,21:16:37.356,42.3448023,-71.0825832,16.659
4366,1144520704,1769566597853,21:16:37.853,42.3448023,-71.0825832,16.659
4367,1144782848,1769566598637,21:16:38.637,42.3448023,-71.0825832,16.659
4368,1145044992,1769566599473,21:16:39.473,42.3448023,-71.0825832,16.659
4369,1145307136,1769566600213,21:16:40.213,42.3448023,-71.0825832,16.659
4370,1145569280,1769566600913,21:16:40.913,42.3448023,-71.0825832,16.659
4371,1145831424,1769566601726,21:16:41.726,42.3448023,-71.0825832,16.659
4372,1146093568,1769566602312,21:16:42.312,42.3448023,-71.0825832,16.659
4373,1146355712,1769566602918,21:16:42.918,42.3448023,-71.0825832,16.659
4374,1146617856,1769566603390,21:16:43.390,42.3448023,-71.0825832,16.659
4375,1146880000,1769566603837,21:16:43.837,42.3448023,-71.0825832,16.659
4376,1147142144,1769566606619,21:16:46.619,42.3448023,-71.0825832,16.659
4377,1147404288,1769566606888,21:16:46.888,42.3448023,-71.0825832,16.659
4378,1147666432,1769566607135,21:16:47.135,42.3448023,-71.0825832,16.659
4379,1147928576,1769566607412,21:16:47.412,42.3448023,-71.0825832,16.659
4380,1148190720,1769566607652,21:16:47.652,42.3448023,-71.0825832,16.659
4381,1148452864,1769566607897,21:16:47.897,42.3448023,-71.0825832,16.659
4382,1148715008,1769566608165,21:16:48.165,42.3448023,-71.0825832,16.659
4383,1148977152,1769566608422,21:16:48.422,42.3448023,-71.0825832,16.659
4384,1149239296,1769566608680,21:16:48.680,42.3448023,-71.0825832,16.659
4385,1149501440,1769566608932,21:16:48.932,42.3448023,-71.0825832,16.659
4386,1149763584,1769566609183,21:16:49.183,42.3448023,-71.0825832,16.659
4387,1150025728,1769566609432,21:16:49.432,42.3448023,-71.0825832,16.659
4388,1150287872,1769566609682,21:16:49.682,42.3448023,-71.0825832,16.659
4389,1150550016,1769566609955,21:16:49.955,42.3448023,-71.0825832,16.659
4390,1150812160,1769566610218,21:16:50.218,42.3448023,-71.0825832,16.659
4391,1151074304,1769566610465,21:16:50.465,42.3448023,-71.0825832,16.659
4392,1151336448,1769566610730,21:16:50.730,42.3448023,-71.0825832,16.659
4393,1151598592,1769566611079,21:16:51.079,42.3448023,-71.0825832,16.659
4394,1151860736,1769566611434,21:16:51.434,42.3448023,-71.0825832,16.659
4395,1152122880,1769566611782,21:16:51.782,42.3448023,-71.0825832,16.659
4396,1152385024,1769566612131,21:16:52.131,42.3448023,-71.0825832,16.659
4397,1152647168,1769566612484,21:16:52.484,42.3448023,-71.0825832,16.659
4398,1152909312,1769566612854,21:16:52.854,42.3448023,-71.0825832,16.659
4399,1153171456,1769566613204,21:16:53.204,42.3448023,-71.0825832,16.659
4400,1153433600,1769566613552,21:16:53.552,42.3448023,-71.0825832,16.659
4401,1153695744,1769566613902,21:16:53.902,42.3448023,-71.0825832,16.659
4402,1153957888,1769566614284,21:16:54.284,42.3448023,-71.0825832,16.659
4403,1154220032,1769566614633,21:16:54.633,42.3448023,-71.0825832,16.659
4404,1154482176,1769566615027,21:16:55.027,42.3448023,-71.0825832,16.659
4405,1154744320,1769566615504,21:16:55.504,42.3448023,-71.0825832,16.659
4406,1155006464,1769566616065,21:16:56.065,42.3448023,-71.0825832,16.659
4407,1155268608,1769566616608,21:16:56.608,42.3448023,-71.0825832,16.659
4408,1155530752,1769566617046,21:16:57.046,42.3448023,-71.0825832,16.659
4409,1155792896,1769566617321,21:16:57.321,42.3448023,-71.0825832,16.659
4410,1156055040,1769566617692,21:16:57.692,42.3448023,-71.0825832,16.659
4411,1156317184,1769566618090,21:16:58.090,42.3448023,-71.0825832,16.659
4412,1156579328,1769566618348,21:16:58.348,42.3448023,-71.0825832,16.659
4413,1156841472,1769566618681,21:16:58.681,42.3448023,-71.0825832,16.659
4414,1157103616,1769566619075,21:16:59.075,42.3448023,-71.0825832,16.659
4415,1157365760,1769566619383,21:16:59.383,42.3448023,-71.0825832,16.659
4416,1157627904,1769566619734,21:16:59.734,42.3448023,-71.0825832,16.659
4417,1157890048,1769566620084,21:17:00.084,42.3448023,-71.0825832,16.659
4418,1158152192,1769566620435,21:17:00.435,42.3448023,-71.0825832,16.659
4419,1158414336,1769566620818,21:17:00.818,42.3448023,-71.0825832,16.659
4420,1158676480,1769566621138,21:17:01.138,42.3448023,-71.0825832,16.659
4421,1158938624,1769566621487,21:17:01.487,42.3448023,-71.0825832,16.659
4422,1159200768,1769566621836,21:17:01.836,42.3448023,-71.0825832,16.659
4423,1159462912,1769566622227,21:17:02.227,42.3448023,-71.0825832,16.659
4424,1159725056,1769566622675,21:17:02.675,42.3448023,-71.0825832,16.659
4425,1159987200,1769566623045,21:17:03.045,42.3448023,-71.0825832,16.659
4426,1160249344,1769566623491,21:17:03.491,42.3448023,-71.0825832,16.659
4427,1160511488,1769566623883,21:17:03.883,42.3448023,-71.0825832,16.659
4428,1160773632,1769566624441,21:17:04.441,42.3448023,-71.0825832,16.659
4429,1161035776,1769566624858,21:17:04.858,42.3448023,-71.0825832,16.659
4430,1161297920,1769566625414,21:17:05.414,42.3448023,-71.0825832,16.659
4431,1161560064,1769566625958,21:17:05.958,42.3448023,-71.0825832,16.659
4432,1161822208,1769566626352,21:17:06.352,42.3448023,-71.0825832,16.659
4433,1162084352,1769566626782,21:17:06.782,42.3448023,-71.0825832,16.659
4434,1162346496,1769566627168,21:17:07.168,42.3448023,-71.0825832,16.659
4435,1162608640,1769566627512,21:17:07.512,42.3448023,-71.0825832,16.659
4436,1162870784,1769566628036,21:17:08.036,42.3448023,-71.0825832,16.659
4437,1163132928,1769566628513,21:17:08.513,42.3448023,-71.0825832,16.659
4438,1163395072,1769566628779,21:17:08.779,42.3448023,-71.0825832,16.659
4439,1163657216,1769566629174,21:17:09.174,42.3448023,-71.0825832,16.659
4440,1163919360,1769566629575,21:17:09.575,42.3448023,-71.0825832,16.659
4441,1164181504,1769566630118,21:17:10.118,42.3448023,-71.0825832,16.659
4442,1164443648,1769566630500,21:17:10.500,42.3448023,-71.0825832,16.659
4443,1164705792,1769566630988,21:17:10.988,42.3448023,-71.0825832,16.659
4444,1164967936,1769566631480,21:17:11.480,42.3448023,-71.0825832,16.659
4445,1165230080,1769566631877,21:17:11.877,42.3448023,-71.0825832,16.659
4446,1165492224,1769566632329,21:17:12.329,42.3448023,-71.0825832,16.659
4447,1165754368,1769566632618,21:17:12.618,42.3448023,-71.0825832,16.659
4448,1166016512,1769566633013,21:17:13.013,42.3448023,-71.0825832,16.659
4449,1166278656,1769566633492,21:17:13.492,42.3448023,-71.0825832,16.659
4450,1166540800,1769566633916,21:17:13.916,42.3448023,-71.0825832,16.659
4451,1166802944,1769566634337,21:17:14.337,42.3448023,-71.0825832,16.659
4452,1167065088,1769566636830,21:17:16.830,42.3448023,-71.0825832,16.659
4453,1167327232,1769566637089,21:17:17.089,42.3448023,-71.0825832,16.659
4454,1167589376,1769566637347,21:17:17.347,42.3448023,-71.0825832,16.659
4455,1167851520,1769566637611,21:17:17.611,42.3448023,-71.0825832,16.659
4456,1168113664,1769566637879,21:17:17.879,42.3448023,-71.0825832,16.659
4457,1168375808,1769566638139,21:17:18.139,42.3448023,-71.0825832,16.659
4458,1168637952,1769566638390,21:17:18.390,42.3448023,-71.0825832,16.659
4459,1168900096,1769566638654,21:17:18.654,42.3448023,-71.0825832,16.659
4460,1169162240,1769566638899,21:17:18.899,42.3448023,-71.0825832,16.659
4461,1169424384,1769566639152,21:17:19.152,42.3448023,-71.0825832,16.659
4462,1169686528,1769566639423,21:17:19.423,42.3448023,-71.0825832,16.659
4463,1169948672,1769566639674,21:17:19.674,42.3448023,-71.0825832,16.659
4464,1170210816,1769566639916,21:17:19.916,42.3448023,-71.0825832,16.659
4465,1170472960,1769566640176,21:17:20.176,42.3448023,-71.0825832,16.659
4466,1170735104,1769566640449,21:17:20.449,42.3448023,-71.0825832,16.659
4467,1170997248,1769566640801,21:17:20.801,42.3448023,-71.0825832,16.659
4468,1171259392,1769566641150,21:17:21.150,42.3448023,-71.0825832,16.659
4469,1171521536,1769566641541,21:17:21.541,42.3448023,-71.0825832,16.659
4470,1171783680,1769566641947,21:17:21.947,42.3448023,-71.0825832,16.659
4471,1172045824,1769566642299,21:17:22.299,42.3448023,-71.0825832,16.659
4472,1172307968,1769566642670,21:17:22.670,42.3448023,-71.0825832,16.659
4473,1172570112,1769566643026,21:17:23.026,42.3448023,-71.0825832,16.659
4474,1172832256,1769566643455,21:17:23.455,42.3448023,-71.0825832,16.659
4475,1173094400,1769566643851,21:17:23.851,42.3448023,-71.0825832,16.659
4476,1173356544,1769566644244,21:17:24.244,42.3448023,-71.0825832,16.659
4477,1173618688,1769566644594,21:17:24.594,42.3448023,-71.0825832,16.659
4478,1173880832,1769566644945,21:17:24.945,42.3448023,-71.0825832,16.659
4479,1174142976,1769566645300,21:17:25.300,42.3448023,-71.0825832,16.659
4480,1174405120,1769566645655,21:17:25.655,42.3448023,-71.0825832,16.659
4481,1174667264,1769566646006,21:17:26.006,42.3448023,-71.0825832,16.659
4482,1174929408,1769566646358,21:17:26.358,42.3448023,-71.0825832,16.659
4483,1175191552,1769566646725,21:17:26.725,42.3448023,-71.0825832,16.659
4484,1175453696,1769566647106,21:17:27.106,42.3448023,-71.0825832,16.659
4485,1175715840,1769566647572,21:17:27.572,42.3448023,-71.0825832,16.659
4486,1175977984,1769566648020,21:17:28.020,42.3448023,-71.0825832,16.659
4487,1176240128,1769566648581,21:17:28.581,42.3448023,-71.0825832,16.659
4488,1176502272,1769566649061,21:17:29.061,42.3448023,-71.0825832,16.659
4489,1176764416,1769566649381,21:17:29.381,42.3448023,-71.0825832,16.659
4490,1177026560,1769566649757,21:17:29.757,42.3448023,-71.0825832,16.659
4491,1177288704,1769566650171,21:17:30.171,42.3448023,-71.0825832,16.659
4492,1177550848,1769566650532,21:17:30.532,42.3448023,-71.0825832,16.659
4493,1177812992,1769566650911,21:17:30.911,42.3448023,-71.0825832,16.659
4494,1178075136,1769566651310,21:17:31.310,42.3448023,-71.0825832,16.659
4495,1178337280,1769566651718,21:17:31.718,42.3448023,-71.0825832,16.659
4496,1178599424,1769566652128,21:17:32.128,42.3448023,-71.0825832,16.659
4497,1178861568,1769566652457,21:17:32.457,42.3448023,-71.0825832,16.659
4498,1179123712,1769566652815,21:17:32.815,42.3448023,-71.0825832,16.659
4499,1179385856,1769566653167,21:17:33.167,42.3448023,-71.0825832,16.659
4500,1179648000,1769566653660,21:17:33.660,42.3448023,-71.0825832,16.659
4501,1179910144,1769566654072,21:17:34.072,42.3448023,-71.0825832,16.659
4502,1180172288,1769566654471,21:17:34.471,42.3448023,-71.0825832,16.659
4503,1180434432,1769566654938,21:17:34.938,42.3448023,-71.0825832,16.659
4504,1180696576,1769566655399,21:17:35.399,42.3448023,-71.0825832,16.659
4505,1180958720,1769566655813,21:17:35.813,42.3448023,-71.0825832,16.659
4506,1181220864,1769566656187,21:17:36.187,42.3448023,-71.0825832,16.659
4507,1181483008,1769566656597,21:17:36.597,42.3448023,-71.0825832,16.659
4508,1181745152,1769566657172,21:17:37.172,42.3448023,-71.0825832,16.659
4509,1182007296,1769566657694,21:17:37.694,42.3448023,-71.0825832,16.659
4510,1182269440,1769566658100,21:17:38.100,42.3448023,-71.0825832,16.659
4511,1182531584,1769566658555,21:17:38.555,42.3448023,-71.0825832,16.659
4512,1182793728,1769566658820,21:17:38.820,42.3448023,-71.0825832,16.659
4513,1183055872,1769566659151,21:17:39.151,42.3448023,-71.0825832,16.659
4514,1183318016,1769566659531,21:17:39.531,42.3448023,-71.0825832,16.659
4515,1183580160,1769566659854,21:17:39.854,42.3448023,-71.0825832,16.659
4516,1183842304,1769566660236,21:17:40.236,42.3448023,-71.0825832,16.659
4517,1184104448,1769566660611,21:17:40.611,42.3448023,-71.0825832,16.659
4518,1184366592,1769566661033,21:17:41.033,42.3448023,-71.0825832,16.659
4519,1184628736,1769566661398,21:17:41.398,42.3448023,-71.0825832,16.659
4520,1184890880,1769566661749,21:17:41.749,42.3448023,-71.0825832,16.659
4521,1185153024,1769566662100,21:17:42.100,42.3448023,-71.0825832,16.659
4522,1185415168,1769566662451,21:17:42.451,42.3448023,-71.0825832,16.659
4523,1185677312,1769566662808,21:17:42.808,42.3448023,-71.0825832,16.659
4524,1185939456,1769566663139,21:17:43.139,42.3448023,-71.0825832,16.659
4525,1186201600,1769566663489,21:17:43.489,42.3448023,-71.0825832,16.659
4526,1186463744,1769566663864,21:17:43.864,42.3448023,-71.0825832,16.659
4527,1186725888,1769566664190,21:17:44.190,42.3448023,-71.0825832,16.659
4528,1186988032,1769566664594,21:17:44.594,42.3448023,-71.0825832,16.659
4529,1187250176,1769566667055,21:17:47.055,42.3448023,-71.0825832,16.659
4530,1187512320,1769566667314,21:17:47.314,42.3448023,-71.0825832,16.659
4531,1187774464,1769566667567,21:17:47.567,42.3448023,-71.0825832,16.659
4532,1188036608,1769566667810,21:17:47.810,42.3448023,-71.0825832,16.659
4533,1188298752,1769566668060,21:17:48.060,42.3448023,-71.0825832,16.659
4534,1188560896,1769566668335,21:17:48.335,42.3448023,-71.0825832,16.659
4535,1188823040,1769566668598,21:17:48.598,42.3448023,-71.0825832,16.659
4536,1189085184,1769566668846,21:17:48.846,42.3448023,-71.0825832,16.659
4537,1189347328,1769566669092,21:17:49.092,42.3448023,-71.0825832,16.659
4538,1189609472,1769566669343,21:17:49.343,42.3448023,-71.0825832,16.659
4539,1189871616,1769566669610,21:17:49.610,42.3448023,-71.0825832,16.659
4540,1190133760,1769566669869,21:17:49.869,42.3448023,-71.0825832,16.659
4541,1190395904,1769566670101,21:17:50.101,42.3448023,-71.0825832,16.659
4542,1190658048,1769566670342,21:17:50.342,42.3448023,-71.0825832,16.659
4543,1190920192,1769566670586,21:17:50.586,42.3448023,-71.0825832,16.659
4544,1191182336,1769566670965,21:17:50.965,42.3448023,-71.0825832,16.659
4545,1191444480,1769566671398,21:17:51.398,42.3448023,-71.0825832,16.659
4546,1191706624,1769566671823,21:17:51.823,42.3448023,-71.0825832,16.659
4547,1191968768,1769566672249,21:17:52.249,42.3448023,-71.0825832,16.659
4548,1192230912,1769566672602,21:17:52.602,42.3448023,-71.0825832,16.659
4549,1192493056,1769566672970,21:17:52.970,42.3448023,-71.0825832,16.659
4550,1192755200,1769566673329,21:17:53.329,42.3448023,-71.0825832,16.659
4551,1193017344,1769566673669,21:17:53.669,42.3448023,-71.0825832,16.659
4552,1193279488,1769566674024,21:17:54.024,42.3448023,-71.0825832,16.659
4553,1193541632,1769566674408,21:17:54.408,42.3448023,-71.0825832,16.659
4554,1193803776,1769566674772,21:17:54.772,42.3448023,-71.0825832,16.659
4555,1194065920,1769566675124,21:17:55.124,42.3448023,-71.0825832,16.659
4556,1194328064,1769566675509,21:17:55.509,42.3448023,-71.0825832,16.659
4557,1194590208,1769566675948,21:17:55.948,42.3448023,-71.0825832,16.659
4558,1194852352,1769566676374,21:17:56.374,42.3448023,-71.0825832,16.659
4559,1195114496,1769566676724,21:17:56.724,42.3448023,-71.0825832,16.659
4560,1195376640,1769566677080,21:17:57.080,42.3448023,-71.0825832,16.659
4561,1195638784,1769566677432,21:17:57.432,42.3448023,-71.0825832,16.659
4562,1195900928,1769566677792,21:17:57.792,42.3448023,-71.0825832,16.659
4563,1196163072,1769566678111,21:17:58.111,42.3448023,-71.0825832,16.659
4564,1196425216,1769566678436,21:17:58.436,42.3448023,-71.0825832,16.659
4565,1196687360,1769566678785,21:17:58.785,42.3448023,-71.0825832,16.659
4566,1196949504,1769566679135,21:17:59.135,42.3448023,-71.0825832,16.659
4567,1197211648,1769566679487,21:17:59.487,42.3448023,-71.0825832,16.659
4568,1197473792,1769566679838,21:17:59.838,42.3448023,-71.0825832,16.659
4569,1197735936,1769566680188,21:18:00.188,42.3448023,-71.0825832,16.659
4570,1197998080,1769566680539,21:18:00.539,42.3448023,-71.0825832,16.659
4571,1198260224,1769566680889,21:18:00.889,42.3448023,-71.0825832,16.659
4572,1198522368,1769566681240,21:18:01.240,42.3448023,-71.0825832,16.659
4573,1198784512,1769566681592,21:18:01.592,42.3448023,-71.0825832,16.659
4574,1199046656,1769566681941,21:18:01.941,42.3448023,-71.0825832,16.659
4575,1199308800,1769566682292,21:18:02.292,42.3448023,-71.0825832,16.659
4576,1199570944,1769566682661,21:18:02.661,42.3448023,-71.0825832,16.659
4577,1199833088,1769566683029,21:18:03.029,42.3448023,-71.0825832,16.659
4578,1200095232,1769566683338,21:18:03.338,42.3448023,-71.0825832,16.659
4579,1200357376,1769566683688,21:18:03.688,42.3448023,-71.0825832,16.659
4580,1200619520,1769566684101,21:18:04.101,42.3448023,-71.0825832,16.659
4581,1200881664,1769566684644,21:18:04.644,42.3448023,-71.0825832,16.659
4582,1201143808,1769566685173,21:18:05.173,42.3448023,-71.0825832,16.659
4583,1201405952,1769566685830,21:18:05.830,42.3448023,-71.0825832,16.659
4584,1201668096,1769566686486,21:18:06.486,42.3448023,-71.0825832,16.659
4585,1201930240,1769566687313,21:18:07.313,42.3448023,-71.0825832,16.659
4586,1202192384,1769566687867,21:18:07.867,42.3448023,-71.0825832,16.659
4587,1202454528,1769566688248,21:18:08.248,42.3448023,-71.0825832,16.659
4588,1202716672,1769566688568,21:18:08.568,42.3448023,-71.0825832,16.659
4589,1202978816,1769566688943,21:18:08.943,42.3448023,-71.0825832,16.659
4590,1203240960,1769566689293,21:18:09.293,42.3448023,-71.0825832,16.659
4591,1203503104,1769566689697,21:18:09.697,42.3448023,-71.0825832,16.659
4592,1203765248,1769566690233,21:18:10.233,42.3448023,-71.0825832,16.659
4593,1204027392,1769566690630,21:18:10.630,42.3448023,-71.0825832,16.659
4594,1204289536,1769566691004,21:18:11.004,42.3448023,-71.0825832,16.659
4595,1204551680,1769566691357,21:18:11.357,42.3448023,-71.0825832,16.659
4596,1204813824,1769566691707,21:18:11.707,42.3448023,-71.0825832,16.659
4597,1205075968,1769566692059,21:18:12.059,42.3448023,-71.0825832,16.659
4598,1205338112,1769566692411,21:18:12.411,42.3448023,-71.0825832,16.659
4599,1205600256,1769566692772,21:18:12.772,42.3448023,-71.0825832,16.659
4600,1205862400,1769566693090,21:18:13.090,42.3448023,-71.0825832,16.659
4601,1206124544,1769566693422,21:18:13.422,42.3448023,-71.0825832,16.659
4602,1206386688,1769566693773,21:18:13.773,42.3448023,-71.0825832,16.659
4603,1206648832,1769566694123,21:18:14.123,42.3448023,-71.0825832,16.659
4604,1206910976,1769566694476,21:18:14.476,42.3448023,-71.0825832,16.659
4605,1207173120,1769566694838,21:18:14.838,42.3448023,-71.0825832,16.659
4606,1207435264,1769566697346,21:18:17.346,42.3448023,-71.0825832,16.659
4607,1207697408,1769566697615,21:18:17.615,42.3448023,-71.0825832,16.659
4608,1207959552,1769566697869,21:18:17.869,42.3448023,-71.0825832,16.659
4609,1208221696,1769566698118,21:18:18.118,42.3448023,-71.0825832,16.659
4610,1208483840,1769566698360,21:18:18.360,42.3448023,-71.0825832,16.659
4611,1208745984,1769566698622,21:18:18.622,42.3448023,-71.0825832,16.659
4612,1209008128,1769566698872,21:18:18.872,42.3448023,-71.0825832,16.659
4613,1209270272,1769566699147,21:18:19.147,42.3448023,-71.0825832,16.659
4614,1209532416,1769566699379,21:18:19.379,42.3448023,-71.0825832,16.659
4615,1209794560,1769566699638,21:18:19.638,42.3448023,-71.0825832,16.659
4616,1210056704,1769566699899,21:18:19.899,42.3448023,-71.0825832,16.659
4617,1210318848,1769566700149,21:18:20.149,42.3448023,-71.0825832,16.659
4618,1210580992,1769566700393,21:18:20.393,42.3448023,-71.0825832,16.659
4619,1210843136,1769566700650,21:18:20.650,42.3448023,-71.0825832,16.659
4620,1211105280,1769566700916,21:18:20.916,42.3448023,-71.0825832,16.659
4621,1211367424,1769566701176,21:18:21.176,42.3448023,-71.0825832,16.659
4622,1211629568,1769566701435,21:18:21.435,42.3448023,-71.0825832,16.659
4623,1211891712,1769566701703,21:18:21.703,42.3448023,-71.0825832,16.659
4624,1212153856,1769566702039,21:18:22.039,42.3448023,-71.0825832,16.659
4625,1212416000,1769566702404,21:18:22.404,42.3448023,-71.0825832,16.659
4626,1212678144,1769566702865,21:18:22.865,42.3448023,-71.0825832,16.659
4627,1212940288,1769566703363,21:18:23.363,42.3448023,-71.0825832,16.659
4628,1213202432,1769566703639,21:18:23.639,42.3448023,-71.0825832,16.659
4629,1213464576,1769566704072,21:18:24.072,42.3448023,-71.0825832,16.659
4630,1213726720,1769566704538,21:18:24.538,42.3448023,-71.0825832,16.659
4631,1213988864,1769566704801,21:18:24.801,42.3448023,-71.0825832,16.659
4632,1214251008,1769566705123,21:18:25.123,42.3448023,-71.0825832,16.659
4633,1214513152,1769566705488,21:18:25.488,42.3448023,-71.0825832,16.659
4634,1214775296,1769566705868,21:18:25.868,42.3448023,-71.0825832,16.659
4635,1215037440,1769566706254,21:18:26.254,42.3448023,-71.0825832,16.659
4636,1215299584,1769566706675,21:18:26.675,42.3448023,-71.0825832,16.659
4637,1215561728,1769566707104,21:18:27.104,42.3448023,-71.0825832,16.659
4638,1215823872,1769566707469,21:18:27.469,42.3448023,-71.0825832,16.659
4639,1216086016,1769566707863,21:18:27.863,42.3448023,-71.0825832,16.659
4640,1216348160,1769566708293,21:18:28.293,42.3448023,-71.0825832,16.659
4641,1216610304,1769566708701,21:18:28.701,42.3448023,-71.0825832,16.659
4642,1216872448,1769566709227,21:18:29.227,42.3448023,-71.0825832,16.659
4643,1217134592,1769566709688,21:18:29.688,42.3448023,-71.0825832,16.659
4644,1217396736,1769566710086,21:18:30.086,42.3448023,-71.0825832,16.659
4645,1217658880,1769566710466,21:18:30.466,42.3448023,-71.0825832,16.659
4646,1217921024,1769566710794,21:18:30.794,42.3448023,-71.0825832,16.659
4647,1218183168,1769566711198,21:18:31.198,42.3448023,-71.0825832,16.659
4648,1218445312,1769566711606,21:18:31.606,42.3448023,-71.0825832,16.659
4649,1218707456,1769566712079,21:18:32.079,42.3448023,-71.0825832,16.659
4650,1218969600,1769566712515,21:18:32.515,42.3448023,-71.0825832,16.659
4651,1219231744,1769566712908,21:18:32.908,42.3448023,-71.0825832,16.659
4652,1219493888,1769566713320,21:18:33.320,42.3448023,-71.0825832,16.659
4653,1219756032,1769566713756,21:18:33.756,42.3448023,-71.0825832,16.659
4654,1220018176,1769566714022,21:18:34.022,42.3448023,-71.0825832,16.659
4655,1220280320,1769566714376,21:18:34.376,42.3448023,-71.0825832,16.659
4656,1220542464,1769566714800,21:18:34.800,42.3448023,-71.0825832,16.659
4657,1220804608,1769566715073,21:18:35.073,42.3448023,-71.0825832,16.659
4658,1221066752,1769566715423,21:18:35.423,42.3448023,-71.0825832,16.659
4659,1221328896,1769566715775,21:18:35.775,42.3448023,-71.0825832,16.659
4660,1221591040,1769566716126,21:18:36.126,42.3448023,-71.0825832,16.659
4661,1221853184,1769566716478,21:18:36.478,42.3448023,-71.0825832,16.659
4662,1222115328,1769566716826,21:18:36.826,42.3448023,-71.0825832,16.659
4663,1222377472,1769566717182,21:18:37.182,42.3448023,-71.0825832,16.659
4664,1222639616,1769566717528,21:18:37.528,42.3448023,-71.0825832,16.659
4665,1222901760,1769566717877,21:18:37.877,42.3448023,-71.0825832,16.659
4666,1223163904,1769566718281,21:18:38.281,42.3448023,-71.0825832,16.659
4667,1223426048,1769566718744,21:18:38.744,42.3448023,-71.0825832,16.659
4668,1223688192,1769566719149,21:18:39.149,42.3448023,-71.0825832,16.659
4669,1223950336,1769566719499,21:18:39.499,42.3448023,-71.0825832,16.659
4670,1224212480,1769566719959,21:18:39.959,42.3448023,-71.0825832,16.659
4671,1224474624,1769566720361,21:18:40.361,42.3448023,-71.0825832,16.659
4672,1224736768,1769566720678,21:18:40.678,42.3448023,-71.0825832,16.659
4673,1224998912,1769566721143,21:18:41.143,42.3448023,-71.0825832,16.659
4674,1225261056,1769566721543,21:18:41.543,42.3448023,-71.0825832,16.659
4675,1225523200,1769566721958,21:18:41.958,42.3448023,-71.0825832,16.659
4676,1225785344,1769566722463,21:18:42.463,42.3448023,-71.0825832,16.659
4677,1226047488,1769566722848,21:18:42.848,42.3448023,-71.0825832,16.659
4678,1226309632,1769566723339,21:18:43.339,42.3448023,-71.0825832,16.659
4679,1226571776,1769566723743,21:18:43.743,42.3448023,-71.0825832,16.659
4680,1226833920,1769566724264,21:18:44.264,42.3448023,-71.0825832,16.659
4681,1227096064,1769566724708,21:18:44.708,42.3448023,-71.0825832,16.659
4682,1227358208,1769566725194,21:18:45.194,42.3448023,-71.0825832,16.659
4683,1227620352,1769566727762,21:18:47.762,42.3448023,-71.0825832,16.659
4684,1227882496,1769566728020,21:18:48.020,42.3448023,-71.0825832,16.659
4685,1228144640,1769566728269,21:18:48.269,42.3448023,-71.0825832,16.659
4686,1228406784,1769566728518,21:18:48.518,42.3448023,-71.0825832,16.659
4687,1228668928,1769566728773,21:18:48.773,42.3448023,-71.0825832,16.659
4688,1228931072,1769566729030,21:18:49.030,42.3448023,-71.0825832,16.659
4689,1229193216,1769566729282,21:18:49.282,42.3448023,-71.0825832,16.659
4690,1229455360,1769566729539,21:18:49.539,42.3448023,-71.0825832,16.659
4691,1229717504,1769566729806,21:18:49.806,42.3448023,-71.0825832,16.659
4692,1229979648,1769566730057,21:18:50.057,42.3448023,-71.0825832,16.659
4693,1230241792,1769566730301,21:18:50.301,42.3448023,-71.0825832,16.659
4694,1230503936,1769566730542,21:18:50.542,42.3448023,-71.0825832,16.659
4695,1230766080,1769566730793,21:18:50.793,42.3448023,-71.0825832,16.659
4696,1231028224,1769566731069,21:18:51.069,42.3448023,-71.0825832,16.659
4697,1231290368,1769566731330,21:18:51.330,42.3448023,-71.0825832,16.659
4698,1231552512,1769566731709,21:18:51.709,42.3448023,-71.0825832,16.659
4699,1231814656,1769566732084,21:18:52.084,42.3448023,-71.0825832,16.659
4700,1232076800,1769566732458,21:18:52.458,42.3448023,-71.0825832,16.659
4701,1232338944,1769566732816,21:18:52.816,42.3448023,-71.0825832,16.659
4702,1232601088,1769566733135,21:18:53.135,42.3448023,-71.0825832,16.659
4703,1232863232,1769566733479,21:18:53.479,42.3448023,-71.0825832,16.659
4704,1233125376,1769566733870,21:18:53.870,42.3448023,-71.0825832,16.659
4705,1233387520,1769566734175,21:18:54.175,42.3448023,-71.0825832,16.659
4706,1233649664,1769566734554,21:18:54.554,42.3448023,-71.0825832,16.659
4707,1233911808,1769566734933,21:18:54.933,42.3448023,-71.0825832,16.659
4708,1234173952,1769566735323,21:18:55.323,42.3448023,-71.0825832,16.659
4709,1234436096,1769566735719,21:18:55.719,42.3448023,-71.0825832,16.659
4710,1234698240,1769566736066,21:18:56.066,42.3448023,-71.0825832,16.659
4711,1234960384,1769566736499,21:18:56.499,42.3448023,-71.0825832,16.659
4712,1235222528,1769566736851,21:18:56.851,42.3448023,-71.0825832,16.659
4713,1235484672,1769566737202,21:18:57.202,42.3448023,-71.0825832,16.659
4714,1235746816,1769566737632,21:18:57.632,42.3448023,-71.0825832,16.659
4715,1236008960,1769566738079,21:18:58.079,42.3448023,-71.0825832,16.659
4716,1236271104,1769566738486,21:18:58.486,42.3448023,-71.0825832,16.659
4717,1236533248,1769566738833,21:18:58.833,42.3448023,-71.0825832,16.659
4718,1236795392,1769566739234,21:18:59.234,42.3448023,-71.0825832,16.659
4719,1237057536,1769566739602,21:18:59.602,42.3448023,-71.0825832,16.659
4720,1237319680,1769566739950,21:18:59.950,42.3448023,-71.0825832,16.659
4721,1237581824,1769566740388,21:19:00.388,42.3448023,-71.0825832,16.659
4722,1237843968,1769566740782,21:19:00.782,42.3448023,-71.0825832,16.659
4723,1238106112,1769566741141,21:19:01.141,42.3448023,-71.0825832,16.659
4724,1238368256,1769566741554,21:19:01.554,42.3448023,-71.0825832,16.659
4725,1238630400,1769566741966,21:19:01.966,42.3448023,-71.0825832,16.659
4726,1238892544,1769566742453,21:19:02.453,42.3448023,-71.0825832,16.659
4727,1239154688,1769566742920,21:19:02.920,42.3448023,-71.0825832,16.659
4728,1239416832,1769566743267,21:19:03.267,42.3448023,-71.0825832,16.659
4729,1239678976,1769566743637,21:19:03.637,42.3448023,-71.0825832,16.659
4730,1239941120,1769566743985,21:19:03.985,42.3448023,-71.0825832,16.659
4731,1240203264,1769566744375,21:19:04.375,42.3448023,-71.0825832,16.659
4732,1240465408,1769566744740,21:19:04.740,42.3448023,-71.0825832,16.659
4733,1240727552,1769566745094,21:19:05.094,42.3448023,-71.0825832,16.659
4734,1240989696,1769566745451,21:19:05.451,42.3448023,-71.0825832,16.659
4735,1241251840,1769566745800,21:19:05.800,42.3448023,-71.0825832,16.659
4736,1241513984,1769566746151,21:19:06.151,42.3448023,-71.0825832,16.659
4737,1241776128,1769566746573,21:19:06.573,42.3448023,-71.0825832,16.659
4738,1242038272,1769566746971,21:19:06.971,42.3448023,-71.0825832,16.659
4739,1242300416,1769566747363,21:19:07.363,42.3448023,-71.0825832,16.659
4740,1242562560,1769566747773,21:19:07.773,42.3448023,-71.0825832,16.659
4741,1242824704,1769566748167,21:19:08.167,42.3448023,-71.0825832,16.659
4742,1243086848,1769566748528,21:19:08.528,42.3448023,-71.0825832,16.659
4743,1243348992,1769566748926,21:19:08.926,42.3448023,-71.0825832,16.659
4744,1243611136,1769566749378,21:19:09.378,42.3448023,-71.0825832,16.659
4745,1243873280,1769566749732,21:19:09.732,42.3448023,-71.0825832,16.659
4746,1244135424,1769566750089,21:19:10.089,42.3448023,-71.0825832,16.659
4747,1244397568,1769566750476,21:19:10.476,42.3448023,-71.0825832,16.659
4748,1244659712,1769566750916,21:19:10.916,42.3448023,-71.0825832,16.659
4749,1244921856,1769566751203,21:19:11.203,42.3448023,-71.0825832,16.659
4750,1245184000,1769566751636,21:19:11.636,42.3448023,-71.0825832,16.659
4751,1245446144,1769566752028,21:19:12.028,42.3448023,-71.0825832,16.659
4752,1245708288,1769566752394,21:19:12.394,42.3448023,-71.0825832,16.659
4753,1245970432,1769566752760,21:19:12.760,42.3448023,-71.0825832,16.659
4754,1246232576,1769566753120,21:19:13.120,42.3448023,-71.0825832,16.659
4755,1246494720,1769566753502,21:19:13.502,42.3448023,-71.0825832,16.659
4756,1246756864,1769566753927,21:19:13.927,42.3448023,-71.0825832,16.659
4757,1247019008,1769566754303,21:19:14.303,42.3448023,-71.0825832,16.659
4758,1247281152,1769566754656,21:19:14.656,42.3448023,-71.0825832,16.659
4759,1247543296,1769566755024,21:19:15.024,42.3448023,-71.0825832,16.659
4760,1247805440,1769566755584,21:19:15.584,42.3448023,-71.0825832,16.659
4761,1248067584,1769566758613,21:19:18.613,42.3448023,-71.0825832,16.659
4762,1248329728,1769566758885,21:19:18.885,42.3448023,-71.0825832,16.659
4763,1248591872,1769566759141,21:19:19.141,42.3448023,-71.0825832,16.659
4764,1248854016,1769566759395,21:19:19.395,42.3448023,-71.0825832,16.659
4765,1249116160,1769566759642,21:19:19.642,42.3448023,-71.0825832,16.659
4766,1249378304,1769566759900,21:19:19.900,42.3448023,-71.0825832,16.659
4767,1249640448,1769566760142,21:19:20.142,42.3448023,-71.0825832,16.659
4768,1249902592,1769566760395,21:19:20.395,42.3448023,-71.0825832,16.659
4769,1250164736,1769566760666,21:19:20.666,42.3448023,-71.0825832,16.659
4770,1250426880,1769566760911,21:19:20.911,42.3448023,-71.0825832,16.659
4771,1250689024,1769566761159,21:19:21.159,42.3448023,-71.0825832,16.659
4772,1250951168,1769566761400,21:19:21.400,42.3448023,-71.0825832,16.659
4773,1251213312,1769566761651,21:19:21.651,42.3448023,-71.0825832,16.659
4774,1251475456,1769566761916,21:19:21.916,42.3448023,-71.0825832,16.659
4775,1251737600,1769566762194,21:19:22.194,42.3448023,-71.0825832,16.659
4776,1251999744,1769566762445,21:19:22.445,42.3448023,-71.0825832,16.659
4777,1252261888,1769566762687,21:19:22.687,42.3448023,-71.0825832,16.659
4778,1252524032,1769566762936,21:19:22.936,42.3448023,-71.0825832,16.659
4779,1252786176,1769566763216,21:19:23.216,42.3448023,-71.0825832,16.659
4780,1253048320,1769566763588,21:19:23.588,42.3448023,-71.0825832,16.659
4781,1253310464,1769566764041,21:19:24.041,42.3448023,-71.0825832,16.659
4782,1253572608,1769566764589,21:19:24.589,42.3448023,-71.0825832,16.659
4783,1253834752,1769566765035,21:19:25.035,42.3448023,-71.0825832,16.659
4784,1254096896,1769566765347,21:19:25.347,42.3448023,-71.0825832,16.659
4785,1254359040,1769566765699,21:19:25.699,42.3448023,-71.0825832,16.659
4786,1254621184,1769566766178,21:19:26.178,42.3448023,-71.0825832,16.659
4787,1254883328,1769566766619,21:19:26.619,42.3448023,-71.0825832,16.659
4788,1255145472,1769566767031,21:19:27.031,42.3448023,-71.0825832,16.659
4789,1255407616,1769566767418,21:19:27.418,42.3448023,-71.0825832,16.659
4790,1255669760,1769566767780,21:19:27.780,42.3448023,-71.0825832,16.659
4791,1255931904,1769566768105,21:19:28.105,42.3448023,-71.0825832,16.659
4792,1256194048,1769566768456,21:19:28.456,42.3448023,-71.0825832,16.659
4793,1256456192,1769566768833,21:19:28.833,42.3448023,-71.0825832,16.659
4794,1256718336,1769566769249,21:19:29.249,42.3448023,-71.0825832,16.659
4795,1256980480,1769566769706,21:19:29.706,42.3448023,-71.0825832,16.659
4796,1257242624,1769566770114,21:19:30.114,42.3448023,-71.0825832,16.659
4797,1257504768,1769566770543,21:19:30.543,42.3448023,-71.0825832,16.659
4798,1257766912,1769566770895,21:19:30.895,42.3448023,-71.0825832,16.659
4799,1258029056,1769566771265,21:19:31.265,42.3448023,-71.0825832,16.659
4800,1258291200,1769566771644,21:19:31.644,42.3448023,-71.0825832,16.659
4801,1258553344,1769566772024,21:19:32.024,42.3448023,-71.0825832,16.659
4802,1258815488,1769566772630,21:19:32.630,42.3448023,-71.0825832,16.659
4803,1259077632,1769566773087,21:19:33.087,42.3448023,-71.0825832,16.659
4804,1259339776,1769566773591,21:19:33.591,42.3448023,-71.0825832,16.659
4805,1259601920,1769566774164,21:19:34.164,42.3448023,-71.0825832,16.659
4806,1259864064,1769566774626,21:19:34.626,42.3448023,-71.0825832,16.659
4807,1260126208,1769566775236,21:19:35.236,42.3448023,-71.0825832,16.659
4808,1260388352,1769566775747,21:19:35.747,42.3448023,-71.0825832,16.659
4809,1260650496,1769566776270,21:19:36.270,42.3448023,-71.0825832,16.659
4810,1260912640,1769566776827,21:19:36.827,42.3448023,-71.0825832,16.659
4811,1261174784,1769566777432,21:19:37.432,42.3448023,-71.0825832,16.659
4812,1261436928,1769566777888,21:19:37.888,42.3448023,-71.0825832,16.659
4813,1261699072,1769566778247,21:19:38.247,42.3448023,-71.0825832,16.659
4814,1261961216,1769566778598,21:19:38.598,42.3448023,-71.0825832,16.659
4815,1262223360,1769566778949,21:19:38.949,42.3448023,-71.0825832,16.659
4816,1262485504,1769566779314,21:19:39.314,42.3448023,-71.0825832,16.659
4817,1262747648,1769566779671,21:19:39.671,42.3448023,-71.0825832,16.659
4818,1263009792,1769566780020,21:19:40.020,42.3448023,-71.0825832,16.659
4819,1263271936,1769566780373,21:19:40.373,42.3448023,-71.0825832,16.659
4820,1263534080,1769566780803,21:19:40.803,42.3448023,-71.0825832,16.659
4821,1263796224,1769566781258,21:19:41.258,42.3448023,-71.0825832,16.659
4822,1264058368,1769566781706,21:19:41.706,42.3448023,-71.0825832,16.659
4823,1264320512,1769566782088,21:19:42.088,42.3448023,-71.0825832,16.659
4824,1264582656,1769566782473,21:19:42.473,42.3448023,-71.0825832,16.659
4825,1264844800,1769566782914,21:19:42.914,42.3448023,-71.0825832,16.659
4826,1265106944,1769566783270,21:19:43.270,42.3448023,-71.0825832,16.659
4827,1265369088,1769566783614,21:19:43.614,42.3448023,-71.0825832,16.659
4828,1265631232,1769566783963,21:19:43.963,42.3448023,-71.0825832,16.659
4829,1265893376,1769566784381,21:19:44.381,42.3448023,-71.0825832,16.659
4830,1266155520,1769566784839,21:19:44.839,42.3448023,-71.0825832,16.659
4831,1266417664,1769566785114,21:19:45.114,42.3448023,-71.0825832,16.659
4832,1266679808,1769566785439,21:19:45.439,42.3448023,-71.0825832,16.659
4833,1266941952,1769566785789,21:19:45.789,42.3448023,-71.0825832,16.659
4834,1267204096,1769566789033,21:19:49.033,42.3448023,-71.0825832,16.659
4835,1267466240,1769566789305,21:19:49.305,42.3448023,-71.0825832,16.659
4836,1267728384,1769566789552,21:19:49.552,42.3448023,-71.0825832,16.659
4837,1267990528,1769566789825,21:19:49.825,42.3448023,-71.0825832,16.659
4838,1268252672,1769566790072,21:19:50.072,42.3448023,-71.0825832,16.659
4839,1268514816,1769566790336,21:19:50.336,42.3448023,-71.0825832,16.659
4840,1268776960,1769566790596,21:19:50.596,42.3448023,-71.0825832,16.659
4841,1269039104,1769566790860,21:19:50.860,42.3448023,-71.0825832,16.659
4842,1269301248,1769566791121,21:19:51.121,42.3448023,-71.0825832,16.659
4843,1269563392,1769566791375,21:19:51.375,42.3448023,-71.0825832,16.659
4844,1269825536,1769566791636,21:19:51.636,42.3448023,-71.0825832,16.659
4845,1270087680,1769566791892,21:19:51.892,42.3448023,-71.0825832,16.659
4846,1270349824,1769566792155,21:19:52.155,42.3448023,-71.0825832,16.659
4847,1270611968,1769566792566,21:19:52.566,42.3448023,-71.0825832,16.659
4848,1270874112,1769566792955,21:19:52.955,42.3448023,-71.0825832,16.659
4849,1271136256,1769566793304,21:19:53.304,42.3448023,-71.0825832,16.659
4850,1271398400,1769566793660,21:19:53.660,42.3448023,-71.0825832,16.659
4851,1271660544,1769566794007,21:19:54.007,42.3448023,-71.0825832,16.659
4852,1271922688,1769566794357,21:19:54.357,42.3448023,-71.0825832,16.659
4853,1272184832,1769566794709,21:19:54.709,42.3448023,-71.0825832,16.659
4854,1272446976,1769566795061,21:19:55.061,42.3448023,-71.0825832,16.659
4855,1272709120,1769566795414,21:19:55.414,42.3448023,-71.0825832,16.659
4856,1272971264,1769566795766,21:19:55.766,42.3448023,-71.0825832,16.659
4857,1273233408,1769566796117,21:19:56.117,42.3448023,-71.0825832,16.659
4858,1273495552,1769566796467,21:19:56.467,42.3448023,-71.0825832,16.659
4859,1273757696,1769566796820,21:19:56.820,42.3448023,-71.0825832,16.659
4860,1274019840,1769566797223,21:19:57.223,42.3448023,-71.0825832,16.659
4861,1274281984,1769566797635,21:19:57.635,42.3448023,-71.0825832,16.659
4862,1274544128,1769566798022,21:19:58.022,42.3448023,-71.0825832,16.659
4863,1274806272,1769566798347,21:19:58.347,42.3448023,-71.0825832,16.659
4864,1275068416,1769566798700,21:19:58.700,42.3448023,-71.0825832,16.659
4865,1275330560,1769566799049,21:19:59.049,42.3448023,-71.0825832,16.659
4866,1275592704,1769566799399,21:19:59.399,42.3448023,-71.0825832,16.659
4867,1275854848,1769566799757,21:19:59.757,42.3448023,-71.0825832,16.659
4868,1276116992,1769566800104,21:20:00.104,42.3448023,-71.0825832,16.659
4869,1276379136,1769566800489,21:20:00.489,42.3448023,-71.0825832,16.659
4870,1276641280,1769566800803,21:20:00.803,42.3448023,-71.0825832,16.659
4871,1276903424,1769566801154,21:20:01.154,42.3448023,-71.0825832,16.659
4872,1277165568,1769566801503,21:20:01.503,42.3448023,-71.0825832,16.659
4873,1277427712,1769566801855,21:20:01.855,42.3448023,-71.0825832,16.659
4874,1277689856,1769566802206,21:20:02.206,42.3448023,-71.0825832,16.659
4875,1277952000,1769566802620,21:20:02.620,42.3448023,-71.0825832,16.659
4876,1278214144,1769566803006,21:20:03.006,42.3448023,-71.0825832,16.659
4877,1278476288,1769566803355,21:20:03.355,42.3448023,-71.0825832,16.659
4878,1278738432,1769566803706,21:20:03.706,42.3448023,-71.0825832,16.659
4879,1279000576,1769566804055,21:20:04.055,42.3448023,-71.0825832,16.659
4880,1279262720,1769566804440,21:20:04.440,42.3448023,-71.0825832,16.659
4881,1279524864,1769566804832,21:20:04.832,42.3448023,-71.0825832,16.659
4882,1279787008,1769566805253,21:20:05.253,42.3448023,-71.0825832,16.659
4883,1280049152,1769566805678,21:20:05.678,42.3448023,-71.0825832,16.659
4884,1280311296,1769566806135,21:20:06.135,42.3448023,-71.0825832,16.659
4885,1280573440,1769566806651,21:20:06.651,42.3448023,-71.0825832,16.659
4886,1280835584,1769566807108,21:20:07.108,42.3448023,-71.0825832,16.659
4887,1281097728,1769566807588,21:20:07.588,42.3448023,-71.0825832,16.659
4888,1281359872,1769566808363,21:20:08.363,42.3448023,-71.0825832,16.659
4889,1281622016,1769566808914,21:20:08.914,42.3448023,-71.0825832,16.659
4890,1281884160,1769566809472,21:20:09.472,42.3448023,-71.0825832,16.659
4891,1282146304,1769566810013,21:20:10.013,42.3448023,-71.0825832,16.659
4892,1282408448,1769566810554,21:20:10.554,42.3448023,-71.0825832,16.659
4893,1282670592,1769566811034,21:20:11.034,42.3448023,-71.0825832,16.659
4894,1282932736,1769566811567,21:20:11.567,42.3448023,-71.0825832,16.659
4895,1283194880,1769566812260,21:20:12.260,42.3448023,-71.0825832,16.659
4896,1283457024,1769566812807,21:20:12.807,42.3448023,-71.0825832,16.659
4897,1283719168,1769566813295,21:20:13.295,42.3448023,-71.0825832,16.659
4898,1283981312,1769566813645,21:20:13.645,42.3448023,-71.0825832,16.659
4899,1284243456,1769566814089,21:20:14.089,42.3448023,-71.0825832,16.659
4900,1284505600,1769566814459,21:20:14.459,42.3448023,-71.0825832,16.659
4901,1284767744,1769566814813,21:20:14.813,42.3448023,-71.0825832,16.659
4902,1285029888,1769566815163,21:20:15.163,42.3448023,-71.0825832,16.659
4903,1285292032,1769566815545,21:20:15.545,42.3448023,-71.0825832,16.659
4904,1285554176,1769566815894,21:20:15.894,42.3448023,-71.0825832,16.659
4905,1285816320,1769566816246,21:20:16.246,42.3448023,-71.0825832,16.659
4906,1286078464,1769566819856,21:20:19.856,42.3448023,-71.0825832,16.659
4907,1286340608,1769566820113,21:20:20.113,42.3448023,-71.0825832,16.659
4908,1286602752,1769566820358,21:20:20.358,42.3448023,-71.0825832,16.659
4909,1286864896,1769566820634,21:20:20.634,42.3448023,-71.0825832,16.659
4910,1287127040,1769566820901,21:20:20.901,42.3448023,-71.0825832,16.659
4911,1287389184,1769566821126,21:20:21.126,42.3448023,-71.0825832,16.659
4912,1287651328,1769566821380,21:20:21.380,42.3448023,-71.0825832,16.659
4913,1287913472,1769566821643,21:20:21.643,42.3448023,-71.0825832,16.659
4914,1288175616,1769566821892,21:20:21.892,42.3448023,-71.0825832,16.659
4915,1288437760,1769566822127,21:20:22.127,42.3448023,-71.0825832,16.659
4916,1288699904,1769566822391,21:20:22.391,42.3448023,-71.0825832,16.659
4917,1288962048,1769566822647,21:20:22.647,42.3448023,-71.0825832,16.659
4918,1289224192,1769566822911,21:20:22.911,42.3448023,-71.0825832,16.659
4919,1289486336,1769566823144,21:20:23.144,42.3448023,-71.0825832,16.659
4920,1289748480,1769566823389,21:20:23.389,42.3448023,-71.0825832,16.659
4921,1290010624,1769566823648,21:20:23.648,42.3448023,-71.0825832,16.659
4922,1290272768,1769566823923,21:20:23.923,42.3448023,-71.0825832,16.659
4923,1290534912,1769566824169,21:20:24.169,42.3448023,-71.0825832,16.659
4924,1290797056,1769566824413,21:20:24.413,42.3448023,-71.0825832,16.659
4925,1291059200,1769566824658,21:20:24.658,42.3448023,-71.0825832,16.659
4926,1291321344,1769566824926,21:20:24.926,42.3448023,-71.0825832,16.659
4927,1291583488,1769566825262,21:20:25.262,42.3448023,-71.0825832,16.659
4928,1291845632,1769566825612,21:20:25.612,42.3448023,-71.0825832,16.659
4929,1292107776,1769566825966,21:20:25.966,42.3448023,-71.0825832,16.659
4930,1292369920,1769566826423,21:20:26.423,42.3448023,-71.0825832,16.659
4931,1292632064,1769566826809,21:20:26.809,42.3448023,-71.0825832,16.659
4932,1292894208,1769566827206,21:20:27.206,42.3448023,-71.0825832,16.659
4933,1293156352,1769566827562,21:20:27.562,42.3448023,-71.0825832,16.659
4934,1293418496,1769566827969,21:20:27.969,42.3448023,-71.0825832,16.659
4935,1293680640,1769566828404,21:20:28.404,42.3448023,-71.0825832,16.659
4936,1293942784,1769566828788,21:20:28.788,42.3448023,-71.0825832,16.659
4937,1294204928,1769566829259,21:20:29.259,42.3448023,-71.0825832,16.659
4938,1294467072,1769566829659,21:20:29.659,42.3448023,-71.0825832,16.659
4939,1294729216,1769566830075,21:20:30.075,42.3448023,-71.0825832,16.659
4940,1294991360,1769566830522,21:20:30.522,42.3448023,-71.0825832,16.659
4941,1295253504,1769566830985,21:20:30.985,42.3448023,-71.0825832,16.659
4942,1295515648,1769566831447,21:20:31.447,42.3448023,-71.0825832,16.659
4943,1295777792,1769566831914,21:20:31.914,42.3448023,-71.0825832,16.659
4944,1296039936,1769566832464,21:20:32.464,42.3448023,-71.0825832,16.659
4945,1296302080,1769566832944,21:20:32.944,42.3448023,-71.0825832,16.659
4946,1296564224,1769566833449,21:20:33.449,42.3448023,-71.0825832,16.659
4947,1296826368,1769566833868,21:20:33.868,42.3448023,-71.0825832,16.659
4948,1297088512,1769566834396,21:20:34.396,42.3448023,-71.0825832,16.659
4949,1297350656,1769566834847,21:20:34.847,42.3448023,-71.0825832,16.659
4950,1297612800,1769566835223,21:20:35.223,42.3448023,-71.0825832,16.659
4951,1297874944,1769566835574,21:20:35.574,42.3448023,-71.0825832,16.659
4952,1298137088,1769566836005,21:20:36.005,42.3448023,-71.0825832,16.659
4953,1298399232,1769566836381,21:20:36.381,42.3448023,-71.0825832,16.659
4954,1298661376,1769566836770,21:20:36.770,42.3448023,-71.0825832,16.659
4955,1298923520,1769566837268,21:20:37.268,42.3448023,-71.0825832,16.659
4956,1299185664,1769566837778,21:20:37.778,42.3448023,-71.0825832,16.659
4957,1299447808,1769566838319,21:20:38.319,42.3448023,-71.0825832,16.659
4958,1299709952,1769566838709,21:20:38.709,42.3448023,-71.0825832,16.659
4959,1299972096,1769566839095,21:20:39.095,42.3448023,-71.0825832,16.659
4960,1300234240,1769566839477,21:20:39.477,42.3448023,-71.0825832,16.659
4961,1300496384,1769566839827,21:20:39.827,42.3448023,-71.0825832,16.659
4962,1300758528,1769566840177,21:20:40.177,42.3448023,-71.0825832,16.659
4963,1301020672,1769566840527,21:20:40.527,42.3448023,-71.0825832,16.659
4964,1301282816,1769566840888,21:20:40.888,42.3448023,-71.0825832,16.659
4965,1301544960,1769566841227,21:20:41.227,42.3448023,-71.0825832,16.659
4966,1301807104,1769566841578,21:20:41.578,42.3448023,-71.0825832,16.659
4967,1302069248,1769566842050,21:20:42.050,42.3448023,-71.0825832,16.659
4968,1302331392,1769566842467,21:20:42.467,42.3448023,-71.0825832,16.659
4969,1302593536,1769566842856,21:20:42.856,42.3448023,-71.0825832,16.659
4970,1302855680,1769566843189,21:20:43.189,42.3448023,-71.0825832,16.659
4971,1303117824,1769566843684,21:20:43.684,42.3448023,-71.0825832,16.659
4972,1303379968,1769566844173,21:20:44.173,42.3448023,-71.0825832,16.659
4973,1303642112,1769566844595,21:20:44.595,42.3448023,-71.0825832,16.659
4974,1303904256,1769566845060,21:20:45.060,42.3448023,-71.0825832,16.659
4975,1304166400,1769566845435,21:20:45.435,42.3448023,-71.0825832,16.659
4976,1304428544,1769566845766,21:20:45.766,42.3448023,-71.0825832,16.659
4977,1304690688,1769566846147,21:20:46.147,42.3448023,-71.0825832,16.659
4978,1304952832,1769566846462,21:20:46.462,42.3448023,-71.0825832,16.659
4979,1305214976,1769566846815,21:20:46.815,42.3448023,-71.0825832,16.659
4980,1305477120,1769566850586,21:20:50.586,42.3448023,-71.0825832,16.659
4981,1305739264,1769566850841,21:20:50.841,42.3448023,-71.0825832,16.659
4982,1306001408,1769566851075,21:20:51.075,42.3448023,-71.0825832,16.659
4983,1306263552,1769566851324,21:20:51.324,42.3448023,-71.0825832,16.659
4984,1306525696,1769566851579,21:20:51.579,42.3448023,-71.0825832,16.659
4985,1306787840,1769566851835,21:20:51.835,42.3448023,-71.0825832,16.659
4986,1307049984,1769566852080,21:20:52.080,42.3448023,-71.0825832,16.659
4987,1307312128,1769566852337,21:20:52.337,42.3448023,-71.0825832,16.659
4988,1307574272,1769566852577,21:20:52.577,42.3448023,-71.0825832,16.659
4989,1307836416,1769566852841,21:20:52.841,42.3448023,-71.0825832,16.659
4990,1308098560,1769566853083,21:20:53.083,42.3448023,-71.0825832,16.659
4991,1308360704,1769566853338,21:20:53.338,42.3448023,-71.0825832,16.659
4992,1308622848,1769566853583,21:20:53.583,42.3448023,-71.0825832,16.659
4993,1308884992,1769566853827,21:20:53.827,42.3448023,-71.0825832,16.659
4994,1309147136,1769566854073,21:20:54.073,42.3448023,-71.0825832,16.659
4995,1309409280,1769566854306,21:20:54.306,42.3448023,-71.0825832,16.659
4996,1309671424,1769566854543,21:20:54.543,42.3448023,-71.0825832,16.659
4997,1309933568,1769566854797,21:20:54.797,42.3448023,-71.0825832,16.659
4998,1310195712,1769566855048,21:20:55.048,42.3448023,-71.0825832,16.659
4999,1310457856,1769566855291,21:20:55.291,42.3448023,-71.0825832,16.659
5000,1310720000,1769566855549,21:20:55.549,42.3448023,-71.0825832,16.659
5001,1310982144,1769566855808,21:20:55.808,42.3448023,-71.0825832,16.659
5002,1311244288,1769566856049,21:20:56.049,42.3448023,-71.0825832,16.659
5003,1311506432,1769566856307,21:20:56.307,42.3448023,-71.0825832,16.659
5004,1311768576,1769566856559,21:20:56.559,42.3448023,-71.0825832,16.659
5005,1312030720,1769566856811,21:20:56.811,42.3448023,-71.0825832,16.659
5006,1312292864,1769566857175,21:20:57.175,42.3448023,-71.0825832,16.659
5007,1312555008,1769566857528,21:20:57.528,42.3448023,-71.0825832,16.659
5008,1312817152,1769566857885,21:20:57.885,42.3448023,-71.0825832,16.659
5009,1313079296,1769566858301,21:20:58.301,42.3448023,-71.0825832,16.659
5010,1313341440,1769566858703,21:20:58.703,42.3448023,-71.0825832,16.659
5011,1313603584,1769566859079,21:20:59.079,42.3448023,-71.0825832,16.659
5012,1313865728,1769566859482,21:20:59.482,42.3448023,-71.0825832,16.659
5013,1314127872,1769566859875,21:20:59.875,42.3448023,-71.0825832,16.659
5014,1314390016,1769566860393,21:21:00.393,42.3448023,-71.0825832,16.659
5015,1314652160,1769566860808,21:21:00.808,42.3448023,-71.0825832,16.659
5016,1314914304,1769566861241,21:21:01.241,42.3448023,-71.0825832,16.659
5017,1315176448,1769566861640,21:21:01.640,42.3448023,-71.0825832,16.659
5018,1315438592,1769566862187,21:21:02.187,42.3448023,-71.0825832,16.659
5019,1315700736,1769566862625,21:21:02.625,42.3448023,-71.0825832,16.659
5020,1315962880,1769566863013,21:21:03.013,42.3448023,-71.0825832,16.659
5021,1316225024,1769566863572,21:21:03.572,42.3448023,-71.0825832,16.659
5022,1316487168,1769566864127,21:21:04.127,42.3448023,-71.0825832,16.659
5023,1316749312,1769566864728,21:21:04.728,42.3448023,-71.0825832,16.659
5024,1317011456,1769566865159,21:21:05.159,42.3448023,-71.0825832,16.659
5025,1317273600,1769566865770,21:21:05.770,42.3448023,-71.0825832,16.659
5026,1317535744,1769566866302,21:21:06.302,42.3448023,-71.0825832,16.659
5027,1317797888,1769566866681,21:21:06.681,42.3448023,-71.0825832,16.659
5028,1318060032,1769566867032,21:21:07.032,42.3448023,-71.0825832,16.659
5029,1318322176,1769566867381,21:21:07.381,42.3448023,-71.0825832,16.659
5030,1318584320,1769566867893,21:21:07.893,42.3448023,-71.0825832,16.659
5031,1318846464,1769566868490,21:21:08.490,42.3448023,-71.0825832,16.659
5032,1319108608,1769566868885,21:21:08.885,42.3448023,-71.0825832,16.659
5033,1319370752,1769566869235,21:21:09.235,42.3448023,-71.0825832,16.659
5034,1319632896,1769566869721,21:21:09.721,42.3448023,-71.0825832,16.659
5035,1319895040,1769566870158,21:21:10.158,42.3448023,-71.0825832,16.659
5036,1320157184,1769566870528,21:21:10.528,42.3448023,-71.0825832,16.659
5037,1320419328,1769566870861,21:21:10.861,42.3448023,-71.0825832,16.659
5038,1320681472,1769566871212,21:21:11.212,42.3448023,-71.0825832,16.659
5039,1320943616,1769566871608,21:21:11.608,42.3448023,-71.0825832,16.659
5040,1321205760,1769566871969,21:21:11.969,42.3448023,-71.0825832,16.659
5041,1321467904,1769566872340,21:21:12.340,42.3448023,-71.0825832,16.659
5042,1321730048,1769566872754,21:21:12.754,42.3448023,-71.0825832,16.659
5043,1321992192,1769566873122,21:21:13.122,42.3448023,-71.0825832,16.659
5044,1322254336,1769566873522,21:21:13.522,42.3448023,-71.0825832,16.659
5045,1322516480,1769566873825,21:21:13.825,42.3448023,-71.0825832,16.659
5046,1322778624,1769566874173,21:21:14.173,42.3448023,-71.0825832,16.659
5047,1323040768,1769566874524,21:21:14.524,42.3448023,-71.0825832,16.659
5048,1323302912,1769566874876,21:21:14.876,42.3448023,-71.0825832,16.659
5049,1323565056,1769566875226,21:21:15.226,42.3448023,-71.0825832,16.659
5050,1323827200,1769566875575,21:21:15.575,42.3448023,-71.0825832,16.659
5051,1324089344,1769566875984,21:21:15.984,42.3448023,-71.0825832,16.659
5052,1324351488,1769566876375,21:21:16.375,42.3448023,-71.0825832,16.659
5053,1324613632,1769566876689,21:21:16.689,42.3448023,-71.0825832,16.659
5054,1324875776,1769566877053,21:21:17.053,42.3448023,-71.0825832,16.659
5055,1325137920,1769566881281,21:21:21.281,42.3448023,-71.0825832,16.659
5056,1325400064,1769566881541,21:21:21.541,42.3448023,-71.0825832,16.659
5057,1325662208,1769566881792,21:21:21.792,42.3448023,-71.0825832,16.659
5058,1325924352,1769566882040,21:21:22.040,42.3448023,-71.0825832,16.659
5059,1326186496,1769566882297,21:21:22.297,42.3448023,-71.0825832,16.659
5060,1326448640,1769566882574,21:21:22.574,42.3448023,-71.0825832,16.659
5061,1326710784,1769566882820,21:21:22.820,42.3448023,-71.0825832,16.659
5062,1326972928,1769566883085,21:21:23.085,42.3448023,-71.0825832,16.659
5063,1327235072,1769566883341,21:21:23.341,42.3448023,-71.0825832,16.659
5064,1327497216,1769566883600,21:21:23.600,42.3448023,-71.0825832,16.659
5065,1327759360,1769566883842,21:21:23.842,42.3448023,-71.0825832,16.659
5066,1328021504,1769566884092,21:21:24.092,42.3448023,-71.0825832,16.659
5067,1328283648,1769566884341,21:21:24.341,42.3448023,-71.0825832,16.659
5068,1328545792,1769566884593,21:21:24.593,42.3448023,-71.0825832,16.659
5069,1328807936,1769566884865,21:21:24.865,42.3448023,-71.0825832,16.659
5070,1329070080,1769566885126,21:21:25.126,42.3448023,-71.0825832,16.659
5071,1329332224,1769566885628,21:21:25.628,42.3448023,-71.0825832,16.659
5072,1329594368,1769566886389,21:21:26.389,42.3448023,-71.0825832,16.659
5073,1329856512,1769566887241,21:21:27.241,42.3448023,-71.0825832,16.659
5074,1330118656,1769566887910,21:21:27.910,42.3448023,-71.0825832,16.659
5075,1330380800,1769566888508,21:21:28.508,42.3448023,-71.0825832,16.659
5076,1330642944,1769566888891,21:21:28.891,42.3448023,-71.0825832,16.659
5077,1330905088,1769566889281,21:21:29.281,42.3448023,-71.0825832,16.659
5078,1331167232,1769566889696,21:21:29.696,42.3448023,-71.0825832,16.659
5079,1331429376,1769566890224,21:21:30.224,42.3448023,-71.0825832,16.659
5080,1331691520,1769566890749,21:21:30.749,42.3448023,-71.0825832,16.659
5081,1331953664,1769566891179,21:21:31.179,42.3448023,-71.0825832,16.659
5082,1332215808,1769566891635,21:21:31.635,42.3448023,-71.0825832,16.659
5083,1332477952,1769566892158,21:21:32.158,42.3448023,-71.0825832,16.659
5084,1332740096,1769566892584,21:21:32.584,42.3448023,-71.0825832,16.659
5085,1333002240,1769566893090,21:21:33.090,42.3448023,-71.0825832,16.659
5086,1333264384,1769566893653,21:21:33.653,42.3448023,-71.0825832,16.659
5087,1333526528,1769566894231,21:21:34.231,42.3448023,-71.0825832,16.659
5088,1333788672,1769566894634,21:21:34.634,42.3448023,-71.0825832,16.659
5089,1334050816,1769566895015,21:21:35.015,42.3448023,-71.0825832,16.659
5090,1334312960,1769566895441,21:21:35.441,42.3448023,-71.0825832,16.659
5091,1334575104,1769566895897,21:21:35.897,42.3448023,-71.0825832,16.659
5092,1334837248,1769566896422,21:21:36.422,42.3448023,-71.0825832,16.659
5093,1335099392,1769566896891,21:21:36.891,42.3448023,-71.0825832,16.659
5094,1335361536,1769566897370,21:21:37.370,42.3448023,-71.0825832,16.659
5095,1335623680,1769566897853,21:21:37.853,42.3448023,-71.0825832,16.659
5096,1335885824,1769566898411,21:21:38.411,42.3448023,-71.0825832,16.659
5097,1336147968,1769566898857,21:21:38.857,42.3448023,-71.0825832,16.659
5098,1336410112,1769566899413,21:21:39.413,42.3448023,-71.0825832,16.659
5099,1336672256,1769566899877,21:21:39.877,42.3448023,-71.0825832,16.659
5100,1336934400,1769566900439,21:21:40.439,42.3448023,-71.0825832,16.659
5101,1337196544,1769566900967,21:21:40.967,42.3448023,-71.0825832,16.659
5102,1337458688,1769566901491,21:21:41.491,42.3448023,-71.0825832,16.659
5103,1337720832,1769566901901,21:21:41.901,42.3448023,-71.0825832,16.659
5104,1337982976,1769566902388,21:21:42.388,42.3448023,-71.0825832,16.659
5105,1338245120,1769566902851,21:21:42.851,42.3448023,-71.0825832,16.659
5106,1338507264,1769566903351,21:21:43.351,42.3448023,-71.0825832,16.659
5107,1338769408,1769566903789,21:21:43.789,42.3448023,-71.0825832,16.659
5108,1339031552,1769566904369,21:21:44.369,42.3448023,-71.0825832,16.659
5109,1339293696,1769566904903,21:21:44.903,42.3448023,-71.0825832,16.659
5110,1339555840,1769566905254,21:21:45.254,42.3448023,-71.0825832,16.659
5111,1339817984,1769566905603,21:21:45.603,42.3448023,-71.0825832,16.659
5112,1340080128,1769566906189,21:21:46.189,42.3448023,-71.0825832,16.659
5113,1340342272,1769566906657,21:21:46.657,42.3448023,-71.0825832,16.659
5114,1340604416,1769566907118,21:21:47.118,42.3448023,-71.0825832,16.659
5115,1340866560,1769566911436,21:21:51.436,42.3448023,-71.0825832,16.659
5116,1341128704,1769566911699,21:21:51.699,42.3448023,-71.0825832,16.659
5117,1341390848,1769566911966,21:21:51.966,42.3448023,-71.0825832,16.659
5118,1341652992,1769566912212,21:21:52.212,42.3448023,-71.0825832,16.659
5119,1341915136,1769566912471,21:21:52.471,42.3448023,-71.0825832,16.659
5120,1342177280,1769566912725,21:21:52.725,42.3448023,-71.0825832,16.659
5121,1342439424,1769566912970,21:21:52.970,42.3448023,-71.0825832,16.659
5122,1342701568,1769566913231,21:21:53.231,42.3448023,-71.0825832,16.659
5123,1342963712,1769566913501,21:21:53.501,42.3448023,-71.0825832,16.659
5124,1343225856,1769566913753,21:21:53.753,42.3448023,-71.0825832,16.659
5125,1343488000,1769566914011,21:21:54.011,42.3448023,-71.0825832,16.659
5126,1343750144,1769566914258,21:21:54.258,42.3448023,-71.0825832,16.659
5127,1344012288,1769566914500,21:21:54.500,42.3448023,-71.0825832,16.659
5128,1344274432,1769566914759,21:21:54.759,42.3448023,-71.0825832,16.659
5129,1344536576,1769566915018,21:21:55.018,42.3448023,-71.0825832,16.659
5130,1344798720,1769566915277,21:21:55.277,42.3448023,-71.0825832,16.659
5131,1345060864,1769566915521,21:21:55.521,42.3448023,-71.0825832,16.659
5132,1345323008,1769566915791,21:21:55.791,42.3448023,-71.0825832,16.659
5133,1345585152,1769566916061,21:21:56.061,42.3448023,-71.0825832,16.659
5134,1345847296,1769566916308,21:21:56.308,42.3448023,-71.0825832,16.659
5135,1346109440,1769566916678,21:21:56.678,42.3448023,-71.0825832,16.659
5136,1346371584,1769566917094,21:21:57.094,42.3448023,-71.0825832,16.659
5137,1346633728,1769566917634,21:21:57.634,42.3448023,-71.0825832,16.659
5138,1346895872,1769566918107,21:21:58.107,42.3448023,-71.0825832,16.659
5139,1347158016,1769566918636,21:21:58.636,42.3448023,-71.0825832,16.659
5140,1347420160,1769566919160,21:21:59.160,42.3448023,-71.0825832,16.659
5141,1347682304,1769566919681,21:21:59.681,42.3448023,-71.0825832,16.659
5142,1347944448,1769566920229,21:22:00.229,42.3448023,-71.0825832,16.659
5143,1348206592,1769566920766,21:22:00.766,42.3448023,-71.0825832,16.659
5144,1348468736,1769566921180,21:22:01.180,42.3448023,-71.0825832,16.659
5145,1348730880,1769566921530,21:22:01.530,42.3448023,-71.0825832,16.659
5146,1348993024,1769566921906,21:22:01.906,42.3448023,-71.0825832,16.659
5147,1349255168,1769566922548,21:22:02.548,42.3448023,-71.0825832,16.659
5148,1349517312,1769566923002,21:22:03.002,42.3448023,-71.0825832,16.659
5149,1349779456,1769566923335,21:22:03.335,42.3448023,-71.0825832,16.659
5150,1350041600,1769566923707,21:22:03.707,42.3448023,-71.0825832,16.659
5151,1350303744,1769566924061,21:22:04.061,42.3448023,-71.0825832,16.659
5152,1350565888,1769566924411,21:22:04.411,42.3448023,-71.0825832,16.659
5153,1350828032,1769566924858,21:22:04.858,42.3448023,-71.0825832,16.659
5154,1351090176,1769566925351,21:22:05.351,42.3448023,-71.0825832,16.659
5155,1351352320,1769566925848,21:22:05.848,42.3448023,-71.0825832,16.659
5156,1351614464,1769566926211,21:22:06.211,42.3448023,-71.0825832,16.659
5157,1351876608,1769566926732,21:22:06.732,42.3448023,-71.0825832,16.659
5158,1352138752,1769566927149,21:22:07.149,42.3448023,-71.0825832,16.659
5159,1352400896,1769566927741,21:22:07.741,42.3448023,-71.0825832,16.659
5160,1352663040,1769566928273,21:22:08.273,42.3448023,-71.0825832,16.659
5161,1352925184,1769566928812,21:22:08.812,42.3448023,-71.0825832,16.659
5162,1353187328,1769566929279,21:22:09.279,42.3448023,-71.0825832,16.659
5163,1353449472,1769566929742,21:22:09.742,42.3448023,-71.0825832,16.659
5164,1353711616,1769566930612,21:22:10.612,42.3448023,-71.0825832,16.659
5165,1353973760,1769566931121,21:22:11.121,42.3448023,-71.0825832,16.659
5166,1354235904,1769566931403,21:22:11.403,42.3448023,-71.0825832,16.659
5167,1354498048,1769566931912,21:22:11.912,42.3448023,-71.0825832,16.659
5168,1354760192,1769566932407,21:22:12.407,42.3448023,-71.0825832,16.659
5169,1355022336,1769566932964,21:22:12.964,42.3448023,-71.0825832,16.659
5170,1355284480,1769566933469,21:22:13.469,42.3448023,-71.0825832,16.659
5171,1355546624,1769566933748,21:22:13.748,42.3448023,-71.0825832,16.659
5172,1355808768,1769566934016,21:22:14.016,42.3448023,-71.0825832,16.659
5173,1356070912,1769566934367,21:22:14.367,42.3448023,-71.0825832,16.659
5174,1356333056,1769566934773,21:22:14.773,42.3448023,-71.0825832,16.659
5175,1356595200,1769566935068,21:22:15.068,42.3448023,-71.0825832,16.659
5176,1356857344,1769566935417,21:22:15.417,42.3448023,-71.0825832,16.659
5177,1357119488,1769566935780,21:22:15.780,42.3448023,-71.0825832,16.659
5178,1357381632,1769566936179,21:22:16.179,42.3448023,-71.0825832,16.659
5179,1357643776,1769566936620,21:22:16.620,42.3448023,-71.0825832,16.659
5180,1357905920,1769566936973,21:22:16.973,42.3448023,-71.0825832,16.659
5181,1358168064,1769566937325,21:22:17.325,42.3448023,-71.0825832,16.659
5182,1358430208,1769566941790,21:22:21.790,42.3448023,-71.0825832,16.659
5183,1358692352,1769566942045,21:22:22.045,42.3448023,-71.0825832,16.659
5184,1358954496,1769566942293,21:22:22.293,42.3448023,-71.0825832,16.659
5185,1359216640,1769566942526,21:22:22.526,42.3448023,-71.0825832,16.659
5186,1359478784,1769566942768,21:22:22.768,42.3448023,-71.0825832,16.659
5187,1359740928,1769566943023,21:22:23.023,42.3448023,-71.0825832,16.659
5188,1360003072,1769566943271,21:22:23.271,42.3448023,-71.0825832,16.659
5189,1360265216,1769566943543,21:22:23.543,42.3448023,-71.0825832,16.659
5190,1360527360,1769566943774,21:22:23.774,42.3448023,-71.0825832,16.659
5191,1360789504,1769566944013,21:22:24.013,42.3448023,-71.0825832,16.659
5192,1361051648,1769566944265,21:22:24.265,42.3448023,-71.0825832,16.659
5193,1361313792,1769566944524,21:22:24.524,42.3448023,-71.0825832,16.659
5194,1361575936,1769566944775,21:22:24.775,42.3448023,-71.0825832,16.659
5195,1361838080,1769566945034,21:22:25.034,42.3448023,-71.0825832,16.659
5196,1362100224,1769566945291,21:22:25.291,42.3448023,-71.0825832,16.659
5197,1362362368,1769566945533,21:22:25.533,42.3448023,-71.0825832,16.659
5198,1362624512,1769566945779,21:22:25.779,42.3448023,-71.0825832,16.659
5199,1362886656,1769566946041,21:22:26.041,42.3448023,-71.0825832,16.659
5200,1363148800,1769566946295,21:22:26.295,42.3448023,-71.0825832,16.659
5201,1363410944,1769566946554,21:22:26.554,42.3448023,-71.0825832,16.659
5202,1363673088,1769566946790,21:22:26.790,42.3448023,-71.0825832,16.659
5203,1363935232,1769566947044,21:22:27.044,42.3448023,-71.0825832,16.659
5204,1364197376,1769566947316,21:22:27.316,42.3448023,-71.0825832,16.659
5205,1364459520,1769566947575,21:22:27.575,42.3448023,-71.0825832,16.659
5206,1364721664,1769566947819,21:22:27.819,42.3448023,-71.0825832,16.659
5207,1364983808,1769566948075,21:22:28.075,42.3448023,-71.0825832,16.659
5208,1365245952,1769566948318,21:22:28.318,42.3448023,-71.0825832,16.659
5209,1365508096,1769566948559,21:22:28.559,42.3448023,-71.0825832,16.659
5210,1365770240,1769566948818,21:22:28.818,42.3448023,-71.0825832,16.659
5211,1366032384,1769566949078,21:22:29.078,42.3448023,-71.0825832,16.659
5212,1366294528,1769566949321,21:22:29.321,42.3448023,-71.0825832,16.659
5213,1366556672,1769566949579,21:22:29.579,42.3448023,-71.0825832,16.659
5214,1366818816,1769566949845,21:22:29.845,42.3448023,-71.0825832,16.659
5215,1367080960,1769566950126,21:22:30.126,42.3448023,-71.0825832,16.659
5216,1367343104,1769566950580,21:22:30.580,42.3448023,-71.0825832,16.659
5217,1367605248,1769566951058,21:22:31.058,42.3448023,-71.0825832,16.659
5218,1367867392,1769566951473,21:22:31.473,42.3448023,-71.0825832,16.659
5219,1368129536,1769566952081,21:22:32.081,42.3448023,-71.0825832,16.659
5220,1368391680,1769566952704,21:22:32.704,42.3448023,-71.0825832,16.659
5221,1368653824,1769566953183,21:22:33.183,42.3448023,-71.0825832,16.659
5222,1368915968,1769566953809,21:22:33.809,42.3448023,-71.0825832,16.659
5223,1369178112,1769566954344,21:22:34.344,42.3448023,-71.0825832,16.659
5224,1369440256,1769566954908,21:22:34.908,42.3448023,-71.0825832,16.659
5225,1369702400,1769566955458,21:22:35.458,42.3448023,-71.0825832,16.659
5226,1369964544,1769566956028,21:22:36.028,42.3448023,-71.0825832,16.659
5227,1370226688,1769566956601,21:22:36.601,42.3448023,-71.0825832,16.659
5228,1370488832,1769566956976,21:22:36.976,42.3448023,-71.0825832,16.659
5229,1370750976,1769566957363,21:22:37.363,42.3448023,-71.0825832,16.659
5230,1371013120,1769566957858,21:22:37.858,42.3448023,-71.0825832,16.659
5231,1371275264,1769566958299,21:22:38.299,42.3448023,-71.0825832,16.659
5232,1371537408,1769566958833,21:22:38.833,42.3448023,-71.0825832,16.659
5233,1371799552,1769566959336,21:22:39.336,42.3448023,-71.0825832,16.659
5234,1372061696,1769566959758,21:22:39.758,42.3448023,-71.0825832,16.659
5235,1372323840,1769566960227,21:22:40.227,42.3448023,-71.0825832,16.659
5236,1372585984,1769566960689,21:22:40.689,42.3448023,-71.0825832,16.659
5237,1372848128,1769566961044,21:22:41.044,42.3448023,-71.0825832,16.659
5238,1373110272,1769566961406,21:22:41.406,42.3448023,-71.0825832,16.659
5239,1373372416,1769566961860,21:22:41.860,42.3448023,-71.0825832,16.659
5240,1373634560,1769566962336,21:22:42.336,42.3448023,-71.0825832,16.659
5241,1373896704,1769566962792,21:22:42.792,42.3448023,-71.0825832,16.659
5242,1374158848,1769566963186,21:22:43.186,42.3448023,-71.0825832,16.659
5243,1374420992,1769566963683,21:22:43.683,42.3448023,-71.0825832,16.659
5244,1374683136,1769566964226,21:22:44.226,42.3448023,-71.0825832,16.659
5245,1374945280,1769566964831,21:22:44.831,42.3448023,-71.0825832,16.659
5246,1375207424,1769566965487,21:22:45.487,42.3448023,-71.0825832,16.659
5247,1375469568,1769566966217,21:22:46.217,42.3448023,-71.0825832,16.659
5248,1375731712,1769566966931,21:22:46.931,42.3448023,-71.0825832,16.659
5249,1375993856,1769566967587,21:22:47.587,42.3448023,-71.0825832,16.659
5250,1376256000,1769566972296,21:22:52.296,42.3448023,-71.0825832,16.659
5251,1376518144,1769566972551,21:22:52.551,42.3448023,-71.0825832,16.659
5252,1376780288,1769566972797,21:22:52.797,42.3448023,-71.0825832,16.659
5253,1377042432,1769566973052,21:22:53.052,42.3448023,-71.0825832,16.659
5254,1377304576,1769566973303,21:22:53.303,42.3448023,-71.0825832,16.659
5255,1377566720,1769566973545,21:22:53.545,42.3448023,-71.0825832,16.659
5256,1377828864,1769566973791,21:22:53.791,42.3448023,-71.0825832,16.659
5257,1378091008,1769566974036,21:22:54.036,42.3448023,-71.0825832,16.659
5258,1378353152,1769566974287,21:22:54.287,42.3448023,-71.0825832,16.659
5259,1378615296,1769566974535,21:22:54.535,42.3448023,-71.0825832,16.659
5260,1378877440,1769566974772,21:22:54.772,42.3448023,-71.0825832,16.659
5261,1379139584,1769566975032,21:22:55.032,42.3448023,-71.0825832,16.659
5262,1379401728,1769566975268,21:22:55.268,42.3448023,-71.0825832,16.659
5263,1379663872,1769566975517,21:22:55.517,42.3448023,-71.0825832,16.659
5264,1379926016,1769566975756,21:22:55.756,42.3448023,-71.0825832,16.659
5265,1380188160,1769566976009,21:22:56.009,42.3448023,-71.0825832,16.659
5266,1380450304,1769566976268,21:22:56.268,42.3448023,-71.0825832,16.659
5267,1380712448,1769566976533,21:22:56.533,42.3448023,-71.0825832,16.659
5268,1380974592,1769566976781,21:22:56.781,42.3448023,-71.0825832,16.659
5269,1381236736,1769566977006,21:22:57.006,42.3448023,-71.0825832,16.659
5270,1381498880,1769566977241,21:22:57.241,42.3448023,-71.0825832,16.659
5271,1381761024,1769566977487,21:22:57.487,42.3448023,-71.0825832,16.659
5272,1382023168,1769566977720,21:22:57.720,42.3448023,-71.0825832,16.659
5273,1382285312,1769566977960,21:22:57.960,42.3448023,-71.0825832,16.659
5274,1382547456,1769566978212,21:22:58.212,42.3448023,-71.0825832,16.659
5275,1382809600,1769566978471,21:22:58.471,42.3448023,-71.0825832,16.659
5276,1383071744,1769566978728,21:22:58.728,42.3448023,-71.0825832,16.659
5277,1383333888,1769566978985,21:22:58.985,42.3448023,-71.0825832,16.659
5278,1383596032,1769566979243,21:22:59.243,42.3448023,-71.0825832,16.659
5279,1383858176,1769566979492,21:22:59.492,42.3448023,-71.0825832,16.659
5280,1384120320,1769566979736,21:22:59.736,42.3448023,-71.0825832,16.659
5281,1384382464,1769566979982,21:22:59.982,42.3448023,-71.0825832,16.659
5282,1384644608,1769566980216,21:23:00.216,42.3448023,-71.0825832,16.659
5283,1384906752,1769566980560,21:23:00.560,42.3448023,-71.0825832,16.659
5284,1385168896,1769566980944,21:23:00.944,42.3448023,-71.0825832,16.659
5285,1385431040,1769566981309,21:23:01.309,42.3448023,-71.0825832,16.659
5286,1385693184,1769566981644,21:23:01.644,42.3448023,-71.0825832,16.659
5287,1385955328,1769566982124,21:23:02.124,42.3448023,-71.0825832,16.659
5288,1386217472,1769566982786,21:23:02.786,42.3448023,-71.0825832,16.659
5289,1386479616,1769566983438,21:23:03.438,42.3448023,-71.0825832,16.659
5290,1386741760,1769566984485,21:23:04.485,42.3448023,-71.0825832,16.659
5291,1387003904,1769566985187,21:23:05.187,42.3448023,-71.0825832,16.659
5292,1387266048,1769566985900,21:23:05.900,42.3448023,-71.0825832,16.659
5293,1387528192,1769566986644,21:23:06.644,42.3448023,-71.0825832,16.659
5294,1387790336,1769566987303,21:23:07.303,42.3448023,-71.0825832,16.659
5295,1388052480,1769566987787,21:23:07.787,42.3448023,-71.0825832,16.659
5296,1388314624,1769566988155,21:23:08.155,42.3448023,-71.0825832,16.659
5297,1388576768,1769566988490,21:23:08.490,42.3448023,-71.0825832,16.659
5298,1388838912,1769566988840,21:23:08.840,42.3448023,-71.0825832,16.659
5299,1389101056,1769566989190,21:23:09.190,42.3448023,-71.0825832,16.659
5300,1389363200,1769566989540,21:23:09.540,42.3448023,-71.0825832,16.659
5301,1389625344,1769566989894,21:23:09.894,42.3448023,-71.0825832,16.659
5302,1389887488,1769566990269,21:23:10.269,42.3448023,-71.0825832,16.659
5303,1390149632,1769566990594,21:23:10.594,42.3448023,-71.0825832,16.659
5304,1390411776,1769566990945,21:23:10.945,42.3448023,-71.0825832,16.659
5305,1390673920,1769566991297,21:23:11.297,42.3448023,-71.0825832,16.659
5306,1390936064,1769566991648,21:23:11.648,42.3448023,-71.0825832,16.659
5307,1391198208,1769566991999,21:23:11.999,42.3448023,-71.0825832,16.659
5308,1391460352,1769566992356,21:23:12.356,42.3448023,-71.0825832,16.659
5309,1391722496,1769566992806,21:23:12.806,42.3448023,-71.0825832,16.659
5310,1391984640,1769566993250,21:23:13.250,42.3448023,-71.0825832,16.659
5311,1392246784,1769566993511,21:23:13.511,42.3448023,-71.0825832,16.659
5312,1392508928,1769566993862,21:23:13.862,42.3448023,-71.0825832,16.659
5313,1392771072,1769566994212,21:23:14.212,42.3448023,-71.0825832,16.659
5314,1393033216,1769566994561,21:23:14.561,42.3448023,-71.0825832,16.659
5315,1393295360,1769566994996,21:23:14.996,42.3448023,-71.0825832,16.659
5316,1393557504,1769566995510,21:23:15.510,42.3448023,-71.0825832,16.659
5317,1393819648,1769566995912,21:23:15.912,42.3448023,-71.0825832,16.659
5318,1394081792,1769566996359,21:23:16.359,42.3448023,-71.0825832,16.659
5319,1394343936,1769566996849,21:23:16.849,42.3448023,-71.0825832,16.659
5320,1394606080,1769566997215,21:23:17.215,42.3448023,-71.0825832,16.659
5321,1394868224,1769566997718,21:23:17.718,42.3448023,-71.0825832,16.659
5322,1395130368,1769567002248,21:23:22.248,42.3448023,-71.0825832,16.659
5323,1395392512,1769567002492,21:23:22.492,42.3448023,-71.0825832,16.659
5324,1395654656,1769567002740,21:23:22.740,42.3448023,-71.0825832,16.659
5325,1395916800,1769567002990,21:23:22.990,42.3448023,-71.0825832,16.659
5326,1396178944,1769567003240,21:23:23.240,42.3448023,-71.0825832,16.659
5327,1396441088,1769567003501,21:23:23.501,42.3448023,-71.0825832,16.659
5328,1396703232,1769567003769,21:23:23.769,42.3448023,-71.0825832,16.659
5329,1396965376,1769567004022,21:23:24.022,42.3448023,-71.0825832,16.659
5330,1397227520,1769567004276,21:23:24.276,42.3448023,-71.0825832,16.659
5331,1397489664,1769567004545,21:23:24.545,42.3448023,-71.0825832,16.659
5332,1397751808,1769567004806,21:23:24.806,42.3448023,-71.0825832,16.659
5333,1398013952,1769567005080,21:23:25.080,42.3448023,-71.0825832,16.659
5334,1398276096,1769567005329,21:23:25.329,42.3448023,-71.0825832,16.659
5335,1398538240,1769567005589,21:23:25.589,42.3448023,-71.0825832,16.659
5336,1398800384,1769567005945,21:23:25.945,42.3448023,-71.0825832,16.659
5337,1399062528,1769567006483,21:23:26.483,42.3448023,-71.0825832,16.659
5338,1399324672,1769567006983,21:23:26.983,42.3448023,-71.0825832,16.659
5339,1399586816,1769567007421,21:23:27.421,42.3448023,-71.0825832,16.659
5340,1399848960,1769567007828,21:23:27.828,42.3448023,-71.0825832,16.659
5341,1400111104,1769567008227,21:23:28.227,42.3448023,-71.0825832,16.659
5342,1400373248,1769567008599,21:23:28.599,42.3448023,-71.0825832,16.659
5343,1400635392,1769567008962,21:23:28.962,42.3448023,-71.0825832,16.659
5344,1400897536,1769567009313,21:23:29.313,42.3448023,-71.0825832,16.659
5345,1401159680,1769567009829,21:23:29.829,42.3448023,-71.0825832,16.659
5346,1401421824,1769567010292,21:23:30.292,42.3448023,-71.0825832,16.659
5347,1401683968,1769567010776,21:23:30.776,42.3448023,-71.0825832,16.659
5348,1401946112,1769567011293,21:23:31.293,42.3448023,-71.0825832,16.659
5349,1402208256,1769567011705,21:23:31.705,42.3448023,-71.0825832,16.659
5350,1402470400,1769567012084,21:23:32.084,42.3448023,-71.0825832,16.659
5351,1402732544,1769567012512,21:23:32.512,42.3448023,-71.0825832,16.659
5352,1402994688,1769567012947,21:23:32.947,42.3448023,-71.0825832,16.659
5353,1403256832,1769567013314,21:23:33.314,42.3448023,-71.0825832,16.659
5354,1403518976,1769567013649,21:23:33.649,42.3448023,-71.0825832,16.659
5355,1403781120,1769567013999,21:23:33.999,42.3448023,-71.0825832,16.659
5356,1404043264,1769567014388,21:23:34.388,42.3448023,-71.0825832,16.659
5357,1404305408,1769567014715,21:23:34.715,42.3448023,-71.0825832,16.659
5358,1404567552,1769567015172,21:23:35.172,42.3448023,-71.0825832,16.659
5359,1404829696,1769567015664,21:23:35.664,42.3448023,-71.0825832,16.659
5360,1405091840,1769567015962,21:23:35.962,42.3448023,-71.0825832,16.659
5361,1405353984,1769567016350,21:23:36.350,42.3448023,-71.0825832,16.659
5362,1405616128,1769567016801,21:23:36.801,42.3448023,-71.0825832,16.659
5363,1405878272,1769567017222,21:23:37.222,42.3448023,-71.0825832,16.659
5364,1406140416,1769567017576,21:23:37.576,42.3448023,-71.0825832,16.659
5365,1406402560,1769567017944,21:23:37.944,42.3448023,-71.0825832,16.659
5366,1406664704,1769567018297,21:23:38.297,42.3448023,-71.0825832,16.659
5367,1406926848,1769567018647,21:23:38.647,42.3448023,-71.0825832,16.659
5368,1407188992,1769567018997,21:23:38.997,42.3448023,-71.0825832,16.659
5369,1407451136,1769567019349,21:23:39.349,42.3448023,-71.0825832,16.659
5370,1407713280,1769567019754,21:23:39.754,42.3448023,-71.0825832,16.659
5371,1407975424,1769567020052,21:23:40.052,42.3448023,-71.0825832,16.659
5372,1408237568,1769567020435,21:23:40.435,42.3448023,-71.0825832,16.659
5373,1408499712,1769567020790,21:23:40.790,42.3448023,-71.0825832,16.659
5374,1408761856,1769567021135,21:23:41.135,42.3448023,-71.0825832,16.659
5375,1409024000,1769567021547,21:23:41.547,42.3448023,-71.0825832,16.659
5376,1409286144,1769567021836,21:23:41.836,42.3448023,-71.0825832,16.659
5377,1409548288,1769567022188,21:23:42.188,42.3448023,-71.0825832,16.659
5378,1409810432,1769567022538,21:23:42.538,42.3448023,-71.0825832,16.659
5379,1410072576,1769567022900,21:23:42.900,42.3448023,-71.0825832,16.659
5380,1410334720,1769567023251,21:23:43.251,42.3448023,-71.0825832,16.659
5381,1410596864,1769567023600,21:23:43.600,42.3448023,-71.0825832,16.659
5382,1410859008,1769567024008,21:23:44.008,42.3448023,-71.0825832,16.659
5383,1411121152,1769567024319,21:23:44.319,42.3448023,-71.0825832,16.659
5384,1411383296,1769567024829,21:23:44.829,42.3448023,-71.0825832,16.659
5385,1411645440,1769567025242,21:23:45.242,42.3448023,-71.0825832,16.659
5386,1411907584,1769567025565,21:23:45.565,42.3448023,-71.0825832,16.659
5387,1412169728,1769567026094,21:23:46.094,42.3448023,-71.0825832,16.659
5388,1412431872,1769567026528,21:23:46.528,42.3448023,-71.0825832,16.659
5389,1412694016,1769567026822,21:23:46.822,42.3448023,-71.0825832,16.659
5390,1412956160,1769567027260,21:23:47.260,42.3448023,-71.0825832,16.659
5391,1413218304,1769567027668,21:23:47.668,42.3448023,-71.0825832,16.659
5392,1413480448,1769567028106,21:23:48.106,42.3448023,-71.0825832,16.659
5393,1413742592,1769567028564,21:23:48.564,42.3448023,-71.0825832,16.659
5394,1414004736,1769567029022,21:23:49.022,42.3448023,-71.0825832,16.659
5395,1414266880,1769567029490,21:23:49.490,42.3448023,-71.0825832,16.659
5396,1414529024,1769567033876,21:23:53.876,42.3448023,-71.0825832,16.659
5397,1414791168,1769567034148,21:23:54.148,42.3448023,-71.0825832,16.659
5398,1415053312,1769567034394,21:23:54.394,42.3448023,-71.0825832,16.659
5399,1415315456,1769567034643,21:23:54.643,42.3448023,-71.0825832,16.659
5400,1415577600,1769567034896,21:23:54.896,42.3448023,-71.0825832,16.659
5401,1415839744,1769567035175,21:23:55.175,42.3448023,-71.0825832,16.659
5402,1416101888,1769567035437,21:23:55.437,42.3448023,-71.0825832,16.659
5403,1416364032,1769567035687,21:23:55.687,42.3448023,-71.0825832,16.659
5404,1416626176,1769567035958,21:23:55.958,42.3448023,-71.0825832,16.659
5405,1416888320,1769567036198,21:23:56.198,42.3448023,-71.0825832,16.659
5406,1417150464,1769567036446,21:23:56.446,42.3448023,-71.0825832,16.659
5407,1417412608,1769567036704,21:23:56.704,42.3448023,-71.0825832,16.659
5408,1417674752,1769567036954,21:23:56.954,42.3448023,-71.0825832,16.659
5409,1417936896,1769567037204,21:23:57.204,42.3448023,-71.0825832,16.659
5410,1418199040,1769567037451,21:23:57.451,42.3448023,-71.0825832,16.659
5411,1418461184,1769567037721,21:23:57.721,42.3448023,-71.0825832,16.659
5412,1418723328,1769567037968,21:23:57.968,42.3448023,-71.0825832,16.659
5413,1418985472,1769567038214,21:23:58.214,42.3448023,-71.0825832,16.659
5414,1419247616,1769567038460,21:23:58.460,42.3448023,-71.0825832,16.659
5415,1419509760,1769567038723,21:23:58.723,42.3448023,-71.0825832,16.659
5416,1419771904,1769567038980,21:23:58.980,42.3448023,-71.0825832,16.659
5417,1420034048,1769567039221,21:23:59.221,42.3448023,-71.0825832,16.659
5418,1420296192,1769567039481,21:23:59.481,42.3448023,-71.0825832,16.659
5419,1420558336,1769567039798,21:23:59.798,42.3448023,-71.0825832,16.659
5420,1420820480,1769567040743,21:24:00.743,42.3448023,-71.0825832,16.659
5421,1421082624,1769567041220,21:24:01.220,42.3448023,-71.0825832,16.659
5422,1421344768,1769567041781,21:24:01.781,42.3448023,-71.0825832,16.659
5423,1421606912,1769567042453,21:24:02.453,42.3448023,-71.0825832,16.659
5424,1421869056,1769567042956,21:24:02.956,42.3448023,-71.0825832,16.659
5425,1422131200,1769567043233,21:24:03.233,42.3448023,-71.0825832,16.659
5426,1422393344,1769567043585,21:24:03.585,42.3448023,-71.0825832,16.659
5427,1422655488,1769567043935,21:24:03.935,42.3448023,-71.0825832,16.659
5428,1422917632,1769567044287,21:24:04.287,42.3448023,-71.0825832,16.659
5429,1423179776,1769567044643,21:24:04.643,42.3448023,-71.0825832,16.659
5430,1423441920,1769567044989,21:24:04.989,42.3448023,-71.0825832,16.659
5431,1423704064,1769567045338,21:24:05.338,42.3448023,-71.0825832,16.659
5432,1423966208,1769567045688,21:24:05.688,42.3448023,-71.0825832,16.659
5433,1424228352,1769567046041,21:24:06.041,42.3448023,-71.0825832,16.659
5434,1424490496,1769567046390,21:24:06.390,42.3448023,-71.0825832,16.659
5435,1424752640,1769567046745,21:24:06.745,42.3448023,-71.0825832,16.659
5436,1425014784,1769567047142,21:24:07.142,42.3448023,-71.0825832,16.659
5437,1425276928,1769567047675,21:24:07.675,42.3448023,-71.0825832,16.659
5438,1425539072,1769567048092,21:24:08.092,42.3448023,-71.0825832,16.659
5439,1425801216,1769567048394,21:24:08.394,42.3448023,-71.0825832,16.659
5440,1426063360,1769567048746,21:24:08.746,42.3448023,-71.0825832,16.659
5441,1426325504,1769567049106,21:24:09.106,42.3448023,-71.0825832,16.659
5442,1426587648,1769567049466,21:24:09.466,42.3448023,-71.0825832,16.659
5443,1426849792,1769567049817,21:24:09.817,42.3448023,-71.0825832,16.659
5444,1427111936,1769567050200,21:24:10.200,42.3448023,-71.0825832,16.659
5445,1427374080,1769567050574,21:24:10.574,42.3448023,-71.0825832,16.659
5446,1427636224,1769567050925,21:24:10.925,42.3448023,-71.0825832,16.659
5447,1427898368,1769567051300,21:24:11.300,42.3448023,-71.0825832,16.659
5448,1428160512,1769567051687,21:24:11.687,42.3448023,-71.0825832,16.659
5449,1428422656,1769567052045,21:24:12.045,42.3448023,-71.0825832,16.659
5450,1428684800,1769567052402,21:24:12.402,42.3448023,-71.0825832,16.659
5451,1428946944,1769567052808,21:24:12.808,42.3448023,-71.0825832,16.659
5452,1429209088,1769567053121,21:24:13.121,42.3448023,-71.0825832,16.659
5453,1429471232,1769567053473,21:24:13.473,42.3448023,-71.0825832,16.659
5454,1429733376,1769567053865,21:24:13.865,42.3448023,-71.0825832,16.659
5455,1429995520,1769567054173,21:24:14.173,42.3448023,-71.0825832,16.659
5456,1430257664,1769567054528,21:24:14.528,42.3448023,-71.0825832,16.659
5457,1430519808,1769567054872,21:24:14.872,42.3448023,-71.0825832,16.659
5458,1430781952,1769567055369,21:24:15.369,42.3448023,-71.0825832,16.659
5459,1431044096,1769567055840,21:24:15.840,42.3448023,-71.0825832,16.659
5460,1431306240,1769567056123,21:24:16.123,42.3448023,-71.0825832,16.659
5461,1431568384,1769567056487,21:24:16.487,42.3448023,-71.0825832,16.659
5462,1431830528,1769567056883,21:24:16.883,42.3448023,-71.0825832,16.659
5463,1432092672,1769567057218,21:24:17.218,42.3448023,-71.0825832,16.659
5464,1432354816,1769567057568,21:24:17.568,42.3448023,-71.0825832,16.659
5465,1432616960,1769567057924,21:24:17.924,42.3448023,-71.0825832,16.659
5466,1432879104,1769567058317,21:24:18.317,42.3448023,-71.0825832,16.659
5467,1433141248,1769567058810,21:24:18.810,42.3448023,-71.0825832,16.659
5468,1433403392,1769567059223,21:24:19.223,42.3448023,-71.0825832,16.659
5469,1433665536,1769567059686,21:24:19.686,42.3448023,-71.0825832,16.659
5470,1433927680,1769567063930,21:24:23.930,42.3448023,-71.0825832,16.659
5471,1434189824,1769567064196,21:24:24.196,42.3448023,-71.0825832,16.659
5472,1434451968,1769567064445,21:24:24.445,42.3448023,-71.0825832,16.659
5473,1434714112,1769567064693,21:24:24.693,42.3448023,-71.0825832,16.659
5474,1434976256,1769567064935,21:24:24.935,42.3448023,-71.0825832,16.659
5475,1435238400,1769567065177,21:24:25.177,42.3448023,-71.0825832,16.659
5476,1435500544,1769567065426,21:24:25.426,42.3448023,-71.0825832,16.659
5477,1435762688,1769567065668,21:24:25.668,42.3448023,-71.0825832,16.659
5478,1436024832,1769567065917,21:24:25.917,42.3448023,-71.0825832,16.659
5479,1436286976,1769567066169,21:24:26.169,42.3448023,-71.0825832,16.659
5480,1436549120,1769567066406,21:24:26.406,42.3448023,-71.0825832,16.659
5481,1436811264,1769567066646,21:24:26.646,42.3448023,-71.0825832,16.659
5482,1437073408,1769567066907,21:24:26.907,42.3448023,-71.0825832,16.659
5483,1437335552,1769567067146,21:24:27.146,42.3448023,-71.0825832,16.659
5484,1437597696,1769567067407,21:24:27.407,42.3448023,-71.0825832,16.659
5485,1437859840,1769567067659,21:24:27.659,42.3448023,-71.0825832,16.659
5486,1438121984,1769567068036,21:24:28.036,42.3448023,-71.0825832,16.659
5487,1438384128,1769567068444,21:24:28.444,42.3448023,-71.0825832,16.659
5488,1438646272,1769567068735,21:24:28.735,42.3448023,-71.0825832,16.659
5489,1438908416,1769567069085,21:24:29.085,42.3448023,-71.0825832,16.659
5490,1439170560,1769567069436,21:24:29.436,42.3448023,-71.0825832,16.659
5491,1439432704,1769567069788,21:24:29.788,42.3448023,-71.0825832,16.659
5492,1439694848,1769567070138,21:24:30.138,42.3448023,-71.0825832,16.659
5493,1439956992,1769567070490,21:24:30.490,42.3448023,-71.0825832,16.659
5494,1440219136,1769567070840,21:24:30.840,42.3448023,-71.0825832,16.659
5495,1440481280,1769567071195,21:24:31.195,42.3448023,-71.0825832,16.659
5496,1440743424,1769567071630,21:24:31.630,42.3448023,-71.0825832,16.659
5497,1441005568,1769567072033,21:24:32.033,42.3448023,-71.0825832,16.659
5498,1441267712,1769567072422,21:24:32.422,42.3448023,-71.0825832,16.659
5499,1441529856,1769567072786,21:24:32.786,42.3448023,-71.0825832,16.659
5500,1441792000,1769567073136,21:24:33.136,42.3448023,-71.0825832,16.659
5501,1442054144,1769567073487,21:24:33.487,42.3448023,-71.0825832,16.659
5502,1442316288,1769567073838,21:24:33.838,42.3448023,-71.0825832,16.659
5503,1442578432,1769567074188,21:24:34.188,42.3448023,-71.0825832,16.659
5504,1442840576,1769567074540,21:24:34.540,42.3448023,-71.0825832,16.659
5505,1443102720,1769567074890,21:24:34.890,42.3448023,-71.0825832,16.659
5506,1443364864,1769567075241,21:24:35.241,42.3448023,-71.0825832,16.659
5507,1443627008,1769567075592,21:24:35.592,42.3448023,-71.0825832,16.659
5508,1443889152,1769567075939,21:24:35.939,42.3448023,-71.0825832,16.659
5509,1444151296,1769567076290,21:24:36.290,42.3448023,-71.0825832,16.659
5510,1444413440,1769567076657,21:24:36.657,42.3448023,-71.0825832,16.659
5511,1444675584,1769567077128,21:24:37.128,42.3448023,-71.0825832,16.659
5512,1444937728,1769567077610,21:24:37.610,42.3448023,-71.0825832,16.659
5513,1445199872,1769567078171,21:24:38.171,42.3448023,-71.0825832,16.659
5514,1445462016,1769567078827,21:24:38.827,42.3448023,-71.0825832,16.659
5515,1445724160,1769567079421,21:24:39.421,42.3448023,-71.0825832,16.659
5516,1445986304,1769567080005,21:24:40.005,42.3448023,-71.0825832,16.659
5517,1446248448,1769567080650,21:24:40.650,42.3448023,-71.0825832,16.659
5518,1446510592,1769567081165,21:24:41.165,42.3448023,-71.0825832,16.659
5519,1446772736,1769567081679,21:24:41.679,42.3448023,-71.0825832,16.659
5520,1447034880,1769567082254,21:24:42.254,42.3448023,-71.0825832,16.659
5521,1447297024,1769567082801,21:24:42.801,42.3448023,-71.0825832,16.659
5522,1447559168,1769567083178,21:24:43.178,42.3448023,-71.0825832,16.659
5523,1447821312,1769567083533,21:24:43.533,42.3448023,-71.0825832,16.659
5524,1448083456,1769567083882,21:24:43.882,42.3448023,-71.0825832,16.659
5525,1448345600,1769567084233,21:24:44.233,42.3448023,-71.0825832,16.659
5526,1448607744,1769567084602,21:24:44.602,42.3448023,-71.0825832,16.659
5527,1448869888,1769567084953,21:24:44.953,42.3448023,-71.0825832,16.659
5528,1449132032,1769567085305,21:24:45.305,42.3448023,-71.0825832,16.659
5529,1449394176,1769567085666,21:24:45.666,42.3448023,-71.0825832,16.659
5530,1449656320,1769567086064,21:24:46.064,42.3448023,-71.0825832,16.659
5531,1449918464,1769567086428,21:24:46.428,42.3448023,-71.0825832,16.659
5532,1450180608,1769567086851,21:24:46.851,42.3448023,-71.0825832,16.659
5533,1450442752,1769567087260,21:24:47.260,42.3448023,-71.0825832,16.659
5534,1450704896,1769567087685,21:24:47.685,42.3448023,-71.0825832,16.659
5535,1450967040,1769567088131,21:24:48.131,42.3448023,-71.0825832,16.659
5536,1451229184,1769567088661,21:24:48.661,42.3448023,-71.0825832,16.659
5537,1451491328,1769567089064,21:24:49.064,42.3448023,-71.0825832,16.659
5538,1451753472,1769567089488,21:24:49.488,42.3448023,-71.0825832,16.659
5539,1452015616,1769567090056,21:24:50.056,42.3448023,-71.0825832,16.659
5540,1452277760,1769567094742,21:24:54.742,42.3448023,-71.0825832,16.659
5541,1452539904,1769567095001,21:24:55.001,42.3448023,-71.0825832,16.659
5542,1452802048,1769567095250,21:24:55.250,42.3448023,-71.0825832,16.659
5543,1453064192,1769567095503,21:24:55.503,42.3448023,-71.0825832,16.659
5544,1453326336,1769567095756,21:24:55.756,42.3448023,-71.0825832,16.659
5545,1453588480,1769567096001,21:24:56.001,42.3448023,-71.0825832,16.659
5546,1453850624,1769567096253,21:24:56.253,42.3448023,-71.0825832,16.659
5547,1454112768,1769567096515,21:24:56.515,42.3448023,-71.0825832,16.659
5548,1454374912,1769567096764,21:24:56.764,42.3448023,-71.0825832,16.659
5549,1454637056,1769567097016,21:24:57.016,42.3448023,-71.0825832,16.659
5550,1454899200,1769567097269,21:24:57.269,42.3448023,-71.0825832,16.659
5551,1455161344,1769567097526,21:24:57.526,42.3448023,-71.0825832,16.659
5552,1455423488,1769567097786,21:24:57.786,42.3448023,-71.0825832,16.659
5553,1455685632,1769567098035,21:24:58.035,42.3448023,-71.0825832,16.659
5554,1455947776,1769567098293,21:24:58.293,42.3448023,-71.0825832,16.659
5555,1456209920,1769567098556,21:24:58.556,42.3448023,-71.0825832,16.659
5556,1456472064,1769567098791,21:24:58.791,42.3448023,-71.0825832,16.659
5557,1456734208,1769567099067,21:24:59.067,42.3448023,-71.0825832,16.659
5558,1456996352,1769567099327,21:24:59.327,42.3448023,-71.0825832,16.659
5559,1457258496,1769567099569,21:24:59.569,42.3448023,-71.0825832,16.659
5560,1457520640,1769567099870,21:24:59.870,42.3448023,-71.0825832,16.659
5561,1457782784,1769567100233,21:25:00.233,42.3448023,-71.0825832,16.659
5562,1458044928,1769567100702,21:25:00.702,42.3448023,-71.0825832,16.659
5563,1458307072,1769567101142,21:25:01.142,42.3448023,-71.0825832,16.659
5564,1458569216,1769567101533,21:25:01.533,42.3448023,-71.0825832,16.659
5565,1458831360,1769567101929,21:25:01.929,42.3448023,-71.0825832,16.659
5566,1459093504,1769567102331,21:25:02.331,42.3448023,-71.0825832,16.659
5567,1459355648,1769567102702,21:25:02.702,42.3448023,-71.0825832,16.659
5568,1459617792,1769567103059,21:25:03.059,42.3448023,-71.0825832,16.659
5569,1459879936,1769567103420,21:25:03.420,42.3448023,-71.0825832,16.659
5570,1460142080,1769567103887,21:25:03.887,42.3448023,-71.0825832,16.659
5571,1460404224,1769567104301,21:25:04.301,42.3448023,-71.0825832,16.659
5572,1460666368,1769567104651,21:25:04.651,42.3448023,-71.0825832,16.659
5573,1460928512,1769567105034,21:25:05.034,42.3448023,-71.0825832,16.659
5574,1461190656,1769567105528,21:25:05.528,42.3448023,-71.0825832,16.659
5575,1461452800,1769567106009,21:25:06.009,42.3448023,-71.0825832,16.659
5576,1461714944,1769567106491,21:25:06.491,42.3448023,-71.0825832,16.659
5577,1461977088,1769567107038,21:25:07.038,42.3448023,-71.0825832,16.659
5578,1462239232,1769567107420,21:25:07.420,42.3448023,-71.0825832,16.659
5579,1462501376,1769567107821,21:25:07.821,42.3448023,-71.0825832,16.659
5580,1462763520,1769567108315,21:25:08.315,42.3448023,-71.0825832,16.659
5581,1463025664,1769567108787,21:25:08.787,42.3448023,-71.0825832,16.659
5582,1463287808,1769567109254,21:25:09.254,42.3448023,-71.0825832,16.659
5583,1463549952,1769567109754,21:25:09.754,42.3448023,-71.0825832,16.659
5584,1463812096,1769567110324,21:25:10.324,42.3448023,-71.0825832,16.659
5585,1464074240,1769567110786,21:25:10.786,42.3448023,-71.0825832,16.659
5586,1464336384,1769567111226,21:25:11.226,42.3448023,-71.0825832,16.659
5587,1464598528,1769567111670,21:25:11.670,42.3448023,-71.0825832,16.659
5588,1464860672,1769567111972,21:25:11.972,42.3448023,-71.0825832,16.659
5589,1465122816,1769567112327,21:25:12.327,42.3448023,-71.0825832,16.659
5590,1465384960,1769567112821,21:25:12.821,42.3448023,-71.0825832,16.659
5591,1465647104,1769567113281,21:25:13.281,42.3448023,-71.0825832,16.659
5592,1465909248,1769567113707,21:25:13.707,42.3448023,-71.0825832,16.659
5593,1466171392,1769567114297,21:25:14.297,42.3448023,-71.0825832,16.659
5594,1466433536,1769567114736,21:25:14.736,42.3448023,-71.0825832,16.659
5595,1466695680,1769567115152,21:25:15.152,42.3448023,-71.0825832,16.659
5596,1466957824,1769567115623,21:25:15.623,42.3448023,-71.0825832,16.659
5597,1467219968,1769567116165,21:25:16.165,42.3448023,-71.0825832,16.659
5598,1467482112,1769567116752,21:25:16.752,42.3448023,-71.0825832,16.659
5599,1467744256,1769567117172,21:25:17.172,42.3448023,-71.0825832,16.659
5600,1468006400,1769567117524,21:25:17.524,42.3448023,-71.0825832,16.659
5601,1468268544,1769567117951,21:25:17.951,42.3448023,-71.0825832,16.659
5602,1468530688,1769567118377,21:25:18.377,42.3448023,-71.0825832,16.659
5603,1468792832,1769567118747,21:25:18.747,42.3448023,-71.0825832,16.659
5604,1469054976,1769567119242,21:25:19.242,42.3448023,-71.0825832,16.659
5605,1469317120,1769567119794,21:25:19.794,42.3448023,-71.0825832,16.659
5606,1469579264,1769567120316,21:25:20.316,42.3448023,-71.0825832,16.659
5607,1469841408,1769567120767,21:25:20.767,42.3448023,-71.0825832,16.659
5608,1470103552,1769567121197,21:25:21.197,42.3448023,-71.0825832,16.659
5609,1470365696,1769567125857,21:25:25.857,42.3448023,-71.0825832,16.659
5610,1470627840,1769567126144,21:25:26.144,42.3448023,-71.0825832,16.659
5611,1470889984,1769567126400,21:25:26.400,42.3448023,-71.0825832,16.659
5612,1471152128,1769567126657,21:25:26.657,42.3448023,-71.0825832,16.659
5613,1471414272,1769567126915,21:25:26.915,42.3448023,-71.0825832,16.659
5614,1471676416,1769567127174,21:25:27.174,42.3448023,-71.0825832,16.659
5615,1471938560,1769567127412,21:25:27.412,42.3448023,-71.0825832,16.659
5616,1472200704,1769567127667,21:25:27.667,42.3448023,-71.0825832,16.659
5617,1472462848,1769567127912,21:25:27.912,42.3448023,-71.0825832,16.659
5618,1472724992,1769567128170,21:25:28.170,42.3448023,-71.0825832,16.659
5619,1472987136,1769567128427,21:25:28.427,42.3448023,-71.0825832,16.659
5620,1473249280,1769567128670,21:25:28.670,42.3448023,-71.0825832,16.659
5621,1473511424,1769567128923,21:25:28.923,42.3448023,-71.0825832,16.659
5622,1473773568,1769567129165,21:25:29.165,42.3448023,-71.0825832,16.659
5623,1474035712,1769567129408,21:25:29.408,42.3448023,-71.0825832,16.659
5624,1474297856,1769567129666,21:25:29.666,42.3448023,-71.0825832,16.659
5625,1474560000,1769567129936,21:25:29.936,42.3448023,-71.0825832,16.659
5626,1474822144,1769567130204,21:25:30.204,42.3448023,-71.0825832,16.659
5627,1475084288,1769567130453,21:25:30.453,42.3448023,-71.0825832,16.659
5628,1475346432,1769567130705,21:25:30.705,42.3448023,-71.0825832,16.659
5629,1475608576,1769567130959,21:25:30.959,42.3448023,-71.0825832,16.659
5630,1475870720,1769567131226,21:25:31.226,42.3448023,-71.0825832,16.659
5631,1476132864,1769567131495,21:25:31.495,42.3448023,-71.0825832,16.659
5632,1476395008,1769567131764,21:25:31.764,42.3448023,-71.0825832,16.659
5633,1476657152,1769567132014,21:25:32.014,42.3448023,-71.0825832,16.659
5634,1476919296,1769567132280,21:25:32.280,42.3448023,-71.0825832,16.659
5635,1477181440,1769567132539,21:25:32.539,42.3448023,-71.0825832,16.659
5636,1477443584,1769567132800,21:25:32.800,42.3448023,-71.0825832,16.659
5637,1477705728,1769567133054,21:25:33.054,42.3448023,-71.0825832,16.659
5638,1477967872,1769567133378,21:25:33.378,42.3448023,-71.0825832,16.659
5639,1478230016,1769567133731,21:25:33.731,42.3448023,-71.0825832,16.659
5640,1478492160,1769567134081,21:25:34.081,42.3448023,-71.0825832,16.659
5641,1478754304,1769567134431,21:25:34.431,42.3448023,-71.0825832,16.659
5642,1479016448,1769567134781,21:25:34.781,42.3448023,-71.0825832,16.659
5643,1479278592,1769567135134,21:25:35.134,42.3448023,-71.0825832,16.659
5644,1479540736,1769567135483,21:25:35.483,42.3448023,-71.0825832,16.659
5645,1479802880,1769567135833,21:25:35.833,42.3448023,-71.0825832,16.659
5646,1480065024,1769567136183,21:25:36.183,42.3448023,-71.0825832,16.659
5647,1480327168,1769567136534,21:25:36.534,42.3448023,-71.0825832,16.659
5648,1480589312,1769567136885,21:25:36.885,42.3448023,-71.0825832,16.659
5649,1480851456,1769567137237,21:25:37.237,42.3448023,-71.0825832,16.659
5650,1481113600,1769567137585,21:25:37.585,42.3448023,-71.0825832,16.659
5651,1481375744,1769567137942,21:25:37.942,42.3448023,-71.0825832,16.659
5652,1481637888,1769567138323,21:25:38.323,42.3448023,-71.0825832,16.659
5653,1481900032,1769567138580,21:25:38.580,42.3448023,-71.0825832,16.659
5654,1482162176,1769567138915,21:25:38.915,42.3448023,-71.0825832,16.659
5655,1482424320,1769567139299,21:25:39.299,42.3448023,-71.0825832,16.659
5656,1482686464,1769567139618,21:25:39.618,42.3448023,-71.0825832,16.659
5657,1482948608,1769567139984,21:25:39.984,42.3448023,-71.0825832,16.659
5658,1483210752,1769567140345,21:25:40.345,42.3448023,-71.0825832,16.659
5659,1483472896,1769567140693,21:25:40.693,42.3448023,-71.0825832,16.659
5660,1483735040,1769567141043,21:25:41.043,42.3448023,-71.0825832,16.659
5661,1483997184,1769567141393,21:25:41.393,42.3448023,-71.0825832,16.659
5662,1484259328,1769567141747,21:25:41.747,42.3448023,-71.0825832,16.659
5663,1484521472,1769567142096,21:25:42.096,42.3448023,-71.0825832,16.659
5664,1484783616,1769567142444,21:25:42.444,42.3448023,-71.0825832,16.659
5665,1485045760,1769567143057,21:25:43.057,42.3448023,-71.0825832,16.659
5666,1485307904,1769567143673,21:25:43.673,42.3448023,-71.0825832,16.659
5667,1485570048,1769567144308,21:25:44.308,42.3448023,-71.0825832,16.659
5668,1485832192,1769567144866,21:25:44.866,42.3448023,-71.0825832,16.659
5669,1486094336,1769567145311,21:25:45.311,42.3448023,-71.0825832,16.659
5670,1486356480,1769567145704,21:25:45.704,42.3448023,-71.0825832,16.659
5671,1486618624,1769567146103,21:25:46.103,42.3448023,-71.0825832,16.659
5672,1486880768,1769567146452,21:25:46.452,42.3448023,-71.0825832,16.659
5673,1487142912,1769567146893,21:25:46.893,42.3448023,-71.0825832,16.659
5674,1487405056,1769567147373,21:25:47.373,42.3448023,-71.0825832,16.659
5675,1487667200,1769567147819,21:25:47.819,42.3448023,-71.0825832,16.659
5676,1487929344,1769567148251,21:25:48.251,42.3448023,-71.0825832,16.659
5677,1488191488,1769567148766,21:25:48.766,42.3448023,-71.0825832,16.659
5678,1488453632,1769567149283,21:25:49.283,42.3448023,-71.0825832,16.659
5679,1488715776,1769567149665,21:25:49.665,42.3448023,-71.0825832,16.659
5680,1488977920,1769567150142,21:25:50.142,42.3448023,-71.0825832,16.659
5681,1489240064,1769567150551,21:25:50.551,42.3448023,-71.0825832,16.659
5682,1489502208,1769567151126,21:25:51.126,42.3448023,-71.0825832,16.659
5683,1489764352,1769567155732,21:25:55.732,42.3448023,-71.0825832,16.659
5684,1490026496,1769567155991,21:25:55.991,42.3448023,-71.0825832,16.659
5685,1490288640,1769567156238,21:25:56.238,42.3448023,-71.0825832,16.659
5686,1490550784,1769567156497,21:25:56.497,42.3448023,-71.0825832,16.659
5687,1490812928,1769567156741,21:25:56.741,42.3448023,-71.0825832,16.659
5688,1491075072,1769567156992,21:25:56.992,42.3448023,-71.0825832,16.659
5689,1491337216,1769567157234,21:25:57.234,42.3448023,-71.0825832,16.659
5690,1491599360,1769567157496,21:25:57.496,42.3448023,-71.0825832,16.659
5691,1491861504,1769567157751,21:25:57.751,42.3448023,-71.0825832,16.659
5692,1492123648,1769567157993,21:25:57.993,42.3448023,-71.0825832,16.659
5693,1492385792,1769567158258,21:25:58.258,42.3448023,-71.0825832,16.659
5694,1492647936,1769567158505,21:25:58.505,42.3448023,-71.0825832,16.659
5695,1492910080,1769567158743,21:25:58.743,42.3448023,-71.0825832,16.659
5696,1493172224,1769567159018,21:25:59.018,42.3448023,-71.0825832,16.659
5697,1493434368,1769567159254,21:25:59.254,42.3448023,-71.0825832,16.659
5698,1493696512,1769567159512,21:25:59.512,42.3448023,-71.0825832,16.659
5699,1493958656,1769567160193,21:26:00.193,42.3448023,-71.0825832,16.659
5700,1494220800,1769567161346,21:26:01.346,42.3448023,-71.0825832,16.659
5701,1494482944,1769567162170,21:26:02.170,42.3448023,-71.0825832,16.659
5702,1494745088,1769567162629,21:26:02.629,42.3448023,-71.0825832,16.659
5703,1495007232,1769567163014,21:26:03.014,42.3448023,-71.0825832,16.659
5704,1495269376,1769567163399,21:26:03.399,42.3448023,-71.0825832,16.659
5705,1495531520,1769567163765,21:26:03.765,42.3448023,-71.0825832,16.659
5706,1495793664,1769567164117,21:26:04.117,42.3448023,-71.0825832,16.659
5707,1496055808,1769567164469,21:26:04.469,42.3448023,-71.0825832,16.659
5708,1496317952,1769567164828,21:26:04.828,42.3448023,-71.0825832,16.659
5709,1496580096,1769567165173,21:26:05.173,42.3448023,-71.0825832,16.659
5710,1496842240,1769567165565,21:26:05.565,42.3448023,-71.0825832,16.659
5711,1497104384,1769567165995,21:26:05.995,42.3448023,-71.0825832,16.659
5712,1497366528,1769567166354,21:26:06.354,42.3448023,-71.0825832,16.659
5713,1497628672,1769567166729,21:26:06.729,42.3448023,-71.0825832,16.659
5714,1497890816,1769567167123,21:26:07.123,42.3448023,-71.0825832,16.659
5715,1498152960,1769567167516,21:26:07.516,42.3448023,-71.0825832,16.659
5716,1498415104,1769567167894,21:26:07.894,42.3448023,-71.0825832,16.659
5717,1498677248,1769567168245,21:26:08.245,42.3448023,-71.0825832,16.659
5718,1498939392,1769567168595,21:26:08.595,42.3448023,-71.0825832,16.659
5719,1499201536,1769567168946,21:26:08.946,42.3448023,-71.0825832,16.659
5720,1499463680,1769567169344,21:26:09.344,42.3448023,-71.0825832,16.659
5721,1499725824,1769567169743,21:26:09.743,42.3448023,-71.0825832,16.659
5722,1499987968,1769567170131,21:26:10.131,42.3448023,-71.0825832,16.659
5723,1500250112,1769567170453,21:26:10.453,42.3448023,-71.0825832,16.659
5724,1500512256,1769567170805,21:26:10.805,42.3448023,-71.0825832,16.659
5725,1500774400,1769567171154,21:26:11.154,42.3448023,-71.0825832,16.659
5726,1501036544,1769567171505,21:26:11.505,42.3448023,-71.0825832,16.659
5727,1501298688,1769567171875,21:26:11.875,42.3448023,-71.0825832,16.659
5728,1501560832,1769567172236,21:26:12.236,42.3448023,-71.0825832,16.659
5729,1501822976,1769567172761,21:26:12.761,42.3448023,-71.0825832,16.659
5730,1502085120,1769567173408,21:26:13.408,42.3448023,-71.0825832,16.659
5731,1502347264,1769567174097,21:26:14.097,42.3448023,-71.0825832,16.659
5732,1502609408,1769567174570,21:26:14.570,42.3448023,-71.0825832,16.659
5733,1502871552,1769567175194,21:26:15.194,42.3448023,-71.0825832,16.659
5734,1503133696,1769567175789,21:26:15.789,42.3448023,-71.0825832,16.659
5735,1503395840,1769567176322,21:26:16.322,42.3448023,-71.0825832,16.659
5736,1503657984,1769567176746,21:26:16.746,42.3448023,-71.0825832,16.659
5737,1503920128,1769567177259,21:26:17.259,42.3448023,-71.0825832,16.659
5738,1504182272,1769567177713,21:26:17.713,42.3448023,-71.0825832,16.659
5739,1504444416,1769567178086,21:26:18.086,42.3448023,-71.0825832,16.659
5740,1504706560,1769567178438,21:26:18.438,42.3448023,-71.0825832,16.659
5741,1504968704,1769567178788,21:26:18.788,42.3448023,-71.0825832,16.659
5742,1505230848,1769567179138,21:26:19.138,42.3448023,-71.0825832,16.659
5743,1505492992,1769567179488,21:26:19.488,42.3448023,-71.0825832,16.659
5744,1505755136,1769567179841,21:26:19.841,42.3448023,-71.0825832,16.659
5745,1506017280,1769567180212,21:26:20.212,42.3448023,-71.0825832,16.659
5746,1506279424,1769567180612,21:26:20.612,42.3448023,-71.0825832,16.659
5747,1506541568,1769567181073,21:26:21.073,42.3448023,-71.0825832,16.659
5748,1506803712,1769567181550,21:26:21.550,42.3448023,-71.0825832,16.659
5749,1507065856,1769567186178,21:26:26.178,42.3448023,-71.0825832,16.659
5750,1507328000,1769567186429,21:26:26.429,42.3448023,-71.0825832,16.659
5751,1507590144,1769567186670,21:26:26.670,42.3448023,-71.0825832,16.659
5752,1507852288,1769567186937,21:26:26.937,42.3448023,-71.0825832,16.659
5753,1508114432,1769567187185,21:26:27.185,42.3448023,-71.0825832,16.659
5754,1508376576,1769567187439,21:26:27.439,42.3448023,-71.0825832,16.659
5755,1508638720,1769567187705,21:26:27.705,42.3448023,-71.0825832,16.659
5756,1508900864,1769567187985,21:26:27.985,42.3448023,-71.0825832,16.659
5757,1509163008,1769567188259,21:26:28.259,42.3448023,-71.0825832,16.659
5758,1509425152,1769567188503,21:26:28.503,42.3448023,-71.0825832,16.659
5759,1509687296,1769567188754,21:26:28.754,42.3448023,-71.0825832,16.659
5760,1509949440,1769567189014,21:26:29.014,42.3448023,-71.0825832,16.659
5761,1510211584,1769567189270,21:26:29.270,42.3448023,-71.0825832,16.659
5762,1510473728,1769567189512,21:26:29.512,42.3448023,-71.0825832,16.659
5763,1510735872,1769567189768,21:26:29.768,42.3448023,-71.0825832,16.659
5764,1510998016,1769567190024,21:26:30.024,42.3448023,-71.0825832,16.659
5765,1511260160,1769567190287,21:26:30.287,42.3448023,-71.0825832,16.659
5766,1511522304,1769567190542,21:26:30.542,42.3448023,-71.0825832,16.659
5767,1511784448,1769567190801,21:26:30.801,42.3448023,-71.0825832,16.659
5768,1512046592,1769567191067,21:26:31.067,42.3448023,-71.0825832,16.659
5769,1512308736,1769567191326,21:26:31.326,42.3448023,-71.0825832,16.659
5770,1512570880,1769567191575,21:26:31.575,42.3448023,-71.0825832,16.659
5771,1512833024,1769567191816,21:26:31.816,42.3448023,-71.0825832,16.659
5772,1513095168,1769567192328,21:26:32.328,42.3448023,-71.0825832,16.659
5773,1513357312,1769567192954,21:26:32.954,42.3448023,-71.0825832,16.659
5774,1513619456,1769567193429,21:26:33.429,42.3448023,-71.0825832,16.659
5775,1513881600,1769567193914,21:26:33.914,42.3448023,-71.0825832,16.659
5776,1514143744,1769567194423,21:26:34.423,42.3448023,-71.0825832,16.659
5777,1514405888,1769567194823,21:26:34.823,42.3448023,-71.0825832,16.659
5778,1514668032,1769567195182,21:26:35.182,42.3448023,-71.0825832,16.659
5779,1514930176,1769567195568,21:26:35.568,42.3448023,-71.0825832,16.659
5780,1515192320,1769567196118,21:26:36.118,42.3448023,-71.0825832,16.659
5781,1515454464,1769567196647,21:26:36.647,42.3448023,-71.0825832,16.659
5782,1515716608,1769567197113,21:26:37.113,42.3448023,-71.0825832,16.659
5783,1515978752,1769567197575,21:26:37.575,42.3448023,-71.0825832,16.659
5784,1516240896,1769567198001,21:26:38.001,42.3448023,-71.0825832,16.659
5785,1516503040,1769567198721,21:26:38.721,42.3448023,-71.0825832,16.659
5786,1516765184,1769567199406,21:26:39.406,42.3448023,-71.0825832,16.659
5787,1517027328,1769567200481,21:26:40.481,42.3448023,-71.0825832,16.659
5788,1517289472,1769567201332,21:26:41.332,42.3448023,-71.0825832,16.659
5789,1517551616,1769567202238,21:26:42.238,42.3448023,-71.0825832,16.659
5790,1517813760,1769567202902,21:26:42.902,42.3448023,-71.0825832,16.659
5791,1518075904,1769567203357,21:26:43.357,42.3448023,-71.0825832,16.659
5792,1518338048,1769567203691,21:26:43.691,42.3448023,-71.0825832,16.659
5793,1518600192,1769567204138,21:26:44.138,42.3448023,-71.0825832,16.659
5794,1518862336,1769567204625,21:26:44.625,42.3448023,-71.0825832,16.659
5795,1519124480,1769567205072,21:26:45.072,42.3448023,-71.0825832,16.659
5796,1519386624,1769567205471,21:26:45.471,42.3448023,-71.0825832,16.659
5797,1519648768,1769567205868,21:26:45.868,42.3448023,-71.0825832,16.659
5798,1519910912,1769567206366,21:26:46.366,42.3448023,-71.0825832,16.659
5799,1520173056,1769567206779,21:26:46.779,42.3448023,-71.0825832,16.659
5800,1520435200,1769567207065,21:26:47.065,42.3448023,-71.0825832,16.659
5801,1520697344,1769567207418,21:26:47.418,42.3448023,-71.0825832,16.659
5802,1520959488,1769567207811,21:26:47.811,42.3448023,-71.0825832,16.659
5803,1521221632,1769567208242,21:26:48.242,42.3448023,-71.0825832,16.659
5804,1521483776,1769567208770,21:26:48.770,42.3448023,-71.0825832,16.659
5805,1521745920,1769567209182,21:26:49.182,42.3448023,-71.0825832,16.659
5806,1522008064,1769567209551,21:26:49.551,42.3448023,-71.0825832,16.659
5807,1522270208,1769567209941,21:26:49.941,42.3448023,-71.0825832,16.659
5808,1522532352,1769567210417,21:26:50.417,42.3448023,-71.0825832,16.659
5809,1522794496,1769567210819,21:26:50.819,42.3448023,-71.0825832,16.659
5810,1523056640,1769567211133,21:26:51.133,42.3448023,-71.0825832,16.659
5811,1523318784,1769567211482,21:26:51.482,42.3448023,-71.0825832,16.659
5812,1523580928,1769567211833,21:26:51.833,42.3448023,-71.0825832,16.659
5813,1523843072,1769567216407,21:26:56.407,42.3448023,-71.0825832,16.659
5814,1524105216,1769567216669,21:26:56.669,42.3448023,-71.0825832,16.659
5815,1524367360,1769567216915,21:26:56.915,42.3448023,-71.0825832,16.659
5816,1524629504,1769567217188,21:26:57.188,42.3448023,-71.0825832,16.659
5817,1524891648,1769567217443,21:26:57.443,42.3448023,-71.0825832,16.659
5818,1525153792,1769567217696,21:26:57.696,42.3448023,-71.0825832,16.659
5819,1525415936,1769567217947,21:26:57.947,42.3448023,-71.0825832,16.659
5820,1525678080,1769567218196,21:26:58.196,42.3448023,-71.0825832,16.659
5821,1525940224,1769567218445,21:26:58.445,42.3448023,-71.0825832,16.659
5822,1526202368,1769567218698,21:26:58.698,42.3448023,-71.0825832,16.659
5823,1526464512,1769567218963,21:26:58.963,42.3448023,-71.0825832,16.659
5824,1526726656,1769567219217,21:26:59.217,42.3448023,-71.0825832,16.659
5825,1526988800,1769567219485,21:26:59.485,42.3448023,-71.0825832,16.659
5826,1527250944,1769567219741,21:26:59.741,42.3448023,-71.0825832,16.659
5827,1527513088,1769567219978,21:26:59.978,42.3448023,-71.0825832,16.659
5828,1527775232,1769567220230,21:27:00.230,42.3448023,-71.0825832,16.659
5829,1528037376,1769567220690,21:27:00.690,42.3448023,-71.0825832,16.659
5830,1528299520,1769567221172,21:27:01.172,42.3448023,-71.0825832,16.659
5831,1528561664,1769567221747,21:27:01.747,42.3448023,-71.0825832,16.659
5832,1528823808,1769567222342,21:27:02.342,42.3448023,-71.0825832,16.659
5833,1529085952,1769567222880,21:27:02.880,42.3448023,-71.0825832,16.659
5834,1529348096,1769567223233,21:27:03.233,42.3448023,-71.0825832,16.659
5835,1529610240,1769567223586,21:27:03.586,42.3448023,-71.0825832,16.659
5836,1529872384,1769567223936,21:27:03.936,42.3448023,-71.0825832,16.659
5837,1530134528,1769567224287,21:27:04.287,42.3448023,-71.0825832,16.659
5838,1530396672,1769567224639,21:27:04.639,42.3448023,-71.0825832,16.659
5839,1530658816,1769567224991,21:27:04.991,42.3448023,-71.0825832,16.659
5840,1530920960,1769567225357,21:27:05.357,42.3448023,-71.0825832,16.659
5841,1531183104,1769567225759,21:27:05.759,42.3448023,-71.0825832,16.659
5842,1531445248,1769567226123,21:27:06.123,42.3448023,-71.0825832,16.659
5843,1531707392,1769567226463,21:27:06.463,42.3448023,-71.0825832,16.659
5844,1531969536,1769567226869,21:27:06.869,42.3448023,-71.0825832,16.659
5845,1532231680,1769567227221,21:27:07.221,42.3448023,-71.0825832,16.659
5846,1532493824,1769567227628,21:27:07.628,42.3448023,-71.0825832,16.659
5847,1532755968,1769567228021,21:27:08.021,42.3448023,-71.0825832,16.659
5848,1533018112,1769567228392,21:27:08.392,42.3448023,-71.0825832,16.659
5849,1533280256,1769567228766,21:27:08.766,42.3448023,-71.0825832,16.659
5850,1533542400,1769567229091,21:27:09.091,42.3448023,-71.0825832,16.659
5851,1533804544,1769567229441,21:27:09.441,42.3448023,-71.0825832,16.659
5852,1534066688,1769567229818,21:27:09.818,42.3448023,-71.0825832,16.659
5853,1534328832,1769567230268,21:27:10.268,42.3448023,-71.0825832,16.659
5854,1534590976,1769567230798,21:27:10.798,42.3448023,-71.0825832,16.659
5855,1534853120,1769567231387,21:27:11.387,42.3448023,-71.0825832,16.659
5856,1535115264,1769567231807,21:27:11.807,42.3448023,-71.0825832,16.659
5857,1535377408,1769567232238,21:27:12.238,42.3448023,-71.0825832,16.659
5858,1535639552,1769567232617,21:27:12.617,42.3448023,-71.0825832,16.659
5859,1535901696,1769567233233,21:27:13.233,42.3448023,-71.0825832,16.659
5860,1536163840,1769567233877,21:27:13.877,42.3448023,-71.0825832,16.659
5861,1536425984,1769567234526,21:27:14.526,42.3448023,-71.0825832,16.659
5862,1536688128,1769567235173,21:27:15.173,42.3448023,-71.0825832,16.659
5863,1536950272,1769567235669,21:27:15.669,42.3448023,-71.0825832,16.659
5864,1537212416,1769567236332,21:27:16.332,42.3448023,-71.0825832,16.659
5865,1537474560,1769567236822,21:27:16.822,42.3448023,-71.0825832,16.659
5866,1537736704,1769567237374,21:27:17.374,42.3448023,-71.0825832,16.659
5867,1537998848,1769567237872,21:27:17.872,42.3448023,-71.0825832,16.659
5868,1538260992,1769567238180,21:27:18.180,42.3448023,-71.0825832,16.659
5869,1538523136,1769567238593,21:27:18.593,42.3448023,-71.0825832,16.659
5870,1538785280,1769567238945,21:27:18.945,42.3448023,-71.0825832,16.659
5871,1539047424,1769567239295,21:27:19.295,42.3448023,-71.0825832,16.659
5872,1539309568,1769567239646,21:27:19.646,42.3448023,-71.0825832,16.659
5873,1539571712,1769567240030,21:27:20.030,42.3448023,-71.0825832,16.659
5874,1539833856,1769567240347,21:27:20.347,42.3448023,-71.0825832,16.659
5875,1540096000,1769567240697,21:27:20.697,42.3448023,-71.0825832,16.659
5876,1540358144,1769567241049,21:27:21.049,42.3448023,-71.0825832,16.659
5877,1540620288,1769567241402,21:27:21.402,42.3448023,-71.0825832,16.659
5878,1540882432,1769567241770,21:27:21.770,42.3448023,-71.0825832,16.659
5879,1541144576,1769567242102,21:27:22.102,42.3448023,-71.0825832,16.659
5880,1541406720,1769567246717,21:27:26.717,42.3448023,-71.0825832,16.659
5881,1541668864,1769567246980,21:27:26.980,42.3448023,-71.0825832,16.659
5882,1541931008,1769567247227,21:27:27.227,42.3448023,-71.0825832,16.659
5883,1542193152,1769567247485,21:27:27.485,42.3448023,-71.0825832,16.659
5884,1542455296,1769567247749,21:27:27.749,42.3448023,-71.0825832,16.659
5885,1542717440,1769567248015,21:27:28.015,42.3448023,-71.0825832,16.659
5886,1542979584,1769567248275,21:27:28.275,42.3448023,-71.0825832,16.659
5887,1543241728,1769567248540,21:27:28.540,42.3448023,-71.0825832,16.659
5888,1543503872,1769567248776,21:27:28.776,42.3448023,-71.0825832,16.659
5889,1543766016,1769567249022,21:27:29.022,42.3448023,-71.0825832,16.659
5890,1544028160,1769567249265,21:27:29.265,42.3448023,-71.0825832,16.659
5891,1544290304,1769567249520,21:27:29.520,42.3448023,-71.0825832,16.659
5892,1544552448,1769567249770,21:27:29.770,42.3448023,-71.0825832,16.659
5893,1544814592,1769567250008,21:27:30.008,42.3448023,-71.0825832,16.659
5894,1545076736,1769567250246,21:27:30.246,42.3448023,-71.0825832,16.659
5895,1545338880,1769567250490,21:27:30.490,42.3448023,-71.0825832,16.659
5896,1545601024,1769567250739,21:27:30.739,42.3448023,-71.0825832,16.659
5897,1545863168,1769567251002,21:27:31.002,42.3448023,-71.0825832,16.659
5898,1546125312,1769567251261,21:27:31.261,42.3448023,-71.0825832,16.659
5899,1546387456,1769567251521,21:27:31.521,42.3448023,-71.0825832,16.659
5900,1546649600,1769567251778,21:27:31.778,42.3448023,-71.0825832,16.659
5901,1546911744,1769567252038,21:27:32.038,42.3448023,-71.0825832,16.659
5902,1547173888,1769567252282,21:27:32.282,42.3448023,-71.0825832,16.659
5903,1547436032,1769567252781,21:27:32.781,42.3448023,-71.0825832,16.659
5904,1547698176,1769567253213,21:27:33.213,42.3448023,-71.0825832,16.659
5905,1547960320,1769567253557,21:27:33.557,42.3448023,-71.0825832,16.659
5906,1548222464,1769567253917,21:27:33.917,42.3448023,-71.0825832,16.659
5907,1548484608,1769567254262,21:27:34.262,42.3448023,-71.0825832,16.659
5908,1548746752,1769567254612,21:27:34.612,42.3448023,-71.0825832,16.659
5909,1549008896,1769567254967,21:27:34.967,42.3448023,-71.0825832,16.659
5910,1549271040,1769567255365,21:27:35.365,42.3448023,-71.0825832,16.659
5911,1549533184,1769567255671,21:27:35.671,42.3448023,-71.0825832,16.659
5912,1549795328,1769567256023,21:27:36.023,42.3448023,-71.0825832,16.659
5913,1550057472,1769567256395,21:27:36.395,42.3448023,-71.0825832,16.659
5914,1550319616,1769567256723,21:27:36.723,42.3448023,-71.0825832,16.659
5915,1550581760,1769567257161,21:27:37.161,42.3448023,-71.0825832,16.659
5916,1550843904,1769567257552,21:27:37.552,42.3448023,-71.0825832,16.659
5917,1551106048,1769567257934,21:27:37.934,42.3448023,-71.0825832,16.659
5918,1551368192,1769567258306,21:27:38.306,42.3448023,-71.0825832,16.659
5919,1551630336,1769567258748,21:27:38.748,42.3448023,-71.0825832,16.659
5920,1551892480,1769567259231,21:27:39.231,42.3448023,-71.0825832,16.659
5921,1552154624,1769567259662,21:27:39.662,42.3448023,-71.0825832,16.659
5922,1552416768,1769567260018,21:27:40.018,42.3448023,-71.0825832,16.659
5923,1552678912,1769567260371,21:27:40.371,42.3448023,-71.0825832,16.659
5924,1552941056,1769567260722,21:27:40.722,42.3448023,-71.0825832,16.659
5925,1553203200,1769567261227,21:27:41.227,42.3448023,-71.0825832,16.659
5926,1553465344,1769567261756,21:27:41.756,42.3448023,-71.0825832,16.659
5927,1553727488,1769567262003,21:27:42.003,42.3448023,-71.0825832,16.659
5928,1553989632,1769567262278,21:27:42.278,42.3448023,-71.0825832,16.659
5929,1554251776,1769567262629,21:27:42.629,42.3448023,-71.0825832,16.659
5930,1554513920,1769567262993,21:27:42.993,42.3448023,-71.0825832,16.659
5931,1554776064,1769567263341,21:27:43.341,42.3448023,-71.0825832,16.659
5932,1555038208,1769567263692,21:27:43.692,42.3448023,-71.0825832,16.659
5933,1555300352,1769567264044,21:27:44.044,42.3448023,-71.0825832,16.659
5934,1555562496,1769567264395,21:27:44.395,42.3448023,-71.0825832,16.659
5935,1555824640,1769567264744,21:27:44.744,42.3448023,-71.0825832,16.659
5936,1556086784,1769567265101,21:27:45.101,42.3448023,-71.0825832,16.659
5937,1556348928,1769567265447,21:27:45.447,42.3448023,-71.0825832,16.659
5938,1556611072,1769567265797,21:27:45.797,42.3448023,-71.0825832,16.659
5939,1556873216,1769567266146,21:27:46.146,42.3448023,-71.0825832,16.659
5940,1557135360,1769567266498,21:27:46.498,42.3448023,-71.0825832,16.659
5941,1557397504,1769567266849,21:27:46.849,42.3448023,-71.0825832,16.659
5942,1557659648,1769567267197,21:27:47.197,42.3448023,-71.0825832,16.659
5943,1557921792,1769567267549,21:27:47.549,42.3448023,-71.0825832,16.659
5944,1558183936,1769567267907,21:27:47.907,42.3448023,-71.0825832,16.659
5945,1558446080,1769567268271,21:27:48.271,42.3448023,-71.0825832,16.659
5946,1558708224,1769567268580,21:27:48.580,42.3448023,-71.0825832,16.659
5947,1558970368,1769567268997,21:27:48.997,42.3448023,-71.0825832,16.659
5948,1559232512,1769567269391,21:27:49.391,42.3448023,-71.0825832,16.659
5949,1559494656,1769567269778,21:27:49.778,42.3448023,-71.0825832,16.659
5950,1559756800,1769567270203,21:27:50.203,42.3448023,-71.0825832,16.659
5951,1560018944,1769567270602,21:27:50.602,42.3448023,-71.0825832,16.659
5952,1560281088,1769567271035,21:27:51.035,42.3448023,-71.0825832,16.659
5953,1560543232,1769567271434,21:27:51.434,42.3448023,-71.0825832,16.659
5954,1560805376,1769567271833,21:27:51.833,42.3448023,-71.0825832,16.659
5955,1561067520,1769567272226,21:27:52.226,42.3448023,-71.0825832,16.659
5956,1561329664,1769567277263,21:27:57.263,42.3448023,-71.0825832,16.659
5957,1561591808,1769567277526,21:27:57.526,42.3448023,-71.0825832,16.659
5958,1561853952,1769567277789,21:27:57.789,42.3448023,-71.0825832,16.659
5959,1562116096,1769567278035,21:27:58.035,42.3448023,-71.0825832,16.659
5960,1562378240,1769567278299,21:27:58.299,42.3448023,-71.0825832,16.659
5961,1562640384,1769567278546,21:27:58.546,42.3448023,-71.0825832,16.659
5962,1562902528,1769567278790,21:27:58.790,42.3448023,-71.0825832,16.659
5963,1563164672,1769567279072,21:27:59.072,42.3448023,-71.0825832,16.659
5964,1563426816,1769567279350,21:27:59.350,42.3448023,-71.0825832,16.659
5965,1563688960,1769567279600,21:27:59.600,42.3448023,-71.0825832,16.659
5966,1563951104,1769567279852,21:27:59.852,42.3448023,-71.0825832,16.659
5967,1564213248,1769567280100,21:28:00.100,42.3448023,-71.0825832,16.659
5968,1564475392,1769567280334,21:28:00.334,42.3448023,-71.0825832,16.659
5969,1564737536,1769567280589,21:28:00.589,42.3448023,-71.0825832,16.659
5970,1564999680,1769567280851,21:28:00.851,42.3448023,-71.0825832,16.659
5971,1565261824,1769567281123,21:28:01.123,42.3448023,-71.0825832,16.659
5972,1565523968,1769567281387,21:28:01.387,42.3448023,-71.0825832,16.659
5973,1565786112,1769567281649,21:28:01.649,42.3448023,-71.0825832,16.659
5974,1566048256,1769567281907,21:28:01.907,42.3448023,-71.0825832,16.659
5975,1566310400,1769567282180,21:28:02.180,42.3448023,-71.0825832,16.659
5976,1566572544,1769567282448,21:28:02.448,42.3448023,-71.0825832,16.659
5977,1566834688,1769567282713,21:28:02.713,42.3448023,-71.0825832,16.659
5978,1567096832,1769567282976,21:28:02.976,42.3448023,-71.0825832,16.659
5979,1567358976,1769567283241,21:28:03.241,42.3448023,-71.0825832,16.659
5980,1567621120,1769567283496,21:28:03.496,42.3448023,-71.0825832,16.659
5981,1567883264,1769567283765,21:28:03.765,42.3448023,-71.0825832,16.659
5982,1568145408,1769567284028,21:28:04.028,42.3448023,-71.0825832,16.659
5983,1568407552,1769567284291,21:28:04.291,42.3448023,-71.0825832,16.659
5984,1568669696,1769567284558,21:28:04.558,42.3448023,-71.0825832,16.659
5985,1568931840,1769567284827,21:28:04.827,42.3448023,-71.0825832,16.659
5986,1569193984,1769567285205,21:28:05.205,42.3448023,-71.0825832,16.659
5987,1569456128,1769567285578,21:28:05.578,42.3448023,-71.0825832,16.659
5988,1569718272,1769567285990,21:28:05.990,42.3448023,-71.0825832,16.659
5989,1569980416,1769567286425,21:28:06.425,42.3448023,-71.0825832,16.659
5990,1570242560,1769567286896,21:28:06.896,42.3448023,-71.0825832,16.659
5991,1570504704,1769567287340,21:28:07.340,42.3448023,-71.0825832,16.659
5992,1570766848,1769567287715,21:28:07.715,42.3448023,-71.0825832,16.659
5993,1571028992,1769567288187,21:28:08.187,42.3448023,-71.0825832,16.659
5994,1571291136,1769567288580,21:28:08.580,42.3448023,-71.0825832,16.659
5995,1571553280,1769567289109,21:28:09.109,42.3448023,-71.0825832,16.659
5996,1571815424,1769567289676,21:28:09.676,42.3448023,-71.0825832,16.659
5997,1572077568,1769567290083,21:28:10.083,42.3448023,-71.0825832,16.659
5998,1572339712,1769567290630,21:28:10.630,42.3448023,-71.0825832,16.659
5999,1572601856,1769567291279,21:28:11.279,42.3448023,-71.0825832,16.659
6000,1572864000,1769567291822,21:28:11.822,42.3448023,-71.0825832,16.659
6001,1573126144,1769567292559,21:28:12.559,42.3448023,-71.0825832,16.659
6002,1573388288,1769567293055,21:28:13.055,42.3448023,-71.0825832,16.659
6003,1573650432,1769567293315,21:28:13.315,42.3448023,-71.0825832,16.659
6004,1573912576,1769567293645,21:28:13.645,42.3448023,-71.0825832,16.659
6005,1574174720,1769567294080,21:28:14.080,42.3448023,-71.0825832,16.659
6006,1574436864,1769567294432,21:28:14.432,42.3448023,-71.0825832,16.659
6007,1574699008,1769567294785,21:28:14.785,42.3448023,-71.0825832,16.659
6008,1574961152,1769567295146,21:28:15.146,42.3448023,-71.0825832,16.659
6009,1575223296,1769567295483,21:28:15.483,42.3448023,-71.0825832,16.659
6010,1575485440,1769567295834,21:28:15.834,42.3448023,-71.0825832,16.659
6011,1575747584,1769567296186,21:28:16.186,42.3448023,-71.0825832,16.659
6012,1576009728,1769567296536,21:28:16.536,42.3448023,-71.0825832,16.659
6013,1576271872,1769567296888,21:28:16.888,42.3448023,-71.0825832,16.659
6014,1576534016,1769567297238,21:28:17.238,42.3448023,-71.0825832,16.659
6015,1576796160,1769567297588,21:28:17.588,42.3448023,-71.0825832,16.659
6016,1577058304,1769567297957,21:28:17.957,42.3448023,-71.0825832,16.659
6017,1577320448,1769567298260,21:28:18.260,42.3448023,-71.0825832,16.659
6018,1577582592,1769567298606,21:28:18.606,42.3448023,-71.0825832,16.659
6019,1577844736,1769567298956,21:28:18.956,42.3448023,-71.0825832,16.659
6020,1578106880,1769567299305,21:28:19.305,42.3448023,-71.0825832,16.659
6021,1578369024,1769567299656,21:28:19.656,42.3448023,-71.0825832,16.659
6022,1578631168,1769567300009,21:28:20.009,42.3448023,-71.0825832,16.659
6023,1578893312,1769567300360,21:28:20.360,42.3448023,-71.0825832,16.659
6024,1579155456,1769567300711,21:28:20.711,42.3448023,-71.0825832,16.659
6025,1579417600,1769567301062,21:28:21.062,42.3448023,-71.0825832,16.659
6026,1579679744,1769567301443,21:28:21.443,42.3448023,-71.0825832,16.659
6027,1579941888,1769567301833,21:28:21.833,42.3448023,-71.0825832,16.659
6028,1580204032,1769567302194,21:28:22.194,42.3448023,-71.0825832,16.659
6029,1580466176,1769567307097,21:28:27.097,42.3448023,-71.0825832,16.659
6030,1580728320,1769567307356,21:28:27.356,42.3448023,-71.0825832,16.659
6031,1580990464,1769567307603,21:28:27.603,42.3448023,-71.0825832,16.659
6032,1581252608,1769567307852,21:28:27.852,42.3448023,-71.0825832,16.659
6033,1581514752,1769567308130,21:28:28.130,42.3448023,-71.0825832,16.659
6034,1581776896,1769567308397,21:28:28.397,42.3448023,-71.0825832,16.659
6035,1582039040,1769567308662,21:28:28.662,42.3448023,-71.0825832,16.659
6036,1582301184,1769567308911,21:28:28.911,42.3448023,-71.0825832,16.659
6037,1582563328,1769567309178,21:28:29.178,42.3448023,-71.0825832,16.659
6038,1582825472,1769567309448,21:28:29.448,42.3448023,-71.0825832,16.659
6039,1583087616,1769567309725,21:28:29.725,42.3448023,-71.0825832,16.659
6040,1583349760,1769567309974,21:28:29.974,42.3448023,-71.0825832,16.659
6041,1583611904,1769567310233,21:28:30.233,42.3448023,-71.0825832,16.659
6042,1583874048,1769567310492,21:28:30.492,42.3448023,-71.0825832,16.659
6043,1584136192,1769567310729,21:28:30.729,42.3448023,-71.0825832,16.659
6044,1584398336,1769567310982,21:28:30.982,42.3448023,-71.0825832,16.659
6045,1584660480,1769567311219,21:28:31.219,42.3448023,-71.0825832,16.659
6046,1584922624,1769567311473,21:28:31.473,42.3448023,-71.0825832,16.659
6047,1585184768,1769567311732,21:28:31.732,42.3448023,-71.0825832,16.659
6048,1585446912,1769567311988,21:28:31.988,42.3448023,-71.0825832,16.659
6049,1585709056,1769567312234,21:28:32.234,42.3448023,-71.0825832,16.659
6050,1585971200,1769567312482,21:28:32.482,42.3448023,-71.0825832,16.659
6051,1586233344,1769567312740,21:28:32.740,42.3448023,-71.0825832,16.659
6052,1586495488,1769567313040,21:28:33.040,42.3448023,-71.0825832,16.659
6053,1586757632,1769567313391,21:28:33.391,42.3448023,-71.0825832,16.659
6054,1587019776,1769567313741,21:28:33.741,42.3448023,-71.0825832,16.659
6055,1587281920,1769567314102,21:28:34.102,42.3448023,-71.0825832,16.659
6056,1587544064,1769567314441,21:28:34.441,42.3448023,-71.0825832,16.659
6057,1587806208,1769567314794,21:28:34.794,42.3448023,-71.0825832,16.659
6058,1588068352,1769567315189,21:28:35.189,42.3448023,-71.0825832,16.659
6059,1588330496,1769567315578,21:28:35.578,42.3448023,-71.0825832,16.659
6060,1588592640,1769567315986,21:28:35.986,42.3448023,-71.0825832,16.659
6061,1588854784,1769567316373,21:28:36.373,42.3448023,-71.0825832,16.659
6062,1589116928,1769567316781,21:28:36.781,42.3448023,-71.0825832,16.659
6063,1589379072,1769567317160,21:28:37.160,42.3448023,-71.0825832,16.659
6064,1589641216,1769567317581,21:28:37.581,42.3448023,-71.0825832,16.659
6065,1589903360,1769567318015,21:28:38.015,42.3448023,-71.0825832,16.659
6066,1590165504,1769567318546,21:28:38.546,42.3448023,-71.0825832,16.659
6067,1590427648,1769567318979,21:28:38.979,42.3448023,-71.0825832,16.659
6068,1590689792,1769567319355,21:28:39.355,42.3448023,-71.0825832,16.659
6069,1590951936,1769567319788,21:28:39.788,42.3448023,-71.0825832,16.659
6070,1591214080,1769567320320,21:28:40.320,42.3448023,-71.0825832,16.659
6071,1591476224,1769567320809,21:28:40.809,42.3448023,-71.0825832,16.659
6072,1591738368,1769567321361,21:28:41.361,42.3448023,-71.0825832,16.659
6073,1592000512,1769567321829,21:28:41.829,42.3448023,-71.0825832,16.659
6074,1592262656,1769567322646,21:28:42.646,42.3448023,-71.0825832,16.659
6075,1592524800,1769567323373,21:28:43.373,42.3448023,-71.0825832,16.659
6076,1592786944,1769567323943,21:28:43.943,42.3448023,-71.0825832,16.659
6077,1593049088,1769567324710,21:28:44.710,42.3448023,-71.0825832,16.659
6078,1593311232,1769567325201,21:28:45.201,42.3448023,-71.0825832,16.659
6079,1593573376,1769567325618,21:28:45.618,42.3448023,-71.0825832,16.659
6080,1593835520,1769567326040,21:28:46.040,42.3448023,-71.0825832,16.659
6081,1594097664,1769567326652,21:28:46.652,42.3448023,-71.0825832,16.659
6082,1594359808,1769567327034,21:28:47.034,42.3448023,-71.0825832,16.659
6083,1594621952,1769567327602,21:28:47.602,42.3448023,-71.0825832,16.659
6084,1594884096,1769567328016,21:28:48.016,42.3448023,-71.0825832,16.659
6085,1595146240,1769567328342,21:28:48.342,42.3448023,-71.0825832,16.659
6086,1595408384,1769567328761,21:28:48.761,42.3448023,-71.0825832,16.659
6087,1595670528,1769567329208,21:28:49.208,42.3448023,-71.0825832,16.659
6088,1595932672,1769567329560,21:28:49.560,42.3448023,-71.0825832,16.659
6089,1596194816,1769567329913,21:28:49.913,42.3448023,-71.0825832,16.659
6090,1596456960,1769567330288,21:28:50.288,42.3448023,-71.0825832,16.659
6091,1596719104,1769567330613,21:28:50.613,42.3448023,-71.0825832,16.659
6092,1596981248,1769567330964,21:28:50.964,42.3448023,-71.0825832,16.659
6093,1597243392,1769567331315,21:28:51.315,42.3448023,-71.0825832,16.659
6094,1597505536,1769567331751,21:28:51.751,42.3448023,-71.0825832,16.659
6095,1597767680,1769567332167,21:28:52.167,42.3448023,-71.0825832,16.659
6096,1598029824,1769567332504,21:28:52.504,42.3448023,-71.0825832,16.659
6097,1598291968,1769567336939,21:28:56.939,42.3448023,-71.0825832,16.659
6098,1598554112,1769567337199,21:28:57.199,42.3448023,-71.0825832,16.659
6099,1598816256,1769567337449,21:28:57.449,42.3448023,-71.0825832,16.659
6100,1599078400,1769567337699,21:28:57.699,42.3448023,-71.0825832,16.659
6101,1599340544,1769567337947,21:28:57.947,42.3448023,-71.0825832,16.659
6102,1599602688,1769567338213,21:28:58.213,42.3448023,-71.0825832,16.659
6103,1599864832,1769567338453,21:28:58.453,42.3448023,-71.0825832,16.659
6104,1600126976,1769567338708,21:28:58.708,42.3448023,-71.0825832,16.659
6105,1600389120,1769567338968,21:28:58.968,42.3448023,-71.0825832,16.659
6106,1600651264,1769567339222,21:28:59.222,42.3448023,-71.0825832,16.659
6107,1600913408,1769567339473,21:28:59.473,42.3448023,-71.0825832,16.659
6108,1601175552,1769567339722,21:28:59.722,42.3448023,-71.0825832,16.659
6109,1601437696,1769567339973,21:28:59.973,42.3448023,-71.0825832,16.659
6110,1601699840,1769567340223,21:29:00.223,42.3448023,-71.0825832,16.659
6111,1601961984,1769567340479,21:29:00.479,42.3448023,-71.0825832,16.659
6112,1602224128,1769567340721,21:29:00.721,42.3448023,-71.0825832,16.659
6113,1602486272,1769567340959,21:29:00.959,42.3448023,-71.0825832,16.659
6114,1602748416,1769567341225,21:29:01.225,42.3448023,-71.0825832,16.659
6115,1603010560,1769567341486,21:29:01.486,42.3448023,-71.0825832,16.659
6116,1603272704,1769567341734,21:29:01.734,42.3448023,-71.0825832,16.659
6117,1603534848,1769567341993,21:29:01.993,42.3448023,-71.0825832,16.659
6118,1603796992,1769567342282,21:29:02.282,42.3448023,-71.0825832,16.659
6119,1604059136,1769567343038,21:29:03.038,42.3448023,-71.0825832,16.659
6120,1604321280,1769567343784,21:29:03.784,42.3448023,-71.0825832,16.659
6121,1604583424,1769567344391,21:29:04.391,42.3448023,-71.0825832,16.659
6122,1604845568,1769567345214,21:29:05.214,42.3448023,-71.0825832,16.659
6123,1605107712,1769567346058,21:29:06.058,42.3448023,-71.0825832,16.659
6124,1605369856,1769567346780,21:29:06.780,42.3448023,-71.0825832,16.659
6125,1605632000,1769567347195,21:29:07.195,42.3448023,-71.0825832,16.659
6126,1605894144,1769567347899,21:29:07.899,42.3448023,-71.0825832,16.659
6127,1606156288,1769567348381,21:29:08.381,42.3448023,-71.0825832,16.659
6128,1606418432,1769567348667,21:29:08.667,42.3448023,-71.0825832,16.659
6129,1606680576,1769567349019,21:29:09.019,42.3448023,-71.0825832,16.659
6130,1606942720,1769567349397,21:29:09.397,42.3448023,-71.0825832,16.659
6131,1607204864,1769567349719,21:29:09.719,42.3448023,-71.0825832,16.659
6132,1607467008,1769567350070,21:29:10.070,42.3448023,-71.0825832,16.659
6133,1607729152,1769567350420,21:29:10.420,42.3448023,-71.0825832,16.659
6134,1607991296,1769567350804,21:29:10.804,42.3448023,-71.0825832,16.659
6135,1608253440,1769567351156,21:29:11.156,42.3448023,-71.0825832,16.659
6136,1608515584,1769567351509,21:29:11.509,42.3448023,-71.0825832,16.659
6137,1608777728,1769567351878,21:29:11.878,42.3448023,-71.0825832,16.659
6138,1609039872,1769567352235,21:29:12.235,42.3448023,-71.0825832,16.659
6139,1609302016,1769567352594,21:29:12.594,42.3448023,-71.0825832,16.659
6140,1609564160,1769567352997,21:29:12.997,42.3448023,-71.0825832,16.659
6141,1609826304,1769567353350,21:29:13.350,42.3448023,-71.0825832,16.659
6142,1610088448,1769567353696,21:29:13.696,42.3448023,-71.0825832,16.659
6143,1610350592,1769567354106,21:29:14.106,42.3448023,-71.0825832,16.659
6144,1610612736,1769567354395,21:29:14.395,42.3448023,-71.0825832,16.659
6145,1610874880,1769567354876,21:29:14.876,42.3448023,-71.0825832,16.659
6146,1611137024,1769567355363,21:29:15.363,42.3448023,-71.0825832,16.659
6147,1611399168,1769567355600,21:29:15.600,42.3448023,-71.0825832,16.659
6148,1611661312,1769567356012,21:29:16.012,42.3448023,-71.0825832,16.659
6149,1611923456,1769567356449,21:29:16.449,42.3448023,-71.0825832,16.659
6150,1612185600,1769567356753,21:29:16.753,42.3448023,-71.0825832,16.659
6151,1612447744,1769567357104,21:29:17.104,42.3448023,-71.0825832,16.659
6152,1612709888,1769567357453,21:29:17.453,42.3448023,-71.0825832,16.659
6153,1612972032,1769567357957,21:29:17.957,42.3448023,-71.0825832,16.659
6154,1613234176,1769567358678,21:29:18.678,42.3448023,-71.0825832,16.659
6155,1613496320,1769567359301,21:29:19.301,42.3448023,-71.0825832,16.659
6156,1613758464,1769567360180,21:29:20.180,42.3448023,-71.0825832,16.659
6157,1614020608,1769567361098,21:29:21.098,42.3448023,-71.0825832,16.659
6158,1614282752,1769567362125,21:29:22.125,42.3448023,-71.0825832,16.659
6159,1614544896,1769567362865,21:29:22.865,42.3448023,-71.0825832,16.659
6160,1614807040,1769567367295,21:29:27.295,42.3448023,-71.0825832,16.659
6161,1615069184,1769567367548,21:29:27.548,42.3448023,-71.0825832,16.659
6162,1615331328,1769567367790,21:29:27.790,42.3448023,-71.0825832,16.659
6163,1615593472,1769567368036,21:29:28.036,42.3448023,-71.0825832,16.659
6164,1615855616,1769567368276,21:29:28.276,42.3448023,-71.0825832,16.659
6165,1616117760,1769567368526,21:29:28.526,42.3448023,-71.0825832,16.659
6166,1616379904,1769567368774,21:29:28.774,42.3448023,-71.0825832,16.659
6167,1616642048,1769567369037,21:29:29.037,42.3448023,-71.0825832,16.659
6168,1616904192,1769567369286,21:29:29.286,42.3448023,-71.0825832,16.659
6169,1617166336,1769567369534,21:29:29.534,42.3448023,-71.0825832,16.659
6170,1617428480,1769567369780,21:29:29.780,42.3448023,-71.0825832,16.659
6171,1617690624,1769567370052,21:29:30.052,42.3448023,-71.0825832,16.659
6172,1617952768,1769567370322,21:29:30.322,42.3448023,-71.0825832,16.659
6173,1618214912,1769567370573,21:29:30.573,42.3448023,-71.0825832,16.659
6174,1618477056,1769567370841,21:29:30.841,42.3448023,-71.0825832,16.659
6175,1618739200,1769567371088,21:29:31.088,42.3448023,-71.0825832,16.659
6176,1619001344,1769567371332,21:29:31.332,42.3448023,-71.0825832,16.659
6177,1619263488,1769567371583,21:29:31.583,42.3448023,-71.0825832,16.659
6178,1619525632,1769567371825,21:29:31.825,42.3448023,-71.0825832,16.659
6179,1619787776,1769567372076,21:29:32.076,42.3448023,-71.0825832,16.659
6180,1620049920,1769567372319,21:29:32.319,42.3448023,-71.0825832,16.659
6181,1620312064,1769567372579,21:29:32.579,42.3448023,-71.0825832,16.659
6182,1620574208,1769567372985,21:29:32.985,42.3448023,-71.0825832,16.659
6183,1620836352,1769567373436,21:29:33.436,42.3448023,-71.0825832,16.659
6184,1621098496,1769567373877,21:29:33.877,42.3448023,-71.0825832,16.659
6185,1621360640,1769567374403,21:29:34.403,42.3448023,-71.0825832,16.659
6186,1621622784,1769567374903,21:29:34.903,42.3448023,-71.0825832,16.659
6187,1621884928,1769567375188,21:29:35.188,42.3448023,-71.0825832,16.659
6188,1622147072,1769567375603,21:29:35.603,42.3448023,-71.0825832,16.659
6189,1622409216,1769567376061,21:29:36.061,42.3448023,-71.0825832,16.659
6190,1622671360,1769567376457,21:29:36.457,42.3448023,-71.0825832,16.659
6191,1622933504,1769567376936,21:29:36.936,42.3448023,-71.0825832,16.659
6192,1623195648,1769567377361,21:29:37.361,42.3448023,-71.0825832,16.659
6193,1623457792,1769567377712,21:29:37.712,42.3448023,-71.0825832,16.659
6194,1623719936,1769567378234,21:29:38.234,42.3448023,-71.0825832,16.659
6195,1623982080,1769567378625,21:29:38.625,42.3448023,-71.0825832,16.659
6196,1624244224,1769567379002,21:29:39.002,42.3448023,-71.0825832,16.659
6197,1624506368,1769567379481,21:29:39.481,42.3448023,-71.0825832,16.659
6198,1624768512,1769567380004,21:29:40.004,42.3448023,-71.0825832,16.659
6199,1625030656,1769567380438,21:29:40.438,42.3448023,-71.0825832,16.659
6200,1625292800,1769567380975,21:29:40.975,42.3448023,-71.0825832,16.659
6201,1625554944,1769567381561,21:29:41.561,42.3448023,-71.0825832,16.659
6202,1625817088,1769567381955,21:29:41.955,42.3448023,-71.0825832,16.659
6203,1626079232,1769567382423,21:29:42.423,42.3448023,-71.0825832,16.659
6204,1626341376,1769567382872,21:29:42.872,42.3448023,-71.0825832,16.659
6205,1626603520,1769567383365,21:29:43.365,42.3448023,-71.0825832,16.659
6206,1626865664,1769567383733,21:29:43.733,42.3448023,-71.0825832,16.659
6207,1627127808,1769567384108,21:29:44.108,42.3448023,-71.0825832,16.659
6208,1627389952,1769567384495,21:29:44.495,42.3448023,-71.0825832,16.659
6209,1627652096,1769567384854,21:29:44.854,42.3448023,-71.0825832,16.659
6210,1627914240,1769567385219,21:29:45.219,42.3448023,-71.0825832,16.659
6211,1628176384,1769567385602,21:29:45.602,42.3448023,-71.0825832,16.659
6212,1628438528,1769567385962,21:29:45.962,42.3448023,-71.0825832,16.659
6213,1628700672,1769567386314,21:29:46.314,42.3448023,-71.0825832,16.659
6214,1628962816,1769567386664,21:29:46.664,42.3448023,-71.0825832,16.659
6215,1629224960,1769567387014,21:29:47.014,42.3448023,-71.0825832,16.659
6216,1629487104,1769567387365,21:29:47.365,42.3448023,-71.0825832,16.659
6217,1629749248,1769567387793,21:29:47.793,42.3448023,-71.0825832,16.659
6218,1630011392,1769567388191,21:29:48.191,42.3448023,-71.0825832,16.659
6219,1630273536,1769567388553,21:29:48.553,42.3448023,-71.0825832,16.659
6220,1630535680,1769567388904,21:29:48.904,42.3448023,-71.0825832,16.659
6221,1630797824,1769567389255,21:29:49.255,42.3448023,-71.0825832,16.659
6222,1631059968,1769567389605,21:29:49.605,42.3448023,-71.0825832,16.659
6223,1631322112,1769567389958,21:29:49.958,42.3448023,-71.0825832,16.659
6224,1631584256,1769567390308,21:29:50.308,42.3448023,-71.0825832,16.659
6225,1631846400,1769567390659,21:29:50.659,42.3448023,-71.0825832,16.659
6226,1632108544,1769567391010,21:29:51.010,42.3448023,-71.0825832,16.659
6227,1632370688,1769567391361,21:29:51.361,42.3448023,-71.0825832,16.659
6228,1632632832,1769567391713,21:29:51.713,42.3448023,-71.0825832,16.659
6229,1632894976,1769567392061,21:29:52.061,42.3448023,-71.0825832,16.659
6230,1633157120,1769567392412,21:29:52.412,42.3448023,-71.0825832,16.659
6231,1633419264,1769567392893,21:29:52.893,42.3448023,-71.0825832,16.659
6232,1633681408,1769567393292,21:29:53.292,42.3448023,-71.0825832,16.659
6233,1633943552,1769567393644,21:29:53.644,42.3448023,-71.0825832,16.659
6234,1634205696,1769567398306,21:29:58.306,42.3448023,-71.0825832,16.659
6235,1634467840,1769567398566,21:29:58.566,42.3448023,-71.0825832,16.659
6236,1634729984,1769567398825,21:29:58.825,42.3448023,-71.0825832,16.659
6237,1634992128,1769567399080,21:29:59.080,42.3448023,-71.0825832,16.659
6238,1635254272,1769567399336,21:29:59.336,42.3448023,-71.0825832,16.659
6239,1635516416,1769567399592,21:29:59.592,42.3448023,-71.0825832,16.659
6240,1635778560,1769567399838,21:29:59.838,42.3448023,-71.0825832,16.659
6241,1636040704,1769567400089,21:30:00.089,42.3448023,-71.0825832,16.659
6242,1636302848,1769567400340,21:30:00.340,42.3448023,-71.0825832,16.659
6243,1636564992,1769567400592,21:30:00.592,42.3448023,-71.0825832,16.659
6244,1636827136,1769567400849,21:30:00.849,42.3448023,-71.0825832,16.659
6245,1637089280,1769567401110,21:30:01.110,42.3448023,-71.0825832,16.659
6246,1637351424,1769567401370,21:30:01.370,42.3448023,-71.0825832,16.659
6247,1637613568,1769567401624,21:30:01.624,42.3448023,-71.0825832,16.659
6248,1637875712,1769567401879,21:30:01.879,42.3448023,-71.0825832,16.659
6249,1638137856,1769567402139,21:30:02.139,42.3448023,-71.0825832,16.659
6250,1638400000,1769567402406,21:30:02.406,42.3448023,-71.0825832,16.659
6251,1638662144,1769567402679,21:30:02.679,42.3448023,-71.0825832,16.659
6252,1638924288,1769567402921,21:30:02.921,42.3448023,-71.0825832,16.659
6253,1639186432,1769567403184,21:30:03.184,42.3448023,-71.0825832,16.659
6254,1639448576,1769567403436,21:30:03.436,42.3448023,-71.0825832,16.659
6255,1639710720,1769567403693,21:30:03.693,42.3448023,-71.0825832,16.659
6256,1639972864,1769567403945,21:30:03.945,42.3448023,-71.0825832,16.659
6257,1640235008,1769567404201,21:30:04.201,42.3448023,-71.0825832,16.659
6258,1640497152,1769567404465,21:30:04.465,42.3448023,-71.0825832,16.659
6259,1640759296,1769567404740,21:30:04.740,42.3448023,-71.0825832,16.659
6260,1641021440,1769567405002,21:30:05.002,42.3448023,-71.0825832,16.659
6261,1641283584,1769567405270,21:30:05.270,42.3448023,-71.0825832,16.659
6262,1641545728,1769567405519,21:30:05.519,42.3448023,-71.0825832,16.659
6263,1641807872,1769567405758,21:30:05.758,42.3448023,-71.0825832,16.659
6264,1642070016,1769567406021,21:30:06.021,42.3448023,-71.0825832,16.659
6265,1642332160,1769567406281,21:30:06.281,42.3448023,-71.0825832,16.659
6266,1642594304,1769567406549,21:30:06.549,42.3448023,-71.0825832,16.659
6267,1642856448,1769567406803,21:30:06.803,42.3448023,-71.0825832,16.659
6268,1643118592,1769567407124,21:30:07.124,42.3448023,-71.0825832,16.659
6269,1643380736,1769567407474,21:30:07.474,42.3448023,-71.0825832,16.659
6270,1643642880,1769567407842,21:30:07.842,42.3448023,-71.0825832,16.659
6271,1643905024,1769567408208,21:30:08.208,42.3448023,-71.0825832,16.659
6272,1644167168,1769567408666,21:30:08.666,42.3448023,-71.0825832,16.659
6273,1644429312,1769567409249,21:30:09.249,42.3448023,-71.0825832,16.659
6274,1644691456,1769567409714,21:30:09.714,42.3448023,-71.0825832,16.659
6275,1644953600,1769567410065,21:30:10.065,42.3448023,-71.0825832,16.659
6276,1645215744,1769567410416,21:30:10.416,42.3448023,-71.0825832,16.659
6277,1645477888,1769567410900,21:30:10.900,42.3448023,-71.0825832,16.659
6278,1645740032,1769567411436,21:30:11.436,42.3448023,-71.0825832,16.659
6279,1646002176,1769567411872,21:30:11.872,42.3448023,-71.0825832,16.659
6280,1646264320,1769567412223,21:30:12.223,42.3448023,-71.0825832,16.659
6281,1646526464,1769567412674,21:30:12.674,42.3448023,-71.0825832,16.659
6282,1646788608,1769567413097,21:30:13.097,42.3448023,-71.0825832,16.659
6283,1647050752,1769567413632,21:30:13.632,42.3448023,-71.0825832,16.659
6284,1647312896,1769567414022,21:30:14.022,42.3448023,-71.0825832,16.659
6285,1647575040,1769567414339,21:30:14.339,42.3448023,-71.0825832,16.659
6286,1647837184,1769567414688,21:30:14.688,42.3448023,-71.0825832,16.659
6287,1648099328,1769567415040,21:30:15.040,42.3448023,-71.0825832,16.659
6288,1648361472,1769567415388,21:30:15.388,42.3448023,-71.0825832,16.659
6289,1648623616,1769567415771,21:30:15.771,42.3448023,-71.0825832,16.659
6290,1648885760,1769567416149,21:30:16.149,42.3448023,-71.0825832,16.659
6291,1649147904,1769567416558,21:30:16.558,42.3448023,-71.0825832,16.659
6292,1649410048,1769567417039,21:30:17.039,42.3448023,-71.0825832,16.659
6293,1649672192,1769567417579,21:30:17.579,42.3448023,-71.0825832,16.659
6294,1649934336,1769567417991,21:30:17.991,42.3448023,-71.0825832,16.659
6295,1650196480,1769567418364,21:30:18.364,42.3448023,-71.0825832,16.659
6296,1650458624,1769567418769,21:30:18.769,42.3448023,-71.0825832,16.659
6297,1650720768,1769567419122,21:30:19.122,42.3448023,-71.0825832,16.659
6298,1650982912,1769567419471,21:30:19.471,42.3448023,-71.0825832,16.659
6299,1651245056,1769567419820,21:30:19.820,42.3448023,-71.0825832,16.659
6300,1651507200,1769567420171,21:30:20.171,42.3448023,-71.0825832,16.659
6301,1651769344,1769567420522,21:30:20.522,42.3448023,-71.0825832,16.659
6302,1652031488,1769567420913,21:30:20.913,42.3448023,-71.0825832,16.659
6303,1652293632,1769567421350,21:30:21.350,42.3448023,-71.0825832,16.659
6304,1652555776,1769567421796,21:30:21.796,42.3448023,-71.0825832,16.659
6305,1652817920,1769567422079,21:30:22.079,42.3448023,-71.0825832,16.659
6306,1653080064,1769567422431,21:30:22.431,42.3448023,-71.0825832,16.659
6307,1653342208,1769567422800,21:30:22.800,42.3448023,-71.0825832,16.659
6308,1653604352,1769567423131,21:30:23.131,42.3448023,-71.0825832,16.659
6309,1653866496,1769567423480,21:30:23.480,42.3448023,-71.0825832,16.659
6310,1654128640,1769567423835,21:30:23.835,42.3448023,-71.0825832,16.659
6311,1654390784,1769567429228,21:30:29.228,42.3448023,-71.0825832,16.659
6312,1654652928,1769567429500,21:30:29.500,42.3448023,-71.0825832,16.659
6313,1654915072,1769567429761,21:30:29.761,42.3448023,-71.0825832,16.659
6314,1655177216,1769567430006,21:30:30.006,42.3448023,-71.0825832,16.659
6315,1655439360,1769567430271,21:30:30.271,42.3448023,-71.0825832,16.659
6316,1655701504,1769567430539,21:30:30.539,42.3448023,-71.0825832,16.659
6317,1655963648,1769567430812,21:30:30.812,42.3448023,-71.0825832,16.659
6318,1656225792,1769567431078,21:30:31.078,42.3448023,-71.0825832,16.659
6319,1656487936,1769567431322,21:30:31.322,42.3448023,-71.0825832,16.659
6320,1656750080,1769567431575,21:30:31.575,42.3448023,-71.0825832,16.659
6321,1657012224,1769567431835,21:30:31.835,42.3448023,-71.0825832,16.659
6322,1657274368,1769567432069,21:30:32.069,42.3448023,-71.0825832,16.659
6323,1657536512,1769567432326,21:30:32.326,42.3448023,-71.0825832,16.659
6324,1657798656,1769567432581,21:30:32.581,42.3448023,-71.0825832,16.659
6325,1658060800,1769567432838,21:30:32.838,42.3448023,-71.0825832,16.659
6326,1658322944,1769567433089,21:30:33.089,42.3448023,-71.0825832,16.659
6327,1658585088,1769567433362,21:30:33.362,42.3448023,-71.0825832,16.659
6328,1658847232,1769567433625,21:30:33.625,42.3448023,-71.0825832,16.659
6329,1659109376,1769567433865,21:30:33.865,42.3448023,-71.0825832,16.659
6330,1659371520,1769567434121,21:30:34.121,42.3448023,-71.0825832,16.659
6331,1659633664,1769567434371,21:30:34.371,42.3448023,-71.0825832,16.659
6332,1659895808,1769567434628,21:30:34.628,42.3448023,-71.0825832,16.659
6333,1660157952,1769567434869,21:30:34.869,42.3448023,-71.0825832,16.659
6334,1660420096,1769567435131,21:30:35.131,42.3448023,-71.0825832,16.659
6335,1660682240,1769567435392,21:30:35.392,42.3448023,-71.0825832,16.659
6336,1660944384,1769567435644,21:30:35.644,42.3448023,-71.0825832,16.659
6337,1661206528,1769567435912,21:30:35.912,42.3448023,-71.0825832,16.659
6338,1661468672,1769567436182,21:30:36.182,42.3448023,-71.0825832,16.659
6339,1661730816,1769567436431,21:30:36.431,42.3448023,-71.0825832,16.659
6340,1661992960,1769567436694,21:30:36.694,42.3448023,-71.0825832,16.659
6341,1662255104,1769567436945,21:30:36.945,42.3448023,-71.0825832,16.659
6342,1662517248,1769567437182,21:30:37.182,42.3448023,-71.0825832,16.659
6343,1662779392,1769567437431,21:30:37.431,42.3448023,-71.0825832,16.659
6344,1663041536,1769567437700,21:30:37.700,42.3448023,-71.0825832,16.659
6345,1663303680,1769567438055,21:30:38.055,42.3448023,-71.0825832,16.659
6346,1663565824,1769567438467,21:30:38.467,42.3448023,-71.0825832,16.659
6347,1663827968,1769567439008,21:30:39.008,42.3448023,-71.0825832,16.659
6348,1664090112,1769567439452,21:30:39.452,42.3448023,-71.0825832,16.659
6349,1664352256,1769567439855,21:30:39.855,42.3448023,-71.0825832,16.659
6350,1664614400,1769567440229,21:30:40.229,42.3448023,-71.0825832,16.659
6351,1664876544,1769567440555,21:30:40.555,42.3448023,-71.0825832,16.659
6352,1665138688,1769567440946,21:30:40.946,42.3448023,-71.0825832,16.659
6353,1665400832,1769567441533,21:30:41.533,42.3448023,-71.0825832,16.659
6354,1665662976,1769567441974,21:30:41.974,42.3448023,-71.0825832,16.659
6355,1665925120,1769567442323,21:30:42.323,42.3448023,-71.0825832,16.659
6356,1666187264,1769567442673,21:30:42.673,42.3448023,-71.0825832,16.659
6357,1666449408,1769567443042,21:30:43.042,42.3448023,-71.0825832,16.659
6358,1666711552,1769567443408,21:30:43.408,42.3448023,-71.0825832,16.659
6359,1666973696,1769567443748,21:30:43.748,42.3448023,-71.0825832,16.659
6360,1667235840,1769567444162,21:30:44.162,42.3448023,-71.0825832,16.659
6361,1667497984,1769567444556,21:30:44.556,42.3448023,-71.0825832,16.659
6362,1667760128,1769567444926,21:30:44.926,42.3448023,-71.0825832,16.659
6363,1668022272,1769567445290,21:30:45.290,42.3448023,-71.0825832,16.659
6364,1668284416,1769567445643,21:30:45.643,42.3448023,-71.0825832,16.659
6365,1668546560,1769567445993,21:30:45.993,42.3448023,-71.0825832,16.659
6366,1668808704,1769567446346,21:30:46.346,42.3448023,-71.0825832,16.659
6367,1669070848,1769567446698,21:30:46.698,42.3448023,-71.0825832,16.659
6368,1669332992,1769567447053,21:30:47.053,42.3448023,-71.0825832,16.659
6369,1669595136,1769567447461,21:30:47.461,42.3448023,-71.0825832,16.659
6370,1669857280,1769567447845,21:30:47.845,42.3448023,-71.0825832,16.659
6371,1670119424,1769567448185,21:30:48.185,42.3448023,-71.0825832,16.659
6372,1670381568,1769567448532,21:30:48.532,42.3448023,-71.0825832,16.659
6373,1670643712,1769567448922,21:30:48.922,42.3448023,-71.0825832,16.659
6374,1670905856,1769567449671,21:30:49.671,42.3448023,-71.0825832,16.659
6375,1671168000,1769567450205,21:30:50.205,42.3448023,-71.0825832,16.659
6376,1671430144,1769567450848,21:30:50.848,42.3448023,-71.0825832,16.659
6377,1671692288,1769567451409,21:30:51.409,42.3448023,-71.0825832,16.659
6378,1671954432,1769567451995,21:30:51.995,42.3448023,-71.0825832,16.659
6379,1672216576,1769567452479,21:30:52.479,42.3448023,-71.0825832,16.659
6380,1672478720,1769567453392,21:30:53.392,42.3448023,-71.0825832,16.659
6381,1672740864,1769567454484,21:30:54.484,42.3448023,-71.0825832,16.659
6382,1673003008,1769567460664,21:31:00.664,42.3448023,-71.0825832,16.659
6383,1673265152,1769567460929,21:31:00.929,42.3448023,-71.0825832,16.659
6384,1673527296,1769567461192,21:31:01.192,42.3448023,-71.0825832,16.659
6385,1673789440,1769567461438,21:31:01.438,42.3448023,-71.0825832,16.659
6386,1674051584,1769567461716,21:31:01.716,42.3448023,-71.0825832,16.659
6387,1674313728,1769567461961,21:31:01.961,42.3448023,-71.0825832,16.659
6388,1674575872,1769567462218,21:31:02.218,42.3448023,-71.0825832,16.659
6389,1674838016,1769567462480,21:31:02.480,42.3448023,-71.0825832,16.659
6390,1675100160,1769567462730,21:31:02.730,42.3448023,-71.0825832,16.659
6391,1675362304,1769567462994,21:31:02.994,42.3448023,-71.0825832,16.659
6392,1675624448,1769567463259,21:31:03.259,42.3448023,-71.0825832,16.659
6393,1675886592,1769567463519,21:31:03.519,42.3448023,-71.0825832,16.659
6394,1676148736,1769567463782,21:31:03.782,42.3448023,-71.0825832,16.659
6395,1676410880,1769567464041,21:31:04.041,42.3448023,-71.0825832,16.659
6396,1676673024,1769567464291,21:31:04.291,42.3448023,-71.0825832,16.659
6397,1676935168,1769567464557,21:31:04.557,42.3448023,-71.0825832,16.659
6398,1677197312,1769567464823,21:31:04.823,42.3448023,-71.0825832,16.659
6399,1677459456,1769567465064,21:31:05.064,42.3448023,-71.0825832,16.659
6400,1677721600,1769567465495,21:31:05.495,42.3448023,-71.0825832,16.659
6401,1677983744,1769567465991,21:31:05.991,42.3448023,-71.0825832,16.659
6402,1678245888,1769567466386,21:31:06.386,42.3448023,-71.0825832,16.659
6403,1678508032,1769567466826,21:31:06.826,42.3448023,-71.0825832,16.659
6404,1678770176,1769567467293,21:31:07.293,42.3448023,-71.0825832,16.659
6405,1679032320,1769567467711,21:31:07.711,42.3448023,-71.0825832,16.659
6406,1679294464,1769567468057,21:31:08.057,42.3448023,-71.0825832,16.659
6407,1679556608,1769567468389,21:31:08.389,42.3448023,-71.0825832,16.659
6408,1679818752,1769567468740,21:31:08.740,42.3448023,-71.0825832,16.659
6409,1680080896,1769567469094,21:31:09.094,42.3448023,-71.0825832,16.659
6410,1680343040,1769567469440,21:31:09.440,42.3448023,-71.0825832,16.659
6411,1680605184,1769567469859,21:31:09.859,42.3448023,-71.0825832,16.659
6412,1680867328,1769567470227,21:31:10.227,42.3448023,-71.0825832,16.659
6413,1681129472,1769567470580,21:31:10.580,42.3448023,-71.0825832,16.659
6414,1681391616,1769567470928,21:31:10.928,42.3448023,-71.0825832,16.659
6415,1681653760,1769567471355,21:31:11.355,42.3448023,-71.0825832,16.659
6416,1681915904,1769567471841,21:31:11.841,42.3448023,-71.0825832,16.659
6417,1682178048,1769567472248,21:31:12.248,42.3448023,-71.0825832,16.659
6418,1682440192,1769567472826,21:31:12.826,42.3448023,-71.0825832,16.659
6419,1682702336,1769567473288,21:31:13.288,42.3448023,-71.0825832,16.659
6420,1682964480,1769567473690,21:31:13.690,42.3448023,-71.0825832,16.659
6421,1683226624,1769567474089,21:31:14.089,42.3448023,-71.0825832,16.659
6422,1683488768,1769567474406,21:31:14.406,42.3448023,-71.0825832,16.659
6423,1683750912,1769567474970,21:31:14.970,42.3448023,-71.0825832,16.659
6424,1684013056,1769567475412,21:31:15.412,42.3448023,-71.0825832,16.659
6425,1684275200,1769567475841,21:31:15.841,42.3448023,-71.0825832,16.659
6426,1684537344,1769567476254,21:31:16.254,42.3448023,-71.0825832,16.659
6427,1684799488,1769567476773,21:31:16.773,42.3448023,-71.0825832,16.659
6428,1685061632,1769567477239,21:31:17.239,42.3448023,-71.0825832,16.659
6429,1685323776,1769567477622,21:31:17.622,42.3448023,-71.0825832,16.659
6430,1685585920,1769567478055,21:31:18.055,42.3448023,-71.0825832,16.659
6431,1685848064,1769567478421,21:31:18.421,42.3448023,-71.0825832,16.659
6432,1686110208,1769567478784,21:31:18.784,42.3448023,-71.0825832,16.659
6433,1686372352,1769567479197,21:31:19.197,42.3448023,-71.0825832,16.659
6434,1686634496,1769567479575,21:31:19.575,42.3448023,-71.0825832,16.659
6435,1686896640,1769567479925,21:31:19.925,42.3448023,-71.0825832,16.659
6436,1687158784,1769567480275,21:31:20.275,42.3448023,-71.0825832,16.659
6437,1687420928,1769567480663,21:31:20.663,42.3448023,-71.0825832,16.659
6438,1687683072,1769567481022,21:31:21.022,42.3448023,-71.0825832,16.659
6439,1687945216,1769567481444,21:31:21.444,42.3448023,-71.0825832,16.659
6440,1688207360,1769567481806,21:31:21.806,42.3448023,-71.0825832,16.659
6441,1688469504,1769567482188,21:31:22.188,42.3448023,-71.0825832,16.659
6442,1688731648,1769567482642,21:31:22.642,42.3448023,-71.0825832,16.659
6443,1688993792,1769567483067,21:31:23.067,42.3448023,-71.0825832,16.659
6444,1689255936,1769567483487,21:31:23.487,42.3448023,-71.0825832,16.659
6445,1689518080,1769567483898,21:31:23.898,42.3448023,-71.0825832,16.659
6446,1689780224,1769567484327,21:31:24.327,42.3448023,-71.0825832,16.659
6447,1690042368,1769567484682,21:31:24.682,42.3448023,-71.0825832,16.659
6448,1690304512,1769567491013,21:31:31.013,42.3448023,-71.0825832,16.659
6449,1690566656,1769567491277,21:31:31.277,42.3448023,-71.0825832,16.659
6450,1690828800,1769567491545,21:31:31.545,42.3448023,-71.0825832,16.659
6451,1691090944,1769567491807,21:31:31.807,42.3448023,-71.0825832,16.659
6452,1691353088,1769567492074,21:31:32.074,42.3448023,-71.0825832,16.659
6453,1691615232,1769567492318,21:31:32.318,42.3448023,-71.0825832,16.659
6454,1691877376,1769567492569,21:31:32.569,42.3448023,-71.0825832,16.659
6455,1692139520,1769567492817,21:31:32.817,42.3448023,-71.0825832,16.659
6456,1692401664,1769567493077,21:31:33.077,42.3448023,-71.0825832,16.659
6457,1692663808,1769567493353,21:31:33.353,42.3448023,-71.0825832,16.659
6458,1692925952,1769567493601,21:31:33.601,42.3448023,-71.0825832,16.659
6459,1693188096,1769567493839,21:31:33.839,42.3448023,-71.0825832,16.659
6460,1693450240,1769567494099,21:31:34.099,42.3448023,-71.0825832,16.659
6461,1693712384,1769567494361,21:31:34.361,42.3448023,-71.0825832,16.659
6462,1693974528,1769567494620,21:31:34.620,42.3448023,-71.0825832,16.659
6463,1694236672,1769567494864,21:31:34.864,42.3448023,-71.0825832,16.659
6464,1694498816,1769567495128,21:31:35.128,42.3448023,-71.0825832,16.659
6465,1694760960,1769567495393,21:31:35.393,42.3448023,-71.0825832,16.659
6466,1695023104,1769567495625,21:31:35.625,42.3448023,-71.0825832,16.659
6467,1695285248,1769567495887,21:31:35.887,42.3448023,-71.0825832,16.659
6468,1695547392,1769567496138,21:31:36.138,42.3448023,-71.0825832,16.659
6469,1695809536,1769567496405,21:31:36.405,42.3448023,-71.0825832,16.659
6470,1696071680,1769567496652,21:31:36.652,42.3448023,-71.0825832,16.659
6471,1696333824,1769567496915,21:31:36.915,42.3448023,-71.0825832,16.659
6472,1696595968,1769567497180,21:31:37.180,42.3448023,-71.0825832,16.659
6473,1696858112,1769567497428,21:31:37.428,42.3448023,-71.0825832,16.659
6474,1697120256,1769567497672,21:31:37.672,42.3448023,-71.0825832,16.659
6475,1697382400,1769567498130,21:31:38.130,42.3448023,-71.0825832,16.659
6476,1697644544,1769567498655,21:31:38.655,42.3448023,-71.0825832,16.659
6477,1697906688,1769567499086,21:31:39.086,42.3448023,-71.0825832,16.659
6478,1698168832,1769567499618,21:31:39.618,42.3448023,-71.0825832,16.659
6479,1698430976,1769567500089,21:31:40.089,42.3448023,-71.0825832,16.659
6480,1698693120,1769567500495,21:31:40.495,42.3448023,-71.0825832,16.659
6481,1698955264,1769567500895,21:31:40.895,42.3448023,-71.0825832,16.659
6482,1699217408,1769567501348,21:31:41.348,42.3448023,-71.0825832,16.659
6483,1699479552,1769567501872,21:31:41.872,42.3448023,-71.0825832,16.659
6484,1699741696,1769567502306,21:31:42.306,42.3448023,-71.0825832,16.659
6485,1700003840,1769567502711,21:31:42.711,42.3448023,-71.0825832,16.659
6486,1700265984,1769567503115,21:31:43.115,42.3448023,-71.0825832,16.659
6487,1700528128,1769567503490,21:31:43.490,42.3448023,-71.0825832,16.659
6488,1700790272,1769567504035,21:31:44.035,42.3448023,-71.0825832,16.659
6489,1701052416,1769567504473,21:31:44.473,42.3448023,-71.0825832,16.659
6490,1701314560,1769567504979,21:31:44.979,42.3448023,-71.0825832,16.659
6491,1701576704,1769567505447,21:31:45.447,42.3448023,-71.0825832,16.659
6492,1701838848,1769567505723,21:31:45.723,42.3448023,-71.0825832,16.659
6493,1702100992,1769567506089,21:31:46.089,42.3448023,-71.0825832,16.659
6494,1702363136,1769567506457,21:31:46.457,42.3448023,-71.0825832,16.659
6495,1702625280,1769567506971,21:31:46.971,42.3448023,-71.0825832,16.659
6496,1702887424,1769567507438,21:31:47.438,42.3448023,-71.0825832,16.659
6497,1703149568,1769567507852,21:31:47.852,42.3448023,-71.0825832,16.659
6498,1703411712,1769567508270,21:31:48.270,42.3448023,-71.0825832,16.659
6499,1703673856,1769567508711,21:31:48.711,42.3448023,-71.0825832,16.659
6500,1703936000,1769567509323,21:31:49.323,42.3448023,-71.0825832,16.659
6501,1704198144,1769567509776,21:31:49.776,42.3448023,-71.0825832,16.659
6502,1704460288,1769567510048,21:31:50.048,42.3448023,-71.0825832,16.659
6503,1704722432,1769567510398,21:31:50.398,42.3448023,-71.0825832,16.659
6504,1704984576,1769567510818,21:31:50.818,42.3448023,-71.0825832,16.659
6505,1705246720,1769567511170,21:31:51.170,42.3448023,-71.0825832,16.659
6506,1705508864,1769567511521,21:31:51.521,42.3448023,-71.0825832,16.659
6507,1705771008,1769567511918,21:31:51.918,42.3448023,-71.0825832,16.659
6508,1706033152,1769567512221,21:31:52.221,42.3448023,-71.0825832,16.659
6509,1706295296,1769567512569,21:31:52.569,42.3448023,-71.0825832,16.659
6510,1706557440,1769567513426,21:31:53.426,42.3448023,-71.0825832,16.659
6511,1706819584,1769567514283,21:31:54.283,42.3448023,-71.0825832,16.659
6512,1707081728,1769567515156,21:31:55.156,42.3448023,-71.0825832,16.659
6513,1707343872,1769567521285,21:32:01.285,42.3448023,-71.0825832,16.659
6514,1707606016,1769567521563,21:32:01.563,42.3448023,-71.0825832,16.659
6515,1707868160,1769567521824,21:32:01.824,42.3448023,-71.0825832,16.659
6516,1708130304,1769567522108,21:32:02.108,42.3448023,-71.0825832,16.659
6517,1708392448,1769567522360,21:32:02.360,42.3448023,-71.0825832,16.659
6518,1708654592,1769567522620,21:32:02.620,42.3448023,-71.0825832,16.659
6519,1708916736,1769567522863,21:32:02.863,42.3448023,-71.0825832,16.659
6520,1709178880,1769567523125,21:32:03.125,42.3448023,-71.0825832,16.659
6521,1709441024,1769567523373,21:32:03.373,42.3448023,-71.0825832,16.659
6522,1709703168,1769567523612,21:32:03.612,42.3448023,-71.0825832,16.659
6523,1709965312,1769567523870,21:32:03.870,42.3448023,-71.0825832,16.659
6524,1710227456,1769567524128,21:32:04.128,42.3448023,-71.0825832,16.659
6525,1710489600,1769567524375,21:32:04.375,42.3448023,-71.0825832,16.659
6526,1710751744,1769567524630,21:32:04.630,42.3448023,-71.0825832,16.659
6527,1711013888,1769567524919,21:32:04.919,42.3448023,-71.0825832,16.659
6528,1711276032,1769567525179,21:32:05.179,42.3448023,-71.0825832,16.659
6529,1711538176,1769567525431,21:32:05.431,42.3448023,-71.0825832,16.659
6530,1711800320,1769567525684,21:32:05.684,42.3448023,-71.0825832,16.659
6531,1712062464,1769567525951,21:32:05.951,42.3448023,-71.0825832,16.659
6532,1712324608,1769567526219,21:32:06.219,42.3448023,-71.0825832,16.659
6533,1712586752,1769567526473,21:32:06.473,42.3448023,-71.0825832,16.659
6534,1712848896,1769567526723,21:32:06.723,42.3448023,-71.0825832,16.659
6535,1713111040,1769567526972,21:32:06.972,42.3448023,-71.0825832,16.659
6536,1713373184,1769567527224,21:32:07.224,42.3448023,-71.0825832,16.659
6537,1713635328,1769567527472,21:32:07.472,42.3448023,-71.0825832,16.659
6538,1713897472,1769567527748,21:32:07.748,42.3448023,-71.0825832,16.659
6539,1714159616,1769567527995,21:32:07.995,42.3448023,-71.0825832,16.659
6540,1714421760,1769567528253,21:32:08.253,42.3448023,-71.0825832,16.659
6541,1714683904,1769567528499,21:32:08.499,42.3448023,-71.0825832,16.659
6542,1714946048,1769567528773,21:32:08.773,42.3448023,-71.0825832,16.659
6543,1715208192,1769567529042,21:32:09.042,42.3448023,-71.0825832,16.659
6544,1715470336,1769567529292,21:32:09.292,42.3448023,-71.0825832,16.659
6545,1715732480,1769567529558,21:32:09.558,42.3448023,-71.0825832,16.659
6546,1715994624,1769567529806,21:32:09.806,42.3448023,-71.0825832,16.659
6547,1716256768,1769567530061,21:32:10.061,42.3448023,-71.0825832,16.659
6548,1716518912,1769567530478,21:32:10.478,42.3448023,-71.0825832,16.659
6549,1716781056,1769567530939,21:32:10.939,42.3448023,-71.0825832,16.659
6550,1717043200,1769567531218,21:32:11.218,42.3448023,-71.0825832,16.659
6551,1717305344,1769567531653,21:32:11.653,42.3448023,-71.0825832,16.659
6552,1717567488,1769567532467,21:32:12.467,42.3448023,-71.0825832,16.659
6553,1717829632,1769567532954,21:32:12.954,42.3448023,-71.0825832,16.659
6554,1718091776,1769567533250,21:32:13.250,42.3448023,-71.0825832,16.659
6555,1718353920,1769567533585,21:32:13.585,42.3448023,-71.0825832,16.659
6556,1718616064,1769567534179,21:32:14.179,42.3448023,-71.0825832,16.659
6557,1718878208,1769567534813,21:32:14.813,42.3448023,-71.0825832,16.659
6558,1719140352,1769567535228,21:32:15.228,42.3448023,-71.0825832,16.659
6559,1719402496,1769567536005,21:32:16.005,42.3448023,-71.0825832,16.659
6560,1719664640,1769567536861,21:32:16.861,42.3448023,-71.0825832,16.659
6561,1719926784,1769567537320,21:32:17.320,42.3448023,-71.0825832,16.659
6562,1720188928,1769567537825,21:32:17.825,42.3448023,-71.0825832,16.659
6563,1720451072,1769567538298,21:32:18.298,42.3448023,-71.0825832,16.659
6564,1720713216,1769567538591,21:32:18.591,42.3448023,-71.0825832,16.659
6565,1720975360,1769567538945,21:32:18.945,42.3448023,-71.0825832,16.659
6566,1721237504,1769567539330,21:32:19.330,42.3448023,-71.0825832,16.659
6567,1721499648,1769567539729,21:32:19.729,42.3448023,-71.0825832,16.659
6568,1721761792,1769567540136,21:32:20.136,42.3448023,-71.0825832,16.659
6569,1722023936,1769567540456,21:32:20.456,42.3448023,-71.0825832,16.659
6570,1722286080,1769567540805,21:32:20.805,42.3448023,-71.0825832,16.659
6571,1722548224,1769567541155,21:32:21.155,42.3448023,-71.0825832,16.659
6572,1722810368,1769567541505,21:32:21.505,42.3448023,-71.0825832,16.659
6573,1723072512,1769567541854,21:32:21.854,42.3448023,-71.0825832,16.659
6574,1723334656,1769567542205,21:32:22.205,42.3448023,-71.0825832,16.659
6575,1723596800,1769567542556,21:32:22.556,42.3448023,-71.0825832,16.659
6576,1723858944,1769567542919,21:32:22.919,42.3448023,-71.0825832,16.659
6577,1724121088,1769567543238,21:32:23.238,42.3448023,-71.0825832,16.659
6578,1724383232,1769567543564,21:32:23.564,42.3448023,-71.0825832,16.659
6579,1724645376,1769567544027,21:32:24.027,42.3448023,-71.0825832,16.659
6580,1724907520,1769567544397,21:32:24.397,42.3448023,-71.0825832,16.659
6581,1725169664,1769567544726,21:32:24.726,42.3448023,-71.0825832,16.659
6582,1725431808,1769567545142,21:32:25.142,42.3448023,-71.0825832,16.659
6583,1725693952,1769567545656,21:32:25.656,42.3448023,-71.0825832,16.659
6584,1725956096,1769567546190,21:32:26.190,42.3448023,-71.0825832,16.659
6585,1726218240,1769567552384,21:32:32.384,42.3448023,-71.0825832,16.659
6586,1726480384,1769567552656,21:32:32.656,42.3448023,-71.0825832,16.659
6587,1726742528,1769567552923,21:32:32.923,42.3448023,-71.0825832,16.659
6588,1727004672,1769567553196,21:32:33.196,42.3448023,-71.0825832,16.659
6589,1727266816,1769567553457,21:32:33.457,42.3448023,-71.0825832,16.659
6590,1727528960,1769567553714,21:32:33.714,42.3448023,-71.0825832,16.659
6591,1727791104,1769567553963,21:32:33.963,42.3448023,-71.0825832,16.659
6592,1728053248,1769567554228,21:32:34.228,42.3448023,-71.0825832,16.659
6593,1728315392,1769567554494,21:32:34.494,42.3448023,-71.0825832,16.659
6594,1728577536,1769567554734,21:32:34.734,42.3448023,-71.0825832,16.659
6595,1728839680,1769567554982,21:32:34.982,42.3448023,-71.0825832,16.659
6596,1729101824,1769567555258,21:32:35.258,42.3448023,-71.0825832,16.659
6597,1729363968,1769567555524,21:32:35.524,42.3448023,-71.0825832,16.659
6598,1729626112,1769567555799,21:32:35.799,42.3448023,-71.0825832,16.659
6599,1729888256,1769567556048,21:32:36.048,42.3448023,-71.0825832,16.659
6600,1730150400,1769567556308,21:32:36.308,42.3448023,-71.0825832,16.659
6601,1730412544,1769567556586,21:32:36.586,42.3448023,-71.0825832,16.659
6602,1730674688,1769567556861,21:32:36.861,42.3448023,-71.0825832,16.659
6603,1730936832,1769567557132,21:32:37.132,42.3448023,-71.0825832,16.659
6604,1731198976,1769567557383,21:32:37.383,42.3448023,-71.0825832,16.659
6605,1731461120,1769567557644,21:32:37.644,42.3448023,-71.0825832,16.659
6606,1731723264,1769567557896,21:32:37.896,42.3448023,-71.0825832,16.659
6607,1731985408,1769567558152,21:32:38.152,42.3448023,-71.0825832,16.659
6608,1732247552,1769567558401,21:32:38.401,42.3448023,-71.0825832,16.659
6609,1732509696,1769567558669,21:32:38.669,42.3448023,-71.0825832,16.659
6610,1732771840,1769567558918,21:32:38.918,42.3448023,-71.0825832,16.659
6611,1733033984,1769567559163,21:32:39.163,42.3448023,-71.0825832,16.659
6612,1733296128,1769567559430,21:32:39.430,42.3448023,-71.0825832,16.659
6613,1733558272,1769567559673,21:32:39.673,42.3448023,-71.0825832,16.659
6614,1733820416,1769567560138,21:32:40.138,42.3448023,-71.0825832,16.659
6615,1734082560,1769567560572,21:32:40.572,42.3448023,-71.0825832,16.659
6616,1734344704,1769567560916,21:32:40.916,42.3448023,-71.0825832,16.659
6617,1734606848,1769567561268,21:32:41.268,42.3448023,-71.0825832,16.659
6618,1734868992,1769567561618,21:32:41.618,42.3448023,-71.0825832,16.659
6619,1735131136,1769567561969,21:32:41.969,42.3448023,-71.0825832,16.659
6620,1735393280,1769567562320,21:32:42.320,42.3448023,-71.0825832,16.659
6621,1735655424,1769567562693,21:32:42.693,42.3448023,-71.0825832,16.659
6622,1735917568,1769567563201,21:32:43.201,42.3448023,-71.0825832,16.659
6623,1736179712,1769567563706,21:32:43.706,42.3448023,-71.0825832,16.659
6624,1736441856,1769567564184,21:32:44.184,42.3448023,-71.0825832,16.659
6625,1736704000,1769567564690,21:32:44.690,42.3448023,-71.0825832,16.659
6626,1736966144,1769567565288,21:32:45.288,42.3448023,-71.0825832,16.659
6627,1737228288,1769567565826,21:32:45.826,42.3448023,-71.0825832,16.659
6628,1737490432,1769567566325,21:32:46.325,42.3448023,-71.0825832,16.659
6629,1737752576,1769567566679,21:32:46.679,42.3448023,-71.0825832,16.659
6630,1738014720,1769567567029,21:32:47.029,42.3448023,-71.0825832,16.659
6631,1738276864,1769567567397,21:32:47.397,42.3448023,-71.0825832,16.659
6632,1738539008,1769567567953,21:32:47.953,42.3448023,-71.0825832,16.659
6633,1738801152,1769567568427,21:32:48.427,42.3448023,-71.0825832,16.659
6634,1739063296,1769567568802,21:32:48.802,42.3448023,-71.0825832,16.659
6635,1739325440,1769567569258,21:32:49.258,42.3448023,-71.0825832,16.659
6636,1739587584,1769567569886,21:32:49.886,42.3448023,-71.0825832,16.659
6637,1739849728,1769567570356,21:32:50.356,42.3448023,-71.0825832,16.659
6638,1740111872,1769567570981,21:32:50.981,42.3448023,-71.0825832,16.659
6639,1740374016,1769567571582,21:32:51.582,42.3448023,-71.0825832,16.659
6640,1740636160,1769567572190,21:32:52.190,42.3448023,-71.0825832,16.659
6641,1740898304,1769567572604,21:32:52.604,42.3448023,-71.0825832,16.659
6642,1741160448,1769567573006,21:32:53.006,42.3448023,-71.0825832,16.659
6643,1741422592,1769567573525,21:32:53.525,42.3448023,-71.0825832,16.659
6644,1741684736,1769567574279,21:32:54.279,42.3448023,-71.0825832,16.659
6645,1741946880,1769567574768,21:32:54.768,42.3448023,-71.0825832,16.659
6646,1742209024,1769567575146,21:32:55.146,42.3448023,-71.0825832,16.659
6647,1742471168,1769567575569,21:32:55.569,42.3448023,-71.0825832,16.659
6648,1742733312,1769567576150,21:32:56.150,42.3448023,-71.0825832,16.659
6649,1742995456,1769567582562,21:33:02.562,42.3448023,-71.0825832,16.659
6650,1743257600,1769567582822,21:33:02.822,42.3448023,-71.0825832,16.659
6651,1743519744,1769567583083,21:33:03.083,42.3448023,-71.0825832,16.659
6652,1743781888,1769567583325,21:33:03.325,42.3448023,-71.0825832,16.659
6653,1744044032,1769567583576,21:33:03.576,42.3448023,-71.0825832,16.659
6654,1744306176,1769567583827,21:33:03.827,42.3448023,-71.0825832,16.659
6655,1744568320,1769567584075,21:33:04.075,42.3448023,-71.0825832,16.659
6656,1744830464,1769567584334,21:33:04.334,42.3448023,-71.0825832,16.659
6657,1745092608,1769567584599,21:33:04.599,42.3448023,-71.0825832,16.659
6658,1745354752,1769567584840,21:33:04.840,42.3448023,-71.0825832,16.659
6659,1745616896,1769567585100,21:33:05.100,42.3448023,-71.0825832,16.659
6660,1745879040,1769567585363,21:33:05.363,42.3448023,-71.0825832,16.659
6661,1746141184,1769567585632,21:33:05.632,42.3448023,-71.0825832,16.659
6662,1746403328,1769567585876,21:33:05.876,42.3448023,-71.0825832,16.659
6663,1746665472,1769567586133,21:33:06.133,42.3448023,-71.0825832,16.659
6664,1746927616,1769567586388,21:33:06.388,42.3448023,-71.0825832,16.659
6665,1747189760,1769567586638,21:33:06.638,42.3448023,-71.0825832,16.659
6666,1747451904,1769567586903,21:33:06.903,42.3448023,-71.0825832,16.659
6667,1747714048,1769567587164,21:33:07.164,42.3448023,-71.0825832,16.659
6668,1747976192,1769567587416,21:33:07.416,42.3448023,-71.0825832,16.659
6669,1748238336,1769567587680,21:33:07.680,42.3448023,-71.0825832,16.659
6670,1748500480,1769567587929,21:33:07.929,42.3448023,-71.0825832,16.659
6671,1748762624,1769567588209,21:33:08.209,42.3448023,-71.0825832,16.659
6672,1749024768,1769567588482,21:33:08.482,42.3448023,-71.0825832,16.659
6673,1749286912,1769567588746,21:33:08.746,42.3448023,-71.0825832,16.659
6674,1749549056,1769567588999,21:33:08.999,42.3448023,-71.0825832,16.659
6675,1749811200,1769567589266,21:33:09.266,42.3448023,-71.0825832,16.659
6676,1750073344,1769567589525,21:33:09.525,42.3448023,-71.0825832,16.659
6677,1750335488,1769567589771,21:33:09.771,42.3448023,-71.0825832,16.659
6678,1750597632,1769567590039,21:33:10.039,42.3448023,-71.0825832,16.659
6679,1750859776,1769567590281,21:33:10.281,42.3448023,-71.0825832,16.659
6680,1751121920,1769567590538,21:33:10.538,42.3448023,-71.0825832,16.659
6681,1751384064,1769567590811,21:33:10.811,42.3448023,-71.0825832,16.659
6682,1751646208,1769567591083,21:33:11.083,42.3448023,-71.0825832,16.659
6683,1751908352,1769567591342,21:33:11.342,42.3448023,-71.0825832,16.659
6684,1752170496,1769567591586,21:33:11.586,42.3448023,-71.0825832,16.659
6685,1752432640,1769567591869,21:33:11.869,42.3448023,-71.0825832,16.659
6686,1752694784,1769567592133,21:33:12.133,42.3448023,-71.0825832,16.659
6687,1752956928,1769567592414,21:33:12.414,42.3448023,-71.0825832,16.659
6688,1753219072,1769567593201,21:33:13.201,42.3448023,-71.0825832,16.659
6689,1753481216,1769567593684,21:33:13.684,42.3448023,-71.0825832,16.659
6690,1753743360,1769567594230,21:33:14.230,42.3448023,-71.0825832,16.659
6691,1754005504,1769567594620,21:33:14.620,42.3448023,-71.0825832,16.659
6692,1754267648,1769567594936,21:33:14.936,42.3448023,-71.0825832,16.659
6693,1754529792,1769567595711,21:33:15.711,42.3448023,-71.0825832,16.659
6694,1754791936,1769567596458,21:33:16.458,42.3448023,-71.0825832,16.659
6695,1755054080,1769567597146,21:33:17.146,42.3448023,-71.0825832,16.659
6696,1755316224,1769567597902,21:33:17.902,42.3448023,-71.0825832,16.659
6697,1755578368,1769567598390,21:33:18.390,42.3448023,-71.0825832,16.659
6698,1755840512,1769567598794,21:33:18.794,42.3448023,-71.0825832,16.659
6699,1756102656,1769567599257,21:33:19.257,42.3448023,-71.0825832,16.659
6700,1756364800,1769567599759,21:33:19.759,42.3448023,-71.0825832,16.659
6701,1756626944,1769567600180,21:33:20.180,42.3448023,-71.0825832,16.659
6702,1756889088,1769567600592,21:33:20.592,42.3448023,-71.0825832,16.659
6703,1757151232,1769567601003,21:33:21.003,42.3448023,-71.0825832,16.659
6704,1757413376,1769567601291,21:33:21.291,42.3448023,-71.0825832,16.659
6705,1757675520,1769567601641,21:33:21.641,42.3448023,-71.0825832,16.659
6706,1757937664,1769567602014,21:33:22.014,42.3448023,-71.0825832,16.659
6707,1758199808,1769567602431,21:33:22.431,42.3448023,-71.0825832,16.659
6708,1758461952,1769567602859,21:33:22.859,42.3448023,-71.0825832,16.659
6709,1758724096,1769567603575,21:33:23.575,42.3448023,-71.0825832,16.659
6710,1758986240,1769567604045,21:33:24.045,42.3448023,-71.0825832,16.659
6711,1759248384,1769567604541,21:33:24.541,42.3448023,-71.0825832,16.659
6712,1759510528,1769567605056,21:33:25.056,42.3448023,-71.0825832,16.659
6713,1759772672,1769567605531,21:33:25.531,42.3448023,-71.0825832,16.659
6714,1760034816,1769567605922,21:33:25.922,42.3448023,-71.0825832,16.659
6715,1760296960,1769567606242,21:33:26.242,42.3448023,-71.0825832,16.659
6716,1760559104,1769567606625,21:33:26.625,42.3448023,-71.0825832,16.659
6717,1760821248,1769567613275,21:33:33.275,42.3448023,-71.0825832,16.659
6718,1761083392,1769567613530,21:33:33.530,42.3448023,-71.0825832,16.659
6719,1761345536,1769567613776,21:33:33.776,42.3448023,-71.0825832,16.659
6720,1761607680,1769567614034,21:33:34.034,42.3448023,-71.0825832,16.659
6721,1761869824,1769567614285,21:33:34.285,42.3448023,-71.0825832,16.659
6722,1762131968,1769567614520,21:33:34.520,42.3448023,-71.0825832,16.659
6723,1762394112,1769567614777,21:33:34.777,42.3448023,-71.0825832,16.659
6724,1762656256,1769567615033,21:33:35.033,42.3448023,-71.0825832,16.659
6725,1762918400,1769567615311,21:33:35.311,42.3448023,-71.0825832,16.659
6726,1763180544,1769567615578,21:33:35.578,42.3448023,-71.0825832,16.659
6727,1763442688,1769567615820,21:33:35.820,42.3448023,-71.0825832,16.659
6728,1763704832,1769567616093,21:33:36.093,42.3448023,-71.0825832,16.659
6729,1763966976,1769567616374,21:33:36.374,42.3448023,-71.0825832,16.659
6730,1764229120,1769567616627,21:33:36.627,42.3448023,-71.0825832,16.659
6731,1764491264,1769567616879,21:33:36.879,42.3448023,-71.0825832,16.659
6732,1764753408,1769567617141,21:33:37.141,42.3448023,-71.0825832,16.659
6733,1765015552,1769567617404,21:33:37.404,42.3448023,-71.0825832,16.659
6734,1765277696,1769567617678,21:33:37.678,42.3448023,-71.0825832,16.659
6735,1765539840,1769567617921,21:33:37.921,42.3448023,-71.0825832,16.659
6736,1765801984,1769567618174,21:33:38.174,42.3448023,-71.0825832,16.659
6737,1766064128,1769567618444,21:33:38.444,42.3448023,-71.0825832,16.659
6738,1766326272,1769567618704,21:33:38.704,42.3448023,-71.0825832,16.659
6739,1766588416,1769567618943,21:33:38.943,42.3448023,-71.0825832,16.659
6740,1766850560,1769567619202,21:33:39.202,42.3448023,-71.0825832,16.659
6741,1767112704,1769567619473,21:33:39.473,42.3448023,-71.0825832,16.659
6742,1767374848,1769567619709,21:33:39.709,42.3448023,-71.0825832,16.659
6743,1767636992,1769567619959,21:33:39.959,42.3448023,-71.0825832,16.659
6744,1767899136,1769567620208,21:33:40.208,42.3448023,-71.0825832,16.659
6745,1768161280,1769567620460,21:33:40.460,42.3448023,-71.0825832,16.659
6746,1768423424,1769567620717,21:33:40.717,42.3448023,-71.0825832,16.659
6747,1768685568,1769567620968,21:33:40.968,42.3448023,-71.0825832,16.659
6748,1768947712,1769567621219,21:33:41.219,42.3448023,-71.0825832,16.659
6749,1769209856,1769567621468,21:33:41.468,42.3448023,-71.0825832,16.659
6750,1769472000,1769567621848,21:33:41.848,42.3448023,-71.0825832,16.659
6751,1769734144,1769567622312,21:33:42.312,42.3448023,-71.0825832,16.659
6752,1769996288,1769567622730,21:33:42.730,42.3448023,-71.0825832,16.659
6753,1770258432,1769567623045,21:33:43.045,42.3448023,-71.0825832,16.659
6754,1770520576,1769567623730,21:33:43.730,42.3448023,-71.0825832,16.659
6755,1770782720,1769567624324,21:33:44.324,42.3448023,-71.0825832,16.659
6756,1771044864,1769567624983,21:33:44.983,42.3448023,-71.0825832,16.659
6757,1771307008,1769567625689,21:33:45.689,42.3448023,-71.0825832,16.659
6758,1771569152,1769567626299,21:33:46.299,42.3448023,-71.0825832,16.659
6759,1771831296,1769567626792,21:33:46.792,42.3448023,-71.0825832,16.659
6760,1772093440,1769567627423,21:33:47.423,42.3448023,-71.0825832,16.659
6761,1772355584,1769567627888,21:33:47.888,42.3448023,-71.0825832,16.659
6762,1772617728,1769567628333,21:33:48.333,42.3448023,-71.0825832,16.659
6763,1772879872,1769567628582,21:33:48.582,42.3448023,-71.0825832,16.659
6764,1773142016,1769567628876,21:33:48.876,42.3448023,-71.0825832,16.659
6765,1773404160,1769567629394,21:33:49.394,42.3448023,-71.0825832,16.659
6766,1773666304,1769567629846,21:33:49.846,42.3448023,-71.0825832,16.659
6767,1773928448,1769567630176,21:33:50.176,42.3448023,-71.0825832,16.659
6768,1774190592,1769567630535,21:33:50.535,42.3448023,-71.0825832,16.659
6769,1774452736,1769567630956,21:33:50.956,42.3448023,-71.0825832,16.659
6770,1774714880,1769567631399,21:33:51.399,42.3448023,-71.0825832,16.659
6771,1774977024,1769567631862,21:33:51.862,42.3448023,-71.0825832,16.659
6772,1775239168,1769567632242,21:33:52.242,42.3448023,-71.0825832,16.659
6773,1775501312,1769567632564,21:33:52.564,42.3448023,-71.0825832,16.659
6774,1775763456,1769567632926,21:33:52.926,42.3448023,-71.0825832,16.659
6775,1776025600,1769567633247,21:33:53.247,42.3448023,-71.0825832,16.659
6776,1776287744,1769567633635,21:33:53.635,42.3448023,-71.0825832,16.659
6777,1776549888,1769567634040,21:33:54.040,42.3448023,-71.0825832,16.659
6778,1776812032,1769567634338,21:33:54.338,42.3448023,-71.0825832,16.659
6779,1777074176,1769567634688,21:33:54.688,42.3448023,-71.0825832,16.659
6780,1777336320,1769567635038,21:33:55.038,42.3448023,-71.0825832,16.659
6781,1777598464,1769567635391,21:33:55.391,42.3448023,-71.0825832,16.659
6782,1777860608,1769567635741,21:33:55.741,42.3448023,-71.0825832,16.659
6783,1778122752,1769567636090,21:33:56.090,42.3448023,-71.0825832,16.659
6784,1778384896,1769567636441,21:33:56.441,42.3448023,-71.0825832,16.659
6785,1778647040,1769567636831,21:33:56.831,42.3448023,-71.0825832,16.659
6786,1778909184,1769567643895,21:34:03.895,42.3448023,-71.0825832,16.659
6787,1779171328,1769567644158,21:34:04.158,42.3448023,-71.0825832,16.659
6788,1779433472,1769567644422,21:34:04.422,42.3448023,-71.0825832,16.659
6789,1779695616,1769567644667,21:34:04.667,42.3448023,-71.0825832,16.659
6790,1779957760,1769567644922,21:34:04.922,42.3448023,-71.0825832,16.659
6791,1780219904,1769567645207,21:34:05.207,42.3448023,-71.0825832,16.659
6792,1780482048,1769567645468,21:34:05.468,42.3448023,-71.0825832,16.659
6793,1780744192,1769567645719,21:34:05.719,42.3448023,-71.0825832,16.659
6794,1781006336,1769567645980,21:34:05.980,42.3448023,-71.0825832,16.659
6795,1781268480,1769567646233,21:34:06.233,42.3448023,-71.0825832,16.659
6796,1781530624,1769567646488,21:34:06.488,42.3448023,-71.0825832,16.659
6797,1781792768,1769567646748,21:34:06.748,42.3448023,-71.0825832,16.659
6798,1782054912,1769567647028,21:34:07.028,42.3448023,-71.0825832,16.659
6799,1782317056,1769567647273,21:34:07.273,42.3448023,-71.0825832,16.659
6800,1782579200,1769567647533,21:34:07.533,42.3448023,-71.0825832,16.659
6801,1782841344,1769567647784,21:34:07.784,42.3448023,-71.0825832,16.659
6802,1783103488,1769567648057,21:34:08.057,42.3448023,-71.0825832,16.659
6803,1783365632,1769567648330,21:34:08.330,42.3448023,-71.0825832,16.659
6804,1783627776,1769567648599,21:34:08.599,42.3448023,-71.0825832,16.659
6805,1783889920,1769567648857,21:34:08.857,42.3448023,-71.0825832,16.659
6806,1784152064,1769567649112,21:34:09.112,42.3448023,-71.0825832,16.659
6807,1784414208,1769567649396,21:34:09.396,42.3448023,-71.0825832,16.659
6808,1784676352,1769567649665,21:34:09.665,42.3448023,-71.0825832,16.659
6809,1784938496,1769567649953,21:34:09.953,42.3448023,-71.0825832,16.659
6810,1785200640,1769567650204,21:34:10.204,42.3448023,-71.0825832,16.659
6811,1785462784,1769567650470,21:34:10.470,42.3448023,-71.0825832,16.659
6812,1785724928,1769567650722,21:34:10.722,42.3448023,-71.0825832,16.659
6813,1785987072,1769567650974,21:34:10.974,42.3448023,-71.0825832,16.659
6814,1786249216,1769567651217,21:34:11.217,42.3448023,-71.0825832,16.659
6815,1786511360,1769567651464,21:34:11.464,42.3448023,-71.0825832,16.659
6816,1786773504,1769567651724,21:34:11.724,42.3448023,-71.0825832,16.659
6817,1787035648,1769567651972,21:34:11.972,42.3448023,-71.0825832,16.659
6818,1787297792,1769567652232,21:34:12.232,42.3448023,-71.0825832,16.659
6819,1787559936,1769567652510,21:34:12.510,42.3448023,-71.0825832,16.659
6820,1787822080,1769567652768,21:34:12.768,42.3448023,-71.0825832,16.659
6821,1788084224,1769567653017,21:34:13.017,42.3448023,-71.0825832,16.659
6822,1788346368,1769567653275,21:34:13.275,42.3448023,-71.0825832,16.659
6823,1788608512,1769567653556,21:34:13.556,42.3448023,-71.0825832,16.659
6824,1788870656,1769567653819,21:34:13.819,42.3448023,-71.0825832,16.659
6825,1789132800,1769567654079,21:34:14.079,42.3448023,-71.0825832,16.659
6826,1789394944,1769567654340,21:34:14.340,42.3448023,-71.0825832,16.659
6827,1789657088,1769567654615,21:34:14.615,42.3448023,-71.0825832,16.659
6828,1789919232,1769567654870,21:34:14.870,42.3448023,-71.0825832,16.659
6829,1790181376,1769567655118,21:34:15.118,42.3448023,-71.0825832,16.659
6830,1790443520,1769567655379,21:34:15.379,42.3448023,-71.0825832,16.659
6831,1790705664,1769567655645,21:34:15.645,42.3448023,-71.0825832,16.659
6832,1790967808,1769567655897,21:34:15.897,42.3448023,-71.0825832,16.659
6833,1791229952,1769567656248,21:34:16.248,42.3448023,-71.0825832,16.659
6834,1791492096,1769567656625,21:34:16.625,42.3448023,-71.0825832,16.659
6835,1791754240,1769567657238,21:34:17.238,42.3448023,-71.0825832,16.659
6836,1792016384,1769567657879,21:34:17.879,42.3448023,-71.0825832,16.659
6837,1792278528,1769567658470,21:34:18.470,42.3448023,-71.0825832,16.659
6838,1792540672,1769567658922,21:34:18.922,42.3448023,-71.0825832,16.659
6839,1792802816,1769567659349,21:34:19.349,42.3448023,-71.0825832,16.659
6840,1793064960,1769567659748,21:34:19.748,42.3448023,-71.0825832,16.659
6841,1793327104,1769567660244,21:34:20.244,42.3448023,-71.0825832,16.659
6842,1793589248,1769567660737,21:34:20.737,42.3448023,-71.0825832,16.659
6843,1793851392,1769567661294,21:34:21.294,42.3448023,-71.0825832,16.659
6844,1794113536,1769567661694,21:34:21.694,42.3448023,-71.0825832,16.659
6845,1794375680,1769567661990,21:34:21.990,42.3448023,-71.0825832,16.659
6846,1794637824,1769567662566,21:34:22.566,42.3448023,-71.0825832,16.659
6847,1794899968,1769567663001,21:34:23.001,42.3448023,-71.0825832,16.659
6848,1795162112,1769567663494,21:34:23.494,42.3448023,-71.0825832,16.659
6849,1795424256,1769567664128,21:34:24.128,42.3448023,-71.0825832,16.659
6850,1795686400,1769567664722,21:34:24.722,42.3448023,-71.0825832,16.659
6851,1795948544,1769567665283,21:34:25.283,42.3448023,-71.0825832,16.659
6852,1796210688,1769567665885,21:34:25.885,42.3448023,-71.0825832,16.659
6853,1796472832,1769567666332,21:34:26.332,42.3448023,-71.0825832,16.659
6854,1796734976,1769567666857,21:34:26.857,42.3448023,-71.0825832,16.659
6855,1796997120,1769567674046,21:34:34.046,42.3448023,-71.0825832,16.659
6856,1797259264,1769567674331,21:34:34.331,42.3448023,-71.0825832,16.659
6857,1797521408,1769567674595,21:34:34.595,42.3448023,-71.0825832,16.659
6858,1797783552,1769567674851,21:34:34.851,42.3448023,-71.0825832,16.659
6859,1798045696,1769567675079,21:34:35.079,42.3448023,-71.0825832,16.659
6860,1798307840,1769567675322,21:34:35.322,42.3448023,-71.0825832,16.659
6861,1798569984,1769567675552,21:34:35.552,42.3448023,-71.0825832,16.659
6862,1798832128,1769567675824,21:34:35.824,42.3448023,-71.0825832,16.659
6863,1799094272,1769567676076,21:34:36.076,42.3448023,-71.0825832,16.659
6864,1799356416,1769567676330,21:34:36.330,42.3448023,-71.0825832,16.659
6865,1799618560,1769567676600,21:34:36.600,42.3448023,-71.0825832,16.659
6866,1799880704,1769567676851,21:34:36.851,42.3448023,-71.0825832,16.659
6867,1800142848,1769567677093,21:34:37.093,42.3448023,-71.0825832,16.659
6868,1800404992,1769567677336,21:34:37.336,42.3448023,-71.0825832,16.659
6869,1800667136,1769567677592,21:34:37.592,42.3448023,-71.0825832,16.659
6870,1800929280,1769567677865,21:34:37.865,42.3448023,-71.0825832,16.659
6871,1801191424,1769567678124,21:34:38.124,42.3448023,-71.0825832,16.659
6872,1801453568,1769567678369,21:34:38.369,42.3448023,-71.0825832,16.659
6873,1801715712,1769567678620,21:34:38.620,42.3448023,-71.0825832,16.659
6874,1801977856,1769567678872,21:34:38.872,42.3448023,-71.0825832,16.659
6875,1802240000,1769567679139,21:34:39.139,42.3448023,-71.0825832,16.659
6876,1802502144,1769567679410,21:34:39.410,42.3448023,-71.0825832,16.659
6877,1802764288,1769567679665,21:34:39.665,42.3448023,-71.0825832,16.659
6878,1803026432,1769567679915,21:34:39.915,42.3448023,-71.0825832,16.659
6879,1803288576,1769567680152,21:34:40.152,42.3448023,-71.0825832,16.659
6880,1803550720,1769567680408,21:34:40.408,42.3448023,-71.0825832,16.659
6881,1803812864,1769567680650,21:34:40.650,42.3448023,-71.0825832,16.659
6882,1804075008,1769567680899,21:34:40.899,42.3448023,-71.0825832,16.659
6883,1804337152,1769567681170,21:34:41.170,42.3448023,-71.0825832,16.659
6884,1804599296,1769567681447,21:34:41.447,42.3448023,-71.0825832,16.659
6885,1804861440,1769567681700,21:34:41.700,42.3448023,-71.0825832,16.659
6886,1805123584,1769567681949,21:34:41.949,42.3448023,-71.0825832,16.659
6887,1805385728,1769567682195,21:34:42.195,42.3448023,-71.0825832,16.659
6888,1805647872,1769567682466,21:34:42.466,42.3448023,-71.0825832,16.659
6889,1805910016,1769567682722,21:34:42.722,42.3448023,-71.0825832,16.659
6890,1806172160,1769567682964,21:34:42.964,42.3448023,-71.0825832,16.659
6891,1806434304,1769567683235,21:34:43.235,42.3448023,-71.0825832,16.659
6892,1806696448,1769567683512,21:34:43.512,42.3448023,-71.0825832,16.659
6893,1806958592,1769567683768,21:34:43.768,42.3448023,-71.0825832,16.659
6894,1807220736,1769567684031,21:34:44.031,42.3448023,-71.0825832,16.659
6895,1807482880,1769567684305,21:34:44.305,42.3448023,-71.0825832,16.659
6896,1807745024,1769567684599,21:34:44.599,42.3448023,-71.0825832,16.659
6897,1808007168,1769567685145,21:34:45.145,42.3448023,-71.0825832,16.659
6898,1808269312,1769567685637,21:34:45.637,42.3448023,-71.0825832,16.659
6899,1808531456,1769567686155,21:34:46.155,42.3448023,-71.0825832,16.659
6900,1808793600,1769567686789,21:34:46.789,42.3448023,-71.0825832,16.659
6901,1809055744,1769567687371,21:34:47.371,42.3448023,-71.0825832,16.659
6902,1809317888,1769567687941,21:34:47.941,42.3448023,-71.0825832,16.659
6903,1809580032,1769567688539,21:34:48.539,42.3448023,-71.0825832,16.659
6904,1809842176,1769567689402,21:34:49.402,42.3448023,-71.0825832,16.659
6905,1810104320,1769567690073,21:34:50.073,42.3448023,-71.0825832,16.659
6906,1810366464,1769567690687,21:34:50.687,42.3448023,-71.0825832,16.659
6907,1810628608,1769567691400,21:34:51.400,42.3448023,-71.0825832,16.659
6908,1810890752,1769567692000,21:34:52.000,42.3448023,-71.0825832,16.659
6909,1811152896,1769567692405,21:34:52.405,42.3448023,-71.0825832,16.659
6910,1811415040,1769567692883,21:34:52.883,42.3448023,-71.0825832,16.659
6911,1811677184,1769567693306,21:34:53.306,42.3448023,-71.0825832,16.659
6912,1811939328,1769567693614,21:34:53.614,42.3448023,-71.0825832,16.659
6913,1812201472,1769567694169,21:34:54.169,42.3448023,-71.0825832,16.659
6914,1812463616,1769567694617,21:34:54.617,42.3448023,-71.0825832,16.659
6915,1812725760,1769567694883,21:34:54.883,42.3448023,-71.0825832,16.659
6916,1812987904,1769567695232,21:34:55.232,42.3448023,-71.0825832,16.659
6917,1813250048,1769567695584,21:34:55.584,42.3448023,-71.0825832,16.659
6918,1813512192,1769567695936,21:34:55.936,42.3448023,-71.0825832,16.659
6919,1813774336,1769567696303,21:34:56.303,42.3448023,-71.0825832,16.659
6920,1814036480,1769567696667,21:34:56.667,42.3448023,-71.0825832,16.659
6921,1814298624,1769567697019,21:34:57.019,42.3448023,-71.0825832,16.659
6922,1814560768,1769567697369,21:34:57.369,42.3448023,-71.0825832,16.659
6923,1814822912,1769567704142,21:35:04.142,42.3448023,-71.0825832,16.659
6924,1815085056,1769567704396,21:35:04.396,42.3448023,-71.0825832,16.659
6925,1815347200,1769567704644,21:35:04.644,42.3448023,-71.0825832,16.659
6926,1815609344,1769567704892,21:35:04.892,42.3448023,-71.0825832,16.659
6927,1815871488,1769567705144,21:35:05.144,42.3448023,-71.0825832,16.659
6928,1816133632,1769567705383,21:35:05.383,42.3448023,-71.0825832,16.659
6929,1816395776,1769567705634,21:35:05.634,42.3448023,-71.0825832,16.659
6930,1816657920,1769567705895,21:35:05.895,42.3448023,-71.0825832,16.659
6931,1816920064,1769567706128,21:35:06.128,42.3448023,-71.0825832,16.659
6932,1817182208,1769567706393,21:35:06.393,42.3448023,-71.0825832,16.659
6933,1817444352,1769567706642,21:35:06.642,42.3448023,-71.0825832,16.659
6934,1817706496,1769567706894,21:35:06.894,42.3448023,-71.0825832,16.659
6935,1817968640,1769567707142,21:35:07.142,42.3448023,-71.0825832,16.659
6936,1818230784,1769567707396,21:35:07.396,42.3448023,-71.0825832,16.659
6937,1818492928,1769567707659,21:35:07.659,42.3448023,-71.0825832,16.659
6938,1818755072,1769567707907,21:35:07.907,42.3448023,-71.0825832,16.659
6939,1819017216,1769567708147,21:35:08.147,42.3448023,-71.0825832,16.659
6940,1819279360,1769567708393,21:35:08.393,42.3448023,-71.0825832,16.659
6941,1819541504,1769567708654,21:35:08.654,42.3448023,-71.0825832,16.659
6942,1819803648,1769567708924,21:35:08.924,42.3448023,-71.0825832,16.659
6943,1820065792,1769567709183,21:35:09.183,42.3448023,-71.0825832,16.659
6944,1820327936,1769567709441,21:35:09.441,42.3448023,-71.0825832,16.659
6945,1820590080,1769567709701,21:35:09.701,42.3448023,-71.0825832,16.659
6946,1820852224,1769567709952,21:35:09.952,42.3448023,-71.0825832,16.659
6947,1821114368,1769567710213,21:35:10.213,42.3448023,-71.0825832,16.659
6948,1821376512,1769567710461,21:35:10.461,42.3448023,-71.0825832,16.659
6949,1821638656,1769567710722,21:35:10.722,42.3448023,-71.0825832,16.659
6950,1821900800,1769567710973,21:35:10.973,42.3448023,-71.0825832,16.659
6951,1822162944,1769567711231,21:35:11.231,42.3448023,-71.0825832,16.659
6952,1822425088,1769567711477,21:35:11.477,42.3448023,-71.0825832,16.659
6953,1822687232,1769567711754,21:35:11.754,42.3448023,-71.0825832,16.659
6954,1822949376,1769567712010,21:35:12.010,42.3448023,-71.0825832,16.659
6955,1823211520,1769567712261,21:35:12.261,42.3448023,-71.0825832,16.659
6956,1823473664,1769567712513,21:35:12.513,42.3448023,-71.0825832,16.659
6957,1823735808,1769567712775,21:35:12.775,42.3448023,-71.0825832,16.659
6958,1823997952,1769567713028,21:35:13.028,42.3448023,-71.0825832,16.659
6959,1824260096,1769567713272,21:35:13.272,42.3448023,-71.0825832,16.659
6960,1824522240,1769567713535,21:35:13.535,42.3448023,-71.0825832,16.659
6961,1824784384,1769567713796,21:35:13.796,42.3448023,-71.0825832,16.659
6962,1825046528,1769567714055,21:35:14.055,42.3448023,-71.0825832,16.659
6963,1825308672,1769567714307,21:35:14.307,42.3448023,-71.0825832,16.659
6964,1825570816,1769567714548,21:35:14.548,42.3448023,-71.0825832,16.659
6965,1825832960,1769567714801,21:35:14.801,42.3448023,-71.0825832,16.659
6966,1826095104,1769567715051,21:35:15.051,42.3448023,-71.0825832,16.659
6967,1826357248,1769567715304,21:35:15.304,42.3448023,-71.0825832,16.659
6968,1826619392,1769567715649,21:35:15.649,42.3448023,-71.0825832,16.659
6969,1826881536,1769567716025,21:35:16.025,42.3448023,-71.0825832,16.659
6970,1827143680,1769567716419,21:35:16.419,42.3448023,-71.0825832,16.659
6971,1827405824,1769567716867,21:35:16.867,42.3448023,-71.0825832,16.659
6972,1827667968,1769567717646,21:35:17.646,42.3448023,-71.0825832,16.659
6973,1827930112,1769567718105,21:35:18.105,42.3448023,-71.0825832,16.659
6974,1828192256,1769567718453,21:35:18.453,42.3448023,-71.0825832,16.659
6975,1828454400,1769567718821,21:35:18.821,42.3448023,-71.0825832,16.659
6976,1828716544,1769567719157,21:35:19.157,42.3448023,-71.0825832,16.659
6977,1828978688,1769567719507,21:35:19.507,42.3448023,-71.0825832,16.659
6978,1829240832,1769567719859,21:35:19.859,42.3448023,-71.0825832,16.659
6979,1829502976,1769567720223,21:35:20.223,42.3448023,-71.0825832,16.659
6980,1829765120,1769567720560,21:35:20.560,42.3448023,-71.0825832,16.659
6981,1830027264,1769567720912,21:35:20.912,42.3448023,-71.0825832,16.659
6982,1830289408,1769567721261,21:35:21.261,42.3448023,-71.0825832,16.659
6983,1830551552,1769567721664,21:35:21.664,42.3448023,-71.0825832,16.659
6984,1830813696,1769567722039,21:35:22.039,42.3448023,-71.0825832,16.659
6985,1831075840,1769567722415,21:35:22.415,42.3448023,-71.0825832,16.659
6986,1831337984,1769567722800,21:35:22.800,42.3448023,-71.0825832,16.659
6987,1831600128,1769567723167,21:35:23.167,42.3448023,-71.0825832,16.659
6988,1831862272,1769567723516,21:35:23.516,42.3448023,-71.0825832,16.659
6989,1832124416,1769567723868,21:35:23.868,42.3448023,-71.0825832,16.659
6990,1832386560,1769567724218,21:35:24.218,42.3448023,-71.0825832,16.659
6991,1832648704,1769567724615,21:35:24.615,42.3448023,-71.0825832,16.659
6992,1832910848,1769567724965,21:35:24.965,42.3448023,-71.0825832,16.659
6993,1833172992,1769567725316,21:35:25.316,42.3448023,-71.0825832,16.659
6994,1833435136,1769567725667,21:35:25.667,42.3448023,-71.0825832,16.659
6995,1833697280,1769567726266,21:35:26.266,42.3448023,-71.0825832,16.659
6996,1833959424,1769567726811,21:35:26.811,42.3448023,-71.0825832,16.659
6997,1834221568,1769567727246,21:35:27.246,42.3448023,-71.0825832,16.659
6998,1834483712,1769567727605,21:35:27.605,42.3448023,-71.0825832,16.659
6999,1834745856,1769567734429,21:35:34.429,42.3448023,-71.0825832,16.659
7000,1835008000,1769567734695,21:35:34.695,42.3448023,-71.0825832,16.659
7001,1835270144,1769567734956,21:35:34.956,42.3448023,-71.0825832,16.659
7002,1835532288,1769567735209,21:35:35.209,42.3448023,-71.0825832,16.659
7003,1835794432,1769567735476,21:35:35.476,42.3448023,-71.0825832,16.659
7004,1836056576,1769567735730,21:35:35.730,42.3448023,-71.0825832,16.659
7005,1836318720,1769567736001,21:35:36.001,42.3448023,-71.0825832,16.659
7006,1836580864,1769567736274,21:35:36.274,42.3448023,-71.0825832,16.659
7007,1836843008,1769567736548,21:35:36.548,42.3448023,-71.0825832,16.659
7008,1837105152,1769567736844,21:35:36.844,42.3448023,-71.0825832,16.659
7009,1837367296,1769567737098,21:35:37.098,42.3448023,-71.0825832,16.659
7010,1837629440,1769567737346,21:35:37.346,42.3448023,-71.0825832,16.659
7011,1837891584,1769567737601,21:35:37.601,42.3448023,-71.0825832,16.659
7012,1838153728,1769567737857,21:35:37.857,42.3448023,-71.0825832,16.659
7013,1838415872,1769567738122,21:35:38.122,42.3448023,-71.0825832,16.659
7014,1838678016,1769567738368,21:35:38.368,42.3448023,-71.0825832,16.659
7015,1838940160,1769567738616,21:35:38.616,42.3448023,-71.0825832,16.659
7016,1839202304,1769567738865,21:35:38.865,42.3448023,-71.0825832,16.659
7017,1839464448,1769567739112,21:35:39.112,42.3448023,-71.0825832,16.659
7018,1839726592,1769567739375,21:35:39.375,42.3448023,-71.0825832,16.659
7019,1839988736,1769567739633,21:35:39.633,42.3448023,-71.0825832,16.659
7020,1840250880,1769567739885,21:35:39.885,42.3448023,-71.0825832,16.659
7021,1840513024,1769567740154,21:35:40.154,42.3448023,-71.0825832,16.659
7022,1840775168,1769567740416,21:35:40.416,42.3448023,-71.0825832,16.659
7023,1841037312,1769567740681,21:35:40.681,42.3448023,-71.0825832,16.659
7024,1841299456,1769567740922,21:35:40.922,42.3448023,-71.0825832,16.659
7025,1841561600,1769567741182,21:35:41.182,42.3448023,-71.0825832,16.659
7026,1841823744,1769567741438,21:35:41.438,42.3448023,-71.0825832,16.659
7027,1842085888,1769567741707,21:35:41.707,42.3448023,-71.0825832,16.659
7028,1842348032,1769567741962,21:35:41.962,42.3448023,-71.0825832,16.659
7029,1842610176,1769567742216,21:35:42.216,42.3448023,-71.0825832,16.659
7030,1842872320,1769567742468,21:35:42.468,42.3448023,-71.0825832,16.659
7031,1843134464,1769567742728,21:35:42.728,42.3448023,-71.0825832,16.659
7032,1843396608,1769567742966,21:35:42.966,42.3448023,-71.0825832,16.659
7033,1843658752,1769567743382,21:35:43.382,42.3448023,-71.0825832,16.659
7034,1843920896,1769567743811,21:35:43.811,42.3448023,-71.0825832,16.659
7035,1844183040,1769567744272,21:35:44.272,42.3448023,-71.0825832,16.659
7036,1844445184,1769567744720,21:35:44.720,42.3448023,-71.0825832,16.659
7037,1844707328,1769567744983,21:35:44.983,42.3448023,-71.0825832,16.659
7038,1844969472,1769567745328,21:35:45.328,42.3448023,-71.0825832,16.659
7039,1845231616,1769567745714,21:35:45.714,42.3448023,-71.0825832,16.659
7040,1845493760,1769567746129,21:35:46.129,42.3448023,-71.0825832,16.659
7041,1845755904,1769567746604,21:35:46.604,42.3448023,-71.0825832,16.659
7042,1846018048,1769567746881,21:35:46.881,42.3448023,-71.0825832,16.659
7043,1846280192,1769567747257,21:35:47.257,42.3448023,-71.0825832,16.659
7044,1846542336,1769567747608,21:35:47.608,42.3448023,-71.0825832,16.659
7045,1846804480,1769567747974,21:35:47.974,42.3448023,-71.0825832,16.659
7046,1847066624,1769567748386,21:35:48.386,42.3448023,-71.0825832,16.659
7047,1847328768,1769567748757,21:35:48.757,42.3448023,-71.0825832,16.659
7048,1847590912,1769567749230,21:35:49.230,42.3448023,-71.0825832,16.659
7049,1847853056,1769567749611,21:35:49.611,42.3448023,-71.0825832,16.659
7050,1848115200,1769567749960,21:35:49.960,42.3448023,-71.0825832,16.659
7051,1848377344,1769567750314,21:35:50.314,42.3448023,-71.0825832,16.659
7052,1848639488,1769567750666,21:35:50.666,42.3448023,-71.0825832,16.659
7053,1848901632,1769567751015,21:35:51.015,42.3448023,-71.0825832,16.659
7054,1849163776,1769567751400,21:35:51.400,42.3448023,-71.0825832,16.659
7055,1849425920,1769567751717,21:35:51.717,42.3448023,-71.0825832,16.659
7056,1849688064,1769567752105,21:35:52.105,42.3448023,-71.0825832,16.659
7057,1849950208,1769567752515,21:35:52.515,42.3448023,-71.0825832,16.659
7058,1850212352,1769567752807,21:35:52.807,42.3448023,-71.0825832,16.659
7059,1850474496,1769567753196,21:35:53.196,42.3448023,-71.0825832,16.659
7060,1850736640,1769567753543,21:35:53.543,42.3448023,-71.0825832,16.659
7061,1850998784,1769567753893,21:35:53.893,42.3448023,-71.0825832,16.659
7062,1851260928,1769567754245,21:35:54.245,42.3448023,-71.0825832,16.659
7063,1851523072,1769567754594,21:35:54.594,42.3448023,-71.0825832,16.659
7064,1851785216,1769567754987,21:35:54.987,42.3448023,-71.0825832,16.659
7065,1852047360,1769567755347,21:35:55.347,42.3448023,-71.0825832,16.659
7066,1852309504,1769567755720,21:35:55.720,42.3448023,-71.0825832,16.659
7067,1852571648,1769567756175,21:35:56.175,42.3448023,-71.0825832,16.659
7068,1852833792,1769567756611,21:35:56.611,42.3448023,-71.0825832,16.659
7069,1853095936,1769567757078,21:35:57.078,42.3448023,-71.0825832,16.659
7070,1853358080,1769567757441,21:35:57.441,42.3448023,-71.0825832,16.659
7071,1853620224,1769567757841,21:35:57.841,42.3448023,-71.0825832,16.659
7072,1853882368,1769567764845,21:36:04.845,42.3448023,-71.0825832,16.659
7073,1854144512,1769567765112,21:36:05.112,42.3448023,-71.0825832,16.659
7074,1854406656,1769567765368,21:36:05.368,42.3448023,-71.0825832,16.659
7075,1854668800,1769567765617,21:36:05.617,42.3448023,-71.0825832,16.659
7076,1854930944,1769567765871,21:36:05.871,42.3448023,-71.0825832,16.659
7077,1855193088,1769567766112,21:36:06.112,42.3448023,-71.0825832,16.659
7078,1855455232,1769567766373,21:36:06.373,42.3448023,-71.0825832,16.659
7079,1855717376,1769567766626,21:36:06.626,42.3448023,-71.0825832,16.659
7080,1855979520,1769567766890,21:36:06.890,42.3448023,-71.0825832,16.659
7081,1856241664,1769567767133,21:36:07.133,42.3448023,-71.0825832,16.659
7082,1856503808,1769567767378,21:36:07.378,42.3448023,-71.0825832,16.659
7083,1856765952,1769567767617,21:36:07.617,42.3448023,-71.0825832,16.659
7084,1857028096,1769567767879,21:36:07.879,42.3448023,-71.0825832,16.659
7085,1857290240,1769567768143,21:36:08.143,42.3448023,-71.0825832,16.659
7086,1857552384,1769567768412,21:36:08.412,42.3448023,-71.0825832,16.659
7087,1857814528,1769567768666,21:36:08.666,42.3448023,-71.0825832,16.659
7088,1858076672,1769567768924,21:36:08.924,42.3448023,-71.0825832,16.659
7089,1858338816,1769567769184,21:36:09.184,42.3448023,-71.0825832,16.659
7090,1858600960,1769567769443,21:36:09.443,42.3448023,-71.0825832,16.659
7091,1858863104,1769567769704,21:36:09.704,42.3448023,-71.0825832,16.659
7092,1859125248,1769567769960,21:36:09.960,42.3448023,-71.0825832,16.659
7093,1859387392,1769567770213,21:36:10.213,42.3448023,-71.0825832,16.659
7094,1859649536,1769567770467,21:36:10.467,42.3448023,-71.0825832,16.659
7095,1859911680,1769567770734,21:36:10.734,42.3448023,-71.0825832,16.659
7096,1860173824,1769567771004,21:36:11.004,42.3448023,-71.0825832,16.659
7097,1860435968,1769567771269,21:36:11.269,42.3448023,-71.0825832,16.659
7098,1860698112,1769567771526,21:36:11.526,42.3448023,-71.0825832,16.659
7099,1860960256,1769567771785,21:36:11.785,42.3448023,-71.0825832,16.659
7100,1861222400,1769567772033,21:36:12.033,42.3448023,-71.0825832,16.659
7101,1861484544,1769567772288,21:36:12.288,42.3448023,-71.0825832,16.659
7102,1861746688,1769567772560,21:36:12.560,42.3448023,-71.0825832,16.659
7103,1862008832,1769567772817,21:36:12.817,42.3448023,-71.0825832,16.659
7104,1862270976,1769567773081,21:36:13.081,42.3448023,-71.0825832,16.659
7105,1862533120,1769567773323,21:36:13.323,42.3448023,-71.0825832,16.659
7106,1862795264,1769567773563,21:36:13.563,42.3448023,-71.0825832,16.659
7107,1863057408,1769567773820,21:36:13.820,42.3448023,-71.0825832,16.659
7108,1863319552,1769567774066,21:36:14.066,42.3448023,-71.0825832,16.659
7109,1863581696,1769567774338,21:36:14.338,42.3448023,-71.0825832,16.659
7110,1863843840,1769567774592,21:36:14.592,42.3448023,-71.0825832,16.659
7111,1864105984,1769567775149,21:36:15.149,42.3448023,-71.0825832,16.659
7112,1864368128,1769567775593,21:36:15.593,42.3448023,-71.0825832,16.659
7113,1864630272,1769567775959,21:36:15.959,42.3448023,-71.0825832,16.659
7114,1864892416,1769567776471,21:36:16.471,42.3448023,-71.0825832,16.659
7115,1865154560,1769567776993,21:36:16.993,42.3448023,-71.0825832,16.659
7116,1865416704,1769567777399,21:36:17.399,42.3448023,-71.0825832,16.659
7117,1865678848,1769567777756,21:36:17.756,42.3448023,-71.0825832,16.659
7118,1865940992,1769567778311,21:36:18.311,42.3448023,-71.0825832,16.659
7119,1866203136,1769567778801,21:36:18.801,42.3448023,-71.0825832,16.659
7120,1866465280,1769567779359,21:36:19.359,42.3448023,-71.0825832,16.659
7121,1866727424,1769567779831,21:36:19.831,42.3448023,-71.0825832,16.659
7122,1866989568,1769567780385,21:36:20.385,42.3448023,-71.0825832,16.659
7123,1867251712,1769567780848,21:36:20.848,42.3448023,-71.0825832,16.659
7124,1867513856,1769567781206,21:36:21.206,42.3448023,-71.0825832,16.659
7125,1867776000,1769567781728,21:36:21.728,42.3448023,-71.0825832,16.659
7126,1868038144,1769567782254,21:36:22.254,42.3448023,-71.0825832,16.659
7127,1868300288,1769567782752,21:36:22.752,42.3448023,-71.0825832,16.659
7128,1868562432,1769567783170,21:36:23.170,42.3448023,-71.0825832,16.659
7129,1868824576,1769567783725,21:36:23.725,42.3448023,-71.0825832,16.659
7130,1869086720,1769567784227,21:36:24.227,42.3448023,-71.0825832,16.659
7131,1869348864,1769567784771,21:36:24.771,42.3448023,-71.0825832,16.659
7132,1869611008,1769567785316,21:36:25.316,42.3448023,-71.0825832,16.659
7133,1869873152,1769567785761,21:36:25.761,42.3448023,-71.0825832,16.659
7134,1870135296,1769567786252,21:36:26.252,42.3448023,-71.0825832,16.659
7135,1870397440,1769567786671,21:36:26.671,42.3448023,-71.0825832,16.659
7136,1870659584,1769567787031,21:36:27.031,42.3448023,-71.0825832,16.659
7137,1870921728,1769567787452,21:36:27.452,42.3448023,-71.0825832,16.659
7138,1871183872,1769567787830,21:36:27.830,42.3448023,-71.0825832,16.659
7139,1871446016,1769567788255,21:36:28.255,42.3448023,-71.0825832,16.659
7140,1871708160,1769567795365,21:36:35.365,42.3448023,-71.0825832,16.659
7141,1871970304,1769567795652,21:36:35.652,42.3448023,-71.0825832,16.659
7142,1872232448,1769567795909,21:36:35.909,42.3448023,-71.0825832,16.659
7143,1872494592,1769567796158,21:36:36.158,42.3448023,-71.0825832,16.659
7144,1872756736,1769567796412,21:36:36.412,42.3448023,-71.0825832,16.659
7145,1873018880,1769567796660,21:36:36.660,42.3448023,-71.0825832,16.659
7146,1873281024,1769567796920,21:36:36.920,42.3448023,-71.0825832,16.659
7147,1873543168,1769567797178,21:36:37.178,42.3448023,-71.0825832,16.659
7148,1873805312,1769567797419,21:36:37.419,42.3448023,-71.0825832,16.659
7149,1874067456,1769567797687,21:36:37.687,42.3448023,-71.0825832,16.659
7150,1874329600,1769567797946,21:36:37.946,42.3448023,-71.0825832,16.659
7151,1874591744,1769567798202,21:36:38.202,42.3448023,-71.0825832,16.659
7152,1874853888,1769567798463,21:36:38.463,42.3448023,-71.0825832,16.659
7153,1875116032,1769567798727,21:36:38.727,42.3448023,-71.0825832,16.659
7154,1875378176,1769567798997,21:36:38.997,42.3448023,-71.0825832,16.659
7155,1875640320,1769567799273,21:36:39.273,42.3448023,-71.0825832,16.659
7156,1875902464,1769567799528,21:36:39.528,42.3448023,-71.0825832,16.659
7157,1876164608,1769567799773,21:36:39.773,42.3448023,-71.0825832,16.659
7158,1876426752,1769567800024,21:36:40.024,42.3448023,-71.0825832,16.659
7159,1876688896,1769567800271,21:36:40.271,42.3448023,-71.0825832,16.659
7160,1876951040,1769567800522,21:36:40.522,42.3448023,-71.0825832,16.659
7161,1877213184,1769567800765,21:36:40.765,42.3448023,-71.0825832,16.659
7162,1877475328,1769567801240,21:36:41.240,42.3448023,-71.0825832,16.659
7163,1877737472,1769567801718,21:36:41.718,42.3448023,-71.0825832,16.659
7164,1877999616,1769567802222,21:36:42.222,42.3448023,-71.0825832,16.659
7165,1878261760,1769567802778,21:36:42.778,42.3448023,-71.0825832,16.659
7166,1878523904,1769567803247,21:36:43.247,42.3448023,-71.0825832,16.659
7167,1878786048,1769567803516,21:36:43.516,42.3448023,-71.0825832,16.659
7168,1879048192,1769567803838,21:36:43.838,42.3448023,-71.0825832,16.659
7169,1879310336,1769567804187,21:36:44.187,42.3448023,-71.0825832,16.659
7170,1879572480,1769567804540,21:36:44.540,42.3448023,-71.0825832,16.659
7171,1879834624,1769567804957,21:36:44.957,42.3448023,-71.0825832,16.659
7172,1880096768,1769567805334,21:36:45.334,42.3448023,-71.0825832,16.659
7173,1880358912,1769567805736,21:36:45.736,42.3448023,-71.0825832,16.659
7174,1880621056,1769567806032,21:36:46.032,42.3448023,-71.0825832,16.659
7175,1880883200,1769567806382,21:36:46.382,42.3448023,-71.0825832,16.659
7176,1881145344,1769567806733,21:36:46.733,42.3448023,-71.0825832,16.659
7177,1881407488,1769567807086,21:36:47.086,42.3448023,-71.0825832,16.659
7178,1881669632,1769567807439,21:36:47.439,42.3448023,-71.0825832,16.659
7179,1881931776,1769567807785,21:36:47.785,42.3448023,-71.0825832,16.659
7180,1882193920,1769567808145,21:36:48.145,42.3448023,-71.0825832,16.659
7181,1882456064,1769567808495,21:36:48.495,42.3448023,-71.0825832,16.659
7182,1882718208,1769567808845,21:36:48.845,42.3448023,-71.0825832,16.659
7183,1882980352,1769567809270,21:36:49.270,42.3448023,-71.0825832,16.659
7184,1883242496,1769567809640,21:36:49.640,42.3448023,-71.0825832,16.659
7185,1883504640,1769567810066,21:36:50.066,42.3448023,-71.0825832,16.659
7186,1883766784,1769567810415,21:36:50.415,42.3448023,-71.0825832,16.659
7187,1884028928,1769567810831,21:36:50.831,42.3448023,-71.0825832,16.659
7188,1884291072,1769567811202,21:36:51.202,42.3448023,-71.0825832,16.659
7189,1884553216,1769567811617,21:36:51.617,42.3448023,-71.0825832,16.659
7190,1884815360,1769567811971,21:36:51.971,42.3448023,-71.0825832,16.659
7191,1885077504,1769567812320,21:36:52.320,42.3448023,-71.0825832,16.659
7192,1885339648,1769567812800,21:36:52.800,42.3448023,-71.0825832,16.659
7193,1885601792,1769567813141,21:36:53.141,42.3448023,-71.0825832,16.659
7194,1885863936,1769567813568,21:36:53.568,42.3448023,-71.0825832,16.659
7195,1886126080,1769567813983,21:36:53.983,42.3448023,-71.0825832,16.659
7196,1886388224,1769567814345,21:36:54.345,42.3448023,-71.0825832,16.659
7197,1886650368,1769567814760,21:36:54.760,42.3448023,-71.0825832,16.659
7198,1886912512,1769567815124,21:36:55.124,42.3448023,-71.0825832,16.659
7199,1887174656,1769567815514,21:36:55.514,42.3448023,-71.0825832,16.659
7200,1887436800,1769567815823,21:36:55.823,42.3448023,-71.0825832,16.659
7201,1887698944,1769567816211,21:36:56.211,42.3448023,-71.0825832,16.659
7202,1887961088,1769567816700,21:36:56.700,42.3448023,-71.0825832,16.659
7203,1888223232,1769567817189,21:36:57.189,42.3448023,-71.0825832,16.659
7204,1888485376,1769567817545,21:36:57.545,42.3448023,-71.0825832,16.659
7205,1888747520,1769567817908,21:36:57.908,42.3448023,-71.0825832,16.659
7206,1889009664,1769567818272,21:36:58.272,42.3448023,-71.0825832,16.659
7207,1889271808,1769567818565,21:36:58.565,42.3448023,-71.0825832,16.659
7208,1889533952,1769567826017,21:37:06.017,42.3448023,-71.0825832,16.659
7209,1889796096,1769567826271,21:37:06.271,42.3448023,-71.0825832,16.659
7210,1890058240,1769567826524,21:37:06.524,42.3448023,-71.0825832,16.659
7211,1890320384,1769567826790,21:37:06.790,42.3448023,-71.0825832,16.659
7212,1890582528,1769567827036,21:37:07.036,42.3448023,-71.0825832,16.659
7213,1890844672,1769567827288,21:37:07.288,42.3448023,-71.0825832,16.659
7214,1891106816,1769567827549,21:37:07.549,42.3448023,-71.0825832,16.659
7215,1891368960,1769567827812,21:37:07.812,42.3448023,-71.0825832,16.659
7216,1891631104,1769567828070,21:37:08.070,42.3448023,-71.0825832,16.659
7217,1891893248,1769567828319,21:37:08.319,42.3448023,-71.0825832,16.659
7218,1892155392,1769567828568,21:37:08.568,42.3448023,-71.0825832,16.659
7219,1892417536,1769567828832,21:37:08.832,42.3448023,-71.0825832,16.659
7220,1892679680,1769567829093,21:37:09.093,42.3448023,-71.0825832,16.659
7221,1892941824,1769567829359,21:37:09.359,42.3448023,-71.0825832,16.659
7222,1893203968,1769567829613,21:37:09.613,42.3448023,-71.0825832,16.659
7223,1893466112,1769567829881,21:37:09.881,42.3448023,-71.0825832,16.659
7224,1893728256,1769567830153,21:37:10.153,42.3448023,-71.0825832,16.659
7225,1893990400,1769567830390,21:37:10.390,42.3448023,-71.0825832,16.659
7226,1894252544,1769567830663,21:37:10.663,42.3448023,-71.0825832,16.659
7227,1894514688,1769567830925,21:37:10.925,42.3448023,-71.0825832,16.659
7228,1894776832,1769567831175,21:37:11.175,42.3448023,-71.0825832,16.659
7229,1895038976,1769567831424,21:37:11.424,42.3448023,-71.0825832,16.659
7230,1895301120,1769567831673,21:37:11.673,42.3448023,-71.0825832,16.659
7231,1895563264,1769567831929,21:37:11.929,42.3448023,-71.0825832,16.659
7232,1895825408,1769567832178,21:37:12.178,42.3448023,-71.0825832,16.659
7233,1896087552,1769567832447,21:37:12.447,42.3448023,-71.0825832,16.659
7234,1896349696,1769567832707,21:37:12.707,42.3448023,-71.0825832,16.659
7235,1896611840,1769567832960,21:37:12.960,42.3448023,-71.0825832,16.659
7236,1896873984,1769567833216,21:37:13.216,42.3448023,-71.0825832,16.659
7237,1897136128,1769567833472,21:37:13.472,42.3448023,-71.0825832,16.659
7238,1897398272,1769567833711,21:37:13.711,42.3448023,-71.0825832,16.659
7239,1897660416,1769567833959,21:37:13.959,42.3448023,-71.0825832,16.659
7240,1897922560,1769567834291,21:37:14.291,42.3448023,-71.0825832,16.659
7241,1898184704,1769567834886,21:37:14.886,42.3448023,-71.0825832,16.659
7242,1898446848,1769567835553,21:37:15.553,42.3448023,-71.0825832,16.659
7243,1898708992,1769567836358,21:37:16.358,42.3448023,-71.0825832,16.659
7244,1898971136,1769567837283,21:37:17.283,42.3448023,-71.0825832,16.659
7245,1899233280,1769567838167,21:37:18.167,42.3448023,-71.0825832,16.659
7246,1899495424,1769567838630,21:37:18.630,42.3448023,-71.0825832,16.659
7247,1899757568,1769567839205,21:37:19.205,42.3448023,-71.0825832,16.659
7248,1900019712,1769567839967,21:37:19.967,42.3448023,-71.0825832,16.659
7249,1900281856,1769567840540,21:37:20.540,42.3448023,-71.0825832,16.659
7250,1900544000,1769567841187,21:37:21.187,42.3448023,-71.0825832,16.659
7251,1900806144,1769567841807,21:37:21.807,42.3448023,-71.0825832,16.659
7252,1901068288,1769567842434,21:37:22.434,42.3448023,-71.0825832,16.659
7253,1901330432,1769567843088,21:37:23.088,42.3448023,-71.0825832,16.659
7254,1901592576,1769567843553,21:37:23.553,42.3448023,-71.0825832,16.659
7255,1901854720,1769567843927,21:37:23.927,42.3448023,-71.0825832,16.659
7256,1902116864,1769567844376,21:37:24.376,42.3448023,-71.0825832,16.659
7257,1902379008,1769567844786,21:37:24.786,42.3448023,-71.0825832,16.659
7258,1902641152,1769567845137,21:37:25.137,42.3448023,-71.0825832,16.659
7259,1902903296,1769567845600,21:37:25.600,42.3448023,-71.0825832,16.659
7260,1903165440,1769567845995,21:37:25.995,42.3448023,-71.0825832,16.659
7261,1903427584,1769567846424,21:37:26.424,42.3448023,-71.0825832,16.659
7262,1903689728,1769567846868,21:37:26.868,42.3448023,-71.0825832,16.659
7263,1903951872,1769567847263,21:37:27.263,42.3448023,-71.0825832,16.659
7264,1904214016,1769567847685,21:37:27.685,42.3448023,-71.0825832,16.659
7265,1904476160,1769567848161,21:37:28.161,42.3448023,-71.0825832,16.659
7266,1904738304,1769567848634,21:37:28.634,42.3448023,-71.0825832,16.659
7267,1905000448,1769567856694,21:37:36.694,42.3448023,-71.0825832,16.659
7268,1905262592,1769567856966,21:37:36.966,42.3448023,-71.0825832,16.659
7269,1905524736,1769567857230,21:37:37.230,42.3448023,-71.0825832,16.659
7270,1905786880,1769567857497,21:37:37.497,42.3448023,-71.0825832,16.659
7271,1906049024,1769567857765,21:37:37.765,42.3448023,-71.0825832,16.659
7272,1906311168,1769567858015,21:37:38.015,42.3448023,-71.0825832,16.659
7273,1906573312,1769567858280,21:37:38.280,42.3448023,-71.0825832,16.659
7274,1906835456,1769567858551,21:37:38.551,42.3448023,-71.0825832,16.659
7275,1907097600,1769567858808,21:37:38.808,42.3448023,-71.0825832,16.659
7276,1907359744,1769567859083,21:37:39.083,42.3448023,-71.0825832,16.659
7277,1907621888,1769567859352,21:37:39.352,42.3448023,-71.0825832,16.659
7278,1907884032,1769567859604,21:37:39.604,42.3448023,-71.0825832,16.659
7279,1908146176,1769567859856,21:37:39.856,42.3448023,-71.0825832,16.659
7280,1908408320,1769567860101,21:37:40.101,42.3448023,-71.0825832,16.659
7281,1908670464,1769567860332,21:37:40.332,42.3448023,-71.0825832,16.659
7282,1908932608,1769567860615,21:37:40.615,42.3448023,-71.0825832,16.659
7283,1909194752,1769567860873,21:37:40.873,42.3448023,-71.0825832,16.659
7284,1909456896,1769567861131,21:37:41.131,42.3448023,-71.0825832,16.659
7285,1909719040,1769567861410,21:37:41.410,42.3448023,-71.0825832,16.659
7286,1909981184,1769567861680,21:37:41.680,42.3448023,-71.0825832,16.659
7287,1910243328,1769567861937,21:37:41.937,42.3448023,-71.0825832,16.659
7288,1910505472,1769567862183,21:37:42.183,42.3448023,-71.0825832,16.659
7289,1910767616,1769567862451,21:37:42.451,42.3448023,-71.0825832,16.659
7290,1911029760,1769567862707,21:37:42.707,42.3448023,-71.0825832,16.659
7291,1911291904,1769567862960,21:37:42.960,42.3448023,-71.0825832,16.659
7292,1911554048,1769567863223,21:37:43.223,42.3448023,-71.0825832,16.659
7293,1911816192,1769567863489,21:37:43.489,42.3448023,-71.0825832,16.659
7294,1912078336,1769567863753,21:37:43.753,42.3448023,-71.0825832,16.659
7295,1912340480,1769567863990,21:37:43.990,42.3448023,-71.0825832,16.659
7296,1912602624,1769567864254,21:37:44.254,42.3448023,-71.0825832,16.659
7297,1912864768,1769567864497,21:37:44.497,42.3448023,-71.0825832,16.659
7298,1913126912,1769567864742,21:37:44.742,42.3448023,-71.0825832,16.659
7299,1913389056,1769567864985,21:37:44.985,42.3448023,-71.0825832,16.659
7300,1913651200,1769567865248,21:37:45.248,42.3448023,-71.0825832,16.659
7301,1913913344,1769567865490,21:37:45.490,42.3448023,-71.0825832,16.659
7302,1914175488,1769567865734,21:37:45.734,42.3448023,-71.0825832,16.659
7303,1914437632,1769567865996,21:37:45.996,42.3448023,-71.0825832,16.659
7304,1914699776,1769567866262,21:37:46.262,42.3448023,-71.0825832,16.659
7305,1914961920,1769567866535,21:37:46.535,42.3448023,-71.0825832,16.659
7306,1915224064,1769567866781,21:37:46.781,42.3448023,-71.0825832,16.659
7307,1915486208,1769567867038,21:37:47.038,42.3448023,-71.0825832,16.659
7308,1915748352,1769567867279,21:37:47.279,42.3448023,-71.0825832,16.659
7309,1916010496,1769567867515,21:37:47.515,42.3448023,-71.0825832,16.659
7310,1916272640,1769567867775,21:37:47.775,42.3448023,-71.0825832,16.659
7311,1916534784,1769567868023,21:37:48.023,42.3448023,-71.0825832,16.659
7312,1916796928,1769567868264,21:37:48.264,42.3448023,-71.0825832,16.659
7313,1917059072,1769567868672,21:37:48.672,42.3448023,-71.0825832,16.659
7314,1917321216,1769567869117,21:37:49.117,42.3448023,-71.0825832,16.659
7315,1917583360,1769567869492,21:37:49.492,42.3448023,-71.0825832,16.659
7316,1917845504,1769567869941,21:37:49.941,42.3448023,-71.0825832,16.659
7317,1918107648,1769567870294,21:37:50.294,42.3448023,-71.0825832,16.659
7318,1918369792,1769567870644,21:37:50.644,42.3448023,-71.0825832,16.659
7319,1918631936,1769567871003,21:37:51.003,42.3448023,-71.0825832,16.659
7320,1918894080,1769567871347,21:37:51.347,42.3448023,-71.0825832,16.659
7321,1919156224,1769567871696,21:37:51.696,42.3448023,-71.0825832,16.659
7322,1919418368,1769567872047,21:37:52.047,42.3448023,-71.0825832,16.659
7323,1919680512,1769567872399,21:37:52.399,42.3448023,-71.0825832,16.659
7324,1919942656,1769567872749,21:37:52.749,42.3448023,-71.0825832,16.659
7325,1920204800,1769567873098,21:37:53.098,42.3448023,-71.0825832,16.659
7326,1920466944,1769567873434,21:37:53.434,42.3448023,-71.0825832,16.659
7327,1920729088,1769567873786,21:37:53.786,42.3448023,-71.0825832,16.659
7328,1920991232,1769567874137,21:37:54.137,42.3448023,-71.0825832,16.659
7329,1921253376,1769567874487,21:37:54.487,42.3448023,-71.0825832,16.659
7330,1921515520,1769567874841,21:37:54.841,42.3448023,-71.0825832,16.659
7331,1921777664,1769567875197,21:37:55.197,42.3448023,-71.0825832,16.659
7332,1922039808,1769567875577,21:37:55.577,42.3448023,-71.0825832,16.659
7333,1922301952,1769567875930,21:37:55.930,42.3448023,-71.0825832,16.659
7334,1922564096,1769567876278,21:37:56.278,42.3448023,-71.0825832,16.659
7335,1922826240,1769567876649,21:37:56.649,42.3448023,-71.0825832,16.659
7336,1923088384,1769567877038,21:37:57.038,42.3448023,-71.0825832,16.659
7337,1923350528,1769567877436,21:37:57.436,42.3448023,-71.0825832,16.659
7338,1923612672,1769567877843,21:37:57.843,42.3448023,-71.0825832,16.659
7339,1923874816,1769567878198,21:37:58.198,42.3448023,-71.0825832,16.659
7340,1924136960,1769567878593,21:37:58.593,42.3448023,-71.0825832,16.659
7341,1924399104,1769567878990,21:37:58.990,42.3448023,-71.0825832,16.659
7342,1924661248,1769567886765,21:38:06.765,42.3448023,-71.0825832,16.659
7343,1924923392,1769567887036,21:38:07.036,42.3448023,-71.0825832,16.659
7344,1925185536,1769567887286,21:38:07.286,42.3448023,-71.0825832,16.659
7345,1925447680,1769567887548,21:38:07.548,42.3448023,-71.0825832,16.659
7346,1925709824,1769567887805,21:38:07.805,42.3448023,-71.0825832,16.659
7347,1925971968,1769567888072,21:38:08.072,42.3448023,-71.0825832,16.659
7348,1926234112,1769567888364,21:38:08.364,42.3448023,-71.0825832,16.659
7349,1926496256,1769567888616,21:38:08.616,42.3448023,-71.0825832,16.659
7350,1926758400,1769567888856,21:38:08.856,42.3448023,-71.0825832,16.659
7351,1927020544,1769567889094,21:38:09.094,42.3448023,-71.0825832,16.659
7352,1927282688,1769567889344,21:38:09.344,42.3448023,-71.0825832,16.659
7353,1927544832,1769567889603,21:38:09.603,42.3448023,-71.0825832,16.659
7354,1927806976,1769567889869,21:38:09.869,42.3448023,-71.0825832,16.659
7355,1928069120,1769567890128,21:38:10.128,42.3448023,-71.0825832,16.659
7356,1928331264,1769567890383,21:38:10.383,42.3448023,-71.0825832,16.659
7357,1928593408,1769567890659,21:38:10.659,42.3448023,-71.0825832,16.659
7358,1928855552,1769567890933,21:38:10.933,42.3448023,-71.0825832,16.659
7359,1929117696,1769567891195,21:38:11.195,42.3448023,-71.0825832,16.659
7360,1929379840,1769567891453,21:38:11.453,42.3448023,-71.0825832,16.659
7361,1929641984,1769567891698,21:38:11.698,42.3448023,-71.0825832,16.659
7362,1929904128,1769567891948,21:38:11.948,42.3448023,-71.0825832,16.659
7363,1930166272,1769567892204,21:38:12.204,42.3448023,-71.0825832,16.659
7364,1930428416,1769567892468,21:38:12.468,42.3448023,-71.0825832,16.659
7365,1930690560,1769567892746,21:38:12.746,42.3448023,-71.0825832,16.659
7366,1930952704,1769567893006,21:38:13.006,42.3448023,-71.0825832,16.659
7367,1931214848,1769567893268,21:38:13.268,42.3448023,-71.0825832,16.659
7368,1931476992,1769567893542,21:38:13.542,42.3448023,-71.0825832,16.659
7369,1931739136,1769567893819,21:38:13.819,42.3448023,-71.0825832,16.659
7370,1932001280,1769567894092,21:38:14.092,42.3448023,-71.0825832,16.659
7371,1932263424,1769567894357,21:38:14.357,42.3448023,-71.0825832,16.659
7372,1932525568,1769567894629,21:38:14.629,42.3448023,-71.0825832,16.659
7373,1932787712,1769567894890,21:38:14.890,42.3448023,-71.0825832,16.659
7374,1933049856,1769567895159,21:38:15.159,42.3448023,-71.0825832,16.659
7375,1933312000,1769567895422,21:38:15.422,42.3448023,-71.0825832,16.659
7376,1933574144,1769567895674,21:38:15.674,42.3448023,-71.0825832,16.659
7377,1933836288,1769567895958,21:38:15.958,42.3448023,-71.0825832,16.659
7378,1934098432,1769567896225,21:38:16.225,42.3448023,-71.0825832,16.659
7379,1934360576,1769567896478,21:38:16.478,42.3448023,-71.0825832,16.659
7380,1934622720,1769567896744,21:38:16.744,42.3448023,-71.0825832,16.659
7381,1934884864,1769567897021,21:38:17.021,42.3448023,-71.0825832,16.659
7382,1935147008,1769567897280,21:38:17.280,42.3448023,-71.0825832,16.659
7383,1935409152,1769567897556,21:38:17.556,42.3448023,-71.0825832,16.659
7384,1935671296,1769567897811,21:38:17.811,42.3448023,-71.0825832,16.659
7385,1935933440,1769567898077,21:38:18.077,42.3448023,-71.0825832,16.659
7386,1936195584,1769567898322,21:38:18.322,42.3448023,-71.0825832,16.659
7387,1936457728,1769567898580,21:38:18.580,42.3448023,-71.0825832,16.659
7388,1936719872,1769567898839,21:38:18.839,42.3448023,-71.0825832,16.659
7389,1936982016,1769567899089,21:38:19.089,42.3448023,-71.0825832,16.659
7390,1937244160,1769567899354,21:38:19.354,42.3448023,-71.0825832,16.659
7391,1937506304,1769567899611,21:38:19.611,42.3448023,-71.0825832,16.659
7392,1937768448,1769567899879,21:38:19.879,42.3448023,-71.0825832,16.659
7393,1938030592,1769567900145,21:38:20.145,42.3448023,-71.0825832,16.659
7394,1938292736,1769567900403,21:38:20.403,42.3448023,-71.0825832,16.659
7395,1938554880,1769567900663,21:38:20.663,42.3448023,-71.0825832,16.659
7396,1938817024,1769567900941,21:38:20.941,42.3448023,-71.0825832,16.659
7397,1939079168,1769567901193,21:38:21.193,42.3448023,-71.0825832,16.659
7398,1939341312,1769567901426,21:38:21.426,42.3448023,-71.0825832,16.659
7399,1939603456,1769567901674,21:38:21.674,42.3448023,-71.0825832,16.659
7400,1939865600,1769567901922,21:38:21.922,42.3448023,-71.0825832,16.659
7401,1940127744,1769567902193,21:38:22.193,42.3448023,-71.0825832,16.659
7402,1940389888,1769567902440,21:38:22.440,42.3448023,-71.0825832,16.659
7403,1940652032,1769567902674,21:38:22.674,42.3448023,-71.0825832,16.659
7404,1940914176,1769567902935,21:38:22.935,42.3448023,-71.0825832,16.659
7405,1941176320,1769567903201,21:38:23.201,42.3448023,-71.0825832,16.659
7406,1941438464,1769567903637,21:38:23.637,42.3448023,-71.0825832,16.659
7407,1941700608,1769567904193,21:38:24.193,42.3448023,-71.0825832,16.659
7408,1941962752,1769567904681,21:38:24.681,42.3448023,-71.0825832,16.659
7409,1942224896,1769567905293,21:38:25.293,42.3448023,-71.0825832,16.659
7410,1942487040,1769567905806,21:38:25.806,42.3448023,-71.0825832,16.659
7411,1942749184,1769567906270,21:38:26.270,42.3448023,-71.0825832,16.659
7412,1943011328,1769567906757,21:38:26.757,42.3448023,-71.0825832,16.659
7413,1943273472,1769567907113,21:38:27.113,42.3448023,-71.0825832,16.659
7414,1943535616,1769567907473,21:38:27.473,42.3448023,-71.0825832,16.659
7415,1943797760,1769567907829,21:38:27.829,42.3448023,-71.0825832,16.659
7416,1944059904,1769567908196,21:38:28.196,42.3448023,-71.0825832,16.659
7417,1944322048,1769567908546,21:38:28.546,42.3448023,-71.0825832,16.659
7418,1944584192,1769567908907,21:38:28.907,42.3448023,-71.0825832,16.659
7419,1944846336,1769567909258,21:38:29.258,42.3448023,-71.0825832,16.659
7420,1945108480,1769567916650,21:38:36.650,42.3448023,-71.0825832,16.659
7421,1945370624,1769567916892,21:38:36.892,42.3448023,-71.0825832,16.659
7422,1945632768,1769567917144,21:38:37.144,42.3448023,-71.0825832,16.659
7423,1945894912,1769567917407,21:38:37.407,42.3448023,-71.0825832,16.659
7424,1946157056,1769567917652,21:38:37.652,42.3448023,-71.0825832,16.659
7425,1946419200,1769567917921,21:38:37.921,42.3448023,-71.0825832,16.659
7426,1946681344,1769567918190,21:38:38.190,42.3448023,-71.0825832,16.659
7427,1946943488,1769567918437,21:38:38.437,42.3448023,-71.0825832,16.659
7428,1947205632,1769567918670,21:38:38.670,42.3448023,-71.0825832,16.659
7429,1947467776,1769567918933,21:38:38.933,42.3448023,-71.0825832,16.659
7430,1947729920,1769567919202,21:38:39.202,42.3448023,-71.0825832,16.659
7431,1947992064,1769567919486,21:38:39.486,42.3448023,-71.0825832,16.659
7432,1948254208,1769567919728,21:38:39.728,42.3448023,-71.0825832,16.659
7433,1948516352,1769567919983,21:38:39.983,42.3448023,-71.0825832,16.659
7434,1948778496,1769567920238,21:38:40.238,42.3448023,-71.0825832,16.659
7435,1949040640,1769567920494,21:38:40.494,42.3448023,-71.0825832,16.659
7436,1949302784,1769567920746,21:38:40.746,42.3448023,-71.0825832,16.659
7437,1949564928,1769567920996,21:38:40.996,42.3448023,-71.0825832,16.659
7438,1949827072,1769567921264,21:38:41.264,42.3448023,-71.0825832,16.659
7439,1950089216,1769567921531,21:38:41.531,42.3448023,-71.0825832,16.659
7440,1950351360,1769567921793,21:38:41.793,42.3448023,-71.0825832,16.659
7441,1950613504,1769567922055,21:38:42.055,42.3448023,-71.0825832,16.659
7442,1950875648,1769567922314,21:38:42.314,42.3448023,-71.0825832,16.659
7443,1951137792,1769567922592,21:38:42.592,42.3448023,-71.0825832,16.659
7444,1951399936,1769567922852,21:38:42.852,42.3448023,-71.0825832,16.659
7445,1951662080,1769567923093,21:38:43.093,42.3448023,-71.0825832,16.659
7446,1951924224,1769567923341,21:38:43.341,42.3448023,-71.0825832,16.659
7447,1952186368,1769567923607,21:38:43.607,42.3448023,-71.0825832,16.659
7448,1952448512,1769567923871,21:38:43.871,42.3448023,-71.0825832,16.659
7449,1952710656,1769567924134,21:38:44.134,42.3448023,-71.0825832,16.659
7450,1952972800,1769567924383,21:38:44.383,42.3448023,-71.0825832,16.659
7451,1953234944,1769567924648,21:38:44.648,42.3448023,-71.0825832,16.659
7452,1953497088,1769567924907,21:38:44.907,42.3448023,-71.0825832,16.659
7453,1953759232,1769567925160,21:38:45.160,42.3448023,-71.0825832,16.659
7454,1954021376,1769567925422,21:38:45.422,42.3448023,-71.0825832,16.659
7455,1954283520,1769567925679,21:38:45.679,42.3448023,-71.0825832,16.659
7456,1954545664,1769567925946,21:38:45.946,42.3448023,-71.0825832,16.659
7457,1954807808,1769567926219,21:38:46.219,42.3448023,-71.0825832,16.659
7458,1955069952,1769567926487,21:38:46.487,42.3448023,-71.0825832,16.659
7459,1955332096,1769567926742,21:38:46.742,42.3448023,-71.0825832,16.659
7460,1955594240,1769567927000,21:38:47.000,42.3448023,-71.0825832,16.659
7461,1955856384,1769567927261,21:38:47.261,42.3448023,-71.0825832,16.659
7462,1956118528,1769567927522,21:38:47.522,42.3448023,-71.0825832,16.659
7463,1956380672,1769567927868,21:38:47.868,42.3448023,-71.0825832,16.659
7464,1956642816,1769567928320,21:38:48.320,42.3448023,-71.0825832,16.659
7465,1956904960,1769567928667,21:38:48.667,42.3448023,-71.0825832,16.659
7466,1957167104,1769567929019,21:38:49.019,42.3448023,-71.0825832,16.659
7467,1957429248,1769567929367,21:38:49.367,42.3448023,-71.0825832,16.659
7468,1957691392,1769567929723,21:38:49.723,42.3448023,-71.0825832,16.659
7469,1957953536,1769567930116,21:38:50.116,42.3448023,-71.0825832,16.659
7470,1958215680,1769567930418,21:38:50.418,42.3448023,-71.0825832,16.659
7471,1958477824,1769567930767,21:38:50.767,42.3448023,-71.0825832,16.659
7472,1958739968,1769567931165,21:38:51.165,42.3448023,-71.0825832,16.659
7473,1959002112,1769567931644,21:38:51.644,42.3448023,-71.0825832,16.659
7474,1959264256,1769567932176,21:38:52.176,42.3448023,-71.0825832,16.659
7475,1959526400,1769567932661,21:38:52.661,42.3448023,-71.0825832,16.659
7476,1959788544,1769567933270,21:38:53.270,42.3448023,-71.0825832,16.659
7477,1960050688,1769567933813,21:38:53.813,42.3448023,-71.0825832,16.659
7478,1960312832,1769567934653,21:38:54.653,42.3448023,-71.0825832,16.659
7479,1960574976,1769567935430,21:38:55.430,42.3448023,-71.0825832,16.659
7480,1960837120,1769567936296,21:38:56.296,42.3448023,-71.0825832,16.659
7481,1961099264,1769567936788,21:38:56.788,42.3448023,-71.0825832,16.659
7482,1961361408,1769567937116,21:38:57.116,42.3448023,-71.0825832,16.659
7483,1961623552,1769567937466,21:38:57.466,42.3448023,-71.0825832,16.659
7484,1961885696,1769567937973,21:38:57.973,42.3448023,-71.0825832,16.659
7485,1962147840,1769567938494,21:38:58.494,42.3448023,-71.0825832,16.659
7486,1962409984,1769567938925,21:38:58.925,42.3448023,-71.0825832,16.659
7487,1962672128,1769567939323,21:38:59.323,42.3448023,-71.0825832,16.659
7488,1962934272,1769567946895,21:39:06.895,42.3448023,-71.0825832,16.659
7489,1963196416,1769567947153,21:39:07.153,42.3448023,-71.0825832,16.659
7490,1963458560,1769567947409,21:39:07.409,42.3448023,-71.0825832,16.659
7491,1963720704,1769567947683,21:39:07.683,42.3448023,-71.0825832,16.659
7492,1963982848,1769567947922,21:39:07.922,42.3448023,-71.0825832,16.659
7493,1964244992,1769567948184,21:39:08.184,42.3448023,-71.0825832,16.659
7494,1964507136,1769567948446,21:39:08.446,42.3448023,-71.0825832,16.659
7495,1964769280,1769567948688,21:39:08.688,42.3448023,-71.0825832,16.659
7496,1965031424,1769567948947,21:39:08.947,42.3448023,-71.0825832,16.659
7497,1965293568,1769567949211,21:39:09.211,42.3448023,-71.0825832,16.659
7498,1965555712,1769567949470,21:39:09.470,42.3448023,-71.0825832,16.659
7499,1965817856,1769567949738,21:39:09.738,42.3448023,-71.0825832,16.659
7500,1966080000,1769567950004,21:39:10.004,42.3448023,-71.0825832,16.659
7501,1966342144,1769567950280,21:39:10.280,42.3448023,-71.0825832,16.659
7502,1966604288,1769567950562,21:39:10.562,42.3448023,-71.0825832,16.659
7503,1966866432,1769567950828,21:39:10.828,42.3448023,-71.0825832,16.659
7504,1967128576,1769567951095,21:39:11.095,42.3448023,-71.0825832,16.659
7505,1967390720,1769567951370,21:39:11.370,42.3448023,-71.0825832,16.659
7506,1967652864,1769567951636,21:39:11.636,42.3448023,-71.0825832,16.659
7507,1967915008,1769567951915,21:39:11.915,42.3448023,-71.0825832,16.659
7508,1968177152,1769567952173,21:39:12.173,42.3448023,-71.0825832,16.659
7509,1968439296,1769567952433,21:39:12.433,42.3448023,-71.0825832,16.659
7510,1968701440,1769567952686,21:39:12.686,42.3448023,-71.0825832,16.659
7511,1968963584,1769567952951,21:39:12.951,42.3448023,-71.0825832,16.659
7512,1969225728,1769567953245,21:39:13.245,42.3448023,-71.0825832,16.659
7513,1969487872,1769567953494,21:39:13.494,42.3448023,-71.0825832,16.659
7514,1969750016,1769567953746,21:39:13.746,42.3448023,-71.0825832,16.659
7515,1970012160,1769567953995,21:39:13.995,42.3448023,-71.0825832,16.659
7516,1970274304,1769567954253,21:39:14.253,42.3448023,-71.0825832,16.659
7517,1970536448,1769567954525,21:39:14.525,42.3448023,-71.0825832,16.659
7518,1970798592,1769567954786,21:39:14.786,42.3448023,-71.0825832,16.659
7519,1971060736,1769567955042,21:39:15.042,42.3448023,-71.0825832,16.659
7520,1971322880,1769567955314,21:39:15.314,42.3448023,-71.0825832,16.659
7521,1971585024,1769567955579,21:39:15.579,42.3448023,-71.0825832,16.659
7522,1971847168,1769567955837,21:39:15.837,42.3448023,-71.0825832,16.659
7523,1972109312,1769567956114,21:39:16.114,42.3448023,-71.0825832,16.659
7524,1972371456,1769567956389,21:39:16.389,42.3448023,-71.0825832,16.659
7525,1972633600,1769567956640,21:39:16.640,42.3448023,-71.0825832,16.659
7526,1972895744,1769567956894,21:39:16.894,42.3448023,-71.0825832,16.659
7527,1973157888,1769567957636,21:39:17.636,42.3448023,-71.0825832,16.659
7528,1973420032,1769567958129,21:39:18.129,42.3448023,-71.0825832,16.659
7529,1973682176,1769567958483,21:39:18.483,42.3448023,-71.0825832,16.659
7530,1973944320,1769567958836,21:39:18.836,42.3448023,-71.0825832,16.659
7531,1974206464,1769567959182,21:39:19.182,42.3448023,-71.0825832,16.659
7532,1974468608,1769567959534,21:39:19.534,42.3448023,-71.0825832,16.659
7533,1974730752,1769567959885,21:39:19.885,42.3448023,-71.0825832,16.659
7534,1974992896,1769567960236,21:39:20.236,42.3448023,-71.0825832,16.659
7535,1975255040,1769567960658,21:39:20.658,42.3448023,-71.0825832,16.659
7536,1975517184,1769567961031,21:39:21.031,42.3448023,-71.0825832,16.659
7537,1975779328,1769567961425,21:39:21.425,42.3448023,-71.0825832,16.659
7538,1976041472,1769567961812,21:39:21.812,42.3448023,-71.0825832,16.659
7539,1976303616,1769567962286,21:39:22.286,42.3448023,-71.0825832,16.659
7540,1976565760,1769567962724,21:39:22.724,42.3448023,-71.0825832,16.659
7541,1976827904,1769567963125,21:39:23.125,42.3448023,-71.0825832,16.659
7542,1977090048,1769567963474,21:39:23.474,42.3448023,-71.0825832,16.659
7543,1977352192,1769567963825,21:39:23.825,42.3448023,-71.0825832,16.659
7544,1977614336,1769567964175,21:39:24.175,42.3448023,-71.0825832,16.659
7545,1977876480,1769567964631,21:39:24.631,42.3448023,-71.0825832,16.659
7546,1978138624,1769567964994,21:39:24.994,42.3448023,-71.0825832,16.659
7547,1978400768,1769567965452,21:39:25.452,42.3448023,-71.0825832,16.659
7548,1978662912,1769567965869,21:39:25.869,42.3448023,-71.0825832,16.659
7549,1978925056,1769567966261,21:39:26.261,42.3448023,-71.0825832,16.659
7550,1979187200,1769567966720,21:39:26.720,42.3448023,-71.0825832,16.659
7551,1979449344,1769567967250,21:39:27.250,42.3448023,-71.0825832,16.659
7552,1979711488,1769567967722,21:39:27.722,42.3448023,-71.0825832,16.659
7553,1979973632,1769567967989,21:39:27.989,42.3448023,-71.0825832,16.659
7554,1980235776,1769567968544,21:39:28.544,42.3448023,-71.0825832,16.659
7555,1980497920,1769567969288,21:39:29.288,42.3448023,-71.0825832,16.659
7556,1980760064,1769567977241,21:39:37.241,42.3448023,-71.0825832,16.659
7557,1981022208,1769567977498,21:39:37.498,42.3448023,-71.0825832,16.659
7558,1981284352,1769567977738,21:39:37.738,42.3448023,-71.0825832,16.659
7559,1981546496,1769567978004,21:39:38.004,42.3448023,-71.0825832,16.659
7560,1981808640,1769567978284,21:39:38.284,42.3448023,-71.0825832,16.659
7561,1982070784,1769567978519,21:39:38.519,42.3448023,-71.0825832,16.659
7562,1982332928,1769567978768,21:39:38.768,42.3448023,-71.0825832,16.659
7563,1982595072,1769567979026,21:39:39.026,42.3448023,-71.0825832,16.659
7564,1982857216,1769567979272,21:39:39.272,42.3448023,-71.0825832,16.659
7565,1983119360,1769567979516,21:39:39.516,42.3448023,-71.0825832,16.659
7566,1983381504,1769567979778,21:39:39.778,42.3448023,-71.0825832,16.659
7567,1983643648,1769567980032,21:39:40.032,42.3448023,-71.0825832,16.659
7568,1983905792,1769567980295,21:39:40.295,42.3448023,-71.0825832,16.659
7569,1984167936,1769567980546,21:39:40.546,42.3448023,-71.0825832,16.659
7570,1984430080,1769567980798,21:39:40.798,42.3448023,-71.0825832,16.659
7571,1984692224,1769567981064,21:39:41.064,42.3448023,-71.0825832,16.659
7572,1984954368,1769567981317,21:39:41.317,42.3448023,-71.0825832,16.659
7573,1985216512,1769567981562,21:39:41.562,42.3448023,-71.0825832,16.659
7574,1985478656,1769567981809,21:39:41.809,42.3448023,-71.0825832,16.659
7575,1985740800,1769567982047,21:39:42.047,42.3448023,-71.0825832,16.659
7576,1986002944,1769567982335,21:39:42.335,42.3448023,-71.0825832,16.659
7577,1986265088,1769567982589,21:39:42.589,42.3448023,-71.0825832,16.659
7578,1986527232,1769567982861,21:39:42.861,42.3448023,-71.0825832,16.659
7579,1986789376,1769567983121,21:39:43.121,42.3448023,-71.0825832,16.659
7580,1987051520,1769567983373,21:39:43.373,42.3448023,-71.0825832,16.659
7581,1987313664,1769567983641,21:39:43.641,42.3448023,-71.0825832,16.659
7582,1987575808,1769567983918,21:39:43.918,42.3448023,-71.0825832,16.659
7583,1987837952,1769567984197,21:39:44.197,42.3448023,-71.0825832,16.659
7584,1988100096,1769567984462,21:39:44.462,42.3448023,-71.0825832,16.659
7585,1988362240,1769567984701,21:39:44.701,42.3448023,-71.0825832,16.659
7586,1988624384,1769567984955,21:39:44.955,42.3448023,-71.0825832,16.659
7587,1988886528,1769567985209,21:39:45.209,42.3448023,-71.0825832,16.659
7588,1989148672,1769567985472,21:39:45.472,42.3448023,-71.0825832,16.659
7589,1989410816,1769567985721,21:39:45.721,42.3448023,-71.0825832,16.659
7590,1989672960,1769567985982,21:39:45.982,42.3448023,-71.0825832,16.659
7591,1989935104,1769567986241,21:39:46.241,42.3448023,-71.0825832,16.659
7592,1990197248,1769567986519,21:39:46.519,42.3448023,-71.0825832,16.659
7593,1990459392,1769567986781,21:39:46.781,42.3448023,-71.0825832,16.659
7594,1990721536,1769567987050,21:39:47.050,42.3448023,-71.0825832,16.659
7595,1990983680,1769567987301,21:39:47.301,42.3448023,-71.0825832,16.659
7596,1991245824,1769567987576,21:39:47.576,42.3448023,-71.0825832,16.659
7597,1991507968,1769567987836,21:39:47.836,42.3448023,-71.0825832,16.659
7598,1991770112,1769567988089,21:39:48.089,42.3448023,-71.0825832,16.659
7599,1992032256,1769567988361,21:39:48.361,42.3448023,-71.0825832,16.659
7600,1992294400,1769567988870,21:39:48.870,42.3448023,-71.0825832,16.659
7601,1992556544,1769567989285,21:39:49.285,42.3448023,-71.0825832,16.659
7602,1992818688,1769567989736,21:39:49.736,42.3448023,-71.0825832,16.659
7603,1993080832,1769567990187,21:39:50.187,42.3448023,-71.0825832,16.659
7604,1993342976,1769567990546,21:39:50.546,42.3448023,-71.0825832,16.659
7605,1993605120,1769567991052,21:39:51.052,42.3448023,-71.0825832,16.659
7606,1993867264,1769567991540,21:39:51.540,42.3448023,-71.0825832,16.659
7607,1994129408,1769567992102,21:39:52.102,42.3448023,-71.0825832,16.659
7608,1994391552,1769567992513,21:39:52.513,42.3448023,-71.0825832,16.659
7609,1994653696,1769567992988,21:39:52.988,42.3448023,-71.0825832,16.659
7610,1994915840,1769567993373,21:39:53.373,42.3448023,-71.0825832,16.659
7611,1995177984,1769567993725,21:39:53.725,42.3448023,-71.0825832,16.659
7612,1995440128,1769567994091,21:39:54.091,42.3448023,-71.0825832,16.659
7613,1995702272,1769567994427,21:39:54.427,42.3448023,-71.0825832,16.659
7614,1995964416,1769567994777,21:39:54.777,42.3448023,-71.0825832,16.659
7615,1996226560,1769567995141,21:39:55.141,42.3448023,-71.0825832,16.659
7616,1996488704,1769567995518,21:39:55.518,42.3448023,-71.0825832,16.659
7617,1996750848,1769567995868,21:39:55.868,42.3448023,-71.0825832,16.659
7618,1997012992,1769567996219,21:39:56.219,42.3448023,-71.0825832,16.659
7619,1997275136,1769567996568,21:39:56.568,42.3448023,-71.0825832,16.659
7620,1997537280,1769567997055,21:39:57.055,42.3448023,-71.0825832,16.659
7621,1997799424,1769567997513,21:39:57.513,42.3448023,-71.0825832,16.659
7622,1998061568,1769567997936,21:39:57.936,42.3448023,-71.0825832,16.659
7623,1998323712,1769567998354,21:39:58.354,42.3448023,-71.0825832,16.659
7624,1998585856,1769567998801,21:39:58.801,42.3448023,-71.0825832,16.659
7625,1998848000,1769567999372,21:39:59.372,42.3448023,-71.0825832,16.659
7626,1999110144,1769567999937,21:39:59.937,42.3448023,-71.0825832,16.659
7627,1999372288,1769568007455,21:40:07.455,42.3448023,-71.0825832,16.659
7628,1999634432,1769568007738,21:40:07.738,42.3448023,-71.0825832,16.659
7629,1999896576,1769568007977,21:40:07.977,42.3448023,-71.0825832,16.659
7630,2000158720,1769568008236,21:40:08.236,42.3448023,-71.0825832,16.659
7631,2000420864,1769568008496,21:40:08.496,42.3448023,-71.0825832,16.659
7632,2000683008,1769568008767,21:40:08.767,42.3448023,-71.0825832,16.659
7633,2000945152,1769568009022,21:40:09.022,42.3448023,-71.0825832,16.659
7634,2001207296,1769568009295,21:40:09.295,42.3448023,-71.0825832,16.659
7635,2001469440,1769568009552,21:40:09.552,42.3448023,-71.0825832,16.659
7636,2001731584,1769568009805,21:40:09.805,42.3448023,-71.0825832,16.659
7637,2001993728,1769568010075,21:40:10.075,42.3448023,-71.0825832,16.659
7638,2002255872,1769568010352,21:40:10.352,42.3448023,-71.0825832,16.659
7639,2002518016,1769568010610,21:40:10.610,42.3448023,-71.0825832,16.659
7640,2002780160,1769568010882,21:40:10.882,42.3448023,-71.0825832,16.659
7641,2003042304,1769568011148,21:40:11.148,42.3448023,-71.0825832,16.659
7642,2003304448,1769568011407,21:40:11.407,42.3448023,-71.0825832,16.659
7643,2003566592,1769568011673,21:40:11.673,42.3448023,-71.0825832,16.659
7644,2003828736,1769568011926,21:40:11.926,42.3448023,-71.0825832,16.659
7645,2004090880,1769568012192,21:40:12.192,42.3448023,-71.0825832,16.659
7646,2004353024,1769568012459,21:40:12.459,42.3448023,-71.0825832,16.659
7647,2004615168,1769568012724,21:40:12.724,42.3448023,-71.0825832,16.659
7648,2004877312,1769568013008,21:40:13.008,42.3448023,-71.0825832,16.659
7649,2005139456,1769568013269,21:40:13.269,42.3448023,-71.0825832,16.659
7650,2005401600,1769568013519,21:40:13.519,42.3448023,-71.0825832,16.659
7651,2005663744,1769568013769,21:40:13.769,42.3448023,-71.0825832,16.659
7652,2005925888,1769568014037,21:40:14.037,42.3448023,-71.0825832,16.659
7653,2006188032,1769568014281,21:40:14.281,42.3448023,-71.0825832,16.659
7654,2006450176,1769568014551,21:40:14.551,42.3448023,-71.0825832,16.659
7655,2006712320,1769568014825,21:40:14.825,42.3448023,-71.0825832,16.659
7656,2006974464,1769568015082,21:40:15.082,42.3448023,-71.0825832,16.659
7657,2007236608,1769568015355,21:40:15.355,42.3448023,-71.0825832,16.659
7658,2007498752,1769568015618,21:40:15.618,42.3448023,-71.0825832,16.659
7659,2007760896,1769568015870,21:40:15.870,42.3448023,-71.0825832,16.659
7660,2008023040,1769568016137,21:40:16.137,42.3448023,-71.0825832,16.659
7661,2008285184,1769568016474,21:40:16.474,42.3448023,-71.0825832,16.659
7662,2008547328,1769568017010,21:40:17.010,42.3448023,-71.0825832,16.659
7663,2008809472,1769568017584,21:40:17.584,42.3448023,-71.0825832,16.659
7664,2009071616,1769568018194,21:40:18.194,42.3448023,-71.0825832,16.659
7665,2009333760,1769568018775,21:40:18.775,42.3448023,-71.0825832,16.659
7666,2009595904,1769568019297,21:40:19.297,42.3448023,-71.0825832,16.659
7667,2009858048,1769568019806,21:40:19.806,42.3448023,-71.0825832,16.659
7668,2010120192,1769568020440,21:40:20.440,42.3448023,-71.0825832,16.659
7669,2010382336,1769568020996,21:40:20.996,42.3448023,-71.0825832,16.659
7670,2010644480,1769568021501,21:40:21.501,42.3448023,-71.0825832,16.659
7671,2010906624,1769568022076,21:40:22.076,42.3448023,-71.0825832,16.659
7672,2011168768,1769568022652,21:40:22.652,42.3448023,-71.0825832,16.659
7673,2011430912,1769568023085,21:40:23.085,42.3448023,-71.0825832,16.659
7674,2011693056,1769568023457,21:40:23.457,42.3448023,-71.0825832,16.659
7675,2011955200,1769568023811,21:40:23.811,42.3448023,-71.0825832,16.659
7676,2012217344,1769568024160,21:40:24.160,42.3448023,-71.0825832,16.659
7677,2012479488,1769568024512,21:40:24.512,42.3448023,-71.0825832,16.659
7678,2012741632,1769568024862,21:40:24.862,42.3448023,-71.0825832,16.659
7679,2013003776,1769568025218,21:40:25.218,42.3448023,-71.0825832,16.659
7680,2013265920,1769568025594,21:40:25.594,42.3448023,-71.0825832,16.659
7681,2013528064,1769568025974,21:40:25.974,42.3448023,-71.0825832,16.659
7682,2013790208,1769568026348,21:40:26.348,42.3448023,-71.0825832,16.659
7683,2014052352,1769568026703,21:40:26.703,42.3448023,-71.0825832,16.659
7684,2014314496,1769568027048,21:40:27.048,42.3448023,-71.0825832,16.659
7685,2014576640,1769568027403,21:40:27.403,42.3448023,-71.0825832,16.659
7686,2014838784,1769568027821,21:40:27.821,42.3448023,-71.0825832,16.659
7687,2015100928,1769568028412,21:40:28.412,42.3448023,-71.0825832,16.659
7688,2015363072,1769568028999,21:40:28.999,42.3448023,-71.0825832,16.659
7689,2015625216,1769568029514,21:40:29.514,42.3448023,-71.0825832,16.659
7690,2015887360,1769568030097,21:40:30.097,42.3448023,-71.0825832,16.659
7691,2016149504,1769568030530,21:40:30.530,42.3448023,-71.0825832,16.659
7692,2016411648,1769568030825,21:40:30.825,42.3448023,-71.0825832,16.659
7693,2016673792,1769568038444,21:40:38.444,42.3448023,-71.0825832,16.659
7694,2016935936,1769568038730,21:40:38.730,42.3448023,-71.0825832,16.659
7695,2017198080,1769568038988,21:40:38.988,42.3448023,-71.0825832,16.659
7696,2017460224,1769568039236,21:40:39.236,42.3448023,-71.0825832,16.659
7697,2017722368,1769568039480,21:40:39.480,42.3448023,-71.0825832,16.659
7698,2017984512,1769568039737,21:40:39.737,42.3448023,-71.0825832,16.659
7699,2018246656,1769568039993,21:40:39.993,42.3448023,-71.0825832,16.659
7700,2018508800,1769568040240,21:40:40.240,42.3448023,-71.0825832,16.659
7701,2018770944,1769568040497,21:40:40.497,42.3448023,-71.0825832,16.659
7702,2019033088,1769568040752,21:40:40.752,42.3448023,-71.0825832,16.659
7703,2019295232,1769568041012,21:40:41.012,42.3448023,-71.0825832,16.659
7704,2019557376,1769568041288,21:40:41.288,42.3448023,-71.0825832,16.659
7705,2019819520,1769568041556,21:40:41.556,42.3448023,-71.0825832,16.659
7706,2020081664,1769568041802,21:40:41.802,42.3448023,-71.0825832,16.659
7707,2020343808,1769568042062,21:40:42.062,42.3448023,-71.0825832,16.659
7708,2020605952,1769568042298,21:40:42.298,42.3448023,-71.0825832,16.659
7709,2020868096,1769568042566,21:40:42.566,42.3448023,-71.0825832,16.659
7710,2021130240,1769568042820,21:40:42.820,42.3448023,-71.0825832,16.659
7711,2021392384,1769568043075,21:40:43.075,42.3448023,-71.0825832,16.659
7712,2021654528,1769568043341,21:40:43.341,42.3448023,-71.0825832,16.659
7713,2021916672,1769568043604,21:40:43.604,42.3448023,-71.0825832,16.659
7714,2022178816,1769568043866,21:40:43.866,42.3448023,-71.0825832,16.659
7715,2022440960,1769568044118,21:40:44.118,42.3448023,-71.0825832,16.659
7716,2022703104,1769568044387,21:40:44.387,42.3448023,-71.0825832,16.659
7717,2022965248,1769568044644,21:40:44.644,42.3448023,-71.0825832,16.659
7718,2023227392,1769568044917,21:40:44.917,42.3448023,-71.0825832,16.659
7719,2023489536,1769568045167,21:40:45.167,42.3448023,-71.0825832,16.659
7720,2023751680,1769568045426,21:40:45.426,42.3448023,-71.0825832,16.659
7721,2024013824,1769568045690,21:40:45.690,42.3448023,-71.0825832,16.659
7722,2024275968,1769568045931,21:40:45.931,42.3448023,-71.0825832,16.659
7723,2024538112,1769568046198,21:40:46.198,42.3448023,-71.0825832,16.659
7724,2024800256,1769568046464,21:40:46.464,42.3448023,-71.0825832,16.659
7725,2025062400,1769568046742,21:40:46.742,42.3448023,-71.0825832,16.659
7726,2025324544,1769568046983,21:40:46.983,42.3448023,-71.0825832,16.659
7727,2025586688,1769568047242,21:40:47.242,42.3448023,-71.0825832,16.659
7728,2025848832,1769568047505,21:40:47.505,42.3448023,-71.0825832,16.659
7729,2026110976,1769568047758,21:40:47.758,42.3448023,-71.0825832,16.659
7730,2026373120,1769568048015,21:40:48.015,42.3448023,-71.0825832,16.659
7731,2026635264,1769568048273,21:40:48.273,42.3448023,-71.0825832,16.659
7732,2026897408,1769568048542,21:40:48.542,42.3448023,-71.0825832,16.659
7733,2027159552,1769568048809,21:40:48.809,42.3448023,-71.0825832,16.659
7734,2027421696,1769568049068,21:40:49.068,42.3448023,-71.0825832,16.659
7735,2027683840,1769568049331,21:40:49.331,42.3448023,-71.0825832,16.659
7736,2027945984,1769568049585,21:40:49.585,42.3448023,-71.0825832,16.659
7737,2028208128,1769568049837,21:40:49.837,42.3448023,-71.0825832,16.659
7738,2028470272,1769568050095,21:40:50.095,42.3448023,-71.0825832,16.659
7739,2028732416,1769568050353,21:40:50.353,42.3448023,-71.0825832,16.659
7740,2028994560,1769568050612,21:40:50.612,42.3448023,-71.0825832,16.659
7741,2029256704,1769568051310,21:40:51.310,42.3448023,-71.0825832,16.659
7742,2029518848,1769568051980,21:40:51.980,42.3448023,-71.0825832,16.659
7743,2029780992,1769568052409,21:40:52.409,42.3448023,-71.0825832,16.659
7744,2030043136,1769568052919,21:40:52.919,42.3448023,-71.0825832,16.659
7745,2030305280,1769568054494,21:40:54.494,42.3448023,-71.0825832,16.659
7746,2030567424,1769568055289,21:40:55.289,42.3448023,-71.0825832,16.659
7747,2030829568,1769568056175,21:40:56.175,42.3448023,-71.0825832,16.659
7748,2031091712,1769568056648,21:40:56.648,42.3448023,-71.0825832,16.659
7749,2031353856,1769568057118,21:40:57.118,42.3448023,-71.0825832,16.659
7750,2031616000,1769568057584,21:40:57.584,42.3448023,-71.0825832,16.659
7751,2031878144,1769568057991,21:40:57.991,42.3448023,-71.0825832,16.659
7752,2032140288,1769568058476,21:40:58.476,42.3448023,-71.0825832,16.659
7753,2032402432,1769568058973,21:40:58.973,42.3448023,-71.0825832,16.659
7754,2032664576,1769568059549,21:40:59.549,42.3448023,-71.0825832,16.659
7755,2032926720,1769568060387,21:41:00.387,42.3448023,-71.0825832,16.659
7756,2033188864,1769568060849,21:41:00.849,42.3448023,-71.0825832,16.659
7757,2033451008,1769568068055,21:41:08.055,42.3448023,-71.0825832,16.659
7758,2033713152,1769568068309,21:41:08.309,42.3448023,-71.0825832,16.659
7759,2033975296,1769568068558,21:41:08.558,42.3448023,-71.0825832,16.659
7760,2034237440,1769568068820,21:41:08.820,42.3448023,-71.0825832,16.659
7761,2034499584,1769568069079,21:41:09.079,42.3448023,-71.0825832,16.659
7762,2034761728,1769568069339,21:41:09.339,42.3448023,-71.0825832,16.659
7763,2035023872,1769568069575,21:41:09.575,42.3448023,-71.0825832,16.659
7764,2035286016,1769568069844,21:41:09.844,42.3448023,-71.0825832,16.659
7765,2035548160,1769568070121,21:41:10.121,42.3448023,-71.0825832,16.659
7766,2035810304,1769568070380,21:41:10.380,42.3448023,-71.0825832,16.659
7767,2036072448,1769568070629,21:41:10.629,42.3448023,-71.0825832,16.659
7768,2036334592,1769568070871,21:41:10.871,42.3448023,-71.0825832,16.659
7769,2036596736,1769568071133,21:41:11.133,42.3448023,-71.0825832,16.659
7770,2036858880,1769568071367,21:41:11.367,42.3448023,-71.0825832,16.659
7771,2037121024,1769568071621,21:41:11.621,42.3448023,-71.0825832,16.659
7772,2037383168,1769568071879,21:41:11.879,42.3448023,-71.0825832,16.659
7773,2037645312,1769568072123,21:41:12.123,42.3448023,-71.0825832,16.659
7774,2037907456,1769568072370,21:41:12.370,42.3448023,-71.0825832,16.659
7775,2038169600,1769568072625,21:41:12.625,42.3448023,-71.0825832,16.659
7776,2038431744,1769568072865,21:41:12.865,42.3448023,-71.0825832,16.659
7777,2038693888,1769568073110,21:41:13.110,42.3448023,-71.0825832,16.659
7778,2038956032,1769568073370,21:41:13.370,42.3448023,-71.0825832,16.659
7779,2039218176,1769568073623,21:41:13.623,42.3448023,-71.0825832,16.659
7780,2039480320,1769568073885,21:41:13.885,42.3448023,-71.0825832,16.659
7781,2039742464,1769568074157,21:41:14.157,42.3448023,-71.0825832,16.659
7782,2040004608,1769568074675,21:41:14.675,42.3448023,-71.0825832,16.659
7783,2040266752,1769568075175,21:41:15.175,42.3448023,-71.0825832,16.659
7784,2040528896,1769568075583,21:41:15.583,42.3448023,-71.0825832,16.659
7785,2040791040,1769568076040,21:41:16.040,42.3448023,-71.0825832,16.659
7786,2041053184,1769568076458,21:41:16.458,42.3448023,-71.0825832,16.659
7787,2041315328,1769568076865,21:41:16.865,42.3448023,-71.0825832,16.659
7788,2041577472,1769568077339,21:41:17.339,42.3448023,-71.0825832,16.659
7789,2041839616,1769568077703,21:41:17.703,42.3448023,-71.0825832,16.659
7790,2042101760,1769568078048,21:41:18.048,42.3448023,-71.0825832,16.659
7791,2042363904,1769568078497,21:41:18.497,42.3448023,-71.0825832,16.659
7792,2042626048,1769568079038,21:41:19.038,42.3448023,-71.0825832,16.659
7793,2042888192,1769568079455,21:41:19.455,42.3448023,-71.0825832,16.659
7794,2043150336,1769568079936,21:41:19.936,42.3448023,-71.0825832,16.659
7795,2043412480,1769568080398,21:41:20.398,42.3448023,-71.0825832,16.659
7796,2043674624,1769568080750,21:41:20.750,42.3448023,-71.0825832,16.659
7797,2043936768,1769568081101,21:41:21.101,42.3448023,-71.0825832,16.659
7798,2044198912,1769568081453,21:41:21.453,42.3448023,-71.0825832,16.659
7799,2044461056,1769568081880,21:41:21.880,42.3448023,-71.0825832,16.659
7800,2044723200,1769568082242,21:41:22.242,42.3448023,-71.0825832,16.659
7801,2044985344,1769568082582,21:41:22.582,42.3448023,-71.0825832,16.659
7802,2045247488,1769568082954,21:41:22.954,42.3448023,-71.0825832,16.659
7803,2045509632,1769568083393,21:41:23.393,42.3448023,-71.0825832,16.659
7804,2045771776,1769568083768,21:41:23.768,42.3448023,-71.0825832,16.659
7805,2046033920,1769568084090,21:41:24.090,42.3448023,-71.0825832,16.659
7806,2046296064,1769568084440,21:41:24.440,42.3448023,-71.0825832,16.659
7807,2046558208,1769568085023,21:41:25.023,42.3448023,-71.0825832,16.659
7808,2046820352,1769568085599,21:41:25.599,42.3448023,-71.0825832,16.659
7809,2047082496,1769568086116,21:41:26.116,42.3448023,-71.0825832,16.659
7810,2047344640,1769568086599,21:41:26.599,42.3448023,-71.0825832,16.659
7811,2047606784,1769568087166,21:41:27.166,42.3448023,-71.0825832,16.659
7812,2047868928,1769568087648,21:41:27.648,42.3448023,-71.0825832,16.659
7813,2048131072,1769568087984,21:41:27.984,42.3448023,-71.0825832,16.659
7814,2048393216,1769568088496,21:41:28.496,42.3448023,-71.0825832,16.659
7815,2048655360,1769568089051,21:41:29.051,42.3448023,-71.0825832,16.659
7816,2048917504,1769568089544,21:41:29.544,42.3448023,-71.0825832,16.659
7817,2049179648,1769568090061,21:41:30.061,42.3448023,-71.0825832,16.659
7818,2049441792,1769568090587,21:41:30.587,42.3448023,-71.0825832,16.659
7819,2049703936,1769568091176,21:41:31.176,42.3448023,-71.0825832,16.659
7820,2049966080,1769568098230,21:41:38.230,42.3448023,-71.0825832,16.659
7821,2050228224,1769568098496,21:41:38.496,42.3448023,-71.0825832,16.659
7822,2050490368,1769568098757,21:41:38.757,42.3448023,-71.0825832,16.659
7823,2050752512,1769568099004,21:41:39.004,42.3448023,-71.0825832,16.659
7824,2051014656,1769568099245,21:41:39.245,42.3448023,-71.0825832,16.659
7825,2051276800,1769568099484,21:41:39.484,42.3448023,-71.0825832,16.659
7826,2051538944,1769568099738,21:41:39.738,42.3448023,-71.0825832,16.659
7827,2051801088,1769568099997,21:41:39.997,42.3448023,-71.0825832,16.659
7828,2052063232,1769568100266,21:41:40.266,42.3448023,-71.0825832,16.659
7829,2052325376,1769568100517,21:41:40.517,42.3448023,-71.0825832,16.659
7830,2052587520,1769568100762,21:41:40.762,42.3448023,-71.0825832,16.659
7831,2052849664,1769568101004,21:41:41.004,42.3448023,-71.0825832,16.659
7832,2053111808,1769568101261,21:41:41.261,42.3448023,-71.0825832,16.659
7833,2053373952,1769568101521,21:41:41.521,42.3448023,-71.0825832,16.659
7834,2053636096,1769568101789,21:41:41.789,42.3448023,-71.0825832,16.659
7835,2053898240,1769568102052,21:41:42.052,42.3448023,-71.0825832,16.659
7836,2054160384,1769568102308,21:41:42.308,42.3448023,-71.0825832,16.659
7837,2054422528,1769568102568,21:41:42.568,42.3448023,-71.0825832,16.659
7838,2054684672,1769568102817,21:41:42.817,42.3448023,-71.0825832,16.659
7839,2054946816,1769568103081,21:41:43.081,42.3448023,-71.0825832,16.659
7840,2055208960,1769568103334,21:41:43.334,42.3448023,-71.0825832,16.659
7841,2055471104,1769568103599,21:41:43.599,42.3448023,-71.0825832,16.659
7842,2055733248,1769568103840,21:41:43.840,42.3448023,-71.0825832,16.659
7843,2055995392,1769568104104,21:41:44.104,42.3448023,-71.0825832,16.659
7844,2056257536,1769568104359,21:41:44.359,42.3448023,-71.0825832,16.659
7845,2056519680,1769568104625,21:41:44.625,42.3448023,-71.0825832,16.659
7846,2056781824,1769568104885,21:41:44.885,42.3448023,-71.0825832,16.659
7847,2057043968,1769568105145,21:41:45.145,42.3448023,-71.0825832,16.659
7848,2057306112,1769568105417,21:41:45.417,42.3448023,-71.0825832,16.659
7849,2057568256,1769568105673,21:41:45.673,42.3448023,-71.0825832,16.659
7850,2057830400,1769568105943,21:41:45.943,42.3448023,-71.0825832,16.659
7851,2058092544,1769568106198,21:41:46.198,42.3448023,-71.0825832,16.659
7852,2058354688,1769568106452,21:41:46.452,42.3448023,-71.0825832,16.659
7853,2058616832,1769568106709,21:41:46.709,42.3448023,-71.0825832,16.659
7854,2058878976,1769568106967,21:41:46.967,42.3448023,-71.0825832,16.659
7855,2059141120,1769568107245,21:41:47.245,42.3448023,-71.0825832,16.659
7856,2059403264,1769568107507,21:41:47.507,42.3448023,-71.0825832,16.659
7857,2059665408,1769568107782,21:41:47.782,42.3448023,-71.0825832,16.659
7858,2059927552,1769568108523,21:41:48.523,42.3448023,-71.0825832,16.659
7859,2060189696,1769568109381,21:41:49.381,42.3448023,-71.0825832,16.659
7860,2060451840,1769568110112,21:41:50.112,42.3448023,-71.0825832,16.659
7861,2060713984,1769568110652,21:41:50.652,42.3448023,-71.0825832,16.659
7862,2060976128,1769568111289,21:41:51.289,42.3448023,-71.0825832,16.659
7863,2061238272,1769568111792,21:41:51.792,42.3448023,-71.0825832,16.659
7864,2061500416,1769568112383,21:41:52.383,42.3448023,-71.0825832,16.659
7865,2061762560,1769568112849,21:41:52.849,42.3448023,-71.0825832,16.659
7866,2062024704,1769568113127,21:41:53.127,42.3448023,-71.0825832,16.659
7867,2062286848,1769568113490,21:41:53.490,42.3448023,-71.0825832,16.659
7868,2062548992,1769568113839,21:41:53.839,42.3448023,-71.0825832,16.659
7869,2062811136,1769568114191,21:41:54.191,42.3448023,-71.0825832,16.659
7870,2063073280,1769568114540,21:41:54.540,42.3448023,-71.0825832,16.659
7871,2063335424,1769568114890,21:41:54.890,42.3448023,-71.0825832,16.659
7872,2063597568,1769568115241,21:41:55.241,42.3448023,-71.0825832,16.659
7873,2063859712,1769568115624,21:41:55.624,42.3448023,-71.0825832,16.659
7874,2064121856,1769568116116,21:41:56.116,42.3448023,-71.0825832,16.659
7875,2064384000,1769568116596,21:41:56.596,42.3448023,-71.0825832,16.659
7876,2064646144,1769568116965,21:41:56.965,42.3448023,-71.0825832,16.659
7877,2064908288,1769568117313,21:41:57.313,42.3448023,-71.0825832,16.659
7878,2065170432,1769568117670,21:41:57.670,42.3448023,-71.0825832,16.659
7879,2065432576,1769568118025,21:41:58.025,42.3448023,-71.0825832,16.659
7880,2065694720,1769568118365,21:41:58.365,42.3448023,-71.0825832,16.659
7881,2065956864,1769568118797,21:41:58.797,42.3448023,-71.0825832,16.659
7882,2066219008,1769568119215,21:41:59.215,42.3448023,-71.0825832,16.659
7883,2066481152,1769568119498,21:41:59.498,42.3448023,-71.0825832,16.659
7884,2066743296,1769568119852,21:41:59.852,42.3448023,-71.0825832,16.659
7885,2067005440,1769568120250,21:42:00.250,42.3448023,-71.0825832,16.659
7886,2067267584,1769568120626,21:42:00.626,42.3448023,-71.0825832,16.659
7887,2067529728,1769568121083,21:42:01.083,42.3448023,-71.0825832,16.659
7888,2067791872,1769568121556,21:42:01.556,42.3448023,-71.0825832,16.659
7889,2068054016,1769568129017,21:42:09.017,42.3448023,-71.0825832,16.659
7890,2068316160,1769568129293,21:42:09.293,42.3448023,-71.0825832,16.659
7891,2068578304,1769568129545,21:42:09.545,42.3448023,-71.0825832,16.659
7892,2068840448,1769568129790,21:42:09.790,42.3448023,-71.0825832,16.659
7893,2069102592,1769568130046,21:42:10.046,42.3448023,-71.0825832,16.659
7894,2069364736,1769568130314,21:42:10.314,42.3448023,-71.0825832,16.659
7895,2069626880,1769568130570,21:42:10.570,42.3448023,-71.0825832,16.659
7896,2069889024,1769568130833,21:42:10.833,42.3448023,-71.0825832,16.659
7897,2070151168,1769568131093,21:42:11.093,42.3448023,-71.0825832,16.659
7898,2070413312,1769568131362,21:42:11.362,42.3448023,-71.0825832,16.659
7899,2070675456,1769568131635,21:42:11.635,42.3448023,-71.0825832,16.659
7900,2070937600,1769568131897,21:42:11.897,42.3448023,-71.0825832,16.659
7901,2071199744,1769568132161,21:42:12.161,42.3448023,-71.0825832,16.659
7902,2071461888,1769568132434,21:42:12.434,42.3448023,-71.0825832,16.659
7903,2071724032,1769568132698,21:42:12.698,42.3448023,-71.0825832,16.659
7904,2071986176,1769568132972,21:42:12.972,42.3448023,-71.0825832,16.659
7905,2072248320,1769568133231,21:42:13.231,42.3448023,-71.0825832,16.659
7906,2072510464,1769568133505,21:42:13.505,42.3448023,-71.0825832,16.659
7907,2072772608,1769568133774,21:42:13.774,42.3448023,-71.0825832,16.659
7908,2073034752,1769568134045,21:42:14.045,42.3448023,-71.0825832,16.659
7909,2073296896,1769568134328,21:42:14.328,42.3448023,-71.0825832,16.659
7910,2073559040,1769568134607,21:42:14.607,42.3448023,-71.0825832,16.659
7911,2073821184,1769568134867,21:42:14.867,42.3448023,-71.0825832,16.659
7912,2074083328,1769568135149,21:42:15.149,42.3448023,-71.0825832,16.659
7913,2074345472,1769568135400,21:42:15.400,42.3448023,-71.0825832,16.659
7914,2074607616,1769568135676,21:42:15.676,42.3448023,-71.0825832,16.659
7915,2074869760,1769568135934,21:42:15.934,42.3448023,-71.0825832,16.659
7916,2075131904,1769568136196,21:42:16.196,42.3448023,-71.0825832,16.659
7917,2075394048,1769568136468,21:42:16.468,42.3448023,-71.0825832,16.659
7918,2075656192,1769568136739,21:42:16.739,42.3448023,-71.0825832,16.659
7919,2075918336,1769568137005,21:42:17.005,42.3448023,-71.0825832,16.659
7920,2076180480,1769568137397,21:42:17.397,42.3448023,-71.0825832,16.659
7921,2076442624,1769568138018,21:42:18.018,42.3448023,-71.0825832,16.659
7922,2076704768,1769568138603,21:42:18.603,42.3448023,-71.0825832,16.659
7923,2076966912,1769568139101,21:42:19.101,42.3448023,-71.0825832,16.659
7924,2077229056,1769568139539,21:42:19.539,42.3448023,-71.0825832,16.659
7925,2077491200,1769568139991,21:42:19.991,42.3448023,-71.0825832,16.659
7926,2077753344,1769568140395,21:42:20.395,42.3448023,-71.0825832,16.659
7927,2078015488,1769568140894,21:42:20.894,42.3448023,-71.0825832,16.659
7928,2078277632,1769568141501,21:42:21.501,42.3448023,-71.0825832,16.659
7929,2078539776,1769568141903,21:42:21.903,42.3448023,-71.0825832,16.659
7930,2078801920,1769568142430,21:42:22.430,42.3448023,-71.0825832,16.659
7931,2079064064,1769568142826,21:42:22.826,42.3448023,-71.0825832,16.659
7932,2079326208,1769568143166,21:42:23.166,42.3448023,-71.0825832,16.659
7933,2079588352,1769568143668,21:42:23.668,42.3448023,-71.0825832,16.659
7934,2079850496,1769568144053,21:42:24.053,42.3448023,-71.0825832,16.659
7935,2080112640,1769568144499,21:42:24.499,42.3448023,-71.0825832,16.659
7936,2080374784,1769568144930,21:42:24.930,42.3448023,-71.0825832,16.659
7937,2080636928,1769568145308,21:42:25.308,42.3448023,-71.0825832,16.659
7938,2080899072,1769568145757,21:42:25.757,42.3448023,-71.0825832,16.659
7939,2081161216,1769568146393,21:42:26.393,42.3448023,-71.0825832,16.659
7940,2081423360,1769568146884,21:42:26.884,42.3448023,-71.0825832,16.659
7941,2081685504,1769568147477,21:42:27.477,42.3448023,-71.0825832,16.659
7942,2081947648,1769568147921,21:42:27.921,42.3448023,-71.0825832,16.659
7943,2082209792,1769568148211,21:42:28.211,42.3448023,-71.0825832,16.659
7944,2082471936,1769568148574,21:42:28.574,42.3448023,-71.0825832,16.659
7945,2082734080,1769568148948,21:42:28.948,42.3448023,-71.0825832,16.659
7946,2082996224,1769568149442,21:42:29.442,42.3448023,-71.0825832,16.659
7947,2083258368,1769568149958,21:42:29.958,42.3448023,-71.0825832,16.659
7948,2083520512,1769568150643,21:42:30.643,42.3448023,-71.0825832,16.659
7949,2083782656,1769568151123,21:42:31.123,42.3448023,-71.0825832,16.659
7950,2084044800,1769568151515,21:42:31.515,42.3448023,-71.0825832,16.659
7951,2084306944,1769568151987,21:42:31.987,42.3448023,-71.0825832,16.659
7952,2084569088,1769568159652,21:42:39.652,42.3448023,-71.0825832,16.659
7953,2084831232,1769568159916,21:42:39.916,42.3448023,-71.0825832,16.659
7954,2085093376,1769568160162,21:42:40.162,42.3448023,-71.0825832,16.659
7955,2085355520,1769568160421,21:42:40.421,42.3448023,-71.0825832,16.659
7956,2085617664,1769568160668,21:42:40.668,42.3448023,-71.0825832,16.659
7957,2085879808,1769568160910,21:42:40.910,42.3448023,-71.0825832,16.659
7958,2086141952,1769568161144,21:42:41.144,42.3448023,-71.0825832,16.659
7959,2086404096,1769568161405,21:42:41.405,42.3448023,-71.0825832,16.659
7960,2086666240,1769568161652,21:42:41.652,42.3448023,-71.0825832,16.659
7961,2086928384,1769568161882,21:42:41.882,42.3448023,-71.0825832,16.659
7962,2087190528,1769568162117,21:42:42.117,42.3448023,-71.0825832,16.659
7963,2087452672,1769568162373,21:42:42.373,42.3448023,-71.0825832,16.659
7964,2087714816,1769568162622,21:42:42.622,42.3448023,-71.0825832,16.659
7965,2087976960,1769568162871,21:42:42.871,42.3448023,-71.0825832,16.659
7966,2088239104,1769568163116,21:42:43.116,42.3448023,-71.0825832,16.659
7967,2088501248,1769568163371,21:42:43.371,42.3448023,-71.0825832,16.659
7968,2088763392,1769568163620,21:42:43.620,42.3448023,-71.0825832,16.659
7969,2089025536,1769568163871,21:42:43.871,42.3448023,-71.0825832,16.659
7970,2089287680,1769568164123,21:42:44.123,42.3448023,-71.0825832,16.659
7971,2089549824,1769568164380,21:42:44.380,42.3448023,-71.0825832,16.659
7972,2089811968,1769568164641,21:42:44.641,42.3448023,-71.0825832,16.659
7973,2090074112,1769568164916,21:42:44.916,42.3448023,-71.0825832,16.659
7974,2090336256,1769568165179,21:42:45.179,42.3448023,-71.0825832,16.659
7975,2090598400,1769568165418,21:42:45.418,42.3448023,-71.0825832,16.659
7976,2090860544,1769568165689,21:42:45.689,42.3448023,-71.0825832,16.659
7977,2091122688,1769568165946,21:42:45.946,42.3448023,-71.0825832,16.659
7978,2091384832,1769568166204,21:42:46.204,42.3448023,-71.0825832,16.659
7979,2091646976,1769568166492,21:42:46.492,42.3448023,-71.0825832,16.659
7980,2091909120,1769568166750,21:42:46.750,42.3448023,-71.0825832,16.659
7981,2092171264,1769568167004,21:42:47.004,42.3448023,-71.0825832,16.659
7982,2092433408,1769568167258,21:42:47.258,42.3448023,-71.0825832,16.659
7983,2092695552,1769568167529,21:42:47.529,42.3448023,-71.0825832,16.659
7984,2092957696,1769568167793,21:42:47.793,42.3448023,-71.0825832,16.659
7985,2093219840,1769568168178,21:42:48.178,42.3448023,-71.0825832,16.659
7986,2093481984,1769568168595,21:42:48.595,42.3448023,-71.0825832,16.659
7987,2093744128,1769568168959,21:42:48.959,42.3448023,-71.0825832,16.659
7988,2094006272,1769568169382,21:42:49.382,42.3448023,-71.0825832,16.659
7989,2094268416,1769568169785,21:42:49.785,42.3448023,-71.0825832,16.659
7990,2094530560,1769568170137,21:42:50.137,42.3448023,-71.0825832,16.659
7991,2094792704,1769568170487,21:42:50.487,42.3448023,-71.0825832,16.659
7992,2095054848,1769568170906,21:42:50.906,42.3448023,-71.0825832,16.659
7993,2095316992,1769568171264,21:42:51.264,42.3448023,-71.0825832,16.659
7994,2095579136,1769568171629,21:42:51.629,42.3448023,-71.0825832,16.659
7995,2095841280,1769568172043,21:42:52.043,42.3448023,-71.0825832,16.659
7996,2096103424,1769568172441,21:42:52.441,42.3448023,-71.0825832,16.659
7997,2096365568,1769568172751,21:42:52.751,42.3448023,-71.0825832,16.659
7998,2096627712,1769568173105,21:42:53.105,42.3448023,-71.0825832,16.659
7999,2096889856,1769568173452,21:42:53.452,42.3448023,-71.0825832,16.659
8000,2097152000,1769568173803,21:42:53.803,42.3448023,-71.0825832,16.659
8001,2097414144,1769568174175,21:42:54.175,42.3448023,-71.0825832,16.659
8002,2097676288,1769568174531,21:42:54.531,42.3448023,-71.0825832,16.659
8003,2097938432,1769568174897,21:42:54.897,42.3448023,-71.0825832,16.659
8004,2098200576,1769568175231,21:42:55.231,42.3448023,-71.0825832,16.659
8005,2098462720,1769568175582,21:42:55.582,42.3448023,-71.0825832,16.659
8006,2098724864,1769568175934,21:42:55.934,42.3448023,-71.0825832,16.659
8007,2098987008,1769568176283,21:42:56.283,42.3448023,-71.0825832,16.659
8008,2099249152,1769568176635,21:42:56.635,42.3448023,-71.0825832,16.659
8009,2099511296,1769568177013,21:42:57.013,42.3448023,-71.0825832,16.659
8010,2099773440,1769568177335,21:42:57.335,42.3448023,-71.0825832,16.659
8011,2100035584,1769568177741,21:42:57.741,42.3448023,-71.0825832,16.659
8012,2100297728,1769568178114,21:42:58.114,42.3448023,-71.0825832,16.659
8013,2100559872,1769568178532,21:42:58.532,42.3448023,-71.0825832,16.659
8014,2100822016,1769568178954,21:42:58.954,42.3448023,-71.0825832,16.659
8015,2101084160,1769568179389,21:42:59.389,42.3448023,-71.0825832,16.659
8016,2101346304,1769568179769,21:42:59.769,42.3448023,-71.0825832,16.659
8017,2101608448,1769568180162,21:43:00.162,42.3448023,-71.0825832,16.659
8018,2101870592,1769568180533,21:43:00.533,42.3448023,-71.0825832,16.659
8019,2102132736,1769568180907,21:43:00.907,42.3448023,-71.0825832,16.659
8020,2102394880,1769568181394,21:43:01.394,42.3448023,-71.0825832,16.659
8021,2102657024,1769568181779,21:43:01.779,42.3448023,-71.0825832,16.659
8022,2102919168,1769568182108,21:43:02.108,42.3448023,-71.0825832,16.659
8023,2103181312,1769568189783,21:43:09.783,42.3448023,-71.0825832,16.659
8024,2103443456,1769568190069,21:43:10.069,42.3448023,-71.0825832,16.659
8025,2103705600,1769568190309,21:43:10.309,42.3448023,-71.0825832,16.659
8026,2103967744,1769568190564,21:43:10.564,42.3448023,-71.0825832,16.659
8027,2104229888,1769568190810,21:43:10.810,42.3448023,-71.0825832,16.659
8028,2104492032,1769568191068,21:43:11.068,42.3448023,-71.0825832,16.659
8029,2104754176,1769568191340,21:43:11.340,42.3448023,-71.0825832,16.659
8030,2105016320,1769568191591,21:43:11.591,42.3448023,-71.0825832,16.659
8031,2105278464,1769568191853,21:43:11.853,42.3448023,-71.0825832,16.659
8032,2105540608,1769568192105,21:43:12.105,42.3448023,-71.0825832,16.659
8033,2105802752,1769568192362,21:43:12.362,42.3448023,-71.0825832,16.659
8034,2106064896,1769568192636,21:43:12.636,42.3448023,-71.0825832,16.659
8035,2106327040,1769568192902,21:43:12.902,42.3448023,-71.0825832,16.659
8036,2106589184,1769568193174,21:43:13.174,42.3448023,-71.0825832,16.659
8037,2106851328,1769568193428,21:43:13.428,42.3448023,-71.0825832,16.659
8038,2107113472,1769568193687,21:43:13.687,42.3448023,-71.0825832,16.659
8039,2107375616,1769568193946,21:43:13.946,42.3448023,-71.0825832,16.659
8040,2107637760,1769568194210,21:43:14.210,42.3448023,-71.0825832,16.659
8041,2107899904,1769568194486,21:43:14.486,42.3448023,-71.0825832,16.659
8042,2108162048,1769568194758,21:43:14.758,42.3448023,-71.0825832,16.659
8043,2108424192,1769568195013,21:43:15.013,42.3448023,-71.0825832,16.659
8044,2108686336,1769568195268,21:43:15.268,42.3448023,-71.0825832,16.659
8045,2108948480,1769568195530,21:43:15.530,42.3448023,-71.0825832,16.659
8046,2109210624,1769568195793,21:43:15.793,42.3448023,-71.0825832,16.659
8047,2109472768,1769568196048,21:43:16.048,42.3448023,-71.0825832,16.659
8048,2109734912,1769568196447,21:43:16.447,42.3448023,-71.0825832,16.659
8049,2109997056,1769568197143,21:43:17.143,42.3448023,-71.0825832,16.659
8050,2110259200,1769568197750,21:43:17.750,42.3448023,-71.0825832,16.659
8051,2110521344,1769568198284,21:43:18.284,42.3448023,-71.0825832,16.659
8052,2110783488,1769568198784,21:43:18.784,42.3448023,-71.0825832,16.659
8053,2111045632,1769568199221,21:43:19.221,42.3448023,-71.0825832,16.659
8054,2111307776,1769568199631,21:43:19.631,42.3448023,-71.0825832,16.659
8055,2111569920,1769568199980,21:43:19.980,42.3448023,-71.0825832,16.659
8056,2111832064,1769568200332,21:43:20.332,42.3448023,-71.0825832,16.659
8057,2112094208,1769568200827,21:43:20.827,42.3448023,-71.0825832,16.659
8058,2112356352,1769568201311,21:43:21.311,42.3448023,-71.0825832,16.659
8059,2112618496,1769568201710,21:43:21.710,42.3448023,-71.0825832,16.659
8060,2112880640,1769568202060,21:43:22.060,42.3448023,-71.0825832,16.659
8061,2113142784,1769568202496,21:43:22.496,42.3448023,-71.0825832,16.659
8062,2113404928,1769568202964,21:43:22.964,42.3448023,-71.0825832,16.659
8063,2113667072,1769568203449,21:43:23.449,42.3448023,-71.0825832,16.659
8064,2113929216,1769568203863,21:43:23.863,42.3448023,-71.0825832,16.659
8065,2114191360,1769568204271,21:43:24.271,42.3448023,-71.0825832,16.659
8066,2114453504,1769568204848,21:43:24.848,42.3448023,-71.0825832,16.659
8067,2114715648,1769568205312,21:43:25.312,42.3448023,-71.0825832,16.659
8068,2114977792,1769568205696,21:43:25.696,42.3448023,-71.0825832,16.659
8069,2115239936,1769568206141,21:43:26.141,42.3448023,-71.0825832,16.659
8070,2115502080,1769568206556,21:43:26.556,42.3448023,-71.0825832,16.659
8071,2115764224,1769568206976,21:43:26.976,42.3448023,-71.0825832,16.659
8072,2116026368,1769568207450,21:43:27.450,42.3448023,-71.0825832,16.659
8073,2116288512,1769568207833,21:43:27.833,42.3448023,-71.0825832,16.659
8074,2116550656,1769568208256,21:43:28.256,42.3448023,-71.0825832,16.659
8075,2116812800,1769568208688,21:43:28.688,42.3448023,-71.0825832,16.659
8076,2117074944,1769568209076,21:43:29.076,42.3448023,-71.0825832,16.659
8077,2117337088,1769568209503,21:43:29.503,42.3448023,-71.0825832,16.659
8078,2117599232,1769568209860,21:43:29.860,42.3448023,-71.0825832,16.659
8079,2117861376,1769568210213,21:43:30.213,42.3448023,-71.0825832,16.659
8080,2118123520,1769568210564,21:43:30.564,42.3448023,-71.0825832,16.659
8081,2118385664,1769568210925,21:43:30.925,42.3448023,-71.0825832,16.659
8082,2118647808,1769568211305,21:43:31.305,42.3448023,-71.0825832,16.659
8083,2118909952,1769568211657,21:43:31.657,42.3448023,-71.0825832,16.659
8084,2119172096,1769568212014,21:43:32.014,42.3448023,-71.0825832,16.659
8085,2119434240,1769568212365,21:43:32.365,42.3448023,-71.0825832,16.659
8086,2119696384,1769568220143,21:43:40.143,42.3448023,-71.0825832,16.659
8087,2119958528,1769568220409,21:43:40.409,42.3448023,-71.0825832,16.659
8088,2120220672,1769568220670,21:43:40.670,42.3448023,-71.0825832,16.659
8089,2120482816,1769568220941,21:43:40.941,42.3448023,-71.0825832,16.659
8090,2120744960,1769568221203,21:43:41.203,42.3448023,-71.0825832,16.659
8091,2121007104,1769568221477,21:43:41.477,42.3448023,-71.0825832,16.659
8092,2121269248,1769568221749,21:43:41.749,42.3448023,-71.0825832,16.659
8093,2121531392,1769568222023,21:43:42.023,42.3448023,-71.0825832,16.659
8094,2121793536,1769568222313,21:43:42.313,42.3448023,-71.0825832,16.659
8095,2122055680,1769568222574,21:43:42.574,42.3448023,-71.0825832,16.659
8096,2122317824,1769568222838,21:43:42.838,42.3448023,-71.0825832,16.659
8097,2122579968,1769568223102,21:43:43.102,42.3448023,-71.0825832,16.659
8098,2122842112,1769568223374,21:43:43.374,42.3448023,-71.0825832,16.659
8099,2123104256,1769568223648,21:43:43.648,42.3448023,-71.0825832,16.659
8100,2123366400,1769568223905,21:43:43.905,42.3448023,-71.0825832,16.659
8101,2123628544,1769568224177,21:43:44.177,42.3448023,-71.0825832,16.659
8102,2123890688,1769568224456,21:43:44.456,42.3448023,-71.0825832,16.659
8103,2124152832,1769568224700,21:43:44.700,42.3448023,-71.0825832,16.659
8104,2124414976,1769568224945,21:43:44.945,42.3448023,-71.0825832,16.659
8105,2124677120,1769568225205,21:43:45.205,42.3448023,-71.0825832,16.659
8106,2124939264,1769568225463,21:43:45.463,42.3448023,-71.0825832,16.659
8107,2125201408,1769568225726,21:43:45.726,42.3448023,-71.0825832,16.659
8108,2125463552,1769568225975,21:43:45.975,42.3448023,-71.0825832,16.659
8109,2125725696,1769568226252,21:43:46.252,42.3448023,-71.0825832,16.659
8110,2125987840,1769568226535,21:43:46.535,42.3448023,-71.0825832,16.659
8111,2126249984,1769568226795,21:43:46.795,42.3448023,-71.0825832,16.659
8112,2126512128,1769568227050,21:43:47.050,42.3448023,-71.0825832,16.659
8113,2126774272,1769568227304,21:43:47.304,42.3448023,-71.0825832,16.659
8114,2127036416,1769568227581,21:43:47.581,42.3448023,-71.0825832,16.659
8115,2127298560,1769568227847,21:43:47.847,42.3448023,-71.0825832,16.659
8116,2127560704,1769568228108,21:43:48.108,42.3448023,-71.0825832,16.659
8117,2127822848,1769568228356,21:43:48.356,42.3448023,-71.0825832,16.659
8118,2128084992,1769568228616,21:43:48.616,42.3448023,-71.0825832,16.659
8119,2128347136,1769568228891,21:43:48.891,42.3448023,-71.0825832,16.659
8120,2128609280,1769568229164,21:43:49.164,42.3448023,-71.0825832,16.659
8121,2128871424,1769568229420,21:43:49.420,42.3448023,-71.0825832,16.659
8122,2129133568,1769568229663,21:43:49.663,42.3448023,-71.0825832,16.659
8123,2129395712,1769568229922,21:43:49.922,42.3448023,-71.0825832,16.659
8124,2129657856,1769568230182,21:43:50.182,42.3448023,-71.0825832,16.659
8125,2129920000,1769568230446,21:43:50.446,42.3448023,-71.0825832,16.659
8126,2130182144,1769568230716,21:43:50.716,42.3448023,-71.0825832,16.659
8127,2130444288,1769568230956,21:43:50.956,42.3448023,-71.0825832,16.659
8128,2130706432,1769568231221,21:43:51.221,42.3448023,-71.0825832,16.659
8129,2130968576,1769568231689,21:43:51.689,42.3448023,-71.0825832,16.659
8130,2131230720,1769568232231,21:43:52.231,42.3448023,-71.0825832,16.659
8131,2131492864,1769568232797,21:43:52.797,42.3448023,-71.0825832,16.659
8132,2131755008,1769568233216,21:43:53.216,42.3448023,-71.0825832,16.659
8133,2132017152,1769568233568,21:43:53.568,42.3448023,-71.0825832,16.659
8134,2132279296,1769568233918,21:43:53.918,42.3448023,-71.0825832,16.659
8135,2132541440,1769568234267,21:43:54.267,42.3448023,-71.0825832,16.659
8136,2132803584,1769568234619,21:43:54.619,42.3448023,-71.0825832,16.659
8137,2133065728,1769568234969,21:43:54.969,42.3448023,-71.0825832,16.659
8138,2133327872,1769568235320,21:43:55.320,42.3448023,-71.0825832,16.659
8139,2133590016,1769568235672,21:43:55.672,42.3448023,-71.0825832,16.659
8140,2133852160,1769568236054,21:43:56.054,42.3448023,-71.0825832,16.659
8141,2134114304,1769568236457,21:43:56.457,42.3448023,-71.0825832,16.659
8142,2134376448,1769568236837,21:43:56.837,42.3448023,-71.0825832,16.659
8143,2134638592,1769568237208,21:43:57.208,42.3448023,-71.0825832,16.659
8144,2134900736,1769568237622,21:43:57.622,42.3448023,-71.0825832,16.659
8145,2135162880,1769568238065,21:43:58.065,42.3448023,-71.0825832,16.659
8146,2135425024,1769568238458,21:43:58.458,42.3448023,-71.0825832,16.659
8147,2135687168,1769568238762,21:43:58.762,42.3448023,-71.0825832,16.659
8148,2135949312,1769568239109,21:43:59.109,42.3448023,-71.0825832,16.659
8149,2136211456,1769568239513,21:43:59.513,42.3448023,-71.0825832,16.659
8150,2136473600,1769568239990,21:43:59.990,42.3448023,-71.0825832,16.659
8151,2136735744,1769568240594,21:44:00.594,42.3448023,-71.0825832,16.659
8152,2136997888,1769568241188,21:44:01.188,42.3448023,-71.0825832,16.659
8153,2137260032,1769568241581,21:44:01.581,42.3448023,-71.0825832,16.659
8154,2137522176,1769568241966,21:44:01.966,42.3448023,-71.0825832,16.659
8155,2137784320,1769568242579,21:44:02.579,42.3448023,-71.0825832,16.659
8156,2138046464,1769568251100,21:44:11.100,42.3448023,-71.0825832,16.659
8157,2138308608,1769568251377,21:44:11.377,42.3448023,-71.0825832,16.659
8158,2138570752,1769568251635,21:44:11.635,42.3448023,-71.0825832,16.659
8159,2138832896,1769568251893,21:44:11.893,42.3448023,-71.0825832,16.659
8160,2139095040,1769568252133,21:44:12.133,42.3448023,-71.0825832,16.659
8161,2139357184,1769568252384,21:44:12.384,42.3448023,-71.0825832,16.659
8162,2139619328,1769568252640,21:44:12.640,42.3448023,-71.0825832,16.659
8163,2139881472,1769568252904,21:44:12.904,42.3448023,-71.0825832,16.659
8164,2140143616,1769568253164,21:44:13.164,42.3448023,-71.0825832,16.659
8165,2140405760,1769568253415,21:44:13.415,42.3448023,-71.0825832,16.659
8166,2140667904,1769568253683,21:44:13.683,42.3448023,-71.0825832,16.659
8167,2140930048,1769568253951,21:44:13.951,42.3448023,-71.0825832,16.659
8168,2141192192,1769568254215,21:44:14.215,42.3448023,-71.0825832,16.659
8169,2141454336,1769568254457,21:44:14.457,42.3448023,-71.0825832,16.659
8170,2141716480,1769568254705,21:44:14.705,42.3448023,-71.0825832,16.659
8171,2141978624,1769568254958,21:44:14.958,42.3448023,-71.0825832,16.659
8172,2142240768,1769568255211,21:44:15.211,42.3448023,-71.0825832,16.659
8173,2142502912,1769568255482,21:44:15.482,42.3448023,-71.0825832,16.659
8174,2142765056,1769568255749,21:44:15.749,42.3448023,-71.0825832,16.659
8175,2143027200,1769568256006,21:44:16.006,42.3448023,-71.0825832,16.659
8176,2143289344,1769568256258,21:44:16.258,42.3448023,-71.0825832,16.659
8177,2143551488,1769568256516,21:44:16.516,42.3448023,-71.0825832,16.659
8178,2143813632,1769568256768,21:44:16.768,42.3448023,-71.0825832,16.659
8179,2144075776,1769568257017,21:44:17.017,42.3448023,-71.0825832,16.659
8180,2144337920,1769568257264,21:44:17.264,42.3448023,-71.0825832,16.659
8181,2144600064,1769568257516,21:44:17.516,42.3448023,-71.0825832,16.659
8182,2144862208,1769568257795,21:44:17.795,42.3448023,-71.0825832,16.659
8183,2145124352,1769568258060,21:44:18.060,42.3448023,-71.0825832,16.659
8184,2145386496,1769568258324,21:44:18.324,42.3448023,-71.0825832,16.659
8185,2145648640,1769568258585,21:44:18.585,42.3448023,-71.0825832,16.659
8186,2145910784,1769568258843,21:44:18.843,42.3448023,-71.0825832,16.659
8187,2146172928,1769568259092,21:44:19.092,42.3448023,-71.0825832,16.659
8188,2146435072,1769568259367,21:44:19.367,42.3448023,-71.0825832,16.659
8189,2146697216,1769568259613,21:44:19.613,42.3448023,-71.0825832,16.659
8190,2146959360,1769568259897,21:44:19.897,42.3448023,-71.0825832,16.659
8191,2147221504,1769568260145,21:44:20.145,42.3448023,-71.0825832,16.659
8192,2147483648,1769568260422,21:44:20.422,42.3448023,-71.0825832,16.659
8193,2147745792,1769568260693,21:44:20.693,42.3448023,-71.0825832,16.659
8194,2148007936,1769568260962,21:44:20.962,42.3448023,-71.0825832,16.659
8195,2148270080,1769568261227,21:44:21.227,42.3448023,-71.0825832,16.659
8196,2148532224,1769568261477,21:44:21.477,42.3448023,-71.0825832,16.659
8197,2148794368,1769568261755,21:44:21.755,42.3448023,-71.0825832,16.659
8198,2149056512,1769568262028,21:44:22.028,42.3448023,-71.0825832,16.659
8199,2149318656,1769568262295,21:44:22.295,42.3448023,-71.0825832,16.659
8200,2149580800,1769568262578,21:44:22.578,42.3448023,-71.0825832,16.659
8201,2149842944,1769568262844,21:44:22.844,42.3448023,-71.0825832,16.659
8202,2150105088,1769568263088,21:44:23.088,42.3448023,-71.0825832,16.659
8203,2150367232,1769568263342,21:44:23.342,42.3448023,-71.0825832,16.659
8204,2150629376,1769568263613,21:44:23.613,42.3448023,-71.0825832,16.659
8205,2150891520,1769568263868,21:44:23.868,42.3448023,-71.0825832,16.659
8206,2151153664,1769568264134,21:44:24.134,42.3448023,-71.0825832,16.659
8207,2151415808,1769568264588,21:44:24.588,42.3448023,-71.0825832,16.659
8208,2151677952,1769568265103,21:44:25.103,42.3448023,-71.0825832,16.659
8209,2151940096,1769568265803,21:44:25.803,42.3448023,-71.0825832,16.659
8210,2152202240,1769568266308,21:44:26.308,42.3448023,-71.0825832,16.659
8211,2152464384,1769568266869,21:44:26.869,42.3448023,-71.0825832,16.659
8212,2152726528,1769568267487,21:44:27.487,42.3448023,-71.0825832,16.659
8213,2152988672,1769568267999,21:44:27.999,42.3448023,-71.0825832,16.659
8214,2153250816,1769568268351,21:44:28.351,42.3448023,-71.0825832,16.659
8215,2153512960,1769568268692,21:44:28.692,42.3448023,-71.0825832,16.659
8216,2153775104,1769568269114,21:44:29.114,42.3448023,-71.0825832,16.659
8217,2154037248,1769568269512,21:44:29.512,42.3448023,-71.0825832,16.659
8218,2154299392,1769568269871,21:44:29.871,42.3448023,-71.0825832,16.659
8219,2154561536,1769568270264,21:44:30.264,42.3448023,-71.0825832,16.659
8220,2154823680,1769568270571,21:44:30.571,42.3448023,-71.0825832,16.659
8221,2155085824,1769568270965,21:44:30.965,42.3448023,-71.0825832,16.659
8222,2155347968,1769568271478,21:44:31.478,42.3448023,-71.0825832,16.659
8223,2155610112,1769568271910,21:44:31.910,42.3448023,-71.0825832,16.659
8224,2155872256,1769568272179,21:44:32.179,42.3448023,-71.0825832,16.659
8225,2156134400,1769568272529,21:44:32.529,42.3448023,-71.0825832,16.659
8226,2156396544,1769568272882,21:44:32.882,42.3448023,-71.0825832,16.659
8227,2156658688,1769568281399,21:44:41.399,42.3448023,-71.0825832,16.659
8228,2156920832,1769568281658,21:44:41.658,42.3448023,-71.0825832,16.659
8229,2157182976,1769568281904,21:44:41.904,42.3448023,-71.0825832,16.659
8230,2157445120,1769568282160,21:44:42.160,42.3448023,-71.0825832,16.659
8231,2157707264,1769568282401,21:44:42.401,42.3448023,-71.0825832,16.659
8232,2157969408,1769568282648,21:44:42.648,42.3448023,-71.0825832,16.659
8233,2158231552,1769568282897,21:44:42.897,42.3448023,-71.0825832,16.659
8234,2158493696,1769568283155,21:44:43.155,42.3448023,-71.0825832,16.659
8235,2158755840,1769568283409,21:44:43.409,42.3448023,-71.0825832,16.659
8236,2159017984,1769568283664,21:44:43.664,42.3448023,-71.0825832,16.659
8237,2159280128,1769568283916,21:44:43.916,42.3448023,-71.0825832,16.659
8238,2159542272,1769568284170,21:44:44.170,42.3448023,-71.0825832,16.659
8239,2159804416,1769568284430,21:44:44.430,42.3448023,-71.0825832,16.659
8240,2160066560,1769568284689,21:44:44.689,42.3448023,-71.0825832,16.659
8241,2160328704,1769568284965,21:44:44.965,42.3448023,-71.0825832,16.659
8242,2160590848,1769568285231,21:44:45.231,42.3448023,-71.0825832,16.659
8243,2160852992,1769568285515,21:44:45.515,42.3448023,-71.0825832,16.659
8244,2161115136,1769568285769,21:44:45.769,42.3448023,-71.0825832,16.659
8245,2161377280,1769568286016,21:44:46.016,42.3448023,-71.0825832,16.659
8246,2161639424,1769568286275,21:44:46.275,42.3448023,-71.0825832,16.659
8247,2161901568,1769568286539,21:44:46.539,42.3448023,-71.0825832,16.659
8248,2162163712,1769568286813,21:44:46.813,42.3448023,-71.0825832,16.659
8249,2162425856,1769568287069,21:44:47.069,42.3448023,-71.0825832,16.659
8250,2162688000,1769568287332,21:44:47.332,42.3448023,-71.0825832,16.659
8251,2162950144,1769568287598,21:44:47.598,42.3448023,-71.0825832,16.659
8252,2163212288,1769568287849,21:44:47.849,42.3448023,-71.0825832,16.659
8253,2163474432,1769568288108,21:44:48.108,42.3448023,-71.0825832,16.659
8254,2163736576,1769568288344,21:44:48.344,42.3448023,-71.0825832,16.659
8255,2163998720,1769568288582,21:44:48.582,42.3448023,-71.0825832,16.659
8256,2164260864,1769568288838,21:44:48.838,42.3448023,-71.0825832,16.659
8257,2164523008,1769568289104,21:44:49.104,42.3448023,-71.0825832,16.659
8258,2164785152,1769568289361,21:44:49.361,42.3448023,-71.0825832,16.659
8259,2165047296,1769568289610,21:44:49.610,42.3448023,-71.0825832,16.659
8260,2165309440,1769568289865,21:44:49.865,42.3448023,-71.0825832,16.659
8261,2165571584,1769568290137,21:44:50.137,42.3448023,-71.0825832,16.659
8262,2165833728,1769568290400,21:44:50.400,42.3448023,-71.0825832,16.659
8263,2166095872,1769568290641,21:44:50.641,42.3448023,-71.0825832,16.659
8264,2166358016,1769568290914,21:44:50.914,42.3448023,-71.0825832,16.659
8265,2166620160,1769568291192,21:44:51.192,42.3448023,-71.0825832,16.659
8266,2166882304,1769568291469,21:44:51.469,42.3448023,-71.0825832,16.659
8267,2167144448,1769568291746,21:44:51.746,42.3448023,-71.0825832,16.659
8268,2167406592,1769568292029,21:44:52.029,42.3448023,-71.0825832,16.659
8269,2167668736,1769568292293,21:44:52.293,42.3448023,-71.0825832,16.659
8270,2167930880,1769568292550,21:44:52.550,42.3448023,-71.0825832,16.659
8271,2168193024,1769568292826,21:44:52.826,42.3448023,-71.0825832,16.659
8272,2168455168,1769568293094,21:44:53.094,42.3448023,-71.0825832,16.659
8273,2168717312,1769568293370,21:44:53.370,42.3448023,-71.0825832,16.659
8274,2168979456,1769568293633,21:44:53.633,42.3448023,-71.0825832,16.659
8275,2169241600,1769568293899,21:44:53.899,42.3448023,-71.0825832,16.659
8276,2169503744,1769568294165,21:44:54.165,42.3448023,-71.0825832,16.659
8277,2169765888,1769568294431,21:44:54.431,42.3448023,-71.0825832,16.659
8278,2170028032,1769568294677,21:44:54.677,42.3448023,-71.0825832,16.659
8279,2170290176,1769568294946,21:44:54.946,42.3448023,-71.0825832,16.659
8280,2170552320,1769568295212,21:44:55.212,42.3448023,-71.0825832,16.659
8281,2170814464,1769568295494,21:44:55.494,42.3448023,-71.0825832,16.659
8282,2171076608,1769568295754,21:44:55.754,42.3448023,-71.0825832,16.659
8283,2171338752,1769568296025,21:44:56.025,42.3448023,-71.0825832,16.659
8284,2171600896,1769568296321,21:44:56.321,42.3448023,-71.0825832,16.659
8285,2171863040,1769568296606,21:44:56.606,42.3448023,-71.0825832,16.659
8286,2172125184,1769568296884,21:44:56.884,42.3448023,-71.0825832,16.659
8287,2172387328,1769568297167,21:44:57.167,42.3448023,-71.0825832,16.659
8288,2172649472,1769568297436,21:44:57.436,42.3448023,-71.0825832,16.659
8289,2172911616,1769568297697,21:44:57.697,42.3448023,-71.0825832,16.659
8290,2173173760,1769568297987,21:44:57.987,42.3448023,-71.0825832,16.659
8291,2173435904,1769568298307,21:44:58.307,42.3448023,-71.0825832,16.659
8292,2173698048,1769568298777,21:44:58.777,42.3448023,-71.0825832,16.659
8293,2173960192,1769568299273,21:44:59.273,42.3448023,-71.0825832,16.659
8294,2174222336,1769568299742,21:44:59.742,42.3448023,-71.0825832,16.659
8295,2174484480,1769568300378,21:45:00.378,42.3448023,-71.0825832,16.659
8296,2174746624,1769568301115,21:45:01.115,42.3448023,-71.0825832,16.659
8297,2175008768,1769568301814,21:45:01.814,42.3448023,-71.0825832,16.659
8298,2175270912,1769568302310,21:45:02.310,42.3448023,-71.0825832,16.659
8299,2175533056,1769568302902,21:45:02.902,42.3448023,-71.0825832,16.659
8300,2175795200,1769568312000,21:45:12.000,42.3448023,-71.0825832,16.659
8301,2176057344,1769568312267,21:45:12.267,42.3448023,-71.0825832,16.659
8302,2176319488,1769568312526,21:45:12.526,42.3448023,-71.0825832,16.659
8303,2176581632,1769568312779,21:45:12.779,42.3448023,-71.0825832,16.659
8304,2176843776,1769568313027,21:45:13.027,42.3448023,-71.0825832,16.659
8305,2177105920,1769568313288,21:45:13.288,42.3448023,-71.0825832,16.659
8306,2177368064,1769568313544,21:45:13.544,42.3448023,-71.0825832,16.659
8307,2177630208,1769568313807,21:45:13.807,42.3448023,-71.0825832,16.659
8308,2177892352,1769568314058,21:45:14.058,42.3448023,-71.0825832,16.659
8309,2178154496,1769568314328,21:45:14.328,42.3448023,-71.0825832,16.659
8310,2178416640,1769568314582,21:45:14.582,42.3448023,-71.0825832,16.659
8311,2178678784,1769568314849,21:45:14.849,42.3448023,-71.0825832,16.659
8312,2178940928,1769568315100,21:45:15.100,42.3448023,-71.0825832,16.659
8313,2179203072,1769568315346,21:45:15.346,42.3448023,-71.0825832,16.659
8314,2179465216,1769568315602,21:45:15.602,42.3448023,-71.0825832,16.659
8315,2179727360,1769568315860,21:45:15.860,42.3448023,-71.0825832,16.659
8316,2179989504,1769568316128,21:45:16.128,42.3448023,-71.0825832,16.659
8317,2180251648,1769568316391,21:45:16.391,42.3448023,-71.0825832,16.659
8318,2180513792,1769568316649,21:45:16.649,42.3448023,-71.0825832,16.659
8319,2180775936,1769568316899,21:45:16.899,42.3448023,-71.0825832,16.659
8320,2181038080,1769568317159,21:45:17.159,42.3448023,-71.0825832,16.659
8321,2181300224,1769568317409,21:45:17.409,42.3448023,-71.0825832,16.659
8322,2181562368,1769568317667,21:45:17.667,42.3448023,-71.0825832,16.659
8323,2181824512,1769568317933,21:45:17.933,42.3448023,-71.0825832,16.659
8324,2182086656,1769568318175,21:45:18.175,42.3448023,-71.0825832,16.659
8325,2182348800,1769568318427,21:45:18.427,42.3448023,-71.0825832,16.659
8326,2182610944,1769568318680,21:45:18.680,42.3448023,-71.0825832,16.659
8327,2182873088,1769568318973,21:45:18.973,42.3448023,-71.0825832,16.659
8328,2183135232,1769568319244,21:45:19.244,42.3448023,-71.0825832,16.659
8329,2183397376,1769568319525,21:45:19.525,42.3448023,-71.0825832,16.659
8330,2183659520,1769568319796,21:45:19.796,42.3448023,-71.0825832,16.659
8331,2183921664,1769568320067,21:45:20.067,42.3448023,-71.0825832,16.659
8332,2184183808,1769568320357,21:45:20.357,42.3448023,-71.0825832,16.659
8333,2184445952,1769568320616,21:45:20.616,42.3448023,-71.0825832,16.659
8334,2184708096,1769568320873,21:45:20.873,42.3448023,-71.0825832,16.659
8335,2184970240,1769568321145,21:45:21.145,42.3448023,-71.0825832,16.659
8336,2185232384,1769568321417,21:45:21.417,42.3448023,-71.0825832,16.659
8337,2185494528,1769568321681,21:45:21.681,42.3448023,-71.0825832,16.659
8338,2185756672,1769568321948,21:45:21.948,42.3448023,-71.0825832,16.659
8339,2186018816,1769568322205,21:45:22.205,42.3448023,-71.0825832,16.659
8340,2186280960,1769568322488,21:45:22.488,42.3448023,-71.0825832,16.659
8341,2186543104,1769568322767,21:45:22.767,42.3448023,-71.0825832,16.659
8342,2186805248,1769568323049,21:45:23.049,42.3448023,-71.0825832,16.659
8343,2187067392,1769568323323,21:45:23.323,42.3448023,-71.0825832,16.659
8344,2187329536,1769568323605,21:45:23.605,42.3448023,-71.0825832,16.659
8345,2187591680,1769568323876,21:45:23.876,42.3448023,-71.0825832,16.659
8346,2187853824,1769568324128,21:45:24.128,42.3448023,-71.0825832,16.659
8347,2188115968,1769568324389,21:45:24.389,42.3448023,-71.0825832,16.659
8348,2188378112,1769568324673,21:45:24.673,42.3448023,-71.0825832,16.659
8349,2188640256,1769568324937,21:45:24.937,42.3448023,-71.0825832,16.659
8350,2188902400,1769568325212,21:45:25.212,42.3448023,-71.0825832,16.659
8351,2189164544,1769568325468,21:45:25.468,42.3448023,-71.0825832,16.659
8352,2189426688,1769568325721,21:45:25.721,42.3448023,-71.0825832,16.659
8353,2189688832,1769568326001,21:45:26.001,42.3448023,-71.0825832,16.659
8354,2189950976,1769568326260,21:45:26.260,42.3448023,-71.0825832,16.659
8355,2190213120,1769568326518,21:45:26.518,42.3448023,-71.0825832,16.659
8356,2190475264,1769568326764,21:45:26.764,42.3448023,-71.0825832,16.659
8357,2190737408,1769568327014,21:45:27.014,42.3448023,-71.0825832,16.659
8358,2190999552,1769568327272,21:45:27.272,42.3448023,-71.0825832,16.659
8359,2191261696,1769568327541,21:45:27.541,42.3448023,-71.0825832,16.659
8360,2191523840,1769568327778,21:45:27.778,42.3448023,-71.0825832,16.659
8361,2191785984,1769568328009,21:45:28.009,42.3448023,-71.0825832,16.659
8362,2192048128,1769568328269,21:45:28.269,42.3448023,-71.0825832,16.659
8363,2192310272,1769568328535,21:45:28.535,42.3448023,-71.0825832,16.659
8364,2192572416,1769568329005,21:45:29.005,42.3448023,-71.0825832,16.659
8365,2192834560,1769568329490,21:45:29.490,42.3448023,-71.0825832,16.659
8366,2193096704,1769568330062,21:45:30.062,42.3448023,-71.0825832,16.659
8367,2193358848,1769568330651,21:45:30.651,42.3448023,-71.0825832,16.659
8368,2193620992,1769568331184,21:45:31.184,42.3448023,-71.0825832,16.659
8369,2193883136,1769568331781,21:45:31.781,42.3448023,-71.0825832,16.659
8370,2194145280,1769568332185,21:45:32.185,42.3448023,-71.0825832,16.659
8371,2194407424,1769568332688,21:45:32.688,42.3448023,-71.0825832,16.659
8372,2194669568,1769568333182,21:45:33.182,42.3448023,-71.0825832,16.659
8373,2194931712,1769568333751,21:45:33.751,42.3448023,-71.0825832,16.659
8374,2195193856,1769568343349,21:45:43.349,42.3448023,-71.0825832,16.659
8375,2195456000,1769568343623,21:45:43.623,42.3448023,-71.0825832,16.659
8376,2195718144,1769568343892,21:45:43.892,42.3448023,-71.0825832,16.659
8377,2195980288,1769568344154,21:45:44.154,42.3448023,-71.0825832,16.659
8378,2196242432,1769568344430,21:45:44.430,42.3448023,-71.0825832,16.659
8379,2196504576,1769568344689,21:45:44.689,42.3448023,-71.0825832,16.659
8380,2196766720,1769568344946,21:45:44.946,42.3448023,-71.0825832,16.659
8381,2197028864,1769568345196,21:45:45.196,42.3448023,-71.0825832,16.659
8382,2197291008,1769568345461,21:45:45.461,42.3448023,-71.0825832,16.659
8383,2197553152,1769568345717,21:45:45.717,42.3448023,-71.0825832,16.659
8384,2197815296,1769568345969,21:45:45.969,42.3448023,-71.0825832,16.659
8385,2198077440,1769568346230,21:45:46.230,42.3448023,-71.0825832,16.659
8386,2198339584,1769568346497,21:45:46.497,42.3448023,-71.0825832,16.659
8387,2198601728,1769568346754,21:45:46.754,42.3448023,-71.0825832,16.659
8388,2198863872,1769568347028,21:45:47.028,42.3448023,-71.0825832,16.659
8389,2199126016,1769568347279,21:45:47.279,42.3448023,-71.0825832,16.659
8390,2199388160,1769568347542,21:45:47.542,42.3448023,-71.0825832,16.659
8391,2199650304,1769568347800,21:45:47.800,42.3448023,-71.0825832,16.659
8392,2199912448,1769568348070,21:45:48.070,42.3448023,-71.0825832,16.659
8393,2200174592,1769568348339,21:45:48.339,42.3448023,-71.0825832,16.659
8394,2200436736,1769568348604,21:45:48.604,42.3448023,-71.0825832,16.659
8395,2200698880,1769568348872,21:45:48.872,42.3448023,-71.0825832,16.659
8396,2200961024,1769568349136,21:45:49.136,42.3448023,-71.0825832,16.659
8397,2201223168,1769568349385,21:45:49.385,42.3448023,-71.0825832,16.659
8398,2201485312,1769568349638,21:45:49.638,42.3448023,-71.0825832,16.659
8399,2201747456,1769568349894,21:45:49.894,42.3448023,-71.0825832,16.659
8400,2202009600,1769568350140,21:45:50.140,42.3448023,-71.0825832,16.659
8401,2202271744,1769568350396,21:45:50.396,42.3448023,-71.0825832,16.659
8402,2202533888,1769568350655,21:45:50.655,42.3448023,-71.0825832,16.659
8403,2202796032,1769568350904,21:45:50.904,42.3448023,-71.0825832,16.659
8404,2203058176,1769568351170,21:45:51.170,42.3448023,-71.0825832,16.659
8405,2203320320,1769568351429,21:45:51.429,42.3448023,-71.0825832,16.659
8406,2203582464,1769568351686,21:45:51.686,42.3448023,-71.0825832,16.659
8407,2203844608,1769568351954,21:45:51.954,42.3448023,-71.0825832,16.659
8408,2204106752,1769568352213,21:45:52.213,42.3448023,-71.0825832,16.659
8409,2204368896,1769568352488,21:45:52.488,42.3448023,-71.0825832,16.659
8410,2204631040,1769568352760,21:45:52.760,42.3448023,-71.0825832,16.659
8411,2204893184,1769568353013,21:45:53.013,42.3448023,-71.0825832,16.659
8412,2205155328,1769568353281,21:45:53.281,42.3448023,-71.0825832,16.659
8413,2205417472,1769568353557,21:45:53.557,42.3448023,-71.0825832,16.659
8414,2205679616,1769568353819,21:45:53.819,42.3448023,-71.0825832,16.659
8415,2205941760,1769568354193,21:45:54.193,42.3448023,-71.0825832,16.659
8416,2206203904,1769568354617,21:45:54.617,42.3448023,-71.0825832,16.659
8417,2206466048,1769568355035,21:45:55.035,42.3448023,-71.0825832,16.659
8418,2206728192,1769568355675,21:45:55.675,42.3448023,-71.0825832,16.659
8419,2206990336,1769568356169,21:45:56.169,42.3448023,-71.0825832,16.659
8420,2207252480,1769568356417,21:45:56.417,42.3448023,-71.0825832,16.659
8421,2207514624,1769568357012,21:45:57.012,42.3448023,-71.0825832,16.659
8422,2207776768,1769568357483,21:45:57.483,42.3448023,-71.0825832,16.659
8423,2208038912,1769568357784,21:45:57.784,42.3448023,-71.0825832,16.659
8424,2208301056,1769568358147,21:45:58.147,42.3448023,-71.0825832,16.659
8425,2208563200,1769568358497,21:45:58.497,42.3448023,-71.0825832,16.659
8426,2208825344,1769568358848,21:45:58.848,42.3448023,-71.0825832,16.659
8427,2209087488,1769568359200,21:45:59.200,42.3448023,-71.0825832,16.659
8428,2209349632,1769568359548,21:45:59.548,42.3448023,-71.0825832,16.659
8429,2209611776,1769568359903,21:45:59.903,42.3448023,-71.0825832,16.659
8430,2209873920,1769568360305,21:46:00.305,42.3448023,-71.0825832,16.659
8431,2210136064,1769568360669,21:46:00.669,42.3448023,-71.0825832,16.659
8432,2210398208,1769568361045,21:46:01.045,42.3448023,-71.0825832,16.659
8433,2210660352,1769568361397,21:46:01.397,42.3448023,-71.0825832,16.659
8434,2210922496,1769568361807,21:46:01.807,42.3448023,-71.0825832,16.659
8435,2211184640,1769568362217,21:46:02.217,42.3448023,-71.0825832,16.659
8436,2211446784,1769568362596,21:46:02.596,42.3448023,-71.0825832,16.659
8437,2211708928,1769568362978,21:46:02.978,42.3448023,-71.0825832,16.659
8438,2211971072,1769568363293,21:46:03.293,42.3448023,-71.0825832,16.659
8439,2212233216,1769568363930,21:46:03.930,42.3448023,-71.0825832,16.659
8440,2212495360,1769568374248,21:46:14.248,42.3448023,-71.0825832,16.659
8441,2212757504,1769568374533,21:46:14.533,42.3448023,-71.0825832,16.659
8442,2213019648,1769568374770,21:46:14.770,42.3448023,-71.0825832,16.659
8443,2213281792,1769568375022,21:46:15.022,42.3448023,-71.0825832,16.659
8444,2213543936,1769568375298,21:46:15.298,42.3448023,-71.0825832,16.659
8445,2213806080,1769568375554,21:46:15.554,42.3448023,-71.0825832,16.659
8446,2214068224,1769568375809,21:46:15.809,42.3448023,-71.0825832,16.659
8447,2214330368,1769568376078,21:46:16.078,42.3448023,-71.0825832,16.659
8448,2214592512,1769568376328,21:46:16.328,42.3448023,-71.0825832,16.659
8449,2214854656,1769568376597,21:46:16.597,42.3448023,-71.0825832,16.659
8450,2215116800,1769568376867,21:46:16.867,42.3448023,-71.0825832,16.659
8451,2215378944,1769568377134,21:46:17.134,42.3448023,-71.0825832,16.659
8452,2215641088,1769568377394,21:46:17.394,42.3448023,-71.0825832,16.659
8453,2215903232,1769568377646,21:46:17.646,42.3448023,-71.0825832,16.659
8454,2216165376,1769568377890,21:46:17.890,42.3448023,-71.0825832,16.659
8455,2216427520,1769568378161,21:46:18.161,42.3448023,-71.0825832,16.659
8456,2216689664,1769568378436,21:46:18.436,42.3448023,-71.0825832,16.659
8457,2216951808,1769568378690,21:46:18.690,42.3448023,-71.0825832,16.659
8458,2217213952,1769568378947,21:46:18.947,42.3448023,-71.0825832,16.659
8459,2217476096,1769568379209,21:46:19.209,42.3448023,-71.0825832,16.659
8460,2217738240,1769568379470,21:46:19.470,42.3448023,-71.0825832,16.659
8461,2218000384,1769568379719,21:46:19.719,42.3448023,-71.0825832,16.659
8462,2218262528,1769568379960,21:46:19.960,42.3448023,-71.0825832,16.659
8463,2218524672,1769568380214,21:46:20.214,42.3448023,-71.0825832,16.659
8464,2218786816,1769568380491,21:46:20.491,42.3448023,-71.0825832,16.659
8465,2219048960,1769568380748,21:46:20.748,42.3448023,-71.0825832,16.659
8466,2219311104,1769568381012,21:46:21.012,42.3448023,-71.0825832,16.659
8467,2219573248,1769568381280,21:46:21.280,42.3448023,-71.0825832,16.659
8468,2219835392,1769568381545,21:46:21.545,42.3448023,-71.0825832,16.659
8469,2220097536,1769568381812,21:46:21.812,42.3448023,-71.0825832,16.659
8470,2220359680,1769568382097,21:46:22.097,42.3448023,-71.0825832,16.659
8471,2220621824,1769568382356,21:46:22.356,42.3448023,-71.0825832,16.659
8472,2220883968,1769568382616,21:46:22.616,42.3448023,-71.0825832,16.659
8473,2221146112,1769568382871,21:46:22.871,42.3448023,-71.0825832,16.659
8474,2221408256,1769568383150,21:46:23.150,42.3448023,-71.0825832,16.659
8475,2221670400,1769568383421,21:46:23.421,42.3448023,-71.0825832,16.659
8476,2221932544,1769568383687,21:46:23.687,42.3448023,-71.0825832,16.659
8477,2222194688,1769568383949,21:46:23.949,42.3448023,-71.0825832,16.659
8478,2222456832,1769568384228,21:46:24.228,42.3448023,-71.0825832,16.659
8479,2222718976,1769568384503,21:46:24.503,42.3448023,-71.0825832,16.659
8480,2222981120,1769568384769,21:46:24.769,42.3448023,-71.0825832,16.659
8481,2223243264,1769568385052,21:46:25.052,42.3448023,-71.0825832,16.659
8482,2223505408,1769568385320,21:46:25.320,42.3448023,-71.0825832,16.659
8483,2223767552,1769568385583,21:46:25.583,42.3448023,-71.0825832,16.659
8484,2224029696,1769568385850,21:46:25.850,42.3448023,-71.0825832,16.659
8485,2224291840,1769568386124,21:46:26.124,42.3448023,-71.0825832,16.659
8486,2224553984,1769568386387,21:46:26.387,42.3448023,-71.0825832,16.659
8487,2224816128,1769568386664,21:46:26.664,42.3448023,-71.0825832,16.659
8488,2225078272,1769568387081,21:46:27.081,42.3448023,-71.0825832,16.659
8489,2225340416,1769568387643,21:46:27.643,42.3448023,-71.0825832,16.659
8490,2225602560,1769568388138,21:46:28.138,42.3448023,-71.0825832,16.659
8491,2225864704,1769568388521,21:46:28.521,42.3448023,-71.0825832,16.659
8492,2226126848,1769568389020,21:46:29.020,42.3448023,-71.0825832,16.659
8493,2226388992,1769568389495,21:46:29.495,42.3448023,-71.0825832,16.659
8494,2226651136,1769568390008,21:46:30.008,42.3448023,-71.0825832,16.659
8495,2226913280,1769568390437,21:46:30.437,42.3448023,-71.0825832,16.659
8496,2227175424,1769568390842,21:46:30.842,42.3448023,-71.0825832,16.659
8497,2227437568,1769568391271,21:46:31.271,42.3448023,-71.0825832,16.659
8498,2227699712,1769568391771,21:46:31.771,42.3448023,-71.0825832,16.659
8499,2227961856,1769568392239,21:46:32.239,42.3448023,-71.0825832,16.659
8500,2228224000,1769568392600,21:46:32.600,42.3448023,-71.0825832,16.659
8501,2228486144,1769568393126,21:46:33.126,42.3448023,-71.0825832,16.659
8502,2228748288,1769568393544,21:46:33.544,42.3448023,-71.0825832,16.659
8503,2229010432,1769568394022,21:46:34.022,42.3448023,-71.0825832,16.659
8504,2229272576,1769568394432,21:46:34.432,42.3448023,-71.0825832,16.659
8505,2229534720,1769568405006,21:46:45.006,42.3448023,-71.0825832,16.659
8506,2229796864,1769568405269,21:46:45.269,42.3448023,-71.0825832,16.659
8507,2230059008,1769568405540,21:46:45.540,42.3448023,-71.0825832,16.659
8508,2230321152,1769568405807,21:46:45.807,42.3448023,-71.0825832,16.659
8509,2230583296,1769568406074,21:46:46.074,42.3448023,-71.0825832,16.659
8510,2230845440,1769568406354,21:46:46.354,42.3448023,-71.0825832,16.659
8511,2231107584,1769568406608,21:46:46.608,42.3448023,-71.0825832,16.659
8512,2231369728,1769568406859,21:46:46.859,42.3448023,-71.0825832,16.659
8513,2231631872,1769568407106,21:46:47.106,42.3448023,-71.0825832,16.659
8514,2231894016,1769568407360,21:46:47.360,42.3448023,-71.0825832,16.659
8515,2232156160,1769568407626,21:46:47.626,42.3448023,-71.0825832,16.659
8516,2232418304,1769568407883,21:46:47.883,42.3448023,-71.0825832,16.659
8517,2232680448,1769568408149,21:46:48.149,42.3448023,-71.0825832,16.659
8518,2232942592,1769568408404,21:46:48.404,42.3448023,-71.0825832,16.659
8519,2233204736,1769568408673,21:46:48.673,42.3448023,-71.0825832,16.659
8520,2233466880,1769568408924,21:46:48.924,42.3448023,-71.0825832,16.659
8521,2233729024,1769568409182,21:46:49.182,42.3448023,-71.0825832,16.659
8522,2233991168,1769568409436,21:46:49.436,42.3448023,-71.0825832,16.659
8523,2234253312,1769568409671,21:46:49.671,42.3448023,-71.0825832,16.659
8524,2234515456,1769568409940,21:46:49.940,42.3448023,-71.0825832,16.659
8525,2234777600,1769568410214,21:46:50.214,42.3448023,-71.0825832,16.659
8526,2235039744,1769568410492,21:46:50.492,42.3448023,-71.0825832,16.659
8527,2235301888,1769568410734,21:46:50.734,42.3448023,-71.0825832,16.659
8528,2235564032,1769568410995,21:46:50.995,42.3448023,-71.0825832,16.659
8529,2235826176,1769568411272,21:46:51.272,42.3448023,-71.0825832,16.659
8530,2236088320,1769568411548,21:46:51.548,42.3448023,-71.0825832,16.659
8531,2236350464,1769568411820,21:46:51.820,42.3448023,-71.0825832,16.659
8532,2236612608,1769568412092,21:46:52.092,42.3448023,-71.0825832,16.659
8533,2236874752,1769568412367,21:46:52.367,42.3448023,-71.0825832,16.659
8534,2237136896,1769568412636,21:46:52.636,42.3448023,-71.0825832,16.659
8535,2237399040,1769568412920,21:46:52.920,42.3448023,-71.0825832,16.659
8536,2237661184,1769568413176,21:46:53.176,42.3448023,-71.0825832,16.659
8537,2237923328,1769568413447,21:46:53.447,42.3448023,-71.0825832,16.659
8538,2238185472,1769568413713,21:46:53.713,42.3448023,-71.0825832,16.659
8539,2238447616,1769568413995,21:46:53.995,42.3448023,-71.0825832,16.659
8540,2238709760,1769568414276,21:46:54.276,42.3448023,-71.0825832,16.659
8541,2238971904,1769568414542,21:46:54.542,42.3448023,-71.0825832,16.659
8542,2239234048,1769568414826,21:46:54.826,42.3448023,-71.0825832,16.659
8543,2239496192,1769568415096,21:46:55.096,42.3448023,-71.0825832,16.659
8544,2239758336,1769568415372,21:46:55.372,42.3448023,-71.0825832,16.659
8545,2240020480,1769568415631,21:46:55.631,42.3448023,-71.0825832,16.659
8546,2240282624,1769568415910,21:46:55.910,42.3448023,-71.0825832,16.659
8547,2240544768,1769568416177,21:46:56.177,42.3448023,-71.0825832,16.659
8548,2240806912,1769568416454,21:46:56.454,42.3448023,-71.0825832,16.659
8549,2241069056,1769568416721,21:46:56.721,42.3448023,-71.0825832,16.659
8550,2241331200,1769568417000,21:46:57.000,42.3448023,-71.0825832,16.659
8551,2241593344,1769568417255,21:46:57.255,42.3448023,-71.0825832,16.659
8552,2241855488,1769568417567,21:46:57.567,42.3448023,-71.0825832,16.659
8553,2242117632,1769568417843,21:46:57.843,42.3448023,-71.0825832,16.659
8554,2242379776,1769568418102,21:46:58.102,42.3448023,-71.0825832,16.659
8555,2242641920,1769568418382,21:46:58.382,42.3448023,-71.0825832,16.659
8556,2242904064,1769568418680,21:46:58.680,42.3448023,-71.0825832,16.659
8557,2243166208,1769568418953,21:46:58.953,42.3448023,-71.0825832,16.659
8558,2243428352,1769568419224,21:46:59.224,42.3448023,-71.0825832,16.659
8559,2243690496,1769568419502,21:46:59.502,42.3448023,-71.0825832,16.659
8560,2243952640,1769568419766,21:46:59.766,42.3448023,-71.0825832,16.659
8561,2244214784,1769568420041,21:47:00.041,42.3448023,-71.0825832,16.659
8562,2244476928,1769568420368,21:47:00.368,42.3448023,-71.0825832,16.659
8563,2244739072,1769568420660,21:47:00.660,42.3448023,-71.0825832,16.659
8564,2245001216,1769568420961,21:47:00.961,42.3448023,-71.0825832,16.659
8565,2245263360,1769568421259,21:47:01.259,42.3448023,-71.0825832,16.659
8566,2245525504,1769568421533,21:47:01.533,42.3448023,-71.0825832,16.659
8567,2245787648,1769568421809,21:47:01.809,42.3448023,-71.0825832,16.659
8568,2246049792,1769568422082,21:47:02.082,42.3448023,-71.0825832,16.659
8569,2246311936,1769568422373,21:47:02.373,42.3448023,-71.0825832,16.659
8570,2246574080,1769568422664,21:47:02.664,42.3448023,-71.0825832,16.659
8571,2246836224,1769568422938,21:47:02.938,42.3448023,-71.0825832,16.659
8572,2247098368,1769568423206,21:47:03.206,42.3448023,-71.0825832,16.659
8573,2247360512,1769568423493,21:47:03.493,42.3448023,-71.0825832,16.659
8574,2247622656,1769568423785,21:47:03.785,42.3448023,-71.0825832,16.659
8575,2247884800,1769568424044,21:47:04.044,42.3448023,-71.0825832,16.659
8576,2248146944,1769568424305,21:47:04.305,42.3448023,-71.0825832,16.659
8577,2248409088,1769568424581,21:47:04.581,42.3448023,-71.0825832,16.659
8578,2248671232,1769568424842,21:47:04.842,42.3448023,-71.0825832,16.659
8579,2248933376,1769568435512,21:47:15.512,42.3448023,-71.0825832,16.659
8580,2249195520,1769568435792,21:47:15.792,42.3448023,-71.0825832,16.659
8581,2249457664,1769568436061,21:47:16.061,42.3448023,-71.0825832,16.659
8582,2249719808,1769568436330,21:47:16.330,42.3448023,-71.0825832,16.659
8583,2249981952,1769568436591,21:47:16.591,42.3448023,-71.0825832,16.659
8584,2250244096,1769568436855,21:47:16.855,42.3448023,-71.0825832,16.659
8585,2250506240,1769568437133,21:47:17.133,42.3448023,-71.0825832,16.659
8586,2250768384,1769568437416,21:47:17.416,42.3448023,-71.0825832,16.659
8587,2251030528,1769568437699,21:47:17.699,42.3448023,-71.0825832,16.659
8588,2251292672,1769568437961,21:47:17.961,42.3448023,-71.0825832,16.659
8589,2251554816,1769568438235,21:47:18.235,42.3448023,-71.0825832,16.659
8590,2251816960,1769568438511,21:47:18.511,42.3448023,-71.0825832,16.659
8591,2252079104,1769568438803,21:47:18.803,42.3448023,-71.0825832,16.659
8592,2252341248,1769568439074,21:47:19.074,42.3448023,-71.0825832,16.659
8593,2252603392,1769568439363,21:47:19.363,42.3448023,-71.0825832,16.659
8594,2252865536,1769568439657,21:47:19.657,42.3448023,-71.0825832,16.659
8595,2253127680,1769568439949,21:47:19.949,42.3448023,-71.0825832,16.659
8596,2253389824,1769568440215,21:47:20.215,42.3448023,-71.0825832,16.659
8597,2253651968,1769568440492,21:47:20.492,42.3448023,-71.0825832,16.659
8598,2253914112,1769568440773,21:47:20.773,42.3448023,-71.0825832,16.659
8599,2254176256,1769568441048,21:47:21.048,42.3448023,-71.0825832,16.659
8600,2254438400,1769568441314,21:47:21.314,42.3448023,-71.0825832,16.659
8601,2254700544,1769568441588,21:47:21.588,42.3448023,-71.0825832,16.659
8602,2254962688,1769568441861,21:47:21.861,42.3448023,-71.0825832,16.659
8603,2255224832,1769568442144,21:47:22.144,42.3448023,-71.0825832,16.659
8604,2255486976,1769568442421,21:47:22.421,42.3448023,-71.0825832,16.659
8605,2255749120,1769568442696,21:47:22.696,42.3448023,-71.0825832,16.659
8606,2256011264,1769568442978,21:47:22.978,42.3448023,-71.0825832,16.659
8607,2256273408,1769568443242,21:47:23.242,42.3448023,-71.0825832,16.659
8608,2256535552,1769568443522,21:47:23.522,42.3448023,-71.0825832,16.659
8609,2256797696,1769568443801,21:47:23.801,42.3448023,-71.0825832,16.659
8610,2257059840,1769568444084,21:47:24.084,42.3448023,-71.0825832,16.659
8611,2257321984,1769568444369,21:47:24.369,42.3448023,-71.0825832,16.659
8612,2257584128,1769568444645,21:47:24.645,42.3448023,-71.0825832,16.659
8613,2257846272,1769568444938,21:47:24.938,42.3448023,-71.0825832,16.659
8614,2258108416,1769568445213,21:47:25.213,42.3448023,-71.0825832,16.659
8615,2258370560,1769568445496,21:47:25.496,42.3448023,-71.0825832,16.659
8616,2258632704,1769568445764,21:47:25.764,42.3448023,-71.0825832,16.659
8617,2258894848,1769568446044,21:47:26.044,42.3448023,-71.0825832,16.659
8618,2259156992,1769568446313,21:47:26.313,42.3448023,-71.0825832,16.659
8619,2259419136,1769568446600,21:47:26.600,42.3448023,-71.0825832,16.659
8620,2259681280,1769568446876,21:47:26.876,42.3448023,-71.0825832,16.659
8621,2259943424,1769568447143,21:47:27.143,42.3448023,-71.0825832,16.659
8622,2260205568,1769568447413,21:47:27.413,42.3448023,-71.0825832,16.659
8623,2260467712,1769568447698,21:47:27.698,42.3448023,-71.0825832,16.659
8624,2260729856,1769568447962,21:47:27.962,42.3448023,-71.0825832,16.659
8625,2260992000,1769568448255,21:47:28.255,42.3448023,-71.0825832,16.659
8626,2261254144,1769568448548,21:47:28.548,42.3448023,-71.0825832,16.659
8627,2261516288,1769568448840,21:47:28.840,42.3448023,-71.0825832,16.659
8628,2261778432,1769568449113,21:47:29.113,42.3448023,-71.0825832,16.659
8629,2262040576,1769568449396,21:47:29.396,42.3448023,-71.0825832,16.659
8630,2262302720,1769568449667,21:47:29.667,42.3448023,-71.0825832,16.659
8631,2262564864,1769568449940,21:47:29.940,42.3448023,-71.0825832,16.659
8632,2262827008,1769568450215,21:47:30.215,42.3448023,-71.0825832,16.659
8633,2263089152,1769568450513,21:47:30.513,42.3448023,-71.0825832,16.659
8634,2263351296,1769568450795,21:47:30.795,42.3448023,-71.0825832,16.659
8635,2263613440,1769568451057,21:47:31.057,42.3448023,-71.0825832,16.659
8636,2263875584,1769568451325,21:47:31.325,42.3448023,-71.0825832,16.659
8637,2264137728,1769568451602,21:47:31.602,42.3448023,-71.0825832,16.659
8638,2264399872,1769568451878,21:47:31.878,42.3448023,-71.0825832,16.659
8639,2264662016,1769568452180,21:47:32.180,42.3448023,-71.0825832,16.659
8640,2264924160,1769568452450,21:47:32.450,42.3448023,-71.0825832,16.659
8641,2265186304,1769568452739,21:47:32.739,42.3448023,-71.0825832,16.659
8642,2265448448,1769568453019,21:47:33.019,42.3448023,-71.0825832,16.659
8643,2265710592,1769568453293,21:47:33.293,42.3448023,-71.0825832,16.659
8644,2265972736,1769568453585,21:47:33.585,42.3448023,-71.0825832,16.659
8645,2266234880,1769568453878,21:47:33.878,42.3448023,-71.0825832,16.659
8646,2266497024,1769568454165,21:47:34.165,42.3448023,-71.0825832,16.659
8647,2266759168,1769568454446,21:47:34.446,42.3448023,-71.0825832,16.659
8648,2267021312,1769568454711,21:47:34.711,42.3448023,-71.0825832,16.659
8649,2267283456,1769568455001,21:47:35.001,42.3448023,-71.0825832,16.659
8650,2267545600,1769568465938,21:47:45.938,42.3448023,-71.0825832,16.659
8651,2267807744,1769568466233,21:47:46.233,42.3448023,-71.0825832,16.659
8652,2268069888,1769568466495,21:47:46.495,42.3448023,-71.0825832,16.659
8653,2268332032,1769568466771,21:47:46.771,42.3448023,-71.0825832,16.659
8654,2268594176,1769568467036,21:47:47.036,42.3448023,-71.0825832,16.659
8655,2268856320,1769568467297,21:47:47.297,42.3448023,-71.0825832,16.659
8656,2269118464,1769568467569,21:47:47.569,42.3448023,-71.0825832,16.659
8657,2269380608,1769568467852,21:47:47.852,42.3448023,-71.0825832,16.659
8658,2269642752,1769568468127,21:47:48.127,42.3448023,-71.0825832,16.659
8659,2269904896,1769568468418,21:47:48.418,42.3448023,-71.0825832,16.659
8660,2270167040,1769568468693,21:47:48.693,42.3448023,-71.0825832,16.659
8661,2270429184,1769568468972,21:47:48.972,42.3448023,-71.0825832,16.659
8662,2270691328,1769568469243,21:47:49.243,42.3448023,-71.0825832,16.659
8663,2270953472,1769568469516,21:47:49.516,42.3448023,-71.0825832,16.659
8664,2271215616,1769568469774,21:47:49.774,42.3448023,-71.0825832,16.659
8665,2271477760,1769568470030,21:47:50.030,42.3448023,-71.0825832,16.659
8666,2271739904,1769568470294,21:47:50.294,42.3448023,-71.0825832,16.659
8667,2272002048,1769568470564,21:47:50.564,42.3448023,-71.0825832,16.659
8668,2272264192,1769568470837,21:47:50.837,42.3448023,-71.0825832,16.659
8669,2272526336,1769568471102,21:47:51.102,42.3448023,-71.0825832,16.659
8670,2272788480,1769568471381,21:47:51.381,42.3448023,-71.0825832,16.659
8671,2273050624,1769568471629,21:47:51.629,42.3448023,-71.0825832,16.659
8672,2273312768,1769568471884,21:47:51.884,42.3448023,-71.0825832,16.659
8673,2273574912,1769568472168,21:47:52.168,42.3448023,-71.0825832,16.659
8674,2273837056,1769568472446,21:47:52.446,42.3448023,-71.0825832,16.659
8675,2274099200,1769568472696,21:47:52.696,42.3448023,-71.0825832,16.659
8676,2274361344,1769568472975,21:47:52.975,42.3448023,-71.0825832,16.659
8677,2274623488,1769568473261,21:47:53.261,42.3448023,-71.0825832,16.659
8678,2274885632,1769568473552,21:47:53.552,42.3448023,-71.0825832,16.659
8679,2275147776,1769568473833,21:47:53.833,42.3448023,-71.0825832,16.659
8680,2275409920,1769568474112,21:47:54.112,42.3448023,-71.0825832,16.659
8681,2275672064,1769568474403,21:47:54.403,42.3448023,-71.0825832,16.659
8682,2275934208,1769568474705,21:47:54.705,42.3448023,-71.0825832,16.659
8683,2276196352,1769568474987,21:47:54.987,42.3448023,-71.0825832,16.659
8684,2276458496,1769568475268,21:47:55.268,42.3448023,-71.0825832,16.659
8685,2276720640,1769568475549,21:47:55.549,42.3448023,-71.0825832,16.659
8686,2276982784,1769568475847,21:47:55.847,42.3448023,-71.0825832,16.659
8687,2277244928,1769568476144,21:47:56.144,42.3448023,-71.0825832,16.659
8688,2277507072,1769568476448,21:47:56.448,42.3448023,-71.0825832,16.659
8689,2277769216,1769568476712,21:47:56.712,42.3448023,-71.0825832,16.659
8690,2278031360,1769568476991,21:47:56.991,42.3448023,-71.0825832,16.659
8691,2278293504,1769568477277,21:47:57.277,42.3448023,-71.0825832,16.659
8692,2278555648,1769568477556,21:47:57.556,42.3448023,-71.0825832,16.659
8693,2278817792,1769568477834,21:47:57.834,42.3448023,-71.0825832,16.659
8694,2279079936,1769568478118,21:47:58.118,42.3448023,-71.0825832,16.659
8695,2279342080,1769568478373,21:47:58.373,42.3448023,-71.0825832,16.659
8696,2279604224,1769568478631,21:47:58.631,42.3448023,-71.0825832,16.659
8697,2279866368,1769568478909,21:47:58.909,42.3448023,-71.0825832,16.659
8698,2280128512,1769568479184,21:47:59.184,42.3448023,-71.0825832,16.659
8699,2280390656,1769568479460,21:47:59.460,42.3448023,-71.0825832,16.659
8700,2280652800,1769568479733,21:47:59.733,42.3448023,-71.0825832,16.659
8701,2280914944,1769568480018,21:48:00.018,42.3448023,-71.0825832,16.659
8702,2281177088,1769568480298,21:48:00.298,42.3448023,-71.0825832,16.659
8703,2281439232,1769568480591,21:48:00.591,42.3448023,-71.0825832,16.659
8704,2281701376,1769568480868,21:48:00.868,42.3448023,-71.0825832,16.659
8705,2281963520,1769568481145,21:48:01.145,42.3448023,-71.0825832,16.659
8706,2282225664,1769568481438,21:48:01.438,42.3448023,-71.0825832,16.659
8707,2282487808,1769568481719,21:48:01.719,42.3448023,-71.0825832,16.659
8708,2282749952,1769568482004,21:48:02.004,42.3448023,-71.0825832,16.659
8709,2283012096,1769568482296,21:48:02.296,42.3448023,-71.0825832,16.659
8710,2283274240,1769568482602,21:48:02.602,42.3448023,-71.0825832,16.659
8711,2283536384,1769568482888,21:48:02.888,42.3448023,-71.0825832,16.659
8712,2283798528,1769568483171,21:48:03.171,42.3448023,-71.0825832,16.659
8713,2284060672,1769568483460,21:48:03.460,42.3448023,-71.0825832,16.659
8714,2284322816,1769568483736,21:48:03.736,42.3448023,-71.0825832,16.659
8715,2284584960,1769568484026,21:48:04.026,42.3448023,-71.0825832,16.659
8716,2284847104,1769568484313,21:48:04.313,42.3448023,-71.0825832,16.659
8717,2285109248,1769568484608,21:48:04.608,42.3448023,-71.0825832,16.659
8718,2285371392,1769568484883,21:48:04.883,42.3448023,-71.0825832,16.659
8719,2285633536,1769568485152,21:48:05.152,42.3448023,-71.0825832,16.659
8720,2285895680,1769568496138,21:48:16.138,42.3448023,-71.0825832,16.659
8721,2286157824,1769568496419,21:48:16.419,42.3448023,-71.0825832,16.659
8722,2286419968,1769568496696,21:48:16.696,42.3448023,-71.0825832,16.659
8723,2286682112,1769568496994,21:48:16.994,42.3448023,-71.0825832,16.659
8724,2286944256,1769568497284,21:48:17.284,42.3448023,-71.0825832,16.659
8725,2287206400,1769568497565,21:48:17.565,42.3448023,-71.0825832,16.659
8726,2287468544,1769568497849,21:48:17.849,42.3448023,-71.0825832,16.659
8727,2287730688,1769568498143,21:48:18.143,42.3448023,-71.0825832,16.659
8728,2287992832,1769568498408,21:48:18.408,42.3448023,-71.0825832,16.659
8729,2288254976,1769568498681,21:48:18.681,42.3448023,-71.0825832,16.659
8730,2288517120,1769568498977,21:48:18.977,42.3448023,-71.0825832,16.659
8731,2288779264,1769568499265,21:48:19.265,42.3448023,-71.0825832,16.659
8732,2289041408,1769568499533,21:48:19.533,42.3448023,-71.0825832,16.659
8733,2289303552,1769568499824,21:48:19.824,42.3448023,-71.0825832,16.659
8734,2289565696,1769568500116,21:48:20.116,42.3448023,-71.0825832,16.659
8735,2289827840,1769568500408,21:48:20.408,42.3448023,-71.0825832,16.659
8736,2290089984,1769568500683,21:48:20.683,42.3448023,-71.0825832,16.659
8737,2290352128,1769568500971,21:48:20.971,42.3448023,-71.0825832,16.659
8738,2290614272,1769568501275,21:48:21.275,42.3448023,-71.0825832,16.659
8739,2290876416,1769568501565,21:48:21.565,42.3448023,-71.0825832,16.659
8740,2291138560,1769568501846,21:48:21.846,42.3448023,-71.0825832,16.659
8741,2291400704,1769568502137,21:48:22.137,42.3448023,-71.0825832,16.659
8742,2291662848,1769568502434,21:48:22.434,42.3448023,-71.0825832,16.659
8743,2291924992,1769568502705,21:48:22.705,42.3448023,-71.0825832,16.659
8744,2292187136,1769568502990,21:48:22.990,42.3448023,-71.0825832,16.659
8745,2292449280,1769568503290,21:48:23.290,42.3448023,-71.0825832,16.659
8746,2292711424,1769568503570,21:48:23.570,42.3448023,-71.0825832,16.659
8747,2292973568,1769568503845,21:48:23.845,42.3448023,-71.0825832,16.659
8748,2293235712,1769568504153,21:48:24.153,42.3448023,-71.0825832,16.659
8749,2293497856,1769568504437,21:48:24.437,42.3448023,-71.0825832,16.659
8750,2293760000,1769568504714,21:48:24.714,42.3448023,-71.0825832,16.659
8751,2294022144,1769568505002,21:48:25.002,42.3448023,-71.0825832,16.659
8752,2294284288,1769568505286,21:48:25.286,42.3448023,-71.0825832,16.659
8753,2294546432,1769568505577,21:48:25.577,42.3448023,-71.0825832,16.659
8754,2294808576,1769568505852,21:48:25.852,42.3448023,-71.0825832,16.659
8755,2295070720,1769568506134,21:48:26.134,42.3448023,-71.0825832,16.659
8756,2295332864,1769568506420,21:48:26.420,42.3448023,-71.0825832,16.659
8757,2295595008,1769568506699,21:48:26.699,42.3448023,-71.0825832,16.659
8758,2295857152,1769568506991,21:48:26.991,42.3448023,-71.0825832,16.659
8759,2296119296,1769568507273,21:48:27.273,42.3448023,-71.0825832,16.659
8760,2296381440,1769568507580,21:48:27.580,42.3448023,-71.0825832,16.659
8761,2296643584,1769568507858,21:48:27.858,42.3448023,-71.0825832,16.659
8762,2296905728,1769568508151,21:48:28.151,42.3448023,-71.0825832,16.659
8763,2297167872,1769568508455,21:48:28.455,42.3448023,-71.0825832,16.659
8764,2297430016,1769568508741,21:48:28.741,42.3448023,-71.0825832,16.659
8765,2297692160,1769568509016,21:48:29.016,42.3448023,-71.0825832,16.659
8766,2297954304,1769568509304,21:48:29.304,42.3448023,-71.0825832,16.659
8767,2298216448,1769568509591,21:48:29.591,42.3448023,-71.0825832,16.659
8768,2298478592,1769568509882,21:48:29.882,42.3448023,-71.0825832,16.659
8769,2298740736,1769568510176,21:48:30.176,42.3448023,-71.0825832,16.659
8770,2299002880,1769568510458,21:48:30.458,42.3448023,-71.0825832,16.659
8771,2299265024,1769568510738,21:48:30.738,42.3448023,-71.0825832,16.659
8772,2299527168,1769568511015,21:48:31.015,42.3448023,-71.0825832,16.659
8773,2299789312,1769568511305,21:48:31.305,42.3448023,-71.0825832,16.659
8774,2300051456,1769568511590,21:48:31.590,42.3448023,-71.0825832,16.659
8775,2300313600,1769568511881,21:48:31.881,42.3448023,-71.0825832,16.659
8776,2300575744,1769568512182,21:48:32.182,42.3448023,-71.0825832,16.659
8777,2300837888,1769568512468,21:48:32.468,42.3448023,-71.0825832,16.659
8778,2301100032,1769568512744,21:48:32.744,42.3448023,-71.0825832,16.659
8779,2301362176,1769568513022,21:48:33.022,42.3448023,-71.0825832,16.659
8780,2301624320,1769568513305,21:48:33.305,42.3448023,-71.0825832,16.659
8781,2301886464,1769568513596,21:48:33.596,42.3448023,-71.0825832,16.659
8782,2302148608,1769568513856,21:48:33.856,42.3448023,-71.0825832,16.659
8783,2302410752,1769568514146,21:48:34.146,42.3448023,-71.0825832,16.659
8784,2302672896,1769568514432,21:48:34.432,42.3448023,-71.0825832,16.659
8785,2302935040,1769568514714,21:48:34.714,42.3448023,-71.0825832,16.659
8786,2303197184,1769568515010,21:48:35.010,42.3448023,-71.0825832,16.659
8787,2303459328,1769568515304,21:48:35.304,42.3448023,-71.0825832,16.659
8788,2303721472,1769568526374,21:48:46.374,42.3448023,-71.0825832,16.659
8789,2303983616,1769568526636,21:48:46.636,42.3448023,-71.0825832,16.659
8790,2304245760,1769568526906,21:48:46.906,42.3448023,-71.0825832,16.659
8791,2304507904,1769568527165,21:48:47.165,42.3448023,-71.0825832,16.659
8792,2304770048,1769568527440,21:48:47.440,42.3448023,-71.0825832,16.659
8793,2305032192,1769568527700,21:48:47.700,42.3448023,-71.0825832,16.659
8794,2305294336,1769568527961,21:48:47.961,42.3448023,-71.0825832,16.659
8795,2305556480,1769568528236,21:48:48.236,42.3448023,-71.0825832,16.659
8796,2305818624,1769568528516,21:48:48.516,42.3448023,-71.0825832,16.659
8797,2306080768,1769568528797,21:48:48.797,42.3448023,-71.0825832,16.659
8798,2306342912,1769568529066,21:48:49.066,42.3448023,-71.0825832,16.659
8799,2306605056,1769568529333,21:48:49.333,42.3448023,-71.0825832,16.659
8800,2306867200,1769568529610,21:48:49.610,42.3448023,-71.0825832,16.659
8801,2307129344,1769568529900,21:48:49.900,42.3448023,-71.0825832,16.659
8802,2307391488,1769568530193,21:48:50.193,42.3448023,-71.0825832,16.659
8803,2307653632,1769568530477,21:48:50.477,42.3448023,-71.0825832,16.659
8804,2307915776,1769568530747,21:48:50.747,42.3448023,-71.0825832,16.659
8805,2308177920,1769568531037,21:48:51.037,42.3448023,-71.0825832,16.659
8806,2308440064,1769568531312,21:48:51.312,42.3448023,-71.0825832,16.659
8807,2308702208,1769568531615,21:48:51.615,42.3448023,-71.0825832,16.659
8808,2308964352,1769568531896,21:48:51.896,42.3448023,-71.0825832,16.659
8809,2309226496,1769568532186,21:48:52.186,42.3448023,-71.0825832,16.659
8810,2309488640,1769568532483,21:48:52.483,42.3448023,-71.0825832,16.659
8811,2309750784,1769568532771,21:48:52.771,42.3448023,-71.0825832,16.659
8812,2310012928,1769568533051,21:48:53.051,42.3448023,-71.0825832,16.659
8813,2310275072,1769568533326,21:48:53.326,42.3448023,-71.0825832,16.659
8814,2310537216,1769568533628,21:48:53.628,42.3448023,-71.0825832,16.659
8815,2310799360,1769568533929,21:48:53.929,42.3448023,-71.0825832,16.659
8816,2311061504,1769568534225,21:48:54.225,42.3448023,-71.0825832,16.659
8817,2311323648,1769568534509,21:48:54.509,42.3448023,-71.0825832,16.659
8818,2311585792,1769568534773,21:48:54.773,42.3448023,-71.0825832,16.659
8819,2311847936,1769568535094,21:48:55.094,42.3448023,-71.0825832,16.659
8820,2312110080,1769568535351,21:48:55.351,42.3448023,-71.0825832,16.659
8821,2312372224,1769568535592,21:48:55.592,42.3448023,-71.0825832,16.659
8822,2312634368,1769568535852,21:48:55.852,42.3448023,-71.0825832,16.659
8823,2312896512,1769568536116,21:48:56.116,42.3448023,-71.0825832,16.659
8824,2313158656,1769568536386,21:48:56.386,42.3448023,-71.0825832,16.659
8825,2313420800,1769568536676,21:48:56.676,42.3448023,-71.0825832,16.659
8826,2313682944,1769568536947,21:48:56.947,42.3448023,-71.0825832,16.659
8827,2313945088,1769568537195,21:48:57.195,42.3448023,-71.0825832,16.659
8828,2314207232,1769568537505,21:48:57.505,42.3448023,-71.0825832,16.659
8829,2314469376,1769568537782,21:48:57.782,42.3448023,-71.0825832,16.659
8830,2314731520,1769568538010,21:48:58.010,42.3448023,-71.0825832,16.659
8831,2314993664,1769568538206,21:48:58.206,42.3448023,-71.0825832,16.659
8832,2315255808,1769568538401,21:48:58.401,42.3448023,-71.0825832,16.659
8833,2315517952,1769568538633,21:48:58.633,42.3448023,-71.0825832,16.659
8834,2315780096,1769568538873,21:48:58.873,42.3448023,-71.0825832,16.659
8835,2316042240,1769568539109,21:48:59.109,42.3448023,-71.0825832,16.659
8836,2316304384,1769568539333,21:48:59.333,42.3448023,-71.0825832,16.659
8837,2316566528,1769568539555,21:48:59.555,42.3448023,-71.0825832,16.659
8838,2316828672,1769568539784,21:48:59.784,42.3448023,-71.0825832,16.659
8839,2317090816,1769568540007,21:49:00.007,42.3448023,-71.0825832,16.659
8840,2317352960,1769568540232,21:49:00.232,42.3448023,-71.0825832,16.659
8841,2317615104,1769568540446,21:49:00.446,42.3448023,-71.0825832,16.659
8842,2317877248,1769568540677,21:49:00.677,42.3448023,-71.0825832,16.659
8843,2318139392,1769568540905,21:49:00.905,42.3448023,-71.0825832,16.659
8844,2318401536,1769568541157,21:49:01.157,42.3448023,-71.0825832,16.659
8845,2318663680,1769568541365,21:49:01.365,42.3448023,-71.0825832,16.659
8846,2318925824,1769568541571,21:49:01.571,42.3448023,-71.0825832,16.659
8847,2319187968,1769568541797,21:49:01.797,42.3448023,-71.0825832,16.659
8848,2319450112,1769568542006,21:49:02.006,42.3448023,-71.0825832,16.659
8849,2319712256,1769568542229,21:49:02.229,42.3448023,-71.0825832,16.659
8850,2319974400,1769568542450,21:49:02.450,42.3448023,-71.0825832,16.659
8851,2320236544,1769568542703,21:49:02.703,42.3448023,-71.0825832,16.659
8852,2320498688,1769568542949,21:49:02.949,42.3448023,-71.0825832,16.659
8853,2320760832,1769568543192,21:49:03.192,42.3448023,-71.0825832,16.659
8854,2321022976,1769568543436,21:49:03.436,42.3448023,-71.0825832,16.659
8855,2321285120,1769568543666,21:49:03.666,42.3448023,-71.0825832,16.659
8856,2321547264,1769568543890,21:49:03.890,42.3448023,-71.0825832,16.659
8857,2321809408,1769568544124,21:49:04.124,42.3448023,-71.0825832,16.659
8858,2322071552,1769568544342,21:49:04.342,42.3448023,-71.0825832,16.659
8859,2322333696,1769568544583,21:49:04.583,42.3448023,-71.0825832,16.659
8860,2322595840,1769568544804,21:49:04.804,42.3448023,-71.0825832,16.659
8861,2322857984,1769568545076,21:49:05.076,42.3448023,-71.0825832,16.659
8862,2323120128,1769568545322,21:49:05.322,42.3448023,-71.0825832,16.659
8863,2323382272,1769568545549,21:49:05.549,42.3448023,-71.0825832,16.659
8864,2323644416,1769568557308,21:49:17.308,42.3448023,-71.0825832,16.659
8865,2323906560,1769568557626,21:49:17.626,42.3448023,-71.0825832,16.659
8866,2324168704,1769568557948,21:49:17.948,42.3448023,-71.0825832,16.659
8867,2324430848,1769568558268,21:49:18.268,42.3448023,-71.0825832,16.659
8868,2324692992,1769568558590,21:49:18.590,42.3448023,-71.0825832,16.659
8869,2324955136,1769568558932,21:49:18.932,42.3448023,-71.0825832,16.659
8870,2325217280,1769568559263,21:49:19.263,42.3448023,-71.0825832,16.659
8871,2325479424,1769568559597,21:49:19.597,42.3448023,-71.0825832,16.659
8872,2325741568,1769568559922,21:49:19.922,42.3448023,-71.0825832,16.659
8873,2326003712,1769568560253,21:49:20.253,42.3448023,-71.0825832,16.659
8874,2326265856,1769568560614,21:49:20.614,42.3448023,-71.0825832,16.659
8875,2326528000,1769568560924,21:49:20.924,42.3448023,-71.0825832,16.659
8876,2326790144,1769568561266,21:49:21.266,42.3448023,-71.0825832,16.659
8877,2327052288,1769568561599,21:49:21.599,42.3448023,-71.0825832,16.659
8878,2327314432,1769568561905,21:49:21.905,42.3448023,-71.0825832,16.659
8879,2327576576,1769568562226,21:49:22.226,42.3448023,-71.0825832,16.659
8880,2327838720,1769568562547,21:49:22.547,42.3448023,-71.0825832,16.659
8881,2328100864,1769568562888,21:49:22.888,42.3448023,-71.0825832,16.659
8882,2328363008,1769568563209,21:49:23.209,42.3448023,-71.0825832,16.659
8883,2328625152,1769568563541,21:49:23.541,42.3448023,-71.0825832,16.659
8884,2328887296,1769568563875,21:49:23.875,42.3448023,-71.0825832,16.659
8885,2329149440,1769568564206,21:49:24.206,42.3448023,-71.0825832,16.659
8886,2329411584,1769568564527,21:49:24.527,42.3448023,-71.0825832,16.659
8887,2329673728,1769568564832,21:49:24.832,42.3448023,-71.0825832,16.659
8888,2329935872,1769568565121,21:49:25.121,42.3448023,-71.0825832,16.659
8889,2330198016,1769568565450,21:49:25.450,42.3448023,-71.0825832,16.659
8890,2330460160,1769568565762,21:49:25.762,42.3448023,-71.0825832,16.659
8891,2330722304,1769568566061,21:49:26.061,42.3448023,-71.0825832,16.659
8892,2330984448,1769568566372,21:49:26.372,42.3448023,-71.0825832,16.659
8893,2331246592,1769568566681,21:49:26.681,42.3448023,-71.0825832,16.659
8894,2331508736,1769568566976,21:49:26.976,42.3448023,-71.0825832,16.659
8895,2331770880,1769568567280,21:49:27.280,42.3448023,-71.0825832,16.659
8896,2332033024,1769568567584,21:49:27.584,42.3448023,-71.0825832,16.659
8897,2332295168,1769568567887,21:49:27.887,42.3448023,-71.0825832,16.659
8898,2332557312,1769568568180,21:49:28.180,42.3448023,-71.0825832,16.659
8899,2332819456,1769568568472,21:49:28.472,42.3448023,-71.0825832,16.659
8900,2333081600,1769568568776,21:49:28.776,42.3448023,-71.0825832,16.659
8901,2333343744,1769568569068,21:49:29.068,42.3448023,-71.0825832,16.659
8902,2333605888,1769568569367,21:49:29.367,42.3448023,-71.0825832,16.659
8903,2333868032,1769568569648,21:49:29.648,42.3448023,-71.0825832,16.659
8904,2334130176,1769568569953,21:49:29.953,42.3448023,-71.0825832,16.659
8905,2334392320,1769568570251,21:49:30.251,42.3448023,-71.0825832,16.659
8906,2334654464,1769568570528,21:49:30.528,42.3448023,-71.0825832,16.659
8907,2334916608,1769568570808,21:49:30.808,42.3448023,-71.0825832,16.659
8908,2335178752,1769568571112,21:49:31.112,42.3448023,-71.0825832,16.659
8909,2335440896,1769568571415,21:49:31.415,42.3448023,-71.0825832,16.659
8910,2335703040,1769568571691,21:49:31.691,42.3448023,-71.0825832,16.659
8911,2335965184,1769568571944,21:49:31.944,42.3448023,-71.0825832,16.659
8912,2336227328,1769568572220,21:49:32.220,42.3448023,-71.0825832,16.659
8913,2336489472,1769568572509,21:49:32.509,42.3448023,-71.0825832,16.659
8914,2336751616,1769568572780,21:49:32.780,42.3448023,-71.0825832,16.659
8915,2337013760,1769568574464,21:49:34.464,42.3448023,-71.0825832,16.659
8916,2337275904,1769568577038,21:49:37.038,42.3448023,-71.0825832,16.659
8917,2337538048,1769568587900,21:49:47.900,42.3448023,-71.0825832,16.659
8918,2337800192,1769568588169,21:49:48.169,42.3448023,-71.0825832,16.659
8919,2338062336,1769568588430,21:49:48.430,42.3448023,-71.0825832,16.659
8920,2338324480,1769568588694,21:49:48.694,42.3448023,-71.0825832,16.659
8921,2338586624,1769568588943,21:49:48.943,42.3448023,-71.0825832,16.659
8922,2338848768,1769568589200,21:49:49.200,42.3448023,-71.0825832,16.659
8923,2339110912,1769568589459,21:49:49.459,42.3448023,-71.0825832,16.659
8924,2339373056,1769568589720,21:49:49.720,42.3448023,-71.0825832,16.659
8925,2339635200,1769568589973,21:49:49.973,42.3448023,-71.0825832,16.659
8926,2339897344,1769568590232,21:49:50.232,42.3448023,-71.0825832,16.659
8927,2340159488,1769568590512,21:49:50.512,42.3448023,-71.0825832,16.659
8928,2340421632,1769568590761,21:49:50.761,42.3448023,-71.0825832,16.659
8929,2340683776,1769568591019,21:49:51.019,42.3448023,-71.0825832,16.659
8930,2340945920,1769568591283,21:49:51.283,42.3448023,-71.0825832,16.659
8931,2341208064,1769568591551,21:49:51.551,42.3448023,-71.0825832,16.659
8932,2341470208,1769568591823,21:49:51.823,42.3448023,-71.0825832,16.659
8933,2341732352,1769568592088,21:49:52.088,42.3448023,-71.0825832,16.659
8934,2341994496,1769568592351,21:49:52.351,42.3448023,-71.0825832,16.659
8935,2342256640,1769568592616,21:49:52.616,42.3448023,-71.0825832,16.659
8936,2342518784,1769568592871,21:49:52.871,42.3448023,-71.0825832,16.659
8937,2342780928,1769568593162,21:49:53.162,42.3448023,-71.0825832,16.659
8938,2343043072,1769568593437,21:49:53.437,42.3448023,-71.0825832,16.659
8939,2343305216,1769568593692,21:49:53.692,42.3448023,-71.0825832,16.659
8940,2343567360,1769568593968,21:49:53.968,42.3448023,-71.0825832,16.659
8941,2343829504,1769568594236,21:49:54.236,42.3448023,-71.0825832,16.659
8942,2344091648,1769568594502,21:49:54.502,42.3448023,-71.0825832,16.659
8943,2344353792,1769568594754,21:49:54.754,42.3448023,-71.0825832,16.659
8944,2344615936,1769568595025,21:49:55.025,42.3448023,-71.0825832,16.659
8945,2344878080,1769568595302,21:49:55.302,42.3448023,-71.0825832,16.659
8946,2345140224,1769568595567,21:49:55.567,42.3448023,-71.0825832,16.659
8947,2345402368,1769568595832,21:49:55.832,42.3448023,-71.0825832,16.659
8948,2345664512,1769568596098,21:49:56.098,42.3448023,-71.0825832,16.659
8949,2345926656,1769568596362,21:49:56.362,42.3448023,-71.0825832,16.659
8950,2346188800,1769568596638,21:49:56.638,42.3448023,-71.0825832,16.659
8951,2346450944,1769568596893,21:49:56.893,42.3448023,-71.0825832,16.659
8952,2346713088,1769568597140,21:49:57.140,42.3448023,-71.0825832,16.659
8953,2346975232,1769568597398,21:49:57.398,42.3448023,-71.0825832,16.659
8954,2347237376,1769568597650,21:49:57.650,42.3448023,-71.0825832,16.659
8955,2347499520,1769568597921,21:49:57.921,42.3448023,-71.0825832,16.659
8956,2347761664,1769568598162,21:49:58.162,42.3448023,-71.0825832,16.659
8957,2348023808,1769568598422,21:49:58.422,42.3448023,-71.0825832,16.659
8958,2348285952,1769568598697,21:49:58.697,42.3448023,-71.0825832,16.659
8959,2348548096,1769568598954,21:49:58.954,42.3448023,-71.0825832,16.659
8960,2348810240,1769568599203,21:49:59.203,42.3448023,-71.0825832,16.659
8961,2349072384,1769568599467,21:49:59.467,42.3448023,-71.0825832,16.659
8962,2349334528,1769568599721,21:49:59.721,42.3448023,-71.0825832,16.659
8963,2349596672,1769568599988,21:49:59.988,42.3448023,-71.0825832,16.659
8964,2349858816,1769568600250,21:50:00.250,42.3448023,-71.0825832,16.659
8965,2350120960,1769568600501,21:50:00.501,42.3448023,-71.0825832,16.659
8966,2350383104,1769568600833,21:50:00.833,42.3448023,-71.0825832,16.659
8967,2350645248,1769568601231,21:50:01.231,42.3448023,-71.0825832,16.659
8968,2350907392,1769568601594,21:50:01.594,42.3448023,-71.0825832,16.659
8969,2351169536,1769568601932,21:50:01.932,42.3448023,-71.0825832,16.659
8970,2351431680,1769568602420,21:50:02.420,42.3448023,-71.0825832,16.659
8971,2351693824,1769568602927,21:50:02.927,42.3448023,-71.0825832,16.659
8972,2351955968,1769568603511,21:50:03.511,42.3448023,-71.0825832,16.659
8973,2352218112,1769568604088,21:50:04.088,42.3448023,-71.0825832,16.659
8974,2352480256,1769568604864,21:50:04.864,42.3448023,-71.0825832,16.659
8975,2352742400,1769568605466,21:50:05.466,42.3448023,-71.0825832,16.659
8976,2353004544,1769568606216,21:50:06.216,42.3448023,-71.0825832,16.659
8977,2353266688,1769568606792,21:50:06.792,42.3448023,-71.0825832,16.659
8978,2353528832,1769568607401,21:50:07.401,42.3448023,-71.0825832,16.659
8979,2353790976,1769568617878,21:50:17.878,42.3448023,-71.0825832,16.659
8980,2354053120,1769568618153,21:50:18.153,42.3448023,-71.0825832,16.659
8981,2354315264,1769568618409,21:50:18.409,42.3448023,-71.0825832,16.659
8982,2354577408,1769568618673,21:50:18.673,42.3448023,-71.0825832,16.659
8983,2354839552,1769568618931,21:50:18.931,42.3448023,-71.0825832,16.659
8984,2355101696,1769568619191,21:50:19.191,42.3448023,-71.0825832,16.659
8985,2355363840,1769568619438,21:50:19.438,42.3448023,-71.0825832,16.659
8986,2355625984,1769568619689,21:50:19.689,42.3448023,-71.0825832,16.659
8987,2355888128,1769568619947,21:50:19.947,42.3448023,-71.0825832,16.659
8988,2356150272,1769568620204,21:50:20.204,42.3448023,-71.0825832,16.659
8989,2356412416,1769568620450,21:50:20.450,42.3448023,-71.0825832,16.659
8990,2356674560,1769568620690,21:50:20.690,42.3448023,-71.0825832,16.659
8991,2356936704,1769568620964,21:50:20.964,42.3448023,-71.0825832,16.659
8992,2357198848,1769568621226,21:50:21.226,42.3448023,-71.0825832,16.659
8993,2357460992,1769568621498,21:50:21.498,42.3448023,-71.0825832,16.659
8994,2357723136,1769568621756,21:50:21.756,42.3448023,-71.0825832,16.659
8995,2357985280,1769568622028,21:50:22.028,42.3448023,-71.0825832,16.659
8996,2358247424,1769568622293,21:50:22.293,42.3448023,-71.0825832,16.659
8997,2358509568,1769568622551,21:50:22.551,42.3448023,-71.0825832,16.659
8998,2358771712,1769568622805,21:50:22.805,42.3448023,-71.0825832,16.659
8999,2359033856,1769568623064,21:50:23.064,42.3448023,-71.0825832,16.659
9000,2359296000,1769568623326,21:50:23.326,42.3448023,-71.0825832,16.659
9001,2359558144,1769568623596,21:50:23.596,42.3448023,-71.0825832,16.659
9002,2359820288,1769568623879,21:50:23.879,42.3448023,-71.0825832,16.659
9003,2360082432,1769568624118,21:50:24.118,42.3448023,-71.0825832,16.659
9004,2360344576,1769568624379,21:50:24.379,42.3448023,-71.0825832,16.659
9005,2360606720,1769568624645,21:50:24.645,42.3448023,-71.0825832,16.659
9006,2360868864,1769568624913,21:50:24.913,42.3448023,-71.0825832,16.659
9007,2361131008,1769568625175,21:50:25.175,42.3448023,-71.0825832,16.659
9008,2361393152,1769568625441,21:50:25.441,42.3448023,-71.0825832,16.659
9009,2361655296,1769568625720,21:50:25.720,42.3448023,-71.0825832,16.659
9010,2361917440,1769568625986,21:50:25.986,42.3448023,-71.0825832,16.659
9011,2362179584,1769568626256,21:50:26.256,42.3448023,-71.0825832,16.659
9012,2362441728,1769568626529,21:50:26.529,42.3448023,-71.0825832,16.659
9013,2362703872,1769568626813,21:50:26.813,42.3448023,-71.0825832,16.659
9014,2362966016,1769568627067,21:50:27.067,42.3448023,-71.0825832,16.659
9015,2363228160,1769568627337,21:50:27.337,42.3448023,-71.0825832,16.659
9016,2363490304,1769568627608,21:50:27.608,42.3448023,-71.0825832,16.659
9017,2363752448,1769568627880,21:50:27.880,42.3448023,-71.0825832,16.659
9018,2364014592,1769568628155,21:50:28.155,42.3448023,-71.0825832,16.659
9019,2364276736,1769568628431,21:50:28.431,42.3448023,-71.0825832,16.659
9020,2364538880,1769568628707,21:50:28.707,42.3448023,-71.0825832,16.659
9021,2364801024,1769568628983,21:50:28.983,42.3448023,-71.0825832,16.659
9022,2365063168,1769568629227,21:50:29.227,42.3448023,-71.0825832,16.659
9023,2365325312,1769568629465,21:50:29.465,42.3448023,-71.0825832,16.659
9024,2365587456,1769568629709,21:50:29.709,42.3448023,-71.0825832,16.659
9025,2365849600,1769568629961,21:50:29.961,42.3448023,-71.0825832,16.659
9026,2366111744,1769568630211,21:50:30.211,42.3448023,-71.0825832,16.659
9027,2366373888,1769568630471,21:50:30.471,42.3448023,-71.0825832,16.659
9028,2366636032,1769568630735,21:50:30.735,42.3448023,-71.0825832,16.659
9029,2366898176,1769568630995,21:50:30.995,42.3448023,-71.0825832,16.659
9030,2367160320,1769568631273,21:50:31.273,42.3448023,-71.0825832,16.659
9031,2367422464,1769568631538,21:50:31.538,42.3448023,-71.0825832,16.659
9032,2367684608,1769568631808,21:50:31.808,42.3448023,-71.0825832,16.659
9033,2367946752,1769568632073,21:50:32.073,42.3448023,-71.0825832,16.659
9034,2368208896,1769568632321,21:50:32.321,42.3448023,-71.0825832,16.659
9035,2368471040,1769568632587,21:50:32.587,42.3448023,-71.0825832,16.659
9036,2368733184,1769568632840,21:50:32.840,42.3448023,-71.0825832,16.659
9037,2368995328,1769568633110,21:50:33.110,42.3448023,-71.0825832,16.659
9038,2369257472,1769568633370,21:50:33.370,42.3448023,-71.0825832,16.659
9039,2369519616,1769568633628,21:50:33.628,42.3448023,-71.0825832,16.659
9040,2369781760,1769568633892,21:50:33.892,42.3448023,-71.0825832,16.659
9041,2370043904,1769568634161,21:50:34.161,42.3448023,-71.0825832,16.659
9042,2370306048,1769568634427,21:50:34.427,42.3448023,-71.0825832,16.659
9043,2370568192,1769568634691,21:50:34.691,42.3448023,-71.0825832,16.659
9044,2370830336,1769568634965,21:50:34.965,42.3448023,-71.0825832,16.659
9045,2371092480,1769568635370,21:50:35.370,42.3448023,-71.0825832,16.659
9046,2371354624,1769568635887,21:50:35.887,42.3448023,-71.0825832,16.659
9047,2371616768,1769568636300,21:50:36.300,42.3448023,-71.0825832,16.659
9048,2371878912,1769568636779,21:50:36.779,42.3448023,-71.0825832,16.659
9049,2372141056,1769568637287,21:50:37.287,42.3448023,-71.0825832,16.659
9050,2372403200,1769568637795,21:50:37.795,42.3448023,-71.0825832,16.659
9051,2372665344,1769568649447,21:50:49.447,42.3448023,-71.0825832,16.659
9052,2372927488,1769568649728,21:50:49.728,42.3448023,-71.0825832,16.659
9053,2373189632,1769568649984,21:50:49.984,42.3448023,-71.0825832,16.659
9054,2373451776,1769568650235,21:50:50.235,42.3448023,-71.0825832,16.659
9055,2373713920,1769568650504,21:50:50.504,42.3448023,-71.0825832,16.659
9056,2373976064,1769568650772,21:50:50.772,42.3448023,-71.0825832,16.659
9057,2374238208,1769568651029,21:50:51.029,42.3448023,-71.0825832,16.659
9058,2374500352,1769568651276,21:50:51.276,42.3448023,-71.0825832,16.659
9059,2374762496,1769568651548,21:50:51.548,42.3448023,-71.0825832,16.659
9060,2375024640,1769568651801,21:50:51.801,42.3448023,-71.0825832,16.659
9061,2375286784,1769568652050,21:50:52.050,42.3448023,-71.0825832,16.659
9062,2375548928,1769568652328,21:50:52.328,42.3448023,-71.0825832,16.659
9063,2375811072,1769568652576,21:50:52.576,42.3448023,-71.0825832,16.659
9064,2376073216,1769568652834,21:50:52.834,42.3448023,-71.0825832,16.659
9065,2376335360,1769568653085,21:50:53.085,42.3448023,-71.0825832,16.659
9066,2376597504,1769568653361,21:50:53.361,42.3448023,-71.0825832,16.659
9067,2376859648,1769568653624,21:50:53.624,42.3448023,-71.0825832,16.659
9068,2377121792,1769568653897,21:50:53.897,42.3448023,-71.0825832,16.659
9069,2377383936,1769568654159,21:50:54.159,42.3448023,-71.0825832,16.659
9070,2377646080,1769568654415,21:50:54.415,42.3448023,-71.0825832,16.659
9071,2377908224,1769568654675,21:50:54.675,42.3448023,-71.0825832,16.659
9072,2378170368,1769568654946,21:50:54.946,42.3448023,-71.0825832,16.659
9073,2378432512,1769568655196,21:50:55.196,42.3448023,-71.0825832,16.659
9074,2378694656,1769568655459,21:50:55.459,42.3448023,-71.0825832,16.659
9075,2378956800,1769568655703,21:50:55.703,42.3448023,-71.0825832,16.659
9076,2379218944,1769568655972,21:50:55.972,42.3448023,-71.0825832,16.659
9077,2379481088,1769568656254,21:50:56.254,42.3448023,-71.0825832,16.659
9078,2379743232,1769568656539,21:50:56.539,42.3448023,-71.0825832,16.659
9079,2380005376,1769568656813,21:50:56.813,42.3448023,-71.0825832,16.659
9080,2380267520,1769568657099,21:50:57.099,42.3448023,-71.0825832,16.659
9081,2380529664,1769568657384,21:50:57.384,42.3448023,-71.0825832,16.659
9082,2380791808,1769568657680,21:50:57.680,42.3448023,-71.0825832,16.659
9083,2381053952,1769568657967,21:50:57.967,42.3448023,-71.0825832,16.659
9084,2381316096,1769568658242,21:50:58.242,42.3448023,-71.0825832,16.659
9085,2381578240,1769568658510,21:50:58.510,42.3448023,-71.0825832,16.659
9086,2381840384,1769568658776,21:50:58.776,42.3448023,-71.0825832,16.659
9087,2382102528,1769568659025,21:50:59.025,42.3448023,-71.0825832,16.659
9088,2382364672,1769568659298,21:50:59.298,42.3448023,-71.0825832,16.659
9089,2382626816,1769568659565,21:50:59.565,42.3448023,-71.0825832,16.659
9090,2382888960,1769568659836,21:50:59.836,42.3448023,-71.0825832,16.659
9091,2383151104,1769568660101,21:51:00.101,42.3448023,-71.0825832,16.659
9092,2383413248,1769568660393,21:51:00.393,42.3448023,-71.0825832,16.659
9093,2383675392,1769568660662,21:51:00.662,42.3448023,-71.0825832,16.659
9094,2383937536,1769568660939,21:51:00.939,42.3448023,-71.0825832,16.659
9095,2384199680,1769568661227,21:51:01.227,42.3448023,-71.0825832,16.659
9096,2384461824,1769568661510,21:51:01.510,42.3448023,-71.0825832,16.659
9097,2384723968,1769568661796,21:51:01.796,42.3448023,-71.0825832,16.659
9098,2384986112,1769568662066,21:51:02.066,42.3448023,-71.0825832,16.659
9099,2385248256,1769568662334,21:51:02.334,42.3448023,-71.0825832,16.659
9100,2385510400,1769568662608,21:51:02.608,42.3448023,-71.0825832,16.659
9101,2385772544,1769568662882,21:51:02.882,42.3448023,-71.0825832,16.659
9102,2386034688,1769568663132,21:51:03.132,42.3448023,-71.0825832,16.659
9103,2386296832,1769568663403,21:51:03.403,42.3448023,-71.0825832,16.659
9104,2386558976,1769568663682,21:51:03.682,42.3448023,-71.0825832,16.659
9105,2386821120,1769568663952,21:51:03.952,42.3448023,-71.0825832,16.659
9106,2387083264,1769568664236,21:51:04.236,42.3448023,-71.0825832,16.659
9107,2387345408,1769568664497,21:51:04.497,42.3448023,-71.0825832,16.659
9108,2387607552,1769568664749,21:51:04.749,42.3448023,-71.0825832,16.659
9109,2387869696,1769568665017,21:51:05.017,42.3448023,-71.0825832,16.659
9110,2388131840,1769568665626,21:51:05.626,42.3448023,-71.0825832,16.659
9111,2388393984,1769568666353,21:51:06.353,42.3448023,-71.0825832,16.659
9112,2388656128,1769568666921,21:51:06.921,42.3448023,-71.0825832,16.659
9113,2388918272,1769568667382,21:51:07.382,42.3448023,-71.0825832,16.659
9114,2389180416,1769568668021,21:51:08.021,42.3448023,-71.0825832,16.659
9115,2389442560,1769568681184,21:51:21.184,42.3448023,-71.0825832,16.659
9116,2389704704,1769568681447,21:51:21.447,42.3448023,-71.0825832,16.659
9117,2389966848,1769568681715,21:51:21.715,42.3448023,-71.0825832,16.659
9118,2390228992,1769568681979,21:51:21.979,42.3448023,-71.0825832,16.659
9119,2390491136,1769568682243,21:51:22.243,42.3448023,-71.0825832,16.659
9120,2390753280,1769568682517,21:51:22.517,42.3448023,-71.0825832,16.659
9121,2391015424,1769568682775,21:51:22.775,42.3448023,-71.0825832,16.659
9122,2391277568,1769568683029,21:51:23.029,42.3448023,-71.0825832,16.659
9123,2391539712,1769568683294,21:51:23.294,42.3448023,-71.0825832,16.659
9124,2391801856,1769568683547,21:51:23.547,42.3448023,-71.0825832,16.659
9125,2392064000,1769568683829,21:51:23.829,42.3448023,-71.0825832,16.659
9126,2392326144,1769568684107,21:51:24.107,42.3448023,-71.0825832,16.659
9127,2392588288,1769568684382,21:51:24.382,42.3448023,-71.0825832,16.659
9128,2392850432,1769568684694,21:51:24.694,42.3448023,-71.0825832,16.659
9129,2393112576,1769568684984,21:51:24.984,42.3448023,-71.0825832,16.659
9130,2393374720,1769568685263,21:51:25.263,42.3448023,-71.0825832,16.659
9131,2393636864,1769568685552,21:51:25.552,42.3448023,-71.0825832,16.659
9132,2393899008,1769568685851,21:51:25.851,42.3448023,-71.0825832,16.659
9133,2394161152,1769568686143,21:51:26.143,42.3448023,-71.0825832,16.659
9134,2394423296,1769568686442,21:51:26.442,42.3448023,-71.0825832,16.659
9135,2394685440,1769568686717,21:51:26.717,42.3448023,-71.0825832,16.659
9136,2394947584,1769568687003,21:51:27.003,42.3448023,-71.0825832,16.659
9137,2395209728,1769568687292,21:51:27.292,42.3448023,-71.0825832,16.659
9138,2395471872,1769568687572,21:51:27.572,42.3448023,-71.0825832,16.659
9139,2395734016,1769568687877,21:51:27.877,42.3448023,-71.0825832,16.659
9140,2395996160,1769568688185,21:51:28.185,42.3448023,-71.0825832,16.659
9141,2396258304,1769568688460,21:51:28.460,42.3448023,-71.0825832,16.659
9142,2396520448,1769568688744,21:51:28.744,42.3448023,-71.0825832,16.659
9143,2396782592,1769568689029,21:51:29.029,42.3448023,-71.0825832,16.659
9144,2397044736,1769568689316,21:51:29.316,42.3448023,-71.0825832,16.659
9145,2397306880,1769568689597,21:51:29.597,42.3448023,-71.0825832,16.659
9146,2397569024,1769568689890,21:51:29.890,42.3448023,-71.0825832,16.659
9147,2397831168,1769568690189,21:51:30.189,42.3448023,-71.0825832,16.659
9148,2398093312,1769568690460,21:51:30.460,42.3448023,-71.0825832,16.659
9149,2398355456,1769568690758,21:51:30.758,42.3448023,-71.0825832,16.659
9150,2398617600,1769568691052,21:51:31.052,42.3448023,-71.0825832,16.659
9151,2398879744,1769568691309,21:51:31.309,42.3448023,-71.0825832,16.659
9152,2399141888,1769568691569,21:51:31.569,42.3448023,-71.0825832,16.659
9153,2399404032,1769568691847,21:51:31.847,42.3448023,-71.0825832,16.659
9154,2399666176,1769568692111,21:51:32.111,42.3448023,-71.0825832,16.659
9155,2399928320,1769568692380,21:51:32.380,42.3448023,-71.0825832,16.659
9156,2400190464,1769568692630,21:51:32.630,42.3448023,-71.0825832,16.659
9157,2400452608,1769568692881,21:51:32.881,42.3448023,-71.0825832,16.659
9158,2400714752,1769568693140,21:51:33.140,42.3448023,-71.0825832,16.659
9159,2400976896,1769568693404,21:51:33.404,42.3448023,-71.0825832,16.659
9160,2401239040,1769568693660,21:51:33.660,42.3448023,-71.0825832,16.659
9161,2401501184,1769568693933,21:51:33.933,42.3448023,-71.0825832,16.659
9162,2401763328,1769568694197,21:51:34.197,42.3448023,-71.0825832,16.659
9163,2402025472,1769568694461,21:51:34.461,42.3448023,-71.0825832,16.659
9164,2402287616,1769568695029,21:51:35.029,42.3448023,-71.0825832,16.659
9165,2402549760,1769568695577,21:51:35.577,42.3448023,-71.0825832,16.659
9166,2402811904,1769568696271,21:51:36.271,42.3448023,-71.0825832,16.659
9167,2403074048,1769568696886,21:51:36.886,42.3448023,-71.0825832,16.659
9168,2403336192,1769568697419,21:51:37.419,42.3448023,-71.0825832,16.659
9169,2403598336,1769568698004,21:51:38.004,42.3448023,-71.0825832,16.659
9170,2403860480,1769568698416,21:51:38.416,42.3448023,-71.0825832,16.659
9171,2404122624,1769568698790,21:51:38.790,42.3448023,-71.0825832,16.659
9172,2404384768,1769568699193,21:51:39.193,42.3448023,-71.0825832,16.659
9173,2404646912,1769568711861,21:51:51.861,42.3448023,-71.0825832,16.659
9174,2404909056,1769568712116,21:51:52.116,42.3448023,-71.0825832,16.659
9175,2405171200,1769568712375,21:51:52.375,42.3448023,-71.0825832,16.659
9176,2405433344,1769568712640,21:51:52.640,42.3448023,-71.0825832,16.659
9177,2405695488,1769568712913,21:51:52.913,42.3448023,-71.0825832,16.659
9178,2405957632,1769568713176,21:51:53.176,42.3448023,-71.0825832,16.659
9179,2406219776,1769568713448,21:51:53.448,42.3448023,-71.0825832,16.659
9180,2406481920,1769568713717,21:51:53.717,42.3448023,-71.0825832,16.659
9181,2406744064,1769568713967,21:51:53.967,42.3448023,-71.0825832,16.659
9182,2407006208,1769568714225,21:51:54.225,42.3448023,-71.0825832,16.659
9183,2407268352,1769568714487,21:51:54.487,42.3448023,-71.0825832,16.659
9184,2407530496,1769568714750,21:51:54.750,42.3448023,-71.0825832,16.659
9185,2407792640,1769568715017,21:51:55.017,42.3448023,-71.0825832,16.659
9186,2408054784,1769568715279,21:51:55.279,42.3448023,-71.0825832,16.659
9187,2408316928,1769568715529,21:51:55.529,42.3448023,-71.0825832,16.659
9188,2408579072,1769568715809,21:51:55.809,42.3448023,-71.0825832,16.659
9189,2408841216,1769568716067,21:51:56.067,42.3448023,-71.0825832,16.659
9190,2409103360,1769568716296,21:51:56.296,42.3448023,-71.0825832,16.659
9191,2409365504,1769568716533,21:51:56.533,42.3448023,-71.0825832,16.659
9192,2409627648,1769568717643,21:51:57.643,42.3448023,-71.0825832,16.659
9193,2409889792,1769568718121,21:51:58.121,42.3448023,-71.0825832,16.659
9194,2410151936,1769568718611,21:51:58.611,42.3448023,-71.0825832,16.659
9195,2410414080,1769568719131,21:51:59.131,42.3448023,-71.0825832,16.659
9196,2410676224,1769568719762,21:51:59.762,42.3448023,-71.0825832,16.659
9197,2410938368,1769568720252,21:52:00.252,42.3448023,-71.0825832,16.659
9198,2411200512,1769568720511,21:52:00.511,42.3448023,-71.0825832,16.659
9199,2411462656,1769568720924,21:52:00.924,42.3448023,-71.0825832,16.659
9200,2411724800,1769568721458,21:52:01.458,42.3448023,-71.0825832,16.659
9201,2411986944,1769568722104,21:52:02.104,42.3448023,-71.0825832,16.659
9202,2412249088,1769568722608,21:52:02.608,42.3448023,-71.0825832,16.659
9203,2412511232,1769568722958,21:52:02.958,42.3448023,-71.0825832,16.659
9204,2412773376,1769568723308,21:52:03.308,42.3448023,-71.0825832,16.659
9205,2413035520,1769568723721,21:52:03.721,42.3448023,-71.0825832,16.659
9206,2413297664,1769568724103,21:52:04.103,42.3448023,-71.0825832,16.659
9207,2413559808,1769568724421,21:52:04.421,42.3448023,-71.0825832,16.659
9208,2413821952,1769568724831,21:52:04.831,42.3448023,-71.0825832,16.659
9209,2414084096,1769568725326,21:52:05.326,42.3448023,-71.0825832,16.659
9210,2414346240,1769568725794,21:52:05.794,42.3448023,-71.0825832,16.659
9211,2414608384,1769568726182,21:52:06.182,42.3448023,-71.0825832,16.659
9212,2414870528,1769568726863,21:52:06.863,42.3448023,-71.0825832,16.659
9213,2415132672,1769568727331,21:52:07.331,42.3448023,-71.0825832,16.659
9214,2415394816,1769568727728,21:52:07.728,42.3448023,-71.0825832,16.659
9215,2415656960,1769568728092,21:52:08.092,42.3448023,-71.0825832,16.659
9216,2415919104,1769568728412,21:52:08.412,42.3448023,-71.0825832,16.659
9217,2416181248,1769568728754,21:52:08.754,42.3448023,-71.0825832,16.659
9218,2416443392,1769568729105,21:52:09.105,42.3448023,-71.0825832,16.659
9219,2416705536,1769568729469,21:52:09.469,42.3448023,-71.0825832,16.659
9220,2416967680,1769568729818,21:52:09.818,42.3448023,-71.0825832,16.659
9221,2417229824,1769568742547,21:52:22.547,42.3448023,-71.0825832,16.659
9222,2417491968,1769568742806,21:52:22.806,42.3448023,-71.0825832,16.659
9223,2417754112,1769568743068,21:52:23.068,42.3448023,-71.0825832,16.659
9224,2418016256,1769568743300,21:52:23.300,42.3448023,-71.0825832,16.659
9225,2418278400,1769568743540,21:52:23.540,42.3448023,-71.0825832,16.659
9226,2418540544,1769568743774,21:52:23.774,42.3448023,-71.0825832,16.659
9227,2418802688,1769568744021,21:52:24.021,42.3448023,-71.0825832,16.659
9228,2419064832,1769568744256,21:52:24.256,42.3448023,-71.0825832,16.659
9229,2419326976,1769568744509,21:52:24.509,42.3448023,-71.0825832,16.659
9230,2419589120,1769568744734,21:52:24.734,42.3448023,-71.0825832,16.659
9231,2419851264,1769568744953,21:52:24.953,42.3448023,-71.0825832,16.659
9232,2420113408,1769568745179,21:52:25.179,42.3448023,-71.0825832,16.659
9233,2420375552,1769568745422,21:52:25.422,42.3448023,-71.0825832,16.659
9234,2420637696,1769568745663,21:52:25.663,42.3448023,-71.0825832,16.659
9235,2420899840,1769568745907,21:52:25.907,42.3448023,-71.0825832,16.659
9236,2421161984,1769568746149,21:52:26.149,42.3448023,-71.0825832,16.659
9237,2421424128,1769568746394,21:52:26.394,42.3448023,-71.0825832,16.659
9238,2421686272,1769568746656,21:52:26.656,42.3448023,-71.0825832,16.659
9239,2421948416,1769568746899,21:52:26.899,42.3448023,-71.0825832,16.659
9240,2422210560,1769568747153,21:52:27.153,42.3448023,-71.0825832,16.659
9241,2422472704,1769568747405,21:52:27.405,42.3448023,-71.0825832,16.659
9242,2422734848,1769568747667,21:52:27.667,42.3448023,-71.0825832,16.659
9243,2422996992,1769568747926,21:52:27.926,42.3448023,-71.0825832,16.659
9244,2423259136,1769568748169,21:52:28.169,42.3448023,-71.0825832,16.659
9245,2423521280,1769568748427,21:52:28.427,42.3448023,-71.0825832,16.659
9246,2423783424,1769568748679,21:52:28.679,42.3448023,-71.0825832,16.659
9247,2424045568,1769568748934,21:52:28.934,42.3448023,-71.0825832,16.659
9248,2424307712,1769568749180,21:52:29.180,42.3448023,-71.0825832,16.659
9249,2424569856,1769568749426,21:52:29.426,42.3448023,-71.0825832,16.659
9250,2424832000,1769568749670,21:52:29.670,42.3448023,-71.0825832,16.659
9251,2425094144,1769568749934,21:52:29.934,42.3448023,-71.0825832,16.659
9252,2425356288,1769568750171,21:52:30.171,42.3448023,-71.0825832,16.659
9253,2425618432,1769568750409,21:52:30.409,42.3448023,-71.0825832,16.659
9254,2425880576,1769568750677,21:52:30.677,42.3448023,-71.0825832,16.659
9255,2426142720,1769568750940,21:52:30.940,42.3448023,-71.0825832,16.659
9256,2426404864,1769568751169,21:52:31.169,42.3448023,-71.0825832,16.659
9257,2426667008,1769568751410,21:52:31.410,42.3448023,-71.0825832,16.659
9258,2426929152,1769568751665,21:52:31.665,42.3448023,-71.0825832,16.659
9259,2427191296,1769568751911,21:52:31.911,42.3448023,-71.0825832,16.659
9260,2427453440,1769568752171,21:52:32.171,42.3448023,-71.0825832,16.659
9261,2427715584,1769568752430,21:52:32.430,42.3448023,-71.0825832,16.659
9262,2427977728,1769568752669,21:52:32.669,42.3448023,-71.0825832,16.659
9263,2428239872,1769568752914,21:52:32.914,42.3448023,-71.0825832,16.659
9264,2428502016,1769568753158,21:52:33.158,42.3448023,-71.0825832,16.659
9265,2428764160,1769568753404,21:52:33.404,42.3448023,-71.0825832,16.659
9266,2429026304,1769568753632,21:52:33.632,42.3448023,-71.0825832,16.659
9267,2429288448,1769568753886,21:52:33.886,42.3448023,-71.0825832,16.659
9268,2429550592,1769568754133,21:52:34.133,42.3448023,-71.0825832,16.659
9269,2429812736,1769568754382,21:52:34.382,42.3448023,-71.0825832,16.659
9270,2430074880,1769568754628,21:52:34.628,42.3448023,-71.0825832,16.659
9271,2430337024,1769568754888,21:52:34.888,42.3448023,-71.0825832,16.659
9272,2430599168,1769568755123,21:52:35.123,42.3448023,-71.0825832,16.659
9273,2430861312,1769568755364,21:52:35.364,42.3448023,-71.0825832,16.659
9274,2431123456,1769568755594,21:52:35.594,42.3448023,-71.0825832,16.659
9275,2431385600,1769568755816,21:52:35.816,42.3448023,-71.0825832,16.659
9276,2431647744,1769568756043,21:52:36.043,42.3448023,-71.0825832,16.659
9277,2431909888,1769568756288,21:52:36.288,42.3448023,-71.0825832,16.659
9278,2432172032,1769568756523,21:52:36.523,42.3448023,-71.0825832,16.659
9279,2432434176,1769568756761,21:52:36.761,42.3448023,-71.0825832,16.659
9280,2432696320,1769568757004,21:52:37.004,42.3448023,-71.0825832,16.659
9281,2432958464,1769568757244,21:52:37.244,42.3448023,-71.0825832,16.659
9282,2433220608,1769568757501,21:52:37.501,42.3448023,-71.0825832,16.659
9283,2433482752,1769568757742,21:52:37.742,42.3448023,-71.0825832,16.659
9284,2433744896,1769568757984,21:52:37.984,42.3448023,-71.0825832,16.659
9285,2434007040,1769568758207,21:52:38.207,42.3448023,-71.0825832,16.659
9286,2434269184,1769568758436,21:52:38.436,42.3448023,-71.0825832,16.659
9287,2434531328,1769568758692,21:52:38.692,42.3448023,-71.0825832,16.659
9288,2434793472,1769568759290,21:52:39.290,42.3448023,-71.0825832,16.659
9289,2435055616,1769568759991,21:52:39.991,42.3448023,-71.0825832,16.659
9290,2435317760,1769568774331,21:52:54.331,42.3448023,-71.0825832,16.659
9291,2435579904,1769568774577,21:52:54.577,42.3448023,-71.0825832,16.659
9292,2435842048,1769568774804,21:52:54.804,42.3448023,-71.0825832,16.659
9293,2436104192,1769568775069,21:52:55.069,42.3448023,-71.0825832,16.659
9294,2436366336,1769568775336,21:52:55.336,42.3448023,-71.0825832,16.659
9295,2436628480,1769568775609,21:52:55.609,42.3448023,-71.0825832,16.659
9296,2436890624,1769568775841,21:52:55.841,42.3448023,-71.0825832,16.659
9297,2437152768,1769568776090,21:52:56.090,42.3448023,-71.0825832,16.659
9298,2437414912,1769568776338,21:52:56.338,42.3448023,-71.0825832,16.659
9299,2437677056,1769568776590,21:52:56.590,42.3448023,-71.0825832,16.659
9300,2437939200,1769568776831,21:52:56.831,42.3448023,-71.0825832,16.659
9301,2438201344,1769568777074,21:52:57.074,42.3448023,-71.0825832,16.659
9302,2438463488,1769568777317,21:52:57.317,42.3448023,-71.0825832,16.659
9303,2438725632,1769568777560,21:52:57.560,42.3448023,-71.0825832,16.659
9304,2438987776,1769568777805,21:52:57.805,42.3448023,-71.0825832,16.659
9305,2439249920,1769568778047,21:52:58.047,42.3448023,-71.0825832,16.659
9306,2439512064,1769568778297,21:52:58.297,42.3448023,-71.0825832,16.659
9307,2439774208,1769568778546,21:52:58.546,42.3448023,-71.0825832,16.659
9308,2440036352,1769568778795,21:52:58.795,42.3448023,-71.0825832,16.659
9309,2440298496,1769568779053,21:52:59.053,42.3448023,-71.0825832,16.659
9310,2440560640,1769568779303,21:52:59.303,42.3448023,-71.0825832,16.659
9311,2440822784,1769568779557,21:52:59.557,42.3448023,-71.0825832,16.659
9312,2441084928,1769568779803,21:52:59.803,42.3448023,-71.0825832,16.659
9313,2441347072,1769568780043,21:53:00.043,42.3448023,-71.0825832,16.659
9314,2441609216,1769568780306,21:53:00.306,42.3448023,-71.0825832,16.659
9315,2441871360,1769568780562,21:53:00.562,42.3448023,-71.0825832,16.659
9316,2442133504,1769568780807,21:53:00.807,42.3448023,-71.0825832,16.659
9317,2442395648,1769568781082,21:53:01.082,42.3448023,-71.0825832,16.659
9318,2442657792,1769568781343,21:53:01.343,42.3448023,-71.0825832,16.659
9319,2442919936,1769568781598,21:53:01.598,42.3448023,-71.0825832,16.659
9320,2443182080,1769568781843,21:53:01.843,42.3448023,-71.0825832,16.659
9321,2443444224,1769568782080,21:53:02.080,42.3448023,-71.0825832,16.659
9322,2443706368,1769568782298,21:53:02.298,42.3448023,-71.0825832,16.659
9323,2443968512,1769568782538,21:53:02.538,42.3448023,-71.0825832,16.659
9324,2444230656,1769568782770,21:53:02.770,42.3448023,-71.0825832,16.659
9325,2444492800,1769568783013,21:53:03.013,42.3448023,-71.0825832,16.659
9326,2444754944,1769568783265,21:53:03.265,42.3448023,-71.0825832,16.659
9327,2445017088,1769568783521,21:53:03.521,42.3448023,-71.0825832,16.659
9328,2445279232,1769568784094,21:53:04.094,42.3448023,-71.0825832,16.659
9329,2445541376,1769568784712,21:53:04.712,42.3448023,-71.0825832,16.659
9330,2445803520,1769568785333,21:53:05.333,42.3448023,-71.0825832,16.659
9331,2446065664,1769568785951,21:53:05.951,42.3448023,-71.0825832,16.659
9332,2446327808,1769568786573,21:53:06.573,42.3448023,-71.0825832,16.659
9333,2446589952,1769568787193,21:53:07.193,42.3448023,-71.0825832,16.659
9334,2446852096,1769568787812,21:53:07.812,42.3448023,-71.0825832,16.659
9335,2447114240,1769568788298,21:53:08.298,42.3448023,-71.0825832,16.659
9336,2447376384,1769568788812,21:53:08.812,42.3448023,-71.0825832,16.659
9337,2447638528,1769568789261,21:53:09.261,42.3448023,-71.0825832,16.659
9338,2447900672,1769568789754,21:53:09.754,42.3448023,-71.0825832,16.659
9339,2448162816,1769568790223,21:53:10.223,42.3448023,-71.0825832,16.659
9340,2448424960,1769568790645,21:53:10.645,42.3448023,-71.0825832,16.659
9341,2448687104,1769568791095,21:53:11.095,42.3448023,-71.0825832,16.659
9342,2448949248,1769568791567,21:53:11.567,42.3448023,-71.0825832,16.659
9343,2449211392,1769568792010,21:53:12.010,42.3448023,-71.0825832,16.659
9344,2449473536,1769568792425,21:53:12.425,42.3448023,-71.0825832,16.659
9345,2449735680,1769568792816,21:53:12.816,42.3448023,-71.0825832,16.659
9346,2449997824,1769568793180,21:53:13.180,42.3448023,-71.0825832,16.659
9347,2450259968,1769568808048,21:53:28.048,42.3448023,-71.0825832,16.659
9348,2450522112,1769568808294,21:53:28.294,42.3448023,-71.0825832,16.659
9349,2450784256,1769568808540,21:53:28.540,42.3448023,-71.0825832,16.659
9350,2451046400,1769568808789,21:53:28.789,42.3448023,-71.0825832,16.659
9351,2451308544,1769568809029,21:53:29.029,42.3448023,-71.0825832,16.659
9352,2451570688,1769568809267,21:53:29.267,42.3448023,-71.0825832,16.659
9353,2451832832,1769568809508,21:53:29.508,42.3448023,-71.0825832,16.659
9354,2452094976,1769568809771,21:53:29.771,42.3448023,-71.0825832,16.659
9355,2452357120,1769568810020,21:53:30.020,42.3448023,-71.0825832,16.659
9356,2452619264,1769568810261,21:53:30.261,42.3448023,-71.0825832,16.659
9357,2452881408,1769568810521,21:53:30.521,42.3448023,-71.0825832,16.659
9358,2453143552,1769568810747,21:53:30.747,42.3448023,-71.0825832,16.659
9359,2453405696,1769568810973,21:53:30.973,42.3448023,-71.0825832,16.659
9360,2453667840,1769568811192,21:53:31.192,42.3448023,-71.0825832,16.659
9361,2453929984,1769568811427,21:53:31.427,42.3448023,-71.0825832,16.659
9362,2454192128,1769568811660,21:53:31.660,42.3448023,-71.0825832,16.659
9363,2454454272,1769568811882,21:53:31.882,42.3448023,-71.0825832,16.659
9364,2454716416,1769568812118,21:53:32.118,42.3448023,-71.0825832,16.659
9365,2454978560,1769568812352,21:53:32.352,42.3448023,-71.0825832,16.659
9366,2455240704,1769568812566,21:53:32.566,42.3448023,-71.0825832,16.659
9367,2455502848,1769568812778,21:53:32.778,42.3448023,-71.0825832,16.659
9368,2455764992,1769568813000,21:53:33.000,42.3448023,-71.0825832,16.659
9369,2456027136,1769568813215,21:53:33.215,42.3448023,-71.0825832,16.659
9370,2456289280,1769568813430,21:53:33.430,42.3448023,-71.0825832,16.659
9371,2456551424,1769568813652,21:53:33.652,42.3448023,-71.0825832,16.659
9372,2456813568,1769568813863,21:53:33.863,42.3448023,-71.0825832,16.659
9373,2457075712,1769568814080,21:53:34.080,42.3448023,-71.0825832,16.659
9374,2457337856,1769568814350,21:53:34.350,42.3448023,-71.0825832,16.659
9375,2457600000,1769568814956,21:53:34.956,42.3448023,-71.0825832,16.659
9376,2457862144,1769568815553,21:53:35.553,42.3448023,-71.0825832,16.659
9377,2458124288,1769568816159,21:53:36.159,42.3448023,-71.0825832,16.659
9378,2458386432,1769568816759,21:53:36.759,42.3448023,-71.0825832,16.659
9379,2458648576,1769568817368,21:53:37.368,42.3448023,-71.0825832,16.659
9380,2458910720,1769568817978,21:53:37.978,42.3448023,-71.0825832,16.659
9381,2459172864,1769568818350,21:53:38.350,42.3448023,-71.0825832,16.659
9382,2459435008,1769568819919,21:53:39.919,42.3448023,-71.0825832,16.659
9383,2459697152,1769568821533,21:53:41.533,42.3448023,-71.0825832,16.659
9384,2459959296,1769568823181,21:53:43.181,42.3448023,-71.0825832,16.659
9385,2460221440,1769568825050,21:53:45.050,42.3448023,-71.0825832,16.659
9386,2460483584,1769568840463,21:54:00.463,42.3448023,-71.0825832,16.659
9387,2460745728,1769568840693,21:54:00.693,42.3448023,-71.0825832,16.659
9388,2461007872,1769568840902,21:54:00.902,42.3448023,-71.0825832,16.659
9389,2461270016,1769568841111,21:54:01.111,42.3448023,-71.0825832,16.659
9390,2461532160,1769568841332,21:54:01.332,42.3448023,-71.0825832,16.659
9391,2461794304,1769568841555,21:54:01.555,42.3448023,-71.0825832,16.659
9392,2462056448,1769568841775,21:54:01.775,42.3448023,-71.0825832,16.659
9393,2462318592,1769568841991,21:54:01.991,42.3448023,-71.0825832,16.659
9394,2462580736,1769568842212,21:54:02.212,42.3448023,-71.0825832,16.659
9395,2462842880,1769568842426,21:54:02.426,42.3448023,-71.0825832,16.659
9396,2463105024,1769568842646,21:54:02.646,42.3448023,-71.0825832,16.659
9397,2463367168,1769568842857,21:54:02.857,42.3448023,-71.0825832,16.659
9398,2463629312,1769568843071,21:54:03.071,42.3448023,-71.0825832,16.659
9399,2463891456,1769568843297,21:54:03.297,42.3448023,-71.0825832,16.659
9400,2464153600,1769568843537,21:54:03.537,42.3448023,-71.0825832,16.659
9401,2464415744,1769568843756,21:54:03.756,42.3448023,-71.0825832,16.659
9402,2464677888,1769568843988,21:54:03.988,42.3448023,-71.0825832,16.659
9403,2464940032,1769568844213,21:54:04.213,42.3448023,-71.0825832,16.659
9404,2465202176,1769568844455,21:54:04.455,42.3448023,-71.0825832,16.659
9405,2465464320,1769568844688,21:54:04.688,42.3448023,-71.0825832,16.659
9406,2465726464,1769568844941,21:54:04.941,42.3448023,-71.0825832,16.659
9407,2465988608,1769568845160,21:54:05.160,42.3448023,-71.0825832,16.659
9408,2466250752,1769568845379,21:54:05.379,42.3448023,-71.0825832,16.659
9409,2466512896,1769568845602,21:54:05.602,42.3448023,-71.0825832,16.659
9410,2466775040,1769568845845,21:54:05.845,42.3448023,-71.0825832,16.659
9411,2467037184,1769568846073,21:54:06.073,42.3448023,-71.0825832,16.659
9412,2467299328,1769568846322,21:54:06.322,42.3448023,-71.0825832,16.659
9413,2467561472,1769568846548,21:54:06.548,42.3448023,-71.0825832,16.659
9414,2467823616,1769568846764,21:54:06.764,42.3448023,-71.0825832,16.659
9415,2468085760,1769568847052,21:54:07.052,42.3448023,-71.0825832,16.659
9416,2468347904,1769568847404,21:54:07.404,42.3448023,-71.0825832,16.659
9417,2468610048,1769568847755,21:54:07.755,42.3448023,-71.0825832,16.659
9418,2468872192,1769568848118,21:54:08.118,42.3448023,-71.0825832,16.659
9419,2469134336,1769568848461,21:54:08.461,42.3448023,-71.0825832,16.659
9420,2469396480,1769568848813,21:54:08.813,42.3448023,-71.0825832,16.659
9421,2469658624,1769568849207,21:54:09.207,42.3448023,-71.0825832,16.659
9422,2469920768,1769568849557,21:54:09.557,42.3448023,-71.0825832,16.659
9423,2470182912,1769568849907,21:54:09.907,42.3448023,-71.0825832,16.659
9424,2470445056,1769568850287,21:54:10.287,42.3448023,-71.0825832,16.659
9425,2470707200,1769568850685,21:54:10.685,42.3448023,-71.0825832,16.659
9426,2470969344,1769568851262,21:54:11.262,42.3448023,-71.0825832,16.659
9427,2471231488,1769568851805,21:54:11.805,42.3448023,-71.0825832,16.659
9428,2471493632,1769568852287,21:54:12.287,42.3448023,-71.0825832,16.659
9429,2471755776,1769568852656,21:54:12.656,42.3448023,-71.0825832,16.659
9430,2472017920,1769568853037,21:54:13.037,42.3448023,-71.0825832,16.659
9431,2472280064,1769568853503,21:54:13.503,42.3448023,-71.0825832,16.659
9432,2472542208,1769568853920,21:54:13.920,42.3448023,-71.0825832,16.659
9433,2472804352,1769568854320,21:54:14.320,42.3448023,-71.0825832,16.659
9434,2473066496,1769568854810,21:54:14.810,42.3448023,-71.0825832,16.659
9435,2473328640,1769568855242,21:54:15.242,42.3448023,-71.0825832,16.659
9436,2473590784,1769568855675,21:54:15.675,42.3448023,-71.0825832,16.659
9437,2473852928,1769568871523,21:54:31.523,42.3448023,-71.0825832,16.659
9438,2474115072,1769568871760,21:54:31.760,42.3448023,-71.0825832,16.659
9439,2474377216,1769568872004,21:54:32.004,42.3448023,-71.0825832,16.659
9440,2474639360,1769568872241,21:54:32.241,42.3448023,-71.0825832,16.659
9441,2474901504,1769568872458,21:54:32.458,42.3448023,-71.0825832,16.659
9442,2475163648,1769568872718,21:54:32.718,42.3448023,-71.0825832,16.659
9443,2475425792,1769568872938,21:54:32.938,42.3448023,-71.0825832,16.659
9444,2475687936,1769568873165,21:54:33.165,42.3448023,-71.0825832,16.659
9445,2475950080,1769568873395,21:54:33.395,42.3448023,-71.0825832,16.659
9446,2476212224,1769568873618,21:54:33.618,42.3448023,-71.0825832,16.659
9447,2476474368,1769568873852,21:54:33.852,42.3448023,-71.0825832,16.659
9448,2476736512,1769568874089,21:54:34.089,42.3448023,-71.0825832,16.659
9449,2476998656,1769568874316,21:54:34.316,42.3448023,-71.0825832,16.659
9450,2477260800,1769568874563,21:54:34.563,42.3448023,-71.0825832,16.659
9451,2477522944,1769568874805,21:54:34.805,42.3448023,-71.0825832,16.659
9452,2477785088,1769568875033,21:54:35.033,42.3448023,-71.0825832,16.659
9453,2478047232,1769568875256,21:54:35.256,42.3448023,-71.0825832,16.659
9454,2478309376,1769568875491,21:54:35.491,42.3448023,-71.0825832,16.659
9455,2478571520,1769568875710,21:54:35.710,42.3448023,-71.0825832,16.659
9456,2478833664,1769568875939,21:54:35.939,42.3448023,-71.0825832,16.659
9457,2479095808,1769568876161,21:54:36.161,42.3448023,-71.0825832,16.659
9458,2479357952,1769568876392,21:54:36.392,42.3448023,-71.0825832,16.659
9459,2479620096,1769568876631,21:54:36.631,42.3448023,-71.0825832,16.659
9460,2479882240,1769568876857,21:54:36.857,42.3448023,-71.0825832,16.659
9461,2480144384,1769568877082,21:54:37.082,42.3448023,-71.0825832,16.659
9462,2480406528,1769568877317,21:54:37.317,42.3448023,-71.0825832,16.659
9463,2480668672,1769568877528,21:54:37.528,42.3448023,-71.0825832,16.659
9464,2480930816,1769568877761,21:54:37.761,42.3448023,-71.0825832,16.659
9465,2481192960,1769568877979,21:54:37.979,42.3448023,-71.0825832,16.659
9466,2481455104,1769568878210,21:54:38.210,42.3448023,-71.0825832,16.659
9467,2481717248,1769568878440,21:54:38.440,42.3448023,-71.0825832,16.659
9468,2481979392,1769568878660,21:54:38.660,42.3448023,-71.0825832,16.659
9469,2482241536,1769568878880,21:54:38.880,42.3448023,-71.0825832,16.659
9470,2482503680,1769568879122,21:54:39.122,42.3448023,-71.0825832,16.659
9471,2482765824,1769568879346,21:54:39.346,42.3448023,-71.0825832,16.659
9472,2483027968,1769568879569,21:54:39.569,42.3448023,-71.0825832,16.659
9473,2483290112,1769568879795,21:54:39.795,42.3448023,-71.0825832,16.659
9474,2483552256,1769568880018,21:54:40.018,42.3448023,-71.0825832,16.659
9475,2483814400,1769568880264,21:54:40.264,42.3448023,-71.0825832,16.659
9476,2484076544,1769568880488,21:54:40.488,42.3448023,-71.0825832,16.659
9477,2484338688,1769568880717,21:54:40.717,42.3448023,-71.0825832,16.659
9478,2484600832,1769568880936,21:54:40.936,42.3448023,-71.0825832,16.659
9479,2484862976,1769568881165,21:54:41.165,42.3448023,-71.0825832,16.659
9480,2485125120,1769568881382,21:54:41.382,42.3448023,-71.0825832,16.659
9481,2485387264,1769568881613,21:54:41.613,42.3448023,-71.0825832,16.659
9482,2485649408,1769568881858,21:54:41.858,42.3448023,-71.0825832,16.659
9483,2485911552,1769568882087,21:54:42.087,42.3448023,-71.0825832,16.659
9484,2486173696,1769568882321,21:54:42.321,42.3448023,-71.0825832,16.659
9485,2486435840,1769568882556,21:54:42.556,42.3448023,-71.0825832,16.659
9486,2486697984,1769568882797,21:54:42.797,42.3448023,-71.0825832,16.659
9487,2486960128,1769568883039,21:54:43.039,42.3448023,-71.0825832,16.659
9488,2487222272,1769568883278,21:54:43.278,42.3448023,-71.0825832,16.659
9489,2487484416,1769568883523,21:54:43.523,42.3448023,-71.0825832,16.659
9490,2487746560,1769568883766,21:54:43.766,42.3448023,-71.0825832,16.659
9491,2488008704,1769568884016,21:54:44.016,42.3448023,-71.0825832,16.659
9492,2488270848,1769568884264,21:54:44.264,42.3448023,-71.0825832,16.659
9493,2488532992,1769568884522,21:54:44.522,42.3448023,-71.0825832,16.659
9494,2488795136,1769568884775,21:54:44.775,42.3448023,-71.0825832,16.659
9495,2489057280,1769568885011,21:54:45.011,42.3448023,-71.0825832,16.659
9496,2489319424,1769568885257,21:54:45.257,42.3448023,-71.0825832,16.659
9497,2489581568,1769568885490,21:54:45.490,42.3448023,-71.0825832,16.659
9498,2489843712,1769568885733,21:54:45.733,42.3448023,-71.0825832,16.659
9499,2490105856,1769568885956,21:54:45.956,42.3448023,-71.0825832,16.659
9500,2490368000,1769568903970,21:55:03.970,42.3448023,-71.0825832,16.659
9501,2490630144,1769568904221,21:55:04.221,42.3448023,-71.0825832,16.659
9502,2490892288,1769568904443,21:55:04.443,42.3448023,-71.0825832,16.659
9503,2491154432,1769568904674,21:55:04.674,42.3448023,-71.0825832,16.659
9504,2491416576,1769568904916,21:55:04.916,42.3448023,-71.0825832,16.659
9505,2491678720,1769568905155,21:55:05.155,42.3448023,-71.0825832,16.659
9506,2491940864,1769568905412,21:55:05.412,42.3448023,-71.0825832,16.659
9507,2492203008,1769568905683,21:55:05.683,42.3448023,-71.0825832,16.659
9508,2492465152,1769568905920,21:55:05.920,42.3448023,-71.0825832,16.659
9509,2492727296,1769568906157,21:55:06.157,42.3448023,-71.0825832,16.659
9510,2492989440,1769568906385,21:55:06.385,42.3448023,-71.0825832,16.659
9511,2493251584,1769568906628,21:55:06.628,42.3448023,-71.0825832,16.659
9512,2493513728,1769568906873,21:55:06.873,42.3448023,-71.0825832,16.659
9513,2493775872,1769568907122,21:55:07.122,42.3448023,-71.0825832,16.659
9514,2494038016,1769568907362,21:55:07.362,42.3448023,-71.0825832,16.659
9515,2494300160,1769568907592,21:55:07.592,42.3448023,-71.0825832,16.659
9516,2494562304,1769568907824,21:55:07.824,42.3448023,-71.0825832,16.659
9517,2494824448,1769568908066,21:55:08.066,42.3448023,-71.0825832,16.659
9518,2495086592,1769568908308,21:55:08.308,42.3448023,-71.0825832,16.659
9519,2495348736,1769568908532,21:55:08.532,42.3448023,-71.0825832,16.659
9520,2495610880,1769568908769,21:55:08.769,42.3448023,-71.0825832,16.659
9521,2495873024,1769568909006,21:55:09.006,42.3448023,-71.0825832,16.659
9522,2496135168,1769568909259,21:55:09.259,42.3448023,-71.0825832,16.659
9523,2496397312,1769568909530,21:55:09.530,42.3448023,-71.0825832,16.659
9524,2496659456,1769568909781,21:55:09.781,42.3448023,-71.0825832,16.659
9525,2496921600,1769568910016,21:55:10.016,42.3448023,-71.0825832,16.659
9526,2497183744,1769568910253,21:55:10.253,42.3448023,-71.0825832,16.659
9527,2497445888,1769568910502,21:55:10.502,42.3448023,-71.0825832,16.659
9528,2497708032,1769568910737,21:55:10.737,42.3448023,-71.0825832,16.659
9529,2497970176,1769568910978,21:55:10.978,42.3448023,-71.0825832,16.659
9530,2498232320,1769568911203,21:55:11.203,42.3448023,-71.0825832,16.659
9531,2498494464,1769568911447,21:55:11.447,42.3448023,-71.0825832,16.659
9532,2498756608,1769568911682,21:55:11.682,42.3448023,-71.0825832,16.659
9533,2499018752,1769568911911,21:55:11.911,42.3448023,-71.0825832,16.659
9534,2499280896,1769568912150,21:55:12.150,42.3448023,-71.0825832,16.659
9535,2499543040,1769568912388,21:55:12.388,42.3448023,-71.0825832,16.659
9536,2499805184,1769568912638,21:55:12.638,42.3448023,-71.0825832,16.659
9537,2500067328,1769568912886,21:55:12.886,42.3448023,-71.0825832,16.659
9538,2500329472,1769568913110,21:55:13.110,42.3448023,-71.0825832,16.659
9539,2500591616,1769568913335,21:55:13.335,42.3448023,-71.0825832,16.659
9540,2500853760,1769568913549,21:55:13.549,42.3448023,-71.0825832,16.659
9541,2501115904,1769568913769,21:55:13.769,42.3448023,-71.0825832,16.659
9542,2501378048,1769568913984,21:55:13.984,42.3448023,-71.0825832,16.659
9543,2501640192,1769568914193,21:55:14.193,42.3448023,-71.0825832,16.659
9544,2501902336,1769568914411,21:55:14.411,42.3448023,-71.0825832,16.659
9545,2502164480,1769568914647,21:55:14.647,42.3448023,-71.0825832,16.659
9546,2502426624,1769568914863,21:55:14.863,42.3448023,-71.0825832,16.659
9547,2502688768,1769568915082,21:55:15.082,42.3448023,-71.0825832,16.659
9548,2502950912,1769568915299,21:55:15.299,42.3448023,-71.0825832,16.659
9549,2503213056,1769568915519,21:55:15.519,42.3448023,-71.0825832,16.659
9550,2503475200,1769568915728,21:55:15.728,42.3448023,-71.0825832,16.659
9551,2503737344,1769568915942,21:55:15.942,42.3448023,-71.0825832,16.659
9552,2503999488,1769568916153,21:55:16.153,42.3448023,-71.0825832,16.659
9553,2504261632,1769568916363,21:55:16.363,42.3448023,-71.0825832,16.659
9554,2504523776,1769568916579,21:55:16.579,42.3448023,-71.0825832,16.659
9555,2504785920,1769568934732,21:55:34.732,42.3448023,-71.0825832,16.659
9556,2505048064,1769568934966,21:55:34.966,42.3448023,-71.0825832,16.659
9557,2505310208,1769568935207,21:55:35.207,42.3448023,-71.0825832,16.659
9558,2505572352,1769568935459,21:55:35.459,42.3448023,-71.0825832,16.659
9559,2505834496,1769568935706,21:55:35.706,42.3448023,-71.0825832,16.659
9560,2506096640,1769568935947,21:55:35.947,42.3448023,-71.0825832,16.659
9561,2506358784,1769568936192,21:55:36.192,42.3448023,-71.0825832,16.659
9562,2506620928,1769568936411,21:55:36.411,42.3448023,-71.0825832,16.659
9563,2506883072,1769568936657,21:55:36.657,42.3448023,-71.0825832,16.659
9564,2507145216,1769568936906,21:55:36.906,42.3448023,-71.0825832,16.659
9565,2507407360,1769568937158,21:55:37.158,42.3448023,-71.0825832,16.659
9566,2507669504,1769568937390,21:55:37.390,42.3448023,-71.0825832,16.659
9567,2507931648,1769568937636,21:55:37.636,42.3448023,-71.0825832,16.659
9568,2508193792,1769568937852,21:55:37.852,42.3448023,-71.0825832,16.659
9569,2508455936,1769568938069,21:55:38.069,42.3448023,-71.0825832,16.659
9570,2508718080,1769568938290,21:55:38.290,42.3448023,-71.0825832,16.659
9571,2508980224,1769568938513,21:55:38.513,42.3448023,-71.0825832,16.659
9572,2509242368,1769568938729,21:55:38.729,42.3448023,-71.0825832,16.659
9573,2509504512,1769568938948,21:55:38.948,42.3448023,-71.0825832,16.659
9574,2509766656,1769568939174,21:55:39.174,42.3448023,-71.0825832,16.659
9575,2510028800,1769568939389,21:55:39.389,42.3448023,-71.0825832,16.659
9576,2510290944,1769568939612,21:55:39.612,42.3448023,-71.0825832,16.659
9577,2510553088,1769568939836,21:55:39.836,42.3448023,-71.0825832,16.659
9578,2510815232,1769568940070,21:55:40.070,42.3448023,-71.0825832,16.659
9579,2511077376,1769568940304,21:55:40.304,42.3448023,-71.0825832,16.659
9580,2511339520,1769568940541,21:55:40.541,42.3448023,-71.0825832,16.659
9581,2511601664,1769568940766,21:55:40.766,42.3448023,-71.0825832,16.659
9582,2511863808,1769568940980,21:55:40.980,42.3448023,-71.0825832,16.659
9583,2512125952,1769568941204,21:55:41.204,42.3448023,-71.0825832,16.659
9584,2512388096,1769568941433,21:55:41.433,42.3448023,-71.0825832,16.659
9585,2512650240,1769568941654,21:55:41.654,42.3448023,-71.0825832,16.659
9586,2512912384,1769568941870,21:55:41.870,42.3448023,-71.0825832,16.659
9587,2513174528,1769568942084,21:55:42.084,42.3448023,-71.0825832,16.659
9588,2513436672,1769568942321,21:55:42.321,42.3448023,-71.0825832,16.659
9589,2513698816,1769568942542,21:55:42.542,42.3448023,-71.0825832,16.659
9590,2513960960,1769568942782,21:55:42.782,42.3448023,-71.0825832,16.659
9591,2514223104,1769568943004,21:55:43.004,42.3448023,-71.0825832,16.659
9592,2514485248,1769568943227,21:55:43.227,42.3448023,-71.0825832,16.659
9593,2514747392,1769568943441,21:55:43.441,42.3448023,-71.0825832,16.659
9594,2515009536,1769568943683,21:55:43.683,42.3448023,-71.0825832,16.659
9595,2515271680,1769568943915,21:55:43.915,42.3448023,-71.0825832,16.659
9596,2515533824,1769568944134,21:55:44.134,42.3448023,-71.0825832,16.659
9597,2515795968,1769568944353,21:55:44.353,42.3448023,-71.0825832,16.659
9598,2516058112,1769568944574,21:55:44.574,42.3448023,-71.0825832,16.659
9599,2516320256,1769568944813,21:55:44.813,42.3448023,-71.0825832,16.659
9600,2516582400,1769568945035,21:55:45.035,42.3448023,-71.0825832,16.659
9601,2516844544,1769568945259,21:55:45.259,42.3448023,-71.0825832,16.659
9602,2517106688,1769568945494,21:55:45.494,42.3448023,-71.0825832,16.659
9603,2517368832,1769568945721,21:55:45.721,42.3448023,-71.0825832,16.659
9604,2517630976,1769568945933,21:55:45.933,42.3448023,-71.0825832,16.659
9605,2517893120,1769568946154,21:55:46.154,42.3448023,-71.0825832,16.659
9606,2518155264,1769568946383,21:55:46.383,42.3448023,-71.0825832,16.659
9607,2518417408,1769568946604,21:55:46.604,42.3448023,-71.0825832,16.659
9608,2518679552,1769568965664,21:56:05.664,42.3448023,-71.0825832,16.659
9609,2518941696,1769568965881,21:56:05.881,42.3448023,-71.0825832,16.659
9610,2519203840,1769568966111,21:56:06.111,42.3448023,-71.0825832,16.659
9611,2519465984,1769568966326,21:56:06.326,42.3448023,-71.0825832,16.659
9612,2519728128,1769568966558,21:56:06.558,42.3448023,-71.0825832,16.659
9613,2519990272,1769568966780,21:56:06.780,42.3448023,-71.0825832,16.659
9614,2520252416,1769568967012,21:56:07.012,42.3448023,-71.0825832,16.659
9615,2520514560,1769568967226,21:56:07.226,42.3448023,-71.0825832,16.659
9616,2520776704,1769568967437,21:56:07.437,42.3448023,-71.0825832,16.659
9617,2521038848,1769568967651,21:56:07.651,42.3448023,-71.0825832,16.659
9618,2521300992,1769568967878,21:56:07.878,42.3448023,-71.0825832,16.659
9619,2521563136,1769568968089,21:56:08.089,42.3448023,-71.0825832,16.659
9620,2521825280,1769568968303,21:56:08.303,42.3448023,-71.0825832,16.659
9621,2522087424,1769568968513,21:56:08.513,42.3448023,-71.0825832,16.659
9622,2522349568,1769568968725,21:56:08.725,42.3448023,-71.0825832,16.659
9623,2522611712,1769568968936,21:56:08.936,42.3448023,-71.0825832,16.659
9624,2522873856,1769568969151,21:56:09.151,42.3448023,-71.0825832,16.659
9625,2523136000,1769568969364,21:56:09.364,42.3448023,-71.0825832,16.659
9626,2523398144,1769568969571,21:56:09.571,42.3448023,-71.0825832,16.659
9627,2523660288,1769568969794,21:56:09.794,42.3448023,-71.0825832,16.659
9628,2523922432,1769568970009,21:56:10.009,42.3448023,-71.0825832,16.659
9629,2524184576,1769568970224,21:56:10.224,42.3448023,-71.0825832,16.659
9630,2524446720,1769568970447,21:56:10.447,42.3448023,-71.0825832,16.659
9631,2524708864,1769568970661,21:56:10.661,42.3448023,-71.0825832,16.659
9632,2524971008,1769568970933,21:56:10.933,42.3448023,-71.0825832,16.659
9633,2525233152,1769568971170,21:56:11.170,42.3448023,-71.0825832,16.659
9634,2525495296,1769568971410,21:56:11.410,42.3448023,-71.0825832,16.659
9635,2525757440,1769568971622,21:56:11.622,42.3448023,-71.0825832,16.659
9636,2526019584,1769568971837,21:56:11.837,42.3448023,-71.0825832,16.659
9637,2526281728,1769568972052,21:56:12.052,42.3448023,-71.0825832,16.659
9638,2526543872,1769568972294,21:56:12.294,42.3448023,-71.0825832,16.659
9639,2526806016,1769568972545,21:56:12.545,42.3448023,-71.0825832,16.659
9640,2527068160,1769568972762,21:56:12.762,42.3448023,-71.0825832,16.659
9641,2527330304,1769568972972,21:56:12.972,42.3448023,-71.0825832,16.659
9642,2527592448,1769568973186,21:56:13.186,42.3448023,-71.0825832,16.659
9643,2527854592,1769568973398,21:56:13.398,42.3448023,-71.0825832,16.659
9644,2528116736,1769568973612,21:56:13.612,42.3448023,-71.0825832,16.659
9645,2528378880,1769568973823,21:56:13.823,42.3448023,-71.0825832,16.659
9646,2528641024,1769568974042,21:56:14.042,42.3448023,-71.0825832,16.659
9647,2528903168,1769568974260,21:56:14.260,42.3448023,-71.0825832,16.659
9648,2529165312,1769568974473,21:56:14.473,42.3448023,-71.0825832,16.659
9649,2529427456,1769568974688,21:56:14.688,42.3448023,-71.0825832,16.659
9650,2529689600,1769568974905,21:56:14.905,42.3448023,-71.0825832,16.659
9651,2529951744,1769568975133,21:56:15.133,42.3448023,-71.0825832,16.659
9652,2530213888,1769568975363,21:56:15.363,42.3448023,-71.0825832,16.659
9653,2530476032,1769568976513,21:56:16.513,42.3448023,-71.0825832,16.659
9654,2530738176,1769568996567,21:56:36.567,42.3448023,-71.0825832,16.659
9655,2531000320,1769568996784,21:56:36.784,42.3448023,-71.0825832,16.659
9656,2531262464,1769568996994,21:56:36.994,42.3448023,-71.0825832,16.659
9657,2531524608,1769568997209,21:56:37.209,42.3448023,-71.0825832,16.659
9658,2531786752,1769568997427,21:56:37.427,42.3448023,-71.0825832,16.659
9659,2532048896,1769568997646,21:56:37.646,42.3448023,-71.0825832,16.659
9660,2532311040,1769568997880,21:56:37.880,42.3448023,-71.0825832,16.659
9661,2532573184,1769568998104,21:56:38.104,42.3448023,-71.0825832,16.659
9662,2532835328,1769568998315,21:56:38.315,42.3448023,-71.0825832,16.659
9663,2533097472,1769568998562,21:56:38.562,42.3448023,-71.0825832,16.659
9664,2533359616,1769568998777,21:56:38.777,42.3448023,-71.0825832,16.659
9665,2533621760,1769568998991,21:56:38.991,42.3448023,-71.0825832,16.659
9666,2533883904,1769568999215,21:56:39.215,42.3448023,-71.0825832,16.659
9667,2534146048,1769568999429,21:56:39.429,42.3448023,-71.0825832,16.659
9668,2534408192,1769568999650,21:56:39.650,42.3448023,-71.0825832,16.659
9669,2534670336,1769568999880,21:56:39.880,42.3448023,-71.0825832,16.659
9670,2534932480,1769569000096,21:56:40.096,42.3448023,-71.0825832,16.659
9671,2535194624,1769569000332,21:56:40.332,42.3448023,-71.0825832,16.659
9672,2535456768,1769569000561,21:56:40.561,42.3448023,-71.0825832,16.659
9673,2535718912,1769569000790,21:56:40.790,42.3448023,-71.0825832,16.659
9674,2535981056,1769569001006,21:56:41.006,42.3448023,-71.0825832,16.659
9675,2536243200,1769569001231,21:56:41.231,42.3448023,-71.0825832,16.659
9676,2536505344,1769569001471,21:56:41.471,42.3448023,-71.0825832,16.659
9677,2536767488,1769569001711,21:56:41.711,42.3448023,-71.0825832,16.659
9678,2537029632,1769569001954,21:56:41.954,42.3448023,-71.0825832,16.659
9679,2537291776,1769569002177,21:56:42.177,42.3448023,-71.0825832,16.659
9680,2537553920,1769569002414,21:56:42.414,42.3448023,-71.0825832,16.659
9681,2537816064,1769569002630,21:56:42.630,42.3448023,-71.0825832,16.659
9682,2538078208,1769569002853,21:56:42.853,42.3448023,-71.0825832,16.659
9683,2538340352,1769569003081,21:56:43.081,42.3448023,-71.0825832,16.659
9684,2538602496,1769569003324,21:56:43.324,42.3448023,-71.0825832,16.659
9685,2538864640,1769569003570,21:56:43.570,42.3448023,-71.0825832,16.659
9686,2539126784,1769569003826,21:56:43.826,42.3448023,-71.0825832,16.659
9687,2539388928,1769569004051,21:56:44.051,42.3448023,-71.0825832,16.659
9688,2539651072,1769569004295,21:56:44.295,42.3448023,-71.0825832,16.659
9689,2539913216,1769569004522,21:56:44.522,42.3448023,-71.0825832,16.659
9690,2540175360,1769569004772,21:56:44.772,42.3448023,-71.0825832,16.659
9691,2540437504,1769569004994,21:56:44.994,42.3448023,-71.0825832,16.659
9692,2540699648,1769569005228,21:56:45.228,42.3448023,-71.0825832,16.659
9693,2540961792,1769569005461,21:56:45.461,42.3448023,-71.0825832,16.659
9694,2541223936,1769569005700,21:56:45.700,42.3448023,-71.0825832,16.659
9695,2541486080,1769569005946,21:56:45.946,42.3448023,-71.0825832,16.659
9696,2541748224,1769569006173,21:56:46.173,42.3448023,-71.0825832,16.659
9697,2542010368,1769569006402,21:56:46.402,42.3448023,-71.0825832,16.659
9698,2542272512,1769569006611,21:56:46.611,42.3448023,-71.0825832,16.659
9699,2542534656,1769569006831,21:56:46.831,42.3448023,-71.0825832,16.659
9700,2542796800,1769569007041,21:56:47.041,42.3448023,-71.0825832,16.659
9701,2543058944,1769569007254,21:56:47.254,42.3448023,-71.0825832,16.659
9702,2543321088,1769569007481,21:56:47.481,42.3448023,-71.0825832,16.659
9703,2543583232,1769569007729,21:56:47.729,42.3448023,-71.0825832,16.659
9704,2543845376,1769569008360,21:56:48.360,42.3448023,-71.0825832,16.659
9705,2544107520,1769569008962,21:56:48.962,42.3448023,-71.0825832,16.659
9706,2544369664,1769569009575,21:56:49.575,42.3448023,-71.0825832,16.659
9707,2544631808,1769569010189,21:56:50.189,42.3448023,-71.0825832,16.659
9708,2544893952,1769569010783,21:56:50.783,42.3448023,-71.0825832,16.659
9709,2545156096,1769569011390,21:56:51.390,42.3448023,-71.0825832,16.659
9710,2545418240,1769569012001,21:56:52.001,42.3448023,-71.0825832,16.659
9711,2545680384,1769569012606,21:56:52.606,42.3448023,-71.0825832,16.659
9712,2545942528,1769569013176,21:56:53.176,42.3448023,-71.0825832,16.659
9713,2546204672,1769569013580,21:56:53.580,42.3448023,-71.0825832,16.659
9714,2546466816,1769569013872,21:56:53.872,42.3448023,-71.0825832,16.659
9715,2546728960,1769569034918,21:57:14.918,42.3448023,-71.0825832,16.659
9716,2546991104,1769569035164,21:57:15.164,42.3448023,-71.0825832,16.659
9717,2547253248,1769569035389,21:57:15.389,42.3448023,-71.0825832,16.659
9718,2547515392,1769569035615,21:57:15.615,42.3448023,-71.0825832,16.659
9719,2547777536,1769569035842,21:57:15.842,42.3448023,-71.0825832,16.659
9720,2548039680,1769569036071,21:57:16.071,42.3448023,-71.0825832,16.659
9721,2548301824,1769569036312,21:57:16.312,42.3448023,-71.0825832,16.659
9722,2548563968,1769569036556,21:57:16.556,42.3448023,-71.0825832,16.659
9723,2548826112,1769569036806,21:57:16.806,42.3448023,-71.0825832,16.659
9724,2549088256,1769569037023,21:57:17.023,42.3448023,-71.0825832,16.659
9725,2549350400,1769569037263,21:57:17.263,42.3448023,-71.0825832,16.659
9726,2549612544,1769569037504,21:57:17.504,42.3448023,-71.0825832,16.659
9727,2549874688,1769569037743,21:57:17.743,42.3448023,-71.0825832,16.659
9728,2550136832,1769569037982,21:57:17.982,42.3448023,-71.0825832,16.659
9729,2550398976,1769569038223,21:57:18.223,42.3448023,-71.0825832,16.659
9730,2550661120,1769569038457,21:57:18.457,42.3448023,-71.0825832,16.659
9731,2550923264,1769569038702,21:57:18.702,42.3448023,-71.0825832,16.659
9732,2551185408,1769569038926,21:57:18.926,42.3448023,-71.0825832,16.659
9733,2551447552,1769569039168,21:57:19.168,42.3448023,-71.0825832,16.659
9734,2551709696,1769569039385,21:57:19.385,42.3448023,-71.0825832,16.659
9735,2551971840,1769569039602,21:57:19.602,42.3448023,-71.0825832,16.659
9736,2552233984,1769569039827,21:57:19.827,42.3448023,-71.0825832,16.659
9737,2552496128,1769569040045,21:57:20.045,42.3448023,-71.0825832,16.659
9738,2552758272,1769569040287,21:57:20.287,42.3448023,-71.0825832,16.659
9739,2553020416,1769569040509,21:57:20.509,42.3448023,-71.0825832,16.659
9740,2553282560,1769569040728,21:57:20.728,42.3448023,-71.0825832,16.659
9741,2553544704,1769569040950,21:57:20.950,42.3448023,-71.0825832,16.659
9742,2553806848,1769569041182,21:57:21.182,42.3448023,-71.0825832,16.659
9743,2554068992,1769569041405,21:57:21.405,42.3448023,-71.0825832,16.659
9744,2554331136,1769569041636,21:57:21.636,42.3448023,-71.0825832,16.659
9745,2554593280,1769569041866,21:57:21.866,42.3448023,-71.0825832,16.659
9746,2554855424,1769569042112,21:57:22.112,42.3448023,-71.0825832,16.659
9747,2555117568,1769569042359,21:57:22.359,42.3448023,-71.0825832,16.659
9748,2555379712,1769569042609,21:57:22.609,42.3448023,-71.0825832,16.659
9749,2555641856,1769569042866,21:57:22.866,42.3448023,-71.0825832,16.659
9750,2555904000,1769569043119,21:57:23.119,42.3448023,-71.0825832,16.659
9751,2556166144,1769569043368,21:57:23.368,42.3448023,-71.0825832,16.659
9752,2556428288,1769569043636,21:57:23.636,42.3448023,-71.0825832,16.659
9753,2556690432,1769569043897,21:57:23.897,42.3448023,-71.0825832,16.659
9754,2556952576,1769569044168,21:57:24.168,42.3448023,-71.0825832,16.659
9755,2557214720,1769569044415,21:57:24.415,42.3448023,-71.0825832,16.659
9756,2557476864,1769569044660,21:57:24.660,42.3448023,-71.0825832,16.659
9757,2557739008,1769569065754,21:57:45.754,42.3448023,-71.0825832,16.659
9758,2558001152,1769569066009,21:57:46.009,42.3448023,-71.0825832,16.659
9759,2558263296,1769569066269,21:57:46.269,42.3448023,-71.0825832,16.659
9760,2558525440,1769569066534,21:57:46.534,42.3448023,-71.0825832,16.659
9761,2558787584,1769569066795,21:57:46.795,42.3448023,-71.0825832,16.659
9762,2559049728,1769569067052,21:57:47.052,42.3448023,-71.0825832,16.659
9763,2559311872,1769569067282,21:57:47.282,42.3448023,-71.0825832,16.659
9764,2559574016,1769569067505,21:57:47.505,42.3448023,-71.0825832,16.659
9765,2559836160,1769569067720,21:57:47.720,42.3448023,-71.0825832,16.659
9766,2560098304,1769569067960,21:57:47.960,42.3448023,-71.0825832,16.659
9767,2560360448,1769569068189,21:57:48.189,42.3448023,-71.0825832,16.659
9768,2560622592,1769569068451,21:57:48.451,42.3448023,-71.0825832,16.659
9769,2560884736,1769569068703,21:57:48.703,42.3448023,-71.0825832,16.659
9770,2561146880,1769569068940,21:57:48.940,42.3448023,-71.0825832,16.659
9771,2561409024,1769569069172,21:57:49.172,42.3448023,-71.0825832,16.659
9772,2561671168,1769569069421,21:57:49.421,42.3448023,-71.0825832,16.659
9773,2561933312,1769569069665,21:57:49.665,42.3448023,-71.0825832,16.659
9774,2562195456,1769569069912,21:57:49.912,42.3448023,-71.0825832,16.659
9775,2562457600,1769569070166,21:57:50.166,42.3448023,-71.0825832,16.659
9776,2562719744,1769569070404,21:57:50.404,42.3448023,-71.0825832,16.659
9777,2562981888,1769569070657,21:57:50.657,42.3448023,-71.0825832,16.659
9778,2563244032,1769569070901,21:57:50.901,42.3448023,-71.0825832,16.659
9779,2563506176,1769569071132,21:57:51.132,42.3448023,-71.0825832,16.659
9780,2563768320,1769569071366,21:57:51.366,42.3448023,-71.0825832,16.659
9781,2564030464,1769569071616,21:57:51.616,42.3448023,-71.0825832,16.659
9782,2564292608,1769569071873,21:57:51.873,42.3448023,-71.0825832,16.659
9783,2564554752,1769569072110,21:57:52.110,42.3448023,-71.0825832,16.659
9784,2564816896,1769569072336,21:57:52.336,42.3448023,-71.0825832,16.659
9785,2565079040,1769569072578,21:57:52.578,42.3448023,-71.0825832,16.659
9786,2565341184,1769569072838,21:57:52.838,42.3448023,-71.0825832,16.659
9787,2565603328,1769569073074,21:57:53.074,42.3448023,-71.0825832,16.659
9788,2565865472,1769569073326,21:57:53.326,42.3448023,-71.0825832,16.659
9789,2566127616,1769569073568,21:57:53.568,42.3448023,-71.0825832,16.659
9790,2566389760,1769569073815,21:57:53.815,42.3448023,-71.0825832,16.659
9791,2566651904,1769569074048,21:57:54.048,42.3448023,-71.0825832,16.659
9792,2566914048,1769569074290,21:57:54.290,42.3448023,-71.0825832,16.659
9793,2567176192,1769569074513,21:57:54.513,42.3448023,-71.0825832,16.659
9794,2567438336,1769569074744,21:57:54.744,42.3448023,-71.0825832,16.659
9795,2567700480,1769569097194,21:58:17.194,42.3448023,-71.0825832,16.659
9796,2567962624,1769569097430,21:58:17.430,42.3448023,-71.0825832,16.659
9797,2568224768,1769569097671,21:58:17.671,42.3448023,-71.0825832,16.659
9798,2568486912,1769569097916,21:58:17.916,42.3448023,-71.0825832,16.659
9799,2568749056,1769569098159,21:58:18.159,42.3448023,-71.0825832,16.659
9800,2569011200,1769569098414,21:58:18.414,42.3448023,-71.0825832,16.659
9801,2569273344,1769569098648,21:58:18.648,42.3448023,-71.0825832,16.659
9802,2569535488,1769569098880,21:58:18.880,42.3448023,-71.0825832,16.659
9803,2569797632,1769569099114,21:58:19.114,42.3448023,-71.0825832,16.659
9804,2570059776,1769569099360,21:58:19.360,42.3448023,-71.0825832,16.659
9805,2570321920,1769569099610,21:58:19.610,42.3448023,-71.0825832,16.659
9806,2570584064,1769569099862,21:58:19.862,42.3448023,-71.0825832,16.659
9807,2570846208,1769569100104,21:58:20.104,42.3448023,-71.0825832,16.659
9808,2571108352,1769569100353,21:58:20.353,42.3448023,-71.0825832,16.659
9809,2571370496,1769569100590,21:58:20.590,42.3448023,-71.0825832,16.659
9810,2571632640,1769569100849,21:58:20.849,42.3448023,-71.0825832,16.659
9811,2571894784,1769569101100,21:58:21.100,42.3448023,-71.0825832,16.659
9812,2572156928,1769569101326,21:58:21.326,42.3448023,-71.0825832,16.659
9813,2572419072,1769569101562,21:58:21.562,42.3448023,-71.0825832,16.659
9814,2572681216,1769569101822,21:58:21.822,42.3448023,-71.0825832,16.659
9815,2572943360,1769569102085,21:58:22.085,42.3448023,-71.0825832,16.659
9816,2573205504,1769569102317,21:58:22.317,42.3448023,-71.0825832,16.659
9817,2573467648,1769569102564,21:58:22.564,42.3448023,-71.0825832,16.659
9818,2573729792,1769569102811,21:58:22.811,42.3448023,-71.0825832,16.659
9819,2573991936,1769569103062,21:58:23.062,42.3448023,-71.0825832,16.659
9820,2574254080,1769569103305,21:58:23.305,42.3448023,-71.0825832,16.659
9821,2574516224,1769569103544,21:58:23.544,42.3448023,-71.0825832,16.659
9822,2574778368,1769569103772,21:58:23.772,42.3448023,-71.0825832,16.659
9823,2575040512,1769569104011,21:58:24.011,42.3448023,-71.0825832,16.659
9824,2575302656,1769569104256,21:58:24.256,42.3448023,-71.0825832,16.659
9825,2575564800,1769569104495,21:58:24.495,42.3448023,-71.0825832,16.659
9826,2575826944,1769569104720,21:58:24.720,42.3448023,-71.0825832,16.659
9827,2576089088,1769569104952,21:58:24.952,42.3448023,-71.0825832,16.659
9828,2576351232,1769569127870,21:58:47.870,42.3448023,-71.0825832,16.659
9829,2576613376,1769569128144,21:58:48.144,42.3448023,-71.0825832,16.659
9830,2576875520,1769569128378,21:58:48.378,42.3448023,-71.0825832,16.659
9831,2577137664,1769569128613,21:58:48.613,42.3448023,-71.0825832,16.659
9832,2577399808,1769569128862,21:58:48.862,42.3448023,-71.0825832,16.659
9833,2577661952,1769569129105,21:58:49.105,42.3448023,-71.0825832,16.659
9834,2577924096,1769569129352,21:58:49.352,42.3448023,-71.0825832,16.659
9835,2578186240,1769569129560,21:58:49.560,42.3448023,-71.0825832,16.659
9836,2578448384,1769569129782,21:58:49.782,42.3448023,-71.0825832,16.659
9837,2578710528,1769569130003,21:58:50.003,42.3448023,-71.0825832,16.659
9838,2578972672,1769569130219,21:58:50.219,42.3448023,-71.0825832,16.659
9839,2579234816,1769569130444,21:58:50.444,42.3448023,-71.0825832,16.659
9840,2579496960,1769569130660,21:58:50.660,42.3448023,-71.0825832,16.659
9841,2579759104,1769569130879,21:58:50.879,42.3448023,-71.0825832,16.659
9842,2580021248,1769569131100,21:58:51.100,42.3448023,-71.0825832,16.659
9843,2580283392,1769569131312,21:58:51.312,42.3448023,-71.0825832,16.659
9844,2580545536,1769569131545,21:58:51.545,42.3448023,-71.0825832,16.659
9845,2580807680,1769569131768,21:58:51.768,42.3448023,-71.0825832,16.659
9846,2581069824,1769569131998,21:58:51.998,42.3448023,-71.0825832,16.659
9847,2581331968,1769569132234,21:58:52.234,42.3448023,-71.0825832,16.659
9848,2581594112,1769569132461,21:58:52.461,42.3448023,-71.0825832,16.659
9849,2581856256,1769569132711,21:58:52.711,42.3448023,-71.0825832,16.659
9850,2582118400,1769569132944,21:58:52.944,42.3448023,-71.0825832,16.659
9851,2582380544,1769569133153,21:58:53.153,42.3448023,-71.0825832,16.659
9852,2582642688,1769569133379,21:58:53.379,42.3448023,-71.0825832,16.659
9853,2582904832,1769569133636,21:58:53.636,42.3448023,-71.0825832,16.659
9854,2583166976,1769569133868,21:58:53.868,42.3448023,-71.0825832,16.659
9855,2583429120,1769569134107,21:58:54.107,42.3448023,-71.0825832,16.659
9856,2583691264,1769569134371,21:58:54.371,42.3448023,-71.0825832,16.659
9857,2583953408,1769569134618,21:58:54.618,42.3448023,-71.0825832,16.659
9858,2584215552,1769569134867,21:58:54.867,42.3448023,-71.0825832,16.659
9859,2584477696,1769569135104,21:58:55.104,42.3448023,-71.0825832,16.659
9860,2584739840,1769569135351,21:58:55.351,42.3448023,-71.0825832,16.659
9924,2601517056,1769569159130,21:59:19.130,42.3448023,-71.0825832,16.659
9925,2601779200,1769569159351,21:59:19.351,42.3448023,-71.0825832,16.659
9926,2602041344,1769569159565,21:59:19.565,42.3448023,-71.0825832,16.659
9927,2602303488,1769569159779,21:59:19.779,42.3448023,-71.0825832,16.659
9928,2602565632,1769569159994,21:59:19.994,42.3448023,-71.0825832,16.659
9929,2602827776,1769569160225,21:59:20.225,42.3448023,-71.0825832,16.659
9930,2603089920,1769569160450,21:59:20.450,42.3448023,-71.0825832,16.659
9931,2603352064,1769569160660,21:59:20.660,42.3448023,-71.0825832,16.659
9932,2603614208,1769569160881,21:59:20.881,42.3448023,-71.0825832,16.659
9933,2603876352,1769569161107,21:59:21.107,42.3448023,-71.0825832,16.659
9934,2604138496,1769569161330,21:59:21.330,42.3448023,-71.0825832,16.659
9935,2604400640,1769569161553,21:59:21.553,42.3448023,-71.0825832,16.659
9936,2604662784,1769569161806,21:59:21.806,42.3448023,-71.0825832,16.659
9937,2604924928,1769569162037,21:59:22.037,42.3448023,-71.0825832,16.659
9938,2605187072,1769569162282,21:59:22.282,42.3448023,-71.0825832,16.659
9939,2605449216,1769569162542,21:59:22.542,42.3448023,-71.0825832,16.659
9940,2605711360,1769569162782,21:59:22.782,42.3448023,-71.0825832,16.659
9941,2605973504,1769569163022,21:59:23.022,42.3448023,-71.0825832,16.659
9942,2606235648,1769569163258,21:59:23.258,42.3448023,-71.0825832,16.659
9943,2606497792,1769569163508,21:59:23.508,42.3448023,-71.0825832,16.659
9944,2606759936,1769569163745,21:59:23.745,42.3448023,-71.0825832,16.659
9945,2607022080,1769569163997,21:59:23.997,42.3448023,-71.0825832,16.659
9946,2607284224,1769569164240,21:59:24.240,42.3448023,-71.0825832,16.659
9947,2607546368,1769569164483,21:59:24.483,42.3448023,-71.0825832,16.659
9948,2607808512,1769569164728,21:59:24.728,42.3448023,-71.0825832,16.659
9949,2608070656,1769569164944,21:59:24.944,42.3448023,-71.0825832,16.659
9950,2608332800,1769569165164,21:59:25.164,42.3448023,-71.0825832,16.659
9951,2608594944,1769569165384,21:59:25.384,42.3448023,-71.0825832,16.659
9952,2608857088,1769569165615,21:59:25.615,42.3448023,-71.0825832,16.659
9953,2609119232,1769569165848,21:59:25.848,42.3448023,-71.0825832,16.659
9954,2609381376,1769569166074,21:59:26.074,42.3448023,-71.0825832,16.659
9955,2609643520,1769569166307,21:59:26.307,42.3448023,-71.0825832,16.659
9956,2609905664,1769569166533,21:59:26.533,42.3448023,-71.0825832,16.659
9957,2610167808,1769569166756,21:59:26.756,42.3448023,-71.0825832,16.659
9958,2610429952,1769569166973,21:59:26.973,42.3448023,-71.0825832,16.659
9959,2610692096,1769569167206,21:59:27.206,42.3448023,-71.0825832,16.659
9960,2610954240,1769569191268,21:59:51.268,42.3448023,-71.0825832,16.659
9961,2611216384,1769569191515,21:59:51.515,42.3448023,-71.0825832,16.659
9962,2611478528,1769569191752,21:59:51.752,42.3448023,-71.0825832,16.659
9963,2611740672,1769569191991,21:59:51.991,42.3448023,-71.0825832,16.659
9964,2612002816,1769569192230,21:59:52.230,42.3448023,-71.0825832,16.659
9965,2612264960,1769569192484,21:59:52.484,42.3448023,-71.0825832,16.659
9966,2612527104,1769569192725,21:59:52.725,42.3448023,-71.0825832,16.659
9967,2612789248,1769569192976,21:59:52.976,42.3448023,-71.0825832,16.659
9968,2613051392,1769569193231,21:59:53.231,42.3448023,-71.0825832,16.659
9969,2613313536,1769569193474,21:59:53.474,42.3448023,-71.0825832,16.659
9970,2613575680,1769569193713,21:59:53.713,42.3448023,-71.0825832,16.659
9971,2613837824,1769569193966,21:59:53.966,42.3448023,-71.0825832,16.659
9972,2614099968,1769569194195,21:59:54.195,42.3448023,-71.0825832,16.659
9973,2614362112,1769569194422,21:59:54.422,42.3448023,-71.0825832,16.659
9974,2614624256,1769569194652,21:59:54.652,42.3448023,-71.0825832,16.659
9975,2614886400,1769569194878,21:59:54.878,42.3448023,-71.0825832,16.659
9976,2615148544,1769569195112,21:59:55.112,42.3448023,-71.0825832,16.659
9977,2615410688,1769569195348,21:59:55.348,42.3448023,-71.0825832,16.659
9978,2615672832,1769569195585,21:59:55.585,42.3448023,-71.0825832,16.659
9979,2615934976,1769569195822,21:59:55.822,42.3448023,-71.0825832,16.659
9980,2616197120,1769569196064,21:59:56.064,42.3448023,-71.0825832,16.659
9981,2616459264,1769569196307,21:59:56.307,42.3448023,-71.0825832,16.659
9982,2616721408,1769569196557,21:59:56.557,42.3448023,-71.0825832,16.659
9983,2616983552,1769569196800,21:59:56.800,42.3448023,-71.0825832,16.659
9984,2617245696,1769569197047,21:59:57.047,42.3448023,-71.0825832,16.659
9985,2617507840,1769569197298,21:59:57.298,42.3448023,-71.0825832,16.659
9986,2617769984,1769569197522,21:59:57.522,42.3448023,-71.0825832,16.659
9987,2618032128,1769569197761,21:59:57.761,42.3448023,-71.0825832,16.659
9988,2618294272,1769569223198,22:00:23.198,42.3448023,-71.0825832,16.659
9989,2618556416,1769569223452,22:00:23.452,42.3448023,-71.0825832,16.659
9990,2618818560,1769569223703,22:00:23.703,42.3448023,-71.0825832,16.659
9991,2619080704,1769569223942,22:00:23.942,42.3448023,-71.0825832,16.659
9992,2619342848,1769569224186,22:00:24.186,42.3448023,-71.0825832,16.659
9993,2619604992,1769569224433,22:00:24.433,42.3448023,-71.0825832,16.659
9994,2619867136,1769569224688,22:00:24.688,42.3448023,-71.0825832,16.659
9995,2620129280,1769569224928,22:00:24.928,42.3448023,-71.0825832,16.659
9996,2620391424,1769569225188,22:00:25.188,42.3448023,-71.0825832,16.659
9997,2620653568,1769569225430,22:00:25.430,42.3448023,-71.0825832,16.659
9998,2620915712,1769569225660,22:00:25.660,42.3448023,-71.0825832,16.659
9999,2621177856,1769569225899,22:00:25.899,42.3448023,-71.0825832,16.659
10000,2621440000,1769569226150,22:00:26.150,42.3448023,-71.0825832,16.659
10001,2621702144,1769569226387,22:00:26.387,42.3448023,-71.0825832,16.659
10002,2621964288,1769569226650,22:00:26.650,42.3448023,-71.0825832,16.659
10003,2622226432,1769569226896,22:00:26.896,42.3448023,-71.0825832,16.659
10004,2622488576,1769569227147,22:00:27.147,42.3448023,-71.0825832,16.659
10005,2622750720,1769569227399,22:00:27.399,42.3448023,-71.0825832,16.659
10006,2623012864,1769569227643,22:00:27.643,42.3448023,-71.0825832,16.659
10007,2623275008,1769569227897,22:00:27.897,42.3448023,-71.0825832,16.659
10125,2654208000,1769569254413,22:00:54.413,42.3448023,-71.0825832,16.659
10126,2654470144,1769569254636,22:00:54.636,42.3448023,-71.0825832,16.659
10127,2654732288,1769569254847,22:00:54.847,42.3448023,-71.0825832,16.659
10128,2654994432,1769569255064,22:00:55.064,42.3448023,-71.0825832,16.659
10129,2655256576,1769569255280,22:00:55.280,42.3448023,-71.0825832,16.659
10130,2655518720,1769569255497,22:00:55.497,42.3448023,-71.0825832,16.659
10131,2655780864,1769569255719,22:00:55.719,42.3448023,-71.0825832,16.659
10132,2656043008,1769569255944,22:00:55.944,42.3448023,-71.0825832,16.659
10133,2656305152,1769569256176,22:00:56.176,42.3448023,-71.0825832,16.659
10134,2656567296,1769569256421,22:00:56.421,42.3448023,-71.0825832,16.659
10135,2656829440,1769569256634,22:00:56.634,42.3448023,-71.0825832,16.659
10136,2657091584,1769569256870,22:00:56.870,42.3448023,-71.0825832,16.659
10137,2657353728,1769569257113,22:00:57.113,42.3448023,-71.0825832,16.659
10138,2657615872,1769569257339,22:00:57.339,42.3448023,-71.0825832,16.659
10139,2657878016,1769569257584,22:00:57.584,42.3448023,-71.0825832,16.659
10140,2658140160,1769569257815,22:00:57.815,42.3448023,-71.0825832,16.659
10141,2658402304,1769569258036,22:00:58.036,42.3448023,-71.0825832,16.659
10142,2658664448,1769569258257,22:00:58.257,42.3448023,-71.0825832,16.659
10143,2658926592,1769569285597,22:01:25.597,42.3448023,-71.0825832,16.659
10144,2659188736,1769569285839,22:01:25.839,42.3448023,-71.0825832,16.659
10145,2659450880,1769569286077,22:01:26.077,42.3448023,-71.0825832,16.659
10146,2659713024,1769569286309,22:01:26.309,42.3448023,-71.0825832,16.659
10147,2659975168,1769569286531,22:01:26.531,42.3448023,-71.0825832,16.659
10148,2660237312,1769569286779,22:01:26.779,42.3448023,-71.0825832,16.659
10149,2660499456,1769569287009,22:01:27.009,42.3448023,-71.0825832,16.659
10150,2660761600,1769569287239,22:01:27.239,42.3448023,-71.0825832,16.659
10151,2661023744,1769569287473,22:01:27.473,42.3448023,-71.0825832,16.659
10152,2661285888,1769569287709,22:01:27.709,42.3448023,-71.0825832,16.659
10153,2661548032,1769569287923,22:01:27.923,42.3448023,-71.0825832,16.659
10154,2661810176,1769569288181,22:01:28.181,42.3448023,-71.0825832,16.659
10155,2662072320,1769569288422,22:01:28.422,42.3448023,-71.0825832,16.659
10241,2684616704,1769569315930,22:01:55.930,42.3448023,-71.0825832,16.659
10242,2684878848,1769569316169,22:01:56.169,42.3448023,-71.0825832,16.659
10243,2685140992,1769569316394,22:01:56.394,42.3448023,-71.0825832,16.659
10244,2685403136,1769569316629,22:01:56.629,42.3448023,-71.0825832,16.659
10245,2685665280,1769569316854,22:01:56.854,42.3448023,-71.0825832,16.659
10246,2685927424,1769569317081,22:01:57.081,42.3448023,-71.0825832,16.659
10247,2686189568,1769569317296,22:01:57.296,42.3448023,-71.0825832,16.659
10248,2686451712,1769569317519,22:01:57.519,42.3448023,-71.0825832,16.659
10249,2686713856,1769569317744,22:01:57.744,42.3448023,-71.0825832,16.659
10250,2686976000,1769569317973,22:01:57.973,42.3448023,-71.0825832,16.659
10251,2687238144,1769569318193,22:01:58.193,42.3448023,-71.0825832,16.659
10252,2687500288,1769569318423,22:01:58.423,42.3448023,-71.0825832,16.659
10253,2687762432,1769569318662,22:01:58.662,42.3448023,-71.0825832,16.659
10254,2688024576,1769569318893,22:01:58.893,42.3448023,-71.0825832,16.659
10255,2688286720,1769569319107,22:01:59.107,42.3448023,-71.0825832,16.659
10256,2688548864,1769569347915,22:02:27.915,42.3448023,-71.0825832,16.659
10257,2688811008,1769569348142,22:02:28.142,42.3448023,-71.0825832,16.659
10258,2689073152,1769569348393,22:02:28.393,42.3448023,-71.0825832,16.659
10259,2689335296,1769569348612,22:02:28.612,42.3448023,-71.0825832,16.659
10260,2689597440,1769569348829,22:02:28.829,42.3448023,-71.0825832,16.659
10261,2689859584,1769569349047,22:02:29.047,42.3448023,-71.0825832,16.659
10262,2690121728,1769569349270,22:02:29.270,42.3448023,-71.0825832,16.659
10263,2690383872,1769569349481,22:02:29.481,42.3448023,-71.0825832,16.659
10264,2690646016,1769569349699,22:02:29.699,42.3448023,-71.0825832,16.659
10265,2690908160,1769569349908,22:02:29.908,42.3448023,-71.0825832,16.659
10266,2691170304,1769569350121,22:02:30.121,42.3448023,-71.0825832,16.659
10267,2691432448,1769569350336,22:02:30.336,42.3448023,-71.0825832,16.659
10268,2691694592,1769569350546,22:02:30.546,42.3448023,-71.0825832,16.659
10269,2691956736,1769569350761,22:02:30.761,42.3448023,-71.0825832,16.659
10270,2692218880,1769569350980,22:02:30.980,42.3448023,-71.0825832,16.659
10271,2692481024,1769569351197,22:02:31.197,42.3448023,-71.0825832,16.659
10272,2692743168,1769569351415,22:02:31.415,42.3448023,-71.0825832,16.659
10273,2693005312,1769569351624,22:02:31.624,42.3448023,-71.0825832,16.659
10274,2693267456,1769569351858,22:02:31.858,42.3448023,-71.0825832,16.659
10275,2693529600,1769569352073,22:02:32.073,42.3448023,-71.0825832,16.659
10276,2693791744,1769569352297,22:02:32.297,42.3448023,-71.0825832,16.659
10277,2694053888,1769569352516,22:02:32.516,42.3448023,-71.0825832,16.659
10278,2694316032,1769569352736,22:02:32.736,42.3448023,-71.0825832,16.659
10279,2694578176,1769569352953,22:02:32.953,42.3448023,-71.0825832,16.659
10280,2694840320,1769569353171,22:02:33.171,42.3448023,-71.0825832,16.659
10281,2695102464,1769569353396,22:02:33.396,42.3448023,-71.0825832,16.659
10282,2695364608,1769569353632,22:02:33.632,42.3448023,-71.0825832,16.659
10367,2717646848,1769569383045,22:03:03.045,42.3448023,-71.0825832,16.659
10368,2717908992,1769569383294,22:03:03.294,42.3448023,-71.0825832,16.659
10369,2718171136,1769569383533,22:03:03.533,42.3448023,-71.0825832,16.659
10370,2718433280,1769569383785,22:03:03.785,42.3448023,-71.0825832,16.659
10371,2718695424,1769569413392,22:03:33.392,42.3448023,-71.0825832,16.659
10372,2718957568,1769569413653,22:03:33.653,42.3448023,-71.0825832,16.659
10373,2719219712,1769569413892,22:03:33.892,42.3448023,-71.0825832,16.659
10374,2719481856,1769569414122,22:03:34.122,42.3448023,-71.0825832,16.659
10472,2745171968,1769569443646,22:04:03.646,42.3448023,-71.0825832,16.659
10473,2745434112,1769569443892,22:04:03.892,42.3448023,-71.0825832,16.659
10474,2745696256,1769569444118,22:04:04.118,42.3448023,-71.0825832,16.659
10475,2745958400,1769569444331,22:04:04.331,42.3448023,-71.0825832,16.659
10476,2746220544,1769569444560,22:04:04.560,42.3448023,-71.0825832,16.659
10477,2746482688,1769569444793,22:04:04.793,42.3448023,-71.0825832,16.659
10478,2746744832,1769569445019,22:04:05.019,42.3448023,-71.0825832,16.659
10479,2747006976,1769569474966,22:04:34.966,42.3448023,-71.0825832,16.659
10480,2747269120,1769569475203,22:04:35.203,42.3448023,-71.0825832,16.659
10481,2747531264,1769569475421,22:04:35.421,42.3448023,-71.0825832,16.659
10482,2747793408,1769569475651,22:04:35.651,42.3448023,-71.0825832,16.659
10483,2748055552,1769569475875,22:04:35.875,42.3448023,-71.0825832,16.659
10484,2748317696,1769569476116,22:04:36.116,42.3448023,-71.0825832,16.659
10485,2748579840,1769569476341,22:04:36.341,42.3448023,-71.0825832,16.659
10486,2748841984,1769569476573,22:04:36.573,42.3448023,-71.0825832,16.659
10487,2749104128,1769569476830,22:04:36.830,42.3448023,-71.0825832,16.659
10488,2749366272,1769569477061,22:04:37.061,42.3448023,-71.0825832,16.659
10575,2772172800,1769569507423,22:05:07.423,42.3448023,-71.0825832,16.659
10576,2772434944,1769569507668,22:05:07.668,42.3448023,-71.0825832,16.659
10577,2772697088,1769569538123,22:05:38.123,42.3448023,-71.0825832,16.659
10578,2772959232,1769569538378,22:05:38.378,42.3448023,-71.0825832,16.659
10579,2773221376,1769569538615,22:05:38.615,42.3448023,-71.0825832,16.659
10656,2793406464,1769569568636,22:06:08.636,42.3448023,-71.0825832,16.659
10657,2793668608,1769569568867,22:06:08.867,42.3448023,-71.0825832,16.659
10658,2793930752,1769569569091,22:06:09.091,42.3448023,-71.0825832,16.659
10659,2794192896,1769569598965,22:06:38.965,42.3448023,-71.0825832,16.659
10660,2794455040,1769569599188,22:06:39.188,42.3448023,-71.0825832,16.659
10661,2794717184,1769569629180,22:07:09.180,42.3448023,-71.0825832,16.659
10662,2794979328,1769569629414,22:07:09.414,42.3448023,-71.0825832,16.659
10663,2795241472,1769569629639,22:07:09.639,42.3448023,-71.0825832,16.659
10664,2795503616,1769569629867,22:07:09.867,42.3448023,-71.0825832,16.659
10761,2820931584,1769569659406,22:07:39.406,42.3448023,-71.0825832,16.659
10762,2821193728,1769569659636,22:07:39.636,42.3448023,-71.0825832,16.659
10763,2821455872,1769569659865,22:07:39.865,42.3448023,-71.0825832,16.659
10764,2821718016,1769569660074,22:07:40.074,42.3448023,-71.0825832,16.659
10765,2821980160,1769569690087,22:08:10.087,42.3448023,-71.0825832,16.659
10766,2822242304,1769569690316,22:08:10.316,42.3448023,-71.0825832,16.659
10866,2848456704,1769569719978,22:08:39.978,42.3448023,-71.0825832,16.659
10867,2848718848,1769569720208,22:08:40.208,42.3448023,-71.0825832,16.659
10868,2848980992,1769569720445,22:08:40.445,42.3448023,-71.0825832,16.659
10869,2849243136,1769569750492,22:09:10.492,42.3448023,-71.0825832,16.659
10870,2849505280,1769569750734,22:09:10.734,42.3448023,-71.0825832,16.659
10871,2849767424,1769569750954,22:09:10.954,42.3448023,-71.0825832,16.659
10872,2850029568,1769569751176,22:09:11.176,42.3448023,-71.0825832,16.659
10963,2873884672,1769569781325,22:09:41.325,42.3448023,-71.0825832,16.659
10964,2874146816,1769569781560,22:09:41.560,42.3448023,-71.0825832,16.659
10965,2874408960,1769569781776,22:09:41.776,42.3448023,-71.0825832,16.659
10966,2874671104,1769569781984,22:09:41.984,42.3448023,-71.0825832,16.659
10967,2874933248,1769569782201,22:09:42.201,42.3448023,-71.0825832,16.659
10968,2875195392,1769569782418,22:09:42.418,42.3448023,-71.0825832,16.659
10969,2875457536,1769569782646,22:09:42.646,42.3448023,-71.0825832,16.659
10970,2875719680,1769569782860,22:09:42.860,42.3448023,-71.0825832,16.659
10971,2875981824,1769569783078,22:09:43.078,42.3448023,-71.0825832,16.659
10972,2876243968,1769569783312,22:09:43.312,42.3448023,-71.0825832,16.659
10973,2876506112,1769569813627,22:10:13.627,42.3448023,-71.0825832,16.659
10974,2876768256,1769569813872,22:10:13.872,42.3448023,-71.0825832,16.659
11082,2905079808,1769569844512,22:10:44.512,42.3448023,-71.0825832,16.659
11083,2905341952,1769569874630,22:11:14.630,42.3448023,-71.0825832,16.659
11084,2905604096,1769569874913,22:11:14.913,42.3448023,-71.0825832,16.659
11202,2936537088,1769569905198,22:11:45.198,42.3448023,-71.0825832,16.659
11203,2936799232,1769569905423,22:11:45.423,42.3448023,-71.0825832,16.659
11204,2937061376,1769569905678,22:11:45.678,42.3448023,-71.0825832,16.659
11205,2937323520,1769569905898,22:11:45.898,42.3448023,-71.0825832,16.659
11206,2937585664,1769569906110,22:11:46.110,42.3448023,-71.0825832,16.659
