timestamp,mobile_timestamp,mobile_lat,mobile_lon,mobile_accuracy_m,AdvA,payload,CFO_Hz,CFO_00_Hz,CFO_11_Hz,CFO_10_Hz,CFO_01_Hz,CFO_from_transitions_Hz,nprod_00,nprod_11,nprod_10,nprod_01,nprod_total,crc_ok,is_tag_ecosystem,pdu_type,pdu_type_name,length,channel,phase,polarity,slip,window_start,window_end,aa_pos,aa_corr,pre_corr,cfo_window
0.18283653259277344,1769570394.7938366,42.3448023,-71.0825832,16.659,FD:B8:FC:BB:6E:E2,e26ebbfcb8fd1eff4c001219fff623bf799e94524cb9fa89f8d04a60fd95b60707543202ff,-42925.61167851436,103861.66526565653,-160310.5531781744,77485.25795143505,-147444.61878054196,-39726.84977478045,485,588,492,498,2063,1,1,2,ADV_NONCONN_IND,37,37,1,-1,0,161692,162326,56,31,8,pre_aa_hdr_payload
0.8209121227264404,1769570395.4319122,42.3448023,-71.0825832,16.659,FF:86:81:8A:C3:D7,d7c38a8186ff1eff4c001219fcd11630db151c338214a667ec3bfb536a8f85464904da02fc,-71427.69942168912,104502.91193526243,-252301.38170526084,64739.788912147706,-217544.91920843988,-69355.8478957161,551,534,486,492,2063,1,1,2,ADV_NONCONN_IND,37,37,5,-1,0,286145,286780,55,32,8,pre_aa_hdr_payload
0.8300364017486572,1769570395.4410365,42.3448023,-71.0825832,16.659,D7:C5:D0:9B:79:95,95799bd0c5d71eff4c001219fea955fa1d4d4cac78490e1278485e6285eb9f1024d19200fe,-74568.89631090434,96427.79086368238,-212574.56853825884,91708.81629248493,-189378.47044876916,-62906.75908130208,425,552,540,546,2063,1,1,2,ADV_NONCONN_IND,37,37,1,-1,0,298409,299043,56,30,8,pre_aa_hdr_payload
1.181548833847046,1769570395.792549,42.3448023,-71.0825832,16.659,F5:5E:F0:CC:67:F4,f467ccf05ef51eff4c001219fd883cc80fd31ca9a74dd8ba0ac200332428f7c33ccc6d00fd,99540.2458233975,246833.1320531829,-80304.53646733968,214828.80765225782,-46975.44808213334,83822.50377024678,581,444,516,522,2063,1,1,2,ADV_NONCONN_IND,37,37,0,-1,0,365978,366613,56,31,8,pre_aa_hdr_payload
2.85390567779541,1769570397.4649057,42.3448023,-71.0825832,16.659,F9:19:20:71:48:84,8448712019f91eff4c001219fef427984dd8d3633758e5a3ff0a896f31d95d45c6ff3602fe,-70618.7631202144,110855.2658770168,-220110.5133865281,92058.34368989932,-184465.30583054735,-61592.0759163113,497,600,480,486,2063,1,1,2,ADV_NONCONN_IND,37,37,0,-1,0,599030,599665,56,32,8,pre_aa_hdr_payload
4.846791744232178,1769570399.4577918,42.3448023,-71.0825832,16.659,D6:65:DA:91:5C:87,875c91da65d61eff4c001219fea802fc2ad5f1a571fd812c35afa3261593bac40cf6d700fe,-51824.69362057984,142274.67750738768,-228648.4892678451,93123.97182031156,-179842.83642999374,-47377.1639444044,503,546,504,510,2063,1,1,2,ADV_NONCONN_IND,37,37,4,-1,0,859678,860312,55,32,8,pre_aa_hdr_payload
4.887643337249756,1769570399.4986434,42.3448023,-71.0825832,16.659,EA:B6:98:6C:08:D5,d5086c98b6ea1eff4c001219fd5403ba4691840bde845a76b2f80fe52dc8f5ba0606fc00fd,66653.66754635147,215815.52925607743,-72814.69520608116,207024.41203953634,-55845.69056361106,72530.58765122559,533,480,522,528,2063,1,1,2,ADV_NONCONN_IND,37,37,0,-1,0,914586,915221,56,32,8,pre_aa_hdr_payload
5.8281824588775635,1769570400.4391825,42.3448023,-71.0825832,16.659,F3:B5:5F:63:51:CD,cd51635fb5f31eff4c001219ff6c9510d7b801a84095e8cc7b237d0eb70ba1d41f7f1c02ff,-67307.85025943082,132130.1521654337,-200636.9135543179,98951.76120540524,-175907.8854734877,-51183.31005881589,455,618,492,498,2063,1,1,2,ADV_NONCONN_IND,37,37,0,-1,0,1031598,1032232,56,31,8,pre_aa_hdr_payload
6.751492500305176,1769570401.3624926,42.3448023,-71.0825832,16.659,E1:A5:3A:46:16:18,1816463aa5e11eff4c001219fc86780753907b78eb95c8ad4fc6800ed007e7036210ba01fc,-113539.9351757616,88397.74426889676,-250005.71250172568,55703.47821099354,-214917.191224784,-94555.81890666725,431,630,498,504,2063,1,1,2,ADV_NONCONN_IND,37,37,5,-1,0,1114699,1115333,55,32,8,pre_aa_hdr_payload
8.804228067398071,1769570403.4152281,42.3448023,-71.0825832,16.659,F2:94:34:38:46:89,8946383494f21eff4c001219fead1949ef71e5522715d41c0b50ef344d63252ebb9dcd02fe,-46716.09986928663,99316.55208699738,-191279.83451238935,79706.51528762744,-166008.7477776856,-45097.287288037856,545,528,492,498,2063,1,1,2,ADV_NONCONN_IND,37,37,0,-1,0,1395305,1395939,56,32,8,pre_aa_hdr_payload
8.834940671920776,1769570403.4459407,42.3448023,-71.0825832,16.659,D2:53:B8:35:3C:26,263c35b853d21eff4c001219fdd48e418a6922db70415453ab9c3fe4f19e0a517898fa02fd,69622.41638832625,225327.9415123631,-73045.1278272334,207970.7911567151,-54805.041989599944,65992.44181589976,491,558,504,510,2063,1,1,2,ADV_NONCONN_IND,37,37,1,-1,0,1436585,1437219,56,31,8,pre_aa_hdr_payload
9.84634518623352,1769570404.4573452,42.3448023,-71.0825832,16.659,DC:F6:CF:73:8A:23,238a73cff6dc1eff4c001219ff455c3506a0b84b07b56ea44aface1a6f24c3eacbb7cf00ff,-24262.783196761196,106400.2096625756,-145574.62741283595,83466.82812757813,-154178.75750645,-29369.476496935833,527,522,504,510,2063,1,1,2,ADV_NONCONN_IND,37,37,0,-1,0,1557448,1558083,56,32,8,pre_aa_hdr_payload
10.384983539581299,1769570404.9959836,42.3448023,-71.0825832,16.659,E5:DA:E5:25:67:7C,7c6725e5dae51eff4c001219fca6dfad47cad38f7cd1e68537aaa26ac07b69bc1f823b03fc,-72516.72328301673,44524.199160867574,-219723.37671016162,53003.148963409876,-180131.24761300074,-73616.03726524883,503,486,534,540,2063,1,1,2,ADV_NONCONN_IND,37,37,0,-1,0,1637284,1637918,56,30,8,pre_aa_hdr_payload
10.794204473495483,1769570405.4052045,42.3448023,-71.0825832,16.659,F2:03:35:7C:96:3F,3f967c3503f21eff4c001219fec62466d68606cca163328cddf9b6580c0fa1a91e08c200fe,-62136.60730935983,94399.66700141595,-197627.60233424397,91224.486579733,-179469.53144525053,-51880.70305586802,491,558,504,510,2063,1,1,2,ADV_NONCONN_IND,37,37,1,-1,0,1650696,1651331,56,32,8,pre_aa_hdr_payload
10.829645872116089,1769570405.440646,42.3448023,-71.0825832,16.659,DF:E5:A7:B6:4D:AA,aa4db6a7e5df1eff4c001219fdc4950439687f25773ea8d68b075e2e07e2da3b0bd2d901fd,66915.53415360999,243735.4345339201,-84349.0115649828,218746.33718640028,-66175.71079500923,66953.67490281077,503,558,498,504,2063,1,1,2,ADV_NONCONN_IND,37,37,5,-1,0,1698334,1698968,55,32,8,pre_aa_hdr_payload
12.022697925567627,1769570406.633698,42.3448023,-71.0825832,16.659,DF:98:37:46:7E:31,317e463798df1eff4c001219ffab12ece25bec4c12b455b30c158f6d4c6c9f0f95445103ff,-52124.133383110115,113438.77113926115,-185715.15083134564,90508.47571401889,-157775.51634606437,-39083.06296622847,503,558,498,504,2063,1,1,2,ADV_NONCONN_IND,37,37,5,-1,0,1793185,1793819,55,32,8,pre_aa_hdr_payload
12.59424376487732,1769570407.2052438,42.3448023,-71.0825832,16.659,DC:37:E8:95:12:41,411295e837dc1eff4c001219fc5c06560148ff4f67567e1e2b7f8d02827d5427a2ff5c00fc,-104033.13715138363,84103.68141772285,-251434.37290347958,64122.33502826128,-220062.10563534714,-87259.88670336196,467,582,504,510,2063,1,1,2,ADV_NONCONN_IND,37,37,0,-1,0,1862143,1862777,56,32,8,pre_aa_hdr_payload
13.092689275741577,1769570407.7036893,42.3448023,-71.0825832,16.659,C9:76:B9:25:39:20,203925b976c91eff4c001219fdca1a34fbc92baad03cf3964c0460e74e5c9e2860627902fd,83550.73026375676,201741.64737550705,-49323.321676209816,195850.43271426272,-56539.5488683812,77264.14675694426,617,498,474,474,2063,1,1,2,ADV_NONCONN_IND,37,37,5,-1,0,1918869,1919503,55,31,8,pre_aa_hdr_payload
14.128434419631958,1769570408.7394345,42.3448023,-71.0825832,16.659,D0:31:86:3C:FF:46,46ff3c8631d01eff4c001219ffc1d816c447b4c8dbd27626ae53b810a578213011beca02ff,-35330.23498144814,118662.46313455452,-196627.8966911347,101511.14929537188,-161128.6912300215,-37843.10842422507,503,522,516,522,2063,1,1,2,ADV_NONCONN_IND,37,37,5,-1,0,2069760,2070395,55,32,8,pre_aa_hdr_payload
14.785178422927856,1769570409.3961785,42.3448023,-71.0825832,16.659,EC:74:00:15:58:10,1058150074ec1eff4c001219fc05d8c0b1b1a24c6bf1d125c22cb1500ea18b601eeaa400fc,-77035.9179541272,88418.76261077986,-244657.60730815653,58948.715732342775,-206784.84011246395,-77727.99321168018,479,510,534,540,2063,1,1,2,ADV_NONCONN_IND,37,37,5,-1,0,2211241,2211876,55,31,8,pre_aa_hdr_payload
15.451212644577026,1769570410.0622127,42.3448023,-71.0825832,16.659,CD:EB:5A:F6:1D:0D,0d1df65aebcd1eff4c001219fde684e88bb518d0db7f0be5db300975b44b098bec854e02fd,72057.87686571205,170117.63066545685,-91394.93752115866,176884.63980808438,-90378.95394203556,72641.019678509,959,396,354,354,2063,1,1,2,ADV_NONCONN_IND,37,37,1,-1,0,2293971,2294605,56,32,8,pre_aa_hdr_payload
16.280760526657104,1769570410.8917606,42.3448023,-71.0825832,16.659,FA:73:50:4E:65:77,77654e5073fa1eff4c001219ff556de9aeaa3d69686d97f559d6d247937f160726449f02ff,-47563.66231353172,152571.12439522854,-215034.70663228564,95745.04655948808,-170834.57053029616,-45127.13148536679,467,570,510,516,2063,1,1,2,ADV_NONCONN_IND,37,37,2,-1,0,2475510,2476144,56,32,8,pre_aa_hdr_payload
16.98503804206848,1769570411.596038,42.3448023,-71.0825832,16.659,FC:75:C1:E3:1E:28,281ee3c175fc1eff4c001219fe7841bc8f4894ad509994da828447e93986624ee7982c00fe,-65218.18233885582,102712.18373321596,-208472.61554660622,92508.75222620525,-176613.47380969865,-55168.82372373788,503,582,486,492,2063,1,1,2,ADV_NONCONN_IND,37,37,2,-1,0,2580073,2580708,56,32,8,pre_aa_hdr_payload
18.399779796600342,1769570413.0107799,42.3448023,-71.0825832,16.659,F7:C4:59:B7:83:FD,fd83b759c4f71eff4c001219ffd721047f7aef7c02a53a11b34a362b2439c6f5929e9d00ff,-45761.0295358664,119386.5834057256,-194258.22497096873,91935.28922089889,-164932.38465656445,-42282.24524471106,455,510,546,552,2063,1,1,2,ADV_NONCONN_IND,37,37,2,-1,0,2827085,2827720,56,32,8,pre_aa_hdr_payload
18.786943912506104,1769570413.397944,42.3448023,-71.0825832,16.659,F2:05:3D:74:0D:95,950d743d05f21eff4c001219fceb4f0637c7a844ee6ade9c21e2de9e82e65cd5f5104600fc,-72041.22116480481,73782.74284994177,-251278.8091638983,72724.17102284223,-202790.34622319118,-72060.38911077223,527,510,510,516,2063,1,1,2,ADV_NONCONN_IND,37,37,0,-1,0,2922413,2923047,56,32,8,pre_aa_hdr_payload
18.800533771514893,1769570413.4115338,42.3448023,-71.0825832,16.659,FD:3E:42:B2:06:35,3506b2423efd1eff4c001219fe1b54003170d20eee01b93da0694878a5da4f6751271502fe,-63169.95801408804,97511.02806182868,-208307.6532896128,88497.13273584849,-182993.18436581796,-56410.3202635104,449,516,546,552,2063,1,1,2,ADV_NONCONN_IND,37,37,0,-1,0,2940679,2941314,56,32,8,pre_aa_hdr_payload
19.45485019683838,1769570414.0658503,42.3448023,-71.0825832,16.659,F1:85:EE:25:8B:4C,4c8b25ee85f11eff4c001219fda9705897b2e67274e99db68bcf86b18ba6c897b1749200fd,83654.7625827084,222108.25031299746,-64534.56941631269,214888.74153392573,-49082.35552411215,76256.65083993648,521,504,516,522,2063,1,1,2,ADV_NONCONN_IND,37,37,5,-1,0,3021100,3021734,55,32,8,pre_aa_hdr_payload
19.4667010307312,1769570414.077701,42.3448023,-71.0825832,16.659,68:42:4A:8F:AF:DE,deaf8f4a42680201021816aafe407867a63dea8e053c09ee2254c4bdf654e8dacfec,208.0815216106614,128532.32983549353,-141063.2640872374,110222.3909721625,-169871.93712650455,-14153.796043343655,527,450,468,474,1919,1,1,0,ADV_IND,34,37,3,-1,0,3037028,3037663,56,32,8,pre_aa_hdr_payload
20.97602105140686,1769570415.587021,42.3448023,-71.0825832,16.659,C7:52:7D:9B:A1:0E,0ea19b7d52c71eff4c001219fea21df231677e170f7e8b568805148e29ec54aab9a12f02fe,-66279.50124532107,128478.45515566414,-229073.07159738708,86082.91209867896,-192771.03118038128,-61907.075298677286,479,594,492,498,2063,1,1,2,ADV_NONCONN_IND,37,37,5,-1,0,3322453,3323087,55,32,8,pre_aa_hdr_payload
21.44652771949768,1769570416.0575278,42.3448023,-71.0825832,16.659,FB:58:71:70:0D:36,360d707158fb1eff4c001219fd1052203588a6b225abe946f50a264dffb8d21f1cf07b01fd,62944.88193625771,181255.34359720233,-45199.3846932871,204171.42878525067,-67683.82824786378,74699.03006154862,641,480,468,474,2063,1,1,2,ADV_NONCONN_IND,37,37,0,-1,0,3375228,3375863,56,32,8,pre_aa_hdr_payload
21.462615728378296,1769570416.0736158,42.3448023,-71.0825832,16.659,68:42:4A:8F:AF:DE,deaf8f4a42680201021816aafe407867a63dea8e053c09ee2254c4bdf654e8dacfec,-2313.46733999801,160333.88658271794,-175913.67724780293,125707.69055279731,-178064.54456767556,-11758.016219948882,527,450,468,474,1919,1,1,0,ADV_IND,34,37,1,-1,0,3396852,3397487,56,32,8,pre_aa_hdr_payload
22.332576990127563,1769570416.943577,42.3448023,-71.0825832,16.659,E3:54:C7:4E:AC:9F,9fac4ec754e31eff4c001219ffb8997fbf8e2b59485266fbbda8d59f0f72e5f56c6d4403ff,-35667.67478607393,130580.10766681259,-197136.75979016925,103791.87789020347,-171682.8230995318,-34804.89160516128,503,498,528,534,2063,1,1,2,ADV_NONCONN_IND,37,37,5,-1,0,3517120,3517754,55,32,8,pre_aa_hdr_payload
23.143067598342896,1769570417.7540677,42.3448023,-71.0825832,16.659,FF:CB:E9:9C:F9:EC,ecf99ce9cbff1eff4c001219fe5c2854f0de3c2114a91eeef53f3da921ff1c93ef9b0903fe,-99584.52821658278,83577.11594462344,-207522.7556339846,69526.67382063114,-191991.14668765638,-83816.4745897418,347,678,516,522,2063,1,1,2,ADV_NONCONN_IND,37,37,5,-1,0,3616593,3617228,55,32,8,pre_aa_hdr_payload
23.517201900482178,1769570418.128202,42.3448023,-71.0825832,16.659,68:42:4A:8F:AF:DE,deaf8f4a42680201021816aafe407867a63dea8e053c09ee2254c4bdf654e8dacfec,495.79658461800307,124403.21414271474,-135583.83344973339,118753.64001862498,-173070.68482707045,-12639.64005464766,527,450,468,474,1919,1,1,0,ADV_IND,34,37,0,-1,0,3714568,3715202,56,32,8,pre_aa_hdr_payload
24.311175107955933,1769570418.9221752,42.3448023,-71.0825832,16.659,FF:F5:B8:46:9F:02,029f46b8f5ff1eff4c001219ff0bc45b87dc514e2dfb232adb819b154bd174b880549203ff,-59211.923859768234,96333.48737695321,-183629.1790084998,94556.09385213017,-167025.17534219084,-48245.23559855005,431,558,534,540,2063,1,1,2,ADV_NONCONN_IND,37,37,1,-1,0,3846948,3847582,56,32,8,pre_aa_hdr_payload
25.539868593215942,1769570420.1508687,42.3448023,-71.0825832,16.659,68:42:4A:8F:AF:DE,deaf8f4a42680201021816aafe407867a63dea8e053c09ee2254c4bdf654e8dacfec,-4905.500121517934,156252.32718156133,-176283.7843436128,139270.57017293526,-185030.73424955356,-12157.581590655904,527,450,468,474,1919,1,1,0,ADV_IND,34,37,5,-1,0,4039112,4039747,55,32,8,pre_aa_hdr_payload
26.244123935699463,1769570420.855124,42.3448023,-71.0825832,16.659,FB:9A:C5:A4:3F:FA,fa3fa4c59afb1eff4c001219ffecb747577b4f6e1bab286c7733f364c45b87e098123101ff,-76117.49229713705,146039.8478447767,-167631.558296971,106848.94059609261,-152697.34879130358,-57964.302299590425,335,870,426,432,2063,1,1,2,ADV_NONCONN_IND,37,37,5,-1,0,4170526,4171161,55,32,8,pre_aa_hdr_payload
27.014538049697876,1769570421.625538,42.3448023,-71.0825832,16.659,D2:6D:BA:53:85:AC,ac8553ba6dd21eff4c001219fccc4cd3b2a0039824ef51dac3ad363c4e875a4fcf2b8103fc,-110044.79219140165,89802.63975617441,-221372.3422967419,61818.73562592005,-208075.35344946798,-91592.44748163552,413,744,450,456,2063,1,1,2,ADV_NONCONN_IND,37,37,4,-1,0,4271241,4271876,55,32,8,pre_aa_hdr_payload
27.465684413909912,1769570422.0766845,42.3448023,-71.0825832,16.659,C8:2A:70:51:D7:BE,bed751702ac81eff4c001219fdc2766df748d7df77c3b93f654bf5d09848be102816b502fd,77055.73261753032,220623.7524354406,-44252.81127570424,208350.3904906704,-67092.52465066069,77729.32325820418,545,552,480,486,2063,1,1,2,ADV_NONCONN_IND,37,37,0,-1,0,4362512,4363146,56,32,8,pre_aa_hdr_payload
28.90639352798462,1769570423.5173936,42.3448023,-71.0825832,16.659,F6:7B:32:28:43:AF,af4328327bf61eff4c001219fc25e7f51647e776e80d871373b2edc813253786276f1701fc,-106566.11992365865,73568.6146687635,-249884.40497519664,60921.35841163336,-215663.94851844985,-88784.07218414028,443,558,528,534,2063,1,1,2,ADV_NONCONN_IND,37,37,0,-1,0,4622921,4623555,56,32,8,pre_aa_hdr_payload
29.59324550628662,1769570424.2042456,42.3448023,-71.0825832,16.659,68:42:4A:8F:AF:DE,deaf8f4a42680201021816aafe407867a63dea8e053c09ee2254c4bdf654e8dacfec,-6107.054017632774,155635.94929198019,-181870.5133114435,139559.06159622816,-184672.04439927603,-13705.511959630498,515,462,468,474,1919,1,1,0,ADV_IND,34,37,1,-1,0,4733631,4734266,56,32,8,pre_aa_hdr_payload
30.665400505065918,1769570425.2764006,42.3448023,-71.0825832,16.659,DB:C5:9D:93:CF:AE,aecf939dc5db1eff4c001219fced074ed3665966e02ee3552a7cd704418e695b60b8cd02fc,-123252.30055012381,90918.04496880638,-245910.06181378092,53408.11637958316,-225490.34629337225,-98363.56092073653,395,630,516,522,2063,1,1,2,ADV_NONCONN_IND,37,37,0,-1,0,4960019,4960653,56,32,8,pre_aa_hdr_payload
31.33768343925476,1769570425.9486835,42.3448023,-71.0825832,16.659,D8:04:D9:29:E8:89,89e829d904d81eff4c001219fd4926d84083dbe73a352534f1c912942a866eb178624901fd,62875.512827395825,253214.5280064253,-79903.71628632762,211624.49003978402,-48240.88516759966,74146.99921923222,467,558,516,522,2063,1,1,2,ADV_NONCONN_IND,37,37,0,-1,0,5051148,5051783,56,32,8,pre_aa_hdr_payload
31.36749267578125,1769570425.9784927,42.3448023,-71.0825832,16.659,68:42:4A:8F:AF:DE,deaf8f4a42680201021816aafe407867a63dea8e053c09ee2254c4bdf654e8dacfec,-3882.50853704643,110195.61497132291,-121093.86191503909,100873.3378851543,-155069.33715266775,-13111.9589874737,533,444,468,474,1919,1,1,0,ADV_IND,34,37,0,-1,0,5091215,5091849,56,31,8,pre_aa_hdr_payload
32.14472985267639,1769570426.75573,42.3448023,-71.0825832,16.659,E3:C5:45:C6:AC:68,68acc645c5e31eff4c001219ff68f5891987411e265ed2bb3ec310986c95f144ca78dc01ff,-54225.63674087401,113942.9996427191,-188288.37156136718,103756.54109868173,-168596.69070780455,-40482.80935330283,473,576,504,510,2063,1,1,2,ADV_NONCONN_IND,37,37,2,-1,0,5202443,5203078,56,32,8,pre_aa_hdr_payload
33.29163861274719,1769570427.9026387,42.3448023,-71.0825832,16.659,68:42:4A:8F:AF:DE,deaf8f4a42680201021816aafe407867a63dea8e053c09ee2254c4bdf654e8dacfec,-9055.087731810563,160331.35540175307,-198046.77928230815,134666.81505085935,-165571.90477191756,-13259.98943159838,527,450,468,474,1919,1,1,0,ADV_IND,34,37,4,-1,0,5419092,5419726,55,32,8,pre_aa_hdr_payload
34.6234245300293,1769570429.2344246,42.3448023,-71.0825832,16.659,C7:0E:8F:B5:E8:5C,5ce8b58f0ec71eff4c001219fcc1684354f28eab7eb7c3b3366ff0bade00b790c7848c00fc,-70274.02355090222,68943.22402951973,-251789.60978052707,67156.3833392353,-195991.1692890751,-72830.87540083317,539,486,516,522,2063,1,1,2,ADV_NONCONN_IND,37,37,0,-1,0,5612723,5613357,56,32,8,pre_aa_hdr_payload
34.62907147407532,1769570429.2400715,42.3448023,-71.0825832,16.659,CF:00:2C:D8:BF:7C,7cbfd82c00cf1eff4c00121900f876b01071d5cbbe2be795ac9dbae71fe27915f503ed0200,-47148.738993002306,185432.8504913817,-203445.72163181799,145020.39054725206,-174347.8834121087,-19198.677623869837,461,606,498,498,2063,1,1,2,ADV_NONCONN_IND,37,37,4,-1,0,5620313,5620947,55,32,8,pre_aa_hdr_payload
35.02913427352905,1769570429.6401343,42.3448023,-71.0825832,16.659,E6:B2:98:D1:9C:8B,8b9cd198b2e61eff4c001219fdc76f4770e972249f012feb4d635e878298d5e2f5dccd03fd,59217.6299136459,248449.56025901294,-67391.06838557153,200115.8305968667,-49382.784823671995,70735.6413067955,425,552,540,546,2063,1,1,2,ADV_NONCONN_IND,37,37,0,-1,0,5664428,5665062,56,32,8,pre_aa_hdr_payload
35.53741240501404,1769570430.1484125,42.3448023,-71.0825832,16.659,68:42:4A:8F:AF:DE,deaf8f4a42680201021816aafe407867a63dea8e053c09ee2254c4bdf654e8dacfec,344.8866451631788,159099.17584302163,-177471.77324223384,132221.1919186947,-184037.79481365872,-13349.16771743427,527,450,468,474,1919,1,1,0,ADV_IND,34,37,5,-1,0,5712864,5713498,55,32,8,pre_aa_hdr_payload
36.73068714141846,1769570431.3416872,42.3448023,-71.0825832,16.659,F5:95:B0:CC:12:9D,9d12ccb095f51eff4c001219fe3adbea79f0bbb0cb00cabf021e23cf325651c3a0864d00fe,-72857.95526559364,107258.6007854046,-225210.4309020807,95973.34731827701,-187801.98543627156,-64593.359108556004,485,612,480,486,2063,1,1,2,ADV_NONCONN_IND,37,37,0,-1,0,5875220,5875854,56,32,8,pre_aa_hdr_payload
37.06986141204834,1769570431.6808615,42.3448023,-71.0825832,16.659,D2:43:D3:70:6A:96,966a70d343d21eff4c001219fd42d86385c3bd4781585234b7f094146958a0d3c10cc602fd,100552.72176244359,228100.9167348611,-76472.84452680103,218740.486478944,-32770.68276347605,91147.75952140456,563,414,540,546,2063,1,1,2,ADV_NONCONN_IND,37,37,5,-1,0,5926205,5926840,55,32,8,pre_aa_hdr_payload
38.15939140319824,1769570432.7703915,42.3448023,-71.0825832,16.659,C2:77:BB:18:8B:5A,5a8b18bb77c21eff4c001219ffa426502e8436452cba0b09f9d54cf1f893cbc4d65e8c03ff,-10785.8025305371,122354.34857684319,-192826.51781907296,115018.83161049512,-163254.0779304221,-19969.476175153144,593,456,504,510,2063,1,1,2,ADV_NONCONN_IND,37,37,0,-1,0,6039172,6039806,56,32,8,pre_aa_hdr_payload
39.71764302253723,1769570434.328643,42.3448023,-71.0825832,16.659,C4:1F:E8:60:58:84,845860e81fc41eff4c001219ff584449b8c4fae81fa681dc85344a24aed3377e7e234202ff,-31794.76542180315,141980.213182879,-213346.5208603449,104244.02202770046,-162092.1640852932,-36316.57271826982,491,522,522,528,2063,1,1,2,ADV_NONCONN_IND,37,37,0,-1,0,6272409,6273043,56,32,8,pre_aa_hdr_payload
40.415653467178345,1769570435.0266535,42.3448023,-71.0825832,16.659,DF:53:8C:5A:C6:39,39c65a8c53df1eff4c001219fc0b594a9892f762c7fd1194113a230cc7d582a0c19d0201fc,-89532.18306099337,97599.96575792186,-249119.57539059164,59218.750173110464,-215328.82715540903,-80092.25628182231,461,552,522,528,2063,1,1,2,ADV_NONCONN_IND,37,37,0,-1,0,6324518,6325152,56,32,8,pre_aa_hdr_payload
40.425676584243774,1769570435.0366766,42.3448023,-71.0825832,16.659,E0:B1:47:E9:7B:E2,e27be947b1e01eff4c001219fe2be5c7892385317e5cc94ac990f6ab0163951c5a3d8403fe,-53429.84499618107,124908.29102617044,-222685.63445182057,81427.29311449392,-183006.4360902261,-53374.50176430259,491,534,516,522,2063,1,1,2,ADV_NONCONN_IND,37,37,5,-1,0,6337990,6338624,55,32,8,pre_aa_hdr_payload
41.013776540756226,1769570435.6247766,42.3448023,-71.0825832,16.659,D2:A4:5A:D0:1B:C5,c51bd05aa4d21eff4c001219fddd552949cfe75193c4529525fa8a63ec54cd43bcd44003fd,80660.79895900987,233016.7793463624,-58456.66902443654,198021.0606988509,-59411.998363531755,73266.7244517581,551,546,480,486,2063,1,1,2,ADV_NONCONN_IND,37,37,0,-1,0,6410381,6411015,56,32,8,pre_aa_hdr_payload
41.388643741607666,1769570435.9996438,42.3448023,-71.0825832,16.659,D4:FD:70:1C:7F:B8,b87f1c70fdd41eff4c001219ff517c852f72fedd410fa327588e8b8c0b4cbe61f260d702ff,-49957.99224544773,114547.08717839878,-195927.26640458356,91109.79446693927,-158261.86117809307,-45885.920526892536,461,576,510,516,2063,1,1,2,ADV_NONCONN_IND,37,37,5,-1,0,6483803,6484438,55,32,8,pre_aa_hdr_payload
42.71295356750488,1769570437.3239536,42.3448023,-71.0825832,16.659,DE:D9:0F:15:8B:57,578b150fd9de1eff4c001219fce7a9daebccb0bcfd11a12ecbcd2b1166fbe0260ad07103fc,-87446.86938602077,93089.36461056146,-246515.37974671595,59958.74535691721,-210179.7398761236,-77150.80730743341,533,588,468,474,2063,1,1,2,ADV_NONCONN_IND,37,37,0,-1,0,6566904,6567538,56,32,8,pre_aa_hdr_payload
42.74968075752258,1769570437.3606808,42.3448023,-71.0825832,16.659,CA:5F:80:29:41:4A,4a4129805fca1eff4c001219fd14aa4e03bbc90f5964944ff4fa003d32fc433fa5477c00fd,47660.732819865785,245439.77165667387,-85247.25454055013,210630.53935148328,-61874.335993712775,52437.59977917782,437,624,498,504,2063,1,1,2,ADV_NONCONN_IND,37,37,0,-1,0,6616268,6616903,56,32,8,pre_aa_hdr_payload
44.629127979278564,1769570439.240128,42.3448023,-71.0825832,16.659,F1:A2:41:01:AF:2F,2faf0141a2f11eff4c001219fc92ea8c37c71df92593df61ae0fc83822898b87c1404900fc,-69752.13306450778,66877.9666913435,-221197.4382602167,71509.16077266619,-208820.52393241762,-67595.59379560156,539,510,504,510,2063,1,1,2,ADV_NONCONN_IND,37,37,0,-1,0,6773155,6773790,56,32,8,pre_aa_hdr_payload
45.13606023788452,1769570439.7470603,42.3448023,-71.0825832,16.659,C9:20:5F:9B:8F:F5,f58f9b5f20c91eff4c001219fdbbb4ccdb84d691f9db6bfca10cbda93ce0e8e2e3407301fd,109757.81752412533,171627.77736092062,-117700.11859524877,155241.2259520997,-93991.14312059905,98643.42607544104,1271,246,270,276,2063,1,1,2,ADV_NONCONN_IND,37,37,0,-1,0,6827846,6828481,56,32,8,pre_aa_hdr_payload
46.15441060066223,1769570440.7654107,42.3448023,-71.0825832,16.659,DD:7E:9F:0A:A4:66,66a40a9f7edd1eff4c001219ff9da8d619c9549a88bed59ce2edecfbbcfa41febca4f302ff,-50702.57891563,160206.62802812376,-221437.06695732035,104910.65382450317,-178132.7411606695,-38814.755211164054,515,582,480,486,2063,1,1,2,ADV_NONCONN_IND,37,37,4,-1,0,6959390,6960024,55,32,8,pre_aa_hdr_payload
46.62153077125549,1769570441.2325308,42.3448023,-71.0825832,16.659,C5:E5:3D:D7:2A:44,442ad73de5c51eff4c001219fcb93c52641f6f1648b2255ffb3593c52037b3971577a002fc,-124750.8725153916,85073.483741428,-254938.0468683121,60204.87831716446,-227137.049749705,-97510.33756203607,449,648,480,486,2063,1,1,2,ADV_NONCONN_IND,37,37,0,-1,0,7068099,7068733,56,32,8,pre_aa_hdr_payload
46.97719955444336,1769570441.5881996,42.3448023,-71.0825832,16.659,C1:45:69:CA:3F:0D,0d3fca6945c11eff4c001219fdf2ceb4b80af8237a06517e3c8c75804259012d30d12e00fd,66695.27478210781,253049.18043985096,-80934.82545949842,211978.5797584089,-56726.55029562718,63643.8983257585,431,570,528,534,2063,1,1,2,ADV_NONCONN_IND,37,37,0,-1,0,7137222,7137856,56,32,8,pre_aa_hdr_payload
48.740973711013794,1769570443.3519738,42.3448023,-71.0825832,16.659,E7:BE:42:BC:60:52,5260bc42bee71eff4c001219fef2558ec57d8b31a4f934165ebf95140be23af5559d8303fe,-51604.87536546223,125708.50853706378,-204896.5637980551,89319.31682631192,-190879.6190597849,-46963.70392570413,515,534,504,510,2063,1,1,2,ADV_NONCONN_IND,37,37,0,-1,0,7326806,7327440,56,32,8,pre_aa_hdr_payload
49.072619915008545,1769570443.68362,42.3448023,-71.0825832,16.659,FC:C1:40:2A:D6:27,27d62a40c1fc1eff4c001219fd36887030ea7783ad6bef491c2b119d1bb73744f9a17103fd,61947.773922867185,137820.09394547195,-105216.47442753933,154656.59894213206,-109430.99015683627,59612.958123969096,1037,294,366,366,2063,1,1,2,ADV_NONCONN_IND,37,37,0,-1,0,7375737,7376372,56,32,8,pre_aa_hdr_payload
50.41125822067261,1769570445.0222583,42.3448023,-71.0825832,16.659,C2:0D:67:CB:04:4B,4b04cb670dc21eff4c001219feb84c5fb4c2babf76833a0788d772a0c6c64fed48737a02fe,-75003.16116194053,99743.19764884116,-204359.9087516692,87332.96962175916,-191518.67258557377,-59209.22194615439,473,588,498,504,2063,1,1,2,ADV_NONCONN_IND,37,37,4,-1,0,7597397,7598031,55,32,8,pre_aa_hdr_payload
52.66135931015015,1769570447.2723594,42.3448023,-71.0825832,16.659,F2:3E:83:0F:26:9F,9f260f833ef21eff4c001219fc3b7b788b0052391850f7e08c1aa6001a02dc63fe2a4b02fc,-74176.11062957736,92191.26880726477,-253766.72224698542,64327.774951277046,-206958.0214001779,-69494.94837892283,539,510,504,510,2063,1,1,2,ADV_NONCONN_IND,37,37,0,-1,0,7890265,7890900,56,32,8,pre_aa_hdr_payload
52.68912649154663,1769570447.3001266,42.3448023,-71.0825832,16.659,F3:F9:86:09:24:23,23240986f9f31eff4c001219fe49bbef3b814746e551e8780a460bca961fd7fcc838a400fe,-30003.662145769697,144622.33224586135,-237768.4809968842,88862.37811576706,-179002.0157557458,-35796.40597432325,551,474,516,522,2063,1,1,2,ADV_NONCONN_IND,37,37,1,-1,0,7927588,7928222,56,32,8,pre_aa_hdr_payload
53.02856469154358,1769570447.6395648,42.3448023,-71.0825832,16.659,F5:F0:84:78:FC:E1,e1fc7884f0f51eff4c001219fdcdd84c8ce8ed520500a653b338c89920e5d4d41d323a02fd,89437.80549903923,255439.88301162916,-69961.64324965773,208113.07111984675,-50281.78908883411,84666.14790046331,521,492,522,528,2063,1,1,2,ADV_NONCONN_IND,37,37,0,-1,0,7978928,7979562,56,30,8,pre_aa_hdr_payload
54.59214520454407,1769570449.2031453,42.3448023,-71.0825832,16.659,C6:4C:4F:9E:35:79,79359e4f4cc61eff4c001219fc7f97bd3bf5e57e22013b6a6c111304ea91147b47d0af01fc,-75115.06242801025,83313.8218993073,-218201.982191608,59406.745105832866,-197425.81597300552,-73278.25547778943,491,594,486,492,2063,1,1,2,ADV_NONCONN_IND,37,37,0,-1,0,8210938,8211572,56,32,8,pre_aa_hdr_payload
54.61232590675354,1769570449.223326,42.3448023,-71.0825832,16.659,EF:5A:53:87:16:0E,0e1687535aef1eff4c001219fe5d8db402a144eede705a35671868990ae5638909325903fe,-95733.69601588107,112903.28875470003,-221336.60526612125,80218.80878392768,-193028.46907526805,-76033.10125404634,347,630,540,546,2063,1,1,2,ADV_NONCONN_IND,37,37,5,-1,0,8238063,8238697,55,32,8,pre_aa_hdr_payload
55.048826694488525,1769570449.6598268,42.3448023,-71.0825832,16.659,EA:6B:00:3B:EB:02,02eb3b006bea1eff4c001219fdc8842f248f2bc030aae3b1cc0887dc07d5e4f3b2887e01fd,78876.88161117646,188936.11698623802,-75357.43421245005,188108.80163993445,-54295.43221258536,71551.95673838884,665,432,480,486,2063,1,1,2,ADV_NONCONN_IND,37,37,4,-1,0,8317713,8318347,55,32,8,pre_aa_hdr_payload
55.893609285354614,1769570450.5046093,42.3448023,-71.0825832,16.659,FD:9C:6F:30:DC:B8,b8dc306f9cfd1eff4c001219ffedbffa7c1decb1f63c8d518e301bd45274984c4e9a5a03ff,-72307.8831340503,102173.10335167112,-181758.5318477682,90531.9410644524,-171368.7362148603,-54497.21998290869,437,636,492,498,2063,1,1,2,ADV_NONCONN_IND,37,37,3,-1,0,8440427,8441061,56,32,8,pre_aa_hdr_payload
56.964972496032715,1769570451.5759726,42.3448023,-71.0825832,16.659,D9:D2:06:53:17:7A,7a175306d2d91eff4c001219fd28e9b2de03adaaf01004127cd1cc327ab49f451902db01fd,67799.79463513811,247144.4942841195,-73831.12942911035,208230.37158583547,-54965.215585703794,63354.54611919664,437,528,546,552,2063,1,1,2,ADV_NONCONN_IND,37,37,0,-1,0,8580053,8580687,56,32,8,pre_aa_hdr_payload
58.3566997051239,1769570452.9676998,42.3448023,-71.0825832,16.659,D5:A2:BC:32:5C:DE,de5c32bca2d51eff4c001219fcd72de7aa5e8ce761a66f1afc24791044adf2d69d2ea001fc,-64299.57881235576,109240.29744475229,-248130.0566475749,62127.9457771231,-205078.30479652516,-66890.64950605574,527,534,498,504,2063,1,1,2,ADV_NONCONN_IND,37,37,4,-1,0,8774951,8775585,55,32,8,pre_aa_hdr_payload
59.23390173912048,1769570453.8449018,42.3448023,-71.0825832,16.659,C1:CB:DE:A2:73:6B,6b73a2decbc11eff4c001219fdb4985076383380911630abc06e99d4c1f5a38dc3b74c02fd,53665.6608350193,225661.39940777316,-74294.14991134066,190580.02559588532,-61479.7772094091,54213.781276914604,461,564,516,522,2063,1,1,2,ADV_NONCONN_IND,37,37,1,-1,0,8857906,8858540,56,32,8,pre_aa_hdr_payload
60.54669547080994,1769570455.1576955,42.3448023,-71.0825832,16.659,D0:DF:24:3D:2B:7B,7b2b3d24dfd01eff4c001219fc97ce0f5943d9773e2797ab8e3413b385e13079c0a7eb03fc,-62752.64768473573,75593.79688002549,-221351.30118785973,78855.99864855284,-212553.17795116888,-61267.75939858514,593,504,480,486,2063,1,1,2,ADV_NONCONN_IND,37,37,1,-1,0,9085151,9085785,56,32,8,pre_aa_hdr_payload
60.897297382354736,1769570455.5082974,42.3448023,-71.0825832,16.659,F4:7C:F1:56:04:83,830456f17cf41eff4c001219fe9b918df7dcbdc65699b1d1c93dbaa35d640defb76f4003fe,-35879.52804453812,117235.9609977729,-213862.79898191648,97385.91711606173,-181922.0688787721,-39909.94092300832,539,486,516,522,2063,1,1,2,ADV_NONCONN_IND,37,37,5,-1,0,9109829,9110464,55,32,8,pre_aa_hdr_payload
60.93619155883789,1769570455.5471916,42.3448023,-71.0825832,16.659,C9:A1:D8:BB:E8:FD,fde8bbd8a1c91eff4c001219fd074f0b7ad684f82c6c8cdaeafd95fb3147ceb859f98601fd,83875.39192279117,223013.1188529972,-48224.83379609117,208910.2176080359,-59270.26464821255,76368.07418363675,545,504,504,510,2063,1,1,2,ADV_NONCONN_IND,37,37,1,-1,0,9162107,9162741,56,32,8,pre_aa_hdr_payload
62.19044256210327,1769570456.8014426,42.3448023,-71.0825832,16.659,E1:AC:8F:A0:F7:F5,f5f7a08face11eff4c001219ff35f463d569292d3634cf255fa5150194bf5aab27d9ec03ff,-72270.67994735912,106266.58498198388,-186689.0548460994,76360.59260948686,-162440.24787718846,-55242.891660760666,383,582,546,552,2063,1,1,2,ADV_NONCONN_IND,37,37,1,-1,0,9310663,9311298,56,32,8,pre_aa_hdr_payload
62.62653732299805,1769570457.2375374,42.3448023,-71.0825832,16.659,EF:08:34:BB:42:CF,cf42bb3408ef1eff4c001219fed3f234229bd4641d7164f325f847b4c108ca74c9a6ed02fe,-75880.84758638268,136964.1648238172,-232575.43283517272,86660.031863018,-189545.54330550996,-60873.948769512295,437,588,516,522,2063,1,1,2,ADV_NONCONN_IND,37,37,4,-1,0,9431436,9432071,55,32,8,pre_aa_hdr_payload
63.306992292404175,1769570457.9179924,42.3448023,-71.0825832,16.659,CE:62:A1:4B:76:92,92764ba162ce1eff4c001219fdf22226fed0584411e514677efc7a0de1954fe4324e0b00fd,78841.97649855324,253177.30730216543,-74122.63138356735,205899.52548407664,-54535.38244954519,81423.41350944183,551,558,474,480,2063,1,1,2,ADV_NONCONN_IND,37,37,1,-1,0,9521451,9522086,56,32,8,pre_aa_hdr_payload
64.02844595909119,1769570458.639446,42.3448023,-71.0825832,16.659,DF:6F:3B:38:B0:D7,d7b0383b6fdf1eff4c001219ff04cd8477f3fc889beaa995a66867d9537ca2e9044c2301ff,-23474.53489798321,129235.3630829205,-186096.69860777762,109221.06405130854,-174476.55222453593,-25332.211748473168,557,492,504,510,2063,1,1,2,ADV_NONCONN_IND,37,37,2,-1,0,9690769,9691403,56,32,8,pre_aa_hdr_payload
64.3466899394989,1769570458.95769,42.3448023,-71.0825832,16.659,E4:A9:B3:3B:F4:97,97f43bb3a9e41eff4c001219fc0d898a59ad935f6aee57f80f772dcac153fc0ae5467003fc,-103628.19231035974,81744.65073084101,-227660.7465639495,66488.02096684092,-215691.92407836713,-87981.66756196898,455,702,450,456,2063,1,1,2,ADV_NONCONN_IND,37,37,3,-1,0,9757977,9758612,55,31,7,pre_aa_hdr_payload
65.2748954296112,1769570459.8858955,42.3448023,-71.0825832,16.659,C0:27:C3:7B:01:B8,b8017bc327c01eff4c001219fdbed61fdeda2505f2d4a6b8f3fdbaf0b687638780a85d01fd,91376.59027175434,245126.38279453173,-79253.80241740811,211001.45769995954,-57090.01387053163,82644.56879535811,611,486,480,486,2063,1,1,2,ADV_NONCONN_IND,37,37,0,-1,0,9834217,9834851,56,32,8,pre_aa_hdr_payload
66.25030589103699,1769570460.861306,42.3448023,-71.0825832,16.659,D0:99:52:F1:1E:0E,0e1ef15299d01eff4c001219fe087c3b3508b65bf4f25a89b4993858b05f73fc610b0601fe,-66120.61396951556,90892.35672115955,-194221.00162786522,81567.76727206499,-181641.49161104948,-57017.00816801692,503,594,480,486,2063,1,1,2,ADV_NONCONN_IND,37,37,0,-1,0,10023637,10024271,56,32,8,pre_aa_hdr_payload
66.92666816711426,1769570461.5376682,42.3448023,-71.0825832,16.659,DE:31:1A:FB:D6:91,91d6fb1a31de1eff4c001219fd592193b5269960241ac22eef9f13e3792e8f33794ee701fd,50590.14759842078,219784.46885400664,-66155.19158338645,205906.20174840998,-76288.74831970797,54115.59579105754,479,618,480,486,2063,1,1,2,ADV_NONCONN_IND,37,37,0,-1,0,10078907,10079541,56,32,8,pre_aa_hdr_payload
68.02643465995789,1769570462.6374347,42.3448023,-71.0825832,16.659,D8:EE:6A:05:3A:FA,fa3a056aeed81eff4c001219ffe53413b0dc20bc84aaa7d3adb319af405d914d23df5601ff,-63035.24676206846,124318.10321217586,-210225.05118539606,105869.3997346405,-181528.2819796266,-51046.58638068951,419,570,534,540,2063,1,1,2,ADV_NONCONN_IND,37,37,4,-1,0,10177407,10178042,55,32,8,pre_aa_hdr_payload
68.66949963569641,1769570463.2804997,42.3448023,-71.0825832,16.659,D1:40:C9:9A:73:BD,bd739ac940d11eff4c001219fc3637587595da6f40909a8ec3b324fc48b4e6fc7f641e03fc,-77860.1937221359,75412.91272898686,-232724.23963261486,60747.17040103635,-202966.92283309187,-70841.93500080061,491,510,528,534,2063,1,1,2,ADV_NONCONN_IND,37,37,0,-1,0,10230933,10231567,56,32,8,pre_aa_hdr_payload
68.68069958686829,1769570463.2916996,42.3448023,-71.0825832,16.659,ED:15:4C:67:68:11,1168674c15ed1eff4c001219fee63d78c281d440dc3fe3db715536a34f998af1f05bcc03fe,-68242.34820533574,110631.7958195971,-211321.60828663528,90200.02537462233,-181988.8001356497,-56718.562597265176,431,558,534,540,2063,1,1,2,ADV_NONCONN_IND,37,37,5,-1,0,10245987,10246621,55,32,8,pre_aa_hdr_payload
69.13130140304565,1769570463.7423015,42.3448023,-71.0825832,16.659,C6:0E:C8:13:5D:E7,e75d13c80ec61eff4c001219fdde53fea6eae6b3d3d924ad9cf3f9ca7071aaf74ff9b501fd,105231.6361386659,219744.22738507067,-96597.27240750147,222193.34055957646,-57966.49180617508,95713.64009686283,791,426,420,426,2063,1,1,2,ADV_NONCONN_IND,37,37,5,-1,0,10312332,10312966,55,32,8,pre_aa_hdr_payload
69.89656639099121,1769570464.5075665,42.3448023,-71.0825832,16.659,CD:15:F0:92:BC:F4,f4bc92f015cd1eff4c001219ff603ee5e60e83aecbd03721797bd2b762380757503d7303ff,-59947.88741611045,100856.71707481545,-174442.50254672577,87769.35860017996,-161820.1329965702,-50532.76150732354,431,618,504,510,2063,1,1,2,ADV_NONCONN_IND,37,37,4,-1,0,10463922,10464556,55,32,8,pre_aa_hdr_payload
70.35408735275269,1769570464.9650874,42.3448023,-71.0825832,16.659,FD:66:3B:37:9E:38,389e373b66fd1eff4c001219fc8e97387b00affd4fb6cca4e680b01fedb49fac8530c703fc,-76820.60335500032,77071.18674835439,-235619.598058825,68534.89218842798,-212860.19422484463,-70966.96036836307,551,534,486,492,2063,1,1,2,ADV_NONCONN_IND,37,37,0,-1,0,10532845,10533480,56,32,8,pre_aa_hdr_payload
72.32818126678467,1769570466.9391813,42.3448023,-71.0825832,16.659,DE:C1:6D:D3:46:28,2846d36dc1de1eff4c001219fc9f51b33343bf39685a150953ec18f04d53ab8ab2fce200fc,-107081.6071076966,90308.6568967253,-258848.99735118749,55961.76165076353,-211565.17706097188,-92310.4041018744,437,600,510,516,2063,1,1,2,ADV_NONCONN_IND,37,37,5,-1,0,10803181,10803815,55,32,8,pre_aa_hdr_payload
73.18769931793213,1769570467.7986994,42.3448023,-71.0825832,16.659,C1:86:32:34:17:C2,c217343286c11eff4c001219fd474a6541bf4e6f095aab6a78fc3362ece2faae42a92000fd,94551.53967916862,231714.99984612386,-85256.83868823292,218946.37759053445,-47351.14085509566,86037.32792644198,605,456,498,504,2063,1,1,2,ADV_NONCONN_IND,37,37,5,-1,0,10904035,10904669,55,32,8,pre_aa_hdr_payload
73.74784302711487,1769570468.358843,42.3448023,-71.0825832,16.659,E7:A6:1E:FD:63:3F,3f63fd1ea6e71eff4c001219002fa8f8533d768eb7bb45ca0641ac953a6b64443c202d0300,-57625.939702554075,126134.0698765824,-193512.46602782208,119934.05582548342,-192869.26059046332,-44371.11764740597,485,594,492,492,2063,1,1,2,ADV_NONCONN_IND,37,37,4,-1,0,10968420,10969054,55,32,8,pre_aa_hdr_payload
74.57453918457031,1769570469.1855392,42.3448023,-71.0825832,16.659,C7:41:76:3B:51:49,49513b7641c71eff4c001219fe594bc908791d5089598d0d277cc386d31598f3f6449e02fe,-48789.51407404676,134341.47244999712,-228751.00164450702,94089.92487267149,-189841.54625246464,-45237.683466420924,545,540,486,492,2063,1,1,2,ADV_NONCONN_IND,37,37,0,-1,0,11119245,11119879,56,32,8,pre_aa_hdr_payload
75.74779319763184,1769570470.3587933,42.3448023,-71.0825832,16.659,E7:A6:1E:FD:63:3F,3f63fd1ea6e71eff4c001219002fa8f8533d768eb7bb45ca0641ac953a6b64443c202d0300,-55757.74778092898,132902.4455187292,-199215.52672846473,117969.78993383919,-199680.5069578411,-44475.87265809528,497,582,492,492,2063,1,1,2,ADV_NONCONN_IND,37,37,1,-1,0,11321571,11322205,56,32,8,pre_aa_hdr_payload
76.41507887840271,1769570471.026079,42.3448023,-71.0825832,16.659,D2:AD:C5:54:6B:B8,b86b54c5add21eff4c001219ffe5fccda2ddfd7e7428bdd569d814eee2fe10935187d002ff,-62681.0160757079,127162.56925459657,-221299.07128405196,104982.90035054901,-178438.0926495967,-54493.66210114376,485,612,480,486,2063,1,1,2,ADV_NONCONN_IND,37,37,5,-1,0,11404639,11405273,55,32,8,pre_aa_hdr_payload
78.9674003124237,1769570473.5784004,42.3448023,-71.0825832,16.659,DA:74:07:02:D9:07,07d9020774da1eff4c001219fdf0953a3ef6f2d382f2c3bb91972715c4e4bfbf69716c03fd,97494.31957269767,228104.14096604256,-72921.43753603828,209397.46677478869,-45881.637571440355,88002.83130015571,611,426,510,516,2063,1,1,2,ADV_NONCONN_IND,37,37,0,-1,0,11842643,11843277,56,32,8,pre_aa_hdr_payload
79.9310884475708,1769570474.5420885,42.3448023,-71.0825832,16.659,E7:A6:1E:FD:63:3F,3f63fd1ea6e71eff4c001219002fa8f8533d768eb7bb45ca0641ac953a6b64443c202d0300,-49377.89929802307,136148.29344438363,-198879.68866652506,116796.00399075859,-188990.5411147745,-31589.307024008656,503,576,492,492,2063,1,1,2,ADV_NONCONN_IND,37,37,0,-1,0,11939693,11940327,56,31,8,pre_aa_hdr_payload
79.96989727020264,1769570474.5808973,42.3448023,-71.0825832,16.659,DF:AD:8B:BA:EA:74,74eaba8baddf1eff4c001219ff8d8b8bede8bcd64c9144aaa6347feef8bb20d4476c6b00ff,-17326.445050394657,126560.34614043418,-203329.30267865313,109810.12589690775,-165036.51964405837,-27725.13441588241,575,486,498,504,2063,1,1,2,ADV_NONCONN_IND,37,37,2,-1,0,11991855,11992490,56,32,8,pre_aa_hdr_payload
80.73917603492737,1769570475.350176,42.3448023,-71.0825832,16.659,EA:C1:9D:86:93:3A,3a93869dc1ea1eff4c001219fe4663a5f7cb03e723950977f0dc91e68160ef4d5213ad03fe,-79902.65507478284,79744.4010626891,-189981.48765829316,79373.24586648855,-188406.6424030993,-62611.841652486255,407,570,540,546,2063,1,1,2,ADV_NONCONN_IND,37,37,5,-1,0,12074915,12075549,55,32,8,pre_aa_hdr_payload
81.918616771698,1769570476.5296168,42.3448023,-71.0825832,16.659,E7:A6:1E:FD:63:3F,3f63fd1ea6e71eff4c001219002fa8f8533d768eb7bb45ca0641ac953a6b64443c202d0300,-54944.43588951066,129137.34560818257,-196750.9920716603,118993.84773288753,-195665.44494897017,-40541.393019283794,503,576,492,492,2063,1,1,2,ADV_NONCONN_IND,37,37,0,-1,0,12191794,12192428,56,32,8,pre_aa_hdr_payload
81.94571423530579,1769570476.5567143,42.3448023,-71.0825832,16.659,D5:54:B4:06:7C:42,427c06b454d51eff4c001219ff7668b01f46433af9c18d9cf0076682a22619831ca0d303ff,-57709.278682723685,135582.13868637374,-215721.79359799478,97310.25390192935,-161901.46993756518,-47353.55130170855,419,534,552,558,2063,1,1,2,ADV_NONCONN_IND,37,37,4,-1,0,12228216,12228851,55,32,8,pre_aa_hdr_payload
82.49286580085754,1769570477.1038659,42.3448023,-71.0825832,16.659,E4:C8:24:C0:D0:6B,6bd0c024c8e41eff4c001219fcb67dbdedbfd0cc54f9c82c3130f6cbeffbee9044bb7402fc,-102002.10925083321,61923.686405721935,-194721.59075711493,43501.920296683995,-192924.07148302867,-90368.23606014819,377,708,486,492,2063,1,1,2,ADV_NONCONN_IND,37,37,1,-1,0,12295299,12295934,56,32,8,pre_aa_hdr_payload
82.50732731819153,1769570477.1183274,42.3448023,-71.0825832,16.659,C7:C1:E6:00:95:36,369500e6c1c71eff4c001219fe26f8de4764edbbf3045d0b9a3355d1b2b2ccad78323000fe,-100635.6872166424,110048.49216203328,-216804.78430652185,89494.31811314299,-192395.72618623057,-71991.86825942577,407,654,498,504,2063,1,1,2,ADV_NONCONN_IND,37,37,5,-1,0,12314738,12315372,55,32,8,pre_aa_hdr_payload
84.70083260536194,1769570479.3118327,42.3448023,-71.0825832,16.659,FD:BF:93:CD:BC:80,80bccd93bffd1eff4c001219fdcd81c6527328da369335cbe335bb31b9157f7a556c6701fd,98410.41869649831,194774.40891177973,-65136.2024944343,174105.82308285142,-60084.003711912505,82879.4441474525,815,420,414,414,2063,1,1,2,ADV_NONCONN_IND,37,37,1,-1,0,12576217,12576851,56,32,8,pre_aa_hdr_payload
86.80574369430542,1769570481.4167438,42.3448023,-71.0825832,16.659,C0:27:A0:F4:31:B7,b731f4a027c01eff4c001219fe646d31bf10887dea195a63805b542f249afb9b6dccb302fe,-52002.51332701934,143187.39757421656,-236139.77709240292,93424.86040865893,-182666.58552380046,-48995.35824206142,563,594,450,456,2063,1,1,2,ADV_NONCONN_IND,37,37,4,-1,0,12807328,12807962,55,32,8,pre_aa_hdr_payload
90.70958137512207,1769570485.3205814,42.3448023,-71.0825832,16.659,CA:51:8A:AC:3D:92,923dac8a51ca1eff4c001219fc5fd8b719fea46ba68944a44a3001910dd29b92a4c28d02fc,-89151.54942458292,70366.81598368254,-172435.22353738177,71635.99164573652,-203457.77216370488,-81370.10468699406,371,822,432,438,2063,1,1,2,ADV_NONCONN_IND,37,37,0,-1,0,13308547,13309181,56,32,8,pre_aa_hdr_payload
90.724534034729,1769570485.335534,42.3448023,-71.0825832,16.659,DC:8D:0F:D2:6B:69,696bd20f8ddc1eff4c001219feab9082a0538cf586ead9468306f5c8ce50e0dc3ab1ff01fe,-66498.52975981472,70501.10096101678,-165656.1539601047,74874.157947492,-167351.63702343457,-53619.19596039748,467,570,510,516,2063,1,1,2,ADV_NONCONN_IND,37,37,1,-1,0,13328644,13329279,56,32,8,pre_aa_hdr_payload
92.39307141304016,1769570487.0040715,42.3448023,-71.0825832,16.659,E7:E1:B4:BD:BC:73,73bcbdb4e1e71eff4c001219fec8e86a1a4fc3c54093c9d4fd158c3dc991289c1ed63201fe,-64684.90820382763,106031.53579741706,-214335.48073159062,98546.90854241507,-190279.8842386682,-58864.38521723286,479,594,492,498,2063,1,1,2,ADV_NONCONN_IND,37,37,5,-1,0,13562266,13562901,55,31,8,pre_aa_hdr_payload
94.03465056419373,1769570488.6456506,42.3448023,-71.0825832,16.659,F6:C5:60:DF:C0:B7,b7c0df60c5f61eff4c001219ffcb33f45f61db68a8a42740c34def0d3c028589f7090803ff,-47012.84313004678,89727.78040934863,-147974.58179303864,96628.25275181586,-160229.38882402063,-41243.64462323504,461,642,480,480,2063,1,1,2,ADV_NONCONN_IND,37,37,3,-1,0,13728737,13729372,56,32,8,pre_aa_hdr_payload
95.27220702171326,1769570489.883207,42.3448023,-71.0825832,16.659,CC:20:F7:99:99:D3,d39999f720cc1eff4c001219fd5bb649af8156a61d592b9c211c5df1ad0280a01de94300fd,136990.74228112385,253794.2214532745,-61262.17674453515,225742.6749434277,-36934.51093445088,111537.22194667251,653,384,510,516,2063,1,1,2,ADV_NONCONN_IND,37,37,0,-1,0,13911309,13911943,56,32,8,pre_aa_hdr_payload
96.82603001594543,1769570491.43703,42.3448023,-71.0825832,16.659,EF:A4:E2:E2:A9:2E,2ea9e2e2a4ef1eff4c001219fe901529626dd1faec285f3a5898faeffe9bda151bbda103fe,-75461.8368245157,91287.06883009769,-164204.59519956642,71933.76232084206,-159976.89610736232,-60661.50386143572,389,738,468,468,2063,1,1,2,ADV_NONCONN_IND,37,37,1,-1,0,14096926,14097560,56,32,8,pre_aa_hdr_payload
97.21355533599854,1769570491.8245554,42.3448023,-71.0825832,16.659,FD:8F:37:0C:9C:E9,e99c0c378ffd1eff4c001219fd0915621a7f3e0ac8389b66f7da15c22404122c1f769003fd,34960.209482608254,236947.91775018864,-73525.88178549256,209570.18893141902,-58181.321346400706,57123.727594012285,413,660,492,498,2063,1,1,2,ADV_NONCONN_IND,37,37,1,-1,0,14196771,14197405,56,32,8,pre_aa_hdr_payload
97.92521667480469,1769570492.5362167,42.3448023,-71.0825832,16.659,CC:5F:6A:7B:3F:53,533f7b6a5fcc1eff4c001219ffdebb832e7af541ba7a0802b352e98cb2b1b444f0238501ff,-44590.68017722127,136266.57381668754,-210220.21978394303,99710.85099638316,-163799.13502512744,-39310.80622684655,449,504,552,558,2063,1,1,2,ADV_NONCONN_IND,37,37,5,-1,0,14323355,14323990,55,32,8,pre_aa_hdr_payload
98.50976514816284,1769570493.1207652,42.3448023,-71.0825832,16.659,F4:A3:7D:9E:0E:1E,1e0e9e7da3f41eff4c001219fcde7c399258a26c565e3a3fd9f9cf0dede67144cfdf1502fc,-87899.51171482007,90162.32306078987,-222800.69887245735,50120.16412468977,-196001.68639305764,-82163.26033820093,431,606,510,516,2063,1,1,2,ADV_NONCONN_IND,37,37,5,-1,0,14373499,14374133,55,32,8,pre_aa_hdr_payload
99.14818000793457,1769570493.75918,42.3448023,-71.0825832,16.659,EC:49:76:DC:90:F3,f390dc7649ec1eff4c001219fd27e745d414650867fc985bfb88bb23a96b0d6bb60c5f01fd,86043.9841023,190457.12630103464,-84539.92142959849,198667.8098263575,-47636.91318036838,79880.78033190894,755,450,426,432,2063,1,1,2,ADV_NONCONN_IND,37,37,0,-1,0,14442281,14442915,56,32,8,pre_aa_hdr_payload
100.81031560897827,1769570495.4213157,42.3448023,-71.0825832,16.659,FD:6D:33:2B:00:E2,e2002b336dfd1eff4c001219fe9bd58b1df0c54bba57d306404db4a017a2efc35c3af301fe,-59088.453960774474,98718.36171711328,-202667.73438608594,92660.23735182485,-177865.4246103471,-44587.90641928595,509,516,516,522,2063,1,1,2,ADV_NONCONN_IND,37,37,5,-1,0,14624286,14624920,55,32,8,pre_aa_hdr_payload
100.83612895011902,1769570495.447129,42.3448023,-71.0825832,16.659,D6:5D:75:48:AD:AA,aaad48755dd61eff4c001219fd370a0e3a926d9f8ffd06893172d53174ff747d582a3603fd,81432.86646847204,249840.38495626123,-77694.16228511611,213510.92372930277,-56623.36042244042,82370.92818122532,551,498,504,510,2063,1,1,2,ADV_NONCONN_IND,37,37,5,-1,0,14658982,14659617,55,31,8,pre_aa_hdr_payload
102.46070146560669,1769570497.0717015,42.3448023,-71.0825832,16.659,C4:23:41:74:3F:80,803f744123c41eff4c001219fe9babd122d595f8f6fab6c5f529ab46510176db2ee77500fe,-75429.57129541943,113379.37073750405,-215366.92077061333,86458.33589135428,-188721.95837687922,-61493.85416383896,443,594,510,516,2063,1,1,2,ADV_NONCONN_IND,37,37,5,-1,0,14798888,14799523,55,32,8,pre_aa_hdr_payload
104.1063814163208,1769570498.7173815,42.3448023,-71.0825832,16.659,40:1A:C8:CE:D0:2A,2ad0cec81a400201021816aafe407867a63dea8e053c09ee2254c4bdf654e8dacfec,-35895.137872727144,189852.34343054,-225676.4654267941,119254.28793024362,-170802.24520147603,-28132.653399143248,497,528,444,450,1919,1,1,0,ADV_IND,34,37,4,-1,0,14984313,14984948,55,32,8,pre_aa_hdr_payload
104.54261946678162,1769570499.1536195,42.3448023,-71.0825832,16.659,CD:6A:01:03:C3:93,93c303016acd1eff4c001219fceac4203ddde2a82557f18e02da121bc3c8d06bb7173b00fc,-117194.9401608413,74619.39492318811,-250364.76062593152,74002.90192985948,-222247.66799948318,-90932.99849910941,485,636,468,474,2063,1,1,2,ADV_NONCONN_IND,37,37,5,-1,0,15051513,15052147,55,32,8,pre_aa_hdr_payload
104.55281949043274,1769570499.1638196,42.3448023,-71.0825832,16.659,E1:31:91:41:66:E7,e766419131e11eff4c001219fea829a3c849ee2d4356edabab566481bfade46542017503fe,-80668.09160891586,138785.68300107532,-141838.68981022591,116089.73034991494,-175725.37873679466,-63530.8139142931,276,1043,372,372,2063,1,1,2,ADV_NONCONN_IND,37,37,4,-1,0,15065222,15065856,56,31,7,pre_aa_hdr_payload
105.95521759986877,1769570500.5662177,42.3448023,-71.0825832,16.659,C8:BB:7F:A0:39:4B,4b39a07fbbc81eff4c001219ff29cf7c647bb3c68bade6055f76cdd07dd57c6082430703ff,-62450.75332296882,148400.12515152062,-219957.00778466268,98962.17705156453,-176255.97905414598,-48984.1463546948,419,558,540,546,2063,1,1,2,ADV_NONCONN_IND,37,37,0,-1,0,15250269,15250903,56,32,8,pre_aa_hdr_payload
106.40912437438965,1769570501.0201244,42.3448023,-71.0825832,16.659,E0:2A:E7:FC:C9:F4,f4c9fce72ae01eff4c001219fc9984f05a6331dbe07447b321996bde45f798350aa5f503fc,-95267.87711378821,70590.81619011085,-246122.46852916968,58971.999665001975,-202105.6219389869,-80823.29054115331,491,558,504,510,2063,1,1,2,ADV_NONCONN_IND,37,37,5,-1,0,15329121,15329755,55,32,8,pre_aa_hdr_payload
108.2923378944397,1769570502.903338,42.3448023,-71.0825832,16.659,40:1A:C8:CE:D0:2A,2ad0cec81a400201021816aafe407867a63dea8e053c09ee2254c4bdf654e8dacfec,-30655.098553616157,143426.47819090865,-174782.97069117762,123097.10127563306,-184746.88587827978,-28510.250280868237,497,528,444,450,1919,1,1,0,ADV_IND,34,37,5,-1,0,15553917,15554551,55,32,8,pre_aa_hdr_payload
108.73722982406616,1769570503.34823,42.3448023,-71.0825832,16.659,D7:55:5B:FE:1A:81,811afe5b55d71eff4c001219fe79cc9ded8000bdb97bab16c2a268d97ddf43505088f201fe,-49630.246329111615,115959.47682516994,-212762.83957748776,95087.24124062747,-190047.44123121997,-49131.95242628922,527,546,492,498,2063,1,1,2,ADV_NONCONN_IND,37,37,0,-1,0,15624684,15625319,56,32,8,pre_aa_hdr_payload
109.66997838020325,1769570504.2809784,42.3448023,-71.0825832,16.659,CF:13:47:0A:A6:55,55a60a4713cf1eff4c001219ffc1b8345b3fe662c4397a3af771e18578e6b2dbc06baf03ff,-61249.166520994644,127932.89852191079,-171697.80611214906,79231.04144035633,-141362.20121727168,-50818.298778520155,455,774,414,420,2063,1,1,2,ADV_NONCONN_IND,37,37,1,-1,0,15791709,15792343,56,32,8,pre_aa_hdr_payload
110.66471886634827,1769570505.275719,42.3448023,-71.0825832,16.659,CC:12:D0:A2:16:5B,5b16a2d012cc1eff4c001219fc7f76c6dd24fad3ba346100ab79007082c21fa3a37ffc02fc,-126568.15818328266,56981.42707476715,-238946.61849455294,64710.65549268018,-231076.5298471141,-98621.12762343965,437,648,486,492,2063,1,1,2,ADV_NONCONN_IND,37,37,0,-1,0,15880765,15881399,56,32,8,pre_aa_hdr_payload
110.67791938781738,1769570505.2889194,42.3448023,-71.0825832,16.659,D7:61:13:E2:DF:DB,dbdfe21361d71eff4c001219feea3511ad018e81ed1b438261a9a4eeb383f61d11b38902fe,-84317.66090177296,70442.07726762473,-160107.36224006355,61282.275473573056,-170580.56231851643,-65498.96368789165,383,654,510,516,2063,1,1,2,ADV_NONCONN_IND,37,37,1,-1,0,15898508,15899142,56,32,8,pre_aa_hdr_payload
112.27983474731445,1769570506.8908348,42.3448023,-71.0825832,16.659,40:1A:C8:CE:D0:2A,2ad0cec81a400201021816aafe407867a63dea8e053c09ee2254c4bdf654e8dacfec,-33947.925642632865,120173.91103986057,-152614.80748394766,104648.38272594033,-178549.14923094306,-29745.232124046903,497,528,444,450,1919,1,1,0,ADV_IND,34,37,3,-1,0,16096345,16096980,56,32,8,pre_aa_hdr_payload
112.69716286659241,1769570507.308163,42.3448023,-71.0825832,16.659,D2:6E:A6:E7:8C:AD,ad8ce7a66ed21eff4c001219fc1e1c22910553b38f31cfa47e278d2af4d602c213245700fc,-79036.0890520998,95152.44960251864,-243520.55781303582,57524.96377039034,-220171.2814737385,-70268.87383805109,533,516,504,510,2063,1,1,2,ADV_NONCONN_IND,37,37,5,-1,0,16144850,16145484,55,32,8,pre_aa_hdr_payload
112.71053385734558,1769570507.321534,42.3448023,-71.0825832,16.659,F9:6D:71:A1:E6:C6,c6e6a1716df91eff4c001219fe83d52a6a069d18ccab4d23e13192bf2167fb993a4cc900fe,-71045.61437007786,123357.6103275041,-220066.10399115525,92322.44475215339,-194050.5219289467,-55915.27609420572,497,576,492,498,2063,1,1,2,ADV_NONCONN_IND,37,37,5,-1,0,16162822,16163456,55,32,8,pre_aa_hdr_payload
113.98618721961975,1769570508.5971873,42.3448023,-71.0825832,16.659,D4:8B:AC:F6:82:3D,3d82f6ac8bd41eff4c001219ff39cd98d6bcefeed38c5ca61c2a75aeb242239ca0c8fd03ff,-54532.72133493988,122027.77554764533,-190511.54352546236,94028.6461866457,-168223.2390757662,-42105.991198125375,467,546,522,528,2063,1,1,2,ADV_NONCONN_IND,37,37,0,-1,0,16372405,16373039,56,32,8,pre_aa_hdr_payload
114.29761672019958,1769570508.9086168,42.3448023,-71.0825832,16.659,40:1A:C8:CE:D0:2A,2ad0cec81a400201021816aafe407867a63dea8e053c09ee2254c4bdf654e8dacfec,-31362.19744589143,139066.25424032187,-183509.80621952898,113984.66713074426,-168977.06047613057,-30509.255228848942,497,528,444,450,1919,1,1,0,ADV_IND,34,37,0,-1,0,16421045,16421680,56,32,8,pre_aa_hdr_payload
114.7347526550293,1769570509.3457527,42.3448023,-71.0825832,16.659,F7:0A:61:63:09:15,150963610af71eff4c001219fe65a23aa4628d28d52695cd4320e616de1319226748c002fe,-60658.006532663865,90730.24987419095,-198694.29057265347,92778.10341566766,-169476.383516142,-49477.29844937104,479,534,522,528,2063,1,1,2,ADV_NONCONN_IND,37,37,5,-1,0,16488108,16488742,55,32,8,pre_aa_hdr_payload
116.2886278629303,1769570510.899628,42.3448023,-71.0825832,16.659,CA:C6:83:D1:3C:40,403cd183c6ca1eff4c001219ffee3f248d3914a240924199e3c8f1af8eb50261aba7f900ff,-60588.409750829305,102501.05310332669,-195870.36118887932,98364.31384808687,-167219.4763308048,-50102.92300879651,437,576,522,528,2063,1,1,2,ADV_NONCONN_IND,37,37,0,-1,0,16750084,16750718,56,32,8,pre_aa_hdr_payload
116.63332056999207,1769570511.2443206,42.3448023,-71.0825832,16.659,40:1A:C8:CE:D0:2A,2ad0cec81a400201021816aafe407867a63dea8e053c09ee2254c4bdf654e8dacfec,-32165.918613335816,146664.21808018172,-180995.57744798413,125488.24961623162,-191467.97167634385,-29731.76753763359,491,534,444,450,1919,1,1,0,ADV_IND,34,37,5,-1,0,16805798,16806432,55,32,8,pre_aa_hdr_payload
116.98319458961487,1769570511.5941947,42.3448023,-71.0825832,16.659,F7:BD:A6:32:2C:4C,4c2c32a6bdf71eff4c001219feabf2f474dbe443a91f56b8cb3d246fe6708ff940256902fe,-50637.784610562805,115651.40306246089,-204288.62201249288,97530.30578426507,-196685.11997059936,-42422.4853716786,563,534,480,486,2063,1,1,2,ADV_NONCONN_IND,37,37,0,-1,0,16869821,16870455,56,32,8,pre_aa_hdr_payload
118.05438876152039,1769570512.6653888,42.3448023,-71.0825832,16.659,DE:04:77:78:34:3D,3d34787704de1eff4c001219ff66ec4b61562a3e0c6575f03ced45d526cf68c380fbb002ff,-74219.14793619332,106750.34933187866,-200401.17943414443,83098.95648453353,-169977.3030363342,-59859.52901081579,347,570,570,576,2063,1,1,2,ADV_NONCONN_IND,37,37,0,-1,0,17093572,17094206,56,32,7,pre_aa_hdr_payload
118.39623165130615,1769570513.0072317,42.3448023,-71.0825832,16.659,40:1A:C8:CE:D0:2A,2ad0cec81a400201021816aafe407867a63dea8e053c09ee2254c4bdf654e8dacfec,-35043.69431577598,146822.28197638033,-182679.2494746492,115179.76103405007,-173824.9482730478,-28457.511322521135,497,540,438,444,1919,1,1,0,ADV_IND,34,37,1,-1,0,17148144,17148778,56,32,8,pre_aa_hdr_payload
118.79642796516418,1769570513.407428,42.3448023,-71.0825832,16.659,D0:62:DC:0E:76:AD,ad760edc62d01eff4c001219fd0471256a53223c0f123e5cdb57d229d8be82e4b4c7aa01fd,86362.88990399399,258356.4228571214,-88256.36709894883,225157.1093610613,-66471.8147506037,76055.81797005334,575,570,456,462,2063,1,1,2,ADV_NONCONN_IND,37,37,0,-1,0,17232760,17233395,56,32,8,pre_aa_hdr_payload
119.8036515712738,1769570514.4146516,42.3448023,-71.0825832,16.659,CE:9A:EB:36:37:F5,f53736eb9ace1eff4c001219ffc0bdfb1939528ca5d5f0512d32ca7c613f15caf8d0b202ff,-57596.63392210258,122588.9606791681,-196520.75385385536,92607.06289468371,-176584.52194406974,-50417.455992296374,437,564,528,534,2063,1,1,2,ADV_NONCONN_IND,37,37,5,-1,0,17366821,17367456,55,32,8,pre_aa_hdr_payload
120.68501496315002,1769570515.296015,42.3448023,-71.0825832,16.659,E3:AB:B3:DB:DE:DE,dededbb3abe31eff4c001219fcd671e027cb194099b0c99458aa632b56fb04f5dc355c01fc,-60972.7928765085,76334.45175624115,-157850.19415926203,83349.9660951386,-180857.00000403766,-61288.12418165214,426,779,432,426,2063,1,1,2,ADV_NONCONN_IND,37,37,1,-1,0,17456714,17457349,56,32,8,pre_aa_hdr_payload
121.05594444274902,1769570515.6669445,42.3448023,-71.0825832,16.659,F0:F7:B5:C5:CC:B3,b3ccc5b5f7f01eff4c001219fdde5bd5ac3c6f9b7511e2fc1da6a681137bf43d17447903fd,92515.05474205439,242561.66784195433,-86280.40131728025,217380.22334991704,-52717.989777710995,83432.51979301078,569,456,516,522,2063,1,1,2,ADV_NONCONN_IND,37,37,0,-1,0,17530221,17530855,56,32,8,pre_aa_hdr_payload
121.97455382347107,1769570516.585554,42.3448023,-71.0825832,16.659,EA:DB:9C:7F:D8:D9,d9d87f9cdbea1eff4c001219ff8c9a76516e6ae4e2390b0684bee23211682a28dea91302ff,-83189.81879860426,121511.16160493036,-174107.53575368438,84887.79133439186,-173639.7963199354,-59504.983533399194,365,708,492,498,2063,1,1,2,ADV_NONCONN_IND,37,37,1,-1,0,17662111,17662745,56,32,8,pre_aa_hdr_payload
122.52591466903687,1769570517.1369147,42.3448023,-71.0825832,16.659,40:1A:C8:CE:D0:2A,2ad0cec81a400201021816aafe407867a63dea8e053c09ee2254c4bdf654e8dacfec,-35388.650885890245,143425.98550699223,-175857.06748442803,116800.70260018377,-187388.22460894397,-29937.44741284785,497,528,444,450,1919,1,1,0,ADV_IND,34,37,5,-1,0,17714692,17715326,55,32,8,pre_aa_hdr_payload
122.53510594367981,1769570517.146106,42.3448023,-71.0825832,16.659,D8:5E:FF:6B:44:4F,4f446bff5ed81eff4c001219fc2d6e42214231d46a50d73ad3cda3f7503111057d621c00fc,-71010.08315677979,78220.107370563,-200855.64082150592,56421.549855767465,-198540.5600048242,-66013.84779955276,461,516,540,546,2063,1,1,2,ADV_NONCONN_IND,37,37,0,-1,0,17727045,17727680,56,32,8,pre_aa_hdr_payload
123.9405906200409,1769570518.5515907,42.3448023,-71.0825832,16.659,FF:FA:33:41:62:DE,de624133faff1eff4c001219ff001a77364673f365fc3221d9c4bff6c933ee4be7ea7402ff,-48099.75745898696,114878.3766532185,-196978.40813975368,95993.49017607768,-172579.78899177752,-47821.21291159068,461,564,516,522,2063,1,1,2,ADV_NONCONN_IND,37,37,0,-1,0,17955220,17955854,56,30,8,pre_aa_hdr_payload
124.76891851425171,1769570519.3799186,42.3448023,-71.0825832,16.659,EF:6B:4D:0D:A0:CD,cda00d4d6bef1eff4c001219fc73ed488ff18d8d1dd9abeb449c37e520f226a4fc051f03fc,-61445.45619734239,78130.14982425391,-183162.34417707374,55160.959974501595,-171669.9858383188,-63791.22710540867,492,647,462,462,2063,1,1,2,ADV_NONCONN_IND,37,37,2,-1,0,18028936,18029570,56,32,8,pre_aa_hdr_payload
127.38886547088623,1769570521.9998655,42.3448023,-71.0825832,16.659,C7:B3:09:6D:83:5C,5c836d09b3c71eff4c001219fd91fe55891b8a7ae097488f405416ac675c00b24ba89e00fd,81573.87430114216,245972.61044508303,-81159.31553569228,215735.93801976982,-43551.68237728998,79640.10889420252,509,504,522,528,2063,1,1,2,ADV_NONCONN_IND,37,37,0,-1,0,18501057,18501692,56,32,8,pre_aa_hdr_payload
128.13885951042175,1769570522.7498596,42.3448023,-71.0825832,16.659,F3:BB:FB:89:6F:92,926f89fbbbf31eff4c001219ff18a800c08650283de10aaff87eb6f941cf7772f0385901ff,-77816.60857742945,126233.32435884177,-209210.1761326159,96328.96645366379,-181750.91017635982,-60228.350944958634,401,612,522,528,2063,1,1,2,ADV_NONCONN_IND,37,37,5,-1,0,18645563,18646198,55,32,8,pre_aa_hdr_payload
128.488276720047,1769570523.0992768,42.3448023,-71.0825832,16.659,40:1A:C8:CE:D0:2A,2ad0cec81a400201021816aafe407867a63dea8e053c09ee2254c4bdf654e8dacfec,-26818.38207722029,179976.86258581592,-218787.78146342834,124290.10844959556,-182886.08023846056,-28983.573049773804,503,522,444,450,1919,1,1,0,ADV_IND,34,37,1,-1,0,18713003,18713638,56,31,8,pre_aa_hdr_payload
128.493403673172,1769570523.1044037,42.3448023,-71.0825832,16.659,CE:F4:3B:F6:63:78,7863f63bf4ce1eff4c001219fcada3d0638bd122f8684a2b5594e7120b34e702726f6902fc,-102150.4453073113,67021.39857190126,-242554.97181500983,64172.75662852801,-209923.12015959414,-84990.07443223754,467,582,504,510,2063,1,1,2,ADV_NONCONN_IND,37,37,1,-1,0,18719894,18720528,56,32,8,pre_aa_hdr_payload
128.98613333702087,1769570523.5971334,42.3448023,-71.0825832,16.659,DF:05:2F:47:3C:26,263c472f05df1eff4c001219fd351d473458aa6d4e51f63869508ac28f0bdb1c28eb4902fd,61322.342037368435,225112.91636270695,-65250.97559791192,205757.98568757082,-48994.16369595069,79308.73859491295,557,552,474,480,2063,1,1,2,ADV_NONCONN_IND,37,37,1,-1,0,18777003,18777637,56,32,7,pre_aa_hdr_payload
129.52313899993896,1769570524.134139,42.3448023,-71.0825832,16.659,E2:6C:D4:85:40:E7,e74085d46ce21eff4c0012193112ec74074644a9cf1def3668d3f4d6d699901a054ab60338,-65399.068515646024,136262.97521419483,-219882.4323262342,106998.8559826787,-177105.99156299012,-43836.80766034069,413,558,546,546,2063,1,1,0,ADV_IND,37,37,0,-1,0,18835826,18836460,56,32,8,pre_aa_hdr_payload
129.52975153923035,1769570524.1407516,42.3448023,-71.0825832,16.659,E2:6C:D4:85:40:E7,e74085d46ce21eff4c0012193112ec74074644a9cf1def3668d3f4d6d699901a054ab60338,-69963.88315865623,117752.12521788427,-180181.15208692156,97355.62833986242,-170190.62555025908,-51173.78270321081,365,642,528,528,2063,1,1,0,ADV_IND,37,37,5,-1,0,18844714,18845349,55,32,8,pre_aa_hdr_payload
129.5418257713318,1769570524.1528258,42.3448023,-71.0825832,16.659,E2:6C:D4:85:40:E7,e74085d46ce21eff4c0012193112ec74074644a9cf1def3668d3f4d6d699901a054ab60338,-69120.14135148384,147986.99066649837,-233343.91520241508,106320.64786724914,-193580.18409719266,-60658.86103033689,407,564,546,546,2063,1,1,0,ADV_IND,37,37,0,-1,0,18860942,18861577,56,32,8,pre_aa_hdr_payload
129.96389174461365,1769570524.5748918,42.3448023,-71.0825832,16.659,E2:6C:D4:85:40:E7,e74085d46ce21eff4c0012193112ec74074644a9cf1def3668d3f4d6d699901a054ab60338,-65142.28897637072,97305.79934600543,-192208.10940175378,90488.04522597429,-158900.41031990555,-49238.19912482558,401,570,546,546,2063,1,1,0,ADV_IND,37,37,4,-1,0,18878180,18878814,55,32,8,pre_aa_hdr_payload
129.96758651733398,1769570524.5785866,42.3448023,-71.0825832,16.659,E2:6C:D4:85:40:E7,e74085d46ce21eff4c0012193112ec74074644a9cf1def3668d3f4d6d699901a054ab60338,-70552.36087477769,148547.42121565982,-239547.25751486863,106484.63934477045,-194581.96807825158,-54514.20139205778,413,546,552,552,2063,1,1,0,ADV_IND,37,37,4,-1,0,18883146,18883781,55,32,8,pre_aa_hdr_payload
129.97460389137268,1769570524.585604,42.3448023,-71.0825832,16.659,E2:6C:D4:85:40:E7,e74085d46ce21eff4c0012193112ec74074644a9cf1def3668d3f4d6d699901a054ab60338,-75985.02220094223,95269.96592184392,-196418.20888051766,86604.90468201815,-164481.9601364728,-65742.13977489926,401,594,534,534,2063,1,1,0,ADV_IND,37,37,0,-1,0,18892578,18893213,56,32,8,pre_aa_hdr_payload
129.97679924964905,1769570524.5877993,42.3448023,-71.0825832,16.659,E2:6C:D4:85:40:E7,e74085d46ce21eff4c0012193112ec74074644a9cf1def3668d3f4d6d699901a054ab60338,-73635.55095942358,101468.10566302919,-197867.37549273958,91762.37816243806,-179360.48506200622,-61479.931039353054,401,594,534,534,2063,1,1,0,ADV_IND,37,37,1,-1,0,18895528,18896163,56,31,8,pre_aa_hdr_payload
129.98036074638367,1769570524.5913608,42.3448023,-71.0825832,16.659,E2:6C:D4:85:40:E7,e74085d46ce21eff4c0012193112ec74074644a9cf1def3668d3f4d6d699901a054ab60338,-66819.01504275661,110514.90741911354,-135654.1491706695,79846.28676237307,-146465.76935808823,-53098.033601387,311,828,462,462,2063,1,1,0,ADV_IND,37,37,5,-1,0,18900316,18900950,55,32,8,pre_aa_hdr_payload
129.9847331047058,1769570524.5957332,42.3448023,-71.0825832,16.659,E2:6C:D4:85:40:E7,e74085d46ce21eff4c0012193112ec74074644a9cf1def3668d3f4d6d699901a054ab60338,-67921.10164089146,132495.44673668698,-224346.68766728026,105333.31246019526,-189260.5323649508,-56931.30069738316,407,564,546,546,2063,1,1,0,ADV_IND,37,37,5,-1,0,18906193,18906828,55,32,8,pre_aa_hdr_payload
129.99041199684143,1769570524.601412,42.3448023,-71.0825832,16.659,E2:6C:D4:85:40:E7,e74085d46ce21eff4c0012193112ec74074644a9cf1def3668d3f4d6d699901a054ab60338,-69663.73903286675,129446.12450100914,-216263.331595868,106610.77094240919,-185725.22865916355,-48349.95306760943,413,570,540,540,2063,1,1,0,ADV_IND,37,37,1,-1,0,18913826,18914460,56,32,8,pre_aa_hdr_payload
129.9941120147705,1769570524.605112,42.3448023,-71.0825832,16.659,C5:D9:32:A5:54:6B,6b54a532d9c51eff4c001219ff8eaecbce106d98d8f80c301dd88f129352fb80547db903ff,-54386.26358048635,141041.11588203954,-223235.01131775609,97810.28275122221,-170877.12748851834,-44965.463128512645,473,540,522,528,2063,1,1,2,ADV_NONCONN_IND,37,37,0,-1,0,18918799,18919433,56,32,8,pre_aa_hdr_payload
129.99511098861694,1769570524.606111,42.3448023,-71.0825832,16.659,E2:6C:D4:85:40:E7,e74085d46ce21eff4c0012193112ec74074644a9cf1def3668d3f4d6d699901a054ab60338,-64032.65359623562,98078.48361296872,-186858.42431757165,70492.68235669716,-131910.9040869282,-53203.10262488426,401,618,522,522,2063,1,1,0,ADV_IND,37,37,0,-1,0,18920142,18920776,56,32,8,pre_aa_hdr_payload
129.99644136428833,1769570524.6074414,42.3448023,-71.0825832,16.659,E2:6C:D4:85:40:E7,e74085d46ce21eff4c0012193112ec74074644a9cf1def3668d3f4d6d699901a054ab60338,-69515.13972951399,70558.91664408534,-166571.92578727618,69123.79067882305,-153497.52266657437,-54124.08499701149,407,564,546,546,2063,1,1,0,ADV_IND,37,37,1,-1,0,18921929,18922564,56,32,7,pre_aa_hdr_payload
130.00627994537354,1769570524.61728,42.3448023,-71.0825832,16.659,E2:6C:D4:85:40:E7,e74085d46ce21eff4c0012193112ec74074644a9cf1def3668d3f4d6d699901a054ab60338,-73291.61536029616,107647.35884163462,-205427.62462383453,92915.12952719635,-167035.3879218605,-57314.45118707942,402,575,546,540,2063,1,1,0,ADV_IND,37,37,4,-1,0,18935154,18935788,55,32,8,pre_aa_hdr_payload
130.34399795532227,1769570524.954998,42.3448023,-71.0825832,16.659,E2:6C:D4:85:40:E7,e74085d46ce21eff4c0012193112ec74074644a9cf1def3668d3f4d6d699901a054ab60338,-73436.08809101918,133870.17171440716,-220384.93796416413,103658.83360518227,-189709.2506660517,-53752.86563858824,407,564,546,546,2063,1,1,0,ADV_IND,37,37,0,-1,0,18957300,18957934,56,32,8,pre_aa_hdr_payload
130.360773563385,1769570524.9717736,42.3448023,-71.0825832,16.659,E2:6C:D4:85:40:E7,e74085d46ce21eff4c0012193112ec74074644a9cf1def3668d3f4d6d699901a054ab60338,-65616.68830362125,108029.57202248479,-192623.22639386685,100869.8871144537,-174562.54210652175,-46140.33675135129,413,558,546,546,2063,1,1,0,ADV_IND,37,37,1,-1,0,18979848,18980482,56,32,7,pre_aa_hdr_payload
130.37894916534424,1769570524.9899492,42.3448023,-71.0825832,16.659,40:1A:C8:CE:D0:2A,2ad0cec81a400201021816aafe407867a63dea8e053c09ee2254c4bdf654e8dacfec,-30531.066586971105,165831.80064828234,-202123.2212642298,131685.64895277508,-192549.1751988625,-29559.047142361982,497,528,444,450,1919,1,1,0,ADV_IND,34,37,2,-1,0,19004277,19004912,56,32,8,pre_aa_hdr_payload
130.77887105941772,1769570525.3898711,42.3448023,-71.0825832,16.659,E1:08:04:AE:98:C3,c398ae0408e11eff4c001219fe70e5b80f4f51dee842e4104e9988c6d8911af711146802fe,-68658.53439938548,111030.47540245978,-222989.59964506983,87779.06353007296,-181068.21928550184,-56982.0695241024,473,576,504,510,2063,1,1,2,ADV_NONCONN_IND,37,37,4,-1,0,19021321,19021956,55,32,8,pre_aa_hdr_payload
131.1658592224121,1769570525.7768593,42.3448023,-71.0825832,16.659,F0:2B:C2:24:EB:1D,1deb24c22bf01eff4c001219fddc8b4e776335255b2aaa17cf8f9e4f962146ff91580903fd,83381.05698087078,253831.44718948478,-78677.89525986458,212837.41940962977,-48439.8065416308,80874.32901496942,497,468,546,552,2063,1,1,2,ADV_NONCONN_IND,37,37,0,-1,0,19100281,19100916,56,32,8,pre_aa_hdr_payload
131.92113327980042,1769570526.5321333,42.3448023,-71.0825832,16.659,FD:7D:5B:37:3F:8B,8b3f375b7dfd1eff4c001219ffeeefcbdf89f83078ccdf403ea506a08d586af6d336bd01ff,-32158.337814823783,135543.89468586023,-206895.52273776341,108252.71485556616,-176905.0025011443,-33119.20505555205,503,486,534,540,2063,1,1,2,ADV_NONCONN_IND,37,37,0,-1,0,19235755,19236389,56,32,8,pre_aa_hdr_payload
132.56795167922974,1769570527.1789517,42.3448023,-71.0825832,16.659,40:1A:C8:CE:D0:2A,2ad0cec81a400201021816aafe407867a63dea8e053c09ee2254c4bdf654e8dacfec,-28341.243902760332,161132.6214390758,-194978.17241633055,133559.60448143294,-190985.82649797894,-29833.14593744961,492,539,444,444,1919,1,1,0,ADV_IND,34,37,5,-1,0,19306423,19307057,55,32,7,pre_aa_hdr_payload
134.78752183914185,1769570529.398522,42.3448023,-71.0825832,16.659,F2:3A:D1:CF:70:E4,e470cfd13af21eff4c001219fcd20ce99754510804ff8a5cb8b4f6ff90f41f49d5693801fc,-64636.81940313045,106524.70686547455,-217794.18765767553,70347.64439684218,-220830.15402708,-63808.59995275487,539,618,450,456,2063,1,1,2,ADV_NONCONN_IND,37,37,1,-1,0,19601267,19601901,56,32,8,pre_aa_hdr_payload
134.8043851852417,1769570529.4153852,42.3448023,-71.0825832,16.659,E3:7B:5B:05:E7:2C,2ce7055b7be31eff4c001219fe92bdd7e19b5c4806637eb842d18c142ce0829e2bd1fe02fe,-76186.22107576329,136634.92086878823,-247404.49376407434,92481.81046166945,-180986.03349208354,-60505.12292573894,473,600,492,498,2063,1,1,2,ADV_NONCONN_IND,37,37,4,-1,0,19623934,19624568,55,32,8,pre_aa_hdr_payload
135.149178981781,1769570529.760179,42.3448023,-71.0825832,16.659,D5:A1:D7:9E:D4:03,03d49ed7a1d51eff4c001219fd9b9f19308af30e26cf806bc0b458b982ddef4a4801a603fd,71111.45454786328,152132.0923239499,-90685.35989779855,158813.95054566345,-87238.07187415926,72069.42966497358,1001,318,372,372,2063,1,1,2,ADV_NONCONN_IND,37,37,1,-1,0,19679783,19680417,56,32,8,pre_aa_hdr_payload
136.0831995010376,1769570530.6941996,42.3448023,-71.0825832,16.659,F2:3D:E9:0D:62:FA,fa620de93df21eff4c001219ff59a890c4587214b2a57aa8cd9aed21ac8bf9c20a9a1701ff,-41200.13513685445,132830.16649162944,-210959.96189665023,94025.06813142139,-179491.3999924755,-48391.79497533949,479,582,498,504,2063,1,1,2,ADV_NONCONN_IND,37,37,0,-1,0,19814914,19815549,56,32,8,pre_aa_hdr_payload
136.85204195976257,1769570531.463042,42.3448023,-71.0825832,16.659,CB:43:4E:DD:D9:4B,4bd9dd4e43cb1eff4c001219fc113c9153ac623f40d048510aeff6de6cff1c906c089900fc,-105293.81220454734,99275.68397305954,-257753.16786626753,65925.9449141431,-223228.81323913494,-84222.13987069909,503,630,462,468,2063,1,1,2,ADV_NONCONN_IND,37,37,0,-1,0,19930989,19931624,56,32,8,pre_aa_hdr_payload
136.86451482772827,1769570531.475515,42.3448023,-71.0825832,16.659,40:1A:C8:CE:D0:2A,2ad0cec81a400201021816aafe407867a63dea8e053c09ee2254c4bdf654e8dacfec,-36932.195378041724,143582.4892443034,-186521.23367631403,123432.16347019841,-183503.16354478797,-32039.008601237914,485,528,450,456,1919,1,1,0,ADV_IND,34,37,0,-1,0,19947754,19948389,56,32,8,pre_aa_hdr_payload
137.20232224464417,1769570531.8133223,42.3448023,-71.0825832,16.659,E1:DA:8E:69:A4:84,84a4698edae11eff4c001219fded03dc1e3e13a693e0b6840d370182594770b70e6ee101fd,100402.69238823123,170195.6470232391,-82126.88415205102,196988.04918855015,-69631.92567812382,86281.24602884751,929,312,408,414,2063,1,1,2,ADV_NONCONN_IND,37,37,0,-1,0,19996903,19997538,56,32,8,pre_aa_hdr_payload
139.02660536766052,1769570533.6376054,42.3448023,-71.0825832,16.659,EF:FA:38:2A:AF:B9,b9af2a38faef1eff4c001219fee855ef43ab4b7ada11bc48efbaeaa563a8c6ae11029901fe,-72473.3017782594,88250.20356738022,-199035.05798292314,89566.87923679489,-183871.00737432498,-60327.54403086473,479,606,486,492,2063,1,1,2,ADV_NONCONN_IND,37,37,0,-1,0,20280933,20281567,56,32,8,pre_aa_hdr_payload
140.11125874519348,1769570534.7222588,42.3448023,-71.0825832,16.659,FD:77:CD:50:EE:10,10ee50cd77fd1eff4c001219ffe9fe40cec81c37d3e2f884df174c33d01eec0f433c9000ff,-27480.693426902173,131596.3027250926,-198611.36692553188,97163.04797954805,-175245.24076467066,-35401.62780869628,521,504,516,522,2063,1,1,2,ADV_NONCONN_IND,37,37,0,-1,0,20462289,20462924,56,32,8,pre_aa_hdr_payload
140.6739580631256,1769570535.2849581,42.3448023,-71.0825832,16.659,E8:26:F1:00:B4:BE,beb400f126e81eff4c001219fe33c030034dd3b2f950cab3de02e1e262a5280030055101fe,-55779.51900894102,102776.77932004638,-201143.68680588115,88615.48553269338,-181344.54924462538,-51963.418259866274,467,498,546,552,2063,1,1,2,ADV_NONCONN_IND,37,37,5,-1,0,20543551,20544186,55,32,8,pre_aa_hdr_payload
142.0756390094757,1769570536.686639,42.3448023,-71.0825832,16.659,DB:5C:F1:51:FF:7B,7bff51f15cdb1eff4c001219fcdc61871703d650f6bf9ec91e76d364607493860029bf02fc,-74998.96344150684,61967.16816833759,-223184.57044224997,66384.76493566373,-201569.53881595653,-68805.96693653999,527,510,510,516,2063,1,1,2,ADV_NONCONN_IND,37,37,5,-1,0,20709141,20709775,55,32,8,pre_aa_hdr_payload
142.77732467651367,1769570537.3883247,42.3448023,-71.0825832,16.659,C9:61:92:D7:E7:2E,2ee7d79261c91eff4c001219fe7a6d43cbe98350d54695ec996bbf7d6e30725a1462d802fe,-50221.3956452718,82862.54002871286,-174878.84865386243,90204.65948095942,-152709.1173556963,-52065.1274334773,467,618,486,492,2063,1,1,2,ADV_NONCONN_IND,37,37,5,-1,0,20728555,20729190,55,32,8,pre_aa_hdr_payload
142.7840027809143,1769570537.3950028,42.3448023,-71.0825832,16.659,40:1A:C8:CE:D0:2A,2ad0cec81a400201021816aafe407867a63dea8e053c09ee2254c4bdf654e8dacfec,-32157.99274797457,163009.02694892755,-199806.45686792542,132049.35019741298,-195105.919866419,-30014.94373440373,497,528,444,450,1919,1,1,0,ADV_IND,34,37,5,-1,0,20737531,20738166,55,32,8,pre_aa_hdr_payload
144.56941604614258,1769570539.180416,42.3448023,-71.0825832,16.659,D6:6C:17:82:E2:39,39e282176cd61eff4c001219feac53ff839c0d9e8af2e0483a90fec5338074d7599c3001fe,-74287.9834365255,91452.53715180278,-193518.0578097302,73928.7617853535,-183339.44288514674,-60964.23257664674,473,588,498,504,2063,1,1,2,ADV_NONCONN_IND,37,37,0,-1,0,20942758,20943393,56,31,8,pre_aa_hdr_payload
144.58009386062622,1769570539.191094,42.3448023,-71.0825832,16.659,40:1A:C8:CE:D0:2A,2ad0cec81a400201021816aafe407867a63dea8e053c09ee2254c4bdf654e8dacfec,-32061.110783321004,184229.84153140217,-221637.66195225902,123099.30126153257,-177501.89884455368,-29173.15893364377,492,539,444,444,1919,1,1,0,ADV_IND,34,37,0,-1,0,20957111,20957745,56,31,8,pre_aa_hdr_payload
146.4761061668396,1769570541.0871062,42.3448023,-71.0825832,16.659,CD:13:AC:5A:AC:11,11ac5aac13cd1eff4c001219fc5ad525859571b1c1d9b3c57f38f5108f4ad09b6b55cd00fc,-111911.31925441406,80067.47025975841,-252668.56660482872,62616.582387975875,-219355.94236398235,-88584.95763465359,437,600,510,516,2063,1,1,2,ADV_NONCONN_IND,37,37,0,-1,0,21130886,21131520,56,32,8,pre_aa_hdr_payload
146.4845371246338,1769570541.0955372,42.3448023,-71.0825832,16.659,C5:51:C1:5B:64:30,30645bc151c51eff4c001219fe1e60f274c5a06b0f07596a7ad7e3921aca2b111318e900fe,-97853.5234905551,63058.736826272536,-195063.21413555098,93394.75089364705,-185461.6364120767,-70428.99181921064,419,642,498,504,2063,1,1,2,ADV_NONCONN_IND,37,37,0,-1,0,21142218,21142852,56,32,8,pre_aa_hdr_payload
148.60920000076294,1769570543.2202,42.3448023,-71.0825832,16.659,EA:10:99:7F:9A:B1,b19a7f9910ea1eff4c001219feb959fa170cab0adf846ddcdc8a350d0d35637340112f02fe,-83712.51325518347,132836.07008961958,-244420.89500613522,89855.7629780173,-183324.31154160752,-67939.97738826546,444,623,498,498,2063,1,1,2,ADV_NONCONN_IND,37,37,4,-1,0,21326276,21326910,55,32,7,pre_aa_hdr_payload
148.62472939491272,1769570543.2357295,42.3448023,-71.0825832,16.659,40:1A:C8:CE:D0:2A,2ad0cec81a400201021816aafe407867a63dea8e053c09ee2254c4bdf654e8dacfec,-31820.994059733337,142896.6334145489,-184036.66174344186,125728.97058785937,-188419.69657896357,-29907.381944571305,497,528,444,450,1919,1,1,0,ADV_IND,34,37,5,-1,0,21347149,21347784,55,32,8,pre_aa_hdr_payload
148.63730788230896,1769570543.248308,42.3448023,-71.0825832,16.659,FE:6D:C2:91:85:37,378591c26dfe1eff4c001219fd0fecf6405a37acabdea6760da7a391d5a4f4c9b01f1a01fd,74614.50916802368,254949.23437917203,-74849.08991981098,202099.3067242512,-53860.604128648134,73005.20773186604,467,510,540,546,2063,1,1,2,ADV_NONCONN_IND,37,37,0,-1,0,21364055,21364690,56,32,8,pre_aa_hdr_payload
150.54525232315063,1769570545.1562524,42.3448023,-71.0825832,16.659,F2:68:75:F7:1E:2F,2f1ef77568f21eff4c001219fe0b86d1a9cf56adc7f52d31ee2e91eed6f5e0da166ed202fe,-49015.24826906373,119030.11956831042,-219452.70547437508,89456.90349547991,-182720.6147069757,-47361.17674569353,533,516,504,510,2063,1,1,2,ADV_NONCONN_IND,37,37,5,-1,0,21541772,21542406,55,31,8,pre_aa_hdr_payload
152.82491850852966,1769570547.4359186,42.3448023,-71.0825832,16.659,CF:06:92:6E:26:08,08266e9206cf1eff4c001219fea034d8b83408b73cc32998892f082d72c624981b66bf03fe,-47947.62922455775,96194.97078453942,-191268.3964615664,101933.37197405144,-187934.00626533435,-45776.672466324875,557,564,468,474,2063,1,1,2,ADV_NONCONN_IND,37,37,2,-1,0,21777928,21778563,56,32,8,pre_aa_hdr_payload
152.84271597862244,1769570547.453716,42.3448023,-71.0825832,16.659,40:1A:C8:CE:D0:2A,2ad0cec81a400201021816aafe407867a63dea8e053c09ee2254c4bdf654e8dacfec,-30067.7165136757,145146.32952561832,-135960.331735979,93763.00683390883,-141034.77577739145,-30774.60154126513,413,708,396,402,1919,1,1,0,ADV_IND,34,37,5,-1,0,21801851,21802486,55,32,8,pre_aa_hdr_payload
153.23760390281677,1769570547.848604,42.3448023,-71.0825832,16.659,CF:D7:5D:9F:EB:A7,a7eb9f5dd7cf1eff4c001219fd49e919d815070421f50e64c1fc5a0ea6f48179a920c600fd,74503.06324789932,252444.54933284785,-89474.81560779671,216754.97672525534,-45792.52159348313,72100.37398199622,455,522,540,546,2063,1,1,2,ADV_NONCONN_IND,37,37,0,-1,0,21829601,21830236,56,32,8,pre_aa_hdr_payload
153.81006455421448,1769570548.4210646,42.3448023,-71.0825832,16.659,E2:26:9D:19:61:45,4561199d26e21eff4c001219ffa6c1c1d7fa1e985665fb35dda6c3144ad101a7dd790403ff,-5898.114706414553,114897.61768694453,-120671.79362063216,70050.58488377328,-133013.41685322032,-16164.951514239789,527,486,522,528,2063,1,1,2,ADV_NONCONN_IND,37,37,2,-1,0,21942799,21943433,56,32,8,pre_aa_hdr_payload
154.68895030021667,1769570549.2999504,42.3448023,-71.0825832,16.659,E5:38:99:D7:A7:36,36a7d79938e51eff4c001219fc71d69ed6b6b9c418ba8c75c2777dc843a241ed0ed0f300fc,-115921.81424198444,73819.6729219749,-243901.65806487843,58218.56250131978,-213941.70524239438,-91991.85626389373,395,618,522,528,2063,1,1,2,ADV_NONCONN_IND,37,37,0,-1,0,22030707,22031342,56,32,8,pre_aa_hdr_payload
154.70175790786743,1769570549.312758,42.3448023,-71.0825832,16.659,DA:E8:0D:BF:5E:04,045ebf0de8da1eff4c001219fec3fa95a3162874b32dc178c2ba6286e1347347ca755901fe,-63165.63222760722,124645.06164648694,-234743.16287045224,85868.66933447061,-185947.96669707104,-61174.848276417186,491,606,480,486,2063,1,1,2,ADV_NONCONN_IND,37,37,5,-1,0,22047922,22048556,55,32,8,pre_aa_hdr_payload
155.12317848205566,1769570549.7341785,42.3448023,-71.0825832,16.659,DA:9B:01:72:0B:28,280b72019bda1eff4c001219fd1b6238826e813a6e7e6df5030077bb7fba0aff9caa2500fd,61368.67348730778,231192.19015970698,-72586.01293883381,214448.00805599891,-46098.93664415602,67596.13482417754,479,570,504,510,2063,1,1,2,ADV_NONCONN_IND,37,37,0,-1,0,22123432,22124067,56,30,8,pre_aa_hdr_payload
156.0324580669403,1769570550.6434581,42.3448023,-71.0825832,16.659,D6:FF:02:C3:3F:49,493fc302ffd61eff4c001219ffeb3abab3a8130440a843cd4c83efd67b091a5321308f00ff,-45898.77524172492,125428.07924339609,-196615.06925879305,91671.82801783254,-170623.29992187567,-43776.306250645335,485,576,498,504,2063,1,1,2,ADV_NONCONN_IND,37,37,5,-1,0,22246815,22247449,55,32,8,pre_aa_hdr_payload
156.77193903923035,1769570551.382939,42.3448023,-71.0825832,16.659,F7:0D:48:14:FB:E9,e9fb14480df71eff4c001219fcbf9015c323da38392a8b3d2dc2e7c592ae7ec55fa13b00fc,-117516.17249572481,60539.16979461644,-239431.6198340329,58418.25915754416,-215154.30193515532,-93781.71815125972,401,624,516,522,2063,1,1,2,ADV_NONCONN_IND,37,37,0,-1,0,22358372,22359006,56,32,8,pre_aa_hdr_payload
156.7848196029663,1769570551.3958197,42.3448023,-71.0825832,16.659,DD:81:30:16:E0:54,54e0163081dd1eff4c001219fed3204d2c9deb7202a16c9a93e422ad59c742c89f891601fe,-53240.41752552536,103817.89951061257,-195531.6271577473,90151.36560062158,-199787.63328240477,-49892.865412400286,503,534,510,516,2063,1,1,2,ADV_NONCONN_IND,37,37,1,-1,0,22375684,22376318,56,32,8,pre_aa_hdr_payload
157.1724591255188,1769570551.7834592,42.3448023,-71.0825832,16.659,40:1A:C8:CE:D0:2A,2ad0cec81a400201021816aafe407867a63dea8e053c09ee2254c4bdf654e8dacfec,-31638.64935296193,166330.29126021825,-201228.71531870705,128123.0882327152,-190481.26908397966,-29104.16725135333,503,522,444,450,1919,1,1,0,ADV_IND,34,37,1,-1,0,22421918,22422553,56,31,8,pre_aa_hdr_payload
158.07851195335388,1769570552.689512,42.3448023,-71.0825832,16.659,D7:EB:6C:FD:18:DB,db18fd6cebd71eff4c001219ff04868e1c93f3871fc2f1c5c8dbe6fe40b7d8448da6c302ff,-66549.37909530557,111127.68741334256,-185993.7964803787,97537.25870465337,-195806.11772106096,-55135.479491903454,461,612,492,498,2063,1,1,2,ADV_NONCONN_IND,37,37,0,-1,0,22557094,22557728,56,32,8,pre_aa_hdr_payload
158.63021278381348,1769570553.2412128,42.3448023,-71.0825832,16.659,E7:A1:D3:09:B1:72,72b109d3a1e71eff4c001219fcc34f8de10410a1d94a9a59fbf5ed9a507f06da1a2f0400fc,-61539.06536301375,78835.09778638827,-245087.15130642403,63845.927145710324,-200068.6881469104,-62767.974082310364,545,456,528,534,2063,1,1,2,ADV_NONCONN_IND,37,37,1,-1,0,22632980,22633615,56,32,8,pre_aa_hdr_payload
158.64388585090637,1769570553.254886,42.3448023,-71.0825832,16.659,D7:C9:1B:63:1C:B2,b21c631bc9d71eff4c001219fed1ffd889ed21d9986c521e1f9041ccdb5ea33399baa303fe,-85759.37154211519,112975.37001060566,-222659.49499479818,90716.06457340973,-190300.6127986925,-65296.46953609255,431,606,510,516,2063,1,1,2,ADV_NONCONN_IND,37,37,0,-1,0,22651358,22651993,56,32,8,pre_aa_hdr_payload
159.120623588562,1769570553.7316236,42.3448023,-71.0825832,16.659,40:1A:C8:CE:D0:2A,2ad0cec81a400201021816aafe407867a63dea8e053c09ee2254c4bdf654e8dacfec,-31470.359894863,170832.03796436035,-207852.9407376397,129742.76786955514,-185689.92261316662,-28654.542759800628,497,528,444,450,1919,1,1,0,ADV_IND,34,37,5,-1,0,22684284,22684918,55,32,8,pre_aa_hdr_payload
160.02610087394714,1769570554.637101,42.3448023,-71.0825832,16.659,E2:4B:71:D0:A1:5D,5da1d0714be21eff4c001219ff6c2670163b114a0674bc5a11d1960b56d6d39b47a45600ff,-38574.96615498728,118880.27012246802,-150711.73079748644,87155.53300169432,-166456.39833322904,-44508.63586326796,455,702,450,456,2063,1,1,2,ADV_NONCONN_IND,37,37,0,-1,0,22834815,22835449,56,32,8,pre_aa_hdr_payload
160.57171940803528,1769570555.1827195,42.3448023,-71.0825832,16.659,C2:BC:24:1D:25:E2,e2251d24bcc21eff4c001219fc6c4a40329fbea70db9106ecd48fe34cf74dec3510d4a02fc,-81066.44104851258,72011.3585850295,-239685.80032171443,60753.57602945262,-200642.2683266623,-72662.1645052027,515,522,510,516,2063,1,1,2,ADV_NONCONN_IND,37,37,0,-1,0,22910591,22911225,56,32,8,pre_aa_hdr_payload
161.05555295944214,1769570555.666553,42.3448023,-71.0825832,16.659,40:1A:C8:CE:D0:2A,2ad0cec81a400201021816aafe407867a63dea8e053c09ee2254c4bdf654e8dacfec,-34402.76643857455,136113.99008882514,-165179.6533954579,102568.98624329982,-179287.98329644543,-30445.031121804353,497,540,438,444,1919,1,1,0,ADV_IND,34,37,2,-1,0,22959773,22960407,56,32,8,pre_aa_hdr_payload
161.0599501132965,1769570555.6709502,42.3448023,-71.0825832,16.659,D3:01:BF:3B:47:8F,8f473bbf01d31eff4c001219fd93cf7293b7b330e03210e73a355bb863433f232a03b102fd,63782.75404960333,251407.41427604848,-75963.87525264407,218357.57006612147,-63655.467897527655,67471.19746468359,467,594,498,504,2063,1,1,2,ADV_NONCONN_IND,37,37,0,-1,0,22965684,22966319,56,31,7,pre_aa_hdr_payload
162.5472822189331,1769570557.1582823,42.3448023,-71.0825832,16.659,D4:A8:F8:5D:A7:44,44a75df8a8d41eff4c001219fc62707be6f31c371fce023719aedc531f6ef6071bb5fd02fc,-71378.82088036797,84566.85559664755,-242611.0526432039,65992.30290035847,-210754.76131238838,-66819.00319928583,545,504,504,510,2063,1,1,2,ADV_NONCONN_IND,37,37,1,-1,0,23178868,23179502,56,32,8,pre_aa_hdr_payload
162.55910062789917,1769570557.1701007,42.3448023,-71.0825832,16.659,EE:C2:89:A9:69:8F,8f69a989c2ee1eff4c001219fea170f8d0eb553cd3c9c6e900900c6f4d674acc5512c900fe,-36590.77841117452,92063.2404457708,-188714.6564483016,95519.29748853842,-173366.02138654437,-39670.567780156714,563,510,492,498,2063,1,1,2,ADV_NONCONN_IND,37,37,0,-1,0,23194752,23195387,56,32,8,pre_aa_hdr_payload
162.98076605796814,1769570557.591766,42.3448023,-71.0825832,16.659,40:1A:C8:CE:D0:2A,2ad0cec81a400201021816aafe407867a63dea8e053c09ee2254c4bdf654e8dacfec,-30338.675810280416,156566.196118917,-200833.3112650587,131960.16489260359,-188851.24242948255,-30803.384121291238,503,522,444,450,1919,1,1,0,ADV_IND,34,37,5,-1,0,23245054,23245688,55,32,8,pre_aa_hdr_payload
164.3106029033661,1769570558.921603,42.3448023,-71.0825832,16.659,FD:DB:2C:09:85:B8,b885092cdbfd1eff4c001219ff73e7fa259d5a89bb475b820d43f9ce208baf2e3f986603ff,-44459.98166134508,140962.53829673037,-206562.93262237712,105038.40045367017,-176234.53461247473,-44576.74958910311,461,576,510,516,2063,1,1,2,ADV_NONCONN_IND,37,37,5,-1,0,23440099,23440733,55,32,8,pre_aa_hdr_payload
165.01538062095642,1769570559.6263807,42.3448023,-71.0825832,16.659,E5:F8:AE:FC:A9:B2,b2a9fcaef8e51eff4c001219fc181274f4e6b6f6d775c05a121a74fc981d3ec8ac056203fc,-110007.17634744752,79531.67103667268,-261140.04927902968,57649.59084186775,-211497.5194563799,-89940.00362332827,413,576,534,540,2063,1,1,2,ADV_NONCONN_IND,37,37,5,-1,0,23542646,23543280,55,32,8,pre_aa_hdr_payload
165.02699446678162,1769570559.6379945,42.3448023,-71.0825832,16.659,C3:18:65:9E:9D:D3,d39d9e6518c31eff4c001219fe25caebfaf501c2c1336ce2f422fac493da2478c655fe03fe,-77958.00772302135,115761.82068245752,-233279.14399109158,98763.54260828503,-188137.0051856875,-64310.57876828088,461,612,492,498,2063,1,1,2,ADV_NONCONN_IND,37,37,5,-1,0,23558255,23558890,55,32,8,pre_aa_hdr_payload
165.39916920661926,1769570560.0101693,42.3448023,-71.0825832,16.659,40:1A:C8:CE:D0:2A,2ad0cec81a400201021816aafe407867a63dea8e053c09ee2254c4bdf654e8dacfec,-35407.81098949692,129829.60100796855,-176288.90042782406,119227.21466310196,-174240.6867621881,-30049.6585915024,503,522,444,450,1919,1,1,0,ADV_IND,34,37,1,-1,0,23636124,23636758,56,32,8,pre_aa_hdr_payload
166.16758060455322,1769570560.7785807,42.3448023,-71.0825832,16.659,DD:F9:14:5F:68:5F,5f685f14f9dd1eff4c001219ff01e409bc337c90ea1d45f3b11fd3a938f79e1e725de401ff,-51478.82635857489,127167.04118380605,-217877.30271892762,102493.53170865598,-181533.4132704469,-52465.19117485615,473,612,486,492,2063,1,1,2,ADV_NONCONN_IND,37,37,4,-1,0,23778502,23779137,55,31,7,pre_aa_hdr_payload
166.50653648376465,1769570561.1175365,42.3448023,-71.0825832,16.659,D5:52:35:21:54:53,5354213552d51eff4c001219fc6b2a3c2a35e8102cd6fcc74fa24b1fecc669f5e94b0600fc,-52086.777228640436,121929.26772436137,-151412.6241198621,83879.87019243094,-196334.83307698419,-57235.38339109662,396,851,408,408,2063,1,1,2,ADV_NONCONN_IND,37,37,5,-1,0,23849354,23849988,56,30,8,pre_aa_hdr_payload
166.81811571121216,1769570561.4291158,42.3448023,-71.0825832,16.659,CB:49:81:F9:F1:CD,cdf1f98149cb1eff4c001219fea3822bf47b125cc49a6e3b98f3b5f43412f1a6a6d72103fe,-73444.75389354162,76808.54818731842,-197108.55660937427,73669.63085781413,-171311.01330759228,-66606.84188455608,455,594,504,510,2063,1,1,2,ADV_NONCONN_IND,37,37,0,-1,0,23863249,23863883,56,32,8,pre_aa_hdr_payload
167.2875213623047,1769570561.8985214,42.3448023,-71.0825832,16.659,ED:18:64:6C:0C:14,140c6c6418ed1eff4c001219fdb840f10b342e23bb344edf6afd0d1bb8d3e6e234550f01fd,113511.27684032614,257650.74909795242,-62322.40591675869,218724.48806169964,-53185.507446032214,102198.68814877371,629,444,492,498,2063,1,1,2,ADV_NONCONN_IND,37,37,0,-1,0,23922609,23923244,56,32,8,pre_aa_hdr_payload
168.63305377960205,1769570563.2440538,42.3448023,-71.0825832,16.659,E4:68:0F:45:4D:64,644d450f68e41eff4c001219feedd0e6a3519ab339be824e50f395badb6a5063f097e001fe,-49843.76088879829,142264.6700910315,-237331.5654641587,95145.72975715555,-192092.51713964256,-47155.31726340664,575,570,456,462,2063,1,1,2,ADV_NONCONN_IND,37,37,4,-1,0,24148160,24148795,55,32,8,pre_aa_hdr_payload
169.14439487457275,1769570563.755395,42.3448023,-71.0825832,16.659,40:1A:C8:CE:D0:2A,2ad0cec81a400201021816aafe407867a63dea8e053c09ee2254c4bdf654e8dacfec,-34631.414136163716,181687.30463946183,-231322.50879068702,124713.29389236931,-172795.7104107274,-32022.050219600646,485,528,450,456,1919,1,1,0,ADV_IND,34,37,3,-1,0,24212810,24213444,55,32,8,pre_aa_hdr_payload
170.5180962085724,1769570565.1290963,42.3448023,-71.0825832,16.659,EA:B0:BE:EC:19:CA,ca19ecbeb0ea1eff4c001219fc019fa5740968550e2cf719ed4c9a42cbf5c7fd71b80c03fc,-85434.21184845305,74001.6968765262,-211118.8180368929,55431.95419521266,-192305.47445204481,-75694.29666439515,455,606,498,504,2063,1,1,2,ADV_NONCONN_IND,37,37,5,-1,0,24410361,24410995,55,32,8,pre_aa_hdr_payload
170.53346180915833,1769570565.1444619,42.3448023,-71.0825832,16.659,D4:57:F1:92:38:33,333892f157d41eff4c001219feaf3529b24bdbf270f6de32c1ee045024df2907b9e02901fe,-53516.93702300962,107783.89188204233,-223135.68308670702,98046.29447910642,-185469.94848207376,-53722.961767745204,473,528,528,534,2063,1,1,2,ADV_NONCONN_IND,37,37,5,-1,0,24431014,24431649,55,32,8,pre_aa_hdr_payload
171.0459382534027,1769570565.6569383,42.3448023,-71.0825832,16.659,40:1A:C8:CE:D0:2A,2ad0cec81a400201021816aafe407867a63dea8e053c09ee2254c4bdf654e8dacfec,-35404.701830463826,172548.09323039267,-213676.56496123836,126713.15352134124,-188703.8998882748,-31404.636941021727,497,528,444,450,1919,1,1,0,ADV_IND,34,37,1,-1,0,24506598,24507233,56,32,8,pre_aa_hdr_payload
171.85576224327087,1769570566.4667623,42.3448023,-71.0825832,16.659,FB:34:1E:6F:7D:44,447d6f1e34fb1eff4c001219ffbc1234f111047944d4dfd20c03e187d1f372db05b16801ff,-33310.08913751353,102846.1163577637,-185390.3249539766,79239.02865831906,-136135.7224565958,-36498.59231585238,461,468,564,570,2063,1,1,2,ADV_NONCONN_IND,37,37,0,-1,0,24632058,24632692,56,32,8,pre_aa_hdr_payload
172.28100156784058,1769570566.8920016,42.3448023,-71.0825832,16.659,EB:BF:D8:0C:0C:77,770c0cd8bfeb1eff4c0012193320d03e6a96487d811739d8207510a7791e5aea7d695000d5,-62775.279801175704,147438.69491401286,-210322.48172993006,104386.85751127021,-177540.72071701812,-42842.036571462515,473,588,498,504,2063,1,1,0,ADV_IND,37,37,0,-1,0,24652216,24652850,56,32,7,pre_aa_hdr_payload
172.73085618019104,1769570567.3418562,42.3448023,-71.0825832,16.659,F3:EC:49:BE:81:40,4081be49ecf31eff4c001219fe117ca09ece5c35ff8f7bf2661b04decc0c38ed9e330600fe,-76214.5805904221,106019.21113742152,-216154.2510290767,93091.30878568412,-194763.38893394638,-61272.977132734,461,588,504,510,2063,1,1,2,ADV_NONCONN_IND,37,37,5,-1,0,24735030,24735665,55,32,8,pre_aa_hdr_payload
173.1535186767578,1769570567.7645187,42.3448023,-71.0825832,16.659,40:1A:C8:CE:D0:2A,2ad0cec81a400201021816aafe407867a63dea8e053c09ee2254c4bdf654e8dacfec,-24794.96699169368,111818.29973592561,-135038.1848350054,86768.19356843106,-155381.9032053833,-28722.404593982217,485,564,432,438,1919,1,1,0,ADV_IND,34,37,5,-1,0,24810865,24811499,55,32,8,pre_aa_hdr_payload
174.18745803833008,1769570568.798458,42.3448023,-71.0825832,16.659,D2:E2:BF:0F:7A:85,857a0fbfe2d21eff4c001219ffddfc75b5c4331245412cf7d95e8dfcca1836cb97cceb01ff,-43137.94518465529,113113.63712348108,-189594.56428288275,100169.43077700003,-169145.1423987188,-39325.84954354187,479,510,534,540,2063,1,1,2,ADV_NONCONN_IND,37,37,2,-1,0,24908252,24908887,56,32,8,pre_aa_hdr_payload
174.7204692363739,1769570569.3314693,42.3448023,-71.0825832,16.659,CD:53:82:78:86:D4,d486788253cd1eff4c001219fc5f2b55e5eb73f370964fc0eadb05769290d52c9bb92b00fc,-116590.08422024806,86868.15402055545,-237343.6988147548,63406.31816170269,-220638.210522951,-94136.05535439226,383,678,498,504,2063,1,1,2,ADV_NONCONN_IND,37,37,5,-1,0,24987245,24987879,55,32,8,pre_aa_hdr_payload
176.1756751537323,1769570570.7866752,42.3448023,-71.0825832,16.659,C5:A9:40:1B:83:38,38831b40a9c51eff4c001219ffa9cfd8c55e8872f3331002bd22390796dc9af47b09b103ff,-45433.18756999494,132263.65697173926,-209022.83647886245,105665.12592716678,-170889.0134237431,-40009.73981954163,497,540,510,516,2063,1,1,2,ADV_NONCONN_IND,37,37,5,-1,0,25169345,25169979,55,32,8,pre_aa_hdr_payload
176.70493054389954,1769570571.3159306,42.3448023,-71.0825832,16.659,DD:05:27:13:BF:1F,1fbf132705dd1eff4c001219fc6b979a45c4c81a3855cd0948b264b6a6821bbcf7af0b00fc,-78907.17634610302,71892.25972883425,-180838.05221705962,61346.120516162344,-167635.50609262157,-68559.1941863983,413,672,486,492,2063,1,1,2,ADV_NONCONN_IND,37,37,1,-1,0,25233879,25234514,56,32,8,pre_aa_hdr_payload
176.71692204475403,1769570571.327922,42.3448023,-71.0825832,16.659,D3:55:90:2E:03:FD,fd032e9055d31eff4c001219fe465ac221fbc29eb5fd0dac165780b2fbbfccd87ca24000fe,-60838.1100836105,76154.07206910914,-182140.62120078734,92665.0585093498,-177411.6318571101,-50197.041009806744,461,528,534,540,2063,1,1,2,ADV_NONCONN_IND,37,37,5,-1,0,25249997,25250632,55,32,8,pre_aa_hdr_payload
177.20547461509705,1769570571.8164747,42.3448023,-71.0825832,16.659,D4:55:A0:70:80:35,358070a055d41eff4c001219fda60f7a8ef2b2119ce874c0af8a238260590c39ce70ad00fd,98129.69792119015,229644.28180435605,-48914.28805540079,222319.4713392787,-46930.510209133645,88886.04807357602,515,438,552,558,2063,1,1,2,ADV_NONCONN_IND,37,37,0,-1,0,25312244,25312878,56,32,8,pre_aa_hdr_payload
177.93086314201355,1769570572.5418632,42.3448023,-71.0825832,16.659,C1:D7:E9:08:83:72,728308e9d7c11eff4c001219ffae0a21e7bba1937bb932cc0e07a3053ebcce72e53be602ff,-16863.294190950342,81902.14933523478,-126028.50448694975,92001.31065391548,-145344.8790011417,-26253.464055930115,515,486,528,534,2063,1,1,2,ADV_NONCONN_IND,37,37,4,-1,0,25473409,25474043,55,32,8,pre_aa_hdr_payload
179.0843608379364,1769570573.695361,42.3448023,-71.0825832,16.659,D4:74:6C:5C:BF:FD,fdbf5c6c74d41eff4c001219fdaefe318abc05182cdd225217059238ee145d62b1c2b000fd,88033.18420890182,258214.20762946495,-88250.41167919083,213864.88350256623,-46347.41221520441,81854.51968606997,527,498,516,522,2063,1,1,2,ADV_NONCONN_IND,37,37,0,-1,0,25673374,25674009,56,32,8,pre_aa_hdr_payload
179.88972544670105,1769570574.5007255,42.3448023,-71.0825832,16.659,DD:5F:B2:99:A3:4E,4ea399b25fdd1eff4c001219ff5bb71b321b6bd82d1f52e8ef82801689805ee150e9d402ff,-53257.56414627993,99808.8157583059,-145870.53870848365,90832.9536441933,-149951.4386729909,-48231.234003744066,401,762,450,450,2063,1,1,2,ADV_NONCONN_IND,37,37,1,-1,0,25791494,25792128,56,32,7,pre_aa_hdr_payload
181.01646733283997,1769570575.6274674,42.3448023,-71.0825832,16.659,CD:A9:87:64:D8:CB,cbd86487a9cd1eff4c001219fdae3d2a249eb404469a74cb83c921f7549204b38ec39601fd,56894.2699161809,226865.4980614215,-88615.45188994973,212154.29470435058,-54971.50767322146,60607.44114190921,455,546,528,534,2063,1,1,2,ADV_NONCONN_IND,37,37,5,-1,0,25935661,25936296,55,32,8,pre_aa_hdr_payload
181.4147231578827,1769570576.0257232,42.3448023,-71.0825832,16.659,40:1A:C8:CE:D0:2A,2ad0cec81a400201021816aafe407867a63dea8e053c09ee2254c4bdf654e8dacfec,-36898.09067821306,163866.47493836412,-208714.50626636154,131565.4564257979,-188230.2505207193,-32225.086841093376,497,528,444,450,1919,1,1,0,ADV_IND,34,37,4,-1,0,25990788,25991422,55,32,8,pre_aa_hdr_payload
182.13798141479492,1769570576.7489815,42.3448023,-71.0825832,16.659,CE:12:B0:CE:B8:B4,b4b8ceb012ce1eff4c001219ff1afaf2dfe195f7b15a48332452519c8684255795217401ff,-56315.25130059605,139391.95840047015,-217849.09897310002,99753.22545250953,-177180.87470274288,-50126.14419028918,461,588,504,510,2063,1,1,2,ADV_NONCONN_IND,37,37,1,-1,0,26093980,26094615,56,31,8,pre_aa_hdr_payload
182.72746658325195,1769570577.3384666,42.3448023,-71.0825832,16.659,F5:4B:CD:A8:9E:DA,da9ea8cd4bf51eff4c0012192a40e9ce93cea7c9f8f9321295501bc2151b1ba41be40f01e8,-30193.96829180433,137998.1209792488,-196464.9385045296,128906.04998065239,-176101.35127698942,-23668.35797166744,491,522,522,528,2063,1,1,0,ADV_IND,37,37,5,-1,0,26149416,26150051,55,32,8,pre_aa_hdr_payload
182.73560428619385,1769570577.3466043,42.3448023,-71.0825832,16.659,C6:B3:FD:47:BD:56,56bd47fdb3c61eff4c001219fc8cbc7d55b870e1adf75e16d1fe71d8cdf6c69eb78aba00fc,-115673.1028636783,86699.39094254315,-236483.11855318648,57030.04781626137,-212677.4796319425,-93451.39727088179,383,678,498,504,2063,1,1,2,ADV_NONCONN_IND,37,37,4,-1,0,26160354,26160989,55,32,8,pre_aa_hdr_payload
183.27090764045715,1769570577.8819077,42.3448023,-71.0825832,16.659,DF:CA:9A:5F:14:50,50145f9acadf1eff4c001219fd493f14884f0af5c66c581e683ce80f4ff70bb5c46b5e03fd,90177.50075769919,247732.91830434755,-69664.02978129275,211724.82646029844,-46974.919745238265,85839.38114128482,539,486,516,522,2063,1,1,2,ADV_NONCONN_IND,37,37,0,-1,0,26215545,26216179,56,32,8,pre_aa_hdr_payload
183.30692267417908,1769570577.9179227,42.3448023,-71.0825832,16.659,40:1A:C8:CE:D0:2A,2ad0cec81a400201021816aafe407867a63dea8e053c09ee2254c4bdf654e8dacfec,-31436.514884518794,178284.65753202082,-219459.1859346807,125614.46127279034,-181274.37708733362,-30673.92784644666,491,522,450,456,1919,1,1,0,ADV_IND,34,37,5,-1,0,26263953,26264587,55,31,8,pre_aa_hdr_payload
184.2560670375824,1769570578.867067,42.3448023,-71.0825832,16.659,E2:96:F9:BE:BF:A5,a5bfbef996e21eff4c001219fc6387b47b685f34f5b7588871da560e0b3c7c9db5447602fc,-111066.77347705691,92871.97680939989,-244411.71946154052,64169.65615269215,-223951.91824029555,-87918.4498497735,479,666,456,462,2063,1,1,2,ADV_NONCONN_IND,37,37,4,-1,0,26405973,26406607,55,32,8,pre_aa_hdr_payload
184.8158881664276,1769570579.4268882,42.3448023,-71.0825832,16.659,C8:A3:7D:1C:4A:E4,e44a1c7da3c81eff4c001219fd754566ba276d42b6026b4926a76a6ec96a50973b38a402fd,70156.31662402929,158841.5286712331,-68905.41485853985,180100.30476247647,-78599.23716850085,70042.38517649856,845,396,408,414,2063,1,1,2,ADV_NONCONN_IND,37,37,1,-1,0,26461859,26462493,56,32,8,pre_aa_hdr_payload
185.38198256492615,1769570579.9929826,42.3448023,-71.0825832,16.659,40:1A:C8:CE:D0:2A,2ad0cec81a400201021816aafe407867a63dea8e053c09ee2254c4bdf654e8dacfec,-33855.40503836211,162467.5918162421,-202772.24663752035,126839.77224369891,-186294.3605404432,-30552.06121972542,491,522,450,456,1919,1,1,0,ADV_IND,34,37,4,-1,0,26508704,26509338,55,30,8,pre_aa_hdr_payload
186.8231484889984,1769570581.4341486,42.3448023,-71.0825832,16.659,DB:DF:B9:B3:D2:79,79d2b3b9dfdb1eff4c001219fe526be57ea7ef31262f518f853a0e9ec54d097d637feb03fe,-69547.43371773185,111955.5182097666,-222995.78658405328,88848.68452583456,-186391.1408142141,-61460.471549454654,437,576,522,528,2063,1,1,2,ADV_NONCONN_IND,37,37,4,-1,0,26678653,26679287,55,32,8,pre_aa_hdr_payload
188.44772028923035,1769570583.0587204,42.3448023,-71.0825832,16.659,D5:3F:84:6F:71:80,80716f843fd51eff4c001219fc17e45f3979eea69446abe3f4a652a615881583896d5f02fc,-105506.2595471746,63115.751775348304,-230915.13506074945,52982.70843998675,-203612.918713596,-86507.64734185323,425,600,516,522,2063,1,1,2,ADV_NONCONN_IND,37,37,1,-1,0,26917697,26918331,56,32,8,pre_aa_hdr_payload
188.88005805015564,1769570583.491058,42.3448023,-71.0825832,16.659,C9:5E:94:CE:08:0C,0c08ce945ec91eff4c001219feb743bfe09b768677fbac2f1c68bbcb0d9ab2254d79db03fe,-40226.9043264732,113877.0858336129,-213769.78636035178,87488.85077612757,-179380.56024088353,-43180.40061649938,533,480,522,528,2063,1,1,2,ADV_NONCONN_IND,37,37,5,-1,0,26947396,26948031,55,32,8,pre_aa_hdr_payload
189.32920360565186,1769570583.9402037,42.3448023,-71.0825832,16.659,40:1A:C8:CE:D0:2A,2ad0cec81a400201021816aafe407867a63dea8e053c09ee2254c4bdf654e8dacfec,-33540.85348227054,162666.06517793788,-207412.85956762877,126238.54512580935,-178595.8424709629,-30839.11799185815,497,528,444,450,1919,1,1,0,ADV_IND,34,37,4,-1,0,27052107,27052742,55,32,8,pre_aa_hdr_payload
190.20425581932068,1769570584.8152559,42.3448023,-71.0825832,16.659,D8:35:02:3C:FA:06,06fa3c0235d81eff4c001219ff93e83b61f746627f6e94b8dab6f69a5b5a9151e8951e03ff,-36790.693068134075,122770.03053212116,-203125.41315117353,92432.9927499585,-157737.0516378269,-41200.517601614476,455,498,552,558,2063,1,1,2,ADV_NONCONN_IND,37,37,1,-1,0,27145614,27146248,56,30,8,pre_aa_hdr_payload
190.5698540210724,1769570585.180854,42.3448023,-71.0825832,16.659,EA:12:4C:1B:FA:F6,f6fa1b4c12ea1eff4c001219fc859ff928e957eff648352cb4d2487337fad932da9ac202fc,-96280.70879185411,72183.21143655501,-233689.54318571405,66616.79668295106,-220729.56787579047,-80228.79417745545,467,570,510,516,2063,1,1,2,ADV_NONCONN_IND,37,37,0,-1,0,27236148,27236782,56,32,8,pre_aa_hdr_payload
190.5817005634308,1769570585.1927006,42.3448023,-71.0825832,16.659,C3:E8:D5:6E:F9:CE,cef96ed5e8c31eff4c001219febad5c52f51bb57278f920ebc192b003487264458b4b203fe,-38897.17677217524,100289.00807559719,-198404.73420563815,96228.78201444117,-174076.50193621236,-40940.212555358274,551,510,498,504,2063,1,1,2,ADV_NONCONN_IND,37,37,4,-1,0,27252071,27252705,55,32,8,pre_aa_hdr_payload
191.685693025589,1769570586.296693,42.3448023,-71.0825832,16.659,40:1A:C8:CE:D0:2A,2ad0cec81a400201021816aafe407867a63dea8e053c09ee2254c4bdf654e8dacfec,-31561.905774219496,158274.72736376032,-195326.29706241508,129908.45495001678,-197345.47597564606,-31226.588431818058,497,528,444,450,1919,1,1,0,ADV_IND,34,37,5,-1,0,27397593,27398227,55,32,8,pre_aa_hdr_payload
192.05181431770325,1769570586.6628144,42.3448023,-71.0825832,16.659,FF:DB:28:B2:50:86,8650b228dbff1eff4c001219ff322c2b5d55a3843a9519c3fc4f89888f22543bd6c7b700ff,-91182.57732513334,113675.90930025459,-209351.74305696174,99116.16711590515,-181596.15479955066,-66207.1958987101,395,678,492,498,2063,1,1,2,ADV_NONCONN_IND,37,37,5,-1,0,27480765,27481399,55,32,8,pre_aa_hdr_payload
192.4871518611908,1769570587.098152,42.3448023,-71.0825832,16.659,FB:05:96:AB:40:50,5040ab9605fb1eff4c001219fc3c012582274f2f752a6decbcc8e7bc3a7327bcf0b8c602fc,-84833.77418648577,79921.44794142655,-239302.36829488163,70687.49858058561,-207872.83596351027,-72282.7197846631,503,558,498,504,2063,1,1,2,ADV_NONCONN_IND,37,37,5,-1,0,27585734,27586368,55,32,8,pre_aa_hdr_payload
192.80522513389587,1769570587.4162252,42.3448023,-71.0825832,16.659,E8:C2:CE:DF:F5:32,32f5dfcec2e81eff4c001219fef01b6f10e9535d0041dc97a56170375882ab82f492ef02fe,-56679.239908269854,138946.73951910614,-241063.11890781752,88740.89321717407,-181358.5173994421,-48977.60886930709,485,528,522,528,2063,1,1,2,ADV_NONCONN_IND,37,37,4,-1,0,27608357,27608991,55,32,8,pre_aa_hdr_payload
193.43680787086487,1769570588.047808,42.3448023,-71.0825832,16.659,40:1A:C8:CE:D0:2A,2ad0cec81a400201021816aafe407867a63dea8e053c09ee2254c4bdf654e8dacfec,-31067.325372375453,168968.39752120507,-210267.84604134815,131138.84465595693,-191021.60088099574,-30624.963208894755,497,528,444,450,1919,1,1,0,ADV_IND,34,37,0,-1,0,27684084,27684719,56,32,8,pre_aa_hdr_payload
193.9852113723755,1769570588.5962114,42.3448023,-71.0825832,16.659,FE:DA:D0:0F:9D:9D,9d9d0fd0dafe1eff4c001219ff17d6a52a15248711151b1c20f3ff36bcf866efed7a0f02ff,-18165.629840723355,126538.3996094865,-201206.8592909595,105360.2717491412,-173114.7833540857,-30418.79238182259,545,468,522,528,2063,1,1,2,ADV_NONCONN_IND,37,37,0,-1,0,27743442,27744077,56,32,8,pre_aa_hdr_payload
194.58935046195984,1769570589.2003505,42.3448023,-71.0825832,16.659,C1:25:2F:73:96:0D,0d96732f25c11eff4c001219feb9923cf116c8cea926931c801eb481bd6f5d3808367902fe,-80470.89835545782,99972.67284210298,-219009.16075828983,83638.59591727107,-191365.57598584946,-69661.54863404144,419,582,528,534,2063,1,1,2,ADV_NONCONN_IND,37,37,0,-1,0,27837392,27838026,56,32,8,pre_aa_hdr_payload
195.48861575126648,1769570590.0996158,42.3448023,-71.0825832,16.659,40:1A:C8:CE:D0:2A,2ad0cec81a400201021816aafe407867a63dea8e053c09ee2254c4bdf654e8dacfec,-29178.55572714976,176553.82745252748,-206655.34264691302,125719.06820554315,-187449.73583927596,-29590.58228276715,491,534,444,450,1919,1,1,0,ADV_IND,34,37,5,-1,0,27958068,27958703,55,32,8,pre_aa_hdr_payload
195.92155265808105,1769570590.5325527,42.3448023,-71.0825832,16.659,D1:79:87:11:C8:99,99c8118779d11eff4c001219ffdd318441c3ff8cdb384f5bc4541621fe3ce1e6e948f101ff,-34941.067165952576,110287.18650438347,-188854.96861310198,100962.84944865976,-174602.80561906227,-40063.32796666475,539,582,468,474,2063,1,1,2,ADV_NONCONN_IND,37,37,1,-1,0,28022174,28022808,56,30,8,pre_aa_hdr_payload
196.44695520401,1769570591.0579553,42.3448023,-71.0825832,16.659,D9:61:9C:DD:42:C6,c642dd9c61d91eff4c001219fea6cecea9d64e6ebf2a64bebde12fafa7c463591ff96603fe,-48332.54240137645,97047.61981840582,-197929.62089488033,92391.52798130826,-175402.77215913488,-44062.321161353546,521,492,522,528,2063,1,1,2,ADV_NONCONN_IND,37,37,0,-1,0,28112446,28113080,56,32,8,pre_aa_hdr_payload
198.56797885894775,1769570593.178979,42.3448023,-71.0825832,16.659,EF:C7:33:1B:0F:DA,da0f1b33c7ef1eff4c001219fc99762b266ba0c401dc23a9f631638017c661c1a41bac01fc,-99139.64099841523,98749.13019612696,-253105.45134716213,58216.0254552182,-215049.67606041502,-85603.26094549216,443,618,498,504,2063,1,1,2,ADV_NONCONN_IND,37,37,5,-1,0,28327578,28328212,55,32,8,pre_aa_hdr_payload
199.3555040359497,1769570593.966504,42.3448023,-71.0825832,16.659,40:1A:C8:CE:D0:2A,2ad0cec81a400201021816aafe407867a63dea8e053c09ee2254c4bdf654e8dacfec,-30590.218871184203,192343.1920559973,-175596.50471743764,117970.71305042737,-146344.91362393263,-30227.642391015215,402,695,414,408,1919,1,1,0,ADV_IND,34,37,3,-1,0,28435486,28436120,56,32,7,pre_aa_hdr_payload
200.40317106246948,1769570595.0141711,42.3448023,-71.0825832,16.659,DC:00:63:DA:DE:1F,1fdeda6300dc1eff4c001219fc995a893e3dd125def51bd2693900507f59f24c75b2d601fc,-82691.96915516822,83842.50020366194,-172048.44617166527,70421.660946545,-201434.15835887392,-74294.16572437657,413,822,414,414,2063,1,1,2,ADV_NONCONN_IND,37,37,2,-1,0,28544606,28545240,56,32,8,pre_aa_hdr_payload
201.78082084655762,1769570596.391821,42.3448023,-71.0825832,16.659,40:1A:C8:CE:D0:2A,2ad0cec81a400201021816aafe407867a63dea8e053c09ee2254c4bdf654e8dacfec,-38103.476772918744,151240.84584861452,-198889.5881949373,133710.52882027428,-190423.26293406353,-31397.704883806426,497,540,438,444,1919,1,1,0,ADV_IND,34,37,0,-1,0,28646981,28647615,56,32,8,pre_aa_hdr_payload
201.8009226322174,1769570596.4119227,42.3448023,-71.0825832,16.659,D9:A7:BC:D5:37:37,3737d5bca7d91eff4c001219ff155c0a23607ecb0ca382f21de8849fcbe34c726af99e02ff,-42783.415677518096,138271.55837135747,-219374.9448106602,106408.97851574536,-170927.76451979057,-44606.910437285966,497,588,486,492,2063,1,1,2,ADV_NONCONN_IND,37,37,5,-1,0,28674000,28674634,55,32,8,pre_aa_hdr_payload
202.464173078537,1769570597.0751731,42.3448023,-71.0825832,16.659,C7:26:50:0B:18:58,58180b5026c71eff4c001219fc5dd82a7b97ff1b2f6196b347298e2a2a54879643292c02fc,-75996.7260146938,96578.36091028867,-238452.45369646532,60348.09402635302,-211994.85712402387,-68338.54210576859,515,546,498,504,2063,1,1,2,ADV_NONCONN_IND,37,37,0,-1,0,28746593,28747227,56,32,8,pre_aa_hdr_payload
202.47195053100586,1769570597.0829506,42.3448023,-71.0825832,16.659,E1:E5:EA:7F:32:1C,1c327feae5e11eff4c001219fea2b95b1bf4d923c354a6996ac825fbd0ec3ab3c42c4002fe,-37349.42388741947,123723.92859108129,-205044.41463710467,105350.47439044554,-181497.967003879,-38299.68865683045,528,551,492,492,2063,1,1,2,ADV_NONCONN_IND,37,37,4,-1,0,28757046,28757680,56,32,7,pre_aa_hdr_payload
203.0481035709381,1769570597.6591036,42.3448023,-71.0825832,16.659,D2:10:0A:2C:94:9E,9e942c0a10d21eff4c001219fd979a7879ecbfcb2c5d0d3ffe512db9e742695f5ffdd302fd,74202.8266299647,221921.13002226307,-74207.51261853629,213524.80581425593,-53259.69650695962,75214.50103064085,557,492,504,510,2063,1,1,2,ADV_NONCONN_IND,37,37,0,-1,0,28801283,28801918,56,32,8,pre_aa_hdr_payload
204.6082739830017,1769570599.219274,42.3448023,-71.0825832,16.659,D0:C1:31:DB:B8:EE,eeb8db31c1d01eff4c001219fed278f3ff406c213de87c2536bdca7a5e1908cb47460600fe,-44878.24181388026,89141.86239104092,-185831.77968446806,101832.04641544398,-173545.17123071456,-42951.07801165298,545,552,480,486,2063,1,1,2,ADV_NONCONN_IND,37,37,0,-1,0,29015592,29016227,56,32,8,pre_aa_hdr_payload
205.00045156478882,1769570599.6114516,42.3448023,-71.0825832,16.659,C4:6F:61:BE:DA:6B,6bdabe616fc41eff4c001219fd04a13a093da4971f24d8325353309f55e0b034b598e402fd,61569.71583696012,245850.0614880284,-80256.62579900357,215119.3727143827,-62275.887424379216,69058.87030995556,491,570,498,504,2063,1,1,2,ADV_NONCONN_IND,37,37,5,-1,0,29058518,29059153,55,32,8,pre_aa_hdr_payload
205.81077909469604,1769570600.4217792,42.3448023,-71.0825832,16.659,40:1A:C8:CE:D0:2A,2ad0cec81a400201021816aafe407867a63dea8e053c09ee2254c4bdf654e8dacfec,-35295.20536016799,162308.15974031447,-196817.0522144321,130477.71691595833,-193957.17662004055,-29716.75022330339,497,528,444,450,1919,1,1,0,ADV_IND,34,37,1,-1,0,29109709,29110343,56,32,8,pre_aa_hdr_payload
205.84088897705078,1769570600.451889,42.3448023,-71.0825832,16.659,D9:1D:35:BC:F4:6D,6df4bc351dd91eff4c001219ffc414d7406b38f22aa1de106d2165c27833e90d9bbaf402ff,-52920.67929452504,120533.73974011934,-204626.8711319397,103339.63326192665,-168756.92987377377,-43760.98052591542,443,522,546,552,2063,1,1,2,ADV_NONCONN_IND,37,37,5,-1,0,29150180,29150814,55,32,8,pre_aa_hdr_payload
206.8358771800995,1769570601.4468772,42.3448023,-71.0825832,16.659,E9:E8:99:85:D1:6D,6dd18599e8e91eff4c001219fed24644afcce49882ddb80b2651b21cd4fae0ce55c0bb02fe,-22447.359822638806,132623.55649429664,-212909.42498605628,90379.88135741293,-189323.98475028013,-34139.399631266155,599,486,486,492,2063,1,1,2,ADV_NONCONN_IND,37,37,5,-1,0,29240913,29241548,55,32,8,pre_aa_hdr_payload
207.37998414039612,1769570601.9909842,42.3448023,-71.0825832,16.659,40:1A:C8:CE:D0:2A,2ad0cec81a400201021816aafe407867a63dea8e053c09ee2254c4bdf654e8dacfec,-36924.66794038266,150160.6637767898,-205554.39112565044,124498.80220198254,-163262.30187710095,-30517.34803572798,497,528,444,450,1919,1,1,0,ADV_IND,34,37,1,-1,0,29346915,29347550,56,32,8,pre_aa_hdr_payload
208.57366013526917,1769570603.1846602,42.3448023,-71.0825832,16.659,F3:E5:68:DC:D2:CD,cdd2dc68e5f31eff4c001219fc26b42887ab3609c679ad618227511949fcd7a6f16f9e03fc,-84703.65196782167,61125.959399857245,-228703.65954284757,55354.630750451994,-190695.38045080937,-72060.50535621753,497,504,528,534,2063,1,1,2,ADV_NONCONN_IND,37,37,1,-1,0,29470831,29471466,56,32,8,pre_aa_hdr_payload
208.89272379875183,1769570603.5037239,42.3448023,-71.0825832,16.659,DB:24:6E:75:20:47,4720756e24db1eff4c001219fe159e7abfaee07015c8709995920aaf291efd8526ee5702fe,-42346.22309434891,106805.07946294885,-211123.622897258,92304.7797695479,-179747.19932078585,-49476.70011927706,533,528,498,504,2063,1,1,2,ADV_NONCONN_IND,37,37,5,-1,0,29505539,29506173,55,32,8,pre_aa_hdr_payload
209.25612378120422,1769570603.8671238,42.3448023,-71.0825832,16.659,F3:03:00:95:67:54,5467950003f31eff4c001219fd79247cdaf07883f1bcc652b7c2b551ebe0819dcb409a02fd,87954.0607361169,225510.67550787597,-55797.74198204883,221237.55865755337,-49478.2216401508,86717.14330882492,527,474,528,534,2063,1,1,2,ADV_NONCONN_IND,37,37,1,-1,0,29589086,29589720,56,32,8,pre_aa_hdr_payload
210.9920313358307,1769570605.6030314,42.3448023,-71.0825832,16.659,C2:52:88:23:6A:FC,fc6a238852c21eff4c001219fe94118595823d48fab69ca7e96699449a75c80cc80b5101fe,-83298.61090564089,98793.19880387784,-215652.05972386964,90564.58455121602,-193861.42679257653,-67394.93283553388,449,612,498,504,2063,1,1,2,ADV_NONCONN_IND,37,37,5,-1,0,29893792,29894426,55,32,8,pre_aa_hdr_payload
211.3787808418274,1769570605.989781,42.3448023,-71.0825832,16.659,F0:46:A7:0A:F8:D1,d1f80aa746f01eff4c001219fd9aade6edac4b15030b5cf5639fedf0633e1838acda9f01fd,82215.98323188935,219539.10840677118,-52774.640314058845,196561.63269076595,-67817.25936857272,74983.15552375285,557,504,498,504,2063,1,1,2,ADV_NONCONN_IND,37,37,4,-1,0,29965712,29966347,55,30,7,pre_aa_hdr_payload
212.05597496032715,1769570606.666975,42.3448023,-71.0825832,16.659,40:1A:C8:CE:D0:2A,2ad0cec81a400201021816aafe407867a63dea8e053c09ee2254c4bdf654e8dacfec,-34237.66440209307,175375.06155157852,-215615.4258246362,129200.25868535669,-185603.18608688464,-29538.364200747597,497,528,444,450,1919,1,1,0,ADV_IND,34,37,4,-1,0,30103765,30104400,55,32,8,pre_aa_hdr_payload
213.09738850593567,1769570607.7083886,42.3448023,-71.0825832,16.659,C7:A6:3C:4C:3C:66,663c4c3ca6c71eff4c001219feefffd3f89ffbaa21e3e3e6a98235aec3953f34f997a600fe,-94652.5837903539,122844.96022300483,-235996.54470541928,91503.97809705534,-189385.6391022922,-69502.11853805212,425,624,504,510,2063,1,1,2,ADV_NONCONN_IND,37,37,4,-1,0,30286144,30286779,55,32,8,pre_aa_hdr_payload
214.23424077033997,1769570608.8452408,42.3448023,-71.0825832,16.659,40:1A:C8:CE:D0:2A,2ad0cec81a400201021816aafe407867a63dea8e053c09ee2254c4bdf654e8dacfec,-40600.66152763084,124725.77541013932,-167094.0312092174,110854.58167344327,-173784.0468457817,-30973.594329995107,497,528,444,450,1919,1,1,0,ADV_IND,34,37,1,-1,0,30493305,30493940,56,32,8,pre_aa_hdr_payload
214.24551963806152,1769570608.8565197,42.3448023,-71.0825832,16.659,F7:A3:9A:13:67:2E,2e67139aa3f71eff4c001219ff4b246c9c45cfdf791cdd94c5fdc7e0ffa3520b1d961601ff,-54693.84976657015,105423.65360115684,-195748.76111934966,108869.21276061748,-170958.1131289894,-45982.51170986261,491,582,492,498,2063,1,1,2,ADV_NONCONN_IND,37,37,0,-1,0,30508466,30509100,56,32,8,pre_aa_hdr_payload
214.92695379257202,1769570609.5379539,42.3448023,-71.0825832,16.659,D2:2D:2A:EB:B9:52,52b9eb2a2dd21eff4c001219fea2d5cd420423153a2a8214d4e8cf638158d7f28b357900fe,-37275.90686158666,133726.94193246795,-227124.7262880421,84107.57028585761,-180455.98630625775,-48403.217368498284,527,534,498,504,2063,1,1,2,ADV_NONCONN_IND,37,37,5,-1,0,30615928,30616563,55,32,8,pre_aa_hdr_payload
215.27774786949158,1769570609.888748,42.3448023,-71.0825832,16.659,CA:E1:2C:92:42:EF,ef42922ce1ca1eff4c001219fd6eee8bb2949af28896fedd7a077ea45137941734f50903fd,75642.81549345107,196900.7305331043,-57782.156813247515,198140.63004543926,-46821.22073203427,74755.07396121233,545,468,522,528,2063,1,1,2,ADV_NONCONN_IND,37,37,1,-1,0,30682531,30683165,56,32,8,pre_aa_hdr_payload
216.08556246757507,1769570610.6965625,42.3448023,-71.0825832,16.659,40:1A:C8:CE:D0:2A,2ad0cec81a400201021816aafe407867a63dea8e053c09ee2254c4bdf654e8dacfec,-35492.78992654782,184152.113702493,-231565.49373293182,120072.4781078611,-170295.03627054114,-30491.888099949876,497,528,444,450,1919,1,1,0,ADV_IND,34,37,3,-1,0,30802602,30803236,55,32,8,pre_aa_hdr_payload
216.5757839679718,1769570611.186784,42.3448023,-71.0825832,16.659,F9:C0:53:60:7F:B1,b17f6053c0f91eff4c001219fc162cde98de44044d4acff55b4b10360eb5fbd02e3d2801fc,-119694.52615393708,60316.950213430006,-236612.36994516838,52322.731851262164,-220752.9919742566,-92978.52233940277,365,588,552,558,2063,1,1,2,ADV_NONCONN_IND,37,37,0,-1,0,30918167,30918801,56,32,8,pre_aa_hdr_payload
216.58648252487183,1769570611.1974826,42.3448023,-71.0825832,16.659,D3:9A:49:B2:EE:82,82eeb2499ad31eff4c001219fe2c6e574b0566c2c56c9f0d295af98d727616da478f5302fe,-95305.2297108677,116336.09180641794,-229400.1032118261,91547.14340597045,-193721.44011845562,-70631.06822132875,419,630,504,510,2063,1,1,2,ADV_NONCONN_IND,37,37,5,-1,0,30932547,30933182,55,32,8,pre_aa_hdr_payload
216.95915389060974,1769570611.570154,42.3448023,-71.0825832,16.659,D1:EF:A4:6E:E0:4B,4be06ea4efd11eff4c001219fd030731bc2bc58564ed1d391135baa57bdabdeab928f502fd,90753.44934554314,201392.14313647442,-76889.43173148835,188439.724899297,-76190.63183636146,81573.55539940414,809,426,414,414,2063,1,1,2,ADV_NONCONN_IND,37,37,0,-1,0,30997641,30998275,56,32,8,pre_aa_hdr_payload
218.0238926410675,1769570612.6348927,42.3448023,-71.0825832,16.659,40:1A:C8:CE:D0:2A,2ad0cec81a400201021816aafe407867a63dea8e053c09ee2254c4bdf654e8dacfec,-33897.93363817974,144179.716825367,-185717.8864944324,122857.9333652079,-181144.80525253734,-30096.08991586223,497,528,444,450,1919,1,1,0,ADV_IND,34,37,5,-1,0,31156263,31156897,55,32,8,pre_aa_hdr_payload
220.1258842945099,1769570614.7368844,42.3448023,-71.0825832,16.659,40:1A:C8:CE:D0:2A,2ad0cec81a400201021816aafe407867a63dea8e053c09ee2254c4bdf654e8dacfec,-31671.633474878206,173363.0119722837,-211706.4025952393,127065.25372830626,-187920.10733562117,-29366.26277438118,509,528,438,444,1919,1,1,0,ADV_IND,34,37,1,-1,0,31525273,31525907,56,31,8,pre_aa_hdr_payload
220.13917422294617,1769570614.7501743,42.3448023,-71.0825832,16.659,CB:67:99:90:CD:16,16cd909967cb1eff4c001219ff454f077fe7730666938c1044c8b0db2e11c6232483c101ff,-48893.79541031226,136316.87829885504,-203286.7479861408,88308.46423352306,-175762.94333738042,-48113.78894478748,455,546,528,534,2063,1,1,2,ADV_NONCONN_IND,37,37,5,-1,0,31543137,31543772,55,32,8,pre_aa_hdr_payload
220.5448179244995,1769570615.155818,42.3448023,-71.0825832,16.659,F4:64:4B:28:BC:52,52bc284b64f41eff4c001219fcec2774fe4b57a7db40a9129ea9bd9ff05fe621615ad702fc,-68094.69516777567,80548.70754552509,-230695.5431672891,57806.68385513238,-209534.67596219305,-65084.86442115587,533,444,540,546,2063,1,1,2,ADV_NONCONN_IND,37,37,5,-1,0,31632388,31633022,55,32,8,pre_aa_hdr_payload
220.89419841766357,1769570615.5051985,42.3448023,-71.0825832,16.659,DD:44:99:4B:63:F0,f0634b9944dd1eff4c001219fe2279a3e91512ff86e9f136c9b893507af008e985362600fe,-57317.20447943631,130156.05520145321,-231205.9120953598,90763.19705095357,-183474.79665147234,-51797.4547807589,479,534,522,528,2063,1,1,2,ADV_NONCONN_IND,37,37,4,-1,0,31658112,31658746,55,32,8,pre_aa_hdr_payload
221.26767873764038,1769570615.8786788,42.3448023,-71.0825832,16.659,E3:A4:05:C1:28:5F,5f28c105a4e31eff4c001219fd32d9f404e673ccef88cce6009c2c4e2f45505673de1f00fd,60201.35146772118,204474.39492086985,-79549.6889127686,188508.33033849346,-55818.78275992223,61325.252484890916,557,516,492,498,2063,1,1,2,ADV_NONCONN_IND,37,37,0,-1,0,31753864,31754498,56,32,8,pre_aa_hdr_payload
222.30122327804565,1769570616.9122233,42.3448023,-71.0825832,16.659,40:1A:C8:CE:D0:2A,2ad0cec81a400201021816aafe407867a63dea8e053c09ee2254c4bdf654e8dacfec,-41032.91289581493,184710.41791868326,-233568.7451805717,118625.93772804827,-173132.9908088771,-30748.581977904778,497,528,444,450,1919,1,1,0,ADV_IND,34,37,0,-1,0,31925666,31926300,56,32,8,pre_aa_hdr_payload
222.30844593048096,1769570616.919446,42.3448023,-71.0825832,16.659,C1:91:3B:D2:7D:9B,9b7dd23b91c11eff4c001219ffa182cd5f1a567b6a213ce80a3d108da9c48c05333eb900ff,-60889.272469438794,151288.13725947138,-227033.4256226418,97591.98792956083,-172416.6091147596,-47590.41259733362,443,558,528,534,2063,1,1,2,ADV_NONCONN_IND,37,37,0,-1,0,31935374,31936008,56,32,8,pre_aa_hdr_payload
222.6870722770691,1769570617.2980723,42.3448023,-71.0825832,16.659,DA:06:7A:2C:48:CB,cb482c7a06da1eff4c001219fe8a752ebac4ad7a8c2cd73bdfa0cd4c4a6a47da18c00501fe,-64670.79959430218,78791.27637882484,-189994.32090154893,91331.38302041522,-180854.09365298357,-53039.712034209864,473,528,528,534,2063,1,1,2,ADV_NONCONN_IND,37,37,5,-1,0,32040731,32041366,55,32,8,pre_aa_hdr_payload
223.34782314300537,1769570617.9588232,42.3448023,-71.0825832,16.659,E0:91:3D:FE:27:AD,ad27fe3d91e01eff4c001219fdcbed428fcc577bbbf2474c678b30a281031ff48676eb01fd,71832.25294979123,171107.12478061163,-102806.25411459833,212452.16190040158,-76244.65631566918,79399.56538450664,953,396,354,360,2063,1,1,2,ADV_NONCONN_IND,37,37,4,-1,0,32117704,32118338,55,32,7,pre_aa_hdr_payload
223.76010942459106,1769570618.3711095,42.3448023,-71.0825832,16.659,40:1A:C8:CE:D0:2A,2ad0cec81a400201021816aafe407867a63dea8e053c09ee2254c4bdf654e8dacfec,-31468.86223358962,158123.28288921795,-197677.06583677442,133150.3490343112,-191071.03054655402,-29214.669653055673,497,528,444,450,1919,1,1,0,ADV_IND,34,37,2,-1,0,32240076,32240710,56,32,8,pre_aa_hdr_payload
224.20971536636353,1769570618.8207154,42.3448023,-71.0825832,16.659,CB:7B:C8:2F:F3:8E,8ef32fc87bcb1eff4c001219ff32cc20c601b108618842be4ea414ecc700edcab6a4a400ff,-68976.84255952617,99043.65947064679,-191041.93909687328,99307.93445841176,-176512.93256355345,-53508.53893198715,431,594,516,522,2063,1,1,2,ADV_NONCONN_IND,37,37,3,-1,0,32248630,32249264,56,32,8,pre_aa_hdr_payload
224.7155168056488,1769570619.3265169,42.3448023,-71.0825832,16.659,CD:C2:17:39:AB:8C,8cab3917c2cd1eff4c001219fc6044bef5b69b3869da7b0444284bdf06604f3883997103fc,-68057.07932382154,95732.06586424122,-251379.33034636997,62264.109382185205,-217976.167979643,-67308.92615309414,551,498,504,510,2063,1,1,2,ADV_NONCONN_IND,37,37,0,-1,0,32316587,32317222,56,32,8,pre_aa_hdr_payload
225.2018792629242,1769570619.8128793,42.3448023,-71.0825832,16.659,FA:C1:C4:F5:6C:4C,4c6cf5c4c1fa1eff4c001219fd50be01c0cabba984bde5095c1ab1ed117b6486e98ff701fd,52183.03665000935,233694.91521233926,-67424.4420367335,210375.95669762336,-43106.51132857091,66567.71261328943,419,594,522,528,2063,1,1,2,ADV_NONCONN_IND,37,37,0,-1,0,32387988,32388622,56,30,8,pre_aa_hdr_payload
226.0740044116974,1769570620.6850045,42.3448023,-71.0825832,16.659,DE:79:38:B4:31:64,6431b43879de1eff4c001219ff3cca1de9106cbc5a40f76e0a82c7a1a80fe7295b4ac803ff,-50057.624072724386,133071.3922802256,-207720.59791977413,110335.02157956832,-183656.67724684582,-40985.860675736076,527,582,474,480,2063,1,1,2,ADV_NONCONN_IND,37,37,2,-1,0,32540734,32541368,56,32,8,pre_aa_hdr_payload
226.84781646728516,1769570621.4588165,42.3448023,-71.0825832,16.659,E3:6A:D1:A4:B3:88,88b3a4d16ae31eff4c001219fe6732ca7d3c6c06017da5a61305c4fecd31ca435ccf0903fe,-58529.17530339858,119600.5611737551,-232192.83451019964,93516.61105908877,-186751.88792316458,-53418.09569029563,497,540,510,516,2063,1,1,2,ADV_NONCONN_IND,37,37,5,-1,0,32644671,32645306,55,32,8,pre_aa_hdr_payload
227.87591123580933,1769570622.4869113,42.3448023,-71.0825832,16.659,F3:55:27:6E:7B:B0,b07b6e2755f31eff4c001219ffd3588d3104239ec8f425b0816e7629491b245482243e01ff,-46835.19417833679,79818.25617645943,-162241.17585736327,82891.33872900477,-152902.30990096644,-42424.06754766323,461,552,522,528,2063,1,1,2,ADV_NONCONN_IND,37,37,3,-1,0,32821569,32822203,56,32,8,pre_aa_hdr_payload
228.64566111564636,1769570623.2566612,42.3448023,-71.0825832,16.659,FA:15:02:49:60:0E,0e60490215fa1eff4c001219fcdf07d2f7ef34f5eee48441cb29147af53c648c96b6d301fc,-100915.19136450283,55130.711686240415,-196999.33709737883,49755.2243488529,-200045.08952860907,-84631.62378719737,437,660,480,486,2063,1,1,2,ADV_NONCONN_IND,37,37,2,-1,0,32917358,32917992,56,32,8,pre_aa_hdr_payload
228.65379667282104,1769570623.2647967,42.3448023,-71.0825832,16.659,F2:CC:22:9D:B3:C6,c6b39d22ccf21eff4c001219fe8e584d6befdbb60c652812d67a60f975d1ec4cfca02401fe,-53347.69774172781,124179.95002450673,-234834.83591883382,90049.38099671892,-172981.68003768858,-47824.443777618915,485,504,534,540,2063,1,1,2,ADV_NONCONN_IND,37,37,0,-1,0,32928293,32928928,56,32,8,pre_aa_hdr_payload
230.3529601097107,1769570624.9639602,42.3448023,-71.0825832,16.659,DB:5A:57:03:40:A7,a74003575adb1eff4c001219fc1d2da8b5a2a39a691d2580ce9ba4c551dda949980a7d00fc,-129940.49294322569,74409.54006457022,-228744.12342828297,65608.69025235293,-215147.92445830215,-101389.004663378,401,804,426,432,2063,1,1,2,ADV_NONCONN_IND,37,37,5,-1,0,33152004,33152638,55,32,8,pre_aa_hdr_payload
230.84892010688782,1769570625.4599202,42.3448023,-71.0825832,16.659,F8:19:AE:6B:53:E0,e0536bae19f81eff4c001219fd7cea9ad167cf93c0d1447356acbead357acb1c18a9b500fd,57595.69832848049,184296.68129201914,-83552.95684035736,169036.18703258157,-61396.11774871662,58780.0979680421,671,492,450,450,2063,1,1,2,ADV_NONCONN_IND,37,37,0,-1,0,33212110,33212744,56,32,8,pre_aa_hdr_payload
231.83690547943115,1769570626.4479055,42.3448023,-71.0825832,16.659,40:1A:C8:CE:D0:2A,2ad0cec81a400201021816aafe407867a63dea8e053c09ee2254c4bdf654e8dacfec,-29516.48823031798,161509.7436751293,-204422.7797889817,129360.71171972346,-189753.08486410786,-30133.50451029748,497,528,444,450,1919,1,1,0,ADV_IND,34,37,5,-1,0,33343161,33343796,55,32,8,pre_aa_hdr_payload
233.89998650550842,1769570628.5109866,42.3448023,-71.0825832,16.659,C6:C8:5D:02:A0:FD,fda0025dc8c61eff4c001219ff51ecd52e3ae6e81bc563f87f76aa1fd4dd1c9eb87d4300ff,-40026.82958695474,130318.48104922989,-212603.52759251246,88021.55019134677,-163148.01205074455,-48885.549259565836,431,522,552,558,2063,1,1,2,ADV_NONCONN_IND,37,37,5,-1,0,33618856,33619491,55,30,8,pre_aa_hdr_payload
234.6252121925354,1769570629.2362123,42.3448023,-71.0825832,16.659,D2:DD:9C:D4:64:E6,e664d49cddd21eff4c001219fc84c15f29f5521b6ea82fc51ef789e33db3ccb9f43d5201fc,-82386.93717524662,61589.893974215054,-194147.1890569765,39557.74043538334,-186502.09878890403,-74508.96205665577,431,546,540,546,2063,1,1,2,ADV_NONCONN_IND,37,37,4,-1,0,33731414,33732049,55,32,8,pre_aa_hdr_payload
236.34855699539185,1769570630.959557,42.3448023,-71.0825832,16.659,40:1A:C8:CE:D0:2A,2ad0cec81a400201021816aafe407867a63dea8e053c09ee2254c4bdf654e8dacfec,-33618.123554762285,161238.72509059389,-206594.2646080612,136001.2866405899,-187280.6553956402,-29973.74241170727,497,528,444,450,1919,1,1,0,ADV_IND,34,37,0,-1,0,34015201,34015836,56,32,8,pre_aa_hdr_payload
236.7232210636139,1769570631.3342211,42.3448023,-71.0825832,16.659,F9:34:B4:11:2A:F0,f02a11b434f91eff4c001219fc0619939b24d742b3b8bad95ef7a18abf6a4e4980ad9102fc,-71467.49950322484,110269.31482326578,-194473.9783917337,64561.52750567138,-206339.9049418264,-69846.31698029181,425,696,468,474,2063,1,1,2,ADV_NONCONN_IND,37,37,5,-1,0,34088351,34088986,55,32,8,pre_aa_hdr_payload
237.09948539733887,1769570631.7104855,42.3448023,-71.0825832,16.659,EA:7D:45:8B:90:84,84908b457dea1eff4c001219fd1de10fa490dfe92cb8d8a01d391c359141ee69945b3800fd,77559.40215133037,247012.45944226388,-85830.00534902833,215607.52119504954,-60670.300932836806,70872.90062544719,545,564,474,480,2063,1,1,2,ADV_NONCONN_IND,37,37,0,-1,0,34187844,34188479,56,32,8,pre_aa_hdr_payload
238.24182772636414,1769570632.8528278,42.3448023,-71.0825832,16.659,E1:15:D0:21:D5:7C,7cd521d015e11eff4c001219ff7f625634f8c0b3d975d7e55aa789d90bcd85817298dc03ff,-65498.41930909704,98502.76685857715,-188322.12159174407,85404.72392760664,-164232.73225234592,-54234.678553699974,425,600,516,522,2063,1,1,2,ADV_NONCONN_IND,37,37,3,-1,0,34374159,34374793,56,32,8,pre_aa_hdr_payload
238.56838083267212,1769570633.179381,42.3448023,-71.0825832,16.659,40:1A:C8:CE:D0:2A,2ad0cec81a400201021816aafe407867a63dea8e053c09ee2254c4bdf654e8dacfec,-37733.76788180649,133436.72098099042,-173747.6746289699,119861.19517324242,-174964.06428421033,-28376.643271060533,497,528,444,450,1919,1,1,0,ADV_IND,34,37,5,-1,0,34408181,34408815,55,32,8,pre_aa_hdr_payload
238.94269514083862,1769570633.5536952,42.3448023,-71.0825832,16.659,E3:00:BF:5F:D1:75,75d15fbf00e31eff4c001219fe8b9416eaca332408675a5f944775c45c56a49917e35a01fe,-73188.34432284691,126715.80268388095,-241634.5132797871,98173.26437456855,-193663.71060215207,-61778.56367301088,521,612,462,468,2063,1,1,2,ADV_NONCONN_IND,37,37,1,-1,0,34505053,34505688,56,32,8,pre_aa_hdr_payload
240.32514071464539,1769570634.9361408,42.3448023,-71.0825832,16.659,40:1A:C8:CE:D0:2A,2ad0cec81a400201021816aafe407867a63dea8e053c09ee2254c4bdf654e8dacfec,-32039.89450817986,164383.05559266193,-171336.5284878552,116352.05648957034,-168587.74974085318,-31490.678005796242,431,594,444,450,1919,1,1,0,ADV_IND,34,37,0,-1,0,34766452,34767087,56,32,8,pre_aa_hdr_payload
240.67037343978882,1769570635.2813735,42.3448023,-71.0825832,16.659,D7:4A:A7:AD:0F:26,260fada74ad71eff4c001219fc8d3b3bf434c0fd66684a4756e63467d4aa48347ca0c403fc,-105170.17866560447,76730.7072773354,-252279.88870842705,54440.009706996134,-205537.69920616114,-88960.85961027346,485,624,474,480,2063,1,1,2,ADV_NONCONN_IND,37,37,0,-1,0,34824237,34824871,56,32,8,pre_aa_hdr_payload
240.6863715648651,1769570635.2973716,42.3448023,-71.0825832,16.659,D2:8F:E0:42:03:5F,5f0342e08fd21eff4c001219fecda203a8e366d254a9257d2882e36f236af35e4e2ec702fe,-47033.99892955455,132289.77196990815,-218503.05551855327,95918.89957066874,-190071.73254989006,-47204.94418719905,539,570,474,480,2063,1,1,2,ADV_NONCONN_IND,37,37,1,-1,0,34845740,34846374,56,32,8,pre_aa_hdr_payload
241.04055404663086,1769570635.651554,42.3448023,-71.0825832,16.659,F0:8C:E1:3F:9F:40,409f3fe18cf01eff4c001219fde0c025e864fe0d5d9c31cac8cb7ae687a8b1073c7f8301fd,88349.11603239023,235386.72966146373,-57419.19744597285,203277.12266199978,-48755.22416057313,86796.60248633908,599,498,480,486,2063,1,1,2,ADV_NONCONN_IND,37,37,0,-1,0,34916897,34917532,56,32,8,pre_aa_hdr_payload
241.8791618347168,1769570636.490162,42.3448023,-71.0825832,16.659,DD:51:C3:0A:41:2A,2a410ac351dd1eff4c001219ff8f0d8c78e399178a745e391ab99d85975b1f5a0d1ef300ff,-56673.25282056654,104204.68640739206,-198492.21625139462,90877.27810936373,-166834.54130322902,-53251.28860001233,425,552,540,546,2063,1,1,2,ADV_NONCONN_IND,37,37,2,-1,0,35051474,35052109,56,32,8,pre_aa_hdr_payload
243.11795115470886,1769570637.7289512,42.3448023,-71.0825832,16.659,D1:84:60:1E:AC:9D,9dac1e6084d11eff4c001219fdfa1612da32b26f3d2cc42a3fd1d5a285414ecc148f0003fd,69239.37084136152,219636.4366632506,-85098.72653796842,216728.09494470878,-62685.98800792639,72158.47695478976,623,534,450,456,2063,1,1,2,ADV_NONCONN_IND,37,37,5,-1,0,35226294,35226929,55,32,8,pre_aa_hdr_payload
243.89365530014038,1769570638.5046554,42.3448023,-71.0825832,16.659,C7:C1:A3:39:44:58,584439a3c1c71eff4c001219ff151dda0e952eeb869c410897e8138c0e1e35e4704a7601ff,-54156.66605971431,127751.26689292266,-211254.98836473498,104572.72682116409,-173060.27920230312,-44649.81698979632,479,558,510,516,2063,1,1,2,ADV_NONCONN_IND,37,37,1,-1,0,35389227,35389861,56,32,8,pre_aa_hdr_payload
244.26532077789307,1769570638.8763208,42.3448023,-71.0825832,16.659,40:1A:C8:CE:D0:2A,2ad0cec81a400201021816aafe407867a63dea8e053c09ee2254c4bdf654e8dacfec,-39377.04025076997,144351.47786204732,-187527.70855649147,125876.8264896828,-180018.7117320276,-30797.08613171728,485,528,450,456,1919,1,1,0,ADV_IND,34,37,5,-1,0,35436840,35437475,55,32,8,pre_aa_hdr_payload
244.63840866088867,1769570639.2494087,42.3448023,-71.0825832,16.659,C6:71:0C:84:43:6E,6e43840c71c61eff4c001219fc4f98657f2b10010381c364666d11c7c4f787a12936b001fc,-118566.94729764304,48247.91494203398,-230436.9371925223,57050.40542264241,-199310.30816940006,-94634.34486860578,395,642,510,516,2063,1,1,2,ADV_NONCONN_IND,37,37,5,-1,0,35502494,35503128,55,30,8,pre_aa_hdr_payload
246.04774379730225,1769570640.6587439,42.3448023,-71.0825832,16.659,DF:D1:C1:9C:DF:85,85df9cc1d1df1eff4c001219ff559e2df050017621a8801f2d6b4c8fac8f396470dcc002ff,-46022.81788054056,123325.29904090466,-193284.48560450695,99412.12715873448,-178143.7719513046,-44058.82128604791,479,558,510,516,2063,1,1,2,ADV_NONCONN_IND,37,37,5,-1,0,35771809,35772443,55,30,8,pre_aa_hdr_payload
246.38257813453674,1769570640.9935782,42.3448023,-71.0825832,16.659,40:1A:C8:CE:D0:2A,2ad0cec81a400201021816aafe407867a63dea8e053c09ee2254c4bdf654e8dacfec,-39679.90222267076,111996.31464559301,-132303.42023637102,80841.20992743642,-164219.87790078178,-30526.45762693273,479,546,444,450,1919,1,1,0,ADV_IND,34,37,2,-1,0,35818304,35818939,56,31,8,pre_aa_hdr_payload
246.74082398414612,1769570641.351824,42.3448023,-71.0825832,16.659,FE:37:73:35:86:3D,3d86357337fe1eff4c001219fc6a52aa62c14ddec43d9a20b3f299c184b4ceed97bbd300fc,-78161.3979502044,89390.80260728685,-251331.40828803423,61361.874839365664,-208809.7240246466,-71831.5499724517,485,516,528,534,2063,1,1,2,ADV_NONCONN_IND,37,37,5,-1,0,35892236,35892870,55,32,8,pre_aa_hdr_payload
247.06372141838074,1769570641.6747215,42.3448023,-71.0825832,16.659,E2:49:DD:43:64:43,436443dd49e21eff4c001219fef321f23605118b47ed0543b6c2603d2af8ae09e228c102fe,-89350.51425835959,123620.16058359368,-238864.61601549594,86526.75166268786,-191323.42689675305,-70584.8457275185,425,612,510,516,2063,1,1,2,ADV_NONCONN_IND,37,37,4,-1,0,35919999,35920634,55,32,8,pre_aa_hdr_payload
247.42238688468933,1769570642.033387,42.3448023,-71.0825832,16.659,CD:CF:73:E5:8A:45,458ae573cfcd1eff4c001219fd243768da935df7063c4e350e688bca3c817a99bb60c400fd,94624.01794706359,246669.46671985998,-65776.04864972727,209555.03053638872,-65726.00574115779,79392.25419370938,575,474,504,510,2063,1,1,2,ADV_NONCONN_IND,37,37,1,-1,0,35999871,36000505,56,32,8,pre_aa_hdr_payload
248.247056722641,1769570642.8580568,42.3448023,-71.0825832,16.659,CC:8C:CF:71:1A:A5,a51a71cf8ccc1eff4c001219ffcb1d1e97f20bcddf0ea3fde523aa8f8fcbe08134da3101ff,-75243.69765757157,100651.78926300888,-192242.79327629934,89015.2374333997,-172591.12462245082,-55656.53915776161,413,588,528,534,2063,1,1,2,ADV_NONCONN_IND,37,37,1,-1,0,36160068,36160703,56,32,8,pre_aa_hdr_payload
248.94030451774597,1769570643.5513046,42.3448023,-71.0825832,16.659,F0:1B:D3:4A:19:21,21194ad31bf01eff4c001219fcb71ac43cd569b1643d6f6271ae8641b63b49942e9d9a02fc,-111152.94769721436,76878.26283837268,-248193.90220829585,45188.22521859293,-214257.66475685185,-94289.53011239016,377,588,546,552,2063,1,1,2,ADV_NONCONN_IND,37,37,0,-1,0,36249807,36250441,56,32,8,pre_aa_hdr_payload
248.95338988304138,1769570643.56439,42.3448023,-71.0825832,16.659,FA:B0:02:1B:86:BC,bc861b02b0fa1eff4c001219fe291fb0fc45701dc3152065b0366ea92f40839e55df0003fe,-71825.37295714821,99058.88613717657,-211724.13295539227,83600.1946324404,-183696.1280804225,-59536.15180346083,425,528,552,558,2063,1,1,2,ADV_NONCONN_IND,37,37,5,-1,0,36267395,36268029,55,32,8,pre_aa_hdr_payload
249.29856276512146,1769570643.9095628,42.3448023,-71.0825832,16.659,C4:A2:EB:D2:3C:5E,5e3cd2eba2c41eff4c001219fd100afa5c58bcd2cf6cfb8fab142b0eef596a35cc964702fd,95558.08900614476,258654.02034514313,-81977.53149318465,224084.14413487833,-56188.403614110335,87548.09395092493,563,510,492,498,2063,1,1,2,ADV_NONCONN_IND,37,37,0,-1,0,36326443,36327077,56,32,8,pre_aa_hdr_payload
250.43152332305908,1769570645.0425234,42.3448023,-71.0825832,16.659,40:1A:C8:CE:D0:2A,2ad0cec81a400201021816aafe407867a63dea8e053c09ee2254c4bdf654e8dacfec,-35307.89457100441,163117.38229658225,-211931.65681070424,133321.1468706492,-192211.82642359548,-31790.358651627204,497,528,444,450,1919,1,1,0,ADV_IND,34,37,0,-1,0,36524341,36524976,56,32,8,pre_aa_hdr_payload
251.9007523059845,1769570646.5117524,42.3448023,-71.0825832,16.659,FB:70:DF:84:BD:55,55bd84df70fb1eff4c001219ffd20d10dbdcd2f03ef2c4773b131ed471f0a7166b22c202ff,-32031.235820437818,113183.60343195437,-181796.6794794964,83136.41425713093,-171053.40655887895,-40421.12078351123,521,552,492,498,2063,1,1,2,ADV_NONCONN_IND,37,37,5,-1,0,36825773,36826407,55,32,8,pre_aa_hdr_payload
252.72815585136414,1769570647.339156,42.3448023,-71.0825832,16.659,CF:DF:FC:D0:42:DC,dc42d0fcdfcf1eff4c001219fc4b12ce15fae2862f02eb3dd2fed2c6b3585d48c13a3303fc,-121376.4886986945,56934.39038713324,-251449.54228039476,38486.97542513498,-197226.47755028645,-101638.60916277661,353,612,546,552,2063,1,1,2,ADV_NONCONN_IND,37,37,1,-1,0,36902279,36902913,56,32,8,pre_aa_hdr_payload
253.1391100883484,1769570647.7501101,42.3448023,-71.0825832,16.659,EE:60:C0:63:38:69,693863c060ee1eff4c001219fdd6f336c58130fca151943106ff02e7e0d98c2c60891801fd,52165.54496240556,221093.6166882315,-80918.6597739198,208195.01882509782,-55910.518189291215,55924.16776137916,437,540,540,546,2063,1,1,2,ADV_NONCONN_IND,37,37,0,-1,0,37009421,37010056,56,32,8,pre_aa_hdr_payload
253.85517764091492,1769570648.4661777,42.3448023,-71.0825832,16.659,D9:1E:6D:23:98:A4,a498236d1ed91eff4c001219fffb75e0d647d93d99e1c6369bcbcee7c3902b4727c3ea00ff,-61908.35803947284,118901.57524635996,-208794.59265272602,97841.1218646262,-184968.19020459885,-57222.31856381775,449,612,498,504,2063,1,1,2,ADV_NONCONN_IND,37,37,0,-1,0,37145960,37146594,56,32,8,pre_aa_hdr_payload
254.31245470046997,1769570648.9234548,42.3448023,-71.0825832,16.659,40:1A:C8:CE:D0:2A,2ad0cec81a400201021816aafe407867a63dea8e053c09ee2254c4bdf654e8dacfec,-27202.306299563938,161251.54730448185,-183193.21754484708,113292.42015239316,-185676.9986783533,-29355.90505288715,485,534,450,450,1919,1,1,0,ADV_IND,34,37,2,-1,0,37194395,37195029,56,32,8,pre_aa_hdr_payload
254.7685706615448,1769570649.3795707,42.3448023,-71.0825832,16.659,D0:59:9D:9A:F3:50,50f39a9d59d01eff4c001219fe491d29b92ac39e2cd7bfc03da722e13ac47b8560dca702fe,-59639.443898988924,130701.95638314304,-181342.77842857063,76141.74201879933,-180227.3788153784,-55448.96170959339,431,672,480,480,2063,1,1,2,ADV_NONCONN_IND,37,37,1,-1,0,37235893,37236527,56,32,8,pre_aa_hdr_payload
255.17927265167236,1769570649.7902727,42.3448023,-71.0825832,16.659,FF:CA:BA:3E:6A:43,436a3ebacaff1eff4c001219fdb82ac2a04fd99a554f3514636f5e645fb94c03b7615d01fd,63832.685578423094,217733.27151601546,-63037.50527320947,207182.93838569938,-51907.14159894727,68394.18312513293,479,534,522,528,2063,1,1,2,ADV_NONCONN_IND,37,37,1,-1,0,37322534,37323168,56,31,8,pre_aa_hdr_payload
256.0053074359894,1769570650.6163075,42.3448023,-71.0825832,16.659,CD:5C:13:EB:CD:81,81cdeb135ccd1eff4c001219ff457d0c4961d53eac78f44e060adab6114b26889b9f3e00ff,-67553.61611865298,109392.28305313432,-209334.82694835388,90138.40378906271,-181413.1574355776,-65409.95120005738,389,600,534,540,2063,1,1,2,ADV_NONCONN_IND,37,37,1,-1,0,37453653,37454287,56,32,7,pre_aa_hdr_payload
256.4688255786896,1769570651.0798256,42.3448023,-71.0825832,16.659,C4:90:15:93:65:DB,db65931590c41eff4c001219fc2e78684c9366ae63aeb218fc77cd6a0552655a3e664703fc,-88757.04196640008,99229.46432789088,-248471.92437378826,63384.7881325904,-212513.5037129051,-76798.71439087736,491,594,486,492,2063,1,1,2,ADV_NONCONN_IND,37,37,5,-1,0,37527950,37528585,55,31,8,pre_aa_hdr_payload
256.4792675971985,1769570651.0902677,42.3448023,-71.0825832,16.659,E5:44:B6:94:14:9F,9f1494b644e51eff4c001219fe9b06050a33d3886a6e02c01b5f64fdfcbdfce31e4da601fe,-48215.28726305868,118613.86199925281,-216724.48902750752,87291.12565866909,-187816.1083599669,-49410.936601956324,497,504,528,534,2063,1,1,2,ADV_NONCONN_IND,37,37,1,-1,0,37541985,37542619,56,32,8,pre_aa_hdr_payload
257.9457573890686,1769570652.5567575,42.3448023,-71.0825832,16.659,CC:D0:E6:2D:AA:B0,b0aa2de6d0cc1eff4c001219fffd7dd39ea6971646d2fad470aeb7a90a83c186f4aeb803ff,-35866.09178176011,151522.74199474815,-228113.3950011938,103689.75518898256,-168373.3620729828,-37336.91272663358,509,540,504,510,2063,1,1,2,ADV_NONCONN_IND,37,37,4,-1,0,37733875,37734509,55,32,8,pre_aa_hdr_payload
258.40194630622864,1769570653.0129464,42.3448023,-71.0825832,16.659,40:1A:C8:CE:D0:2A,2ad0cec81a400201021816aafe407867a63dea8e053c09ee2254c4bdf654e8dacfec,-30155.068229988705,123364.46010061837,-126172.91268080895,96727.81961360664,-170722.28933094998,-27263.489032374022,449,588,438,444,1919,1,1,0,ADV_IND,34,37,2,-1,0,37772783,37773417,56,31,8,pre_aa_hdr_payload
258.416672706604,1769570653.0276728,42.3448023,-71.0825832,16.659,F9:4F:3D:BC:0F:49,490fbc3d4ff91eff4c001219fc7beaf6e33a1ef520ebfb432d4d2a6cfd302aba0dc47801fc,-59966.23643475197,66903.43172535421,-195343.82942542405,53904.048612534105,-179911.26295282837,-63482.73993611911,497,528,516,522,2063,1,1,2,ADV_NONCONN_IND,37,37,1,-1,0,37792577,37793211,56,32,8,pre_aa_hdr_payload
258.4247615337372,1769570653.0357616,42.3448023,-71.0825832,16.659,F3:54:EA:6A:82:26,26826aea54f31eff4c001219fe16b52443d40404f39925c1c313169259b4ed4224bd5c01fe,-72392.06521569683,92737.6597044242,-202011.1725442675,86461.35549354862,-186772.7595157316,-63654.79702208149,432,587,522,522,2063,1,1,2,ADV_NONCONN_IND,37,37,5,-1,0,37803449,37804083,55,32,8,pre_aa_hdr_payload
260.2649304866791,1769570654.8759305,42.3448023,-71.0825832,16.659,40:1A:C8:CE:D0:2A,2ad0cec81a400201021816aafe407867a63dea8e053c09ee2254c4bdf654e8dacfec,-34460.509996269226,189725.10973710968,-225268.199760129,115662.35398806552,-175542.38422031867,-29265.68041010595,497,528,444,450,1919,1,1,0,ADV_IND,34,37,0,-1,0,37988187,37988821,56,32,8,pre_aa_hdr_payload
262.2265934944153,1769570656.8375936,42.3448023,-71.0825832,16.659,40:1A:C8:CE:D0:2A,2ad0cec81a400201021816aafe407867a63dea8e053c09ee2254c4bdf654e8dacfec,-27621.62121829284,180307.17996729404,-217424.78231645623,124450.59485585627,-184358.56671038797,-27936.57044408065,497,528,444,450,1919,1,1,0,ADV_IND,34,37,2,-1,0,38184343,38184977,55,30,8,pre_aa_hdr_payload
262.2288498878479,1769570656.83985,42.3448023,-71.0825832,16.659,C3:40:6B:27:22:32,3222276b40c31eff4c001219fca9ceeb65dbfebab9a94e52953326b2bd06938f40894e00fc,-64692.12970592966,107914.77049392505,-243670.89108762462,61731.781721245025,-213707.1969691298,-66227.27273905421,527,546,492,498,2063,1,1,2,ADV_NONCONN_IND,37,37,4,-1,0,38187375,38188010,55,32,8,pre_aa_hdr_payload
263.02244663238525,1769570657.6334467,42.3448023,-71.0825832,16.659,C1:D5:1D:3E:31:BC,bc313e1dd5c11eff4c001219fdfacfc7278167cd41fa18023f1eed3e74008a4376720b03fd,89170.35378916978,212651.3249277766,-56950.882402199815,207439.39967781166,-46517.46735115139,80584.68771995383,581,444,516,522,2063,1,1,2,ADV_NONCONN_IND,37,37,4,-1,0,38226831,38227466,55,31,7,pre_aa_hdr_payload
263.76607728004456,1769570658.3770773,42.3448023,-71.0825832,16.659,E7:B6:63:36:94:65,65943663b6e71eff4c001219ff6e356077c48e20eeb07455fd17abd190d76d259d0a1302ff,-39565.742013825286,115326.69039622857,-206425.02205586553,102232.30504373575,-176150.06379696116,-47860.55511838727,473,540,522,528,2063,1,1,2,ADV_NONCONN_IND,37,37,5,-1,0,38337570,38338205,55,32,8,pre_aa_hdr_payload
264.67351603507996,1769570659.284516,42.3448023,-71.0825832,16.659,ED:89:D3:29:43:4D,4d4329d389ed1eff4c001219fe2de75aef32d0fa02384c802b68de5a12a209acd4fd9202fe,-56785.588088240416,119765.36560081095,-218843.56439162735,89992.7255396546,-192872.66962538922,-50809.07759355135,485,516,528,534,2063,1,1,2,ADV_NONCONN_IND,37,37,0,-1,0,38445038,38445672,56,32,8,pre_aa_hdr_payload
265.0596876144409,1769570659.6706877,42.3448023,-71.0825832,16.659,CA:01:F1:49:09:70,700949f101ca1eff4c001219fd81bb3fa879f1872cf39bf7f8f1902eedf9f825c101c803fd,75464.24162028958,171124.38110518357,-87257.14137207418,193584.4463334315,-44836.81482351211,76378.84302207541,785,432,420,426,2063,1,1,2,ADV_NONCONN_IND,37,37,4,-1,0,38517525,38518160,55,32,8,pre_aa_hdr_payload
266.5954420566559,1769570661.206442,42.3448023,-71.0825832,16.659,D8:B8:2D:32:73:54,5473322db8d81eff4c001219fc78b784854ec8fbb6a11d34a51d7a17126750edba1ac301fc,-98716.64595952645,65737.65760070462,-223182.1161470167,54906.35589377061,-220636.19901732163,-85861.62413632715,461,576,510,516,2063,1,1,2,ADV_NONCONN_IND,37,37,0,-1,0,38794124,38794758,56,31,8,pre_aa_hdr_payload
266.88448786735535,1769570661.495488,42.3448023,-71.0825832,16.659,40:1A:C8:CE:D0:2A,2ad0cec81a400201021816aafe407867a63dea8e053c09ee2254c4bdf654e8dacfec,-36127.49237090268,147352.5715877815,-181100.82062181825,124115.30354444784,-193156.90203404851,-29276.044747953227,497,528,444,450,1919,1,1,0,ADV_IND,34,37,5,-1,0,38797892,38798527,55,32,8,pre_aa_hdr_payload
267.2492322921753,1769570661.8602324,42.3448023,-71.0825832,16.659,F4:C6:28:E5:81:31,3181e528c6f41eff4c001219fd919123202df5fdda0f1dc1c8144953d8f2f0a31a566601fd,82171.3308701235,227999.59824917582,-66549.28070242077,208466.3629678594,-46922.77634813894,79377.63746530883,533,492,516,522,2063,1,1,2,ADV_NONCONN_IND,37,37,5,-1,0,38883247,38883881,55,29,8,pre_aa_hdr_payload
268.29298090934753,1769570662.903981,42.3448023,-71.0825832,16.659,FC:52:93:C3:E3:B8,b8e3c39352fc1eff4c001219ffebe2c30a90d4edb64c6a511c7b19624a554cc0dc731e02ff,-29869.92206127418,140315.77092717992,-226798.03855796673,104936.8468352768,-162499.07153135777,-31711.236170080185,509,480,534,540,2063,1,1,2,ADV_NONCONN_IND,37,37,5,-1,0,39066076,39066710,55,32,8,pre_aa_hdr_payload
269.1395070552826,1769570663.750507,42.3448023,-71.0825832,16.659,E2:A5:B3:15:53:2F,2f5315b3a5e21eff4c001219fc2b72f31683ba03271520d407aeb8e95e962d62b8e58403fc,-78495.37997155769,76814.23605027184,-240364.8258581794,65114.88786762719,-207191.7979533481,-68560.42947135013,509,480,534,540,2063,1,1,2,ADV_NONCONN_IND,37,37,0,-1,0,39195166,39195801,56,32,8,pre_aa_hdr_payload
269.5285141468048,1769570664.1395142,42.3448023,-71.0825832,16.659,F9:5D:2B:40:BF:DF,dfbf402b5df91eff4c001219fd08540745faaf14ccdfc69f37145bb8f55d135fe97a2500fd,76594.16123933393,252026.1739351013,-93639.1863825627,216637.269634753,-55818.845129847614,73757.11722156225,581,540,468,474,2063,1,1,2,ADV_NONCONN_IND,37,37,5,-1,0,39268777,39269411,55,31,8,pre_aa_hdr_payload
270.28636384010315,1769570664.897364,42.3448023,-71.0825832,16.659,FE:A0:77:1F:C6:D9,d9c61f77a0fe1eff4c001219ffc7e901e38175975b6110eca76ae157f061421809209e03ff,-29664.68732727345,144753.659562731,-201702.89221635865,98904.2509807916,-173053.51520985574,-30608.546064034534,485,456,558,564,2063,1,1,2,ADV_NONCONN_IND,37,37,5,-1,0,39434594,39435229,55,32,8,pre_aa_hdr_payload
270.9624469280243,1769570665.573447,42.3448023,-71.0825832,16.659,40:1A:C8:CE:D0:2A,2ad0cec81a400201021816aafe407867a63dea8e053c09ee2254c4bdf654e8dacfec,-34516.35035020794,154645.9071858757,-186190.8862772104,125940.36490298543,-195462.05031337024,-28343.072984258393,497,528,444,450,1919,1,1,0,ADV_IND,34,37,5,-1,0,39533519,39534154,55,32,8,pre_aa_hdr_payload
270.9719195365906,1769570665.5829196,42.3448023,-71.0825832,16.659,D6:EB:9A:DE:68:0B,0b68de9aebd61eff4c001219fed67cfcc50778be00d70ee33e87707d701951eac689d800fe,-76761.76412112465,94043.75896137436,-207114.00074968216,81666.57054452828,-192600.0003617981,-71501.39106916424,413,612,516,522,2063,1,1,2,ADV_NONCONN_IND,37,37,5,-1,0,39546251,39546885,55,30,8,pre_aa_hdr_payload
271.3187572956085,1769570665.9297574,42.3448023,-71.0825832,16.659,FC:3D:31:47:9B:80,809b47313dfc1eff4c001219fd9b8999dc70920d0951b4e45742c60258e58592d256e002fd,70243.33750305387,241346.65712617288,-80228.97447106632,216004.00035510215,-63277.37133996525,64521.41211266851,497,540,510,516,2063,1,1,2,ADV_NONCONN_IND,37,37,0,-1,0,39607536,39608171,56,32,8,pre_aa_hdr_payload
272.39975118637085,1769570667.0107512,42.3448023,-71.0825832,16.659,C5:4E:50:BD:9B:46,469bbd504ec51eff4c001219fc27c1a2696ba8b4ef2d9307f9bbbce7b4f5daa7ed205c03fc,-102639.6647221269,71025.59447882092,-254236.34727312828,70057.9088907936,-213557.16240169434,-87331.88082736931,479,594,492,498,2063,1,1,2,ADV_NONCONN_IND,37,37,5,-1,0,39822954,39823588,55,32,8,pre_aa_hdr_payload
272.9490432739258,1769570667.5600433,42.3448023,-71.0825832,16.659,E1:04:69:80:3C:DF,df3c806904e11eff4c001219fdc25c084fcc1ecac3439edff15f006e9ddcc148ba17b202fd,57468.87381052998,222759.6002356742,-74879.75946588651,208220.79080575117,-54790.898416954704,58905.201329645985,467,570,510,516,2063,1,1,2,ADV_NONCONN_IND,37,37,1,-1,0,39892914,39893549,56,32,8,pre_aa_hdr_payload
274.2319679260254,1769570668.842968,42.3448023,-71.0825832,16.659,FD:B3:D4:CE:4B:71,714bced4b3fd1eff4c001219fcc6c0160a0bf7c1fb6f1b57060a95364f268cb0c1a12700fc,-112276.3288330747,80807.36042582769,-167619.02210667054,70343.30182349289,-184436.7181016005,-93740.1480537164,270,989,402,402,2063,1,1,2,ADV_NONCONN_IND,37,37,1,-1,0,40026574,40027208,56,31,8,pre_aa_hdr_payload
274.2392337322235,1769570668.8502338,42.3448023,-71.0825832,16.659,EE:FF:9B:F4:06:F2,f206f49bffee1eff4c001219fe1a878a17f02c090d24e50f416f09873bba6c7f53540a00fe,-83763.27721330957,61890.50690619624,-171796.27926490348,90784.53242262902,-152052.0515078353,-65819.35185930318,383,756,462,462,2063,1,1,2,ADV_NONCONN_IND,37,37,1,-1,0,40036339,40036974,56,32,8,pre_aa_hdr_payload
276.20547223091125,1769570670.8164723,42.3448023,-71.0825832,16.659,F1:38:F0:16:C5:12,12c516f038f11eff4c001219ffbc86ba2c1bacfd44c0a9f9e332eca2712409232eb5f201ff,-59836.00037960153,137268.1435148036,-218181.59027855896,96190.97425642562,-174794.8724423368,-53811.636077188115,425,576,528,534,2063,1,1,2,ADV_NONCONN_IND,37,37,5,-1,0,40253105,40253739,55,32,8,pre_aa_hdr_payload
276.89533281326294,1769570671.5063329,42.3448023,-71.0825832,16.659,D6:36:77:C1:0A:69,690ac17736d61eff4c001219fea46072531a3ce755432b99f47e039ea855a115a596bc03fe,-56931.45887331127,100675.42480023114,-213029.3579590115,95431.19738082774,-185202.74103158477,-52383.91254297477,503,534,510,516,2063,1,1,2,ADV_NONCONN_IND,37,37,5,-1,0,40393398,40394032,55,32,8,pre_aa_hdr_payload
276.90191769599915,1769570671.5129178,42.3448023,-71.0825832,16.659,40:1A:C8:CE:D0:2A,2ad0cec81a400201021816aafe407867a63dea8e053c09ee2254c4bdf654e8dacfec,-34832.13276330803,156657.374259386,-129567.04043579528,113829.53317045019,-153696.47352496444,-27201.29565285984,407,750,378,384,1919,1,1,0,ADV_IND,34,37,4,-1,0,40402250,40402884,55,32,8,pre_aa_hdr_payload
278.66719818115234,1769570673.2781982,42.3448023,-71.0825832,16.659,C6:E9:65:96:9F:61,619f9665e9c61eff4c001219fc3340a4e8619fa83d2c3de26b7afe94ffb0651370f75303fc,-93326.63774183646,83398.04606019125,-241643.35458529182,52060.873114153525,-217168.55814822335,-83731.74241329283,491,582,492,498,2063,1,1,2,ADV_NONCONN_IND,37,37,0,-1,0,40745091,40745725,56,32,8,pre_aa_hdr_payload
278.98205280303955,1769570673.5930529,42.3448023,-71.0825832,16.659,D5:DD:89:4F:E1:DA,dae14f89ddd51eff4c001219fe68031973fd5f65447ebc4e7e09a79f1b74546ebe9cc500fe,-60627.66199427454,99132.40195945695,-206847.09370825315,81242.93460461043,-197718.76714911504,-65259.41178149536,455,558,522,528,2063,1,1,2,ADV_NONCONN_IND,37,37,0,-1,0,40771453,40772087,56,32,8,pre_aa_hdr_payload
278.98853969573975,1769570673.5995398,42.3448023,-71.0825832,16.659,40:1A:C8:CE:D0:2A,2ad0cec81a400201021816aafe407867a63dea8e053c09ee2254c4bdf654e8dacfec,-31720.444425785587,155248.49506957864,-191739.0035954432,135701.2215586915,-190294.3998579576,-26469.70764554769,497,528,444,450,1919,1,1,0,ADV_IND,34,37,5,-1,0,40780172,40780807,55,32,8,pre_aa_hdr_payload
280.064816236496,1769570674.6758163,42.3448023,-71.0825832,16.659,EF:26:AF:CD:4B:D5,d54bcdaf26ef1eff4c001219ffbdf764f477ee8ab0d22e008409ef41927608aec2102801ff,-39721.10747333472,136497.52002758175,-209435.6255376447,92871.26485816528,-168461.903254429,-39026.37881028474,509,516,516,522,2063,1,1,2,ADV_NONCONN_IND,37,37,5,-1,0,41010753,41011388,55,32,8,pre_aa_hdr_payload
280.76420497894287,1769570675.375205,42.3448023,-71.0825832,16.659,40:1A:C8:CE:D0:2A,2ad0cec81a400201021816aafe407867a63dea8e053c09ee2254c4bdf654e8dacfec,-30515.036986738713,138875.92491972592,-171819.20946924525,121345.49431899209,-187569.38458941574,-28297.576739528842,491,534,444,450,1919,1,1,0,ADV_IND,34,37,3,-1,0,41122186,41122821,56,31,8,pre_aa_hdr_payload
281.24412989616394,1769570675.85513,42.3448023,-71.0825832,16.659,EE:0E:00:DF:F9:A6,a6f9df000eee1eff4c001219fd6b016f0fb5301d39bb53aec5f91005edfb00de783a8102fd,78799.2807013963,161461.83341569078,-87152.98106811618,175327.85279487201,-81428.67316837919,78525.25079330722,995,342,360,366,2063,1,1,2,ADV_NONCONN_IND,37,37,0,-1,0,41172837,41173471,56,32,8,pre_aa_hdr_payload
282.5924870967865,1769570677.2034872,42.3448023,-71.0825832,16.659,FC:60:8F:B9:46:99,9946b98f60fc1eff4c001219fc4f13b9d55cf2f5ad64dcdb96052f75ffe065d6b663b901fc,-66908.31265150795,106980.32498099744,-208942.4115682662,65501.437647774415,-212898.0253898257,-65519.719803868466,479,594,492,498,2063,1,1,2,ADV_NONCONN_IND,37,37,5,-1,0,41369925,41370559,55,32,8,pre_aa_hdr_payload
282.61200404167175,1769570677.223004,42.3448023,-71.0825832,16.659,CA:43:FF:B1:B0:43,43b0b1ff43ca1eff4c001219feeff4428f9e018efe01731c2ccbe54db7bf790b8be92201fe,-76467.85254296214,65090.51901104466,-175729.3452738007,84932.04218230546,-175213.37945328475,-60083.99789100838,437,600,510,516,2063,1,1,2,ADV_NONCONN_IND,37,37,0,-1,0,41396158,41396792,56,32,7,pre_aa_hdr_payload
282.62289595603943,1769570677.233896,42.3448023,-71.0825832,16.659,40:1A:C8:CE:D0:2A,2ad0cec81a400201021816aafe407867a63dea8e053c09ee2254c4bdf654e8dacfec,-33996.07136157322,154283.92796885638,-196705.52051858866,127976.53153649736,-175201.9574570863,-30716.165777399856,491,534,444,450,1919,1,1,0,ADV_IND,34,37,3,-1,0,41410798,41411433,55,32,8,pre_aa_hdr_payload
283.1107475757599,1769570677.7217476,42.3448023,-71.0825832,16.659,DC:73:65:B1:27:F1,f127b16573dc1eff4c001219fd8b627f3d5bca1fe2caea0b468ac4f26f74bc6d89f14000fd,100691.65207923806,224536.80413131358,-51364.390443180164,205697.04169385345,-49255.74674157086,81286.74123962835,539,438,540,546,2063,1,1,2,ADV_NONCONN_IND,37,37,0,-1,0,41446563,41447198,56,32,8,pre_aa_hdr_payload
284.69046807289124,1769570679.3014681,42.3448023,-71.0825832,16.659,FA:4C:0C:F9:8E:33,338ef90c4cfa1eff4c001219fc8684591c8b8dfb6fe40e16033a6559330f2f4ad30fe501fc,-93401.20064038748,60456.999122827714,-222982.20587120758,40922.78578405546,-197059.4121949108,-95270.85181435948,438,581,522,522,2063,1,1,2,ADV_NONCONN_IND,37,37,1,-1,0,41625323,41625957,56,32,8,pre_aa_hdr_payload
284.7066957950592,1769570679.3176959,42.3448023,-71.0825832,16.659,F5:BC:57:A5:88:98,9888a557bcf51eff4c001219fe06aa4d143847b46acbce939bf4abf2436ce79ef4963c00fe,-84807.21471126717,75565.21027557817,-201802.02821543367,93375.89758915972,-180129.021883536,-65044.037796694705,455,630,486,492,2063,1,1,2,ADV_NONCONN_IND,37,37,0,-1,0,41647134,41647769,56,32,8,pre_aa_hdr_payload
284.72914361953735,1769570679.3401437,42.3448023,-71.0825832,16.659,40:1A:C8:CE:D0:2A,2ad0cec81a400201021816aafe407867a63dea8e053c09ee2254c4bdf654e8dacfec,-37682.4311838585,139364.81972380527,-171600.8501941931,118184.10053674808,-183914.55371300326,-27452.175849066374,497,528,444,450,1919,1,1,0,ADV_IND,34,37,0,-1,0,41677307,41677941,56,32,8,pre_aa_hdr_payload
285.118967294693,1769570679.7299674,42.3448023,-71.0825832,16.659,FC:9B:8B:86:7B:0D,0d7b868b9bfc1eff4c001219fdd75ca674f4276b6a55ecea2924156c7042d90862f98103fd,68134.69446316251,239701.71589776283,-77467.41126879989,217359.11581402284,-55093.836450542134,66730.95584186043,455,546,528,534,2063,1,1,2,ADV_NONCONN_IND,37,37,0,-1,0,41741262,41741897,56,32,8,pre_aa_hdr_payload
286.6299149990082,1769570681.240915,42.3448023,-71.0825832,16.659,C1:D9:1F:A8:5B:2A,2a5ba81fd9c11eff4c001219fcda0df2db824b444236f296fe8e657e0c1b9a9062872c01fc,-120764.802568921,46907.771950640454,-230947.47771982968,42453.957491732675,-200431.86119279484,-109489.72809540344,383,654,510,516,2063,1,1,2,ADV_NONCONN_IND,37,37,1,-1,0,41984517,41985151,56,32,8,pre_aa_hdr_payload
286.98532485961914,1769570681.596325,42.3448023,-71.0825832,16.659,40:1A:C8:CE:D0:2A,2ad0cec81a400201021816aafe407867a63dea8e053c09ee2254c4bdf654e8dacfec,-30292.924214943356,171475.50027912838,-213019.33265312025,131704.22385784867,-182084.77450428077,-28549.14930347991,503,534,438,444,1919,1,1,0,ADV_IND,34,37,1,-1,0,42025066,42025701,56,32,8,pre_aa_hdr_payload
288.8430726528168,1769570683.4540727,42.3448023,-71.0825832,16.659,F0:5C:D8:74:46:9F,9f4674d85cf01eff4c001219feb5bb41ba9921530ab545658d2aa6789f985d90c4c97701fe,-82320.27879771564,114696.23479694445,-175528.9133835529,109684.86131576376,-163673.93445912047,-61301.72924198551,395,858,402,408,2063,1,1,2,ADV_NONCONN_IND,37,37,5,-1,0,42273431,42274065,55,32,8,pre_aa_hdr_payload
288.8718798160553,1769570683.4828799,42.3448023,-71.0825832,16.659,FF:B3:BD:09:37:FD,fd3709bdb3ff1eff4c001219fd5393dd4007aeaaae297d0b6f7e9d7fab498eb5679b6102fd,61379.324313560726,237887.6311252076,-74400.56216934219,205540.12451969986,-58226.99478884478,58944.70303127169,425,528,552,558,2063,1,1,2,ADV_NONCONN_IND,37,37,0,-1,0,42312150,42312785,56,32,8,pre_aa_hdr_payload
289.5944011211395,1769570684.2054012,42.3448023,-71.0825832,16.659,40:1A:C8:CE:D0:2A,2ad0cec81a400201021816aafe407867a63dea8e053c09ee2254c4bdf654e8dacfec,-39459.294226929174,146571.8680152232,-197847.58343587766,125775.11754984068,-164309.24777671968,-29050.750595687947,479,534,450,456,1919,1,1,0,ADV_IND,34,37,0,-1,0,42382420,42383055,56,32,8,pre_aa_hdr_payload
290.0675344467163,1769570684.6785345,42.3448023,-71.0825832,16.659,FF:37:7D:DD:3F:99,993fdd7d37ff1eff4c001219ffafbb0abc8a1a30cc68400d9caca0218184eeca53cee501ff,-57280.125801402086,115734.2827589897,-202996.59113280685,92954.3353764593,-170687.01445636383,-52722.57086041242,443,606,504,510,2063,1,1,2,ADV_NONCONN_IND,37,37,0,-1,0,42422596,42423231,56,32,8,pre_aa_hdr_payload
292.7468903064728,1769570687.3578904,42.3448023,-71.0825832,16.659,F4:A8:76:DD:B3:73,73b3dd76a8f41eff4c001219fe3de6a7568f394ff057520b124df3fa5eff6f55fe20b402fe,-60354.838625206045,126388.86646558979,-232357.28915650083,95101.2703047499,-180574.51100887847,-49830.89446637183,503,558,498,504,2063,1,1,2,ADV_NONCONN_IND,37,37,4,-1,0,42758820,42759455,55,32,8,pre_aa_hdr_payload
292.75671768188477,1769570687.3677177,42.3448023,-71.0825832,16.659,D8:38:74:10:90:F1,f190107438d80201060d16edfe020071d8a87faf98eae40303edfe,-37993.69215401687,113262.61828473766,-190284.5859223553,98857.80825511013,-184537.56899913834,-43026.219797106976,389,390,402,402,1583,1,1,0,ADV_IND,27,37,5,-1,0,42772029,42772663,55,32,8,pre_aa_hdr_payload
293.1857476234436,1769570687.7967477,42.3448023,-71.0825832,16.659,E5:88:CE:17:AA:00,00aa17ce88e51eff4c001219fd2af79e1a093344f32e02ce276f22c8cc05517c91f2f400fd,61031.7530616509,244889.0072162164,-74779.34620232576,206123.16945925885,-57208.6992672825,59280.019621195024,419,546,546,552,2063,1,1,2,ADV_NONCONN_IND,37,37,5,-1,0,42833573,42834208,55,32,8,pre_aa_hdr_payload
293.8756239414215,1769570688.486624,42.3448023,-71.0825832,16.659,40:1A:C8:CE:D0:2A,2ad0cec81a400201021816aafe407867a63dea8e053c09ee2254c4bdf654e8dacfec,-35831.257816940844,136552.2432833225,-178894.44768448273,124262.249279808,-180674.38407076406,-29799.920740854315,497,528,444,450,1919,1,1,0,ADV_IND,34,37,0,-1,0,42957758,42958392,56,32,7,pre_aa_hdr_payload
294.6842255592346,1769570689.2952256,42.3448023,-71.0825832,16.659,FF:89:39:DB:C7:00,00c7db3989ff1eff4c001219fc8b8cfaf5a0675635345867322841a16ec54b1961ab5101fc,-105889.191257653,100249.167308759,-231502.87932492027,57459.28870591186,-216571.93701448865,-99020.28350236504,419,726,456,462,2063,1,1,2,ADV_NONCONN_IND,37,37,5,-1,0,43066789,43067423,55,30,8,pre_aa_hdr_payload
294.699857711792,1769570689.3108578,42.3448023,-71.0825832,16.659,DB:AC:B4:26:E3:F7,f7e326b4acdb1eff4c001219fee423cbe2415261fadcb5a65536dcfc5f96af12ac2c4e02fe,-38347.76275781852,114257.59283536738,-220595.5108204082,101537.74497220691,-186419.3095839706,-42804.92426721469,563,498,498,504,2063,1,1,2,ADV_NONCONN_IND,37,37,0,-1,0,43087799,43088434,56,32,8,pre_aa_hdr_payload
295.11675906181335,1769570689.7277591,42.3448023,-71.0825832,16.659,E6:D0:EA:53:A0:86,86a053ead0e61eff4c001219fdf762e4efc0b2b19995cc4520f9950a94710006c71c8d03fd,105963.28458069789,225781.62742821546,-57238.44207459105,201081.10465975202,-43238.11736366665,87108.58576917974,605,396,528,534,2063,1,1,2,ADV_NONCONN_IND,37,37,0,-1,0,43145139,43145773,56,32,8,pre_aa_hdr_payload
296.08638739585876,1769570690.6973875,42.3448023,-71.0825832,16.659,DA:E8:5F:11:20:19,1920115fe8da1eff4c001219ff9c36e49442ac7ba90312ada041cef3680e62f0f80b3502ff,-41255.65176828514,125004.61358101877,-206050.40499052193,92179.1531156557,-165668.26437400244,-41154.39946001265,503,522,516,522,2063,1,1,2,ADV_NONCONN_IND,37,37,1,-1,0,43271679,43272313,56,32,8,pre_aa_hdr_payload
296.62700605392456,1769570691.238006,42.3448023,-71.0825832,16.659,FB:63:EE:7F:FD:A4,a4fd7fee63fb1eff4c001219fc5a560298f47d419b46fc38ff786acecefc69d25e2dc602fc,-69227.58876502559,63018.858603513705,-218279.7962627436,60274.59826967224,-187927.66388091413,-61277.20839501653,503,462,546,552,2063,1,1,2,ADV_NONCONN_IND,37,37,1,-1,0,43340735,43341369,56,32,8,pre_aa_hdr_payload
296.63842391967773,1769570691.249424,42.3448023,-71.0825832,16.659,E2:13:33:F1:C1:C8,c8c1f13313e21eff4c001219fef22d4156d61d548ec2cb0a528acb8a406a8971adcb1203fe,-53321.26988994653,93844.44108672871,-197786.5602606163,85717.82922381634,-173433.84270661336,-48620.9539534047,498,533,516,516,2063,1,1,2,ADV_NONCONN_IND,37,37,0,-1,0,43356082,43356716,56,32,8,pre_aa_hdr_payload
298.170117855072,1769570692.781118,42.3448023,-71.0825832,16.659,E1:FC:CE:0E:5A:80,805a0ecefce11eff4c001219ff725d496a2628055d3408e6c77b1b219a244b7b5fbe9c01ff,-66925.3383209958,113709.96614874675,-195223.68082293696,85649.08516114783,-170188.41800091407,-55345.63969157468,413,600,522,528,2063,1,1,2,ADV_NONCONN_IND,37,37,0,-1,0,43521364,43521998,56,32,8,pre_aa_hdr_payload
298.8699309825897,1769570693.480931,42.3448023,-71.0825832,16.659,C5:D5:6B:78:DE:3D,3dde786bd5c51eff4c001219fd5c47278a7b84561a29957cfe95a43cb18b6bf684a2eb02fd,72578.21632998015,193086.74675419877,-84109.60056534148,173766.18074428718,-47000.36449430301,65711.44293656861,635,444,492,492,2063,1,1,2,ADV_NONCONN_IND,37,37,5,-1,0,43628316,43628950,55,32,8,pre_aa_hdr_payload
299.9933898448944,1769570694.60439,42.3448023,-71.0825832,16.659,40:1A:C8:CE:D0:2A,2ad0cec81a400201021816aafe407867a63dea8e053c09ee2254c4bdf654e8dacfec,-36547.07587259153,134500.58697172912,-176598.04053804695,119806.58470233533,-184715.91074831312,-33367.48084796177,497,540,438,444,1919,1,1,0,ADV_IND,34,37,0,-1,0,43726402,43727036,56,32,8,pre_aa_hdr_payload
300.5631420612335,1769570695.1741421,42.3448023,-71.0825832,16.659,E0:6B:F6:AB:09:5F,5f09abf66be01eff4c001219fe148805bfcfb94fa7ef952525c37f1a28890b6082f04f00fe,-56753.084214000875,120173.41027485512,-220899.93492022122,90107.63418859054,-187195.27396936377,-53756.534629103575,497,540,510,516,2063,1,1,2,ADV_NONCONN_IND,37,37,5,-1,0,43839993,43840628,55,32,8,pre_aa_hdr_payload
301.948858499527,1769570696.5598586,42.3448023,-71.0825832,16.659,40:1A:C8:CE:D0:2A,2ad0cec81a400201021816aafe407867a63dea8e053c09ee2254c4bdf654e8dacfec,-33807.93878094959,148272.24463435353,-196111.55017855985,129308.68676461227,-171822.42891081597,-29160.048347541047,497,528,444,450,1919,1,1,0,ADV_IND,34,37,4,-1,0,44001273,44001908,55,32,8,pre_aa_hdr_payload
302.5550558567047,1769570697.166056,42.3448023,-71.0825832,16.659,C9:E9:65:DB:B4:6D,6db4db65e9c91eff4c001219fc1b88459c0a353a91fbf0ba27effb9825ec8b6734b4a003fc,-95205.52317839688,88592.92074694042,-229875.64711061906,63355.1119625077,-218479.97733641454,-76270.46852325177,431,618,504,510,2063,1,1,2,ADV_NONCONN_IND,37,37,0,-1,0,44064386,44065020,56,32,8,pre_aa_hdr_payload
302.56617999076843,1769570697.17718,42.3448023,-71.0825832,16.659,FA:4D:CB:3D:0E:ED,ed0e3dcb4dfa1eff4c001219fe87c7aaef9c67aadfa5f4379cf5b18d5db865e459ed3900fe,-61769.9328720865,115654.2081747281,-217512.07713415482,88131.09581375617,-182597.6525827365,-53991.27063857803,497,540,510,516,2063,1,1,2,ADV_NONCONN_IND,37,37,5,-1,0,44079338,44079973,55,32,8,pre_aa_hdr_payload
304.1304340362549,1769570698.741434,42.3448023,-71.0825832,16.659,40:1A:C8:CE:D0:2A,2ad0cec81a400201021816aafe407867a63dea8e053c09ee2254c4bdf654e8dacfec,-26890.337408756153,170561.03578270358,-195554.93480665068,126964.54831756801,-200798.79704964475,-29455.06608895034,491,534,444,450,1919,1,1,0,ADV_IND,34,37,0,-1,0,44244028,44244663,56,32,8,pre_aa_hdr_payload
305.0184133052826,1769570699.6294134,42.3448023,-71.0825832,16.659,EE:9C:EC:CA:B5:03,03b5caec9cee1eff4c001219fdac5660cc48148a738c9f918fe666e78548841568f7a202fd,76957.8474688409,234799.53712719723,-77789.22384354667,213665.53528473686,-53549.54608757518,66820.22006103642,485,516,528,534,2063,1,1,2,ADV_NONCONN_IND,37,37,0,-1,0,44423461,44424095,56,32,8,pre_aa_hdr_payload
306.6357946395874,1769570701.2467947,42.3448023,-71.0825832,16.659,E5:DB:29:83:3E:2D,2d3e8329dbe51eff4c001219fc5b258125baf2d8ce294ceaa42fe97ec804aed2c9d18d03fc,-108128.25533698512,74855.59298062538,-243211.6487437619,49518.9357697281,-218308.74743116947,-102163.58857818878,437,588,516,522,2063,1,1,2,ADV_NONCONN_IND,37,37,0,-1,0,44643105,44643740,56,32,8,pre_aa_hdr_payload
306.65065574645996,1769570701.2616558,42.3448023,-71.0825832,16.659,D7:4D:37:22:B0:17,17b022374dd71eff4c001219fe056a05945a8826d6c9e4620205a8cd187e81647f06c701fe,-36974.937421271236,96087.4454890369,-206296.2811109568,94020.64885040511,-164047.15914550837,-43255.713767746376,575,522,480,486,2063,1,1,2,ADV_NONCONN_IND,37,37,2,-1,0,44663081,44663715,56,32,8,pre_aa_hdr_payload
308.5844509601593,1769570703.195451,42.3448023,-71.0825832,16.659,C4:ED:D1:A4:CD:7C,7ccda4d1edc41eff4c001219fc5b6b5dfe1d5a890d6e7e72d36d1f58c98dabc07ce76902fc,-103041.82056923553,90339.65874932487,-171422.93661970945,80536.75673471624,-186441.42483049943,-89486.87662487262,299,1014,372,378,2063,1,1,2,ADV_NONCONN_IND,37,37,5,-1,0,44902100,44902734,55,32,8,pre_aa_hdr_payload
310.11752223968506,1769570704.7285223,42.3448023,-71.0825832,16.659,F9:1B:22:4E:8F:36,368f4e221bf91eff4c001219ff466bfdf24fb9f353f4ab446b2b06183d9a134ec8449b03ff,-37040.97681290775,114573.1656520164,-184047.67345107897,88767.14284526506,-142622.70905617546,-36605.63056478904,485,552,510,516,2063,1,1,2,ADV_NONCONN_IND,37,37,5,-1,0,45100148,45100782,55,32,8,pre_aa_hdr_payload
310.12380385398865,1769570704.734804,42.3448023,-71.0825832,16.659,40:1A:C8:CE:D0:2A,2ad0cec81a400201021816aafe407867a63dea8e053c09ee2254c4bdf654e8dacfec,-32273.156140855892,125797.94547558701,-159700.98186598817,107747.75767675783,-186893.14620793733,-31532.079989636484,497,528,444,450,1919,1,1,0,ADV_IND,34,37,0,-1,0,45108591,45109225,56,32,8,pre_aa_hdr_payload
310.6347692012787,1769570705.2457693,42.3448023,-71.0825832,16.659,EE:25:D6:93:9B:90,909b93d625ee1eff4c001219fcc4fc39850253faafc6f08ad200a307af3f7c49126b9e02fc,-98410.64636947098,61367.50730565169,-239047.0909051621,63084.862824461314,-213652.5353266778,-85496.37113690797,461,540,528,534,2063,1,1,2,ADV_NONCONN_IND,37,37,0,-1,0,45178113,45178747,56,32,8,pre_aa_hdr_payload
311.1708688735962,1769570705.781869,42.3448023,-71.0825832,16.659,D2:C4:45:B9:6E:CA,ca6eb945c4d21eff4c001219fd11427e9afe589832565c1baed954a839b202ff5e4bba03fd,79366.73424144731,232323.16141507824,-68808.71847708596,223587.08871380377,-60322.666984854215,72323.94484081268,545,552,480,486,2063,1,1,2,ADV_NONCONN_IND,37,37,0,-1,0,45246470,45247105,56,32,8,pre_aa_hdr_payload
312.1027989387512,1769570706.713799,42.3448023,-71.0825832,16.659,F6:29:B7:E7:D1:DF,dfd1e7b729f61eff4c001219ff2bb7b45bfe21ae4d1ca7bb84d16d4ece5c9ece1b2faa03ff,-52063.668421913935,134445.09717427177,-213040.0944212384,98872.20439942426,-179711.18238695097,-52622.261993490596,467,606,492,498,2063,1,1,2,ADV_NONCONN_IND,37,37,5,-1,0,45365352,45365986,55,32,8,pre_aa_hdr_payload
313.2215778827667,1769570707.832578,42.3448023,-71.0825832,16.659,CA:B1:E7:35:5E:12,125e35e7b1ca1eff4c001219fdd9458a92640a7a73747c09f558296f3523774e414a6203fd,92982.26102632449,263114.57221921143,-87255.51515723363,215826.16671429452,-44836.97245393502,86065.17981037917,515,450,546,552,2063,1,1,2,ADV_NONCONN_IND,37,37,0,-1,0,45488062,45488696,56,32,8,pre_aa_hdr_payload
315.0215263366699,1769570709.6325264,42.3448023,-71.0825832,16.659,E5:D1:57:5A:41:4D,4d415a57d1e51eff4c001219fda8eb96e0d5d4863bd62d0cdd4f3e06bb7862fccff2e503fd,77644.10361194583,233213.0635098699,-64100.06650963807,185580.77359730453,-36706.681771607,71572.40315614399,473,468,558,564,2063,1,1,2,ADV_NONCONN_IND,37,37,0,-1,0,45738365,45738999,56,32,8,pre_aa_hdr_payload
316.65161204338074,1769570711.262612,42.3448023,-71.0825832,16.659,CC:83:49:B2:48:4D,4d48b24983cc1eff4c001219fe9817eaababc8f7575781505b6fe9cfa59f96506f76e801fe,-73285.63894476344,94593.10376070155,-171407.8745572278,71735.45525368353,-162142.429447943,-56163.955379848616,431,660,486,486,2063,1,1,2,ADV_NONCONN_IND,37,37,1,-1,0,45985838,45986473,56,32,8,pre_aa_hdr_payload
318.3254041671753,1769570712.9364042,42.3448023,-71.0825832,16.659,40:1A:C8:CE:D0:2A,2ad0cec81a400201021816aafe407867a63dea8e053c09ee2254c4bdf654e8dacfec,-33980.51845162736,170293.75534100103,-189768.85011286754,109603.34995866941,-167466.80584082528,-31827.425089697834,467,564,444,444,1919,1,1,0,ADV_IND,34,37,0,-1,0,46208725,46209360,56,32,8,pre_aa_hdr_payload
318.77648401260376,1769570713.387484,42.3448023,-71.0825832,16.659,D9:86:9C:94:FB:DE,defb949c86d91eff4c001219fc37270833bcbcd1949448a82f603c87f96f46e980afb503fc,-82674.41699193107,70060.51596264442,-231926.9518302601,61425.7020284798,-211892.5625498481,-77903.03557058016,509,540,504,510,2063,1,1,2,ADV_NONCONN_IND,37,37,1,-1,0,46273024,46273658,56,32,8,pre_aa_hdr_payload
318.7871000766754,1769570713.3981001,42.3448023,-71.0825832,16.659,DE:3F:7C:23:01:9F,9f01237c3fde1eff4c001219fe15affdd5e184c5b0dc2549055f9288191f34d34f110801fe,-82946.26563608529,121040.11385711753,-220998.26705966287,93279.42636283253,-198346.24380550135,-61643.87025479911,461,600,498,504,2063,1,1,2,ADV_NONCONN_IND,37,37,0,-1,0,46287293,46287927,56,32,7,pre_aa_hdr_payload
320.2092900276184,1769570714.82029,42.3448023,-71.0825832,16.659,40:1A:C8:CE:D0:2A,2ad0cec81a400201021816aafe407867a63dea8e053c09ee2254c4bdf654e8dacfec,-29350.166008998567,151695.27189779302,-186563.42407240166,127875.87342132725,-184915.1298758682,-27367.239152619073,503,534,438,444,1919,1,1,0,ADV_IND,34,37,1,-1,0,46557757,46558391,56,32,8,pre_aa_hdr_payload
320.6805284023285,1769570715.2915285,42.3448023,-71.0825832,16.659,C1:FE:23:B5:93:B5,b593b523fec11eff4c001219fe1d1c4e7a72d43f474811d0d12afd9efe1f961d2daa2d01fe,-39685.170717554065,95617.40647239103,-190909.9047582988,86422.73716413106,-169702.30170795775,-41825.570930599104,515,474,534,540,2063,1,1,2,ADV_NONCONN_IND,37,37,4,-1,0,46631678,46632313,55,32,8,pre_aa_hdr_payload
322.8745880126953,1769570717.485588,42.3448023,-71.0825832,16.659,E6:F5:60:5A:93:85,85935a60f5e61eff4c001219fea94d2a1810285675d215d64ed27ae945f5c1d7bff0a802fe,-63574.290983997875,64861.0623419328,-169481.48733047096,77472.71497471815,-176384.0405870347,-53158.27871882399,479,510,534,540,2063,1,1,2,ADV_NONCONN_IND,37,37,1,-1,0,47007500,47008134,56,32,8,pre_aa_hdr_payload
323.24462151527405,1769570717.8556216,42.3448023,-71.0825832,16.659,F4:D1:03:4B:91:02,02914b03d1f41eff4c001219fd7a1d86b6e9653342cbfe7831c4c2707d2c6b433fe64503fd,88785.17380808623,244649.4216972132,-81638.67605605684,215660.26941499236,-57180.93643417068,74963.74025898577,557,480,510,516,2063,1,1,2,ADV_NONCONN_IND,37,37,0,-1,0,47097275,47097910,56,32,8,pre_aa_hdr_payload
323.9804856777191,1769570718.5914857,42.3448023,-71.0825832,16.659,C4:4D:77:5A:A1:53,53a15a774dc41eff4c001219ff2e11f666c68ac674927a90e14c6730d268e62675e3fb02ff,-14052.368965111842,151435.61718993602,-215936.43363341663,99687.4862940652,-155801.08969089793,-25676.631752273937,557,480,510,516,2063,1,1,2,ADV_NONCONN_IND,37,37,4,-1,0,47249672,47250306,55,32,8,pre_aa_hdr_payload
324.98604583740234,1769570719.597046,42.3448023,-71.0825832,16.659,DE:6D:D4:3D:23:96,96233dd46dde1eff4c001219fe38673089b4e3345c8447f016941ac48abddef7139e2303fe,-82397.87970749581,116027.14656089224,-217255.6081944878,91771.48134676446,-202209.00200135852,-64191.76694903368,492,635,468,468,2063,1,1,2,ADV_NONCONN_IND,37,37,5,-1,0,47386547,47387181,55,29,8,pre_aa_hdr_payload
325.3510067462921,1769570719.9620068,42.3448023,-71.0825832,16.659,E6:DD:3E:3A:BB:84,84bb3a3edde61eff4c001219fd14500240f7a7756df95a48ad6aff56bbf22fed99708202fd,80582.79962152752,237369.90023825987,-58261.396108028566,213481.20112771835,-62112.902083209825,71409.2816179985,491,522,522,528,2063,1,1,2,ADV_NONCONN_IND,37,37,1,-1,0,47470847,47471482,56,32,8,pre_aa_hdr_payload
326.50877571105957,1769570721.1197758,42.3448023,-71.0825832,16.659,40:1A:C8:CE:D0:2A,2ad0cec81a400201021816aafe407867a63dea8e053c09ee2254c4bdf654e8dacfec,-30452.03204894113,170088.6911479111,-205809.9683920743,130223.36483974777,-191026.3465981773,-27348.291307160598,491,534,444,450,1919,1,1,0,ADV_IND,34,37,4,-1,0,47698060,47698694,55,32,8,pre_aa_hdr_payload
328.46814012527466,1769570723.0791402,42.3448023,-71.0825832,16.659,C4:77:82:EA:46:3A,3a46ea8277c41eff4c001219ff28fc42869ed694275f46f8f3fd9e5b25d8874843fa5702ff,-54609.81709531192,108903.66598439944,-201671.02439027227,92053.71889951371,-157094.02027962552,-49663.41295399913,431,558,534,540,2063,1,1,2,ADV_NONCONN_IND,37,37,0,-1,0,47979186,47979820,56,32,8,pre_aa_hdr_payload
329.1582975387573,1769570723.7692976,42.3448023,-71.0825832,16.659,D8:75:84:08:38:63,6338088475d81eff4c001219fda0c9d84068e63691f92a468d467615de12b0495aa28401fd,86386.17658023039,231727.15531705305,-87906.82230928849,220955.40416529955,-56680.759743649345,77473.13596689003,605,444,504,510,2063,1,1,2,ADV_NONCONN_IND,37,37,5,-1,0,48165578,48166212,55,32,8,pre_aa_hdr_payload
331.01861357688904,1769570725.6296136,42.3448023,-71.0825832,16.659,F4:1C:85:D8:CE:65,65ced8851cf41eff4c001219fd2e0fa60ac2379855e7179f07fd8ed1fe3b6bba236d8601fd,91410.27875692982,185760.5526328392,-56701.47742234522,196599.57607998225,-36167.909592448304,83507.98030344288,653,408,498,504,2063,1,1,2,ADV_NONCONN_IND,37,37,0,-1,0,48407984,48408619,56,31,7,pre_aa_hdr_payload
332.0917081832886,1769570726.7027082,42.3448023,-71.0825832,16.659,CA:72:B3:54:F4:80,80f454b372ca1eff4c001219ffad7b3f6a4279a45f7c320131d457bdfef7b6fe2a571401ff,-43874.15775831137,110442.96375991008,-192172.74527423544,92231.9138585728,-174690.49549668678,-45240.70432774081,497,576,492,498,2063,1,1,2,ADV_NONCONN_IND,37,37,0,-1,0,48521710,48522345,56,32,8,pre_aa_hdr_payload
332.5807819366455,1769570727.191782,42.3448023,-71.0825832,16.659,C4:62:10:49:B7:1A,1ab7491062c41eff4c001219fc9e1eea6d4a36ffacdbcc797721b53d1812e50875bc4503fc,-78659.75985782896,92402.43636603846,-235733.3145457469,63533.91696314871,-208549.73466681511,-73568.25541765493,527,606,462,468,2063,1,1,2,ADV_NONCONN_IND,37,37,0,-1,0,48584658,48585292,56,32,8,pre_aa_hdr_payload
333.7318956851959,1769570728.3428957,42.3448023,-71.0825832,16.659,D9:B1:EE:A8:F2:7B,7bf2a8eeb1d91eff4c001219ffac8c3f896f016bc727cef5eebeacd670d827fd32bb3300ff,-79091.4064696794,70489.29029543966,-176616.71038064384,87593.44773279251,-173909.29556719467,-60978.926821153436,377,612,534,540,2063,1,1,2,ADV_NONCONN_IND,37,37,5,-1,0,48754862,48755496,55,32,8,pre_aa_hdr_payload
334.2777304649353,1769570728.8887305,42.3448023,-71.0825832,16.659,40:1A:C8:CE:D0:2A,2ad0cec81a400201021816aafe407867a63dea8e053c09ee2254c4bdf654e8dacfec,-37522.16364065616,115826.23602635774,-134512.46128112677,97808.42373268623,-173934.7417473486,-29722.592160563196,485,564,432,438,1919,1,1,0,ADV_IND,34,37,4,-1,0,48783884,48784518,56,32,8,pre_aa_hdr_payload
334.29526114463806,1769570728.9062612,42.3448023,-71.0825832,16.659,FE:09:6C:32:4C:18,184c326c09fe1eff4c001219fc311676c3d991e0008e79887674e378fe43705c360ea802fc,-85714.43458913348,77904.73665790525,-251399.73101244651,69179.98263628317,-213716.192002608,-75532.55143554746,515,546,498,504,2063,1,1,2,ADV_NONCONN_IND,37,37,0,-1,0,48807447,48808082,56,32,8,pre_aa_hdr_payload
334.9069755077362,1769570729.5179756,42.3448023,-71.0825832,16.659,DA:C7:E1:9C:CD:13,13cd9ce1c7da1eff4c001219fde7ce247170ca940880442b364bcd611117ded50717e203fd,73160.66782710611,244806.21849713908,-71348.09551818075,202484.3385062763,-54985.447092056376,68236.64886919426,473,504,540,546,2063,1,1,2,ADV_NONCONN_IND,37,37,1,-1,0,48863191,48863825,56,32,8,pre_aa_hdr_payload
335.5445439815521,1769570730.155544,42.3448023,-71.0825832,16.659,C9:C4:A2:4B:05:3B,3b054ba2c4c91eff4c001219ff8fe7bd444fc6dc700fd553aa0bc2c9b0c7c0deec8c7502ff,-51783.15397523727,138144.80207391205,-210757.51704563582,96109.78498726992,-167561.1714075722,-56260.99233726907,389,600,534,540,2063,1,1,2,ADV_NONCONN_IND,37,37,5,-1,0,48938900,48939534,55,31,8,pre_aa_hdr_payload
336.352650642395,1769570730.9636507,42.3448023,-71.0825832,16.659,40:1A:C8:CE:D0:2A,2ad0cec81a400201021816aafe407867a63dea8e053c09ee2254c4bdf654e8dacfec,-32506.641889114402,168232.51417609822,-211086.95371979522,127543.02928020539,-184414.8210482062,-31371.893246460328,497,528,444,450,1919,1,1,0,ADV_IND,34,37,4,-1,0,48987106,48987740,55,32,8,pre_aa_hdr_payload
336.3619809150696,1769570730.972981,42.3448023,-71.0825832,16.659,F2:54:C6:AB:C6:88,88c6abc654f21eff4c001219fc53f9b51ce66d70786dc77db4c6bb68c5d22171454e7901fc,-101820.10605352081,67935.24416348964,-231425.06695970744,58180.695345806686,-204327.66987737126,-82059.92576837596,461,588,504,510,2063,1,1,2,ADV_NONCONN_IND,37,37,5,-1,0,48999647,49000282,55,32,8,pre_aa_hdr_payload
336.37399339675903,1769570730.9849935,42.3448023,-71.0825832,16.659,D7:9F:32:45:60:EC,ec6045329fd71eff4c001219fea3b1d746a2842e1533cfc1d4708af9b01bbff58ff87a01fe,-66270.34452295129,82046.9514577306,-184552.65095405336,77799.81112887218,-183880.80286940574,-57853.8075166651,473,576,504,510,2063,1,1,2,ADV_NONCONN_IND,37,37,0,-1,0,49015793,49016427,56,32,8,pre_aa_hdr_payload
336.9210789203644,1769570731.532079,42.3448023,-71.0825832,16.659,E8:F3:50:E3:78:2E,2e78e350f3e81eff4c001219fd14155b578d76eb3e5bb4bfeefe1f9336665361545af600fd,63636.08285173792,239580.65770374256,-76652.41844771618,206900.34416813828,-55221.99661177903,66817.5580443391,479,558,510,516,2063,1,1,2,ADV_NONCONN_IND,37,37,5,-1,0,49054562,49055197,55,32,8,pre_aa_hdr_payload
338.36016726493835,1769570732.9711673,42.3448023,-71.0825832,16.659,CC:28:7E:10:B3:FC,fcb3107e28cc1eff4c001219fc1014f390be9eeed119004408157ac8189834bce8440503fc,-96575.9294896095,72305.9958917914,-244101.8660588855,58445.178718711904,-209582.33519407435,-79225.48568448622,473,528,528,534,2063,1,1,2,ADV_NONCONN_IND,37,37,0,-1,0,49213979,49214613,56,32,8,pre_aa_hdr_payload
338.85560941696167,1769570733.4666095,42.3448023,-71.0825832,16.659,D0:C9:90:A8:E5:40,40e5a890c9d01eff4c001219fed4381c0b501b1cac5f263de5d9d2053d892d6b4b22c503fe,-84910.891291199,131376.19902342046,-238357.1259243503,94489.64174175834,-192414.22497990436,-63356.591244655116,491,642,462,468,2063,1,1,2,ADV_NONCONN_IND,37,37,1,-1,0,49238442,49239076,56,31,8,pre_aa_hdr_payload
339.19152069091797,1769570733.8025208,42.3448023,-71.0825832,16.659,C9:84:10:51:94:E6,e694511084c91eff4c001219fd09467d4979af9d25f481cfea4edbe9db87f86da0e13b00fd,72052.37002568548,258517.39299645775,-89106.39246768449,211195.5589672971,-56089.19719244706,74243.6091960213,479,510,534,540,2063,1,1,2,ADV_NONCONN_IND,37,37,5,-1,0,49310579,49311213,55,32,8,pre_aa_hdr_payload
340.2499964237213,1769570734.8609965,42.3448023,-71.0825832,16.659,E7:8B:3D:05:35:D8,d835053d8be71eff4c001219ffa86384c147b7f87314a4d98eb5403107f88bc5f8830803ff,-39417.90754936512,111311.6984821484,-199648.33955753848,101604.00462210816,-168852.4952946874,-41893.18255124008,449,504,552,558,2063,1,1,2,ADV_NONCONN_IND,37,37,5,-1,0,49514547,49515181,55,32,8,pre_aa_hdr_payload
340.9648494720459,1769570735.5758495,42.3448023,-71.0825832,16.659,40:1A:C8:CE:D0:2A,2ad0cec81a400201021816aafe407867a63dea8e053c09ee2254c4bdf654e8dacfec,-38614.22551321291,188941.74831463207,-227137.2782464919,116868.78533302994,-178009.9261637517,-32090.31280643707,497,528,444,450,1919,1,1,0,ADV_IND,34,37,3,-1,0,49617195,49617829,55,32,8,pre_aa_hdr_payload
340.97541093826294,1769570735.586411,42.3448023,-71.0825832,16.659,F7:5F:E1:9A:F1:98,98f19ae15ff71eff4c001219fc495952f8440f07f40732c609ca736b9d6fcf012afb5901fc,-96818.47946809261,89003.68246615195,-255559.09649475038,59620.82961251914,-207464.71781405786,-81189.56326576014,461,576,510,516,2063,1,1,2,ADV_NONCONN_IND,37,37,5,-1,0,49631391,49632026,55,32,8,pre_aa_hdr_payload
344.72939896583557,1769570739.340399,42.3448023,-71.0825832,16.659,40:1A:C8:CE:D0:2A,2ad0cec81a400201021816aafe407867a63dea8e053c09ee2254c4bdf654e8dacfec,-35650.823428705786,178080.90521207894,-223464.12080283926,114344.05235076816,-172883.03411798927,-36070.90891028757,491,522,450,456,1919,1,1,0,ADV_IND,34,37,0,-1,0,50258834,50259469,56,31,8,pre_aa_hdr_payload
344.730427980423,1769570739.341428,42.3448023,-71.0825832,16.659,E4:E9:60:45:55:2F,2f554560e9e41eff4c001219fc6a537a8224a2f2234fd423483ef84369fbd680b50f0202fc,-90546.5657611856,93644.59636181366,-241264.56684156207,61645.32332292736,-210249.9402436426,-76717.63115765319,461,576,510,516,2063,1,1,2,ADV_NONCONN_IND,37,37,5,-1,0,50260217,50260851,55,32,8,pre_aa_hdr_payload
345.40717482566833,1769570740.018175,42.3448023,-71.0825832,16.659,E0:40:0D:25:1F:D1,d11f250d40e01eff4c001219fd1a69aaa2367f866cb3d2b6d29fb1a61761433905f8a503fd,78560.60827822905,252329.72095239352,-61596.26798680002,195548.47854651127,-47687.746106493,77661.51359187427,479,522,528,534,2063,1,1,2,ADV_NONCONN_IND,37,37,0,-1,0,50357346,50357980,56,32,8,pre_aa_hdr_payload
346.1362144947052,1769570740.7472146,42.3448023,-71.0825832,16.659,CC:13:DC:8C:91:A4,a4918cdc13cc1eff4c001219ffa6d6ce80898b0f925d75066cd039687d41ee4dab8eb503ff,-55542.340689656936,124198.008083702,-217908.6638884592,92784.94823650074,-165812.71489681565,-51400.61129262832,443,582,516,522,2063,1,1,2,ADV_NONCONN_IND,37,37,4,-1,0,50522074,50522709,55,32,8,pre_aa_hdr_payload
346.8208363056183,1769570741.4318364,42.3448023,-71.0825832,16.659,C6:39:6B:ED:AB:EC,ecabed6b39c61eff4c001219fcc1b474f0d277129048d9f12b7b0864380fbc4b79e59f01fc,-94708.71940767906,73389.64176003468,-247343.08006955404,62563.005180960514,-212513.53799650123,-81928.86480754717,503,570,492,498,2063,1,1,2,ADV_NONCONN_IND,37,37,0,-1,0,50631131,50631766,56,32,8,pre_aa_hdr_payload
346.8233017921448,1769570741.4343019,42.3448023,-71.0825832,16.659,40:1A:C8:CE:D0:2A,2ad0cec81a400201021816aafe407867a63dea8e053c09ee2254c4bdf654e8dacfec,-39323.31298660889,117919.44172150166,-158334.4420002793,103993.67465159255,-172510.1160222038,-34073.10898637429,491,534,444,450,1919,1,1,0,ADV_IND,34,37,1,-1,0,50634446,50635080,56,32,8,pre_aa_hdr_payload
346.8368492126465,1769570741.4478493,42.3448023,-71.0825832,16.659,FE:C6:1F:26:F8:54,54f8261fc6fe1eff4c001219fe16e159dc907f88b3af4fd82d4e2aa92a88cd007000a701fe,-51748.40894517296,121256.90542396983,-218647.06559139772,84144.2887669552,-183526.97583870214,-50735.38195013026,509,540,504,510,2063,1,1,2,ADV_NONCONN_IND,37,37,5,-1,0,50652655,50653289,55,32,8,pre_aa_hdr_payload
347.4994833469391,1769570742.1104834,42.3448023,-71.0825832,16.659,E1:8A:93:C5:03:EB,eb03c5938ae11eff4c001219fd7d5992b1729e7acaf582f62b3e945292d0054605e1ba00fd,85060.10958044621,240004.24918139106,-78301.81433529014,217037.86430921598,-48734.2160662748,76537.50465667601,509,492,528,534,2063,1,1,2,ADV_NONCONN_IND,37,37,0,-1,0,50729470,50730105,56,32,8,pre_aa_hdr_payload
348.23924946784973,1769570742.8502495,42.3448023,-71.0825832,16.659,E6:61:9C:4D:A9:50,50a94d9c61e61eff4c001219ff40985bb4594582cfb3b3cd18eb4d6c741dae4f2d063502ff,-51482.76083213392,135119.49633734318,-209626.2992123535,86865.720982515,-171462.1474817578,-48814.3196587346,485,576,498,504,2063,1,1,2,ADV_NONCONN_IND,37,37,0,-1,0,50903240,50903875,56,31,8,pre_aa_hdr_payload
349.0353310108185,1769570743.646331,42.3448023,-71.0825832,16.659,F5:AC:27:AE:BE:49,49beae27acf51eff4c001219fc0b2e0d6e4b28b902d1e1bbf12ce544c12e7090da7a4502fc,-93904.9555515523,61644.352619887046,-241068.80590502752,63105.53866585323,-207969.18377929213,-81100.52996124658,485,540,516,522,2063,1,1,2,ADV_NONCONN_IND,37,37,0,-1,0,50999474,51000109,56,32,8,pre_aa_hdr_payload
349.41016244888306,1769570744.0211625,42.3448023,-71.0825832,16.659,D4:CB:E3:FE:24:CF,cf24fee3cbd41eff4c001219fd214c4905c1369e698b9a53daf7b661c9c3f844eff26f00fd,94503.3512715459,247409.9522436641,-50902.79755996938,205028.51579487152,-41794.66025896702,92426.63171590566,509,408,570,576,2063,1,1,2,ADV_NONCONN_IND,37,37,0,-1,0,51083602,51084237,56,32,8,pre_aa_hdr_payload
350.2083032131195,1769570744.8193033,42.3448023,-71.0825832,16.659,D1:53:B1:0B:38:41,41380bb153d11eff4c001219ffeca7645f0dc0a91f29f2537f62f8c7487e18c883bd0a02ff,-71354.24642887988,130585.95101861646,-220744.8189036624,100078.89898097876,-181300.55332897892,-62681.622914464235,419,618,510,516,2063,1,1,2,ADV_NONCONN_IND,37,37,5,-1,0,51236369,51237003,55,32,8,pre_aa_hdr_payload
350.56255435943604,1769570745.1735544,42.3448023,-71.0825832,16.659,D1:74:87:B6:ED:BC,bcedb68774d11eff4c001219fc2128a723f73da40ba99bad6319c73b7d5cf17bd07df602fc,-63732.70868429723,59924.90137190089,-205851.5076489301,64070.523609041426,-192240.31640220387,-62133.43680299444,563,498,498,504,2063,1,1,2,ADV_NONCONN_IND,37,37,1,-1,0,51308962,51309597,56,32,8,pre_aa_hdr_payload
351.269522190094,1769570745.8805223,42.3448023,-71.0825832,16.659,C4:B7:F0:89:F7:9D,9df789f0b7c41eff4c001219fdd43be7ddd2a8d22461e3878c8e8c794c942ecc117dc100fd,92075.77397083896,254799.1835640196,-70429.89816620297,210246.841105803,-57093.977653739086,81099.69588085609,539,474,522,528,2063,1,1,2,ADV_NONCONN_IND,37,37,0,-1,0,51383538,51384173,56,32,8,pre_aa_hdr_payload
352.20340943336487,1769570746.8144095,42.3448023,-71.0825832,16.659,CE:E9:37:72:00:88,88007237e9ce1eff4c001219ff97cab5f410c3d383a46d4660bc2d21db29eac1619dce03ff,-49275.346853393814,125156.14964857722,-201326.41748079413,94122.14239546926,-178847.10264966817,-45242.77161727348,509,576,486,492,2063,1,1,2,ADV_NONCONN_IND,37,37,0,-1,0,51545374,51546008,56,32,8,pre_aa_hdr_payload
352.5810384750366,1769570747.1920385,42.3448023,-71.0825832,16.659,DA:7C:EA:47:BC:F4,f4bc47ea7cda1eff4c001219fc2b9392e4b119d72d8f58a865fd2724d6b2a7d44900ee01fc,-72443.56911098413,90515.70083575347,-243552.83738261453,60033.580109999486,-214163.03874348197,-68702.56260129929,557,516,492,498,2063,1,1,2,ADV_NONCONN_IND,37,37,5,-1,0,51592938,51593573,55,32,8,pre_aa_hdr_payload
352.5879120826721,1769570747.1989121,42.3448023,-71.0825832,16.659,FF:B9:6B:37:C6:A0,a0c6376bb9ff1eff4c001219fe9ed2fd250ec8c94cb72594c57d5deb325b3d3ffc421c01fe,-87310.8703587495,79801.155786145,-219534.00021773402,84951.79349211855,-173839.64609304644,-75700.69822647885,383,654,510,516,2063,1,1,2,ADV_NONCONN_IND,37,37,0,-1,0,51602176,51602811,56,32,7,pre_aa_hdr_payload
352.5891582965851,1769570747.2001584,42.3448023,-71.0825832,16.659,40:1A:C8:CE:D0:2A,2ad0cec81a400201021816aafe407867a63dea8e053c09ee2254c4bdf654e8dacfec,-34757.17499444501,172447.9499229825,-221678.7815428214,120081.59395913189,-179581.1028056918,-35998.507383709766,503,522,444,450,1919,1,1,0,ADV_IND,34,37,1,-1,0,51603851,51604485,56,31,8,pre_aa_hdr_payload
353.22816252708435,1769570747.8391626,42.3448023,-71.0825832,16.659,F2:16:67:45:CB:EB,ebcb456716f21eff4c001219fd94e07c7c454b2e6be74ad8a63a462fd93d6d2975fc2b02fd,80461.32186104468,246211.86872936314,-69805.27944651018,213046.39370912695,-48216.53236536306,79032.98677820658,491,534,516,522,2063,1,1,2,ADV_NONCONN_IND,37,37,0,-1,0,51647888,51648522,56,31,8,pre_aa_hdr_payload
353.944219827652,1769570748.55522,42.3448023,-71.0825832,16.659,EB:83:2B:97:9C:51,519c972b83eb1eff4c001219ffdf439112995584e205501ffa51ca84e4903c9f068b8603ff,-67998.026646534,121398.57545242507,-209841.63995560815,92977.50911096568,-172826.19599353685,-57752.63416307735,437,624,498,504,2063,1,1,2,ADV_NONCONN_IND,37,37,0,-1,0,51749792,51750427,56,31,8,pre_aa_hdr_payload
354.43275356292725,1769570749.0437536,42.3448023,-71.0825832,16.659,D2:15:56:8A:24:DA,da248a5615d21eff4c001219fc4aa84e43d1c0cabb9353037f2c59a31a81dcdb02c76102fc,-123531.04341648186,73598.0163064014,-232614.3068012128,53564.791258286365,-195243.0756407602,-95935.84666699413,377,696,492,498,2063,1,1,2,ADV_NONCONN_IND,37,37,5,-1,0,51801260,51801894,55,32,8,pre_aa_hdr_payload
355.0530250072479,1769570749.664025,42.3448023,-71.0825832,16.659,D2:7B:CC:67:83:07,078367cc7bd21eff4c001219fd5c1b367ddb7540e6aabe97c112b78f09b7e7d7692ecc00fd,79844.84748406461,212736.60001145556,-71826.81082849766,192657.23444525513,-53354.994582232546,74546.48276038474,593,456,504,510,2063,1,1,2,ADV_NONCONN_IND,37,37,5,-1,0,51869849,51870484,55,32,8,pre_aa_hdr_payload
355.769003868103,1769570750.380004,42.3448023,-71.0825832,16.659,CE:2C:C2:9B:A6:FB,fba69bc22cce1eff4c001219ffc3be1bca1c13d271f268c4b0cb8e6967728dde68b5d303ff,-36387.61941435435,136557.549844398,-168007.86200032214,96462.12646567027,-163160.55600416014,-42261.425480324106,461,696,450,456,2063,1,1,2,ADV_NONCONN_IND,37,37,1,-1,0,51948797,51949432,56,32,8,pre_aa_hdr_payload
356.44870495796204,1769570751.059705,42.3448023,-71.0825832,16.659,DD:5E:0A:35:D5:1B,1bd5350a5edd1eff4c001219fead790a11a5ff2b9f73405650f6ef538640b4c419ea2303fe,-61566.77743265653,125071.06695632382,-223183.17548922152,93118.67804255453,-189316.2555372853,-52160.57126039162,479,534,522,528,2063,1,1,2,ADV_NONCONN_IND,37,37,5,-1,0,52026029,52026663,55,32,8,pre_aa_hdr_payload
356.4531099796295,1769570751.06411,42.3448023,-71.0825832,16.659,40:1A:C8:CE:D0:2A,2ad0cec81a400201021816aafe407867a63dea8e053c09ee2254c4bdf654e8dacfec,-37580.79298851014,155819.98305755862,-205054.34952952852,127425.33987283215,-181986.90459133024,-32776.82877852636,497,528,444,450,1919,1,1,0,ADV_IND,34,37,4,-1,0,52031950,52032585,55,32,8,pre_aa_hdr_payload
356.97613310813904,1769570751.5871332,42.3448023,-71.0825832,16.659,CB:90:14:55:FF:15,15ff551490cb1eff4c001219fd2f9805c9d8413b2fe2a716c8347fb0c049c2cefb26ae02fd,82688.67501184483,206935.62078807264,-92463.27784946833,212454.65442359576,-62386.002465987025,76489.73515348566,689,456,456,462,2063,1,1,2,ADV_NONCONN_IND,37,37,5,-1,0,52061226,52061860,55,32,8,pre_aa_hdr_payload
358.409494638443,1769570753.0204947,42.3448023,-71.0825832,16.659,EC:6C:FF:74:66:BB,bb6674ff6cec1eff4c001219fe1714bb20ab9a28632d1b7ee1227441ce689d8e53a7e602fe,-74632.55936588856,145706.02206867267,-230789.4240999742,88690.87169908357,-183193.45996227057,-58392.12097085001,461,624,486,492,2063,1,1,2,ADV_NONCONN_IND,37,37,4,-1,0,52218322,52218957,55,32,8,pre_aa_hdr_payload
358.4177255630493,1769570753.0287256,42.3448023,-71.0825832,16.659,40:1A:C8:CE:D0:2A,2ad0cec81a400201021816aafe407867a63dea8e053c09ee2254c4bdf654e8dacfec,-36281.843974205665,125046.30474315188,-168161.8487830862,114257.19306714766,-180532.5871343823,-34042.23207106947,497,528,444,450,1919,1,1,0,ADV_IND,34,37,4,-1,0,52229385,52230019,55,32,8,pre_aa_hdr_payload
359.8708350658417,1769570754.4818351,42.3448023,-71.0825832,16.659,F3:0F:2C:D5:E3:06,06e3d52c0ff31eff4c001219ff6db7d204ad9b67097171fc2c82c617be74ffe05c49d202ff,-21210.750514164876,130859.63849352642,-203871.7949981161,103470.75436289517,-165320.91901095965,-27268.001622279597,545,480,516,522,2063,1,1,2,ADV_NONCONN_IND,37,37,4,-1,0,52329690,52330325,55,32,8,pre_aa_hdr_payload
360.8562788963318,1769570755.467279,42.3448023,-71.0825832,16.659,F1:EB:01:E6:F1:59,59f1e601ebf11eff4c001219fe87217256b36efb50d7a3559ad26fac609419c078688700fe,-57950.875280633736,110958.45379304573,-222730.73913187184,91981.15551775045,-197639.05039610606,-53088.29846145189,503,534,510,516,2063,1,1,2,ADV_NONCONN_IND,37,37,0,-1,0,52442541,52443175,56,32,8,pre_aa_hdr_payload
360.86578249931335,1769570755.4767826,42.3448023,-71.0825832,16.659,40:1A:C8:CE:D0:2A,2ad0cec81a400201021816aafe407867a63dea8e053c09ee2254c4bdf654e8dacfec,-34134.002051722025,169405.15247043542,-211344.65662123926,128277.30583453632,-182430.23404803977,-32223.071515660955,498,533,444,444,1919,1,1,0,ADV_IND,34,37,5,-1,0,52455315,52455950,55,31,8,pre_aa_hdr_payload
361.2667396068573,1769570755.8777397,42.3448023,-71.0825832,16.659,EE:D8:85:A0:6D:CE,ce6da085d8ee1eff4c001219fd4af1834740cdbb8fcff4fe925c27d668a172853a560d01fd,60783.77450572556,232797.67992413315,-72244.48012003525,213328.57519141975,-61519.48771207364,58486.38342657748,443,570,522,528,2063,1,1,2,ADV_NONCONN_IND,37,37,5,-1,0,52506008,52506643,55,30,8,pre_aa_hdr_payload
362.26197934150696,1769570756.8729794,42.3448023,-71.0825832,16.659,E9:BB:5E:38:95:6C,6c95385ebbe91eff4c001219fc42ac8a86cb0260d1a7b2d45bc6b104d32aab1c74400c03fc,-93712.25172452418,87512.64604915347,-253198.42879476462,63265.99026668024,-219165.73908263515,-79512.28115037963,503,570,492,498,2063,1,1,2,ADV_NONCONN_IND,37,37,0,-1,0,52684446,52685080,56,32,8,pre_aa_hdr_payload
363.28800797462463,1769570757.899008,42.3448023,-71.0825832,16.659,F8:54:BA:4B:B5:4F,4fb54bba54f81eff4c001219fd0749297eda3ef36b15b640b9ef72f23a4f2d367fa34f02fd,115021.62376714946,238422.7500875283,-53122.91761851753,208549.10664707454,-59062.252703297585,96871.62789879709,659,444,480,480,2063,1,1,2,ADV_NONCONN_IND,37,37,0,-1,0,52756416,52757051,56,32,7,pre_aa_hdr_payload
367.08640122413635,1769570761.6974013,42.3448023,-71.0825832,16.659,CF:3A:30:28:1B:06,061b28303acf1eff4c001219fe67bcb6758410dfeebbdd4f911a48ee9f69864c6a858402fe,-99141.91061336159,88574.42122165224,-211648.25179791226,83542.63933920125,-191553.6036561191,-75116.51045614881,407,642,504,510,2063,1,1,2,ADV_NONCONN_IND,37,37,0,-1,0,53314835,53315469,56,32,8,pre_aa_hdr_payload
368.9114625453949,1769570763.5224626,42.3448023,-71.0825832,16.659,EF:91:2A:F0:AB:29,29abf02a91ef1eff4c001219fcb260be0534269142c719ca69a3b73aa1501eb3d056bb00fc,-98044.32767121746,68067.99501060412,-197533.93016282373,52810.202240601946,-148636.4914103364,-84510.65053857972,348,803,456,456,2063,1,1,2,ADV_NONCONN_IND,37,37,2,-1,0,53571684,53572319,56,31,8,pre_aa_hdr_payload
370.5446171760559,1769570765.1556172,42.3448023,-71.0825832,16.659,D3:38:90:FC:C1:7E,7ec1fc9038d31eff4c001219fc503519698ba4e2e4e626e7613aadef372b04de796c5c02fc,-106319.11609264757,60484.27588667626,-207782.70537937363,54868.02177773604,-203438.6106323749,-86576.87710589642,431,678,474,480,2063,1,1,2,ADV_NONCONN_IND,37,37,4,-1,0,53757748,53758382,55,32,8,pre_aa_hdr_payload
372.82144379615784,1769570767.4324439,42.3448023,-71.0825832,16.659,CD:9E:3D:92:85:A0,a085923d9ecd1eff4c001219fead4f459088f60d5a80569881dc7802b3bdf59680b24903fe,-69463.87773676016,137945.50140579243,-246447.801052773,83877.43324368642,-179905.8247827752,-58997.053115524,461,564,516,522,2063,1,1,2,ADV_NONCONN_IND,37,37,4,-1,0,54010250,54010884,55,32,8,pre_aa_hdr_payload
374.6486132144928,1769570769.2596133,42.3448023,-71.0825832,16.659,E1:14:9B:D9:02:C5,c502d99b14e11eff4c001219fc7b348b2c530734634422c1f3e8e5fe81637c913a67d301fc,-98028.92417165992,61131.61997445137,-230445.82527350922,73239.29358783869,-213049.87406805225,-81657.28236781115,498,605,480,480,2063,1,1,2,ADV_NONCONN_IND,37,37,1,-1,0,54208430,54209064,56,31,8,pre_aa_hdr_payload
375.1390628814697,1769570769.750063,42.3448023,-71.0825832,16.659,40:1A:C8:CE:D0:2A,2ad0cec81a400201021816aafe407867a63dea8e053c09ee2254c4bdf654e8dacfec,-30447.830771117242,157188.71577432923,-190009.40703968654,118651.3328443925,-185375.83438070826,-30858.549017792713,491,534,444,450,1919,1,1,0,ADV_IND,34,37,5,-1,0,54266506,54267141,55,32,8,pre_aa_hdr_payload
375.15153431892395,1769570769.7625344,42.3448023,-71.0825832,16.659,EC:0D:0B:52:08:D9,d908520b0dec1eff4c001219fda752d9110e35e875d43028e4f0e875a6577eabc17aec03fd,73969.45471819252,219021.38773834318,-76377.67527537447,197975.57190697297,-40891.838948994926,83373.21895295521,575,438,522,528,2063,1,1,2,ADV_NONCONN_IND,37,37,0,-1,0,54283269,54283903,56,32,8,pre_aa_hdr_payload
376.28104162216187,1769570770.8920417,42.3448023,-71.0825832,16.659,C6:3F:9E:8A:9B:07,079b8a9e3fc61eff4c001219fe80073cbd44799d3e9ce67d5e9fb221ffffee89ca048601fe,-66753.24601277515,91217.36417247796,-151026.95634335742,67826.98216827275,-162721.0834806443,-64582.84448996483,348,791,462,462,2063,1,1,2,ADV_NONCONN_IND,37,37,1,-1,0,54455345,54455980,56,32,8,pre_aa_hdr_payload
376.93493938446045,1769570771.5459394,42.3448023,-71.0825832,16.659,40:1A:C8:CE:D0:2A,2ad0cec81a400201021816aafe407867a63dea8e053c09ee2254c4bdf654e8dacfec,-29671.714951609687,153129.96119996923,-193334.1340196817,125224.73105423443,-183277.0782419404,-34728.47499636336,497,528,444,450,1919,1,1,0,ADV_IND,34,37,5,-1,0,54491174,54491808,55,32,8,pre_aa_hdr_payload
378.9474153518677,1769570773.5584154,42.3448023,-71.0825832,16.659,DA:ED:2E:67:E2:32,32e2672eedda1eff4c001219feec1be0f8988613bfc340e9d5abc79c9c7ad204389c8702fe,-49977.20926729757,79933.99476798606,-169671.8616755849,78010.17084409298,-160958.71197629333,-44664.81200419118,539,546,486,492,2063,1,1,2,ADV_NONCONN_IND,37,37,1,-1,0,54744549,54745183,56,32,8,pre_aa_hdr_payload
381.00959062576294,1769570775.6205907,42.3448023,-71.0825832,16.659,E8:4C:B3:26:7C:43,437c26b34ce81eff4c001219fc54a85718f56d1f16e5c846ead2c88a80f511835c98b903fc,-103780.55533254202,94527.88290334771,-232671.66876486244,59166.02531680808,-217648.0696861004,-86654.21395932238,413,648,498,504,2063,1,1,2,ADV_NONCONN_IND,37,37,0,-1,0,55010960,55011595,56,32,8,pre_aa_hdr_payload
383.0845127105713,1769570777.6955128,42.3448023,-71.0825832,16.659,EE:2B:4D:DA:61:EF,ef61da4d2bee1eff4c001219fc6fdea8e216cd1bdc30e143543d4ee9625c11577ec07000fc,-94728.04315123484,130553.19677592361,-151084.40044560094,109786.26206966548,-172577.5949089836,-81734.64133367733,233,1200,312,318,2063,1,1,2,ADV_NONCONN_IND,37,37,0,-1,0,55268968,55269603,56,32,8,pre_aa_hdr_payload
385.51212549209595,1769570780.1231256,42.3448023,-71.0825832,16.659,F9:AD:F8:4E:AF:70,70af4ef8adf91eff4c001219fdcb55abfd0e249685cac808d5d819f04f99ccadaf1b8301fd,62464.847702933475,242356.68732933345,-83940.83017607634,218353.87608566633,-55719.707166383094,58785.06067974922,449,564,522,528,2063,1,1,2,ADV_NONCONN_IND,37,37,5,-1,0,55601504,55602138,55,32,8,pre_aa_hdr_payload
385.5198428630829,1769570780.130843,42.3448023,-71.0825832,16.659,40:1A:C8:CE:D0:2A,2ad0cec81a400201021816aafe407867a63dea8e053c09ee2254c4bdf654e8dacfec,-35199.55425252295,153689.37466532097,-193252.36305361468,120519.79658131518,-186784.29351290417,-31633.219224405064,491,528,450,450,1919,1,1,0,ADV_IND,34,37,5,-1,0,55611877,55612511,55,32,8,pre_aa_hdr_payload
386.30612683296204,1769570780.917127,42.3448023,-71.0825832,16.659,D1:69:B8:0C:7D:87,877d0cb869d11eff4c001219ff83c4da19d2255530fd0bbfc494dc90a15057da530e0202ff,-26913.641871943546,126413.8775447293,-190424.57390174735,103349.35757663382,-183573.05563160268,-33275.182735412534,569,516,486,492,2063,1,1,2,ADV_NONCONN_IND,37,37,5,-1,0,55748707,55749341,55,32,8,pre_aa_hdr_payload
387.00816822052,1769570781.6191683,42.3448023,-71.0825832,16.659,E0:E2:BB:F8:5A:FD,fd5af8bbe2e01eff4c001219fe3848242a1d6810c05cfceecc18eedd03529e273b205e03fe,-73424.14948951454,134783.6605960618,-230254.3218303811,93219.09095391321,-192888.45603669665,-57693.703013916245,467,594,498,504,2063,1,1,2,ADV_NONCONN_IND,37,37,0,-1,0,55861017,55861651,56,32,8,pre_aa_hdr_payload
387.36028242111206,1769570781.9712825,42.3448023,-71.0825832,16.659,C9:58:ED:74:19:20,201974ed58c91eff4c001219fd3405e93736bd22b07783c1fded4b205fc269fe20b23002fd,64004.92018225166,228022.10129285773,-75503.07959023131,205623.1587540957,-59722.2431308763,60429.23719357435,503,570,492,498,2063,1,1,2,ADV_NONCONN_IND,37,37,0,-1,0,55929395,55930029,56,32,8,pre_aa_hdr_payload
388.43279218673706,1769570783.0437922,42.3448023,-71.0825832,16.659,C9:D9:59:95:E1:03,03e19559d9c91eff4c001219ffcdeb35d464306f52fb51a4023e4d7c841623eca2d07f03ff,-44994.209176946344,142251.56798764304,-220890.29247474275,90254.78713346348,-170940.03881827687,-48742.091377479745,491,594,486,492,2063,1,1,2,ADV_NONCONN_IND,37,37,0,-1,0,56114591,56115226,56,32,8,pre_aa_hdr_payload
388.9117376804352,1769570783.5227377,42.3448023,-71.0825832,16.659,E8:82:6B:E2:8F:1D,1d8fe26b82e81eff4c001219fe914695177ea66a7d4469f2a221a6ba57bed27ae4d7e803fe,-77738.01871317423,98694.67567506654,-221943.40106387748,93469.30365753103,-191292.29758739515,-66507.68225015333,467,594,498,504,2063,1,1,2,ADV_NONCONN_IND,37,37,5,-1,0,56221720,56222355,55,32,8,pre_aa_hdr_payload
389.57563495635986,1769570784.186635,42.3448023,-71.0825832,16.659,40:1A:C8:CE:D0:2A,2ad0cec81a400201021816aafe407867a63dea8e053c09ee2254c4bdf654e8dacfec,-34073.8110095711,160923.36559353812,-202169.02626919778,132220.05466457896,-192374.49332078785,-33074.61591496948,491,534,444,450,1919,1,1,0,ADV_IND,34,37,1,-1,0,56304267,56304901,56,32,8,pre_aa_hdr_payload
390.66153931617737,1769570785.2725394,42.3448023,-71.0825832,16.659,CA:3F:99:C4:C2:D6,d6c2c4993fca1eff4c001219fcd38abff142a15879fb3af4bd44325fd7518639187afe01fc,-68105.51674875813,54634.31070200318,-206041.23951660862,62022.82966311781,-195790.66855463627,-67202.88136696877,539,498,510,516,2063,1,1,2,ADV_NONCONN_IND,37,37,2,-1,0,56546445,56547080,56,32,8,pre_aa_hdr_payload
390.9809627532959,1769570785.5919628,42.3448023,-71.0825832,16.659,D6:37:54:B2:EE:B0,b0eeb25437d61eff4c001219fe38da746951b797655e5a1be83e44925a6ea86766a05902fe,-61195.53530636891,111207.94432369617,-211605.23307245568,96530.16972232307,-194925.2001647592,-57034.20349553038,503,618,468,474,2063,1,1,2,ADV_NONCONN_IND,37,37,0,-1,0,56570884,56571518,56,32,8,pre_aa_hdr_payload
391.0168356895447,1769570785.6278358,42.3448023,-71.0825832,16.659,CB:FE:71:DB:B6:7D,7db6db71fecb1eff4c001219fd08eaef4a61c1e4fd87fea4bd1cec6551c57a7895201a03fd,62241.89894444157,150385.29015776174,-66013.464978963,169785.91595490844,-69071.59645171011,58014.83104878082,713,390,480,480,2063,1,1,2,ADV_NONCONN_IND,37,37,2,-1,0,56619101,56619735,56,29,8,pre_aa_hdr_payload
391.343829870224,1769570785.95483,42.3448023,-71.0825832,16.659,40:1A:C8:CE:D0:2A,2ad0cec81a400201021816aafe407867a63dea8e053c09ee2254c4bdf654e8dacfec,-34823.71242070926,167473.7639941799,-210148.00658060543,129337.871955464,-188731.47614440075,-31836.373789053858,497,528,444,450,1919,1,1,0,ADV_IND,34,37,1,-1,0,56653714,56654349,56,30,8,pre_aa_hdr_payload
392.9655547142029,1769570787.5765548,42.3448023,-71.0825832,16.659,D8:A5:6A:99:B2:86,86b2996aa5d81eff4c001219fd74e0e4bc0286d4e9dcb8bfb850b00e6051b4c56480f102fd,98853.86161424546,235799.40590929714,-63854.25897470395,210829.86058135962,-57007.85759220719,80747.45710951948,575,462,510,516,2063,1,1,2,ADV_NONCONN_IND,37,37,5,-1,0,56874147,56874781,55,32,8,pre_aa_hdr_payload
394.1517188549042,1769570788.762719,42.3448023,-71.0825832,16.659,E7:E9:36:79:C5:8F,8fc57936e9e71eff4c001219ffd3f7e6629e67a951638d7f60c60908e9899c1016279900ff,-62425.317983052795,132069.73887313562,-218199.91246609585,105503.99097697351,-177793.16671872447,-52487.548182539686,461,600,498,504,2063,1,1,2,ADV_NONCONN_IND,37,37,5,-1,0,56971837,56972472,55,32,8,pre_aa_hdr_payload
395.71293020248413,1769570790.3239303,42.3448023,-71.0825832,16.659,E0:F3:18:FB:2A:97,972afb18f3e01eff4c001219ffdba5d75adc710ea0bf718ba0a88360d7e4c6a2a6ffec01ff,-58162.209160129016,132213.7416318278,-222208.30821183376,100585.36189928047,-177931.3577669361,-50669.2699134134,455,570,516,522,2063,1,1,2,ADV_NONCONN_IND,37,37,4,-1,0,57205020,57205654,55,32,8,pre_aa_hdr_payload
396.30870389938354,1769570790.919704,42.3448023,-71.0825832,16.659,D5:F9:76:6E:77:4D,4d776e76f9d51eff4c001219fc9ffc4909d980963d67c813346f9bae1d585244f1286a00fc,-74850.56335200518,89386.35457484287,-256379.21269370025,57416.949792239015,-208393.864298582,-74123.59669060158,497,504,528,534,2063,1,1,2,ADV_NONCONN_IND,37,37,5,-1,0,57259499,57260133,55,32,8,pre_aa_hdr_payload
396.9713885784149,1769570791.5823886,42.3448023,-71.0825832,16.659,C3:6F:7A:1D:D8:05,05d81d7a6fc31eff4c001219fd69facf3b83c4f9d6d5c8a0d389cd1286d441c2d322af00fd,100619.84971548071,236998.21610204282,-63536.35944233206,195623.19305044838,-35784.68181354093,90275.23510402109,563,414,540,546,2063,1,1,2,ADV_NONCONN_IND,37,37,5,-1,0,57338052,57338686,55,32,8,pre_aa_hdr_payload
397.3791992664337,1769570791.9901993,42.3448023,-71.0825832,16.659,40:1A:C8:CE:D0:2A,2ad0cec81a400201021816aafe407867a63dea8e053c09ee2254c4bdf654e8dacfec,-33066.777877528024,123439.15774444092,-166459.0219770635,95329.06140515706,-159585.96185922853,-32593.263017485817,491,534,444,450,1919,1,1,0,ADV_IND,34,37,0,-1,0,57372419,57373054,56,32,8,pre_aa_hdr_payload
397.8894934654236,1769570792.5004935,42.3448023,-71.0825832,16.659,F5:62:DF:93:8C:36,368c93df62f51eff4c001219ff4fd54298f27636984cda454df32ee7aff2c22a04ab4000ff,-41394.966283220994,145430.17306542007,-205433.88834299156,88170.94815228564,-169761.66947353943,-42424.04091207776,467,546,522,528,2063,1,1,2,ADV_NONCONN_IND,37,37,0,-1,0,57432974,57433608,56,32,8,pre_aa_hdr_payload
398.69683265686035,1769570793.3078327,42.3448023,-71.0825832,16.659,C9:BA:49:6F:38:95,95386f49bac91eff4c001219fc926e38bc28855053f9e91f58c36f25f72a641107ef3800fc,-90887.91869502925,86891.12216257026,-253848.1470587125,62180.9217170489,-209986.6712809105,-78051.95567872601,509,576,486,492,2063,1,1,2,ADV_NONCONN_IND,37,37,5,-1,0,57486869,57487504,55,32,8,pre_aa_hdr_payload
399.1640033721924,1769570793.7750034,42.3448023,-71.0825832,16.659,EE:8F:A9:38:29:12,122938a98fee1eff4c001219fd9c0a9b6dea0600af505262ae1ff001b697c0805490e900fd,79419.11325472333,229594.6193539027,-98855.93691459399,220571.1944491248,-59331.967961936396,71266.97365192362,659,510,444,450,2063,1,1,2,ADV_NONCONN_IND,37,37,5,-1,0,57558011,57558646,55,32,8,pre_aa_hdr_payload
400.8119511604309,1769570795.4229512,42.3448023,-71.0825832,16.659,C4:7D:5F:18:2C:06,062c185f7dc41eff4c001219fcb3a967930d3ead7ad28ae34e915f08d7e0aaa809bb6702fc,-84042.60349166009,91225.06320590769,-250648.17532266083,54411.965384421725,-208123.16479884487,-76949.93606335818,479,534,522,528,2063,1,1,2,ADV_NONCONN_IND,37,37,0,-1,0,57822773,57823407,56,32,8,pre_aa_hdr_payload
400.83485102653503,1769570795.445851,42.3448023,-71.0825832,16.659,E3:D0:CF:04:04:53,530404cfd0e31eff4c001219fe271a5fc16c28bd8f0a690b2b6de6a9da0fdbae14ae9902fe,-54819.53947704749,103808.74553667671,-226240.88190105284,83813.25670297121,-186764.4953296259,-61106.64567564992,437,516,552,558,2063,1,1,2,ADV_NONCONN_IND,37,37,5,-1,0,57853553,57854187,55,32,8,pre_aa_hdr_payload
401.14903020858765,1769570795.7600303,42.3448023,-71.0825832,16.659,F1:81:4A:7E:55:28,28557e4a81f11eff4c001219fd3bee766ffab4ee806a00ea80d1f8c0a6eb02b8b75e5f03fd,59086.767757820606,251361.0117672977,-81743.72033265997,206255.29360656,-55553.43465459053,58354.46542832107,431,558,534,540,2063,1,1,2,ADV_NONCONN_IND,37,37,0,-1,0,57922018,57922653,56,32,8,pre_aa_hdr_payload
401.48005175590515,1769570796.0910518,42.3448023,-71.0825832,16.659,40:1A:C8:CE:D0:2A,2ad0cec81a400201021816aafe407867a63dea8e053c09ee2254c4bdf654e8dacfec,-29952.940876325963,174895.9500614914,-206352.26060791154,126642.75020025038,-189183.1516885045,-30182.331201838497,491,534,444,450,1919,1,1,0,ADV_IND,34,37,4,-1,0,57962045,57962679,55,32,8,pre_aa_hdr_payload
401.92452454566956,1769570796.5355246,42.3448023,-71.0825832,16.659,D2:C0:A3:58:14:19,191458a3c0d21eff4c001219ffa35e286fab898405faefa49a33ced613e76a3f51217d00ff,-26191.464981313857,116038.40705369109,-194599.03668752554,97908.18385046898,-167331.50564495864,-34183.324691184294,521,480,528,534,2063,1,1,2,ADV_NONCONN_IND,37,37,2,-1,0,58059130,58059764,56,32,8,pre_aa_hdr_payload
402.6506624221802,1769570797.2616625,42.3448023,-71.0825832,16.659,F6:64:1A:9F:19:A6,a6199f1a64f61eff4c001219fcc170ebfaa6e00a8950f190cbf32f795152cb442a249001fc,-71107.62679601018,70090.32395311396,-208915.14332505217,56910.51017457798,-189950.37413740373,-65736.40704927684,521,540,498,504,2063,1,1,2,ADV_NONCONN_IND,37,37,2,-1,0,58148720,58149355,56,32,8,pre_aa_hdr_payload
402.66401767730713,1769570797.2750177,42.3448023,-71.0825832,16.659,CD:9D:EF:28:34:B6,b63428ef9dcd1eff4c001219fe79ff4ba90378c7a0c2f5d57128ba098a446f1a58731c00fe,-66130.24738217187,81818.23883675569,-192240.71484327168,84089.77856611989,-182694.9586556013,-58235.2262050989,467,546,522,528,2063,1,1,2,ADV_NONCONN_IND,37,37,1,-1,0,58166672,58167306,56,31,8,pre_aa_hdr_payload
403.4043667316437,1769570798.0153668,42.3448023,-71.0825832,16.659,EB:D7:F8:5F:02:D8,d8025ff8d7eb1eff4c001219fd3442b6a0fc9438ccbf679e1c026f54c92e9cea70fd7a01fd,55811.236699946785,220463.3694213399,-66011.6340825083,181529.6802297745,-49907.707716071345,61484.961182892854,473,552,516,522,2063,1,1,2,ADV_NONCONN_IND,37,37,0,-1,0,58272675,58273309,56,32,8,pre_aa_hdr_payload
404.1952257156372,1769570798.8062258,42.3448023,-71.0825832,16.659,D7:3F:78:AE:B2:EB,ebb2ae783fd71eff4c001219ff0876dd8ea3d87118dcfd44af8d99928b76f48092454803ff,-53783.19700716272,112089.54186698668,-204404.28868598322,106716.9553134417,-177334.0968422199,-47081.46636255885,455,534,534,540,2063,1,1,2,ADV_NONCONN_IND,37,37,5,-1,0,58399525,58400159,55,32,8,pre_aa_hdr_payload
404.62436032295227,1769570799.2353604,42.3448023,-71.0825832,16.659,FB:1D:7C:38:DC:23,23dc387c1dfb1eff4c001219fc1d6ed7898f968ec73dbfc4d34eecbf319a07179ff46c01fc,-110256.96917237387,71307.84555015208,-185609.593211657,58231.14031920315,-198569.85919984715,-90104.7590342823,359,846,426,432,2063,1,1,2,ADV_NONCONN_IND,37,37,2,-1,0,58478682,58479317,56,32,8,pre_aa_hdr_payload
404.6377558708191,1769570799.248756,42.3448023,-71.0825832,16.659,C2:B0:C3:39:E4:FD,fde439c3b0c21eff4c001219fe6a068159e639dda40b57b74b1a18bf2548ddcfacd6db00fe,-67606.76352821178,97098.53481789358,-185762.36651530894,76724.9412503141,-165223.75956550246,-67273.99730174703,401,738,462,462,2063,1,1,2,ADV_NONCONN_IND,37,37,0,-1,0,58496687,58497322,56,32,8,pre_aa_hdr_payload
405.6314947605133,1769570800.2424948,42.3448023,-71.0825832,16.659,E0:4C:CF:B3:5A:9C,9c5ab3cf4ce01eff4c001219fff918ff476b8c586210cf697f747988b3aeb4d0ca783a01ff,-61084.03246800138,142354.883719422,-207842.4385592819,85374.10217607953,-162448.61736490592,-48387.46305584314,443,600,510,510,2063,1,1,2,ADV_NONCONN_IND,37,37,0,-1,0,58650258,58650893,56,32,8,pre_aa_hdr_payload
406.28610014915466,1769570800.8971002,42.3448023,-71.0825832,16.659,F4:AE:C8:C5:69:E6,e669c5c8aef41eff4c001219fcf0039ed944b847c468a1010fdc641cdac4082b8ce52c03fc,-106131.29300497117,61643.68805797602,-244521.95011237782,65359.90510967174,-218635.44713657812,-86782.78658926388,473,588,498,504,2063,1,1,2,ADV_NONCONN_IND,37,37,0,-1,0,58711232,58711866,56,32,8,pre_aa_hdr_payload
407.9364261627197,1769570802.5474262,42.3448023,-71.0825832,16.659,C4:41:7B:2E:6E:05,056e2e7b41c41eff4c001219ffc862d82997edff4fd825ca6783f60e5c8d2985346e3101ff,-50590.72033824267,162114.5500110491,-207350.34787612574,95913.6995133469,-147063.7073435227,-41894.51161763244,450,653,480,480,2063,1,1,2,ADV_NONCONN_IND,37,37,5,-1,0,58901557,58902192,56,28,8,pre_aa_hdr_payload
408.7293589115143,1769570803.340359,42.3448023,-71.0825832,16.659,FA:42:1E:FF:B1:4C,4cb1ff1e42fa1eff4c001219fca4b9c26de0a718a1b7317c68a6a2d7edc45d54f3840e03fc,-85655.91552037564,64995.55486501009,-235494.80862968529,70183.22574604895,-207664.81443669208,-70875.17940302196,533,516,504,510,2063,1,1,2,ADV_NONCONN_IND,37,37,0,-1,0,58990871,58991506,56,32,8,pre_aa_hdr_payload
409.79436469078064,1769570804.4053648,42.3448023,-71.0825832,16.659,F8:7A:04:EE:62:7D,7d62ee047af81eff4c001219ff6f0ca9ecd7c952ee3822d32634438b44ef9fa4812fd203ff,-7694.261472401287,119994.24001564617,-173185.34175220385,91488.39100851018,-143104.96316564706,-19845.159489000845,563,486,504,510,2063,1,1,2,ADV_NONCONN_IND,37,37,1,-1,0,59173028,59173662,56,32,8,pre_aa_hdr_payload
411.97163105010986,1769570806.582631,42.3448023,-71.0825832,16.659,CF:52:D2:BB:88:AF,af88bbd252cf1eff4c001219ff6a0a1caf0351092806815c6c142f76bb59c29723e98701ff,-41735.78560853493,121415.26651990433,-201339.8639779406,106764.60122270862,-178917.23057651383,-38737.87982930801,521,540,498,504,2063,1,1,2,ADV_NONCONN_IND,37,37,5,-1,0,59488969,59489603,55,32,8,pre_aa_hdr_payload
412.34934973716736,1769570806.9603498,42.3448023,-71.0825832,16.659,CC:12:01:86:2F:43,432f860112cc1eff4c001219fcf961e10dde6bb4b0eb20804d834ca51331ff3e5a7e3302fc,-87767.72463754327,84333.14631185634,-212559.69100148577,63149.96069678484,-191339.23794400957,-81446.26392640117,443,702,456,462,2063,1,1,2,ADV_NONCONN_IND,37,37,5,-1,0,59568912,59569546,55,32,8,pre_aa_hdr_payload
412.7820715904236,1769570807.3930717,42.3448023,-71.0825832,16.659,FC:67:CA:57:D7:A4,a4d757ca67fc1eff4c001219fe625044e9182ef94b347f27d64d59488ed3de6957584d01fe,-52112.75329186657,124237.56799862937,-234277.9715591302,85577.91512926744,-182915.24486877775,-50538.078050412834,497,528,516,522,2063,1,1,2,ADV_NONCONN_IND,37,37,4,-1,0,59593752,59594386,55,32,8,pre_aa_hdr_payload
413.1444869041443,1769570807.755487,42.3448023,-71.0825832,16.659,D1:31:5C:42:90:DE,de90425c31d11eff4c001219102809bf7ec9c42720e9d30882ef75e19563d0c04a2c3401e9,-69356.77183267742,128378.79625498479,-222668.6219787609,117003.4937576496,-188356.62287359522,-50114.68602878572,437,564,528,534,2063,1,1,0,ADV_IND,37,37,5,-1,0,59657157,59657791,55,32,8,pre_aa_hdr_payload
414.8807475566864,1769570809.4917476,42.3448023,-71.0825832,16.659,CB:EB:BD:44:E0:E5,e5e044bdebcb1eff4c001219fcf81da31b3cf19cd2337f1c30874dc3fca36da3e507a903fc,-99763.12343408544,53153.86324554696,-204224.51359086044,56928.959447772,-199186.71703087343,-84478.00426626945,449,648,480,486,2063,1,1,2,ADV_NONCONN_IND,37,37,1,-1,0,59966369,59967004,56,31,8,pre_aa_hdr_payload
414.89889788627625,1769570809.509898,42.3448023,-71.0825832,16.659,F1:BA:86:A5:61:F4,f461a586baf11eff4c001219fec3831f2db3cdafe86fb7d9359bc9c5b6e738b13134ca02fe,-57358.053991080465,118337.49971046769,-184854.3531252021,77599.80111968376,-152136.22631205947,-52742.03226933932,461,696,450,456,2063,1,1,2,ADV_NONCONN_IND,37,37,0,-1,0,59990766,59991401,56,32,8,pre_aa_hdr_payload
415.2642366886139,1769570809.8752367,42.3448023,-71.0825832,16.659,FF:ED:C4:74:41:50,504174c4edff1eff4c001219fdba61a854fd688ebb0f28c6e8d004b3a8e2660e91eb6e01fd,73531.5826734955,236018.40492833438,-99395.37011708051,212655.53810453092,-57692.38900981698,64449.042809038496,587,534,468,474,2063,1,1,2,ADV_NONCONN_IND,37,37,5,-1,0,60078263,60078898,55,32,8,pre_aa_hdr_payload
416.30807995796204,1769570810.91908,42.3448023,-71.0825832,16.659,DA:58:E4:4F:39:EA,ea394fe458da1eff4c001219fff51f44183d187a58ff3f7786f48b440d9bc9dc69ab5302ff,-66868.77581684687,149829.08061634057,-223805.36142248023,91308.39908476241,-179500.03115212297,-53439.880330755215,431,570,528,534,2063,1,1,2,ADV_NONCONN_IND,37,37,4,-1,0,60261219,60261854,55,32,8,pre_aa_hdr_payload
416.9927487373352,1769570811.6037488,42.3448023,-71.0825832,16.659,C7:AC:9B:12:54:8A,8a54129bacc71eff4c001219fcbc182fc1ea041215bbc5904f41fd1abcc572f7d3837501fc,-99955.42883341138,77099.26833177553,-215092.2129381051,63231.18018154951,-193649.5644216489,-85493.76956303764,419,714,462,468,2063,1,1,2,ADV_NONCONN_IND,37,37,5,-1,0,60364964,60365598,55,32,8,pre_aa_hdr_payload
417.0128343105316,1769570811.6238344,42.3448023,-71.0825832,16.659,D5:8C:0F:39:B0:B2,b2b0390f8cd51eff4c001219fe3c6a7b66598849383345daee66ca7a2f74e21d1e55e603fe,-41380.00034265782,124072.41549700534,-224182.95437673506,93217.04890290869,-180658.6105115164,-42419.61476874804,533,504,510,516,2063,1,1,2,ADV_NONCONN_IND,37,37,5,-1,0,60391961,60392596,55,32,8,pre_aa_hdr_payload
418.76541113853455,1769570813.3764112,42.3448023,-71.0825832,16.659,D0:10:73:2E:E6:C0,c0e62e7310d01eff4c001219fcc694ec5c62e01d80cd31b3d668850f982938a902a47a01fc,-99374.59950621573,62940.803443746954,-229887.55781588296,51124.54119941883,-214564.44345374103,-84937.84993243449,449,528,540,546,2063,1,1,2,ADV_NONCONN_IND,37,37,0,-1,0,60690846,60691480,56,32,8,pre_aa_hdr_payload
419.18856287002563,1769570813.799563,42.3448023,-71.0825832,16.659,E8:68:2B:CD:96:65,6596cd2b68e81eff4c001219fde32e93119648d3a9e53599ad71b485b77ab5d1a537a403fd,88361.1755851616,260017.73286241386,-79801.28728310858,212470.02716736338,-52723.38447780486,81768.4471399219,539,510,504,510,2063,1,1,2,ADV_NONCONN_IND,37,37,5,-1,0,60768683,60769318,55,31,8,pre_aa_hdr_payload
420.196941614151,1769570814.8079417,42.3448023,-71.0825832,16.659,D2:DC:86:A8:59:50,5059a886dcd21eff4c001219fc0e18e9a9d1b8a4963fb159127322818921d75e59d7cb01fc,-74723.20166813476,84643.72330656351,-241756.83227376797,45870.69034292679,-205313.13524242607,-72626.03038323294,557,516,492,498,2063,1,1,2,ADV_NONCONN_IND,37,37,0,-1,0,60940587,60941221,56,32,8,pre_aa_hdr_payload
420.81764554977417,1769570815.4286456,42.3448023,-71.0825832,16.659,DD:CA:17:25:EB:65,65eb2517cadd1eff4c001219fe4f384944b5354aa260c2d1150cc3b9a625c7d02c9d3b03fe,-38548.09362943125,105304.6315529171,-198463.53257798095,82376.9109506995,-175688.1125326316,-42405.65775316025,515,474,534,540,2063,1,1,2,ADV_NONCONN_IND,37,37,5,-1,0,60964058,60964692,55,32,8,pre_aa_hdr_payload
421.88429832458496,1769570816.4952984,42.3448023,-71.0825832,16.659,D9:B2:D3:37:9F:3D,3d9f37d3b2d91eff4c001219ff222902c62b12f7c5b02f21402cb732fe414e1b0ba9e902ff,-45555.501317174334,160566.80011644657,-203759.83049406394,81593.4165307482,-157710.77268758448,-49725.526619762975,443,654,480,486,2063,1,1,2,ADV_NONCONN_IND,37,37,3,-1,0,61118857,61119491,55,32,8,pre_aa_hdr_payload
422.4489712715149,1769570817.0599713,42.3448023,-71.0825832,16.659,F3:E0:DF:72:1B:FB,fb1b72dfe0f31eff4c001219fcbb3c2530e22c519a09d48309c132705618525a62933500fc,-106595.56088493767,52664.69279726741,-234710.20817521893,52358.761187038865,-211579.58186996417,-91994.41426294808,443,582,516,522,2063,1,1,2,ADV_NONCONN_IND,37,37,0,-1,0,61204114,61204749,56,32,8,pre_aa_hdr_payload
422.87125396728516,1769570817.482254,42.3448023,-71.0825832,16.659,F2:94:A1:33:F1:69,69f133a194f21eff4c001219fda416d3b27d88a7d0abd6cb17ec03312a5d8752013a3202fd,92774.16792929963,175340.52904042162,-88822.48577451565,172427.75396833027,-50204.914351679094,78376.32022150276,833,342,444,444,2063,1,1,2,ADV_NONCONN_IND,37,37,5,-1,0,61267343,61267977,55,29,8,pre_aa_hdr_payload
424.8763806819916,1769570819.4873807,42.3448023,-71.0825832,16.659,CE:2D:58:F1:6F:25,256ff1582dce1eff4c001219fe9240ca9d0c04158410751a3c766604e0009687ee6a4902fe,-71265.86662679963,83507.97324143228,-199849.75858703585,88352.09342146423,-198468.3714496361,-66962.80824272135,467,606,492,498,2063,1,1,2,ADV_NONCONN_IND,37,37,0,-1,0,61514872,61515506,56,32,7,pre_aa_hdr_payload
425.2643964290619,1769570819.8753965,42.3448023,-71.0825832,16.659,C2:7F:AD:8B:ED:51,51ed8bad7fc21eff4c001219fdfb6a6c578a2e10210a2a3ae13c280cd8f7e30c44c1c503fd,119132.08853406532,253596.5232402572,-67672.7366266534,220926.68237683518,-54102.99694048519,95593.91429405619,647,414,498,504,2063,1,1,2,ADV_NONCONN_IND,37,37,0,-1,0,61600591,61601225,56,32,8,pre_aa_hdr_payload
426.26985001564026,1769570820.88085,42.3448023,-71.0825832,16.659,EF:1C:CA:FE:72:08,0872feca1cef1eff4c001219ff5d4d794030165c2471a894fddb53e32ca47e213ba5cd00ff,-75399.66075863427,120939.20854691451,-206476.92335614617,88103.67694849402,-178831.3817720262,-58150.64543054921,449,612,498,504,2063,1,1,2,ADV_NONCONN_IND,37,37,5,-1,0,61762862,61763496,55,32,8,pre_aa_hdr_payload
426.95269083976746,1769570821.563691,42.3448023,-71.0825832,16.659,C8:60:14:F4:56:94,9456f41460c81eff4c001219fe35707df0687197defb1d04da37a8731e4177308f1b0f00fe,-68610.49540215106,108934.58879364192,-219393.2345973313,100479.34439341874,-203294.18427128613,-59249.7769427696,503,594,480,486,2063,1,1,2,ADV_NONCONN_IND,37,37,5,-1,0,61870870,61871505,55,32,8,pre_aa_hdr_payload
427.31125926971436,1769570821.9222593,42.3448023,-71.0825832,16.659,CD:25:A4:37:9D:E8,e89d37a425cd1eff4c001219fd56e41c6579d5e6cd6fed8625145e93edf2ce38581bab03fd,66542.48487310176,242679.53237596518,-62539.63080627389,193274.1177362881,-52834.17055806947,66228.22887473136,449,540,534,540,2063,1,1,2,ADV_NONCONN_IND,37,37,1,-1,0,61950610,61951244,56,32,8,pre_aa_hdr_payload
428.7471227645874,1769570823.3581228,42.3448023,-71.0825832,16.659,E9:7B:E2:47:81:39,398147e27be91eff4c001219fe44a4eaf15866b4c442279fee3647d6253169afedb54001fe,-65942.43852405627,125120.86804856118,-204022.07589708737,102949.94234621074,-184326.11262428068,-55745.523183545716,449,696,456,462,2063,1,1,2,ADV_NONCONN_IND,37,37,4,-1,0,62255584,62256218,55,32,8,pre_aa_hdr_payload
429.0945394039154,1769570823.7055395,42.3448023,-71.0825832,16.659,F9:AE:76:CA:B3:FF,ffb3ca76aef91eff4c001219fde56a04648f4cf09941459998273dab766afddaa4bf4c02fd,70131.32240049783,204448.5637849117,-107043.40167062155,212809.12930103918,-62327.64426759895,67323.76175885179,719,498,420,426,2063,1,1,2,ADV_NONCONN_IND,37,37,5,-1,0,62321679,62322314,55,32,8,pre_aa_hdr_payload
430.1389067173004,1769570824.7499068,42.3448023,-71.0825832,16.659,E0:95:AC:5D:31:5A,5a315dac95e01eff4c001219ff53e8f74a031fbdc3ce46c3e431ace8fc388e310252cc02ff,-39218.601206129424,107228.19018928193,-173839.81038703857,77436.02336307189,-163778.12463000463,-38780.23354988362,533,540,492,498,2063,1,1,2,ADV_NONCONN_IND,37,37,0,-1,0,62506684,62507318,56,32,8,pre_aa_hdr_payload
430.5201463699341,1769570825.1311464,42.3448023,-71.0825832,16.659,FA:25:45:F6:B4:CD,cdb4f64525fa1eff4c00121910d3cc1b142ac2db21e2676369911dfda2dc1f71fe0ec502d5,-77214.49894206908,130936.76552843653,-218886.5497813052,93539.85068617358,-200206.64786816522,-58026.51536990413,383,582,546,552,2063,1,1,0,ADV_IND,37,37,5,-1,0,62536251,62536885,55,32,8,pre_aa_hdr_payload
430.92339539527893,1769570825.5343955,42.3448023,-71.0825832,16.659,54:33:C6:01:CC:DF,dfcc01c633540201060303aafe1716aafe00edf1dacbcb18f64af783ce0e00c8aa00000000,-99580.08147883523,78579.1868967352,-219985.56279197475,78841.96804366921,-193053.02591555924,-77319.1418259391,461,702,450,450,2063,1,1,2,ADV_NONCONN_IND,37,37,0,-1,0,62595401,62596035,56,32,8,pre_aa_hdr_payload
430.95181941986084,1769570825.5628195,42.3448023,-71.0825832,16.659,FF:1F:C9:4E:94:56,56944ec91fff1eff4c001219fe6db37e8f576c8b139ef7190e7a2587d12595db19da2f03fe,-60081.46030326666,100055.16195823828,-207625.84059798208,96364.58396267996,-188941.6012637502,-51891.08879823995,509,540,504,510,2063,1,1,2,ADV_NONCONN_IND,37,37,5,-1,0,62633606,62634240,55,32,8,pre_aa_hdr_payload
431.33236861228943,1769570825.9433687,42.3448023,-71.0825832,16.659,F4:16:87:58:30:15,1530588716f41eff4c001219fd40274fe0bb4b73c90025b060a66b7188bd7967afccf903fd,99226.6974513418,254805.04480711732,-70474.85477490471,217443.71711886392,-48189.67907616727,84857.2905261655,533,432,546,552,2063,1,1,2,ADV_NONCONN_IND,37,37,0,-1,0,62697192,62697827,56,32,8,pre_aa_hdr_payload
432.8048725128174,1769570827.4158726,42.3448023,-71.0825832,16.659,E0:E1:F1:B3:9F:9F,9f9fb3f1e1e01eff4c001219fc35086a917d239717325b38c1f8e795d0a9f09a100b9902fc,-88694.70937534994,96689.01886227739,-219192.45255544994,53541.41658981564,-216096.83670298182,-93221.47008238437,395,678,492,498,2063,1,1,2,ADV_NONCONN_IND,37,37,0,-1,0,62968077,62968712,56,32,8,pre_aa_hdr_payload
433.1923201084137,1769570827.8033202,42.3448023,-71.0825832,16.659,D9:50:30:5B:A9:B7,b7a95b3050d91eff4c001219fe7a99c016cdf5b87efba93938f4ede6c04d35728ee04803fe,-63769.77669016086,70124.54341833066,-166542.6876724242,77069.06514892275,-185159.505882887,-54983.53792725172,473,552,516,522,2063,1,1,2,ADV_NONCONN_IND,37,37,0,-1,0,62989859,62990494,56,32,8,pre_aa_hdr_payload
434.2808244228363,1769570828.8918245,42.3448023,-71.0825832,16.659,E5:6C:1D:44:A0:00,00a0441d6ce51eff4c001219ffff9d2d3d5d9797867a57ca61213a1e1bd92fced89a8d03ff,-34227.945612072006,100615.31865029842,-174542.9412367197,82422.6617308309,-153074.09817255833,-35616.76617182986,467,462,564,570,2063,1,1,2,ADV_NONCONN_IND,37,37,2,-1,0,63199242,63199877,56,32,8,pre_aa_hdr_payload
434.6178615093231,1769570829.2288616,42.3448023,-71.0825832,16.659,F3:77:57:42:05:24,2405425777f31eff4c001219fe26ceb6222cae4fba93b4c6d49c4b65e2307ca83b099b02fe,-60929.1223544373,123308.02665010862,-239038.6949563014,100738.68093126452,-186437.43399413466,-52792.7565868362,539,582,468,474,2063,1,1,2,ADV_NONCONN_IND,37,37,0,-1,0,63305151,63305786,56,32,8,pre_aa_hdr_payload
436.3764901161194,1769570830.9874902,42.3448023,-71.0825832,16.659,C1:41:2A:1D:8A:5C,5c8a1d2a41c11eff4c001219fc59ccb8e1ae829d755e1fcb7c30a509127edded54da4101fc,-71512.13052064953,79970.61986455154,-264819.605194982,68682.84324062693,-209059.89383739702,-85591.07839537263,539,522,498,504,2063,1,1,2,ADV_NONCONN_IND,37,37,0,-1,0,63560076,63560710,56,31,8,pre_aa_hdr_payload
436.8700370788574,1769570831.4810371,42.3448023,-71.0825832,16.659,FC:2F:C4:A9:8A:AD,ad8aa9c42ffc1eff4c001219fd3890fd064755898a1b0959556b6e14b481841770cd2f02fd,60566.28989857786,219321.99614929748,-65749.57319167751,207267.104415468,-46474.956199394204,67508.6920029154,431,546,540,546,2063,1,1,2,ADV_NONCONN_IND,37,37,0,-1,0,63620970,63621605,56,32,8,pre_aa_hdr_payload
438.8677296638489,1769570833.4787297,42.3448023,-71.0825832,16.659,F2:39:14:C7:59:9E,9e59c71439f21eff4c001219fdb1f3a370a697cc32dd88d493df4a09211c3f49492eea01fd,70531.97702894289,220138.50802927295,-62077.207527384984,187380.38468569762,-54046.04574366769,65137.391647700984,503,510,522,528,2063,1,1,2,ADV_NONCONN_IND,37,37,2,-1,0,63896143,63896777,56,32,8,pre_aa_hdr_payload
440.4375231266022,1769570835.0485232,42.3448023,-71.0825832,16.659,F0:50:60:63:43:37,3743636050f01eff4c001219fee470481039488d60c23be4c6b0f509e9c88b1715b3ec01fe,-49284.2901323517,115884.94657304078,-213973.63342615814,83966.51763520848,-190569.47695026125,-51848.34524662091,521,540,498,504,2063,1,1,2,ADV_NONCONN_IND,37,37,0,-1,0,64088441,64089075,56,32,8,pre_aa_hdr_payload
440.9793255329132,1769570835.5903256,42.3448023,-71.0825832,16.659,D8:C7:E1:EC:09:A3,a309ece1c7d81eff4c001219fd014303f7a622da6171fb1c726c722ed03cb5df43bb6c01fd,96355.79818415445,246048.18838437615,-76741.02530964608,214718.03175823262,-44771.00999911596,82458.22317514825,527,402,564,570,2063,1,1,2,ADV_NONCONN_IND,37,37,0,-1,0,64149679,64150313,56,32,8,pre_aa_hdr_payload
444.0743179321289,1769570838.685318,42.3448023,-71.0825832,16.659,F5:5F:74:87:E5:37,37e587745ff51eff4c001219ffb229ee71cab67115409a751cd9e433a652b4362e301301ff,-24312.905045956555,132064.92229735665,-204838.15234728975,107760.31220495529,-175874.1899278918,-30005.773544398977,557,492,504,510,2063,1,1,2,ADV_NONCONN_IND,37,37,5,-1,0,64544229,64544864,55,32,8,pre_aa_hdr_payload
444.70156931877136,1769570839.3125694,42.3448023,-71.0825832,16.659,C5:DB:86:FC:04:83,8304fc86dbc51eff4c001219fcc09349830689a71453cb955494d4499ae5fb47b443a800fc,-89256.14381118584,100956.55672469559,-226749.9568019877,64299.53301254192,-210673.98639869315,-91971.29372608908,431,702,462,468,2063,1,1,2,ADV_NONCONN_IND,37,37,4,-1,0,64667574,64668209,55,32,7,pre_aa_hdr_payload
445.0260729789734,1769570839.637073,42.3448023,-71.0825832,16.659,CA:D2:8D:03:7A:D1,d17a038dd2ca1eff4c001219fee13b1dbc6cf31ca3a5ddb4f5ce92621a109661ecf89a00fe,-77986.09687602511,112023.94496152984,-210891.89994095772,91441.30008489362,-188399.23697739787,-64481.56292342894,389,636,516,522,2063,1,1,2,ADV_NONCONN_IND,37,37,5,-1,0,64696152,64696786,55,32,8,pre_aa_hdr_payload
445.3753068447113,1769570839.986307,42.3448023,-71.0825832,16.659,DA:38:EC:DD:3B:26,263bddec38da1eff4c00121910ffe5739bd03571d975f84828bc306cb55bd07482b1c4027a,-35561.29814698178,127843.38569439783,-214642.8892750312,99085.68254229927,-170866.23903000765,-44985.23494464885,521,486,528,528,2063,1,1,0,ADV_IND,37,37,1,-1,0,64757969,64758604,56,32,8,pre_aa_hdr_payload
445.38893818855286,1769570839.9999382,42.3448023,-71.0825832,16.659,D4:5D:B8:45:87:B7,b78745b85dd41eff4c001219fde04287a6610e7cfd562ec0d7847ae89c8fc49c2d268601fd,84475.16791018161,198806.06046504807,-66971.65081918232,207184.43071286642,-75395.39874446437,77867.14508309473,755,474,414,420,2063,1,1,2,ADV_NONCONN_IND,37,37,0,-1,0,64776292,64776926,56,32,8,pre_aa_hdr_payload
446.88948011398315,1769570841.5004802,42.3448023,-71.0825832,16.659,FF:AD:CA:2E:57:98,98572ecaadff1eff4c001219fcbba4d7fbd6c41d0deb310b1406bdf2dde7e9301f688701fc,-74261.87930725224,54762.74132762876,-207990.00987336345,65888.2443787419,-188380.36268487034,-71482.63505997957,515,594,474,480,2063,1,1,2,ADV_NONCONN_IND,37,37,0,-1,0,65043196,65043831,56,32,8,pre_aa_hdr_payload
447.57317304611206,1769570842.184173,42.3448023,-71.0825832,16.659,DB:E3:A7:3E:33:21,21333ea7e3db1eff4c001219fda0aa751ae6574e521f332fa90800e30bd07eb4df6a9e00fd,99913.65795770593,255345.145045793,-63223.362547830315,215869.97873835082,-60638.728999216866,91777.49388629945,581,480,498,504,2063,1,1,2,ADV_NONCONN_IND,37,37,0,-1,0,65146974,65147608,56,32,8,pre_aa_hdr_payload
448.75847601890564,1769570843.369476,42.3448023,-71.0825832,16.659,E0:1F:6A:D0:31:10,1031d06a1fe01eff4c001219fe56642edaf24274a25940f18337fe29ca9e49d534428002fe,-60340.67309743743,104211.00714624116,-220526.251052623,90983.97556300422,-174084.8532771513,-51518.21102793571,497,540,510,516,2063,1,1,2,ADV_NONCONN_IND,37,37,5,-1,0,65403130,65403764,55,32,8,pre_aa_hdr_payload
449.68764662742615,1769570844.2986467,42.3448023,-71.0825832,16.659,D1:15:7D:F2:BA:A3,a3baf27d15d11eff4c001219ffc1052d01904fd19756e16f25ecfbccc1d02d3c72ac6802ff,-46677.509300418234,120273.04072266379,-201351.41834106034,100711.65047971527,-174672.86431572188,-42418.57115522595,491,534,516,522,2063,1,1,2,ADV_NONCONN_IND,37,37,2,-1,0,65519645,65520280,56,32,8,pre_aa_hdr_payload
450.36511421203613,1769570844.9761143,42.3448023,-71.0825832,16.659,C2:72:2A:F1:A2:90,90a2f12a72c21eff4c001219fc7ff6f19866024af218917d1f1f144bd46fb0f8c5755500fc,-65013.482992079895,89007.9195437624,-172537.88567455884,77459.90661575808,-183553.16608851007,-66850.23622100054,449,804,402,408,2063,1,1,2,ADV_NONCONN_IND,37,37,0,-1,0,65566992,65567627,56,32,8,pre_aa_hdr_payload
451.1161289215088,1769570845.727129,42.3448023,-71.0825832,16.659,DA:38:EC:DD:3B:26,263bddec38da1eff4c00121910ffe5739bd03571d975f84828bc306cb55bd07482b1c4027a,-34853.46287493551,135100.11940914704,-211435.68712125588,105501.48473989163,-178403.24757442615,-36005.219477144,521,486,528,528,2063,1,1,0,ADV_IND,37,37,5,-1,0,65609698,65610333,55,32,8,pre_aa_hdr_payload
451.8773093223572,1769570846.4883094,42.3448023,-71.0825832,16.659,C1:18:EE:E5:E9:1A,1ae9e5ee18c11eff4c001219ff7759f1b6a6d094a7ebc824d6915743e9c052e6ca9a2402ff,-68912.41110825917,130571.990702003,-220687.83234848615,111464.44116153299,-180650.8750974725,-51825.02084128305,455,606,498,504,2063,1,1,2,ADV_NONCONN_IND,37,37,4,-1,0,65694295,65694930,55,32,8,pre_aa_hdr_payload
452.6722366809845,1769570847.2832367,42.3448023,-71.0825832,16.659,CA:E0:CB:38:27:D4,d42738cbe0ca1eff4c001219fe38ac5e048c3e65bc8b1a2518898e594960793204234901fe,-52168.2023328835,94381.21159668622,-187771.2651303687,64163.457123653745,-180617.48233150246,-54444.79437061976,491,510,528,534,2063,1,1,2,ADV_NONCONN_IND,37,37,5,-1,0,65767798,65768432,55,32,8,pre_aa_hdr_payload
453.2060923576355,1769570847.8170924,42.3448023,-71.0825832,16.659,CA:D2:37:54:57:3B,3b575437d2ca1eff4c001219fd716e00cff3270bc78fd343c4610b3e3e2c8a73343bb303fd,86734.43796583863,196738.77250889852,-56195.09896956595,208094.3164197433,-37792.183272808645,84607.60347476641,581,432,522,528,2063,1,1,2,ADV_NONCONN_IND,37,37,4,-1,0,65810291,65810925,55,32,8,pre_aa_hdr_payload
453.70197463035583,1769570848.3129747,42.3448023,-71.0825832,16.659,ED:04:A4:6B:07:C6,c6076ba404ed1eff4c001219fff603cb5dcb8caf131d2e1cf808744e1371b5af97de4503ff,-32763.71313438595,124200.97692253655,-175899.69885641226,93396.53778112507,-164201.77725199965,-31903.857035920064,503,522,516,522,2063,1,1,2,ADV_NONCONN_IND,37,37,5,-1,0,65898518,65899152,55,32,8,pre_aa_hdr_payload
454.6601848602295,1769570849.271185,42.3448023,-71.0825832,16.659,E2:54:A8:F3:83:80,8083f3a854e21eff4c001219fc0e83b69e38f951362f6df8f59e80d8aa10a7fa02d09201fc,-99434.76920402546,101312.15952118687,-215184.10698554473,50095.393796836666,-213563.8587398211,-85046.83184266638,431,738,444,450,2063,1,1,2,ADV_NONCONN_IND,37,37,4,-1,0,65937454,65938088,55,32,8,pre_aa_hdr_payload
454.67394185066223,1769570849.284942,42.3448023,-71.0825832,16.659,F3:53:C1:7A:84:31,31847ac153f31eff4c001219fee352bfc9717b254164ad4f1d69ad02088ac31012a80602fe,-58386.18244699795,123175.87533568038,-234674.48078893748,94505.04687090295,-182662.099157202,-53763.36330712462,509,552,498,504,2063,1,1,2,ADV_NONCONN_IND,37,37,5,-1,0,65955945,65956579,55,32,8,pre_aa_hdr_payload
455.2485194206238,1769570849.8595195,42.3448023,-71.0825832,16.659,FB:8F:56:D7:60:63,6360d7568ffb1eff4c001219fdb3b67fe5893ee42b815289739d5cc632b48f9f7f152002fd,62034.858834915336,233806.24405048828,-90933.54413559788,205690.46268176765,-49944.15638310388,65276.96096858894,491,546,510,516,2063,1,1,2,ADV_NONCONN_IND,37,37,5,-1,0,66004784,66005418,55,32,8,pre_aa_hdr_payload
455.8015103340149,1769570850.4125104,42.3448023,-71.0825832,16.659,DB:59:28:EB:36:59,5936eb2859db1eff4c001219ff566a7aa5acb372fe10af188306986884b70691e412e203ff,-43118.07004561881,109134.48891728808,-201885.55942656993,91445.66755578054,-170055.1726101743,-46911.38600437508,455,510,546,552,2063,1,1,2,ADV_NONCONN_IND,37,37,2,-1,0,66111974,66112609,56,32,8,pre_aa_hdr_payload
456.7583212852478,1769570851.3693213,42.3448023,-71.0825832,16.659,DA:38:D7:A9:C8:C4,c4c8a9d738da1eff4c001219fc413ba079608480b9559ec97abf36bdf31504e7ae440f03fc,-87024.19451224981,53118.96736853775,-238541.59690499166,62208.13034102532,-217574.1822851972,-91341.82993707896,485,498,540,540,2063,1,1,2,ADV_NONCONN_IND,37,37,0,-1,0,66205158,66205793,56,32,8,pre_aa_hdr_payload
456.7736608982086,1769570851.384661,42.3448023,-71.0825832,16.659,ED:82:73:50:D2:27,27d2507382ed1eff4c001219febad4b4457e914f56fec5dd94ebee9f885d6821ecc7e801fe,-82001.78565328465,102047.1249314154,-225638.4938403817,93982.7824830326,-192661.80240540107,-66750.65412806103,425,588,522,528,2063,1,1,2,ADV_NONCONN_IND,37,37,5,-1,0,66225776,66226410,55,32,8,pre_aa_hdr_payload
458.89061188697815,1769570853.501612,42.3448023,-71.0825832,16.659,DA:38:EC:DD:3B:26,263bddec38da1eff4c00121910ffe5739bd03571d975f84828bc306cb55bd07482b1c4027a,-33757.822267839525,122564.21281556218,-161298.5300878997,70629.876981262,-152644.04176651602,-40545.38421742495,485,558,510,510,2063,1,1,0,ADV_IND,37,37,5,-1,0,66510704,66511339,55,28,8,pre_aa_hdr_payload
458.8952462673187,1769570853.5062463,42.3448023,-71.0825832,16.659,C5:23:02:ED:EA:7F,7feaed0223c51eff4c001219fdb873a92c2322a0a925b74056fab4c75bf397843324cf02fd,71143.4497153045,244393.19842872108,-64705.01720699759,205355.0883666767,-59587.472876783824,76125.5345962232,509,576,486,492,2063,1,1,2,ADV_NONCONN_IND,37,37,0,-1,0,66516933,66517567,56,32,8,pre_aa_hdr_payload
459.82875299453735,1769570854.439753,42.3448023,-71.0825832,16.659,E9:05:30:5F:ED:70,70ed5f3005e91eff4c001219ffd34df604efe0063a22d3117ef7018992d3ed01b6b8cf02ff,-53791.86992446555,102081.59368418608,-197360.57663212196,90749.10705837116,-171791.54951721508,-52818.77905928627,443,570,522,528,2063,1,1,2,ADV_NONCONN_IND,37,37,0,-1,0,66645998,66646632,56,32,8,pre_aa_hdr_payload
461.2163119316101,1769570855.827312,42.3448023,-71.0825832,16.659,DC:B5:68:68:EE:E5,e5ee6868b5dc1eff4c001219fde551494494f5cd3b39084217938dc9fa259be05e5c0902fd,79485.71471401113,246616.9176779987,-61967.94251047831,198127.3097368234,-51383.702311101755,81177.82885987402,521,516,510,516,2063,1,1,2,ADV_NONCONN_IND,37,37,0,-1,0,66800346,66800980,56,32,8,pre_aa_hdr_payload
461.7995069026947,1769570856.410507,42.3448023,-71.0825832,16.659,EB:F0:46:5D:1A:0E,0e1a5d46f0eb1eff4c001219ffaf9f9a45805d660aec434e147298e9cd6ee7a9e8c1f903ff,-63363.52984432448,116144.24773056654,-190352.04876747043,84602.1526119432,-172109.1997348505,-49785.668702853465,419,546,546,552,2063,1,1,2,ADV_NONCONN_IND,37,37,5,-1,0,66905123,66905758,55,32,8,pre_aa_hdr_payload
462.8539659976959,1769570857.464966,42.3448023,-71.0825832,16.659,E7:91:02:F1:2D:13,132df10291e71eff4c001219fe680a622c9eb87d3a4e32861702d70032522ee84f369d01fe,-48957.81420431629,105801.9510094361,-216101.32711202066,111260.44985517922,-187489.45523897262,-43879.575244355525,533,528,498,504,2063,1,1,2,ADV_NONCONN_IND,37,37,5,-1,0,66985736,66986371,55,32,8,pre_aa_hdr_payload
464.5902771949768,1769570859.2012773,42.3448023,-71.0825832,16.659,C8:5B:E1:7F:54:A2,a2547fe15bc81eff4c001219fe4b355d41e8c1c8024804e4ed7b3280b7eea8cea9345403fe,-106217.09014176764,112768.02950796428,-236484.04267482867,85433.55413361803,-186152.2729141662,-77907.39595959315,395,666,498,504,2063,1,1,2,ADV_NONCONN_IND,37,37,5,-1,0,67227118,67227752,55,32,8,pre_aa_hdr_payload
466.7467939853668,1769570861.357794,42.3448023,-71.0825832,16.659,D4:B0:00:A1:A1:F6,f6a1a100b0d41eff4c001219fe36da3479c706e423f38d2a1c3a2d374d54630ea96b7802fe,-57341.44809363599,123637.42422924074,-230011.8275633702,90843.55404262374,-194836.9618321331,-58757.05010036293,503,558,498,504,2063,1,1,2,ADV_NONCONN_IND,37,37,1,-1,0,67521890,67522524,56,32,8,pre_aa_hdr_payload
468.62339663505554,1769570863.2343967,42.3448023,-71.0825832,16.659,FB:74:FA:41:F0:DC,dcf041fa74fb1eff4c001219fc2b8e6e77538efe37af07e860e0eded0fe20b3a166b3000fc,-83202.93133887426,51673.75895616647,-216748.88874368844,53867.80102236535,-194803.62476103453,-72863.15030824281,521,552,492,498,2063,1,1,2,ADV_NONCONN_IND,37,37,0,-1,0,67879949,67880584,56,32,8,pre_aa_hdr_payload
468.6333556175232,1769570863.2443557,42.3448023,-71.0825832,16.659,D5:04:DC:75:67:17,176775dc04d51eff4c001219fe8ba516162421136492ce4803f7da048acea914741b6d02fe,-69604.665011238,117049.9679970964,-231125.78477984658,86724.54296627906,-186798.00623263104,-64358.882208122304,497,612,474,480,2063,1,1,2,ADV_NONCONN_IND,37,37,5,-1,0,67893336,67893971,55,32,8,pre_aa_hdr_payload
469.274276971817,1769570863.885277,42.3448023,-71.0825832,16.659,C2:FC:4D:12:64:1E,1e64124dfcc21eff4c001219fd15dab9f585ef2344349df3ec01594dbbc97c79e2ad4600fd,55458.84518431861,181268.97240556442,-65147.75394702492,172737.25272654815,-52958.31148894636,55884.04287702365,527,498,516,522,2063,1,1,2,ADV_NONCONN_IND,37,37,1,-1,0,67983978,67984613,56,32,8,pre_aa_hdr_payload
470.30260729789734,1769570864.9136074,42.3448023,-71.0825832,16.659,F1:C2:70:1D:FA:1B,1bfa1d70c2f11eff4c001219ff3d69a26a6b1cdffb31c14546b21693ed99bd649db00a00ff,-45390.05421384364,110096.99755425683,-193789.71934467717,89373.9417135233,-175730.61492290942,-47543.89558309621,485,540,516,522,2063,1,1,2,ADV_NONCONN_IND,37,37,2,-1,0,68163557,68164192,56,32,8,pre_aa_hdr_payload
471.02852058410645,1769570865.6395206,42.3448023,-71.0825832,16.659,CC:20:C5:60:D0:9C,9cd060c520cc1eff4c001219fdf2514320d0cdb7ec83fc71044d8884afb1c83940592a00fd,82456.39166147326,226909.29787401788,-68185.07078399797,206885.6647352644,-50836.48128108373,68952.07048770411,509,504,522,528,2063,1,1,2,ADV_NONCONN_IND,37,37,0,-1,0,68330804,68331439,56,32,8,pre_aa_hdr_payload
472.0522964000702,1769570866.6632965,42.3448023,-71.0825832,16.659,F1:3B:62:DA:48:3F,3f48da623bf11eff4c001219ff9179cce902128b3ef2b4188f2b473d904432440d5a0e00ff,-16668.519962826962,119807.09568001119,-201164.8788321606,111214.01455906538,-169726.11193343948,-27331.213101823003,593,480,492,498,2063,1,1,2,ADV_NONCONN_IND,37,37,2,-1,0,68473671,68474305,56,32,8,pre_aa_hdr_payload
472.74699330329895,1769570867.3579934,42.3448023,-71.0825832,16.659,CD:11:03:71:B3:C5,c5b3710311cd1eff4c001219fe165b68781c39b2b5f17b7ce210cce503c69d08b661ae00fe,-83794.56801749158,71058.1695684427,-201795.96220311598,87693.65135153756,-173743.74298920212,-65612.790944195,479,630,474,480,2063,1,1,2,ADV_NONCONN_IND,37,37,0,-1,0,68597616,68598250,56,32,8,pre_aa_hdr_payload
474.5056731700897,1769570869.1166732,42.3448023,-71.0825832,16.659,D5:69:BD:4D:DC:67,67dc4dbd69d51eff4c001219fc3411167503670936507a2bf60d1f4e22895dd0305d6c01fc,-105596.50342171862,75678.80644299785,-257819.00755008994,44155.01219973267,-210222.89196085962,-103372.5122130872,425,648,492,498,2063,1,1,2,ADV_NONCONN_IND,37,37,0,-1,0,68928897,68929532,56,32,8,pre_aa_hdr_payload
474.83741998672485,1769570869.44842,42.3448023,-71.0825832,16.659,CB:72:5D:90:E6:78,78e6905d72cb1eff4c001219fed887655a6292d9939fcd16c72ec392164d36485c5b1400fe,-66771.62349053826,90522.74209603333,-206624.04953364347,88804.80594166355,-181035.82415862402,-57537.888000420375,473,552,516,522,2063,1,1,2,ADV_NONCONN_IND,37,37,0,-1,0,68951081,68951716,56,32,8,pre_aa_hdr_payload
475.9816563129425,1769570870.5926564,42.3448023,-71.0825832,16.659,E9:59:8B:4C:6C:AF,af6c4c8b59e91eff4c001219ff6b95fb680fb0786f9f0bbaad3ab47d874004c791758100ff,-65977.76340872285,132178.6607605703,-217078.1484437307,107593.32361203068,-181350.76553969263,-50829.60240978789,455,594,504,510,2063,1,1,2,ADV_NONCONN_IND,37,37,5,-1,0,69188330,69188965,55,32,8,pre_aa_hdr_payload
478.1397166252136,1769570872.7507167,42.3448023,-71.0825832,16.659,D8:CB:D5:ED:48:4C,4c48edd5cbd81eff4c001219ff0db5bba0503e93de969788e2fb576d3d93f2857ee92700ff,-40920.830202845114,125625.96972185916,-198392.26313929658,87455.30286434147,-166763.06749234325,-39152.87666047862,503,510,522,528,2063,1,1,2,ADV_NONCONN_IND,37,37,5,-1,0,69592381,69593016,55,32,8,pre_aa_hdr_payload
479.27383613586426,1769570873.8848362,42.3448023,-71.0825832,16.659,F8:ED:00:32:B9:5A,5ab93200edf81eff4c001219fd38685aed2f97db63efcd8e21497353885081f4d5ccc602fd,116129.95002769168,233081.01973944076,-46519.56759936602,200157.792798995,-44919.83414666565,97027.94015627506,641,432,492,498,2063,1,1,2,ADV_NONCONN_IND,37,37,0,-1,0,69771676,69772310,56,31,8,pre_aa_hdr_payload
479.9848909378052,1769570874.595891,42.3448023,-71.0825832,16.659,E4:FC:37:44:B3:BA,bab34437fce41eff4c001219ff0275fa51d98e38de2d15b69ab54768cfae1e4447ff8800ff,-54398.760692252086,116785.42025503682,-203024.7043679999,101348.29428851527,-173545.14541880804,-46018.27740270025,449,552,528,534,2063,1,1,2,ADV_NONCONN_IND,37,37,5,-1,0,69920295,69920930,55,32,8,pre_aa_hdr_payload
480.33803367614746,1769570874.9490337,42.3448023,-71.0825832,16.659,C0:AF:07:BD:9F:AF,af9fbd07afc01eff4c001219fe5051b63eee6784be5f01d9b4916d377e1404061ad5a300fe,-86884.78039038842,104463.28956953928,-217224.40207082228,89738.62537130911,-189855.60219476104,-66340.70562714722,455,630,486,492,2063,1,1,2,ADV_NONCONN_IND,37,37,1,-1,0,69988710,69989345,56,32,8,pre_aa_hdr_payload
480.9562289714813,1769570875.567229,42.3448023,-71.0825832,16.659,E2:0F:EF:A4:F5:35,35f5a4ef0fe21eff4c001219fdddce3cd05bb2dafeef6418add4ab673c523182e49e0602fd,91701.74996541647,236919.67150662057,-89646.0006452572,219534.45387493382,-51228.86152159563,80125.07306208496,569,456,516,522,2063,1,1,2,ADV_NONCONN_IND,37,37,5,-1,0,70045101,70045735,55,31,8,pre_aa_hdr_payload
482.13885974884033,1769570876.7498598,42.3448023,-71.0825832,16.659,E4:E8:27:4D:B5:7E,7eb54d27e8e41eff4c001219fccadc4636d6faaf571ed09d7093196b6552fcaa15599b00fc,-66072.46825057521,63922.55997412582,-224437.31845432371,52437.0490017393,-188729.65115794606,-66868.82045294027,551,486,510,516,2063,1,1,2,ADV_NONCONN_IND,37,37,2,-1,0,70168956,70169590,56,31,8,pre_aa_hdr_payload
484.3546521663666,1769570878.9656522,42.3448023,-71.0825832,16.659,E6:BB:19:44:6D:77,776d4419bbe61eff4c001219fec02da5a0c723e3106f5d15a7b1014e18486b62cc66ae00fe,-79214.85502433196,148096.82122444085,-144421.27473358423,112446.8942218658,-173176.587945268,-62885.30413679489,281,1032,372,378,2063,1,1,2,ADV_NONCONN_IND,37,37,3,-1,0,70363942,70364576,55,32,8,pre_aa_hdr_payload
486.3996727466583,1769570881.0106728,42.3448023,-71.0825832,16.659,F4:55:ED:7C:D5:CF,cfd57ced55f41eff4c001219fcd3417d46038d7484112329002a05b2315c2755cfa18702fc,-63225.22562820488,61041.701335113,-199291.31601068945,72593.0485357099,-211228.1608640058,-71723.86698037518,533,552,486,492,2063,1,1,2,ADV_NONCONN_IND,37,37,0,-1,0,70552512,70553146,56,32,8,pre_aa_hdr_payload
487.71160316467285,1769570882.3226032,42.3448023,-71.0825832,16.659,C8:F9:87:F6:0B:EE,ee0bf687f9c81eff4c001219ff035bbf4826e4fdee23b031780ef756b6cde36764958502ff,-66873.95537697522,137485.16381052975,-216692.79165536983,94724.2099863905,-182264.02063064993,-55997.22016807125,419,582,528,534,2063,1,1,2,ADV_NONCONN_IND,37,37,4,-1,0,70702308,70702943,55,32,8,pre_aa_hdr_payload
488.3877673149109,1769570882.9987674,42.3448023,-71.0825832,16.659,E1:1A:2C:E0:8E:93,938ee02c1ae11eff4c001219fc04783e7d61b7b64a58c64b2a6462f1683e29e65f14cf03fc,-82453.91571789542,57375.768675856925,-206991.0283387832,45010.77542562443,-181979.65964121177,-80377.78418693831,461,636,480,486,2063,1,1,2,ADV_NONCONN_IND,37,37,1,-1,0,70745215,70745849,56,32,8,pre_aa_hdr_payload
488.39478373527527,1769570883.0057838,42.3448023,-71.0825832,16.659,DA:3F:75:8D:25:CF,cf258d753fda1eff4c001219fe36820df501fec9d3c829ad6db2b8f949391d84aff0a903fe,-43847.00064153949,75666.32105988348,-198164.26676372875,94320.6603846518,-179311.4858657827,-48372.18147823575,509,480,534,540,2063,1,1,2,ADV_NONCONN_IND,37,37,5,-1,0,70754646,70755280,55,32,8,pre_aa_hdr_payload
490.13799476623535,1769570884.7489948,42.3448023,-71.0825832,16.659,FC:04:79:85:FB:5C,5cfb857904fc1eff4c001219ff141bf81362c996b815fc31082f1539648e6f36834f4701ff,-55574.246922343205,118772.37063253864,-155075.08651144296,67639.49451263553,-152777.36361263486,-42246.581161313814,468,647,474,474,2063,1,1,2,ADV_NONCONN_IND,37,37,1,-1,0,70923310,70923945,56,32,8,pre_aa_hdr_payload
490.6645038127899,1769570885.2755039,42.3448023,-71.0825832,16.659,CC:8D:79:63:65:13,136563798dcc1eff4c001219fc2efeadfb9f84c566abde2868a83525f788ed520d3f9500fc,-94786.30608789843,60628.029449350586,-235034.2570943031,52225.061180381505,-215438.97770510174,-84542.31017541137,473,540,522,528,2063,1,1,2,ADV_NONCONN_IND,37,37,5,-1,0,70994908,70995543,55,32,8,pre_aa_hdr_payload
490.6757254600525,1769570885.2867255,42.3448023,-71.0825832,16.659,C9:67:E4:1C:80:34,34801ce467c91eff4c001219fe5e23f616591886918d810f7a9c2f7009353d72845c5901fe,-59046.84316762794,101860.83022677901,-210198.4168755257,88410.9189901469,-181074.64444050187,-53841.31483100447,473,528,528,534,2063,1,1,2,ADV_NONCONN_IND,37,37,0,-1,0,71009991,71010626,56,32,8,pre_aa_hdr_payload
491.9469232559204,1769570886.5579233,42.3448023,-71.0825832,16.659,DA:CC:15:4D:CB:F5,f5cb4d15ccda1eff4c001219ffd01f3225d0f2148b4e1068aba742f1bbfe67581f49b202ff,-39218.85022344329,119008.74523675555,-125647.15337626493,67106.50996913554,-129784.86269315804,-37952.39095152332,359,702,498,504,2063,1,1,2,ADV_NONCONN_IND,37,37,5,-1,0,71208209,71208844,55,32,8,pre_aa_hdr_payload
492.4980278015137,1769570887.1090279,42.3448023,-71.0825832,16.659,FD:A3:E6:09:B0:AA,aab009e6a3fd1eff4c001219feed4c548fdbe02fe55e25ea5ad121c54ef9b7712d329503fe,-56612.41077600937,86721.81440475507,-202197.62329461446,85352.9348833137,-165551.3899572986,-51860.21630892653,473,540,522,528,2063,1,1,2,ADV_NONCONN_IND,37,37,5,-1,0,71295391,71296026,55,32,8,pre_aa_hdr_payload
492.9557538032532,1769570887.5667539,42.3448023,-71.0825832,16.659,CB:96:81:7E:B5:13,13b57e8196cb1eff4c001219fd604f02db9815501d2d6e068cf32871291d485d2a348f00fd,83399.51983599864,173400.5782679154,-110242.15014608165,166470.46016951476,-65695.00582368334,72890.21507966224,935,336,396,396,2063,1,1,2,ADV_NONCONN_IND,37,37,2,-1,0,71360558,71361193,56,32,8,pre_aa_hdr_payload
494.4699275493622,1769570889.0809276,42.3448023,-71.0825832,16.659,D0:42:67:1C:A5:70,70a51c6742d01eff4c001219fcdaa00e910fd6141ff474b835e5624a7ca302bc301eec03fc,-56484.30915497776,74902.08266360742,-191298.10797973012,78431.26489718989,-178626.0490115257,-59739.00950873331,545,648,432,438,2063,1,1,2,ADV_NONCONN_IND,37,37,0,-1,0,71543959,71544593,56,32,8,pre_aa_hdr_payload
494.89601850509644,1769570889.5070186,42.3448023,-71.0825832,16.659,E0:37:7D:E4:0B:EC,ec0be47d37e01eff4c001219fe7826036bc85772492711f08d888b35da5222d1e5b69502fe,-47705.449214655215,123864.71427622806,-214288.60599001215,81959.40709005644,-185403.70292980864,-45850.441058743076,509,492,528,534,2063,1,1,2,ADV_NONCONN_IND,37,37,5,-1,0,71565262,71565896,55,32,8,pre_aa_hdr_payload
495.28161096572876,1769570889.892611,42.3448023,-71.0825832,16.659,D6:B3:E4:5F:D6:E6,e6d65fe4b3d61eff4c001219fde6a417c6c79d0b6c5d6e446aaaa6d7d212f92a5e7a4501fd,72301.06717443083,234459.4770133443,-91182.48521445983,209104.10789432927,-58106.2219042179,69025.92838401452,545,492,510,516,2063,1,1,2,ADV_NONCONN_IND,37,37,0,-1,0,71655788,71656422,56,32,8,pre_aa_hdr_payload
495.9873468875885,1769570890.598347,42.3448023,-71.0825832,16.659,CF:88:3D:53:F2:C7,c7f2533d88cf1eff4c001219ffcea0270b8bf394ea8d5274457822d4d63276e53d7e6a00ff,-68482.34397765668,82581.49034990804,-169140.60724993044,77515.49126243556,-169315.3962223382,-54504.44131454809,395,570,546,552,2063,1,1,2,ADV_NONCONN_IND,37,37,2,-1,0,71794569,71795204,56,32,8,pre_aa_hdr_payload
496.4989628791809,1769570891.109963,42.3448023,-71.0825832,16.659,ED:08:5D:37:3B:47,473b375d08ed1eff4c001219fc520508d4cbaf683e737483b8c8cf512a3d3f79a2957c00fc,-107735.42696697576,70098.9151820917,-249601.01272844317,47800.30457434025,-228407.77693953447,-108815.11288500416,449,600,504,510,2063,1,1,2,ADV_NONCONN_IND,37,37,0,-1,0,71871687,71872321,56,32,8,pre_aa_hdr_payload
498.04986333847046,1769570892.6608634,42.3448023,-71.0825832,16.659,DD:3A:DF:A9:2C:6E,6e2ca9df3add1eff4c001219ffd207742aa45ffd95472257f3f94e94e86ec3ce83dda502ff,-65784.220037608,124552.19262341846,-205804.20619488618,93121.42784529016,-172530.43731789678,-51840.858678032135,437,576,522,528,2063,1,1,2,ADV_NONCONN_IND,37,37,4,-1,0,72109503,72110138,55,32,8,pre_aa_hdr_payload
498.576810836792,1769570893.187811,42.3448023,-71.0825832,16.659,EC:3C:3C:A9:DC:75,75dca93c3cec1eff4c001219fc6e5d296923fa6a18bc75e4a313d48db98f04dafb08e100fc,-111328.51913304869,65513.68362591587,-253818.33935006114,56172.7562990842,-226676.00117583654,-106707.5987902906,449,576,516,522,2063,1,1,2,ADV_NONCONN_IND,37,37,1,-1,0,72183032,72183667,56,32,8,pre_aa_hdr_payload
498.5919806957245,1769570893.2029808,42.3448023,-71.0825832,16.659,FC:21:A2:B2:6A:5D,5d6ab2a221fc1eff4c001219fe2d4355c5e0ba78af4f236908457588b5940cb083acdf01fe,-43039.18491797716,87047.29397345209,-189306.10499778768,93716.06857834476,-181283.3304552219,-47497.38011400904,569,528,480,486,2063,1,1,2,ADV_NONCONN_IND,37,37,0,-1,0,72203422,72204057,56,32,8,pre_aa_hdr_payload
501.17742562294006,1769570895.7884257,42.3448023,-71.0825832,16.659,EF:0D:0D:CC:02:9A,9a02cc0d0def1eff4c001219fde5c20c7b50d3e64ffe41e22910364ad85909794e9afa02fd,73106.4674300487,240423.79066984533,-56312.43295519905,194663.32343146842,-46358.94738842307,78634.24174354799,485,528,522,528,2063,1,1,2,ADV_NONCONN_IND,37,37,0,-1,0,72571699,72572333,56,32,8,pre_aa_hdr_payload
501.98414516448975,1769570896.5951452,42.3448023,-71.0825832,16.659,E3:73:1B:7E:25:59,59257e1b73e31eff4c001219ffa448e2a94f7c9d2fbdcc0b5394f5a2d1266ff3e28f7c03ff,-64246.43851757736,100958.61255630276,-185780.24207299738,105978.45496866314,-179866.50932132942,-46058.012398030034,491,582,492,498,2063,1,1,2,ADV_NONCONN_IND,37,37,4,-1,0,72727932,72728566,55,32,8,pre_aa_hdr_payload
502.363000869751,1769570896.974001,42.3448023,-71.0825832,16.659,EC:F5:06:51:31:74,74315106f5ec1eff4c001219fc6d7567f0e59bb56d66c120d340dc90f78517c08fec8600fc,-95404.72279992663,65267.370748145804,-223001.30280817178,56970.10049369197,-207505.86791607042,-78175.97271162923,449,564,522,528,2063,1,1,2,ADV_NONCONN_IND,37,37,0,-1,0,72794618,72795252,56,32,8,pre_aa_hdr_payload
502.3713266849518,1769570896.9823267,42.3448023,-71.0825832,16.659,E1:4F:55:A2:FD:B7,b7fda2554fe11eff4c001219fe983a26a3f0b63995ac3523175b1505712d29efc23b2a03fe,-88252.34790422299,89516.70849702266,-213273.58157163687,90972.92792572912,-184340.83296069695,-67138.8442330493,443,630,492,498,2063,1,1,2,ADV_NONCONN_IND,37,37,0,-1,0,72805808,72806443,56,31,8,pre_aa_hdr_payload
503.0053503513336,1769570897.6163504,42.3448023,-71.0825832,16.659,F1:48:5F:18:C3:42,42c3185f48f11eff4c001219fdd247cf835311feab0534aec1d34f23e033d3aa97cc7401fd,107131.8445720734,250276.0866558585,-54402.936127755915,214859.95113119032,-47498.07853657256,96848.66617423233,587,474,498,504,2063,1,1,2,ADV_NONCONN_IND,37,37,1,-1,0,72872720,72873355,56,32,8,pre_aa_hdr_payload
504.20188784599304,1769570898.812888,42.3448023,-71.0825832,16.659,E2:48:B1:7E:7F:67,677f7eb148e21eff4c001219ff9b4cab60dff7217d76dbd59345349af0ed9bc8d9906802ff,-37967.552450841635,91242.56953061801,-163359.1694589417,86853.14255179344,-171771.73000063084,-43320.72806790763,527,582,474,480,2063,1,1,2,ADV_NONCONN_IND,37,37,1,-1,0,73014943,73015577,56,32,8,pre_aa_hdr_payload
504.59821915626526,1769570899.2092192,42.3448023,-71.0825832,16.659,E0:74:9C:BD:1E:7D,7d1ebd9c74e01eff4c001219fe1627e1650c1f081eaf5bff957bec640314015c10ce6301fe,-73190.51433086772,132691.14114051007,-237810.05695665596,85062.08556748233,-189498.5731068363,-59713.64982422542,467,582,504,510,2063,1,1,2,ADV_NONCONN_IND,37,37,0,-1,0,73114527,73115162,56,32,8,pre_aa_hdr_payload
505.07441782951355,1769570899.685418,42.3448023,-71.0825832,16.659,D2:DF:26:10:9B:1A,1a9b1026dfd21eff4c001219fd52e78fcf107f223d3e709efdc8ae8c8e0b188dc96d5301fd,78465.14926965469,245199.31016132166,-79249.28167792964,217744.0407956083,-64292.84405952658,69699.89066579034,527,510,510,516,2063,1,1,2,ADV_NONCONN_IND,37,37,0,-1,0,73181674,73182308,56,32,8,pre_aa_hdr_payload
506.80299139022827,1769570901.4139915,42.3448023,-71.0825832,16.659,C3:7C:1D:16:9B:C4,c49b161d7cc31eff4c001219fef36d117558d41106f2f1c640690c94a76f1f844c927502fe,-68534.33879279131,123247.67175676613,-237284.71386304902,87123.5742313035,-182089.30124528316,-56892.5203794089,455,534,534,540,2063,1,1,2,ADV_NONCONN_IND,37,37,5,-1,0,73443245,73443880,55,31,8,pre_aa_hdr_payload
508.1335334777832,1769570902.7445335,42.3448023,-71.0825832,16.659,C2:2B:AD:7C:81:7F,7f817cad2bc21eff4c001219ff927afc84f742abb6f8a9df0ee7c3929da0c1799d8fd401ff,-11519.097154883231,136310.67120303476,-206598.31028429623,115886.17019303776,-172635.84112088516,-20192.438174275525,605,468,492,498,2063,1,1,2,ADV_NONCONN_IND,37,37,5,-1,0,73684612,73685246,55,32,8,pre_aa_hdr_payload
508.56274604797363,1769570903.173746,42.3448023,-71.0825832,16.659,DA:3F:55:DA:B4:89,89b4da553fda1eff4c001219fc9a06253fa425a044bc4007714d57f9b5e2d71cf2823e02fc,-124020.36955300339,82017.24465255957,-237894.61759007644,53755.25319420007,-215838.2611838222,-97052.86063885894,371,690,498,504,2063,1,1,2,ADV_NONCONN_IND,37,37,5,-1,0,73793445,73794079,55,32,8,pre_aa_hdr_payload
508.87206506729126,1769570903.4830651,42.3448023,-71.0825832,16.659,FB:D0:65:B5:1D:CF,cf1db565d0fb1eff4c001219feafc71d9bbe6b05898004e9ad968fedfdac49c02eb3c401fe,-63493.00461797254,82454.73102920085,-184225.27311505436,76424.22841164873,-175486.43149701352,-53637.14246623054,455,522,540,546,2063,1,1,2,ADV_NONCONN_IND,37,37,0,-1,0,73821775,73822410,56,32,8,pre_aa_hdr_payload
510.09844946861267,1769570904.7094495,42.3448023,-71.0825832,16.659,E1:D5:62:18:8E:8E,8e8e1862d5e11eff4c001219ffa4ae94199cbe0ebb9467dc9f6ff8b9b55ca2f388c98a00ff,-32724.20475884646,125751.11635714117,-206374.2874761,109875.74065126231,-172813.6334770828,-33431.25348725107,503,486,534,540,2063,1,1,2,ADV_NONCONN_IND,37,37,5,-1,0,74002769,74003404,55,32,8,pre_aa_hdr_payload
510.57688093185425,1769570905.187881,42.3448023,-71.0825832,16.659,D5:93:09:09:D1:91,91d1090993d51eff4c001219fc4d158ac90f291a903536b246698411f58fde99f9177e00fc,-122370.66542256184,54618.73101606628,-204612.92191149047,41067.928320943465,-194209.3343455453,-97144.3018442599,324,743,498,498,2063,1,1,2,ADV_NONCONN_IND,37,37,4,-1,0,74070230,74070864,55,32,8,pre_aa_hdr_payload
512.615740776062,1769570907.2267408,42.3448023,-71.0825832,16.659,F8:0F:CC:71:CD:AA,aacd71cc0ff81eff4c001219fcca8163085c82704e6edafb65e74369bd6b4ab696dffe02fc,-83174.59316855663,74006.1592311998,-234681.0368940916,54778.3781776839,-222430.11310534252,-79100.40277026294,491,486,540,546,2063,1,1,2,ADV_NONCONN_IND,37,37,0,-1,0,74348315,74348950,56,32,8,pre_aa_hdr_payload
512.6326501369476,1769570907.2436502,42.3448023,-71.0825832,16.659,FD:57:49:C3:16:B9,b916c34957fd1eff4c001219fe76952fb959c02609b9b90ed77a53264f9815fe98aafd00fe,-82824.98708945353,91956.04413640061,-200542.62158271263,86351.35270929926,-197780.763247861,-65823.83505131517,407,582,534,540,2063,1,1,2,ADV_NONCONN_IND,37,37,5,-1,0,74371043,74371678,55,32,8,pre_aa_hdr_payload
513.0043587684631,1769570907.6153588,42.3448023,-71.0825832,16.659,FF:3E:4D:F7:C7:9F,9fc7f74d3eff1eff4c001219fd2ad5cd5e22fed1c2eb2193f3c85f062bc0625ff3c28300fd,71790.93742003113,202750.37843445147,-98483.02883204547,210967.97335892403,-55243.60580154077,74090.33241332494,647,450,480,486,2063,1,1,2,ADV_NONCONN_IND,37,37,5,-1,0,74438876,74439511,55,32,8,pre_aa_hdr_payload
514.1598637104034,1769570908.7708638,42.3448023,-71.0825832,16.659,FD:F7:4E:4A:32:C9,c9324a4ef7fd1eff4c001219ffbdaf86219b6899135d68ab1bb28f1314019dfd74132300ff,-46940.32573085962,91481.23561982621,-181594.92112902287,107884.82549162407,-167650.7698950988,-41750.25793406761,479,546,516,522,2063,1,1,2,ADV_NONCONN_IND,37,37,0,-1,0,74595839,74596473,56,32,8,pre_aa_hdr_payload
514.56076836586,1769570909.1717684,42.3448023,-71.0825832,16.659,CE:DE:AF:F4:83:A3,a383f4afdece1eff4c001219fc01001a303fdd71494850532d834b7f973ccf4d5bfbf403fc,-84964.70749011503,89663.23590665622,-255815.23680436506,58904.33522609802,-216158.8636823664,-79975.12355587019,479,546,516,522,2063,1,1,2,ADV_NONCONN_IND,37,37,5,-1,0,74685441,74686076,55,32,8,pre_aa_hdr_payload
514.5712265968323,1769570909.1822267,42.3448023,-71.0825832,16.659,D9:F6:90:5C:5C:0F,0f5c5c90f6d91eff4c001219fe41b50fe18b412cde984810752708135f00ecdfcaa52801fe,-97398.48348076233,89770.6142413652,-206303.7751496826,85728.5438961781,-198884.8282737038,-71828.92704490112,449,636,486,492,2063,1,1,2,ADV_NONCONN_IND,37,37,1,-1,0,74699497,74700132,56,32,8,pre_aa_hdr_payload
516.7742211818695,1769570911.3852212,42.3448023,-71.0825832,16.659,FB:99:47:A0:4E:83,834ea04799fb1eff4c001219fc6805b6a3bbcb764d7315d286f13ae68975378ba6feb703fc,-130426.95893802801,64732.22183703646,-264759.48363782576,41673.30639065737,-207030.40375364595,-108731.31399266285,395,642,510,516,2063,1,1,2,ADV_NONCONN_IND,37,37,0,-1,0,75048351,75048985,56,31,8,pre_aa_hdr_payload
516.7904505729675,1769570911.4014506,42.3448023,-71.0825832,16.659,D4:CC:4F:12:DF:DF,dfdf124fccd41eff4c001219fe544ca99c31c1d712c1144f1e722d9aceaac7856fda8503fe,-59899.23654776198,132821.07224380315,-236134.01313013784,85178.94687142345,-185977.17990652684,-53649.941806500654,479,510,534,540,2063,1,1,2,ADV_NONCONN_IND,37,37,4,-1,0,75070165,75070800,55,32,8,pre_aa_hdr_payload
518.0556209087372,1769570912.666621,42.3448023,-71.0825832,16.659,EA:20:87:EB:AD:AF,afadeb8720ea1eff4c001219ffdcc4f87687f45390d20120f74cbfd3f409588102781e01ff,-42264.573874523376,145061.89577853854,-212402.141066067,99803.27028939621,-181371.90075411234,-38422.8831609463,533,564,480,486,2063,1,1,2,ADV_NONCONN_IND,37,37,5,-1,0,75262970,75263604,55,32,8,pre_aa_hdr_payload
518.490907907486,1769570913.101908,42.3448023,-71.0825832,16.659,D6:A9:44:AA:64:9C,9c64aa44a9d61eff4c001219fcd0f396ea1104ed6fa2948416fc52d46890333b5051a803fc,-119849.55721876789,54746.91060529425,-243225.0985513362,67487.47480940398,-228468.19974790385,-97693.64911708653,455,642,480,486,2063,1,1,2,ADV_NONCONN_IND,37,37,0,-1,0,75323515,75324150,56,32,8,pre_aa_hdr_payload
519.0681324005127,1769570913.6791325,42.3448023,-71.0825832,16.659,FB:40:C2:BB:F4:38,38f4bbc240fb1eff4c001219fd914ca707f99836a41d21304586fcc617761613841f4003fd,62402.79970309917,225854.56867086768,-67763.37114249814,200120.17155059052,-49737.417882571965,64618.90412325153,443,546,534,540,2063,1,1,2,ADV_NONCONN_IND,37,37,5,-1,0,75389353,75389988,55,31,8,pre_aa_hdr_payload
520.7149801254272,1769570915.3259802,42.3448023,-71.0825832,16.659,F6:56:5E:12:81:60,6081125e56f61eff4c001219fed6bf3ad48e1b2ad4f8ba4a4b4a44a70fb506ba9c2ced03fe,-59047.07795538101,105758.27432850059,-230541.26216738048,100618.76110780853,-186245.84713464897,-58296.3420541702,527,582,474,480,2063,1,1,2,ADV_NONCONN_IND,37,37,0,-1,0,75592476,75593111,56,32,8,pre_aa_hdr_payload
521.1406388282776,1769570915.751639,42.3448023,-71.0825832,16.659,EC:3A:A1:4B:31:92,92314ba13aec1eff4c001219fd667b25e72c70d2415ce9d4787edf99a84169ed5215f803fd,94448.88762761382,232088.55831511537,-72403.0960680486,218982.34499622643,-52748.82362134218,88781.4313272534,653,468,468,474,2063,1,1,2,ADV_NONCONN_IND,37,37,0,-1,0,75656210,75656844,56,32,8,pre_aa_hdr_payload
522.1542794704437,1769570916.7652795,42.3448023,-71.0825832,16.659,FC:20:E6:DB:8B:7F,7f8bdbe620fc1eff4c001219ffba1cd8da78e200796c0074c78c7d6c3b4735386bf97601ff,-52478.71980849048,112176.23677226604,-207576.45301093278,107562.22768650003,-171768.62959737546,-42569.39338200853,443,498,558,564,2063,1,1,2,ADV_NONCONN_IND,37,37,1,-1,0,75777389,75778024,56,32,8,pre_aa_hdr_payload
522.5927770137787,1769570917.203777,42.3448023,-71.0825832,16.659,E0:3D:5A:D5:AF:39,39afd55a3de01eff4c001219fc878fe2cf57bcb192275724b634b80732d5d375a85f0e01fc,-98537.61674041962,73818.68262145482,-237827.75931786618,64564.86647436908,-217542.2693360689,-86132.28561352265,509,636,456,462,2063,1,1,2,ADV_NONCONN_IND,37,37,0,-1,0,75881229,75881864,56,32,8,pre_aa_hdr_payload
522.8596241474152,1769570917.4706242,42.3448023,-71.0825832,16.659,C3:11:3A:68:BF:05,05bf683a11c31eff4c001219feec62405a202638b9eed285f8d0197910193feb64b00303fe,-61865.42745456283,75781.61987654287,-189637.0443194628,79706.1992328036,-168469.24472648322,-60607.452478367595,461,576,510,516,2063,1,1,2,ADV_NONCONN_IND,37,37,5,-1,0,75906237,75906871,55,32,8,pre_aa_hdr_payload
523.2328939437866,1769570917.843894,42.3448023,-71.0825832,16.659,C2:2F:D6:B0:67:77,7767b0d62fc21eff4c001219fdc0170b4f492972574f091f8124f54bb611f579dbffc703fd,114247.25818361936,235219.5069195668,-98473.9415063754,223853.65149702324,-56132.65318811057,92812.68789076603,707,390,480,486,2063,1,1,2,ADV_NONCONN_IND,37,37,4,-1,0,75999019,75999653,55,32,8,pre_aa_hdr_payload
524.2559349536896,1769570918.866935,42.3448023,-71.0825832,16.659,E4:D4:DD:C9:C9:E3,e3c9c9ddd4e41eff4c001219ffbbb1008c291614cd656669cb76ec74694e66d199796101ff,-72288.16807757271,92969.11444436532,-201710.98386452935,101551.69265133502,-167131.24110047458,-56228.450638227194,425,612,510,516,2063,1,1,2,ADV_NONCONN_IND,37,37,0,-1,0,76179551,76180186,56,32,8,pre_aa_hdr_payload
524.9442718029022,1769570919.5552719,42.3448023,-71.0825832,16.659,CE:BB:0B:1C:86:8A,8a861c0bbbce1eff4c001219fc056f038ea12c520cf485038f91b06dd91e11f37fb2b701fc,-111369.43623510661,80968.7678649745,-254617.68935599417,55895.47301901788,-224606.38580250216,-93041.43476518258,449,600,504,510,2063,1,1,2,ADV_NONCONN_IND,37,37,5,-1,0,76293603,76294238,55,32,8,pre_aa_hdr_payload
526.3493010997772,1769570920.9603012,42.3448023,-71.0825832,16.659,D5:C4:F0:D2:6E:2C,2c6ed2f0c4d51eff4c001219ff650456bf02f85e94a3802426d45f4dfa3f3ab4d7404900ff,-49361.556647453246,110773.88199441222,-196259.73374968494,99319.86796197953,-172648.2979167123,-44724.710867210735,491,558,504,510,2063,1,1,2,ADV_NONCONN_IND,37,37,1,-1,0,76561162,76561796,56,32,8,pre_aa_hdr_payload
527.8473358154297,1769570922.4583359,42.3448023,-71.0825832,16.659,CC:F0:EE:E0:A2:A3,a3a2e0eef0cc1eff4c001219ff6fe429b70d0c7a964dc8db6d7c467c448f967edd995601ff,-38804.27552715328,128780.79508467915,-211071.45127381128,106009.37735570036,-173399.14015833422,-36953.4782571299,491,510,528,534,2063,1,1,2,ADV_NONCONN_IND,37,37,0,-1,0,76790076,76790710,56,32,8,pre_aa_hdr_payload
528.3478124141693,1769570922.9588125,42.3448023,-71.0825832,16.659,ED:1B:02:FB:DC:BF,bfdcfb021bed1eff4c001219fcadedffd7d5a2c2275abe392d510632e473820b4b066e02fc,-74969.85687490643,63824.38737052761,-214381.59401140807,47033.14755067123,-186267.58617438906,-74712.74216495306,521,552,492,498,2063,1,1,2,ADV_NONCONN_IND,37,37,1,-1,0,76857596,76858231,56,32,8,pre_aa_hdr_payload
528.8680057525635,1769570923.4790058,42.3448023,-71.0825832,16.659,F9:34:6E:69:E7:D8,d8e7696e34f91eff4c001219fe3e5e7ca2c61f5fd150ca7f0b52a4cbeaa5149d78580400fe,-34756.264302554315,123797.86861697084,-219146.2138760884,88761.91710038837,-180718.85682092275,-46205.26006875619,521,516,510,516,2063,1,1,2,ADV_NONCONN_IND,37,37,5,-1,0,76875005,76875639,55,32,8,pre_aa_hdr_payload
530.5340800285339,1769570925.14508,42.3448023,-71.0825832,16.659,DA:D4:12:30:A9:08,08a93012d4da1eff4c001219fcb2a558cea74a582887f6998bb13528602437e6bd60a803fc,-80613.51412849745,90401.58055061818,-250630.10363351213,50693.6721857391,-209249.6804471737,-74691.85162388574,497,504,528,534,2063,1,1,2,ADV_NONCONN_IND,37,37,5,-1,0,77191013,77191647,55,32,8,pre_aa_hdr_payload
530.9102826118469,1769570925.5212827,42.3448023,-71.0825832,16.659,D2:2C:53:7B:55:9F,9f557b532cd21eff4c001219feb1563bb1571695c1b58314e8eed1a5945f78a39ff5ac02fe,-56284.78936833019,96207.92302017985,-206522.32137786614,97252.91090013909,-186509.33064382413,-49415.977058356184,497,504,528,534,2063,1,1,2,ADV_NONCONN_IND,37,37,0,-1,0,77204400,77205035,56,31,8,pre_aa_hdr_payload
532.688951253891,1769570927.2999513,42.3448023,-71.0825832,16.659,F6:F6:B7:96:73:50,507396b7f6f61eff4c001219fc2ecbdbe207ebf93027c1f482bee03616c5d0ae9d320001fc,-92209.17610326567,55103.42093533942,-221744.86130241194,51388.45462535617,-198704.01370738063,-81600.57929852617,449,552,528,534,2063,1,1,2,ADV_NONCONN_IND,37,37,1,-1,0,77497013,77497647,56,32,8,pre_aa_hdr_payload
532.7046544551849,1769570927.3156545,42.3448023,-71.0825832,16.659,ED:46:6D:52:61:05,0561526d46ed1eff4c001219fe3f910ef30ebb538436c214d2f30a90d2df138540929603fe,-81227.8398417979,134463.50860253966,-240370.2011139088,83934.03397522027,-190778.7916549612,-66006.03643594896,455,606,498,504,2063,1,1,2,ADV_NONCONN_IND,37,37,4,-1,0,77518121,77518756,55,32,8,pre_aa_hdr_payload
533.0385472774506,1769570927.6495473,42.3448023,-71.0825832,16.659,D4:5E:82:81:B3:8A,8ab381825ed41eff4c001219fd67b13bc33a56f310a7d8fa2489ef46902c2f5474777502fd,82434.01567712755,196707.3415710654,-74350.46483225723,207713.47686071452,-55739.982824009676,76572.28703203186,731,462,432,438,2063,1,1,2,ADV_NONCONN_IND,37,37,5,-1,0,77583513,77584148,55,32,8,pre_aa_hdr_payload
534.8499884605408,1769570929.4609885,42.3448023,-71.0825832,16.659,E8:E3:D3:EB:2C:A1,a12cebd3e3e81eff4c001219fce61f38789878181f1d3e62cada5e178e09a66f28033801fc,-96356.32467790376,94339.66432209054,-226887.56222439848,50669.448848354026,-211826.73914403628,-85792.78858054713,383,606,534,540,2063,1,1,2,ADV_NONCONN_IND,37,37,5,-1,0,77899689,77900324,55,31,8,pre_aa_hdr_payload
534.8630573749542,1769570929.4740574,42.3448023,-71.0825832,16.659,D3:99:88:2C:75:2D,2d752c8899d31eff4c001219fe366e50dea1f6fc87099010f75de870321e9169015cae03fe,-81137.78095154419,50682.6490469072,-190037.62001392327,68502.90987583327,-162522.6895636091,-68835.47851302994,419,582,528,534,2063,1,1,2,ADV_NONCONN_IND,37,37,1,-1,0,77917254,77917889,56,32,8,pre_aa_hdr_payload
535.5225443840027,1769570930.1335444,42.3448023,-71.0825832,16.659,CB:CF:AB:AE:E0:7C,7ce0aeabcfcb1eff4c001219fd7609adb0d2b87ff4912ef40c423d3ba144ef49241ca101fd,98528.82998663044,239932.4670444936,-60680.4839060167,220248.17030194643,-48638.945165232086,88165.578520194,545,456,528,534,2063,1,1,2,ADV_NONCONN_IND,37,37,0,-1,0,77992529,77993163,56,32,8,pre_aa_hdr_payload
536.2480609416962,1769570930.859061,42.3448023,-71.0825832,16.659,F1:31:A8:41:89:EC,ec8941a831f11eff4c001219ff42c2a95fc2189472f7afd647a3b6ff445117208aa9ea01ff,-30688.22852853055,136822.2890151234,-219118.5259195019,106100.38465820265,-170862.56570248972,-33878.074381844424,563,522,486,492,2063,1,1,2,ADV_NONCONN_IND,37,37,5,-1,0,78155210,78155845,55,32,8,pre_aa_hdr_payload
536.5976383686066,1769570931.2086384,42.3448023,-71.0825832,16.659,CE:57:2E:F1:23:5A,5a23f12e57ce1eff4c001219fc1dc9be80e415c0959953ccefc151195e93a8c6b7b29d02fc,-85862.47182483494,76071.03601988826,-239119.5597313843,62364.318284165245,-211522.75376695412,-77635.57385396125,485,540,516,522,2063,1,1,2,ADV_NONCONN_IND,37,37,0,-1,0,78222866,78223501,56,32,8,pre_aa_hdr_payload
537.3093974590302,1769570931.9203975,42.3448023,-71.0825832,16.659,CF:15:A6:50:0B:13,130b50a615cf1eff4c001219fdc4f99df9bbe213eb57f8942e3241537b00ca8fc1a17000fd,78980.48704330434,244024.3671590398,-82126.51897424787,224321.89773748573,-55527.08986525734,84073.23807808262,551,498,504,510,2063,1,1,2,ADV_NONCONN_IND,37,37,5,-1,0,78324044,78324678,55,32,8,pre_aa_hdr_payload
538.1560146808624,1769570932.7670147,42.3448023,-71.0825832,16.659,EF:7C:93:A4:18:0D,0d18a4937cef1eff4c001219ff034f650a76f1323f480c5a5e7febd0ff2d2054a33ad100ff,-29180.389561796852,110548.79398493835,-173928.64426332933,77647.25434262965,-164494.98188148392,-34883.14746908881,539,486,516,522,2063,1,1,2,ADV_NONCONN_IND,37,37,5,-1,0,78458634,78459268,55,32,8,pre_aa_hdr_payload
538.5726940631866,1769570933.1836941,42.3448023,-71.0825832,16.659,C1:42:D6:7B:36:A4,a4367bd642c11eff4c001219fcf2c207664bcb677515373ae45ab183a2e4345985f7c500fc,-104042.4788580437,70511.90859753624,-253309.3014918748,52497.968183296674,-210759.501128292,-88690.26172401683,431,558,534,540,2063,1,1,2,ADV_NONCONN_IND,37,37,1,-1,0,78553309,78553943,56,32,8,pre_aa_hdr_payload
538.581205368042,1769570933.1922054,42.3448023,-71.0825832,16.659,E5:21:46:EC:FE:B7,b7feec4621e51eff4c001219fe1ffa240a1119991c03ba7262dcfb31427f2027a2e83201fe,-76485.32644361493,96562.85847432482,-195065.46391078882,68144.68335357349,-172535.14021331738,-61811.00199320255,503,678,438,444,2063,1,1,2,ADV_NONCONN_IND,37,37,4,-1,0,78564750,78565384,55,30,7,pre_aa_hdr_payload
539.0023400783539,1769570933.6133401,42.3448023,-71.0825832,16.659,DA:08:B7:11:2C:E1,e12c11b708da1eff4c001219fd816224b47b6e6804a93d423ae11e29ca9ddb466d33d603fd,75266.89895644321,177017.71533633725,-45520.063805704,179330.92210126863,-57492.55729198523,80155.80145422404,719,402,468,474,2063,1,1,2,ADV_NONCONN_IND,37,37,1,-1,0,78617024,78617659,56,32,7,pre_aa_hdr_payload
540.2807912826538,1769570934.8917913,42.3448023,-71.0825832,16.659,40:1E:A6:90:F1:8B,8bf190a61e400201021816aafe407867a63dea8e053c09ee2254c4bdf654e8dacfec,-705.1110337494518,143611.13930888218,-130243.36497774147,93164.10141841695,-164186.9468805917,-13851.534885889647,503,498,456,462,1919,1,1,0,ADV_IND,34,37,3,-1,0,78737950,78738584,56,32,8,pre_aa_hdr_payload
540.3049321174622,1769570934.9159322,42.3448023,-71.0825832,16.659,D4:3B:D0:0E:87:AB,ab870ed03bd41eff4c001219fcce64bb11bd530ade2e3f4f1d74699859d6af70cf703500fc,-94942.99489656153,71020.51054397973,-219096.7846837466,46415.713260095035,-202163.6416723978,-89406.0431027498,366,605,546,546,2063,1,1,2,ADV_NONCONN_IND,37,37,4,-1,0,78770399,78771034,55,32,8,pre_aa_hdr_payload
540.7944242954254,1769570935.4054244,42.3448023,-71.0825832,16.659,CE:D0:74:2E:51:BF,bf512e74d0ce1eff4c001219fec5959cfd2dd7586aa4ad2d93d538b4d873a725dbeaf502fe,-72538.22414937372,126970.9211690956,-240169.81504315778,91291.58743842605,-191498.10959409026,-63006.73003019532,461,588,504,510,2063,1,1,2,ADV_NONCONN_IND,37,37,5,-1,0,78782832,78783467,55,32,8,pre_aa_hdr_payload
541.3124704360962,1769570935.9234705,42.3448023,-71.0825832,16.659,E9:05:4A:73:AE:31,31ae734a05e91eff4c001219fd2991519d9e36fb9bbe3f4918b7ab6116689b0425915003fd,82547.32566971569,216584.34633025894,-53806.915666271954,200273.98144192633,-47708.776411093306,81801.26525077973,563,462,516,522,2063,1,1,2,ADV_NONCONN_IND,37,37,1,-1,0,78847086,78847720,56,32,8,pre_aa_hdr_payload
541.8388299942017,1769570936.44983,42.3448023,-71.0825832,16.659,F0:47:6E:78:3E:6F,6f3e786e47f01eff4c001219ffa392a7641585e9476c0e408930bfc0d3ede845d0afa903ff,-44689.732149895644,155936.2651295555,-196381.6234662267,98168.2158273526,-157422.2750438335,-37036.00274788858,449,612,498,504,2063,1,1,2,ADV_NONCONN_IND,37,37,5,-1,0,78933267,78933902,55,32,8,pre_aa_hdr_payload
541.8610947132111,1769570936.4720948,42.3448023,-71.0825832,16.659,40:1E:A6:90:F1:8B,8bf190a61e400201021816aafe407867a63dea8e053c09ee2254c4bdf654e8dacfec,-7477.768487771293,140451.34478967922,-166634.78501238525,119623.55345912883,-168592.71562416255,-14886.442865045012,539,462,456,462,1919,1,1,0,ADV_IND,34,37,0,-1,0,78963193,78963827,56,32,8,pre_aa_hdr_payload
542.6408092975616,1769570937.2518094,42.3448023,-71.0825832,16.659,DD:83:87:83:82:0B,0b82838783dd1eff4c001219fee39b497c81149d9386d678cb7f702681bcf5724cb5ec00fe,-69521.00230856038,79747.89223394051,-176581.91413115934,64285.825966302364,-184612.08669595045,-58927.144009381234,485,564,504,510,2063,1,1,2,ADV_NONCONN_IND,37,37,3,-1,0,79001462,79002096,56,32,8,pre_aa_hdr_payload
543.1935677528381,1769570937.8045678,42.3448023,-71.0825832,16.659,CD:5B:A1:0F:AA:35,35aa0fa15bcd1eff4c001219fdec23a164451d8e2f8818d692e2c975441aaf7c2531ef01fd,116984.75531837999,252268.31966662797,-57248.110725313774,215131.48923361266,-55587.36368981601,95678.75444173472,599,462,498,504,2063,1,1,2,ADV_NONCONN_IND,37,37,1,-1,0,79047857,79048491,56,32,8,pre_aa_hdr_payload
544.3624701499939,1769570938.9734702,42.3448023,-71.0825832,16.659,E8:C6:26:84:E9:95,95e98426c6e81eff4c001219ff136a5245dc905675acd16d2e0bae69961f5bd040414100ff,-33037.76736046297,138716.53590984692,-205561.66978298116,100812.23369450429,-178027.87661634726,-32895.19081038556,515,474,534,540,2063,1,1,2,ADV_NONCONN_IND,37,37,5,-1,0,79245678,79246312,55,32,8,pre_aa_hdr_payload
545.2460613250732,1769570939.8570614,42.3448023,-71.0825832,16.659,FF:4A:98:5C:2B:97,972b5c984aff1eff4c001219fe9f32849b1a5b79a402fd1490d61d14041a5f31414b5a03fe,-69849.04348828293,71027.16728339806,-186788.51044497712,72928.70194064913,-165502.81123092226,-58758.97148286751,473,564,510,516,2063,1,1,2,ADV_NONCONN_IND,37,37,4,-1,0,79369480,79370114,55,32,8,pre_aa_hdr_payload
546.6849856376648,1769570941.2959857,42.3448023,-71.0825832,16.659,40:1E:A6:90:F1:8B,8bf190a61e400201021816aafe407867a63dea8e053c09ee2254c4bdf654e8dacfec,-8510.63627678012,133520.50086170307,-156912.42302113702,116894.99976235007,-176589.64942520479,-15448.195701344988,539,450,462,468,1919,1,1,0,ADV_IND,34,37,5,-1,0,79615718,79616352,55,32,8,pre_aa_hdr_payload
547.5968956947327,1769570942.2078958,42.3448023,-71.0825832,16.659,D4:F5:8D:BF:D1:C7,c7d1bf8df5d41eff4c001219fd743303481c385410fe66d5b524630a075e8942a5549203fd,85444.6848051961,250791.3192190579,-75238.81071214826,215044.0984205045,-51805.91574967994,80730.71900351955,515,498,522,528,2063,1,1,2,ADV_NONCONN_IND,37,37,1,-1,0,79703658,79704292,56,32,8,pre_aa_hdr_payload
548.9011700153351,1769570943.51217,42.3448023,-71.0825832,16.659,40:1E:A6:90:F1:8B,8bf190a61e400201021816aafe407867a63dea8e053c09ee2254c4bdf654e8dacfec,-8002.111794707285,153451.28403974717,-173875.89799242446,118752.39013381643,-191635.72912732727,-15113.922467961867,545,444,462,468,1919,1,1,0,ADV_IND,34,37,5,-1,0,79906011,79906645,55,32,8,pre_aa_hdr_payload
548.915426492691,1769570943.5264266,42.3448023,-71.0825832,16.659,D4:04:FF:26:E1:5E,5ee126ff04d41eff4c001219fe5004099bbd056292ce58b98cc760b842e374a20bc1d702fe,-32450.509829179442,118663.68412467699,-199156.35555489524,85236.4157215311,-179642.81320582706,-40577.034349798916,551,522,492,498,2063,1,1,2,ADV_NONCONN_IND,37,37,5,-1,0,79925173,79925807,55,29,7,pre_aa_hdr_payload
549.2587943077087,1769570943.8697944,42.3448023,-71.0825832,16.659,D3:37:46:63:8C:6A,6a8c634637d31eff4c001219fdf9d65fbb3462d26145672d9c76ce41b33e0a0ad6a95300fd,76024.53769126213,243663.43612543837,-98443.49988952377,208001.0951837858,-46444.470442081874,72498.28089546537,545,504,504,510,2063,1,1,2,ADV_NONCONN_IND,37,37,5,-1,0,79981795,79982430,55,32,8,pre_aa_hdr_payload
550.0352220535278,1769570944.646222,42.3448023,-71.0825832,16.659,DD:ED:74:4D:E2:93,93e24d74eddd1eff4c001219ffaed5e4956aea3e6a0227ce7a97c4f74988ccfb831fdb03ff,-76403.3072552088,112034.39697075788,-188213.36034567942,78304.28818505138,-184824.07135923035,-61250.4680430407,395,618,522,528,2063,1,1,2,ADV_NONCONN_IND,37,37,4,-1,0,80104033,80104667,55,32,8,pre_aa_hdr_payload
550.6094765663147,1769570945.2204766,42.3448023,-71.0825832,16.659,F9:84:F5:47:7C:DD,dd7c47f584f91eff4c001219fc510a0d57bbff91fef31e7a122bbe8874cc50f092e40803fc,-99220.03090211065,55533.73930081193,-235579.09502705047,67633.68099273127,-212714.3112963553,-83014.23047501942,468,563,516,516,2063,1,1,2,ADV_NONCONN_IND,37,37,5,-1,0,80169911,80170546,55,32,8,pre_aa_hdr_payload
552.1078877449036,1769570946.7188878,42.3448023,-71.0825832,16.659,E9:92:DA:6C:09:59,59096cda92e91eff4c001219ffdc2c663e76110ef8da96fe0e1b11194621347b1e8d0e02ff,-61742.526738000764,110589.62073846628,-192209.41487175136,82959.39379328243,-167619.69343558257,-50099.66521128592,455,570,516,522,2063,1,1,2,ADV_NONCONN_IND,37,37,5,-1,0,80356319,80356954,55,32,8,pre_aa_hdr_payload
552.708322763443,1769570947.3193228,42.3448023,-71.0825832,16.659,DE:BF:CD:23:60:88,886023cdbfde1eff4c001219fc7a0adcee61eb5a9e081e2f69a90611d2b330097f077d03fc,-102560.1072477378,85116.72568830491,-181759.37740768984,64836.38818232879,-189283.38934996797,-88153.03476151715,317,888,426,432,2063,1,1,2,ADV_NONCONN_IND,37,37,5,-1,0,80414375,80415010,55,32,8,pre_aa_hdr_payload
553.239177942276,1769570947.850178,42.3448023,-71.0825832,16.659,E4:6E:36:9E:F2:2D,2df29e366ee41eff4c001219fdefd3a4b0cbff1510a28febfd3d62f30702194bf166a201fd,79820.00978570186,242443.9077234355,-68386.8080479391,207835.11655406796,-48737.31380952304,76347.54917865888,485,504,534,540,2063,1,1,2,ADV_NONCONN_IND,37,37,0,-1,0,80490468,80491103,56,32,8,pre_aa_hdr_payload
554.0680005550385,1769570948.6790006,42.3448023,-71.0825832,16.659,FD:F1:D6:2C:15:0C,0c152cd6f1fd1eff4c001219ffab5c231278b89318031f290c9da2d0c4fc0059b51b8a01ff,-42567.49632205753,108916.2188003055,-141779.1768886637,85959.39745250966,-147336.02162225673,-38991.14697064296,401,648,504,510,2063,1,1,2,ADV_NONCONN_IND,37,37,1,-1,0,80622647,80623281,56,32,8,pre_aa_hdr_payload
554.6715407371521,1769570949.2825408,42.3448023,-71.0825832,16.659,C1:81:60:A2:D6:95,95d6a26081c11eff4c001219fce387c8df7ac5b51bd2df2606b8c97af4d179bef32ccb01fc,-54613.14681253729,77324.7902618947,-228605.74184677817,57507.241275177934,-198720.48093129613,-62332.14028512633,623,474,480,486,2063,1,1,2,ADV_NONCONN_IND,37,37,1,-1,0,80688909,80689543,56,32,8,pre_aa_hdr_payload
554.6825540065765,1769570949.293554,42.3448023,-71.0825832,16.659,DE:DC:D9:9B:2B:35,352b9bd9dcde1eff4c001219fe60df971b49576f1efbfaa21357975f6dfc2f7e407f5f03fe,-55341.43707822233,114800.52926625045,-212262.57292912962,94903.70527759864,-192148.6644557214,-45700.605577736336,515,498,522,528,2063,1,1,2,ADV_NONCONN_IND,37,37,4,-1,0,80703712,80704347,55,32,8,pre_aa_hdr_payload
555.1728961467743,1769570949.7838962,42.3448023,-71.0825832,16.659,DB:C9:42:86:A5:5C,5ca58642c9db1eff4c001219fd4609e1705b271250ef0e1a32899591b4bec968ddb9e203fd,74107.68067172777,243619.11412838864,-57360.773872143174,201896.97162357997,-54635.460529447744,77392.76387237235,491,498,534,540,2063,1,1,2,ADV_NONCONN_IND,37,37,0,-1,0,80772395,80773030,56,32,8,pre_aa_hdr_payload
556.0518412590027,1769570950.6628413,42.3448023,-71.0825832,16.659,00:3E:73:0B:A6:38,38a60b733e000201060303aafe1716aafe00ed0f2adb1c8843448f8753f002849d00000000,-61635.776572937815,87263.84153737083,-192135.58058973524,81804.9563881107,-199407.3752497997,-62923.51681207694,504,701,432,426,2063,1,1,2,ADV_NONCONN_IND,37,37,4,-1,0,80899362,80899997,55,32,8,pre_aa_hdr_payload
556.057131767273,1769570950.6681318,42.3448023,-71.0825832,16.659,F9:43:6D:C1:39:C7,c739c16d43f91eff4c001219ffd57974ecbbca00e95093df753a5a7553f4a72f58b99803ff,-52461.56963034571,116944.57542865185,-211705.36663390754,106960.4264684924,-167917.5403439103,-42448.70910471409,443,522,546,552,2063,1,1,2,ADV_NONCONN_IND,37,37,0,-1,0,80906473,80907107,56,32,8,pre_aa_hdr_payload
556.5534198284149,1769570951.16442,42.3448023,-71.0825832,16.659,D4:F4:D3:A6:32:5A,5a32a6d3f4d41eff4c001219fce1cb13f3a7f93b29e7dc40b6e6b5bf211045d3cbffd202fc,-113501.20231128528,91563.08909620672,-246769.11087026272,61916.025407865294,-223005.97036677308,-103863.2277895918,419,678,480,486,2063,1,1,2,ADV_NONCONN_IND,37,37,5,-1,0,80973740,80974374,55,31,8,pre_aa_hdr_payload
556.5740511417389,1769570951.1850512,42.3448023,-71.0825832,16.659,F3:85:EE:F1:1A:20,201af1ee85f31eff4c001219fea1c5685914c603e71ca588f8690c11169f635ebd278a01fe,-41735.80695287611,106540.88570807035,-225976.9879623822,91627.63575799772,-179577.52987687278,-48113.876790195536,557,528,486,492,2063,1,1,2,ADV_NONCONN_IND,37,37,0,-1,0,81001471,81002105,56,32,8,pre_aa_hdr_payload
558.5701460838318,1769570953.1811461,42.3448023,-71.0825832,16.659,F6:66:D6:0B:09:78,78090bd666f61eff4c001219fc1e477f92c03aa267c8753565ff0908364dd46f2efb0203fc,-94124.74534754833,100748.99936742822,-253050.6038295743,57493.604131123684,-220381.91199478492,-82481.26233664453,473,576,504,510,2063,1,1,2,ADV_NONCONN_IND,37,37,5,-1,0,81230140,81230774,55,32,8,pre_aa_hdr_payload
558.5869915485382,1769570953.1979916,42.3448023,-71.0825832,16.659,F7:4E:EE:5C:A6:B1,b1a65cee4ef71eff4c001219fefc627983c0f0785053e769e740fa26dbeb4c8983a23403fe,-69002.88265577586,143171.34433799665,-228794.71715924487,83756.65558836197,-178417.71163803188,-59022.82480736174,461,636,480,486,2063,1,1,2,ADV_NONCONN_IND,37,37,0,-1,0,81252781,81253416,56,32,8,pre_aa_hdr_payload
559.0053505897522,1769570953.6163507,42.3448023,-71.0825832,16.659,CF:88:C6:6E:62:3D,3d626ec688cf1eff4c001219fda9e312f9bf206a4cf3e01376b0bf35734c4cd012ea9601fd,45758.08401678242,185479.19708795976,-74332.18163376492,199764.26572168097,-48959.02123672881,55601.01051806359,461,564,516,522,2063,1,1,2,ADV_NONCONN_IND,37,37,4,-1,0,81312081,81312715,55,30,8,pre_aa_hdr_payload
564.5109136104584,1769570959.1219137,42.3448023,-71.0825832,16.659,F1:58:57:DB:19:8B,8b19db5758f11eff4c001219fca61571eaccbb78e76e31eeefbde4cbfbab09ad62b15701fc,-96694.7818961262,80820.98450927732,-166789.13753377873,100541.84673461923,-190944.374902943,-85103.77066250639,323,1038,348,354,2063,1,1,2,ADV_NONCONN_IND,37,37,0,-1,0,81970884,81971519,56,32,8,pre_aa_hdr_payload
564.8488819599152,1769570959.459882,42.3448023,-71.0825832,16.659,40:1E:A6:90:F1:8B,8bf190a61e400201021816aafe407867a63dea8e053c09ee2254c4bdf654e8dacfec,-16881.91712863711,149344.12255206684,-164862.6993078242,96056.01685190115,-170774.00225316262,-21769.891703632384,527,498,444,450,1919,1,1,0,ADV_IND,34,37,0,-1,0,81992022,81992657,56,32,8,pre_aa_hdr_payload
565.2269682884216,1769570959.8379683,42.3448023,-71.0825832,16.659,CB:73:07:9D:6D:AD,ad6d9d0773cb1eff4c001219fdf7de47704b4d82c3e1ed15d8a1a0e9ba2c1fb35261eb00fd,82251.17293572842,191685.26255818523,-60155.460086192565,185498.05825747858,-47845.774489921336,76175.35561239911,629,420,504,510,2063,1,1,2,ADV_NONCONN_IND,37,37,0,-1,0,82072460,82073094,56,32,8,pre_aa_hdr_payload
566.4918744564056,1769570961.1028745,42.3448023,-71.0825832,16.659,D2:78:FA:97:FC:C9,c9fc97fa78d21eff4c001219fc2527c6208b865b9cfd105736224f1751104ceed69fe002fc,-99691.44913637523,75192.70875758547,-241706.2446310333,43944.31788023249,-213253.88841905084,-88619.90492862271,479,582,498,504,2063,1,1,2,ADV_NONCONN_IND,37,37,5,-1,0,82307921,82308556,55,32,8,pre_aa_hdr_payload
567.226035118103,1769570961.8370352,42.3448023,-71.0825832,16.659,E1:7E:24:33:C5:64,64c533247ee11eff4c001219fd3985905067a5ba50f259a8be6efaed645bb46c7e713300fd,76343.84903543867,239565.931193683,-67783.16549076246,214726.63744638863,-65146.212832771664,73621.74674698428,503,534,510,516,2063,1,1,2,ADV_NONCONN_IND,37,37,0,-1,0,82412327,82412961,56,32,8,pre_aa_hdr_payload
568.4730942249298,1769570963.0840943,42.3448023,-71.0825832,16.659,E9:BD:59:1C:8A:7D,7d8a1c59bde91eff4c001219fcd2918c2b63cac10c7307da04bd63e80da0e8ae5de13601fc,-91731.3687962054,72763.67356254898,-252781.50909518386,57469.38398173556,-215075.31628448042,-84462.45038327517,485,516,528,534,2063,1,1,2,ADV_NONCONN_IND,37,37,0,-1,0,82619766,82620401,56,32,8,pre_aa_hdr_payload
568.4866740703583,1769570963.0976741,42.3448023,-71.0825832,16.659,D9:FC:B0:61:84:01,018461b0fcd91eff4c001219fe031bdb6117da2d1b50ad82f1b2efbc759a3bf4b0085802fe,-44947.79946442264,103159.08491038275,-177861.76706953,91973.15782550904,-161762.68515136902,-52886.5336717399,443,654,480,486,2063,1,1,2,ADV_NONCONN_IND,37,37,5,-1,0,82638020,82638654,55,32,8,pre_aa_hdr_payload
570.848382472992,1769570965.4593825,42.3448023,-71.0825832,16.659,FC:50:D7:1E:33:32,32331ed750fc1eff4c001219fe1ea1b71ac242b39f5539b7a632f575925b756035c14902fe,-66282.1621731892,97708.67601029611,-213457.74261768349,95776.76084586165,-187887.0627555976,-55952.48755559336,491,546,510,516,2063,1,1,2,ADV_NONCONN_IND,37,37,1,-1,0,82915575,82916210,56,32,8,pre_aa_hdr_payload
572.2855694293976,1769570966.8965695,42.3448023,-71.0825832,16.659,F5:A3:77:C4:04:C8,c804c477a3f51eff4c001219ffc4fd020879eba09e792c4ccd3fa2bf093c1c0753711c01ff,-78264.83262760277,136351.66154242092,-223800.67571327332,97172.47321457851,-176453.64624892475,-59468.084902637784,395,618,522,528,2063,1,1,2,ADV_NONCONN_IND,37,37,4,-1,0,83198133,83198768,55,32,8,pre_aa_hdr_payload
572.9690046310425,1769570967.5800047,42.3448023,-71.0825832,16.659,E0:98:B8:0C:89:D1,d1890cb898e01eff4c001219fc31ab0a4d4f69670562f62e9efa63167b6b1a26c572d800fc,-111065.70625999749,85188.76503403914,-248844.40513670642,56482.778212008285,-222413.8628330436,-90578.43812234473,437,612,504,510,2063,1,1,2,ADV_NONCONN_IND,37,37,5,-1,0,83304252,83304886,55,32,8,pre_aa_hdr_payload
574.198721408844,1769570968.8097215,42.3448023,-71.0825832,16.659,C0:D5:D8:A0:BB:D7,d7bba0d8d5c01eff4c001219ffbecf38a3a19f1a9069a8e104759e8f00893597410e5900ff,-30641.302994428137,79893.72059782039,-151727.60244026917,96834.86200076116,-144390.14746404305,-27643.320237023512,515,498,522,528,2063,1,1,2,ADV_NONCONN_IND,37,37,0,-1,0,83534082,83534716,56,32,8,pre_aa_hdr_payload
574.5469961166382,1769570969.1579962,42.3448023,-71.0825832,16.659,D7:9F:AB:E7:33:97,9733e7ab9fd71eff4c001219fe2c88ead9969dae149404d7f31250011593acd76a161000fe,-105782.170730935,116538.5297277548,-233608.50056107226,100031.95273370025,-199959.55962657928,-76381.95503858643,449,708,450,456,2063,1,1,2,ADV_NONCONN_IND,37,37,5,-1,0,83597299,83597934,55,32,8,pre_aa_hdr_payload
576.0621881484985,1769570970.6731882,42.3448023,-71.0825832,16.659,EB:62:85:AE:1E:E2,e21eae8562eb1eff4c001219ffbf2304120e220967f57a7d16285e17b9ebe7059ec9a103ff,-49926.367046587104,118874.41715165535,-200181.4913442426,91799.25108236146,-165549.99032274008,-39865.928332292904,443,510,552,558,2063,1,1,2,ADV_NONCONN_IND,37,37,5,-1,0,83782068,83782702,55,31,8,pre_aa_hdr_payload
576.6889140605927,1769570971.2999141,42.3448023,-71.0825832,16.659,EA:51:2D:D6:BE:2E,2ebed62d51ea1eff4c001219fc1b3e37dfbe7ef696f8787702e0ae9bdc561878fff1e103fc,-91756.5053153448,85266.92920638032,-253082.96993950693,54727.562196578605,-214538.41991452474,-81561.53015086419,491,546,510,516,2063,1,1,2,ADV_NONCONN_IND,37,37,1,-1,0,83827073,83827708,56,32,8,pre_aa_hdr_payload
576.7252564430237,1769570971.3362565,42.3448023,-71.0825832,16.659,40:1E:A6:90:F1:8B,8bf190a61e400201021816aafe407867a63dea8e053c09ee2254c4bdf654e8dacfec,-8603.582878527099,130239.25721390166,-145020.80858285233,105320.97173386745,-171863.59768033662,-15180.686115147988,545,456,456,462,1919,1,1,0,ADV_IND,34,37,2,-1,0,83875921,83876555,56,32,8,pre_aa_hdr_payload
578.0580520629883,1769570972.6690521,42.3448023,-71.0825832,16.659,FB:05:BA:AE:F9:40,40f9aeba05fb1eff4c001219ffaa42b76786addc9863611542e8b126c64875035e443203ff,-71779.55377139739,113421.69639877183,-201571.69835367723,97216.7651072777,-184511.43254012344,-56983.69498561207,413,588,528,534,2063,1,1,2,ADV_NONCONN_IND,37,37,1,-1,0,84056125,84056760,56,32,8,pre_aa_hdr_payload
578.4369761943817,1769570973.0479763,42.3448023,-71.0825832,16.659,CF:54:14:55:B2:4B,4bb2551454cf1eff4c001219fc4214858c3bf09a30f15c8a125c6786f79e26407fc03102fc,-96633.40268564911,58095.71902757204,-198005.96895044865,39973.883592653314,-190912.3651630487,-80446.58346787712,413,588,528,534,2063,1,1,2,ADV_NONCONN_IND,37,37,1,-1,0,84120215,84120850,56,32,8,pre_aa_hdr_payload
578.4482266902924,1769570973.0592268,42.3448023,-71.0825832,16.659,CE:55:2B:42:1B:E5,e51b422b55ce1eff4c001219fe50e42f60418335d69fdc5b6c4e6ab40f8661aeed296303fe,-82936.43300957789,78999.08404438107,-195797.19943261065,86995.05418206728,-190405.06778623132,-62910.669875773594,449,600,504,510,2063,1,1,2,ADV_NONCONN_IND,37,37,1,-1,0,84135337,84135972,56,31,8,pre_aa_hdr_payload
579.0757200717926,1769570973.6867201,42.3448023,-71.0825832,16.659,F4:14:45:1A:67:A7,a7671a4514f41eff4c001219fded6b0f915ee32a447fcc725d4acd8f655cc9b25c0acf02fd,80076.40512683577,154033.48010329515,-99350.2440981341,170718.7725049067,-117782.65794779966,71831.6569156265,1073,306,342,342,2063,1,1,2,ADV_NONCONN_IND,37,37,0,-1,0,84174655,84175289,56,31,8,pre_aa_hdr_payload
580.2972648143768,1769570974.9082649,42.3448023,-71.0825832,16.659,EA:BA:0E:3D:6B:F2,f26b3d0ebaea1eff4c001219fc79a5904d1ae02b914921a0e8fe4655f1a9a7d931c2c000fc,-81599.38790364255,102865.79516750861,-217198.37965190018,56515.06207275827,-215912.30538308815,-73096.57586501719,455,618,492,498,2063,1,1,2,ADV_NONCONN_IND,37,37,1,-1,0,84314523,84315157,56,30,8,pre_aa_hdr_payload
580.3059666156769,1769570974.9169667,42.3448023,-71.0825832,16.659,D9:AF:B3:F9:CE:F0,f0cef9b3afd91eff4c001219fe97a5bdd16945513f8ac2c2a2e878c146a79229a2e99f02fe,-77295.6572420473,90340.60170205434,-140394.25385290675,61385.85642216686,-150759.52223378452,-60899.576604532485,323,810,462,468,2063,1,1,2,ADV_NONCONN_IND,37,37,5,-1,0,84326219,84326854,55,32,8,pre_aa_hdr_payload
582.4662411212921,1769570977.0772412,42.3448023,-71.0825832,16.659,EF:FD:BC:CA:41:6D,6d41cabcfdef1eff4c001219fedf468ae9ea5434c005791716fba7e5144f95a4aa117001fe,-121451.17966329266,113291.79489704852,-225012.84044275893,87901.69016373371,-209411.07663390957,-80078.48803466959,461,732,432,438,2063,1,1,2,ADV_NONCONN_IND,37,37,0,-1,0,84513788,84514422,56,32,8,pre_aa_hdr_payload
583.1443390846252,1769570977.7553391,42.3448023,-71.0825832,16.659,40:1E:A6:90:F1:8B,8bf190a61e400201021816aafe407867a63dea8e053c09ee2254c4bdf654e8dacfec,-9886.914949862155,168671.9496673961,-197491.6020970303,125977.93719610773,-192433.34448717,-20007.882077365994,533,456,462,468,1919,1,1,0,ADV_IND,34,37,2,-1,0,84545852,84546486,56,32,8,pre_aa_hdr_payload
584.1654195785522,1769570978.7764196,42.3448023,-71.0825832,16.659,DA:C2:BC:AB:54:3B,3b54abbcc2da1eff4c001219ff6b90eec5f072aebcce71daf34f0a1aef4d96e6deabae01ff,-43971.8330209791,135581.35739217393,-213864.60346324302,91432.53557474137,-177871.27844297275,-44711.72832509493,515,558,492,498,2063,1,1,2,ADV_NONCONN_IND,37,37,0,-1,0,84698539,84699173,56,30,8,pre_aa_hdr_payload
584.6246676445007,1769570979.2356677,42.3448023,-71.0825832,16.659,FF:E3:3F:56:0C:2B,2b0c563fe3ff1eff4c001219fcefcd021535a4ed9eb2b4dbfa7f705178cfa972f6330500fc,-109982.19635347684,79485.50200117654,-248948.67479709588,44891.99290995613,-223462.17122660976,-90676.42715490298,419,570,534,540,2063,1,1,2,ADV_NONCONN_IND,37,37,5,-1,0,84785914,84786549,55,32,8,pre_aa_hdr_payload
584.633841753006,1769570979.2448418,42.3448023,-71.0825832,16.659,C9:74:92:C6:6F:7B,7b6fc69274c91eff4c001219fe98386806430d593e426c208172703a35d6201b40908302fe,-76962.05230405499,126190.40550997223,-164397.7594543724,91996.82576911167,-178725.051998577,-67784.54393747592,329,864,432,438,2063,1,1,2,ADV_NONCONN_IND,37,37,0,-1,0,84798244,84798879,56,32,8,pre_aa_hdr_payload
585.8905372619629,1769570980.5015373,42.3448023,-71.0825832,16.659,DB:02:0E:A3:7E:C7,c77ea30e02db1eff4c001219ff29b1f5281a448d5ceeee3837294d83225cdcba71090e02ff,-69312.5605872961,130038.49192547362,-218404.50516785408,97570.52854688103,-180877.87262477688,-57033.864642240034,443,606,504,510,2063,1,1,2,ADV_NONCONN_IND,37,37,0,-1,0,84994444,84995078,56,32,8,pre_aa_hdr_payload
586.7171139717102,1769570981.328114,42.3448023,-71.0825832,16.659,FA:68:A8:E8:6F:71,716fe8a868fa1eff4c001219fc907c87756dbbf523fe31149991270f0b8c6a68fe6ead03fc,-99689.62775259383,40391.13467269592,-189150.78402071507,61902.41097878605,-189057.22380138712,-84866.41634304114,389,708,480,486,2063,1,1,2,ADV_NONCONN_IND,37,37,1,-1,0,85073870,85074505,56,31,8,pre_aa_hdr_payload
586.7358856201172,1769570981.3468857,42.3448023,-71.0825832,16.659,EE:39:9B:3F:99:24,24993f9b39ee1eff4c001219fec47889f0d792c46396d6edc643701d9ec3addb9f355e03fe,-64171.60525737127,110285.78984536749,-216349.63972417222,101946.3187643644,-193346.2636093035,-55238.867708234495,503,582,486,492,2063,1,1,2,ADV_NONCONN_IND,37,37,1,-1,0,85099101,85099736,56,32,8,pre_aa_hdr_payload
587.1772019863129,1769570981.788202,42.3448023,-71.0825832,16.659,C1:22:BF:06:89:40,408906bf22c11eff4c001219fd166d98fca7268c6de699c7a3b4693c5616aa7a76aacb02fd,71124.85879412951,239987.26909704602,-71125.9443215302,201300.6253307749,-53934.80384723661,69306.69619458522,515,534,504,510,2063,1,1,2,ADV_NONCONN_IND,37,37,0,-1,0,85187913,85188547,56,32,8,pre_aa_hdr_payload
588.7233963012695,1769570983.3343964,42.3448023,-71.0825832,16.659,D4:7A:F3:16:FE:0D,0dfe16f37ad41eff4c001219fed2eb01cb64c1c347d02acb0fd394883f3befb5047e0c00fe,-47203.86075412102,127726.60819651837,-222482.75071775969,88765.23526531745,-182752.9716648275,-42905.62576771805,521,516,510,516,2063,1,1,2,ADV_NONCONN_IND,37,37,5,-1,0,85434189,85434823,55,32,8,pre_aa_hdr_payload
589.8380060195923,1769570984.449006,42.3448023,-71.0825832,16.659,E5:B0:68:44:40:1A,1a404468b0e51eff4c001219ffd4c0f740d5fcde33c1f4a6375ec79b0092f955b411af03ff,-49471.931793128,138333.94603034903,-139498.9027153648,92847.208433957,-151392.09299718397,-45160.03414102476,395,870,396,402,2063,1,1,2,ADV_NONCONN_IND,37,37,5,-1,0,85651778,85652412,55,32,8,pre_aa_hdr_payload
