================================================================================
BLE DEVICE FINGERPRINTING - RANDOM FOREST (MAC-GROUPED)
================================================================================

Input CSV: /home/mishra/sdrs/BLESDR/build/test1.csv
Grouping key: adv_addr (each MAC treated as one device)
MIN_PKTS_PER_MAC: 10
Stress mode: ON
Pseudonym period p: 5
Note: samples are per-pseudonym segment; labels remain ground-truth MAC.

Selected CFO columns: cfo_quick_hz, cfo_equal_00_hz, cfo_equal_11_hz, cfo_jump_10_hz, cfo_jump_01_hz
Stats: mean
Training fraction: 70% per MAC

Number of MAC classes: 28
Train samples: 683
Test samples:  310

--------------------------------------------------------------------------------
FEATURE NAMES
--------------------------------------------------------------------------------
  0: cfo_quick_hz:mean
  1: cfo_equal_00_hz:mean
  2: cfo_equal_11_hz:mean
  3: cfo_jump_10_hz:mean
  4: cfo_jump_01_hz:mean

--------------------------------------------------------------------------------
FEATURE VALUES (Hz)
--------------------------------------------------------------------------------
MAC,train_cfo_quick_hz:mean,train_cfo_equal_00_hz:mean,train_cfo_equal_11_hz:mean,train_cfo_jump_10_hz:mean,train_cfo_jump_01_hz:mean,test_cfo_quick_hz:mean,test_cfo_equal_00_hz:mean,test_cfo_equal_11_hz:mean,test_cfo_jump_10_hz:mean,test_cfo_jump_01_hz:mean
47:02:DE:D8:E8:2E,-3765.098072,-12570.466707,28177.429634,466.667634,-16494.884627,-7219.636390,-20544.422533,23948.044152,1519.217414,-19353.690596
47:02:DE:D8:E8:2E,-6633.431715,-19200.041197,23977.995054,1033.855270,-17512.653739,-14289.778035,-29839.848100,-9169.225331,100.253421,-12446.149615
47:02:DE:D8:E8:2E,-8353.636492,-21870.331315,26078.390166,-6863.456122,-15653.852658,-15266.741699,-32071.823229,-10402.641733,-3862.560200,-8341.903022
47:02:DE:D8:E8:2E,-6668.099730,-21642.412066,24240.258994,3768.422375,-17385.719179,-13043.508186,-30163.393226,-2637.221318,-3336.105204,-8532.466138
47:02:DE:D8:E8:2E,-6842.656324,-18527.397135,27507.800995,-3613.263709,-17676.595465,-13295.923437,-29195.635101,-7651.262636,228.430898,-12911.214094
47:02:DE:D8:E8:2E,-5983.809212,-19262.859493,29323.049499,243.830999,-19402.201711,-16277.493514,-31376.054566,-11829.131710,-2522.907167,-15627.192798
47:02:DE:D8:E8:2E,-5996.715776,-19686.756265,25182.697335,4554.137111,-18474.685047,-14588.727100,-28521.312123,-11466.142810,-4445.639202,-10067.502772
47:02:DE:D8:E8:2E,-5829.044189,-18009.697229,23445.229085,2596.983732,-16710.022310,-5837.143073,-7012.278612,11350.723282,-10614.660748,-11527.634536
47:02:DE:D8:E8:2E,-6881.781321,-22557.893832,25360.269860,2041.184593,-16088.548755,-4689.433661,-3223.064421,6010.383456,-15334.840014,-2364.081325
47:02:DE:D8:E8:2E,-7118.822952,-20536.654645,29847.656185,-3395.827001,-20928.048400,-1493.761661,-1338.098254,4703.919112,-5070.890957,-543.464747
47:02:DE:D8:E8:2E,-7203.957027,-22679.385412,26620.477561,-1823.585719,-14548.494101,-5351.008169,-2222.993275,6617.911203,-10560.796090,-11637.942847
47:02:DE:D8:E8:2E,-5854.979157,-19656.605841,23172.456857,3640.073650,-15708.178938,-3282.570851,-3829.573194,3452.875620,-8014.588959,-2342.451430
47:02:DE:D8:E8:2E,-5231.787057,-20356.765654,24807.858539,8411.345185,-18411.324741,-2204.653590,-4498.959200,1768.253225,-7495.755251,4877.099857
47:02:DE:D8:E8:2E,-6607.826858,-21092.203546,29368.791094,-2880.978807,-15259.607744,-7591.572900,-8246.145466,-4473.822761,-9809.478743,-5387.431660
47:02:DE:D8:E8:2E,-8969.971113,-27322.218348,24638.142760,1357.414484,-19668.161565,-8791.203841,-20671.543887,28632.515583,-9888.336542,-16037.278918
47:02:DE:D8:E8:2E,-4671.835840,-17922.930584,29646.200534,1536.080124,-16307.091884,-6483.087144,-20767.752158,27002.157108,-1067.444804,-15730.685589
47:02:DE:D8:E8:2E,-6028.868242,-18434.419835,24595.791632,5386.052683,-20706.554275,-6646.225462,-19314.890564,27409.513091,-1665.532851,-17404.234472
47:02:DE:D8:E8:2E,-8100.512287,-20356.769004,24949.153086,-614.406352,-22376.243787,-2765.611648,-875.199646,9422.041325,-8691.527169,-5770.973388
47:02:DE:D8:E8:2E,-6626.030683,-19927.135616,25685.084569,2138.504858,-20068.668262,-6927.475142,-19273.028585,22176.945664,1404.246313,-17665.469405
47:02:DE:D8:E8:2E,-6788.275134,-19858.143743,25325.590667,2681.989617,-19617.728094,-6167.847235,-19903.428195,29607.931549,1209.939379,-20478.115001
47:02:DE:D8:E8:2E,-8854.063568,-23780.487359,23410.647982,-3094.180063,-17035.936097,-6032.687297,-18332.964919,29964.843954,1320.528687,-21152.849644
47:02:DE:D8:E8:2E,-7250.536174,-18408.005981,23852.574023,-1353.936184,-17919.491628,-8152.439882,-20820.678731,20226.710922,95.566265,-16845.911739
47:02:DE:D8:E8:2E,-5503.255741,-17244.434378,23579.179397,1026.590398,-16654.139207,-6922.857483,-19579.877700,26288.875894,-1900.623935,-16035.114607
47:02:DE:D8:E8:2E,-6478.795863,-17585.498913,25791.793280,-1409.898221,-17350.884955,-6446.893011,-21687.727999,24742.887266,1467.480742,-14724.419986
47:02:DE:D8:E8:2E,-5823.308772,-18125.023354,23422.126632,6451.109421,-19924.646779,-7071.297099,-21077.708106,22979.511346,3819.289673,-16525.423729
47:02:DE:D8:E8:2E,-7436.410886,-17709.602575,24675.344130,-2800.335853,-19985.283166,-5289.017396,-22390.129136,28542.872653,2557.596409,-14187.875789
4C:4C:5E:2B:90:B8,-4487.763921,-211.245270,1443.125484,-6454.379906,-10569.960106,-24663.183532,360.500415,-37987.343508,-34125.355098,-34529.599314
4C:4C:5E:2B:90:B8,-3953.422296,75.792745,1637.548874,-11059.727551,-4893.462847,-25604.305053,-951.493354,-37188.562898,-35937.583029,-36899.524753
4C:4C:5E:2B:90:B8,-4226.834763,-1932.659229,6352.457076,-9360.286780,-8227.865596,-24953.113126,383.555952,-36977.599341,-35327.122715,-36795.593750
4C:4C:5E:2B:90:B8,-1633.759400,-1638.909155,-589.837464,-11168.244917,7834.152271,-24881.710238,8.984148,-36774.365448,-35320.687088,-35729.574271
4C:4C:5E:2B:90:B8,-3207.740151,-2913.379755,8936.227239,-13942.297318,-2750.836397,-25438.918357,68.746888,-38080.602187,-36869.090575,-35387.132874
4C:4C:5E:2B:90:B8,-1782.646746,4898.482270,10811.801874,-9867.129923,-8317.076853,-24879.401669,-425.217082,-39841.989188,-30857.907385,-35877.336757
4C:4C:5E:2B:90:B8,-5934.288993,-2417.156039,-2601.888321,-9663.379690,-6839.397754,-25418.529927,-369.456834,-37454.275753,-37696.987386,-35108.973588
4C:4C:5E:2B:90:B8,-1827.618296,4382.085355,13785.468520,-8978.308073,-9694.047118,-24604.063878,141.912082,-37146.396432,-33193.597228,-35917.179912
4C:4C:5E:2B:90:B8,-3310.570411,2988.971778,12111.835946,-13764.389366,-8592.471869,-24702.953287,-1273.479382,-36430.419897,-31798.616476,-35946.976486
4C:4C:5E:2B:90:B8,-5463.419902,-4961.688585,1389.604105,-10597.551203,-4164.562521,-25155.313948,-524.987389,-35943.214299,-36820.056245,-35897.186838
4C:4C:5E:2B:90:B8,-3424.932328,-1773.213387,11744.930705,-8180.394479,-8367.384972,-25425.615115,-1058.798211,-36883.686886,-34727.821376,-36402.906502
4C:4C:5E:2B:90:B8,-3072.384416,-4952.687768,1825.842250,-6154.618133,-1104.760674,-13399.813967,-29052.616148,-6920.767149,-437.726901,-11959.394089
4C:4C:5E:2B:90:B8,-5276.662541,-8200.691533,1663.277889,-9752.256820,-2063.383638,-13834.412308,-28433.928354,-5156.295901,-6423.434436,-9876.061089
4C:4C:5E:2B:90:B8,-3724.485508,-2158.981207,2979.970661,-9307.425483,-3169.309138,-12554.601559,-29486.523225,-3886.940288,-2241.746345,-7411.168643
4C:4C:5E:2B:90:B8,-1274.656808,441.334500,5286.734598,-10445.718303,1915.501247,-12772.088583,-26804.704071,-7326.588863,-1163.515140,-11432.232638
4C:4C:5E:2B:90:B8,1615.558901,5470.319308,13684.490047,-61.809115,-6637.367037,-14299.704860,-31326.446078,-8513.261201,-1512.584795,-11254.081258
4C:4C:5E:2B:90:B8,-3365.265950,-1297.278394,12781.397921,-6647.383380,-12629.965923,-25352.626730,-2424.225813,-37547.773379,-31979.951088,-35728.133347
53:B1:98:FA:8B:86,-13370.307778,-29408.308580,-5222.961267,1773.999965,-15355.508735,-9563.599941,21525.067795,-48778.265814,-15634.829509,-9648.454337
53:B1:98:FA:8B:86,-14081.638488,-32403.027334,-5789.495774,-2012.643162,-9397.058100,-9987.389620,25555.985848,-49785.936888,-20196.146811,-10487.620336
53:B1:98:FA:8B:86,-14124.523044,-30822.819923,-4788.235770,-1603.339623,-12781.655186,10499.053881,8751.409334,70610.203104,-13764.535692,-2325.559185
53:B1:98:FA:8B:86,-13097.120053,-28787.020443,-6192.872413,-7136.613859,-3312.404138,8966.029465,7096.298090,68588.149925,-14320.855712,-5140.332215
53:B1:98:FA:8B:86,-14675.949498,-29276.436773,-8591.279582,-4039.612261,-9676.058285,8673.366820,8480.206323,71697.796766,-16533.614905,-7767.798970
53:B1:98:FA:8B:86,-14485.543024,-30581.678015,-10903.004722,3052.753379,-15172.990782,8899.228832,6017.712400,70404.660373,-13043.895451,-5180.338480
53:B1:98:FA:8B:86,-11673.925250,-28293.686138,-5399.574543,-816.373518,-6381.540022,-11367.981156,20961.015505,-49710.504815,-19618.104506,-12257.966448
53:B1:98:FA:8B:86,-13953.547187,-29339.209594,-8639.998840,1918.343998,-15091.443344,-8403.708200,8336.413899,16447.669197,-19601.115504,-22733.540679
53:B1:98:FA:8B:86,-13745.344134,-28421.753379,-7468.154477,-3385.823698,-11324.739341,-8617.598085,8557.034840,14259.714508,-19816.955160,-21798.011405
53:B1:98:FA:8B:86,-12809.615477,-28320.078310,-6055.526587,-228.396467,-12075.570205,9288.570892,7486.370472,69679.701164,-13998.742668,-5512.369872
53:B1:98:FA:8B:86,-13850.105483,-30950.360616,-5878.794914,-2026.744340,-10178.263637,-9591.028390,22758.196251,-47586.284277,-17503.234043,-10492.139753
53:B1:98:FA:8B:86,-14388.514947,-31107.804436,-8205.109888,-1460.969944,-11065.103631,-10271.862975,22242.702399,-46316.659078,-20716.271440,-10612.636607
53:B1:98:FA:8B:86,-13855.820930,-30053.394232,-8243.459800,2501.846646,-15106.220858,-8747.886361,26202.916921,-46455.676068,-20683.727998,-9340.081388
53:B1:98:FA:8B:86,-13436.130101,-30258.444979,-1978.848180,-3225.260801,-12089.932614,-9609.153748,23792.134462,-47952.659912,-19283.221674,-9764.260809
53:B1:98:FA:8B:86,-9122.672185,-26592.021508,-3775.188247,2446.431454,-2719.893540,-24809.889171,-739.533323,-36388.398545,-36305.169789,-33708.479792
53:B1:98:FA:8B:86,-12775.469345,-29237.184135,-5814.342467,-4078.569657,-4468.521131,-24778.685932,-380.262776,-36675.946478,-36719.955788,-34259.804431
53:B1:98:FA:8B:86,-13809.803782,-30115.014542,-7249.644590,-1740.691596,-10736.938992,-25513.038006,-299.279273,-36857.838022,-37143.717161,-35255.717830
53:B1:98:FA:8B:86,-13999.071473,-30555.542587,-7408.761145,-2295.231094,-9301.769781,-7810.648001,24714.157448,-47147.845953,-13576.220222,-9828.440481
53:B1:98:FA:8B:86,-13847.951705,-29406.391210,-6571.261896,-775.875412,-12738.962769,-25003.849186,117.030352,-37643.728454,-33307.280359,-36577.270326
53:B1:98:FA:8B:86,-13867.018750,-29659.124979,-6461.954885,-1613.864566,-11076.116886,-9400.181652,21658.548048,-45219.821432,-19187.336101,-9373.719093
53:B1:98:FA:8B:86,-12668.163912,-29038.120381,-5947.121818,1651.337420,-12167.945524,-9730.303294,22825.998460,-45871.570614,-21424.965951,-7295.452928
53:B1:98:FA:8B:86,-14285.201919,-30595.879410,-4743.729929,-2536.609346,-13086.061666,-10332.507350,22119.385507,-47642.682777,-17213.506471,-12912.516596
53:B1:98:FA:8B:86,-13072.904273,-30401.474103,-7168.929482,-1255.023153,-7259.160267,-9619.341463,19313.166412,-48249.166377,-14722.608645,-9894.853107
53:B1:98:FA:8B:86,-13511.461336,-30580.839959,-6624.422821,1298.274552,-12625.731349,-9541.299537,20930.731659,-49319.109797,-18541.419229,-5698.340637
53:C0:8C:5F:6B:D2,-25413.752723,-2365.539496,-35949.085773,-34340.184197,-36314.716628,11334.520324,-16058.157436,35586.069412,10099.117759,56040.994012
53:C0:8C:5F:6B:D2,-25476.418592,-728.388806,-37086.513125,-33900.007750,-37646.921737,8782.941019,23962.434821,21554.306434,-17023.328291,8867.467782
53:C0:8C:5F:6B:D2,-25353.462640,-2207.939328,-37973.407687,-32326.797182,-35523.591934,8167.054130,21779.154454,23086.328796,-18347.015620,8762.725995
53:C0:8C:5F:6B:D2,-25378.361039,-1731.873527,-37730.544985,-32895.890685,-35633.330247,8886.505484,21830.618967,23651.324091,-16204.019916,10182.970844
53:C0:8C:5F:6B:D2,-25168.549287,-1150.009832,-36095.992815,-35336.083127,-34725.958107,10445.505977,23595.318817,25152.147802,-14797.076665,10732.416684
53:C0:8C:5F:6B:D2,-25525.072195,-1013.791988,-38605.192208,-33005.206636,-37031.798701,11257.753204,-16764.367601,36260.509816,9812.123948,56263.360507
53:C0:8C:5F:6B:D2,-25227.697903,-1186.245119,-36105.817456,-34747.527733,-36618.112389,11404.005491,-16444.239943,36072.210742,10643.975412,55189.387679
53:C0:8C:5F:6B:D2,-25275.174585,-353.065042,-37508.686585,-37350.818646,-34514.333395,11492.336928,-13781.746685,34620.463438,11111.895336,49987.272126
53:C0:8C:5F:6B:D2,-24927.387125,280.739473,-38255.786841,-34173.754422,-35554.484525,11307.056176,-18527.718784,35786.813718,9357.064970,62522.520750
53:C0:8C:5F:6B:D2,-25021.896721,1478.466913,-38868.850892,-37109.633371,-34053.626445,11547.340198,-14309.272092,34657.498606,9941.966616,53446.956481
53:C0:8C:5F:6B:D2,-25454.547815,-2014.920377,-36742.534507,-36753.004226,-34317.319369,11462.152553,-16248.090803,34487.834130,9341.285659,58371.347370
53:C0:8C:5F:6B:D2,-25511.374565,-1448.786630,-37308.157522,-34909.609182,-35427.169321,11357.631437,-14460.572086,35357.457929,11411.061843,50828.024195
53:C0:8C:5F:6B:D2,-25774.120158,-1342.048978,-38440.624963,-33190.182384,-37087.167683,11245.972603,-17758.867858,37524.533768,10708.364437,57287.122136
53:C0:8C:5F:6B:D2,-25060.623419,-295.466728,-37841.150516,-35205.714484,-35120.928689,11267.350254,-16389.005955,34909.711615,9050.604126,57460.046829
53:C0:8C:5F:6B:D2,-25406.124081,595.042403,-37415.096446,-37822.642132,-35237.205980,9042.606961,21446.640375,24829.652371,-16256.935526,10161.891213
53:C0:8C:5F:6B:D2,-25644.857848,-2542.607021,-37409.361049,-33241.952551,-35561.800182,11311.784064,-16784.892618,36683.088722,10322.549860,55699.929520
53:C0:8C:5F:6B:D2,-25062.368040,-458.425495,-38066.087954,-32796.447791,-35613.384133,8657.223492,23675.615159,20802.253049,-17698.278657,10382.394032
53:C0:8C:5F:6B:D2,-25094.056968,1210.898235,-37755.587206,-38045.022636,-34685.357006,11234.406687,-17883.049045,35615.408592,9623.828320,60078.637071
53:C0:8C:5F:6B:D2,-25496.372833,-627.987496,-38218.328535,-35079.680496,-36262.193091,9151.128940,22906.596877,23897.096011,-16259.931347,8597.472650
53:C0:8C:5F:6B:D2,-31757.817573,-8440.587733,-45039.825198,-41405.092073,-39614.410822,-9456.734285,10904.290867,13574.675696,-19122.456594,-28314.507852
53:C0:8C:5F:6B:D2,-26136.034223,-1637.201135,-38629.265387,-34655.180413,-36913.924124,-9089.028253,10726.534341,8729.260311,-20517.942128,-22279.559960
53:C0:8C:5F:6B:D2,-25711.608189,-2326.361460,-39205.796622,-34128.220504,-34522.979785,-9567.698315,10329.052047,10442.340416,-22035.609280,-23198.796017
53:C0:8C:5F:6B:D2,-25995.645591,-2302.801994,-38162.380313,-35276.376773,-35600.927743,-8745.619884,9700.248034,14162.312961,-20730.267705,-23911.600874
53:C0:8C:5F:6B:D2,-24848.880310,622.227056,-37652.921830,-34421.763801,-36259.701827,-6929.887406,10785.528400,13894.905723,-17487.315659,-20792.259569
53:C0:8C:5F:6B:D2,-25894.713862,-1398.265582,-39236.554130,-33601.708437,-35944.449779,-8611.696924,7914.890838,14870.573043,-19978.644482,-21558.502032
53:C0:8C:5F:6B:D2,-25307.131793,-1545.405130,-37831.481339,-34752.980426,-35012.026326,-11433.399025,8406.976683,4991.959357,-19152.009621,-25700.631905
53:C0:8C:5F:6B:D2,-22892.799840,2997.445445,-34519.054992,-35077.007860,-33711.033035,-9790.033936,7553.236872,10890.852841,-20121.045629,-23479.422822
53:C0:8C:5F:6B:D2,-24470.122512,621.767771,-36150.018214,-35460.919033,-35108.061106,-7388.165656,10543.285624,18046.344121,-18277.360761,-25175.781681
53:C0:8C:5F:6B:D2,-25771.966887,-229.339296,-36378.822302,-38317.316382,-36504.368975,-7336.303751,7335.998927,17067.497186,-15109.780746,-24523.982532
53:C0:8C:5F:6B:D2,-25299.829125,-1501.967709,-37845.636561,-35604.925575,-33787.366539,9016.659071,22387.050892,22580.591742,-17053.492840,11378.861329
53:C0:8C:5F:6B:D2,-25695.035946,-1621.046720,-38015.953457,-34455.297524,-36298.770013,8800.639755,23586.476892,21766.822516,-17369.531108,9611.362727
53:C0:8C:5F:6B:D2,-25597.309766,-507.977892,-38527.120153,-36328.944591,-34972.832316,8899.547396,21242.359158,23412.340031,-16773.095482,11434.474002
53:C0:8C:5F:6B:D2,-25495.253783,-2357.374911,-36840.071641,-34231.935413,-35019.760401,8857.491739,19254.466035,25826.142006,-15950.568658,11615.153131
53:C0:8C:5F:6B:D2,-25924.975859,-2881.609659,-37653.454305,-36240.908569,-34403.692918,9394.491954,21177.847093,24701.815318,-15816.289154,11112.057595
53:C0:8C:5F:6B:D2,-24827.779504,-2274.313130,-38287.373828,-29157.107789,-35237.618664,-9818.009728,12025.880090,12450.281507,-21487.118500,-26320.937271
5C:4D:15:83:AF:EC,-9525.302202,27300.832658,-50713.777612,-23855.847651,-5702.270666,-786.698167,-28589.505422,3454.308557,-15138.264997,63422.708048
5C:4D:15:83:AF:EC,-8996.126629,23401.882299,-43875.040106,-21819.857747,-8723.286526,-661.573585,-31796.359582,12047.409542,-24571.745434,66509.610691
5C:4D:15:83:AF:EC,-9655.200253,22350.236535,-46053.728017,-20486.274071,-9766.517054,-692.247992,-30864.519169,11477.928212,-23822.710854,65221.996662
5C:4D:15:83:AF:EC,-9913.731528,22675.785240,-46309.772990,-17489.148389,-11654.253356,-638.552794,-29614.787036,7502.228213,-13330.406837,58407.356791
5C:4D:15:83:AF:EC,-9793.227758,22050.109794,-46479.009100,-16497.515044,-12077.960808,-12963.784963,-13171.828953,-33620.156794,40899.057107,-38448.605842
5C:4D:15:83:AF:EC,-9050.717365,23561.046998,-48408.641190,-13762.687315,-10340.516697,-13189.489650,-19683.596125,-29536.666074,39389.022500,-36410.199748
5C:4D:15:83:AF:EC,-9775.549365,19286.808478,-47440.523983,-16904.643265,-8340.278566,-13721.767121,-13282.245309,-36928.422734,41666.387563,-39942.305218
5C:4D:15:83:AF:EC,-10076.645345,22628.077698,-46255.980049,-20772.580754,-9734.891256,-14357.714747,-14442.627696,-33765.924416,42183.527267,-45110.004066
5C:4D:15:83:AF:EC,-9637.473434,20072.152578,-46796.539520,-15157.667684,-10838.289739,-13534.465972,-17906.668581,-29235.294712,35070.466111,-37594.793029
5C:4D:15:83:AF:EC,-10927.084948,22583.075149,-49641.800134,-22482.836444,-8562.968175,-14125.231698,-19694.409047,-27026.670014,34431.390946,-39734.464677
5C:4D:15:83:AF:EC,-9075.848247,21889.294281,-45535.082424,-18655.397780,-8515.712639,-13461.629372,-13603.824881,-37627.916339,44967.511965,-40239.440833
5C:4D:15:83:AF:EC,-9026.585882,24421.972411,-49158.055001,-22020.133797,-4592.557942,-13098.954237,-8842.556726,-38445.020940,44520.487750,-41228.040177
5C:4D:15:83:AF:EC,-9810.876704,22494.207947,-48621.309040,-13662.524145,-13867.531073,-804.861881,-27249.090581,1600.119673,-7477.624935,55841.878214
5C:4D:15:83:AF:EC,-11407.179278,21589.533875,-52137.188877,-15637.995193,-13562.402542,-12863.401502,-11206.354755,-36342.226656,44540.896045,-41858.032409
5C:4D:15:83:AF:EC,-9852.253460,23920.765565,-49285.795155,-22797.195527,-6923.122606,-780.498079,-30012.040794,8940.671498,-21742.985178,64747.384414
5C:4D:15:83:AF:EC,-10505.930570,20022.268737,-48757.671102,-16167.967731,-10611.680358,-357.245623,-31944.395124,13269.708342,-27444.809075,69128.886084
5C:4D:15:83:AF:EC,-9154.939384,24065.965393,-45830.107537,-22770.277854,-6365.579136,-765.373867,-27429.714701,3138.225932,-9984.398153,57161.688633
5C:4D:15:83:AF:EC,-14351.278051,16970.290295,-50927.301937,-22512.781738,-13226.555389,11337.822486,-15703.097419,36280.837581,10474.751376,54025.539844
5C:4D:15:83:AF:EC,-14181.424232,19984.296946,-53975.820729,-22000.791752,-14430.495515,11253.031618,-16333.419383,34345.338119,9785.243581,57195.411317
5C:4D:15:83:AF:EC,-9415.044243,23259.390497,-47172.199869,-17643.756865,-10936.373887,11359.506021,-14574.587556,34701.694631,9874.879758,52579.180095
5C:4D:15:83:AF:EC,-10110.174884,22929.261401,-45269.210593,-22969.775932,-9153.622922,11382.215831,-15389.706792,35436.934733,10477.555814,53677.864048
5C:4D:15:83:AF:EC,-11739.672919,20998.584367,-49742.466859,-17899.048116,-13453.983169,11420.487320,-17855.792844,36039.006891,9182.563983,61185.943643
5C:4D:15:83:AF:EC,-9487.376026,21655.322911,-49054.755397,-15075.215472,-8755.827212,-695.437879,-32585.859824,13617.766301,-27093.672717,67836.108465
5C:4D:15:83:AF:EC,-9922.460551,22009.668771,-47110.292164,-18505.303359,-10143.729897,-770.830262,-29071.831101,5480.954834,-17441.172533,63839.429999
5C:4D:15:83:AF:EC,-9996.850958,23152.545177,-46439.883767,-19699.099602,-11561.560211,-483.824335,-29625.796120,8088.637682,-20338.222774,65289.242565
5C:4D:15:83:AF:EC,-10525.803272,21316.326387,-47457.201243,-18994.550514,-10903.275062,-1099.356885,-29357.146160,2842.437332,-16615.913987,65610.023887
5C:4D:15:83:AF:EC,-11368.610186,20823.069234,-49783.166586,-19233.602142,-11615.425464,-854.925517,-31428.835414,11662.870761,-26861.953643,67848.245533
5C:4D:15:83:AF:EC,-9404.192626,23111.346632,-49014.065109,-15549.040721,-11116.687362,-833.837880,-30617.532987,10674.773545,-21543.623737,62872.272629
5C:4D:15:83:AF:EC,-10347.642569,23142.525666,-47926.119313,-22581.404400,-8002.108710,-576.336450,-27438.511776,1570.633670,-6441.231559,56177.147748
5C:4D:15:83:AF:EC,-10449.056829,19729.442056,-47012.397667,-21449.473909,-8847.113440,-654.422370,-29902.428417,6403.682510,-22460.541565,69191.443252
63:92:33:37:36:1F,9167.204323,7125.305524,68691.219509,-13189.473992,-5423.232018,-17853.074997,3412.044542,-66577.930465,-19422.206888,-14228.619096
63:92:33:37:36:1F,9070.536681,7764.312226,70668.537230,-14581.997458,-6692.423765,-18090.251633,3728.140011,-66282.202195,-20979.648830,-14198.093604
63:92:33:37:36:1F,8892.810831,8585.765047,69583.611324,-13585.620986,-8718.368430,-17711.459481,2965.082887,-68639.051750,-16695.402681,-13871.603881
63:92:33:37:36:1F,8909.911626,7637.359124,70051.263175,-15480.398728,-5707.457224,-18371.590364,2802.478805,-66267.997764,-20085.408787,-13672.100792
63:92:33:37:36:1F,9180.607769,8474.019890,71718.190928,-16997.054302,-7040.540415,-13736.228249,-12498.018314,-36378.115157,44567.558453,-43518.867656
63:92:33:37:36:1F,9429.241345,7242.814293,68375.530344,-12686.371745,-4841.848343,-14804.819540,-18487.229012,-30661.624686,37671.887521,-41365.725988
63:92:33:37:36:1F,9326.274459,8415.638587,70159.622124,-13711.614429,-6945.719482,-12995.368495,-15228.002984,-32423.467822,38446.861833,-37301.012228
63:92:33:37:36:1F,9035.437373,6653.438553,69683.321308,-13881.574262,-5965.218289,-12343.647406,-16941.883121,-28473.601909,38745.087277,-36606.624434
63:92:33:37:36:1F,8877.603220,8798.567417,70274.641865,-14451.219393,-8782.328534,-17675.508873,2616.770993,-67167.465779,-17388.765953,-13822.181410
63:9D:C3:50:C1:E7,-8153.165087,9924.973960,14558.588252,-21702.283200,-19539.281807,6445.684030,-13374.901840,30890.323736,-452.876552,3811.804091
63:9D:C3:50:C1:E7,-8837.600124,10841.498033,15247.269525,-22092.711046,-23029.376377,6571.563887,-15236.546178,25203.971206,2455.446564,10146.684393
63:9D:C3:50:C1:E7,-8072.479591,9173.604776,14534.346610,-21430.012811,-20396.167856,6478.999547,-14707.141740,27027.276368,1700.882670,7805.626211
63:9D:C3:50:C1:E7,-9039.254785,9324.637066,12446.331525,-21176.533997,-23293.649487,6432.438352,-14049.437680,28128.723328,1062.093885,6306.919905
63:9D:C3:50:C1:E7,-8109.616140,9926.331677,12757.305115,-19098.463181,-22064.655296,6482.423753,-12619.830956,30405.416767,-1247.042663,3815.174308
63:9D:C3:50:C1:E7,-6653.204096,12589.331105,18626.217390,-22224.183526,-20058.644544,6405.697371,-14037.958357,28716.799467,568.917406,5722.755144
63:9D:C3:50:C1:E7,-11143.068083,5769.861617,9291.086292,-21695.676118,-24331.717676,6467.811429,-15098.188323,27709.649050,1558.528343,8005.847651
63:9D:C3:50:C1:E7,-7673.311504,8714.202664,13986.076044,-18209.761829,-21614.889798,6436.823956,-14781.578148,27102.719132,1268.861308,8086.149098
63:9D:C3:50:C1:E7,-9248.230043,6231.573589,13069.389583,-19270.257850,-21776.714090,6453.759239,-15128.148852,27031.919940,2050.372354,7998.917118
63:9D:C3:50:C1:E7,-8848.121268,8100.770289,15114.286623,-18793.369199,-23036.567942,6492.938650,-13542.293341,27724.029847,1093.223053,6166.421884
63:9D:C3:50:C1:E7,-7565.478867,8558.553635,18232.930524,-20502.378487,-20831.349479,6475.400703,-13479.586219,29211.104044,-63.655087,5347.159625
63:9D:C3:50:C1:E7,-8246.987093,9769.518348,13984.865600,-20006.599486,-21796.434277,6582.303496,-15191.452805,26490.534555,2249.202213,8996.785956
63:9D:C3:50:C1:E7,-8172.543865,11052.733903,11245.213449,-18537.305282,-22652.886373,6573.890246,-14661.453376,27698.799799,1284.634545,7837.093798
63:9D:C3:50:C1:E7,-8312.025867,9662.110189,13450.332797,-22974.973271,-20073.697012,6376.074338,-11715.817897,32498.847439,-2202.094974,480.409089
63:9D:C3:50:C1:E7,-9772.681970,8228.477012,11466.737416,-22875.001540,-21372.975782,-27303.532483,-57170.268067,32203.609676,-54848.144462,-25178.890551
63:9D:C3:50:C1:E7,-8788.721871,9382.000638,12025.629433,-13241.017004,-27187.048486,-30354.904066,-62622.395743,23077.813025,-51682.401590,-27332.258202
63:9D:C3:50:C1:E7,-5977.613596,10575.069080,17247.809996,-18362.981978,-18925.907215,-17968.153408,4227.480442,-64829.289310,-20778.041289,-15695.853642
63:9D:C3:50:C1:E7,-10513.295669,7813.186864,10367.346116,-23888.473706,-20775.408928,-17740.593082,3129.905619,-69677.721932,-15613.248261,-13931.788735
63:9D:C3:50:C1:E7,-5043.433018,11096.449490,18515.039820,-15464.744349,-19092.571409,-17308.355667,2998.447339,-65928.121241,-17367.101399,-13956.666867
63:9D:C3:50:C1:E7,-8412.055177,10029.170143,13375.586608,-20073.707698,-23071.652540,-17814.924104,4076.633775,-63694.332536,-22374.054731,-14240.521991
63:9D:C3:50:C1:E7,-10544.213480,9034.583115,13892.057718,-23372.673192,-26247.860647,-17434.697115,2897.566259,-68524.301652,-16241.663502,-13306.478428
63:9D:C3:50:C1:E7,-8523.811292,10958.607656,15952.073648,-22044.418660,-23574.835973,-17757.045028,4224.694488,-64197.748741,-21621.677787,-14528.883628
63:9D:C3:50:C1:E7,-8336.071601,9045.504798,11266.723268,-17132.610539,-21472.236577,-18078.446218,3183.050832,-69266.792377,-17442.681454,-14341.688238
63:9D:C3:50:C1:E7,-8600.610493,12150.356367,12380.368321,-22165.648135,-22392.322293,-18062.062617,2880.592724,-65525.920484,-19213.109001,-14951.118476
63:9D:C3:50:C1:E7,-8571.992043,10545.434528,11888.088738,-18243.547681,-23287.445730,-18375.311725,2756.374765,-67184.630303,-19986.111080,-14246.793369
63:9D:C3:50:C1:E7,-8721.681442,10786.748098,15037.956835,-20721.309895,-24191.705065,-17809.934766,3480.754621,-67949.034662,-18214.483150,-13988.355657
63:9D:C3:50:C1:E7,-8016.889522,10873.183351,13661.262602,-20887.755471,-20927.592662,-17630.520661,3186.487756,-67938.777994,-17264.182905,-14284.890340
63:9D:C3:50:C1:E7,-7357.110791,10933.137764,10769.377923,-17332.686298,-20272.304316,-18124.158221,3931.598827,-65472.794064,-20898.197661,-15661.619911
68:43:EA:29:17:0B,8878.839397,23245.958800,22155.240648,-17233.784054,9872.669379,-487.339965,15175.524272,-14314.549369,-13720.565991,-764.062195
68:43:EA:29:17:0B,8555.036240,21846.748008,24515.803749,-18458.280516,9494.136518,34878.112541,79057.445124,34582.395558,8620.053832,-7647.055857
68:43:EA:29:17:0B,8693.797596,24886.074838,21727.496638,-19094.846413,9507.631598,-301.979297,15118.729517,-15667.557283,-11518.283782,61.399444
68:43:EA:29:17:0B,8875.643474,19063.482201,26447.261216,-16267.940712,11472.286997,156.180809,17018.483430,-14988.500341,-11839.036305,-2726.602579
68:43:EA:29:17:0B,8788.459870,21121.948415,24151.996027,-16515.913936,10451.014806,-1200.622892,14599.540741,-16277.320729,-17720.350957,3750.050356
68:43:EA:29:17:0B,8534.449953,21725.259744,23154.292242,-16941.234086,9927.075779,34400.565886,79889.177785,26437.582516,11011.397317,-1974.695060
68:43:EA:29:17:0B,9316.056847,20905.366799,23643.703604,-13393.182945,9961.906256,-3288.488668,13880.763256,-17495.258269,-15614.459054,-6809.494253
68:43:EA:29:17:0B,9966.605364,23645.793745,22231.803348,-13324.487661,10768.249583,-578.436779,12930.385184,-16494.480406,-7202.012762,-742.528723
68:43:EA:29:17:0B,8880.446413,25288.650834,18670.540326,-15978.813428,9497.007546,-5881.112536,-5917.847837,-19238.519394,-25458.542888,19414.392889
68:43:EA:29:17:0B,8883.799620,22130.376650,23040.150123,-16675.718419,10323.546587,-7971.183125,-8455.699564,-19630.955709,-25864.993685,14567.229679
68:43:EA:29:17:0B,8560.270957,24198.918971,19903.903316,-16804.164876,8735.319230,-14427.429515,-15200.583414,-27946.837882,-37002.623164,15808.885357
68:43:EA:29:17:0B,8321.083374,22119.543877,22704.773530,-17711.106163,9048.020552,-29.381255,18564.278788,-15255.629804,-14932.276932,-2836.750172
68:43:EA:29:17:0B,8719.272806,21977.594759,23000.153200,-16715.823432,10478.744013,34023.703749,82159.811802,25358.765177,7928.029422,-1633.559584
68:43:EA:29:17:0B,8444.508347,23191.596572,22444.224439,-17220.354995,7416.373274,34290.362516,81063.488114,25639.139858,8247.071318,-256.176098
68:43:EA:29:17:0B,9070.470176,23450.074445,21458.110033,-16455.082428,10201.808368,34757.118146,81232.693152,23986.982390,10573.374184,622.773907
68:43:EA:29:17:0B,16401.445178,29802.940297,31384.401221,-10015.580742,17340.583471,6516.426075,-14044.592115,29152.430598,407.063613,5969.931577
68:43:EA:29:17:0B,9583.268461,20774.013185,27726.012975,-15498.394835,9747.466774,6476.287933,-12381.930841,30189.118656,-1184.576522,3635.541815
68:43:EA:29:17:0B,9686.833263,23007.867865,24500.897114,-15923.242259,10727.928977,34769.649144,81262.743205,27504.486918,8452.415183,-201.004223
68:43:EA:29:17:0B,9604.688293,22962.222737,24942.230989,-17022.052683,10850.132084,34520.235179,81486.192342,25994.470412,9022.346395,-968.691812
68:43:EA:29:17:0B,9029.447146,22782.382811,22969.837926,-15970.357022,9018.433703,33896.273539,80388.372858,26752.628257,7614.893312,-1011.078213
68:43:EA:29:17:0B,9154.403922,25186.695103,21545.132415,-17287.499089,9608.908096,6471.536454,-14676.424662,26958.075016,2410.349563,7222.914176
68:43:EA:29:17:0B,8487.962809,24425.151478,18670.888963,-17328.909813,9507.460802,33750.988093,78431.468112,22962.650074,9662.573883,2499.583490
68:43:EA:29:17:0B,8994.285834,21313.448475,25237.438656,-16697.549291,10008.373973,34344.098173,80764.008110,23933.696917,10290.467344,562.659170
68:43:EA:29:17:0B,8807.030965,23577.621589,21839.322732,-17551.956021,9524.594338,33261.281526,81729.377135,26209.956224,6942.083674,-4198.638538
68:43:EA:29:17:0B,8621.466954,22631.454498,23078.126347,-18141.331718,9726.956140,33922.095262,80615.685065,27231.937912,8965.406766,-3703.257397
68:43:EA:29:17:0B,8992.491480,23171.989591,23016.662839,-16993.728102,9350.929197,34579.773489,80826.722257,24582.085753,9745.573829,608.605615
6A:5C:88:25:DA:FC,11256.806031,-17570.918587,35106.602163,10423.203028,59117.607149,-1454.013423,1092.967740,11728.213498,-14348.477099,11535.855081
6A:5C:88:25:DA:FC,11255.039415,-16850.797629,35753.868946,8367.154440,58816.256776,-9965.812387,-51501.700864,24733.853587,2470.149296,9038.626138
6A:5C:88:25:DA:FC,11421.374678,-15377.944301,35021.405157,9812.459605,54759.859259,-11216.666774,-53359.719708,21422.504627,4354.184170,7644.557959
6A:5C:88:25:DA:FC,11225.268109,-17352.172630,35285.948442,8944.143674,59686.459013,-3414.558626,-819.492935,6149.830518,-13574.508150,11686.572832
6A:5C:88:25:DA:FC,11442.897860,-14055.572670,34290.085327,9652.711764,53010.085028,-178.890163,-916.999687,13741.920115,-10601.852880,14229.388081
6A:5C:88:25:DA:FC,11293.191032,-16901.322285,36229.206687,9159.449877,57380.545034,-1238.942554,4117.335054,7784.698241,-15833.464723,15527.612679
6A:5C:88:25:DA:FC,11518.916308,-12920.757399,34455.962696,10974.451686,48255.666282,-1886.430926,-2953.468737,12876.345172,-9645.842427,9781.551646
6A:5C:88:25:DA:FC,11269.013505,-15540.170524,35386.626140,9755.037949,54788.125180,-1497.195571,181.564437,10914.848764,-13301.135143,13101.099370
6A:5C:88:25:DA:FC,11470.166048,-13033.515159,34810.971292,10403.350855,48445.252757,-5927.813908,-58046.522771,-2657.389012,38265.512143,8606.533804
6A:5C:88:25:DA:FC,11275.984785,-17283.231609,36160.828384,10414.265554,57388.932293,-1328.754336,1368.777713,12201.451163,-16482.275256,13324.346277
6A:5C:88:25:DA:FC,11459.373326,-15671.939122,35626.230763,9559.813566,55113.280156,-1101.187990,521.906207,11193.491301,-12430.915097,14154.842265
6A:5C:88:25:DA:FC,11362.846120,-16817.528796,36119.774338,9324.561206,58458.916572,-1617.398531,-2571.461223,12925.841338,-8458.988412,9119.273522
6A:5C:88:25:DA:FC,11307.793288,-18627.606028,36176.444119,9668.347813,62198.005490,-1445.173635,-908.760405,13592.820762,-14570.542746,12627.976331
6A:5C:88:25:DA:FC,11246.914919,-15831.942875,34928.440348,10729.527543,55017.190798,-9606.706507,-53471.419683,23779.786165,8168.620761,8892.430424
6A:5C:88:25:DA:FC,11231.324397,-20382.627623,38227.545955,11590.605445,61928.896152,-5478.837293,-57212.677836,-3429.683417,34044.837127,13735.952728
6A:5C:88:25:DA:FC,11225.896327,-16185.716307,35129.885119,10639.673477,54973.915251,24766.736502,67015.883993,50942.911345,6372.321520,-18882.817104
6A:5C:88:25:DA:FC,11161.343919,-18327.262939,35357.099397,9993.447770,61508.015857,-2108.053323,-406.858091,9633.951665,-14231.345350,11618.732681
6A:5C:88:25:DA:FC,11408.542834,-14906.092616,35342.710089,11568.251708,51459.200352,-11029.645401,-56800.097234,21081.685569,11965.833343,7079.624863
6A:5C:88:25:DA:FC,11288.090425,-17671.589866,37110.535413,10562.730769,57999.123348,-10366.903572,-54627.974196,21992.716552,13332.262650,5297.816418
6A:5C:88:25:DA:FC,11297.597494,-16394.052944,37009.166991,8811.867935,56175.231671,-9647.056732,-51847.480993,24226.223981,5256.788331,8663.130000
6A:5C:88:25:DA:FC,11320.830486,-16352.358429,35306.646303,9981.856534,56436.593011,-11002.749747,-54266.029610,21455.522924,6303.308607,8283.273279
6A:5C:88:25:DA:FC,11412.256156,-15045.977178,35344.959113,9602.947766,53954.096253,-8723.551105,-11296.277788,-17485.117983,-28232.510140,18712.630342
6A:5C:88:25:DA:FC,11291.330587,-16219.758429,35306.136930,9720.419440,56147.577728,-9977.496926,-6911.016347,-24288.371107,-33612.820745,16069.198848
6A:5C:88:25:DA:FC,11360.124289,-16541.829454,35663.465391,9526.509462,56902.281753,-4305.703283,-6999.112221,-10638.701973,-27801.442058,24977.363765
6A:5C:88:25:DA:FC,11247.196218,-18262.684872,36477.632531,9188.000270,60915.695901,-1940.977777,-7193.566002,507.509463,-22039.959378,19588.001245
6A:5C:88:25:DA:FC,11450.268845,-14390.583526,36289.762557,10961.578464,50641.391006,-9698.657782,-21623.977379,6483.169988,-34637.892775,17451.897678
6A:5C:88:25:DA:FC,11382.272033,-16738.907646,35322.408980,9376.048186,58728.342766,3646.401158,6567.463573,-5920.151851,-18382.150992,46624.281565
6A:5C:88:25:DA:FC,11308.182603,-17713.768751,35368.554110,9802.185897,59966.772763,3005.459974,2479.938013,-5223.552638,-15726.033581,44106.455252
6A:5C:88:25:DA:FC,11376.674653,-15805.430344,35039.734685,10228.688321,55309.007496,4232.181562,1883.863496,-4168.064212,-13285.196342,47864.041002
6A:5C:88:25:DA:FC,11447.136291,-17971.387572,36839.718589,9793.999244,60404.120576,-12587.852156,-11609.457507,-28651.156754,-31711.935925,13709.792289
6A:5C:88:25:DA:FC,11241.939945,-16542.901463,36099.818804,9539.991169,56278.742843,3412.365527,-2534.486220,-4476.474631,-10938.566367,45821.159488
6A:5C:88:25:DA:FC,11152.410247,-18549.985420,36756.856519,9347.251540,60851.091345,-11050.061496,-53944.613324,22549.144058,8067.236610,6447.508740
6A:5C:88:25:DA:FC,11342.934856,-15773.850360,34560.990791,9699.957395,56175.642656,-11316.546259,-53560.162264,22281.722283,6534.307537,6136.464874
6A:5C:88:25:DA:FC,11318.914468,-16101.785881,35319.756721,10091.470303,56027.611307,-10926.815063,-53427.526886,23954.986122,4400.978009,7607.046809
6A:5C:88:25:DA:FC,11400.216865,-15469.124032,34972.809526,10064.273870,54775.356139,-10855.254612,-52420.842028,25105.290810,3433.146437,5941.386734
6A:5C:88:25:DA:FC,11500.890757,-14114.741948,35725.329119,9855.624055,51939.042135,-10821.308348,-52471.609529,26711.519409,1240.558494,5398.923677
6A:5C:88:25:DA:FC,11223.912632,-15861.727245,34990.959440,9466.466048,55269.470251,-11390.698957,-53726.785337,22589.665333,4312.434365,6949.461143
6A:5C:88:25:DA:FC,11279.980071,-16220.001440,36640.746320,10111.698892,54607.376472,3461.784075,3445.689868,-1818.066081,-13738.940134,38227.021093
6C:AC:42:BD:50:C9,-701.101069,-33499.226157,16592.799070,-28530.433197,67198.230645,-15961.752836,21450.848290,-36640.720872,-18417.916629,-49966.194516
6C:AC:42:BD:50:C9,-480.604269,-31257.690145,12148.898045,-24926.758173,66803.730877,-14502.113931,21099.057569,-38518.217742,-17489.005116,-40861.842705
6C:AC:42:BD:50:C9,-1136.566804,-31088.049013,9443.595374,-21704.701680,63682.008771,-16027.846098,18566.992718,-36903.611418,-20646.362850,-44702.825242
6C:AC:42:BD:50:C9,-1079.831909,-27352.580882,2530.997750,-9534.622077,55828.443211,-13444.374810,22315.501213,-33317.944505,-18026.161590,-44053.820277
6C:AC:42:BD:50:C9,-330.215445,-32068.276778,14300.727342,-28774.685696,69544.727626,-15393.804840,15179.194307,-37468.148156,-16919.699342,-40353.655934
6C:AC:42:BD:50:C9,-748.941671,-30628.543423,10540.669519,-23653.500342,65664.336251,-17447.514445,-28920.935135,-22831.000798,-17182.478884,1931.084609
6C:AC:42:BD:50:C9,-439.182740,-32471.864474,13400.293058,-28669.300725,70782.929480,-16575.356235,-31780.758560,-13002.474942,-19792.626763,3754.723706
6C:AC:42:BD:50:C9,-732.632732,-30561.835725,9500.420622,-21147.813797,64557.551021,-13601.929659,-30131.882838,-6535.318990,-16854.740489,4837.284209
6C:AC:42:BD:50:C9,-835.249940,-28697.499523,4742.391420,-15032.568393,60901.828931,-17279.107194,-32107.431857,-29459.211890,-15736.815468,11550.215114
6C:AC:42:BD:50:C9,-637.310163,-30993.232403,9848.861363,-24842.512274,68366.582057,-14712.140770,-31296.454890,-11973.098590,-16995.895109,7928.913235
6C:AC:42:BD:50:C9,-734.951019,-29618.192557,8820.921123,-16784.914804,59502.643141,-16541.874205,-31061.745285,-19554.570284,-15259.500602,3288.834743
6C:AC:42:BD:50:C9,-957.459970,-30144.230411,7633.139133,-17704.806642,61601.825625,-16802.482267,-28221.363173,-28380.085585,-11121.567427,361.133667
6C:AC:42:BD:50:C9,-736.913701,-31571.159536,11211.536287,-19649.769781,62053.305380,24759.026298,21962.020033,54809.219584,73.223492,45372.694720
6C:AC:42:BD:50:C9,-655.577453,-30435.600318,10527.085256,-23910.959258,66383.158809,22800.234785,18810.616934,52595.858932,-3210.382666,45940.745263
6C:AC:42:BD:50:C9,-708.162300,-29001.911355,5419.676682,-14188.157425,60984.942635,23989.272407,19316.577476,55559.073498,-2672.710608,47993.798475
6C:AC:42:BD:50:C9,-718.990565,-31129.708542,10524.572863,-24698.389738,67219.024185,-14469.996602,22246.648568,-36582.173152,-21385.773791,-42603.708150
6C:AC:42:BD:50:C9,-529.880524,-31705.108068,11841.435198,-26581.991386,69332.379346,-17058.441366,-29987.014637,-25085.936366,-15013.233977,4967.784595
6C:AC:42:BD:50:C9,-959.002970,-28267.244319,3901.362223,-9144.265486,55405.662321,-14962.864175,20427.594296,-37351.689587,-19396.688958,-42940.238105
6C:AC:42:BD:50:C9,-838.395724,-28818.381161,4964.819143,-13250.348481,59404.817445,25076.314240,62328.620801,56076.317838,10095.808877,-18579.206182
6C:AC:42:BD:50:C9,-1016.883520,-29054.421417,4140.517561,-12090.181663,59622.800944,-13967.600024,24628.292733,-37201.843008,-16059.276211,-48452.252450
6C:AC:42:BD:50:C9,-1036.734967,-30029.581276,6544.384799,-20669.677614,65209.594796,-14775.294092,20107.066413,-35425.255048,-21815.989422,-41998.988460
6C:AC:42:BD:50:C9,-590.106881,-30117.924235,6636.739359,-16486.871669,63772.991667,25303.939368,64138.809080,53633.165619,12602.630441,-20590.803254
6C:AC:42:BD:50:C9,-401.680877,-29504.986376,7505.907352,-22094.784205,67815.805303,26025.733183,68887.033379,53015.056931,6486.617205,-16926.709318
6C:AC:42:BD:50:C9,-1032.012989,-27882.451602,1499.208317,-5237.029561,53904.399358,25685.772879,65385.200013,51218.055224,7474.041879,-14202.543513
6C:AC:42:BD:50:C9,-551.631183,-29259.980082,5074.113346,-18071.215411,66071.794452,24872.890851,64543.851008,51217.671761,8775.434160,-16806.209381
6C:AC:42:BD:50:C9,-725.151504,-30118.514504,9264.385652,-15362.799703,58181.994277,25344.254929,67238.363658,48614.215237,8195.642809,-15618.469355
6C:AC:42:BD:50:C9,-713.941719,-31523.064576,9656.943786,-27809.714789,71624.240981,24349.091524,66316.198019,51351.318801,5340.641335,-19074.744924
6C:AC:42:BD:50:C9,-867.090876,-30008.510460,7354.113572,-18830.283550,63247.846424,25235.930445,69396.308261,50167.042674,6525.860801,-17872.433465
6C:AC:42:BD:50:C9,90.867174,-29772.471138,10013.890913,-20786.876637,65763.285088,25785.285933,68233.189178,53346.233456,1427.232430,-12506.277611
6C:AC:42:BD:50:C9,-815.461546,-28634.991290,3962.243190,-12650.115302,60351.811244,23754.691728,69844.964439,48948.882568,4889.161777,-20735.142416
6C:AC:42:BD:50:C9,-1265.206492,-29168.539612,4457.664444,-14695.303926,60135.674290,25364.111264,69275.597823,42862.832015,10523.678729,-13743.826075
6C:AC:42:BD:50:C9,-812.428690,-29545.813493,5091.891167,-15167.719553,62192.384604,22626.504276,52692.522011,32926.194666,33652.686080,-10624.272037
6C:AC:42:BD:50:C9,-780.567880,-25686.519712,-137.347224,-2149.950430,50665.935154,-14447.026737,21546.876744,-37039.794151,-14683.888653,-46492.700482
6C:AC:42:BD:50:C9,-642.829639,-29183.627882,5642.241902,-16385.822347,63190.159472,-15445.587456,21255.251332,-41209.045319,-15673.127331,-45434.011174
6C:AC:42:BD:50:C9,-912.024664,-30048.924845,7346.407134,-21381.909541,65639.730239,-14748.496704,20931.969604,-35847.195372,-18730.223235,-45010.999409
6C:AC:42:BD:50:C9,58.701331,-28129.666008,7305.438262,-12887.513955,59961.710771,-15905.615129,19547.407825,-41204.658161,-17736.594918,-43914.583741
6C:AC:42:BD:50:C9,-681.021476,-30456.864708,9208.817526,-20488.461605,64236.833143,24459.477864,66338.557871,51359.539205,9999.844754,-20775.004810
70:2C:0E:D9:C5:7C,-13363.024075,-17749.867753,-29356.523238,35779.827172,-37550.389000,-4452.931017,-40019.141232,27436.332974,16962.991155,-19300.663552
70:2C:0E:D9:C5:7C,-13304.123368,-13959.437058,-31654.178411,38384.697007,-39810.934832,-5617.290274,-38624.675520,23897.614776,29730.967615,-38241.123704
70:2C:0E:D9:C5:7C,-14218.493464,-11840.206546,-36936.397688,42957.980024,-43957.508618,-6970.755726,-41642.646639,22898.024363,28489.244603,-37811.453740
70:2C:0E:D9:C5:7C,-14029.067013,-14924.915121,-33798.277581,37789.707794,-39597.150087,-4778.298559,-37446.748722,27791.575916,22997.096196,-30978.692829
70:2C:0E:D9:C5:7C,-13388.320902,-17656.304608,-30845.006261,38350.677819,-38535.272158,-4882.574752,-39638.663039,24760.592593,21392.177676,-24876.983360
70:2C:0E:D9:C5:7C,-13563.374948,-14178.634864,-34227.092081,41121.350753,-40067.136888,-5250.635436,-40819.510083,26057.652423,19517.368578,-24094.704029
70:2C:0E:D9:C5:7C,-14026.746550,-16790.665707,-33639.991202,46090.087824,-44749.562925,28735.991421,27730.818945,-5434.120899,13497.176656,60359.516927
70:2C:0E:D9:C5:7C,-11551.385987,-15728.053003,-26128.641598,38245.866769,-37242.554446,-4412.823644,-38730.341105,25083.503394,26025.124333,-28730.984274
70:2C:0E:D9:C5:7C,-14459.282994,-18538.193078,-32593.223595,39964.589159,-39830.169161,-5210.136827,-39506.246816,25049.051889,16024.043158,-20508.113497
70:2C:0E:D9:C5:7C,-13442.696141,-13743.274966,-36930.101397,42715.823937,-39695.373907,28236.850500,31113.748714,-6313.571371,14295.929672,53669.789924
70:2C:0E:D9:C5:7C,-13721.934299,-15226.376853,-32223.155019,42419.522479,-43542.417862,28335.027526,29999.866434,-9325.582890,16383.203767,56025.149291
70:2C:0E:D9:C5:7C,-13757.808605,-13415.887277,-37840.750971,40802.912869,-39041.205105,28891.612816,31348.769909,-7506.471149,15454.303615,56133.259686
70:2C:0E:D9:C5:7C,-12776.761262,-13242.229722,-31357.383144,39813.209890,-40679.119695,-4951.456374,-40587.503194,27989.429266,14630.345566,-20796.486638
70:2C:0E:D9:C5:7C,-14479.857114,-18827.807385,-31559.152577,39294.435531,-40514.554216,-4485.945257,-37380.719970,24485.692501,24196.964321,-29693.728976
70:2C:0E:D9:C5:7C,-13575.122168,-12989.340644,-34531.494085,42150.086921,-41311.823132,-4856.181721,-39712.692202,26286.638761,27096.231013,-32612.838281
70:2C:0E:D9:C5:7C,-13017.747149,-13337.807539,-31238.769854,41471.350131,-42513.408640,24844.298954,21033.227448,51645.269612,4358.259890,44100.436404
70:2C:0E:D9:C5:7C,-13384.408955,-14367.089816,-33625.015100,38555.925235,-38055.288814,-12306.603716,11187.304593,-32719.628948,-30156.232085,-8033.672426
70:2C:0E:D9:C5:7C,-14456.966034,-15507.576749,-35033.386514,43771.739135,-43537.446477,-12792.709781,9014.187397,-30789.374200,-27787.783200,-10989.212692
70:2C:0E:D9:C5:7C,-13302.862662,-14808.626602,-33826.087252,44881.973787,-43478.247562,24492.378259,24207.632464,54571.825668,-1908.606664,40934.171981
70:2C:0E:D9:C5:7C,-15194.578683,-16213.208722,-33917.269663,37343.906699,-42400.730849,24070.604191,18468.511494,53372.217145,-2364.291864,51225.441833
70:2C:0E:D9:C5:7C,-13550.061282,-17271.271793,-32294.805829,37994.260456,-37304.813591,25327.853185,21856.175989,54571.648096,3231.152437,42685.171413
70:2C:0E:D9:C5:7C,-13773.932368,-16994.086601,-31728.436066,41329.191076,-41004.915261,24903.040636,19683.079464,50164.819340,673.729479,52128.668644
70:2C:0E:D9:C5:7C,-13328.469199,-11302.208207,-34916.593550,39105.203197,-41102.343350,24539.152370,19879.010297,53760.639534,-1946.979480,49340.513373
70:2C:0E:D9:C5:7C,-13731.000836,-17518.189898,-30361.981559,38528.288753,-39409.223875,23420.843434,19736.363018,49999.380920,-1309.598779,47955.205517
70:2C:0E:D9:C5:7C,-14047.384799,-16833.599628,-37671.952508,44236.138926,-37352.560046,-13819.343945,11462.621177,-34806.938839,-33262.126313,-8919.740979
70:2C:0E:D9:C5:7C,-13304.545436,-11953.287185,-31862.245378,41670.867293,-45363.392133,-12892.499800,10323.614189,-33728.290881,-30838.590008,-7749.602005
70:2C:0E:D9:C5:7C,-12946.602564,-13099.723406,-34556.267297,43198.008163,-41215.485933,-12817.399937,12367.142411,-32172.045289,-32144.793555,-9949.105661
70:2C:0E:D9:C5:7C,-13325.951036,-15856.613947,-34656.782766,43662.692893,-38588.066792,-13630.148928,10951.749890,-33666.809937,-33572.567551,-8731.836089
70:2C:0E:D9:C5:7C,-12864.836740,-10791.641620,-36932.620736,43667.082144,-39147.394270,-13087.137244,11718.286946,-33424.200286,-29311.750804,-11133.064413
70:2C:0E:D9:C5:7C,-13525.807492,-14850.308596,-32967.047065,37609.838111,-37575.169733,27389.822054,16338.261356,53595.514574,1059.569915,64858.577204
74:21:66:24:A4:27,-17850.287274,3855.464790,-67244.457612,-20013.769546,-13930.511157,30096.944806,30162.350142,-21738.945462,29724.721824,54986.718087
74:21:66:24:A4:27,-18140.931978,3478.197632,-66752.052326,-19655.043273,-15029.767013,30096.944806,30162.350142,-21738.945462,29724.721824,54986.718087
74:21:66:24:A4:27,-17732.143116,2157.619478,-69522.035026,-15084.042243,-13658.649359,30096.944806,30162.350142,-21738.945462,29724.721824,54986.718087
74:21:66:24:A4:27,-17886.620270,3844.201490,-65767.814983,-19763.292480,-14847.605626,30096.944806,30162.350142,-21738.945462,29724.721824,54986.718087
74:21:66:24:A4:27,-17729.408370,3699.124756,-68613.056210,-18144.008879,-14063.311234,30096.944806,30162.350142,-21738.945462,29724.721824,54986.718087
74:21:66:24:A4:27,-17619.221025,3262.093384,-69863.174313,-16171.893862,-13545.345527,30096.944806,30162.350142,-21738.945462,29724.721824,54986.718087
74:21:66:24:A4:27,-18203.522761,2541.916003,-66822.640973,-18879.286344,-14737.640618,30096.944806,30162.350142,-21738.945462,29724.721824,54986.718087
74:21:66:24:A4:27,-17686.857104,1569.909698,-70482.506325,-13831.855270,-12850.272137,30096.944806,30162.350142,-21738.945462,29724.721824,54986.718087
74:21:66:24:A4:27,-17797.691746,3592.756795,-64861.930955,-20178.737132,-14588.253572,30096.944806,30162.350142,-21738.945462,29724.721824,54986.718087
74:21:66:24:A4:27,-18087.543833,3955.566671,-66131.820208,-20548.882101,-15149.819978,30096.944806,30162.350142,-21738.945462,29724.721824,54986.718087
74:21:66:24:A4:27,-17982.106835,1932.568731,-68043.163729,-16190.140670,-14268.346012,30096.944806,30162.350142,-21738.945462,29724.721824,54986.718087
74:21:66:24:A4:27,-18362.467526,2358.736576,-64668.441934,-21761.467996,-14466.992609,30096.944806,30162.350142,-21738.945462,29724.721824,54986.718087
74:21:66:24:A4:27,-17486.952207,4152.109511,-66763.458510,-18601.588303,-14720.965081,30096.944806,30162.350142,-21738.945462,29724.721824,54986.718087
74:21:66:24:A4:27,-17908.097423,3703.536519,-66629.625538,-19559.612271,-14453.957467,30096.944806,30162.350142,-21738.945462,29724.721824,54986.718087
74:21:66:24:A4:27,-17762.688356,4835.153084,-65885.326529,-21129.008783,-14271.965342,30096.944806,30162.350142,-21738.945462,29724.721824,54986.718087
74:21:66:24:A4:27,-18119.444817,3261.500270,-66929.041548,-19948.256732,-13903.078013,30096.944806,30162.350142,-21738.945462,29724.721824,54986.718087
74:21:66:24:A4:27,-18104.648110,2901.372910,-66970.163663,-18477.109129,-15105.305808,30096.944806,30162.350142,-21738.945462,29724.721824,54986.718087
74:21:66:24:A4:27,-18442.086963,2531.388368,-69352.497790,-16861.446651,-15419.938903,30096.944806,30162.350142,-21738.945462,29724.721824,54986.718087
74:21:66:24:A4:27,-18279.237841,3924.436265,-64723.772858,-22120.147320,-15462.722442,30096.944806,30162.350142,-21738.945462,29724.721824,54986.718087
74:21:66:24:A4:27,-17935.926777,2969.983822,-64564.383165,-20280.076992,-15285.784714,30096.944806,30162.350142,-21738.945462,29724.721824,54986.718087
74:21:66:24:A4:27,-17770.495027,4209.784401,-64556.663479,-21238.234189,-14885.664257,29194.263309,31756.997781,-6378.140175,13690.383607,57195.332125
74:21:66:24:A4:27,-19762.733344,1211.713497,-71469.916824,-18839.137010,-16138.186536,29187.001330,31247.826370,-6838.844384,16963.119624,54990.390487
74:21:66:24:A4:27,-17968.995345,4278.020523,-68016.275108,-18125.925038,-15399.150857,29453.896060,29976.223584,-3638.191951,14363.010347,58836.730137
74:21:66:24:A4:27,-17322.102240,3156.070583,-67169.919602,-16516.182811,-14021.880669,29026.360879,28940.812755,-6421.128487,14091.666409,60569.905595
74:21:66:24:A4:27,-18219.962681,3638.417698,-65660.086962,-20334.116005,-15532.415432,28707.352462,32794.426763,-10922.426124,18464.569456,52627.782518
74:21:66:24:A4:27,-17507.521020,3125.098284,-67593.559989,-17128.119930,-14232.896499,29741.455928,33274.201130,-3547.773529,17865.385299,51586.026747
74:21:66:24:A4:27,-17752.525248,4645.844496,-65513.805620,-21223.769321,-14451.559688,29751.011642,28398.479932,-5370.950486,16684.336510,60866.030696
74:21:66:24:A4:27,-17891.788461,3020.894209,-69060.602428,-16623.105214,-14426.575241,29147.122542,34710.073156,-8954.414051,15287.697110,53256.230024
74:21:66:24:A4:27,-18145.006623,3806.291053,-66506.583810,-20515.867162,-14865.608703,30096.944806,30162.350142,-21738.945462,29724.721824,54986.718087
74:21:66:24:A4:27,-17691.558645,4066.785235,-65176.248977,-20600.600119,-14618.685649,30096.944806,30162.350142,-21738.945462,29724.721824,54986.718087
74:21:66:24:A4:27,-17507.212024,2505.423711,-68408.030425,-16082.774875,-13051.310733,30096.944806,30162.350142,-21738.945462,29724.721824,54986.718087
74:21:66:24:A4:27,-17933.054707,4321.425523,-63922.366260,-21596.987587,-15769.487227,30096.944806,30162.350142,-21738.945462,29724.721824,54986.718087
74:21:66:24:A4:27,-18092.760324,3631.922706,-66597.184703,-20718.485337,-14372.147317,30096.944806,30162.350142,-21738.945462,29724.721824,54986.718087
74:21:66:24:A4:27,-18042.664352,2524.807763,-70192.044718,-15369.332517,-14479.113663,30096.944806,30162.350142,-21738.945462,29724.721824,54986.718087
74:21:66:24:A4:27,-17682.098439,3784.213617,-65936.607494,-19272.669920,-14407.801362,30096.944806,30162.350142,-21738.945462,29724.721824,54986.718087
74:21:66:24:A4:27,-17488.446261,2509.456929,-70503.245423,-14292.921709,-12888.579379,29056.442733,31323.941581,-9554.360556,16691.334206,57373.617774
74:21:66:24:A4:27,-17744.028560,2854.206514,-65930.379206,-18319.689617,-14275.204744,30096.944806,30162.350142,-21738.945462,29724.721824,54986.718087
74:4F:39:AD:AC:02,-26099.886012,-53971.942637,32136.493323,-53539.976550,-25843.515066,30096.944806,30162.350142,-21738.945462,29724.721824,54986.718087
74:4F:39:AD:AC:02,-28438.227857,-60867.003477,32919.810084,-56210.891283,-23269.212170,30096.944806,30162.350142,-21738.945462,29724.721824,54986.718087
74:4F:39:AD:AC:02,-28034.074723,-57262.508462,29164.770832,-57547.852045,-22613.296399,30096.944806,30162.350142,-21738.945462,29724.721824,54986.718087
77:EC:A9:26:FB:C1,-1982.656840,-17329.525752,16173.292218,-9296.012911,-10002.762952,30096.944806,30162.350142,-21738.945462,29724.721824,54986.718087
77:EC:A9:26:FB:C1,6459.251487,-13191.902741,29642.169727,92.033816,4036.862350,30096.944806,30162.350142,-21738.945462,29724.721824,54986.718087
77:EC:A9:26:FB:C1,6524.548517,-15058.856878,27295.033456,2075.499541,8133.171208,30096.944806,30162.350142,-21738.945462,29724.721824,54986.718087
77:EC:A9:26:FB:C1,6614.675218,-15007.748881,25870.605608,2776.481851,8782.018154,30096.944806,30162.350142,-21738.945462,29724.721824,54986.718087
77:EC:A9:26:FB:C1,6551.628964,-15423.820043,27093.282400,2594.180775,8399.817159,30096.944806,30162.350142,-21738.945462,29724.721824,54986.718087
77:EC:A9:26:FB:C1,6545.121902,-14358.703241,28016.288155,1035.864844,6930.689626,30096.944806,30162.350142,-21738.945462,29724.721824,54986.718087
77:EC:A9:26:FB:C1,6672.727227,-15591.536325,26683.530492,2905.378656,9407.614846,30096.944806,30162.350142,-21738.945462,29724.721824,54986.718087
77:EC:A9:26:FB:C1,6491.704943,-13596.213712,29091.760828,-222.120159,5762.263398,30096.944806,30162.350142,-21738.945462,29724.721824,54986.718087
77:EC:A9:26:FB:C1,6479.553475,-14007.928553,27982.799430,1243.511529,6476.045100,30096.944806,30162.350142,-21738.945462,29724.721824,54986.718087
77:EC:A9:26:FB:C1,6752.867118,-14284.561349,28105.844631,1550.223598,7484.584152,30096.944806,30162.350142,-21738.945462,29724.721824,54986.718087
77:EC:A9:26:FB:C1,6318.814046,-13317.052105,30361.827124,-242.362679,3693.437410,30096.944806,30162.350142,-21738.945462,29724.721824,54986.718087
77:EC:A9:26:FB:C1,6578.220696,-15656.357361,25177.058353,2372.346501,11293.616677,30096.944806,30162.350142,-21738.945462,29724.721824,54986.718087
77:EC:A9:26:FB:C1,6553.445782,-13336.768144,29602.586077,-264.947982,5273.301813,30096.944806,30162.350142,-21738.945462,29724.721824,54986.718087
77:EC:A9:26:FB:C1,6648.202445,-16400.495703,24250.602985,4017.769965,12000.594528,30096.944806,30162.350142,-21738.945462,29724.721824,54986.718087
77:EC:A9:26:FB:C1,6494.666741,-14201.087303,28947.206840,421.850582,6388.537860,30096.944806,30162.350142,-21738.945462,29724.721824,54986.718087
77:EC:A9:26:FB:C1,6411.190399,-13045.081547,30495.553166,-629.002690,3630.768721,30096.944806,30162.350142,-21738.945462,29724.721824,54986.718087
77:EC:A9:26:FB:C1,6608.444743,-13717.275309,29270.888258,40.013612,6130.439670,30096.944806,30162.350142,-21738.945462,29724.721824,54986.718087
77:EC:A9:26:FB:C1,6570.813377,-15939.346340,25768.129523,3457.896297,9833.518200,30096.944806,30162.350142,-21738.945462,29724.721824,54986.718087
77:EC:A9:26:FB:C1,6545.303310,-14103.300942,28893.480371,424.438053,6410.781658,30096.944806,30162.350142,-21738.945462,29724.721824,54986.718087
77:EC:A9:26:FB:C1,6124.115056,-14012.097809,29722.855019,-344.943105,4373.266026,30096.944806,30162.350142,-21738.945462,29724.721824,54986.718087
77:EC:A9:26:FB:C1,6586.655238,-14787.818206,27411.583316,1455.271198,8334.805207,30096.944806,30162.350142,-21738.945462,29724.721824,54986.718087
77:EC:A9:26:FB:C1,5740.388688,-16999.279060,23920.909529,2380.869327,10704.887903,30096.944806,30162.350142,-21738.945462,29724.721824,54986.718087
77:EC:A9:26:FB:C1,6553.369615,-13476.014626,29299.935626,312.063622,5279.936432,30096.944806,30162.350142,-21738.945462,29724.721824,54986.718087
77:EC:A9:26:FB:C1,6751.521343,-13791.762502,28108.742042,1512.609740,6685.250032,30096.944806,30162.350142,-21738.945462,29724.721824,54986.718087
77:EC:A9:26:FB:C1,6443.555590,-12575.040925,30580.122533,-1236.774280,3346.850226,30096.944806,30162.350142,-21738.945462,29724.721824,54986.718087
77:EC:A9:26:FB:C1,6702.861630,-15244.767634,25851.925311,3366.540158,9582.789122,30096.944806,30162.350142,-21738.945462,29724.721824,54986.718087
77:EC:A9:26:FB:C1,6569.211532,-14469.330376,28453.519778,912.082409,7185.785203,30096.944806,30162.350142,-21738.945462,29724.721824,54986.718087
77:EC:A9:26:FB:C1,6542.959325,-14383.581708,27837.555808,1101.605879,7498.687273,30096.944806,30162.350142,-21738.945462,29724.721824,54986.718087
77:EC:A9:26:FB:C1,6653.082014,-16660.871924,24601.807234,4304.240610,11648.330859,30096.944806,30162.350142,-21738.945462,29724.721824,54986.718087
77:EC:A9:26:FB:C1,6198.560521,-13973.703321,28146.027574,-242.107713,5977.946228,30096.944806,30162.350142,-21738.945462,29724.721824,54986.718087
77:EC:A9:26:FB:C1,6390.009012,-13607.115296,30354.733253,181.570204,3548.038246,30096.944806,30162.350142,-21738.945462,29724.721824,54986.718087
77:EC:A9:26:FB:C1,6474.761240,-14621.779317,28074.869023,761.596685,7512.544085,30096.944806,30162.350142,-21738.945462,29724.721824,54986.718087
77:EC:A9:26:FB:C1,6561.557599,-15424.301393,26045.628963,2721.251936,9455.953914,30096.944806,30162.350142,-21738.945462,29724.721824,54986.718087
77:EC:A9:26:FB:C1,6498.673642,-14302.413090,27206.561814,1483.766413,7475.638337,30096.944806,30162.350142,-21738.945462,29724.721824,54986.718087
77:EC:A9:26:FB:C1,6513.643608,-13007.343241,30586.880562,-688.890212,3884.902541,30096.944806,30162.350142,-21738.945462,29724.721824,54986.718087
77:EC:A9:26:FB:C1,6758.285600,-13342.613535,30534.331389,86.522032,4870.707450,30096.944806,30162.350142,-21738.945462,29724.721824,54986.718087
77:EC:A9:26:FB:C1,6474.249015,-14324.676473,28265.637495,522.163776,7215.258156,30096.944806,30162.350142,-21738.945462,29724.721824,54986.718087
77:EC:A9:26:FB:C1,6474.540652,-12271.115583,30848.685392,-1321.000910,2865.297884,30096.944806,30162.350142,-21738.945462,29724.721824,54986.718087
C2:21:53:D1:44:A1,33772.150890,81098.637236,24815.897747,6647.804802,-876.191782,30096.944806,30162.350142,-21738.945462,29724.721824,54986.718087
C2:21:53:D1:44:A1,34003.376725,80387.753173,26041.916180,9100.233012,-1049.780652,30096.944806,30162.350142,-21738.945462,29724.721824,54986.718087
C2:21:53:D1:44:A1,34124.303184,80415.262889,25172.890590,8159.979514,842.707662,30096.944806,30162.350142,-21738.945462,29724.721824,54986.718087
C2:21:53:D1:44:A1,34130.192451,81307.473392,25407.601587,9616.094452,-2174.637932,30096.944806,30162.350142,-21738.945462,29724.721824,54986.718087
C2:21:53:D1:44:A1,33964.332082,81326.299544,24972.368411,8553.966537,-1828.449088,30096.944806,30162.350142,-21738.945462,29724.721824,54986.718087
C2:21:53:D1:44:A1,33379.776022,80260.746961,26662.587382,7073.012302,-3778.857672,30096.944806,30162.350142,-21738.945462,29724.721824,54986.718087
C2:21:53:D1:44:A1,34155.828877,81336.902782,26658.940720,8531.302446,-1589.673121,30096.944806,30162.350142,-21738.945462,29724.721824,54986.718087
C2:21:53:D1:44:A1,33647.410548,81585.921553,23745.182295,8351.946091,-2052.240678,30096.944806,30162.350142,-21738.945462,29724.721824,54986.718087
C2:21:53:D1:44:A1,34123.829746,80591.171725,24810.102363,9018.059561,-501.778008,30096.944806,30162.350142,-21738.945462,29724.721824,54986.718087
C2:21:53:D1:44:A1,34294.402842,81200.379079,24708.507318,9723.615920,468.273462,30096.944806,30162.350142,-21738.945462,29724.721824,54986.718087
C2:21:53:D1:44:A1,33558.980338,79543.567639,24418.192224,7463.238872,209.586857,30096.944806,30162.350142,-21738.945462,29724.721824,54986.718087
C2:21:53:D1:44:A1,34095.047272,80342.494679,25908.776048,9272.864736,-1231.551794,30096.944806,30162.350142,-21738.945462,29724.721824,54986.718087
C2:21:53:D1:44:A1,33297.730448,79294.794331,24041.803842,9162.277679,-902.059742,30096.944806,30162.350142,-21738.945462,29724.721824,54986.718087
C2:21:53:D1:44:A1,33523.797818,78604.714106,23841.719761,8967.500316,1547.549352,30096.944806,30162.350142,-21738.945462,29724.721824,54986.718087
C2:21:53:D1:44:A1,34148.655396,82826.476409,24335.448143,8107.367811,-1703.801233,30096.944806,30162.350142,-21738.945462,29724.721824,54986.718087
C2:21:53:D1:44:A1,33885.354545,80373.626597,21251.501379,10074.041887,599.146574,30096.944806,30162.350142,-21738.945462,29724.721824,54986.718087
C2:21:53:D1:44:A1,34721.020185,80834.981689,26418.782862,9982.976224,-931.875695,30096.944806,30162.350142,-21738.945462,29724.721824,54986.718087
C2:21:53:D1:44:A1,31775.654946,78456.587462,21720.701399,7723.898272,-1934.849563,30096.944806,30162.350142,-21738.945462,29724.721824,54986.718087
C2:21:53:D1:44:A1,34884.097530,81362.564640,24791.748617,11492.160213,-674.684454,30096.944806,30162.350142,-21738.945462,29724.721824,54986.718087
C2:21:53:D1:44:A1,32821.299301,80438.787954,24591.019568,8429.720974,-5614.574836,30096.944806,30162.350142,-21738.945462,29724.721824,54986.718087
C2:21:53:D1:44:A1,33169.747114,78630.550800,25625.555624,10537.581562,-3164.864093,30096.944806,30162.350142,-21738.945462,29724.721824,54986.718087
C2:21:53:D1:44:A1,34295.105202,81409.457939,25697.916037,8045.379327,-498.309180,30096.944806,30162.350142,-21738.945462,29724.721824,54986.718087
C2:21:53:D1:44:A1,34225.212983,82146.457915,26119.829423,9271.017098,-3000.170057,30096.944806,30162.350142,-21738.945462,29724.721824,54986.718087
C2:21:53:D1:44:A1,32367.985041,80232.183109,22701.492947,7095.032599,-3396.024692,30096.944806,30162.350142,-21738.945462,29724.721824,54986.718087
C2:21:53:D1:44:A1,33922.647272,80944.004862,24725.216494,8045.362446,-1211.169572,30096.944806,30162.350142,-21738.945462,29724.721824,54986.718087
C2:21:53:D1:44:A1,34616.606411,81746.462633,25665.458305,11121.583887,-1546.598399,30096.944806,30162.350142,-21738.945462,29724.721824,54986.718087
C2:21:53:D1:44:A1,33443.328297,80629.742215,24264.018594,7467.055098,-1089.244951,30096.944806,30162.350142,-21738.945462,29724.721824,54986.718087
C2:21:53:D1:44:A1,32954.482037,79569.187686,25863.843682,8405.162638,-4163.169151,30096.944806,30162.350142,-21738.945462,29724.721824,54986.718087
C2:21:53:D1:44:A1,32884.408233,79628.532086,24780.093603,7869.217452,-2998.167860,30096.944806,30162.350142,-21738.945462,29724.721824,54986.718087
C2:21:53:D1:44:A1,32469.322467,79083.796862,21112.596081,8164.488787,-226.510310,30096.944806,30162.350142,-21738.945462,29724.721824,54986.718087
C2:97:CC:47:79:BF,-2097.433484,12426.447972,-15502.605393,-7380.523024,-9456.278834,30096.944806,30162.350142,-21738.945462,29724.721824,54986.718087
C2:97:CC:47:79:BF,760.264236,19290.814704,-11964.738305,-13984.532446,-4720.976157,30096.944806,30162.350142,-21738.945462,29724.721824,54986.718087
C2:97:CC:47:79:BF,-1585.878816,9869.592256,-13018.191872,-10576.960644,-2875.364206,30096.944806,30162.350142,-21738.945462,29724.721824,54986.718087
C2:97:CC:47:79:BF,-556.591979,10567.603698,-13592.577025,-6963.648207,-25.059109,30096.944806,30162.350142,-21738.945462,29724.721824,54986.718087
C2:97:CC:47:79:BF,-922.953803,13144.543953,-16865.024697,-5875.134224,-5516.520002,30096.944806,30162.350142,-21738.945462,29724.721824,54986.718087
C2:97:CC:47:79:BF,-370.013666,15557.080973,-11941.398608,-10968.353200,-5747.341070,30096.944806,30162.350142,-21738.945462,29724.721824,54986.718087
C2:97:CC:47:79:BF,-704.975562,13726.203752,-16171.596191,-7224.630162,-1906.706929,30096.944806,30162.350142,-21738.945462,29724.721824,54986.718087
C2:97:CC:47:79:BF,-1278.579870,14997.658948,-14317.267287,-13395.428537,-6994.282800,30096.944806,30162.350142,-21738.945462,29724.721824,54986.718087
C2:97:CC:47:79:BF,-1148.313760,13461.798552,-14056.060025,-11726.671634,-7128.015859,30096.944806,30162.350142,-21738.945462,29724.721824,54986.718087
C2:97:CC:47:79:BF,-598.098547,12439.043551,-19030.790610,-7847.483591,5079.715418,30096.944806,30162.350142,-21738.945462,29724.721824,54986.718087
C2:97:CC:47:79:BF,-1049.765269,18142.670771,-17203.216864,-14571.937548,-3655.712427,30096.944806,30162.350142,-21738.945462,29724.721824,54986.718087
C2:97:CC:47:79:BF,-1184.260963,14289.048119,-13274.249755,-12766.046222,-4871.734072,30096.944806,30162.350142,-21738.945462,29724.721824,54986.718087
C2:97:CC:47:79:BF,-1322.521984,15993.470220,-12191.050495,-11275.478384,-12574.224918,30096.944806,30162.350142,-21738.945462,29724.721824,54986.718087
C2:97:CC:47:79:BF,3202.995542,19847.205616,-12155.247917,-5029.256373,-415.757615,30096.944806,30162.350142,-21738.945462,29724.721824,54986.718087
C2:97:CC:47:79:BF,-2117.560786,12929.572654,-14355.452292,-15015.789358,-5067.897661,30096.944806,30162.350142,-21738.945462,29724.721824,54986.718087
CB:75:EA:71:DC:3C,-4286.842808,-6908.853878,-13416.414902,-22954.407273,21524.485150,30096.944806,30162.350142,-21738.945462,29724.721824,54986.718087
CB:75:EA:71:DC:3C,-10992.284611,-12914.892038,-13980.807471,-32857.886541,11828.823826,30096.944806,30162.350142,-21738.945462,29724.721824,54986.718087
CB:75:EA:71:DC:3C,-4353.808376,-4597.321181,-10652.950823,-27448.194109,19285.435403,30096.944806,30162.350142,-21738.945462,29724.721824,54986.718087
CB:75:EA:71:DC:3C,-9820.146878,-8735.922735,-20703.081511,-28199.813196,10554.020406,30096.944806,30162.350142,-21738.945462,29724.721824,54986.718087
CB:75:EA:71:DC:3C,-11701.951008,-13123.591756,-20501.625320,-33380.269489,14140.611611,30096.944806,30162.350142,-21738.945462,29724.721824,54986.718087
CB:75:EA:71:DC:3C,-13293.934345,-13490.586088,-21316.334906,-34555.895269,10150.181680,30096.944806,30162.350142,-21738.945462,29724.721824,54986.718087
CB:75:EA:71:DC:3C,-6272.723914,-1535.508431,-19067.194255,-28911.292318,15612.987047,30096.944806,30162.350142,-21738.945462,29724.721824,54986.718087
CB:75:EA:71:DC:3C,-12711.525780,-12118.738402,-23270.993762,-32964.697908,8995.192901,30096.944806,30162.350142,-21738.945462,29724.721824,54986.718087
CB:75:EA:71:DC:3C,-7516.478955,-7943.444141,-27340.022280,-20131.251240,18658.745639,30096.944806,30162.350142,-21738.945462,29724.721824,54986.718087
CB:75:EA:71:DC:3C,-6995.550512,-7744.587859,-11542.473867,-29180.294708,15749.176688,30096.944806,30162.350142,-21738.945462,29724.721824,54986.718087
CB:75:EA:71:DC:3C,-12545.278581,-10295.045094,-26808.443377,-34407.789223,13006.435621,30096.944806,30162.350142,-21738.945462,29724.721824,54986.718087
CB:75:EA:71:DC:3C,-13200.325551,-7715.783318,-37366.704697,-33374.463028,12407.237974,30096.944806,30162.350142,-21738.945462,29724.721824,54986.718087
CB:75:EA:71:DC:3C,-10655.303967,-9287.820695,-21183.721475,-30286.322418,12651.993663,30096.944806,30162.350142,-21738.945462,29724.721824,54986.718087
CB:75:EA:71:DC:3C,-13148.368642,-9823.010114,-30036.281954,-37476.158228,13476.979856,30096.944806,30162.350142,-21738.945462,29724.721824,54986.718087
CB:75:EA:71:DC:3C,-9534.334157,-6491.417228,-25066.700313,-29508.663733,14132.651487,30096.944806,30162.350142,-21738.945462,29724.721824,54986.718087
CB:75:EA:71:DC:3C,-6115.054662,-4788.768822,-19151.947346,-28529.677656,19676.065768,30096.944806,30162.350142,-21738.945462,29724.721824,54986.718087
CB:75:EA:71:DC:3C,-8895.917774,-11972.818809,-15372.098851,-30401.845813,18712.798736,30096.944806,30162.350142,-21738.945462,29724.721824,54986.718087
CB:75:EA:71:DC:3C,-10148.810461,-12143.917875,-26137.504660,-27151.662601,19056.080503,30096.944806,30162.350142,-21738.945462,29724.721824,54986.718087
CB:75:EA:71:DC:3C,-12419.932823,-10901.729690,-31303.518040,-29061.977842,13959.811405,30096.944806,30162.350142,-21738.945462,29724.721824,54986.718087
CB:75:EA:71:DC:3C,-6908.780318,-10111.225082,-15356.181218,-27425.854273,22331.211888,30096.944806,30162.350142,-21738.945462,29724.721824,54986.718087
D5:F9:37:06:C3:32,2518.063305,3741.530013,-5042.394713,-19400.210915,42024.460791,30096.944806,30162.350142,-21738.945462,29724.721824,54986.718087
D5:F9:37:06:C3:32,3949.162494,2575.062142,-3483.664198,-9743.318271,40474.695909,30096.944806,30162.350142,-21738.945462,29724.721824,54986.718087
D5:F9:37:06:C3:32,1013.540713,1828.381131,-8793.700066,-12653.923149,38830.885343,30096.944806,30162.350142,-21738.945462,29724.721824,54986.718087
D5:F9:37:06:C3:32,3994.322994,6661.186867,-8228.510316,-10944.259470,41057.806952,30096.944806,30162.350142,-21738.945462,29724.721824,54986.718087
D5:F9:37:06:C3:32,2024.179450,251.980799,-10100.168643,-10321.159356,44384.035508,30096.944806,30162.350142,-21738.945462,29724.721824,54986.718087
D5:F9:37:06:C3:32,4642.690312,1870.755377,-4422.273062,-16659.905210,51033.854000,30096.944806,30162.350142,-21738.945462,29724.721824,54986.718087
D5:F9:37:06:C3:32,3939.258440,1345.193168,7.421045,-11726.060366,41285.733368,30096.944806,30162.350142,-21738.945462,29724.721824,54986.718087
D5:F9:37:06:C3:32,4721.665976,3143.889199,-2958.732625,-15250.019610,49531.318849,30096.944806,30162.350142,-21738.945462,29724.721824,54986.718087
D5:F9:37:06:C3:32,1987.891520,1995.957955,-4930.189546,-13839.576756,40299.572933,30096.944806,30162.350142,-21738.945462,29724.721824,54986.718087
D5:F9:37:06:C3:32,7405.913877,3767.362175,1464.173302,-9523.933218,48518.608328,30096.944806,30162.350142,-21738.945462,29724.721824,54986.718087
D5:F9:37:06:C3:32,4737.777677,4068.540607,-1280.484041,-12716.749130,44788.139592,30096.944806,30162.350142,-21738.945462,29724.721824,54986.718087
DC:D9:17:9B:A7:45,-11496.685743,-53243.869286,23240.127547,3152.269379,4733.580960,30096.944806,30162.350142,-21738.945462,29724.721824,54986.718087
DC:D9:17:9B:A7:45,-10688.758567,-52235.382167,21073.456750,6976.517056,7442.685329,30096.944806,30162.350142,-21738.945462,29724.721824,54986.718087
DC:D9:17:9B:A7:45,-10104.354378,-49964.854157,26227.170687,1055.711625,5075.335249,30096.944806,30162.350142,-21738.945462,29724.721824,54986.718087
DC:D9:17:9B:A7:45,-11438.742392,-56669.268765,24451.680907,8540.312252,4639.745776,30096.944806,30162.350142,-21738.945462,29724.721824,54986.718087
DC:D9:17:9B:A7:45,-10858.694104,-56222.047868,23523.488476,11466.447291,5932.635246,30096.944806,30162.350142,-21738.945462,29724.721824,54986.718087
DC:D9:17:9B:A7:45,-10115.706313,-55948.194692,22896.736529,9676.184441,9081.079073,30096.944806,30162.350142,-21738.945462,29724.721824,54986.718087
DC:D9:17:9B:A7:45,-10093.832997,-55320.458604,19778.081476,14692.157813,9951.188187,30096.944806,30162.350142,-21738.945462,29724.721824,54986.718087
DC:D9:17:9B:A7:45,-10714.270504,-57524.060644,24085.024037,11232.256429,6862.913427,30096.944806,30162.350142,-21738.945462,29724.721824,54986.718087
DC:D9:17:9B:A7:45,-10337.224528,-53284.996754,27151.115393,5478.966738,4158.288788,30096.944806,30162.350142,-21738.945462,29724.721824,54986.718087
DC:D9:17:9B:A7:45,-11474.828016,-55687.874609,21257.742725,8627.950047,5592.651812,30096.944806,30162.350142,-21738.945462,29724.721824,54986.718087
DC:D9:17:9B:A7:45,-11281.156661,-52170.897023,23776.336941,4487.597146,4322.559597,30096.944806,30162.350142,-21738.945462,29724.721824,54986.718087
DC:D9:17:9B:A7:45,-10920.136458,-54161.028578,25256.151655,3701.996826,7014.799447,30096.944806,30162.350142,-21738.945462,29724.721824,54986.718087
DC:D9:17:9B:A7:45,-10272.446463,-52810.402729,22470.314098,3436.724413,9702.936180,30096.944806,30162.350142,-21738.945462,29724.721824,54986.718087
DC:D9:17:9B:A7:45,-9404.334948,-52165.195017,23257.804585,6303.924245,10533.419587,30096.944806,30162.350142,-21738.945462,29724.721824,54986.718087
DC:D9:17:9B:A7:45,-10284.579469,-52602.352630,23398.879272,6662.135520,7025.144887,30096.944806,30162.350142,-21738.945462,29724.721824,54986.718087
DC:D9:17:9B:A7:45,-11529.853449,-54004.842554,22429.223682,5581.230449,8718.177918,30096.944806,30162.350142,-21738.945462,29724.721824,54986.718087
DC:D9:17:9B:A7:45,-10325.701575,-51707.078529,26276.354433,6723.689384,2999.416705,30096.944806,30162.350142,-21738.945462,29724.721824,54986.718087
DC:D9:17:9B:A7:45,-4200.704011,-48823.555157,30029.773654,14408.063693,11924.055421,30096.944806,30162.350142,-21738.945462,29724.721824,54986.718087
DC:D9:17:9B:A7:45,-10499.416844,-52854.709971,23549.756055,2482.883963,9522.950924,30096.944806,30162.350142,-21738.945462,29724.721824,54986.718087
DC:D9:17:9B:A7:45,-11284.222427,-54959.611099,24652.650467,5786.321101,4271.259235,30096.944806,30162.350142,-21738.945462,29724.721824,54986.718087
DC:D9:17:9B:A7:45,-10887.707394,-53553.238358,24090.470177,5668.972609,6392.237531,30096.944806,30162.350142,-21738.945462,29724.721824,54986.718087
DC:D9:17:9B:A7:45,-11388.936622,-56771.475498,25545.590043,8814.622457,3933.160590,30096.944806,30162.350142,-21738.945462,29724.721824,54986.718087
DC:D9:17:9B:A7:45,-11582.317890,-52292.810314,23553.672914,-547.330293,5909.323996,30096.944806,30162.350142,-21738.945462,29724.721824,54986.718087
DC:D9:17:9B:A7:45,-11350.263996,-53668.965621,24771.696418,2494.132020,7253.204459,30096.944806,30162.350142,-21738.945462,29724.721824,54986.718087
DC:D9:17:9B:A7:45,-11600.839898,-54696.236795,22156.652930,6317.581652,7401.857502,30096.944806,30162.350142,-21738.945462,29724.721824,54986.718087
DC:D9:17:9B:A7:45,-9578.020808,-52586.848496,21976.167656,8079.384344,10481.688031,30096.944806,30162.350142,-21738.945462,29724.721824,54986.718087
DC:D9:17:9B:A7:45,-12072.478647,-55283.583918,19403.364123,7644.111969,8183.412031,30096.944806,30162.350142,-21738.945462,29724.721824,54986.718087
DC:D9:17:9B:A7:45,-11613.000551,-55018.926967,26299.399161,4556.827000,4911.027926,30096.944806,30162.350142,-21738.945462,29724.721824,54986.718087
DC:D9:17:9B:A7:45,-9932.218918,-54912.775032,24154.135003,12178.810574,7069.373782,30096.944806,30162.350142,-21738.945462,29724.721824,54986.718087
DD:B3:5D:8B:C4:D9,-2328.297795,-2224.307946,12222.748195,-9939.496970,7611.673058,30096.944806,30162.350142,-21738.945462,29724.721824,54986.718087
DD:B3:5D:8B:C4:D9,-676.814376,48.337270,12425.262316,-10199.795567,12489.550348,30096.944806,30162.350142,-21738.945462,29724.721824,54986.718087
DD:B3:5D:8B:C4:D9,-1295.372316,102.274045,10430.205286,-11600.539798,13706.560149,30096.944806,30162.350142,-21738.945462,29724.721824,54986.718087
DD:B3:5D:8B:C4:D9,-601.608016,543.730431,14213.002871,-12229.411414,11947.389414,30096.944806,30162.350142,-21738.945462,29724.721824,54986.718087
DD:B3:5D:8B:C4:D9,-991.661661,165.166964,11541.630934,-11953.641329,14167.800471,30096.944806,30162.350142,-21738.945462,29724.721824,54986.718087
DD:B3:5D:8B:C4:D9,-1367.330539,210.947921,11021.942889,-9653.774711,10662.798687,30096.944806,30162.350142,-21738.945462,29724.721824,54986.718087
DD:B3:5D:8B:C4:D9,-2544.775139,2740.629713,7820.687038,-19138.909445,15314.095937,30096.944806,30162.350142,-21738.945462,29724.721824,54986.718087
DD:B3:5D:8B:C4:D9,-2796.804091,-2034.159277,12475.361925,-12679.466913,9375.501257,30096.944806,30162.350142,-21738.945462,29724.721824,54986.718087
DD:B3:5D:8B:C4:D9,-2158.377054,127.245541,9514.400791,-13449.915546,12170.911695,30096.944806,30162.350142,-21738.945462,29724.721824,54986.718087
DD:B3:5D:8B:C4:D9,-1778.438849,-1769.691482,9604.300990,-10459.372194,12939.915228,30096.944806,30162.350142,-21738.945462,29724.721824,54986.718087
DD:B3:5D:8B:C4:D9,-1317.054740,-1680.058198,12960.492313,-12124.898862,12419.845262,30096.944806,30162.350142,-21738.945462,29724.721824,54986.718087
DD:B3:5D:8B:C4:D9,-1614.061994,-506.833995,11574.713320,-11168.081007,10598.192580,30096.944806,30162.350142,-21738.945462,29724.721824,54986.718087
DD:B3:5D:8B:C4:D9,-1570.885338,1195.193844,9234.145652,-10321.551863,8406.786849,30096.944806,30162.350142,-21738.945462,29724.721824,54986.718087
DD:B3:5D:8B:C4:D9,-1715.401875,445.596971,12603.758336,-12595.694608,9308.037079,30096.944806,30162.350142,-21738.945462,29724.721824,54986.718087
DD:B3:5D:8B:C4:D9,-2071.304468,2756.178408,10069.134751,-17976.001938,13664.106306,30096.944806,30162.350142,-21738.945462,29724.721824,54986.718087
DD:B3:5D:8B:C4:D9,-1278.915883,961.543764,8579.126227,-11758.938247,15317.850222,30096.944806,30162.350142,-21738.945462,29724.721824,54986.718087
DD:B3:5D:8B:C4:D9,-1575.676402,-957.250324,10404.406516,-9444.758919,11994.672788,30096.944806,30162.350142,-21738.945462,29724.721824,54986.718087
DD:B3:5D:8B:C4:D9,-2081.241776,1407.264579,10375.475238,-14709.761689,11775.611077,30096.944806,30162.350142,-21738.945462,29724.721824,54986.718087
DD:B3:5D:8B:C4:D9,-1775.038526,-2674.865216,12840.352876,-9270.971698,11835.826680,30096.944806,30162.350142,-21738.945462,29724.721824,54986.718087
DD:B3:5D:8B:C4:D9,-1746.899494,-1875.503747,10826.179273,-12875.882829,14093.915742,30096.944806,30162.350142,-21738.945462,29724.721824,54986.718087
DD:B3:5D:8B:C4:D9,-2131.931332,92.855575,10842.776837,-12888.130335,10281.783430,30096.944806,30162.350142,-21738.945462,29724.721824,54986.718087
DD:B3:5D:8B:C4:D9,-918.752426,1925.993572,13138.630542,-14592.916718,12102.942152,30096.944806,30162.350142,-21738.945462,29724.721824,54986.718087
DD:B3:5D:8B:C4:D9,509.413061,2124.453263,13639.469477,-9026.759535,12772.367215,30096.944806,30162.350142,-21738.945462,29724.721824,54986.718087
DD:B3:5D:8B:C4:D9,-1799.609321,2652.476061,7527.169796,-17605.478740,17312.022847,30096.944806,30162.350142,-21738.945462,29724.721824,54986.718087
DE:B8:10:3B:4A:04,-7879.664780,-61808.798364,-8407.362081,36363.503473,13051.016926,30096.944806,30162.350142,-21738.945462,29724.721824,54986.718087
DE:B8:10:3B:4A:04,-7433.839428,-60954.640144,-7094.808947,38575.595625,8714.374034,30096.944806,30162.350142,-21738.945462,29724.721824,54986.718087
DE:B8:10:3B:4A:04,-5893.273048,-55297.018566,-8843.497785,29581.734440,17679.630441,30096.944806,30162.350142,-21738.945462,29724.721824,54986.718087
E3:F9:83:51:2F:DC,24656.325488,64811.584589,54095.037185,8268.836783,-20482.697272,30096.944806,30162.350142,-21738.945462,29724.721824,54986.718087
E3:F9:83:51:2F:DC,25849.553303,69845.881155,50778.369670,5750.608347,-16939.635665,30096.944806,30162.350142,-21738.945462,29724.721824,54986.718087
E3:F9:83:51:2F:DC,25263.645604,62984.089069,54038.565599,8473.867896,-14930.351488,30096.944806,30162.350142,-21738.945462,29724.721824,54986.718087
E3:F9:83:51:2F:DC,25239.820182,69774.773611,52515.563474,4066.462716,-18321.764988,30096.944806,30162.350142,-21738.945462,29724.721824,54986.718087
E3:F9:83:51:2F:DC,25497.592025,66467.262358,54791.254727,7858.579212,-18823.959902,30096.944806,30162.350142,-21738.945462,29724.721824,54986.718087
E3:F9:83:51:2F:DC,26083.954705,65997.944956,52852.405711,6208.723688,-13291.447424,30096.944806,30162.350142,-21738.945462,29724.721824,54986.718087
E3:F9:83:51:2F:DC,24955.948951,67753.108791,51732.319608,4616.038033,-17277.261324,30096.944806,30162.350142,-21738.945462,29724.721824,54986.718087
E3:F9:83:51:2F:DC,25818.851279,65366.713114,49975.506747,11899.935803,-16193.394935,30096.944806,30162.350142,-21738.945462,29724.721824,54986.718087
E3:F9:83:51:2F:DC,24988.995033,71052.843398,49519.156616,2631.508455,-18409.516718,30096.944806,30162.350142,-21738.945462,29724.721824,54986.718087
E3:F9:83:51:2F:DC,25998.770298,66307.184603,53094.406262,6892.916709,-14417.890574,30096.944806,30162.350142,-21738.945462,29724.721824,54986.718087
E3:F9:83:51:2F:DC,24760.745014,67716.161613,48329.643797,6731.575275,-16777.446862,30096.944806,30162.350142,-21738.945462,29724.721824,54986.718087
E3:F9:83:51:2F:DC,24117.307235,65579.999534,50959.294807,7757.596195,-18488.467535,30096.944806,30162.350142,-21738.945462,29724.721824,54986.718087
E3:F9:83:51:2F:DC,24929.353915,66521.697898,51134.201045,5706.812347,-16627.460781,30096.944806,30162.350142,-21738.945462,29724.721824,54986.718087
E3:F9:83:51:2F:DC,24373.017412,63516.814502,51352.959677,8146.631752,-18492.413627,30096.944806,30162.350142,-21738.945462,29724.721824,54986.718087
E3:F9:83:51:2F:DC,25887.664378,69265.948956,52732.216375,6958.608127,-18282.481994,30096.944806,30162.350142,-21738.945462,29724.721824,54986.718087
E3:F9:83:51:2F:DC,26421.356221,52972.100967,39634.394564,17307.095698,-4961.331441,30096.944806,30162.350142,-21738.945462,29724.721824,54986.718087
E3:F9:83:51:2F:DC,25289.571666,67049.279657,51530.561608,7107.761970,-17913.080217,30096.944806,30162.350142,-21738.945462,29724.721824,54986.718087
E3:F9:83:51:2F:DC,24611.679700,61817.286448,55250.137724,10246.723308,-19360.944215,30096.944806,30162.350142,-21738.945462,29724.721824,54986.718087
E3:F9:83:51:2F:DC,24158.406494,66843.666478,53412.178697,6091.693701,-20898.635544,30096.944806,30162.350142,-21738.945462,29724.721824,54986.718087
E3:F9:83:51:2F:DC,24446.798015,67172.563243,47976.355102,6719.948890,-15827.588690,30096.944806,30162.350142,-21738.945462,29724.721824,54986.718087
E3:F9:83:51:2F:DC,22516.013533,64383.417121,46222.095991,6964.382938,-19604.939947,30096.944806,30162.350142,-21738.945462,29724.721824,54986.718087
E3:F9:83:51:2F:DC,24967.781721,69569.454073,47312.452254,5593.538111,-17175.047596,30096.944806,30162.350142,-21738.945462,29724.721824,54986.718087
E3:F9:83:51:2F:DC,24542.820171,67520.112443,50018.067757,6680.252900,-19090.576045,30096.944806,30162.350142,-21738.945462,29724.721824,54986.718087
E3:F9:83:51:2F:DC,24209.325769,68077.208140,49288.159365,6222.870028,-19895.447538,30096.944806,30162.350142,-21738.945462,29724.721824,54986.718087
E3:F9:83:51:2F:DC,24565.984878,61567.585468,51327.787735,12098.077131,-18438.355280,30096.944806,30162.350142,-21738.945462,29724.721824,54986.718087
E3:F9:83:51:2F:DC,24405.359806,64740.460317,54099.379900,7222.045553,-21072.850816,30096.944806,30162.350142,-21738.945462,29724.721824,54986.718087
E3:F9:83:51:2F:DC,23728.266410,65726.071381,47615.139149,5704.358329,-17620.332030,30096.944806,30162.350142,-21738.945462,29724.721824,54986.718087
E3:F9:83:51:2F:DC,25364.456889,67832.183106,52186.463299,7557.130740,-17411.432424,30096.944806,30162.350142,-21738.945462,29724.721824,54986.718087
E3:F9:83:51:2F:DC,25621.400777,68697.826286,50437.262116,5327.000217,-16994.604305,30096.944806,30162.350142,-21738.945462,29724.721824,54986.718087
E3:F9:83:51:2F:DC,25336.806896,63707.786574,53528.053080,7285.252656,-14201.218585,30096.944806,30162.350142,-21738.945462,29724.721824,54986.718087
E3:F9:83:51:2F:DC,25726.069358,66899.264592,49111.001752,7778.283403,-13805.943805,30096.944806,30162.350142,-21738.945462,29724.721824,54986.718087
E5:80:FD:45:9B:E9,-14833.049428,19957.545537,-36036.393701,-13846.076330,-48177.219960,30096.944806,30162.350142,-21738.945462,29724.721824,54986.718087
E5:80:FD:45:9B:E9,-14177.730606,20794.723279,-38804.076566,-16426.849913,-43036.518607,30096.944806,30162.350142,-21738.945462,29724.721824,54986.718087
E5:80:FD:45:9B:E9,-15544.747127,19030.361290,-36841.497649,-19289.369923,-43869.587908,30096.944806,30162.350142,-21738.945462,29724.721824,54986.718087
E5:80:FD:45:9B:E9,-15334.589464,17233.613767,-35486.001505,-20401.992384,-42152.616124,30096.944806,30162.350142,-21738.945462,29724.721824,54986.718087
E5:80:FD:45:9B:E9,-14452.071109,19431.970511,-35993.301117,-16270.350890,-42788.454127,30096.944806,30162.350142,-21738.945462,29724.721824,54986.718087
E5:80:FD:45:9B:E9,-13878.964978,23358.844076,-35384.078270,-18478.879415,-46799.527749,30096.944806,30162.350142,-21738.945462,29724.721824,54986.718087
E5:80:FD:45:9B:E9,-14229.772842,25611.528398,-38346.039004,-16965.729946,-46357.071416,30096.944806,30162.350142,-21738.945462,29724.721824,54986.718087
E5:80:FD:45:9B:E9,-13527.999737,25078.698606,-35513.332940,-17633.523316,-47171.191463,30096.944806,30162.350142,-21738.945462,29724.721824,54986.718087
E5:80:FD:45:9B:E9,-14529.987370,21162.262818,-37000.241736,-16397.505476,-45146.696313,30096.944806,30162.350142,-21738.945462,29724.721824,54986.718087
E5:80:FD:45:9B:E9,-15443.223825,19693.414080,-36249.146937,-21807.214222,-43132.746949,30096.944806,30162.350142,-21738.945462,29724.721824,54986.718087
E5:80:FD:45:9B:E9,-17573.598630,17752.233983,-39490.771421,-22926.678280,-45400.151373,30096.944806,30162.350142,-21738.945462,29724.721824,54986.718087
E5:80:FD:45:9B:E9,-14912.029000,21283.524635,-36181.626578,-19621.153867,-43426.853170,30096.944806,30162.350142,-21738.945462,29724.721824,54986.718087
E5:80:FD:45:9B:E9,-15267.556271,21713.449801,-33435.684960,-20801.916987,-47744.496735,30096.944806,30162.350142,-21738.945462,29724.721824,54986.718087
E5:80:FD:45:9B:E9,-14476.554644,20817.455693,-36430.813452,-17551.980873,-44918.900987,30096.944806,30162.350142,-21738.945462,29724.721824,54986.718087
E5:80:FD:45:9B:E9,-14419.329675,20636.493407,-36288.879428,-16239.504502,-44493.590033,30096.944806,30162.350142,-21738.945462,29724.721824,54986.718087
E5:80:FD:45:9B:E9,-18329.797255,17953.542323,-40660.604573,-20057.088369,-50169.004227,30096.944806,30162.350142,-21738.945462,29724.721824,54986.718087
E5:80:FD:45:9B:E9,-13387.059547,23191.738616,-34290.155399,-18579.433929,-42770.313268,30096.944806,30162.350142,-21738.945462,29724.721824,54986.718087
E5:80:FD:45:9B:E9,-15255.796209,20672.008083,-35805.807656,-20205.875284,-46106.942495,30096.944806,30162.350142,-21738.945462,29724.721824,54986.718087
E5:80:FD:45:9B:E9,-14881.402094,21261.286438,-36094.636043,-18472.445481,-46086.750344,30096.944806,30162.350142,-21738.945462,29724.721824,54986.718087
E5:80:FD:45:9B:E9,-14924.300319,20694.163337,-37079.385950,-17884.007560,-44470.316038,30096.944806,30162.350142,-21738.945462,29724.721824,54986.718087
E5:80:FD:45:9B:E9,-14149.433864,18686.592170,-35075.374163,-17811.699259,-40893.997867,30096.944806,30162.350142,-21738.945462,29724.721824,54986.718087
E5:80:FD:45:9B:E9,-15966.763218,22618.394962,-38413.760459,-22698.492086,-47042.615234,30096.944806,30162.350142,-21738.945462,29724.721824,54986.718087
E5:80:FD:45:9B:E9,-11999.162903,21221.737254,-34855.981781,-19391.268550,-34693.234694,30096.944806,30162.350142,-21738.945462,29724.721824,54986.718087
E5:80:FD:45:9B:E9,-14223.912973,23501.706351,-35774.458338,-19395.707551,-45809.328737,30096.944806,30162.350142,-21738.945462,29724.721824,54986.718087
E5:80:FD:45:9B:E9,-14503.885459,22491.817635,-38067.265547,-16309.265881,-46509.942464,30096.944806,30162.350142,-21738.945462,29724.721824,54986.718087
E5:80:FD:45:9B:E9,-15214.729031,19387.413452,-34702.380691,-17597.155484,-46261.501254,30096.944806,30162.350142,-21738.945462,29724.721824,54986.718087
E5:80:FD:45:9B:E9,-14789.205518,21258.123906,-36571.271088,-16441.141022,-47440.235558,30096.944806,30162.350142,-21738.945462,29724.721824,54986.718087
E5:80:FD:45:9B:E9,-14994.107253,21080.212782,-36240.612887,-18926.459392,-45210.987492,30096.944806,30162.350142,-21738.945462,29724.721824,54986.718087
EC:A0:8B:48:6A:82,-16381.079518,-29818.250209,-21868.286513,-12734.116906,2618.849802,30096.944806,30162.350142,-21738.945462,29724.721824,54986.718087
EC:A0:8B:48:6A:82,-14708.730262,-30025.458169,-12247.695166,-14582.428044,2900.199403,30096.944806,30162.350142,-21738.945462,29724.721824,54986.718087
EC:A0:8B:48:6A:82,-14347.227179,-30768.058563,-9726.298541,-17003.137024,6066.207610,30096.944806,30162.350142,-21738.945462,29724.721824,54986.718087
EC:A0:8B:48:6A:82,-15661.521229,-29352.745069,-17721.503695,-14587.204625,2680.811931,30096.944806,30162.350142,-21738.945462,29724.721824,54986.718087
EC:A0:8B:48:6A:82,-16896.185627,-29115.043977,-19694.560759,-16387.835371,1275.627949,30096.944806,30162.350142,-21738.945462,29724.721824,54986.718087
EC:A0:8B:48:6A:82,-15461.340838,-30077.335727,-16987.292957,-13636.385357,3359.828582,30096.944806,30162.350142,-21738.945462,29724.721824,54986.718087
EC:A0:8B:48:6A:82,-15465.610676,-29878.229511,-18059.422156,-14737.408790,4746.461317,30096.944806,30162.350142,-21738.945462,29724.721824,54986.718087
EC:A0:8B:48:6A:82,-16057.800963,-29494.902370,-18396.133618,-16849.948275,3910.747055,30096.944806,30162.350142,-21738.945462,29724.721824,54986.718087
EC:A0:8B:48:6A:82,-15303.089115,-25593.422455,-20644.257559,-13328.715789,409.390326,30096.944806,30162.350142,-21738.945462,29724.721824,54986.718087
EC:A0:8B:48:6A:82,-15777.726545,-30276.772197,-15492.087180,-19817.260780,7542.511658,30096.944806,30162.350142,-21738.945462,29724.721824,54986.718087
EC:A0:8B:48:6A:82,-15537.741312,-29284.638027,-13552.006976,-16612.697443,2033.341039,30096.944806,30162.350142,-21738.945462,29724.721824,54986.718087
EC:A0:8B:48:6A:82,-15394.711933,-31039.980203,-18458.907171,-12684.428840,5526.282023,30096.944806,30162.350142,-21738.945462,29724.721824,54986.718087
EC:A0:8B:48:6A:82,-16494.030169,-28932.368162,-17581.194530,-16981.686278,284.001329,30096.944806,30162.350142,-21738.945462,29724.721824,54986.718087
EC:A0:8B:48:6A:82,-16002.862711,-28079.116140,-22567.987346,-15634.969175,4506.491003,30096.944806,30162.350142,-21738.945462,29724.721824,54986.718087
EC:A0:8B:48:6A:82,-15567.411048,-27178.095824,-25007.133572,-12887.122804,4024.514570,30096.944806,30162.350142,-21738.945462,29724.721824,54986.718087
EC:A0:8B:48:6A:82,-12842.415644,-31525.580771,-4709.183353,-13787.851714,5693.572217,30096.944806,30162.350142,-21738.945462,29724.721824,54986.718087
EC:A0:8B:48:6A:82,-12907.214911,-25077.831676,-11556.893401,-15797.867296,4590.947604,30096.944806,30162.350142,-21738.945462,29724.721824,54986.718087
EC:A0:8B:48:6A:82,-15474.453748,-29186.034842,-15545.818758,-17586.609753,4075.145186,30096.944806,30162.350142,-21738.945462,29724.721824,54986.718087
ED:1E:5A:F2:EE:4C,24780.774297,20437.479821,55096.571318,-1325.426394,47073.402951,30096.944806,30162.350142,-21738.945462,29724.721824,54986.718087
ED:1E:5A:F2:EE:4C,24599.102500,21739.137796,53271.166049,-3500.628783,50236.204208,30096.944806,30162.350142,-21738.945462,29724.721824,54986.718087
ED:1E:5A:F2:EE:4C,23996.290070,18794.133165,50676.675507,-3270.210730,51680.687618,30096.944806,30162.350142,-21738.945462,29724.721824,54986.718087
ED:1E:5A:F2:EE:4C,23616.821361,17611.115109,52231.927372,3073.625594,44776.544964,30096.944806,30162.350142,-21738.945462,29724.721824,54986.718087
ED:1E:5A:F2:EE:4C,24976.873349,21670.879811,53754.339537,3113.217602,44139.303537,30096.944806,30162.350142,-21738.945462,29724.721824,54986.718087
ED:1E:5A:F2:EE:4C,24906.050976,19758.262122,54537.367659,-616.080235,50285.264115,30096.944806,30162.350142,-21738.945462,29724.721824,54986.718087
ED:1E:5A:F2:EE:4C,24896.060012,21771.066116,50777.019143,905.430801,47839.004900,30096.944806,30162.350142,-21738.945462,29724.721824,54986.718087
ED:1E:5A:F2:EE:4C,24282.820914,20739.940874,52019.697123,-745.503224,47522.676912,30096.944806,30162.350142,-21738.945462,29724.721824,54986.718087
ED:1E:5A:F2:EE:4C,25007.993205,24221.053558,52527.820086,-2019.740186,46342.472238,30096.944806,30162.350142,-21738.945462,29724.721824,54986.718087
ED:1E:5A:F2:EE:4C,24137.872833,16770.751009,54288.197152,945.240602,52138.307662,30096.944806,30162.350142,-21738.945462,29724.721824,54986.718087
ED:1E:5A:F2:EE:4C,26027.709828,24979.093677,53448.709893,5344.739223,40672.281778,30096.944806,30162.350142,-21738.945462,29724.721824,54986.718087
ED:1E:5A:F2:EE:4C,26221.616987,27306.674650,52758.581586,3196.633988,40279.787297,30096.944806,30162.350142,-21738.945462,29724.721824,54986.718087
ED:1E:5A:F2:EE:4C,25376.661804,23750.358409,50670.829899,4145.005519,44633.459337,30096.944806,30162.350142,-21738.945462,29724.721824,54986.718087
ED:1E:5A:F2:EE:4C,24619.772023,18529.765158,49819.938523,3684.194658,50819.876164,30096.944806,30162.350142,-21738.945462,29724.721824,54986.718087
ED:1E:5A:F2:EE:4C,23726.974078,18203.712887,52812.024499,-3276.186838,51784.359937,30096.944806,30162.350142,-21738.945462,29724.721824,54986.718087
ED:1E:5A:F2:EE:4C,20964.588563,17724.498598,48310.579761,-2245.955462,40383.355896,30096.944806,30162.350142,-21738.945462,29724.721824,54986.718087
ED:1E:5A:F2:EE:4C,24325.375526,20199.477397,51837.279945,-746.797376,49258.288613,30096.944806,30162.350142,-21738.945462,29724.721824,54986.718087
ED:1E:5A:F2:EE:4C,24610.479686,21867.287455,54947.965207,1571.024668,43073.638920,30096.944806,30162.350142,-21738.945462,29724.721824,54986.718087
ED:1E:5A:F2:EE:4C,24887.701816,23443.710046,51467.457001,2796.013324,43594.737084,30096.944806,30162.350142,-21738.945462,29724.721824,54986.718087
ED:1E:5A:F2:EE:4C,25454.975557,19764.229616,54472.011738,-997.310659,52381.254687,30096.944806,30162.350142,-21738.945462,29724.721824,54986.718087
ED:1E:5A:F2:EE:4C,24412.770328,21258.941638,54717.186567,-2069.813167,45902.845657,30096.944806,30162.350142,-21738.945462,29724.721824,54986.718087
ED:1E:5A:F2:EE:4C,24794.623905,23948.573077,52910.633497,-1315.966993,43983.968268,30096.944806,30162.350142,-21738.945462,29724.721824,54986.718087
ED:1E:5A:F2:EE:4C,25039.802946,20538.616670,53714.610155,853.053248,49036.114057,30096.944806,30162.350142,-21738.945462,29724.721824,54986.718087
ED:FB:27:47:B5:AD,-14235.578089,10332.431377,-33564.239412,-32396.158387,-11656.648785,30096.944806,30162.350142,-21738.945462,29724.721824,54986.718087
ED:FB:27:47:B5:AD,-14318.556267,9345.878695,-35566.423642,-30699.946595,-9133.425259,30096.944806,30162.350142,-21738.945462,29724.721824,54986.718087
ED:FB:27:47:B5:AD,-13603.573266,12185.788441,-36846.918391,-28396.495769,-11903.967411,30096.944806,30162.350142,-21738.945462,29724.721824,54986.718087
ED:FB:27:47:B5:AD,-13839.529419,12066.221152,-40157.397642,-28059.323463,-10334.175899,30096.944806,30162.350142,-21738.945462,29724.721824,54986.718087
ED:FB:27:47:B5:AD,-13172.173014,10754.196905,-34792.510493,-28482.682632,-10890.487876,30096.944806,30162.350142,-21738.945462,29724.721824,54986.718087
ED:FB:27:47:B5:AD,-12162.055939,13641.750917,-32797.754101,-30515.007421,-10823.199003,30096.944806,30162.350142,-21738.945462,29724.721824,54986.718087
ED:FB:27:47:B5:AD,-13565.077692,9068.972178,-32922.803840,-33006.291545,-6719.422139,30096.944806,30162.350142,-21738.945462,29724.721824,54986.718087
ED:FB:27:47:B5:AD,-12563.518642,11883.633936,-34023.583402,-29299.967447,-9231.114874,30096.944806,30162.350142,-21738.945462,29724.721824,54986.718087
ED:FB:27:47:B5:AD,-11740.843201,13234.172945,-32070.103601,-30867.689001,-7455.457041,30096.944806,30162.350142,-21738.945462,29724.721824,54986.718087
ED:FB:27:47:B5:AD,-13010.298611,12571.484536,-33956.784605,-29362.215508,-12250.220790,30096.944806,30162.350142,-21738.945462,29724.721824,54986.718087
ED:FB:27:47:B5:AD,-11956.462528,10390.475919,-26218.562279,-30021.445341,-9998.057509,30096.944806,30162.350142,-21738.945462,29724.721824,54986.718087
ED:FB:27:47:B5:AD,-13848.122561,12520.762287,-33286.738343,-32179.685596,-14422.582631,30096.944806,30162.350142,-21738.945462,29724.721824,54986.718087
ED:FB:27:47:B5:AD,-12892.905688,12693.459588,-33409.312668,-29861.165451,-12325.438873,30096.944806,30162.350142,-21738.945462,29724.721824,54986.718087
ED:FB:27:47:B5:AD,-13584.619757,12791.639748,-33242.386129,-33859.548734,-11589.143594,30096.944806,30162.350142,-21738.945462,29724.721824,54986.718087
ED:FB:27:47:B5:AD,-12035.947530,13095.547608,-28783.915179,-31666.871155,-12445.987136,30096.944806,30162.350142,-21738.945462,29724.721824,54986.718087
ED:FB:27:47:B5:AD,-12602.977382,10760.498358,-30253.219457,-30921.405403,-9182.683870,30096.944806,30162.350142,-21738.945462,29724.721824,54986.718087
F3:5F:05:63:63:BC,-5744.925904,-39539.145142,22137.656616,29195.964767,-33465.409422,30096.944806,30162.350142,-21738.945462,29724.721824,54986.718087
F3:5F:05:63:63:BC,-5494.778549,-39366.354437,24819.924527,20511.382268,-27149.773065,30096.944806,30162.350142,-21738.945462,29724.721824,54986.718087
F3:5F:05:63:63:BC,-3456.362891,-34610.966708,26096.686428,21185.534718,-26663.818063,30096.944806,30162.350142,-21738.945462,29724.721824,54986.718087
F3:5F:05:63:63:BC,-5316.041931,-40733.843122,24385.041452,27092.818455,-30640.788667,30096.944806,30162.350142,-21738.945462,29724.721824,54986.718087
F3:5F:05:63:63:BC,-4655.389115,-38631.592789,23435.579838,30408.845678,-34135.181424,30096.944806,30162.350142,-21738.945462,29724.721824,54986.718087
F3:5F:05:63:63:BC,-5298.124331,-39246.017253,20431.797747,31779.953845,-34034.154676,30096.944806,30162.350142,-21738.945462,29724.721824,54986.718087
F3:5F:05:63:63:BC,-4394.898097,-36495.151293,24454.842149,26051.891762,-30175.218619,30096.944806,30162.350142,-21738.945462,29724.721824,54986.718087
F3:5F:05:63:63:BC,-4354.382070,-39314.912244,25331.978010,19929.907630,-20813.638814,30096.944806,30162.350142,-21738.945462,29724.721824,54986.718087
F3:5F:05:63:63:BC,-5136.711849,-35355.357104,23707.191296,26333.384736,-34977.177136,30096.944806,30162.350142,-21738.945462,29724.721824,54986.718087
F3:5F:05:63:63:BC,-4995.900474,-35156.041545,21678.725519,23053.164007,-30613.271397,30096.944806,30162.350142,-21738.945462,29724.721824,54986.718087
F3:5F:05:63:63:BC,-4191.700001,-39330.058337,24620.348344,27558.992703,-29159.737448,30096.944806,30162.350142,-21738.945462,29724.721824,54986.718087
F3:5F:05:63:63:BC,-6100.791545,-41332.264785,25453.175501,27842.436383,-35016.619885,30096.944806,30162.350142,-21738.945462,29724.721824,54986.718087
F3:5F:05:63:63:BC,-6399.500019,-40076.431352,22509.922898,21078.308936,-27423.127200,30096.944806,30162.350142,-21738.945462,29724.721824,54986.718087
F3:5F:05:63:63:BC,-5534.657051,-38516.180868,23302.160732,23548.674047,-29969.841339,30096.944806,30162.350142,-21738.945462,29724.721824,54986.718087
F3:5F:05:63:63:BC,-5884.045651,-41665.842993,22794.943185,26532.563927,-28779.495577,30096.944806,30162.350142,-21738.945462,29724.721824,54986.718087
F3:5F:05:63:63:BC,-1740.156624,-34755.132107,25183.392402,32929.322635,-30739.143450,30096.944806,30162.350142,-21738.945462,29724.721824,54986.718087
F3:5F:05:63:63:BC,-2671.356354,-36082.298306,25189.304744,23646.250192,-24231.003354,30096.944806,30162.350142,-21738.945462,29724.721824,54986.718087
F3:5F:05:63:63:BC,-5064.721351,-38209.321137,22773.705133,28184.236177,-30448.762891,30096.944806,30162.350142,-21738.945462,29724.721824,54986.718087
F3:5F:05:63:63:BC,-4574.823846,-38280.768303,25814.520737,16534.747391,-20161.833688,30096.944806,30162.350142,-21738.945462,29724.721824,54986.718087
F3:5F:05:63:63:BC,-4921.523928,-37843.299793,27821.113760,17872.007650,-25238.285390,30096.944806,30162.350142,-21738.945462,29724.721824,54986.718087
F3:5F:05:63:63:BC,-5079.253377,-40883.065181,24705.203374,29959.169875,-31954.079600,30096.944806,30162.350142,-21738.945462,29724.721824,54986.718087
F3:5F:05:63:63:BC,-5274.031684,-39419.872517,25375.219537,24777.355649,-30299.663532,30096.944806,30162.350142,-21738.945462,29724.721824,54986.718087
F3:5F:05:63:63:BC,-3949.658553,-37925.423500,26880.007469,23650.682117,-27280.699706,30096.944806,30162.350142,-21738.945462,29724.721824,54986.718087
F3:5F:05:63:63:BC,-5679.096767,-38858.892735,25442.565019,21643.483211,-30554.342660,30096.944806,30162.350142,-21738.945462,29724.721824,54986.718087
F3:5F:05:63:63:BC,-3888.776697,-37668.606247,25376.632318,23528.441471,-25957.984129,30096.944806,30162.350142,-21738.945462,29724.721824,54986.718087
F8:49:5B:35:42:AA,29839.691212,31878.817638,-4441.992765,16728.912349,55390.227324,30096.944806,30162.350142,-21738.945462,29724.721824,54986.718087
F8:49:5B:35:42:AA,28880.217468,28090.609691,-9456.927008,13926.272598,62278.135095,30096.944806,30162.350142,-21738.945462,29724.721824,54986.718087
F8:49:5B:35:42:AA,28461.116325,27731.029795,-7192.684175,10857.447842,63722.281257,30096.944806,30162.350142,-21738.945462,29724.721824,54986.718087
F8:49:5B:35:42:AA,28743.278365,33002.260091,-5578.993016,17280.762768,50823.224310,30096.944806,30162.350142,-21738.945462,29724.721824,54986.718087
F8:49:5B:35:42:AA,29561.971060,28677.758163,-3824.531674,12920.974425,62326.278847,30096.944806,30162.350142,-21738.945462,29724.721824,54986.718087
F8:49:5B:35:42:AA,28888.548727,29862.429176,-10467.414411,15631.129107,59261.639839,30096.944806,30162.350142,-21738.945462,29724.721824,54986.718087
F8:49:5B:35:42:AA,28628.834278,31945.755503,-3900.351076,14012.132678,54108.982886,30096.944806,30162.350142,-21738.945462,29724.721824,54986.718087
F8:49:5B:35:42:AA,29364.851385,31248.842260,-7606.863936,15454.394926,58111.271269,30096.944806,30162.350142,-21738.945462,29724.721824,54986.718087
F8:49:5B:35:42:AA,28929.900714,31910.099225,-9730.877233,16707.524459,55573.238430,30096.944806,30162.350142,-21738.945462,29724.721824,54986.718087
F8:49:5B:35:42:AA,29909.171030,32429.013959,-5388.879134,14415.538007,58631.138747,30096.944806,30162.350142,-21738.945462,29724.721824,54986.718087
F8:49:5B:35:42:AA,30226.520096,30111.965628,-6015.123502,16900.956468,59554.612120,30096.944806,30162.350142,-21738.945462,29724.721824,54986.718087
F8:49:5B:35:42:AA,29254.386918,33919.910761,-6328.077377,16127.971181,52845.362604,30096.944806,30162.350142,-21738.945462,29724.721824,54986.718087
F8:49:5B:35:42:AA,29128.267498,31321.563431,-7983.728844,14685.851354,57559.838809,30096.944806,30162.350142,-21738.945462,29724.721824,54986.718087
F8:49:5B:35:42:AA,29583.930078,32662.408096,-5886.816657,14661.735035,57103.658731,30096.944806,30162.350142,-21738.945462,29724.721824,54986.718087
F8:49:5B:35:42:AA,29655.897616,35940.004981,-10438.339566,19601.007016,50746.779058,30096.944806,30162.350142,-21738.945462,29724.721824,54986.718087
F8:49:5B:35:42:AA,29106.124731,32261.360019,-8279.898844,15342.764497,56684.903990,30096.944806,30162.350142,-21738.945462,29724.721824,54986.718087
F8:49:5B:35:42:AA,29460.027796,35270.386449,-9516.514284,19676.949688,49859.602359,30096.944806,30162.350142,-21738.945462,29724.721824,54986.718087
F8:49:5B:35:42:AA,30121.649018,31642.722605,-7409.251774,17191.013286,58350.059378,30096.944806,30162.350142,-21738.945462,29724.721824,54986.718087
F8:49:5B:35:42:AA,29701.156161,29889.709985,-4784.323157,14826.615791,59496.491564,30096.944806,30162.350142,-21738.945462,29724.721824,54986.718087
F8:49:5B:35:42:AA,29474.851967,30096.289817,-6374.412173,15672.693587,58465.014394,30096.944806,30162.350142,-21738.945462,29724.721824,54986.718087
F8:49:5B:35:42:AA,29198.576084,30378.819681,-6240.917110,15965.312821,57824.631427,30096.944806,30162.350142,-21738.945462,29724.721824,54986.718087
F8:49:5B:35:42:AA,29044.322035,30820.791114,-6519.824480,15637.002884,57409.199657,30096.944806,30162.350142,-21738.945462,29724.721824,54986.718087
F8:49:5B:35:42:AA,27799.535618,28916.330309,-8592.368010,11340.825195,59959.057355,30096.944806,30162.350142,-21738.945462,29724.721824,54986.718087
F8:49:5B:35:42:AA,29416.740367,30078.822592,-6760.610676,13182.786637,61716.745583,30096.944806,30162.350142,-21738.945462,29724.721824,54986.718087
F8:49:5B:35:42:AA,25213.989453,30350.328561,-10553.243223,12567.480738,46150.375096,30096.944806,30162.350142,-21738.945462,29724.721824,54986.718087
F8:49:5B:35:42:AA,29652.135385,35347.023397,-7924.617835,15907.094471,53902.929929,30096.944806,30162.350142,-21738.945462,29724.721824,54986.718087
F8:49:5B:35:42:AA,28559.705388,33769.466096,-6579.222365,17148.783541,49347.077653,30096.944806,30162.350142,-21738.945462,29724.721824,54986.718087
F8:49:5B:35:42:AA,26583.787846,25934.047476,-8993.494001,10411.090997,59776.503519,30096.944806,30162.350142,-21738.945462,29724.721824,54986.718087
F8:49:5B:35:42:AA,22362.520316,22536.069388,-11715.352794,9457.153815,50026.784514,30096.944806,30162.350142,-21738.945462,29724.721824,54986.718087
F8:49:5B:35:42:AA,30077.587439,31810.964257,-4425.757171,18111.691667,55659.022379,30096.944806,30162.350142,-21738.945462,29724.721824,54986.718087
F8:49:5B:35:42:AA,28626.327633,29725.721314,-8871.986266,14874.956120,59959.344926,30096.944806,30162.350142,-21738.945462,29724.721824,54986.718087
F8:49:5B:35:42:AA,29205.778011,27705.463280,-3491.795223,14378.732273,60219.612587,30096.944806,30162.350142,-21738.945462,29724.721824,54986.718087

--------------------------------------------------------------------------------
FEATURE IMPORTANCES
--------------------------------------------------------------------------------
cfo_equal_00_hz:mean               : 0.229045
cfo_quick_hz:mean                  : 0.216811
cfo_equal_11_hz:mean               : 0.212789
cfo_jump_01_hz:mean                : 0.200673
cfo_jump_10_hz:mean                : 0.140682

--------------------------------------------------------------------------------
RANDOM FOREST PERFORMANCE
--------------------------------------------------------------------------------
Accuracy:  100.00%
Precision: 100.00%
Recall:    100.00%
F1-Score:  100.00%

Per-MAC Classification Report:
                   precision    recall  f1-score   support

47:02:DE:D8:E8:2E       1.00      1.00      1.00        12
4C:4C:5E:2B:90:B8       1.00      1.00      1.00         8
53:B1:98:FA:8B:86       1.00      1.00      1.00        11
53:C0:8C:5F:6B:D2       1.00      1.00      1.00        16
5C:4D:15:83:AF:EC       1.00      1.00      1.00        13
63:92:33:37:36:1F       1.00      1.00      1.00         5
63:9D:C3:50:C1:E7       1.00      1.00      1.00        13
68:43:EA:29:17:0B       1.00      1.00      1.00        12
6A:5C:88:25:DA:FC       1.00      1.00      1.00        17
6C:AC:42:BD:50:C9       1.00      1.00      1.00        16
70:2C:0E:D9:C5:7C       1.00      1.00      1.00        13
74:21:66:24:A4:27       1.00      1.00      1.00        17
74:4F:39:AD:AC:02       1.00      1.00      1.00         2
77:EC:A9:26:FB:C1       1.00      1.00      1.00        17
C2:21:53:D1:44:A1       1.00      1.00      1.00        13
C2:97:CC:47:79:BF       1.00      1.00      1.00         7
CB:75:EA:71:DC:3C       1.00      1.00      1.00         9
D5:F9:37:06:C3:32       1.00      1.00      1.00         5
DC:D9:17:9B:A7:45       1.00      1.00      1.00        13
DD:B3:5D:8B:C4:D9       1.00      1.00      1.00        11
DE:B8:10:3B:4A:04       1.00      1.00      1.00         2
E3:F9:83:51:2F:DC       1.00      1.00      1.00        14
E5:80:FD:45:9B:E9       1.00      1.00      1.00        13
EC:A0:8B:48:6A:82       1.00      1.00      1.00         8
ED:1E:5A:F2:EE:4C       1.00      1.00      1.00        11
ED:FB:27:47:B5:AD       1.00      1.00      1.00         7
F3:5F:05:63:63:BC       1.00      1.00      1.00        11
F8:49:5B:35:42:AA       1.00      1.00      1.00        14

         accuracy                           1.00       310
        macro avg       1.00      1.00      1.00       310
     weighted avg       1.00      1.00      1.00       310

