timestamp,AdvA,payload,CFO_Hz,CFO_00_Hz,CFO_11_Hz,CFO_10_Hz,CFO_01_Hz,CFO_from_transitions_Hz,nprod_00,nprod_11,nprod_10,nprod_01,nprod_total,crc_ok,is_tag_ecosystem,pdu_type,pdu_type_name,length,channel,phase,polarity,slip,window_start,window_end,aa_pos,aa_corr,pre_corr,cfo_window,eco
0.0,7f:cf:e8:47:b1:70,70b147e8cf7f0201021816aafe40b337f97a60db21556e0b13e8ffb8dd5a778ffecc,-23806.0,72525.0,-78944.0,55778.0,-112615.0,,0,0,0,0,0,1,1,0,ADV_IND,34,37,15,-1,0,-1,-1,3791,32,8,unknown,GOOGLE
2.180000000007567,d6:7e:b9:4a:46:5f,5f464ab97ed61eff4c00121900923bedf51c910d1d694fd87bc515af1e58bae609dafb0300,541.0,76423.0,-122447.0,105394.0,-123708.0,,0,0,0,0,0,1,1,2,ADV_NONCONN_IND,37,37,15,-1,0,-1,-1,4598,31,8,unknown,APPLE
2.180000000007567,ec:1c:ee:b2:6c:08,086cb2ee1cec1eff4c001219004ea70bc17e938a2efea751cbc79c3d5f06b79a4bc3b50000,-49551.0,54008.0,-99789.0,69477.0,-138320.0,,0,0,0,0,0,1,1,2,ADV_NONCONN_IND,37,37,8,-1,0,-1,-1,7067,32,8,unknown,APPLE
4.398000000001048,e4:1a:b5:f0:64:7e,7e64f0b51ae41eff4c001219006d91970299715f683b1cac641f668012dbd2af278b060000,-27655.0,52406.0,-98694.0,66941.0,-125098.0,,0,0,0,0,0,1,1,2,ADV_NONCONN_IND,37,37,6,-1,0,-1,-1,4329,31,8,unknown,APPLE
5.938999999998487,7f:cf:e8:47:b1:70,70b147e8cf7f0201021816aafe40b337f97a60db21556e0b13e8ffb8dd5a778ffecc,0.0,76468.0,-92828.0,66596.0,-115960.0,,0,0,0,0,0,1,1,0,ADV_IND,34,37,7,-1,0,-1,-1,3437,32,8,unknown,GOOGLE
6.522000000011758,ec:1c:ee:b2:6c:08,086cb2ee1cec1eff4c001219004ea70bc17e938a2efea751cbc79c3d5f06b79a4bc3b50000,-38450.0,80386.0,-103381.0,84469.0,-140110.0,,0,0,0,0,0,1,1,2,ADV_NONCONN_IND,37,37,7,-1,0,-1,-1,6160,32,8,unknown,APPLE
8.301000000006752,7f:cf:e8:47:b1:70,70b147e8cf7f0201021816aafe40b337f97a60db21556e0b13e8ffb8dd5a778ffecc,-24609.0,72359.0,-88658.0,62911.0,-119476.0,,0,0,0,0,0,1,1,0,ADV_IND,34,37,10,-1,0,-1,-1,6427,32,8,unknown,GOOGLE
8.301000000006752,ec:1c:ee:b2:6c:08,086cb2ee1cec1eff4c001219004ea70bc17e938a2efea751cbc79c3d5f06b79a4bc3b50000,-56186.0,75729.0,-108152.0,76817.0,-144199.0,,0,0,0,0,0,1,1,2,ADV_NONCONN_IND,37,37,12,-1,0,-1,-1,6079,32,8,unknown,APPLE
8.301000000006752,e4:1a:b5:f0:64:7e,7e64f0b51ae41eff4c001219006d91970299715f683b1cac641f668012dbd2af278b060000,-35419.0,43117.0,-77240.0,67997.0,-142444.0,,0,0,0,0,0,1,1,2,ADV_NONCONN_IND,37,37,2,-1,0,-1,-1,6902,32,8,unknown,APPLE
10.306000000011409,7f:cf:e8:47:b1:70,70b147e8cf7f0201021816aafe40b337f97a60db21556e0b13e8ffb8dd5a778ffecc,-29225.0,78648.0,-101961.0,67353.0,-133645.0,,0,0,0,0,0,1,1,0,ADV_IND,34,37,6,-1,0,-1,-1,5771,32,8,unknown,GOOGLE
10.306000000011409,ec:1c:ee:b2:6c:08,086cb2ee1cec1eff4c001219004ea70bc17e938a2efea751cbc79c3d5f06b79a4bc3b50000,-31188.0,70729.0,-97668.0,88366.0,-148019.0,,0,0,0,0,0,1,1,2,ADV_NONCONN_IND,37,37,10,-1,0,-1,-1,4005,32,8,unknown,APPLE
12.688000000009197,ec:1c:ee:b2:6c:08,086cb2ee1cec1eff4c001219004ea70bc17e938a2efea751cbc79c3d5f06b79a4bc3b50000,-22436.0,58567.0,-103987.0,63297.0,-145539.0,,0,0,0,0,0,1,1,2,ADV_NONCONN_IND,37,37,4,-1,0,-1,-1,1368,32,7,unknown,APPLE
14.495999999999183,7f:cf:e8:47:b1:70,70b147e8cf7f0201021816aafe40b337f97a60db21556e0b13e8ffb8dd5a778ffecc,-6072.0,67371.0,-90242.0,67603.0,-114279.0,,0,0,0,0,0,1,1,0,ADV_IND,34,37,2,-1,0,-1,-1,4391,32,8,unknown,GOOGLE
17.880000000004657,f6:26:12:bd:c2:fd,fdc2bd1226f61eff4c00121900f8b33d8dd0a16a4243489afce301eff571feec6874ba0300,-3167.0,93913.0,-101373.0,74491.0,-139624.0,,0,0,0,0,0,1,1,2,ADV_NONCONN_IND,37,37,10,-1,0,-1,-1,2851,30,8,unknown,APPLE
18.19700000000012,7f:cf:e8:47:b1:70,70b147e8cf7f0201021816aafe40b337f97a60db21556e0b13e8ffb8dd5a778ffecc,-35732.0,56586.0,-95268.0,84818.0,-117764.0,,0,0,0,0,0,1,1,0,ADV_IND,34,37,15,-1,0,-1,-1,5383,32,8,unknown,GOOGLE
18.19700000000012,ec:1c:ee:b2:6c:08,086cb2ee1cec1eff4c001219004ea70bc17e938a2efea751cbc79c3d5f06b79a4bc3b50000,-50223.0,88947.0,-127021.0,89551.0,-152821.0,,0,0,0,0,0,1,1,2,ADV_NONCONN_IND,37,37,14,-1,0,-1,-1,6643,32,7,unknown,APPLE
18.19700000000012,cd:e0:fa:56:f5:d0,d0f556fae0cd1eff4c00121950c5aad89aee5a4dd76d2ed58ed2767cddec6c667fd82401e1,-29570.0,65712.0,-100301.0,69215.0,-132690.0,,0,0,0,0,0,1,1,0,ADV_IND,37,37,8,-1,0,-1,-1,5131,31,8,unknown,APPLE
18.625,e4:1a:b5:f0:64:7e,7e64f0b51ae41eff4c001219006d91970299715f683b1cac641f668012dbd2af278b060000,-26051.0,89470.0,-98718.0,88705.0,-144227.0,,0,0,0,0,0,1,1,2,ADV_NONCONN_IND,37,37,4,-1,0,-1,-1,3263,31,8,unknown,APPLE
22.403000000005704,ec:1c:ee:b2:6c:08,086cb2ee1cec1eff4c001219004ea70bc17e938a2efea751cbc79c3d5f06b79a4bc3b50000,-47363.0,57843.0,-89719.0,50143.0,-129933.0,,0,0,0,0,0,1,1,2,ADV_NONCONN_IND,37,37,0,-1,0,-1,-1,1994,32,8,unknown,APPLE
24.75100000000384,e4:1a:b5:f0:64:7e,7e64f0b51ae41eff4c001219006d91970299715f683b1cac641f668012dbd2af278b060000,-41401.0,73121.0,-113359.0,80292.0,-140366.0,,0,0,0,0,0,1,1,2,ADV_NONCONN_IND,37,37,4,-1,0,-1,-1,4837,32,7,unknown,APPLE
26.010000000009317,f6:26:12:bd:c2:fd,fdc2bd1226f61eff4c00121900f8b33d8dd0a16a4243489afce301eff571feec6874ba0300,-8681.0,102363.0,-105507.0,68123.0,-138171.0,,0,0,0,0,0,1,1,2,ADV_NONCONN_IND,37,37,14,-1,0,-1,-1,4100,32,7,unknown,APPLE
26.597000000008848,7f:cf:e8:47:b1:70,70b147e8cf7f0201021816aafe40b337f97a60db21556e0b13e8ffb8dd5a778ffecc,-15607.0,95013.0,-95617.0,78655.0,-158806.0,,0,0,0,0,0,1,1,0,ADV_IND,34,37,13,-1,0,-1,-1,3349,32,8,unknown,GOOGLE
26.597000000008848,ec:1c:ee:b2:6c:08,086cb2ee1cec1eff4c001219004ea70bc17e938a2efea751cbc79c3d5f06b79a4bc3b50000,-60362.0,57952.0,-105533.0,85524.0,-146640.0,,0,0,0,0,0,1,1,2,ADV_NONCONN_IND,37,37,8,-1,0,-1,-1,7958,32,8,unknown,APPLE
26.597000000008848,cd:e0:fa:56:f5:d0,d0f556fae0cd1eff4c00121950c5aad89aee5a4dd76d2ed58ed2767cddec6c667fd82401e1,-27581.0,106606.0,-65239.0,94990.0,-133150.0,,0,0,0,0,0,1,1,0,ADV_IND,37,37,5,-1,0,-1,-1,3357,32,7,unknown,APPLE
28.69700000000012,ec:1c:ee:b2:6c:08,086cb2ee1cec1eff4c001219004ea70bc17e938a2efea751cbc79c3d5f06b79a4bc3b50000,-10403.0,51039.0,-118546.0,78433.0,-139355.0,,0,0,0,0,0,1,1,2,ADV_NONCONN_IND,37,37,14,-1,0,-1,-1,6014,32,8,unknown,APPLE
28.69700000000012,7f:cf:e8:47:b1:70,70b147e8cf7f0201021816aafe40b337f97a60db21556e0b13e8ffb8dd5a778ffecc,-8799.0,72381.0,-90673.0,75073.0,-133493.0,,0,0,0,0,0,1,1,0,ADV_IND,34,37,5,-1,0,-1,-1,7402,32,7,unknown,GOOGLE
28.69700000000012,e4:1a:b5:f0:64:7e,7e64f0b51ae41eff4c001219006d91970299715f683b1cac641f668012dbd2af278b060000,-48787.0,48844.0,-94520.0,72505.0,-151371.0,,0,0,0,0,0,1,1,2,ADV_NONCONN_IND,37,37,11,-1,0,-1,-1,6070,32,7,unknown,APPLE
30.080000000001743,d9:bc:5b:21:62:2d,2d62215bbcd91eff4c001219504548d739dfc7234b4bc9d2c7321b4e0a72d9272958e80002,-16362.0,85654.0,-107697.0,72121.0,-132307.0,,0,0,0,0,0,1,1,0,ADV_IND,37,37,12,-1,0,-1,-1,2429,31,8,unknown,APPLE
30.551000000006752,e4:1a:b5:f0:64:7e,7e64f0b51ae41eff4c001219006d91970299715f683b1cac641f668012dbd2af278b060000,-61376.0,44870.0,-107173.0,74786.0,-149735.0,,0,0,0,0,0,1,1,2,ADV_NONCONN_IND,37,37,13,-1,0,-1,-1,3711,32,8,unknown,APPLE
32.60800000000745,7f:cf:e8:47:b1:70,70b147e8cf7f0201021816aafe40b337f97a60db21556e0b13e8ffb8dd5a778ffecc,-20769.0,70975.0,-93413.0,64854.0,-114707.0,,0,0,0,0,0,1,1,0,ADV_IND,34,37,3,-1,0,-1,-1,1255,31,8,unknown,GOOGLE
32.60800000000745,e4:1a:b5:f0:64:7e,7e64f0b51ae41eff4c001219006d91970299715f683b1cac641f668012dbd2af278b060000,-47266.0,48523.0,-119758.0,80269.0,-148677.0,,0,0,0,0,0,1,1,2,ADV_NONCONN_IND,37,37,2,-1,0,-1,-1,4791,31,8,unknown,APPLE
34.54800000000978,7f:cf:e8:47:b1:70,70b147e8cf7f0201021816aafe40b337f97a60db21556e0b13e8ffb8dd5a778ffecc,-26367.0,72181.0,-92428.0,72030.0,-115419.0,,0,0,0,0,0,1,1,0,ADV_IND,34,37,1,-1,0,-1,-1,7863,32,7,unknown,GOOGLE
36.596000000005006,e4:1a:b5:f0:64:7e,7e64f0b51ae41eff4c001219006d91970299715f683b1cac641f668012dbd2af278b060000,-19125.0,78680.0,-110649.0,86452.0,-144383.0,,0,0,0,0,0,1,1,2,ADV_NONCONN_IND,37,37,13,-1,0,-1,-1,4733,30,8,unknown,APPLE
36.596000000005006,7f:cf:e8:47:b1:70,70b147e8cf7f0201021816aafe40b337f97a60db21556e0b13e8ffb8dd5a778ffecc,-24721.0,71195.0,-99762.0,76368.0,-99622.0,,0,0,0,0,0,1,1,0,ADV_IND,34,37,7,-1,0,-1,-1,6444,32,8,unknown,GOOGLE
38.546000000002095,ec:1c:ee:b2:6c:08,086cb2ee1cec1eff4c001219004ea70bc17e938a2efea751cbc79c3d5f06b79a4bc3b50000,-39971.0,49918.0,-101380.0,65184.0,-137595.0,,0,0,0,0,0,1,1,2,ADV_NONCONN_IND,37,37,1,-1,0,-1,-1,5227,32,8,unknown,APPLE
40.41800000000512,e4:1a:b5:f0:64:7e,7e64f0b51ae41eff4c001219006d91970299715f683b1cac641f668012dbd2af278b060000,-41644.0,43982.0,-108231.0,103999.0,-140358.0,,0,0,0,0,0,1,1,2,ADV_NONCONN_IND,37,37,8,-1,0,-1,-1,2926,32,8,unknown,APPLE
41.24800000000687,e0:30:61:03:6c:33,336c036130e01eff4c00121900d848cd48beb41e5e5d4f3157c82f8a075af3a380b49b0000,-26972.0,72515.0,-112012.0,86797.0,-138164.0,,0,0,0,0,0,1,1,2,ADV_NONCONN_IND,37,37,3,-1,0,-1,-1,2086,32,8,unknown,APPLE
41.935000000012224,d9:bc:5b:21:62:2d,2d62215bbcd91eff4c001219504548d739dfc7234b4bc9d2c7321b4e0a72d9272958e80002,-21743.0,85108.0,-115002.0,97525.0,-148099.0,,0,0,0,0,0,1,1,0,ADV_IND,37,37,12,-1,0,-1,-1,1906,32,8,unknown,APPLE
42.237000000008265,ec:1c:ee:b2:6c:08,086cb2ee1cec1eff4c001219004ea70bc17e938a2efea751cbc79c3d5f06b79a4bc3b50000,-31134.0,40937.0,-110600.0,64546.0,-141784.0,,0,0,0,0,0,1,1,2,ADV_NONCONN_IND,37,37,7,-1,0,-1,-1,6524,32,7,unknown,APPLE
44.469000000011874,ec:1c:ee:b2:6c:08,086cb2ee1cec1eff4c001219004ea70bc17e938a2efea751cbc79c3d5f06b79a4bc3b50000,-16323.0,67362.0,-128411.0,79156.0,-150895.0,,0,0,0,0,0,1,1,2,ADV_NONCONN_IND,37,37,9,-1,0,-1,-1,1775,32,7,unknown,APPLE
44.74199999999837,7f:cf:e8:47:b1:70,70b147e8cf7f0201021816aafe40b337f97a60db21556e0b13e8ffb8dd5a778ffecc,-8678.0,93850.0,-97190.0,68297.0,-147048.0,,0,0,0,0,0,1,1,0,ADV_IND,34,37,4,-1,0,-1,-1,3965,32,8,unknown,GOOGLE
46.59700000000885,ec:1c:ee:b2:6c:08,086cb2ee1cec1eff4c001219004ea70bc17e938a2efea751cbc79c3d5f06b79a4bc3b50000,-32796.0,61434.0,-99928.0,66420.0,-119241.0,,0,0,0,0,0,1,1,2,ADV_NONCONN_IND,37,37,13,-1,0,-1,-1,7671,32,8,unknown,APPLE
46.85700000000361,e4:1a:b5:f0:64:7e,7e64f0b51ae41eff4c001219006d91970299715f683b1cac641f668012dbd2af278b060000,-26953.0,43032.0,-88510.0,50451.0,-107244.0,,0,0,0,0,0,1,1,2,ADV_NONCONN_IND,37,37,5,-1,0,-1,-1,2669,31,7,unknown,APPLE
46.85700000000361,7f:cf:e8:47:b1:70,70b147e8cf7f0201021816aafe40b337f97a60db21556e0b13e8ffb8dd5a778ffecc,-15231.0,76041.0,-95328.0,60744.0,-125276.0,,0,0,0,0,0,1,1,0,ADV_IND,34,37,5,-1,0,-1,-1,2912,32,8,unknown,GOOGLE
48.221000000005006,d9:bc:5b:21:62:2d,2d62215bbcd91eff4c001219504548d739dfc7234b4bc9d2c7321b4e0a72d9272958e80002,-20323.0,67325.0,-112879.0,71172.0,-142712.0,,0,0,0,0,0,1,1,0,ADV_IND,37,37,12,-1,0,-1,-1,6018,30,8,unknown,APPLE
48.70799999999872,ec:1c:ee:b2:6c:08,086cb2ee1cec1eff4c001219004ea70bc17e938a2efea751cbc79c3d5f06b79a4bc3b50000,-38978.0,46710.0,-104811.0,73751.0,-121410.0,,0,0,0,0,0,1,1,2,ADV_NONCONN_IND,37,37,3,-1,0,-1,-1,1394,30,8,unknown,APPLE
48.70799999999872,e4:1a:b5:f0:64:7e,7e64f0b51ae41eff4c001219006d91970299715f683b1cac641f668012dbd2af278b060000,-33285.0,42170.0,-95681.0,65768.0,-130206.0,,0,0,0,0,0,1,1,2,ADV_NONCONN_IND,37,37,7,-1,0,-1,-1,2746,32,8,unknown,APPLE
48.971000000005006,7f:cf:e8:47:b1:70,70b147e8cf7f0201021816aafe40b337f97a60db21556e0b13e8ffb8dd5a778ffecc,-18950.0,70788.0,-95312.0,64886.0,-106476.0,,0,0,0,0,0,1,1,0,ADV_IND,34,37,6,-1,0,-1,-1,4478,32,8,unknown,GOOGLE
50.48400000001129,ec:1c:ee:b2:6c:08,086cb2ee1cec1eff4c001219004ea70bc17e938a2efea751cbc79c3d5f06b79a4bc3b50000,-39316.0,48612.0,-104647.0,93132.0,-152968.0,,0,0,0,0,0,1,1,2,ADV_NONCONN_IND,37,37,15,-1,0,-1,-1,7363,32,8,unknown,APPLE
50.73400000001129,e4:1a:b5:f0:64:7e,7e64f0b51ae41eff4c001219006d91970299715f683b1cac641f668012dbd2af278b060000,-36591.0,89675.0,-107527.0,86924.0,-138262.0,,0,0,0,0,0,1,1,2,ADV_NONCONN_IND,37,37,15,-1,0,-1,-1,4668,31,8,unknown,APPLE
50.73400000001129,7f:cf:e8:47:b1:70,70b147e8cf7f0201021816aafe40b337f97a60db21556e0b13e8ffb8dd5a778ffecc,-48897.0,101389.0,-93416.0,72184.0,-133373.0,,0,0,0,0,0,1,1,0,ADV_IND,34,37,0,-1,0,-1,-1,2230,32,8,unknown,GOOGLE
52.28300000001036,ec:1c:ee:b2:6c:08,086cb2ee1cec1eff4c001219004ea70bc17e938a2efea751cbc79c3d5f06b79a4bc3b50000,-25238.0,79842.0,-105984.0,92598.0,-143386.0,,0,0,0,0,0,1,1,2,ADV_NONCONN_IND,37,37,4,-1,0,-1,-1,3746,32,7,unknown,APPLE
52.84200000000419,e4:1a:b5:f0:64:7e,7e64f0b51ae41eff4c001219006d91970299715f683b1cac641f668012dbd2af278b060000,-18047.0,63689.0,-75529.0,53376.0,-132063.0,,0,0,0,0,0,1,1,2,ADV_NONCONN_IND,37,37,12,-1,0,-1,-1,7831,32,8,unknown,APPLE
54.62400000001071,ec:1c:ee:b2:6c:08,086cb2ee1cec1eff4c001219004ea70bc17e938a2efea751cbc79c3d5f06b79a4bc3b50000,-27277.0,67348.0,-99838.0,91267.0,-156578.0,,0,0,0,0,0,1,1,2,ADV_NONCONN_IND,37,37,1,-1,0,-1,-1,2286,32,7,unknown,APPLE
54.62400000001071,e4:1a:b5:f0:64:7e,7e64f0b51ae41eff4c001219006d91970299715f683b1cac641f668012dbd2af278b060000,-42601.0,23366.0,-83808.0,68001.0,-140753.0,,0,0,0,0,0,1,1,2,ADV_NONCONN_IND,37,37,8,-1,0,-1,-1,7892,32,8,unknown,APPLE
56.26000000000931,d9:bc:5b:21:62:2d,2d62215bbcd91eff4c001219504548d739dfc7234b4bc9d2c7321b4e0a72d9272958e80002,-17688.0,85758.0,-117362.0,86961.0,-144464.0,,0,0,0,0,0,1,1,0,ADV_IND,37,37,7,-1,0,-1,-1,1459,31,8,unknown,APPLE
56.57500000001164,e4:1a:b5:f0:64:7e,7e64f0b51ae41eff4c001219006d91970299715f683b1cac641f668012dbd2af278b060000,-30347.0,17337.0,-90016.0,80144.0,-126937.0,,0,0,0,0,0,1,1,2,ADV_NONCONN_IND,37,37,3,-1,0,-1,-1,4900,32,8,unknown,APPLE
56.57500000001164,ec:1c:ee:b2:6c:08,086cb2ee1cec1eff4c001219004ea70bc17e938a2efea751cbc79c3d5f06b79a4bc3b50000,-10747.0,55205.0,-115300.0,76381.0,-139867.0,,0,0,0,0,0,1,1,2,ADV_NONCONN_IND,37,37,11,-1,0,-1,-1,2832,32,8,unknown,APPLE
57.16900000000896,e0:30:61:03:6c:33,336c036130e01eff4c00121900d848cd48beb41e5e5d4f3157c82f8a075af3a380b49b0000,-28805.0,69576.0,-87770.0,38464.0,-121161.0,,0,0,0,0,0,1,1,2,ADV_NONCONN_IND,37,37,5,-1,0,-1,-1,4716,32,8,unknown,APPLE
58.1359999999986,d9:bc:5b:21:62:2d,2d62215bbcd91eff4c001219504548d739dfc7234b4bc9d2c7321b4e0a72d9272958e80002,-21806.0,71109.0,-104622.0,86470.0,-136793.0,,0,0,0,0,0,1,1,0,ADV_IND,37,37,12,-1,0,-1,-1,1833,32,8,unknown,APPLE
58.66500000000815,ec:1c:ee:b2:6c:08,086cb2ee1cec1eff4c001219004ea70bc17e938a2efea751cbc79c3d5f06b79a4bc3b50000,-44694.0,96668.0,-111873.0,93067.0,-159302.0,,0,0,0,0,0,1,1,2,ADV_NONCONN_IND,37,37,5,-1,0,-1,-1,1164,30,8,unknown,APPLE
58.66500000000815,e4:1a:b5:f0:64:7e,7e64f0b51ae41eff4c001219006d91970299715f683b1cac641f668012dbd2af278b060000,-35966.0,27892.0,-101297.0,53921.0,-125057.0,,0,0,0,0,0,1,1,2,ADV_NONCONN_IND,37,37,7,-1,0,-1,-1,2798,32,8,unknown,APPLE
58.92600000000675,7f:cf:e8:47:b1:70,70b147e8cf7f0201021816aafe40b337f97a60db21556e0b13e8ffb8dd5a778ffecc,-36684.0,93381.0,-92491.0,89927.0,-145369.0,,0,0,0,0,0,1,1,0,ADV_IND,34,37,11,-1,0,-1,-1,2441,32,8,unknown,GOOGLE
60.05600000001141,d9:bc:5b:21:62:2d,2d62215bbcd91eff4c001219504548d739dfc7234b4bc9d2c7321b4e0a72d9272958e80002,-34648.0,75873.0,-121075.0,103489.0,-143311.0,,0,0,0,0,0,1,1,0,ADV_IND,37,37,14,-1,0,-1,-1,5012,32,8,unknown,APPLE
61.04899999999907,7f:cf:e8:47:b1:70,70b147e8cf7f0201021816aafe40b337f97a60db21556e0b13e8ffb8dd5a778ffecc,-36314.0,91621.0,-101750.0,71543.0,-132582.0,,0,0,0,0,0,1,1,0,ADV_IND,34,37,3,-1,0,-1,-1,4345,32,8,unknown,GOOGLE
62.58000000000175,e4:1a:b5:f0:64:7e,7e64f0b51ae41eff4c001219006d91970299715f683b1cac641f668012dbd2af278b060000,-45579.0,38283.0,-86181.0,44036.0,-129484.0,,0,0,0,0,0,1,1,2,ADV_NONCONN_IND,37,37,10,-1,0,-1,-1,6594,32,7,unknown,APPLE
62.921000000002095,7f:cf:e8:47:b1:70,70b147e8cf7f0201021816aafe40b337f97a60db21556e0b13e8ffb8dd5a778ffecc,-24806.0,75183.0,-81819.0,44661.0,-114316.0,,0,0,0,0,0,1,1,0,ADV_IND,34,37,6,-1,0,-1,-1,5463,32,8,unknown,GOOGLE
64.44100000000617,ec:1c:ee:b2:6c:08,086cb2ee1cec1eff4c001219004ea70bc17e938a2efea751cbc79c3d5f06b79a4bc3b50000,-43677.0,49488.0,-99495.0,72422.0,-141152.0,,0,0,0,0,0,1,1,2,ADV_NONCONN_IND,37,37,10,-1,0,-1,-1,7451,32,8,unknown,APPLE
64.99100000000908,e4:1a:b5:f0:64:7e,7e64f0b51ae41eff4c001219006d91970299715f683b1cac641f668012dbd2af278b060000,-36938.0,49204.0,-86402.0,61153.0,-142395.0,,0,0,0,0,0,1,1,2,ADV_NONCONN_IND,37,37,12,-1,0,-1,-1,2493,32,8,unknown,APPLE
65.25,e0:30:61:03:6c:33,336c036130e01eff4c00121900d848cd48beb41e5e5d4f3157c82f8a075af3a380b49b0000,-44345.0,87662.0,-88409.0,66665.0,-152684.0,,0,0,0,0,0,1,1,2,ADV_NONCONN_IND,37,37,4,-1,0,-1,-1,7620,31,8,unknown,APPLE
67.06100000000151,e0:30:61:03:6c:33,336c036130e01eff4c00121900d848cd48beb41e5e5d4f3157c82f8a075af3a380b49b0000,-28922.0,61554.0,-78912.0,56718.0,-140080.0,,0,0,0,0,0,1,1,2,ADV_NONCONN_IND,37,37,0,-1,0,-1,-1,5035,31,8,unknown,APPLE
68.625,e4:1a:b5:f0:64:7e,7e64f0b51ae41eff4c001219006d91970299715f683b1cac641f668012dbd2af278b060000,-36646.0,29822.0,-97291.0,71757.0,-139042.0,,0,0,0,0,0,1,1,2,ADV_NONCONN_IND,37,37,11,-1,0,-1,-1,5488,32,8,unknown,APPLE
70.68700000000536,cd:e0:fa:56:f5:d0,d0f556fae0cd1eff4c00121950c5aad89aee5a4dd76d2ed58ed2767cddec6c667fd82401e1,-33761.0,79622.0,-95177.0,44464.0,-138341.0,,0,0,0,0,0,1,1,0,ADV_IND,37,37,14,-1,0,-1,-1,2325,32,8,unknown,APPLE
70.68700000000536,ec:1c:ee:b2:6c:08,086cb2ee1cec1eff4c001219004ea70bc17e938a2efea751cbc79c3d5f06b79a4bc3b50000,-32879.0,58366.0,-109198.0,50419.0,-131415.0,,0,0,0,0,0,1,1,2,ADV_NONCONN_IND,37,37,15,-1,0,-1,-1,3175,32,8,unknown,APPLE
70.68700000000536,e4:1a:b5:f0:64:7e,7e64f0b51ae41eff4c001219006d91970299715f683b1cac641f668012dbd2af278b060000,-47987.0,65733.0,-89698.0,70887.0,-114367.0,,0,0,0,0,0,1,1,2,ADV_NONCONN_IND,37,37,1,-1,0,-1,-1,6766,31,8,unknown,APPLE
71.31000000001222,7f:cf:e8:47:b1:70,70b147e8cf7f0201021816aafe40b337f97a60db21556e0b13e8ffb8dd5a778ffecc,-12292.0,85863.0,-83536.0,51052.0,-131027.0,,0,0,0,0,0,1,1,0,ADV_IND,34,37,15,-1,0,-1,-1,7275,32,8,unknown,GOOGLE
72.39400000000023,ec:1c:ee:b2:6c:08,086cb2ee1cec1eff4c001219004ea70bc17e938a2efea751cbc79c3d5f06b79a4bc3b50000,-45375.0,94501.0,-116702.0,79973.0,-146907.0,,0,0,0,0,0,1,1,2,ADV_NONCONN_IND,37,37,2,-1,0,-1,-1,6279,32,8,unknown,APPLE
72.95100000000093,e4:1a:b5:f0:64:7e,7e64f0b51ae41eff4c001219006d91970299715f683b1cac641f668012dbd2af278b060000,-31706.0,29700.0,-91001.0,58113.0,-116743.0,,0,0,0,0,0,1,1,2,ADV_NONCONN_IND,37,37,15,-1,0,-1,-1,6806,32,8,unknown,APPLE
73.21100000001024,7f:cf:e8:47:b1:70,70b147e8cf7f0201021816aafe40b337f97a60db21556e0b13e8ffb8dd5a778ffecc,-23061.0,62710.0,-94737.0,72220.0,-95836.0,,0,0,0,0,0,1,1,0,ADV_IND,34,37,7,-1,0,-1,-1,3011,32,8,unknown,GOOGLE
75.11699999999837,7f:cf:e8:47:b1:70,70b147e8cf7f0201021816aafe40b337f97a60db21556e0b13e8ffb8dd5a778ffecc,-29556.0,65376.0,-92012.0,59856.0,-102980.0,,0,0,0,0,0,1,1,0,ADV_IND,34,37,14,-1,0,-1,-1,3860,32,8,unknown,GOOGLE
75.11699999999837,e0:30:61:03:6c:33,336c036130e01eff4c00121900d848cd48beb41e5e5d4f3157c82f8a075af3a380b49b0000,-37787.0,86766.0,-117581.0,92684.0,-150765.0,,0,0,0,0,0,1,1,2,ADV_NONCONN_IND,37,37,4,-1,0,-1,-1,5079,32,8,unknown,APPLE
76.87099999999919,e4:1a:b5:f0:64:7e,7e64f0b51ae41eff4c001219006d91970299715f683b1cac641f668012dbd2af278b060000,-44011.0,48259.0,-88317.0,77077.0,-112613.0,,0,0,0,0,0,1,1,2,ADV_NONCONN_IND,37,37,7,-1,0,-1,-1,4552,31,8,unknown,APPLE
79.55900000000838,7f:cf:e8:47:b1:70,70b147e8cf7f0201021816aafe40b337f97a60db21556e0b13e8ffb8dd5a778ffecc,-18624.0,82007.0,-82497.0,47175.0,-116813.0,,0,0,0,0,0,1,1,0,ADV_IND,34,37,9,-1,0,-1,-1,6071,32,8,unknown,GOOGLE
81.27400000000489,e4:1a:b5:f0:64:7e,7e64f0b51ae41eff4c001219006d91970299715f683b1cac641f668012dbd2af278b060000,-65139.0,57151.0,-72260.0,72110.0,-129208.0,,0,0,0,0,0,1,1,2,ADV_NONCONN_IND,37,37,10,-1,0,-1,-1,1315,32,8,unknown,APPLE
88.80400000000373,e4:1a:b5:f0:64:7e,7e64f0b51ae41eff4c001219006d91970299715f683b1cac641f668012dbd2af278b060000,-30281.0,46317.0,-72568.0,53999.0,-153995.0,,0,0,0,0,0,1,1,2,ADV_NONCONN_IND,37,37,14,-1,0,-1,-1,1587,32,7,unknown,APPLE
88.80400000000373,d3:1d:7a:ce:34:23,2334ce7a1dd31eff4c00121900fb406e2c4cb1388369d0a53a6f0228e481503e7e00e20100,-37251.0,76113.0,-95783.0,67523.0,-128679.0,,0,0,0,0,0,1,1,2,ADV_NONCONN_IND,37,37,8,-1,0,-1,-1,7499,32,8,unknown,APPLE
89.58299999999872,7f:cf:e8:47:b1:70,70b147e8cf7f0201021816aafe40b337f97a60db21556e0b13e8ffb8dd5a778ffecc,-17661.0,72151.0,-94113.0,61806.0,-130948.0,,0,0,0,0,0,1,1,0,ADV_IND,34,37,7,-1,0,-1,-1,7789,32,7,unknown,GOOGLE
90.19200000001,d9:bc:5b:21:62:2d,2d62215bbcd91eff4c001219504548d739dfc7234b4bc9d2c7321b4e0a72d9272958e80002,-2655.0,74620.0,-100252.0,81884.0,-150412.0,,0,0,0,0,0,1,1,0,ADV_IND,37,37,3,-1,0,-1,-1,7803,32,8,unknown,APPLE
90.58299999999872,e4:1a:b5:f0:64:7e,7e64f0b51ae41eff4c001219006d91970299715f683b1cac641f668012dbd2af278b060000,-33965.0,50993.0,-96964.0,68951.0,-128630.0,,0,0,0,0,0,1,1,2,ADV_NONCONN_IND,37,37,13,-1,0,-1,-1,7282,32,8,unknown,APPLE
91.56000000001222,7f:cf:e8:47:b1:70,70b147e8cf7f0201021816aafe40b337f97a60db21556e0b13e8ffb8dd5a778ffecc,-36105.0,69469.0,-88222.0,65294.0,-115204.0,,0,0,0,0,0,1,1,0,ADV_IND,34,37,5,-1,0,-1,-1,1577,32,8,unknown,GOOGLE
93.48700000000828,7f:cf:e8:47:b1:70,70b147e8cf7f0201021816aafe40b337f97a60db21556e0b13e8ffb8dd5a778ffecc,-17624.0,93054.0,-111079.0,75675.0,-154237.0,,0,0,0,0,0,1,1,0,ADV_IND,34,37,15,-1,0,-1,-1,4195,32,7,unknown,GOOGLE
94.65600000000268,d3:1d:7a:ce:34:23,2334ce7a1dd31eff4c00121900fb406e2c4cb1388369d0a53a6f0228e481503e7e00e20100,-12007.0,75804.0,-75676.0,87236.0,-116529.0,,0,0,0,0,0,1,1,2,ADV_NONCONN_IND,37,37,13,-1,0,-1,-1,6040,32,8,unknown,APPLE
96.91999999999824,e4:1a:b5:f0:64:7e,7e64f0b51ae41eff4c001219006d91970299715f683b1cac641f668012dbd2af278b060000,-29812.0,46262.0,-81705.0,51036.0,-138274.0,,0,0,0,0,0,1,1,2,ADV_NONCONN_IND,37,37,2,-1,0,-1,-1,4303,31,7,unknown,APPLE
97.6209999999992,f3:46:a7:f6:ed:74,74edf6a746f31eff4c00121900d816f4ebdc25975e4b84ea4420751689b74d05f74c490000,-21759.0,94745.0,-80603.0,91813.0,-132958.0,,0,0,0,0,0,1,1,2,ADV_NONCONN_IND,37,37,10,-1,0,-1,-1,4579,32,8,unknown,APPLE
98.76000000000931,d3:1d:7a:ce:34:23,2334ce7a1dd31eff4c00121900fb406e2c4cb1388369d0a53a6f0228e481503e7e00e20100,-29248.0,67854.0,-96508.0,89181.0,-152125.0,,0,0,0,0,0,1,1,2,ADV_NONCONN_IND,37,37,8,-1,0,-1,-1,3307,32,8,unknown,APPLE
99.34700000000883,7f:cf:e8:47:b1:70,70b147e8cf7f0201021816aafe40b337f97a60db21556e0b13e8ffb8dd5a778ffecc,-13013.0,86869.0,-85996.0,61285.0,-146445.0,,0,0,0,0,0,1,1,0,ADV_IND,34,37,8,-1,0,-1,-1,5283,32,8,unknown,GOOGLE
100.52100000000792,cd:e0:fa:56:f5:d0,d0f556fae0cd1eff4c00121950c5aad89aee5a4dd76d2ed58ed2767cddec6c667fd82401e1,-45093.0,82003.0,-89352.0,53980.0,-166754.0,,0,0,0,0,0,1,1,0,ADV_IND,37,37,3,-1,0,-1,-1,5720,29,8,unknown,APPLE
101.54300000000512,7f:cf:e8:47:b1:70,70b147e8cf7f0201021816aafe40b337f97a60db21556e0b13e8ffb8dd5a778ffecc,-7814.0,73850.0,-107293.0,86917.0,-128119.0,,0,0,0,0,0,1,1,0,ADV_IND,34,37,8,-1,0,-1,-1,3817,32,8,unknown,GOOGLE
104.11500000000524,d9:bc:5b:21:62:2d,2d62215bbcd91eff4c001219504548d739dfc7234b4bc9d2c7321b4e0a72d9272958e80002,-19534.0,100588.0,-71212.0,94078.0,-144494.0,,0,0,0,0,0,1,1,0,ADV_IND,37,37,15,-1,0,-1,-1,7335,32,8,unknown,APPLE
104.88200000001234,ec:1c:ee:b2:6c:08,086cb2ee1cec1eff4c001219004ea70bc17e938a2efea751cbc79c3d5f06b79a4bc3b50000,-18234.0,38246.0,-101351.0,72010.0,-118702.0,,0,0,0,0,0,1,1,2,ADV_NONCONN_IND,37,37,11,-1,0,-1,-1,4809,31,8,unknown,APPLE
105.69000000000231,7f:cf:e8:47:b1:70,70b147e8cf7f0201021816aafe40b337f97a60db21556e0b13e8ffb8dd5a778ffecc,-22442.0,72557.0,-94954.0,70237.0,-138716.0,,0,0,0,0,0,1,1,0,ADV_IND,34,37,13,-1,0,-1,-1,4920,32,8,unknown,GOOGLE
106.76200000000244,e4:1a:b5:f0:64:7e,7e64f0b51ae41eff4c001219006d91970299715f683b1cac641f668012dbd2af278b060000,-27910.0,44963.0,-97030.0,63468.0,-129028.0,,0,0,0,0,0,1,1,2,ADV_NONCONN_IND,37,37,13,-1,0,-1,-1,1130,32,8,unknown,APPLE
107.29800000000978,e0:30:61:03:6c:33,336c036130e01eff4c00121900d848cd48beb41e5e5d4f3157c82f8a075af3a380b49b0000,-26670.0,55680.0,-78975.0,58566.0,-144016.0,,0,0,0,0,0,1,1,2,ADV_NONCONN_IND,37,37,13,-1,0,-1,-1,5269,32,7,unknown,APPLE
108.10900000001128,d9:bc:5b:21:62:2d,2d62215bbcd91eff4c001219504548d739dfc7234b4bc9d2c7321b4e0a72d9272958e80002,-28765.0,68734.0,-108411.0,94697.0,-146770.0,,0,0,0,0,0,1,1,0,ADV_IND,37,37,9,-1,0,-1,-1,5134,31,8,unknown,APPLE
108.7560000000085,ec:1c:ee:b2:6c:08,086cb2ee1cec1eff4c001219004ea70bc17e938a2efea751cbc79c3d5f06b79a4bc3b50000,-24080.0,60634.0,-115004.0,83817.0,-124435.0,,0,0,0,0,0,1,1,2,ADV_NONCONN_IND,37,37,11,-1,0,-1,-1,3642,32,8,unknown,APPLE
108.7560000000085,e4:1a:b5:f0:64:7e,7e64f0b51ae41eff4c001219006d91970299715f683b1cac641f668012dbd2af278b060000,-22542.0,32744.0,-95934.0,78011.0,-113238.0,,0,0,0,0,0,1,1,2,ADV_NONCONN_IND,37,37,15,-1,0,-1,-1,1359,32,8,unknown,APPLE
110.85000000000582,d3:1d:7a:ce:34:23,2334ce7a1dd31eff4c00121900fb406e2c4cb1388369d0a53a6f0228e481503e7e00e20100,-21840.0,71461.0,-104133.0,84501.0,-132524.0,,0,0,0,0,0,1,1,2,ADV_NONCONN_IND,37,37,3,-1,0,-1,-1,3738,32,8,unknown,APPLE
110.85000000000582,e4:1a:b5:f0:64:7e,7e64f0b51ae41eff4c001219006d91970299715f683b1cac641f668012dbd2af278b060000,-66166.0,54698.0,-108048.0,68687.0,-155037.0,,0,0,0,0,0,1,1,2,ADV_NONCONN_IND,37,37,12,-1,0,-1,-1,3024,32,8,unknown,APPLE
112.0789999999979,7f:cf:e8:47:b1:70,70b147e8cf7f0201021816aafe40b337f97a60db21556e0b13e8ffb8dd5a778ffecc,-23093.0,71283.0,-92112.0,79799.0,-135834.0,,0,0,0,0,0,1,1,0,ADV_IND,34,37,13,-1,0,-1,-1,6199,32,8,unknown,GOOGLE
112.62400000001072,e4:1a:b5:f0:64:7e,7e64f0b51ae41eff4c001219006d91970299715f683b1cac641f668012dbd2af278b060000,-30043.0,76885.0,-85771.0,78560.0,-138849.0,,0,0,0,0,0,1,1,2,ADV_NONCONN_IND,37,37,9,-1,0,-1,-1,3618,32,8,unknown,APPLE
113.4539999999979,da:56:b0:16:4e:14,144e16b056da1eff4c0012191037096813bc89f303292ca231399084c2b1363d3753f20201,-39097.0,88016.0,-92697.0,54348.0,-144507.0,,0,0,0,0,0,1,1,0,ADV_IND,37,37,7,-1,0,-1,-1,1045,32,8,unknown,APPLE
115.77000000000407,7f:cf:e8:47:b1:70,70b147e8cf7f0201021816aafe40b337f97a60db21556e0b13e8ffb8dd5a778ffecc,-27169.0,61068.0,-86566.0,66675.0,-107603.0,,0,0,0,0,0,1,1,0,ADV_IND,34,37,7,-1,0,-1,-1,1620,32,8,unknown,GOOGLE
117.37600000000384,da:56:b0:16:4e:14,144e16b056da1eff4c0012191037096813bc89f303292ca231399084c2b1363d3753f20201,-1085.0,88414.0,-104683.0,77862.0,-144978.0,,0,0,0,0,0,1,1,0,ADV_IND,37,37,0,-1,0,-1,-1,2652,29,8,unknown,APPLE
118.81600000000616,ec:1c:ee:b2:6c:08,086cb2ee1cec1eff4c001219004ea70bc17e938a2efea751cbc79c3d5f06b79a4bc3b50000,-32837.0,56542.0,-120705.0,81230.0,-123418.0,,0,0,0,0,0,1,1,2,ADV_NONCONN_IND,37,37,14,-1,0,-1,-1,2765,32,8,unknown,APPLE
119.41999999999824,46:c7:c8:08:ec:56,56ec08c8c7460201061916aafe4075b54d3a669218d87e9c3399eb88bf6384a0e6f6ed,-18257.0,117475.0,-94177.0,118323.0,-146487.0,,0,0,0,0,0,1,1,0,ADV_IND,35,37,15,-1,0,-1,-1,7884,32,7,unknown,GOOGLE
120.0170000000071,7f:cf:e8:47:b1:70,70b147e8cf7f0201021816aafe40b337f97a60db21556e0b13e8ffb8dd5a778ffecc,-26221.0,83842.0,-104151.0,96216.0,-134451.0,,0,0,0,0,0,1,1,0,ADV_IND,34,37,1,-1,0,-1,-1,2355,32,8,unknown,GOOGLE
120.25900000000549,d6:7e:b9:4a:46:5f,5f464ab97ed61eff4c00121900923bedf51c910d1d694fd87bc515af1e58bae609dafb0300,-23002.0,56716.0,-105458.0,101977.0,-130169.0,,0,0,0,0,0,1,1,2,ADV_NONCONN_IND,37,37,12,-1,0,-1,-1,5428,30,8,unknown,APPLE
122.09300000000805,7f:cf:e8:47:b1:70,70b147e8cf7f0201021816aafe40b337f97a60db21556e0b13e8ffb8dd5a778ffecc,-18872.0,70485.0,-95494.0,61667.0,-127789.0,,0,0,0,0,0,1,1,0,ADV_IND,34,37,8,-1,0,-1,-1,1234,32,8,unknown,GOOGLE
123.77700000000186,7f:cf:e8:47:b1:70,70b147e8cf7f0201021816aafe40b337f97a60db21556e0b13e8ffb8dd5a778ffecc,-8307.0,65646.0,-99079.0,77524.0,-112596.0,,0,0,0,0,0,1,1,0,ADV_IND,34,37,2,-1,0,-1,-1,6608,32,8,unknown,GOOGLE
124.48700000000828,ec:1c:ee:b2:6c:08,086cb2ee1cec1eff4c001219004ea70bc17e938a2efea751cbc79c3d5f06b79a4bc3b50000,-27382.0,50014.0,-107414.0,73539.0,-120116.0,,0,0,0,0,0,1,1,2,ADV_NONCONN_IND,37,37,10,-1,0,-1,-1,2129,32,8,unknown,APPLE
124.97299999999814,e4:1a:b5:f0:64:7e,7e64f0b51ae41eff4c001219006d91970299715f683b1cac641f668012dbd2af278b060000,-38577.0,73649.0,-108805.0,85199.0,-136537.0,,0,0,0,0,0,1,1,2,ADV_NONCONN_IND,37,37,9,-1,0,-1,-1,7885,32,7,unknown,APPLE
126.38900000001011,d9:bc:5b:21:62:2d,2d62215bbcd91eff4c001219504548d739dfc7234b4bc9d2c7321b4e0a72d9272958e80002,-17807.0,55725.0,-105561.0,79296.0,-115347.0,,0,0,0,0,0,1,1,0,ADV_IND,37,37,12,-1,0,-1,-1,2740,32,8,unknown,APPLE
126.6290000000008,ec:1c:ee:b2:6c:08,086cb2ee1cec1eff4c001219004ea70bc17e938a2efea751cbc79c3d5f06b79a4bc3b50000,-41901.0,42672.0,-103313.0,63232.0,-107008.0,,0,0,0,0,0,1,1,2,ADV_NONCONN_IND,37,37,8,-1,0,-1,-1,6588,32,7,unknown,APPLE
126.98400000001128,e4:1a:b5:f0:64:7e,7e64f0b51ae41eff4c001219006d91970299715f683b1cac641f668012dbd2af278b060000,-38258.0,44703.0,-102523.0,65641.0,-126970.0,,0,0,0,0,0,1,1,2,ADV_NONCONN_IND,37,37,6,-1,0,-1,-1,5924,32,7,unknown,APPLE
128.13900000001013,7f:cf:e8:47:b1:70,70b147e8cf7f0201021816aafe40b337f97a60db21556e0b13e8ffb8dd5a778ffecc,-19344.0,101827.0,-108761.0,77795.0,-145032.0,,0,0,0,0,0,1,1,0,ADV_IND,34,37,8,-1,0,-1,-1,2772,30,8,unknown,GOOGLE
129.94500000000698,7f:cf:e8:47:b1:70,70b147e8cf7f0201021816aafe40b337f97a60db21556e0b13e8ffb8dd5a778ffecc,-21580.0,85101.0,-99109.0,75066.0,-151800.0,,0,0,0,0,0,1,1,0,ADV_IND,34,37,8,-1,0,-1,-1,4136,32,8,unknown,GOOGLE
132.0630000000092,7f:cf:e8:47:b1:70,70b147e8cf7f0201021816aafe40b337f97a60db21556e0b13e8ffb8dd5a778ffecc,-9937.0,77134.0,-111654.0,74560.0,-143040.0,,0,0,0,0,0,1,1,0,ADV_IND,34,37,2,-1,0,-1,-1,7625,30,8,unknown,GOOGLE
133.9870000000083,7f:cf:e8:47:b1:70,70b147e8cf7f0201021816aafe40b337f97a60db21556e0b13e8ffb8dd5a778ffecc,-30211.0,85069.0,-97318.0,65368.0,-144041.0,,0,0,0,0,0,1,1,0,ADV_IND,34,37,7,-1,0,-1,-1,7064,32,8,unknown,GOOGLE
136.15200000000186,d9:bc:5b:21:62:2d,2d62215bbcd91eff4c001219504548d739dfc7234b4bc9d2c7321b4e0a72d9272958e80002,-19364.0,76372.0,-118651.0,97790.0,-152967.0,,0,0,0,0,0,1,1,0,ADV_IND,37,37,1,-1,0,-1,-1,6268,32,8,unknown,APPLE
136.15200000000186,7f:cf:e8:47:b1:70,70b147e8cf7f0201021816aafe40b337f97a60db21556e0b13e8ffb8dd5a778ffecc,-37372.0,80690.0,-85159.0,53943.0,-143603.0,,0,0,0,0,0,1,1,0,ADV_IND,34,37,4,-1,0,-1,-1,4463,32,7,unknown,GOOGLE
136.8289999999979,e4:1a:b5:f0:64:7e,7e64f0b51ae41eff4c001219006d91970299715f683b1cac641f668012dbd2af278b060000,-29275.0,46956.0,-93175.0,61806.0,-135723.0,,0,0,0,0,0,1,1,2,ADV_NONCONN_IND,37,37,6,-1,0,-1,-1,1511,32,8,unknown,APPLE
137.0740000000078,e0:30:61:03:6c:33,336c036130e01eff4c00121900d848cd48beb41e5e5d4f3157c82f8a075af3a380b49b0000,-31659.0,51493.0,-100211.0,64321.0,-120159.0,,0,0,0,0,0,1,1,2,ADV_NONCONN_IND,37,37,5,-1,0,-1,-1,5976,32,8,unknown,APPLE
140.9670000000042,e4:1a:b5:f0:64:7e,7e64f0b51ae41eff4c001219006d91970299715f683b1cac641f668012dbd2af278b060000,-36564.0,38426.0,-96951.0,74805.0,-135065.0,,0,0,0,0,0,1,1,2,ADV_NONCONN_IND,37,37,11,-1,0,-1,-1,6445,32,8,unknown,APPLE
142.14800000000105,7f:cf:e8:47:b1:70,70b147e8cf7f0201021816aafe40b337f97a60db21556e0b13e8ffb8dd5a778ffecc,-31104.0,77042.0,-105316.0,59424.0,-100565.0,,0,0,0,0,0,1,1,0,ADV_IND,34,37,10,-1,0,-1,-1,1529,32,8,unknown,GOOGLE
144.08200000000943,d9:bc:5b:21:62:2d,2d62215bbcd91eff4c001219504548d739dfc7234b4bc9d2c7321b4e0a72d9272958e80002,-33352.0,111679.0,-93638.0,94762.0,-149514.0,,0,0,0,0,0,1,1,0,ADV_IND,37,37,0,-1,0,-1,-1,5590,31,7,unknown,APPLE
144.39700000001176,4c:c1:a3:9d:1f:9a,9a1f9da3c14c0201021816aafe408a547bca650d9f7e14a39a1e22fdf0361288a795,-20538.0,56194.0,-105921.0,64236.0,-145717.0,,0,0,0,0,0,1,1,0,ADV_IND,34,37,2,-1,0,-1,-1,2141,32,8,unknown,GOOGLE
145.13400000000547,e0:30:61:03:6c:33,336c036130e01eff4c00121900d848cd48beb41e5e5d4f3157c82f8a075af3a380b49b0000,-21928.0,61464.0,-88578.0,71957.0,-118826.0,,0,0,0,0,0,1,1,2,ADV_NONCONN_IND,37,37,2,-1,0,-1,-1,8041,32,8,unknown,APPLE
146.43300000000454,d9:bc:5b:21:62:2d,2d62215bbcd91eff4c001219504548d739dfc7234b4bc9d2c7321b4e0a72d9272958e80002,-27562.0,62151.0,-107297.0,72546.0,-128418.0,,0,0,0,0,0,1,1,0,ADV_IND,37,37,5,-1,0,-1,-1,6856,32,8,unknown,APPLE
146.6820000000007,ec:1c:ee:b2:6c:08,086cb2ee1cec1eff4c001219004ea70bc17e938a2efea751cbc79c3d5f06b79a4bc3b50000,-26034.0,74139.0,-131288.0,93721.0,-150178.0,,0,0,0,0,0,1,1,2,ADV_NONCONN_IND,37,37,11,-1,0,-1,-1,3406,32,8,unknown,APPLE
146.6820000000007,e4:1a:b5:f0:64:7e,7e64f0b51ae41eff4c001219006d91970299715f683b1cac641f668012dbd2af278b060000,-24463.0,46685.0,-101929.0,69095.0,-129187.0,,0,0,0,0,0,1,1,2,ADV_NONCONN_IND,37,37,3,-1,0,-1,-1,7914,32,8,unknown,APPLE
148.59700000000885,ec:1c:ee:b2:6c:08,086cb2ee1cec1eff4c001219004ea70bc17e938a2efea751cbc79c3d5f06b79a4bc3b50000,-30519.0,73880.0,-117193.0,85127.0,-147379.0,,0,0,0,0,0,1,1,2,ADV_NONCONN_IND,37,37,1,-1,0,-1,-1,4895,32,8,unknown,APPLE
148.98300000000745,e4:1a:b5:f0:64:7e,7e64f0b51ae41eff4c001219006d91970299715f683b1cac641f668012dbd2af278b060000,-31389.0,29869.0,-106833.0,67019.0,-119881.0,,0,0,0,0,0,1,1,2,ADV_NONCONN_IND,37,37,3,-1,0,-1,-1,1796,32,8,unknown,APPLE
150.04899999999907,d9:bc:5b:21:62:2d,2d62215bbcd91eff4c001219504548d739dfc7234b4bc9d2c7321b4e0a72d9272958e80002,-14188.0,85921.0,-106676.0,91570.0,-139473.0,,0,0,0,0,0,1,1,0,ADV_IND,37,37,11,-1,0,-1,-1,3643,32,8,unknown,APPLE
152.10500000001048,7f:cf:e8:47:b1:70,70b147e8cf7f0201021816aafe40b337f97a60db21556e0b13e8ffb8dd5a778ffecc,-17263.0,77896.0,-93699.0,76170.0,-128824.0,,0,0,0,0,0,1,1,0,ADV_IND,34,37,7,-1,0,-1,-1,5505,30,8,unknown,GOOGLE
152.83400000000256,e4:1a:b5:f0:64:7e,7e64f0b51ae41eff4c001219006d91970299715f683b1cac641f668012dbd2af278b060000,-39263.0,61127.0,-93907.0,82453.0,-149055.0,,0,0,0,0,0,1,1,2,ADV_NONCONN_IND,37,37,0,-1,0,-1,-1,2793,32,8,unknown,APPLE
153.39300000001094,e0:30:61:03:6c:33,336c036130e01eff4c00121900d848cd48beb41e5e5d4f3157c82f8a075af3a380b49b0000,-16432.0,62056.0,-97765.0,55784.0,-150797.0,,0,0,0,0,0,1,1,2,ADV_NONCONN_IND,37,37,6,-1,0,-1,-1,6792,31,8,unknown,APPLE
154.14400000000023,d9:bc:5b:21:62:2d,2d62215bbcd91eff4c001219504548d739dfc7234b4bc9d2c7321b4e0a72d9272958e80002,-30728.0,96051.0,-106960.0,91688.0,-156857.0,,0,0,0,0,0,1,1,0,ADV_IND,37,37,10,-1,0,-1,-1,3305,32,8,unknown,APPLE
155.60199999999895,ed:1a:74:63:7f:7a,7a7f63741aed1eff4c001219005413652f18123bd721a7c1453445dc24de129a936d1b0300,-39044.0,71015.0,-109691.0,92121.0,-147631.0,,0,0,0,0,0,1,1,2,ADV_NONCONN_IND,37,37,13,-1,0,-1,-1,7294,32,8,unknown,APPLE
156.59700000000885,ec:1c:ee:b2:6c:08,086cb2ee1cec1eff4c001219004ea70bc17e938a2efea751cbc79c3d5f06b79a4bc3b50000,-28566.0,83632.0,-90350.0,78746.0,-143939.0,,0,0,0,0,0,1,1,2,ADV_NONCONN_IND,37,37,11,-1,0,-1,-1,7305,32,7,unknown,APPLE
156.59700000000885,ec:9e:e1:20:ec:85,85ec20e19eec0201060303aafe1716aafe00deafcd50fadb7502b86f722670000000980000,-15315.0,84013.0,-62119.0,94889.0,-115898.0,,0,0,0,0,0,1,1,2,ADV_NONCONN_IND,37,37,6,-1,0,-1,-1,2532,31,7,unknown,GOOGLE
158.4880000000121,e4:e0:98:35:3d:ac,ac3d3598e0e41eff4c001219001508e91c900d752fa203ebbec84da5fbc4a18a6942340300,-36283.0,62889.0,-111380.0,66160.0,-139750.0,,0,0,0,0,0,1,1,2,ADV_NONCONN_IND,37,37,11,-1,0,-1,-1,1086,32,8,unknown,APPLE
158.4880000000121,7f:cf:e8:47:b1:70,70b147e8cf7f0201021816aafe40b337f97a60db21556e0b13e8ffb8dd5a778ffecc,-27086.0,73190.0,-86045.0,64609.0,-128012.0,,0,0,0,0,0,1,1,0,ADV_IND,34,37,6,-1,0,-1,-1,3528,31,8,unknown,GOOGLE
160.7030000000086,7f:cf:e8:47:b1:70,70b147e8cf7f0201021816aafe40b337f97a60db21556e0b13e8ffb8dd5a778ffecc,-43950.0,87344.0,-87370.0,51534.0,-121420.0,,0,0,0,0,0,1,1,0,ADV_IND,34,37,2,-1,0,-1,-1,3816,32,7,unknown,GOOGLE
162.25,e4:e0:98:35:3d:ac,ac3d3598e0e41eff4c001219001508e91c900d752fa203ebbec84da5fbc4a18a6942340300,-28144.0,85878.0,-104733.0,91804.0,-119263.0,,0,0,0,0,0,1,1,2,ADV_NONCONN_IND,37,37,1,-1,0,-1,-1,4812,32,7,unknown,APPLE
164.3620000000083,7f:cf:e8:47:b1:70,70b147e8cf7f0201021816aafe40b337f97a60db21556e0b13e8ffb8dd5a778ffecc,-14551.0,97996.0,-107698.0,73015.0,-148485.0,,0,0,0,0,0,1,1,0,ADV_IND,34,37,10,-1,0,-1,-1,1931,32,8,unknown,GOOGLE
164.78100000000268,e4:1a:b5:f0:64:7e,7e64f0b51ae41eff4c001219006d91970299715f683b1cac641f668012dbd2af278b060000,-34361.0,52258.0,-101148.0,67359.0,-137388.0,,0,0,0,0,0,1,1,2,ADV_NONCONN_IND,37,37,6,-1,0,-1,-1,7126,30,8,unknown,APPLE
166.19500000000698,e4:e0:98:35:3d:ac,ac3d3598e0e41eff4c001219001508e91c900d752fa203ebbec84da5fbc4a18a6942340300,-19783.0,100436.0,-104723.0,62219.0,-136299.0,,0,0,0,0,0,1,1,2,ADV_NONCONN_IND,37,37,12,-1,0,-1,-1,4331,32,8,unknown,APPLE
168.11100000000442,e4:e0:98:35:3d:ac,ac3d3598e0e41eff4c001219001508e91c900d752fa203ebbec84da5fbc4a18a6942340300,-29003.0,80336.0,-97156.0,50408.0,-135350.0,,0,0,0,0,0,1,1,2,ADV_NONCONN_IND,37,37,2,-1,0,-1,-1,2028,32,8,unknown,APPLE
168.69000000000233,ec:1c:ee:b2:6c:08,086cb2ee1cec1eff4c001219004ea70bc17e938a2efea751cbc79c3d5f06b79a4bc3b50000,-47079.0,72408.0,-95854.0,66765.0,-148927.0,,0,0,0,0,0,1,1,2,ADV_NONCONN_IND,37,37,9,-1,0,-1,-1,1209,32,8,unknown,APPLE
168.69000000000233,7f:cf:e8:47:b1:70,70b147e8cf7f0201021816aafe40b337f97a60db21556e0b13e8ffb8dd5a778ffecc,-41756.0,77947.0,-84176.0,58819.0,-127812.0,,0,0,0,0,0,1,1,0,ADV_IND,34,37,0,-1,0,-1,-1,2041,32,8,unknown,GOOGLE
170.5740000000078,e4:e0:98:35:3d:ac,ac3d3598e0e41eff4c001219001508e91c900d752fa203ebbec84da5fbc4a18a6942340300,-40984.0,72143.0,-90895.0,65116.0,-133887.0,,0,0,0,0,0,1,1,2,ADV_NONCONN_IND,37,37,5,-1,0,-1,-1,971,32,8,unknown,APPLE
170.5740000000078,7f:cf:e8:47:b1:70,70b147e8cf7f0201021816aafe40b337f97a60db21556e0b13e8ffb8dd5a778ffecc,-28468.0,74571.0,-89703.0,60216.0,-123414.0,,0,0,0,0,0,1,1,0,ADV_IND,34,37,15,-1,0,-1,-1,6643,32,8,unknown,GOOGLE
172.7390000000014,7f:cf:e8:47:b1:70,70b147e8cf7f0201021816aafe40b337f97a60db21556e0b13e8ffb8dd5a778ffecc,-39421.0,90433.0,-97790.0,78880.0,-132930.0,,0,0,0,0,0,1,1,0,ADV_IND,34,37,6,-1,0,-1,-1,1625,32,8,unknown,GOOGLE
172.7390000000014,ec:1c:ee:b2:6c:08,086cb2ee1cec1eff4c001219004ea70bc17e938a2efea751cbc79c3d5f06b79a4bc3b50000,-46757.0,45769.0,-106327.0,55732.0,-122777.0,,0,0,0,0,0,1,1,2,ADV_NONCONN_IND,37,37,7,-1,0,-1,-1,5068,32,8,unknown,APPLE
174.8000000000029,7f:cf:e8:47:b1:70,70b147e8cf7f0201021816aafe40b337f97a60db21556e0b13e8ffb8dd5a778ffecc,-7221.0,55079.0,-89830.0,64607.0,-107563.0,,0,0,0,0,0,1,1,0,ADV_IND,34,37,7,-1,0,-1,-1,1284,32,8,unknown,GOOGLE
176.70100000000093,ec:1c:ee:b2:6c:08,086cb2ee1cec1eff4c001219004ea70bc17e938a2efea751cbc79c3d5f06b79a4bc3b50000,-36858.0,55590.0,-113313.0,82605.0,-137346.0,,0,0,0,0,0,1,1,2,ADV_NONCONN_IND,37,37,8,-1,0,-1,-1,2961,32,8,unknown,APPLE
176.94600000001083,e4:1a:b5:f0:64:7e,7e64f0b51ae41eff4c001219006d91970299715f683b1cac641f668012dbd2af278b060000,-38143.0,46374.0,-93854.0,84412.0,-134776.0,,0,0,0,0,0,1,1,2,ADV_NONCONN_IND,37,37,12,-1,0,-1,-1,4902,32,8,unknown,APPLE
178.3240000000078,e4:e0:98:35:3d:ac,ac3d3598e0e41eff4c001219001508e91c900d752fa203ebbec84da5fbc4a18a6942340300,-47789.0,102375.0,-114305.0,108430.0,-130122.0,,0,0,0,0,0,1,1,2,ADV_NONCONN_IND,37,37,12,-1,0,-1,-1,5620,32,7,unknown,APPLE
178.83000000000175,7f:cf:e8:47:b1:70,70b147e8cf7f0201021816aafe40b337f97a60db21556e0b13e8ffb8dd5a778ffecc,-25570.0,84082.0,-109853.0,100405.0,-139898.0,,0,0,0,0,0,1,1,0,ADV_IND,34,37,3,-1,0,-1,-1,4799,32,8,unknown,GOOGLE
180.38400000000547,e4:e0:98:35:3d:ac,ac3d3598e0e41eff4c001219001508e91c900d752fa203ebbec84da5fbc4a18a6942340300,-8520.0,109999.0,-122514.0,97992.0,-148770.0,,0,0,0,0,0,1,1,2,ADV_NONCONN_IND,37,37,12,-1,0,-1,-1,5586,32,7,unknown,APPLE
180.85199999999892,7f:cf:e8:47:b1:70,70b147e8cf7f0201021816aafe40b337f97a60db21556e0b13e8ffb8dd5a778ffecc,-26973.0,81115.0,-108636.0,83990.0,-122924.0,,0,0,0,0,0,1,1,0,ADV_IND,34,37,8,-1,0,-1,-1,2975,32,8,unknown,GOOGLE
182.51499999999945,d9:bc:5b:21:62:2d,2d62215bbcd91eff4c001219504548d739dfc7234b4bc9d2c7321b4e0a72d9272958e80002,-23471.0,65810.0,-93261.0,102634.0,-128653.0,,0,0,0,0,0,1,1,0,ADV_IND,37,37,14,-1,0,-1,-1,2163,32,8,unknown,APPLE
183.44400000000317,cc:21:ca:83:4b:14,144b83ca21cc1eff4c0012192a605b24052f5ce6a88b7ab0f4e017a35f8faea0dc092d0387,-26025.0,83239.0,-118342.0,95286.0,-128178.0,,0,0,0,0,0,1,1,0,ADV_IND,37,37,12,-1,0,-1,-1,6053,32,8,unknown,APPLE
185.15600000000268,e4:1a:b5:f0:64:7e,7e64f0b51ae41eff4c001219006d91970299715f683b1cac641f668012dbd2af278b060000,-40918.0,51203.0,-74609.0,54357.0,-129793.0,,0,0,0,0,0,1,1,2,ADV_NONCONN_IND,37,37,5,-1,0,-1,-1,7792,32,8,unknown,APPLE
185.15600000000268,7f:cf:e8:47:b1:70,70b147e8cf7f0201021816aafe40b337f97a60db21556e0b13e8ffb8dd5a778ffecc,-27041.0,77847.0,-85650.0,57713.0,-131635.0,,0,0,0,0,0,1,1,0,ADV_IND,34,37,7,-1,0,-1,-1,1284,32,8,unknown,GOOGLE
186.30299999999988,d9:bc:5b:21:62:2d,2d62215bbcd91eff4c001219504548d739dfc7234b4bc9d2c7321b4e0a72d9272958e80002,-23731.0,85053.0,-120174.0,97014.0,-152558.0,,0,0,0,0,0,1,1,0,ADV_IND,37,37,12,-1,0,-1,-1,2425,32,8,unknown,APPLE
186.67300000000975,7f:cf:e8:47:b1:70,70b147e8cf7f0201021816aafe40b337f97a60db21556e0b13e8ffb8dd5a778ffecc,-21195.0,69967.0,-97790.0,70223.0,-115464.0,,0,0,0,0,0,1,1,0,ADV_IND,34,37,4,-1,0,-1,-1,3801,31,7,unknown,GOOGLE
187.0789999999979,cc:21:ca:83:4b:14,144b83ca21cc1eff4c0012192a605b24052f5ce6a88b7ab0f4e017a35f8faea0dc092d0387,-34980.0,76222.0,-101858.0,92207.0,-144502.0,,0,0,0,0,0,1,1,0,ADV_IND,37,37,8,-1,0,-1,-1,1653,32,8,unknown,APPLE
187.96100000001024,ec:9e:e1:20:ec:85,85ec20e19eec0201060303aafe1716aafe00deafcd50fadb7502b86f722670000000980000,-15740.0,86379.0,-80898.0,83294.0,-100705.0,,0,0,0,0,0,1,1,2,ADV_NONCONN_IND,37,37,11,-1,0,-1,-1,3722,32,8,unknown,GOOGLE
189.0500000000029,e4:1a:b5:f0:64:7e,7e64f0b51ae41eff4c001219006d91970299715f683b1cac641f668012dbd2af278b060000,-45727.0,61087.0,-87927.0,81636.0,-132630.0,,0,0,0,0,0,1,1,2,ADV_NONCONN_IND,37,37,4,-1,0,-1,-1,6418,32,8,unknown,APPLE
190.37800000001155,ec:9e:e1:20:ec:85,85ec20e19eec0201060303aafe1716aafe00deafcd50fadb7502b86f722670000000980000,-14060.0,116289.0,-70064.0,97885.0,-126057.0,,0,0,0,0,0,1,1,2,ADV_NONCONN_IND,37,37,11,-1,0,-1,-1,5843,31,7,unknown,GOOGLE
190.66700000000128,7f:cf:e8:47:b1:70,70b147e8cf7f0201021816aafe40b337f97a60db21556e0b13e8ffb8dd5a778ffecc,-33073.0,63326.0,-100106.0,84405.0,-122760.0,,0,0,0,0,0,1,1,0,ADV_IND,34,37,12,-1,0,-1,-1,5943,32,8,unknown,GOOGLE
192.33400000000256,d9:bc:5b:21:62:2d,2d62215bbcd91eff4c001219504548d739dfc7234b4bc9d2c7321b4e0a72d9272958e80002,-17795.0,90088.0,-87851.0,110596.0,-145773.0,,0,0,0,0,0,1,1,0,ADV_IND,37,37,4,-1,0,-1,-1,3683,32,8,unknown,APPLE
194.01900000000023,ec:9e:e1:20:ec:85,85ec20e19eec0201060303aafe1716aafe00deafcd50fadb7502b86f722670000000980000,-8897.0,84057.0,-93401.0,82091.0,-127984.0,,0,0,0,0,0,1,1,2,ADV_NONCONN_IND,37,37,1,-1,0,-1,-1,2365,31,8,unknown,GOOGLE
195.2100000000064,ec:1c:ee:b2:6c:08,086cb2ee1cec1eff4c001219004ea70bc17e938a2efea751cbc79c3d5f06b79a4bc3b50000,-30887.0,72121.0,-99786.0,80156.0,-118355.0,,0,0,0,0,0,1,1,2,ADV_NONCONN_IND,37,37,7,-1,0,-1,-1,1380,31,8,unknown,APPLE
195.2100000000064,7f:cf:e8:47:b1:70,70b147e8cf7f0201021816aafe40b337f97a60db21556e0b13e8ffb8dd5a778ffecc,-35324.0,81751.0,-98175.0,67271.0,-143995.0,,0,0,0,0,0,1,1,0,ADV_IND,34,37,4,-1,0,-1,-1,6399,32,8,unknown,GOOGLE
195.2100000000064,e4:1a:b5:f0:64:7e,7e64f0b51ae41eff4c001219006d91970299715f683b1cac641f668012dbd2af278b060000,-28088.0,40781.0,-102803.0,60061.0,-131325.0,,0,0,0,0,0,1,1,2,ADV_NONCONN_IND,37,37,3,-1,0,-1,-1,3145,30,8,unknown,APPLE
197.041000000012,e4:1a:b5:f0:64:7e,7e64f0b51ae41eff4c001219006d91970299715f683b1cac641f668012dbd2af278b060000,-44044.0,30963.0,-99009.0,68685.0,-150194.0,,0,0,0,0,0,1,1,2,ADV_NONCONN_IND,37,37,9,-1,0,-1,-1,7550,32,7,unknown,APPLE
199.0170000000071,7f:cf:e8:47:b1:70,70b147e8cf7f0201021816aafe40b337f97a60db21556e0b13e8ffb8dd5a778ffecc,-15984.0,56571.0,-91492.0,71294.0,-108952.0,,0,0,0,0,0,1,1,0,ADV_IND,34,37,13,-1,0,-1,-1,1906,32,8,unknown,GOOGLE
200.7390000000014,cd:e0:fa:56:f5:d0,d0f556fae0cd1eff4c00121950c5aad89aee5a4dd76d2ed58ed2767cddec6c667fd82401e1,-31372.0,54631.0,-111320.0,73918.0,-158902.0,,0,0,0,0,0,1,1,0,ADV_IND,37,37,14,-1,0,-1,-1,6816,32,7,unknown,APPLE
201.00300000001155,e4:1a:b5:f0:64:7e,7e64f0b51ae41eff4c001219006d91970299715f683b1cac641f668012dbd2af278b060000,-15253.0,58268.0,-68847.0,57367.0,-115074.0,,0,0,0,0,0,1,1,2,ADV_NONCONN_IND,37,37,11,-1,0,-1,-1,3750,30,8,unknown,APPLE
202.3270000000048,7f:cf:e8:47:b1:70,70b147e8cf7f0201021816aafe40b337f97a60db21556e0b13e8ffb8dd5a778ffecc,-34314.0,120854.0,-120255.0,80295.0,-140215.0,,0,0,0,0,0,1,1,0,ADV_IND,34,37,15,-1,0,-1,-1,1716,32,7,unknown,GOOGLE
204.8390000000072,e4:1a:b5:f0:64:7e,7e64f0b51ae41eff4c001219006d91970299715f683b1cac641f668012dbd2af278b060000,-27976.0,26624.0,-98242.0,71231.0,-111549.0,,0,0,0,0,0,1,1,2,ADV_NONCONN_IND,37,37,12,-1,0,-1,-1,3365,32,8,unknown,APPLE
206.71300000000335,7f:cf:e8:47:b1:70,70b147e8cf7f0201021816aafe40b337f97a60db21556e0b13e8ffb8dd5a778ffecc,-17298.0,80243.0,-100106.0,61866.0,-133589.0,,0,0,0,0,0,1,1,0,ADV_IND,34,37,9,-1,0,-1,-1,3340,29,8,unknown,GOOGLE
208.64600000000792,7f:cf:e8:47:b1:70,70b147e8cf7f0201021816aafe40b337f97a60db21556e0b13e8ffb8dd5a778ffecc,-37691.0,69056.0,-99693.0,71590.0,-119085.0,,0,0,0,0,0,1,1,0,ADV_IND,34,37,2,-1,0,-1,-1,1915,32,8,unknown,GOOGLE
209.4870000000083,cc:21:ca:83:4b:14,144b83ca21cc1eff4c0012192a605b24052f5ce6a88b7ab0f4e017a35f8faea0dc092d0387,-27087.0,93134.0,-107770.0,83596.0,-152574.0,,0,0,0,0,0,1,1,0,ADV_IND,37,37,3,-1,0,-1,-1,2759,31,7,unknown,APPLE
213.4300000000076,cc:21:ca:83:4b:14,144b83ca21cc1eff4c0012192a605b24052f5ce6a88b7ab0f4e017a35f8faea0dc092d0387,-6513.0,73291.0,-94440.0,95009.0,-123376.0,,0,0,0,0,0,1,1,0,ADV_IND,37,37,10,-1,0,-1,-1,1872,32,8,unknown,APPLE
215.60800000000745,cc:21:ca:83:4b:14,144b83ca21cc1eff4c0012192a605b24052f5ce6a88b7ab0f4e017a35f8faea0dc092d0387,-14009.0,78435.0,-114896.0,55647.0,-105646.0,,0,0,0,0,0,1,1,0,ADV_IND,37,37,4,-1,0,-1,-1,1918,32,8,unknown,APPLE
217.23000000001048,cc:21:ca:83:4b:14,144b83ca21cc1eff4c0012192a605b24052f5ce6a88b7ab0f4e017a35f8faea0dc092d0387,-12916.0,83863.0,-118330.0,46312.0,-115827.0,,0,0,0,0,0,1,1,0,ADV_IND,37,37,4,-1,0,-1,-1,7677,31,8,unknown,APPLE
219.31900000000317,cc:21:ca:83:4b:14,144b83ca21cc1eff4c0012192a605b24052f5ce6a88b7ab0f4e017a35f8faea0dc092d0387,-14773.0,65591.0,-121787.0,59503.0,-96915.0,,0,0,0,0,0,1,1,0,ADV_IND,37,37,15,-1,0,-1,-1,6147,32,8,unknown,APPLE
224.50900000000547,d9:bc:5b:21:62:2d,2d62215bbcd91eff4c001219504548d739dfc7234b4bc9d2c7321b4e0a72d9272958e80002,-23944.0,100973.0,-101197.0,94006.0,-134032.0,,0,0,0,0,0,1,1,0,ADV_IND,37,37,3,-1,0,-1,-1,2970,32,8,unknown,APPLE
225.00100000000384,7f:cf:e8:47:b1:70,70b147e8cf7f0201021816aafe40b337f97a60db21556e0b13e8ffb8dd5a778ffecc,-15655.0,72185.0,-87217.0,46818.0,-103989.0,,0,0,0,0,0,1,1,0,ADV_IND,34,37,6,-1,0,-1,-1,7036,32,8,unknown,GOOGLE
225.56500000000236,cc:21:ca:83:4b:14,144b83ca21cc1eff4c0012192a605b24052f5ce6a88b7ab0f4e017a35f8faea0dc092d0387,-39107.0,93687.0,-130340.0,90803.0,-152089.0,,0,0,0,0,0,1,1,0,ADV_IND,37,37,0,-1,0,-1,-1,1592,31,8,unknown,APPLE
227.3270000000048,cc:21:ca:83:4b:14,144b83ca21cc1eff4c0012192a605b24052f5ce6a88b7ab0f4e017a35f8faea0dc092d0387,-34069.0,64555.0,-93376.0,83202.0,-132874.0,,0,0,0,0,0,1,1,0,ADV_IND,37,37,0,-1,0,-1,-1,7877,32,8,unknown,APPLE
228.43500000001225,d9:bc:5b:21:62:2d,2d62215bbcd91eff4c001219504548d739dfc7234b4bc9d2c7321b4e0a72d9272958e80002,-26760.0,86698.0,-96923.0,92924.0,-152021.0,,0,0,0,0,0,1,1,0,ADV_IND,37,37,2,-1,0,-1,-1,2660,32,7,unknown,APPLE
228.6800000000076,7f:cf:e8:47:b1:70,70b147e8cf7f0201021816aafe40b337f97a60db21556e0b13e8ffb8dd5a778ffecc,-28126.0,89074.0,-92920.0,71819.0,-137010.0,,0,0,0,0,0,1,1,0,ADV_IND,34,37,7,-1,0,-1,-1,2248,32,8,unknown,GOOGLE
229.2600000000093,cc:21:ca:83:4b:14,144b83ca21cc1eff4c0012192a605b24052f5ce6a88b7ab0f4e017a35f8faea0dc092d0387,-6854.0,76039.0,-124483.0,61941.0,-121674.0,,0,0,0,0,0,1,1,0,ADV_IND,37,37,8,-1,0,-1,-1,3630,31,7,unknown,APPLE
231.51900000000023,ee:3b:2a:79:09:02,0209792a3bee1eff4c00121910f4a4699d022cb948c0338d6f83154391fcfcc88a49ad01bc,-32334.0,69248.0,-98363.0,89777.0,-149183.0,,0,0,0,0,0,1,1,0,ADV_IND,37,37,11,-1,0,-1,-1,1803,31,7,unknown,APPLE
234.61600000000908,d9:bc:5b:21:62:2d,2d62215bbcd91eff4c001219504548d739dfc7234b4bc9d2c7321b4e0a72d9272958e80002,-21896.0,67521.0,-100600.0,92193.0,-144628.0,,0,0,0,0,0,1,1,0,ADV_IND,37,37,11,-1,0,-1,-1,3390,32,8,unknown,APPLE
235.54899999999907,cc:21:ca:83:4b:14,144b83ca21cc1eff4c0012192a605b24052f5ce6a88b7ab0f4e017a35f8faea0dc092d0387,-18902.0,68155.0,-121679.0,66167.0,-129294.0,,0,0,0,0,0,1,1,0,ADV_IND,37,37,14,-1,0,-1,-1,4443,32,8,unknown,APPLE
237.04400000000896,cd:e0:fa:56:f5:d0,d0f556fae0cd1eff4c00121950c5aad89aee5a4dd76d2ed58ed2767cddec6c667fd82401e1,-43277.0,67528.0,-120828.0,83290.0,-123488.0,,0,0,0,0,0,1,1,0,ADV_IND,37,37,11,-1,0,-1,-1,7513,32,7,unknown,APPLE
237.04400000000896,e4:1a:b5:f0:64:7e,7e64f0b51ae41eff4c001219006d91970299715f683b1cac641f668012dbd2af278b060000,-25257.0,37938.0,-81699.0,34340.0,-141011.0,,0,0,0,0,0,1,1,2,ADV_NONCONN_IND,37,37,9,-1,0,-1,-1,4201,32,8,unknown,APPLE
237.75500000000463,ed:1a:74:63:7f:7a,7a7f63741aed1eff4c001219005413652f18123bd721a7c1453445dc24de129a936d1b0300,-22710.0,70716.0,-96003.0,81565.0,-148380.0,,0,0,0,0,0,1,1,2,ADV_NONCONN_IND,37,37,9,-1,0,-1,-1,5898,32,8,unknown,APPLE
239.2830000000104,7f:cf:e8:47:b1:70,70b147e8cf7f0201021816aafe40b337f97a60db21556e0b13e8ffb8dd5a778ffecc,-21729.0,77457.0,-93463.0,49812.0,-117821.0,,0,0,0,0,0,1,1,0,ADV_IND,34,37,3,-1,0,-1,-1,5978,32,8,unknown,GOOGLE
239.2830000000104,e4:1a:b5:f0:64:7e,7e64f0b51ae41eff4c001219006d91970299715f683b1cac641f668012dbd2af278b060000,-26725.0,59914.0,-115746.0,89658.0,-138309.0,,0,0,0,0,0,1,1,2,ADV_NONCONN_IND,37,37,10,-1,0,-1,-1,1303,32,8,unknown,APPLE
241.29000000000812,7f:cf:e8:47:b1:70,70b147e8cf7f0201021816aafe40b337f97a60db21556e0b13e8ffb8dd5a778ffecc,-23394.0,72863.0,-91292.0,58622.0,-127721.0,,0,0,0,0,0,1,1,0,ADV_IND,34,37,7,-1,0,-1,-1,1399,32,8,unknown,GOOGLE
242.9820000000036,7f:cf:e8:47:b1:70,70b147e8cf7f0201021816aafe40b337f97a60db21556e0b13e8ffb8dd5a778ffecc,-35728.0,80471.0,-81964.0,57394.0,-127461.0,,0,0,0,0,0,1,1,0,ADV_IND,34,37,11,-1,0,-1,-1,7120,32,8,unknown,GOOGLE
243.6580000000104,ec:9e:e1:20:ec:85,85ec20e19eec0201060303aafe1716aafe00deafcd50fadb7502b86f722670000000980000,-15854.0,93000.0,-76277.0,91195.0,-108942.0,,0,0,0,0,0,1,1,2,ADV_NONCONN_IND,37,37,6,-1,0,-1,-1,2418,31,7,unknown,GOOGLE
244.3610000000044,ec:9e:e1:20:ec:85,85ec20e19eec0201060303aafe1716aafe00deafcd50fadb7502b86f722670000000980000,-20447.0,77066.0,-107924.0,77216.0,-127383.0,,0,0,0,0,0,1,1,2,ADV_NONCONN_IND,37,37,0,-1,0,-1,-1,5389,32,7,unknown,GOOGLE
246.323000000004,e4:e0:98:35:3d:ac,ac3d3598e0e41eff4c001219001508e91c900d752fa203ebbec84da5fbc4a18a6942340300,-23852.0,82946.0,-107774.0,96624.0,-131578.0,,0,0,0,0,0,1,1,2,ADV_NONCONN_IND,37,37,14,-1,0,-1,-1,4068,32,7,unknown,APPLE
247.05100000000675,ec:1c:ee:b2:6c:08,086cb2ee1cec1eff4c001219004ea70bc17e938a2efea751cbc79c3d5f06b79a4bc3b50000,-21189.0,84862.0,-116248.0,91038.0,-158198.0,,0,0,0,0,0,1,1,2,ADV_NONCONN_IND,37,37,8,-1,0,-1,-1,3072,30,7,unknown,APPLE
247.05100000000675,7f:cf:e8:47:b1:70,70b147e8cf7f0201021816aafe40b337f97a60db21556e0b13e8ffb8dd5a778ffecc,-23024.0,98745.0,-97512.0,76973.0,-153555.0,,0,0,0,0,0,1,1,0,ADV_IND,34,37,13,-1,0,-1,-1,4877,32,7,unknown,GOOGLE
247.05100000000675,e4:1a:b5:f0:64:7e,7e64f0b51ae41eff4c001219006d91970299715f683b1cac641f668012dbd2af278b060000,-46037.0,46690.0,-89461.0,86151.0,-117568.0,,0,0,0,0,0,1,1,2,ADV_NONCONN_IND,37,37,5,-1,0,-1,-1,984,32,8,unknown,APPLE
248.22900000000664,e4:e0:98:35:3d:ac,ac3d3598e0e41eff4c001219001508e91c900d752fa203ebbec84da5fbc4a18a6942340300,-15835.0,99240.0,-80962.0,94525.0,-139329.0,,0,0,0,0,0,1,1,2,ADV_NONCONN_IND,37,37,5,-1,0,-1,-1,2709,32,8,unknown,APPLE
248.76200000000244,ec:9e:e1:20:ec:85,85ec20e19eec0201060303aafe1716aafe00deafcd50fadb7502b86f722670000000980000,-19220.0,69324.0,-95322.0,79267.0,-139896.0,,0,0,0,0,0,1,1,2,ADV_NONCONN_IND,37,37,7,-1,0,-1,-1,7598,30,8,unknown,GOOGLE
249.26499999999945,7f:cf:e8:47:b1:70,70b147e8cf7f0201021816aafe40b337f97a60db21556e0b13e8ffb8dd5a778ffecc,-23476.0,66483.0,-89005.0,64310.0,-116627.0,,0,0,0,0,0,1,1,0,ADV_IND,34,37,14,-1,0,-1,-1,5794,32,8,unknown,GOOGLE
250.56700000001,ec:9e:e1:20:ec:85,85ec20e19eec0201060303aafe1716aafe00deafcd50fadb7502b86f722670000000980000,-12980.0,68924.0,-86000.0,85987.0,-130880.0,,0,0,0,0,0,1,1,2,ADV_NONCONN_IND,37,37,13,-1,0,-1,-1,2679,32,8,unknown,GOOGLE
250.87300000000687,ec:1c:ee:b2:6c:08,086cb2ee1cec1eff4c001219004ea70bc17e938a2efea751cbc79c3d5f06b79a4bc3b50000,-28619.0,61622.0,-118974.0,89884.0,-151215.0,,0,0,0,0,0,1,1,2,ADV_NONCONN_IND,37,37,13,-1,0,-1,-1,7724,32,7,unknown,APPLE
251.57000000000696,cc:21:ca:83:4b:14,144b83ca21cc1eff4c0012192a605b24052f5ce6a88b7ab0f4e017a35f8faea0dc092d0387,-27586.0,88212.0,-136877.0,85393.0,-134583.0,,0,0,0,0,0,1,1,0,ADV_IND,37,37,10,-1,0,-1,-1,978,32,8,unknown,APPLE
252.3289999999979,e4:e0:98:35:3d:ac,ac3d3598e0e41eff4c001219001508e91c900d752fa203ebbec84da5fbc4a18a6942340300,-16576.0,73917.0,-110664.0,81308.0,-150513.0,,0,0,0,0,0,1,1,2,ADV_NONCONN_IND,37,37,2,-1,0,-1,-1,3406,31,8,unknown,APPLE
253.1770000000106,ec:9e:e1:20:ec:85,85ec20e19eec0201060303aafe1716aafe00deafcd50fadb7502b86f722670000000980000,-19280.0,91152.0,-110582.0,96284.0,-143850.0,,0,0,0,0,0,1,1,2,ADV_NONCONN_IND,37,37,9,-1,0,-1,-1,4138,31,7,unknown,GOOGLE
257.1450000000041,7f:cf:e8:47:b1:70,70b147e8cf7f0201021816aafe40b337f97a60db21556e0b13e8ffb8dd5a778ffecc,-22015.0,84694.0,-95893.0,70454.0,-139028.0,,0,0,0,0,0,1,1,0,ADV_IND,34,37,2,-1,0,-1,-1,6394,32,8,unknown,GOOGLE
257.48099999999977,cc:21:ca:83:4b:14,144b83ca21cc1eff4c0012192a605b24052f5ce6a88b7ab0f4e017a35f8faea0dc092d0387,-31550.0,71336.0,-64380.0,87221.0,-148313.0,,0,0,0,0,0,1,1,0,ADV_IND,37,37,6,-1,0,-1,-1,4098,32,8,unknown,APPLE
260.38200000001234,e4:e0:98:35:3d:ac,ac3d3598e0e41eff4c001219001508e91c900d752fa203ebbec84da5fbc4a18a6942340300,-14449.0,78382.0,-120884.0,107415.0,-163666.0,,0,0,0,0,0,1,1,2,ADV_NONCONN_IND,37,37,0,-1,0,-1,-1,7046,32,7,unknown,APPLE
261.09700000000885,e4:1a:b5:f0:64:7e,7e64f0b51ae41eff4c001219006d91970299715f683b1cac641f668012dbd2af278b060000,-36378.0,24274.0,-82217.0,59635.0,-107451.0,,0,0,0,0,0,1,1,2,ADV_NONCONN_IND,37,37,15,-1,0,-1,-1,3071,32,8,unknown,APPLE
263.1600000000035,e4:1a:b5:f0:64:7e,7e64f0b51ae41eff4c001219006d91970299715f683b1cac641f668012dbd2af278b060000,-42452.0,65123.0,-93549.0,85642.0,-145085.0,,0,0,0,0,0,1,1,2,ADV_NONCONN_IND,37,37,9,-1,0,-1,-1,3939,32,7,unknown,APPLE
263.70000000001164,ec:9e:e1:20:ec:85,85ec20e19eec0201060303aafe1716aafe00deafcd50fadb7502b86f722670000000980000,-14384.0,62798.0,-93061.0,81199.0,-107657.0,,0,0,0,0,0,1,1,2,ADV_NONCONN_IND,37,37,11,-1,0,-1,-1,4115,32,8,unknown,GOOGLE
264.50100000000384,ec:9e:e1:20:ec:85,85ec20e19eec0201060303aafe1716aafe00deafcd50fadb7502b86f722670000000980000,-24578.0,77352.0,-92946.0,57642.0,-118478.0,,0,0,0,0,0,1,1,2,ADV_NONCONN_IND,37,37,11,-1,0,-1,-1,6757,32,8,unknown,GOOGLE
265.2630000000063,7f:cf:e8:47:b1:70,70b147e8cf7f0201021816aafe40b337f97a60db21556e0b13e8ffb8dd5a778ffecc,-14351.0,82229.0,-103257.0,62439.0,-104864.0,,0,0,0,0,0,1,1,0,ADV_IND,34,37,10,-1,0,-1,-1,3010,32,7,unknown,GOOGLE
267.4230000000098,7f:cf:e8:47:b1:70,70b147e8cf7f0201021816aafe40b337f97a60db21556e0b13e8ffb8dd5a778ffecc,-12842.0,91185.0,-75064.0,42364.0,-146237.0,,0,0,0,0,0,1,1,0,ADV_IND,34,37,11,-1,0,-1,-1,1205,32,8,unknown,GOOGLE
268.34700000000885,e4:e0:98:35:3d:ac,ac3d3598e0e41eff4c001219001508e91c900d752fa203ebbec84da5fbc4a18a6942340300,-19198.0,87796.0,-96469.0,103162.0,-116218.0,,0,0,0,0,0,1,1,2,ADV_NONCONN_IND,37,37,15,-1,0,-1,-1,7084,32,8,unknown,APPLE
269.61200000000827,7f:cf:e8:47:b1:70,70b147e8cf7f0201021816aafe40b337f97a60db21556e0b13e8ffb8dd5a778ffecc,-18033.0,94731.0,-101863.0,88227.0,-147918.0,,0,0,0,0,0,1,1,0,ADV_IND,34,37,6,-1,0,-1,-1,7683,32,8,unknown,GOOGLE
270.46600000000035,e4:e0:98:35:3d:ac,ac3d3598e0e41eff4c001219001508e91c900d752fa203ebbec84da5fbc4a18a6942340300,-7281.0,79889.0,-97357.0,84697.0,-138407.0,,0,0,0,0,0,1,1,2,ADV_NONCONN_IND,37,37,12,-1,0,-1,-1,3481,31,8,unknown,APPLE
282.04899999999907,7f:cf:e8:47:b1:70,70b147e8cf7f0201021816aafe40b337f97a60db21556e0b13e8ffb8dd5a778ffecc,-10293.0,74505.0,-96794.0,53115.0,-106743.0,,0,0,0,0,0,1,1,0,ADV_IND,34,37,8,-1,0,-1,-1,2616,32,8,unknown,GOOGLE
283.11500000000524,ec:9e:e1:20:ec:85,85ec20e19eec0201060303aafe1716aafe00deafcd50fadb7502b86f722670000000980000,-18125.0,87771.0,-108953.0,90035.0,-141092.0,,0,0,0,0,0,1,1,2,ADV_NONCONN_IND,37,37,2,-1,0,-1,-1,4861,31,7,unknown,GOOGLE
283.5829999999987,7f:cf:e8:47:b1:70,70b147e8cf7f0201021816aafe40b337f97a60db21556e0b13e8ffb8dd5a778ffecc,-6284.0,74107.0,-91981.0,69372.0,-133546.0,,0,0,0,0,0,1,1,0,ADV_IND,34,37,11,-1,0,-1,-1,3483,32,8,unknown,GOOGLE
285.4880000000121,7f:cf:e8:47:b1:70,70b147e8cf7f0201021816aafe40b337f97a60db21556e0b13e8ffb8dd5a778ffecc,-39357.0,49048.0,-95352.0,69838.0,-105995.0,,0,0,0,0,0,1,1,0,ADV_IND,34,37,11,-1,0,-1,-1,1974,32,8,unknown,GOOGLE
287.8600000000006,7f:cf:e8:47:b1:70,70b147e8cf7f0201021816aafe40b337f97a60db21556e0b13e8ffb8dd5a778ffecc,-17109.0,78234.0,-90376.0,53516.0,-114915.0,,0,0,0,0,0,1,1,0,ADV_IND,34,37,5,-1,0,-1,-1,6769,32,8,unknown,GOOGLE
289.6270000000077,7f:cf:e8:47:b1:70,70b147e8cf7f0201021816aafe40b337f97a60db21556e0b13e8ffb8dd5a778ffecc,-26899.0,87609.0,-100554.0,73837.0,-136885.0,,0,0,0,0,0,1,1,0,ADV_IND,34,37,14,-1,0,-1,-1,1961,32,7,unknown,GOOGLE
291.7140000000072,e4:1a:b5:f0:64:7e,7e64f0b51ae41eff4c001219006d91970299715f683b1cac641f668012dbd2af278b060000,-7624.0,46312.0,-100429.0,89547.0,-141921.0,,0,0,0,0,0,1,1,2,ADV_NONCONN_IND,37,37,14,-1,0,-1,-1,4045,31,8,unknown,APPLE
296.9780000000028,ec:9e:e1:20:ec:85,85ec20e19eec0201060303aafe1716aafe00deafcd50fadb7502b86f722670000000980000,-25839.0,84621.0,-90774.0,84940.0,-132422.0,,0,0,0,0,0,1,1,2,ADV_NONCONN_IND,37,37,10,-1,0,-1,-1,1749,31,8,unknown,GOOGLE
297.7890000000043,ec:9e:e1:20:ec:85,85ec20e19eec0201060303aafe1716aafe00deafcd50fadb7502b86f722670000000980000,1295.0,43201.0,-97901.0,68670.0,-136816.0,,0,0,0,0,0,1,1,2,ADV_NONCONN_IND,37,37,13,-1,0,-1,-1,5415,32,8,unknown,GOOGLE
297.7890000000043,7f:cf:e8:47:b1:70,70b147e8cf7f0201021816aafe40b337f97a60db21556e0b13e8ffb8dd5a778ffecc,-36187.0,74148.0,-94190.0,79632.0,-128033.0,,0,0,0,0,0,1,1,0,ADV_IND,34,37,9,-1,0,-1,-1,4645,32,8,unknown,GOOGLE
300.07500000001164,7f:cf:e8:47:b1:70,70b147e8cf7f0201021816aafe40b337f97a60db21556e0b13e8ffb8dd5a778ffecc,-35097.0,75021.0,-88883.0,60803.0,-137435.0,,0,0,0,0,0,1,1,0,ADV_IND,34,37,6,-1,0,-1,-1,8039,32,8,unknown,GOOGLE
300.3090000000084,ec:9e:e1:20:ec:85,85ec20e19eec0201060303aafe1716aafe00deafcd50fadb7502b86f722670000000980000,-21569.0,63123.0,-101832.0,70090.0,-127597.0,,0,0,0,0,0,1,1,2,ADV_NONCONN_IND,37,37,12,-1,0,-1,-1,2214,31,8,unknown,GOOGLE
302.1310000000085,7f:cf:e8:47:b1:70,70b147e8cf7f0201021816aafe40b337f97a60db21556e0b13e8ffb8dd5a778ffecc,-21311.0,89694.0,-99215.0,65324.0,-152808.0,,0,0,0,0,0,1,1,0,ADV_IND,34,37,1,-1,0,-1,-1,4781,32,8,unknown,GOOGLE
308.0280000000057,7f:cf:e8:47:b1:70,70b147e8cf7f0201021816aafe40b337f97a60db21556e0b13e8ffb8dd5a778ffecc,-28597.0,81752.0,-82756.0,65835.0,-128854.0,,0,0,0,0,0,1,1,0,ADV_IND,34,37,14,-1,0,-1,-1,6566,32,8,unknown,GOOGLE
308.3709999999992,e4:e0:98:35:3d:ac,ac3d3598e0e41eff4c001219001508e91c900d752fa203ebbec84da5fbc4a18a6942340300,-24686.0,74391.0,-96875.0,50098.0,-129443.0,,0,0,0,0,0,1,1,2,ADV_NONCONN_IND,37,37,5,-1,0,-1,-1,4677,31,8,unknown,APPLE
315.2390000000014,e4:1a:b5:f0:64:7e,7e64f0b51ae41eff4c001219006d91970299715f683b1cac641f668012dbd2af278b060000,-31124.0,46775.0,-103063.0,66960.0,-132228.0,,0,0,0,0,0,1,1,2,ADV_NONCONN_IND,37,37,2,-1,0,-1,-1,2948,32,8,unknown,APPLE
317.070000000007,ec:1c:ee:b2:6c:08,086cb2ee1cec1eff4c001219004ea70bc17e938a2efea751cbc79c3d5f06b79a4bc3b50000,-13163.0,90280.0,-55640.0,95720.0,-131486.0,,0,0,0,0,0,1,1,2,ADV_NONCONN_IND,37,37,10,-1,0,-1,-1,2231,32,8,unknown,APPLE
317.9340000000084,7f:cf:e8:47:b1:70,70b147e8cf7f0201021816aafe40b337f97a60db21556e0b13e8ffb8dd5a778ffecc,-26546.0,61218.0,-96976.0,70863.0,-105410.0,,0,0,0,0,0,1,1,0,ADV_IND,34,37,1,-1,0,-1,-1,2756,32,8,unknown,GOOGLE
319.17200000000594,ec:1c:ee:b2:6c:08,086cb2ee1cec1eff4c001219004ea70bc17e938a2efea751cbc79c3d5f06b79a4bc3b50000,-67651.0,56739.0,-108647.0,54425.0,-146693.0,,0,0,0,0,0,1,1,2,ADV_NONCONN_IND,37,37,8,-1,0,-1,-1,1527,32,8,unknown,APPLE
319.17200000000594,e4:1a:b5:f0:64:7e,7e64f0b51ae41eff4c001219006d91970299715f683b1cac641f668012dbd2af278b060000,-32346.0,55183.0,-115413.0,85063.0,-142824.0,,0,0,0,0,0,1,1,2,ADV_NONCONN_IND,37,37,0,-1,0,-1,-1,3229,30,8,unknown,APPLE
320.3220000000001,7f:cf:e8:47:b1:70,70b147e8cf7f0201021816aafe40b337f97a60db21556e0b13e8ffb8dd5a778ffecc,-13520.0,66535.0,-96065.0,75537.0,-130381.0,,0,0,0,0,0,1,1,0,ADV_IND,34,37,12,-1,0,-1,-1,2807,32,8,unknown,GOOGLE
322.02200000001176,7f:cf:e8:47:b1:70,70b147e8cf7f0201021816aafe40b337f97a60db21556e0b13e8ffb8dd5a778ffecc,-48257.0,83862.0,-92231.0,53599.0,-122825.0,,0,0,0,0,0,1,1,0,ADV_IND,34,37,0,-1,0,-1,-1,1265,32,8,unknown,GOOGLE
323.21500000001106,ec:1c:ee:b2:6c:08,086cb2ee1cec1eff4c001219004ea70bc17e938a2efea751cbc79c3d5f06b79a4bc3b50000,-33363.0,69912.0,-91974.0,76134.0,-137195.0,,0,0,0,0,0,1,1,2,ADV_NONCONN_IND,37,37,9,-1,0,-1,-1,3927,32,8,unknown,APPLE
323.21500000001106,e4:1a:b5:f0:64:7e,7e64f0b51ae41eff4c001219006d91970299715f683b1cac641f668012dbd2af278b060000,-34020.0,32582.0,-114393.0,85193.0,-145699.0,,0,0,0,0,0,1,1,2,ADV_NONCONN_IND,37,37,8,-1,0,-1,-1,5155,32,8,unknown,APPLE
324.4560000000056,7f:cf:e8:47:b1:70,70b147e8cf7f0201021816aafe40b337f97a60db21556e0b13e8ffb8dd5a778ffecc,-33748.0,76820.0,-83795.0,65190.0,-140794.0,,0,0,0,0,0,1,1,0,ADV_IND,34,37,0,-1,0,-1,-1,4817,32,8,unknown,GOOGLE
325.195000000007,ec:1c:ee:b2:6c:08,086cb2ee1cec1eff4c001219004ea70bc17e938a2efea751cbc79c3d5f06b79a4bc3b50000,-29981.0,61018.0,-114793.0,84518.0,-139632.0,,0,0,0,0,0,1,1,2,ADV_NONCONN_IND,37,37,8,-1,0,-1,-1,4621,32,8,unknown,APPLE
325.44200000001,e4:1a:b5:f0:64:7e,7e64f0b51ae41eff4c001219006d91970299715f683b1cac641f668012dbd2af278b060000,-28541.0,30790.0,-93131.0,52981.0,-127536.0,,0,0,0,0,0,1,1,2,ADV_NONCONN_IND,37,37,7,-1,0,-1,-1,7194,32,8,unknown,APPLE
326.63700000000244,d9:bc:5b:21:62:2d,2d62215bbcd91eff4c001219504548d739dfc7234b4bc9d2c7321b4e0a72d9272958e80002,-15231.0,71278.0,-93866.0,76106.0,-126446.0,,0,0,0,0,0,1,1,0,ADV_IND,37,37,14,-1,0,-1,-1,2920,31,8,unknown,APPLE
326.90899999999965,ec:1c:ee:b2:6c:08,086cb2ee1cec1eff4c001219004ea70bc17e938a2efea751cbc79c3d5f06b79a4bc3b50000,-37968.0,43555.0,-104675.0,66108.0,-103923.0,,0,0,0,0,0,1,1,2,ADV_NONCONN_IND,37,37,4,-1,0,-1,-1,1702,32,8,unknown,APPLE
328.33200000000943,7f:cf:e8:47:b1:70,70b147e8cf7f0201021816aafe40b337f97a60db21556e0b13e8ffb8dd5a778ffecc,-29685.0,89664.0,-92461.0,61712.0,-135861.0,,0,0,0,0,0,1,1,0,ADV_IND,34,37,4,-1,0,-1,-1,5436,32,8,unknown,GOOGLE
328.75100000000384,d9:bc:5b:21:62:2d,2d62215bbcd91eff4c001219504548d739dfc7234b4bc9d2c7321b4e0a72d9272958e80002,-22471.0,57297.0,-97700.0,93001.0,-147962.0,,0,0,0,0,0,1,1,0,ADV_IND,37,37,9,-1,0,-1,-1,1369,32,8,unknown,APPLE
329.0170000000071,ec:1c:ee:b2:6c:08,086cb2ee1cec1eff4c001219004ea70bc17e938a2efea751cbc79c3d5f06b79a4bc3b50000,-55452.0,59524.0,-100133.0,104396.0,-130866.0,,0,0,0,0,0,1,1,2,ADV_NONCONN_IND,37,37,7,-1,0,-1,-1,1645,32,8,unknown,APPLE
330.0540000000037,ce:e3:6f:6c:7a:30,307a6c6fe3ce1eff4c00121900e49f8882eece3835f77e7d1b9bff8e58b039723338bf0100,-50223.0,106832.0,-101608.0,54776.0,-165994.0,,0,0,0,0,0,1,1,2,ADV_NONCONN_IND,37,37,0,-1,0,-1,-1,2572,31,7,unknown,APPLE
330.5890000000072,7f:cf:e8:47:b1:70,70b147e8cf7f0201021816aafe40b337f97a60db21556e0b13e8ffb8dd5a778ffecc,-26502.0,103394.0,-104250.0,82258.0,-153510.0,,0,0,0,0,0,1,1,0,ADV_IND,34,37,14,-1,0,-1,-1,4792,31,7,unknown,GOOGLE
331.625,e4:1a:b5:f0:64:7e,7e64f0b51ae41eff4c001219006d91970299715f683b1cac641f668012dbd2af278b060000,-17472.0,40815.0,-103607.0,65537.0,-141062.0,,0,0,0,0,0,1,1,2,ADV_NONCONN_IND,37,37,12,-1,0,-1,-1,7740,32,8,unknown,APPLE
333.346000000005,ec:1c:ee:b2:6c:08,086cb2ee1cec1eff4c001219004ea70bc17e938a2efea751cbc79c3d5f06b79a4bc3b50000,-40750.0,69543.0,-98943.0,88730.0,-146473.0,,0,0,0,0,0,1,1,2,ADV_NONCONN_IND,37,37,4,-1,0,-1,-1,7811,31,8,unknown,APPLE
333.346000000005,e4:1a:b5:f0:64:7e,7e64f0b51ae41eff4c001219006d91970299715f683b1cac641f668012dbd2af278b060000,-43232.0,31392.0,-77996.0,45025.0,-124860.0,,0,0,0,0,0,1,1,2,ADV_NONCONN_IND,37,37,7,-1,0,-1,-1,6119,32,8,unknown,APPLE
335.4750000000058,e4:1a:b5:f0:64:7e,7e64f0b51ae41eff4c001219006d91970299715f683b1cac641f668012dbd2af278b060000,-22755.0,40751.0,-96173.0,69950.0,-142533.0,,0,0,0,0,0,1,1,2,ADV_NONCONN_IND,37,37,2,-1,0,-1,-1,2418,32,8,unknown,APPLE
336.38200000001234,7f:cf:e8:47:b1:70,70b147e8cf7f0201021816aafe40b337f97a60db21556e0b13e8ffb8dd5a778ffecc,-28340.0,66578.0,-92184.0,71424.0,-119493.0,,0,0,0,0,0,1,1,0,ADV_IND,34,37,3,-1,0,-1,-1,7978,32,8,unknown,GOOGLE
338.3179999999993,7f:cf:e8:47:b1:70,70b147e8cf7f0201021816aafe40b337f97a60db21556e0b13e8ffb8dd5a778ffecc,-34505.0,69883.0,-90144.0,66546.0,-120628.0,,0,0,0,0,0,1,1,0,ADV_IND,34,37,13,-1,0,-1,-1,5516,32,8,unknown,GOOGLE
339.95500000000175,ee:3b:2a:79:09:02,0209792a3bee1eff4c00121910f4a4699d022cb948c0338d6f83154391fcfcc88a49ad01bc,-56446.0,75152.0,-104797.0,79909.0,-133595.0,,0,0,0,0,0,1,1,0,ADV_IND,37,37,7,-1,0,-1,-1,2997,31,7,unknown,APPLE
340.6310000000085,7f:cf:e8:47:b1:70,70b147e8cf7f0201021816aafe40b337f97a60db21556e0b13e8ffb8dd5a778ffecc,-28908.0,74993.0,-105754.0,87502.0,-147176.0,,0,0,0,0,0,1,1,0,ADV_IND,34,37,15,-1,0,-1,-1,2180,32,8,unknown,GOOGLE
341.34300000000803,ec:1c:ee:b2:6c:08,086cb2ee1cec1eff4c001219004ea70bc17e938a2efea751cbc79c3d5f06b79a4bc3b50000,-36081.0,79509.0,-109219.0,88309.0,-136831.0,,0,0,0,0,0,1,1,2,ADV_NONCONN_IND,37,37,9,-1,0,-1,-1,5843,32,8,unknown,APPLE
341.34300000000803,e4:1a:b5:f0:64:7e,7e64f0b51ae41eff4c001219006d91970299715f683b1cac641f668012dbd2af278b060000,-53726.0,42523.0,-93383.0,54935.0,-116745.0,,0,0,0,0,0,1,1,2,ADV_NONCONN_IND,37,37,0,-1,0,-1,-1,7448,32,8,unknown,APPLE
342.3289999999979,ed:1a:74:63:7f:7a,7a7f63741aed1eff4c001219005413652f18123bd721a7c1453445dc24de129a936d1b0300,-40176.0,62024.0,-102396.0,60457.0,-136671.0,,0,0,0,0,0,1,1,2,ADV_NONCONN_IND,37,37,10,-1,0,-1,-1,3926,31,7,unknown,APPLE
342.59100000000035,7f:cf:e8:47:b1:70,70b147e8cf7f0201021816aafe40b337f97a60db21556e0b13e8ffb8dd5a778ffecc,-15885.0,88444.0,-99514.0,73790.0,-136802.0,,0,0,0,0,0,1,1,0,ADV_IND,34,37,11,-1,0,-1,-1,1275,32,8,unknown,GOOGLE
344.48700000000827,e4:e0:98:35:3d:ac,ac3d3598e0e41eff4c001219001508e91c900d752fa203ebbec84da5fbc4a18a6942340300,-3412.0,74368.0,-113328.0,77666.0,-152735.0,,0,0,0,0,0,1,1,2,ADV_NONCONN_IND,37,37,10,-1,0,-1,-1,7052,32,8,unknown,APPLE
345.6130000000121,e4:1a:b5:f0:64:7e,7e64f0b51ae41eff4c001219006d91970299715f683b1cac641f668012dbd2af278b060000,-32607.0,31493.0,-100896.0,75199.0,-123755.0,,0,0,0,0,0,1,1,2,ADV_NONCONN_IND,37,37,7,-1,0,-1,-1,1954,32,8,unknown,APPLE
348.5630000000092,7f:cf:e8:47:b1:70,70b147e8cf7f0201021816aafe40b337f97a60db21556e0b13e8ffb8dd5a778ffecc,-21912.0,73193.0,-109800.0,84071.0,-132708.0,,0,0,0,0,0,1,1,0,ADV_IND,34,37,8,-1,0,-1,-1,3475,32,8,unknown,GOOGLE
349.22200000000885,ec:1c:ee:b2:6c:08,086cb2ee1cec1eff4c001219004ea70bc17e938a2efea751cbc79c3d5f06b79a4bc3b50000,-32253.0,71181.0,-111937.0,81821.0,-146031.0,,0,0,0,0,0,1,1,2,ADV_NONCONN_IND,37,37,13,-1,0,-1,-1,5714,32,8,unknown,APPLE
350.61200000000827,d9:bc:5b:21:62:2d,2d62215bbcd91eff4c001219504548d739dfc7234b4bc9d2c7321b4e0a72d9272958e80002,-21637.0,92244.0,-85652.0,73351.0,-160031.0,,0,0,0,0,0,1,1,0,ADV_IND,37,37,5,-1,0,-1,-1,3858,32,8,unknown,APPLE
352.62300000000687,7f:cf:e8:47:b1:70,70b147e8cf7f0201021816aafe40b337f97a60db21556e0b13e8ffb8dd5a778ffecc,-10255.0,76628.0,-98048.0,75521.0,-132975.0,,0,0,0,0,0,1,1,0,ADV_IND,34,37,8,-1,0,-1,-1,7998,32,8,unknown,GOOGLE
355.85100000000966,ec:9e:e1:20:ec:85,85ec20e19eec0201060303aafe1716aafe00deafcd50fadb7502b86f722670000000980000,-15856.0,55771.0,-100548.0,90165.0,-99417.0,,0,0,0,0,0,1,1,2,ADV_NONCONN_IND,37,37,8,-1,0,-1,-1,5667,31,7,unknown,GOOGLE
358.8179999999993,f6:70:e0:55:6a:e4,e46a55e070f61eff4c001219d04c8fcc8d67adc512aa7eb27483eb50964e55f08912ea0379,-33379.0,64848.0,-101671.0,86553.0,-133461.0,,0,0,0,0,0,1,1,0,ADV_IND,37,37,1,-1,0,-1,-1,6048,31,8,unknown,APPLE
359.60599999999977,e4:1a:b5:f0:64:7e,7e64f0b51ae41eff4c001219006d91970299715f683b1cac641f668012dbd2af278b060000,-25836.0,51465.0,-93317.0,90801.0,-137216.0,,0,0,0,0,0,1,1,2,ADV_NONCONN_IND,37,37,13,-1,0,-1,-1,6678,32,8,unknown,APPLE
363.28800000000047,e4:1a:b5:f0:64:7e,7e64f0b51ae41eff4c001219006d91970299715f683b1cac641f668012dbd2af278b060000,-35423.0,45203.0,-84961.0,65892.0,-135917.0,,0,0,0,0,0,1,1,2,ADV_NONCONN_IND,37,37,15,-1,0,-1,-1,5948,32,8,unknown,APPLE
367.122000000003,7f:cf:e8:47:b1:70,70b147e8cf7f0201021816aafe40b337f97a60db21556e0b13e8ffb8dd5a778ffecc,-22414.0,88681.0,-93301.0,73502.0,-142544.0,,0,0,0,0,0,1,1,0,ADV_IND,34,37,15,-1,0,-1,-1,3643,32,8,unknown,GOOGLE
367.3810000000085,e4:1a:b5:f0:64:7e,7e64f0b51ae41eff4c001219006d91970299715f683b1cac641f668012dbd2af278b060000,-42266.0,32120.0,-77740.0,37812.0,-132291.0,,0,0,0,0,0,1,1,2,ADV_NONCONN_IND,37,37,1,-1,0,-1,-1,6729,32,8,unknown,APPLE
369.1000000000058,ec:1c:ee:b2:6c:08,086cb2ee1cec1eff4c001219004ea70bc17e938a2efea751cbc79c3d5f06b79a4bc3b50000,-53085.0,50404.0,-111951.0,81534.0,-145518.0,,0,0,0,0,0,1,1,2,ADV_NONCONN_IND,37,37,7,-1,0,-1,-1,5157,32,8,unknown,APPLE
369.6050000000105,e4:1a:b5:f0:64:7e,7e64f0b51ae41eff4c001219006d91970299715f683b1cac641f668012dbd2af278b060000,-29705.0,47076.0,-87866.0,61046.0,-140941.0,,0,0,0,0,0,1,1,2,ADV_NONCONN_IND,37,37,5,-1,0,-1,-1,5959,32,8,unknown,APPLE
371.0420000000013,7f:cf:e8:47:b1:70,70b147e8cf7f0201021816aafe40b337f97a60db21556e0b13e8ffb8dd5a778ffecc,-30965.0,73156.0,-85974.0,60853.0,-123752.0,,0,0,0,0,0,1,1,0,ADV_IND,34,37,6,-1,0,-1,-1,4693,32,8,unknown,GOOGLE
371.2920000000013,e4:1a:b5:f0:64:7e,7e64f0b51ae41eff4c001219006d91970299715f683b1cac641f668012dbd2af278b060000,-32367.0,48881.0,-99958.0,59770.0,-141986.0,,0,0,0,0,0,1,1,2,ADV_NONCONN_IND,37,37,9,-1,0,-1,-1,4194,32,8,unknown,APPLE
372.0920000000042,ce:e3:6f:6c:7a:30,307a6c6fe3ce1eff4c00121900e49f8882eece3835f77e7d1b9bff8e58b039723338bf0100,-48940.0,91543.0,-115198.0,97464.0,-151052.0,,0,0,0,0,0,1,1,2,ADV_NONCONN_IND,37,37,15,-1,0,-1,-1,1762,31,7,unknown,APPLE
372.698000000004,d9:bc:5b:21:62:2d,2d62215bbcd91eff4c001219504548d739dfc7234b4bc9d2c7321b4e0a72d9272958e80002,-22169.0,58716.0,-115640.0,71336.0,-128366.0,,0,0,0,0,0,1,1,0,ADV_IND,37,37,11,-1,0,-1,-1,6147,31,8,unknown,APPLE
375.7490000000107,e4:1a:b5:f0:64:7e,7e64f0b51ae41eff4c001219006d91970299715f683b1cac641f668012dbd2af278b060000,-36565.0,34365.0,-93285.0,72769.0,-114749.0,,0,0,0,0,0,1,1,2,ADV_NONCONN_IND,37,37,14,-1,0,-1,-1,3280,32,8,unknown,APPLE
376.69100000000617,f6:70:e0:55:6a:e4,e46a55e070f61eff4c001219d04c8fcc8d67adc512aa7eb27483eb50964e55f08912ea0379,-13725.0,48507.0,-99862.0,83487.0,-131114.0,,0,0,0,0,0,1,1,0,ADV_IND,37,37,14,-1,0,-1,-1,4915,32,8,unknown,APPLE
377.1490000000049,7f:cf:e8:47:b1:70,70b147e8cf7f0201021816aafe40b337f97a60db21556e0b13e8ffb8dd5a778ffecc,-37705.0,76659.0,-91884.0,74730.0,-139232.0,,0,0,0,0,0,1,1,0,ADV_IND,34,37,6,-1,0,-1,-1,3764,31,7,unknown,GOOGLE
377.843000000008,e4:1a:b5:f0:64:7e,7e64f0b51ae41eff4c001219006d91970299715f683b1cac641f668012dbd2af278b060000,-25517.0,46350.0,-87235.0,60895.0,-147517.0,,0,0,0,0,0,1,1,2,ADV_NONCONN_IND,37,37,14,-1,0,-1,-1,1750,32,8,unknown,APPLE
378.6600000000035,f6:70:e0:55:6a:e4,e46a55e070f61eff4c001219d04c8fcc8d67adc512aa7eb27483eb50964e55f08912ea0379,-33276.0,69406.0,-95169.0,75983.0,-144080.0,,0,0,0,0,0,1,1,0,ADV_IND,37,37,10,-1,0,-1,-1,4145,32,8,unknown,APPLE
379.40000000000873,e4:1a:b5:f0:64:7e,7e64f0b51ae41eff4c001219006d91970299715f683b1cac641f668012dbd2af278b060000,-36756.0,36240.0,-92126.0,60066.0,-112977.0,,0,0,0,0,0,1,1,2,ADV_NONCONN_IND,37,37,0,-1,0,-1,-1,2953,32,8,unknown,APPLE
379.79000000000815,ee:3b:2a:79:09:02,0209792a3bee1eff4c00121910f4a4699d022cb948c0338d6f83154391fcfcc88a49ad01bc,-7761.0,82498.0,-132169.0,79320.0,-153760.0,,0,0,0,0,0,1,1,0,ADV_IND,37,37,4,-1,0,-1,-1,5454,30,7,unknown,APPLE
380.099000000002,da:56:b0:16:4e:14,144e16b056da1eff4c0012191037096813bc89f303292ca231399084c2b1363d3753f20201,-25475.0,67167.0,-90627.0,86498.0,-138884.0,,0,0,0,0,0,1,1,0,ADV_IND,37,37,0,-1,0,-1,-1,1738,32,8,unknown,APPLE
381.2450000000099,ec:1c:ee:b2:6c:08,086cb2ee1cec1eff4c001219004ea70bc17e938a2efea751cbc79c3d5f06b79a4bc3b50000,-35148.0,61440.0,-95776.0,65100.0,-141591.0,,0,0,0,0,0,1,1,2,ADV_NONCONN_IND,37,37,1,-1,0,-1,-1,2742,32,8,unknown,APPLE
382.95500000000175,7f:cf:e8:47:b1:70,70b147e8cf7f0201021816aafe40b337f97a60db21556e0b13e8ffb8dd5a778ffecc,-25367.0,59324.0,-86588.0,62878.0,-114284.0,,0,0,0,0,0,1,1,0,ADV_IND,34,37,9,-1,0,-1,-1,4246,32,7,unknown,GOOGLE
385.221000000005,7f:cf:e8:47:b1:70,70b147e8cf7f0201021816aafe40b337f97a60db21556e0b13e8ffb8dd5a778ffecc,-22832.0,77614.0,-89731.0,53479.0,-116554.0,,0,0,0,0,0,1,1,0,ADV_IND,34,37,6,-1,0,-1,-1,5763,31,7,unknown,GOOGLE
385.48700000000827,e4:1a:b5:f0:64:7e,7e64f0b51ae41eff4c001219006d91970299715f683b1cac641f668012dbd2af278b060000,-32606.0,36651.0,-94089.0,59643.0,-138988.0,,0,0,0,0,0,1,1,2,ADV_NONCONN_IND,37,37,13,-1,0,-1,-1,3280,32,8,unknown,APPLE
387.3060000000114,ec:1c:ee:b2:6c:08,086cb2ee1cec1eff4c001219004ea70bc17e938a2efea751cbc79c3d5f06b79a4bc3b50000,-38222.0,61015.0,-103410.0,75555.0,-130574.0,,0,0,0,0,0,1,1,2,ADV_NONCONN_IND,37,37,13,-1,0,-1,-1,5704,32,8,unknown,APPLE
389.1620000000112,7f:cf:e8:47:b1:70,70b147e8cf7f0201021816aafe40b337f97a60db21556e0b13e8ffb8dd5a778ffecc,-30077.0,75964.0,-107332.0,94163.0,-144259.0,,0,0,0,0,0,1,1,0,ADV_IND,34,37,5,-1,0,-1,-1,6868,32,8,unknown,GOOGLE
391.5510000000068,ec:1c:ee:b2:6c:08,086cb2ee1cec1eff4c001219004ea70bc17e938a2efea751cbc79c3d5f06b79a4bc3b50000,-32585.0,95456.0,-105261.0,90585.0,-147165.0,,0,0,0,0,0,1,1,2,ADV_NONCONN_IND,37,37,10,-1,0,-1,-1,6950,32,8,unknown,APPLE
393.0510000000068,7f:cf:e8:47:b1:70,70b147e8cf7f0201021816aafe40b337f97a60db21556e0b13e8ffb8dd5a778ffecc,-17231.0,66887.0,-104285.0,67046.0,-103053.0,,0,0,0,0,0,1,1,0,ADV_IND,34,37,15,-1,0,-1,-1,6850,32,8,unknown,GOOGLE
393.44100000000617,e4:1a:b5:f0:64:7e,7e64f0b51ae41eff4c001219006d91970299715f683b1cac641f668012dbd2af278b060000,-29946.0,33547.0,-92315.0,51554.0,-123779.0,,0,0,0,0,0,1,1,2,ADV_NONCONN_IND,37,37,4,-1,0,-1,-1,6133,31,7,unknown,APPLE
395.2930000000051,ec:1c:ee:b2:6c:08,086cb2ee1cec1eff4c001219004ea70bc17e938a2efea751cbc79c3d5f06b79a4bc3b50000,-34048.0,67164.0,-95126.0,89156.0,-129466.0,,0,0,0,0,0,1,1,2,ADV_NONCONN_IND,37,37,5,-1,0,-1,-1,2259,32,8,unknown,APPLE
396.6490000000049,e4:e0:98:35:3d:ac,ac3d3598e0e41eff4c001219001508e91c900d752fa203ebbec84da5fbc4a18a6942340300,-31899.0,78078.0,-101669.0,76225.0,-140382.0,,0,0,0,0,0,1,1,2,ADV_NONCONN_IND,37,37,2,-1,0,-1,-1,4433,32,8,unknown,APPLE
399.2390000000014,7f:cf:e8:47:b1:70,70b147e8cf7f0201021816aafe40b337f97a60db21556e0b13e8ffb8dd5a778ffecc,-40734.0,95860.0,-112904.0,74157.0,-142954.0,,0,0,0,0,0,1,1,0,ADV_IND,34,37,8,-1,0,-1,-1,1581,31,8,unknown,GOOGLE
401.4140000000043,7f:cf:e8:47:b1:70,70b147e8cf7f0201021816aafe40b337f97a60db21556e0b13e8ffb8dd5a778ffecc,-22352.0,69353.0,-93408.0,64603.0,-115917.0,,0,0,0,0,0,1,1,0,ADV_IND,34,37,7,-1,0,-1,-1,3137,31,8,unknown,GOOGLE
401.4140000000043,e4:1a:b5:f0:64:7e,7e64f0b51ae41eff4c001219006d91970299715f683b1cac641f668012dbd2af278b060000,-45651.0,48165.0,-99637.0,70860.0,-125435.0,,0,0,0,0,0,1,1,2,ADV_NONCONN_IND,37,37,3,-1,0,-1,-1,1616,32,8,unknown,APPLE
404.9140000000043,d9:bc:5b:21:62:2d,2d62215bbcd91eff4c001219504548d739dfc7234b4bc9d2c7321b4e0a72d9272958e80002,-12279.0,73719.0,-106190.0,78696.0,-150356.0,,0,0,0,0,0,1,1,0,ADV_IND,37,37,15,-1,0,-1,-1,1954,30,8,unknown,APPLE
405.2160000000004,ec:1c:ee:b2:6c:08,086cb2ee1cec1eff4c001219004ea70bc17e938a2efea751cbc79c3d5f06b79a4bc3b50000,-44424.0,28293.0,-118284.0,75180.0,-135784.0,,0,0,0,0,0,1,1,2,ADV_NONCONN_IND,37,37,2,-1,0,-1,-1,5242,32,8,unknown,APPLE
405.2160000000004,7f:cf:e8:47:b1:70,70b147e8cf7f0201021816aafe40b337f97a60db21556e0b13e8ffb8dd5a778ffecc,-38013.0,99875.0,-90556.0,64398.0,-154740.0,,0,0,0,0,0,1,1,0,ADV_IND,34,37,13,-1,0,-1,-1,2368,32,8,unknown,GOOGLE
405.72600000000966,e4:1a:b5:f0:64:7e,7e64f0b51ae41eff4c001219006d91970299715f683b1cac641f668012dbd2af278b060000,-32019.0,39133.0,-87776.0,63594.0,-148004.0,,0,0,0,0,0,1,1,2,ADV_NONCONN_IND,37,37,7,-1,0,-1,-1,6105,32,8,unknown,APPLE
407.3110000000015,7f:cf:e8:47:b1:70,70b147e8cf7f0201021816aafe40b337f97a60db21556e0b13e8ffb8dd5a778ffecc,0.0,75905.0,-89095.0,68384.0,-128878.0,,0,0,0,0,0,1,1,0,ADV_IND,34,37,11,-1,0,-1,-1,1579,32,8,unknown,GOOGLE
412.0880000000034,da:56:b0:16:4e:14,144e16b056da1eff4c0012191037096813bc89f303292ca231399084c2b1363d3753f20201,-42331.0,74737.0,-94783.0,53380.0,-136764.0,,0,0,0,0,0,1,1,0,ADV_IND,37,37,14,-1,0,-1,-1,4299,32,8,unknown,APPLE
413.6860000000015,e4:1a:b5:f0:64:7e,7e64f0b51ae41eff4c001219006d91970299715f683b1cac641f668012dbd2af278b060000,-37755.0,57073.0,-101999.0,68716.0,-142284.0,,0,0,0,0,0,1,1,2,ADV_NONCONN_IND,37,37,0,-1,0,-1,-1,2855,31,8,unknown,APPLE
415.6140000000014,7f:cf:e8:47:b1:70,70b147e8cf7f0201021816aafe40b337f97a60db21556e0b13e8ffb8dd5a778ffecc,-13586.0,69383.0,-93083.0,64535.0,-133162.0,,0,0,0,0,0,1,1,0,ADV_IND,34,37,14,-1,0,-1,-1,7638,32,8,unknown,GOOGLE
417.65200000000186,ec:1c:ee:b2:6c:08,086cb2ee1cec1eff4c001219004ea70bc17e938a2efea751cbc79c3d5f06b79a4bc3b50000,-27334.0,57703.0,-126096.0,87795.0,-141313.0,,0,0,0,0,0,1,1,2,ADV_NONCONN_IND,37,37,14,-1,0,-1,-1,5836,32,7,unknown,APPLE
417.65200000000186,7f:cf:e8:47:b1:70,70b147e8cf7f0201021816aafe40b337f97a60db21556e0b13e8ffb8dd5a778ffecc,-7498.0,95076.0,-98325.0,65851.0,-149358.0,,0,0,0,0,0,1,1,0,ADV_IND,34,37,13,-1,0,-1,-1,5593,31,8,unknown,GOOGLE
418.1460000000079,d6:7e:b9:4a:46:5f,5f464ab97ed61eff4c00121900923bedf51c910d1d694fd87bc515af1e58bae609dafb0300,-25629.0,78582.0,-94733.0,89918.0,-117007.0,,0,0,0,0,0,1,1,2,ADV_NONCONN_IND,37,37,0,-1,0,-1,-1,1022,32,8,unknown,APPLE
420.99800000000687,d9:bc:5b:21:62:2d,2d62215bbcd91eff4c001219504548d739dfc7234b4bc9d2c7321b4e0a72d9272958e80002,-45827.0,60578.0,-111012.0,99350.0,-134580.0,,0,0,0,0,0,1,1,0,ADV_IND,37,37,0,-1,0,-1,-1,5209,31,8,unknown,APPLE
421.2799999999989,ec:1c:ee:b2:6c:08,086cb2ee1cec1eff4c001219004ea70bc17e938a2efea751cbc79c3d5f06b79a4bc3b50000,-50583.0,101815.0,-108165.0,91803.0,-144940.0,,0,0,0,0,0,1,1,2,ADV_NONCONN_IND,37,37,8,-1,0,-1,-1,1888,30,8,unknown,APPLE
421.77300000000105,e4:1a:b5:f0:64:7e,7e64f0b51ae41eff4c001219006d91970299715f683b1cac641f668012dbd2af278b060000,-55873.0,34408.0,-96651.0,47916.0,-121087.0,,0,0,0,0,0,1,1,2,ADV_NONCONN_IND,37,37,6,-1,0,-1,-1,3866,32,8,unknown,APPLE
423.4470000000001,ec:1c:ee:b2:6c:08,086cb2ee1cec1eff4c001219004ea70bc17e938a2efea751cbc79c3d5f06b79a4bc3b50000,-33731.0,70309.0,-94505.0,77432.0,-148365.0,,0,0,0,0,0,1,1,2,ADV_NONCONN_IND,37,37,3,-1,0,-1,-1,4397,32,8,unknown,APPLE
423.7280000000028,7f:cf:e8:47:b1:70,70b147e8cf7f0201021816aafe40b337f97a60db21556e0b13e8ffb8dd5a778ffecc,-18456.0,65441.0,-86866.0,59432.0,-108272.0,,0,0,0,0,0,1,1,0,ADV_IND,34,37,11,-1,0,-1,-1,7592,32,8,unknown,GOOGLE
425.67200000000594,7f:cf:e8:47:b1:70,70b147e8cf7f0201021816aafe40b337f97a60db21556e0b13e8ffb8dd5a778ffecc,-27568.0,62258.0,-101313.0,76780.0,-113254.0,,0,0,0,0,0,1,1,0,ADV_IND,34,37,6,-1,0,-1,-1,1104,32,8,unknown,GOOGLE
426.747000000003,d9:bc:5b:21:62:2d,2d62215bbcd91eff4c001219504548d739dfc7234b4bc9d2c7321b4e0a72d9272958e80002,-26280.0,81506.0,-119863.0,91828.0,-139704.0,,0,0,0,0,0,1,1,0,ADV_IND,37,37,8,-1,0,-1,-1,1979,32,7,unknown,APPLE
429.81600000000617,7f:cf:e8:47:b1:70,70b147e8cf7f0201021816aafe40b337f97a60db21556e0b13e8ffb8dd5a778ffecc,-9929.0,79183.0,-102193.0,64798.0,-125615.0,,0,0,0,0,0,1,1,0,ADV_IND,34,37,7,-1,0,-1,-1,2196,32,8,unknown,GOOGLE
429.81600000000617,ec:1c:ee:b2:6c:08,086cb2ee1cec1eff4c001219004ea70bc17e938a2efea751cbc79c3d5f06b79a4bc3b50000,-37998.0,61578.0,-97697.0,75414.0,-141256.0,,0,0,0,0,0,1,1,2,ADV_NONCONN_IND,37,37,5,-1,0,-1,-1,1475,32,8,unknown,APPLE
430.9180000000051,d9:bc:5b:21:62:2d,2d62215bbcd91eff4c001219504548d739dfc7234b4bc9d2c7321b4e0a72d9272958e80002,-28204.0,71370.0,-94726.0,79856.0,-135588.0,,0,0,0,0,0,1,1,0,ADV_IND,37,37,5,-1,0,-1,-1,7617,31,8,unknown,APPLE
431.7830000000104,e4:1a:b5:f0:64:7e,7e64f0b51ae41eff4c001219006d91970299715f683b1cac641f668012dbd2af278b060000,-50242.0,27188.0,-91519.0,41927.0,-140743.0,,0,0,0,0,0,1,1,2,ADV_NONCONN_IND,37,37,3,-1,0,-1,-1,5053,31,8,unknown,APPLE
434.0200000000041,ee:3b:2a:79:09:02,0209792a3bee1eff4c00121910f4a4699d022cb948c0338d6f83154391fcfcc88a49ad01bc,-39972.0,63846.0,-98312.0,90573.0,-130678.0,,0,0,0,0,0,1,1,0,ADV_IND,37,37,2,-1,0,-1,-1,5971,29,7,unknown,APPLE
435.7250000000058,e4:1a:b5:f0:64:7e,7e64f0b51ae41eff4c001219006d91970299715f683b1cac641f668012dbd2af278b060000,-28975.0,28417.0,-87783.0,70768.0,-125898.0,,0,0,0,0,0,1,1,2,ADV_NONCONN_IND,37,37,12,-1,0,-1,-1,3712,32,8,unknown,APPLE
435.7250000000058,7f:cf:e8:47:b1:70,70b147e8cf7f0201021816aafe40b337f97a60db21556e0b13e8ffb8dd5a778ffecc,-23153.0,74982.0,-95137.0,73636.0,-135733.0,,0,0,0,0,0,1,1,0,ADV_IND,34,37,8,-1,0,-1,-1,1141,32,8,unknown,GOOGLE
437.6300000000047,ec:1c:ee:b2:6c:08,086cb2ee1cec1eff4c001219004ea70bc17e938a2efea751cbc79c3d5f06b79a4bc3b50000,-42364.0,67044.0,-132040.0,85832.0,-152530.0,,0,0,0,0,0,1,1,2,ADV_NONCONN_IND,37,37,1,-1,0,-1,-1,6586,30,8,unknown,APPLE
439.4600000000064,e4:1a:b5:f0:64:7e,7e64f0b51ae41eff4c001219006d91970299715f683b1cac641f668012dbd2af278b060000,-20721.0,34586.0,-117971.0,68529.0,-135375.0,,0,0,0,0,0,1,1,2,ADV_NONCONN_IND,37,37,2,-1,0,-1,-1,4761,32,8,unknown,APPLE
445.8020000000106,7f:cf:e8:47:b1:70,70b147e8cf7f0201021816aafe40b337f97a60db21556e0b13e8ffb8dd5a778ffecc,-38350.0,74187.0,-95254.0,59696.0,-103050.0,,0,0,0,0,0,1,1,0,ADV_IND,34,37,4,-1,0,-1,-1,4784,31,7,unknown,GOOGLE
448.04000000000815,7f:cf:e8:47:b1:70,70b147e8cf7f0201021816aafe40b337f97a60db21556e0b13e8ffb8dd5a778ffecc,-11733.0,72224.0,-99649.0,60303.0,-95248.0,,0,0,0,0,0,1,1,0,ADV_IND,34,37,9,-1,0,-1,-1,1942,32,8,unknown,GOOGLE
449.5570000000007,ec:1c:ee:b2:6c:08,086cb2ee1cec1eff4c001219004ea70bc17e938a2efea751cbc79c3d5f06b79a4bc3b50000,-36975.0,63220.0,-124482.0,77491.0,-155482.0,,0,0,0,0,0,1,1,2,ADV_NONCONN_IND,37,37,13,-1,0,-1,-1,3536,31,8,unknown,APPLE
451.6160000000091,ec:1c:ee:b2:6c:08,086cb2ee1cec1eff4c001219004ea70bc17e938a2efea751cbc79c3d5f06b79a4bc3b50000,-19654.0,45240.0,-131101.0,99122.0,-144145.0,,0,0,0,0,0,1,1,2,ADV_NONCONN_IND,37,37,4,-1,0,-1,-1,5428,32,7,unknown,APPLE
460.5850000000064,7f:cf:e8:47:b1:70,70b147e8cf7f0201021816aafe40b337f97a60db21556e0b13e8ffb8dd5a778ffecc,-26495.0,95125.0,-95876.0,87093.0,-150911.0,,0,0,0,0,0,1,1,0,ADV_IND,34,37,10,-1,0,-1,-1,4014,31,7,unknown,GOOGLE
462.2920000000013,7f:cf:e8:47:b1:70,70b147e8cf7f0201021816aafe40b337f97a60db21556e0b13e8ffb8dd5a778ffecc,-20203.0,75953.0,-99256.0,69937.0,-120697.0,,0,0,0,0,0,1,1,0,ADV_IND,34,37,10,-1,0,-1,-1,6892,31,8,unknown,GOOGLE
463.6840000000084,e4:1a:b5:f0:64:7e,7e64f0b51ae41eff4c001219006d91970299715f683b1cac641f668012dbd2af278b060000,-41364.0,17866.0,-87927.0,49990.0,-121108.0,,0,0,0,0,0,1,1,2,ADV_NONCONN_IND,37,37,12,-1,0,-1,-1,7882,31,8,unknown,APPLE
466.3350000000064,7f:cf:e8:47:b1:70,70b147e8cf7f0201021816aafe40b337f97a60db21556e0b13e8ffb8dd5a778ffecc,-22773.0,75413.0,-88796.0,48117.0,-126087.0,,0,0,0,0,0,1,1,0,ADV_IND,34,37,9,-1,0,-1,-1,5046,32,8,unknown,GOOGLE
467.7640000000101,ec:1c:ee:b2:6c:08,086cb2ee1cec1eff4c001219004ea70bc17e938a2efea751cbc79c3d5f06b79a4bc3b50000,-45350.0,69701.0,-103119.0,72846.0,-157769.0,,0,0,0,0,0,1,1,2,ADV_NONCONN_IND,37,37,9,-1,0,-1,-1,1422,31,7,unknown,APPLE
467.7640000000101,e4:1a:b5:f0:64:7e,7e64f0b51ae41eff4c001219006d91970299715f683b1cac641f668012dbd2af278b060000,-16746.0,37152.0,-96344.0,41712.0,-123019.0,,0,0,0,0,0,1,1,2,ADV_NONCONN_IND,37,37,0,-1,0,-1,-1,4281,32,8,unknown,APPLE
473.5339999999997,ec:1c:ee:b2:6c:08,086cb2ee1cec1eff4c001219004ea70bc17e938a2efea751cbc79c3d5f06b79a4bc3b50000,-32583.0,36569.0,-132399.0,75847.0,-155123.0,,0,0,0,0,0,1,1,2,ADV_NONCONN_IND,37,37,11,-1,0,-1,-1,4998,31,7,unknown,APPLE
480.6090000000113,7f:cf:e8:47:b1:70,70b147e8cf7f0201021816aafe40b337f97a60db21556e0b13e8ffb8dd5a778ffecc,-24692.0,88136.0,-107275.0,78911.0,-135195.0,,0,0,0,0,0,1,1,0,ADV_IND,34,37,5,-1,0,-1,-1,1179,30,8,unknown,GOOGLE
491.0850000000064,7f:cf:e8:47:b1:70,70b147e8cf7f0201021816aafe40b337f97a60db21556e0b13e8ffb8dd5a778ffecc,-25447.0,62580.0,-92523.0,56829.0,-98661.0,,0,0,0,0,0,1,1,0,ADV_IND,34,37,7,-1,0,-1,-1,7639,31,7,unknown,GOOGLE
491.843000000008,e4:1a:b5:f0:64:7e,7e64f0b51ae41eff4c001219006d91970299715f683b1cac641f668012dbd2af278b060000,-31827.0,32492.0,-92248.0,63594.0,-153107.0,,0,0,0,0,0,1,1,2,ADV_NONCONN_IND,37,37,5,-1,0,-1,-1,7624,32,8,unknown,APPLE
492.7190000000119,7f:cf:e8:47:b1:70,70b147e8cf7f0201021816aafe40b337f97a60db21556e0b13e8ffb8dd5a778ffecc,-24267.0,103208.0,-115429.0,87891.0,-139858.0,,0,0,0,0,0,1,1,0,ADV_IND,34,37,9,-1,0,-1,-1,1428,32,7,unknown,GOOGLE
493.7600000000093,e4:1a:b5:f0:64:7e,7e64f0b51ae41eff4c001219006d91970299715f683b1cac641f668012dbd2af278b060000,-39589.0,60320.0,-113283.0,86097.0,-144063.0,,0,0,0,0,0,1,1,2,ADV_NONCONN_IND,37,37,7,-1,0,-1,-1,3089,32,8,unknown,APPLE
495.8930000000109,e4:1a:b5:f0:64:7e,7e64f0b51ae41eff4c001219006d91970299715f683b1cac641f668012dbd2af278b060000,-27976.0,46385.0,-115335.0,93056.0,-157090.0,,0,0,0,0,0,1,1,2,ADV_NONCONN_IND,37,37,15,-1,0,-1,-1,6761,32,7,unknown,APPLE
497.6929999999993,5f:88:20:db:fa:02,02fadb20885f0201021816aafe40b337f97a60db21556e0b13e8ffb8dd5a778ffecc,-19820.0,90478.0,-121162.0,83272.0,-153173.0,,0,0,0,0,0,1,1,0,ADV_IND,34,37,8,-1,0,-1,-1,5883,30,7,unknown,GOOGLE
500.2250000000058,5f:88:20:db:fa:02,02fadb20885f0201021816aafe40b337f97a60db21556e0b13e8ffb8dd5a778ffecc,-34281.0,91909.0,-114203.0,81616.0,-139523.0,,0,0,0,0,0,1,1,0,ADV_IND,34,37,3,-1,0,-1,-1,3888,32,8,unknown,GOOGLE
503.7870000000112,e4:1a:b5:f0:64:7e,7e64f0b51ae41eff4c001219006d91970299715f683b1cac641f668012dbd2af278b060000,-39407.0,59680.0,-78554.0,56908.0,-123845.0,,0,0,0,0,0,1,1,2,ADV_NONCONN_IND,37,37,6,-1,0,-1,-1,2956,31,7,unknown,APPLE
505.8870000000024,5f:88:20:db:fa:02,02fadb20885f0201021816aafe40b337f97a60db21556e0b13e8ffb8dd5a778ffecc,-35422.0,101544.0,-118892.0,72478.0,-148291.0,,0,0,0,0,0,1,1,0,ADV_IND,34,37,0,-1,0,-1,-1,5926,31,7,unknown,GOOGLE
506.9460000000108,d9:bc:5b:21:62:2d,2d62215bbcd91eff4c001219504548d739dfc7234b4bc9d2c7321b4e0a72d9272958e80002,-46129.0,83078.0,-105663.0,101183.0,-141206.0,,0,0,0,0,0,1,1,0,ADV_IND,37,37,14,-1,0,-1,-1,5112,32,8,unknown,APPLE
508.2400000000053,ee:3b:2a:79:09:02,0209792a3bee1eff4c00121910f4a4699d022cb948c0338d6f83154391fcfcc88a49ad01bc,-20923.0,58473.0,-104504.0,74454.0,-149768.0,,0,0,0,0,0,1,1,0,ADV_IND,37,37,2,-1,0,-1,-1,3746,32,7,unknown,APPLE
509.33400000000256,d9:bc:5b:21:62:2d,2d62215bbcd91eff4c001219504548d739dfc7234b4bc9d2c7321b4e0a72d9272958e80002,-32937.0,86929.0,-93306.0,83173.0,-136099.0,,0,0,0,0,0,1,1,0,ADV_IND,37,37,15,-1,0,-1,-1,3980,32,8,unknown,APPLE
509.8780000000115,e4:1a:b5:f0:64:7e,7e64f0b51ae41eff4c001219006d91970299715f683b1cac641f668012dbd2af278b060000,-9544.0,50799.0,-95403.0,93391.0,-142343.0,,0,0,0,0,0,1,1,2,ADV_NONCONN_IND,37,37,2,-1,0,-1,-1,7305,32,8,unknown,APPLE
509.8780000000115,5f:88:20:db:fa:02,02fadb20885f0201021816aafe40b337f97a60db21556e0b13e8ffb8dd5a778ffecc,-50016.0,63534.0,-94888.0,60066.0,-126360.0,,0,0,0,0,0,1,1,0,ADV_IND,34,37,4,-1,0,-1,-1,5639,32,8,unknown,GOOGLE
511.7560000000085,e4:1a:b5:f0:64:7e,7e64f0b51ae41eff4c001219006d91970299715f683b1cac641f668012dbd2af278b060000,-42428.0,41772.0,-90060.0,59007.0,-103720.0,,0,0,0,0,0,1,1,2,ADV_NONCONN_IND,37,37,1,-1,0,-1,-1,4783,32,8,unknown,APPLE
512.2810000000027,5f:88:20:db:fa:02,02fadb20885f0201021816aafe40b337f97a60db21556e0b13e8ffb8dd5a778ffecc,-35198.0,57535.0,-100961.0,77889.0,-125199.0,,0,0,0,0,0,1,1,0,ADV_IND,34,37,8,-1,0,-1,-1,3392,32,8,unknown,GOOGLE
514.1390000000101,5f:88:20:db:fa:02,02fadb20885f0201021816aafe40b337f97a60db21556e0b13e8ffb8dd5a778ffecc,-26810.0,85759.0,-102043.0,72732.0,-153831.0,,0,0,0,0,0,1,1,0,ADV_IND,34,37,3,-1,0,-1,-1,6416,31,7,unknown,GOOGLE
515.8899999999994,e4:1a:b5:f0:64:7e,7e64f0b51ae41eff4c001219006d91970299715f683b1cac641f668012dbd2af278b060000,-24945.0,50231.0,-88179.0,66027.0,-147037.0,,0,0,0,0,0,1,1,2,ADV_NONCONN_IND,37,37,14,-1,0,-1,-1,2012,32,8,unknown,APPLE
519.5190000000002,ec:1c:ee:b2:6c:08,086cb2ee1cec1eff4c001219004ea70bc17e938a2efea751cbc79c3d5f06b79a4bc3b50000,-24807.0,38479.0,-115402.0,59361.0,-150766.0,,0,0,0,0,0,1,1,2,ADV_NONCONN_IND,37,37,7,-1,0,-1,-1,6327,32,8,unknown,APPLE
520.9600000000064,d9:bc:5b:21:62:2d,2d62215bbcd91eff4c001219504548d739dfc7234b4bc9d2c7321b4e0a72d9272958e80002,-16631.0,70531.0,-106961.0,77711.0,-139012.0,,0,0,0,0,0,1,1,0,ADV_IND,37,37,9,-1,0,-1,-1,6112,32,8,unknown,APPLE
521.7860000000073,ec:1c:ee:b2:6c:08,086cb2ee1cec1eff4c001219004ea70bc17e938a2efea751cbc79c3d5f06b79a4bc3b50000,-49382.0,46794.0,-121368.0,88906.0,-130270.0,,0,0,0,0,0,1,1,2,ADV_NONCONN_IND,37,37,1,-1,0,-1,-1,6739,32,8,unknown,APPLE
521.7860000000073,e4:1a:b5:f0:64:7e,7e64f0b51ae41eff4c001219006d91970299715f683b1cac641f668012dbd2af278b060000,-28631.0,41509.0,-82947.0,55855.0,-143914.0,,0,0,0,0,0,1,1,2,ADV_NONCONN_IND,37,37,11,-1,0,-1,-1,2704,32,8,unknown,APPLE
522.2880000000005,5f:88:20:db:fa:02,02fadb20885f0201021816aafe40b337f97a60db21556e0b13e8ffb8dd5a778ffecc,-38808.0,103762.0,-104097.0,73575.0,-146681.0,,0,0,0,0,0,1,1,0,ADV_IND,34,37,11,-1,0,-1,-1,5032,32,7,unknown,GOOGLE
522.9840000000113,f6:70:e0:55:6a:e4,e46a55e070f61eff4c001219d04c8fcc8d67adc512aa7eb27483eb50964e55f08912ea0379,-20209.0,66608.0,-97365.0,83505.0,-135477.0,,0,0,0,0,0,1,1,0,ADV_IND,37,37,10,-1,0,-1,-1,6024,32,8,unknown,APPLE
525.7330000000075,e4:1a:b5:f0:64:7e,7e64f0b51ae41eff4c001219006d91970299715f683b1cac641f668012dbd2af278b060000,-31095.0,37409.0,-89183.0,53708.0,-112872.0,,0,0,0,0,0,1,1,2,ADV_NONCONN_IND,37,37,7,-1,0,-1,-1,2105,32,8,unknown,APPLE
527.0180000000109,ec:9e:e1:20:ec:85,85ec20e19eec0201060303aafe1716aafe00deafcd50fadb7502b86f722670000000980000,-6881.0,73086.0,-92497.0,84818.0,-129753.0,,0,0,0,0,0,1,1,2,ADV_NONCONN_IND,37,37,8,-1,0,-1,-1,2992,32,8,unknown,GOOGLE
527.8310000000056,e4:1a:b5:f0:64:7e,7e64f0b51ae41eff4c001219006d91970299715f683b1cac641f668012dbd2af278b060000,-29247.0,59654.0,-69965.0,56270.0,-139950.0,,0,0,0,0,0,1,1,2,ADV_NONCONN_IND,37,37,13,-1,0,-1,-1,4221,32,8,unknown,APPLE
529.974000000002,e4:1a:b5:f0:64:7e,7e64f0b51ae41eff4c001219006d91970299715f683b1cac641f668012dbd2af278b060000,-32638.0,34835.0,-108873.0,38874.0,-139990.0,,0,0,0,0,0,1,1,2,ADV_NONCONN_IND,37,37,11,-1,0,-1,-1,4525,32,8,unknown,APPLE
533.7609999999986,cd:e0:fa:56:f5:d0,d0f556fae0cd1eff4c00121950c5aad89aee5a4dd76d2ed58ed2767cddec6c667fd82401e1,-39402.0,75283.0,-109611.0,85082.0,-164289.0,,0,0,0,0,0,1,1,0,ADV_IND,37,37,8,-1,0,-1,-1,2853,32,8,unknown,APPLE
534.5030000000115,5f:88:20:db:fa:02,02fadb20885f0201021816aafe40b337f97a60db21556e0b13e8ffb8dd5a778ffecc,-33063.0,67699.0,-101749.0,54628.0,-128250.0,,0,0,0,0,0,1,1,0,ADV_IND,34,37,6,-1,0,-1,-1,3767,32,7,unknown,GOOGLE
537.7550000000047,ec:1c:ee:b2:6c:08,086cb2ee1cec1eff4c001219004ea70bc17e938a2efea751cbc79c3d5f06b79a4bc3b50000,-26658.0,43446.0,-110414.0,67143.0,-150804.0,,0,0,0,0,0,1,1,2,ADV_NONCONN_IND,37,37,2,-1,0,-1,-1,3545,32,7,unknown,APPLE
537.7550000000047,e4:1a:b5:f0:64:7e,7e64f0b51ae41eff4c001219006d91970299715f683b1cac641f668012dbd2af278b060000,-47521.0,78975.0,-109637.0,75838.0,-149058.0,,0,0,0,0,0,1,1,2,ADV_NONCONN_IND,37,37,0,-1,0,-1,-1,1852,32,8,unknown,APPLE
538.1460000000079,da:56:b0:16:4e:14,144e16b056da1eff4c0012191037096813bc89f303292ca231399084c2b1363d3753f20201,-19062.0,65780.0,-100305.0,69862.0,-94529.0,,0,0,0,0,0,1,1,0,ADV_IND,37,37,0,-1,0,-1,-1,6924,32,8,unknown,APPLE
541.7640000000101,ec:1c:ee:b2:6c:08,086cb2ee1cec1eff4c001219004ea70bc17e938a2efea751cbc79c3d5f06b79a4bc3b50000,-41246.0,83529.0,-107863.0,87840.0,-126974.0,,0,0,0,0,0,1,1,2,ADV_NONCONN_IND,37,37,11,-1,0,-1,-1,3390,31,8,unknown,APPLE
543.7400000000052,ec:1c:ee:b2:6c:08,086cb2ee1cec1eff4c001219004ea70bc17e938a2efea751cbc79c3d5f06b79a4bc3b50000,-20918.0,89682.0,-123606.0,81266.0,-152346.0,,0,0,0,0,0,1,1,2,ADV_NONCONN_IND,37,37,8,-1,0,-1,-1,7039,32,7,unknown,APPLE
546.3090000000084,da:56:b0:16:4e:14,144e16b056da1eff4c0012191037096813bc89f303292ca231399084c2b1363d3753f20201,-30043.0,71248.0,-108528.0,80321.0,-153499.0,,0,0,0,0,0,1,1,0,ADV_IND,37,37,11,-1,0,-1,-1,7768,32,8,unknown,APPLE
549.9930000000022,e4:1a:b5:f0:64:7e,7e64f0b51ae41eff4c001219006d91970299715f683b1cac641f668012dbd2af278b060000,-23177.0,59669.0,-93274.0,64086.0,-135333.0,,0,0,0,0,0,1,1,2,ADV_NONCONN_IND,37,37,7,-1,0,-1,-1,5817,32,7,unknown,APPLE
551.6750000000029,ec:1c:ee:b2:6c:08,086cb2ee1cec1eff4c001219004ea70bc17e938a2efea751cbc79c3d5f06b79a4bc3b50000,-39427.0,81792.0,-109568.0,83933.0,-142656.0,,0,0,0,0,0,1,1,2,ADV_NONCONN_IND,37,37,13,-1,0,-1,-1,4913,32,8,unknown,APPLE
552.8329999999987,5f:88:20:db:fa:02,02fadb20885f0201021816aafe40b337f97a60db21556e0b13e8ffb8dd5a778ffecc,-37630.0,71460.0,-97643.0,68148.0,-158395.0,,0,0,0,0,0,1,1,0,ADV_IND,34,37,8,-1,0,-1,-1,6443,32,7,unknown,GOOGLE
554.1130000000121,e4:1a:b5:f0:64:7e,7e64f0b51ae41eff4c001219006d91970299715f683b1cac641f668012dbd2af278b060000,-21517.0,45828.0,-102060.0,72452.0,-130351.0,,0,0,0,0,0,1,1,2,ADV_NONCONN_IND,37,37,6,-1,0,-1,-1,1786,32,8,unknown,APPLE
556.3310000000056,da:56:b0:16:4e:14,144e16b056da1eff4c0012191037096813bc89f303292ca231399084c2b1363d3753f20201,-11516.0,66911.0,-88348.0,62401.0,-123565.0,,0,0,0,0,0,1,1,0,ADV_IND,37,37,5,-1,0,-1,-1,2523,32,8,unknown,APPLE
557.0880000000034,f6:70:e0:55:6a:e4,e46a55e070f61eff4c001219d04c8fcc8d67adc512aa7eb27483eb50964e55f08912ea0379,-32519.0,73144.0,-83623.0,89317.0,-150086.0,,0,0,0,0,0,1,1,0,ADV_IND,37,37,6,-1,0,-1,-1,1208,32,8,unknown,APPLE
557.3450000000012,d9:bc:5b:21:62:2d,2d62215bbcd91eff4c001219504548d739dfc7234b4bc9d2c7321b4e0a72d9272958e80002,-13786.0,75746.0,-88068.0,71462.0,-137346.0,,0,0,0,0,0,1,1,0,ADV_IND,37,37,10,-1,0,-1,-1,4141,31,7,unknown,APPLE
558.0130000000063,e4:1a:b5:f0:64:7e,7e64f0b51ae41eff4c001219006d91970299715f683b1cac641f668012dbd2af278b060000,-36416.0,52273.0,-57002.0,76072.0,-132283.0,,0,0,0,0,0,1,1,2,ADV_NONCONN_IND,37,37,4,-1,0,-1,-1,4739,32,8,unknown,APPLE
558.4780000000028,da:56:b0:16:4e:14,144e16b056da1eff4c0012191037096813bc89f303292ca231399084c2b1363d3753f20201,-31505.0,76088.0,-70012.0,59595.0,-124910.0,,0,0,0,0,0,1,1,0,ADV_IND,37,37,11,-1,0,-1,-1,7579,32,8,unknown,APPLE
558.75,e4:e0:98:35:3d:ac,ac3d3598e0e41eff4c001219001508e91c900d752fa203ebbec84da5fbc4a18a6942340300,-20823.0,83780.0,-86403.0,85985.0,-146236.0,,0,0,0,0,0,1,1,2,ADV_NONCONN_IND,37,37,8,-1,0,-1,-1,3908,31,8,unknown,APPLE
562.7340000000113,ee:3b:2a:79:09:02,0209792a3bee1eff4c00121910f4a4699d022cb948c0338d6f83154391fcfcc88a49ad01bc,-12599.0,84433.0,-102607.0,58913.0,-162356.0,,0,0,0,0,0,1,1,0,ADV_IND,37,37,1,-1,0,-1,-1,5341,32,7,unknown,APPLE
562.9980000000069,5f:88:20:db:fa:02,02fadb20885f0201021816aafe40b337f97a60db21556e0b13e8ffb8dd5a778ffecc,-16199.0,63942.0,-95051.0,65794.0,-141735.0,,0,0,0,0,0,1,1,0,ADV_IND,34,37,0,-1,0,-1,-1,6175,32,8,unknown,GOOGLE
565.9750000000058,ec:1c:ee:b2:6c:08,086cb2ee1cec1eff4c001219004ea70bc17e938a2efea751cbc79c3d5f06b79a4bc3b50000,-39483.0,64281.0,-94049.0,91353.0,-151912.0,,0,0,0,0,0,1,1,2,ADV_NONCONN_IND,37,37,1,-1,0,-1,-1,4901,32,8,unknown,APPLE
566.4820000000036,e4:1a:b5:f0:64:7e,7e64f0b51ae41eff4c001219006d91970299715f683b1cac641f668012dbd2af278b060000,-23181.0,62458.0,-78507.0,85055.0,-150496.0,,0,0,0,0,0,1,1,2,ADV_NONCONN_IND,37,37,11,-1,0,-1,-1,3099,32,8,unknown,APPLE
569.0380000000005,5f:88:20:db:fa:02,02fadb20885f0201021816aafe40b337f97a60db21556e0b13e8ffb8dd5a778ffecc,-19598.0,71959.0,-96291.0,43499.0,-126089.0,,0,0,0,0,0,1,1,0,ADV_IND,34,37,4,-1,0,-1,-1,6152,31,8,unknown,GOOGLE
569.0380000000005,e4:e0:98:35:3d:ac,ac3d3598e0e41eff4c001219001508e91c900d752fa203ebbec84da5fbc4a18a6942340300,-11812.0,88496.0,-99194.0,85217.0,-112601.0,,0,0,0,0,0,1,1,2,ADV_NONCONN_IND,37,37,6,-1,0,-1,-1,5423,32,7,unknown,APPLE
570.8090000000084,e4:e0:98:35:3d:ac,ac3d3598e0e41eff4c001219001508e91c900d752fa203ebbec84da5fbc4a18a6942340300,-5378.0,58836.0,-109774.0,58151.0,-118260.0,,0,0,0,0,0,1,1,2,ADV_NONCONN_IND,37,37,13,-1,0,-1,-1,2484,32,8,unknown,APPLE
575.073000000004,e4:e0:98:35:3d:ac,ac3d3598e0e41eff4c001219001508e91c900d752fa203ebbec84da5fbc4a18a6942340300,-32229.0,85522.0,-101170.0,89808.0,-126666.0,,0,0,0,0,0,1,1,2,ADV_NONCONN_IND,37,37,1,-1,0,-1,-1,3070,32,8,unknown,APPLE
576.2560000000085,e4:1a:b5:f0:64:7e,7e64f0b51ae41eff4c001219006d91970299715f683b1cac641f668012dbd2af278b060000,-32035.0,72955.0,-112807.0,94594.0,-143471.0,,0,0,0,0,0,1,1,2,ADV_NONCONN_IND,37,37,5,-1,0,-1,-1,4294,32,8,unknown,APPLE
577.1490000000049,e4:e0:98:35:3d:ac,ac3d3598e0e41eff4c001219001508e91c900d752fa203ebbec84da5fbc4a18a6942340300,-8126.0,75400.0,-120543.0,83212.0,-152570.0,,0,0,0,0,0,1,1,2,ADV_NONCONN_IND,37,37,9,-1,0,-1,-1,7985,32,8,unknown,APPLE
578.9199999999983,da:56:b0:16:4e:14,144e16b056da1eff4c0012191037096813bc89f303292ca231399084c2b1363d3753f20201,-35166.0,79907.0,-76499.0,62119.0,-137699.0,,0,0,0,0,0,1,1,0,ADV_IND,37,37,7,-1,0,-1,-1,7597,32,8,unknown,APPLE
579.1760000000068,e4:e0:98:35:3d:ac,ac3d3598e0e41eff4c001219001508e91c900d752fa203ebbec84da5fbc4a18a6942340300,-43015.0,89689.0,-90656.0,72825.0,-144923.0,,0,0,0,0,0,1,1,2,ADV_NONCONN_IND,37,37,1,-1,0,-1,-1,7370,32,8,unknown,APPLE
579.1760000000068,5f:88:20:db:fa:02,02fadb20885f0201021816aafe40b337f97a60db21556e0b13e8ffb8dd5a778ffecc,-37193.0,89690.0,-103469.0,67128.0,-132451.0,,0,0,0,0,0,1,1,0,ADV_IND,34,37,7,-1,0,-1,-1,5306,31,7,unknown,GOOGLE
579.8329999999987,ec:1c:ee:b2:6c:08,086cb2ee1cec1eff4c001219004ea70bc17e938a2efea751cbc79c3d5f06b79a4bc3b50000,-23200.0,60076.0,-111729.0,75036.0,-132675.0,,0,0,0,0,0,1,1,2,ADV_NONCONN_IND,37,37,12,-1,0,-1,-1,5989,30,7,unknown,APPLE
580.2810000000027,e4:1a:b5:f0:64:7e,7e64f0b51ae41eff4c001219006d91970299715f683b1cac641f668012dbd2af278b060000,-35881.0,79749.0,-110836.0,78809.0,-142175.0,,0,0,0,0,0,1,1,2,ADV_NONCONN_IND,37,37,2,-1,0,-1,-1,1600,31,7,unknown,APPLE
581.2970000000059,ec:9e:e1:20:ec:85,85ec20e19eec0201060303aafe1716aafe00deafcd50fadb7502b86f722670000000980000,-22012.0,96492.0,-100814.0,79782.0,-109027.0,,0,0,0,0,0,1,1,2,ADV_NONCONN_IND,37,37,10,-1,0,-1,-1,3699,31,7,unknown,GOOGLE
582.0220000000118,ec:1c:ee:b2:6c:08,086cb2ee1cec1eff4c001219004ea70bc17e938a2efea751cbc79c3d5f06b79a4bc3b50000,-31881.0,45058.0,-108420.0,47049.0,-131905.0,,0,0,0,0,0,1,1,2,ADV_NONCONN_IND,37,37,3,-1,0,-1,-1,6465,32,8,unknown,APPLE
585.9619999999995,ec:1c:ee:b2:6c:08,086cb2ee1cec1eff4c001219004ea70bc17e938a2efea751cbc79c3d5f06b79a4bc3b50000,-38272.0,52312.0,-90017.0,69589.0,-130080.0,,0,0,0,0,0,1,1,2,ADV_NONCONN_IND,37,37,13,-1,0,-1,-1,5145,31,7,unknown,APPLE
587.0570000000007,e4:e0:98:35:3d:ac,ac3d3598e0e41eff4c001219001508e91c900d752fa203ebbec84da5fbc4a18a6942340300,-30407.0,93893.0,-121222.0,85666.0,-129341.0,,0,0,0,0,0,1,1,2,ADV_NONCONN_IND,37,37,10,-1,0,-1,-1,7608,32,8,unknown,APPLE
587.3780000000115,5f:88:20:db:fa:02,02fadb20885f0201021816aafe40b337f97a60db21556e0b13e8ffb8dd5a778ffecc,-29532.0,75160.0,-98130.0,72843.0,-139909.0,,0,0,0,0,0,1,1,0,ADV_IND,34,37,0,-1,0,-1,-1,1225,32,8,unknown,GOOGLE
594.0030000000115,e4:1a:b5:f0:64:7e,7e64f0b51ae41eff4c001219006d91970299715f683b1cac641f668012dbd2af278b060000,-37909.0,69201.0,-110568.0,84929.0,-131939.0,,0,0,0,0,0,1,1,2,ADV_NONCONN_IND,37,37,13,-1,0,-1,-1,7668,32,8,unknown,APPLE
599.4100000000035,5f:88:20:db:fa:02,02fadb20885f0201021816aafe40b337f97a60db21556e0b13e8ffb8dd5a778ffecc,-26527.0,85512.0,-94114.0,55463.0,-120152.0,,0,0,0,0,0,1,1,0,ADV_IND,34,37,4,-1,0,-1,-1,4746,32,8,unknown,GOOGLE
600.2850000000035,ec:1c:ee:b2:6c:08,086cb2ee1cec1eff4c001219004ea70bc17e938a2efea751cbc79c3d5f06b79a4bc3b50000,-17147.0,45626.0,-120446.0,91565.0,-125851.0,,0,0,0,0,0,1,1,2,ADV_NONCONN_IND,37,37,0,-1,0,-1,-1,1296,32,8,unknown,APPLE
602.025999999998,ec:1c:ee:b2:6c:08,086cb2ee1cec1eff4c001219004ea70bc17e938a2efea751cbc79c3d5f06b79a4bc3b50000,-41310.0,91368.0,-106411.0,82723.0,-160809.0,,0,0,0,0,0,1,1,2,ADV_NONCONN_IND,37,37,3,-1,0,-1,-1,4317,30,7,unknown,APPLE
603.1910000000062,5f:88:20:db:fa:02,02fadb20885f0201021816aafe40b337f97a60db21556e0b13e8ffb8dd5a778ffecc,-32921.0,72207.0,-100170.0,65358.0,-131165.0,,0,0,0,0,0,1,1,0,ADV_IND,34,37,5,-1,0,-1,-1,7781,32,8,unknown,GOOGLE
603.8830000000016,ec:1c:ee:b2:6c:08,086cb2ee1cec1eff4c001219004ea70bc17e938a2efea751cbc79c3d5f06b79a4bc3b50000,-21220.0,81098.0,-119764.0,89491.0,-149112.0,,0,0,0,0,0,1,1,2,ADV_NONCONN_IND,37,37,11,-1,0,-1,-1,3415,32,8,unknown,APPLE
604.5900000000111,da:56:b0:16:4e:14,144e16b056da1eff4c0012191037096813bc89f303292ca231399084c2b1363d3753f20201,-32538.0,70888.0,-91631.0,85537.0,-130022.0,,0,0,0,0,0,1,1,0,ADV_IND,37,37,3,-1,0,-1,-1,3690,32,7,unknown,APPLE
604.5900000000111,d6:7e:b9:4a:46:5f,5f464ab97ed61eff4c00121900923bedf51c910d1d694fd87bc515af1e58bae609dafb0300,-23098.0,80397.0,-117615.0,80761.0,-131083.0,,0,0,0,0,0,1,1,2,ADV_NONCONN_IND,37,37,10,-1,0,-1,-1,5656,30,8,unknown,APPLE
606.1359999999986,e4:1a:b5:f0:64:7e,7e64f0b51ae41eff4c001219006d91970299715f683b1cac641f668012dbd2af278b060000,-40846.0,24290.0,-103103.0,59287.0,-151066.0,,0,0,0,0,0,1,1,2,ADV_NONCONN_IND,37,37,5,-1,0,-1,-1,3529,32,8,unknown,APPLE
606.4930000000022,d6:7e:b9:4a:46:5f,5f464ab97ed61eff4c00121900923bedf51c910d1d694fd87bc515af1e58bae609dafb0300,-16372.0,66317.0,-93601.0,97797.0,-135458.0,,0,0,0,0,0,1,1,2,ADV_NONCONN_IND,37,37,6,-1,0,-1,-1,4527,32,8,unknown,APPLE
608.971000000005,da:56:b0:16:4e:14,144e16b056da1eff4c0012191037096813bc89f303292ca231399084c2b1363d3753f20201,-26587.0,70427.0,-97226.0,67167.0,-144721.0,,0,0,0,0,0,1,1,0,ADV_IND,37,37,7,-1,0,-1,-1,2037,32,8,unknown,APPLE
611.6870000000054,5f:88:20:db:fa:02,02fadb20885f0201021816aafe40b337f97a60db21556e0b13e8ffb8dd5a778ffecc,-43187.0,70515.0,-90150.0,53603.0,-131716.0,,0,0,0,0,0,1,1,0,ADV_IND,34,37,15,-1,0,-1,-1,5492,32,8,unknown,GOOGLE
612.0580000000045,ec:1c:ee:b2:6c:08,086cb2ee1cec1eff4c001219004ea70bc17e938a2efea751cbc79c3d5f06b79a4bc3b50000,-39334.0,47431.0,-101415.0,74745.0,-119806.0,,0,0,0,0,0,1,1,2,ADV_NONCONN_IND,37,37,2,-1,0,-1,-1,3658,32,8,unknown,APPLE
613.8530000000028,5f:88:20:db:fa:02,02fadb20885f0201021816aafe40b337f97a60db21556e0b13e8ffb8dd5a778ffecc,-27320.0,75839.0,-112752.0,84178.0,-150232.0,,0,0,0,0,0,1,1,0,ADV_IND,34,37,12,-1,0,-1,-1,1732,32,8,unknown,GOOGLE
617.471000000005,5f:88:20:db:fa:02,02fadb20885f0201021816aafe40b337f97a60db21556e0b13e8ffb8dd5a778ffecc,-28028.0,58139.0,-95161.0,55567.0,-128897.0,,0,0,0,0,0,1,1,0,ADV_IND,34,37,5,-1,0,-1,-1,6084,32,8,unknown,GOOGLE
618.2150000000111,e4:1a:b5:f0:64:7e,7e64f0b51ae41eff4c001219006d91970299715f683b1cac641f668012dbd2af278b060000,-29968.0,39626.0,-93192.0,78568.0,-155324.0,,0,0,0,0,0,1,1,2,ADV_NONCONN_IND,37,37,15,-1,0,-1,-1,853,32,8,unknown,APPLE
625.7220000000088,5f:88:20:db:fa:02,02fadb20885f0201021816aafe40b337f97a60db21556e0b13e8ffb8dd5a778ffecc,-37852.0,44953.0,-100939.0,70430.0,-101275.0,,0,0,0,0,0,1,1,0,ADV_IND,34,37,14,-1,0,-1,-1,2000,32,8,unknown,GOOGLE
627.8610000000044,ec:1c:ee:b2:6c:08,086cb2ee1cec1eff4c001219004ea70bc17e938a2efea751cbc79c3d5f06b79a4bc3b50000,-32066.0,57416.0,-117741.0,58902.0,-160027.0,,0,0,0,0,0,1,1,2,ADV_NONCONN_IND,37,37,7,-1,0,-1,-1,5160,29,7,unknown,APPLE
628.119000000006,e4:1a:b5:f0:64:7e,7e64f0b51ae41eff4c001219006d91970299715f683b1cac641f668012dbd2af278b060000,-47888.0,29477.0,-105131.0,68134.0,-117300.0,,0,0,0,0,0,1,1,2,ADV_NONCONN_IND,37,37,9,-1,0,-1,-1,5218,32,8,unknown,APPLE
630.1779999999999,ec:1c:ee:b2:6c:08,086cb2ee1cec1eff4c001219004ea70bc17e938a2efea751cbc79c3d5f06b79a4bc3b50000,-32655.0,83903.0,-106712.0,83275.0,-151448.0,,0,0,0,0,0,1,1,2,ADV_NONCONN_IND,37,37,3,-1,0,-1,-1,1035,32,8,unknown,APPLE
630.1779999999999,e4:1a:b5:f0:64:7e,7e64f0b51ae41eff4c001219006d91970299715f683b1cac641f668012dbd2af278b060000,-36815.0,44591.0,-89884.0,62354.0,-138063.0,,0,0,0,0,0,1,1,2,ADV_NONCONN_IND,37,37,5,-1,0,-1,-1,3911,32,8,unknown,APPLE
631.7530000000115,5f:88:20:db:fa:02,02fadb20885f0201021816aafe40b337f97a60db21556e0b13e8ffb8dd5a778ffecc,-31128.0,85549.0,-108210.0,80324.0,-144215.0,,0,0,0,0,0,1,1,0,ADV_IND,34,37,15,-1,0,-1,-1,5930,32,8,unknown,GOOGLE
632.5220000000118,da:56:b0:16:4e:14,144e16b056da1eff4c0012191037096813bc89f303292ca231399084c2b1363d3753f20201,-47451.0,73574.0,-86079.0,65187.0,-148596.0,,0,0,0,0,0,1,1,0,ADV_IND,37,37,10,-1,0,-1,-1,2641,32,7,unknown,APPLE
633.7740000000049,5f:88:20:db:fa:02,02fadb20885f0201021816aafe40b337f97a60db21556e0b13e8ffb8dd5a778ffecc,-37558.0,77402.0,-93481.0,66234.0,-139385.0,,0,0,0,0,0,1,1,0,ADV_IND,34,37,7,-1,0,-1,-1,2652,32,8,unknown,GOOGLE
636.1050000000105,e4:1a:b5:f0:64:7e,7e64f0b51ae41eff4c001219006d91970299715f683b1cac641f668012dbd2af278b060000,-32690.0,70688.0,-95950.0,71814.0,-141355.0,,0,0,0,0,0,1,1,2,ADV_NONCONN_IND,37,37,1,-1,0,-1,-1,2384,32,8,unknown,APPLE
636.3510000000097,f5:5b:d4:da:b5:cb,cbb5dad45bf51eff4c00121970c32edf8a14040d7044743359eccdd8141fb16d424be90155,-20629.0,94791.0,-75096.0,112337.0,-153323.0,,0,0,0,0,0,1,1,0,ADV_IND,37,37,9,-1,0,-1,-1,4355,32,7,unknown,APPLE
636.8420000000042,d6:7e:b9:4a:46:5f,5f464ab97ed61eff4c00121900923bedf51c910d1d694fd87bc515af1e58bae609dafb0300,-22333.0,62748.0,-96778.0,98931.0,-114831.0,,0,0,0,0,0,1,1,2,ADV_NONCONN_IND,37,37,6,-1,0,-1,-1,4308,32,8,unknown,APPLE
638.1240000000107,e4:1a:b5:f0:64:7e,7e64f0b51ae41eff4c001219006d91970299715f683b1cac641f668012dbd2af278b060000,-24052.0,40465.0,-90474.0,55287.0,-142004.0,,0,0,0,0,0,1,1,2,ADV_NONCONN_IND,37,37,11,-1,0,-1,-1,7724,31,8,unknown,APPLE
638.5750000000116,da:56:b0:16:4e:14,144e16b056da1eff4c0012191037096813bc89f303292ca231399084c2b1363d3753f20201,-26913.0,76071.0,-89044.0,57226.0,-117586.0,,0,0,0,0,0,1,1,0,ADV_IND,37,37,5,-1,0,-1,-1,6278,32,7,unknown,APPLE
639.9720000000088,5f:88:20:db:fa:02,02fadb20885f0201021816aafe40b337f97a60db21556e0b13e8ffb8dd5a778ffecc,-29700.0,80115.0,-93209.0,39951.0,-142287.0,,0,0,0,0,0,1,1,0,ADV_IND,34,37,2,-1,0,-1,-1,1987,32,8,unknown,GOOGLE
639.9720000000088,e0:1f:09:d7:6b:02,026bd7091fe01eff4c001219ea1fa66567d8e745ca68451d34e8344c0ce10e632d90a9033d,-19349.0,68429.0,-103588.0,67266.0,-123040.0,,0,0,0,0,0,1,1,0,ADV_IND,37,37,15,-1,0,-1,-1,7525,32,7,unknown,APPLE
640.2250000000058,e4:1a:b5:f0:64:7e,7e64f0b51ae41eff4c001219006d91970299715f683b1cac641f668012dbd2af278b060000,-27227.0,74326.0,-103024.0,89130.0,-151709.0,,0,0,0,0,0,1,1,2,ADV_NONCONN_IND,37,37,11,-1,0,-1,-1,2262,32,8,unknown,APPLE
640.6050000000105,f5:5b:d4:da:b5:cb,cbb5dad45bf51eff4c00121970c32edf8a14040d7044743359eccdd8141fb16d424be90155,-25411.0,81932.0,-84418.0,96893.0,-133599.0,,0,0,0,0,0,1,1,0,ADV_IND,37,37,7,-1,0,-1,-1,3600,32,8,unknown,APPLE
641.4080000000104,f6:70:e0:55:6a:e4,e46a55e070f61eff4c001219d04c8fcc8d67adc512aa7eb27483eb50964e55f08912ea0379,-17488.0,54189.0,-89974.0,62383.0,-125922.0,,0,0,0,0,0,1,1,0,ADV_IND,37,37,13,-1,0,-1,-1,6614,32,8,unknown,APPLE
642.0360000000073,e4:1a:b5:f0:64:7e,7e64f0b51ae41eff4c001219006d91970299715f683b1cac641f668012dbd2af278b060000,-44749.0,43306.0,-88999.0,65323.0,-149921.0,,0,0,0,0,0,1,1,2,ADV_NONCONN_IND,37,37,2,-1,0,-1,-1,1674,32,8,unknown,APPLE
642.8360000000102,f5:5b:d4:da:b5:cb,cbb5dad45bf51eff4c00121970c32edf8a14040d7044743359eccdd8141fb16d424be90155,169.0,96520.0,-93703.0,110709.0,-152711.0,,0,0,0,0,0,1,1,0,ADV_IND,37,37,14,-1,0,-1,-1,6926,32,7,unknown,APPLE
644.2079999999987,e0:1f:09:d7:6b:02,026bd7091fe01eff4c001219ea1fa66567d8e745ca68451d34e8344c0ce10e632d90a9033d,-41181.0,66855.0,-121664.0,87498.0,-148981.0,,0,0,0,0,0,1,1,0,ADV_IND,37,37,12,-1,0,-1,-1,2686,32,8,unknown,APPLE
644.2079999999987,ec:1c:ee:b2:6c:08,086cb2ee1cec1eff4c001219004ea70bc17e938a2efea751cbc79c3d5f06b79a4bc3b50000,-16073.0,73208.0,-108752.0,77975.0,-132300.0,,0,0,0,0,0,1,1,2,ADV_NONCONN_IND,37,37,8,-1,0,-1,-1,7150,31,8,unknown,APPLE
644.8930000000109,da:56:b0:16:4e:14,144e16b056da1eff4c0012191037096813bc89f303292ca231399084c2b1363d3753f20201,-25879.0,75008.0,-94767.0,53341.0,-125955.0,,0,0,0,0,0,1,1,0,ADV_IND,37,37,2,-1,0,-1,-1,2052,32,8,unknown,APPLE
646.2670000000071,e4:1a:b5:f0:64:7e,7e64f0b51ae41eff4c001219006d91970299715f683b1cac641f668012dbd2af278b060000,-38088.0,77149.0,-92781.0,67837.0,-135617.0,,0,0,0,0,0,1,1,2,ADV_NONCONN_IND,37,37,2,-1,0,-1,-1,3526,32,8,unknown,APPLE
646.5679999999993,f5:5b:d4:da:b5:cb,cbb5dad45bf51eff4c00121970c32edf8a14040d7044743359eccdd8141fb16d424be90155,-3461.0,56612.0,-77501.0,94779.0,-116998.0,,0,0,0,0,0,1,1,0,ADV_IND,37,37,0,-1,0,-1,-1,3395,32,8,unknown,APPLE
648.0,5f:88:20:db:fa:02,02fadb20885f0201021816aafe40b337f97a60db21556e0b13e8ffb8dd5a778ffecc,-47110.0,70162.0,-95659.0,65712.0,-138744.0,,0,0,0,0,0,1,1,0,ADV_IND,34,37,14,-1,0,-1,-1,6768,31,8,unknown,GOOGLE
648.4429999999993,e4:1a:b5:f0:64:7e,7e64f0b51ae41eff4c001219006d91970299715f683b1cac641f668012dbd2af278b060000,-45829.0,36477.0,-75932.0,61050.0,-133688.0,,0,0,0,0,0,1,1,2,ADV_NONCONN_IND,37,37,1,-1,0,-1,-1,5727,32,8,unknown,APPLE
648.6790000000037,f5:5b:d4:da:b5:cb,cbb5dad45bf51eff4c00121970c32edf8a14040d7044743359eccdd8141fb16d424be90155,-5803.0,79168.0,-78500.0,99348.0,-131050.0,,0,0,0,0,0,1,1,0,ADV_IND,37,37,1,-1,0,-1,-1,2381,32,8,unknown,APPLE
650.5690000000031,e4:1a:b5:f0:64:7e,7e64f0b51ae41eff4c001219006d91970299715f683b1cac641f668012dbd2af278b060000,-20367.0,49099.0,-88178.0,82949.0,-103361.0,,0,0,0,0,0,1,1,2,ADV_NONCONN_IND,37,37,2,-1,0,-1,-1,2090,32,8,unknown,APPLE
651.0390000000043,f5:5b:d4:da:b5:cb,cbb5dad45bf51eff4c00121970c32edf8a14040d7044743359eccdd8141fb16d424be90155,-8008.0,89933.0,-79939.0,100055.0,-135914.0,,0,0,0,0,0,1,1,0,ADV_IND,37,37,8,-1,0,-1,-1,7005,32,8,unknown,APPLE
652.4370000000054,e4:1a:b5:f0:64:7e,7e64f0b51ae41eff4c001219006d91970299715f683b1cac641f668012dbd2af278b060000,-24737.0,40774.0,-87717.0,85926.0,-146515.0,,0,0,0,0,0,1,1,2,ADV_NONCONN_IND,37,37,0,-1,0,-1,-1,4909,32,8,unknown,APPLE
652.6779999999999,f5:5b:d4:da:b5:cb,cbb5dad45bf51eff4c00121970c32edf8a14040d7044743359eccdd8141fb16d424be90155,-36373.0,101671.0,-109353.0,103879.0,-129080.0,,0,0,0,0,0,1,1,0,ADV_IND,37,37,5,-1,0,-1,-1,7052,32,8,unknown,APPLE
654.2050000000017,ec:1c:ee:b2:6c:08,086cb2ee1cec1eff4c001219004ea70bc17e938a2efea751cbc79c3d5f06b79a4bc3b50000,-26036.0,55366.0,-125603.0,71691.0,-148050.0,,0,0,0,0,0,1,1,2,ADV_NONCONN_IND,37,37,15,-1,0,-1,-1,1826,32,7,unknown,APPLE
654.4729999999981,5f:88:20:db:fa:02,02fadb20885f0201021816aafe40b337f97a60db21556e0b13e8ffb8dd5a778ffecc,-23846.0,79017.0,-92646.0,30848.0,-139484.0,,0,0,0,0,0,1,1,0,ADV_IND,34,37,4,-1,0,-1,-1,1171,32,8,unknown,GOOGLE
654.721000000005,da:56:b0:16:4e:14,144e16b056da1eff4c0012191037096813bc89f303292ca231399084c2b1363d3753f20201,-22882.0,91673.0,-111721.0,63101.0,-150911.0,,0,0,0,0,0,1,1,0,ADV_IND,37,37,11,-1,0,-1,-1,2466,32,8,unknown,APPLE
655.9389999999985,ec:1c:ee:b2:6c:08,086cb2ee1cec1eff4c001219004ea70bc17e938a2efea751cbc79c3d5f06b79a4bc3b50000,-41417.0,40751.0,-97259.0,88034.0,-129092.0,,0,0,0,0,0,1,1,2,ADV_NONCONN_IND,37,37,11,-1,0,-1,-1,1131,32,8,unknown,APPLE
657.9959999999992,ec:1c:ee:b2:6c:08,086cb2ee1cec1eff4c001219004ea70bc17e938a2efea751cbc79c3d5f06b79a4bc3b50000,-24171.0,77692.0,-90173.0,84511.0,-133775.0,,0,0,0,0,0,1,1,2,ADV_NONCONN_IND,37,37,2,-1,0,-1,-1,1212,32,7,unknown,APPLE
658.7020000000048,f5:5b:d4:da:b5:cb,cbb5dad45bf51eff4c00121970c32edf8a14040d7044743359eccdd8141fb16d424be90155,-28646.0,69792.0,-94524.0,106830.0,-124172.0,,0,0,0,0,0,1,1,0,ADV_IND,37,37,8,-1,0,-1,-1,6175,32,8,unknown,APPLE
658.7020000000048,da:56:b0:16:4e:14,144e16b056da1eff4c0012191037096813bc89f303292ca231399084c2b1363d3753f20201,-23541.0,65576.0,-105361.0,58962.0,-135718.0,,0,0,0,0,0,1,1,0,ADV_IND,37,37,11,-1,0,-1,-1,2029,31,7,unknown,APPLE
659.9330000000045,ec:1c:ee:b2:6c:08,086cb2ee1cec1eff4c001219004ea70bc17e938a2efea751cbc79c3d5f06b79a4bc3b50000,-42220.0,90776.0,-110451.0,91342.0,-142174.0,,0,0,0,0,0,1,1,2,ADV_NONCONN_IND,37,37,0,-1,0,-1,-1,4298,32,8,unknown,APPLE
660.6430000000109,f5:5b:d4:da:b5:cb,cbb5dad45bf51eff4c00121970c32edf8a14040d7044743359eccdd8141fb16d424be90155,-13585.0,72153.0,-83192.0,109458.0,-95200.0,,0,0,0,0,0,1,1,0,ADV_IND,37,37,2,-1,0,-1,-1,5880,32,7,unknown,APPLE
662.3310000000056,5f:88:20:db:fa:02,02fadb20885f0201021816aafe40b337f97a60db21556e0b13e8ffb8dd5a778ffecc,-33591.0,106297.0,-98044.0,53609.0,-161879.0,,0,0,0,0,0,1,1,0,ADV_IND,34,37,3,-1,0,-1,-1,3524,31,7,unknown,GOOGLE
662.3310000000056,e4:1a:b5:f0:64:7e,7e64f0b51ae41eff4c001219006d91970299715f683b1cac641f668012dbd2af278b060000,-46458.0,30586.0,-79542.0,49256.0,-125111.0,,0,0,0,0,0,1,1,2,ADV_NONCONN_IND,37,37,12,-1,0,-1,-1,4005,32,8,unknown,APPLE
662.3310000000056,ec:1c:ee:b2:6c:08,086cb2ee1cec1eff4c001219004ea70bc17e938a2efea751cbc79c3d5f06b79a4bc3b50000,-41010.0,47552.0,-94274.0,76414.0,-119637.0,,0,0,0,0,0,1,1,2,ADV_NONCONN_IND,37,37,8,-1,0,-1,-1,1130,32,8,unknown,APPLE
662.6140000000014,f5:5b:d4:da:b5:cb,cbb5dad45bf51eff4c00121970c32edf8a14040d7044743359eccdd8141fb16d424be90155,-10035.0,84908.0,-56170.0,105093.0,-141739.0,,0,0,0,0,0,1,1,0,ADV_IND,37,37,1,-1,0,-1,-1,1194,32,8,unknown,APPLE
664.7870000000112,f5:5b:d4:da:b5:cb,cbb5dad45bf51eff4c00121970c32edf8a14040d7044743359eccdd8141fb16d424be90155,-13462.0,93577.0,-86852.0,113292.0,-128119.0,,0,0,0,0,0,1,1,0,ADV_IND,37,37,15,-1,0,-1,-1,5576,32,8,unknown,APPLE
664.7870000000112,d6:7e:b9:4a:46:5f,5f464ab97ed61eff4c00121900923bedf51c910d1d694fd87bc515af1e58bae609dafb0300,-10563.0,98391.0,-129342.0,101673.0,-141156.0,,0,0,0,0,0,1,1,2,ADV_NONCONN_IND,37,37,10,-1,0,-1,-1,3829,31,7,unknown,APPLE
668.3139999999985,e4:1a:b5:f0:64:7e,7e64f0b51ae41eff4c001219006d91970299715f683b1cac641f668012dbd2af278b060000,-44431.0,46447.0,-93656.0,76882.0,-150433.0,,0,0,0,0,0,1,1,2,ADV_NONCONN_IND,37,37,1,-1,0,-1,-1,5891,32,8,unknown,APPLE
669.1050000000105,5f:88:20:db:fa:02,02fadb20885f0201021816aafe40b337f97a60db21556e0b13e8ffb8dd5a778ffecc,-38607.0,82537.0,-109147.0,78998.0,-148415.0,,0,0,0,0,0,1,1,0,ADV_IND,34,37,11,-1,0,-1,-1,6568,32,8,unknown,GOOGLE
670.471000000005,e4:1a:b5:f0:64:7e,7e64f0b51ae41eff4c001219006d91970299715f683b1cac641f668012dbd2af278b060000,-39698.0,59615.0,-102554.0,67262.0,-126298.0,,0,0,0,0,0,1,1,2,ADV_NONCONN_IND,37,37,7,-1,0,-1,-1,1134,32,8,unknown,APPLE
671.0149999999994,5f:88:20:db:fa:02,02fadb20885f0201021816aafe40b337f97a60db21556e0b13e8ffb8dd5a778ffecc,-32331.0,94906.0,-111852.0,74053.0,-142696.0,,0,0,0,0,0,1,1,0,ADV_IND,34,37,2,-1,0,-1,-1,7268,32,8,unknown,GOOGLE
672.7920000000013,d6:7e:b9:4a:46:5f,5f464ab97ed61eff4c00121900923bedf51c910d1d694fd87bc515af1e58bae609dafb0300,-533.0,67998.0,-108956.0,77647.0,-119065.0,,0,0,0,0,0,1,1,2,ADV_NONCONN_IND,37,37,7,-1,0,-1,-1,5276,31,7,unknown,APPLE
674.1420000000071,ec:1c:ee:b2:6c:08,086cb2ee1cec1eff4c001219004ea70bc17e938a2efea751cbc79c3d5f06b79a4bc3b50000,-38196.0,78875.0,-107740.0,80482.0,-140888.0,,0,0,0,0,0,1,1,2,ADV_NONCONN_IND,37,37,10,-1,0,-1,-1,7092,31,8,unknown,APPLE
676.4210000000021,e4:1a:b5:f0:64:7e,7e64f0b51ae41eff4c001219006d91970299715f683b1cac641f668012dbd2af278b060000,-28053.0,23928.0,-83032.0,35334.0,-146712.0,,0,0,0,0,0,1,1,2,ADV_NONCONN_IND,37,37,6,-1,0,-1,-1,3006,32,8,unknown,APPLE
676.6699999999983,da:56:b0:16:4e:14,144e16b056da1eff4c0012191037096813bc89f303292ca231399084c2b1363d3753f20201,-29096.0,63589.0,-92283.0,59813.0,-147807.0,,0,0,0,0,0,1,1,0,ADV_IND,37,37,4,-1,0,-1,-1,1702,32,8,unknown,APPLE
678.2430000000022,ec:1c:ee:b2:6c:08,086cb2ee1cec1eff4c001219004ea70bc17e938a2efea751cbc79c3d5f06b79a4bc3b50000,-24545.0,53735.0,-113205.0,71847.0,-141115.0,,0,0,0,0,0,1,1,2,ADV_NONCONN_IND,37,37,6,-1,0,-1,-1,1035,32,8,unknown,APPLE
679.2430000000022,5f:88:20:db:fa:02,02fadb20885f0201021816aafe40b337f97a60db21556e0b13e8ffb8dd5a778ffecc,-36725.0,79643.0,-107207.0,64402.0,-135233.0,,0,0,0,0,0,1,1,0,ADV_IND,34,37,0,-1,0,-1,-1,3902,32,8,unknown,GOOGLE
681.666000000012,5f:88:20:db:fa:02,02fadb20885f0201021816aafe40b337f97a60db21556e0b13e8ffb8dd5a778ffecc,-25665.0,72276.0,-95533.0,65689.0,-120813.0,,0,0,0,0,0,1,1,0,ADV_IND,34,37,10,-1,0,-1,-1,7222,32,8,unknown,GOOGLE
684.1370000000024,e4:1a:b5:f0:64:7e,7e64f0b51ae41eff4c001219006d91970299715f683b1cac641f668012dbd2af278b060000,-44788.0,52162.0,-77313.0,59317.0,-125528.0,,0,0,0,0,0,1,1,2,ADV_NONCONN_IND,37,37,15,-1,0,-1,-1,5522,32,8,unknown,APPLE
685.1699999999983,5f:88:20:db:fa:02,02fadb20885f0201021816aafe40b337f97a60db21556e0b13e8ffb8dd5a778ffecc,-25108.0,53571.0,-99448.0,62268.0,-108626.0,,0,0,0,0,0,1,1,0,ADV_IND,34,37,6,-1,0,-1,-1,7851,32,8,unknown,GOOGLE
686.0430000000051,ec:1c:ee:b2:6c:08,086cb2ee1cec1eff4c001219004ea70bc17e938a2efea751cbc79c3d5f06b79a4bc3b50000,-44233.0,89247.0,-123697.0,103869.0,-156331.0,,0,0,0,0,0,1,1,2,ADV_NONCONN_IND,37,37,5,-1,0,-1,-1,7909,32,7,unknown,APPLE
688.4210000000021,ec:1c:ee:b2:6c:08,086cb2ee1cec1eff4c001219004ea70bc17e938a2efea751cbc79c3d5f06b79a4bc3b50000,-41637.0,70185.0,-90642.0,95217.0,-140652.0,,0,0,0,0,0,1,1,2,ADV_NONCONN_IND,37,37,0,-1,0,-1,-1,2898,32,8,unknown,APPLE
689.1779999999999,5f:88:20:db:fa:02,02fadb20885f0201021816aafe40b337f97a60db21556e0b13e8ffb8dd5a778ffecc,-23612.0,64776.0,-94447.0,63345.0,-141412.0,,0,0,0,0,0,1,1,0,ADV_IND,34,37,4,-1,0,-1,-1,3731,32,8,unknown,GOOGLE
691.2710000000079,5f:88:20:db:fa:02,02fadb20885f0201021816aafe40b337f97a60db21556e0b13e8ffb8dd5a778ffecc,-34497.0,73777.0,-97258.0,49089.0,-98908.0,,0,0,0,0,0,1,1,0,ADV_IND,34,37,11,-1,0,-1,-1,4541,32,8,unknown,GOOGLE
693.5789999999979,5f:88:20:db:fa:02,02fadb20885f0201021816aafe40b337f97a60db21556e0b13e8ffb8dd5a778ffecc,-42271.0,47613.0,-98592.0,55454.0,-118861.0,,0,0,0,0,0,1,1,0,ADV_IND,34,37,15,-1,0,-1,-1,1557,32,8,unknown,GOOGLE
698.6730000000098,da:56:b0:16:4e:14,144e16b056da1eff4c0012191037096813bc89f303292ca231399084c2b1363d3753f20201,-1145.0,73829.0,-94346.0,62184.0,-102674.0,,0,0,0,0,0,1,1,0,ADV_IND,37,37,7,-1,0,-1,-1,3867,32,7,unknown,APPLE
709.9570000000094,5f:88:20:db:fa:02,02fadb20885f0201021816aafe40b337f97a60db21556e0b13e8ffb8dd5a778ffecc,-35020.0,63561.0,-87384.0,51933.0,-119799.0,,0,0,0,0,0,1,1,0,ADV_IND,34,37,10,-1,0,-1,-1,7023,32,7,unknown,GOOGLE
713.7070000000094,5f:88:20:db:fa:02,02fadb20885f0201021816aafe40b337f97a60db21556e0b13e8ffb8dd5a778ffecc,-39075.0,65501.0,-89637.0,58333.0,-147713.0,,0,0,0,0,0,1,1,0,ADV_IND,34,37,6,-1,0,-1,-1,4640,32,8,unknown,GOOGLE
724.5050000000047,f8:17:41:d5:1e:fe,fe1ed54117f81eff4c0012190051ae40c28b843aaa5bebcaf5db6a4affdaaf37e82a2d0100,-33402.0,85903.0,-111860.0,95399.0,-142405.0,,0,0,0,0,0,1,1,2,ADV_NONCONN_IND,37,37,7,-1,0,-1,-1,7414,32,7,unknown,APPLE
727.7690000000002,5f:88:20:db:fa:02,02fadb20885f0201021816aafe40b337f97a60db21556e0b13e8ffb8dd5a778ffecc,-41124.0,82296.0,-104825.0,69372.0,-152913.0,,0,0,0,0,0,1,1,0,ADV_IND,34,37,13,-1,0,-1,-1,5284,32,8,unknown,GOOGLE
731.9210000000021,5f:88:20:db:fa:02,02fadb20885f0201021816aafe40b337f97a60db21556e0b13e8ffb8dd5a778ffecc,-40163.0,82301.0,-99714.0,51074.0,-147278.0,,0,0,0,0,0,1,1,0,ADV_IND,34,37,6,-1,0,-1,-1,1645,30,7,unknown,GOOGLE
734.2100000000064,cd:e0:fa:56:f5:d0,d0f556fae0cd1eff4c00121950c5aad89aee5a4dd76d2ed58ed2767cddec6c667fd824010e,-46222.0,97677.0,-89727.0,64745.0,-150760.0,,0,0,0,0,0,1,1,0,ADV_IND,37,37,0,-1,0,-1,-1,5256,31,8,unknown,APPLE
736.8110000000015,5f:88:20:db:fa:02,02fadb20885f0201021816aafe40b337f97a60db21556e0b13e8ffb8dd5a778ffecc,-39728.0,90904.0,-112777.0,70430.0,-147458.0,,0,0,0,0,0,1,1,0,ADV_IND,34,37,7,-1,0,-1,-1,6139,32,8,unknown,GOOGLE
738.6370000000024,5f:88:20:db:fa:02,02fadb20885f0201021816aafe40b337f97a60db21556e0b13e8ffb8dd5a778ffecc,-21504.0,84505.0,-98591.0,39294.0,-125551.0,,0,0,0,0,0,1,1,0,ADV_IND,34,37,3,-1,0,-1,-1,3600,32,7,unknown,GOOGLE
740.2640000000101,5f:88:20:db:fa:02,02fadb20885f0201021816aafe40b337f97a60db21556e0b13e8ffb8dd5a778ffecc,-31603.0,117963.0,-113712.0,66796.0,-157879.0,,0,0,0,0,0,1,1,0,ADV_IND,34,37,11,-1,0,-1,-1,7999,32,8,unknown,GOOGLE
742.2490000000107,5f:88:20:db:fa:02,02fadb20885f0201021816aafe40b337f97a60db21556e0b13e8ffb8dd5a778ffecc,-47166.0,90058.0,-96582.0,47637.0,-116266.0,,0,0,0,0,0,1,1,0,ADV_IND,34,37,10,-1,0,-1,-1,7687,32,8,unknown,GOOGLE
752.3250000000116,5f:88:20:db:fa:02,02fadb20885f0201021816aafe40b337f97a60db21556e0b13e8ffb8dd5a778ffecc,-36179.0,84828.0,-95791.0,53027.0,-144377.0,,0,0,0,0,0,1,1,0,ADV_IND,34,37,4,-1,0,-1,-1,3000,31,8,unknown,GOOGLE
757.5780000000086,cb:cc:c3:c4:a6:a2,a2a6c4c3cccb1eff4c001219008d70614dfbee879d63b6353903beb35e8f50cce1907f0300,-36856.0,55852.0,-135278.0,80347.0,-163650.0,,0,0,0,0,0,1,1,2,ADV_NONCONN_IND,37,37,9,-1,0,-1,-1,3495,32,8,unknown,APPLE
768.5979999999981,5f:88:20:db:fa:02,02fadb20885f0201021816aafe40b337f97a60db21556e0b13e8ffb8dd5a778ffecc,-9125.0,49246.0,-101980.0,57316.0,-116820.0,,0,0,0,0,0,1,1,0,ADV_IND,34,37,3,-1,0,-1,-1,3573,32,8,unknown,GOOGLE
770.7430000000022,5f:88:20:db:fa:02,02fadb20885f0201021816aafe40b337f97a60db21556e0b13e8ffb8dd5a778ffecc,-33008.0,88774.0,-106490.0,76277.0,-160262.0,,0,0,0,0,0,1,1,0,ADV_IND,34,37,12,-1,0,-1,-1,5390,32,8,unknown,GOOGLE
772.4440000000031,5f:88:20:db:fa:02,02fadb20885f0201021816aafe40b337f97a60db21556e0b13e8ffb8dd5a778ffecc,-34080.0,65910.0,-101732.0,53152.0,-111206.0,,0,0,0,0,0,1,1,0,ADV_IND,34,37,1,-1,0,-1,-1,6050,31,7,unknown,GOOGLE
792.948000000004,5f:88:20:db:fa:02,02fadb20885f0201021816aafe40b337f97a60db21556e0b13e8ffb8dd5a778ffecc,-47344.0,73084.0,-103931.0,86343.0,-148450.0,,0,0,0,0,0,1,1,0,ADV_IND,34,37,1,-1,0,-1,-1,6171,32,8,unknown,GOOGLE
809.2609999999986,5f:88:20:db:fa:02,02fadb20885f0201021816aafe40b337f97a60db21556e0b13e8ffb8dd5a778ffecc,-32266.0,74683.0,-104521.0,63629.0,-139466.0,,0,0,0,0,0,1,1,0,ADV_IND,34,37,13,-1,0,-1,-1,5829,32,8,unknown,GOOGLE
811.073000000004,5f:88:20:db:fa:02,02fadb20885f0201021816aafe40b337f97a60db21556e0b13e8ffb8dd5a778ffecc,-33198.0,69993.0,-92953.0,65739.0,-151400.0,,0,0,0,0,0,1,1,0,ADV_IND,34,37,11,-1,0,-1,-1,5677,32,7,unknown,GOOGLE
815.0750000000116,5f:88:20:db:fa:02,02fadb20885f0201021816aafe40b337f97a60db21556e0b13e8ffb8dd5a778ffecc,-32660.0,61968.0,-110973.0,60186.0,-119670.0,,0,0,0,0,0,1,1,0,ADV_IND,34,37,1,-1,0,-1,-1,1719,31,8,unknown,GOOGLE
817.1290000000008,5f:88:20:db:fa:02,02fadb20885f0201021816aafe40b337f97a60db21556e0b13e8ffb8dd5a778ffecc,-38353.0,99404.0,-112645.0,67691.0,-148970.0,,0,0,0,0,0,1,1,0,ADV_IND,34,37,13,-1,0,-1,-1,6145,32,8,unknown,GOOGLE
823.224000000002,5f:88:20:db:fa:02,02fadb20885f0201021816aafe40b337f97a60db21556e0b13e8ffb8dd5a778ffecc,-39436.0,89252.0,-103891.0,55661.0,-140604.0,,0,0,0,0,0,1,1,0,ADV_IND,34,37,6,-1,0,-1,-1,1203,30,8,unknown,GOOGLE
825.4370000000054,5f:88:20:db:fa:02,02fadb20885f0201021816aafe40b337f97a60db21556e0b13e8ffb8dd5a778ffecc,-24144.0,60422.0,-89941.0,49703.0,-124550.0,,0,0,0,0,0,1,1,0,ADV_IND,34,37,10,-1,0,-1,-1,5838,32,8,unknown,GOOGLE
831.8300000000017,5f:88:20:db:fa:02,02fadb20885f0201021816aafe40b337f97a60db21556e0b13e8ffb8dd5a778ffecc,-36348.0,94246.0,-116331.0,74313.0,-155702.0,,0,0,0,0,0,1,1,0,ADV_IND,34,37,4,-1,0,-1,-1,7894,32,8,unknown,GOOGLE
833.3620000000083,5f:88:20:db:fa:02,02fadb20885f0201021816aafe40b337f97a60db21556e0b13e8ffb8dd5a778ffecc,-22853.0,81871.0,-108181.0,57856.0,-139477.0,,0,0,0,0,0,1,1,0,ADV_IND,34,37,5,-1,0,-1,-1,3438,32,8,unknown,GOOGLE
839.6270000000077,5f:88:20:db:fa:02,02fadb20885f0201021816aafe40b337f97a60db21556e0b13e8ffb8dd5a778ffecc,-32603.0,77819.0,-107452.0,65394.0,-148949.0,,0,0,0,0,0,1,1,0,ADV_IND,34,37,15,-1,0,-1,-1,1365,32,8,unknown,GOOGLE
844.9100000000035,da:56:b0:16:4e:14,144e16b056da1eff4c0012191037096813bc89f303292ca231399084c2b1363d3753f202ff,-37556.0,100543.0,-94319.0,79793.0,-156638.0,,0,0,0,0,0,1,1,0,ADV_IND,37,37,2,-1,0,-1,-1,6551,32,8,unknown,APPLE
850.1090000000113,5f:88:20:db:fa:02,02fadb20885f0201021816aafe40b337f97a60db21556e0b13e8ffb8dd5a778ffecc,-33660.0,82329.0,-96623.0,60030.0,-139372.0,,0,0,0,0,0,1,1,0,ADV_IND,34,37,8,-1,0,-1,-1,5256,32,8,unknown,GOOGLE
851.849000000002,5f:88:20:db:fa:02,02fadb20885f0201021816aafe40b337f97a60db21556e0b13e8ffb8dd5a778ffecc,-22168.0,57885.0,-100424.0,58030.0,-109346.0,,0,0,0,0,0,1,1,0,ADV_IND,34,37,1,-1,0,-1,-1,2761,32,8,unknown,GOOGLE
859.8780000000115,5f:88:20:db:fa:02,02fadb20885f0201021816aafe40b337f97a60db21556e0b13e8ffb8dd5a778ffecc,-11061.0,52000.0,-94067.0,48396.0,-109101.0,,0,0,0,0,0,1,1,0,ADV_IND,34,37,14,-1,0,-1,-1,3406,32,8,unknown,GOOGLE
860.4700000000012,cd:e0:fa:56:f5:d0,d0f556fae0cd1eff4c00121950c5aad89aee5a4dd76d2ed58ed2767cddec6c667fd824010e,-37191.0,89666.0,-96121.0,36496.0,-152559.0,,0,0,0,0,0,1,1,0,ADV_IND,37,37,7,-1,0,-1,-1,1470,29,7,unknown,APPLE
866.1390000000101,5f:88:20:db:fa:02,02fadb20885f0201021816aafe40b337f97a60db21556e0b13e8ffb8dd5a778ffecc,-25986.0,61843.0,-111538.0,72789.0,-140670.0,,0,0,0,0,0,1,1,0,ADV_IND,34,37,7,-1,0,-1,-1,4595,32,7,unknown,GOOGLE
872.0940000000119,5f:88:20:db:fa:02,02fadb20885f0201021816aafe40b337f97a60db21556e0b13e8ffb8dd5a778ffecc,-30065.0,81260.0,-93493.0,55237.0,-137840.0,,0,0,0,0,0,1,1,0,ADV_IND,34,37,9,-1,0,-1,-1,7903,32,8,unknown,GOOGLE
873.1410000000033,da:56:b0:16:4e:14,144e16b056da1eff4c0012191037096813bc89f303292ca231399084c2b1363d3753f202ff,-41408.0,68075.0,-97714.0,63317.0,-144610.0,,0,0,0,0,0,1,1,0,ADV_IND,37,37,6,-1,0,-1,-1,4029,32,8,unknown,APPLE
874.224000000002,cd:e0:fa:56:f5:d0,d0f556fae0cd1eff4c00121950c5aad89aee5a4dd76d2ed58ed2767cddec6c667fd824010e,-40745.0,74163.0,-109675.0,67073.0,-117062.0,,0,0,0,0,0,1,1,0,ADV_IND,37,37,12,-1,0,-1,-1,3813,30,8,unknown,APPLE
876.2700000000041,5f:88:20:db:fa:02,02fadb20885f0201021816aafe40b337f97a60db21556e0b13e8ffb8dd5a778ffecc,-20490.0,74586.0,-97551.0,62660.0,-131691.0,,0,0,0,0,0,1,1,0,ADV_IND,34,37,1,-1,0,-1,-1,4471,32,8,unknown,GOOGLE
881.4310000000114,da:56:b0:16:4e:14,144e16b056da1eff4c0012191037096813bc89f303292ca231399084c2b1363d3753f202ff,-36306.0,103303.0,-114557.0,82094.0,-158522.0,,0,0,0,0,0,1,1,0,ADV_IND,37,37,0,-1,0,-1,-1,2446,31,8,unknown,APPLE
882.2720000000118,5f:88:20:db:fa:02,02fadb20885f0201021816aafe40b337f97a60db21556e0b13e8ffb8dd5a778ffecc,-32804.0,75206.0,-101188.0,58267.0,-132855.0,,0,0,0,0,0,1,1,0,ADV_IND,34,37,12,-1,0,-1,-1,7578,32,8,unknown,GOOGLE
896.7070000000094,5f:88:20:db:fa:02,02fadb20885f0201021816aafe40b337f97a60db21556e0b13e8ffb8dd5a778ffecc,-31037.0,98866.0,-93652.0,64614.0,-142452.0,,0,0,0,0,0,1,1,0,ADV_IND,34,37,4,-1,0,-1,-1,5443,32,8,unknown,GOOGLE
898.4429999999993,5f:88:20:db:fa:02,02fadb20885f0201021816aafe40b337f97a60db21556e0b13e8ffb8dd5a778ffecc,-30252.0,56102.0,-102307.0,61869.0,-128081.0,,0,0,0,0,0,1,1,0,ADV_IND,34,37,4,-1,0,-1,-1,1049,32,7,unknown,GOOGLE
902.6090000000112,5f:88:20:db:fa:02,02fadb20885f0201021816aafe40b337f97a60db21556e0b13e8ffb8dd5a778ffecc,-52117.0,79886.0,-103847.0,77678.0,-148497.0,,0,0,0,0,0,1,1,0,ADV_IND,34,37,11,-1,0,-1,-1,2346,30,8,unknown,GOOGLE
912.6050000000104,5f:88:20:db:fa:02,02fadb20885f0201021816aafe40b337f97a60db21556e0b13e8ffb8dd5a778ffecc,-26155.0,64692.0,-104909.0,65786.0,-136863.0,,0,0,0,0,0,1,1,0,ADV_IND,34,37,10,-1,0,-1,-1,5709,32,8,unknown,GOOGLE
914.8820000000125,5f:88:20:db:fa:02,02fadb20885f0201021816aafe40b337f97a60db21556e0b13e8ffb8dd5a778ffecc,-20384.0,72730.0,-100365.0,49604.0,-146880.0,,0,0,0,0,0,1,1,0,ADV_IND,34,37,2,-1,0,-1,-1,6973,32,7,unknown,GOOGLE
916.6320000000125,5f:88:20:db:fa:02,02fadb20885f0201021816aafe40b337f97a60db21556e0b13e8ffb8dd5a778ffecc,-30327.0,83833.0,-116888.0,78923.0,-147913.0,,0,0,0,0,0,1,1,0,ADV_IND,34,37,10,-1,0,-1,-1,4792,32,8,unknown,GOOGLE
920.9700000000012,5f:88:20:db:fa:02,02fadb20885f0201021816aafe40b337f97a60db21556e0b13e8ffb8dd5a778ffecc,-31051.0,70564.0,-98258.0,67546.0,-123356.0,,0,0,0,0,0,1,1,0,ADV_IND,34,37,15,-1,0,-1,-1,2823,32,8,unknown,GOOGLE
923.8130000000092,fc:34:81:53:f3:c2,c2f3538134fc1eff4c00121900a5f1e3383cb04a84e4f1f50fd2eb08be3cfe61181c340300,-36094.0,61955.0,-105119.0,85928.0,-142158.0,,0,0,0,0,0,1,1,2,ADV_NONCONN_IND,37,37,0,-1,0,-1,-1,2607,29,8,unknown,APPLE
924.6820000000008,5f:88:20:db:fa:02,02fadb20885f0201021816aafe40b337f97a60db21556e0b13e8ffb8dd5a778ffecc,-36368.0,75867.0,-100245.0,69834.0,-133042.0,,0,0,0,0,0,1,1,0,ADV_IND,34,37,12,-1,0,-1,-1,1189,32,8,unknown,GOOGLE
926.7390000000014,5f:88:20:db:fa:02,02fadb20885f0201021816aafe40b337f97a60db21556e0b13e8ffb8dd5a778ffecc,-29532.0,60225.0,-106289.0,55530.0,-106312.0,,0,0,0,0,0,1,1,0,ADV_IND,34,37,6,-1,0,-1,-1,4827,31,8,unknown,GOOGLE
927.6359999999986,c4:4a:0b:00:b5:be,beb5000b4ac41eff4c00121910656edcbc2de08517de988ed1e4f3a25b54140886f12003d6,-32069.0,71466.0,-104126.0,85621.0,-159979.0,,0,0,0,0,0,1,1,0,ADV_IND,37,37,5,-1,0,-1,-1,4805,30,8,unknown,APPLE
929.8660000000092,c4:4a:0b:00:b5:be,beb5000b4ac41eff4c00121910656edcbc2de08517de988ed1e4f3a25b54140886f12003d6,-25140.0,54831.0,-99781.0,58816.0,-115388.0,,0,0,0,0,0,1,1,0,ADV_IND,37,37,9,-1,0,-1,-1,4347,32,7,unknown,APPLE
930.8420000000042,5f:88:20:db:fa:02,02fadb20885f0201021816aafe40b337f97a60db21556e0b13e8ffb8dd5a778ffecc,-30063.0,51443.0,-110474.0,75478.0,-117861.0,,0,0,0,0,0,1,1,0,ADV_IND,34,37,12,-1,0,-1,-1,3779,32,8,unknown,GOOGLE
931.9400000000024,c4:4a:0b:00:b5:be,beb5000b4ac41eff4c00121910656edcbc2de08517de988ed1e4f3a25b54140886f12003d6,-42156.0,74378.0,-119054.0,92050.0,-155773.0,,0,0,0,0,0,1,1,0,ADV_IND,37,37,13,-1,0,-1,-1,4104,31,7,unknown,APPLE
936.053,c4:4a:0b:00:b5:be,beb5000b4ac41eff4c00121910656edcbc2de08517de988ed1e4f3a25b54140886f12003d6,-11520.0,84910.0,-102075.0,81726.0,-152927.0,,0,0,0,0,0,1,1,0,ADV_IND,37,37,14,-1,0,-1,-1,5293,32,7,unknown,APPLE
938.1770000000106,f9:d8:36:1c:8f:a6,a68f1c36d8f91eff4c001219b37239ded76b3372bafebb8ea4ade356bc25ab0b8fbbae01de,-28325.0,87711.0,-108894.0,93408.0,-140354.0,,0,0,0,0,0,1,1,2,ADV_NONCONN_IND,37,37,6,-1,0,-1,-1,6043,32,8,unknown,APPLE
938.1770000000106,f9:d8:36:1c:8f:a6,a68f1c36d8f91eff4c001219b37239ded76b3372bafebb8ea4ade356bc25ab0b8fbbae01de,-36888.0,82589.0,-100663.0,89231.0,-115144.0,,0,0,0,0,0,1,1,2,ADV_NONCONN_IND,37,37,12,-1,0,-1,-1,3723,32,8,unknown,APPLE
938.1770000000106,f9:d8:36:1c:8f:a6,a68f1c36d8f91eff4c001219b37239ded76b3372bafebb8ea4ade356bc25ab0b8fbbae01de,-26367.0,93376.0,-104184.0,75935.0,-105444.0,,0,0,0,0,0,1,1,2,ADV_NONCONN_IND,37,37,12,-1,0,-1,-1,7829,32,8,unknown,APPLE
938.1770000000106,f9:d8:36:1c:8f:a6,a68f1c36d8f91eff4c001219b37239ded76b3372bafebb8ea4ade356bc25ab0b8fbbae01de,-6957.0,67232.0,-103809.0,66776.0,-103832.0,,0,0,0,0,0,1,1,2,ADV_NONCONN_IND,37,37,9,-1,0,-1,-1,3327,32,7,unknown,APPLE
938.1770000000106,f9:d8:36:1c:8f:a6,a68f1c36d8f91eff4c001219b37239ded76b3372bafebb8ea4ade356bc25ab0b8fbbae01de,-16114.0,82768.0,-107729.0,89420.0,-116936.0,,0,0,0,0,0,1,1,2,ADV_NONCONN_IND,37,37,9,-1,0,-1,-1,3434,32,8,unknown,APPLE
938.1770000000106,f9:d8:36:1c:8f:a6,a68f1c36d8f91eff4c001219b37239ded76b3372bafebb8ea4ade356bc25ab0b8fbbae01de,-31402.0,136194.0,-122477.0,91018.0,-135759.0,,0,0,0,0,0,1,1,2,ADV_NONCONN_IND,37,37,2,-1,0,-1,-1,1222,31,7,unknown,APPLE
940.2550000000048,c4:4a:0b:00:b5:be,beb5000b4ac41eff4c00121910656edcbc2de08517de988ed1e4f3a25b54140886f12003d6,-30323.0,58112.0,-93103.0,82454.0,-152090.0,,0,0,0,0,0,1,1,0,ADV_IND,37,37,8,-1,0,-1,-1,7025,32,7,unknown,APPLE
942.7010000000008,49:64:21:ea:29:ba,ba29ea2164490201021816aafe40b337f97a60db21556e0b13e8ffb8dd5a778ffecc,-16216.0,76593.0,-114925.0,86642.0,-140538.0,,0,0,0,0,0,1,1,0,ADV_IND,34,37,13,-1,0,-1,-1,7520,32,8,unknown,GOOGLE
953.0130000000064,49:64:21:ea:29:ba,ba29ea2164490201021816aafe40b337f97a60db21556e0b13e8ffb8dd5a778ffecc,-15245.0,82920.0,-101697.0,89699.0,-140601.0,,0,0,0,0,0,1,1,0,ADV_IND,34,37,3,-1,0,-1,-1,4675,32,8,unknown,GOOGLE
954.6850000000122,49:64:21:ea:29:ba,ba29ea2164490201021816aafe40b337f97a60db21556e0b13e8ffb8dd5a778ffecc,-37298.0,72043.0,-99220.0,76522.0,-123178.0,,0,0,0,0,0,1,1,0,ADV_IND,34,37,11,-1,0,-1,-1,4402,32,8,unknown,GOOGLE
959.023000000001,da:56:b0:16:4e:14,144e16b056da1eff4c0012191037096813bc89f303292ca231399084c2b1363d3753f202ff,-27223.0,65887.0,-116646.0,88715.0,-139120.0,,0,0,0,0,0,1,1,0,ADV_IND,37,37,0,-1,0,-1,-1,3297,31,8,unknown,APPLE
960.9440000000031,49:64:21:ea:29:ba,ba29ea2164490201021816aafe40b337f97a60db21556e0b13e8ffb8dd5a778ffecc,-29750.0,93790.0,-96874.0,75003.0,-144536.0,,0,0,0,0,0,1,1,0,ADV_IND,34,37,11,-1,0,-1,-1,6967,32,7,unknown,GOOGLE
965.1260000000038,49:64:21:ea:29:ba,ba29ea2164490201021816aafe40b337f97a60db21556e0b13e8ffb8dd5a778ffecc,-1200.0,66909.0,-103185.0,79885.0,-129966.0,,0,0,0,0,0,1,1,0,ADV_IND,34,37,3,-1,0,-1,-1,1955,32,8,unknown,GOOGLE
965.9070000000064,c4:4a:0b:00:b5:be,beb5000b4ac41eff4c00121910656edcbc2de08517de988ed1e4f3a25b54140886f12003d6,-26233.0,71215.0,-107114.0,85021.0,-166506.0,,0,0,0,0,0,1,1,0,ADV_IND,37,37,0,-1,0,-1,-1,4437,31,8,unknown,APPLE
966.9570000000094,49:64:21:ea:29:ba,ba29ea2164490201021816aafe40b337f97a60db21556e0b13e8ffb8dd5a778ffecc,-13916.0,81988.0,-73055.0,53757.0,-147714.0,,0,0,0,0,0,1,1,0,ADV_IND,34,37,5,-1,0,-1,-1,5356,32,8,unknown,GOOGLE
967.7110000000102,d2:11:14:48:03:01,0103481411d21eff4c001219309eb5a98ef7c8b7e85983f56872a7dc1b63c587a3842e0044,-43147.0,64324.0,-95844.0,91616.0,-151383.0,,0,0,0,0,0,1,1,0,ADV_IND,37,37,2,-1,0,-1,-1,4379,32,8,unknown,APPLE
973.9750000000058,d2:11:14:48:03:01,0103481411d21eff4c001219309eb5a98ef7c8b7e85983f56872a7dc1b63c587a3842e0044,-38874.0,55968.0,-103541.0,85535.0,-158988.0,,0,0,0,0,0,1,1,0,ADV_IND,37,37,15,-1,0,-1,-1,7383,30,7,unknown,APPLE
973.9750000000058,c4:4a:0b:00:b5:be,beb5000b4ac41eff4c00121910656edcbc2de08517de988ed1e4f3a25b54140886f12003d6,-22050.0,45682.0,-110622.0,97985.0,-148595.0,,0,0,0,0,0,1,1,0,ADV_IND,37,37,12,-1,0,-1,-1,7957,32,8,unknown,APPLE
975.7280000000028,d2:11:14:48:03:01,0103481411d21eff4c001219309eb5a98ef7c8b7e85983f56872a7dc1b63c587a3842e0044,-40651.0,58816.0,-117020.0,78653.0,-166282.0,,0,0,0,0,0,1,1,0,ADV_IND,37,37,5,-1,0,-1,-1,5528,32,8,unknown,APPLE
976.0120000000024,fc:34:81:53:f3:c2,c2f3538134fc1eff4c00121900a5f1e3383cb04a84e4f1f50fd2eb08be3cfe61181c340300,-24090.0,53743.0,-80878.0,51473.0,-135621.0,,0,0,0,0,0,1,1,2,ADV_NONCONN_IND,37,37,12,-1,0,-1,-1,1515,32,7,unknown,APPLE
976.44200000001,c9:92:1b:ed:08:62,6208ed1b92c91eff4c001219b9851c2455595abd3d6a2bb51da0afb79dc3827b9c166d0180,-16439.0,65892.0,-99021.0,86691.0,-138832.0,,0,0,0,0,0,1,1,0,ADV_IND,37,37,11,-1,0,-1,-1,1582,32,8,unknown,APPLE
976.44200000001,c9:92:1b:ed:08:62,6208ed1b92c91eff4c001219b9851c2455595abd3d6a2bb51da0afb79dc3827b9c166d0180,-29246.0,55286.0,-81191.0,87740.0,-124466.0,,0,0,0,0,0,1,1,0,ADV_IND,37,37,12,-1,0,-1,-1,6075,32,8,unknown,APPLE
977.770000000004,c9:92:1b:ed:08:62,6208ed1b92c91eff4c001219b9851c2455595abd3d6a2bb51da0afb79dc3827b9c166d0180,-18091.0,62932.0,-62748.0,93383.0,-127435.0,,0,0,0,0,0,1,1,0,ADV_IND,37,37,12,-1,0,-1,-1,3835,32,8,unknown,APPLE
978.0320000000064,c4:4a:0b:00:b5:be,beb5000b4ac41eff4c00121910656edcbc2de08517de988ed1e4f3a25b54140886f12003d6,-35701.0,71020.0,-88180.0,83744.0,-151624.0,,0,0,0,0,0,1,1,0,ADV_IND,37,37,13,-1,0,-1,-1,1196,32,8,unknown,APPLE
979.6270000000076,49:64:21:ea:29:ba,ba29ea2164490201021816aafe40b337f97a60db21556e0b13e8ffb8dd5a778ffecc,-16992.0,98420.0,-100155.0,80690.0,-142081.0,,0,0,0,0,0,1,1,0,ADV_IND,34,37,7,-1,0,-1,-1,3507,32,8,unknown,GOOGLE
980.9930000000022,49:64:21:ea:29:ba,ba29ea2164490201021816aafe40b337f97a60db21556e0b13e8ffb8dd5a778ffecc,-27102.0,86351.0,-84138.0,66741.0,-150227.0,,0,0,0,0,0,1,1,0,ADV_IND,34,37,3,-1,0,-1,-1,1100,32,8,unknown,GOOGLE
983.2150000000112,49:64:21:ea:29:ba,ba29ea2164490201021816aafe40b337f97a60db21556e0b13e8ffb8dd5a778ffecc,-22887.0,66411.0,-86099.0,75043.0,-136734.0,,0,0,0,0,0,1,1,0,ADV_IND,34,37,1,-1,0,-1,-1,5161,32,8,unknown,GOOGLE
985.99500000001,fc:34:81:53:f3:c2,c2f3538134fc1eff4c00121900a5f1e3383cb04a84e4f1f50fd2eb08be3cfe61181c340300,-31169.0,58957.0,-84308.0,58700.0,-133689.0,,0,0,0,0,0,1,1,2,ADV_NONCONN_IND,37,37,6,-1,0,-1,-1,5454,32,8,unknown,APPLE
987.1850000000122,49:64:21:ea:29:ba,ba29ea2164490201021816aafe40b337f97a60db21556e0b13e8ffb8dd5a778ffecc,-31295.0,108478.0,-94702.0,76525.0,-138863.0,,0,0,0,0,0,1,1,0,ADV_IND,34,37,4,-1,0,-1,-1,6660,32,7,unknown,GOOGLE
989.3340000000026,49:64:21:ea:29:ba,ba29ea2164490201021816aafe40b337f97a60db21556e0b13e8ffb8dd5a778ffecc,-15215.0,89961.0,-95328.0,47258.0,-143397.0,,0,0,0,0,0,1,1,0,ADV_IND,34,37,3,-1,0,-1,-1,3801,32,8,unknown,GOOGLE
993.218000000008,49:64:21:ea:29:ba,ba29ea2164490201021816aafe40b337f97a60db21556e0b13e8ffb8dd5a778ffecc,-16214.0,88610.0,-95497.0,51297.0,-126967.0,,0,0,0,0,0,1,1,0,ADV_IND,34,37,3,-1,0,-1,-1,2473,32,7,unknown,GOOGLE
994.1470000000118,c4:4a:0b:00:b5:be,beb5000b4ac41eff4c00121910656edcbc2de08517de988ed1e4f3a25b54140886f12003d6,-38863.0,82004.0,-105211.0,84897.0,-153868.0,,0,0,0,0,0,1,1,0,ADV_IND,37,37,10,-1,0,-1,-1,4452,31,8,unknown,APPLE
999.351999999999,49:64:21:ea:29:ba,ba29ea2164490201021816aafe40b337f97a60db21556e0b13e8ffb8dd5a778ffecc,-13950.0,81056.0,-88792.0,65387.0,-143383.0,,0,0,0,0,0,1,1,0,ADV_IND,34,37,2,-1,0,-1,-1,4331,32,8,unknown,GOOGLE
1007.8650000000052,49:64:21:ea:29:ba,ba29ea2164490201021816aafe40b337f97a60db21556e0b13e8ffb8dd5a778ffecc,-58304.0,106906.0,-92650.0,50843.0,-152625.0,,0,0,0,0,0,1,1,0,ADV_IND,34,37,11,-1,0,-1,-1,5013,30,7,unknown,GOOGLE
1009.4370000000054,49:64:21:ea:29:ba,ba29ea2164490201021816aafe40b337f97a60db21556e0b13e8ffb8dd5a778ffecc,-28560.0,100490.0,-89121.0,67246.0,-142446.0,,0,0,0,0,0,1,1,0,ADV_IND,34,37,8,-1,0,-1,-1,5067,32,7,unknown,GOOGLE
1011.597999999998,49:64:21:ea:29:ba,ba29ea2164490201021816aafe40b337f97a60db21556e0b13e8ffb8dd5a778ffecc,-20651.0,84755.0,-101282.0,61303.0,-118053.0,,0,0,0,0,0,1,1,0,ADV_IND,34,37,6,-1,0,-1,-1,7350,32,8,unknown,GOOGLE
1015.570000000007,49:64:21:ea:29:ba,ba29ea2164490201021816aafe40b337f97a60db21556e0b13e8ffb8dd5a778ffecc,-32994.0,87082.0,-102011.0,77537.0,-135691.0,,0,0,0,0,0,1,1,0,ADV_IND,34,37,3,-1,0,-1,-1,2591,32,8,unknown,GOOGLE
1017.6680000000052,c3:74:23:c4:9d:46,469dc42374c30201060303aafe1516aafe00feede5a7b1986e2be4ca5a00002cde000b,-6014.0,93721.0,-83781.0,94654.0,-114776.0,,0,0,0,0,0,1,1,2,ADV_NONCONN_IND,35,37,5,-1,0,-1,-1,4159,30,7,unknown,GOOGLE
1017.6680000000052,49:64:21:ea:29:ba,ba29ea2164490201021816aafe40b337f97a60db21556e0b13e8ffb8dd5a778ffecc,-34326.0,94471.0,-95754.0,78058.0,-139106.0,,0,0,0,0,0,1,1,0,ADV_IND,34,37,8,-1,0,-1,-1,4461,32,7,unknown,GOOGLE
1027.719000000012,c2:d0:c8:95:9a:ce,ce9a95c8d0c20201060303aafe1516aafe00feede5a7b1986e2be4ca5a00002cde000d,0.0,86375.0,-77915.0,83363.0,-119735.0,,0,0,0,0,0,1,1,2,ADV_NONCONN_IND,35,37,3,-1,0,-1,-1,5625,30,8,unknown,GOOGLE
1028.1940000000031,49:64:21:ea:29:ba,ba29ea2164490201021816aafe40b337f97a60db21556e0b13e8ffb8dd5a778ffecc,-30794.0,81699.0,-88721.0,64876.0,-134294.0,,0,0,0,0,0,1,1,0,ADV_IND,34,37,1,-1,0,-1,-1,1666,32,8,unknown,GOOGLE
1029.2530000000115,c2:d0:c8:95:9a:ce,ce9a95c8d0c20201060303aafe1516aafe00feede5a7b1986e2be4ca5a00002cde000d,-15510.0,96513.0,-84561.0,87026.0,-137599.0,,0,0,0,0,0,1,1,2,ADV_NONCONN_IND,35,37,0,-1,0,-1,-1,6170,29,7,unknown,GOOGLE
1029.2530000000115,c2:d0:c8:95:9a:ce,ce9a95c8d0c20201060303aafe1516aafe00feede5a7b1986e2be4ca5a00002cde000d,-24538.0,86022.0,-91033.0,89013.0,-129742.0,,0,0,0,0,0,1,1,2,ADV_NONCONN_IND,35,37,14,-1,0,-1,-1,4520,32,8,unknown,GOOGLE
1029.6630000000005,c2:d0:c8:95:9a:ce,ce9a95c8d0c20201060303aafe1516aafe00feede5a7b1986e2be4ca5a00002cde000d,-22408.0,63983.0,-85066.0,99907.0,-132064.0,,0,0,0,0,0,1,1,2,ADV_NONCONN_IND,35,37,7,-1,0,-1,-1,2310,31,8,unknown,GOOGLE
1029.9530000000086,49:64:21:ea:29:ba,ba29ea2164490201021816aafe40b337f97a60db21556e0b13e8ffb8dd5a778ffecc,-42316.0,87254.0,-103014.0,80110.0,-124336.0,,0,0,0,0,0,1,1,0,ADV_IND,34,37,0,-1,0,-1,-1,3903,32,8,unknown,GOOGLE
1030.7280000000028,c2:d0:c8:95:9a:ce,ce9a95c8d0c20201060303aafe1516aafe00feede5a7b1986e2be4ca5a00002cde000d,-11898.0,88823.0,-67838.0,86804.0,-117408.0,,0,0,0,0,0,1,1,2,ADV_NONCONN_IND,35,37,0,-1,0,-1,-1,6507,32,8,unknown,GOOGLE
1030.7280000000028,c4:54:1d:bd:e4:16,16e4bd1d54c40201060303aafe1516aafe00feede5a7b1986e2be4ca5a00002cde000e,-20594.0,88518.0,-78404.0,44177.0,-117253.0,,0,0,0,0,0,1,1,2,ADV_NONCONN_IND,35,37,6,-1,0,-1,-1,2933,32,8,unknown,GOOGLE
1031.023000000001,c2:d0:c8:95:9a:ce,ce9a95c8d0c20201060303aafe1516aafe00feede5a7b1986e2be4ca5a00002cde000d,7108.0,71255.0,-95557.0,99264.0,-121807.0,,0,0,0,0,0,1,1,2,ADV_NONCONN_IND,35,37,8,-1,0,-1,-1,3766,32,8,unknown,GOOGLE
1031.5020000000077,c2:d0:c8:95:9a:ce,ce9a95c8d0c20201060303aafe1516aafe00feede5a7b1986e2be4ca5a00002cde000d,-14662.0,81511.0,-79487.0,77126.0,-108024.0,,0,0,0,0,0,1,1,2,ADV_NONCONN_IND,35,37,1,-1,0,-1,-1,7389,32,8,unknown,GOOGLE
1031.7620000000024,c4:54:1d:bd:e4:16,16e4bd1d54c40201060303aafe1516aafe00feede5a7b1986e2be4ca5a00002cde000e,-10309.0,106284.0,-84484.0,96650.0,-123026.0,,0,0,0,0,0,1,1,2,ADV_NONCONN_IND,35,37,3,-1,0,-1,-1,2471,31,8,unknown,GOOGLE
1032.1570000000063,c2:d0:c8:95:9a:ce,ce9a95c8d0c20201060303aafe1516aafe00feede5a7b1986e2be4ca5a00002cde000d,-3243.0,104569.0,-106910.0,107137.0,-114922.0,,0,0,0,0,0,1,1,2,ADV_NONCONN_IND,35,37,5,-1,0,-1,-1,2079,31,8,unknown,GOOGLE
1032.4230000000098,c4:54:1d:bd:e4:16,16e4bd1d54c40201060303aafe1516aafe00feede5a7b1986e2be4ca5a00002cde000e,-4317.0,103737.0,-59729.0,103493.0,-109541.0,,0,0,0,0,0,1,1,2,ADV_NONCONN_IND,35,37,12,-1,0,-1,-1,2711,31,7,unknown,GOOGLE
1033.5860000000102,c4:54:1d:bd:e4:16,16e4bd1d54c40201060303aafe1516aafe00feede5a7b1986e2be4ca5a00002cde000e,8788.0,97706.0,-105041.0,84738.0,-128867.0,,0,0,0,0,0,1,1,2,ADV_NONCONN_IND,35,37,7,-1,0,-1,-1,3348,32,8,unknown,GOOGLE
1034.671000000002,c4:54:1d:bd:e4:16,16e4bd1d54c40201060303aafe1516aafe00feede5a7b1986e2be4ca5a00002cde000e,-170.0,102424.0,-93525.0,87068.0,-126838.0,,0,0,0,0,0,1,1,2,ADV_NONCONN_IND,35,37,9,-1,0,-1,-1,2050,32,8,unknown,GOOGLE
1035.366000000009,f7:64:a4:e7:d2:20,20d2e7a464f70201060303aafe1516aafe00feede5a7b1986e2be4ca5a00002cde000f,-18426.0,118219.0,-85550.0,94895.0,-120219.0,,0,0,0,0,0,1,1,2,ADV_NONCONN_IND,35,37,15,-1,0,-1,-1,3012,31,8,unknown,GOOGLE
1035.898000000001,f7:64:a4:e7:d2:20,20d2e7a464f70201060303aafe1516aafe00feede5a7b1986e2be4ca5a00002cde000f,1707.0,83280.0,-95401.0,77795.0,-124136.0,,0,0,0,0,0,1,1,2,ADV_NONCONN_IND,35,37,11,-1,0,-1,-1,5988,32,8,unknown,GOOGLE
1036.3470000000088,f7:64:a4:e7:d2:20,20d2e7a464f70201060303aafe1516aafe00feede5a7b1986e2be4ca5a00002cde000f,6037.0,88888.0,-95673.0,74864.0,-116892.0,,0,0,0,0,0,1,1,2,ADV_NONCONN_IND,35,37,7,-1,0,-1,-1,3617,32,8,unknown,GOOGLE
1036.3470000000088,f7:64:a4:e7:d2:20,20d2e7a464f70201060303aafe1516aafe00feede5a7b1986e2be4ca5a00002cde000f,-27400.0,116824.0,-96971.0,93365.0,-129511.0,,0,0,0,0,0,1,1,2,ADV_NONCONN_IND,35,37,1,-1,0,-1,-1,1468,32,8,unknown,GOOGLE
1036.7419999999984,f7:64:a4:e7:d2:20,20d2e7a464f70201060303aafe1516aafe00feede5a7b1986e2be4ca5a00002cde000f,12303.0,73576.0,-103710.0,78620.0,-129247.0,,0,0,0,0,0,1,1,2,ADV_NONCONN_IND,35,37,2,-1,0,-1,-1,6439,32,8,unknown,GOOGLE
1036.7419999999984,f7:64:a4:e7:d2:20,20d2e7a464f70201060303aafe1516aafe00feede5a7b1986e2be4ca5a00002cde000f,-9738.0,90211.0,-87188.0,85044.0,-102718.0,,0,0,0,0,0,1,1,2,ADV_NONCONN_IND,35,37,7,-1,0,-1,-1,5383,32,8,unknown,GOOGLE
1038.0320000000063,e3:9b:a5:cf:51:f8,f851cfa59be30201060303aafe1516aafe00feede5a7b1986e2be4ca5a00002cde0010,-28800.0,98642.0,-88345.0,72119.0,-81611.0,,0,0,0,0,0,1,1,2,ADV_NONCONN_IND,35,37,6,-1,0,-1,-1,2771,32,8,unknown,GOOGLE
1038.0320000000063,49:64:21:ea:29:ba,ba29ea2164490201021816aafe40b337f97a60db21556e0b13e8ffb8dd5a778ffecc,-14976.0,89000.0,-94751.0,88915.0,-150030.0,,0,0,0,0,0,1,1,0,ADV_IND,34,37,15,-1,0,-1,-1,8019,32,8,unknown,GOOGLE
1038.520000000004,e3:9b:a5:cf:51:f8,f851cfa59be30201060303aafe1516aafe00feede5a7b1986e2be4ca5a00002cde0010,-552.0,73671.0,-97971.0,87089.0,-107844.0,,0,0,0,0,0,1,1,2,ADV_NONCONN_IND,35,37,6,-1,0,-1,-1,6715,32,8,unknown,GOOGLE
1039.031000000003,e3:9b:a5:cf:51:f8,f851cfa59be30201060303aafe1516aafe00feede5a7b1986e2be4ca5a00002cde0010,-34015.0,85487.0,-94504.0,71086.0,-85531.0,,0,0,0,0,0,1,1,2,ADV_NONCONN_IND,35,37,8,-1,0,-1,-1,2102,32,8,unknown,GOOGLE
1039.031000000003,e3:9b:a5:cf:51:f8,f851cfa59be30201060303aafe1516aafe00feede5a7b1986e2be4ca5a00002cde0010,-13616.0,82017.0,-97747.0,64227.0,-104973.0,,0,0,0,0,0,1,1,2,ADV_NONCONN_IND,35,37,5,-1,0,-1,-1,8029,32,8,unknown,GOOGLE
1040.173999999999,e3:9b:a5:cf:51:f8,f851cfa59be30201060303aafe1516aafe00feede5a7b1986e2be4ca5a00002cde0010,11280.0,54950.0,-114642.0,87616.0,-110337.0,,0,0,0,0,0,1,1,2,ADV_NONCONN_IND,35,37,5,-1,0,-1,-1,1660,32,8,unknown,GOOGLE
1040.173999999999,e3:9b:a5:cf:51:f8,f851cfa59be30201060303aafe1516aafe00feede5a7b1986e2be4ca5a00002cde0010,13623.0,85511.0,-106395.0,87864.0,-114285.0,,0,0,0,0,0,1,1,2,ADV_NONCONN_IND,35,37,8,-1,0,-1,-1,5800,31,8,unknown,GOOGLE
1042.1120000000085,49:64:21:ea:29:ba,ba29ea2164490201021816aafe40b337f97a60db21556e0b13e8ffb8dd5a778ffecc,-46633.0,83885.0,-91407.0,57602.0,-128051.0,,0,0,0,0,0,1,1,0,ADV_IND,34,37,12,-1,0,-1,-1,6079,31,8,unknown,GOOGLE
1042.1120000000085,d5:b1:f3:07:97:3d,3d9707f3b1d50201060303aafe1516aafe00feede5a7b1986e2be4ca5a00002cde0011,-27154.0,78154.0,-94899.0,71215.0,-137299.0,,0,0,0,0,0,1,1,2,ADV_NONCONN_IND,35,37,0,-1,0,-1,-1,7297,32,8,unknown,GOOGLE
1042.9340000000084,d1:b9:15:48:98:65,65984815b9d10201060303aafe1516aafe00feede5a7b1986e2be4ca5a00002cde0012,-22826.0,79038.0,-94136.0,74981.0,-106213.0,,0,0,0,0,0,1,1,2,ADV_NONCONN_IND,35,37,15,-1,0,-1,-1,4083,32,8,unknown,GOOGLE
1044.9380000000092,d1:b9:15:48:98:65,65984815b9d10201060303aafe1516aafe00feede5a7b1986e2be4ca5a00002cde0012,-14323.0,80541.0,-95859.0,77569.0,-121921.0,,0,0,0,0,0,1,1,2,ADV_NONCONN_IND,35,37,12,-1,0,-1,-1,5998,32,8,unknown,GOOGLE
1046.619000000006,49:64:21:ea:29:ba,ba29ea2164490201021816aafe40b337f97a60db21556e0b13e8ffb8dd5a778ffecc,-20978.0,77135.0,-88728.0,66330.0,-128796.0,,0,0,0,0,0,1,1,0,ADV_IND,34,37,4,-1,0,-1,-1,4582,32,8,unknown,GOOGLE
1050.1059999999998,49:64:21:ea:29:ba,ba29ea2164490201021816aafe40b337f97a60db21556e0b13e8ffb8dd5a778ffecc,-16996.0,80339.0,-79291.0,43825.0,-144611.0,,0,0,0,0,0,1,1,0,ADV_IND,34,37,13,-1,0,-1,-1,1157,32,8,unknown,GOOGLE
1061.7200000000012,d9:99:38:fb:04:6c,6c04fb3899d90201060303aafe1516aafe00feede5a7b1986e2be4ca5a00002cde0015,-18722.0,74737.0,-107739.0,70369.0,-118508.0,,0,0,0,0,0,1,1,2,ADV_NONCONN_IND,35,37,11,-1,0,-1,-1,4762,30,8,unknown,GOOGLE
1062.0,d9:99:38:fb:04:6c,6c04fb3899d90201060303aafe1516aafe00feede5a7b1986e2be4ca5a00002cde0015,-19378.0,81649.0,-110935.0,112300.0,-151349.0,,0,0,0,0,0,1,1,2,ADV_NONCONN_IND,35,37,5,-1,0,-1,-1,1168,32,8,unknown,GOOGLE
1062.738000000012,49:64:21:ea:29:ba,ba29ea2164490201021816aafe40b337f97a60db21556e0b13e8ffb8dd5a778ffecc,-28380.0,58137.0,-91963.0,72498.0,-102945.0,,0,0,0,0,0,1,1,0,ADV_IND,34,37,13,-1,0,-1,-1,7970,32,8,unknown,GOOGLE
1062.738000000012,de:96:2b:3b:c2:d9,d9c23b2b96de1eff4c00121900cb8b3aa89e04dfc4b9c9bc5ec3445dcfe473f88fff310100,-37331.0,63813.0,-107061.0,85018.0,-137832.0,,0,0,0,0,0,1,1,2,ADV_NONCONN_IND,37,37,13,-1,0,-1,-1,5298,32,8,unknown,APPLE
1063.4900000000052,d9:99:38:fb:04:6c,6c04fb3899d90201060303aafe1516aafe00feede5a7b1986e2be4ca5a00002cde0015,-43313.0,80859.0,-94765.0,70704.0,-124550.0,,0,0,0,0,0,1,1,2,ADV_NONCONN_IND,35,37,11,-1,0,-1,-1,7422,31,8,unknown,GOOGLE
1064.2320000000036,ca:ec:3c:ad:9e:5c,5c9ead3cecca0201060303aafe1516aafe00feede5a7b1986e2be4ca5a00002cde0017,-5710.0,79121.0,-100440.0,106051.0,-122910.0,,0,0,0,0,0,1,1,2,ADV_NONCONN_IND,35,37,15,-1,0,-1,-1,4069,32,8,unknown,GOOGLE
1064.2320000000036,ca:ec:3c:ad:9e:5c,5c9ead3cecca0201060303aafe1516aafe00feede5a7b1986e2be4ca5a00002cde0017,-29261.0,109230.0,-95139.0,96911.0,-129757.0,,0,0,0,0,0,1,1,2,ADV_NONCONN_IND,35,37,5,-1,0,-1,-1,4327,32,8,unknown,GOOGLE
1064.2320000000036,49:64:21:ea:29:ba,ba29ea2164490201021816aafe40b337f97a60db21556e0b13e8ffb8dd5a778ffecc,-22942.0,61036.0,-106589.0,83212.0,-123755.0,,0,0,0,0,0,1,1,0,ADV_IND,34,37,4,-1,0,-1,-1,5468,32,8,unknown,GOOGLE
1065.826000000001,c0:b3:ce:e3:d6:f8,f8d6e3ceb3c00201060303aafe1516aafe00feede5a7b1986e2be4ca5a00002cde0018,-12807.0,74605.0,-90560.0,67613.0,-132263.0,,0,0,0,0,0,1,1,2,ADV_NONCONN_IND,35,37,3,-1,0,-1,-1,2656,32,8,unknown,GOOGLE
1066.346000000005,c0:b3:ce:e3:d6:f8,f8d6e3ceb3c00201060303aafe1516aafe00feede5a7b1986e2be4ca5a00002cde0018,-37414.0,91341.0,-110206.0,99609.0,-140820.0,,0,0,0,0,0,1,1,2,ADV_NONCONN_IND,35,37,0,-1,0,-1,-1,3324,32,8,unknown,GOOGLE
1066.346000000005,49:64:21:ea:29:ba,ba29ea2164490201021816aafe40b337f97a60db21556e0b13e8ffb8dd5a778ffecc,-22195.0,103389.0,-105698.0,78485.0,-135809.0,,0,0,0,0,0,1,1,0,ADV_IND,34,37,14,-1,0,-1,-1,6465,32,7,unknown,GOOGLE
1066.346000000005,c0:b3:ce:e3:d6:f8,f8d6e3ceb3c00201060303aafe1516aafe00feede5a7b1986e2be4ca5a00002cde0018,-18947.0,80238.0,-119255.0,107845.0,-146317.0,,0,0,0,0,0,1,1,2,ADV_NONCONN_IND,35,37,9,-1,0,-1,-1,4023,32,8,unknown,GOOGLE
1066.678,c0:b3:ce:e3:d6:f8,f8d6e3ceb3c00201060303aafe1516aafe00feede5a7b1986e2be4ca5a00002cde0018,-5420.0,63174.0,-104942.0,87731.0,-130483.0,,0,0,0,0,0,1,1,2,ADV_NONCONN_IND,35,37,1,-1,0,-1,-1,3153,32,8,unknown,GOOGLE
1066.678,c0:b3:ce:e3:d6:f8,f8d6e3ceb3c00201060303aafe1516aafe00feede5a7b1986e2be4ca5a00002cde0018,-23007.0,74080.0,-105757.0,94987.0,-128009.0,,0,0,0,0,0,1,1,2,ADV_NONCONN_IND,35,37,15,-1,0,-1,-1,6361,32,8,unknown,GOOGLE
1066.678,de:96:2b:3b:c2:d9,d9c23b2b96de1eff4c00121900cb8b3aa89e04dfc4b9c9bc5ec3445dcfe473f88fff310100,-29329.0,73361.0,-118319.0,97765.0,-172950.0,,0,0,0,0,0,1,1,2,ADV_NONCONN_IND,37,37,3,-1,0,-1,-1,4037,32,8,unknown,APPLE
1066.678,c0:b3:ce:e3:d6:f8,f8d6e3ceb3c00201060303aafe1516aafe00feede5a7b1986e2be4ca5a00002cde0018,-24173.0,87071.0,-107043.0,88196.0,-144294.0,,0,0,0,0,0,1,1,2,ADV_NONCONN_IND,35,37,2,-1,0,-1,-1,5023,32,8,unknown,GOOGLE
1068.6940000000031,c3:34:82:ae:73:cc,cc73ae8234c30201060303aafe1516aafe00feede5a7b1986e2be4ca5a00002cde0019,6318.0,77146.0,-81990.0,58560.0,-123891.0,,0,0,0,0,0,1,1,2,ADV_NONCONN_IND,35,37,5,-1,0,-1,-1,2679,32,7,unknown,GOOGLE
1068.6940000000031,49:64:21:ea:29:ba,ba29ea2164490201021816aafe40b337f97a60db21556e0b13e8ffb8dd5a778ffecc,-36986.0,64854.0,-80815.0,66120.0,-115429.0,,0,0,0,0,0,1,1,0,ADV_IND,34,37,14,-1,0,-1,-1,7216,28,7,unknown,GOOGLE
1068.6940000000031,c3:34:82:ae:73:cc,cc73ae8234c30201060303aafe1516aafe00feede5a7b1986e2be4ca5a00002cde0019,-14674.0,75318.0,-91245.0,92871.0,-110753.0,,0,0,0,0,0,1,1,2,ADV_NONCONN_IND,35,37,8,-1,0,-1,-1,3964,32,8,unknown,GOOGLE
1068.6940000000031,c3:34:82:ae:73:cc,cc73ae8234c30201060303aafe1516aafe00feede5a7b1986e2be4ca5a00002cde0019,-24926.0,101580.0,-99514.0,96755.0,-114069.0,,0,0,0,0,0,1,1,2,ADV_NONCONN_IND,35,37,1,-1,0,-1,-1,1110,31,8,unknown,GOOGLE
1068.6940000000031,c3:34:82:ae:73:cc,cc73ae8234c30201060303aafe1516aafe00feede5a7b1986e2be4ca5a00002cde0019,-6637.0,69818.0,-95543.0,86237.0,-94459.0,,0,0,0,0,0,1,1,2,ADV_NONCONN_IND,35,37,10,-1,0,-1,-1,5690,32,8,unknown,GOOGLE
1068.9410000000062,c3:34:82:ae:73:cc,cc73ae8234c30201060303aafe1516aafe00feede5a7b1986e2be4ca5a00002cde0019,-2910.0,64845.0,-83956.0,49559.0,-109254.0,,0,0,0,0,0,1,1,2,ADV_NONCONN_IND,35,37,3,-1,0,-1,-1,6921,31,8,unknown,GOOGLE
1068.9410000000062,c3:34:82:ae:73:cc,cc73ae8234c30201060303aafe1516aafe00feede5a7b1986e2be4ca5a00002cde0019,-10665.0,85515.0,-92874.0,107478.0,-122291.0,,0,0,0,0,0,1,1,2,ADV_NONCONN_IND,35,37,14,-1,0,-1,-1,5484,32,8,unknown,GOOGLE
1069.613000000012,c3:34:82:ae:73:cc,cc73ae8234c30201060303aafe1516aafe00feede5a7b1986e2be4ca5a00002cde0019,-9318.0,90580.0,-80485.0,94668.0,-108854.0,,0,0,0,0,0,1,1,2,ADV_NONCONN_IND,35,37,10,-1,0,-1,-1,1694,31,8,unknown,GOOGLE
1070.3620000000085,fd:36:fc:2e:dc:2e,2edc2efc36fd0201060303aafe1516aafe00feede5a7b1986e2be4ca5a00002cde001a,-24304.0,87536.0,-89164.0,89501.0,-141299.0,,0,0,0,0,0,1,1,2,ADV_NONCONN_IND,35,37,11,-1,0,-1,-1,1783,32,8,unknown,GOOGLE
1070.3620000000085,c3:34:82:ae:73:cc,cc73ae8234c30201060303aafe1516aafe00feede5a7b1986e2be4ca5a00002cde0019,-9955.0,62730.0,-85992.0,78417.0,-110877.0,,0,0,0,0,0,1,1,2,ADV_NONCONN_IND,35,37,11,-1,0,-1,-1,2605,31,8,unknown,GOOGLE
1070.3620000000085,fd:36:fc:2e:dc:2e,2edc2efc36fd0201060303aafe1516aafe00feede5a7b1986e2be4ca5a00002cde001a,-37354.0,85090.0,-73566.0,49447.0,-99383.0,,0,0,0,0,0,1,1,2,ADV_NONCONN_IND,35,37,1,-1,0,-1,-1,5338,32,7,unknown,GOOGLE
1070.673999999999,fd:36:fc:2e:dc:2e,2edc2efc36fd0201060303aafe1516aafe00feede5a7b1986e2be4ca5a00002cde001a,-39616.0,115071.0,-95548.0,103817.0,-122663.0,,0,0,0,0,0,1,1,2,ADV_NONCONN_IND,35,37,12,-1,0,-1,-1,3248,32,8,unknown,GOOGLE
1070.673999999999,de:96:2b:3b:c2:d9,d9c23b2b96de1eff4c00121900cb8b3aa89e04dfc4b9c9bc5ec3445dcfe473f88fff310100,-24370.0,89305.0,-118320.0,101559.0,-170660.0,,0,0,0,0,0,1,1,2,ADV_NONCONN_IND,37,37,4,-1,0,-1,-1,5952,32,7,unknown,APPLE
1070.673999999999,fd:36:fc:2e:dc:2e,2edc2efc36fd0201060303aafe1516aafe00feede5a7b1986e2be4ca5a00002cde001a,512.0,67601.0,-103212.0,81701.0,-127847.0,,0,0,0,0,0,1,1,2,ADV_NONCONN_IND,35,37,11,-1,0,-1,-1,2067,32,8,unknown,GOOGLE
1071.1620000000112,fd:36:fc:2e:dc:2e,2edc2efc36fd0201060303aafe1516aafe00feede5a7b1986e2be4ca5a00002cde001a,-6844.0,61099.0,-86821.0,72610.0,-119218.0,,0,0,0,0,0,1,1,2,ADV_NONCONN_IND,35,37,15,-1,0,-1,-1,1713,32,8,unknown,GOOGLE
1071.4130000000005,fd:36:fc:2e:dc:2e,2edc2efc36fd0201060303aafe1516aafe00feede5a7b1986e2be4ca5a00002cde001a,-30936.0,86985.0,-91236.0,78217.0,-121077.0,,0,0,0,0,0,1,1,2,ADV_NONCONN_IND,35,37,10,-1,0,-1,-1,6664,32,7,unknown,GOOGLE
1072.090000000011,fd:36:fc:2e:dc:2e,2edc2efc36fd0201060303aafe1516aafe00feede5a7b1986e2be4ca5a00002cde001a,-27639.0,86660.0,-108634.0,82351.0,-140673.0,,0,0,0,0,0,1,1,2,ADV_NONCONN_IND,35,37,2,-1,0,-1,-1,1708,29,7,unknown,GOOGLE
1072.523000000001,49:64:21:ea:29:ba,ba29ea2164490201021816aafe40b337f97a60db21556e0b13e8ffb8dd5a778ffecc,-13945.0,83632.0,-95897.0,84437.0,-132078.0,,0,0,0,0,0,1,1,0,ADV_IND,34,37,7,-1,0,-1,-1,4264,32,8,unknown,GOOGLE
1072.523000000001,df:14:62:f8:07:e8,e807f86214df0201060303aafe1516aafe00feede5a7b1986e2be4ca5a00002cde001b,-39843.0,78167.0,-94694.0,94185.0,-88554.0,,0,0,0,0,0,1,1,2,ADV_NONCONN_IND,35,37,14,-1,0,-1,-1,7140,32,8,unknown,GOOGLE
1072.781000000003,df:14:62:f8:07:e8,e807f86214df0201060303aafe1516aafe00feede5a7b1986e2be4ca5a00002cde001b,-33600.0,71419.0,-103542.0,82738.0,-125590.0,,0,0,0,0,0,1,1,2,ADV_NONCONN_IND,35,37,15,-1,0,-1,-1,3058,32,8,unknown,GOOGLE
1073.3210000000108,df:14:62:f8:07:e8,e807f86214df0201060303aafe1516aafe00feede5a7b1986e2be4ca5a00002cde001b,-4059.0,41801.0,-110300.0,81022.0,-120836.0,,0,0,0,0,0,1,1,2,ADV_NONCONN_IND,35,37,10,-1,0,-1,-1,1118,32,8,unknown,GOOGLE
1073.3210000000108,df:14:62:f8:07:e8,e807f86214df0201060303aafe1516aafe00feede5a7b1986e2be4ca5a00002cde001b,-11533.0,84178.0,-98728.0,89081.0,-124710.0,,0,0,0,0,0,1,1,2,ADV_NONCONN_IND,35,37,4,-1,0,-1,-1,8037,32,8,unknown,GOOGLE
1073.3210000000108,df:14:62:f8:07:e8,e807f86214df0201060303aafe1516aafe00feede5a7b1986e2be4ca5a00002cde001b,-8925.0,75478.0,-80389.0,80145.0,-139337.0,,0,0,0,0,0,1,1,2,ADV_NONCONN_IND,35,37,9,-1,0,-1,-1,3592,32,8,unknown,GOOGLE
1073.3210000000108,df:14:62:f8:07:e8,e807f86214df0201060303aafe1516aafe00feede5a7b1986e2be4ca5a00002cde001b,-12399.0,80867.0,-94438.0,49594.0,-98778.0,,0,0,0,0,0,1,1,2,ADV_NONCONN_IND,35,37,9,-1,0,-1,-1,6873,32,8,unknown,GOOGLE
1073.5810000000056,df:14:62:f8:07:e8,e807f86214df0201060303aafe1516aafe00feede5a7b1986e2be4ca5a00002cde001b,-26654.0,102501.0,-97724.0,92702.0,-129824.0,,0,0,0,0,0,1,1,2,ADV_NONCONN_IND,35,37,11,-1,0,-1,-1,2450,32,8,unknown,GOOGLE
1073.5810000000056,df:14:62:f8:07:e8,e807f86214df0201060303aafe1516aafe00feede5a7b1986e2be4ca5a00002cde001b,-14209.0,87289.0,-93480.0,47988.0,-95166.0,,0,0,0,0,0,1,1,2,ADV_NONCONN_IND,35,37,2,-1,0,-1,-1,2583,32,8,unknown,GOOGLE
1073.99500000001,df:14:62:f8:07:e8,e807f86214df0201060303aafe1516aafe00feede5a7b1986e2be4ca5a00002cde001b,-22570.0,85626.0,-88701.0,87609.0,-122260.0,,0,0,0,0,0,1,1,2,ADV_NONCONN_IND,35,37,9,-1,0,-1,-1,1570,32,8,unknown,GOOGLE
1074.2600000000093,df:14:62:f8:07:e8,e807f86214df0201060303aafe1516aafe00feede5a7b1986e2be4ca5a00002cde001b,-3954.0,71521.0,-88165.0,77039.0,-126676.0,,0,0,0,0,0,1,1,2,ADV_NONCONN_IND,35,37,6,-1,0,-1,-1,1554,32,8,unknown,GOOGLE
1074.6500000000087,49:64:21:ea:29:ba,ba29ea2164490201021816aafe40b337f97a60db21556e0b13e8ffb8dd5a778ffecc,-19407.0,90482.0,-100639.0,76563.0,-136058.0,,0,0,0,0,0,1,1,0,ADV_IND,34,37,2,-1,0,-1,-1,3792,31,7,unknown,GOOGLE
1075.2079999999987,eb:db:1c:e2:c2:49,49c2e21cdbeb0201060303aafe1516aafe00feede5a7b1986e2be4ca5a00002cde0016,-21172.0,84052.0,-98656.0,72504.0,-104683.0,,0,0,0,0,0,1,1,2,ADV_NONCONN_IND,35,37,3,-1,0,-1,-1,6707,32,8,unknown,GOOGLE
1075.7060000000056,eb:db:1c:e2:c2:49,49c2e21cdbeb0201060303aafe1516aafe00feede5a7b1986e2be4ca5a00002cde0016,-42487.0,90941.0,-84596.0,66221.0,-117097.0,,0,0,0,0,0,1,1,2,ADV_NONCONN_IND,35,37,2,-1,0,-1,-1,5903,32,8,unknown,GOOGLE
1076.2580000000016,eb:db:1c:e2:c2:49,49c2e21cdbeb0201060303aafe1516aafe00feede5a7b1986e2be4ca5a00002cde0016,-20727.0,75173.0,-112496.0,86530.0,-143206.0,,0,0,0,0,0,1,1,2,ADV_NONCONN_IND,35,37,2,-1,0,-1,-1,3751,32,8,unknown,GOOGLE
1076.8190000000031,49:64:21:ea:29:ba,ba29ea2164490201021816aafe40b337f97a60db21556e0b13e8ffb8dd5a778ffecc,-19506.0,74514.0,-84639.0,40645.0,-139219.0,,0,0,0,0,0,1,1,0,ADV_IND,34,37,7,-1,0,-1,-1,4196,31,7,unknown,GOOGLE
1077.0800000000015,ff:ff:8b:4e:b5:dd,ddb54e8bffff0201060303aafe1516aafe00feede5a7b1986e2be4ca5a00002cde001c,-32888.0,77133.0,-82761.0,94060.0,-95829.0,,0,0,0,0,0,1,1,2,ADV_NONCONN_IND,35,37,3,-1,0,-1,-1,5132,32,8,unknown,GOOGLE
1077.8360000000102,ff:ff:8b:4e:b5:dd,ddb54e8bffff0201060303aafe1516aafe00feede5a7b1986e2be4ca5a00002cde001c,-10242.0,94189.0,-108824.0,96130.0,-131488.0,,0,0,0,0,0,1,1,2,ADV_NONCONN_IND,35,37,2,-1,0,-1,-1,2106,31,8,unknown,GOOGLE
1078.2750000000087,d4:1a:76:1c:4e:ce,ce4e1c761ad40201060303aafe1516aafe00feede5a7b1986e2be4ca5a00002cde001d,-22875.0,84046.0,-80697.0,77008.0,-120876.0,,0,0,0,0,0,1,1,2,ADV_NONCONN_IND,35,37,8,-1,0,-1,-1,7693,32,7,unknown,GOOGLE
1079.2609999999986,d4:1a:76:1c:4e:ce,ce4e1c761ad40201060303aafe1516aafe00feede5a7b1986e2be4ca5a00002cde001d,-545.0,64900.0,-108180.0,87855.0,-105234.0,,0,0,0,0,0,1,1,2,ADV_NONCONN_IND,35,37,14,-1,0,-1,-1,6098,32,7,unknown,GOOGLE
1079.791000000012,d4:1a:76:1c:4e:ce,ce4e1c761ad40201060303aafe1516aafe00feede5a7b1986e2be4ca5a00002cde001d,-5986.0,71573.0,-98357.0,86748.0,-103381.0,,0,0,0,0,0,1,1,2,ADV_NONCONN_IND,35,37,10,-1,0,-1,-1,7049,32,8,unknown,GOOGLE
1079.791000000012,d4:1a:76:1c:4e:ce,ce4e1c761ad40201060303aafe1516aafe00feede5a7b1986e2be4ca5a00002cde001d,-35185.0,74990.0,-78406.0,59224.0,-115830.0,,0,0,0,0,0,1,1,2,ADV_NONCONN_IND,35,37,8,-1,0,-1,-1,1285,32,8,unknown,GOOGLE
1079.791000000012,d4:1a:76:1c:4e:ce,ce4e1c761ad40201060303aafe1516aafe00feede5a7b1986e2be4ca5a00002cde001d,-18677.0,82549.0,-114181.0,117454.0,-105652.0,,0,0,0,0,0,1,1,2,ADV_NONCONN_IND,35,37,7,-1,0,-1,-1,7568,32,8,unknown,GOOGLE
1079.791000000012,d4:1a:76:1c:4e:ce,ce4e1c761ad40201060303aafe1516aafe00feede5a7b1986e2be4ca5a00002cde001d,-10382.0,63158.0,-93087.0,82608.0,-100965.0,,0,0,0,0,0,1,1,2,ADV_NONCONN_IND,35,37,13,-1,0,-1,-1,7921,32,8,unknown,GOOGLE
1080.5280000000057,d4:1a:76:1c:4e:ce,ce4e1c761ad40201060303aafe1516aafe00feede5a7b1986e2be4ca5a00002cde001d,-4194.0,65156.0,-107432.0,105491.0,-121139.0,,0,0,0,0,0,1,1,2,ADV_NONCONN_IND,35,37,11,-1,0,-1,-1,1829,32,8,unknown,GOOGLE
1080.5280000000057,d4:1a:76:1c:4e:ce,ce4e1c761ad40201060303aafe1516aafe00feede5a7b1986e2be4ca5a00002cde001d,-28058.0,86966.0,-96876.0,116399.0,-103539.0,,0,0,0,0,0,1,1,2,ADV_NONCONN_IND,35,37,0,-1,0,-1,-1,4500,31,8,unknown,GOOGLE
1080.5280000000057,d4:1a:76:1c:4e:ce,ce4e1c761ad40201060303aafe1516aafe00feede5a7b1986e2be4ca5a00002cde001d,-2665.0,72139.0,-90254.0,73026.0,-99088.0,,0,0,0,0,0,1,1,2,ADV_NONCONN_IND,35,37,3,-1,0,-1,-1,2310,32,8,unknown,GOOGLE
1080.7890000000043,49:64:21:ea:29:ba,ba29ea2164490201021816aafe40b337f97a60db21556e0b13e8ffb8dd5a778ffecc,-41053.0,80908.0,-82675.0,54489.0,-100434.0,,0,0,0,0,0,1,1,0,ADV_IND,34,37,3,-1,0,-1,-1,2682,32,8,unknown,GOOGLE
1080.7890000000043,d4:1a:76:1c:4e:ce,ce4e1c761ad40201060303aafe1516aafe00feede5a7b1986e2be4ca5a00002cde001d,-1148.0,73034.0,-103660.0,80429.0,-115352.0,,0,0,0,0,0,1,1,2,ADV_NONCONN_IND,35,37,11,-1,0,-1,-1,5265,32,8,unknown,GOOGLE
1080.7890000000043,de:96:2b:3b:c2:d9,d9c23b2b96de1eff4c00121900cb8b3aa89e04dfc4b9c9bc5ec3445dcfe473f88fff310100,-31870.0,70369.0,-105327.0,90637.0,-149570.0,,0,0,0,0,0,1,1,2,ADV_NONCONN_IND,37,37,7,-1,0,-1,-1,1186,32,7,unknown,APPLE
1080.7890000000043,d4:1a:76:1c:4e:ce,ce4e1c761ad40201060303aafe1516aafe00feede5a7b1986e2be4ca5a00002cde001d,-23121.0,98093.0,-80576.0,96244.0,-120798.0,,0,0,0,0,0,1,1,2,ADV_NONCONN_IND,35,37,8,-1,0,-1,-1,4999,32,8,unknown,GOOGLE
1081.488000000012,d4:1a:76:1c:4e:ce,ce4e1c761ad40201060303aafe1516aafe00feede5a7b1986e2be4ca5a00002cde001d,-3561.0,72294.0,-80121.0,93760.0,-119426.0,,0,0,0,0,0,1,1,2,ADV_NONCONN_IND,35,37,2,-1,0,-1,-1,1965,32,8,unknown,GOOGLE
1081.488000000012,d4:1a:76:1c:4e:ce,ce4e1c761ad40201060303aafe1516aafe00feede5a7b1986e2be4ca5a00002cde001d,0.0,78892.0,-106097.0,89147.0,-125325.0,,0,0,0,0,0,1,1,2,ADV_NONCONN_IND,35,37,6,-1,0,-1,-1,4159,32,8,unknown,GOOGLE
1081.488000000012,e6:e5:6d:d9:31:92,9231d96de5e60201060303aafe1516aafe00feede5a7b1986e2be4ca5a00002cde001e,-8530.0,121035.0,-126258.0,106268.0,-130786.0,,0,0,0,0,0,1,1,2,ADV_NONCONN_IND,35,37,8,-1,0,-1,-1,1461,32,8,unknown,GOOGLE
1081.7430000000022,e6:e5:6d:d9:31:92,9231d96de5e60201060303aafe1516aafe00feede5a7b1986e2be4ca5a00002cde001e,5425.0,92385.0,-102939.0,98008.0,-120894.0,,0,0,0,0,0,1,1,2,ADV_NONCONN_IND,35,37,5,-1,0,-1,-1,5335,32,8,unknown,GOOGLE
1082.3600000000006,e6:e5:6d:d9:31:92,9231d96de5e60201060303aafe1516aafe00feede5a7b1986e2be4ca5a00002cde001e,3390.0,79969.0,-83445.0,77115.0,-95931.0,,0,0,0,0,0,1,1,2,ADV_NONCONN_IND,35,37,6,-1,0,-1,-1,3065,32,8,unknown,GOOGLE
1082.3600000000006,e6:e5:6d:d9:31:92,9231d96de5e60201060303aafe1516aafe00feede5a7b1986e2be4ca5a00002cde001e,-28654.0,111601.0,-124245.0,100250.0,-117699.0,,0,0,0,0,0,1,1,2,ADV_NONCONN_IND,35,37,5,-1,0,-1,-1,5277,31,8,unknown,GOOGLE
1082.6730000000098,e6:e5:6d:d9:31:92,9231d96de5e60201060303aafe1516aafe00feede5a7b1986e2be4ca5a00002cde001e,0.0,87394.0,-104002.0,103494.0,-113302.0,,0,0,0,0,0,1,1,2,ADV_NONCONN_IND,35,37,11,-1,0,-1,-1,6470,32,8,unknown,GOOGLE
1082.6730000000098,49:64:21:ea:29:ba,ba29ea2164490201021816aafe40b337f97a60db21556e0b13e8ffb8dd5a778ffecc,-22479.0,94102.0,-90227.0,69553.0,-151718.0,,0,0,0,0,0,1,1,0,ADV_IND,34,37,13,-1,0,-1,-1,1729,32,8,unknown,GOOGLE
1082.6730000000098,e6:e5:6d:d9:31:92,9231d96de5e60201060303aafe1516aafe00feede5a7b1986e2be4ca5a00002cde001e,-18961.0,114759.0,-70244.0,111289.0,-136859.0,,0,0,0,0,0,1,1,2,ADV_NONCONN_IND,35,37,4,-1,0,-1,-1,3022,31,7,unknown,GOOGLE
1083.031000000003,e6:e5:6d:d9:31:92,9231d96de5e60201060303aafe1516aafe00feede5a7b1986e2be4ca5a00002cde001e,-3748.0,89804.0,-92339.0,103310.0,-110469.0,,0,0,0,0,0,1,1,2,ADV_NONCONN_IND,35,37,13,-1,0,-1,-1,6692,31,8,unknown,GOOGLE
1083.031000000003,f4:30:74:86:a4:ed,eda4867430f40201060303aafe1516aafe00feede5a7b1986e2be4ca5a00002cde001f,-8353.0,86667.0,-77013.0,85322.0,-106337.0,,0,0,0,0,0,1,1,2,ADV_NONCONN_IND,35,37,15,-1,0,-1,-1,7973,32,8,unknown,GOOGLE
1083.5580000000043,f4:30:74:86:a4:ed,eda4867430f40201060303aafe1516aafe00feede5a7b1986e2be4ca5a00002cde001f,-6109.0,79651.0,-85061.0,97918.0,-117738.0,,0,0,0,0,0,1,1,2,ADV_NONCONN_IND,35,37,1,-1,0,-1,-1,5518,32,8,unknown,GOOGLE
1083.5580000000043,f4:30:74:86:a4:ed,eda4867430f40201060303aafe1516aafe00feede5a7b1986e2be4ca5a00002cde001f,-2494.0,81795.0,-91323.0,107385.0,-123513.0,,0,0,0,0,0,1,1,2,ADV_NONCONN_IND,35,37,4,-1,0,-1,-1,5774,32,8,unknown,GOOGLE
1083.8329999999987,f4:30:74:86:a4:ed,eda4867430f40201060303aafe1516aafe00feede5a7b1986e2be4ca5a00002cde001f,-895.0,97808.0,-81217.0,80485.0,-137469.0,,0,0,0,0,0,1,1,2,ADV_NONCONN_IND,35,37,14,-1,0,-1,-1,3065,32,8,unknown,GOOGLE
1084.4199999999985,f4:30:74:86:a4:ed,eda4867430f40201060303aafe1516aafe00feede5a7b1986e2be4ca5a00002cde001f,-6657.0,87592.0,-66772.0,70295.0,-122211.0,,0,0,0,0,0,1,1,2,ADV_NONCONN_IND,35,37,11,-1,0,-1,-1,4323,32,8,unknown,GOOGLE
1084.4199999999985,f4:30:74:86:a4:ed,eda4867430f40201060303aafe1516aafe00feede5a7b1986e2be4ca5a00002cde001f,-13890.0,77942.0,-84150.0,85524.0,-120388.0,,0,0,0,0,0,1,1,2,ADV_NONCONN_IND,35,37,8,-1,0,-1,-1,4588,32,8,unknown,GOOGLE
1084.8179999999993,49:64:21:ea:29:ba,ba29ea2164490201021816aafe40b337f97a60db21556e0b13e8ffb8dd5a778ffecc,-16515.0,63575.0,-87317.0,85615.0,-125429.0,,0,0,0,0,0,1,1,0,ADV_IND,34,37,4,-1,0,-1,-1,2738,32,8,unknown,GOOGLE
1084.8179999999993,f4:30:74:86:a4:ed,eda4867430f40201060303aafe1516aafe00feede5a7b1986e2be4ca5a00002cde001f,-18015.0,99384.0,-83077.0,98236.0,-119711.0,,0,0,0,0,0,1,1,2,ADV_NONCONN_IND,35,37,2,-1,0,-1,-1,5270,32,8,unknown,GOOGLE
1085.328999999998,df:ba:8c:be:15:15,1515be8cbadf0201060303aafe1516aafe00feede5a7b1986e2be4ca5a00002cde0020,-31467.0,100395.0,-100320.0,80198.0,-129277.0,,0,0,0,0,0,1,1,2,ADV_NONCONN_IND,35,37,3,-1,0,-1,-1,4695,32,8,unknown,GOOGLE
1085.328999999998,f4:30:74:86:a4:ed,eda4867430f40201060303aafe1516aafe00feede5a7b1986e2be4ca5a00002cde001f,0.0,106317.0,-70162.0,85770.0,-123377.0,,0,0,0,0,0,1,1,2,ADV_NONCONN_IND,35,37,5,-1,0,-1,-1,1641,31,7,unknown,GOOGLE
1085.6850000000122,f4:30:74:86:a4:ed,eda4867430f40201060303aafe1516aafe00feede5a7b1986e2be4ca5a00002cde001f,-4429.0,90687.0,-102535.0,100733.0,-124230.0,,0,0,0,0,0,1,1,2,ADV_NONCONN_IND,35,37,3,-1,0,-1,-1,4816,32,8,unknown,GOOGLE
1085.6850000000122,f4:30:74:86:a4:ed,eda4867430f40201060303aafe1516aafe00feede5a7b1986e2be4ca5a00002cde001f,0.0,71574.0,-79122.0,87038.0,-113749.0,,0,0,0,0,0,1,1,2,ADV_NONCONN_IND,35,37,10,-1,0,-1,-1,7183,32,8,unknown,GOOGLE
1086.1830000000043,f4:30:74:86:a4:ed,eda4867430f40201060303aafe1516aafe00feede5a7b1986e2be4ca5a00002cde001f,-21451.0,95165.0,-80220.0,93899.0,-95468.0,,0,0,0,0,0,1,1,2,ADV_NONCONN_IND,35,37,15,-1,0,-1,-1,2227,31,8,unknown,GOOGLE
1086.1830000000043,f4:30:74:86:a4:ed,eda4867430f40201060303aafe1516aafe00feede5a7b1986e2be4ca5a00002cde001f,-511.0,64438.0,-83686.0,84892.0,-116526.0,,0,0,0,0,0,1,1,2,ADV_NONCONN_IND,35,37,11,-1,0,-1,-1,5204,32,8,unknown,GOOGLE
1086.4500000000116,df:ba:8c:be:15:15,1515be8cbadf0201060303aafe1516aafe00feede5a7b1986e2be4ca5a00002cde0020,-18605.0,79119.0,-108027.0,113781.0,-135369.0,,0,0,0,0,0,1,1,2,ADV_NONCONN_IND,35,37,10,-1,0,-1,-1,3559,32,8,unknown,GOOGLE
1086.8730000000069,49:64:21:ea:29:ba,ba29ea2164490201021816aafe40b337f97a60db21556e0b13e8ffb8dd5a778ffecc,-31076.0,86710.0,-94121.0,70191.0,-145838.0,,0,0,0,0,0,1,1,0,ADV_IND,34,37,3,-1,0,-1,-1,3328,32,8,unknown,GOOGLE
1086.8730000000069,df:ba:8c:be:15:15,1515be8cbadf0201060303aafe1516aafe00feede5a7b1986e2be4ca5a00002cde0020,-37080.0,98526.0,-104427.0,105916.0,-140029.0,,0,0,0,0,0,1,1,2,ADV_NONCONN_IND,35,37,7,-1,0,-1,-1,4434,32,8,unknown,GOOGLE
1086.8730000000069,df:ba:8c:be:15:15,1515be8cbadf0201060303aafe1516aafe00feede5a7b1986e2be4ca5a00002cde0020,-14437.0,89362.0,-87211.0,62116.0,-125240.0,,0,0,0,0,0,1,1,2,ADV_NONCONN_IND,35,37,0,-1,0,-1,-1,1386,32,8,unknown,GOOGLE
1086.8730000000069,df:ba:8c:be:15:15,1515be8cbadf0201060303aafe1516aafe00feede5a7b1986e2be4ca5a00002cde0020,6754.0,75686.0,-89933.0,95222.0,-126971.0,,0,0,0,0,0,1,1,2,ADV_NONCONN_IND,35,37,6,-1,0,-1,-1,2424,32,8,unknown,GOOGLE
1087.122000000003,df:ba:8c:be:15:15,1515be8cbadf0201060303aafe1516aafe00feede5a7b1986e2be4ca5a00002cde0020,-2899.0,90244.0,-78703.0,90121.0,-113141.0,,0,0,0,0,0,1,1,2,ADV_NONCONN_IND,35,37,12,-1,0,-1,-1,7203,32,8,unknown,GOOGLE
1087.122000000003,df:ba:8c:be:15:15,1515be8cbadf0201060303aafe1516aafe00feede5a7b1986e2be4ca5a00002cde0020,-6662.0,104165.0,-110299.0,84072.0,-146741.0,,0,0,0,0,0,1,1,2,ADV_NONCONN_IND,35,37,6,-1,0,-1,-1,7469,32,8,unknown,GOOGLE
1088.2360000000044,df:ba:8c:be:15:15,1515be8cbadf0201060303aafe1516aafe00feede5a7b1986e2be4ca5a00002cde0020,-18717.0,90453.0,-100823.0,97405.0,-129011.0,,0,0,0,0,0,1,1,2,ADV_NONCONN_IND,35,37,12,-1,0,-1,-1,2637,31,8,unknown,GOOGLE
1088.5250000000087,49:64:21:ea:29:ba,ba29ea2164490201021816aafe40b337f97a60db21556e0b13e8ffb8dd5a778ffecc,-39010.0,79511.0,-87687.0,56909.0,-116946.0,,0,0,0,0,0,1,1,0,ADV_IND,34,37,6,-1,0,-1,-1,6950,32,8,unknown,GOOGLE
1088.5250000000087,df:ba:8c:be:15:15,1515be8cbadf0201060303aafe1516aafe00feede5a7b1986e2be4ca5a00002cde0020,-13466.0,98767.0,-101527.0,81397.0,-129402.0,,0,0,0,0,0,1,1,2,ADV_NONCONN_IND,35,37,15,-1,0,-1,-1,2356,32,8,unknown,GOOGLE
1089.2490000000107,ca:d6:e4:f5:e7:4e,4ee7f5e4d6ca0201060303aafe1516aafe00feede5a7b1986e2be4ca5a00002cde0021,-17445.0,93426.0,-96922.0,68145.0,-119765.0,,0,0,0,0,0,1,1,2,ADV_NONCONN_IND,35,37,15,-1,0,-1,-1,7149,32,8,unknown,GOOGLE
1089.2490000000107,de:96:2b:3b:c2:d9,d9c23b2b96de1eff4c00121900cb8b3aa89e04dfc4b9c9bc5ec3445dcfe473f88fff310100,-22871.0,64136.0,-106008.0,74224.0,-132351.0,,0,0,0,0,0,1,1,2,ADV_NONCONN_IND,37,37,12,-1,0,-1,-1,8009,32,8,unknown,APPLE
1089.5030000000115,ca:d6:e4:f5:e7:4e,4ee7f5e4d6ca0201060303aafe1516aafe00feede5a7b1986e2be4ca5a00002cde0021,-6254.0,83537.0,-102970.0,90155.0,-134179.0,,0,0,0,0,0,1,1,2,ADV_NONCONN_IND,35,37,6,-1,0,-1,-1,3722,31,8,unknown,GOOGLE
1089.8830000000016,ca:d6:e4:f5:e7:4e,4ee7f5e4d6ca0201060303aafe1516aafe00feede5a7b1986e2be4ca5a00002cde0021,-16551.0,91767.0,-87461.0,74604.0,-105037.0,,0,0,0,0,0,1,1,2,ADV_NONCONN_IND,35,37,4,-1,0,-1,-1,2071,32,8,unknown,GOOGLE
1089.8830000000016,ca:d6:e4:f5:e7:4e,4ee7f5e4d6ca0201060303aafe1516aafe00feede5a7b1986e2be4ca5a00002cde0021,-34557.0,113947.0,-104960.0,99727.0,-142446.0,,0,0,0,0,0,1,1,2,ADV_NONCONN_IND,35,37,5,-1,0,-1,-1,6902,32,8,unknown,GOOGLE
1090.1889999999985,ca:d6:e4:f5:e7:4e,4ee7f5e4d6ca0201060303aafe1516aafe00feede5a7b1986e2be4ca5a00002cde0021,-12188.0,87571.0,-83464.0,83512.0,-133791.0,,0,0,0,0,0,1,1,2,ADV_NONCONN_IND,35,37,13,-1,0,-1,-1,7708,31,8,unknown,GOOGLE
1090.8840000000057,de:96:2b:3b:c2:d9,d9c23b2b96de1eff4c00121900cb8b3aa89e04dfc4b9c9bc5ec3445dcfe473f88fff310100,-45258.0,80248.0,-117003.0,92490.0,-168104.0,,0,0,0,0,0,1,1,2,ADV_NONCONN_IND,37,37,13,-1,0,-1,-1,3580,32,7,unknown,APPLE
1092.298999999999,de:5f:51:0d:c5:e6,e6c50d515fde0201060303aafe1516aafe00feede5a7b1986e2be4ca5a00002cde0022,-23784.0,109812.0,-116323.0,99810.0,-142431.0,,0,0,0,0,0,1,1,2,ADV_NONCONN_IND,35,37,15,-1,0,-1,-1,5219,31,8,unknown,GOOGLE
1094.4840000000113,de:5f:51:0d:c5:e6,e6c50d515fde0201060303aafe1516aafe00feede5a7b1986e2be4ca5a00002cde0022,-29231.0,96983.0,-72385.0,85410.0,-141379.0,,0,0,0,0,0,1,1,2,ADV_NONCONN_IND,35,37,3,-1,0,-1,-1,4045,32,8,unknown,GOOGLE
1094.7430000000022,de:5f:51:0d:c5:e6,e6c50d515fde0201060303aafe1516aafe00feede5a7b1986e2be4ca5a00002cde0022,-29926.0,81308.0,-86311.0,70800.0,-114867.0,,0,0,0,0,0,1,1,2,ADV_NONCONN_IND,35,37,10,-1,0,-1,-1,2915,32,8,unknown,GOOGLE
1094.7430000000022,de:5f:51:0d:c5:e6,e6c50d515fde0201060303aafe1516aafe00feede5a7b1986e2be4ca5a00002cde0022,-19038.0,89569.0,-82612.0,78922.0,-121202.0,,0,0,0,0,0,1,1,2,ADV_NONCONN_IND,35,37,12,-1,0,-1,-1,6875,32,8,unknown,GOOGLE
1095.2459999999992,de:5f:51:0d:c5:e6,e6c50d515fde0201060303aafe1516aafe00feede5a7b1986e2be4ca5a00002cde0022,-23896.0,96945.0,-90903.0,103910.0,-144528.0,,0,0,0,0,0,1,1,2,ADV_NONCONN_IND,35,37,3,-1,0,-1,-1,6271,32,8,unknown,GOOGLE
1095.2459999999992,de:5f:51:0d:c5:e6,e6c50d515fde0201060303aafe1516aafe00feede5a7b1986e2be4ca5a00002cde0022,-13045.0,97853.0,-100965.0,91636.0,-144074.0,,0,0,0,0,0,1,1,2,ADV_NONCONN_IND,35,37,3,-1,0,-1,-1,4106,30,8,unknown,GOOGLE
1095.2459999999992,de:5f:51:0d:c5:e6,e6c50d515fde0201060303aafe1516aafe00feede5a7b1986e2be4ca5a00002cde0022,-21263.0,83993.0,-96482.0,74764.0,-142032.0,,0,0,0,0,0,1,1,2,ADV_NONCONN_IND,35,37,3,-1,0,-1,-1,5315,32,8,unknown,GOOGLE
1095.4919999999984,de:96:2b:3b:c2:d9,d9c23b2b96de1eff4c00121900cb8b3aa89e04dfc4b9c9bc5ec3445dcfe473f88fff310100,-25904.0,49612.0,-89390.0,66140.0,-135879.0,,0,0,0,0,0,1,1,2,ADV_NONCONN_IND,37,37,12,-1,0,-1,-1,1693,32,8,unknown,APPLE
1095.4919999999984,49:64:21:ea:29:ba,ba29ea2164490201021816aafe40b337f97a60db21556e0b13e8ffb8dd5a778ffecc,-16105.0,70113.0,-93267.0,51334.0,-109659.0,,0,0,0,0,0,1,1,0,ADV_IND,34,37,2,-1,0,-1,-1,2527,32,8,unknown,GOOGLE
1095.7590000000057,de:5f:51:0d:c5:e6,e6c50d515fde0201060303aafe1516aafe00feede5a7b1986e2be4ca5a00002cde0022,-11661.0,100388.0,-77151.0,70929.0,-147526.0,,0,0,0,0,0,1,1,2,ADV_NONCONN_IND,35,37,12,-1,0,-1,-1,7864,32,8,unknown,GOOGLE
1097.025999999998,de:96:2b:3b:c2:d9,d9c23b2b96de1eff4c00121900cb8b3aa89e04dfc4b9c9bc5ec3445dcfe473f88fff310100,-38508.0,80906.0,-111076.0,99962.0,-160998.0,,0,0,0,0,0,1,1,2,ADV_NONCONN_IND,37,37,8,-1,0,-1,-1,4123,32,8,unknown,APPLE
1100.721000000005,de:5f:51:0d:c5:e6,e6c50d515fde0201060303aafe1516aafe00feede5a7b1986e2be4ca5a00002cde0022,-15693.0,97304.0,-93259.0,79171.0,-117792.0,,0,0,0,0,0,1,1,2,ADV_NONCONN_IND,35,37,15,-1,0,-1,-1,5202,31,8,unknown,GOOGLE
1101.399000000005,49:64:21:ea:29:ba,ba29ea2164490201021816aafe40b337f97a60db21556e0b13e8ffb8dd5a778ffecc,-17400.0,69797.0,-83406.0,64490.0,-114437.0,,0,0,0,0,0,1,1,0,ADV_IND,34,37,15,-1,0,-1,-1,7374,32,8,unknown,GOOGLE
1102.8080000000043,de:5f:51:0d:c5:e6,e6c50d515fde0201060303aafe1516aafe00feede5a7b1986e2be4ca5a00002cde0022,-24566.0,97968.0,-88775.0,86329.0,-133583.0,,0,0,0,0,0,1,1,2,ADV_NONCONN_IND,35,37,13,-1,0,-1,-1,1874,30,7,unknown,GOOGLE
1102.8080000000043,de:96:2b:3b:c2:d9,d9c23b2b96de1eff4c00121900cb8b3aa89e04dfc4b9c9bc5ec3445dcfe473f88fff310100,-29027.0,85600.0,-114703.0,93089.0,-159819.0,,0,0,0,0,0,1,1,2,ADV_NONCONN_IND,37,37,10,-1,0,-1,-1,4820,32,7,unknown,APPLE
1103.1730000000098,de:5f:51:0d:c5:e6,e6c50d515fde0201060303aafe1516aafe00feede5a7b1986e2be4ca5a00002cde0022,-6091.0,80022.0,-74074.0,52840.0,-126027.0,,0,0,0,0,0,1,1,2,ADV_NONCONN_IND,35,37,4,-1,0,-1,-1,5038,32,7,unknown,GOOGLE
1103.5449999999985,49:64:21:ea:29:ba,ba29ea2164490201021816aafe40b337f97a60db21556e0b13e8ffb8dd5a778ffecc,-16808.0,89499.0,-95178.0,60239.0,-129300.0,,0,0,0,0,0,1,1,0,ADV_IND,34,37,3,-1,0,-1,-1,1998,32,8,unknown,GOOGLE
1105.6840000000084,de:5f:51:0d:c5:e6,e6c50d515fde0201060303aafe1516aafe00feede5a7b1986e2be4ca5a00002cde0022,-18867.0,87527.0,-92620.0,92270.0,-135339.0,,0,0,0,0,0,1,1,2,ADV_NONCONN_IND,35,37,9,-1,0,-1,-1,6736,31,8,unknown,GOOGLE
1106.9000000000087,de:96:2b:3b:c2:d9,d9c23b2b96de1eff4c00121900cb8b3aa89e04dfc4b9c9bc5ec3445dcfe473f88fff310100,-31037.0,50936.0,-95066.0,60752.0,-147472.0,,0,0,0,0,0,1,1,2,ADV_NONCONN_IND,37,37,15,-1,0,-1,-1,5150,32,7,unknown,APPLE
1108.3270000000048,de:5f:51:0d:c5:e6,e6c50d515fde0201060303aafe1516aafe00feede5a7b1986e2be4ca5a00002cde0022,-39471.0,96261.0,-96993.0,94229.0,-131459.0,,0,0,0,0,0,1,1,2,ADV_NONCONN_IND,35,37,13,-1,0,-1,-1,3922,31,8,unknown,GOOGLE
1109.0030000000115,de:5f:51:0d:c5:e6,e6c50d515fde0201060303aafe1516aafe00feede5a7b1986e2be4ca5a00002cde0022,-8055.0,69772.0,-113146.0,97389.0,-133934.0,,0,0,0,0,0,1,1,2,ADV_NONCONN_IND,35,37,5,-1,0,-1,-1,2973,31,8,unknown,GOOGLE
1111.222999999998,de:96:2b:3b:c2:d9,d9c23b2b96de1eff4c00121900cb8b3aa89e04dfc4b9c9bc5ec3445dcfe473f88fff310100,-23210.0,63845.0,-104609.0,86559.0,-138046.0,,0,0,0,0,0,1,1,2,ADV_NONCONN_IND,37,37,5,-1,0,-1,-1,5805,32,8,unknown,APPLE
1111.4830000000077,ca:f5:17:ed:a0:86,86a0ed17f5ca0201060303aafe1516aafe00feede5a7b1986e2be4ca5a00002cde0023,0.0,97003.0,-86151.0,85606.0,-100745.0,,0,0,0,0,0,1,1,2,ADV_NONCONN_IND,35,37,12,-1,0,-1,-1,4086,32,8,unknown,GOOGLE
1111.4830000000077,ca:f5:17:ed:a0:86,86a0ed17f5ca0201060303aafe1516aafe00feede5a7b1986e2be4ca5a00002cde0023,2936.0,72359.0,-100587.0,81735.0,-110700.0,,0,0,0,0,0,1,1,2,ADV_NONCONN_IND,35,37,12,-1,0,-1,-1,7316,32,8,unknown,GOOGLE
1111.4830000000077,49:64:21:ea:29:ba,ba29ea2164490201021816aafe40b337f97a60db21556e0b13e8ffb8dd5a778ffecc,-10928.0,72993.0,-88378.0,48463.0,-122312.0,,0,0,0,0,0,1,1,0,ADV_IND,34,37,9,-1,0,-1,-1,5455,32,8,unknown,GOOGLE
1112.1850000000122,ca:f5:17:ed:a0:86,86a0ed17f5ca0201060303aafe1516aafe00feede5a7b1986e2be4ca5a00002cde0023,9917.0,89592.0,-101601.0,99706.0,-127976.0,,0,0,0,0,0,1,1,2,ADV_NONCONN_IND,35,37,2,-1,0,-1,-1,2542,32,8,unknown,GOOGLE
1112.1850000000122,ca:f5:17:ed:a0:86,86a0ed17f5ca0201060303aafe1516aafe00feede5a7b1986e2be4ca5a00002cde0023,-22724.0,95484.0,-92935.0,112190.0,-124158.0,,0,0,0,0,0,1,1,2,ADV_NONCONN_IND,35,37,10,-1,0,-1,-1,2482,32,8,unknown,GOOGLE
1112.4520000000048,ca:f5:17:ed:a0:86,86a0ed17f5ca0201060303aafe1516aafe00feede5a7b1986e2be4ca5a00002cde0023,-712.0,126752.0,-93672.0,109035.0,-108881.0,,0,0,0,0,0,1,1,2,ADV_NONCONN_IND,35,37,0,-1,0,-1,-1,1033,32,8,unknown,GOOGLE
1112.721000000005,ca:f5:17:ed:a0:86,86a0ed17f5ca0201060303aafe1516aafe00feede5a7b1986e2be4ca5a00002cde0023,0.0,109968.0,-110680.0,105661.0,-114164.0,,0,0,0,0,0,1,1,2,ADV_NONCONN_IND,35,37,6,-1,0,-1,-1,4990,29,8,unknown,GOOGLE
1114.596000000005,e6:41:bd:b7:dd:e7,e7ddb7bd41e60201060303aafe1516aafe00feede5a7b1986e2be4ca5a00002cde0024,-10331.0,79367.0,-81255.0,53748.0,-114964.0,,0,0,0,0,0,1,1,2,ADV_NONCONN_IND,35,37,8,-1,0,-1,-1,2345,32,7,unknown,GOOGLE
1114.596000000005,e6:41:bd:b7:dd:e7,e7ddb7bd41e60201060303aafe1516aafe00feede5a7b1986e2be4ca5a00002cde0024,14687.0,84742.0,-112440.0,119819.0,-130478.0,,0,0,0,0,0,1,1,2,ADV_NONCONN_IND,35,37,9,-1,0,-1,-1,4459,32,8,unknown,GOOGLE
1115.4630000000034,e6:41:bd:b7:dd:e7,e7ddb7bd41e60201060303aafe1516aafe00feede5a7b1986e2be4ca5a00002cde0024,-21496.0,72677.0,-66401.0,65205.0,-102892.0,,0,0,0,0,0,1,1,2,ADV_NONCONN_IND,35,37,1,-1,0,-1,-1,6001,32,8,unknown,GOOGLE
1116.6090000000113,e6:41:bd:b7:dd:e7,e7ddb7bd41e60201060303aafe1516aafe00feede5a7b1986e2be4ca5a00002cde0024,-13697.0,91176.0,-73860.0,75057.0,-129811.0,,0,0,0,0,0,1,1,2,ADV_NONCONN_IND,35,37,3,-1,0,-1,-1,2356,32,8,unknown,GOOGLE
1117.053,de:96:2b:3b:c2:d9,d9c23b2b96de1eff4c00121900cb8b3aa89e04dfc4b9c9bc5ec3445dcfe473f88fff310100,-13256.0,53559.0,-97428.0,71605.0,-152714.0,,0,0,0,0,0,1,1,2,ADV_NONCONN_IND,37,37,5,-1,0,-1,-1,6273,32,8,unknown,APPLE
1117.053,cf:a3:2f:a7:02:c5,c502a72fa3cf0201060303aafe1516aafe00feede5a7b1986e2be4ca5a00002cde0025,-18226.0,84864.0,-96808.0,80138.0,-100034.0,,0,0,0,0,0,1,1,2,ADV_NONCONN_IND,35,37,1,-1,0,-1,-1,6578,32,8,unknown,GOOGLE
1118.9579999999987,f2:a9:b1:2f:8b:ac,ac8b2fb1a9f20201060303aafe1516aafe00feede5a7b1986e2be4ca5a00002cde0026,-12574.0,79084.0,-121797.0,87451.0,-122556.0,,0,0,0,0,0,1,1,2,ADV_NONCONN_IND,35,37,4,-1,0,-1,-1,3556,32,8,unknown,GOOGLE
1118.9579999999987,de:96:2b:3b:c2:d9,d9c23b2b96de1eff4c00121900cb8b3aa89e04dfc4b9c9bc5ec3445dcfe473f88fff310100,-27197.0,53985.0,-102088.0,72345.0,-124792.0,,0,0,0,0,0,1,1,2,ADV_NONCONN_IND,37,37,2,-1,0,-1,-1,2470,32,7,unknown,APPLE
1119.726999999999,f2:a9:b1:2f:8b:ac,ac8b2fb1a9f20201060303aafe1516aafe00feede5a7b1986e2be4ca5a00002cde0026,-17565.0,81930.0,-88109.0,80366.0,-92670.0,,0,0,0,0,0,1,1,2,ADV_NONCONN_IND,35,37,11,-1,0,-1,-1,4516,32,8,unknown,GOOGLE
1119.726999999999,49:64:21:ea:29:ba,ba29ea2164490201021816aafe40b337f97a60db21556e0b13e8ffb8dd5a778ffecc,-16538.0,62494.0,-95295.0,54375.0,-128852.0,,0,0,0,0,0,1,1,0,ADV_IND,34,37,13,-1,0,-1,-1,988,32,7,unknown,GOOGLE
1127.1800000000076,de:96:2b:3b:c2:d9,d9c23b2b96de1eff4c00121900cb8b3aa89e04dfc4b9c9bc5ec3445dcfe473f88fff310100,-12737.0,60941.0,-110892.0,93062.0,-160257.0,,0,0,0,0,0,1,1,2,ADV_NONCONN_IND,37,37,8,-1,0,-1,-1,2827,32,8,unknown,APPLE
1128.0840000000026,49:64:21:ea:29:ba,ba29ea2164490201021816aafe40b337f97a60db21556e0b13e8ffb8dd5a778ffecc,-47054.0,66187.0,-89437.0,78197.0,-125883.0,,0,0,0,0,0,1,1,0,ADV_IND,34,37,1,-1,0,-1,-1,5214,32,8,unknown,GOOGLE
1128.9389999999985,de:96:2b:3b:c2:d9,d9c23b2b96de1eff4c00121900cb8b3aa89e04dfc4b9c9bc5ec3445dcfe473f88fff310100,-18931.0,59462.0,-108898.0,87008.0,-156565.0,,0,0,0,0,0,1,1,2,ADV_NONCONN_IND,37,37,15,-1,0,-1,-1,5003,30,8,unknown,APPLE
1133.303,de:96:2b:3b:c2:d9,d9c23b2b96de1eff4c00121900cb8b3aa89e04dfc4b9c9bc5ec3445dcfe473f88fff310100,-31587.0,68122.0,-117228.0,84162.0,-158733.0,,0,0,0,0,0,1,1,2,ADV_NONCONN_IND,37,37,1,-1,0,-1,-1,5337,32,7,unknown,APPLE
1135.036000000007,de:96:2b:3b:c2:d9,d9c23b2b96de1eff4c00121900cb8b3aa89e04dfc4b9c9bc5ec3445dcfe473f88fff310100,-32405.0,85239.0,-110447.0,93335.0,-170218.0,,0,0,0,0,0,1,1,2,ADV_NONCONN_IND,37,37,14,-1,0,-1,-1,7046,32,7,unknown,APPLE
1136.4120000000112,49:64:21:ea:29:ba,ba29ea2164490201021816aafe40b337f97a60db21556e0b13e8ffb8dd5a778ffecc,-31785.0,61797.0,-101554.0,82046.0,-126798.0,,0,0,0,0,0,1,1,0,ADV_IND,34,37,8,-1,0,-1,-1,6907,31,8,unknown,GOOGLE
1137.2490000000107,de:96:2b:3b:c2:d9,d9c23b2b96de1eff4c00121900cb8b3aa89e04dfc4b9c9bc5ec3445dcfe473f88fff310100,-40425.0,78342.0,-105960.0,80054.0,-172736.0,,0,0,0,0,0,1,1,2,ADV_NONCONN_IND,37,37,13,-1,0,-1,-1,6488,32,8,unknown,APPLE
1138.2550000000049,48:13:39:35:eb:9b,9beb353913480201021816aafe40184f6631e89713c3da1bdeaa5a0d248a166e7bcb,0.0,88083.0,-91904.0,96545.0,-141574.0,,0,0,0,0,0,1,1,0,ADV_IND,34,37,3,-1,0,-1,-1,1951,32,8,unknown,GOOGLE
1142.491000000009,48:13:39:35:eb:9b,9beb353913480201021816aafe40184f6631e89713c3da1bdeaa5a0d248a166e7bcb,-12113.0,106125.0,-104701.0,84955.0,-150823.0,,0,0,0,0,0,1,1,0,ADV_IND,34,37,3,-1,0,-1,-1,6142,32,8,unknown,GOOGLE
1144.3390000000072,48:13:39:35:eb:9b,9beb353913480201021816aafe40184f6631e89713c3da1bdeaa5a0d248a166e7bcb,-15788.0,95490.0,-61765.0,60747.0,-140488.0,,0,0,0,0,0,1,1,0,ADV_IND,34,37,12,-1,0,-1,-1,1922,32,8,unknown,GOOGLE
1144.3390000000072,49:64:21:ea:29:ba,ba29ea2164490201021816aafe40b337f97a60db21556e0b13e8ffb8dd5a778ffecc,-22258.0,93376.0,-92795.0,82795.0,-144923.0,,0,0,0,0,0,1,1,0,ADV_IND,34,37,11,-1,0,-1,-1,1991,31,8,unknown,GOOGLE
1148.1330000000016,49:64:21:ea:29:ba,ba29ea2164490201021816aafe40b337f97a60db21556e0b13e8ffb8dd5a778ffecc,-23385.0,90653.0,-85391.0,43485.0,-119778.0,,0,0,0,0,0,1,1,0,ADV_IND,34,37,3,-1,0,-1,-1,7903,32,8,unknown,GOOGLE
1148.4230000000098,48:13:39:35:eb:9b,9beb353913480201021816aafe40184f6631e89713c3da1bdeaa5a0d248a166e7bcb,-11605.0,101764.0,-95753.0,80866.0,-145226.0,,0,0,0,0,0,1,1,0,ADV_IND,34,37,12,-1,0,-1,-1,3497,32,8,unknown,GOOGLE
1150.363000000012,48:13:39:35:eb:9b,9beb353913480201021816aafe40184f6631e89713c3da1bdeaa5a0d248a166e7bcb,-28304.0,101481.0,-68593.0,94655.0,-153752.0,,0,0,0,0,0,1,1,0,ADV_IND,34,37,10,-1,0,-1,-1,2135,32,8,unknown,GOOGLE
1152.1240000000107,49:64:21:ea:29:ba,ba29ea2164490201021816aafe40b337f97a60db21556e0b13e8ffb8dd5a778ffecc,-7139.0,75014.0,-97790.0,71901.0,-142690.0,,0,0,0,0,0,1,1,0,ADV_IND,34,37,15,-1,0,-1,-1,5911,32,8,unknown,GOOGLE
1152.1240000000107,48:13:39:35:eb:9b,9beb353913480201021816aafe40184f6631e89713c3da1bdeaa5a0d248a166e7bcb,-5717.0,82991.0,-81314.0,52371.0,-128368.0,,0,0,0,0,0,1,1,0,ADV_IND,34,37,4,-1,0,-1,-1,5264,32,8,unknown,GOOGLE
1153.1670000000013,de:96:2b:3b:c2:d9,d9c23b2b96de1eff4c00121900cb8b3aa89e04dfc4b9c9bc5ec3445dcfe473f88fff310100,-30265.0,90741.0,-107503.0,101830.0,-158589.0,,0,0,0,0,0,1,1,2,ADV_NONCONN_IND,37,37,0,-1,0,-1,-1,5776,32,8,unknown,APPLE
1154.166000000012,49:64:21:ea:29:ba,ba29ea2164490201021816aafe40b337f97a60db21556e0b13e8ffb8dd5a778ffecc,-33086.0,83460.0,-94141.0,55581.0,-136072.0,,0,0,0,0,0,1,1,0,ADV_IND,34,37,13,-1,0,-1,-1,7501,32,8,unknown,GOOGLE
1155.494000000006,48:13:39:35:eb:9b,9beb353913480201021816aafe40184f6631e89713c3da1bdeaa5a0d248a166e7bcb,-15407.0,81186.0,-93334.0,87815.0,-134226.0,,0,0,0,0,0,1,1,0,ADV_IND,34,37,10,-1,0,-1,-1,1409,32,8,unknown,GOOGLE
1158.9700000000012,de:96:2b:3b:c2:d9,d9c23b2b96de1eff4c00121900cb8b3aa89e04dfc4b9c9bc5ec3445dcfe473f88fff310100,-28840.0,65149.0,-115859.0,93409.0,-143843.0,,0,0,0,0,0,1,1,2,ADV_NONCONN_IND,37,37,9,-1,0,-1,-1,4111,32,8,unknown,APPLE
1161.351999999999,de:96:2b:3b:c2:d9,d9c23b2b96de1eff4c00121900cb8b3aa89e04dfc4b9c9bc5ec3445dcfe473f88fff310100,-49888.0,96988.0,-129223.0,98670.0,-167291.0,,0,0,0,0,0,1,1,2,ADV_NONCONN_IND,37,37,5,-1,0,-1,-1,2268,32,8,unknown,APPLE
1162.13900000001,49:64:21:ea:29:ba,ba29ea2164490201021816aafe40b337f97a60db21556e0b13e8ffb8dd5a778ffecc,-24543.0,86992.0,-70549.0,45031.0,-150577.0,,0,0,0,0,0,1,1,0,ADV_IND,34,37,6,-1,0,-1,-1,6523,31,8,unknown,GOOGLE
1164.4800000000105,48:13:39:35:eb:9b,9beb353913480201021816aafe40184f6631e89713c3da1bdeaa5a0d248a166e7bcb,-13384.0,108406.0,-82679.0,104339.0,-135013.0,,0,0,0,0,0,1,1,0,ADV_IND,34,37,10,-1,0,-1,-1,3606,32,7,unknown,GOOGLE
1172.5040000000008,49:64:21:ea:29:ba,ba29ea2164490201021816aafe40b337f97a60db21556e0b13e8ffb8dd5a778ffecc,-16632.0,85596.0,-95963.0,75461.0,-129823.0,,0,0,0,0,0,1,1,0,ADV_IND,34,37,10,-1,0,-1,-1,4728,32,8,unknown,GOOGLE
1177.1059999999998,de:96:2b:3b:c2:d9,d9c23b2b96de1eff4c00121900cb8b3aa89e04dfc4b9c9bc5ec3445dcfe473f88fff310100,-22702.0,70569.0,-106193.0,94246.0,-171244.0,,0,0,0,0,0,1,1,2,ADV_NONCONN_IND,37,37,5,-1,0,-1,-1,1075,31,7,unknown,APPLE
1179.3790000000008,de:96:2b:3b:c2:d9,d9c23b2b96de1eff4c00121900cb8b3aa89e04dfc4b9c9bc5ec3445dcfe473f88fff310100,-42428.0,78842.0,-109554.0,93340.0,-128073.0,,0,0,0,0,0,1,1,2,ADV_NONCONN_IND,37,37,6,-1,0,-1,-1,6372,32,8,unknown,APPLE
1180.5679999999993,49:64:21:ea:29:ba,ba29ea2164490201021816aafe40b337f97a60db21556e0b13e8ffb8dd5a778ffecc,-6922.0,90098.0,-119376.0,84733.0,-144201.0,,0,0,0,0,0,1,1,0,ADV_IND,34,37,2,-1,0,-1,-1,7261,31,7,unknown,GOOGLE
1183.698000000004,de:96:2b:3b:c2:d9,d9c23b2b96de1eff4c00121900cb8b3aa89e04dfc4b9c9bc5ec3445dcfe473f88fff310100,-18389.0,83360.0,-117836.0,88728.0,-163381.0,,0,0,0,0,0,1,1,2,ADV_NONCONN_IND,37,37,13,-1,0,-1,-1,3277,31,8,unknown,APPLE
1184.7820000000063,49:64:21:ea:29:ba,ba29ea2164490201021816aafe40b337f97a60db21556e0b13e8ffb8dd5a778ffecc,-31363.0,82277.0,-90146.0,76167.0,-135899.0,,0,0,0,0,0,1,1,0,ADV_IND,34,37,14,-1,0,-1,-1,6088,32,8,unknown,GOOGLE
1186.1150000000052,de:96:2b:3b:c2:d9,d9c23b2b96de1eff4c00121900cb8b3aa89e04dfc4b9c9bc5ec3445dcfe473f88fff310100,-13260.0,77821.0,-111956.0,71173.0,-125134.0,,0,0,0,0,0,1,1,2,ADV_NONCONN_IND,37,37,11,-1,0,-1,-1,6501,32,8,unknown,APPLE
1188.7280000000028,49:64:21:ea:29:ba,ba29ea2164490201021816aafe40b337f97a60db21556e0b13e8ffb8dd5a778ffecc,-29776.0,75512.0,-92771.0,72643.0,-96636.0,,0,0,0,0,0,1,1,0,ADV_IND,34,37,2,-1,0,-1,-1,2674,32,8,unknown,GOOGLE
1191.0290000000095,49:64:21:ea:29:ba,ba29ea2164490201021816aafe40b337f97a60db21556e0b13e8ffb8dd5a778ffecc,-29092.0,91543.0,-102035.0,83519.0,-127715.0,,0,0,0,0,0,1,1,0,ADV_IND,34,37,15,-1,0,-1,-1,6825,32,8,unknown,GOOGLE
1192.843000000008,49:64:21:ea:29:ba,ba29ea2164490201021816aafe40b337f97a60db21556e0b13e8ffb8dd5a778ffecc,-22697.0,86272.0,-84081.0,57020.0,-153273.0,,0,0,0,0,0,1,1,0,ADV_IND,34,37,8,-1,0,-1,-1,2406,32,8,unknown,GOOGLE
1192.843000000008,48:13:39:35:eb:9b,9beb353913480201021816aafe40184f6631e89713c3da1bdeaa5a0d248a166e7bcb,-25309.0,109005.0,-85278.0,90236.0,-137758.0,,0,0,0,0,0,1,1,0,ADV_IND,34,37,12,-1,0,-1,-1,3428,32,8,unknown,GOOGLE
1194.928,49:64:21:ea:29:ba,ba29ea2164490201021816aafe40b337f97a60db21556e0b13e8ffb8dd5a778ffecc,-34633.0,88996.0,-87083.0,74212.0,-140377.0,,0,0,0,0,0,1,1,0,ADV_IND,34,37,2,-1,0,-1,-1,1853,32,8,unknown,GOOGLE
1194.928,48:13:39:35:eb:9b,9beb353913480201021816aafe40184f6631e89713c3da1bdeaa5a0d248a166e7bcb,-2853.0,88531.0,-87126.0,69321.0,-133462.0,,0,0,0,0,0,1,1,0,ADV_IND,34,37,6,-1,0,-1,-1,5210,32,8,unknown,GOOGLE
1197.0860000000102,49:64:21:ea:29:ba,ba29ea2164490201021816aafe40b337f97a60db21556e0b13e8ffb8dd5a778ffecc,-19167.0,64132.0,-84251.0,50908.0,-126431.0,,0,0,0,0,0,1,1,0,ADV_IND,34,37,10,-1,0,-1,-1,6915,32,8,unknown,GOOGLE
1197.4750000000058,de:96:2b:3b:c2:d9,d9c23b2b96de1eff4c00121900cb8b3aa89e04dfc4b9c9bc5ec3445dcfe473f88fff310100,-44730.0,72248.0,-124492.0,94777.0,-161295.0,,0,0,0,0,0,1,1,2,ADV_NONCONN_IND,37,37,11,-1,0,-1,-1,6958,32,8,unknown,APPLE
1198.968000000008,48:13:39:35:eb:9b,9beb353913480201021816aafe40184f6631e89713c3da1bdeaa5a0d248a166e7bcb,1468.0,101606.0,-114084.0,95180.0,-144414.0,,0,0,0,0,0,1,1,0,ADV_IND,34,37,12,-1,0,-1,-1,1058,32,8,unknown,GOOGLE
1199.4820000000036,de:96:2b:3b:c2:d9,d9c23b2b96de1eff4c00121900cb8b3aa89e04dfc4b9c9bc5ec3445dcfe473f88fff310100,-30529.0,71544.0,-96656.0,79414.0,-152940.0,,0,0,0,0,0,1,1,2,ADV_NONCONN_IND,37,37,3,-1,0,-1,-1,5463,32,8,unknown,APPLE
1201.0020000000077,48:13:39:35:eb:9b,9beb353913480201021816aafe40184f6631e89713c3da1bdeaa5a0d248a166e7bcb,-6523.0,95235.0,-73807.0,55314.0,-136920.0,,0,0,0,0,0,1,1,0,ADV_IND,34,37,8,-1,0,-1,-1,2079,32,8,unknown,GOOGLE
1201.0020000000077,49:64:21:ea:29:ba,ba29ea2164490201021816aafe40b337f97a60db21556e0b13e8ffb8dd5a778ffecc,-36116.0,86587.0,-90321.0,65275.0,-124141.0,,0,0,0,0,0,1,1,0,ADV_IND,34,37,3,-1,0,-1,-1,2547,32,8,unknown,GOOGLE
1201.7130000000034,de:96:2b:3b:c2:d9,d9c23b2b96de1eff4c00121900cb8b3aa89e04dfc4b9c9bc5ec3445dcfe473f88fff310100,-28756.0,80052.0,-118872.0,98137.0,-157751.0,,0,0,0,0,0,1,1,2,ADV_NONCONN_IND,37,37,15,-1,0,-1,-1,2759,31,8,unknown,APPLE
1203.2260000000097,48:13:39:35:eb:9b,9beb353913480201021816aafe40184f6631e89713c3da1bdeaa5a0d248a166e7bcb,-16535.0,109738.0,-114459.0,95949.0,-136587.0,,0,0,0,0,0,1,1,0,ADV_IND,34,37,3,-1,0,-1,-1,2353,32,7,unknown,GOOGLE
1204.974000000002,49:64:21:ea:29:ba,ba29ea2164490201021816aafe40b337f97a60db21556e0b13e8ffb8dd5a778ffecc,-41307.0,87026.0,-86806.0,65015.0,-144520.0,,0,0,0,0,0,1,1,0,ADV_IND,34,37,2,-1,0,-1,-1,3672,31,8,unknown,GOOGLE
1205.4590000000026,de:96:2b:3b:c2:d9,d9c23b2b96de1eff4c00121900cb8b3aa89e04dfc4b9c9bc5ec3445dcfe473f88fff310100,-24680.0,63453.0,-120205.0,94925.0,-156698.0,,0,0,0,0,0,1,1,2,ADV_NONCONN_IND,37,37,13,-1,0,-1,-1,4682,32,8,unknown,APPLE
1205.4590000000026,48:13:39:35:eb:9b,9beb353913480201021816aafe40184f6631e89713c3da1bdeaa5a0d248a166e7bcb,-13035.0,99016.0,-92619.0,56408.0,-130989.0,,0,0,0,0,0,1,1,0,ADV_IND,34,37,7,-1,0,-1,-1,6382,32,8,unknown,GOOGLE
1207.5890000000072,de:96:2b:3b:c2:d9,d9c23b2b96de1eff4c00121900cb8b3aa89e04dfc4b9c9bc5ec3445dcfe473f88fff310100,-42762.0,60502.0,-107676.0,88844.0,-141068.0,,0,0,0,0,0,1,1,2,ADV_NONCONN_IND,37,37,14,-1,0,-1,-1,2609,32,7,unknown,APPLE
1207.5890000000072,48:13:39:35:eb:9b,9beb353913480201021816aafe40184f6631e89713c3da1bdeaa5a0d248a166e7bcb,-12990.0,90319.0,-82537.0,76637.0,-135957.0,,0,0,0,0,0,1,1,0,ADV_IND,34,37,3,-1,0,-1,-1,7162,32,8,unknown,GOOGLE
1208.9809999999998,49:64:21:ea:29:ba,ba29ea2164490201021816aafe40b337f97a60db21556e0b13e8ffb8dd5a778ffecc,-35204.0,84586.0,-97961.0,86234.0,-145023.0,,0,0,0,0,0,1,1,0,ADV_IND,34,37,11,-1,0,-1,-1,6471,31,8,unknown,GOOGLE
1211.3780000000115,49:64:21:ea:29:ba,ba29ea2164490201021816aafe40b337f97a60db21556e0b13e8ffb8dd5a778ffecc,-19020.0,99216.0,-105979.0,78286.0,-143639.0,,0,0,0,0,0,1,1,0,ADV_IND,34,37,12,-1,0,-1,-1,7910,32,8,unknown,GOOGLE
1211.3780000000115,de:96:2b:3b:c2:d9,d9c23b2b96de1eff4c00121900cb8b3aa89e04dfc4b9c9bc5ec3445dcfe473f88fff310100,-32907.0,74592.0,-116493.0,100336.0,-146351.0,,0,0,0,0,0,1,1,2,ADV_NONCONN_IND,37,37,13,-1,0,-1,-1,4511,32,8,unknown,APPLE
1211.3780000000115,48:13:39:35:eb:9b,9beb353913480201021816aafe40184f6631e89713c3da1bdeaa5a0d248a166e7bcb,-8563.0,96687.0,-103700.0,72937.0,-141067.0,,0,0,0,0,0,1,1,0,ADV_IND,34,37,13,-1,0,-1,-1,4209,32,8,unknown,GOOGLE
1219.1870000000054,49:64:21:ea:29:ba,ba29ea2164490201021816aafe40b337f97a60db21556e0b13e8ffb8dd5a778ffecc,-18806.0,84304.0,-92225.0,65889.0,-119378.0,,0,0,0,0,0,1,1,0,ADV_IND,34,37,15,-1,0,-1,-1,1102,32,8,unknown,GOOGLE
1219.1870000000054,de:96:2b:3b:c2:d9,d9c23b2b96de1eff4c00121900cb8b3aa89e04dfc4b9c9bc5ec3445dcfe473f88fff310100,-20365.0,56570.0,-114919.0,89119.0,-135433.0,,0,0,0,0,0,1,1,2,ADV_NONCONN_IND,37,37,9,-1,0,-1,-1,3333,32,8,unknown,APPLE
1219.4570000000094,48:13:39:35:eb:9b,9beb353913480201021816aafe40184f6631e89713c3da1bdeaa5a0d248a166e7bcb,-12032.0,98847.0,-65828.0,73065.0,-135775.0,,0,0,0,0,0,1,1,0,ADV_IND,34,37,8,-1,0,-1,-1,2145,32,8,unknown,GOOGLE
1221.281000000003,de:96:2b:3b:c2:d9,d9c23b2b96de1eff4c00121900cb8b3aa89e04dfc4b9c9bc5ec3445dcfe473f88fff310100,0.0,46620.0,-117205.0,91253.0,-136364.0,,0,0,0,0,0,1,1,2,ADV_NONCONN_IND,37,37,6,-1,0,-1,-1,5742,32,7,unknown,APPLE
1221.281000000003,48:13:39:35:eb:9b,9beb353913480201021816aafe40184f6631e89713c3da1bdeaa5a0d248a166e7bcb,918.0,70946.0,-82220.0,88882.0,-131745.0,,0,0,0,0,0,1,1,0,ADV_IND,34,37,1,-1,0,-1,-1,3451,32,8,unknown,GOOGLE
1223.8600000000006,49:64:21:ea:29:ba,ba29ea2164490201021816aafe40b337f97a60db21556e0b13e8ffb8dd5a778ffecc,-13352.0,101005.0,-88827.0,62082.0,-137062.0,,0,0,0,0,0,1,1,0,ADV_IND,34,37,10,-1,0,-1,-1,6357,32,8,unknown,GOOGLE
1225.6670000000013,48:13:39:35:eb:9b,9beb353913480201021816aafe40184f6631e89713c3da1bdeaa5a0d248a166e7bcb,-19243.0,99273.0,-66496.0,72859.0,-129035.0,,0,0,0,0,0,1,1,0,ADV_IND,34,37,6,-1,0,-1,-1,3110,32,8,unknown,GOOGLE
1227.369000000006,de:96:2b:3b:c2:d9,d9c23b2b96de1eff4c00121900cb8b3aa89e04dfc4b9c9bc5ec3445dcfe473f88fff310100,-41887.0,73111.0,-108593.0,107081.0,-172665.0,,0,0,0,0,0,1,1,2,ADV_NONCONN_IND,37,37,10,-1,0,-1,-1,3829,32,8,unknown,APPLE
1227.369000000006,48:13:39:35:eb:9b,9beb353913480201021816aafe40184f6631e89713c3da1bdeaa5a0d248a166e7bcb,-13982.0,86382.0,-98647.0,89185.0,-132622.0,,0,0,0,0,0,1,1,0,ADV_IND,34,37,12,-1,0,-1,-1,1540,32,8,unknown,GOOGLE
1231.8179999999993,48:13:39:35:eb:9b,9beb353913480201021816aafe40184f6631e89713c3da1bdeaa5a0d248a166e7bcb,-11549.0,98503.0,-89449.0,67764.0,-137923.0,,0,0,0,0,0,1,1,0,ADV_IND,34,37,2,-1,0,-1,-1,6639,32,8,unknown,GOOGLE
1233.8040000000035,48:13:39:35:eb:9b,9beb353913480201021816aafe40184f6631e89713c3da1bdeaa5a0d248a166e7bcb,-19292.0,105440.0,-85322.0,96055.0,-136966.0,,0,0,0,0,0,1,1,0,ADV_IND,34,37,9,-1,0,-1,-1,5455,32,8,unknown,GOOGLE
1237.9049999999988,49:64:21:ea:29:ba,ba29ea2164490201021816aafe40b337f97a60db21556e0b13e8ffb8dd5a778ffecc,-21280.0,100616.0,-102723.0,81477.0,-120755.0,,0,0,0,0,0,1,1,0,ADV_IND,34,37,6,-1,0,-1,-1,1099,32,8,unknown,GOOGLE
1237.9049999999988,48:13:39:35:eb:9b,9beb353913480201021816aafe40184f6631e89713c3da1bdeaa5a0d248a166e7bcb,5286.0,68714.0,-78946.0,65177.0,-121405.0,,0,0,0,0,0,1,1,0,ADV_IND,34,37,0,-1,0,-1,-1,1471,32,8,unknown,GOOGLE
1239.4080000000104,49:64:21:ea:29:ba,ba29ea2164490201021816aafe40b337f97a60db21556e0b13e8ffb8dd5a778ffecc,-16433.0,79754.0,-92155.0,55348.0,-126925.0,,0,0,0,0,0,1,1,0,ADV_IND,34,37,3,-1,0,-1,-1,2292,32,8,unknown,GOOGLE
1239.849000000002,48:13:39:35:eb:9b,9beb353913480201021816aafe40184f6631e89713c3da1bdeaa5a0d248a166e7bcb,-23912.0,108135.0,-69292.0,66344.0,-137406.0,,0,0,0,0,0,1,1,0,ADV_IND,34,37,13,-1,0,-1,-1,1590,32,8,unknown,GOOGLE
1241.744000000006,49:64:21:ea:29:ba,ba29ea2164490201021816aafe40b337f97a60db21556e0b13e8ffb8dd5a778ffecc,-18809.0,81639.0,-90845.0,64278.0,-125950.0,,0,0,0,0,0,1,1,0,ADV_IND,34,37,8,-1,0,-1,-1,5701,32,8,unknown,GOOGLE
1243.925000000003,48:13:39:35:eb:9b,9beb353913480201021816aafe40184f6631e89713c3da1bdeaa5a0d248a166e7bcb,-7917.0,113688.0,-83678.0,57566.0,-116830.0,,0,0,0,0,0,1,1,0,ADV_IND,34,37,2,-1,0,-1,-1,1200,32,7,unknown,GOOGLE
1247.101999999999,48:13:39:35:eb:9b,9beb353913480201021816aafe40184f6631e89713c3da1bdeaa5a0d248a166e7bcb,3420.0,78811.0,-85421.0,66559.0,-107742.0,,0,0,0,0,0,1,1,0,ADV_IND,34,37,14,-1,0,-1,-1,7578,32,8,unknown,GOOGLE
1248.099000000002,de:96:2b:3b:c2:d9,d9c23b2b96de1eff4c00121900cb8b3aa89e04dfc4b9c9bc5ec3445dcfe473f88fff310100,-31880.0,78125.0,-102317.0,67767.0,-139672.0,,0,0,0,0,0,1,1,2,ADV_NONCONN_IND,37,37,12,-1,0,-1,-1,3324,31,8,unknown,APPLE
1248.099000000002,49:64:21:ea:29:ba,ba29ea2164490201021816aafe40b337f97a60db21556e0b13e8ffb8dd5a778ffecc,0.0,64911.0,-100286.0,64940.0,-124264.0,,0,0,0,0,0,1,1,0,ADV_IND,34,37,15,-1,0,-1,-1,5258,32,8,unknown,GOOGLE
1248.3680000000022,48:13:39:35:eb:9b,9beb353913480201021816aafe40184f6631e89713c3da1bdeaa5a0d248a166e7bcb,-9061.0,140235.0,-99510.0,88604.0,-147908.0,,0,0,0,0,0,1,1,0,ADV_IND,34,37,13,-1,0,-1,-1,3196,32,7,unknown,GOOGLE
1249.3899999999994,de:96:2b:3b:c2:d9,d9c23b2b96de1eff4c00121900cb8b3aa89e04dfc4b9c9bc5ec3445dcfe473f88fff310100,-33414.0,77441.0,-119105.0,95615.0,-170891.0,,0,0,0,0,0,1,1,2,ADV_NONCONN_IND,37,37,0,-1,0,-1,-1,1879,32,8,unknown,APPLE
1249.800000000003,49:64:21:ea:29:ba,ba29ea2164490201021816aafe40b337f97a60db21556e0b13e8ffb8dd5a778ffecc,-22355.0,91535.0,-106664.0,75700.0,-147522.0,,0,0,0,0,0,1,1,0,ADV_IND,34,37,8,-1,0,-1,-1,4283,30,8,unknown,GOOGLE
1250.0620000000054,48:13:39:35:eb:9b,9beb353913480201021816aafe40184f6631e89713c3da1bdeaa5a0d248a166e7bcb,-23944.0,88646.0,-72833.0,77567.0,-131648.0,,0,0,0,0,0,1,1,0,ADV_IND,34,37,11,-1,0,-1,-1,1702,32,8,unknown,GOOGLE
1251.62000000001,de:96:2b:3b:c2:d9,d9c23b2b96de1eff4c00121900cb8b3aa89e04dfc4b9c9bc5ec3445dcfe473f88fff310100,-20766.0,59508.0,-121566.0,83485.0,-150168.0,,0,0,0,0,0,1,1,2,ADV_NONCONN_IND,37,37,5,-1,0,-1,-1,7027,32,8,unknown,APPLE
1251.9840000000113,49:64:21:ea:29:ba,ba29ea2164490201021816aafe40b337f97a60db21556e0b13e8ffb8dd5a778ffecc,-8567.0,74640.0,-98429.0,93180.0,-151883.0,,0,0,0,0,0,1,1,0,ADV_IND,34,37,3,-1,0,-1,-1,6998,32,8,unknown,GOOGLE
1254.0250000000087,49:64:21:ea:29:ba,ba29ea2164490201021816aafe40b337f97a60db21556e0b13e8ffb8dd5a778ffecc,-16358.0,89048.0,-83819.0,51506.0,-138097.0,,0,0,0,0,0,1,1,0,ADV_IND,34,37,0,-1,0,-1,-1,2830,29,8,unknown,GOOGLE
1254.0250000000087,48:13:39:35:eb:9b,9beb353913480201021816aafe40184f6631e89713c3da1bdeaa5a0d248a166e7bcb,5683.0,98806.0,-101424.0,86149.0,-149111.0,,0,0,0,0,0,1,1,0,ADV_IND,34,37,8,-1,0,-1,-1,4727,32,8,unknown,GOOGLE
1256.4490000000078,48:13:39:35:eb:9b,9beb353913480201021816aafe40184f6631e89713c3da1bdeaa5a0d248a166e7bcb,-9254.0,83755.0,-60937.0,78382.0,-138285.0,,0,0,0,0,0,1,1,0,ADV_IND,34,37,8,-1,0,-1,-1,1175,32,8,unknown,GOOGLE
1258.294000000009,48:13:39:35:eb:9b,9beb353913480201021816aafe40184f6631e89713c3da1bdeaa5a0d248a166e7bcb,-25188.0,90441.0,-64889.0,73071.0,-128744.0,,0,0,0,0,0,1,1,0,ADV_IND,34,37,4,-1,0,-1,-1,5457,32,8,unknown,GOOGLE
1259.3100000000122,de:96:2b:3b:c2:d9,d9c23b2b96de1eff4c00121900cb8b3aa89e04dfc4b9c9bc5ec3445dcfe473f88fff310100,-44283.0,97441.0,-119230.0,105646.0,-152904.0,,0,0,0,0,0,1,1,2,ADV_NONCONN_IND,37,37,11,-1,0,-1,-1,7048,32,8,unknown,APPLE
1259.7580000000016,49:64:21:ea:29:ba,ba29ea2164490201021816aafe40b337f97a60db21556e0b13e8ffb8dd5a778ffecc,-17133.0,75829.0,-94236.0,48205.0,-115714.0,,0,0,0,0,0,1,1,0,ADV_IND,34,37,1,-1,0,-1,-1,7163,32,8,unknown,GOOGLE
1260.025999999998,48:13:39:35:eb:9b,9beb353913480201021816aafe40184f6631e89713c3da1bdeaa5a0d248a166e7bcb,-7814.0,92287.0,-94484.0,75655.0,-125178.0,,0,0,0,0,0,1,1,0,ADV_IND,34,37,4,-1,0,-1,-1,4200,32,8,unknown,GOOGLE
1261.791000000012,de:96:2b:3b:c2:d9,d9c23b2b96de1eff4c00121900cb8b3aa89e04dfc4b9c9bc5ec3445dcfe473f88fff310100,-44030.0,89254.0,-119059.0,97353.0,-156858.0,,0,0,0,0,0,1,1,2,ADV_NONCONN_IND,37,37,6,-1,0,-1,-1,1553,32,8,unknown,APPLE
1262.238000000012,48:13:39:35:eb:9b,9beb353913480201021816aafe40184f6631e89713c3da1bdeaa5a0d248a166e7bcb,-22934.0,103906.0,-103115.0,92532.0,-125802.0,,0,0,0,0,0,1,1,0,ADV_IND,34,37,1,-1,0,-1,-1,3827,30,7,unknown,GOOGLE
1263.4640000000072,de:96:2b:3b:c2:d9,d9c23b2b96de1eff4c00121900cb8b3aa89e04dfc4b9c9bc5ec3445dcfe473f88fff310100,-37843.0,51304.0,-105176.0,82216.0,-134999.0,,0,0,0,0,0,1,1,2,ADV_NONCONN_IND,37,37,14,-1,0,-1,-1,4696,32,8,unknown,APPLE
1263.991000000009,49:64:21:ea:29:ba,ba29ea2164490201021816aafe40b337f97a60db21556e0b13e8ffb8dd5a778ffecc,-36530.0,84585.0,-85881.0,61692.0,-132930.0,,0,0,0,0,0,1,1,0,ADV_IND,34,37,5,-1,0,-1,-1,4542,31,8,unknown,GOOGLE
1264.2530000000115,48:13:39:35:eb:9b,9beb353913480201021816aafe40184f6631e89713c3da1bdeaa5a0d248a166e7bcb,-17742.0,108686.0,-91349.0,97251.0,-142603.0,,0,0,0,0,0,1,1,0,ADV_IND,34,37,11,-1,0,-1,-1,1926,32,8,unknown,GOOGLE
1267.3450000000012,de:96:2b:3b:c2:d9,d9c23b2b96de1eff4c00121900cb8b3aa89e04dfc4b9c9bc5ec3445dcfe473f88fff310100,-36326.0,58111.0,-108427.0,71643.0,-122200.0,,0,0,0,0,0,1,1,2,ADV_NONCONN_IND,37,37,6,-1,0,-1,-1,6092,32,8,unknown,APPLE
1269.965000000011,49:64:21:ea:29:ba,ba29ea2164490201021816aafe40b337f97a60db21556e0b13e8ffb8dd5a778ffecc,-32358.0,85846.0,-88669.0,49480.0,-122235.0,,0,0,0,0,0,1,1,0,ADV_IND,34,37,4,-1,0,-1,-1,2196,32,8,unknown,GOOGLE
1270.2200000000012,48:13:39:35:eb:9b,9beb353913480201021816aafe40184f6631e89713c3da1bdeaa5a0d248a166e7bcb,-23600.0,91369.0,-85142.0,74155.0,-126598.0,,0,0,0,0,0,1,1,0,ADV_IND,34,37,5,-1,0,-1,-1,6308,32,8,unknown,GOOGLE
1272.2200000000012,49:64:21:ea:29:ba,ba29ea2164490201021816aafe40b337f97a60db21556e0b13e8ffb8dd5a778ffecc,-23673.0,62761.0,-95206.0,72756.0,-116334.0,,0,0,0,0,0,1,1,0,ADV_IND,34,37,3,-1,0,-1,-1,5062,32,7,unknown,GOOGLE
1274.5060000000085,48:13:39:35:eb:9b,9beb353913480201021816aafe40184f6631e89713c3da1bdeaa5a0d248a166e7bcb,-15088.0,85551.0,-75041.0,83465.0,-144971.0,,0,0,0,0,0,1,1,0,ADV_IND,34,37,4,-1,0,-1,-1,6702,32,8,unknown,GOOGLE
1275.5580000000043,de:96:2b:3b:c2:d9,d9c23b2b96de1eff4c00121900cb8b3aa89e04dfc4b9c9bc5ec3445dcfe473f88fff310100,-8629.0,78405.0,-116718.0,90455.0,-142843.0,,0,0,0,0,0,1,1,2,ADV_NONCONN_IND,37,37,10,-1,0,-1,-1,1502,32,8,unknown,APPLE
1277.5160000000033,de:96:2b:3b:c2:d9,d9c23b2b96de1eff4c00121900cb8b3aa89e04dfc4b9c9bc5ec3445dcfe473f88fff310100,-26183.0,72200.0,-126196.0,96383.0,-165399.0,,0,0,0,0,0,1,1,2,ADV_NONCONN_IND,37,37,11,-1,0,-1,-1,3291,32,8,unknown,APPLE
1279.3610000000044,48:13:39:35:eb:9b,9beb353913480201021816aafe40184f6631e89713c3da1bdeaa5a0d248a166e7bcb,-9384.0,90199.0,-84442.0,90336.0,-146676.0,,0,0,0,0,0,1,1,0,ADV_IND,34,37,9,-1,0,-1,-1,2495,32,8,unknown,GOOGLE
1279.8650000000052,de:96:2b:3b:c2:d9,d9c23b2b96de1eff4c00121900cb8b3aa89e04dfc4b9c9bc5ec3445dcfe473f88fff310100,-22198.0,56907.0,-117770.0,94777.0,-150970.0,,0,0,0,0,0,1,1,2,ADV_NONCONN_IND,37,37,3,-1,0,-1,-1,6707,32,8,unknown,APPLE
1280.642000000007,49:64:21:ea:29:ba,ba29ea2164490201021816aafe40b337f97a60db21556e0b13e8ffb8dd5a778ffecc,-11448.0,84093.0,-97894.0,59818.0,-135727.0,,0,0,0,0,0,1,1,0,ADV_IND,34,37,8,-1,0,-1,-1,1093,32,8,unknown,GOOGLE
1280.642000000007,48:13:39:35:eb:9b,9beb353913480201021816aafe40184f6631e89713c3da1bdeaa5a0d248a166e7bcb,-3905.0,71825.0,-79244.0,83306.0,-120777.0,,0,0,0,0,0,1,1,0,ADV_IND,34,37,11,-1,0,-1,-1,3344,32,8,unknown,GOOGLE
1282.8040000000035,48:13:39:35:eb:9b,9beb353913480201021816aafe40184f6631e89713c3da1bdeaa5a0d248a166e7bcb,-14322.0,83092.0,-79431.0,91291.0,-133959.0,,0,0,0,0,0,1,1,0,ADV_IND,34,37,8,-1,0,-1,-1,5607,32,8,unknown,GOOGLE
1284.721000000005,48:13:39:35:eb:9b,9beb353913480201021816aafe40184f6631e89713c3da1bdeaa5a0d248a166e7bcb,-21765.0,107779.0,-90929.0,96637.0,-138551.0,,0,0,0,0,0,1,1,0,ADV_IND,34,37,0,-1,0,-1,-1,7879,32,8,unknown,GOOGLE
1290.7949999999985,48:13:39:35:eb:9b,9beb353913480201021816aafe40184f6631e89713c3da1bdeaa5a0d248a166e7bcb,-12682.0,98748.0,-100937.0,94325.0,-147720.0,,0,0,0,0,0,1,1,0,ADV_IND,34,37,4,-1,0,-1,-1,6467,32,8,unknown,GOOGLE
1292.665000000008,48:13:39:35:eb:9b,9beb353913480201021816aafe40184f6631e89713c3da1bdeaa5a0d248a166e7bcb,-15867.0,101277.0,-81946.0,68285.0,-123167.0,,0,0,0,0,0,1,1,0,ADV_IND,34,37,15,-1,0,-1,-1,4944,32,8,unknown,GOOGLE
1294.4820000000036,49:64:21:ea:29:ba,ba29ea2164490201021816aafe40b337f97a60db21556e0b13e8ffb8dd5a778ffecc,-15272.0,68218.0,-97752.0,77326.0,-116825.0,,0,0,0,0,0,1,1,0,ADV_IND,34,37,10,-1,0,-1,-1,7901,32,8,unknown,GOOGLE
1294.9170000000013,48:13:39:35:eb:9b,9beb353913480201021816aafe40184f6631e89713c3da1bdeaa5a0d248a166e7bcb,17619.0,120877.0,-110910.0,86439.0,-151752.0,,0,0,0,0,0,1,1,0,ADV_IND,34,37,14,-1,0,-1,-1,3061,32,8,unknown,GOOGLE
1295.6080000000077,de:96:2b:3b:c2:d9,d9c23b2b96de1eff4c00121900cb8b3aa89e04dfc4b9c9bc5ec3445dcfe473f88fff310100,-39505.0,47080.0,-110601.0,88882.0,-146054.0,,0,0,0,0,0,1,1,2,ADV_NONCONN_IND,37,37,15,-1,0,-1,-1,5003,32,8,unknown,APPLE
1297.06700000001,48:13:39:35:eb:9b,9beb353913480201021816aafe40184f6631e89713c3da1bdeaa5a0d248a166e7bcb,5140.0,82922.0,-85155.0,64187.0,-130576.0,,0,0,0,0,0,1,1,0,ADV_IND,34,37,13,-1,0,-1,-1,5264,32,8,unknown,GOOGLE
1298.536000000007,49:64:21:ea:29:ba,ba29ea2164490201021816aafe40b337f97a60db21556e0b13e8ffb8dd5a778ffecc,-29694.0,74106.0,-91115.0,53550.0,-132253.0,,0,0,0,0,0,1,1,0,ADV_IND,34,37,11,-1,0,-1,-1,3495,30,7,unknown,GOOGLE
1298.9610000000102,48:13:39:35:eb:9b,9beb353913480201021816aafe40184f6631e89713c3da1bdeaa5a0d248a166e7bcb,-1154.0,84237.0,-90836.0,91465.0,-141508.0,,0,0,0,0,0,1,1,0,ADV_IND,34,37,1,-1,0,-1,-1,2895,32,8,unknown,GOOGLE
1300.3870000000024,49:64:21:ea:29:ba,ba29ea2164490201021816aafe40b337f97a60db21556e0b13e8ffb8dd5a778ffecc,-30421.0,88311.0,-86612.0,76308.0,-149269.0,,0,0,0,0,0,1,1,0,ADV_IND,34,37,13,-1,0,-1,-1,3434,32,8,unknown,GOOGLE
1300.7520000000077,48:13:39:35:eb:9b,9beb353913480201021816aafe40184f6631e89713c3da1bdeaa5a0d248a166e7bcb,-31657.0,104116.0,-69376.0,66863.0,-128281.0,,0,0,0,0,0,1,1,0,ADV_IND,34,37,9,-1,0,-1,-1,4028,32,8,unknown,GOOGLE
1301.3850000000093,de:96:2b:3b:c2:d9,d9c23b2b96de1eff4c00121900cb8b3aa89e04dfc4b9c9bc5ec3445dcfe473f88fff310100,-28324.0,57007.0,-101972.0,78028.0,-134233.0,,0,0,0,0,0,1,1,2,ADV_NONCONN_IND,37,37,6,-1,0,-1,-1,1763,32,8,unknown,APPLE
1303.5420000000013,de:96:2b:3b:c2:d9,d9c23b2b96de1eff4c00121900cb8b3aa89e04dfc4b9c9bc5ec3445dcfe473f88fff310100,-35515.0,71432.0,-110388.0,84523.0,-167730.0,,0,0,0,0,0,1,1,2,ADV_NONCONN_IND,37,37,11,-1,0,-1,-1,6386,32,8,unknown,APPLE
1304.5850000000064,49:64:21:ea:29:ba,ba29ea2164490201021816aafe40b337f97a60db21556e0b13e8ffb8dd5a778ffecc,-33077.0,89774.0,-93491.0,64584.0,-109148.0,,0,0,0,0,0,1,1,0,ADV_IND,34,37,14,-1,0,-1,-1,7999,32,8,unknown,GOOGLE
1305.578999999998,de:96:2b:3b:c2:d9,d9c23b2b96de1eff4c00121900cb8b3aa89e04dfc4b9c9bc5ec3445dcfe473f88fff310100,-30505.0,55310.0,-108617.0,88410.0,-147354.0,,0,0,0,0,0,1,1,2,ADV_NONCONN_IND,37,37,10,-1,0,-1,-1,2028,32,8,unknown,APPLE
1306.6090000000113,49:64:21:ea:29:ba,ba29ea2164490201021816aafe40b337f97a60db21556e0b13e8ffb8dd5a778ffecc,-22908.0,89720.0,-82811.0,56946.0,-120672.0,,0,0,0,0,0,1,1,0,ADV_IND,34,37,1,-1,0,-1,-1,5043,32,8,unknown,GOOGLE
1309.5690000000031,49:64:21:ea:29:ba,ba29ea2164490201021816aafe40b337f97a60db21556e0b13e8ffb8dd5a778ffecc,-29739.0,81019.0,-90903.0,63384.0,-141322.0,,0,0,0,0,0,1,1,0,ADV_IND,34,37,7,-1,0,-1,-1,5434,32,8,unknown,GOOGLE
1309.8179999999993,48:13:39:35:eb:9b,9beb353913480201021816aafe40184f6631e89713c3da1bdeaa5a0d248a166e7bcb,-5021.0,66831.0,-86563.0,82095.0,-135015.0,,0,0,0,0,0,1,1,0,ADV_IND,34,37,15,-1,0,-1,-1,7491,32,8,unknown,GOOGLE
1310.0639999999985,de:96:2b:3b:c2:d9,d9c23b2b96de1eff4c00121900cb8b3aa89e04dfc4b9c9bc5ec3445dcfe473f88fff310100,-31360.0,52926.0,-107826.0,94263.0,-147781.0,,0,0,0,0,0,1,1,2,ADV_NONCONN_IND,37,37,7,-1,0,-1,-1,7796,32,8,unknown,APPLE
1310.844000000012,49:64:21:ea:29:ba,ba29ea2164490201021816aafe40b337f97a60db21556e0b13e8ffb8dd5a778ffecc,-14825.0,84166.0,-94009.0,57417.0,-121854.0,,0,0,0,0,0,1,1,0,ADV_IND,34,37,9,-1,0,-1,-1,2589,32,8,unknown,GOOGLE
1313.093000000008,48:13:39:35:eb:9b,9beb353913480201021816aafe40184f6631e89713c3da1bdeaa5a0d248a166e7bcb,-12928.0,79903.0,-79794.0,64390.0,-125572.0,,0,0,0,0,0,1,1,0,ADV_IND,34,37,10,-1,0,-1,-1,3673,32,8,unknown,GOOGLE
1314.8369999999995,e6:ef:34:56:58:24,24585634efe61eff4c001219009e0ec7c74b66274c29cf04862a0906cb9a9287174a0b0000,-37976.0,61489.0,-101108.0,88805.0,-138982.0,,0,0,0,0,0,1,1,2,ADV_NONCONN_IND,37,37,3,-1,0,-1,-1,4373,31,7,unknown,APPLE
1315.3240000000078,48:13:39:35:eb:9b,9beb353913480201021816aafe40184f6631e89713c3da1bdeaa5a0d248a166e7bcb,-54865.0,105654.0,-72686.0,87775.0,-139293.0,,0,0,0,0,0,1,1,0,ADV_IND,34,37,15,-1,0,-1,-1,6650,32,8,unknown,GOOGLE
1317.044000000009,49:64:21:ea:29:ba,ba29ea2164490201021816aafe40b337f97a60db21556e0b13e8ffb8dd5a778ffecc,-19848.0,101119.0,-90011.0,67711.0,-146622.0,,0,0,0,0,0,1,1,0,ADV_IND,34,37,3,-1,0,-1,-1,2279,32,8,unknown,GOOGLE
1317.2790000000095,48:13:39:35:eb:9b,9beb353913480201021816aafe40184f6631e89713c3da1bdeaa5a0d248a166e7bcb,158.0,93271.0,-83608.0,89675.0,-129613.0,,0,0,0,0,0,1,1,0,ADV_IND,34,37,7,-1,0,-1,-1,3090,32,8,unknown,GOOGLE
1319.0920000000042,49:64:21:ea:29:ba,ba29ea2164490201021816aafe40b337f97a60db21556e0b13e8ffb8dd5a778ffecc,-47177.0,69130.0,-82612.0,61949.0,-123810.0,,0,0,0,0,0,1,1,0,ADV_IND,34,37,8,-1,0,-1,-1,7759,32,8,unknown,GOOGLE
1321.0480000000098,49:64:21:ea:29:ba,ba29ea2164490201021816aafe40b337f97a60db21556e0b13e8ffb8dd5a778ffecc,-21287.0,74091.0,-92741.0,50000.0,-121697.0,,0,0,0,0,0,1,1,0,ADV_IND,34,37,7,-1,0,-1,-1,5613,32,8,unknown,GOOGLE
1322.7300000000105,49:64:21:ea:29:ba,ba29ea2164490201021816aafe40b337f97a60db21556e0b13e8ffb8dd5a778ffecc,-40111.0,72014.0,-92958.0,72787.0,-142720.0,,0,0,0,0,0,1,1,0,ADV_IND,34,37,6,-1,0,-1,-1,4142,32,8,unknown,GOOGLE
1324.5820000000094,49:64:21:ea:29:ba,ba29ea2164490201021816aafe40b337f97a60db21556e0b13e8ffb8dd5a778ffecc,-18286.0,79863.0,-90754.0,74086.0,-139675.0,,0,0,0,0,0,1,1,0,ADV_IND,34,37,3,-1,0,-1,-1,6134,32,7,unknown,GOOGLE
1328.9429999999993,49:64:21:ea:29:ba,ba29ea2164490201021816aafe40b337f97a60db21556e0b13e8ffb8dd5a778ffecc,-11213.0,80520.0,-106854.0,80913.0,-140028.0,,0,0,0,0,0,1,1,0,ADV_IND,34,37,12,-1,0,-1,-1,7527,32,7,unknown,GOOGLE
1329.6280000000115,de:96:2b:3b:c2:d9,d9c23b2b96de1eff4c00121900cb8b3aa89e04dfc4b9c9bc5ec3445dcfe473f88fff310100,-22760.0,90122.0,-121732.0,103682.0,-167206.0,,0,0,0,0,0,1,1,2,ADV_NONCONN_IND,37,37,7,-1,0,-1,-1,7260,30,8,unknown,APPLE
1331.719000000012,de:96:2b:3b:c2:d9,d9c23b2b96de1eff4c00121900cb8b3aa89e04dfc4b9c9bc5ec3445dcfe473f88fff310100,-12779.0,87083.0,-117610.0,98474.0,-166138.0,,0,0,0,0,0,1,1,2,ADV_NONCONN_IND,37,37,8,-1,0,-1,-1,5300,31,8,unknown,APPLE
1334.9180000000051,49:64:21:ea:29:ba,ba29ea2164490201021816aafe40b337f97a60db21556e0b13e8ffb8dd5a778ffecc,-44584.0,108137.0,-95117.0,83709.0,-153834.0,,0,0,0,0,0,1,1,0,ADV_IND,34,37,15,-1,0,-1,-1,5913,32,8,unknown,GOOGLE
1336.9520000000048,49:64:21:ea:29:ba,ba29ea2164490201021816aafe40b337f97a60db21556e0b13e8ffb8dd5a778ffecc,-11885.0,93333.0,-96931.0,71918.0,-148128.0,,0,0,0,0,0,1,1,0,ADV_IND,34,37,3,-1,0,-1,-1,7523,31,8,unknown,GOOGLE
1339.078999999998,49:64:21:ea:29:ba,ba29ea2164490201021816aafe40b337f97a60db21556e0b13e8ffb8dd5a778ffecc,-19062.0,72194.0,-98177.0,75610.0,-97146.0,,0,0,0,0,0,1,1,0,ADV_IND,34,37,14,-1,0,-1,-1,6391,32,8,unknown,GOOGLE
1340.851999999999,de:96:2b:3b:c2:d9,d9c23b2b96de1eff4c00121900cb8b3aa89e04dfc4b9c9bc5ec3445dcfe473f88fff310100,-25565.0,82806.0,-114623.0,100266.0,-165781.0,,0,0,0,0,0,1,1,2,ADV_NONCONN_IND,37,37,1,-1,0,-1,-1,7087,32,8,unknown,APPLE
1341.8360000000102,49:64:21:ea:29:ba,ba29ea2164490201021816aafe40b337f97a60db21556e0b13e8ffb8dd5a778ffecc,-21664.0,76258.0,-95347.0,58389.0,-116931.0,,0,0,0,0,0,1,1,0,ADV_IND,34,37,0,-1,0,-1,-1,3596,32,7,unknown,GOOGLE
1344.0010000000038,de:96:2b:3b:c2:d9,d9c23b2b96de1eff4c00121900cb8b3aa89e04dfc4b9c9bc5ec3445dcfe473f88fff310100,-46763.0,77639.0,-111698.0,95360.0,-152794.0,,0,0,0,0,0,1,1,2,ADV_NONCONN_IND,37,37,9,-1,0,-1,-1,3027,32,8,unknown,APPLE
1345.072,49:64:21:ea:29:ba,ba29ea2164490201021816aafe40b337f97a60db21556e0b13e8ffb8dd5a778ffecc,-18147.0,69066.0,-90270.0,63129.0,-128137.0,,0,0,0,0,0,1,1,0,ADV_IND,34,37,3,-1,0,-1,-1,2855,32,8,unknown,GOOGLE
1347.9100000000035,de:96:2b:3b:c2:d9,d9c23b2b96de1eff4c00121900cb8b3aa89e04dfc4b9c9bc5ec3445dcfe473f88fff310100,-36157.0,70631.0,-107397.0,84717.0,-141088.0,,0,0,0,0,0,1,1,2,ADV_NONCONN_IND,37,37,13,-1,0,-1,-1,6108,32,8,unknown,APPLE
1351.840000000011,de:96:2b:3b:c2:d9,d9c23b2b96de1eff4c00121900cb8b3aa89e04dfc4b9c9bc5ec3445dcfe473f88fff310100,-37075.0,59466.0,-110763.0,71299.0,-122988.0,,0,0,0,0,0,1,1,2,ADV_NONCONN_IND,37,37,3,-1,0,-1,-1,1091,32,8,unknown,APPLE
1353.5250000000087,de:96:2b:3b:c2:d9,d9c23b2b96de1eff4c00121900cb8b3aa89e04dfc4b9c9bc5ec3445dcfe473f88fff310100,-46763.0,75175.0,-105932.0,84897.0,-147473.0,,0,0,0,0,0,1,1,2,ADV_NONCONN_IND,37,37,3,-1,0,-1,-1,2357,32,8,unknown,APPLE
1357.8020000000106,de:96:2b:3b:c2:d9,d9c23b2b96de1eff4c00121900cb8b3aa89e04dfc4b9c9bc5ec3445dcfe473f88fff310100,-16588.0,85079.0,-111373.0,81959.0,-158537.0,,0,0,0,0,0,1,1,2,ADV_NONCONN_IND,37,37,3,-1,0,-1,-1,3496,30,8,unknown,APPLE
1359.6730000000098,49:64:21:ea:29:ba,ba29ea2164490201021816aafe40b337f97a60db21556e0b13e8ffb8dd5a778ffecc,-21045.0,68399.0,-95751.0,81610.0,-109889.0,,0,0,0,0,0,1,1,0,ADV_IND,34,37,2,-1,0,-1,-1,6777,32,7,unknown,GOOGLE
1359.9410000000062,de:96:2b:3b:c2:d9,d9c23b2b96de1eff4c00121900cb8b3aa89e04dfc4b9c9bc5ec3445dcfe473f88fff310100,-50624.0,59269.0,-96095.0,93948.0,-156638.0,,0,0,0,0,0,1,1,2,ADV_NONCONN_IND,37,37,15,-1,0,-1,-1,5221,32,8,unknown,APPLE
1361.31700000001,49:64:21:ea:29:ba,ba29ea2164490201021816aafe40b337f97a60db21556e0b13e8ffb8dd5a778ffecc,-18708.0,103939.0,-105854.0,85870.0,-140574.0,,0,0,0,0,0,1,1,0,ADV_IND,34,37,13,-1,0,-1,-1,4773,32,8,unknown,GOOGLE
1365.247000000003,49:64:21:ea:29:ba,ba29ea2164490201021816aafe40b337f97a60db21556e0b13e8ffb8dd5a778ffecc,-42861.0,96034.0,-99110.0,76240.0,-123416.0,,0,0,0,0,0,1,1,0,ADV_IND,34,37,2,-1,0,-1,-1,4205,32,8,unknown,GOOGLE
1367.195000000007,49:64:21:ea:29:ba,ba29ea2164490201021816aafe40b337f97a60db21556e0b13e8ffb8dd5a778ffecc,-35481.0,73632.0,-91035.0,78218.0,-126860.0,,0,0,0,0,0,1,1,0,ADV_IND,34,37,10,-1,0,-1,-1,6077,32,8,unknown,GOOGLE
1369.794000000009,de:96:2b:3b:c2:d9,d9c23b2b96de1eff4c00121900cb8b3aa89e04dfc4b9c9bc5ec3445dcfe473f88fff310100,-44993.0,62753.0,-97151.0,81204.0,-143988.0,,0,0,0,0,0,1,1,2,ADV_NONCONN_IND,37,37,13,-1,0,-1,-1,4710,31,8,unknown,APPLE
1371.281000000003,48:13:39:35:eb:9b,9beb353913480201021816aafe40184f6631e89713c3da1bdeaa5a0d248a166e7bcb,-19383.0,87565.0,-64544.0,78906.0,-145300.0,,0,0,0,0,0,1,1,0,ADV_IND,34,37,7,-1,0,-1,-1,3665,32,8,unknown,GOOGLE
1372.0420000000013,49:64:21:ea:29:ba,ba29ea2164490201021816aafe40b337f97a60db21556e0b13e8ffb8dd5a778ffecc,-19555.0,72258.0,-100179.0,71170.0,-141859.0,,0,0,0,0,0,1,1,0,ADV_IND,34,37,3,-1,0,-1,-1,7101,32,8,unknown,GOOGLE
1373.5860000000102,49:64:21:ea:29:ba,ba29ea2164490201021816aafe40b337f97a60db21556e0b13e8ffb8dd5a778ffecc,-28364.0,88042.0,-88679.0,87022.0,-152131.0,,0,0,0,0,0,1,1,0,ADV_IND,34,37,3,-1,0,-1,-1,3781,32,8,unknown,GOOGLE
1377.7550000000049,de:96:2b:3b:c2:d9,d9c23b2b96de1eff4c00121900cb8b3aa89e04dfc4b9c9bc5ec3445dcfe473f88fff310100,-16072.0,50846.0,-111686.0,82528.0,-136354.0,,0,0,0,0,0,1,1,2,ADV_NONCONN_IND,37,37,7,-1,0,-1,-1,4115,32,8,unknown,APPLE
1379.8420000000042,de:96:2b:3b:c2:d9,d9c23b2b96de1eff4c00121900cb8b3aa89e04dfc4b9c9bc5ec3445dcfe473f88fff310100,-29085.0,70810.0,-118457.0,98403.0,-155878.0,,0,0,0,0,0,1,1,2,ADV_NONCONN_IND,37,37,15,-1,0,-1,-1,5753,32,8,unknown,APPLE
1381.525999999998,49:64:21:ea:29:ba,ba29ea2164490201021816aafe40b337f97a60db21556e0b13e8ffb8dd5a778ffecc,-33937.0,70509.0,-81883.0,66088.0,-110528.0,,0,0,0,0,0,1,1,0,ADV_IND,34,37,15,-1,0,-1,-1,6523,31,8,unknown,GOOGLE
1383.5109999999986,de:96:2b:3b:c2:d9,d9c23b2b96de1eff4c00121900cb8b3aa89e04dfc4b9c9bc5ec3445dcfe473f88fff310100,-21923.0,69980.0,-102800.0,85684.0,-157917.0,,0,0,0,0,0,1,1,2,ADV_NONCONN_IND,37,37,2,-1,0,-1,-1,2183,32,8,unknown,APPLE
1383.5109999999986,49:64:21:ea:29:ba,ba29ea2164490201021816aafe40b337f97a60db21556e0b13e8ffb8dd5a778ffecc,-25372.0,86210.0,-94987.0,69816.0,-112012.0,,0,0,0,0,0,1,1,0,ADV_IND,34,37,10,-1,0,-1,-1,1058,32,8,unknown,GOOGLE
1384.247000000003,48:13:39:35:eb:9b,9beb353913480201021816aafe40184f6631e89713c3da1bdeaa5a0d248a166e7bcb,-9278.0,83754.0,-85944.0,69632.0,-122273.0,,0,0,0,0,0,1,1,0,ADV_IND,34,37,15,-1,0,-1,-1,4826,32,8,unknown,GOOGLE
1385.7780000000057,49:64:21:ea:29:ba,ba29ea2164490201021816aafe40b337f97a60db21556e0b13e8ffb8dd5a778ffecc,-27059.0,82966.0,-102908.0,80393.0,-134040.0,,0,0,0,0,0,1,1,0,ADV_IND,34,37,5,-1,0,-1,-1,1216,32,8,unknown,GOOGLE
1389.5650000000023,de:96:2b:3b:c2:d9,d9c23b2b96de1eff4c00121900cb8b3aa89e04dfc4b9c9bc5ec3445dcfe473f88fff310100,-50376.0,94228.0,-121080.0,97660.0,-170026.0,,0,0,0,0,0,1,1,2,ADV_NONCONN_IND,37,37,0,-1,0,-1,-1,2179,32,8,unknown,APPLE
1391.8800000000049,de:96:2b:3b:c2:d9,d9c23b2b96de1eff4c00121900cb8b3aa89e04dfc4b9c9bc5ec3445dcfe473f88fff310100,-15310.0,91567.0,-122568.0,101605.0,-163497.0,,0,0,0,0,0,1,1,2,ADV_NONCONN_IND,37,37,15,-1,0,-1,-1,4446,31,8,unknown,APPLE
1394.0620000000054,49:64:21:ea:29:ba,ba29ea2164490201021816aafe40b337f97a60db21556e0b13e8ffb8dd5a778ffecc,-28861.0,76271.0,-91886.0,76541.0,-145551.0,,0,0,0,0,0,1,1,0,ADV_IND,34,37,2,-1,0,-1,-1,1078,32,8,unknown,GOOGLE
1395.9800000000105,de:96:2b:3b:c2:d9,d9c23b2b96de1eff4c00121900cb8b3aa89e04dfc4b9c9bc5ec3445dcfe473f88fff310100,-24898.0,101212.0,-127236.0,104855.0,-155591.0,,0,0,0,0,0,1,1,2,ADV_NONCONN_IND,37,37,6,-1,0,-1,-1,1991,30,8,unknown,APPLE
1395.9800000000105,49:64:21:ea:29:ba,ba29ea2164490201021816aafe40b337f97a60db21556e0b13e8ffb8dd5a778ffecc,-3341.0,87315.0,-86074.0,63040.0,-150335.0,,0,0,0,0,0,1,1,0,ADV_IND,34,37,12,-1,0,-1,-1,6790,32,8,unknown,GOOGLE
1396.326000000001,48:13:39:35:eb:9b,9beb353913480201021816aafe40184f6631e89713c3da1bdeaa5a0d248a166e7bcb,-8191.0,102190.0,-86189.0,79923.0,-128984.0,,0,0,0,0,0,1,1,0,ADV_IND,34,37,2,-1,0,-1,-1,1723,32,8,unknown,GOOGLE
1397.822,49:64:21:ea:29:ba,ba29ea2164490201021816aafe40b337f97a60db21556e0b13e8ffb8dd5a778ffecc,-24435.0,74826.0,-91547.0,75997.0,-120087.0,,0,0,0,0,0,1,1,0,ADV_IND,34,37,8,-1,0,-1,-1,4265,32,8,unknown,GOOGLE
1398.4270000000106,48:13:39:35:eb:9b,9beb353913480201021816aafe40184f6631e89713c3da1bdeaa5a0d248a166e7bcb,-21236.0,109626.0,-83704.0,95482.0,-147501.0,,0,0,0,0,0,1,1,0,ADV_IND,34,37,7,-1,0,-1,-1,3460,32,8,unknown,GOOGLE
1399.8880000000063,de:96:2b:3b:c2:d9,d9c23b2b96de1eff4c00121900cb8b3aa89e04dfc4b9c9bc5ec3445dcfe473f88fff310100,-39145.0,75241.0,-110215.0,81648.0,-158057.0,,0,0,0,0,0,1,1,2,ADV_NONCONN_IND,37,37,14,-1,0,-1,-1,7589,32,8,unknown,APPLE
1399.8880000000063,49:64:21:ea:29:ba,ba29ea2164490201021816aafe40b337f97a60db21556e0b13e8ffb8dd5a778ffecc,-52666.0,90848.0,-107358.0,78843.0,-136553.0,,0,0,0,0,0,1,1,0,ADV_IND,34,37,10,-1,0,-1,-1,7283,31,8,unknown,GOOGLE
1401.6350000000093,48:13:39:35:eb:9b,9beb353913480201021816aafe40184f6631e89713c3da1bdeaa5a0d248a166e7bcb,-18351.0,96973.0,-77659.0,91199.0,-132597.0,,0,0,0,0,0,1,1,0,ADV_IND,34,37,1,-1,0,-1,-1,4961,32,7,unknown,GOOGLE
1403.238000000012,48:13:39:35:eb:9b,9beb353913480201021816aafe40184f6631e89713c3da1bdeaa5a0d248a166e7bcb,-9496.0,85647.0,-75242.0,88984.0,-135856.0,,0,0,0,0,0,1,1,0,ADV_IND,34,37,10,-1,0,-1,-1,3638,32,8,unknown,GOOGLE
1403.997000000003,de:96:2b:3b:c2:d9,d9c23b2b96de1eff4c00121900cb8b3aa89e04dfc4b9c9bc5ec3445dcfe473f88fff310100,-18057.0,70435.0,-108264.0,80483.0,-169642.0,,0,0,0,0,0,1,1,2,ADV_NONCONN_IND,37,37,14,-1,0,-1,-1,2409,30,7,unknown,APPLE
1407.9850000000006,49:64:21:ea:29:ba,ba29ea2164490201021816aafe40b337f97a60db21556e0b13e8ffb8dd5a778ffecc,-11980.0,78635.0,-77516.0,36995.0,-145036.0,,0,0,0,0,0,1,1,0,ADV_IND,34,37,6,-1,0,-1,-1,4906,32,8,unknown,GOOGLE
1408.6990000000078,48:13:39:35:eb:9b,9beb353913480201021816aafe40184f6631e89713c3da1bdeaa5a0d248a166e7bcb,-2044.0,110753.0,-112380.0,98345.0,-152180.0,,0,0,0,0,0,1,1,0,ADV_IND,34,37,10,-1,0,-1,-1,6598,32,8,unknown,GOOGLE
1410.7880000000005,48:13:39:35:eb:9b,9beb353913480201021816aafe40184f6631e89713c3da1bdeaa5a0d248a166e7bcb,-18913.0,89920.0,-71123.0,85817.0,-142498.0,,0,0,0,0,0,1,1,0,ADV_IND,34,37,1,-1,0,-1,-1,3721,32,8,unknown,GOOGLE
1411.9270000000106,de:96:2b:3b:c2:d9,d9c23b2b96de1eff4c00121900cb8b3aa89e04dfc4b9c9bc5ec3445dcfe473f88fff310100,-16809.0,68594.0,-122219.0,104208.0,-171644.0,,0,0,0,0,0,1,1,2,ADV_NONCONN_IND,37,37,15,-1,0,-1,-1,3363,32,8,unknown,APPLE
1412.915000000008,48:13:39:35:eb:9b,9beb353913480201021816aafe40184f6631e89713c3da1bdeaa5a0d248a166e7bcb,-7218.0,97158.0,-92645.0,80452.0,-147338.0,,0,0,0,0,0,1,1,0,ADV_IND,34,37,14,-1,0,-1,-1,2337,32,8,unknown,GOOGLE
1412.915000000008,ec:95:f1:5d:25:30,30255df195ec1eff4c00121900e1e968b0a521d197d8d2d6baca8ec9ff7dc61e2cfebc0300,-8670.0,76723.0,-107226.0,96168.0,-127019.0,,0,0,0,0,0,1,1,2,ADV_NONCONN_IND,37,37,14,-1,0,-1,-1,3523,32,7,unknown,APPLE
1413.643000000011,de:96:2b:3b:c2:d9,d9c23b2b96de1eff4c00121900cb8b3aa89e04dfc4b9c9bc5ec3445dcfe473f88fff310100,-49325.0,71580.0,-110082.0,73835.0,-142673.0,,0,0,0,0,0,1,1,2,ADV_NONCONN_IND,37,37,11,-1,0,-1,-1,1581,30,8,unknown,APPLE
1414.9619999999995,48:13:39:35:eb:9b,9beb353913480201021816aafe40184f6631e89713c3da1bdeaa5a0d248a166e7bcb,-16649.0,77990.0,-81432.0,90851.0,-138455.0,,0,0,0,0,0,1,1,0,ADV_IND,34,37,5,-1,0,-1,-1,6279,32,8,unknown,GOOGLE
1416.8610000000044,48:13:39:35:eb:9b,9beb353913480201021816aafe40184f6631e89713c3da1bdeaa5a0d248a166e7bcb,-15997.0,95629.0,-85109.0,77175.0,-126686.0,,0,0,0,0,0,1,1,0,ADV_IND,34,37,7,-1,0,-1,-1,6600,32,8,unknown,GOOGLE
1418.9260000000068,48:13:39:35:eb:9b,9beb353913480201021816aafe40184f6631e89713c3da1bdeaa5a0d248a166e7bcb,-26717.0,108388.0,-112320.0,111873.0,-139939.0,,0,0,0,0,0,1,1,0,ADV_IND,34,37,10,-1,0,-1,-1,4974,32,8,unknown,GOOGLE
1419.6580000000104,de:96:2b:3b:c2:d9,d9c23b2b96de1eff4c00121900cb8b3aa89e04dfc4b9c9bc5ec3445dcfe473f88fff310100,-15012.0,60570.0,-116686.0,84913.0,-146304.0,,0,0,0,0,0,1,1,2,ADV_NONCONN_IND,37,37,13,-1,0,-1,-1,5363,32,8,unknown,APPLE
1421.073000000004,48:13:39:35:eb:9b,9beb353913480201021816aafe40184f6631e89713c3da1bdeaa5a0d248a166e7bcb,-4281.0,119094.0,-98778.0,82287.0,-147510.0,,0,0,0,0,0,1,1,0,ADV_IND,34,37,4,-1,0,-1,-1,4638,31,7,unknown,GOOGLE
1424.6370000000024,49:64:21:ea:29:ba,ba29ea2164490201021816aafe40b337f97a60db21556e0b13e8ffb8dd5a778ffecc,-16306.0,91137.0,-101621.0,83714.0,-146090.0,,0,0,0,0,0,1,1,0,ADV_IND,34,37,10,-1,0,-1,-1,1295,32,7,unknown,GOOGLE
1425.402000000002,48:13:39:35:eb:9b,9beb353913480201021816aafe40184f6631e89713c3da1bdeaa5a0d248a166e7bcb,-3573.0,90548.0,-84992.0,67348.0,-140359.0,,0,0,0,0,0,1,1,0,ADV_IND,34,37,5,-1,0,-1,-1,2949,32,8,unknown,GOOGLE
1426.150999999998,de:96:2b:3b:c2:d9,d9c23b2b96de1eff4c00121900cb8b3aa89e04dfc4b9c9bc5ec3445dcfe473f88fff310100,-13366.0,72909.0,-129511.0,95055.0,-144932.0,,0,0,0,0,0,1,1,2,ADV_NONCONN_IND,37,37,4,-1,0,-1,-1,2189,32,8,unknown,APPLE
1426.4130000000005,49:64:21:ea:29:ba,ba29ea2164490201021816aafe40b337f97a60db21556e0b13e8ffb8dd5a778ffecc,-36203.0,95865.0,-94981.0,42525.0,-98842.0,,0,0,0,0,0,1,1,0,ADV_IND,34,37,10,-1,0,-1,-1,5057,32,8,unknown,GOOGLE
1427.1540000000095,48:13:39:35:eb:9b,9beb353913480201021816aafe40184f6631e89713c3da1bdeaa5a0d248a166e7bcb,-19313.0,81440.0,-77603.0,77135.0,-127829.0,,0,0,0,0,0,1,1,0,ADV_IND,34,37,11,-1,0,-1,-1,6167,32,8,unknown,GOOGLE
1428.471000000005,49:64:21:ea:29:ba,ba29ea2164490201021816aafe40b337f97a60db21556e0b13e8ffb8dd5a778ffecc,-17506.0,96452.0,-97433.0,74208.0,-145622.0,,0,0,0,0,0,1,1,0,ADV_IND,34,37,9,-1,0,-1,-1,5030,32,7,unknown,GOOGLE
1429.1940000000031,48:13:39:35:eb:9b,9beb353913480201021816aafe40184f6631e89713c3da1bdeaa5a0d248a166e7bcb,-38728.0,110461.0,-107709.0,95288.0,-150486.0,,0,0,0,0,0,1,1,0,ADV_IND,34,37,3,-1,0,-1,-1,3407,30,8,unknown,GOOGLE
1430.428,49:64:21:ea:29:ba,ba29ea2164490201021816aafe40b337f97a60db21556e0b13e8ffb8dd5a778ffecc,-35650.0,76933.0,-86197.0,66473.0,-115367.0,,0,0,0,0,0,1,1,0,ADV_IND,34,37,3,-1,0,-1,-1,2746,32,7,unknown,GOOGLE
1432.794000000009,de:96:2b:3b:c2:d9,d9c23b2b96de1eff4c00121900cb8b3aa89e04dfc4b9c9bc5ec3445dcfe473f88fff310100,-33116.0,64810.0,-114939.0,74386.0,-151216.0,,0,0,0,0,0,1,1,2,ADV_NONCONN_IND,37,37,6,-1,0,-1,-1,5771,32,8,unknown,APPLE
1433.3110000000015,49:64:21:ea:29:ba,ba29ea2164490201021816aafe40b337f97a60db21556e0b13e8ffb8dd5a778ffecc,-26190.0,88666.0,-102065.0,75146.0,-146588.0,,0,0,0,0,0,1,1,0,ADV_IND,34,37,1,-1,0,-1,-1,2769,32,8,unknown,GOOGLE
1436.4330000000043,49:64:21:ea:29:ba,ba29ea2164490201021816aafe40b337f97a60db21556e0b13e8ffb8dd5a778ffecc,-15760.0,73837.0,-82071.0,65735.0,-139686.0,,0,0,0,0,0,1,1,0,ADV_IND,34,37,15,-1,0,-1,-1,3982,32,7,unknown,GOOGLE
1438.0220000000118,de:96:2b:3b:c2:d9,d9c23b2b96de1eff4c00121900cb8b3aa89e04dfc4b9c9bc5ec3445dcfe473f88fff310100,-21446.0,57546.0,-130071.0,89617.0,-144491.0,,0,0,0,0,0,1,1,2,ADV_NONCONN_IND,37,37,6,-1,0,-1,-1,5101,30,8,unknown,APPLE
1438.2920000000013,49:64:21:ea:29:ba,ba29ea2164490201021816aafe40b337f97a60db21556e0b13e8ffb8dd5a778ffecc,-23625.0,79253.0,-92749.0,57635.0,-111160.0,,0,0,0,0,0,1,1,0,ADV_IND,34,37,2,-1,0,-1,-1,5803,32,7,unknown,GOOGLE
1440.4860000000044,49:64:21:ea:29:ba,ba29ea2164490201021816aafe40b337f97a60db21556e0b13e8ffb8dd5a778ffecc,-21559.0,79797.0,-85871.0,55967.0,-122087.0,,0,0,0,0,0,1,1,0,ADV_IND,34,37,8,-1,0,-1,-1,6593,32,8,unknown,GOOGLE
1442.472999999998,49:64:21:ea:29:ba,ba29ea2164490201021816aafe40b337f97a60db21556e0b13e8ffb8dd5a778ffecc,-25301.0,81869.0,-98433.0,104396.0,-153561.0,,0,0,0,0,0,1,1,0,ADV_IND,34,37,10,-1,0,-1,-1,6804,32,8,unknown,GOOGLE
1443.453999999998,48:13:39:35:eb:9b,9beb353913480201021816aafe40184f6631e89713c3da1bdeaa5a0d248a166e7bcb,-16993.0,74180.0,-84958.0,83270.0,-128423.0,,0,0,0,0,0,1,1,0,ADV_IND,34,37,2,-1,0,-1,-1,3897,32,8,unknown,GOOGLE
1457.1370000000024,49:64:21:ea:29:ba,ba29ea2164490201021816aafe40b337f97a60db21556e0b13e8ffb8dd5a778ffecc,-16906.0,95739.0,-94817.0,81204.0,-157952.0,,0,0,0,0,0,1,1,0,ADV_IND,34,37,3,-1,0,-1,-1,2425,31,7,unknown,GOOGLE
1458.2830000000104,48:13:39:35:eb:9b,9beb353913480201021816aafe40184f6631e89713c3da1bdeaa5a0d248a166e7bcb,-18674.0,88355.0,-74437.0,99221.0,-147091.0,,0,0,0,0,0,1,1,0,ADV_IND,34,37,11,-1,0,-1,-1,3940,32,8,unknown,GOOGLE
1466.4619999999995,48:13:39:35:eb:9b,9beb353913480201021816aafe40184f6631e89713c3da1bdeaa5a0d248a166e7bcb,-31666.0,86265.0,-75437.0,82679.0,-116160.0,,0,0,0,0,0,1,1,0,ADV_IND,34,37,10,-1,0,-1,-1,4952,32,8,unknown,GOOGLE
1468.218000000008,48:13:39:35:eb:9b,9beb353913480201021816aafe40184f6631e89713c3da1bdeaa5a0d248a166e7bcb,-10044.0,94364.0,-76900.0,58680.0,-120602.0,,0,0,0,0,0,1,1,0,ADV_IND,34,37,5,-1,0,-1,-1,5273,32,8,unknown,GOOGLE
1478.652000000002,48:13:39:35:eb:9b,9beb353913480201021816aafe40184f6631e89713c3da1bdeaa5a0d248a166e7bcb,-12311.0,90273.0,-79348.0,54193.0,-131200.0,,0,0,0,0,0,1,1,0,ADV_IND,34,37,12,-1,0,-1,-1,3831,32,8,unknown,GOOGLE
1482.6470000000118,48:13:39:35:eb:9b,9beb353913480201021816aafe40184f6631e89713c3da1bdeaa5a0d248a166e7bcb,-2823.0,85729.0,-75013.0,58928.0,-124605.0,,0,0,0,0,0,1,1,0,ADV_IND,34,37,2,-1,0,-1,-1,5321,32,8,unknown,GOOGLE
1485.8050000000076,5b:bf:ec:b4:2d:e7,e72db4ecbf5b0201021816aafe40b337f97a60db21556e0b13e8ffb8dd5a778ffecc,-48682.0,85392.0,-75516.0,72777.0,-157206.0,,0,0,0,0,0,1,1,0,ADV_IND,34,37,0,-1,0,-1,-1,4257,32,8,unknown,GOOGLE
1502.097999999998,e6:56:c1:77:2d:dd,dd2d77c156e61eff4c001219005532d18d601c7a20ffc74830ba92758b70d8ff9d159a0100,-16970.0,62751.0,-87713.0,83642.0,-148338.0,,0,0,0,0,0,1,1,2,ADV_NONCONN_IND,37,37,6,-1,0,-1,-1,2521,32,8,unknown,APPLE
1502.5829999999987,48:13:39:35:eb:9b,9beb353913480201021816aafe40184f6631e89713c3da1bdeaa5a0d248a166e7bcb,2240.0,79879.0,-92898.0,63851.0,-126500.0,,0,0,0,0,0,1,1,0,ADV_IND,34,37,15,-1,0,-1,-1,7370,32,8,unknown,GOOGLE
1506.2890000000043,e6:56:c1:77:2d:dd,dd2d77c156e61eff4c001219005532d18d601c7a20ffc74830ba92758b70d8ff9d159a0100,-24143.0,79901.0,-96900.0,86311.0,-135173.0,,0,0,0,0,0,1,1,2,ADV_NONCONN_IND,37,37,14,-1,0,-1,-1,1736,32,8,unknown,APPLE
1506.2890000000043,de:96:2b:3b:c2:d9,d9c23b2b96de1eff4c00121900cb8b3aa89e04dfc4b9c9bc5ec3445dcfe473f88fff310100,-41440.0,77133.0,-108781.0,98771.0,-157745.0,,0,0,0,0,0,1,1,2,ADV_NONCONN_IND,37,37,6,-1,0,-1,-1,4568,32,7,unknown,APPLE
1508.9550000000015,48:13:39:35:eb:9b,9beb353913480201021816aafe40184f6631e89713c3da1bdeaa5a0d248a166e7bcb,-20081.0,128891.0,-88453.0,84336.0,-155131.0,,0,0,0,0,0,1,1,0,ADV_IND,34,37,4,-1,0,-1,-1,4172,32,8,unknown,GOOGLE
1510.774000000005,48:13:39:35:eb:9b,9beb353913480201021816aafe40184f6631e89713c3da1bdeaa5a0d248a166e7bcb,5033.0,80993.0,-78664.0,49511.0,-141526.0,,0,0,0,0,0,1,1,0,ADV_IND,34,37,12,-1,0,-1,-1,7696,32,8,unknown,GOOGLE
1513.846000000005,e6:56:c1:77:2d:dd,dd2d77c156e61eff4c001219005532d18d601c7a20ffc74830ba92758b70d8ff9d159a0100,-16721.0,110995.0,-96501.0,82346.0,-159976.0,,0,0,0,0,0,1,1,2,ADV_NONCONN_IND,37,37,0,-1,0,-1,-1,4867,32,7,unknown,APPLE
1513.846000000005,5b:bf:ec:b4:2d:e7,e72db4ecbf5b0201021816aafe40b337f97a60db21556e0b13e8ffb8dd5a778ffecc,-18737.0,70804.0,-89912.0,59732.0,-95431.0,,0,0,0,0,0,1,1,0,ADV_IND,34,37,0,-1,0,-1,-1,3624,32,8,unknown,GOOGLE
1514.656000000003,48:13:39:35:eb:9b,9beb353913480201021816aafe40184f6631e89713c3da1bdeaa5a0d248a166e7bcb,-12522.0,73512.0,-75152.0,64459.0,-124557.0,,0,0,0,0,0,1,1,0,ADV_IND,34,37,2,-1,0,-1,-1,6892,32,8,unknown,GOOGLE
1516.7530000000115,48:13:39:35:eb:9b,9beb353913480201021816aafe40184f6631e89713c3da1bdeaa5a0d248a166e7bcb,-24437.0,134557.0,-67102.0,72567.0,-143942.0,,0,0,0,0,0,1,1,0,ADV_IND,34,37,7,-1,0,-1,-1,5817,32,8,unknown,GOOGLE
1518.768000000011,48:13:39:35:eb:9b,9beb353913480201021816aafe40184f6631e89713c3da1bdeaa5a0d248a166e7bcb,3819.0,134449.0,-134135.0,99513.0,-154834.0,,0,0,0,0,0,1,1,0,ADV_IND,34,37,7,-1,0,-1,-1,6098,31,8,unknown,GOOGLE
1521.9579999999987,e6:56:c1:77:2d:dd,dd2d77c156e61eff4c001219005532d18d601c7a20ffc74830ba92758b70d8ff9d159a0100,-11403.0,92378.0,-94024.0,83684.0,-152360.0,,0,0,0,0,0,1,1,2,ADV_NONCONN_IND,37,37,10,-1,0,-1,-1,2276,32,7,unknown,APPLE
1522.5920000000042,de:96:2b:3b:c2:d9,d9c23b2b96de1eff4c00121900cb8b3aa89e04dfc4b9c9bc5ec3445dcfe473f88fff310100,-33928.0,76044.0,-105338.0,100339.0,-162039.0,,0,0,0,0,0,1,1,2,ADV_NONCONN_IND,37,37,11,-1,0,-1,-1,4183,32,8,unknown,APPLE
1525.546000000002,48:13:39:35:eb:9b,9beb353913480201021816aafe40184f6631e89713c3da1bdeaa5a0d248a166e7bcb,0.0,81960.0,-88152.0,63810.0,-120329.0,,0,0,0,0,0,1,1,0,ADV_IND,34,37,3,-1,0,-1,-1,5432,32,8,unknown,GOOGLE
1526.2850000000035,5b:bf:ec:b4:2d:e7,e72db4ecbf5b0201021816aafe40b337f97a60db21556e0b13e8ffb8dd5a778ffecc,-26746.0,67253.0,-70999.0,67167.0,-114115.0,,0,0,0,0,0,1,1,0,ADV_IND,34,37,14,-1,0,-1,-1,5265,32,8,unknown,GOOGLE
1527.0660000000062,48:13:39:35:eb:9b,9beb353913480201021816aafe40184f6631e89713c3da1bdeaa5a0d248a166e7bcb,-21628.0,76871.0,-72611.0,68693.0,-122263.0,,0,0,0,0,0,1,1,0,ADV_IND,34,37,6,-1,0,-1,-1,3730,32,8,unknown,GOOGLE
1527.8820000000123,e6:56:c1:77:2d:dd,dd2d77c156e61eff4c001219005532d18d601c7a20ffc74830ba92758b70d8ff9d159a0100,-14.0,84080.0,-87675.0,82511.0,-143320.0,,0,0,0,0,0,1,1,2,ADV_NONCONN_IND,37,37,4,-1,0,-1,-1,6661,31,7,unknown,APPLE
1528.1540000000095,de:96:2b:3b:c2:d9,d9c23b2b96de1eff4c00121900cb8b3aa89e04dfc4b9c9bc5ec3445dcfe473f88fff310100,-37979.0,63246.0,-102443.0,98642.0,-148153.0,,0,0,0,0,0,1,1,2,ADV_NONCONN_IND,37,37,7,-1,0,-1,-1,6566,32,8,unknown,APPLE
1531.0540000000035,48:13:39:35:eb:9b,9beb353913480201021816aafe40184f6631e89713c3da1bdeaa5a0d248a166e7bcb,-16903.0,91993.0,-82989.0,104790.0,-149660.0,,0,0,0,0,0,1,1,0,ADV_IND,34,37,10,-1,0,-1,-1,4233,32,8,unknown,GOOGLE
1532.75,48:13:39:35:eb:9b,9beb353913480201021816aafe40184f6631e89713c3da1bdeaa5a0d248a166e7bcb,13629.0,92917.0,-113614.0,104231.0,-150739.0,,0,0,0,0,0,1,1,0,ADV_IND,34,37,13,-1,0,-1,-1,5836,32,8,unknown,GOOGLE
1534.0650000000023,5b:bf:ec:b4:2d:e7,e72db4ecbf5b0201021816aafe40b337f97a60db21556e0b13e8ffb8dd5a778ffecc,-22260.0,83346.0,-100352.0,75010.0,-136428.0,,0,0,0,0,0,1,1,0,ADV_IND,34,37,12,-1,0,-1,-1,4483,30,8,unknown,GOOGLE
1534.8360000000102,48:13:39:35:eb:9b,9beb353913480201021816aafe40184f6631e89713c3da1bdeaa5a0d248a166e7bcb,-5468.0,82512.0,-90259.0,73091.0,-130774.0,,0,0,0,0,0,1,1,0,ADV_IND,34,37,8,-1,0,-1,-1,2149,32,8,unknown,GOOGLE
1535.69200000001,5b:bf:ec:b4:2d:e7,e72db4ecbf5b0201021816aafe40b337f97a60db21556e0b13e8ffb8dd5a778ffecc,-19449.0,58121.0,-105405.0,76420.0,-98837.0,,0,0,0,0,0,1,1,0,ADV_IND,34,37,3,-1,0,-1,-1,6039,32,8,unknown,GOOGLE
1536.988000000012,48:13:39:35:eb:9b,9beb353913480201021816aafe40184f6631e89713c3da1bdeaa5a0d248a166e7bcb,10806.0,91907.0,-77871.0,48674.0,-138268.0,,0,0,0,0,0,1,1,0,ADV_IND,34,37,5,-1,0,-1,-1,5461,32,8,unknown,GOOGLE
1539.8899999999994,5b:bf:ec:b4:2d:e7,e72db4ecbf5b0201021816aafe40b337f97a60db21556e0b13e8ffb8dd5a778ffecc,-16801.0,54938.0,-85520.0,64819.0,-114256.0,,0,0,0,0,0,1,1,0,ADV_IND,34,37,6,-1,0,-1,-1,1050,32,8,unknown,GOOGLE
1539.8899999999994,e6:56:c1:77:2d:dd,dd2d77c156e61eff4c001219005532d18d601c7a20ffc74830ba92758b70d8ff9d159a0100,-24633.0,73485.0,-89735.0,77930.0,-136082.0,,0,0,0,0,0,1,1,2,ADV_NONCONN_IND,37,37,13,-1,0,-1,-1,6259,32,8,unknown,APPLE
1541.1080000000077,48:13:39:35:eb:9b,9beb353913480201021816aafe40184f6631e89713c3da1bdeaa5a0d248a166e7bcb,-18114.0,115976.0,-87434.0,93332.0,-138521.0,,0,0,0,0,0,1,1,0,ADV_IND,34,37,8,-1,0,-1,-1,2694,32,8,unknown,GOOGLE
1542.017000000007,e6:56:c1:77:2d:dd,dd2d77c156e61eff4c001219005532d18d601c7a20ffc74830ba92758b70d8ff9d159a0100,-19769.0,93337.0,-97847.0,69679.0,-129587.0,,0,0,0,0,0,1,1,2,ADV_NONCONN_IND,37,37,13,-1,0,-1,-1,3167,32,7,unknown,APPLE
1544.1900000000023,5b:bf:ec:b4:2d:e7,e72db4ecbf5b0201021816aafe40b337f97a60db21556e0b13e8ffb8dd5a778ffecc,-29884.0,79243.0,-74904.0,59216.0,-131063.0,,0,0,0,0,0,1,1,0,ADV_IND,34,37,0,-1,0,-1,-1,2573,28,8,unknown,GOOGLE
1544.9089999999997,48:13:39:35:eb:9b,9beb353913480201021816aafe40184f6631e89713c3da1bdeaa5a0d248a166e7bcb,6806.0,92456.0,-90128.0,53836.0,-131960.0,,0,0,0,0,0,1,1,0,ADV_IND,34,37,6,-1,0,-1,-1,2485,32,8,unknown,GOOGLE
1545.7170000000042,e6:56:c1:77:2d:dd,dd2d77c156e61eff4c001219005532d18d601c7a20ffc74830ba92758b70d8ff9d159a0100,-34896.0,91462.0,-96674.0,85958.0,-139164.0,,0,0,0,0,0,1,1,2,ADV_NONCONN_IND,37,37,3,-1,0,-1,-1,4990,32,7,unknown,APPLE
1546.4670000000042,de:96:2b:3b:c2:d9,d9c23b2b96de1eff4c00121900cb8b3aa89e04dfc4b9c9bc5ec3445dcfe473f88fff310100,-12644.0,81438.0,-120491.0,73462.0,-144942.0,,0,0,0,0,0,1,1,2,ADV_NONCONN_IND,37,37,5,-1,0,-1,-1,2370,31,8,unknown,APPLE
1547.4610000000102,48:13:39:35:eb:9b,9beb353913480201021816aafe40184f6631e89713c3da1bdeaa5a0d248a166e7bcb,0.0,93282.0,-91403.0,86612.0,-148556.0,,0,0,0,0,0,1,1,0,ADV_IND,34,37,15,-1,0,-1,-1,2100,32,8,unknown,GOOGLE
1548.4350000000122,5b:bf:ec:b4:2d:e7,e72db4ecbf5b0201021816aafe40b337f97a60db21556e0b13e8ffb8dd5a778ffecc,-32391.0,64757.0,-70380.0,65789.0,-117031.0,,0,0,0,0,0,1,1,0,ADV_IND,34,37,4,-1,0,-1,-1,4600,32,8,unknown,GOOGLE
1549.2309999999998,48:13:39:35:eb:9b,9beb353913480201021816aafe40184f6631e89713c3da1bdeaa5a0d248a166e7bcb,-16321.0,96314.0,-71088.0,73842.0,-132072.0,,0,0,0,0,0,1,1,0,ADV_IND,34,37,0,-1,0,-1,-1,7960,32,8,unknown,GOOGLE
1550.0060000000085,5b:bf:ec:b4:2d:e7,e72db4ecbf5b0201021816aafe40b337f97a60db21556e0b13e8ffb8dd5a778ffecc,-25974.0,70630.0,-86334.0,59085.0,-121333.0,,0,0,0,0,0,1,1,0,ADV_IND,34,37,7,-1,0,-1,-1,7268,30,8,unknown,GOOGLE
1550.0060000000085,e6:56:c1:77:2d:dd,dd2d77c156e61eff4c001219005532d18d601c7a20ffc74830ba92758b70d8ff9d159a0100,-36516.0,82057.0,-90107.0,100762.0,-155512.0,,0,0,0,0,0,1,1,2,ADV_NONCONN_IND,37,37,2,-1,0,-1,-1,7112,32,7,unknown,APPLE
1552.428,5b:bf:ec:b4:2d:e7,e72db4ecbf5b0201021816aafe40b337f97a60db21556e0b13e8ffb8dd5a778ffecc,-48499.0,63381.0,-81292.0,72841.0,-125594.0,,0,0,0,0,0,1,1,0,ADV_IND,34,37,10,-1,0,-1,-1,1167,32,8,unknown,GOOGLE
1553.523000000001,48:13:39:35:eb:9b,9beb353913480201021816aafe40184f6631e89713c3da1bdeaa5a0d248a166e7bcb,-5630.0,83806.0,-89875.0,69702.0,-138421.0,,0,0,0,0,0,1,1,0,ADV_IND,34,37,2,-1,0,-1,-1,5904,32,8,unknown,GOOGLE
1555.2250000000058,e6:56:c1:77:2d:dd,dd2d77c156e61eff4c001219005532d18d601c7a20ffc74830ba92758b70d8ff9d159a0100,-27221.0,67453.0,-84035.0,80784.0,-146748.0,,0,0,0,0,0,1,1,2,ADV_NONCONN_IND,37,37,1,-1,0,-1,-1,1349,32,8,unknown,APPLE
1555.988000000012,48:13:39:35:eb:9b,9beb353913480201021816aafe40184f6631e89713c3da1bdeaa5a0d248a166e7bcb,-5832.0,96231.0,-96046.0,82584.0,-144263.0,,0,0,0,0,0,1,1,0,ADV_IND,34,37,7,-1,0,-1,-1,1286,32,8,unknown,GOOGLE
1556.4890000000014,e6:56:c1:77:2d:dd,dd2d77c156e61eff4c001219005532d18d601c7a20ffc74830ba92758b70d8ff9d159a0100,-27170.0,85907.0,-102704.0,110395.0,-160009.0,,0,0,0,0,0,1,1,2,ADV_NONCONN_IND,37,37,2,-1,0,-1,-1,6964,32,8,unknown,APPLE
1558.1790000000035,5b:bf:ec:b4:2d:e7,e72db4ecbf5b0201021816aafe40b337f97a60db21556e0b13e8ffb8dd5a778ffecc,-26595.0,66557.0,-78705.0,61839.0,-121403.0,,0,0,0,0,0,1,1,0,ADV_IND,34,37,13,-1,0,-1,-1,5170,32,8,unknown,GOOGLE
1559.5829999999987,48:13:39:35:eb:9b,9beb353913480201021816aafe40184f6631e89713c3da1bdeaa5a0d248a166e7bcb,-1134.0,100051.0,-93423.0,63457.0,-135308.0,,0,0,0,0,0,1,1,0,ADV_IND,34,37,6,-1,0,-1,-1,3513,32,8,unknown,GOOGLE
1560.0620000000054,e6:56:c1:77:2d:dd,dd2d77c156e61eff4c001219005532d18d601c7a20ffc74830ba92758b70d8ff9d159a0100,-22156.0,79628.0,-97405.0,76438.0,-151473.0,,0,0,0,0,0,1,1,2,ADV_NONCONN_IND,37,37,4,-1,0,-1,-1,7022,32,8,unknown,APPLE
1560.0620000000054,5b:bf:ec:b4:2d:e7,e72db4ecbf5b0201021816aafe40b337f97a60db21556e0b13e8ffb8dd5a778ffecc,-20424.0,82170.0,-87862.0,86356.0,-150723.0,,0,0,0,0,0,1,1,0,ADV_IND,34,37,13,-1,0,-1,-1,5171,28,8,unknown,GOOGLE
1561.9199999999985,e6:56:c1:77:2d:dd,dd2d77c156e61eff4c001219005532d18d601c7a20ffc74830ba92758b70d8ff9d159a0100,-16933.0,72304.0,-83032.0,77479.0,-132839.0,,0,0,0,0,0,1,1,2,ADV_NONCONN_IND,37,37,1,-1,0,-1,-1,3634,32,8,unknown,APPLE
1562.1570000000063,5b:bf:ec:b4:2d:e7,e72db4ecbf5b0201021816aafe40b337f97a60db21556e0b13e8ffb8dd5a778ffecc,-11092.0,72744.0,-86479.0,60016.0,-132192.0,,0,0,0,0,0,1,1,0,ADV_IND,34,37,5,-1,0,-1,-1,1280,32,8,unknown,GOOGLE
1563.3669999999984,48:13:39:35:eb:9b,9beb353913480201021816aafe40184f6631e89713c3da1bdeaa5a0d248a166e7bcb,-6832.0,104447.0,-125121.0,105790.0,-145876.0,,0,0,0,0,0,1,1,0,ADV_IND,34,37,11,-1,0,-1,-1,3000,32,7,unknown,GOOGLE
1563.9720000000088,e6:56:c1:77:2d:dd,dd2d77c156e61eff4c001219005532d18d601c7a20ffc74830ba92758b70d8ff9d159a0100,-13759.0,61669.0,-92204.0,86120.0,-139449.0,,0,0,0,0,0,1,1,2,ADV_NONCONN_IND,37,37,11,-1,0,-1,-1,5759,30,7,unknown,APPLE
1567.4720000000088,48:13:39:35:eb:9b,9beb353913480201021816aafe40184f6631e89713c3da1bdeaa5a0d248a166e7bcb,-20116.0,101663.0,-88121.0,87369.0,-148353.0,,0,0,0,0,0,1,1,0,ADV_IND,34,37,5,-1,0,-1,-1,4363,32,8,unknown,GOOGLE
1567.7260000000097,e6:56:c1:77:2d:dd,dd2d77c156e61eff4c001219005532d18d601c7a20ffc74830ba92758b70d8ff9d159a0100,-27068.0,80440.0,-92118.0,78463.0,-157309.0,,0,0,0,0,0,1,1,2,ADV_NONCONN_IND,37,37,8,-1,0,-1,-1,4226,30,8,unknown,APPLE
1569.7220000000088,48:13:39:35:eb:9b,9beb353913480201021816aafe40184f6631e89713c3da1bdeaa5a0d248a166e7bcb,-43381.0,104530.0,-79313.0,83489.0,-141761.0,,0,0,0,0,0,1,1,0,ADV_IND,34,37,0,-1,0,-1,-1,4501,32,8,unknown,GOOGLE
1569.9579999999987,e6:56:c1:77:2d:dd,dd2d77c156e61eff4c001219005532d18d601c7a20ffc74830ba92758b70d8ff9d159a0100,-33495.0,53975.0,-88609.0,92030.0,-141039.0,,0,0,0,0,0,1,1,2,ADV_NONCONN_IND,37,37,11,-1,0,-1,-1,6333,32,8,unknown,APPLE
1571.3810000000085,48:13:39:35:eb:9b,9beb353913480201021816aafe40184f6631e89713c3da1bdeaa5a0d248a166e7bcb,-6079.0,83530.0,-69741.0,69539.0,-131174.0,,0,0,0,0,0,1,1,0,ADV_IND,34,37,12,-1,0,-1,-1,7578,32,8,unknown,GOOGLE
1573.9130000000005,e6:56:c1:77:2d:dd,dd2d77c156e61eff4c001219005532d18d601c7a20ffc74830ba92758b70d8ff9d159a0100,-13116.0,85674.0,-93234.0,82081.0,-164194.0,,0,0,0,0,0,1,1,2,ADV_NONCONN_IND,37,37,7,-1,0,-1,-1,1781,32,8,unknown,APPLE
1576.8470000000088,5b:bf:ec:b4:2d:e7,e72db4ecbf5b0201021816aafe40b337f97a60db21556e0b13e8ffb8dd5a778ffecc,-2705.0,71073.0,-87828.0,65900.0,-135665.0,,0,0,0,0,0,1,1,0,ADV_IND,34,37,3,-1,0,-1,-1,1376,32,8,unknown,GOOGLE
1577.5250000000087,48:13:39:35:eb:9b,9beb353913480201021816aafe40184f6631e89713c3da1bdeaa5a0d248a166e7bcb,-19709.0,92617.0,-78828.0,67466.0,-144349.0,,0,0,0,0,0,1,1,0,ADV_IND,34,37,6,-1,0,-1,-1,3865,32,7,unknown,GOOGLE
1577.965000000011,e6:56:c1:77:2d:dd,dd2d77c156e61eff4c001219005532d18d601c7a20ffc74830ba92758b70d8ff9d159a0100,-19621.0,75444.0,-102075.0,65136.0,-156121.0,,0,0,0,0,0,1,1,2,ADV_NONCONN_IND,37,37,6,-1,0,-1,-1,1799,32,8,unknown,APPLE
1580.2070000000094,de:96:2b:3b:c2:d9,d9c23b2b96de1eff4c00121900cb8b3aa89e04dfc4b9c9bc5ec3445dcfe473f88fff310100,-20617.0,66614.0,-86825.0,92573.0,-152653.0,,0,0,0,0,0,1,1,2,ADV_NONCONN_IND,37,37,8,-1,0,-1,-1,6208,32,7,unknown,APPLE
1581.9350000000122,48:13:39:35:eb:9b,9beb353913480201021816aafe40184f6631e89713c3da1bdeaa5a0d248a166e7bcb,-130.0,85400.0,-115407.0,83269.0,-140363.0,,0,0,0,0,0,1,1,0,ADV_IND,34,37,9,-1,0,-1,-1,5654,32,8,unknown,GOOGLE
1582.2140000000072,de:96:2b:3b:c2:d9,d9c23b2b96de1eff4c00121900cb8b3aa89e04dfc4b9c9bc5ec3445dcfe473f88fff310100,-34053.0,90359.0,-100581.0,79837.0,-162982.0,,0,0,0,0,0,1,1,2,ADV_NONCONN_IND,37,37,9,-1,0,-1,-1,6432,32,8,unknown,APPLE
1582.7200000000012,5b:bf:ec:b4:2d:e7,e72db4ecbf5b0201021816aafe40b337f97a60db21556e0b13e8ffb8dd5a778ffecc,-31542.0,88305.0,-84243.0,77477.0,-144722.0,,0,0,0,0,0,1,1,0,ADV_IND,34,37,0,-1,0,-1,-1,1516,31,8,unknown,GOOGLE
1585.945000000007,5b:bf:ec:b4:2d:e7,e72db4ecbf5b0201021816aafe40b337f97a60db21556e0b13e8ffb8dd5a778ffecc,-21247.0,86144.0,-81989.0,62097.0,-138295.0,,0,0,0,0,0,1,1,0,ADV_IND,34,37,12,-1,0,-1,-1,5601,32,7,unknown,GOOGLE
1586.4400000000023,48:13:39:35:eb:9b,9beb353913480201021816aafe40184f6631e89713c3da1bdeaa5a0d248a166e7bcb,-16971.0,98948.0,-70848.0,69550.0,-136233.0,,0,0,0,0,0,1,1,0,ADV_IND,34,37,9,-1,0,-1,-1,3911,32,8,unknown,GOOGLE
1586.698000000004,e6:56:c1:77:2d:dd,dd2d77c156e61eff4c001219005532d18d601c7a20ffc74830ba92758b70d8ff9d159a0100,-21507.0,118432.0,-99014.0,79443.0,-153905.0,,0,0,0,0,0,1,1,2,ADV_NONCONN_IND,37,37,7,-1,0,-1,-1,2229,31,7,unknown,APPLE
1587.2100000000064,5b:bf:ec:b4:2d:e7,e72db4ecbf5b0201021816aafe40b337f97a60db21556e0b13e8ffb8dd5a778ffecc,-26780.0,80013.0,-89271.0,73234.0,-148023.0,,0,0,0,0,0,1,1,0,ADV_IND,34,37,7,-1,0,-1,-1,2678,32,8,unknown,GOOGLE
1589.7820000000063,48:13:39:35:eb:9b,9beb353913480201021816aafe40184f6631e89713c3da1bdeaa5a0d248a166e7bcb,-233.0,96752.0,-79216.0,65778.0,-134041.0,,0,0,0,0,0,1,1,0,ADV_IND,34,37,9,-1,0,-1,-1,6706,32,8,unknown,GOOGLE
1590.2540000000008,de:96:2b:3b:c2:d9,d9c23b2b96de1eff4c00121900cb8b3aa89e04dfc4b9c9bc5ec3445dcfe473f88fff310100,-26444.0,70798.0,-96849.0,87366.0,-135210.0,,0,0,0,0,0,1,1,2,ADV_NONCONN_IND,37,37,1,-1,0,-1,-1,7938,32,8,unknown,APPLE
1591.798999999999,48:13:39:35:eb:9b,9beb353913480201021816aafe40184f6631e89713c3da1bdeaa5a0d248a166e7bcb,-29650.0,95670.0,-68574.0,81596.0,-131343.0,,0,0,0,0,0,1,1,0,ADV_IND,34,37,5,-1,0,-1,-1,2826,32,8,unknown,GOOGLE
1591.798999999999,5b:bf:ec:b4:2d:e7,e72db4ecbf5b0201021816aafe40b337f97a60db21556e0b13e8ffb8dd5a778ffecc,-20174.0,78890.0,-82240.0,66776.0,-104302.0,,0,0,0,0,0,1,1,0,ADV_IND,34,37,11,-1,0,-1,-1,6145,30,8,unknown,GOOGLE
1594.2540000000008,48:13:39:35:eb:9b,9beb353913480201021816aafe40184f6631e89713c3da1bdeaa5a0d248a166e7bcb,-14077.0,89844.0,-94136.0,85573.0,-122899.0,,0,0,0,0,0,1,1,0,ADV_IND,34,37,9,-1,0,-1,-1,3546,32,8,unknown,GOOGLE
1594.2540000000008,5b:bf:ec:b4:2d:e7,e72db4ecbf5b0201021816aafe40b337f97a60db21556e0b13e8ffb8dd5a778ffecc,-13179.0,78722.0,-87520.0,76020.0,-151079.0,,0,0,0,0,0,1,1,0,ADV_IND,34,37,5,-1,0,-1,-1,4656,32,8,unknown,GOOGLE
1599.8800000000049,48:13:39:35:eb:9b,9beb353913480201021816aafe40184f6631e89713c3da1bdeaa5a0d248a166e7bcb,-17171.0,80288.0,-81523.0,68069.0,-138789.0,,0,0,0,0,0,1,1,0,ADV_IND,34,37,0,-1,0,-1,-1,4071,32,8,unknown,GOOGLE
1599.8800000000049,5b:bf:ec:b4:2d:e7,e72db4ecbf5b0201021816aafe40b337f97a60db21556e0b13e8ffb8dd5a778ffecc,-19580.0,56861.0,-96171.0,68570.0,-91559.0,,0,0,0,0,0,1,1,0,ADV_IND,34,37,4,-1,0,-1,-1,6542,32,8,unknown,GOOGLE
1601.9000000000087,48:13:39:35:eb:9b,9beb353913480201021816aafe40184f6631e89713c3da1bdeaa5a0d248a166e7bcb,-7099.0,83393.0,-81350.0,76243.0,-135375.0,,0,0,0,0,0,1,1,0,ADV_IND,34,37,13,-1,0,-1,-1,4876,32,8,unknown,GOOGLE
1606.01400000001,48:13:39:35:eb:9b,9beb353913480201021816aafe40184f6631e89713c3da1bdeaa5a0d248a166e7bcb,-18782.0,120523.0,-107551.0,94701.0,-143997.0,,0,0,0,0,0,1,1,0,ADV_IND,34,37,10,-1,0,-1,-1,6078,31,7,unknown,GOOGLE
1606.01400000001,5b:bf:ec:b4:2d:e7,e72db4ecbf5b0201021816aafe40b337f97a60db21556e0b13e8ffb8dd5a778ffecc,-34238.0,63071.0,-76875.0,61708.0,-102289.0,,0,0,0,0,0,1,1,0,ADV_IND,34,37,10,-1,0,-1,-1,4165,32,8,unknown,GOOGLE
1607.9500000000116,48:13:39:35:eb:9b,9beb353913480201021816aafe40184f6631e89713c3da1bdeaa5a0d248a166e7bcb,-15740.0,98941.0,-87441.0,90833.0,-145590.0,,0,0,0,0,0,1,1,0,ADV_IND,34,37,11,-1,0,-1,-1,1192,32,8,unknown,GOOGLE
1608.3780000000115,de:96:2b:3b:c2:d9,d9c23b2b96de1eff4c00121900cb8b3aa89e04dfc4b9c9bc5ec3445dcfe473f88fff310100,-39536.0,61552.0,-111483.0,105311.0,-142303.0,,0,0,0,0,0,1,1,2,ADV_NONCONN_IND,37,37,5,-1,0,-1,-1,4926,29,8,unknown,APPLE
1609.875,48:13:39:35:eb:9b,9beb353913480201021816aafe40184f6631e89713c3da1bdeaa5a0d248a166e7bcb,-2722.0,80010.0,-75019.0,72453.0,-141595.0,,0,0,0,0,0,1,1,0,ADV_IND,34,37,10,-1,0,-1,-1,7944,32,8,unknown,GOOGLE
1610.2340000000113,e6:56:c1:77:2d:dd,dd2d77c156e61eff4c001219005532d18d601c7a20ffc74830ba92758b70d8ff9d159a0100,-27379.0,92380.0,-106683.0,92810.0,-155194.0,,0,0,0,0,0,1,1,2,ADV_NONCONN_IND,37,37,2,-1,0,-1,-1,6925,32,7,unknown,APPLE
1610.2340000000113,5b:bf:ec:b4:2d:e7,e72db4ecbf5b0201021816aafe40b337f97a60db21556e0b13e8ffb8dd5a778ffecc,-8735.0,70739.0,-94988.0,65316.0,-115282.0,,0,0,0,0,0,1,1,0,ADV_IND,34,37,13,-1,0,-1,-1,6214,32,7,unknown,GOOGLE
1610.2340000000113,de:96:2b:3b:c2:d9,d9c23b2b96de1eff4c00121900cb8b3aa89e04dfc4b9c9bc5ec3445dcfe473f88fff310100,-59264.0,67218.0,-88666.0,92309.0,-149242.0,,0,0,0,0,0,1,1,2,ADV_NONCONN_IND,37,37,15,-1,0,-1,-1,1275,32,8,unknown,APPLE
1612.2160000000003,48:13:39:35:eb:9b,9beb353913480201021816aafe40184f6631e89713c3da1bdeaa5a0d248a166e7bcb,-34870.0,108746.0,-73574.0,79208.0,-132102.0,,0,0,0,0,0,1,1,0,ADV_IND,34,37,13,-1,0,-1,-1,1028,32,8,unknown,GOOGLE
1612.2160000000003,e6:56:c1:77:2d:dd,dd2d77c156e61eff4c001219005532d18d601c7a20ffc74830ba92758b70d8ff9d159a0100,-23097.0,98158.0,-92888.0,75433.0,-138584.0,,0,0,0,0,0,1,1,2,ADV_NONCONN_IND,37,37,1,-1,0,-1,-1,5399,32,8,unknown,APPLE
1612.2160000000003,de:96:2b:3b:c2:d9,d9c23b2b96de1eff4c00121900cb8b3aa89e04dfc4b9c9bc5ec3445dcfe473f88fff310100,-19077.0,70021.0,-102728.0,82308.0,-146035.0,,0,0,0,0,0,1,1,2,ADV_NONCONN_IND,37,37,9,-1,0,-1,-1,3754,32,7,unknown,APPLE
1613.9320000000007,48:13:39:35:eb:9b,9beb353913480201021816aafe40184f6631e89713c3da1bdeaa5a0d248a166e7bcb,-18677.0,91745.0,-69658.0,64107.0,-118109.0,,0,0,0,0,0,1,1,0,ADV_IND,34,37,9,-1,0,-1,-1,3461,32,8,unknown,GOOGLE
1616.044000000009,48:13:39:35:eb:9b,9beb353913480201021816aafe40184f6631e89713c3da1bdeaa5a0d248a166e7bcb,-22798.0,86749.0,-78883.0,62488.0,-125632.0,,0,0,0,0,0,1,1,0,ADV_IND,34,37,15,-1,0,-1,-1,5183,32,8,unknown,GOOGLE
1616.044000000009,de:96:2b:3b:c2:d9,d9c23b2b96de1eff4c00121900cb8b3aa89e04dfc4b9c9bc5ec3445dcfe473f88fff310100,-24705.0,79839.0,-112992.0,107060.0,-146478.0,,0,0,0,0,0,1,1,2,ADV_NONCONN_IND,37,37,12,-1,0,-1,-1,4755,32,8,unknown,APPLE
1619.041000000012,e6:56:c1:77:2d:dd,dd2d77c156e61eff4c001219005532d18d601c7a20ffc74830ba92758b70d8ff9d159a0100,-31732.0,108629.0,-97770.0,77525.0,-152044.0,,0,0,0,0,0,1,1,2,ADV_NONCONN_IND,37,37,3,-1,0,-1,-1,2966,31,8,unknown,APPLE
1619.041000000012,48:13:39:35:eb:9b,9beb353913480201021816aafe40184f6631e89713c3da1bdeaa5a0d248a166e7bcb,-17663.0,87008.0,-93213.0,52922.0,-127822.0,,0,0,0,0,0,1,1,0,ADV_IND,34,37,15,-1,0,-1,-1,6524,31,8,unknown,GOOGLE
1619.3010000000068,5b:bf:ec:b4:2d:e7,e72db4ecbf5b0201021816aafe40b337f97a60db21556e0b13e8ffb8dd5a778ffecc,-21099.0,62296.0,-83778.0,72683.0,-127850.0,,0,0,0,0,0,1,1,0,ADV_IND,34,37,12,-1,0,-1,-1,7716,32,8,unknown,GOOGLE
1620.4490000000078,de:96:2b:3b:c2:d9,d9c23b2b96de1eff4c00121900cb8b3aa89e04dfc4b9c9bc5ec3445dcfe473f88fff310100,-17830.0,85259.0,-107096.0,83819.0,-155885.0,,0,0,0,0,0,1,1,2,ADV_NONCONN_IND,37,37,1,-1,0,-1,-1,4606,31,7,unknown,APPLE
1620.4490000000078,48:13:39:35:eb:9b,9beb353913480201021816aafe40184f6631e89713c3da1bdeaa5a0d248a166e7bcb,-6331.0,85513.0,-83993.0,72220.0,-123234.0,,0,0,0,0,0,1,1,0,ADV_IND,34,37,8,-1,0,-1,-1,1337,32,8,unknown,GOOGLE
1622.3620000000085,de:96:2b:3b:c2:d9,d9c23b2b96de1eff4c00121900cb8b3aa89e04dfc4b9c9bc5ec3445dcfe473f88fff310100,-11900.0,74708.0,-97290.0,83489.0,-149329.0,,0,0,0,0,0,1,1,2,ADV_NONCONN_IND,37,37,14,-1,0,-1,-1,4776,32,8,unknown,APPLE
1622.3620000000085,5b:bf:ec:b4:2d:e7,e72db4ecbf5b0201021816aafe40b337f97a60db21556e0b13e8ffb8dd5a778ffecc,-38082.0,72208.0,-81261.0,74382.0,-130519.0,,0,0,0,0,0,1,1,0,ADV_IND,34,37,11,-1,0,-1,-1,4687,32,8,unknown,GOOGLE
1624.3369999999995,e6:56:c1:77:2d:dd,dd2d77c156e61eff4c001219005532d18d601c7a20ffc74830ba92758b70d8ff9d159a0100,-11031.0,93211.0,-109813.0,78215.0,-146615.0,,0,0,0,0,0,1,1,2,ADV_NONCONN_IND,37,37,6,-1,0,-1,-1,4322,32,8,unknown,APPLE
1624.3369999999995,48:13:39:35:eb:9b,9beb353913480201021816aafe40184f6631e89713c3da1bdeaa5a0d248a166e7bcb,-23505.0,90327.0,-89925.0,58609.0,-120550.0,,0,0,0,0,0,1,1,0,ADV_IND,34,37,15,-1,0,-1,-1,7759,32,8,unknown,GOOGLE
1624.3369999999995,5b:bf:ec:b4:2d:e7,e72db4ecbf5b0201021816aafe40b337f97a60db21556e0b13e8ffb8dd5a778ffecc,-18690.0,108318.0,-99199.0,73105.0,-157729.0,,0,0,0,0,0,1,1,0,ADV_IND,34,37,11,-1,0,-1,-1,6061,32,8,unknown,GOOGLE
1626.3390000000072,5b:bf:ec:b4:2d:e7,e72db4ecbf5b0201021816aafe40b337f97a60db21556e0b13e8ffb8dd5a778ffecc,-19386.0,74606.0,-83628.0,78898.0,-132548.0,,0,0,0,0,0,1,1,0,ADV_IND,34,37,2,-1,0,-1,-1,2152,32,7,unknown,GOOGLE
1628.0880000000034,de:96:2b:3b:c2:d9,d9c23b2b96de1eff4c00121900cb8b3aa89e04dfc4b9c9bc5ec3445dcfe473f88fff310100,-41022.0,84277.0,-112622.0,104482.0,-151034.0,,0,0,0,0,0,1,1,2,ADV_NONCONN_IND,37,37,3,-1,0,-1,-1,4143,31,8,unknown,APPLE
1628.0880000000034,48:13:39:35:eb:9b,9beb353913480201021816aafe40184f6631e89713c3da1bdeaa5a0d248a166e7bcb,0.0,102859.0,-88570.0,61876.0,-149195.0,,0,0,0,0,0,1,1,0,ADV_IND,34,37,13,-1,0,-1,-1,5269,32,8,unknown,GOOGLE
1630.1359999999986,e6:56:c1:77:2d:dd,dd2d77c156e61eff4c001219005532d18d601c7a20ffc74830ba92758b70d8ff9d159a0100,-20997.0,78799.0,-95326.0,67510.0,-124296.0,,0,0,0,0,0,1,1,2,ADV_NONCONN_IND,37,37,7,-1,0,-1,-1,7396,32,8,unknown,APPLE
1630.1359999999986,48:13:39:35:eb:9b,9beb353913480201021816aafe40184f6631e89713c3da1bdeaa5a0d248a166e7bcb,-23866.0,117915.0,-94810.0,99558.0,-155493.0,,0,0,0,0,0,1,1,0,ADV_IND,34,37,15,-1,0,-1,-1,5276,31,8,unknown,GOOGLE
1630.698000000004,5b:bf:ec:b4:2d:e7,e72db4ecbf5b0201021816aafe40b337f97a60db21556e0b13e8ffb8dd5a778ffecc,-21820.0,58978.0,-72063.0,61865.0,-110423.0,,0,0,0,0,0,1,1,0,ADV_IND,34,37,15,-1,0,-1,-1,2614,29,7,unknown,GOOGLE
1632.6940000000031,48:13:39:35:eb:9b,9beb353913480201021816aafe40184f6631e89713c3da1bdeaa5a0d248a166e7bcb,-10504.0,84376.0,-76575.0,85471.0,-136406.0,,0,0,0,0,0,1,1,0,ADV_IND,34,37,0,-1,0,-1,-1,1346,32,8,unknown,GOOGLE
1634.1050000000105,e6:56:c1:77:2d:dd,dd2d77c156e61eff4c001219005532d18d601c7a20ffc74830ba92758b70d8ff9d159a0100,-32029.0,94572.0,-101116.0,72421.0,-141382.0,,0,0,0,0,0,1,1,2,ADV_NONCONN_IND,37,37,4,-1,0,-1,-1,2525,32,8,unknown,APPLE
1634.5710000000108,5b:bf:ec:b4:2d:e7,e72db4ecbf5b0201021816aafe40b337f97a60db21556e0b13e8ffb8dd5a778ffecc,-30836.0,66413.0,-88027.0,62551.0,-122946.0,,0,0,0,0,0,1,1,0,ADV_IND,34,37,12,-1,0,-1,-1,4609,32,7,unknown,GOOGLE
1636.7160000000003,de:96:2b:3b:c2:d9,d9c23b2b96de1eff4c00121900cb8b3aa89e04dfc4b9c9bc5ec3445dcfe473f88fff310100,-17804.0,64650.0,-115877.0,107449.0,-150294.0,,0,0,0,0,0,1,1,2,ADV_NONCONN_IND,37,37,0,-1,0,-1,-1,1303,32,8,unknown,APPLE
1636.7160000000003,5b:bf:ec:b4:2d:e7,e72db4ecbf5b0201021816aafe40b337f97a60db21556e0b13e8ffb8dd5a778ffecc,-10348.0,74469.0,-86350.0,74766.0,-132243.0,,0,0,0,0,0,1,1,0,ADV_IND,34,37,13,-1,0,-1,-1,7341,31,8,unknown,GOOGLE
1638.8110000000015,48:13:39:35:eb:9b,9beb353913480201021816aafe40184f6631e89713c3da1bdeaa5a0d248a166e7bcb,-596.0,91934.0,-63105.0,41695.0,-142028.0,,0,0,0,0,0,1,1,0,ADV_IND,34,37,4,-1,0,-1,-1,2064,32,8,unknown,GOOGLE
1640.9850000000006,48:13:39:35:eb:9b,9beb353913480201021816aafe40184f6631e89713c3da1bdeaa5a0d248a166e7bcb,-31167.0,93307.0,-79608.0,70733.0,-124798.0,,0,0,0,0,0,1,1,0,ADV_IND,34,37,1,-1,0,-1,-1,4577,32,8,unknown,GOOGLE
1640.9850000000006,fd:11:c1:4b:53:4a,4a534bc111fd0201060303aafe1516aafe00fcede5a7b1986e2be4ca5a000007000356,2342.0,81873.0,-96251.0,70101.0,-134578.0,,0,0,0,0,0,1,1,2,ADV_NONCONN_IND,35,37,4,-1,0,-1,-1,6928,32,7,unknown,GOOGLE
1641.2490000000107,fd:11:c1:4b:53:4a,4a534bc111fd0201060303aafe1516aafe00fcede5a7b1986e2be4ca5a000007000356,-11893.0,78174.0,-116433.0,81156.0,-122527.0,,0,0,0,0,0,1,1,2,ADV_NONCONN_IND,35,37,11,-1,0,-1,-1,5973,32,8,unknown,GOOGLE
1642.218000000008,e6:56:c1:77:2d:dd,dd2d77c156e61eff4c001219005532d18d601c7a20ffc74830ba92758b70d8ff9d159a0100,-27648.0,47442.0,-90899.0,87508.0,-147485.0,,0,0,0,0,0,1,1,2,ADV_NONCONN_IND,37,37,0,-1,0,-1,-1,7458,32,8,unknown,APPLE
1644.726999999999,c6:e2:69:d6:5d:87,875dd669e2c60201060303aafe1516aafe00fbede5a7b1986e2be4ca5a000007000358,-10173.0,87927.0,-100892.0,94731.0,-118976.0,,0,0,0,0,0,1,1,2,ADV_NONCONN_IND,35,37,13,-1,0,-1,-1,5187,32,8,unknown,GOOGLE
1646.2649999999994,cc:d9:14:f7:b2:98,98b2f714d9cc0201060303aafe1516aafe00fcede5a7b1986e2be4ca5a000007000359,-13758.0,63232.0,-108157.0,78465.0,-126093.0,,0,0,0,0,0,1,1,2,ADV_NONCONN_IND,35,37,7,-1,0,-1,-1,4530,32,8,unknown,GOOGLE
1650.1370000000024,c0:9c:6c:c2:47:2e,2e47c26c9cc00201060303aafe1516aafe00fbede5a7b1986e2be4ca5a00000700035b,-19983.0,69621.0,-103902.0,88374.0,-110998.0,,0,0,0,0,0,1,1,2,ADV_NONCONN_IND,35,37,8,-1,0,-1,-1,2168,32,8,unknown,GOOGLE
1650.1370000000024,e6:56:c1:77:2d:dd,dd2d77c156e61eff4c001219005532d18d601c7a20ffc74830ba92758b70d8ff9d159a0100,-13826.0,72555.0,-88324.0,67642.0,-150222.0,,0,0,0,0,0,1,1,2,ADV_NONCONN_IND,37,37,8,-1,0,-1,-1,5590,32,8,unknown,APPLE
1650.4180000000051,de:96:2b:3b:c2:d9,d9c23b2b96de1eff4c00121900cb8b3aa89e04dfc4b9c9bc5ec3445dcfe473f88fff310100,-31797.0,86245.0,-97837.0,68992.0,-168602.0,,0,0,0,0,0,1,1,2,ADV_NONCONN_IND,37,37,11,-1,0,-1,-1,5455,32,7,unknown,APPLE
1652.3270000000048,de:96:2b:3b:c2:d9,d9c23b2b96de1eff4c00121900cb8b3aa89e04dfc4b9c9bc5ec3445dcfe473f88fff310100,-22288.0,63108.0,-104409.0,64395.0,-144389.0,,0,0,0,0,0,1,1,2,ADV_NONCONN_IND,37,37,5,-1,0,-1,-1,7780,31,7,unknown,APPLE
1652.9360000000015,52:c5:34:55:90:a7,a7905534c5520201021816aafe40184f6631e89713c3da1bdeaa5a0d248a166e7bcb,1768.0,80432.0,-85021.0,75669.0,-139977.0,,0,0,0,0,0,1,1,0,ADV_IND,34,37,3,-1,0,-1,-1,4383,32,8,unknown,GOOGLE
1652.9360000000015,d5:14:e7:c3:c4:00,00c4c3e714d50201060303aafe1516aafe00faede5a7b1986e2be4ca5a00000700035d,-10264.0,69650.0,-74993.0,95274.0,-88222.0,,0,0,0,0,0,1,1,2,ADV_NONCONN_IND,35,37,12,-1,0,-1,-1,3925,32,7,unknown,GOOGLE
1654.1140000000014,d3:8b:a7:49:ce:a5,a5ce49a78bd30201060303aafe1516aafe00feede5a7b1986e2be4ca5a00000700035e,-1099.0,88719.0,-111262.0,84849.0,-125985.0,,0,0,0,0,0,1,1,2,ADV_NONCONN_IND,35,37,5,-1,0,-1,-1,5371,32,8,unknown,GOOGLE
1654.5800000000015,d3:8b:a7:49:ce:a5,a5ce49a78bd30201060303aafe1516aafe00feede5a7b1986e2be4ca5a00000700035e,-13787.0,100404.0,-97627.0,80919.0,-115106.0,,0,0,0,0,0,1,1,2,ADV_NONCONN_IND,35,37,10,-1,0,-1,-1,1753,32,8,unknown,GOOGLE
1654.9490000000078,d3:8b:a7:49:ce:a5,a5ce49a78bd30201060303aafe1516aafe00feede5a7b1986e2be4ca5a00000700035e,-26087.0,106519.0,-116964.0,90925.0,-132001.0,,0,0,0,0,0,1,1,2,ADV_NONCONN_IND,35,37,1,-1,0,-1,-1,3152,32,8,unknown,GOOGLE
1654.9490000000078,52:c5:34:55:90:a7,a7905534c5520201021816aafe40184f6631e89713c3da1bdeaa5a0d248a166e7bcb,-11966.0,78715.0,-103209.0,98683.0,-113103.0,,0,0,0,0,0,1,1,0,ADV_IND,34,37,4,-1,0,-1,-1,5949,32,8,unknown,GOOGLE
1655.8850000000093,c2:ff:88:04:0b:e3,e30b0488ffc20201060303aafe1516aafe00fcede5a7b1986e2be4ca5a00000700035f,3516.0,63258.0,-93428.0,93836.0,-113496.0,,0,0,0,0,0,1,1,2,ADV_NONCONN_IND,35,37,15,-1,0,-1,-1,4311,32,8,unknown,GOOGLE
1655.8850000000093,c2:ff:88:04:0b:e3,e30b0488ffc20201060303aafe1516aafe00fcede5a7b1986e2be4ca5a00000700035f,-18685.0,72572.0,-74283.0,72141.0,-117003.0,,0,0,0,0,0,1,1,2,ADV_NONCONN_IND,35,37,8,-1,0,-1,-1,3429,32,8,unknown,GOOGLE
1655.8850000000093,c2:ff:88:04:0b:e3,e30b0488ffc20201060303aafe1516aafe00fcede5a7b1986e2be4ca5a00000700035f,5424.0,58110.0,-92070.0,80127.0,-113152.0,,0,0,0,0,0,1,1,2,ADV_NONCONN_IND,35,37,11,-1,0,-1,-1,2069,32,8,unknown,GOOGLE
1657.1620000000112,5b:bf:ec:b4:2d:e7,e72db4ecbf5b0201021816aafe40b337f97a60db21556e0b13e8ffb8dd5a778ffecc,-7161.0,73359.0,-92826.0,68431.0,-132895.0,,0,0,0,0,0,1,1,0,ADV_IND,34,37,2,-1,0,-1,-1,6913,32,8,unknown,GOOGLE
1657.1620000000112,52:c5:34:55:90:a7,a7905534c5520201021816aafe40184f6631e89713c3da1bdeaa5a0d248a166e7bcb,-24370.0,80607.0,-69058.0,70915.0,-141207.0,,0,0,0,0,0,1,1,0,ADV_IND,34,37,6,-1,0,-1,-1,7123,32,8,unknown,GOOGLE
1657.768000000011,ec:16:e8:ab:e3:04,04e3abe816ec0201060303aafe1516aafe00faede5a7b1986e2be4ca5a000007000360,-20921.0,90492.0,-98418.0,96486.0,-111799.0,,0,0,0,0,0,1,1,2,ADV_NONCONN_IND,35,37,11,-1,0,-1,-1,5915,32,8,unknown,GOOGLE
1657.768000000011,ec:16:e8:ab:e3:04,04e3abe816ec0201060303aafe1516aafe00faede5a7b1986e2be4ca5a000007000360,-20339.0,91230.0,-85948.0,87680.0,-113691.0,,0,0,0,0,0,1,1,2,ADV_NONCONN_IND,35,37,8,-1,0,-1,-1,7217,32,8,unknown,GOOGLE
1658.1600000000035,ec:16:e8:ab:e3:04,04e3abe816ec0201060303aafe1516aafe00faede5a7b1986e2be4ca5a000007000360,-6842.0,97133.0,-106911.0,94066.0,-114192.0,,0,0,0,0,0,1,1,2,ADV_NONCONN_IND,35,37,4,-1,0,-1,-1,1107,32,7,unknown,GOOGLE
1659.471000000005,ff:42:d9:21:d2:79,79d221d942ff0201060303aafe1516aafe00fcede5a7b1986e2be4ca5a000007000361,-14476.0,72041.0,-116811.0,84848.0,-122504.0,,0,0,0,0,0,1,1,2,ADV_NONCONN_IND,35,37,0,-1,0,-1,-1,3644,31,7,unknown,GOOGLE
1659.471000000005,ff:42:d9:21:d2:79,79d221d942ff0201060303aafe1516aafe00fcede5a7b1986e2be4ca5a000007000361,-26963.0,73469.0,-81222.0,70666.0,-124169.0,,0,0,0,0,0,1,1,2,ADV_NONCONN_IND,35,37,9,-1,0,-1,-1,2418,32,8,unknown,GOOGLE
1659.471000000005,52:c5:34:55:90:a7,a7905534c5520201021816aafe40184f6631e89713c3da1bdeaa5a0d248a166e7bcb,-8290.0,87065.0,-78891.0,74433.0,-147613.0,,0,0,0,0,0,1,1,0,ADV_IND,34,37,10,-1,0,-1,-1,5850,32,8,unknown,GOOGLE
1661.0890000000072,c7:08:38:fc:5b:24,245bfc3808c70201060303aafe1516aafe00f9ede5a7b1986e2be4ca5a000007000362,-17921.0,61455.0,-102669.0,76711.0,-135613.0,,0,0,0,0,0,1,1,2,ADV_NONCONN_IND,35,37,8,-1,0,-1,-1,898,32,8,unknown,GOOGLE
1662.219000000012,ee:f7:cc:03:ac:59,59ac03ccf7ee0201060303aafe1516aafe00fbede5a7b1986e2be4ca5a000007000363,-25743.0,76073.0,-92115.0,105460.0,-138154.0,,0,0,0,0,0,1,1,2,ADV_NONCONN_IND,35,37,8,-1,0,-1,-1,6685,32,7,unknown,GOOGLE
1662.6270000000077,ee:f7:cc:03:ac:59,59ac03ccf7ee0201060303aafe1516aafe00fbede5a7b1986e2be4ca5a000007000363,-36260.0,79729.0,-106381.0,81219.0,-125011.0,,0,0,0,0,0,1,1,2,ADV_NONCONN_IND,35,37,7,-1,0,-1,-1,2430,32,8,unknown,GOOGLE
1663.5520000000106,52:c5:34:55:90:a7,a7905534c5520201021816aafe40184f6631e89713c3da1bdeaa5a0d248a166e7bcb,-14471.0,76252.0,-67683.0,71894.0,-148629.0,,0,0,0,0,0,1,1,0,ADV_IND,34,37,4,-1,0,-1,-1,2855,32,8,unknown,GOOGLE
1663.863000000012,cb:13:a5:e8:46:08,0846e8a513cb0201060303aafe1516aafe00fcede5a7b1986e2be4ca5a000007000364,-16873.0,77381.0,-89373.0,53134.0,-125669.0,,0,0,0,0,0,1,1,2,ADV_NONCONN_IND,35,37,3,-1,0,-1,-1,6248,32,8,unknown,GOOGLE
1663.863000000012,cb:13:a5:e8:46:08,0846e8a513cb0201060303aafe1516aafe00fcede5a7b1986e2be4ca5a000007000364,-7932.0,70518.0,-101606.0,82027.0,-135680.0,,0,0,0,0,0,1,1,2,ADV_NONCONN_IND,35,37,7,-1,0,-1,-1,7290,32,8,unknown,GOOGLE
1663.863000000012,cb:13:a5:e8:46:08,0846e8a513cb0201060303aafe1516aafe00fcede5a7b1986e2be4ca5a000007000364,-11932.0,79079.0,-107678.0,83970.0,-137712.0,,0,0,0,0,0,1,1,2,ADV_NONCONN_IND,35,37,12,-1,0,-1,-1,5071,32,8,unknown,GOOGLE
1664.3300000000015,e6:56:c1:77:2d:dd,dd2d77c156e61eff4c001219005532d18d601c7a20ffc74830ba92758b70d8ff9d159a0100,-3322.0,74017.0,-98546.0,80508.0,-150833.0,,0,0,0,0,0,1,1,2,ADV_NONCONN_IND,37,37,11,-1,0,-1,-1,6093,31,7,unknown,APPLE
1665.536000000007,52:c5:34:55:90:a7,a7905534c5520201021816aafe40184f6631e89713c3da1bdeaa5a0d248a166e7bcb,-1309.0,93023.0,-74880.0,65619.0,-137658.0,,0,0,0,0,0,1,1,0,ADV_IND,34,37,3,-1,0,-1,-1,6348,32,8,unknown,GOOGLE
1665.8550000000105,c4:d5:31:2e:5d:3e,3e5d2e31d5c40201060303aafe1516aafe00fcede5a7b1986e2be4ca5a000007000365,-5526.0,92042.0,-80066.0,83414.0,-119792.0,,0,0,0,0,0,1,1,2,ADV_NONCONN_IND,35,37,12,-1,0,-1,-1,4823,32,8,unknown,GOOGLE
1667.3610000000044,d5:f7:55:5a:ca:5e,5eca5a55f7d50201060303aafe1516aafe00f9ede5a7b1986e2be4ca5a000007000366,-17221.0,106822.0,-76418.0,85782.0,-128921.0,,0,0,0,0,0,1,1,2,ADV_NONCONN_IND,35,37,10,-1,0,-1,-1,2675,32,7,unknown,GOOGLE
1667.3610000000044,d5:f7:55:5a:ca:5e,5eca5a55f7d50201060303aafe1516aafe00f9ede5a7b1986e2be4ca5a000007000366,-18770.0,71969.0,-92896.0,70550.0,-99484.0,,0,0,0,0,0,1,1,2,ADV_NONCONN_IND,35,37,1,-1,0,-1,-1,3744,32,8,unknown,GOOGLE
1668.726999999999,ea:ae:c1:80:4b:64,644b80c1aeea0201060303aafe1516aafe00fcede5a7b1986e2be4ca5a000007000367,-13501.0,67428.0,-74039.0,80083.0,-112266.0,,0,0,0,0,0,1,1,2,ADV_NONCONN_IND,35,37,9,-1,0,-1,-1,5827,32,8,unknown,GOOGLE
1669.0480000000098,ea:ae:c1:80:4b:64,644b80c1aeea0201060303aafe1516aafe00fcede5a7b1986e2be4ca5a000007000367,-3061.0,66624.0,-105111.0,81246.0,-98128.0,,0,0,0,0,0,1,1,2,ADV_NONCONN_IND,35,37,9,-1,0,-1,-1,7026,32,7,unknown,GOOGLE
1669.0480000000098,ea:ae:c1:80:4b:64,644b80c1aeea0201060303aafe1516aafe00fcede5a7b1986e2be4ca5a000007000367,-18945.0,70813.0,-79681.0,59960.0,-88692.0,,0,0,0,0,0,1,1,2,ADV_NONCONN_IND,35,37,8,-1,0,-1,-1,3436,32,8,unknown,GOOGLE
1670.26400000001,e6:56:c1:77:2d:dd,dd2d77c156e61eff4c001219005532d18d601c7a20ffc74830ba92758b70d8ff9d159a0100,-38589.0,70457.0,-92982.0,78869.0,-151152.0,,0,0,0,0,0,1,1,2,ADV_NONCONN_IND,37,37,10,-1,0,-1,-1,7562,31,8,unknown,APPLE
1670.26400000001,f1:ce:bb:3b:51:4d,4d513bbbcef10201060303aafe1516aafe00faede5a7b1986e2be4ca5a000007000368,0.0,87822.0,-103913.0,74453.0,-129612.0,,0,0,0,0,0,1,1,2,ADV_NONCONN_IND,35,37,0,-1,0,-1,-1,1574,32,8,unknown,GOOGLE
1671.8680000000022,f2:4d:22:cb:6e:0f,0f6ecb224df20201060303aafe1516aafe00faede5a7b1986e2be4ca5a000007000369,-36388.0,83109.0,-74556.0,57056.0,-107938.0,,0,0,0,0,0,1,1,2,ADV_NONCONN_IND,35,37,4,-1,0,-1,-1,7936,32,8,unknown,GOOGLE
1671.8680000000022,f2:4d:22:cb:6e:0f,0f6ecb224df20201060303aafe1516aafe00faede5a7b1986e2be4ca5a000007000369,-30067.0,71646.0,-95478.0,82620.0,-114989.0,,0,0,0,0,0,1,1,2,ADV_NONCONN_IND,35,37,5,-1,0,-1,-1,1986,32,8,unknown,GOOGLE
1672.1120000000085,f2:4d:22:cb:6e:0f,0f6ecb224df20201060303aafe1516aafe00faede5a7b1986e2be4ca5a000007000369,-34049.0,74147.0,-87017.0,74113.0,-110381.0,,0,0,0,0,0,1,1,2,ADV_NONCONN_IND,35,37,12,-1,0,-1,-1,1703,32,8,unknown,GOOGLE
1672.4180000000051,de:96:2b:3b:c2:d9,d9c23b2b96de1eff4c00121900cb8b3aa89e04dfc4b9c9bc5ec3445dcfe473f88fff310100,-31290.0,95560.0,-118964.0,106698.0,-156822.0,,0,0,0,0,0,1,1,2,ADV_NONCONN_IND,37,37,12,-1,0,-1,-1,2515,31,8,unknown,APPLE
1673.19200000001,52:c5:34:55:90:a7,a7905534c5520201021816aafe40184f6631e89713c3da1bdeaa5a0d248a166e7bcb,-17714.0,83563.0,-83305.0,90042.0,-143832.0,,0,0,0,0,0,1,1,0,ADV_IND,34,37,6,-1,0,-1,-1,4480,32,8,unknown,GOOGLE
1674.2160000000003,e6:56:c1:77:2d:dd,dd2d77c156e61eff4c001219005532d18d601c7a20ffc74830ba92758b70d8ff9d159a0100,-31596.0,88072.0,-96100.0,55687.0,-134256.0,,0,0,0,0,0,1,1,2,ADV_NONCONN_IND,37,37,2,-1,0,-1,-1,5663,32,7,unknown,APPLE
1674.8080000000043,c9:59:af:ee:91:61,6191eeaf59c90201060303aafe1516aafe00feede5a7b1986e2be4ca5a00000700036b,-1509.0,86147.0,-111366.0,60224.0,-115775.0,,0,0,0,0,0,1,1,2,ADV_NONCONN_IND,35,37,13,-1,0,-1,-1,1636,32,8,unknown,GOOGLE
1674.8080000000043,c9:59:af:ee:91:61,6191eeaf59c90201060303aafe1516aafe00feede5a7b1986e2be4ca5a00000700036b,-10196.0,80422.0,-108470.0,78173.0,-100182.0,,0,0,0,0,0,1,1,2,ADV_NONCONN_IND,35,37,7,-1,0,-1,-1,3481,31,8,unknown,GOOGLE
1675.0550000000076,5b:bf:ec:b4:2d:e7,e72db4ecbf5b0201021816aafe40b337f97a60db21556e0b13e8ffb8dd5a778ffecc,-16693.0,68645.0,-83112.0,71174.0,-134914.0,,0,0,0,0,0,1,1,0,ADV_IND,34,37,8,-1,0,-1,-1,6264,32,8,unknown,GOOGLE
1675.4230000000098,52:c5:34:55:90:a7,a7905534c5520201021816aafe40184f6631e89713c3da1bdeaa5a0d248a166e7bcb,1025.0,93329.0,-99727.0,76551.0,-136199.0,,0,0,0,0,0,1,1,0,ADV_IND,34,37,13,-1,0,-1,-1,1444,32,8,unknown,GOOGLE
1676.116000000009,ef:e2:24:fd:7f:b1,b17ffd24e2ef0201060303aafe1516aafe00fdede5a7b1986e2be4ca5a00000700036c,-3962.0,85188.0,-101135.0,50280.0,-113086.0,,0,0,0,0,0,1,1,2,ADV_NONCONN_IND,35,37,8,-1,0,-1,-1,1917,32,7,unknown,GOOGLE
1676.116000000009,ef:e2:24:fd:7f:b1,b17ffd24e2ef0201060303aafe1516aafe00fdede5a7b1986e2be4ca5a00000700036c,-28708.0,95502.0,-79828.0,96985.0,-130987.0,,0,0,0,0,0,1,1,2,ADV_NONCONN_IND,35,37,13,-1,0,-1,-1,1283,32,8,unknown,GOOGLE
1676.4290000000035,ef:e2:24:fd:7f:b1,b17ffd24e2ef0201060303aafe1516aafe00fdede5a7b1986e2be4ca5a00000700036c,-27636.0,111848.0,-134485.0,94705.0,-127385.0,,0,0,0,0,0,1,1,2,ADV_NONCONN_IND,35,37,1,-1,0,-1,-1,5058,32,8,unknown,GOOGLE
1676.4290000000035,de:96:2b:3b:c2:d9,d9c23b2b96de1eff4c00121900cb8b3aa89e04dfc4b9c9bc5ec3445dcfe473f88fff310100,-21204.0,76980.0,-109591.0,93520.0,-159240.0,,0,0,0,0,0,1,1,2,ADV_NONCONN_IND,37,37,6,-1,0,-1,-1,1775,30,7,unknown,APPLE
1679.9780000000028,fa:66:f9:d7:55:cb,cb55d7f966fa0201060303aafe1516aafe00fcede5a7b1986e2be4ca5a00000700036d,-25646.0,88149.0,-78227.0,30597.0,-121130.0,,0,0,0,0,0,1,1,2,ADV_NONCONN_IND,35,37,0,-1,0,-1,-1,1778,32,8,unknown,GOOGLE
1679.9780000000028,fa:66:f9:d7:55:cb,cb55d7f966fa0201060303aafe1516aafe00fcede5a7b1986e2be4ca5a00000700036d,-5660.0,87595.0,-93780.0,91976.0,-116125.0,,0,0,0,0,0,1,1,2,ADV_NONCONN_IND,35,37,1,-1,0,-1,-1,6409,32,7,unknown,GOOGLE
1680.7350000000006,e6:56:c1:77:2d:dd,dd2d77c156e61eff4c001219005532d18d601c7a20ffc74830ba92758b70d8ff9d159a0100,-18274.0,80291.0,-96994.0,72524.0,-156919.0,,0,0,0,0,0,1,1,2,ADV_NONCONN_IND,37,37,6,-1,0,-1,-1,6217,32,7,unknown,APPLE
1681.2510000000038,52:c5:34:55:90:a7,a7905534c5520201021816aafe40184f6631e89713c3da1bdeaa5a0d248a166e7bcb,-8391.0,73510.0,-74228.0,71737.0,-129128.0,,0,0,0,0,0,1,1,0,ADV_IND,34,37,10,-1,0,-1,-1,2147,32,8,unknown,GOOGLE
1681.7580000000016,e6:56:c1:77:2d:dd,dd2d77c156e61eff4c001219005532d18d601c7a20ffc74830ba92758b70d8ff9d159a0100,-13269.0,72063.0,-89476.0,71598.0,-126825.0,,0,0,0,0,0,1,1,2,ADV_NONCONN_IND,37,37,15,-1,0,-1,-1,7102,31,8,unknown,APPLE
1681.994000000006,de:96:2b:3b:c2:d9,d9c23b2b96de1eff4c00121900cb8b3aa89e04dfc4b9c9bc5ec3445dcfe473f88fff310100,-30031.0,67817.0,-91306.0,92094.0,-160467.0,,0,0,0,0,0,1,1,2,ADV_NONCONN_IND,37,37,0,-1,0,-1,-1,4564,31,8,unknown,APPLE
1682.4720000000088,5b:bf:ec:b4:2d:e7,e72db4ecbf5b0201021816aafe40b337f97a60db21556e0b13e8ffb8dd5a778ffecc,-23157.0,71240.0,-74399.0,70221.0,-128927.0,,0,0,0,0,0,1,1,0,ADV_IND,34,37,10,-1,0,-1,-1,3567,32,8,unknown,GOOGLE
1682.4720000000088,cd:bb:08:89:7b:d0,d07b8908bbcd0201060303aafe1516aafe00fcede5a7b1986e2be4ca5a000007000370,-41693.0,94822.0,-101996.0,90289.0,-125436.0,,0,0,0,0,0,1,1,2,ADV_NONCONN_IND,35,37,0,-1,0,-1,-1,7572,32,8,unknown,GOOGLE
1683.4579999999987,5b:bf:ec:b4:2d:e7,e72db4ecbf5b0201021816aafe40b337f97a60db21556e0b13e8ffb8dd5a778ffecc,-23083.0,68068.0,-71560.0,71679.0,-145820.0,,0,0,0,0,0,1,1,0,ADV_IND,34,37,3,-1,0,-1,-1,6955,31,8,unknown,GOOGLE
1683.7280000000028,52:c5:34:55:90:a7,a7905534c5520201021816aafe40184f6631e89713c3da1bdeaa5a0d248a166e7bcb,-21026.0,88585.0,-76162.0,62589.0,-112712.0,,0,0,0,0,0,1,1,0,ADV_IND,34,37,2,-1,0,-1,-1,7052,32,8,unknown,GOOGLE
1684.156000000003,d4:51:80:df:56:52,5256df8051d40201060303aafe1516aafe00fbede5a7b1986e2be4ca5a000007000372,-29762.0,78426.0,-91675.0,94513.0,-140758.0,,0,0,0,0,0,1,1,2,ADV_NONCONN_IND,35,37,4,-1,0,-1,-1,2810,32,8,unknown,GOOGLE
1685.7540000000008,52:c5:34:55:90:a7,a7905534c5520201021816aafe40184f6631e89713c3da1bdeaa5a0d248a166e7bcb,-26753.0,97176.0,-89667.0,111685.0,-158587.0,,0,0,0,0,0,1,1,0,ADV_IND,34,37,6,-1,0,-1,-1,7084,32,8,unknown,GOOGLE
1687.5339999999997,5b:bf:ec:b4:2d:e7,e72db4ecbf5b0201021816aafe40b337f97a60db21556e0b13e8ffb8dd5a778ffecc,-22991.0,81747.0,-89910.0,80257.0,-124318.0,,0,0,0,0,0,1,1,0,ADV_IND,34,37,12,-1,0,-1,-1,3373,30,7,unknown,GOOGLE
1689.3730000000069,5b:bf:ec:b4:2d:e7,e72db4ecbf5b0201021816aafe40b337f97a60db21556e0b13e8ffb8dd5a778ffecc,-31926.0,69808.0,-80135.0,68751.0,-120902.0,,0,0,0,0,0,1,1,0,ADV_IND,34,37,2,-1,0,-1,-1,6170,32,8,unknown,GOOGLE
1689.872000000003,52:c5:34:55:90:a7,a7905534c5520201021816aafe40184f6631e89713c3da1bdeaa5a0d248a166e7bcb,0.0,97271.0,-77014.0,69145.0,-131969.0,,0,0,0,0,0,1,1,0,ADV_IND,34,37,4,-1,0,-1,-1,3888,32,8,unknown,GOOGLE
1690.4100000000035,e6:56:c1:77:2d:dd,dd2d77c156e61eff4c001219005532d18d601c7a20ffc74830ba92758b70d8ff9d159a0100,-18680.0,78316.0,-98214.0,60472.0,-124421.0,,0,0,0,0,0,1,1,2,ADV_NONCONN_IND,37,37,13,-1,0,-1,-1,4561,32,8,unknown,APPLE
1691.4410000000062,5b:bf:ec:b4:2d:e7,e72db4ecbf5b0201021816aafe40b337f97a60db21556e0b13e8ffb8dd5a778ffecc,-27613.0,75270.0,-86252.0,76673.0,-124941.0,,0,0,0,0,0,1,1,0,ADV_IND,34,37,7,-1,0,-1,-1,1804,32,8,unknown,GOOGLE
1691.9089999999997,52:c5:34:55:90:a7,a7905534c5520201021816aafe40184f6631e89713c3da1bdeaa5a0d248a166e7bcb,-11312.0,100020.0,-89157.0,72060.0,-132105.0,,0,0,0,0,0,1,1,0,ADV_IND,34,37,0,-1,0,-1,-1,3262,32,8,unknown,GOOGLE
1693.415000000008,d5:c1:0b:6f:26:88,88266f0bc1d50201060303aafe1516aafe00fcede5a7b1986e2be4ca5a000007000379,-29474.0,78388.0,-76570.0,72095.0,-127117.0,,0,0,0,0,0,1,1,2,ADV_NONCONN_IND,35,37,10,-1,0,-1,-1,3386,32,8,unknown,GOOGLE
1693.415000000008,5b:bf:ec:b4:2d:e7,e72db4ecbf5b0201021816aafe40b337f97a60db21556e0b13e8ffb8dd5a778ffecc,-13396.0,82011.0,-92333.0,69789.0,-136572.0,,0,0,0,0,0,1,1,0,ADV_IND,34,37,7,-1,0,-1,-1,5914,32,8,unknown,GOOGLE
1693.715000000011,52:c5:34:55:90:a7,a7905534c5520201021816aafe40184f6631e89713c3da1bdeaa5a0d248a166e7bcb,-27716.0,101514.0,-82405.0,73040.0,-132918.0,,0,0,0,0,0,1,1,0,ADV_IND,34,37,4,-1,0,-1,-1,2130,32,8,unknown,GOOGLE
1695.625,52:c5:34:55:90:a7,a7905534c5520201021816aafe40184f6631e89713c3da1bdeaa5a0d248a166e7bcb,-18790.0,90461.0,-90764.0,106989.0,-141159.0,,0,0,0,0,0,1,1,0,ADV_IND,34,37,4,-1,0,-1,-1,2388,32,8,unknown,GOOGLE
1697.3770000000077,5b:bf:ec:b4:2d:e7,e72db4ecbf5b0201021816aafe40b337f97a60db21556e0b13e8ffb8dd5a778ffecc,-29193.0,77028.0,-76969.0,74897.0,-142911.0,,0,0,0,0,0,1,1,0,ADV_IND,34,37,6,-1,0,-1,-1,4318,32,8,unknown,GOOGLE
1697.8550000000105,52:c5:34:55:90:a7,a7905534c5520201021816aafe40184f6631e89713c3da1bdeaa5a0d248a166e7bcb,-2725.0,80772.0,-76115.0,75320.0,-144465.0,,0,0,0,0,0,1,1,0,ADV_IND,34,37,14,-1,0,-1,-1,5196,32,8,unknown,GOOGLE
1699.9530000000086,52:c5:34:55:90:a7,a7905534c5520201021816aafe40184f6631e89713c3da1bdeaa5a0d248a166e7bcb,-9660.0,94779.0,-97415.0,92070.0,-143317.0,,0,0,0,0,0,1,1,0,ADV_IND,34,37,14,-1,0,-1,-1,1447,32,8,unknown,GOOGLE
1699.9530000000086,ee:42:2e:9e:70:8c,8c709e2e42ee0201060303aafe1516aafe00fbede5a7b1986e2be4ca5a00000700037f,-7438.0,80381.0,-99021.0,58877.0,-101227.0,,0,0,0,0,0,1,1,2,ADV_NONCONN_IND,35,37,1,-1,0,-1,-1,7672,32,8,unknown,GOOGLE
1700.2079999999987,ee:42:2e:9e:70:8c,8c709e2e42ee0201060303aafe1516aafe00fbede5a7b1986e2be4ca5a00000700037f,-25966.0,101390.0,-102250.0,90329.0,-136209.0,,0,0,0,0,0,1,1,2,ADV_NONCONN_IND,35,37,5,-1,0,-1,-1,1041,32,8,unknown,GOOGLE
1701.7520000000077,5b:bf:ec:b4:2d:e7,e72db4ecbf5b0201021816aafe40b337f97a60db21556e0b13e8ffb8dd5a778ffecc,-32564.0,88235.0,-83063.0,71593.0,-149714.0,,0,0,0,0,0,1,1,0,ADV_IND,34,37,6,-1,0,-1,-1,3307,32,8,unknown,GOOGLE
1701.7520000000077,52:c5:34:55:90:a7,a7905534c5520201021816aafe40184f6631e89713c3da1bdeaa5a0d248a166e7bcb,0.0,95773.0,-89882.0,81898.0,-124573.0,,0,0,0,0,0,1,1,0,ADV_IND,34,37,6,-1,0,-1,-1,2832,32,8,unknown,GOOGLE
1702.31700000001,e6:56:c1:77:2d:dd,dd2d77c156e61eff4c001219005532d18d601c7a20ffc74830ba92758b70d8ff9d159a0100,-31728.0,77917.0,-88599.0,68022.0,-137614.0,,0,0,0,0,0,1,1,2,ADV_NONCONN_IND,37,37,14,-1,0,-1,-1,6687,30,7,unknown,APPLE
1703.919000000009,52:c5:34:55:90:a7,a7905534c5520201021816aafe40184f6631e89713c3da1bdeaa5a0d248a166e7bcb,-15406.0,94811.0,-78913.0,60254.0,-129157.0,,0,0,0,0,0,1,1,0,ADV_IND,34,37,3,-1,0,-1,-1,3526,32,8,unknown,GOOGLE
1704.976999999999,c9:aa:35:b2:bc:02,02bcb235aac90201060303aafe1516aafe00fcede5a7b1986e2be4ca5a000007000382,13696.0,71161.0,-131989.0,95185.0,-121450.0,,0,0,0,0,0,1,1,2,ADV_NONCONN_IND,35,37,1,-1,0,-1,-1,1043,32,8,unknown,GOOGLE
1706.166000000012,e6:56:c1:77:2d:dd,dd2d77c156e61eff4c001219005532d18d601c7a20ffc74830ba92758b70d8ff9d159a0100,-18889.0,85219.0,-92870.0,86597.0,-156890.0,,0,0,0,0,0,1,1,2,ADV_NONCONN_IND,37,37,12,-1,0,-1,-1,3266,32,8,unknown,APPLE
1706.166000000012,eb:8e:57:49:80:f1,f18049578eeb0201060303aafe1516aafe00fcede5a7b1986e2be4ca5a000007000383,-29015.0,84079.0,-78770.0,92191.0,-126167.0,,0,0,0,0,0,1,1,2,ADV_NONCONN_IND,35,37,3,-1,0,-1,-1,5758,31,8,unknown,GOOGLE
1710.4070000000063,c6:a0:23:54:53:66,66535423a0c60201060303aafe1516aafe00fcede5a7b1986e2be4ca5a000007000384,-24620.0,57894.0,-71895.0,76545.0,-127703.0,,0,0,0,0,0,1,1,2,ADV_NONCONN_IND,35,37,0,-1,0,-1,-1,1567,32,7,unknown,GOOGLE
1710.6470000000118,c6:a0:23:54:53:66,66535423a0c60201060303aafe1516aafe00fcede5a7b1986e2be4ca5a000007000384,-18575.0,88102.0,-79299.0,80164.0,-130478.0,,0,0,0,0,0,1,1,2,ADV_NONCONN_IND,35,37,6,-1,0,-1,-1,2594,32,8,unknown,GOOGLE
1711.4400000000023,f4:a0:0b:a6:50:d4,d450a60ba0f40201060303aafe1516aafe00fcede5a7b1986e2be4ca5a000007000385,-4443.0,66683.0,-94276.0,65683.0,-104754.0,,0,0,0,0,0,1,1,2,ADV_NONCONN_IND,35,37,8,-1,0,-1,-1,5791,32,8,unknown,GOOGLE
1711.6850000000122,f4:a0:0b:a6:50:d4,d450a60ba0f40201060303aafe1516aafe00fcede5a7b1986e2be4ca5a000007000385,-29421.0,84835.0,-96756.0,101897.0,-131675.0,,0,0,0,0,0,1,1,2,ADV_NONCONN_IND,35,37,3,-1,0,-1,-1,3791,32,8,unknown,GOOGLE
1711.923999999999,5b:bf:ec:b4:2d:e7,e72db4ecbf5b0201021816aafe40b337f97a60db21556e0b13e8ffb8dd5a778ffecc,-9847.0,62499.0,-85805.0,67294.0,-133547.0,,0,0,0,0,0,1,1,0,ADV_IND,34,37,2,-1,0,-1,-1,6926,32,8,unknown,GOOGLE
1712.175000000003,52:c5:34:55:90:a7,a7905534c5520201021816aafe40184f6631e89713c3da1bdeaa5a0d248a166e7bcb,-4231.0,96092.0,-99340.0,97102.0,-150516.0,,0,0,0,0,0,1,1,0,ADV_IND,34,37,5,-1,0,-1,-1,7211,32,8,unknown,GOOGLE
1712.4460000000108,e6:56:c1:77:2d:dd,dd2d77c156e61eff4c001219005532d18d601c7a20ffc74830ba92758b70d8ff9d159a0100,-14606.0,72533.0,-90787.0,82636.0,-163880.0,,0,0,0,0,0,1,1,2,ADV_NONCONN_IND,37,37,0,-1,0,-1,-1,6000,32,7,unknown,APPLE
1713.1670000000013,5b:bf:ec:b4:2d:e7,e72db4ecbf5b0201021816aafe40b337f97a60db21556e0b13e8ffb8dd5a778ffecc,-26891.0,81262.0,-88796.0,75986.0,-142008.0,,0,0,0,0,0,1,1,0,ADV_IND,34,37,10,-1,0,-1,-1,7390,32,8,unknown,GOOGLE
1713.4340000000084,52:c5:34:55:90:a7,a7905534c5520201021816aafe40184f6631e89713c3da1bdeaa5a0d248a166e7bcb,-846.0,104839.0,-103489.0,92334.0,-148060.0,,0,0,0,0,0,1,1,0,ADV_IND,34,37,15,-1,0,-1,-1,5766,32,8,unknown,GOOGLE
1714.673999999999,e5:26:e9:bf:39:b6,b639bfe926e50201060303aafe1516aafe00fbede5a7b1986e2be4ca5a000007000389,-1212.0,85001.0,-101318.0,102308.0,-119819.0,,0,0,0,0,0,1,1,2,ADV_NONCONN_IND,35,37,7,-1,0,-1,-1,2584,32,8,unknown,GOOGLE
1714.922000000006,de:96:2b:3b:c2:d9,d9c23b2b96de1eff4c00121900cb8b3aa89e04dfc4b9c9bc5ec3445dcfe473f88fff310100,-18441.0,81929.0,-107570.0,105639.0,-162987.0,,0,0,0,0,0,1,1,2,ADV_NONCONN_IND,37,37,5,-1,0,-1,-1,6135,32,8,unknown,APPLE
1716.0780000000086,52:c5:34:55:90:a7,a7905534c5520201021816aafe40184f6631e89713c3da1bdeaa5a0d248a166e7bcb,-36.0,80223.0,-98724.0,97683.0,-140908.0,,0,0,0,0,0,1,1,0,ADV_IND,34,37,2,-1,0,-1,-1,7972,32,8,unknown,GOOGLE
1717.8669999999984,cc:d5:e8:d9:73:6b,6b73d9e8d5cc0201060303aafe1516aafe00fbede5a7b1986e2be4ca5a00000700038c,-22069.0,69304.0,-96768.0,113135.0,-131777.0,,0,0,0,0,0,1,1,2,ADV_NONCONN_IND,35,37,11,-1,0,-1,-1,3426,32,8,unknown,GOOGLE
1718.4270000000106,e6:56:c1:77:2d:dd,dd2d77c156e61eff4c001219005532d18d601c7a20ffc74830ba92758b70d8ff9d159a0100,-17114.0,64349.0,-85844.0,58049.0,-145486.0,,0,0,0,0,0,1,1,2,ADV_NONCONN_IND,37,37,4,-1,0,-1,-1,5160,32,8,unknown,APPLE
1718.4270000000106,de:96:2b:3b:c2:d9,d9c23b2b96de1eff4c00121900cb8b3aa89e04dfc4b9c9bc5ec3445dcfe473f88fff310100,-38107.0,79386.0,-98194.0,91952.0,-156449.0,,0,0,0,0,0,1,1,2,ADV_NONCONN_IND,37,37,9,-1,0,-1,-1,3798,32,7,unknown,APPLE
1719.396000000008,ef:b7:40:65:9d:86,869d6540b7ef0201060303aafe1516aafe00f7ede5a7b1986e2be4ca5a00000700038d,-35458.0,96658.0,-108671.0,93496.0,-136447.0,,0,0,0,0,0,1,1,2,ADV_NONCONN_IND,35,37,5,-1,0,-1,-1,1628,31,7,unknown,GOOGLE
1719.396000000008,ef:b7:40:65:9d:86,869d6540b7ef0201060303aafe1516aafe00f7ede5a7b1986e2be4ca5a00000700038d,-25237.0,77972.0,-138275.0,103987.0,-138426.0,,0,0,0,0,0,1,1,2,ADV_NONCONN_IND,35,37,10,-1,0,-1,-1,3356,31,8,unknown,GOOGLE
1719.396000000008,ef:b7:40:65:9d:86,869d6540b7ef0201060303aafe1516aafe00f7ede5a7b1986e2be4ca5a00000700038d,-10378.0,81776.0,-131128.0,97671.0,-132570.0,,0,0,0,0,0,1,1,2,ADV_NONCONN_IND,35,37,12,-1,0,-1,-1,4656,32,8,unknown,GOOGLE
1720.274000000005,52:c5:34:55:90:a7,a7905534c5520201021816aafe40184f6631e89713c3da1bdeaa5a0d248a166e7bcb,-14221.0,94014.0,-68571.0,64851.0,-124084.0,,0,0,0,0,0,1,1,0,ADV_IND,34,37,1,-1,0,-1,-1,5437,32,8,unknown,GOOGLE
1722.1880000000092,52:c5:34:55:90:a7,a7905534c5520201021816aafe40184f6631e89713c3da1bdeaa5a0d248a166e7bcb,-12433.0,82846.0,-73374.0,78799.0,-132570.0,,0,0,0,0,0,1,1,0,ADV_IND,34,37,8,-1,0,-1,-1,1631,31,8,unknown,GOOGLE
1722.1880000000092,d4:af:6e:5e:fc:95,95fc5e6eafd40201060303aafe1516aafe00fcede5a7b1986e2be4ca5a00000700038f,-32793.0,107073.0,-91362.0,107529.0,-118436.0,,0,0,0,0,0,1,1,2,ADV_NONCONN_IND,35,37,7,-1,0,-1,-1,2745,31,8,unknown,GOOGLE
1723.0449999999985,de:96:2b:3b:c2:d9,d9c23b2b96de1eff4c00121900cb8b3aa89e04dfc4b9c9bc5ec3445dcfe473f88fff310100,-32805.0,73787.0,-104949.0,79246.0,-152779.0,,0,0,0,0,0,1,1,2,ADV_NONCONN_IND,37,37,12,-1,0,-1,-1,6339,32,8,unknown,APPLE
1723.9850000000006,5b:bf:ec:b4:2d:e7,e72db4ecbf5b0201021816aafe40b337f97a60db21556e0b13e8ffb8dd5a778ffecc,-26942.0,95793.0,-97687.0,72344.0,-157807.0,,0,0,0,0,0,1,1,0,ADV_IND,34,37,6,-1,0,-1,-1,2630,32,7,unknown,GOOGLE
1724.648000000001,de:96:2b:3b:c2:d9,d9c23b2b96de1eff4c00121900cb8b3aa89e04dfc4b9c9bc5ec3445dcfe473f88fff310100,-34471.0,68290.0,-110793.0,97858.0,-164589.0,,0,0,0,0,0,1,1,2,ADV_NONCONN_IND,37,37,12,-1,0,-1,-1,7856,31,8,unknown,APPLE
1725.8740000000107,5b:bf:ec:b4:2d:e7,e72db4ecbf5b0201021816aafe40b337f97a60db21556e0b13e8ffb8dd5a778ffecc,-26365.0,71166.0,-74503.0,61541.0,-109321.0,,0,0,0,0,0,1,1,0,ADV_IND,34,37,3,-1,0,-1,-1,6075,32,8,unknown,GOOGLE
1726.2830000000104,52:c5:34:55:90:a7,a7905534c5520201021816aafe40184f6631e89713c3da1bdeaa5a0d248a166e7bcb,-24074.0,97191.0,-104557.0,95296.0,-136513.0,,0,0,0,0,0,1,1,0,ADV_IND,34,37,1,-1,0,-1,-1,8040,32,8,unknown,GOOGLE
1728.3380000000034,5b:bf:ec:b4:2d:e7,e72db4ecbf5b0201021816aafe40b337f97a60db21556e0b13e8ffb8dd5a778ffecc,-24189.0,73947.0,-90194.0,62343.0,-111533.0,,0,0,0,0,0,1,1,0,ADV_IND,34,37,12,-1,0,-1,-1,3336,32,8,unknown,GOOGLE
1728.3380000000034,ce:4e:18:6c:0c:e4,e40c6c184ece0201060303aafe1516aafe00fbede5a7b1986e2be4ca5a000007000393,-36122.0,73259.0,-83365.0,59375.0,-118248.0,,0,0,0,0,0,1,1,2,ADV_NONCONN_IND,35,37,14,-1,0,-1,-1,1123,32,8,unknown,GOOGLE
1730.5430000000051,52:c5:34:55:90:a7,a7905534c5520201021816aafe40184f6631e89713c3da1bdeaa5a0d248a166e7bcb,-17727.0,109824.0,-79598.0,89559.0,-145981.0,,0,0,0,0,0,1,1,0,ADV_IND,34,37,3,-1,0,-1,-1,2307,32,8,unknown,GOOGLE
1732.1820000000007,52:c5:34:55:90:a7,a7905534c5520201021816aafe40184f6631e89713c3da1bdeaa5a0d248a166e7bcb,-15626.0,88566.0,-79457.0,101306.0,-138519.0,,0,0,0,0,0,1,1,0,ADV_IND,34,37,7,-1,0,-1,-1,5093,32,8,unknown,GOOGLE
1732.99500000001,de:96:2b:3b:c2:d9,d9c23b2b96de1eff4c00121900cb8b3aa89e04dfc4b9c9bc5ec3445dcfe473f88fff310100,-22274.0,96411.0,-130385.0,103083.0,-167454.0,,0,0,0,0,0,1,1,2,ADV_NONCONN_IND,37,37,2,-1,0,-1,-1,3344,30,7,unknown,APPLE
1734.3040000000035,e6:56:c1:77:2d:dd,dd2d77c156e61eff4c001219005532d18d601c7a20ffc74830ba92758b70d8ff9d159a0100,-37238.0,98310.0,-91463.0,73195.0,-159260.0,,0,0,0,0,0,1,1,2,ADV_NONCONN_IND,37,37,15,-1,0,-1,-1,3929,32,8,unknown,APPLE
1735.0250000000087,de:96:2b:3b:c2:d9,d9c23b2b96de1eff4c00121900cb8b3aa89e04dfc4b9c9bc5ec3445dcfe473f88fff310100,-47362.0,66465.0,-109896.0,81653.0,-147119.0,,0,0,0,0,0,1,1,2,ADV_NONCONN_IND,37,37,2,-1,0,-1,-1,4394,32,8,unknown,APPLE
1741.9120000000112,52:c5:34:55:90:a7,a7905534c5520201021816aafe40184f6631e89713c3da1bdeaa5a0d248a166e7bcb,-23427.0,95596.0,-76896.0,68350.0,-127969.0,,0,0,0,0,0,1,1,0,ADV_IND,34,37,8,-1,0,-1,-1,2099,32,8,unknown,GOOGLE
1742.9590000000026,52:c5:34:55:90:a7,a7905534c5520201021816aafe40184f6631e89713c3da1bdeaa5a0d248a166e7bcb,-14313.0,94054.0,-81625.0,87106.0,-141344.0,,0,0,0,0,0,1,1,0,ADV_IND,34,37,0,-1,0,-1,-1,4866,32,8,unknown,GOOGLE
1744.2620000000024,de:96:2b:3b:c2:d9,d9c23b2b96de1eff4c00121900cb8b3aa89e04dfc4b9c9bc5ec3445dcfe473f88fff310100,-26712.0,71356.0,-102084.0,73106.0,-152302.0,,0,0,0,0,0,1,1,2,ADV_NONCONN_IND,37,37,0,-1,0,-1,-1,1844,30,8,unknown,APPLE
1744.767000000007,ea:34:4a:11:a8:22,22a8114a34ea0201060303aafe1516aafe00fcede5a7b1986e2be4ca5a00000700039d,-14542.0,83027.0,-82258.0,81019.0,-90011.0,,0,0,0,0,0,1,1,2,ADV_NONCONN_IND,35,37,5,-1,0,-1,-1,1928,32,8,unknown,GOOGLE
1744.767000000007,ea:34:4a:11:a8:22,22a8114a34ea0201060303aafe1516aafe00fcede5a7b1986e2be4ca5a00000700039d,-20093.0,62353.0,-91993.0,55891.0,-82098.0,,0,0,0,0,0,1,1,2,ADV_NONCONN_IND,35,37,4,-1,0,-1,-1,3798,32,8,unknown,GOOGLE
1745.297000000006,de:96:2b:3b:c2:d9,d9c23b2b96de1eff4c00121900cb8b3aa89e04dfc4b9c9bc5ec3445dcfe473f88fff310100,-48836.0,81592.0,-102709.0,92277.0,-160308.0,,0,0,0,0,0,1,1,2,ADV_NONCONN_IND,37,37,9,-1,0,-1,-1,5597,32,8,unknown,APPLE
1746.9230000000098,de:96:2b:3b:c2:d9,d9c23b2b96de1eff4c00121900cb8b3aa89e04dfc4b9c9bc5ec3445dcfe473f88fff310100,-45688.0,60400.0,-89492.0,89807.0,-126975.0,,0,0,0,0,0,1,1,2,ADV_NONCONN_IND,37,37,13,-1,0,-1,-1,3371,32,8,unknown,APPLE
1747.3110000000015,df:6e:38:dc:67:d7,d767dc386edf0201060303aafe1516aafe00f8ede5a7b1986e2be4ca5a00000700039f,-239.0,94485.0,-80071.0,64198.0,-113003.0,,0,0,0,0,0,1,1,2,ADV_NONCONN_IND,35,37,1,-1,0,-1,-1,4979,32,8,unknown,GOOGLE
1748.3450000000012,fc:27:9f:44:df:8a,8adf449f27fc0201060303aafe1516aafe00fcede5a7b1986e2be4ca5a0000070003a0,-29095.0,72572.0,-90805.0,79966.0,-118999.0,,0,0,0,0,0,1,1,2,ADV_NONCONN_IND,35,37,12,-1,0,-1,-1,5661,30,7,unknown,GOOGLE
1750.2030000000086,5b:bf:ec:b4:2d:e7,e72db4ecbf5b0201021816aafe40b337f97a60db21556e0b13e8ffb8dd5a778ffecc,-19397.0,83179.0,-88612.0,85955.0,-155682.0,,0,0,0,0,0,1,1,0,ADV_IND,34,37,12,-1,0,-1,-1,1802,31,7,unknown,GOOGLE
1750.5780000000086,52:c5:34:55:90:a7,a7905534c5520201021816aafe40184f6631e89713c3da1bdeaa5a0d248a166e7bcb,-32555.0,105871.0,-91976.0,95867.0,-150206.0,,0,0,0,0,0,1,1,0,ADV_IND,34,37,2,-1,0,-1,-1,4794,32,8,unknown,GOOGLE
1754.3179999999993,e6:56:c1:77:2d:dd,dd2d77c156e61eff4c001219005532d18d601c7a20ffc74830ba92758b70d8ff9d159a0100,-22093.0,67475.0,-89089.0,69484.0,-128217.0,,0,0,0,0,0,1,1,2,ADV_NONCONN_IND,37,37,14,-1,0,-1,-1,5739,32,8,unknown,APPLE
1754.703999999998,52:c5:34:55:90:a7,a7905534c5520201021816aafe40184f6631e89713c3da1bdeaa5a0d248a166e7bcb,-1125.0,90189.0,-79922.0,65414.0,-105798.0,,0,0,0,0,0,1,1,0,ADV_IND,34,37,14,-1,0,-1,-1,6016,32,8,unknown,GOOGLE
1756.6110000000044,5b:bf:ec:b4:2d:e7,e72db4ecbf5b0201021816aafe40b337f97a60db21556e0b13e8ffb8dd5a778ffecc,-36190.0,57599.0,-89862.0,68217.0,-103307.0,,0,0,0,0,0,1,1,0,ADV_IND,34,37,1,-1,0,-1,-1,2030,32,8,unknown,GOOGLE
1756.976999999999,52:c5:34:55:90:a7,a7905534c5520201021816aafe40184f6631e89713c3da1bdeaa5a0d248a166e7bcb,-3182.0,89429.0,-78767.0,58101.0,-129329.0,,0,0,0,0,0,1,1,0,ADV_IND,34,37,12,-1,0,-1,-1,2246,32,8,unknown,GOOGLE
1758.721000000005,de:96:2b:3b:c2:d9,d9c23b2b96de1eff4c00121900cb8b3aa89e04dfc4b9c9bc5ec3445dcfe473f88fff310100,-25485.0,70288.0,-107386.0,77001.0,-132576.0,,0,0,0,0,0,1,1,2,ADV_NONCONN_IND,37,37,1,-1,0,-1,-1,4443,32,8,unknown,APPLE
1758.971000000005,52:c5:34:55:90:a7,a7905534c5520201021816aafe40184f6631e89713c3da1bdeaa5a0d248a166e7bcb,-18507.0,104375.0,-87969.0,61474.0,-132149.0,,0,0,0,0,0,1,1,0,ADV_IND,34,37,5,-1,0,-1,-1,2743,32,8,unknown,GOOGLE
1762.7110000000102,de:96:2b:3b:c2:d9,d9c23b2b96de1eff4c00121900cb8b3aa89e04dfc4b9c9bc5ec3445dcfe473f88fff310100,-23656.0,98209.0,-128895.0,102979.0,-166647.0,,0,0,0,0,0,1,1,2,ADV_NONCONN_IND,37,37,7,-1,0,-1,-1,3398,30,8,unknown,APPLE
1771.9750000000058,ec:75:5e:2d:81:8c,8c812d5e75ec0201060303aafe1516aafe00fdede5a7b1986e2be4ca5a0000070002b2,-30722.0,115662.0,-121023.0,97774.0,-131871.0,,0,0,0,0,0,1,1,2,ADV_NONCONN_IND,35,37,14,-1,0,-1,-1,6227,31,7,unknown,GOOGLE
1772.4780000000028,e6:56:c1:77:2d:dd,dd2d77c156e61eff4c001219005532d18d601c7a20ffc74830ba92758b70d8ff9d159a0100,-28434.0,72386.0,-94367.0,69967.0,-136973.0,,0,0,0,0,0,1,1,2,ADV_NONCONN_IND,37,37,10,-1,0,-1,-1,3892,31,8,unknown,APPLE
1772.4780000000028,5b:bf:ec:b4:2d:e7,e72db4ecbf5b0201021816aafe40b337f97a60db21556e0b13e8ffb8dd5a778ffecc,-8905.0,65623.0,-94913.0,81672.0,-145106.0,,0,0,0,0,0,1,1,0,ADV_IND,34,37,15,-1,0,-1,-1,7521,32,8,unknown,GOOGLE
1772.4780000000028,de:96:2b:3b:c2:d9,d9c23b2b96de1eff4c00121900cb8b3aa89e04dfc4b9c9bc5ec3445dcfe473f88fff310100,-36663.0,79807.0,-109282.0,81507.0,-169493.0,,0,0,0,0,0,1,1,2,ADV_NONCONN_IND,37,37,2,-1,0,-1,-1,2682,32,8,unknown,APPLE
1773.2260000000097,e6:56:c1:77:2d:dd,dd2d77c156e61eff4c001219005532d18d601c7a20ffc74830ba92758b70d8ff9d159a0100,-11425.0,56712.0,-98664.0,68676.0,-118838.0,,0,0,0,0,0,1,1,2,ADV_NONCONN_IND,37,37,13,-1,0,-1,-1,5781,32,7,unknown,APPLE
1773.4820000000036,de:96:2b:3b:c2:d9,d9c23b2b96de1eff4c00121900cb8b3aa89e04dfc4b9c9bc5ec3445dcfe473f88fff310100,-33872.0,74349.0,-107514.0,102461.0,-162575.0,,0,0,0,0,0,1,1,2,ADV_NONCONN_IND,37,37,14,-1,0,-1,-1,4185,29,7,unknown,APPLE
1773.4820000000036,df:72:ed:4b:4d:7a,7a4d4bed72df0201060303aafe1516aafe00fdede5a7b1986e2be4ca5a0000070002b4,-31405.0,97528.0,-70357.0,40997.0,-110368.0,,0,0,0,0,0,1,1,2,ADV_NONCONN_IND,35,37,0,-1,0,-1,-1,6534,32,8,unknown,GOOGLE
1773.7630000000063,52:c5:34:55:90:a7,a7905534c5520201021816aafe40184f6631e89713c3da1bdeaa5a0d248a166e7bcb,-21418.0,82946.0,-80743.0,67076.0,-127441.0,,0,0,0,0,0,1,1,0,ADV_IND,34,37,0,-1,0,-1,-1,1442,32,8,unknown,GOOGLE
1773.7630000000063,e7:1a:e1:05:18:3a,3a1805e11ae70201060303aafe1516aafe00fbede5a7b1986e2be4ca5a0000070002b5,-40050.0,60050.0,-102726.0,87940.0,-115562.0,,0,0,0,0,0,1,1,2,ADV_NONCONN_IND,35,37,5,-1,0,-1,-1,6488,32,8,unknown,GOOGLE
1774.0160000000033,e7:1a:e1:05:18:3a,3a1805e11ae70201060303aafe1116aafe20000ba0fe004735007c552ec401,-18460.0,57002.0,-72392.0,57699.0,-131901.0,,0,0,0,0,0,1,1,2,ADV_NONCONN_IND,31,37,14,-1,0,-1,-1,3357,32,8,unknown,GOOGLE
1774.0160000000033,e7:1a:e1:05:18:3a,3a1805e11ae70201060303aafe1516aafe00fbede5a7b1986e2be4ca5a0000070002b5,-14233.0,78902.0,-101476.0,75214.0,-143999.0,,0,0,0,0,0,1,1,2,ADV_NONCONN_IND,35,37,12,-1,0,-1,-1,1297,32,8,unknown,GOOGLE
1774.296000000002,e6:56:c1:77:2d:dd,dd2d77c156e61eff4c001219005532d18d601c7a20ffc74830ba92758b70d8ff9d159a0100,-23312.0,70877.0,-82171.0,72577.0,-143503.0,,0,0,0,0,0,1,1,2,ADV_NONCONN_IND,37,37,6,-1,0,-1,-1,5632,32,8,unknown,APPLE
1774.296000000002,5b:bf:ec:b4:2d:e7,e72db4ecbf5b0201021816aafe40b337f97a60db21556e0b13e8ffb8dd5a778ffecc,-27961.0,61273.0,-77798.0,76248.0,-135375.0,,0,0,0,0,0,1,1,0,ADV_IND,34,37,3,-1,0,-1,-1,1524,32,8,unknown,GOOGLE
1775.576000000001,e3:8d:2b:a2:8a:b1,b18aa22b8de30201060303aafe1516aafe00f6ede5a7b1986e2be4ca5a0000070002b7,-27612.0,91982.0,-100502.0,90154.0,-137296.0,,0,0,0,0,0,1,1,2,ADV_NONCONN_IND,35,37,1,-1,0,-1,-1,2701,31,7,unknown,GOOGLE
1776.669000000009,da:40:06:b5:09:4e,4e09b50640da0201060303aafe1516aafe00fcede5a7b1986e2be4ca5a0000070002b8,-16949.0,90751.0,-80993.0,64851.0,-84289.0,,0,0,0,0,0,1,1,2,ADV_NONCONN_IND,35,37,3,-1,0,-1,-1,3471,32,8,unknown,GOOGLE
1776.669000000009,e6:56:c1:77:2d:dd,dd2d77c156e61eff4c001219005532d18d601c7a20ffc74830ba92758b70d8ff9d159a0100,-24496.0,70427.0,-86825.0,82986.0,-160063.0,,0,0,0,0,0,1,1,2,ADV_NONCONN_IND,37,37,13,-1,0,-1,-1,1080,32,8,unknown,APPLE
1778.7510000000038,e6:56:c1:77:2d:dd,dd2d77c156e61eff4c001219005532d18d601c7a20ffc74830ba92758b70d8ff9d159a0100,-13788.0,86400.0,-108747.0,79960.0,-161392.0,,0,0,0,0,0,1,1,2,ADV_NONCONN_IND,37,37,8,-1,0,-1,-1,2638,32,8,unknown,APPLE
1778.7510000000038,5b:bf:ec:b4:2d:e7,e72db4ecbf5b0201021816aafe40b337f97a60db21556e0b13e8ffb8dd5a778ffecc,-37802.0,74671.0,-93529.0,84096.0,-147503.0,,0,0,0,0,0,1,1,0,ADV_IND,34,37,1,-1,0,-1,-1,5881,30,8,unknown,GOOGLE
1779.5130000000063,52:c5:34:55:90:a7,a7905534c5520201021816aafe40184f6631e89713c3da1bdeaa5a0d248a166e7bcb,-8614.0,79227.0,-73177.0,66690.0,-127795.0,,0,0,0,0,0,1,1,0,ADV_IND,34,37,13,-1,0,-1,-1,4830,32,8,unknown,GOOGLE
1779.5130000000063,d5:ac:84:d1:32:ac,ac32d184acd50201060303aafe1516aafe00fcede5a7b1986e2be4ca5a0000070002ba,2002.0,79478.0,-102093.0,93143.0,-123281.0,,0,0,0,0,0,1,1,2,ADV_NONCONN_IND,35,37,9,-1,0,-1,-1,1585,32,8,unknown,GOOGLE
1780.517000000007,e6:56:c1:77:2d:dd,dd2d77c156e61eff4c001219005532d18d601c7a20ffc74830ba92758b70d8ff9d159a0100,227.0,82069.0,-101221.0,82513.0,-142403.0,,0,0,0,0,0,1,1,2,ADV_NONCONN_IND,37,37,9,-1,0,-1,-1,1361,32,8,unknown,APPLE
1780.7630000000063,e0:d9:75:53:20:91,91205375d9e00201060303aafe1516aafe00fdede5a7b1986e2be4ca5a0000070002bb,-43011.0,81968.0,-85762.0,62772.0,-120057.0,,0,0,0,0,0,1,1,2,ADV_NONCONN_IND,35,37,10,-1,0,-1,-1,7532,32,7,unknown,GOOGLE
1781.1070000000036,52:c5:34:55:90:a7,a7905534c5520201021816aafe40184f6631e89713c3da1bdeaa5a0d248a166e7bcb,-530.0,85270.0,-82475.0,75247.0,-133933.0,,0,0,0,0,0,1,1,0,ADV_IND,34,37,4,-1,0,-1,-1,3473,32,8,unknown,GOOGLE
1782.6549999999988,fd:5e:a0:07:26:9a,9a2607a05efd0201060303aafe1516aafe00fcede5a7b1986e2be4ca5a0000070002bc,-18749.0,75842.0,-89419.0,67709.0,-125309.0,,0,0,0,0,0,1,1,2,ADV_NONCONN_IND,35,37,13,-1,0,-1,-1,7991,31,8,unknown,GOOGLE
1782.6549999999988,de:96:2b:3b:c2:d9,d9c23b2b96de1eff4c00121900cb8b3aa89e04dfc4b9c9bc5ec3445dcfe473f88fff310100,-43013.0,75968.0,-106432.0,74155.0,-156438.0,,0,0,0,0,0,1,1,2,ADV_NONCONN_IND,37,37,3,-1,0,-1,-1,3891,32,8,unknown,APPLE
1783.3280000000086,52:c5:34:55:90:a7,a7905534c5520201021816aafe40184f6631e89713c3da1bdeaa5a0d248a166e7bcb,-4659.0,79753.0,-72095.0,76276.0,-129657.0,,0,0,0,0,0,1,1,0,ADV_IND,34,37,0,-1,0,-1,-1,6110,32,8,unknown,GOOGLE
1785.296000000002,cf:ac:07:c0:38:3c,3c38c007accf0201060303aafe1516aafe00fcede5a7b1986e2be4ca5a0000070002be,-7755.0,91068.0,-101509.0,76284.0,-97570.0,,0,0,0,0,0,1,1,2,ADV_NONCONN_IND,35,37,2,-1,0,-1,-1,5217,32,7,unknown,GOOGLE
1785.296000000002,52:c5:34:55:90:a7,a7905534c5520201021816aafe40184f6631e89713c3da1bdeaa5a0d248a166e7bcb,-13075.0,106552.0,-71649.0,74058.0,-130255.0,,0,0,0,0,0,1,1,0,ADV_IND,34,37,0,-1,0,-1,-1,2082,32,8,unknown,GOOGLE
1785.7060000000056,cf:ac:07:c0:38:3c,3c38c007accf0201060303aafe1516aafe00fcede5a7b1986e2be4ca5a0000070002be,-28044.0,88944.0,-79168.0,54630.0,-104343.0,,0,0,0,0,0,1,1,2,ADV_NONCONN_IND,35,37,3,-1,0,-1,-1,2597,32,8,unknown,GOOGLE
1787.094000000012,c5:4e:47:e8:fa:c5,c5fae8474ec50201060303aafe1516aafe00fcede5a7b1986e2be4ca5a0000070002bf,-6765.0,74106.0,-83877.0,71591.0,-100106.0,,0,0,0,0,0,1,1,2,ADV_NONCONN_IND,35,37,11,-1,0,-1,-1,6339,32,8,unknown,GOOGLE
1787.094000000012,5b:bf:ec:b4:2d:e7,e72db4ecbf5b0201021816aafe40b337f97a60db21556e0b13e8ffb8dd5a778ffecc,-40823.0,78346.0,-76774.0,67597.0,-145253.0,,0,0,0,0,0,1,1,0,ADV_IND,34,37,9,-1,0,-1,-1,6917,32,8,unknown,GOOGLE
1787.3510000000097,52:c5:34:55:90:a7,a7905534c5520201021816aafe40184f6631e89713c3da1bdeaa5a0d248a166e7bcb,4753.0,103602.0,-77761.0,76798.0,-145448.0,,0,0,0,0,0,1,1,0,ADV_IND,34,37,2,-1,0,-1,-1,6420,32,8,unknown,GOOGLE
1788.616000000009,c4:54:39:50:dd:f8,f8dd503954c40201060303aafe1516aafe00feede5a7b1986e2be4ca5a0000070002c0,528.0,74434.0,-109457.0,94369.0,-123276.0,,0,0,0,0,0,1,1,2,ADV_NONCONN_IND,35,37,1,-1,0,-1,-1,5119,32,8,unknown,GOOGLE
1792.6870000000054,e6:56:c1:77:2d:dd,dd2d77c156e61eff4c001219005532d18d601c7a20ffc74830ba92758b70d8ff9d159a0100,-20657.0,81468.0,-95733.0,76369.0,-131748.0,,0,0,0,0,0,1,1,2,ADV_NONCONN_IND,37,37,2,-1,0,-1,-1,3729,32,8,unknown,APPLE
1792.6870000000054,f6:52:d7:df:01:d2,d201dfd752f60201060303aafe1516aafe00fdede5a7b1986e2be4ca5a0000070002c3,-15932.0,89829.0,-82298.0,122523.0,-100196.0,,0,0,0,0,0,1,1,2,ADV_NONCONN_IND,35,37,14,-1,0,-1,-1,5590,32,8,unknown,GOOGLE
1792.6870000000054,de:96:2b:3b:c2:d9,d9c23b2b96de1eff4c00121900cb8b3aa89e04dfc4b9c9bc5ec3445dcfe473f88fff310100,-29847.0,59687.0,-89985.0,95402.0,-138886.0,,0,0,0,0,0,1,1,2,ADV_NONCONN_IND,37,37,15,-1,0,-1,-1,2045,32,8,unknown,APPLE
1793.3240000000078,5b:bf:ec:b4:2d:e7,e72db4ecbf5b0201021816aafe40b337f97a60db21556e0b13e8ffb8dd5a778ffecc,-31886.0,92923.0,-93298.0,83946.0,-149837.0,,0,0,0,0,0,1,1,0,ADV_IND,34,37,12,-1,0,-1,-1,1474,32,8,unknown,GOOGLE
1794.3060000000114,e6:8e:80:d5:40:f7,f740d5808ee60201060303aafe1516aafe00fdede5a7b1986e2be4ca5a0000070002c4,-15863.0,89817.0,-113979.0,81899.0,-132514.0,,0,0,0,0,0,1,1,2,ADV_NONCONN_IND,35,37,6,-1,0,-1,-1,2854,32,8,unknown,GOOGLE
1794.7030000000086,de:96:2b:3b:c2:d9,d9c23b2b96de1eff4c00121900cb8b3aa89e04dfc4b9c9bc5ec3445dcfe473f88fff310100,-39171.0,77378.0,-96625.0,82025.0,-149955.0,,0,0,0,0,0,1,1,2,ADV_NONCONN_IND,37,37,1,-1,0,-1,-1,3436,31,7,unknown,APPLE
1795.3780000000115,f1:ec:9f:77:a4:48,48a4779fecf10201060303aafe1516aafe00fdede5a7b1986e2be4ca5a0000070002c5,-20429.0,93753.0,-96177.0,108502.0,-124277.0,,0,0,0,0,0,1,1,2,ADV_NONCONN_IND,35,37,13,-1,0,-1,-1,5103,31,8,unknown,GOOGLE
1795.3780000000115,f1:ec:9f:77:a4:48,48a4779fecf10201060303aafe1516aafe00fdede5a7b1986e2be4ca5a0000070002c5,0.0,81364.0,-102048.0,100259.0,-115743.0,,0,0,0,0,0,1,1,2,ADV_NONCONN_IND,35,37,8,-1,0,-1,-1,5976,32,8,unknown,GOOGLE
1795.8510000000097,52:c5:34:55:90:a7,a7905534c5520201021816aafe40184f6631e89713c3da1bdeaa5a0d248a166e7bcb,-13488.0,83512.0,-74136.0,65083.0,-116525.0,,0,0,0,0,0,1,1,0,ADV_IND,34,37,9,-1,0,-1,-1,2369,32,8,unknown,GOOGLE
1796.951000000001,d4:10:7b:a7:f3:4b,4bf3a77b10d40201060303aafe1516aafe00fcede5a7b1986e2be4ca5a0000070002c6,-31772.0,66760.0,-75907.0,77458.0,-104626.0,,0,0,0,0,0,1,1,2,ADV_NONCONN_IND,35,37,11,-1,0,-1,-1,7052,32,8,unknown,GOOGLE
1804.1100000000008,d4:34:e3:e4:65:8d,8d65e4e334d40201060303aafe1516aafe00fdede5a7b1986e2be4ca5a0000070002c7,-16971.0,68723.0,-85953.0,86861.0,-124983.0,,0,0,0,0,0,1,1,2,ADV_NONCONN_IND,35,37,9,-1,0,-1,-1,4489,32,8,unknown,GOOGLE
1804.613000000012,de:96:2b:3b:c2:d9,d9c23b2b96de1eff4c00121900cb8b3aa89e04dfc4b9c9bc5ec3445dcfe473f88fff310100,-29583.0,74586.0,-104320.0,72484.0,-165132.0,,0,0,0,0,0,1,1,2,ADV_NONCONN_IND,37,37,5,-1,0,-1,-1,6151,32,8,unknown,APPLE
1804.8510000000097,c7:d2:6e:3a:e0:ca,cae03a6ed2c70201060303aafe1516aafe00fdede5a7b1986e2be4ca5a0000070002c8,-20271.0,96670.0,-83518.0,78576.0,-119005.0,,0,0,0,0,0,1,1,2,ADV_NONCONN_IND,35,37,11,-1,0,-1,-1,4600,32,7,unknown,GOOGLE
1805.320000000007,e6:56:c1:77:2d:dd,dd2d77c156e61eff4c001219005532d18d601c7a20ffc74830ba92758b70d8ff9d159a0100,-26340.0,57627.0,-84013.0,72591.0,-135527.0,,0,0,0,0,0,1,1,2,ADV_NONCONN_IND,37,37,11,-1,0,-1,-1,4065,32,8,unknown,APPLE
1805.320000000007,de:96:2b:3b:c2:d9,d9c23b2b96de1eff4c00121900cb8b3aa89e04dfc4b9c9bc5ec3445dcfe473f88fff310100,-9116.0,69894.0,-101076.0,93581.0,-152183.0,,0,0,0,0,0,1,1,2,ADV_NONCONN_IND,37,37,15,-1,0,-1,-1,3773,32,8,unknown,APPLE
1805.5850000000064,f1:32:6b:52:cd:8a,8acd526b32f10201060303aafe1516aafe00fdede5a7b1986e2be4ca5a0000070002c9,-24579.0,66317.0,-85998.0,99501.0,-113096.0,,0,0,0,0,0,1,1,2,ADV_NONCONN_IND,35,37,2,-1,0,-1,-1,6681,32,8,unknown,GOOGLE
1805.5850000000064,5b:bf:ec:b4:2d:e7,e72db4ecbf5b0201021816aafe40b337f97a60db21556e0b13e8ffb8dd5a778ffecc,-24027.0,79555.0,-101108.0,74337.0,-118275.0,,0,0,0,0,0,1,1,0,ADV_IND,34,37,1,-1,0,-1,-1,5658,32,8,unknown,GOOGLE
1805.5850000000064,f1:32:6b:52:cd:8a,8acd526b32f10201060303aafe1516aafe00fdede5a7b1986e2be4ca5a0000070002c9,0.0,75569.0,-114346.0,86846.0,-128990.0,,0,0,0,0,0,1,1,2,ADV_NONCONN_IND,35,37,11,-1,0,-1,-1,7836,32,8,unknown,GOOGLE
1805.8350000000064,52:c5:34:55:90:a7,a7905534c5520201021816aafe40184f6631e89713c3da1bdeaa5a0d248a166e7bcb,-11259.0,84212.0,-77205.0,89347.0,-133519.0,,0,0,0,0,0,1,1,0,ADV_IND,34,37,4,-1,0,-1,-1,7656,32,8,unknown,GOOGLE
1807.0449999999985,52:c5:34:55:90:a7,a7905534c5520201021816aafe40184f6631e89713c3da1bdeaa5a0d248a166e7bcb,-24402.0,82134.0,-77021.0,66588.0,-134660.0,,0,0,0,0,0,1,1,0,ADV_IND,34,37,4,-1,0,-1,-1,4332,32,8,unknown,GOOGLE
1807.773000000001,5b:bf:ec:b4:2d:e7,e72db4ecbf5b0201021816aafe40b337f97a60db21556e0b13e8ffb8dd5a778ffecc,-23673.0,74072.0,-87171.0,74610.0,-128602.0,,0,0,0,0,0,1,1,0,ADV_IND,34,37,11,-1,0,-1,-1,2889,32,8,unknown,GOOGLE
1807.773000000001,cf:f7:7a:52:4f:4a,4a4f527af7cf0201060303aafe1516aafe00fdede5a7b1986e2be4ca5a0000070002cc,-28040.0,104990.0,-119697.0,96442.0,-140422.0,,0,0,0,0,0,1,1,2,ADV_NONCONN_IND,35,37,11,-1,0,-1,-1,4345,32,8,unknown,GOOGLE
1807.773000000001,52:c5:34:55:90:a7,a7905534c5520201021816aafe40184f6631e89713c3da1bdeaa5a0d248a166e7bcb,-10955.0,91276.0,-77973.0,72372.0,-129919.0,,0,0,0,0,0,1,1,0,ADV_IND,34,37,8,-1,0,-1,-1,3145,32,8,unknown,GOOGLE
1808.273000000001,e6:56:c1:77:2d:dd,dd2d77c156e61eff4c001219005532d18d601c7a20ffc74830ba92758b70d8ff9d159a0100,-11869.0,69394.0,-99555.0,89569.0,-151619.0,,0,0,0,0,0,1,1,2,ADV_NONCONN_IND,37,37,8,-1,0,-1,-1,7882,30,8,unknown,APPLE
1808.555000000008,d0:30:3d:d0:89:32,3289d03d30d00201060303aafe1516aafe00fcede5a7b1986e2be4ca5a0000070002cd,-12231.0,85405.0,-62656.0,62959.0,-99202.0,,0,0,0,0,0,1,1,2,ADV_NONCONN_IND,35,37,5,-1,0,-1,-1,2465,32,8,unknown,GOOGLE
1808.8139999999985,52:c5:34:55:90:a7,a7905534c5520201021816aafe40184f6631e89713c3da1bdeaa5a0d248a166e7bcb,-11553.0,86885.0,-81916.0,72865.0,-126580.0,,0,0,0,0,0,1,1,0,ADV_IND,34,37,9,-1,0,-1,-1,6590,32,8,unknown,GOOGLE
1809.8270000000048,52:c5:34:55:90:a7,a7905534c5520201021816aafe40184f6631e89713c3da1bdeaa5a0d248a166e7bcb,1706.0,96943.0,-81193.0,59751.0,-118901.0,,0,0,0,0,0,1,1,0,ADV_IND,34,37,8,-1,0,-1,-1,2017,32,7,unknown,GOOGLE
1810.9760000000097,eb:15:f0:6e:cb:d7,d7cb6ef015eb0201060303aafe1516aafe00fdede5a7b1986e2be4ca5a0000070002d0,-7753.0,96699.0,-86496.0,67342.0,-96966.0,,0,0,0,0,0,1,1,2,ADV_NONCONN_IND,35,37,5,-1,0,-1,-1,2420,31,8,unknown,GOOGLE
1811.7200000000007,5b:bf:ec:b4:2d:e7,e72db4ecbf5b0201021816aafe40b337f97a60db21556e0b13e8ffb8dd5a778ffecc,-28390.0,75462.0,-91999.0,72122.0,-120651.0,,0,0,0,0,0,1,1,0,ADV_IND,34,37,14,-1,0,-1,-1,6054,32,8,unknown,GOOGLE
1812.8610000000044,ce:ad:e7:96:fd:19,19fd96e7adce0201060303aafe1516aafe00fdede5a7b1986e2be4ca5a0000070002d1,-32935.0,81459.0,-84927.0,66067.0,-123345.0,,0,0,0,0,0,1,1,2,ADV_NONCONN_IND,35,37,3,-1,0,-1,-1,4893,32,8,unknown,GOOGLE
1812.8610000000044,e6:56:c1:77:2d:dd,dd2d77c156e61eff4c001219005532d18d601c7a20ffc74830ba92758b70d8ff9d159a0100,-41127.0,102441.0,-105924.0,74874.0,-160735.0,,0,0,0,0,0,1,1,2,ADV_NONCONN_IND,37,37,3,-1,0,-1,-1,6043,31,7,unknown,APPLE
1815.1359999999984,f2:7e:24:34:d0:51,51d034247ef20201060303aafe1516aafe00fcede5a7b1986e2be4ca5a0000070002d3,-27813.0,101817.0,-79557.0,107489.0,-114246.0,,0,0,0,0,0,1,1,2,ADV_NONCONN_IND,35,37,13,-1,0,-1,-1,3775,32,7,unknown,GOOGLE
1815.1359999999984,f2:7e:24:34:d0:51,51d034247ef20201060303aafe1516aafe00fcede5a7b1986e2be4ca5a0000070002d3,-14246.0,105140.0,-96661.0,100256.0,-129083.0,,0,0,0,0,0,1,1,2,ADV_NONCONN_IND,35,37,14,-1,0,-1,-1,3410,32,7,unknown,GOOGLE
1815.722999999998,f2:7e:24:34:d0:51,51d034247ef20201060303aafe1516aafe00fcede5a7b1986e2be4ca5a0000070002d3,-16177.0,85612.0,-79082.0,92545.0,-116108.0,,0,0,0,0,0,1,1,2,ADV_NONCONN_IND,35,37,2,-1,0,-1,-1,7646,32,8,unknown,GOOGLE
1815.722999999998,5b:bf:ec:b4:2d:e7,e72db4ecbf5b0201021816aafe40b337f97a60db21556e0b13e8ffb8dd5a778ffecc,-37462.0,90675.0,-94002.0,88611.0,-141045.0,,0,0,0,0,0,1,1,0,ADV_IND,34,37,13,-1,0,-1,-1,1298,32,8,unknown,GOOGLE
1816.897000000012,e4:eb:8f:d0:28:13,1328d08febe40201060303aafe1516aafe00f9ede5a7b1986e2be4ca5a0000070002d4,-25596.0,90053.0,-91859.0,91636.0,-119219.0,,0,0,0,0,0,1,1,2,ADV_NONCONN_IND,35,37,5,-1,0,-1,-1,3577,32,8,unknown,GOOGLE
1816.897000000012,e6:56:c1:77:2d:dd,dd2d77c156e61eff4c001219005532d18d601c7a20ffc74830ba92758b70d8ff9d159a0100,-34782.0,63691.0,-88854.0,70841.0,-121344.0,,0,0,0,0,0,1,1,2,ADV_NONCONN_IND,37,37,7,-1,0,-1,-1,4940,32,8,unknown,APPLE
1817.2580000000016,5b:bf:ec:b4:2d:e7,e72db4ecbf5b0201021816aafe40b337f97a60db21556e0b13e8ffb8dd5a778ffecc,-14173.0,74920.0,-95865.0,81320.0,-140671.0,,0,0,0,0,0,1,1,0,ADV_IND,34,37,3,-1,0,-1,-1,2040,32,8,unknown,GOOGLE
1817.555000000008,fc:16:0c:a0:31:0a,0a31a00c16fc0201060303aafe1516aafe00fdede5a7b1986e2be4ca5a0000070002d5,-16968.0,91169.0,-76501.0,98189.0,-127409.0,,0,0,0,0,0,1,1,2,ADV_NONCONN_IND,35,37,9,-1,0,-1,-1,3912,32,7,unknown,GOOGLE
1818.0610000000013,fc:16:0c:a0:31:0a,0a31a00c16fc0201060303aafe1516aafe00fdede5a7b1986e2be4ca5a0000070002d5,-7924.0,69633.0,-95681.0,79428.0,-134727.0,,0,0,0,0,0,1,1,2,ADV_NONCONN_IND,35,37,6,-1,0,-1,-1,4542,32,8,unknown,GOOGLE
1818.0610000000013,52:c5:34:55:90:a7,a7905534c5520201021816aafe40184f6631e89713c3da1bdeaa5a0d248a166e7bcb,-6449.0,100502.0,-107979.0,94705.0,-140050.0,,0,0,0,0,0,1,1,0,ADV_IND,34,37,3,-1,0,-1,-1,1522,32,8,unknown,GOOGLE
1818.0610000000013,fc:16:0c:a0:31:0a,0a31a00c16fc0201060303aafe1516aafe00fdede5a7b1986e2be4ca5a0000070002d5,-10939.0,79546.0,-87308.0,69048.0,-101222.0,,0,0,0,0,0,1,1,2,ADV_NONCONN_IND,35,37,6,-1,0,-1,-1,6575,32,8,unknown,GOOGLE
1818.578999999998,e6:56:c1:77:2d:dd,dd2d77c156e61eff4c001219005532d18d601c7a20ffc74830ba92758b70d8ff9d159a0100,-21178.0,66651.0,-93170.0,94179.0,-159949.0,,0,0,0,0,0,1,1,2,ADV_NONCONN_IND,37,37,12,-1,0,-1,-1,2048,32,8,unknown,APPLE
1818.8080000000043,de:96:2b:3b:c2:d9,d9c23b2b96de1eff4c00121900cb8b3aa89e04dfc4b9c9bc5ec3445dcfe473f88fff310100,-41903.0,79716.0,-105711.0,85420.0,-150958.0,,0,0,0,0,0,1,1,2,ADV_NONCONN_IND,37,37,6,-1,0,-1,-1,3609,31,8,unknown,APPLE
1819.7430000000024,52:c5:34:55:90:a7,a7905534c5520201021816aafe40184f6631e89713c3da1bdeaa5a0d248a166e7bcb,-3663.0,89072.0,-69836.0,77542.0,-140400.0,,0,0,0,0,0,1,1,0,ADV_IND,34,37,8,-1,0,-1,-1,1470,32,8,unknown,GOOGLE
1822.2870000000112,52:c5:34:55:90:a7,a7905534c5520201021816aafe40184f6631e89713c3da1bdeaa5a0d248a166e7bcb,-20363.0,84278.0,-108484.0,107093.0,-141726.0,,0,0,0,0,0,1,1,0,ADV_IND,34,37,13,-1,0,-1,-1,1626,32,8,unknown,GOOGLE
1822.2870000000112,fd:62:01:53:3e:5e,5e3e530162fd0201060303aafe1516aafe00fbede5a7b1986e2be4ca5a0000070002d7,0.0,66093.0,-96629.0,94200.0,-124506.0,,0,0,0,0,0,1,1,2,ADV_NONCONN_IND,35,37,11,-1,0,-1,-1,6066,32,8,unknown,GOOGLE
1823.554000000004,eb:fa:21:95:d4:41,41d49521faeb0201060303aafe1516aafe00fcede5a7b1986e2be4ca5a0000070002d9,-11545.0,72987.0,-70928.0,94892.0,-110719.0,,0,0,0,0,0,1,1,2,ADV_NONCONN_IND,35,37,7,-1,0,-1,-1,5130,32,8,unknown,GOOGLE
1823.554000000004,5b:bf:ec:b4:2d:e7,e72db4ecbf5b0201021816aafe40b337f97a60db21556e0b13e8ffb8dd5a778ffecc,-36902.0,79556.0,-97158.0,50361.0,-92475.0,,0,0,0,0,0,1,1,0,ADV_IND,34,37,14,-1,0,-1,-1,1791,32,8,unknown,GOOGLE
1823.554000000004,eb:fa:21:95:d4:41,41d49521faeb0201060303aafe1516aafe00fcede5a7b1986e2be4ca5a0000070002d9,-24430.0,75488.0,-84013.0,66662.0,-107856.0,,0,0,0,0,0,1,1,2,ADV_NONCONN_IND,35,37,8,-1,0,-1,-1,7568,32,8,unknown,GOOGLE
1823.554000000004,eb:fa:21:95:d4:41,41d49521faeb0201060303aafe1516aafe00fcede5a7b1986e2be4ca5a0000070002d9,-261.0,73329.0,-76688.0,84724.0,-117767.0,,0,0,0,0,0,1,1,2,ADV_NONCONN_IND,35,37,2,-1,0,-1,-1,4031,31,8,unknown,GOOGLE
1824.6620000000112,e7:9c:56:59:48:d1,d14859569ce70201060303aafe1516aafe00fcede5a7b1986e2be4ca5a0000070002da,-15614.0,74612.0,-100644.0,86616.0,-111548.0,,0,0,0,0,0,1,1,2,ADV_NONCONN_IND,35,37,14,-1,0,-1,-1,7011,31,8,unknown,GOOGLE
1824.6620000000112,e7:9c:56:59:48:d1,d14859569ce70201060303aafe1516aafe00fcede5a7b1986e2be4ca5a0000070002da,-20437.0,80364.0,-85959.0,72665.0,-107620.0,,0,0,0,0,0,1,1,2,ADV_NONCONN_IND,35,37,13,-1,0,-1,-1,1449,32,8,unknown,GOOGLE
1826.1380000000063,ed:26:9b:7d:5f:dd,dd5f7d9b26ed0201060303aafe1516aafe00f5ede5a7b1986e2be4ca5a0000070002db,-26947.0,80767.0,-90991.0,67162.0,-93905.0,,0,0,0,0,0,1,1,2,ADV_NONCONN_IND,35,37,13,-1,0,-1,-1,7118,32,8,unknown,GOOGLE
1826.1380000000063,52:c5:34:55:90:a7,a7905534c5520201021816aafe40184f6631e89713c3da1bdeaa5a0d248a166e7bcb,-1643.0,86403.0,-79958.0,65017.0,-135612.0,,0,0,0,0,0,1,1,0,ADV_IND,34,37,0,-1,0,-1,-1,7366,32,8,unknown,GOOGLE
1826.5050000000049,e6:56:c1:77:2d:dd,dd2d77c156e61eff4c001219005532d18d601c7a20ffc74830ba92758b70d8ff9d159a0100,-34048.0,62936.0,-84835.0,90825.0,-161991.0,,0,0,0,0,0,1,1,2,ADV_NONCONN_IND,37,37,3,-1,0,-1,-1,1599,32,8,unknown,APPLE
1827.2920000000013,f9:3d:7b:65:d4:3e,3ed4657b3df90201060303aafe1516aafe00fbede5a7b1986e2be4ca5a0000070002dc,-16225.0,101954.0,-107610.0,101517.0,-141810.0,,0,0,0,0,0,1,1,2,ADV_NONCONN_IND,35,37,1,-1,0,-1,-1,4611,31,8,unknown,GOOGLE
1827.2920000000013,5b:bf:ec:b4:2d:e7,e72db4ecbf5b0201021816aafe40b337f97a60db21556e0b13e8ffb8dd5a778ffecc,-13405.0,74377.0,-85457.0,70095.0,-143442.0,,0,0,0,0,0,1,1,0,ADV_IND,34,37,0,-1,0,-1,-1,7996,31,7,unknown,GOOGLE
1836.590000000011,52:c5:34:55:90:a7,a7905534c5520201021816aafe40184f6631e89713c3da1bdeaa5a0d248a166e7bcb,-8065.0,82867.0,-81011.0,69701.0,-111569.0,,0,0,0,0,0,1,1,0,ADV_IND,34,37,7,-1,0,-1,-1,2656,32,8,unknown,GOOGLE
1836.847999999998,fd:13:92:a9:21:23,2321a99213fd0201060303aafe1516aafe00fdede5a7b1986e2be4ca5a0000070002dd,22640.0,82652.0,-110520.0,92855.0,-105889.0,,0,0,0,0,0,1,1,2,ADV_NONCONN_IND,35,37,11,-1,0,-1,-1,1074,32,8,unknown,GOOGLE
1837.1110000000044,fd:13:92:a9:21:23,2321a99213fd0201060303aafe1516aafe00fdede5a7b1986e2be4ca5a0000070002dd,-19415.0,79013.0,-79494.0,97122.0,-91705.0,,0,0,0,0,0,1,1,2,ADV_NONCONN_IND,35,37,14,-1,0,-1,-1,3954,32,8,unknown,GOOGLE
1837.3450000000007,5b:bf:ec:b4:2d:e7,e72db4ecbf5b0201021816aafe40b337f97a60db21556e0b13e8ffb8dd5a778ffecc,-8450.0,63606.0,-88416.0,58701.0,-141287.0,,0,0,0,0,0,1,1,0,ADV_IND,34,37,8,-1,0,-1,-1,1014,32,8,unknown,GOOGLE
1837.5770000000048,f7:2f:6f:4e:12:7d,7d124e6f2ff70201060303aafe1516aafe00fcede5a7b1986e2be4ca5a0000070002de,-21501.0,85792.0,-71434.0,68076.0,-111052.0,,0,0,0,0,0,1,1,2,ADV_NONCONN_IND,35,37,2,-1,0,-1,-1,4859,32,8,unknown,GOOGLE
1837.825000000012,52:c5:34:55:90:a7,a7905534c5520201021816aafe40184f6631e89713c3da1bdeaa5a0d248a166e7bcb,-7490.0,76479.0,-64212.0,75419.0,-136004.0,,0,0,0,0,0,1,1,0,ADV_IND,34,37,4,-1,0,-1,-1,5401,32,8,unknown,GOOGLE
1838.326000000001,e0:a9:6f:24:fb:71,71fb246fa9e00201060303aafe1516aafe00fcede5a7b1986e2be4ca5a0000070002df,10421.0,91534.0,-86736.0,86792.0,-108315.0,,0,0,0,0,0,1,1,2,ADV_NONCONN_IND,35,37,3,-1,0,-1,-1,1128,32,8,unknown,GOOGLE
1839.0869999999995,c1:b7:90:2c:25:9e,9e252c90b7c10201060303aafe1516aafe00fcede5a7b1986e2be4ca5a0000070002e0,0.0,71704.0,-79384.0,75145.0,-121198.0,,0,0,0,0,0,1,1,2,ADV_NONCONN_IND,35,37,13,-1,0,-1,-1,2910,32,8,unknown,GOOGLE
1839.0869999999995,c1:b7:90:2c:25:9e,9e252c90b7c10201060303aafe1516aafe00fcede5a7b1986e2be4ca5a0000070002e0,-28897.0,108776.0,-90608.0,105060.0,-135114.0,,0,0,0,0,0,1,1,2,ADV_NONCONN_IND,35,37,10,-1,0,-1,-1,5273,32,8,unknown,GOOGLE
1839.0869999999995,c1:b7:90:2c:25:9e,9e252c90b7c10201060303aafe1516aafe00fcede5a7b1986e2be4ca5a0000070002e0,-1800.0,76253.0,-93983.0,91854.0,-119198.0,,0,0,0,0,0,1,1,2,ADV_NONCONN_IND,35,37,8,-1,0,-1,-1,7784,31,8,unknown,GOOGLE
1839.578999999998,5b:bf:ec:b4:2d:e7,e72db4ecbf5b0201021816aafe40b337f97a60db21556e0b13e8ffb8dd5a778ffecc,-25631.0,79115.0,-71437.0,64617.0,-146335.0,,0,0,0,0,0,1,1,0,ADV_IND,34,37,15,-1,0,-1,-1,1122,30,8,unknown,GOOGLE
1840.320000000007,d7:4a:ac:2d:4c:6a,6a4c2dac4ad70201060303aafe1516aafe00fdede5a7b1986e2be4ca5a0000070002e2,-7988.0,79675.0,-96194.0,74460.0,-112573.0,,0,0,0,0,0,1,1,2,ADV_NONCONN_IND,35,37,8,-1,0,-1,-1,3396,32,8,unknown,GOOGLE
1841.0580000000043,ff:81:b4:4f:32:f0,f0324fb481ff0201060303aafe1516aafe00fcede5a7b1986e2be4ca5a0000070002e3,-16195.0,80552.0,-84631.0,63483.0,-118181.0,,0,0,0,0,0,1,1,2,ADV_NONCONN_IND,35,37,6,-1,0,-1,-1,4590,32,8,unknown,GOOGLE
1841.825000000012,52:c5:34:55:90:a7,a7905534c5520201021816aafe40184f6631e89713c3da1bdeaa5a0d248a166e7bcb,-16288.0,102497.0,-82541.0,94571.0,-146963.0,,0,0,0,0,0,1,1,0,ADV_IND,34,37,4,-1,0,-1,-1,5384,32,8,unknown,GOOGLE
1841.825000000012,ea:ec:d3:6f:1b:79,791b6fd3ecea0201060303aafe1516aafe00f4ede5a7b1986e2be4ca5a0000070002e4,-18633.0,110000.0,-87523.0,81549.0,-126068.0,,0,0,0,0,0,1,1,2,ADV_NONCONN_IND,35,37,3,-1,0,-1,-1,3197,32,8,unknown,GOOGLE
1842.540000000008,5b:bf:ec:b4:2d:e7,e72db4ecbf5b0201021816aafe40b337f97a60db21556e0b13e8ffb8dd5a778ffecc,-35537.0,72152.0,-100818.0,90016.0,-131182.0,,0,0,0,0,0,1,1,0,ADV_IND,34,37,9,-1,0,-1,-1,3558,32,8,unknown,GOOGLE
1842.540000000008,da:6e:90:f2:bd:ca,cabdf2906eda0201060303aafe1516aafe00f5ede5a7b1986e2be4ca5a0000070002e5,-6214.0,83272.0,-99095.0,93962.0,-122827.0,,0,0,0,0,0,1,1,2,ADV_NONCONN_IND,35,37,3,-1,0,-1,-1,1850,32,8,unknown,GOOGLE
1842.810000000012,52:c5:34:55:90:a7,a7905534c5520201021816aafe40184f6631e89713c3da1bdeaa5a0d248a166e7bcb,-18556.0,76750.0,-80993.0,101559.0,-137250.0,,0,0,0,0,0,1,1,0,ADV_IND,34,37,0,-1,0,-1,-1,1012,32,8,unknown,GOOGLE
1843.31700000001,ec:f3:7e:d1:66:8b,8b66d17ef3ec0201060303aafe1516aafe00fcede5a7b1986e2be4ca5a0000070002e6,-28993.0,104252.0,-114391.0,93532.0,-129929.0,,0,0,0,0,0,1,1,2,ADV_NONCONN_IND,35,37,11,-1,0,-1,-1,6002,32,8,unknown,GOOGLE
1843.560000000012,5b:bf:ec:b4:2d:e7,e72db4ecbf5b0201021816aafe40b337f97a60db21556e0b13e8ffb8dd5a778ffecc,-29604.0,68551.0,-78587.0,72454.0,-139830.0,,0,0,0,0,0,1,1,0,ADV_IND,34,37,9,-1,0,-1,-1,1713,32,8,unknown,GOOGLE
1843.8070000000007,52:c5:34:55:90:a7,a7905534c5520201021816aafe40184f6631e89713c3da1bdeaa5a0d248a166e7bcb,-6566.0,89264.0,-89195.0,82861.0,-152065.0,,0,0,0,0,0,1,1,0,ADV_IND,34,37,8,-1,0,-1,-1,7886,32,8,unknown,GOOGLE
1844.0570000000007,fe:c7:8c:8c:38:70,70388c8cc7fe0201060303aafe1516aafe00fdede5a7b1986e2be4ca5a0000070002e7,940.0,82655.0,-96643.0,75925.0,-119299.0,,0,0,0,0,0,1,1,2,ADV_NONCONN_IND,35,37,2,-1,0,-1,-1,1859,32,7,unknown,GOOGLE
1844.0570000000007,fe:c7:8c:8c:38:70,70388c8cc7fe0201060303aafe1516aafe00fdede5a7b1986e2be4ca5a0000070002e7,-9672.0,104011.0,-102169.0,102365.0,-136790.0,,0,0,0,0,0,1,1,2,ADV_NONCONN_IND,35,37,0,-1,0,-1,-1,2108,32,8,unknown,GOOGLE
1844.5449999999985,d6:4b:7e:2a:1b:bf,bf1b2a7e4bd60201060303aafe1516aafe00fcede5a7b1986e2be4ca5a0000070002e8,-45448.0,74292.0,-93124.0,95272.0,-118846.0,,0,0,0,0,0,1,1,2,ADV_NONCONN_IND,35,37,6,-1,0,-1,-1,2008,31,7,unknown,GOOGLE
1846.3110000000013,e0:9e:16:30:9d:21,219d30169ee00201060303aafe1516aafe00fdede5a7b1986e2be4ca5a0000070002e9,-22937.0,62596.0,-101200.0,87924.0,-122211.0,,0,0,0,0,0,1,1,2,ADV_NONCONN_IND,35,37,3,-1,0,-1,-1,1748,32,8,unknown,GOOGLE
1846.775999999998,52:c5:34:55:90:a7,a7905534c5520201021816aafe40184f6631e89713c3da1bdeaa5a0d248a166e7bcb,-18747.0,90475.0,-85071.0,87887.0,-131922.0,,0,0,0,0,0,1,1,0,ADV_IND,34,37,2,-1,0,-1,-1,1659,32,8,unknown,GOOGLE
1846.775999999998,de:96:2b:3b:c2:d9,d9c23b2b96de1eff4c00121900cb8b3aa89e04dfc4b9c9bc5ec3445dcfe473f88fff310100,-22829.0,71669.0,-109020.0,83485.0,-157124.0,,0,0,0,0,0,1,1,2,ADV_NONCONN_IND,37,37,11,-1,0,-1,-1,8005,28,7,unknown,APPLE
1847.768000000011,5b:bf:ec:b4:2d:e7,e72db4ecbf5b0201021816aafe40b337f97a60db21556e0b13e8ffb8dd5a778ffecc,-15237.0,79644.0,-85239.0,66832.0,-135466.0,,0,0,0,0,0,1,1,0,ADV_IND,34,37,7,-1,0,-1,-1,1812,31,8,unknown,GOOGLE
1848.3910000000035,52:c5:34:55:90:a7,a7905534c5520201021816aafe40184f6631e89713c3da1bdeaa5a0d248a166e7bcb,-17998.0,99757.0,-82318.0,89267.0,-141163.0,,0,0,0,0,0,1,1,0,ADV_IND,34,37,6,-1,0,-1,-1,5656,32,8,unknown,GOOGLE
1848.649000000005,c7:4d:0f:70:1c:ff,ff1c700f4dc70201060303aafe1516aafe00fcede5a7b1986e2be4ca5a0000070002eb,-23954.0,80620.0,-93017.0,75631.0,-105785.0,,0,0,0,0,0,1,1,2,ADV_NONCONN_IND,35,37,1,-1,0,-1,-1,980,32,8,unknown,GOOGLE
1850.1630000000005,5b:bf:ec:b4:2d:e7,e72db4ecbf5b0201021816aafe40b337f97a60db21556e0b13e8ffb8dd5a778ffecc,1125.0,68414.0,-88878.0,51282.0,-130446.0,,0,0,0,0,0,1,1,0,ADV_IND,34,37,13,-1,0,-1,-1,4384,32,8,unknown,GOOGLE
1850.4619999999995,e6:56:c1:77:2d:dd,dd2d77c156e61eff4c001219005532d18d601c7a20ffc74830ba92758b70d8ff9d159a0100,-14794.0,63490.0,-88729.0,58294.0,-131577.0,,0,0,0,0,0,1,1,2,ADV_NONCONN_IND,37,37,14,-1,0,-1,-1,3203,32,8,unknown,APPLE
1852.0320000000063,5b:bf:ec:b4:2d:e7,e72db4ecbf5b0201021816aafe40b337f97a60db21556e0b13e8ffb8dd5a778ffecc,-51888.0,90260.0,-94214.0,81392.0,-143122.0,,0,0,0,0,0,1,1,0,ADV_IND,34,37,13,-1,0,-1,-1,7931,30,8,unknown,GOOGLE
1852.4930000000024,52:c5:34:55:90:a7,a7905534c5520201021816aafe40184f6631e89713c3da1bdeaa5a0d248a166e7bcb,-11998.0,106734.0,-98507.0,100463.0,-154503.0,,0,0,0,0,0,1,1,0,ADV_IND,34,37,15,-1,0,-1,-1,4231,30,8,unknown,GOOGLE
1852.9790000000064,de:96:2b:3b:c2:d9,d9c23b2b96de1eff4c00121900cb8b3aa89e04dfc4b9c9bc5ec3445dcfe473f88fff310100,-29991.0,60972.0,-105866.0,87226.0,-140793.0,,0,0,0,0,0,1,1,2,ADV_NONCONN_IND,37,37,11,-1,0,-1,-1,1867,32,7,unknown,APPLE
1854.169000000009,5b:bf:ec:b4:2d:e7,e72db4ecbf5b0201021816aafe40b337f97a60db21556e0b13e8ffb8dd5a778ffecc,-24966.0,67762.0,-77041.0,60048.0,-123940.0,,0,0,0,0,0,1,1,0,ADV_IND,34,37,12,-1,0,-1,-1,2903,32,8,unknown,GOOGLE
1854.421000000002,52:c5:34:55:90:a7,a7905534c5520201021816aafe40184f6631e89713c3da1bdeaa5a0d248a166e7bcb,-5685.0,102695.0,-95400.0,79537.0,-127119.0,,0,0,0,0,0,1,1,0,ADV_IND,34,37,8,-1,0,-1,-1,6588,32,7,unknown,GOOGLE
1854.794000000009,de:96:2b:3b:c2:d9,d9c23b2b96de1eff4c00121900cb8b3aa89e04dfc4b9c9bc5ec3445dcfe473f88fff310100,-20150.0,51306.0,-103062.0,74769.0,-145410.0,,0,0,0,0,0,1,1,2,ADV_NONCONN_IND,37,37,10,-1,0,-1,-1,3463,31,7,unknown,APPLE
1856.4270000000104,52:c5:34:55:90:a7,a7905534c5520201021816aafe40184f6631e89713c3da1bdeaa5a0d248a166e7bcb,-4678.0,83440.0,-77494.0,56896.0,-128938.0,,0,0,0,0,0,1,1,0,ADV_IND,34,37,11,-1,0,-1,-1,2897,32,8,unknown,GOOGLE
1869.6110000000044,52:c5:34:55:90:a7,a7905534c5520201021816aafe40184f6631e89713c3da1bdeaa5a0d248a166e7bcb,-6226.0,107355.0,-109077.0,97259.0,-144729.0,,0,0,0,0,0,1,1,0,ADV_IND,34,37,12,-1,0,-1,-1,4929,32,8,unknown,GOOGLE
1869.6110000000044,e6:56:c1:77:2d:dd,dd2d77c156e61eff4c001219005532d18d601c7a20ffc74830ba92758b70d8ff9d159a0100,-13755.0,107946.0,-107276.0,87074.0,-155748.0,,0,0,0,0,0,1,1,2,ADV_NONCONN_IND,37,37,11,-1,0,-1,-1,1453,32,8,unknown,APPLE
1871.0890000000072,5b:bf:ec:b4:2d:e7,e72db4ecbf5b0201021816aafe40b337f97a60db21556e0b13e8ffb8dd5a778ffecc,-23883.0,63203.0,-85256.0,82224.0,-143104.0,,0,0,0,0,0,1,1,0,ADV_IND,34,37,13,-1,0,-1,-1,2026,32,8,unknown,GOOGLE
1873.076000000001,5b:bf:ec:b4:2d:e7,e72db4ecbf5b0201021816aafe40b337f97a60db21556e0b13e8ffb8dd5a778ffecc,-14498.0,80061.0,-88551.0,71309.0,-139702.0,,0,0,0,0,0,1,1,0,ADV_IND,34,37,2,-1,0,-1,-1,1295,32,7,unknown,GOOGLE
1873.322,e6:56:c1:77:2d:dd,dd2d77c156e61eff4c001219005532d18d601c7a20ffc74830ba92758b70d8ff9d159a0100,-36661.0,89158.0,-102627.0,84980.0,-158330.0,,0,0,0,0,0,1,1,2,ADV_NONCONN_IND,37,37,15,-1,0,-1,-1,2892,31,7,unknown,APPLE
1873.8150000000023,ca:21:2d:99:11:b2,b211992d21ca1eff4c00121900a3ccedf134ff5bff4cc3291a9f623c94526960f00bb00000,-28669.0,99864.0,-117434.0,91315.0,-141165.0,,0,0,0,0,0,1,1,2,ADV_NONCONN_IND,37,37,3,-1,0,-1,-1,996,29,7,unknown,APPLE
1874.0840000000023,5b:bf:ec:b4:2d:e7,e72db4ecbf5b0201021816aafe40b337f97a60db21556e0b13e8ffb8dd5a778ffecc,-7517.0,79536.0,-90057.0,65536.0,-146184.0,,0,0,0,0,0,1,1,0,ADV_IND,34,37,0,-1,0,-1,-1,4848,32,8,unknown,GOOGLE
1875.070000000007,5b:bf:ec:b4:2d:e7,e72db4ecbf5b0201021816aafe40b337f97a60db21556e0b13e8ffb8dd5a778ffecc,-21054.0,74307.0,-79003.0,79966.0,-141792.0,,0,0,0,0,0,1,1,0,ADV_IND,34,37,3,-1,0,-1,-1,4935,32,8,unknown,GOOGLE
1876.543000000005,e6:56:c1:77:2d:dd,dd2d77c156e61eff4c001219005532d18d601c7a20ffc74830ba92758b70d8ff9d159a0100,-775.0,55534.0,-90490.0,65793.0,-135490.0,,0,0,0,0,0,1,1,2,ADV_NONCONN_IND,37,37,2,-1,0,-1,-1,6404,32,8,unknown,APPLE
1877.553,52:c5:34:55:90:a7,a7905534c5520201021816aafe40184f6631e89713c3da1bdeaa5a0d248a166e7bcb,-26448.0,112816.0,-94233.0,93130.0,-131792.0,,0,0,0,0,0,1,1,0,ADV_IND,34,37,2,-1,0,-1,-1,4715,32,8,unknown,GOOGLE
1878.593000000008,52:c5:34:55:90:a7,a7905534c5520201021816aafe40184f6631e89713c3da1bdeaa5a0d248a166e7bcb,-15324.0,95589.0,-104518.0,99499.0,-138206.0,,0,0,0,0,0,1,1,0,ADV_IND,34,37,6,-1,0,-1,-1,6043,32,8,unknown,GOOGLE
1879.1030000000028,5b:bf:ec:b4:2d:e7,e72db4ecbf5b0201021816aafe40b337f97a60db21556e0b13e8ffb8dd5a778ffecc,-27398.0,79621.0,-87808.0,58822.0,-147214.0,,0,0,0,0,0,1,1,0,ADV_IND,34,37,14,-1,0,-1,-1,3120,32,8,unknown,GOOGLE
1879.347999999998,e6:56:c1:77:2d:dd,dd2d77c156e61eff4c001219005532d18d601c7a20ffc74830ba92758b70d8ff9d159a0100,-36929.0,87915.0,-99103.0,81367.0,-157112.0,,0,0,0,0,0,1,1,2,ADV_NONCONN_IND,37,37,12,-1,0,-1,-1,6190,31,8,unknown,APPLE
1880.771000000008,e6:56:c1:77:2d:dd,dd2d77c156e61eff4c001219005532d18d601c7a20ffc74830ba92758b70d8ff9d159a0100,-27369.0,88821.0,-97925.0,71559.0,-137571.0,,0,0,0,0,0,1,1,2,ADV_NONCONN_IND,37,37,13,-1,0,-1,-1,3098,31,7,unknown,APPLE
1882.8320000000092,e6:56:c1:77:2d:dd,dd2d77c156e61eff4c001219005532d18d601c7a20ffc74830ba92758b70d8ff9d159a0100,-19633.0,83738.0,-100456.0,72597.0,-138066.0,,0,0,0,0,0,1,1,2,ADV_NONCONN_IND,37,37,9,-1,0,-1,-1,5899,32,8,unknown,APPLE
1883.101999999999,52:c5:34:55:90:a7,a7905534c5520201021816aafe40184f6631e89713c3da1bdeaa5a0d248a166e7bcb,-14531.0,103128.0,-107435.0,108462.0,-158634.0,,0,0,0,0,0,1,1,0,ADV_IND,34,37,15,-1,0,-1,-1,973,32,8,unknown,GOOGLE
1884.5040000000008,5b:bf:ec:b4:2d:e7,e72db4ecbf5b0201021816aafe40b337f97a60db21556e0b13e8ffb8dd5a778ffecc,-23557.0,85620.0,-97466.0,96268.0,-147987.0,,0,0,0,0,0,1,1,0,ADV_IND,34,37,15,-1,0,-1,-1,6158,32,8,unknown,GOOGLE
1884.928,52:c5:34:55:90:a7,a7905534c5520201021816aafe40184f6631e89713c3da1bdeaa5a0d248a166e7bcb,-7293.0,103020.0,-95804.0,99129.0,-160139.0,,0,0,0,0,0,1,1,0,ADV_IND,34,37,4,-1,0,-1,-1,2990,32,8,unknown,GOOGLE
1885.922000000006,ca:21:2d:99:11:b2,b211992d21ca1eff4c00121900a3ccedf134ff5bff4cc3291a9f623c94526960f00bb00000,-17002.0,76843.0,-77859.0,81736.0,-155114.0,,0,0,0,0,0,1,1,2,ADV_NONCONN_IND,37,37,6,-1,0,-1,-1,5490,32,8,unknown,APPLE
1886.7540000000008,e6:56:c1:77:2d:dd,dd2d77c156e61eff4c001219005532d18d601c7a20ffc74830ba92758b70d8ff9d159a0100,-25774.0,77967.0,-99263.0,78643.0,-153082.0,,0,0,0,0,0,1,1,2,ADV_NONCONN_IND,37,37,11,-1,0,-1,-1,2536,30,7,unknown,APPLE
1888.744000000006,e6:56:c1:77:2d:dd,dd2d77c156e61eff4c001219005532d18d601c7a20ffc74830ba92758b70d8ff9d159a0100,-19513.0,84960.0,-93813.0,69468.0,-146380.0,,0,0,0,0,0,1,1,2,ADV_NONCONN_IND,37,37,6,-1,0,-1,-1,4629,32,7,unknown,APPLE
1900.659,52:c5:34:55:90:a7,a7905534c5520201021816aafe40184f6631e89713c3da1bdeaa5a0d248a166e7bcb,-9210.0,78515.0,-78327.0,73983.0,-128221.0,,0,0,0,0,0,1,1,0,ADV_IND,34,37,1,-1,0,-1,-1,1055,32,8,unknown,GOOGLE
1901.63900000001,e6:56:c1:77:2d:dd,dd2d77c156e61eff4c001219005532d18d601c7a20ffc74830ba92758b70d8ff9d159a0100,-27853.0,105841.0,-100257.0,70937.0,-139949.0,,0,0,0,0,0,1,1,2,ADV_NONCONN_IND,37,37,4,-1,0,-1,-1,5551,32,8,unknown,APPLE
1901.896000000008,52:c5:34:55:90:a7,a7905534c5520201021816aafe40184f6631e89713c3da1bdeaa5a0d248a166e7bcb,-22357.0,89600.0,-71574.0,91108.0,-144689.0,,0,0,0,0,0,1,1,0,ADV_IND,34,37,10,-1,0,-1,-1,8032,32,8,unknown,GOOGLE
1903.3859999999984,ca:21:2d:99:11:b2,b211992d21ca1eff4c00121900a3ccedf134ff5bff4cc3291a9f623c94526960f00bb00000,-13540.0,67310.0,-83223.0,69575.0,-143028.0,,0,0,0,0,0,1,1,2,ADV_NONCONN_IND,37,37,9,-1,0,-1,-1,2443,32,7,unknown,APPLE
1903.893000000011,5b:bf:ec:b4:2d:e7,e72db4ecbf5b0201021816aafe40b337f97a60db21556e0b13e8ffb8dd5a778ffecc,-60919.0,73394.0,-82238.0,79660.0,-137668.0,,0,0,0,0,0,1,1,0,ADV_IND,34,37,10,-1,0,-1,-1,5650,32,8,unknown,GOOGLE
1905.1549999999988,5b:bf:ec:b4:2d:e7,e72db4ecbf5b0201021816aafe40b337f97a60db21556e0b13e8ffb8dd5a778ffecc,-10440.0,95909.0,-99810.0,81329.0,-161188.0,,0,0,0,0,0,1,1,0,ADV_IND,34,37,5,-1,0,-1,-1,6269,31,8,unknown,GOOGLE
1905.1549999999988,e6:56:c1:77:2d:dd,dd2d77c156e61eff4c001219005532d18d601c7a20ffc74830ba92758b70d8ff9d159a0100,-24632.0,66325.0,-93134.0,79069.0,-156412.0,,0,0,0,0,0,1,1,2,ADV_NONCONN_IND,37,37,0,-1,0,-1,-1,1353,32,8,unknown,APPLE
1905.4110000000076,52:c5:34:55:90:a7,a7905534c5520201021816aafe40184f6631e89713c3da1bdeaa5a0d248a166e7bcb,-7620.0,91912.0,-91918.0,87147.0,-137958.0,,0,0,0,0,0,1,1,0,ADV_IND,34,37,1,-1,0,-1,-1,2011,32,8,unknown,GOOGLE
1906.1340000000052,e6:56:c1:77:2d:dd,dd2d77c156e61eff4c001219005532d18d601c7a20ffc74830ba92758b70d8ff9d159a0100,-22650.0,87387.0,-85870.0,70300.0,-132607.0,,0,0,0,0,0,1,1,2,ADV_NONCONN_IND,37,37,7,-1,0,-1,-1,2708,32,8,unknown,APPLE
1906.3709999999992,52:c5:34:55:90:a7,a7905534c5520201021816aafe40184f6631e89713c3da1bdeaa5a0d248a166e7bcb,-15272.0,87605.0,-75377.0,89286.0,-133541.0,,0,0,0,0,0,1,1,0,ADV_IND,34,37,4,-1,0,-1,-1,3046,32,8,unknown,GOOGLE
1907.113000000012,e6:56:c1:77:2d:dd,dd2d77c156e61eff4c001219005532d18d601c7a20ffc74830ba92758b70d8ff9d159a0100,-14616.0,60072.0,-81843.0,70249.0,-142989.0,,0,0,0,0,0,1,1,2,ADV_NONCONN_IND,37,37,4,-1,0,-1,-1,7659,32,8,unknown,APPLE
1908.1300000000049,e6:56:c1:77:2d:dd,dd2d77c156e61eff4c001219005532d18d601c7a20ffc74830ba92758b70d8ff9d159a0100,-31979.0,81788.0,-85958.0,71075.0,-149897.0,,0,0,0,0,0,1,1,2,ADV_NONCONN_IND,37,37,1,-1,0,-1,-1,2429,32,8,unknown,APPLE
1908.63900000001,ca:21:2d:99:11:b2,b211992d21ca1eff4c00121900a3ccedf134ff5bff4cc3291a9f623c94526960f00bb00000,-25007.0,69563.0,-82069.0,76840.0,-139338.0,,0,0,0,0,0,1,1,2,ADV_NONCONN_IND,37,37,2,-1,0,-1,-1,2822,31,8,unknown,APPLE
1909.3510000000097,52:c5:34:55:90:a7,a7905534c5520201021816aafe40184f6631e89713c3da1bdeaa5a0d248a166e7bcb,-26102.0,97999.0,-72698.0,84477.0,-145398.0,,0,0,0,0,0,1,1,0,ADV_IND,34,37,12,-1,0,-1,-1,5982,32,8,unknown,GOOGLE
1910.1050000000105,e6:56:c1:77:2d:dd,dd2d77c156e61eff4c001219005532d18d601c7a20ffc74830ba92758b70d8ff9d159a0100,-13617.0,59485.0,-91475.0,80079.0,-150152.0,,0,0,0,0,0,1,1,2,ADV_NONCONN_IND,37,37,9,-1,0,-1,-1,6775,32,7,unknown,APPLE
1910.3380000000036,52:c5:34:55:90:a7,a7905534c5520201021816aafe40184f6631e89713c3da1bdeaa5a0d248a166e7bcb,-27677.0,92584.0,-95592.0,72475.0,-130265.0,,0,0,0,0,0,1,1,0,ADV_IND,34,37,9,-1,0,-1,-1,5457,32,8,unknown,GOOGLE
1911.8130000000087,e6:56:c1:77:2d:dd,dd2d77c156e61eff4c001219005532d18d601c7a20ffc74830ba92758b70d8ff9d159a0100,-33306.0,92484.0,-91726.0,74399.0,-160717.0,,0,0,0,0,0,1,1,2,ADV_NONCONN_IND,37,37,3,-1,0,-1,-1,5346,32,8,unknown,APPLE
1912.055000000008,52:c5:34:55:90:a7,a7905534c5520201021816aafe40184f6631e89713c3da1bdeaa5a0d248a166e7bcb,-12657.0,86169.0,-69732.0,56261.0,-130176.0,,0,0,0,0,0,1,1,0,ADV_IND,34,37,10,-1,0,-1,-1,5028,32,8,unknown,GOOGLE
1912.303,ca:21:2d:99:11:b2,b211992d21ca1eff4c00121900a3ccedf134ff5bff4cc3291a9f623c94526960f00bb00000,-19255.0,40019.0,-81214.0,89931.0,-124783.0,,0,0,0,0,0,1,1,2,ADV_NONCONN_IND,37,37,0,-1,0,-1,-1,2839,32,7,unknown,APPLE
1912.8120000000051,e6:56:c1:77:2d:dd,dd2d77c156e61eff4c001219005532d18d601c7a20ffc74830ba92758b70d8ff9d159a0100,-13179.0,83898.0,-105431.0,89616.0,-159196.0,,0,0,0,0,0,1,1,2,ADV_NONCONN_IND,37,37,6,-1,0,-1,-1,5377,31,7,unknown,APPLE
1915.2560000000085,e6:56:c1:77:2d:dd,dd2d77c156e61eff4c001219005532d18d601c7a20ffc74830ba92758b70d8ff9d159a0100,-24897.0,80356.0,-92170.0,81307.0,-138830.0,,0,0,0,0,0,1,1,2,ADV_NONCONN_IND,37,37,13,-1,0,-1,-1,1133,32,7,unknown,APPLE
1916.8899999999996,e6:56:c1:77:2d:dd,dd2d77c156e61eff4c001219005532d18d601c7a20ffc74830ba92758b70d8ff9d159a0100,-14354.0,76992.0,-86950.0,81455.0,-156121.0,,0,0,0,0,0,1,1,2,ADV_NONCONN_IND,37,37,0,-1,0,-1,-1,4971,31,8,unknown,APPLE
1916.8899999999996,5b:bf:ec:b4:2d:e7,e72db4ecbf5b0201021816aafe40b337f97a60db21556e0b13e8ffb8dd5a778ffecc,-33013.0,81279.0,-82163.0,88264.0,-152917.0,,0,0,0,0,0,1,1,0,ADV_IND,34,37,2,-1,0,-1,-1,3231,32,8,unknown,GOOGLE
1919.1290000000008,5b:bf:ec:b4:2d:e7,e72db4ecbf5b0201021816aafe40b337f97a60db21556e0b13e8ffb8dd5a778ffecc,-31662.0,69900.0,-80321.0,82602.0,-142905.0,,0,0,0,0,0,1,1,0,ADV_IND,34,37,8,-1,0,-1,-1,2259,32,8,unknown,GOOGLE
1931.6140000000012,52:c5:34:55:90:a7,a7905534c5520201021816aafe40184f6631e89713c3da1bdeaa5a0d248a166e7bcb,-9455.0,87813.0,-77971.0,94402.0,-143989.0,,0,0,0,0,0,1,1,0,ADV_IND,34,37,2,-1,0,-1,-1,5047,32,8,unknown,GOOGLE
1931.892000000007,ca:21:2d:99:11:b2,b211992d21ca1eff4c00121900a3ccedf134ff5bff4cc3291a9f623c94526960f00bb00000,-14520.0,48469.0,-89516.0,102320.0,-123115.0,,0,0,0,0,0,1,1,2,ADV_NONCONN_IND,37,37,4,-1,0,-1,-1,1409,31,8,unknown,APPLE
1932.1310000000085,e6:56:c1:77:2d:dd,dd2d77c156e61eff4c001219005532d18d601c7a20ffc74830ba92758b70d8ff9d159a0100,-7692.0,82960.0,-101501.0,79564.0,-161261.0,,0,0,0,0,0,1,1,2,ADV_NONCONN_IND,37,37,11,-1,0,-1,-1,1870,32,8,unknown,APPLE
1932.6359999999984,52:c5:34:55:90:a7,a7905534c5520201021816aafe40184f6631e89713c3da1bdeaa5a0d248a166e7bcb,-17553.0,108830.0,-95436.0,97881.0,-146635.0,,0,0,0,0,0,1,1,0,ADV_IND,34,37,6,-1,0,-1,-1,981,32,8,unknown,GOOGLE
1933.1050000000105,5b:bf:ec:b4:2d:e7,e72db4ecbf5b0201021816aafe40b337f97a60db21556e0b13e8ffb8dd5a778ffecc,-21403.0,75290.0,-94485.0,57451.0,-127353.0,,0,0,0,0,0,1,1,0,ADV_IND,34,37,3,-1,0,-1,-1,3336,32,8,unknown,GOOGLE
1933.575000000012,ca:21:2d:99:11:b2,b211992d21ca1eff4c00121900a3ccedf134ff5bff4cc3291a9f623c94526960f00bb00000,-28633.0,83638.0,-87812.0,86518.0,-153075.0,,0,0,0,0,0,1,1,2,ADV_NONCONN_IND,37,37,5,-1,0,-1,-1,7211,31,8,unknown,APPLE
1934.0660000000064,e6:56:c1:77:2d:dd,dd2d77c156e61eff4c001219005532d18d601c7a20ffc74830ba92758b70d8ff9d159a0100,-22374.0,96370.0,-100963.0,71809.0,-137759.0,,0,0,0,0,0,1,1,2,ADV_NONCONN_IND,37,37,4,-1,0,-1,-1,1131,32,8,unknown,APPLE
1937.0449999999985,52:c5:34:55:90:a7,a7905534c5520201021816aafe40184f6631e89713c3da1bdeaa5a0d248a166e7bcb,7019.0,93961.0,-98498.0,82640.0,-147054.0,,0,0,0,0,0,1,1,0,ADV_IND,34,37,2,-1,0,-1,-1,1037,32,8,unknown,GOOGLE
1937.8120000000051,52:c5:34:55:90:a7,a7905534c5520201021816aafe40184f6631e89713c3da1bdeaa5a0d248a166e7bcb,-26747.0,87924.0,-90198.0,83121.0,-120610.0,,0,0,0,0,0,1,1,0,ADV_IND,34,37,4,-1,0,-1,-1,1350,31,7,unknown,GOOGLE
1940.7780000000057,ca:21:2d:99:11:b2,b211992d21ca1eff4c00121900a3ccedf134ff5bff4cc3291a9f623c94526960f00bb00000,-10493.0,87919.0,-86082.0,81334.0,-150670.0,,0,0,0,0,0,1,1,2,ADV_NONCONN_IND,37,37,15,-1,0,-1,-1,1783,30,8,unknown,APPLE
1941.293000000005,5b:bf:ec:b4:2d:e7,e72db4ecbf5b0201021816aafe40b337f97a60db21556e0b13e8ffb8dd5a778ffecc,-30639.0,73902.0,-69992.0,73509.0,-130901.0,,0,0,0,0,0,1,1,0,ADV_IND,34,37,3,-1,0,-1,-1,5458,32,8,unknown,GOOGLE
1941.9340000000084,ca:21:2d:99:11:b2,b211992d21ca1eff4c00121900a3ccedf134ff5bff4cc3291a9f623c94526960f00bb00000,-31291.0,88614.0,-97651.0,80240.0,-154080.0,,0,0,0,0,0,1,1,2,ADV_NONCONN_IND,37,37,4,-1,0,-1,-1,3149,31,7,unknown,APPLE
1943.2890000000043,5b:bf:ec:b4:2d:e7,e72db4ecbf5b0201021816aafe40b337f97a60db21556e0b13e8ffb8dd5a778ffecc,-22726.0,69267.0,-80402.0,57923.0,-108186.0,,0,0,0,0,0,1,1,0,ADV_IND,34,37,9,-1,0,-1,-1,2972,32,8,unknown,GOOGLE
1943.820000000007,ca:21:2d:99:11:b2,b211992d21ca1eff4c00121900a3ccedf134ff5bff4cc3291a9f623c94526960f00bb00000,-36040.0,109839.0,-97477.0,89123.0,-144619.0,,0,0,0,0,0,1,1,2,ADV_NONCONN_IND,37,37,10,-1,0,-1,-1,7785,30,7,unknown,APPLE
1944.2050000000015,52:c5:34:55:90:a7,a7905534c5520201021816aafe40184f6631e89713c3da1bdeaa5a0d248a166e7bcb,-10427.0,104467.0,-102554.0,97080.0,-151540.0,,0,0,0,0,0,1,1,0,ADV_IND,34,37,0,-1,0,-1,-1,3173,29,7,unknown,GOOGLE
1945.173999999999,5b:bf:ec:b4:2d:e7,e72db4ecbf5b0201021816aafe40b337f97a60db21556e0b13e8ffb8dd5a778ffecc,-30173.0,82331.0,-85648.0,84801.0,-151343.0,,0,0,0,0,0,1,1,0,ADV_IND,34,37,3,-1,0,-1,-1,6164,32,8,unknown,GOOGLE
1946.0480000000096,ca:21:2d:99:11:b2,b211992d21ca1eff4c00121900a3ccedf134ff5bff4cc3291a9f623c94526960f00bb00000,-16801.0,64164.0,-99940.0,88145.0,-131924.0,,0,0,0,0,0,1,1,2,ADV_NONCONN_IND,37,37,5,-1,0,-1,-1,3383,32,7,unknown,APPLE
1946.0480000000096,52:c5:34:55:90:a7,a7905534c5520201021816aafe40184f6631e89713c3da1bdeaa5a0d248a166e7bcb,-7881.0,95522.0,-98380.0,92484.0,-134657.0,,0,0,0,0,0,1,1,0,ADV_IND,34,37,9,-1,0,-1,-1,3312,32,8,unknown,GOOGLE
1946.8120000000051,e6:56:c1:77:2d:dd,dd2d77c156e61eff4c001219005532d18d601c7a20ffc74830ba92758b70d8ff9d159a0100,-38786.0,71495.0,-97899.0,80106.0,-149152.0,,0,0,0,0,0,1,1,2,ADV_NONCONN_IND,37,37,11,-1,0,-1,-1,4578,32,8,unknown,APPLE
1948.122000000003,52:c5:34:55:90:a7,a7905534c5520201021816aafe40184f6631e89713c3da1bdeaa5a0d248a166e7bcb,-5063.0,78114.0,-77321.0,72798.0,-121995.0,,0,0,0,0,0,1,1,0,ADV_IND,34,37,0,-1,0,-1,-1,6321,32,8,unknown,GOOGLE
1962.231,52:c5:34:55:90:a7,a7905534c5520201021816aafe40184f6631e89713c3da1bdeaa5a0d248a166e7bcb,-16890.0,119836.0,-114846.0,102354.0,-144280.0,,0,0,0,0,0,1,1,0,ADV_IND,34,37,9,-1,0,-1,-1,4120,32,8,unknown,GOOGLE
1962.731,5b:bf:ec:b4:2d:e7,e72db4ecbf5b0201021816aafe40b337f97a60db21556e0b13e8ffb8dd5a778ffecc,-22694.0,71460.0,-65926.0,65224.0,-140206.0,,0,0,0,0,0,1,1,0,ADV_IND,34,37,11,-1,0,-1,-1,1351,32,8,unknown,GOOGLE
1963.2390000000012,52:c5:34:55:90:a7,a7905534c5520201021816aafe40184f6631e89713c3da1bdeaa5a0d248a166e7bcb,-10339.0,103637.0,-77180.0,96365.0,-151862.0,,0,0,0,0,0,1,1,0,ADV_IND,34,37,5,-1,0,-1,-1,6480,32,8,unknown,GOOGLE
1963.7390000000012,5b:bf:ec:b4:2d:e7,e72db4ecbf5b0201021816aafe40b337f97a60db21556e0b13e8ffb8dd5a778ffecc,-23234.0,71437.0,-84358.0,54626.0,-110261.0,,0,0,0,0,0,1,1,0,ADV_IND,34,37,3,-1,0,-1,-1,4840,32,7,unknown,GOOGLE
1964.219000000012,52:c5:34:55:90:a7,a7905534c5520201021816aafe40184f6631e89713c3da1bdeaa5a0d248a166e7bcb,-2952.0,100310.0,-116024.0,107785.0,-145941.0,,0,0,0,0,0,1,1,0,ADV_IND,34,37,8,-1,0,-1,-1,4737,32,8,unknown,GOOGLE
1964.9850000000008,5b:bf:ec:b4:2d:e7,e72db4ecbf5b0201021816aafe40b337f97a60db21556e0b13e8ffb8dd5a778ffecc,-29336.0,74403.0,-90143.0,68631.0,-131714.0,,0,0,0,0,0,1,1,0,ADV_IND,34,37,3,-1,0,-1,-1,6378,32,8,unknown,GOOGLE
1965.4790000000064,52:c5:34:55:90:a7,a7905534c5520201021816aafe40184f6631e89713c3da1bdeaa5a0d248a166e7bcb,-16279.0,96096.0,-89734.0,76680.0,-135842.0,,0,0,0,0,0,1,1,0,ADV_IND,34,37,7,-1,0,-1,-1,2142,32,8,unknown,GOOGLE
1965.9660000000003,5b:bf:ec:b4:2d:e7,e72db4ecbf5b0201021816aafe40b337f97a60db21556e0b13e8ffb8dd5a778ffecc,-42741.0,78847.0,-72662.0,54158.0,-136124.0,,0,0,0,0,0,1,1,0,ADV_IND,34,37,6,-1,0,-1,-1,6373,32,8,unknown,GOOGLE
1966.4610000000105,52:c5:34:55:90:a7,a7905534c5520201021816aafe40184f6631e89713c3da1bdeaa5a0d248a166e7bcb,-13782.0,118601.0,-98599.0,85652.0,-144576.0,,0,0,0,0,0,1,1,0,ADV_IND,34,37,9,-1,0,-1,-1,6314,30,7,unknown,GOOGLE
1967.467000000004,ca:21:2d:99:11:b2,b211992d21ca1eff4c00121900a3ccedf134ff5bff4cc3291a9f623c94526960f00bb00000,-37453.0,93651.0,-114623.0,101471.0,-138717.0,,0,0,0,0,0,1,1,2,ADV_NONCONN_IND,37,37,11,-1,0,-1,-1,7549,30,7,unknown,APPLE
1967.721000000005,52:c5:34:55:90:a7,a7905534c5520201021816aafe40184f6631e89713c3da1bdeaa5a0d248a166e7bcb,-14230.0,83736.0,-78946.0,97283.0,-149790.0,,0,0,0,0,0,1,1,0,ADV_IND,34,37,14,-1,0,-1,-1,3254,28,7,unknown,GOOGLE
1967.9720000000088,e6:56:c1:77:2d:dd,dd2d77c156e61eff4c001219005532d18d601c7a20ffc74830ba92758b70d8ff9d159a0100,-6311.0,94554.0,-109394.0,79552.0,-152214.0,,0,0,0,0,0,1,1,2,ADV_NONCONN_IND,37,37,6,-1,0,-1,-1,992,31,7,unknown,APPLE
1969.650999999998,77:6a:8e:9d:68:1c,1c689d8e6a770201021816aafe40b337f97a60db21556e0b13e8ffb8dd5a778ffecc,-26134.0,85754.0,-81793.0,84822.0,-131398.0,,0,0,0,0,0,1,1,0,ADV_IND,34,37,6,-1,0,-1,-1,4344,30,7,unknown,GOOGLE
1970.1370000000024,ca:21:2d:99:11:b2,b211992d21ca1eff4c00121900a3ccedf134ff5bff4cc3291a9f623c94526960f00bb00000,-19401.0,78054.0,-92119.0,84683.0,-131918.0,,0,0,0,0,0,1,1,2,ADV_NONCONN_IND,37,37,14,-1,0,-1,-1,3394,32,8,unknown,APPLE
1970.3870000000024,52:c5:34:55:90:a7,a7905534c5520201021816aafe40184f6631e89713c3da1bdeaa5a0d248a166e7bcb,-7206.0,101815.0,-90696.0,93380.0,-147378.0,,0,0,0,0,0,1,1,0,ADV_IND,34,37,6,-1,0,-1,-1,2106,32,8,unknown,GOOGLE
1970.8740000000107,77:6a:8e:9d:68:1c,1c689d8e6a770201021816aafe40b337f97a60db21556e0b13e8ffb8dd5a778ffecc,-17450.0,66324.0,-86125.0,63899.0,-106806.0,,0,0,0,0,0,1,1,0,ADV_IND,34,37,3,-1,0,-1,-1,1579,32,8,unknown,GOOGLE
1971.3709999999992,52:c5:34:55:90:a7,a7905534c5520201021816aafe40184f6631e89713c3da1bdeaa5a0d248a166e7bcb,-14324.0,100027.0,-93241.0,98331.0,-152301.0,,0,0,0,0,0,1,1,0,ADV_IND,34,37,1,-1,0,-1,-1,3745,32,8,unknown,GOOGLE
1972.0780000000088,77:6a:8e:9d:68:1c,1c689d8e6a770201021816aafe40b337f97a60db21556e0b13e8ffb8dd5a778ffecc,-41194.0,110390.0,-91891.0,79139.0,-146914.0,,0,0,0,0,0,1,1,0,ADV_IND,34,37,8,-1,0,-1,-1,5524,31,8,unknown,GOOGLE
1973.62000000001,77:6a:8e:9d:68:1c,1c689d8e6a770201021816aafe40b337f97a60db21556e0b13e8ffb8dd5a778ffecc,-11938.0,77260.0,-77869.0,77872.0,-132669.0,,0,0,0,0,0,1,1,0,ADV_IND,34,37,11,-1,0,-1,-1,8040,32,8,unknown,GOOGLE
1974.3810000000085,52:c5:34:55:90:a7,a7905534c5520201021816aafe40184f6631e89713c3da1bdeaa5a0d248a166e7bcb,-3512.0,84721.0,-66017.0,64203.0,-135543.0,,0,0,0,0,0,1,1,0,ADV_IND,34,37,3,-1,0,-1,-1,1424,32,8,unknown,GOOGLE
1976.31700000001,77:6a:8e:9d:68:1c,1c689d8e6a770201021816aafe40b337f97a60db21556e0b13e8ffb8dd5a778ffecc,-6856.0,72413.0,-81948.0,83584.0,-123273.0,,0,0,0,0,0,1,1,0,ADV_IND,34,37,4,-1,0,-1,-1,3134,32,8,unknown,GOOGLE
1978.31700000001,52:c5:34:55:90:a7,a7905534c5520201021816aafe40184f6631e89713c3da1bdeaa5a0d248a166e7bcb,-7450.0,80494.0,-86762.0,87978.0,-130811.0,,0,0,0,0,0,1,1,0,ADV_IND,34,37,0,-1,0,-1,-1,7272,32,8,unknown,GOOGLE
1978.5560000000116,e6:56:c1:77:2d:dd,dd2d77c156e61eff4c001219005532d18d601c7a20ffc74830ba92758b70d8ff9d159a0100,-5499.0,66669.0,-81293.0,82942.0,-149156.0,,0,0,0,0,0,1,1,2,ADV_NONCONN_IND,37,37,10,-1,0,-1,-1,1672,32,8,unknown,APPLE
1979.034,77:6a:8e:9d:68:1c,1c689d8e6a770201021816aafe40b337f97a60db21556e0b13e8ffb8dd5a778ffecc,0.0,93251.0,-100425.0,97231.0,-143208.0,,0,0,0,0,0,1,1,0,ADV_IND,34,37,10,-1,0,-1,-1,6045,32,8,unknown,GOOGLE
1979.7609999999984,52:c5:34:55:90:a7,a7905534c5520201021816aafe40184f6631e89713c3da1bdeaa5a0d248a166e7bcb,-1952.0,104642.0,-104303.0,82798.0,-143762.0,,0,0,0,0,0,1,1,0,ADV_IND,34,37,15,-1,0,-1,-1,6696,32,8,unknown,GOOGLE
1993.0299999999988,77:6a:8e:9d:68:1c,1c689d8e6a770201021816aafe40b337f97a60db21556e0b13e8ffb8dd5a778ffecc,-12170.0,72669.0,-80250.0,81169.0,-116342.0,,0,0,0,0,0,1,1,0,ADV_IND,34,37,0,-1,0,-1,-1,6394,32,8,unknown,GOOGLE
1993.5100000000093,52:c5:34:55:90:a7,a7905534c5520201021816aafe40184f6631e89713c3da1bdeaa5a0d248a166e7bcb,-19439.0,108249.0,-103959.0,99858.0,-152702.0,,0,0,0,0,0,1,1,0,ADV_IND,34,37,10,-1,0,-1,-1,1274,32,8,unknown,GOOGLE
1994.9640000000072,52:c5:34:55:90:a7,a7905534c5520201021816aafe40184f6631e89713c3da1bdeaa5a0d248a166e7bcb,9246.0,109758.0,-116797.0,101164.0,-150217.0,,0,0,0,0,0,1,1,0,ADV_IND,34,37,4,-1,0,-1,-1,7351,32,8,unknown,GOOGLE
1995.2020000000048,e6:56:c1:77:2d:dd,dd2d77c156e61eff4c001219005532d18d601c7a20ffc74830ba92758b70d8ff9d159a0100,-18053.0,90153.0,-90580.0,56789.0,-135265.0,,0,0,0,0,0,1,1,2,ADV_NONCONN_IND,37,37,8,-1,0,-1,-1,2258,32,7,unknown,APPLE
1996.1840000000084,52:c5:34:55:90:a7,a7905534c5520201021816aafe40184f6631e89713c3da1bdeaa5a0d248a166e7bcb,-15037.0,100284.0,-86482.0,96151.0,-143339.0,,0,0,0,0,0,1,1,0,ADV_IND,34,37,7,-1,0,-1,-1,7969,32,8,unknown,GOOGLE
1996.894,77:6a:8e:9d:68:1c,1c689d8e6a770201021816aafe40b337f97a60db21556e0b13e8ffb8dd5a778ffecc,-10192.0,76303.0,-81260.0,68879.0,-103207.0,,0,0,0,0,0,1,1,0,ADV_IND,34,37,10,-1,0,-1,-1,1589,32,7,unknown,GOOGLE
1996.894,ca:21:2d:99:11:b2,b211992d21ca1eff4c00121900a3ccedf134ff5bff4cc3291a9f623c94526960f00bb00000,-29198.0,84987.0,-82436.0,73518.0,-145472.0,,0,0,0,0,0,1,1,2,ADV_NONCONN_IND,37,37,12,-1,0,-1,-1,1022,30,8,unknown,APPLE
1997.422000000006,52:c5:34:55:90:a7,a7905534c5520201021816aafe40184f6631e89713c3da1bdeaa5a0d248a166e7bcb,-1312.0,107770.0,-90596.0,83360.0,-140609.0,,0,0,0,0,0,1,1,0,ADV_IND,34,37,6,-1,0,-1,-1,1113,32,8,unknown,GOOGLE
1998.409,52:c5:34:55:90:a7,a7905534c5520201021816aafe40184f6631e89713c3da1bdeaa5a0d248a166e7bcb,10852.0,88499.0,-79677.0,66063.0,-127608.0,,0,0,0,0,0,1,1,0,ADV_IND,34,37,3,-1,0,-1,-1,2753,32,8,unknown,GOOGLE
1998.9080000000104,77:6a:8e:9d:68:1c,1c689d8e6a770201021816aafe40b337f97a60db21556e0b13e8ffb8dd5a778ffecc,-8323.0,81486.0,-86886.0,86376.0,-127736.0,,0,0,0,0,0,1,1,0,ADV_IND,34,37,13,-1,0,-1,-1,4201,32,8,unknown,GOOGLE
1999.4140000000043,52:c5:34:55:90:a7,a7905534c5520201021816aafe40184f6631e89713c3da1bdeaa5a0d248a166e7bcb,1095.0,81781.0,-72324.0,84950.0,-142722.0,,0,0,0,0,0,1,1,0,ADV_IND,34,37,15,-1,0,-1,-1,6570,32,8,unknown,GOOGLE
1999.6580000000104,e6:56:c1:77:2d:dd,dd2d77c156e61eff4c001219005532d18d601c7a20ffc74830ba92758b70d8ff9d159a0100,-40015.0,110773.0,-100219.0,78985.0,-152069.0,,0,0,0,0,0,1,1,2,ADV_NONCONN_IND,37,37,7,-1,0,-1,-1,2394,32,8,unknown,APPLE
2000.1810000000116,ca:21:2d:99:11:b2,b211992d21ca1eff4c00121900a3ccedf134ff5bff4cc3291a9f623c94526960f00bb00000,-19298.0,75726.0,-80330.0,73724.0,-122555.0,,0,0,0,0,0,1,1,2,ADV_NONCONN_IND,37,37,0,-1,0,-1,-1,6474,32,8,unknown,APPLE
2001.179000000004,77:6a:8e:9d:68:1c,1c689d8e6a770201021816aafe40b337f97a60db21556e0b13e8ffb8dd5a778ffecc,-21191.0,117808.0,-103184.0,78966.0,-141920.0,,0,0,0,0,0,1,1,0,ADV_IND,34,37,1,-1,0,-1,-1,4532,30,8,unknown,GOOGLE
2002.1370000000024,77:6a:8e:9d:68:1c,1c689d8e6a770201021816aafe40b337f97a60db21556e0b13e8ffb8dd5a778ffecc,-29056.0,94390.0,-98425.0,87158.0,-139910.0,,0,0,0,0,0,1,1,0,ADV_IND,34,37,9,-1,0,-1,-1,2573,29,8,unknown,GOOGLE
2002.394,ca:21:2d:99:11:b2,b211992d21ca1eff4c00121900a3ccedf134ff5bff4cc3291a9f623c94526960f00bb00000,-25641.0,62526.0,-75393.0,82188.0,-145843.0,,0,0,0,0,0,1,1,2,ADV_NONCONN_IND,37,37,8,-1,0,-1,-1,1531,32,8,unknown,APPLE
2002.642000000007,52:c5:34:55:90:a7,a7905534c5520201021816aafe40184f6631e89713c3da1bdeaa5a0d248a166e7bcb,-18761.0,97873.0,-82522.0,68209.0,-135948.0,,0,0,0,0,0,1,1,0,ADV_IND,34,37,6,-1,0,-1,-1,2283,32,7,unknown,GOOGLE
2004.1860000000013,77:6a:8e:9d:68:1c,1c689d8e6a770201021816aafe40b337f97a60db21556e0b13e8ffb8dd5a778ffecc,-17265.0,103747.0,-92954.0,82016.0,-149127.0,,0,0,0,0,0,1,1,0,ADV_IND,34,37,7,-1,0,-1,-1,1190,32,8,unknown,GOOGLE
2005.395000000004,77:6a:8e:9d:68:1c,1c689d8e6a770201021816aafe40b337f97a60db21556e0b13e8ffb8dd5a778ffecc,-6723.0,103067.0,-102944.0,91586.0,-140278.0,,0,0,0,0,0,1,1,0,ADV_IND,34,37,0,-1,0,-1,-1,993,30,8,unknown,GOOGLE
2005.843000000008,52:c5:34:55:90:a7,a7905534c5520201021816aafe40184f6631e89713c3da1bdeaa5a0d248a166e7bcb,-20539.0,90603.0,-85180.0,51975.0,-108297.0,,0,0,0,0,0,1,1,0,ADV_IND,34,37,7,-1,0,-1,-1,2373,32,8,unknown,GOOGLE
2006.3010000000068,77:6a:8e:9d:68:1c,1c689d8e6a770201021816aafe40b337f97a60db21556e0b13e8ffb8dd5a778ffecc,-9720.0,77825.0,-81024.0,78700.0,-145142.0,,0,0,0,0,0,1,1,0,ADV_IND,34,37,11,-1,0,-1,-1,5030,32,8,unknown,GOOGLE
2007.0449999999985,52:c5:34:55:90:a7,a7905534c5520201021816aafe40184f6631e89713c3da1bdeaa5a0d248a166e7bcb,-12789.0,87449.0,-75036.0,65410.0,-142370.0,,0,0,0,0,0,1,1,0,ADV_IND,34,37,15,-1,0,-1,-1,7896,32,8,unknown,GOOGLE
2007.779000000009,e6:56:c1:77:2d:dd,dd2d77c156e61eff4c001219005532d18d601c7a20ffc74830ba92758b70d8ff9d159a0100,-14843.0,85216.0,-93157.0,72721.0,-161669.0,,0,0,0,0,0,1,1,2,ADV_NONCONN_IND,37,37,15,-1,0,-1,-1,8002,32,8,unknown,APPLE
2009.517000000007,52:c5:34:55:90:a7,a7905534c5520201021816aafe40184f6631e89713c3da1bdeaa5a0d248a166e7bcb,-29116.0,127899.0,-111016.0,96771.0,-154130.0,,0,0,0,0,0,1,1,0,ADV_IND,34,37,6,-1,0,-1,-1,4063,32,7,unknown,GOOGLE
2023.397000000012,e6:56:c1:77:2d:dd,dd2d77c156e61eff4c001219005532d18d601c7a20ffc74830ba92758b70d8ff9d159a0100,-43370.0,80774.0,-82264.0,77325.0,-153278.0,,0,0,0,0,0,1,1,2,ADV_NONCONN_IND,37,37,13,-1,0,-1,-1,4367,32,8,unknown,APPLE
2024.8390000000072,52:c5:34:55:90:a7,a7905534c5520201021816aafe40184f6631e89713c3da1bdeaa5a0d248a166e7bcb,-21198.0,79938.0,-82742.0,74421.0,-121591.0,,0,0,0,0,0,1,1,0,ADV_IND,34,37,15,-1,0,-1,-1,5123,32,8,unknown,GOOGLE
2026.0639999999985,52:c5:34:55:90:a7,a7905534c5520201021816aafe40184f6631e89713c3da1bdeaa5a0d248a166e7bcb,0.0,86932.0,-87925.0,100920.0,-147982.0,,0,0,0,0,0,1,1,0,ADV_IND,34,37,0,-1,0,-1,-1,4537,32,8,unknown,GOOGLE
2026.7880000000005,77:6a:8e:9d:68:1c,1c689d8e6a770201021816aafe40b337f97a60db21556e0b13e8ffb8dd5a778ffecc,-24491.0,92559.0,-93501.0,89990.0,-142003.0,,0,0,0,0,0,1,1,0,ADV_IND,34,37,6,-1,0,-1,-1,1787,31,7,unknown,GOOGLE
2027.267000000007,e6:56:c1:77:2d:dd,dd2d77c156e61eff4c001219005532d18d601c7a20ffc74830ba92758b70d8ff9d159a0100,-13939.0,63643.0,-85580.0,74194.0,-142575.0,,0,0,0,0,0,1,1,2,ADV_NONCONN_IND,37,37,2,-1,0,-1,-1,5487,31,8,unknown,APPLE
2028.472999999998,e6:56:c1:77:2d:dd,dd2d77c156e61eff4c001219005532d18d601c7a20ffc74830ba92758b70d8ff9d159a0100,-18659.0,78969.0,-79727.0,63292.0,-145494.0,,0,0,0,0,0,1,1,2,ADV_NONCONN_IND,37,37,7,-1,0,-1,-1,4888,32,8,unknown,APPLE
2028.7140000000072,52:c5:34:55:90:a7,a7905534c5520201021816aafe40184f6631e89713c3da1bdeaa5a0d248a166e7bcb,-19258.0,92299.0,-71600.0,86158.0,-144508.0,,0,0,0,0,0,1,1,0,ADV_IND,34,37,4,-1,0,-1,-1,3050,32,8,unknown,GOOGLE
2029.4700000000007,e6:56:c1:77:2d:dd,dd2d77c156e61eff4c001219005532d18d601c7a20ffc74830ba92758b70d8ff9d159a0100,-12318.0,82579.0,-84032.0,64021.0,-134030.0,,0,0,0,0,0,1,1,2,ADV_NONCONN_IND,37,37,14,-1,0,-1,-1,6324,30,8,unknown,APPLE
2029.4700000000007,52:c5:34:55:90:a7,a7905534c5520201021816aafe40184f6631e89713c3da1bdeaa5a0d248a166e7bcb,5012.0,79233.0,-75357.0,65417.0,-132708.0,,0,0,0,0,0,1,1,0,ADV_IND,34,37,10,-1,0,-1,-1,6510,32,8,unknown,GOOGLE
2030.9389999999985,52:c5:34:55:90:a7,a7905534c5520201021816aafe40184f6631e89713c3da1bdeaa5a0d248a166e7bcb,-22599.0,90000.0,-62509.0,68206.0,-145866.0,,0,0,0,0,0,1,1,0,ADV_IND,34,37,1,-1,0,-1,-1,7582,32,8,unknown,GOOGLE
2031.1840000000084,ca:21:2d:99:11:b2,b211992d21ca1eff4c00121900a3ccedf134ff5bff4cc3291a9f623c94526960f00bb00000,-9017.0,62174.0,-73193.0,83070.0,-156806.0,,0,0,0,0,0,1,1,2,ADV_NONCONN_IND,37,37,7,-1,0,-1,-1,3258,31,8,unknown,APPLE
2031.4570000000092,77:6a:8e:9d:68:1c,1c689d8e6a770201021816aafe40b337f97a60db21556e0b13e8ffb8dd5a778ffecc,-17299.0,76521.0,-73219.0,58228.0,-123396.0,,0,0,0,0,0,1,1,0,ADV_IND,34,37,4,-1,0,-1,-1,7544,32,8,unknown,GOOGLE
2032.7550000000049,77:6a:8e:9d:68:1c,1c689d8e6a770201021816aafe40b337f97a60db21556e0b13e8ffb8dd5a778ffecc,-23311.0,74913.0,-78952.0,72559.0,-132501.0,,0,0,0,0,0,1,1,0,ADV_IND,34,37,10,-1,0,-1,-1,3916,32,7,unknown,GOOGLE
2033.2220000000088,e6:56:c1:77:2d:dd,dd2d77c156e61eff4c001219005532d18d601c7a20ffc74830ba92758b70d8ff9d159a0100,-29002.0,80139.0,-94898.0,86474.0,-168135.0,,0,0,0,0,0,1,1,2,ADV_NONCONN_IND,37,37,0,-1,0,-1,-1,2090,32,8,unknown,APPLE
2033.474000000002,52:c5:34:55:90:a7,a7905534c5520201021816aafe40184f6631e89713c3da1bdeaa5a0d248a166e7bcb,-23094.0,86251.0,-90657.0,88303.0,-158006.0,,0,0,0,0,0,1,1,0,ADV_IND,34,37,15,-1,0,-1,-1,3461,32,8,unknown,GOOGLE
2034.2140000000072,52:c5:34:55:90:a7,a7905534c5520201021816aafe40184f6631e89713c3da1bdeaa5a0d248a166e7bcb,-26894.0,101879.0,-92439.0,96348.0,-138222.0,,0,0,0,0,0,1,1,0,ADV_IND,34,37,2,-1,0,-1,-1,1709,32,8,unknown,GOOGLE
2034.9400000000023,ca:21:2d:99:11:b2,b211992d21ca1eff4c00121900a3ccedf134ff5bff4cc3291a9f623c94526960f00bb00000,-10972.0,61731.0,-97884.0,94381.0,-123598.0,,0,0,0,0,0,1,1,2,ADV_NONCONN_IND,37,37,9,-1,0,-1,-1,3595,31,7,unknown,APPLE
2036.1889999999985,ca:21:2d:99:11:b2,b211992d21ca1eff4c00121900a3ccedf134ff5bff4cc3291a9f623c94526960f00bb00000,-29620.0,70577.0,-98322.0,87093.0,-101857.0,,0,0,0,0,0,1,1,2,ADV_NONCONN_IND,37,37,14,-1,0,-1,-1,2899,32,8,unknown,APPLE
2036.4640000000072,77:6a:8e:9d:68:1c,1c689d8e6a770201021816aafe40b337f97a60db21556e0b13e8ffb8dd5a778ffecc,-13233.0,79919.0,-86835.0,77873.0,-130346.0,,0,0,0,0,0,1,1,0,ADV_IND,34,37,1,-1,0,-1,-1,2925,32,8,unknown,GOOGLE
2036.4640000000072,52:c5:34:55:90:a7,a7905534c5520201021816aafe40184f6631e89713c3da1bdeaa5a0d248a166e7bcb,-6043.0,112115.0,-116897.0,96747.0,-141326.0,,0,0,0,0,0,1,1,0,ADV_IND,34,37,11,-1,0,-1,-1,1937,32,8,unknown,GOOGLE
2036.7340000000115,e6:56:c1:77:2d:dd,dd2d77c156e61eff4c001219005532d18d601c7a20ffc74830ba92758b70d8ff9d159a0100,-33858.0,83251.0,-84102.0,79647.0,-156416.0,,0,0,0,0,0,1,1,2,ADV_NONCONN_IND,37,37,12,-1,0,-1,-1,5557,31,8,unknown,APPLE
2037.7140000000072,52:c5:34:55:90:a7,a7905534c5520201021816aafe40184f6631e89713c3da1bdeaa5a0d248a166e7bcb,-33461.0,94295.0,-89238.0,79317.0,-126842.0,,0,0,0,0,0,1,1,0,ADV_IND,34,37,1,-1,0,-1,-1,2375,32,8,unknown,GOOGLE
2039.4610000000105,77:6a:8e:9d:68:1c,1c689d8e6a770201021816aafe40b337f97a60db21556e0b13e8ffb8dd5a778ffecc,-9563.0,98751.0,-107722.0,81103.0,-133187.0,,0,0,0,0,0,1,1,0,ADV_IND,34,37,2,-1,0,-1,-1,968,30,7,unknown,GOOGLE
2040.5149999999996,77:6a:8e:9d:68:1c,1c689d8e6a770201021816aafe40b337f97a60db21556e0b13e8ffb8dd5a778ffecc,-18708.0,67713.0,-83183.0,66967.0,-97205.0,,0,0,0,0,0,1,1,0,ADV_IND,34,37,8,-1,0,-1,-1,6988,32,8,unknown,GOOGLE
2052.990000000005,e6:56:c1:77:2d:dd,dd2d77c156e61eff4c001219005532d18d601c7a20ffc74830ba92758b70d8ff9d159a0100,-43244.0,71461.0,-82209.0,73682.0,-132255.0,,0,0,0,0,0,1,1,2,ADV_NONCONN_IND,37,37,7,-1,0,-1,-1,6192,31,8,unknown,APPLE
2056.268000000011,52:c5:34:55:90:a7,a7905534c5520201021816aafe40184f6631e89713c3da1bdeaa5a0d248a166e7bcb,-12171.0,89579.0,-83847.0,57918.0,-117791.0,,0,0,0,0,0,1,1,0,ADV_IND,34,37,7,-1,0,-1,-1,6967,32,8,unknown,GOOGLE
2057.240000000005,77:6a:8e:9d:68:1c,1c689d8e6a770201021816aafe40b337f97a60db21556e0b13e8ffb8dd5a778ffecc,-16734.0,109820.0,-88059.0,81513.0,-144589.0,,0,0,0,0,0,1,1,0,ADV_IND,34,37,6,-1,0,-1,-1,4222,31,7,unknown,GOOGLE
2057.240000000005,52:c5:34:55:90:a7,a7905534c5520201021816aafe40184f6631e89713c3da1bdeaa5a0d248a166e7bcb,9728.0,109618.0,-115767.0,105725.0,-154719.0,,0,0,0,0,0,1,1,0,ADV_IND,34,37,4,-1,0,-1,-1,5507,32,8,unknown,GOOGLE
2057.4890000000014,e6:56:c1:77:2d:dd,dd2d77c156e61eff4c001219005532d18d601c7a20ffc74830ba92758b70d8ff9d159a0100,-17801.0,84211.0,-89212.0,73193.0,-147604.0,,0,0,0,0,0,1,1,2,ADV_NONCONN_IND,37,37,2,-1,0,-1,-1,2272,32,8,unknown,APPLE
2058.248000000007,52:c5:34:55:90:a7,a7905534c5520201021816aafe40184f6631e89713c3da1bdeaa5a0d248a166e7bcb,9322.0,85390.0,-85595.0,79525.0,-130228.0,,0,0,0,0,0,1,1,0,ADV_IND,34,37,0,-1,0,-1,-1,5821,32,8,unknown,GOOGLE
2058.748000000007,ca:21:2d:99:11:b2,b211992d21ca1eff4c00121900a3ccedf134ff5bff4cc3291a9f623c94526960f00bb00000,-28135.0,70963.0,-98422.0,89724.0,-132199.0,,0,0,0,0,0,1,1,2,ADV_NONCONN_IND,37,37,7,-1,0,-1,-1,3152,32,8,unknown,APPLE
2062.009000000005,77:6a:8e:9d:68:1c,1c689d8e6a770201021816aafe40b337f97a60db21556e0b13e8ffb8dd5a778ffecc,-24045.0,105841.0,-106156.0,95754.0,-149931.0,,0,0,0,0,0,1,1,0,ADV_IND,34,37,3,-1,0,-1,-1,1266,32,8,unknown,GOOGLE
2062.998000000007,77:6a:8e:9d:68:1c,1c689d8e6a770201021816aafe40b337f97a60db21556e0b13e8ffb8dd5a778ffecc,8423.0,80826.0,-86210.0,75374.0,-126296.0,,0,0,0,0,0,1,1,0,ADV_IND,34,37,12,-1,0,-1,-1,4751,32,8,unknown,GOOGLE
2062.998000000007,52:c5:34:55:90:a7,a7905534c5520201021816aafe40184f6631e89713c3da1bdeaa5a0d248a166e7bcb,800.0,75742.0,-79311.0,82856.0,-145267.0,,0,0,0,0,0,1,1,0,ADV_IND,34,37,2,-1,0,-1,-1,1611,32,8,unknown,GOOGLE
2062.998000000007,e6:56:c1:77:2d:dd,dd2d77c156e61eff4c001219005532d18d601c7a20ffc74830ba92758b70d8ff9d159a0100,3382.0,63940.0,-113442.0,85552.0,-143860.0,,0,0,0,0,0,1,1,2,ADV_NONCONN_IND,37,37,5,-1,0,-1,-1,4303,32,7,unknown,APPLE
2064.023000000001,77:6a:8e:9d:68:1c,1c689d8e6a770201021816aafe40b337f97a60db21556e0b13e8ffb8dd5a778ffecc,-8161.0,99752.0,-102074.0,86276.0,-149454.0,,0,0,0,0,0,1,1,0,ADV_IND,34,37,6,-1,0,-1,-1,4322,32,8,unknown,GOOGLE
2067.100000000006,77:6a:8e:9d:68:1c,1c689d8e6a770201021816aafe40b337f97a60db21556e0b13e8ffb8dd5a778ffecc,-25716.0,75338.0,-98582.0,89727.0,-126239.0,,0,0,0,0,0,1,1,0,ADV_IND,34,37,14,-1,0,-1,-1,1224,32,8,unknown,GOOGLE
2067.597999999998,52:c5:34:55:90:a7,a7905534c5520201021816aafe40184f6631e89713c3da1bdeaa5a0d248a166e7bcb,-8164.0,98048.0,-77366.0,54582.0,-115632.0,,0,0,0,0,0,1,1,0,ADV_IND,34,37,14,-1,0,-1,-1,2685,32,8,unknown,GOOGLE
2069.6300000000047,e6:56:c1:77:2d:dd,dd2d77c156e61eff4c001219005532d18d601c7a20ffc74830ba92758b70d8ff9d159a0100,-34055.0,76753.0,-86878.0,85790.0,-165785.0,,0,0,0,0,0,1,1,2,ADV_NONCONN_IND,37,37,4,-1,0,-1,-1,7041,32,8,unknown,APPLE
2083.9429999999998,52:c5:34:55:90:a7,a7905534c5520201021816aafe40184f6631e89713c3da1bdeaa5a0d248a166e7bcb,-18871.0,87577.0,-71617.0,69245.0,-136496.0,,0,0,0,0,0,1,1,0,ADV_IND,34,37,1,-1,0,-1,-1,7652,32,8,unknown,GOOGLE
2084.900999999998,77:6a:8e:9d:68:1c,1c689d8e6a770201021816aafe40b337f97a60db21556e0b13e8ffb8dd5a778ffecc,-9697.0,74007.0,-90051.0,90144.0,-140962.0,,0,0,0,0,0,1,1,0,ADV_IND,34,37,6,-1,0,-1,-1,1002,31,8,unknown,GOOGLE
2088.822,ca:21:2d:99:11:b2,b211992d21ca1eff4c00121900a3ccedf134ff5bff4cc3291a9f623c94526960f00bb00000,-30944.0,90181.0,-93076.0,85623.0,-129050.0,,0,0,0,0,0,1,1,2,ADV_NONCONN_IND,37,37,9,-1,0,-1,-1,1473,32,7,unknown,APPLE
2089.3179999999998,e6:56:c1:77:2d:dd,dd2d77c156e61eff4c001219005532d18d601c7a20ffc74830ba92758b70d8ff9d159a0100,-16189.0,81122.0,-89511.0,78021.0,-159533.0,,0,0,0,0,0,1,1,2,ADV_NONCONN_IND,37,37,13,-1,0,-1,-1,1229,30,7,unknown,APPLE
2090.267000000007,5b:9b:63:c2:58:22,2258c2639b5b0201021816aafe40184f6631e89713c3da1bdeaa5a0d248a166e7bcb,0.0,95997.0,-136124.0,91172.0,-149437.0,,0,0,0,0,0,1,1,0,ADV_IND,34,37,14,-1,0,-1,-1,5318,32,8,unknown,GOOGLE
2090.267000000007,e6:56:c1:77:2d:dd,dd2d77c156e61eff4c001219005532d18d601c7a20ffc74830ba92758b70d8ff9d159a0100,-38104.0,75439.0,-97037.0,91536.0,-135763.0,,0,0,0,0,0,1,1,2,ADV_NONCONN_IND,37,37,12,-1,0,-1,-1,2513,32,8,unknown,APPLE
2091.44200000001,77:6a:8e:9d:68:1c,1c689d8e6a770201021816aafe40b337f97a60db21556e0b13e8ffb8dd5a778ffecc,-15758.0,74426.0,-80248.0,75447.0,-113551.0,,0,0,0,0,0,1,1,0,ADV_IND,34,37,6,-1,0,-1,-1,5441,32,8,unknown,GOOGLE
2091.44200000001,5b:9b:63:c2:58:22,2258c2639b5b0201021816aafe40184f6631e89713c3da1bdeaa5a0d248a166e7bcb,-34433.0,105206.0,-102235.0,28275.0,-136311.0,,0,0,0,0,0,1,1,0,ADV_IND,34,37,0,-1,0,-1,-1,3727,32,8,unknown,GOOGLE
2093.409,5b:9b:63:c2:58:22,2258c2639b5b0201021816aafe40184f6631e89713c3da1bdeaa5a0d248a166e7bcb,-53759.0,86702.0,-87036.0,64799.0,-134647.0,,0,0,0,0,0,1,1,0,ADV_IND,34,37,9,-1,0,-1,-1,4390,32,8,unknown,GOOGLE
2093.665000000008,e6:56:c1:77:2d:dd,dd2d77c156e61eff4c001219005532d18d601c7a20ffc74830ba92758b70d8ff9d159a0100,-40140.0,53693.0,-85248.0,76930.0,-132938.0,,0,0,0,0,0,1,1,2,ADV_NONCONN_IND,37,37,11,-1,0,-1,-1,6089,30,7,unknown,APPLE
2093.665000000008,77:6a:8e:9d:68:1c,1c689d8e6a770201021816aafe40b337f97a60db21556e0b13e8ffb8dd5a778ffecc,-12361.0,78807.0,-86678.0,81239.0,-131377.0,,0,0,0,0,0,1,1,0,ADV_IND,34,37,5,-1,0,-1,-1,7939,32,8,unknown,GOOGLE
2094.415000000008,5b:9b:63:c2:58:22,2258c2639b5b0201021816aafe40184f6631e89713c3da1bdeaa5a0d248a166e7bcb,-28838.0,93363.0,-132830.0,86340.0,-137758.0,,0,0,0,0,0,1,1,0,ADV_IND,34,37,9,-1,0,-1,-1,1321,32,8,unknown,GOOGLE
2095.6310000000085,5b:9b:63:c2:58:22,2258c2639b5b0201021816aafe40184f6631e89713c3da1bdeaa5a0d248a166e7bcb,-45287.0,84412.0,-81707.0,55731.0,-139363.0,,0,0,0,0,0,1,1,0,ADV_IND,34,37,9,-1,0,-1,-1,6044,32,8,unknown,GOOGLE
2097.228000000003,5b:9b:63:c2:58:22,2258c2639b5b0201021816aafe40184f6631e89713c3da1bdeaa5a0d248a166e7bcb,-30364.0,83638.0,-97114.0,45819.0,-133333.0,,0,0,0,0,0,1,1,0,ADV_IND,34,37,3,-1,0,-1,-1,6714,32,7,unknown,GOOGLE
2097.228000000003,e6:56:c1:77:2d:dd,dd2d77c156e61eff4c001219005532d18d601c7a20ffc74830ba92758b70d8ff9d159a0100,-8290.0,75728.0,-83555.0,66066.0,-132480.0,,0,0,0,0,0,1,1,2,ADV_NONCONN_IND,37,37,1,-1,0,-1,-1,7873,30,7,unknown,APPLE
2097.7340000000117,77:6a:8e:9d:68:1c,1c689d8e6a770201021816aafe40b337f97a60db21556e0b13e8ffb8dd5a778ffecc,-18335.0,97646.0,-90593.0,82987.0,-136226.0,,0,0,0,0,0,1,1,0,ADV_IND,34,37,6,-1,0,-1,-1,6413,32,8,unknown,GOOGLE
2098.2649999999994,ca:21:2d:99:11:b2,b211992d21ca1eff4c00121900a3ccedf134ff5bff4cc3291a9f623c94526960f00bb00000,-1444.0,71950.0,-101724.0,91275.0,-138783.0,,0,0,0,0,0,1,1,2,ADV_NONCONN_IND,37,37,0,-1,0,-1,-1,1753,32,7,unknown,APPLE
2099.566000000006,5b:9b:63:c2:58:22,2258c2639b5b0201021816aafe40184f6631e89713c3da1bdeaa5a0d248a166e7bcb,-42134.0,84859.0,-99120.0,75452.0,-134232.0,,0,0,0,0,0,1,1,0,ADV_IND,34,37,10,-1,0,-1,-1,2020,32,8,unknown,GOOGLE
2099.566000000006,e6:56:c1:77:2d:dd,dd2d77c156e61eff4c001219005532d18d601c7a20ffc74830ba92758b70d8ff9d159a0100,-20738.0,78372.0,-91398.0,76577.0,-155001.0,,0,0,0,0,0,1,1,2,ADV_NONCONN_IND,37,37,7,-1,0,-1,-1,5574,32,8,unknown,APPLE
2114.7419999999984,5b:9b:63:c2:58:22,2258c2639b5b0201021816aafe40184f6631e89713c3da1bdeaa5a0d248a166e7bcb,-20056.0,78051.0,-105124.0,62689.0,-124919.0,,0,0,0,0,0,1,1,0,ADV_IND,34,37,14,-1,0,-1,-1,1048,32,8,unknown,GOOGLE
2116.009000000005,77:6a:8e:9d:68:1c,1c689d8e6a770201021816aafe40b337f97a60db21556e0b13e8ffb8dd5a778ffecc,-936.0,75580.0,-86916.0,85251.0,-145924.0,,0,0,0,0,0,1,1,0,ADV_IND,34,37,2,-1,0,-1,-1,2689,32,8,unknown,GOOGLE
2116.498000000007,ca:21:2d:99:11:b2,b211992d21ca1eff4c00121900a3ccedf134ff5bff4cc3291a9f623c94526960f00bb00000,-9971.0,76757.0,-95322.0,87332.0,-124045.0,,0,0,0,0,0,1,1,2,ADV_NONCONN_IND,37,37,10,-1,0,-1,-1,4426,32,8,unknown,APPLE
2117.002000000008,e6:56:c1:77:2d:dd,dd2d77c156e61eff4c001219005532d18d601c7a20ffc74830ba92758b70d8ff9d159a0100,-38110.0,90040.0,-102418.0,97016.0,-160510.0,,0,0,0,0,0,1,1,2,ADV_NONCONN_IND,37,37,5,-1,0,-1,-1,6461,32,8,unknown,APPLE
2117.2620000000024,77:6a:8e:9d:68:1c,1c689d8e6a770201021816aafe40b337f97a60db21556e0b13e8ffb8dd5a778ffecc,-20357.0,64058.0,-78744.0,66051.0,-117595.0,,0,0,0,0,0,1,1,0,ADV_IND,34,37,0,-1,0,-1,-1,2571,32,8,unknown,GOOGLE
2118.2530000000115,5b:9b:63:c2:58:22,2258c2639b5b0201021816aafe40184f6631e89713c3da1bdeaa5a0d248a166e7bcb,-414.0,73464.0,-124500.0,79030.0,-154333.0,,0,0,0,0,0,1,1,0,ADV_IND,34,37,3,-1,0,-1,-1,5333,32,8,unknown,GOOGLE
2118.5330000000104,77:6a:8e:9d:68:1c,1c689d8e6a770201021816aafe40b337f97a60db21556e0b13e8ffb8dd5a778ffecc,-28401.0,81476.0,-71423.0,62569.0,-128938.0,,0,0,0,0,0,1,1,0,ADV_IND,34,37,13,-1,0,-1,-1,6574,32,8,unknown,GOOGLE
2118.784,ca:21:2d:99:11:b2,b211992d21ca1eff4c00121900a3ccedf134ff5bff4cc3291a9f623c94526960f00bb00000,-21700.0,77209.0,-76824.0,78127.0,-130073.0,,0,0,0,0,0,1,1,2,ADV_NONCONN_IND,37,37,10,-1,0,-1,-1,4573,32,7,unknown,APPLE
2119.544000000009,5b:9b:63:c2:58:22,2258c2639b5b0201021816aafe40184f6631e89713c3da1bdeaa5a0d248a166e7bcb,-30660.0,91509.0,-131074.0,87601.0,-150726.0,,0,0,0,0,0,1,1,0,ADV_IND,34,37,15,-1,0,-1,-1,2401,32,8,unknown,GOOGLE
2119.791000000012,ca:21:2d:99:11:b2,b211992d21ca1eff4c00121900a3ccedf134ff5bff4cc3291a9f623c94526960f00bb00000,-2424.0,58517.0,-88793.0,88561.0,-138775.0,,0,0,0,0,0,1,1,2,ADV_NONCONN_IND,37,37,11,-1,0,-1,-1,1358,31,7,unknown,APPLE
2123.041000000012,77:6a:8e:9d:68:1c,1c689d8e6a770201021816aafe40b337f97a60db21556e0b13e8ffb8dd5a778ffecc,-4032.0,61995.0,-78223.0,69213.0,-106917.0,,0,0,0,0,0,1,1,0,ADV_IND,34,37,2,-1,0,-1,-1,1102,32,8,unknown,GOOGLE
2123.5449999999983,e6:56:c1:77:2d:dd,dd2d77c156e61eff4c001219005532d18d601c7a20ffc74830ba92758b70d8ff9d159a0100,-22669.0,94979.0,-94122.0,65649.0,-128332.0,,0,0,0,0,0,1,1,2,ADV_NONCONN_IND,37,37,5,-1,0,-1,-1,3488,31,8,unknown,APPLE
2123.779000000009,5b:9b:63:c2:58:22,2258c2639b5b0201021816aafe40184f6631e89713c3da1bdeaa5a0d248a166e7bcb,-12513.0,79609.0,-113710.0,53712.0,-135814.0,,0,0,0,0,0,1,1,0,ADV_IND,34,37,9,-1,0,-1,-1,1141,32,8,unknown,GOOGLE
2127.846000000005,77:6a:8e:9d:68:1c,1c689d8e6a770201021816aafe40b337f97a60db21556e0b13e8ffb8dd5a778ffecc,-9376.0,67574.0,-93445.0,85290.0,-104504.0,,0,0,0,0,0,1,1,0,ADV_IND,34,37,10,-1,0,-1,-1,3153,32,8,unknown,GOOGLE
2129.595000000001,77:6a:8e:9d:68:1c,1c689d8e6a770201021816aafe40b337f97a60db21556e0b13e8ffb8dd5a778ffecc,-16164.0,78233.0,-84886.0,60344.0,-94559.0,,0,0,0,0,0,1,1,0,ADV_IND,34,37,13,-1,0,-1,-1,4960,32,7,unknown,GOOGLE
2129.595000000001,5b:9b:63:c2:58:22,2258c2639b5b0201021816aafe40184f6631e89713c3da1bdeaa5a0d248a166e7bcb,-37336.0,116617.0,-105203.0,97158.0,-148424.0,,0,0,0,0,0,1,1,0,ADV_IND,34,37,10,-1,0,-1,-1,5245,32,8,unknown,GOOGLE
2144.5800000000017,77:6a:8e:9d:68:1c,1c689d8e6a770201021816aafe40b337f97a60db21556e0b13e8ffb8dd5a778ffecc,-25508.0,95341.0,-81726.0,74168.0,-139977.0,,0,0,0,0,0,1,1,0,ADV_IND,34,37,13,-1,0,-1,-1,7399,32,7,unknown,GOOGLE
2144.5800000000017,e6:56:c1:77:2d:dd,dd2d77c156e61eff4c001219005532d18d601c7a20ffc74830ba92758b70d8ff9d159a0100,-11400.0,67607.0,-85963.0,68359.0,-149486.0,,0,0,0,0,0,1,1,2,ADV_NONCONN_IND,37,37,3,-1,0,-1,-1,1671,32,8,unknown,APPLE
2145.3620000000083,77:6a:8e:9d:68:1c,1c689d8e6a770201021816aafe40b337f97a60db21556e0b13e8ffb8dd5a778ffecc,-20472.0,65866.0,-85394.0,65632.0,-123162.0,,0,0,0,0,0,1,1,0,ADV_IND,34,37,8,-1,0,-1,-1,2601,32,8,unknown,GOOGLE
2147.343000000008,5b:9b:63:c2:58:22,2258c2639b5b0201021816aafe40184f6631e89713c3da1bdeaa5a0d248a166e7bcb,-4980.0,95964.0,-132813.0,77383.0,-147184.0,,0,0,0,0,0,1,1,0,ADV_IND,34,37,10,-1,0,-1,-1,7746,30,7,unknown,GOOGLE
2147.822,e6:56:c1:77:2d:dd,dd2d77c156e61eff4c001219005532d18d601c7a20ffc74830ba92758b70d8ff9d159a0100,-32901.0,91632.0,-100969.0,87442.0,-154352.0,,0,0,0,0,0,1,1,2,ADV_NONCONN_IND,37,37,11,-1,0,-1,-1,3678,30,7,unknown,APPLE
2147.822,77:6a:8e:9d:68:1c,1c689d8e6a770201021816aafe40b337f97a60db21556e0b13e8ffb8dd5a778ffecc,-14744.0,79231.0,-86385.0,75558.0,-127963.0,,0,0,0,0,0,1,1,0,ADV_IND,34,37,14,-1,0,-1,-1,4283,32,8,unknown,GOOGLE
2148.073000000004,5b:9b:63:c2:58:22,2258c2639b5b0201021816aafe40184f6631e89713c3da1bdeaa5a0d248a166e7bcb,-5448.0,86488.0,-105755.0,36687.0,-129455.0,,0,0,0,0,0,1,1,0,ADV_IND,34,37,14,-1,0,-1,-1,4447,30,8,unknown,GOOGLE
2151.576000000001,ca:21:2d:99:11:b2,b211992d21ca1eff4c00121900a3ccedf134ff5bff4cc3291a9f623c94526960f00bb00000,-25587.0,82834.0,-92946.0,91970.0,-156965.0,,0,0,0,0,0,1,1,2,ADV_NONCONN_IND,37,37,12,-1,0,-1,-1,762,32,8,unknown,APPLE
2152.103000000003,77:6a:8e:9d:68:1c,1c689d8e6a770201021816aafe40b337f97a60db21556e0b13e8ffb8dd5a778ffecc,-11961.0,62939.0,-80132.0,72813.0,-101849.0,,0,0,0,0,0,1,1,0,ADV_IND,34,37,10,-1,0,-1,-1,7710,32,8,unknown,GOOGLE
2153.402000000002,77:6a:8e:9d:68:1c,1c689d8e6a770201021816aafe40b337f97a60db21556e0b13e8ffb8dd5a778ffecc,-13555.0,80685.0,-81789.0,82535.0,-138685.0,,0,0,0,0,0,1,1,0,ADV_IND,34,37,7,-1,0,-1,-1,7871,32,8,unknown,GOOGLE
2153.8810000000085,5b:9b:63:c2:58:22,2258c2639b5b0201021816aafe40184f6631e89713c3da1bdeaa5a0d248a166e7bcb,-9096.0,67858.0,-100913.0,64914.0,-119272.0,,0,0,0,0,0,1,1,0,ADV_IND,34,37,0,-1,0,-1,-1,5532,32,8,unknown,GOOGLE
2153.8810000000085,ca:21:2d:99:11:b2,b211992d21ca1eff4c00121900a3ccedf134ff5bff4cc3291a9f623c94526960f00bb00000,-31033.0,100766.0,-95182.0,93600.0,-133811.0,,0,0,0,0,0,1,1,2,ADV_NONCONN_IND,37,37,8,-1,0,-1,-1,6728,32,8,unknown,APPLE
2154.6399999999994,e6:56:c1:77:2d:dd,dd2d77c156e61eff4c001219005532d18d601c7a20ffc74830ba92758b70d8ff9d159a0100,5563.0,89081.0,-117008.0,89718.0,-166139.0,,0,0,0,0,0,1,1,2,ADV_NONCONN_IND,37,37,1,-1,0,-1,-1,7722,31,7,unknown,APPLE
2155.1359999999986,5b:9b:63:c2:58:22,2258c2639b5b0201021816aafe40184f6631e89713c3da1bdeaa5a0d248a166e7bcb,-26408.0,81974.0,-94756.0,96998.0,-140757.0,,0,0,0,0,0,1,1,0,ADV_IND,34,37,13,-1,0,-1,-1,1498,32,8,unknown,GOOGLE
2155.8550000000105,77:6a:8e:9d:68:1c,1c689d8e6a770201021816aafe40b337f97a60db21556e0b13e8ffb8dd5a778ffecc,-18119.0,68662.0,-82396.0,65801.0,-114553.0,,0,0,0,0,0,1,1,0,ADV_IND,34,37,12,-1,0,-1,-1,5588,32,8,unknown,GOOGLE
2155.8550000000105,e6:56:c1:77:2d:dd,dd2d77c156e61eff4c001219005532d18d601c7a20ffc74830ba92758b70d8ff9d159a0100,-49312.0,71013.0,-84646.0,80853.0,-153909.0,,0,0,0,0,0,1,1,2,ADV_NONCONN_IND,37,37,9,-1,0,-1,-1,6784,32,8,unknown,APPLE
2156.094000000012,5b:9b:63:c2:58:22,2258c2639b5b0201021816aafe40184f6631e89713c3da1bdeaa5a0d248a166e7bcb,-16045.0,76485.0,-107690.0,82395.0,-147965.0,,0,0,0,0,0,1,1,0,ADV_IND,34,37,5,-1,0,-1,-1,4102,32,8,unknown,GOOGLE
2157.615000000005,e6:56:c1:77:2d:dd,dd2d77c156e61eff4c001219005532d18d601c7a20ffc74830ba92758b70d8ff9d159a0100,-5153.0,67571.0,-90768.0,64553.0,-116472.0,,0,0,0,0,0,1,1,2,ADV_NONCONN_IND,37,37,8,-1,0,-1,-1,6454,32,8,unknown,APPLE
2159.4590000000026,e6:56:c1:77:2d:dd,dd2d77c156e61eff4c001219005532d18d601c7a20ffc74830ba92758b70d8ff9d159a0100,-9569.0,58259.0,-87210.0,88036.0,-138375.0,,0,0,0,0,0,1,1,2,ADV_NONCONN_IND,37,37,7,-1,0,-1,-1,7519,32,8,unknown,APPLE
2159.791000000012,77:6a:8e:9d:68:1c,1c689d8e6a770201021816aafe40b337f97a60db21556e0b13e8ffb8dd5a778ffecc,-16231.0,67529.0,-75917.0,56336.0,-100701.0,,0,0,0,0,0,1,1,0,ADV_IND,34,37,13,-1,0,-1,-1,5237,32,8,unknown,GOOGLE
2160.357000000004,5b:9b:63:c2:58:22,2258c2639b5b0201021816aafe40184f6631e89713c3da1bdeaa5a0d248a166e7bcb,-20807.0,76599.0,-108815.0,50434.0,-127416.0,,0,0,0,0,0,1,1,0,ADV_IND,34,37,3,-1,0,-1,-1,4322,32,8,unknown,GOOGLE
2174.495999999999,5b:9b:63:c2:58:22,2258c2639b5b0201021816aafe40184f6631e89713c3da1bdeaa5a0d248a166e7bcb,-34057.0,68146.0,-93190.0,58540.0,-127453.0,,0,0,0,0,0,1,1,0,ADV_IND,34,37,1,-1,0,-1,-1,3238,32,8,unknown,GOOGLE
2174.495999999999,ca:21:2d:99:11:b2,b211992d21ca1eff4c00121900a3ccedf134ff5bff4cc3291a9f623c94526960f00bb00000,-22568.0,82702.0,-93352.0,82908.0,-138494.0,,0,0,0,0,0,1,1,2,ADV_NONCONN_IND,37,37,3,-1,0,-1,-1,1927,31,8,unknown,APPLE
2174.978000000003,77:6a:8e:9d:68:1c,1c689d8e6a770201021816aafe40b337f97a60db21556e0b13e8ffb8dd5a778ffecc,-38932.0,94971.0,-86723.0,74736.0,-139588.0,,0,0,0,0,0,1,1,0,ADV_IND,34,37,13,-1,0,-1,-1,7231,31,7,unknown,GOOGLE
2175.2330000000075,ca:21:2d:99:11:b2,b211992d21ca1eff4c00121900a3ccedf134ff5bff4cc3291a9f623c94526960f00bb00000,-2473.0,59347.0,-84892.0,77738.0,-123464.0,,0,0,0,0,0,1,1,2,ADV_NONCONN_IND,37,37,5,-1,0,-1,-1,5660,32,8,unknown,APPLE
2175.941000000006,77:6a:8e:9d:68:1c,1c689d8e6a770201021816aafe40b337f97a60db21556e0b13e8ffb8dd5a778ffecc,-10155.0,84385.0,-85073.0,87591.0,-145259.0,,0,0,0,0,0,1,1,0,ADV_IND,34,37,5,-1,0,-1,-1,4575,32,8,unknown,GOOGLE
2176.198000000004,5b:9b:63:c2:58:22,2258c2639b5b0201021816aafe40184f6631e89713c3da1bdeaa5a0d248a166e7bcb,-22713.0,80546.0,-94021.0,108423.0,-152467.0,,0,0,0,0,0,1,1,0,ADV_IND,34,37,4,-1,0,-1,-1,6531,32,8,unknown,GOOGLE
2176.198000000004,ca:21:2d:99:11:b2,b211992d21ca1eff4c00121900a3ccedf134ff5bff4cc3291a9f623c94526960f00bb00000,-14195.0,80011.0,-98788.0,85026.0,-141799.0,,0,0,0,0,0,1,1,2,ADV_NONCONN_IND,37,37,4,-1,0,-1,-1,5448,32,8,unknown,APPLE
2176.6810000000114,77:6a:8e:9d:68:1c,1c689d8e6a770201021816aafe40b337f97a60db21556e0b13e8ffb8dd5a778ffecc,-14692.0,68763.0,-80173.0,55037.0,-97391.0,,0,0,0,0,0,1,1,0,ADV_IND,34,37,2,-1,0,-1,-1,2151,32,8,unknown,GOOGLE
2176.94200000001,ca:21:2d:99:11:b2,b211992d21ca1eff4c00121900a3ccedf134ff5bff4cc3291a9f623c94526960f00bb00000,-21896.0,92929.0,-98749.0,89727.0,-148852.0,,0,0,0,0,0,1,1,2,ADV_NONCONN_IND,37,37,5,-1,0,-1,-1,5010,29,7,unknown,APPLE
2177.9579999999987,5b:9b:63:c2:58:22,2258c2639b5b0201021816aafe40184f6631e89713c3da1bdeaa5a0d248a166e7bcb,-57243.0,100887.0,-88833.0,67616.0,-142551.0,,0,0,0,0,0,1,1,0,ADV_IND,34,37,7,-1,0,-1,-1,2974,32,8,unknown,GOOGLE
2178.4330000000045,e6:56:c1:77:2d:dd,dd2d77c156e61eff4c001219005532d18d601c7a20ffc74830ba92758b70d8ff9d159a0100,-23846.0,64761.0,-83811.0,81543.0,-162156.0,,0,0,0,0,0,1,1,2,ADV_NONCONN_IND,37,37,2,-1,0,-1,-1,1658,32,8,unknown,APPLE
2179.1699999999983,e6:56:c1:77:2d:dd,dd2d77c156e61eff4c001219005532d18d601c7a20ffc74830ba92758b70d8ff9d159a0100,-16997.0,86439.0,-90876.0,66081.0,-142711.0,,0,0,0,0,0,1,1,2,ADV_NONCONN_IND,37,37,7,-1,0,-1,-1,1320,32,8,unknown,APPLE
2181.623000000007,77:6a:8e:9d:68:1c,1c689d8e6a770201021816aafe40b337f97a60db21556e0b13e8ffb8dd5a778ffecc,-14675.0,89513.0,-95252.0,87564.0,-148112.0,,0,0,0,0,0,1,1,0,ADV_IND,34,37,5,-1,0,-1,-1,6905,31,8,unknown,GOOGLE
2181.623000000007,ca:21:2d:99:11:b2,b211992d21ca1eff4c00121900a3ccedf134ff5bff4cc3291a9f623c94526960f00bb00000,-7290.0,91555.0,-95841.0,83056.0,-150525.0,,0,0,0,0,0,1,1,2,ADV_NONCONN_IND,37,37,3,-1,0,-1,-1,3414,32,8,unknown,APPLE
2181.863000000012,5b:9b:63:c2:58:22,2258c2639b5b0201021816aafe40184f6631e89713c3da1bdeaa5a0d248a166e7bcb,-16697.0,62053.0,-103666.0,72445.0,-122231.0,,0,0,0,0,0,1,1,0,ADV_IND,34,37,1,-1,0,-1,-1,7816,32,8,unknown,GOOGLE
2184.590000000011,77:6a:8e:9d:68:1c,1c689d8e6a770201021816aafe40b337f97a60db21556e0b13e8ffb8dd5a778ffecc,-22711.0,95348.0,-62543.0,63524.0,-143164.0,,0,0,0,0,0,1,1,0,ADV_IND,34,37,3,-1,0,-1,-1,1482,32,8,unknown,GOOGLE
2184.820000000007,ca:21:2d:99:11:b2,b211992d21ca1eff4c00121900a3ccedf134ff5bff4cc3291a9f623c94526960f00bb00000,-24251.0,75115.0,-82791.0,80616.0,-145142.0,,0,0,0,0,0,1,1,2,ADV_NONCONN_IND,37,37,2,-1,0,-1,-1,1839,31,8,unknown,APPLE
2186.810000000012,ca:21:2d:99:11:b2,b211992d21ca1eff4c00121900a3ccedf134ff5bff4cc3291a9f623c94526960f00bb00000,-23612.0,79855.0,-85886.0,89848.0,-131646.0,,0,0,0,0,0,1,1,2,ADV_NONCONN_IND,37,37,6,-1,0,-1,-1,4898,32,8,unknown,APPLE
2188.166000000012,77:6a:8e:9d:68:1c,1c689d8e6a770201021816aafe40b337f97a60db21556e0b13e8ffb8dd5a778ffecc,-8795.0,54727.0,-88059.0,84694.0,-106231.0,,0,0,0,0,0,1,1,0,ADV_IND,34,37,12,-1,0,-1,-1,1958,32,7,unknown,GOOGLE
2189.145000000004,5b:9b:63:c2:58:22,2258c2639b5b0201021816aafe40184f6631e89713c3da1bdeaa5a0d248a166e7bcb,-29642.0,89720.0,-113000.0,84369.0,-154709.0,,0,0,0,0,0,1,1,0,ADV_IND,34,37,9,-1,0,-1,-1,6985,32,8,unknown,GOOGLE
2189.6570000000065,e6:56:c1:77:2d:dd,dd2d77c156e61eff4c001219005532d18d601c7a20ffc74830ba92758b70d8ff9d159a0100,-36889.0,124933.0,-93297.0,71371.0,-156782.0,,0,0,0,0,0,1,1,2,ADV_NONCONN_IND,37,37,1,-1,0,-1,-1,1751,32,8,unknown,APPLE
2190.445000000007,ca:21:2d:99:11:b2,b211992d21ca1eff4c00121900a3ccedf134ff5bff4cc3291a9f623c94526960f00bb00000,-24088.0,77520.0,-85382.0,95280.0,-124742.0,,0,0,0,0,0,1,1,2,ADV_NONCONN_IND,37,37,0,-1,0,-1,-1,2784,32,8,unknown,APPLE
2191.0030000000115,5b:9b:63:c2:58:22,2258c2639b5b0201021816aafe40184f6631e89713c3da1bdeaa5a0d248a166e7bcb,-26692.0,79098.0,-103840.0,69697.0,-111190.0,,0,0,0,0,0,1,1,0,ADV_IND,34,37,9,-1,0,-1,-1,6033,31,8,unknown,GOOGLE
2191.5420000000013,e6:56:c1:77:2d:dd,dd2d77c156e61eff4c001219005532d18d601c7a20ffc74830ba92758b70d8ff9d159a0100,-4208.0,53630.0,-86825.0,91252.0,-144758.0,,0,0,0,0,0,1,1,2,ADV_NONCONN_IND,37,37,1,-1,0,-1,-1,5960,31,7,unknown,APPLE
2206.0149999999994,e6:56:c1:77:2d:dd,dd2d77c156e61eff4c001219005532d18d601c7a20ffc74830ba92758b70d8ff9d159a0100,-22464.0,71665.0,-91845.0,79857.0,-125041.0,,0,0,0,0,0,1,1,2,ADV_NONCONN_IND,37,37,7,-1,0,-1,-1,1659,31,7,unknown,APPLE
2206.728000000003,77:6a:8e:9d:68:1c,1c689d8e6a770201021816aafe40b337f97a60db21556e0b13e8ffb8dd5a778ffecc,-21270.0,78351.0,-84918.0,67590.0,-106812.0,,0,0,0,0,0,1,1,0,ADV_IND,34,37,11,-1,0,-1,-1,1988,32,8,unknown,GOOGLE
2206.9850000000006,5b:9b:63:c2:58:22,2258c2639b5b0201021816aafe40184f6631e89713c3da1bdeaa5a0d248a166e7bcb,-15282.0,82433.0,-98961.0,57893.0,-128326.0,,0,0,0,0,0,1,1,0,ADV_IND,34,37,8,-1,0,-1,-1,4194,32,8,unknown,GOOGLE
2207.6840000000084,77:6a:8e:9d:68:1c,1c689d8e6a770201021816aafe40b337f97a60db21556e0b13e8ffb8dd5a778ffecc,-3923.0,80163.0,-82592.0,83126.0,-133358.0,,0,0,0,0,0,1,1,0,ADV_IND,34,37,10,-1,0,-1,-1,2983,32,8,unknown,GOOGLE
2207.9370000000054,5b:9b:63:c2:58:22,2258c2639b5b0201021816aafe40184f6631e89713c3da1bdeaa5a0d248a166e7bcb,-21330.0,78629.0,-87352.0,58675.0,-132465.0,,0,0,0,0,0,1,1,0,ADV_IND,34,37,0,-1,0,-1,-1,3673,32,8,unknown,GOOGLE
2208.8830000000016,ca:21:2d:99:11:b2,b211992d21ca1eff4c00121900a3ccedf134ff5bff4cc3291a9f623c94526960f00bb00000,-17297.0,77467.0,-95767.0,84811.0,-128681.0,,0,0,0,0,0,1,1,2,ADV_NONCONN_IND,37,37,5,-1,0,-1,-1,7295,30,7,unknown,APPLE
2209.369000000006,5b:9b:63:c2:58:22,2258c2639b5b0201021816aafe40184f6631e89713c3da1bdeaa5a0d248a166e7bcb,-34036.0,93493.0,-89170.0,76839.0,-143897.0,,0,0,0,0,0,1,1,0,ADV_IND,34,37,8,-1,0,-1,-1,5684,32,8,unknown,GOOGLE
2210.296000000002,77:6a:8e:9d:68:1c,1c689d8e6a770201021816aafe40b337f97a60db21556e0b13e8ffb8dd5a778ffecc,-29406.0,80156.0,-90051.0,65875.0,-97218.0,,0,0,0,0,0,1,1,0,ADV_IND,34,37,6,-1,0,-1,-1,6015,32,8,unknown,GOOGLE
2210.296000000002,ca:21:2d:99:11:b2,b211992d21ca1eff4c00121900a3ccedf134ff5bff4cc3291a9f623c94526960f00bb00000,-29446.0,73268.0,-77907.0,74628.0,-112197.0,,0,0,0,0,0,1,1,2,ADV_NONCONN_IND,37,37,14,-1,0,-1,-1,4278,32,8,unknown,APPLE
2210.813000000009,5b:9b:63:c2:58:22,2258c2639b5b0201021816aafe40184f6631e89713c3da1bdeaa5a0d248a166e7bcb,-27730.0,79906.0,-107520.0,90813.0,-149674.0,,0,0,0,0,0,1,1,0,ADV_IND,34,37,11,-1,0,-1,-1,1497,32,8,unknown,GOOGLE
2211.747000000003,ca:21:2d:99:11:b2,b211992d21ca1eff4c00121900a3ccedf134ff5bff4cc3291a9f623c94526960f00bb00000,-16144.0,84726.0,-89731.0,92077.0,-145222.0,,0,0,0,0,0,1,1,2,ADV_NONCONN_IND,37,37,6,-1,0,-1,-1,2651,32,8,unknown,APPLE
2211.988000000012,5b:9b:63:c2:58:22,2258c2639b5b0201021816aafe40184f6631e89713c3da1bdeaa5a0d248a166e7bcb,-8065.0,82572.0,-102358.0,43976.0,-127050.0,,0,0,0,0,0,1,1,0,ADV_IND,34,37,4,-1,0,-1,-1,6394,32,8,unknown,GOOGLE
2212.691000000006,77:6a:8e:9d:68:1c,1c689d8e6a770201021816aafe40b337f97a60db21556e0b13e8ffb8dd5a778ffecc,-13066.0,81052.0,-91102.0,88971.0,-132670.0,,0,0,0,0,0,1,1,0,ADV_IND,34,37,10,-1,0,-1,-1,1912,32,8,unknown,GOOGLE
2213.146000000008,5b:9b:63:c2:58:22,2258c2639b5b0201021816aafe40184f6631e89713c3da1bdeaa5a0d248a166e7bcb,-35461.0,109038.0,-111883.0,102310.0,-149490.0,,0,0,0,0,0,1,1,0,ADV_IND,34,37,1,-1,0,-1,-1,2399,32,8,unknown,GOOGLE
2215.6010000000097,77:6a:8e:9d:68:1c,1c689d8e6a770201021816aafe40b337f97a60db21556e0b13e8ffb8dd5a778ffecc,-29365.0,78174.0,-71169.0,85120.0,-149624.0,,0,0,0,0,0,1,1,0,ADV_IND,34,37,2,-1,0,-1,-1,5811,32,8,unknown,GOOGLE
2216.822,77:6a:8e:9d:68:1c,1c689d8e6a770201021816aafe40b337f97a60db21556e0b13e8ffb8dd5a778ffecc,-5881.0,90044.0,-67239.0,54032.0,-149640.0,,0,0,0,0,0,1,1,0,ADV_IND,34,37,5,-1,0,-1,-1,4511,32,8,unknown,GOOGLE
2217.075000000012,5b:9b:63:c2:58:22,2258c2639b5b0201021816aafe40184f6631e89713c3da1bdeaa5a0d248a166e7bcb,-43639.0,82631.0,-88259.0,81249.0,-135843.0,,0,0,0,0,0,1,1,0,ADV_IND,34,37,1,-1,0,-1,-1,5437,32,8,unknown,GOOGLE
2217.821000000011,ca:21:2d:99:11:b2,b211992d21ca1eff4c00121900a3ccedf134ff5bff4cc3291a9f623c94526960f00bb00000,-27570.0,84778.0,-97397.0,96158.0,-122746.0,,0,0,0,0,0,1,1,2,ADV_NONCONN_IND,37,37,7,-1,0,-1,-1,2989,31,8,unknown,APPLE
2218.2949999999983,5b:9b:63:c2:58:22,2258c2639b5b0201021816aafe40184f6631e89713c3da1bdeaa5a0d248a166e7bcb,-17971.0,109331.0,-131705.0,88517.0,-149039.0,,0,0,0,0,0,1,1,0,ADV_IND,34,37,8,-1,0,-1,-1,6980,31,8,unknown,GOOGLE
2218.5250000000087,e6:56:c1:77:2d:dd,dd2d77c156e61eff4c001219005532d18d601c7a20ffc74830ba92758b70d8ff9d159a0100,-16452.0,71630.0,-89089.0,90904.0,-137067.0,,0,0,0,0,0,1,1,2,ADV_NONCONN_IND,37,37,4,-1,0,-1,-1,4328,32,8,unknown,APPLE
2219.5109999999986,5b:9b:63:c2:58:22,2258c2639b5b0201021816aafe40184f6631e89713c3da1bdeaa5a0d248a166e7bcb,-25584.0,80189.0,-118446.0,78913.0,-133184.0,,0,0,0,0,0,1,1,0,ADV_IND,34,37,6,-1,0,-1,-1,2493,32,8,unknown,GOOGLE
2220.2880000000005,ca:21:2d:99:11:b2,b211992d21ca1eff4c00121900a3ccedf134ff5bff4cc3291a9f623c94526960f00bb00000,-13841.0,72987.0,-80088.0,78747.0,-145522.0,,0,0,0,0,0,1,1,2,ADV_NONCONN_IND,37,37,7,-1,0,-1,-1,4461,31,8,unknown,APPLE
2220.5149999999994,77:6a:8e:9d:68:1c,1c689d8e6a770201021816aafe40b337f97a60db21556e0b13e8ffb8dd5a778ffecc,-28942.0,96272.0,-90856.0,86903.0,-145097.0,,0,0,0,0,0,1,1,0,ADV_IND,34,37,0,-1,0,-1,-1,1240,32,7,unknown,GOOGLE
2220.773000000001,5b:9b:63:c2:58:22,2258c2639b5b0201021816aafe40184f6631e89713c3da1bdeaa5a0d248a166e7bcb,-18803.0,89101.0,-108862.0,47445.0,-135149.0,,0,0,0,0,0,1,1,0,ADV_IND,34,37,7,-1,0,-1,-1,5914,32,8,unknown,GOOGLE
2221.497000000003,77:6a:8e:9d:68:1c,1c689d8e6a770201021816aafe40b337f97a60db21556e0b13e8ffb8dd5a778ffecc,-19367.0,90475.0,-89023.0,81689.0,-143519.0,,0,0,0,0,0,1,1,0,ADV_IND,34,37,5,-1,0,-1,-1,7442,32,8,unknown,GOOGLE
2221.721000000005,5b:9b:63:c2:58:22,2258c2639b5b0201021816aafe40184f6631e89713c3da1bdeaa5a0d248a166e7bcb,-15402.0,109061.0,-119796.0,77995.0,-141394.0,,0,0,0,0,0,1,1,0,ADV_IND,34,37,15,-1,0,-1,-1,7200,32,8,unknown,GOOGLE
2222.465000000011,ca:21:2d:99:11:b2,b211992d21ca1eff4c00121900a3ccedf134ff5bff4cc3291a9f623c94526960f00bb00000,-22482.0,77297.0,-81581.0,94021.0,-141174.0,,0,0,0,0,0,1,1,2,ADV_NONCONN_IND,37,37,11,-1,0,-1,-1,6894,31,8,unknown,APPLE
2222.701000000001,77:6a:8e:9d:68:1c,1c689d8e6a770201021816aafe40b337f97a60db21556e0b13e8ffb8dd5a778ffecc,-19664.0,68899.0,-76871.0,81265.0,-99786.0,,0,0,0,0,0,1,1,0,ADV_IND,34,37,1,-1,0,-1,-1,7803,32,8,unknown,GOOGLE
2223.518000000011,e6:56:c1:77:2d:dd,dd2d77c156e61eff4c001219005532d18d601c7a20ffc74830ba92758b70d8ff9d159a0100,-16791.0,67397.0,-91431.0,85299.0,-148499.0,,0,0,0,0,0,1,1,2,ADV_NONCONN_IND,37,37,15,-1,0,-1,-1,3151,32,8,unknown,APPLE
2234.9600000000064,ca:21:2d:99:11:b2,b211992d21ca1eff4c00121900a3ccedf134ff5bff4cc3291a9f623c94526960f00bb00000,-18904.0,78939.0,-87549.0,92689.0,-151049.0,,0,0,0,0,0,1,1,2,ADV_NONCONN_IND,37,37,12,-1,0,-1,-1,8012,32,7,unknown,APPLE
2235.4550000000017,5b:9b:63:c2:58:22,2258c2639b5b0201021816aafe40184f6631e89713c3da1bdeaa5a0d248a166e7bcb,-19143.0,119898.0,-116152.0,92446.0,-147199.0,,0,0,0,0,0,1,1,0,ADV_IND,34,37,10,-1,0,-1,-1,6873,31,8,unknown,GOOGLE
2236.178,ca:21:2d:99:11:b2,b211992d21ca1eff4c00121900a3ccedf134ff5bff4cc3291a9f623c94526960f00bb00000,-25149.0,111616.0,-89209.0,91937.0,-130912.0,,0,0,0,0,0,1,1,2,ADV_NONCONN_IND,37,37,7,-1,0,-1,-1,1062,31,8,unknown,APPLE
2236.662000000011,5b:9b:63:c2:58:22,2258c2639b5b0201021816aafe40184f6631e89713c3da1bdeaa5a0d248a166e7bcb,-31210.0,85106.0,-86947.0,77343.0,-152021.0,,0,0,0,0,0,1,1,0,ADV_IND,34,37,15,-1,0,-1,-1,7199,32,8,unknown,GOOGLE
2236.662000000011,e6:56:c1:77:2d:dd,dd2d77c156e61eff4c001219005532d18d601c7a20ffc74830ba92758b70d8ff9d159a0100,-5396.0,41963.0,-91044.0,91658.0,-113982.0,,0,0,0,0,0,1,1,2,ADV_NONCONN_IND,37,37,14,-1,0,-1,-1,1423,32,7,unknown,APPLE
2237.365000000005,77:6a:8e:9d:68:1c,1c689d8e6a770201021816aafe40b337f97a60db21556e0b13e8ffb8dd5a778ffecc,-22697.0,97735.0,-85647.0,84913.0,-152503.0,,0,0,0,0,0,1,1,0,ADV_IND,34,37,11,-1,0,-1,-1,6325,32,8,unknown,GOOGLE
2237.854000000006,e6:56:c1:77:2d:dd,dd2d77c156e61eff4c001219005532d18d601c7a20ffc74830ba92758b70d8ff9d159a0100,-35004.0,78511.0,-83310.0,80797.0,-156193.0,,0,0,0,0,0,1,1,2,ADV_NONCONN_IND,37,37,0,-1,0,-1,-1,5517,32,8,unknown,APPLE
2238.37000000001,ca:21:2d:99:11:b2,b211992d21ca1eff4c00121900a3ccedf134ff5bff4cc3291a9f623c94526960f00bb00000,-28372.0,76050.0,-96924.0,105553.0,-113626.0,,0,0,0,0,0,1,1,2,ADV_NONCONN_IND,37,37,3,-1,0,-1,-1,1447,32,8,unknown,APPLE
2238.8880000000063,5b:9b:63:c2:58:22,2258c2639b5b0201021816aafe40184f6631e89713c3da1bdeaa5a0d248a166e7bcb,-21165.0,81691.0,-103598.0,72229.0,-135818.0,,0,0,0,0,0,1,1,0,ADV_IND,34,37,9,-1,0,-1,-1,3897,32,8,unknown,GOOGLE
2239.146000000008,e6:56:c1:77:2d:dd,dd2d77c156e61eff4c001219005532d18d601c7a20ffc74830ba92758b70d8ff9d159a0100,-16359.0,72384.0,-85824.0,68912.0,-148311.0,,0,0,0,0,0,1,1,2,ADV_NONCONN_IND,37,37,0,-1,0,-1,-1,1875,32,8,unknown,APPLE
2239.6310000000085,ca:21:2d:99:11:b2,b211992d21ca1eff4c00121900a3ccedf134ff5bff4cc3291a9f623c94526960f00bb00000,-37029.0,97212.0,-86321.0,81375.0,-153208.0,,0,0,0,0,0,1,1,2,ADV_NONCONN_IND,37,37,2,-1,0,-1,-1,4325,31,8,unknown,APPLE
2241.1100000000006,5b:9b:63:c2:58:22,2258c2639b5b0201021816aafe40184f6631e89713c3da1bdeaa5a0d248a166e7bcb,-32100.0,103594.0,-115345.0,96274.0,-144358.0,,0,0,0,0,0,1,1,0,ADV_IND,34,37,7,-1,0,-1,-1,2618,32,8,unknown,GOOGLE
2242.092000000004,e6:56:c1:77:2d:dd,dd2d77c156e61eff4c001219005532d18d601c7a20ffc74830ba92758b70d8ff9d159a0100,-32307.0,74773.0,-87620.0,78522.0,-153379.0,,0,0,0,0,0,1,1,2,ADV_NONCONN_IND,37,37,8,-1,0,-1,-1,2003,32,8,unknown,APPLE
2243.5590000000084,ca:21:2d:99:11:b2,b211992d21ca1eff4c00121900a3ccedf134ff5bff4cc3291a9f623c94526960f00bb00000,-39625.0,91898.0,-94783.0,86815.0,-136468.0,,0,0,0,0,0,1,1,2,ADV_NONCONN_IND,37,37,5,-1,0,-1,-1,7394,32,8,unknown,APPLE
2243.811000000001,77:6a:8e:9d:68:1c,1c689d8e6a770201021816aafe40b337f97a60db21556e0b13e8ffb8dd5a778ffecc,-8413.0,71860.0,-80282.0,75226.0,-109355.0,,0,0,0,0,0,1,1,0,ADV_IND,34,37,0,-1,0,-1,-1,5772,32,8,unknown,GOOGLE
2244.537000000011,ca:21:2d:99:11:b2,b211992d21ca1eff4c00121900a3ccedf134ff5bff4cc3291a9f623c94526960f00bb00000,-20624.0,87228.0,-97887.0,87851.0,-144300.0,,0,0,0,0,0,1,1,2,ADV_NONCONN_IND,37,37,6,-1,0,-1,-1,4022,32,8,unknown,APPLE
2244.772000000012,77:6a:8e:9d:68:1c,1c689d8e6a770201021816aafe40b337f97a60db21556e0b13e8ffb8dd5a778ffecc,-28203.0,96251.0,-90374.0,93178.0,-154307.0,,0,0,0,0,0,1,1,0,ADV_IND,34,37,15,-1,0,-1,-1,1271,31,8,unknown,GOOGLE
2245.0050000000047,5b:9b:63:c2:58:22,2258c2639b5b0201021816aafe40184f6631e89713c3da1bdeaa5a0d248a166e7bcb,-8151.0,102740.0,-124166.0,89781.0,-156908.0,,0,0,0,0,0,1,1,0,ADV_IND,34,37,1,-1,0,-1,-1,1134,32,8,unknown,GOOGLE
2246.228000000003,5b:9b:63:c2:58:22,2258c2639b5b0201021816aafe40184f6631e89713c3da1bdeaa5a0d248a166e7bcb,-36448.0,85672.0,-97806.0,106252.0,-146476.0,,0,0,0,0,0,1,1,0,ADV_IND,34,37,3,-1,0,-1,-1,5930,32,8,unknown,GOOGLE
2248.1240000000107,7e:08:b7:e4:57:cd,cd57e4b7087e0201021816aafe40f55527dd9da3632ec86a2ac2c34ca3ee286eda64,-34712.0,71589.0,-90377.0,85661.0,-144439.0,,0,0,0,0,0,1,1,0,ADV_IND,34,37,8,-1,0,-1,-1,1343,32,8,unknown,GOOGLE
2248.550000000003,ca:21:2d:99:11:b2,b211992d21ca1eff4c00121900a3ccedf134ff5bff4cc3291a9f623c94526960f00bb00000,-20221.0,90046.0,-112652.0,103103.0,-137970.0,,0,0,0,0,0,1,1,2,ADV_NONCONN_IND,37,37,4,-1,0,-1,-1,2437,31,8,unknown,APPLE
2249.5560000000114,e6:56:c1:77:2d:dd,dd2d77c156e61eff4c001219005532d18d601c7a20ffc74830ba92758b70d8ff9d159a0100,-26368.0,64626.0,-92873.0,91406.0,-139677.0,,0,0,0,0,0,1,1,2,ADV_NONCONN_IND,37,37,10,-1,0,-1,-1,4524,32,8,unknown,APPLE
2250.029000000009,5b:9b:63:c2:58:22,2258c2639b5b0201021816aafe40184f6631e89713c3da1bdeaa5a0d248a166e7bcb,-15095.0,84223.0,-92472.0,57450.0,-132359.0,,0,0,0,0,0,1,1,0,ADV_IND,34,37,0,-1,0,-1,-1,4655,32,8,unknown,GOOGLE
2250.6410000000037,ca:21:2d:99:11:b2,b211992d21ca1eff4c00121900a3ccedf134ff5bff4cc3291a9f623c94526960f00bb00000,-21571.0,66532.0,-72863.0,93177.0,-157853.0,,0,0,0,0,0,1,1,2,ADV_NONCONN_IND,37,37,11,-1,0,-1,-1,5244,32,8,unknown,APPLE
2251.8150000000023,e6:56:c1:77:2d:dd,dd2d77c156e61eff4c001219005532d18d601c7a20ffc74830ba92758b70d8ff9d159a0100,-41310.0,106467.0,-102259.0,81977.0,-163221.0,,0,0,0,0,0,1,1,2,ADV_NONCONN_IND,37,37,8,-1,0,-1,-1,3153,30,8,unknown,APPLE
2251.8150000000023,5b:9b:63:c2:58:22,2258c2639b5b0201021816aafe40184f6631e89713c3da1bdeaa5a0d248a166e7bcb,-51520.0,80385.0,-79697.0,72241.0,-135702.0,,0,0,0,0,0,1,1,0,ADV_IND,34,37,8,-1,0,-1,-1,7989,32,8,unknown,GOOGLE
2253.981,e6:56:c1:77:2d:dd,dd2d77c156e61eff4c001219005532d18d601c7a20ffc74830ba92758b70d8ff9d159a0100,-14203.0,77984.0,-84451.0,64417.0,-164497.0,,0,0,0,0,0,1,1,2,ADV_NONCONN_IND,37,37,14,-1,0,-1,-1,1820,31,8,unknown,APPLE
2265.5860000000102,7e:08:b7:e4:57:cd,cd57e4b7087e0201021816aafe40f55527dd9da3632ec86a2ac2c34ca3ee286eda64,-15766.0,83785.0,-117887.0,90923.0,-139708.0,,0,0,0,0,0,1,1,0,ADV_IND,34,37,11,-1,0,-1,-1,2225,32,7,unknown,GOOGLE
2265.5860000000102,5b:9b:63:c2:58:22,2258c2639b5b0201021816aafe40184f6631e89713c3da1bdeaa5a0d248a166e7bcb,-21579.0,70981.0,-102645.0,73799.0,-114432.0,,0,0,0,0,0,1,1,0,ADV_IND,34,37,9,-1,0,-1,-1,6711,32,8,unknown,GOOGLE
2266.561000000001,5b:9b:63:c2:58:22,2258c2639b5b0201021816aafe40184f6631e89713c3da1bdeaa5a0d248a166e7bcb,-7121.0,85609.0,-129119.0,90179.0,-141344.0,,0,0,0,0,0,1,1,0,ADV_IND,34,37,14,-1,0,-1,-1,4247,32,8,unknown,GOOGLE
2266.8139999999985,ca:21:2d:99:11:b2,b211992d21ca1eff4c00121900a3ccedf134ff5bff4cc3291a9f623c94526960f00bb00000,-5252.0,83382.0,-87736.0,59048.0,-114467.0,,0,0,0,0,0,1,1,2,ADV_NONCONN_IND,37,37,1,-1,0,-1,-1,5826,32,8,unknown,APPLE
2267.300000000003,7e:08:b7:e4:57:cd,cd57e4b7087e0201021816aafe40f55527dd9da3632ec86a2ac2c34ca3ee286eda64,-23794.0,99329.0,-103781.0,104542.0,-144932.0,,0,0,0,0,0,1,1,0,ADV_IND,34,37,13,-1,0,-1,-1,3770,32,8,unknown,GOOGLE
2267.300000000003,5b:9b:63:c2:58:22,2258c2639b5b0201021816aafe40184f6631e89713c3da1bdeaa5a0d248a166e7bcb,-16467.0,88152.0,-104823.0,46693.0,-128137.0,,0,0,0,0,0,1,1,0,ADV_IND,34,37,1,-1,0,-1,-1,4464,32,8,unknown,GOOGLE
2268.2880000000005,7e:08:b7:e4:57:cd,cd57e4b7087e0201021816aafe40f55527dd9da3632ec86a2ac2c34ca3ee286eda64,-30197.0,109238.0,-110590.0,91187.0,-158453.0,,0,0,0,0,0,1,1,0,ADV_IND,34,37,8,-1,0,-1,-1,6714,32,8,unknown,GOOGLE
2268.2880000000005,5b:9b:63:c2:58:22,2258c2639b5b0201021816aafe40184f6631e89713c3da1bdeaa5a0d248a166e7bcb,-15695.0,83679.0,-99270.0,54621.0,-117641.0,,0,0,0,0,0,1,1,0,ADV_IND,34,37,15,-1,0,-1,-1,6657,32,8,unknown,GOOGLE
2269.327000000005,5b:9b:63:c2:58:22,2258c2639b5b0201021816aafe40184f6631e89713c3da1bdeaa5a0d248a166e7bcb,-10090.0,97560.0,-115632.0,41252.0,-136948.0,,0,0,0,0,0,1,1,0,ADV_IND,34,37,6,-1,0,-1,-1,5161,32,8,unknown,GOOGLE
2270.069000000003,7e:08:b7:e4:57:cd,cd57e4b7087e0201021816aafe40f55527dd9da3632ec86a2ac2c34ca3ee286eda64,-17059.0,73974.0,-102678.0,77669.0,-151946.0,,0,0,0,0,0,1,1,0,ADV_IND,34,37,2,-1,0,-1,-1,1656,32,8,unknown,GOOGLE
2270.805000000008,7e:08:b7:e4:57:cd,cd57e4b7087e0201021816aafe40f55527dd9da3632ec86a2ac2c34ca3ee286eda64,-25809.0,99427.0,-131609.0,90511.0,-166145.0,,0,0,0,0,0,1,1,0,ADV_IND,34,37,15,-1,0,-1,-1,3918,32,8,unknown,GOOGLE
2271.827000000005,5b:9b:63:c2:58:22,2258c2639b5b0201021816aafe40184f6631e89713c3da1bdeaa5a0d248a166e7bcb,-18325.0,83107.0,-113863.0,58390.0,-130690.0,,0,0,0,0,0,1,1,0,ADV_IND,34,37,2,-1,0,-1,-1,3936,32,8,unknown,GOOGLE
2272.0639999999985,ca:21:2d:99:11:b2,b211992d21ca1eff4c00121900a3ccedf134ff5bff4cc3291a9f623c94526960f00bb00000,-20154.0,71357.0,-91326.0,94766.0,-146731.0,,0,0,0,0,0,1,1,2,ADV_NONCONN_IND,37,37,15,-1,0,-1,-1,1758,32,8,unknown,APPLE
2274.828999999998,ca:21:2d:99:11:b2,b211992d21ca1eff4c00121900a3ccedf134ff5bff4cc3291a9f623c94526960f00bb00000,-8846.0,48339.0,-71420.0,92626.0,-124970.0,,0,0,0,0,0,1,1,2,ADV_NONCONN_IND,37,37,15,-1,0,-1,-1,1814,32,8,unknown,APPLE
2274.828999999998,5b:9b:63:c2:58:22,2258c2639b5b0201021816aafe40184f6631e89713c3da1bdeaa5a0d248a166e7bcb,-16879.0,94529.0,-114970.0,56451.0,-134127.0,,0,0,0,0,0,1,1,0,ADV_IND,34,37,6,-1,0,-1,-1,4882,32,8,unknown,GOOGLE
2276.297000000006,7e:08:b7:e4:57:cd,cd57e4b7087e0201021816aafe40f55527dd9da3632ec86a2ac2c34ca3ee286eda64,-34526.0,70532.0,-92412.0,98726.0,-157479.0,,0,0,0,0,0,1,1,0,ADV_IND,34,37,8,-1,0,-1,-1,5397,32,7,unknown,GOOGLE
2278.649000000005,5b:9b:63:c2:58:22,2258c2639b5b0201021816aafe40184f6631e89713c3da1bdeaa5a0d248a166e7bcb,-25167.0,114867.0,-146806.0,93703.0,-146864.0,,0,0,0,0,0,1,1,0,ADV_IND,34,37,11,-1,0,-1,-1,7218,31,8,unknown,GOOGLE
2278.649000000005,ca:21:2d:99:11:b2,b211992d21ca1eff4c00121900a3ccedf134ff5bff4cc3291a9f623c94526960f00bb00000,-24205.0,67681.0,-75530.0,86770.0,-142687.0,,0,0,0,0,0,1,1,2,ADV_NONCONN_IND,37,37,5,-1,0,-1,-1,4507,32,8,unknown,APPLE
2279.745999999999,e6:56:c1:77:2d:dd,dd2d77c156e61eff4c001219005532d18d601c7a20ffc74830ba92758b70d8ff9d159a0100,-48601.0,101026.0,-96997.0,74873.0,-162174.0,,0,0,0,0,0,1,1,2,ADV_NONCONN_IND,37,37,15,-1,0,-1,-1,6198,31,7,unknown,APPLE
2280.2630000000063,7e:08:b7:e4:57:cd,cd57e4b7087e0201021816aafe40f55527dd9da3632ec86a2ac2c34ca3ee286eda64,-27586.0,83948.0,-115187.0,90461.0,-149127.0,,0,0,0,0,0,1,1,0,ADV_IND,34,37,9,-1,0,-1,-1,3419,31,7,unknown,GOOGLE
2280.6699999999983,5b:9b:63:c2:58:22,2258c2639b5b0201021816aafe40184f6631e89713c3da1bdeaa5a0d248a166e7bcb,-17908.0,84142.0,-104916.0,60616.0,-129397.0,,0,0,0,0,0,1,1,0,ADV_IND,34,37,9,-1,0,-1,-1,3242,32,8,unknown,GOOGLE
2282.6530000000057,5b:9b:63:c2:58:22,2258c2639b5b0201021816aafe40184f6631e89713c3da1bdeaa5a0d248a166e7bcb,-24274.0,96195.0,-121678.0,80433.0,-135170.0,,0,0,0,0,0,1,1,0,ADV_IND,34,37,11,-1,0,-1,-1,5083,29,7,unknown,GOOGLE
2283.945000000007,e6:56:c1:77:2d:dd,dd2d77c156e61eff4c001219005532d18d601c7a20ffc74830ba92758b70d8ff9d159a0100,352.0,90911.0,-100327.0,79459.0,-169496.0,,0,0,0,0,0,1,1,2,ADV_NONCONN_IND,37,37,1,-1,0,-1,-1,4752,30,8,unknown,APPLE
2297.623000000007,5b:9b:63:c2:58:22,2258c2639b5b0201021816aafe40184f6631e89713c3da1bdeaa5a0d248a166e7bcb,-20407.0,90576.0,-98866.0,60126.0,-139532.0,,0,0,0,0,0,1,1,0,ADV_IND,34,37,2,-1,0,-1,-1,7797,32,8,unknown,GOOGLE
2297.623000000007,ca:21:2d:99:11:b2,b211992d21ca1eff4c00121900a3ccedf134ff5bff4cc3291a9f623c94526960f00bb00000,-41311.0,75317.0,-87084.0,109998.0,-120322.0,,0,0,0,0,0,1,1,2,ADV_NONCONN_IND,37,37,3,-1,0,-1,-1,5239,32,8,unknown,APPLE
2298.6240000000107,5b:9b:63:c2:58:22,2258c2639b5b0201021816aafe40184f6631e89713c3da1bdeaa5a0d248a166e7bcb,-13551.0,104350.0,-97505.0,32698.0,-145486.0,,0,0,0,0,0,1,1,0,ADV_IND,34,37,8,-1,0,-1,-1,2891,32,7,unknown,GOOGLE
2298.6240000000107,ca:21:2d:99:11:b2,b211992d21ca1eff4c00121900a3ccedf134ff5bff4cc3291a9f623c94526960f00bb00000,-14608.0,69823.0,-87696.0,84082.0,-139118.0,,0,0,0,0,0,1,1,2,ADV_NONCONN_IND,37,37,9,-1,0,-1,-1,3905,32,8,unknown,APPLE
2299.646000000008,5b:9b:63:c2:58:22,2258c2639b5b0201021816aafe40184f6631e89713c3da1bdeaa5a0d248a166e7bcb,-9649.0,69504.0,-105190.0,66027.0,-123582.0,,0,0,0,0,0,1,1,0,ADV_IND,34,37,3,-1,0,-1,-1,2863,32,8,unknown,GOOGLE
2299.646000000008,7e:08:b7:e4:57:cd,cd57e4b7087e0201021816aafe40f55527dd9da3632ec86a2ac2c34ca3ee286eda64,-14213.0,86453.0,-110720.0,94369.0,-162344.0,,0,0,0,0,0,1,1,0,ADV_IND,34,37,6,-1,0,-1,-1,7807,32,7,unknown,GOOGLE
2300.9100000000035,5b:9b:63:c2:58:22,2258c2639b5b0201021816aafe40184f6631e89713c3da1bdeaa5a0d248a166e7bcb,-29011.0,100985.0,-107557.0,93318.0,-142322.0,,0,0,0,0,0,1,1,0,ADV_IND,34,37,5,-1,0,-1,-1,1242,32,8,unknown,GOOGLE
2301.652000000002,7e:08:b7:e4:57:cd,cd57e4b7087e0201021816aafe40f55527dd9da3632ec86a2ac2c34ca3ee286eda64,-23213.0,87270.0,-92392.0,97912.0,-152987.0,,0,0,0,0,0,1,1,0,ADV_IND,34,37,8,-1,0,-1,-1,3118,32,8,unknown,GOOGLE
2301.892000000007,ca:21:2d:99:11:b2,b211992d21ca1eff4c00121900a3ccedf134ff5bff4cc3291a9f623c94526960f00bb00000,-24968.0,86706.0,-86978.0,92288.0,-113089.0,,0,0,0,0,0,1,1,2,ADV_NONCONN_IND,37,37,3,-1,0,-1,-1,3806,32,8,unknown,APPLE
2302.691000000006,5b:9b:63:c2:58:22,2258c2639b5b0201021816aafe40184f6631e89713c3da1bdeaa5a0d248a166e7bcb,-9925.0,87365.0,-125740.0,74789.0,-140662.0,,0,0,0,0,0,1,1,0,ADV_IND,34,37,13,-1,0,-1,-1,4636,32,8,unknown,GOOGLE
2303.659,e6:56:c1:77:2d:dd,dd2d77c156e61eff4c001219005532d18d601c7a20ffc74830ba92758b70d8ff9d159a0100,-25735.0,75568.0,-87954.0,72273.0,-146598.0,,0,0,0,0,0,1,1,2,ADV_NONCONN_IND,37,37,15,-1,0,-1,-1,2671,32,8,unknown,APPLE
2306.7920000000013,ca:21:2d:99:11:b2,b211992d21ca1eff4c00121900a3ccedf134ff5bff4cc3291a9f623c94526960f00bb00000,-1603.0,65382.0,-80987.0,79716.0,-124666.0,,0,0,0,0,0,1,1,2,ADV_NONCONN_IND,37,37,4,-1,0,-1,-1,3971,32,8,unknown,APPLE
2309.050000000003,7e:08:b7:e4:57:cd,cd57e4b7087e0201021816aafe40f55527dd9da3632ec86a2ac2c34ca3ee286eda64,-15466.0,79223.0,-101745.0,82217.0,-142182.0,,0,0,0,0,0,1,1,0,ADV_IND,34,37,15,-1,0,-1,-1,6755,32,8,unknown,GOOGLE
2309.050000000003,5b:9b:63:c2:58:22,2258c2639b5b0201021816aafe40184f6631e89713c3da1bdeaa5a0d248a166e7bcb,-14203.0,109735.0,-134639.0,90397.0,-145635.0,,0,0,0,0,0,1,1,0,ADV_IND,34,37,12,-1,0,-1,-1,5118,32,8,unknown,GOOGLE
2312.92300000001,5b:9b:63:c2:58:22,2258c2639b5b0201021816aafe40184f6631e89713c3da1bdeaa5a0d248a166e7bcb,-35018.0,97611.0,-90311.0,79428.0,-145017.0,,0,0,0,0,0,1,1,0,ADV_IND,34,37,6,-1,0,-1,-1,3870,32,8,unknown,GOOGLE
2325.436000000001,5b:9b:63:c2:58:22,2258c2639b5b0201021816aafe40184f6631e89713c3da1bdeaa5a0d248a166e7bcb,-22212.0,78119.0,-110374.0,53706.0,-127488.0,,0,0,0,0,0,1,1,0,ADV_IND,34,37,15,-1,0,-1,-1,6265,32,8,unknown,GOOGLE
2326.197,7e:08:b7:e4:57:cd,cd57e4b7087e0201021816aafe40f55527dd9da3632ec86a2ac2c34ca3ee286eda64,-30285.0,104788.0,-124121.0,87758.0,-163543.0,,0,0,0,0,0,1,1,0,ADV_IND,34,37,12,-1,0,-1,-1,6981,32,8,unknown,GOOGLE
2326.946000000011,7e:08:b7:e4:57:cd,cd57e4b7087e0201021816aafe40f55527dd9da3632ec86a2ac2c34ca3ee286eda64,-32634.0,82556.0,-95287.0,102215.0,-156340.0,,0,0,0,0,0,1,1,0,ADV_IND,34,37,14,-1,0,-1,-1,8017,32,8,unknown,GOOGLE
2327.930000000008,e1:ad:6c:7d:98:6a,6a987d6cade10201060303aafe1516aafe00fcede5a7b1986e2be4ca5a0000070002ee,-10469.0,72264.0,-110641.0,73924.0,-124252.0,,0,0,0,0,0,1,1,2,ADV_NONCONN_IND,35,37,6,-1,0,-1,-1,7707,32,8,unknown,GOOGLE
2328.714000000007,ca:21:2d:99:11:b2,b211992d21ca1eff4c00121900a3ccedf134ff5bff4cc3291a9f623c94526960f00bb00000,-21223.0,104005.0,-98149.0,98661.0,-144986.0,,0,0,0,0,0,1,1,2,ADV_NONCONN_IND,37,37,7,-1,0,-1,-1,1675,32,7,unknown,APPLE
2328.714000000007,7e:08:b7:e4:57:cd,cd57e4b7087e0201021816aafe40f55527dd9da3632ec86a2ac2c34ca3ee286eda64,-17885.0,89785.0,-103185.0,100713.0,-162302.0,,0,0,0,0,0,1,1,0,ADV_IND,34,37,1,-1,0,-1,-1,4479,32,8,unknown,GOOGLE
2328.714000000007,5b:9b:63:c2:58:22,2258c2639b5b0201021816aafe40184f6631e89713c3da1bdeaa5a0d248a166e7bcb,-14011.0,83883.0,-134822.0,89525.0,-134984.0,,0,0,0,0,0,1,1,0,ADV_IND,34,37,1,-1,0,-1,-1,4564,32,8,unknown,GOOGLE
2329.75,5b:9b:63:c2:58:22,2258c2639b5b0201021816aafe40184f6631e89713c3da1bdeaa5a0d248a166e7bcb,-5239.0,64018.0,-106089.0,61592.0,-133891.0,,0,0,0,0,0,1,1,0,ADV_IND,34,37,3,-1,0,-1,-1,4349,32,7,unknown,GOOGLE
2330.5,5b:9b:63:c2:58:22,2258c2639b5b0201021816aafe40184f6631e89713c3da1bdeaa5a0d248a166e7bcb,-35634.0,87900.0,-85478.0,52066.0,-134185.0,,0,0,0,0,0,1,1,0,ADV_IND,34,37,5,-1,0,-1,-1,2317,32,8,unknown,GOOGLE
2332.2949999999983,f5:a8:ae:84:79:b6,b67984aea8f50201060303aafe1516aafe00fdede5a7b1986e2be4ca5a0000070002f2,-23523.0,81268.0,-84779.0,60457.0,-141073.0,,0,0,0,0,0,1,1,2,ADV_NONCONN_IND,35,37,11,-1,0,-1,-1,4042,32,8,unknown,GOOGLE
2332.2949999999983,f5:a8:ae:84:79:b6,b67984aea8f50201060303aafe1516aafe00fdede5a7b1986e2be4ca5a0000070002f2,-23455.0,85414.0,-109445.0,94929.0,-135001.0,,0,0,0,0,0,1,1,2,ADV_NONCONN_IND,35,37,1,-1,0,-1,-1,4897,32,8,unknown,GOOGLE
2332.2949999999983,f5:a8:ae:84:79:b6,b67984aea8f50201060303aafe1516aafe00fdede5a7b1986e2be4ca5a0000070002f2,-29018.0,74544.0,-104634.0,72289.0,-107393.0,,0,0,0,0,0,1,1,2,ADV_NONCONN_IND,35,37,0,-1,0,-1,-1,2060,32,8,unknown,GOOGLE
2332.550000000003,f5:a8:ae:84:79:b6,b67984aea8f50201060303aafe1516aafe00fdede5a7b1986e2be4ca5a0000070002f2,-26888.0,112227.0,-122276.0,78380.0,-139554.0,,0,0,0,0,0,1,1,2,ADV_NONCONN_IND,35,37,15,-1,0,-1,-1,3781,32,7,unknown,GOOGLE
2333.0420000000013,ca:21:2d:99:11:b2,b211992d21ca1eff4c00121900a3ccedf134ff5bff4cc3291a9f623c94526960f00bb00000,-24377.0,90602.0,-92864.0,90454.0,-153717.0,,0,0,0,0,0,1,1,2,ADV_NONCONN_IND,37,37,11,-1,0,-1,-1,3315,30,8,unknown,APPLE
2333.828999999998,5b:9b:63:c2:58:22,2258c2639b5b0201021816aafe40184f6631e89713c3da1bdeaa5a0d248a166e7bcb,-25509.0,67769.0,-107866.0,46438.0,-127427.0,,0,0,0,0,0,1,1,0,ADV_IND,34,37,9,-1,0,-1,-1,3454,32,8,unknown,GOOGLE
2335.5050000000047,5b:9b:63:c2:58:22,2258c2639b5b0201021816aafe40184f6631e89713c3da1bdeaa5a0d248a166e7bcb,-6693.0,87657.0,-121351.0,77985.0,-143709.0,,0,0,0,0,0,1,1,0,ADV_IND,34,37,10,-1,0,-1,-1,3303,32,8,unknown,GOOGLE
2335.968000000008,e6:56:c1:77:2d:dd,dd2d77c156e61eff4c001219005532d18d601c7a20ffc74830ba92758b70d8ff9d159a0100,-28222.0,87943.0,-89978.0,67776.0,-140546.0,,0,0,0,0,0,1,1,2,ADV_NONCONN_IND,37,37,4,-1,0,-1,-1,5828,32,8,unknown,APPLE
2336.9610000000102,ca:21:2d:99:11:b2,b211992d21ca1eff4c00121900a3ccedf134ff5bff4cc3291a9f623c94526960f00bb00000,-19783.0,71315.0,-89155.0,82209.0,-143405.0,,0,0,0,0,0,1,1,2,ADV_NONCONN_IND,37,37,7,-1,0,-1,-1,1586,32,8,unknown,APPLE
2337.944000000003,5b:9b:63:c2:58:22,2258c2639b5b0201021816aafe40184f6631e89713c3da1bdeaa5a0d248a166e7bcb,-25275.0,90174.0,-97646.0,44516.0,-129404.0,,0,0,0,0,0,1,1,0,ADV_IND,34,37,13,-1,0,-1,-1,4532,32,8,unknown,GOOGLE
2339.199000000008,ca:21:2d:99:11:b2,b211992d21ca1eff4c00121900a3ccedf134ff5bff4cc3291a9f623c94526960f00bb00000,-21444.0,69471.0,-91609.0,86538.0,-96960.0,,0,0,0,0,0,1,1,2,ADV_NONCONN_IND,37,37,5,-1,0,-1,-1,1958,32,8,unknown,APPLE
2339.685000000012,5b:9b:63:c2:58:22,2258c2639b5b0201021816aafe40184f6631e89713c3da1bdeaa5a0d248a166e7bcb,-17521.0,85398.0,-98604.0,25153.0,-153216.0,,0,0,0,0,0,1,1,0,ADV_IND,34,37,15,-1,0,-1,-1,5681,32,8,unknown,GOOGLE
2341.5070000000123,7e:08:b7:e4:57:cd,cd57e4b7087e0201021816aafe40f55527dd9da3632ec86a2ac2c34ca3ee286eda64,-26270.0,99987.0,-123956.0,96018.0,-152198.0,,0,0,0,0,0,1,1,0,ADV_IND,34,37,10,-1,0,-1,-1,6008,32,8,unknown,GOOGLE
2341.5070000000123,5b:9b:63:c2:58:22,2258c2639b5b0201021816aafe40184f6631e89713c3da1bdeaa5a0d248a166e7bcb,-25238.0,145697.0,-111394.0,90244.0,-151377.0,,0,0,0,0,0,1,1,0,ADV_IND,34,37,12,-1,0,-1,-1,7352,31,8,unknown,GOOGLE
2343.3669999999984,7e:08:b7:e4:57:cd,cd57e4b7087e0201021816aafe40f55527dd9da3632ec86a2ac2c34ca3ee286eda64,-11070.0,83514.0,-115278.0,97631.0,-142394.0,,0,0,0,0,0,1,1,0,ADV_IND,34,37,10,-1,0,-1,-1,6235,32,8,unknown,GOOGLE
2355.4600000000064,7e:08:b7:e4:57:cd,cd57e4b7087e0201021816aafe40f55527dd9da3632ec86a2ac2c34ca3ee286eda64,-21954.0,74888.0,-97550.0,89057.0,-147608.0,,0,0,0,0,0,1,1,0,ADV_IND,34,37,15,-1,0,-1,-1,6222,32,8,unknown,GOOGLE
2356.6810000000114,e6:56:c1:77:2d:dd,dd2d77c156e61eff4c001219005532d18d601c7a20ffc74830ba92758b70d8ff9d159a0100,-28555.0,57693.0,-86350.0,89860.0,-137065.0,,0,0,0,0,0,1,1,2,ADV_NONCONN_IND,37,37,0,-1,0,-1,-1,4580,32,7,unknown,APPLE
2357.19200000001,7e:08:b7:e4:57:cd,cd57e4b7087e0201021816aafe40f55527dd9da3632ec86a2ac2c34ca3ee286eda64,-29549.0,92119.0,-107818.0,92549.0,-166645.0,,0,0,0,0,0,1,1,0,ADV_IND,34,37,15,-1,0,-1,-1,2108,32,8,unknown,GOOGLE
2358.203999999998,5b:9b:63:c2:58:22,2258c2639b5b0201021816aafe40184f6631e89713c3da1bdeaa5a0d248a166e7bcb,-15578.0,98292.0,-131574.0,77183.0,-126490.0,,0,0,0,0,0,1,1,0,ADV_IND,34,37,12,-1,0,-1,-1,2444,32,8,unknown,GOOGLE
2359.269,5b:9b:63:c2:58:22,2258c2639b5b0201021816aafe40184f6631e89713c3da1bdeaa5a0d248a166e7bcb,-20480.0,82678.0,-115137.0,55682.0,-123401.0,,0,0,0,0,0,1,1,0,ADV_IND,34,37,11,-1,0,-1,-1,6819,32,8,unknown,GOOGLE
2359.269,e6:d2:92:fa:87:a5,a587fa92d2e60201060303aafe1516aafe00fcede5a7b1986e2be4ca5a0000070002f8,-17636.0,65566.0,-92493.0,76139.0,-121927.0,,0,0,0,0,0,1,1,2,ADV_NONCONN_IND,35,37,15,-1,0,-1,-1,3911,31,8,unknown,GOOGLE
2359.269,e6:d2:92:fa:87:a5,a587fa92d2e60201060303aafe1516aafe00fcede5a7b1986e2be4ca5a0000070002f8,-34377.0,66742.0,-95934.0,98103.0,-127226.0,,0,0,0,0,0,1,1,2,ADV_NONCONN_IND,35,37,3,-1,0,-1,-1,7945,32,8,unknown,GOOGLE
2359.5250000000087,e6:d2:92:fa:87:a5,a587fa92d2e60201060303aafe1516aafe00fcede5a7b1986e2be4ca5a0000070002f8,-11758.0,84941.0,-103751.0,79356.0,-128918.0,,0,0,0,0,0,1,1,2,ADV_NONCONN_IND,35,37,0,-1,0,-1,-1,2005,32,8,unknown,GOOGLE
2360.244000000006,5b:9b:63:c2:58:22,2258c2639b5b0201021816aafe40184f6631e89713c3da1bdeaa5a0d248a166e7bcb,-14574.0,74789.0,-110744.0,61015.0,-122549.0,,0,0,0,0,0,1,1,0,ADV_IND,34,37,10,-1,0,-1,-1,6017,32,8,unknown,GOOGLE
2361.0070000000123,7e:08:b7:e4:57:cd,cd57e4b7087e0201021816aafe40f55527dd9da3632ec86a2ac2c34ca3ee286eda64,-48159.0,61087.0,-90925.0,106583.0,-142665.0,,0,0,0,0,0,1,1,0,ADV_IND,34,37,2,-1,0,-1,-1,4380,32,8,unknown,GOOGLE
2361.0070000000123,c4:d0:44:61:d9:f6,f6d96144d0c40201060303aafe1516aafe00fcede5a7b1986e2be4ca5a0000070002f9,3792.0,70839.0,-104213.0,61531.0,-109407.0,,0,0,0,0,0,1,1,2,ADV_NONCONN_IND,35,37,11,-1,0,-1,-1,4983,32,7,unknown,GOOGLE
2361.0070000000123,5b:9b:63:c2:58:22,2258c2639b5b0201021816aafe40184f6631e89713c3da1bdeaa5a0d248a166e7bcb,-44674.0,81513.0,-91125.0,71300.0,-140764.0,,0,0,0,0,0,1,1,0,ADV_IND,34,37,9,-1,0,-1,-1,5528,32,8,unknown,GOOGLE
2361.2660000000037,e6:56:c1:77:2d:dd,dd2d77c156e61eff4c001219005532d18d601c7a20ffc74830ba92758b70d8ff9d159a0100,-17206.0,77836.0,-99700.0,89621.0,-155538.0,,0,0,0,0,0,1,1,2,ADV_NONCONN_IND,37,37,14,-1,0,-1,-1,2981,32,7,unknown,APPLE
2361.5310000000027,c4:d0:44:61:d9:f6,f6d96144d0c40201060303aafe1516aafe00fcede5a7b1986e2be4ca5a0000070002f9,-16718.0,75625.0,-91006.0,59711.0,-134646.0,,0,0,0,0,0,1,1,2,ADV_NONCONN_IND,35,37,12,-1,0,-1,-1,976,32,8,unknown,GOOGLE
2361.5310000000027,c4:d0:44:61:d9:f6,f6d96144d0c40201060303aafe1516aafe00fcede5a7b1986e2be4ca5a0000070002f9,-11869.0,89051.0,-105204.0,87696.0,-125224.0,,0,0,0,0,0,1,1,2,ADV_NONCONN_IND,35,37,1,-1,0,-1,-1,1536,32,8,unknown,GOOGLE
2362.044000000009,7e:08:b7:e4:57:cd,cd57e4b7087e0201021816aafe40f55527dd9da3632ec86a2ac2c34ca3ee286eda64,-17433.0,107990.0,-119479.0,99724.0,-165578.0,,0,0,0,0,0,1,1,0,ADV_IND,34,37,3,-1,0,-1,-1,1764,32,8,unknown,GOOGLE
2362.7750000000087,7e:08:b7:e4:57:cd,cd57e4b7087e0201021816aafe40f55527dd9da3632ec86a2ac2c34ca3ee286eda64,-19435.0,85621.0,-108587.0,94620.0,-155309.0,,0,0,0,0,0,1,1,0,ADV_IND,34,37,4,-1,0,-1,-1,5141,32,8,unknown,GOOGLE
2365.517000000007,ca:21:2d:99:11:b2,b211992d21ca1eff4c00121900a3ccedf134ff5bff4cc3291a9f623c94526960f00bb00000,-20435.0,83574.0,-98738.0,84326.0,-153125.0,,0,0,0,0,0,1,1,2,ADV_NONCONN_IND,37,37,1,-1,0,-1,-1,3443,32,8,unknown,APPLE
2365.8580000000075,e6:56:c1:77:2d:dd,dd2d77c156e61eff4c001219005532d18d601c7a20ffc74830ba92758b70d8ff9d159a0100,-27296.0,59739.0,-94046.0,92311.0,-133847.0,,0,0,0,0,0,1,1,2,ADV_NONCONN_IND,37,37,15,-1,0,-1,-1,3041,32,8,unknown,APPLE
2366.900999999998,ca:21:2d:99:11:b2,b211992d21ca1eff4c00121900a3ccedf134ff5bff4cc3291a9f623c94526960f00bb00000,-16553.0,62413.0,-84820.0,78735.0,-109841.0,,0,0,0,0,0,1,1,2,ADV_NONCONN_IND,37,37,3,-1,0,-1,-1,3522,32,8,unknown,APPLE
2368.047000000006,5b:9b:63:c2:58:22,2258c2639b5b0201021816aafe40184f6631e89713c3da1bdeaa5a0d248a166e7bcb,-20245.0,85988.0,-97916.0,68962.0,-142723.0,,0,0,0,0,0,1,1,0,ADV_IND,34,37,3,-1,0,-1,-1,1993,32,8,unknown,GOOGLE
2368.047000000006,e6:56:c1:77:2d:dd,dd2d77c156e61eff4c001219005532d18d601c7a20ffc74830ba92758b70d8ff9d159a0100,-29550.0,72830.0,-81891.0,67945.0,-136493.0,,0,0,0,0,0,1,1,2,ADV_NONCONN_IND,37,37,13,-1,0,-1,-1,4283,32,8,unknown,APPLE
2369.119000000006,ca:21:2d:99:11:b2,b211992d21ca1eff4c00121900a3ccedf134ff5bff4cc3291a9f623c94526960f00bb00000,-29633.0,67826.0,-89494.0,90006.0,-116094.0,,0,0,0,0,0,1,1,2,ADV_NONCONN_IND,37,37,9,-1,0,-1,-1,1503,31,8,unknown,APPLE
2369.5380000000005,7e:08:b7:e4:57:cd,cd57e4b7087e0201021816aafe40f55527dd9da3632ec86a2ac2c34ca3ee286eda64,-28300.0,88081.0,-96065.0,91923.0,-153640.0,,0,0,0,0,0,1,1,0,ADV_IND,34,37,10,-1,0,-1,-1,1182,32,8,unknown,GOOGLE
2372.101999999999,7e:08:b7:e4:57:cd,cd57e4b7087e0201021816aafe40f55527dd9da3632ec86a2ac2c34ca3ee286eda64,-12605.0,67680.0,-106811.0,88970.0,-122803.0,,0,0,0,0,0,1,1,0,ADV_IND,34,37,3,-1,0,-1,-1,4364,32,7,unknown,GOOGLE
2372.101999999999,e6:56:c1:77:2d:dd,dd2d77c156e61eff4c001219005532d18d601c7a20ffc74830ba92758b70d8ff9d159a0100,-37803.0,93509.0,-92926.0,90165.0,-162231.0,,0,0,0,0,0,1,1,2,ADV_NONCONN_IND,37,37,7,-1,0,-1,-1,1608,31,7,unknown,APPLE
2372.101999999999,5b:9b:63:c2:58:22,2258c2639b5b0201021816aafe40184f6631e89713c3da1bdeaa5a0d248a166e7bcb,-43518.0,83734.0,-86204.0,58017.0,-126166.0,,0,0,0,0,0,1,1,0,ADV_IND,34,37,2,-1,0,-1,-1,3136,32,8,unknown,GOOGLE
2373.5280000000057,ca:21:2d:99:11:b2,b211992d21ca1eff4c00121900a3ccedf134ff5bff4cc3291a9f623c94526960f00bb00000,-29438.0,81950.0,-96099.0,100632.0,-152566.0,,0,0,0,0,0,1,1,2,ADV_NONCONN_IND,37,37,15,-1,0,-1,-1,4635,30,8,unknown,APPLE
2374.0109999999986,7e:08:b7:e4:57:cd,cd57e4b7087e0201021816aafe40f55527dd9da3632ec86a2ac2c34ca3ee286eda64,-20217.0,83544.0,-106154.0,93732.0,-170411.0,,0,0,0,0,0,1,1,0,ADV_IND,34,37,14,-1,0,-1,-1,2082,32,8,unknown,GOOGLE
2374.0109999999986,5b:9b:63:c2:58:22,2258c2639b5b0201021816aafe40184f6631e89713c3da1bdeaa5a0d248a166e7bcb,-24228.0,81626.0,-114392.0,90552.0,-152949.0,,0,0,0,0,0,1,1,0,ADV_IND,34,37,7,-1,0,-1,-1,5369,32,8,unknown,GOOGLE
2375.029000000009,ca:21:2d:99:11:b2,b211992d21ca1eff4c00121900a3ccedf134ff5bff4cc3291a9f623c94526960f00bb00000,-17574.0,78497.0,-95770.0,92476.0,-113177.0,,0,0,0,0,0,1,1,2,ADV_NONCONN_IND,37,37,13,-1,0,-1,-1,4311,32,8,unknown,APPLE
2386.2850000000035,5b:9b:63:c2:58:22,2258c2639b5b0201021816aafe40184f6631e89713c3da1bdeaa5a0d248a166e7bcb,-5770.0,68129.0,-125044.0,79655.0,-131662.0,,0,0,0,0,0,1,1,0,ADV_IND,34,37,10,-1,0,-1,-1,3357,32,8,unknown,GOOGLE
2387.0829999999987,7e:08:b7:e4:57:cd,cd57e4b7087e0201021816aafe40f55527dd9da3632ec86a2ac2c34ca3ee286eda64,-16905.0,83455.0,-106059.0,67507.0,-133285.0,,0,0,0,0,0,1,1,0,ADV_IND,34,37,7,-1,0,-1,-1,6924,32,8,unknown,GOOGLE
2387.3410000000003,e6:56:c1:77:2d:dd,dd2d77c156e61eff4c001219005532d18d601c7a20ffc74830ba92758b70d8ff9d159a0100,-9933.0,75328.0,-86472.0,58159.0,-142161.0,,0,0,0,0,0,1,1,2,ADV_NONCONN_IND,37,37,1,-1,0,-1,-1,4966,32,7,unknown,APPLE
2388.368000000002,e6:56:c1:77:2d:dd,dd2d77c156e61eff4c001219005532d18d601c7a20ffc74830ba92758b70d8ff9d159a0100,-26064.0,96185.0,-98076.0,87056.0,-165644.0,,0,0,0,0,0,1,1,2,ADV_NONCONN_IND,37,37,8,-1,0,-1,-1,3989,31,7,unknown,APPLE
2389.643000000011,5b:9b:63:c2:58:22,2258c2639b5b0201021816aafe40184f6631e89713c3da1bdeaa5a0d248a166e7bcb,-36543.0,99605.0,-127255.0,93964.0,-136730.0,,0,0,0,0,0,1,1,0,ADV_IND,34,37,2,-1,0,-1,-1,1207,30,7,unknown,GOOGLE
2390.4070000000065,5b:9b:63:c2:58:22,2258c2639b5b0201021816aafe40184f6631e89713c3da1bdeaa5a0d248a166e7bcb,-27761.0,68749.0,-94604.0,52237.0,-137097.0,,0,0,0,0,0,1,1,0,ADV_IND,34,37,13,-1,0,-1,-1,1764,32,8,unknown,GOOGLE
2391.161000000008,e6:56:c1:77:2d:dd,dd2d77c156e61eff4c001219005532d18d601c7a20ffc74830ba92758b70d8ff9d159a0100,-34404.0,73501.0,-82300.0,70650.0,-155743.0,,0,0,0,0,0,1,1,2,ADV_NONCONN_IND,37,37,1,-1,0,-1,-1,3511,31,8,unknown,APPLE
2391.9310000000114,e6:56:c1:77:2d:dd,dd2d77c156e61eff4c001219005532d18d601c7a20ffc74830ba92758b70d8ff9d159a0100,-2968.0,68568.0,-90907.0,62277.0,-140765.0,,0,0,0,0,0,1,1,2,ADV_NONCONN_IND,37,37,11,-1,0,-1,-1,5689,32,7,unknown,APPLE
2392.6830000000045,7e:08:b7:e4:57:cd,cd57e4b7087e0201021816aafe40f55527dd9da3632ec86a2ac2c34ca3ee286eda64,-22106.0,77340.0,-97638.0,93515.0,-150017.0,,0,0,0,0,0,1,1,0,ADV_IND,34,37,5,-1,0,-1,-1,7372,32,8,unknown,GOOGLE
2393.9260000000068,7e:08:b7:e4:57:cd,cd57e4b7087e0201021816aafe40f55527dd9da3632ec86a2ac2c34ca3ee286eda64,-10604.0,114483.0,-115139.0,92543.0,-169322.0,,0,0,0,0,0,1,1,0,ADV_IND,34,37,1,-1,0,-1,-1,6954,32,8,unknown,GOOGLE
2393.9260000000068,e6:56:c1:77:2d:dd,dd2d77c156e61eff4c001219005532d18d601c7a20ffc74830ba92758b70d8ff9d159a0100,-24772.0,70927.0,-80393.0,66433.0,-138473.0,,0,0,0,0,0,1,1,2,ADV_NONCONN_IND,37,37,1,-1,0,-1,-1,7833,31,8,unknown,APPLE
2394.9429999999998,e6:56:c1:77:2d:dd,dd2d77c156e61eff4c001219005532d18d601c7a20ffc74830ba92758b70d8ff9d159a0100,-19712.0,61153.0,-79822.0,95061.0,-134851.0,,0,0,0,0,0,1,1,2,ADV_NONCONN_IND,37,37,5,-1,0,-1,-1,1412,32,8,unknown,APPLE
2395.2130000000034,5b:9b:63:c2:58:22,2258c2639b5b0201021816aafe40184f6631e89713c3da1bdeaa5a0d248a166e7bcb,-33071.0,99971.0,-96198.0,48208.0,-127934.0,,0,0,0,0,0,1,1,0,ADV_IND,34,37,11,-1,0,-1,-1,1344,32,8,unknown,GOOGLE
2396.074000000008,7e:08:b7:e4:57:cd,cd57e4b7087e0201021816aafe40f55527dd9da3632ec86a2ac2c34ca3ee286eda64,-36012.0,80647.0,-96902.0,85488.0,-163685.0,,0,0,0,0,0,1,1,0,ADV_IND,34,37,0,-1,0,-1,-1,7917,32,8,unknown,GOOGLE
2396.074000000008,e6:56:c1:77:2d:dd,dd2d77c156e61eff4c001219005532d18d601c7a20ffc74830ba92758b70d8ff9d159a0100,-9566.0,85601.0,-97950.0,82031.0,-156353.0,,0,0,0,0,0,1,1,2,ADV_NONCONN_IND,37,37,2,-1,0,-1,-1,7902,32,8,unknown,APPLE
2396.877000000008,5b:9b:63:c2:58:22,2258c2639b5b0201021816aafe40184f6631e89713c3da1bdeaa5a0d248a166e7bcb,-31184.0,99772.0,-83336.0,50849.0,-149603.0,,0,0,0,0,0,1,1,0,ADV_IND,34,37,2,-1,0,-1,-1,5112,32,8,unknown,GOOGLE
2398.3310000000056,e6:56:c1:77:2d:dd,dd2d77c156e61eff4c001219005532d18d601c7a20ffc74830ba92758b70d8ff9d159a0100,-22510.0,90592.0,-90909.0,81251.0,-148176.0,,0,0,0,0,0,1,1,2,ADV_NONCONN_IND,37,37,7,-1,0,-1,-1,1876,32,8,unknown,APPLE
2400.5800000000017,5b:9b:63:c2:58:22,2258c2639b5b0201021816aafe40184f6631e89713c3da1bdeaa5a0d248a166e7bcb,-31131.0,91068.0,-82775.0,63157.0,-136694.0,,0,0,0,0,0,1,1,0,ADV_IND,34,37,11,-1,0,-1,-1,2986,31,8,unknown,GOOGLE
2402.2890000000043,e6:56:c1:77:2d:dd,dd2d77c156e61eff4c001219005532d18d601c7a20ffc74830ba92758b70d8ff9d159a0100,-14036.0,62896.0,-77815.0,78887.0,-129914.0,,0,0,0,0,0,1,1,2,ADV_NONCONN_IND,37,37,1,-1,0,-1,-1,5792,32,8,unknown,APPLE
2404.563000000009,5b:9b:63:c2:58:22,2258c2639b5b0201021816aafe40184f6631e89713c3da1bdeaa5a0d248a166e7bcb,-26364.0,95843.0,-111094.0,59862.0,-133848.0,,0,0,0,0,0,1,1,0,ADV_IND,34,37,1,-1,0,-1,-1,7956,32,8,unknown,GOOGLE
2417.659,7e:08:b7:e4:57:cd,cd57e4b7087e0201021816aafe40f55527dd9da3632ec86a2ac2c34ca3ee286eda64,-14677.0,93831.0,-108994.0,81484.0,-161031.0,,0,0,0,0,0,1,1,0,ADV_IND,34,37,11,-1,0,-1,-1,3010,32,8,unknown,GOOGLE
2418.1500000000087,ca:21:2d:99:11:b2,b211992d21ca1eff4c00121900a3ccedf134ff5bff4cc3291a9f623c94526960f00bb00000,-14203.0,88627.0,-116126.0,99147.0,-147356.0,,0,0,0,0,0,1,1,2,ADV_NONCONN_IND,37,37,4,-1,0,-1,-1,5730,30,7,unknown,APPLE
2419.680000000008,5b:9b:63:c2:58:22,2258c2639b5b0201021816aafe40184f6631e89713c3da1bdeaa5a0d248a166e7bcb,-41908.0,92728.0,-102882.0,79784.0,-146877.0,,0,0,0,0,0,1,1,0,ADV_IND,34,37,1,-1,0,-1,-1,2244,32,8,unknown,GOOGLE
2419.680000000008,7e:08:b7:e4:57:cd,cd57e4b7087e0201021816aafe40f55527dd9da3632ec86a2ac2c34ca3ee286eda64,-13328.0,77426.0,-104752.0,78097.0,-140524.0,,0,0,0,0,0,1,1,0,ADV_IND,34,37,15,-1,0,-1,-1,6370,31,8,unknown,GOOGLE
2421.5050000000047,5b:9b:63:c2:58:22,2258c2639b5b0201021816aafe40184f6631e89713c3da1bdeaa5a0d248a166e7bcb,-23678.0,100347.0,-135829.0,95948.0,-154545.0,,0,0,0,0,0,1,1,0,ADV_IND,34,37,0,-1,0,-1,-1,5605,32,8,unknown,GOOGLE
2424.313000000009,7e:08:b7:e4:57:cd,cd57e4b7087e0201021816aafe40f55527dd9da3632ec86a2ac2c34ca3ee286eda64,-39681.0,79809.0,-100290.0,93102.0,-160357.0,,0,0,0,0,0,1,1,0,ADV_IND,34,37,2,-1,0,-1,-1,8031,32,8,unknown,GOOGLE
2424.5510000000068,5b:9b:63:c2:58:22,2258c2639b5b0201021816aafe40184f6631e89713c3da1bdeaa5a0d248a166e7bcb,-27939.0,90118.0,-109157.0,37943.0,-145465.0,,0,0,0,0,0,1,1,0,ADV_IND,34,37,12,-1,0,-1,-1,3061,32,8,unknown,GOOGLE
2425.548999999999,7e:08:b7:e4:57:cd,cd57e4b7087e0201021816aafe40f55527dd9da3632ec86a2ac2c34ca3ee286eda64,-38012.0,80568.0,-87520.0,94136.0,-150874.0,,0,0,0,0,0,1,1,0,ADV_IND,34,37,4,-1,0,-1,-1,5678,32,8,unknown,GOOGLE
2425.81700000001,5b:9b:63:c2:58:22,2258c2639b5b0201021816aafe40184f6631e89713c3da1bdeaa5a0d248a166e7bcb,-39985.0,71647.0,-109304.0,60326.0,-127195.0,,0,0,0,0,0,1,1,0,ADV_IND,34,37,15,-1,0,-1,-1,4602,32,8,unknown,GOOGLE
2427.310000000012,5b:9b:63:c2:58:22,2258c2639b5b0201021816aafe40184f6631e89713c3da1bdeaa5a0d248a166e7bcb,-26579.0,104947.0,-105889.0,94925.0,-139889.0,,0,0,0,0,0,1,1,0,ADV_IND,34,37,12,-1,0,-1,-1,3053,32,8,unknown,GOOGLE
2429.1830000000045,5b:9b:63:c2:58:22,2258c2639b5b0201021816aafe40184f6631e89713c3da1bdeaa5a0d248a166e7bcb,-37567.0,71045.0,-93399.0,85612.0,-140048.0,,0,0,0,0,0,1,1,0,ADV_IND,34,37,9,-1,0,-1,-1,4365,32,8,unknown,GOOGLE
2430.570000000007,7e:08:b7:e4:57:cd,cd57e4b7087e0201021816aafe40f55527dd9da3632ec86a2ac2c34ca3ee286eda64,-13849.0,85299.0,-99179.0,100373.0,-168052.0,,0,0,0,0,0,1,1,0,ADV_IND,34,37,14,-1,0,-1,-1,5305,32,8,unknown,GOOGLE
2432.728000000003,7e:08:b7:e4:57:cd,cd57e4b7087e0201021816aafe40f55527dd9da3632ec86a2ac2c34ca3ee286eda64,-10533.0,74654.0,-95819.0,90731.0,-157482.0,,0,0,0,0,0,1,1,0,ADV_IND,34,37,5,-1,0,-1,-1,7846,32,8,unknown,GOOGLE
2433.923999999999,e6:56:c1:77:2d:dd,dd2d77c156e61eff4c001219005532d18d601c7a20ffc74830ba92758b70d8ff9d159a0100,-32479.0,93290.0,-102409.0,73312.0,-162534.0,,0,0,0,0,0,1,1,2,ADV_NONCONN_IND,37,37,12,-1,0,-1,-1,4868,32,7,unknown,APPLE
2434.9870000000083,5b:9b:63:c2:58:22,2258c2639b5b0201021816aafe40184f6631e89713c3da1bdeaa5a0d248a166e7bcb,-13434.0,77906.0,-101607.0,51614.0,-122583.0,,0,0,0,0,0,1,1,0,ADV_IND,34,37,5,-1,0,-1,-1,5148,32,8,unknown,GOOGLE
2447.430000000008,ca:21:2d:99:11:b2,b211992d21ca1eff4c00121900a3ccedf134ff5bff4cc3291a9f623c94526960f00bb00000,-21710.0,103435.0,-113531.0,88077.0,-143013.0,,0,0,0,0,0,1,1,2,ADV_NONCONN_IND,37,37,14,-1,0,-1,-1,2860,29,8,unknown,APPLE
2447.9530000000086,e6:56:c1:77:2d:dd,dd2d77c156e61eff4c001219005532d18d601c7a20ffc74830ba92758b70d8ff9d159a0100,-22115.0,87601.0,-85136.0,63359.0,-142235.0,,0,0,0,0,0,1,1,2,ADV_NONCONN_IND,37,37,10,-1,0,-1,-1,1437,30,8,unknown,APPLE
2448.965000000011,7e:08:b7:e4:57:cd,cd57e4b7087e0201021816aafe40f55527dd9da3632ec86a2ac2c34ca3ee286eda64,-16118.0,87179.0,-96239.0,73039.0,-157158.0,,0,0,0,0,0,1,1,0,ADV_IND,34,37,0,-1,0,-1,-1,1651,32,8,unknown,GOOGLE
2449.220000000001,5b:9b:63:c2:58:22,2258c2639b5b0201021816aafe40184f6631e89713c3da1bdeaa5a0d248a166e7bcb,-25891.0,68795.0,-115565.0,71310.0,-117178.0,,0,0,0,0,0,1,1,0,ADV_IND,34,37,0,-1,0,-1,-1,3588,31,8,unknown,GOOGLE
2450.238000000012,7e:08:b7:e4:57:cd,cd57e4b7087e0201021816aafe40f55527dd9da3632ec86a2ac2c34ca3ee286eda64,-35656.0,109464.0,-119593.0,87109.0,-170256.0,,0,0,0,0,0,1,1,0,ADV_IND,34,37,9,-1,0,-1,-1,989,32,8,unknown,GOOGLE
2451.0080000000016,7e:08:b7:e4:57:cd,cd57e4b7087e0201021816aafe40f55527dd9da3632ec86a2ac2c34ca3ee286eda64,-20315.0,93022.0,-108285.0,90473.0,-142465.0,,0,0,0,0,0,1,1,0,ADV_IND,34,37,11,-1,0,-1,-1,7688,32,8,unknown,GOOGLE
2451.4870000000083,7e:08:b7:e4:57:cd,cd57e4b7087e0201021816aafe40f55527dd9da3632ec86a2ac2c34ca3ee286eda64,-32500.0,95599.0,-105453.0,88063.0,-162197.0,,0,0,0,0,0,1,1,0,ADV_IND,34,37,11,-1,0,-1,-1,2209,32,8,unknown,GOOGLE
2451.7060000000056,e6:56:c1:77:2d:dd,dd2d77c156e61eff4c001219005532d18d601c7a20ffc74830ba92758b70d8ff9d159a0100,-22926.0,80647.0,-91247.0,84838.0,-161995.0,,0,0,0,0,0,1,1,2,ADV_NONCONN_IND,37,37,8,-1,0,-1,-1,1593,32,8,unknown,APPLE
2453.3859999999986,7e:08:b7:e4:57:cd,cd57e4b7087e0201021816aafe40f55527dd9da3632ec86a2ac2c34ca3ee286eda64,-33321.0,79701.0,-92982.0,106617.0,-152626.0,,0,0,0,0,0,1,1,0,ADV_IND,34,37,0,-1,0,-1,-1,5617,32,7,unknown,GOOGLE
2462.1090000000117,7e:08:b7:e4:57:cd,cd57e4b7087e0201021816aafe40f55527dd9da3632ec86a2ac2c34ca3ee286eda64,-16031.0,80608.0,-93066.0,93591.0,-156674.0,,0,0,0,0,0,1,1,0,ADV_IND,34,37,14,-1,0,-1,-1,2287,32,7,unknown,GOOGLE
2463.094000000012,7e:08:b7:e4:57:cd,cd57e4b7087e0201021816aafe40f55527dd9da3632ec86a2ac2c34ca3ee286eda64,-6607.0,86035.0,-104922.0,78105.0,-143781.0,,0,0,0,0,0,1,1,0,ADV_IND,34,37,9,-1,0,-1,-1,1396,32,8,unknown,GOOGLE
2463.784,5b:9b:63:c2:58:22,2258c2639b5b0201021816aafe40184f6631e89713c3da1bdeaa5a0d248a166e7bcb,-39022.0,71218.0,-87897.0,83447.0,-138698.0,,0,0,0,0,0,1,1,0,ADV_IND,34,37,10,-1,0,-1,-1,3322,31,8,unknown,GOOGLE
2465.899000000005,7e:08:b7:e4:57:cd,cd57e4b7087e0201021816aafe40f55527dd9da3632ec86a2ac2c34ca3ee286eda64,-39184.0,80970.0,-91717.0,95599.0,-149762.0,,0,0,0,0,0,1,1,0,ADV_IND,34,37,15,-1,0,-1,-1,6468,31,8,unknown,GOOGLE
2467.254000000001,7e:08:b7:e4:57:cd,cd57e4b7087e0201021816aafe40f55527dd9da3632ec86a2ac2c34ca3ee286eda64,-17196.0,78166.0,-91374.0,69575.0,-148817.0,,0,0,0,0,0,1,1,0,ADV_IND,34,37,15,-1,0,-1,-1,4385,32,8,unknown,GOOGLE
2478.5130000000063,7e:08:b7:e4:57:cd,cd57e4b7087e0201021816aafe40f55527dd9da3632ec86a2ac2c34ca3ee286eda64,-22590.0,80550.0,-104921.0,74966.0,-142166.0,,0,0,0,0,0,1,1,0,ADV_IND,34,37,7,-1,0,-1,-1,5637,32,8,unknown,GOOGLE
2479.0070000000123,7e:08:b7:e4:57:cd,cd57e4b7087e0201021816aafe40f55527dd9da3632ec86a2ac2c34ca3ee286eda64,-30245.0,94222.0,-100669.0,103583.0,-153437.0,,0,0,0,0,0,1,1,0,ADV_IND,34,37,13,-1,0,-1,-1,7715,32,8,unknown,GOOGLE
2479.2600000000093,c4:20:91:a6:39:12,1239a69120c41eff4c00121928086f6cfec76c2458b84f9a8f4bc5a49c334d773eaba101d8,-11430.0,91177.0,-105286.0,50628.0,-158056.0,,0,0,0,0,0,1,1,0,ADV_IND,37,37,10,-1,0,-1,-1,5177,32,8,unknown,APPLE
2480.7340000000117,7e:08:b7:e4:57:cd,cd57e4b7087e0201021816aafe40f55527dd9da3632ec86a2ac2c34ca3ee286eda64,-33488.0,104126.0,-92533.0,80077.0,-157786.0,,0,0,0,0,0,1,1,0,ADV_IND,34,37,10,-1,0,-1,-1,1588,30,7,unknown,GOOGLE
2488.198000000004,7e:08:b7:e4:57:cd,cd57e4b7087e0201021816aafe40f55527dd9da3632ec86a2ac2c34ca3ee286eda64,-22510.0,94037.0,-97266.0,69327.0,-143768.0,,0,0,0,0,0,1,1,0,ADV_IND,34,37,9,-1,0,-1,-1,2916,32,8,unknown,GOOGLE
2489.6530000000057,7e:08:b7:e4:57:cd,cd57e4b7087e0201021816aafe40f55527dd9da3632ec86a2ac2c34ca3ee286eda64,-39597.0,97826.0,-108172.0,94189.0,-165070.0,,0,0,0,0,0,1,1,0,ADV_IND,34,37,13,-1,0,-1,-1,3008,32,8,unknown,GOOGLE
2491.368000000002,7e:08:b7:e4:57:cd,cd57e4b7087e0201021816aafe40f55527dd9da3632ec86a2ac2c34ca3ee286eda64,-15972.0,66224.0,-91852.0,75817.0,-130757.0,,0,0,0,0,0,1,1,0,ADV_IND,34,37,10,-1,0,-1,-1,2898,32,7,unknown,GOOGLE
2495.7130000000034,7e:08:b7:e4:57:cd,cd57e4b7087e0201021816aafe40f55527dd9da3632ec86a2ac2c34ca3ee286eda64,-29592.0,108582.0,-119850.0,100162.0,-176744.0,,0,0,0,0,0,1,1,0,ADV_IND,34,37,11,-1,0,-1,-1,1168,32,7,unknown,GOOGLE
2511.625,7e:08:b7:e4:57:cd,cd57e4b7087e0201021816aafe40f55527dd9da3632ec86a2ac2c34ca3ee286eda64,-29451.0,90943.0,-100127.0,65721.0,-144823.0,,0,0,0,0,0,1,1,0,ADV_IND,34,37,9,-1,0,-1,-1,3501,32,8,unknown,GOOGLE
2518.2160000000003,7e:08:b7:e4:57:cd,cd57e4b7087e0201021816aafe40f55527dd9da3632ec86a2ac2c34ca3ee286eda64,-13175.0,73614.0,-98234.0,81924.0,-148577.0,,0,0,0,0,0,1,1,0,ADV_IND,34,37,5,-1,0,-1,-1,7917,32,8,unknown,GOOGLE
2524.134000000005,7e:08:b7:e4:57:cd,cd57e4b7087e0201021816aafe40f55527dd9da3632ec86a2ac2c34ca3ee286eda64,-3032.0,87248.0,-98957.0,80151.0,-149771.0,,0,0,0,0,0,1,1,0,ADV_IND,34,37,2,-1,0,-1,-1,3120,31,8,unknown,GOOGLE
2527.9830000000075,7e:08:b7:e4:57:cd,cd57e4b7087e0201021816aafe40f55527dd9da3632ec86a2ac2c34ca3ee286eda64,-33275.0,85136.0,-100963.0,71990.0,-143964.0,,0,0,0,0,0,1,1,0,ADV_IND,34,37,9,-1,0,-1,-1,5401,32,7,unknown,GOOGLE
2530.54800000001,7e:08:b7:e4:57:cd,cd57e4b7087e0201021816aafe40f55527dd9da3632ec86a2ac2c34ca3ee286eda64,-14668.0,83047.0,-106651.0,63221.0,-127407.0,,0,0,0,0,0,1,1,0,ADV_IND,34,37,13,-1,0,-1,-1,2075,32,7,unknown,GOOGLE
2542.207000000009,7e:08:b7:e4:57:cd,cd57e4b7087e0201021816aafe40f55527dd9da3632ec86a2ac2c34ca3ee286eda64,-16461.0,102460.0,-120867.0,100759.0,-169276.0,,0,0,0,0,0,1,1,0,ADV_IND,34,37,0,-1,0,-1,-1,7490,31,8,unknown,GOOGLE
2550.5520000000106,7e:08:b7:e4:57:cd,cd57e4b7087e0201021816aafe40f55527dd9da3632ec86a2ac2c34ca3ee286eda64,-27208.0,80855.0,-100606.0,77098.0,-149238.0,,0,0,0,0,0,1,1,0,ADV_IND,34,37,7,-1,0,-1,-1,4929,32,8,unknown,GOOGLE
2560.647000000012,7e:08:b7:e4:57:cd,cd57e4b7087e0201021816aafe40f55527dd9da3632ec86a2ac2c34ca3ee286eda64,-30641.0,88221.0,-94913.0,91746.0,-135852.0,,0,0,0,0,0,1,1,0,ADV_IND,34,37,8,-1,0,-1,-1,1584,31,7,unknown,GOOGLE
2573.8139999999985,7e:08:b7:e4:57:cd,cd57e4b7087e0201021816aafe40f55527dd9da3632ec86a2ac2c34ca3ee286eda64,-13481.0,124638.0,-141238.0,96430.0,-170385.0,,0,0,0,0,0,1,1,0,ADV_IND,34,37,5,-1,0,-1,-1,4650,29,8,unknown,GOOGLE
2581.2560000000085,7e:08:b7:e4:57:cd,cd57e4b7087e0201021816aafe40f55527dd9da3632ec86a2ac2c34ca3ee286eda64,-19794.0,105956.0,-111356.0,94912.0,-169471.0,,0,0,0,0,0,1,1,0,ADV_IND,34,37,0,-1,0,-1,-1,1176,32,8,unknown,GOOGLE
2582.965000000011,d2:1c:0d:a0:35:b9,b935a00d1cd21eff4c00121900d41ee4df9c455c20271b56fd42fd338479ff36785bf30000,-23006.0,74183.0,-104962.0,75861.0,-141043.0,,0,0,0,0,0,1,1,2,ADV_NONCONN_IND,37,37,7,-1,0,-1,-1,7381,32,8,unknown,APPLE
2583.7350000000006,53:db:4e:1f:73:f9,f9731f4edb530201021816aafe405bd088d1db24c9105c862c5c73d3112f749e7be1,-10290.0,94911.0,-103623.0,82537.0,-124124.0,,0,0,0,0,0,1,1,0,ADV_IND,34,37,2,-1,0,-1,-1,6015,32,8,unknown,GOOGLE
2584.2300000000105,7e:08:b7:e4:57:cd,cd57e4b7087e0201021816aafe40f55527dd9da3632ec86a2ac2c34ca3ee286eda64,-28148.0,68100.0,-103876.0,86988.0,-138300.0,,0,0,0,0,0,1,1,0,ADV_IND,34,37,11,-1,0,-1,-1,3679,32,8,unknown,GOOGLE
2585.481,d2:1c:0d:a0:35:b9,b935a00d1cd21eff4c00121900d41ee4df9c455c20271b56fd42fd338479ff36785bf30000,-14272.0,78176.0,-102304.0,82063.0,-143284.0,,0,0,0,0,0,1,1,2,ADV_NONCONN_IND,37,37,6,-1,0,-1,-1,1860,32,8,unknown,APPLE
2585.720000000001,7e:08:b7:e4:57:cd,cd57e4b7087e0201021816aafe40f55527dd9da3632ec86a2ac2c34ca3ee286eda64,-21762.0,98635.0,-93674.0,91610.0,-160863.0,,0,0,0,0,0,1,1,0,ADV_IND,34,37,12,-1,0,-1,-1,1428,32,8,unknown,GOOGLE
2587.009000000005,7e:08:b7:e4:57:cd,cd57e4b7087e0201021816aafe40f55527dd9da3632ec86a2ac2c34ca3ee286eda64,-8617.0,87577.0,-99768.0,80015.0,-161451.0,,0,0,0,0,0,1,1,0,ADV_IND,34,37,5,-1,0,-1,-1,3878,31,8,unknown,GOOGLE
2588.873000000007,7e:08:b7:e4:57:cd,cd57e4b7087e0201021816aafe40f55527dd9da3632ec86a2ac2c34ca3ee286eda64,-24456.0,104044.0,-118192.0,97036.0,-167919.0,,0,0,0,0,0,1,1,0,ADV_IND,34,37,11,-1,0,-1,-1,1073,30,7,unknown,GOOGLE
2608.853000000003,7e:08:b7:e4:57:cd,cd57e4b7087e0201021816aafe40f55527dd9da3632ec86a2ac2c34ca3ee286eda64,-95355.0,91455.0,-107751.0,81152.0,-145250.0,,0,0,0,0,0,1,1,0,ADV_IND,34,37,3,-1,0,-1,-1,7301,32,8,unknown,GOOGLE
2613.448000000004,7e:08:b7:e4:57:cd,cd57e4b7087e0201021816aafe40f55527dd9da3632ec86a2ac2c34ca3ee286eda64,-27051.0,94669.0,-103780.0,73883.0,-158611.0,,0,0,0,0,0,1,1,0,ADV_IND,34,37,11,-1,0,-1,-1,1437,32,8,unknown,GOOGLE
2617.043000000005,7e:08:b7:e4:57:cd,cd57e4b7087e0201021816aafe40f55527dd9da3632ec86a2ac2c34ca3ee286eda64,-34560.0,81094.0,-98591.0,86187.0,-136406.0,,0,0,0,0,0,1,1,0,ADV_IND,34,37,12,-1,0,-1,-1,1840,32,8,unknown,GOOGLE
2619.81700000001,7e:08:b7:e4:57:cd,cd57e4b7087e0201021816aafe40f55527dd9da3632ec86a2ac2c34ca3ee286eda64,-28837.0,83158.0,-87183.0,87278.0,-155445.0,,0,0,0,0,0,1,1,0,ADV_IND,34,37,11,-1,0,-1,-1,7588,32,8,unknown,GOOGLE
2634.6530000000057,7e:08:b7:e4:57:cd,cd57e4b7087e0201021816aafe40f55527dd9da3632ec86a2ac2c34ca3ee286eda64,-18906.0,77389.0,-104434.0,88211.0,-146299.0,,0,0,0,0,0,1,1,0,ADV_IND,34,37,10,-1,0,-1,-1,1557,32,8,unknown,GOOGLE
2635.148000000001,7e:08:b7:e4:57:cd,cd57e4b7087e0201021816aafe40f55527dd9da3632ec86a2ac2c34ca3ee286eda64,-18553.0,82169.0,-96856.0,79299.0,-139967.0,,0,0,0,0,0,1,1,0,ADV_IND,34,37,12,-1,0,-1,-1,1342,32,8,unknown,GOOGLE
2637.8060000000114,7e:08:b7:e4:57:cd,cd57e4b7087e0201021816aafe40f55527dd9da3632ec86a2ac2c34ca3ee286eda64,-16157.0,85110.0,-99304.0,94397.0,-160165.0,,0,0,0,0,0,1,1,0,ADV_IND,34,37,7,-1,0,-1,-1,1373,32,8,unknown,GOOGLE
2643.9530000000086,7e:08:b7:e4:57:cd,cd57e4b7087e0201021816aafe40f55527dd9da3632ec86a2ac2c34ca3ee286eda64,-21598.0,100148.0,-93303.0,93424.0,-152053.0,,0,0,0,0,0,1,1,0,ADV_IND,34,37,3,-1,0,-1,-1,2133,32,8,unknown,GOOGLE
2649.732000000004,7e:08:b7:e4:57:cd,cd57e4b7087e0201021816aafe40f55527dd9da3632ec86a2ac2c34ca3ee286eda64,-23737.0,90981.0,-93555.0,86365.0,-153979.0,,0,0,0,0,0,1,1,0,ADV_IND,34,37,9,-1,0,-1,-1,1395,32,7,unknown,GOOGLE
2654.201000000001,7e:08:b7:e4:57:cd,cd57e4b7087e0201021816aafe40f55527dd9da3632ec86a2ac2c34ca3ee286eda64,-14596.0,88872.0,-108136.0,86656.0,-155399.0,,0,0,0,0,0,1,1,0,ADV_IND,34,37,11,-1,0,-1,-1,1252,32,8,unknown,GOOGLE
2666.523000000001,7e:08:b7:e4:57:cd,cd57e4b7087e0201021816aafe40f55527dd9da3632ec86a2ac2c34ca3ee286eda64,-11976.0,98114.0,-116880.0,101889.0,-175508.0,,0,0,0,0,0,1,1,0,ADV_IND,34,37,14,-1,0,-1,-1,1948,32,8,unknown,GOOGLE
2668.002000000008,7e:08:b7:e4:57:cd,cd57e4b7087e0201021816aafe40f55527dd9da3632ec86a2ac2c34ca3ee286eda64,-15245.0,109104.0,-129366.0,100359.0,-167118.0,,0,0,0,0,0,1,1,0,ADV_IND,34,37,13,-1,0,-1,-1,5452,32,8,unknown,GOOGLE
2670.5250000000087,7e:08:b7:e4:57:cd,cd57e4b7087e0201021816aafe40f55527dd9da3632ec86a2ac2c34ca3ee286eda64,-5880.0,72052.0,-107524.0,102540.0,-136301.0,,0,0,0,0,0,1,1,0,ADV_IND,34,37,0,-1,0,-1,-1,4390,32,8,unknown,GOOGLE
2673.540000000008,7e:08:b7:e4:57:cd,cd57e4b7087e0201021816aafe40f55527dd9da3632ec86a2ac2c34ca3ee286eda64,2542.0,96338.0,-125377.0,103312.0,-163456.0,,0,0,0,0,0,1,1,0,ADV_IND,34,37,2,-1,0,-1,-1,6042,32,8,unknown,GOOGLE
2676.203999999998,7e:08:b7:e4:57:cd,cd57e4b7087e0201021816aafe40f55527dd9da3632ec86a2ac2c34ca3ee286eda64,-22397.0,104555.0,-117543.0,86485.0,-154795.0,,0,0,0,0,0,1,1,0,ADV_IND,34,37,1,-1,0,-1,-1,6033,32,8,unknown,GOOGLE
2678.2390000000014,7e:08:b7:e4:57:cd,cd57e4b7087e0201021816aafe40f55527dd9da3632ec86a2ac2c34ca3ee286eda64,-10481.0,92725.0,-109058.0,82748.0,-128145.0,,0,0,0,0,0,1,1,0,ADV_IND,34,37,6,-1,0,-1,-1,1095,32,8,unknown,GOOGLE
2680.3550000000105,7e:08:b7:e4:57:cd,cd57e4b7087e0201021816aafe40f55527dd9da3632ec86a2ac2c34ca3ee286eda64,-21557.0,70919.0,-92143.0,80951.0,-132746.0,,0,0,0,0,0,1,1,0,ADV_IND,34,37,4,-1,0,-1,-1,1684,30,8,unknown,GOOGLE
2684.3080000000045,7e:08:b7:e4:57:cd,cd57e4b7087e0201021816aafe40f55527dd9da3632ec86a2ac2c34ca3ee286eda64,-33996.0,76603.0,-113584.0,85032.0,-149533.0,,0,0,0,0,0,1,1,0,ADV_IND,34,37,7,-1,0,-1,-1,2249,32,8,unknown,GOOGLE
2697.904999999999,42:5a:41:3d:68:99,99683d415a420201021816aafe40f55527dd9da3632ec86a2ac2c34ca3ee286eda64,-3213.0,110621.0,-102164.0,92500.0,-153391.0,,0,0,0,0,0,1,1,0,ADV_IND,34,37,11,-1,0,-1,-1,2214,32,8,unknown,GOOGLE
2699.1399999999994,42:5a:41:3d:68:99,99683d415a420201021816aafe40f55527dd9da3632ec86a2ac2c34ca3ee286eda64,-18754.0,91563.0,-84807.0,98201.0,-139860.0,,0,0,0,0,0,1,1,0,ADV_IND,34,37,8,-1,0,-1,-1,2220,32,8,unknown,GOOGLE
2701.6500000000087,42:5a:41:3d:68:99,99683d415a420201021816aafe40f55527dd9da3632ec86a2ac2c34ca3ee286eda64,-10935.0,83135.0,-106105.0,91475.0,-126958.0,,0,0,0,0,0,1,1,0,ADV_IND,34,37,8,-1,0,-1,-1,4118,32,7,unknown,GOOGLE
2704.1090000000117,42:5a:41:3d:68:99,99683d415a420201021816aafe40f55527dd9da3632ec86a2ac2c34ca3ee286eda64,-13480.0,113035.0,-112728.0,98679.0,-171388.0,,0,0,0,0,0,1,1,0,ADV_IND,34,37,15,-1,0,-1,-1,3560,32,7,unknown,GOOGLE
2706.547000000006,42:5a:41:3d:68:99,99683d415a420201021816aafe40f55527dd9da3632ec86a2ac2c34ca3ee286eda64,-23092.0,109395.0,-104499.0,98964.0,-162637.0,,0,0,0,0,0,1,1,0,ADV_IND,34,37,9,-1,0,-1,-1,4688,32,8,unknown,GOOGLE
